( pcb2gcode 2.5.0 )
( Software-independent Gcode )

G94 ( Millimeters per minute feed rate. )
G21 ( Units == Millimeters. )

G90 ( Absolute coordinates. )
G00 S10000 ( RPM spindle speed. )
G01 F300.00000 ( Feedrate. )


G00 Z30.00000 (Retract to tool change height)
T1
M5      (Spindle stop.)
G04 P1.00000 (Wait for spindle to stop)
(MSG, Change tool bit to mill diameter 0.20000mm)
;M6      (Tool change.)
M0      (Temporary machine stop.)
M3 ( Spindle on clockwise. )
G04 P1.00000 (Wait for spindle to get up to speed)
G04 P0 ( dwell for no time -- G64 should not smooth over this point )
G00 Z5.00000 ( retract )

G00 X-3.44909 Y3.49901 ( rapid move to begin. )
G01 F150.00000
( Mill infeed pass 1/1 )
G01 Z-0.06000
G04 P0 ( dwell for no time -- G64 should not smooth over this point )
G01 F300.00000
G01 X-3.44909 Y3.49901
G01 X-2.95308 Y3.64501
G01 X-2.80499 Y3.64501
G01 X-2.79519 Y3.64549
G01 X-2.73664 Y3.65126
G01 X-2.72694 Y3.65271
G01 X-2.71742 Y3.65510
G01 X-2.66115 Y3.67216
G01 X-2.64304 Y3.67966
G01 X-2.59118 Y3.70739
G01 X-2.58274 Y3.71242
G01 X-2.57487 Y3.71829
G01 X-2.52940 Y3.75558
G01 X-2.52214 Y3.76218
G01 X-1.92214 Y4.36218
G01 X-1.91554 Y4.36944
G01 X-1.87825 Y4.41491
G01 X-1.87238 Y4.42278
G01 X-1.86735 Y4.43122
G01 X-1.83962 Y4.48308
G01 X-1.83212 Y4.50119
G01 X-1.81505 Y4.55746
G01 X-1.81267 Y4.56698
G01 X-1.81122 Y4.57668
G01 X-1.80545 Y4.63523
G01 X-1.80497 Y4.64501
G01 X-1.80497 Y6.44501
G01 X-1.80545 Y6.45481
G01 X-1.81122 Y6.51336
G01 X-1.81505 Y6.53258
G01 X-1.83212 Y6.58885
G01 X-1.83962 Y6.60696
G01 X-1.86735 Y6.65882
G01 X-1.87825 Y6.67513
G01 X-1.91554 Y6.72060
G01 X-1.92214 Y6.72786
G01 X-2.62171 Y7.42745
G01 X-2.20538 Y7.92245
G01 X-2.20319 Y7.92562
G01 X-2.19184 Y7.93947
G01 X-2.18259 Y7.95674
G01 X-2.17690 Y7.97551
G01 X-2.17500 Y7.99502
G01 X-2.17500 Y9.69501
G01 X-2.17690 Y9.71452
G01 X-2.18259 Y9.73329
G01 X-2.19184 Y9.75056
G01 X-2.19374 Y9.75290
G01 X-2.19616 Y9.75727
G01 X-2.72496 Y10.57454
G01 X-2.72496 Y10.71551
G01 X-2.19616 Y11.53278
G01 X-2.19418 Y11.53659
G01 X-2.19184 Y11.53946
G01 X-2.18259 Y11.55676
G01 X-2.17690 Y11.57550
G01 X-2.17500 Y11.59501
G01 X-2.17500 Y13.29500
G01 X-2.17690 Y13.31451
G01 X-2.18259 Y13.33328
G01 X-2.19184 Y13.35058
G01 X-2.20428 Y13.36572
G01 X-2.21942 Y13.37816
G01 X-2.23672 Y13.38741
G01 X-2.25549 Y13.39310
G01 X-2.27500 Y13.39500
G01 X-3.97499 Y13.39500
G01 X-3.99450 Y13.39310
G01 X-4.01325 Y13.38741
G01 X-4.03054 Y13.37816
G01 X-4.04571 Y13.36572
G01 X-4.05813 Y13.35058
G01 X-4.06737 Y13.33328
G01 X-4.07306 Y13.31451
G01 X-4.07499 Y13.29500
G01 X-4.07499 Y11.59501
G01 X-4.07306 Y11.57550
G01 X-4.06737 Y11.55676
G01 X-4.05813 Y11.53946
G01 X-4.05615 Y11.53705
G01 X-4.05381 Y11.53278
G01 X-3.52498 Y10.71551
G01 X-3.52496 Y10.57456
G01 X-4.05381 Y9.75729
G01 X-4.05635 Y9.75275
G01 X-4.05813 Y9.75056
G01 X-4.06737 Y9.73329
G01 X-4.07306 Y9.71452
G01 X-4.07499 Y9.69501
G01 X-4.07499 Y7.99502
G01 X-4.07347 Y7.97764
G01 X-4.06895 Y7.96080
G01 X-4.06158 Y7.94500
G01 X-4.05160 Y7.93073
G01 X-4.03926 Y7.91841
G01 X-4.02498 Y7.90840
G01 X-4.00918 Y7.90104
G01 X-3.99234 Y7.89654
G01 X-3.97499 Y7.89502
G01 X-3.94959 Y7.89502
G01 X-3.51833 Y7.29471
G01 X-3.51490 Y7.27747
G01 X-3.49783 Y7.22120
G01 X-3.49034 Y7.20309
G01 X-3.46260 Y7.15123
G01 X-3.45170 Y7.13492
G01 X-3.41442 Y7.08945
G01 X-3.40781 Y7.08219
G01 X-2.60499 Y6.27935
G01 X-2.60499 Y4.81072
G01 X-2.97068 Y4.44504
G01 X-3.11439 Y4.44501
G01 X-3.50832 Y4.59492
G01 X-3.55193 Y4.61824
G01 X-3.57004 Y4.62573
G01 X-3.58416 Y4.63002
G01 X-3.66854 Y4.65563
G01 X-3.67804 Y4.65801
G01 X-3.68777 Y4.65944
G01 X-3.79018 Y4.66952
G01 X-3.79999 Y4.67000
G01 X-4.24997 Y4.67000
G01 X-4.25978 Y4.66952
G01 X-4.36222 Y4.65944
G01 X-4.37192 Y4.65801
G01 X-4.38145 Y4.65563
G01 X-4.47639 Y4.62682
G01 X-4.49224 Y4.62626
G01 X-4.52211 Y4.62375
G01 X-4.62859 Y4.60953
G01 X-4.67024 Y4.60183
G01 X-4.72645 Y4.58860
G01 X-4.74809 Y4.57084
G01 X-4.76265 Y4.55766
G01 X-4.77583 Y4.54313
G01 X-4.84111 Y4.46358
G01 X-4.85279 Y4.44780
G01 X-4.86290 Y4.43096
G01 X-4.91142 Y4.34021
G01 X-4.92640 Y4.30399
G01 X-4.95630 Y4.20549
G01 X-4.96394 Y4.16703
G01 X-4.97403 Y4.06462
G01 X-4.97499 Y4.04501
G01 X-4.97403 Y4.02540
G01 X-4.96394 Y3.92299
G01 X-4.95630 Y3.88453
G01 X-4.92640 Y3.78606
G01 X-4.91142 Y3.74984
G01 X-4.86290 Y3.65906
G01 X-4.85279 Y3.64222
G01 X-4.84111 Y3.62647
G01 X-4.80535 Y3.58288
G01 X-4.87253 Y3.60432
G01 X-4.87583 Y3.60523
G01 X-4.90423 Y3.61219
G01 X-4.96016 Y3.62891
G01 X-4.97339 Y3.63284
G01 X-4.98840 Y3.61077
G01 X-4.99059 Y3.60760
G01 X-5.00997 Y3.59231
G01 X-4.99343 Y3.63947
G01 X-4.98116 Y3.63518
G01 X-4.97979 Y3.63478
G01 X-4.98840 Y3.61077
G01 X-4.99656 Y3.58761
G01 X-4.99059 Y3.60760
G01 X-4.98840 Y3.61077
G01 X-4.97339 Y3.63284
G01 X-4.96719 Y3.64204
G01 X-4.97339 Y3.63284
G01 X-4.96016 Y3.62891
G01 X-4.99961 Y3.70269
G01 X-5.02211 Y3.75703
G01 X-5.05198 Y3.85550
G01 X-5.06346 Y3.91318
G01 X-5.07354 Y4.01560
G01 X-5.07499 Y4.04501
G01 X-5.07354 Y4.07442
G01 X-5.06346 Y4.17684
G01 X-5.05198 Y4.23452
G01 X-5.02211 Y4.33300
G01 X-4.99961 Y4.38735
G01 X-4.95109 Y4.47811
G01 X-4.93595 Y4.50335
G01 X-4.91840 Y4.52700
G01 X-4.91297 Y4.53363
G01 X-4.83839 Y4.55911
G01 X-4.77944 Y4.57615
G01 X-4.72645 Y4.58860
G01 X-4.77944 Y4.57615
G01 X-4.83839 Y4.55911
G01 X-4.91297 Y4.53363
G01 X-4.95079 Y4.52073
G01 X-5.01360 Y4.49622
G01 X-5.01655 Y4.49360
G01 X-5.09107 Y4.42654
G01 X-5.11779 Y4.36203
G01 X-5.14769 Y4.26355
G01 X-5.16298 Y4.18664
G01 X-5.17306 Y4.08423
G01 X-5.17499 Y4.04501
G01 X-5.17306 Y4.00582
G01 X-5.16813 Y3.95586
G01 X-5.15388 Y3.91684
G01 X-5.15320 Y3.91478
G01 X-5.15020 Y3.90534
G01 X-5.13438 Y3.85984
G01 X-5.13006 Y3.84844
G01 X-5.07172 Y3.75733
G01 X-5.02810 Y3.69601
G01 X-4.97979 Y3.63478
G01 X-4.97339 Y3.63284
G01 X-4.96016 Y3.62891
G01 X-4.90423 Y3.61219
G01 X-4.87583 Y3.60523
G01 X-4.87253 Y3.60432
G01 X-4.80535 Y3.58288
G01 X-4.78340 Y3.57590
G01 X-4.77957 Y3.57450
G01 X-4.75648 Y3.56500
G01 X-4.73750 Y3.55769
G01 X-4.63641 Y3.52152
G01 X-4.60563 Y3.51214
G01 X-4.54528 Y3.49703
G01 X-4.49803 Y3.47178
G01 X-4.47992 Y3.46429
G01 X-4.38145 Y3.43439
G01 X-4.37192 Y3.43203
G01 X-4.36222 Y3.43058
G01 X-4.25978 Y3.42050
G01 X-4.24997 Y3.42002
G01 X-3.79999 Y3.42002
G01 X-3.79018 Y3.42050
G01 X-3.68777 Y3.43058
G01 X-3.66933 Y3.43417
G01 X-3.44909 Y3.49901
G01 X-3.28211 Y3.52307
G01 X-3.28213 Y3.52378
G01 X-3.28211 Y3.52307
G01 X-3.27667 Y3.52355
G01 X-3.27121 Y3.52345
G01 X-3.10144 Y3.51062
G01 X-3.09303 Y3.50925
G01 X-3.08498 Y3.50651
G01 X-3.07878 Y3.50376
G01 X-2.89415 Y3.42213
G01 X-2.88714 Y3.41834
G01 X-2.88648 Y3.41936
G01 X-2.88714 Y3.41834
G01 X-2.88081 Y3.41347
G01 X-2.80499 Y3.34501
G01 X-2.76578 Y3.34694
G01 X-2.70726 Y3.35271
G01 X-2.66842 Y3.35847
G01 X-2.63034 Y3.36800
G01 X-2.57406 Y3.38509
G01 X-2.50162 Y3.41509
G01 X-2.44975 Y3.44280
G01 X-2.41610 Y3.46300
G01 X-2.38455 Y3.48639
G01 X-2.33908 Y3.52368
G01 X-2.31000 Y3.55004
G01 X-1.71000 Y4.15004
G01 X-1.68364 Y4.17912
G01 X-1.64635 Y4.22459
G01 X-1.62295 Y4.25614
G01 X-1.60276 Y4.28979
G01 X-1.57505 Y4.34166
G01 X-1.54505 Y4.41410
G01 X-1.52796 Y4.47038
G01 X-1.51843 Y4.50846
G01 X-1.51267 Y4.54730
G01 X-1.50690 Y4.60582
G01 X-1.50497 Y4.64501
G01 X-1.60497 Y4.64501
G01 X-1.70497 Y4.64501
G01 X-1.80497 Y4.64501
G01 X-1.70497 Y4.64501
G01 X-1.60497 Y4.64501
G01 X-1.50497 Y4.64501
G01 X-1.50497 Y6.44501
G01 X-1.50690 Y6.48422
G01 X-1.51267 Y6.54274
G01 X-1.52796 Y6.61966
G01 X-1.54505 Y6.67594
G01 X-1.57505 Y6.74838
G01 X-1.60276 Y6.80025
G01 X-1.64632 Y6.86545
G01 X-1.68364 Y6.91089
G01 X-1.71000 Y6.93998
G01 X-2.21498 Y7.44498
G01 X-2.25013 Y7.44340
G01 X-2.21498 Y7.44498
G01 X-1.97579 Y7.72936
G01 X-1.96420 Y7.74622
G01 X-1.94241 Y7.77279
G01 X-1.90543 Y7.84193
G01 X-1.88267 Y7.91699
G01 X-1.87500 Y7.99502
G01 X-1.87500 Y9.69501
G01 X-1.88267 Y9.77304
G01 X-1.90543 Y9.84810
G01 X-1.91559 Y9.86710
G01 X-1.91681 Y9.87027
G01 X-1.93443 Y9.90235
G01 X-1.94241 Y9.91724
G01 X-1.94310 Y9.91810
G01 X-1.94429 Y9.92026
G01 X-2.41325 Y10.64502
G01 X-2.43235 Y10.64502
G01 X-2.41325 Y10.64502
G01 X-1.94429 Y11.36979
G01 X-1.94332 Y11.37164
G01 X-1.94241 Y11.37278
G01 X-1.90543 Y11.44195
G01 X-1.88267 Y11.51698
G01 X-1.87500 Y11.59501
G01 X-1.87500 Y13.29500
G01 X-1.88267 Y13.37306
G01 X-1.90543 Y13.44809
G01 X-1.94241 Y13.51723
G01 X-1.99214 Y13.57786
G01 X-2.05275 Y13.62759
G01 X-2.12191 Y13.66457
G01 X-2.19694 Y13.68733
G01 X-2.27500 Y13.69500
G01 X-3.97499 Y13.69500
G01 X-4.05302 Y13.68733
G01 X-4.12806 Y13.66457
G01 X-4.19722 Y13.62759
G01 X-4.25782 Y13.57786
G01 X-4.30758 Y13.51723
G01 X-4.34454 Y13.44809
G01 X-4.36730 Y13.37306
G01 X-4.37499 Y13.29500
G01 X-4.37499 Y12.82528
G01 X-4.36311 Y12.74517
G01 X-4.36280 Y12.74276
G01 X-4.35442 Y12.65782
G01 X-4.35424 Y12.65536
G01 X-4.34606 Y12.48876
G01 X-4.34599 Y12.48629
G01 X-4.34599 Y12.40377
G01 X-4.34571 Y12.40377
G01 X-4.34599 Y12.40377
G01 X-4.34606 Y12.40131
G01 X-4.35424 Y12.23468
G01 X-4.35442 Y12.23222
G01 X-4.36280 Y12.14728
G01 X-4.36311 Y12.14487
G01 X-4.37499 Y12.06476
G01 X-4.37499 Y11.59501
G01 X-4.36730 Y11.51698
G01 X-4.34454 Y11.44195
G01 X-4.33453 Y11.42320
G01 X-4.33357 Y11.42064
G01 X-4.31731 Y11.39100
G01 X-4.30758 Y11.37278
G01 X-4.30679 Y11.37184
G01 X-4.30568 Y11.36979
G01 X-3.83669 Y10.64502
G01 X-3.81759 Y10.64502
G01 X-3.83669 Y10.64502
G01 X-4.30568 Y9.92028
G01 X-4.30695 Y9.91802
G01 X-4.30758 Y9.91724
G01 X-4.31231 Y9.90837
G01 X-4.33126 Y9.87441
G01 X-4.33349 Y9.86875
G01 X-4.34454 Y9.84810
G01 X-4.36730 Y9.77304
G01 X-4.37499 Y9.69501
G01 X-4.37499 Y9.22529
G01 X-4.36311 Y9.14518
G01 X-4.36280 Y9.14277
G01 X-4.35442 Y9.05783
G01 X-4.35424 Y9.05536
G01 X-4.34606 Y8.88874
G01 X-4.34599 Y8.88628
G01 X-4.34599 Y8.80375
G01 X-4.34571 Y8.80375
G01 X-4.34599 Y8.80375
G01 X-4.34606 Y8.80129
G01 X-4.35424 Y8.63469
G01 X-4.35442 Y8.63223
G01 X-4.36280 Y8.54729
G01 X-4.36311 Y8.54487
G01 X-4.37499 Y8.46476
G01 X-4.37499 Y7.99502
G01 X-4.36890 Y7.92555
G01 X-4.35086 Y7.85821
G01 X-4.32140 Y7.79502
G01 X-4.28139 Y7.73789
G01 X-4.23209 Y7.68859
G01 X-4.17497 Y7.64858
G01 X-4.12534 Y7.62545
G01 X-4.12386 Y7.62705
G01 X-4.12534 Y7.62545
G01 X-3.79410 Y7.16438
G01 X-3.79359 Y7.16466
G01 X-3.79410 Y7.16438
G01 X-3.78490 Y7.13411
G01 X-3.75490 Y7.06167
G01 X-3.72719 Y7.00980
G01 X-3.68363 Y6.94460
G01 X-3.64632 Y6.89916
G01 X-3.61995 Y6.87007
G01 X-2.90499 Y6.15506
G01 X-2.89740 Y6.15821
G01 X-2.90499 Y6.15506
G01 X-2.90499 Y5.80327
G01 X-2.88688 Y5.73099
G01 X-2.88635 Y5.72862
G01 X-2.86984 Y5.64582
G01 X-2.86941 Y5.64338
G01 X-2.85414 Y5.54046
G01 X-2.85384 Y5.53802
G01 X-2.84622 Y5.46065
G01 X-2.84602 Y5.45819
G01 X-2.84556 Y5.45824
G01 X-2.84602 Y5.45819
G01 X-2.84096 Y5.35530
G01 X-2.84091 Y5.35283
G01 X-2.84091 Y5.27722
G01 X-2.84096 Y5.27475
G01 X-2.84602 Y5.17186
G01 X-2.84622 Y5.16939
G01 X-2.85384 Y5.09202
G01 X-2.85414 Y5.08959
G01 X-2.85386 Y5.08956
G01 X-2.85414 Y5.08959
G01 X-2.86941 Y4.98666
G01 X-2.86964 Y4.98519
G01 X-2.87853 Y4.93561
G01 X-2.88033 Y4.92847
G01 X-2.88320 Y4.92172
G01 X-2.88036 Y4.92045
G01 X-2.88320 Y4.92172
G01 X-2.88701 Y4.91542
G01 X-2.90624 Y4.88842
G01 X-2.90680 Y4.88763
G01 X-2.96877 Y4.80406
G01 X-2.97027 Y4.80213
G01 X-3.02003 Y4.74148
G01 X-3.02166 Y4.73960
G01 X-3.04619 Y4.71255
G01 X-3.04332 Y4.70833
G01 X-3.04619 Y4.71255
G01 X-3.05325 Y4.70610
G01 X-3.06141 Y4.70114
G01 X-3.07037 Y4.69782
G01 X-3.14947 Y4.67676
G01 X-3.15178 Y4.67623
G01 X-3.15676 Y4.67513
G01 X-3.07764 Y4.64501
G01 X-3.05351 Y4.64501
G01 X-3.04949 Y4.62931
G01 X-3.05351 Y4.64501
G01 X-2.80499 Y4.89355
G01 X-2.79737 Y4.89040
G01 X-2.80499 Y4.89355
G01 X-2.80499 Y6.19649
G01 X-2.79740 Y6.19964
G01 X-2.80499 Y6.19649
G01 X-3.54924 Y6.94076
G01 X-3.56900 Y6.96258
G01 X-3.60631 Y7.00805
G01 X-3.63900 Y7.05694
G01 X-3.66671 Y7.10881
G01 X-3.68922 Y7.16314
G01 X-3.70321 Y7.20927
G01 X-3.70266 Y7.20960
G01 X-3.70321 Y7.20927
G01 X-4.06222 Y7.70899
G01 X-4.05975 Y7.71206
G01 X-4.06222 Y7.70899
G01 X-4.07759 Y7.71310
G01 X-4.12498 Y7.73520
G01 X-4.16781 Y7.76520
G01 X-4.20479 Y7.80218
G01 X-4.23479 Y7.84500
G01 X-4.25688 Y7.89240
G01 X-4.27042 Y7.94292
G01 X-4.27499 Y7.99502
G01 X-4.27499 Y9.69501
G01 X-4.26923 Y9.75353
G01 X-4.25216 Y9.80982
G01 X-4.24195 Y9.82890
G01 X-4.24091 Y9.83156
G01 X-4.23204 Y9.84741
G01 X-4.22442 Y9.86169
G01 X-4.22341 Y9.86293
G01 X-4.22173 Y9.86595
G01 X-3.72496 Y10.63362
G01 X-3.72087 Y10.63240
G01 X-3.72496 Y10.63362
G01 X-3.72498 Y10.65643
G01 X-3.72087 Y10.65765
G01 X-3.72498 Y10.65643
G01 X-4.22173 Y11.42412
G01 X-4.22325 Y11.42691
G01 X-4.22442 Y11.42833
G01 X-4.23928 Y11.45612
G01 X-4.24263 Y11.46224
G01 X-4.24284 Y11.46278
G01 X-4.25216 Y11.48020
G01 X-4.26923 Y11.53649
G01 X-4.27499 Y11.59501
G01 X-4.27499 Y13.29500
G01 X-4.26923 Y13.35355
G01 X-4.25216 Y13.40981
G01 X-4.22442 Y13.46168
G01 X-4.18711 Y13.50715
G01 X-4.14167 Y13.54446
G01 X-4.08980 Y13.57217
G01 X-4.03352 Y13.58924
G01 X-3.97499 Y13.59500
G01 X-2.27500 Y13.59500
G01 X-2.21645 Y13.58924
G01 X-2.16019 Y13.57217
G01 X-2.10832 Y13.54446
G01 X-2.06286 Y13.50715
G01 X-2.02554 Y13.46168
G01 X-1.99783 Y13.40981
G01 X-1.98076 Y13.35355
G01 X-1.97500 Y13.29500
G01 X-1.97500 Y11.59501
G01 X-1.98076 Y11.53649
G01 X-1.99783 Y11.48020
G01 X-2.02554 Y11.42833
G01 X-2.02694 Y11.42663
G01 X-2.02824 Y11.42412
G01 X-2.52496 Y10.65645
G01 X-2.52907 Y10.65765
G01 X-2.52496 Y10.65645
G01 X-2.52496 Y10.63359
G01 X-2.52907 Y10.63240
G01 X-2.52496 Y10.63359
G01 X-2.02824 Y9.86593
G01 X-2.02666 Y9.86303
G01 X-2.02554 Y9.86169
G01 X-2.01302 Y9.83824
G01 X-2.00764 Y9.82844
G01 X-2.00726 Y9.82747
G01 X-1.99783 Y9.80982
G01 X-1.98076 Y9.75353
G01 X-1.97500 Y9.69501
G01 X-1.97500 Y7.99502
G01 X-1.98076 Y7.93649
G01 X-1.99783 Y7.88021
G01 X-2.02554 Y7.82834
G01 X-2.04386 Y7.80604
G01 X-2.05232 Y7.79372
G01 X-2.35054 Y7.43914
G01 X-2.38589 Y7.43759
G01 X-2.35054 Y7.43914
G01 X-1.78071 Y6.86929
G01 X-1.76095 Y6.84747
G01 X-1.72364 Y6.80200
G01 X-1.69095 Y6.75311
G01 X-1.66324 Y6.70124
G01 X-1.64073 Y6.64691
G01 X-1.62367 Y6.59062
G01 X-1.61219 Y6.53294
G01 X-1.60642 Y6.47442
G01 X-1.60497 Y6.44501
G01 X-1.60497 Y4.64501
G01 X-1.60642 Y4.61562
G01 X-1.61219 Y4.55710
G01 X-1.61650 Y4.52797
G01 X-1.62367 Y4.49942
G01 X-1.64073 Y4.44313
G01 X-1.66324 Y4.38880
G01 X-1.69098 Y4.33693
G01 X-1.70609 Y4.31169
G01 X-1.72364 Y4.28804
G01 X-1.76095 Y4.24257
G01 X-1.78071 Y4.22075
G01 X-2.38071 Y3.62075
G01 X-2.40253 Y3.60099
G01 X-2.44800 Y3.56368
G01 X-2.47164 Y3.54613
G01 X-2.49689 Y3.53102
G01 X-2.54876 Y3.50328
G01 X-2.60309 Y3.48078
G01 X-2.65938 Y3.46371
G01 X-2.68793 Y3.45654
G01 X-2.71706 Y3.45223
G01 X-2.77558 Y3.44646
G01 X-2.80499 Y3.44501
G01 X-2.92425 Y3.44501
G01 X-2.93725 Y3.44120
G01 X-3.07878 Y3.50376
G01 X-2.93867 Y3.54501
G01 X-2.93878 Y3.54567
G01 X-2.93867 Y3.54501
G01 X-2.80499 Y3.54501
G01 X-2.78539 Y3.54598
G01 X-2.72684 Y3.55174
G01 X-2.70743 Y3.55464
G01 X-2.68841 Y3.55939
G01 X-2.63212 Y3.57648
G01 X-2.59590 Y3.59147
G01 X-2.54403 Y3.61920
G01 X-2.52719 Y3.62929
G01 X-2.51142 Y3.64097
G01 X-2.46598 Y3.67829
G01 X-2.45143 Y3.69147
G01 X-1.85143 Y4.29147
G01 X-1.83824 Y4.30602
G01 X-1.80093 Y4.35146
G01 X-1.78925 Y4.36724
G01 X-1.77916 Y4.38408
G01 X-1.75143 Y4.43594
G01 X-1.73644 Y4.47216
G01 X-1.71935 Y4.52845
G01 X-1.71460 Y4.54747
G01 X-1.71170 Y4.56688
G01 X-1.70594 Y4.62543
G01 X-1.70497 Y4.64501
G01 X-1.70497 Y6.44501
G01 X-1.70594 Y6.46461
G01 X-1.71170 Y6.52314
G01 X-1.71935 Y6.56159
G01 X-1.73644 Y6.61788
G01 X-1.75143 Y6.65410
G01 X-1.77916 Y6.70597
G01 X-1.80093 Y6.73855
G01 X-1.83824 Y6.78402
G01 X-1.85143 Y6.79857
G01 X-2.48612 Y7.43329
G01 X-2.52161 Y7.43175
G01 X-2.48612 Y7.43329
G01 X-2.12885 Y7.85808
G01 X-2.12351 Y7.86583
G01 X-2.10870 Y7.88389
G01 X-2.09021 Y7.91849
G01 X-2.07883 Y7.95600
G01 X-2.07500 Y7.99502
G01 X-2.07500 Y9.69501
G01 X-2.07883 Y9.73403
G01 X-2.09021 Y9.77154
G01 X-2.10870 Y9.80614
G01 X-2.11020 Y9.80797
G01 X-2.11221 Y9.81160
G01 X-2.62496 Y10.60408
G01 X-2.62907 Y10.60286
G01 X-2.62496 Y10.60408
G01 X-2.62496 Y10.68597
G01 X-2.62907 Y10.68719
G01 X-2.62496 Y10.68597
G01 X-2.11221 Y11.47845
G01 X-2.11056 Y11.48162
G01 X-2.10870 Y11.48391
G01 X-2.09021 Y11.51848
G01 X-2.07883 Y11.55599
G01 X-2.07500 Y11.59501
G01 X-2.07500 Y13.29500
G01 X-2.07883 Y13.33402
G01 X-2.09021 Y13.37156
G01 X-2.10870 Y13.40613
G01 X-2.13357 Y13.43643
G01 X-2.16387 Y13.46130
G01 X-2.19844 Y13.47979
G01 X-2.23596 Y13.49117
G01 X-2.27500 Y13.49500
G01 X-3.97499 Y13.49500
G01 X-4.01401 Y13.49117
G01 X-4.05152 Y13.47979
G01 X-4.08609 Y13.46130
G01 X-4.11640 Y13.43643
G01 X-4.14129 Y13.40613
G01 X-4.15975 Y13.37156
G01 X-4.17113 Y13.33402
G01 X-4.17499 Y13.29500
G01 X-4.17499 Y11.59501
G01 X-4.17113 Y11.55599
G01 X-4.15975 Y11.51848
G01 X-4.14129 Y11.48391
G01 X-4.13969 Y11.48198
G01 X-4.13776 Y11.47845
G01 X-3.62498 Y10.68597
G01 X-3.62087 Y10.68719
G01 X-3.62498 Y10.68597
G01 X-3.62496 Y10.60408
G01 X-3.62087 Y10.60288
G01 X-3.62496 Y10.60408
G01 X-4.13776 Y9.81162
G01 X-4.13987 Y9.80784
G01 X-4.14129 Y9.80614
G01 X-4.15975 Y9.77154
G01 X-4.17113 Y9.73403
G01 X-4.17499 Y9.69501
G01 X-4.17499 Y7.99502
G01 X-4.17195 Y7.96029
G01 X-4.16293 Y7.92661
G01 X-4.14820 Y7.89502
G01 X-4.12818 Y7.86644
G01 X-4.10354 Y7.84180
G01 X-4.07499 Y7.82181
G01 X-4.04340 Y7.80708
G01 X-4.00972 Y7.79804
G01 X-4.00263 Y7.79743
G01 X-4.00032 Y7.80027
G01 X-4.00263 Y7.79743
G01 X-3.61150 Y7.25301
G01 X-3.61053 Y7.25351
G01 X-3.61150 Y7.25301
G01 X-3.61061 Y7.24846
G01 X-3.59351 Y7.19217
G01 X-3.57853 Y7.15595
G01 X-3.55079 Y7.10408
G01 X-3.52902 Y7.07150
G01 X-3.49171 Y7.02603
G01 X-3.47853 Y7.01148
G01 X-2.70499 Y6.23792
G01 X-2.69740 Y6.24107
G01 X-2.70499 Y6.23792
G01 X-2.70499 Y4.85212
G01 X-2.69737 Y4.84897
G01 X-2.70499 Y4.85212
G01 X-3.01208 Y4.54501
G01 X-3.00893 Y4.53742
G01 X-3.01208 Y4.54501
G01 X-3.09600 Y4.54501
G01 X-3.09631 Y4.54338
G01 X-3.09600 Y4.54501
G01 X-3.34680 Y4.64044
G01 X-3.34551 Y4.64064
G01 X-3.22808 Y4.65982
G01 X-3.22562 Y4.66030
G01 X-3.15676 Y4.67513
G01 X-3.22562 Y4.66030
G01 X-3.22808 Y4.65982
G01 X-3.34551 Y4.64064
G01 X-3.34680 Y4.64044
G01 X-3.34789 Y4.64031
G01 X-3.39874 Y4.63449
G01 X-3.40126 Y4.63427
G01 X-3.46638 Y4.63012
G01 X-3.46956 Y4.63002
G01 X-3.58416 Y4.63002
G01 X-3.66854 Y4.65563
G01 X-3.67804 Y4.65801
G01 X-3.68777 Y4.65944
G01 X-3.79018 Y4.66952
G01 X-3.79999 Y4.67000
G01 X-4.24997 Y4.67000
G01 X-4.25978 Y4.66952
G01 X-4.36222 Y4.65944
G01 X-4.37192 Y4.65801
G01 X-4.38145 Y4.65563
G01 X-4.47639 Y4.62682
G01 X-4.47992 Y4.62573
G01 X-4.49803 Y4.61824
G01 X-4.58881 Y4.56972
G01 X-4.60509 Y4.55883
G01 X-4.68465 Y4.49355
G01 X-4.69194 Y4.48695
G01 X-4.69851 Y4.47968
G01 X-4.76382 Y4.40013
G01 X-4.76966 Y4.39225
G01 X-4.77471 Y4.38382
G01 X-4.82323 Y4.29307
G01 X-4.83072 Y4.27496
G01 X-4.86059 Y4.17646
G01 X-4.86443 Y4.15723
G01 X-4.87451 Y4.05481
G01 X-4.87499 Y4.04501
G01 X-4.87451 Y4.03521
G01 X-4.86443 Y3.93279
G01 X-4.86059 Y3.91357
G01 X-4.83072 Y3.81506
G01 X-4.82323 Y3.79695
G01 X-4.77471 Y3.70620
G01 X-4.76966 Y3.69779
G01 X-4.76382 Y3.68989
G01 X-4.69851 Y3.61034
G01 X-4.69194 Y3.60308
G01 X-4.68465 Y3.59647
G01 X-4.60509 Y3.53119
G01 X-4.58881 Y3.52030
G01 X-4.54528 Y3.49703
G04 P0 ( dwell for no time -- G64 should not smooth over this point )
G00 Z5.00000 ( retract )

G00 X-7.52558 Y7.50292 ( rapid move to begin. )
G01 F150.00000
( Mill infeed pass 1/1 )
G01 Z-0.06000
G04 P0 ( dwell for no time -- G64 should not smooth over this point )
G01 F300.00000
G01 X-7.52558 Y7.50292
G01 X-7.51220 Y7.52804
G01 X-7.51111 Y7.53020
G01 X-7.48441 Y7.58666
G01 X-7.48388 Y7.58778
G01 X-7.46788 Y7.62390
G01 X-7.22807 Y7.92133
G01 X-7.22449 Y7.92638
G01 X-7.22398 Y7.92603
G01 X-7.22449 Y7.92638
G01 X-7.22157 Y7.93185
G01 X-7.18517 Y8.01109
G01 X-7.14166 Y8.09296
G01 X-7.14057 Y8.09514
G01 X-7.10697 Y8.16659
G01 X-7.10590 Y8.16883
G01 X-7.04230 Y8.32372
G01 X-7.04141 Y8.32603
G01 X-7.01675 Y8.39509
G01 X-7.01611 Y8.39748
G01 X-6.96813 Y8.55707
G01 X-6.96750 Y8.55943
G01 X-6.94977 Y8.63042
G01 X-6.94936 Y8.63283
G01 X-6.91713 Y8.79710
G01 X-6.91672 Y8.79954
G01 X-6.90534 Y8.87721
G01 X-6.90511 Y8.87965
G01 X-6.88891 Y9.04868
G01 X-6.88878 Y9.05031
G01 X-6.88507 Y9.10881
G01 X-6.88497 Y9.11196
G01 X-6.88497 Y9.11277
G01 X-6.88144 Y9.12694
G01 X-6.83305 Y9.28640
G01 X-6.82818 Y9.29821
G01 X-6.82376 Y9.31391
G01 X-6.36498 Y10.61358
G01 X-6.36359 Y10.61335
G01 X-6.36498 Y10.61358
G01 X-6.36496 Y10.67647
G01 X-6.36359 Y10.67670
G01 X-6.36496 Y10.67647
G01 X-6.82376 Y11.97614
G01 X-6.82706 Y11.98914
G01 X-6.83305 Y12.00362
G01 X-6.88144 Y12.16308
G01 X-6.88497 Y12.18094
G01 X-6.88497 Y12.70910
G01 X-6.88144 Y12.72696
G01 X-6.83305 Y12.88640
G01 X-6.81985 Y12.92338
G01 X-6.80306 Y12.95886
G01 X-6.72449 Y13.10580
G01 X-6.68093 Y13.17100
G01 X-6.57524 Y13.29981
G01 X-6.54888 Y13.32889
G01 X-6.51980 Y13.35525
G01 X-6.39099 Y13.46097
G01 X-6.32579 Y13.50453
G01 X-6.17883 Y13.58307
G01 X-6.10638 Y13.61309
G01 X-5.94692 Y13.66145
G01 X-5.90885 Y13.67100
G01 X-5.87001 Y13.67674
G01 X-5.70420 Y13.69310
G01 X-5.62579 Y13.69310
G01 X-5.45995 Y13.67674
G01 X-5.42112 Y13.67100
G01 X-5.38304 Y13.66145
G01 X-5.22358 Y13.61309
G01 X-5.15114 Y13.58307
G01 X-5.00420 Y13.50453
G01 X-4.93900 Y13.46097
G01 X-4.81020 Y13.35525
G01 X-4.78111 Y13.32889
G01 X-4.75475 Y13.29981
G01 X-4.64903 Y13.17100
G01 X-4.60547 Y13.10580
G01 X-4.52691 Y12.95886
G01 X-4.51015 Y12.92338
G01 X-4.49691 Y12.88640
G01 X-4.47390 Y12.81053
G01 X-4.46222 Y12.73173
G01 X-4.45406 Y12.64921
G01 X-4.44599 Y12.48505
G01 X-4.44599 Y12.40501
G01 X-4.45406 Y12.24083
G01 X-4.46222 Y12.15830
G01 X-4.47390 Y12.07949
G01 X-4.49691 Y12.00362
G01 X-4.50410 Y11.98355
G01 X-4.50618 Y11.97614
G01 X-4.96496 Y10.67652
G01 X-4.96638 Y10.67677
G01 X-4.96496 Y10.67652
G01 X-4.96496 Y10.61353
G01 X-4.96638 Y10.61327
G01 X-4.96496 Y10.61353
G01 X-4.50618 Y9.31391
G01 X-4.50283 Y9.30073
G01 X-4.49691 Y9.28640
G01 X-4.47390 Y9.21051
G01 X-4.46222 Y9.13174
G01 X-4.45406 Y9.04922
G01 X-4.44599 Y8.88503
G01 X-4.44599 Y8.80500
G01 X-4.45406 Y8.64084
G01 X-4.46222 Y8.55831
G01 X-4.47390 Y8.47950
G01 X-4.49691 Y8.40363
G01 X-4.51015 Y8.36667
G01 X-4.52691 Y8.33118
G01 X-4.60547 Y8.18422
G01 X-4.64903 Y8.11902
G01 X-4.75475 Y7.99021
G01 X-4.78111 Y7.96113
G01 X-4.81020 Y7.93477
G01 X-4.93900 Y7.82905
G01 X-5.00420 Y7.78549
G01 X-5.11276 Y7.72748
G01 X-6.20103 Y6.98900
G01 X-6.20130 Y6.98935
G01 X-6.20103 Y6.98900
G01 X-6.95878 Y6.23124
G01 X-7.16539 Y6.12359
G01 X-6.95878 Y6.23124
G01 X-6.95177 Y6.23375
G01 X-6.90488 Y6.24798
G01 X-6.82797 Y6.26329
G01 X-6.77921 Y6.26809
G01 X-6.73999 Y6.27003
G01 X-5.78998 Y6.27003
G01 X-5.75078 Y6.26809
G01 X-5.70202 Y6.26329
G01 X-5.62511 Y6.24798
G01 X-5.57819 Y6.23375
G01 X-5.57352 Y6.23182
G01 X-5.56630 Y6.23005
G01 X-5.07667 Y6.07427
G01 X-5.07682 Y6.07071
G01 X-5.07667 Y6.07427
G01 X-4.44982 Y6.21798
G01 X-4.40540 Y6.22558
G01 X-4.40324 Y6.22568
G01 X-4.39161 Y6.22799
G01 X-4.28919 Y6.23810
G01 X-4.24997 Y6.24000
G01 X-3.79999 Y6.24000
G01 X-3.76077 Y6.23810
G01 X-3.65836 Y6.22799
G01 X-3.61952 Y6.22225
G01 X-3.58145 Y6.21270
G01 X-3.48297 Y6.18283
G01 X-3.41053 Y6.15283
G01 X-3.31975 Y6.10429
G01 X-3.25455 Y6.06073
G01 X-3.17500 Y5.99545
G01 X-3.14591 Y5.96909
G01 X-3.11955 Y5.94000
G01 X-3.05427 Y5.86045
G01 X-3.01071 Y5.79525
G01 X-3.00197 Y5.77892
G01 X-2.98417 Y5.70785
G01 X-2.96814 Y5.62746
G01 X-2.95323 Y5.52700
G01 X-2.94584 Y5.45209
G01 X-2.94091 Y5.35166
G01 X-2.94091 Y5.27841
G01 X-2.94584 Y5.17795
G01 X-2.95323 Y5.10305
G01 X-2.96821 Y5.00208
G01 X-2.97497 Y4.96426
G01 X-2.98739 Y4.94684
G01 X-3.04838 Y4.86459
G01 X-3.09654 Y4.80589
G01 X-3.11035 Y4.79065
G01 X-3.17403 Y4.77371
G01 X-3.24546 Y4.75832
G01 X-3.36042 Y4.73955
G01 X-3.36263 Y4.73927
G01 X-3.40883 Y4.73399
G01 X-3.47116 Y4.73002
G01 X-3.58409 Y4.73002
G01 X-3.66854 Y4.70439
G01 X-3.67804 Y4.70203
G01 X-3.68777 Y4.70058
G01 X-3.79018 Y4.69050
G01 X-3.79999 Y4.69002
G01 X-4.24997 Y4.69002
G01 X-4.25978 Y4.69050
G01 X-4.36222 Y4.70058
G01 X-4.37195 Y4.70203
G01 X-4.38076 Y4.70424
G01 X-4.38277 Y4.70450
G01 X-4.47987 Y4.72675
G01 X-5.06587 Y4.86109
G01 X-5.64954 Y4.62428
G01 X-5.65439 Y4.62286
G01 X-5.66529 Y4.61834
G01 X-5.71218 Y4.60412
G01 X-5.73140 Y4.60031
G01 X-5.78020 Y4.59550
G01 X-5.78998 Y4.59502
G01 X-6.73999 Y4.59502
G01 X-6.74979 Y4.59550
G01 X-6.79856 Y4.60031
G01 X-6.81779 Y4.60412
G01 X-6.86468 Y4.61834
G01 X-6.87392 Y4.62167
G01 X-6.87481 Y4.62207
G01 X-6.87664 Y4.62253
G01 X-7.26498 Y4.76309
G01 X-7.65330 Y4.62256
G01 X-7.65848 Y4.62116
G01 X-7.66528 Y4.61834
G01 X-7.71220 Y4.60412
G01 X-7.73140 Y4.60031
G01 X-7.78019 Y4.59550
G01 X-7.79000 Y4.59502
G01 X-8.73998 Y4.59502
G01 X-8.74979 Y4.59550
G01 X-8.79856 Y4.60031
G01 X-8.81778 Y4.60412
G01 X-8.86470 Y4.61834
G01 X-8.88281 Y4.62586
G01 X-8.92601 Y4.64895
G01 X-8.93445 Y4.65400
G01 X-8.94232 Y4.65984
G01 X-8.98019 Y4.69093
G01 X-8.99406 Y4.70480
G01 X-9.02515 Y4.74267
G01 X-9.03605 Y4.75898
G01 X-9.05916 Y4.80221
G01 X-9.06335 Y4.81107
G01 X-9.06665 Y4.82032
G01 X-9.08088 Y4.86721
G01 X-9.08326 Y4.87673
G01 X-9.08471 Y4.88644
G01 X-9.08951 Y4.93520
G01 X-9.09000 Y4.94501
G01 X-9.09000 Y5.62001
G01 X-9.08951 Y5.62982
G01 X-9.08471 Y5.67859
G01 X-9.08326 Y5.68829
G01 X-9.08088 Y5.69781
G01 X-9.06665 Y5.74470
G01 X-9.06335 Y5.75395
G01 X-9.05916 Y5.76281
G01 X-9.03605 Y5.80604
G01 X-9.02515 Y5.82235
G01 X-8.99406 Y5.86022
G01 X-8.98019 Y5.87409
G01 X-8.94232 Y5.90518
G01 X-8.93445 Y5.91102
G01 X-8.92601 Y5.91608
G01 X-8.88281 Y5.93916
G01 X-8.86470 Y5.94668
G01 X-8.81778 Y5.96091
G01 X-8.79856 Y5.96472
G01 X-8.74979 Y5.96954
G01 X-8.73998 Y5.97000
G01 X-8.71593 Y5.97003
G01 X-8.63887 Y6.05545
G01 X-8.63783 Y6.05885
G01 X-8.63033 Y6.07696
G01 X-8.60260 Y6.12883
G01 X-8.59757 Y6.13726
G01 X-8.59170 Y6.14513
G01 X-8.55441 Y6.19060
G01 X-8.54781 Y6.19786
G01 X-6.96998 Y7.77569
G01 X-6.59716 Y9.02742
G01 X-6.59673 Y9.03034
G01 X-6.59434 Y9.03987
G01 X-6.54598 Y9.19933
G01 X-6.54296 Y9.20660
G01 X-6.54088 Y9.21404
G01 X-6.06498 Y10.56219
G01 X-6.06496 Y10.72785
G01 X-6.54088 Y12.07601
G01 X-6.54243 Y12.08213
G01 X-6.54598 Y12.09071
G01 X-6.59434 Y12.25015
G01 X-6.59818 Y12.26938
G01 X-6.61451 Y12.43521
G01 X-6.61499 Y12.44502
G01 X-6.61451 Y12.45482
G01 X-6.59818 Y12.62063
G01 X-6.59434 Y12.63986
G01 X-6.54598 Y12.79932
G01 X-6.54268 Y12.80857
G01 X-6.53849 Y12.81743
G01 X-6.45993 Y12.96440
G01 X-6.44903 Y12.98068
G01 X-6.34334 Y13.10948
G01 X-6.33674 Y13.11677
G01 X-6.32947 Y13.12335
G01 X-6.20067 Y13.22907
G01 X-6.18436 Y13.23996
G01 X-6.03740 Y13.31850
G01 X-6.01929 Y13.32599
G01 X-5.85985 Y13.37438
G01 X-5.85033 Y13.37677
G01 X-5.84062 Y13.37819
G01 X-5.67479 Y13.39452
G01 X-5.65518 Y13.39452
G01 X-5.48937 Y13.37819
G01 X-5.47964 Y13.37677
G01 X-5.47014 Y13.37438
G01 X-5.31068 Y13.32599
G01 X-5.29257 Y13.31850
G01 X-5.14560 Y13.23996
G01 X-5.12932 Y13.22907
G01 X-5.00052 Y13.12335
G01 X-4.99323 Y13.11677
G01 X-4.98665 Y13.10948
G01 X-4.88094 Y12.98068
G01 X-4.87004 Y12.96440
G01 X-4.79150 Y12.81743
G01 X-4.78731 Y12.80857
G01 X-4.78398 Y12.79932
G01 X-4.73562 Y12.63986
G01 X-4.73181 Y12.62063
G01 X-4.71548 Y12.45482
G01 X-4.71500 Y12.44502
G01 X-4.71548 Y12.43521
G01 X-4.73181 Y12.26938
G01 X-4.73562 Y12.25015
G01 X-4.78398 Y12.09071
G01 X-4.78731 Y12.08147
G01 X-4.78787 Y12.08025
G01 X-4.78906 Y12.07601
G01 X-5.26496 Y10.72793
G01 X-5.26496 Y10.56212
G01 X-4.78906 Y9.21404
G01 X-4.78746 Y9.20769
G01 X-4.78398 Y9.19933
G01 X-4.73562 Y9.03987
G01 X-4.73181 Y9.02064
G01 X-4.71548 Y8.85481
G01 X-4.71500 Y8.84500
G01 X-4.71548 Y8.83522
G01 X-4.73181 Y8.66939
G01 X-4.73562 Y8.65016
G01 X-4.78398 Y8.49070
G01 X-4.78731 Y8.48145
G01 X-4.79150 Y8.47259
G01 X-4.87004 Y8.32565
G01 X-4.88094 Y8.30934
G01 X-4.98665 Y8.18054
G01 X-4.99323 Y8.17327
G01 X-5.00052 Y8.16667
G01 X-5.12932 Y8.06095
G01 X-5.14560 Y8.05008
G01 X-5.26811 Y7.98460
G01 X-6.39295 Y7.22133
G01 X-7.55642 Y6.05788
G01 X-7.50628 Y5.88930
G01 X-7.26498 Y5.80198
G01 X-6.87664 Y5.94252
G01 X-6.87461 Y5.94305
G01 X-6.87392 Y5.94338
G01 X-6.86468 Y5.94668
G01 X-6.81779 Y5.96091
G01 X-6.79856 Y5.96472
G01 X-6.74979 Y5.96954
G01 X-6.73999 Y5.97000
G01 X-5.78998 Y5.97000
G01 X-5.78020 Y5.96954
G01 X-5.73140 Y5.96472
G01 X-5.71218 Y5.96091
G01 X-5.66529 Y5.94668
G01 X-5.66206 Y5.94534
G01 X-5.65724 Y5.94414
G01 X-5.08952 Y5.76355
G01 X-4.38277 Y5.92558
G01 X-4.37497 Y5.92690
G01 X-4.36222 Y5.92944
G01 X-4.25978 Y5.93952
G01 X-4.24997 Y5.94000
G01 X-3.79999 Y5.94000
G01 X-3.79018 Y5.93952
G01 X-3.68777 Y5.92944
G01 X-3.67804 Y5.92801
G01 X-3.66854 Y5.92563
G01 X-3.57004 Y5.89573
G01 X-3.55193 Y5.88824
G01 X-3.46118 Y5.83972
G01 X-3.44487 Y5.82883
G01 X-3.36532 Y5.76355
G01 X-3.35805 Y5.75695
G01 X-3.35145 Y5.74968
G01 X-3.28617 Y5.67013
G01 X-3.27528 Y5.65382
G01 X-3.22676 Y5.56307
G01 X-3.21927 Y5.54496
G01 X-3.18937 Y5.44646
G01 X-3.18556 Y5.42723
G01 X-3.17548 Y5.32482
G01 X-3.17500 Y5.31501
G01 X-3.17548 Y5.30521
G01 X-3.18556 Y5.20279
G01 X-3.18937 Y5.18357
G01 X-3.21927 Y5.08506
G01 X-3.22676 Y5.06695
G01 X-3.27528 Y4.97620
G01 X-3.28033 Y4.96779
G01 X-3.28617 Y4.95989
G01 X-3.35145 Y4.88034
G01 X-3.35805 Y4.87308
G01 X-3.36532 Y4.86647
G01 X-3.44487 Y4.80119
G01 X-3.46118 Y4.79030
G01 X-3.55193 Y4.74178
G01 X-3.56082 Y4.73759
G01 X-3.57004 Y4.73429
G01 X-3.58409 Y4.73002
G01 X-3.66854 Y4.70439
G01 X-3.67804 Y4.70203
G01 X-3.68777 Y4.70058
G01 X-3.79018 Y4.69050
G01 X-3.79999 Y4.69002
G01 X-4.24997 Y4.69002
G01 X-4.25978 Y4.69050
G01 X-4.36222 Y4.70058
G01 X-4.37195 Y4.70203
G01 X-4.38076 Y4.70424
G01 X-4.38277 Y4.70450
G01 X-4.47987 Y4.72675
G01 X-4.49694 Y4.72616
G01 X-4.49943 Y4.72601
G01 X-4.53174 Y4.72329
G01 X-4.53412 Y4.72301
G01 X-4.64307 Y4.70848
G01 X-4.64553 Y4.70808
G01 X-4.68965 Y4.69992
G01 X-4.69201 Y4.69944
G01 X-4.74939 Y4.68593
G01 X-4.80362 Y4.67318
G01 X-4.80606 Y4.67254
G01 X-4.86732 Y4.65484
G01 X-4.86961 Y4.65413
G01 X-4.98414 Y4.61499
G01 X-4.98614 Y4.61425
G01 X-5.05825 Y4.58613
G01 X-5.05927 Y4.58801
G01 X-5.05825 Y4.58613
G01 X-5.06615 Y4.58222
G01 X-5.07324 Y4.57699
G01 X-5.08299 Y4.56833
G01 X-5.08327 Y4.56810
G01 X-5.15980 Y4.49924
G01 X-5.53676 Y4.34631
G01 X-5.55472 Y4.34100
G01 X-5.57819 Y4.33127
G01 X-5.62511 Y4.31704
G01 X-5.70202 Y4.30175
G01 X-5.75078 Y4.29693
G01 X-5.78977 Y4.29502
G01 X-6.74019 Y4.29502
G01 X-6.77921 Y4.29693
G01 X-6.82797 Y4.30175
G01 X-6.90488 Y4.31704
G01 X-6.95177 Y4.33127
G01 X-6.97423 Y4.33930
G01 X-6.97875 Y4.34044
G01 X-7.26498 Y4.44404
G01 X-7.26496 Y4.45019
G01 X-7.26498 Y4.44404
G01 X-7.55119 Y4.34046
G01 X-7.56462 Y4.33688
G01 X-7.57821 Y4.33127
G01 X-7.62510 Y4.31704
G01 X-7.70201 Y4.30175
G01 X-7.75078 Y4.29693
G01 X-7.78977 Y4.29502
G01 X-8.74019 Y4.29502
G01 X-8.77920 Y4.29693
G01 X-8.82797 Y4.30175
G01 X-8.86533 Y4.34760
G01 X-8.90033 Y4.39479
G01 X-8.92167 Y4.42662
G01 X-8.94374 Y4.45954
G01 X-8.97186 Y4.50643
G01 X-8.99955 Y4.55809
G01 X-9.01451 Y4.58971
G01 X-8.99955 Y4.55809
G01 X-8.97186 Y4.50643
G01 X-8.94374 Y4.45954
G01 X-8.92167 Y4.42662
G01 X-8.87585 Y4.41273
G01 X-8.81816 Y4.40127
G01 X-8.76940 Y4.39645
G01 X-8.73998 Y4.39502
G01 X-7.79000 Y4.39502
G01 X-7.76059 Y4.39645
G01 X-7.71182 Y4.40127
G01 X-7.65413 Y4.41273
G01 X-7.60722 Y4.42695
G01 X-7.59592 Y4.43165
G01 X-7.58522 Y4.43449
G01 X-7.26498 Y4.55039
G01 X-7.26498 Y4.55580
G01 X-7.26498 Y4.55039
G01 X-6.94471 Y4.43447
G01 X-6.94141 Y4.43363
G01 X-6.92274 Y4.42695
G01 X-6.87585 Y4.41273
G01 X-6.81817 Y4.40127
G01 X-6.76940 Y4.39645
G01 X-6.73999 Y4.39502
G01 X-5.78998 Y4.39502
G01 X-5.76059 Y4.39645
G01 X-5.71182 Y4.40127
G01 X-5.65414 Y4.41273
G01 X-5.60722 Y4.42695
G01 X-5.58795 Y4.43495
G01 X-5.57436 Y4.43896
G01 X-5.04911 Y4.65205
G01 X-5.04949 Y4.65685
G01 X-5.04911 Y4.65205
G01 X-4.94530 Y4.62827
G01 X-4.86961 Y4.65413
G01 X-4.86732 Y4.65484
G01 X-4.80606 Y4.67254
G01 X-4.80362 Y4.67318
G01 X-4.74939 Y4.68593
G01 X-5.05749 Y4.75657
G01 X-5.05787 Y4.76139
G01 X-5.05749 Y4.75657
G01 X-5.61195 Y4.53162
G01 X-5.62117 Y4.52891
G01 X-5.63626 Y4.52266
G01 X-5.68317 Y4.50843
G01 X-5.72160 Y4.50079
G01 X-5.77039 Y4.49599
G01 X-5.78998 Y4.49502
G01 X-6.73999 Y4.49502
G01 X-6.75960 Y4.49599
G01 X-6.80836 Y4.50079
G01 X-6.84682 Y4.50843
G01 X-6.89371 Y4.52266
G01 X-6.90862 Y4.52799
G01 X-6.91068 Y4.52850
G01 X-7.26498 Y4.65674
G01 X-7.26498 Y4.66241
G01 X-7.26498 Y4.65674
G01 X-7.61926 Y4.52852
G01 X-7.62721 Y4.52639
G01 X-7.63625 Y4.52266
G01 X-7.68317 Y4.50843
G01 X-7.72162 Y4.50079
G01 X-7.77039 Y4.49599
G01 X-7.79000 Y4.49502
G01 X-8.73998 Y4.49502
G01 X-8.75959 Y4.49599
G01 X-8.80836 Y4.50079
G01 X-8.84682 Y4.50843
G01 X-8.89370 Y4.52266
G01 X-8.92993 Y4.53767
G01 X-8.97316 Y4.56076
G01 X-8.99000 Y4.57084
G01 X-9.00577 Y4.58255
G01 X-9.01451 Y4.58971
G01 X-9.02170 Y4.60490
G01 X-9.03935 Y4.64740
G01 X-9.05606 Y4.69411
G01 X-9.06701 Y4.73012
G01 X-9.07869 Y4.77673
G01 X-9.08499 Y4.80833
G01 X-9.09190 Y4.85489
G01 X-9.09480 Y4.88428
G01 X-9.09711 Y4.93145
G01 X-9.09746 Y4.94572
G01 X-9.09746 Y5.61933
G01 X-9.09711 Y5.63360
G01 X-9.09480 Y5.68080
G01 X-9.09190 Y5.71018
G01 X-9.08497 Y5.75674
G01 X-9.07867 Y5.78839
G01 X-9.06701 Y5.83497
G01 X-9.05606 Y5.87092
G01 X-9.03935 Y5.91765
G01 X-9.02170 Y5.96015
G01 X-9.01453 Y5.97526
G01 X-9.00988 Y5.98514
G01 X-9.00783 Y5.98699
G01 X-8.97054 Y6.01760
G01 X-8.93274 Y6.04562
G01 X-8.88949 Y6.07450
G01 X-8.84826 Y6.09918
G01 X-8.79642 Y6.12685
G01 X-8.79449 Y6.12776
G01 X-8.78741 Y6.13185
G01 X-8.78111 Y6.13703
G01 X-8.78040 Y6.13624
G01 X-8.78111 Y6.13703
G01 X-8.77570 Y6.14318
G01 X-8.73937 Y6.19220
G01 X-8.70379 Y6.23558
G01 X-8.66551 Y6.27780
G01 X-8.64664 Y6.29764
G01 X-7.75210 Y7.19217
G01 X-7.75124 Y7.19306
G01 X-7.73148 Y7.21366
G01 X-7.73071 Y7.21463
G01 X-7.69119 Y7.25826
G01 X-7.68957 Y7.26012
G01 X-7.65246 Y7.30538
G01 X-7.65093 Y7.30731
G01 X-7.61532 Y7.35494
G01 X-7.61410 Y7.35709
G01 X-7.57931 Y7.40922
G01 X-7.57801 Y7.41127
G01 X-7.54684 Y7.46324
G01 X-7.54560 Y7.46543
G01 X-7.52558 Y7.50292
G01 X-7.14720 Y7.88133
G01 X-7.14448 Y7.87970
G01 X-7.14720 Y7.88133
G01 X-6.79041 Y9.07927
G01 X-6.78573 Y9.09793
G01 X-6.73737 Y9.25737
G01 X-6.73310 Y9.26766
G01 X-6.72947 Y9.28061
G01 X-6.26498 Y10.59646
G01 X-6.26353 Y10.59620
G01 X-6.26498 Y10.59646
G01 X-6.26496 Y10.69359
G01 X-6.26359 Y10.69382
G01 X-6.26496 Y10.69359
G01 X-6.72947 Y12.00943
G01 X-6.73219 Y12.02013
G01 X-6.73737 Y12.03265
G01 X-6.78573 Y12.19211
G01 X-6.79721 Y12.24977
G01 X-6.81355 Y12.41561
G01 X-6.81499 Y12.44502
G01 X-6.81355 Y12.47441
G01 X-6.79721 Y12.64024
G01 X-6.78573 Y12.69793
G01 X-6.73737 Y12.85739
G01 X-6.72744 Y12.88510
G01 X-6.71487 Y12.91172
G01 X-6.63631 Y13.05866
G01 X-6.60364 Y13.10755
G01 X-6.49793 Y13.23638
G01 X-6.47816 Y13.25817
G01 X-6.45635 Y13.27796
G01 X-6.32754 Y13.38368
G01 X-6.27865 Y13.41634
G01 X-6.13168 Y13.49488
G01 X-6.07735 Y13.51738
G01 X-5.91789 Y13.56577
G01 X-5.88934 Y13.57291
G01 X-5.86021 Y13.57722
G01 X-5.69440 Y13.59356
G01 X-5.66498 Y13.59500
G01 X-5.63557 Y13.59356
G01 X-5.46976 Y13.57722
G01 X-5.44063 Y13.57291
G01 X-5.41208 Y13.56577
G01 X-5.25261 Y13.51738
G01 X-5.19828 Y13.49488
G01 X-5.05135 Y13.41634
G01 X-5.00242 Y13.38368
G01 X-4.87362 Y13.27796
G01 X-4.85180 Y13.25817
G01 X-4.83204 Y13.23638
G01 X-4.72633 Y13.10755
G01 X-4.69366 Y13.05866
G01 X-4.61513 Y12.91172
G01 X-4.60253 Y12.88510
G01 X-4.59260 Y12.85739
G01 X-4.54423 Y12.69793
G01 X-4.53275 Y12.64024
G01 X-4.51642 Y12.47441
G01 X-4.51500 Y12.44502
G01 X-4.51642 Y12.41561
G01 X-4.53275 Y12.24977
G01 X-4.54423 Y12.19211
G01 X-4.59260 Y12.03265
G01 X-4.59884 Y12.01518
G01 X-4.60047 Y12.00943
G01 X-5.06496 Y10.69366
G01 X-5.06636 Y10.69389
G01 X-5.06496 Y10.69366
G01 X-5.06496 Y10.59638
G01 X-5.06636 Y10.59615
G01 X-5.06496 Y10.59638
G01 X-4.60047 Y9.28061
G01 X-4.59770 Y9.26971
G01 X-4.59260 Y9.25737
G01 X-4.54423 Y9.09793
G01 X-4.53275 Y9.04025
G01 X-4.51642 Y8.87441
G01 X-4.51500 Y8.84500
G01 X-4.51642 Y8.81561
G01 X-4.53275 Y8.64978
G01 X-4.54423 Y8.59209
G01 X-4.59260 Y8.43266
G01 X-4.60253 Y8.40492
G01 X-4.61513 Y8.37830
G01 X-4.69366 Y8.23136
G01 X-4.72633 Y8.18247
G01 X-4.83204 Y8.05366
G01 X-4.85180 Y8.03185
G01 X-4.87362 Y8.01206
G01 X-5.00242 Y7.90637
G01 X-5.05135 Y7.87368
G01 X-5.16453 Y7.81318
G01 X-6.26503 Y7.06642
G01 X-6.26531 Y7.06677
G01 X-6.26503 Y7.06642
G01 X-7.30303 Y6.02845
G01 X-7.38733 Y6.00965
G01 X-7.30303 Y6.02845
G01 X-7.26498 Y6.01468
G01 X-7.26498 Y6.00835
G01 X-7.26498 Y6.01468
G01 X-6.94471 Y6.13058
G01 X-6.94075 Y6.13162
G01 X-6.92274 Y6.13807
G01 X-6.87585 Y6.15230
G01 X-6.81817 Y6.16378
G01 X-6.76940 Y6.16858
G01 X-6.73999 Y6.17003
G01 X-5.78998 Y6.17003
G01 X-5.76059 Y6.16858
G01 X-5.71182 Y6.16378
G01 X-5.65414 Y6.15230
G01 X-5.60722 Y6.13807
G01 X-5.60303 Y6.13632
G01 X-5.59661 Y6.13474
G01 X-5.08096 Y5.97071
G01 X-5.08111 Y5.96710
G01 X-5.08096 Y5.97071
G01 X-4.42747 Y6.12052
G01 X-4.39417 Y6.12621
G01 X-4.39293 Y6.12626
G01 X-4.38183 Y6.12847
G01 X-4.27939 Y6.13858
G01 X-4.24997 Y6.14000
G01 X-3.79999 Y6.14000
G01 X-3.77058 Y6.13858
G01 X-3.66816 Y6.12847
G01 X-3.63903 Y6.12415
G01 X-3.61048 Y6.11702
G01 X-3.51200 Y6.08712
G01 X-3.45765 Y6.06462
G01 X-3.36689 Y6.01610
G01 X-3.31800 Y5.98344
G01 X-3.23845 Y5.91816
G01 X-3.21663 Y5.89837
G01 X-3.19687 Y5.87655
G01 X-3.13156 Y5.79700
G01 X-3.09890 Y5.74811
G01 X-3.05038 Y5.65735
G01 X-3.02788 Y5.60300
G01 X-2.99798 Y5.50452
G01 X-2.98653 Y5.44684
G01 X-2.97644 Y5.34442
G01 X-2.97500 Y5.31501
G01 X-2.97644 Y5.28560
G01 X-2.98653 Y5.18318
G01 X-2.99798 Y5.12550
G01 X-3.02788 Y5.02703
G01 X-3.05038 Y4.97269
G01 X-3.09890 Y4.88192
G01 X-3.11404 Y4.85667
G01 X-3.13156 Y4.83302
G01 X-3.18157 Y4.77209
G01 X-3.24546 Y4.75832
G01 X-3.36042 Y4.73955
G01 X-3.36263 Y4.73927
G01 X-3.30187 Y4.78918
G01 X-3.28734 Y4.80236
G01 X-3.27416 Y4.81689
G01 X-3.20885 Y4.89647
G01 X-3.19717 Y4.91222
G01 X-3.18709 Y4.92906
G01 X-3.13857 Y5.01984
G01 X-3.12356 Y5.05606
G01 X-3.09369 Y5.15453
G01 X-3.08605 Y5.19299
G01 X-3.07596 Y5.29540
G01 X-3.07500 Y5.31501
G01 X-3.17500 Y5.31501
G01 X-3.07500 Y5.31501
G01 X-2.97500 Y5.31501
G01 X-2.94091 Y5.27841
G01 X-2.97500 Y5.31501
G01 X-3.07500 Y5.31501
G01 X-3.07596 Y5.33462
G01 X-3.08605 Y5.43703
G01 X-3.09369 Y5.47549
G01 X-3.12356 Y5.57399
G01 X-3.13857 Y5.61021
G01 X-3.18709 Y5.70096
G01 X-3.20885 Y5.73358
G01 X-3.27416 Y5.81313
G01 X-3.28734 Y5.82766
G01 X-3.30187 Y5.84084
G01 X-3.38142 Y5.90614
G01 X-3.41404 Y5.92791
G01 X-3.50479 Y5.97643
G01 X-3.54101 Y5.99144
G01 X-3.63951 Y6.02131
G01 X-3.65854 Y6.02608
G01 X-3.67797 Y6.02895
G01 X-3.78038 Y6.03904
G01 X-3.79999 Y6.04000
G01 X-4.24997 Y6.04000
G01 X-4.26958 Y6.03904
G01 X-4.37202 Y6.02895
G01 X-4.38264 Y6.02685
G01 X-4.38292 Y6.02685
G01 X-4.40512 Y6.02304
G01 X-5.08523 Y5.86713
G01 X-5.08538 Y5.86352
G01 X-5.08523 Y5.86713
G01 X-5.62693 Y6.03944
G01 X-5.63255 Y6.04084
G01 X-5.63626 Y6.04237
G01 X-5.68317 Y6.05659
G01 X-5.72160 Y6.06423
G01 X-5.77039 Y6.06906
G01 X-5.78998 Y6.07000
G01 X-6.73999 Y6.07000
G01 X-6.75960 Y6.06906
G01 X-6.80836 Y6.06423
G01 X-6.84682 Y6.05659
G01 X-6.89371 Y6.04237
G01 X-6.90811 Y6.03721
G01 X-6.91068 Y6.03655
G01 X-7.26498 Y5.90833
G01 X-7.26503 Y5.90231
G01 X-7.26498 Y5.90833
G01 X-7.42482 Y5.96616
G01 X-7.43356 Y5.95794
G01 X-7.42482 Y5.96616
G01 X-7.44359 Y6.02928
G01 X-7.45947 Y6.03332
G01 X-7.44359 Y6.02928
G01 X-6.32904 Y7.14384
G01 X-6.32932 Y7.14419
G01 X-6.32904 Y7.14384
G01 X-5.21632 Y7.89888
G01 X-5.09846 Y7.96187
G01 X-5.06587 Y7.98366
G01 X-4.93707 Y8.08938
G01 X-4.92252 Y8.10256
G01 X-4.90933 Y8.11709
G01 X-4.80364 Y8.24589
G01 X-4.78185 Y8.27850
G01 X-4.70331 Y8.42544
G01 X-4.69491 Y8.44320
G01 X-4.68830 Y8.46166
G01 X-4.63994 Y8.62113
G01 X-4.63227 Y8.65958
G01 X-4.61594 Y8.82542
G01 X-4.61500 Y8.84500
G01 X-4.61594 Y8.86461
G01 X-4.63227 Y9.03045
G01 X-4.63994 Y9.06890
G01 X-4.68830 Y9.22836
G01 X-4.69260 Y9.23870
G01 X-4.69478 Y9.24734
G01 X-5.16496 Y10.57924
G01 X-5.16636 Y10.57901
G01 X-5.16496 Y10.57924
G01 X-5.16496 Y10.71081
G01 X-5.16636 Y10.71104
G01 X-5.16496 Y10.71081
G01 X-4.69478 Y12.04271
G01 X-4.69361 Y12.04685
G01 X-4.68830 Y12.06168
G01 X-4.63994 Y12.22112
G01 X-4.63227 Y12.25957
G01 X-4.61594 Y12.42541
G01 X-4.61500 Y12.44502
G01 X-4.61594 Y12.46463
G01 X-4.63227 Y12.63044
G01 X-4.63994 Y12.66889
G01 X-4.68830 Y12.82836
G01 X-4.69491 Y12.84682
G01 X-4.70331 Y12.86458
G01 X-4.78185 Y13.01152
G01 X-4.80364 Y13.04413
G01 X-4.90933 Y13.17293
G01 X-4.92252 Y13.18749
G01 X-4.93707 Y13.20064
G01 X-5.06587 Y13.30636
G01 X-5.08165 Y13.31807
G01 X-5.09846 Y13.32815
G01 X-5.24543 Y13.40669
G01 X-5.28165 Y13.42170
G01 X-5.44111 Y13.47006
G01 X-5.46013 Y13.47484
G01 X-5.47956 Y13.47771
G01 X-5.64537 Y13.49404
G01 X-5.68459 Y13.49404
G01 X-5.85043 Y13.47771
G01 X-5.86983 Y13.47484
G01 X-5.88886 Y13.47006
G01 X-6.04832 Y13.42170
G01 X-6.08454 Y13.40669
G01 X-6.23151 Y13.32815
G01 X-6.24835 Y13.31807
G01 X-6.26409 Y13.30636
G01 X-6.39290 Y13.20064
G01 X-6.40745 Y13.18749
G01 X-6.42063 Y13.17293
G01 X-6.52635 Y13.04413
G01 X-6.54812 Y13.01152
G01 X-6.62668 Y12.86458
G01 X-6.63506 Y12.84682
G01 X-6.64166 Y12.82836
G01 X-6.69005 Y12.66889
G01 X-6.69770 Y12.63044
G01 X-6.71403 Y12.46463
G01 X-6.71499 Y12.44502
G01 X-6.71403 Y12.42541
G01 X-6.69770 Y12.25957
G01 X-6.69005 Y12.22112
G01 X-6.64166 Y12.06168
G01 X-6.63732 Y12.05114
G01 X-6.63516 Y12.04271
G01 X-6.16496 Y10.71073
G01 X-6.16359 Y10.71096
G01 X-6.16496 Y10.71073
G01 X-6.16498 Y10.57931
G01 X-6.16353 Y10.57908
G01 X-6.16498 Y10.57931
G01 X-6.63516 Y9.24734
G01 X-6.63803 Y9.23713
G01 X-6.64166 Y9.22836
G01 X-6.69005 Y9.06890
G01 X-6.69473 Y9.05021
G01 X-7.05858 Y7.82852
G01 X-7.05589 Y7.82689
G01 X-7.05858 Y7.82852
G01 X-8.61852 Y6.26858
G01 X-8.63170 Y6.25402
G01 X-8.66902 Y6.20858
G01 X-8.68070 Y6.19281
G01 X-8.69078 Y6.17597
G01 X-8.71852 Y6.12410
G01 X-8.72439 Y6.10993
G01 X-8.76142 Y6.06886
G01 X-8.75736 Y6.06256
G01 X-8.76142 Y6.06886
G01 X-8.80836 Y6.06423
G01 X-8.84682 Y6.05659
G01 X-8.89370 Y6.04237
G01 X-8.92993 Y6.02738
G01 X-8.97316 Y6.00427
G01 X-8.99000 Y5.99418
G01 X-9.00577 Y5.98247
G01 X-9.01453 Y5.97526
G01 X-9.02170 Y5.96015
G01 X-9.10496 Y6.01798
G01 X-9.09602 Y6.03688
G01 X-9.09099 Y6.04529
G01 X-9.08441 Y6.05255
G01 X-9.08702 Y6.05484
G01 X-9.08441 Y6.05255
G01 X-9.07404 Y6.06195
G01 X-9.07217 Y6.06355
G01 X-9.03300 Y6.09568
G01 X-9.03109 Y6.09718
G01 X-8.99129 Y6.12669
G01 X-8.98928 Y6.12812
G01 X-8.94400 Y6.15834
G01 X-8.94194 Y6.15964
G01 X-8.89858 Y6.18562
G01 X-8.89642 Y6.18684
G01 X-8.84910 Y6.21209
G01 X-8.81898 Y6.25275
G01 X-8.81745 Y6.25468
G01 X-8.78034 Y6.29992
G01 X-8.77872 Y6.30180
G01 X-8.73917 Y6.34544
G01 X-8.73833 Y6.34633
G01 X-8.71867 Y6.36700
G01 X-8.71781 Y6.36789
G01 X-7.82332 Y7.26238
G01 X-7.80445 Y7.28222
G01 X-7.76607 Y7.32456
G01 X-7.73056 Y7.36784
G01 X-7.69660 Y7.41361
G01 X-7.66318 Y7.46370
G01 X-7.63323 Y7.51363
G01 X-7.61301 Y7.55153
G01 X-7.61217 Y7.55709
G01 X-7.60641 Y7.61562
G01 X-7.60496 Y7.64503
G01 X-7.60496 Y7.67729
G01 X-7.60836 Y7.67843
G01 X-7.60496 Y7.67729
G01 X-7.32937 Y8.10563
G01 X-7.26633 Y8.18247
G01 X-7.23366 Y8.23136
G01 X-7.15513 Y8.37830
G01 X-7.14253 Y8.40492
G01 X-7.13260 Y8.43266
G01 X-7.08423 Y8.59209
G01 X-7.07275 Y8.64978
G01 X-7.05642 Y8.81561
G01 X-7.05500 Y8.84500
G01 X-7.05642 Y8.87441
G01 X-7.07275 Y9.04025
G01 X-7.08423 Y9.09793
G01 X-7.13260 Y9.25737
G01 X-7.13770 Y9.26971
G01 X-7.14047 Y9.28061
G01 X-7.60498 Y10.59638
G01 X-7.60636 Y10.59615
G01 X-7.60498 Y10.59638
G01 X-7.60496 Y10.69366
G01 X-7.60636 Y10.69389
G01 X-7.60496 Y10.69366
G01 X-7.14047 Y12.00943
G01 X-7.13884 Y12.01520
G01 X-7.13260 Y12.03265
G01 X-7.08423 Y12.19211
G01 X-7.07275 Y12.24977
G01 X-7.05642 Y12.41561
G01 X-7.05500 Y12.44502
G01 X-7.05642 Y12.47441
G01 X-7.07275 Y12.64024
G01 X-7.08423 Y12.69793
G01 X-7.13260 Y12.85739
G01 X-7.14253 Y12.88510
G01 X-7.15513 Y12.91172
G01 X-7.23366 Y13.05866
G01 X-7.26633 Y13.10755
G01 X-7.37204 Y13.23638
G01 X-7.39180 Y13.25817
G01 X-7.41362 Y13.27796
G01 X-7.54242 Y13.38368
G01 X-7.59135 Y13.41634
G01 X-7.73828 Y13.49488
G01 X-7.79261 Y13.51738
G01 X-7.95208 Y13.56577
G01 X-7.98063 Y13.57291
G01 X-8.00976 Y13.57722
G01 X-8.17557 Y13.59356
G01 X-8.20498 Y13.59500
G01 X-8.23440 Y13.59356
G01 X-8.40021 Y13.57722
G01 X-8.42934 Y13.57291
G01 X-8.45789 Y13.56577
G01 X-8.61735 Y13.51738
G01 X-8.67168 Y13.49488
G01 X-8.81865 Y13.41634
G01 X-8.86754 Y13.38368
G01 X-8.99635 Y13.27796
G01 X-9.01816 Y13.25817
G01 X-9.03793 Y13.23638
G01 X-9.14364 Y13.10755
G01 X-9.17630 Y13.05866
G01 X-9.25487 Y12.91172
G01 X-9.26744 Y12.88510
G01 X-9.27737 Y12.85739
G01 X-9.32573 Y12.69793
G01 X-9.33721 Y12.64024
G01 X-9.35355 Y12.47441
G01 X-9.35499 Y12.44502
G01 X-9.35355 Y12.41561
G01 X-9.33721 Y12.24977
G01 X-9.32573 Y12.19211
G01 X-9.27737 Y12.03265
G01 X-9.27219 Y12.02013
G01 X-9.26947 Y12.00943
G01 X-8.80498 Y10.69359
G01 X-8.80359 Y10.69384
G01 X-8.80498 Y10.69359
G01 X-8.80498 Y10.59646
G01 X-8.80353 Y10.59620
G01 X-8.80498 Y10.59646
G01 X-9.26947 Y9.28061
G01 X-9.27310 Y9.26768
G01 X-9.27737 Y9.25737
G01 X-9.32573 Y9.09793
G01 X-9.33721 Y9.04025
G01 X-9.35355 Y8.87441
G01 X-9.35499 Y8.84500
G01 X-9.35355 Y8.81561
G01 X-9.33721 Y8.64978
G01 X-9.32573 Y8.59209
G01 X-9.28078 Y8.44414
G01 X-9.09843 Y7.60007
G01 X-9.08514 Y7.59616
G01 X-9.09843 Y7.60007
G01 X-10.02924 Y6.66929
G01 X-10.04900 Y6.64747
G01 X-10.08631 Y6.60200
G01 X-10.10386 Y6.57836
G01 X-10.11898 Y6.55311
G01 X-10.14671 Y6.50124
G01 X-10.16922 Y6.44691
G01 X-10.18629 Y6.39062
G01 X-10.19345 Y6.36207
G01 X-10.19777 Y6.33294
G01 X-10.20353 Y6.27442
G01 X-10.20498 Y6.24501
G01 X-10.20498 Y3.64501
G01 X-10.20353 Y3.61562
G01 X-10.19777 Y3.55710
G01 X-10.19345 Y3.52797
G01 X-10.18629 Y3.49942
G01 X-10.16922 Y3.44313
G01 X-10.14671 Y3.38880
G01 X-10.11898 Y3.33693
G01 X-10.10386 Y3.31169
G01 X-10.08631 Y3.28804
G01 X-10.04900 Y3.24257
G01 X-10.02924 Y3.22076
G01 X-9.59175 Y2.78327
G01 X-9.56993 Y2.76350
G01 X-9.52446 Y2.72619
G01 X-9.50082 Y2.70864
G01 X-9.47557 Y2.69353
G01 X-9.42370 Y2.66579
G01 X-9.36937 Y2.64329
G01 X-9.31308 Y2.62622
G01 X-9.28453 Y2.61905
G01 X-9.26236 Y2.61578
G01 X-9.26173 Y2.61702
G01 X-9.26236 Y2.61578
G01 X-9.19878 Y2.56927
G01 X-9.19830 Y2.56978
G01 X-9.19878 Y2.56927
G01 X-9.17976 Y2.54080
G01 X-9.14867 Y2.50293
G01 X-9.12891 Y2.48111
G01 X-9.10709 Y2.46132
G01 X-9.06919 Y2.43023
G01 X-9.04555 Y2.41271
G01 X-9.02030 Y2.39757
G01 X-8.97707 Y2.37448
G01 X-8.92274 Y2.35195
G01 X-8.87585 Y2.33772
G01 X-8.81816 Y2.32627
G01 X-8.76940 Y2.32147
G01 X-8.73998 Y2.32002
G01 X-7.79000 Y2.32002
G01 X-7.76059 Y2.32147
G01 X-7.71182 Y2.32627
G01 X-7.65413 Y2.33772
G01 X-7.60722 Y2.35195
G01 X-7.58908 Y2.35845
G01 X-7.58522 Y2.35949
G01 X-7.26498 Y2.47539
G01 X-7.26503 Y2.48123
G01 X-7.26498 Y2.47539
G01 X-6.94471 Y2.35947
G01 X-6.93486 Y2.35698
G01 X-6.92274 Y2.35195
G01 X-6.87585 Y2.33772
G01 X-6.81817 Y2.32627
G01 X-6.76940 Y2.32147
G01 X-6.73999 Y2.32002
G01 X-6.37700 Y2.32012
G01 X-6.20001 Y2.30155
G01 X-6.19937 Y2.30354
G01 X-6.20001 Y2.30155
G01 X-6.16559 Y2.27654
G01 X-6.12543 Y2.25192
G01 X-6.08350 Y2.23056
G01 X-6.03999 Y2.21255
G01 X-5.99523 Y2.19800
G01 X-5.94946 Y2.18700
G01 X-5.90296 Y2.17963
G01 X-5.85602 Y2.17595
G01 X-5.83250 Y2.17501
G01 X-5.36158 Y2.17501
G01 X-5.36120 Y2.17687
G01 X-5.36158 Y2.17501
G01 X-4.89912 Y1.97684
G01 X-4.89458 Y1.97542
G01 X-4.88980 Y1.97285
G01 X-4.83351 Y1.95578
G01 X-4.77499 Y1.95002
G01 X-3.27500 Y1.95002
G01 X-3.21645 Y1.95578
G01 X-3.16019 Y1.97285
G01 X-3.10832 Y2.00056
G01 X-3.06286 Y2.03788
G01 X-3.02554 Y2.08334
G01 X-2.99783 Y2.13521
G01 X-2.98076 Y2.19150
G01 X-2.97500 Y2.25002
G01 X-2.97500 Y3.30000
G01 X-2.97995 Y3.35073
G01 X-2.94195 Y3.33394
G01 X-2.87500 Y3.27331
G01 X-2.87500 Y2.25002
G01 X-2.97500 Y2.25002
G01 X-3.07500 Y2.25002
G01 X-3.17500 Y2.25002
G01 X-3.07500 Y2.25002
G01 X-2.97500 Y2.25002
G01 X-2.87500 Y2.25002
G01 X-2.88267 Y2.17199
G01 X-2.90543 Y2.09693
G01 X-2.94241 Y2.02779
G01 X-2.99214 Y1.96716
G01 X-3.05277 Y1.91743
G01 X-3.12191 Y1.88047
G01 X-3.19694 Y1.85769
G01 X-3.27500 Y1.85002
G01 X-4.77499 Y1.85002
G01 X-4.85302 Y1.85769
G01 X-4.92805 Y1.88047
G01 X-4.93339 Y1.88332
G01 X-4.93849 Y1.88494
G01 X-5.38210 Y2.07501
G01 X-5.38167 Y2.07697
G01 X-5.38210 Y2.07501
G01 X-5.83250 Y2.07501
G01 X-5.86387 Y2.07626
G01 X-5.91080 Y2.07994
G01 X-5.97281 Y2.08977
G01 X-6.01858 Y2.10077
G01 X-6.07827 Y2.12015
G01 X-6.12178 Y2.13818
G01 X-6.17768 Y2.16668
G01 X-6.21784 Y2.19127
G01 X-6.23646 Y2.20481
G01 X-6.23577 Y2.20735
G01 X-6.23646 Y2.20481
G01 X-6.38223 Y2.22002
G01 X-6.73999 Y2.22002
G01 X-6.77921 Y2.22195
G01 X-6.82797 Y2.22675
G01 X-6.90488 Y2.24204
G01 X-6.95177 Y2.25627
G01 X-6.96633 Y2.26229
G01 X-6.97875 Y2.26544
G01 X-7.26498 Y2.36904
G01 X-7.26496 Y2.37519
G01 X-7.26498 Y2.36904
G01 X-7.55119 Y2.26546
G01 X-7.55642 Y2.26406
G01 X-7.57821 Y2.25627
G01 X-7.62510 Y2.24204
G01 X-7.70201 Y2.22675
G01 X-7.75078 Y2.22195
G01 X-7.79000 Y2.22002
G01 X-8.73998 Y2.22002
G01 X-8.77920 Y2.22195
G01 X-8.82797 Y2.22675
G01 X-8.90488 Y2.24204
G01 X-8.95177 Y2.25627
G01 X-9.02421 Y2.28626
G01 X-9.06744 Y2.30938
G01 X-9.10110 Y2.32955
G01 X-9.13264 Y2.35294
G01 X-9.17051 Y2.38403
G01 X-9.19960 Y2.41039
G01 X-9.22596 Y2.43948
G01 X-9.25705 Y2.47737
G01 X-9.27097 Y2.49818
G01 X-9.30168 Y2.52063
G01 X-9.30041 Y2.52271
G01 X-9.30168 Y2.52063
G01 X-9.30404 Y2.52099
G01 X-9.34212 Y2.53051
G01 X-9.39840 Y2.54760
G01 X-9.47084 Y2.57760
G01 X-9.52271 Y2.60531
G01 X-9.55637 Y2.62551
G01 X-9.58791 Y2.64890
G01 X-9.63338 Y2.68619
G01 X-9.66246 Y2.71255
G01 X-10.09995 Y3.15004
G01 X-10.12632 Y3.17912
G01 X-10.16360 Y3.22459
G01 X-10.18700 Y3.25614
G01 X-10.20719 Y3.28979
G01 X-10.23490 Y3.34166
G01 X-10.26490 Y3.41410
G01 X-10.28199 Y3.47039
G01 X-10.29152 Y3.50846
G01 X-10.29728 Y3.54730
G01 X-10.30305 Y3.60582
G01 X-10.30498 Y3.64501
G01 X-10.30498 Y6.24501
G01 X-10.30305 Y6.28422
G01 X-10.29728 Y6.34275
G01 X-10.29152 Y6.38158
G01 X-10.28199 Y6.41966
G01 X-10.26490 Y6.47594
G01 X-10.23490 Y6.54838
G01 X-10.20719 Y6.60025
G01 X-10.18700 Y6.63391
G01 X-10.16360 Y6.66545
G01 X-10.12632 Y6.71092
G01 X-10.09995 Y6.74000
G01 X-9.20770 Y7.63223
G01 X-9.19406 Y7.62832
G01 X-9.20770 Y7.63223
G01 X-9.37773 Y8.41899
G01 X-9.42144 Y8.56306
G01 X-9.43673 Y8.63997
G01 X-9.45306 Y8.80581
G01 X-9.45499 Y8.84500
G01 X-9.45306 Y8.88422
G01 X-9.43673 Y9.05006
G01 X-9.42144 Y9.12694
G01 X-9.37305 Y9.28640
G01 X-9.36818 Y9.29821
G01 X-9.36376 Y9.31391
G01 X-8.90498 Y10.61358
G01 X-8.90353 Y10.61335
G01 X-8.90498 Y10.61358
G01 X-8.90498 Y10.67647
G01 X-8.90359 Y10.67670
G01 X-8.90498 Y10.67647
G01 X-9.36376 Y11.97614
G01 X-9.36706 Y11.98914
G01 X-9.37305 Y12.00362
G01 X-9.42144 Y12.16308
G01 X-9.43673 Y12.23999
G01 X-9.45306 Y12.40580
G01 X-9.45499 Y12.44502
G01 X-9.45306 Y12.48421
G01 X-9.43673 Y12.65005
G01 X-9.42144 Y12.72696
G01 X-9.37305 Y12.88640
G01 X-9.35985 Y12.92338
G01 X-9.34306 Y12.95886
G01 X-9.26449 Y13.10580
G01 X-9.22093 Y13.17100
G01 X-9.11524 Y13.29981
G01 X-9.08888 Y13.32889
G01 X-9.05980 Y13.35525
G01 X-8.93099 Y13.46097
G01 X-8.86579 Y13.50453
G01 X-8.71883 Y13.58307
G01 X-8.64638 Y13.61309
G01 X-8.48692 Y13.66145
G01 X-8.44885 Y13.67100
G01 X-8.41001 Y13.67674
G01 X-8.24420 Y13.69310
G01 X-8.16579 Y13.69310
G01 X-7.99995 Y13.67674
G01 X-7.96112 Y13.67100
G01 X-7.92304 Y13.66145
G01 X-7.76358 Y13.61309
G01 X-7.69114 Y13.58307
G01 X-7.54420 Y13.50453
G01 X-7.47900 Y13.46097
G01 X-7.35020 Y13.35525
G01 X-7.32111 Y13.32889
G01 X-7.29475 Y13.29981
G01 X-7.18903 Y13.17100
G01 X-7.14547 Y13.10580
G01 X-7.06691 Y12.95886
G01 X-7.05015 Y12.92338
G01 X-7.03691 Y12.88640
G01 X-6.98855 Y12.72696
G01 X-6.98497 Y12.70905
G01 X-6.98497 Y12.18099
G01 X-6.98855 Y12.16308
G01 X-7.03691 Y12.00362
G01 X-7.04410 Y11.98355
G01 X-7.04618 Y11.97614
G01 X-7.50496 Y10.67652
G01 X-7.50636 Y10.67675
G01 X-7.50496 Y10.67652
G01 X-7.50499 Y10.61353
G01 X-7.50636 Y10.61330
G01 X-7.50499 Y10.61353
G01 X-7.04618 Y9.31391
G01 X-7.04283 Y9.30073
G01 X-7.03691 Y9.28640
G01 X-6.98855 Y9.12694
G01 X-6.98520 Y9.11013
G01 X-6.98853 Y9.05742
G01 X-7.00455 Y8.89044
G01 X-7.01550 Y8.81508
G01 X-7.04728 Y8.65323
G01 X-7.06427 Y8.58465
G01 X-7.11151 Y8.42743
G01 X-7.13526 Y8.36060
G01 X-7.19798 Y8.20805
G01 X-7.23056 Y8.13878
G01 X-7.27415 Y8.05674
G01 X-7.27545 Y8.05415
G01 X-7.30984 Y7.97924
G01 X-7.55017 Y7.68117
G01 X-7.55058 Y7.68145
G01 X-7.55017 Y7.68117
G01 X-7.55424 Y7.67531
G01 X-7.55744 Y7.66893
G01 X-7.55909 Y7.66494
G01 X-7.57506 Y7.62882
G01 X-7.60100 Y7.57404
G01 X-7.63323 Y7.51363
G01 X-7.66318 Y7.46370
G01 X-7.69660 Y7.41361
G01 X-7.73056 Y7.36784
G01 X-7.76607 Y7.32456
G01 X-7.80445 Y7.28222
G01 X-7.82332 Y7.26238
G01 X-8.71781 Y6.36789
G01 X-8.71867 Y6.36700
G01 X-8.73833 Y6.34633
G01 X-8.73917 Y6.34544
G01 X-8.77872 Y6.30180
G01 X-8.78034 Y6.29992
G01 X-8.81745 Y6.25468
G01 X-8.81898 Y6.25275
G01 X-8.84910 Y6.21209
G01 X-8.89642 Y6.18684
G01 X-8.89858 Y6.18562
G01 X-8.94194 Y6.15964
G01 X-8.94400 Y6.15834
G01 X-8.98928 Y6.12812
G01 X-8.99129 Y6.12669
G01 X-9.03109 Y6.09718
G01 X-9.03300 Y6.09568
G01 X-9.07217 Y6.06355
G01 X-9.07404 Y6.06195
G01 X-9.08441 Y6.05255
G01 X-9.09099 Y6.04529
G01 X-9.09602 Y6.03688
G01 X-9.10496 Y6.01798
G01 X-9.11260 Y6.00183
G01 X-9.11359 Y5.99964
G01 X-9.13219 Y5.95484
G01 X-9.13310 Y5.95250
G01 X-9.15063 Y5.90348
G01 X-9.15139 Y5.90119
G01 X-9.16302 Y5.86289
G01 X-9.16371 Y5.86050
G01 X-9.17597 Y5.81150
G01 X-9.17651 Y5.80914
G01 X-9.17697 Y5.80924
G01 X-9.17651 Y5.80914
G01 X-9.18329 Y5.77511
G01 X-9.18372 Y5.77267
G01 X-9.19099 Y5.72362
G01 X-9.19129 Y5.72121
G01 X-9.19444 Y5.68941
G01 X-9.19462 Y5.68694
G01 X-9.19703 Y5.63795
G01 X-9.19706 Y5.63673
G01 X-9.19744 Y5.62126
G01 X-9.19746 Y5.62001
G01 X-9.19746 Y4.94503
G01 X-9.19744 Y4.94379
G01 X-9.19706 Y4.92832
G01 X-9.19703 Y4.92710
G01 X-9.19462 Y4.87811
G01 X-9.19500 Y4.87808
G01 X-9.19462 Y4.87811
G01 X-9.19444 Y4.87564
G01 X-9.19129 Y4.84382
G01 X-9.19099 Y4.84140
G01 X-9.18370 Y4.79238
G01 X-9.18329 Y4.78994
G01 X-9.17651 Y4.75598
G01 X-9.17597 Y4.75362
G01 X-9.16371 Y4.70460
G01 X-9.16411 Y4.70450
G01 X-9.16371 Y4.70460
G01 X-9.16305 Y4.70221
G01 X-9.15139 Y4.66386
G01 X-9.15063 Y4.66157
G01 X-9.13310 Y4.61255
G01 X-9.13219 Y4.61021
G01 X-9.11359 Y4.56541
G01 X-9.11260 Y4.56322
G01 X-9.08941 Y4.51420
G01 X-9.08829 Y4.51194
G01 X-9.05941 Y4.45812
G01 X-9.05825 Y4.45603
G01 X-9.02886 Y4.40704
G01 X-9.02751 Y4.40490
G01 X-9.00496 Y4.37127
G01 X-8.98273 Y4.33810
G01 X-8.98136 Y4.33617
G01 X-8.94499 Y4.28715
G01 X-8.94367 Y4.28542
G01 X-8.90498 Y4.23775
G01 X-8.90488 Y4.17298
G01 X-8.93909 Y4.13396
G01 X-8.90488 Y4.17298
G01 X-8.82797 Y4.18829
G01 X-8.77920 Y4.19309
G01 X-8.73998 Y4.19502
G01 X-7.79000 Y4.19502
G01 X-7.75078 Y4.19309
G01 X-7.70201 Y4.18829
G01 X-7.62510 Y4.17298
G01 X-7.57821 Y4.15875
G01 X-7.55601 Y4.15083
G01 X-7.55124 Y4.14961
G01 X-7.26498 Y4.04600
G01 X-7.26498 Y4.03998
G01 X-7.26498 Y4.04600
G01 X-6.97872 Y4.14961
G01 X-6.97341 Y4.15100
G01 X-6.95177 Y4.15875
G01 X-6.90488 Y4.17298
G01 X-6.82797 Y4.18829
G01 X-6.77921 Y4.19309
G01 X-6.73999 Y4.19502
G01 X-5.78998 Y4.19502
G01 X-5.75078 Y4.19309
G01 X-5.70202 Y4.18829
G01 X-5.62511 Y4.17298
G01 X-5.57819 Y4.15875
G01 X-5.50575 Y4.12875
G01 X-5.46255 Y4.10564
G01 X-5.42887 Y4.08547
G01 X-5.39734 Y4.06208
G01 X-5.35945 Y4.03099
G01 X-5.33036 Y4.00462
G01 X-5.30400 Y3.97554
G01 X-5.27291 Y3.93767
G01 X-5.26199 Y3.92129
G01 X-5.24819 Y3.88352
G01 X-5.24532 Y3.87450
G01 X-5.24489 Y3.87315
G01 X-5.22859 Y3.82629
G01 X-5.22810 Y3.82497
G01 X-5.22168 Y3.80808
G01 X-5.21959 Y3.80335
G01 X-5.21705 Y3.79888
G01 X-5.21787 Y3.79845
G01 X-5.21705 Y3.79888
G01 X-5.15526 Y3.70236
G01 X-5.15391 Y3.70036
G01 X-5.10888 Y3.63706
G01 X-5.10738 Y3.63505
G01 X-5.04924 Y3.56134
G01 X-5.04273 Y3.55454
G01 X-5.04576 Y3.55050
G01 X-5.04273 Y3.55454
G01 X-5.03509 Y3.54908
G01 X-5.02653 Y3.54514
G01 X-5.01312 Y3.54041
G01 X-5.01088 Y3.53970
G01 X-4.99112 Y3.53378
G01 X-4.93166 Y3.51600
G01 X-4.92922 Y3.51534
G01 X-4.90128 Y3.50851
G01 X-4.83920 Y3.48870
G01 X-4.90128 Y3.50851
G01 X-4.92922 Y3.51534
G01 X-4.93166 Y3.51600
G01 X-4.99112 Y3.53378
G01 X-5.02158 Y3.52073
G01 X-5.02452 Y3.50254
G01 X-5.02158 Y3.52073
G01 X-5.27992 Y3.75007
G01 X-5.28099 Y3.74920
G01 X-5.27992 Y3.75007
G01 X-5.28185 Y3.75548
G01 X-5.29445 Y3.78210
G01 X-5.31754 Y3.82533
G01 X-5.35023 Y3.87422
G01 X-5.38132 Y3.91212
G01 X-5.40108 Y3.93391
G01 X-5.42290 Y3.95370
G01 X-5.46077 Y3.98479
G01 X-5.48442 Y4.00231
G01 X-5.50969 Y4.01745
G01 X-5.55289 Y4.04057
G01 X-5.60722 Y4.06307
G01 X-5.65414 Y4.07729
G01 X-5.71182 Y4.08877
G01 X-5.76059 Y4.09358
G01 X-5.78998 Y4.09502
G01 X-6.73999 Y4.09502
G01 X-6.76940 Y4.09358
G01 X-6.81817 Y4.08877
G01 X-6.87585 Y4.07729
G01 X-6.92274 Y4.06307
G01 X-6.94077 Y4.05662
G01 X-6.94471 Y4.05558
G01 X-7.26498 Y3.93968
G01 X-7.26498 Y3.93335
G01 X-7.26498 Y3.93968
G01 X-7.58525 Y4.05558
G01 X-7.58880 Y4.05647
G01 X-7.60722 Y4.06307
G01 X-7.65413 Y4.07729
G01 X-7.71182 Y4.08877
G01 X-7.76059 Y4.09358
G01 X-7.79000 Y4.09502
G01 X-8.73998 Y4.09502
G01 X-8.76940 Y4.09358
G01 X-8.81816 Y4.08877
G01 X-8.87585 Y4.07729
G01 X-8.88311 Y4.07508
G01 X-9.00496 Y4.05448
G01 X-9.03983 Y4.01390
G01 X-9.00496 Y4.05448
G01 X-9.00496 Y4.37127
G01 X-9.02751 Y4.40490
G01 X-9.02886 Y4.40704
G01 X-9.05825 Y4.45603
G01 X-9.05941 Y4.45812
G01 X-9.08829 Y4.51194
G01 X-9.08941 Y4.51420
G01 X-9.11260 Y4.56322
G01 X-9.10498 Y4.54707
G01 X-9.10496 Y3.93615
G01 X-9.14014 Y3.89485
G01 X-9.10496 Y3.93615
G01 X-8.86015 Y3.97755
G01 X-8.84682 Y3.98159
G01 X-8.80836 Y3.98926
G01 X-8.75959 Y3.99406
G01 X-8.73998 Y3.99502
G01 X-7.79000 Y3.99502
G01 X-7.77039 Y3.99406
G01 X-7.72162 Y3.98926
G01 X-7.68317 Y3.98159
G01 X-7.63625 Y3.96736
G01 X-7.62162 Y3.96213
G01 X-7.61928 Y3.96155
G01 X-7.26498 Y3.83333
G01 X-7.26503 Y3.82733
G01 X-7.26498 Y3.83333
G01 X-6.91068 Y3.96155
G01 X-6.90814 Y3.96221
G01 X-6.89371 Y3.96736
G01 X-6.84682 Y3.98159
G01 X-6.80836 Y3.98926
G01 X-6.75960 Y3.99406
G01 X-6.73999 Y3.99502
G01 X-5.78998 Y3.99502
G01 X-5.77039 Y3.99406
G01 X-5.72160 Y3.98926
G01 X-5.68317 Y3.98159
G01 X-5.63626 Y3.96736
G01 X-5.60004 Y3.95238
G01 X-5.55680 Y3.92926
G01 X-5.53999 Y3.91918
G01 X-5.52422 Y3.90747
G01 X-5.48632 Y3.87638
G01 X-5.47179 Y3.86322
G01 X-5.45861 Y3.84867
G01 X-5.42752 Y3.81077
G01 X-5.40573 Y3.77818
G01 X-5.38264 Y3.73495
G01 X-5.37423 Y3.71722
G01 X-5.36763 Y3.69873
G01 X-5.36575 Y3.69256
G01 X-5.36707 Y3.69152
G01 X-5.36575 Y3.69256
G01 X-5.04050 Y3.40384
G01 X-5.04347 Y3.38586
G01 X-5.04050 Y3.40384
G01 X-4.85973 Y3.48131
G01 X-4.85450 Y3.48319
G01 X-4.85152 Y3.48479
G01 X-4.84263 Y3.48748
G01 X-4.83920 Y3.48870
G01 X-4.81571 Y3.48123
G01 X-4.79399 Y3.47229
G01 X-4.79293 Y3.47186
G01 X-4.77294 Y3.46419
G01 X-4.77182 Y3.46376
G01 X-4.66890 Y3.42693
G01 X-4.66661 Y3.42616
G01 X-4.63346 Y3.41611
G01 X-4.63105 Y3.41542
G01 X-4.56951 Y3.40003
G01 X-3.43494 Y3.40000
G01 X-3.27500 Y3.40000
G01 X-3.25549 Y3.39810
G01 X-3.23672 Y3.39241
G01 X-3.21942 Y3.38316
G01 X-3.20428 Y3.37072
G01 X-3.19184 Y3.35558
G01 X-3.18259 Y3.33828
G01 X-3.17690 Y3.31951
G01 X-3.17500 Y3.30000
G01 X-3.17500 Y2.25002
G01 X-3.17690 Y2.23051
G01 X-3.18259 Y2.21174
G01 X-3.19184 Y2.19447
G01 X-3.20428 Y2.17930
G01 X-3.21942 Y2.16686
G01 X-3.23672 Y2.15761
G01 X-3.25549 Y2.15192
G01 X-3.27500 Y2.15002
G01 X-4.77499 Y2.15002
G01 X-4.79450 Y2.15192
G01 X-4.81325 Y2.15761
G01 X-4.81698 Y2.15962
G01 X-4.82033 Y2.16069
G01 X-5.32053 Y2.37501
G01 X-5.83250 Y2.37501
G01 X-5.84032 Y2.37534
G01 X-5.88726 Y2.37902
G01 X-5.90275 Y2.38149
G01 X-5.94855 Y2.39246
G01 X-5.96346 Y2.39731
G01 X-6.00694 Y2.41535
G01 X-6.02094 Y2.42246
G01 X-6.06107 Y2.44707
G01 X-6.07377 Y2.45629
G01 X-6.10956 Y2.48685
G01 X-6.11533 Y2.49218
G01 X-6.11713 Y2.49399
G01 X-6.35957 Y2.51928
G01 X-6.36440 Y2.51989
G01 X-6.36506 Y2.51999
G01 X-6.73999 Y2.52002
G01 X-6.74979 Y2.52050
G01 X-6.79856 Y2.52530
G01 X-6.81779 Y2.52911
G01 X-6.86468 Y2.54334
G01 X-6.87189 Y2.54633
G01 X-6.87664 Y2.54753
G01 X-7.26498 Y2.68809
G01 X-7.65330 Y2.54755
G01 X-7.65530 Y2.54699
G01 X-7.65604 Y2.54666
G01 X-7.66528 Y2.54334
G01 X-7.71220 Y2.52911
G01 X-7.73140 Y2.52530
G01 X-7.78019 Y2.52050
G01 X-7.79000 Y2.52002
G01 X-8.73998 Y2.52002
G01 X-8.74979 Y2.52050
G01 X-8.79856 Y2.52530
G01 X-8.81778 Y2.52911
G01 X-8.86470 Y2.54334
G01 X-8.88281 Y2.55086
G01 X-8.92601 Y2.57394
G01 X-8.93445 Y2.57900
G01 X-8.94232 Y2.58484
G01 X-8.98019 Y2.61593
G01 X-8.99406 Y2.62980
G01 X-9.02515 Y2.66767
G01 X-9.03605 Y2.68398
G01 X-9.04837 Y2.70704
G01 X-9.18784 Y2.80905
G01 X-9.23582 Y2.81377
G01 X-9.24552 Y2.81522
G01 X-9.25504 Y2.81761
G01 X-9.31131 Y2.83468
G01 X-9.32942 Y2.84217
G01 X-9.38128 Y2.86991
G01 X-9.38972 Y2.87493
G01 X-9.39759 Y2.88080
G01 X-9.44306 Y2.91809
G01 X-9.45032 Y2.92469
G01 X-9.88781 Y3.36218
G01 X-9.89441 Y3.36945
G01 X-9.93170 Y3.41491
G01 X-9.93757 Y3.42279
G01 X-9.94260 Y3.43122
G01 X-9.97033 Y3.48309
G01 X-9.97783 Y3.50120
G01 X-9.99490 Y3.55746
G01 X-9.99728 Y3.56698
G01 X-9.99873 Y3.57669
G01 X-10.00450 Y3.63523
G01 X-10.00498 Y3.64501
G01 X-10.00498 Y6.24501
G01 X-10.00450 Y6.25481
G01 X-9.99873 Y6.31336
G01 X-9.99728 Y6.32306
G01 X-9.99490 Y6.33259
G01 X-9.97783 Y6.38885
G01 X-9.97033 Y6.40696
G01 X-9.94260 Y6.45882
G01 X-9.93757 Y6.46726
G01 X-9.93170 Y6.47513
G01 X-9.89441 Y6.52060
G01 X-9.88781 Y6.52786
G01 X-8.87991 Y7.53576
G01 X-9.08596 Y8.48910
G01 X-9.08634 Y8.49186
G01 X-9.13434 Y8.65016
G01 X-9.13818 Y8.66939
G01 X-9.15451 Y8.83522
G01 X-9.15499 Y8.84500
G01 X-9.15451 Y8.85481
G01 X-9.13818 Y9.02064
G01 X-9.13434 Y9.03987
G01 X-9.08598 Y9.19933
G01 X-9.08296 Y9.20660
G01 X-9.08088 Y9.21404
G01 X-8.60498 Y10.56219
G01 X-8.60498 Y10.72785
G01 X-9.08088 Y12.07601
G01 X-9.08243 Y12.08215
G01 X-9.08598 Y12.09071
G01 X-9.13434 Y12.25015
G01 X-9.13818 Y12.26938
G01 X-9.15451 Y12.43521
G01 X-9.15499 Y12.44502
G01 X-9.15451 Y12.45482
G01 X-9.13818 Y12.62063
G01 X-9.13434 Y12.63986
G01 X-9.08598 Y12.79932
G01 X-9.08268 Y12.80857
G01 X-9.07849 Y12.81743
G01 X-8.99993 Y12.96440
G01 X-8.98903 Y12.98068
G01 X-8.88334 Y13.10948
G01 X-8.87674 Y13.11677
G01 X-8.86947 Y13.12335
G01 X-8.74067 Y13.22907
G01 X-8.72436 Y13.23996
G01 X-8.57740 Y13.31850
G01 X-8.55929 Y13.32599
G01 X-8.39985 Y13.37438
G01 X-8.39033 Y13.37677
G01 X-8.38062 Y13.37819
G01 X-8.21479 Y13.39452
G01 X-8.19518 Y13.39452
G01 X-8.02937 Y13.37819
G01 X-8.01964 Y13.37677
G01 X-8.01014 Y13.37438
G01 X-7.85068 Y13.32599
G01 X-7.83257 Y13.31850
G01 X-7.68560 Y13.23996
G01 X-7.66932 Y13.22907
G01 X-7.54052 Y13.12335
G01 X-7.53323 Y13.11677
G01 X-7.52665 Y13.10948
G01 X-7.42094 Y12.98068
G01 X-7.41004 Y12.96440
G01 X-7.33150 Y12.81743
G01 X-7.32731 Y12.80857
G01 X-7.32398 Y12.79932
G01 X-7.27562 Y12.63986
G01 X-7.27181 Y12.62063
G01 X-7.25548 Y12.45482
G01 X-7.25500 Y12.44502
G01 X-7.25548 Y12.43521
G01 X-7.27181 Y12.26938
G01 X-7.27562 Y12.25015
G01 X-7.32398 Y12.09071
G01 X-7.32731 Y12.08147
G01 X-7.32787 Y12.08025
G01 X-7.32906 Y12.07601
G01 X-7.80496 Y10.72793
G01 X-7.80498 Y10.56212
G01 X-7.32906 Y9.21404
G01 X-7.32746 Y9.20769
G01 X-7.32398 Y9.19933
G01 X-7.27562 Y9.03987
G01 X-7.27181 Y9.02064
G01 X-7.25548 Y8.85481
G01 X-7.25500 Y8.84500
G01 X-7.25548 Y8.83522
G01 X-7.27181 Y8.66939
G01 X-7.27562 Y8.65016
G01 X-7.32398 Y8.49070
G01 X-7.32731 Y8.48145
G01 X-7.33150 Y8.47259
G01 X-7.41004 Y8.32565
G01 X-7.42094 Y8.30934
G01 X-7.49132 Y8.22359
G01 X-7.80496 Y7.73606
G01 X-7.80496 Y7.64503
G01 X-7.80544 Y7.63522
G01 X-7.81121 Y7.57668
G01 X-7.81266 Y7.56697
G01 X-7.81504 Y7.55745
G01 X-7.83211 Y7.50119
G01 X-7.83960 Y7.48308
G01 X-7.86734 Y7.43121
G01 X-7.87237 Y7.42278
G01 X-7.87824 Y7.41490
G01 X-7.91553 Y7.36944
G01 X-7.92213 Y7.36217
G01 X-9.20496 Y6.07932
G01 X-9.20496 Y3.81781
G01 X-8.83721 Y3.88001
G01 X-8.81778 Y3.88590
G01 X-8.79856 Y3.88971
G01 X-8.74979 Y3.89454
G01 X-8.73998 Y3.89502
G01 X-7.79000 Y3.89502
G01 X-7.78019 Y3.89454
G01 X-7.73140 Y3.88971
G01 X-7.71220 Y3.88590
G01 X-7.66528 Y3.87168
G01 X-7.65604 Y3.86835
G01 X-7.65525 Y3.86800
G01 X-7.65332 Y3.86752
G01 X-7.26498 Y3.72698
G01 X-6.87664 Y3.86752
G01 X-6.87461 Y3.86805
G01 X-6.87392 Y3.86838
G01 X-6.86468 Y3.87168
G01 X-6.81779 Y3.88590
G01 X-6.79856 Y3.88971
G01 X-6.74979 Y3.89454
G01 X-6.73999 Y3.89502
G01 X-5.78998 Y3.89502
G01 X-5.78020 Y3.89454
G01 X-5.73140 Y3.88971
G01 X-5.71218 Y3.88590
G01 X-5.66529 Y3.87168
G01 X-5.64718 Y3.86416
G01 X-5.60395 Y3.84107
G01 X-5.59554 Y3.83602
G01 X-5.58767 Y3.83018
G01 X-5.54977 Y3.79909
G01 X-5.53590 Y3.78522
G01 X-5.50481 Y3.74735
G01 X-5.49394 Y3.73104
G01 X-5.47083 Y3.68784
G01 X-5.46664 Y3.67895
G01 X-5.46333 Y3.66970
G01 X-5.45325 Y3.63650
G01 X-5.05945 Y3.28692
G01 X-4.82033 Y3.38939
G01 X-4.81586 Y3.39101
G01 X-4.81325 Y3.39241
G01 X-4.79450 Y3.39810
G01 X-4.77499 Y3.40000
G01 X-3.43494 Y3.40000
G01 X-3.27329 Y3.42332
G01 X-3.11757 Y3.41156
G01 X-3.10621 Y3.40653
G01 X-2.97995 Y3.35073
G01 X-3.10621 Y3.40653
G01 X-3.09021 Y3.37656
G01 X-3.07883 Y3.33904
G01 X-3.07500 Y3.30000
G01 X-3.07500 Y2.25002
G01 X-3.07883 Y2.21100
G01 X-3.09021 Y2.17349
G01 X-3.10870 Y2.13889
G01 X-3.13357 Y2.10859
G01 X-3.16387 Y2.08372
G01 X-3.19844 Y2.06523
G01 X-3.23598 Y2.05385
G01 X-3.27500 Y2.05002
G01 X-4.77499 Y2.05002
G01 X-4.81401 Y2.05385
G01 X-4.85152 Y2.06523
G01 X-4.85579 Y2.06752
G01 X-4.85973 Y2.06876
G01 X-5.34103 Y2.27501
G01 X-5.34068 Y2.27684
G01 X-5.34103 Y2.27501
G01 X-5.83250 Y2.27501
G01 X-5.84817 Y2.27565
G01 X-5.89511 Y2.27933
G01 X-5.92610 Y2.28423
G01 X-5.97189 Y2.29523
G01 X-6.00174 Y2.30493
G01 X-6.04522 Y2.32294
G01 X-6.07319 Y2.33719
G01 X-6.11332 Y2.36180
G01 X-6.13872 Y2.38024
G01 X-6.15932 Y2.39785
G01 X-6.15835 Y2.40059
G01 X-6.15932 Y2.39785
G01 X-6.36994 Y2.41982
G01 X-6.37146 Y2.42012
G01 X-6.73999 Y2.42002
G01 X-6.75960 Y2.42099
G01 X-6.80836 Y2.42579
G01 X-6.84682 Y2.43343
G01 X-6.89371 Y2.44766
G01 X-6.90336 Y2.45164
G01 X-6.91068 Y2.45350
G01 X-7.26498 Y2.58174
G01 X-7.26498 Y2.58741
G01 X-7.26498 Y2.58174
G01 X-7.61926 Y2.45352
G01 X-7.62175 Y2.45286
G01 X-7.63625 Y2.44766
G01 X-7.68317 Y2.43343
G01 X-7.72162 Y2.42579
G01 X-7.77039 Y2.42099
G01 X-7.79000 Y2.42002
G01 X-8.73998 Y2.42002
G01 X-8.75959 Y2.42099
G01 X-8.80836 Y2.42579
G01 X-8.84682 Y2.43343
G01 X-8.89370 Y2.44766
G01 X-8.92993 Y2.46267
G01 X-8.97316 Y2.48576
G01 X-8.99000 Y2.49584
G01 X-9.00577 Y2.50755
G01 X-9.04364 Y2.53864
G01 X-9.05820 Y2.55182
G01 X-9.07138 Y2.56635
G01 X-9.10247 Y2.60425
G01 X-9.12424 Y2.63683
G01 X-9.12581 Y2.63981
G01 X-9.12510 Y2.64052
G01 X-9.12581 Y2.63981
G01 X-9.22482 Y2.71222
G01 X-9.22396 Y2.71410
G01 X-9.22482 Y2.71222
G01 X-9.24562 Y2.71425
G01 X-9.26503 Y2.71715
G01 X-9.28405 Y2.72190
G01 X-9.34034 Y2.73899
G01 X-9.37656 Y2.75398
G01 X-9.42843 Y2.78172
G01 X-9.44527 Y2.79180
G01 X-9.46104 Y2.80348
G01 X-9.50648 Y2.84080
G01 X-9.52103 Y2.85398
G01 X-9.95852 Y3.29147
G01 X-9.97171 Y3.30602
G01 X-10.00902 Y3.35146
G01 X-10.02070 Y3.36724
G01 X-10.03079 Y3.38408
G01 X-10.05852 Y3.43594
G01 X-10.07351 Y3.47216
G01 X-10.09060 Y3.52845
G01 X-10.09535 Y3.54748
G01 X-10.09825 Y3.56688
G01 X-10.10401 Y3.62543
G01 X-10.10498 Y3.64501
G01 X-10.10498 Y6.24501
G01 X-10.10401 Y6.26462
G01 X-10.09825 Y6.32316
G01 X-10.09535 Y6.34257
G01 X-10.09060 Y6.36159
G01 X-10.07351 Y6.41788
G01 X-10.05852 Y6.45410
G01 X-10.03079 Y6.50597
G01 X-10.02070 Y6.52281
G01 X-10.00902 Y6.53858
G01 X-9.97171 Y6.58402
G01 X-9.95852 Y6.59857
G01 X-8.98918 Y7.56791
G01 X-8.97587 Y7.56400
G01 X-8.98918 Y7.56791
G01 X-9.18370 Y8.46796
G01 X-9.18370 Y8.46865
G01 X-9.23005 Y8.62113
G01 X-9.23770 Y8.65958
G01 X-9.25403 Y8.82542
G01 X-9.25499 Y8.84500
G01 X-9.25403 Y8.86461
G01 X-9.23770 Y9.03045
G01 X-9.23005 Y9.06890
G01 X-9.18166 Y9.22836
G01 X-9.17803 Y9.23715
G01 X-9.17516 Y9.24734
G01 X-8.70498 Y10.57931
G01 X-8.70353 Y10.57908
G01 X-8.70498 Y10.57931
G01 X-8.70498 Y10.71073
G01 X-8.70353 Y10.71099
G01 X-8.70498 Y10.71073
G01 X-9.17516 Y12.04271
G01 X-9.17732 Y12.05114
G01 X-9.18166 Y12.06168
G01 X-9.23005 Y12.22112
G01 X-9.23770 Y12.25957
G01 X-9.25403 Y12.42541
G01 X-9.25499 Y12.44502
G01 X-9.25403 Y12.46463
G01 X-9.23770 Y12.63044
G01 X-9.23005 Y12.66889
G01 X-9.18166 Y12.82836
G01 X-9.17506 Y12.84682
G01 X-9.16668 Y12.86458
G01 X-9.08812 Y13.01152
G01 X-9.06635 Y13.04413
G01 X-8.96063 Y13.17293
G01 X-8.94745 Y13.18749
G01 X-8.93290 Y13.20064
G01 X-8.80409 Y13.30636
G01 X-8.78835 Y13.31807
G01 X-8.77151 Y13.32815
G01 X-8.62454 Y13.40669
G01 X-8.58832 Y13.42170
G01 X-8.42886 Y13.47006
G01 X-8.40983 Y13.47484
G01 X-8.39043 Y13.47771
G01 X-8.22459 Y13.49404
G01 X-8.18537 Y13.49404
G01 X-8.01956 Y13.47771
G01 X-8.00013 Y13.47484
G01 X-7.98111 Y13.47006
G01 X-7.82165 Y13.42170
G01 X-7.78543 Y13.40669
G01 X-7.63846 Y13.32815
G01 X-7.62165 Y13.31807
G01 X-7.60587 Y13.30636
G01 X-7.47707 Y13.20064
G01 X-7.46252 Y13.18749
G01 X-7.44933 Y13.17293
G01 X-7.34364 Y13.04413
G01 X-7.32185 Y13.01152
G01 X-7.24331 Y12.86458
G01 X-7.23491 Y12.84682
G01 X-7.22830 Y12.82836
G01 X-7.17994 Y12.66889
G01 X-7.17227 Y12.63044
G01 X-7.15594 Y12.46463
G01 X-7.15500 Y12.44502
G01 X-7.15594 Y12.42541
G01 X-7.17227 Y12.25957
G01 X-7.17994 Y12.22112
G01 X-7.22830 Y12.06168
G01 X-7.23361 Y12.04682
G01 X-7.23478 Y12.04271
G01 X-7.70496 Y10.71081
G01 X-7.70636 Y10.71104
G01 X-7.70496 Y10.71081
G01 X-7.70498 Y10.57926
G01 X-7.70641 Y10.57901
G01 X-7.70498 Y10.57926
G01 X-7.23478 Y9.24734
G01 X-7.23260 Y9.23870
G01 X-7.22830 Y9.22836
G01 X-7.17994 Y9.06890
G01 X-7.17227 Y9.03045
G01 X-7.15594 Y8.86461
G01 X-7.15500 Y8.84500
G01 X-7.15594 Y8.82542
G01 X-7.17227 Y8.65958
G01 X-7.17994 Y8.62113
G01 X-7.22830 Y8.46166
G01 X-7.23491 Y8.44320
G01 X-7.24331 Y8.42544
G01 X-7.32185 Y8.27850
G01 X-7.34364 Y8.24589
G01 X-7.41034 Y8.16461
G01 X-7.70496 Y7.70667
G01 X-7.70816 Y7.70772
G01 X-7.70496 Y7.70667
G01 X-7.70496 Y7.64503
G01 X-7.70592 Y7.62542
G01 X-7.71169 Y7.56687
G01 X-7.71459 Y7.54747
G01 X-7.71934 Y7.52844
G01 X-7.73643 Y7.47216
G01 X-7.75142 Y7.43594
G01 X-7.77915 Y7.38407
G01 X-7.78924 Y7.36723
G01 X-7.80092 Y7.35146
G01 X-7.83823 Y7.30602
G01 X-7.85142 Y7.29146
G01 X-9.10496 Y6.03792
G01 X-9.10747 Y6.03942
G01 X-9.10496 Y6.03792
G01 X-9.10496 Y6.01798
G04 P0 ( dwell for no time -- G64 should not smooth over this point )
G00 Z5.00000 ( retract )

G00 X-14.08008 Y4.53830 ( rapid move to begin. )
G01 F150.00000
( Mill infeed pass 1/1 )
G01 Z-0.06000
G04 P0 ( dwell for no time -- G64 should not smooth over this point )
G01 F300.00000
G01 X-14.08008 Y4.53830
G01 X-14.06301 Y4.53889
G01 X-14.06052 Y4.53904
G01 X-14.02821 Y4.54176
G01 X-14.02583 Y4.54204
G01 X-13.91688 Y4.55657
G01 X-13.91442 Y4.55697
G01 X-13.87030 Y4.56513
G01 X-13.86794 Y4.56563
G01 X-13.81056 Y4.57910
G01 X-13.75633 Y4.59187
G01 X-13.75389 Y4.59251
G01 X-13.69263 Y4.61021
G01 X-13.69037 Y4.61095
G01 X-13.61462 Y4.63678
G01 X-13.69037 Y4.61095
G01 X-13.69263 Y4.61021
G01 X-13.75389 Y4.59251
G01 X-13.75633 Y4.59187
G01 X-13.81056 Y4.57910
G01 X-13.32443 Y4.46767
G01 X-13.32049 Y4.45395
G01 X-13.32443 Y4.46767
G01 X-13.03500 Y4.75712
G01 X-13.02740 Y4.75398
G01 X-13.03500 Y4.75712
G01 X-13.03500 Y5.65001
G01 X-13.03403 Y5.66962
G01 X-13.02827 Y5.72817
G01 X-13.02537 Y5.74757
G01 X-13.02062 Y5.76660
G01 X-13.00353 Y5.82288
G01 X-12.98854 Y5.85910
G01 X-12.97551 Y5.88346
G01 X-12.95666 Y5.88743
G01 X-12.97551 Y5.88346
G01 X-13.94853 Y6.85646
G01 X-13.96172 Y6.87101
G01 X-13.99903 Y6.91646
G01 X-14.01071 Y6.93223
G01 X-14.02080 Y6.94907
G01 X-14.04853 Y7.00094
G01 X-14.06352 Y7.03716
G01 X-14.08061 Y7.09344
G01 X-14.08138 Y7.09654
G01 X-14.08056 Y7.09695
G01 X-14.08138 Y7.09654
G01 X-14.50045 Y7.70860
G01 X-14.49905 Y7.71005
G01 X-14.50045 Y7.70860
G01 X-14.51338 Y7.71208
G01 X-14.54498 Y7.72682
G01 X-14.57355 Y7.74681
G01 X-14.59819 Y7.77144
G01 X-14.61820 Y7.80002
G01 X-14.63294 Y7.83162
G01 X-14.64195 Y7.86527
G01 X-14.64498 Y7.90002
G01 X-14.64498 Y9.60002
G01 X-14.64114 Y9.63903
G01 X-14.62976 Y9.67655
G01 X-14.61127 Y9.71112
G01 X-14.60939 Y9.71345
G01 X-14.60774 Y9.71660
G01 X-14.09496 Y10.50908
G01 X-14.09087 Y10.50786
G01 X-14.09496 Y10.50908
G01 X-14.09499 Y10.59097
G01 X-14.09087 Y10.59219
G01 X-14.09499 Y10.59097
G01 X-14.60774 Y11.38345
G01 X-14.60964 Y11.38691
G01 X-14.61127 Y11.38889
G01 X-14.62976 Y11.42348
G01 X-14.64114 Y11.46100
G01 X-14.64498 Y11.50001
G01 X-14.64498 Y13.20001
G01 X-14.64114 Y13.23902
G01 X-14.62976 Y13.27654
G01 X-14.61127 Y13.31113
G01 X-14.58640 Y13.34144
G01 X-14.55610 Y13.36630
G01 X-14.52153 Y13.38479
G01 X-14.48402 Y13.39617
G01 X-14.44498 Y13.40001
G01 X-12.74498 Y13.40001
G01 X-12.70597 Y13.39617
G01 X-12.66845 Y13.38479
G01 X-12.63388 Y13.36630
G01 X-12.60358 Y13.34144
G01 X-12.57869 Y13.31113
G01 X-12.56022 Y13.27654
G01 X-12.54884 Y13.23902
G01 X-12.54498 Y13.20001
G01 X-12.54498 Y11.50001
G01 X-12.54884 Y11.46100
G01 X-12.56022 Y11.42348
G01 X-12.57869 Y11.38889
G01 X-12.58011 Y11.38719
G01 X-12.58219 Y11.38345
G01 X-13.09497 Y10.59097
G01 X-13.09908 Y10.59219
G01 X-13.09497 Y10.59097
G01 X-13.09497 Y10.50908
G01 X-13.09908 Y10.50786
G01 X-13.09497 Y10.50908
G01 X-12.58219 Y9.71660
G01 X-12.58016 Y9.71292
G01 X-12.57869 Y9.71112
G01 X-12.56022 Y9.67655
G01 X-12.54884 Y9.63903
G01 X-12.54498 Y9.60002
G01 X-12.54498 Y7.90002
G01 X-12.54884 Y7.86101
G01 X-12.56022 Y7.82346
G01 X-12.57869 Y7.78889
G01 X-12.59360 Y7.77076
G01 X-12.60274 Y7.75897
G01 X-12.99502 Y7.31717
G01 X-13.03218 Y7.31602
G01 X-12.99502 Y7.31717
G01 X-12.18143 Y6.50358
G01 X-12.16825 Y6.48902
G01 X-12.13093 Y6.44358
G01 X-12.11925 Y6.42781
G01 X-12.10917 Y6.41097
G01 X-12.08143 Y6.35910
G01 X-12.06644 Y6.32288
G01 X-12.04935 Y6.26660
G01 X-12.04460 Y6.24757
G01 X-12.04170 Y6.22817
G01 X-12.03594 Y6.16962
G01 X-12.03594 Y6.13043
G01 X-12.04170 Y6.07188
G01 X-12.04460 Y6.05247
G01 X-12.04935 Y6.03345
G01 X-12.06644 Y5.97716
G01 X-12.08143 Y5.94094
G01 X-12.10330 Y5.90002
G01 X-12.11034 Y5.89987
G01 X-12.10330 Y5.90002
G01 X-12.08143 Y5.85910
G01 X-12.06644 Y5.82288
G01 X-12.04935 Y5.76660
G01 X-12.04460 Y5.74757
G01 X-12.04170 Y5.72817
G01 X-12.03594 Y5.66962
G01 X-12.03497 Y5.65001
G01 X-12.03497 Y4.05001
G01 X-12.03594 Y4.03043
G01 X-12.04170 Y3.97188
G01 X-12.04460 Y3.95248
G01 X-12.04935 Y3.93345
G01 X-12.06644 Y3.87717
G01 X-12.08143 Y3.84095
G01 X-12.10917 Y3.78908
G01 X-12.11925 Y3.77224
G01 X-12.13093 Y3.75647
G01 X-12.16825 Y3.71103
G01 X-12.19598 Y3.68329
G01 X-12.24142 Y3.64598
G01 X-12.25720 Y3.63429
G01 X-12.27404 Y3.62421
G01 X-12.32591 Y3.59647
G01 X-12.36213 Y3.58149
G01 X-12.41841 Y3.56439
G01 X-12.43744 Y3.55964
G01 X-12.45684 Y3.55675
G01 X-12.51539 Y3.55098
G01 X-12.55458 Y3.55098
G01 X-12.61313 Y3.55675
G01 X-12.63253 Y3.55964
G01 X-12.65156 Y3.56439
G01 X-12.70784 Y3.58149
G01 X-12.74407 Y3.59647
G01 X-12.76842 Y3.60950
G01 X-12.77081 Y3.62479
G01 X-12.76842 Y3.60950
G01 X-12.78143 Y3.59647
G01 X-12.79598 Y3.58329
G01 X-12.84142 Y3.54598
G01 X-12.87404 Y3.52421
G01 X-12.92590 Y3.49647
G01 X-12.94363 Y3.48809
G01 X-12.96212 Y3.48149
G01 X-13.01841 Y3.46439
G01 X-13.03744 Y3.45964
G01 X-13.05684 Y3.45675
G01 X-13.11539 Y3.45098
G01 X-13.13500 Y3.45002
G01 X-13.24744 Y3.45002
G01 X-13.24749 Y3.45035
G01 X-13.24744 Y3.45002
G01 X-13.56306 Y3.37768
G01 X-13.44018 Y3.30323
G01 X-13.23611 Y3.35002
G01 X-13.23616 Y3.35030
G01 X-13.23611 Y3.35002
G01 X-13.13500 Y3.35002
G01 X-13.10558 Y3.35146
G01 X-13.04706 Y3.35723
G01 X-13.01793 Y3.36155
G01 X-12.98938 Y3.36871
G01 X-12.93309 Y3.38578
G01 X-12.90538 Y3.39571
G01 X-12.87876 Y3.40828
G01 X-12.82689 Y3.43602
G01 X-12.77800 Y3.46868
G01 X-12.75036 Y3.49137
G01 X-12.75179 Y3.50150
G01 X-12.75036 Y3.49137
G01 X-12.73688 Y3.48578
G01 X-12.68059 Y3.46871
G01 X-12.65204 Y3.46155
G01 X-12.62291 Y3.45723
G01 X-12.56439 Y3.45146
G01 X-12.50558 Y3.45146
G01 X-12.44706 Y3.45723
G01 X-12.41793 Y3.46155
G01 X-12.38938 Y3.46871
G01 X-12.33309 Y3.48578
G01 X-12.27876 Y3.50828
G01 X-12.22690 Y3.53602
G01 X-12.20165 Y3.55113
G01 X-12.17800 Y3.56868
G01 X-12.13253 Y3.60600
G01 X-12.09095 Y3.64758
G01 X-12.05364 Y3.69304
G01 X-12.03609 Y3.71669
G01 X-12.02098 Y3.74194
G01 X-11.99324 Y3.79380
G01 X-11.97074 Y3.84814
G01 X-11.95367 Y3.90442
G01 X-11.94651 Y3.93297
G01 X-11.94219 Y3.96210
G01 X-11.93642 Y4.02063
G01 X-11.93497 Y4.05001
G01 X-11.93497 Y5.65001
G01 X-11.93642 Y5.67942
G01 X-11.94219 Y5.73795
G01 X-11.94651 Y5.76708
G01 X-11.95367 Y5.79563
G01 X-11.97074 Y5.85192
G01 X-11.99068 Y5.90002
G01 X-11.99604 Y5.90002
G01 X-11.99068 Y5.90002
G01 X-11.97074 Y5.94813
G01 X-11.95367 Y6.00442
G01 X-11.94651 Y6.03297
G01 X-11.94219 Y6.06210
G01 X-11.93642 Y6.12062
G01 X-11.93642 Y6.17942
G01 X-11.94219 Y6.23794
G01 X-11.94651 Y6.26708
G01 X-11.95367 Y6.29563
G01 X-11.97074 Y6.35191
G01 X-11.99324 Y6.40625
G01 X-12.02098 Y6.45811
G01 X-12.03609 Y6.48336
G01 X-12.05364 Y6.50701
G01 X-12.09095 Y6.55247
G01 X-12.11072 Y6.57429
G01 X-12.85768 Y7.32125
G01 X-12.89464 Y7.32009
G01 X-12.85768 Y7.32125
G01 X-12.52796 Y7.69258
G01 X-12.50950 Y7.71635
G01 X-12.49555 Y7.73334
G01 X-12.46781 Y7.78521
G01 X-12.45075 Y7.84150
G01 X-12.44498 Y7.90002
G01 X-12.44498 Y9.60002
G01 X-12.45075 Y9.65854
G01 X-12.46781 Y9.71482
G01 X-12.47701 Y9.73202
G01 X-12.47731 Y9.73281
G01 X-12.48219 Y9.74172
G01 X-12.49555 Y9.76669
G01 X-12.49662 Y9.76799
G01 X-12.49822 Y9.77093
G01 X-12.99497 Y10.53862
G01 X-12.99908 Y10.53740
G01 X-12.99497 Y10.53862
G01 X-12.99497 Y10.56143
G01 X-12.99908 Y10.56265
G01 X-12.99497 Y10.56143
G01 X-12.49822 Y11.32912
G01 X-12.49657 Y11.33209
G01 X-12.49555 Y11.33334
G01 X-12.48788 Y11.34769
G01 X-12.47904 Y11.36356
G01 X-12.47800 Y11.36618
G01 X-12.46781 Y11.38520
G01 X-12.45075 Y11.44149
G01 X-12.44498 Y11.50001
G01 X-12.44498 Y13.20001
G01 X-12.45075 Y13.25853
G01 X-12.46781 Y13.31482
G01 X-12.49555 Y13.36668
G01 X-12.53286 Y13.41215
G01 X-12.57830 Y13.44946
G01 X-12.63017 Y13.47717
G01 X-12.68646 Y13.49424
G01 X-12.74498 Y13.50001
G01 X-14.44498 Y13.50001
G01 X-14.50352 Y13.49424
G01 X-14.55978 Y13.47717
G01 X-14.61165 Y13.44946
G01 X-14.65712 Y13.41215
G01 X-14.69443 Y13.36668
G01 X-14.72214 Y13.31482
G01 X-14.73924 Y13.25853
G01 X-14.74498 Y13.20001
G01 X-14.74498 Y11.50001
G01 X-14.73924 Y11.44149
G01 X-14.72214 Y11.38520
G01 X-14.71264 Y11.36740
G01 X-14.71239 Y11.36676
G01 X-14.70865 Y11.35993
G01 X-14.69443 Y11.33334
G01 X-14.69321 Y11.33184
G01 X-14.69171 Y11.32912
G01 X-14.19499 Y10.56143
G01 X-14.19087 Y10.56265
G01 X-14.19499 Y10.56143
G01 X-14.19499 Y10.53862
G01 X-14.19087 Y10.53740
G01 X-14.19499 Y10.53862
G01 X-14.69171 Y9.77093
G01 X-14.69298 Y9.76844
G01 X-14.69443 Y9.76669
G01 X-14.72214 Y9.71482
G01 X-14.73924 Y9.65854
G01 X-14.74498 Y9.60002
G01 X-14.74498 Y7.90002
G01 X-14.74043 Y7.84792
G01 X-14.72689 Y7.79740
G01 X-14.70479 Y7.75001
G01 X-14.67480 Y7.70718
G01 X-14.63781 Y7.67020
G01 X-14.59499 Y7.64020
G01 X-14.56535 Y7.62639
G01 X-14.56433 Y7.62738
G01 X-14.56535 Y7.62639
G01 X-14.17289 Y7.05321
G01 X-14.17246 Y7.05344
G01 X-14.17289 Y7.05321
G01 X-14.15923 Y7.00812
G01 X-14.13672 Y6.95379
G01 X-14.10899 Y6.90193
G01 X-14.09387 Y6.87668
G01 X-14.07632 Y6.85303
G01 X-14.03901 Y6.80757
G01 X-14.01925 Y6.78575
G01 X-13.09517 Y5.86169
G01 X-13.07927 Y5.86571
G01 X-13.09517 Y5.86169
G01 X-13.09923 Y5.85192
G01 X-13.11630 Y5.79563
G01 X-13.12347 Y5.76708
G01 X-13.12778 Y5.73795
G01 X-13.13355 Y5.67942
G01 X-13.13500 Y5.65001
G01 X-13.13500 Y4.79855
G01 X-13.12738 Y4.79540
G01 X-13.13500 Y4.79855
G01 X-13.35603 Y4.57752
G01 X-13.35209 Y4.56378
G01 X-13.35603 Y4.57752
G01 X-13.61462 Y4.63678
G01 X-13.57581 Y4.65006
G01 X-13.57343 Y4.65095
G01 X-13.48722 Y4.68537
G01 X-13.48506 Y4.68631
G01 X-13.45090 Y4.70185
G01 X-13.38762 Y4.68735
G01 X-13.38366 Y4.67361
G01 X-13.38762 Y4.68735
G01 X-13.23500 Y4.83998
G01 X-13.22738 Y4.83683
G01 X-13.23500 Y4.83998
G01 X-13.23500 Y5.65001
G01 X-13.23307 Y5.68923
G01 X-13.22730 Y5.74775
G01 X-13.22153 Y5.78659
G01 X-13.21201 Y5.82466
G01 X-13.20911 Y5.83419
G01 X-13.19812 Y5.83784
G01 X-13.20911 Y5.83419
G01 X-14.08996 Y6.71503
G01 X-14.11633 Y6.74412
G01 X-14.15361 Y6.78958
G01 X-14.17701 Y6.82113
G01 X-14.19720 Y6.85478
G01 X-14.22491 Y6.90665
G01 X-14.25491 Y6.97909
G01 X-14.26413 Y7.00942
G01 X-14.26349 Y7.00975
G01 X-14.26413 Y7.00942
G01 X-14.63283 Y7.54792
G01 X-14.63149 Y7.54930
G01 X-14.63283 Y7.54792
G01 X-14.64498 Y7.55359
G01 X-14.70210 Y7.59359
G01 X-14.75140 Y7.64290
G01 X-14.79141 Y7.70002
G01 X-14.82087 Y7.76322
G01 X-14.83890 Y7.83055
G01 X-14.84498 Y7.90002
G01 X-14.84498 Y8.36969
G01 X-14.83309 Y8.44980
G01 X-14.83281 Y8.45224
G01 X-14.82440 Y8.53723
G01 X-14.82422 Y8.53969
G01 X-14.81604 Y8.70629
G01 X-14.81597 Y8.70876
G01 X-14.81569 Y8.70876
G01 X-14.81597 Y8.70876
G01 X-14.81597 Y8.79128
G01 X-14.81604 Y8.79374
G01 X-14.82422 Y8.96037
G01 X-14.82440 Y8.96283
G01 X-14.83281 Y9.04782
G01 X-14.83309 Y9.05026
G01 X-14.84498 Y9.13037
G01 X-14.84498 Y9.60002
G01 X-14.83730 Y9.67804
G01 X-14.81455 Y9.75308
G01 X-14.77756 Y9.82224
G01 X-14.77660 Y9.82341
G01 X-14.77566 Y9.82526
G01 X-14.30670 Y10.55003
G01 X-14.28760 Y10.55003
G01 X-14.30670 Y10.55003
G01 X-14.77566 Y11.27479
G01 X-14.77675 Y11.27677
G01 X-14.77756 Y11.27779
G01 X-14.78711 Y11.29564
G01 X-14.80324 Y11.32498
G01 X-14.80431 Y11.32780
G01 X-14.81455 Y11.34695
G01 X-14.83730 Y11.42198
G01 X-14.84498 Y11.50001
G01 X-14.84498 Y11.96968
G01 X-14.83309 Y12.04980
G01 X-14.83281 Y12.05223
G01 X-14.82440 Y12.13722
G01 X-14.82422 Y12.13969
G01 X-14.81604 Y12.30631
G01 X-14.81597 Y12.30877
G01 X-14.81569 Y12.30877
G01 X-14.81597 Y12.30877
G01 X-14.81597 Y12.39130
G01 X-14.81604 Y12.39376
G01 X-14.82422 Y12.56036
G01 X-14.82440 Y12.56282
G01 X-14.83281 Y12.64781
G01 X-14.83309 Y12.65025
G01 X-14.84498 Y12.73036
G01 X-14.84498 Y13.20001
G01 X-14.83730 Y13.27804
G01 X-14.81455 Y13.35309
G01 X-14.77756 Y13.42223
G01 X-14.72783 Y13.48286
G01 X-14.66723 Y13.53260
G01 X-14.59806 Y13.56955
G01 X-14.52303 Y13.59234
G01 X-14.44498 Y13.60001
G01 X-12.74498 Y13.60001
G01 X-12.66695 Y13.59234
G01 X-12.59192 Y13.56955
G01 X-12.52276 Y13.53260
G01 X-12.46215 Y13.48286
G01 X-12.41239 Y13.42223
G01 X-12.37544 Y13.35309
G01 X-12.35268 Y13.27804
G01 X-12.34498 Y13.20001
G01 X-12.34498 Y11.50001
G01 X-12.35268 Y11.42198
G01 X-12.37544 Y11.34695
G01 X-12.38646 Y11.32633
G01 X-12.38867 Y11.32071
G01 X-12.40759 Y11.28678
G01 X-12.41239 Y11.27779
G01 X-12.41305 Y11.27700
G01 X-12.41427 Y11.27479
G01 X-12.88326 Y10.55003
G01 X-12.90236 Y10.55003
G01 X-12.88326 Y10.55003
G01 X-12.41427 Y9.82526
G01 X-12.41305 Y9.82305
G01 X-12.41239 Y9.82224
G01 X-12.40414 Y9.80680
G01 X-12.38638 Y9.77441
G01 X-12.38534 Y9.77159
G01 X-12.37544 Y9.75308
G01 X-12.35268 Y9.67804
G01 X-12.34498 Y9.60002
G01 X-12.34498 Y7.90002
G01 X-12.35268 Y7.82197
G01 X-12.37544 Y7.74693
G01 X-12.41239 Y7.67779
G01 X-12.42540 Y7.66197
G01 X-12.45318 Y7.62618
G01 X-12.72032 Y7.32532
G01 X-12.75707 Y7.32413
G01 X-12.72032 Y7.32532
G01 X-12.04000 Y6.64501
G01 X-12.01364 Y6.61592
G01 X-11.97635 Y6.57046
G01 X-11.95296 Y6.53891
G01 X-11.93276 Y6.50525
G01 X-11.90505 Y6.45339
G01 X-11.87506 Y6.38095
G01 X-11.85796 Y6.32466
G01 X-11.84844 Y6.28659
G01 X-11.84267 Y6.24775
G01 X-11.83690 Y6.18923
G01 X-11.83690 Y6.11082
G01 X-11.84267 Y6.05230
G01 X-11.84844 Y6.01346
G01 X-11.85796 Y5.97539
G01 X-11.87506 Y5.91910
G01 X-11.88295 Y5.90002
G01 X-11.88628 Y5.89990
G01 X-11.88295 Y5.90002
G01 X-11.87506 Y5.88095
G01 X-11.85796 Y5.82466
G01 X-11.84844 Y5.78659
G01 X-11.84267 Y5.74775
G01 X-11.83690 Y5.68923
G01 X-11.83497 Y5.65001
G01 X-11.83497 Y4.05001
G01 X-11.93497 Y4.05001
G01 X-12.03497 Y4.05001
G01 X-12.13497 Y4.05001
G01 X-12.03497 Y4.05001
G01 X-11.93497 Y4.05001
G01 X-11.83497 Y4.05001
G01 X-11.83690 Y4.01082
G01 X-11.84267 Y3.95230
G01 X-11.84844 Y3.91346
G01 X-11.85796 Y3.87539
G01 X-11.87506 Y3.81910
G01 X-11.90505 Y3.74666
G01 X-11.93276 Y3.69480
G01 X-11.95296 Y3.66114
G01 X-11.97635 Y3.62959
G01 X-12.01364 Y3.58413
G01 X-12.06909 Y3.52868
G01 X-12.11455 Y3.49139
G01 X-12.14610 Y3.46800
G01 X-12.17975 Y3.44781
G01 X-12.23162 Y3.42009
G01 X-12.30406 Y3.39010
G01 X-12.36035 Y3.37300
G01 X-12.39842 Y3.36348
G01 X-12.43726 Y3.35771
G01 X-12.49578 Y3.35195
G01 X-12.57419 Y3.35195
G01 X-12.63271 Y3.35771
G01 X-12.67155 Y3.36348
G01 X-12.70962 Y3.37300
G01 X-12.73192 Y3.37978
G01 X-12.73297 Y3.38682
G01 X-12.73192 Y3.37978
G01 X-12.77975 Y3.34781
G01 X-12.83162 Y3.32009
G01 X-12.86710 Y3.30331
G01 X-12.90406 Y3.29010
G01 X-12.96035 Y3.27300
G01 X-12.99842 Y3.26348
G01 X-13.03726 Y3.25771
G01 X-13.09578 Y3.25195
G01 X-13.13500 Y3.25002
G01 X-13.22481 Y3.25002
G01 X-13.32265 Y3.22759
G01 X-13.34340 Y3.24412
G01 X-13.34866 Y3.24778
G01 X-13.44018 Y3.30323
G01 X-13.56306 Y3.37768
G01 X-13.56548 Y3.37912
G01 X-13.57155 Y3.38225
G01 X-13.57800 Y3.38453
G01 X-13.67769 Y3.41222
G01 X-13.68371 Y3.41349
G01 X-13.68356 Y3.41433
G01 X-13.68371 Y3.41349
G01 X-13.68981 Y3.41402
G01 X-13.78371 Y3.41639
G01 X-13.78374 Y3.41692
G01 X-13.78371 Y3.41639
G01 X-13.79060 Y3.41608
G01 X-13.89395 Y3.40440
G01 X-14.17718 Y3.33947
G01 X-14.18059 Y3.33889
G01 X-14.18806 Y3.33701
G01 X-14.19776 Y3.33559
G01 X-14.30020 Y3.32550
G01 X-14.30998 Y3.32502
G01 X-14.75999 Y3.32502
G01 X-14.76979 Y3.32550
G01 X-14.87220 Y3.33559
G01 X-14.88191 Y3.33701
G01 X-14.89143 Y3.33940
G01 X-14.98993 Y3.36929
G01 X-15.00804 Y3.37679
G01 X-15.05529 Y3.40203
G01 X-15.11554 Y3.41712
G01 X-15.14630 Y3.42650
G01 X-15.24759 Y3.46274
G01 X-15.26646 Y3.47001
G01 X-15.28953 Y3.47948
G01 X-15.29087 Y3.48001
G01 X-15.31996 Y3.49101
G01 X-15.32681 Y3.49307
G01 X-15.33390 Y3.49411
G01 X-15.33931 Y3.49452
G01 X-15.36684 Y3.49657
G01 X-15.36783 Y3.49665
G01 X-15.39014 Y3.49789
G01 X-15.39077 Y3.49792
G01 X-15.43220 Y3.49970
G01 X-15.49646 Y3.50572
G01 X-15.52592 Y3.50991
G01 X-15.53245 Y3.51466
G01 X-15.58330 Y3.55568
G01 X-15.59212 Y3.56355
G01 X-15.62587 Y3.59363
G01 X-15.67617 Y3.64311
G01 X-15.71612 Y3.68646
G01 X-15.73799 Y3.71133
G01 X-15.75747 Y3.74333
G01 X-15.75803 Y3.74425
G01 X-15.77759 Y3.77486
G01 X-15.77817 Y3.77575
G01 X-15.79168 Y3.79596
G01 X-15.80578 Y3.81776
G01 X-15.82724 Y3.85200
G01 X-15.82729 Y3.85230
G01 X-15.83306 Y3.91082
G01 X-15.83306 Y3.98923
G01 X-15.82729 Y4.04775
G01 X-15.82724 Y4.04808
G01 X-15.80576 Y4.08237
G01 X-15.79181 Y4.10389
G01 X-15.77817 Y4.12431
G01 X-15.77759 Y4.12520
G01 X-15.75803 Y4.15583
G01 X-15.75747 Y4.15675
G01 X-15.73799 Y4.18875
G01 X-15.71612 Y4.21362
G01 X-15.67614 Y4.25697
G01 X-15.62590 Y4.30643
G01 X-15.59207 Y4.33655
G01 X-15.58325 Y4.34443
G01 X-15.53240 Y4.38545
G01 X-15.48686 Y4.41862
G01 X-15.44094 Y4.44874
G01 X-15.39189 Y4.45530
G01 X-15.37027 Y4.45781
G01 X-15.36504 Y4.45870
G01 X-15.35991 Y4.46017
G01 X-15.34838 Y4.46411
G01 X-15.28948 Y4.48113
G01 X-15.23649 Y4.49357
G01 X-15.18031 Y4.50681
G01 X-15.13857 Y4.51453
G01 X-15.03207 Y4.52873
G01 X-15.00223 Y4.53127
G01 X-14.98640 Y4.53180
G01 X-14.89143 Y4.56063
G01 X-14.88191 Y4.56299
G01 X-14.87220 Y4.56444
G01 X-14.76979 Y4.57452
G01 X-14.75999 Y4.57501
G01 X-14.30998 Y4.57501
G01 X-14.30020 Y4.57452
G01 X-14.19776 Y4.56444
G01 X-14.18803 Y4.56299
G01 X-14.17944 Y4.56083
G01 X-14.17718 Y4.56055
G01 X-14.08008 Y4.53830
G01 X-13.29286 Y4.35784
G01 X-12.93500 Y4.71572
G01 X-12.93500 Y5.65001
G01 X-12.93451 Y5.65982
G01 X-12.92875 Y5.71836
G01 X-12.92730 Y5.72807
G01 X-12.92491 Y5.73759
G01 X-12.90784 Y5.79385
G01 X-12.90035 Y5.81196
G01 X-12.87261 Y5.86383
G01 X-12.86759 Y5.87226
G01 X-12.86172 Y5.88014
G01 X-12.84777 Y5.89713
G01 X-13.87782 Y6.92717
G01 X-13.88442 Y6.93444
G01 X-13.92171 Y6.97990
G01 X-13.92758 Y6.98778
G01 X-13.93261 Y6.99621
G01 X-13.96034 Y7.04808
G01 X-13.96784 Y7.06619
G01 X-13.98491 Y7.12245
G01 X-13.98729 Y7.13197
G01 X-13.98808 Y7.13728
G01 X-14.44185 Y7.80002
G01 X-14.44498 Y7.80002
G01 X-14.46235 Y7.80154
G01 X-14.47919 Y7.80604
G01 X-14.49499 Y7.81341
G01 X-14.50926 Y7.82341
G01 X-14.52158 Y7.83573
G01 X-14.53159 Y7.85001
G01 X-14.53896 Y7.86581
G01 X-14.54348 Y7.88265
G01 X-14.54498 Y7.90002
G01 X-14.54498 Y9.60002
G01 X-14.54307 Y9.61952
G01 X-14.53738 Y9.63827
G01 X-14.52814 Y9.65557
G01 X-14.52575 Y9.65846
G01 X-14.52379 Y9.66227
G01 X-13.99496 Y10.47954
G01 X-13.99499 Y10.62051
G01 X-14.52379 Y11.43778
G01 X-14.52610 Y11.44197
G01 X-14.52814 Y11.44446
G01 X-14.53738 Y11.46173
G01 X-14.54307 Y11.48051
G01 X-14.54498 Y11.50001
G01 X-14.54498 Y13.20001
G01 X-14.54307 Y13.21952
G01 X-14.53738 Y13.23829
G01 X-14.52814 Y13.25556
G01 X-14.51569 Y13.27072
G01 X-14.50055 Y13.28317
G01 X-14.48325 Y13.29239
G01 X-14.46451 Y13.29810
G01 X-14.44498 Y13.30001
G01 X-12.74498 Y13.30001
G01 X-12.72547 Y13.29810
G01 X-12.70673 Y13.29239
G01 X-12.68943 Y13.28317
G01 X-12.67427 Y13.27072
G01 X-12.66185 Y13.25556
G01 X-12.65260 Y13.23829
G01 X-12.64691 Y13.21952
G01 X-12.64498 Y13.20001
G01 X-12.64498 Y11.50001
G01 X-12.64691 Y11.48051
G01 X-12.65260 Y11.46173
G01 X-12.66185 Y11.44446
G01 X-12.66365 Y11.44228
G01 X-12.66614 Y11.43778
G01 X-13.19497 Y10.62051
G01 X-13.19497 Y10.47954
G01 X-12.66614 Y9.66227
G01 X-12.66370 Y9.65785
G01 X-12.66185 Y9.65557
G01 X-12.65260 Y9.63827
G01 X-12.64691 Y9.61952
G01 X-12.64498 Y9.60002
G01 X-12.64498 Y7.90002
G01 X-12.64691 Y7.88051
G01 X-12.65260 Y7.86174
G01 X-12.66185 Y7.84444
G01 X-12.67427 Y7.82931
G01 X-12.67477 Y7.82887
G01 X-12.67752 Y7.82537
G01 X-13.13238 Y7.31310
G01 X-12.25214 Y6.43286
G01 X-12.24554 Y6.42560
G01 X-12.20825 Y6.38013
G01 X-12.20238 Y6.37226
G01 X-12.19736 Y6.36383
G01 X-12.16962 Y6.31196
G01 X-12.16213 Y6.29385
G01 X-12.14506 Y6.23759
G01 X-12.14267 Y6.22806
G01 X-12.14122 Y6.21836
G01 X-12.13546 Y6.15981
G01 X-12.13546 Y6.14023
G01 X-12.14122 Y6.08168
G01 X-12.14267 Y6.07198
G01 X-12.14506 Y6.06246
G01 X-12.16213 Y6.00620
G01 X-12.16962 Y5.98809
G01 X-12.19736 Y5.93622
G01 X-12.20238 Y5.92779
G01 X-12.20825 Y5.91991
G01 X-12.22456 Y5.90002
G01 X-12.20825 Y5.88014
G01 X-12.20238 Y5.87226
G01 X-12.19736 Y5.86383
G01 X-12.16962 Y5.81196
G01 X-12.16213 Y5.79385
G01 X-12.14506 Y5.73759
G01 X-12.14267 Y5.72807
G01 X-12.14122 Y5.71836
G01 X-12.13546 Y5.65982
G01 X-12.13497 Y5.65001
G01 X-12.13497 Y4.05001
G01 X-12.13546 Y4.04024
G01 X-12.14122 Y3.98169
G01 X-12.14267 Y3.97199
G01 X-12.14506 Y3.96246
G01 X-12.16213 Y3.90620
G01 X-12.16962 Y3.88809
G01 X-12.19736 Y3.83622
G01 X-12.20238 Y3.82779
G01 X-12.20825 Y3.81992
G01 X-12.24554 Y3.77445
G01 X-12.25941 Y3.76058
G01 X-12.30487 Y3.72329
G01 X-12.31275 Y3.71743
G01 X-12.32118 Y3.71240
G01 X-12.37305 Y3.68466
G01 X-12.39116 Y3.67717
G01 X-12.44742 Y3.66010
G01 X-12.45694 Y3.65771
G01 X-12.46665 Y3.65626
G01 X-12.52519 Y3.65050
G01 X-12.54478 Y3.65050
G01 X-12.60332 Y3.65626
G01 X-12.61303 Y3.65771
G01 X-12.62255 Y3.66010
G01 X-12.67881 Y3.67717
G01 X-12.69692 Y3.68466
G01 X-12.74879 Y3.71240
G01 X-12.75722 Y3.71743
G01 X-12.76510 Y3.72329
G01 X-12.78209 Y3.73724
G01 X-12.85214 Y3.66719
G01 X-12.85941 Y3.66058
G01 X-12.90487 Y3.62329
G01 X-12.92118 Y3.61240
G01 X-12.97305 Y3.58466
G01 X-12.98191 Y3.58047
G01 X-12.99116 Y3.57717
G01 X-13.04742 Y3.56010
G01 X-13.05694 Y3.55771
G01 X-13.06665 Y3.55626
G01 X-13.12519 Y3.55050
G01 X-13.13500 Y3.55002
G01 X-13.25875 Y3.55002
G01 X-13.89395 Y3.40440
G01 X-14.17718 Y3.33947
G01 X-14.18059 Y3.33889
G01 X-14.18806 Y3.33701
G01 X-14.19776 Y3.33559
G01 X-14.30020 Y3.32550
G01 X-14.30998 Y3.32502
G01 X-14.75999 Y3.32502
G01 X-14.76979 Y3.32550
G01 X-14.87220 Y3.33559
G01 X-14.88191 Y3.33701
G01 X-14.89143 Y3.33940
G01 X-14.98993 Y3.36929
G01 X-15.00804 Y3.37679
G01 X-15.05529 Y3.40203
G01 X-15.09880 Y3.42530
G01 X-15.11510 Y3.43620
G01 X-15.19466 Y3.50148
G01 X-15.20192 Y3.50808
G01 X-15.20853 Y3.51534
G01 X-15.25277 Y3.56927
G01 X-15.27881 Y3.57717
G01 X-15.29692 Y3.58466
G01 X-15.34878 Y3.61240
G01 X-15.35722 Y3.61743
G01 X-15.36509 Y3.62329
G01 X-15.41056 Y3.66058
G01 X-15.42443 Y3.67445
G01 X-15.46171 Y3.71992
G01 X-15.46758 Y3.72779
G01 X-15.47261 Y3.73622
G01 X-15.50035 Y3.78809
G01 X-15.50784 Y3.80620
G01 X-15.52491 Y3.86246
G01 X-15.52730 Y3.87199
G01 X-15.52874 Y3.88169
G01 X-15.53451 Y3.94024
G01 X-15.53451 Y3.95982
G01 X-15.52874 Y4.01837
G01 X-15.52730 Y4.02807
G01 X-15.52491 Y4.03759
G01 X-15.50784 Y4.09385
G01 X-15.50035 Y4.11197
G01 X-15.47261 Y4.16383
G01 X-15.46758 Y4.17226
G01 X-15.46171 Y4.18014
G01 X-15.42443 Y4.22560
G01 X-15.41056 Y4.23947
G01 X-15.36509 Y4.27676
G01 X-15.35722 Y4.28263
G01 X-15.34878 Y4.28766
G01 X-15.29692 Y4.31539
G01 X-15.27881 Y4.32289
G01 X-15.25275 Y4.33079
G01 X-15.20853 Y4.38468
G01 X-15.20192 Y4.39195
G01 X-15.19466 Y4.39855
G01 X-15.11510 Y4.46383
G01 X-15.09880 Y4.47473
G01 X-15.00804 Y4.52324
G01 X-14.98993 Y4.53073
G01 X-14.98640 Y4.53180
G01 X-15.00223 Y4.53127
G01 X-15.03207 Y4.52873
G01 X-15.13857 Y4.51453
G01 X-15.18031 Y4.50681
G01 X-15.23649 Y4.49357
G01 X-15.25811 Y4.47585
G01 X-15.27264 Y4.46266
G01 X-15.28582 Y4.44811
G01 X-15.31122 Y4.41717
G01 X-15.31074 Y4.41661
G01 X-15.31122 Y4.41717
G01 X-15.34406 Y4.40358
G01 X-15.39593 Y4.37585
G01 X-15.41277 Y4.36576
G01 X-15.42854 Y4.35408
G01 X-15.47398 Y4.31677
G01 X-15.50172 Y4.28903
G01 X-15.53903 Y4.24359
G01 X-15.55071 Y4.22781
G01 X-15.56080 Y4.21097
G01 X-15.58854 Y4.15911
G01 X-15.60352 Y4.12289
G01 X-15.62062 Y4.06660
G01 X-15.62536 Y4.04758
G01 X-15.62826 Y4.02817
G01 X-15.63403 Y3.96962
G01 X-15.63403 Y3.93043
G01 X-15.62826 Y3.87188
G01 X-15.62536 Y3.85248
G01 X-15.62062 Y3.83345
G01 X-15.60352 Y3.77717
G01 X-15.58854 Y3.74095
G01 X-15.56080 Y3.68908
G01 X-15.55071 Y3.67224
G01 X-15.53903 Y3.65647
G01 X-15.50172 Y3.61103
G01 X-15.47398 Y3.58329
G01 X-15.42854 Y3.54598
G01 X-15.41277 Y3.53429
G01 X-15.39593 Y3.52421
G01 X-15.34406 Y3.49647
G01 X-15.33931 Y3.49452
G01 X-15.36684 Y3.49657
G01 X-15.36783 Y3.49665
G01 X-15.39014 Y3.49789
G01 X-15.39077 Y3.49792
G01 X-15.43220 Y3.49970
G01 X-15.49646 Y3.50572
G01 X-15.52592 Y3.50991
G01 X-15.53245 Y3.51466
G01 X-15.58330 Y3.55568
G01 X-15.59212 Y3.56355
G01 X-15.61632 Y3.59304
G01 X-15.63387 Y3.61669
G01 X-15.64899 Y3.64194
G01 X-15.67672 Y3.69380
G01 X-15.69923 Y3.74814
G01 X-15.71630 Y3.80442
G01 X-15.72346 Y3.83297
G01 X-15.72778 Y3.86211
G01 X-15.73354 Y3.92063
G01 X-15.73354 Y3.97943
G01 X-15.72778 Y4.03795
G01 X-15.72346 Y4.06708
G01 X-15.71630 Y4.09563
G01 X-15.69923 Y4.15192
G01 X-15.67672 Y4.20625
G01 X-15.64899 Y4.25812
G01 X-15.63387 Y4.28336
G01 X-15.61632 Y4.30701
G01 X-15.59207 Y4.33655
G04 P0 ( dwell for no time -- G64 should not smooth over this point )
G00 Z5.00000 ( retract )

G00 X-19.27321 Y5.76975 ( rapid move to begin. )
G01 F150.00000
( Mill infeed pass 1/1 )
G01 Z-0.06000
G04 P0 ( dwell for no time -- G64 should not smooth over this point )
G01 F300.00000
G01 X-19.27321 Y5.76975
G01 X-19.22960 Y5.77404
G01 X-19.20999 Y5.77500
G01 X-19.12970 Y5.77500
G01 X-19.12764 Y5.76970
G01 X-19.12970 Y5.77500
G01 X-18.44319 Y6.34915
G01 X-18.44238 Y6.34958
G01 X-17.94977 Y6.84234
G01 X-17.93522 Y6.85552
G01 X-17.88977 Y6.89283
G01 X-17.85716 Y6.91460
G01 X-17.80529 Y6.94234
G01 X-17.78757 Y6.95072
G01 X-17.76907 Y6.95732
G01 X-17.71279 Y6.97442
G01 X-17.69376 Y6.97917
G01 X-17.67436 Y6.98206
G01 X-17.61581 Y6.98783
G01 X-17.59623 Y6.98879
G01 X-16.88084 Y6.98879
G01 X-16.87769 Y6.98120
G01 X-16.88084 Y6.98879
G01 X-16.69209 Y7.17754
G01 X-16.67433 Y7.17350
G01 X-16.69209 Y7.17754
G01 X-17.10517 Y8.34772
G01 X-17.10588 Y8.35046
G01 X-17.11167 Y8.36667
G01 X-17.16003 Y8.52613
G01 X-17.16770 Y8.56459
G01 X-17.18404 Y8.73042
G01 X-17.18498 Y8.75000
G01 X-17.18404 Y8.76961
G01 X-17.16770 Y8.93545
G01 X-17.16003 Y8.97391
G01 X-17.11167 Y9.13334
G01 X-17.10626 Y9.14843
G01 X-17.10517 Y9.15234
G01 X-16.63499 Y10.48424
G01 X-16.63359 Y10.48401
G01 X-16.63499 Y10.48424
G01 X-16.63499 Y10.61581
G01 X-16.63354 Y10.61607
G01 X-16.63499 Y10.61581
G01 X-17.10517 Y11.94771
G01 X-17.10588 Y11.95048
G01 X-17.11167 Y11.96669
G01 X-17.16003 Y12.12612
G01 X-17.16770 Y12.16458
G01 X-17.18404 Y12.33041
G01 X-17.18498 Y12.35002
G01 X-17.18404 Y12.36961
G01 X-17.16770 Y12.53544
G01 X-17.16003 Y12.57390
G01 X-17.11167 Y12.73336
G01 X-17.10507 Y12.75183
G01 X-17.09666 Y12.76958
G01 X-17.01812 Y12.91652
G01 X-16.99633 Y12.94913
G01 X-16.89064 Y13.07794
G01 X-16.87746 Y13.09247
G01 X-16.86290 Y13.10565
G01 X-16.73410 Y13.21136
G01 X-16.70151 Y13.23316
G01 X-16.55455 Y13.31169
G01 X-16.53679 Y13.32007
G01 X-16.51833 Y13.32670
G01 X-16.35887 Y13.37507
G01 X-16.33984 Y13.37984
G01 X-16.32041 Y13.38271
G01 X-16.15460 Y13.39904
G01 X-16.11538 Y13.39904
G01 X-15.94955 Y13.38271
G01 X-15.93014 Y13.37984
G01 X-15.91112 Y13.37507
G01 X-15.75165 Y13.32670
G01 X-15.71543 Y13.31169
G01 X-15.56847 Y13.23316
G01 X-15.55163 Y13.22305
G01 X-15.53588 Y13.21136
G01 X-15.40708 Y13.10565
G01 X-15.39252 Y13.09247
G01 X-15.37934 Y13.07794
G01 X-15.27363 Y12.94913
G01 X-15.25186 Y12.91652
G01 X-15.17330 Y12.76958
G01 X-15.16491 Y12.75183
G01 X-15.15831 Y12.73336
G01 X-15.10992 Y12.57390
G01 X-15.10228 Y12.53544
G01 X-15.08595 Y12.36961
G01 X-15.08498 Y12.35002
G01 X-15.08595 Y12.33041
G01 X-15.10228 Y12.16458
G01 X-15.10992 Y12.12612
G01 X-15.15831 Y11.96669
G01 X-15.16189 Y11.95802
G01 X-15.16479 Y11.94771
G01 X-15.63497 Y10.61574
G01 X-15.63636 Y10.61597
G01 X-15.63497 Y10.61574
G01 X-15.63497 Y10.48432
G01 X-15.63636 Y10.48409
G01 X-15.63497 Y10.48432
G01 X-15.16479 Y9.15234
G01 X-15.16258 Y9.14371
G01 X-15.15831 Y9.13334
G01 X-15.10992 Y8.97391
G01 X-15.10228 Y8.93545
G01 X-15.08595 Y8.76961
G01 X-15.08498 Y8.75000
G01 X-15.08595 Y8.73042
G01 X-15.10228 Y8.56459
G01 X-15.10992 Y8.52613
G01 X-15.15831 Y8.36667
G01 X-15.16189 Y8.35801
G01 X-15.16479 Y8.34772
G01 X-15.63550 Y7.01425
G01 X-15.63578 Y7.01432
G01 X-15.63550 Y7.01425
G01 X-15.63560 Y7.01183
G01 X-15.63928 Y6.96489
G01 X-15.64419 Y6.93390
G01 X-15.65518 Y6.88811
G01 X-15.66489 Y6.85826
G01 X-15.68290 Y6.81478
G01 X-15.69715 Y6.78681
G01 X-15.72176 Y6.74668
G01 X-15.74020 Y6.72128
G01 X-15.77078 Y6.68549
G01 X-15.78142 Y6.67396
G01 X-16.32018 Y6.13523
G01 X-16.33474 Y6.12204
G01 X-16.38020 Y6.08473
G01 X-16.41279 Y6.06296
G01 X-16.46466 Y6.03523
G01 X-16.50088 Y6.02024
G01 X-16.55716 Y6.00315
G01 X-16.59562 Y5.99550
G01 X-16.65414 Y5.98974
G01 X-16.67375 Y5.98877
G01 X-17.38912 Y5.98877
G01 X-17.39227 Y5.99637
G01 X-17.38912 Y5.98877
G01 X-17.69600 Y5.68189
G01 X-17.70039 Y5.68417
G01 X-17.69600 Y5.68189
G01 X-17.70590 Y5.62382
G01 X-17.76920 Y5.54818
G01 X-17.70590 Y5.62382
G01 X-17.38068 Y5.74153
G01 X-17.37266 Y5.74366
G01 X-17.36372 Y5.74737
G01 X-17.31683 Y5.76159
G01 X-17.27837 Y5.76924
G01 X-17.22958 Y5.77404
G01 X-17.20999 Y5.77500
G01 X-16.25998 Y5.77500
G01 X-16.24688 Y5.77457
G01 X-15.73199 Y5.74079
G01 X-15.73192 Y5.73975
G01 X-15.73199 Y5.74079
G01 X-14.91513 Y5.92804
G01 X-14.89293 Y5.93185
G01 X-14.89260 Y5.93185
G01 X-14.88201 Y5.93396
G01 X-14.77960 Y5.94404
G01 X-14.75999 Y5.94501
G01 X-14.30998 Y5.94501
G01 X-14.29039 Y5.94404
G01 X-14.18795 Y5.93396
G01 X-14.16855 Y5.93109
G01 X-14.14950 Y5.92631
G01 X-14.05102 Y5.89644
G01 X-14.01480 Y5.88143
G01 X-13.92402 Y5.83292
G01 X-13.89143 Y5.81115
G01 X-13.81188 Y5.74585
G01 X-13.79733 Y5.73266
G01 X-13.78414 Y5.71813
G01 X-13.71887 Y5.63856
G01 X-13.69707 Y5.60597
G01 X-13.64856 Y5.51521
G01 X-13.63357 Y5.47897
G01 X-13.60368 Y5.38049
G01 X-13.59603 Y5.34204
G01 X-13.58595 Y5.23962
G01 X-13.58498 Y5.22001
G01 X-13.58595 Y5.20041
G01 X-13.59603 Y5.09799
G01 X-13.60368 Y5.05954
G01 X-13.63357 Y4.96104
G01 X-13.64856 Y4.92482
G01 X-13.69707 Y4.83406
G01 X-13.70718 Y4.81722
G01 X-13.71887 Y4.80145
G01 X-13.78414 Y4.72190
G01 X-13.79733 Y4.70737
G01 X-13.81188 Y4.69418
G01 X-13.83345 Y4.67645
G01 X-13.78046 Y4.68893
G01 X-13.72156 Y4.70594
G01 X-13.60932 Y4.74430
G01 X-13.52542 Y4.77780
G01 X-13.49232 Y4.79286
G01 X-13.47218 Y4.83056
G01 X-13.44218 Y4.90300
G01 X-13.41229 Y5.00147
G01 X-13.39700 Y5.07838
G01 X-13.38691 Y5.18080
G01 X-13.38498 Y5.22001
G01 X-13.38691 Y5.25923
G01 X-13.39700 Y5.36164
G01 X-13.41229 Y5.43856
G01 X-13.44218 Y5.53703
G01 X-13.47218 Y5.60947
G01 X-13.52070 Y5.70025
G01 X-13.56426 Y5.76545
G01 X-13.62956 Y5.84501
G01 X-13.65593 Y5.87409
G01 X-13.68501 Y5.90046
G01 X-13.76456 Y5.96573
G01 X-13.82976 Y6.00929
G01 X-13.92052 Y6.05781
G01 X-13.99296 Y6.08783
G01 X-14.09146 Y6.11770
G01 X-14.12953 Y6.12723
G01 X-14.16837 Y6.13299
G01 X-14.27078 Y6.14308
G01 X-14.30998 Y6.14501
G01 X-14.75999 Y6.14501
G01 X-14.79920 Y6.14308
G01 X-14.90162 Y6.13299
G01 X-14.91320 Y6.13071
G01 X-14.91541 Y6.13058
G01 X-14.95983 Y6.12298
G01 X-15.74812 Y5.94226
G01 X-15.74805 Y5.94120
G01 X-15.74812 Y5.94226
G01 X-16.20271 Y5.97211
G01 X-16.33598 Y5.92199
G01 X-16.20271 Y5.97211
G01 X-16.17878 Y5.99380
G01 X-15.64002 Y6.53253
G01 X-15.61868 Y6.55560
G01 X-15.58813 Y6.59139
G01 X-15.55122 Y6.64216
G01 X-15.52664 Y6.68232
G01 X-15.49814 Y6.73825
G01 X-15.48010 Y6.78173
G01 X-15.46072 Y6.84142
G01 X-15.44972 Y6.88719
G01 X-15.43989 Y6.94920
G01 X-15.43804 Y6.97274
G01 X-15.43840 Y6.97282
G01 X-15.43804 Y6.97274
G01 X-14.97619 Y8.28115
G01 X-14.97175 Y8.29695
G01 X-14.96692 Y8.30863
G01 X-14.94388 Y8.38458
G01 X-14.93220 Y8.46326
G01 X-14.92405 Y8.54581
G01 X-14.91597 Y8.70997
G01 X-14.91597 Y8.79006
G01 X-14.92405 Y8.95425
G01 X-14.93220 Y9.03680
G01 X-14.94386 Y9.11543
G01 X-14.96692 Y9.19141
G01 X-14.97284 Y9.20571
G01 X-14.97619 Y9.21891
G01 X-15.43497 Y10.51858
G01 X-15.43639 Y10.51835
G01 X-15.43497 Y10.51858
G01 X-15.43497 Y10.58147
G01 X-15.43639 Y10.58170
G01 X-15.43497 Y10.58147
G01 X-14.97619 Y11.88114
G01 X-14.97175 Y11.89696
G01 X-14.96692 Y11.90862
G01 X-14.94388 Y11.98457
G01 X-14.93220 Y12.06326
G01 X-14.92405 Y12.14581
G01 X-14.91597 Y12.30999
G01 X-14.91597 Y12.39008
G01 X-14.92405 Y12.55424
G01 X-14.93220 Y12.63679
G01 X-14.94386 Y12.71543
G01 X-14.96692 Y12.79140
G01 X-14.98013 Y12.82836
G01 X-14.99692 Y12.86384
G01 X-15.07548 Y13.01080
G01 X-15.11904 Y13.07601
G01 X-15.22473 Y13.20481
G01 X-15.25110 Y13.23389
G01 X-15.28018 Y13.26026
G01 X-15.40901 Y13.36597
G01 X-15.47418 Y13.40953
G01 X-15.62115 Y13.48807
G01 X-15.69359 Y13.51809
G01 X-15.85305 Y13.56645
G01 X-15.89113 Y13.57601
G01 X-15.92996 Y13.58175
G01 X-16.09577 Y13.59808
G01 X-16.17418 Y13.59808
G01 X-16.34002 Y13.58175
G01 X-16.41693 Y13.56645
G01 X-16.57639 Y13.51809
G01 X-16.61335 Y13.50486
G01 X-16.64883 Y13.48807
G01 X-16.79577 Y13.40953
G01 X-16.86097 Y13.36597
G01 X-16.98978 Y13.26026
G01 X-17.01886 Y13.23389
G01 X-17.04522 Y13.20481
G01 X-17.15094 Y13.07601
G01 X-17.19450 Y13.01080
G01 X-17.27306 Y12.86384
G01 X-17.28983 Y12.82836
G01 X-17.30306 Y12.79140
G01 X-17.35142 Y12.63196
G01 X-17.35498 Y12.61413
G01 X-17.35498 Y12.08591
G01 X-17.35142 Y12.06808
G01 X-17.30306 Y11.90862
G01 X-17.29508 Y11.88632
G01 X-17.29376 Y11.88114
G01 X-16.83499 Y10.58155
G01 X-16.83359 Y10.58178
G01 X-16.83499 Y10.58155
G01 X-16.83499 Y10.51851
G01 X-16.83359 Y10.51828
G01 X-16.83499 Y10.51851
G01 X-17.29376 Y9.21891
G01 X-17.29580 Y9.21170
G01 X-17.30306 Y9.19141
G01 X-17.35142 Y9.03195
G01 X-17.35498 Y9.01411
G01 X-17.35498 Y8.48590
G01 X-17.35142 Y8.46806
G01 X-17.30306 Y8.30863
G01 X-17.29508 Y8.28630
G01 X-17.29376 Y8.28115
G01 X-16.92264 Y7.22981
G01 X-16.90512 Y7.22580
G01 X-16.92264 Y7.22981
G01 X-16.96367 Y7.18879
G01 X-16.96057 Y7.18140
G01 X-16.96367 Y7.18879
G01 X-17.59623 Y7.18879
G01 X-17.63542 Y7.18686
G01 X-17.69394 Y7.18110
G01 X-17.73278 Y7.17533
G01 X-17.77085 Y7.16581
G01 X-17.82714 Y7.14871
G01 X-17.86410 Y7.13550
G01 X-17.89343 Y7.12161
G01 X-18.02239 Y6.92877
G01 X-18.02307 Y6.92776
G01 X-18.04339 Y6.89893
G01 X-18.04411 Y6.89794
G01 X-18.06854 Y6.86497
G01 X-18.07951 Y6.85019
G01 X-18.08101 Y6.84826
G01 X-18.12396 Y6.79591
G01 X-18.12556 Y6.79403
G01 X-18.16511 Y6.75039
G01 X-18.16595 Y6.74950
G01 X-18.18876 Y6.72555
G01 X-18.18962 Y6.72469
G01 X-18.49874 Y6.41557
G01 X-18.50031 Y6.41399
G01 X-19.13166 Y5.83650
G01 X-19.13112 Y5.83571
G01 X-19.13166 Y5.83650
G01 X-19.13857 Y5.83121
G01 X-19.14626 Y5.82720
G01 X-19.19033 Y5.80894
G01 X-19.21558 Y5.79776
G01 X-19.26099 Y5.77627
G01 X-19.27321 Y5.76975
G01 X-19.30303 Y5.75385
G01 X-19.34426 Y5.72913
G01 X-19.37882 Y5.70604
G01 X-19.41670 Y5.67800
G01 X-19.44641 Y5.65359
G01 X-19.48096 Y5.62227
G01 X-19.50730 Y5.59596
G01 X-19.53857 Y5.56144
G01 X-19.56297 Y5.53170
G01 X-19.57504 Y5.51542
G01 X-19.57682 Y5.50836
G01 X-19.58434 Y5.47056
G01 X-19.59124 Y5.42403
G01 X-19.59472 Y5.38877
G01 X-19.59704 Y5.34158
G01 X-19.59747 Y5.32443
G01 X-19.59747 Y4.65062
G01 X-19.59704 Y4.63348
G01 X-19.59472 Y4.58628
G01 X-19.59124 Y4.55105
G01 X-19.58434 Y4.50447
G01 X-19.57679 Y4.46660
G01 X-19.56513 Y4.42002
G01 X-19.55223 Y4.37762
G01 X-19.54083 Y4.34575
G01 X-19.52818 Y4.33180
G01 X-19.51365 Y4.31864
G01 X-19.47575 Y4.28756
G01 X-19.46000 Y4.27585
G01 X-19.44316 Y4.26576
G01 X-19.39993 Y4.24265
G01 X-19.36371 Y4.22766
G01 X-19.31682 Y4.21344
G01 X-19.27837 Y4.20577
G01 X-19.22960 Y4.20097
G01 X-19.20999 Y4.20000
G01 X-18.25998 Y4.20000
G01 X-18.24037 Y4.20097
G01 X-18.19160 Y4.20577
G01 X-18.15315 Y4.21344
G01 X-18.10626 Y4.22766
G01 X-18.09717 Y4.23142
G01 X-18.08927 Y4.23350
G01 X-17.73499 Y4.36172
G01 X-17.73499 Y4.36741
G01 X-17.73499 Y4.36172
G01 X-17.38068 Y4.23350
G01 X-17.37339 Y4.23165
G01 X-17.36372 Y4.22766
G01 X-17.31683 Y4.21344
G01 X-17.27837 Y4.20577
G01 X-17.22958 Y4.20097
G01 X-17.20999 Y4.20000
G01 X-16.25998 Y4.20000
G01 X-16.24038 Y4.20097
G01 X-16.19161 Y4.20577
G01 X-16.15315 Y4.21344
G01 X-16.10626 Y4.22766
G01 X-16.07004 Y4.24265
G01 X-16.02681 Y4.26576
G01 X-16.00997 Y4.27585
G01 X-15.99422 Y4.28756
G01 X-15.95633 Y4.31864
G01 X-15.94180 Y4.33180
G01 X-15.92862 Y4.34636
G01 X-15.91122 Y4.36754
G01 X-15.91139 Y4.36777
G01 X-15.91122 Y4.36754
G01 X-15.48417 Y4.64247
G01 X-15.48564 Y4.65085
G01 X-15.48417 Y4.64247
G01 X-15.25938 Y4.59093
G01 X-15.20197 Y4.60442
G01 X-15.19964 Y4.60493
G01 X-15.15554 Y4.61308
G01 X-15.15308 Y4.61346
G01 X-15.04416 Y4.62802
G01 X-15.04175 Y4.62827
G01 X-15.00942 Y4.63101
G01 X-15.00693 Y4.63117
G01 X-14.98993 Y4.63175
G01 X-14.89278 Y4.60947
G01 X-14.88757 Y4.60864
G01 X-14.87220 Y4.60559
G01 X-14.76979 Y4.59550
G01 X-14.75999 Y4.59502
G01 X-14.30998 Y4.59502
G01 X-14.30020 Y4.59550
G01 X-14.19776 Y4.60559
G01 X-14.18806 Y4.60701
G01 X-14.17853 Y4.60940
G01 X-14.08348 Y4.63825
G01 X-14.08005 Y4.63929
G01 X-14.06194 Y4.64679
G01 X-13.97116 Y4.69530
G01 X-13.95488 Y4.70620
G01 X-13.87531 Y4.77148
G01 X-13.86804 Y4.77808
G01 X-13.86146 Y4.78534
G01 X-13.79616 Y4.86490
G01 X-13.79032 Y4.87277
G01 X-13.78526 Y4.88120
G01 X-13.73675 Y4.97196
G01 X-13.72926 Y4.99007
G01 X-13.69938 Y5.08857
G01 X-13.69555 Y5.10780
G01 X-13.68547 Y5.21021
G01 X-13.68498 Y5.22001
G01 X-13.68547 Y5.22982
G01 X-13.69555 Y5.33223
G01 X-13.69938 Y5.35146
G01 X-13.72926 Y5.44996
G01 X-13.73675 Y5.46807
G01 X-13.78526 Y5.55883
G01 X-13.79616 Y5.57513
G01 X-13.86146 Y5.65468
G01 X-13.86804 Y5.66195
G01 X-13.87531 Y5.66855
G01 X-13.95488 Y5.73383
G01 X-13.97116 Y5.74473
G01 X-14.06194 Y5.79324
G01 X-14.08005 Y5.80073
G01 X-14.17853 Y5.83063
G01 X-14.18806 Y5.83299
G01 X-14.19776 Y5.83444
G01 X-14.30020 Y5.84452
G01 X-14.30998 Y5.84501
G01 X-14.75999 Y5.84501
G01 X-14.76979 Y5.84452
G01 X-14.87220 Y5.83444
G01 X-14.88473 Y5.83195
G01 X-14.89278 Y5.83058
G01 X-15.72392 Y5.64003
G01 X-16.24736 Y5.67442
G01 X-16.24906 Y5.67442
G01 X-16.25018 Y5.67452
G01 X-16.25998 Y5.67500
G01 X-17.20999 Y5.67500
G01 X-17.21980 Y5.67452
G01 X-17.26857 Y5.66972
G01 X-17.28779 Y5.66591
G01 X-17.33468 Y5.65169
G01 X-17.34136 Y5.64892
G01 X-17.34665 Y5.64750
G01 X-17.73496 Y5.50696
G01 X-17.82193 Y5.53843
G01 X-17.78922 Y5.73010
G01 X-17.43052 Y6.08877
G01 X-16.67375 Y6.08877
G01 X-16.66395 Y6.08925
G01 X-16.60540 Y6.09502
G01 X-16.58620 Y6.09885
G01 X-16.52991 Y6.11592
G01 X-16.51180 Y6.12342
G01 X-16.45993 Y6.15115
G01 X-16.44363 Y6.16202
G01 X-16.39816 Y6.19934
G01 X-16.39090 Y6.20594
G01 X-15.85214 Y6.74468
G01 X-15.84680 Y6.75044
G01 X-15.81625 Y6.78623
G01 X-15.80700 Y6.79893
G01 X-15.78241 Y6.83906
G01 X-15.77530 Y6.85306
G01 X-15.75727 Y6.89654
G01 X-15.75242 Y6.91145
G01 X-15.74144 Y6.95725
G01 X-15.73898 Y6.97274
G01 X-15.73530 Y7.01968
G01 X-15.73497 Y7.02753
G01 X-15.73497 Y7.03284
G01 X-15.25907 Y8.38102
G01 X-15.25696 Y8.38856
G01 X-15.25399 Y8.39570
G01 X-15.20563 Y8.55516
G01 X-15.20179 Y8.57439
G01 X-15.18546 Y8.74020
G01 X-15.18498 Y8.75000
G01 X-15.18546 Y8.75981
G01 X-15.20179 Y8.92565
G01 X-15.20563 Y8.94487
G01 X-15.25399 Y9.10431
G01 X-15.25747 Y9.11269
G01 X-15.25907 Y9.11904
G01 X-15.73497 Y10.46720
G01 X-15.73497 Y10.63286
G01 X-15.25907 Y11.98101
G01 X-15.25694 Y11.98856
G01 X-15.25399 Y11.99569
G01 X-15.20563 Y12.15515
G01 X-15.20179 Y12.17438
G01 X-15.18546 Y12.34022
G01 X-15.18498 Y12.35002
G01 X-15.18546 Y12.35980
G01 X-15.20179 Y12.52564
G01 X-15.20563 Y12.54487
G01 X-15.25399 Y12.70433
G01 X-15.25729 Y12.71357
G01 X-15.26151 Y12.72244
G01 X-15.34005 Y12.86938
G01 X-15.35094 Y12.88568
G01 X-15.45663 Y13.01449
G01 X-15.46324 Y13.02175
G01 X-15.47050 Y13.02836
G01 X-15.59930 Y13.13407
G01 X-15.61561 Y13.14494
G01 X-15.76258 Y13.22350
G01 X-15.78069 Y13.23100
G01 X-15.94012 Y13.27938
G01 X-15.94965 Y13.28177
G01 X-15.95935 Y13.28319
G01 X-16.12519 Y13.29953
G01 X-16.14479 Y13.29953
G01 X-16.31061 Y13.28319
G01 X-16.32033 Y13.28177
G01 X-16.32983 Y13.27938
G01 X-16.48930 Y13.23100
G01 X-16.49854 Y13.22769
G01 X-16.50741 Y13.22350
G01 X-16.65437 Y13.14494
G01 X-16.67065 Y13.13407
G01 X-16.79948 Y13.02836
G01 X-16.80674 Y13.02175
G01 X-16.81332 Y13.01449
G01 X-16.91904 Y12.88568
G01 X-16.92993 Y12.86938
G01 X-17.00847 Y12.72244
G01 X-17.01266 Y12.71357
G01 X-17.01599 Y12.70433
G01 X-17.06435 Y12.54487
G01 X-17.06816 Y12.52564
G01 X-17.08449 Y12.35980
G01 X-17.08498 Y12.35002
G01 X-17.08449 Y12.34022
G01 X-17.06816 Y12.17438
G01 X-17.06435 Y12.15515
G01 X-17.01599 Y11.99569
G01 X-17.01266 Y11.98645
G01 X-17.01180 Y11.98459
G01 X-17.01088 Y11.98101
G01 X-16.53499 Y10.63293
G01 X-16.53499 Y10.46710
G01 X-17.01088 Y9.11904
G01 X-17.01205 Y9.11488
G01 X-17.01266 Y9.11358
G01 X-17.01599 Y9.10431
G01 X-17.06435 Y8.94487
G01 X-17.06816 Y8.92565
G01 X-17.08449 Y8.75981
G01 X-17.08498 Y8.75000
G01 X-17.08449 Y8.74020
G01 X-17.06816 Y8.57439
G01 X-17.06435 Y8.55516
G01 X-17.01599 Y8.39570
G01 X-17.01266 Y8.38645
G01 X-17.01180 Y8.38460
G01 X-17.01088 Y8.38102
G01 X-16.57680 Y7.15138
G01 X-16.83941 Y6.88879
G01 X-17.59623 Y6.88879
G01 X-17.60601 Y6.88831
G01 X-17.66455 Y6.88255
G01 X-17.67426 Y6.88110
G01 X-17.68378 Y6.87871
G01 X-17.74004 Y6.86164
G01 X-17.74929 Y6.85834
G01 X-17.75815 Y6.85415
G01 X-17.81002 Y6.82641
G01 X-17.82633 Y6.81552
G01 X-17.87179 Y6.77823
G01 X-17.87906 Y6.77162
G01 X-18.37644 Y6.27424
G01 X-18.37903 Y6.27244
G01 X-19.09338 Y5.67500
G01 X-19.20999 Y5.67500
G01 X-19.21980 Y5.67452
G01 X-19.26856 Y5.66972
G01 X-19.28779 Y5.66591
G01 X-19.33468 Y5.65169
G01 X-19.35279 Y5.64417
G01 X-19.39602 Y5.62108
G01 X-19.40443 Y5.61603
G01 X-19.41233 Y5.61018
G01 X-19.45020 Y5.57909
G01 X-19.46407 Y5.56523
G01 X-19.49516 Y5.52735
G01 X-19.50605 Y5.51105
G01 X-19.52914 Y5.46782
G01 X-19.53333 Y5.45895
G01 X-19.53666 Y5.44971
G01 X-19.55088 Y5.40282
G01 X-19.55327 Y5.39329
G01 X-19.55469 Y5.38359
G01 X-19.55949 Y5.33482
G01 X-19.55998 Y5.32502
G01 X-19.55998 Y4.65001
G01 X-19.55949 Y4.64021
G01 X-19.55469 Y4.59144
G01 X-19.55327 Y4.58174
G01 X-19.55088 Y4.57221
G01 X-19.53666 Y4.52532
G01 X-19.53333 Y4.51608
G01 X-19.52914 Y4.50721
G01 X-19.50605 Y4.46398
G01 X-19.49516 Y4.44768
G01 X-19.46407 Y4.40981
G01 X-19.45020 Y4.39594
G01 X-19.41233 Y4.36485
G01 X-19.40443 Y4.35901
G01 X-19.39602 Y4.35395
G01 X-19.35279 Y4.33086
G01 X-19.33468 Y4.32334
G01 X-19.28779 Y4.30912
G01 X-19.26856 Y4.30531
G01 X-19.21980 Y4.30048
G01 X-19.20999 Y4.30000
G01 X-18.25998 Y4.30000
G01 X-18.25018 Y4.30048
G01 X-18.20141 Y4.30531
G01 X-18.18218 Y4.30912
G01 X-18.13529 Y4.32334
G01 X-18.12843 Y4.32619
G01 X-18.12330 Y4.32753
G01 X-17.73499 Y4.46807
G01 X-17.34665 Y4.32753
G01 X-17.34192 Y4.32634
G01 X-17.33468 Y4.32334
G01 X-17.28779 Y4.30912
G01 X-17.26857 Y4.30531
G01 X-17.21980 Y4.30048
G01 X-17.20999 Y4.30000
G01 X-16.25998 Y4.30000
G01 X-16.25018 Y4.30048
G01 X-16.20141 Y4.30531
G01 X-16.18218 Y4.30912
G01 X-16.13530 Y4.32334
G01 X-16.11719 Y4.33086
G01 X-16.07395 Y4.35395
G01 X-16.06555 Y4.35901
G01 X-16.05765 Y4.36485
G01 X-16.01978 Y4.39594
G01 X-16.00591 Y4.40981
G01 X-15.97855 Y4.44313
G01 X-15.50289 Y4.74935
G01 X-14.98993 Y4.63175
G01 X-15.00693 Y4.63117
G01 X-15.00942 Y4.63101
G01 X-15.04175 Y4.62827
G01 X-15.04416 Y4.62802
G01 X-15.15308 Y4.61346
G01 X-15.15554 Y4.61308
G01 X-15.19964 Y4.60493
G01 X-15.20197 Y4.60442
G01 X-15.31361 Y4.57818
G01 X-15.31604 Y4.57755
G01 X-15.37728 Y4.55984
G01 X-15.37954 Y4.55913
G01 X-15.38716 Y4.55652
G01 X-15.40393 Y4.55456
G01 X-15.40477 Y4.55446
G01 X-15.46527 Y4.54641
G01 X-15.47177 Y4.54509
G01 X-15.47804 Y4.54293
G01 X-15.48399 Y4.53993
G01 X-15.48539 Y4.53912
G01 X-15.48747 Y4.53782
G01 X-15.54269 Y4.50160
G01 X-15.54469 Y4.50020
G01 X-15.59232 Y4.46553
G01 X-15.59428 Y4.46401
G01 X-15.64703 Y4.42146
G01 X-15.64889 Y4.41989
G01 X-15.65856 Y4.41125
G01 X-15.84388 Y4.29195
G01 X-15.85130 Y4.28291
G01 X-15.87108 Y4.26111
G01 X-15.89290 Y4.24133
G01 X-15.93077 Y4.21024
G01 X-15.95442 Y4.19271
G01 X-15.97967 Y4.17757
G01 X-16.02290 Y4.15446
G01 X-16.07723 Y4.13195
G01 X-16.12412 Y4.11773
G01 X-16.18180 Y4.10625
G01 X-16.23057 Y4.10145
G01 X-16.25998 Y4.10000
G01 X-17.20999 Y4.10000
G01 X-17.23938 Y4.10145
G01 X-17.28818 Y4.10625
G01 X-17.34583 Y4.11773
G01 X-17.39275 Y4.13195
G01 X-17.40486 Y4.13698
G01 X-17.41472 Y4.13947
G01 X-17.73499 Y4.25537
G01 X-17.73496 Y4.26081
G01 X-17.73499 Y4.25537
G01 X-18.05523 Y4.13947
G01 X-18.06587 Y4.13665
G01 X-18.07723 Y4.13195
G01 X-18.12414 Y4.11773
G01 X-18.18180 Y4.10625
G01 X-18.23059 Y4.10145
G01 X-18.25998 Y4.10000
G01 X-19.20999 Y4.10000
G01 X-19.23940 Y4.10145
G01 X-19.28817 Y4.10625
G01 X-19.34586 Y4.11773
G01 X-19.39274 Y4.13195
G01 X-19.44707 Y4.15446
G01 X-19.44916 Y4.15555
G01 X-19.46104 Y4.17539
G01 X-19.49287 Y4.23472
G01 X-19.51502 Y4.28154
G01 X-19.53554 Y4.33094
G01 X-19.54083 Y4.34575
G01 X-19.53554 Y4.33094
G01 X-19.51502 Y4.28154
G01 X-19.49287 Y4.23472
G01 X-19.46104 Y4.17539
G01 X-19.44916 Y4.15555
G01 X-19.43290 Y4.12845
G01 X-19.38385 Y4.05530
G01 X-19.35647 Y4.01837
G01 X-19.30682 Y4.00851
G01 X-19.29914 Y4.00775
G01 X-19.25188 Y4.00511
G01 X-19.20905 Y4.00376
G01 X-18.64060 Y4.00000
G01 X-18.25990 Y4.00003
G01 X-18.22079 Y4.00193
G01 X-18.17202 Y4.00673
G01 X-18.09511 Y4.02205
G01 X-18.04819 Y4.03627
G01 X-18.03458 Y4.04191
G01 X-18.02119 Y4.04544
G01 X-17.73496 Y4.14905
G01 X-17.73496 Y4.15520
G01 X-17.73496 Y4.14905
G01 X-17.44875 Y4.04544
G01 X-17.43633 Y4.04229
G01 X-17.42178 Y4.03627
G01 X-17.37487 Y4.02205
G01 X-17.29795 Y4.00673
G01 X-17.24919 Y4.00193
G01 X-17.21017 Y4.00003
G01 X-16.25970 Y4.00003
G01 X-16.22079 Y4.00193
G01 X-16.17200 Y4.00673
G01 X-16.09511 Y4.02205
G01 X-16.04820 Y4.03627
G01 X-15.97576 Y4.06627
G01 X-15.93253 Y4.08938
G01 X-15.91145 Y4.10201
G01 X-15.89031 Y4.13576
G01 X-15.88991 Y4.13637
G01 X-15.87553 Y4.15860
G01 X-15.87512 Y4.15921
G01 X-15.86159 Y4.17948
G01 X-15.84259 Y4.20925
G01 X-15.82115 Y4.24448
G01 X-15.82140 Y4.24468
G01 X-15.82115 Y4.24448
G01 X-15.81597 Y4.25149
G01 X-15.79082 Y4.28011
G01 X-15.79003 Y4.28098
G01 X-15.74883 Y4.32566
G01 X-15.74716 Y4.32741
G01 X-15.69516 Y4.37859
G01 X-15.69334 Y4.38027
G01 X-15.65856 Y4.41125
G01 X-15.64889 Y4.41989
G01 X-15.64703 Y4.42146
G01 X-15.59428 Y4.46401
G01 X-15.59232 Y4.46553
G01 X-15.54469 Y4.50020
G01 X-15.54269 Y4.50160
G01 X-15.48747 Y4.53782
G01 X-15.48539 Y4.53912
G01 X-15.48399 Y4.53993
G01 X-15.47804 Y4.54293
G01 X-15.47177 Y4.54509
G01 X-15.47261 Y4.54709
G01 X-15.47177 Y4.54509
G01 X-15.46527 Y4.54641
G01 X-15.40477 Y4.55446
G01 X-15.40393 Y4.55456
G01 X-15.38716 Y4.55652
G01 X-15.37954 Y4.55913
G01 X-15.37728 Y4.55984
G01 X-15.31604 Y4.57755
G01 X-15.31361 Y4.57818
G01 X-15.20197 Y4.60442
G01 X-15.19964 Y4.60493
G01 X-15.15554 Y4.61308
G01 X-15.15308 Y4.61346
G01 X-15.04416 Y4.62802
G01 X-15.04175 Y4.62827
G01 X-15.00942 Y4.63101
G01 X-15.00693 Y4.63117
G01 X-14.98993 Y4.63175
G01 X-14.89278 Y4.60947
G01 X-14.88757 Y4.60864
G01 X-14.87220 Y4.60559
G01 X-14.76979 Y4.59550
G01 X-14.75999 Y4.59502
G01 X-14.30998 Y4.59502
G01 X-14.30020 Y4.59550
G01 X-14.19776 Y4.60559
G01 X-14.18806 Y4.60701
G01 X-14.17853 Y4.60940
G01 X-14.08348 Y4.63825
G01 X-14.06771 Y4.63879
G01 X-14.03786 Y4.64130
G01 X-13.93134 Y4.65552
G01 X-13.88963 Y4.66325
G01 X-13.83345 Y4.67645
G01 X-13.78046 Y4.68893
G01 X-13.72156 Y4.70594
G01 X-13.64696 Y4.73145
G01 X-13.64157 Y4.73802
G01 X-13.62402 Y4.76167
G01 X-13.60888 Y4.78692
G01 X-13.56037 Y4.87767
G01 X-13.53787 Y4.93203
G01 X-13.50800 Y5.03051
G01 X-13.49651 Y5.08819
G01 X-13.48643 Y5.19060
G01 X-13.48498 Y5.22001
G01 X-13.58498 Y5.22001
G01 X-13.68498 Y5.22001
G01 X-13.58498 Y5.22001
G01 X-13.48498 Y5.22001
G01 X-13.38498 Y5.22001
G01 X-13.48498 Y5.22001
G01 X-13.48643 Y5.24943
G01 X-13.49651 Y5.35184
G01 X-13.50800 Y5.40952
G01 X-13.53787 Y5.50800
G01 X-13.56037 Y5.56233
G01 X-13.60888 Y5.65311
G01 X-13.64157 Y5.70201
G01 X-13.70685 Y5.78156
G01 X-13.72661 Y5.80338
G01 X-13.74843 Y5.82314
G01 X-13.82798 Y5.88844
G01 X-13.87691 Y5.92111
G01 X-13.96766 Y5.96962
G01 X-14.02199 Y5.99212
G01 X-14.12049 Y6.02202
G01 X-14.14904 Y6.02916
G01 X-14.17815 Y6.03348
G01 X-14.28059 Y6.04356
G01 X-14.30998 Y6.04501
G01 X-14.75999 Y6.04501
G01 X-14.78940 Y6.04356
G01 X-14.89181 Y6.03348
G01 X-14.90289 Y6.03127
G01 X-14.90418 Y6.03121
G01 X-14.93748 Y6.02552
G01 X-15.74005 Y5.84153
G01 X-15.73997 Y5.84049
G01 X-15.74005 Y5.84153
G01 X-16.24032 Y5.87437
G01 X-16.25998 Y5.87500
G01 X-17.20999 Y5.87500
G01 X-17.23938 Y5.87356
G01 X-17.28818 Y5.86876
G01 X-17.34583 Y5.85730
G01 X-17.39275 Y5.84308
G01 X-17.39387 Y5.84259
G01 X-17.60011 Y5.73523
G01 X-17.39387 Y5.84259
G01 X-17.34769 Y5.88877
G01 X-17.35084 Y5.89634
G01 X-17.34769 Y5.88877
G01 X-16.67375 Y5.88877
G01 X-16.64434 Y5.89022
G01 X-16.58582 Y5.89598
G01 X-16.52813 Y5.90747
G01 X-16.47185 Y5.92453
G01 X-16.41751 Y5.94704
G01 X-16.36565 Y5.97475
G01 X-16.31675 Y6.00744
G01 X-16.27129 Y6.04473
G01 X-16.24949 Y6.06451
G01 X-15.71073 Y6.60325
G01 X-15.69473 Y6.62055
G01 X-15.66415 Y6.65633
G01 X-15.63649 Y6.69443
G01 X-15.61188 Y6.73457
G01 X-15.59052 Y6.77650
G01 X-15.57251 Y6.82001
G01 X-15.55795 Y6.86477
G01 X-15.54696 Y6.91054
G01 X-15.53959 Y6.95704
G01 X-15.53672 Y6.99367
G01 X-15.07048 Y8.31445
G01 X-15.06682 Y8.32748
G01 X-15.06260 Y8.33764
G01 X-15.01424 Y8.49710
G01 X-15.00276 Y8.55478
G01 X-14.98643 Y8.72062
G01 X-14.98498 Y8.75000
G01 X-14.98643 Y8.77942
G01 X-15.00276 Y8.94525
G01 X-15.01424 Y9.00291
G01 X-15.06260 Y9.16237
G01 X-15.06771 Y9.17472
G01 X-15.07048 Y9.18561
G01 X-15.53497 Y10.50146
G01 X-15.53636 Y10.50121
G01 X-15.53497 Y10.50146
G01 X-15.53497 Y10.59859
G01 X-15.53636 Y10.59882
G01 X-15.53497 Y10.59859
G01 X-15.07048 Y11.91444
G01 X-15.06682 Y11.92749
G01 X-15.06260 Y11.93765
G01 X-15.01424 Y12.09709
G01 X-15.00276 Y12.15477
G01 X-14.98643 Y12.32061
G01 X-14.98498 Y12.35002
G01 X-14.98643 Y12.37941
G01 X-15.00276 Y12.54525
G01 X-15.01424 Y12.60293
G01 X-15.06260 Y12.76237
G01 X-15.07253 Y12.79010
G01 X-15.08511 Y12.81672
G01 X-15.16367 Y12.96366
G01 X-15.19633 Y13.01256
G01 X-15.30205 Y13.14136
G01 X-15.32181 Y13.16318
G01 X-15.34363 Y13.18297
G01 X-15.47243 Y13.28865
G01 X-15.52133 Y13.32134
G01 X-15.66829 Y13.39988
G01 X-15.72262 Y13.42239
G01 X-15.88208 Y13.47077
G01 X-15.91063 Y13.47791
G01 X-15.93977 Y13.48223
G01 X-16.10558 Y13.49856
G01 X-16.13499 Y13.50001
G01 X-16.16440 Y13.49856
G01 X-16.33021 Y13.48223
G01 X-16.38790 Y13.47077
G01 X-16.54736 Y13.42239
G01 X-16.57507 Y13.41248
G01 X-16.60169 Y13.39988
G01 X-16.74863 Y13.32134
G01 X-16.79755 Y13.28865
G01 X-16.92635 Y13.18297
G01 X-16.94817 Y13.16318
G01 X-16.96793 Y13.14136
G01 X-17.07365 Y13.01256
G01 X-17.10631 Y12.96366
G01 X-17.18485 Y12.81672
G01 X-17.19745 Y12.79010
G01 X-17.20738 Y12.76237
G01 X-17.25574 Y12.60293
G01 X-17.26722 Y12.54525
G01 X-17.28355 Y12.37941
G01 X-17.28498 Y12.35002
G01 X-17.28355 Y12.32061
G01 X-17.26722 Y12.15477
G01 X-17.25574 Y12.09709
G01 X-17.20738 Y11.93765
G01 X-17.20047 Y11.91840
G01 X-17.19948 Y11.91444
G01 X-16.73499 Y10.59867
G01 X-16.73354 Y10.59892
G01 X-16.73499 Y10.59867
G01 X-16.73499 Y10.50139
G01 X-16.73359 Y10.50113
G01 X-16.73499 Y10.50139
G01 X-17.19948 Y9.18561
G01 X-17.20103 Y9.18008
G01 X-17.20738 Y9.16237
G01 X-17.25574 Y9.00291
G01 X-17.26722 Y8.94525
G01 X-17.28355 Y8.77942
G01 X-17.28498 Y8.75000
G01 X-17.28355 Y8.72062
G01 X-17.26722 Y8.55478
G01 X-17.25574 Y8.49710
G01 X-17.20738 Y8.33764
G01 X-17.20047 Y8.31838
G01 X-17.19948 Y8.31445
G01 X-16.80735 Y7.20368
G01 X-16.78960 Y7.19964
G01 X-16.80735 Y7.20368
G01 X-16.92226 Y7.08879
G01 X-16.91911 Y7.08123
G01 X-16.92226 Y7.08879
G01 X-17.59623 Y7.08879
G01 X-17.62561 Y7.08735
G01 X-17.68414 Y7.08158
G01 X-17.71327 Y7.07726
G01 X-17.74182 Y7.07010
G01 X-17.79811 Y7.05303
G01 X-17.82582 Y7.04310
G01 X-17.85244 Y7.03053
G01 X-17.90430 Y7.00279
G01 X-17.95320 Y6.97013
G01 X-17.99866 Y6.93281
G01 X-18.02048 Y6.91305
G01 X-18.06854 Y6.86497
G01 X-18.15912 Y6.91071
G01 X-18.14888 Y6.92453
G01 X-18.13323 Y6.95379
G01 X-18.11073 Y7.00812
G01 X-18.09366 Y7.06441
G01 X-18.08650 Y7.09296
G01 X-18.08218 Y7.12209
G01 X-18.07641 Y7.18062
G01 X-18.07497 Y7.21003
G01 X-18.07497 Y7.27195
G01 X-18.07652 Y7.27233
G01 X-18.07497 Y7.27195
G01 X-17.62054 Y8.29166
G01 X-17.61833 Y8.29768
G01 X-17.61253 Y8.30990
G01 X-17.60260 Y8.33764
G01 X-17.55424 Y8.49710
G01 X-17.54276 Y8.55478
G01 X-17.52643 Y8.72062
G01 X-17.52498 Y8.75000
G01 X-17.52643 Y8.77942
G01 X-17.54276 Y8.94525
G01 X-17.55424 Y9.00291
G01 X-17.60260 Y9.16237
G01 X-17.60938 Y9.18135
G01 X-17.61048 Y9.18561
G01 X-18.07499 Y10.50146
G01 X-18.07641 Y10.50121
G01 X-18.07499 Y10.50146
G01 X-18.07497 Y10.59859
G01 X-18.07636 Y10.59885
G01 X-18.07497 Y10.59859
G01 X-17.61048 Y11.91444
G01 X-17.60890 Y11.92008
G01 X-17.60260 Y11.93765
G01 X-17.55424 Y12.09709
G01 X-17.54276 Y12.15477
G01 X-17.52643 Y12.32061
G01 X-17.52498 Y12.35002
G01 X-17.52643 Y12.37941
G01 X-17.54276 Y12.54525
G01 X-17.55424 Y12.60293
G01 X-17.60260 Y12.76237
G01 X-17.61253 Y12.79010
G01 X-17.62511 Y12.81672
G01 X-17.70367 Y12.96366
G01 X-17.73633 Y13.01256
G01 X-17.84205 Y13.14136
G01 X-17.86181 Y13.16318
G01 X-17.88363 Y13.18297
G01 X-18.01243 Y13.28865
G01 X-18.06133 Y13.32134
G01 X-18.20829 Y13.39988
G01 X-18.26262 Y13.42239
G01 X-18.42208 Y13.47077
G01 X-18.45063 Y13.47791
G01 X-18.47977 Y13.48223
G01 X-18.64558 Y13.49856
G01 X-18.67499 Y13.50001
G01 X-18.70440 Y13.49856
G01 X-18.87022 Y13.48223
G01 X-18.92790 Y13.47077
G01 X-19.08736 Y13.42239
G01 X-19.11507 Y13.41248
G01 X-19.14169 Y13.39988
G01 X-19.28863 Y13.32134
G01 X-19.33755 Y13.28865
G01 X-19.46635 Y13.18297
G01 X-19.48817 Y13.16318
G01 X-19.50793 Y13.14136
G01 X-19.61365 Y13.01256
G01 X-19.64631 Y12.96366
G01 X-19.72485 Y12.81672
G01 X-19.73745 Y12.79010
G01 X-19.74738 Y12.76237
G01 X-19.79574 Y12.60293
G01 X-19.80722 Y12.54525
G01 X-19.82355 Y12.37941
G01 X-19.82498 Y12.35002
G01 X-19.82355 Y12.32061
G01 X-19.80722 Y12.15477
G01 X-19.79574 Y12.09709
G01 X-19.74738 Y11.93765
G01 X-19.74217 Y11.92511
G01 X-19.73948 Y11.91444
G01 X-19.27499 Y10.59867
G01 X-19.27354 Y10.59892
G01 X-19.27499 Y10.59867
G01 X-19.27499 Y10.50139
G01 X-19.27359 Y10.50116
G01 X-19.27499 Y10.50139
G01 X-19.73948 Y9.18561
G01 X-19.74314 Y9.17261
G01 X-19.74738 Y9.16237
G01 X-19.79574 Y9.00291
G01 X-19.80722 Y8.94525
G01 X-19.82355 Y8.77942
G01 X-19.82498 Y8.75000
G01 X-19.82355 Y8.72062
G01 X-19.80722 Y8.55478
G01 X-19.79574 Y8.49710
G01 X-19.74738 Y8.33764
G01 X-19.73740 Y8.31356
G01 X-19.73318 Y8.29959
G01 X-19.35388 Y7.37965
G01 X-19.33412 Y7.37569
G01 X-19.35388 Y7.37965
G01 X-20.55924 Y6.17429
G01 X-20.57900 Y6.15247
G01 X-20.61631 Y6.10701
G01 X-20.63386 Y6.08336
G01 X-20.64898 Y6.05811
G01 X-20.67671 Y6.00625
G01 X-20.69922 Y5.95192
G01 X-20.71629 Y5.89563
G01 X-20.72345 Y5.86708
G01 X-20.72777 Y5.83795
G01 X-20.73353 Y5.77942
G01 X-20.73498 Y5.75001
G01 X-20.73498 Y3.55002
G01 X-20.73353 Y3.52063
G01 X-20.72777 Y3.46211
G01 X-20.71629 Y3.40442
G01 X-20.69922 Y3.34814
G01 X-20.67671 Y3.29381
G01 X-20.64900 Y3.24194
G01 X-20.61631 Y3.19304
G01 X-20.57900 Y3.14758
G01 X-20.55924 Y3.12578
G01 X-19.92175 Y2.48827
G01 X-19.90445 Y2.47227
G01 X-19.86866 Y2.44169
G01 X-19.83056 Y2.41403
G01 X-19.79043 Y2.38941
G01 X-19.74850 Y2.36805
G01 X-19.71278 Y2.35327
G01 X-19.71070 Y2.35563
G01 X-19.71278 Y2.35327
G01 X-19.70554 Y2.33793
G01 X-19.68243 Y2.29470
G01 X-19.64977 Y2.24580
G01 X-19.61868 Y2.20793
G01 X-19.59889 Y2.18611
G01 X-19.57707 Y2.16633
G01 X-19.53920 Y2.13524
G01 X-19.51555 Y2.11771
G01 X-19.49031 Y2.10257
G01 X-19.44707 Y2.07946
G01 X-19.39274 Y2.05695
G01 X-19.34586 Y2.04273
G01 X-19.28817 Y2.03127
G01 X-19.23940 Y2.02645
G01 X-19.20999 Y2.02502
G01 X-18.25998 Y2.02502
G01 X-18.23059 Y2.02645
G01 X-18.18180 Y2.03127
G01 X-18.12414 Y2.04273
G01 X-18.07723 Y2.05695
G01 X-18.05902 Y2.06348
G01 X-18.05523 Y2.06447
G01 X-17.73499 Y2.18037
G01 X-17.73499 Y2.18670
G01 X-17.73499 Y2.18037
G01 X-17.41472 Y2.06447
G01 X-17.41142 Y2.06363
G01 X-17.39275 Y2.05695
G01 X-17.34583 Y2.04273
G01 X-17.28818 Y2.03127
G01 X-17.23938 Y2.02645
G01 X-17.20999 Y2.02502
G01 X-16.25998 Y2.02502
G01 X-16.24032 Y2.02566
G01 X-15.81058 Y2.05390
G01 X-15.81010 Y2.05667
G01 X-15.81058 Y2.05390
G01 X-15.40913 Y1.88184
G01 X-15.40459 Y1.88042
G01 X-15.39979 Y1.87786
G01 X-15.34353 Y1.86079
G01 X-15.28498 Y1.85502
G01 X-13.78498 Y1.85502
G01 X-13.72646 Y1.86079
G01 X-13.67017 Y1.87786
G01 X-13.61831 Y1.90557
G01 X-13.57287 Y1.94288
G01 X-13.53555 Y1.98835
G01 X-13.50782 Y2.04021
G01 X-13.49075 Y2.09648
G01 X-13.48498 Y2.15502
G01 X-13.48498 Y3.20501
G01 X-13.48585 Y3.21397
G01 X-13.40322 Y3.16391
G01 X-13.38498 Y3.14941
G01 X-13.38498 Y2.15502
G01 X-13.48498 Y2.15502
G01 X-13.58498 Y2.15502
G01 X-13.68498 Y2.15502
G01 X-13.58498 Y2.15502
G01 X-13.48498 Y2.15502
G01 X-13.38498 Y2.15502
G01 X-13.39268 Y2.07697
G01 X-13.41544 Y2.00194
G01 X-13.45240 Y1.93277
G01 X-13.50215 Y1.87217
G01 X-13.56276 Y1.82243
G01 X-13.63192 Y1.78545
G01 X-13.70695 Y1.76269
G01 X-13.78498 Y1.75502
G01 X-15.28498 Y1.75502
G01 X-15.36303 Y1.76269
G01 X-15.43807 Y1.78545
G01 X-15.44340 Y1.78832
G01 X-15.44853 Y1.78995
G01 X-15.82793 Y1.95253
G01 X-15.82745 Y1.95530
G01 X-15.82793 Y1.95253
G01 X-16.23377 Y1.92586
G01 X-16.25998 Y1.92502
G01 X-17.20999 Y1.92502
G01 X-17.24919 Y1.92693
G01 X-17.29795 Y1.93173
G01 X-17.37487 Y1.94705
G01 X-17.42178 Y1.96127
G01 X-17.44421 Y1.96930
G01 X-17.44875 Y1.97044
G01 X-17.73499 Y2.07405
G01 X-17.73499 Y2.08007
G01 X-17.73499 Y2.07405
G01 X-18.02119 Y1.97044
G01 X-18.02638 Y1.96907
G01 X-18.04819 Y1.96127
G01 X-18.09511 Y1.94705
G01 X-18.17202 Y1.93173
G01 X-18.22079 Y1.92693
G01 X-18.25998 Y1.92502
G01 X-19.20999 Y1.92502
G01 X-19.24918 Y1.92693
G01 X-19.29798 Y1.93173
G01 X-19.37486 Y1.94705
G01 X-19.42178 Y1.96127
G01 X-19.49422 Y1.99127
G01 X-19.53745 Y2.01438
G01 X-19.57110 Y2.03455
G01 X-19.60265 Y2.05794
G01 X-19.64052 Y2.08903
G01 X-19.66960 Y2.11540
G01 X-19.69597 Y2.14448
G01 X-19.72706 Y2.18235
G01 X-19.77062 Y2.24755
G01 X-19.78533 Y2.27506
G01 X-19.78418 Y2.27626
G01 X-19.78533 Y2.27506
G01 X-19.78675 Y2.27567
G01 X-19.84268 Y2.30417
G01 X-19.88284 Y2.32876
G01 X-19.93361 Y2.36566
G01 X-19.96940 Y2.39622
G01 X-19.99246 Y2.41756
G01 X-20.62995 Y3.05507
G01 X-20.65632 Y3.08415
G01 X-20.69363 Y3.12962
G01 X-20.73719 Y3.19480
G01 X-20.76490 Y3.24666
G01 X-20.79490 Y3.31910
G01 X-20.81199 Y3.37539
G01 X-20.82729 Y3.45230
G01 X-20.83305 Y3.51082
G01 X-20.83498 Y3.55002
G01 X-20.83498 Y5.75001
G01 X-20.83305 Y5.78923
G01 X-20.82729 Y5.84775
G01 X-20.82152 Y5.88659
G01 X-20.81199 Y5.92466
G01 X-20.79490 Y5.98095
G01 X-20.76490 Y6.05339
G01 X-20.73719 Y6.10526
G01 X-20.71700 Y6.13891
G01 X-20.69360 Y6.17046
G01 X-20.65632 Y6.21592
G01 X-20.62995 Y6.24501
G01 X-19.47174 Y7.40320
G01 X-19.45200 Y7.39923
G01 X-19.47174 Y7.40320
G01 X-19.82564 Y8.26149
G01 X-19.83122 Y8.28005
G01 X-19.84306 Y8.30863
G01 X-19.89142 Y8.46806
G01 X-19.90674 Y8.54498
G01 X-19.92307 Y8.71081
G01 X-19.92498 Y8.75000
G01 X-19.92307 Y8.78922
G01 X-19.90674 Y8.95503
G01 X-19.89142 Y9.03195
G01 X-19.84306 Y9.19141
G01 X-19.83821 Y9.20317
G01 X-19.83376 Y9.21891
G01 X-19.37499 Y10.51851
G01 X-19.37359 Y10.51828
G01 X-19.37499 Y10.51851
G01 X-19.37499 Y10.58155
G01 X-19.37359 Y10.58178
G01 X-19.37499 Y10.58155
G01 X-19.83376 Y11.88114
G01 X-19.83704 Y11.89407
G01 X-19.84306 Y11.90862
G01 X-19.89142 Y12.06808
G01 X-19.90674 Y12.14497
G01 X-19.92307 Y12.31081
G01 X-19.92498 Y12.35002
G01 X-19.92307 Y12.38922
G01 X-19.90674 Y12.55505
G01 X-19.89142 Y12.63196
G01 X-19.84306 Y12.79140
G01 X-19.82983 Y12.82836
G01 X-19.81306 Y12.86384
G01 X-19.73450 Y13.01080
G01 X-19.69094 Y13.07601
G01 X-19.58523 Y13.20481
G01 X-19.55886 Y13.23389
G01 X-19.52978 Y13.26026
G01 X-19.40097 Y13.36597
G01 X-19.33577 Y13.40953
G01 X-19.18883 Y13.48807
G01 X-19.15335 Y13.50486
G01 X-19.11639 Y13.51809
G01 X-18.95693 Y13.56645
G01 X-18.88002 Y13.58175
G01 X-18.71418 Y13.59808
G01 X-18.63577 Y13.59808
G01 X-18.46996 Y13.58175
G01 X-18.43113 Y13.57601
G01 X-18.39305 Y13.56645
G01 X-18.23359 Y13.51809
G01 X-18.16115 Y13.48807
G01 X-18.01418 Y13.40953
G01 X-17.94901 Y13.36597
G01 X-17.82018 Y13.26026
G01 X-17.79110 Y13.23389
G01 X-17.76473 Y13.20481
G01 X-17.65904 Y13.07601
G01 X-17.61548 Y13.01080
G01 X-17.53692 Y12.86384
G01 X-17.52013 Y12.82836
G01 X-17.50692 Y12.79140
G01 X-17.45853 Y12.63196
G01 X-17.45498 Y12.61403
G01 X-17.45498 Y12.08599
G01 X-17.45853 Y12.06808
G01 X-17.50692 Y11.90862
G01 X-17.51413 Y11.88845
G01 X-17.51619 Y11.88114
G01 X-17.97497 Y10.58147
G01 X-17.97636 Y10.58170
G01 X-17.97497 Y10.58147
G01 X-17.97499 Y10.51858
G01 X-17.97636 Y10.51835
G01 X-17.97499 Y10.51858
G01 X-17.51619 Y9.21891
G01 X-17.51479 Y9.21343
G01 X-17.50692 Y9.19141
G01 X-17.45853 Y9.03195
G01 X-17.45498 Y9.01401
G01 X-17.45498 Y8.48600
G01 X-17.45853 Y8.46806
G01 X-17.50692 Y8.30863
G01 X-17.52015 Y8.27165
G01 X-17.52661 Y8.25798
G01 X-17.52920 Y8.25095
G01 X-17.97497 Y7.25069
G01 X-17.97692 Y7.25113
G01 X-17.97497 Y7.25069
G01 X-17.97497 Y7.21003
G01 X-17.97659 Y7.17716
G01 X-18.10517 Y6.98488
G01 X-18.12485 Y6.95694
G01 X-18.15912 Y6.91071
G01 X-18.20049 Y6.86030
G01 X-18.23885 Y6.81798
G01 X-18.26082 Y6.79489
G01 X-18.56867 Y6.48704
G01 X-19.19267 Y5.91620
G01 X-19.22912 Y5.90112
G01 X-19.23023 Y5.90063
G01 X-19.25663 Y5.88895
G01 X-19.25777 Y5.88842
G01 X-19.30481 Y5.86617
G01 X-19.30697 Y5.86510
G01 X-19.31944 Y5.85842
G01 X-19.35119 Y5.84148
G01 X-19.35337 Y5.84026
G01 X-19.39668 Y5.81430
G01 X-19.39874 Y5.81300
G01 X-19.43537 Y5.78854
G01 X-19.43740 Y5.78712
G01 X-19.47720 Y5.75761
G01 X-19.47913 Y5.75611
G01 X-19.51078 Y5.73015
G01 X-19.51266 Y5.72852
G01 X-19.51317 Y5.72911
G01 X-19.51266 Y5.72852
G01 X-19.54903 Y5.69555
G01 X-19.55081 Y5.69388
G01 X-19.57885 Y5.66581
G01 X-19.58055 Y5.66403
G01 X-19.61350 Y5.62768
G01 X-19.61510 Y5.62583
G01 X-19.64105 Y5.59418
G01 X-19.64255 Y5.59225
G01 X-19.66130 Y5.56698
G01 X-19.66485 Y5.56147
G01 X-19.66765 Y5.55557
G01 X-19.67176 Y5.55748
G01 X-19.66765 Y5.55557
G01 X-19.66963 Y5.54933
G01 X-19.67413 Y5.53147
G01 X-19.67466 Y5.52908
G01 X-19.68266 Y5.48892
G01 X-19.68309 Y5.48649
G01 X-19.69036 Y5.43749
G01 X-19.69063 Y5.43505
G01 X-19.69437 Y5.39736
G01 X-19.69455 Y5.39489
G01 X-19.69696 Y5.34590
G01 X-19.69701 Y5.34468
G01 X-19.69744 Y5.32626
G01 X-19.69747 Y5.32504
G01 X-19.69747 Y4.65001
G01 X-19.69744 Y4.64879
G01 X-19.69701 Y4.63038
G01 X-19.69696 Y4.62916
G01 X-19.69455 Y4.58016
G01 X-19.69437 Y4.57770
G01 X-19.69066 Y4.54003
G01 X-19.69036 Y4.53762
G01 X-19.68309 Y4.48860
G01 X-19.68266 Y4.48616
G01 X-19.68304 Y4.48608
G01 X-19.68266 Y4.48616
G01 X-19.67463 Y4.44590
G01 X-19.67410 Y4.44351
G01 X-19.66183 Y4.39454
G01 X-19.66117 Y4.39213
G01 X-19.64756 Y4.34740
G01 X-19.64679 Y4.34509
G01 X-19.62927 Y4.29606
G01 X-19.62835 Y4.29373
G01 X-19.60689 Y4.24201
G01 X-19.60590 Y4.23983
G01 X-19.58271 Y4.19081
G01 X-19.58159 Y4.18855
G01 X-19.54860 Y4.12705
G01 X-19.54740 Y4.12497
G01 X-19.51802 Y4.07595
G01 X-19.51667 Y4.07381
G01 X-19.46625 Y3.99863
G01 X-19.46488 Y3.99670
G01 X-19.43496 Y3.95636
G01 X-19.43496 Y3.91044
G01 X-19.46389 Y3.88179
G01 X-19.43496 Y3.91044
G01 X-19.31517 Y3.90884
G01 X-19.30788 Y3.90813
G01 X-19.30577 Y3.90795
G01 X-19.25680 Y3.90523
G01 X-19.25556 Y3.90516
G01 X-19.21154 Y3.90379
G01 X-19.21030 Y3.90376
G01 X-18.65736 Y3.90013
G01 X-18.64885 Y3.90000
G01 X-18.25998 Y3.90000
G01 X-18.22079 Y3.89810
G01 X-18.17202 Y3.89327
G01 X-18.09511 Y3.87798
G01 X-18.04819 Y3.86376
G01 X-18.02610 Y3.85586
G01 X-18.02119 Y3.85459
G01 X-17.73499 Y3.75101
G01 X-17.73499 Y3.74496
G01 X-17.73499 Y3.75101
G01 X-17.44875 Y3.85459
G01 X-17.44334 Y3.85603
G01 X-17.42178 Y3.86376
G01 X-17.37487 Y3.87798
G01 X-17.29795 Y3.89327
G01 X-17.24919 Y3.89810
G01 X-17.20999 Y3.90000
G01 X-16.25998 Y3.90000
G01 X-16.22079 Y3.89810
G01 X-16.17200 Y3.89327
G01 X-16.09511 Y3.87798
G01 X-16.04820 Y3.86376
G01 X-15.97576 Y3.83376
G01 X-15.93253 Y3.81064
G01 X-15.91142 Y3.79800
G01 X-15.89031 Y3.76429
G01 X-15.88991 Y3.76368
G01 X-15.87553 Y3.74148
G01 X-15.87512 Y3.74085
G01 X-15.86159 Y3.72060
G01 X-15.84264 Y3.69091
G01 X-15.82115 Y3.65560
G01 X-15.81597 Y3.64857
G01 X-15.79082 Y3.61997
G01 X-15.79003 Y3.61908
G01 X-15.79062 Y3.61857
G01 X-15.79003 Y3.61908
G01 X-15.74886 Y3.57442
G01 X-15.74716 Y3.57267
G01 X-15.69516 Y3.52149
G01 X-15.69336 Y3.51979
G01 X-15.65846 Y3.48873
G01 X-15.64889 Y3.48019
G01 X-15.64703 Y3.47862
G01 X-15.59428 Y3.43605
G01 X-15.59232 Y3.43455
G01 X-15.57474 Y3.42175
G01 X-15.56781 Y3.41750
G01 X-15.56026 Y3.41446
G01 X-15.55234 Y3.41265
G01 X-15.50936 Y3.40656
G01 X-15.50698 Y3.40628
G01 X-15.44028 Y3.40003
G01 X-15.43779 Y3.39985
G01 X-15.39534 Y3.39802
G01 X-15.37396 Y3.39683
G01 X-15.34858 Y3.39492
G01 X-15.34713 Y3.39436
G01 X-15.32692 Y3.38674
G01 X-15.30398 Y3.37730
G01 X-15.30291 Y3.37686
G01 X-15.28292 Y3.36919
G01 X-15.28180 Y3.36876
G01 X-15.17888 Y3.33193
G01 X-15.17660 Y3.33117
G01 X-15.14348 Y3.32111
G01 X-15.14106 Y3.32045
G01 X-15.07949 Y3.30501
G01 X-13.88295 Y3.30501
G01 X-13.78498 Y3.30501
G01 X-13.76548 Y3.30310
G01 X-13.74673 Y3.29741
G01 X-13.72943 Y3.28817
G01 X-13.71427 Y3.27572
G01 X-13.70185 Y3.26058
G01 X-13.69260 Y3.24329
G01 X-13.68691 Y3.22451
G01 X-13.68498 Y3.20501
G01 X-13.68498 Y2.15502
G01 X-13.68691 Y2.13551
G01 X-13.69260 Y2.11674
G01 X-13.70185 Y2.09945
G01 X-13.71427 Y2.08431
G01 X-13.72943 Y2.07186
G01 X-13.74673 Y2.06262
G01 X-13.76548 Y2.05693
G01 X-13.78498 Y2.05502
G01 X-15.28498 Y2.05502
G01 X-15.30449 Y2.05693
G01 X-15.32326 Y2.06262
G01 X-15.32699 Y2.06462
G01 X-15.33034 Y2.06569
G01 X-15.77586 Y2.25660
G01 X-16.24736 Y2.22563
G01 X-16.24914 Y2.22561
G01 X-16.25018 Y2.22551
G01 X-16.25998 Y2.22502
G01 X-17.20999 Y2.22502
G01 X-17.21980 Y2.22548
G01 X-17.26857 Y2.23031
G01 X-17.28779 Y2.23412
G01 X-17.33468 Y2.24834
G01 X-17.34393 Y2.25167
G01 X-17.34482 Y2.25208
G01 X-17.34665 Y2.25253
G01 X-17.73499 Y2.39307
G01 X-18.12330 Y2.25253
G01 X-18.12528 Y2.25202
G01 X-18.12605 Y2.25164
G01 X-18.13529 Y2.24834
G01 X-18.18218 Y2.23412
G01 X-18.20141 Y2.23031
G01 X-18.25018 Y2.22548
G01 X-18.25998 Y2.22502
G01 X-19.20999 Y2.22502
G01 X-19.21980 Y2.22548
G01 X-19.26856 Y2.23031
G01 X-19.28779 Y2.23412
G01 X-19.33468 Y2.24834
G01 X-19.35279 Y2.25586
G01 X-19.39602 Y2.27895
G01 X-19.40443 Y2.28400
G01 X-19.41233 Y2.28985
G01 X-19.45020 Y2.32093
G01 X-19.46407 Y2.33480
G01 X-19.49516 Y2.37267
G01 X-19.50605 Y2.38898
G01 X-19.52914 Y2.43221
G01 X-19.53333 Y2.44108
G01 X-19.53666 Y2.45032
G01 X-19.54690 Y2.48408
G01 X-19.59523 Y2.52556
G01 X-19.61352 Y2.52995
G01 X-19.62846 Y2.53480
G01 X-19.67194 Y2.55284
G01 X-19.68594 Y2.55995
G01 X-19.72607 Y2.58454
G01 X-19.73877 Y2.59378
G01 X-19.77456 Y2.62434
G01 X-19.78032 Y2.62967
G01 X-20.41781 Y3.26719
G01 X-20.42442 Y3.27445
G01 X-20.46170 Y3.31992
G01 X-20.47260 Y3.33622
G01 X-20.50034 Y3.38809
G01 X-20.50783 Y3.40620
G01 X-20.52490 Y3.46249
G01 X-20.52873 Y3.48169
G01 X-20.53450 Y3.54024
G01 X-20.53498 Y3.55002
G01 X-20.53498 Y5.75001
G01 X-20.53450 Y5.75982
G01 X-20.52873 Y5.81836
G01 X-20.52729 Y5.82807
G01 X-20.52490 Y5.83759
G01 X-20.50783 Y5.89385
G01 X-20.50034 Y5.91196
G01 X-20.47260 Y5.96383
G01 X-20.46757 Y5.97226
G01 X-20.46170 Y5.98014
G01 X-20.42442 Y6.02560
G01 X-20.41781 Y6.03287
G01 X-19.11812 Y7.33256
G01 X-19.54827 Y8.37584
G01 X-19.54969 Y8.38051
G01 X-19.55599 Y8.39570
G01 X-19.60435 Y8.55516
G01 X-19.60816 Y8.57439
G01 X-19.62449 Y8.74020
G01 X-19.62498 Y8.75000
G01 X-19.62449 Y8.75981
G01 X-19.60816 Y8.92565
G01 X-19.60435 Y8.94487
G01 X-19.55599 Y9.10431
G01 X-19.55299 Y9.11155
G01 X-19.55088 Y9.11904
G01 X-19.07499 Y10.46712
G01 X-19.07499 Y10.63293
G01 X-19.55088 Y11.98101
G01 X-19.55243 Y11.98713
G01 X-19.55599 Y11.99569
G01 X-19.60435 Y12.15515
G01 X-19.60816 Y12.17438
G01 X-19.62449 Y12.34022
G01 X-19.62498 Y12.35002
G01 X-19.62449 Y12.35980
G01 X-19.60816 Y12.52564
G01 X-19.60435 Y12.54487
G01 X-19.55599 Y12.70433
G01 X-19.55266 Y12.71357
G01 X-19.54847 Y12.72244
G01 X-19.46993 Y12.86938
G01 X-19.45904 Y12.88568
G01 X-19.35332 Y13.01449
G01 X-19.34674 Y13.02175
G01 X-19.33948 Y13.02836
G01 X-19.21065 Y13.13407
G01 X-19.19437 Y13.14494
G01 X-19.04741 Y13.22350
G01 X-19.03854 Y13.22769
G01 X-19.02930 Y13.23100
G01 X-18.86983 Y13.27938
G01 X-18.86033 Y13.28177
G01 X-18.85061 Y13.28319
G01 X-18.68480 Y13.29953
G01 X-18.66519 Y13.29953
G01 X-18.49935 Y13.28319
G01 X-18.48965 Y13.28177
G01 X-18.48012 Y13.27938
G01 X-18.32069 Y13.23100
G01 X-18.30258 Y13.22350
G01 X-18.15561 Y13.14494
G01 X-18.13930 Y13.13407
G01 X-18.01050 Y13.02836
G01 X-18.00324 Y13.02175
G01 X-17.99663 Y13.01449
G01 X-17.89094 Y12.88568
G01 X-17.88005 Y12.86938
G01 X-17.80151 Y12.72244
G01 X-17.79729 Y12.71357
G01 X-17.79399 Y12.70433
G01 X-17.74563 Y12.54487
G01 X-17.74179 Y12.52564
G01 X-17.72546 Y12.35980
G01 X-17.72498 Y12.35002
G01 X-17.72546 Y12.34022
G01 X-17.74179 Y12.17438
G01 X-17.74563 Y12.15515
G01 X-17.79399 Y11.99569
G01 X-17.79729 Y11.98645
G01 X-17.79790 Y11.98523
G01 X-17.79907 Y11.98101
G01 X-18.27497 Y10.63286
G01 X-18.27499 Y10.46720
G01 X-17.79907 Y9.11904
G01 X-17.79813 Y9.11531
G01 X-17.79729 Y9.11356
G01 X-17.79399 Y9.10431
G01 X-17.74563 Y8.94487
G01 X-17.74179 Y8.92565
G01 X-17.72546 Y8.75981
G01 X-17.72498 Y8.75000
G01 X-17.72546 Y8.74020
G01 X-17.74179 Y8.57439
G01 X-17.74563 Y8.55516
G01 X-17.79399 Y8.39570
G01 X-17.79729 Y8.38645
G01 X-17.80151 Y8.37759
G01 X-17.80169 Y8.37726
G01 X-17.80321 Y8.37307
G01 X-18.27499 Y7.31450
G01 X-18.27497 Y7.21003
G01 X-18.27545 Y7.20022
G01 X-18.28121 Y7.14168
G01 X-18.28266 Y7.13197
G01 X-18.28505 Y7.12245
G01 X-18.30212 Y7.06619
G01 X-18.30961 Y7.04808
G01 X-18.33735 Y6.99621
G01 X-18.34238 Y6.98778
G01 X-18.34825 Y6.97990
G01 X-18.38553 Y6.93444
G01 X-18.39214 Y6.92717
G01 X-19.73496 Y5.58433
G01 X-19.73498 Y3.71570
G01 X-19.63229 Y3.61303
G01 X-18.65193 Y3.60018
G01 X-18.64893 Y3.60000
G01 X-18.25998 Y3.60000
G01 X-18.25018 Y3.59952
G01 X-18.20141 Y3.59472
G01 X-18.18218 Y3.59091
G01 X-18.13529 Y3.57669
G01 X-18.12602 Y3.57336
G01 X-18.12531 Y3.57303
G01 X-18.12330 Y3.57249
G01 X-17.73496 Y3.43196
G01 X-17.34665 Y3.57249
G01 X-17.34461 Y3.57305
G01 X-17.34395 Y3.57336
G01 X-17.33468 Y3.57669
G01 X-17.28779 Y3.59091
G01 X-17.26857 Y3.59472
G01 X-17.21980 Y3.59952
G01 X-17.20999 Y3.60000
G01 X-16.25998 Y3.60000
G01 X-16.25018 Y3.59952
G01 X-16.20141 Y3.59472
G01 X-16.18218 Y3.59091
G01 X-16.13530 Y3.57669
G01 X-16.11719 Y3.56917
G01 X-16.07395 Y3.54608
G01 X-16.06555 Y3.54102
G01 X-16.05765 Y3.53518
G01 X-16.01978 Y3.50409
G01 X-16.00591 Y3.49022
G01 X-15.97858 Y3.45692
G01 X-15.56788 Y3.19256
G01 X-15.33032 Y3.29436
G01 X-15.32582 Y3.29602
G01 X-15.32326 Y3.29741
G01 X-15.30449 Y3.30310
G01 X-15.28498 Y3.30501
G01 X-15.07949 Y3.30501
G01 X-15.14106 Y3.32045
G01 X-15.14348 Y3.32111
G01 X-15.17660 Y3.33117
G01 X-15.17888 Y3.33193
G01 X-15.28180 Y3.36876
G01 X-15.28292 Y3.36919
G01 X-15.30291 Y3.37686
G01 X-15.30398 Y3.37730
G01 X-15.32692 Y3.38674
G01 X-15.34713 Y3.39436
G01 X-15.34762 Y3.39426
G01 X-15.35016 Y3.39348
G01 X-15.35399 Y3.39208
G01 X-15.36154 Y3.38979
G01 X-15.36446 Y3.38822
G01 X-15.36971 Y3.38629
G01 X-15.55844 Y3.30541
G01 X-15.55958 Y3.29241
G01 X-15.55844 Y3.30541
G01 X-15.91124 Y3.53251
G01 X-15.91142 Y3.53229
G01 X-15.91124 Y3.53251
G01 X-15.92862 Y3.55367
G01 X-15.94180 Y3.56820
G01 X-15.95633 Y3.58138
G01 X-15.99422 Y3.61247
G01 X-16.00997 Y3.62418
G01 X-16.02681 Y3.63427
G01 X-16.07004 Y3.65736
G01 X-16.10626 Y3.67237
G01 X-16.15315 Y3.68659
G01 X-16.19161 Y3.69424
G01 X-16.24038 Y3.69904
G01 X-16.25998 Y3.70000
G01 X-17.20999 Y3.70000
G01 X-17.22958 Y3.69904
G01 X-17.27837 Y3.69424
G01 X-17.31683 Y3.68659
G01 X-17.36372 Y3.67237
G01 X-17.37804 Y3.66724
G01 X-17.38068 Y3.66653
G01 X-17.73496 Y3.53831
G01 X-17.73496 Y3.53264
G01 X-17.73496 Y3.53831
G01 X-18.08927 Y3.66653
G01 X-18.09170 Y3.66716
G01 X-18.10626 Y3.67237
G01 X-18.15315 Y3.68659
G01 X-18.19160 Y3.69424
G01 X-18.24037 Y3.69904
G01 X-18.25998 Y3.70000
G01 X-18.65012 Y3.70000
G01 X-19.59031 Y3.71247
G01 X-19.59340 Y3.70516
G01 X-19.59031 Y3.71247
G01 X-19.63496 Y3.75713
G01 X-19.64258 Y3.75398
G01 X-19.63496 Y3.75713
G01 X-19.63498 Y4.31202
G01 X-19.64679 Y4.34509
G01 X-19.62927 Y4.29606
G01 X-19.62835 Y4.29373
G01 X-19.60689 Y4.24201
G01 X-19.60590 Y4.23983
G01 X-19.58271 Y4.19081
G01 X-19.58159 Y4.18855
G01 X-19.54860 Y4.12705
G01 X-19.54740 Y4.12497
G01 X-19.53498 Y4.10422
G01 X-19.53496 Y3.81174
G01 X-19.56391 Y3.78311
G01 X-19.53496 Y3.81174
G01 X-18.64951 Y3.80000
G01 X-18.25998 Y3.80000
G01 X-18.23059 Y3.79858
G01 X-18.18180 Y3.79375
G01 X-18.12414 Y3.78230
G01 X-18.07723 Y3.76807
G01 X-18.05889 Y3.76150
G01 X-18.05523 Y3.76056
G01 X-17.73496 Y3.64466
G01 X-17.73504 Y3.63881
G01 X-17.73496 Y3.64466
G01 X-17.41472 Y3.76056
G01 X-17.41071 Y3.76162
G01 X-17.39275 Y3.76807
G01 X-17.34583 Y3.78230
G01 X-17.28818 Y3.79375
G01 X-17.23938 Y3.79858
G01 X-17.20999 Y3.80000
G01 X-16.25998 Y3.80000
G01 X-16.23057 Y3.79858
G01 X-16.18180 Y3.79375
G01 X-16.12412 Y3.78230
G01 X-16.07723 Y3.76807
G01 X-16.02290 Y3.74557
G01 X-15.97967 Y3.72246
G01 X-15.95442 Y3.70732
G01 X-15.93077 Y3.68979
G01 X-15.89290 Y3.65870
G01 X-15.87108 Y3.63892
G01 X-15.85130 Y3.61710
G01 X-15.84391 Y3.60811
G01 X-15.65846 Y3.48873
G01 X-15.64889 Y3.48019
G01 X-15.64703 Y3.47862
G01 X-15.59428 Y3.43605
G01 X-15.59232 Y3.43455
G01 X-15.57474 Y3.42175
G01 X-15.56781 Y3.41750
G01 X-15.56026 Y3.41446
G01 X-15.56171 Y3.41072
G01 X-15.56026 Y3.41446
G01 X-15.55234 Y3.41265
G01 X-15.50936 Y3.40656
G01 X-15.50698 Y3.40628
G01 X-15.44028 Y3.40003
G01 X-15.43779 Y3.39985
G01 X-15.39534 Y3.39802
G01 X-15.37396 Y3.39683
G01 X-15.34858 Y3.39492
G01 X-15.34713 Y3.39436
G01 X-15.32692 Y3.38674
G01 X-15.30398 Y3.37730
G01 X-15.30291 Y3.37686
G01 X-15.28292 Y3.36919
G01 X-15.28180 Y3.36876
G01 X-15.17888 Y3.33193
G01 X-15.17660 Y3.33117
G01 X-15.14348 Y3.32111
G01 X-15.14106 Y3.32045
G01 X-15.07949 Y3.30501
G01 X-13.88295 Y3.30501
G01 X-13.78280 Y3.31634
G01 X-13.69852 Y3.31423
G01 X-13.61140 Y3.29002
G01 X-13.60152 Y3.28403
G01 X-13.48585 Y3.21397
G01 X-13.60152 Y3.28403
G01 X-13.60022 Y3.28154
G01 X-13.58882 Y3.24402
G01 X-13.58498 Y3.20501
G01 X-13.58498 Y2.15502
G01 X-13.58882 Y2.11598
G01 X-13.60022 Y2.07847
G01 X-13.61869 Y2.04390
G01 X-13.64356 Y2.01359
G01 X-13.67388 Y1.98873
G01 X-13.70845 Y1.97024
G01 X-13.74597 Y1.95886
G01 X-13.78498 Y1.95502
G01 X-15.28498 Y1.95502
G01 X-15.32399 Y1.95886
G01 X-15.36154 Y1.97024
G01 X-15.36578 Y1.97252
G01 X-15.36974 Y1.97377
G01 X-15.79321 Y2.15525
G01 X-15.79275 Y2.15802
G01 X-15.79321 Y2.15525
G01 X-16.24688 Y2.12543
G01 X-16.25998 Y2.12502
G01 X-17.20999 Y2.12502
G01 X-17.22958 Y2.12596
G01 X-17.27837 Y2.13079
G01 X-17.31683 Y2.13844
G01 X-17.36372 Y2.15266
G01 X-17.37863 Y2.15799
G01 X-17.38068 Y2.15850
G01 X-17.73496 Y2.28672
G01 X-17.73496 Y2.29305
G01 X-17.73496 Y2.28672
G01 X-18.08927 Y2.15850
G01 X-18.09168 Y2.15787
G01 X-18.10626 Y2.15266
G01 X-18.15315 Y2.13844
G01 X-18.19160 Y2.13079
G01 X-18.24037 Y2.12596
G01 X-18.25998 Y2.12502
G01 X-19.20999 Y2.12502
G01 X-19.22960 Y2.12596
G01 X-19.27837 Y2.13079
G01 X-19.31682 Y2.13844
G01 X-19.36371 Y2.15266
G01 X-19.39993 Y2.16767
G01 X-19.44316 Y2.19076
G01 X-19.46000 Y2.20084
G01 X-19.47575 Y2.21255
G01 X-19.51365 Y2.24364
G01 X-19.52818 Y2.25683
G01 X-19.54136 Y2.27135
G01 X-19.57245 Y2.30925
G01 X-19.59424 Y2.34184
G01 X-19.61733 Y2.38507
G01 X-19.62574 Y2.40280
G01 X-19.63234 Y2.42129
G01 X-19.63412 Y2.42718
G01 X-19.62952 Y2.43183
G01 X-19.63412 Y2.42718
G01 X-19.64286 Y2.43468
G01 X-19.66673 Y2.44242
G01 X-19.71022 Y2.46043
G01 X-19.73818 Y2.47468
G01 X-19.77832 Y2.49929
G01 X-19.80372 Y2.51773
G01 X-19.83950 Y2.54832
G01 X-19.85104 Y2.55896
G01 X-20.48853 Y3.19647
G01 X-20.50171 Y3.21103
G01 X-20.53902 Y3.25649
G01 X-20.56079 Y3.28908
G01 X-20.58852 Y3.34095
G01 X-20.60351 Y3.37717
G01 X-20.62061 Y3.43345
G01 X-20.62825 Y3.47191
G01 X-20.63402 Y3.53043
G01 X-20.63498 Y3.55002
G01 X-20.63498 Y5.75001
G01 X-20.63402 Y5.76962
G01 X-20.62825 Y5.82817
G01 X-20.62536 Y5.84757
G01 X-20.62061 Y5.86660
G01 X-20.60351 Y5.92288
G01 X-20.58852 Y5.95910
G01 X-20.56079 Y6.01097
G01 X-20.55070 Y6.02781
G01 X-20.53902 Y6.04358
G01 X-20.50171 Y6.08902
G01 X-20.48853 Y6.10358
G01 X-19.23600 Y7.35610
G01 X-19.21621 Y7.35214
G01 X-19.23600 Y7.35610
G01 X-19.64072 Y8.33771
G01 X-19.64354 Y8.34703
G01 X-19.65167 Y8.36667
G01 X-19.70003 Y8.52613
G01 X-19.70770 Y8.56459
G01 X-19.72404 Y8.73042
G01 X-19.72498 Y8.75000
G01 X-19.72404 Y8.76961
G01 X-19.70770 Y8.93545
G01 X-19.70003 Y8.97391
G01 X-19.65167 Y9.13334
G01 X-19.64806 Y9.14208
G01 X-19.64517 Y9.15234
G01 X-19.17499 Y10.48424
G01 X-19.17354 Y10.48401
G01 X-19.17499 Y10.48424
G01 X-19.17499 Y10.61581
G01 X-19.17359 Y10.61604
G01 X-19.17499 Y10.61581
G01 X-19.64517 Y11.94771
G01 X-19.64730 Y11.95612
G01 X-19.65167 Y11.96669
G01 X-19.70003 Y12.12612
G01 X-19.70770 Y12.16458
G01 X-19.72404 Y12.33041
G01 X-19.72498 Y12.35002
G01 X-19.72404 Y12.36961
G01 X-19.70770 Y12.53544
G01 X-19.70003 Y12.57390
G01 X-19.65167 Y12.73336
G01 X-19.64507 Y12.75183
G01 X-19.63666 Y12.76958
G01 X-19.55812 Y12.91652
G01 X-19.53633 Y12.94913
G01 X-19.43064 Y13.07794
G01 X-19.41746 Y13.09247
G01 X-19.40290 Y13.10565
G01 X-19.27410 Y13.21136
G01 X-19.24151 Y13.23316
G01 X-19.09455 Y13.31169
G01 X-19.07679 Y13.32007
G01 X-19.05833 Y13.32670
G01 X-18.89887 Y13.37507
G01 X-18.87984 Y13.37984
G01 X-18.86041 Y13.38271
G01 X-18.69460 Y13.39904
G01 X-18.65538 Y13.39904
G01 X-18.48955 Y13.38271
G01 X-18.47014 Y13.37984
G01 X-18.45111 Y13.37507
G01 X-18.29165 Y13.32670
G01 X-18.25543 Y13.31169
G01 X-18.10847 Y13.23316
G01 X-18.09163 Y13.22305
G01 X-18.07588 Y13.21136
G01 X-17.94708 Y13.10565
G01 X-17.93252 Y13.09247
G01 X-17.91934 Y13.07794
G01 X-17.81363 Y12.94913
G01 X-17.79186 Y12.91652
G01 X-17.71330 Y12.76958
G01 X-17.70491 Y12.75183
G01 X-17.69831 Y12.73336
G01 X-17.64992 Y12.57390
G01 X-17.64228 Y12.53544
G01 X-17.62595 Y12.36961
G01 X-17.62498 Y12.35002
G01 X-17.62595 Y12.33041
G01 X-17.64228 Y12.16458
G01 X-17.64992 Y12.12612
G01 X-17.69831 Y11.96669
G01 X-17.70364 Y11.95173
G01 X-17.70479 Y11.94771
G01 X-18.17497 Y10.61574
G01 X-18.17636 Y10.61597
G01 X-18.17497 Y10.61574
G01 X-18.17499 Y10.48432
G01 X-18.17641 Y10.48409
G01 X-18.17499 Y10.48432
G01 X-17.70479 Y9.15234
G01 X-17.70400 Y9.14929
G01 X-17.69831 Y9.13334
G01 X-17.64992 Y8.97391
G01 X-17.64228 Y8.93545
G01 X-17.62595 Y8.76961
G01 X-17.62498 Y8.75000
G01 X-17.62595 Y8.73042
G01 X-17.64228 Y8.56459
G01 X-17.64992 Y8.52613
G01 X-17.69831 Y8.36667
G01 X-17.70491 Y8.34818
G01 X-17.71002 Y8.33738
G01 X-17.71187 Y8.33235
G01 X-18.17499 Y7.29324
G01 X-18.17662 Y7.29362
G01 X-18.17499 Y7.29324
G01 X-18.17497 Y7.21003
G01 X-18.17593 Y7.19042
G01 X-18.18170 Y7.13187
G01 X-18.18459 Y7.11247
G01 X-18.18934 Y7.09344
G01 X-18.20644 Y7.03716
G01 X-18.22142 Y7.00094
G01 X-18.24916 Y6.94907
G01 X-18.25924 Y6.93223
G01 X-18.27093 Y6.91646
G01 X-18.30824 Y6.87101
G01 X-18.32142 Y6.85646
G01 X-19.31944 Y5.85842
G04 P0 ( dwell for no time -- G64 should not smooth over this point )
G00 Z5.00000 ( retract )

G00 X-24.45174 Y3.49899 ( rapid move to begin. )
G01 F150.00000
( Mill infeed pass 1/1 )
G01 Z-0.06000
G04 P0 ( dwell for no time -- G64 should not smooth over this point )
G01 F300.00000
G01 X-24.45174 Y3.49899
G01 X-23.96144 Y3.64504
G01 X-23.80998 Y3.64501
G01 X-23.80018 Y3.64549
G01 X-23.74163 Y3.65126
G01 X-23.73193 Y3.65271
G01 X-23.72240 Y3.65510
G01 X-23.66614 Y3.67216
G01 X-23.64803 Y3.67966
G01 X-23.59616 Y3.70739
G01 X-23.58773 Y3.71242
G01 X-23.57986 Y3.71829
G01 X-23.53439 Y3.75558
G01 X-23.52713 Y3.76218
G01 X-23.38707 Y3.90224
G01 X-23.37008 Y3.88829
G01 X-23.36221 Y3.88243
G01 X-23.35377 Y3.87740
G01 X-23.30191 Y3.84966
G01 X-23.28380 Y3.84217
G01 X-23.22753 Y3.82510
G01 X-23.21801 Y3.82271
G01 X-23.20831 Y3.82126
G01 X-23.14976 Y3.81550
G01 X-23.13018 Y3.81550
G01 X-23.07163 Y3.82126
G01 X-23.06193 Y3.82271
G01 X-23.05240 Y3.82510
G01 X-22.99614 Y3.84217
G01 X-22.97803 Y3.84966
G01 X-22.92616 Y3.87740
G01 X-22.91773 Y3.88243
G01 X-22.90986 Y3.88829
G01 X-22.86439 Y3.92558
G01 X-22.85052 Y3.93945
G01 X-22.81323 Y3.98491
G01 X-22.80737 Y3.99279
G01 X-22.80234 Y4.00122
G01 X-22.77460 Y4.05309
G01 X-22.76711 Y4.07120
G01 X-22.75004 Y4.12746
G01 X-22.74765 Y4.13698
G01 X-22.74620 Y4.14669
G01 X-22.74044 Y4.20523
G01 X-22.73996 Y4.21501
G01 X-22.73996 Y5.81501
G01 X-22.74044 Y5.82481
G01 X-22.74620 Y5.88336
G01 X-22.74765 Y5.89306
G01 X-22.75004 Y5.90259
G01 X-22.76711 Y5.95885
G01 X-22.77460 Y5.97696
G01 X-22.80234 Y6.02883
G01 X-22.80737 Y6.03726
G01 X-22.81323 Y6.04513
G01 X-22.82954 Y6.06502
G01 X-22.81323 Y6.08491
G01 X-22.80737 Y6.09278
G01 X-22.80234 Y6.10122
G01 X-22.77460 Y6.15308
G01 X-22.76711 Y6.17119
G01 X-22.75004 Y6.22745
G01 X-22.74765 Y6.23698
G01 X-22.74620 Y6.24668
G01 X-22.74044 Y6.30523
G01 X-22.74044 Y6.32481
G01 X-22.74620 Y6.38336
G01 X-22.74765 Y6.39306
G01 X-22.75004 Y6.40259
G01 X-22.76711 Y6.45885
G01 X-22.77460 Y6.47696
G01 X-22.80234 Y6.52883
G01 X-22.80737 Y6.53726
G01 X-22.81323 Y6.54513
G01 X-22.85052 Y6.59060
G01 X-22.85713 Y6.59786
G01 X-23.67059 Y7.41132
G01 X-23.22215 Y7.92070
G01 X-23.21956 Y7.92407
G01 X-23.21928 Y7.92430
G01 X-23.20683 Y7.93947
G01 X-23.19759 Y7.95674
G01 X-23.19190 Y7.97551
G01 X-23.18999 Y7.99502
G01 X-23.18999 Y9.69501
G01 X-23.19190 Y9.71452
G01 X-23.19759 Y9.73329
G01 X-23.20683 Y9.75056
G01 X-23.20874 Y9.75287
G01 X-23.21115 Y9.75727
G01 X-23.73995 Y10.57454
G01 X-23.73995 Y10.71551
G01 X-23.21115 Y11.53278
G01 X-23.20917 Y11.53661
G01 X-23.20683 Y11.53946
G01 X-23.19759 Y11.55676
G01 X-23.19190 Y11.57550
G01 X-23.18999 Y11.59501
G01 X-23.18999 Y13.29500
G01 X-23.19190 Y13.31451
G01 X-23.19759 Y13.33328
G01 X-23.20683 Y13.35058
G01 X-23.21928 Y13.36572
G01 X-23.23442 Y13.37816
G01 X-23.25171 Y13.38741
G01 X-23.27049 Y13.39310
G01 X-23.28999 Y13.39500
G01 X-24.98999 Y13.39500
G01 X-25.00950 Y13.39310
G01 X-25.02827 Y13.38741
G01 X-25.04554 Y13.37816
G01 X-25.06070 Y13.36572
G01 X-25.07312 Y13.35058
G01 X-25.08237 Y13.33328
G01 X-25.08806 Y13.31451
G01 X-25.08999 Y13.29500
G01 X-25.08999 Y11.59501
G01 X-25.08806 Y11.57550
G01 X-25.08237 Y11.55676
G01 X-25.07312 Y11.53946
G01 X-25.07114 Y11.53702
G01 X-25.06881 Y11.53278
G01 X-24.53995 Y10.71546
G01 X-24.53995 Y10.57459
G01 X-25.06881 Y9.75729
G01 X-25.07132 Y9.75277
G01 X-25.07312 Y9.75056
G01 X-25.08237 Y9.73329
G01 X-25.08806 Y9.71452
G01 X-25.08999 Y9.69501
G01 X-25.08999 Y7.99502
G01 X-25.08806 Y7.97551
G01 X-25.08237 Y7.95674
G01 X-25.07312 Y7.93947
G01 X-25.06070 Y7.92430
G01 X-25.04554 Y7.91186
G01 X-25.02827 Y7.90264
G01 X-25.00950 Y7.89695
G01 X-24.98999 Y7.89502
G01 X-24.98311 Y7.89502
G01 X-24.53294 Y7.24282
G01 X-24.52989 Y7.22745
G01 X-24.51283 Y7.17119
G01 X-24.50533 Y7.15308
G01 X-24.47760 Y7.10121
G01 X-24.47257 Y7.09278
G01 X-24.46670 Y7.08491
G01 X-24.42941 Y7.03944
G01 X-24.42281 Y7.03218
G01 X-23.45276 Y6.06213
G01 X-23.46670 Y6.04513
G01 X-23.47257 Y6.03726
G01 X-23.47760 Y6.02883
G01 X-23.50533 Y5.97696
G01 X-23.51283 Y5.95885
G01 X-23.52990 Y5.90259
G01 X-23.53228 Y5.89306
G01 X-23.53373 Y5.88336
G01 X-23.53950 Y5.82481
G01 X-23.53998 Y5.81501
G01 X-23.53995 Y4.88072
G01 X-23.97567 Y4.44504
G01 X-24.10830 Y4.44501
G01 X-24.51232 Y4.59705
G01 X-24.55194 Y4.61824
G01 X-24.57005 Y4.62573
G01 X-24.66853 Y4.65563
G01 X-24.67805 Y4.65801
G01 X-24.68775 Y4.65944
G01 X-24.79019 Y4.66952
G01 X-24.80000 Y4.67000
G01 X-25.24998 Y4.67000
G01 X-25.25979 Y4.66952
G01 X-25.36220 Y4.65944
G01 X-25.37193 Y4.65801
G01 X-25.38143 Y4.65563
G01 X-25.47993 Y4.62573
G01 X-25.49804 Y4.61824
G01 X-25.58879 Y4.56972
G01 X-25.60510 Y4.55883
G01 X-25.68465 Y4.49355
G01 X-25.69192 Y4.48695
G01 X-25.69852 Y4.47968
G01 X-25.76380 Y4.40013
G01 X-25.76967 Y4.39225
G01 X-25.77470 Y4.38382
G01 X-25.82321 Y4.29307
G01 X-25.83073 Y4.27496
G01 X-25.86060 Y4.17646
G01 X-25.86441 Y4.15723
G01 X-25.87449 Y4.05481
G01 X-25.87498 Y4.04501
G01 X-25.87449 Y4.03521
G01 X-25.86441 Y3.93279
G01 X-25.86060 Y3.91357
G01 X-25.83073 Y3.81506
G01 X-25.82321 Y3.79695
G01 X-25.77470 Y3.70620
G01 X-25.76967 Y3.69779
G01 X-25.76380 Y3.68989
G01 X-25.69852 Y3.61034
G01 X-25.69192 Y3.60308
G01 X-25.68465 Y3.59647
G01 X-25.60510 Y3.53119
G01 X-25.58879 Y3.52030
G01 X-25.54528 Y3.49703
G01 X-25.49804 Y3.47178
G01 X-25.47993 Y3.46429
G01 X-25.38143 Y3.43439
G01 X-25.37193 Y3.43203
G01 X-25.36220 Y3.43058
G01 X-25.25979 Y3.42050
G01 X-25.24998 Y3.42002
G01 X-24.80000 Y3.42002
G01 X-24.79019 Y3.42050
G01 X-24.68775 Y3.43058
G01 X-24.66901 Y3.43427
G01 X-24.45174 Y3.49899
G01 X-24.28217 Y3.52370
G01 X-24.28219 Y3.52441
G01 X-24.28217 Y3.52370
G01 X-24.27688 Y3.52418
G01 X-24.27155 Y3.52411
G01 X-24.10587 Y3.51280
G01 X-24.09761 Y3.51153
G01 X-24.08966 Y3.50889
G01 X-24.08082 Y3.50513
G01 X-23.93673 Y3.44369
G01 X-23.90373 Y3.42962
G01 X-23.89652 Y3.42581
G01 X-23.89583 Y3.42688
G01 X-23.89652 Y3.42581
G01 X-23.88999 Y3.42088
G01 X-23.80551 Y3.34524
G01 X-23.77076 Y3.34694
G01 X-23.71224 Y3.35271
G01 X-23.67341 Y3.35847
G01 X-23.63533 Y3.36800
G01 X-23.57904 Y3.38509
G01 X-23.50660 Y3.41509
G01 X-23.45474 Y3.44280
G01 X-23.42108 Y3.46300
G01 X-23.38954 Y3.48639
G01 X-23.34407 Y3.52368
G01 X-23.32484 Y3.54113
G01 X-23.32733 Y3.55047
G01 X-23.32484 Y3.54113
G01 X-23.31461 Y3.53800
G01 X-23.27653 Y3.52848
G01 X-23.23769 Y3.52271
G01 X-23.17917 Y3.51694
G01 X-23.10076 Y3.51694
G01 X-23.04224 Y3.52271
G01 X-23.00340 Y3.52848
G01 X-22.96533 Y3.53800
G01 X-22.90904 Y3.55510
G01 X-22.83660 Y3.58509
G01 X-22.78474 Y3.61280
G01 X-22.75108 Y3.63300
G01 X-22.71953 Y3.65639
G01 X-22.67407 Y3.69368
G01 X-22.61862 Y3.74913
G01 X-22.58133 Y3.79459
G01 X-22.55794 Y3.82614
G01 X-22.53775 Y3.85979
G01 X-22.51004 Y3.91166
G01 X-22.48004 Y3.98410
G01 X-22.46294 Y4.04039
G01 X-22.45342 Y4.07846
G01 X-22.44765 Y4.11730
G01 X-22.44189 Y4.17582
G01 X-22.43996 Y4.21501
G01 X-22.53996 Y4.21501
G01 X-22.63996 Y4.21501
G01 X-22.73996 Y4.21501
G01 X-22.63996 Y4.21501
G01 X-22.53996 Y4.21501
G01 X-22.43996 Y4.21501
G01 X-22.43996 Y5.81501
G01 X-22.44189 Y5.85423
G01 X-22.44765 Y5.91275
G01 X-22.45342 Y5.95159
G01 X-22.46294 Y5.98966
G01 X-22.48004 Y6.04595
G01 X-22.48794 Y6.06502
G01 X-22.49126 Y6.06489
G01 X-22.48794 Y6.06502
G01 X-22.48004 Y6.08410
G01 X-22.46294 Y6.14038
G01 X-22.45342 Y6.17846
G01 X-22.44765 Y6.21729
G01 X-22.44189 Y6.27582
G01 X-22.44189 Y6.35423
G01 X-22.44765 Y6.41275
G01 X-22.45342 Y6.45158
G01 X-22.46294 Y6.48966
G01 X-22.48004 Y6.54595
G01 X-22.51004 Y6.61839
G01 X-22.53775 Y6.67025
G01 X-22.55794 Y6.70391
G01 X-22.58133 Y6.73545
G01 X-22.61862 Y6.78092
G01 X-22.64499 Y6.81000
G01 X-23.25939 Y7.42440
G01 X-23.29589 Y7.42313
G01 X-23.25939 Y7.42440
G01 X-22.99698 Y7.72247
G01 X-22.97082 Y7.75643
G01 X-22.95741 Y7.77279
G01 X-22.92042 Y7.84193
G01 X-22.89766 Y7.91699
G01 X-22.88999 Y7.99502
G01 X-22.88999 Y9.69501
G01 X-22.89766 Y9.77304
G01 X-22.92042 Y9.84810
G01 X-22.93058 Y9.86707
G01 X-22.93180 Y9.87027
G01 X-22.94961 Y9.90266
G01 X-22.95741 Y9.91724
G01 X-22.95809 Y9.91807
G01 X-22.95928 Y9.92026
G01 X-23.42825 Y10.64502
G01 X-23.44735 Y10.64502
G01 X-23.42825 Y10.64502
G01 X-22.95928 Y11.36979
G01 X-22.95832 Y11.37167
G01 X-22.95741 Y11.37278
G01 X-22.92042 Y11.44195
G01 X-22.89766 Y11.51698
G01 X-22.88999 Y11.59501
G01 X-22.88999 Y13.29500
G01 X-22.89766 Y13.37306
G01 X-22.92042 Y13.44809
G01 X-22.95741 Y13.51723
G01 X-23.00714 Y13.57786
G01 X-23.06777 Y13.62759
G01 X-23.13691 Y13.66457
G01 X-23.21194 Y13.68733
G01 X-23.28999 Y13.69500
G01 X-24.98999 Y13.69500
G01 X-25.06802 Y13.68733
G01 X-25.14305 Y13.66457
G01 X-25.21221 Y13.62759
G01 X-25.27282 Y13.57786
G01 X-25.32258 Y13.51723
G01 X-25.35953 Y13.44809
G01 X-25.38229 Y13.37306
G01 X-25.38999 Y13.29500
G01 X-25.38999 Y12.82531
G01 X-25.37810 Y12.74517
G01 X-25.37780 Y12.74276
G01 X-25.36941 Y12.65782
G01 X-25.36924 Y12.65536
G01 X-25.36106 Y12.48876
G01 X-25.36098 Y12.48629
G01 X-25.36098 Y12.40377
G01 X-25.36070 Y12.40377
G01 X-25.36098 Y12.40377
G01 X-25.36106 Y12.40131
G01 X-25.36924 Y12.23468
G01 X-25.36941 Y12.23222
G01 X-25.37780 Y12.14728
G01 X-25.37810 Y12.14487
G01 X-25.38999 Y12.06473
G01 X-25.38999 Y11.59501
G01 X-25.38229 Y11.51698
G01 X-25.35953 Y11.44195
G01 X-25.34935 Y11.42287
G01 X-25.34826 Y11.41998
G01 X-25.33159 Y11.38965
G01 X-25.32258 Y11.37278
G01 X-25.32179 Y11.37184
G01 X-25.32067 Y11.36979
G01 X-24.85171 Y10.64502
G01 X-24.83261 Y10.64502
G01 X-24.85171 Y10.64502
G01 X-25.32067 Y9.92028
G01 X-25.32192 Y9.91805
G01 X-25.32258 Y9.91724
G01 X-25.32748 Y9.90804
G01 X-25.34630 Y9.87431
G01 X-25.34849 Y9.86875
G01 X-25.35953 Y9.84810
G01 X-25.38229 Y9.77304
G01 X-25.38999 Y9.69501
G01 X-25.38999 Y9.22532
G01 X-25.37810 Y9.14518
G01 X-25.37780 Y9.14277
G01 X-25.36941 Y9.05783
G01 X-25.36924 Y9.05536
G01 X-25.36106 Y8.88874
G01 X-25.36098 Y8.88628
G01 X-25.36070 Y8.88628
G01 X-25.36098 Y8.88628
G01 X-25.36098 Y8.80375
G01 X-25.36106 Y8.80129
G01 X-25.36924 Y8.63469
G01 X-25.36941 Y8.63223
G01 X-25.37780 Y8.54729
G01 X-25.37810 Y8.54487
G01 X-25.38999 Y8.46474
G01 X-25.38999 Y7.99502
G01 X-25.38229 Y7.91699
G01 X-25.35953 Y7.84193
G01 X-25.32258 Y7.77279
G01 X-25.27282 Y7.71216
G01 X-25.21221 Y7.66243
G01 X-25.17241 Y7.64114
G01 X-25.17129 Y7.64223
G01 X-25.17241 Y7.64114
G01 X-24.80929 Y7.11508
G01 X-24.80866 Y7.11541
G01 X-24.80929 Y7.11508
G01 X-24.79990 Y7.08410
G01 X-24.76990 Y7.01165
G01 X-24.74219 Y6.95979
G01 X-24.72199 Y6.92613
G01 X-24.69860 Y6.89459
G01 X-24.66131 Y6.84912
G01 X-24.63495 Y6.82004
G01 X-23.81410 Y5.99919
G01 X-23.80310 Y6.00284
G01 X-23.81410 Y5.99919
G01 X-23.81699 Y5.98966
G01 X-23.82652 Y5.95159
G01 X-23.83228 Y5.91275
G01 X-23.83805 Y5.85423
G01 X-23.83998 Y5.81501
G01 X-23.83995 Y5.66515
G01 X-23.83805 Y5.65557
G01 X-23.83764 Y5.65314
G01 X-23.82235 Y5.55019
G01 X-23.82205 Y5.54778
G01 X-23.81377 Y5.46385
G01 X-23.81359 Y5.46139
G01 X-23.80853 Y5.35850
G01 X-23.80846 Y5.35603
G01 X-23.80818 Y5.35603
G01 X-23.80846 Y5.35603
G01 X-23.80846 Y5.27401
G01 X-23.80853 Y5.27155
G01 X-23.81359 Y5.16866
G01 X-23.81377 Y5.16619
G01 X-23.82179 Y5.08225
G01 X-23.82235 Y5.07986
G01 X-23.83200 Y5.01486
G01 X-23.83337 Y5.00846
G01 X-23.83558 Y5.00229
G01 X-23.83856 Y4.99647
G01 X-23.83658 Y4.99563
G01 X-23.83856 Y4.99647
G01 X-23.85867 Y4.96294
G01 X-23.85997 Y4.96088
G01 X-23.90696 Y4.89050
G01 X-23.90841 Y4.88847
G01 X-23.97038 Y4.80490
G01 X-23.97175 Y4.80290
G01 X-24.02136 Y4.74265
G01 X-24.02296 Y4.74079
G01 X-24.04790 Y4.71326
G01 X-24.05496 Y4.70683
G01 X-24.05273 Y4.70345
G01 X-24.05496 Y4.70683
G01 X-24.06309 Y4.70188
G01 X-24.07201 Y4.69855
G01 X-24.15021 Y4.67760
G01 X-24.15016 Y4.67729
G01 X-24.15021 Y4.67760
G01 X-24.15253 Y4.67701
G01 X-24.15532 Y4.67638
G01 X-24.07193 Y4.64501
G01 X-24.05850 Y4.64501
G01 X-24.05446 Y4.62825
G01 X-24.05850 Y4.64501
G01 X-23.73998 Y4.96355
G01 X-23.73236 Y4.96040
G01 X-23.73998 Y4.96355
G01 X-23.73998 Y5.81501
G01 X-23.73853 Y5.84442
G01 X-23.73277 Y5.90294
G01 X-23.72845 Y5.93208
G01 X-23.72128 Y5.96063
G01 X-23.70422 Y6.01691
G01 X-23.70015 Y6.02669
G01 X-23.68425 Y6.03071
G01 X-23.70015 Y6.02669
G01 X-24.56423 Y6.89075
G01 X-24.58400 Y6.91257
G01 X-24.62131 Y6.95803
G01 X-24.63886 Y6.98168
G01 X-24.65397 Y7.00693
G01 X-24.68171 Y7.05880
G01 X-24.70421 Y7.11313
G01 X-24.71813 Y7.15905
G01 X-24.71768 Y7.15930
G01 X-24.71813 Y7.15905
G01 X-25.10360 Y7.71750
G01 X-25.10162 Y7.71968
G01 X-25.10360 Y7.71750
G01 X-25.10480 Y7.71785
G01 X-25.15666 Y7.74556
G01 X-25.20213 Y7.78287
G01 X-25.23942 Y7.82834
G01 X-25.26715 Y7.88021
G01 X-25.28422 Y7.93649
G01 X-25.28999 Y7.99502
G01 X-25.28999 Y9.69501
G01 X-25.28422 Y9.75353
G01 X-25.26715 Y9.80982
G01 X-25.25694 Y9.82890
G01 X-25.25593 Y9.83149
G01 X-25.24724 Y9.84708
G01 X-25.23942 Y9.86169
G01 X-25.23838 Y9.86296
G01 X-25.23672 Y9.86595
G01 X-24.73995 Y10.63364
G01 X-24.73586 Y10.63245
G01 X-24.73995 Y10.63364
G01 X-24.73995 Y10.65640
G01 X-24.73586 Y10.65760
G01 X-24.73995 Y10.65640
G01 X-25.23672 Y11.42412
G01 X-25.23825 Y11.42691
G01 X-25.23942 Y11.42833
G01 X-25.25313 Y11.45396
G01 X-25.25740 Y11.46176
G01 X-25.25768 Y11.46250
G01 X-25.26715 Y11.48020
G01 X-25.28422 Y11.53649
G01 X-25.28999 Y11.59501
G01 X-25.28999 Y13.29500
G01 X-25.28422 Y13.35355
G01 X-25.26715 Y13.40981
G01 X-25.23942 Y13.46168
G01 X-25.20213 Y13.50715
G01 X-25.15666 Y13.54446
G01 X-25.10480 Y13.57217
G01 X-25.04851 Y13.58924
G01 X-24.98999 Y13.59500
G01 X-23.28999 Y13.59500
G01 X-23.23147 Y13.58924
G01 X-23.17518 Y13.57217
G01 X-23.12332 Y13.54446
G01 X-23.07785 Y13.50715
G01 X-23.04054 Y13.46168
G01 X-23.01283 Y13.40981
G01 X-22.99576 Y13.35355
G01 X-22.98999 Y13.29500
G01 X-22.98999 Y11.59501
G01 X-22.99576 Y11.53649
G01 X-23.01283 Y11.48020
G01 X-23.04054 Y11.42833
G01 X-23.04194 Y11.42666
G01 X-23.04323 Y11.42412
G01 X-23.53995 Y10.65645
G01 X-23.54407 Y10.65765
G01 X-23.53995 Y10.65645
G01 X-23.53995 Y10.63359
G01 X-23.54407 Y10.63240
G01 X-23.53995 Y10.63359
G01 X-23.04323 Y9.86593
G01 X-23.04163 Y9.86301
G01 X-23.04054 Y9.86169
G01 X-23.02822 Y9.83865
G01 X-23.02263 Y9.82844
G01 X-23.02225 Y9.82742
G01 X-23.01283 Y9.80982
G01 X-22.99576 Y9.75353
G01 X-22.98999 Y9.69501
G01 X-22.98999 Y7.99502
G01 X-22.99576 Y7.93649
G01 X-23.01283 Y7.88021
G01 X-23.04054 Y7.82834
G01 X-23.05420 Y7.81170
G01 X-23.07204 Y7.78854
G01 X-23.39644 Y7.42004
G01 X-23.43315 Y7.41882
G01 X-23.39644 Y7.42004
G01 X-22.71570 Y6.73929
G01 X-22.69594 Y6.71747
G01 X-22.65863 Y6.67201
G01 X-22.64107 Y6.64836
G01 X-22.62596 Y6.62311
G01 X-22.59822 Y6.57124
G01 X-22.57572 Y6.51691
G01 X-22.55865 Y6.46063
G01 X-22.55149 Y6.43208
G01 X-22.54717 Y6.40294
G01 X-22.54140 Y6.34442
G01 X-22.54140 Y6.28562
G01 X-22.54717 Y6.22710
G01 X-22.55149 Y6.19797
G01 X-22.55865 Y6.16942
G01 X-22.57572 Y6.11313
G01 X-22.59566 Y6.06502
G01 X-22.60051 Y6.06495
G01 X-22.59566 Y6.06502
G01 X-22.57572 Y6.01691
G01 X-22.55865 Y5.96063
G01 X-22.55149 Y5.93208
G01 X-22.54717 Y5.90294
G01 X-22.54140 Y5.84442
G01 X-22.53996 Y5.81501
G01 X-22.53996 Y4.21501
G01 X-22.54140 Y4.18562
G01 X-22.54717 Y4.12710
G01 X-22.55149 Y4.09797
G01 X-22.55865 Y4.06942
G01 X-22.57572 Y4.01313
G01 X-22.59822 Y3.95880
G01 X-22.62596 Y3.90694
G01 X-22.64107 Y3.88169
G01 X-22.65863 Y3.85804
G01 X-22.69594 Y3.81258
G01 X-22.73752 Y3.77100
G01 X-22.78298 Y3.73368
G01 X-22.80663 Y3.71613
G01 X-22.83188 Y3.70102
G01 X-22.88375 Y3.67328
G01 X-22.93808 Y3.65078
G01 X-22.99436 Y3.63371
G01 X-23.02291 Y3.62655
G01 X-23.05205 Y3.62223
G01 X-23.11057 Y3.61646
G01 X-23.16937 Y3.61646
G01 X-23.22789 Y3.62223
G01 X-23.25702 Y3.62655
G01 X-23.28557 Y3.63371
G01 X-23.34186 Y3.65078
G01 X-23.35164 Y3.65484
G01 X-23.35428 Y3.66790
G01 X-23.35164 Y3.65484
G01 X-23.38570 Y3.62075
G01 X-23.40752 Y3.60099
G01 X-23.45298 Y3.56368
G01 X-23.47663 Y3.54613
G01 X-23.50188 Y3.53102
G01 X-23.55375 Y3.50328
G01 X-23.60808 Y3.48078
G01 X-23.66436 Y3.46371
G01 X-23.69291 Y3.45654
G01 X-23.72205 Y3.45223
G01 X-23.78057 Y3.44646
G01 X-23.80998 Y3.44501
G01 X-23.93228 Y3.44501
G01 X-23.93673 Y3.44369
G01 X-24.08082 Y3.50513
G01 X-23.94686 Y3.54501
G01 X-23.94699 Y3.54585
G01 X-23.94686 Y3.54501
G01 X-23.80998 Y3.54501
G01 X-23.79037 Y3.54598
G01 X-23.73183 Y3.55174
G01 X-23.71242 Y3.55464
G01 X-23.69340 Y3.55939
G01 X-23.63711 Y3.57648
G01 X-23.60089 Y3.59147
G01 X-23.54902 Y3.61920
G01 X-23.53218 Y3.62929
G01 X-23.51641 Y3.64097
G01 X-23.47097 Y3.67829
G01 X-23.45641 Y3.69147
G01 X-23.37341 Y3.77450
G01 X-23.37666 Y3.79180
G01 X-23.37341 Y3.77450
G01 X-23.34905 Y3.76147
G01 X-23.31283 Y3.74648
G01 X-23.25654 Y3.72939
G01 X-23.23752 Y3.72464
G01 X-23.21811 Y3.72174
G01 X-23.15956 Y3.71598
G01 X-23.12037 Y3.71598
G01 X-23.06182 Y3.72174
G01 X-23.04242 Y3.72464
G01 X-23.02339 Y3.72939
G01 X-22.96711 Y3.74648
G01 X-22.93089 Y3.76147
G01 X-22.87902 Y3.78921
G01 X-22.86218 Y3.79929
G01 X-22.84641 Y3.81098
G01 X-22.80097 Y3.84829
G01 X-22.77323 Y3.87602
G01 X-22.73592 Y3.92147
G01 X-22.72423 Y3.93724
G01 X-22.71415 Y3.95408
G01 X-22.68641 Y4.00595
G01 X-22.67143 Y4.04217
G01 X-22.65433 Y4.09845
G01 X-22.64958 Y4.11748
G01 X-22.64669 Y4.13688
G01 X-22.64092 Y4.19543
G01 X-22.63996 Y4.21501
G01 X-22.63996 Y5.81501
G01 X-22.64092 Y5.83462
G01 X-22.64669 Y5.89317
G01 X-22.64958 Y5.91257
G01 X-22.65433 Y5.93160
G01 X-22.67143 Y5.98788
G01 X-22.68641 Y6.02410
G01 X-22.70828 Y6.06502
G01 X-22.71532 Y6.06487
G01 X-22.70828 Y6.06502
G01 X-22.68641 Y6.10594
G01 X-22.67143 Y6.14216
G01 X-22.65433 Y6.19845
G01 X-22.64958 Y6.21747
G01 X-22.64669 Y6.23688
G01 X-22.64092 Y6.29543
G01 X-22.64092 Y6.33462
G01 X-22.64669 Y6.39316
G01 X-22.64958 Y6.41257
G01 X-22.65433 Y6.43159
G01 X-22.67143 Y6.48788
G01 X-22.68641 Y6.52410
G01 X-22.71415 Y6.57597
G01 X-22.72423 Y6.59281
G01 X-22.73592 Y6.60858
G01 X-22.77323 Y6.65402
G01 X-22.78641 Y6.66858
G01 X-23.53353 Y7.41569
G01 X-23.57038 Y7.41447
G01 X-23.53353 Y7.41569
G01 X-23.14709 Y7.85463
G01 X-23.13759 Y7.86695
G01 X-23.12370 Y7.88389
G01 X-23.10521 Y7.91849
G01 X-23.09383 Y7.95600
G01 X-23.08999 Y7.99502
G01 X-23.08999 Y9.69501
G01 X-23.09383 Y9.73403
G01 X-23.10521 Y9.77154
G01 X-23.12370 Y9.80614
G01 X-23.12520 Y9.80794
G01 X-23.12720 Y9.81160
G01 X-23.63995 Y10.60408
G01 X-23.64407 Y10.60286
G01 X-23.63995 Y10.60408
G01 X-23.63995 Y10.68597
G01 X-23.64407 Y10.68719
G01 X-23.63995 Y10.68597
G01 X-23.12720 Y11.47845
G01 X-23.12555 Y11.48162
G01 X-23.12370 Y11.48391
G01 X-23.10521 Y11.51848
G01 X-23.09383 Y11.55599
G01 X-23.08999 Y11.59501
G01 X-23.08999 Y13.29500
G01 X-23.09383 Y13.33402
G01 X-23.10521 Y13.37156
G01 X-23.12370 Y13.40613
G01 X-23.14857 Y13.43643
G01 X-23.17887 Y13.46130
G01 X-23.21346 Y13.47979
G01 X-23.25098 Y13.49117
G01 X-23.28999 Y13.49500
G01 X-24.98999 Y13.49500
G01 X-25.02900 Y13.49117
G01 X-25.06652 Y13.47979
G01 X-25.10109 Y13.46130
G01 X-25.13142 Y13.43643
G01 X-25.15628 Y13.40613
G01 X-25.17477 Y13.37156
G01 X-25.18615 Y13.33402
G01 X-25.18999 Y13.29500
G01 X-25.18999 Y11.59501
G01 X-25.18615 Y11.55599
G01 X-25.17477 Y11.51848
G01 X-25.15628 Y11.48391
G01 X-25.15471 Y11.48198
G01 X-25.15275 Y11.47845
G01 X-24.63995 Y10.68592
G01 X-24.63586 Y10.68714
G01 X-24.63995 Y10.68592
G01 X-24.63995 Y10.60413
G01 X-24.63586 Y10.60291
G01 X-24.63995 Y10.60413
G01 X-25.15275 Y9.81162
G01 X-25.15486 Y9.80786
G01 X-25.15628 Y9.80614
G01 X-25.17477 Y9.77154
G01 X-25.18615 Y9.73403
G01 X-25.18999 Y9.69501
G01 X-25.18999 Y7.99502
G01 X-25.18615 Y7.95600
G01 X-25.17477 Y7.91849
G01 X-25.15628 Y7.88389
G01 X-25.13142 Y7.85359
G01 X-25.10111 Y7.82872
G01 X-25.06652 Y7.81023
G01 X-25.04069 Y7.80241
G01 X-25.03894 Y7.80434
G01 X-25.04069 Y7.80241
G01 X-24.62631 Y7.20203
G01 X-24.62545 Y7.20246
G01 X-24.62631 Y7.20203
G01 X-24.62560 Y7.19845
G01 X-24.60851 Y7.14216
G01 X-24.59352 Y7.10594
G01 X-24.56578 Y7.05407
G01 X-24.55570 Y7.03723
G01 X-24.54402 Y7.02146
G01 X-24.50670 Y6.97602
G01 X-24.49352 Y6.96146
G01 X-23.58049 Y6.04846
G01 X-23.56165 Y6.05242
G01 X-23.58049 Y6.04846
G01 X-23.59352 Y6.02410
G01 X-23.60851 Y5.98788
G01 X-23.62560 Y5.93160
G01 X-23.63035 Y5.91257
G01 X-23.63325 Y5.89317
G01 X-23.63901 Y5.83462
G01 X-23.63998 Y5.81501
G01 X-23.63998 Y4.92212
G01 X-23.63238 Y4.91897
G01 X-23.63998 Y4.92212
G01 X-24.01707 Y4.54501
G01 X-24.01392 Y4.53742
G01 X-24.01707 Y4.54501
G01 X-24.09012 Y4.54501
G01 X-24.09042 Y4.54341
G01 X-24.09012 Y4.54501
G01 X-24.34567 Y4.64120
G01 X-24.22857 Y4.66055
G01 X-24.22608 Y4.66101
G01 X-24.15532 Y4.67638
G01 X-24.22608 Y4.66101
G01 X-24.22857 Y4.66055
G01 X-24.34567 Y4.64120
G01 X-24.34818 Y4.64084
G01 X-24.39891 Y4.63495
G01 X-24.40140 Y4.63472
G01 X-24.47142 Y4.63012
G01 X-24.47470 Y4.63002
G01 X-24.58415 Y4.63002
G01 X-24.66853 Y4.65563
G01 X-24.67805 Y4.65801
G01 X-24.68775 Y4.65944
G01 X-24.79019 Y4.66952
G01 X-24.80000 Y4.67000
G01 X-25.24998 Y4.67000
G01 X-25.25979 Y4.66952
G01 X-25.36220 Y4.65944
G01 X-25.37193 Y4.65801
G01 X-25.38143 Y4.65563
G01 X-25.47637 Y4.62682
G01 X-25.49220 Y4.62626
G01 X-25.52212 Y4.62375
G01 X-25.62855 Y4.60953
G01 X-25.67023 Y4.60183
G01 X-25.72646 Y4.58860
G01 X-25.74810 Y4.57084
G01 X-25.76263 Y4.55766
G01 X-25.77581 Y4.54313
G01 X-25.84112 Y4.46358
G01 X-25.85280 Y4.44780
G01 X-25.86289 Y4.43096
G01 X-25.91140 Y4.34021
G01 X-25.92641 Y4.30399
G01 X-25.95628 Y4.20549
G01 X-25.96393 Y4.16703
G01 X-25.97404 Y4.06462
G01 X-25.97498 Y4.04501
G01 X-25.97404 Y4.02540
G01 X-25.96393 Y3.92299
G01 X-25.95628 Y3.88453
G01 X-25.92641 Y3.78606
G01 X-25.91140 Y3.74984
G01 X-25.86289 Y3.65906
G01 X-25.85280 Y3.64222
G01 X-25.84112 Y3.62647
G01 X-25.80535 Y3.58291
G01 X-25.78338 Y3.57587
G01 X-25.87198 Y3.60417
G01 X-25.87531 Y3.60511
G01 X-25.90421 Y3.61219
G01 X-25.96017 Y3.62891
G01 X-25.99959 Y3.70269
G01 X-26.02212 Y3.75703
G01 X-26.05199 Y3.85550
G01 X-26.06344 Y3.91318
G01 X-26.07355 Y4.01560
G01 X-26.07498 Y4.04501
G01 X-26.07355 Y4.07442
G01 X-26.06344 Y4.17684
G01 X-26.05199 Y4.23452
G01 X-26.02212 Y4.33300
G01 X-25.99959 Y4.38735
G01 X-25.95107 Y4.47811
G01 X-25.93596 Y4.50335
G01 X-25.91841 Y4.52700
G01 X-25.91297 Y4.53360
G01 X-25.83840 Y4.55911
G01 X-25.77947 Y4.57615
G01 X-25.72646 Y4.58860
G01 X-25.77947 Y4.57615
G01 X-25.83840 Y4.55911
G01 X-25.91297 Y4.53360
G01 X-25.93622 Y4.52568
G01 X-25.98161 Y4.47968
G01 X-26.05059 Y4.40259
G01 X-26.10218 Y4.33884
G01 X-26.14089 Y4.28590
G01 X-26.14767 Y4.26355
G01 X-26.16296 Y4.18664
G01 X-26.17307 Y4.08423
G01 X-26.17498 Y4.04501
G01 X-26.17307 Y4.00582
G01 X-26.16296 Y3.90338
G01 X-26.14767 Y3.82647
G01 X-26.12613 Y3.75548
G01 X-26.11981 Y3.74732
G01 X-26.06372 Y3.68210
G01 X-26.03815 Y3.65517
G01 X-25.98112 Y3.63516
G01 X-25.90421 Y3.61219
G01 X-25.87531 Y3.60511
G01 X-25.87198 Y3.60417
G01 X-25.78338 Y3.57587
G01 X-25.77957 Y3.57450
G01 X-25.75649 Y3.56500
G01 X-25.73751 Y3.55769
G01 X-25.63627 Y3.52147
G01 X-25.60561 Y3.51214
G01 X-25.54528 Y3.49703
G04 P0 ( dwell for no time -- G64 should not smooth over this point )
G00 Z5.00000 ( retract )

G00 X-28.52989 Y7.37363 ( rapid move to begin. )
G01 F150.00000
( Mill infeed pass 1/1 )
G01 Z-0.06000
G04 P0 ( dwell for no time -- G64 should not smooth over this point )
G01 F300.00000
G01 X-28.52989 Y7.37363
G01 X-28.08318 Y7.82036
G01 X-28.07952 Y7.81836
G01 X-28.08318 Y7.82036
G01 X-27.81917 Y8.96972
G01 X-27.81221 Y9.04025
G01 X-27.80073 Y9.09793
G01 X-27.75237 Y9.25737
G01 X-27.74701 Y9.27035
G01 X-27.74447 Y9.28061
G01 X-27.27998 Y10.59646
G01 X-27.27858 Y10.59620
G01 X-27.27998 Y10.59646
G01 X-27.27998 Y10.69359
G01 X-27.27858 Y10.69384
G01 X-27.27998 Y10.69359
G01 X-27.74447 Y12.00943
G01 X-27.74718 Y12.02010
G01 X-27.75237 Y12.03265
G01 X-27.80073 Y12.19211
G01 X-27.81221 Y12.24977
G01 X-27.82854 Y12.41561
G01 X-27.82999 Y12.44502
G01 X-27.82854 Y12.47441
G01 X-27.81221 Y12.64024
G01 X-27.80073 Y12.69793
G01 X-27.75237 Y12.85739
G01 X-27.74246 Y12.88510
G01 X-27.72986 Y12.91172
G01 X-27.65133 Y13.05866
G01 X-27.61864 Y13.10755
G01 X-27.51292 Y13.23638
G01 X-27.49316 Y13.25817
G01 X-27.47134 Y13.27796
G01 X-27.34254 Y13.38368
G01 X-27.29364 Y13.41634
G01 X-27.14668 Y13.49488
G01 X-27.09235 Y13.51738
G01 X-26.93291 Y13.56577
G01 X-26.90434 Y13.57291
G01 X-26.87523 Y13.57722
G01 X-26.70939 Y13.59356
G01 X-26.67998 Y13.59500
G01 X-26.65059 Y13.59356
G01 X-26.48475 Y13.57722
G01 X-26.45565 Y13.57291
G01 X-26.42707 Y13.56577
G01 X-26.26761 Y13.51738
G01 X-26.21328 Y13.49488
G01 X-26.06634 Y13.41634
G01 X-26.01744 Y13.38368
G01 X-25.88862 Y13.27796
G01 X-25.86682 Y13.25817
G01 X-25.84704 Y13.23638
G01 X-25.74135 Y13.10755
G01 X-25.70866 Y13.05866
G01 X-25.63012 Y12.91172
G01 X-25.61752 Y12.88510
G01 X-25.60762 Y12.85739
G01 X-25.55923 Y12.69793
G01 X-25.54777 Y12.64024
G01 X-25.53144 Y12.47441
G01 X-25.52999 Y12.44502
G01 X-25.53144 Y12.41561
G01 X-25.54777 Y12.24977
G01 X-25.55923 Y12.19211
G01 X-25.60762 Y12.03265
G01 X-25.61384 Y12.01525
G01 X-25.61546 Y12.00943
G01 X-26.07998 Y10.69366
G01 X-26.08135 Y10.69389
G01 X-26.07998 Y10.69366
G01 X-26.07995 Y10.59638
G01 X-26.08135 Y10.59615
G01 X-26.07995 Y10.59638
G01 X-25.61546 Y9.28061
G01 X-25.61437 Y9.27627
G01 X-25.60762 Y9.25737
G01 X-25.55923 Y9.09793
G01 X-25.54777 Y9.04025
G01 X-25.53144 Y8.87441
G01 X-25.52999 Y8.84500
G01 X-25.53144 Y8.81561
G01 X-25.54777 Y8.64978
G01 X-25.55923 Y8.59209
G01 X-25.60762 Y8.43266
G01 X-25.61752 Y8.40492
G01 X-25.63012 Y8.37830
G01 X-25.70866 Y8.23136
G01 X-25.74135 Y8.18247
G01 X-25.84704 Y8.05366
G01 X-25.86682 Y8.03185
G01 X-25.88862 Y8.01206
G01 X-26.01744 Y7.90637
G01 X-26.06634 Y7.87368
G01 X-26.07635 Y7.86832
G01 X-27.18783 Y7.01864
G01 X-28.38564 Y5.82083
G01 X-28.33753 Y5.80343
G01 X-28.13420 Y5.93083
G01 X-27.97876 Y5.98709
G01 X-27.97330 Y5.98854
G01 X-27.95178 Y5.99626
G01 X-27.90487 Y6.01049
G01 X-27.82796 Y6.02578
G01 X-27.77919 Y6.03058
G01 X-27.74000 Y6.03251
G01 X-26.78999 Y6.03251
G01 X-26.78165 Y6.03243
G01 X-26.30281 Y6.02243
G01 X-26.30274 Y6.02177
G01 X-26.30281 Y6.02243
G01 X-25.44983 Y6.21798
G01 X-25.40541 Y6.22558
G01 X-25.40322 Y6.22568
G01 X-25.39161 Y6.22799
G01 X-25.28920 Y6.23810
G01 X-25.24998 Y6.24000
G01 X-24.80000 Y6.24000
G01 X-24.76078 Y6.23810
G01 X-24.65837 Y6.22799
G01 X-24.61953 Y6.22225
G01 X-24.58146 Y6.21270
G01 X-24.48295 Y6.18283
G01 X-24.41051 Y6.15283
G01 X-24.31976 Y6.10429
G01 X-24.25456 Y6.06073
G01 X-24.17501 Y5.99545
G01 X-24.14592 Y5.96909
G01 X-24.11956 Y5.94000
G01 X-24.05425 Y5.86045
G01 X-24.01069 Y5.79525
G01 X-23.96218 Y5.70447
G01 X-23.93825 Y5.64673
G01 X-23.93637 Y5.63723
G01 X-23.92146 Y5.53673
G01 X-23.91341 Y5.45522
G01 X-23.90846 Y5.35481
G01 X-23.90846 Y5.27523
G01 X-23.91341 Y5.17478
G01 X-23.92144 Y5.09332
G01 X-23.92946 Y5.03937
G01 X-23.94381 Y5.01539
G01 X-23.98946 Y4.94704
G01 X-24.04999 Y4.86543
G01 X-24.09789 Y4.80704
G01 X-24.11211 Y4.79131
G01 X-24.17495 Y4.77447
G01 X-24.24612 Y4.75900
G01 X-24.36093 Y4.74003
G01 X-24.40917 Y4.73442
G01 X-24.36093 Y4.74003
G01 X-24.24612 Y4.75900
G01 X-24.18062 Y4.77325
G01 X-24.13157 Y4.83302
G01 X-24.11402 Y4.85667
G01 X-24.09888 Y4.88192
G01 X-24.05037 Y4.97269
G01 X-24.02786 Y5.02703
G01 X-23.99799 Y5.12550
G01 X-23.98651 Y5.18318
G01 X-23.97643 Y5.28560
G01 X-23.97498 Y5.31501
G01 X-23.97643 Y5.34442
G01 X-23.98651 Y5.44684
G01 X-23.99799 Y5.50452
G01 X-24.02786 Y5.60300
G01 X-24.05037 Y5.65735
G01 X-24.09888 Y5.74811
G01 X-24.13157 Y5.79700
G01 X-24.19685 Y5.87655
G01 X-24.21664 Y5.89837
G01 X-24.23843 Y5.91816
G01 X-24.31801 Y5.98344
G01 X-24.36690 Y6.01610
G01 X-24.45766 Y6.06462
G01 X-24.51199 Y6.08712
G01 X-24.61049 Y6.11702
G01 X-24.63904 Y6.12415
G01 X-24.66817 Y6.12847
G01 X-24.77058 Y6.13858
G01 X-24.80000 Y6.14000
G01 X-25.24998 Y6.14000
G01 X-25.27940 Y6.13858
G01 X-25.38181 Y6.12847
G01 X-25.39294 Y6.12626
G01 X-25.39418 Y6.12621
G01 X-25.42748 Y6.12052
G01 X-26.29253 Y5.92220
G01 X-26.29245 Y5.92154
G01 X-26.29253 Y5.92220
G01 X-26.77800 Y5.93233
G01 X-26.78234 Y5.93213
G01 X-26.78999 Y5.93251
G01 X-27.74000 Y5.93251
G01 X-27.76938 Y5.93106
G01 X-27.81815 Y5.92626
G01 X-27.87584 Y5.91478
G01 X-27.92275 Y5.90056
G01 X-27.94063 Y5.89416
G01 X-27.94472 Y5.89306
G01 X-28.26496 Y5.77716
G01 X-28.26499 Y5.77097
G01 X-28.26496 Y5.77716
G01 X-28.33753 Y5.80343
G01 X-28.38564 Y5.82083
G01 X-28.46994 Y5.80206
G01 X-28.38564 Y5.82083
G01 X-28.33753 Y5.80343
G01 X-28.13420 Y5.93083
G01 X-27.12184 Y6.94323
G01 X-26.02207 Y7.78397
G01 X-26.01920 Y7.78549
G01 X-25.95400 Y7.82905
G01 X-25.82519 Y7.93477
G01 X-25.79611 Y7.96113
G01 X-25.76974 Y7.99021
G01 X-25.66403 Y8.11902
G01 X-25.62047 Y8.18422
G01 X-25.54193 Y8.33118
G01 X-25.52514 Y8.36667
G01 X-25.51191 Y8.40363
G01 X-25.48890 Y8.47952
G01 X-25.47719 Y8.55836
G01 X-25.46906 Y8.64086
G01 X-25.46098 Y8.80497
G01 X-25.46098 Y8.88506
G01 X-25.46906 Y9.04919
G01 X-25.47719 Y9.13169
G01 X-25.48887 Y9.21048
G01 X-25.51191 Y9.28640
G01 X-25.51976 Y9.30835
G01 X-25.52118 Y9.31391
G01 X-25.97995 Y10.61353
G01 X-25.98138 Y10.61327
G01 X-25.97995 Y10.61353
G01 X-25.97995 Y10.67652
G01 X-25.98138 Y10.67677
G01 X-25.97995 Y10.67652
G01 X-25.52118 Y11.97614
G01 X-25.51907 Y11.98363
G01 X-25.51191 Y12.00362
G01 X-25.48890 Y12.07951
G01 X-25.47719 Y12.15835
G01 X-25.46906 Y12.24085
G01 X-25.46098 Y12.40499
G01 X-25.46098 Y12.48508
G01 X-25.46906 Y12.64918
G01 X-25.47719 Y12.73168
G01 X-25.48887 Y12.81050
G01 X-25.51191 Y12.88640
G01 X-25.52514 Y12.92338
G01 X-25.54193 Y12.95886
G01 X-25.62047 Y13.10580
G01 X-25.66403 Y13.17100
G01 X-25.76974 Y13.29981
G01 X-25.79611 Y13.32889
G01 X-25.82519 Y13.35525
G01 X-25.95400 Y13.46097
G01 X-26.01920 Y13.50453
G01 X-26.16614 Y13.58307
G01 X-26.23860 Y13.61309
G01 X-26.39804 Y13.66145
G01 X-26.43611 Y13.67100
G01 X-26.47495 Y13.67674
G01 X-26.64079 Y13.69310
G01 X-26.71920 Y13.69310
G01 X-26.88503 Y13.67674
G01 X-26.92384 Y13.67100
G01 X-26.96192 Y13.66145
G01 X-27.12138 Y13.61309
G01 X-27.19382 Y13.58307
G01 X-27.34078 Y13.50453
G01 X-27.40599 Y13.46097
G01 X-27.53479 Y13.35525
G01 X-27.56387 Y13.32889
G01 X-27.59024 Y13.29981
G01 X-27.69595 Y13.17100
G01 X-27.73951 Y13.10580
G01 X-27.81805 Y12.95886
G01 X-27.83484 Y12.92338
G01 X-27.84807 Y12.88640
G01 X-27.89644 Y12.72696
G01 X-27.89997 Y12.70915
G01 X-27.89997 Y12.18088
G01 X-27.89644 Y12.16308
G01 X-27.84807 Y12.00362
G01 X-27.84205 Y11.98911
G01 X-27.83875 Y11.97614
G01 X-27.37998 Y10.67647
G01 X-27.37858 Y10.67670
G01 X-27.37998 Y10.67647
G01 X-27.37998 Y10.61358
G01 X-27.37858 Y10.61335
G01 X-27.37998 Y10.61358
G01 X-27.83875 Y9.31391
G01 X-27.84183 Y9.30144
G01 X-27.84807 Y9.28640
G01 X-27.89644 Y9.12694
G01 X-27.89997 Y9.10914
G01 X-27.89997 Y8.99108
G01 X-27.90007 Y8.98790
G01 X-27.90682 Y8.88252
G01 X-27.90685 Y8.88008
G01 X-27.91615 Y8.79959
G01 X-27.91648 Y8.79715
G01 X-27.94340 Y8.63238
G01 X-27.94386 Y8.62996
G01 X-27.95983 Y8.55422
G01 X-27.96065 Y8.55191
G01 X-28.00352 Y8.39077
G01 X-28.00408 Y8.38887
G01 X-28.02285 Y8.32811
G01 X-28.02364 Y8.32577
G01 X-28.03164 Y8.30380
G01 X-28.14670 Y7.99047
G01 X-28.17421 Y7.87076
G01 X-28.17167 Y7.86921
G01 X-28.17421 Y7.87076
G01 X-28.24675 Y7.79822
G01 X-28.49082 Y7.46466
G01 X-28.51099 Y7.41597
G01 X-28.51147 Y7.41485
G01 X-28.52666 Y7.38054
G01 X-28.52717 Y7.37942
G01 X-28.52989 Y7.37363
G01 X-28.55389 Y7.32296
G01 X-28.55498 Y7.32080
G01 X-28.58577 Y7.26309
G01 X-28.58701 Y7.26090
G01 X-28.61818 Y7.20894
G01 X-28.61947 Y7.20688
G01 X-28.61917 Y7.20668
G01 X-28.61947 Y7.20688
G01 X-28.65142 Y7.15903
G01 X-28.65285 Y7.15702
G01 X-28.68825 Y7.10924
G01 X-28.68975 Y7.10734
G01 X-28.72374 Y7.06588
G01 X-28.72536 Y7.06400
G01 X-28.76491 Y7.02039
G01 X-28.76560 Y7.01935
G01 X-28.78373 Y7.00058
G01 X-28.78460 Y6.99969
G01 X-29.62915 Y6.15512
G01 X-29.64634 Y6.13706
G01 X-29.68467 Y6.09479
G01 X-29.71711 Y6.05524
G01 X-29.75102 Y6.00950
G01 X-29.78162 Y5.96365
G01 X-29.80812 Y5.91948
G01 X-29.81365 Y5.91194
G01 X-29.83062 Y5.89289
G01 X-29.82968 Y5.89187
G01 X-29.83062 Y5.89289
G01 X-29.83626 Y5.88748
G01 X-29.84263 Y5.88303
G01 X-29.85203 Y5.87749
G01 X-29.89415 Y5.85225
G01 X-29.94002 Y5.82164
G01 X-29.97784 Y5.79357
G01 X-30.01736 Y5.76116
G01 X-30.05190 Y5.72984
G01 X-30.08729 Y5.69449
G01 X-30.11909 Y5.65941
G01 X-30.12384 Y5.65397
G01 X-30.13016 Y5.63175
G01 X-30.14195 Y5.58463
G01 X-30.14261 Y5.58130
G01 X-30.15102 Y5.53919
G01 X-30.15792 Y5.49266
G01 X-30.16214 Y5.44996
G01 X-30.16445 Y5.40287
G01 X-30.16496 Y5.38184
G01 X-30.16496 Y4.70823
G01 X-30.16445 Y4.68720
G01 X-30.16214 Y4.64011
G01 X-30.15792 Y4.59751
G01 X-30.15102 Y4.55090
G01 X-30.14261 Y4.50871
G01 X-30.14195 Y4.50533
G01 X-30.13026 Y4.45875
G01 X-30.11495 Y4.40833
G01 X-30.09823 Y4.36162
G01 X-30.07410 Y4.30353
G01 X-30.05198 Y4.25677
G01 X-30.05036 Y4.25375
G01 X-30.01515 Y4.18806
G01 X-29.98703 Y4.14115
G01 X-29.95660 Y4.09576
G01 X-29.95178 Y4.09378
G01 X-29.90486 Y4.07953
G01 X-29.82798 Y4.06424
G01 X-29.77918 Y4.05944
G01 X-29.74015 Y4.05753
G01 X-28.78983 Y4.05753
G01 X-28.75079 Y4.05944
G01 X-28.70200 Y4.06424
G01 X-28.62511 Y4.07953
G01 X-28.57820 Y4.09378
G01 X-28.55648 Y4.10155
G01 X-28.55120 Y4.10295
G01 X-28.26496 Y4.20655
G01 X-28.26496 Y4.21270
G01 X-28.26496 Y4.20655
G01 X-27.97876 Y4.10295
G01 X-27.96636 Y4.09980
G01 X-27.95178 Y4.09378
G01 X-27.90487 Y4.07953
G01 X-27.82796 Y4.06424
G01 X-27.77919 Y4.05944
G01 X-27.74015 Y4.05753
G01 X-26.78983 Y4.05753
G01 X-26.75077 Y4.05944
G01 X-26.70200 Y4.06424
G01 X-26.62509 Y4.07953
G01 X-26.57820 Y4.09378
G01 X-26.50576 Y4.12378
G01 X-26.46253 Y4.14686
G01 X-26.42887 Y4.16706
G01 X-26.39733 Y4.19045
G01 X-26.35946 Y4.22154
G01 X-26.33037 Y4.24791
G01 X-26.30401 Y4.27699
G01 X-26.28209 Y4.30368
G01 X-26.22125 Y4.34544
G01 X-26.18219 Y4.39883
G01 X-26.18069 Y4.40074
G01 X-26.12755 Y4.46645
G01 X-26.12595 Y4.46835
G01 X-26.05532 Y4.54727
G01 X-26.05364 Y4.54905
G01 X-26.00195 Y4.60145
G01 X-26.00017 Y4.60318
G01 X-25.99690 Y4.60620
G01 X-25.99888 Y4.60912
G01 X-25.99690 Y4.60620
G01 X-25.99151 Y4.61049
G01 X-25.98559 Y4.61400
G01 X-25.97924 Y4.61666
G01 X-25.94531 Y4.62825
G01 X-25.86962 Y4.65413
G01 X-25.86733 Y4.65484
G01 X-25.80602 Y4.67257
G01 X-25.80358 Y4.67320
G01 X-25.74937 Y4.68593
G01 X-25.80358 Y4.67320
G01 X-25.80602 Y4.67257
G01 X-25.86733 Y4.65484
G01 X-25.86962 Y4.65413
G01 X-25.94531 Y4.62825
G01 X-25.97569 Y4.63523
G01 X-25.97741 Y4.64425
G01 X-25.97569 Y4.63523
G01 X-26.35036 Y4.37811
G01 X-26.35057 Y4.37836
G01 X-26.35036 Y4.37811
G01 X-26.38130 Y4.34041
G01 X-26.40109 Y4.31859
G01 X-26.42291 Y4.29883
G01 X-26.46078 Y4.26774
G01 X-26.48442 Y4.25019
G01 X-26.50967 Y4.23508
G01 X-26.55290 Y4.21196
G01 X-26.60723 Y4.18946
G01 X-26.65412 Y4.17524
G01 X-26.71180 Y4.16376
G01 X-26.76057 Y4.15896
G01 X-26.78999 Y4.15751
G01 X-27.74000 Y4.15751
G01 X-27.76938 Y4.15896
G01 X-27.81815 Y4.16376
G01 X-27.87584 Y4.17524
G01 X-27.92275 Y4.18946
G01 X-27.93489 Y4.19449
G01 X-27.94472 Y4.19698
G01 X-28.26496 Y4.31288
G01 X-28.26491 Y4.31875
G01 X-28.26496 Y4.31288
G01 X-28.58523 Y4.19698
G01 X-28.58909 Y4.19596
G01 X-28.60723 Y4.18946
G01 X-28.65412 Y4.17524
G01 X-28.71180 Y4.16376
G01 X-28.76059 Y4.15896
G01 X-28.78998 Y4.15751
G01 X-29.73999 Y4.15751
G01 X-29.76938 Y4.15896
G01 X-29.81817 Y4.16376
G01 X-29.87586 Y4.17524
G01 X-29.92275 Y4.18946
G01 X-29.97708 Y4.21196
G01 X-30.02031 Y4.23508
G01 X-30.04555 Y4.25019
G01 X-30.05036 Y4.25375
G01 X-30.05198 Y4.25677
G01 X-30.07410 Y4.30353
G01 X-30.09823 Y4.36162
G01 X-30.11495 Y4.40833
G01 X-30.13026 Y4.45875
G01 X-30.14195 Y4.50533
G01 X-30.14261 Y4.50871
G01 X-30.12424 Y4.47435
G01 X-30.10245 Y4.44173
G01 X-30.07136 Y4.40386
G01 X-30.05818 Y4.38931
G01 X-30.04365 Y4.37613
G01 X-30.00575 Y4.34504
G01 X-29.99000 Y4.33335
G01 X-29.97316 Y4.32327
G01 X-29.92993 Y4.30015
G01 X-29.89371 Y4.28514
G01 X-29.84683 Y4.27092
G01 X-29.80837 Y4.26327
G01 X-29.75960 Y4.25847
G01 X-29.73999 Y4.25751
G01 X-28.78998 Y4.25751
G01 X-28.77037 Y4.25847
G01 X-28.72160 Y4.26327
G01 X-28.68315 Y4.27092
G01 X-28.63626 Y4.28514
G01 X-28.62168 Y4.29037
G01 X-28.61927 Y4.29101
G01 X-28.26496 Y4.41923
G01 X-28.26496 Y4.42492
G01 X-28.26496 Y4.41923
G01 X-27.91068 Y4.29101
G01 X-27.90342 Y4.28918
G01 X-27.89372 Y4.28514
G01 X-27.84683 Y4.27092
G01 X-27.80837 Y4.26327
G01 X-27.75958 Y4.25847
G01 X-27.74000 Y4.25751
G01 X-26.78999 Y4.25751
G01 X-26.77038 Y4.25847
G01 X-26.72161 Y4.26327
G01 X-26.68315 Y4.27092
G01 X-26.63627 Y4.28514
G01 X-26.60004 Y4.30015
G01 X-26.55681 Y4.32327
G01 X-26.53997 Y4.33335
G01 X-26.52423 Y4.34504
G01 X-26.48633 Y4.37613
G01 X-26.47180 Y4.38931
G01 X-26.45862 Y4.40386
G01 X-26.42753 Y4.44173
G01 X-26.42080 Y4.45080
G01 X-26.42103 Y4.45111
G01 X-26.42080 Y4.45080
G01 X-25.99606 Y4.74249
G01 X-25.99779 Y4.75154
G01 X-25.99606 Y4.74249
G01 X-25.74937 Y4.68593
G01 X-25.69194 Y4.69944
G01 X-25.68961 Y4.69992
G01 X-25.64554 Y4.70808
G01 X-25.64307 Y4.70848
G01 X-25.53416 Y4.72301
G01 X-25.53175 Y4.72329
G01 X-25.49944 Y4.72601
G01 X-25.49695 Y4.72616
G01 X-25.47988 Y4.72675
G01 X-25.38278 Y4.70450
G01 X-25.38077 Y4.70424
G01 X-25.37193 Y4.70203
G01 X-25.36220 Y4.70058
G01 X-25.25979 Y4.69050
G01 X-25.24998 Y4.69002
G01 X-24.80000 Y4.69002
G01 X-24.79019 Y4.69050
G01 X-24.68775 Y4.70058
G01 X-24.67805 Y4.70203
G01 X-24.66853 Y4.70439
G01 X-24.58410 Y4.73002
G01 X-24.57005 Y4.73429
G01 X-24.55194 Y4.74178
G01 X-24.46116 Y4.79030
G01 X-24.44488 Y4.80119
G01 X-24.36533 Y4.86647
G01 X-24.35804 Y4.87308
G01 X-24.35146 Y4.88034
G01 X-24.28616 Y4.95989
G01 X-24.28031 Y4.96779
G01 X-24.27528 Y4.97620
G01 X-24.22677 Y5.06695
G01 X-24.21925 Y5.08506
G01 X-24.18938 Y5.18357
G01 X-24.18555 Y5.20279
G01 X-24.17546 Y5.30521
G01 X-24.17498 Y5.31501
G01 X-24.17546 Y5.32482
G01 X-24.18555 Y5.42723
G01 X-24.18938 Y5.44646
G01 X-24.21925 Y5.54496
G01 X-24.22677 Y5.56307
G01 X-24.27528 Y5.65382
G01 X-24.28616 Y5.67013
G01 X-24.35146 Y5.74968
G01 X-24.35804 Y5.75695
G01 X-24.36533 Y5.76355
G01 X-24.44488 Y5.82883
G01 X-24.46116 Y5.83972
G01 X-24.55194 Y5.88824
G01 X-24.57005 Y5.89573
G01 X-24.66853 Y5.92563
G01 X-24.67805 Y5.92801
G01 X-24.68775 Y5.92944
G01 X-24.79019 Y5.93952
G01 X-24.80000 Y5.94000
G01 X-25.24998 Y5.94000
G01 X-25.25979 Y5.93952
G01 X-25.36220 Y5.92944
G01 X-25.37495 Y5.92692
G01 X-25.38278 Y5.92558
G01 X-26.27195 Y5.72172
G01 X-26.78216 Y5.73238
G01 X-26.78480 Y5.73226
G01 X-26.78999 Y5.73251
G01 X-27.74000 Y5.73251
G01 X-27.74980 Y5.73203
G01 X-27.79857 Y5.72723
G01 X-27.81780 Y5.72339
G01 X-27.86469 Y5.70917
G01 X-27.87393 Y5.70587
G01 X-27.87457 Y5.70556
G01 X-27.87665 Y5.70500
G01 X-28.26496 Y5.56446
G01 X-28.53499 Y5.66220
G01 X-28.62841 Y5.86091
G01 X-27.31886 Y7.17046
G01 X-27.31696 Y7.17167
G01 X-26.18493 Y8.03708
G01 X-26.16062 Y8.05008
G01 X-26.14432 Y8.06095
G01 X-26.01551 Y8.16667
G01 X-26.00822 Y8.17327
G01 X-26.00165 Y8.18054
G01 X-25.89593 Y8.30934
G01 X-25.88503 Y8.32565
G01 X-25.80650 Y8.47259
G01 X-25.80231 Y8.48145
G01 X-25.79900 Y8.49070
G01 X-25.75062 Y8.65016
G01 X-25.74681 Y8.66939
G01 X-25.73048 Y8.83522
G01 X-25.72999 Y8.84500
G01 X-25.73048 Y8.85481
G01 X-25.74681 Y9.02064
G01 X-25.75062 Y9.03987
G01 X-25.79900 Y9.19933
G01 X-25.80231 Y9.20855
G01 X-25.80309 Y9.21025
G01 X-25.80406 Y9.21404
G01 X-26.27995 Y10.56212
G01 X-26.27998 Y10.72793
G01 X-25.80406 Y12.07601
G01 X-25.80287 Y12.08028
G01 X-25.80231 Y12.08144
G01 X-25.79900 Y12.09071
G01 X-25.75062 Y12.25015
G01 X-25.74681 Y12.26938
G01 X-25.73048 Y12.43521
G01 X-25.72999 Y12.44502
G01 X-25.73048 Y12.45482
G01 X-25.74681 Y12.62063
G01 X-25.75062 Y12.63986
G01 X-25.79900 Y12.79932
G01 X-25.80231 Y12.80857
G01 X-25.80650 Y12.81743
G01 X-25.88503 Y12.96440
G01 X-25.89593 Y12.98068
G01 X-26.00165 Y13.10948
G01 X-26.00822 Y13.11677
G01 X-26.01551 Y13.12335
G01 X-26.14432 Y13.22907
G01 X-26.16062 Y13.23996
G01 X-26.30756 Y13.31850
G01 X-26.32567 Y13.32599
G01 X-26.48513 Y13.37438
G01 X-26.49466 Y13.37677
G01 X-26.50436 Y13.37819
G01 X-26.67017 Y13.39452
G01 X-26.68978 Y13.39452
G01 X-26.85562 Y13.37819
G01 X-26.86532 Y13.37677
G01 X-26.87485 Y13.37438
G01 X-27.03431 Y13.32599
G01 X-27.05242 Y13.31850
G01 X-27.19936 Y13.23996
G01 X-27.21566 Y13.22907
G01 X-27.34447 Y13.12335
G01 X-27.35173 Y13.11677
G01 X-27.35834 Y13.10948
G01 X-27.46403 Y12.98068
G01 X-27.47492 Y12.96440
G01 X-27.55348 Y12.81743
G01 X-27.55768 Y12.80857
G01 X-27.56098 Y12.79932
G01 X-27.60934 Y12.63986
G01 X-27.61317 Y12.62063
G01 X-27.62951 Y12.45482
G01 X-27.62999 Y12.44502
G01 X-27.62951 Y12.43521
G01 X-27.61317 Y12.26938
G01 X-27.60934 Y12.25015
G01 X-27.56098 Y12.09071
G01 X-27.55742 Y12.08210
G01 X-27.55587 Y12.07601
G01 X-27.07998 Y10.72785
G01 X-27.07998 Y10.56219
G01 X-27.55587 Y9.21404
G01 X-27.55732 Y9.20814
G01 X-27.56098 Y9.19933
G01 X-27.60934 Y9.03987
G01 X-27.61317 Y9.02064
G01 X-27.62138 Y8.93741
G01 X-27.90111 Y7.71958
G01 X-29.54782 Y6.07287
G01 X-29.55442 Y6.06561
G01 X-29.59171 Y6.02014
G01 X-29.59757 Y6.01227
G01 X-29.60260 Y6.00383
G01 X-29.63034 Y5.95197
G01 X-29.63783 Y5.93386
G01 X-29.65490 Y5.87760
G01 X-29.65729 Y5.86807
G01 X-29.65874 Y5.85837
G01 X-29.65922 Y5.85349
G01 X-29.75589 Y5.73142
G01 X-29.79857 Y5.72723
G01 X-29.81779 Y5.72339
G01 X-29.86468 Y5.70917
G01 X-29.88279 Y5.70167
G01 X-29.92602 Y5.67856
G01 X-29.93443 Y5.67353
G01 X-29.94233 Y5.66769
G01 X-29.98020 Y5.63660
G01 X-29.99407 Y5.62273
G01 X-30.02516 Y5.58483
G01 X-30.03605 Y5.56855
G01 X-30.05914 Y5.52532
G01 X-30.06333 Y5.51646
G01 X-30.06666 Y5.50721
G01 X-30.08089 Y5.46032
G01 X-30.08327 Y5.45080
G01 X-30.08470 Y5.44110
G01 X-30.08950 Y5.39230
G01 X-30.08998 Y5.38252
G01 X-30.08998 Y4.70752
G01 X-30.08950 Y4.69771
G01 X-30.08470 Y4.64895
G01 X-30.08327 Y4.63924
G01 X-30.08089 Y4.62972
G01 X-30.06666 Y4.58280
G01 X-30.06333 Y4.57358
G01 X-30.05914 Y4.56469
G01 X-30.03605 Y4.52149
G01 X-30.02516 Y4.50518
G01 X-29.99407 Y4.46729
G01 X-29.98020 Y4.45344
G01 X-29.94233 Y4.42235
G01 X-29.93443 Y4.41651
G01 X-29.92602 Y4.41146
G01 X-29.88279 Y4.38834
G01 X-29.86468 Y4.38085
G01 X-29.81779 Y4.36663
G01 X-29.79857 Y4.36279
G01 X-29.74980 Y4.35799
G01 X-29.73999 Y4.35751
G01 X-28.78998 Y4.35751
G01 X-28.78018 Y4.35799
G01 X-28.73141 Y4.36279
G01 X-28.71218 Y4.36663
G01 X-28.66529 Y4.38085
G01 X-28.65605 Y4.38415
G01 X-28.65526 Y4.38453
G01 X-28.65330 Y4.38504
G01 X-28.26496 Y4.52558
G01 X-27.87665 Y4.38504
G01 X-27.87195 Y4.38385
G01 X-27.86469 Y4.38085
G01 X-27.81780 Y4.36663
G01 X-27.79857 Y4.36279
G01 X-27.74980 Y4.35799
G01 X-27.74000 Y4.35751
G01 X-26.78999 Y4.35751
G01 X-26.78018 Y4.35799
G01 X-26.73141 Y4.36279
G01 X-26.71219 Y4.36663
G01 X-26.66530 Y4.38085
G01 X-26.64719 Y4.38834
G01 X-26.60396 Y4.41146
G01 X-26.59555 Y4.41651
G01 X-26.58765 Y4.42235
G01 X-26.54978 Y4.45344
G01 X-26.53591 Y4.46729
G01 X-26.50482 Y4.50518
G01 X-26.49898 Y4.51306
G01 X-26.49392 Y4.52149
G01 X-26.49357 Y4.52215
G01 X-26.01651 Y4.84976
G01 X-25.47988 Y4.72675
G01 X-25.38278 Y4.70450
G01 X-25.38077 Y4.70424
G01 X-25.37193 Y4.70203
G01 X-25.36220 Y4.70058
G01 X-25.25979 Y4.69050
G01 X-25.24998 Y4.69002
G01 X-24.80000 Y4.69002
G01 X-24.79019 Y4.69050
G01 X-24.68775 Y4.70058
G01 X-24.67805 Y4.70203
G01 X-24.66853 Y4.70439
G01 X-24.58410 Y4.73002
G01 X-24.47630 Y4.73002
G01 X-24.40917 Y4.73442
G01 X-24.36190 Y4.73993
G01 X-24.30188 Y4.78918
G01 X-24.28732 Y4.80236
G01 X-24.27417 Y4.81689
G01 X-24.20886 Y4.89647
G01 X-24.19718 Y4.91222
G01 X-24.18707 Y4.92906
G01 X-24.13856 Y5.01984
G01 X-24.12357 Y5.05606
G01 X-24.09370 Y5.15453
G01 X-24.08603 Y5.19299
G01 X-24.07594 Y5.29540
G01 X-24.07498 Y5.31501
G01 X-24.17498 Y5.31501
G01 X-24.07498 Y5.31501
G01 X-23.97498 Y5.31501
G01 X-23.90846 Y5.27523
G01 X-23.97498 Y5.31501
G01 X-24.07498 Y5.31501
G01 X-24.07594 Y5.33462
G01 X-24.08603 Y5.43703
G01 X-24.09370 Y5.47549
G01 X-24.12357 Y5.57399
G01 X-24.13856 Y5.61021
G01 X-24.18707 Y5.70096
G01 X-24.20886 Y5.73358
G01 X-24.27417 Y5.81313
G01 X-24.28732 Y5.82766
G01 X-24.30188 Y5.84084
G01 X-24.38143 Y5.90614
G01 X-24.41404 Y5.92791
G01 X-24.50480 Y5.97643
G01 X-24.54102 Y5.99144
G01 X-24.63952 Y6.02131
G01 X-24.65854 Y6.02608
G01 X-24.67795 Y6.02895
G01 X-24.78039 Y6.03904
G01 X-24.80000 Y6.04000
G01 X-25.24998 Y6.04000
G01 X-25.26959 Y6.03904
G01 X-25.37201 Y6.02895
G01 X-25.38262 Y6.02685
G01 X-25.38293 Y6.02685
G01 X-25.40513 Y6.02304
G01 X-26.28224 Y5.82197
G01 X-26.28216 Y5.82131
G01 X-26.28224 Y5.82197
G01 X-26.78008 Y5.83236
G01 X-26.78358 Y5.83221
G01 X-26.78999 Y5.83251
G01 X-27.74000 Y5.83251
G01 X-27.75958 Y5.83154
G01 X-27.80837 Y5.82674
G01 X-27.84683 Y5.81910
G01 X-27.89372 Y5.80488
G01 X-27.90799 Y5.79977
G01 X-27.91068 Y5.79903
G01 X-28.26496 Y5.67081
G01 X-28.26501 Y5.66482
G01 X-28.26496 Y5.67081
G01 X-28.46209 Y5.74216
G01 X-28.46763 Y5.73609
G01 X-28.46209 Y5.74216
G01 X-28.50802 Y5.83988
G01 X-28.52991 Y5.84369
G01 X-28.50802 Y5.83988
G01 X-27.25384 Y7.09405
G01 X-26.13065 Y7.95270
G01 X-26.11348 Y7.96187
G01 X-26.08087 Y7.98366
G01 X-25.95207 Y8.08938
G01 X-25.93754 Y8.10256
G01 X-25.92435 Y8.11709
G01 X-25.81864 Y8.24589
G01 X-25.79685 Y8.27850
G01 X-25.71831 Y8.42544
G01 X-25.70990 Y8.44320
G01 X-25.70330 Y8.46166
G01 X-25.65494 Y8.62113
G01 X-25.64729 Y8.65958
G01 X-25.63096 Y8.82542
G01 X-25.62999 Y8.84500
G01 X-25.63096 Y8.86461
G01 X-25.64729 Y9.03045
G01 X-25.65494 Y9.06890
G01 X-25.70330 Y9.22836
G01 X-25.70896 Y9.24421
G01 X-25.70977 Y9.24734
G01 X-26.17995 Y10.57926
G01 X-26.18135 Y10.57901
G01 X-26.17995 Y10.57926
G01 X-26.17998 Y10.71078
G01 X-26.18135 Y10.71104
G01 X-26.17998 Y10.71078
G01 X-25.70977 Y12.04271
G01 X-25.70858 Y12.04690
G01 X-25.70330 Y12.06168
G01 X-25.65494 Y12.22112
G01 X-25.64729 Y12.25957
G01 X-25.63096 Y12.42541
G01 X-25.62999 Y12.44502
G01 X-25.63096 Y12.46463
G01 X-25.64729 Y12.63044
G01 X-25.65494 Y12.66889
G01 X-25.70330 Y12.82836
G01 X-25.70990 Y12.84682
G01 X-25.71831 Y12.86458
G01 X-25.79685 Y13.01152
G01 X-25.81864 Y13.04413
G01 X-25.92435 Y13.17293
G01 X-25.93754 Y13.18749
G01 X-25.95207 Y13.20064
G01 X-26.08087 Y13.30636
G01 X-26.09664 Y13.31807
G01 X-26.11348 Y13.32815
G01 X-26.26042 Y13.40669
G01 X-26.29664 Y13.42170
G01 X-26.45610 Y13.47006
G01 X-26.47515 Y13.47484
G01 X-26.49456 Y13.47771
G01 X-26.66039 Y13.49404
G01 X-26.69959 Y13.49404
G01 X-26.86542 Y13.47771
G01 X-26.88483 Y13.47484
G01 X-26.90388 Y13.47006
G01 X-27.06332 Y13.42170
G01 X-27.09954 Y13.40669
G01 X-27.24650 Y13.32815
G01 X-27.26334 Y13.31807
G01 X-27.27909 Y13.30636
G01 X-27.40792 Y13.20064
G01 X-27.42245 Y13.18749
G01 X-27.43563 Y13.17293
G01 X-27.54134 Y13.04413
G01 X-27.56311 Y13.01152
G01 X-27.64167 Y12.86458
G01 X-27.65006 Y12.84682
G01 X-27.65668 Y12.82836
G01 X-27.70505 Y12.66889
G01 X-27.71269 Y12.63044
G01 X-27.72902 Y12.46463
G01 X-27.72999 Y12.44502
G01 X-27.72902 Y12.42541
G01 X-27.71269 Y12.25957
G01 X-27.70505 Y12.22112
G01 X-27.65668 Y12.06168
G01 X-27.65229 Y12.05112
G01 X-27.65016 Y12.04271
G01 X-27.17998 Y10.71073
G01 X-27.17858 Y10.71096
G01 X-27.17998 Y10.71073
G01 X-27.17998 Y10.57931
G01 X-27.17858 Y10.57908
G01 X-27.17998 Y10.57931
G01 X-27.65016 Y9.24734
G01 X-27.65216 Y9.23926
G01 X-27.65668 Y9.22836
G01 X-27.70505 Y9.06890
G01 X-27.71269 Y9.03045
G01 X-27.72016 Y8.95354
G01 X-27.99214 Y7.76997
G01 X-27.98861 Y7.76802
G01 X-27.99214 Y7.76997
G01 X-29.61853 Y6.14358
G01 X-29.63171 Y6.12903
G01 X-29.66902 Y6.08359
G01 X-29.68071 Y6.06782
G01 X-29.69079 Y6.05098
G01 X-29.71853 Y5.99911
G01 X-29.73352 Y5.96289
G01 X-29.75061 Y5.90660
G01 X-29.75333 Y5.89573
G01 X-29.75244 Y5.89520
G01 X-29.75333 Y5.89573
G01 X-29.80794 Y5.82680
G01 X-29.80491 Y5.82215
G01 X-29.80794 Y5.82680
G01 X-29.80837 Y5.82674
G01 X-29.84683 Y5.81910
G01 X-29.89371 Y5.80488
G01 X-29.92993 Y5.78986
G01 X-29.97316 Y5.76678
G01 X-29.99000 Y5.75667
G01 X-30.00575 Y5.74498
G01 X-30.04365 Y5.71389
G01 X-30.05818 Y5.70071
G01 X-30.07136 Y5.68616
G01 X-30.10245 Y5.64828
G01 X-30.12424 Y5.61570
G01 X-30.14261 Y5.58130
G01 X-30.24931 Y5.55753
G01 X-30.23979 Y5.60536
G01 X-30.23925 Y5.60772
G01 X-30.22699 Y5.65674
G01 X-30.22658 Y5.65829
G01 X-30.21693 Y5.69215
G01 X-30.21441 Y5.69906
G01 X-30.21815 Y5.70101
G01 X-30.21441 Y5.69906
G01 X-30.21088 Y5.70554
G01 X-30.20646 Y5.71140
G01 X-30.19407 Y5.72558
G01 X-30.19348 Y5.72624
G01 X-30.16054 Y5.76258
G01 X-30.15884 Y5.76436
G01 X-30.12175 Y5.80142
G01 X-30.11998 Y5.80312
G01 X-30.08360 Y5.83609
G01 X-30.08175 Y5.83769
G01 X-30.08205 Y5.83805
G01 X-30.08175 Y5.83769
G01 X-30.04030 Y5.87168
G01 X-30.03839 Y5.87318
G01 X-29.99859 Y5.90272
G01 X-29.99656 Y5.90414
G01 X-29.94865 Y5.93612
G01 X-29.94660 Y5.93741
G01 X-29.90326 Y5.96337
G01 X-29.90288 Y5.96360
G01 X-29.90006 Y5.96525
G01 X-29.89145 Y5.97495
G01 X-29.86674 Y6.01615
G01 X-29.86544 Y6.01821
G01 X-29.83349 Y6.06606
G01 X-29.83207 Y6.06807
G01 X-29.79666 Y6.11582
G01 X-29.79516 Y6.11775
G01 X-29.76118 Y6.15921
G01 X-29.75955 Y6.16106
G01 X-29.72000 Y6.20470
G01 X-29.71916 Y6.20561
G01 X-29.70118 Y6.22451
G01 X-29.70032 Y6.22540
G01 X-28.85572 Y7.06997
G01 X-28.83852 Y7.08806
G01 X-28.80027 Y7.13027
G01 X-28.76783 Y7.16982
G01 X-28.73392 Y7.21554
G01 X-28.70329 Y7.26141
G01 X-28.67342 Y7.31122
G01 X-28.64375 Y7.36680
G01 X-28.62092 Y7.41503
G01 X-28.61995 Y7.43505
G01 X-28.61998 Y7.51010
G01 X-28.62267 Y7.51076
G01 X-28.61998 Y7.51010
G01 X-28.17502 Y8.36913
G01 X-28.17012 Y8.37828
G01 X-28.15752 Y8.40490
G01 X-28.14762 Y8.43266
G01 X-28.09923 Y8.59209
G01 X-28.08777 Y8.64978
G01 X-28.07144 Y8.81561
G01 X-28.06999 Y8.84500
G01 X-28.07144 Y8.87441
G01 X-28.08777 Y9.04025
G01 X-28.09923 Y9.09793
G01 X-28.14762 Y9.25737
G01 X-28.15270 Y9.26969
G01 X-28.15546 Y9.28061
G01 X-28.61995 Y10.59638
G01 X-28.62140 Y10.59613
G01 X-28.61995 Y10.59638
G01 X-28.61998 Y10.69366
G01 X-28.62135 Y10.69389
G01 X-28.61998 Y10.69366
G01 X-28.15546 Y12.00943
G01 X-28.15176 Y12.02259
G01 X-28.14762 Y12.03265
G01 X-28.09923 Y12.19211
G01 X-28.08777 Y12.24977
G01 X-28.07144 Y12.41561
G01 X-28.06999 Y12.44502
G01 X-28.07144 Y12.47441
G01 X-28.08777 Y12.64024
G01 X-28.09923 Y12.69793
G01 X-28.14762 Y12.85739
G01 X-28.15752 Y12.88510
G01 X-28.17012 Y12.91172
G01 X-28.24866 Y13.05866
G01 X-28.28135 Y13.10755
G01 X-28.38704 Y13.23638
G01 X-28.40682 Y13.25817
G01 X-28.42862 Y13.27796
G01 X-28.55744 Y13.38368
G01 X-28.60634 Y13.41634
G01 X-28.75328 Y13.49488
G01 X-28.80761 Y13.51738
G01 X-28.96707 Y13.56577
G01 X-28.99565 Y13.57291
G01 X-29.02475 Y13.57722
G01 X-29.19059 Y13.59356
G01 X-29.21998 Y13.59500
G01 X-29.24939 Y13.59356
G01 X-29.41523 Y13.57722
G01 X-29.44434 Y13.57291
G01 X-29.47291 Y13.56577
G01 X-29.63235 Y13.51738
G01 X-29.68668 Y13.49488
G01 X-29.83364 Y13.41634
G01 X-29.88254 Y13.38368
G01 X-30.01134 Y13.27796
G01 X-30.03316 Y13.25817
G01 X-30.05292 Y13.23638
G01 X-30.15864 Y13.10755
G01 X-30.19133 Y13.05866
G01 X-30.26986 Y12.91172
G01 X-30.28246 Y12.88510
G01 X-30.29237 Y12.85739
G01 X-30.34073 Y12.69793
G01 X-30.35221 Y12.64024
G01 X-30.36854 Y12.47441
G01 X-30.36999 Y12.44502
G01 X-30.36854 Y12.41561
G01 X-30.35221 Y12.24977
G01 X-30.34073 Y12.19211
G01 X-30.29237 Y12.03265
G01 X-30.28718 Y12.02010
G01 X-30.28447 Y12.00943
G01 X-29.81998 Y10.69359
G01 X-29.81853 Y10.69384
G01 X-29.81998 Y10.69359
G01 X-29.81998 Y10.59646
G01 X-29.81858 Y10.59620
G01 X-29.81998 Y10.59646
G01 X-30.28447 Y9.28061
G01 X-30.28701 Y9.27035
G01 X-30.29237 Y9.25737
G01 X-30.34073 Y9.09793
G01 X-30.35221 Y9.04025
G01 X-30.36854 Y8.87441
G01 X-30.36999 Y8.84500
G01 X-30.36854 Y8.81561
G01 X-30.35221 Y8.64978
G01 X-30.34073 Y8.59209
G01 X-30.29237 Y8.43266
G01 X-30.28670 Y8.41683
G01 X-30.28561 Y8.41239
G01 X-29.98150 Y7.52204
G01 X-29.96433 Y7.51800
G01 X-29.98150 Y7.52204
G01 X-31.16425 Y6.33929
G01 X-31.18401 Y6.31747
G01 X-31.22132 Y6.27201
G01 X-31.23887 Y6.24836
G01 X-31.25399 Y6.22311
G01 X-31.28172 Y6.17124
G01 X-31.30423 Y6.11691
G01 X-31.32130 Y6.06063
G01 X-31.32846 Y6.03208
G01 X-31.33278 Y6.00294
G01 X-31.33854 Y5.94442
G01 X-31.33999 Y5.91501
G01 X-31.33999 Y3.31501
G01 X-31.33905 Y3.29149
G01 X-31.33537 Y3.24456
G01 X-31.32800 Y3.19807
G01 X-31.31700 Y3.15228
G01 X-31.30245 Y3.10752
G01 X-31.28444 Y3.06404
G01 X-31.26308 Y3.02208
G01 X-31.23847 Y2.98194
G01 X-31.21081 Y2.94387
G01 X-31.18022 Y2.90806
G01 X-31.16425 Y2.89076
G01 X-30.81924 Y2.54575
G01 X-30.79742 Y2.52599
G01 X-30.75195 Y2.48868
G01 X-30.70306 Y2.45601
G01 X-30.65119 Y2.42828
G01 X-30.62457 Y2.41570
G01 X-30.59686 Y2.40577
G01 X-30.54058 Y2.38870
G01 X-30.51203 Y2.38154
G01 X-30.48289 Y2.37722
G01 X-30.42437 Y2.37146
G01 X-30.40131 Y2.37034
G01 X-30.40077 Y2.37199
G01 X-30.40131 Y2.37034
G01 X-30.07550 Y2.19792
G01 X-30.06920 Y2.19274
G01 X-30.02031 Y2.16008
G01 X-29.97708 Y2.13696
G01 X-29.92275 Y2.11446
G01 X-29.87586 Y2.10023
G01 X-29.81817 Y2.08875
G01 X-29.76938 Y2.08395
G01 X-29.73999 Y2.08251
G01 X-28.78998 Y2.08251
G01 X-28.76059 Y2.08395
G01 X-28.71180 Y2.08875
G01 X-28.65412 Y2.10023
G01 X-28.60723 Y2.11446
G01 X-28.58909 Y2.12096
G01 X-28.58523 Y2.12198
G01 X-28.26499 Y2.23788
G01 X-28.26499 Y2.24420
G01 X-28.26499 Y2.23788
G01 X-27.94472 Y2.12198
G01 X-27.93487 Y2.11949
G01 X-27.92275 Y2.11446
G01 X-27.87584 Y2.10023
G01 X-27.81815 Y2.08875
G01 X-27.76938 Y2.08395
G01 X-27.74000 Y2.08251
G01 X-26.78999 Y2.08251
G01 X-26.76057 Y2.08395
G01 X-26.71180 Y2.08875
G01 X-26.69669 Y2.09101
G01 X-26.27437 Y2.13765
G01 X-26.27388 Y2.14098
G01 X-26.27437 Y2.13765
G01 X-25.89913 Y1.97684
G01 X-25.89458 Y1.97539
G01 X-25.88978 Y1.97285
G01 X-25.83352 Y1.95578
G01 X-25.77498 Y1.95002
G01 X-24.27498 Y1.95002
G01 X-24.21646 Y1.95578
G01 X-24.16017 Y1.97285
G01 X-24.10830 Y2.00056
G01 X-24.06286 Y2.03788
G01 X-24.02555 Y2.08334
G01 X-23.99781 Y2.13521
G01 X-23.98075 Y2.19150
G01 X-23.97498 Y2.25002
G01 X-23.97498 Y3.30000
G01 X-23.98026 Y3.35352
G01 X-24.10670 Y3.40742
G01 X-24.09022 Y3.37656
G01 X-24.07884 Y3.33904
G01 X-24.07498 Y3.30000
G01 X-24.07498 Y2.25002
G01 X-24.07884 Y2.21100
G01 X-24.09022 Y2.17349
G01 X-24.10869 Y2.13889
G01 X-24.13358 Y2.10859
G01 X-24.16388 Y2.08372
G01 X-24.19845 Y2.06523
G01 X-24.23597 Y2.05385
G01 X-24.27498 Y2.05002
G01 X-25.77498 Y2.05002
G01 X-25.81402 Y2.05385
G01 X-25.85153 Y2.06523
G01 X-25.85577 Y2.06749
G01 X-25.85974 Y2.06876
G01 X-26.25918 Y2.23993
G01 X-26.25869 Y2.24329
G01 X-26.25918 Y2.23993
G01 X-26.70629 Y2.19056
G01 X-26.72161 Y2.18827
G01 X-26.77038 Y2.18347
G01 X-26.78999 Y2.18250
G01 X-27.74000 Y2.18250
G01 X-27.75958 Y2.18347
G01 X-27.80837 Y2.18827
G01 X-27.84683 Y2.19592
G01 X-27.89372 Y2.21017
G01 X-27.90339 Y2.21415
G01 X-27.91068 Y2.21601
G01 X-28.26499 Y2.34423
G01 X-28.26491 Y2.35022
G01 X-28.26499 Y2.34423
G01 X-28.61927 Y2.21601
G01 X-28.62171 Y2.21537
G01 X-28.63626 Y2.21017
G01 X-28.68315 Y2.19592
G01 X-28.72160 Y2.18827
G01 X-28.77037 Y2.18347
G01 X-28.78998 Y2.18250
G01 X-29.73999 Y2.18250
G01 X-29.75960 Y2.18347
G01 X-29.80837 Y2.18827
G01 X-29.84683 Y2.19592
G01 X-29.89371 Y2.21017
G01 X-29.92993 Y2.22515
G01 X-29.97316 Y2.24827
G01 X-30.00575 Y2.27003
G01 X-30.01985 Y2.28162
G01 X-30.37591 Y2.47001
G01 X-30.37530 Y2.47194
G01 X-30.37591 Y2.47001
G01 X-30.39498 Y2.47001
G01 X-30.41457 Y2.47097
G01 X-30.47311 Y2.47674
G01 X-30.49252 Y2.47963
G01 X-30.51154 Y2.48438
G01 X-30.56783 Y2.50148
G01 X-30.58632 Y2.50808
G01 X-30.60405 Y2.51646
G01 X-30.65592 Y2.54420
G01 X-30.68853 Y2.56597
G01 X-30.73397 Y2.60328
G01 X-30.74853 Y2.61646
G01 X-31.09353 Y2.96147
G01 X-31.10420 Y2.97300
G01 X-31.13476 Y3.00879
G01 X-31.15322 Y3.03419
G01 X-31.17781 Y3.07432
G01 X-31.19206 Y3.10229
G01 X-31.21007 Y3.14577
G01 X-31.21977 Y3.17564
G01 X-31.23077 Y3.22142
G01 X-31.23567 Y3.25240
G01 X-31.23935 Y3.29934
G01 X-31.23999 Y3.31501
G01 X-31.23999 Y5.91501
G01 X-31.23902 Y5.93462
G01 X-31.23326 Y5.99317
G01 X-31.23036 Y6.01257
G01 X-31.22561 Y6.03160
G01 X-31.20852 Y6.08788
G01 X-31.19353 Y6.12410
G01 X-31.16580 Y6.17597
G01 X-31.15571 Y6.19281
G01 X-31.14403 Y6.20858
G01 X-31.10672 Y6.25402
G01 X-31.09353 Y6.26858
G01 X-29.86671 Y7.49540
G01 X-29.84954 Y7.49136
G01 X-29.86671 Y7.49540
G01 X-30.19099 Y8.44470
G01 X-30.19183 Y8.44813
G01 X-30.19668 Y8.46166
G01 X-30.24505 Y8.62113
G01 X-30.25269 Y8.65958
G01 X-30.26902 Y8.82542
G01 X-30.26999 Y8.84500
G01 X-30.26902 Y8.86461
G01 X-30.25269 Y9.03045
G01 X-30.24505 Y9.06890
G01 X-30.19668 Y9.22836
G01 X-30.19216 Y9.23926
G01 X-30.19016 Y9.24734
G01 X-29.71998 Y10.57931
G01 X-29.71858 Y10.57908
G01 X-29.71998 Y10.57931
G01 X-29.71998 Y10.71073
G01 X-29.71853 Y10.71096
G01 X-29.71998 Y10.71073
G01 X-30.19016 Y12.04271
G01 X-30.19229 Y12.05112
G01 X-30.19668 Y12.06168
G01 X-30.24505 Y12.22112
G01 X-30.25269 Y12.25957
G01 X-30.26902 Y12.42541
G01 X-30.26999 Y12.44502
G01 X-30.26902 Y12.46463
G01 X-30.25269 Y12.63044
G01 X-30.24505 Y12.66889
G01 X-30.19668 Y12.82836
G01 X-30.19006 Y12.84682
G01 X-30.18167 Y12.86458
G01 X-30.10311 Y13.01152
G01 X-30.08134 Y13.04413
G01 X-29.97563 Y13.17293
G01 X-29.96245 Y13.18749
G01 X-29.94792 Y13.20064
G01 X-29.81909 Y13.30636
G01 X-29.80334 Y13.31807
G01 X-29.78650 Y13.32815
G01 X-29.63954 Y13.40669
G01 X-29.60332 Y13.42170
G01 X-29.44388 Y13.47006
G01 X-29.42483 Y13.47484
G01 X-29.40542 Y13.47771
G01 X-29.23959 Y13.49404
G01 X-29.20040 Y13.49404
G01 X-29.03456 Y13.47771
G01 X-29.01515 Y13.47484
G01 X-28.99610 Y13.47006
G01 X-28.83664 Y13.42170
G01 X-28.80042 Y13.40669
G01 X-28.65348 Y13.32815
G01 X-28.63664 Y13.31807
G01 X-28.62087 Y13.30636
G01 X-28.49207 Y13.20064
G01 X-28.47754 Y13.18749
G01 X-28.46435 Y13.17293
G01 X-28.35864 Y13.04413
G01 X-28.33685 Y13.01152
G01 X-28.25831 Y12.86458
G01 X-28.24990 Y12.84682
G01 X-28.24330 Y12.82836
G01 X-28.19494 Y12.66889
G01 X-28.18729 Y12.63044
G01 X-28.17096 Y12.46463
G01 X-28.16999 Y12.44502
G01 X-28.17096 Y12.42541
G01 X-28.18729 Y12.25957
G01 X-28.19494 Y12.22112
G01 X-28.24330 Y12.06168
G01 X-28.24683 Y12.05315
G01 X-28.24977 Y12.04271
G01 X-28.71998 Y10.71078
G01 X-28.72135 Y10.71104
G01 X-28.71998 Y10.71078
G01 X-28.71995 Y10.57924
G01 X-28.72140 Y10.57901
G01 X-28.71995 Y10.57924
G01 X-28.24977 Y9.24734
G01 X-28.24756 Y9.23868
G01 X-28.24330 Y9.22836
G01 X-28.19494 Y9.06890
G01 X-28.18729 Y9.03045
G01 X-28.17096 Y8.86461
G01 X-28.16999 Y8.84500
G01 X-28.17096 Y8.82542
G01 X-28.18729 Y8.65958
G01 X-28.19494 Y8.62113
G01 X-28.24330 Y8.46166
G01 X-28.24993 Y8.44317
G01 X-28.25831 Y8.42542
G01 X-28.26352 Y8.41569
G01 X-28.71998 Y7.53446
G01 X-28.72224 Y7.53507
G01 X-28.71998 Y7.53446
G01 X-28.71995 Y7.43505
G01 X-28.72092 Y7.41544
G01 X-28.72669 Y7.35689
G01 X-28.72958 Y7.33749
G01 X-28.73433 Y7.31846
G01 X-28.75142 Y7.26217
G01 X-28.76641 Y7.22595
G01 X-28.79415 Y7.17409
G01 X-28.80423 Y7.15725
G01 X-28.81592 Y7.14147
G01 X-28.85323 Y7.09603
G01 X-28.86641 Y7.08148
G01 X-30.23997 Y5.70792
G01 X-30.24591 Y5.71064
G01 X-30.23997 Y5.70792
G01 X-30.23999 Y5.60442
G01 X-30.24931 Y5.55753
G01 X-30.24975 Y5.55509
G01 X-30.25701 Y5.50609
G01 X-30.25731 Y5.50368
G01 X-30.26176 Y5.45855
G01 X-30.26196 Y5.45608
G01 X-30.26435 Y5.40709
G01 X-30.26440 Y5.40587
G01 X-30.26493 Y5.38377
G01 X-30.26496 Y5.38252
G01 X-30.26496 Y4.70754
G01 X-30.26493 Y4.70630
G01 X-30.26440 Y4.68420
G01 X-30.26435 Y4.68298
G01 X-30.26196 Y4.63399
G01 X-30.26176 Y4.63152
G01 X-30.25731 Y4.58644
G01 X-30.25701 Y4.58400
G01 X-30.24975 Y4.53498
G01 X-30.24934 Y4.53254
G01 X-30.23997 Y4.48565
G01 X-30.23976 Y4.48461
G01 X-30.23923 Y4.48225
G01 X-30.22696 Y4.43325
G01 X-30.22630 Y4.43086
G01 X-30.21025 Y4.37808
G01 X-30.20951 Y4.37577
G01 X-30.19196 Y4.32677
G01 X-30.19107 Y4.32441
G01 X-30.16598 Y4.26406
G01 X-30.16501 Y4.26185
G01 X-30.14182 Y4.21283
G01 X-30.14068 Y4.21059
G01 X-30.10270 Y4.13978
G01 X-30.10154 Y4.13770
G01 X-30.07215 Y4.08867
G01 X-30.07080 Y4.08654
G01 X-30.03997 Y4.04057
G01 X-30.03997 Y3.88418
G01 X-30.08320 Y3.82152
G01 X-30.03997 Y3.88418
G01 X-30.00817 Y3.89937
G01 X-29.95178 Y3.92126
G01 X-29.90486 Y3.93549
G01 X-29.82798 Y3.95078
G01 X-29.77918 Y3.95558
G01 X-29.73999 Y3.95751
G01 X-28.78998 Y3.95751
G01 X-28.75079 Y3.95558
G01 X-28.70200 Y3.95078
G01 X-28.62511 Y3.93549
G01 X-28.57820 Y3.92126
G01 X-28.56390 Y3.91534
G01 X-28.55120 Y3.91212
G01 X-28.26496 Y3.80851
G01 X-28.26496 Y3.80249
G01 X-28.26496 Y3.80851
G01 X-27.97876 Y3.91209
G01 X-27.96522 Y3.91570
G01 X-27.95178 Y3.92126
G01 X-27.90487 Y3.93549
G01 X-27.82796 Y3.95078
G01 X-27.77919 Y3.95558
G01 X-27.74000 Y3.95751
G01 X-26.78999 Y3.95751
G01 X-26.75077 Y3.95558
G01 X-26.70200 Y3.95078
G01 X-26.62509 Y3.93549
G01 X-26.57820 Y3.92126
G01 X-26.50576 Y3.89124
G01 X-26.46253 Y3.86815
G01 X-26.42887 Y3.84796
G01 X-26.39733 Y3.82459
G01 X-26.35946 Y3.79350
G01 X-26.34249 Y3.77653
G01 X-26.20477 Y3.69368
G01 X-26.19796 Y3.68497
G01 X-26.19644 Y3.68309
G01 X-26.13876 Y3.61595
G01 X-26.13708 Y3.61412
G01 X-26.10233 Y3.57755
G01 X-26.09646 Y3.57229
G01 X-26.08983 Y3.56800
G01 X-26.09171 Y3.56510
G01 X-26.08983 Y3.56800
G01 X-26.08265 Y3.56482
G01 X-26.01313 Y3.54041
G01 X-26.01089 Y3.53970
G01 X-25.99113 Y3.53378
G01 X-25.93167 Y3.51600
G01 X-25.92923 Y3.51534
G01 X-25.90076 Y3.50838
G01 X-25.83921 Y3.48873
G01 X-25.90076 Y3.50838
G01 X-25.92923 Y3.51534
G01 X-25.93167 Y3.51600
G01 X-25.99113 Y3.53378
G01 X-26.07396 Y3.49830
G01 X-26.07503 Y3.48525
G01 X-26.07396 Y3.49830
G01 X-26.40284 Y3.69614
G01 X-26.42291 Y3.71618
G01 X-26.46078 Y3.74727
G01 X-26.48442 Y3.76482
G01 X-26.50967 Y3.77996
G01 X-26.55290 Y3.80305
G01 X-26.60723 Y3.82555
G01 X-26.65412 Y3.83978
G01 X-26.71180 Y3.85126
G01 X-26.76057 Y3.85606
G01 X-26.78999 Y3.85751
G01 X-27.74000 Y3.85751
G01 X-27.76938 Y3.85606
G01 X-27.81815 Y3.85126
G01 X-27.87584 Y3.83978
G01 X-27.92275 Y3.82555
G01 X-27.93393 Y3.82093
G01 X-27.94472 Y3.81806
G01 X-28.26496 Y3.70216
G01 X-28.26496 Y3.69675
G01 X-28.26496 Y3.70216
G01 X-28.58523 Y3.81809
G01 X-28.59539 Y3.82065
G01 X-28.60723 Y3.82555
G01 X-28.65412 Y3.83978
G01 X-28.71180 Y3.85126
G01 X-28.76059 Y3.85606
G01 X-28.78998 Y3.85751
G01 X-29.73999 Y3.85751
G01 X-29.76938 Y3.85606
G01 X-29.81817 Y3.85126
G01 X-29.87586 Y3.83978
G01 X-29.92275 Y3.82555
G01 X-29.95051 Y3.81562
G01 X-29.96633 Y3.80813
G01 X-29.97228 Y3.80569
G01 X-30.13997 Y3.72566
G01 X-30.18602 Y3.65380
G01 X-30.13997 Y3.72566
G01 X-30.13999 Y4.20927
G01 X-30.14068 Y4.21059
G01 X-30.14182 Y4.21283
G01 X-30.16501 Y4.26185
G01 X-30.16598 Y4.26406
G01 X-30.19107 Y4.32441
G01 X-30.19196 Y4.32677
G01 X-30.20951 Y4.37577
G01 X-30.21025 Y4.37808
G01 X-30.22630 Y4.43086
G01 X-30.22696 Y4.43325
G01 X-30.22757 Y4.43310
G01 X-30.22696 Y4.43325
G01 X-30.23923 Y4.48225
G01 X-30.23976 Y4.48461
G01 X-30.23997 Y4.48565
G01 X-30.23997 Y3.56714
G01 X-30.28660 Y3.49330
G01 X-30.23997 Y3.56714
G01 X-29.92922 Y3.71545
G01 X-29.92541 Y3.71700
G01 X-29.91223 Y3.72324
G01 X-29.89371 Y3.72987
G01 X-29.84683 Y3.74410
G01 X-29.80837 Y3.75174
G01 X-29.75960 Y3.75654
G01 X-29.73999 Y3.75751
G01 X-28.78998 Y3.75751
G01 X-28.77037 Y3.75654
G01 X-28.72160 Y3.75174
G01 X-28.68315 Y3.74410
G01 X-28.63626 Y3.72987
G01 X-28.62684 Y3.72596
G01 X-28.61927 Y3.72406
G01 X-28.26496 Y3.59581
G01 X-28.26496 Y3.59015
G01 X-28.26496 Y3.59581
G01 X-27.91068 Y3.72403
G01 X-27.90263 Y3.72619
G01 X-27.89372 Y3.72987
G01 X-27.84683 Y3.74410
G01 X-27.80837 Y3.75174
G01 X-27.75958 Y3.75654
G01 X-27.74000 Y3.75751
G01 X-26.78999 Y3.75751
G01 X-26.77038 Y3.75654
G01 X-26.72161 Y3.75174
G01 X-26.68315 Y3.74410
G01 X-26.63627 Y3.72987
G01 X-26.60004 Y3.71486
G01 X-26.55681 Y3.69177
G01 X-26.53997 Y3.68166
G01 X-26.52423 Y3.66998
G01 X-26.48633 Y3.63889
G01 X-26.46380 Y3.61633
G01 X-26.08161 Y3.38624
G01 X-26.08247 Y3.37404
G01 X-26.08161 Y3.38624
G01 X-25.85974 Y3.48131
G01 X-25.85448 Y3.48321
G01 X-25.85153 Y3.48479
G01 X-25.84269 Y3.48748
G01 X-25.83921 Y3.48873
G01 X-25.81569 Y3.48123
G01 X-25.79398 Y3.47229
G01 X-25.79291 Y3.47186
G01 X-25.77289 Y3.46416
G01 X-25.77180 Y3.46376
G01 X-25.66886 Y3.42693
G01 X-25.66657 Y3.42616
G01 X-25.63347 Y3.41611
G01 X-25.63106 Y3.41545
G01 X-25.56949 Y3.40000
G01 X-24.43741 Y3.40000
G01 X-24.27498 Y3.40000
G01 X-24.25547 Y3.39810
G01 X-24.23673 Y3.39241
G01 X-24.21943 Y3.38316
G01 X-24.20427 Y3.37072
G01 X-24.19185 Y3.35558
G01 X-24.18260 Y3.33828
G01 X-24.17691 Y3.31951
G01 X-24.17498 Y3.30000
G01 X-24.17498 Y2.25002
G01 X-24.17691 Y2.23051
G01 X-24.18260 Y2.21174
G01 X-24.19185 Y2.19447
G01 X-24.20427 Y2.17930
G01 X-24.21943 Y2.16686
G01 X-24.23673 Y2.15761
G01 X-24.25547 Y2.15192
G01 X-24.27498 Y2.15002
G01 X-25.77498 Y2.15002
G01 X-25.79451 Y2.15192
G01 X-25.81325 Y2.15761
G01 X-25.81696 Y2.15959
G01 X-25.82034 Y2.16069
G01 X-26.24399 Y2.34222
G01 X-26.72014 Y2.28962
G01 X-26.72171 Y2.28924
G01 X-26.73141 Y2.28779
G01 X-26.78018 Y2.28299
G01 X-26.78999 Y2.28250
G01 X-27.74000 Y2.28250
G01 X-27.74980 Y2.28299
G01 X-27.79857 Y2.28779
G01 X-27.81780 Y2.29162
G01 X-27.86469 Y2.30585
G01 X-27.87192 Y2.30884
G01 X-27.87665 Y2.31004
G01 X-28.26499 Y2.45058
G01 X-28.65330 Y2.31004
G01 X-28.65529 Y2.30950
G01 X-28.65605 Y2.30915
G01 X-28.66529 Y2.30585
G01 X-28.71218 Y2.29162
G01 X-28.73141 Y2.28779
G01 X-28.78018 Y2.28299
G01 X-28.78998 Y2.28250
G01 X-29.73999 Y2.28250
G01 X-29.74980 Y2.28299
G01 X-29.79857 Y2.28779
G01 X-29.81779 Y2.29162
G01 X-29.86468 Y2.30585
G01 X-29.88279 Y2.31334
G01 X-29.92602 Y2.33645
G01 X-29.94233 Y2.34735
G01 X-29.96420 Y2.36528
G01 X-30.35107 Y2.57001
G01 X-30.39498 Y2.57001
G01 X-30.40476 Y2.57049
G01 X-30.46331 Y2.57626
G01 X-30.47301 Y2.57770
G01 X-30.48254 Y2.58009
G01 X-30.53880 Y2.59716
G01 X-30.54804 Y2.60046
G01 X-30.55691 Y2.60465
G01 X-30.60877 Y2.63239
G01 X-30.62508 Y2.64329
G01 X-30.67055 Y2.68057
G01 X-30.67781 Y2.68718
G01 X-31.02282 Y3.03219
G01 X-31.02815 Y3.03795
G01 X-31.05874 Y3.07374
G01 X-31.06796 Y3.08644
G01 X-31.09254 Y3.12657
G01 X-31.09968 Y3.14057
G01 X-31.11769 Y3.18405
G01 X-31.12254 Y3.19899
G01 X-31.13351 Y3.24476
G01 X-31.13598 Y3.26025
G01 X-31.13966 Y3.30719
G01 X-31.13999 Y3.31501
G01 X-31.13999 Y5.91501
G01 X-31.13951 Y5.92481
G01 X-31.13374 Y5.98336
G01 X-31.13229 Y5.99306
G01 X-31.12991 Y6.00259
G01 X-31.11284 Y6.05885
G01 X-31.10534 Y6.07696
G01 X-31.07761 Y6.12883
G01 X-31.07258 Y6.13726
G01 X-31.06671 Y6.14513
G01 X-31.02942 Y6.19060
G01 X-31.02282 Y6.19786
G01 X-29.75196 Y7.46873
G01 X-30.09635 Y8.47703
G01 X-30.09719 Y8.48043
G01 X-30.09768 Y8.48145
G01 X-30.10098 Y8.49070
G01 X-30.14934 Y8.65016
G01 X-30.15317 Y8.66939
G01 X-30.16951 Y8.83522
G01 X-30.16999 Y8.84500
G01 X-30.16951 Y8.85481
G01 X-30.15317 Y9.02064
G01 X-30.14934 Y9.03987
G01 X-30.10098 Y9.19933
G01 X-30.09732 Y9.20814
G01 X-30.09587 Y9.21404
G01 X-29.61995 Y10.56219
G01 X-29.61998 Y10.72785
G01 X-30.09587 Y12.07601
G01 X-30.09742 Y12.08210
G01 X-30.10098 Y12.09071
G01 X-30.14934 Y12.25015
G01 X-30.15317 Y12.26938
G01 X-30.16951 Y12.43521
G01 X-30.16999 Y12.44502
G01 X-30.16951 Y12.45482
G01 X-30.15317 Y12.62063
G01 X-30.14934 Y12.63986
G01 X-30.10098 Y12.79932
G01 X-30.09768 Y12.80857
G01 X-30.09348 Y12.81743
G01 X-30.01492 Y12.96440
G01 X-30.00403 Y12.98068
G01 X-29.89834 Y13.10948
G01 X-29.89173 Y13.11677
G01 X-29.88447 Y13.12335
G01 X-29.75566 Y13.22907
G01 X-29.73936 Y13.23996
G01 X-29.59242 Y13.31850
G01 X-29.57431 Y13.32599
G01 X-29.41485 Y13.37438
G01 X-29.40532 Y13.37677
G01 X-29.39562 Y13.37819
G01 X-29.22978 Y13.39452
G01 X-29.21017 Y13.39452
G01 X-29.04436 Y13.37819
G01 X-29.03466 Y13.37677
G01 X-29.02514 Y13.37438
G01 X-28.86567 Y13.32599
G01 X-28.84756 Y13.31850
G01 X-28.70062 Y13.23996
G01 X-28.68432 Y13.22907
G01 X-28.55551 Y13.12335
G01 X-28.54822 Y13.11677
G01 X-28.54165 Y13.10948
G01 X-28.43593 Y12.98068
G01 X-28.42503 Y12.96440
G01 X-28.34650 Y12.81743
G01 X-28.34231 Y12.80857
G01 X-28.33900 Y12.79932
G01 X-28.29062 Y12.63986
G01 X-28.28681 Y12.62063
G01 X-28.27048 Y12.45482
G01 X-28.26999 Y12.44502
G01 X-28.27048 Y12.43521
G01 X-28.28681 Y12.26938
G01 X-28.29062 Y12.25015
G01 X-28.33900 Y12.09071
G01 X-28.34190 Y12.08368
G01 X-28.34406 Y12.07601
G01 X-28.81998 Y10.72793
G01 X-28.81995 Y10.56212
G01 X-28.34406 Y9.21404
G01 X-28.34246 Y9.20766
G01 X-28.33900 Y9.19933
G01 X-28.29062 Y9.03987
G01 X-28.28681 Y9.02064
G01 X-28.27048 Y8.85481
G01 X-28.26999 Y8.84500
G01 X-28.27048 Y8.83522
G01 X-28.28681 Y8.66939
G01 X-28.29062 Y8.65016
G01 X-28.33900 Y8.49070
G01 X-28.34231 Y8.48145
G01 X-28.34650 Y8.47259
G01 X-28.35094 Y8.46425
G01 X-28.35176 Y8.46243
G01 X-28.81998 Y7.55880
G01 X-28.81995 Y7.43505
G01 X-28.82044 Y7.42524
G01 X-28.82620 Y7.36670
G01 X-28.82765 Y7.35699
G01 X-28.83004 Y7.34747
G01 X-28.84711 Y7.29121
G01 X-28.85460 Y7.27310
G01 X-28.88234 Y7.22123
G01 X-28.88737 Y7.21280
G01 X-28.89323 Y7.20492
G01 X-28.93052 Y7.15946
G01 X-28.93712 Y7.15219
G01 X-30.33997 Y5.74933
G01 X-30.33997 Y3.48072
G01 X-30.29117 Y3.43191
G01 X-29.88614 Y3.62520
G01 X-29.88365 Y3.62622
G01 X-29.88284 Y3.62665
G01 X-29.87395 Y3.63086
G01 X-29.86468 Y3.63417
G01 X-29.81779 Y3.64841
G01 X-29.79857 Y3.65223
G01 X-29.74980 Y3.65703
G01 X-29.73999 Y3.65751
G01 X-28.78998 Y3.65751
G01 X-28.78018 Y3.65703
G01 X-28.73141 Y3.65223
G01 X-28.71218 Y3.64841
G01 X-28.66529 Y3.63417
G01 X-28.65833 Y3.63130
G01 X-28.65330 Y3.63003
G01 X-28.26496 Y3.48946
G01 X-27.87665 Y3.63000
G01 X-27.87134 Y3.63142
G01 X-27.86469 Y3.63417
G01 X-27.81780 Y3.64841
G01 X-27.79857 Y3.65223
G01 X-27.74980 Y3.65703
G01 X-27.74000 Y3.65751
G01 X-26.78999 Y3.65751
G01 X-26.78018 Y3.65703
G01 X-26.73141 Y3.65223
G01 X-26.71219 Y3.64841
G01 X-26.66530 Y3.63417
G01 X-26.64719 Y3.62667
G01 X-26.60396 Y3.60358
G01 X-26.59555 Y3.59853
G01 X-26.58765 Y3.59269
G01 X-26.54978 Y3.56160
G01 X-26.53591 Y3.54773
G01 X-26.52832 Y3.53846
G01 X-26.08928 Y3.27412
G01 X-25.82034 Y3.38939
G01 X-25.81584 Y3.39101
G01 X-25.81325 Y3.39241
G01 X-25.79451 Y3.39810
G01 X-25.77498 Y3.40000
G01 X-25.56949 Y3.40000
G01 X-24.43741 Y3.40000
G01 X-24.27302 Y3.42398
G01 X-24.12113 Y3.41359
G01 X-24.10670 Y3.40742
G01 X-23.98026 Y3.35352
G01 X-23.95055 Y3.34087
G01 X-23.87498 Y3.27323
G01 X-23.87498 Y2.25002
G01 X-23.97498 Y2.25002
G01 X-24.07498 Y2.25002
G01 X-24.17498 Y2.25002
G01 X-24.07498 Y2.25002
G01 X-23.97498 Y2.25002
G01 X-23.87498 Y2.25002
G01 X-23.88268 Y2.17199
G01 X-23.90543 Y2.09693
G01 X-23.94239 Y2.02779
G01 X-23.99215 Y1.96716
G01 X-24.05275 Y1.91743
G01 X-24.12192 Y1.88047
G01 X-24.19695 Y1.85769
G01 X-24.27498 Y1.85002
G01 X-25.77498 Y1.85002
G01 X-25.85303 Y1.85769
G01 X-25.92806 Y1.88047
G01 X-25.93337 Y1.88329
G01 X-25.93850 Y1.88494
G01 X-26.28955 Y2.03536
G01 X-26.28907 Y2.03866
G01 X-26.28955 Y2.03536
G01 X-26.68706 Y1.99145
G01 X-26.70200 Y1.98924
G01 X-26.75077 Y1.98444
G01 X-26.78999 Y1.98251
G01 X-27.74000 Y1.98251
G01 X-27.77919 Y1.98444
G01 X-27.82796 Y1.98924
G01 X-27.90487 Y2.00455
G01 X-27.95178 Y2.01878
G01 X-27.96634 Y2.02480
G01 X-27.97876 Y2.02795
G01 X-28.26499 Y2.13155
G01 X-28.26499 Y2.13757
G01 X-28.26499 Y2.13155
G01 X-28.55120 Y2.02795
G01 X-28.55648 Y2.02652
G01 X-28.57820 Y2.01878
G01 X-28.62511 Y2.00455
G01 X-28.70200 Y1.98924
G01 X-28.75079 Y1.98444
G01 X-28.78998 Y1.98251
G01 X-29.73999 Y1.98251
G01 X-29.77918 Y1.98444
G01 X-29.82798 Y1.98924
G01 X-29.90486 Y2.00455
G01 X-29.95178 Y2.01878
G01 X-30.02422 Y2.04877
G01 X-30.06745 Y2.07189
G01 X-30.12958 Y2.11339
G01 X-30.42869 Y2.27168
G01 X-30.42810 Y2.27351
G01 X-30.42869 Y2.27168
G01 X-30.43417 Y2.27194
G01 X-30.49270 Y2.27770
G01 X-30.53153 Y2.28347
G01 X-30.56961 Y2.29299
G01 X-30.62589 Y2.31009
G01 X-30.66285 Y2.32330
G01 X-30.69833 Y2.34009
G01 X-30.75020 Y2.36780
G01 X-30.81540 Y2.41138
G01 X-30.86087 Y2.44867
G01 X-30.88995 Y2.47504
G01 X-31.23496 Y2.82004
G01 X-31.25627 Y2.84311
G01 X-31.28685 Y2.87892
G01 X-31.32373 Y2.92970
G01 X-31.34835 Y2.96983
G01 X-31.37682 Y3.02576
G01 X-31.39485 Y3.06924
G01 X-31.41423 Y3.12893
G01 X-31.42523 Y3.17473
G01 X-31.43506 Y3.23671
G01 X-31.43874 Y3.28365
G01 X-31.43999 Y3.31501
G01 X-31.43999 Y5.91501
G01 X-31.43806 Y5.95423
G01 X-31.43229 Y6.01275
G01 X-31.42653 Y6.05159
G01 X-31.41700 Y6.08966
G01 X-31.39991 Y6.14595
G01 X-31.36991 Y6.21839
G01 X-31.34220 Y6.27025
G01 X-31.32201 Y6.30391
G01 X-31.29861 Y6.33546
G01 X-31.26133 Y6.38092
G01 X-31.23496 Y6.41000
G01 X-30.09628 Y7.54869
G01 X-30.07916 Y7.54467
G01 X-30.09628 Y7.54869
G01 X-30.38025 Y8.38005
G01 X-30.38160 Y8.38554
G01 X-30.38807 Y8.40363
G01 X-30.43644 Y8.56306
G01 X-30.45173 Y8.63997
G01 X-30.46806 Y8.80581
G01 X-30.46999 Y8.84500
G01 X-30.46806 Y8.88422
G01 X-30.45173 Y9.05006
G01 X-30.43644 Y9.12694
G01 X-30.38807 Y9.28640
G01 X-30.38183 Y9.30144
G01 X-30.37875 Y9.31391
G01 X-29.91998 Y10.61358
G01 X-29.91853 Y10.61335
G01 X-29.91998 Y10.61358
G01 X-29.91998 Y10.67647
G01 X-29.91858 Y10.67670
G01 X-29.91998 Y10.67647
G01 X-30.37875 Y11.97614
G01 X-30.38205 Y11.98911
G01 X-30.38807 Y12.00362
G01 X-30.43644 Y12.16308
G01 X-30.45173 Y12.23999
G01 X-30.46806 Y12.40580
G01 X-30.46999 Y12.44502
G01 X-30.46806 Y12.48421
G01 X-30.45173 Y12.65005
G01 X-30.43644 Y12.72696
G01 X-30.38807 Y12.88640
G01 X-30.37484 Y12.92338
G01 X-30.35805 Y12.95886
G01 X-30.27951 Y13.10580
G01 X-30.23595 Y13.17100
G01 X-30.13024 Y13.29981
G01 X-30.10387 Y13.32889
G01 X-30.07479 Y13.35525
G01 X-29.94599 Y13.46097
G01 X-29.88078 Y13.50453
G01 X-29.73382 Y13.58307
G01 X-29.66138 Y13.61309
G01 X-29.50192 Y13.66145
G01 X-29.46384 Y13.67100
G01 X-29.42503 Y13.67674
G01 X-29.25920 Y13.69310
G01 X-29.18079 Y13.69310
G01 X-29.01495 Y13.67674
G01 X-28.97611 Y13.67100
G01 X-28.93804 Y13.66145
G01 X-28.77860 Y13.61309
G01 X-28.70614 Y13.58307
G01 X-28.55920 Y13.50453
G01 X-28.49400 Y13.46097
G01 X-28.36519 Y13.35525
G01 X-28.33611 Y13.32889
G01 X-28.30974 Y13.29981
G01 X-28.20403 Y13.17100
G01 X-28.16047 Y13.10580
G01 X-28.08193 Y12.95886
G01 X-28.06514 Y12.92338
G01 X-28.05191 Y12.88640
G01 X-28.00355 Y12.72696
G01 X-27.99997 Y12.70900
G01 X-27.99997 Y12.18104
G01 X-28.00355 Y12.16308
G01 X-28.05191 Y12.00362
G01 X-28.05671 Y11.99206
G01 X-28.06118 Y11.97614
G01 X-28.51995 Y10.67652
G01 X-28.52135 Y10.67677
G01 X-28.51995 Y10.67652
G01 X-28.51995 Y10.61353
G01 X-28.52140 Y10.61327
G01 X-28.51995 Y10.61353
G01 X-28.06118 Y9.31391
G01 X-28.05783 Y9.30070
G01 X-28.05191 Y9.28640
G01 X-28.00355 Y9.12694
G01 X-27.99997 Y9.10901
G01 X-27.99997 Y8.99275
G01 X-28.00652 Y8.89016
G01 X-28.01536 Y8.81203
G01 X-28.04190 Y8.64973
G01 X-28.05760 Y8.57640
G01 X-28.09989 Y8.41749
G01 X-28.11802 Y8.35885
G01 X-28.12557 Y8.33814
G01 X-28.24030 Y8.02570
G01 X-28.32775 Y7.85684
G01 X-28.57507 Y7.51887
G01 X-28.57830 Y7.51384
G01 X-28.57855 Y7.51399
G01 X-28.57830 Y7.51384
G01 X-28.58091 Y7.50848
G01 X-28.60314 Y7.45478
G01 X-28.61782 Y7.42166
G01 X-28.62092 Y7.41503
G04 P0 ( dwell for no time -- G64 should not smooth over this point )
G00 Z5.00000 ( retract )

G00 X-34.77303 Y3.36002 ( rapid move to begin. )
G01 F150.00000
( Mill infeed pass 1/1 )
G01 Z-0.06000
G04 P0 ( dwell for no time -- G64 should not smooth over this point )
G01 F300.00000
G01 X-34.77303 Y3.36002
G01 X-34.67280 Y3.37135
G01 X-34.58850 Y3.36922
G01 X-34.50140 Y3.34504
G01 X-34.49152 Y3.33904
G01 X-34.37587 Y3.26899
G01 X-34.49152 Y3.33904
G01 X-34.49020 Y3.33655
G01 X-34.47882 Y3.29904
G01 X-34.47498 Y3.26002
G01 X-34.47498 Y2.21001
G01 X-34.47882 Y2.17100
G01 X-34.49020 Y2.13348
G01 X-34.50869 Y2.09889
G01 X-34.53356 Y2.06859
G01 X-34.56388 Y2.04372
G01 X-34.59845 Y2.02523
G01 X-34.63597 Y2.01385
G01 X-34.67498 Y2.01001
G01 X-36.17498 Y2.01001
G01 X-36.21400 Y2.01385
G01 X-36.25151 Y2.02523
G01 X-36.28611 Y2.04372
G01 X-36.31641 Y2.06859
G01 X-36.34127 Y2.09889
G01 X-36.34844 Y2.11227
G01 X-36.34648 Y2.11461
G01 X-36.34844 Y2.11227
G01 X-36.56279 Y2.21621
G01 X-36.56233 Y2.22474
G01 X-36.56279 Y2.21621
G01 X-37.01928 Y2.05101
G01 X-37.02166 Y2.05037
G01 X-37.03627 Y2.04517
G01 X-37.08316 Y2.03092
G01 X-37.12161 Y2.02327
G01 X-37.17038 Y2.01847
G01 X-37.18999 Y2.01751
G01 X-38.13998 Y2.01751
G01 X-38.15958 Y2.01847
G01 X-38.20835 Y2.02327
G01 X-38.24681 Y2.03092
G01 X-38.29372 Y2.04517
G01 X-38.30868 Y2.05050
G01 X-38.31069 Y2.05101
G01 X-38.66497 Y2.17923
G01 X-38.66497 Y2.18492
G01 X-38.66497 Y2.17923
G01 X-39.01927 Y2.05101
G01 X-39.02732 Y2.04885
G01 X-39.03627 Y2.04517
G01 X-39.08315 Y2.03092
G01 X-39.12161 Y2.02327
G01 X-39.17038 Y2.01847
G01 X-39.18999 Y2.01751
G01 X-40.14000 Y2.01751
G01 X-40.15958 Y2.01847
G01 X-40.20837 Y2.02327
G01 X-40.24680 Y2.03092
G01 X-40.29372 Y2.04517
G01 X-40.32994 Y2.06015
G01 X-40.37317 Y2.08327
G01 X-40.38998 Y2.09335
G01 X-40.40576 Y2.10503
G01 X-40.44365 Y2.13612
G01 X-40.45818 Y2.14931
G01 X-40.47137 Y2.16386
G01 X-40.49527 Y2.19297
G01 X-40.49501 Y2.19330
G01 X-40.49527 Y2.19297
G01 X-40.66888 Y2.30569
G01 X-40.66816 Y2.30745
G01 X-40.66888 Y2.30569
G01 X-40.67457 Y2.30597
G01 X-40.73311 Y2.31174
G01 X-40.75252 Y2.31464
G01 X-40.77154 Y2.31939
G01 X-40.82783 Y2.33648
G01 X-40.86405 Y2.35147
G01 X-40.91592 Y2.37920
G01 X-40.93276 Y2.38929
G01 X-40.94853 Y2.40097
G01 X-40.99397 Y2.43828
G01 X-41.00852 Y2.45147
G01 X-41.47853 Y2.92147
G01 X-41.49171 Y2.93602
G01 X-41.52902 Y2.98146
G01 X-41.54071 Y2.99724
G01 X-41.55079 Y3.01408
G01 X-41.57853 Y3.06594
G01 X-41.59351 Y3.10216
G01 X-41.61061 Y3.15845
G01 X-41.61536 Y3.17747
G01 X-41.61825 Y3.19688
G01 X-41.62402 Y3.25543
G01 X-41.62498 Y3.27501
G01 X-41.62498 Y5.67500
G01 X-41.62402 Y5.69461
G01 X-41.61825 Y5.75314
G01 X-41.61061 Y5.79159
G01 X-41.59351 Y5.84788
G01 X-41.57853 Y5.88410
G01 X-41.55079 Y5.93596
G01 X-41.52902 Y5.96855
G01 X-41.49171 Y6.01402
G01 X-41.47853 Y6.02857
G01 X-40.11965 Y7.38747
G01 X-40.09854 Y7.38359
G01 X-40.11965 Y7.38747
G01 X-40.56783 Y8.38694
G01 X-40.56910 Y8.39062
G01 X-40.57505 Y8.40319
G01 X-40.58168 Y8.42168
G01 X-40.63004 Y8.58112
G01 X-40.63768 Y8.61958
G01 X-40.65402 Y8.78541
G01 X-40.65498 Y8.80502
G01 X-40.65402 Y8.82460
G01 X-40.63768 Y8.99044
G01 X-40.63004 Y9.02890
G01 X-40.58168 Y9.18836
G01 X-40.57629 Y9.20337
G01 X-40.57518 Y9.20733
G01 X-40.10500 Y10.53926
G01 X-40.10360 Y10.53903
G01 X-40.10500 Y10.53926
G01 X-40.10500 Y10.67080
G01 X-40.10355 Y10.67106
G01 X-40.10500 Y10.67080
G01 X-40.57518 Y12.00270
G01 X-40.57591 Y12.00557
G01 X-40.58168 Y12.02168
G01 X-40.63004 Y12.18114
G01 X-40.63768 Y12.21959
G01 X-40.65402 Y12.38541
G01 X-40.65498 Y12.40501
G01 X-40.65402 Y12.42462
G01 X-40.63768 Y12.59043
G01 X-40.63004 Y12.62889
G01 X-40.58168 Y12.78835
G01 X-40.57505 Y12.80684
G01 X-40.56667 Y12.82457
G01 X-40.48813 Y12.97154
G01 X-40.46634 Y13.00412
G01 X-40.36062 Y13.13293
G01 X-40.34744 Y13.14748
G01 X-40.33291 Y13.16066
G01 X-40.20411 Y13.26635
G01 X-40.17149 Y13.28815
G01 X-40.02455 Y13.36668
G01 X-40.00680 Y13.37509
G01 X-39.98833 Y13.38169
G01 X-39.82887 Y13.43006
G01 X-39.80982 Y13.43483
G01 X-39.79042 Y13.43773
G01 X-39.62458 Y13.45406
G01 X-39.58539 Y13.45406
G01 X-39.41955 Y13.43773
G01 X-39.40015 Y13.43483
G01 X-39.38110 Y13.43006
G01 X-39.22166 Y13.38169
G01 X-39.18541 Y13.36668
G01 X-39.03848 Y13.28815
G01 X-39.02164 Y13.27806
G01 X-39.00586 Y13.26635
G01 X-38.87706 Y13.16066
G01 X-38.86253 Y13.14748
G01 X-38.84935 Y13.13293
G01 X-38.74363 Y13.00412
G01 X-38.72186 Y12.97154
G01 X-38.64330 Y12.82457
G01 X-38.63492 Y12.80684
G01 X-38.62829 Y12.78835
G01 X-38.57993 Y12.62889
G01 X-38.57228 Y12.59043
G01 X-38.55595 Y12.42462
G01 X-38.55499 Y12.40501
G01 X-38.55595 Y12.38541
G01 X-38.57228 Y12.21959
G01 X-38.57993 Y12.18114
G01 X-38.62829 Y12.02168
G01 X-38.63276 Y12.01091
G01 X-38.63479 Y12.00270
G01 X-39.10497 Y10.67073
G01 X-39.10637 Y10.67096
G01 X-39.10497 Y10.67073
G01 X-39.10497 Y10.53933
G01 X-39.10642 Y10.53908
G01 X-39.10497 Y10.53933
G01 X-38.63479 Y9.20733
G01 X-38.63261 Y9.19875
G01 X-38.62829 Y9.18836
G01 X-38.57993 Y9.02890
G01 X-38.57228 Y8.99044
G01 X-38.55595 Y8.82460
G01 X-38.55499 Y8.80502
G01 X-38.55595 Y8.78541
G01 X-38.57228 Y8.61958
G01 X-38.57993 Y8.58112
G01 X-38.62829 Y8.42168
G01 X-38.63429 Y8.40726
G01 X-38.63888 Y8.39341
G01 X-39.10497 Y7.25130
G01 X-39.10665 Y7.25163
G01 X-39.10497 Y7.25130
G01 X-39.10497 Y7.19502
G01 X-39.10594 Y7.17543
G01 X-39.10662 Y7.16860
G01 X-39.12204 Y7.13599
G01 X-39.09611 Y7.19083
G01 X-39.08554 Y7.21465
G01 X-39.06911 Y7.25435
G01 X-39.06456 Y7.26289
G01 X-38.87703 Y7.54511
G01 X-38.54630 Y8.35564
G01 X-38.53954 Y8.37591
G01 X-38.53261 Y8.39265
G01 X-38.48425 Y8.55209
G01 X-38.47277 Y8.60977
G01 X-38.45643 Y8.77561
G01 X-38.45499 Y8.80502
G01 X-38.45643 Y8.83441
G01 X-38.47277 Y9.00025
G01 X-38.48425 Y9.05793
G01 X-38.53261 Y9.21739
G01 X-38.53774 Y9.22976
G01 X-38.54048 Y9.24061
G01 X-39.00497 Y10.55648
G01 X-39.00642 Y10.55622
G01 X-39.00497 Y10.55648
G01 X-39.00497 Y10.65358
G01 X-39.00637 Y10.65384
G01 X-39.00497 Y10.65358
G01 X-38.54048 Y11.96943
G01 X-38.53792 Y11.97979
G01 X-38.53261 Y11.99265
G01 X-38.48425 Y12.15211
G01 X-38.47277 Y12.20979
G01 X-38.45643 Y12.37560
G01 X-38.45499 Y12.40501
G01 X-38.45643 Y12.43443
G01 X-38.47277 Y12.60024
G01 X-38.48425 Y12.65792
G01 X-38.53261 Y12.81738
G01 X-38.54252 Y12.84509
G01 X-38.55511 Y12.87171
G01 X-38.63365 Y13.01868
G01 X-38.66634 Y13.06757
G01 X-38.77205 Y13.19638
G01 X-38.79182 Y13.21820
G01 X-38.81363 Y13.23796
G01 X-38.94244 Y13.34367
G01 X-38.99133 Y13.37634
G01 X-39.13830 Y13.45490
G01 X-39.19263 Y13.47740
G01 X-39.35206 Y13.52576
G01 X-39.38064 Y13.53293
G01 X-39.40975 Y13.53724
G01 X-39.57558 Y13.55358
G01 X-39.60500 Y13.55502
G01 X-39.63438 Y13.55358
G01 X-39.80022 Y13.53724
G01 X-39.85790 Y13.52576
G01 X-40.01737 Y13.47740
G01 X-40.04508 Y13.46747
G01 X-40.07170 Y13.45490
G01 X-40.21864 Y13.37634
G01 X-40.26753 Y13.34367
G01 X-40.39633 Y13.23796
G01 X-40.41815 Y13.21820
G01 X-40.43794 Y13.19638
G01 X-40.54363 Y13.06757
G01 X-40.57632 Y13.01868
G01 X-40.65486 Y12.87171
G01 X-40.66745 Y12.84509
G01 X-40.67736 Y12.81738
G01 X-40.72575 Y12.65792
G01 X-40.73720 Y12.60024
G01 X-40.75353 Y12.43443
G01 X-40.75498 Y12.40501
G01 X-40.75353 Y12.37560
G01 X-40.73720 Y12.20979
G01 X-40.72575 Y12.15211
G01 X-40.67736 Y11.99265
G01 X-40.67053 Y11.97349
G01 X-40.66949 Y11.96943
G01 X-40.20500 Y10.65366
G01 X-40.20355 Y10.65391
G01 X-40.20500 Y10.65366
G01 X-40.20500 Y10.55638
G01 X-40.20360 Y10.55615
G01 X-40.20500 Y10.55638
G01 X-40.66949 Y9.24061
G01 X-40.67106 Y9.23502
G01 X-40.67736 Y9.21739
G01 X-40.72575 Y9.05793
G01 X-40.73720 Y9.00025
G01 X-40.75353 Y8.83441
G01 X-40.75498 Y8.80502
G01 X-40.75353 Y8.77561
G01 X-40.73720 Y8.60977
G01 X-40.72575 Y8.55209
G01 X-40.67736 Y8.39265
G01 X-40.66743 Y8.36492
G01 X-40.66065 Y8.35056
G01 X-40.65907 Y8.34602
G01 X-40.23908 Y7.40944
G01 X-40.21800 Y7.40556
G01 X-40.23908 Y7.40944
G01 X-41.54924 Y6.09929
G01 X-41.56900 Y6.07747
G01 X-41.60631 Y6.03200
G01 X-41.63898 Y5.98311
G01 X-41.66672 Y5.93124
G01 X-41.68922 Y5.87691
G01 X-41.70629 Y5.82062
G01 X-41.71777 Y5.76294
G01 X-41.72353 Y5.70442
G01 X-41.72498 Y5.67500
G01 X-41.72498 Y3.27501
G01 X-41.72353 Y3.24562
G01 X-41.71777 Y3.18710
G01 X-41.71345 Y3.15797
G01 X-41.70629 Y3.12942
G01 X-41.68922 Y3.07313
G01 X-41.66672 Y3.01880
G01 X-41.63898 Y2.96693
G01 X-41.62387 Y2.94169
G01 X-41.60631 Y2.91804
G01 X-41.56900 Y2.87257
G01 X-41.54924 Y2.85075
G01 X-41.07924 Y2.38075
G01 X-41.05742 Y2.36099
G01 X-41.01195 Y2.32368
G01 X-40.98831 Y2.30613
G01 X-40.96306 Y2.29101
G01 X-40.91119 Y2.26328
G01 X-40.85686 Y2.24077
G01 X-40.80057 Y2.22370
G01 X-40.77203 Y2.21654
G01 X-40.74289 Y2.21222
G01 X-40.70240 Y2.20824
G01 X-40.70174 Y2.20984
G01 X-40.70240 Y2.20824
G01 X-40.56260 Y2.11773
G01 X-40.54866 Y2.10041
G01 X-40.52890 Y2.07859
G01 X-40.50708 Y2.05883
G01 X-40.46921 Y2.02774
G01 X-40.44556 Y2.01022
G01 X-40.42029 Y1.99508
G01 X-40.37708 Y1.97196
G01 X-40.32275 Y1.94946
G01 X-40.27584 Y1.93524
G01 X-40.21815 Y1.92376
G01 X-40.16938 Y1.91895
G01 X-40.14000 Y1.91751
G01 X-39.18999 Y1.91751
G01 X-39.16057 Y1.91895
G01 X-39.11181 Y1.92376
G01 X-39.05412 Y1.93524
G01 X-39.00723 Y1.94946
G01 X-38.99613 Y1.95406
G01 X-38.98524 Y1.95698
G01 X-38.66497 Y2.07288
G01 X-38.66504 Y2.07875
G01 X-38.66497 Y2.07288
G01 X-38.34473 Y1.95698
G01 X-38.34147 Y1.95617
G01 X-38.32275 Y1.94946
G01 X-38.27584 Y1.93524
G01 X-38.21816 Y1.92376
G01 X-38.16939 Y1.91895
G01 X-38.13998 Y1.91751
G01 X-37.18999 Y1.91751
G01 X-37.16058 Y1.91895
G01 X-37.11181 Y1.92376
G01 X-37.05413 Y1.93524
G01 X-37.00724 Y1.94946
G01 X-36.98908 Y1.95596
G01 X-36.98524 Y1.95698
G01 X-36.56843 Y2.10783
G01 X-36.56800 Y2.11634
G01 X-36.56843 Y2.10783
G01 X-36.41714 Y2.03445
G01 X-36.41638 Y2.03554
G01 X-36.41714 Y2.03445
G01 X-36.38712 Y1.99787
G01 X-36.34166 Y1.96056
G01 X-36.28979 Y1.93285
G01 X-36.23350 Y1.91578
G01 X-36.17498 Y1.91001
G01 X-34.67498 Y1.91001
G01 X-34.61646 Y1.91578
G01 X-34.56018 Y1.93285
G01 X-34.50831 Y1.96056
G01 X-34.46284 Y1.99787
G01 X-34.42556 Y2.04334
G01 X-34.39782 Y2.09520
G01 X-34.38075 Y2.15149
G01 X-34.37498 Y2.21001
G01 X-34.37498 Y3.26002
G01 X-34.37587 Y3.26899
G01 X-34.29325 Y3.21895
G01 X-34.27498 Y3.20440
G01 X-34.27498 Y2.21001
G01 X-34.37498 Y2.21001
G01 X-34.47498 Y2.21001
G01 X-34.57498 Y2.21001
G01 X-34.47498 Y2.21001
G01 X-34.37498 Y2.21001
G01 X-34.27498 Y2.21001
G01 X-34.28268 Y2.13198
G01 X-34.30544 Y2.05693
G01 X-34.34240 Y1.98779
G01 X-34.39215 Y1.92716
G01 X-34.45276 Y1.87743
G01 X-34.52192 Y1.84047
G01 X-34.59696 Y1.81771
G01 X-34.67498 Y1.81001
G01 X-36.17498 Y1.81001
G01 X-36.25301 Y1.81771
G01 X-36.32804 Y1.84047
G01 X-36.39721 Y1.87743
G01 X-36.45781 Y1.92716
G01 X-36.47948 Y1.95355
G01 X-36.47887 Y1.95446
G01 X-36.47948 Y1.95355
G01 X-36.57409 Y1.99942
G01 X-36.57363 Y2.00780
G01 X-36.57409 Y1.99942
G01 X-36.95123 Y1.86295
G01 X-36.95646 Y1.86155
G01 X-36.97821 Y1.85378
G01 X-37.02509 Y1.83953
G01 X-37.10200 Y1.82424
G01 X-37.15077 Y1.81944
G01 X-37.18999 Y1.81751
G01 X-38.13998 Y1.81751
G01 X-38.17919 Y1.81944
G01 X-38.22796 Y1.82424
G01 X-38.30487 Y1.83953
G01 X-38.35176 Y1.85378
G01 X-38.37427 Y1.86180
G01 X-38.37876 Y1.86295
G01 X-38.66497 Y1.96653
G01 X-38.66497 Y1.97270
G01 X-38.66497 Y1.96653
G01 X-38.95123 Y1.86295
G01 X-38.96492 Y1.85926
G01 X-38.97820 Y1.85378
G01 X-39.02509 Y1.83953
G01 X-39.10200 Y1.82424
G01 X-39.15077 Y1.81944
G01 X-39.18999 Y1.81751
G01 X-40.14000 Y1.81751
G01 X-40.17919 Y1.81944
G01 X-40.22796 Y1.82424
G01 X-40.30487 Y1.83953
G01 X-40.35178 Y1.85378
G01 X-40.42422 Y1.88378
G01 X-40.46743 Y1.90689
G01 X-40.50111 Y1.92706
G01 X-40.53263 Y1.95045
G01 X-40.57053 Y1.98154
G01 X-40.59961 Y2.00791
G01 X-40.62598 Y2.03699
G01 X-40.63019 Y2.04212
G01 X-40.63001 Y2.04235
G01 X-40.63019 Y2.04212
G01 X-40.73644 Y2.11111
G01 X-40.73583 Y2.11255
G01 X-40.73644 Y2.11111
G01 X-40.75270 Y2.11271
G01 X-40.79153 Y2.11847
G01 X-40.82961 Y2.12800
G01 X-40.88589 Y2.14509
G01 X-40.95833 Y2.17509
G01 X-41.01020 Y2.20280
G01 X-41.04386 Y2.22299
G01 X-41.07540 Y2.24639
G01 X-41.12087 Y2.28367
G01 X-41.14995 Y2.31004
G01 X-41.61995 Y2.78004
G01 X-41.64632 Y2.80912
G01 X-41.68361 Y2.85459
G01 X-41.70700 Y2.88614
G01 X-41.72719 Y2.91979
G01 X-41.75490 Y2.97166
G01 X-41.78490 Y3.04410
G01 X-41.80200 Y3.10038
G01 X-41.81152 Y3.13846
G01 X-41.81729 Y3.17730
G01 X-41.82305 Y3.23582
G01 X-41.82498 Y3.27501
G01 X-41.82498 Y5.67500
G01 X-41.82305 Y5.71422
G01 X-41.81729 Y5.77274
G01 X-41.80200 Y5.84966
G01 X-41.78490 Y5.90594
G01 X-41.75490 Y5.97838
G01 X-41.72719 Y6.03025
G01 X-41.68363 Y6.09545
G01 X-41.64632 Y6.14089
G01 X-41.61995 Y6.17000
G01 X-40.35854 Y7.43141
G01 X-40.33746 Y7.42753
G01 X-40.35854 Y7.43141
G01 X-40.75033 Y8.30510
G01 X-40.75221 Y8.31051
G01 X-40.75983 Y8.32664
G01 X-40.77307 Y8.36362
G01 X-40.82143 Y8.52308
G01 X-40.83672 Y8.59997
G01 X-40.85305 Y8.76580
G01 X-40.85498 Y8.80502
G01 X-40.85305 Y8.84421
G01 X-40.83672 Y9.01005
G01 X-40.82143 Y9.08696
G01 X-40.77307 Y9.24640
G01 X-40.76583 Y9.26664
G01 X-40.76377 Y9.27391
G01 X-40.30500 Y10.57352
G01 X-40.30360 Y10.57329
G01 X-40.30500 Y10.57352
G01 X-40.30500 Y10.63654
G01 X-40.30360 Y10.63677
G01 X-40.30500 Y10.63654
G01 X-40.76377 Y11.93613
G01 X-40.76512 Y11.94144
G01 X-40.77307 Y11.96361
G01 X-40.82143 Y12.12307
G01 X-40.83672 Y12.19999
G01 X-40.85305 Y12.36580
G01 X-40.85498 Y12.40501
G01 X-40.85305 Y12.44423
G01 X-40.83672 Y12.61004
G01 X-40.82143 Y12.68695
G01 X-40.77307 Y12.84642
G01 X-40.75983 Y12.88337
G01 X-40.74304 Y12.91886
G01 X-40.66451 Y13.06580
G01 X-40.62095 Y13.13100
G01 X-40.51523 Y13.25980
G01 X-40.48887 Y13.28891
G01 X-40.45978 Y13.31525
G01 X-40.33098 Y13.42096
G01 X-40.26578 Y13.46452
G01 X-40.11884 Y13.54309
G01 X-40.08333 Y13.55985
G01 X-40.04637 Y13.57308
G01 X-39.88694 Y13.62145
G01 X-39.81003 Y13.63676
G01 X-39.64419 Y13.65309
G01 X-39.56578 Y13.65309
G01 X-39.39994 Y13.63676
G01 X-39.36113 Y13.63100
G01 X-39.32306 Y13.62145
G01 X-39.16360 Y13.57308
G01 X-39.09116 Y13.54309
G01 X-38.94419 Y13.46452
G01 X-38.87899 Y13.42096
G01 X-38.75019 Y13.31525
G01 X-38.72110 Y13.28891
G01 X-38.69474 Y13.25980
G01 X-38.58902 Y13.13100
G01 X-38.54546 Y13.06580
G01 X-38.46692 Y12.91886
G01 X-38.45014 Y12.88337
G01 X-38.43690 Y12.84642
G01 X-38.38854 Y12.68695
G01 X-38.38498 Y12.66902
G01 X-38.38498 Y12.14101
G01 X-38.38854 Y12.12307
G01 X-38.43690 Y11.96361
G01 X-38.44310 Y11.94870
G01 X-38.44620 Y11.93613
G01 X-38.90497 Y10.63646
G01 X-38.90637 Y10.63669
G01 X-38.90497 Y10.63646
G01 X-38.90497 Y10.57360
G01 X-38.90642 Y10.57334
G01 X-38.90497 Y10.57360
G01 X-38.44620 Y9.27391
G01 X-38.44285 Y9.26075
G01 X-38.43690 Y9.24640
G01 X-38.38854 Y9.08696
G01 X-38.38498 Y9.06900
G01 X-38.38498 Y8.98638
G01 X-38.39479 Y8.85031
G01 X-38.40421 Y8.77281
G01 X-38.43210 Y8.61058
G01 X-38.44815 Y8.53858
G01 X-38.49184 Y8.37965
G01 X-38.50398 Y8.33985
G01 X-38.65295 Y7.88244
G01 X-38.87703 Y7.54511
G01 X-39.06456 Y7.26289
G01 X-39.06911 Y7.25435
G01 X-39.08554 Y7.21465
G01 X-39.09611 Y7.19083
G01 X-39.12204 Y7.13599
G01 X-39.14287 Y7.09695
G01 X-39.17284 Y7.04701
G01 X-39.19382 Y7.01557
G01 X-39.22776 Y6.96980
G01 X-39.24968 Y6.94310
G01 X-39.28800 Y6.90078
G01 X-39.29959 Y6.88864
G01 X-40.04157 Y6.14663
G01 X-40.04244 Y6.14574
G01 X-40.05481 Y6.13276
G01 X-40.05564 Y6.13185
G01 X-40.09519 Y6.08821
G01 X-40.09679 Y6.08636
G01 X-40.12026 Y6.05773
G01 X-40.12179 Y6.05580
G01 X-40.15719 Y6.00805
G01 X-40.15862 Y6.00602
G01 X-40.18097 Y5.97252
G01 X-40.18226 Y5.97048
G01 X-40.21345 Y5.91849
G01 X-40.21467 Y5.91633
G01 X-40.23667 Y5.87508
G01 X-40.23776 Y5.87292
G01 X-40.24538 Y5.85684
G01 X-40.28777 Y5.80513
G01 X-40.38564 Y5.70726
G01 X-40.42305 Y5.67950
G01 X-40.38564 Y5.70726
G01 X-40.28777 Y5.80513
G01 X-40.24538 Y5.85684
G01 X-40.34609 Y5.73396
G01 X-40.38127 Y5.71041
G01 X-40.38325 Y5.70902
G01 X-40.42305 Y5.67950
G01 X-40.42499 Y5.67800
G01 X-40.46159 Y5.64798
G01 X-40.46344 Y5.64635
G01 X-40.49979 Y5.61341
G01 X-40.50157 Y5.61173
G01 X-40.53418 Y5.57912
G01 X-40.53586 Y5.57734
G01 X-40.56880 Y5.54099
G01 X-40.57043 Y5.53914
G01 X-40.60045 Y5.50254
G01 X-40.60195 Y5.50061
G01 X-40.61843 Y5.47838
G01 X-40.62346 Y5.46998
G01 X-40.62379 Y5.46911
G01 X-40.62496 Y5.46792
G01 X-40.62496 Y5.46579
G01 X-40.62676 Y5.46073
G01 X-40.62496 Y5.46579
G01 X-40.62496 Y5.46792
G01 X-40.62879 Y5.46965
G01 X-40.62496 Y5.46792
G01 X-40.62379 Y5.46911
G01 X-40.62346 Y5.46998
G01 X-40.62676 Y5.46073
G01 X-40.63220 Y5.43909
G01 X-40.63273 Y5.43673
G01 X-40.64198 Y5.39032
G01 X-40.64241 Y5.38788
G01 X-40.64967 Y5.33889
G01 X-40.64998 Y5.33645
G01 X-40.65430 Y5.29281
G01 X-40.65447 Y5.29035
G01 X-40.65689 Y5.24130
G01 X-40.65691 Y5.24008
G01 X-40.65745 Y5.21874
G01 X-40.65747 Y5.21750
G01 X-40.65747 Y4.54252
G01 X-40.65745 Y4.54130
G01 X-40.65691 Y4.51994
G01 X-40.65686 Y4.51872
G01 X-40.65447 Y4.46972
G01 X-40.65430 Y4.46726
G01 X-40.64998 Y4.42365
G01 X-40.64967 Y4.42124
G01 X-40.64241 Y4.37221
G01 X-40.64200 Y4.36975
G01 X-40.63273 Y4.32332
G01 X-40.63220 Y4.32096
G01 X-40.62496 Y4.29210
G01 X-40.61990 Y4.27193
G01 X-40.61924 Y4.26952
G01 X-40.60367 Y4.21831
G01 X-40.60291 Y4.21603
G01 X-40.58539 Y4.16703
G01 X-40.58447 Y4.16470
G01 X-40.56019 Y4.10625
G01 X-40.55922 Y4.10407
G01 X-40.53606 Y4.05507
G01 X-40.53492 Y4.05281
G01 X-40.52496 Y4.03424
G01 X-40.49791 Y3.98377
G01 X-40.49674 Y3.98169
G01 X-40.46735 Y3.93267
G01 X-40.46601 Y3.93053
G01 X-40.42496 Y3.86934
G01 X-40.42496 Y3.73470
G01 X-40.46519 Y3.68075
G01 X-40.42496 Y3.73470
G01 X-40.35539 Y3.75522
G01 X-40.35333 Y3.75563
G01 X-40.35178 Y3.75626
G01 X-40.30487 Y3.77049
G01 X-40.22796 Y3.78578
G01 X-40.17919 Y3.79058
G01 X-40.14000 Y3.79251
G01 X-39.18999 Y3.79251
G01 X-39.15077 Y3.79058
G01 X-39.10200 Y3.78578
G01 X-39.02509 Y3.77049
G01 X-38.97820 Y3.75626
G01 X-38.95613 Y3.74836
G01 X-38.95120 Y3.74712
G01 X-38.66497 Y3.64351
G01 X-38.66494 Y3.63737
G01 X-38.66497 Y3.64351
G01 X-38.37874 Y3.74712
G01 X-38.37333 Y3.74854
G01 X-38.35176 Y3.75626
G01 X-38.30487 Y3.77049
G01 X-38.22796 Y3.78578
G01 X-38.17919 Y3.79058
G01 X-38.13998 Y3.79251
G01 X-37.18999 Y3.79251
G01 X-37.15077 Y3.79058
G01 X-37.10200 Y3.78578
G01 X-37.02509 Y3.77049
G01 X-36.97821 Y3.75626
G01 X-36.96391 Y3.75035
G01 X-36.95121 Y3.74712
G01 X-36.58636 Y3.61506
G01 X-36.53955 Y3.57023
G01 X-36.53769 Y3.56853
G01 X-36.52819 Y3.56030
G01 X-36.52179 Y3.55560
G01 X-36.52261 Y3.55436
G01 X-36.52179 Y3.55560
G01 X-36.51476 Y3.55200
G01 X-36.40630 Y3.50658
G01 X-36.40411 Y3.50572
G01 X-36.40328 Y3.50539
G01 X-36.33150 Y3.47930
G01 X-36.32908 Y3.47849
G01 X-36.26690 Y3.45936
G01 X-36.23922 Y3.44958
G01 X-36.26690 Y3.45936
G01 X-36.32908 Y3.47849
G01 X-36.33150 Y3.47930
G01 X-36.40328 Y3.50539
G01 X-36.49911 Y3.47714
G01 X-36.49926 Y3.47191
G01 X-36.49911 Y3.47714
G01 X-36.98524 Y3.65309
G01 X-36.99538 Y3.65565
G01 X-37.00724 Y3.66056
G01 X-37.05413 Y3.67478
G01 X-37.11181 Y3.68626
G01 X-37.16058 Y3.69106
G01 X-37.18999 Y3.69251
G01 X-38.13998 Y3.69251
G01 X-38.16939 Y3.69106
G01 X-38.21816 Y3.68626
G01 X-38.27584 Y3.67478
G01 X-38.32275 Y3.66056
G01 X-38.34069 Y3.65416
G01 X-38.34470 Y3.65309
G01 X-38.66497 Y3.53716
G01 X-38.66502 Y3.53142
G01 X-38.66497 Y3.53716
G01 X-38.98524 Y3.65309
G01 X-38.98892 Y3.65403
G01 X-39.00723 Y3.66056
G01 X-39.05412 Y3.67478
G01 X-39.11181 Y3.68626
G01 X-39.16057 Y3.69106
G01 X-39.18999 Y3.69251
G01 X-40.14000 Y3.69251
G01 X-40.16938 Y3.69106
G01 X-40.21815 Y3.68626
G01 X-40.27584 Y3.67478
G01 X-40.32275 Y3.66056
G01 X-40.32466 Y3.65977
G01 X-40.32712 Y3.65931
G01 X-40.52496 Y3.60097
G01 X-40.56514 Y3.54717
G01 X-40.52496 Y3.60097
G01 X-40.52496 Y4.03424
G01 X-40.53492 Y4.05281
G01 X-40.53606 Y4.05507
G01 X-40.55922 Y4.10407
G01 X-40.56019 Y4.10625
G01 X-40.58447 Y4.16470
G01 X-40.58539 Y4.16703
G01 X-40.60291 Y4.21603
G01 X-40.60367 Y4.21831
G01 X-40.61924 Y4.26952
G01 X-40.61978 Y4.26937
G01 X-40.61924 Y4.26952
G01 X-40.61990 Y4.27193
G01 X-40.62496 Y4.29210
G01 X-40.62496 Y3.48212
G01 X-40.63258 Y3.47897
G01 X-40.62496 Y3.48212
G01 X-40.61348 Y3.47064
G01 X-40.61749 Y3.45479
G01 X-40.61348 Y3.47064
G01 X-40.29885 Y3.56338
G01 X-40.29600 Y3.56393
G01 X-40.29372 Y3.56487
G01 X-40.24680 Y3.57910
G01 X-40.20837 Y3.58674
G01 X-40.15958 Y3.59154
G01 X-40.14000 Y3.59251
G01 X-39.18999 Y3.59251
G01 X-39.17038 Y3.59154
G01 X-39.12161 Y3.58674
G01 X-39.08315 Y3.57910
G01 X-39.03627 Y3.56487
G01 X-39.02171 Y3.55967
G01 X-39.01927 Y3.55906
G01 X-38.66497 Y3.43081
G01 X-38.66502 Y3.42482
G01 X-38.66497 Y3.43081
G01 X-38.31066 Y3.55906
G01 X-38.30805 Y3.55974
G01 X-38.29372 Y3.56487
G01 X-38.24681 Y3.57910
G01 X-38.20835 Y3.58674
G01 X-38.15958 Y3.59154
G01 X-38.13998 Y3.59251
G01 X-37.18999 Y3.59251
G01 X-37.17038 Y3.59154
G01 X-37.12161 Y3.58674
G01 X-37.08316 Y3.57910
G01 X-37.03627 Y3.56487
G01 X-37.02685 Y3.56096
G01 X-37.01928 Y3.55906
G01 X-36.50226 Y3.37194
G01 X-36.50244 Y3.36670
G01 X-36.50226 Y3.37194
G01 X-36.23922 Y3.44958
G01 X-36.21638 Y3.44153
G01 X-36.19398 Y3.43231
G01 X-36.19291 Y3.43188
G01 X-36.17290 Y3.42418
G01 X-36.17181 Y3.42378
G01 X-36.06889 Y3.38695
G01 X-36.06657 Y3.38619
G01 X-36.03348 Y3.37610
G01 X-36.03106 Y3.37544
G01 X-35.96947 Y3.36002
G01 X-34.77303 Y3.36002
G01 X-34.67498 Y3.36002
G01 X-34.65548 Y3.35809
G01 X-34.63673 Y3.35240
G01 X-34.61943 Y3.34316
G01 X-34.60427 Y3.33071
G01 X-34.59185 Y3.31557
G01 X-34.58260 Y3.29828
G01 X-34.57691 Y3.27953
G01 X-34.57498 Y3.26002
G01 X-34.57498 Y2.21001
G01 X-34.57691 Y2.19051
G01 X-34.58260 Y2.17174
G01 X-34.59185 Y2.15446
G01 X-34.60427 Y2.13930
G01 X-34.61943 Y2.12685
G01 X-34.63673 Y2.11763
G01 X-34.65548 Y2.11194
G01 X-34.67498 Y2.11001
G01 X-36.17498 Y2.11001
G01 X-36.19449 Y2.11194
G01 X-36.21326 Y2.11763
G01 X-36.23053 Y2.12685
G01 X-36.24569 Y2.13930
G01 X-36.25814 Y2.15446
G01 X-36.26736 Y2.17174
G01 X-36.27178 Y2.18624
G01 X-36.55712 Y2.32462
G01 X-37.05331 Y2.14504
G01 X-37.05527 Y2.14453
G01 X-37.05606 Y2.14415
G01 X-37.06528 Y2.14085
G01 X-37.11219 Y2.12662
G01 X-37.13142 Y2.12279
G01 X-37.18019 Y2.11799
G01 X-37.18999 Y2.11751
G01 X-38.13998 Y2.11751
G01 X-38.14978 Y2.11799
G01 X-38.19857 Y2.12279
G01 X-38.21778 Y2.12662
G01 X-38.26469 Y2.14085
G01 X-38.27394 Y2.14415
G01 X-38.27485 Y2.14458
G01 X-38.27665 Y2.14504
G01 X-38.66497 Y2.28558
G01 X-39.05331 Y2.14504
G01 X-39.05854 Y2.14364
G01 X-39.06530 Y2.14085
G01 X-39.11219 Y2.12662
G01 X-39.13141 Y2.12279
G01 X-39.18018 Y2.11799
G01 X-39.18999 Y2.11751
G01 X-40.14000 Y2.11751
G01 X-40.14980 Y2.11799
G01 X-40.19857 Y2.12279
G01 X-40.21780 Y2.12662
G01 X-40.26469 Y2.14085
G01 X-40.28280 Y2.14834
G01 X-40.32603 Y2.17146
G01 X-40.33443 Y2.17651
G01 X-40.34231 Y2.18235
G01 X-40.38021 Y2.21344
G01 X-40.39407 Y2.22729
G01 X-40.42516 Y2.26518
G01 X-40.42732 Y2.26808
G01 X-40.63822 Y2.40501
G01 X-40.65498 Y2.40501
G01 X-40.66476 Y2.40549
G01 X-40.72331 Y2.41126
G01 X-40.73301 Y2.41271
G01 X-40.74254 Y2.41509
G01 X-40.79880 Y2.43216
G01 X-40.81691 Y2.43965
G01 X-40.86877 Y2.46739
G01 X-40.87721 Y2.47242
G01 X-40.88508 Y2.47829
G01 X-40.93055 Y2.51557
G01 X-40.93781 Y2.52218
G01 X-41.40781 Y2.99218
G01 X-41.41442 Y2.99944
G01 X-41.45170 Y3.04491
G01 X-41.45757 Y3.05278
G01 X-41.46260 Y3.06122
G01 X-41.49034 Y3.11308
G01 X-41.49783 Y3.13119
G01 X-41.51490 Y3.18746
G01 X-41.51729 Y3.19698
G01 X-41.51873 Y3.20668
G01 X-41.52450 Y3.26523
G01 X-41.52498 Y3.27501
G01 X-41.52498 Y5.67500
G01 X-41.52450 Y5.68481
G01 X-41.51873 Y5.74336
G01 X-41.51490 Y5.76258
G01 X-41.49783 Y5.81885
G01 X-41.49034 Y5.83696
G01 X-41.46260 Y5.88882
G01 X-41.45170 Y5.90513
G01 X-41.41442 Y5.95059
G01 X-41.40781 Y5.95786
G01 X-40.00500 Y7.36070
G01 X-40.00500 Y7.37620
G01 X-40.47660 Y8.42786
G01 X-40.47766 Y8.43030
G01 X-40.47779 Y8.43060
G01 X-40.47843 Y8.43251
G01 X-40.48267 Y8.44145
G01 X-40.48597 Y8.45069
G01 X-40.53436 Y8.61015
G01 X-40.53817 Y8.62938
G01 X-40.55450 Y8.79522
G01 X-40.55498 Y8.80502
G01 X-40.55450 Y8.81483
G01 X-40.53817 Y8.98064
G01 X-40.53436 Y8.99986
G01 X-40.48597 Y9.15933
G01 X-40.48267 Y9.16857
G01 X-40.48206 Y9.16984
G01 X-40.48089 Y9.17403
G01 X-40.00500 Y10.52211
G01 X-40.00500 Y10.68792
G01 X-40.48089 Y12.03600
G01 X-40.48180 Y12.03964
G01 X-40.48267 Y12.04144
G01 X-40.48597 Y12.05071
G01 X-40.53436 Y12.21015
G01 X-40.53817 Y12.22937
G01 X-40.55450 Y12.39521
G01 X-40.55498 Y12.40501
G01 X-40.55450 Y12.41482
G01 X-40.53817 Y12.58063
G01 X-40.53436 Y12.59986
G01 X-40.48597 Y12.75932
G01 X-40.48267 Y12.76856
G01 X-40.47848 Y12.77743
G01 X-40.39994 Y12.92439
G01 X-40.38904 Y12.94067
G01 X-40.28333 Y13.06950
G01 X-40.27675 Y13.07677
G01 X-40.26946 Y13.08335
G01 X-40.14066 Y13.18906
G01 X-40.12435 Y13.19996
G01 X-39.97741 Y13.27849
G01 X-39.96855 Y13.28269
G01 X-39.95930 Y13.28601
G01 X-39.79984 Y13.33437
G01 X-39.79032 Y13.33676
G01 X-39.78061 Y13.33821
G01 X-39.61480 Y13.35454
G01 X-39.59519 Y13.35454
G01 X-39.42936 Y13.33821
G01 X-39.41965 Y13.33676
G01 X-39.41013 Y13.33437
G01 X-39.25067 Y13.28601
G01 X-39.23256 Y13.27849
G01 X-39.08562 Y13.19996
G01 X-39.06931 Y13.18906
G01 X-38.94051 Y13.08335
G01 X-38.93324 Y13.07677
G01 X-38.92664 Y13.06950
G01 X-38.82092 Y12.94067
G01 X-38.81005 Y12.92439
G01 X-38.73149 Y12.77743
G01 X-38.72730 Y12.76856
G01 X-38.72400 Y12.75932
G01 X-38.67564 Y12.59986
G01 X-38.67180 Y12.58063
G01 X-38.65547 Y12.41482
G01 X-38.65499 Y12.40501
G01 X-38.65547 Y12.39521
G01 X-38.67180 Y12.22937
G01 X-38.67564 Y12.21015
G01 X-38.72400 Y12.05071
G01 X-38.72760 Y12.04200
G01 X-38.72908 Y12.03600
G01 X-39.20497 Y10.68785
G01 X-39.20497 Y10.52221
G01 X-38.72908 Y9.17403
G01 X-38.72748 Y9.16776
G01 X-38.72400 Y9.15933
G01 X-38.67564 Y8.99986
G01 X-38.67180 Y8.98064
G01 X-38.65547 Y8.81483
G01 X-38.65499 Y8.80502
G01 X-38.65547 Y8.79522
G01 X-38.67180 Y8.62938
G01 X-38.67564 Y8.61015
G01 X-38.72400 Y8.45069
G01 X-38.72900 Y8.43860
G01 X-38.73147 Y8.43121
G01 X-39.20497 Y7.27091
G01 X-39.20497 Y7.19502
G01 X-39.20545 Y7.18524
G01 X-39.21122 Y7.12669
G01 X-39.21506 Y7.10746
G01 X-39.23212 Y7.05120
G01 X-39.23962 Y7.03309
G01 X-39.26735 Y6.98123
G01 X-39.27825 Y6.96492
G01 X-39.31554 Y6.91945
G01 X-39.32214 Y6.91219
G01 X-40.72496 Y5.50935
G01 X-40.72496 Y3.44072
G01 X-40.64218 Y3.35792
G01 X-40.27058 Y3.46747
G01 X-40.26687 Y3.46828
G01 X-40.26469 Y3.46917
G01 X-40.21780 Y3.48339
G01 X-40.19857 Y3.48723
G01 X-40.14980 Y3.49203
G01 X-40.14000 Y3.49251
G01 X-39.18999 Y3.49251
G01 X-39.18018 Y3.49203
G01 X-39.13141 Y3.48723
G01 X-39.11219 Y3.48339
G01 X-39.06530 Y3.46917
G01 X-39.05605 Y3.46587
G01 X-39.05534 Y3.46554
G01 X-39.05331 Y3.46503
G01 X-38.66497 Y3.32446
G01 X-38.27663 Y3.46503
G01 X-38.27457 Y3.46556
G01 X-38.27394 Y3.46587
G01 X-38.26469 Y3.46917
G01 X-38.21778 Y3.48339
G01 X-38.19857 Y3.48723
G01 X-38.14978 Y3.49203
G01 X-38.13998 Y3.49251
G01 X-37.18999 Y3.49251
G01 X-37.18019 Y3.49203
G01 X-37.13142 Y3.48723
G01 X-37.11219 Y3.48339
G01 X-37.06528 Y3.46917
G01 X-37.05832 Y3.46630
G01 X-37.05331 Y3.46503
G01 X-36.50544 Y3.26673
G01 X-36.20866 Y3.35433
G01 X-36.20414 Y3.35558
G01 X-36.20290 Y3.35588
G01 X-36.20051 Y3.35626
G01 X-36.19449 Y3.35809
G01 X-36.17498 Y3.36002
G01 X-35.96947 Y3.36002
G04 P0 ( dwell for no time -- G64 should not smooth over this point )
G00 Z5.00000 ( retract )

G00 X-35.87640 Y4.58679 ( rapid move to begin. )
G01 F150.00000
( Mill infeed pass 1/1 )
G01 Z-0.06000
G04 P0 ( dwell for no time -- G64 should not smooth over this point )
G01 F300.00000
G01 X-35.87640 Y4.58679
G01 X-35.87993 Y4.58575
G01 X-35.89804 Y4.57823
G01 X-35.98880 Y4.52972
G01 X-36.00511 Y4.51885
G01 X-36.08466 Y4.45354
G01 X-36.09192 Y4.44697
G01 X-36.09853 Y4.43968
G01 X-36.16380 Y4.36012
G01 X-36.16965 Y4.35225
G01 X-36.17470 Y4.34382
G01 X-36.22322 Y4.25306
G01 X-36.23071 Y4.23495
G01 X-36.26060 Y4.13648
G01 X-36.26441 Y4.11725
G01 X-36.27450 Y4.01481
G01 X-36.27498 Y4.00501
G01 X-36.27450 Y3.99520
G01 X-36.26441 Y3.89279
G01 X-36.26060 Y3.87356
G01 X-36.23071 Y3.77508
G01 X-36.22322 Y3.75697
G01 X-36.17470 Y3.66620
G01 X-36.16965 Y3.65779
G01 X-36.16380 Y3.64989
G01 X-36.09853 Y3.57034
G01 X-36.09192 Y3.56307
G01 X-36.08466 Y3.55649
G01 X-36.00511 Y3.49119
G01 X-35.98880 Y3.48029
G01 X-35.94531 Y3.45705
G01 X-35.89804 Y3.43178
G01 X-35.87993 Y3.42429
G01 X-35.78143 Y3.39442
G01 X-35.77191 Y3.39203
G01 X-35.76221 Y3.39058
G01 X-35.65979 Y3.38050
G01 X-35.64999 Y3.38001
G01 X-35.19998 Y3.38001
G01 X-35.19020 Y3.38050
G01 X-35.08776 Y3.39058
G01 X-35.07409 Y3.39330
G01 X-35.06716 Y3.39449
G01 X-34.78390 Y3.45941
G01 X-34.14875 Y3.60501
G01 X-33.99498 Y3.60501
G01 X-33.98713 Y3.60534
G01 X-33.94019 Y3.60902
G01 X-33.92469 Y3.61148
G01 X-33.87890 Y3.62246
G01 X-33.86399 Y3.62731
G01 X-33.82050 Y3.64534
G01 X-33.80651 Y3.65245
G01 X-33.76638 Y3.67707
G01 X-33.75368 Y3.68629
G01 X-33.71789 Y3.71684
G01 X-33.71212 Y3.72218
G01 X-33.24214 Y4.19218
G01 X-33.23554 Y4.19947
G01 X-33.19823 Y4.24491
G01 X-33.18736 Y4.26122
G01 X-33.15962 Y4.31308
G01 X-33.15213 Y4.33119
G01 X-33.13506 Y4.38748
G01 X-33.13122 Y4.40668
G01 X-33.12546 Y4.46523
G01 X-33.12497 Y4.47501
G01 X-33.12497 Y6.27500
G01 X-33.12546 Y6.28481
G01 X-33.13122 Y6.34335
G01 X-33.13267 Y6.35306
G01 X-33.13506 Y6.36258
G01 X-33.15213 Y6.41884
G01 X-33.15962 Y6.43695
G01 X-33.18736 Y6.48882
G01 X-33.19239 Y6.49725
G01 X-33.19825 Y6.50513
G01 X-33.23554 Y6.55059
G01 X-33.24214 Y6.55786
G01 X-34.05558 Y7.37132
G01 X-33.60717 Y7.88072
G01 X-33.60506 Y7.88366
G01 X-33.60427 Y7.88430
G01 X-33.59185 Y7.89946
G01 X-33.58261 Y7.91673
G01 X-33.57692 Y7.93550
G01 X-33.57499 Y7.95501
G01 X-33.57499 Y9.65501
G01 X-33.57692 Y9.67451
G01 X-33.58261 Y9.69328
G01 X-33.59185 Y9.71058
G01 X-33.59368 Y9.71282
G01 X-33.59614 Y9.71729
G01 X-34.12500 Y10.53458
G01 X-34.12500 Y10.67545
G01 X-33.59614 Y11.49277
G01 X-33.59363 Y11.49727
G01 X-33.59185 Y11.49945
G01 X-33.58261 Y11.51675
G01 X-33.57692 Y11.53550
G01 X-33.57499 Y11.55500
G01 X-33.57499 Y13.25503
G01 X-33.57692 Y13.27453
G01 X-33.58261 Y13.29328
G01 X-33.59185 Y13.31058
G01 X-33.60427 Y13.32571
G01 X-33.61944 Y13.33816
G01 X-33.63671 Y13.34740
G01 X-33.65548 Y13.35309
G01 X-33.67499 Y13.35503
G01 X-35.37498 Y13.35503
G01 X-35.39449 Y13.35309
G01 X-35.41326 Y13.34740
G01 X-35.43053 Y13.33816
G01 X-35.44570 Y13.32571
G01 X-35.45814 Y13.31058
G01 X-35.46739 Y13.29328
G01 X-35.47308 Y13.27453
G01 X-35.47498 Y13.25503
G01 X-35.47498 Y11.55500
G01 X-35.47308 Y11.53550
G01 X-35.46739 Y11.51675
G01 X-35.45814 Y11.49945
G01 X-35.45614 Y11.49702
G01 X-35.45380 Y11.49277
G01 X-34.92500 Y10.67550
G01 X-34.92500 Y10.53453
G01 X-35.45380 Y9.71729
G01 X-35.45581 Y9.71343
G01 X-35.45814 Y9.71058
G01 X-35.46739 Y9.69328
G01 X-35.47308 Y9.67451
G01 X-35.47498 Y9.65501
G01 X-35.47498 Y7.95501
G01 X-35.47346 Y7.93764
G01 X-35.46896 Y7.92082
G01 X-35.46160 Y7.90502
G01 X-35.45159 Y7.89072
G01 X-35.43927 Y7.87840
G01 X-35.42500 Y7.86842
G01 X-35.40920 Y7.86106
G01 X-35.39236 Y7.85653
G01 X-35.37498 Y7.85501
G01 X-35.36812 Y7.85501
G01 X-34.91821 Y7.20317
G01 X-34.91730 Y7.19697
G01 X-34.91491 Y7.18745
G01 X-34.89784 Y7.13119
G01 X-34.89035 Y7.11308
G01 X-34.86261 Y7.06121
G01 X-34.85758 Y7.05278
G01 X-34.85172 Y7.04490
G01 X-34.81443 Y6.99944
G01 X-34.80783 Y6.99217
G01 X-33.92500 Y6.10932
G01 X-33.92500 Y4.64069
G01 X-34.15842 Y4.40724
G01 X-34.96998 Y4.59330
G01 X-35.06716 Y4.61557
G01 X-35.07049 Y4.61610
G01 X-35.07803 Y4.61801
G01 X-35.08776 Y4.61943
G01 X-35.19020 Y4.62954
G01 X-35.19998 Y4.63002
G01 X-35.64999 Y4.63002
G01 X-35.65979 Y4.62954
G01 X-35.76221 Y4.61943
G01 X-35.77191 Y4.61801
G01 X-35.78143 Y4.61562
G01 X-35.87640 Y4.58679
G01 X-35.89223 Y4.58626
G01 X-35.92212 Y4.58374
G01 X-36.02860 Y4.56952
G01 X-36.07023 Y4.56180
G01 X-36.12647 Y4.54857
G01 X-36.14811 Y4.53084
G01 X-36.16264 Y4.51765
G01 X-36.17582 Y4.50313
G01 X-36.24112 Y4.42357
G01 X-36.25281 Y4.40780
G01 X-36.26289 Y4.39096
G01 X-36.31140 Y4.30020
G01 X-36.32642 Y4.26398
G01 X-36.35629 Y4.16548
G01 X-36.36393 Y4.12703
G01 X-36.37402 Y4.02461
G01 X-36.37498 Y4.00501
G01 X-36.37402 Y3.98540
G01 X-36.36393 Y3.88298
G01 X-36.35629 Y3.84453
G01 X-36.32642 Y3.74605
G01 X-36.31140 Y3.70983
G01 X-36.26289 Y3.61905
G01 X-36.25281 Y3.60221
G01 X-36.24112 Y3.58646
G01 X-36.20627 Y3.54400
G01 X-36.23459 Y3.55400
G01 X-36.23655 Y3.55466
G01 X-36.29848 Y3.57369
G01 X-36.36497 Y3.59789
G01 X-36.39959 Y3.66269
G01 X-36.42210 Y3.71702
G01 X-36.45199 Y3.81550
G01 X-36.46345 Y3.87318
G01 X-36.47353 Y3.97562
G01 X-36.47498 Y4.00501
G01 X-36.47353 Y4.03442
G01 X-36.46345 Y4.13683
G01 X-36.45199 Y4.19451
G01 X-36.42210 Y4.29302
G01 X-36.39959 Y4.34735
G01 X-36.35108 Y4.43810
G01 X-36.33594 Y4.46335
G01 X-36.31841 Y4.48700
G01 X-36.31298 Y4.49363
G01 X-36.23833 Y4.51913
G01 X-36.17945 Y4.53615
G01 X-36.12647 Y4.54857
G01 X-36.17945 Y4.53615
G01 X-36.23833 Y4.51913
G01 X-36.31298 Y4.49363
G01 X-36.31537 Y4.49281
G01 X-36.32228 Y4.48583
G01 X-36.36792 Y4.43495
G01 X-36.43246 Y4.35550
G01 X-36.47772 Y4.29375
G01 X-36.53607 Y4.20551
G01 X-36.54072 Y4.19835
G01 X-36.54790 Y4.17940
G01 X-36.56416 Y4.13452
G01 X-36.57305 Y4.04422
G01 X-36.57498 Y4.00501
G01 X-36.57305 Y3.96581
G01 X-36.56297 Y3.86338
G01 X-36.54768 Y3.78646
G01 X-36.51770 Y3.68779
G01 X-36.47127 Y3.64331
G01 X-36.46878 Y3.64115
G01 X-36.36876 Y3.59929
G01 X-36.36497 Y3.59789
G01 X-36.29848 Y3.57369
G01 X-36.23655 Y3.55466
G01 X-36.23459 Y3.55400
G01 X-36.20627 Y3.54400
G01 X-36.18186 Y3.53539
G01 X-36.17950 Y3.53447
G01 X-36.15649 Y3.52502
G01 X-36.13759 Y3.51773
G01 X-36.03632 Y3.48151
G01 X-36.00554 Y3.47214
G01 X-35.94531 Y3.45705
G01 X-35.89804 Y3.43178
G01 X-35.87993 Y3.42429
G01 X-35.78143 Y3.39442
G01 X-35.77191 Y3.39203
G01 X-35.76221 Y3.39058
G01 X-35.65979 Y3.38050
G01 X-35.64999 Y3.38001
G01 X-35.19998 Y3.38001
G01 X-35.19020 Y3.38050
G01 X-35.08776 Y3.39058
G01 X-35.07409 Y3.39330
G01 X-35.06716 Y3.39449
G01 X-34.78390 Y3.45941
G01 X-34.68060 Y3.47110
G01 X-34.67371 Y3.47140
G01 X-34.67374 Y3.47191
G01 X-34.67371 Y3.47140
G01 X-34.57984 Y3.46904
G01 X-34.57371 Y3.46851
G01 X-34.57356 Y3.46934
G01 X-34.57371 Y3.46851
G01 X-34.56769 Y3.46724
G01 X-34.46800 Y3.43955
G01 X-34.46157 Y3.43726
G01 X-34.45548 Y3.43414
G01 X-34.45304 Y3.43267
G01 X-34.33020 Y3.35825
G01 X-34.23869 Y3.30280
G01 X-34.23343 Y3.29914
G01 X-34.21265 Y3.28258
G01 X-34.11481 Y3.30501
G01 X-34.11486 Y3.30552
G01 X-34.11481 Y3.30501
G01 X-33.99498 Y3.30501
G01 X-33.96358 Y3.30625
G01 X-33.91664 Y3.30993
G01 X-33.85464 Y3.31976
G01 X-33.80887 Y3.33076
G01 X-33.74918 Y3.35014
G01 X-33.70569 Y3.36818
G01 X-33.64976 Y3.39668
G01 X-33.60961 Y3.42126
G01 X-33.55883 Y3.45817
G01 X-33.52304 Y3.48873
G01 X-33.49998 Y3.51006
G01 X-33.03000 Y3.98006
G01 X-33.00364 Y4.00915
G01 X-32.96633 Y4.05461
G01 X-32.92276 Y4.11981
G01 X-32.89505 Y4.17166
G01 X-32.86506 Y4.24412
G01 X-32.84796 Y4.30038
G01 X-32.83267 Y4.37729
G01 X-32.82691 Y4.43582
G01 X-32.82497 Y4.47501
G01 X-32.92497 Y4.47501
G01 X-33.02497 Y4.47501
G01 X-33.12497 Y4.47501
G01 X-33.02497 Y4.47501
G01 X-32.92497 Y4.47501
G01 X-32.82497 Y4.47501
G01 X-32.82497 Y6.27500
G01 X-32.82691 Y6.31422
G01 X-32.83267 Y6.37274
G01 X-32.83844 Y6.41158
G01 X-32.84796 Y6.44965
G01 X-32.86506 Y6.50594
G01 X-32.89505 Y6.57838
G01 X-32.92276 Y6.63025
G01 X-32.94296 Y6.66390
G01 X-32.96635 Y6.69545
G01 X-33.00364 Y6.74092
G01 X-33.03000 Y6.77000
G01 X-33.64440 Y7.38437
G01 X-33.68090 Y7.38313
G01 X-33.64440 Y7.38437
G01 X-33.38200 Y7.68249
G01 X-33.37003 Y7.69911
G01 X-33.34240 Y7.73279
G01 X-33.30544 Y7.80195
G01 X-33.28268 Y7.87698
G01 X-33.27499 Y7.95501
G01 X-33.27499 Y9.65501
G01 X-33.28268 Y9.73306
G01 X-33.30544 Y9.80809
G01 X-33.31550 Y9.82689
G01 X-33.31669 Y9.83009
G01 X-33.33503 Y9.86344
G01 X-33.34240 Y9.87723
G01 X-33.34303 Y9.87802
G01 X-33.34428 Y9.88028
G01 X-33.81324 Y10.60502
G01 X-33.83234 Y10.60502
G01 X-33.81324 Y10.60502
G01 X-33.34428 Y11.32978
G01 X-33.34303 Y11.33199
G01 X-33.34240 Y11.33278
G01 X-33.33760 Y11.34177
G01 X-33.31870 Y11.37568
G01 X-33.31647 Y11.38129
G01 X-33.30544 Y11.40194
G01 X-33.28268 Y11.47697
G01 X-33.27499 Y11.55500
G01 X-33.27499 Y13.25503
G01 X-33.28268 Y13.33305
G01 X-33.30544 Y13.40809
G01 X-33.34240 Y13.47725
G01 X-33.39216 Y13.53785
G01 X-33.45276 Y13.58761
G01 X-33.52193 Y13.62457
G01 X-33.59696 Y13.64733
G01 X-33.67499 Y13.65502
G01 X-35.37498 Y13.65502
G01 X-35.45301 Y13.64733
G01 X-35.52807 Y13.62457
G01 X-35.59721 Y13.58761
G01 X-35.65784 Y13.53785
G01 X-35.70757 Y13.47725
G01 X-35.74453 Y13.40809
G01 X-35.76731 Y13.33305
G01 X-35.77498 Y13.25503
G01 X-35.77498 Y12.78538
G01 X-35.76309 Y12.70522
G01 X-35.76279 Y12.70280
G01 X-35.75441 Y12.61784
G01 X-35.75423 Y12.61538
G01 X-35.74605 Y12.44875
G01 X-35.74598 Y12.44629
G01 X-35.74598 Y12.36376
G01 X-35.74570 Y12.36376
G01 X-35.74598 Y12.36376
G01 X-35.74605 Y12.36130
G01 X-35.75423 Y12.19468
G01 X-35.75441 Y12.19221
G01 X-35.76279 Y12.10725
G01 X-35.76309 Y12.10484
G01 X-35.77498 Y12.02467
G01 X-35.77498 Y11.55500
G01 X-35.76731 Y11.47697
G01 X-35.74453 Y11.40194
G01 X-35.73434 Y11.38284
G01 X-35.73325 Y11.37997
G01 X-35.71671 Y11.34990
G01 X-35.70757 Y11.33278
G01 X-35.70678 Y11.33181
G01 X-35.70567 Y11.32978
G01 X-35.23670 Y10.60502
G01 X-35.21760 Y10.60502
G01 X-35.23670 Y10.60502
G01 X-35.70567 Y9.88028
G01 X-35.70666 Y9.87837
G01 X-35.70757 Y9.87723
G01 X-35.74453 Y9.80809
G01 X-35.76731 Y9.73306
G01 X-35.77498 Y9.65501
G01 X-35.77498 Y9.18536
G01 X-35.76309 Y9.10517
G01 X-35.76279 Y9.10276
G01 X-35.75441 Y9.01782
G01 X-35.75423 Y9.01536
G01 X-35.74605 Y8.84876
G01 X-35.74598 Y8.84630
G01 X-35.74598 Y8.76377
G01 X-35.74570 Y8.76377
G01 X-35.74598 Y8.76377
G01 X-35.74605 Y8.76131
G01 X-35.75423 Y8.59468
G01 X-35.75441 Y8.59222
G01 X-35.76279 Y8.50728
G01 X-35.76309 Y8.50487
G01 X-35.77498 Y8.42468
G01 X-35.77498 Y7.95501
G01 X-35.76891 Y7.88554
G01 X-35.75085 Y7.81821
G01 X-35.72139 Y7.75501
G01 X-35.68141 Y7.69789
G01 X-35.63211 Y7.64858
G01 X-35.57498 Y7.60861
G01 X-35.55669 Y7.60007
G01 X-35.55532 Y7.60149
G01 X-35.55669 Y7.60007
G01 X-35.19431 Y7.07508
G01 X-35.19368 Y7.07541
G01 X-35.19431 Y7.07508
G01 X-35.18491 Y7.04409
G01 X-35.15492 Y6.97165
G01 X-35.12721 Y6.91978
G01 X-35.10701 Y6.88613
G01 X-35.08362 Y6.85458
G01 X-35.04633 Y6.80911
G01 X-35.01997 Y6.78003
G01 X-34.22500 Y5.98506
G01 X-34.21750 Y5.98814
G01 X-34.22500 Y5.98506
G01 X-34.22500 Y5.57955
G01 X-34.21502 Y5.51237
G01 X-34.21474 Y5.50993
G01 X-34.20630 Y5.42459
G01 X-34.20613 Y5.42215
G01 X-34.20107 Y5.31920
G01 X-34.20077 Y5.31676
G01 X-34.20099 Y5.23327
G01 X-34.20107 Y5.23081
G01 X-34.20613 Y5.12791
G01 X-34.20630 Y5.12545
G01 X-34.21471 Y5.04016
G01 X-34.21502 Y5.03772
G01 X-34.22500 Y4.97051
G01 X-34.22500 Y4.76495
G01 X-34.21832 Y4.76203
G01 X-34.22500 Y4.76495
G01 X-34.25319 Y4.73675
G01 X-34.24925 Y4.72301
G01 X-34.25319 Y4.73675
G01 X-34.34087 Y4.75685
G01 X-34.37516 Y4.74125
G01 X-34.37735 Y4.74031
G01 X-34.46345 Y4.70594
G01 X-34.46582 Y4.70506
G01 X-34.50463 Y4.69177
G01 X-34.22162 Y4.62690
G01 X-34.21766 Y4.61318
G01 X-34.22162 Y4.62690
G01 X-34.12500 Y4.72355
G01 X-34.11738 Y4.72040
G01 X-34.12500 Y4.72355
G01 X-34.12500 Y6.02649
G01 X-34.11740 Y6.02961
G01 X-34.12500 Y6.02649
G01 X-34.94925 Y6.85075
G01 X-34.96901 Y6.87256
G01 X-35.00633 Y6.91803
G01 X-35.02388 Y6.94168
G01 X-35.03899 Y6.96693
G01 X-35.06673 Y7.01879
G01 X-35.08923 Y7.07312
G01 X-35.10315 Y7.11905
G01 X-35.10269 Y7.11930
G01 X-35.10315 Y7.11905
G01 X-35.48938 Y7.67861
G01 X-35.48834 Y7.67962
G01 X-35.48938 Y7.67861
G01 X-35.52499 Y7.69519
G01 X-35.56782 Y7.72519
G01 X-35.60480 Y7.76217
G01 X-35.63480 Y7.80502
G01 X-35.65690 Y7.85239
G01 X-35.67044 Y7.90291
G01 X-35.67498 Y7.95501
G01 X-35.67498 Y9.65501
G01 X-35.66922 Y9.71353
G01 X-35.65215 Y9.76981
G01 X-35.62444 Y9.82168
G01 X-35.62304 Y9.82338
G01 X-35.62172 Y9.82595
G01 X-35.12500 Y10.59361
G01 X-35.12088 Y10.59239
G01 X-35.12500 Y10.59361
G01 X-35.12500 Y10.61645
G01 X-35.12088 Y10.61764
G01 X-35.12500 Y10.61645
G01 X-35.62172 Y11.38411
G01 X-35.62324 Y11.38688
G01 X-35.62444 Y11.38835
G01 X-35.63825 Y11.41421
G01 X-35.64239 Y11.42175
G01 X-35.64267 Y11.42247
G01 X-35.65215 Y11.44020
G01 X-35.66922 Y11.49648
G01 X-35.67498 Y11.55500
G01 X-35.67498 Y13.25503
G01 X-35.66922 Y13.31355
G01 X-35.65215 Y13.36981
G01 X-35.62444 Y13.42167
G01 X-35.58712 Y13.46714
G01 X-35.54166 Y13.50445
G01 X-35.48979 Y13.53216
G01 X-35.43350 Y13.54926
G01 X-35.37498 Y13.55502
G01 X-33.67499 Y13.55502
G01 X-33.61646 Y13.54926
G01 X-33.56018 Y13.53216
G01 X-33.50831 Y13.50445
G01 X-33.46285 Y13.46714
G01 X-33.42556 Y13.42167
G01 X-33.39782 Y13.36981
G01 X-33.38075 Y13.31355
G01 X-33.37499 Y13.25503
G01 X-33.37499 Y11.55500
G01 X-33.38075 Y11.49648
G01 X-33.39782 Y11.44020
G01 X-33.40801 Y11.42117
G01 X-33.40905 Y11.41853
G01 X-33.41786 Y11.40270
G01 X-33.42556 Y11.38835
G01 X-33.42657 Y11.38708
G01 X-33.42823 Y11.38411
G01 X-33.92500 Y10.61640
G01 X-33.92909 Y10.61759
G01 X-33.92500 Y10.61640
G01 X-33.92500 Y10.59364
G01 X-33.92909 Y10.59244
G01 X-33.92500 Y10.59364
G01 X-33.42823 Y9.82595
G01 X-33.42660 Y9.82295
G01 X-33.42556 Y9.82168
G01 X-33.41352 Y9.79920
G01 X-33.40755 Y9.78831
G01 X-33.40714 Y9.78726
G01 X-33.39782 Y9.76981
G01 X-33.38075 Y9.71353
G01 X-33.37499 Y9.65501
G01 X-33.37499 Y7.95501
G01 X-33.38075 Y7.89649
G01 X-33.39782 Y7.84020
G01 X-33.42556 Y7.78834
G01 X-33.44900 Y7.75979
G01 X-33.45705 Y7.74858
G01 X-33.78146 Y7.38003
G01 X-33.81817 Y7.37879
G01 X-33.78146 Y7.38003
G01 X-33.10072 Y6.69929
G01 X-33.08096 Y6.67747
G01 X-33.04364 Y6.63200
G01 X-33.02609 Y6.60835
G01 X-33.01098 Y6.58311
G01 X-32.98324 Y6.53124
G01 X-32.96074 Y6.47691
G01 X-32.94367 Y6.42062
G01 X-32.93651 Y6.39207
G01 X-32.93219 Y6.36294
G01 X-32.92642 Y6.30442
G01 X-32.92497 Y6.27500
G01 X-32.92497 Y4.47501
G01 X-32.92642 Y4.44562
G01 X-32.93219 Y4.38710
G01 X-32.94367 Y4.32941
G01 X-32.96074 Y4.27313
G01 X-32.98324 Y4.21880
G01 X-33.01095 Y4.16693
G01 X-33.04364 Y4.11804
G01 X-33.08093 Y4.07257
G01 X-33.10072 Y4.05078
G01 X-33.57069 Y3.58077
G01 X-33.58799 Y3.56477
G01 X-33.62378 Y3.53419
G01 X-33.66188 Y3.50653
G01 X-33.70201 Y3.48192
G01 X-33.74395 Y3.46056
G01 X-33.78746 Y3.44255
G01 X-33.83221 Y3.42799
G01 X-33.87798 Y3.41700
G01 X-33.92449 Y3.40963
G01 X-33.97143 Y3.40595
G01 X-33.99498 Y3.40501
G01 X-34.12612 Y3.40501
G01 X-34.12619 Y3.40562
G01 X-34.12612 Y3.40501
G01 X-34.33020 Y3.35825
G01 X-34.45304 Y3.43267
G01 X-34.13744 Y3.50501
G01 X-34.13749 Y3.50544
G01 X-34.13744 Y3.50501
G01 X-33.99498 Y3.50501
G01 X-33.97928 Y3.50564
G01 X-33.93234 Y3.50932
G01 X-33.90135 Y3.51423
G01 X-33.85555 Y3.52523
G01 X-33.82571 Y3.53493
G01 X-33.78222 Y3.55294
G01 X-33.75426 Y3.56719
G01 X-33.71413 Y3.59180
G01 X-33.68873 Y3.61024
G01 X-33.65294 Y3.64082
G01 X-33.64141 Y3.65146
G01 X-33.17143 Y4.12146
G01 X-33.15825 Y4.13602
G01 X-33.12094 Y4.18148
G01 X-33.09917 Y4.21407
G01 X-33.07143 Y4.26594
G01 X-33.05642 Y4.30216
G01 X-33.03935 Y4.35845
G01 X-33.03171 Y4.39690
G01 X-33.02594 Y4.45542
G01 X-33.02497 Y4.47501
G01 X-33.02497 Y6.27500
G01 X-33.02594 Y6.29461
G01 X-33.03171 Y6.35316
G01 X-33.03460 Y6.37256
G01 X-33.03935 Y6.39159
G01 X-33.05645 Y6.44788
G01 X-33.07143 Y6.48410
G01 X-33.09917 Y6.53596
G01 X-33.10925 Y6.55280
G01 X-33.12094 Y6.56858
G01 X-33.15825 Y6.61402
G01 X-33.17143 Y6.62857
G01 X-33.91852 Y7.37566
G01 X-33.95540 Y7.37447
G01 X-33.91852 Y7.37566
G01 X-33.53211 Y7.81465
G01 X-33.52795 Y7.82047
G01 X-33.50869 Y7.84391
G01 X-33.49020 Y7.87848
G01 X-33.47882 Y7.91600
G01 X-33.47499 Y7.95501
G01 X-33.47499 Y9.65501
G01 X-33.47882 Y9.69402
G01 X-33.49020 Y9.73154
G01 X-33.50869 Y9.76613
G01 X-33.51014 Y9.76788
G01 X-33.51220 Y9.77162
G01 X-34.02500 Y10.56412
G01 X-34.02909 Y10.56290
G01 X-34.02500 Y10.56412
G01 X-34.02500 Y10.64591
G01 X-34.02909 Y10.64713
G01 X-34.02500 Y10.64591
G01 X-33.51220 Y11.43844
G01 X-33.51011 Y11.44218
G01 X-33.50869 Y11.44390
G01 X-33.49020 Y11.47847
G01 X-33.47882 Y11.51599
G01 X-33.47499 Y11.55500
G01 X-33.47499 Y13.25503
G01 X-33.47882 Y13.29404
G01 X-33.49020 Y13.33156
G01 X-33.50869 Y13.36612
G01 X-33.53356 Y13.39643
G01 X-33.56386 Y13.42132
G01 X-33.59846 Y13.43978
G01 X-33.63597 Y13.45116
G01 X-33.67499 Y13.45502
G01 X-35.37498 Y13.45502
G01 X-35.41400 Y13.45116
G01 X-35.45151 Y13.43978
G01 X-35.48611 Y13.42132
G01 X-35.51641 Y13.39643
G01 X-35.54128 Y13.36612
G01 X-35.55977 Y13.33156
G01 X-35.57115 Y13.29404
G01 X-35.57498 Y13.25503
G01 X-35.57498 Y11.55500
G01 X-35.57115 Y11.51599
G01 X-35.55977 Y11.47847
G01 X-35.54128 Y11.44390
G01 X-35.53968 Y11.44195
G01 X-35.53775 Y11.43844
G01 X-35.02500 Y10.64596
G01 X-35.02088 Y10.64718
G01 X-35.02500 Y10.64596
G01 X-35.02500 Y10.56407
G01 X-35.02088 Y10.56285
G01 X-35.02500 Y10.56407
G01 X-35.53775 Y9.77162
G01 X-35.53942 Y9.76839
G01 X-35.54128 Y9.76613
G01 X-35.55977 Y9.73154
G01 X-35.57115 Y9.69402
G01 X-35.57498 Y9.65501
G01 X-35.57498 Y7.95501
G01 X-35.57196 Y7.92029
G01 X-35.56292 Y7.88661
G01 X-35.54819 Y7.85501
G01 X-35.52820 Y7.82646
G01 X-35.50353 Y7.80180
G01 X-35.47498 Y7.78181
G01 X-35.44338 Y7.76708
G01 X-35.42566 Y7.76233
G01 X-35.42421 Y7.76385
G01 X-35.42566 Y7.76233
G01 X-35.01161 Y7.16245
G01 X-35.01077 Y7.16289
G01 X-35.01161 Y7.16245
G01 X-35.01062 Y7.15844
G01 X-34.99353 Y7.10215
G01 X-34.97854 Y7.06593
G01 X-34.95080 Y7.01407
G01 X-34.94072 Y6.99723
G01 X-34.92903 Y6.98145
G01 X-34.89172 Y6.93601
G01 X-34.87854 Y6.92146
G01 X-34.02500 Y6.06792
G01 X-34.01738 Y6.07104
G01 X-34.02500 Y6.06792
G01 X-34.02500 Y4.68212
G01 X-34.01738 Y4.67897
G01 X-34.02500 Y4.68212
G01 X-34.19002 Y4.51707
G01 X-34.18608 Y4.50335
G01 X-34.19002 Y4.51707
G01 X-34.70056 Y4.63411
G01 X-34.64636 Y4.64686
G01 X-34.64392 Y4.64752
G01 X-34.58266 Y4.66523
G01 X-34.58037 Y4.66594
G01 X-34.50463 Y4.69177
G01 X-34.58037 Y4.66594
G01 X-34.58266 Y4.66523
G01 X-34.64392 Y4.64752
G01 X-34.64636 Y4.64686
G01 X-34.70056 Y4.63411
G01 X-34.75797 Y4.62063
G01 X-34.76030 Y4.62012
G01 X-34.80442 Y4.61196
G01 X-34.80689 Y4.61158
G01 X-34.91583 Y4.59703
G01 X-34.91824 Y4.59677
G01 X-34.95055 Y4.59403
G01 X-34.95304 Y4.59388
G01 X-34.96998 Y4.59330
G01 X-34.97346 Y4.69324
G01 X-34.95771 Y4.69378
G01 X-34.92787 Y4.69632
G01 X-34.82134 Y4.71054
G01 X-34.77971 Y4.71824
G01 X-34.72347 Y4.73147
G01 X-34.70188 Y4.74917
G01 X-34.68733 Y4.76236
G01 X-34.67415 Y4.77691
G01 X-34.60887 Y4.85646
G01 X-34.59718 Y4.87221
G01 X-34.58707 Y4.88905
G01 X-34.53856 Y4.97983
G01 X-34.52357 Y5.01605
G01 X-34.49368 Y5.11453
G01 X-34.48603 Y5.15298
G01 X-34.47595 Y5.25540
G01 X-34.47498 Y5.27501
G01 X-34.37498 Y5.27501
G01 X-34.30099 Y5.23449
G01 X-34.37498 Y5.27501
G01 X-34.47498 Y5.27501
G01 X-34.57498 Y5.27501
G01 X-34.47498 Y5.27501
G01 X-34.47595 Y5.29461
G01 X-34.48603 Y5.39703
G01 X-34.49368 Y5.43548
G01 X-34.52357 Y5.53398
G01 X-34.53856 Y5.57020
G01 X-34.58707 Y5.66096
G01 X-34.60887 Y5.69357
G01 X-34.67415 Y5.77312
G01 X-34.68733 Y5.78765
G01 X-34.70188 Y5.80084
G01 X-34.78144 Y5.86614
G01 X-34.81402 Y5.88791
G01 X-34.90480 Y5.93642
G01 X-34.94102 Y5.95143
G01 X-35.03950 Y5.98130
G01 X-35.05855 Y5.98608
G01 X-35.07796 Y5.98897
G01 X-35.18039 Y5.99906
G01 X-35.19998 Y6.00002
G01 X-35.64999 Y6.00002
G01 X-35.66960 Y5.99906
G01 X-35.77201 Y5.98897
G01 X-35.79147 Y5.98608
G01 X-35.80013 Y5.98389
G01 X-35.80513 Y5.98303
G01 X-36.71252 Y5.77503
G01 X-36.71245 Y5.77440
G01 X-36.71252 Y5.77503
G01 X-37.26995 Y5.77503
G01 X-37.28956 Y5.77406
G01 X-37.34808 Y5.76830
G01 X-37.38654 Y5.76065
G01 X-37.44282 Y5.74358
G01 X-37.47904 Y5.72857
G01 X-37.53091 Y5.70086
G01 X-37.55720 Y5.68329
G01 X-37.55651 Y5.68077
G01 X-37.55720 Y5.68329
G01 X-37.75605 Y5.66789
G01 X-37.75821 Y5.66751
G01 X-38.13998 Y5.66751
G01 X-38.15958 Y5.66655
G01 X-38.20835 Y5.66175
G01 X-38.24681 Y5.65410
G01 X-38.29372 Y5.63988
G01 X-38.30800 Y5.63475
G01 X-38.31066 Y5.63406
G01 X-38.66499 Y5.50582
G01 X-38.66504 Y5.49982
G01 X-38.66499 Y5.50582
G01 X-38.90279 Y5.59187
G01 X-38.90614 Y5.58763
G01 X-38.90279 Y5.59187
G01 X-38.99504 Y5.73284
G01 X-39.02377 Y5.73581
G01 X-38.99504 Y5.73284
G01 X-37.66314 Y7.06474
G01 X-37.66332 Y7.06494
G01 X-37.66314 Y7.06474
G01 X-36.53406 Y7.90286
G01 X-36.49848 Y7.92189
G01 X-36.46586 Y7.94366
G01 X-36.33706 Y8.04937
G01 X-36.32253 Y8.06255
G01 X-36.30935 Y8.07708
G01 X-36.20363 Y8.20591
G01 X-36.18186 Y8.23850
G01 X-36.10330 Y8.38546
G01 X-36.09492 Y8.40319
G01 X-36.08829 Y8.42168
G01 X-36.03993 Y8.58112
G01 X-36.03228 Y8.61958
G01 X-36.01595 Y8.78541
G01 X-36.01499 Y8.80502
G01 X-36.01595 Y8.82460
G01 X-36.03228 Y8.99044
G01 X-36.03993 Y9.02890
G01 X-36.08829 Y9.18836
G01 X-36.09261 Y9.19875
G01 X-36.09479 Y9.20733
G01 X-36.56497 Y10.53933
G01 X-36.56637 Y10.53910
G01 X-36.56497 Y10.53933
G01 X-36.56497 Y10.67073
G01 X-36.56637 Y10.67096
G01 X-36.56497 Y10.67073
G01 X-36.09479 Y12.00270
G01 X-36.09411 Y12.00545
G01 X-36.08829 Y12.02168
G01 X-36.03993 Y12.18114
G01 X-36.03228 Y12.21959
G01 X-36.01595 Y12.38541
G01 X-36.01499 Y12.40501
G01 X-36.01595 Y12.42462
G01 X-36.03228 Y12.59043
G01 X-36.03993 Y12.62889
G01 X-36.08829 Y12.78835
G01 X-36.09492 Y12.80684
G01 X-36.10330 Y12.82457
G01 X-36.18186 Y12.97154
G01 X-36.20363 Y13.00412
G01 X-36.30935 Y13.13293
G01 X-36.32253 Y13.14748
G01 X-36.33706 Y13.16066
G01 X-36.46586 Y13.26635
G01 X-36.48164 Y13.27806
G01 X-36.49848 Y13.28815
G01 X-36.64541 Y13.36668
G01 X-36.68166 Y13.38169
G01 X-36.84110 Y13.43006
G01 X-36.86015 Y13.43483
G01 X-36.87955 Y13.43773
G01 X-37.04539 Y13.45406
G01 X-37.08458 Y13.45406
G01 X-37.25042 Y13.43773
G01 X-37.26982 Y13.43483
G01 X-37.28887 Y13.43006
G01 X-37.44833 Y13.38169
G01 X-37.46680 Y13.37509
G01 X-37.48455 Y13.36668
G01 X-37.63149 Y13.28815
G01 X-37.66411 Y13.26635
G01 X-37.79291 Y13.16066
G01 X-37.80744 Y13.14748
G01 X-37.82062 Y13.13293
G01 X-37.92634 Y13.00412
G01 X-37.94813 Y12.97154
G01 X-38.02667 Y12.82457
G01 X-38.03505 Y12.80684
G01 X-38.04168 Y12.78835
G01 X-38.09004 Y12.62889
G01 X-38.09768 Y12.59043
G01 X-38.11402 Y12.42462
G01 X-38.11498 Y12.40501
G01 X-38.11402 Y12.38541
G01 X-38.09768 Y12.21959
G01 X-38.09004 Y12.18114
G01 X-38.04168 Y12.02168
G01 X-38.03591 Y12.00557
G01 X-38.03518 Y12.00270
G01 X-37.56500 Y10.67078
G01 X-37.56360 Y10.67103
G01 X-37.56500 Y10.67078
G01 X-37.56497 Y10.53928
G01 X-37.56360 Y10.53903
G01 X-37.56497 Y10.53928
G01 X-38.03518 Y9.20733
G01 X-38.03629 Y9.20337
G01 X-38.04168 Y9.18836
G01 X-38.09004 Y9.02890
G01 X-38.09481 Y9.00985
G01 X-38.09768 Y8.99044
G01 X-38.10221 Y8.94452
G01 X-38.39923 Y7.74289
G01 X-38.39583 Y7.74099
G01 X-38.39923 Y7.74289
G01 X-39.01617 Y7.12593
G01 X-39.00546 Y7.14859
G01 X-39.00495 Y7.14973
G01 X-38.99385 Y7.17477
G01 X-38.99337 Y7.17589
G01 X-38.97858 Y7.21160
G01 X-38.79377 Y7.48976
G01 X-38.48963 Y7.79390
G01 X-38.48623 Y7.79199
G01 X-38.48963 Y7.79390
G01 X-38.20104 Y8.96149
G01 X-38.19720 Y9.00025
G01 X-38.19288 Y9.02935
G01 X-38.18575 Y9.05793
G01 X-38.13736 Y9.21739
G01 X-38.13106 Y9.23502
G01 X-38.12949 Y9.24061
G01 X-37.66497 Y10.55640
G01 X-37.66360 Y10.55617
G01 X-37.66497 Y10.55640
G01 X-37.66500 Y10.65366
G01 X-37.66360 Y10.65389
G01 X-37.66500 Y10.65366
G01 X-38.12949 Y11.96943
G01 X-38.13053 Y11.97352
G01 X-38.13736 Y11.99265
G01 X-38.18575 Y12.15211
G01 X-38.19720 Y12.20979
G01 X-38.21353 Y12.37560
G01 X-38.21498 Y12.40501
G01 X-38.21353 Y12.43443
G01 X-38.19720 Y12.60024
G01 X-38.18575 Y12.65792
G01 X-38.13736 Y12.81738
G01 X-38.12745 Y12.84509
G01 X-38.11486 Y12.87171
G01 X-38.03632 Y13.01868
G01 X-38.00363 Y13.06757
G01 X-37.89794 Y13.19638
G01 X-37.87815 Y13.21820
G01 X-37.85633 Y13.23796
G01 X-37.72753 Y13.34367
G01 X-37.67864 Y13.37634
G01 X-37.53170 Y13.45490
G01 X-37.50508 Y13.46747
G01 X-37.47737 Y13.47740
G01 X-37.31790 Y13.52576
G01 X-37.26022 Y13.53724
G01 X-37.09438 Y13.55358
G01 X-37.06500 Y13.55502
G01 X-37.03558 Y13.55358
G01 X-36.86975 Y13.53724
G01 X-36.84064 Y13.53293
G01 X-36.81206 Y13.52576
G01 X-36.65263 Y13.47740
G01 X-36.59830 Y13.45490
G01 X-36.45133 Y13.37634
G01 X-36.40244 Y13.34367
G01 X-36.27363 Y13.23796
G01 X-36.25182 Y13.21820
G01 X-36.23205 Y13.19638
G01 X-36.12634 Y13.06757
G01 X-36.09365 Y13.01868
G01 X-36.01511 Y12.87171
G01 X-36.00252 Y12.84509
G01 X-35.99261 Y12.81738
G01 X-35.94425 Y12.65792
G01 X-35.93277 Y12.60024
G01 X-35.91643 Y12.43443
G01 X-35.91499 Y12.40501
G01 X-35.91643 Y12.37560
G01 X-35.93277 Y12.20979
G01 X-35.94425 Y12.15211
G01 X-35.99261 Y11.99265
G01 X-35.99952 Y11.97332
G01 X-36.00048 Y11.96943
G01 X-36.46497 Y10.65358
G01 X-36.46637 Y10.65384
G01 X-36.46497 Y10.65358
G01 X-36.46497 Y10.55648
G01 X-36.46637 Y10.55622
G01 X-36.46497 Y10.55648
G01 X-36.00048 Y9.24061
G01 X-35.99774 Y9.22973
G01 X-35.99261 Y9.21739
G01 X-35.94425 Y9.05793
G01 X-35.93277 Y9.00025
G01 X-35.91643 Y8.83441
G01 X-35.91499 Y8.80502
G01 X-35.91643 Y8.77561
G01 X-35.93277 Y8.60977
G01 X-35.94425 Y8.55209
G01 X-35.99261 Y8.39265
G01 X-36.00252 Y8.36492
G01 X-36.01511 Y8.33832
G01 X-36.09365 Y8.19136
G01 X-36.12634 Y8.14246
G01 X-36.23205 Y8.01366
G01 X-36.25182 Y7.99184
G01 X-36.27363 Y7.97208
G01 X-36.40244 Y7.86636
G01 X-36.45133 Y7.83367
G01 X-36.48042 Y7.81816
G01 X-37.59763 Y6.98885
G01 X-37.59784 Y6.98905
G01 X-37.59763 Y6.98885
G01 X-38.86687 Y5.71961
G01 X-38.89557 Y5.72255
G01 X-38.86687 Y5.71961
G01 X-38.83738 Y5.67455
G01 X-38.84074 Y5.67031
G01 X-38.83738 Y5.67455
G01 X-38.66499 Y5.61217
G01 X-38.66507 Y5.60630
G01 X-38.66499 Y5.61217
G01 X-38.34470 Y5.72809
G01 X-38.34066 Y5.72916
G01 X-38.32275 Y5.73556
G01 X-38.27584 Y5.74978
G01 X-38.21816 Y5.76126
G01 X-38.16939 Y5.76606
G01 X-38.13998 Y5.76751
G01 X-37.76423 Y5.76751
G01 X-37.76378 Y5.76759
G01 X-37.59002 Y5.78105
G01 X-37.58946 Y5.77879
G01 X-37.59002 Y5.78105
G01 X-37.57805 Y5.78905
G01 X-37.52618 Y5.81676
G01 X-37.47185 Y5.83927
G01 X-37.41557 Y5.85634
G01 X-37.35788 Y5.86782
G01 X-37.29936 Y5.87358
G01 X-37.26995 Y5.87503
G01 X-36.72385 Y5.87503
G01 X-36.72377 Y5.87442
G01 X-36.72385 Y5.87503
G01 X-35.82748 Y6.08052
G01 X-35.82116 Y6.08161
G01 X-35.81100 Y6.08415
G01 X-35.78181 Y6.08849
G01 X-35.67940 Y6.09858
G01 X-35.64999 Y6.10002
G01 X-35.19998 Y6.10002
G01 X-35.17059 Y6.09858
G01 X-35.06815 Y6.08849
G01 X-35.03904 Y6.08415
G01 X-35.01047 Y6.07701
G01 X-34.91199 Y6.04714
G01 X-34.85766 Y6.02464
G01 X-34.76691 Y5.97612
G01 X-34.71799 Y5.94343
G01 X-34.63843 Y5.87815
G01 X-34.61661 Y5.85837
G01 X-34.59685 Y5.83657
G01 X-34.53155 Y5.75700
G01 X-34.49889 Y5.70810
G01 X-34.45037 Y5.61735
G01 X-34.42787 Y5.56302
G01 X-34.39800 Y5.46452
G01 X-34.38652 Y5.40683
G01 X-34.37643 Y5.30442
G01 X-34.37498 Y5.27501
G01 X-34.37643 Y5.24562
G01 X-34.38652 Y5.14318
G01 X-34.39800 Y5.08550
G01 X-34.42787 Y4.98702
G01 X-34.45037 Y4.93269
G01 X-34.49889 Y4.84191
G01 X-34.51402 Y4.81666
G01 X-34.53155 Y4.79302
G01 X-34.53696 Y4.78644
G01 X-34.61156 Y4.76096
G01 X-34.67049 Y4.74392
G01 X-34.77971 Y4.71824
G01 X-34.67049 Y4.74392
G01 X-34.61156 Y4.76096
G01 X-34.49937 Y4.79926
G01 X-34.41550 Y4.83274
G01 X-34.38233 Y4.84785
G01 X-34.36218 Y4.88555
G01 X-34.33219 Y4.95799
G01 X-34.32388 Y4.98532
G01 X-34.31413 Y5.05118
G01 X-34.30595 Y5.13406
G01 X-34.30099 Y5.23449
G01 X-34.30099 Y5.31552
G01 X-34.30595 Y5.41603
G01 X-34.31413 Y5.49893
G01 X-34.32388 Y5.56467
G01 X-34.33219 Y5.59202
G01 X-34.36218 Y5.66449
G01 X-34.41070 Y5.75524
G01 X-34.45426 Y5.82045
G01 X-34.51956 Y5.90000
G01 X-34.54590 Y5.92908
G01 X-34.57501 Y5.95545
G01 X-34.65456 Y6.02075
G01 X-34.71976 Y6.06431
G01 X-34.81052 Y6.11282
G01 X-34.88296 Y6.14282
G01 X-34.98146 Y6.17269
G01 X-35.01953 Y6.18224
G01 X-35.05835 Y6.18801
G01 X-35.16078 Y6.19809
G01 X-35.19998 Y6.20002
G01 X-35.64999 Y6.20002
G01 X-35.68921 Y6.19809
G01 X-35.79162 Y6.18801
G01 X-35.83053 Y6.18222
G01 X-35.84222 Y6.17930
G01 X-35.84984 Y6.17798
G01 X-36.73515 Y5.97503
G01 X-36.73510 Y5.97447
G01 X-36.73515 Y5.97503
G01 X-37.26995 Y5.97503
G01 X-37.30917 Y5.97310
G01 X-37.36769 Y5.96733
G01 X-37.44460 Y5.95204
G01 X-37.50086 Y5.93497
G01 X-37.57330 Y5.90495
G01 X-37.62215 Y5.87887
G01 X-37.62166 Y5.87683
G01 X-37.62215 Y5.87887
G01 X-37.76868 Y5.86751
G01 X-38.13998 Y5.86751
G01 X-38.17919 Y5.86558
G01 X-38.22796 Y5.86078
G01 X-38.30487 Y5.84549
G01 X-38.35176 Y5.83127
G01 X-38.37330 Y5.82354
G01 X-38.37874 Y5.82212
G01 X-38.66499 Y5.71852
G01 X-38.66499 Y5.71219
G01 X-38.66499 Y5.71852
G01 X-38.71018 Y5.73487
G01 X-38.79451 Y5.71608
G01 X-38.71018 Y5.73487
G01 X-37.53213 Y6.91292
G01 X-37.53233 Y6.91315
G01 X-37.53213 Y6.91292
G01 X-36.42675 Y7.73345
G01 X-36.40419 Y7.74549
G01 X-36.33899 Y7.78905
G01 X-36.21019 Y7.89476
G01 X-36.18110 Y7.92113
G01 X-36.15474 Y7.95021
G01 X-36.04902 Y8.07901
G01 X-36.00546 Y8.14421
G01 X-35.92692 Y8.29118
G01 X-35.91014 Y8.32666
G01 X-35.89690 Y8.36362
G01 X-35.87386 Y8.43957
G01 X-35.86218 Y8.51833
G01 X-35.85405 Y8.60083
G01 X-35.84597 Y8.76499
G01 X-35.84597 Y8.84508
G01 X-35.85405 Y9.00921
G01 X-35.86218 Y9.09171
G01 X-35.87386 Y9.17043
G01 X-35.89690 Y9.24640
G01 X-35.90285 Y9.26075
G01 X-35.90620 Y9.27391
G01 X-36.36497 Y10.57360
G01 X-36.36640 Y10.57337
G01 X-36.36497 Y10.57360
G01 X-36.36497 Y10.63646
G01 X-36.36640 Y10.63669
G01 X-36.36497 Y10.63646
G01 X-35.90620 Y11.93613
G01 X-35.90495 Y11.94116
G01 X-35.89690 Y11.96361
G01 X-35.87386 Y12.03958
G01 X-35.86221 Y12.11830
G01 X-35.85405 Y12.20082
G01 X-35.84597 Y12.36498
G01 X-35.84597 Y12.44507
G01 X-35.85405 Y12.60923
G01 X-35.86221 Y12.69175
G01 X-35.87386 Y12.77042
G01 X-35.89690 Y12.84642
G01 X-35.91014 Y12.88337
G01 X-35.92692 Y12.91886
G01 X-36.00546 Y13.06580
G01 X-36.04902 Y13.13100
G01 X-36.15474 Y13.25980
G01 X-36.18110 Y13.28891
G01 X-36.21019 Y13.31525
G01 X-36.33899 Y13.42096
G01 X-36.40419 Y13.46452
G01 X-36.55115 Y13.54309
G01 X-36.62360 Y13.57308
G01 X-36.78306 Y13.62145
G01 X-36.82113 Y13.63100
G01 X-36.85994 Y13.63676
G01 X-37.02578 Y13.65309
G01 X-37.10419 Y13.65309
G01 X-37.27003 Y13.63676
G01 X-37.34694 Y13.62145
G01 X-37.50637 Y13.57308
G01 X-37.54333 Y13.55985
G01 X-37.57884 Y13.54309
G01 X-37.72578 Y13.46452
G01 X-37.79098 Y13.42096
G01 X-37.91978 Y13.31525
G01 X-37.94887 Y13.28891
G01 X-37.97523 Y13.25980
G01 X-38.08095 Y13.13100
G01 X-38.12451 Y13.06580
G01 X-38.20304 Y12.91886
G01 X-38.21983 Y12.88337
G01 X-38.23307 Y12.84642
G01 X-38.28143 Y12.68695
G01 X-38.28498 Y12.66912
G01 X-38.28498 Y12.14088
G01 X-38.28143 Y12.12307
G01 X-38.23307 Y11.96361
G01 X-38.22512 Y11.94144
G01 X-38.22377 Y11.93613
G01 X-37.76500 Y10.63651
G01 X-37.76360 Y10.63677
G01 X-37.76500 Y10.63651
G01 X-37.76500 Y10.57355
G01 X-37.76360 Y10.57329
G01 X-37.76500 Y10.57355
G01 X-38.22377 Y9.27391
G01 X-38.22583 Y9.26664
G01 X-38.23307 Y9.24640
G01 X-38.28143 Y9.08696
G01 X-38.28498 Y9.07281
G01 X-38.28498 Y8.98455
G01 X-38.28511 Y8.98094
G01 X-38.29514 Y8.84183
G01 X-38.29522 Y8.83936
G01 X-38.30508 Y8.75958
G01 X-38.30543 Y8.75714
G01 X-38.33375 Y8.59247
G01 X-38.33421 Y8.59009
G01 X-38.35059 Y8.51554
G01 X-38.35141 Y8.51320
G01 X-38.39560 Y8.35249
G01 X-38.39598 Y8.35117
G01 X-38.40845 Y8.31028
G01 X-38.40873 Y8.30937
G01 X-38.55996 Y7.84498
G01 X-38.56250 Y7.83868
G01 X-38.56159 Y7.83825
G01 X-38.56250 Y7.83868
G01 X-38.56588 Y7.83279
G01 X-38.79377 Y7.48976
G01 X-38.97858 Y7.21160
G01 X-38.99337 Y7.17589
G01 X-38.99385 Y7.17477
G01 X-39.00495 Y7.14973
G01 X-39.00546 Y7.14859
G01 X-39.01617 Y7.12593
G01 X-39.03218 Y7.09215
G01 X-39.03324 Y7.08996
G01 X-39.05526 Y7.04874
G01 X-39.05648 Y7.04658
G01 X-39.08765 Y6.99459
G01 X-39.08895 Y6.99255
G01 X-39.11132 Y6.95903
G01 X-39.11104 Y6.95885
G01 X-39.11132 Y6.95903
G01 X-39.11275 Y6.95702
G01 X-39.14815 Y6.90927
G01 X-39.14965 Y6.90734
G01 X-39.17315 Y6.87871
G01 X-39.17475 Y6.87686
G01 X-39.21429 Y6.83322
G01 X-39.21506 Y6.83223
G01 X-39.22750 Y6.81933
G01 X-39.22837 Y6.81844
G01 X-39.97038 Y6.07640
G01 X-39.98193 Y6.06426
G01 X-40.02026 Y6.02199
G01 X-40.04218 Y5.99525
G01 X-40.07614 Y5.94945
G01 X-40.09715 Y5.91798
G01 X-40.12702 Y5.86815
G01 X-40.14790 Y5.82906
G01 X-40.15760 Y5.80853
G01 X-40.16055 Y5.80317
G01 X-40.16413 Y5.79822
G01 X-40.21051 Y5.74158
G01 X-40.27441 Y5.64572
G01 X-40.27134 Y5.64181
G01 X-40.27441 Y5.64572
G01 X-40.29372 Y5.63988
G01 X-40.32745 Y5.62588
G01 X-40.32466 Y5.62796
G01 X-40.28432 Y5.65496
G01 X-40.27853 Y5.65951
G01 X-40.27345 Y5.66482
G01 X-40.27279 Y5.66418
G01 X-40.27345 Y5.66482
G01 X-40.21051 Y5.74158
G01 X-40.27345 Y5.66482
G01 X-40.27853 Y5.65951
G01 X-40.28432 Y5.65496
G01 X-40.32466 Y5.62796
G01 X-40.32745 Y5.62588
G01 X-40.36250 Y5.59990
G01 X-40.39720 Y5.57145
G01 X-40.43174 Y5.54013
G01 X-40.46258 Y5.50930
G01 X-40.49390 Y5.47475
G01 X-40.52237 Y5.44003
G01 X-40.53220 Y5.42680
G01 X-40.53489 Y5.41600
G01 X-40.54368 Y5.37198
G01 X-40.55059 Y5.32540
G01 X-40.55465 Y5.28425
G01 X-40.55696 Y5.23701
G01 X-40.55745 Y5.21692
G01 X-40.55745 Y4.54313
G01 X-40.55696 Y4.52304
G01 X-40.55465 Y4.47582
G01 X-40.55059 Y4.43470
G01 X-40.54368 Y4.38811
G01 X-40.53489 Y4.34404
G01 X-40.52791 Y4.31618
G01 X-40.52425 Y4.30935
G01 X-40.50246 Y4.27673
G01 X-40.47137 Y4.23886
G01 X-40.45818 Y4.22431
G01 X-40.44365 Y4.21113
G01 X-40.40576 Y4.18004
G01 X-40.38998 Y4.16835
G01 X-40.37317 Y4.15827
G01 X-40.32994 Y4.13516
G01 X-40.29372 Y4.12014
G01 X-40.24680 Y4.10592
G01 X-40.20837 Y4.09827
G01 X-40.15958 Y4.09347
G01 X-40.14000 Y4.09251
G01 X-39.18999 Y4.09251
G01 X-39.17038 Y4.09347
G01 X-39.12161 Y4.09827
G01 X-39.08315 Y4.10592
G01 X-39.03627 Y4.12014
G01 X-39.02171 Y4.12538
G01 X-39.01927 Y4.12601
G01 X-38.66497 Y4.25423
G01 X-38.66497 Y4.25992
G01 X-38.66497 Y4.25423
G01 X-38.31069 Y4.12601
G01 X-38.30868 Y4.12550
G01 X-38.29372 Y4.12014
G01 X-38.24681 Y4.10592
G01 X-38.20835 Y4.09827
G01 X-38.15958 Y4.09347
G01 X-38.13998 Y4.09251
G01 X-37.18999 Y4.09251
G01 X-37.17038 Y4.09347
G01 X-37.12161 Y4.09827
G01 X-37.08316 Y4.10592
G01 X-37.03627 Y4.12014
G01 X-37.00005 Y4.13516
G01 X-36.95682 Y4.15827
G01 X-36.93998 Y4.16835
G01 X-36.92420 Y4.18004
G01 X-36.88633 Y4.21113
G01 X-36.87178 Y4.22431
G01 X-36.85860 Y4.23886
G01 X-36.82751 Y4.27673
G01 X-36.80574 Y4.30935
G01 X-36.78263 Y4.35255
G01 X-36.77424 Y4.37031
G01 X-36.77409 Y4.37074
G01 X-36.77531 Y4.37178
G01 X-36.77409 Y4.37074
G01 X-36.38179 Y4.69921
G01 X-36.38453 Y4.71054
G01 X-36.38179 Y4.69921
G01 X-36.14938 Y4.64592
G01 X-36.20353 Y4.63320
G01 X-36.20597 Y4.63256
G01 X-36.26723 Y4.61486
G01 X-36.26949 Y4.61415
G01 X-36.34531 Y4.58827
G01 X-36.34628 Y4.59009
G01 X-36.34531 Y4.58827
G01 X-36.35575 Y4.59065
G01 X-36.69299 Y4.30851
G01 X-36.69388 Y4.30930
G01 X-36.69299 Y4.30851
G01 X-36.69444 Y4.30541
G01 X-36.71755 Y4.26221
G01 X-36.75021 Y4.21331
G01 X-36.78130 Y4.17541
G01 X-36.80109 Y4.15360
G01 X-36.82288 Y4.13383
G01 X-36.86078 Y4.10274
G01 X-36.88443 Y4.08519
G01 X-36.90968 Y4.07008
G01 X-36.95291 Y4.04697
G01 X-37.00724 Y4.02446
G01 X-37.05413 Y4.01024
G01 X-37.11181 Y3.99876
G01 X-37.16058 Y3.99396
G01 X-37.18999 Y3.99251
G01 X-38.13998 Y3.99251
G01 X-38.16939 Y3.99396
G01 X-38.21816 Y3.99876
G01 X-38.27584 Y4.01024
G01 X-38.32275 Y4.02446
G01 X-38.34147 Y4.03117
G01 X-38.34473 Y4.03198
G01 X-38.66497 Y4.14788
G01 X-38.66504 Y4.15375
G01 X-38.66497 Y4.14788
G01 X-38.98524 Y4.03198
G01 X-38.98912 Y4.03094
G01 X-39.00723 Y4.02446
G01 X-39.05412 Y4.01024
G01 X-39.11181 Y3.99876
G01 X-39.16057 Y3.99396
G01 X-39.18999 Y3.99251
G01 X-40.14000 Y3.99251
G01 X-40.16938 Y3.99396
G01 X-40.21815 Y3.99876
G01 X-40.27584 Y4.01024
G01 X-40.32275 Y4.02446
G01 X-40.37708 Y4.04697
G01 X-40.42029 Y4.07008
G01 X-40.43563 Y4.07925
G01 X-40.44619 Y4.09896
G01 X-40.46832 Y4.14575
G01 X-40.49163 Y4.20188
G01 X-40.50835 Y4.24857
G01 X-40.52321 Y4.29744
G01 X-40.52791 Y4.31618
G01 X-40.52321 Y4.29744
G01 X-40.50835 Y4.24857
G01 X-40.49163 Y4.20188
G01 X-40.46832 Y4.14575
G01 X-40.44619 Y4.09896
G01 X-40.43563 Y4.07925
G01 X-40.41033 Y4.03208
G01 X-40.38224 Y3.98517
G01 X-40.34254 Y3.92596
G01 X-40.30487 Y3.91453
G01 X-40.22796 Y3.89924
G01 X-40.17919 Y3.89444
G01 X-40.14015 Y3.89251
G01 X-39.18983 Y3.89251
G01 X-39.15077 Y3.89444
G01 X-39.10200 Y3.89924
G01 X-39.02509 Y3.91453
G01 X-38.97820 Y3.92875
G01 X-38.95654 Y3.93653
G01 X-38.95123 Y3.93795
G01 X-38.66497 Y4.04153
G01 X-38.66497 Y4.04770
G01 X-38.66497 Y4.04153
G01 X-38.37876 Y3.93795
G01 X-38.37427 Y3.93681
G01 X-38.35176 Y3.92875
G01 X-38.30487 Y3.91453
G01 X-38.22796 Y3.89924
G01 X-38.17919 Y3.89444
G01 X-38.14015 Y3.89251
G01 X-37.18984 Y3.89251
G01 X-37.15077 Y3.89444
G01 X-37.10200 Y3.89924
G01 X-37.02509 Y3.91453
G01 X-36.97821 Y3.92875
G01 X-36.90576 Y3.95878
G01 X-36.86253 Y3.98187
G01 X-36.82888 Y4.00206
G01 X-36.79733 Y4.02545
G01 X-36.75946 Y4.05654
G01 X-36.73038 Y4.08288
G01 X-36.70401 Y4.11199
G01 X-36.67292 Y4.14986
G01 X-36.65555 Y4.17585
G01 X-36.64181 Y4.21379
G01 X-36.64155 Y4.21450
G01 X-36.63233 Y4.23881
G01 X-36.63015 Y4.24371
G01 X-36.62748 Y4.24834
G01 X-36.61991 Y4.26002
G01 X-36.62027 Y4.26022
G01 X-36.61991 Y4.26002
G01 X-36.61968 Y4.26033
G01 X-36.56048 Y4.34991
G01 X-36.55911 Y4.35189
G01 X-36.51239 Y4.41562
G01 X-36.51087 Y4.41758
G01 X-36.44475 Y4.49896
G01 X-36.44318 Y4.50081
G01 X-36.39591 Y4.55352
G01 X-36.39421 Y4.55532
G01 X-36.37816 Y4.57153
G01 X-36.37236 Y4.57656
G01 X-36.36586 Y4.58062
G01 X-36.35880 Y4.58364
G01 X-36.26949 Y4.61415
G01 X-36.26723 Y4.61486
G01 X-36.20597 Y4.63256
G01 X-36.20353 Y4.63320
G01 X-36.14938 Y4.64592
G01 X-36.09195 Y4.65944
G01 X-36.08959 Y4.65992
G01 X-36.04554 Y4.66807
G01 X-36.04308 Y4.66848
G01 X-35.93416 Y4.68301
G01 X-35.93175 Y4.68329
G01 X-35.89942 Y4.68601
G01 X-35.89693 Y4.68616
G01 X-35.87988 Y4.68674
G01 X-35.78278 Y4.66449
G01 X-35.78024 Y4.66416
G01 X-35.76221 Y4.66058
G01 X-35.65979 Y4.65050
G01 X-35.64999 Y4.65001
G01 X-35.19998 Y4.65001
G01 X-35.19020 Y4.65050
G01 X-35.08776 Y4.66058
G01 X-35.07806 Y4.66203
G01 X-35.06853 Y4.66441
G01 X-34.97346 Y4.69324
G01 X-34.97006 Y4.69429
G01 X-34.96081 Y4.69759
G01 X-34.95195 Y4.70178
G01 X-34.86117 Y4.75029
G01 X-34.84488 Y4.76119
G01 X-34.76531 Y4.82649
G01 X-34.75804 Y4.83307
G01 X-34.75146 Y4.84034
G01 X-34.68616 Y4.91989
G01 X-34.68032 Y4.92779
G01 X-34.67526 Y4.93619
G01 X-34.62675 Y5.02697
G01 X-34.61926 Y5.04508
G01 X-34.58939 Y5.14356
G01 X-34.58555 Y5.16279
G01 X-34.57547 Y5.26520
G01 X-34.57498 Y5.27501
G01 X-34.57547 Y5.28481
G01 X-34.58555 Y5.38725
G01 X-34.58939 Y5.40648
G01 X-34.61926 Y5.50495
G01 X-34.62675 Y5.52306
G01 X-34.67526 Y5.61382
G01 X-34.68616 Y5.63012
G01 X-34.75146 Y5.70968
G01 X-34.75804 Y5.71697
G01 X-34.76531 Y5.72354
G01 X-34.84488 Y5.78885
G01 X-34.86117 Y5.79972
G01 X-34.95195 Y5.84823
G01 X-34.97006 Y5.85575
G01 X-35.06853 Y5.88562
G01 X-35.07806 Y5.88801
G01 X-35.08776 Y5.88943
G01 X-35.19020 Y5.89954
G01 X-35.19998 Y5.90002
G01 X-35.64999 Y5.90002
G01 X-35.65979 Y5.89954
G01 X-35.76221 Y5.88943
G01 X-35.77193 Y5.88801
G01 X-35.77910 Y5.88621
G01 X-35.78278 Y5.88557
G01 X-36.70122 Y5.67503
G01 X-37.26995 Y5.67503
G01 X-37.27975 Y5.67455
G01 X-37.33830 Y5.66878
G01 X-37.35750 Y5.66495
G01 X-37.41379 Y5.64788
G01 X-37.43190 Y5.64038
G01 X-37.48377 Y5.61265
G01 X-37.50007 Y5.60178
G01 X-37.51938 Y5.58590
G01 X-37.74833 Y5.56820
G01 X-37.75217 Y5.56751
G01 X-38.13998 Y5.56751
G01 X-38.14978 Y5.56703
G01 X-38.19857 Y5.56223
G01 X-38.21778 Y5.55839
G01 X-38.26469 Y5.54417
G01 X-38.27394 Y5.54087
G01 X-38.27457 Y5.54056
G01 X-38.27663 Y5.54003
G01 X-38.66499 Y5.39947
G01 X-38.96817 Y5.50919
G01 X-39.12316 Y5.74615
G01 X-37.72796 Y7.14135
G01 X-37.72646 Y7.14229
G01 X-36.58773 Y7.98755
G01 X-36.54562 Y8.01008
G01 X-36.52931 Y8.02097
G01 X-36.40051 Y8.12666
G01 X-36.39324 Y8.13327
G01 X-36.38664 Y8.14053
G01 X-36.28092 Y8.26934
G01 X-36.27005 Y8.28564
G01 X-36.19149 Y8.43258
G01 X-36.18730 Y8.44147
G01 X-36.18400 Y8.45069
G01 X-36.13564 Y8.61015
G01 X-36.13180 Y8.62938
G01 X-36.11547 Y8.79522
G01 X-36.11499 Y8.80502
G01 X-36.11547 Y8.81483
G01 X-36.13180 Y8.98064
G01 X-36.13564 Y8.99986
G01 X-36.18400 Y9.15933
G01 X-36.18748 Y9.16773
G01 X-36.18908 Y9.17403
G01 X-36.66497 Y10.52221
G01 X-36.66497 Y10.68785
G01 X-36.18908 Y12.03600
G01 X-36.18819 Y12.03956
G01 X-36.18730 Y12.04146
G01 X-36.18400 Y12.05071
G01 X-36.13564 Y12.21015
G01 X-36.13180 Y12.22937
G01 X-36.11547 Y12.39521
G01 X-36.11499 Y12.40501
G01 X-36.11547 Y12.41482
G01 X-36.13180 Y12.58063
G01 X-36.13564 Y12.59986
G01 X-36.18400 Y12.75932
G01 X-36.18730 Y12.76856
G01 X-36.19149 Y12.77743
G01 X-36.27005 Y12.92439
G01 X-36.28092 Y12.94067
G01 X-36.38664 Y13.06950
G01 X-36.39324 Y13.07677
G01 X-36.40051 Y13.08335
G01 X-36.52931 Y13.18906
G01 X-36.54562 Y13.19996
G01 X-36.69256 Y13.27849
G01 X-36.71067 Y13.28601
G01 X-36.87013 Y13.33437
G01 X-36.87965 Y13.33676
G01 X-36.88936 Y13.33821
G01 X-37.05519 Y13.35454
G01 X-37.07480 Y13.35454
G01 X-37.24061 Y13.33821
G01 X-37.25032 Y13.33676
G01 X-37.25984 Y13.33437
G01 X-37.41930 Y13.28601
G01 X-37.42855 Y13.28269
G01 X-37.43741 Y13.27849
G01 X-37.58435 Y13.19996
G01 X-37.60066 Y13.18906
G01 X-37.72946 Y13.08335
G01 X-37.73675 Y13.07677
G01 X-37.74333 Y13.06950
G01 X-37.84904 Y12.94067
G01 X-37.85994 Y12.92439
G01 X-37.93848 Y12.77743
G01 X-37.94267 Y12.76856
G01 X-37.94597 Y12.75932
G01 X-37.99436 Y12.59986
G01 X-37.99817 Y12.58063
G01 X-38.01450 Y12.41482
G01 X-38.01498 Y12.40501
G01 X-38.01450 Y12.39521
G01 X-37.99817 Y12.22937
G01 X-37.99436 Y12.21015
G01 X-37.94597 Y12.05071
G01 X-37.94267 Y12.04144
G01 X-37.94181 Y12.03964
G01 X-37.94089 Y12.03600
G01 X-37.46500 Y10.68792
G01 X-37.46497 Y10.52214
G01 X-37.94089 Y9.17403
G01 X-37.94206 Y9.16984
G01 X-37.94267 Y9.16857
G01 X-37.94597 Y9.15933
G01 X-37.99436 Y8.99986
G01 X-37.99675 Y8.99034
G01 X-37.99817 Y8.98064
G01 X-38.00340 Y8.92753
G01 X-38.30884 Y7.69187
G01 X-39.94782 Y6.05286
G01 X-39.95442 Y6.04559
G01 X-39.99171 Y6.00012
G01 X-40.00261 Y5.98382
G01 X-40.03035 Y5.93195
G01 X-40.03784 Y5.91384
G01 X-40.05491 Y5.85758
G01 X-40.05874 Y5.83835
G01 X-40.06443 Y5.78052
G01 X-40.21163 Y5.55964
G01 X-40.21780 Y5.55839
G01 X-40.26469 Y5.54417
G01 X-40.28280 Y5.53668
G01 X-40.32603 Y5.51356
G01 X-40.33443 Y5.50853
G01 X-40.34231 Y5.50269
G01 X-40.38021 Y5.47160
G01 X-40.39407 Y5.45773
G01 X-40.42516 Y5.41984
G01 X-40.43603 Y5.40356
G01 X-40.45915 Y5.36032
G01 X-40.46334 Y5.35146
G01 X-40.46664 Y5.34221
G01 X-40.48087 Y5.29533
G01 X-40.48325 Y5.28580
G01 X-40.48470 Y5.27610
G01 X-40.48950 Y5.22730
G01 X-40.48998 Y5.21750
G01 X-40.48998 Y4.54252
G01 X-40.48950 Y4.53272
G01 X-40.48470 Y4.48395
G01 X-40.48325 Y4.47422
G01 X-40.48087 Y4.46472
G01 X-40.46664 Y4.41781
G01 X-40.46334 Y4.40856
G01 X-40.45915 Y4.39970
G01 X-40.43603 Y4.35649
G01 X-40.42516 Y4.34018
G01 X-40.39407 Y4.30229
G01 X-40.38021 Y4.28844
G01 X-40.34231 Y4.25735
G01 X-40.33443 Y4.25149
G01 X-40.32603 Y4.24646
G01 X-40.28280 Y4.22334
G01 X-40.26469 Y4.21585
G01 X-40.21780 Y4.20163
G01 X-40.19857 Y4.19779
G01 X-40.14980 Y4.19299
G01 X-40.14000 Y4.19251
G01 X-39.18999 Y4.19251
G01 X-39.18018 Y4.19299
G01 X-39.13141 Y4.19779
G01 X-39.11219 Y4.20163
G01 X-39.06530 Y4.21585
G01 X-39.05600 Y4.21918
G01 X-39.05526 Y4.21953
G01 X-39.05331 Y4.22004
G01 X-38.66497 Y4.36058
G01 X-38.27665 Y4.22004
G01 X-38.27485 Y4.21958
G01 X-38.27396 Y4.21915
G01 X-38.26469 Y4.21585
G01 X-38.21778 Y4.20163
G01 X-38.19857 Y4.19779
G01 X-38.14978 Y4.19299
G01 X-38.13998 Y4.19251
G01 X-37.18999 Y4.19251
G01 X-37.18019 Y4.19299
G01 X-37.13142 Y4.19779
G01 X-37.11219 Y4.20163
G01 X-37.06528 Y4.21585
G01 X-37.04717 Y4.22334
G01 X-37.00396 Y4.24646
G01 X-36.99553 Y4.25149
G01 X-36.98765 Y4.25735
G01 X-36.94978 Y4.28844
G01 X-36.93591 Y4.30229
G01 X-36.90482 Y4.34018
G01 X-36.89393 Y4.35649
G01 X-36.87081 Y4.39970
G01 X-36.86662 Y4.40859
G01 X-36.86332 Y4.41781
G01 X-36.85982 Y4.42939
G01 X-36.40790 Y4.80777
G01 X-35.87988 Y4.68674
G04 P0 ( dwell for no time -- G64 should not smooth over this point )
G00 Z5.00000 ( retract )

G00 X-45.48395 Y3.57440 ( rapid move to begin. )
G01 F150.00000
( Mill infeed pass 1/1 )
G01 Z-0.06000
G04 P0 ( dwell for no time -- G64 should not smooth over this point )
G01 F300.00000
G01 X-45.48395 Y3.57440
G01 X-44.84875 Y3.72004
G01 X-44.81499 Y3.72002
G01 X-44.80519 Y3.72050
G01 X-44.74664 Y3.72627
G01 X-44.73694 Y3.72771
G01 X-44.72742 Y3.73010
G01 X-44.67115 Y3.74717
G01 X-44.65304 Y3.75466
G01 X-44.60118 Y3.78240
G01 X-44.59274 Y3.78743
G01 X-44.58487 Y3.79330
G01 X-44.53940 Y3.83058
G01 X-44.53214 Y3.83719
G01 X-44.06214 Y4.30719
G01 X-44.05553 Y4.31445
G01 X-44.01825 Y4.35992
G01 X-44.01238 Y4.36779
G01 X-44.00735 Y4.37623
G01 X-43.97961 Y4.42809
G01 X-43.97212 Y4.44620
G01 X-43.95505 Y4.50246
G01 X-43.95266 Y4.51199
G01 X-43.95122 Y4.52169
G01 X-43.94545 Y4.58024
G01 X-43.94497 Y4.59002
G01 X-43.94497 Y6.39001
G01 X-43.94545 Y6.39982
G01 X-43.95122 Y6.45837
G01 X-43.95505 Y6.47759
G01 X-43.97212 Y6.53386
G01 X-43.97961 Y6.55197
G01 X-44.00735 Y6.60383
G01 X-44.01825 Y6.62014
G01 X-44.05553 Y6.66560
G01 X-44.06214 Y6.67287
G01 X-44.82498 Y7.43571
G01 X-44.82498 Y7.46070
G01 X-44.31108 Y7.99225
G01 X-44.30776 Y7.99646
G01 X-44.30428 Y7.99931
G01 X-44.29183 Y8.01445
G01 X-44.28261 Y8.03174
G01 X-44.27692 Y8.05051
G01 X-44.27499 Y8.07002
G01 X-44.27499 Y9.77002
G01 X-44.27692 Y9.78953
G01 X-44.28261 Y9.80827
G01 X-44.29183 Y9.82557
G01 X-44.29371 Y9.82785
G01 X-44.29615 Y9.83227
G01 X-44.82495 Y10.64954
G01 X-44.82498 Y10.79051
G01 X-44.29615 Y11.60776
G01 X-44.29414 Y11.61167
G01 X-44.29183 Y11.61446
G01 X-44.28261 Y11.63174
G01 X-44.27692 Y11.65051
G01 X-44.27499 Y11.67001
G01 X-44.27499 Y13.37001
G01 X-44.27692 Y13.38952
G01 X-44.28261 Y13.40829
G01 X-44.29183 Y13.42556
G01 X-44.30428 Y13.44072
G01 X-44.31944 Y13.45317
G01 X-44.33671 Y13.46239
G01 X-44.35548 Y13.46808
G01 X-44.37499 Y13.47001
G01 X-46.07499 Y13.47001
G01 X-46.09449 Y13.46808
G01 X-46.11326 Y13.46239
G01 X-46.13054 Y13.45317
G01 X-46.14570 Y13.44072
G01 X-46.15815 Y13.42556
G01 X-46.16737 Y13.40829
G01 X-46.17306 Y13.38952
G01 X-46.17499 Y13.37001
G01 X-46.17499 Y11.67001
G01 X-46.17306 Y11.65051
G01 X-46.16737 Y11.63174
G01 X-46.15815 Y11.61446
G01 X-46.15617 Y11.61205
G01 X-46.15380 Y11.60776
G01 X-45.62495 Y10.79046
G01 X-45.62495 Y10.64959
G01 X-46.15380 Y9.83227
G01 X-46.15629 Y9.82783
G01 X-46.15815 Y9.82557
G01 X-46.16737 Y9.80827
G01 X-46.17306 Y9.78953
G01 X-46.17499 Y9.77002
G01 X-46.17499 Y8.07002
G01 X-46.17346 Y8.05265
G01 X-46.16897 Y8.03581
G01 X-46.16160 Y8.02001
G01 X-46.15159 Y8.00573
G01 X-46.13927 Y7.99342
G01 X-46.12497 Y7.98341
G01 X-46.11997 Y7.98107
G01 X-45.61019 Y7.16698
G01 X-45.59782 Y7.12621
G01 X-45.59033 Y7.10810
G01 X-45.56259 Y7.05623
G01 X-45.55170 Y7.03992
G01 X-45.51441 Y6.99446
G01 X-45.50780 Y6.98719
G01 X-44.74499 Y6.22436
G01 X-44.74499 Y4.75573
G01 X-44.95607 Y4.54463
G01 X-45.67006 Y4.70831
G01 X-45.76716 Y4.73056
G01 X-45.76948 Y4.73086
G01 X-45.77806 Y4.73299
G01 X-45.78776 Y4.73444
G01 X-45.89018 Y4.74453
G01 X-45.89998 Y4.74501
G01 X-46.34999 Y4.74501
G01 X-46.35980 Y4.74453
G01 X-46.46221 Y4.73444
G01 X-46.47191 Y4.73299
G01 X-46.48144 Y4.73061
G01 X-46.57641 Y4.70180
G01 X-46.59221 Y4.70127
G01 X-46.62213 Y4.69873
G01 X-46.72855 Y4.68453
G01 X-46.77024 Y4.67681
G01 X-46.82647 Y4.66358
G01 X-46.84809 Y4.64585
G01 X-46.86264 Y4.63267
G01 X-46.87582 Y4.61811
G01 X-46.94110 Y4.53856
G01 X-46.95281 Y4.52281
G01 X-46.96289 Y4.50597
G01 X-47.01141 Y4.41519
G01 X-47.02642 Y4.37897
G01 X-47.05629 Y4.28049
G01 X-47.06394 Y4.24204
G01 X-47.07402 Y4.13963
G01 X-47.07498 Y4.12002
G01 X-47.07402 Y4.10041
G01 X-47.06394 Y3.99800
G01 X-47.05629 Y3.95954
G01 X-47.02642 Y3.86104
G01 X-47.01141 Y3.82482
G01 X-46.96289 Y3.73406
G01 X-46.95281 Y3.71722
G01 X-46.94110 Y3.70145
G01 X-46.90531 Y3.65786
G01 X-46.88342 Y3.65088
G01 X-46.97379 Y3.67961
G01 X-46.97707 Y3.68052
G01 X-47.00427 Y3.68718
G01 X-47.06015 Y3.70389
G01 X-47.09960 Y3.77768
G01 X-47.12210 Y3.83201
G01 X-47.15197 Y3.93051
G01 X-47.16345 Y3.98819
G01 X-47.17354 Y4.09060
G01 X-47.17498 Y4.12002
G01 X-47.17354 Y4.14943
G01 X-47.16345 Y4.25184
G01 X-47.15197 Y4.30953
G01 X-47.12210 Y4.40800
G01 X-47.09960 Y4.46233
G01 X-47.05108 Y4.55311
G01 X-47.03594 Y4.57836
G01 X-47.01842 Y4.60201
G01 X-47.01298 Y4.60861
G01 X-46.93836 Y4.63411
G01 X-46.87951 Y4.65111
G01 X-46.82647 Y4.66358
G01 X-46.87951 Y4.65111
G01 X-46.93836 Y4.63411
G01 X-47.01298 Y4.60861
G01 X-47.04547 Y4.59751
G01 X-47.08674 Y4.55667
G01 X-47.15718 Y4.48029
G01 X-47.21100 Y4.41572
G01 X-47.23318 Y4.38639
G01 X-47.24768 Y4.33856
G01 X-47.26297 Y4.26165
G01 X-47.27305 Y4.15921
G01 X-47.27498 Y4.12002
G01 X-47.27305 Y4.08080
G01 X-47.26297 Y3.97839
G01 X-47.24768 Y3.90148
G01 X-47.23320 Y3.85375
G01 X-47.21095 Y3.82428
G01 X-47.15718 Y3.75977
G01 X-47.12591 Y3.72586
G01 X-47.08116 Y3.71016
G01 X-47.06015 Y3.70389
G01 X-47.00427 Y3.68718
G01 X-46.97707 Y3.68052
G01 X-46.97379 Y3.67961
G01 X-46.88342 Y3.65088
G01 X-46.87953 Y3.64948
G01 X-46.85652 Y3.64001
G01 X-46.83744 Y3.63267
G01 X-46.73628 Y3.59647
G01 X-46.70557 Y3.58715
G01 X-46.64529 Y3.57204
G01 X-46.59802 Y3.54679
G01 X-46.57991 Y3.53927
G01 X-46.48144 Y3.50940
G01 X-46.47191 Y3.50701
G01 X-46.46221 Y3.50559
G01 X-46.35980 Y3.49548
G01 X-46.34999 Y3.49502
G01 X-45.89998 Y3.49502
G01 X-45.89018 Y3.49548
G01 X-45.78776 Y3.50559
G01 X-45.77804 Y3.50701
G01 X-45.77059 Y3.50889
G01 X-45.76716 Y3.50948
G01 X-45.48395 Y3.57440
G01 X-45.38060 Y3.58608
G01 X-45.38063 Y3.58659
G01 X-45.38060 Y3.58608
G01 X-45.37372 Y3.58639
G01 X-45.27981 Y3.58403
G01 X-45.27372 Y3.58349
G01 X-45.27357 Y3.58436
G01 X-45.27372 Y3.58349
G01 X-45.26770 Y3.58222
G01 X-45.16800 Y3.55454
G01 X-45.16155 Y3.55225
G01 X-45.15548 Y3.54913
G01 X-45.15307 Y3.54768
G01 X-45.03018 Y3.47323
G01 X-44.93867 Y3.41778
G01 X-44.93341 Y3.41413
G01 X-44.91266 Y3.39759
G01 X-44.81477 Y3.42004
G01 X-44.77578 Y3.42195
G01 X-44.71726 Y3.42771
G01 X-44.67842 Y3.43348
G01 X-44.64034 Y3.44301
G01 X-44.58406 Y3.46010
G01 X-44.51162 Y3.49010
G01 X-44.45975 Y3.51781
G01 X-44.42609 Y3.53800
G01 X-44.39455 Y3.56139
G01 X-44.34908 Y3.59868
G01 X-44.32000 Y3.62505
G01 X-43.85000 Y4.09505
G01 X-43.82363 Y4.12413
G01 X-43.78635 Y4.16960
G01 X-43.76295 Y4.20114
G01 X-43.74276 Y4.23480
G01 X-43.71505 Y4.28667
G01 X-43.68505 Y4.35911
G01 X-43.66796 Y4.41539
G01 X-43.65843 Y4.45347
G01 X-43.65266 Y4.49230
G01 X-43.64690 Y4.55083
G01 X-43.64497 Y4.59002
G01 X-43.74497 Y4.59002
G01 X-43.84497 Y4.59002
G01 X-43.94497 Y4.59002
G01 X-43.84497 Y4.59002
G01 X-43.74497 Y4.59002
G01 X-43.64497 Y4.59002
G01 X-43.64497 Y6.39001
G01 X-43.64690 Y6.42923
G01 X-43.65266 Y6.48775
G01 X-43.66796 Y6.56467
G01 X-43.68505 Y6.62095
G01 X-43.71505 Y6.69339
G01 X-43.74276 Y6.74526
G01 X-43.78632 Y6.81046
G01 X-43.82363 Y6.85590
G01 X-43.85000 Y6.88498
G01 X-44.41654 Y7.45156
G01 X-44.45581 Y7.45105
G01 X-44.41654 Y7.45156
G01 X-44.09541 Y7.78374
G01 X-44.09363 Y7.78595
G01 X-44.09214 Y7.78717
G01 X-44.04240 Y7.84780
G01 X-44.00545 Y7.91694
G01 X-43.98266 Y7.99197
G01 X-43.97499 Y8.07002
G01 X-43.97499 Y9.77002
G01 X-43.98266 Y9.84805
G01 X-44.00545 Y9.92308
G01 X-44.01553 Y9.94195
G01 X-44.01670 Y9.94507
G01 X-44.03460 Y9.97764
G01 X-44.04240 Y9.99224
G01 X-44.04306 Y9.99306
G01 X-44.04428 Y9.99527
G01 X-44.51324 Y10.72003
G01 X-44.53234 Y10.72003
G01 X-44.51324 Y10.72003
G01 X-44.04428 Y11.44477
G01 X-44.04329 Y11.44670
G01 X-44.04240 Y11.44779
G01 X-44.00545 Y11.51693
G01 X-43.98266 Y11.59199
G01 X-43.97499 Y11.67001
G01 X-43.97499 Y13.37001
G01 X-43.98266 Y13.44804
G01 X-44.00545 Y13.52310
G01 X-44.04240 Y13.59224
G01 X-44.09214 Y13.65287
G01 X-44.15277 Y13.70260
G01 X-44.22190 Y13.73956
G01 X-44.29696 Y13.76234
G01 X-44.37499 Y13.77001
G01 X-46.07499 Y13.77001
G01 X-46.15302 Y13.76234
G01 X-46.22807 Y13.73956
G01 X-46.29721 Y13.70260
G01 X-46.35784 Y13.65287
G01 X-46.40757 Y13.59224
G01 X-46.44453 Y13.52310
G01 X-46.46729 Y13.44804
G01 X-46.47499 Y13.37001
G01 X-46.47499 Y12.90034
G01 X-46.46310 Y12.82018
G01 X-46.46279 Y12.81776
G01 X-46.45441 Y12.73283
G01 X-46.45423 Y12.73036
G01 X-46.44606 Y12.56374
G01 X-46.44598 Y12.56128
G01 X-46.44598 Y12.47875
G01 X-46.44570 Y12.47875
G01 X-46.44598 Y12.47875
G01 X-46.44606 Y12.47629
G01 X-46.45423 Y12.30969
G01 X-46.45441 Y12.30722
G01 X-46.46279 Y12.22229
G01 X-46.46310 Y12.21987
G01 X-46.47499 Y12.13971
G01 X-46.47499 Y11.67001
G01 X-46.46729 Y11.59199
G01 X-46.44453 Y11.51693
G01 X-46.43437 Y11.49790
G01 X-46.43325 Y11.49496
G01 X-46.41631 Y11.46415
G01 X-46.40757 Y11.44779
G01 X-46.40681 Y11.44685
G01 X-46.40567 Y11.44477
G01 X-45.93671 Y10.72003
G01 X-45.91761 Y10.72003
G01 X-45.93671 Y10.72003
G01 X-46.40567 Y9.99527
G01 X-46.40689 Y9.99308
G01 X-46.40757 Y9.99224
G01 X-46.41276 Y9.98254
G01 X-46.43127 Y9.94932
G01 X-46.43346 Y9.94383
G01 X-46.44453 Y9.92308
G01 X-46.46729 Y9.84805
G01 X-46.47499 Y9.77002
G01 X-46.47499 Y9.30035
G01 X-46.46310 Y9.22018
G01 X-46.46279 Y9.21777
G01 X-46.45441 Y9.13283
G01 X-46.45423 Y9.13037
G01 X-46.44606 Y8.96375
G01 X-46.44598 Y8.96128
G01 X-46.44598 Y8.87876
G01 X-46.44570 Y8.87876
G01 X-46.44598 Y8.87876
G01 X-46.44606 Y8.87629
G01 X-46.45423 Y8.70970
G01 X-46.45441 Y8.70723
G01 X-46.46279 Y8.62229
G01 X-46.46310 Y8.61988
G01 X-46.47499 Y8.53972
G01 X-46.47499 Y8.07002
G01 X-46.46892 Y8.00055
G01 X-46.45086 Y7.93319
G01 X-46.42139 Y7.87000
G01 X-46.38139 Y7.81290
G01 X-46.34710 Y7.77884
G01 X-45.88560 Y7.04168
G01 X-45.88489 Y7.03911
G01 X-45.85490 Y6.96667
G01 X-45.82718 Y6.91480
G01 X-45.78362 Y6.84960
G01 X-45.74631 Y6.80416
G01 X-45.71995 Y6.77508
G01 X-45.04499 Y6.10007
G01 X-45.03750 Y6.10315
G01 X-45.04499 Y6.10007
G01 X-45.04499 Y5.94376
G01 X-45.03206 Y5.90129
G01 X-45.03140 Y5.89888
G01 X-45.00562 Y5.79599
G01 X-45.00509 Y5.79360
G01 X-44.98939 Y5.71491
G01 X-44.98873 Y5.71250
G01 X-44.97369 Y5.60952
G01 X-44.97339 Y5.60711
G01 X-44.96615 Y5.53370
G01 X-44.96597 Y5.53124
G01 X-44.96092 Y5.42835
G01 X-44.96087 Y5.42588
G01 X-44.96059 Y5.42588
G01 X-44.96087 Y5.42588
G01 X-44.96087 Y5.35418
G01 X-44.96092 Y5.35174
G01 X-44.96597 Y5.24879
G01 X-44.96615 Y5.24633
G01 X-44.97341 Y5.17290
G01 X-44.97369 Y5.17048
G01 X-44.97334 Y5.17043
G01 X-44.97369 Y5.17048
G01 X-44.98896 Y5.06756
G01 X-44.98939 Y5.06513
G01 X-45.00509 Y4.98646
G01 X-45.00562 Y4.98407
G01 X-45.02696 Y4.89891
G01 X-45.02990 Y4.89042
G01 X-45.03432 Y4.88263
G01 X-45.04006 Y4.87574
G01 X-45.03008 Y4.86718
G01 X-45.04006 Y4.87574
G01 X-45.04695 Y4.86998
G01 X-45.05474 Y4.86556
G01 X-45.07504 Y4.85631
G01 X-45.07722 Y4.85537
G01 X-45.16343 Y4.82096
G01 X-45.16582 Y4.82007
G01 X-45.20463 Y4.80678
G01 X-45.01924 Y4.76429
G01 X-45.01530 Y4.75057
G01 X-45.01924 Y4.76429
G01 X-44.94499 Y4.83856
G01 X-44.93737 Y4.83541
G01 X-44.94499 Y4.83856
G01 X-44.94499 Y6.14150
G01 X-44.93750 Y6.14457
G01 X-44.94499 Y6.14150
G01 X-45.64923 Y6.84577
G01 X-45.66899 Y6.86759
G01 X-45.70631 Y6.91305
G01 X-45.73900 Y6.96195
G01 X-45.76671 Y7.01381
G01 X-45.78921 Y7.06814
G01 X-45.79376 Y7.08346
G01 X-46.26747 Y7.84023
G01 X-46.26782 Y7.84020
G01 X-46.30481 Y7.87716
G01 X-46.33480 Y7.92001
G01 X-46.35690 Y7.96741
G01 X-46.37044 Y8.01793
G01 X-46.37499 Y8.07002
G01 X-46.37499 Y9.77002
G01 X-46.36922 Y9.82854
G01 X-46.35215 Y9.88483
G01 X-46.34192 Y9.90398
G01 X-46.34092 Y9.90647
G01 X-46.33249 Y9.92158
G01 X-46.32444 Y9.93669
G01 X-46.32335 Y9.93799
G01 X-46.32172 Y9.94093
G01 X-45.82495 Y10.70865
G01 X-45.82086 Y10.70746
G01 X-45.82495 Y10.70865
G01 X-45.82495 Y10.73141
G01 X-45.82086 Y10.73260
G01 X-45.82495 Y10.73141
G01 X-46.32172 Y11.49910
G01 X-46.32327 Y11.50194
G01 X-46.32444 Y11.50334
G01 X-46.33783 Y11.52841
G01 X-46.34240 Y11.53674
G01 X-46.34270 Y11.53753
G01 X-46.35215 Y11.55521
G01 X-46.36922 Y11.61149
G01 X-46.37499 Y11.67001
G01 X-46.37499 Y13.37001
G01 X-46.36922 Y13.42853
G01 X-46.35215 Y13.48482
G01 X-46.32444 Y13.53669
G01 X-46.28713 Y13.58215
G01 X-46.24166 Y13.61946
G01 X-46.18979 Y13.64718
G01 X-46.13351 Y13.66424
G01 X-46.07499 Y13.67001
G01 X-44.37499 Y13.67001
G01 X-44.31647 Y13.66424
G01 X-44.26018 Y13.64718
G01 X-44.20832 Y13.61946
G01 X-44.16285 Y13.58215
G01 X-44.12554 Y13.53669
G01 X-44.09783 Y13.48482
G01 X-44.08076 Y13.42853
G01 X-44.07499 Y13.37001
G01 X-44.07499 Y11.67001
G01 X-44.08076 Y11.61149
G01 X-44.09783 Y11.55521
G01 X-44.12554 Y11.50334
G01 X-44.12691 Y11.50169
G01 X-44.12823 Y11.49910
G01 X-44.62495 Y10.73143
G01 X-44.62907 Y10.73265
G01 X-44.62495 Y10.73143
G01 X-44.62495 Y10.70862
G01 X-44.62907 Y10.70741
G01 X-44.62495 Y10.70862
G01 X-44.12823 Y9.94093
G01 X-44.12663 Y9.93799
G01 X-44.12554 Y9.93669
G01 X-44.11309 Y9.91338
G01 X-44.10755 Y9.90329
G01 X-44.10717 Y9.90233
G01 X-44.09783 Y9.88483
G01 X-44.08076 Y9.82854
G01 X-44.07499 Y9.77002
G01 X-44.07499 Y8.07002
G01 X-44.08076 Y8.01150
G01 X-44.09783 Y7.95521
G01 X-44.12554 Y7.90335
G01 X-44.16285 Y7.85788
G01 X-44.16501 Y7.85610
G01 X-44.16729 Y7.85323
G01 X-44.55678 Y7.45036
G01 X-44.59638 Y7.44991
G01 X-44.55678 Y7.45036
G01 X-43.92071 Y6.81430
G01 X-43.90095 Y6.79248
G01 X-43.86364 Y6.74701
G01 X-43.83095 Y6.69812
G01 X-43.80324 Y6.64625
G01 X-43.78073 Y6.59192
G01 X-43.76366 Y6.53563
G01 X-43.75218 Y6.47795
G01 X-43.74642 Y6.41943
G01 X-43.74497 Y6.39001
G01 X-43.74497 Y4.59002
G01 X-43.74642 Y4.56063
G01 X-43.75218 Y4.50211
G01 X-43.75650 Y4.47298
G01 X-43.76366 Y4.44443
G01 X-43.78073 Y4.38814
G01 X-43.80324 Y4.33381
G01 X-43.83097 Y4.28194
G01 X-43.84609 Y4.25669
G01 X-43.86364 Y4.23305
G01 X-43.90095 Y4.18758
G01 X-43.92071 Y4.16576
G01 X-44.39071 Y3.69576
G01 X-44.41253 Y3.67600
G01 X-44.45800 Y3.63869
G01 X-44.48164 Y3.62114
G01 X-44.50689 Y3.60602
G01 X-44.55876 Y3.57829
G01 X-44.61309 Y3.55578
G01 X-44.66938 Y3.53871
G01 X-44.69793 Y3.53155
G01 X-44.72706 Y3.52723
G01 X-44.78558 Y3.52147
G01 X-44.81499 Y3.52002
G01 X-44.82612 Y3.52002
G01 X-45.03018 Y3.47323
G01 X-45.15307 Y3.54768
G01 X-44.83745 Y3.62004
G01 X-44.83747 Y3.62030
G01 X-44.83745 Y3.62004
G01 X-44.81499 Y3.62002
G01 X-44.79539 Y3.62098
G01 X-44.73684 Y3.62675
G01 X-44.71743 Y3.62964
G01 X-44.69841 Y3.63439
G01 X-44.64212 Y3.65149
G01 X-44.60590 Y3.66647
G01 X-44.55403 Y3.69421
G01 X-44.53719 Y3.70430
G01 X-44.52142 Y3.71598
G01 X-44.47598 Y3.75329
G01 X-44.46143 Y3.76647
G01 X-43.99142 Y4.23648
G01 X-43.97824 Y4.25103
G01 X-43.94093 Y4.29647
G01 X-43.92925 Y4.31224
G01 X-43.91916 Y4.32908
G01 X-43.89142 Y4.38095
G01 X-43.87644 Y4.41717
G01 X-43.85934 Y4.47346
G01 X-43.85459 Y4.49248
G01 X-43.85170 Y4.51189
G01 X-43.84593 Y4.57044
G01 X-43.84497 Y4.59002
G01 X-43.84497 Y6.39001
G01 X-43.84593 Y6.40962
G01 X-43.85170 Y6.46815
G01 X-43.85934 Y6.50660
G01 X-43.87644 Y6.56289
G01 X-43.89142 Y6.59911
G01 X-43.91916 Y6.65097
G01 X-43.94093 Y6.68356
G01 X-43.97824 Y6.72903
G01 X-43.99142 Y6.74358
G01 X-44.69701 Y7.44919
G01 X-44.73719 Y7.44886
G01 X-44.69701 Y7.44919
G01 X-44.23920 Y7.92275
G01 X-44.23638 Y7.92628
G01 X-44.23356 Y7.92859
G01 X-44.20870 Y7.95890
G01 X-44.19020 Y7.99347
G01 X-44.17883 Y8.03101
G01 X-44.17499 Y8.07002
G01 X-44.17499 Y9.77002
G01 X-44.17883 Y9.80903
G01 X-44.19020 Y9.84655
G01 X-44.20870 Y9.88112
G01 X-44.21017 Y9.88292
G01 X-44.21220 Y9.88660
G01 X-44.72495 Y10.67908
G01 X-44.72907 Y10.67787
G01 X-44.72495 Y10.67908
G01 X-44.72498 Y10.76097
G01 X-44.72907 Y10.76219
G01 X-44.72498 Y10.76097
G01 X-44.21220 Y11.55343
G01 X-44.21053 Y11.55668
G01 X-44.20870 Y11.55889
G01 X-44.19020 Y11.59348
G01 X-44.17883 Y11.63100
G01 X-44.17499 Y11.67001
G01 X-44.17499 Y13.37001
G01 X-44.17883 Y13.40903
G01 X-44.19020 Y13.44654
G01 X-44.20870 Y13.48114
G01 X-44.23356 Y13.51144
G01 X-44.26387 Y13.53630
G01 X-44.29846 Y13.55480
G01 X-44.33598 Y13.56618
G01 X-44.37499 Y13.57001
G01 X-46.07499 Y13.57001
G01 X-46.11400 Y13.56618
G01 X-46.15152 Y13.55480
G01 X-46.18611 Y13.53630
G01 X-46.21641 Y13.51144
G01 X-46.24128 Y13.48114
G01 X-46.25977 Y13.44654
G01 X-46.27115 Y13.40903
G01 X-46.27499 Y13.37001
G01 X-46.27499 Y11.67001
G01 X-46.27115 Y11.63100
G01 X-46.25977 Y11.59348
G01 X-46.24128 Y11.55889
G01 X-46.23973 Y11.55698
G01 X-46.23775 Y11.55343
G01 X-45.72495 Y10.76092
G01 X-45.72086 Y10.76214
G01 X-45.72495 Y10.76092
G01 X-45.72495 Y10.67914
G01 X-45.72086 Y10.67792
G01 X-45.72495 Y10.67914
G01 X-46.23775 Y9.88660
G01 X-46.23981 Y9.88290
G01 X-46.24128 Y9.88112
G01 X-46.25977 Y9.84655
G01 X-46.27115 Y9.80903
G01 X-46.27499 Y9.77002
G01 X-46.27499 Y8.07002
G01 X-46.27194 Y8.03527
G01 X-46.26292 Y8.00159
G01 X-46.24819 Y7.97000
G01 X-46.22820 Y7.94145
G01 X-46.20354 Y7.91681
G01 X-46.19317 Y7.90954
G01 X-46.19287 Y7.90977
G01 X-46.19317 Y7.90954
G01 X-45.70191 Y7.12527
G01 X-45.69350 Y7.09718
G01 X-45.67852 Y7.06096
G01 X-45.65078 Y7.00909
G01 X-45.62901 Y6.97650
G01 X-45.59170 Y6.93103
G01 X-45.57852 Y6.91648
G01 X-44.84499 Y6.18293
G01 X-44.83747 Y6.18600
G01 X-44.84499 Y6.18293
G01 X-44.84499 Y4.79713
G01 X-44.83737 Y4.79398
G01 X-44.84499 Y4.79713
G01 X-44.98766 Y4.65446
G01 X-44.98370 Y4.64072
G01 X-44.98766 Y4.65446
G01 X-45.40054 Y4.74910
G01 X-45.34641 Y4.76185
G01 X-45.34397 Y4.76248
G01 X-45.28268 Y4.78021
G01 X-45.28040 Y4.78092
G01 X-45.20463 Y4.80678
G01 X-45.28040 Y4.78092
G01 X-45.28268 Y4.78021
G01 X-45.34397 Y4.76248
G01 X-45.34641 Y4.76185
G01 X-45.40054 Y4.74910
G01 X-45.45800 Y4.73561
G01 X-45.46036 Y4.73513
G01 X-45.50440 Y4.72698
G01 X-45.50686 Y4.72659
G01 X-45.61578 Y4.71204
G01 X-45.61819 Y4.71179
G01 X-45.65053 Y4.70904
G01 X-45.65302 Y4.70889
G01 X-45.67006 Y4.70831
G01 X-45.76716 Y4.73056
G01 X-45.76948 Y4.73086
G01 X-45.77806 Y4.73299
G01 X-45.78776 Y4.73444
G01 X-45.89018 Y4.74453
G01 X-45.89998 Y4.74501
G01 X-46.34999 Y4.74501
G01 X-46.35980 Y4.74453
G01 X-46.46221 Y4.73444
G01 X-46.47191 Y4.73299
G01 X-46.48144 Y4.73061
G01 X-46.57641 Y4.70180
G01 X-46.57991 Y4.70074
G01 X-46.59802 Y4.69324
G01 X-46.68880 Y4.64473
G01 X-46.70511 Y4.63383
G01 X-46.78466 Y4.56856
G01 X-46.79193 Y4.56195
G01 X-46.79853 Y4.55469
G01 X-46.86381 Y4.47513
G01 X-46.86965 Y4.46723
G01 X-46.87471 Y4.45883
G01 X-46.92322 Y4.36807
G01 X-46.93071 Y4.34994
G01 X-46.96058 Y4.25146
G01 X-46.96442 Y4.23223
G01 X-46.97450 Y4.12982
G01 X-46.97498 Y4.12002
G01 X-46.97450 Y4.11021
G01 X-46.96442 Y4.00780
G01 X-46.96058 Y3.98857
G01 X-46.93071 Y3.89007
G01 X-46.92322 Y3.87196
G01 X-46.87471 Y3.78121
G01 X-46.86965 Y3.77277
G01 X-46.86381 Y3.76490
G01 X-46.79853 Y3.68535
G01 X-46.79193 Y3.67808
G01 X-46.78466 Y3.67148
G01 X-46.70511 Y3.60620
G01 X-46.68880 Y3.59530
G01 X-46.64529 Y3.57204
G04 P0 ( dwell for no time -- G64 should not smooth over this point )
G00 Z5.00000 ( retract )

G00 X-49.70592 Y7.61005 ( rapid move to begin. )
G01 F150.00000
( Mill infeed pass 1/1 )
G01 Z-0.06000
G04 P0 ( dwell for no time -- G64 should not smooth over this point )
G01 F300.00000
G01 X-49.70592 Y7.61005
G01 X-49.70282 Y7.61666
G01 X-49.68814 Y7.64980
G01 X-49.67305 Y7.68620
G01 X-49.67010 Y7.69217
G01 X-49.67041 Y7.69237
G01 X-49.67010 Y7.69217
G01 X-49.66639 Y7.69768
G01 X-49.39898 Y8.04322
G01 X-49.33304 Y8.19659
G01 X-49.33137 Y8.20010
G01 X-49.32621 Y8.20992
G01 X-49.29350 Y8.28031
G01 X-49.23137 Y8.43332
G01 X-49.20767 Y8.50103
G01 X-49.16111 Y8.65851
G01 X-49.14430 Y8.72775
G01 X-49.11326 Y8.88970
G01 X-49.10262 Y8.96540
G01 X-49.08732 Y9.13266
G01 X-49.08499 Y9.16563
G01 X-49.08499 Y9.18401
G01 X-49.08854 Y9.20195
G01 X-49.13691 Y9.36141
G01 X-49.14475 Y9.38333
G01 X-49.14618 Y9.38892
G01 X-49.60495 Y10.68851
G01 X-49.60635 Y10.68828
G01 X-49.60495 Y10.68851
G01 X-49.60495 Y10.75155
G01 X-49.60635 Y10.75178
G01 X-49.60495 Y10.75155
G01 X-49.14618 Y12.05114
G01 X-49.14168 Y12.06707
G01 X-49.13691 Y12.07862
G01 X-49.08854 Y12.23806
G01 X-49.08496 Y12.25602
G01 X-49.08496 Y12.78401
G01 X-49.08854 Y12.80197
G01 X-49.13691 Y12.96140
G01 X-49.15014 Y12.99836
G01 X-49.16693 Y13.03384
G01 X-49.24547 Y13.18081
G01 X-49.28903 Y13.24601
G01 X-49.39474 Y13.37481
G01 X-49.42111 Y13.40389
G01 X-49.45019 Y13.43026
G01 X-49.57899 Y13.53597
G01 X-49.64419 Y13.57954
G01 X-49.79116 Y13.65807
G01 X-49.86360 Y13.68810
G01 X-50.02304 Y13.73646
G01 X-50.06114 Y13.74598
G01 X-50.09995 Y13.75175
G01 X-50.26578 Y13.76808
G01 X-50.34419 Y13.76808
G01 X-50.51003 Y13.75175
G01 X-50.58692 Y13.73646
G01 X-50.74638 Y13.68810
G01 X-50.78333 Y13.67486
G01 X-50.81882 Y13.65807
G01 X-50.96578 Y13.57954
G01 X-51.03098 Y13.53597
G01 X-51.15979 Y13.43026
G01 X-51.18887 Y13.40389
G01 X-51.21524 Y13.37481
G01 X-51.32095 Y13.24601
G01 X-51.36451 Y13.18081
G01 X-51.44305 Y13.03384
G01 X-51.45984 Y12.99836
G01 X-51.47307 Y12.96140
G01 X-51.52143 Y12.80197
G01 X-51.53672 Y12.72505
G01 X-51.55306 Y12.55922
G01 X-51.55499 Y12.52000
G01 X-51.55306 Y12.48081
G01 X-51.53672 Y12.31497
G01 X-51.52143 Y12.23806
G01 X-51.47307 Y12.07862
G01 X-51.46705 Y12.06407
G01 X-51.46375 Y12.05114
G01 X-51.00497 Y10.75147
G01 X-51.00358 Y10.75170
G01 X-51.00497 Y10.75147
G01 X-51.00497 Y10.68858
G01 X-51.00353 Y10.68836
G01 X-51.00497 Y10.68858
G01 X-51.46375 Y9.38892
G01 X-51.46497 Y9.38404
G01 X-51.47307 Y9.36141
G01 X-51.52143 Y9.20195
G01 X-51.53672 Y9.12504
G01 X-51.55306 Y8.95922
G01 X-51.55499 Y8.92001
G01 X-51.55306 Y8.88081
G01 X-51.53672 Y8.71498
G01 X-51.52143 Y8.63807
G01 X-51.47373 Y8.48087
G01 X-51.47358 Y8.47993
G01 X-51.25382 Y7.67111
G01 X-51.23858 Y7.66710
G01 X-51.25382 Y7.67111
G01 X-52.43995 Y6.48501
G01 X-52.46631 Y6.45593
G01 X-52.50360 Y6.41046
G01 X-52.52496 Y6.38166
G01 X-52.52496 Y6.14003
G01 X-52.52496 Y3.84008
G01 X-52.52499 Y3.60158
G01 X-52.50362 Y3.56960
G01 X-52.46631 Y3.52416
G01 X-52.43995 Y3.49508
G01 X-51.53246 Y2.58756
G01 X-51.50939 Y2.56622
G01 X-51.47360 Y2.53564
G01 X-51.44792 Y2.51700
G01 X-51.44668 Y2.51789
G01 X-51.44792 Y2.51700
G01 X-51.44051 Y2.49627
G01 X-51.42372 Y2.46079
G01 X-51.40063 Y2.41756
G01 X-51.35707 Y2.35235
G01 X-51.32598 Y2.31448
G01 X-51.29961 Y2.28540
G01 X-51.27053 Y2.25903
G01 X-51.23263 Y2.22795
G01 X-51.20111 Y2.20455
G01 X-51.16743 Y2.18438
G01 X-51.12423 Y2.16127
G01 X-51.05176 Y2.13127
G01 X-51.00487 Y2.11705
G01 X-50.92796 Y2.10173
G01 X-50.87919 Y2.09693
G01 X-50.83998 Y2.09500
G01 X-49.88999 Y2.09500
G01 X-49.85077 Y2.09693
G01 X-49.80200 Y2.10173
G01 X-49.72509 Y2.11705
G01 X-49.67821 Y2.13127
G01 X-49.65639 Y2.13907
G01 X-49.65123 Y2.14044
G01 X-49.36497 Y2.24405
G01 X-49.36497 Y2.25007
G01 X-49.36497 Y2.24405
G01 X-49.07871 Y2.14044
G01 X-49.06637 Y2.13732
G01 X-49.05177 Y2.13127
G01 X-49.00488 Y2.11705
G01 X-48.92797 Y2.10173
G01 X-48.87920 Y2.09693
G01 X-48.83998 Y2.09500
G01 X-47.88999 Y2.09500
G01 X-47.86376 Y2.09587
G01 X-47.42327 Y2.12482
G01 X-47.42279 Y2.12759
G01 X-47.42327 Y2.12482
G01 X-47.03854 Y1.95992
G01 X-47.03226 Y1.95771
G01 X-47.02807 Y1.95545
G01 X-47.01270 Y1.95081
G01 X-46.98908 Y1.94247
G01 X-46.97636 Y1.93978
G01 X-46.95301 Y1.93270
G01 X-46.87499 Y1.92502
G01 X-45.37499 Y1.92502
G01 X-45.29696 Y1.93270
G01 X-45.22190 Y1.95545
G01 X-45.15276 Y1.99244
G01 X-45.09213 Y2.04217
G01 X-45.04240 Y2.10277
G01 X-45.00544 Y2.17194
G01 X-44.98268 Y2.24697
G01 X-44.97499 Y2.32502
G01 X-45.07499 Y2.32502
G01 X-45.17499 Y2.32502
G01 X-45.27499 Y2.32502
G01 X-45.17499 Y2.32502
G01 X-45.07499 Y2.32502
G01 X-44.97499 Y2.32502
G01 X-44.97499 Y3.31938
G01 X-44.99323 Y3.33391
G01 X-45.07588 Y3.38398
G01 X-45.07499 Y3.37501
G01 X-45.07499 Y2.32502
G01 X-45.08075 Y2.26648
G01 X-45.09782 Y2.21022
G01 X-45.12553 Y2.15835
G01 X-45.16285 Y2.11288
G01 X-45.20831 Y2.07557
G01 X-45.26018 Y2.04786
G01 X-45.31647 Y2.03077
G01 X-45.37499 Y2.02502
G01 X-46.87499 Y2.02502
G01 X-46.93351 Y2.03077
G01 X-46.95456 Y2.03717
G01 X-46.96206 Y2.03874
G01 X-46.97598 Y2.04367
G01 X-46.98979 Y2.04786
G01 X-46.99355 Y2.04987
G01 X-46.99914 Y2.05185
G01 X-47.40592 Y2.22617
G01 X-47.40544 Y2.22896
G01 X-47.40592 Y2.22617
G01 X-47.87031 Y2.19566
G01 X-47.88999 Y2.19500
G01 X-48.83998 Y2.19500
G01 X-48.86939 Y2.19645
G01 X-48.91816 Y2.20125
G01 X-48.97584 Y2.21273
G01 X-49.02273 Y2.22695
G01 X-49.03490 Y2.23198
G01 X-49.04470 Y2.23447
G01 X-49.36497 Y2.35037
G01 X-49.36497 Y2.35670
G01 X-49.36497 Y2.35037
G01 X-49.68524 Y2.23447
G01 X-49.68903 Y2.23348
G01 X-49.70724 Y2.22695
G01 X-49.75413 Y2.21273
G01 X-49.81181 Y2.20125
G01 X-49.86058 Y2.19645
G01 X-49.88999 Y2.19500
G01 X-50.83998 Y2.19500
G01 X-50.86939 Y2.19645
G01 X-50.91816 Y2.20125
G01 X-50.97584 Y2.21273
G01 X-51.02275 Y2.22695
G01 X-51.07708 Y2.24946
G01 X-51.12029 Y2.27257
G01 X-51.14556 Y2.28771
G01 X-51.16919 Y2.30524
G01 X-51.20708 Y2.33633
G01 X-51.22890 Y2.35611
G01 X-51.24866 Y2.37791
G01 X-51.27975 Y2.41580
G01 X-51.31244 Y2.46470
G01 X-51.33553 Y2.50793
G01 X-51.34813 Y2.53455
G01 X-51.35803 Y2.56226
G01 X-51.36329 Y2.57956
G01 X-51.36096 Y2.58136
G01 X-51.36329 Y2.57956
G01 X-51.37056 Y2.58403
G01 X-51.40866 Y2.61169
G01 X-51.44445 Y2.64227
G01 X-51.46174 Y2.65825
G01 X-52.36923 Y3.56576
G01 X-52.38899 Y3.58758
G01 X-52.42631 Y3.63305
G01 X-52.45900 Y3.68194
G01 X-52.48671 Y3.73381
G01 X-52.50921 Y3.78814
G01 X-52.52496 Y3.84008
G01 X-52.52496 Y6.14003
G01 X-52.50921 Y6.19192
G01 X-52.48671 Y6.24625
G01 X-52.45897 Y6.29812
G01 X-52.44386 Y6.32337
G01 X-52.42631 Y6.34701
G01 X-52.38899 Y6.39248
G01 X-52.36923 Y6.41430
G01 X-51.14211 Y7.64140
G01 X-51.12689 Y7.63738
G01 X-51.14211 Y7.64140
G01 X-51.37706 Y8.50617
G01 X-51.37731 Y8.50751
G01 X-51.42573 Y8.66710
G01 X-51.43721 Y8.72478
G01 X-51.45354 Y8.89062
G01 X-51.45499 Y8.92001
G01 X-51.45354 Y8.94942
G01 X-51.43721 Y9.11526
G01 X-51.42573 Y9.17292
G01 X-51.37736 Y9.33238
G01 X-51.37038 Y9.35191
G01 X-51.36946 Y9.35562
G01 X-50.90497 Y10.67146
G01 X-50.90358 Y10.67124
G01 X-50.90497 Y10.67146
G01 X-50.90497 Y10.76859
G01 X-50.90358 Y10.76885
G01 X-50.90497 Y10.76859
G01 X-51.36946 Y12.08444
G01 X-51.37216 Y12.09508
G01 X-51.37736 Y12.10766
G01 X-51.42573 Y12.26709
G01 X-51.43721 Y12.32478
G01 X-51.45354 Y12.49061
G01 X-51.45499 Y12.52000
G01 X-51.45354 Y12.54941
G01 X-51.43721 Y12.71525
G01 X-51.42573 Y12.77293
G01 X-51.37736 Y12.93237
G01 X-51.36746 Y12.96011
G01 X-51.35486 Y12.98673
G01 X-51.27632 Y13.13366
G01 X-51.24363 Y13.18256
G01 X-51.13794 Y13.31136
G01 X-51.11816 Y13.33318
G01 X-51.09634 Y13.35297
G01 X-50.96753 Y13.45866
G01 X-50.91864 Y13.49135
G01 X-50.77168 Y13.56988
G01 X-50.74508 Y13.58248
G01 X-50.71734 Y13.59239
G01 X-50.55791 Y13.64075
G01 X-50.50023 Y13.65223
G01 X-50.33439 Y13.66856
G01 X-50.30498 Y13.67001
G01 X-50.27559 Y13.66856
G01 X-50.10975 Y13.65223
G01 X-50.08064 Y13.64791
G01 X-50.05207 Y13.64075
G01 X-49.89263 Y13.59239
G01 X-49.83828 Y13.56988
G01 X-49.69134 Y13.49135
G01 X-49.64244 Y13.45866
G01 X-49.51364 Y13.35297
G01 X-49.49182 Y13.33318
G01 X-49.47203 Y13.31136
G01 X-49.36634 Y13.18256
G01 X-49.33365 Y13.13366
G01 X-49.25512 Y12.98673
G01 X-49.24252 Y12.96011
G01 X-49.23261 Y12.93237
G01 X-49.18423 Y12.77293
G01 X-49.17277 Y12.71525
G01 X-49.15644 Y12.54941
G01 X-49.15499 Y12.52000
G01 X-49.15644 Y12.49061
G01 X-49.17277 Y12.32478
G01 X-49.18423 Y12.26709
G01 X-49.23261 Y12.10766
G01 X-49.23675 Y12.09762
G01 X-49.24046 Y12.08444
G01 X-49.70495 Y10.76870
G01 X-49.70635 Y10.76892
G01 X-49.70495 Y10.76870
G01 X-49.70495 Y10.67139
G01 X-49.70635 Y10.67113
G01 X-49.70495 Y10.67139
G01 X-49.24046 Y9.35562
G01 X-49.23934 Y9.35122
G01 X-49.23261 Y9.33238
G01 X-49.18423 Y9.17292
G01 X-49.17277 Y9.11526
G01 X-49.15644 Y8.94942
G01 X-49.15499 Y8.92001
G01 X-49.15644 Y8.89062
G01 X-49.17277 Y8.72478
G01 X-49.18423 Y8.66710
G01 X-49.23261 Y8.50764
G01 X-49.24252 Y8.47993
G01 X-49.25512 Y8.45331
G01 X-49.33365 Y8.30637
G01 X-49.34879 Y8.28110
G01 X-49.36634 Y8.25745
G01 X-49.37953 Y8.24137
G01 X-49.70495 Y7.68831
G01 X-49.70830 Y7.68925
G01 X-49.70495 Y7.68831
G01 X-49.70495 Y7.63002
G01 X-49.70592 Y7.61005
G01 X-49.72875 Y7.56184
G01 X-49.75839 Y7.50629
G01 X-49.78829 Y7.45641
G01 X-49.81892 Y7.41054
G01 X-49.85286 Y7.36479
G01 X-49.88527 Y7.32527
G01 X-49.92352 Y7.28305
G01 X-49.94082 Y7.26489
G01 X-50.80033 Y6.40538
G01 X-50.80119 Y6.40449
G01 X-50.81917 Y6.38560
G01 X-50.82001 Y6.38468
G01 X-50.82021 Y6.38486
G01 X-50.82001 Y6.38468
G01 X-50.85956 Y6.34104
G01 X-50.86118 Y6.33919
G01 X-50.89517 Y6.29774
G01 X-50.89667 Y6.29581
G01 X-50.93208 Y6.24805
G01 X-50.93350 Y6.24605
G01 X-50.96545 Y6.19819
G01 X-50.96675 Y6.19614
G01 X-50.99791 Y6.14417
G01 X-50.99860 Y6.14300
G01 X-51.01328 Y6.11691
G01 X-51.04569 Y6.07914
G01 X-51.05397 Y6.07417
G01 X-51.05603 Y6.07287
G01 X-51.10805 Y6.03812
G01 X-51.11008 Y6.03670
G01 X-51.14988 Y6.00719
G01 X-51.15181 Y6.00569
G01 X-51.19700 Y5.96860
G01 X-51.19888 Y5.96700
G01 X-51.23520 Y5.93406
G01 X-51.23558 Y5.93444
G01 X-51.23520 Y5.93406
G01 X-51.23698 Y5.93236
G01 X-51.27731 Y5.89202
G01 X-51.27901 Y5.89024
G01 X-51.31196 Y5.85392
G01 X-51.31356 Y5.85204
G01 X-51.35064 Y5.80686
G01 X-51.35214 Y5.80493
G01 X-51.37896 Y5.76876
G01 X-51.38402 Y5.76035
G01 X-51.38785 Y5.76208
G01 X-51.38402 Y5.76035
G01 X-51.38732 Y5.75113
G01 X-51.38844 Y5.74666
G01 X-51.38897 Y5.74427
G01 X-51.40066 Y5.68562
G01 X-51.40109 Y5.68318
G01 X-51.40835 Y5.63419
G01 X-51.40866 Y5.63175
G01 X-51.41414 Y5.57620
G01 X-51.41432 Y5.57374
G01 X-51.41673 Y5.52474
G01 X-51.41678 Y5.52352
G01 X-51.41744 Y5.49627
G01 X-51.41747 Y5.49502
G01 X-51.41747 Y4.82002
G01 X-51.41744 Y4.81880
G01 X-51.41678 Y4.79154
G01 X-51.41673 Y4.79032
G01 X-51.41432 Y4.74133
G01 X-51.41414 Y4.73886
G01 X-51.40866 Y4.68336
G01 X-51.40835 Y4.68093
G01 X-51.40109 Y4.63190
G01 X-51.40068 Y4.62946
G01 X-51.40101 Y4.62941
G01 X-51.40068 Y4.62946
G01 X-51.38895 Y4.57069
G01 X-51.38841 Y4.56830
G01 X-51.37612 Y4.51930
G01 X-51.37546 Y4.51692
G01 X-51.35603 Y4.45301
G01 X-51.35527 Y4.45072
G01 X-51.34495 Y4.42190
G01 X-51.26070 Y4.48329
G01 X-51.25074 Y4.45545
G01 X-51.24399 Y4.43653
G01 X-51.21491 Y4.36647
G01 X-51.19240 Y4.31890
G01 X-51.19161 Y4.31725
G01 X-51.14638 Y4.28070
G01 X-51.10800 Y4.25225
G01 X-51.07630 Y4.23010
G01 X-51.05120 Y4.22469
G01 X-51.00457 Y4.21562
G01 X-50.92425 Y4.20409
G01 X-50.87724 Y4.19970
G01 X-50.83708 Y4.19693
G01 X-50.22908 Y4.17003
G01 X-49.88986 Y4.17003
G01 X-49.85077 Y4.17193
G01 X-49.80200 Y4.17674
G01 X-49.72509 Y4.19205
G01 X-49.67821 Y4.20628
G01 X-49.66492 Y4.21176
G01 X-49.65123 Y4.21544
G01 X-49.36497 Y4.31905
G01 X-49.36495 Y4.32520
G01 X-49.36497 Y4.31905
G01 X-49.07871 Y4.21544
G01 X-49.06637 Y4.21230
G01 X-49.05177 Y4.20628
G01 X-49.00488 Y4.19205
G01 X-48.92797 Y4.17674
G01 X-48.87920 Y4.17193
G01 X-48.84021 Y4.17003
G01 X-47.88972 Y4.17003
G01 X-47.85078 Y4.17193
G01 X-47.80201 Y4.17674
G01 X-47.72510 Y4.19205
G01 X-47.67821 Y4.20628
G01 X-47.60577 Y4.23627
G01 X-47.56254 Y4.25939
G01 X-47.52886 Y4.27955
G01 X-47.49734 Y4.30295
G01 X-47.45946 Y4.33404
G01 X-47.43036 Y4.36040
G01 X-47.40717 Y4.38598
G01 X-47.31298 Y4.44661
G01 X-47.29007 Y4.47696
G01 X-47.28857 Y4.47887
G01 X-47.23320 Y4.54529
G01 X-47.23155 Y4.54717
G01 X-47.15949 Y4.62532
G01 X-47.15789 Y4.62698
G01 X-47.10765 Y4.67666
G01 X-47.10193 Y4.68153
G01 X-47.10381 Y4.68438
G01 X-47.10193 Y4.68153
G01 X-47.09556 Y4.68550
G01 X-47.08865 Y4.68844
G01 X-47.04529 Y4.70325
G01 X-46.96952 Y4.72913
G01 X-46.96724 Y4.72985
G01 X-46.90602 Y4.74755
G01 X-46.90361 Y4.74818
G01 X-46.79198 Y4.77442
G01 X-46.78964 Y4.77493
G01 X-46.74555 Y4.78308
G01 X-46.74308 Y4.78346
G01 X-46.63417 Y4.79802
G01 X-46.63175 Y4.79827
G01 X-46.59942 Y4.80102
G01 X-46.59693 Y4.80117
G01 X-46.57994 Y4.80173
G01 X-46.48278 Y4.77948
G01 X-46.47981 Y4.77899
G01 X-46.47191 Y4.77701
G01 X-46.46221 Y4.77559
G01 X-46.35980 Y4.76548
G01 X-46.34999 Y4.76502
G01 X-45.89998 Y4.76502
G01 X-45.89018 Y4.76548
G01 X-45.78776 Y4.77559
G01 X-45.77806 Y4.77701
G01 X-45.76854 Y4.77940
G01 X-45.67346 Y4.80826
G01 X-45.67006 Y4.80927
G01 X-45.66081 Y4.81260
G01 X-45.65195 Y4.81679
G01 X-45.56117 Y4.86530
G01 X-45.54486 Y4.87620
G01 X-45.46531 Y4.94148
G01 X-45.45805 Y4.94808
G01 X-45.45147 Y4.95535
G01 X-45.38616 Y5.03490
G01 X-45.38032 Y5.04277
G01 X-45.37527 Y5.05121
G01 X-45.32675 Y5.14196
G01 X-45.31926 Y5.16007
G01 X-45.28939 Y5.25857
G01 X-45.28555 Y5.27780
G01 X-45.27547 Y5.38021
G01 X-45.27499 Y5.39002
G01 X-45.17499 Y5.39002
G01 X-45.07499 Y5.39002
G01 X-45.06087 Y5.35542
G01 X-45.07499 Y5.39002
G01 X-45.17499 Y5.39002
G01 X-45.27499 Y5.39002
G01 X-45.27547 Y5.39982
G01 X-45.28555 Y5.50223
G01 X-45.28939 Y5.52146
G01 X-45.31926 Y5.61994
G01 X-45.32675 Y5.63807
G01 X-45.37527 Y5.72883
G01 X-45.38616 Y5.74513
G01 X-45.45147 Y5.82469
G01 X-45.45805 Y5.83195
G01 X-45.46531 Y5.83856
G01 X-45.54486 Y5.90383
G01 X-45.56117 Y5.91473
G01 X-45.65195 Y5.96324
G01 X-45.67006 Y5.97074
G01 X-45.76854 Y6.00061
G01 X-45.77806 Y6.00300
G01 X-45.78776 Y6.00444
G01 X-45.89018 Y6.01453
G01 X-45.89998 Y6.01501
G01 X-46.34999 Y6.01501
G01 X-46.35980 Y6.01453
G01 X-46.46221 Y6.00444
G01 X-46.47524 Y6.00185
G01 X-46.48278 Y6.00056
G01 X-47.32284 Y5.80800
G01 X-47.87737 Y5.84442
G01 X-47.87910 Y5.84442
G01 X-47.88022 Y5.84452
G01 X-47.88999 Y5.84501
G01 X-48.83998 Y5.84501
G01 X-48.84978 Y5.84452
G01 X-48.89855 Y5.83972
G01 X-48.91778 Y5.83591
G01 X-48.96469 Y5.82166
G01 X-48.97135 Y5.81892
G01 X-48.97663 Y5.81752
G01 X-49.36497 Y5.67696
G01 X-49.65075 Y5.78039
G01 X-49.77224 Y5.99708
G01 X-48.48070 Y7.28862
G01 X-48.48029 Y7.28884
G01 X-47.34859 Y8.07002
G01 X-47.24562 Y8.12506
G01 X-47.22931 Y8.13596
G01 X-47.10051 Y8.24167
G01 X-47.09325 Y8.24825
G01 X-47.08664 Y8.25554
G01 X-46.98093 Y8.38435
G01 X-46.97006 Y8.40063
G01 X-46.89150 Y8.54759
G01 X-46.88730 Y8.55646
G01 X-46.88400 Y8.56570
G01 X-46.83562 Y8.72516
G01 X-46.83180 Y8.74439
G01 X-46.81547 Y8.91020
G01 X-46.81499 Y8.92001
G01 X-46.81547 Y8.92981
G01 X-46.83180 Y9.09565
G01 X-46.83562 Y9.11488
G01 X-46.88400 Y9.27431
G01 X-46.88730 Y9.28356
G01 X-46.88809 Y9.28523
G01 X-46.88906 Y9.28904
G01 X-47.36495 Y10.63712
G01 X-47.36498 Y10.80293
G01 X-46.88906 Y12.15101
G01 X-46.88690 Y12.15869
G01 X-46.88400 Y12.16570
G01 X-46.83562 Y12.32516
G01 X-46.83180 Y12.34438
G01 X-46.81547 Y12.51022
G01 X-46.81499 Y12.52000
G01 X-46.81547 Y12.52980
G01 X-46.83180 Y12.69564
G01 X-46.83562 Y12.71487
G01 X-46.88400 Y12.87433
G01 X-46.88730 Y12.88355
G01 X-46.89150 Y12.89244
G01 X-46.97006 Y13.03938
G01 X-46.98093 Y13.05569
G01 X-47.08664 Y13.18449
G01 X-47.09325 Y13.19175
G01 X-47.10051 Y13.19836
G01 X-47.22931 Y13.30407
G01 X-47.24562 Y13.31494
G01 X-47.39256 Y13.39351
G01 X-47.41067 Y13.40100
G01 X-47.57013 Y13.44939
G01 X-47.57966 Y13.45175
G01 X-47.58936 Y13.45320
G01 X-47.75520 Y13.46953
G01 X-47.77478 Y13.46953
G01 X-47.94062 Y13.45320
G01 X-47.95032 Y13.45175
G01 X-47.95984 Y13.44939
G01 X-48.11931 Y13.40100
G01 X-48.12853 Y13.39770
G01 X-48.13742 Y13.39351
G01 X-48.28435 Y13.31494
G01 X-48.30066 Y13.30407
G01 X-48.42946 Y13.19836
G01 X-48.43673 Y13.19175
G01 X-48.44333 Y13.18449
G01 X-48.54905 Y13.05569
G01 X-48.55992 Y13.03938
G01 X-48.63848 Y12.89244
G01 X-48.64267 Y12.88355
G01 X-48.64597 Y12.87433
G01 X-48.69434 Y12.71487
G01 X-48.69817 Y12.69564
G01 X-48.71450 Y12.52980
G01 X-48.71499 Y12.52000
G01 X-48.71450 Y12.51022
G01 X-48.69817 Y12.34438
G01 X-48.69434 Y12.32516
G01 X-48.64597 Y12.16570
G01 X-48.64242 Y12.15708
G01 X-48.64087 Y12.15101
G01 X-48.16495 Y10.80286
G01 X-48.16495 Y10.63720
G01 X-48.64087 Y9.28904
G01 X-48.64232 Y9.28315
G01 X-48.64597 Y9.27431
G01 X-48.69434 Y9.11488
G01 X-48.69817 Y9.09565
G01 X-48.69855 Y9.09176
G01 X-49.05834 Y7.84234
G01 X-50.64782 Y6.25285
G01 X-50.65443 Y6.24559
G01 X-50.69172 Y6.20012
G01 X-50.69758 Y6.19225
G01 X-50.70261 Y6.18382
G01 X-50.73035 Y6.13195
G01 X-50.73784 Y6.11384
G01 X-50.75491 Y6.05758
G01 X-50.75730 Y6.04805
G01 X-50.75875 Y6.03835
G01 X-50.76200 Y6.00515
G01 X-50.88194 Y5.84137
G01 X-50.89857 Y5.83972
G01 X-50.91778 Y5.83591
G01 X-50.96469 Y5.82166
G01 X-50.98280 Y5.81417
G01 X-51.02603 Y5.79108
G01 X-51.03444 Y5.78603
G01 X-51.04231 Y5.78019
G01 X-51.08021 Y5.74910
G01 X-51.09408 Y5.73523
G01 X-51.12517 Y5.69736
G01 X-51.13604 Y5.68105
G01 X-51.15915 Y5.63782
G01 X-51.16334 Y5.62895
G01 X-51.16665 Y5.61971
G01 X-51.18087 Y5.57282
G01 X-51.18326 Y5.56330
G01 X-51.18470 Y5.55359
G01 X-51.18951 Y5.50482
G01 X-51.18999 Y5.49502
G01 X-51.18999 Y4.82002
G01 X-51.18951 Y4.81021
G01 X-51.18470 Y4.76144
G01 X-51.18326 Y4.75174
G01 X-51.18087 Y4.74222
G01 X-51.16665 Y4.69530
G01 X-51.16334 Y4.68608
G01 X-51.15915 Y4.67719
G01 X-51.13604 Y4.63399
G01 X-51.12517 Y4.61768
G01 X-51.09408 Y4.57981
G01 X-51.08021 Y4.56594
G01 X-51.04231 Y4.53485
G01 X-51.03444 Y4.52901
G01 X-51.02603 Y4.52395
G01 X-50.98280 Y4.50084
G01 X-50.96469 Y4.49335
G01 X-50.91778 Y4.47912
G01 X-50.89857 Y4.47529
G01 X-50.84978 Y4.47049
G01 X-50.83998 Y4.47000
G01 X-49.88999 Y4.47000
G01 X-49.88019 Y4.47049
G01 X-49.83142 Y4.47529
G01 X-49.81219 Y4.47912
G01 X-49.76528 Y4.49335
G01 X-49.75855 Y4.49614
G01 X-49.75331 Y4.49754
G01 X-49.36497 Y4.63808
G01 X-48.97663 Y4.49754
G01 X-48.97196 Y4.49637
G01 X-48.96469 Y4.49335
G01 X-48.91778 Y4.47912
G01 X-48.89855 Y4.47529
G01 X-48.84978 Y4.47049
G01 X-48.83998 Y4.47000
G01 X-47.88999 Y4.47000
G01 X-47.88019 Y4.47049
G01 X-47.83142 Y4.47529
G01 X-47.81219 Y4.47912
G01 X-47.76528 Y4.49335
G01 X-47.74717 Y4.50084
G01 X-47.70396 Y4.52395
G01 X-47.69553 Y4.52901
G01 X-47.68766 Y4.53485
G01 X-47.64976 Y4.56594
G01 X-47.63592 Y4.57981
G01 X-47.60854 Y4.61313
G01 X-47.12238 Y4.92611
G01 X-46.57994 Y4.80173
G01 X-46.48278 Y4.77948
G01 X-46.47981 Y4.77899
G01 X-46.47191 Y4.77701
G01 X-46.46221 Y4.77559
G01 X-46.35980 Y4.76548
G01 X-46.34999 Y4.76502
G01 X-45.89998 Y4.76502
G01 X-45.89018 Y4.76548
G01 X-45.78776 Y4.77559
G01 X-45.77806 Y4.77701
G01 X-45.76854 Y4.77940
G01 X-45.67346 Y4.80826
G01 X-45.65772 Y4.80879
G01 X-45.62782 Y4.81133
G01 X-45.52137 Y4.82553
G01 X-45.47976 Y4.83322
G01 X-45.42343 Y4.84646
G01 X-45.37052 Y4.85890
G01 X-45.31159 Y4.87595
G01 X-45.19932 Y4.91430
G01 X-45.11807 Y4.94674
G01 X-45.10293 Y5.00716
G01 X-45.08769 Y5.08349
G01 X-45.07280 Y5.18395
G01 X-45.06579 Y5.25494
G01 X-45.06087 Y5.35542
G01 X-45.06087 Y5.42464
G01 X-45.06579 Y5.52512
G01 X-45.07280 Y5.59606
G01 X-45.08771 Y5.69659
G01 X-45.10293 Y5.77290
G01 X-45.12810 Y5.87338
G01 X-45.14088 Y5.91542
G01 X-45.15426 Y5.93546
G01 X-45.21954 Y6.01501
G01 X-45.24591 Y6.04409
G01 X-45.27499 Y6.07046
G01 X-45.35457 Y6.13574
G01 X-45.41974 Y6.17930
G01 X-45.51052 Y6.22781
G01 X-45.58296 Y6.25783
G01 X-45.68144 Y6.28770
G01 X-45.71954 Y6.29723
G01 X-45.75835 Y6.30299
G01 X-45.86079 Y6.31308
G01 X-45.89998 Y6.31501
G01 X-46.34999 Y6.31501
G01 X-46.38918 Y6.31308
G01 X-46.49162 Y6.30299
G01 X-46.50369 Y6.30061
G01 X-46.50641 Y6.30043
G01 X-46.54981 Y6.29296
G01 X-47.34704 Y6.11023
G01 X-47.34697 Y6.10922
G01 X-47.34704 Y6.11023
G01 X-47.86378 Y6.14414
G01 X-47.88999 Y6.14501
G01 X-48.83998 Y6.14501
G01 X-48.87920 Y6.14308
G01 X-48.92797 Y6.13828
G01 X-49.00488 Y6.12298
G01 X-49.05177 Y6.10876
G01 X-49.06518 Y6.10320
G01 X-49.07874 Y6.09962
G01 X-49.34000 Y6.00505
G01 X-49.46548 Y5.92603
G01 X-49.51280 Y5.94315
G01 X-49.51712 Y5.93805
G01 X-49.51280 Y5.94315
G01 X-49.52377 Y5.96271
G01 X-49.54900 Y5.96619
G01 X-49.52377 Y5.96271
G01 X-48.35225 Y7.13421
G01 X-48.35253 Y7.13454
G01 X-48.35225 Y7.13421
G01 X-47.24433 Y7.89898
G01 X-47.15134 Y7.94869
G01 X-47.10244 Y7.98135
G01 X-46.97364 Y8.08706
G01 X-46.95182 Y8.10685
G01 X-46.93203 Y8.12864
G01 X-46.82634 Y8.25745
G01 X-46.79365 Y8.30637
G01 X-46.71512 Y8.45331
G01 X-46.70252 Y8.47993
G01 X-46.69261 Y8.50764
G01 X-46.64423 Y8.66710
G01 X-46.63277 Y8.72478
G01 X-46.61644 Y8.89062
G01 X-46.61499 Y8.92001
G01 X-46.61644 Y8.94942
G01 X-46.63277 Y9.11526
G01 X-46.64423 Y9.17292
G01 X-46.69261 Y9.33238
G01 X-46.69934 Y9.35122
G01 X-46.70046 Y9.35562
G01 X-47.16495 Y10.67139
G01 X-47.16635 Y10.67116
G01 X-47.16495 Y10.67139
G01 X-47.16498 Y10.76867
G01 X-47.16635 Y10.76890
G01 X-47.16498 Y10.76867
G01 X-46.70046 Y12.08444
G01 X-46.69675 Y12.09762
G01 X-46.69261 Y12.10766
G01 X-46.64423 Y12.26709
G01 X-46.63277 Y12.32478
G01 X-46.61644 Y12.49061
G01 X-46.61499 Y12.52000
G01 X-46.61644 Y12.54941
G01 X-46.63277 Y12.71525
G01 X-46.64423 Y12.77293
G01 X-46.69261 Y12.93237
G01 X-46.70252 Y12.96011
G01 X-46.71512 Y12.98673
G01 X-46.79365 Y13.13366
G01 X-46.82634 Y13.18256
G01 X-46.93203 Y13.31136
G01 X-46.95182 Y13.33318
G01 X-46.97364 Y13.35297
G01 X-47.10244 Y13.45866
G01 X-47.15134 Y13.49135
G01 X-47.29828 Y13.56988
G01 X-47.35263 Y13.59239
G01 X-47.51207 Y13.64075
G01 X-47.54064 Y13.64791
G01 X-47.56975 Y13.65223
G01 X-47.73559 Y13.66856
G01 X-47.76498 Y13.67001
G01 X-47.79439 Y13.66856
G01 X-47.96023 Y13.65223
G01 X-48.01791 Y13.64075
G01 X-48.17734 Y13.59239
G01 X-48.20508 Y13.58248
G01 X-48.23168 Y13.56988
G01 X-48.37864 Y13.49135
G01 X-48.42753 Y13.45866
G01 X-48.55634 Y13.35297
G01 X-48.57816 Y13.33318
G01 X-48.59794 Y13.31136
G01 X-48.70363 Y13.18256
G01 X-48.73632 Y13.13366
G01 X-48.81486 Y12.98673
G01 X-48.82746 Y12.96011
G01 X-48.83736 Y12.93237
G01 X-48.88573 Y12.77293
G01 X-48.89721 Y12.71525
G01 X-48.91354 Y12.54941
G01 X-48.91499 Y12.52000
G01 X-48.91354 Y12.49061
G01 X-48.89721 Y12.32478
G01 X-48.88573 Y12.26709
G01 X-48.83736 Y12.10766
G01 X-48.83216 Y12.09508
G01 X-48.82946 Y12.08444
G01 X-48.36495 Y10.76859
G01 X-48.36358 Y10.76882
G01 X-48.36495 Y10.76859
G01 X-48.36497 Y10.67146
G01 X-48.36353 Y10.67121
G01 X-48.36497 Y10.67146
G01 X-48.82946 Y9.35562
G01 X-48.83200 Y9.34536
G01 X-48.83736 Y9.33238
G01 X-48.88573 Y9.17292
G01 X-48.89116 Y9.14566
G01 X-49.23627 Y7.94726
G01 X-49.23345 Y7.94559
G01 X-49.23627 Y7.94726
G01 X-49.61488 Y7.56863
G01 X-49.63889 Y7.51795
G01 X-49.63998 Y7.51579
G01 X-49.67076 Y7.45808
G01 X-49.67201 Y7.45590
G01 X-49.70317 Y7.40393
G01 X-49.70447 Y7.40187
G01 X-49.70416 Y7.40167
G01 X-49.70447 Y7.40187
G01 X-49.73642 Y7.35402
G01 X-49.73784 Y7.35201
G01 X-49.77325 Y7.30424
G01 X-49.77475 Y7.30233
G01 X-49.80874 Y7.26088
G01 X-49.81036 Y7.25900
G01 X-49.84976 Y7.21526
G01 X-49.85072 Y7.21447
G01 X-49.86873 Y7.19558
G01 X-49.86959 Y7.19469
G01 X-50.72916 Y6.33510
G01 X-50.74635 Y6.31704
G01 X-50.78463 Y6.27480
G01 X-50.81706 Y6.23528
G01 X-50.85102 Y6.18951
G01 X-50.88161 Y6.14366
G01 X-50.91178 Y6.09334
G01 X-50.92857 Y6.06355
G01 X-50.93418 Y6.05555
G01 X-50.97505 Y6.00787
G01 X-50.97434 Y6.00719
G01 X-50.97505 Y6.00787
G01 X-50.98077 Y6.00221
G01 X-50.98730 Y5.99753
G01 X-51.00152 Y5.98903
G01 X-51.05148 Y5.95567
G01 X-51.08933 Y5.92761
G01 X-51.13261 Y5.89207
G01 X-51.16715 Y5.86078
G01 X-51.20574 Y5.82217
G01 X-51.23705 Y5.78763
G01 X-51.27254 Y5.74437
G01 X-51.29227 Y5.71778
G01 X-51.30236 Y5.66731
G01 X-51.30927 Y5.62070
G01 X-51.31450 Y5.56761
G01 X-51.31681 Y5.52040
G01 X-51.31745 Y5.49444
G01 X-51.31745 Y4.82063
G01 X-51.31681 Y4.79467
G01 X-51.31450 Y4.74745
G01 X-51.30927 Y4.69439
G01 X-51.30236 Y4.64783
G01 X-51.29111 Y4.59142
G01 X-51.27942 Y4.54483
G01 X-51.26070 Y4.48329
G01 X-51.25074 Y4.45545
G01 X-51.24866 Y4.45291
G01 X-51.22890 Y4.43112
G01 X-51.20708 Y4.41133
G01 X-51.16919 Y4.38024
G01 X-51.14556 Y4.36271
G01 X-51.12029 Y4.34758
G01 X-51.07708 Y4.32446
G01 X-51.02275 Y4.30196
G01 X-50.97584 Y4.28773
G01 X-50.91816 Y4.27625
G01 X-50.86939 Y4.27145
G01 X-50.83998 Y4.27000
G01 X-49.88999 Y4.27000
G01 X-49.86058 Y4.27145
G01 X-49.81181 Y4.27625
G01 X-49.75413 Y4.28773
G01 X-49.70724 Y4.30196
G01 X-49.69611 Y4.30655
G01 X-49.68524 Y4.30948
G01 X-49.36497 Y4.42538
G01 X-49.36490 Y4.43124
G01 X-49.36497 Y4.42538
G01 X-49.04470 Y4.30948
G01 X-49.03490 Y4.30699
G01 X-49.02273 Y4.30196
G01 X-48.97584 Y4.28773
G01 X-48.91816 Y4.27625
G01 X-48.86939 Y4.27145
G01 X-48.83998 Y4.27000
G01 X-47.88999 Y4.27000
G01 X-47.86058 Y4.27145
G01 X-47.81181 Y4.27625
G01 X-47.75413 Y4.28773
G01 X-47.70724 Y4.30196
G01 X-47.65289 Y4.32446
G01 X-47.60968 Y4.34758
G01 X-47.58443 Y4.36271
G01 X-47.56079 Y4.38024
G01 X-47.52289 Y4.41133
G01 X-47.50107 Y4.43112
G01 X-47.48131 Y4.45291
G01 X-47.47387 Y4.46198
G01 X-47.08497 Y4.71234
G01 X-47.08641 Y4.72073
G01 X-47.08497 Y4.71234
G01 X-47.04529 Y4.70325
G01 X-46.96952 Y4.72913
G01 X-46.96724 Y4.72985
G01 X-46.90602 Y4.74755
G01 X-46.90361 Y4.74818
G01 X-46.79198 Y4.77442
G01 X-46.78964 Y4.77493
G01 X-46.74555 Y4.78308
G01 X-46.74308 Y4.78346
G01 X-46.63417 Y4.79802
G01 X-46.63175 Y4.79827
G01 X-46.59942 Y4.80102
G01 X-46.59693 Y4.80117
G01 X-46.57994 Y4.80173
G01 X-46.59693 Y4.80117
G01 X-46.59942 Y4.80102
G01 X-46.63175 Y4.79827
G01 X-46.63417 Y4.79802
G01 X-46.74308 Y4.78346
G01 X-46.74555 Y4.78308
G01 X-46.78964 Y4.77493
G01 X-46.79198 Y4.77442
G01 X-46.84938 Y4.76093
G01 X-47.10366 Y4.81923
G01 X-47.10513 Y4.82761
G01 X-47.10366 Y4.81923
G01 X-47.54120 Y4.53757
G01 X-47.54138 Y4.53777
G01 X-47.54120 Y4.53757
G01 X-47.55860 Y4.51636
G01 X-47.57178 Y4.50180
G01 X-47.58634 Y4.48862
G01 X-47.62421 Y4.45753
G01 X-47.63998 Y4.44585
G01 X-47.65682 Y4.43576
G01 X-47.70003 Y4.41265
G01 X-47.73625 Y4.39766
G01 X-47.78316 Y4.38344
G01 X-47.82162 Y4.37577
G01 X-47.87039 Y4.37097
G01 X-47.88999 Y4.37000
G01 X-48.83998 Y4.37000
G01 X-48.85959 Y4.37097
G01 X-48.90836 Y4.37577
G01 X-48.94681 Y4.38344
G01 X-48.99373 Y4.39766
G01 X-49.00343 Y4.40168
G01 X-49.01067 Y4.40351
G01 X-49.36497 Y4.53173
G01 X-49.36497 Y4.53742
G01 X-49.36497 Y4.53173
G01 X-49.71928 Y4.40351
G01 X-49.72733 Y4.40135
G01 X-49.73627 Y4.39766
G01 X-49.78316 Y4.38344
G01 X-49.82161 Y4.37577
G01 X-49.87038 Y4.37097
G01 X-49.88999 Y4.37000
G01 X-50.83998 Y4.37000
G01 X-50.85958 Y4.37097
G01 X-50.90835 Y4.37577
G01 X-50.94681 Y4.38344
G01 X-50.99372 Y4.39766
G01 X-51.02994 Y4.41265
G01 X-51.07315 Y4.43576
G01 X-51.08999 Y4.44585
G01 X-51.10576 Y4.45753
G01 X-51.14363 Y4.48862
G01 X-51.15819 Y4.50180
G01 X-51.17137 Y4.51636
G01 X-51.20246 Y4.55423
G01 X-51.22423 Y4.58684
G01 X-51.24734 Y4.63007
G01 X-51.25572 Y4.64780
G01 X-51.26235 Y4.66629
G01 X-51.27658 Y4.71318
G01 X-51.28135 Y4.73223
G01 X-51.28422 Y4.75164
G01 X-51.28902 Y4.80041
G01 X-51.28999 Y4.82002
G01 X-51.28999 Y5.49502
G01 X-51.28902 Y5.51460
G01 X-51.28422 Y5.56340
G01 X-51.28135 Y5.58280
G01 X-51.27658 Y5.60185
G01 X-51.26235 Y5.64874
G01 X-51.25572 Y5.66723
G01 X-51.24734 Y5.68496
G01 X-51.22423 Y5.72819
G01 X-51.20246 Y5.76078
G01 X-51.17137 Y5.79868
G01 X-51.15819 Y5.81321
G01 X-51.14363 Y5.82639
G01 X-51.10576 Y5.85748
G01 X-51.08999 Y5.86916
G01 X-51.07315 Y5.87927
G01 X-51.02994 Y5.90236
G01 X-50.99372 Y5.91737
G01 X-50.94681 Y5.93160
G01 X-50.93863 Y5.93322
G01 X-50.93629 Y5.93030
G01 X-50.93863 Y5.93322
G01 X-50.85882 Y6.04221
G01 X-50.85712 Y6.04140
G01 X-50.85882 Y6.04221
G01 X-50.85831 Y6.04762
G01 X-50.85542 Y6.06731
G01 X-50.85062 Y6.08659
G01 X-50.83352 Y6.14287
G01 X-50.81854 Y6.17909
G01 X-50.79080 Y6.23096
G01 X-50.78072 Y6.24780
G01 X-50.76903 Y6.26357
G01 X-50.73172 Y6.30901
G01 X-50.71854 Y6.32357
G01 X-49.14729 Y7.89479
G01 X-49.14447 Y7.89314
G01 X-49.14729 Y7.89479
G01 X-48.79548 Y9.11650
G01 X-48.79004 Y9.14391
G01 X-48.74168 Y9.30334
G01 X-48.73716 Y9.31424
G01 X-48.73515 Y9.32234
G01 X-48.26497 Y10.65432
G01 X-48.26353 Y10.65409
G01 X-48.26497 Y10.65432
G01 X-48.26495 Y10.78574
G01 X-48.26358 Y10.78597
G01 X-48.26495 Y10.78574
G01 X-48.73515 Y12.11771
G01 X-48.73729 Y12.12607
G01 X-48.74168 Y12.13666
G01 X-48.79004 Y12.29612
G01 X-48.79769 Y12.33458
G01 X-48.81402 Y12.50042
G01 X-48.81499 Y12.52000
G01 X-48.81402 Y12.53961
G01 X-48.79769 Y12.70545
G01 X-48.79004 Y12.74390
G01 X-48.74168 Y12.90336
G01 X-48.73505 Y12.92183
G01 X-48.72667 Y12.93958
G01 X-48.64811 Y13.08652
G01 X-48.62634 Y13.11914
G01 X-48.52063 Y13.24794
G01 X-48.50744 Y13.26247
G01 X-48.49291 Y13.27565
G01 X-48.36411 Y13.38136
G01 X-48.33150 Y13.40316
G01 X-48.18456 Y13.48169
G01 X-48.16680 Y13.49008
G01 X-48.14834 Y13.49671
G01 X-47.98888 Y13.54507
G01 X-47.96983 Y13.54984
G01 X-47.95042 Y13.55271
G01 X-47.78458 Y13.56905
G01 X-47.74539 Y13.56905
G01 X-47.57956 Y13.55271
G01 X-47.56015 Y13.54984
G01 X-47.54110 Y13.54507
G01 X-47.38164 Y13.49671
G01 X-47.34542 Y13.48169
G01 X-47.19848 Y13.40316
G01 X-47.18164 Y13.39305
G01 X-47.16587 Y13.38136
G01 X-47.03706 Y13.27565
G01 X-47.02253 Y13.26247
G01 X-47.00935 Y13.24794
G01 X-46.90364 Y13.11914
G01 X-46.88184 Y13.08652
G01 X-46.80331 Y12.93958
G01 X-46.79492 Y12.92183
G01 X-46.78829 Y12.90336
G01 X-46.73993 Y12.74390
G01 X-46.73229 Y12.70545
G01 X-46.71596 Y12.53961
G01 X-46.71499 Y12.52000
G01 X-46.71596 Y12.50042
G01 X-46.73229 Y12.33458
G01 X-46.73993 Y12.29612
G01 X-46.78829 Y12.13666
G01 X-46.79183 Y12.12815
G01 X-46.79477 Y12.11771
G01 X-47.26498 Y10.78579
G01 X-47.26635 Y10.78604
G01 X-47.26498 Y10.78579
G01 X-47.26495 Y10.65427
G01 X-47.26635 Y10.65401
G01 X-47.26495 Y10.65427
G01 X-46.79477 Y9.32234
G01 X-46.79396 Y9.31917
G01 X-46.78829 Y9.30334
G01 X-46.73993 Y9.14391
G01 X-46.73229 Y9.10545
G01 X-46.71596 Y8.93962
G01 X-46.71499 Y8.92001
G01 X-46.71596 Y8.90040
G01 X-46.73229 Y8.73459
G01 X-46.73993 Y8.69613
G01 X-46.78829 Y8.53667
G01 X-46.79492 Y8.51820
G01 X-46.80331 Y8.50045
G01 X-46.88184 Y8.35351
G01 X-46.90364 Y8.32090
G01 X-47.00935 Y8.19209
G01 X-47.02253 Y8.17754
G01 X-47.03706 Y8.16436
G01 X-47.16587 Y8.05867
G01 X-47.19848 Y8.03687
G01 X-47.29645 Y7.98450
G01 X-48.41654 Y7.21135
G01 X-48.41682 Y7.21165
G01 X-48.41654 Y7.21135
G01 X-49.64798 Y5.97991
G01 X-49.67318 Y5.98339
G01 X-49.64798 Y5.97991
G01 X-49.58171 Y5.86177
G01 X-49.58605 Y5.85664
G01 X-49.58171 Y5.86177
G01 X-49.36497 Y5.78331
G01 X-49.36497 Y5.77699
G01 X-49.36497 Y5.78331
G01 X-49.01067 Y5.91156
G01 X-49.00262 Y5.91369
G01 X-48.99373 Y5.91737
G01 X-48.94681 Y5.93160
G01 X-48.90836 Y5.93924
G01 X-48.85959 Y5.94404
G01 X-48.83998 Y5.94501
G01 X-47.88999 Y5.94501
G01 X-47.87689 Y5.94458
G01 X-47.33092 Y5.90874
G01 X-47.33081 Y5.90769
G01 X-47.33092 Y5.90874
G01 X-46.50514 Y6.09802
G01 X-46.48342 Y6.10175
G01 X-46.48294 Y6.10180
G01 X-46.47201 Y6.10396
G01 X-46.36960 Y6.11404
G01 X-46.34999 Y6.11501
G01 X-45.89998 Y6.11501
G01 X-45.88037 Y6.11404
G01 X-45.77796 Y6.10396
G01 X-45.75855 Y6.10109
G01 X-45.73950 Y6.09631
G01 X-45.64103 Y6.06644
G01 X-45.60481 Y6.05143
G01 X-45.51403 Y6.00292
G01 X-45.48144 Y5.98113
G01 X-45.40189 Y5.91585
G01 X-45.38733 Y5.90267
G01 X-45.37415 Y5.88811
G01 X-45.30887 Y5.80856
G01 X-45.28708 Y5.77597
G01 X-45.23856 Y5.68519
G01 X-45.22355 Y5.64897
G01 X-45.19368 Y5.55049
G01 X-45.18604 Y5.51204
G01 X-45.17595 Y5.40963
G01 X-45.17499 Y5.39002
G01 X-45.17595 Y5.37041
G01 X-45.18604 Y5.26800
G01 X-45.19368 Y5.22954
G01 X-45.22355 Y5.13104
G01 X-45.23856 Y5.09482
G01 X-45.28708 Y5.00406
G01 X-45.29716 Y4.98722
G01 X-45.30887 Y4.97145
G01 X-45.37415 Y4.89190
G01 X-45.38733 Y4.87737
G01 X-45.40189 Y4.86419
G01 X-45.42343 Y4.84646
G01 X-45.37052 Y4.85890
G01 X-45.31159 Y4.87595
G01 X-45.23696 Y4.90145
G01 X-45.23155 Y4.90803
G01 X-45.21403 Y4.93167
G01 X-45.19889 Y4.95692
G01 X-45.15038 Y5.04768
G01 X-45.12787 Y5.10201
G01 X-45.09800 Y5.20051
G01 X-45.08652 Y5.25819
G01 X-45.07644 Y5.36060
G01 X-45.07499 Y5.39002
G01 X-45.07644 Y5.41943
G01 X-45.08652 Y5.52184
G01 X-45.09800 Y5.57953
G01 X-45.12787 Y5.67800
G01 X-45.15038 Y5.73233
G01 X-45.19889 Y5.82311
G01 X-45.23155 Y5.87201
G01 X-45.29686 Y5.95156
G01 X-45.31662 Y5.97338
G01 X-45.33844 Y5.99314
G01 X-45.41799 Y6.05844
G01 X-45.46689 Y6.09111
G01 X-45.55766 Y6.13962
G01 X-45.61200 Y6.16213
G01 X-45.71047 Y6.19200
G01 X-45.73905 Y6.19916
G01 X-45.76815 Y6.20348
G01 X-45.87059 Y6.21356
G01 X-45.89998 Y6.21501
G01 X-46.34999 Y6.21501
G01 X-46.37938 Y6.21356
G01 X-46.48182 Y6.20348
G01 X-46.49332 Y6.20119
G01 X-46.49490 Y6.20109
G01 X-46.52746 Y6.19550
G01 X-47.33897 Y6.00950
G01 X-47.33889 Y6.00846
G01 X-47.33897 Y6.00950
G01 X-47.87033 Y6.04437
G01 X-47.88999 Y6.04501
G01 X-48.83998 Y6.04501
G01 X-48.86939 Y6.04356
G01 X-48.91816 Y6.03876
G01 X-48.97584 Y6.02730
G01 X-49.02273 Y6.01305
G01 X-49.03391 Y6.00846
G01 X-49.04470 Y6.00559
G01 X-49.36497 Y5.88966
G01 X-49.36497 Y5.88334
G01 X-49.36497 Y5.88966
G01 X-49.46548 Y5.92603
G01 X-49.34000 Y6.00505
G01 X-48.28796 Y7.05707
G01 X-48.28824 Y7.05740
G01 X-48.28796 Y7.05707
G01 X-47.19218 Y7.81348
G01 X-47.10419 Y7.86050
G01 X-47.03899 Y7.90406
G01 X-46.91019 Y8.00977
G01 X-46.88111 Y8.03614
G01 X-46.85474 Y8.06522
G01 X-46.74903 Y8.19402
G01 X-46.70547 Y8.25923
G01 X-46.62693 Y8.40617
G01 X-46.61014 Y8.44165
G01 X-46.59691 Y8.47861
G01 X-46.57389 Y8.55453
G01 X-46.56218 Y8.63334
G01 X-46.55406 Y8.71582
G01 X-46.54598 Y8.87998
G01 X-46.54598 Y8.96004
G01 X-46.55406 Y9.12425
G01 X-46.56221 Y9.20672
G01 X-46.57387 Y9.28544
G01 X-46.59691 Y9.36141
G01 X-46.60475 Y9.38330
G01 X-46.60618 Y9.38892
G01 X-47.06495 Y10.68853
G01 X-47.06637 Y10.68828
G01 X-47.06495 Y10.68853
G01 X-47.06495 Y10.75153
G01 X-47.06637 Y10.75178
G01 X-47.06495 Y10.75153
G01 X-46.60618 Y12.05114
G01 X-46.60168 Y12.06709
G01 X-46.59691 Y12.07862
G01 X-46.57387 Y12.15454
G01 X-46.56221 Y12.23334
G01 X-46.55406 Y12.31581
G01 X-46.54598 Y12.47997
G01 X-46.54598 Y12.56003
G01 X-46.55406 Y12.72424
G01 X-46.56221 Y12.80672
G01 X-46.57387 Y12.88546
G01 X-46.59691 Y12.96140
G01 X-46.61014 Y12.99836
G01 X-46.62693 Y13.03384
G01 X-46.70547 Y13.18081
G01 X-46.74903 Y13.24601
G01 X-46.85474 Y13.37481
G01 X-46.88111 Y13.40389
G01 X-46.91019 Y13.43026
G01 X-47.03899 Y13.53597
G01 X-47.10419 Y13.57954
G01 X-47.25116 Y13.65807
G01 X-47.32360 Y13.68810
G01 X-47.48304 Y13.73646
G01 X-47.52114 Y13.74598
G01 X-47.55995 Y13.75175
G01 X-47.72578 Y13.76808
G01 X-47.80419 Y13.76808
G01 X-47.97003 Y13.75175
G01 X-48.04692 Y13.73646
G01 X-48.20638 Y13.68810
G01 X-48.24333 Y13.67486
G01 X-48.27882 Y13.65807
G01 X-48.42578 Y13.57954
G01 X-48.49098 Y13.53597
G01 X-48.61979 Y13.43026
G01 X-48.64887 Y13.40389
G01 X-48.67524 Y13.37481
G01 X-48.78095 Y13.24601
G01 X-48.82451 Y13.18081
G01 X-48.90305 Y13.03384
G01 X-48.91984 Y12.99836
G01 X-48.93307 Y12.96140
G01 X-48.98143 Y12.80197
G01 X-48.98496 Y12.78413
G01 X-48.98496 Y12.25589
G01 X-48.98143 Y12.23806
G01 X-48.93307 Y12.07862
G01 X-48.92705 Y12.06407
G01 X-48.92375 Y12.05114
G01 X-48.46495 Y10.75147
G01 X-48.46358 Y10.75170
G01 X-48.46495 Y10.75147
G01 X-48.46497 Y10.68858
G01 X-48.46358 Y10.68836
G01 X-48.46497 Y10.68858
G01 X-48.92375 Y9.38892
G01 X-48.92682 Y9.37645
G01 X-48.93307 Y9.36141
G01 X-48.98143 Y9.20195
G01 X-48.98496 Y9.18412
G01 X-48.98496 Y9.16387
G01 X-48.98512 Y9.16029
G01 X-48.98763 Y9.12501
G01 X-48.98771 Y9.12402
G01 X-49.00315 Y8.95506
G01 X-49.00333 Y8.95262
G01 X-49.01443 Y8.87454
G01 X-49.01483 Y8.87210
G01 X-49.04630 Y8.70776
G01 X-49.04671 Y8.70535
G01 X-49.06424 Y8.63370
G01 X-49.06487 Y8.63131
G01 X-49.11212 Y8.47152
G01 X-49.11275 Y8.46913
G01 X-49.13739 Y8.39910
G01 X-49.13825 Y8.39682
G01 X-49.20127 Y8.24155
G01 X-49.20229 Y8.23929
G01 X-49.23604 Y8.16667
G01 X-49.23711 Y8.16448
G01 X-49.24193 Y8.15529
G01 X-49.30963 Y7.99789
G01 X-49.31250 Y7.99225
G01 X-49.31189 Y7.99189
G01 X-49.31250 Y7.99225
G01 X-49.31603 Y7.98701
G01 X-49.58323 Y7.64178
G01 X-49.59601 Y7.61089
G01 X-49.59649 Y7.60977
G01 X-49.61166 Y7.57553
G01 X-49.61217 Y7.57442
G01 X-49.61488 Y7.56863
G01 X-49.63889 Y7.51795
G01 X-49.63998 Y7.51579
G01 X-49.67076 Y7.45808
G01 X-49.67201 Y7.45590
G01 X-49.70317 Y7.40393
G01 X-49.70447 Y7.40187
G01 X-49.73642 Y7.35402
G01 X-49.73784 Y7.35201
G01 X-49.77325 Y7.30424
G01 X-49.77475 Y7.30233
G01 X-49.80874 Y7.26088
G01 X-49.81036 Y7.25900
G01 X-49.84976 Y7.21526
G01 X-49.85072 Y7.21447
G01 X-49.86873 Y7.19558
G01 X-49.86959 Y7.19469
G01 X-50.72916 Y6.33510
G01 X-50.74635 Y6.31704
G01 X-50.78463 Y6.27480
G01 X-50.81706 Y6.23528
G01 X-50.85102 Y6.18951
G01 X-50.88161 Y6.14366
G01 X-50.91178 Y6.09334
G01 X-50.92857 Y6.06355
G01 X-50.93418 Y6.05555
G01 X-50.97505 Y6.00787
G01 X-50.98077 Y6.00221
G01 X-50.98730 Y5.99753
G01 X-51.00152 Y5.98903
G01 X-51.05148 Y5.95567
G01 X-51.08933 Y5.92761
G01 X-51.13261 Y5.89207
G01 X-51.16715 Y5.86078
G01 X-51.20574 Y5.82217
G01 X-51.23705 Y5.78763
G01 X-51.27254 Y5.74437
G01 X-51.29227 Y5.71778
G01 X-51.30236 Y5.66731
G01 X-51.30927 Y5.62070
G01 X-51.31450 Y5.56761
G01 X-51.31681 Y5.52040
G01 X-51.31745 Y5.49444
G01 X-51.31745 Y4.82063
G01 X-51.31681 Y4.79467
G01 X-51.31450 Y4.74745
G01 X-51.30927 Y4.69439
G01 X-51.30236 Y4.64783
G01 X-51.29111 Y4.59142
G01 X-51.27942 Y4.54483
G01 X-51.26070 Y4.48329
G01 X-51.34495 Y4.42190
G01 X-51.34495 Y4.23856
G01 X-51.35257 Y4.23541
G01 X-51.34495 Y4.23856
G01 X-51.15819 Y4.05177
G01 X-51.16088 Y4.04598
G01 X-51.15819 Y4.05177
G01 X-50.23675 Y3.97000
G01 X-49.88999 Y3.97000
G01 X-49.86058 Y3.96856
G01 X-49.81181 Y3.96376
G01 X-49.75413 Y3.95230
G01 X-49.70724 Y3.93808
G01 X-49.68887 Y3.93150
G01 X-49.68524 Y3.93058
G01 X-49.36497 Y3.81466
G01 X-49.36497 Y3.80925
G01 X-49.36497 Y3.81466
G01 X-49.04470 Y3.93058
G01 X-49.03391 Y3.93345
G01 X-49.02273 Y3.93808
G01 X-48.97584 Y3.95230
G01 X-48.91816 Y3.96376
G01 X-48.86939 Y3.96856
G01 X-48.83998 Y3.97000
G01 X-47.88999 Y3.97000
G01 X-47.86058 Y3.96856
G01 X-47.81181 Y3.96376
G01 X-47.75413 Y3.95230
G01 X-47.70724 Y3.93808
G01 X-47.65289 Y3.91555
G01 X-47.60968 Y3.89246
G01 X-47.58443 Y3.87732
G01 X-47.56079 Y3.85979
G01 X-47.52289 Y3.82870
G01 X-47.50107 Y3.80892
G01 X-47.48131 Y3.78710
G01 X-47.47394 Y3.77813
G01 X-47.16302 Y3.57796
G01 X-47.16411 Y3.56477
G01 X-47.16302 Y3.57796
G01 X-47.09114 Y3.60877
G01 X-47.03168 Y3.59101
G01 X-47.02924 Y3.59035
G01 X-47.00242 Y3.58377
G01 X-46.93922 Y3.56371
G01 X-46.94224 Y3.56261
G01 X-46.95152 Y3.55979
G01 X-46.95464 Y3.55812
G01 X-46.95972 Y3.55629
G01 X-47.17247 Y3.46513
G01 X-47.17359 Y3.45207
G01 X-47.17247 Y3.46513
G01 X-47.54128 Y3.70254
G01 X-47.54143 Y3.70231
G01 X-47.54128 Y3.70254
G01 X-47.55860 Y3.72368
G01 X-47.57178 Y3.73820
G01 X-47.58634 Y3.75139
G01 X-47.62421 Y3.78248
G01 X-47.63998 Y3.79419
G01 X-47.65682 Y3.80427
G01 X-47.70003 Y3.82736
G01 X-47.73625 Y3.84237
G01 X-47.78316 Y3.85659
G01 X-47.82162 Y3.86424
G01 X-47.87039 Y3.86904
G01 X-47.88999 Y3.87000
G01 X-48.83998 Y3.87000
G01 X-48.85959 Y3.86904
G01 X-48.90836 Y3.86424
G01 X-48.94681 Y3.85659
G01 X-48.99373 Y3.84237
G01 X-49.00262 Y3.83869
G01 X-49.01067 Y3.83655
G01 X-49.36497 Y3.70831
G01 X-49.36497 Y3.70264
G01 X-49.36497 Y3.70831
G01 X-49.71928 Y3.83655
G01 X-49.72166 Y3.83716
G01 X-49.73627 Y3.84237
G01 X-49.78316 Y3.85659
G01 X-49.82161 Y3.86424
G01 X-49.87038 Y3.86904
G01 X-49.88999 Y3.87000
G01 X-50.24193 Y3.87000
G01 X-50.24531 Y3.87039
G01 X-51.20320 Y3.95537
G01 X-51.20591 Y3.94958
G01 X-51.20320 Y3.95537
G01 X-51.44495 Y4.19713
G01 X-51.45257 Y4.19398
G01 X-51.44495 Y4.19713
G01 X-51.44495 Y5.78293
G01 X-51.45250 Y5.78603
G01 X-51.44495 Y5.78293
G01 X-49.95141 Y7.27647
G01 X-49.93822 Y7.29103
G01 X-49.90091 Y7.33647
G01 X-49.88923 Y7.35224
G01 X-49.87914 Y7.36908
G01 X-49.85141 Y7.42095
G01 X-49.83642 Y7.45717
G01 X-49.81933 Y7.51346
G01 X-49.81458 Y7.53248
G01 X-49.81168 Y7.55189
G01 X-49.80592 Y7.61043
G01 X-49.80495 Y7.63002
G01 X-49.80495 Y7.71556
G01 X-49.80775 Y7.71640
G01 X-49.80495 Y7.71556
G01 X-49.46177 Y8.29880
G01 X-49.44364 Y8.32090
G01 X-49.43195 Y8.33667
G01 X-49.42184 Y8.35351
G01 X-49.34331 Y8.50045
G01 X-49.33492 Y8.51820
G01 X-49.32829 Y8.53667
G01 X-49.27993 Y8.69613
G01 X-49.27229 Y8.73459
G01 X-49.25596 Y8.90040
G01 X-49.25499 Y8.92001
G01 X-49.25596 Y8.93962
G01 X-49.27229 Y9.10545
G01 X-49.27993 Y9.14391
G01 X-49.32829 Y9.30334
G01 X-49.33396 Y9.31914
G01 X-49.33477 Y9.32234
G01 X-49.80495 Y10.65424
G01 X-49.80640 Y10.65399
G01 X-49.80495 Y10.65424
G01 X-49.80495 Y10.78582
G01 X-49.80635 Y10.78604
G01 X-49.80495 Y10.78582
G01 X-49.33477 Y12.11771
G01 X-49.33183 Y12.12815
G01 X-49.32829 Y12.13666
G01 X-49.27993 Y12.29612
G01 X-49.27229 Y12.33458
G01 X-49.25596 Y12.50042
G01 X-49.25499 Y12.52000
G01 X-49.25596 Y12.53961
G01 X-49.27229 Y12.70545
G01 X-49.27993 Y12.74390
G01 X-49.32829 Y12.90336
G01 X-49.33492 Y12.92183
G01 X-49.34331 Y12.93958
G01 X-49.42184 Y13.08652
G01 X-49.44364 Y13.11914
G01 X-49.54935 Y13.24794
G01 X-49.56253 Y13.26247
G01 X-49.57706 Y13.27565
G01 X-49.70587 Y13.38136
G01 X-49.72164 Y13.39305
G01 X-49.73848 Y13.40316
G01 X-49.88542 Y13.48169
G01 X-49.92164 Y13.49671
G01 X-50.08110 Y13.54507
G01 X-50.10015 Y13.54984
G01 X-50.11956 Y13.55271
G01 X-50.28539 Y13.56905
G01 X-50.32458 Y13.56905
G01 X-50.49042 Y13.55271
G01 X-50.50983 Y13.54984
G01 X-50.52888 Y13.54507
G01 X-50.68834 Y13.49671
G01 X-50.70680 Y13.49008
G01 X-50.72456 Y13.48169
G01 X-50.87150 Y13.40316
G01 X-50.90411 Y13.38136
G01 X-51.03291 Y13.27565
G01 X-51.04744 Y13.26247
G01 X-51.06063 Y13.24794
G01 X-51.16634 Y13.11914
G01 X-51.18811 Y13.08652
G01 X-51.26667 Y12.93958
G01 X-51.27505 Y12.92183
G01 X-51.28168 Y12.90336
G01 X-51.33004 Y12.74390
G01 X-51.33769 Y12.70545
G01 X-51.35402 Y12.53961
G01 X-51.35499 Y12.52000
G01 X-51.35402 Y12.50042
G01 X-51.33769 Y12.33458
G01 X-51.33004 Y12.29612
G01 X-51.28168 Y12.13666
G01 X-51.27729 Y12.12607
G01 X-51.27515 Y12.11771
G01 X-50.80497 Y10.78574
G01 X-50.80353 Y10.78599
G01 X-50.80497 Y10.78574
G01 X-50.80497 Y10.65432
G01 X-50.80353 Y10.65409
G01 X-50.80497 Y10.65432
G01 X-51.27515 Y9.32234
G01 X-51.27579 Y9.31978
G01 X-51.28168 Y9.30334
G01 X-51.33004 Y9.14391
G01 X-51.33769 Y9.10545
G01 X-51.35402 Y8.93962
G01 X-51.35499 Y8.92001
G01 X-51.35402 Y8.90040
G01 X-51.33769 Y8.73459
G01 X-51.33004 Y8.69613
G01 X-51.28168 Y8.53667
G01 X-51.28102 Y8.53487
G01 X-51.28056 Y8.53238
G01 X-51.03043 Y7.61168
G01 X-51.01521 Y7.60767
G01 X-51.03043 Y7.61168
G01 X-52.29852 Y6.34358
G01 X-52.31170 Y6.32903
G01 X-52.34902 Y6.28359
G01 X-52.36070 Y6.26782
G01 X-52.37078 Y6.25098
G01 X-52.39852 Y6.19911
G01 X-52.41351 Y6.16289
G01 X-52.43060 Y6.10660
G01 X-52.43535 Y6.08758
G01 X-52.43825 Y6.06817
G01 X-52.44401 Y6.00962
G01 X-52.44498 Y5.99002
G01 X-52.44498 Y3.99002
G01 X-52.44401 Y3.97044
G01 X-52.43825 Y3.91191
G01 X-52.43060 Y3.87346
G01 X-52.41351 Y3.81717
G01 X-52.39852 Y3.78095
G01 X-52.37078 Y3.72909
G01 X-52.34902 Y3.69650
G01 X-52.31170 Y3.65103
G01 X-52.29852 Y3.63648
G01 X-51.39103 Y2.72896
G01 X-51.37950 Y2.71832
G01 X-51.34371 Y2.68774
G01 X-51.31831 Y2.66930
G01 X-51.27820 Y2.64471
G01 X-51.27518 Y2.64705
G01 X-51.27820 Y2.64471
G01 X-51.27658 Y2.63818
G01 X-51.26235 Y2.59129
G01 X-51.25572 Y2.57280
G01 X-51.24734 Y2.55507
G01 X-51.22423 Y2.51184
G01 X-51.20246 Y2.47925
G01 X-51.17137 Y2.44136
G01 X-51.15819 Y2.42680
G01 X-51.14363 Y2.41364
G01 X-51.10576 Y2.38256
G01 X-51.08999 Y2.37085
G01 X-51.07315 Y2.36076
G01 X-51.02994 Y2.33765
G01 X-50.99372 Y2.32266
G01 X-50.94681 Y2.30844
G01 X-50.90835 Y2.30077
G01 X-50.85958 Y2.29597
G01 X-50.83998 Y2.29500
G01 X-49.88999 Y2.29500
G01 X-49.87038 Y2.29597
G01 X-49.82161 Y2.30077
G01 X-49.78316 Y2.30844
G01 X-49.73627 Y2.32266
G01 X-49.72166 Y2.32787
G01 X-49.71928 Y2.32850
G01 X-49.36497 Y2.45672
G01 X-49.36497 Y2.46305
G01 X-49.36497 Y2.45672
G01 X-49.01067 Y2.32850
G01 X-49.00340 Y2.32668
G01 X-48.99373 Y2.32266
G01 X-48.94681 Y2.30844
G01 X-48.90836 Y2.30077
G01 X-48.85959 Y2.29597
G01 X-48.83998 Y2.29500
G01 X-47.88999 Y2.29500
G01 X-47.87686 Y2.29543
G01 X-47.38855 Y2.32754
G01 X-47.38807 Y2.33031
G01 X-47.38855 Y2.32754
G01 X-46.95974 Y2.14374
G01 X-46.95487 Y2.14202
G01 X-46.95152 Y2.14024
G01 X-46.93927 Y2.13653
G01 X-46.93503 Y2.13503
G01 X-46.93274 Y2.13455
G01 X-46.91400 Y2.12886
G01 X-46.87499 Y2.12502
G01 X-45.37499 Y2.12502
G01 X-45.33597 Y2.12886
G01 X-45.29846 Y2.14024
G01 X-45.26386 Y2.15873
G01 X-45.23356 Y2.18360
G01 X-45.20869 Y2.21390
G01 X-45.19020 Y2.24847
G01 X-45.17882 Y2.28598
G01 X-45.17499 Y2.32502
G01 X-45.17499 Y3.37501
G01 X-45.17882 Y3.41402
G01 X-45.19020 Y3.45154
G01 X-45.19152 Y3.45403
G01 X-45.07588 Y3.38398
G01 X-45.19152 Y3.45403
G01 X-45.20140 Y3.46002
G01 X-45.28853 Y3.48423
G01 X-45.37280 Y3.48634
G01 X-45.47285 Y3.47501
G01 X-46.66950 Y3.47501
G01 X-46.87499 Y3.47501
G01 X-46.89449 Y3.47308
G01 X-46.91326 Y3.46739
G01 X-46.91598 Y3.46594
G01 X-46.92032 Y3.46437
G01 X-47.18192 Y3.35228
G01 X-47.60861 Y3.62695
G01 X-47.63592 Y3.66023
G01 X-47.64976 Y3.67409
G01 X-47.68766 Y3.70518
G01 X-47.69553 Y3.71103
G01 X-47.70396 Y3.71608
G01 X-47.74717 Y3.73917
G01 X-47.76528 Y3.74669
G01 X-47.81219 Y3.76091
G01 X-47.83142 Y3.76472
G01 X-47.88019 Y3.76952
G01 X-47.88999 Y3.77000
G01 X-48.83998 Y3.77000
G01 X-48.84978 Y3.76952
G01 X-48.89855 Y3.76472
G01 X-48.91778 Y3.76091
G01 X-48.96469 Y3.74669
G01 X-48.97135 Y3.74392
G01 X-48.97663 Y3.74252
G01 X-49.36497 Y3.60196
G01 X-49.75331 Y3.74252
G01 X-49.75529 Y3.74300
G01 X-49.75603 Y3.74336
G01 X-49.76528 Y3.74669
G01 X-49.81219 Y3.76091
G01 X-49.83142 Y3.76472
G01 X-49.88019 Y3.76952
G01 X-49.88999 Y3.77000
G01 X-50.24818 Y3.77000
G01 X-50.24912 Y3.77021
G01 X-50.25031 Y3.77036
G01 X-50.25415 Y3.77077
G01 X-51.24823 Y3.85898
G01 X-51.54498 Y4.15570
G01 X-51.54495 Y5.82433
G01 X-50.02212 Y7.34719
G01 X-50.01552 Y7.35445
G01 X-49.97823 Y7.39992
G01 X-49.97236 Y7.40779
G01 X-49.96733 Y7.41623
G01 X-49.93960 Y7.46809
G01 X-49.93210 Y7.48620
G01 X-49.91503 Y7.54246
G01 X-49.91265 Y7.55199
G01 X-49.91120 Y7.56169
G01 X-49.90543 Y7.62024
G01 X-49.90495 Y7.63002
G01 X-49.90495 Y7.74279
G01 X-49.54402 Y8.35620
G01 X-49.52093 Y8.38435
G01 X-49.51006 Y8.40063
G01 X-49.43150 Y8.54759
G01 X-49.42730 Y8.55646
G01 X-49.42400 Y8.56570
G01 X-49.37561 Y8.72516
G01 X-49.37181 Y8.74439
G01 X-49.35547 Y8.91020
G01 X-49.35499 Y8.92001
G01 X-49.35547 Y8.92981
G01 X-49.37181 Y9.09565
G01 X-49.37561 Y9.11488
G01 X-49.42400 Y9.27431
G01 X-49.42730 Y9.28356
G01 X-49.42809 Y9.28523
G01 X-49.42906 Y9.28904
G01 X-49.90495 Y10.63712
G01 X-49.90495 Y10.80296
G01 X-49.42906 Y12.15101
G01 X-49.42690 Y12.15869
G01 X-49.42400 Y12.16570
G01 X-49.37561 Y12.32516
G01 X-49.37181 Y12.34438
G01 X-49.35547 Y12.51022
G01 X-49.35499 Y12.52000
G01 X-49.35547 Y12.52980
G01 X-49.37181 Y12.69564
G01 X-49.37561 Y12.71487
G01 X-49.42400 Y12.87433
G01 X-49.42730 Y12.88355
G01 X-49.43150 Y12.89244
G01 X-49.51006 Y13.03938
G01 X-49.52093 Y13.05569
G01 X-49.62664 Y13.18449
G01 X-49.63325 Y13.19175
G01 X-49.64051 Y13.19836
G01 X-49.76932 Y13.30407
G01 X-49.78562 Y13.31494
G01 X-49.93256 Y13.39351
G01 X-49.95067 Y13.40100
G01 X-50.11013 Y13.44939
G01 X-50.11966 Y13.45175
G01 X-50.12936 Y13.45320
G01 X-50.29520 Y13.46953
G01 X-50.31478 Y13.46953
G01 X-50.48062 Y13.45320
G01 X-50.49032 Y13.45175
G01 X-50.49984 Y13.44939
G01 X-50.65931 Y13.40100
G01 X-50.66853 Y13.39770
G01 X-50.67742 Y13.39351
G01 X-50.82435 Y13.31494
G01 X-50.84066 Y13.30407
G01 X-50.96947 Y13.19836
G01 X-50.97673 Y13.19175
G01 X-50.98333 Y13.18449
G01 X-51.08905 Y13.05569
G01 X-51.09992 Y13.03938
G01 X-51.17848 Y12.89244
G01 X-51.18267 Y12.88355
G01 X-51.18597 Y12.87433
G01 X-51.23434 Y12.71487
G01 X-51.23817 Y12.69564
G01 X-51.25450 Y12.52980
G01 X-51.25499 Y12.52000
G01 X-51.25450 Y12.51022
G01 X-51.23817 Y12.34438
G01 X-51.23434 Y12.32516
G01 X-51.18597 Y12.16570
G01 X-51.18242 Y12.15708
G01 X-51.18087 Y12.15101
G01 X-50.70497 Y10.80286
G01 X-50.70497 Y10.63720
G01 X-51.18087 Y9.28904
G01 X-51.18173 Y9.28556
G01 X-51.18267 Y9.28358
G01 X-51.18597 Y9.27431
G01 X-51.23434 Y9.11488
G01 X-51.23817 Y9.09565
G01 X-51.25450 Y8.92981
G01 X-51.25499 Y8.92001
G01 X-51.25450 Y8.91020
G01 X-51.23817 Y8.74439
G01 X-51.23434 Y8.72516
G01 X-51.18597 Y8.56570
G01 X-51.18473 Y8.56225
G01 X-51.18407 Y8.55859
G01 X-50.91872 Y7.58196
G01 X-52.22781 Y6.27287
G01 X-52.23441 Y6.26561
G01 X-52.27170 Y6.22014
G01 X-52.27757 Y6.21227
G01 X-52.28259 Y6.20383
G01 X-52.31033 Y6.15197
G01 X-52.31782 Y6.13386
G01 X-52.33489 Y6.07759
G01 X-52.33728 Y6.06807
G01 X-52.33873 Y6.05837
G01 X-52.34449 Y5.99982
G01 X-52.34498 Y5.99002
G01 X-52.34498 Y3.99002
G01 X-52.34449 Y3.98024
G01 X-52.33873 Y3.92169
G01 X-52.33489 Y3.90247
G01 X-52.31782 Y3.84620
G01 X-52.31033 Y3.82809
G01 X-52.28259 Y3.77623
G01 X-52.27170 Y3.75992
G01 X-52.23441 Y3.71446
G01 X-52.22781 Y3.70719
G01 X-51.32032 Y2.79967
G01 X-51.31455 Y2.79434
G01 X-51.27876 Y2.76378
G01 X-51.26606 Y2.75454
G01 X-51.22593 Y2.72995
G01 X-51.21277 Y2.72325
G01 X-51.18582 Y2.69774
G01 X-51.18470 Y2.68644
G01 X-51.18326 Y2.67674
G01 X-51.18087 Y2.66721
G01 X-51.16665 Y2.62032
G01 X-51.16334 Y2.61108
G01 X-51.15915 Y2.60221
G01 X-51.13604 Y2.55898
G01 X-51.12517 Y2.54268
G01 X-51.09408 Y2.50481
G01 X-51.08021 Y2.49094
G01 X-51.04231 Y2.45985
G01 X-51.03444 Y2.45401
G01 X-51.02603 Y2.44895
G01 X-50.98280 Y2.42586
G01 X-50.96469 Y2.41834
G01 X-50.91778 Y2.40412
G01 X-50.89857 Y2.40031
G01 X-50.84978 Y2.39548
G01 X-50.83998 Y2.39500
G01 X-49.88999 Y2.39500
G01 X-49.88019 Y2.39548
G01 X-49.83142 Y2.40031
G01 X-49.81219 Y2.40412
G01 X-49.76528 Y2.41834
G01 X-49.75603 Y2.42167
G01 X-49.75527 Y2.42203
G01 X-49.75331 Y2.42253
G01 X-49.36497 Y2.56307
G01 X-48.97663 Y2.42253
G01 X-48.97193 Y2.42134
G01 X-48.96469 Y2.41834
G01 X-48.91778 Y2.40412
G01 X-48.89855 Y2.40031
G01 X-48.84978 Y2.39548
G01 X-48.83998 Y2.39500
G01 X-47.88999 Y2.39500
G01 X-47.88022 Y2.39548
G01 X-47.87910 Y2.39561
G01 X-47.87737 Y2.39564
G01 X-47.37120 Y2.42888
G01 X-46.92035 Y2.23567
G01 X-46.91618 Y2.23419
G01 X-46.91326 Y2.23262
G01 X-46.89449 Y2.22693
G01 X-46.87499 Y2.22502
G01 X-45.37499 Y2.22502
G01 X-45.35548 Y2.22693
G01 X-45.33671 Y2.23262
G01 X-45.31944 Y2.24186
G01 X-45.30427 Y2.25431
G01 X-45.29183 Y2.26945
G01 X-45.28261 Y2.28675
G01 X-45.27692 Y2.30549
G01 X-45.27499 Y2.32502
G01 X-45.27499 Y3.37501
G01 X-45.27692 Y3.39452
G01 X-45.28261 Y3.41329
G01 X-45.29183 Y3.43056
G01 X-45.30427 Y3.44572
G01 X-45.31944 Y3.45817
G01 X-45.33671 Y3.46739
G01 X-45.35548 Y3.47308
G01 X-45.37499 Y3.47501
G01 X-45.47285 Y3.47501
G01 X-46.66950 Y3.47501
G01 X-46.73107 Y3.49045
G01 X-46.73348 Y3.49111
G01 X-46.76655 Y3.50117
G01 X-46.76886 Y3.50193
G01 X-46.87176 Y3.53874
G01 X-46.87288 Y3.53914
G01 X-46.89292 Y3.54687
G01 X-46.89398 Y3.54730
G01 X-46.91565 Y3.55619
G01 X-46.93922 Y3.56371
G01 X-47.00242 Y3.58377
G01 X-47.02924 Y3.59035
G01 X-47.03168 Y3.59101
G01 X-47.09114 Y3.60877
G01 X-47.11093 Y3.61468
G01 X-47.11316 Y3.61542
G01 X-47.17077 Y3.63564
G01 X-47.17821 Y3.63894
G01 X-47.18029 Y3.63579
G01 X-47.17821 Y3.63894
G01 X-47.18499 Y3.64341
G01 X-47.19099 Y3.64892
G01 X-47.23152 Y3.69292
G01 X-47.23318 Y3.69477
G01 X-47.28855 Y3.76119
G01 X-47.29005 Y3.76307
G01 X-47.31296 Y3.79342
G01 X-47.40724 Y3.85413
G01 X-47.43036 Y3.87963
G01 X-47.45946 Y3.90600
G01 X-47.49734 Y3.93709
G01 X-47.52886 Y3.96048
G01 X-47.56254 Y3.98065
G01 X-47.60577 Y4.00376
G01 X-47.67821 Y4.03376
G01 X-47.72510 Y4.04798
G01 X-47.80201 Y4.06327
G01 X-47.85078 Y4.06810
G01 X-47.88999 Y4.07000
G01 X-48.83998 Y4.07000
G01 X-48.87920 Y4.06810
G01 X-48.92797 Y4.06327
G01 X-49.00488 Y4.04798
G01 X-49.05177 Y4.03376
G01 X-49.06518 Y4.02820
G01 X-49.07874 Y4.02461
G01 X-49.36497 Y3.92101
G01 X-49.36500 Y3.91486
G01 X-49.36497 Y3.92101
G01 X-49.65121 Y4.02461
G01 X-49.65608 Y4.02583
G01 X-49.67821 Y4.03376
G01 X-49.72509 Y4.04798
G01 X-49.80200 Y4.06327
G01 X-49.85077 Y4.06810
G01 X-49.88999 Y4.07000
G01 X-50.23233 Y4.07000
G01 X-50.23347 Y4.07011
G01 X-50.84219 Y4.09706
G01 X-50.84340 Y4.09713
G01 X-50.88473 Y4.09998
G01 X-50.88595 Y4.10008
G01 X-50.93477 Y4.10465
G01 X-50.93723 Y4.10493
G01 X-51.02001 Y4.11682
G01 X-51.02242 Y4.11725
G01 X-51.07079 Y4.12662
G01 X-51.07180 Y4.12682
G01 X-51.07188 Y4.12654
G01 X-51.07180 Y4.12682
G01 X-51.10723 Y4.13447
G01 X-51.11358 Y4.13630
G01 X-51.11966 Y4.13894
G01 X-51.12532 Y4.14237
G01 X-51.12608 Y4.14084
G01 X-51.12532 Y4.14237
G01 X-51.16583 Y4.17066
G01 X-51.16700 Y4.17150
G01 X-51.20680 Y4.20099
G01 X-51.20845 Y4.20229
G01 X-51.26322 Y4.24656
G01 X-51.26497 Y4.24504
G01 X-51.26322 Y4.24656
G01 X-51.26858 Y4.25159
G01 X-51.27315 Y4.25735
G01 X-51.27683 Y4.26376
G01 X-51.28249 Y4.27549
G01 X-51.28265 Y4.27582
G01 X-51.30581 Y4.32482
G01 X-51.30678 Y4.32700
G01 X-51.30703 Y4.32690
G01 X-51.30678 Y4.32700
G01 X-51.33683 Y4.39937
G01 X-51.33774 Y4.40170
G01 X-51.34495 Y4.42190
G04 P0 ( dwell for no time -- G64 should not smooth over this point )
G00 Z5.00000 ( retract )

G00 X-55.90890 Y3.41941 ( rapid move to begin. )
G01 F150.00000
( Mill infeed pass 1/1 )
G01 Z-0.06000
G04 P0 ( dwell for no time -- G64 should not smooth over this point )
G01 F300.00000
G01 X-55.90890 Y3.41941
G01 X-55.27375 Y3.56503
G01 X-55.23999 Y3.56500
G01 X-55.23019 Y3.56548
G01 X-55.17164 Y3.57125
G01 X-55.16194 Y3.57270
G01 X-55.15241 Y3.57509
G01 X-55.09615 Y3.59215
G01 X-55.07804 Y3.59965
G01 X-55.02618 Y3.62738
G01 X-55.01774 Y3.63241
G01 X-55.00987 Y3.63828
G01 X-54.96440 Y3.67557
G01 X-54.95714 Y3.68217
G01 X-54.48714 Y4.15217
G01 X-54.48053 Y4.15944
G01 X-54.44325 Y4.20490
G01 X-54.43738 Y4.21278
G01 X-54.43235 Y4.22121
G01 X-54.40461 Y4.27308
G01 X-54.39712 Y4.29119
G01 X-54.38005 Y4.34745
G01 X-54.37766 Y4.35697
G01 X-54.37621 Y4.36668
G01 X-54.37045 Y4.42522
G01 X-54.36997 Y4.43500
G01 X-54.36997 Y6.23502
G01 X-54.37045 Y6.24483
G01 X-54.37621 Y6.30338
G01 X-54.37766 Y6.31308
G01 X-54.38005 Y6.32260
G01 X-54.39712 Y6.37886
G01 X-54.40461 Y6.39697
G01 X-54.43235 Y6.44884
G01 X-54.43738 Y6.45727
G01 X-54.44325 Y6.46515
G01 X-54.48053 Y6.51061
G01 X-54.48714 Y6.51788
G01 X-55.26496 Y7.29573
G01 X-55.26496 Y7.29989
G01 X-54.75061 Y7.83764
G01 X-54.74751 Y7.84162
G01 X-54.73839 Y7.85072
G01 X-54.72839 Y7.86499
G01 X-54.72102 Y7.88079
G01 X-54.71650 Y7.89763
G01 X-54.71500 Y7.91501
G01 X-54.71500 Y9.61500
G01 X-54.71690 Y9.63451
G01 X-54.72259 Y9.65328
G01 X-54.73184 Y9.67058
G01 X-54.73316 Y9.67218
G01 X-54.73532 Y9.67619
G01 X-55.25000 Y10.49392
G01 X-55.25000 Y10.63545
G01 X-54.72115 Y11.45277
G01 X-54.71914 Y11.45665
G01 X-54.71683 Y11.45945
G01 X-54.70761 Y11.47675
G01 X-54.70192 Y11.49549
G01 X-54.69999 Y11.51502
G01 X-54.69999 Y13.21502
G01 X-54.70192 Y13.23453
G01 X-54.70761 Y13.25327
G01 X-54.71683 Y13.27057
G01 X-54.72927 Y13.28573
G01 X-54.74444 Y13.29815
G01 X-54.76171 Y13.30740
G01 X-54.78048 Y13.31309
G01 X-54.79999 Y13.31502
G01 X-56.49998 Y13.31502
G01 X-56.51949 Y13.31309
G01 X-56.53826 Y13.30740
G01 X-56.55553 Y13.29815
G01 X-56.57070 Y13.28573
G01 X-56.58314 Y13.27057
G01 X-56.59236 Y13.25327
G01 X-56.59805 Y13.23453
G01 X-56.59998 Y13.21502
G01 X-56.59998 Y11.51502
G01 X-56.59805 Y11.49549
G01 X-56.59236 Y11.47675
G01 X-56.58314 Y11.45945
G01 X-56.58114 Y11.45704
G01 X-56.57880 Y11.45277
G01 X-56.05000 Y10.63550
G01 X-56.05000 Y10.49488
G01 X-56.57491 Y9.69458
G01 X-56.58571 Y9.68572
G01 X-56.59813 Y9.67058
G01 X-56.60738 Y9.65328
G01 X-56.61307 Y9.63451
G01 X-56.61500 Y9.61500
G01 X-56.61500 Y7.91501
G01 X-56.61347 Y7.89766
G01 X-56.60895 Y7.88082
G01 X-56.60158 Y7.86502
G01 X-56.59160 Y7.85074
G01 X-56.57926 Y7.83840
G01 X-56.56498 Y7.82842
G01 X-56.55208 Y7.82240
G01 X-56.05236 Y7.03413
G01 X-56.03783 Y6.98620
G01 X-56.03034 Y6.96809
G01 X-56.00260 Y6.91623
G01 X-55.99757 Y6.90779
G01 X-55.99171 Y6.89992
G01 X-55.95442 Y6.85445
G01 X-55.94781 Y6.84719
G01 X-55.16999 Y6.06934
G01 X-55.16999 Y4.60071
G01 X-55.38104 Y4.38964
G01 X-56.09508 Y4.55332
G01 X-56.19216 Y4.57557
G01 X-56.19795 Y4.57651
G01 X-56.21276 Y4.57945
G01 X-56.31517 Y4.58954
G01 X-56.32498 Y4.59002
G01 X-56.77499 Y4.59002
G01 X-56.78480 Y4.58954
G01 X-56.88721 Y4.57945
G01 X-56.89691 Y4.57800
G01 X-56.90644 Y4.57562
G01 X-57.00143 Y4.54681
G01 X-57.01726 Y4.54625
G01 X-57.04715 Y4.54371
G01 X-57.15360 Y4.52952
G01 X-57.19521 Y4.52182
G01 X-57.25149 Y4.50856
G01 X-57.27308 Y4.49086
G01 X-57.28764 Y4.47767
G01 X-57.30082 Y4.46312
G01 X-57.36610 Y4.38357
G01 X-57.37781 Y4.36779
G01 X-57.38789 Y4.35098
G01 X-57.43641 Y4.26020
G01 X-57.45142 Y4.22398
G01 X-57.48129 Y4.12550
G01 X-57.48893 Y4.08705
G01 X-57.49902 Y3.98461
G01 X-57.49998 Y3.96500
G01 X-57.49902 Y3.94542
G01 X-57.48893 Y3.84298
G01 X-57.48129 Y3.80452
G01 X-57.45142 Y3.70605
G01 X-57.43641 Y3.66983
G01 X-57.38789 Y3.57905
G01 X-57.37781 Y3.56223
G01 X-57.36610 Y3.54646
G01 X-57.33034 Y3.50285
G01 X-57.39879 Y3.52462
G01 X-57.40207 Y3.52553
G01 X-57.42914 Y3.53216
G01 X-57.48515 Y3.54890
G01 X-57.52460 Y3.62268
G01 X-57.54710 Y3.67702
G01 X-57.57697 Y3.77552
G01 X-57.58845 Y3.83317
G01 X-57.59853 Y3.93561
G01 X-57.59998 Y3.96500
G01 X-57.59853 Y3.99441
G01 X-57.58845 Y4.09685
G01 X-57.57697 Y4.15451
G01 X-57.54710 Y4.25301
G01 X-57.52460 Y4.30734
G01 X-57.47608 Y4.39810
G01 X-57.46094 Y4.42337
G01 X-57.44342 Y4.44702
G01 X-57.43798 Y4.45360
G01 X-57.36328 Y4.47912
G01 X-57.30445 Y4.49611
G01 X-57.25149 Y4.50856
G01 X-57.30445 Y4.49611
G01 X-57.36328 Y4.47912
G01 X-57.43798 Y4.45360
G01 X-57.46122 Y4.44567
G01 X-57.50661 Y4.39967
G01 X-57.57562 Y4.32253
G01 X-57.62719 Y4.25880
G01 X-57.66590 Y4.20589
G01 X-57.67268 Y4.18354
G01 X-57.68797 Y4.10663
G01 X-57.69805 Y4.00422
G01 X-57.69998 Y3.96500
G01 X-57.69805 Y3.92581
G01 X-57.68797 Y3.82340
G01 X-57.67268 Y3.74648
G01 X-57.65114 Y3.67549
G01 X-57.64481 Y3.66736
G01 X-57.58876 Y3.60214
G01 X-57.56313 Y3.57516
G01 X-57.50623 Y3.55520
G01 X-57.48515 Y3.54890
G01 X-57.42914 Y3.53216
G01 X-57.40207 Y3.52553
G01 X-57.39879 Y3.52462
G01 X-57.33034 Y3.50285
G01 X-57.30839 Y3.49589
G01 X-57.30450 Y3.49447
G01 X-57.28157 Y3.48504
G01 X-57.26247 Y3.47770
G01 X-57.16132 Y3.44151
G01 X-57.13057 Y3.43216
G01 X-57.07032 Y3.41707
G01 X-57.02305 Y3.39177
G01 X-57.00494 Y3.38428
G01 X-56.90644 Y3.35441
G01 X-56.89691 Y3.35202
G01 X-56.88721 Y3.35057
G01 X-56.78480 Y3.34049
G01 X-56.77499 Y3.34001
G01 X-56.32498 Y3.34001
G01 X-56.31517 Y3.34049
G01 X-56.21276 Y3.35057
G01 X-56.19930 Y3.35327
G01 X-56.19216 Y3.35449
G01 X-55.90890 Y3.41941
G01 X-55.80560 Y3.43109
G01 X-55.79872 Y3.43140
G01 X-55.79874 Y3.43191
G01 X-55.79872 Y3.43140
G01 X-55.70484 Y3.42904
G01 X-55.69872 Y3.42850
G01 X-55.69856 Y3.42934
G01 X-55.69872 Y3.42850
G01 X-55.69270 Y3.42723
G01 X-55.59300 Y3.39955
G01 X-55.58658 Y3.39726
G01 X-55.58048 Y3.39414
G01 X-55.57804 Y3.39266
G01 X-55.45521 Y3.31824
G01 X-55.36369 Y3.26279
G01 X-55.35843 Y3.25913
G01 X-55.33766 Y3.24257
G01 X-55.23976 Y3.26503
G01 X-55.20077 Y3.26693
G01 X-55.14225 Y3.27270
G01 X-55.10342 Y3.27846
G01 X-55.06534 Y3.28799
G01 X-55.00906 Y3.30508
G01 X-54.93661 Y3.33508
G01 X-54.88475 Y3.36279
G01 X-54.85109 Y3.38299
G01 X-54.81955 Y3.40638
G01 X-54.77408 Y3.44367
G01 X-54.74500 Y3.47003
G01 X-54.27500 Y3.94003
G01 X-54.24863 Y3.96912
G01 X-54.21134 Y4.01458
G01 X-54.18795 Y4.04613
G01 X-54.16776 Y4.07978
G01 X-54.14005 Y4.13165
G01 X-54.11005 Y4.20409
G01 X-54.09295 Y4.26038
G01 X-54.08343 Y4.29845
G01 X-54.07766 Y4.33729
G01 X-54.07190 Y4.39581
G01 X-54.06997 Y4.43500
G01 X-54.16997 Y4.43500
G01 X-54.26997 Y4.43500
G01 X-54.36997 Y4.43500
G01 X-54.26997 Y4.43500
G01 X-54.16997 Y4.43500
G01 X-54.06997 Y4.43500
G01 X-54.06997 Y6.23502
G01 X-54.07190 Y6.27424
G01 X-54.07766 Y6.33276
G01 X-54.08343 Y6.37160
G01 X-54.09295 Y6.40967
G01 X-54.11005 Y6.46596
G01 X-54.14005 Y6.53840
G01 X-54.16776 Y6.59027
G01 X-54.18795 Y6.62392
G01 X-54.21134 Y6.65547
G01 X-54.24863 Y6.70094
G01 X-54.27500 Y6.73002
G01 X-54.84741 Y7.30243
G01 X-54.88701 Y7.30200
G01 X-54.84741 Y7.30243
G01 X-54.53382 Y7.63027
G01 X-54.52521 Y7.64124
G01 X-54.50865 Y7.65781
G01 X-54.46862 Y7.71496
G01 X-54.43913 Y7.77815
G01 X-54.42107 Y7.84554
G01 X-54.41498 Y7.91501
G01 X-54.41498 Y9.61500
G01 X-54.42267 Y9.69306
G01 X-54.44543 Y9.76809
G01 X-54.45419 Y9.78447
G01 X-54.45501 Y9.78671
G01 X-54.48142 Y9.83598
G01 X-54.93926 Y10.56341
G01 X-54.95790 Y10.56354
G01 X-54.93926 Y10.56341
G01 X-54.46928 Y11.28978
G01 X-54.46829 Y11.29171
G01 X-54.46740 Y11.29277
G01 X-54.43044 Y11.36194
G01 X-54.40769 Y11.43697
G01 X-54.39999 Y11.51502
G01 X-54.39999 Y13.21502
G01 X-54.40769 Y13.29305
G01 X-54.43044 Y13.36808
G01 X-54.46740 Y13.43724
G01 X-54.51713 Y13.49785
G01 X-54.57776 Y13.54761
G01 X-54.64690 Y13.58456
G01 X-54.72196 Y13.60732
G01 X-54.79999 Y13.61502
G01 X-56.49998 Y13.61502
G01 X-56.57801 Y13.60732
G01 X-56.65307 Y13.58456
G01 X-56.72221 Y13.54761
G01 X-56.78284 Y13.49785
G01 X-56.83257 Y13.43724
G01 X-56.86953 Y13.36808
G01 X-56.89231 Y13.29305
G01 X-56.89998 Y13.21502
G01 X-56.89998 Y12.74535
G01 X-56.88810 Y12.66521
G01 X-56.88779 Y12.66280
G01 X-56.87941 Y12.57784
G01 X-56.87923 Y12.57537
G01 X-56.87105 Y12.40875
G01 X-56.87098 Y12.40628
G01 X-56.87098 Y12.32376
G01 X-56.87070 Y12.32376
G01 X-56.87098 Y12.32376
G01 X-56.87105 Y12.32130
G01 X-56.87923 Y12.15470
G01 X-56.87941 Y12.15223
G01 X-56.88779 Y12.06730
G01 X-56.88810 Y12.06488
G01 X-56.89998 Y11.98472
G01 X-56.89998 Y11.51502
G01 X-56.89231 Y11.43697
G01 X-56.86953 Y11.36194
G01 X-56.85934 Y11.34289
G01 X-56.85825 Y11.33997
G01 X-56.84156 Y11.30959
G01 X-56.83257 Y11.29277
G01 X-56.83181 Y11.29183
G01 X-56.83067 Y11.28978
G01 X-56.36224 Y10.56583
G01 X-56.34261 Y10.56570
G01 X-56.36224 Y10.56583
G01 X-56.81040 Y9.88251
G01 X-56.84758 Y9.83725
G01 X-56.88454 Y9.76809
G01 X-56.90730 Y9.69306
G01 X-56.91500 Y9.61500
G01 X-56.91500 Y9.14528
G01 X-56.90311 Y9.06517
G01 X-56.90280 Y9.06276
G01 X-56.89442 Y8.97782
G01 X-56.89424 Y8.97535
G01 X-56.88606 Y8.80876
G01 X-56.88599 Y8.80629
G01 X-56.88599 Y8.72377
G01 X-56.88571 Y8.72377
G01 X-56.88599 Y8.72377
G01 X-56.88606 Y8.72130
G01 X-56.89424 Y8.55468
G01 X-56.89442 Y8.55222
G01 X-56.90280 Y8.46725
G01 X-56.90311 Y8.46484
G01 X-56.91500 Y8.38478
G01 X-56.91500 Y7.91501
G01 X-56.90890 Y7.84556
G01 X-56.89087 Y7.77820
G01 X-56.86140 Y7.71501
G01 X-56.82140 Y7.65791
G01 X-56.77209 Y7.60861
G01 X-56.77128 Y7.60828
G01 X-56.32752 Y6.90802
G01 X-56.32490 Y6.89911
G01 X-56.29491 Y6.82667
G01 X-56.26719 Y6.77480
G01 X-56.24700 Y6.74114
G01 X-56.22361 Y6.70960
G01 X-56.18632 Y6.66413
G01 X-56.15996 Y6.63505
G01 X-55.46999 Y5.94508
G01 X-55.46250 Y5.94816
G01 X-55.46999 Y5.94508
G01 X-55.46999 Y5.78877
G01 X-55.45704 Y5.74623
G01 X-55.45637 Y5.74384
G01 X-55.43059 Y5.64092
G01 X-55.43006 Y5.63853
G01 X-55.41424 Y5.55994
G01 X-55.41396 Y5.55748
G01 X-55.39869 Y5.45456
G01 X-55.39841 Y5.45215
G01 X-55.39115 Y5.37871
G01 X-55.39087 Y5.37871
G01 X-55.39115 Y5.37871
G01 X-55.39097 Y5.37625
G01 X-55.38592 Y5.27330
G01 X-55.38586 Y5.27087
G01 X-55.38586 Y5.19916
G01 X-55.38592 Y5.19670
G01 X-55.39097 Y5.09380
G01 X-55.39115 Y5.09134
G01 X-55.39841 Y5.01791
G01 X-55.39790 Y5.01786
G01 X-55.39841 Y5.01791
G01 X-55.39869 Y5.01549
G01 X-55.41396 Y4.91257
G01 X-55.41439 Y4.91013
G01 X-55.43006 Y4.83152
G01 X-55.43059 Y4.82913
G01 X-55.45196 Y4.74392
G01 X-55.45490 Y4.73543
G01 X-55.45932 Y4.72764
G01 X-55.46506 Y4.72075
G01 X-55.45470 Y4.71171
G01 X-55.46506 Y4.72075
G01 X-55.47192 Y4.71499
G01 X-55.47972 Y4.71057
G01 X-55.49999 Y4.70132
G01 X-55.50217 Y4.70038
G01 X-55.58851 Y4.66591
G01 X-55.59089 Y4.66505
G01 X-55.62963 Y4.65179
G01 X-55.44421 Y4.60930
G01 X-55.44027 Y4.59558
G01 X-55.44421 Y4.60930
G01 X-55.36999 Y4.68354
G01 X-55.36237 Y4.68039
G01 X-55.36999 Y4.68354
G01 X-55.36999 Y5.98651
G01 X-55.36250 Y5.98958
G01 X-55.36999 Y5.98651
G01 X-56.08924 Y6.70576
G01 X-56.10900 Y6.72758
G01 X-56.14632 Y6.77305
G01 X-56.16387 Y6.79669
G01 X-56.17898 Y6.82194
G01 X-56.20672 Y6.87381
G01 X-56.22922 Y6.92814
G01 X-56.23575 Y6.95008
G01 X-56.69719 Y7.67774
G01 X-56.69691 Y7.67795
G01 X-56.69719 Y7.67774
G01 X-56.70783 Y7.68519
G01 X-56.74479 Y7.72217
G01 X-56.77479 Y7.76502
G01 X-56.79689 Y7.81241
G01 X-56.81042 Y7.86291
G01 X-56.81500 Y7.91501
G01 X-56.81500 Y9.61500
G01 X-56.80923 Y9.67355
G01 X-56.79216 Y9.72981
G01 X-56.76442 Y9.78168
G01 X-56.72724 Y9.82699
G01 X-56.25000 Y10.55462
G01 X-56.24571 Y10.55333
G01 X-56.25000 Y10.55462
G01 X-56.25000 Y10.57642
G01 X-56.24588 Y10.57764
G01 X-56.25000 Y10.57642
G01 X-56.74672 Y11.34411
G01 X-56.74824 Y11.34690
G01 X-56.74944 Y11.34835
G01 X-56.76308 Y11.37388
G01 X-56.76740 Y11.38175
G01 X-56.76768 Y11.38249
G01 X-56.77715 Y11.40022
G01 X-56.79422 Y11.45648
G01 X-56.79998 Y11.51502
G01 X-56.79998 Y13.21502
G01 X-56.79422 Y13.27354
G01 X-56.77715 Y13.32983
G01 X-56.74944 Y13.38169
G01 X-56.71213 Y13.42714
G01 X-56.66666 Y13.46445
G01 X-56.61479 Y13.49218
G01 X-56.55851 Y13.50925
G01 X-56.49998 Y13.51502
G01 X-54.79999 Y13.51502
G01 X-54.74147 Y13.50925
G01 X-54.68518 Y13.49218
G01 X-54.63331 Y13.46445
G01 X-54.58785 Y13.42714
G01 X-54.55053 Y13.38169
G01 X-54.52282 Y13.32983
G01 X-54.50575 Y13.27354
G01 X-54.49999 Y13.21502
G01 X-54.49999 Y11.51502
G01 X-54.50575 Y11.45648
G01 X-54.52282 Y11.40022
G01 X-54.55053 Y11.34835
G01 X-54.55191 Y11.34667
G01 X-54.55323 Y11.34411
G01 X-55.05000 Y10.57639
G01 X-55.05409 Y10.57759
G01 X-55.05000 Y10.57639
G01 X-55.05000 Y10.55160
G01 X-55.05391 Y10.55048
G01 X-55.05000 Y10.55160
G01 X-54.56605 Y9.78272
G01 X-54.54624 Y9.74576
G01 X-54.54604 Y9.74518
G01 X-54.53783 Y9.72981
G01 X-54.52074 Y9.67355
G01 X-54.51497 Y9.61500
G01 X-54.51497 Y7.91501
G01 X-54.51955 Y7.86291
G01 X-54.53308 Y7.81236
G01 X-54.55521 Y7.76497
G01 X-54.58523 Y7.72212
G01 X-54.59930 Y7.70805
G01 X-54.60608 Y7.69941
G01 X-54.98729 Y7.30086
G01 X-55.02696 Y7.30043
G01 X-54.98729 Y7.30086
G01 X-54.34571 Y6.65931
G01 X-54.32595 Y6.63749
G01 X-54.28864 Y6.59202
G01 X-54.27108 Y6.56837
G01 X-54.25597 Y6.54313
G01 X-54.22823 Y6.49126
G01 X-54.20573 Y6.43693
G01 X-54.18866 Y6.38064
G01 X-54.18150 Y6.35209
G01 X-54.17718 Y6.32296
G01 X-54.17141 Y6.26444
G01 X-54.16997 Y6.23502
G01 X-54.16997 Y4.43500
G01 X-54.17141 Y4.40561
G01 X-54.17718 Y4.34709
G01 X-54.18150 Y4.31796
G01 X-54.18866 Y4.28941
G01 X-54.20573 Y4.23312
G01 X-54.22823 Y4.17879
G01 X-54.25597 Y4.12693
G01 X-54.27108 Y4.10168
G01 X-54.28864 Y4.07803
G01 X-54.32595 Y4.03256
G01 X-54.34571 Y4.01075
G01 X-54.81571 Y3.54074
G01 X-54.83753 Y3.52098
G01 X-54.88300 Y3.48367
G01 X-54.90664 Y3.46612
G01 X-54.93189 Y3.45101
G01 X-54.98376 Y3.42327
G01 X-55.03809 Y3.40076
G01 X-55.09437 Y3.38370
G01 X-55.12292 Y3.37653
G01 X-55.15206 Y3.37222
G01 X-55.21058 Y3.36645
G01 X-55.23999 Y3.36500
G01 X-55.25112 Y3.36500
G01 X-55.45521 Y3.31824
G01 X-55.57804 Y3.39266
G01 X-55.26245 Y3.46503
G01 X-55.23999 Y3.46500
G01 X-55.22038 Y3.46597
G01 X-55.16184 Y3.47173
G01 X-55.14243 Y3.47463
G01 X-55.12341 Y3.47938
G01 X-55.06712 Y3.49647
G01 X-55.03090 Y3.51146
G01 X-54.97903 Y3.53920
G01 X-54.96219 Y3.54928
G01 X-54.94642 Y3.56096
G01 X-54.90098 Y3.59828
G01 X-54.88642 Y3.61146
G01 X-54.41642 Y4.08146
G01 X-54.40324 Y4.09601
G01 X-54.36593 Y4.14145
G01 X-54.35424 Y4.15723
G01 X-54.34416 Y4.17407
G01 X-54.31642 Y4.22593
G01 X-54.30144 Y4.26216
G01 X-54.28434 Y4.31844
G01 X-54.27959 Y4.33747
G01 X-54.27670 Y4.35687
G01 X-54.27093 Y4.41542
G01 X-54.26997 Y4.43500
G01 X-54.26997 Y6.23502
G01 X-54.27093 Y6.25463
G01 X-54.27670 Y6.31318
G01 X-54.27959 Y6.33259
G01 X-54.28434 Y6.35161
G01 X-54.30144 Y6.40790
G01 X-54.31642 Y6.44412
G01 X-54.34416 Y6.49598
G01 X-54.35424 Y6.51282
G01 X-54.36593 Y6.52860
G01 X-54.40324 Y6.57404
G01 X-54.41642 Y6.58859
G01 X-55.12714 Y7.29931
G01 X-55.16692 Y7.29888
G01 X-55.12714 Y7.29931
G01 X-54.67835 Y7.76852
G01 X-54.67339 Y7.77482
G01 X-54.66181 Y7.78641
G01 X-54.64180 Y7.81498
G01 X-54.62707 Y7.84658
G01 X-54.61802 Y7.88026
G01 X-54.61500 Y7.91501
G01 X-54.61500 Y9.61500
G01 X-54.61884 Y9.65404
G01 X-54.63021 Y9.69156
G01 X-54.64871 Y9.72613
G01 X-54.64926 Y9.72684
G01 X-54.65069 Y9.72945
G01 X-55.15000 Y10.52275
G01 X-55.15391 Y10.52163
G01 X-55.15000 Y10.52275
G01 X-55.15000 Y10.60591
G01 X-55.15409 Y10.60713
G01 X-55.15000 Y10.60591
G01 X-54.63720 Y11.39844
G01 X-54.63552 Y11.40166
G01 X-54.63369 Y11.40390
G01 X-54.61520 Y11.43847
G01 X-54.60382 Y11.47598
G01 X-54.59999 Y11.51502
G01 X-54.59999 Y13.21502
G01 X-54.60382 Y13.25403
G01 X-54.61520 Y13.29155
G01 X-54.63369 Y13.32612
G01 X-54.65856 Y13.35642
G01 X-54.68886 Y13.38131
G01 X-54.72346 Y13.39978
G01 X-54.76097 Y13.41116
G01 X-54.79999 Y13.41502
G01 X-56.49998 Y13.41502
G01 X-56.53900 Y13.41116
G01 X-56.57652 Y13.39978
G01 X-56.61111 Y13.38131
G01 X-56.64141 Y13.35642
G01 X-56.66628 Y13.32612
G01 X-56.68477 Y13.29155
G01 X-56.69615 Y13.25403
G01 X-56.69998 Y13.21502
G01 X-56.69998 Y11.51502
G01 X-56.69615 Y11.47598
G01 X-56.68477 Y11.43847
G01 X-56.66628 Y11.40390
G01 X-56.66470 Y11.40197
G01 X-56.66275 Y11.39844
G01 X-56.15000 Y10.60596
G01 X-56.14588 Y10.60718
G01 X-56.15000 Y10.60596
G01 X-56.15000 Y10.52475
G01 X-56.14571 Y10.52346
G01 X-56.15000 Y10.52475
G01 X-56.65104 Y9.76082
G01 X-56.65640 Y9.75643
G01 X-56.68129 Y9.72613
G01 X-56.69976 Y9.69156
G01 X-56.71113 Y9.65404
G01 X-56.71500 Y9.61500
G01 X-56.71500 Y7.91501
G01 X-56.71195 Y7.88028
G01 X-56.70293 Y7.84660
G01 X-56.68820 Y7.81501
G01 X-56.66818 Y7.78646
G01 X-56.64355 Y7.76179
G01 X-56.62290 Y7.74734
G01 X-56.62249 Y7.74767
G01 X-56.62290 Y7.74734
G01 X-56.14398 Y6.99217
G01 X-56.13351 Y6.95717
G01 X-56.11853 Y6.92095
G01 X-56.09079 Y6.86908
G01 X-56.08071 Y6.85224
G01 X-56.06902 Y6.83647
G01 X-56.03171 Y6.79103
G01 X-56.01853 Y6.77648
G01 X-55.26999 Y6.02794
G01 X-55.26247 Y6.03101
G01 X-55.26999 Y6.02794
G01 X-55.26999 Y4.64211
G01 X-55.26237 Y4.63896
G01 X-55.26999 Y4.64211
G01 X-55.41264 Y4.49947
G01 X-55.40867 Y4.48573
G01 X-55.41264 Y4.49947
G01 X-55.82554 Y4.59411
G01 X-55.77141 Y4.60686
G01 X-55.76897 Y4.60749
G01 X-55.70773 Y4.62520
G01 X-55.70545 Y4.62591
G01 X-55.62963 Y4.65179
G01 X-55.70545 Y4.62591
G01 X-55.70773 Y4.62520
G01 X-55.76897 Y4.60749
G01 X-55.77141 Y4.60686
G01 X-55.82554 Y4.59411
G01 X-55.88299 Y4.58062
G01 X-55.88536 Y4.58014
G01 X-55.92942 Y4.57198
G01 X-55.93189 Y4.57160
G01 X-56.04083 Y4.55705
G01 X-56.04322 Y4.55680
G01 X-56.07550 Y4.55405
G01 X-56.07799 Y4.55390
G01 X-56.09508 Y4.55332
G01 X-56.19216 Y4.57557
G01 X-56.19795 Y4.57651
G01 X-56.21276 Y4.57945
G01 X-56.31517 Y4.58954
G01 X-56.32498 Y4.59002
G01 X-56.77499 Y4.59002
G01 X-56.78480 Y4.58954
G01 X-56.88721 Y4.57945
G01 X-56.89691 Y4.57800
G01 X-56.90644 Y4.57562
G01 X-57.00143 Y4.54681
G01 X-57.00494 Y4.54575
G01 X-57.02305 Y4.53825
G01 X-57.11380 Y4.48971
G01 X-57.13011 Y4.47884
G01 X-57.20966 Y4.41354
G01 X-57.21693 Y4.40696
G01 X-57.22353 Y4.39967
G01 X-57.28881 Y4.32012
G01 X-57.29465 Y4.31224
G01 X-57.29970 Y4.30384
G01 X-57.34822 Y4.21306
G01 X-57.35571 Y4.19495
G01 X-57.38558 Y4.09647
G01 X-57.38942 Y4.07724
G01 X-57.39950 Y3.97481
G01 X-57.39998 Y3.96500
G01 X-57.39950 Y3.95522
G01 X-57.38942 Y3.85278
G01 X-57.38558 Y3.83356
G01 X-57.35571 Y3.73508
G01 X-57.34822 Y3.71697
G01 X-57.29970 Y3.62619
G01 X-57.29465 Y3.61778
G01 X-57.28881 Y3.60991
G01 X-57.22353 Y3.53033
G01 X-57.21693 Y3.52307
G01 X-57.20966 Y3.51649
G01 X-57.13011 Y3.45118
G01 X-57.11380 Y3.44029
G01 X-57.07032 Y3.41707
G04 P0 ( dwell for no time -- G64 should not smooth over this point )
G00 Z5.00000 ( retract )

G00 X-60.05492 Y7.19860 ( rapid move to begin. )
G01 F150.00000
( Mill infeed pass 1/1 )
G01 Z-0.06000
G04 P0 ( dwell for no time -- G64 should not smooth over this point )
G01 F300.00000
G01 X-60.05492 Y7.19860
G01 X-60.05217 Y7.20442
G01 X-60.05167 Y7.20553
G01 X-60.03650 Y7.23977
G01 X-60.03602 Y7.24089
G01 X-60.01705 Y7.28669
G01 X-59.80493 Y7.59001
G01 X-59.62906 Y7.76591
G01 X-59.62462 Y7.76362
G01 X-59.62906 Y7.76591
G01 X-59.57585 Y8.08148
G01 X-59.52673 Y8.23974
G01 X-59.52627 Y8.24127
G01 X-59.50887 Y8.30434
G01 X-59.50839 Y8.30619
G01 X-59.47021 Y8.46873
G01 X-59.46970 Y8.47111
G01 X-59.45497 Y8.55003
G01 X-59.45482 Y8.55249
G01 X-59.43277 Y8.71777
G01 X-59.43249 Y8.72024
G01 X-59.42553 Y8.80218
G01 X-59.42551 Y8.80464
G01 X-59.42502 Y8.81907
G01 X-59.42497 Y8.82077
G01 X-59.42497 Y9.02913
G01 X-59.42144 Y9.04696
G01 X-59.37306 Y9.20642
G01 X-59.36328 Y9.23375
G01 X-59.36221 Y9.23786
G01 X-58.88997 Y10.53268
G01 X-58.88852 Y10.53242
G01 X-58.88997 Y10.53268
G01 X-58.89000 Y10.59651
G01 X-58.88860 Y10.59676
G01 X-58.89000 Y10.59651
G01 X-59.34877 Y11.89613
G01 X-59.35207 Y11.90918
G01 X-59.35807 Y11.92361
G01 X-59.40643 Y12.08307
G01 X-59.40996 Y12.10087
G01 X-59.40996 Y12.62914
G01 X-59.40643 Y12.64695
G01 X-59.35807 Y12.80641
G01 X-59.34484 Y12.84337
G01 X-59.32805 Y12.87885
G01 X-59.24951 Y13.02582
G01 X-59.20595 Y13.09102
G01 X-59.10023 Y13.21982
G01 X-59.07387 Y13.24890
G01 X-59.04479 Y13.27527
G01 X-58.91598 Y13.38096
G01 X-58.85078 Y13.42452
G01 X-58.70382 Y13.50308
G01 X-58.66833 Y13.51987
G01 X-58.63137 Y13.53308
G01 X-58.47194 Y13.58147
G01 X-58.39503 Y13.59676
G01 X-58.22919 Y13.61309
G01 X-58.15078 Y13.61309
G01 X-57.98495 Y13.59676
G01 X-57.94613 Y13.59099
G01 X-57.90806 Y13.58147
G01 X-57.74860 Y13.53308
G01 X-57.67616 Y13.50308
G01 X-57.52919 Y13.42452
G01 X-57.46399 Y13.38096
G01 X-57.33519 Y13.27527
G01 X-57.30610 Y13.24890
G01 X-57.27974 Y13.21982
G01 X-57.17402 Y13.09102
G01 X-57.13046 Y13.02582
G01 X-57.05193 Y12.87885
G01 X-57.03514 Y12.84337
G01 X-57.02190 Y12.80641
G01 X-56.99887 Y12.73046
G01 X-56.98721 Y12.65178
G01 X-56.97905 Y12.56925
G01 X-56.97098 Y12.40507
G01 X-56.97098 Y12.32498
G01 X-56.97905 Y12.16079
G01 X-56.98718 Y12.07837
G01 X-56.99889 Y11.99953
G01 X-57.02190 Y11.92361
G01 X-57.02904 Y11.90375
G01 X-57.03117 Y11.89613
G01 X-57.48998 Y10.59646
G01 X-57.49140 Y10.59669
G01 X-57.48998 Y10.59646
G01 X-57.49000 Y10.52872
G01 X-57.49132 Y10.52851
G01 X-57.49000 Y10.52872
G01 X-57.04487 Y9.23042
G01 X-57.04197 Y9.21863
G01 X-57.03692 Y9.20642
G01 X-57.01390 Y9.13052
G01 X-57.00222 Y9.05173
G01 X-56.99407 Y8.96926
G01 X-56.98599 Y8.80507
G01 X-56.98599 Y8.72499
G01 X-56.99407 Y8.56077
G01 X-57.00222 Y8.47828
G01 X-57.01390 Y8.39949
G01 X-57.03692 Y8.32362
G01 X-57.05015 Y8.28666
G01 X-57.06691 Y8.25117
G01 X-57.14548 Y8.10421
G01 X-57.18904 Y8.03901
G01 X-57.29475 Y7.91020
G01 X-57.34908 Y7.85567
G01 X-58.56226 Y6.85280
G01 X-59.51034 Y5.90470
G01 X-59.75482 Y5.76462
G01 X-59.51034 Y5.90470
G01 X-59.50371 Y5.90711
G01 X-59.49023 Y5.91069
G01 X-59.47676 Y5.91625
G01 X-59.42987 Y5.93048
G01 X-59.35296 Y5.94579
G01 X-59.30420 Y5.95059
G01 X-59.26498 Y5.95253
G01 X-58.31499 Y5.95253
G01 X-58.30664 Y5.95242
G01 X-57.82787 Y5.94244
G01 X-57.82780 Y5.94178
G01 X-57.82787 Y5.94244
G01 X-56.97481 Y6.13797
G01 X-56.93140 Y6.14544
G01 X-56.92861 Y6.14562
G01 X-56.91662 Y6.14800
G01 X-56.81418 Y6.15809
G01 X-56.77499 Y6.16002
G01 X-56.32498 Y6.16002
G01 X-56.28579 Y6.15809
G01 X-56.18335 Y6.14800
G01 X-56.14454 Y6.14224
G01 X-56.10646 Y6.13271
G01 X-56.00796 Y6.10282
G01 X-55.93552 Y6.07282
G01 X-55.84477 Y6.02431
G01 X-55.77956 Y5.98074
G01 X-55.69999 Y5.91544
G01 X-55.67090 Y5.88908
G01 X-55.64456 Y5.85999
G01 X-55.57926 Y5.78044
G01 X-55.56587 Y5.76040
G01 X-55.55307 Y5.71834
G01 X-55.52790 Y5.61778
G01 X-55.51271 Y5.54160
G01 X-55.49780 Y5.44107
G01 X-55.49079 Y5.37008
G01 X-55.48586 Y5.26962
G01 X-55.48586 Y5.20038
G01 X-55.49079 Y5.09997
G01 X-55.49780 Y5.02898
G01 X-55.51271 Y4.92845
G01 X-55.52790 Y4.85225
G01 X-55.54304 Y4.79175
G01 X-55.62445 Y4.75926
G01 X-55.66194 Y4.74643
G01 X-55.73661 Y4.72096
G01 X-55.79552 Y4.70394
G01 X-55.90471 Y4.67826
G01 X-55.94642 Y4.67054
G01 X-56.05282 Y4.65634
G01 X-56.08269 Y4.65380
G01 X-56.09844 Y4.65326
G01 X-56.19353 Y4.62441
G01 X-56.20306 Y4.62202
G01 X-56.21276 Y4.62057
G01 X-56.31517 Y4.61049
G01 X-56.32498 Y4.61001
G01 X-56.77499 Y4.61001
G01 X-56.78480 Y4.61049
G01 X-56.88721 Y4.62057
G01 X-56.89696 Y4.62202
G01 X-56.90489 Y4.62403
G01 X-56.90778 Y4.62449
G01 X-57.00489 Y4.64674
G01 X-57.54149 Y4.76975
G01 X-58.01860 Y4.44211
G01 X-58.01893 Y4.44148
G01 X-58.02983 Y4.42517
G01 X-58.06092 Y4.38730
G01 X-58.07476 Y4.37343
G01 X-58.11266 Y4.34234
G01 X-58.12053 Y4.33650
G01 X-58.12896 Y4.33145
G01 X-58.17217 Y4.30836
G01 X-58.19028 Y4.30084
G01 X-58.23719 Y4.28662
G01 X-58.25642 Y4.28281
G01 X-58.30519 Y4.27800
G01 X-58.31499 Y4.27752
G01 X-59.26498 Y4.27752
G01 X-59.27478 Y4.27800
G01 X-59.32355 Y4.28281
G01 X-59.34278 Y4.28662
G01 X-59.38969 Y4.30084
G01 X-59.39691 Y4.30384
G01 X-59.40163 Y4.30503
G01 X-59.76711 Y4.43731
G01 X-60.15598 Y4.28611
G01 X-60.16112 Y4.28463
G01 X-60.17028 Y4.28085
G01 X-60.21720 Y4.26663
G01 X-60.23640 Y4.26279
G01 X-60.28519 Y4.25799
G01 X-60.29500 Y4.25751
G01 X-61.24498 Y4.25751
G01 X-61.25479 Y4.25799
G01 X-61.30356 Y4.26279
G01 X-61.32278 Y4.26663
G01 X-61.36970 Y4.28085
G01 X-61.38781 Y4.28834
G01 X-61.43101 Y4.31146
G01 X-61.43945 Y4.31649
G01 X-61.44732 Y4.32235
G01 X-61.48519 Y4.35344
G01 X-61.49906 Y4.36729
G01 X-61.53015 Y4.40518
G01 X-61.54105 Y4.42149
G01 X-61.56416 Y4.46469
G01 X-61.56835 Y4.47358
G01 X-61.57165 Y4.48281
G01 X-61.58588 Y4.52972
G01 X-61.58827 Y4.53922
G01 X-61.58971 Y4.54895
G01 X-61.59451 Y4.59771
G01 X-61.59500 Y4.60752
G01 X-61.59500 Y5.28252
G01 X-61.59451 Y5.29230
G01 X-61.58971 Y5.34110
G01 X-61.58827 Y5.35080
G01 X-61.58588 Y5.36032
G01 X-61.57165 Y5.40721
G01 X-61.56835 Y5.41646
G01 X-61.56416 Y5.42532
G01 X-61.54105 Y5.46855
G01 X-61.53015 Y5.48484
G01 X-61.49906 Y5.52273
G01 X-61.48519 Y5.53660
G01 X-61.44732 Y5.56769
G01 X-61.43945 Y5.57353
G01 X-61.43101 Y5.57856
G01 X-61.38781 Y5.60168
G01 X-61.36970 Y5.60917
G01 X-61.32278 Y5.62339
G01 X-61.30356 Y5.62723
G01 X-61.25479 Y5.63203
G01 X-61.24498 Y5.63251
G01 X-61.24072 Y5.63251
G01 X-61.15723 Y5.73142
G01 X-61.14283 Y5.77887
G01 X-61.13533 Y5.79698
G01 X-61.10760 Y5.84884
G01 X-61.10257 Y5.85728
G01 X-61.09670 Y5.86515
G01 X-61.05941 Y5.91062
G01 X-61.05281 Y5.91788
G01 X-59.34915 Y7.62153
G01 X-59.15522 Y8.77190
G01 X-59.15451 Y8.77482
G01 X-59.13818 Y8.94063
G01 X-59.13435 Y8.95986
G01 X-59.08598 Y9.11932
G01 X-59.08266 Y9.12857
G01 X-59.08131 Y9.13144
G01 X-59.08037 Y9.13507
G01 X-58.58997 Y10.47969
G01 X-58.59000 Y10.64792
G01 X-59.06589 Y11.99600
G01 X-59.06747 Y12.00222
G01 X-59.07097 Y12.01070
G01 X-59.11936 Y12.17017
G01 X-59.12317 Y12.18939
G01 X-59.13950 Y12.35520
G01 X-59.13998 Y12.36501
G01 X-59.13950 Y12.37481
G01 X-59.12317 Y12.54065
G01 X-59.11936 Y12.55988
G01 X-59.07097 Y12.71931
G01 X-59.06767 Y12.72856
G01 X-59.06348 Y12.73742
G01 X-58.98492 Y12.88439
G01 X-58.97405 Y12.90070
G01 X-58.86833 Y13.02950
G01 X-58.86173 Y13.03676
G01 X-58.85446 Y13.04337
G01 X-58.72566 Y13.14906
G01 X-58.70935 Y13.15995
G01 X-58.56241 Y13.23849
G01 X-58.55352 Y13.24271
G01 X-58.54430 Y13.24601
G01 X-58.38484 Y13.29437
G01 X-58.37532 Y13.29676
G01 X-58.36561 Y13.29821
G01 X-58.19978 Y13.31454
G01 X-58.18019 Y13.31454
G01 X-58.01436 Y13.29821
G01 X-58.00466 Y13.29676
G01 X-57.99513 Y13.29437
G01 X-57.83567 Y13.24601
G01 X-57.81756 Y13.23849
G01 X-57.67062 Y13.15995
G01 X-57.65431 Y13.14906
G01 X-57.52551 Y13.04337
G01 X-57.51825 Y13.03676
G01 X-57.51164 Y13.02950
G01 X-57.40593 Y12.90070
G01 X-57.39506 Y12.88439
G01 X-57.31649 Y12.73742
G01 X-57.31230 Y12.72856
G01 X-57.30900 Y12.71931
G01 X-57.26061 Y12.55988
G01 X-57.25680 Y12.54065
G01 X-57.24047 Y12.37481
G01 X-57.23999 Y12.36501
G01 X-57.24047 Y12.35520
G01 X-57.25680 Y12.18939
G01 X-57.26061 Y12.17017
G01 X-57.30900 Y12.01070
G01 X-57.31230 Y12.00146
G01 X-57.31284 Y12.00032
G01 X-57.31405 Y11.99600
G01 X-57.79000 Y10.64784
G01 X-57.79000 Y10.47873
G01 X-57.32863 Y9.13311
G01 X-57.32711 Y9.12681
G01 X-57.32399 Y9.11932
G01 X-57.27562 Y8.95986
G01 X-57.27179 Y8.94063
G01 X-57.25546 Y8.77482
G01 X-57.25500 Y8.76502
G01 X-57.25546 Y8.75521
G01 X-57.27179 Y8.58938
G01 X-57.27562 Y8.57015
G01 X-57.32399 Y8.41071
G01 X-57.32731 Y8.40147
G01 X-57.33150 Y8.39260
G01 X-57.41004 Y8.24564
G01 X-57.42094 Y8.22933
G01 X-57.52665 Y8.10053
G01 X-57.54024 Y8.08689
G01 X-58.75967 Y7.07884
G01 X-58.76229 Y7.07703
G01 X-60.09802 Y5.74127
G01 X-60.02810 Y5.56162
G01 X-59.79370 Y5.48311
G01 X-59.40163 Y5.62502
G01 X-59.39640 Y5.62639
G01 X-59.38969 Y5.62918
G01 X-59.34278 Y5.64341
G01 X-59.32355 Y5.64722
G01 X-59.27478 Y5.65204
G01 X-59.26498 Y5.65250
G01 X-58.31499 Y5.65250
G01 X-58.30923 Y5.65222
G01 X-58.30714 Y5.65240
G01 X-57.79704 Y5.64173
G01 X-56.90778 Y5.84557
G01 X-56.89988 Y5.84691
G01 X-56.88721 Y5.84945
G01 X-56.78480 Y5.85954
G01 X-56.77499 Y5.86002
G01 X-56.32498 Y5.86002
G01 X-56.31517 Y5.85954
G01 X-56.21276 Y5.84945
G01 X-56.20306 Y5.84800
G01 X-56.19353 Y5.84562
G01 X-56.09506 Y5.81575
G01 X-56.07695 Y5.80825
G01 X-55.98617 Y5.75971
G01 X-55.96986 Y5.74884
G01 X-55.89031 Y5.68354
G01 X-55.88304 Y5.67696
G01 X-55.87647 Y5.66967
G01 X-55.81116 Y5.59012
G01 X-55.80027 Y5.57384
G01 X-55.75175 Y5.48306
G01 X-55.74426 Y5.46495
G01 X-55.71439 Y5.36647
G01 X-55.71055 Y5.34724
G01 X-55.70047 Y5.24480
G01 X-55.69999 Y5.23500
G01 X-55.70047 Y5.22522
G01 X-55.71055 Y5.12278
G01 X-55.71439 Y5.10356
G01 X-55.74426 Y5.00508
G01 X-55.75175 Y4.98697
G01 X-55.80027 Y4.89619
G01 X-55.80532 Y4.88778
G01 X-55.81116 Y4.87991
G01 X-55.87647 Y4.80033
G01 X-55.88304 Y4.79307
G01 X-55.89031 Y4.78649
G01 X-55.96986 Y4.72118
G01 X-55.98617 Y4.71029
G01 X-56.07695 Y4.66177
G01 X-56.09506 Y4.65428
G01 X-56.09844 Y4.65326
G01 X-56.19353 Y4.62441
G01 X-56.20306 Y4.62202
G01 X-56.21276 Y4.62057
G01 X-56.31517 Y4.61049
G01 X-56.32498 Y4.61001
G01 X-56.77499 Y4.61001
G01 X-56.78480 Y4.61049
G01 X-56.88721 Y4.62057
G01 X-56.89696 Y4.62202
G01 X-56.90489 Y4.62403
G01 X-56.90778 Y4.62449
G01 X-57.00489 Y4.64674
G01 X-57.02198 Y4.64615
G01 X-57.02447 Y4.64600
G01 X-57.05678 Y4.64326
G01 X-57.05917 Y4.64300
G01 X-57.16808 Y4.62845
G01 X-57.17054 Y4.62807
G01 X-57.21459 Y4.61991
G01 X-57.21695 Y4.61943
G01 X-57.27438 Y4.60592
G01 X-57.32853 Y4.59319
G01 X-57.33097 Y4.59256
G01 X-57.39221 Y4.57485
G01 X-57.39450 Y4.57414
G01 X-57.47032 Y4.54824
G01 X-57.50422 Y4.53665
G01 X-57.51057 Y4.53399
G01 X-57.51652 Y4.53048
G01 X-57.52188 Y4.52619
G01 X-57.52373 Y4.52883
G01 X-57.52188 Y4.52619
G01 X-57.52510 Y4.52322
G01 X-57.52691 Y4.52149
G01 X-57.57867 Y4.46901
G01 X-57.58035 Y4.46723
G01 X-57.65099 Y4.38829
G01 X-57.65259 Y4.38639
G01 X-57.70567 Y4.32075
G01 X-57.70715 Y4.31885
G01 X-57.74626 Y4.26541
G01 X-57.80712 Y4.22365
G01 X-57.82901 Y4.19698
G01 X-57.85538 Y4.16790
G01 X-57.88446 Y4.14153
G01 X-57.92233 Y4.11044
G01 X-57.95386 Y4.08705
G01 X-57.98754 Y4.06688
G01 X-58.03077 Y4.04377
G01 X-58.10321 Y4.01377
G01 X-58.15010 Y3.99954
G01 X-58.22701 Y3.98425
G01 X-58.27578 Y3.97943
G01 X-58.31476 Y3.97752
G01 X-59.26521 Y3.97752
G01 X-59.30420 Y3.97943
G01 X-59.35296 Y3.98425
G01 X-59.42987 Y3.99954
G01 X-59.47676 Y4.01377
G01 X-59.49132 Y4.01979
G01 X-59.50374 Y4.02294
G01 X-59.76335 Y4.11692
G01 X-59.76343 Y4.12347
G01 X-59.76335 Y4.11692
G01 X-60.04725 Y4.00650
G01 X-60.06393 Y4.00173
G01 X-60.08321 Y3.99378
G01 X-60.13010 Y3.97953
G01 X-60.20701 Y3.96424
G01 X-60.25578 Y3.95944
G01 X-60.29482 Y3.95753
G01 X-60.61702 Y3.95753
G01 X-61.24133 Y3.99596
G01 X-61.28032 Y3.99934
G01 X-61.32705 Y4.00452
G01 X-61.40417 Y4.01694
G01 X-61.42451 Y4.02124
G01 X-61.46805 Y4.08621
G01 X-61.48413 Y4.11306
G01 X-61.49614 Y4.13310
G01 X-61.52786 Y4.19228
G01 X-61.54999 Y4.23902
G01 X-61.57051 Y4.28847
G01 X-61.57577 Y4.30320
G01 X-61.57051 Y4.28847
G01 X-61.54999 Y4.23902
G01 X-61.52786 Y4.19228
G01 X-61.49614 Y4.13310
G01 X-61.48413 Y4.11306
G01 X-61.48207 Y4.11197
G01 X-61.42774 Y4.08946
G01 X-61.38085 Y4.07524
G01 X-61.32317 Y4.06376
G01 X-61.27440 Y4.05896
G01 X-61.24498 Y4.05751
G01 X-60.29500 Y4.05751
G01 X-60.26559 Y4.05896
G01 X-60.21682 Y4.06376
G01 X-60.15913 Y4.07524
G01 X-60.11222 Y4.08946
G01 X-60.09635 Y4.09604
G01 X-60.08349 Y4.09970
G01 X-59.76460 Y4.22370
G01 X-59.76467 Y4.23046
G01 X-59.76460 Y4.22370
G01 X-59.46970 Y4.11697
G01 X-59.45985 Y4.11448
G01 X-59.44773 Y4.10945
G01 X-59.40084 Y4.09523
G01 X-59.34316 Y4.08377
G01 X-59.29439 Y4.07894
G01 X-59.26498 Y4.07752
G01 X-58.31499 Y4.07752
G01 X-58.28558 Y4.07894
G01 X-58.23681 Y4.08377
G01 X-58.17913 Y4.09523
G01 X-58.13224 Y4.10945
G01 X-58.07791 Y4.13195
G01 X-58.03468 Y4.15507
G01 X-58.00943 Y4.17021
G01 X-57.98578 Y4.18773
G01 X-57.94789 Y4.21882
G01 X-57.92607 Y4.23861
G01 X-57.90631 Y4.26043
G01 X-57.87539 Y4.29807
G01 X-57.87560 Y4.29832
G01 X-57.87539 Y4.29807
G01 X-57.50069 Y4.55520
G01 X-57.50240 Y4.56424
G01 X-57.50069 Y4.55520
G01 X-57.47032 Y4.54824
G01 X-57.39450 Y4.57414
G01 X-57.39221 Y4.57485
G01 X-57.33097 Y4.59256
G01 X-57.32853 Y4.59319
G01 X-57.27438 Y4.60592
G01 X-57.52106 Y4.66246
G01 X-57.52277 Y4.67150
G01 X-57.52106 Y4.66246
G01 X-57.94705 Y4.36993
G01 X-57.94730 Y4.37023
G01 X-57.94705 Y4.36993
G01 X-57.95251 Y4.36175
G01 X-57.98360 Y4.32385
G01 X-57.99678 Y4.30932
G01 X-58.01134 Y4.29614
G01 X-58.04921 Y4.26505
G01 X-58.06498 Y4.25334
G01 X-58.08182 Y4.24326
G01 X-58.12503 Y4.22017
G01 X-58.16127 Y4.20516
G01 X-58.20816 Y4.19093
G01 X-58.24662 Y4.18329
G01 X-58.29538 Y4.17849
G01 X-58.31499 Y4.17752
G01 X-59.26498 Y4.17752
G01 X-59.28459 Y4.17849
G01 X-59.33335 Y4.18329
G01 X-59.37181 Y4.19093
G01 X-59.41872 Y4.20516
G01 X-59.42838 Y4.20917
G01 X-59.43567 Y4.21100
G01 X-59.76587 Y4.33051
G01 X-59.76592 Y4.33653
G01 X-59.76587 Y4.33051
G01 X-60.11974 Y4.19291
G01 X-60.12873 Y4.19035
G01 X-60.14125 Y4.18514
G01 X-60.18817 Y4.17092
G01 X-60.22662 Y4.16327
G01 X-60.27539 Y4.15847
G01 X-60.29500 Y4.15751
G01 X-61.24498 Y4.15751
G01 X-61.26459 Y4.15847
G01 X-61.31336 Y4.16327
G01 X-61.35182 Y4.17092
G01 X-61.39870 Y4.18514
G01 X-61.43493 Y4.20015
G01 X-61.47816 Y4.22327
G01 X-61.49500 Y4.23335
G01 X-61.51077 Y4.24504
G01 X-61.54864 Y4.27613
G01 X-61.56320 Y4.28931
G01 X-61.57577 Y4.30320
G01 X-61.58722 Y4.33515
G01 X-61.60010 Y4.37752
G01 X-61.61179 Y4.42418
G01 X-61.61930 Y4.46190
G01 X-61.62624 Y4.50848
G01 X-61.62972 Y4.54379
G01 X-61.63203 Y4.59098
G01 X-61.63246 Y4.60813
G01 X-61.63246 Y5.28194
G01 X-61.63203 Y5.29908
G01 X-61.62972 Y5.34628
G01 X-61.62624 Y5.38161
G01 X-61.61930 Y5.42819
G01 X-61.61179 Y5.46589
G01 X-61.60013 Y5.51247
G01 X-61.58720 Y5.55499
G01 X-61.57767 Y5.58161
G01 X-61.57722 Y5.58212
G01 X-61.54458 Y5.61476
G01 X-61.51560 Y5.64099
G01 X-61.51001 Y5.64607
G01 X-61.47348 Y5.67605
G01 X-61.43566 Y5.70409
G01 X-61.39309 Y5.73251
G01 X-61.35159 Y5.75740
G01 X-61.31509 Y5.77754
G01 X-61.30836 Y5.78199
G01 X-61.30244 Y5.78748
G01 X-61.30155 Y5.78649
G01 X-61.30244 Y5.78748
G01 X-61.29688 Y5.79352
G01 X-61.29365 Y5.79743
G01 X-61.29083 Y5.80165
G01 X-61.28659 Y5.80871
G01 X-61.25598 Y5.85456
G01 X-61.22202 Y5.90033
G01 X-61.18961 Y5.93985
G01 X-61.15136 Y5.98207
G01 X-61.13419 Y6.00007
G01 X-60.30960 Y6.82469
G01 X-60.30866 Y6.82550
G01 X-60.29073 Y6.84447
G01 X-60.28992 Y6.84539
G01 X-60.25037 Y6.88900
G01 X-60.24875 Y6.89088
G01 X-60.21476 Y6.93233
G01 X-60.21326 Y6.93424
G01 X-60.17785 Y6.98201
G01 X-60.17643 Y6.98402
G01 X-60.17608 Y6.98379
G01 X-60.17643 Y6.98402
G01 X-60.14448 Y7.03187
G01 X-60.14318 Y7.03393
G01 X-60.11202 Y7.08590
G01 X-60.11077 Y7.08808
G01 X-60.07999 Y7.14579
G01 X-60.07890 Y7.14795
G01 X-60.05492 Y7.19860
G01 X-59.53574 Y7.71777
G01 X-59.53122 Y7.71546
G01 X-59.53574 Y7.71777
G01 X-59.35256 Y8.80441
G01 X-59.33722 Y8.96024
G01 X-59.32573 Y9.01792
G01 X-59.27737 Y9.17739
G01 X-59.26902 Y9.20073
G01 X-59.26828 Y9.20360
G01 X-58.78997 Y10.51503
G01 X-58.78850 Y10.51477
G01 X-58.78997 Y10.51503
G01 X-58.79000 Y10.61365
G01 X-58.78860 Y10.61388
G01 X-58.79000 Y10.61365
G01 X-59.25449 Y11.92942
G01 X-59.25721 Y11.94019
G01 X-59.26236 Y11.95264
G01 X-59.31075 Y12.11210
G01 X-59.32220 Y12.16978
G01 X-59.33854 Y12.33560
G01 X-59.33998 Y12.36501
G01 X-59.33854 Y12.39442
G01 X-59.32220 Y12.56023
G01 X-59.31075 Y12.61792
G01 X-59.26236 Y12.77738
G01 X-59.25246 Y12.80509
G01 X-59.23986 Y12.83171
G01 X-59.16132 Y12.97867
G01 X-59.12863 Y13.02757
G01 X-59.02294 Y13.15637
G01 X-59.00315 Y13.17819
G01 X-58.98134 Y13.19795
G01 X-58.85253 Y13.30367
G01 X-58.80364 Y13.33633
G01 X-58.65670 Y13.41489
G01 X-58.63008 Y13.42747
G01 X-58.60234 Y13.43740
G01 X-58.44291 Y13.48576
G01 X-58.38522 Y13.49724
G01 X-58.21939 Y13.51357
G01 X-58.19000 Y13.51502
G01 X-58.16059 Y13.51357
G01 X-57.99475 Y13.49724
G01 X-57.96564 Y13.49292
G01 X-57.93707 Y13.48576
G01 X-57.77763 Y13.43740
G01 X-57.72330 Y13.41489
G01 X-57.57634 Y13.33633
G01 X-57.52744 Y13.30367
G01 X-57.39864 Y13.19795
G01 X-57.37682 Y13.17819
G01 X-57.35703 Y13.15637
G01 X-57.25134 Y13.02757
G01 X-57.21865 Y12.97867
G01 X-57.14012 Y12.83171
G01 X-57.12752 Y12.80509
G01 X-57.11761 Y12.77738
G01 X-57.06925 Y12.61792
G01 X-57.05777 Y12.56023
G01 X-57.04144 Y12.39442
G01 X-57.03999 Y12.36501
G01 X-57.04144 Y12.33560
G01 X-57.05777 Y12.16978
G01 X-57.06925 Y12.11210
G01 X-57.11761 Y11.95264
G01 X-57.12378 Y11.93537
G01 X-57.12546 Y11.92942
G01 X-57.58998 Y10.61358
G01 X-57.59137 Y10.61381
G01 X-57.58998 Y10.61358
G01 X-57.59000 Y10.51205
G01 X-57.59132 Y10.51185
G01 X-57.59000 Y10.51205
G01 X-57.13946 Y9.19798
G01 X-57.13702 Y9.18803
G01 X-57.13260 Y9.17739
G01 X-57.08424 Y9.01792
G01 X-57.07275 Y8.96024
G01 X-57.05642 Y8.79443
G01 X-57.05497 Y8.76502
G01 X-57.05642 Y8.73560
G01 X-57.07275 Y8.56979
G01 X-57.08424 Y8.51211
G01 X-57.13260 Y8.35265
G01 X-57.14253 Y8.32494
G01 X-57.15510 Y8.29832
G01 X-57.23366 Y8.15135
G01 X-57.26633 Y8.10246
G01 X-57.37204 Y7.97365
G01 X-57.41281 Y7.93276
G01 X-58.62962 Y6.92684
G01 X-59.84519 Y5.71128
G01 X-59.93279 Y5.69068
G01 X-59.84519 Y5.71128
G01 X-59.79627 Y5.69489
G01 X-59.79627 Y5.68943
G01 X-59.79627 Y5.69489
G01 X-59.46970 Y5.81308
G01 X-59.45896 Y5.81592
G01 X-59.44773 Y5.82057
G01 X-59.40084 Y5.83480
G01 X-59.34316 Y5.84628
G01 X-59.29439 Y5.85108
G01 X-59.26498 Y5.85250
G01 X-58.31499 Y5.85250
G01 X-58.30631 Y5.85209
G01 X-58.30298 Y5.85235
G01 X-57.81758 Y5.84221
G01 X-57.81751 Y5.84158
G01 X-57.81758 Y5.84221
G01 X-56.95246 Y6.04051
G01 X-56.91990 Y6.04610
G01 X-56.91825 Y6.04620
G01 X-56.90682 Y6.04849
G01 X-56.80440 Y6.05857
G01 X-56.77499 Y6.06002
G01 X-56.32498 Y6.06002
G01 X-56.29559 Y6.05857
G01 X-56.19315 Y6.04849
G01 X-56.16404 Y6.04417
G01 X-56.13547 Y6.03701
G01 X-56.03699 Y6.00714
G01 X-55.98266 Y5.98463
G01 X-55.89188 Y5.93612
G01 X-55.84299 Y5.90343
G01 X-55.76344 Y5.83815
G01 X-55.74162 Y5.81839
G01 X-55.72186 Y5.79657
G01 X-55.65655 Y5.71702
G01 X-55.62389 Y5.66810
G01 X-55.57537 Y5.57734
G01 X-55.55287 Y5.52301
G01 X-55.52300 Y5.42451
G01 X-55.51152 Y5.36685
G01 X-55.50143 Y5.26441
G01 X-55.49999 Y5.23500
G01 X-55.50143 Y5.20561
G01 X-55.51152 Y5.10317
G01 X-55.52300 Y5.04552
G01 X-55.55287 Y4.94702
G01 X-55.57537 Y4.89268
G01 X-55.62389 Y4.80193
G01 X-55.63903 Y4.77666
G01 X-55.65655 Y4.75301
G01 X-55.66194 Y4.74643
G01 X-55.73661 Y4.72096
G01 X-55.79552 Y4.70394
G01 X-55.90471 Y4.67826
G01 X-55.94642 Y4.67054
G01 X-56.05282 Y4.65634
G01 X-56.08269 Y4.65380
G01 X-56.09844 Y4.65326
G01 X-56.08269 Y4.65380
G01 X-56.05282 Y4.65634
G01 X-55.94642 Y4.67054
G01 X-55.90471 Y4.67826
G01 X-55.84845 Y4.69149
G01 X-55.82688 Y4.70917
G01 X-55.81233 Y4.72235
G01 X-55.79915 Y4.73691
G01 X-55.73387 Y4.81646
G01 X-55.72216 Y4.83223
G01 X-55.71208 Y4.84905
G01 X-55.66356 Y4.93983
G01 X-55.64855 Y4.97605
G01 X-55.61868 Y5.07452
G01 X-55.61104 Y5.11298
G01 X-55.60095 Y5.21542
G01 X-55.59999 Y5.23500
G01 X-55.69999 Y5.23500
G01 X-55.59999 Y5.23500
G01 X-55.49999 Y5.23500
G01 X-55.48586 Y5.20038
G01 X-55.49999 Y5.23500
G01 X-55.59999 Y5.23500
G01 X-55.60095 Y5.25461
G01 X-55.61104 Y5.35705
G01 X-55.61868 Y5.39550
G01 X-55.64855 Y5.49398
G01 X-55.66356 Y5.53020
G01 X-55.71208 Y5.62098
G01 X-55.73387 Y5.65357
G01 X-55.79915 Y5.73312
G01 X-55.81233 Y5.74767
G01 X-55.82688 Y5.76086
G01 X-55.90644 Y5.82613
G01 X-55.93903 Y5.84793
G01 X-56.02981 Y5.89644
G01 X-56.06603 Y5.91143
G01 X-56.16450 Y5.94132
G01 X-56.18355 Y5.94607
G01 X-56.20296 Y5.94897
G01 X-56.30540 Y5.95905
G01 X-56.32498 Y5.96002
G01 X-56.77499 Y5.96002
G01 X-56.79460 Y5.95905
G01 X-56.89701 Y5.94897
G01 X-56.90788 Y5.94681
G01 X-56.90842 Y5.94676
G01 X-56.93013 Y5.94303
G01 X-57.80730 Y5.74196
G01 X-57.80725 Y5.74132
G01 X-57.80730 Y5.74196
G01 X-58.30506 Y5.75237
G01 X-58.30778 Y5.75217
G01 X-58.31499 Y5.75250
G01 X-59.26498 Y5.75250
G01 X-59.28459 Y5.75156
G01 X-59.33335 Y5.74673
G01 X-59.37181 Y5.73909
G01 X-59.41872 Y5.72486
G01 X-59.42767 Y5.72116
G01 X-59.43567 Y5.71905
G01 X-59.79500 Y5.58900
G01 X-59.79497 Y5.58344
G01 X-59.79500 Y5.58900
G01 X-59.95192 Y5.64155
G01 X-59.95911 Y5.63401
G01 X-59.95192 Y5.64155
G01 X-59.98116 Y5.71674
G01 X-60.00018 Y5.72072
G01 X-59.98116 Y5.71674
G01 X-58.69653 Y7.00137
G01 X-58.69597 Y7.00177
G01 X-57.47651 Y8.00982
G01 X-57.44934 Y8.03710
G01 X-57.34365 Y8.16591
G01 X-57.32185 Y8.19849
G01 X-57.24332 Y8.34546
G01 X-57.23491 Y8.36319
G01 X-57.22830 Y8.38168
G01 X-57.17994 Y8.54114
G01 X-57.17227 Y8.57957
G01 X-57.15594 Y8.74541
G01 X-57.15497 Y8.76502
G01 X-57.15594 Y8.78463
G01 X-57.17227 Y8.95044
G01 X-57.17994 Y8.98889
G01 X-57.22830 Y9.14835
G01 X-57.23206 Y9.15742
G01 X-57.23404 Y9.16555
G01 X-57.69000 Y10.49539
G01 X-57.69132 Y10.49516
G01 X-57.69000 Y10.49539
G01 X-57.68997 Y10.63072
G01 X-57.69137 Y10.63095
G01 X-57.68997 Y10.63072
G01 X-57.21977 Y11.96270
G01 X-57.21855 Y11.96702
G01 X-57.21329 Y11.98167
G01 X-57.16493 Y12.14113
G01 X-57.15729 Y12.17959
G01 X-57.14095 Y12.34540
G01 X-57.13999 Y12.36501
G01 X-57.14095 Y12.38462
G01 X-57.15729 Y12.55045
G01 X-57.16493 Y12.58888
G01 X-57.21329 Y12.74835
G01 X-57.21992 Y12.76684
G01 X-57.22830 Y12.78457
G01 X-57.30684 Y12.93153
G01 X-57.32863 Y12.96412
G01 X-57.43435 Y13.09292
G01 X-57.44753 Y13.10748
G01 X-57.46206 Y13.12066
G01 X-57.59086 Y13.22637
G01 X-57.60664 Y13.23806
G01 X-57.62348 Y13.24814
G01 X-57.77042 Y13.32670
G01 X-57.80664 Y13.34169
G01 X-57.96610 Y13.39008
G01 X-57.98515 Y13.39483
G01 X-58.00455 Y13.39772
G01 X-58.17039 Y13.41405
G01 X-58.20958 Y13.41405
G01 X-58.37542 Y13.39772
G01 X-58.39482 Y13.39483
G01 X-58.41387 Y13.39008
G01 X-58.57334 Y13.34169
G01 X-58.59180 Y13.33509
G01 X-58.60956 Y13.32670
G01 X-58.75650 Y13.24814
G01 X-58.78911 Y13.22637
G01 X-58.91791 Y13.12066
G01 X-58.93244 Y13.10748
G01 X-58.94562 Y13.09292
G01 X-59.05134 Y12.96412
G01 X-59.07313 Y12.93153
G01 X-59.15167 Y12.78457
G01 X-59.16005 Y12.76684
G01 X-59.16668 Y12.74835
G01 X-59.21504 Y12.58888
G01 X-59.22269 Y12.55045
G01 X-59.23902 Y12.38462
G01 X-59.23998 Y12.36501
G01 X-59.23902 Y12.34540
G01 X-59.22269 Y12.17959
G01 X-59.21504 Y12.14113
G01 X-59.16668 Y11.98167
G01 X-59.16234 Y11.97121
G01 X-59.16018 Y11.96270
G01 X-58.69000 Y10.63077
G01 X-58.68860 Y10.63103
G01 X-58.69000 Y10.63077
G01 X-58.68997 Y10.49735
G01 X-58.68850 Y10.49709
G01 X-58.68997 Y10.49735
G01 X-59.17433 Y9.16933
G01 X-59.17486 Y9.16725
G01 X-59.17506 Y9.16684
G01 X-59.18167 Y9.14835
G01 X-59.23005 Y8.98889
G01 X-59.23770 Y8.95044
G01 X-59.25352 Y8.78976
G01 X-59.25383 Y8.78854
G01 X-59.44245 Y7.66967
G01 X-59.43790 Y7.66733
G01 X-59.44245 Y7.66967
G01 X-61.12352 Y5.98859
G01 X-61.13670 Y5.97404
G01 X-61.17402 Y5.92860
G01 X-61.18570 Y5.91282
G01 X-61.19578 Y5.89598
G01 X-61.22352 Y5.84412
G01 X-61.23851 Y5.80790
G01 X-61.24694 Y5.78016
G01 X-61.24615 Y5.77968
G01 X-61.24694 Y5.78016
G01 X-61.29009 Y5.72903
G01 X-61.28753 Y5.72502
G01 X-61.29009 Y5.72903
G01 X-61.31336 Y5.72674
G01 X-61.35182 Y5.71910
G01 X-61.39870 Y5.70488
G01 X-61.43493 Y5.68986
G01 X-61.47816 Y5.66678
G01 X-61.49500 Y5.65667
G01 X-61.51077 Y5.64498
G01 X-61.51560 Y5.64099
G01 X-61.54458 Y5.61476
G01 X-61.58301 Y5.71486
G01 X-61.57625 Y5.72100
G01 X-61.57437 Y5.72263
G01 X-61.53599 Y5.75413
G01 X-61.53630 Y5.75451
G01 X-61.53599 Y5.75413
G01 X-61.53406 Y5.75562
G01 X-61.49429 Y5.78514
G01 X-61.49225 Y5.78656
G01 X-61.44763 Y5.81636
G01 X-61.44557 Y5.81765
G01 X-61.40221 Y5.84364
G01 X-61.40069 Y5.84452
G01 X-61.37231 Y5.86017
G01 X-61.37173 Y5.86116
G01 X-61.37043 Y5.86322
G01 X-61.33848 Y5.91107
G01 X-61.33706 Y5.91308
G01 X-61.30165 Y5.96083
G01 X-61.30015 Y5.96276
G01 X-61.26617 Y6.00421
G01 X-61.26454 Y6.00607
G01 X-61.22499 Y6.04971
G01 X-61.22416 Y6.05062
G01 X-61.20617 Y6.06952
G01 X-61.20531 Y6.07041
G01 X-60.38067 Y6.89504
G01 X-60.36368 Y6.91290
G01 X-60.32530 Y6.95524
G01 X-60.29287 Y6.99479
G01 X-60.25891 Y7.04058
G01 X-60.22827 Y7.08646
G01 X-60.19843 Y7.13624
G01 X-60.16876 Y7.19182
G01 X-60.14593 Y7.24003
G01 X-60.14496 Y7.26002
G01 X-60.14496 Y7.32936
G01 X-60.14720 Y7.32987
G01 X-60.14496 Y7.32936
G01 X-59.69276 Y8.30223
G01 X-59.69134 Y8.30629
G01 X-59.68253 Y8.32489
G01 X-59.67260 Y8.35265
G01 X-59.62424 Y8.51211
G01 X-59.61275 Y8.56979
G01 X-59.59642 Y8.73560
G01 X-59.59497 Y8.76502
G01 X-59.59642 Y8.79443
G01 X-59.61275 Y8.96024
G01 X-59.62424 Y9.01792
G01 X-59.67260 Y9.17739
G01 X-59.67831 Y9.19331
G01 X-59.67946 Y9.19798
G01 X-60.12997 Y10.51205
G01 X-60.13135 Y10.51183
G01 X-60.12997 Y10.51205
G01 X-60.12997 Y10.61358
G01 X-60.13137 Y10.61383
G01 X-60.12997 Y10.61358
G01 X-59.66546 Y11.92942
G01 X-59.66175 Y11.94266
G01 X-59.65761 Y11.95264
G01 X-59.60925 Y12.11210
G01 X-59.59777 Y12.16978
G01 X-59.58144 Y12.33560
G01 X-59.57999 Y12.36501
G01 X-59.58144 Y12.39442
G01 X-59.59777 Y12.56023
G01 X-59.60925 Y12.61792
G01 X-59.65761 Y12.77738
G01 X-59.66752 Y12.80509
G01 X-59.68012 Y12.83171
G01 X-59.75865 Y12.97867
G01 X-59.79134 Y13.02757
G01 X-59.89703 Y13.15637
G01 X-59.91682 Y13.17819
G01 X-59.93864 Y13.19795
G01 X-60.06744 Y13.30367
G01 X-60.11634 Y13.33633
G01 X-60.26330 Y13.41489
G01 X-60.31763 Y13.43740
G01 X-60.47707 Y13.48576
G01 X-60.50564 Y13.49292
G01 X-60.53475 Y13.49724
G01 X-60.70059 Y13.51357
G01 X-60.73000 Y13.51502
G01 X-60.75939 Y13.51357
G01 X-60.92522 Y13.49724
G01 X-60.98291 Y13.48576
G01 X-61.14234 Y13.43740
G01 X-61.17008 Y13.42747
G01 X-61.19670 Y13.41489
G01 X-61.34364 Y13.33633
G01 X-61.39253 Y13.30367
G01 X-61.52134 Y13.19795
G01 X-61.54315 Y13.17819
G01 X-61.56294 Y13.15637
G01 X-61.66863 Y13.02757
G01 X-61.70132 Y12.97867
G01 X-61.77986 Y12.83171
G01 X-61.79246 Y12.80509
G01 X-61.80236 Y12.77738
G01 X-61.85075 Y12.61792
G01 X-61.86220 Y12.56023
G01 X-61.87854 Y12.39442
G01 X-61.87998 Y12.36501
G01 X-61.87854 Y12.33560
G01 X-61.86220 Y12.16978
G01 X-61.85075 Y12.11210
G01 X-61.80236 Y11.95264
G01 X-61.79553 Y11.93351
G01 X-61.79449 Y11.92942
G01 X-61.33000 Y10.61365
G01 X-61.32855 Y10.61391
G01 X-61.33000 Y10.61365
G01 X-61.32997 Y10.51503
G01 X-61.32847 Y10.51475
G01 X-61.32997 Y10.51503
G01 X-61.80828 Y9.20360
G01 X-61.81115 Y9.19237
G01 X-61.81737 Y9.17739
G01 X-61.86573 Y9.01792
G01 X-61.87722 Y8.96024
G01 X-61.89355 Y8.79443
G01 X-61.89500 Y8.76502
G01 X-61.89355 Y8.73560
G01 X-61.87722 Y8.56979
G01 X-61.86573 Y8.51211
G01 X-61.81737 Y8.35265
G01 X-61.80907 Y8.33261
G01 X-61.80521 Y8.31914
G01 X-61.44618 Y7.40736
G01 X-61.42705 Y7.40337
G01 X-61.44618 Y7.40736
G01 X-62.59423 Y6.25931
G01 X-62.61399 Y6.23749
G01 X-62.65131 Y6.19202
G01 X-62.66886 Y6.16837
G01 X-62.68397 Y6.14313
G01 X-62.71171 Y6.09126
G01 X-62.73421 Y6.03693
G01 X-62.75128 Y5.98064
G01 X-62.75844 Y5.95209
G01 X-62.76276 Y5.92296
G01 X-62.76853 Y5.86444
G01 X-62.76997 Y5.83502
G01 X-62.76997 Y3.63500
G01 X-62.76853 Y3.60562
G01 X-62.76276 Y3.54709
G01 X-62.75844 Y3.51796
G01 X-62.75128 Y3.48941
G01 X-62.73421 Y3.43312
G01 X-62.71171 Y3.37879
G01 X-62.68397 Y3.32693
G01 X-62.66886 Y3.30168
G01 X-62.65131 Y3.27803
G01 X-62.61399 Y3.23257
G01 X-62.59423 Y3.21075
G01 X-61.82924 Y2.44575
G01 X-61.80742 Y2.42599
G01 X-61.77871 Y2.40242
G01 X-61.77699 Y2.40356
G01 X-61.77871 Y2.40242
G01 X-61.77727 Y2.39665
G01 X-61.76304 Y2.34976
G01 X-61.75311 Y2.32203
G01 X-61.74054 Y2.29543
G01 X-61.71742 Y2.25220
G01 X-61.68476 Y2.20331
G01 X-61.65367 Y2.16541
G01 X-61.63388 Y2.14359
G01 X-61.61209 Y2.12383
G01 X-61.57419 Y2.09274
G01 X-61.55055 Y2.07522
G01 X-61.52530 Y2.06008
G01 X-61.48207 Y2.03696
G01 X-61.42774 Y2.01446
G01 X-61.38085 Y2.00023
G01 X-61.32317 Y1.98875
G01 X-61.27440 Y1.98395
G01 X-61.24498 Y1.98251
G01 X-60.29500 Y1.98251
G01 X-60.26559 Y1.98395
G01 X-60.21682 Y1.98875
G01 X-60.15913 Y2.00023
G01 X-60.11222 Y2.01446
G01 X-60.10110 Y2.01906
G01 X-60.09022 Y2.02198
G01 X-59.76368 Y2.14016
G01 X-59.76376 Y2.14598
G01 X-59.76368 Y2.14016
G01 X-59.46277 Y2.03938
G01 X-59.45413 Y2.03709
G01 X-59.44773 Y2.03445
G01 X-59.40084 Y2.02022
G01 X-59.34316 Y2.00877
G01 X-59.29439 Y2.00397
G01 X-59.26498 Y2.00252
G01 X-58.31499 Y2.00252
G01 X-58.28558 Y2.00397
G01 X-58.23681 Y2.00877
G01 X-58.22183 Y2.01098
G01 X-57.79932 Y2.05764
G01 X-57.79884 Y2.06097
G01 X-57.79932 Y2.05764
G01 X-57.42414 Y1.89686
G01 X-57.41863 Y1.89490
G01 X-57.41479 Y1.89284
G01 X-57.40080 Y1.88860
G01 X-57.38705 Y1.88375
G01 X-57.37966 Y1.88220
G01 X-57.35850 Y1.87577
G01 X-57.29998 Y1.87001
G01 X-55.79999 Y1.87001
G01 X-55.74146 Y1.87577
G01 X-55.68518 Y1.89284
G01 X-55.63331 Y1.92058
G01 X-55.58785 Y1.95789
G01 X-55.55056 Y2.00333
G01 X-55.52282 Y2.05520
G01 X-55.50575 Y2.11149
G01 X-55.49999 Y2.17001
G01 X-55.49999 Y3.22002
G01 X-55.50088 Y3.22898
G01 X-55.41825 Y3.17895
G01 X-55.39999 Y3.16439
G01 X-55.39999 Y2.17001
G01 X-55.49999 Y2.17001
G01 X-55.59999 Y2.17001
G01 X-55.69999 Y2.17001
G01 X-55.59999 Y2.17001
G01 X-55.49999 Y2.17001
G01 X-55.39999 Y2.17001
G01 X-55.40768 Y2.09198
G01 X-55.43044 Y2.01695
G01 X-55.46740 Y1.94778
G01 X-55.51716 Y1.88718
G01 X-55.57776 Y1.83742
G01 X-55.64693 Y1.80046
G01 X-55.72196 Y1.77771
G01 X-55.79999 Y1.77001
G01 X-57.29998 Y1.77001
G01 X-57.37801 Y1.77771
G01 X-57.40148 Y1.78482
G01 X-57.41411 Y1.78748
G01 X-57.43752 Y1.79574
G01 X-57.45307 Y1.80046
G01 X-57.45731 Y1.80272
G01 X-57.46353 Y1.80493
G01 X-57.81451 Y1.95535
G01 X-57.81403 Y1.95865
G01 X-57.81451 Y1.95535
G01 X-58.21220 Y1.91144
G01 X-58.22701 Y1.90925
G01 X-58.27578 Y1.90445
G01 X-58.31499 Y1.90252
G01 X-59.26498 Y1.90252
G01 X-59.30420 Y1.90445
G01 X-59.35296 Y1.90925
G01 X-59.42987 Y1.92454
G01 X-59.47676 Y1.93877
G01 X-59.48415 Y1.94181
G01 X-59.49452 Y1.94456
G01 X-59.76241 Y2.03427
G01 X-59.76249 Y2.04006
G01 X-59.76241 Y2.03427
G01 X-60.05619 Y1.92795
G01 X-60.06988 Y1.92429
G01 X-60.08321 Y1.91878
G01 X-60.13010 Y1.90455
G01 X-60.20701 Y1.88924
G01 X-60.25578 Y1.88444
G01 X-60.29500 Y1.88251
G01 X-61.24498 Y1.88251
G01 X-61.28420 Y1.88444
G01 X-61.33297 Y1.88924
G01 X-61.40988 Y1.90455
G01 X-61.45677 Y1.91878
G01 X-61.52921 Y1.94877
G01 X-61.57244 Y1.97189
G01 X-61.60610 Y1.99206
G01 X-61.63764 Y2.01545
G01 X-61.67551 Y2.04654
G01 X-61.70460 Y2.07290
G01 X-61.73096 Y2.10199
G01 X-61.76205 Y2.13986
G01 X-61.80561 Y2.20506
G01 X-61.82873 Y2.24829
G01 X-61.84552 Y2.28377
G01 X-61.85872 Y2.32073
G01 X-61.86601 Y2.34471
G01 X-61.86449 Y2.34573
G01 X-61.86601 Y2.34471
G01 X-61.87087 Y2.34867
G01 X-61.89995 Y2.37504
G01 X-62.66495 Y3.14003
G01 X-62.69131 Y3.16912
G01 X-62.72860 Y3.21458
G01 X-62.75199 Y3.24613
G01 X-62.77218 Y3.27978
G01 X-62.79990 Y3.33165
G01 X-62.82989 Y3.40409
G01 X-62.84699 Y3.46038
G01 X-62.85651 Y3.49845
G01 X-62.86228 Y3.53729
G01 X-62.86804 Y3.59581
G01 X-62.86997 Y3.63500
G01 X-62.86997 Y5.83502
G01 X-62.86804 Y5.87424
G01 X-62.86228 Y5.93276
G01 X-62.85651 Y5.97160
G01 X-62.84699 Y6.00968
G01 X-62.82989 Y6.06596
G01 X-62.79990 Y6.13840
G01 X-62.77218 Y6.19027
G01 X-62.75199 Y6.22392
G01 X-62.72860 Y6.25547
G01 X-62.69131 Y6.30094
G01 X-62.66495 Y6.33002
G01 X-61.56325 Y7.43172
G01 X-61.54417 Y7.42773
G01 X-61.56325 Y7.43172
G01 X-61.89825 Y8.28252
G01 X-61.90325 Y8.29992
G01 X-61.91305 Y8.32362
G01 X-61.96144 Y8.48308
G01 X-61.97673 Y8.55999
G01 X-61.99307 Y8.72580
G01 X-61.99500 Y8.76502
G01 X-61.99307 Y8.80421
G01 X-61.97673 Y8.97005
G01 X-61.96144 Y9.04696
G01 X-61.91305 Y9.20642
G01 X-61.90579 Y9.22397
G01 X-61.90221 Y9.23786
G01 X-61.42997 Y10.53268
G01 X-61.42847 Y10.53242
G01 X-61.42997 Y10.53268
G01 X-61.43000 Y10.59651
G01 X-61.42860 Y10.59676
G01 X-61.43000 Y10.59651
G01 X-61.88877 Y11.89613
G01 X-61.89012 Y11.90143
G01 X-61.89807 Y11.92361
G01 X-61.94643 Y12.08307
G01 X-61.96172 Y12.15998
G01 X-61.97805 Y12.32582
G01 X-61.97998 Y12.36501
G01 X-61.97805 Y12.40423
G01 X-61.96172 Y12.57004
G01 X-61.94643 Y12.64695
G01 X-61.89807 Y12.80641
G01 X-61.88484 Y12.84337
G01 X-61.86805 Y12.87885
G01 X-61.78951 Y13.02582
G01 X-61.74595 Y13.09102
G01 X-61.64023 Y13.21982
G01 X-61.61387 Y13.24890
G01 X-61.58479 Y13.27527
G01 X-61.45598 Y13.38096
G01 X-61.39078 Y13.42452
G01 X-61.24382 Y13.50308
G01 X-61.20833 Y13.51987
G01 X-61.17138 Y13.53308
G01 X-61.01194 Y13.58147
G01 X-60.93503 Y13.59676
G01 X-60.76919 Y13.61309
G01 X-60.69078 Y13.61309
G01 X-60.52495 Y13.59676
G01 X-60.48613 Y13.59099
G01 X-60.44806 Y13.58147
G01 X-60.28860 Y13.53308
G01 X-60.21616 Y13.50308
G01 X-60.06919 Y13.42452
G01 X-60.00399 Y13.38096
G01 X-59.87519 Y13.27527
G01 X-59.84610 Y13.24890
G01 X-59.81974 Y13.21982
G01 X-59.71402 Y13.09102
G01 X-59.67046 Y13.02582
G01 X-59.59193 Y12.87885
G01 X-59.57514 Y12.84337
G01 X-59.56190 Y12.80641
G01 X-59.51354 Y12.64695
G01 X-59.50999 Y12.62902
G01 X-59.50999 Y12.10100
G01 X-59.51354 Y12.08307
G01 X-59.56190 Y11.92361
G01 X-59.56668 Y11.91213
G01 X-59.57117 Y11.89613
G01 X-60.02998 Y10.59646
G01 X-60.03137 Y10.59669
G01 X-60.02998 Y10.59646
G01 X-60.02998 Y10.52872
G01 X-60.03130 Y10.52849
G01 X-60.02998 Y10.52872
G01 X-59.58487 Y9.23042
G01 X-59.58344 Y9.22468
G01 X-59.57692 Y9.20642
G01 X-59.52855 Y9.04696
G01 X-59.52497 Y9.02902
G01 X-59.52500 Y8.82163
G01 X-59.52540 Y8.80931
G01 X-59.53206 Y8.72979
G01 X-59.55378 Y8.56695
G01 X-59.56785 Y8.49032
G01 X-59.60552 Y8.33002
G01 X-59.62248 Y8.26857
G01 X-59.67143 Y8.11092
G01 X-59.88692 Y7.64726
G01 X-60.10214 Y7.33952
G01 X-60.10244 Y7.33970
G01 X-60.10214 Y7.33952
G01 X-60.10501 Y7.33489
G01 X-60.10734 Y7.32999
G01 X-60.12820 Y7.27968
G01 X-60.14285 Y7.24658
G01 X-60.14593 Y7.24003
G01 X-60.16876 Y7.19182
G01 X-60.19843 Y7.13624
G01 X-60.22827 Y7.08646
G01 X-60.25891 Y7.04058
G01 X-60.29287 Y6.99479
G01 X-60.32530 Y6.95524
G01 X-60.36368 Y6.91290
G01 X-60.38067 Y6.89504
G01 X-61.20531 Y6.07041
G01 X-61.20617 Y6.06952
G01 X-61.22416 Y6.05062
G01 X-61.22499 Y6.04971
G01 X-61.26454 Y6.00607
G01 X-61.26617 Y6.00421
G01 X-61.30015 Y5.96276
G01 X-61.30165 Y5.96083
G01 X-61.33706 Y5.91308
G01 X-61.33848 Y5.91107
G01 X-61.37043 Y5.86322
G01 X-61.37173 Y5.86116
G01 X-61.37231 Y5.86017
G01 X-61.40069 Y5.84452
G01 X-61.40221 Y5.84364
G01 X-61.44557 Y5.81765
G01 X-61.44763 Y5.81636
G01 X-61.49225 Y5.78656
G01 X-61.49429 Y5.78514
G01 X-61.53406 Y5.75562
G01 X-61.53599 Y5.75413
G01 X-61.57437 Y5.72263
G01 X-61.57625 Y5.72100
G01 X-61.58301 Y5.71486
G01 X-61.61260 Y5.68806
G01 X-61.61438 Y5.68636
G01 X-61.64877 Y5.65199
G01 X-61.65047 Y5.65021
G01 X-61.65845 Y5.64140
G01 X-61.66406 Y5.63381
G01 X-61.66429 Y5.63353
G01 X-61.66848 Y5.62469
G01 X-61.66995 Y5.62050
G01 X-61.66848 Y5.62469
G01 X-61.66995 Y5.62550
G01 X-61.66848 Y5.62469
G01 X-61.66429 Y5.63353
G01 X-61.66406 Y5.63381
G01 X-61.66995 Y5.62794
G01 X-61.67303 Y5.62969
G01 X-61.66995 Y5.62794
G01 X-61.66995 Y5.62550
G01 X-61.66995 Y5.62050
G01 X-61.68176 Y5.58755
G01 X-61.68252 Y5.58524
G01 X-61.69616 Y5.54038
G01 X-61.69682 Y5.53797
G01 X-61.70909 Y5.48895
G01 X-61.70963 Y5.48659
G01 X-61.71763 Y5.44653
G01 X-61.71796 Y5.44658
G01 X-61.71763 Y5.44653
G01 X-61.71803 Y5.44409
G01 X-61.72532 Y5.39507
G01 X-61.72563 Y5.39266
G01 X-61.72936 Y5.35486
G01 X-61.72954 Y5.35240
G01 X-61.73195 Y5.30340
G01 X-61.73200 Y5.30218
G01 X-61.73244 Y5.28377
G01 X-61.73246 Y5.28252
G01 X-61.73246 Y4.60754
G01 X-61.73244 Y4.60630
G01 X-61.73200 Y4.58788
G01 X-61.73195 Y4.58667
G01 X-61.72954 Y4.53767
G01 X-61.72936 Y4.53521
G01 X-61.72563 Y4.49744
G01 X-61.72532 Y4.49502
G01 X-61.71806 Y4.44600
G01 X-61.71763 Y4.44356
G01 X-61.71798 Y4.44349
G01 X-61.71763 Y4.44356
G01 X-61.70963 Y4.40340
G01 X-61.70909 Y4.40102
G01 X-61.69682 Y4.35205
G01 X-61.69614 Y4.34963
G01 X-61.68255 Y4.30490
G01 X-61.68179 Y4.30262
G01 X-61.66995 Y4.26952
G01 X-61.66426 Y4.25360
G01 X-61.66335 Y4.25126
G01 X-61.64186 Y4.19954
G01 X-61.64089 Y4.19733
G01 X-61.61770 Y4.14831
G01 X-61.61656 Y4.14608
G01 X-61.58372 Y4.08481
G01 X-61.58255 Y4.08273
G01 X-61.56995 Y4.06172
G01 X-61.55319 Y4.03373
G01 X-61.55184 Y4.03160
G01 X-61.50122 Y3.95611
G01 X-61.49985 Y3.95415
G01 X-61.50137 Y3.95281
G01 X-61.49985 Y3.95415
G01 X-61.49426 Y3.94661
G01 X-61.48824 Y3.93988
G01 X-61.48110 Y3.93432
G01 X-61.47310 Y3.93015
G01 X-61.46447 Y3.92748
G01 X-61.46571 Y3.92451
G01 X-61.46447 Y3.92748
G01 X-61.42372 Y3.91887
G01 X-61.42131 Y3.91842
G01 X-61.34178 Y3.90562
G01 X-61.33935 Y3.90526
G01 X-61.29065 Y3.89987
G01 X-61.28943 Y3.89975
G01 X-61.24928 Y3.89629
G01 X-61.24803 Y3.89619
G01 X-60.62309 Y3.85771
G01 X-60.62157 Y3.85751
G01 X-60.29500 Y3.85751
G01 X-60.25578 Y3.85558
G01 X-60.20701 Y3.85078
G01 X-60.13010 Y3.83549
G01 X-60.08321 Y3.82126
G01 X-60.06891 Y3.81534
G01 X-60.05619 Y3.81209
G01 X-59.79660 Y3.71814
G01 X-59.79642 Y3.71207
G01 X-59.79660 Y3.71814
G01 X-59.51270 Y3.82855
G01 X-59.49584 Y3.83338
G01 X-59.47676 Y3.84125
G01 X-59.42987 Y3.85548
G01 X-59.35296 Y3.87079
G01 X-59.30420 Y3.87559
G01 X-59.26498 Y3.87752
G01 X-58.31499 Y3.87752
G01 X-58.27578 Y3.87559
G01 X-58.22701 Y3.87079
G01 X-58.15010 Y3.85548
G01 X-58.10321 Y3.84125
G01 X-58.03077 Y3.81125
G01 X-57.98754 Y3.78814
G01 X-57.95386 Y3.76797
G01 X-57.92233 Y3.74458
G01 X-57.88446 Y3.71349
G01 X-57.86752 Y3.69657
G01 X-57.72978 Y3.61369
G01 X-57.72294 Y3.60496
G01 X-57.72142 Y3.60308
G01 X-57.66379 Y3.53602
G01 X-57.66211 Y3.53417
G01 X-57.62731 Y3.49754
G01 X-57.62145 Y3.49226
G01 X-57.61482 Y3.48799
G01 X-57.61670 Y3.48507
G01 X-57.61482 Y3.48799
G01 X-57.60763 Y3.48479
G01 X-57.53821 Y3.46043
G01 X-57.53595 Y3.45969
G01 X-57.51614 Y3.45375
G01 X-57.45663 Y3.43599
G01 X-57.45416 Y3.43531
G01 X-57.42744 Y3.42878
G01 X-57.36422 Y3.40869
G01 X-57.42744 Y3.42878
G01 X-57.45416 Y3.43531
G01 X-57.45663 Y3.43599
G01 X-57.51614 Y3.45375
G01 X-57.59894 Y3.41829
G01 X-57.59978 Y3.40597
G01 X-57.59894 Y3.41829
G01 X-57.92787 Y3.61616
G01 X-57.94789 Y3.63620
G01 X-57.98578 Y3.66729
G01 X-58.00943 Y3.68481
G01 X-58.03468 Y3.69995
G01 X-58.07791 Y3.72307
G01 X-58.13224 Y3.74557
G01 X-58.17913 Y3.75979
G01 X-58.23681 Y3.77127
G01 X-58.28558 Y3.77608
G01 X-58.31499 Y3.77752
G01 X-59.26498 Y3.77752
G01 X-59.29439 Y3.77608
G01 X-59.34316 Y3.77127
G01 X-59.40084 Y3.75979
G01 X-59.44773 Y3.74557
G01 X-59.46343 Y3.73907
G01 X-59.47646 Y3.73533
G01 X-59.79533 Y3.61133
G01 X-59.79518 Y3.60511
G01 X-59.79533 Y3.61133
G01 X-60.09022 Y3.71806
G01 X-60.10038 Y3.72065
G01 X-60.11222 Y3.72555
G01 X-60.15913 Y3.73978
G01 X-60.21682 Y3.75126
G01 X-60.26559 Y3.75606
G01 X-60.29500 Y3.75751
G01 X-60.62774 Y3.75751
G01 X-61.55908 Y3.87267
G01 X-61.56995 Y3.88354
G01 X-61.59472 Y3.86188
G01 X-61.56995 Y3.88354
G01 X-61.56995 Y4.06172
G01 X-61.58255 Y4.08273
G01 X-61.58372 Y4.08481
G01 X-61.61656 Y4.14608
G01 X-61.61770 Y4.14831
G01 X-61.64089 Y4.19733
G01 X-61.64186 Y4.19954
G01 X-61.66335 Y4.25126
G01 X-61.66426 Y4.25360
G01 X-61.66995 Y4.26952
G01 X-61.66995 Y3.84212
G01 X-61.67757 Y3.83897
G01 X-61.66995 Y3.84212
G01 X-61.60549 Y3.77762
G01 X-61.60800 Y3.77247
G01 X-61.60549 Y3.77762
G01 X-60.63447 Y3.65758
G01 X-60.63401 Y3.65751
G01 X-60.29500 Y3.65751
G01 X-60.27539 Y3.65654
G01 X-60.22662 Y3.65174
G01 X-60.18817 Y3.64410
G01 X-60.14125 Y3.62987
G01 X-60.13185 Y3.62599
G01 X-60.12426 Y3.62403
G01 X-59.79406 Y3.50455
G01 X-59.79401 Y3.49853
G01 X-59.79406 Y3.50455
G01 X-59.44021 Y3.64214
G01 X-59.43104 Y3.64476
G01 X-59.41872 Y3.64986
G01 X-59.37181 Y3.66409
G01 X-59.33335 Y3.67176
G01 X-59.28459 Y3.67656
G01 X-59.26498 Y3.67752
G01 X-58.31499 Y3.67752
G01 X-58.29538 Y3.67656
G01 X-58.24662 Y3.67176
G01 X-58.20816 Y3.66409
G01 X-58.16127 Y3.64986
G01 X-58.12503 Y3.63488
G01 X-58.08182 Y3.61176
G01 X-58.06498 Y3.60168
G01 X-58.04921 Y3.58997
G01 X-58.01134 Y3.55888
G01 X-57.98881 Y3.53638
G01 X-57.60656 Y3.30623
G01 X-57.60742 Y3.29403
G01 X-57.60656 Y3.30623
G01 X-57.38472 Y3.40130
G01 X-57.37959 Y3.40315
G01 X-57.37651 Y3.40478
G01 X-57.36739 Y3.40757
G01 X-57.36422 Y3.40869
G01 X-57.34065 Y3.40122
G01 X-57.31898 Y3.39231
G01 X-57.31792 Y3.39187
G01 X-57.29788 Y3.38415
G01 X-57.29676 Y3.38375
G01 X-57.19386 Y3.34694
G01 X-57.19155 Y3.34618
G01 X-57.15848 Y3.33612
G01 X-57.15607 Y3.33546
G01 X-57.09445 Y3.32002
G01 X-55.89790 Y3.32002
G01 X-55.79999 Y3.32002
G01 X-55.78048 Y3.31809
G01 X-55.76171 Y3.31240
G01 X-55.74444 Y3.30315
G01 X-55.72927 Y3.29073
G01 X-55.71685 Y3.27557
G01 X-55.70761 Y3.25827
G01 X-55.70192 Y3.23953
G01 X-55.69999 Y3.22002
G01 X-55.69999 Y2.17001
G01 X-55.70192 Y2.15050
G01 X-55.70761 Y2.13176
G01 X-55.71685 Y2.11446
G01 X-55.72927 Y2.09929
G01 X-55.74444 Y2.08687
G01 X-55.76171 Y2.07763
G01 X-55.78048 Y2.07194
G01 X-55.79999 Y2.07001
G01 X-57.29998 Y2.07001
G01 X-57.31949 Y2.07194
G01 X-57.33826 Y2.07763
G01 X-57.34123 Y2.07923
G01 X-57.34535 Y2.08068
G01 X-57.76894 Y2.26221
G01 X-58.24517 Y2.20963
G01 X-58.24672 Y2.20923
G01 X-58.25642 Y2.20780
G01 X-58.30519 Y2.20300
G01 X-58.31499 Y2.20252
G01 X-59.26498 Y2.20252
G01 X-59.27478 Y2.20300
G01 X-59.32355 Y2.20780
G01 X-59.34278 Y2.21161
G01 X-59.38969 Y2.22584
G01 X-59.39404 Y2.22764
G01 X-59.39924 Y2.22901
G01 X-59.76622 Y2.35195
G01 X-60.15830 Y2.21004
G01 X-60.16355 Y2.20864
G01 X-60.17028 Y2.20585
G01 X-60.21720 Y2.19162
G01 X-60.23640 Y2.18779
G01 X-60.28519 Y2.18299
G01 X-60.29500 Y2.18250
G01 X-61.24498 Y2.18250
G01 X-61.25479 Y2.18299
G01 X-61.30356 Y2.18779
G01 X-61.32278 Y2.19162
G01 X-61.36970 Y2.20585
G01 X-61.38781 Y2.21334
G01 X-61.43101 Y2.23645
G01 X-61.43945 Y2.24151
G01 X-61.44732 Y2.24735
G01 X-61.48519 Y2.27844
G01 X-61.49906 Y2.29231
G01 X-61.53015 Y2.33018
G01 X-61.54105 Y2.34649
G01 X-61.56416 Y2.38969
G01 X-61.56835 Y2.39858
G01 X-61.57165 Y2.40780
G01 X-61.58588 Y2.45472
G01 X-61.58827 Y2.46424
G01 X-61.58971 Y2.47394
G01 X-61.59268 Y2.50422
G01 X-61.62713 Y2.53798
G01 X-61.63508 Y2.54329
G01 X-61.68054 Y2.58057
G01 X-61.68781 Y2.58718
G01 X-62.45280 Y3.35217
G01 X-62.45941 Y3.35944
G01 X-62.49670 Y3.40491
G01 X-62.50256 Y3.41278
G01 X-62.50759 Y3.42121
G01 X-62.53533 Y3.47308
G01 X-62.54282 Y3.49119
G01 X-62.55989 Y3.54745
G01 X-62.56228 Y3.55698
G01 X-62.56373 Y3.56668
G01 X-62.56949 Y3.62522
G01 X-62.56998 Y3.63500
G01 X-62.56998 Y5.83502
G01 X-62.56949 Y5.84483
G01 X-62.56373 Y5.90338
G01 X-62.56228 Y5.91308
G01 X-62.55989 Y5.92260
G01 X-62.54282 Y5.97887
G01 X-62.53533 Y5.99698
G01 X-62.50759 Y6.04884
G01 X-62.50256 Y6.05727
G01 X-62.49670 Y6.06515
G01 X-62.45941 Y6.11061
G01 X-62.45280 Y6.11788
G01 X-61.21204 Y7.35864
G01 X-61.61913 Y8.39242
G01 X-61.62073 Y8.39799
G01 X-61.62598 Y8.41071
G01 X-61.67435 Y8.57015
G01 X-61.67818 Y8.58938
G01 X-61.69451 Y8.75521
G01 X-61.69500 Y8.76502
G01 X-61.69451 Y8.77482
G01 X-61.67818 Y8.94063
G01 X-61.67435 Y8.95986
G01 X-61.62598 Y9.11932
G01 X-61.62189 Y9.12920
G01 X-61.62037 Y9.13507
G01 X-61.12997 Y10.47969
G01 X-61.13000 Y10.64792
G01 X-61.60589 Y11.99600
G01 X-61.60681 Y11.99966
G01 X-61.60767 Y12.00146
G01 X-61.61097 Y12.01070
G01 X-61.65936 Y12.17017
G01 X-61.66317 Y12.18939
G01 X-61.67950 Y12.35520
G01 X-61.67998 Y12.36501
G01 X-61.67950 Y12.37481
G01 X-61.66317 Y12.54065
G01 X-61.65936 Y12.55988
G01 X-61.61097 Y12.71931
G01 X-61.60767 Y12.72856
G01 X-61.60348 Y12.73742
G01 X-61.52492 Y12.88439
G01 X-61.51405 Y12.90070
G01 X-61.40833 Y13.02950
G01 X-61.40173 Y13.03676
G01 X-61.39446 Y13.04337
G01 X-61.26566 Y13.14906
G01 X-61.24935 Y13.15995
G01 X-61.10241 Y13.23849
G01 X-61.09352 Y13.24271
G01 X-61.08430 Y13.24601
G01 X-60.92484 Y13.29437
G01 X-60.91532 Y13.29676
G01 X-60.90561 Y13.29821
G01 X-60.73978 Y13.31454
G01 X-60.72019 Y13.31454
G01 X-60.55436 Y13.29821
G01 X-60.54466 Y13.29676
G01 X-60.53513 Y13.29437
G01 X-60.37567 Y13.24601
G01 X-60.35756 Y13.23849
G01 X-60.21062 Y13.15995
G01 X-60.19431 Y13.14906
G01 X-60.06551 Y13.04337
G01 X-60.05825 Y13.03676
G01 X-60.05164 Y13.02950
G01 X-59.94593 Y12.90070
G01 X-59.93506 Y12.88439
G01 X-59.85649 Y12.73742
G01 X-59.85230 Y12.72856
G01 X-59.84900 Y12.71931
G01 X-59.80061 Y12.55988
G01 X-59.79680 Y12.54065
G01 X-59.78047 Y12.37481
G01 X-59.77999 Y12.36501
G01 X-59.78047 Y12.35520
G01 X-59.79680 Y12.18939
G01 X-59.80061 Y12.17017
G01 X-59.84900 Y12.01070
G01 X-59.85187 Y12.00375
G01 X-59.85405 Y11.99600
G01 X-60.32997 Y10.64784
G01 X-60.32997 Y10.47870
G01 X-59.86863 Y9.13311
G01 X-59.86777 Y9.12956
G01 X-59.86731 Y9.12857
G01 X-59.86399 Y9.11932
G01 X-59.81562 Y8.95986
G01 X-59.81179 Y8.94063
G01 X-59.79546 Y8.77482
G01 X-59.79500 Y8.76502
G01 X-59.79546 Y8.75521
G01 X-59.81179 Y8.58938
G01 X-59.81562 Y8.57015
G01 X-59.86399 Y8.41071
G01 X-59.86731 Y8.40144
G01 X-59.87150 Y8.39258
G01 X-59.87298 Y8.38983
G01 X-59.87412 Y8.38653
G01 X-60.34496 Y7.37355
G01 X-60.34496 Y7.26002
G01 X-60.34544 Y7.25024
G01 X-60.35121 Y7.19169
G01 X-60.35266 Y7.18199
G01 X-60.35504 Y7.17246
G01 X-60.37211 Y7.11620
G01 X-60.37961 Y7.09809
G01 X-60.40734 Y7.04622
G01 X-60.41237 Y7.03779
G01 X-60.41824 Y7.02992
G01 X-60.45553 Y6.98445
G01 X-60.46213 Y6.97719
G01 X-61.76995 Y5.66934
G01 X-61.76995 Y3.80069
G01 X-61.65187 Y3.68260
G01 X-60.64674 Y3.55835
G01 X-60.64145 Y3.55751
G01 X-60.29500 Y3.55751
G01 X-60.28519 Y3.55703
G01 X-60.23640 Y3.55223
G01 X-60.21720 Y3.54842
G01 X-60.17028 Y3.53417
G01 X-60.16333 Y3.53130
G01 X-60.15830 Y3.53000
G01 X-59.79282 Y3.39774
G01 X-59.40397 Y3.54895
G01 X-59.39866 Y3.55047
G01 X-59.38969 Y3.55418
G01 X-59.34278 Y3.56841
G01 X-59.32355 Y3.57222
G01 X-59.27478 Y3.57704
G01 X-59.26498 Y3.57752
G01 X-58.31499 Y3.57752
G01 X-58.30519 Y3.57704
G01 X-58.25642 Y3.57222
G01 X-58.23719 Y3.56841
G01 X-58.19028 Y3.55418
G01 X-58.17217 Y3.54666
G01 X-58.12896 Y3.52357
G01 X-58.12053 Y3.51852
G01 X-58.11266 Y3.51268
G01 X-58.07476 Y3.48159
G01 X-58.06092 Y3.46774
G01 X-58.05332 Y3.45850
G01 X-57.61426 Y3.19411
G01 X-57.34532 Y3.30938
G01 X-57.34093 Y3.31098
G01 X-57.33826 Y3.31240
G01 X-57.31949 Y3.31809
G01 X-57.29998 Y3.32002
G01 X-57.09445 Y3.32002
G01 X-55.89790 Y3.32002
G01 X-55.79778 Y3.33135
G01 X-55.71352 Y3.32921
G01 X-55.62640 Y3.30503
G01 X-55.61652 Y3.29904
G01 X-55.50088 Y3.22898
G01 X-55.61652 Y3.29904
G01 X-55.61520 Y3.29655
G01 X-55.60382 Y3.25903
G01 X-55.59999 Y3.22002
G01 X-55.59999 Y2.17001
G01 X-55.60382 Y2.13099
G01 X-55.61520 Y2.09348
G01 X-55.63369 Y2.05891
G01 X-55.65856 Y2.02858
G01 X-55.68886 Y2.00371
G01 X-55.72346 Y1.98525
G01 X-55.76097 Y1.97384
G01 X-55.79999 Y1.97001
G01 X-57.29998 Y1.97001
G01 X-57.33900 Y1.97384
G01 X-57.35784 Y1.97956
G01 X-57.36003 Y1.98004
G01 X-57.36409 Y1.98146
G01 X-57.37651 Y1.98525
G01 X-57.37992 Y1.98705
G01 X-57.38474 Y1.98875
G01 X-57.78413 Y2.15992
G01 X-57.78362 Y2.16328
G01 X-57.78413 Y2.15992
G01 X-58.23145 Y2.11052
G01 X-58.24662 Y2.10829
G01 X-58.29538 Y2.10349
G01 X-58.31499 Y2.10252
G01 X-59.26498 Y2.10252
G01 X-59.28459 Y2.10349
G01 X-59.33335 Y2.10829
G01 X-59.37181 Y2.11593
G01 X-59.41872 Y2.13016
G01 X-59.42408 Y2.13237
G01 X-59.43099 Y2.13419
G01 X-59.76495 Y2.24606
G01 X-59.76503 Y2.25187
G01 X-59.76495 Y2.24606
G01 X-60.12426 Y2.11601
G01 X-60.13234 Y2.11385
G01 X-60.14125 Y2.11017
G01 X-60.18817 Y2.09592
G01 X-60.22662 Y2.08827
G01 X-60.27539 Y2.08347
G01 X-60.29500 Y2.08251
G01 X-61.24498 Y2.08251
G01 X-61.26459 Y2.08347
G01 X-61.31336 Y2.08827
G01 X-61.35182 Y2.09592
G01 X-61.39870 Y2.11017
G01 X-61.43493 Y2.12515
G01 X-61.47816 Y2.14827
G01 X-61.49500 Y2.15835
G01 X-61.51077 Y2.17003
G01 X-61.54864 Y2.20112
G01 X-61.56320 Y2.21431
G01 X-61.57638 Y2.22886
G01 X-61.60747 Y2.26673
G01 X-61.62924 Y2.29934
G01 X-61.65235 Y2.34255
G01 X-61.66073 Y2.36030
G01 X-61.66734 Y2.37880
G01 X-61.68156 Y2.42568
G01 X-61.68633 Y2.44473
G01 X-61.68829 Y2.45789
G01 X-61.68567 Y2.45949
G01 X-61.68829 Y2.45789
G01 X-61.69230 Y2.46183
G01 X-61.69853 Y2.46597
G01 X-61.74397 Y2.50328
G01 X-61.75852 Y2.51646
G01 X-62.52352 Y3.28146
G01 X-62.53670 Y3.29602
G01 X-62.57401 Y3.34146
G01 X-62.58570 Y3.35723
G01 X-62.59578 Y3.37407
G01 X-62.62352 Y3.42594
G01 X-62.63850 Y3.46216
G01 X-62.65560 Y3.51844
G01 X-62.66035 Y3.53747
G01 X-62.66324 Y3.55687
G01 X-62.66901 Y3.61542
G01 X-62.66998 Y3.63500
G01 X-62.66998 Y5.83502
G01 X-62.66901 Y5.85463
G01 X-62.66324 Y5.91318
G01 X-62.66035 Y5.93259
G01 X-62.65560 Y5.95161
G01 X-62.63850 Y6.00790
G01 X-62.62352 Y6.04412
G01 X-62.59578 Y6.09598
G01 X-62.58570 Y6.11282
G01 X-62.57401 Y6.12860
G01 X-62.53670 Y6.17404
G01 X-62.52352 Y6.18859
G01 X-61.32911 Y7.38300
G01 X-61.30998 Y7.37901
G01 X-61.32911 Y7.38300
G01 X-61.71217 Y8.35580
G01 X-61.71488 Y8.36530
G01 X-61.72167 Y8.38168
G01 X-61.77005 Y8.54114
G01 X-61.77770 Y8.57957
G01 X-61.79403 Y8.74541
G01 X-61.79500 Y8.76502
G01 X-61.79403 Y8.78463
G01 X-61.77770 Y8.95044
G01 X-61.77005 Y8.98889
G01 X-61.72167 Y9.14835
G01 X-61.71651 Y9.16080
G01 X-61.71433 Y9.16933
G01 X-61.22997 Y10.49735
G01 X-61.22850 Y10.49709
G01 X-61.22997 Y10.49735
G01 X-61.23000 Y10.63080
G01 X-61.22855 Y10.63103
G01 X-61.23000 Y10.63080
G01 X-61.70018 Y11.96270
G01 X-61.70091 Y11.96559
G01 X-61.70668 Y11.98167
G01 X-61.75504 Y12.14113
G01 X-61.76269 Y12.17959
G01 X-61.77902 Y12.34540
G01 X-61.77998 Y12.36501
G01 X-61.77902 Y12.38462
G01 X-61.76269 Y12.55045
G01 X-61.75504 Y12.58888
G01 X-61.70668 Y12.74835
G01 X-61.70005 Y12.76684
G01 X-61.69167 Y12.78457
G01 X-61.61313 Y12.93153
G01 X-61.59134 Y12.96412
G01 X-61.48562 Y13.09292
G01 X-61.47244 Y13.10748
G01 X-61.45791 Y13.12066
G01 X-61.32911 Y13.22637
G01 X-61.29650 Y13.24814
G01 X-61.14956 Y13.32670
G01 X-61.13180 Y13.33509
G01 X-61.11334 Y13.34169
G01 X-60.95387 Y13.39008
G01 X-60.93482 Y13.39483
G01 X-60.91542 Y13.39772
G01 X-60.74958 Y13.41405
G01 X-60.71039 Y13.41405
G01 X-60.54455 Y13.39772
G01 X-60.52515 Y13.39483
G01 X-60.50610 Y13.39008
G01 X-60.34664 Y13.34169
G01 X-60.31042 Y13.32670
G01 X-60.16348 Y13.24814
G01 X-60.14664 Y13.23806
G01 X-60.13086 Y13.22637
G01 X-60.00206 Y13.12066
G01 X-59.98753 Y13.10748
G01 X-59.97435 Y13.09292
G01 X-59.86863 Y12.96412
G01 X-59.84684 Y12.93153
G01 X-59.76830 Y12.78457
G01 X-59.75992 Y12.76684
G01 X-59.75329 Y12.74835
G01 X-59.70493 Y12.58888
G01 X-59.69729 Y12.55045
G01 X-59.68095 Y12.38462
G01 X-59.67999 Y12.36501
G01 X-59.68095 Y12.34540
G01 X-59.69729 Y12.17959
G01 X-59.70493 Y12.14113
G01 X-59.75329 Y11.98167
G01 X-59.75682 Y11.97319
G01 X-59.75977 Y11.96270
G01 X-60.22997 Y10.63072
G01 X-60.23137 Y10.63095
G01 X-60.22997 Y10.63072
G01 X-60.22997 Y10.49537
G01 X-60.23135 Y10.49516
G01 X-60.22997 Y10.49537
G01 X-59.77404 Y9.16555
G01 X-59.77316 Y9.16192
G01 X-59.76830 Y9.14835
G01 X-59.71994 Y8.98889
G01 X-59.71227 Y8.95044
G01 X-59.69594 Y8.78463
G01 X-59.69500 Y8.76502
G01 X-59.69594 Y8.74541
G01 X-59.71227 Y8.57957
G01 X-59.71994 Y8.54114
G01 X-59.76830 Y8.38168
G01 X-59.77493 Y8.36316
G01 X-59.78240 Y8.34739
G01 X-59.78344 Y8.34439
G01 X-60.24496 Y7.35146
G01 X-60.24676 Y7.35191
G01 X-60.24496 Y7.35146
G01 X-60.24496 Y7.26002
G01 X-60.24593 Y7.24043
G01 X-60.25169 Y7.18189
G01 X-60.25459 Y7.16248
G01 X-60.25934 Y7.14346
G01 X-60.27643 Y7.08717
G01 X-60.29142 Y7.05095
G01 X-60.31915 Y6.99908
G01 X-60.32924 Y6.98224
G01 X-60.34092 Y6.96647
G01 X-60.37823 Y6.92103
G01 X-60.39142 Y6.90647
G01 X-61.58301 Y5.71486

G04 P0 ( dwell for no time -- G64 should not smooth over this point )
G00 Z30.000000 ( retract )

M5 ( Spindle off. )
G04 P1.000000
M9 ( Coolant off. )
M2 ( Program end. )

