( pcb2gcode 2.5.0 )
( Software-independent Gcode )

G94 ( Millimeters per minute feed rate. )
G21 ( Units == Millimeters. )

G90 ( Absolute coordinates. )
G00 S10000 ( RPM spindle speed. )
G01 F300.00000 ( Feedrate. )


G00 Z30.00000 (Retract to tool change height)
T1
M5      (Spindle stop.)
G04 P1.00000 (Wait for spindle to stop)
(MSG, Change tool bit to mill diameter 0.20000mm)
;M6      (Tool change.)
M0      (Temporary machine stop.)
M3 ( Spindle on clockwise. )
G04 P1.00000 (Wait for spindle to get up to speed)
G04 P0 ( dwell for no time -- G64 should not smooth over this point )
G00 Z5.00000 ( retract )

G00 X-1.02496 Y39.40129 ( rapid move to begin. )
G01 F150.00000
( Mill infeed pass 1/1 )
G01 Z-0.06000
G04 P0 ( dwell for no time -- G64 should not smooth over this point )
G01 F300.00000
G01 X-1.02496 Y39.40129
G01 X-1.03515 Y39.54335
G01 X-1.06550 Y39.68280
G01 X-1.08518 Y39.74983
G01 X-1.15582 Y39.92626
G01 X-1.25854 Y40.08615
G01 X-1.38968 Y40.22372
G01 X-1.44249 Y40.26949
G01 X-1.57693 Y40.36766
G01 X-1.72580 Y40.44218
G01 X-1.88498 Y40.49097
G01 X-1.93649 Y40.50218
G01 X-2.04213 Y40.51930
G01 X-2.14899 Y40.52504
G01 X-17.97362 Y40.52504
G01 X-18.11588 Y40.51485
G01 X-18.25528 Y40.48452
G01 X-18.32233 Y40.46484
G01 X-18.44532 Y40.41980
G01 X-18.56140 Y40.35907
G01 X-18.66851 Y40.28369
G01 X-18.68914 Y40.26705
G01 X-18.76838 Y40.19580
G01 X-27.43918 Y31.52503
G01 X-27.43603 Y31.51741
G01 X-27.43918 Y31.52503
G01 X-30.21954 Y31.52503
G01 X-30.42269 Y31.50496
G01 X-30.42516 Y31.50478
G01 X-30.57220 Y31.49755
G01 X-30.57466 Y31.49737
G01 X-30.77532 Y31.49750
G01 X-30.77778 Y31.49755
G01 X-30.92480 Y31.50478
G01 X-30.92724 Y31.50496
G01 X-31.13046 Y31.52503
G01 X-33.06904 Y31.52503
G01 X-33.27044 Y31.50514
G01 X-33.27290 Y31.50496
G01 X-33.32192 Y31.50255
G01 X-33.32314 Y31.50250
G01 X-33.42375 Y31.50003
G01 X-33.42497 Y31.49996
G01 X-34.12500 Y31.50001
G01 X-34.12621 Y31.50003
G01 X-34.22687 Y31.50250
G01 X-34.22809 Y31.50255
G01 X-34.27709 Y31.50496
G01 X-34.27955 Y31.50514
G01 X-34.48090 Y31.52503
G01 X-35.06896 Y31.52503
G01 X-35.27041 Y31.50514
G01 X-35.27287 Y31.50496
G01 X-35.32187 Y31.50255
G01 X-35.32309 Y31.50250
G01 X-35.42375 Y31.50003
G01 X-35.42497 Y31.49996
G01 X-36.12499 Y31.50001
G01 X-36.12621 Y31.50003
G01 X-36.22687 Y31.50250
G01 X-36.22809 Y31.50255
G01 X-36.27709 Y31.50496
G01 X-36.27955 Y31.50514
G01 X-36.48090 Y31.52503
G01 X-42.91520 Y31.52503
G01 X-42.91528 Y31.52442
G01 X-42.91520 Y31.52503
G01 X-47.29477 Y32.49826
G01 X-47.40282 Y32.51611
G01 X-47.42972 Y32.51906
G01 X-47.53861 Y32.52503
G01 X-47.57524 Y32.52503
G01 X-47.57775 Y32.51957
G01 X-47.57524 Y32.52503
G01 X-47.75009 Y32.69988
G01 X-47.82281 Y32.76579
G01 X-48.20165 Y33.07671
G01 X-48.28049 Y33.13516
G01 X-48.35265 Y33.17842
G01 X-48.35608 Y33.17560
G01 X-48.35265 Y33.17842
G01 X-48.42144 Y33.34446
G01 X-48.69865 Y33.86312
G01 X-48.80757 Y34.02612
G01 X-49.18067 Y34.48072
G01 X-49.24656 Y34.55345
G01 X-49.31928 Y34.61933
G01 X-49.77388 Y34.99243
G01 X-49.85270 Y35.05088
G01 X-49.93688 Y35.10135
G01 X-50.07467 Y35.17501
G01 X-50.28681 Y35.17501
G01 X-49.98402 Y35.01316
G01 X-49.83733 Y34.91514
G01 X-49.38272 Y34.54204
G01 X-49.31727 Y34.48273
G01 X-49.25796 Y34.41728
G01 X-48.88486 Y33.96267
G01 X-48.78684 Y33.81598
G01 X-48.50963 Y33.29731
G01 X-48.44211 Y33.13432
G01 X-48.43462 Y33.10961
G01 X-48.43840 Y33.10651
G01 X-48.43462 Y33.10961
G01 X-48.41178 Y33.09742
G01 X-48.33604 Y33.05203
G01 X-48.26510 Y32.99940
G01 X-47.88626 Y32.68850
G01 X-47.82080 Y32.62919
G01 X-47.61666 Y32.42503
G01 X-47.61928 Y32.41926
G01 X-47.61666 Y32.42503
G01 X-47.53861 Y32.42503
G01 X-47.44059 Y32.41967
G01 X-47.41369 Y32.41672
G01 X-47.31646 Y32.40064
G01 X-42.92620 Y31.42503
G01 X-42.92625 Y31.42442
G01 X-42.92620 Y31.42503
G01 X-27.39775 Y31.42503
G01 X-27.39461 Y31.41741
G01 X-27.39775 Y31.42503
G01 X-18.69767 Y40.12509
G01 X-18.62635 Y40.18920
G01 X-18.60572 Y40.20583
G01 X-18.50930 Y40.27370
G01 X-18.40486 Y40.32836
G01 X-18.29417 Y40.36890
G01 X-18.22711 Y40.38859
G01 X-18.10166 Y40.41587
G01 X-17.97362 Y40.42504
G01 X-2.14899 Y40.42504
G01 X-2.05280 Y40.41988
G01 X-1.95772 Y40.40446
G01 X-1.90621 Y40.39326
G01 X-1.76296 Y40.34934
G01 X-1.62900 Y40.28229
G01 X-1.50799 Y40.19392
G01 X-1.45519 Y40.14815
G01 X-1.33715 Y40.02433
G01 X-1.24470 Y39.88043
G01 X-1.18112 Y39.72166
G01 X-1.16143 Y39.65463
G01 X-1.13413 Y39.52913
G01 X-1.12496 Y39.40101
G01 X-1.12496 Y37.14902
G01 X-1.12813 Y37.08976
G01 X-1.12496 Y37.02502
G01 X-1.12499 Y31.52500
G01 X-1.14228 Y31.34944
G01 X-1.19349 Y31.18060
G01 X-1.27667 Y31.02500
G01 X-1.38859 Y30.88861
G01 X-1.52498 Y30.77669
G01 X-1.68058 Y30.69351
G01 X-1.84942 Y30.64230
G01 X-2.02498 Y30.62500
G01 X-4.53146 Y30.62500
G01 X-4.53196 Y30.62732
G01 X-4.53146 Y30.62500
G01 X-4.62236 Y30.57644
G01 X-4.78535 Y30.50893
G01 X-5.01985 Y30.43778
G01 X-5.10552 Y30.41632
G01 X-5.19290 Y30.40336
G01 X-5.43674 Y30.37934
G01 X-5.52498 Y30.37502
G01 X-8.52500 Y30.37502
G01 X-8.61321 Y30.37934
G01 X-8.85705 Y30.40336
G01 X-9.03010 Y30.43778
G01 X-9.26459 Y30.50893
G01 X-9.42758 Y30.57644
G01 X-9.51849 Y30.62500
G01 X-9.51798 Y30.62732
G01 X-9.51849 Y30.62500
G01 X-11.93172 Y30.62500
G01 X-11.64259 Y30.55259
G01 X-11.64020 Y30.55193
G01 X-11.55169 Y30.52501
G01 X-9.54354 Y30.52501
G01 X-9.54305 Y30.52721
G01 X-9.54354 Y30.52501
G01 X-9.47473 Y30.48825
G01 X-9.29363 Y30.41322
G01 X-9.05913 Y30.34210
G01 X-8.86685 Y30.30385
G01 X-8.62299 Y30.27982
G01 X-8.52500 Y30.27502
G01 X-5.52498 Y30.27502
G01 X-5.42696 Y30.27982
G01 X-5.18309 Y30.30385
G01 X-5.08601 Y30.31825
G01 X-4.99081 Y30.34210
G01 X-4.75632 Y30.41322
G01 X-4.57522 Y30.48825
G01 X-4.50644 Y30.52501
G01 X-4.50689 Y30.52721
G01 X-4.50644 Y30.52501
G01 X-2.02498 Y30.52501
G01 X-1.82989 Y30.54423
G01 X-1.64231 Y30.60113
G01 X-1.46941 Y30.69353
G01 X-1.31787 Y30.81789
G01 X-1.19351 Y30.96943
G01 X-1.10111 Y31.14233
G01 X-1.04421 Y31.32993
G01 X-1.02499 Y31.52500
G01 X-1.02499 Y35.19170
G01 X-1.02496 Y37.02517
G01 X-1.02499 Y37.02570
G01 X-1.02814 Y37.08976
G01 X-1.02499 Y37.14854
G01 X-1.02496 Y37.14899
G01 X-1.02499 Y37.14854
G01 X-1.02499 Y37.02570
G01 X-1.02496 Y37.02517
G01 X-1.12496 Y37.02502
G01 X-1.22496 Y37.02502
G01 X-1.32496 Y37.02502
G01 X-1.42496 Y37.02502
G01 X-1.52496 Y37.02502
G01 X-1.62496 Y37.02502
G01 X-1.62498 Y31.52500
G01 X-1.63268 Y31.44697
G01 X-1.65544 Y31.37194
G01 X-1.69240 Y31.30278
G01 X-1.74215 Y31.24217
G01 X-1.80276 Y31.19242
G01 X-1.87192 Y31.15546
G01 X-1.94695 Y31.13270
G01 X-2.02498 Y31.12500
G01 X-4.65670 Y31.12500
G01 X-4.65736 Y31.12772
G01 X-4.65670 Y31.12500
G01 X-4.85805 Y31.01738
G01 X-4.93049 Y30.98739
G01 X-5.16498 Y30.91627
G01 X-5.20306 Y30.90672
G01 X-5.24189 Y30.90095
G01 X-5.48576 Y30.87695
G01 X-5.52498 Y30.87502
G01 X-8.52500 Y30.87502
G01 X-8.56419 Y30.87695
G01 X-8.80805 Y30.90095
G01 X-8.88496 Y30.91627
G01 X-9.11946 Y30.98739
G01 X-9.19190 Y31.01738
G01 X-9.39324 Y31.12500
G01 X-9.39258 Y31.12770
G01 X-9.39324 Y31.12500
G01 X-12.02499 Y31.12500
G01 X-12.09446 Y31.13110
G01 X-12.16179 Y31.14913
G01 X-12.22499 Y31.17860
G01 X-12.28211 Y31.21860
G01 X-12.33141 Y31.26790
G01 X-12.37139 Y31.32500
G01 X-12.40086 Y31.38820
G01 X-12.41892 Y31.45556
G01 X-12.42499 Y31.52500
G01 X-12.42499 Y31.67862
G01 X-12.38597 Y31.73450
G01 X-12.42499 Y31.67862
G01 X-12.46923 Y31.66092
G01 X-12.53627 Y31.64123
G01 X-12.59204 Y31.62909
G01 X-12.64899 Y31.62500
G01 X-15.85927 Y31.62500
G01 X-15.86245 Y31.63262
G01 X-15.85927 Y31.62500
G01 X-19.23099 Y28.25331
G01 X-19.23452 Y28.25529
G01 X-19.23099 Y28.25331
G01 X-19.23526 Y28.20982
G01 X-19.24103 Y28.17098
G01 X-19.25058 Y28.13291
G01 X-19.26480 Y28.08602
G01 X-19.27801 Y28.04906
G01 X-19.29480 Y28.01358
G01 X-19.31791 Y27.97035
G01 X-19.36147 Y27.90515
G01 X-19.39256 Y27.86728
G01 X-19.41893 Y27.83819
G01 X-20.33815 Y26.91894
G01 X-20.36724 Y26.89258
G01 X-20.40513 Y26.86149
G01 X-20.43666 Y26.83812
G01 X-20.47034 Y26.81793
G01 X-20.51354 Y26.79484
G01 X-20.54903 Y26.77805
G01 X-20.58598 Y26.76481
G01 X-20.63290 Y26.75059
G01 X-20.70981 Y26.73530
G01 X-20.75332 Y26.73101
G01 X-20.75527 Y26.73454
G01 X-20.75332 Y26.73101
G01 X-21.12497 Y26.35933
G01 X-21.13246 Y26.36248
G01 X-21.12497 Y26.35933
G01 X-21.12497 Y26.00830
G01 X-21.12708 Y25.96746
G01 X-21.13333 Y25.92700
G01 X-21.14359 Y25.87757
G01 X-21.16208 Y25.81483
G01 X-21.19055 Y25.75595
G01 X-21.22822 Y25.70248
G01 X-21.27300 Y25.64887
G01 X-21.32703 Y25.59542
G01 X-21.39017 Y25.55318
G01 X-21.46017 Y25.52364
G01 X-21.47496 Y25.51900
G01 X-21.48954 Y25.52789
G01 X-21.47496 Y25.51900
G01 X-21.47498 Y22.27501
G01 X-21.47691 Y22.23582
G01 X-21.48171 Y22.18702
G01 X-21.48748 Y22.14821
G01 X-21.49700 Y22.11014
G01 X-21.51123 Y22.06322
G01 X-21.52446 Y22.02627
G01 X-21.54125 Y21.99078
G01 X-21.56434 Y21.94755
G01 X-21.60793 Y21.88235
G01 X-21.63902 Y21.84448
G01 X-21.69446 Y21.78903
G01 X-21.73234 Y21.75794
G01 X-21.76386 Y21.73455
G01 X-21.79754 Y21.71438
G01 X-21.84077 Y21.69127
G01 X-21.91321 Y21.66127
G01 X-21.96010 Y21.64704
G01 X-21.99817 Y21.63749
G01 X-22.03701 Y21.63175
G01 X-22.08578 Y21.62693
G01 X-22.12499 Y21.62502
G01 X-23.42499 Y21.62502
G01 X-23.46418 Y21.62693
G01 X-23.51298 Y21.63175
G01 X-23.55179 Y21.63749
G01 X-23.58986 Y21.64704
G01 X-23.63678 Y21.66127
G01 X-23.70922 Y21.69127
G01 X-23.75245 Y21.71438
G01 X-23.78610 Y21.73455
G01 X-23.81762 Y21.75794
G01 X-23.85552 Y21.78903
G01 X-23.91097 Y21.84448
G01 X-23.94206 Y21.88235
G01 X-23.98562 Y21.94755
G01 X-24.00873 Y21.99078
G01 X-24.02550 Y22.02627
G01 X-24.03873 Y22.06322
G01 X-24.05296 Y22.11014
G01 X-24.06251 Y22.14821
G01 X-24.06746 Y22.18166
G01 X-24.04422 Y22.22393
G01 X-24.06746 Y22.18166
G01 X-24.11922 Y22.16094
G01 X-24.18625 Y22.14125
G01 X-24.24203 Y22.12911
G01 X-24.29898 Y22.12502
G01 X-24.92214 Y22.12505
G01 X-24.92809 Y22.13640
G01 X-24.92214 Y22.12505
G01 X-24.94739 Y22.07778
G01 X-24.99715 Y22.01717
G01 X-25.05775 Y21.96742
G01 X-25.12692 Y21.93046
G01 X-25.20195 Y21.90770
G01 X-25.27998 Y21.90000
G01 X-26.76999 Y21.90000
G01 X-26.84802 Y21.90770
G01 X-26.92305 Y21.93046
G01 X-26.99222 Y21.96742
G01 X-27.05282 Y22.01717
G01 X-27.10258 Y22.07778
G01 X-27.12783 Y22.12505
G01 X-27.12189 Y22.13640
G01 X-27.12783 Y22.12505
G01 X-28.92214 Y22.12505
G01 X-28.92808 Y22.13640
G01 X-28.92214 Y22.12505
G01 X-28.94741 Y22.07778
G01 X-28.99714 Y22.01717
G01 X-29.05777 Y21.96742
G01 X-29.12691 Y21.93046
G01 X-29.20194 Y21.90770
G01 X-29.28000 Y21.90000
G01 X-30.76999 Y21.90000
G01 X-30.84801 Y21.90770
G01 X-30.92307 Y21.93046
G01 X-30.99221 Y21.96742
G01 X-31.05284 Y22.01717
G01 X-31.10257 Y22.07778
G01 X-31.12782 Y22.12505
G01 X-31.12190 Y22.13630
G01 X-31.12782 Y22.12505
G01 X-31.75096 Y22.12502
G01 X-31.79371 Y22.12733
G01 X-31.83597 Y22.13417
G01 X-31.88748 Y22.14537
G01 X-31.95111 Y22.16487
G01 X-31.98266 Y22.18067
G01 X-32.00346 Y22.21735
G01 X-31.98266 Y22.18067
G01 X-31.98748 Y22.14821
G01 X-31.99701 Y22.11014
G01 X-32.01123 Y22.06322
G01 X-32.02447 Y22.02627
G01 X-32.04126 Y21.99078
G01 X-32.06434 Y21.94755
G01 X-32.10791 Y21.88235
G01 X-32.13899 Y21.84448
G01 X-32.19444 Y21.78903
G01 X-32.23234 Y21.75794
G01 X-32.26386 Y21.73455
G01 X-32.29754 Y21.71438
G01 X-32.34075 Y21.69127
G01 X-32.41321 Y21.66127
G01 X-32.46010 Y21.64704
G01 X-32.49818 Y21.63749
G01 X-32.53701 Y21.63175
G01 X-32.58578 Y21.62693
G01 X-32.62500 Y21.62502
G01 X-33.92500 Y21.62502
G01 X-33.96419 Y21.62693
G01 X-34.01296 Y21.63175
G01 X-34.05179 Y21.63749
G01 X-34.08987 Y21.64704
G01 X-34.13678 Y21.66127
G01 X-34.20922 Y21.69127
G01 X-34.25243 Y21.71438
G01 X-34.28611 Y21.73455
G01 X-34.31763 Y21.75794
G01 X-34.35553 Y21.78903
G01 X-34.41097 Y21.84448
G01 X-34.44206 Y21.88235
G01 X-34.48562 Y21.94755
G01 X-34.50871 Y21.99078
G01 X-34.52550 Y22.02627
G01 X-34.53874 Y22.06322
G01 X-34.55296 Y22.11014
G01 X-34.56249 Y22.14821
G01 X-34.56746 Y22.18166
G01 X-34.54422 Y22.22393
G01 X-34.56746 Y22.18166
G01 X-34.61923 Y22.16094
G01 X-34.68626 Y22.14125
G01 X-34.74204 Y22.12911
G01 X-34.79898 Y22.12502
G01 X-38.25100 Y22.12502
G01 X-38.29372 Y22.12733
G01 X-38.33599 Y22.13417
G01 X-38.38750 Y22.14537
G01 X-38.45112 Y22.16487
G01 X-38.48267 Y22.18065
G01 X-38.50477 Y22.22360
G01 X-38.48267 Y22.18065
G01 X-38.48747 Y22.14821
G01 X-38.49702 Y22.11014
G01 X-38.51125 Y22.06322
G01 X-38.52445 Y22.02627
G01 X-38.54124 Y21.99078
G01 X-38.56436 Y21.94755
G01 X-38.60792 Y21.88235
G01 X-38.63901 Y21.84448
G01 X-38.69446 Y21.78903
G01 X-38.73233 Y21.75794
G01 X-38.76387 Y21.73455
G01 X-38.79753 Y21.71438
G01 X-38.84076 Y21.69127
G01 X-38.91320 Y21.66127
G01 X-38.96009 Y21.64704
G01 X-38.99819 Y21.63749
G01 X-39.03700 Y21.63175
G01 X-39.08577 Y21.62693
G01 X-39.12499 Y21.62502
G01 X-40.42498 Y21.62502
G01 X-40.46420 Y21.62693
G01 X-40.51297 Y21.63175
G01 X-40.55181 Y21.63749
G01 X-40.58988 Y21.64704
G01 X-40.63677 Y21.66127
G01 X-40.70921 Y21.69127
G01 X-40.75244 Y21.71438
G01 X-40.78612 Y21.73455
G01 X-40.81764 Y21.75794
G01 X-40.85551 Y21.78903
G01 X-40.91096 Y21.84448
G01 X-40.94205 Y21.88235
G01 X-40.98561 Y21.94755
G01 X-41.00873 Y21.99078
G01 X-41.02552 Y22.02627
G01 X-41.03872 Y22.06322
G01 X-41.05295 Y22.11014
G01 X-41.06250 Y22.14821
G01 X-41.06745 Y22.18164
G01 X-41.04423 Y22.22390
G01 X-41.06745 Y22.18164
G01 X-41.11927 Y22.16091
G01 X-41.18632 Y22.14123
G01 X-41.24208 Y22.12911
G01 X-41.29900 Y22.12502
G01 X-41.92214 Y22.12505
G01 X-41.92808 Y22.13640
G01 X-41.92214 Y22.12505
G01 X-41.94741 Y22.07778
G01 X-41.99714 Y22.01717
G01 X-42.05777 Y21.96742
G01 X-42.12691 Y21.93046
G01 X-42.20194 Y21.90770
G01 X-42.28000 Y21.90000
G01 X-43.76999 Y21.90000
G01 X-43.84801 Y21.90770
G01 X-43.92307 Y21.93046
G01 X-43.99221 Y21.96742
G01 X-44.05284 Y22.01717
G01 X-44.10257 Y22.07778
G01 X-44.12782 Y22.12505
G01 X-44.12188 Y22.13640
G01 X-44.12782 Y22.12505
G01 X-45.92215 Y22.12505
G01 X-45.92810 Y22.13640
G01 X-45.92215 Y22.12505
G01 X-45.94740 Y22.07778
G01 X-45.99713 Y22.01717
G01 X-46.05776 Y21.96742
G01 X-46.12690 Y21.93046
G01 X-46.20196 Y21.90770
G01 X-46.27999 Y21.90000
G01 X-47.76998 Y21.90000
G01 X-47.84803 Y21.90770
G01 X-47.92306 Y21.93046
G01 X-47.99223 Y21.96742
G01 X-48.05283 Y22.01717
G01 X-48.10256 Y22.07778
G01 X-48.12784 Y22.12505
G01 X-48.12192 Y22.13630
G01 X-48.12784 Y22.12505
G01 X-48.75095 Y22.12502
G01 X-48.79370 Y22.12733
G01 X-48.83596 Y22.13417
G01 X-48.88748 Y22.14537
G01 X-48.95110 Y22.16487
G01 X-48.98265 Y22.18067
G01 X-49.00345 Y22.21738
G01 X-48.98265 Y22.18067
G01 X-48.98748 Y22.14821
G01 X-48.99703 Y22.11014
G01 X-49.01125 Y22.06322
G01 X-49.02446 Y22.02627
G01 X-49.04125 Y21.99078
G01 X-49.06436 Y21.94755
G01 X-49.10792 Y21.88235
G01 X-49.13901 Y21.84448
G01 X-49.19446 Y21.78903
G01 X-49.23233 Y21.75794
G01 X-49.26388 Y21.73455
G01 X-49.29753 Y21.71438
G01 X-49.34076 Y21.69127
G01 X-49.41320 Y21.66127
G01 X-49.46009 Y21.64704
G01 X-49.49817 Y21.63749
G01 X-49.53700 Y21.63175
G01 X-49.58577 Y21.62693
G01 X-49.62499 Y21.62502
G01 X-50.92499 Y21.62502
G01 X-50.96420 Y21.62693
G01 X-51.01297 Y21.63175
G01 X-51.05178 Y21.63749
G01 X-51.08988 Y21.64704
G01 X-51.13677 Y21.66127
G01 X-51.20921 Y21.69127
G01 X-51.25244 Y21.71438
G01 X-51.28610 Y21.73455
G01 X-51.31765 Y21.75794
G01 X-51.35552 Y21.78903
G01 X-51.41097 Y21.84448
G01 X-51.44206 Y21.88235
G01 X-51.48562 Y21.94755
G01 X-51.50873 Y21.99078
G01 X-51.52552 Y22.02627
G01 X-51.53873 Y22.06322
G01 X-51.55295 Y22.11014
G01 X-51.56250 Y22.14821
G01 X-51.56745 Y22.18166
G01 X-51.54424 Y22.22393
G01 X-51.56745 Y22.18166
G01 X-51.61922 Y22.16094
G01 X-51.68625 Y22.14125
G01 X-51.74203 Y22.12911
G01 X-51.79898 Y22.12502
G01 X-53.40098 Y22.12502
G01 X-53.44370 Y22.12733
G01 X-53.48597 Y22.13417
G01 X-53.53748 Y22.14537
G01 X-53.60111 Y22.16487
G01 X-53.66062 Y22.19467
G01 X-53.71439 Y22.23391
G01 X-53.76720 Y22.27966
G01 X-53.81970 Y22.33470
G01 X-53.86082 Y22.39868
G01 X-53.88909 Y22.46932
G01 X-53.90878 Y22.53637
G01 X-53.92089 Y22.59213
G01 X-53.92498 Y22.64902
G01 X-53.92498 Y25.35166
G01 X-53.92188 Y25.40129
G01 X-53.91805 Y25.43198
G01 X-53.90753 Y25.48577
G01 X-53.88978 Y25.53761
G01 X-53.86509 Y25.58656
G01 X-53.82943 Y25.64663
G01 X-53.78460 Y25.70797
G01 X-53.72899 Y25.75976
G01 X-53.71995 Y25.76543
G01 X-53.64843 Y25.77300
G01 X-53.71995 Y25.76543
G01 X-53.93026 Y25.87785
G01 X-53.99547 Y25.92141
G01 X-54.45008 Y26.29448
G01 X-54.47916 Y26.32085
G01 X-54.50552 Y26.34993
G01 X-54.87860 Y26.80454
G01 X-54.92216 Y26.86974
G01 X-55.19940 Y27.38841
G01 X-55.21619 Y27.42389
G01 X-55.22940 Y27.46085
G01 X-55.40011 Y28.02364
G01 X-55.41543 Y28.10052
G01 X-55.47306 Y28.68582
G01 X-55.47499 Y28.72501
G01 X-55.47499 Y31.72500
G01 X-55.47306 Y31.76422
G01 X-55.41543 Y32.34949
G01 X-55.40011 Y32.42640
G01 X-55.22940 Y32.98919
G01 X-55.21619 Y33.02614
G01 X-55.19940 Y33.06163
G01 X-54.92216 Y33.58027
G01 X-54.90199 Y33.61395
G01 X-54.87860 Y33.64547
G01 X-54.50552 Y34.10008
G01 X-54.45008 Y34.15553
G01 X-53.99547 Y34.52863
G01 X-53.96392 Y34.55200
G01 X-53.93026 Y34.57219
G01 X-53.41160 Y34.84943
G01 X-53.33916 Y34.87943
G01 X-52.77637 Y35.05014
G01 X-52.73829 Y35.05969
G01 X-52.69946 Y35.06543
G01 X-52.11419 Y35.12309
G01 X-52.03578 Y35.12309
G01 X-51.45051 Y35.06543
G01 X-51.41168 Y35.05969
G01 X-51.37360 Y35.05014
G01 X-50.81081 Y34.87943
G01 X-50.73837 Y34.84943
G01 X-50.21971 Y34.57219
G01 X-50.15453 Y34.52863
G01 X-49.69992 Y34.15553
G01 X-49.67081 Y34.12916
G01 X-49.64447 Y34.10008
G01 X-49.27137 Y33.64547
G01 X-49.22781 Y33.58027
G01 X-48.95057 Y33.06163
G01 X-48.92057 Y32.98919
G01 X-48.85296 Y32.76628
G01 X-48.85849 Y32.76173
G01 X-48.85296 Y32.76628
G01 X-48.64750 Y32.65647
G01 X-48.61382 Y32.63628
G01 X-48.58229 Y32.61289
G01 X-48.20345 Y32.30199
G01 X-48.17437 Y32.27562
G01 X-47.82375 Y31.92503
G01 X-47.82675 Y31.91809
G01 X-47.82375 Y31.92503
G01 X-47.53861 Y31.92503
G01 X-47.49505 Y31.92264
G01 X-47.46815 Y31.91969
G01 X-47.42492 Y31.91256
G01 X-42.98106 Y30.92503
G01 X-42.98114 Y30.92442
G01 X-42.98106 Y30.92503
G01 X-27.19067 Y30.92500
G01 X-27.18749 Y30.91741
G01 X-27.19067 Y30.92500
G01 X-18.34413 Y39.77154
G01 X-18.31243 Y39.80004
G01 X-18.29180 Y39.81668
G01 X-18.24895 Y39.84683
G01 X-18.20252 Y39.87111
G01 X-18.15332 Y39.88915
G01 X-18.08627 Y39.90883
G01 X-18.03051 Y39.92095
G01 X-17.97362 Y39.92504
G01 X-2.14899 Y39.92504
G01 X-2.10624 Y39.92273
G01 X-2.06397 Y39.91589
G01 X-2.01246 Y39.90469
G01 X-1.94881 Y39.88516
G01 X-1.88925 Y39.85537
G01 X-1.83547 Y39.81610
G01 X-1.78267 Y39.77033
G01 X-1.73022 Y39.71528
G01 X-1.68912 Y39.65133
G01 X-1.66087 Y39.58077
G01 X-1.64119 Y39.51374
G01 X-1.62905 Y39.45796
G01 X-1.62496 Y39.40101
G01 X-1.62496 Y37.14902
G01 X-1.62727 Y37.10630
G01 X-1.62961 Y37.09179
G01 X-1.62689 Y37.06424
G01 X-1.62496 Y37.02502
G01 X-1.72496 Y37.02502
G01 X-1.72498 Y31.52500
G01 X-1.73075 Y31.46648
G01 X-1.74782 Y31.41020
G01 X-1.77556 Y31.35833
G01 X-1.81287 Y31.31289
G01 X-1.85831 Y31.27558
G01 X-1.91018 Y31.24784
G01 X-1.96646 Y31.23077
G01 X-2.02498 Y31.22500
G01 X-4.68256 Y31.22500
G01 X-4.68330 Y31.22803
G01 X-4.68256 Y31.22500
G01 X-4.68909 Y31.22109
G01 X-4.90519 Y31.10560
G01 X-4.95952 Y31.08309
G01 X-5.19401 Y31.01195
G01 X-5.22256 Y31.00479
G01 X-5.25170 Y31.00047
G01 X-5.49556 Y30.97646
G01 X-5.52498 Y30.97502
G01 X-8.52500 Y30.97502
G01 X-8.55438 Y30.97646
G01 X-8.79825 Y31.00047
G01 X-8.85593 Y31.01195
G01 X-9.09043 Y31.08309
G01 X-9.14476 Y31.10560
G01 X-9.36086 Y31.22109
G01 X-9.36673 Y31.22500
G01 X-9.36596 Y31.22803
G01 X-9.36673 Y31.22500
G01 X-12.02499 Y31.22500
G01 X-12.07708 Y31.22958
G01 X-12.12760 Y31.24311
G01 X-12.17498 Y31.26521
G01 X-12.21783 Y31.29521
G01 X-12.25481 Y31.33217
G01 X-12.28481 Y31.37502
G01 X-12.30690 Y31.42241
G01 X-12.32044 Y31.47291
G01 X-12.32499 Y31.52500
G01 X-12.32499 Y31.88312
G01 X-12.26619 Y32.01311
G01 X-12.32499 Y31.88312
G01 X-12.35524 Y31.84822
G01 X-12.39651 Y31.80887
G01 X-12.44450 Y31.77804
G01 X-12.49740 Y31.75685
G01 X-12.56443 Y31.73717
G01 X-12.60627 Y31.72808
G01 X-12.64899 Y31.72500
G01 X-15.90070 Y31.72500
G01 X-15.90385 Y31.73262
G01 X-15.90070 Y31.72500
G01 X-19.32998 Y28.29575
G01 X-19.33582 Y28.29847
G01 X-19.32998 Y28.29575
G01 X-19.32998 Y28.26839
G01 X-19.33478 Y28.21962
G01 X-19.33910 Y28.19052
G01 X-19.34626 Y28.16194
G01 X-19.36048 Y28.11505
G01 X-19.37041 Y28.08732
G01 X-19.38299 Y28.06072
G01 X-19.40610 Y28.01749
G01 X-19.43877 Y27.96860
G01 X-19.46986 Y27.93070
G01 X-19.48964 Y27.90891
G01 X-20.40887 Y26.98966
G01 X-20.43069 Y26.96989
G01 X-20.46856 Y26.93880
G01 X-20.49221 Y26.92125
G01 X-20.51748 Y26.90611
G01 X-20.56068 Y26.88303
G01 X-20.58730 Y26.87043
G01 X-20.61501 Y26.86052
G01 X-20.66193 Y26.84630
G01 X-20.71961 Y26.83482
G01 X-20.76838 Y26.83002
G01 X-20.79713 Y26.82859
G01 X-20.79927 Y26.83256
G01 X-20.79713 Y26.82859
G01 X-21.22497 Y26.40076
G01 X-21.23251 Y26.40391
G01 X-21.22497 Y26.40076
G01 X-21.22497 Y26.00830
G01 X-21.22655 Y25.97767
G01 X-21.23124 Y25.94734
G01 X-21.24151 Y25.89791
G01 X-21.25537 Y25.85085
G01 X-21.27671 Y25.80668
G01 X-21.30498 Y25.76659
G01 X-21.34976 Y25.71298
G01 X-21.39027 Y25.67289
G01 X-21.43764 Y25.64119
G01 X-21.49015 Y25.61905
G01 X-21.55680 Y25.59812
G01 X-21.57496 Y25.59426
G01 X-21.59363 Y25.60759
G01 X-21.57496 Y25.59426
G01 X-21.57498 Y22.27501
G01 X-21.57643 Y22.24560
G01 X-21.58123 Y22.19683
G01 X-21.58555 Y22.16772
G01 X-21.59271 Y22.13914
G01 X-21.60694 Y22.09226
G01 X-21.61684 Y22.06454
G01 X-21.62944 Y22.03793
G01 X-21.65255 Y21.99469
G01 X-21.68522 Y21.94580
G01 X-21.71631 Y21.90793
G01 X-21.75789 Y21.86632
G01 X-21.79578 Y21.83523
G01 X-21.81943 Y21.81771
G01 X-21.84468 Y21.80257
G01 X-21.88789 Y21.77946
G01 X-21.94224 Y21.75695
G01 X-21.98913 Y21.74273
G01 X-22.01768 Y21.73559
G01 X-22.04681 Y21.73127
G01 X-22.09558 Y21.72645
G01 X-22.12499 Y21.72502
G01 X-23.42499 Y21.72502
G01 X-23.45440 Y21.72645
G01 X-23.50317 Y21.73127
G01 X-23.53228 Y21.73559
G01 X-23.56086 Y21.74273
G01 X-23.60774 Y21.75695
G01 X-23.66208 Y21.77946
G01 X-23.70531 Y21.80257
G01 X-23.73055 Y21.81771
G01 X-23.75420 Y21.83523
G01 X-23.79207 Y21.86632
G01 X-23.83368 Y21.90793
G01 X-23.86477 Y21.94580
G01 X-23.89743 Y21.99469
G01 X-23.92055 Y22.03793
G01 X-23.93312 Y22.06454
G01 X-23.94305 Y22.09226
G01 X-23.95727 Y22.13914
G01 X-23.96441 Y22.16772
G01 X-23.96873 Y22.19683
G01 X-23.97356 Y22.24560
G01 X-23.97498 Y22.27501
G01 X-23.97498 Y22.38316
G01 X-23.92771 Y22.49868
G01 X-23.97498 Y22.38316
G01 X-24.00518 Y22.34829
G01 X-24.04645 Y22.30892
G01 X-24.09446 Y22.27808
G01 X-24.14739 Y22.25687
G01 X-24.21442 Y22.23719
G01 X-24.25626 Y22.22810
G01 X-24.29898 Y22.22502
G01 X-24.99075 Y22.22505
G01 X-25.00144 Y22.24128
G01 X-24.99075 Y22.22505
G01 X-25.00281 Y22.18522
G01 X-25.03055 Y22.13335
G01 X-25.06786 Y22.08789
G01 X-25.11330 Y22.05057
G01 X-25.16517 Y22.02284
G01 X-25.22146 Y22.00577
G01 X-25.27998 Y22.00000
G01 X-26.76999 Y22.00000
G01 X-26.82852 Y22.00577
G01 X-26.88480 Y22.02284
G01 X-26.93667 Y22.05057
G01 X-26.98211 Y22.08789
G01 X-27.01942 Y22.13335
G01 X-27.04716 Y22.18522
G01 X-27.05922 Y22.22505
G01 X-27.04848 Y22.24143
G01 X-27.05922 Y22.22505
G01 X-28.99074 Y22.22505
G01 X-29.00149 Y22.24143
G01 X-28.99074 Y22.22505
G01 X-29.00283 Y22.18522
G01 X-29.03054 Y22.13335
G01 X-29.06786 Y22.08789
G01 X-29.11332 Y22.05057
G01 X-29.16519 Y22.02284
G01 X-29.22145 Y22.00577
G01 X-29.28000 Y22.00000
G01 X-30.76999 Y22.00000
G01 X-30.82851 Y22.00577
G01 X-30.88479 Y22.02284
G01 X-30.93666 Y22.05057
G01 X-30.98213 Y22.08789
G01 X-31.01944 Y22.13335
G01 X-31.04715 Y22.18522
G01 X-31.05924 Y22.22505
G01 X-31.04852 Y22.24133
G01 X-31.05924 Y22.22505
G01 X-31.75096 Y22.22502
G01 X-31.78304 Y22.22675
G01 X-31.81471 Y22.23188
G01 X-31.86622 Y22.24308
G01 X-31.91395 Y22.25771
G01 X-31.95860 Y22.28006
G01 X-31.99891 Y22.30948
G01 X-32.05172 Y22.35522
G01 X-32.07499 Y22.37963
G01 X-32.12515 Y22.49614
G01 X-32.07499 Y22.37963
G01 X-32.07499 Y22.27501
G01 X-32.07643 Y22.24560
G01 X-32.08124 Y22.19683
G01 X-32.08555 Y22.16772
G01 X-32.09272 Y22.13914
G01 X-32.10694 Y22.09226
G01 X-32.11685 Y22.06454
G01 X-32.12944 Y22.03793
G01 X-32.15253 Y21.99469
G01 X-32.18522 Y21.94580
G01 X-32.21631 Y21.90793
G01 X-32.25789 Y21.86632
G01 X-32.29579 Y21.83523
G01 X-32.31941 Y21.81771
G01 X-32.34468 Y21.80257
G01 X-32.38789 Y21.77946
G01 X-32.44222 Y21.75695
G01 X-32.48913 Y21.74273
G01 X-32.51768 Y21.73559
G01 X-32.54682 Y21.73127
G01 X-32.59559 Y21.72645
G01 X-32.62500 Y21.72502
G01 X-33.92500 Y21.72502
G01 X-33.95438 Y21.72645
G01 X-34.00318 Y21.73127
G01 X-34.03229 Y21.73559
G01 X-34.06084 Y21.74273
G01 X-34.10775 Y21.75695
G01 X-34.16208 Y21.77946
G01 X-34.20531 Y21.80257
G01 X-34.23056 Y21.81771
G01 X-34.25421 Y21.83523
G01 X-34.29208 Y21.86632
G01 X-34.33366 Y21.90793
G01 X-34.36475 Y21.94580
G01 X-34.39744 Y21.99469
G01 X-34.42052 Y22.03793
G01 X-34.43312 Y22.06454
G01 X-34.44303 Y22.09226
G01 X-34.45728 Y22.13914
G01 X-34.46442 Y22.16772
G01 X-34.46873 Y22.19683
G01 X-34.47353 Y22.24560
G01 X-34.47498 Y22.27501
G01 X-34.47498 Y22.38314
G01 X-34.42771 Y22.49863
G01 X-34.47498 Y22.38314
G01 X-34.50523 Y22.34824
G01 X-34.54651 Y22.30889
G01 X-34.59449 Y22.27806
G01 X-34.64740 Y22.25687
G01 X-34.71443 Y22.23719
G01 X-34.75626 Y22.22810
G01 X-34.79898 Y22.22502
G01 X-38.25100 Y22.22502
G01 X-38.28305 Y22.22675
G01 X-38.31473 Y22.23188
G01 X-38.36624 Y22.24308
G01 X-38.41396 Y22.25771
G01 X-38.45862 Y22.28006
G01 X-38.49893 Y22.30948
G01 X-38.55173 Y22.35522
G01 X-38.57497 Y22.37961
G01 X-38.62638 Y22.50534
G01 X-38.57497 Y22.37961
G01 X-38.57500 Y22.27501
G01 X-38.57642 Y22.24560
G01 X-38.58125 Y22.19683
G01 X-38.58557 Y22.16772
G01 X-38.59270 Y22.13914
G01 X-38.60693 Y22.09226
G01 X-38.61686 Y22.06454
G01 X-38.62943 Y22.03793
G01 X-38.65255 Y21.99469
G01 X-38.68521 Y21.94580
G01 X-38.71630 Y21.90793
G01 X-38.75790 Y21.86632
G01 X-38.79578 Y21.83523
G01 X-38.81942 Y21.81771
G01 X-38.84467 Y21.80257
G01 X-38.88790 Y21.77946
G01 X-38.94223 Y21.75695
G01 X-38.98912 Y21.74273
G01 X-39.01770 Y21.73559
G01 X-39.04680 Y21.73127
G01 X-39.09557 Y21.72645
G01 X-39.12499 Y21.72502
G01 X-40.42498 Y21.72502
G01 X-40.45440 Y21.72645
G01 X-40.50316 Y21.73127
G01 X-40.53230 Y21.73559
G01 X-40.56085 Y21.74273
G01 X-40.60774 Y21.75695
G01 X-40.66207 Y21.77946
G01 X-40.70530 Y21.80257
G01 X-40.73054 Y21.81771
G01 X-40.75419 Y21.83523
G01 X-40.79209 Y21.86632
G01 X-40.83367 Y21.90793
G01 X-40.86476 Y21.94580
G01 X-40.89742 Y21.99469
G01 X-40.92054 Y22.03793
G01 X-40.93311 Y22.06454
G01 X-40.94304 Y22.09226
G01 X-40.95727 Y22.13914
G01 X-40.96443 Y22.16772
G01 X-40.96875 Y22.19683
G01 X-40.97355 Y22.24560
G01 X-40.97499 Y22.27501
G01 X-40.97499 Y22.38314
G01 X-40.92770 Y22.49866
G01 X-40.97499 Y22.38314
G01 X-41.00517 Y22.34829
G01 X-41.04647 Y22.30892
G01 X-41.09445 Y22.27806
G01 X-41.14744 Y22.25687
G01 X-41.21449 Y22.23719
G01 X-41.25630 Y22.22810
G01 X-41.29900 Y22.22502
G01 X-41.99074 Y22.22505
G01 X-42.00143 Y22.24128
G01 X-41.99074 Y22.22505
G01 X-42.00283 Y22.18522
G01 X-42.03054 Y22.13335
G01 X-42.06785 Y22.08789
G01 X-42.11332 Y22.05057
G01 X-42.16519 Y22.02284
G01 X-42.22145 Y22.00577
G01 X-42.28000 Y22.00000
G01 X-43.76999 Y22.00000
G01 X-43.82851 Y22.00577
G01 X-43.88479 Y22.02284
G01 X-43.93666 Y22.05057
G01 X-43.98213 Y22.08789
G01 X-44.01944 Y22.13335
G01 X-44.04715 Y22.18522
G01 X-44.05924 Y22.22505
G01 X-44.04847 Y22.24143
G01 X-44.05924 Y22.22505
G01 X-45.99073 Y22.22505
G01 X-46.00150 Y22.24143
G01 X-45.99073 Y22.22505
G01 X-46.00282 Y22.18522
G01 X-46.03053 Y22.13335
G01 X-46.06785 Y22.08789
G01 X-46.11331 Y22.05057
G01 X-46.16518 Y22.02284
G01 X-46.22147 Y22.00577
G01 X-46.27999 Y22.00000
G01 X-47.76998 Y22.00000
G01 X-47.82852 Y22.00577
G01 X-47.88479 Y22.02284
G01 X-47.93665 Y22.05057
G01 X-47.98212 Y22.08789
G01 X-48.01943 Y22.13335
G01 X-48.04714 Y22.18522
G01 X-48.05923 Y22.22505
G01 X-48.04851 Y22.24133
G01 X-48.05923 Y22.22505
G01 X-48.75095 Y22.22502
G01 X-48.78303 Y22.22675
G01 X-48.81470 Y22.23188
G01 X-48.86622 Y22.24308
G01 X-48.91394 Y22.25771
G01 X-48.95860 Y22.28006
G01 X-48.99891 Y22.30948
G01 X-49.05171 Y22.35522
G01 X-49.07498 Y22.37963
G01 X-49.12517 Y22.49617
G01 X-49.07498 Y22.37963
G01 X-49.07498 Y22.27501
G01 X-49.07643 Y22.24560
G01 X-49.08123 Y22.19683
G01 X-49.08554 Y22.16772
G01 X-49.09271 Y22.13914
G01 X-49.10693 Y22.09226
G01 X-49.11686 Y22.06454
G01 X-49.12944 Y22.03793
G01 X-49.15255 Y21.99469
G01 X-49.18521 Y21.94580
G01 X-49.21630 Y21.90793
G01 X-49.25788 Y21.86632
G01 X-49.29578 Y21.83523
G01 X-49.31943 Y21.81771
G01 X-49.34468 Y21.80257
G01 X-49.38791 Y21.77946
G01 X-49.44224 Y21.75695
G01 X-49.48913 Y21.74273
G01 X-49.51767 Y21.73559
G01 X-49.54681 Y21.73127
G01 X-49.59558 Y21.72645
G01 X-49.62499 Y21.72502
G01 X-50.92499 Y21.72502
G01 X-50.95440 Y21.72645
G01 X-51.00317 Y21.73127
G01 X-51.03228 Y21.73559
G01 X-51.06085 Y21.74273
G01 X-51.10774 Y21.75695
G01 X-51.16207 Y21.77946
G01 X-51.20530 Y21.80257
G01 X-51.23055 Y21.81771
G01 X-51.25420 Y21.83523
G01 X-51.29209 Y21.86632
G01 X-51.33367 Y21.90793
G01 X-51.36476 Y21.94580
G01 X-51.39743 Y21.99469
G01 X-51.42054 Y22.03793
G01 X-51.43311 Y22.06454
G01 X-51.44305 Y22.09226
G01 X-51.45727 Y22.13914
G01 X-51.46441 Y22.16772
G01 X-51.46875 Y22.19683
G01 X-51.47355 Y22.24560
G01 X-51.47500 Y22.27501
G01 X-51.47500 Y22.38314
G01 X-51.42770 Y22.49866
G01 X-51.47500 Y22.38314
G01 X-51.50517 Y22.34829
G01 X-51.54645 Y22.30892
G01 X-51.59446 Y22.27808
G01 X-51.64739 Y22.25687
G01 X-51.71442 Y22.23719
G01 X-51.75625 Y22.22810
G01 X-51.79898 Y22.22502
G01 X-53.40098 Y22.22502
G01 X-53.43303 Y22.22675
G01 X-53.46471 Y22.23188
G01 X-53.51622 Y22.24308
G01 X-53.56395 Y22.25771
G01 X-53.60860 Y22.28006
G01 X-53.64891 Y22.30948
G01 X-53.70172 Y22.35522
G01 X-53.74109 Y22.39652
G01 X-53.77195 Y22.44450
G01 X-53.79313 Y22.49749
G01 X-53.81281 Y22.56454
G01 X-53.82191 Y22.60635
G01 X-53.82498 Y22.64902
G01 X-53.82498 Y25.35166
G01 X-53.82264 Y25.38887
G01 X-53.81881 Y25.41955
G01 X-53.81094 Y25.45991
G01 X-53.79763 Y25.49880
G01 X-53.77911 Y25.53551
G01 X-53.74345 Y25.59558
G01 X-53.70982 Y25.64160
G01 X-53.66811 Y25.68041
G01 X-53.61980 Y25.71066
G01 X-53.55732 Y25.74196
G01 X-53.50413 Y25.76253
G01 X-53.50286 Y25.76276
G01 X-53.37611 Y25.75801
G01 X-53.50286 Y25.76276
G01 X-53.88312 Y25.96604
G01 X-53.90837 Y25.98117
G01 X-53.93202 Y25.99870
G01 X-54.38663 Y26.37180
G01 X-54.40844 Y26.39156
G01 X-54.42821 Y26.41338
G01 X-54.80131 Y26.86799
G01 X-54.83397 Y26.91688
G01 X-55.11121 Y27.43555
G01 X-55.12379 Y27.46215
G01 X-55.13372 Y27.48988
G01 X-55.30443 Y28.05265
G01 X-55.31591 Y28.11033
G01 X-55.37354 Y28.69560
G01 X-55.37499 Y28.72501
G01 X-55.37499 Y31.72500
G01 X-55.37354 Y31.75442
G01 X-55.31591 Y32.33968
G01 X-55.30443 Y32.39737
G01 X-55.13372 Y32.96015
G01 X-55.12379 Y32.98787
G01 X-55.11121 Y33.01448
G01 X-54.83397 Y33.53315
G01 X-54.81883 Y33.55840
G01 X-54.80131 Y33.58205
G01 X-54.42821 Y34.03666
G01 X-54.38663 Y34.07824
G01 X-53.93202 Y34.45134
G01 X-53.90837 Y34.46886
G01 X-53.88312 Y34.48400
G01 X-53.36445 Y34.76122
G01 X-53.31012 Y34.78372
G01 X-52.74734 Y34.95446
G01 X-52.71879 Y34.96160
G01 X-52.68965 Y34.96592
G01 X-52.10439 Y35.02357
G01 X-52.07500 Y35.02502
G01 X-52.04558 Y35.02357
G01 X-51.46032 Y34.96592
G01 X-51.43118 Y34.96160
G01 X-51.40263 Y34.95446
G01 X-50.83985 Y34.78372
G01 X-50.78552 Y34.76122
G01 X-50.26685 Y34.48400
G01 X-50.24160 Y34.46886
G01 X-50.21795 Y34.45134
G01 X-49.76334 Y34.07824
G01 X-49.74153 Y34.05848
G01 X-49.72176 Y34.03666
G01 X-49.34866 Y33.58205
G01 X-49.31600 Y33.53315
G01 X-49.03878 Y33.01448
G01 X-49.01628 Y32.96015
G01 X-48.93662 Y32.69762
G01 X-48.94242 Y32.69287
G01 X-48.93662 Y32.69762
G01 X-48.69464 Y32.56826
G01 X-48.66939 Y32.55314
G01 X-48.64574 Y32.53559
G01 X-48.26690 Y32.22470
G01 X-48.24508 Y32.20491
G01 X-47.86518 Y31.82503
G01 X-47.86822 Y31.81794
G01 X-47.86518 Y31.82503
G01 X-47.53861 Y31.82503
G01 X-47.50592 Y31.82322
G01 X-47.47902 Y31.82028
G01 X-47.44661 Y31.81492
G01 X-42.99201 Y30.82500
G01 X-42.99208 Y30.82442
G01 X-42.99201 Y30.82500
G01 X-27.14924 Y30.82503
G01 X-27.14609 Y30.81741
G01 X-27.14924 Y30.82503
G01 X-18.27341 Y39.70083
G01 X-18.24964 Y39.72219
G01 X-18.22902 Y39.73883
G01 X-18.19688 Y39.76146
G01 X-18.16206 Y39.77967
G01 X-18.12515 Y39.79319
G01 X-18.05810 Y39.81287
G01 X-18.01629 Y39.82196
G01 X-17.97362 Y39.82504
G01 X-2.14899 Y39.82504
G01 X-2.11691 Y39.82331
G01 X-2.08523 Y39.81818
G01 X-2.03372 Y39.80698
G01 X-1.98597 Y39.79232
G01 X-1.94132 Y39.76997
G01 X-1.90098 Y39.74053
G01 X-1.84817 Y39.69476
G01 X-1.80883 Y39.65349
G01 X-1.77799 Y39.60551
G01 X-1.75681 Y39.55260
G01 X-1.73713 Y39.48557
G01 X-1.72803 Y39.44373
G01 X-1.72496 Y39.40101
G01 X-1.72496 Y37.14902
G01 X-1.72669 Y37.11697
G01 X-1.73034 Y37.09441
G01 X-1.72641 Y37.05443
G01 X-1.72496 Y37.02502
G01 X-1.82496 Y37.02502
G01 X-1.82498 Y31.52500
G01 X-1.82882 Y31.48599
G01 X-1.84022 Y31.44847
G01 X-1.85869 Y31.41390
G01 X-1.88356 Y31.38360
G01 X-1.91388 Y31.35871
G01 X-1.94845 Y31.34024
G01 X-1.98597 Y31.32886
G01 X-2.02498 Y31.32500
G01 X-4.71180 Y31.32500
G01 X-4.71253 Y31.32795
G01 X-4.71180 Y31.32500
G01 X-4.71939 Y31.31939
G01 X-4.73623 Y31.30928
G01 X-4.95233 Y31.19379
G01 X-4.98855 Y31.17878
G01 X-5.22305 Y31.10766
G01 X-5.26150 Y31.09999
G01 X-5.50537 Y31.07598
G01 X-5.52498 Y31.07502
G01 X-8.52500 Y31.07502
G01 X-8.54458 Y31.07598
G01 X-8.78844 Y31.09999
G01 X-8.82690 Y31.10766
G01 X-9.06139 Y31.17878
G01 X-9.09761 Y31.19379
G01 X-9.31372 Y31.30928
G01 X-9.33726 Y31.32503
G01 X-9.33653 Y31.32798
G01 X-9.33726 Y31.32503
G01 X-12.02499 Y31.32500
G01 X-12.05971 Y31.32805
G01 X-12.09339 Y31.33707
G01 X-12.12499 Y31.35180
G01 X-12.15354 Y31.37182
G01 X-12.17820 Y31.39645
G01 X-12.19819 Y31.42500
G01 X-12.21292 Y31.45660
G01 X-12.22194 Y31.49028
G01 X-12.22499 Y31.52500
G01 X-12.22499 Y32.07504
G01 X-12.19603 Y32.10415
G01 X-12.22499 Y32.07504
G01 X-12.33639 Y32.07504
G01 X-12.34930 Y32.09333
G01 X-12.33639 Y32.07504
G01 X-12.34074 Y32.05500
G01 X-12.35052 Y32.02317
G01 X-12.36540 Y31.99340
G01 X-12.38503 Y31.96651
G01 X-12.43080 Y31.91370
G01 X-12.45834 Y31.88749
G01 X-12.49032 Y31.86694
G01 X-12.52560 Y31.85282
G01 X-12.59263 Y31.83313
G01 X-12.62052 Y31.82706
G01 X-12.64899 Y31.82500
G01 X-15.94213 Y31.82500
G01 X-15.94528 Y31.83262
G01 X-15.94213 Y31.82500
G01 X-19.43132 Y28.33583
G01 X-19.43831 Y28.33885
G01 X-19.43132 Y28.33583
G01 X-19.42950 Y28.31742
G01 X-19.42950 Y28.27820
G01 X-19.43430 Y28.22943
G01 X-19.43719 Y28.21002
G01 X-19.44197 Y28.19097
G01 X-19.45619 Y28.14409
G01 X-19.46279 Y28.12559
G01 X-19.47118 Y28.10786
G01 X-19.49429 Y28.06463
G01 X-19.51606 Y28.03205
G01 X-19.54717 Y27.99415
G01 X-19.56033 Y27.97960
G01 X-20.47958 Y27.06037
G01 X-20.49414 Y27.04719
G01 X-20.53201 Y27.01610
G01 X-20.54778 Y27.00441
G01 X-20.56460 Y26.99430
G01 X-20.60783 Y26.97122
G01 X-20.62558 Y26.96281
G01 X-20.64405 Y26.95620
G01 X-20.69096 Y26.94198
G01 X-20.72939 Y26.93433
G01 X-20.77818 Y26.92953
G01 X-20.79777 Y26.92857
G01 X-20.81738 Y26.92953
G01 X-20.83582 Y26.93134
G01 X-20.83884 Y26.93835
G01 X-20.83582 Y26.93134
G01 X-21.32497 Y26.44218
G01 X-21.33259 Y26.44533
G01 X-21.32497 Y26.44218
G01 X-21.32497 Y26.00830
G01 X-21.32604 Y25.98788
G01 X-21.32916 Y25.96766
G01 X-21.33942 Y25.91823
G01 X-21.34867 Y25.88686
G01 X-21.36289 Y25.85742
G01 X-21.38174 Y25.83068
G01 X-21.42652 Y25.77706
G01 X-21.45352 Y25.75034
G01 X-21.48509 Y25.72923
G01 X-21.52009 Y25.71445
G01 X-21.58674 Y25.69352
G01 X-21.62395 Y25.68562
G01 X-21.66198 Y25.68493
G01 X-21.67496 Y25.68717
G01 X-21.70175 Y25.71211
G01 X-21.67496 Y25.68717
G01 X-21.67498 Y22.27501
G01 X-21.67595 Y22.25540
G01 X-21.68075 Y22.20663
G01 X-21.68364 Y22.18723
G01 X-21.68839 Y22.16818
G01 X-21.70262 Y22.12129
G01 X-21.70925 Y22.10280
G01 X-21.71763 Y22.08507
G01 X-21.74074 Y22.04184
G01 X-21.76251 Y22.00925
G01 X-21.79360 Y21.97135
G01 X-21.82134 Y21.94364
G01 X-21.85921 Y21.91255
G01 X-21.87498 Y21.90084
G01 X-21.89182 Y21.89076
G01 X-21.93503 Y21.86767
G01 X-21.97125 Y21.85266
G01 X-22.01816 Y21.83843
G01 X-22.03719 Y21.83366
G01 X-22.05662 Y21.83079
G01 X-22.10539 Y21.82599
G01 X-22.12499 Y21.82502
G01 X-23.42499 Y21.82502
G01 X-23.44460 Y21.82599
G01 X-23.49337 Y21.83079
G01 X-23.51277 Y21.83366
G01 X-23.53182 Y21.83843
G01 X-23.57871 Y21.85266
G01 X-23.61493 Y21.86767
G01 X-23.65816 Y21.89076
G01 X-23.67500 Y21.90084
G01 X-23.69075 Y21.91255
G01 X-23.72865 Y21.94364
G01 X-23.75636 Y21.97135
G01 X-23.78745 Y22.00925
G01 X-23.80924 Y22.04184
G01 X-23.83233 Y22.08507
G01 X-23.84074 Y22.10280
G01 X-23.84734 Y22.12129
G01 X-23.86157 Y22.16818
G01 X-23.86634 Y22.18723
G01 X-23.86921 Y22.20663
G01 X-23.87401 Y22.25540
G01 X-23.87498 Y22.27501
G01 X-23.87498 Y22.67501
G01 X-23.84584 Y22.70422
G01 X-23.87498 Y22.67501
G01 X-23.97495 Y22.67503
G01 X-23.99672 Y22.69985
G01 X-23.97495 Y22.67503
G01 X-23.97495 Y22.64902
G01 X-23.97612 Y22.62761
G01 X-23.97955 Y22.60645
G01 X-23.99078 Y22.55494
G01 X-24.00053 Y22.52314
G01 X-24.01541 Y22.49342
G01 X-24.03502 Y22.46658
G01 X-24.08077 Y22.41377
G01 X-24.10828 Y22.38753
G01 X-24.14028 Y22.36696
G01 X-24.17559 Y22.35283
G01 X-24.24262 Y22.33315
G01 X-24.27051 Y22.32708
G01 X-24.29898 Y22.32502
G01 X-25.07998 Y22.32505
G01 X-25.10561 Y22.35225
G01 X-25.07998 Y22.32505
G01 X-25.07998 Y22.30000
G01 X-25.08384 Y22.26099
G01 X-25.09522 Y22.22347
G01 X-25.11369 Y22.18890
G01 X-25.13858 Y22.15860
G01 X-25.16888 Y22.13371
G01 X-25.20345 Y22.11524
G01 X-25.24096 Y22.10386
G01 X-25.27998 Y22.10000
G01 X-26.76999 Y22.10000
G01 X-26.80901 Y22.10386
G01 X-26.84652 Y22.11524
G01 X-26.88109 Y22.13371
G01 X-26.91142 Y22.15860
G01 X-26.93629 Y22.18890
G01 X-26.95475 Y22.22347
G01 X-26.96613 Y22.26099
G01 X-26.96999 Y22.30000
G01 X-26.96999 Y22.32505
G01 X-26.94436 Y22.35225
G01 X-26.96999 Y22.32505
G01 X-29.08000 Y22.32505
G01 X-29.10560 Y22.35225
G01 X-29.08000 Y22.32505
G01 X-29.08000 Y22.30000
G01 X-29.08383 Y22.26099
G01 X-29.09521 Y22.22347
G01 X-29.11370 Y22.18890
G01 X-29.13857 Y22.15860
G01 X-29.16887 Y22.13371
G01 X-29.20344 Y22.11524
G01 X-29.24096 Y22.10386
G01 X-29.28000 Y22.10000
G01 X-30.76999 Y22.10000
G01 X-30.80900 Y22.10386
G01 X-30.84652 Y22.11524
G01 X-30.88111 Y22.13371
G01 X-30.91141 Y22.15860
G01 X-30.93628 Y22.18890
G01 X-30.95477 Y22.22347
G01 X-30.96615 Y22.26099
G01 X-30.96999 Y22.30000
G01 X-30.96999 Y22.32505
G01 X-30.94913 Y22.34928
G01 X-30.96999 Y22.32505
G01 X-31.75096 Y22.32502
G01 X-31.77235 Y22.32619
G01 X-31.79348 Y22.32959
G01 X-31.84499 Y22.34080
G01 X-31.87679 Y22.35055
G01 X-31.90656 Y22.36546
G01 X-31.93343 Y22.38507
G01 X-31.98624 Y22.43081
G01 X-32.01250 Y22.45835
G01 X-32.03305 Y22.49032
G01 X-32.04720 Y22.52566
G01 X-32.06688 Y22.59271
G01 X-32.07293 Y22.62058
G01 X-32.07499 Y22.64902
G01 X-32.07499 Y22.67503
G01 X-32.05149 Y22.70094
G01 X-32.07499 Y22.67503
G01 X-32.17499 Y22.67501
G01 X-32.20412 Y22.70422
G01 X-32.17499 Y22.67501
G01 X-32.17499 Y22.27501
G01 X-32.17595 Y22.25540
G01 X-32.18075 Y22.20663
G01 X-32.18362 Y22.18723
G01 X-32.18840 Y22.16818
G01 X-32.20262 Y22.12129
G01 X-32.20925 Y22.10280
G01 X-32.21763 Y22.08507
G01 X-32.24075 Y22.04184
G01 X-32.26252 Y22.00925
G01 X-32.29360 Y21.97135
G01 X-32.32134 Y21.94364
G01 X-32.35921 Y21.91255
G01 X-32.37499 Y21.90084
G01 X-32.39183 Y21.89076
G01 X-32.43503 Y21.86767
G01 X-32.47125 Y21.85266
G01 X-32.51817 Y21.83843
G01 X-32.53719 Y21.83366
G01 X-32.55662 Y21.83079
G01 X-32.60539 Y21.82599
G01 X-32.62500 Y21.82502
G01 X-33.92500 Y21.82502
G01 X-33.94458 Y21.82599
G01 X-33.99337 Y21.83079
G01 X-34.01278 Y21.83366
G01 X-34.03183 Y21.83843
G01 X-34.07872 Y21.85266
G01 X-34.11494 Y21.86767
G01 X-34.15817 Y21.89076
G01 X-34.17498 Y21.90084
G01 X-34.19076 Y21.91255
G01 X-34.22865 Y21.94364
G01 X-34.25636 Y21.97135
G01 X-34.28745 Y22.00925
G01 X-34.30925 Y22.04184
G01 X-34.33234 Y22.08507
G01 X-34.34074 Y22.10280
G01 X-34.34735 Y22.12129
G01 X-34.36157 Y22.16818
G01 X-34.36635 Y22.18723
G01 X-34.36922 Y22.20663
G01 X-34.37402 Y22.25540
G01 X-34.37498 Y22.27501
G01 X-34.37498 Y22.67501
G01 X-34.34585 Y22.70422
G01 X-34.37498 Y22.67501
G01 X-34.47496 Y22.67503
G01 X-34.49675 Y22.69985
G01 X-34.47496 Y22.67503
G01 X-34.47496 Y22.64902
G01 X-34.47613 Y22.62766
G01 X-34.47953 Y22.60653
G01 X-34.49073 Y22.55502
G01 X-34.50051 Y22.52319
G01 X-34.51539 Y22.49342
G01 X-34.53503 Y22.46653
G01 X-34.58080 Y22.41372
G01 X-34.60833 Y22.38751
G01 X-34.64031 Y22.36696
G01 X-34.67559 Y22.35283
G01 X-34.74262 Y22.33315
G01 X-34.77051 Y22.32708
G01 X-34.79898 Y22.32502
G01 X-38.25100 Y22.32502
G01 X-38.27236 Y22.32619
G01 X-38.29349 Y22.32959
G01 X-38.34500 Y22.34080
G01 X-38.37680 Y22.35055
G01 X-38.40657 Y22.36546
G01 X-38.43345 Y22.38507
G01 X-38.48625 Y22.43081
G01 X-38.51252 Y22.45835
G01 X-38.53306 Y22.49032
G01 X-38.54721 Y22.52566
G01 X-38.56690 Y22.59271
G01 X-38.57294 Y22.62058
G01 X-38.57500 Y22.64902
G01 X-38.57500 Y22.67503
G01 X-38.55150 Y22.70094
G01 X-38.57500 Y22.67503
G01 X-38.67500 Y22.67501
G01 X-38.70413 Y22.70422
G01 X-38.67500 Y22.67501
G01 X-38.67500 Y22.27501
G01 X-38.67594 Y22.25540
G01 X-38.68076 Y22.20663
G01 X-38.68364 Y22.18723
G01 X-38.68841 Y22.16818
G01 X-38.70263 Y22.12129
G01 X-38.70924 Y22.10280
G01 X-38.71765 Y22.08507
G01 X-38.74073 Y22.04184
G01 X-38.76253 Y22.00925
G01 X-38.79362 Y21.97135
G01 X-38.82133 Y21.94364
G01 X-38.85923 Y21.91255
G01 X-38.87497 Y21.90084
G01 X-38.89181 Y21.89076
G01 X-38.93504 Y21.86767
G01 X-38.97126 Y21.85266
G01 X-39.01815 Y21.83843
G01 X-39.03720 Y21.83366
G01 X-39.05661 Y21.83079
G01 X-39.10538 Y21.82599
G01 X-39.12499 Y21.82502
G01 X-40.42498 Y21.82502
G01 X-40.44459 Y21.82599
G01 X-40.49336 Y21.83079
G01 X-40.51277 Y21.83366
G01 X-40.53182 Y21.83843
G01 X-40.57870 Y21.85266
G01 X-40.61495 Y21.86767
G01 X-40.65815 Y21.89076
G01 X-40.67500 Y21.90084
G01 X-40.69077 Y21.91255
G01 X-40.72864 Y21.94364
G01 X-40.75638 Y21.97135
G01 X-40.78747 Y22.00925
G01 X-40.80923 Y22.04184
G01 X-40.83235 Y22.08507
G01 X-40.84073 Y22.10280
G01 X-40.84733 Y22.12129
G01 X-40.86158 Y22.16818
G01 X-40.86633 Y22.18723
G01 X-40.86923 Y22.20663
G01 X-40.87403 Y22.25540
G01 X-40.87499 Y22.27501
G01 X-40.87499 Y22.67501
G01 X-40.84584 Y22.70422
G01 X-40.87499 Y22.67501
G01 X-40.97497 Y22.67503
G01 X-40.99676 Y22.69985
G01 X-40.97497 Y22.67503
G01 X-40.97497 Y22.64902
G01 X-40.97614 Y22.62766
G01 X-40.97954 Y22.60653
G01 X-40.99074 Y22.55502
G01 X-41.00050 Y22.52322
G01 X-41.01541 Y22.49345
G01 X-41.03501 Y22.46658
G01 X-41.08076 Y22.41377
G01 X-41.10829 Y22.38751
G01 X-41.14027 Y22.36696
G01 X-41.17560 Y22.35281
G01 X-41.24266 Y22.33312
G01 X-41.27052 Y22.32708
G01 X-41.29900 Y22.32502
G01 X-42.08000 Y22.32505
G01 X-42.10085 Y22.34928
G01 X-42.08000 Y22.32505
G01 X-42.08000 Y22.30000
G01 X-42.08383 Y22.26099
G01 X-42.09521 Y22.22347
G01 X-42.11370 Y22.18890
G01 X-42.13857 Y22.15860
G01 X-42.16887 Y22.13371
G01 X-42.20344 Y22.11524
G01 X-42.24098 Y22.10386
G01 X-42.28000 Y22.10000
G01 X-43.76999 Y22.10000
G01 X-43.80900 Y22.10386
G01 X-43.84652 Y22.11524
G01 X-43.88111 Y22.13371
G01 X-43.91141 Y22.15860
G01 X-43.93628 Y22.18890
G01 X-43.95477 Y22.22347
G01 X-43.96615 Y22.26099
G01 X-43.96998 Y22.30000
G01 X-43.96998 Y22.32505
G01 X-43.94436 Y22.35225
G01 X-43.96998 Y22.32505
G01 X-46.07999 Y22.32505
G01 X-46.10562 Y22.35225
G01 X-46.07999 Y22.32505
G01 X-46.07999 Y22.30000
G01 X-46.08382 Y22.26099
G01 X-46.09520 Y22.22347
G01 X-46.11369 Y22.18890
G01 X-46.13856 Y22.15860
G01 X-46.16886 Y22.13371
G01 X-46.20346 Y22.11524
G01 X-46.24097 Y22.10386
G01 X-46.27999 Y22.10000
G01 X-47.76998 Y22.10000
G01 X-47.80902 Y22.10386
G01 X-47.84653 Y22.11524
G01 X-47.88110 Y22.13371
G01 X-47.91140 Y22.15860
G01 X-47.93627 Y22.18890
G01 X-47.95476 Y22.22347
G01 X-47.96614 Y22.26099
G01 X-47.96998 Y22.30000
G01 X-47.96998 Y22.32505
G01 X-47.94912 Y22.34928
G01 X-47.96998 Y22.32505
G01 X-48.75095 Y22.32502
G01 X-48.77234 Y22.32619
G01 X-48.79347 Y22.32959
G01 X-48.84498 Y22.34080
G01 X-48.87678 Y22.35055
G01 X-48.90655 Y22.36546
G01 X-48.93342 Y22.38507
G01 X-48.98623 Y22.43081
G01 X-49.01249 Y22.45835
G01 X-49.03304 Y22.49032
G01 X-49.04719 Y22.52566
G01 X-49.06688 Y22.59271
G01 X-49.07292 Y22.62058
G01 X-49.07498 Y22.64902
G01 X-49.07498 Y22.67503
G01 X-49.05148 Y22.70094
G01 X-49.07498 Y22.67503
G01 X-49.17498 Y22.67501
G01 X-49.20414 Y22.70422
G01 X-49.17498 Y22.67501
G01 X-49.17498 Y22.27501
G01 X-49.17594 Y22.25540
G01 X-49.18074 Y22.20663
G01 X-49.18364 Y22.18723
G01 X-49.18841 Y22.16818
G01 X-49.20264 Y22.12129
G01 X-49.20924 Y22.10280
G01 X-49.21762 Y22.08507
G01 X-49.24074 Y22.04184
G01 X-49.26251 Y22.00925
G01 X-49.29360 Y21.97135
G01 X-49.32133 Y21.94364
G01 X-49.35920 Y21.91255
G01 X-49.37498 Y21.90084
G01 X-49.39182 Y21.89076
G01 X-49.43505 Y21.86767
G01 X-49.47127 Y21.85266
G01 X-49.51816 Y21.83843
G01 X-49.53721 Y21.83366
G01 X-49.55661 Y21.83079
G01 X-49.60538 Y21.82599
G01 X-49.62499 Y21.82502
G01 X-50.92499 Y21.82502
G01 X-50.94460 Y21.82599
G01 X-50.99336 Y21.83079
G01 X-51.01277 Y21.83366
G01 X-51.03182 Y21.83843
G01 X-51.07871 Y21.85266
G01 X-51.11493 Y21.86767
G01 X-51.15816 Y21.89076
G01 X-51.17500 Y21.90084
G01 X-51.19075 Y21.91255
G01 X-51.22864 Y21.94364
G01 X-51.25636 Y21.97135
G01 X-51.28745 Y22.00925
G01 X-51.30924 Y22.04184
G01 X-51.33235 Y22.08507
G01 X-51.34073 Y22.10280
G01 X-51.34734 Y22.12129
G01 X-51.36156 Y22.16818
G01 X-51.36634 Y22.18723
G01 X-51.36921 Y22.20663
G01 X-51.37403 Y22.25540
G01 X-51.37500 Y22.27501
G01 X-51.37497 Y22.67501
G01 X-51.34584 Y22.70422
G01 X-51.37497 Y22.67501
G01 X-51.47497 Y22.67503
G01 X-51.49677 Y22.69985
G01 X-51.47497 Y22.67503
G01 X-51.47497 Y22.64902
G01 X-51.47614 Y22.62766
G01 X-51.47955 Y22.60653
G01 X-51.49075 Y22.55502
G01 X-51.50050 Y22.52322
G01 X-51.51541 Y22.49345
G01 X-51.53502 Y22.46658
G01 X-51.58076 Y22.41377
G01 X-51.60827 Y22.38753
G01 X-51.64028 Y22.36696
G01 X-51.67558 Y22.35283
G01 X-51.74261 Y22.33315
G01 X-51.77050 Y22.32708
G01 X-51.79898 Y22.32502
G01 X-53.40098 Y22.32502
G01 X-53.42234 Y22.32619
G01 X-53.44347 Y22.32959
G01 X-53.49498 Y22.34080
G01 X-53.52679 Y22.35055
G01 X-53.55655 Y22.36546
G01 X-53.58343 Y22.38507
G01 X-53.63623 Y22.43081
G01 X-53.66250 Y22.45835
G01 X-53.68305 Y22.49032
G01 X-53.69719 Y22.52566
G01 X-53.71688 Y22.59271
G01 X-53.72292 Y22.62058
G01 X-53.72498 Y22.64902
G01 X-53.72498 Y25.35166
G01 X-53.72343 Y25.37648
G01 X-53.71960 Y25.40716
G01 X-53.71434 Y25.43406
G01 X-53.70545 Y25.45999
G01 X-53.69310 Y25.48445
G01 X-53.65744 Y25.54452
G01 X-53.63504 Y25.57521
G01 X-53.60723 Y25.60109
G01 X-53.57502 Y25.62126
G01 X-53.51254 Y25.65255
G01 X-53.47708 Y25.66626
G01 X-53.43964 Y25.67302
G01 X-53.40161 Y25.67256
G01 X-53.33215 Y25.66510
G01 X-53.30403 Y25.66004
G01 X-53.27695 Y25.65100
G01 X-53.27497 Y25.65019
G01 X-53.24065 Y25.61079
G01 X-53.27497 Y25.65019
G01 X-53.27497 Y25.76014
G01 X-53.26059 Y25.76883
G01 X-53.27497 Y25.76014
G01 X-53.28109 Y25.76200
G01 X-53.31731 Y25.77698
G01 X-53.83598 Y26.05422
G01 X-53.85282 Y26.06431
G01 X-53.86857 Y26.07599
G01 X-54.32318 Y26.44909
G01 X-54.33773 Y26.46228
G01 X-54.35091 Y26.47680
G01 X-54.72399 Y26.93141
G01 X-54.74578 Y26.96403
G01 X-55.02300 Y27.48269
G01 X-55.03141 Y27.50042
G01 X-55.03801 Y27.51892
G01 X-55.20872 Y28.08168
G01 X-55.21350 Y28.10073
G01 X-55.21637 Y28.12013
G01 X-55.27403 Y28.70540
G01 X-55.27499 Y28.72501
G01 X-55.27499 Y31.72500
G01 X-55.27403 Y31.74461
G01 X-55.21637 Y32.32988
G01 X-55.21350 Y32.34931
G01 X-55.20872 Y32.36833
G01 X-55.03801 Y32.93112
G01 X-55.02300 Y32.96734
G01 X-54.74578 Y33.48601
G01 X-54.73570 Y33.50283
G01 X-54.72399 Y33.51860
G01 X-54.35091 Y33.97321
G01 X-54.32318 Y34.00094
G01 X-53.86857 Y34.37402
G01 X-53.85282 Y34.38570
G01 X-53.83598 Y34.39581
G01 X-53.31731 Y34.67303
G01 X-53.28109 Y34.68804
G01 X-52.71830 Y34.85875
G01 X-52.67987 Y34.86640
G01 X-52.09458 Y34.92406
G01 X-52.07500 Y34.92502
G01 X-52.05539 Y34.92406
G01 X-51.47012 Y34.86640
G01 X-51.43167 Y34.85875
G01 X-50.86888 Y34.68804
G01 X-50.83266 Y34.67303
G01 X-50.31399 Y34.39581
G01 X-50.29715 Y34.38570
G01 X-50.28140 Y34.37402
G01 X-49.82679 Y34.00094
G01 X-49.81224 Y33.98776
G01 X-49.79906 Y33.97321
G01 X-49.42598 Y33.51860
G01 X-49.40419 Y33.48601
G01 X-49.12697 Y32.96734
G01 X-49.11196 Y32.93112
G01 X-49.02029 Y32.62896
G01 X-49.02629 Y32.62404
G01 X-49.02029 Y32.62896
G01 X-48.74178 Y32.48007
G01 X-48.72494 Y32.46998
G01 X-48.70917 Y32.45830
G01 X-48.33033 Y32.14738
G01 X-48.31580 Y32.13420
G01 X-47.90660 Y31.72503
G01 X-47.90968 Y31.71779
G01 X-47.90660 Y31.72503
G01 X-47.53861 Y31.72503
G01 X-47.51682 Y31.72383
G01 X-47.48992 Y31.72089
G01 X-47.46830 Y31.71731
G01 X-43.00301 Y30.72503
G01 X-43.00308 Y30.72442
G01 X-43.00301 Y30.72503
G01 X-27.10781 Y30.72503
G01 X-27.10466 Y30.71741
G01 X-27.10781 Y30.72503
G01 X-18.20270 Y39.63012
G01 X-18.18685 Y39.64437
G01 X-18.16623 Y39.66100
G01 X-18.14481 Y39.67609
G01 X-18.12160 Y39.68823
G01 X-18.09699 Y39.69725
G01 X-18.02993 Y39.71693
G01 X-18.00207 Y39.72298
G01 X-17.97362 Y39.72504
G01 X-2.14899 Y39.72504
G01 X-2.12760 Y39.72387
G01 X-2.10647 Y39.72047
G01 X-2.05496 Y39.70926
G01 X-2.02313 Y39.69949
G01 X-1.99336 Y39.68460
G01 X-1.96646 Y39.66497
G01 X-1.91366 Y39.61920
G01 X-1.88744 Y39.59166
G01 X-1.86689 Y39.55968
G01 X-1.85277 Y39.52440
G01 X-1.83309 Y39.45737
G01 X-1.82702 Y39.42948
G01 X-1.82496 Y39.40101
G01 X-1.82496 Y37.14902
G01 X-1.82613 Y37.12766
G01 X-1.82953 Y37.10653
G01 X-1.83126 Y37.09865
G01 X-1.82592 Y37.04463
G01 X-1.82496 Y37.02502
G01 X-1.92496 Y37.02502
G01 X-1.92544 Y37.03482
G01 X-1.93230 Y37.10455
G01 X-1.92724 Y37.12779
G01 X-1.92554 Y37.13835
G01 X-1.92496 Y37.14902
G01 X-1.92496 Y39.40101
G01 X-1.92600 Y39.41526
G01 X-1.92902 Y39.42920
G01 X-1.94871 Y39.49623
G01 X-1.95577 Y39.51386
G01 X-1.96606 Y39.52986
G01 X-1.97916 Y39.54363
G01 X-2.03197 Y39.58940
G01 X-2.04541 Y39.59921
G01 X-2.06029 Y39.60665
G01 X-2.07622 Y39.61155
G01 X-2.12773 Y39.62275
G01 X-2.13829 Y39.62445
G01 X-2.14899 Y39.62504
G01 X-17.97362 Y39.62504
G01 X-17.98784 Y39.62400
G01 X-18.00176 Y39.62097
G01 X-18.06882 Y39.60129
G01 X-18.08114 Y39.59679
G01 X-18.09274 Y39.59072
G01 X-18.10344 Y39.58318
G01 X-18.12406 Y39.56654
G01 X-18.13199 Y39.55940
G01 X-27.06639 Y30.62500
G01 X-43.01398 Y30.62500
G01 X-47.48999 Y31.61969
G01 X-47.50081 Y31.62147
G01 X-47.52771 Y31.62442
G01 X-47.53861 Y31.62503
G01 X-47.94801 Y31.62503
G01 X-48.38649 Y32.06351
G01 X-48.39378 Y32.07009
G01 X-48.77262 Y32.38098
G01 X-48.78890 Y32.39188
G01 X-49.10396 Y32.56028
G01 X-49.20764 Y32.90209
G01 X-49.21516 Y32.92020
G01 X-49.49238 Y33.43887
G01 X-49.49743 Y33.44728
G01 X-49.50327 Y33.45517
G01 X-49.87637 Y33.90978
G01 X-49.88295 Y33.91705
G01 X-49.89022 Y33.92363
G01 X-50.34483 Y34.29673
G01 X-50.36113 Y34.30762
G01 X-50.87980 Y34.58484
G01 X-50.89791 Y34.59236
G01 X-51.46070 Y34.76307
G01 X-51.47020 Y34.76546
G01 X-51.47993 Y34.76688
G01 X-52.06519 Y34.82454
G01 X-52.08478 Y34.82454
G01 X-52.67007 Y34.76688
G01 X-52.67977 Y34.76546
G01 X-52.68930 Y34.76307
G01 X-53.25206 Y34.59236
G01 X-53.27017 Y34.58484
G01 X-53.78884 Y34.30762
G01 X-53.80514 Y34.29673
G01 X-54.25975 Y33.92363
G01 X-54.26702 Y33.91705
G01 X-54.27360 Y33.90978
G01 X-54.64670 Y33.45517
G01 X-54.65254 Y33.44728
G01 X-54.65759 Y33.43887
G01 X-54.93481 Y32.92020
G01 X-54.94233 Y32.90209
G01 X-55.11304 Y32.33930
G01 X-55.11685 Y32.32007
G01 X-55.17451 Y31.73481
G01 X-55.17499 Y31.72500
G01 X-55.17499 Y28.72501
G01 X-55.17451 Y28.71520
G01 X-55.11685 Y28.12994
G01 X-55.11304 Y28.11071
G01 X-54.94233 Y27.54792
G01 X-54.93481 Y27.52981
G01 X-54.65759 Y27.01117
G01 X-54.65254 Y27.00274
G01 X-54.64670 Y26.99486
G01 X-54.27360 Y26.54025
G01 X-54.26702 Y26.53299
G01 X-54.25975 Y26.52638
G01 X-53.80514 Y26.15331
G01 X-53.78884 Y26.14241
G01 X-53.27017 Y25.86517
G01 X-53.25206 Y25.85768
G01 X-53.17497 Y25.83429
G01 X-53.17497 Y25.50571
G01 X-53.22181 Y25.51991
G01 X-53.31523 Y25.55862
G01 X-53.32877 Y25.56314
G01 X-53.34284 Y25.56568
G01 X-53.41231 Y25.57315
G01 X-53.43131 Y25.57338
G01 X-53.45003 Y25.57000
G01 X-53.46776 Y25.56314
G01 X-53.53024 Y25.53185
G01 X-53.54634 Y25.52176
G01 X-53.56026 Y25.50881
G01 X-53.57146 Y25.49347
G01 X-53.60713 Y25.43340
G01 X-53.61330 Y25.42118
G01 X-53.61774 Y25.40820
G01 X-53.62036 Y25.39476
G01 X-53.62419 Y25.36408
G01 X-53.62498 Y25.35166
G01 X-53.62498 Y22.64902
G01 X-53.62394 Y22.63480
G01 X-53.62092 Y22.62088
G01 X-53.60123 Y22.55382
G01 X-53.59417 Y22.53615
G01 X-53.58388 Y22.52017
G01 X-53.57075 Y22.50640
G01 X-53.51795 Y22.46066
G01 X-53.50451 Y22.45085
G01 X-53.48963 Y22.44339
G01 X-53.47372 Y22.43851
G01 X-53.42221 Y22.42731
G01 X-53.41165 Y22.42561
G01 X-53.40098 Y22.42502
G01 X-51.79898 Y22.42502
G01 X-51.78473 Y22.42606
G01 X-51.77078 Y22.42909
G01 X-51.70375 Y22.44877
G01 X-51.68610 Y22.45583
G01 X-51.67010 Y22.46612
G01 X-51.65635 Y22.47925
G01 X-51.61061 Y22.53206
G01 X-51.60081 Y22.54549
G01 X-51.59334 Y22.56038
G01 X-51.58846 Y22.57628
G01 X-51.57726 Y22.62779
G01 X-51.57556 Y22.63836
G01 X-51.57497 Y22.64902
G01 X-51.57497 Y22.77503
G01 X-51.27497 Y22.77501
G01 X-51.27500 Y22.27501
G01 X-51.27452 Y22.26520
G01 X-51.26969 Y22.21644
G01 X-51.26827 Y22.20673
G01 X-51.26588 Y22.19721
G01 X-51.25166 Y22.15032
G01 X-51.24835 Y22.14107
G01 X-51.24414 Y22.13221
G01 X-51.22105 Y22.08898
G01 X-51.21015 Y22.07267
G01 X-51.17906 Y22.03480
G01 X-51.16520 Y22.02093
G01 X-51.12732 Y21.98984
G01 X-51.11942 Y21.98400
G01 X-51.11102 Y21.97895
G01 X-51.06779 Y21.95586
G01 X-51.04968 Y21.94834
G01 X-51.00279 Y21.93412
G01 X-50.99326 Y21.93173
G01 X-50.98356 Y21.93031
G01 X-50.93479 Y21.92551
G01 X-50.92499 Y21.92502
G01 X-49.62499 Y21.92502
G01 X-49.61519 Y21.92551
G01 X-49.56642 Y21.93031
G01 X-49.55671 Y21.93173
G01 X-49.54719 Y21.93412
G01 X-49.50028 Y21.94834
G01 X-49.48217 Y21.95586
G01 X-49.43896 Y21.97895
G01 X-49.43053 Y21.98400
G01 X-49.42265 Y21.98984
G01 X-49.38478 Y22.02093
G01 X-49.37091 Y22.03480
G01 X-49.33982 Y22.07267
G01 X-49.32893 Y22.08898
G01 X-49.30581 Y22.13221
G01 X-49.30162 Y22.14107
G01 X-49.29832 Y22.15032
G01 X-49.28410 Y22.19721
G01 X-49.28171 Y22.20673
G01 X-49.28026 Y22.21644
G01 X-49.27546 Y22.26520
G01 X-49.27498 Y22.27501
G01 X-49.27500 Y22.77501
G01 X-48.97498 Y22.77503
G01 X-48.97498 Y22.64902
G01 X-48.97394 Y22.63480
G01 X-48.97091 Y22.62088
G01 X-48.95123 Y22.55382
G01 X-48.94417 Y22.53615
G01 X-48.93388 Y22.52017
G01 X-48.92075 Y22.50640
G01 X-48.86794 Y22.46066
G01 X-48.85451 Y22.45085
G01 X-48.83962 Y22.44339
G01 X-48.82372 Y22.43851
G01 X-48.77221 Y22.42731
G01 X-48.76164 Y22.42561
G01 X-48.75095 Y22.42502
G01 X-47.86998 Y22.42502
G01 X-47.86998 Y22.30000
G01 X-47.86807 Y22.28050
G01 X-47.86238 Y22.26175
G01 X-47.85314 Y22.24445
G01 X-47.84069 Y22.22931
G01 X-47.82555 Y22.21687
G01 X-47.80825 Y22.20762
G01 X-47.78948 Y22.20193
G01 X-47.76998 Y22.20000
G01 X-46.27999 Y22.20000
G01 X-46.26048 Y22.20193
G01 X-46.24171 Y22.20762
G01 X-46.22444 Y22.21687
G01 X-46.20927 Y22.22931
G01 X-46.19683 Y22.24445
G01 X-46.18761 Y22.26175
G01 X-46.18192 Y22.28050
G01 X-46.17999 Y22.30000
G01 X-46.17999 Y22.42502
G01 X-43.86998 Y22.42505
G01 X-43.86998 Y22.30000
G01 X-43.86805 Y22.28050
G01 X-43.86236 Y22.26175
G01 X-43.85314 Y22.24445
G01 X-43.84070 Y22.22931
G01 X-43.82553 Y22.21687
G01 X-43.80826 Y22.20762
G01 X-43.78949 Y22.20193
G01 X-43.76999 Y22.20000
G01 X-42.28000 Y22.20000
G01 X-42.26049 Y22.20193
G01 X-42.24172 Y22.20762
G01 X-42.22442 Y22.21687
G01 X-42.20928 Y22.22931
G01 X-42.19684 Y22.24445
G01 X-42.18759 Y22.26175
G01 X-42.18190 Y22.28050
G01 X-42.18000 Y22.30000
G01 X-42.18000 Y22.42505
G01 X-41.29900 Y22.42502
G01 X-41.28475 Y22.42606
G01 X-41.27083 Y22.42909
G01 X-41.20377 Y22.44877
G01 X-41.18609 Y22.45583
G01 X-41.17012 Y22.46612
G01 X-41.15635 Y22.47925
G01 X-41.11061 Y22.53206
G01 X-41.10080 Y22.54549
G01 X-41.09333 Y22.56038
G01 X-41.08846 Y22.57628
G01 X-41.07725 Y22.62779
G01 X-41.07555 Y22.63836
G01 X-41.07497 Y22.64902
G01 X-41.07497 Y22.77503
G01 X-40.77499 Y22.77501
G01 X-40.77499 Y22.27501
G01 X-40.77451 Y22.26520
G01 X-40.76971 Y22.21644
G01 X-40.76826 Y22.20673
G01 X-40.76588 Y22.19721
G01 X-40.75165 Y22.15032
G01 X-40.74835 Y22.14107
G01 X-40.74416 Y22.13221
G01 X-40.72105 Y22.08898
G01 X-40.71015 Y22.07267
G01 X-40.67906 Y22.03480
G01 X-40.66519 Y22.02093
G01 X-40.62732 Y21.98984
G01 X-40.61945 Y21.98400
G01 X-40.61101 Y21.97895
G01 X-40.56781 Y21.95586
G01 X-40.54970 Y21.94834
G01 X-40.50278 Y21.93412
G01 X-40.49326 Y21.93173
G01 X-40.48356 Y21.93031
G01 X-40.43479 Y21.92551
G01 X-40.42498 Y21.92502
G01 X-39.12499 Y21.92502
G01 X-39.11518 Y21.92551
G01 X-39.06641 Y21.93031
G01 X-39.05671 Y21.93173
G01 X-39.04719 Y21.93412
G01 X-39.00030 Y21.94834
G01 X-38.98219 Y21.95586
G01 X-38.93896 Y21.97895
G01 X-38.93055 Y21.98400
G01 X-38.92265 Y21.98984
G01 X-38.88478 Y22.02093
G01 X-38.87091 Y22.03480
G01 X-38.83982 Y22.07267
G01 X-38.82892 Y22.08898
G01 X-38.80583 Y22.13221
G01 X-38.80162 Y22.14107
G01 X-38.79832 Y22.15032
G01 X-38.78409 Y22.19721
G01 X-38.78170 Y22.20673
G01 X-38.78028 Y22.21644
G01 X-38.77546 Y22.26520
G01 X-38.77500 Y22.27501
G01 X-38.77500 Y22.77501
G01 X-38.47500 Y22.77503
G01 X-38.47500 Y22.64902
G01 X-38.47396 Y22.63480
G01 X-38.47094 Y22.62088
G01 X-38.45125 Y22.55382
G01 X-38.44419 Y22.53615
G01 X-38.43390 Y22.52017
G01 X-38.42077 Y22.50640
G01 X-38.36796 Y22.46066
G01 X-38.35453 Y22.45085
G01 X-38.33964 Y22.44339
G01 X-38.32374 Y22.43851
G01 X-38.27223 Y22.42731
G01 X-38.26166 Y22.42561
G01 X-38.25100 Y22.42502
G01 X-34.79898 Y22.42502
G01 X-34.78474 Y22.42606
G01 X-34.77079 Y22.42909
G01 X-34.70376 Y22.44877
G01 X-34.68613 Y22.45583
G01 X-34.67013 Y22.46612
G01 X-34.65636 Y22.47922
G01 X-34.61059 Y22.53203
G01 X-34.60079 Y22.54547
G01 X-34.59335 Y22.56035
G01 X-34.58844 Y22.57628
G01 X-34.57724 Y22.62779
G01 X-34.57554 Y22.63836
G01 X-34.57496 Y22.64902
G01 X-34.57496 Y22.77503
G01 X-34.27498 Y22.77501
G01 X-34.27498 Y22.27501
G01 X-34.27450 Y22.26520
G01 X-34.26970 Y22.21644
G01 X-34.26825 Y22.20673
G01 X-34.26589 Y22.19721
G01 X-34.25164 Y22.15032
G01 X-34.24834 Y22.14107
G01 X-34.24415 Y22.13221
G01 X-34.22106 Y22.08898
G01 X-34.21016 Y22.07267
G01 X-34.17907 Y22.03480
G01 X-34.16520 Y22.02093
G01 X-34.12731 Y21.98984
G01 X-34.11943 Y21.98400
G01 X-34.11103 Y21.97895
G01 X-34.06779 Y21.95586
G01 X-34.04968 Y21.94834
G01 X-34.00280 Y21.93412
G01 X-33.99327 Y21.93173
G01 X-33.98357 Y21.93031
G01 X-33.93480 Y21.92551
G01 X-33.92500 Y21.92502
G01 X-32.62500 Y21.92502
G01 X-32.61519 Y21.92551
G01 X-32.56640 Y21.93031
G01 X-32.55670 Y21.93173
G01 X-32.54720 Y21.93412
G01 X-32.50028 Y21.94834
G01 X-32.48217 Y21.95586
G01 X-32.43894 Y21.97895
G01 X-32.43054 Y21.98400
G01 X-32.42266 Y21.98984
G01 X-32.38477 Y22.02093
G01 X-32.37090 Y22.03480
G01 X-32.33981 Y22.07267
G01 X-32.32894 Y22.08898
G01 X-32.30582 Y22.13221
G01 X-32.30163 Y22.14107
G01 X-32.29833 Y22.15032
G01 X-32.28411 Y22.19721
G01 X-32.28172 Y22.20673
G01 X-32.28027 Y22.21644
G01 X-32.27547 Y22.26520
G01 X-32.27499 Y22.27501
G01 X-32.27499 Y22.77501
G01 X-31.97499 Y22.77503
G01 X-31.97499 Y22.64902
G01 X-31.97395 Y22.63480
G01 X-31.97092 Y22.62088
G01 X-31.95124 Y22.55382
G01 X-31.94418 Y22.53615
G01 X-31.93389 Y22.52017
G01 X-31.92076 Y22.50640
G01 X-31.86795 Y22.46066
G01 X-31.85451 Y22.45085
G01 X-31.83963 Y22.44339
G01 X-31.82373 Y22.43851
G01 X-31.77222 Y22.42731
G01 X-31.76165 Y22.42561
G01 X-31.75096 Y22.42502
G01 X-30.86999 Y22.42502
G01 X-30.86999 Y22.30000
G01 X-30.86806 Y22.28050
G01 X-30.86237 Y22.26175
G01 X-30.85315 Y22.24445
G01 X-30.84070 Y22.22931
G01 X-30.82554 Y22.21687
G01 X-30.80826 Y22.20762
G01 X-30.78949 Y22.20193
G01 X-30.76999 Y22.20000
G01 X-29.28000 Y22.20000
G01 X-29.26049 Y22.20193
G01 X-29.24172 Y22.20762
G01 X-29.22442 Y22.21687
G01 X-29.20928 Y22.22931
G01 X-29.19684 Y22.24445
G01 X-29.18759 Y22.26175
G01 X-29.18190 Y22.28050
G01 X-29.18000 Y22.30000
G01 X-29.18000 Y22.42502
G01 X-26.86999 Y22.42502
G01 X-26.86999 Y22.30000
G01 X-26.86806 Y22.28050
G01 X-26.86237 Y22.26175
G01 X-26.85313 Y22.24445
G01 X-26.84071 Y22.22931
G01 X-26.82554 Y22.21687
G01 X-26.80825 Y22.20762
G01 X-26.78950 Y22.20193
G01 X-26.76999 Y22.20000
G01 X-25.27998 Y22.20000
G01 X-25.26047 Y22.20193
G01 X-25.24173 Y22.20762
G01 X-25.22443 Y22.21687
G01 X-25.20927 Y22.22931
G01 X-25.19684 Y22.24445
G01 X-25.18760 Y22.26175
G01 X-25.18191 Y22.28050
G01 X-25.17998 Y22.30000
G01 X-25.17998 Y22.42502
G01 X-24.29898 Y22.42502
G01 X-24.28473 Y22.42606
G01 X-24.27079 Y22.42909
G01 X-24.20376 Y22.44877
G01 X-24.18610 Y22.45583
G01 X-24.17010 Y22.46612
G01 X-24.15636 Y22.47925
G01 X-24.11061 Y22.53206
G01 X-24.10081 Y22.54547
G01 X-24.09337 Y22.56033
G01 X-24.08849 Y22.57623
G01 X-24.07726 Y22.62774
G01 X-24.07554 Y22.63833
G01 X-24.07495 Y22.64902
G01 X-24.07495 Y22.77503
G01 X-23.77498 Y22.77501
G01 X-23.77498 Y22.27501
G01 X-23.77450 Y22.26520
G01 X-23.76969 Y22.21644
G01 X-23.76827 Y22.20673
G01 X-23.76588 Y22.19721
G01 X-23.75166 Y22.15032
G01 X-23.74833 Y22.14107
G01 X-23.74414 Y22.13221
G01 X-23.72105 Y22.08898
G01 X-23.71016 Y22.07267
G01 X-23.67907 Y22.03480
G01 X-23.66520 Y22.02093
G01 X-23.62733 Y21.98984
G01 X-23.61943 Y21.98400
G01 X-23.61102 Y21.97895
G01 X-23.56779 Y21.95586
G01 X-23.54968 Y21.94834
G01 X-23.50279 Y21.93412
G01 X-23.49327 Y21.93173
G01 X-23.48356 Y21.93031
G01 X-23.43480 Y21.92551
G01 X-23.42499 Y21.92502
G01 X-22.12499 Y21.92502
G01 X-22.11519 Y21.92551
G01 X-22.06642 Y21.93031
G01 X-22.05669 Y21.93173
G01 X-22.04719 Y21.93412
G01 X-22.00028 Y21.94834
G01 X-21.98217 Y21.95586
G01 X-21.93896 Y21.97895
G01 X-21.93053 Y21.98400
G01 X-21.92266 Y21.98984
G01 X-21.88476 Y22.02093
G01 X-21.87092 Y22.03480
G01 X-21.83983 Y22.07267
G01 X-21.82893 Y22.08898
G01 X-21.80582 Y22.13221
G01 X-21.80163 Y22.14107
G01 X-21.79832 Y22.15032
G01 X-21.78410 Y22.19721
G01 X-21.78171 Y22.20673
G01 X-21.78027 Y22.21644
G01 X-21.77546 Y22.26520
G01 X-21.77498 Y22.27501
G01 X-21.77498 Y25.82286
G01 X-21.76655 Y25.81767
G01 X-21.75390 Y25.81107
G01 X-21.74046 Y25.80632
G01 X-21.67308 Y25.78788
G01 X-21.65433 Y25.78463
G01 X-21.63531 Y25.78498
G01 X-21.61671 Y25.78892
G01 X-21.55007 Y25.80985
G01 X-21.53256 Y25.81724
G01 X-21.51677 Y25.82781
G01 X-21.50328 Y25.84117
G01 X-21.45850 Y25.89479
G01 X-21.44907 Y25.90815
G01 X-21.44196 Y25.92288
G01 X-21.43734 Y25.93855
G01 X-21.42708 Y25.98798
G01 X-21.42550 Y25.99809
G01 X-21.42497 Y26.00830
G01 X-21.42497 Y26.48361
G01 X-20.87168 Y27.03690
G01 X-20.85637 Y27.03385
G01 X-20.80757 Y27.02905
G01 X-20.79777 Y27.02857
G01 X-20.78799 Y27.02905
G01 X-20.73920 Y27.03385
G01 X-20.71997 Y27.03769
G01 X-20.67308 Y27.05191
G01 X-20.65497 Y27.05940
G01 X-20.61174 Y27.08252
G01 X-20.60333 Y27.08755
G01 X-20.59546 Y27.09339
G01 X-20.55756 Y27.12448
G01 X-20.55030 Y27.13108
G01 X-19.63104 Y28.05031
G01 X-19.62447 Y28.05760
G01 X-19.59338 Y28.09547
G01 X-19.58248 Y28.11178
G01 X-19.55937 Y28.15498
G01 X-19.55517 Y28.16387
G01 X-19.55187 Y28.17312
G01 X-19.53765 Y28.22001
G01 X-19.53526 Y28.22953
G01 X-19.53381 Y28.23923
G01 X-19.52901 Y28.28800
G01 X-19.52901 Y28.30761
G01 X-19.53381 Y28.35638
G01 X-19.53526 Y28.36608
G01 X-19.53671 Y28.37185
G01 X-15.98355 Y31.92503
G01 X-12.64899 Y31.92500
G01 X-12.63474 Y31.92604
G01 X-12.62080 Y31.92907
G01 X-12.55377 Y31.94875
G01 X-12.53614 Y31.95581
G01 X-12.52014 Y31.96610
G01 X-12.50637 Y31.97921
G01 X-12.46060 Y32.03201
G01 X-12.45079 Y32.04545
G01 X-12.44335 Y32.06033
G01 X-12.43845 Y32.07626
G01 X-12.42725 Y32.12777
G01 X-12.42555 Y32.13834
G01 X-12.42496 Y32.14900
G01 X-12.42496 Y32.17504
G01 X-12.12499 Y32.17504
G01 X-12.12499 Y31.52500
G01 X-12.12346 Y31.50766
G01 X-12.11897 Y31.49081
G01 X-12.11158 Y31.47502
G01 X-12.10160 Y31.46074
G01 X-12.08928 Y31.44840
G01 X-12.07498 Y31.43841
G01 X-12.05918 Y31.43105
G01 X-12.04236 Y31.42653
G01 X-12.02499 Y31.42500
G01 X-9.30315 Y31.42500
G01 X-9.28288 Y31.40837
G01 X-9.26657 Y31.39750
G01 X-9.05047 Y31.28198
G01 X-9.03236 Y31.27446
G01 X-8.79787 Y31.20334
G01 X-8.77864 Y31.19950
G01 X-8.53477 Y31.17550
G01 X-8.52500 Y31.17502
G01 X-5.52498 Y31.17502
G01 X-5.51517 Y31.17550
G01 X-5.27131 Y31.19950
G01 X-5.26160 Y31.20095
G01 X-5.25208 Y31.20334
G01 X-5.01759 Y31.27448
G01 X-4.99948 Y31.28198
G01 X-4.78337 Y31.39750
G01 X-4.77494 Y31.40252
G01 X-4.76707 Y31.40837
G01 X-4.74680 Y31.42500
G01 X-2.02498 Y31.42500
G01 X-2.00548 Y31.42693
G01 X-1.98673 Y31.43262
G01 X-1.96943 Y31.44187
G01 X-1.95427 Y31.45429
G01 X-1.94185 Y31.46945
G01 X-1.93260 Y31.48675
G01 X-1.92691 Y31.50550
G01 X-1.92498 Y31.52500
G01 X-1.92496 Y37.02502
G01 X-1.82496 Y37.02502
G01 X-1.72496 Y37.02502
G01 X-1.62496 Y37.02502
G01 X-1.52496 Y37.02502
G01 X-1.42496 Y37.02502
G01 X-1.32496 Y37.02502
G01 X-1.22496 Y37.02502
G01 X-1.12496 Y37.02502
G01 X-1.02496 Y37.02517
G01 X-1.02496 Y37.14899
G01 X-1.02496 Y39.40101
G01 X-1.02496 Y39.40129
G01 X-1.02499 Y39.86730
G01 X-1.06692 Y39.97208
G01 X-1.17995 Y40.14795
G01 X-1.32420 Y40.29928
G01 X-1.37700 Y40.34505
G01 X-1.52488 Y40.45305
G01 X-1.68864 Y40.53502
G01 X-1.86372 Y40.58871
G01 X-1.91523 Y40.59992
G01 X-2.03144 Y40.61874
G01 X-2.14899 Y40.62504
G01 X-17.97362 Y40.62504
G01 X-18.13011 Y40.61383
G01 X-18.28345 Y40.58048
G01 X-18.35050 Y40.56080
G01 X-18.48581 Y40.51124
G01 X-18.61347 Y40.44444
G01 X-18.73130 Y40.36151
G01 X-18.75192 Y40.34487
G01 X-18.83910 Y40.26651
G01 X-27.48061 Y31.62503
G01 X-27.47746 Y31.61741
G01 X-27.48061 Y31.62503
G01 X-29.71413 Y31.62503
G01 X-29.85045 Y31.59087
G01 X-29.85282 Y31.59033
G01 X-30.06714 Y31.54761
G01 X-30.06958 Y31.54718
G01 X-30.21660 Y31.52521
G01 X-30.21903 Y31.52508
G01 X-30.21954 Y31.52503
G01 X-30.42269 Y31.50496
G01 X-30.42516 Y31.50478
G01 X-30.57220 Y31.49755
G01 X-30.57466 Y31.49737
G01 X-30.77532 Y31.49750
G01 X-30.77778 Y31.49755
G01 X-30.92480 Y31.50478
G01 X-30.92724 Y31.50496
G01 X-31.13046 Y31.52503
G01 X-31.13084 Y31.52505
G01 X-31.13326 Y31.52536
G01 X-31.28032 Y31.54718
G01 X-31.28119 Y31.54730
G01 X-31.35843 Y31.56018
G01 X-31.35914 Y31.56031
G01 X-31.71532 Y31.62503
G01 X-32.62868 Y31.62503
G01 X-32.74732 Y31.58894
G01 X-32.74974 Y31.58825
G01 X-32.79876 Y31.57598
G01 X-32.80112 Y31.57545
G01 X-33.01260 Y31.53326
G01 X-33.01504 Y31.53285
G01 X-33.01499 Y31.53255
G01 X-33.01504 Y31.53285
G01 X-33.06404 Y31.52556
G01 X-33.06648 Y31.52528
G01 X-33.06904 Y31.52503
G01 X-33.27044 Y31.50514
G01 X-33.27290 Y31.50496
G01 X-33.32192 Y31.50255
G01 X-33.32314 Y31.50250
G01 X-33.42375 Y31.50003
G01 X-33.42497 Y31.49996
G01 X-34.12500 Y31.50001
G01 X-34.12621 Y31.50003
G01 X-34.22687 Y31.50250
G01 X-34.22809 Y31.50255
G01 X-34.27709 Y31.50496
G01 X-34.27955 Y31.50514
G01 X-34.48090 Y31.52503
G01 X-35.06896 Y31.52503
G01 X-34.48090 Y31.52503
G01 X-34.48347 Y31.52528
G01 X-34.48590 Y31.52556
G01 X-34.53490 Y31.53285
G01 X-34.53734 Y31.53326
G01 X-34.74882 Y31.57545
G01 X-34.75118 Y31.57598
G01 X-34.77498 Y31.58192
G01 X-34.79848 Y31.57606
G01 X-34.80084 Y31.57550
G01 X-35.01275 Y31.53323
G01 X-35.01519 Y31.53270
G01 X-35.06421 Y31.52554
G01 X-35.06665 Y31.52526
G01 X-35.06896 Y31.52503
G01 X-35.27041 Y31.50514
G01 X-35.27287 Y31.50496
G01 X-35.32187 Y31.50255
G01 X-35.32309 Y31.50250
G01 X-35.42375 Y31.50003
G01 X-35.42497 Y31.49996
G01 X-36.12499 Y31.50001
G01 X-36.12621 Y31.50003
G01 X-36.22687 Y31.50250
G01 X-36.22809 Y31.50255
G01 X-36.27709 Y31.50496
G01 X-36.27955 Y31.50514
G01 X-36.48090 Y31.52503
G01 X-36.48346 Y31.52528
G01 X-36.48590 Y31.52556
G01 X-36.53490 Y31.53285
G01 X-36.53734 Y31.53326
G01 X-36.74882 Y31.57545
G01 X-36.75118 Y31.57598
G01 X-36.80020 Y31.58825
G01 X-36.80261 Y31.58894
G01 X-36.92128 Y31.62503
G01 X-42.90423 Y31.62503
G01 X-42.90428 Y31.62442
G01 X-42.90423 Y31.62503
G01 X-47.27308 Y32.59587
G01 X-47.39192 Y32.61553
G01 X-47.41882 Y32.61847
G01 X-47.53353 Y32.62475
G01 X-47.53594 Y32.61962
G01 X-47.53353 Y32.62475
G01 X-47.67940 Y32.77059
G01 X-47.75939 Y32.84309
G01 X-48.13823 Y33.15401
G01 X-48.22492 Y33.21832
G01 X-48.27353 Y33.24743
G01 X-48.27683 Y33.24476
G01 X-48.27353 Y33.24743
G01 X-48.33325 Y33.39160
G01 X-48.61046 Y33.91027
G01 X-48.73027 Y34.08957
G01 X-49.10335 Y34.54417
G01 X-49.17584 Y34.62416
G01 X-49.25583 Y34.69665
G01 X-49.71044 Y35.06973
G01 X-49.86802 Y35.17501
G01 X-50.07467 Y35.17501
G01 X-50.28681 Y35.17501
G01 X-50.49895 Y35.17501
G01 X-50.03116 Y34.92497
G01 X-49.96383 Y34.88459
G01 X-49.90076 Y34.83782
G01 X-49.44615 Y34.46475
G01 X-49.38798 Y34.41202
G01 X-49.33525 Y34.35385
G01 X-48.96218 Y33.89924
G01 X-48.87503 Y33.76884
G01 X-48.59781 Y33.25017
G01 X-48.53779 Y33.10529
G01 X-48.51829 Y33.04095
G01 X-48.52253 Y33.03747
G01 X-48.51829 Y33.04095
G01 X-48.45893 Y33.00923
G01 X-48.39159 Y32.96887
G01 X-48.32852 Y32.92210
G01 X-47.94968 Y32.61118
G01 X-47.89152 Y32.55848
G01 X-47.65806 Y32.32503
G01 X-47.66078 Y32.31901
G01 X-47.65806 Y32.32503
G01 X-47.53861 Y32.32503
G01 X-47.45149 Y32.32025
G01 X-47.42459 Y32.31731
G01 X-47.33815 Y32.30303
G01 X-42.93714 Y31.32503
G01 X-42.93722 Y31.32442
G01 X-42.93714 Y31.32503
G01 X-27.35633 Y31.32503
G01 X-27.35318 Y31.31741
G01 X-27.35633 Y31.32503
G01 X-18.62698 Y40.05440
G01 X-18.56356 Y40.11137
G01 X-18.54293 Y40.12801
G01 X-18.45723 Y40.18831
G01 X-18.36440 Y40.23690
G01 X-18.26600 Y40.27294
G01 X-18.19894 Y40.29263
G01 X-18.08744 Y40.31688
G01 X-17.97362 Y40.32504
G01 X-2.14899 Y40.32504
G01 X-2.06349 Y40.32044
G01 X-1.97898 Y40.30675
G01 X-1.92747 Y40.29555
G01 X-1.80014 Y40.25651
G01 X-1.68104 Y40.19689
G01 X-1.57347 Y40.11836
G01 X-1.52067 Y40.07259
G01 X-1.41576 Y39.96253
G01 X-1.33357 Y39.83461
G01 X-1.27708 Y39.69347
G01 X-1.25740 Y39.62643
G01 X-1.23311 Y39.51490
G01 X-1.22496 Y39.40101
G01 X-1.22496 Y37.14902
G01 X-1.22813 Y37.08976
G01 X-1.22496 Y37.02502
G01 X-1.22499 Y31.52500
G01 X-1.24035 Y31.36895
G01 X-1.28589 Y31.21886
G01 X-1.35981 Y31.08055
G01 X-1.45930 Y30.95932
G01 X-1.58053 Y30.85983
G01 X-1.71884 Y30.78591
G01 X-1.86893 Y30.74037
G01 X-2.02498 Y30.72500
G01 X-4.55653 Y30.72500
G01 X-4.55706 Y30.72739
G01 X-4.55653 Y30.72500
G01 X-4.66950 Y30.66463
G01 X-4.81439 Y30.60461
G01 X-5.04888 Y30.53349
G01 X-5.12503 Y30.51441
G01 X-5.20268 Y30.50288
G01 X-5.44654 Y30.47888
G01 X-5.52498 Y30.47502
G01 X-8.52500 Y30.47502
G01 X-8.60341 Y30.47885
G01 X-8.84727 Y30.50288
G01 X-9.00107 Y30.53349
G01 X-9.23556 Y30.60461
G01 X-9.38044 Y30.66463
G01 X-9.49342 Y30.72500
G01 X-9.49289 Y30.72739
G01 X-9.49342 Y30.72500
G01 X-12.02499 Y30.72500
G01 X-12.16390 Y30.73717
G01 X-12.29860 Y30.77326
G01 X-12.42499 Y30.83219
G01 X-12.53921 Y30.91218
G01 X-12.63781 Y31.01078
G01 X-12.71780 Y31.12500
G01 X-12.76443 Y31.22503
G01 X-12.75445 Y31.24068
G01 X-12.76443 Y31.22503
G01 X-15.69359 Y31.22500
G01 X-15.69676 Y31.23262
G01 X-15.69359 Y31.22500
G01 X-16.04647 Y30.87212
G01 X-15.77817 Y30.99902
G01 X-15.65216 Y31.12500
G01 X-15.65533 Y31.13262
G01 X-15.65216 Y31.12500
G01 X-12.82773 Y31.12503
G01 X-12.82174 Y31.13646
G01 X-12.82773 Y31.12503
G01 X-12.80441 Y31.07502
G01 X-12.71442 Y30.94649
G01 X-12.68135 Y30.91345
G01 X-12.73146 Y30.94177
G01 X-12.87975 Y31.03872
G01 X-12.88742 Y31.04284
G01 X-12.89568 Y31.04555
G01 X-12.90429 Y31.04680
G01 X-12.90345 Y31.04967
G01 X-12.90429 Y31.04680
G01 X-12.93378 Y31.04845
G01 X-12.93413 Y31.04847
G01 X-13.42422 Y31.07255
G01 X-13.42544 Y31.07260
G01 X-13.52374 Y31.07502
G01 X-13.52496 Y31.07504
G01 X-15.52498 Y31.07504
G01 X-15.52602 Y31.07502
G01 X-15.61109 Y31.07321
G01 X-15.61805 Y31.07258
G01 X-15.62485 Y31.07095
G01 X-15.63138 Y31.06841
G01 X-15.63184 Y31.07019
G01 X-15.63138 Y31.06841
G01 X-16.04647 Y30.87212
G01 X-16.11462 Y30.83991
G01 X-16.11678 Y30.83882
G01 X-16.26090 Y30.76194
G01 X-16.26306 Y30.76069
G01 X-16.35356 Y30.70644
G01 X-16.69643 Y30.50098
G01 X-16.69846 Y30.49968
G01 X-16.70837 Y30.49305
G01 X-16.69846 Y30.49968
G01 X-16.69643 Y30.50098
G01 X-16.35356 Y30.70644
G01 X-15.73501 Y31.32500
G01 X-15.73816 Y31.33262
G01 X-15.73501 Y31.32500
G01 X-12.69334 Y31.32500
G01 X-12.68206 Y31.34187
G01 X-12.69334 Y31.32500
G01 X-12.68277 Y31.28561
G01 X-12.63121 Y31.17502
G01 X-12.56121 Y31.07507
G01 X-12.47495 Y30.98878
G01 X-12.37498 Y30.91881
G01 X-12.26441 Y30.86722
G01 X-12.14655 Y30.83565
G01 X-12.02499 Y30.82500
G01 X-9.46838 Y30.82500
G01 X-9.46782 Y30.82747
G01 X-9.46838 Y30.82500
G01 X-9.33330 Y30.75282
G01 X-9.20653 Y30.70032
G01 X-8.97204 Y30.62917
G01 X-8.83747 Y30.60240
G01 X-8.59360 Y30.57840
G01 X-8.52500 Y30.57502
G01 X-5.52498 Y30.57502
G01 X-5.45635 Y30.57840
G01 X-5.21248 Y30.60240
G01 X-5.14454 Y30.61248
G01 X-5.07791 Y30.62917
G01 X-4.84342 Y30.70032
G01 X-4.71662 Y30.75282
G01 X-4.58157 Y30.82500
G01 X-4.58213 Y30.82747
G01 X-4.58157 Y30.82500
G01 X-2.02498 Y30.82500
G01 X-1.88843 Y30.83847
G01 X-1.75712 Y30.87829
G01 X-1.63608 Y30.94299
G01 X-1.53001 Y31.03003
G01 X-1.44297 Y31.13610
G01 X-1.37827 Y31.25713
G01 X-1.33845 Y31.38845
G01 X-1.32498 Y31.52500
G01 X-1.32496 Y37.02502
G01 X-1.32813 Y37.08976
G01 X-1.32496 Y37.14902
G01 X-1.32496 Y39.40101
G01 X-1.33210 Y39.50065
G01 X-1.35333 Y39.59827
G01 X-1.37302 Y39.66530
G01 X-1.42247 Y39.78879
G01 X-1.49438 Y39.90073
G01 X-1.58617 Y39.99702
G01 X-1.63898 Y40.04279
G01 X-1.73309 Y40.11152
G01 X-1.83730 Y40.16367
G01 X-1.94871 Y40.19783
G01 X-2.00022 Y40.20903
G01 X-2.07418 Y40.22102
G01 X-2.14899 Y40.22504
G01 X-17.97362 Y40.22504
G01 X-18.07321 Y40.21790
G01 X-18.17077 Y40.19669
G01 X-18.23783 Y40.17701
G01 X-18.32393 Y40.14546
G01 X-18.40516 Y40.10294
G01 X-18.48014 Y40.05018
G01 X-18.50077 Y40.03355
G01 X-18.55627 Y39.98369
G01 X-27.31493 Y31.22503
G01 X-27.31178 Y31.21741
G01 X-27.31493 Y31.22503
G01 X-42.94812 Y31.22503
G01 X-42.94817 Y31.22442
G01 X-42.94812 Y31.22503
G01 X-47.35984 Y32.20539
G01 X-47.43548 Y32.21792
G01 X-47.46238 Y32.22086
G01 X-47.53861 Y32.22503
G01 X-47.69949 Y32.22503
G01 X-47.70226 Y32.21875
G01 X-47.69949 Y32.22503
G01 X-47.96223 Y32.48776
G01 X-48.01313 Y32.53389
G01 X-48.39197 Y32.84479
G01 X-48.44714 Y32.88573
G01 X-48.50607 Y32.92104
G01 X-48.60195 Y32.97230
G01 X-48.60658 Y32.96849
G01 X-48.60195 Y32.97230
G01 X-48.63350 Y33.07626
G01 X-48.68600 Y33.20303
G01 X-48.96324 Y33.72170
G01 X-49.03947 Y33.83579
G01 X-49.41257 Y34.29040
G01 X-49.45870 Y34.34130
G01 X-49.50960 Y34.38743
G01 X-49.96421 Y34.76053
G01 X-50.01938 Y34.80145
G01 X-50.07830 Y34.83676
G01 X-50.59697 Y35.11400
G01 X-50.72374 Y35.16650
G01 X-50.75178 Y35.17501
G01 X-50.49895 Y35.17501
G01 X-50.75178 Y35.17501
G01 X-51.09628 Y35.17501
G01 X-51.54284 Y35.17501
G01 X-52.60715 Y35.17501
G01 X-53.05369 Y35.17501
G01 X-53.26641 Y35.17501
G01 X-53.39204 Y35.09972
G01 X-53.49516 Y35.03086
G01 X-53.49994 Y35.02769
G01 X-53.80885 Y34.79858
G01 X-53.80984 Y34.79787
G01 X-53.85742 Y34.76434
G01 X-53.85843 Y34.76366
G01 X-53.98155 Y34.68141
G01 X-54.06905 Y34.61651
G01 X-54.24609 Y34.47123
G01 X-54.24804 Y34.46973
G01 X-54.33743 Y34.40333
G01 X-54.33948 Y34.40199
G01 X-54.54456 Y34.26495
G01 X-54.63862 Y34.19515
G01 X-54.73628 Y34.11499
G01 X-54.73826 Y34.11347
G01 X-54.77652 Y34.08512
G01 X-54.84431 Y34.03490
G01 X-54.84629 Y34.03351
G01 X-55.07202 Y33.88268
G01 X-55.11050 Y33.83579
G01 X-55.15142 Y33.78062
G01 X-55.18675 Y33.72170
G01 X-55.22795 Y33.64458
G01 X-55.18675 Y33.72170
G01 X-55.15142 Y33.78062
G01 X-55.11050 Y33.83579
G01 X-55.07202 Y33.88268
G01 X-55.13676 Y33.83945
G01 X-55.18622 Y33.80465
G01 X-55.20321 Y33.74339
G01 X-55.22795 Y33.64458
G01 X-55.26095 Y33.51288
G01 X-55.26181 Y33.50984
G01 X-55.31693 Y33.33701
G01 X-55.31665 Y33.33691
G01 X-55.31693 Y33.33701
G01 X-55.31931 Y33.33094
G01 X-55.39508 Y33.16915
G01 X-55.39676 Y33.16630
G01 X-55.46181 Y33.04875
G01 X-55.46455 Y33.04435
G01 X-55.57354 Y32.88817
G01 X-55.68721 Y32.51350
G01 X-55.71398 Y32.37890
G01 X-55.77161 Y31.79363
G01 X-55.77499 Y31.72500
G01 X-55.77499 Y28.72501
G01 X-55.77161 Y28.65640
G01 X-55.71398 Y28.07114
G01 X-55.68721 Y27.93654
G01 X-55.51649 Y27.37375
G01 X-55.49333 Y27.30909
G01 X-55.46397 Y27.24698
G01 X-55.18675 Y26.72831
G01 X-55.11050 Y26.61422
G01 X-54.73743 Y26.15961
G01 X-54.69127 Y26.10871
G01 X-54.64037 Y26.06258
G01 X-54.18576 Y25.68951
G01 X-54.15856 Y25.66931
G01 X-54.13684 Y25.67521
G01 X-54.15856 Y25.66931
G01 X-54.16626 Y25.65405
G01 X-54.19735 Y25.56332
G01 X-54.21574 Y25.46919
G01 X-54.21957 Y25.43850
G01 X-54.22498 Y25.35166
G01 X-54.22498 Y22.64902
G01 X-54.21784 Y22.54943
G01 X-54.19663 Y22.45187
G01 X-54.17695 Y22.38481
G01 X-54.12747 Y22.26122
G01 X-54.05549 Y22.14923
G01 X-53.96361 Y22.05289
G01 X-53.91081 Y22.00714
G01 X-53.81673 Y21.93848
G01 X-53.71259 Y21.88636
G01 X-53.60123 Y21.85223
G01 X-53.54972 Y21.84102
G01 X-53.47576 Y21.82904
G01 X-53.40098 Y21.82502
G01 X-51.79898 Y21.82502
G01 X-51.76171 Y21.82769
G01 X-51.75562 Y21.83927
G01 X-51.76171 Y21.82769
G01 X-51.75021 Y21.80615
G01 X-51.67396 Y21.69205
G01 X-51.64287 Y21.65416
G01 X-51.54584 Y21.55713
G01 X-51.50794 Y21.52604
G01 X-51.45277 Y21.48512
G01 X-51.39385 Y21.44979
G01 X-51.35064 Y21.42670
G01 X-51.22387 Y21.37417
G01 X-51.17696 Y21.35995
G01 X-51.11033 Y21.34326
G01 X-51.04236 Y21.33318
G01 X-50.99359 Y21.32838
G01 X-50.92524 Y21.32502
G01 X-51.36525 Y21.32502
G01 X-51.39778 Y21.33851
G01 X-51.44099 Y21.36160
G01 X-51.50832 Y21.40196
G01 X-51.57139 Y21.44875
G01 X-51.60929 Y21.47984
G01 X-51.72016 Y21.59073
G01 X-51.75127 Y21.62860
G01 X-51.81569 Y21.72502
G01 X-51.80995 Y21.73617
G01 X-51.81569 Y21.72502
G01 X-53.40098 Y21.72502
G01 X-53.48645 Y21.72962
G01 X-53.57096 Y21.74331
G01 X-53.62247 Y21.75451
G01 X-53.74975 Y21.79350
G01 X-53.86877 Y21.85309
G01 X-53.97629 Y21.93158
G01 X-54.02910 Y21.97732
G01 X-54.13410 Y22.08740
G01 X-54.21634 Y22.21540
G01 X-54.27289 Y22.35664
G01 X-54.29257 Y22.42370
G01 X-54.31683 Y22.53521
G01 X-54.32498 Y22.64902
G01 X-54.32498 Y25.35166
G01 X-54.31878 Y25.45090
G01 X-54.31495 Y25.48158
G01 X-54.29394 Y25.58918
G01 X-54.27797 Y25.63578
G01 X-54.26110 Y25.64140
G01 X-54.27797 Y25.63578
G01 X-54.70382 Y25.98529
G01 X-54.76199 Y26.03802
G01 X-54.81472 Y26.09619
G01 X-55.18779 Y26.55079
G01 X-55.27494 Y26.68117
G01 X-55.55216 Y27.19984
G01 X-55.58573 Y27.27081
G01 X-55.61218 Y27.34472
G01 X-55.78289 Y27.90751
G01 X-55.80197 Y27.98366
G01 X-55.81350 Y28.06133
G01 X-55.87113 Y28.64660
G01 X-55.87499 Y28.72501
G01 X-55.87499 Y31.72500
G01 X-55.87113 Y31.80344
G01 X-55.81350 Y32.38870
G01 X-55.78289 Y32.54250
G01 X-55.73598 Y32.69716
G01 X-55.64758 Y32.78362
G01 X-55.64154 Y32.79076
G01 X-55.64123 Y32.79051
G01 X-55.64154 Y32.79076
G01 X-55.57354 Y32.88817
G01 X-55.64154 Y32.79076
G01 X-55.64758 Y32.78362
G01 X-55.73598 Y32.69716
G01 X-55.88200 Y32.55439
G01 X-55.91301 Y32.39851
G01 X-55.97065 Y31.81322
G01 X-55.97499 Y31.72500
G01 X-55.97499 Y28.72501
G01 X-55.97065 Y28.63679
G01 X-55.91301 Y28.05153
G01 X-55.87860 Y27.87848
G01 X-55.70788 Y27.31572
G01 X-55.67811 Y27.23256
G01 X-55.64034 Y27.15270
G01 X-55.36313 Y26.63406
G01 X-55.26511 Y26.48735
G01 X-54.89201 Y26.03274
G01 X-54.83270 Y25.96731
G01 X-54.76727 Y25.90797
G01 X-54.39328 Y25.60106
G01 X-54.38023 Y25.60619
G01 X-54.39328 Y25.60106
G01 X-54.41419 Y25.49398
G01 X-54.41802 Y25.46329
G01 X-54.42498 Y25.35166
G01 X-54.42498 Y22.64902
G01 X-54.41581 Y22.52098
G01 X-54.38853 Y22.39553
G01 X-54.36885 Y22.32848
G01 X-54.30524 Y22.16957
G01 X-54.21269 Y22.02558
G01 X-54.09458 Y21.90173
G01 X-54.04177 Y21.85599
G01 X-53.92082 Y21.76769
G01 X-53.78691 Y21.70066
G01 X-53.64373 Y21.65680
G01 X-53.59222 Y21.64560
G01 X-53.49714 Y21.63018
G01 X-53.40098 Y21.62502
G01 X-51.86857 Y21.62502
G01 X-51.86303 Y21.63592
G01 X-51.86857 Y21.62502
G01 X-51.82857 Y21.56516
G01 X-51.79748 Y21.52728
G01 X-51.67271 Y21.40252
G01 X-51.63484 Y21.37143
G01 X-51.57226 Y21.32502
G01 X-51.73591 Y21.32502
G01 X-51.73616 Y21.32523
G01 X-51.87477 Y21.46383
G01 X-51.90586 Y21.50173
G01 X-51.92143 Y21.52502
G01 X-51.91780 Y21.53338
G01 X-51.92143 Y21.52502
G01 X-53.40098 Y21.52502
G01 X-53.50781 Y21.53076
G01 X-53.61345 Y21.54788
G01 X-53.66496 Y21.55908
G01 X-53.82404 Y21.60783
G01 X-53.97286 Y21.68230
G01 X-54.10725 Y21.78039
G01 X-54.16006 Y21.82614
G01 X-54.29130 Y21.96378
G01 X-54.39412 Y22.12375
G01 X-54.46478 Y22.30031
G01 X-54.48447 Y22.36736
G01 X-54.51479 Y22.50676
G01 X-54.52498 Y22.64902
G01 X-54.52498 Y25.35166
G01 X-54.51726 Y25.47571
G01 X-54.51342 Y25.50640
G01 X-54.50265 Y25.56146
G01 X-54.49028 Y25.56647
G01 X-54.50265 Y25.56146
G01 X-54.83069 Y25.83068
G01 X-54.90341 Y25.89659
G01 X-54.96933 Y25.96929
G01 X-55.34240 Y26.42392
G01 X-55.45132 Y26.58691
G01 X-55.72856 Y27.10556
G01 X-55.77049 Y27.19428
G01 X-55.80357 Y27.28668
G01 X-55.97428 Y27.84945
G01 X-55.99813 Y27.94464
G01 X-56.01253 Y28.04172
G01 X-56.07016 Y28.62699
G01 X-56.07499 Y28.72501
G01 X-56.07499 Y31.72500
G01 X-56.07016 Y31.82302
G01 X-56.01253 Y32.40829
G01 X-56.00638 Y32.44966
G01 X-55.99267 Y32.46158
G01 X-55.89043 Y32.54636
G01 X-55.88741 Y32.54911
G01 X-55.88200 Y32.55439
G01 X-55.88741 Y32.54911
G01 X-55.89043 Y32.54636
G01 X-55.99267 Y32.46158
G01 X-56.00638 Y32.44966
G01 X-56.08512 Y32.38131
G01 X-56.11865 Y32.35093
G01 X-56.16968 Y31.83283
G01 X-56.17499 Y31.72500
G01 X-56.17499 Y28.72501
G01 X-56.16968 Y28.61719
G01 X-56.11205 Y28.03192
G01 X-56.06999 Y27.82044
G01 X-55.89927 Y27.25765
G01 X-55.86290 Y27.15600
G01 X-55.81675 Y27.05844
G01 X-55.53951 Y26.53977
G01 X-55.41970 Y26.36047
G01 X-55.04662 Y25.90586
G01 X-54.97413 Y25.82588
G01 X-54.89414 Y25.75339
G01 X-54.61205 Y25.52187
G01 X-54.60062 Y25.52667
G01 X-54.61205 Y25.52187
G01 X-54.61264 Y25.51879
G01 X-54.61647 Y25.48811
G01 X-54.62498 Y25.35166
G01 X-54.62498 Y22.64902
G01 X-54.61378 Y22.49253
G01 X-54.58043 Y22.33919
G01 X-54.56074 Y22.27214
G01 X-54.48299 Y22.07793
G01 X-54.36989 Y21.90196
G01 X-54.22551 Y21.75058
G01 X-54.17271 Y21.70483
G01 X-54.02488 Y21.59691
G01 X-53.86120 Y21.51499
G01 X-53.68622 Y21.46135
G01 X-53.63471 Y21.45014
G01 X-53.51851 Y21.43132
G01 X-53.40098 Y21.42502
G01 X-51.97228 Y21.42505
G01 X-51.96885 Y21.43308
G01 X-51.97228 Y21.42505
G01 X-51.95209 Y21.40041
G01 X-51.87670 Y21.32502
G01 X-51.73591 Y21.32502
G01 X-51.57226 Y21.32502
G01 X-51.36525 Y21.32502
G01 X-50.92524 Y21.32502
G01 X-49.62474 Y21.32502
G01 X-49.55638 Y21.32838
G01 X-49.50759 Y21.33318
G01 X-49.43965 Y21.34326
G01 X-49.37302 Y21.35995
G01 X-49.32611 Y21.37417
G01 X-49.19934 Y21.42670
G01 X-49.15611 Y21.44979
G01 X-49.09720 Y21.48512
G01 X-49.04201 Y21.52604
G01 X-49.00414 Y21.55713
G01 X-48.90711 Y21.65416
G01 X-48.87602 Y21.69205
G01 X-48.79977 Y21.80615
G01 X-48.78859 Y21.82705
G01 X-48.79471 Y21.83869
G01 X-48.78859 Y21.82705
G01 X-48.75095 Y21.82502
G01 X-48.28138 Y21.82502
G01 X-48.27899 Y21.83135
G01 X-48.28138 Y21.82502
G01 X-48.26497 Y21.80503
G01 X-48.15888 Y21.71799
G01 X-48.03787 Y21.65329
G01 X-47.90655 Y21.61347
G01 X-47.76998 Y21.60000
G01 X-46.27999 Y21.60000
G01 X-46.14341 Y21.61347
G01 X-46.01212 Y21.65329
G01 X-45.89109 Y21.71799
G01 X-45.78502 Y21.80503
G01 X-45.76861 Y21.82505
G01 X-45.77100 Y21.83142
G01 X-45.76861 Y21.82505
G01 X-44.28136 Y21.82505
G01 X-44.27898 Y21.83142
G01 X-44.28136 Y21.82505
G01 X-44.26495 Y21.80503
G01 X-44.15888 Y21.71799
G01 X-44.03785 Y21.65329
G01 X-43.90656 Y21.61347
G01 X-43.76999 Y21.60000
G01 X-42.28000 Y21.60000
G01 X-42.14342 Y21.61347
G01 X-42.01210 Y21.65329
G01 X-41.89110 Y21.71799
G01 X-41.78500 Y21.80503
G01 X-41.76859 Y21.82502
G01 X-41.77098 Y21.83132
G01 X-41.76859 Y21.82502
G01 X-41.29900 Y21.82502
G01 X-41.26171 Y21.82769
G01 X-41.25559 Y21.83940
G01 X-41.26171 Y21.82769
G01 X-41.25020 Y21.80615
G01 X-41.17395 Y21.69205
G01 X-41.14286 Y21.65416
G01 X-41.04584 Y21.55713
G01 X-41.00796 Y21.52604
G01 X-40.95277 Y21.48512
G01 X-40.89387 Y21.44979
G01 X-40.85064 Y21.42670
G01 X-40.72386 Y21.37417
G01 X-40.67695 Y21.35995
G01 X-40.61033 Y21.34326
G01 X-40.54238 Y21.33318
G01 X-40.49359 Y21.32838
G01 X-40.42577 Y21.32502
G01 X-41.23593 Y21.32502
G01 X-41.23616 Y21.32523
G01 X-41.37477 Y21.46383
G01 X-41.40585 Y21.50173
G01 X-41.42142 Y21.52502
G01 X-41.41779 Y21.53338
G01 X-41.42142 Y21.52502
G01 X-41.65559 Y21.52502
G01 X-41.65767 Y21.53089
G01 X-41.65559 Y21.52502
G01 X-41.72442 Y21.46853
G01 X-41.89729 Y21.37613
G01 X-42.08490 Y21.31923
G01 X-42.28000 Y21.30000
G01 X-43.76999 Y21.30000
G01 X-43.96508 Y21.31923
G01 X-44.15266 Y21.37613
G01 X-44.32556 Y21.46853
G01 X-44.39439 Y21.52505
G01 X-44.39231 Y21.53089
G01 X-44.39439 Y21.52505
G01 X-45.65558 Y21.52505
G01 X-45.65766 Y21.53089
G01 X-45.65558 Y21.52505
G01 X-45.72441 Y21.46853
G01 X-45.89731 Y21.37613
G01 X-46.08489 Y21.31923
G01 X-46.27999 Y21.30000
G01 X-47.76998 Y21.30000
G01 X-47.96507 Y21.31923
G01 X-48.15268 Y21.37613
G01 X-48.32555 Y21.46853
G01 X-48.39439 Y21.52502
G01 X-48.39230 Y21.53089
G01 X-48.39439 Y21.52502
G01 X-48.62855 Y21.52502
G01 X-48.63218 Y21.53338
G01 X-48.62855 Y21.52502
G01 X-48.64412 Y21.50173
G01 X-48.67521 Y21.46383
G01 X-48.81382 Y21.32523
G01 X-48.81407 Y21.32502
G01 X-48.97772 Y21.32502
G01 X-48.91514 Y21.37143
G01 X-48.87726 Y21.40252
G01 X-48.75250 Y21.52728
G01 X-48.72141 Y21.56516
G01 X-48.68141 Y21.62502
G01 X-48.68694 Y21.63592
G01 X-48.68141 Y21.62502
G01 X-48.35938 Y21.62502
G01 X-48.35728 Y21.63089
G01 X-48.35938 Y21.62502
G01 X-48.27000 Y21.55169
G01 X-48.11440 Y21.46853
G01 X-47.94557 Y21.41730
G01 X-47.76998 Y21.40000
G01 X-46.27999 Y21.40000
G01 X-46.10440 Y21.41730
G01 X-45.93556 Y21.46853
G01 X-45.77996 Y21.55169
G01 X-45.69061 Y21.62502
G01 X-45.69269 Y21.63089
G01 X-45.69061 Y21.62502
G01 X-44.35937 Y21.62502
G01 X-44.35728 Y21.63089
G01 X-44.35937 Y21.62502
G01 X-44.27001 Y21.55169
G01 X-44.11441 Y21.46853
G01 X-43.94558 Y21.41730
G01 X-43.76999 Y21.40000
G01 X-42.28000 Y21.40000
G01 X-42.10441 Y21.41730
G01 X-41.93557 Y21.46853
G01 X-41.77997 Y21.55169
G01 X-41.69061 Y21.62502
G01 X-41.69270 Y21.63089
G01 X-41.69061 Y21.62502
G01 X-41.36857 Y21.62502
G01 X-41.36303 Y21.63592
G01 X-41.36857 Y21.62502
G01 X-41.32856 Y21.56516
G01 X-41.29747 Y21.52728
G01 X-41.17271 Y21.40252
G01 X-41.13484 Y21.37143
G01 X-41.07228 Y21.32505
G01 X-40.42577 Y21.32502
G01 X-40.86527 Y21.32505
G01 X-40.89778 Y21.33851
G01 X-40.94101 Y21.36160
G01 X-41.00834 Y21.40196
G01 X-41.07139 Y21.44875
G01 X-41.10928 Y21.47984
G01 X-41.22018 Y21.59073
G01 X-41.25127 Y21.62860
G01 X-41.31568 Y21.72502
G01 X-41.30994 Y21.73617
G01 X-41.31568 Y21.72502
G01 X-41.72562 Y21.72502
G01 X-41.72772 Y21.73089
G01 X-41.72562 Y21.72502
G01 X-41.83552 Y21.63483
G01 X-41.97385 Y21.56091
G01 X-42.12391 Y21.51540
G01 X-42.28000 Y21.50000
G01 X-43.76999 Y21.50000
G01 X-43.92607 Y21.51540
G01 X-44.07613 Y21.56091
G01 X-44.21443 Y21.63483
G01 X-44.32434 Y21.72505
G01 X-44.32226 Y21.73089
G01 X-44.32434 Y21.72505
G01 X-45.72563 Y21.72505
G01 X-45.72772 Y21.73089
G01 X-45.72563 Y21.72505
G01 X-45.83554 Y21.63483
G01 X-45.97384 Y21.56091
G01 X-46.12390 Y21.51540
G01 X-46.27999 Y21.50000
G01 X-47.76998 Y21.50000
G01 X-47.92606 Y21.51540
G01 X-48.07612 Y21.56091
G01 X-48.21445 Y21.63483
G01 X-48.32436 Y21.72502
G01 X-48.32225 Y21.73089
G01 X-48.32436 Y21.72502
G01 X-48.73429 Y21.72502
G01 X-48.74003 Y21.73617
G01 X-48.73429 Y21.72502
G01 X-48.79870 Y21.62860
G01 X-48.82979 Y21.59073
G01 X-48.94069 Y21.47984
G01 X-48.97859 Y21.44875
G01 X-49.04163 Y21.40196
G01 X-49.10899 Y21.36160
G01 X-49.15219 Y21.33851
G01 X-49.18473 Y21.32502
G01 X-49.62474 Y21.32502
G01 X-49.18473 Y21.32502
G01 X-48.97772 Y21.32502
G01 X-48.81407 Y21.32502
G01 X-48.67328 Y21.32502
G01 X-48.59789 Y21.40041
G01 X-48.57767 Y21.42505
G01 X-48.58113 Y21.43308
G01 X-48.57767 Y21.42505
G01 X-48.42941 Y21.42505
G01 X-48.42845 Y21.42860
G01 X-48.42941 Y21.42505
G01 X-48.38113 Y21.38540
G01 X-48.19093 Y21.28375
G01 X-47.98458 Y21.22114
G01 X-47.76998 Y21.20000
G01 X-46.27999 Y21.20000
G01 X-46.06538 Y21.22114
G01 X-45.85903 Y21.28375
G01 X-45.66886 Y21.38540
G01 X-45.62055 Y21.42505
G01 X-45.62152 Y21.42860
G01 X-45.62055 Y21.42505
G01 X-44.42942 Y21.42505
G01 X-44.42845 Y21.42860
G01 X-44.42942 Y21.42505
G01 X-44.38111 Y21.38540
G01 X-44.19094 Y21.28375
G01 X-43.98459 Y21.22114
G01 X-43.76999 Y21.20000
G01 X-43.23704 Y21.20000
G01 X-43.03913 Y21.20973
G01 X-43.03791 Y21.20976
G01 X-42.92620 Y21.21250
G01 X-42.92498 Y21.21253
G01 X-42.28195 Y21.21253
G01 X-42.02800 Y21.23249
G01 X-41.85904 Y21.28375
G01 X-41.66887 Y21.38540
G01 X-41.62056 Y21.42505
G01 X-41.62153 Y21.42860
G01 X-41.62056 Y21.42505
G01 X-41.47230 Y21.42505
G01 X-41.46885 Y21.43308
G01 X-41.47230 Y21.42505
G01 X-41.45208 Y21.40041
G01 X-41.37672 Y21.32505
G01 X-41.23593 Y21.32502
G01 X-40.42577 Y21.32502
G01 X-40.42541 Y21.32502
G01 X-39.77500 Y21.32502
G01 X-39.12448 Y21.32502
G01 X-39.05638 Y21.32838
G01 X-39.00761 Y21.33318
G01 X-38.93964 Y21.34326
G01 X-38.87302 Y21.35995
G01 X-38.82613 Y21.37417
G01 X-38.69933 Y21.42670
G01 X-38.65613 Y21.44979
G01 X-38.59720 Y21.48512
G01 X-38.54203 Y21.52604
G01 X-38.50413 Y21.55713
G01 X-38.40711 Y21.65416
G01 X-38.37602 Y21.69205
G01 X-38.29976 Y21.80615
G01 X-38.28861 Y21.82705
G01 X-38.29468 Y21.83856
G01 X-38.28861 Y21.82705
G01 X-38.25100 Y21.82502
G01 X-34.79898 Y21.82502
G01 X-34.76172 Y21.82769
G01 X-34.75563 Y21.83925
G01 X-34.76172 Y21.82769
G01 X-34.75019 Y21.80615
G01 X-34.67397 Y21.69205
G01 X-34.64288 Y21.65416
G01 X-34.54585 Y21.55713
G01 X-34.50795 Y21.52604
G01 X-34.45278 Y21.48512
G01 X-34.39385 Y21.44979
G01 X-34.35062 Y21.42670
G01 X-34.22385 Y21.37417
G01 X-34.17696 Y21.35995
G01 X-34.11031 Y21.34326
G01 X-34.04237 Y21.33318
G01 X-33.99360 Y21.32838
G01 X-33.92525 Y21.32502
G01 X-34.36525 Y21.32502
G01 X-34.39777 Y21.33851
G01 X-34.44100 Y21.36160
G01 X-34.50833 Y21.40196
G01 X-34.57140 Y21.44875
G01 X-34.60927 Y21.47984
G01 X-34.72017 Y21.59073
G01 X-34.75126 Y21.62860
G01 X-34.81570 Y21.72502
G01 X-34.80996 Y21.73617
G01 X-34.81570 Y21.72502
G01 X-38.23428 Y21.72502
G01 X-38.24002 Y21.73617
G01 X-38.23428 Y21.72502
G01 X-38.29872 Y21.62860
G01 X-38.32981 Y21.59073
G01 X-38.44068 Y21.47984
G01 X-38.47858 Y21.44875
G01 X-38.54165 Y21.40196
G01 X-38.60898 Y21.36160
G01 X-38.65219 Y21.33851
G01 X-38.68470 Y21.32502
G01 X-39.12448 Y21.32502
G01 X-38.68470 Y21.32502
G01 X-38.47769 Y21.32502
G01 X-38.41513 Y21.37143
G01 X-38.37726 Y21.40252
G01 X-38.25250 Y21.52728
G01 X-38.22141 Y21.56516
G01 X-38.18140 Y21.62502
G01 X-38.18696 Y21.63592
G01 X-38.18140 Y21.62502
G01 X-34.86856 Y21.62502
G01 X-34.86302 Y21.63592
G01 X-34.86856 Y21.62502
G01 X-34.82858 Y21.56516
G01 X-34.79749 Y21.52728
G01 X-34.67272 Y21.40252
G01 X-34.63482 Y21.37143
G01 X-34.57226 Y21.32502
G01 X-34.73592 Y21.32502
G01 X-34.73614 Y21.32523
G01 X-34.87478 Y21.46383
G01 X-34.90587 Y21.50173
G01 X-34.92144 Y21.52502
G01 X-34.91781 Y21.53338
G01 X-34.92144 Y21.52502
G01 X-38.12854 Y21.52502
G01 X-38.13218 Y21.53338
G01 X-38.12854 Y21.52502
G01 X-38.14411 Y21.50173
G01 X-38.17520 Y21.46383
G01 X-38.31381 Y21.32523
G01 X-38.31404 Y21.32502
G01 X-38.47769 Y21.32502
G01 X-38.31404 Y21.32502
G01 X-38.17327 Y21.32502
G01 X-38.09791 Y21.40041
G01 X-38.07769 Y21.42505
G01 X-38.08112 Y21.43308
G01 X-38.07769 Y21.42505
G01 X-34.97229 Y21.42505
G01 X-34.96886 Y21.43308
G01 X-34.97229 Y21.42505
G01 X-34.95207 Y21.40041
G01 X-34.87671 Y21.32502
G01 X-34.73592 Y21.32502
G01 X-34.57226 Y21.32502
G01 X-34.36525 Y21.32502
G01 X-33.92525 Y21.32502
G01 X-32.62472 Y21.32502
G01 X-32.55637 Y21.32838
G01 X-32.50760 Y21.33318
G01 X-32.43965 Y21.34326
G01 X-32.37301 Y21.35995
G01 X-32.32612 Y21.37417
G01 X-32.19935 Y21.42670
G01 X-32.15611 Y21.44979
G01 X-32.09719 Y21.48512
G01 X-32.04202 Y21.52604
G01 X-32.00415 Y21.55713
G01 X-31.90709 Y21.65416
G01 X-31.87600 Y21.69205
G01 X-31.79978 Y21.80615
G01 X-31.78860 Y21.82705
G01 X-31.79470 Y21.83869
G01 X-31.78860 Y21.82705
G01 X-31.75096 Y21.82502
G01 X-31.28136 Y21.82502
G01 X-31.27900 Y21.83135
G01 X-31.28136 Y21.82502
G01 X-31.26496 Y21.80503
G01 X-31.15889 Y21.71799
G01 X-31.03785 Y21.65329
G01 X-30.90656 Y21.61347
G01 X-30.76999 Y21.60000
G01 X-29.28000 Y21.60000
G01 X-29.14342 Y21.61347
G01 X-29.01210 Y21.65329
G01 X-28.89110 Y21.71799
G01 X-28.78500 Y21.80503
G01 X-28.76859 Y21.82505
G01 X-28.77101 Y21.83142
G01 X-28.76859 Y21.82505
G01 X-27.28137 Y21.82505
G01 X-27.27898 Y21.83142
G01 X-27.28137 Y21.82505
G01 X-27.26496 Y21.80503
G01 X-27.15889 Y21.71799
G01 X-27.03786 Y21.65329
G01 X-26.90654 Y21.61347
G01 X-26.76999 Y21.60000
G01 X-25.27998 Y21.60000
G01 X-25.14343 Y21.61347
G01 X-25.01211 Y21.65329
G01 X-24.89108 Y21.71799
G01 X-24.78501 Y21.80503
G01 X-24.76860 Y21.82502
G01 X-24.77099 Y21.83132
G01 X-24.76860 Y21.82502
G01 X-24.29898 Y21.82502
G01 X-24.26172 Y21.82769
G01 X-24.25560 Y21.83940
G01 X-24.26172 Y21.82769
G01 X-24.25021 Y21.80615
G01 X-24.17396 Y21.69205
G01 X-24.14287 Y21.65416
G01 X-24.04584 Y21.55713
G01 X-24.00795 Y21.52604
G01 X-23.95278 Y21.48512
G01 X-23.89385 Y21.44979
G01 X-23.85064 Y21.42670
G01 X-23.72385 Y21.37417
G01 X-23.67696 Y21.35995
G01 X-23.61034 Y21.34326
G01 X-23.54236 Y21.33318
G01 X-23.49360 Y21.32838
G01 X-23.42525 Y21.32502
G01 X-23.86525 Y21.32502
G01 X-23.89779 Y21.33851
G01 X-23.94099 Y21.36160
G01 X-24.00833 Y21.40196
G01 X-24.07140 Y21.44875
G01 X-24.10927 Y21.47984
G01 X-24.22016 Y21.59073
G01 X-24.25125 Y21.62860
G01 X-24.31569 Y21.72502
G01 X-24.30995 Y21.73617
G01 X-24.31569 Y21.72502
G01 X-24.72562 Y21.72502
G01 X-24.72771 Y21.73089
G01 X-24.72562 Y21.72502
G01 X-24.83553 Y21.63483
G01 X-24.97383 Y21.56091
G01 X-25.12392 Y21.51540
G01 X-25.27998 Y21.50000
G01 X-26.76999 Y21.50000
G01 X-26.92605 Y21.51540
G01 X-27.07614 Y21.56091
G01 X-27.21444 Y21.63483
G01 X-27.32435 Y21.72505
G01 X-27.32227 Y21.73089
G01 X-27.32435 Y21.72505
G01 X-28.72562 Y21.72505
G01 X-28.72772 Y21.73089
G01 X-28.72562 Y21.72505
G01 X-28.83552 Y21.63483
G01 X-28.97385 Y21.56091
G01 X-29.12391 Y21.51540
G01 X-29.28000 Y21.50000
G01 X-30.76999 Y21.50000
G01 X-30.92607 Y21.51540
G01 X-31.07613 Y21.56091
G01 X-31.21443 Y21.63483
G01 X-31.32434 Y21.72502
G01 X-31.32226 Y21.73089
G01 X-31.32434 Y21.72502
G01 X-31.73427 Y21.72502
G01 X-31.74001 Y21.73617
G01 X-31.73427 Y21.72502
G01 X-31.79871 Y21.62860
G01 X-31.82980 Y21.59073
G01 X-31.94070 Y21.47984
G01 X-31.97857 Y21.44875
G01 X-32.04164 Y21.40196
G01 X-32.10897 Y21.36160
G01 X-32.15220 Y21.33851
G01 X-32.18471 Y21.32502
G01 X-32.62472 Y21.32502
G01 X-32.18471 Y21.32502
G01 X-31.97770 Y21.32502
G01 X-31.91514 Y21.37143
G01 X-31.87725 Y21.40252
G01 X-31.75251 Y21.52728
G01 X-31.72142 Y21.56516
G01 X-31.68141 Y21.62502
G01 X-31.68695 Y21.63592
G01 X-31.68141 Y21.62502
G01 X-31.35937 Y21.62502
G01 X-31.35728 Y21.63089
G01 X-31.35937 Y21.62502
G01 X-31.27001 Y21.55169
G01 X-31.11441 Y21.46853
G01 X-30.94558 Y21.41730
G01 X-30.76999 Y21.40000
G01 X-29.28000 Y21.40000
G01 X-29.10441 Y21.41730
G01 X-28.93557 Y21.46853
G01 X-28.77997 Y21.55169
G01 X-28.69061 Y21.62502
G01 X-28.69270 Y21.63089
G01 X-28.69061 Y21.62502
G01 X-27.35938 Y21.62502
G01 X-27.35729 Y21.63089
G01 X-27.35938 Y21.62502
G01 X-27.26999 Y21.55169
G01 X-27.11439 Y21.46853
G01 X-26.94556 Y21.41730
G01 X-26.76999 Y21.40000
G01 X-25.27998 Y21.40000
G01 X-25.10441 Y21.41730
G01 X-24.93558 Y21.46853
G01 X-24.77998 Y21.55169
G01 X-24.69060 Y21.62502
G01 X-24.69271 Y21.63089
G01 X-24.69060 Y21.62502
G01 X-24.36858 Y21.62502
G01 X-24.36301 Y21.63592
G01 X-24.36858 Y21.62502
G01 X-24.32857 Y21.56516
G01 X-24.29748 Y21.52728
G01 X-24.17272 Y21.40252
G01 X-24.13485 Y21.37143
G01 X-24.07226 Y21.32502
G01 X-24.23591 Y21.32502
G01 X-24.23617 Y21.32523
G01 X-24.37477 Y21.46383
G01 X-24.40586 Y21.50173
G01 X-24.42143 Y21.52502
G01 X-24.41780 Y21.53338
G01 X-24.42143 Y21.52502
G01 X-24.65557 Y21.52502
G01 X-24.65768 Y21.53089
G01 X-24.65557 Y21.52502
G01 X-24.72440 Y21.46853
G01 X-24.89730 Y21.37613
G01 X-25.08491 Y21.31923
G01 X-25.27998 Y21.30000
G01 X-26.76999 Y21.30000
G01 X-26.96507 Y21.31923
G01 X-27.15267 Y21.37613
G01 X-27.32557 Y21.46853
G01 X-27.39440 Y21.52505
G01 X-27.39229 Y21.53089
G01 X-27.39440 Y21.52505
G01 X-28.65559 Y21.52505
G01 X-28.65767 Y21.53089
G01 X-28.65559 Y21.52505
G01 X-28.72442 Y21.46853
G01 X-28.89729 Y21.37613
G01 X-29.08490 Y21.31923
G01 X-29.28000 Y21.30000
G01 X-30.76999 Y21.30000
G01 X-30.96508 Y21.31923
G01 X-31.15266 Y21.37613
G01 X-31.32556 Y21.46853
G01 X-31.39439 Y21.52502
G01 X-31.39231 Y21.53089
G01 X-31.39439 Y21.52502
G01 X-31.62853 Y21.52502
G01 X-31.63219 Y21.53338
G01 X-31.62853 Y21.52502
G01 X-31.64410 Y21.50173
G01 X-31.67519 Y21.46383
G01 X-31.81382 Y21.32523
G01 X-31.81405 Y21.32502
G01 X-31.97770 Y21.32502
G01 X-31.81405 Y21.32502
G01 X-31.67329 Y21.32502
G01 X-31.59790 Y21.40041
G01 X-31.57768 Y21.42505
G01 X-31.58113 Y21.43308
G01 X-31.57768 Y21.42505
G01 X-31.42942 Y21.42505
G01 X-31.42846 Y21.42860
G01 X-31.42942 Y21.42505
G01 X-31.38111 Y21.38540
G01 X-31.19094 Y21.28375
G01 X-30.98459 Y21.22114
G01 X-30.76999 Y21.20000
G01 X-29.28000 Y21.20000
G01 X-29.06539 Y21.22114
G01 X-28.85904 Y21.28375
G01 X-28.66887 Y21.38540
G01 X-28.62056 Y21.42505
G01 X-28.62153 Y21.42860
G01 X-28.62056 Y21.42505
G01 X-27.42943 Y21.42505
G01 X-27.42844 Y21.42860
G01 X-27.42943 Y21.42505
G01 X-27.38112 Y21.38540
G01 X-27.19095 Y21.28375
G01 X-26.98460 Y21.22114
G01 X-26.76999 Y21.20000
G01 X-25.27998 Y21.20000
G01 X-25.06540 Y21.22114
G01 X-24.85902 Y21.28375
G01 X-24.66885 Y21.38540
G01 X-24.62054 Y21.42505
G01 X-24.62153 Y21.42860
G01 X-24.62054 Y21.42505
G01 X-24.47228 Y21.42505
G01 X-24.46886 Y21.43308
G01 X-24.47228 Y21.42505
G01 X-24.45207 Y21.40041
G01 X-24.37670 Y21.32502
G01 X-24.23591 Y21.32502
G01 X-24.07226 Y21.32502
G01 X-23.86525 Y21.32502
G01 X-23.42525 Y21.32502
G01 X-22.12474 Y21.32502
G01 X-22.05636 Y21.32838
G01 X-22.00760 Y21.33318
G01 X-21.93965 Y21.34326
G01 X-21.87303 Y21.35995
G01 X-21.82611 Y21.37417
G01 X-21.69934 Y21.42670
G01 X-21.65611 Y21.44979
G01 X-21.59721 Y21.48512
G01 X-21.54201 Y21.52604
G01 X-21.50414 Y21.55713
G01 X-21.40711 Y21.65416
G01 X-21.37602 Y21.69205
G01 X-21.29977 Y21.80615
G01 X-21.27668 Y21.84936
G01 X-21.24730 Y21.91146
G01 X-21.22416 Y21.97615
G01 X-21.20993 Y22.02304
G01 X-21.19325 Y22.08967
G01 X-21.18316 Y22.15764
G01 X-21.17836 Y22.20640
G01 X-21.17498 Y22.27501
G01 X-21.17498 Y25.33784
G01 X-21.18281 Y25.34117
G01 X-21.17498 Y25.33784
G01 X-21.13729 Y25.36306
G01 X-21.04275 Y25.45656
G01 X-20.99797 Y25.51018
G01 X-20.93203 Y25.60373
G01 X-20.88222 Y25.70680
G01 X-20.84986 Y25.81661
G01 X-20.83960 Y25.86604
G01 X-20.82865 Y25.93680
G01 X-20.82497 Y26.00830
G01 X-20.82497 Y26.23507
G01 X-20.83231 Y26.23817
G01 X-20.82497 Y26.23507
G01 X-20.60915 Y26.45092
G01 X-20.61057 Y26.45323
G01 X-20.60915 Y26.45092
G01 X-20.54580 Y26.46352
G01 X-20.49891 Y26.47774
G01 X-20.43422 Y26.50088
G01 X-20.37214 Y26.53025
G01 X-20.32891 Y26.55336
G01 X-20.26998 Y26.58867
G01 X-20.21481 Y26.62959
G01 X-20.17692 Y26.66067
G01 X-20.12604 Y26.70683
G01 X-19.91024 Y26.92260
G01 X-19.86427 Y26.97863
G01 X-19.86267 Y26.98051
G01 X-19.73084 Y27.12593
G01 X-19.73000 Y27.12684
G01 X-19.68050 Y27.17883
G01 X-19.67963 Y27.17972
G01 X-19.22038 Y27.63896
G01 X-19.17169 Y27.69014
G01 X-19.14009 Y27.72499
G01 X-19.04880 Y27.83626
G01 X-19.02068 Y27.87421
G01 X-18.93635 Y28.00055
G01 X-18.91113 Y28.04266
G01 X-18.88792 Y28.08267
G01 X-18.88431 Y28.08805
G01 X-18.88474 Y28.08841
G01 X-18.88431 Y28.08805
G01 X-18.88004 Y28.09293
G01 X-18.82170 Y28.15125
G01 X-18.76163 Y28.26138
G01 X-18.76064 Y28.26314
G01 X-18.50090 Y28.69651
G01 X-18.49960 Y28.69857
G01 X-18.49297 Y28.70847
G01 X-18.49960 Y28.69857
G01 X-18.50090 Y28.69651
G01 X-18.70638 Y28.35366
G01 X-18.94667 Y28.11338
G01 X-18.94888 Y28.11475
G01 X-18.94667 Y28.11338
G01 X-18.94679 Y28.11246
G01 X-18.96348 Y28.04584
G01 X-18.97771 Y27.99892
G01 X-19.00084 Y27.93426
G01 X-19.03023 Y27.87215
G01 X-19.05050 Y27.83423
G01 X-19.14009 Y27.72499
G01 X-19.17169 Y27.69014
G01 X-19.22038 Y27.63896
G01 X-19.67963 Y27.17972
G01 X-19.68050 Y27.17883
G01 X-19.73000 Y27.12684
G01 X-19.73084 Y27.12593
G01 X-19.86267 Y26.98051
G01 X-19.86427 Y26.97863
G01 X-19.95799 Y26.86438
G01 X-19.95949 Y26.86248
G01 X-20.07755 Y26.70330
G01 X-20.07791 Y26.70281
G01 X-20.10112 Y26.67068
G01 X-20.10148 Y26.67017
G01 X-20.14781 Y26.60436
G01 X-20.14816 Y26.60385
G01 X-20.17161 Y26.56964
G01 X-20.17196 Y26.56916
G01 X-20.17651 Y26.56233
G01 X-20.22213 Y26.50088
G01 X-20.28126 Y26.42131
G01 X-20.29378 Y26.40607
G01 X-20.29404 Y26.40573
G01 X-20.31420 Y26.38074
G01 X-20.31446 Y26.38041
G01 X-20.42330 Y26.24325
G01 X-20.44788 Y26.21277
G01 X-20.47872 Y26.17523
G01 X-20.48230 Y26.17025
G01 X-20.48527 Y26.16487
G01 X-20.49812 Y26.13764
G01 X-20.52497 Y26.11082
G01 X-20.52980 Y26.11249
G01 X-20.52497 Y26.11082
G01 X-20.52497 Y26.00830
G01 X-20.53020 Y25.90614
G01 X-20.54585 Y25.80505
G01 X-20.55611 Y25.75562
G01 X-20.60234 Y25.59875
G01 X-20.67351 Y25.45153
G01 X-20.76772 Y25.31788
G01 X-20.81250 Y25.26426
G01 X-20.87498 Y25.20246
G01 X-20.88189 Y25.20518
G01 X-20.87498 Y25.20246
G01 X-20.87498 Y22.27501
G01 X-20.87981 Y22.17699
G01 X-20.88461 Y22.12822
G01 X-20.89901 Y22.03114
G01 X-20.92286 Y21.93594
G01 X-20.93709 Y21.88906
G01 X-20.97013 Y21.79665
G01 X-21.01209 Y21.70795
G01 X-21.03521 Y21.66472
G01 X-21.14410 Y21.50173
G01 X-21.17521 Y21.46383
G01 X-21.31382 Y21.32523
G01 X-21.31407 Y21.32502
G01 X-21.47770 Y21.32502
G01 X-21.41514 Y21.37143
G01 X-21.37727 Y21.40252
G01 X-21.25250 Y21.52728
G01 X-21.22141 Y21.56516
G01 X-21.12340 Y21.71187
G01 X-21.10028 Y21.75510
G01 X-21.06254 Y21.83493
G01 X-21.03277 Y21.91809
G01 X-21.01854 Y21.96498
G01 X-20.99708 Y22.05065
G01 X-20.98413 Y22.13803
G01 X-20.97933 Y22.18679
G01 X-20.97498 Y22.27501
G01 X-20.97498 Y25.24358
G01 X-20.98204 Y25.24638
G01 X-20.97498 Y25.24358
G01 X-20.88923 Y25.32837
G01 X-20.84445 Y25.38199
G01 X-20.75967 Y25.50228
G01 X-20.69563 Y25.63477
G01 X-20.65403 Y25.77594
G01 X-20.64377 Y25.82537
G01 X-20.62970 Y25.91635
G01 X-20.62497 Y26.00830
G01 X-20.62497 Y26.15222
G01 X-20.63216 Y26.15529
G01 X-20.62497 Y26.15222
G01 X-20.50940 Y26.26781
G01 X-20.51093 Y26.27035
G01 X-20.50940 Y26.26781
G01 X-20.48776 Y26.27213
G01 X-20.44085 Y26.28635
G01 X-20.36858 Y26.31221
G01 X-20.31446 Y26.38041
G01 X-20.31420 Y26.38074
G01 X-20.29404 Y26.40573
G01 X-20.29378 Y26.40607
G01 X-20.28126 Y26.42131
G01 X-20.22213 Y26.50088
G01 X-20.28177 Y26.46517
G01 X-20.32500 Y26.44206
G01 X-20.39597 Y26.40850
G01 X-20.46988 Y26.38204
G01 X-20.51677 Y26.36781
G01 X-20.55926 Y26.35935
G01 X-20.56086 Y26.36205
G01 X-20.55926 Y26.35935
G01 X-20.72497 Y26.19364
G01 X-20.73226 Y26.19672
G01 X-20.72497 Y26.19364
G01 X-20.72497 Y26.00830
G01 X-20.72916 Y25.92659
G01 X-20.74168 Y25.84569
G01 X-20.75195 Y25.79626
G01 X-20.78893 Y25.67079
G01 X-20.84585 Y25.55301
G01 X-20.92121 Y25.44607
G01 X-20.96599 Y25.39245
G01 X-21.07404 Y25.28559
G01 X-21.07496 Y25.28499
G01 X-21.08212 Y25.28786
G01 X-21.07496 Y25.28499
G01 X-21.07498 Y22.27501
G01 X-21.07884 Y22.19660
G01 X-21.08364 Y22.14783
G01 X-21.09515 Y22.07016
G01 X-21.11423 Y21.99401
G01 X-21.12848 Y21.94712
G01 X-21.15492 Y21.87321
G01 X-21.18847 Y21.80221
G01 X-21.21158 Y21.75901
G01 X-21.29871 Y21.62860
G01 X-21.32980 Y21.59073
G01 X-21.44069 Y21.47984
G01 X-21.47859 Y21.44875
G01 X-21.54163 Y21.40196
G01 X-21.60897 Y21.36160
G01 X-21.65220 Y21.33851
G01 X-21.68474 Y21.32502
G01 X-22.12474 Y21.32502
G01 X-21.68474 Y21.32502
G01 X-21.47770 Y21.32502
G01 X-21.31407 Y21.32502
G01 X-21.17328 Y21.32502
G01 X-21.09789 Y21.40041
G01 X-21.06680 Y21.43828
G01 X-20.94702 Y21.61758
G01 X-20.92390 Y21.66081
G01 X-20.87775 Y21.75840
G01 X-20.84138 Y21.86002
G01 X-20.82716 Y21.90694
G01 X-20.80092 Y22.01164
G01 X-20.78509 Y22.11842
G01 X-20.78029 Y22.16719
G01 X-20.77498 Y22.27501
G01 X-20.77498 Y25.16136
G01 X-20.78164 Y25.16393
G01 X-20.77498 Y25.16136
G01 X-20.73574 Y25.20015
G01 X-20.69096 Y25.25377
G01 X-20.58733 Y25.40081
G01 X-20.57514 Y25.42601
G01 X-20.55390 Y25.60216
G01 X-20.54852 Y25.65161
G01 X-20.53922 Y25.74663
G01 X-20.53917 Y25.74724
G01 X-20.53363 Y25.79763
G01 X-20.53356 Y25.79822
G01 X-20.52744 Y25.84864
G01 X-20.52065 Y26.01041
G01 X-20.52065 Y26.01074
G01 X-20.51684 Y26.08917
G01 X-20.51611 Y26.09568
G01 X-20.51781 Y26.09608
G01 X-20.51611 Y26.09568
G01 X-20.51451 Y26.10203
G01 X-20.51209 Y26.10812
G01 X-20.49812 Y26.13764
G01 X-20.48527 Y26.16487
G01 X-20.48230 Y26.17025
G01 X-20.47872 Y26.17523
G01 X-20.44788 Y26.21277
G01 X-20.42330 Y26.24325
G01 X-20.31446 Y26.38041
G01 X-20.31420 Y26.38074
G01 X-20.29404 Y26.40573
G01 X-20.29378 Y26.40607
G01 X-20.28126 Y26.42131
G01 X-20.22213 Y26.50088
G01 X-20.17651 Y26.56233
G01 X-20.17196 Y26.56916
G01 X-20.17161 Y26.56964
G01 X-20.14816 Y26.60385
G01 X-20.14781 Y26.60436
G01 X-20.10148 Y26.67017
G01 X-20.10112 Y26.67068
G01 X-20.07791 Y26.70281
G01 X-20.07755 Y26.70330
G01 X-19.95949 Y26.86248
G01 X-19.95799 Y26.86438
G01 X-19.86427 Y26.97863
G01 X-19.86267 Y26.98051
G01 X-19.73084 Y27.12593
G01 X-19.73000 Y27.12684
G01 X-19.68050 Y27.17883
G01 X-19.67963 Y27.17972
G01 X-19.22038 Y27.63896
G01 X-19.17169 Y27.69014
G01 X-19.14009 Y27.72499
G01 X-19.04880 Y27.83626
G01 X-19.02068 Y27.87421
G01 X-18.93635 Y28.00055
G01 X-18.91113 Y28.04266
G01 X-18.88792 Y28.08267
G01 X-18.88431 Y28.08805
G01 X-18.88004 Y28.09293
G01 X-18.82170 Y28.15125
G01 X-18.76163 Y28.26138
G01 X-18.76064 Y28.26314
G01 X-18.50090 Y28.69651
G01 X-18.49960 Y28.69857
G01 X-18.49297 Y28.70847
G01 X-18.42868 Y28.80479
G01 X-18.42726 Y28.80682
G01 X-18.13211 Y29.20479
G01 X-18.13062 Y29.20669
G01 X-18.06211 Y29.29021
G01 X-18.06051 Y29.29209
G01 X-17.73100 Y29.65564
G01 X-17.72930 Y29.65742
G01 X-17.65734 Y29.72938
G01 X-17.65556 Y29.73108
G01 X-17.29201 Y30.06059
G01 X-17.29013 Y30.06219
G01 X-17.23755 Y30.10532
G01 X-15.81787 Y31.52500
G01 X-15.82102 Y31.53262
G01 X-15.81787 Y31.52500
G01 X-12.64899 Y31.52500
G01 X-12.57782 Y31.53011
G01 X-12.52499 Y31.54159
G01 X-12.50137 Y31.57336
G01 X-12.52499 Y31.54159
G01 X-12.52499 Y31.52500
G01 X-12.51739 Y31.43819
G01 X-12.49484 Y31.35401
G01 X-12.45801 Y31.27502
G01 X-12.40802 Y31.20362
G01 X-12.34638 Y31.14200
G01 X-12.27498 Y31.09201
G01 X-12.19601 Y31.05515
G01 X-12.11181 Y31.03260
G01 X-12.02499 Y31.02500
G01 X-9.41829 Y31.02500
G01 X-9.41768 Y31.02760
G01 X-9.41829 Y31.02500
G01 X-9.23904 Y30.92920
G01 X-9.14849 Y30.89171
G01 X-8.91400 Y30.82056
G01 X-8.81786 Y30.80143
G01 X-8.57399 Y30.77743
G01 X-8.52500 Y30.77502
G01 X-5.52498 Y30.77502
G01 X-5.47595 Y30.77743
G01 X-5.23209 Y30.80143
G01 X-5.13595 Y30.82056
G01 X-4.90146 Y30.89171
G01 X-4.81091 Y30.92920
G01 X-4.63166 Y31.02500
G01 X-4.63229 Y31.02762
G01 X-4.63166 Y31.02500
G01 X-2.02498 Y31.02500
G01 X-1.92745 Y31.03463
G01 X-1.83365 Y31.06308
G01 X-1.74721 Y31.10928
G01 X-1.67144 Y31.17146
G01 X-1.60926 Y31.24723
G01 X-1.56306 Y31.33367
G01 X-1.53459 Y31.42747
G01 X-1.52498 Y31.52500
G01 X-1.52496 Y37.02502
G01 X-1.52737 Y37.07404
G01 X-1.52887 Y37.08923
G01 X-1.52783 Y37.09560
G01 X-1.52496 Y37.14902
G01 X-1.52496 Y39.40101
G01 X-1.53006 Y39.47218
G01 X-1.54523 Y39.54190
G01 X-1.56491 Y39.60893
G01 X-1.60024 Y39.69715
G01 X-1.65160 Y39.77711
G01 X-1.71716 Y39.84589
G01 X-1.76997 Y39.89166
G01 X-1.83720 Y39.94073
G01 X-1.91162 Y39.97800
G01 X-1.99123 Y40.00241
G01 X-2.04274 Y40.01361
G01 X-2.09554 Y40.02217
G01 X-2.14899 Y40.02504
G01 X-17.97362 Y40.02504
G01 X-18.04474 Y40.01993
G01 X-18.11444 Y40.00477
G01 X-18.18149 Y39.98508
G01 X-18.24299 Y39.96258
G01 X-18.30102 Y39.93220
G01 X-18.35459 Y39.89451
G01 X-18.37522 Y39.87787
G01 X-18.41484 Y39.84226
G01 X-27.23207 Y31.02500
G01 X-27.22892 Y31.01741
G01 X-27.23207 Y31.02500
G01 X-42.97009 Y31.02503
G01 X-42.97014 Y31.02442
G01 X-42.97009 Y31.02503
G01 X-47.40323 Y32.01017
G01 X-47.45725 Y32.01908
G01 X-47.48415 Y32.02203
G01 X-47.53861 Y32.02503
G01 X-47.78235 Y32.02503
G01 X-47.78524 Y32.01832
G01 X-47.78235 Y32.02503
G01 X-48.10366 Y32.34634
G01 X-48.14000 Y32.37928
G01 X-48.51885 Y32.69020
G01 X-48.55827 Y32.71944
G01 X-48.60035 Y32.74466
G01 X-48.76929 Y32.83496
G01 X-48.77457 Y32.83061
G01 X-48.76929 Y32.83496
G01 X-48.82489 Y33.01822
G01 X-48.86238 Y33.10877
G01 X-49.13962 Y33.62741
G01 X-49.19408 Y33.70892
G01 X-49.56715 Y34.16353
G01 X-49.60012 Y34.19988
G01 X-49.63647 Y34.23285
G01 X-50.09108 Y34.60592
G01 X-50.13050 Y34.63516
G01 X-50.17259 Y34.66038
G01 X-50.69123 Y34.93762
G01 X-50.78178 Y34.97511
G01 X-51.34457 Y35.14585
G01 X-51.39217 Y35.15776
G01 X-51.44071 Y35.16495
G01 X-51.54284 Y35.17501
G01 X-51.09628 Y35.17501
G01 X-50.75278 Y35.07082
G01 X-50.64409 Y35.02581
G01 X-50.12545 Y34.74857
G01 X-50.02763 Y34.68324
G01 X-49.57302 Y34.31014
G01 X-49.52941 Y34.27059
G01 X-49.48986 Y34.22698
G01 X-49.11676 Y33.77237
G01 X-49.05143 Y33.67455
G01 X-48.77419 Y33.15591
G01 X-48.72918 Y33.04723
G01 X-48.68562 Y32.90361
G01 X-48.69098 Y32.89909
G01 X-48.68562 Y32.90361
G01 X-48.55321 Y32.83285
G01 X-48.50272 Y32.80257
G01 X-48.45542 Y32.76749
G01 X-48.07658 Y32.45660
G01 X-48.03294 Y32.41705
G01 X-47.74092 Y32.12503
G01 X-47.74376 Y32.11852
G01 X-47.74092 Y32.12503
G01 X-47.53861 Y32.12503
G01 X-47.47325 Y32.12145
G01 X-47.44636 Y32.11850
G01 X-47.38153 Y32.10778
G01 X-42.95912 Y31.12503
G01 X-42.95917 Y31.12442
G01 X-42.95912 Y31.12503
G01 X-27.27350 Y31.12503
G01 X-27.27035 Y31.11741
G01 X-27.27350 Y31.12503
G01 X-18.48556 Y39.91297
G01 X-18.43801 Y39.95569
G01 X-18.41738 Y39.97233
G01 X-18.35309 Y40.01757
G01 X-18.28347 Y40.05402
G01 X-18.20966 Y40.08104
G01 X-18.14260 Y40.10073
G01 X-18.05899 Y40.11892
G01 X-17.97362 Y40.12504
G01 X-2.14899 Y40.12504
G01 X-2.08485 Y40.12158
G01 X-2.02148 Y40.11132
G01 X-1.96997 Y40.10012
G01 X-1.87446 Y40.07083
G01 X-1.78516 Y40.02613
G01 X-1.70449 Y39.96723
G01 X-1.65168 Y39.92146
G01 X-1.57299 Y39.83891
G01 X-1.51134 Y39.74297
G01 X-1.46898 Y39.63713
G01 X-1.44929 Y39.57010
G01 X-1.43108 Y39.48643
G01 X-1.42496 Y39.40101
G01 X-1.42496 Y37.14902
G01 X-1.42826 Y37.08783
G01 X-1.42785 Y37.08384
G01 X-1.42496 Y37.02502
G01 X-1.42498 Y31.52500
G01 X-1.43652 Y31.40796
G01 X-1.47065 Y31.29541
G01 X-1.52610 Y31.19168
G01 X-1.60073 Y31.10075
G01 X-1.69163 Y31.02612
G01 X-1.79537 Y30.97067
G01 X-1.90794 Y30.93654
G01 X-2.02498 Y30.92500
G01 X-4.60661 Y30.92500
G01 X-4.60720 Y30.92757
G01 X-4.60661 Y30.92500
G01 X-4.76376 Y30.84101
G01 X-4.87245 Y30.79600
G01 X-5.10692 Y30.72488
G01 X-5.16404 Y30.71055
G01 X-5.22228 Y30.70192
G01 X-5.46615 Y30.67791
G01 X-5.52498 Y30.67502
G01 X-8.52500 Y30.67502
G01 X-8.58380 Y30.67791
G01 X-8.82766 Y30.70192
G01 X-8.94300 Y30.72488
G01 X-9.17750 Y30.79600
G01 X-9.28618 Y30.84101
G01 X-9.44333 Y30.92500
G01 X-9.44275 Y30.92752
G01 X-9.44333 Y30.92500
G01 X-12.02499 Y30.92500
G01 X-12.12918 Y30.93412
G01 X-12.23020 Y30.96120
G01 X-12.32499 Y31.00540
G01 X-12.41066 Y31.06539
G01 X-12.48460 Y31.13933
G01 X-12.54460 Y31.22500
G01 X-12.58879 Y31.31980
G01 X-12.61587 Y31.42081
G01 X-12.61645 Y31.42734
G01 X-12.60015 Y31.44835
G01 X-12.61645 Y31.42734
G01 X-12.64899 Y31.42500
G01 X-15.77644 Y31.42500
G01 X-15.77959 Y31.43260
G01 X-15.77644 Y31.42500
G01 X-16.70837 Y30.49305
G01 X-16.80471 Y30.42876
G01 X-16.80674 Y30.42734
G01 X-17.20471 Y30.13219
G01 X-17.20661 Y30.13070
G01 X-17.29013 Y30.06219
G01 X-17.29201 Y30.06059
G01 X-17.65556 Y29.73108
G01 X-17.65734 Y29.72938
G01 X-17.72930 Y29.65742
G01 X-17.73100 Y29.65564
G01 X-18.06051 Y29.29209
G01 X-18.06211 Y29.29021
G01 X-18.10519 Y29.23771
G01 X-19.13498 Y28.20792
G01 X-19.13816 Y28.20974
G01 X-19.13498 Y28.20792
G01 X-19.13574 Y28.20002
G01 X-19.14296 Y28.15148
G01 X-19.15487 Y28.10388
G01 X-19.16909 Y28.05699
G01 X-19.18563 Y28.01079
G01 X-19.20661 Y27.96644
G01 X-19.22972 Y27.92321
G01 X-19.28416 Y27.84172
G01 X-19.31525 Y27.80383
G01 X-19.34822 Y27.76748
G01 X-20.26744 Y26.84823
G01 X-20.30381 Y26.81528
G01 X-20.34169 Y26.78419
G01 X-20.38111 Y26.75496
G01 X-20.42319 Y26.72974
G01 X-20.46640 Y26.70662
G01 X-20.51077 Y26.68567
G01 X-20.55698 Y26.66913
G01 X-20.60386 Y26.65491
G01 X-20.70000 Y26.63578
G01 X-20.70790 Y26.63500
G01 X-20.71006 Y26.63908
G01 X-20.70790 Y26.63500
G01 X-21.02497 Y26.31793
G01 X-21.03244 Y26.32103
G01 X-21.02497 Y26.31793
G01 X-21.02497 Y26.00830
G01 X-21.02759 Y25.95722
G01 X-21.03541 Y25.90668
G01 X-21.04567 Y25.85725
G01 X-21.06879 Y25.77881
G01 X-21.10437 Y25.70520
G01 X-21.15149 Y25.63838
G01 X-21.19627 Y25.58476
G01 X-21.26378 Y25.51798
G01 X-21.34272 Y25.46517
G01 X-21.37498 Y25.45156
G01 X-21.38799 Y25.45895
G01 X-21.37498 Y25.45156
G01 X-21.37498 Y22.27501
G01 X-21.37740 Y22.22601
G01 X-21.38220 Y22.17722
G01 X-21.38941 Y22.12871
G01 X-21.40132 Y22.08111
G01 X-21.41555 Y22.03419
G01 X-21.43208 Y21.98799
G01 X-21.45306 Y21.94364
G01 X-21.47615 Y21.90041
G01 X-21.53061 Y21.81893
G01 X-21.56170 Y21.78103
G01 X-21.63101 Y21.71174
G01 X-21.66889 Y21.68065
G01 X-21.70831 Y21.65141
G01 X-21.75039 Y21.62619
G01 X-21.79363 Y21.60308
G01 X-21.88418 Y21.56556
G01 X-21.93107 Y21.55134
G01 X-21.97866 Y21.53942
G01 X-22.02720 Y21.53221
G01 X-22.07597 Y21.52741
G01 X-22.12499 Y21.52502
G01 X-23.42499 Y21.52502
G01 X-23.47399 Y21.52741
G01 X-23.52276 Y21.53221
G01 X-23.57130 Y21.53942
G01 X-23.61890 Y21.55134
G01 X-23.66581 Y21.56556
G01 X-23.75636 Y21.60308
G01 X-23.79959 Y21.62619
G01 X-23.84165 Y21.65141
G01 X-23.88107 Y21.68065
G01 X-23.91897 Y21.71174
G01 X-23.98826 Y21.78103
G01 X-24.01935 Y21.81893
G01 X-24.07381 Y21.90041
G01 X-24.09692 Y21.94364
G01 X-24.11790 Y21.98799
G01 X-24.13444 Y22.03419
G01 X-24.13944 Y22.05075
G01 X-24.12674 Y22.07407
G01 X-24.13944 Y22.05075
G01 X-24.15809 Y22.04529
G01 X-24.22781 Y22.03013
G01 X-24.29898 Y22.02502
G01 X-24.86276 Y22.02505
G01 X-24.86738 Y22.03478
G01 X-24.86276 Y22.02505
G01 X-24.86426 Y22.02223
G01 X-24.92644 Y21.94646
G01 X-25.00220 Y21.88428
G01 X-25.08864 Y21.83808
G01 X-25.18244 Y21.80963
G01 X-25.27998 Y21.80000
G01 X-26.76999 Y21.80000
G01 X-26.86753 Y21.80963
G01 X-26.96133 Y21.83808
G01 X-27.04777 Y21.88428
G01 X-27.12354 Y21.94646
G01 X-27.18572 Y22.02223
G01 X-27.18721 Y22.02505
G01 X-27.18259 Y22.03478
G01 X-27.18721 Y22.02505
G01 X-28.86275 Y22.02505
G01 X-28.86740 Y22.03478
G01 X-28.86275 Y22.02505
G01 X-28.86425 Y22.02223
G01 X-28.92643 Y21.94646
G01 X-29.00220 Y21.88428
G01 X-29.08866 Y21.83808
G01 X-29.18243 Y21.80963
G01 X-29.28000 Y21.80000
G01 X-30.76999 Y21.80000
G01 X-30.86752 Y21.80963
G01 X-30.96132 Y21.83808
G01 X-31.04776 Y21.88428
G01 X-31.12353 Y21.94646
G01 X-31.18573 Y22.02223
G01 X-31.18723 Y22.02505
G01 X-31.18258 Y22.03478
G01 X-31.18723 Y22.02505
G01 X-31.75096 Y22.02502
G01 X-31.80440 Y22.02789
G01 X-31.85721 Y22.03645
G01 X-31.90872 Y22.04765
G01 X-31.91123 Y22.04842
G01 X-31.92490 Y22.07214
G01 X-31.91123 Y22.04842
G01 X-31.91555 Y22.03419
G01 X-31.93209 Y21.98799
G01 X-31.95307 Y21.94364
G01 X-31.97616 Y21.90041
G01 X-32.03061 Y21.81893
G01 X-32.06170 Y21.78103
G01 X-32.13102 Y21.71174
G01 X-32.16889 Y21.68065
G01 X-32.20831 Y21.65141
G01 X-32.25040 Y21.62619
G01 X-32.29363 Y21.60308
G01 X-32.38418 Y21.56556
G01 X-32.43107 Y21.55134
G01 X-32.47867 Y21.53942
G01 X-32.52721 Y21.53221
G01 X-32.57598 Y21.52741
G01 X-32.62500 Y21.52502
G01 X-33.92500 Y21.52502
G01 X-33.97399 Y21.52741
G01 X-34.02276 Y21.53221
G01 X-34.07130 Y21.53942
G01 X-34.11890 Y21.55134
G01 X-34.16579 Y21.56556
G01 X-34.25636 Y21.60308
G01 X-34.29957 Y21.62619
G01 X-34.34166 Y21.65141
G01 X-34.38108 Y21.68065
G01 X-34.41895 Y21.71174
G01 X-34.48827 Y21.78103
G01 X-34.51936 Y21.81893
G01 X-34.57381 Y21.90041
G01 X-34.59693 Y21.94364
G01 X-34.61791 Y21.98799
G01 X-34.63442 Y22.03419
G01 X-34.63945 Y22.05075
G01 X-34.62675 Y22.07407
G01 X-34.63945 Y22.05075
G01 X-34.65809 Y22.04529
G01 X-34.72781 Y22.03013
G01 X-34.79898 Y22.02502
G01 X-38.25100 Y22.02502
G01 X-38.30441 Y22.02789
G01 X-38.35722 Y22.03645
G01 X-38.40873 Y22.04765
G01 X-38.41125 Y22.04842
G01 X-38.42491 Y22.07214
G01 X-38.41125 Y22.04842
G01 X-38.41554 Y22.03419
G01 X-38.43207 Y21.98799
G01 X-38.45305 Y21.94364
G01 X-38.47617 Y21.90041
G01 X-38.53063 Y21.81893
G01 X-38.56172 Y21.78103
G01 X-38.63101 Y21.71174
G01 X-38.66890 Y21.68065
G01 X-38.70830 Y21.65141
G01 X-38.75039 Y21.62619
G01 X-38.79362 Y21.60308
G01 X-38.88417 Y21.56556
G01 X-38.93108 Y21.55134
G01 X-38.97868 Y21.53942
G01 X-39.02720 Y21.53221
G01 X-39.07599 Y21.52741
G01 X-39.12499 Y21.52502
G01 X-40.42498 Y21.52502
G01 X-40.47400 Y21.52741
G01 X-40.52277 Y21.53221
G01 X-40.57131 Y21.53942
G01 X-40.61891 Y21.55134
G01 X-40.66580 Y21.56556
G01 X-40.75635 Y21.60308
G01 X-40.79958 Y21.62619
G01 X-40.84167 Y21.65141
G01 X-40.88107 Y21.68065
G01 X-40.91896 Y21.71174
G01 X-40.98828 Y21.78103
G01 X-41.01937 Y21.81893
G01 X-41.07383 Y21.90041
G01 X-41.09691 Y21.94364
G01 X-41.11789 Y21.98799
G01 X-41.13443 Y22.03419
G01 X-41.13946 Y22.05075
G01 X-41.12673 Y22.07407
G01 X-41.13946 Y22.05075
G01 X-41.15815 Y22.04529
G01 X-41.22785 Y22.03013
G01 X-41.29900 Y22.02502
G01 X-41.86275 Y22.02502
G01 X-41.86740 Y22.03478
G01 X-41.86275 Y22.02502
G01 X-41.86425 Y22.02223
G01 X-41.92643 Y21.94646
G01 X-42.00220 Y21.88428
G01 X-42.08866 Y21.83808
G01 X-42.18243 Y21.80963
G01 X-42.28000 Y21.80000
G01 X-43.76999 Y21.80000
G01 X-43.86752 Y21.80963
G01 X-43.96132 Y21.83808
G01 X-44.04778 Y21.88428
G01 X-44.12355 Y21.94646
G01 X-44.18573 Y22.02223
G01 X-44.18723 Y22.02502
G01 X-44.18258 Y22.03478
G01 X-44.18723 Y22.02502
G01 X-45.86274 Y22.02505
G01 X-45.86739 Y22.03478
G01 X-45.86274 Y22.02505
G01 X-45.86424 Y22.02223
G01 X-45.92645 Y21.94646
G01 X-46.00221 Y21.88428
G01 X-46.08865 Y21.83808
G01 X-46.18245 Y21.80963
G01 X-46.27999 Y21.80000
G01 X-47.76998 Y21.80000
G01 X-47.86754 Y21.80963
G01 X-47.96134 Y21.83808
G01 X-48.04778 Y21.88428
G01 X-48.12355 Y21.94646
G01 X-48.18572 Y22.02223
G01 X-48.18722 Y22.02505
G01 X-48.18257 Y22.03478
G01 X-48.18722 Y22.02505
G01 X-48.75095 Y22.02502
G01 X-48.80439 Y22.02789
G01 X-48.85720 Y22.03645
G01 X-48.90871 Y22.04765
G01 X-48.91122 Y22.04842
G01 X-48.92370 Y22.07092
G01 X-48.91122 Y22.04842
G01 X-48.91554 Y22.03419
G01 X-48.93208 Y21.98799
G01 X-48.95306 Y21.94364
G01 X-48.97615 Y21.90041
G01 X-49.03060 Y21.81893
G01 X-49.06169 Y21.78103
G01 X-49.13101 Y21.71174
G01 X-49.16891 Y21.68065
G01 X-49.20830 Y21.65141
G01 X-49.25039 Y21.62619
G01 X-49.29362 Y21.60308
G01 X-49.38417 Y21.56556
G01 X-49.43106 Y21.55134
G01 X-49.47866 Y21.53942
G01 X-49.52720 Y21.53221
G01 X-49.57597 Y21.52741
G01 X-49.62499 Y21.52502
G01 X-50.92499 Y21.52502
G01 X-50.97398 Y21.52741
G01 X-51.02278 Y21.53221
G01 X-51.07132 Y21.53942
G01 X-51.11889 Y21.55134
G01 X-51.16580 Y21.56556
G01 X-51.25636 Y21.60308
G01 X-51.29959 Y21.62619
G01 X-51.34167 Y21.65141
G01 X-51.38107 Y21.68065
G01 X-51.41897 Y21.71174
G01 X-51.48826 Y21.78103
G01 X-51.51935 Y21.81893
G01 X-51.57380 Y21.90041
G01 X-51.59692 Y21.94364
G01 X-51.61790 Y21.98799
G01 X-51.63443 Y22.03419
G01 X-51.63946 Y22.05075
G01 X-51.62552 Y22.07531
G01 X-51.63946 Y22.05075
G01 X-51.65808 Y22.04529
G01 X-51.72781 Y22.03013
G01 X-51.79898 Y22.02502
G01 X-53.40098 Y22.02502
G01 X-53.45440 Y22.02789
G01 X-53.50720 Y22.03645
G01 X-53.55871 Y22.04765
G01 X-53.63827 Y22.07204
G01 X-53.71266 Y22.10927
G01 X-53.77987 Y22.15832
G01 X-53.83268 Y22.20407
G01 X-53.89829 Y22.27288
G01 X-53.94970 Y22.35286
G01 X-53.98503 Y22.44115
G01 X-54.00471 Y22.50821
G01 X-54.01988 Y22.57790
G01 X-54.02498 Y22.64902
G01 X-54.02498 Y25.35166
G01 X-54.02112 Y25.41369
G01 X-54.01728 Y25.44437
G01 X-54.00413 Y25.51160
G01 X-53.98193 Y25.57642
G01 X-53.95107 Y25.63759
G01 X-53.91541 Y25.69766
G01 X-53.88449 Y25.74000
G01 X-53.84441 Y25.75014
G01 X-53.88449 Y25.74000
G01 X-53.97741 Y25.78963
G01 X-54.01949 Y25.81488
G01 X-54.05889 Y25.84409
G01 X-54.51350 Y26.21719
G01 X-54.54987 Y26.25013
G01 X-54.58282 Y26.28651
G01 X-54.95589 Y26.74112
G01 X-55.01035 Y26.82260
G01 X-55.28759 Y27.34127
G01 X-55.30857 Y27.38562
G01 X-55.32511 Y27.43182
G01 X-55.49582 Y27.99461
G01 X-55.51495 Y28.09075
G01 X-55.57258 Y28.67601
G01 X-55.57499 Y28.72501
G01 X-55.57499 Y31.72500
G01 X-55.57258 Y31.77402
G01 X-55.51495 Y32.35929
G01 X-55.49582 Y32.45543
G01 X-55.32511 Y33.01819
G01 X-55.28759 Y33.10877
G01 X-55.01035 Y33.62741
G01 X-54.98513 Y33.66950
G01 X-54.95589 Y33.70892
G01 X-54.58282 Y34.16353
G01 X-54.51350 Y34.23285
G01 X-54.05889 Y34.60592
G01 X-54.01949 Y34.63516
G01 X-53.97741 Y34.66038
G01 X-53.45874 Y34.93762
G01 X-53.36819 Y34.97511
G01 X-52.80540 Y35.14585
G01 X-52.70926 Y35.16495
G01 X-52.60715 Y35.17501
G01 X-53.05369 Y35.17501
G01 X-53.39722 Y35.07082
G01 X-53.45264 Y35.05098
G01 X-53.49516 Y35.03086
G01 X-53.49994 Y35.02769
G01 X-53.80885 Y34.79858
G01 X-53.80984 Y34.79787
G01 X-53.85742 Y34.76434
G01 X-53.85843 Y34.76366
G01 X-53.98155 Y34.68141
G01 X-54.06905 Y34.61651
G01 X-54.24609 Y34.47123
G01 X-54.24804 Y34.46973
G01 X-54.33743 Y34.40333
G01 X-54.33948 Y34.40199
G01 X-54.54456 Y34.26495
G01 X-54.63862 Y34.19515
G01 X-54.73628 Y34.11499
G01 X-54.73826 Y34.11347
G01 X-54.77652 Y34.08512
G01 X-55.03321 Y33.77237
G01 X-55.06829 Y33.72508
G01 X-55.09854 Y33.67455
G01 X-55.37578 Y33.15591
G01 X-55.42079 Y33.04723
G01 X-55.59150 Y32.48446
G01 X-55.60583 Y32.42734
G01 X-55.61446 Y32.36910
G01 X-55.67209 Y31.78383
G01 X-55.67499 Y31.72500
G01 X-55.67499 Y28.72501
G01 X-55.67209 Y28.66621
G01 X-55.61446 Y28.08094
G01 X-55.60583 Y28.02270
G01 X-55.59150 Y27.96557
G01 X-55.42079 Y27.40279
G01 X-55.40095 Y27.34736
G01 X-55.37578 Y27.29413
G01 X-55.09854 Y26.77546
G01 X-55.03321 Y26.67767
G01 X-54.66011 Y26.22306
G01 X-54.62056 Y26.17942
G01 X-54.57695 Y26.13990
G01 X-54.12234 Y25.76680
G01 X-54.02805 Y25.70381
G01 X-54.00291 Y25.71000
G01 X-54.02805 Y25.70381
G01 X-54.03707 Y25.68864
G01 X-54.07410 Y25.61524
G01 X-54.10075 Y25.53746
G01 X-54.11650 Y25.45677
G01 X-54.12033 Y25.42608
G01 X-54.12498 Y25.35166
G01 X-54.12498 Y22.64902
G01 X-54.11886 Y22.56365
G01 X-54.10067 Y22.48004
G01 X-54.08099 Y22.41298
G01 X-54.03860 Y22.30704
G01 X-53.97690 Y22.21105
G01 X-53.89813 Y22.12848
G01 X-53.84533 Y22.08273
G01 X-53.76471 Y22.02388
G01 X-53.67543 Y21.97920
G01 X-53.57997 Y21.94994
G01 X-53.52846 Y21.93874
G01 X-53.46509 Y21.92848
G01 X-53.40098 Y21.92502
G01 X-51.79898 Y21.92502
G01 X-51.71356 Y21.93114
G01 X-51.70261 Y21.93353
G01 X-51.69580 Y21.94598
G01 X-51.70261 Y21.93353
G01 X-51.68511 Y21.89650
G01 X-51.66202 Y21.85329
G01 X-51.59666 Y21.75548
G01 X-51.56558 Y21.71761
G01 X-51.48239 Y21.63442
G01 X-51.44452 Y21.60333
G01 X-51.39722 Y21.56825
G01 X-51.34673 Y21.53800
G01 X-51.30350 Y21.51489
G01 X-51.19484 Y21.46988
G01 X-51.14792 Y21.45566
G01 X-51.09082 Y21.44136
G01 X-51.03258 Y21.43269
G01 X-50.98379 Y21.42789
G01 X-50.92499 Y21.42502
G01 X-49.62499 Y21.42502
G01 X-49.56619 Y21.42789
G01 X-49.51740 Y21.43269
G01 X-49.45915 Y21.44136
G01 X-49.40205 Y21.45566
G01 X-49.35514 Y21.46988
G01 X-49.24648 Y21.51489
G01 X-49.20325 Y21.53800
G01 X-49.15275 Y21.56825
G01 X-49.10546 Y21.60333
G01 X-49.06759 Y21.63442
G01 X-48.98440 Y21.71761
G01 X-48.95331 Y21.75548
G01 X-48.88796 Y21.85329
G01 X-48.86487 Y21.89650
G01 X-48.84727 Y21.93368
G01 X-48.85484 Y21.94722
G01 X-48.84727 Y21.93368
G01 X-48.81509 Y21.92848
G01 X-48.75095 Y21.92502
G01 X-48.23470 Y21.92502
G01 X-48.23195 Y21.93180
G01 X-48.23470 Y21.92502
G01 X-48.19426 Y21.87575
G01 X-48.10333 Y21.80112
G01 X-47.99959 Y21.74567
G01 X-47.88705 Y21.71154
G01 X-47.76998 Y21.70000
G01 X-46.27999 Y21.70000
G01 X-46.16294 Y21.71154
G01 X-46.05037 Y21.74567
G01 X-45.94664 Y21.80112
G01 X-45.85573 Y21.87575
G01 X-45.81527 Y21.92502
G01 X-45.81809 Y21.93211
G01 X-45.81527 Y21.92502
G01 X-44.23470 Y21.92502
G01 X-44.23188 Y21.93211
G01 X-44.23470 Y21.92502
G01 X-44.19424 Y21.87575
G01 X-44.10333 Y21.80112
G01 X-43.99960 Y21.74567
G01 X-43.88705 Y21.71154
G01 X-43.76999 Y21.70000
G01 X-42.28000 Y21.70000
G01 X-42.16293 Y21.71154
G01 X-42.05038 Y21.74567
G01 X-41.94665 Y21.80112
G01 X-41.85571 Y21.87575
G01 X-41.81528 Y21.92502
G01 X-41.81802 Y21.93180
G01 X-41.81528 Y21.92502
G01 X-41.29900 Y21.92502
G01 X-41.21360 Y21.93114
G01 X-41.20263 Y21.93353
G01 X-41.19570 Y21.94633
G01 X-41.20263 Y21.93353
G01 X-41.18510 Y21.89650
G01 X-41.16201 Y21.85329
G01 X-41.09666 Y21.75548
G01 X-41.06557 Y21.71761
G01 X-40.98241 Y21.63442
G01 X-40.94451 Y21.60333
G01 X-40.89722 Y21.56825
G01 X-40.84672 Y21.53800
G01 X-40.80349 Y21.51489
G01 X-40.69483 Y21.46988
G01 X-40.64792 Y21.45566
G01 X-40.59082 Y21.44136
G01 X-40.53258 Y21.43269
G01 X-40.48381 Y21.42789
G01 X-40.42498 Y21.42502
G01 X-39.12499 Y21.42502
G01 X-39.06618 Y21.42789
G01 X-39.01742 Y21.43269
G01 X-38.95915 Y21.44136
G01 X-38.90205 Y21.45566
G01 X-38.85514 Y21.46988
G01 X-38.74647 Y21.51489
G01 X-38.70324 Y21.53800
G01 X-38.65275 Y21.56825
G01 X-38.60545 Y21.60333
G01 X-38.56758 Y21.63442
G01 X-38.48440 Y21.71761
G01 X-38.45331 Y21.75548
G01 X-38.38798 Y21.85329
G01 X-38.36487 Y21.89650
G01 X-38.34729 Y21.93368
G01 X-38.35471 Y21.94676
G01 X-38.34729 Y21.93368
G01 X-38.31511 Y21.92848
G01 X-38.25100 Y21.92502
G01 X-34.79898 Y21.92502
G01 X-34.71356 Y21.93114
G01 X-34.70262 Y21.93353
G01 X-34.69581 Y21.94590
G01 X-34.70262 Y21.93353
G01 X-34.68512 Y21.89650
G01 X-34.66200 Y21.85329
G01 X-34.59667 Y21.75548
G01 X-34.56556 Y21.71761
G01 X-34.48240 Y21.63442
G01 X-34.44453 Y21.60333
G01 X-34.39723 Y21.56825
G01 X-34.34671 Y21.53800
G01 X-34.30351 Y21.51489
G01 X-34.19482 Y21.46988
G01 X-34.14793 Y21.45566
G01 X-34.09081 Y21.44136
G01 X-34.03256 Y21.43269
G01 X-33.98380 Y21.42789
G01 X-33.92500 Y21.42502
G01 X-32.62500 Y21.42502
G01 X-32.56617 Y21.42789
G01 X-32.51740 Y21.43269
G01 X-32.45916 Y21.44136
G01 X-32.40204 Y21.45566
G01 X-32.35515 Y21.46988
G01 X-32.24649 Y21.51489
G01 X-32.20326 Y21.53800
G01 X-32.15276 Y21.56825
G01 X-32.10547 Y21.60333
G01 X-32.06757 Y21.63442
G01 X-31.98441 Y21.71761
G01 X-31.95332 Y21.75548
G01 X-31.88797 Y21.85329
G01 X-31.86485 Y21.89650
G01 X-31.84728 Y21.93368
G01 X-31.85485 Y21.94722
G01 X-31.84728 Y21.93368
G01 X-31.81509 Y21.92848
G01 X-31.75096 Y21.92502
G01 X-31.23470 Y21.92502
G01 X-31.23196 Y21.93180
G01 X-31.23470 Y21.92502
G01 X-31.19424 Y21.87575
G01 X-31.10334 Y21.80112
G01 X-30.99960 Y21.74567
G01 X-30.88703 Y21.71154
G01 X-30.76999 Y21.70000
G01 X-29.28000 Y21.70000
G01 X-29.16293 Y21.71154
G01 X-29.05038 Y21.74567
G01 X-28.94665 Y21.80112
G01 X-28.85571 Y21.87575
G01 X-28.81528 Y21.92502
G01 X-28.81807 Y21.93211
G01 X-28.81528 Y21.92502
G01 X-27.23469 Y21.92502
G01 X-27.23189 Y21.93211
G01 X-27.23469 Y21.92502
G01 X-27.19425 Y21.87575
G01 X-27.10332 Y21.80112
G01 X-26.99961 Y21.74567
G01 X-26.88704 Y21.71154
G01 X-26.76999 Y21.70000
G01 X-25.27998 Y21.70000
G01 X-25.16294 Y21.71154
G01 X-25.05039 Y21.74567
G01 X-24.94665 Y21.80112
G01 X-24.85572 Y21.87575
G01 X-24.81529 Y21.92502
G01 X-24.81803 Y21.93180
G01 X-24.81529 Y21.92502
G01 X-24.29898 Y21.92502
G01 X-24.21356 Y21.93114
G01 X-24.20261 Y21.93353
G01 X-24.19507 Y21.94704
G01 X-24.20261 Y21.93353
G01 X-24.18511 Y21.89650
G01 X-24.16200 Y21.85329
G01 X-24.09667 Y21.75548
G01 X-24.06558 Y21.71761
G01 X-23.98239 Y21.63442
G01 X-23.94452 Y21.60333
G01 X-23.89723 Y21.56825
G01 X-23.84671 Y21.53800
G01 X-23.80350 Y21.51489
G01 X-23.69484 Y21.46988
G01 X-23.64793 Y21.45566
G01 X-23.59080 Y21.44136
G01 X-23.53256 Y21.43269
G01 X-23.48379 Y21.42789
G01 X-23.42499 Y21.42502
G01 X-22.12499 Y21.42502
G01 X-22.06617 Y21.42789
G01 X-22.01740 Y21.43269
G01 X-21.95916 Y21.44136
G01 X-21.90203 Y21.45566
G01 X-21.85514 Y21.46988
G01 X-21.74648 Y21.51489
G01 X-21.70325 Y21.53800
G01 X-21.65276 Y21.56825
G01 X-21.60546 Y21.60333
G01 X-21.56757 Y21.63442
G01 X-21.48441 Y21.71761
G01 X-21.45332 Y21.75548
G01 X-21.38796 Y21.85329
G01 X-21.36487 Y21.89650
G01 X-21.33968 Y21.94974
G01 X-21.31986 Y22.00516
G01 X-21.30562 Y22.05207
G01 X-21.29132 Y22.10920
G01 X-21.28268 Y22.16744
G01 X-21.27788 Y22.21621
G01 X-21.27498 Y22.27501
G01 X-21.27498 Y25.39073
G01 X-21.28438 Y25.39512
G01 X-21.27498 Y25.39073
G01 X-21.20054 Y25.44051
G01 X-21.11951 Y25.52067
G01 X-21.07473 Y25.57429
G01 X-21.01819 Y25.65448
G01 X-20.97549 Y25.74282
G01 X-20.94778 Y25.83693
G01 X-20.93752 Y25.88636
G01 X-20.92812 Y25.94701
G01 X-20.92497 Y26.00830
G01 X-20.92497 Y26.27650
G01 X-20.93239 Y26.27960
G01 X-20.92497 Y26.27650
G01 X-20.65901 Y26.54246
G01 X-20.66094 Y26.54592
G01 X-20.65901 Y26.54246
G01 X-20.57483 Y26.55920
G01 X-20.52794 Y26.57343
G01 X-20.47250 Y26.59326
G01 X-20.41928 Y26.61843
G01 X-20.37605 Y26.64155
G01 X-20.32556 Y26.67183
G01 X-20.27826 Y26.70690
G01 X-20.24036 Y26.73799
G01 X-20.19673 Y26.77751
G01 X-19.27750 Y27.69677
G01 X-19.23795 Y27.74040
G01 X-19.20686 Y27.77827
G01 X-19.14151 Y27.87606
G01 X-19.11842 Y27.91930
G01 X-19.09325 Y27.97253
G01 X-19.07341 Y28.02796
G01 X-19.05919 Y28.07487
G01 X-19.04486 Y28.13197
G01 X-19.04060 Y28.16087
G01 X-19.04349 Y28.16258
G01 X-19.04060 Y28.16087
G01 X-18.49297 Y28.70847
G01 X-18.42868 Y28.80479
G01 X-18.42726 Y28.80682
G01 X-18.13211 Y29.20479
G01 X-18.13062 Y29.20669
G01 X-18.06211 Y29.29021
G01 X-18.06051 Y29.29209
G01 X-17.73100 Y29.65564
G01 X-17.72930 Y29.65742
G01 X-17.65734 Y29.72938
G01 X-17.65556 Y29.73108
G01 X-17.29201 Y30.06059
G01 X-17.29013 Y30.06219
G01 X-17.20661 Y30.13070
G01 X-17.20471 Y30.13219
G01 X-16.80674 Y30.42734
G01 X-16.80471 Y30.42876
G01 X-16.70837 Y30.49305
G01 X-16.69846 Y30.49968
G01 X-16.69643 Y30.50098
G01 X-16.35356 Y30.70644
G01 X-16.26306 Y30.76069
G01 X-16.26090 Y30.76194
G01 X-16.11678 Y30.83882
G01 X-16.11462 Y30.83991
G01 X-16.04647 Y30.87212
G01 X-15.63138 Y31.06841
G01 X-15.62485 Y31.07095
G01 X-15.61805 Y31.07258
G01 X-15.61109 Y31.07321
G01 X-15.52602 Y31.07502
G01 X-15.52498 Y31.07504
G01 X-13.52496 Y31.07504
G01 X-13.52374 Y31.07502
G01 X-13.42544 Y31.07260
G01 X-13.42422 Y31.07255
G01 X-12.93413 Y31.04847
G01 X-12.93378 Y31.04845
G01 X-12.90429 Y31.04680
G01 X-12.89568 Y31.04555
G01 X-12.88742 Y31.04284
G01 X-12.87975 Y31.03872
G01 X-12.73146 Y30.94177
G01 X-12.68135 Y30.91345
G01 X-12.51727 Y30.82071
G01 X-12.29357 Y30.73141
G01 X-12.12854 Y30.67837
G01 X-12.01206 Y30.64512
G01 X-11.93172 Y30.62500
G01 X-11.64259 Y30.55259
G01 X-11.64020 Y30.55193
G01 X-11.55169 Y30.52501
G01 X-11.43403 Y30.48922
G01 X-11.43175 Y30.48845
G01 X-11.25443 Y30.42501
G01 X-9.56858 Y30.42501
G01 X-9.56812 Y30.42711
G01 X-9.56858 Y30.42501
G01 X-9.52187 Y30.40004
G01 X-9.32266 Y30.31754
G01 X-9.08816 Y30.24639
G01 X-8.87666 Y30.20433
G01 X-8.63279 Y30.18030
G01 X-8.52500 Y30.17502
G01 X-5.52498 Y30.17502
G01 X-5.41715 Y30.18030
G01 X-5.17329 Y30.20433
G01 X-5.06651 Y30.22018
G01 X-4.96178 Y30.24639
G01 X-4.72729 Y30.31754
G01 X-4.52808 Y30.40006
G01 X-4.48137 Y30.42501
G01 X-4.48182 Y30.42714
G01 X-4.48137 Y30.42501
G01 X-2.02498 Y30.42501
G01 X-1.81038 Y30.44614
G01 X-1.60403 Y30.50875
G01 X-1.41386 Y30.61040
G01 X-1.24716 Y30.74720
G01 X-1.11038 Y30.91388
G01 X-1.02499 Y31.07365
G01 X-1.02499 Y31.52500
G04 P0 ( dwell for no time -- G64 should not smooth over this point )
G00 Z5.00000 ( retract )

G00 X-1.02499 Y23.52502 ( rapid move to begin. )
G01 F150.00000
( Mill infeed pass 1/1 )
G01 Z-0.06000
G04 P0 ( dwell for no time -- G64 should not smooth over this point )
G01 F300.00000
G01 X-1.02499 Y23.52502
G01 X-1.02499 Y23.97341
G01 X-1.07236 Y24.07501
G01 X-1.18234 Y24.23208
G01 X-1.31792 Y24.36766
G01 X-1.47500 Y24.47765
G01 X-1.64876 Y24.55867
G01 X-1.83398 Y24.60830
G01 X-2.02498 Y24.62502
G01 X-5.53379 Y24.62502
G01 X-5.53694 Y24.61742
G01 X-5.53379 Y24.62502
G01 X-10.97940 Y30.07060
G01 X-11.05938 Y30.14309
G01 X-11.28824 Y30.33092
G01 X-11.46418 Y30.39387
G01 X-11.56693 Y30.42511
G01 X-11.66809 Y30.45589
G01 X-11.95613 Y30.52803
G01 X-12.03713 Y30.54832
G01 X-12.03870 Y30.54875
G01 X-12.15664 Y30.58241
G01 X-12.15821 Y30.58287
G01 X-12.32588 Y30.63677
G01 X-12.32910 Y30.63793
G01 X-12.55753 Y30.72912
G01 X-12.56360 Y30.73202
G01 X-12.72321 Y30.82224
G01 X-12.78219 Y30.85556
G01 X-12.78493 Y30.85724
G01 X-12.92329 Y30.94769
G01 X-12.93908 Y30.94860
G01 X-13.42869 Y30.97265
G01 X-13.52621 Y30.97504
G01 X-15.52392 Y30.97504
G01 X-15.59831 Y30.97347
G01 X-15.73532 Y30.90867
G01 X-16.00372 Y30.78175
G01 X-16.07052 Y30.75018
G01 X-16.21286 Y30.67420
G01 X-16.30217 Y30.62066
G01 X-16.64398 Y30.41581
G01 X-16.65307 Y30.40971
G01 X-16.74832 Y30.34616
G01 X-17.14436 Y30.05244
G01 X-17.16536 Y30.03519
G01 X-17.22592 Y29.98553
G01 X-17.58754 Y29.65775
G01 X-17.65790 Y29.58742
G01 X-17.98545 Y29.22600
G01 X-18.02935 Y29.17251
G01 X-18.05236 Y29.14444
G01 X-18.34608 Y28.74840
G01 X-18.40966 Y28.65315
G01 X-18.41586 Y28.64388
G01 X-18.62063 Y28.30218
G01 X-18.67440 Y28.21249
G01 X-18.73735 Y28.09707
G01 X-18.73684 Y28.09669
G01 X-18.73735 Y28.09707
G01 X-18.74121 Y28.09108
G01 X-18.74588 Y28.08567
G01 X-18.80471 Y28.02684
G01 X-18.82495 Y27.99196
G01 X-18.82531 Y27.99136
G01 X-18.85126 Y27.94800
G01 X-18.85259 Y27.94597
G01 X-18.93826 Y27.81757
G01 X-18.93968 Y27.81554
G01 X-18.96899 Y27.77561
G01 X-18.97070 Y27.77383
G01 X-18.97090 Y27.77358
G01 X-19.06341 Y27.66077
G01 X-19.06503 Y27.65889
G01 X-19.09797 Y27.62255
G01 X-19.09881 Y27.62163
G01 X-19.14847 Y27.56949
G01 X-19.14933 Y27.56860
G01 X-19.60846 Y27.10947
G01 X-19.65710 Y27.05836
G01 X-19.78761 Y26.91442
G01 X-19.83442 Y26.85735
G01 X-19.86892 Y26.80573
G01 X-19.96135 Y26.63284
G01 X-19.99071 Y26.57073
G01 X-20.01385 Y26.50606
G01 X-20.07074 Y26.31846
G01 X-20.09752 Y26.18387
G01 X-20.11674 Y25.98879
G01 X-20.12012 Y25.92016
G01 X-20.11674 Y25.85156
G01 X-20.11588 Y25.84292
G01 X-20.11806 Y25.82082
G01 X-20.11806 Y25.68361
G01 X-20.11326 Y25.63484
G01 X-20.10318 Y25.56687
G01 X-20.08649 Y25.50025
G01 X-20.07227 Y25.45336
G01 X-20.04913 Y25.38867
G01 X-20.01974 Y25.32657
G01 X-19.99665 Y25.28336
G01 X-19.99444 Y25.28006
G01 X-19.99071 Y25.26964
G01 X-19.96135 Y25.20752
G01 X-19.86892 Y25.03462
G01 X-19.79269 Y24.92052
G01 X-19.66833 Y24.76898
G01 X-19.62221 Y24.71808
G01 X-19.57130 Y24.67196
G01 X-19.41977 Y24.54760
G01 X-19.30567 Y24.47137
G01 X-19.13277 Y24.37894
G01 X-19.07067 Y24.34958
G01 X-19.06023 Y24.34585
G01 X-19.05695 Y24.34364
G01 X-19.01372 Y24.32055
G01 X-18.95162 Y24.29118
G01 X-18.88695 Y24.26802
G01 X-18.84004 Y24.25380
G01 X-18.70547 Y24.22702
G01 X-18.65667 Y24.22222
G01 X-18.58807 Y24.21885
G01 X-18.51946 Y24.22222
G01 X-18.49742 Y24.22441
G01 X-18.48873 Y24.22354
G01 X-18.42012 Y24.22017
G01 X-18.35149 Y24.22354
G01 X-18.15642 Y24.24277
G01 X-18.08845 Y24.25283
G01 X-18.02183 Y24.26954
G01 X-17.83422 Y24.32644
G01 X-17.76955 Y24.34958
G01 X-17.70745 Y24.37894
G01 X-17.53455 Y24.47137
G01 X-17.47565 Y24.50668
G01 X-17.42046 Y24.54760
G01 X-17.26892 Y24.67196
G01 X-17.21802 Y24.71808
G01 X-17.15475 Y24.78138
G01 X-17.15729 Y24.80259
G01 X-17.15475 Y24.78138
G01 X-16.81164 Y24.59799
G01 X-16.74957 Y24.56860
G01 X-16.68487 Y24.54546
G01 X-16.21589 Y24.40320
G01 X-16.08132 Y24.37643
G01 X-15.59359 Y24.32840
G01 X-15.52498 Y24.32502
G01 X-14.85046 Y24.32502
G01 X-14.84731 Y24.33264
G01 X-14.85046 Y24.32502
G01 X-12.72499 Y22.19955
G01 X-12.71737 Y22.20270
G01 X-12.72499 Y22.19955
G01 X-12.72499 Y18.52500
G01 X-12.71434 Y18.40346
G01 X-12.68277 Y18.28561
G01 X-12.63121 Y18.17507
G01 X-12.56121 Y18.07507
G01 X-12.47495 Y17.98881
G01 X-12.37498 Y17.91878
G01 X-12.26441 Y17.86722
G01 X-12.14653 Y17.83565
G01 X-12.02499 Y17.82501
G01 X-10.22497 Y17.82501
G01 X-10.19588 Y17.85396
G01 X-10.22497 Y17.82501
G01 X-10.22499 Y11.97503
G01 X-10.19571 Y11.94574
G01 X-10.22499 Y11.97503
G01 X-11.37864 Y11.97503
G01 X-11.39273 Y11.95575
G01 X-11.37864 Y11.97503
G01 X-11.43124 Y12.14841
G01 X-11.45438 Y12.21308
G01 X-11.48374 Y12.27518
G01 X-11.57617 Y12.44808
G01 X-11.65240 Y12.56218
G01 X-11.77675 Y12.71371
G01 X-11.82288 Y12.76461
G01 X-13.28539 Y14.22712
G01 X-13.33629 Y14.27325
G01 X-13.48783 Y14.39761
G01 X-13.60192 Y14.47383
G01 X-13.77482 Y14.56626
G01 X-13.90159 Y14.61876
G01 X-14.08920 Y14.67566
G01 X-14.22379 Y14.70243
G01 X-14.41886 Y14.72166
G01 X-14.48749 Y14.72504
G01 X-14.55610 Y14.72166
G01 X-14.75117 Y14.70243
G01 X-14.88577 Y14.67566
G01 X-15.07337 Y14.61876
G01 X-15.20014 Y14.56626
G01 X-15.37304 Y14.47383
G01 X-15.43194 Y14.43852
G01 X-15.48714 Y14.39761
G01 X-15.60621 Y14.29987
G01 X-15.61411 Y14.42273
G01 X-15.55056 Y14.47490
G01 X-15.48752 Y14.52168
G01 X-15.42016 Y14.56204
G01 X-15.24728 Y14.65445
G01 X-15.10240 Y14.71447
G01 X-14.91480 Y14.77137
G01 X-14.76098 Y14.80195
G01 X-14.56590 Y14.82118
G01 X-14.48749 Y14.82504
G01 X-14.40906 Y14.82118
G01 X-14.21399 Y14.80195
G01 X-14.06016 Y14.77137
G01 X-13.87256 Y14.71447
G01 X-13.72768 Y14.65445
G01 X-13.55481 Y14.56204
G01 X-13.42440 Y14.47490
G01 X-13.27287 Y14.35054
G01 X-13.21470 Y14.29781
G01 X-11.75219 Y12.83530
G01 X-11.69946 Y12.77714
G01 X-11.57510 Y12.62560
G01 X-11.48796 Y12.49520
G01 X-11.39555 Y12.32232
G01 X-11.36200 Y12.25136
G01 X-11.33553 Y12.17744
G01 X-11.30447 Y12.07503
G01 X-11.31831 Y12.05598
G01 X-11.30447 Y12.07503
G01 X-10.32499 Y12.07503
G01 X-10.29571 Y12.04574
G01 X-10.32499 Y12.07503
G01 X-10.32499 Y17.72501
G01 X-10.29568 Y17.75432
G01 X-10.32499 Y17.72501
G01 X-12.02499 Y17.72501
G01 X-12.16390 Y17.73720
G01 X-12.29860 Y17.77327
G01 X-12.42499 Y17.83219
G01 X-12.53921 Y17.91218
G01 X-12.63781 Y18.01078
G01 X-12.71780 Y18.12503
G01 X-12.77675 Y18.25139
G01 X-12.81282 Y18.38609
G01 X-12.82499 Y18.52500
G01 X-12.82499 Y22.15814
G01 X-12.81737 Y22.16129
G01 X-12.82499 Y22.15814
G01 X-14.89189 Y24.22502
G01 X-14.88874 Y24.23264
G01 X-14.89189 Y24.22502
G01 X-15.52498 Y24.22502
G01 X-15.60339 Y24.22888
G01 X-16.09110 Y24.27691
G01 X-16.24492 Y24.30752
G01 X-16.71391 Y24.44978
G01 X-16.78782 Y24.47622
G01 X-16.85879 Y24.50978
G01 X-17.13648 Y24.65821
G01 X-17.13880 Y24.67871
G01 X-17.13648 Y24.65821
G01 X-17.14733 Y24.64739
G01 X-17.20550 Y24.59466
G01 X-17.35703 Y24.47031
G01 X-17.42008 Y24.42352
G01 X-17.48744 Y24.38316
G01 X-17.66031 Y24.29075
G01 X-17.73128 Y24.25720
G01 X-17.80519 Y24.23073
G01 X-17.99280 Y24.17384
G01 X-18.14662 Y24.14326
G01 X-18.34169 Y24.12403
G01 X-18.42012 Y24.12017
G01 X-18.49701 Y24.12395
G01 X-18.50966 Y24.12271
G01 X-18.58807 Y24.11885
G01 X-18.66648 Y24.12271
G01 X-18.71525 Y24.12751
G01 X-18.86907 Y24.15811
G01 X-18.91596 Y24.17234
G01 X-18.98990 Y24.19878
G01 X-19.06087 Y24.23236
G01 X-19.10407 Y24.25545
G01 X-19.10892 Y24.25720
G01 X-19.17991 Y24.29075
G01 X-19.35279 Y24.38316
G01 X-19.48319 Y24.47031
G01 X-19.63473 Y24.59466
G01 X-19.69289 Y24.64739
G01 X-19.74562 Y24.70556
G01 X-19.86998 Y24.85710
G01 X-19.95713 Y24.98750
G01 X-20.04953 Y25.16037
G01 X-20.08311 Y25.23137
G01 X-20.08484 Y25.23619
G01 X-20.10793 Y25.27942
G01 X-20.14151 Y25.35042
G01 X-20.16795 Y25.42433
G01 X-20.18217 Y25.47122
G01 X-20.20125 Y25.54737
G01 X-20.21278 Y25.62504
G01 X-20.21758 Y25.67381
G01 X-20.21758 Y25.83063
G01 X-20.21634 Y25.84328
G01 X-20.22012 Y25.92016
G01 X-20.21626 Y25.99860
G01 X-20.19703 Y26.19367
G01 X-20.16645 Y26.34749
G01 X-20.13534 Y26.45003
G01 X-20.09556 Y26.50360
G01 X-20.09411 Y26.50563
G01 X-20.08890 Y26.51343
G01 X-20.06569 Y26.54731
G01 X-20.01999 Y26.61221
G01 X-19.99686 Y26.64424
G01 X-19.87994 Y26.80187
G01 X-19.83442 Y26.85735
G01 X-19.87994 Y26.80187
G01 X-19.99686 Y26.64424
G01 X-20.01999 Y26.61221
G01 X-20.06569 Y26.54731
G01 X-20.08890 Y26.51343
G01 X-20.09411 Y26.50563
G01 X-20.09556 Y26.50360
G01 X-20.13534 Y26.45003
G01 X-20.20163 Y26.36080
G01 X-20.20313 Y26.35890
G01 X-20.21636 Y26.34277
G01 X-20.23612 Y26.31826
G01 X-20.28634 Y26.25494
G01 X-20.29658 Y26.20347
G01 X-20.31578 Y26.00840
G01 X-20.32012 Y25.92016
G01 X-20.31649 Y25.84658
G01 X-20.31710 Y25.84043
G01 X-20.31710 Y25.66400
G01 X-20.31230 Y25.61524
G01 X-20.29934 Y25.52786
G01 X-20.27788 Y25.44219
G01 X-20.26366 Y25.39530
G01 X-20.23389 Y25.31214
G01 X-20.19614 Y25.23228
G01 X-20.17613 Y25.19484
G01 X-20.17549 Y25.19311
G01 X-20.13772 Y25.11323
G01 X-20.04532 Y24.94036
G01 X-19.94730 Y24.79365
G01 X-19.82292 Y24.64211
G01 X-19.76361 Y24.57668
G01 X-19.69818 Y24.51737
G01 X-19.54664 Y24.39299
G01 X-19.39993 Y24.29497
G01 X-19.22706 Y24.20256
G01 X-19.14720 Y24.16479
G01 X-19.14545 Y24.16418
G01 X-19.10801 Y24.14417
G01 X-19.02815 Y24.10640
G01 X-18.94499 Y24.07663
G01 X-18.89810 Y24.06241
G01 X-18.72505 Y24.02799
G01 X-18.67628 Y24.02319
G01 X-18.58807 Y24.01885
G01 X-18.49986 Y24.02319
G01 X-18.49373 Y24.02380
G01 X-18.42012 Y24.02017
G01 X-18.33189 Y24.02451
G01 X-18.13681 Y24.04371
G01 X-17.96376 Y24.07816
G01 X-17.77618 Y24.13505
G01 X-17.69302 Y24.16479
G01 X-17.61317 Y24.20256
G01 X-17.44029 Y24.29497
G01 X-17.36453 Y24.34038
G01 X-17.29358 Y24.39299
G01 X-17.14205 Y24.51737
G01 X-17.12091 Y24.53650
G01 X-17.12300 Y24.55692
G01 X-17.12091 Y24.53650
G01 X-16.90593 Y24.42159
G01 X-16.74294 Y24.35408
G01 X-16.27395 Y24.21181
G01 X-16.18828 Y24.19035
G01 X-16.10090 Y24.17739
G01 X-15.61320 Y24.12936
G01 X-15.52498 Y24.12502
G01 X-14.93329 Y24.12502
G01 X-14.93019 Y24.13249
G01 X-14.93329 Y24.12502
G01 X-12.92499 Y22.11672
G01 X-12.91737 Y22.11987
G01 X-12.92499 Y22.11672
G01 X-12.92499 Y18.52500
G01 X-12.91132 Y18.36874
G01 X-12.87071 Y18.21721
G01 X-12.80441 Y18.07502
G01 X-12.71442 Y17.94652
G01 X-12.60350 Y17.83557
G01 X-12.47498 Y17.74558
G01 X-12.33281 Y17.67929
G01 X-12.18128 Y17.63875
G01 X-12.02499 Y17.62503
G01 X-10.42499 Y17.62503
G01 X-10.39568 Y17.65432
G01 X-10.42499 Y17.62503
G01 X-10.42499 Y12.17503
G01 X-10.39571 Y12.14574
G01 X-10.42499 Y12.17503
G01 X-11.23032 Y12.17503
G01 X-11.24361 Y12.15641
G01 X-11.23032 Y12.17503
G01 X-11.23985 Y12.20645
G01 X-11.26959 Y12.28961
G01 X-11.30736 Y12.36947
G01 X-11.39977 Y12.54234
G01 X-11.49779 Y12.68905
G01 X-11.62217 Y12.84059
G01 X-11.68148 Y12.90602
G01 X-13.14399 Y14.36852
G01 X-13.20942 Y14.42783
G01 X-13.36095 Y14.55222
G01 X-13.50766 Y14.65023
G01 X-13.68054 Y14.74264
G01 X-13.84355 Y14.81015
G01 X-14.03113 Y14.86705
G01 X-14.20418 Y14.90149
G01 X-14.39925 Y14.92069
G01 X-14.48749 Y14.92504
G01 X-14.57571 Y14.92069
G01 X-14.77078 Y14.90149
G01 X-14.94383 Y14.86705
G01 X-15.13141 Y14.81015
G01 X-15.29443 Y14.74264
G01 X-15.46730 Y14.65023
G01 X-15.54307 Y14.60482
G01 X-15.61401 Y14.55222
G01 X-15.62369 Y14.54421
G01 X-15.62739 Y14.58158
G01 X-15.62745 Y14.58201
G01 X-15.63390 Y14.64226
G01 X-15.63392 Y14.64266
G01 X-15.63595 Y14.66027
G01 X-15.59862 Y14.68798
G01 X-15.51444 Y14.73842
G01 X-15.34157 Y14.83083
G01 X-15.16044 Y14.90586
G01 X-14.97286 Y14.96276
G01 X-14.78058 Y15.00101
G01 X-14.58549 Y15.02021
G01 X-14.48749 Y15.02504
G01 X-14.38947 Y15.02021
G01 X-14.19438 Y15.00101
G01 X-14.00210 Y14.96276
G01 X-13.81452 Y14.90586
G01 X-13.63339 Y14.83083
G01 X-13.46052 Y14.73842
G01 X-13.29753 Y14.62951
G01 X-13.14599 Y14.50515
G01 X-13.07327 Y14.43924
G01 X-11.61077 Y12.97673
G01 X-11.54485 Y12.90401
G01 X-11.42049 Y12.75247
G01 X-11.31158 Y12.58948
G01 X-11.21917 Y12.41661
G01 X-11.17721 Y12.32789
G01 X-11.15832 Y12.27503
G01 X-11.16782 Y12.25984
G01 X-11.15832 Y12.27503
G01 X-10.52499 Y12.27503
G01 X-10.49571 Y12.24574
G01 X-10.52499 Y12.27503
G01 X-10.52499 Y17.52501
G01 X-10.49568 Y17.55432
G01 X-10.52499 Y17.52501
G01 X-12.02499 Y17.52501
G01 X-12.19862 Y17.54020
G01 X-12.36700 Y17.58533
G01 X-12.52499 Y17.65899
G01 X-12.66779 Y17.75897
G01 X-12.79103 Y17.88223
G01 X-12.89100 Y18.02500
G01 X-12.96469 Y18.18299
G01 X-13.00980 Y18.35137
G01 X-13.02499 Y18.52500
G01 X-13.02499 Y22.07529
G01 X-13.01737 Y22.07844
G01 X-13.02499 Y22.07529
G01 X-14.97472 Y24.02502
G01 X-14.97162 Y24.03246
G01 X-14.97472 Y24.02502
G01 X-15.52498 Y24.02502
G01 X-15.62298 Y24.02984
G01 X-16.11071 Y24.07788
G01 X-16.20778 Y24.09228
G01 X-16.30298 Y24.11613
G01 X-16.77197 Y24.25839
G01 X-16.95307 Y24.33340
G01 X-17.10781 Y24.41610
G01 X-17.10981 Y24.43355
G01 X-17.10781 Y24.41610
G01 X-17.23016 Y24.31570
G01 X-17.30898 Y24.25723
G01 X-17.39315 Y24.20678
G01 X-17.56602 Y24.11438
G01 X-17.65475 Y24.07241
G01 X-17.74715 Y24.03934
G01 X-17.93473 Y23.98245
G01 X-18.12701 Y23.94420
G01 X-18.32211 Y23.92499
G01 X-18.42012 Y23.92017
G01 X-18.49066 Y23.92365
G01 X-18.58807 Y23.91885
G01 X-18.68609 Y23.92367
G01 X-18.73486 Y23.92847
G01 X-18.92713 Y23.96673
G01 X-18.97402 Y23.98095
G01 X-19.06643 Y24.01402
G01 X-19.15515 Y24.05596
G01 X-19.18931 Y24.07424
G01 X-19.27420 Y24.11438
G01 X-19.44707 Y24.20678
G01 X-19.61006 Y24.31570
G01 X-19.76160 Y24.44005
G01 X-19.83432 Y24.50597
G01 X-19.90023 Y24.57869
G01 X-20.02459 Y24.73022
G01 X-20.08306 Y24.80904
G01 X-20.13351 Y24.89322
G01 X-20.22591 Y25.06609
G01 X-20.26604 Y25.15097
G01 X-20.28433 Y25.18516
G01 X-20.32629 Y25.27386
G01 X-20.35934 Y25.36627
G01 X-20.37356 Y25.41315
G01 X-20.39741 Y25.50835
G01 X-20.41181 Y25.60543
G01 X-20.41662 Y25.65420
G01 X-20.41662 Y25.84904
G01 X-20.42012 Y25.92016
G01 X-20.41529 Y26.01818
G01 X-20.40775 Y26.09486
G01 X-20.39751 Y26.11653
G01 X-20.37034 Y26.14965
G01 X-20.37008 Y26.14996
G01 X-20.34522 Y26.18077
G01 X-20.34494 Y26.18110
G01 X-20.28634 Y26.25494
G01 X-20.34494 Y26.18110
G01 X-20.34522 Y26.18077
G01 X-20.37008 Y26.14996
G01 X-20.37034 Y26.14965
G01 X-20.39751 Y26.11653
G01 X-20.40775 Y26.09486
G01 X-20.41745 Y26.07437
G01 X-20.42076 Y26.00589
G01 X-20.42761 Y25.84241
G01 X-20.42787 Y25.83848
G01 X-20.43429 Y25.78615
G01 X-20.43973 Y25.73660
G01 X-20.44905 Y25.64132
G01 X-20.44910 Y25.64074
G01 X-20.45454 Y25.59098
G01 X-20.45459 Y25.59042
G01 X-20.47615 Y25.41168
G01 X-20.46927 Y25.38415
G01 X-20.45505 Y25.33723
G01 X-20.41867 Y25.23561
G01 X-20.37252 Y25.13802
G01 X-20.35423 Y25.10378
G01 X-20.31410 Y25.01895
G01 X-20.22170 Y24.84607
G01 X-20.16620 Y24.75349
G01 X-20.10188 Y24.66677
G01 X-19.97753 Y24.51524
G01 X-19.90503 Y24.43525
G01 X-19.82505 Y24.36276
G01 X-19.67351 Y24.23840
G01 X-19.49421 Y24.11859
G01 X-19.32134 Y24.02619
G01 X-19.23638 Y23.98600
G01 X-19.20227 Y23.96777
G01 X-19.10471 Y23.92161
G01 X-19.00305 Y23.88524
G01 X-18.95617 Y23.87102
G01 X-18.74466 Y23.82896
G01 X-18.69589 Y23.82415
G01 X-18.58807 Y23.81885
G01 X-18.49064 Y23.82365
G01 X-18.42012 Y23.82017
G01 X-18.31230 Y23.82548
G01 X-18.11720 Y23.84468
G01 X-17.90570 Y23.88677
G01 X-17.71812 Y23.94366
G01 X-17.61647 Y23.98003
G01 X-17.51888 Y24.02619
G01 X-17.34601 Y24.11859
G01 X-17.25343 Y24.17409
G01 X-17.16671 Y24.23840
G01 X-17.09600 Y24.29642
G01 X-17.09798 Y24.31310
G01 X-17.09600 Y24.29642
G01 X-17.00021 Y24.24521
G01 X-16.80100 Y24.16269
G01 X-16.33202 Y24.02042
G01 X-16.22729 Y23.99421
G01 X-16.12051 Y23.97836
G01 X-15.63278 Y23.93033
G01 X-15.52498 Y23.92502
G01 X-15.01614 Y23.92502
G01 X-15.01304 Y23.93244
G01 X-15.01614 Y23.92502
G01 X-13.12499 Y22.03386
G01 X-13.11737 Y22.03701
G01 X-13.12499 Y22.03386
G01 X-13.12499 Y18.52500
G01 X-13.10827 Y18.33405
G01 X-13.05864 Y18.14878
G01 X-12.97762 Y17.97502
G01 X-12.86763 Y17.81794
G01 X-12.73205 Y17.68236
G01 X-12.57498 Y17.57240
G01 X-12.40121 Y17.49138
G01 X-12.21600 Y17.44172
G01 X-12.02499 Y17.42506
G01 X-10.62499 Y17.42506
G01 X-10.59568 Y17.45429
G01 X-10.62499 Y17.42506
G01 X-10.62499 Y12.37503
G01 X-10.59571 Y12.34574
G01 X-10.62499 Y12.37503
G01 X-11.08902 Y12.37503
G01 X-11.09797 Y12.36037
G01 X-11.08902 Y12.37503
G01 X-11.13099 Y12.46375
G01 X-11.22339 Y12.63662
G01 X-11.34320 Y12.81592
G01 X-11.46756 Y12.96746
G01 X-11.54005 Y13.04744
G01 X-13.00256 Y14.50995
G01 X-13.08254 Y14.58244
G01 X-13.23408 Y14.70680
G01 X-13.41338 Y14.82661
G01 X-13.58625 Y14.91902
G01 X-13.78549 Y15.00154
G01 X-13.97307 Y15.05844
G01 X-14.07779 Y15.08468
G01 X-14.18457 Y15.10053
G01 X-14.37967 Y15.11973
G01 X-14.48749 Y15.12504
G01 X-14.59529 Y15.11973
G01 X-14.79039 Y15.10053
G01 X-15.00189 Y15.05844
G01 X-15.18947 Y15.00154
G01 X-15.38871 Y14.91902
G01 X-15.56158 Y14.82661
G01 X-15.64914 Y14.77413
G01 X-15.63595 Y14.66027
G01 X-15.63392 Y14.64266
G01 X-15.63390 Y14.64226
G01 X-15.62745 Y14.58201
G01 X-15.62739 Y14.58158
G01 X-15.62369 Y14.54421
G01 X-15.61873 Y14.49380
G01 X-15.61861 Y14.49209
G01 X-15.61411 Y14.42273
G01 X-15.60621 Y14.29987
G01 X-15.60606 Y14.29745
G01 X-15.60596 Y14.29560
G01 X-15.60433 Y14.23530
G01 X-15.60144 Y14.17218
G01 X-15.60108 Y14.16393
G01 X-15.59737 Y14.10695
G01 X-15.59730 Y14.10540
G01 X-15.59486 Y14.03253
G01 X-15.59412 Y14.01020
G01 X-15.59410 Y14.00853
G01 X-15.59410 Y13.94516
G01 X-15.59415 Y13.94312
G01 X-15.59699 Y13.87233
G01 X-15.59796 Y13.84861
G01 X-15.59808 Y13.84645
G01 X-15.59928 Y13.83223
G01 X-15.60225 Y13.77660
G01 X-15.60268 Y13.75786
G01 X-15.60276 Y13.75600
G01 X-15.60639 Y13.69517
G01 X-15.60654 Y13.69324
G01 X-15.60824 Y13.67576
G01 X-15.61172 Y13.64046
G01 X-15.61203 Y13.63807
G01 X-15.62178 Y13.57188
G01 X-15.62221 Y13.56941
G01 X-15.62798 Y13.54043
G01 X-15.63153 Y13.52090
G01 X-15.63621 Y13.49232
G01 X-15.63750 Y13.48399
G01 X-15.66638 Y13.28923
G01 X-15.67113 Y13.24137
G01 X-15.67507 Y13.16068
G01 X-15.68063 Y13.04777
G01 X-15.68063 Y13.00228
G01 X-15.67507 Y12.88923
G01 X-15.67113 Y12.80873
G01 X-15.66638 Y12.76083
G01 X-15.63750 Y12.56609
G01 X-15.63623 Y12.55798
G01 X-15.63164 Y12.52987
G01 X-15.62793 Y12.50942
G01 X-15.62221 Y12.48064
G01 X-15.62178 Y12.47818
G01 X-15.61203 Y12.41199
G01 X-15.61172 Y12.40960
G01 X-15.60822 Y12.37424
G01 X-15.58353 Y12.32804
G01 X-15.56839 Y12.30279
G01 X-15.55086 Y12.27914
G01 X-15.42648 Y12.12761
G01 X-15.40672 Y12.10579
G01 X-14.62498 Y11.32405
G01 X-14.61736 Y11.32720
G01 X-14.62498 Y11.32405
G01 X-14.62498 Y8.72502
G01 X-14.62044 Y8.67293
G01 X-14.60690 Y8.62241
G01 X-14.58480 Y8.57501
G01 X-14.57497 Y8.56099
G01 X-14.57213 Y8.56168
G01 X-14.57497 Y8.56099
G01 X-14.57497 Y7.82500
G01 X-14.54568 Y7.79571
G01 X-14.57497 Y7.82500
G01 X-23.47498 Y7.82500
G01 X-23.50426 Y7.79571
G01 X-23.47498 Y7.82500
G01 X-23.47498 Y8.56102
G01 X-23.47782 Y8.56173
G01 X-23.47498 Y8.56102
G01 X-23.46517 Y8.57501
G01 X-23.44308 Y8.62241
G01 X-23.42954 Y8.67293
G01 X-23.42499 Y8.72502
G01 X-23.42499 Y11.32502
G01 X-23.43076 Y11.38354
G01 X-23.44783 Y11.43983
G01 X-23.47554 Y11.49169
G01 X-23.51285 Y11.53713
G01 X-23.55832 Y11.57445
G01 X-23.61018 Y11.60218
G01 X-23.66647 Y11.61925
G01 X-23.72499 Y11.62502
G01 X-23.72969 Y11.62502
G01 X-23.74940 Y11.60462
G01 X-23.72969 Y11.62502
G01 X-23.74564 Y11.78702
G01 X-23.75710 Y11.84470
G01 X-23.81402 Y12.03228
G01 X-23.82392 Y12.06002
G01 X-23.83652 Y12.08661
G01 X-23.92893 Y12.25951
G01 X-23.96159 Y12.30840
G01 X-24.08598 Y12.45994
G01 X-24.10574 Y12.48176
G01 X-25.56824 Y13.94427
G01 X-25.59006 Y13.96403
G01 X-25.74160 Y14.08841
G01 X-25.79049 Y14.12108
G01 X-25.96339 Y14.21348
G01 X-26.01772 Y14.23599
G01 X-26.20530 Y14.29291
G01 X-26.23388 Y14.30004
G01 X-26.26298 Y14.30436
G01 X-26.45808 Y14.32359
G01 X-26.48749 Y14.32504
G01 X-26.51688 Y14.32359
G01 X-26.71198 Y14.30436
G01 X-26.74109 Y14.30004
G01 X-26.76966 Y14.29291
G01 X-26.95724 Y14.23599
G01 X-27.01157 Y14.21348
G01 X-27.18447 Y14.12108
G01 X-27.20972 Y14.10594
G01 X-27.23337 Y14.08841
G01 X-27.38490 Y13.96403
G01 X-27.40672 Y13.94427
G01 X-27.42648 Y13.92245
G01 X-27.55087 Y13.77091
G01 X-27.58353 Y13.72202
G01 X-27.60824 Y13.67576
G01 X-27.60654 Y13.69324
G01 X-27.60639 Y13.69517
G01 X-27.60276 Y13.75600
G01 X-27.60268 Y13.75786
G01 X-27.60225 Y13.77642
G01 X-27.59928 Y13.83195
G01 X-27.59808 Y13.84645
G01 X-27.59796 Y13.84858
G01 X-27.59699 Y13.87236
G01 X-27.50380 Y13.98590
G01 X-27.47743 Y14.01498
G01 X-27.44835 Y14.04135
G01 X-27.29682 Y14.16570
G01 X-27.26527 Y14.18910
G01 X-27.23161 Y14.20926
G01 X-27.05872 Y14.30167
G01 X-26.98627 Y14.33169
G01 X-26.79870 Y14.38859
G01 X-26.72178 Y14.40388
G01 X-26.52669 Y14.42311
G01 X-26.48749 Y14.42504
G01 X-26.44828 Y14.42311
G01 X-26.25318 Y14.40388
G01 X-26.17627 Y14.38859
G01 X-25.98869 Y14.33169
G01 X-25.91625 Y14.30167
G01 X-25.74335 Y14.20926
G01 X-25.67815 Y14.16570
G01 X-25.52661 Y14.04135
G01 X-25.49753 Y14.01498
G01 X-24.03502 Y12.55247
G01 X-24.00866 Y12.52339
G01 X-23.88430 Y12.37185
G01 X-23.84074 Y12.30665
G01 X-23.74833 Y12.13375
G01 X-23.73154 Y12.09827
G01 X-23.71831 Y12.06131
G01 X-23.66141 Y11.87373
G01 X-23.64612 Y11.79682
G01 X-23.63802 Y11.71463
G01 X-23.64971 Y11.70559
G01 X-23.63802 Y11.71463
G01 X-23.57191 Y11.69456
G01 X-23.50277 Y11.65761
G01 X-23.44214 Y11.60785
G01 X-23.39240 Y11.54724
G01 X-23.35545 Y11.47808
G01 X-23.33266 Y11.40305
G01 X-23.32499 Y11.32502
G01 X-23.32499 Y8.72502
G01 X-23.33106 Y8.65555
G01 X-23.34912 Y8.58819
G01 X-23.37498 Y8.53275
G01 X-23.37645 Y8.53300
G01 X-23.37498 Y8.53275
G01 X-23.37498 Y7.92500
G01 X-23.40427 Y7.89571
G01 X-23.37498 Y7.92500
G01 X-14.67497 Y7.92500
G01 X-14.64568 Y7.89571
G01 X-14.67497 Y7.92500
G01 X-14.67497 Y8.53267
G01 X-14.67350 Y8.53295
G01 X-14.67497 Y8.53267
G01 X-14.70085 Y8.58819
G01 X-14.71891 Y8.65555
G01 X-14.72498 Y8.72502
G01 X-14.72498 Y11.28263
G01 X-14.71736 Y11.28578
G01 X-14.72498 Y11.28263
G01 X-15.47743 Y12.03508
G01 X-15.50380 Y12.06416
G01 X-15.59697 Y12.17770
G01 X-15.59796 Y12.20150
G01 X-15.59808 Y12.20363
G01 X-15.59928 Y12.21780
G01 X-15.60225 Y12.27343
G01 X-15.60266 Y12.29222
G01 X-15.60273 Y12.29408
G01 X-15.60636 Y12.35489
G01 X-15.60652 Y12.35682
G01 X-15.60822 Y12.37424
G01 X-15.60652 Y12.35682
G01 X-15.60636 Y12.35489
G01 X-15.60273 Y12.29408
G01 X-15.60266 Y12.29222
G01 X-15.60225 Y12.27343
G01 X-15.59928 Y12.21780
G01 X-15.59808 Y12.20363
G01 X-15.59796 Y12.20150
G01 X-15.59697 Y12.17770
G01 X-15.59412 Y12.10714
G01 X-15.59410 Y12.10513
G01 X-15.59407 Y12.04170
G01 X-15.59412 Y12.04005
G01 X-15.59486 Y12.01750
G01 X-15.58109 Y12.00073
G01 X-15.54815 Y11.96436
G01 X-14.82498 Y11.24122
G01 X-14.81746 Y11.24432
G01 X-14.82498 Y11.24122
G01 X-14.82498 Y8.72502
G01 X-14.81739 Y8.63818
G01 X-14.79483 Y8.55401
G01 X-14.77497 Y8.51141
G01 X-14.77368 Y8.51161
G01 X-14.77497 Y8.51141
G01 X-14.77497 Y8.02502
G01 X-14.74568 Y7.99571
G01 X-14.77497 Y8.02502
G01 X-23.27498 Y8.02502
G01 X-23.30427 Y7.99571
G01 X-23.27498 Y8.02502
G01 X-23.27498 Y8.51146
G01 X-23.27627 Y8.51166
G01 X-23.27498 Y8.51146
G01 X-23.25514 Y8.55401
G01 X-23.23259 Y8.63818
G01 X-23.22499 Y8.72502
G01 X-23.22499 Y11.32502
G01 X-23.23459 Y11.42255
G01 X-23.26304 Y11.51636
G01 X-23.30924 Y11.60279
G01 X-23.37142 Y11.67856
G01 X-23.44719 Y11.74074
G01 X-23.53365 Y11.78694
G01 X-23.54501 Y11.79040
G01 X-23.55425 Y11.78346
G01 X-23.54501 Y11.79040
G01 X-23.54661 Y11.80663
G01 X-23.56571 Y11.90274
G01 X-23.62263 Y12.09035
G01 X-23.63916 Y12.13655
G01 X-23.66014 Y12.18090
G01 X-23.75255 Y12.35379
G01 X-23.80701 Y12.43528
G01 X-23.93137 Y12.58681
G01 X-23.96431 Y12.62319
G01 X-25.42682 Y14.08569
G01 X-25.46319 Y14.11864
G01 X-25.61473 Y14.24300
G01 X-25.69621 Y14.29745
G01 X-25.86911 Y14.38986
G01 X-25.95966 Y14.42737
G01 X-26.14726 Y14.48430
G01 X-26.24338 Y14.50340
G01 X-26.43847 Y14.52262
G01 X-26.48749 Y14.52504
G01 X-26.53649 Y14.52262
G01 X-26.73159 Y14.50340
G01 X-26.82770 Y14.48430
G01 X-27.01531 Y14.42737
G01 X-27.10586 Y14.38986
G01 X-27.27876 Y14.29745
G01 X-27.32084 Y14.27223
G01 X-27.36024 Y14.24300
G01 X-27.51178 Y14.11864
G01 X-27.54815 Y14.08569
G01 X-27.58109 Y14.04932
G01 X-27.59486 Y14.03256
G01 X-27.59730 Y14.10538
G01 X-27.59737 Y14.10695
G01 X-27.60108 Y14.16420
G01 X-27.60144 Y14.17218
G01 X-27.57522 Y14.19593
G01 X-27.42369 Y14.32031
G01 X-27.37639 Y14.35539
G01 X-27.32590 Y14.38564
G01 X-27.15300 Y14.47805
G01 X-27.04434 Y14.52308
G01 X-26.85673 Y14.57998
G01 X-26.74139 Y14.60291
G01 X-26.54630 Y14.62214
G01 X-26.48749 Y14.62504
G01 X-26.42867 Y14.62214
G01 X-26.23357 Y14.60291
G01 X-26.17533 Y14.59428
G01 X-26.11823 Y14.57998
G01 X-25.93063 Y14.52308
G01 X-25.82196 Y14.47805
G01 X-25.64907 Y14.38564
G01 X-25.55128 Y14.32031
G01 X-25.39974 Y14.19593
G01 X-25.35610 Y14.15641
G01 X-23.89360 Y12.69390
G01 X-23.85407 Y12.65026
G01 X-23.72969 Y12.49873
G01 X-23.66436 Y12.40094
G01 X-23.57196 Y12.22804
G01 X-23.54676 Y12.17483
G01 X-23.52692 Y12.11938
G01 X-23.47003 Y11.93177
G01 X-23.45534 Y11.85794
G01 X-23.46048 Y11.85433
G01 X-23.45534 Y11.85794
G01 X-23.39164 Y11.82390
G01 X-23.30071 Y11.74927
G01 X-23.22611 Y11.65834
G01 X-23.17066 Y11.55463
G01 X-23.13652 Y11.44206
G01 X-23.12499 Y11.32502
G01 X-23.12499 Y8.72502
G01 X-23.13411 Y8.62083
G01 X-23.16116 Y8.51979
G01 X-23.17498 Y8.49020
G01 X-23.17612 Y8.49038
G01 X-23.17498 Y8.49020
G01 X-23.17498 Y8.12502
G01 X-23.20427 Y8.09574
G01 X-23.17498 Y8.12502
G01 X-18.70585 Y8.12502
G01 X-18.54768 Y8.10156
G01 X-18.54525 Y8.10125
G01 X-18.42366 Y8.08924
G01 X-18.42119 Y8.08906
G01 X-18.16635 Y8.07654
G01 X-18.16389 Y8.07649
G01 X-18.04606 Y8.07641
G01 X-18.04360 Y8.07654
G01 X-17.78876 Y8.08906
G01 X-17.78629 Y8.08916
G01 X-17.66470 Y8.10125
G01 X-17.66226 Y8.10156
G01 X-17.50400 Y8.12502
G01 X-17.40743 Y8.13935
G01 X-17.40499 Y8.13971
G01 X-17.27240 Y8.16622
G01 X-17.27001 Y8.16676
G01 X-17.03697 Y8.22502
G01 X-17.01515 Y8.23049
G01 X-17.01279 Y8.23125
G01 X-16.86039 Y8.27760
G01 X-16.85808 Y8.27834
G01 X-16.72760 Y8.32502
G01 X-15.07497 Y8.32502
G01 X-15.04568 Y8.29574
G01 X-15.07497 Y8.32502
G01 X-15.07497 Y8.44760
G01 X-15.07408 Y8.44771
G01 X-15.07497 Y8.44760
G01 X-15.07675 Y8.45139
G01 X-15.11284 Y8.58609
G01 X-15.12498 Y8.72502
G01 X-15.12498 Y11.11694
G01 X-15.11736 Y11.12009
G01 X-15.12498 Y11.11694
G01 X-15.62478 Y11.61674
G01 X-15.61172 Y11.74511
G01 X-15.02498 Y11.15837
G01 X-15.01736 Y11.16152
G01 X-15.02498 Y11.15837
G01 X-15.02498 Y8.72502
G01 X-15.01434 Y8.60346
G01 X-14.98277 Y8.48560
G01 X-14.97497 Y8.46889
G01 X-14.97395 Y8.46902
G01 X-14.97497 Y8.46889
G01 X-14.97497 Y8.22502
G01 X-14.94568 Y8.19574
G01 X-14.97497 Y8.22502
G01 X-17.03697 Y8.22502
G01 X-17.03737 Y8.22502
G01 X-17.27001 Y8.16676
G01 X-17.27240 Y8.16622
G01 X-17.40499 Y8.13971
G01 X-17.40743 Y8.13935
G01 X-17.50400 Y8.12502
G01 X-14.87497 Y8.12502
G01 X-14.84568 Y8.09574
G01 X-14.87497 Y8.12502
G01 X-14.87497 Y8.49015
G01 X-14.87383 Y8.49033
G01 X-14.87497 Y8.49015
G01 X-14.88881 Y8.51979
G01 X-14.91586 Y8.62083
G01 X-14.92498 Y8.72502
G01 X-14.92498 Y11.19980
G01 X-14.91736 Y11.20295
G01 X-14.92498 Y11.19980
G01 X-15.60159 Y11.87640
G01 X-15.60105 Y11.88608
G01 X-15.59735 Y11.94315
G01 X-15.59727 Y11.94470
G01 X-15.59486 Y12.01750
G01 X-15.59727 Y11.94470
G01 X-15.59735 Y11.94315
G01 X-15.60105 Y11.88608
G01 X-15.60159 Y11.87640
G01 X-15.60268 Y11.85722
G01 X-15.60479 Y11.81425
G01 X-15.60499 Y11.81166
G01 X-15.61172 Y11.74511
G01 X-15.62478 Y11.61674
G01 X-15.62907 Y11.57452
G01 X-15.62935 Y11.57224
G01 X-15.64129 Y11.49182
G01 X-15.22498 Y11.07551
G01 X-15.21736 Y11.07869
G01 X-15.22498 Y11.07551
G01 X-15.22498 Y8.72502
G01 X-15.21132 Y8.56874
G01 X-15.17497 Y8.43310
G01 X-15.17497 Y8.42502
G01 X-15.12544 Y8.38644
G01 X-15.17497 Y8.42502
G01 X-16.46948 Y8.42502
G01 X-16.41899 Y8.44600
G01 X-16.41680 Y8.44700
G01 X-16.25180 Y8.52500
G01 X-15.30273 Y8.52500
G01 X-15.26550 Y8.49170
G01 X-15.30273 Y8.52500
G01 X-15.30979 Y8.55136
G01 X-15.32498 Y8.72502
G01 X-15.32498 Y11.03411
G01 X-15.31739 Y11.03726
G01 X-15.32498 Y11.03411
G01 X-15.66313 Y11.37226
G01 X-15.64172 Y11.48915
G01 X-15.64144 Y11.49083
G01 X-15.64129 Y11.49182
G01 X-15.64144 Y11.49083
G01 X-15.64172 Y11.48915
G01 X-15.66313 Y11.37226
G01 X-15.68101 Y11.27480
G01 X-15.66255 Y11.23025
G01 X-15.42498 Y10.99268
G01 X-15.41746 Y10.99581
G01 X-15.42498 Y10.99268
G01 X-15.42498 Y8.72502
G01 X-15.41624 Y8.62502
G01 X-15.38670 Y8.59559
G01 X-15.41624 Y8.62502
G01 X-16.05455 Y8.62502
G01 X-16.15968 Y8.56866
G01 X-16.16194 Y8.56752
G01 X-16.25180 Y8.52500
G01 X-16.41680 Y8.44700
G01 X-16.41899 Y8.44600
G01 X-16.46948 Y8.42502
G01 X-16.60093 Y8.37044
G01 X-16.60326 Y8.36953
G01 X-16.72760 Y8.32502
G01 X-16.85808 Y8.27834
G01 X-16.86039 Y8.27760
G01 X-17.01279 Y8.23125
G01 X-17.01515 Y8.23049
G01 X-17.03697 Y8.22502
G01 X-17.27001 Y8.16676
G01 X-17.27240 Y8.16622
G01 X-17.40499 Y8.13971
G01 X-17.40743 Y8.13935
G01 X-17.50400 Y8.12502
G01 X-17.66226 Y8.10156
G01 X-17.66470 Y8.10125
G01 X-17.78629 Y8.08916
G01 X-17.78876 Y8.08906
G01 X-18.04360 Y8.07654
G01 X-18.04606 Y8.07641
G01 X-18.16389 Y8.07649
G01 X-18.16635 Y8.07654
G01 X-18.42119 Y8.08906
G01 X-18.42366 Y8.08924
G01 X-18.54525 Y8.10125
G01 X-18.54768 Y8.10156
G01 X-18.70585 Y8.12502
G01 X-18.80252 Y8.13935
G01 X-18.80496 Y8.13978
G01 X-18.93755 Y8.16622
G01 X-18.93994 Y8.16676
G01 X-19.17257 Y8.22502
G01 X-23.07498 Y8.22502
G01 X-23.10427 Y8.19574
G01 X-23.07498 Y8.22502
G01 X-23.07498 Y8.46894
G01 X-23.07600 Y8.46907
G01 X-23.07498 Y8.46894
G01 X-23.06721 Y8.48560
G01 X-23.03561 Y8.60346
G01 X-23.02499 Y8.72502
G01 X-23.02499 Y11.32502
G01 X-23.03843 Y11.46157
G01 X-23.07828 Y11.59289
G01 X-23.14295 Y11.71392
G01 X-23.23002 Y11.81999
G01 X-23.33609 Y11.90703
G01 X-23.36690 Y11.92352
G01 X-23.37074 Y11.92078
G01 X-23.36690 Y11.92352
G01 X-23.37434 Y11.96081
G01 X-23.43124 Y12.14841
G01 X-23.45438 Y12.21308
G01 X-23.48374 Y12.27518
G01 X-23.57617 Y12.44808
G01 X-23.65240 Y12.56218
G01 X-23.77676 Y12.71371
G01 X-23.82288 Y12.76461
G01 X-25.28539 Y14.22712
G01 X-25.33629 Y14.27325
G01 X-25.48783 Y14.39761
G01 X-25.60192 Y14.47383
G01 X-25.77482 Y14.56626
G01 X-25.90159 Y14.61876
G01 X-26.08920 Y14.67566
G01 X-26.22379 Y14.70243
G01 X-26.41886 Y14.72166
G01 X-26.48749 Y14.72504
G01 X-26.55610 Y14.72166
G01 X-26.75117 Y14.70243
G01 X-26.88577 Y14.67566
G01 X-27.07337 Y14.61876
G01 X-27.20014 Y14.56626
G01 X-27.37304 Y14.47383
G01 X-27.43194 Y14.43852
G01 X-27.48714 Y14.39761
G01 X-27.60621 Y14.29987
G01 X-27.61411 Y14.42273
G01 X-27.55056 Y14.47490
G01 X-27.48752 Y14.52168
G01 X-27.42016 Y14.56204
G01 X-27.24729 Y14.65445
G01 X-27.10240 Y14.71447
G01 X-26.91480 Y14.77137
G01 X-26.76098 Y14.80195
G01 X-26.56590 Y14.82118
G01 X-26.48749 Y14.82504
G01 X-26.40906 Y14.82118
G01 X-26.21399 Y14.80195
G01 X-26.06017 Y14.77137
G01 X-25.87256 Y14.71447
G01 X-25.72768 Y14.65445
G01 X-25.55481 Y14.56204
G01 X-25.42440 Y14.47490
G01 X-25.27287 Y14.35054
G01 X-25.21470 Y14.29781
G01 X-23.75219 Y12.83530
G01 X-23.69946 Y12.77714
G01 X-23.57511 Y12.62560
G01 X-23.48796 Y12.49520
G01 X-23.39555 Y12.32232
G01 X-23.36200 Y12.25136
G01 X-23.33553 Y12.17744
G01 X-23.27864 Y11.98984
G01 X-23.27836 Y11.98839
G01 X-23.28151 Y11.98621
G01 X-23.27836 Y11.98839
G01 X-23.15931 Y11.89070
G01 X-23.05982 Y11.76947
G01 X-22.98588 Y11.63116
G01 X-22.94036 Y11.48108
G01 X-22.92499 Y11.32502
G01 X-22.92499 Y8.72502
G01 X-22.93713 Y8.58609
G01 X-22.97323 Y8.45139
G01 X-22.97498 Y8.44766
G01 X-22.97587 Y8.44778
G01 X-22.97498 Y8.44766
G01 X-22.97498 Y8.32502
G01 X-23.00427 Y8.29574
G01 X-22.97498 Y8.32502
G01 X-19.48228 Y8.32502
G01 X-19.35180 Y8.27834
G01 X-19.34951 Y8.27758
G01 X-19.19716 Y8.23125
G01 X-19.19477 Y8.23059
G01 X-19.17257 Y8.22502
G01 X-19.19477 Y8.23059
G01 X-19.19716 Y8.23125
G01 X-19.34951 Y8.27758
G01 X-19.35180 Y8.27834
G01 X-19.48228 Y8.32502
G01 X-19.60666 Y8.36953
G01 X-19.60900 Y8.37041
G01 X-19.74044 Y8.42502
G01 X-22.87498 Y8.42502
G01 X-22.92448 Y8.38644
G01 X-22.87498 Y8.42502
G01 X-22.87498 Y8.43320
G01 X-22.83866 Y8.56874
G01 X-22.82499 Y8.72502
G01 X-22.82499 Y11.32502
G01 X-22.84229 Y11.50058
G01 X-22.89350 Y11.66942
G01 X-22.97666 Y11.82502
G01 X-23.08859 Y11.96142
G01 X-23.19101 Y12.04546
G01 X-23.19451 Y12.04308
G01 X-23.19101 Y12.04546
G01 X-23.23985 Y12.20645
G01 X-23.26959 Y12.28961
G01 X-23.30736 Y12.36947
G01 X-23.39977 Y12.54234
G01 X-23.49779 Y12.68905
G01 X-23.62217 Y12.84059
G01 X-23.68148 Y12.90602
G01 X-25.14399 Y14.36852
G01 X-25.20942 Y14.42783
G01 X-25.36095 Y14.55222
G01 X-25.50766 Y14.65023
G01 X-25.68054 Y14.74264
G01 X-25.84355 Y14.81015
G01 X-26.03113 Y14.86705
G01 X-26.20418 Y14.90149
G01 X-26.39926 Y14.92069
G01 X-26.48749 Y14.92504
G01 X-26.57571 Y14.92069
G01 X-26.77078 Y14.90149
G01 X-26.94383 Y14.86705
G01 X-27.13141 Y14.81015
G01 X-27.29443 Y14.74264
G01 X-27.46730 Y14.65023
G01 X-27.54307 Y14.60482
G01 X-27.61401 Y14.55222
G01 X-27.62369 Y14.54421
G01 X-27.62740 Y14.58158
G01 X-27.62745 Y14.58201
G01 X-27.63390 Y14.64226
G01 X-27.63392 Y14.64266
G01 X-27.63596 Y14.66027
G01 X-27.59862 Y14.68798
G01 X-27.51444 Y14.73842
G01 X-27.34157 Y14.83083
G01 X-27.16044 Y14.90586
G01 X-26.97286 Y14.96276
G01 X-26.78059 Y15.00101
G01 X-26.58549 Y15.02021
G01 X-26.48749 Y15.02504
G01 X-26.38948 Y15.02021
G01 X-26.19438 Y15.00101
G01 X-26.00210 Y14.96276
G01 X-25.81452 Y14.90586
G01 X-25.63339 Y14.83083
G01 X-25.46052 Y14.73842
G01 X-25.29753 Y14.62951
G01 X-25.14599 Y14.50515
G01 X-25.07327 Y14.43924
G01 X-23.61077 Y12.97673
G01 X-23.54485 Y12.90401
G01 X-23.42050 Y12.75247
G01 X-23.31158 Y12.58948
G01 X-23.21918 Y12.41661
G01 X-23.17721 Y12.32789
G01 X-23.14414 Y12.23548
G01 X-23.10388 Y12.10269
G01 X-23.10734 Y12.10033
G01 X-23.10388 Y12.10269
G01 X-23.01788 Y12.03213
G01 X-22.89352 Y11.88059
G01 X-22.80112 Y11.70769
G01 X-22.74420 Y11.52009
G01 X-22.72499 Y11.32502
G01 X-22.72499 Y8.72502
G01 X-22.74018 Y8.55136
G01 X-22.74724 Y8.52500
G01 X-22.78448 Y8.49170
G01 X-22.74724 Y8.52500
G01 X-19.95815 Y8.52500
G01 X-19.79325 Y8.44702
G01 X-19.79106 Y8.44606
G01 X-19.74044 Y8.42502
G01 X-19.79106 Y8.44606
G01 X-19.79325 Y8.44702
G01 X-19.95815 Y8.52500
G01 X-20.04811 Y8.56757
G01 X-20.05035 Y8.56869
G01 X-20.15540 Y8.62502
G01 X-22.63373 Y8.62502
G01 X-22.66325 Y8.59561
G01 X-22.63373 Y8.62502
G01 X-22.62499 Y8.72502
G01 X-22.62499 Y11.32502
G01 X-22.64613 Y11.53962
G01 X-22.70871 Y11.74597
G01 X-22.81036 Y11.93614
G01 X-22.94717 Y12.10282
G01 X-23.01674 Y12.15992
G01 X-23.02014 Y12.15758
G01 X-23.01674 Y12.15992
G01 X-23.04846 Y12.26451
G01 X-23.08483 Y12.36616
G01 X-23.13099 Y12.46375
G01 X-23.22339 Y12.63662
G01 X-23.34320 Y12.81592
G01 X-23.46756 Y12.96746
G01 X-23.54005 Y13.04744
G01 X-25.00256 Y14.50995
G01 X-25.08254 Y14.58244
G01 X-25.23408 Y14.70680
G01 X-25.41338 Y14.82661
G01 X-25.58625 Y14.91902
G01 X-25.78549 Y15.00154
G01 X-25.97307 Y15.05844
G01 X-26.07779 Y15.08468
G01 X-26.18457 Y15.10053
G01 X-26.37967 Y15.11973
G01 X-26.48749 Y15.12504
G01 X-26.59529 Y15.11973
G01 X-26.79039 Y15.10053
G01 X-27.00190 Y15.05844
G01 X-27.18947 Y15.00154
G01 X-27.38871 Y14.91902
G01 X-27.56158 Y14.82661
G01 X-27.58632 Y14.81178
G01 X-27.64180 Y14.71079
G01 X-27.63596 Y14.66027
G01 X-27.63392 Y14.64266
G01 X-27.63390 Y14.64226
G01 X-27.62745 Y14.58201
G01 X-27.62740 Y14.58158
G01 X-27.62369 Y14.54421
G01 X-27.61873 Y14.49380
G01 X-27.61861 Y14.49209
G01 X-27.61411 Y14.42273
G01 X-27.60621 Y14.29987
G01 X-27.60606 Y14.29745
G01 X-27.60596 Y14.29560
G01 X-27.60433 Y14.23566
G01 X-27.60144 Y14.17218
G01 X-27.60108 Y14.16420
G01 X-27.59737 Y14.10695
G01 X-27.59730 Y14.10538
G01 X-27.59486 Y14.03256
G01 X-27.59412 Y14.01018
G01 X-27.59410 Y14.00853
G01 X-27.59410 Y13.94513
G01 X-27.59412 Y13.94312
G01 X-27.59699 Y13.87236
G01 X-27.59796 Y13.84858
G01 X-27.59808 Y13.84645
G01 X-27.59928 Y13.83195
G01 X-27.60225 Y13.77642
G01 X-27.60268 Y13.75786
G01 X-27.60276 Y13.75600
G01 X-27.60639 Y13.69517
G01 X-27.60654 Y13.69324
G01 X-27.60824 Y13.67576
G01 X-27.61172 Y13.64046
G01 X-27.61203 Y13.63807
G01 X-27.62178 Y13.57188
G01 X-27.62221 Y13.56941
G01 X-27.62798 Y13.54046
G01 X-27.63164 Y13.52019
G01 X-27.63621 Y13.49232
G01 X-27.63751 Y13.48399
G01 X-27.66639 Y13.28923
G01 X-27.67113 Y13.24137
G01 X-27.67507 Y13.16068
G01 X-27.68063 Y13.04777
G01 X-27.68063 Y13.00228
G01 X-27.67507 Y12.88923
G01 X-27.67113 Y12.80873
G01 X-27.66639 Y12.76080
G01 X-27.63751 Y12.56609
G01 X-27.63626 Y12.55806
G01 X-27.63164 Y12.52984
G01 X-27.62793 Y12.50942
G01 X-27.62221 Y12.48064
G01 X-27.62178 Y12.47818
G01 X-27.61203 Y12.41199
G01 X-27.61172 Y12.40960
G01 X-27.60822 Y12.37424
G01 X-27.58353 Y12.32804
G01 X-27.56839 Y12.30279
G01 X-27.55087 Y12.27914
G01 X-27.42648 Y12.12761
G01 X-27.40672 Y12.10579
G01 X-26.62499 Y11.32405
G01 X-26.61737 Y11.32720
G01 X-26.62499 Y11.32405
G01 X-26.62499 Y8.72502
G01 X-26.62044 Y8.67293
G01 X-26.60690 Y8.62241
G01 X-26.58480 Y8.57501
G01 X-26.57497 Y8.56099
G01 X-26.57213 Y8.56168
G01 X-26.57497 Y8.56099
G01 X-26.57497 Y7.82500
G01 X-26.54569 Y7.79571
G01 X-26.57497 Y7.82500
G01 X-36.47498 Y7.82500
G01 X-36.50426 Y7.79571
G01 X-36.47498 Y7.82500
G01 X-36.47498 Y8.56102
G01 X-36.47782 Y8.56173
G01 X-36.47498 Y8.56102
G01 X-36.46517 Y8.57501
G01 X-36.44308 Y8.62241
G01 X-36.42954 Y8.67293
G01 X-36.42499 Y8.72502
G01 X-36.42499 Y11.32502
G01 X-36.43076 Y11.38354
G01 X-36.44783 Y11.43983
G01 X-36.47554 Y11.49169
G01 X-36.51285 Y11.53713
G01 X-36.55832 Y11.57445
G01 X-36.61018 Y11.60218
G01 X-36.66647 Y11.61925
G01 X-36.72499 Y11.62502
G01 X-36.72969 Y11.62502
G01 X-36.74940 Y11.60462
G01 X-36.72969 Y11.62502
G01 X-36.74564 Y11.78702
G01 X-36.75710 Y11.84470
G01 X-36.81402 Y12.03228
G01 X-36.82392 Y12.06002
G01 X-36.83652 Y12.08661
G01 X-36.92893 Y12.25951
G01 X-36.96159 Y12.30840
G01 X-37.08598 Y12.45994
G01 X-37.10574 Y12.48176
G01 X-38.56824 Y13.94427
G01 X-38.59006 Y13.96403
G01 X-38.74160 Y14.08841
G01 X-38.79049 Y14.12108
G01 X-38.96339 Y14.21348
G01 X-39.01772 Y14.23599
G01 X-39.20530 Y14.29291
G01 X-39.23388 Y14.30004
G01 X-39.26298 Y14.30436
G01 X-39.45808 Y14.32359
G01 X-39.48749 Y14.32504
G01 X-39.51688 Y14.32359
G01 X-39.71198 Y14.30436
G01 X-39.74109 Y14.30004
G01 X-39.76966 Y14.29291
G01 X-39.95724 Y14.23599
G01 X-40.01157 Y14.21348
G01 X-40.18447 Y14.12108
G01 X-40.20972 Y14.10594
G01 X-40.23337 Y14.08841
G01 X-40.38490 Y13.96403
G01 X-40.40672 Y13.94427
G01 X-40.42648 Y13.92245
G01 X-40.55087 Y13.77091
G01 X-40.58353 Y13.72202
G01 X-40.60824 Y13.67574
G01 X-40.60654 Y13.69324
G01 X-40.60639 Y13.69517
G01 X-40.60276 Y13.75600
G01 X-40.60268 Y13.75786
G01 X-40.60225 Y13.77640
G01 X-40.59928 Y13.83195
G01 X-40.59808 Y13.84645
G01 X-40.59793 Y13.84861
G01 X-40.59697 Y13.87233
G01 X-40.50380 Y13.98590
G01 X-40.47743 Y14.01498
G01 X-40.44835 Y14.04135
G01 X-40.29681 Y14.16570
G01 X-40.26527 Y14.18910
G01 X-40.23161 Y14.20926
G01 X-40.05871 Y14.30167
G01 X-39.98627 Y14.33169
G01 X-39.79870 Y14.38859
G01 X-39.72178 Y14.40388
G01 X-39.52669 Y14.42311
G01 X-39.48749 Y14.42504
G01 X-39.44828 Y14.42311
G01 X-39.25318 Y14.40388
G01 X-39.17627 Y14.38859
G01 X-38.98869 Y14.33169
G01 X-38.91625 Y14.30167
G01 X-38.74335 Y14.20926
G01 X-38.67815 Y14.16570
G01 X-38.52661 Y14.04135
G01 X-38.49753 Y14.01498
G01 X-37.03502 Y12.55247
G01 X-37.00866 Y12.52339
G01 X-36.88430 Y12.37185
G01 X-36.84074 Y12.30665
G01 X-36.74833 Y12.13375
G01 X-36.73154 Y12.09827
G01 X-36.71831 Y12.06131
G01 X-36.66141 Y11.87373
G01 X-36.64612 Y11.79682
G01 X-36.63802 Y11.71463
G01 X-36.64970 Y11.70559
G01 X-36.63802 Y11.71463
G01 X-36.57190 Y11.69456
G01 X-36.50277 Y11.65761
G01 X-36.44214 Y11.60785
G01 X-36.39240 Y11.54724
G01 X-36.35545 Y11.47808
G01 X-36.33266 Y11.40305
G01 X-36.32499 Y11.32502
G01 X-36.32499 Y8.72502
G01 X-36.33106 Y8.65555
G01 X-36.34912 Y8.58819
G01 X-36.37498 Y8.53275
G01 X-36.37645 Y8.53300
G01 X-36.37498 Y8.53275
G01 X-36.37498 Y7.92500
G01 X-36.40426 Y7.89571
G01 X-36.37498 Y7.92500
G01 X-26.67497 Y7.92500
G01 X-26.64569 Y7.89571
G01 X-26.67497 Y7.92500
G01 X-26.67497 Y8.53269
G01 X-26.67350 Y8.53295
G01 X-26.67497 Y8.53269
G01 X-26.70085 Y8.58819
G01 X-26.71891 Y8.65555
G01 X-26.72498 Y8.72502
G01 X-26.72498 Y11.28263
G01 X-26.71736 Y11.28578
G01 X-26.72498 Y11.28263
G01 X-27.47743 Y12.03508
G01 X-27.50380 Y12.06416
G01 X-27.59697 Y12.17770
G01 X-27.59793 Y12.20150
G01 X-27.59806 Y12.20363
G01 X-27.59928 Y12.21808
G01 X-27.60225 Y12.27368
G01 X-27.60266 Y12.29222
G01 X-27.60273 Y12.29408
G01 X-27.60636 Y12.35489
G01 X-27.60652 Y12.35682
G01 X-27.60822 Y12.37424
G01 X-27.60652 Y12.35682
G01 X-27.60636 Y12.35489
G01 X-27.60273 Y12.29408
G01 X-27.60266 Y12.29222
G01 X-27.60225 Y12.27368
G01 X-27.59928 Y12.21808
G01 X-27.59806 Y12.20363
G01 X-27.59793 Y12.20150
G01 X-27.59697 Y12.17770
G01 X-27.59412 Y12.10714
G01 X-27.59407 Y12.10513
G01 X-27.59407 Y12.04173
G01 X-27.59410 Y12.04005
G01 X-27.59483 Y12.01747
G01 X-27.58109 Y12.00073
G01 X-27.54815 Y11.96436
G01 X-26.82498 Y11.24120
G01 X-26.81744 Y11.24432
G01 X-26.82498 Y11.24120
G01 X-26.82498 Y8.72502
G01 X-26.81739 Y8.63818
G01 X-26.79483 Y8.55401
G01 X-26.77497 Y8.51141
G01 X-26.77368 Y8.51164
G01 X-26.77497 Y8.51141
G01 X-26.77497 Y8.02502
G01 X-26.74569 Y7.99571
G01 X-26.77497 Y8.02502
G01 X-36.27498 Y8.02502
G01 X-36.30426 Y7.99571
G01 X-36.27498 Y8.02502
G01 X-36.27498 Y8.51146
G01 X-36.27627 Y8.51166
G01 X-36.27498 Y8.51146
G01 X-36.25514 Y8.55401
G01 X-36.23259 Y8.63818
G01 X-36.22499 Y8.72502
G01 X-36.22499 Y11.32502
G01 X-36.23459 Y11.42255
G01 X-36.26304 Y11.51636
G01 X-36.30924 Y11.60279
G01 X-36.37142 Y11.67856
G01 X-36.44719 Y11.74074
G01 X-36.53365 Y11.78694
G01 X-36.54501 Y11.79040
G01 X-36.55428 Y11.78349
G01 X-36.54501 Y11.79040
G01 X-36.54661 Y11.80663
G01 X-36.56571 Y11.90274
G01 X-36.62263 Y12.09035
G01 X-36.63916 Y12.13655
G01 X-36.66014 Y12.18090
G01 X-36.75255 Y12.35379
G01 X-36.80701 Y12.43528
G01 X-36.93137 Y12.58681
G01 X-36.96431 Y12.62319
G01 X-38.42682 Y14.08569
G01 X-38.46319 Y14.11864
G01 X-38.61472 Y14.24300
G01 X-38.69621 Y14.29745
G01 X-38.86911 Y14.38986
G01 X-38.95966 Y14.42737
G01 X-39.14726 Y14.48430
G01 X-39.24337 Y14.50340
G01 X-39.43847 Y14.52262
G01 X-39.48749 Y14.52504
G01 X-39.53649 Y14.52262
G01 X-39.73159 Y14.50340
G01 X-39.82770 Y14.48430
G01 X-40.01531 Y14.42737
G01 X-40.10586 Y14.38986
G01 X-40.27876 Y14.29745
G01 X-40.32084 Y14.27223
G01 X-40.36024 Y14.24300
G01 X-40.51177 Y14.11864
G01 X-40.54815 Y14.08569
G01 X-40.58109 Y14.04932
G01 X-40.59486 Y14.03256
G01 X-40.59730 Y14.10540
G01 X-40.59737 Y14.10695
G01 X-40.60103 Y14.16301
G01 X-40.60144 Y14.17218
G01 X-40.57522 Y14.19593
G01 X-40.42369 Y14.32031
G01 X-40.37639 Y14.35539
G01 X-40.32590 Y14.38564
G01 X-40.15300 Y14.47805
G01 X-40.04434 Y14.52308
G01 X-39.85673 Y14.57998
G01 X-39.74139 Y14.60291
G01 X-39.54630 Y14.62214
G01 X-39.48749 Y14.62504
G01 X-39.42867 Y14.62214
G01 X-39.23357 Y14.60291
G01 X-39.17533 Y14.59428
G01 X-39.11823 Y14.57998
G01 X-38.93062 Y14.52308
G01 X-38.82196 Y14.47805
G01 X-38.64907 Y14.38564
G01 X-38.55128 Y14.32031
G01 X-38.39974 Y14.19593
G01 X-38.35610 Y14.15641
G01 X-36.89360 Y12.69390
G01 X-36.85407 Y12.65026
G01 X-36.72969 Y12.49873
G01 X-36.66436 Y12.40094
G01 X-36.57196 Y12.22804
G01 X-36.54676 Y12.17483
G01 X-36.52692 Y12.11938
G01 X-36.47003 Y11.93177
G01 X-36.45534 Y11.85794
G01 X-36.46047 Y11.85433
G01 X-36.45534 Y11.85794
G01 X-36.39164 Y11.82390
G01 X-36.30071 Y11.74927
G01 X-36.22611 Y11.65834
G01 X-36.17066 Y11.55461
G01 X-36.13652 Y11.44206
G01 X-36.12499 Y11.32502
G01 X-36.12499 Y8.72502
G01 X-36.13411 Y8.62083
G01 X-36.16116 Y8.51979
G01 X-36.17498 Y8.49020
G01 X-36.17612 Y8.49038
G01 X-36.17498 Y8.49020
G01 X-36.17498 Y8.12502
G01 X-36.20426 Y8.09574
G01 X-36.17498 Y8.12502
G01 X-30.70585 Y8.12500
G01 X-30.54768 Y8.10153
G01 X-30.54525 Y8.10125
G01 X-30.42366 Y8.08924
G01 X-30.42119 Y8.08906
G01 X-30.16635 Y8.07654
G01 X-30.16389 Y8.07649
G01 X-30.04606 Y8.07649
G01 X-30.04360 Y8.07654
G01 X-29.78873 Y8.08896
G01 X-29.78629 Y8.08924
G01 X-29.66470 Y8.10125
G01 X-29.66227 Y8.10153
G01 X-29.50410 Y8.12500
G01 X-29.40743 Y8.13935
G01 X-29.40499 Y8.13971
G01 X-29.27240 Y8.16622
G01 X-29.27001 Y8.16676
G01 X-29.03697 Y8.22502
G01 X-29.01515 Y8.23049
G01 X-29.01279 Y8.23125
G01 X-28.86044 Y8.27758
G01 X-28.85813 Y8.27834
G01 X-28.72765 Y8.32502
G01 X-27.07497 Y8.32502
G01 X-27.04569 Y8.29574
G01 X-27.07497 Y8.32502
G01 X-27.07497 Y8.44760
G01 X-27.07408 Y8.44773
G01 X-27.07497 Y8.44760
G01 X-27.07675 Y8.45139
G01 X-27.11284 Y8.58609
G01 X-27.12498 Y8.72502
G01 X-27.12498 Y11.11694
G01 X-27.11739 Y11.12012
G01 X-27.12498 Y11.11694
G01 X-27.62478 Y11.61674
G01 X-27.61172 Y11.74511
G01 X-27.02498 Y11.15837
G01 X-27.01736 Y11.16152
G01 X-27.02498 Y11.15837
G01 X-27.02498 Y8.72502
G01 X-27.01434 Y8.60346
G01 X-26.98277 Y8.48560
G01 X-26.97497 Y8.46889
G01 X-26.97398 Y8.46904
G01 X-26.97497 Y8.46889
G01 X-26.97497 Y8.22502
G01 X-26.94569 Y8.19574
G01 X-26.97497 Y8.22502
G01 X-29.03697 Y8.22502
G01 X-29.03735 Y8.22502
G01 X-29.27001 Y8.16676
G01 X-29.27240 Y8.16622
G01 X-29.40499 Y8.13971
G01 X-29.40743 Y8.13935
G01 X-29.50410 Y8.12500
G01 X-26.87497 Y8.12502
G01 X-26.84569 Y8.09574
G01 X-26.87497 Y8.12502
G01 X-26.87497 Y8.49015
G01 X-26.87383 Y8.49033
G01 X-26.87497 Y8.49015
G01 X-26.88879 Y8.51979
G01 X-26.91587 Y8.62083
G01 X-26.92498 Y8.72502
G01 X-26.92498 Y11.19980
G01 X-26.91736 Y11.20295
G01 X-26.92498 Y11.19980
G01 X-27.60159 Y11.87640
G01 X-27.60106 Y11.88580
G01 X-27.59735 Y11.94315
G01 X-27.59727 Y11.94473
G01 X-27.59483 Y12.01747
G01 X-27.59727 Y11.94473
G01 X-27.59735 Y11.94315
G01 X-27.60106 Y11.88580
G01 X-27.60159 Y11.87640
G01 X-27.60268 Y11.85722
G01 X-27.60482 Y11.81392
G01 X-27.60502 Y11.81133
G01 X-27.61172 Y11.74511
G01 X-27.62478 Y11.61674
G01 X-27.62907 Y11.57452
G01 X-27.62935 Y11.57224
G01 X-27.64129 Y11.49182
G01 X-27.22498 Y11.07551
G01 X-27.21736 Y11.07869
G01 X-27.22498 Y11.07551
G01 X-27.22498 Y8.72502
G01 X-27.21132 Y8.56874
G01 X-27.17497 Y8.43310
G01 X-27.17497 Y8.42502
G01 X-27.12544 Y8.38644
G01 X-27.17497 Y8.42502
G01 X-28.46948 Y8.42502
G01 X-28.41889 Y8.44606
G01 X-28.41670 Y8.44702
G01 X-28.25180 Y8.52500
G01 X-27.30273 Y8.52500
G01 X-27.26550 Y8.49170
G01 X-27.30273 Y8.52500
G01 X-27.30979 Y8.55136
G01 X-27.32498 Y8.72502
G01 X-27.32498 Y11.03411
G01 X-27.31736 Y11.03726
G01 X-27.32498 Y11.03411
G01 X-27.66204 Y11.37114
G01 X-27.64162 Y11.48969
G01 X-27.64144 Y11.49083
G01 X-27.64129 Y11.49182
G01 X-27.64144 Y11.49083
G01 X-27.64162 Y11.48969
G01 X-27.66204 Y11.37114
G01 X-27.66557 Y11.35075
G01 X-27.58254 Y11.15022
G01 X-27.42498 Y10.99268
G01 X-27.41747 Y10.99581
G01 X-27.42498 Y10.99268
G01 X-27.42498 Y8.72502
G01 X-27.41625 Y8.62502
G01 X-27.38671 Y8.59559
G01 X-27.41625 Y8.62502
G01 X-28.05452 Y8.62502
G01 X-28.15960 Y8.56869
G01 X-28.16184 Y8.56754
G01 X-28.25180 Y8.52500
G01 X-28.41670 Y8.44702
G01 X-28.41889 Y8.44606
G01 X-28.46948 Y8.42502
G01 X-28.60095 Y8.37041
G01 X-28.60329 Y8.36953
G01 X-28.72765 Y8.32502
G01 X-28.85813 Y8.27834
G01 X-28.86044 Y8.27758
G01 X-29.01279 Y8.23125
G01 X-29.01515 Y8.23049
G01 X-29.03697 Y8.22502
G01 X-29.27001 Y8.16676
G01 X-29.27240 Y8.16622
G01 X-29.40499 Y8.13971
G01 X-29.40743 Y8.13935
G01 X-29.50410 Y8.12500
G01 X-29.66227 Y8.10153
G01 X-29.66470 Y8.10125
G01 X-29.78629 Y8.08924
G01 X-29.78873 Y8.08896
G01 X-30.04360 Y8.07654
G01 X-30.04606 Y8.07649
G01 X-30.16389 Y8.07649
G01 X-30.16635 Y8.07654
G01 X-30.42119 Y8.08906
G01 X-30.42366 Y8.08924
G01 X-30.54525 Y8.10125
G01 X-30.54768 Y8.10153
G01 X-30.70585 Y8.12500
G01 X-30.80252 Y8.13935
G01 X-30.80496 Y8.13978
G01 X-30.93755 Y8.16622
G01 X-30.93994 Y8.16676
G01 X-31.17260 Y8.22502
G01 X-36.07498 Y8.22500
G01 X-36.10427 Y8.19571
G01 X-36.07498 Y8.22500
G01 X-36.07498 Y8.46892
G01 X-36.07599 Y8.46907
G01 X-36.07498 Y8.46892
G01 X-36.06721 Y8.48560
G01 X-36.03563 Y8.60346
G01 X-36.02499 Y8.72502
G01 X-36.02499 Y11.32502
G01 X-36.03843 Y11.46157
G01 X-36.07828 Y11.59289
G01 X-36.14295 Y11.71392
G01 X-36.23002 Y11.81999
G01 X-36.33609 Y11.90703
G01 X-36.36690 Y11.92352
G01 X-36.37074 Y11.92078
G01 X-36.36690 Y11.92352
G01 X-36.37434 Y11.96081
G01 X-36.43124 Y12.14841
G01 X-36.45438 Y12.21308
G01 X-36.48374 Y12.27518
G01 X-36.57617 Y12.44808
G01 X-36.65240 Y12.56218
G01 X-36.77676 Y12.71371
G01 X-36.82288 Y12.76461
G01 X-38.28539 Y14.22712
G01 X-38.33629 Y14.27325
G01 X-38.48783 Y14.39761
G01 X-38.60192 Y14.47383
G01 X-38.77482 Y14.56626
G01 X-38.90159 Y14.61876
G01 X-39.08920 Y14.67566
G01 X-39.22379 Y14.70243
G01 X-39.41886 Y14.72166
G01 X-39.48749 Y14.72504
G01 X-39.55610 Y14.72166
G01 X-39.75117 Y14.70243
G01 X-39.88577 Y14.67566
G01 X-40.07337 Y14.61876
G01 X-40.20014 Y14.56626
G01 X-40.37304 Y14.47383
G01 X-40.43194 Y14.43852
G01 X-40.48714 Y14.39761
G01 X-40.60621 Y14.29987
G01 X-40.61414 Y14.42275
G01 X-40.55056 Y14.47490
G01 X-40.48752 Y14.52168
G01 X-40.42016 Y14.56204
G01 X-40.24728 Y14.65445
G01 X-40.10240 Y14.71447
G01 X-39.91480 Y14.77137
G01 X-39.76098 Y14.80195
G01 X-39.56590 Y14.82118
G01 X-39.48749 Y14.82504
G01 X-39.40906 Y14.82118
G01 X-39.21399 Y14.80195
G01 X-39.06016 Y14.77137
G01 X-38.87256 Y14.71447
G01 X-38.72768 Y14.65445
G01 X-38.55481 Y14.56204
G01 X-38.42440 Y14.47490
G01 X-38.27287 Y14.35054
G01 X-38.21470 Y14.29781
G01 X-36.75219 Y12.83530
G01 X-36.69946 Y12.77714
G01 X-36.57510 Y12.62560
G01 X-36.48796 Y12.49520
G01 X-36.39555 Y12.32232
G01 X-36.36200 Y12.25136
G01 X-36.33553 Y12.17744
G01 X-36.27864 Y11.98984
G01 X-36.27836 Y11.98839
G01 X-36.28151 Y11.98621
G01 X-36.27836 Y11.98839
G01 X-36.15931 Y11.89070
G01 X-36.05982 Y11.76947
G01 X-35.98588 Y11.63116
G01 X-35.94036 Y11.48108
G01 X-35.92499 Y11.32502
G01 X-35.92499 Y8.72502
G01 X-35.93713 Y8.58609
G01 X-35.97323 Y8.45139
G01 X-35.97498 Y8.44766
G01 X-35.97587 Y8.44778
G01 X-35.97498 Y8.44766
G01 X-35.97498 Y8.32502
G01 X-36.00427 Y8.29574
G01 X-35.97498 Y8.32502
G01 X-31.48230 Y8.32502
G01 X-31.35187 Y8.27834
G01 X-31.34956 Y8.27758
G01 X-31.19719 Y8.23125
G01 X-31.19478 Y8.23056
G01 X-31.17260 Y8.22502
G01 X-31.19478 Y8.23056
G01 X-31.19719 Y8.23125
G01 X-31.34956 Y8.27758
G01 X-31.35187 Y8.27834
G01 X-31.48230 Y8.32502
G01 X-31.60669 Y8.36953
G01 X-31.60902 Y8.37044
G01 X-31.74044 Y8.42502
G01 X-35.87498 Y8.42502
G01 X-35.92448 Y8.38644
G01 X-35.87498 Y8.42502
G01 X-35.87498 Y8.43320
G01 X-35.83866 Y8.56874
G01 X-35.82499 Y8.72502
G01 X-35.82499 Y11.32502
G01 X-35.84229 Y11.50058
G01 X-35.89350 Y11.66942
G01 X-35.97666 Y11.82502
G01 X-36.08859 Y11.96142
G01 X-36.19101 Y12.04546
G01 X-36.19451 Y12.04308
G01 X-36.19101 Y12.04546
G01 X-36.23985 Y12.20645
G01 X-36.26959 Y12.28961
G01 X-36.30736 Y12.36947
G01 X-36.39977 Y12.54234
G01 X-36.49779 Y12.68905
G01 X-36.62217 Y12.84059
G01 X-36.68148 Y12.90602
G01 X-38.14399 Y14.36852
G01 X-38.20942 Y14.42783
G01 X-38.36095 Y14.55222
G01 X-38.50766 Y14.65023
G01 X-38.68054 Y14.74264
G01 X-38.84355 Y14.81015
G01 X-39.03113 Y14.86705
G01 X-39.20418 Y14.90149
G01 X-39.39925 Y14.92069
G01 X-39.48749 Y14.92504
G01 X-39.57571 Y14.92069
G01 X-39.77078 Y14.90149
G01 X-39.94383 Y14.86705
G01 X-40.13141 Y14.81015
G01 X-40.29443 Y14.74264
G01 X-40.46730 Y14.65023
G01 X-40.54307 Y14.60482
G01 X-40.61401 Y14.55222
G01 X-40.62369 Y14.54421
G01 X-40.62740 Y14.58158
G01 X-40.62745 Y14.58201
G01 X-40.63390 Y14.64226
G01 X-40.63392 Y14.64266
G01 X-40.63596 Y14.66027
G01 X-40.59862 Y14.68798
G01 X-40.51444 Y14.73842
G01 X-40.34157 Y14.83083
G01 X-40.16044 Y14.90586
G01 X-39.97286 Y14.96276
G01 X-39.78058 Y15.00101
G01 X-39.58549 Y15.02021
G01 X-39.48749 Y15.02504
G01 X-39.38948 Y15.02021
G01 X-39.19438 Y15.00101
G01 X-39.00210 Y14.96276
G01 X-38.81452 Y14.90586
G01 X-38.63339 Y14.83083
G01 X-38.46052 Y14.73842
G01 X-38.29753 Y14.62951
G01 X-38.14599 Y14.50515
G01 X-38.07327 Y14.43924
G01 X-36.61077 Y12.97673
G01 X-36.54485 Y12.90401
G01 X-36.42050 Y12.75247
G01 X-36.31158 Y12.58948
G01 X-36.21917 Y12.41661
G01 X-36.17721 Y12.32789
G01 X-36.14414 Y12.23548
G01 X-36.10386 Y12.10269
G01 X-36.10731 Y12.10033
G01 X-36.10386 Y12.10269
G01 X-36.01788 Y12.03210
G01 X-35.89352 Y11.88057
G01 X-35.80112 Y11.70769
G01 X-35.74419 Y11.52009
G01 X-35.72499 Y11.32502
G01 X-35.72499 Y8.72502
G01 X-35.74018 Y8.55136
G01 X-35.74724 Y8.52500
G01 X-35.78448 Y8.49170
G01 X-35.74724 Y8.52500
G01 X-31.95812 Y8.52500
G01 X-31.79322 Y8.44702
G01 X-31.79104 Y8.44603
G01 X-31.74044 Y8.42502
G01 X-31.79104 Y8.44603
G01 X-31.79322 Y8.44702
G01 X-31.95812 Y8.52500
G01 X-32.04809 Y8.56754
G01 X-32.05032 Y8.56869
G01 X-32.15540 Y8.62502
G01 X-35.63373 Y8.62502
G01 X-35.66324 Y8.59561
G01 X-35.63373 Y8.62502
G01 X-35.62499 Y8.72502
G01 X-35.62499 Y11.32502
G01 X-35.64613 Y11.53962
G01 X-35.70871 Y11.74597
G01 X-35.81036 Y11.93614
G01 X-35.94717 Y12.10282
G01 X-36.01674 Y12.15992
G01 X-36.02014 Y12.15758
G01 X-36.01674 Y12.15992
G01 X-36.04846 Y12.26451
G01 X-36.08483 Y12.36616
G01 X-36.13099 Y12.46375
G01 X-36.22339 Y12.63662
G01 X-36.34320 Y12.81592
G01 X-36.46756 Y12.96746
G01 X-36.54005 Y13.04744
G01 X-38.00256 Y14.50995
G01 X-38.08254 Y14.58244
G01 X-38.23408 Y14.70680
G01 X-38.41338 Y14.82661
G01 X-38.58625 Y14.91902
G01 X-38.78549 Y15.00154
G01 X-38.97307 Y15.05844
G01 X-39.07779 Y15.08468
G01 X-39.18457 Y15.10053
G01 X-39.37967 Y15.11973
G01 X-39.48749 Y15.12504
G01 X-39.59529 Y15.11973
G01 X-39.79039 Y15.10053
G01 X-40.00190 Y15.05844
G01 X-40.18947 Y15.00154
G01 X-40.38871 Y14.91902
G01 X-40.56158 Y14.82661
G01 X-40.58635 Y14.81178
G01 X-40.64180 Y14.71079
G01 X-40.63596 Y14.66027
G01 X-40.63392 Y14.64266
G01 X-40.63390 Y14.64226
G01 X-40.62745 Y14.58201
G01 X-40.62740 Y14.58158
G01 X-40.62369 Y14.54421
G01 X-40.61873 Y14.49380
G01 X-40.61861 Y14.49209
G01 X-40.61414 Y14.42275
G01 X-40.60621 Y14.29987
G01 X-40.60606 Y14.29745
G01 X-40.60596 Y14.29560
G01 X-40.60433 Y14.23532
G01 X-40.60144 Y14.17218
G01 X-40.60103 Y14.16301
G01 X-40.59737 Y14.10695
G01 X-40.59730 Y14.10540
G01 X-40.59486 Y14.03256
G01 X-40.59412 Y14.01048
G01 X-40.59410 Y14.00881
G01 X-40.59410 Y13.94538
G01 X-40.59412 Y13.94338
G01 X-40.59697 Y13.87233
G01 X-40.59793 Y13.84861
G01 X-40.59808 Y13.84645
G01 X-40.59928 Y13.83195
G01 X-40.60225 Y13.77640
G01 X-40.60268 Y13.75786
G01 X-40.60276 Y13.75600
G01 X-40.60639 Y13.69517
G01 X-40.60654 Y13.69324
G01 X-40.60824 Y13.67574
G01 X-40.61172 Y13.64046
G01 X-40.61203 Y13.63807
G01 X-40.62178 Y13.57188
G01 X-40.62221 Y13.56941
G01 X-40.62798 Y13.54043
G01 X-40.63164 Y13.52021
G01 X-40.63621 Y13.49232
G01 X-40.63750 Y13.48399
G01 X-40.66638 Y13.28923
G01 X-40.67113 Y13.24137
G01 X-40.67507 Y13.16068
G01 X-40.68063 Y13.04777
G01 X-40.68063 Y13.00228
G01 X-40.67507 Y12.88923
G01 X-40.67113 Y12.80873
G01 X-40.66638 Y12.76083
G01 X-40.63750 Y12.56609
G01 X-40.63623 Y12.55798
G01 X-40.63164 Y12.52987
G01 X-40.62793 Y12.50939
G01 X-40.62221 Y12.48064
G01 X-40.62178 Y12.47818
G01 X-40.61203 Y12.41199
G01 X-40.61172 Y12.40960
G01 X-40.60822 Y12.37427
G01 X-40.58353 Y12.32804
G01 X-40.56839 Y12.30279
G01 X-40.55087 Y12.27914
G01 X-40.42648 Y12.12761
G01 X-40.40672 Y12.10579
G01 X-39.62498 Y11.32405
G01 X-39.61736 Y11.32720
G01 X-39.62498 Y11.32405
G01 X-39.62498 Y8.72502
G01 X-39.62044 Y8.67293
G01 X-39.60690 Y8.62241
G01 X-39.58480 Y8.57501
G01 X-39.57497 Y8.56099
G01 X-39.57213 Y8.56168
G01 X-39.57497 Y8.56099
G01 X-39.57497 Y7.82500
G01 X-39.54569 Y7.79571
G01 X-39.57497 Y7.82500
G01 X-48.47498 Y7.82500
G01 X-48.50427 Y7.79571
G01 X-48.47498 Y7.82500
G01 X-48.47498 Y8.56102
G01 X-48.47782 Y8.56173
G01 X-48.47498 Y8.56102
G01 X-48.46518 Y8.57501
G01 X-48.44308 Y8.62241
G01 X-48.42954 Y8.67293
G01 X-48.42499 Y8.72502
G01 X-48.42499 Y11.32502
G01 X-48.43076 Y11.38354
G01 X-48.44783 Y11.43983
G01 X-48.47554 Y11.49169
G01 X-48.51285 Y11.53713
G01 X-48.55832 Y11.57445
G01 X-48.61018 Y11.60218
G01 X-48.66647 Y11.61925
G01 X-48.72497 Y11.62502
G01 X-48.74767 Y11.60637
G01 X-48.72497 Y11.62502
G01 X-48.72497 Y12.02502
G01 X-48.72641 Y12.05443
G01 X-48.74564 Y12.24953
G01 X-48.75710 Y12.30721
G01 X-48.81402 Y12.49479
G01 X-48.82392 Y12.52253
G01 X-48.83652 Y12.54912
G01 X-48.92893 Y12.72202
G01 X-48.96159 Y12.77091
G01 X-49.08598 Y12.92245
G01 X-49.10574 Y12.94427
G01 X-50.10574 Y13.94427
G01 X-50.12755 Y13.96403
G01 X-50.27909 Y14.08841
G01 X-50.32799 Y14.12108
G01 X-50.50088 Y14.21348
G01 X-50.52748 Y14.22608
G01 X-50.55521 Y14.23599
G01 X-50.74279 Y14.29291
G01 X-50.80048 Y14.30436
G01 X-50.99557 Y14.32359
G01 X-51.02499 Y14.32504
G01 X-51.48750 Y14.32504
G01 X-51.51688 Y14.32359
G01 X-51.71198 Y14.30436
G01 X-51.76966 Y14.29291
G01 X-51.95724 Y14.23599
G01 X-51.98498 Y14.22608
G01 X-52.01157 Y14.21348
G01 X-52.18447 Y14.12108
G01 X-52.23337 Y14.08841
G01 X-52.38490 Y13.96403
G01 X-52.40672 Y13.94427
G01 X-52.42648 Y13.92245
G01 X-52.55087 Y13.77091
G01 X-52.58353 Y13.72202
G01 X-52.60825 Y13.67574
G01 X-52.60654 Y13.69324
G01 X-52.60639 Y13.69517
G01 X-52.60276 Y13.75600
G01 X-52.60268 Y13.75786
G01 X-52.60225 Y13.77642
G01 X-52.59928 Y13.83195
G01 X-52.59809 Y13.84645
G01 X-52.59796 Y13.84858
G01 X-52.59699 Y13.87233
G01 X-52.50380 Y13.98590
G01 X-52.47744 Y14.01498
G01 X-52.44835 Y14.04135
G01 X-52.29682 Y14.16570
G01 X-52.23161 Y14.20926
G01 X-52.05872 Y14.30167
G01 X-52.02323 Y14.31846
G01 X-51.98628 Y14.33169
G01 X-51.79870 Y14.38859
G01 X-51.72179 Y14.40388
G01 X-51.52669 Y14.42311
G01 X-51.48750 Y14.42504
G01 X-51.02499 Y14.42504
G01 X-50.98577 Y14.42311
G01 X-50.79067 Y14.40388
G01 X-50.71376 Y14.38859
G01 X-50.52618 Y14.33169
G01 X-50.48922 Y14.31846
G01 X-50.45374 Y14.30167
G01 X-50.28084 Y14.20926
G01 X-50.21564 Y14.16570
G01 X-50.06411 Y14.04135
G01 X-50.03502 Y14.01498
G01 X-49.03502 Y13.01498
G01 X-49.00866 Y12.98590
G01 X-48.88430 Y12.83436
G01 X-48.84074 Y12.76916
G01 X-48.74833 Y12.59626
G01 X-48.73154 Y12.56078
G01 X-48.71831 Y12.52382
G01 X-48.66142 Y12.33624
G01 X-48.64612 Y12.25933
G01 X-48.62690 Y12.06423
G01 X-48.62497 Y12.02502
G01 X-48.62497 Y11.71067
G01 X-48.64137 Y11.69992
G01 X-48.62497 Y11.71067
G01 X-48.57191 Y11.69456
G01 X-48.50277 Y11.65761
G01 X-48.44214 Y11.60785
G01 X-48.39240 Y11.54724
G01 X-48.35545 Y11.47808
G01 X-48.33266 Y11.40305
G01 X-48.32499 Y11.32502
G01 X-48.32499 Y8.72502
G01 X-48.33106 Y8.65555
G01 X-48.34912 Y8.58819
G01 X-48.37498 Y8.53275
G01 X-48.37645 Y8.53300
G01 X-48.37498 Y8.53275
G01 X-48.37498 Y7.92500
G01 X-48.40427 Y7.89571
G01 X-48.37498 Y7.92500
G01 X-39.67497 Y7.92503
G01 X-39.64569 Y7.89571
G01 X-39.67497 Y7.92503
G01 X-39.67497 Y8.53269
G01 X-39.67350 Y8.53295
G01 X-39.67497 Y8.53269
G01 X-39.70085 Y8.58819
G01 X-39.71891 Y8.65555
G01 X-39.72498 Y8.72502
G01 X-39.72498 Y11.28263
G01 X-39.71736 Y11.28578
G01 X-39.72498 Y11.28263
G01 X-40.47743 Y12.03508
G01 X-40.50380 Y12.06416
G01 X-40.59697 Y12.17772
G01 X-40.59793 Y12.20150
G01 X-40.59806 Y12.20363
G01 X-40.59928 Y12.21811
G01 X-40.60225 Y12.27366
G01 X-40.60266 Y12.29222
G01 X-40.60273 Y12.29408
G01 X-40.60636 Y12.35489
G01 X-40.60652 Y12.35682
G01 X-40.60822 Y12.37427
G01 X-40.60652 Y12.35682
G01 X-40.60636 Y12.35489
G01 X-40.60273 Y12.29408
G01 X-40.60266 Y12.29222
G01 X-40.60225 Y12.27366
G01 X-40.59928 Y12.21811
G01 X-40.59806 Y12.20363
G01 X-40.59793 Y12.20150
G01 X-40.59697 Y12.17772
G01 X-40.59412 Y12.10688
G01 X-40.59407 Y12.10487
G01 X-40.59407 Y12.04143
G01 X-40.59412 Y12.03977
G01 X-40.59486 Y12.01747
G01 X-40.58109 Y12.00073
G01 X-40.54815 Y11.96436
G01 X-39.82498 Y11.24120
G01 X-39.81744 Y11.24432
G01 X-39.82498 Y11.24120
G01 X-39.82498 Y8.72502
G01 X-39.81739 Y8.63818
G01 X-39.79483 Y8.55401
G01 X-39.77497 Y8.51141
G01 X-39.77368 Y8.51164
G01 X-39.77497 Y8.51141
G01 X-39.77497 Y8.02502
G01 X-39.74569 Y7.99571
G01 X-39.77497 Y8.02502
G01 X-48.27498 Y8.02502
G01 X-48.30427 Y7.99571
G01 X-48.27498 Y8.02502
G01 X-48.27498 Y8.51149
G01 X-48.27628 Y8.51169
G01 X-48.27498 Y8.51149
G01 X-48.25514 Y8.55401
G01 X-48.23259 Y8.63818
G01 X-48.22499 Y8.72502
G01 X-48.22499 Y11.32502
G01 X-48.23459 Y11.42255
G01 X-48.26304 Y11.51636
G01 X-48.30924 Y11.60279
G01 X-48.37142 Y11.67856
G01 X-48.44719 Y11.74074
G01 X-48.52497 Y11.78232
G01 X-48.53665 Y11.77612
G01 X-48.52497 Y11.78232
G01 X-48.52497 Y12.02502
G01 X-48.52738 Y12.07404
G01 X-48.54661 Y12.26914
G01 X-48.56571 Y12.36525
G01 X-48.62263 Y12.55285
G01 X-48.63917 Y12.59906
G01 X-48.66015 Y12.64341
G01 X-48.75255 Y12.81630
G01 X-48.80701 Y12.89779
G01 X-48.93137 Y13.04932
G01 X-48.96431 Y13.08570
G01 X-49.96431 Y14.08569
G01 X-50.00068 Y14.11864
G01 X-50.15222 Y14.24300
G01 X-50.23370 Y14.29745
G01 X-50.40660 Y14.38986
G01 X-50.45095 Y14.41084
G01 X-50.49715 Y14.42737
G01 X-50.68475 Y14.48430
G01 X-50.78087 Y14.50340
G01 X-50.97597 Y14.52262
G01 X-51.02499 Y14.52504
G01 X-51.48750 Y14.52504
G01 X-51.53649 Y14.52262
G01 X-51.73159 Y14.50340
G01 X-51.82770 Y14.48430
G01 X-52.01531 Y14.42737
G01 X-52.06151 Y14.41084
G01 X-52.10586 Y14.38986
G01 X-52.27876 Y14.29745
G01 X-52.36024 Y14.24300
G01 X-52.51178 Y14.11864
G01 X-52.54815 Y14.08569
G01 X-52.58109 Y14.04932
G01 X-52.59486 Y14.03258
G01 X-52.59730 Y14.10538
G01 X-52.59737 Y14.10695
G01 X-52.60103 Y14.16332
G01 X-52.60141 Y14.17218
G01 X-52.57523 Y14.19593
G01 X-52.42369 Y14.32031
G01 X-52.32590 Y14.38564
G01 X-52.15300 Y14.47805
G01 X-52.09979 Y14.50324
G01 X-52.04434 Y14.52308
G01 X-51.85674 Y14.57998
G01 X-51.74139 Y14.60291
G01 X-51.54630 Y14.62214
G01 X-51.48750 Y14.62504
G01 X-51.02499 Y14.62504
G01 X-50.96616 Y14.62214
G01 X-50.77106 Y14.60291
G01 X-50.65572 Y14.57998
G01 X-50.46812 Y14.52308
G01 X-50.41267 Y14.50324
G01 X-50.35946 Y14.47805
G01 X-50.18656 Y14.38564
G01 X-50.08877 Y14.32031
G01 X-49.93723 Y14.19593
G01 X-49.89359 Y14.15641
G01 X-48.89360 Y13.15641
G01 X-48.85407 Y13.11277
G01 X-48.72969 Y12.96124
G01 X-48.66436 Y12.86345
G01 X-48.57196 Y12.69055
G01 X-48.54676 Y12.63733
G01 X-48.52692 Y12.58189
G01 X-48.47003 Y12.39428
G01 X-48.44709 Y12.27894
G01 X-48.42786 Y12.08384
G01 X-48.42497 Y12.02502
G01 X-48.42497 Y11.84170
G01 X-48.43426 Y11.83673
G01 X-48.42497 Y11.84170
G01 X-48.39164 Y11.82390
G01 X-48.30071 Y11.74927
G01 X-48.22611 Y11.65834
G01 X-48.17066 Y11.55463
G01 X-48.13652 Y11.44206
G01 X-48.12499 Y11.32502
G01 X-48.12499 Y8.72502
G01 X-48.13411 Y8.62083
G01 X-48.16116 Y8.51979
G01 X-48.17498 Y8.49018
G01 X-48.17612 Y8.49035
G01 X-48.17498 Y8.49018
G01 X-48.17498 Y8.12502
G01 X-48.20427 Y8.09574
G01 X-48.17498 Y8.12502
G01 X-43.70595 Y8.12502
G01 X-43.54768 Y8.10153
G01 X-43.54525 Y8.10122
G01 X-43.42366 Y8.08924
G01 X-43.42119 Y8.08906
G01 X-43.16635 Y8.07654
G01 X-43.16389 Y8.07646
G01 X-43.04606 Y8.07646
G01 X-43.04360 Y8.07654
G01 X-42.78873 Y8.08893
G01 X-42.78629 Y8.08924
G01 X-42.66470 Y8.10122
G01 X-42.66227 Y8.10153
G01 X-42.50395 Y8.12500
G01 X-42.40743 Y8.13935
G01 X-42.40496 Y8.13968
G01 X-42.27240 Y8.16620
G01 X-42.27001 Y8.16673
G01 X-42.03697 Y8.22500
G01 X-42.01515 Y8.23046
G01 X-42.01276 Y8.23122
G01 X-41.86044 Y8.27755
G01 X-41.85813 Y8.27831
G01 X-41.72757 Y8.32502
G01 X-40.07497 Y8.32502
G01 X-40.04568 Y8.29574
G01 X-40.07497 Y8.32502
G01 X-40.07497 Y8.44760
G01 X-40.07408 Y8.44773
G01 X-40.07497 Y8.44760
G01 X-40.07675 Y8.45139
G01 X-40.11284 Y8.58609
G01 X-40.12498 Y8.72502
G01 X-40.12498 Y11.11694
G01 X-40.11739 Y11.12012
G01 X-40.12498 Y11.11694
G01 X-40.62478 Y11.61674
G01 X-40.61172 Y11.74508
G01 X-40.02498 Y11.15837
G01 X-40.01736 Y11.16152
G01 X-40.02498 Y11.15837
G01 X-40.02498 Y8.72502
G01 X-40.01434 Y8.60346
G01 X-39.98277 Y8.48560
G01 X-39.97497 Y8.46889
G01 X-39.97396 Y8.46902
G01 X-39.97497 Y8.46889
G01 X-39.97497 Y8.22500
G01 X-39.94568 Y8.19571
G01 X-39.97497 Y8.22500
G01 X-42.03697 Y8.22500
G01 X-42.03735 Y8.22500
G01 X-42.27001 Y8.16673
G01 X-42.27240 Y8.16620
G01 X-42.40496 Y8.13968
G01 X-42.40743 Y8.13935
G01 X-42.50395 Y8.12500
G01 X-39.87497 Y8.12500
G01 X-39.84569 Y8.09571
G01 X-39.87497 Y8.12500
G01 X-39.87497 Y8.49015
G01 X-39.87383 Y8.49033
G01 X-39.87497 Y8.49015
G01 X-39.88881 Y8.51979
G01 X-39.91587 Y8.62083
G01 X-39.92498 Y8.72502
G01 X-39.92498 Y11.19980
G01 X-39.91739 Y11.20295
G01 X-39.92498 Y11.19980
G01 X-40.60159 Y11.87640
G01 X-40.60106 Y11.88608
G01 X-40.59735 Y11.94315
G01 X-40.59727 Y11.94470
G01 X-40.59486 Y12.01747
G01 X-40.59727 Y11.94470
G01 X-40.59735 Y11.94315
G01 X-40.60106 Y11.88608
G01 X-40.60159 Y11.87640
G01 X-40.60268 Y11.85722
G01 X-40.60479 Y11.81425
G01 X-40.60499 Y11.81166
G01 X-40.61172 Y11.74508
G01 X-40.62478 Y11.61674
G01 X-40.62907 Y11.57452
G01 X-40.62935 Y11.57224
G01 X-40.64129 Y11.49185
G01 X-40.22498 Y11.07554
G01 X-40.21739 Y11.07869
G01 X-40.22498 Y11.07554
G01 X-40.22498 Y8.72502
G01 X-40.21132 Y8.56874
G01 X-40.17497 Y8.43310
G01 X-40.17497 Y8.42502
G01 X-40.12544 Y8.38644
G01 X-40.17497 Y8.42502
G01 X-41.46946 Y8.42502
G01 X-41.41888 Y8.44603
G01 X-41.41668 Y8.44702
G01 X-41.25178 Y8.52500
G01 X-40.30273 Y8.52500
G01 X-40.26550 Y8.49170
G01 X-40.30273 Y8.52500
G01 X-40.30979 Y8.55136
G01 X-40.32498 Y8.72502
G01 X-40.32498 Y11.03411
G01 X-40.31739 Y11.03726
G01 X-40.32498 Y11.03411
G01 X-40.66313 Y11.37229
G01 X-40.64172 Y11.48915
G01 X-40.64144 Y11.49083
G01 X-40.64129 Y11.49185
G01 X-40.64144 Y11.49083
G01 X-40.64172 Y11.48915
G01 X-40.66313 Y11.37229
G01 X-40.68101 Y11.27480
G01 X-40.66255 Y11.23025
G01 X-40.42498 Y10.99268
G01 X-40.41746 Y10.99581
G01 X-40.42498 Y10.99268
G01 X-40.42498 Y8.72502
G01 X-40.41625 Y8.62502
G01 X-40.38671 Y8.59559
G01 X-40.41625 Y8.62502
G01 X-41.05455 Y8.62500
G01 X-41.15958 Y8.56869
G01 X-41.16184 Y8.56754
G01 X-41.25178 Y8.52500
G01 X-41.41668 Y8.44702
G01 X-41.41888 Y8.44603
G01 X-41.46946 Y8.42502
G01 X-41.60095 Y8.37041
G01 X-41.60329 Y8.36950
G01 X-41.72757 Y8.32502
G01 X-41.85813 Y8.27831
G01 X-41.86044 Y8.27755
G01 X-42.01276 Y8.23122
G01 X-42.01515 Y8.23046
G01 X-42.03697 Y8.22500
G01 X-42.27001 Y8.16673
G01 X-42.27240 Y8.16620
G01 X-42.40496 Y8.13968
G01 X-42.40743 Y8.13935
G01 X-42.50395 Y8.12500
G01 X-42.66227 Y8.10153
G01 X-42.66470 Y8.10122
G01 X-42.78629 Y8.08924
G01 X-42.78873 Y8.08893
G01 X-43.04360 Y8.07654
G01 X-43.04606 Y8.07646
G01 X-43.16389 Y8.07646
G01 X-43.16635 Y8.07654
G01 X-43.42119 Y8.08906
G01 X-43.42366 Y8.08924
G01 X-43.54525 Y8.10122
G01 X-43.54768 Y8.10153
G01 X-43.70595 Y8.12502
G01 X-43.80252 Y8.13935
G01 X-43.80496 Y8.13976
G01 X-43.93755 Y8.16620
G01 X-43.93994 Y8.16673
G01 X-44.17260 Y8.22500
G01 X-48.07498 Y8.22500
G01 X-48.10427 Y8.19571
G01 X-48.07498 Y8.22500
G01 X-48.07498 Y8.46894
G01 X-48.07597 Y8.46907
G01 X-48.07498 Y8.46894
G01 X-48.06721 Y8.48560
G01 X-48.03561 Y8.60346
G01 X-48.02499 Y8.72502
G01 X-48.02499 Y11.32502
G01 X-48.03843 Y11.46157
G01 X-48.07828 Y11.59289
G01 X-48.14295 Y11.71392
G01 X-48.23002 Y11.81999
G01 X-48.32499 Y11.89792
G01 X-48.33317 Y11.89378
G01 X-48.32499 Y11.89792
G01 X-48.32497 Y12.02502
G01 X-48.32835 Y12.09365
G01 X-48.34757 Y12.28872
G01 X-48.37434 Y12.42331
G01 X-48.43124 Y12.61092
G01 X-48.45438 Y12.67559
G01 X-48.48374 Y12.73769
G01 X-48.57617 Y12.91059
G01 X-48.65240 Y13.02468
G01 X-48.77676 Y13.17622
G01 X-48.82288 Y13.22712
G01 X-49.82288 Y14.22712
G01 X-49.87378 Y14.27325
G01 X-50.02532 Y14.39761
G01 X-50.13942 Y14.47383
G01 X-50.31231 Y14.56626
G01 X-50.37442 Y14.59562
G01 X-50.43909 Y14.61876
G01 X-50.62669 Y14.67566
G01 X-50.76128 Y14.70243
G01 X-50.95636 Y14.72166
G01 X-51.02499 Y14.72504
G01 X-51.48750 Y14.72504
G01 X-51.55610 Y14.72166
G01 X-51.75117 Y14.70243
G01 X-51.88577 Y14.67566
G01 X-52.07337 Y14.61876
G01 X-52.13804 Y14.59562
G01 X-52.20014 Y14.56626
G01 X-52.37304 Y14.47383
G01 X-52.48714 Y14.39761
G01 X-52.60621 Y14.29987
G01 X-52.61414 Y14.42275
G01 X-52.55056 Y14.47490
G01 X-52.42016 Y14.56204
G01 X-52.24729 Y14.65445
G01 X-52.17632 Y14.68800
G01 X-52.10240 Y14.71447
G01 X-51.91480 Y14.77137
G01 X-51.76098 Y14.80195
G01 X-51.56591 Y14.82118
G01 X-51.48750 Y14.82504
G01 X-51.02499 Y14.82504
G01 X-50.94655 Y14.82118
G01 X-50.75148 Y14.80195
G01 X-50.59766 Y14.77137
G01 X-50.41005 Y14.71447
G01 X-50.33614 Y14.68800
G01 X-50.26517 Y14.65445
G01 X-50.09230 Y14.56204
G01 X-49.96190 Y14.47490
G01 X-49.81036 Y14.35054
G01 X-49.75219 Y14.29781
G01 X-48.75220 Y13.29781
G01 X-48.69946 Y13.23964
G01 X-48.57511 Y13.08811
G01 X-48.48796 Y12.95770
G01 X-48.39555 Y12.78483
G01 X-48.36200 Y12.71386
G01 X-48.33553 Y12.63995
G01 X-48.27864 Y12.45235
G01 X-48.24806 Y12.29852
G01 X-48.22883 Y12.10345
G01 X-48.22497 Y12.02502
G01 X-48.22497 Y11.94460
G01 X-48.23297 Y11.94049
G01 X-48.22497 Y11.94460
G01 X-48.15931 Y11.89070
G01 X-48.05982 Y11.76947
G01 X-47.98588 Y11.63116
G01 X-47.94036 Y11.48108
G01 X-47.92499 Y11.32502
G01 X-47.92499 Y8.72502
G01 X-47.93713 Y8.58609
G01 X-47.97323 Y8.45139
G01 X-47.97498 Y8.44766
G01 X-47.97587 Y8.44778
G01 X-47.97498 Y8.44766
G01 X-47.97498 Y8.32502
G01 X-48.00427 Y8.29571
G01 X-47.97498 Y8.32502
G01 X-44.48233 Y8.32502
G01 X-44.35187 Y8.27834
G01 X-44.34956 Y8.27758
G01 X-44.19719 Y8.23122
G01 X-44.19477 Y8.23056
G01 X-44.17260 Y8.22500
G01 X-44.19477 Y8.23056
G01 X-44.19719 Y8.23122
G01 X-44.34956 Y8.27758
G01 X-44.35187 Y8.27834
G01 X-44.48233 Y8.32502
G01 X-44.60669 Y8.36953
G01 X-44.60902 Y8.37044
G01 X-44.74047 Y8.42502
G01 X-47.87498 Y8.42502
G01 X-47.92449 Y8.38644
G01 X-47.87498 Y8.42502
G01 X-47.87498 Y8.43320
G01 X-47.83866 Y8.56874
G01 X-47.82499 Y8.72502
G01 X-47.82499 Y11.32502
G01 X-47.84229 Y11.50058
G01 X-47.89350 Y11.66942
G01 X-47.97666 Y11.82502
G01 X-48.08859 Y11.96142
G01 X-48.12497 Y11.99126
G01 X-48.13012 Y11.98908
G01 X-48.12497 Y11.99126
G01 X-48.12497 Y12.02502
G01 X-48.12931 Y12.11326
G01 X-48.14851 Y12.30833
G01 X-48.18296 Y12.48138
G01 X-48.23985 Y12.66896
G01 X-48.26960 Y12.75212
G01 X-48.30736 Y12.83197
G01 X-48.39977 Y13.00485
G01 X-48.49779 Y13.15156
G01 X-48.62217 Y13.30309
G01 X-48.68148 Y13.36852
G01 X-49.68148 Y14.36852
G01 X-49.74691 Y14.42783
G01 X-49.89845 Y14.55222
G01 X-50.04516 Y14.65023
G01 X-50.21803 Y14.74264
G01 X-50.29789 Y14.78041
G01 X-50.38105 Y14.81015
G01 X-50.56863 Y14.86705
G01 X-50.74168 Y14.90149
G01 X-50.93675 Y14.92069
G01 X-51.02499 Y14.92504
G01 X-51.48750 Y14.92504
G01 X-51.57571 Y14.92069
G01 X-51.77078 Y14.90149
G01 X-51.94383 Y14.86705
G01 X-52.13141 Y14.81015
G01 X-52.21457 Y14.78041
G01 X-52.29443 Y14.74264
G01 X-52.46730 Y14.65023
G01 X-52.50306 Y14.62633
G01 X-52.46255 Y14.65958
G01 X-52.30530 Y14.77622
G01 X-52.14033 Y14.88633
G01 X-52.05369 Y14.93822
G01 X-51.97286 Y14.96276
G01 X-51.78059 Y15.00101
G01 X-51.58549 Y15.02021
G01 X-51.48750 Y15.02504
G01 X-51.02499 Y15.02504
G01 X-50.92697 Y15.02021
G01 X-50.73187 Y15.00101
G01 X-50.53959 Y14.96276
G01 X-50.35201 Y14.90586
G01 X-50.25961 Y14.87279
G01 X-50.17089 Y14.83083
G01 X-49.99801 Y14.73842
G01 X-49.83502 Y14.62951
G01 X-49.68349 Y14.50515
G01 X-49.61077 Y14.43924
G01 X-48.61077 Y13.43924
G01 X-48.54485 Y13.36652
G01 X-48.42050 Y13.21498
G01 X-48.31158 Y13.05199
G01 X-48.21918 Y12.87912
G01 X-48.17722 Y12.79039
G01 X-48.14414 Y12.69799
G01 X-48.08725 Y12.51041
G01 X-48.04900 Y12.31813
G01 X-48.02979 Y12.12304
G01 X-48.02563 Y12.03848
G01 X-48.03017 Y12.03662
G01 X-48.02563 Y12.03848
G01 X-48.01788 Y12.03213
G01 X-47.89352 Y11.88059
G01 X-47.80112 Y11.70769
G01 X-47.74420 Y11.52009
G01 X-47.72499 Y11.32502
G01 X-47.72499 Y8.72502
G01 X-47.74018 Y8.55136
G01 X-47.74724 Y8.52500
G01 X-47.78446 Y8.49170
G01 X-47.74724 Y8.52500
G01 X-44.95815 Y8.52500
G01 X-44.79317 Y8.44697
G01 X-44.79096 Y8.44600
G01 X-44.74047 Y8.42502
G01 X-44.79096 Y8.44600
G01 X-44.79317 Y8.44697
G01 X-44.95815 Y8.52500
G01 X-45.04804 Y8.56752
G01 X-45.05027 Y8.56864
G01 X-45.15543 Y8.62502
G01 X-47.63373 Y8.62502
G01 X-47.66325 Y8.59561
G01 X-47.63373 Y8.62502
G01 X-47.62499 Y8.72502
G01 X-47.62499 Y11.32502
G01 X-47.64613 Y11.53962
G01 X-47.70871 Y11.74597
G01 X-47.81036 Y11.93614
G01 X-47.92763 Y12.07902
G01 X-47.93195 Y12.07724
G01 X-47.92763 Y12.07902
G01 X-47.93028 Y12.13284
G01 X-47.94948 Y12.32794
G01 X-47.99157 Y12.53944
G01 X-48.04846 Y12.72702
G01 X-48.08484 Y12.82867
G01 X-48.13099 Y12.92626
G01 X-48.22339 Y13.09913
G01 X-48.34320 Y13.27843
G01 X-48.46756 Y13.42997
G01 X-48.54005 Y13.50995
G01 X-49.54005 Y14.50995
G01 X-49.62004 Y14.58244
G01 X-49.77157 Y14.70680
G01 X-49.95087 Y14.82661
G01 X-50.12374 Y14.91902
G01 X-50.22133 Y14.96517
G01 X-50.32298 Y15.00154
G01 X-50.51056 Y15.05844
G01 X-50.72207 Y15.10053
G01 X-50.91716 Y15.11973
G01 X-51.02499 Y15.12504
G01 X-51.48750 Y15.12504
G01 X-51.59529 Y15.11973
G01 X-51.75006 Y15.10449
G01 X-51.77182 Y15.09420
G01 X-51.96938 Y14.98876
G01 X-52.05369 Y14.93822
G01 X-52.14033 Y14.88633
G01 X-52.30530 Y14.77622
G01 X-52.46255 Y14.65958
G01 X-52.50306 Y14.62633
G01 X-52.60497 Y14.54277
G01 X-52.62204 Y14.52727
G01 X-52.61874 Y14.49380
G01 X-52.61861 Y14.49209
G01 X-52.61414 Y14.42275
G01 X-52.60621 Y14.29987
G01 X-52.60606 Y14.29745
G01 X-52.60596 Y14.29560
G01 X-52.60433 Y14.23566
G01 X-52.60141 Y14.17218
G01 X-52.60103 Y14.16332
G01 X-52.59737 Y14.10695
G01 X-52.59730 Y14.10538
G01 X-52.59486 Y14.03258
G01 X-52.59412 Y14.01018
G01 X-52.59410 Y14.00853
G01 X-52.59410 Y13.94513
G01 X-52.59412 Y13.94312
G01 X-52.59699 Y13.87233
G01 X-52.59796 Y13.84858
G01 X-52.59809 Y13.84645
G01 X-52.59928 Y13.83195
G01 X-52.60225 Y13.77642
G01 X-52.60268 Y13.75786
G01 X-52.60276 Y13.75600
G01 X-52.60639 Y13.69517
G01 X-52.60654 Y13.69324
G01 X-52.60825 Y13.67574
G01 X-52.61173 Y13.64046
G01 X-52.61203 Y13.63807
G01 X-52.62178 Y13.57188
G01 X-52.62222 Y13.56941
G01 X-52.62798 Y13.54046
G01 X-52.63164 Y13.52019
G01 X-52.63621 Y13.49232
G01 X-52.63751 Y13.48399
G01 X-52.66639 Y13.28923
G01 X-52.67114 Y13.24137
G01 X-52.67507 Y13.16068
G01 X-52.68064 Y13.04777
G01 X-52.68064 Y13.00228
G01 X-52.67507 Y12.88923
G01 X-52.67114 Y12.80873
G01 X-52.66639 Y12.76080
G01 X-52.63751 Y12.56609
G01 X-52.63626 Y12.55806
G01 X-52.63164 Y12.52984
G01 X-52.62793 Y12.50942
G01 X-52.62222 Y12.48064
G01 X-52.62178 Y12.47818
G01 X-52.61203 Y12.41199
G01 X-52.61173 Y12.40960
G01 X-52.60822 Y12.37429
G01 X-52.60652 Y12.35682
G01 X-52.60637 Y12.35489
G01 X-52.60273 Y12.29408
G01 X-52.60266 Y12.29222
G01 X-52.60225 Y12.27368
G01 X-52.59928 Y12.21808
G01 X-52.59806 Y12.20363
G01 X-52.59793 Y12.20150
G01 X-52.59697 Y12.17770
G01 X-52.59412 Y12.10714
G01 X-52.59407 Y12.10513
G01 X-52.59407 Y12.04173
G01 X-52.59410 Y12.04005
G01 X-52.59483 Y12.01745
G01 X-52.59727 Y11.94473
G01 X-52.59735 Y11.94315
G01 X-52.60106 Y11.88580
G01 X-52.60141 Y11.87785
G01 X-52.60431 Y11.81440
G01 X-52.60593 Y11.75453
G01 X-52.60601 Y11.75265
G01 X-52.60616 Y11.75014
G01 X-52.61411 Y11.62730
G01 X-52.61866 Y11.55715
G01 X-52.61879 Y11.55545
G01 X-52.62366 Y11.50576
G01 X-52.61401 Y11.49784
G01 X-52.46730 Y11.39982
G01 X-52.29443 Y11.30742
G01 X-52.22498 Y11.27457
G01 X-52.21041 Y11.28346
G01 X-52.22498 Y11.27457
G01 X-52.22498 Y8.72502
G01 X-52.21132 Y8.56874
G01 X-52.17497 Y8.43310
G01 X-52.17497 Y8.42502
G01 X-52.12544 Y8.38644
G01 X-52.17497 Y8.42502
G01 X-53.46946 Y8.42502
G01 X-53.41889 Y8.44603
G01 X-53.41670 Y8.44702
G01 X-53.25178 Y8.52500
G01 X-52.30273 Y8.52500
G01 X-52.26550 Y8.49170
G01 X-52.30273 Y8.52500
G01 X-52.30980 Y8.55136
G01 X-52.32498 Y8.72502
G01 X-52.32498 Y11.21138
G01 X-52.31170 Y11.21902
G01 X-52.32498 Y11.21138
G01 X-52.34157 Y11.21923
G01 X-52.51444 Y11.31163
G01 X-52.63563 Y11.39261
G01 X-52.63392 Y11.40744
G01 X-52.63387 Y11.40785
G01 X-52.62750 Y11.46723
G01 X-52.62745 Y11.46764
G01 X-52.62366 Y11.50576
G01 X-52.62745 Y11.46764
G01 X-52.62750 Y11.46723
G01 X-52.63387 Y11.40785
G01 X-52.63392 Y11.40744
G01 X-52.63563 Y11.39261
G01 X-52.64180 Y11.33927
G01 X-52.58780 Y11.24097
G01 X-52.56159 Y11.22344
G01 X-52.42498 Y11.15042
G01 X-52.41129 Y11.15852
G01 X-52.42498 Y11.15042
G01 X-52.42498 Y8.72502
G01 X-52.41625 Y8.62502
G01 X-52.38673 Y8.59561
G01 X-52.41625 Y8.62502
G01 X-53.05455 Y8.62500
G01 X-53.15960 Y8.56869
G01 X-53.16184 Y8.56754
G01 X-53.25178 Y8.52500
G01 X-53.41670 Y8.44702
G01 X-53.41889 Y8.44603
G01 X-53.46946 Y8.42502
G01 X-53.60095 Y8.37041
G01 X-53.60329 Y8.36950
G01 X-53.72760 Y8.32502
G01 X-53.85813 Y8.27834
G01 X-53.86044 Y8.27758
G01 X-54.01279 Y8.23125
G01 X-54.01515 Y8.23049
G01 X-54.03697 Y8.22500
G01 X-54.27001 Y8.16676
G01 X-54.27240 Y8.16622
G01 X-54.40499 Y8.13971
G01 X-54.40743 Y8.13935
G01 X-54.50410 Y8.12500
G01 X-54.66227 Y8.10153
G01 X-54.66471 Y8.10125
G01 X-54.78630 Y8.08924
G01 X-54.78873 Y8.08896
G01 X-55.04360 Y8.07654
G01 X-55.04606 Y8.07649
G01 X-55.16389 Y8.07649
G01 X-55.16636 Y8.07654
G01 X-55.24121 Y8.08022
G01 X-55.25091 Y8.08167
G01 X-55.26013 Y8.08497
G01 X-55.41594 Y8.15863
G01 X-55.43295 Y8.16668
G01 X-55.43511 Y8.16777
G01 X-55.53003 Y8.21842
G01 X-55.53219 Y8.21967
G01 X-55.74725 Y8.34854
G01 X-55.75754 Y8.35472
G01 X-55.75960 Y8.35601
G01 X-55.83219 Y8.40448
G01 X-55.83422 Y8.40590
G01 X-56.04116 Y8.55936
G01 X-56.04309 Y8.56086
G01 X-56.10204 Y8.60925
G01 X-56.10392 Y8.61085
G01 X-56.29295 Y8.78220
G01 X-56.29473 Y8.78390
G01 X-56.34611 Y8.83526
G01 X-56.34781 Y8.83704
G01 X-56.51916 Y9.02611
G01 X-56.52076 Y9.02797
G01 X-56.56910 Y9.08690
G01 X-56.57059 Y9.08883
G01 X-56.72409 Y9.29576
G01 X-56.72551 Y9.29779
G01 X-56.77400 Y9.37041
G01 X-56.77529 Y9.37247
G01 X-56.78139 Y9.38265
G01 X-56.91034 Y9.59782
G01 X-56.91159 Y9.59998
G01 X-56.96224 Y9.69490
G01 X-56.96333 Y9.69706
G01 X-56.97136 Y9.71405
G01 X-57.07905 Y9.94173
G01 X-57.08004 Y9.94405
G01 X-57.09422 Y9.97836
G01 X-57.13336 Y10.07310
G01 X-57.13422 Y10.07534
G01 X-57.18126 Y10.20681
G01 X-57.22922 Y10.34077
G01 X-57.23000 Y10.34316
G01 X-57.25327 Y10.42022
G01 X-57.28464 Y10.52416
G01 X-57.28527 Y10.52644
G01 X-57.30773 Y10.61613
G01 X-57.34395 Y10.76071
G01 X-57.36732 Y10.81712
G01 X-57.46732 Y11.05852
G01 X-58.42497 Y12.01620
G01 X-58.43259 Y12.01305
G01 X-58.42497 Y12.01620
G01 X-58.42497 Y17.42506
G01 X-58.45426 Y17.45429
G01 X-58.42497 Y17.42506
G01 X-56.34014 Y17.42506
G01 X-56.09871 Y17.52501
G01 X-56.04624 Y17.54675
G01 X-55.87194 Y17.63842
G01 X-55.71726 Y17.71977
G01 X-55.44273 Y17.94281
G01 X-55.21972 Y18.21733
G01 X-55.13834 Y18.37199
G01 X-55.12498 Y18.52500
G01 X-55.12498 Y23.52502
G01 X-55.14228 Y23.70058
G01 X-55.19351 Y23.86942
G01 X-55.27667 Y24.02502
G01 X-55.38858 Y24.16142
G01 X-55.52498 Y24.27333
G01 X-55.68058 Y24.35651
G01 X-55.84941 Y24.40772
G01 X-56.02498 Y24.42502
G01 X-66.02498 Y24.42502
G01 X-66.20057 Y24.40772
G01 X-66.36941 Y24.35651
G01 X-66.52501 Y24.27333
G01 X-66.66138 Y24.16142
G01 X-66.77332 Y24.02502
G01 X-66.85648 Y23.86942
G01 X-66.90768 Y23.70058
G01 X-66.92498 Y23.52502
G01 X-66.92498 Y18.52500
G01 X-66.91132 Y18.36874
G01 X-66.87070 Y18.21721
G01 X-66.80441 Y18.07502
G01 X-66.71441 Y17.94652
G01 X-66.60349 Y17.83557
G01 X-66.47499 Y17.74558
G01 X-66.33281 Y17.67929
G01 X-66.18127 Y17.63875
G01 X-66.02498 Y17.62503
G01 X-65.42498 Y17.62503
G01 X-65.39570 Y17.65429
G01 X-65.42498 Y17.62503
G01 X-65.42498 Y10.52502
G01 X-65.42064 Y10.43681
G01 X-65.37261 Y9.94910
G01 X-65.33819 Y9.77605
G01 X-65.19593 Y9.30706
G01 X-65.12841 Y9.14407
G01 X-64.89737 Y8.71184
G01 X-64.79936 Y8.56516
G01 X-64.48846 Y8.18631
G01 X-64.42915 Y8.12086
G01 X-63.07807 Y6.76981
G01 X-63.02499 Y6.77501
G01 X-63.20680 Y6.75711
G01 X-64.49984 Y8.05017
G01 X-64.56575 Y8.12287
G01 X-64.87667 Y8.50171
G01 X-64.93512 Y8.58055
G01 X-64.98556 Y8.66470
G01 X-65.21660 Y9.09693
G01 X-65.29161 Y9.27803
G01 X-65.43387 Y9.74702
G01 X-65.47213 Y9.93930
G01 X-65.52016 Y10.42703
G01 X-65.52498 Y10.52502
G01 X-65.52498 Y17.52501
G01 X-65.49570 Y17.55432
G01 X-65.52498 Y17.52501
G01 X-66.02498 Y17.52501
G01 X-66.19864 Y17.54020
G01 X-66.36702 Y17.58533
G01 X-66.52498 Y17.65899
G01 X-66.66778 Y17.75897
G01 X-66.79102 Y17.88223
G01 X-66.89102 Y18.02500
G01 X-66.96468 Y18.18299
G01 X-67.00979 Y18.35137
G01 X-67.02496 Y18.52480
G01 X-67.02496 Y23.52522
G01 X-67.00578 Y23.72009
G01 X-66.94886 Y23.90770
G01 X-66.85645 Y24.08059
G01 X-66.73209 Y24.23213
G01 X-66.58056 Y24.35649
G01 X-66.40766 Y24.44889
G01 X-66.22008 Y24.50579
G01 X-66.02498 Y24.52502
G01 X-56.02498 Y24.52502
G01 X-55.82991 Y24.50579
G01 X-55.64230 Y24.44889
G01 X-55.46943 Y24.35649
G01 X-55.31789 Y24.23213
G01 X-55.19351 Y24.08059
G01 X-55.10110 Y23.90770
G01 X-55.04421 Y23.72009
G01 X-55.02498 Y23.52502
G01 X-55.02498 Y18.59866
G01 X-55.04670 Y18.54629
G01 X-55.13834 Y18.37199
G01 X-55.04670 Y18.54629
G01 X-55.02498 Y18.59866
G01 X-54.92500 Y18.84012
G01 X-54.92498 Y23.52502
G01 X-54.94611 Y23.73962
G01 X-55.00872 Y23.94597
G01 X-55.11037 Y24.13614
G01 X-55.24718 Y24.30282
G01 X-55.41385 Y24.43962
G01 X-55.60402 Y24.54127
G01 X-55.81040 Y24.60388
G01 X-56.02498 Y24.62502
G01 X-66.02498 Y24.62502
G01 X-66.23959 Y24.60388
G01 X-66.44594 Y24.54127
G01 X-66.63611 Y24.43962
G01 X-66.80281 Y24.30282
G01 X-66.93961 Y24.13614
G01 X-67.02496 Y23.97645
G01 X-67.02496 Y23.52522
G01 X-67.02496 Y18.52480
G01 X-67.02496 Y18.07662
G01 X-66.97761 Y17.97502
G01 X-66.86763 Y17.81794
G01 X-66.73204 Y17.68236
G01 X-66.57499 Y17.57240
G01 X-66.40121 Y17.49138
G01 X-66.21599 Y17.44172
G01 X-66.02498 Y17.42506
G01 X-65.62498 Y17.42506
G01 X-65.59570 Y17.45429
G01 X-65.62498 Y17.42506
G01 X-65.62498 Y10.52502
G01 X-65.61967 Y10.41722
G01 X-65.57164 Y9.92949
G01 X-65.52958 Y9.71799
G01 X-65.38732 Y9.24900
G01 X-65.30479 Y9.04979
G01 X-65.07378 Y8.61758
G01 X-65.01828 Y8.52497
G01 X-64.95397 Y8.43828
G01 X-64.64304 Y8.05944
G01 X-64.57055 Y7.97946
G01 X-63.33555 Y6.74443
G01 X-63.20680 Y6.75711
G01 X-63.02499 Y6.77501
G01 X-62.68359 Y6.74138
G01 X-62.35529 Y6.64179
G01 X-62.05273 Y6.48010
G01 X-61.78755 Y6.26244
G01 X-61.56992 Y5.99727
G01 X-61.53716 Y5.93598
G01 X-61.40820 Y5.69470
G01 X-61.39550 Y5.65292
G01 X-61.33391 Y5.44992
G01 X-61.30861 Y5.36643
G01 X-61.30813 Y5.36653
G01 X-61.30861 Y5.36643
G01 X-61.29949 Y5.27408
G01 X-61.28405 Y5.11721
G01 X-61.27498 Y5.02501
G01 X-61.28019 Y4.97192
G01 X-58.92914 Y2.62084
G01 X-58.86368 Y2.56154
G01 X-58.48484 Y2.25064
G01 X-58.33816 Y2.15262
G01 X-57.90592 Y1.92158
G01 X-57.74293 Y1.85407
G01 X-57.27395 Y1.71180
G01 X-57.10090 Y1.67739
G01 X-56.61319 Y1.62936
G01 X-56.52498 Y1.62501
G01 X-12.02499 Y1.62501
G01 X-11.95435 Y1.62778
G01 X-11.56327 Y1.65857
G01 X-11.42380 Y1.68066
G01 X-11.04234 Y1.77226
G01 X-10.90802 Y1.81589
G01 X-10.54559 Y1.96601
G01 X-10.41973 Y2.03012
G01 X-10.08527 Y2.23509
G01 X-9.97099 Y2.31810
G01 X-9.67269 Y2.57289
G01 X-9.62080 Y2.62087
G01 X-6.68304 Y5.55861
G01 X-6.74136 Y5.36643
G01 X-6.74217 Y5.35805
G01 X-9.55009 Y2.55016
G01 X-9.60775 Y2.49684
G01 X-9.90607 Y2.24208
G01 X-10.03302 Y2.14983
G01 X-10.36749 Y1.94487
G01 X-10.50731 Y1.87363
G01 X-10.86975 Y1.72349
G01 X-11.01900 Y1.67500
G01 X-11.40045 Y1.58343
G01 X-11.55542 Y1.55887
G01 X-11.94653 Y1.52811
G01 X-12.02499 Y1.52501
G01 X-56.52498 Y1.52501
G01 X-56.62297 Y1.52984
G01 X-57.11070 Y1.57787
G01 X-57.30298 Y1.61612
G01 X-57.77196 Y1.75839
G01 X-57.95307 Y1.83339
G01 X-58.38530 Y2.06443
G01 X-58.46945 Y2.11488
G01 X-58.54829 Y2.17332
G01 X-58.92713 Y2.48424
G01 X-58.99983 Y2.55016
G01 X-61.29286 Y4.84317
G01 X-61.28019 Y4.97192
G01 X-61.29286 Y4.84317
G01 X-61.30556 Y4.71444
G01 X-59.07054 Y2.47944
G01 X-58.99055 Y2.40695
G01 X-58.61171 Y2.09603
G01 X-58.52502 Y2.03172
G01 X-58.43241 Y1.97622
G01 X-58.00021 Y1.74520
G01 X-57.80100 Y1.66268
G01 X-57.33201 Y1.52042
G01 X-57.12050 Y1.47835
G01 X-56.63277 Y1.43032
G01 X-56.52498 Y1.42501
G01 X-12.02499 Y1.42501
G01 X-11.93868 Y1.42842
G01 X-11.54760 Y1.45920
G01 X-11.37709 Y1.48620
G01 X-10.99563 Y1.57777
G01 X-10.83147 Y1.63111
G01 X-10.46904 Y1.78125
G01 X-10.31524 Y1.85961
G01 X-9.98077 Y2.06458
G01 X-9.84112 Y2.16603
G01 X-9.54280 Y2.42082
G01 X-9.47938 Y2.47944
G01 X-6.75761 Y5.20123
G01 X-6.74217 Y5.35805
G01 X-6.74136 Y5.36643
G01 X-6.68304 Y5.55861
G01 X-6.64176 Y5.69470
G01 X-6.64220 Y5.69490
G01 X-6.64176 Y5.69470
G01 X-6.58822 Y5.79485
G01 X-6.48007 Y5.99727
G01 X-6.48045 Y5.99755
G01 X-6.48007 Y5.99727
G01 X-6.26391 Y6.26059
G01 X-6.26241 Y6.26244
G01 X-6.26056 Y6.26397
G01 X-4.76224 Y7.76229
G01 X-4.71611 Y7.81319
G01 X-4.40519 Y8.19203
G01 X-4.32897 Y8.30613
G01 X-4.09793 Y8.73836
G01 X-4.04543 Y8.86513
G01 X-3.90316 Y9.33412
G01 X-3.87639 Y9.46871
G01 X-3.82836 Y9.95642
G01 X-3.82498 Y10.02505
G01 X-3.82498 Y17.82501
G01 X-3.85427 Y17.85429
G01 X-3.82498 Y17.82501
G01 X-2.02498 Y17.82501
G01 X-1.88843 Y17.83847
G01 X-1.75712 Y17.87829
G01 X-1.63608 Y17.94299
G01 X-1.53001 Y18.03003
G01 X-1.44297 Y18.13610
G01 X-1.37827 Y18.25714
G01 X-1.33845 Y18.38845
G01 X-1.32498 Y18.52500
G01 X-1.32498 Y23.52502
G01 X-1.33563 Y23.64656
G01 X-1.36720 Y23.76441
G01 X-1.41876 Y23.87501
G01 X-1.48876 Y23.97495
G01 X-1.57505 Y24.06124
G01 X-1.67500 Y24.13124
G01 X-1.78556 Y24.18280
G01 X-1.90344 Y24.21438
G01 X-2.02498 Y24.22502
G01 X-5.69947 Y24.22502
G01 X-5.70262 Y24.21740
G01 X-5.69947 Y24.22502
G01 X-11.26223 Y29.78777
G01 X-11.31313 Y29.83390
G01 X-11.69197 Y30.14479
G01 X-11.74714 Y30.18574
G01 X-11.80607 Y30.22104
G01 X-12.23830 Y30.45206
G01 X-12.30038 Y30.48144
G01 X-12.36507 Y30.50458
G01 X-12.83406 Y30.64685
G01 X-12.96862 Y30.67362
G01 X-13.45636 Y30.72165
G01 X-13.52499 Y30.72503
G01 X-15.52498 Y30.72503
G01 X-15.59359 Y30.72165
G01 X-16.08132 Y30.67362
G01 X-16.21589 Y30.64685
G01 X-16.30217 Y30.62066
G01 X-16.64398 Y30.41581
G01 X-16.65307 Y30.40971
G01 X-16.74832 Y30.34616
G01 X-17.14436 Y30.05244
G01 X-17.16536 Y30.03519
G01 X-17.22592 Y29.98553
G01 X-17.58754 Y29.65775
G01 X-17.65790 Y29.58742
G01 X-17.98545 Y29.22600
G01 X-18.02935 Y29.17251
G01 X-18.05236 Y29.14444
G01 X-18.34608 Y28.74840
G01 X-18.40966 Y28.65315
G01 X-18.41586 Y28.64388
G01 X-18.62063 Y28.30218
G01 X-18.67440 Y28.21249
G01 X-18.73735 Y28.09707
G01 X-18.74121 Y28.09108
G01 X-18.74588 Y28.08567
G01 X-18.80471 Y28.02684
G01 X-18.82495 Y27.99196
G01 X-18.82531 Y27.99136
G01 X-18.85126 Y27.94800
G01 X-18.85259 Y27.94597
G01 X-18.93826 Y27.81757
G01 X-18.93968 Y27.81554
G01 X-18.96920 Y27.77576
G01 X-18.97070 Y27.77383
G01 X-18.97090 Y27.77358
G01 X-18.67471 Y28.06974
G01 X-18.67138 Y28.06794
G01 X-18.67471 Y28.06974
G01 X-18.67357 Y28.08137
G01 X-18.66348 Y28.14932
G01 X-18.64679 Y28.21594
G01 X-18.62063 Y28.30218
G01 X-18.41586 Y28.64388
G01 X-18.40966 Y28.65315
G01 X-18.55109 Y28.18691
G01 X-18.56541 Y28.12981
G01 X-18.57405 Y28.07157
G01 X-18.57870 Y28.02432
G01 X-18.57433 Y28.02209
G01 X-18.57870 Y28.02432
G01 X-19.55149 Y27.05156
G01 X-19.59101 Y27.00792
G01 X-19.71540 Y26.85638
G01 X-19.78073 Y26.75859
G01 X-19.87313 Y26.58569
G01 X-19.89833 Y26.53248
G01 X-19.91817 Y26.47703
G01 X-19.97506 Y26.28943
G01 X-19.99800 Y26.17409
G01 X-20.01723 Y25.97899
G01 X-20.02012 Y25.92016
G01 X-20.01723 Y25.86136
G01 X-20.01540 Y25.84292
G01 X-20.01855 Y25.81102
G01 X-20.01855 Y25.69342
G01 X-20.01375 Y25.64465
G01 X-20.00511 Y25.58638
G01 X-19.99078 Y25.52928
G01 X-19.97656 Y25.48237
G01 X-19.95672 Y25.42695
G01 X-19.93155 Y25.37371
G01 X-19.90846 Y25.33050
G01 X-19.90404 Y25.32390
G01 X-19.89833 Y25.30790
G01 X-19.87313 Y25.25466
G01 X-19.78073 Y25.08176
G01 X-19.75048 Y25.03126
G01 X-19.71540 Y24.98397
G01 X-19.59101 Y24.83243
G01 X-19.55149 Y24.78880
G01 X-19.50785 Y24.74927
G01 X-19.35632 Y24.62489
G01 X-19.25853 Y24.55956
G01 X-19.08563 Y24.46716
G01 X-19.03239 Y24.44196
G01 X-19.01639 Y24.43624
G01 X-19.00981 Y24.43185
G01 X-18.96658 Y24.40874
G01 X-18.91334 Y24.38356
G01 X-18.85792 Y24.36373
G01 X-18.81101 Y24.34950
G01 X-18.69566 Y24.32654
G01 X-18.64687 Y24.32174
G01 X-18.58807 Y24.31885
G01 X-18.52927 Y24.32174
G01 X-18.49739 Y24.32489
G01 X-18.47893 Y24.32306
G01 X-18.42012 Y24.32017
G01 X-18.36130 Y24.32306
G01 X-18.16620 Y24.34229
G01 X-18.10796 Y24.35093
G01 X-18.05086 Y24.36523
G01 X-17.86326 Y24.42212
G01 X-17.80781 Y24.44196
G01 X-17.75459 Y24.46716
G01 X-17.58170 Y24.55956
G01 X-17.53120 Y24.58981
G01 X-17.48391 Y24.62489
G01 X-17.33237 Y24.74927
G01 X-17.28873 Y24.78880
G01 X-17.17301 Y24.90452
G01 X-17.17641 Y24.92794
G01 X-17.17301 Y24.90452
G01 X-16.76453 Y24.68618
G01 X-16.71129 Y24.66101
G01 X-16.65584 Y24.64117
G01 X-16.18686 Y24.49891
G01 X-16.12976 Y24.48458
G01 X-16.07151 Y24.47594
G01 X-15.58378 Y24.42791
G01 X-15.52498 Y24.42502
G01 X-14.80903 Y24.42502
G01 X-14.80588 Y24.43264
G01 X-14.80903 Y24.42502
G01 X-12.62499 Y22.24097
G01 X-12.61737 Y22.24412
G01 X-12.62499 Y22.24097
G01 X-12.62499 Y18.52500
G01 X-12.61587 Y18.42081
G01 X-12.58879 Y18.31982
G01 X-12.54460 Y18.22500
G01 X-12.48460 Y18.13933
G01 X-12.41066 Y18.06539
G01 X-12.32499 Y18.00542
G01 X-12.23020 Y17.96120
G01 X-12.12918 Y17.93412
G01 X-12.02499 Y17.92506
G01 X-10.12497 Y17.92506
G01 X-10.09586 Y17.95401
G01 X-10.12497 Y17.92506
G01 X-10.12499 Y11.87503
G01 X-10.09571 Y11.84574
G01 X-10.12499 Y11.87503
G01 X-11.45875 Y11.87503
G01 X-11.47274 Y11.85583
G01 X-11.45875 Y11.87503
G01 X-11.47002 Y11.93177
G01 X-11.52692 Y12.11938
G01 X-11.54676 Y12.17483
G01 X-11.57195 Y12.22804
G01 X-11.66436 Y12.40094
G01 X-11.72969 Y12.49873
G01 X-11.85407 Y12.65026
G01 X-11.89359 Y12.69390
G01 X-13.35610 Y14.15641
G01 X-13.39974 Y14.19593
G01 X-13.55127 Y14.32031
G01 X-13.64906 Y14.38564
G01 X-13.82196 Y14.47805
G01 X-13.93062 Y14.52308
G01 X-14.11823 Y14.57998
G01 X-14.17533 Y14.59428
G01 X-14.23357 Y14.60291
G01 X-14.42867 Y14.62214
G01 X-14.48749 Y14.62504
G01 X-14.54629 Y14.62214
G01 X-14.74139 Y14.60291
G01 X-14.85673 Y14.57998
G01 X-15.04434 Y14.52308
G01 X-15.15300 Y14.47805
G01 X-15.32590 Y14.38564
G01 X-15.37639 Y14.35539
G01 X-15.42369 Y14.32031
G01 X-15.57522 Y14.19593
G01 X-15.60144 Y14.17218
G01 X-15.60108 Y14.16393
G01 X-15.59737 Y14.10695
G01 X-15.59730 Y14.10540
G01 X-15.59486 Y14.03253
G01 X-15.58109 Y14.04932
G01 X-15.54815 Y14.08569
G01 X-15.51177 Y14.11864
G01 X-15.36024 Y14.24300
G01 X-15.32084 Y14.27223
G01 X-15.27875 Y14.29745
G01 X-15.10586 Y14.38986
G01 X-15.01531 Y14.42737
G01 X-14.82770 Y14.48430
G01 X-14.73159 Y14.50340
G01 X-14.53649 Y14.52262
G01 X-14.48749 Y14.52504
G01 X-14.43847 Y14.52262
G01 X-14.24337 Y14.50340
G01 X-14.14726 Y14.48430
G01 X-13.95966 Y14.42737
G01 X-13.86911 Y14.38986
G01 X-13.69621 Y14.29745
G01 X-13.61472 Y14.24300
G01 X-13.46319 Y14.11864
G01 X-13.42681 Y14.08569
G01 X-11.96431 Y12.62319
G01 X-11.93136 Y12.58681
G01 X-11.80701 Y12.43528
G01 X-11.75255 Y12.35379
G01 X-11.66014 Y12.18090
G01 X-11.63916 Y12.13655
G01 X-11.62263 Y12.09035
G01 X-11.56571 Y11.90274
G01 X-11.54661 Y11.80663
G01 X-11.54501 Y11.79040
G01 X-11.55504 Y11.78255
G01 X-11.54501 Y11.79040
G01 X-11.53365 Y11.78694
G01 X-11.51135 Y11.77503
G01 X-11.51183 Y11.77274
G01 X-11.51135 Y11.77503
G01 X-10.02499 Y11.77503
G01 X-9.99571 Y11.74574
G01 X-10.02499 Y11.77503
G01 X-10.02499 Y18.02500
G01 X-9.99568 Y18.05434
G01 X-10.02499 Y18.02500
G01 X-12.02499 Y18.02500
G01 X-12.11181 Y18.03260
G01 X-12.19601 Y18.05515
G01 X-12.27498 Y18.09201
G01 X-12.34638 Y18.14200
G01 X-12.40802 Y18.20362
G01 X-12.45801 Y18.27502
G01 X-12.49484 Y18.35404
G01 X-12.51739 Y18.43819
G01 X-12.52499 Y18.52500
G01 X-12.52499 Y22.28240
G01 X-12.51737 Y22.28555
G01 X-12.52499 Y22.28240
G01 X-14.76763 Y24.52502
G01 X-14.76448 Y24.53256
G01 X-14.76763 Y24.52502
G01 X-15.52498 Y24.52502
G01 X-15.57398 Y24.52743
G01 X-16.06171 Y24.57546
G01 X-16.15785 Y24.59459
G01 X-16.62681 Y24.73685
G01 X-16.67301 Y24.75339
G01 X-16.71738 Y24.77437
G01 X-17.14959 Y25.00538
G01 X-17.18960 Y25.02936
G01 X-17.19320 Y25.05359
G01 X-17.18960 Y25.02936
G01 X-17.35945 Y24.85951
G01 X-17.39582 Y24.82657
G01 X-17.54736 Y24.70221
G01 X-17.58675 Y24.67297
G01 X-17.62884 Y24.64775
G01 X-17.80174 Y24.55534
G01 X-17.84608 Y24.53436
G01 X-17.89229 Y24.51783
G01 X-18.07989 Y24.46091
G01 X-18.17601 Y24.44181
G01 X-18.37110 Y24.42258
G01 X-18.42012 Y24.42017
G01 X-18.46912 Y24.42258
G01 X-18.49739 Y24.42537
G01 X-18.53907 Y24.42126
G01 X-18.58807 Y24.41885
G01 X-18.63709 Y24.42126
G01 X-18.68586 Y24.42606
G01 X-18.78200 Y24.44519
G01 X-18.82889 Y24.45941
G01 X-18.87509 Y24.47594
G01 X-18.91944 Y24.49692
G01 X-18.96267 Y24.52004
G01 X-18.97252 Y24.52662
G01 X-18.99414 Y24.53436
G01 X-19.03849 Y24.55534
G01 X-19.21139 Y24.64775
G01 X-19.29287 Y24.70221
G01 X-19.44441 Y24.82657
G01 X-19.48078 Y24.85951
G01 X-19.51372 Y24.89588
G01 X-19.63808 Y25.04742
G01 X-19.69254 Y25.12890
G01 X-19.78494 Y25.30180
G01 X-19.80595 Y25.34617
G01 X-19.81367 Y25.36776
G01 X-19.82027 Y25.37762
G01 X-19.84336 Y25.42085
G01 X-19.86434 Y25.46520
G01 X-19.88088 Y25.51140
G01 X-19.89510 Y25.55831
G01 X-19.90702 Y25.60591
G01 X-19.91423 Y25.65443
G01 X-19.91903 Y25.70322
G01 X-19.91903 Y25.80124
G01 X-19.91491 Y25.84290
G01 X-19.91771 Y25.87117
G01 X-19.92012 Y25.92016
G01 X-19.91771 Y25.96919
G01 X-19.89848 Y26.16428
G01 X-19.87938 Y26.26040
G01 X-19.82246 Y26.44800
G01 X-19.78494 Y26.53855
G01 X-19.69254 Y26.71145
G01 X-19.63808 Y26.79293
G01 X-19.51372 Y26.94447
G01 X-19.48078 Y26.98084
G01 X-18.48268 Y27.97891
G01 X-18.47804 Y27.97657
G01 X-18.48268 Y27.97891
G01 X-18.47453 Y28.06176
G01 X-18.46732 Y28.11030
G01 X-18.45541 Y28.15790
G01 X-18.31314 Y28.62686
G01 X-18.29660 Y28.67307
G01 X-18.27562 Y28.71744
G01 X-18.04461 Y29.14965
G01 X-18.02935 Y29.17251
G01 X-17.98545 Y29.22600
G01 X-17.65790 Y29.58742
G01 X-17.58754 Y29.65775
G01 X-17.22592 Y29.98553
G01 X-17.16536 Y30.03519
G01 X-17.14959 Y30.04467
G01 X-16.71738 Y30.27568
G01 X-16.67301 Y30.29666
G01 X-16.62681 Y30.31319
G01 X-16.15785 Y30.45546
G01 X-16.06171 Y30.47459
G01 X-15.57398 Y30.52262
G01 X-15.52498 Y30.52503
G01 X-13.52499 Y30.52503
G01 X-13.47596 Y30.52262
G01 X-12.98823 Y30.47459
G01 X-12.89209 Y30.45546
G01 X-12.42313 Y30.31319
G01 X-12.37693 Y30.29666
G01 X-12.33256 Y30.27568
G01 X-11.90035 Y30.04467
G01 X-11.85826 Y30.01944
G01 X-11.81884 Y29.99021
G01 X-11.44000 Y29.67929
G01 X-11.40365 Y29.64634
G01 X-5.78230 Y24.02502
G01 X-5.78548 Y24.01740
G01 X-5.78230 Y24.02502
G01 X-2.02498 Y24.02502
G01 X-1.93817 Y24.01742
G01 X-1.85397 Y23.99487
G01 X-1.77500 Y23.95801
G01 X-1.70360 Y23.90803
G01 X-1.64198 Y23.84641
G01 X-1.59196 Y23.77501
G01 X-1.55513 Y23.69601
G01 X-1.53258 Y23.61184
G01 X-1.52498 Y23.52502
G01 X-1.52498 Y18.52500
G01 X-1.53459 Y18.42749
G01 X-1.56306 Y18.33372
G01 X-1.60926 Y18.24723
G01 X-1.67144 Y18.17151
G01 X-1.74721 Y18.10928
G01 X-1.83365 Y18.06308
G01 X-1.92745 Y18.03463
G01 X-2.02498 Y18.02500
G01 X-4.02498 Y18.02500
G01 X-4.05411 Y18.05401
G01 X-4.02498 Y18.02500
G01 X-4.02498 Y10.02505
G01 X-4.02739 Y9.97602
G01 X-4.07542 Y9.48829
G01 X-4.09455 Y9.39218
G01 X-4.23682 Y8.92319
G01 X-4.27433 Y8.83262
G01 X-4.50534 Y8.40041
G01 X-4.55980 Y8.31893
G01 X-4.87070 Y7.94009
G01 X-4.90367 Y7.90371
G01 X-9.90366 Y2.90370
G01 X-9.93249 Y2.87705
G01 X-10.23078 Y2.62227
G01 X-10.29426 Y2.57617
G01 X-10.62875 Y2.37119
G01 X-10.69865 Y2.33555
G01 X-11.06108 Y2.18544
G01 X-11.13571 Y2.16118
G01 X-11.51717 Y2.06961
G01 X-11.59466 Y2.05735
G01 X-11.98575 Y2.02656
G01 X-12.02499 Y2.02501
G01 X-56.52498 Y2.02501
G01 X-56.57397 Y2.02742
G01 X-57.06170 Y2.07546
G01 X-57.15784 Y2.09458
G01 X-57.62680 Y2.23685
G01 X-57.67301 Y2.25338
G01 X-57.71738 Y2.27436
G01 X-58.14959 Y2.50538
G01 X-58.23109 Y2.55983
G01 X-58.60994 Y2.87076
G01 X-58.64628 Y2.90370
G01 X-61.39550 Y5.65292
G01 X-61.33391 Y5.44992
G01 X-58.71700 Y2.83299
G01 X-58.67336 Y2.79344
G01 X-58.29452 Y2.48254
G01 X-58.24722 Y2.44746
G01 X-58.19673 Y2.41719
G01 X-57.76452 Y2.18617
G01 X-57.71128 Y2.16100
G01 X-57.65583 Y2.14117
G01 X-57.18685 Y1.99890
G01 X-57.07151 Y1.97594
G01 X-56.58378 Y1.92791
G01 X-56.52498 Y1.92501
G01 X-12.02499 Y1.92501
G01 X-11.97790 Y1.92687
G01 X-11.58681 Y1.95765
G01 X-11.49382 Y1.97238
G01 X-11.11237 Y2.06395
G01 X-11.02283 Y2.09306
G01 X-10.66037 Y2.24317
G01 X-10.57650 Y2.28592
G01 X-10.24201 Y2.49090
G01 X-10.16584 Y2.54624
G01 X-9.86754 Y2.80101
G01 X-9.83294 Y2.83299
G01 X-4.83295 Y7.83300
G01 X-4.79341 Y7.87664
G01 X-4.48251 Y8.25548
G01 X-4.41716 Y8.35327
G01 X-4.18614 Y8.78550
G01 X-4.14113 Y8.89416
G01 X-3.99887 Y9.36315
G01 X-3.97591 Y9.47849
G01 X-3.92788 Y9.96622
G01 X-3.92498 Y10.02505
G01 X-3.92498 Y17.92506
G01 X-3.95429 Y17.95429
G01 X-3.92498 Y17.92506
G01 X-2.02498 Y17.92506
G01 X-1.90794 Y17.93654
G01 X-1.79537 Y17.97067
G01 X-1.69163 Y18.02612
G01 X-1.60073 Y18.10075
G01 X-1.52610 Y18.19168
G01 X-1.47065 Y18.29546
G01 X-1.43652 Y18.40796
G01 X-1.42498 Y18.52500
G01 X-1.42498 Y23.52502
G01 X-1.43410 Y23.62921
G01 X-1.46118 Y23.73023
G01 X-1.50538 Y23.82502
G01 X-1.56537 Y23.91069
G01 X-1.63931 Y23.98463
G01 X-1.72498 Y24.04463
G01 X-1.81978 Y24.08882
G01 X-1.92079 Y24.11590
G01 X-2.02498 Y24.12502
G01 X-5.74090 Y24.12502
G01 X-5.74403 Y24.11745
G01 X-5.74090 Y24.12502
G01 X-11.33294 Y29.71706
G01 X-11.37658 Y29.75660
G01 X-11.75542 Y30.06750
G01 X-11.80271 Y30.10258
G01 X-11.85321 Y30.13285
G01 X-12.28542 Y30.36387
G01 X-12.33865 Y30.38904
G01 X-12.39410 Y30.40888
G01 X-12.86309 Y30.55114
G01 X-12.92019 Y30.56547
G01 X-12.97843 Y30.57410
G01 X-13.46616 Y30.62213
G01 X-13.52499 Y30.62503
G01 X-15.52498 Y30.62503
G01 X-15.58378 Y30.62213
G01 X-16.07151 Y30.57410
G01 X-16.12976 Y30.56547
G01 X-16.18686 Y30.55114
G01 X-16.65307 Y30.40971
G01 X-16.64398 Y30.41581
G01 X-16.30217 Y30.62066
G01 X-16.21286 Y30.67420
G01 X-16.07052 Y30.75018
G01 X-16.00372 Y30.78175
G01 X-15.73532 Y30.90867
G01 X-15.61320 Y30.92069
G01 X-15.52498 Y30.92503
G01 X-13.52499 Y30.92503
G01 X-13.43675 Y30.92069
G01 X-12.94904 Y30.87266
G01 X-12.86166 Y30.85970
G01 X-12.77599 Y30.83824
G01 X-12.72321 Y30.82224
G01 X-12.77599 Y30.83824
G01 X-12.86166 Y30.85970
G01 X-12.94904 Y30.87266
G01 X-13.43675 Y30.92069
G01 X-13.52499 Y30.92503
G01 X-15.52498 Y30.92503
G01 X-15.61320 Y30.92069
G01 X-15.73532 Y30.90867
G01 X-16.00372 Y30.78175
G01 X-15.60339 Y30.82117
G01 X-15.52498 Y30.82503
G01 X-13.52499 Y30.82503
G01 X-13.44655 Y30.82117
G01 X-12.95885 Y30.77314
G01 X-12.80502 Y30.74253
G01 X-12.33604 Y30.60027
G01 X-12.26212 Y30.57382
G01 X-12.19116 Y30.54027
G01 X-11.75892 Y30.30923
G01 X-11.69159 Y30.26887
G01 X-11.62852 Y30.22211
G01 X-11.24968 Y29.91119
G01 X-11.19151 Y29.85848
G01 X-5.65807 Y24.32502
G01 X-5.66120 Y24.31740
G01 X-5.65807 Y24.32502
G01 X-2.02498 Y24.32502
G01 X-1.88607 Y24.31285
G01 X-1.75137 Y24.27676
G01 X-1.62498 Y24.21783
G01 X-1.51076 Y24.13784
G01 X-1.41216 Y24.03924
G01 X-1.33217 Y23.92502
G01 X-1.27325 Y23.79863
G01 X-1.23715 Y23.66393
G01 X-1.22499 Y23.52502
G01 X-1.22499 Y18.52500
G01 X-1.24035 Y18.36895
G01 X-1.28589 Y18.21886
G01 X-1.35981 Y18.08055
G01 X-1.45930 Y17.95932
G01 X-1.58053 Y17.85985
G01 X-1.71884 Y17.78594
G01 X-1.86893 Y17.74042
G01 X-2.02498 Y17.72501
G01 X-3.72498 Y17.72501
G01 X-3.75427 Y17.75429
G01 X-3.72498 Y17.72501
G01 X-3.72498 Y10.02505
G01 X-3.72884 Y9.94661
G01 X-3.77687 Y9.45891
G01 X-3.80748 Y9.30508
G01 X-3.94974 Y8.83610
G01 X-4.00974 Y8.69122
G01 X-4.24078 Y8.25898
G01 X-4.32790 Y8.12861
G01 X-4.63880 Y7.74977
G01 X-4.69153 Y7.69160
G01 X-5.79485 Y6.58827
G01 X-5.99724 Y6.48010
G01 X-5.99749 Y6.48050
G01 X-5.99724 Y6.48010
G01 X-6.26241 Y6.26244
G01 X-6.26391 Y6.26059
G01 X-6.48007 Y5.99727
G01 X-6.58822 Y5.79485
G01 X-9.69152 Y2.69158
G01 X-9.73764 Y2.64894
G01 X-10.03594 Y2.39415
G01 X-10.13751 Y2.32036
G01 X-10.47201 Y2.11538
G01 X-10.58384 Y2.05841
G01 X-10.94628 Y1.90827
G01 X-11.06568 Y1.86949
G01 X-11.44714 Y1.77789
G01 X-11.57112 Y1.75826
G01 X-11.96220 Y1.72748
G01 X-12.02499 Y1.72501
G01 X-56.52498 Y1.72501
G01 X-56.60339 Y1.72887
G01 X-57.09109 Y1.77690
G01 X-57.24491 Y1.80751
G01 X-57.71390 Y1.94978
G01 X-57.78781 Y1.97622
G01 X-57.85878 Y2.00977
G01 X-58.29101 Y2.24081
G01 X-58.35835 Y2.28117
G01 X-58.42142 Y2.32793
G01 X-58.80026 Y2.63885
G01 X-58.85842 Y2.69156
G01 X-61.28405 Y5.11721
G01 X-61.29949 Y5.27408
G01 X-58.78771 Y2.76227
G01 X-58.73681 Y2.71615
G01 X-58.35797 Y2.40525
G01 X-58.30280 Y2.36430
G01 X-58.24387 Y2.32900
G01 X-57.81164 Y2.09799
G01 X-57.74956 Y2.06860
G01 X-57.68487 Y2.04546
G01 X-57.21588 Y1.90319
G01 X-57.08131 Y1.87642
G01 X-56.59358 Y1.82839
G01 X-56.52498 Y1.82501
G01 X-12.02499 Y1.82501
G01 X-11.97005 Y1.82717
G01 X-11.57896 Y1.85796
G01 X-11.47048 Y1.87513
G01 X-11.08902 Y1.96672
G01 X-10.98455 Y2.00065
G01 X-10.62212 Y2.15079
G01 X-10.52426 Y2.20065
G01 X-10.18976 Y2.40563
G01 X-10.10089 Y2.47020
G01 X-9.80259 Y2.72498
G01 X-9.76223 Y2.76227
G01 X-6.26391 Y6.26059
G01 X-6.26241 Y6.26244
G01 X-5.99724 Y6.48010
G01 X-5.69467 Y6.64179
G01 X-5.55861 Y6.68309
G01 X-4.62081 Y7.62089
G01 X-4.56150 Y7.68632
G01 X-4.25061 Y8.06516
G01 X-4.15259 Y8.21187
G01 X-3.92155 Y8.64407
G01 X-3.85404 Y8.80707
G01 X-3.71177 Y9.27605
G01 X-3.67736 Y9.44910
G01 X-3.62932 Y9.93681
G01 X-3.62498 Y10.02505
G01 X-3.62498 Y17.62503
G01 X-3.65427 Y17.65429
G01 X-3.62498 Y17.62503
G01 X-2.02498 Y17.62503
G01 X-1.84939 Y17.64230
G01 X-1.68056 Y17.69351
G01 X-1.52498 Y17.77672
G01 X-1.38859 Y17.88861
G01 X-1.27667 Y18.02500
G01 X-1.19349 Y18.18061
G01 X-1.14228 Y18.34944
G01 X-1.12499 Y18.52500
G01 X-1.12499 Y23.52502
G01 X-1.13865 Y23.68131
G01 X-1.17927 Y23.83284
G01 X-1.24556 Y23.97501
G01 X-1.33555 Y24.10353
G01 X-1.44647 Y24.21445
G01 X-1.57500 Y24.30444
G01 X-1.71716 Y24.37074
G01 X-1.86870 Y24.41135
G01 X-2.02498 Y24.42502
G01 X-5.61665 Y24.42502
G01 X-5.61979 Y24.41740
G01 X-5.61665 Y24.42502
G01 X-11.12080 Y29.92920
G01 X-11.18626 Y29.98851
G01 X-11.56510 Y30.29940
G01 X-11.63604 Y30.35203
G01 X-11.71178 Y30.39742
G01 X-11.95613 Y30.52803
G01 X-11.66809 Y30.45589
G01 X-11.56693 Y30.42511
G01 X-11.50165 Y30.37672
G01 X-11.12281 Y30.06580
G01 X-11.05011 Y29.99989
G01 X-5.57519 Y24.52502
G01 X-5.57834 Y24.51742
G01 X-5.57519 Y24.52502
G01 X-2.02498 Y24.52502
G01 X-1.85135 Y24.50983
G01 X-1.68297 Y24.46472
G01 X-1.52498 Y24.39103
G01 X-1.38221 Y24.29106
G01 X-1.25894 Y24.16779
G01 X-1.15897 Y24.02502
G01 X-1.08529 Y23.86703
G01 X-1.04017 Y23.69865
G01 X-1.02499 Y23.52502
G01 X-1.02499 Y18.52500
G01 X-1.04421 Y18.32993
G01 X-1.10111 Y18.14233
G01 X-1.19351 Y17.96945
G01 X-1.31787 Y17.81792
G01 X-1.46941 Y17.69353
G01 X-1.64231 Y17.60113
G01 X-1.82989 Y17.54423
G01 X-2.02498 Y17.52501
G01 X-3.52498 Y17.52501
G01 X-3.55427 Y17.55432
G01 X-3.52498 Y17.52501
G01 X-3.52498 Y10.02505
G01 X-3.52981 Y9.92703
G01 X-3.57784 Y9.43930
G01 X-3.61609 Y9.24702
G01 X-3.75836 Y8.77803
G01 X-3.83336 Y8.59693
G01 X-4.06437 Y8.16472
G01 X-4.17329 Y8.00173
G01 X-4.48421 Y7.62289
G01 X-4.55010 Y7.55017
G01 X-5.35805 Y6.74222
G01 X-5.36640 Y6.74138
G01 X-5.69467 Y6.64179
G01 X-5.69485 Y6.64225
G01 X-5.69467 Y6.64179
G01 X-5.36640 Y6.74138
G01 X-5.20118 Y6.75767
G01 X-4.47939 Y7.47946
G01 X-4.40689 Y7.55944
G01 X-4.09600 Y7.93828
G01 X-3.97619 Y8.11758
G01 X-3.74517 Y8.54979
G01 X-3.66265 Y8.74903
G01 X-3.52038 Y9.21799
G01 X-3.47832 Y9.42949
G01 X-3.43029 Y9.91722
G01 X-3.42498 Y10.02505
G01 X-3.42498 Y17.42506
G01 X-3.45427 Y17.45429
G01 X-3.42498 Y17.42506
G01 X-2.02498 Y17.42506
G01 X-1.81038 Y17.44614
G01 X-1.60403 Y17.50875
G01 X-1.41386 Y17.61040
G01 X-1.24716 Y17.74720
G01 X-1.11038 Y17.91393
G01 X-1.02499 Y18.07365
G01 X-1.02499 Y18.52500
G01 X-1.12499 Y18.52500
G01 X-1.22499 Y18.52500
G01 X-1.32498 Y18.52500
G01 X-1.42498 Y18.52500
G01 X-1.52498 Y18.52500
G01 X-1.62498 Y18.52500
G01 X-1.62498 Y23.52502
G01 X-1.63105 Y23.59446
G01 X-1.64911 Y23.66182
G01 X-1.67858 Y23.72502
G01 X-1.71856 Y23.78212
G01 X-1.76788 Y23.83142
G01 X-1.82498 Y23.87142
G01 X-1.88818 Y23.90089
G01 X-1.95554 Y23.91895
G01 X-2.02498 Y23.92502
G01 X-5.82376 Y23.92502
G01 X-5.82691 Y23.91740
G01 X-5.82376 Y23.92502
G01 X-11.47437 Y29.57563
G01 X-11.50345 Y29.60199
G01 X-11.88229 Y29.91289
G01 X-11.91381 Y29.93628
G01 X-11.94749 Y29.95648
G01 X-12.37970 Y30.18749
G01 X-12.45214 Y30.21749
G01 X-12.92113 Y30.35975
G01 X-12.95920 Y30.36930
G01 X-12.99804 Y30.37507
G01 X-13.48577 Y30.42310
G01 X-13.52499 Y30.42503
G01 X-15.52498 Y30.42503
G01 X-15.56417 Y30.42310
G01 X-16.05190 Y30.37507
G01 X-16.09074 Y30.36930
G01 X-16.12882 Y30.35975
G01 X-16.59780 Y30.21749
G01 X-16.67024 Y30.18749
G01 X-17.10245 Y29.95648
G01 X-17.13613 Y29.93628
G01 X-17.16765 Y29.91289
G01 X-17.54649 Y29.60199
G01 X-17.57557 Y29.57563
G01 X-17.60194 Y29.54655
G01 X-17.91284 Y29.16771
G01 X-17.95642 Y29.10250
G01 X-18.18744 Y28.67030
G01 X-18.20422 Y28.63481
G01 X-18.21743 Y28.59786
G01 X-18.35970 Y28.12887
G01 X-18.37501 Y28.05196
G01 X-18.38667 Y27.93352
G01 X-18.38177 Y27.93108
G01 X-18.38667 Y27.93352
G01 X-19.41006 Y26.91013
G01 X-19.43643 Y26.88105
G01 X-19.56079 Y26.72951
G01 X-19.60435 Y26.66431
G01 X-19.69675 Y26.49141
G01 X-19.71354 Y26.45593
G01 X-19.72678 Y26.41897
G01 X-19.78367 Y26.23139
G01 X-19.79896 Y26.15448
G01 X-19.81819 Y25.95938
G01 X-19.82012 Y25.92016
G01 X-19.81819 Y25.88097
G01 X-19.81438 Y25.84236
G01 X-19.81471 Y25.84020
G01 X-19.81951 Y25.79144
G01 X-19.81951 Y25.71303
G01 X-19.81471 Y25.66423
G01 X-19.80895 Y25.62542
G01 X-19.79940 Y25.58735
G01 X-19.78517 Y25.54043
G01 X-19.77196 Y25.50348
G01 X-19.75517 Y25.46799
G01 X-19.73206 Y25.42476
G01 X-19.72327 Y25.41160
G01 X-19.71354 Y25.38443
G01 X-19.69675 Y25.34894
G01 X-19.60435 Y25.17604
G01 X-19.58418 Y25.14239
G01 X-19.56079 Y25.11084
G01 X-19.43643 Y24.95931
G01 X-19.41006 Y24.93022
G01 X-19.38098 Y24.90386
G01 X-19.22944 Y24.77950
G01 X-19.16424 Y24.73594
G01 X-18.99135 Y24.64353
G01 X-18.95586 Y24.62674
G01 X-18.92868 Y24.61702
G01 X-18.91553 Y24.60823
G01 X-18.87230 Y24.58511
G01 X-18.83681 Y24.56832
G01 X-18.79985 Y24.55512
G01 X-18.75297 Y24.54089
G01 X-18.67606 Y24.52558
G01 X-18.62729 Y24.52078
G01 X-18.58807 Y24.51885
G01 X-18.54885 Y24.52078
G01 X-18.50008 Y24.52558
G01 X-18.49831 Y24.52593
G01 X-18.45932 Y24.52210
G01 X-18.42012 Y24.52017
G01 X-18.38091 Y24.52210
G01 X-18.18581 Y24.54132
G01 X-18.10890 Y24.55661
G01 X-17.92132 Y24.61351
G01 X-17.88436 Y24.62674
G01 X-17.84888 Y24.64353
G01 X-17.67598 Y24.73594
G01 X-17.64233 Y24.75611
G01 X-17.61078 Y24.77950
G01 X-17.45924 Y24.90386
G01 X-17.43016 Y24.93022
G01 X-17.19818 Y25.16220
G01 X-17.20072 Y25.19324
G01 X-17.19818 Y25.16220
G01 X-17.16765 Y25.13716
G01 X-17.10245 Y25.09357
G01 X-16.67024 Y24.86256
G01 X-16.59780 Y24.83256
G01 X-16.12882 Y24.69029
G01 X-16.09074 Y24.68074
G01 X-16.05190 Y24.67498
G01 X-15.56417 Y24.62695
G01 X-15.52498 Y24.62502
G01 X-14.72620 Y24.62502
G01 X-14.72303 Y24.63264
G01 X-14.72620 Y24.62502
G01 X-12.42499 Y22.32383
G01 X-12.41737 Y22.32698
G01 X-12.42499 Y22.32383
G01 X-12.42499 Y18.52500
G01 X-12.41892 Y18.45556
G01 X-12.40086 Y18.38820
G01 X-12.37139 Y18.32500
G01 X-12.33141 Y18.26790
G01 X-12.28211 Y18.21863
G01 X-12.22499 Y18.17860
G01 X-12.16179 Y18.14913
G01 X-12.09446 Y18.13110
G01 X-12.02499 Y18.12503
G01 X-9.92497 Y18.12503
G01 X-9.89568 Y18.15432
G01 X-9.92497 Y18.12503
G01 X-9.92499 Y11.67503
G01 X-9.89571 Y11.64574
G01 X-9.92499 Y11.67503
G01 X-11.53538 Y11.67503
G01 X-11.53568 Y11.67335
G01 X-11.53538 Y11.67503
G01 X-11.57190 Y11.69456
G01 X-11.63802 Y11.71463
G01 X-11.65036 Y11.70475
G01 X-11.63802 Y11.71463
G01 X-11.64612 Y11.79682
G01 X-11.66141 Y11.87373
G01 X-11.71831 Y12.06131
G01 X-11.73154 Y12.09827
G01 X-11.74833 Y12.13375
G01 X-11.84074 Y12.30665
G01 X-11.88430 Y12.37185
G01 X-12.00866 Y12.52339
G01 X-12.03502 Y12.55247
G01 X-13.49753 Y14.01498
G01 X-13.52661 Y14.04135
G01 X-13.67815 Y14.16570
G01 X-13.74335 Y14.20926
G01 X-13.91625 Y14.30167
G01 X-13.98869 Y14.33169
G01 X-14.17627 Y14.38859
G01 X-14.25318 Y14.40388
G01 X-14.44828 Y14.42311
G01 X-14.48749 Y14.42504
G01 X-14.52669 Y14.42311
G01 X-14.72178 Y14.40388
G01 X-14.79869 Y14.38859
G01 X-14.98627 Y14.33169
G01 X-15.05871 Y14.30167
G01 X-15.23161 Y14.20926
G01 X-15.26527 Y14.18910
G01 X-15.29681 Y14.16570
G01 X-15.44835 Y14.04135
G01 X-15.47743 Y14.01498
G01 X-15.50380 Y13.98590
G01 X-15.59699 Y13.87233
G01 X-15.59796 Y13.84861
G01 X-15.59808 Y13.84645
G01 X-15.59928 Y13.83223
G01 X-15.60225 Y13.77660
G01 X-15.60268 Y13.75786
G01 X-15.60276 Y13.75600
G01 X-15.60639 Y13.69517
G01 X-15.60654 Y13.69324
G01 X-15.60824 Y13.67576
G01 X-15.58353 Y13.72202
G01 X-15.55086 Y13.77091
G01 X-15.42648 Y13.92245
G01 X-15.40672 Y13.94427
G01 X-15.38490 Y13.96403
G01 X-15.23336 Y14.08841
G01 X-15.20972 Y14.10594
G01 X-15.18447 Y14.12108
G01 X-15.01157 Y14.21348
G01 X-14.95724 Y14.23599
G01 X-14.76966 Y14.29291
G01 X-14.74109 Y14.30004
G01 X-14.71198 Y14.30436
G01 X-14.51688 Y14.32359
G01 X-14.48749 Y14.32504
G01 X-14.45808 Y14.32359
G01 X-14.26298 Y14.30436
G01 X-14.23387 Y14.30004
G01 X-14.20530 Y14.29291
G01 X-14.01772 Y14.23599
G01 X-13.96339 Y14.21348
G01 X-13.79049 Y14.12108
G01 X-13.74160 Y14.08841
G01 X-13.59006 Y13.96403
G01 X-13.56824 Y13.94427
G01 X-12.10574 Y12.48176
G01 X-12.08597 Y12.45994
G01 X-11.96159 Y12.30840
G01 X-11.92893 Y12.25951
G01 X-11.83652 Y12.08661
G01 X-11.82392 Y12.06002
G01 X-11.81402 Y12.03228
G01 X-11.75710 Y11.84470
G01 X-11.74564 Y11.78702
G01 X-11.72969 Y11.62502
G01 X-11.74940 Y11.60462
G01 X-11.72969 Y11.62502
G01 X-11.72499 Y11.62502
G01 X-11.66647 Y11.61925
G01 X-11.61018 Y11.60218
G01 X-11.55941 Y11.57503
G01 X-11.55979 Y11.57313
G01 X-11.55941 Y11.57503
G01 X-9.82499 Y11.57503
G01 X-9.79571 Y11.54574
G01 X-9.82499 Y11.57503
G01 X-9.82497 Y18.22500
G01 X-9.79568 Y18.25432
G01 X-9.82497 Y18.22500
G01 X-12.02499 Y18.22500
G01 X-12.07708 Y18.22960
G01 X-12.12760 Y18.24311
G01 X-12.17498 Y18.26521
G01 X-12.21783 Y18.29521
G01 X-12.25481 Y18.33217
G01 X-12.28481 Y18.37504
G01 X-12.30690 Y18.42241
G01 X-12.32044 Y18.47291
G01 X-12.32499 Y18.52500
G01 X-12.32499 Y22.36523
G01 X-12.31737 Y22.36838
G01 X-12.32499 Y22.36523
G01 X-14.68478 Y24.72502
G01 X-14.68163 Y24.73264
G01 X-14.68478 Y24.72502
G01 X-15.52498 Y24.72502
G01 X-15.55437 Y24.72646
G01 X-16.04210 Y24.77450
G01 X-16.07123 Y24.77881
G01 X-16.09978 Y24.78598
G01 X-16.56877 Y24.92824
G01 X-16.62310 Y24.95075
G01 X-17.05531 Y25.18179
G01 X-17.10420 Y25.21445
G01 X-17.20481 Y25.29700
G01 X-17.20694 Y25.33007
G01 X-17.20481 Y25.29700
G01 X-17.50087 Y25.00094
G01 X-17.52269 Y24.98118
G01 X-17.67423 Y24.85679
G01 X-17.69788 Y24.83927
G01 X-17.72312 Y24.82413
G01 X-17.89602 Y24.73172
G01 X-17.92261 Y24.71912
G01 X-17.95035 Y24.70922
G01 X-18.13793 Y24.65230
G01 X-18.19561 Y24.64084
G01 X-18.39071 Y24.62161
G01 X-18.42012 Y24.62017
G01 X-18.44951 Y24.62161
G01 X-18.50161 Y24.62674
G01 X-18.50989 Y24.62512
G01 X-18.55866 Y24.62029
G01 X-18.58807 Y24.61887
G01 X-18.61748 Y24.62029
G01 X-18.66625 Y24.62512
G01 X-18.72393 Y24.63657
G01 X-18.77082 Y24.65080
G01 X-18.79856 Y24.66073
G01 X-18.82515 Y24.67330
G01 X-18.86838 Y24.69642
G01 X-18.88561 Y24.70792
G01 X-18.88987 Y24.70922
G01 X-18.91758 Y24.71912
G01 X-18.94420 Y24.73172
G01 X-19.11710 Y24.82413
G01 X-19.16600 Y24.85679
G01 X-19.31753 Y24.98118
G01 X-19.33935 Y25.00094
G01 X-19.35911 Y25.02276
G01 X-19.48350 Y25.17429
G01 X-19.51616 Y25.22319
G01 X-19.60857 Y25.39608
G01 X-19.62116 Y25.42270
G01 X-19.63107 Y25.45044
G01 X-19.63237 Y25.45468
G01 X-19.64387 Y25.47190
G01 X-19.66699 Y25.51513
G01 X-19.67956 Y25.54175
G01 X-19.68949 Y25.56947
G01 X-19.70371 Y25.61635
G01 X-19.71088 Y25.64493
G01 X-19.71519 Y25.67404
G01 X-19.72000 Y25.72281
G01 X-19.72000 Y25.78163
G01 X-19.71519 Y25.83040
G01 X-19.71370 Y25.84038
G01 X-19.71867 Y25.89078
G01 X-19.72012 Y25.92016
G01 X-19.71867 Y25.94958
G01 X-19.69945 Y26.14467
G01 X-19.68799 Y26.20236
G01 X-19.63107 Y26.38994
G01 X-19.62116 Y26.41767
G01 X-19.60857 Y26.44427
G01 X-19.51616 Y26.61716
G01 X-19.48350 Y26.66606
G01 X-19.35911 Y26.81760
G01 X-19.33935 Y26.83941
G01 X-18.29066 Y27.88810
G01 X-18.28553 Y27.88559
G01 X-18.29066 Y27.88810
G01 X-18.27550 Y28.04216
G01 X-18.27118 Y28.07129
G01 X-18.26402 Y28.09984
G01 X-18.12175 Y28.56882
G01 X-18.11182 Y28.59654
G01 X-18.09925 Y28.62315
G01 X-17.86821 Y29.05536
G01 X-17.83554 Y29.10426
G01 X-17.52465 Y29.48310
G01 X-17.50486 Y29.50492
G01 X-17.48304 Y29.52470
G01 X-17.10420 Y29.83560
G01 X-17.08055 Y29.85315
G01 X-17.05531 Y29.86826
G01 X-16.62310 Y30.09930
G01 X-16.56877 Y30.12181
G01 X-16.09978 Y30.26407
G01 X-16.07123 Y30.27123
G01 X-16.04210 Y30.27555
G01 X-15.55437 Y30.32358
G01 X-15.52498 Y30.32503
G01 X-13.52499 Y30.32503
G01 X-13.49557 Y30.32358
G01 X-13.00784 Y30.27555
G01 X-12.97871 Y30.27123
G01 X-12.95016 Y30.26407
G01 X-12.48117 Y30.12181
G01 X-12.42684 Y30.09930
G01 X-11.99464 Y29.86826
G01 X-11.96939 Y29.85315
G01 X-11.94574 Y29.83560
G01 X-11.56690 Y29.52470
G01 X-11.54508 Y29.50492
G01 X-5.86516 Y23.82502
G01 X-5.86831 Y23.81740
G01 X-5.86516 Y23.82502
G01 X-2.02498 Y23.82502
G01 X-1.97289 Y23.82045
G01 X-1.92239 Y23.80691
G01 X-1.87500 Y23.78481
G01 X-1.83215 Y23.75484
G01 X-1.79516 Y23.71786
G01 X-1.76519 Y23.67501
G01 X-1.74307 Y23.62761
G01 X-1.72956 Y23.57711
G01 X-1.72498 Y23.52502
G01 X-1.72498 Y18.52500
G01 X-1.73075 Y18.46648
G01 X-1.74782 Y18.41022
G01 X-1.77556 Y18.35833
G01 X-1.81284 Y18.31289
G01 X-1.85831 Y18.27560
G01 X-1.91018 Y18.24784
G01 X-1.96646 Y18.23077
G01 X-2.02498 Y18.22500
G01 X-4.22498 Y18.22500
G01 X-4.25427 Y18.25432
G01 X-4.22498 Y18.22500
G01 X-4.22498 Y10.02505
G01 X-4.22643 Y9.99563
G01 X-4.27446 Y9.50790
G01 X-4.28594 Y9.45022
G01 X-4.42820 Y8.98123
G01 X-4.45071 Y8.92690
G01 X-4.68172 Y8.49470
G01 X-4.71441 Y8.44580
G01 X-5.02531 Y8.06696
G01 X-5.04509 Y8.04514
G01 X-10.04508 Y3.04513
G01 X-10.06238 Y3.02912
G01 X-10.36068 Y2.77436
G01 X-10.39875 Y2.74668
G01 X-10.73325 Y2.54172
G01 X-10.77518 Y2.52034
G01 X-11.13761 Y2.37022
G01 X-11.18239 Y2.35567
G01 X-11.56385 Y2.26408
G01 X-11.61036 Y2.25671
G01 X-12.00144 Y2.22595
G01 X-12.02499 Y2.22501
G01 X-56.52498 Y2.22501
G01 X-56.55436 Y2.22646
G01 X-57.04209 Y2.27449
G01 X-57.07123 Y2.27881
G01 X-57.09978 Y2.28597
G01 X-57.56876 Y2.42824
G01 X-57.62309 Y2.45074
G01 X-58.05530 Y2.68178
G01 X-58.10420 Y2.71444
G01 X-58.48304 Y3.02534
G01 X-58.50486 Y3.04513
G01 X-64.00487 Y8.54514
G01 X-64.02466 Y8.56696
G01 X-64.33555 Y8.94580
G01 X-64.36822 Y8.99470
G01 X-64.59926 Y9.42690
G01 X-64.62176 Y9.48123
G01 X-64.76402 Y9.95022
G01 X-64.77119 Y9.97877
G01 X-64.77551 Y10.00790
G01 X-64.82354 Y10.49563
G01 X-64.82498 Y10.52502
G01 X-64.82498 Y18.22500
G01 X-64.79583 Y18.25406
G01 X-64.82498 Y18.22500
G01 X-66.02498 Y18.22500
G01 X-66.07708 Y18.22960
G01 X-66.12760 Y18.24311
G01 X-66.17499 Y18.26521
G01 X-66.21782 Y18.29521
G01 X-66.25480 Y18.33217
G01 X-66.28480 Y18.37504
G01 X-66.30690 Y18.42241
G01 X-66.32044 Y18.47291
G01 X-66.32498 Y18.52500
G01 X-66.32498 Y23.52502
G01 X-66.31922 Y23.58354
G01 X-66.30215 Y23.63983
G01 X-66.27444 Y23.69169
G01 X-66.23712 Y23.73713
G01 X-66.19166 Y23.77445
G01 X-66.13979 Y23.80218
G01 X-66.08350 Y23.81925
G01 X-66.02498 Y23.82502
G01 X-56.02498 Y23.82502
G01 X-55.96646 Y23.81925
G01 X-55.91019 Y23.80218
G01 X-55.85833 Y23.77445
G01 X-55.81286 Y23.73713
G01 X-55.77555 Y23.69169
G01 X-55.74781 Y23.63983
G01 X-55.73074 Y23.58354
G01 X-55.72498 Y23.52502
G01 X-55.72498 Y18.52500
G01 X-55.72955 Y18.47291
G01 X-55.74309 Y18.42241
G01 X-55.76519 Y18.37504
G01 X-55.79518 Y18.33217
G01 X-55.83214 Y18.29521
G01 X-55.87499 Y18.26521
G01 X-55.92239 Y18.24311
G01 X-55.97288 Y18.22960
G01 X-56.02498 Y18.22500
G01 X-59.22497 Y18.22500
G01 X-59.25426 Y18.25432
G01 X-59.22497 Y18.22500
G01 X-59.22497 Y11.68483
G01 X-59.23259 Y11.68169
G01 X-59.22497 Y11.68483
G01 X-55.36516 Y7.82503
G01 X-55.36831 Y7.81741
G01 X-55.36516 Y7.82503
G01 X-51.57497 Y7.82500
G01 X-51.54569 Y7.79571
G01 X-51.57497 Y7.82500
G01 X-51.57497 Y8.56099
G01 X-51.57213 Y8.56168
G01 X-51.57497 Y8.56099
G01 X-51.58480 Y8.57501
G01 X-51.60690 Y8.62241
G01 X-51.62044 Y8.67293
G01 X-51.62499 Y8.72502
G01 X-51.62499 Y11.32502
G01 X-51.62044 Y11.37711
G01 X-51.60690 Y11.42761
G01 X-51.58480 Y11.47501
G01 X-51.55481 Y11.51786
G01 X-51.51782 Y11.55484
G01 X-51.47500 Y11.58481
G01 X-51.43969 Y11.60127
G01 X-51.37729 Y11.59347
G01 X-51.43969 Y11.60127
G01 X-51.57015 Y11.73172
G01 X-51.56763 Y11.73680
G01 X-51.57015 Y11.73172
G01 X-51.71198 Y11.74569
G01 X-51.76966 Y11.75715
G01 X-51.95724 Y11.81407
G01 X-51.98498 Y11.82398
G01 X-52.01157 Y11.83657
G01 X-52.18447 Y11.92898
G01 X-52.23337 Y11.96164
G01 X-52.38490 Y12.08603
G01 X-52.40672 Y12.10579
G01 X-52.42648 Y12.12761
G01 X-52.55087 Y12.27914
G01 X-52.58353 Y12.32804
G01 X-52.60822 Y12.37429
G01 X-52.60652 Y12.35682
G01 X-52.60637 Y12.35489
G01 X-52.60273 Y12.29408
G01 X-52.60266 Y12.29222
G01 X-52.60225 Y12.27368
G01 X-52.59928 Y12.21808
G01 X-52.59806 Y12.20363
G01 X-52.59793 Y12.20150
G01 X-52.59697 Y12.17770
G01 X-52.50380 Y12.06416
G01 X-52.47744 Y12.03508
G01 X-52.44835 Y12.00871
G01 X-52.29682 Y11.88435
G01 X-52.23161 Y11.84079
G01 X-52.05872 Y11.74839
G01 X-52.02323 Y11.73160
G01 X-51.98628 Y11.71836
G01 X-51.79870 Y11.66147
G01 X-51.72179 Y11.64618
G01 X-51.61556 Y11.63571
G01 X-51.61312 Y11.64059
G01 X-51.61556 Y11.63571
G01 X-51.59669 Y11.61684
G01 X-51.56204 Y11.61862
G01 X-51.59669 Y11.61684
G01 X-51.63141 Y11.58212
G01 X-51.67139 Y11.52502
G01 X-51.70086 Y11.46182
G01 X-51.71892 Y11.39446
G01 X-51.72499 Y11.32502
G01 X-51.72499 Y8.72502
G01 X-51.71892 Y8.65555
G01 X-51.70086 Y8.58819
G01 X-51.67497 Y8.53269
G01 X-51.67350 Y8.53295
G01 X-51.67497 Y8.53269
G01 X-51.67497 Y7.92503
G01 X-51.64569 Y7.89571
G01 X-51.67497 Y7.92503
G01 X-55.32373 Y7.92503
G01 X-55.32688 Y7.91741
G01 X-55.32373 Y7.92503
G01 X-55.74725 Y8.34854
G01 X-55.53219 Y8.21967
G01 X-55.53003 Y8.21842
G01 X-55.43511 Y8.16777
G01 X-55.43295 Y8.16668
G01 X-55.41594 Y8.15863
G01 X-55.26013 Y8.08497
G01 X-55.26061 Y8.08327
G01 X-55.26013 Y8.08497
G01 X-55.25091 Y8.08167
G01 X-55.24121 Y8.08022
G01 X-55.16636 Y8.07654
G01 X-55.16389 Y8.07649
G01 X-55.04606 Y8.07649
G01 X-55.04360 Y8.07654
G01 X-54.78873 Y8.08896
G01 X-54.78630 Y8.08924
G01 X-54.66471 Y8.10125
G01 X-54.66227 Y8.10153
G01 X-54.50410 Y8.12500
G01 X-54.40743 Y8.13935
G01 X-54.40499 Y8.13971
G01 X-54.27240 Y8.16622
G01 X-54.27001 Y8.16676
G01 X-54.03697 Y8.22500
G01 X-54.01515 Y8.23049
G01 X-54.01279 Y8.23125
G01 X-53.86044 Y8.27758
G01 X-53.85813 Y8.27834
G01 X-53.72760 Y8.32502
G01 X-52.07497 Y8.32502
G01 X-52.04569 Y8.29574
G01 X-52.07497 Y8.32502
G01 X-52.07497 Y8.44760
G01 X-52.07408 Y8.44773
G01 X-52.07497 Y8.44760
G01 X-52.07675 Y8.45139
G01 X-52.11284 Y8.58609
G01 X-52.12498 Y8.72502
G01 X-52.12498 Y11.32502
G01 X-52.12341 Y11.34310
G01 X-52.10820 Y11.35260
G01 X-52.12341 Y11.34310
G01 X-52.17632 Y11.36205
G01 X-52.24729 Y11.39560
G01 X-52.42016 Y11.48801
G01 X-52.55056 Y11.57516
G01 X-52.61411 Y11.62730
G01 X-52.60616 Y11.75014
G01 X-52.48714 Y11.65245
G01 X-52.37304 Y11.57622
G01 X-52.20014 Y11.48379
G01 X-52.13804 Y11.45443
G01 X-52.07337 Y11.43129
G01 X-52.01719 Y11.41425
G01 X-51.99816 Y11.42791
G01 X-52.01719 Y11.41425
G01 X-52.02499 Y11.32502
G01 X-52.02499 Y8.72502
G01 X-52.01434 Y8.60346
G01 X-51.98277 Y8.48560
G01 X-51.97497 Y8.46889
G01 X-51.97398 Y8.46904
G01 X-51.97497 Y8.46889
G01 X-51.97497 Y8.22500
G01 X-51.94569 Y8.19571
G01 X-51.97497 Y8.22500
G01 X-54.03697 Y8.22500
G01 X-54.03735 Y8.22502
G01 X-54.27001 Y8.16676
G01 X-54.27240 Y8.16622
G01 X-54.40499 Y8.13971
G01 X-54.40743 Y8.13935
G01 X-54.50410 Y8.12500
G01 X-51.87497 Y8.12502
G01 X-51.84569 Y8.09574
G01 X-51.87497 Y8.12502
G01 X-51.87497 Y8.49015
G01 X-51.87383 Y8.49033
G01 X-51.87497 Y8.49015
G01 X-51.88879 Y8.51979
G01 X-51.91587 Y8.62083
G01 X-51.92499 Y8.72502
G01 X-51.92499 Y11.32502
G01 X-51.91587 Y11.42921
G01 X-51.90129 Y11.48359
G01 X-51.87469 Y11.50015
G01 X-51.90129 Y11.48359
G01 X-52.04434 Y11.52697
G01 X-52.09979 Y11.54681
G01 X-52.15300 Y11.57201
G01 X-52.32590 Y11.66441
G01 X-52.42369 Y11.72974
G01 X-52.57523 Y11.85413
G01 X-52.60141 Y11.87785
G01 X-52.60106 Y11.88580
G01 X-52.59735 Y11.94315
G01 X-52.59727 Y11.94473
G01 X-52.59483 Y12.01745
G01 X-52.58109 Y12.00073
G01 X-52.54815 Y11.96436
G01 X-52.51178 Y11.93142
G01 X-52.36024 Y11.80706
G01 X-52.27876 Y11.75260
G01 X-52.10586 Y11.66020
G01 X-52.06151 Y11.63922
G01 X-52.01531 Y11.62268
G01 X-51.82770 Y11.56576
G01 X-51.76786 Y11.55387
G01 X-51.72760 Y11.57462
G01 X-51.76786 Y11.55387
G01 X-51.79484 Y11.49601
G01 X-51.81739 Y11.41184
G01 X-51.82499 Y11.32502
G01 X-51.82499 Y8.72502
G01 X-51.81739 Y8.63818
G01 X-51.79484 Y8.55401
G01 X-51.77497 Y8.51141
G01 X-51.77368 Y8.51164
G01 X-51.77497 Y8.51141
G01 X-51.77497 Y8.02502
G01 X-51.74569 Y7.99571
G01 X-51.77497 Y8.02502
G01 X-55.28233 Y8.02502
G01 X-55.28548 Y8.01740
G01 X-55.28233 Y8.02502
G01 X-55.41594 Y8.15863
G01 X-55.43295 Y8.16668
G01 X-55.43511 Y8.16777
G01 X-55.53003 Y8.21842
G01 X-55.53219 Y8.21967
G01 X-55.74725 Y8.34854
G01 X-55.75754 Y8.35472
G01 X-55.75960 Y8.35601
G01 X-55.83219 Y8.40448
G01 X-55.83422 Y8.40590
G01 X-56.04116 Y8.55936
G01 X-56.04309 Y8.56086
G01 X-56.10204 Y8.60925
G01 X-56.10392 Y8.61085
G01 X-56.29295 Y8.78220
G01 X-56.29473 Y8.78390
G01 X-56.34611 Y8.83526
G01 X-56.34781 Y8.83704
G01 X-56.51916 Y9.02611
G01 X-56.52076 Y9.02797
G01 X-56.56910 Y9.08690
G01 X-56.57059 Y9.08883
G01 X-56.72409 Y9.29576
G01 X-56.72551 Y9.29779
G01 X-56.77400 Y9.37041
G01 X-56.77529 Y9.37247
G01 X-56.78139 Y9.38265
G01 X-56.91034 Y9.59782
G01 X-56.91159 Y9.59998
G01 X-56.96224 Y9.69490
G01 X-56.96333 Y9.69706
G01 X-56.97136 Y9.71405
G01 X-57.07905 Y9.94173
G01 X-57.08004 Y9.94405
G01 X-57.09422 Y9.97836
G01 X-57.13336 Y10.07310
G01 X-57.13422 Y10.07534
G01 X-57.18126 Y10.20681
G01 X-57.22922 Y10.34077
G01 X-57.23000 Y10.34316
G01 X-57.25327 Y10.42022
G01 X-57.28464 Y10.52416
G01 X-57.28527 Y10.52644
G01 X-57.30773 Y10.61613
G01 X-57.34395 Y10.76071
G01 X-57.36732 Y10.81712
G01 X-58.52497 Y11.97478
G01 X-58.53259 Y11.97163
G01 X-58.52497 Y11.97478
G01 X-58.52497 Y17.52501
G01 X-58.55426 Y17.55432
G01 X-58.52497 Y17.52501
G01 X-56.09871 Y17.52501
G01 X-56.04624 Y17.54675
G01 X-55.87194 Y17.63842
G01 X-56.02498 Y17.62503
G01 X-58.62497 Y17.62503
G01 X-58.65428 Y17.65429
G01 X-58.62497 Y17.62503
G01 X-58.62497 Y11.93337
G01 X-58.63259 Y11.93020
G01 X-58.62497 Y11.93337
G01 X-57.30773 Y10.61613
G01 X-57.28527 Y10.52644
G01 X-57.28464 Y10.52416
G01 X-57.25327 Y10.42022
G01 X-58.72497 Y11.89195
G01 X-58.73259 Y11.88877
G01 X-58.72497 Y11.89195
G01 X-58.72497 Y17.72501
G01 X-58.75426 Y17.75429
G01 X-58.72497 Y17.72501
G01 X-56.02498 Y17.72501
G01 X-55.88606 Y17.73720
G01 X-55.75137 Y17.77327
G01 X-55.62498 Y17.83219
G01 X-55.51075 Y17.91218
G01 X-55.41215 Y18.01078
G01 X-55.33217 Y18.12503
G01 X-55.27324 Y18.25139
G01 X-55.23715 Y18.38609
G01 X-55.22498 Y18.52500
G01 X-55.22498 Y23.52502
G01 X-55.24037 Y23.68108
G01 X-55.28589 Y23.83117
G01 X-55.35980 Y23.96947
G01 X-55.45929 Y24.09070
G01 X-55.58053 Y24.19019
G01 X-55.71883 Y24.26411
G01 X-55.86892 Y24.30965
G01 X-56.02498 Y24.32502
G01 X-66.02498 Y24.32502
G01 X-66.18107 Y24.30965
G01 X-66.33113 Y24.26411
G01 X-66.46943 Y24.19019
G01 X-66.59067 Y24.09070
G01 X-66.69016 Y23.96947
G01 X-66.76410 Y23.83117
G01 X-66.80961 Y23.68108
G01 X-66.82498 Y23.52502
G01 X-66.82498 Y18.52500
G01 X-66.81284 Y18.38609
G01 X-66.77675 Y18.25139
G01 X-66.71782 Y18.12503
G01 X-66.63783 Y18.01078
G01 X-66.53921 Y17.91218
G01 X-66.42498 Y17.83219
G01 X-66.29859 Y17.77327
G01 X-66.16390 Y17.73720
G01 X-66.02498 Y17.72501
G01 X-65.32498 Y17.72501
G01 X-65.29570 Y17.75429
G01 X-65.32498 Y17.72501
G01 X-65.32498 Y10.52502
G01 X-65.32112 Y10.44661
G01 X-65.27309 Y9.95890
G01 X-65.24248 Y9.80508
G01 X-65.10022 Y9.33610
G01 X-65.07378 Y9.26218
G01 X-65.04022 Y9.19121
G01 X-64.80919 Y8.75898
G01 X-64.76883 Y8.69165
G01 X-64.72206 Y8.62858
G01 X-64.41114 Y8.24974
G01 X-64.35844 Y8.19157
G01 X-62.93279 Y6.76595
G01 X-62.68359 Y6.74138
G01 X-62.68349 Y6.74187
G01 X-62.68359 Y6.74138
G01 X-62.77592 Y6.75050
G01 X-64.28772 Y8.26229
G01 X-64.33385 Y8.31319
G01 X-64.64475 Y8.69203
G01 X-64.68569 Y8.74720
G01 X-64.72100 Y8.80613
G01 X-64.95201 Y9.23836
G01 X-64.98140 Y9.30044
G01 X-65.00454 Y9.36513
G01 X-65.14680 Y9.83411
G01 X-65.17357 Y9.96868
G01 X-65.22161 Y10.45641
G01 X-65.22498 Y10.52502
G01 X-65.22498 Y17.82501
G01 X-65.19570 Y17.85429
G01 X-65.22498 Y17.82501
G01 X-66.02498 Y17.82501
G01 X-66.14655 Y17.83565
G01 X-66.26440 Y17.86722
G01 X-66.37499 Y17.91881
G01 X-66.47494 Y17.98881
G01 X-66.56123 Y18.07507
G01 X-66.63120 Y18.17507
G01 X-66.68277 Y18.28561
G01 X-66.71436 Y18.40346
G01 X-66.72498 Y18.52500
G01 X-66.72498 Y23.52502
G01 X-66.71154 Y23.66157
G01 X-66.67169 Y23.79289
G01 X-66.60702 Y23.91392
G01 X-66.51995 Y24.01999
G01 X-66.41388 Y24.10703
G01 X-66.29288 Y24.17173
G01 X-66.16156 Y24.21156
G01 X-66.02498 Y24.22502
G01 X-56.02498 Y24.22502
G01 X-55.88843 Y24.21156
G01 X-55.75711 Y24.17173
G01 X-55.63608 Y24.10703
G01 X-55.53001 Y24.01999
G01 X-55.44296 Y23.91392
G01 X-55.37827 Y23.79289
G01 X-55.33844 Y23.66157
G01 X-55.32498 Y23.52502
G01 X-55.32498 Y18.52500
G01 X-55.33562 Y18.40346
G01 X-55.36719 Y18.28561
G01 X-55.41878 Y18.17507
G01 X-55.48876 Y18.07507
G01 X-55.57504 Y17.98881
G01 X-55.67499 Y17.91881
G01 X-55.78558 Y17.86722
G01 X-55.90344 Y17.83565
G01 X-56.02498 Y17.82501
G01 X-58.82497 Y17.82501
G01 X-58.85426 Y17.85429
G01 X-58.82497 Y17.82501
G01 X-58.82497 Y11.85052
G01 X-58.83259 Y11.84737
G01 X-58.82497 Y11.85052
G01 X-57.18126 Y10.20681
G01 X-57.13422 Y10.07534
G01 X-57.13336 Y10.07310
G01 X-57.09422 Y9.97836
G01 X-58.92497 Y11.80909
G01 X-58.93259 Y11.80594
G01 X-58.92497 Y11.80909
G01 X-58.92500 Y17.92506
G01 X-58.95416 Y17.95411
G01 X-58.92500 Y17.92506
G01 X-56.02498 Y17.92506
G01 X-55.92079 Y17.93412
G01 X-55.81977 Y17.96120
G01 X-55.72498 Y18.00542
G01 X-55.63930 Y18.06539
G01 X-55.56536 Y18.13933
G01 X-55.50537 Y18.22500
G01 X-55.46117 Y18.31982
G01 X-55.43410 Y18.42081
G01 X-55.42498 Y18.52500
G01 X-55.42498 Y23.52502
G01 X-55.43651 Y23.64206
G01 X-55.47065 Y23.75464
G01 X-55.52610 Y23.85834
G01 X-55.60072 Y23.94928
G01 X-55.69165 Y24.02390
G01 X-55.79539 Y24.07935
G01 X-55.90793 Y24.11349
G01 X-56.02498 Y24.12502
G01 X-66.02498 Y24.12502
G01 X-66.14205 Y24.11349
G01 X-66.25460 Y24.07935
G01 X-66.35833 Y24.02390
G01 X-66.44924 Y23.94928
G01 X-66.52386 Y23.85834
G01 X-66.57931 Y23.75464
G01 X-66.61345 Y23.64206
G01 X-66.62498 Y23.52502
G01 X-66.62498 Y18.52500
G01 X-66.61586 Y18.42081
G01 X-66.58881 Y18.31982
G01 X-66.54459 Y18.22500
G01 X-66.48462 Y18.13933
G01 X-66.41066 Y18.06539
G01 X-66.32498 Y18.00542
G01 X-66.23019 Y17.96120
G01 X-66.12917 Y17.93412
G01 X-66.02498 Y17.92506
G01 X-65.12498 Y17.92506
G01 X-65.09567 Y17.95429
G01 X-65.12498 Y17.92506
G01 X-65.12498 Y10.52502
G01 X-65.12209 Y10.46622
G01 X-65.07406 Y9.97849
G01 X-65.05110 Y9.86315
G01 X-64.90883 Y9.39416
G01 X-64.88899 Y9.33871
G01 X-64.86382 Y9.28547
G01 X-64.63281 Y8.85327
G01 X-64.60253 Y8.80277
G01 X-64.56745 Y8.75548
G01 X-64.25656 Y8.37664
G01 X-64.21701 Y8.33300
G01 X-62.60007 Y6.71606
G01 X-62.35529 Y6.64179
G01 X-62.39708 Y6.65449
G01 X-64.14630 Y8.40371
G01 X-64.17924 Y8.44006
G01 X-64.49016 Y8.81890
G01 X-64.54462 Y8.90041
G01 X-64.77563 Y9.33262
G01 X-64.79661 Y9.37699
G01 X-64.81315 Y9.42319
G01 X-64.95541 Y9.89215
G01 X-64.97454 Y9.98829
G01 X-65.02257 Y10.47602
G01 X-65.02498 Y10.52502
G01 X-65.02498 Y18.02500
G01 X-64.99570 Y18.05434
G01 X-65.02498 Y18.02500
G01 X-66.02498 Y18.02500
G01 X-66.11180 Y18.03260
G01 X-66.19600 Y18.05515
G01 X-66.27499 Y18.09201
G01 X-66.34637 Y18.14200
G01 X-66.40801 Y18.20362
G01 X-66.45800 Y18.27502
G01 X-66.49483 Y18.35404
G01 X-66.51739 Y18.43819
G01 X-66.52498 Y18.52500
G01 X-66.52498 Y23.52502
G01 X-66.51538 Y23.62256
G01 X-66.48693 Y23.71636
G01 X-66.44073 Y23.80279
G01 X-66.37855 Y23.87856
G01 X-66.30278 Y23.94074
G01 X-66.21632 Y23.98694
G01 X-66.12254 Y24.01542
G01 X-66.02498 Y24.02502
G01 X-56.02498 Y24.02502
G01 X-55.92744 Y24.01542
G01 X-55.83364 Y23.98694
G01 X-55.74720 Y23.94074
G01 X-55.67143 Y23.87856
G01 X-55.60926 Y23.80279
G01 X-55.56305 Y23.71636
G01 X-55.53460 Y23.62256
G01 X-55.52498 Y23.52502
G01 X-55.52498 Y18.52500
G01 X-55.53257 Y18.43819
G01 X-55.55515 Y18.35404
G01 X-55.59198 Y18.27502
G01 X-55.64197 Y18.20362
G01 X-55.70359 Y18.14200
G01 X-55.77499 Y18.09201
G01 X-55.85398 Y18.05515
G01 X-55.93816 Y18.03260
G01 X-56.02498 Y18.02500
G01 X-59.02497 Y18.02500
G01 X-59.05428 Y18.05434
G01 X-59.02497 Y18.02500
G01 X-59.02497 Y11.76766
G01 X-59.03259 Y11.76451
G01 X-59.02497 Y11.76766
G01 X-56.97136 Y9.71405
G01 X-56.96333 Y9.69706
G01 X-56.96224 Y9.69490
G01 X-56.91159 Y9.59998
G01 X-56.91034 Y9.59782
G01 X-56.78139 Y9.38265
G01 X-59.12497 Y11.72626
G01 X-59.13259 Y11.72309
G01 X-59.12497 Y11.72626
G01 X-59.12497 Y18.12503
G01 X-59.15428 Y18.15432
G01 X-59.12497 Y18.12503
G01 X-56.02498 Y18.12503
G01 X-55.95553 Y18.13110
G01 X-55.88817 Y18.14913
G01 X-55.82498 Y18.17860
G01 X-55.76788 Y18.21863
G01 X-55.71858 Y18.26790
G01 X-55.67857 Y18.32500
G01 X-55.64911 Y18.38820
G01 X-55.63107 Y18.45556
G01 X-55.62498 Y18.52500
G01 X-55.62498 Y23.52502
G01 X-55.63267 Y23.60305
G01 X-55.65543 Y23.67808
G01 X-55.69239 Y23.74724
G01 X-55.74215 Y23.80785
G01 X-55.80275 Y23.85761
G01 X-55.87192 Y23.89456
G01 X-55.94695 Y23.91732
G01 X-56.02498 Y23.92502
G01 X-66.02498 Y23.92502
G01 X-66.10301 Y23.91732
G01 X-66.17807 Y23.89456
G01 X-66.24721 Y23.85761
G01 X-66.30784 Y23.80785
G01 X-66.35757 Y23.74724
G01 X-66.39453 Y23.67808
G01 X-66.41731 Y23.60305
G01 X-66.42498 Y23.52502
G01 X-66.42498 Y18.52500
G01 X-66.41891 Y18.45556
G01 X-66.40085 Y18.38820
G01 X-66.37139 Y18.32500
G01 X-66.33141 Y18.26790
G01 X-66.28211 Y18.21863
G01 X-66.22498 Y18.17860
G01 X-66.16179 Y18.14913
G01 X-66.09445 Y18.13110
G01 X-66.02498 Y18.12503
G01 X-64.92498 Y18.12503
G01 X-64.89588 Y18.15396
G01 X-64.92498 Y18.12503
G01 X-64.92498 Y10.52502
G01 X-64.92305 Y10.48583
G01 X-64.87502 Y9.99810
G01 X-64.86926 Y9.95926
G01 X-64.85971 Y9.92119
G01 X-64.71744 Y9.45220
G01 X-64.68744 Y9.37976
G01 X-64.45643 Y8.94755
G01 X-64.41284 Y8.88235
G01 X-64.10195 Y8.50351
G01 X-64.07558 Y8.47443
G01 X-62.11404 Y6.51289
G01 X-62.05273 Y6.48010
G01 X-62.05245 Y6.48050
G01 X-62.05273 Y6.48010
G01 X-61.78755 Y6.26244
G01 X-61.78720 Y6.26280
G01 X-61.78755 Y6.26244
G01 X-61.56992 Y5.99727
G01 X-61.56952 Y5.99755
G01 X-61.56992 Y5.99727
G01 X-61.53716 Y5.93598
G01 X-58.57557 Y2.97441
G01 X-58.54649 Y2.94805
G01 X-58.16764 Y2.63715
G01 X-58.10244 Y2.59357
G01 X-57.67024 Y2.36255
G01 X-57.59780 Y2.33255
G01 X-57.12881 Y2.19029
G01 X-57.09074 Y2.18074
G01 X-57.05190 Y2.17497
G01 X-56.56417 Y2.12694
G01 X-56.52498 Y2.12501
G01 X-12.02499 Y2.12501
G01 X-11.99359 Y2.12626
G01 X-11.60251 Y2.15704
G01 X-11.54051 Y2.16685
G01 X-11.15905 Y2.25844
G01 X-11.09936 Y2.27782
G01 X-10.73693 Y2.42796
G01 X-10.68100 Y2.45646
G01 X-10.34651 Y2.66143
G01 X-10.29573 Y2.69831
G01 X-9.99743 Y2.95310
G01 X-9.97437 Y2.97441
G01 X-4.97438 Y7.97443
G01 X-4.94802 Y8.00351
G01 X-4.63709 Y8.38235
G01 X-4.59353 Y8.44755
G01 X-4.36252 Y8.87976
G01 X-4.33250 Y8.95223
G01 X-4.19026 Y9.42119
G01 X-4.17494 Y9.49810
G01 X-4.12691 Y9.98583
G01 X-4.12498 Y10.02505
G01 X-4.12498 Y18.12503
G01 X-4.15414 Y18.15409
G01 X-4.12498 Y18.12503
G01 X-2.02498 Y18.12503
G01 X-1.94695 Y18.13270
G01 X-1.87192 Y18.15546
G01 X-1.80276 Y18.19242
G01 X-1.74215 Y18.24220
G01 X-1.69240 Y18.30278
G01 X-1.65544 Y18.37197
G01 X-1.63268 Y18.44700
G01 X-1.62498 Y18.52500
G01 X-1.72498 Y18.52500
G01 X-1.82498 Y18.52500
G01 X-1.82498 Y23.52502
G01 X-1.82803 Y23.55974
G01 X-1.83705 Y23.59342
G01 X-1.85178 Y23.62502
G01 X-1.87177 Y23.65357
G01 X-1.89643 Y23.67823
G01 X-1.92498 Y23.69822
G01 X-1.95658 Y23.71295
G01 X-1.99026 Y23.72197
G01 X-2.02498 Y23.72502
G01 X-5.90659 Y23.72502
G01 X-5.90974 Y23.71740
G01 X-5.90659 Y23.72502
G01 X-11.61579 Y29.43420
G01 X-11.63032 Y29.44738
G01 X-12.00916 Y29.75831
G01 X-12.02494 Y29.76999
G01 X-12.04178 Y29.78007
G01 X-12.47398 Y30.01111
G01 X-12.51021 Y30.02610
G01 X-12.97919 Y30.16836
G01 X-12.99824 Y30.17314
G01 X-13.01765 Y30.17603
G01 X-13.50538 Y30.22407
G01 X-13.52499 Y30.22503
G01 X-15.52498 Y30.22503
G01 X-15.54457 Y30.22407
G01 X-16.03230 Y30.17603
G01 X-16.05170 Y30.17314
G01 X-16.07075 Y30.16836
G01 X-16.53974 Y30.02610
G01 X-16.57596 Y30.01111
G01 X-17.00816 Y29.78007
G01 X-17.02500 Y29.76999
G01 X-17.04078 Y29.75831
G01 X-17.41962 Y29.44738
G01 X-17.43415 Y29.43420
G01 X-17.44733 Y29.41967
G01 X-17.75825 Y29.04083
G01 X-17.78002 Y29.00822
G01 X-18.01106 Y28.57601
G01 X-18.02604 Y28.53979
G01 X-18.16831 Y28.07081
G01 X-18.17308 Y28.05176
G01 X-18.17598 Y28.03235
G01 X-18.19465 Y27.84269
G01 X-18.18911 Y27.84007
G01 X-18.19465 Y27.84269
G01 X-19.26864 Y26.76870
G01 X-19.28182 Y26.75417
G01 X-19.40618 Y26.60264
G01 X-19.42797 Y26.57002
G01 X-19.52038 Y26.39715
G01 X-19.53539 Y26.36090
G01 X-19.59228 Y26.17332
G01 X-19.59993 Y26.13487
G01 X-19.61916 Y25.93977
G01 X-19.62012 Y25.92016
G01 X-19.61916 Y25.90058
G01 X-19.61304 Y25.83843
G01 X-19.61568 Y25.82060
G01 X-19.62048 Y25.77183
G01 X-19.62048 Y25.73261
G01 X-19.61568 Y25.68384
G01 X-19.61278 Y25.66444
G01 X-19.60801 Y25.64539
G01 X-19.59378 Y25.59850
G01 X-19.58718 Y25.58001
G01 X-19.57880 Y25.56228
G01 X-19.55568 Y25.51905
G01 X-19.54049 Y25.49631
G01 X-19.53539 Y25.47945
G01 X-19.52876 Y25.46096
G01 X-19.52038 Y25.44320
G01 X-19.42797 Y25.27033
G01 X-19.40618 Y25.23772
G01 X-19.28182 Y25.08618
G01 X-19.26864 Y25.07165
G01 X-19.25411 Y25.05847
G01 X-19.10257 Y24.93411
G01 X-19.08680 Y24.92240
G01 X-19.06996 Y24.91232
G01 X-18.89709 Y24.81991
G01 X-18.87933 Y24.81153
G01 X-18.86084 Y24.80490
G01 X-18.84397 Y24.79979
G01 X-18.82124 Y24.78461
G01 X-18.77801 Y24.76149
G01 X-18.76028 Y24.75311
G01 X-18.74179 Y24.74651
G01 X-18.69490 Y24.73228
G01 X-18.65645 Y24.72464
G01 X-18.60768 Y24.71981
G01 X-18.58807 Y24.71887
G01 X-18.56846 Y24.71981
G01 X-18.51969 Y24.72464
G01 X-18.50491 Y24.72756
G01 X-18.43971 Y24.72113
G01 X-18.42012 Y24.72017
G01 X-18.40052 Y24.72113
G01 X-18.20542 Y24.74036
G01 X-18.18601 Y24.74323
G01 X-18.16696 Y24.74800
G01 X-17.97938 Y24.80490
G01 X-17.94314 Y24.81991
G01 X-17.77027 Y24.91232
G01 X-17.75343 Y24.92240
G01 X-17.73765 Y24.93411
G01 X-17.58612 Y25.05847
G01 X-17.57159 Y25.07165
G01 X-17.21144 Y25.43180
G01 X-17.21317 Y25.46637
G01 X-17.21144 Y25.43180
G01 X-17.04078 Y25.29174
G01 X-17.02500 Y25.28006
G01 X-17.00816 Y25.26997
G01 X-16.57596 Y25.03894
G01 X-16.53974 Y25.02395
G01 X-16.07075 Y24.88168
G01 X-16.05170 Y24.87691
G01 X-16.03230 Y24.87401
G01 X-15.54457 Y24.82598
G01 X-15.52498 Y24.82502
G01 X-14.64335 Y24.82502
G01 X-14.64020 Y24.83264
G01 X-14.64335 Y24.82502
G01 X-12.22499 Y22.40666
G01 X-12.21737 Y22.40981
G01 X-12.22499 Y22.40666
G01 X-12.22499 Y18.52500
G01 X-12.22194 Y18.49028
G01 X-12.21292 Y18.45660
G01 X-12.19819 Y18.42500
G01 X-12.17820 Y18.39651
G01 X-12.15354 Y18.37182
G01 X-12.12499 Y18.35180
G01 X-12.09339 Y18.33709
G01 X-12.05971 Y18.32805
G01 X-12.02499 Y18.32500
G01 X-9.72499 Y18.32500
G01 X-9.69568 Y18.35432
G01 X-9.72499 Y18.32500
G01 X-9.72499 Y11.47503
G01 X-9.69571 Y11.44574
G01 X-9.72499 Y11.47503
G01 X-11.59405 Y11.47503
G01 X-11.59469 Y11.47234
G01 X-11.59405 Y11.47503
G01 X-11.61386 Y11.49131
G01 X-11.64846 Y11.50978
G01 X-11.68598 Y11.52118
G01 X-11.72499 Y11.52502
G01 X-11.82496 Y11.52502
G01 X-11.84866 Y11.50005
G01 X-11.82496 Y11.52502
G01 X-11.82496 Y11.56251
G01 X-11.82593 Y11.58212
G01 X-11.84516 Y11.77721
G01 X-11.85280 Y11.81567
G01 X-11.90970 Y12.00325
G01 X-11.92471 Y12.03949
G01 X-12.01711 Y12.21237
G01 X-12.02720 Y12.22921
G01 X-12.03891 Y12.24498
G01 X-12.16327 Y12.39652
G01 X-12.17645 Y12.41105
G01 X-13.63896 Y13.87355
G01 X-13.65348 Y13.88674
G01 X-13.80502 Y14.01109
G01 X-13.82079 Y14.02280
G01 X-13.83763 Y14.03289
G01 X-14.01051 Y14.12529
G01 X-14.04675 Y14.14030
G01 X-14.23433 Y14.19720
G01 X-14.27279 Y14.20484
G01 X-14.46788 Y14.22407
G01 X-14.48749 Y14.22504
G01 X-14.50708 Y14.22407
G01 X-14.70217 Y14.20484
G01 X-14.74063 Y14.19720
G01 X-14.92821 Y14.14030
G01 X-14.96445 Y14.12529
G01 X-15.13733 Y14.03289
G01 X-15.15417 Y14.02280
G01 X-15.16994 Y14.01109
G01 X-15.32148 Y13.88674
G01 X-15.33601 Y13.87355
G01 X-15.34919 Y13.85902
G01 X-15.47355 Y13.70749
G01 X-15.48526 Y13.69171
G01 X-15.49534 Y13.67487
G01 X-15.58775 Y13.50200
G01 X-15.60276 Y13.46576
G01 X-15.65965 Y13.27818
G01 X-15.66730 Y13.23972
G01 X-15.67507 Y13.16068
G01 X-15.68063 Y13.04777
G01 X-15.68063 Y13.00228
G01 X-15.67507 Y12.88923
G01 X-15.66730 Y12.81033
G01 X-15.65965 Y12.77188
G01 X-15.60276 Y12.58430
G01 X-15.58775 Y12.54805
G01 X-15.49534 Y12.37518
G01 X-15.48526 Y12.35834
G01 X-15.47355 Y12.34257
G01 X-15.34919 Y12.19103
G01 X-15.33601 Y12.17650
G01 X-14.52138 Y11.36187
G01 X-14.51373 Y11.36502
G01 X-14.52138 Y11.36187
G01 X-14.52196 Y11.35974
G01 X-14.52498 Y11.32502
G01 X-14.52498 Y8.72502
G01 X-14.52196 Y8.69028
G01 X-14.51292 Y8.65660
G01 X-14.49819 Y8.62502
G01 X-14.47820 Y8.59645
G01 X-14.47497 Y8.59322
G01 X-14.47136 Y8.59424
G01 X-14.47497 Y8.59322
G01 X-14.47497 Y7.72500
G01 X-14.44569 Y7.69571
G01 X-14.47497 Y7.72500
G01 X-23.57498 Y7.72500
G01 X-23.60426 Y7.69571
G01 X-23.57498 Y7.72500
G01 X-23.57498 Y8.59325
G01 X-23.57859 Y8.59426
G01 X-23.57498 Y8.59325
G01 X-23.57178 Y8.59645
G01 X-23.55179 Y8.62502
G01 X-23.53706 Y8.65660
G01 X-23.52801 Y8.69028
G01 X-23.52499 Y8.72502
G01 X-23.52499 Y11.32502
G01 X-23.52883 Y11.36403
G01 X-23.54021 Y11.40155
G01 X-23.55870 Y11.43612
G01 X-23.58356 Y11.46645
G01 X-23.61387 Y11.49131
G01 X-23.64846 Y11.50978
G01 X-23.68598 Y11.52116
G01 X-23.72499 Y11.52502
G01 X-23.82497 Y11.52502
G01 X-23.84699 Y11.50315
G01 X-23.82497 Y11.52502
G01 X-23.82497 Y11.56251
G01 X-23.82593 Y11.58212
G01 X-23.84516 Y11.77721
G01 X-23.85280 Y11.81567
G01 X-23.90970 Y12.00325
G01 X-23.92471 Y12.03949
G01 X-24.01712 Y12.21237
G01 X-24.02720 Y12.22921
G01 X-24.03891 Y12.24498
G01 X-24.16327 Y12.39652
G01 X-24.17645 Y12.41105
G01 X-25.63896 Y13.87355
G01 X-25.65349 Y13.88674
G01 X-25.80502 Y14.01109
G01 X-25.82080 Y14.02280
G01 X-25.83764 Y14.03289
G01 X-26.01051 Y14.12529
G01 X-26.04675 Y14.14030
G01 X-26.23433 Y14.19720
G01 X-26.27279 Y14.20484
G01 X-26.46789 Y14.22407
G01 X-26.48749 Y14.22504
G01 X-26.50708 Y14.22407
G01 X-26.70218 Y14.20484
G01 X-26.74063 Y14.19720
G01 X-26.92821 Y14.14030
G01 X-26.96446 Y14.12529
G01 X-27.13733 Y14.03289
G01 X-27.15417 Y14.02280
G01 X-27.16994 Y14.01109
G01 X-27.32148 Y13.88674
G01 X-27.33601 Y13.87355
G01 X-27.34919 Y13.85902
G01 X-27.47355 Y13.70749
G01 X-27.48526 Y13.69171
G01 X-27.49534 Y13.67487
G01 X-27.58775 Y13.50200
G01 X-27.60276 Y13.46576
G01 X-27.65965 Y13.27818
G01 X-27.66730 Y13.23972
G01 X-27.67507 Y13.16068
G01 X-27.68063 Y13.04777
G01 X-27.68063 Y13.00228
G01 X-27.67507 Y12.88923
G01 X-27.66730 Y12.81033
G01 X-27.65965 Y12.77188
G01 X-27.60276 Y12.58430
G01 X-27.58775 Y12.54805
G01 X-27.49534 Y12.37518
G01 X-27.48526 Y12.35834
G01 X-27.47355 Y12.34257
G01 X-27.34919 Y12.19103
G01 X-27.33601 Y12.17650
G01 X-26.52138 Y11.36187
G01 X-26.51373 Y11.36502
G01 X-26.52138 Y11.36187
G01 X-26.52194 Y11.35974
G01 X-26.52499 Y11.32502
G01 X-26.52499 Y8.72502
G01 X-26.52194 Y8.69028
G01 X-26.51292 Y8.65660
G01 X-26.49819 Y8.62502
G01 X-26.47820 Y8.59645
G01 X-26.47497 Y8.59325
G01 X-26.47137 Y8.59424
G01 X-26.47497 Y8.59325
G01 X-26.47497 Y7.72500
G01 X-26.44569 Y7.69571
G01 X-26.47497 Y7.72500
G01 X-36.57498 Y7.72500
G01 X-36.60426 Y7.69571
G01 X-36.57498 Y7.72500
G01 X-36.57498 Y8.59325
G01 X-36.57858 Y8.59426
G01 X-36.57498 Y8.59325
G01 X-36.57178 Y8.59645
G01 X-36.55179 Y8.62502
G01 X-36.53706 Y8.65660
G01 X-36.52801 Y8.69028
G01 X-36.52499 Y8.72502
G01 X-36.52499 Y11.32502
G01 X-36.52883 Y11.36403
G01 X-36.54021 Y11.40155
G01 X-36.55870 Y11.43612
G01 X-36.58356 Y11.46645
G01 X-36.61387 Y11.49131
G01 X-36.64846 Y11.50978
G01 X-36.68598 Y11.52116
G01 X-36.72499 Y11.52502
G01 X-36.82496 Y11.52502
G01 X-36.84699 Y11.50315
G01 X-36.82496 Y11.52502
G01 X-36.82496 Y11.56253
G01 X-36.82593 Y11.58212
G01 X-36.84516 Y11.77721
G01 X-36.85280 Y11.81567
G01 X-36.90970 Y12.00325
G01 X-36.92471 Y12.03949
G01 X-37.01712 Y12.21237
G01 X-37.02720 Y12.22921
G01 X-37.03891 Y12.24498
G01 X-37.16327 Y12.39652
G01 X-37.17645 Y12.41105
G01 X-38.63896 Y13.87355
G01 X-38.65349 Y13.88674
G01 X-38.80502 Y14.01109
G01 X-38.82080 Y14.02280
G01 X-38.83764 Y14.03289
G01 X-39.01051 Y14.12529
G01 X-39.04675 Y14.14030
G01 X-39.23433 Y14.19720
G01 X-39.27279 Y14.20484
G01 X-39.46789 Y14.22407
G01 X-39.48749 Y14.22504
G01 X-39.50708 Y14.22407
G01 X-39.70218 Y14.20484
G01 X-39.74063 Y14.19720
G01 X-39.92821 Y14.14030
G01 X-39.96446 Y14.12529
G01 X-40.13733 Y14.03289
G01 X-40.15417 Y14.02280
G01 X-40.16994 Y14.01109
G01 X-40.32148 Y13.88674
G01 X-40.33601 Y13.87355
G01 X-40.34919 Y13.85902
G01 X-40.47355 Y13.70749
G01 X-40.48526 Y13.69171
G01 X-40.49534 Y13.67487
G01 X-40.58775 Y13.50200
G01 X-40.60276 Y13.46576
G01 X-40.65965 Y13.27818
G01 X-40.66730 Y13.23972
G01 X-40.67507 Y13.16068
G01 X-40.68063 Y13.04777
G01 X-40.68063 Y13.00228
G01 X-40.67507 Y12.88923
G01 X-40.66730 Y12.81033
G01 X-40.65965 Y12.77188
G01 X-40.60276 Y12.58430
G01 X-40.58775 Y12.54805
G01 X-40.49534 Y12.37518
G01 X-40.48526 Y12.35834
G01 X-40.47355 Y12.34257
G01 X-40.34919 Y12.19103
G01 X-40.33601 Y12.17650
G01 X-39.52138 Y11.36187
G01 X-39.51373 Y11.36502
G01 X-39.52138 Y11.36187
G01 X-39.52194 Y11.35974
G01 X-39.52498 Y11.32502
G01 X-39.52498 Y8.72502
G01 X-39.52194 Y8.69028
G01 X-39.51292 Y8.65660
G01 X-39.49819 Y8.62502
G01 X-39.47820 Y8.59645
G01 X-39.47497 Y8.59322
G01 X-39.47137 Y8.59424
G01 X-39.47497 Y8.59322
G01 X-39.47497 Y7.72500
G01 X-39.44569 Y7.69571
G01 X-39.47497 Y7.72500
G01 X-48.57498 Y7.72500
G01 X-48.60427 Y7.69571
G01 X-48.57498 Y7.72500
G01 X-48.57498 Y8.59325
G01 X-48.57859 Y8.59426
G01 X-48.57498 Y8.59325
G01 X-48.57178 Y8.59645
G01 X-48.55179 Y8.62502
G01 X-48.53706 Y8.65660
G01 X-48.52801 Y8.69028
G01 X-48.52499 Y8.72502
G01 X-48.52499 Y11.32502
G01 X-48.52883 Y11.36403
G01 X-48.54021 Y11.40155
G01 X-48.55870 Y11.43612
G01 X-48.58356 Y11.46645
G01 X-48.61387 Y11.49131
G01 X-48.64846 Y11.50978
G01 X-48.68598 Y11.52116
G01 X-48.72499 Y11.52502
G01 X-48.82497 Y11.52502
G01 X-48.85329 Y11.49746
G01 X-48.82497 Y11.52502
G01 X-48.82497 Y12.02502
G01 X-48.82593 Y12.04463
G01 X-48.84516 Y12.23972
G01 X-48.85280 Y12.27818
G01 X-48.90970 Y12.46576
G01 X-48.92471 Y12.50200
G01 X-49.01712 Y12.67488
G01 X-49.02720 Y12.69172
G01 X-49.03891 Y12.70749
G01 X-49.16327 Y12.85903
G01 X-49.17645 Y12.87355
G01 X-50.17645 Y13.87355
G01 X-50.19098 Y13.88674
G01 X-50.34251 Y14.01109
G01 X-50.35829 Y14.02280
G01 X-50.37513 Y14.03289
G01 X-50.54800 Y14.12529
G01 X-50.58425 Y14.14030
G01 X-50.77183 Y14.19720
G01 X-50.81028 Y14.20484
G01 X-51.00538 Y14.22407
G01 X-51.02499 Y14.22504
G01 X-51.48750 Y14.22504
G01 X-51.50708 Y14.22407
G01 X-51.70218 Y14.20484
G01 X-51.74063 Y14.19720
G01 X-51.92821 Y14.14030
G01 X-51.96446 Y14.12529
G01 X-52.13733 Y14.03289
G01 X-52.15417 Y14.02280
G01 X-52.16994 Y14.01109
G01 X-52.32148 Y13.88674
G01 X-52.33601 Y13.87355
G01 X-52.34919 Y13.85902
G01 X-52.47355 Y13.70749
G01 X-52.48526 Y13.69171
G01 X-52.49534 Y13.67487
G01 X-52.58775 Y13.50200
G01 X-52.60276 Y13.46576
G01 X-52.65965 Y13.27818
G01 X-52.66730 Y13.23972
G01 X-52.67507 Y13.16068
G01 X-52.68064 Y13.04777
G01 X-52.68064 Y13.00228
G01 X-52.67507 Y12.88923
G01 X-52.66730 Y12.81033
G01 X-52.65965 Y12.77188
G01 X-52.60276 Y12.58430
G01 X-52.58775 Y12.54805
G01 X-52.49534 Y12.37518
G01 X-52.48526 Y12.35834
G01 X-52.47355 Y12.34257
G01 X-52.34919 Y12.19103
G01 X-52.33601 Y12.17650
G01 X-52.32148 Y12.16332
G01 X-52.16994 Y12.03896
G01 X-52.15417 Y12.02725
G01 X-52.13733 Y12.01717
G01 X-51.96446 Y11.92476
G01 X-51.92821 Y11.90975
G01 X-51.74063 Y11.85286
G01 X-51.70218 Y11.84521
G01 X-51.52473 Y11.82774
G01 X-51.52217 Y11.83302
G01 X-51.52473 Y11.82774
G01 X-51.22499 Y11.52796
G01 X-51.12499 Y11.48913
G01 X-51.22499 Y11.52796
G01 X-51.22499 Y11.52502
G01 X-51.32499 Y11.52502
G01 X-51.35971 Y11.52197
G01 X-51.39339 Y11.51295
G01 X-51.42499 Y11.49822
G01 X-51.45354 Y11.47823
G01 X-51.47820 Y11.45357
G01 X-51.49819 Y11.42502
G01 X-51.51292 Y11.39342
G01 X-51.52194 Y11.35974
G01 X-51.52499 Y11.32502
G01 X-51.52499 Y8.72502
G01 X-51.52194 Y8.69028
G01 X-51.51292 Y8.65660
G01 X-51.49819 Y8.62502
G01 X-51.47820 Y8.59645
G01 X-51.47497 Y8.59322
G01 X-51.47137 Y8.59424
G01 X-51.47497 Y8.59322
G01 X-51.47497 Y7.72500
G01 X-51.44569 Y7.69571
G01 X-51.47497 Y7.72500
G01 X-55.40659 Y7.72503
G01 X-55.40974 Y7.71741
G01 X-55.40659 Y7.72503
G01 X-59.32497 Y11.64341
G01 X-59.33259 Y11.64026
G01 X-59.32497 Y11.64341
G01 X-59.32497 Y18.32500
G01 X-59.35428 Y18.35432
G01 X-59.32497 Y18.32500
G01 X-56.02498 Y18.32500
G01 X-55.99026 Y18.32805
G01 X-55.95657 Y18.33709
G01 X-55.92498 Y18.35180
G01 X-55.89643 Y18.37182
G01 X-55.87179 Y18.39651
G01 X-55.85177 Y18.42500
G01 X-55.83704 Y18.45660
G01 X-55.82803 Y18.49028
G01 X-55.82498 Y18.52500
G01 X-55.82498 Y23.52502
G01 X-55.82884 Y23.56403
G01 X-55.84022 Y23.60155
G01 X-55.85868 Y23.63612
G01 X-55.88358 Y23.66645
G01 X-55.91388 Y23.69131
G01 X-55.94845 Y23.70978
G01 X-55.98596 Y23.72116
G01 X-56.02498 Y23.72502
G01 X-66.02498 Y23.72502
G01 X-66.06400 Y23.72116
G01 X-66.10151 Y23.70978
G01 X-66.13611 Y23.69131
G01 X-66.16641 Y23.66645
G01 X-66.19128 Y23.63612
G01 X-66.20977 Y23.60155
G01 X-66.22115 Y23.56403
G01 X-66.22498 Y23.52502
G01 X-66.22498 Y18.52500
G01 X-66.22196 Y18.49028
G01 X-66.21292 Y18.45660
G01 X-66.19819 Y18.42500
G01 X-66.17820 Y18.39651
G01 X-66.15356 Y18.37182
G01 X-66.12498 Y18.35180
G01 X-66.09338 Y18.33709
G01 X-66.05970 Y18.32805
G01 X-66.02498 Y18.32500
G01 X-64.72499 Y18.32500
G01 X-64.69578 Y18.35421
G01 X-64.72499 Y18.32500
G01 X-64.72499 Y10.52502
G01 X-64.72402 Y10.50544
G01 X-64.67599 Y10.01771
G01 X-64.66832 Y9.97925
G01 X-64.52605 Y9.51026
G01 X-64.51107 Y9.47404
G01 X-64.28003 Y9.04184
G01 X-64.26994 Y9.02500
G01 X-64.25826 Y9.00922
G01 X-63.94734 Y8.63038
G01 X-63.93416 Y8.61585
G01 X-58.43414 Y3.11584
G01 X-58.41961 Y3.10266
G01 X-58.04077 Y2.79174
G01 X-58.02500 Y2.78005
G01 X-58.00816 Y2.76997
G01 X-57.57595 Y2.53893
G01 X-57.53973 Y2.52394
G01 X-57.07075 Y2.38168
G01 X-57.03229 Y2.37401
G01 X-56.54456 Y2.32598
G01 X-56.52498 Y2.32501
G01 X-12.02499 Y2.32501
G01 X-12.00929 Y2.32565
G01 X-11.61821 Y2.35641
G01 X-11.58719 Y2.36133
G01 X-11.20574 Y2.45290
G01 X-11.17589 Y2.46260
G01 X-10.81346 Y2.61272
G01 X-10.78549 Y2.62697
G01 X-10.45100 Y2.83194
G01 X-10.42563 Y2.85041
G01 X-10.12730 Y3.10517
G01 X-10.11577 Y3.11584
G01 X-5.11578 Y8.11586
G01 X-5.10260 Y8.13038
G01 X-4.79170 Y8.50923
G01 X-4.76994 Y8.54184
G01 X-4.53890 Y8.97405
G01 X-4.52389 Y9.01027
G01 X-4.38165 Y9.47925
G01 X-4.37398 Y9.51771
G01 X-4.32594 Y10.00544
G01 X-4.32498 Y10.02505
G01 X-4.32498 Y18.32500
G01 X-4.35427 Y18.35429
G01 X-4.32498 Y18.32500
G01 X-2.02498 Y18.32500
G01 X-1.98597 Y18.32886
G01 X-1.94845 Y18.34024
G01 X-1.91388 Y18.35874
G01 X-1.88356 Y18.38360
G01 X-1.85869 Y18.41393
G01 X-1.84022 Y18.44847
G01 X-1.82882 Y18.48599
G01 X-1.82498 Y18.52500
G01 X-1.92498 Y18.52500
G01 X-1.92691 Y18.50550
G01 X-1.93260 Y18.48675
G01 X-1.94185 Y18.46945
G01 X-1.95427 Y18.45429
G01 X-1.96943 Y18.44187
G01 X-1.98673 Y18.43265
G01 X-2.00548 Y18.42693
G01 X-2.02498 Y18.42500
G01 X-4.42498 Y18.42500
G01 X-4.42498 Y10.02505
G01 X-4.42546 Y10.01524
G01 X-4.47349 Y9.52751
G01 X-4.47733 Y9.50828
G01 X-4.61959 Y9.03930
G01 X-4.62709 Y9.02119
G01 X-4.85812 Y8.58898
G01 X-4.86900 Y8.57267
G01 X-5.17992 Y8.19383
G01 X-5.18650 Y8.18657
G01 X-10.18649 Y3.18655
G01 X-10.19225 Y3.18122
G01 X-10.49057 Y2.92643
G01 X-10.50325 Y2.91721
G01 X-10.83774 Y2.71223
G01 X-10.85174 Y2.70512
G01 X-11.21417 Y2.55498
G01 X-11.22908 Y2.55013
G01 X-11.61054 Y2.45856
G01 X-11.62603 Y2.45610
G01 X-12.01714 Y2.42532
G01 X-12.02499 Y2.42501
G01 X-56.52498 Y2.42501
G01 X-56.53476 Y2.42549
G01 X-57.02249 Y2.47352
G01 X-57.03219 Y2.47497
G01 X-57.04171 Y2.47736
G01 X-57.51070 Y2.61963
G01 X-57.52881 Y2.62712
G01 X-57.96104 Y2.85816
G01 X-57.97732 Y2.86905
G01 X-58.35616 Y3.17995
G01 X-58.36345 Y3.18653
G01 X-63.86347 Y8.68654
G01 X-63.87005 Y8.69383
G01 X-64.18094 Y9.07267
G01 X-64.19184 Y9.08895
G01 X-64.42288 Y9.52119
G01 X-64.43037 Y9.53930
G01 X-64.57264 Y10.00828
G01 X-64.57502 Y10.01781
G01 X-64.57647 Y10.02751
G01 X-64.62450 Y10.51524
G01 X-64.62499 Y10.52502
G01 X-64.62499 Y18.42500
G01 X-66.02498 Y18.42500
G01 X-66.04236 Y18.42653
G01 X-66.05920 Y18.43105
G01 X-66.07500 Y18.43847
G01 X-66.08927 Y18.44840
G01 X-66.10159 Y18.46074
G01 X-66.11160 Y18.47502
G01 X-66.11896 Y18.49082
G01 X-66.12346 Y18.50771
G01 X-66.12498 Y18.52500
G01 X-66.12498 Y23.52502
G01 X-66.12308 Y23.54453
G01 X-66.11739 Y23.56327
G01 X-66.10814 Y23.58057
G01 X-66.09570 Y23.59573
G01 X-66.08053 Y23.60815
G01 X-66.06326 Y23.61740
G01 X-66.04449 Y23.62309
G01 X-66.02498 Y23.62502
G01 X-56.02498 Y23.62502
G01 X-56.00547 Y23.62309
G01 X-55.98672 Y23.61740
G01 X-55.96943 Y23.60815
G01 X-55.95429 Y23.59573
G01 X-55.94184 Y23.58057
G01 X-55.93260 Y23.56327
G01 X-55.92691 Y23.54453
G01 X-55.92498 Y23.52502
G01 X-55.92498 Y18.52500
G01 X-55.92650 Y18.50771
G01 X-55.93102 Y18.49082
G01 X-55.93839 Y18.47502
G01 X-55.94837 Y18.46074
G01 X-55.96072 Y18.44840
G01 X-55.97499 Y18.43847
G01 X-55.99079 Y18.43105
G01 X-56.00763 Y18.42653
G01 X-56.02498 Y18.42500
G01 X-59.42500 Y18.42500
G01 X-59.42497 Y11.60198
G01 X-55.44799 Y7.62503
G01 X-51.37497 Y7.62500
G01 X-51.37497 Y8.63841
G01 X-51.38927 Y8.64842
G01 X-51.40159 Y8.66074
G01 X-51.41160 Y8.67501
G01 X-51.41897 Y8.69081
G01 X-51.42346 Y8.70765
G01 X-51.42499 Y8.72502
G01 X-51.42499 Y11.32502
G01 X-51.42346 Y11.34237
G01 X-51.41897 Y11.35921
G01 X-51.41160 Y11.37501
G01 X-51.40159 Y11.38928
G01 X-51.38927 Y11.40162
G01 X-51.37500 Y11.41161
G01 X-51.35920 Y11.41897
G01 X-51.34236 Y11.42349
G01 X-51.32499 Y11.42502
G01 X-51.12499 Y11.42502
G01 X-51.12499 Y11.48913
G01 X-51.12499 Y11.56939
G01 X-51.48061 Y11.92502
G01 X-51.48750 Y11.92502
G01 X-51.49727 Y11.92550
G01 X-51.69237 Y11.94473
G01 X-51.70207 Y11.94618
G01 X-51.71160 Y11.94854
G01 X-51.89920 Y12.00546
G01 X-51.91731 Y12.01295
G01 X-52.09019 Y12.10536
G01 X-52.10649 Y12.11625
G01 X-52.25803 Y12.24061
G01 X-52.26529 Y12.24722
G01 X-52.27190 Y12.25448
G01 X-52.39626 Y12.40602
G01 X-52.40715 Y12.42232
G01 X-52.49956 Y12.59520
G01 X-52.50705 Y12.61331
G01 X-52.56397 Y12.80091
G01 X-52.56634 Y12.81044
G01 X-52.56778 Y12.82014
G01 X-52.58701 Y13.01524
G01 X-52.58701 Y13.03482
G01 X-52.56778 Y13.22992
G01 X-52.56634 Y13.23962
G01 X-52.56397 Y13.24914
G01 X-52.50705 Y13.43675
G01 X-52.49956 Y13.45486
G01 X-52.40715 Y13.62773
G01 X-52.39626 Y13.64404
G01 X-52.27190 Y13.79557
G01 X-52.26529 Y13.80284
G01 X-52.25803 Y13.80944
G01 X-52.10649 Y13.93380
G01 X-52.09019 Y13.94470
G01 X-51.91731 Y14.03710
G01 X-51.89920 Y14.04460
G01 X-51.71160 Y14.10152
G01 X-51.70207 Y14.10388
G01 X-51.69237 Y14.10533
G01 X-51.49727 Y14.12456
G01 X-51.48750 Y14.12504
G01 X-51.02499 Y14.12504
G01 X-51.01518 Y14.12456
G01 X-50.82009 Y14.10533
G01 X-50.81038 Y14.10388
G01 X-50.80086 Y14.10152
G01 X-50.61325 Y14.04460
G01 X-50.59514 Y14.03710
G01 X-50.42227 Y13.94470
G01 X-50.40596 Y13.93380
G01 X-50.25443 Y13.80944
G01 X-50.24716 Y13.80284
G01 X-49.24716 Y12.80284
G01 X-49.24056 Y12.79558
G01 X-49.11620 Y12.64404
G01 X-49.10531 Y12.62773
G01 X-49.01290 Y12.45486
G01 X-49.00541 Y12.43675
G01 X-48.94849 Y12.24915
G01 X-48.94612 Y12.23962
G01 X-48.94468 Y12.22992
G01 X-48.92545 Y12.03482
G01 X-48.92497 Y12.02502
G01 X-48.92497 Y11.42502
G01 X-48.72499 Y11.42502
G01 X-48.70548 Y11.42309
G01 X-48.68671 Y11.41740
G01 X-48.66944 Y11.40815
G01 X-48.65428 Y11.39573
G01 X-48.64183 Y11.38057
G01 X-48.63261 Y11.36327
G01 X-48.62690 Y11.34453
G01 X-48.62499 Y11.32502
G01 X-48.62499 Y8.72502
G01 X-48.62652 Y8.70765
G01 X-48.63101 Y8.69081
G01 X-48.63838 Y8.67501
G01 X-48.64839 Y8.66074
G01 X-48.66070 Y8.64842
G01 X-48.67498 Y8.63841
G01 X-48.67498 Y7.62500
G01 X-39.37497 Y7.62503
G01 X-39.37497 Y8.63841
G01 X-39.38927 Y8.64842
G01 X-39.40159 Y8.66074
G01 X-39.41160 Y8.67501
G01 X-39.41897 Y8.69081
G01 X-39.42346 Y8.70765
G01 X-39.42498 Y8.72502
G01 X-39.42498 Y11.32502
G01 X-39.42346 Y11.34237
G01 X-39.41897 Y11.35921
G01 X-39.41160 Y11.37501
G01 X-39.40398 Y11.38588
G01 X-40.26529 Y12.24722
G01 X-40.27190 Y12.25448
G01 X-40.39626 Y12.40602
G01 X-40.40715 Y12.42232
G01 X-40.49956 Y12.59520
G01 X-40.50705 Y12.61331
G01 X-40.56397 Y12.80091
G01 X-40.56633 Y12.81044
G01 X-40.56778 Y12.82014
G01 X-40.58701 Y13.01524
G01 X-40.58701 Y13.03482
G01 X-40.56778 Y13.22992
G01 X-40.56633 Y13.23962
G01 X-40.56397 Y13.24914
G01 X-40.50705 Y13.43675
G01 X-40.49956 Y13.45486
G01 X-40.40715 Y13.62773
G01 X-40.39626 Y13.64404
G01 X-40.27190 Y13.79557
G01 X-40.26529 Y13.80284
G01 X-40.25803 Y13.80944
G01 X-40.10649 Y13.93380
G01 X-40.09019 Y13.94470
G01 X-39.91731 Y14.03710
G01 X-39.89920 Y14.04460
G01 X-39.71160 Y14.10152
G01 X-39.70207 Y14.10388
G01 X-39.69237 Y14.10533
G01 X-39.49727 Y14.12456
G01 X-39.47769 Y14.12456
G01 X-39.28259 Y14.10533
G01 X-39.27289 Y14.10388
G01 X-39.26336 Y14.10152
G01 X-39.07576 Y14.04460
G01 X-39.05765 Y14.03710
G01 X-38.88478 Y13.94470
G01 X-38.86847 Y13.93380
G01 X-38.71693 Y13.80944
G01 X-38.70967 Y13.80284
G01 X-37.24716 Y12.34033
G01 X-37.24056 Y12.33307
G01 X-37.11620 Y12.18153
G01 X-37.10530 Y12.16522
G01 X-37.01290 Y11.99235
G01 X-37.00541 Y11.97424
G01 X-36.94848 Y11.78664
G01 X-36.94612 Y11.77711
G01 X-36.94467 Y11.76741
G01 X-36.92545 Y11.57231
G01 X-36.92496 Y11.56253
G01 X-36.92496 Y11.42502
G01 X-36.72499 Y11.42502
G01 X-36.70548 Y11.42309
G01 X-36.68671 Y11.41740
G01 X-36.66944 Y11.40815
G01 X-36.65428 Y11.39573
G01 X-36.64183 Y11.38057
G01 X-36.63261 Y11.36327
G01 X-36.62692 Y11.34453
G01 X-36.62499 Y11.32502
G01 X-36.62499 Y8.72502
G01 X-36.62651 Y8.70765
G01 X-36.63101 Y8.69081
G01 X-36.63838 Y8.67501
G01 X-36.64838 Y8.66074
G01 X-36.66070 Y8.64842
G01 X-36.67498 Y8.63841
G01 X-36.67498 Y7.62503
G01 X-26.37497 Y7.62503
G01 X-26.37497 Y8.63841
G01 X-26.38927 Y8.64842
G01 X-26.40159 Y8.66074
G01 X-26.41160 Y8.67501
G01 X-26.41897 Y8.69081
G01 X-26.42346 Y8.70765
G01 X-26.42499 Y8.72502
G01 X-26.42499 Y11.32502
G01 X-26.42346 Y11.34237
G01 X-26.41897 Y11.35921
G01 X-26.41160 Y11.37501
G01 X-26.40398 Y11.38588
G01 X-27.26529 Y12.24722
G01 X-27.27190 Y12.25448
G01 X-27.39626 Y12.40602
G01 X-27.40715 Y12.42232
G01 X-27.49956 Y12.59520
G01 X-27.50705 Y12.61331
G01 X-27.56397 Y12.80091
G01 X-27.56633 Y12.81044
G01 X-27.56778 Y12.82014
G01 X-27.58701 Y13.01524
G01 X-27.58701 Y13.03482
G01 X-27.56778 Y13.22992
G01 X-27.56633 Y13.23962
G01 X-27.56397 Y13.24914
G01 X-27.50705 Y13.43675
G01 X-27.49956 Y13.45486
G01 X-27.40715 Y13.62773
G01 X-27.39626 Y13.64404
G01 X-27.27190 Y13.79557
G01 X-27.26529 Y13.80284
G01 X-27.25803 Y13.80944
G01 X-27.10649 Y13.93380
G01 X-27.09019 Y13.94470
G01 X-26.91731 Y14.03710
G01 X-26.89920 Y14.04460
G01 X-26.71160 Y14.10152
G01 X-26.70207 Y14.10388
G01 X-26.69237 Y14.10533
G01 X-26.49727 Y14.12456
G01 X-26.47769 Y14.12456
G01 X-26.28259 Y14.10533
G01 X-26.27289 Y14.10388
G01 X-26.26337 Y14.10152
G01 X-26.07576 Y14.04460
G01 X-26.05765 Y14.03710
G01 X-25.88478 Y13.94470
G01 X-25.86847 Y13.93380
G01 X-25.71694 Y13.80944
G01 X-25.70967 Y13.80284
G01 X-24.24716 Y12.34033
G01 X-24.24056 Y12.33307
G01 X-24.11620 Y12.18153
G01 X-24.10531 Y12.16522
G01 X-24.01290 Y11.99235
G01 X-24.00541 Y11.97424
G01 X-23.94849 Y11.78664
G01 X-23.94612 Y11.77711
G01 X-23.94468 Y11.76741
G01 X-23.92545 Y11.57231
G01 X-23.92497 Y11.56251
G01 X-23.92497 Y11.42502
G01 X-23.72499 Y11.42502
G01 X-23.70548 Y11.42309
G01 X-23.68671 Y11.41740
G01 X-23.66944 Y11.40815
G01 X-23.65428 Y11.39573
G01 X-23.64183 Y11.38057
G01 X-23.63261 Y11.36327
G01 X-23.62690 Y11.34453
G01 X-23.62499 Y11.32502
G01 X-23.62499 Y8.72502
G01 X-23.62652 Y8.70765
G01 X-23.63101 Y8.69081
G01 X-23.63838 Y8.67501
G01 X-23.64838 Y8.66074
G01 X-23.66070 Y8.64842
G01 X-23.67498 Y8.63841
G01 X-23.67498 Y7.62500
G01 X-14.37497 Y7.62500
G01 X-14.37497 Y8.63841
G01 X-14.38927 Y8.64842
G01 X-14.40159 Y8.66074
G01 X-14.41160 Y8.67501
G01 X-14.41896 Y8.69081
G01 X-14.42346 Y8.70765
G01 X-14.42498 Y8.72502
G01 X-14.42498 Y11.32502
G01 X-14.42346 Y11.34237
G01 X-14.41896 Y11.35921
G01 X-14.41160 Y11.37501
G01 X-14.40398 Y11.38588
G01 X-15.26529 Y12.24722
G01 X-15.27190 Y12.25448
G01 X-15.39625 Y12.40602
G01 X-15.40715 Y12.42232
G01 X-15.49956 Y12.59520
G01 X-15.50705 Y12.61331
G01 X-15.56397 Y12.80091
G01 X-15.56633 Y12.81044
G01 X-15.56778 Y12.82014
G01 X-15.58701 Y13.01524
G01 X-15.58701 Y13.03482
G01 X-15.56778 Y13.22992
G01 X-15.56633 Y13.23962
G01 X-15.56397 Y13.24914
G01 X-15.50705 Y13.43675
G01 X-15.49956 Y13.45486
G01 X-15.40715 Y13.62773
G01 X-15.39625 Y13.64404
G01 X-15.27190 Y13.79557
G01 X-15.26529 Y13.80284
G01 X-15.25803 Y13.80944
G01 X-15.10649 Y13.93380
G01 X-15.09018 Y13.94470
G01 X-14.91731 Y14.03710
G01 X-14.89920 Y14.04460
G01 X-14.71160 Y14.10152
G01 X-14.70207 Y14.10388
G01 X-14.69237 Y14.10533
G01 X-14.49727 Y14.12456
G01 X-14.47769 Y14.12456
G01 X-14.28259 Y14.10533
G01 X-14.27289 Y14.10388
G01 X-14.26336 Y14.10152
G01 X-14.07576 Y14.04460
G01 X-14.05765 Y14.03710
G01 X-13.88478 Y13.94470
G01 X-13.86847 Y13.93380
G01 X-13.71693 Y13.80944
G01 X-13.70967 Y13.80284
G01 X-12.24716 Y12.34033
G01 X-12.24056 Y12.33307
G01 X-12.11620 Y12.18153
G01 X-12.10530 Y12.16522
G01 X-12.01290 Y11.99235
G01 X-12.00541 Y11.97424
G01 X-11.94848 Y11.78664
G01 X-11.94612 Y11.77711
G01 X-11.94467 Y11.76741
G01 X-11.92545 Y11.57231
G01 X-11.92496 Y11.56251
G01 X-11.92496 Y11.42502
G01 X-11.72499 Y11.42502
G01 X-11.70548 Y11.42309
G01 X-11.68671 Y11.41740
G01 X-11.66944 Y11.40815
G01 X-11.65428 Y11.39573
G01 X-11.64183 Y11.38057
G01 X-11.63888 Y11.37503
G01 X-9.62499 Y11.37503
G01 X-9.62497 Y18.42500
G01 X-12.02499 Y18.42500
G01 X-12.04236 Y18.42653
G01 X-12.05918 Y18.43105
G01 X-12.07498 Y18.43847
G01 X-12.08928 Y18.44840
G01 X-12.10160 Y18.46074
G01 X-12.11158 Y18.47502
G01 X-12.11897 Y18.49082
G01 X-12.12346 Y18.50771
G01 X-12.12499 Y18.52500
G01 X-12.12499 Y22.44808
G01 X-14.60195 Y24.92502
G01 X-15.52498 Y24.92502
G01 X-15.53476 Y24.92550
G01 X-16.02249 Y24.97353
G01 X-16.03219 Y24.97498
G01 X-16.04172 Y24.97737
G01 X-16.51071 Y25.11963
G01 X-16.52882 Y25.12712
G01 X-16.96105 Y25.35816
G01 X-16.97733 Y25.36906
G01 X-17.21804 Y25.56659
G01 X-17.64230 Y25.14236
G01 X-17.64956 Y25.13576
G01 X-17.80110 Y25.01140
G01 X-17.81741 Y25.00051
G01 X-17.99028 Y24.90810
G01 X-18.00839 Y24.90061
G01 X-18.19600 Y24.84369
G01 X-18.20552 Y24.84132
G01 X-18.21522 Y24.83988
G01 X-18.41032 Y24.82065
G01 X-18.42012 Y24.82017
G01 X-18.42990 Y24.82065
G01 X-18.50877 Y24.82842
G01 X-18.51027 Y24.82796
G01 X-18.52950 Y24.82415
G01 X-18.57827 Y24.81933
G01 X-18.58807 Y24.81887
G01 X-18.59787 Y24.81933
G01 X-18.64664 Y24.82415
G01 X-18.66587 Y24.82796
G01 X-18.71276 Y24.84219
G01 X-18.73089 Y24.84971
G01 X-18.77410 Y24.87279
G01 X-18.79041 Y24.88369
G01 X-18.79881 Y24.89057
G01 X-18.83183 Y24.90061
G01 X-18.84105 Y24.90391
G01 X-18.84994 Y24.90810
G01 X-19.02282 Y25.00051
G01 X-19.03912 Y25.01140
G01 X-19.19066 Y25.13576
G01 X-19.19792 Y25.14236
G01 X-19.20453 Y25.14963
G01 X-19.32889 Y25.30116
G01 X-19.33473 Y25.30904
G01 X-19.33978 Y25.31747
G01 X-19.43219 Y25.49034
G01 X-19.43638 Y25.49923
G01 X-19.43968 Y25.50848
G01 X-19.44969 Y25.54147
G01 X-19.45660 Y25.54988
G01 X-19.46749 Y25.56619
G01 X-19.49061 Y25.60942
G01 X-19.49480 Y25.61828
G01 X-19.49810 Y25.62753
G01 X-19.51232 Y25.67442
G01 X-19.51471 Y25.68394
G01 X-19.51616 Y25.69365
G01 X-19.52096 Y25.74241
G01 X-19.52096 Y25.76202
G01 X-19.51616 Y25.81079
G01 X-19.51471 Y25.82049
G01 X-19.51232 Y25.83002
G01 X-19.51187 Y25.83154
G01 X-19.51964 Y25.91038
G01 X-19.52012 Y25.92016
G01 X-19.51964 Y25.92997
G01 X-19.50041 Y26.12506
G01 X-19.49660 Y26.14429
G01 X-19.43968 Y26.33190
G01 X-19.43219 Y26.35001
G01 X-19.33978 Y26.52288
G01 X-19.33473 Y26.53131
G01 X-19.32889 Y26.53919
G01 X-19.20453 Y26.69072
G01 X-19.19792 Y26.69799
G01 X-18.09864 Y27.79727
G01 X-18.07646 Y28.02255
G01 X-18.07501 Y28.03225
G01 X-18.07263 Y28.04177
G01 X-17.93036 Y28.51076
G01 X-17.92287 Y28.52887
G01 X-17.69183 Y28.96110
G01 X-17.68680 Y28.96951
G01 X-17.68093 Y28.97738
G01 X-17.37004 Y29.35622
G01 X-17.36346 Y29.36351
G01 X-17.35617 Y29.37009
G01 X-16.97733 Y29.68099
G01 X-16.96105 Y29.69189
G01 X-16.52882 Y29.92292
G01 X-16.51071 Y29.93042
G01 X-16.04172 Y30.07268
G01 X-16.03219 Y30.07507
G01 X-16.02249 Y30.07652
G01 X-15.53476 Y30.12455
G01 X-15.52498 Y30.12503
G01 X-13.52499 Y30.12503
G01 X-13.51518 Y30.12455
G01 X-13.02745 Y30.07652
G01 X-13.01775 Y30.07507
G01 X-13.00822 Y30.07268
G01 X-12.53924 Y29.93042
G01 X-12.52113 Y29.92292
G01 X-12.08890 Y29.69189
G01 X-12.07261 Y29.68099
G01 X-11.69377 Y29.37009
G01 X-11.68648 Y29.36351
G01 X-5.94801 Y23.62502
G01 X-2.02498 Y23.62502
G01 X-2.00761 Y23.62350
G01 X-1.99080 Y23.61897
G01 X-1.97500 Y23.61161
G01 X-1.96070 Y23.60163
G01 X-1.94838 Y23.58928
G01 X-1.93839 Y23.57501
G01 X-1.93103 Y23.55921
G01 X-1.92651 Y23.54237
G01 X-1.92498 Y23.52502
G01 X-1.92498 Y18.52500
G04 P0 ( dwell for no time -- G64 should not smooth over this point )
G00 Z5.00000 ( retract )

G00 X-16.76125 Y8.41921 ( rapid move to begin. )
G01 F150.00000
( Mill infeed pass 1/1 )
G01 Z-0.06000
G04 P0 ( dwell for no time -- G64 should not smooth over this point )
G01 F300.00000
G01 X-16.76125 Y8.41921
G01 X-16.67824 Y8.48736
G01 X-16.56735 Y8.59825
G01 X-16.40568 Y8.79525
G01 X-16.31853 Y8.92566
G01 X-16.19841 Y9.15040
G01 X-16.16483 Y9.22136
G01 X-16.13839 Y9.29530
G01 X-16.06440 Y9.53917
G01 X-16.03382 Y9.69299
G01 X-16.00885 Y9.94661
G01 X-16.00499 Y10.02502
G01 X-16.00885 Y10.10343
G01 X-16.03382 Y10.35705
G01 X-16.05498 Y10.46337
G01 X-16.05498 Y11.51501
G01 X-16.07634 Y11.53180
G01 X-16.05498 Y11.51501
G01 X-16.02015 Y11.52019
G01 X-15.94398 Y11.53927
G01 X-15.89709 Y11.55349
G01 X-15.75221 Y11.61351
G01 X-15.72409 Y11.62850
G01 X-15.70461 Y11.82047
G01 X-15.70255 Y11.86233
G01 X-15.70253 Y11.86274
G01 X-15.70085 Y11.89215
G01 X-15.70085 Y11.89256
G01 X-15.69719 Y11.94884
G01 X-15.69407 Y12.04257
G01 X-15.69410 Y12.10411
G01 X-15.69684 Y12.17226
G01 X-15.70791 Y12.15735
G01 X-15.73900 Y12.11948
G01 X-15.79445 Y12.06403
G01 X-15.83235 Y12.03294
G01 X-15.86387 Y12.00955
G01 X-15.89752 Y11.98938
G01 X-15.94075 Y11.96627
G01 X-16.01320 Y11.93627
G01 X-16.06011 Y11.92205
G01 X-16.09818 Y11.91249
G01 X-16.13702 Y11.90675
G01 X-16.18579 Y11.90193
G01 X-16.22498 Y11.90002
G01 X-16.45498 Y11.90002
G01 X-16.48401 Y11.92885
G01 X-16.45498 Y11.90002
G01 X-16.45498 Y10.42040
G01 X-16.44718 Y10.39474
G01 X-16.43189 Y10.31783
G01 X-16.40692 Y10.06421
G01 X-16.40692 Y9.98580
G01 X-16.43189 Y9.73218
G01 X-16.44718 Y9.65527
G01 X-16.52117 Y9.41141
G01 X-16.53440 Y9.37445
G01 X-16.55117 Y9.33897
G01 X-16.67131 Y9.11420
G01 X-16.71487 Y9.04903
G01 X-16.87654 Y8.85202
G01 X-16.93199 Y8.79658
G01 X-17.12899 Y8.63490
G01 X-17.19419 Y8.59134
G01 X-17.41893 Y8.47120
G01 X-17.45442 Y8.45441
G01 X-17.49137 Y8.44120
G01 X-17.73526 Y8.36721
G01 X-17.81215 Y8.35192
G01 X-18.06577 Y8.32693
G01 X-18.14420 Y8.32693
G01 X-18.39782 Y8.35192
G01 X-18.47471 Y8.36721
G01 X-18.71860 Y8.44120
G01 X-18.75556 Y8.45441
G01 X-18.79104 Y8.47120
G01 X-19.01578 Y8.59134
G01 X-19.08098 Y8.63490
G01 X-19.27798 Y8.79658
G01 X-19.33343 Y8.85202
G01 X-19.49510 Y9.04903
G01 X-19.53866 Y9.11420
G01 X-19.65881 Y9.33897
G01 X-19.67557 Y9.37445
G01 X-19.68880 Y9.41141
G01 X-19.76279 Y9.65527
G01 X-19.77808 Y9.73218
G01 X-19.80305 Y9.98580
G01 X-19.80305 Y10.06421
G01 X-19.77808 Y10.31783
G01 X-19.76279 Y10.39474
G01 X-19.75474 Y10.42047
G01 X-19.75497 Y14.42158
G01 X-19.74735 Y14.42473
G01 X-19.75497 Y14.42158
G01 X-21.97704 Y16.64373
G01 X-21.97336 Y16.65440
G01 X-21.97704 Y16.64373
G01 X-22.03701 Y16.63179
G01 X-22.08578 Y16.62694
G01 X-22.12499 Y16.62501
G01 X-23.42499 Y16.62501
G01 X-23.46418 Y16.62694
G01 X-23.51298 Y16.63179
G01 X-23.58986 Y16.64703
G01 X-23.63678 Y16.66133
G01 X-23.70922 Y16.69128
G01 X-23.75245 Y16.71436
G01 X-23.78610 Y16.73458
G01 X-23.81762 Y16.75800
G01 X-23.85552 Y16.78904
G01 X-23.88460 Y16.81538
G01 X-23.91097 Y16.84451
G01 X-23.94206 Y16.88236
G01 X-23.98562 Y16.94756
G01 X-24.00873 Y16.99079
G01 X-24.02494 Y17.02511
G01 X-24.01727 Y17.03834
G01 X-24.02494 Y17.02511
G01 X-26.02499 Y17.02511
G01 X-26.06418 Y17.02699
G01 X-26.30804 Y17.05099
G01 X-26.34688 Y17.05676
G01 X-26.38496 Y17.06631
G01 X-26.61945 Y17.13743
G01 X-26.69189 Y17.16745
G01 X-26.90799 Y17.28294
G01 X-26.94167 Y17.30314
G01 X-26.97319 Y17.32650
G01 X-27.16263 Y17.48203
G01 X-27.21805 Y17.53740
G01 X-27.37352 Y17.72686
G01 X-27.39689 Y17.75836
G01 X-27.41708 Y17.79206
G01 X-27.53260 Y18.00816
G01 X-27.56260 Y18.08058
G01 X-27.63372 Y18.31507
G01 X-27.64327 Y18.35315
G01 X-27.64904 Y18.39198
G01 X-27.67304 Y18.63585
G01 X-27.67304 Y18.71428
G01 X-27.64904 Y18.95815
G01 X-27.64327 Y18.99696
G01 X-27.63372 Y19.03504
G01 X-27.56260 Y19.26953
G01 X-27.53260 Y19.34197
G01 X-27.41708 Y19.55807
G01 X-27.39689 Y19.59180
G01 X-27.37352 Y19.62327
G01 X-27.21805 Y19.81276
G01 X-27.16263 Y19.86813
G01 X-26.97319 Y20.02360
G01 X-26.94167 Y20.04697
G01 X-26.90799 Y20.06716
G01 X-26.69189 Y20.18268
G01 X-26.61945 Y20.21271
G01 X-26.38496 Y20.28380
G01 X-26.34688 Y20.29340
G01 X-26.30804 Y20.29912
G01 X-26.06418 Y20.32312
G01 X-26.02499 Y20.32505
G01 X-24.07201 Y20.32505
G01 X-24.05484 Y20.30341
G01 X-24.07201 Y20.32505
G01 X-24.06825 Y20.36300
G01 X-24.05296 Y20.43991
G01 X-24.03873 Y20.48680
G01 X-24.02550 Y20.52376
G01 X-24.00873 Y20.55924
G01 X-23.98562 Y20.60247
G01 X-23.94206 Y20.66767
G01 X-23.91097 Y20.70554
G01 X-23.88460 Y20.73463
G01 X-23.85552 Y20.76099
G01 X-23.81762 Y20.79208
G01 X-23.78610 Y20.81547
G01 X-23.75245 Y20.83564
G01 X-23.70922 Y20.85876
G01 X-23.63678 Y20.88875
G01 X-23.58986 Y20.90298
G01 X-23.55179 Y20.91253
G01 X-23.51298 Y20.91829
G01 X-23.46418 Y20.92309
G01 X-23.42499 Y20.92502
G01 X-22.12499 Y20.92502
G01 X-22.08578 Y20.92309
G01 X-22.03701 Y20.91829
G01 X-21.99817 Y20.91253
G01 X-21.96010 Y20.90298
G01 X-21.91321 Y20.88875
G01 X-21.84077 Y20.85876
G01 X-21.79754 Y20.83564
G01 X-21.76386 Y20.81547
G01 X-21.73234 Y20.79208
G01 X-21.69446 Y20.76099
G01 X-21.66536 Y20.73463
G01 X-21.63902 Y20.70554
G01 X-21.60793 Y20.66767
G01 X-21.56434 Y20.60247
G01 X-21.54125 Y20.55924
G01 X-21.52446 Y20.52376
G01 X-21.51123 Y20.48680
G01 X-21.49700 Y20.43991
G01 X-21.48171 Y20.36300
G01 X-21.47691 Y20.31423
G01 X-21.47674 Y20.31070
G01 X-21.49243 Y20.29574
G01 X-21.47674 Y20.31070
G01 X-21.44803 Y20.30844
G01 X-21.38606 Y20.29861
G01 X-21.19533 Y20.25281
G01 X-21.13561 Y20.23343
G01 X-20.95441 Y20.15835
G01 X-20.89848 Y20.12990
G01 X-20.73125 Y20.02741
G01 X-20.68045 Y19.99048
G01 X-20.53130 Y19.86310
G01 X-20.50823 Y19.84182
G01 X-16.93824 Y16.27174
G01 X-16.91187 Y16.24266
G01 X-16.75642 Y16.05325
G01 X-16.71286 Y15.98805
G01 X-16.59734 Y15.77195
G01 X-16.56735 Y15.69956
G01 X-16.49623 Y15.46502
G01 X-16.48091 Y15.38810
G01 X-16.45691 Y15.14424
G01 X-16.45498 Y15.10505
G01 X-16.45498 Y14.15001
G01 X-16.48401 Y14.12118
G01 X-16.45498 Y14.15001
G01 X-16.22498 Y14.15001
G01 X-16.18579 Y14.14808
G01 X-16.13702 Y14.14328
G01 X-16.09818 Y14.13753
G01 X-16.06011 Y14.12798
G01 X-16.01320 Y14.11376
G01 X-15.94075 Y14.08376
G01 X-15.89752 Y14.06065
G01 X-15.86387 Y14.04046
G01 X-15.83235 Y14.01709
G01 X-15.79445 Y13.98600
G01 X-15.73900 Y13.93055
G01 X-15.70791 Y13.89265
G01 X-15.69686 Y13.87774
G01 X-15.69783 Y13.85374
G01 X-15.69410 Y13.94617
G01 X-15.69410 Y14.00769
G01 X-15.69476 Y14.02702
G01 X-15.73100 Y14.06329
G01 X-15.76890 Y14.09438
G01 X-15.80832 Y14.12362
G01 X-15.85041 Y14.14884
G01 X-15.89361 Y14.17195
G01 X-15.98416 Y14.20944
G01 X-16.03108 Y14.22369
G01 X-16.07868 Y14.23560
G01 X-16.12722 Y14.24279
G01 X-16.17598 Y14.24759
G01 X-16.22498 Y14.25001
G01 X-16.35498 Y14.25001
G01 X-16.38315 Y14.22270
G01 X-16.35498 Y14.25001
G01 X-16.35498 Y15.10505
G01 X-16.35739 Y15.15404
G01 X-16.38139 Y15.39791
G01 X-16.40052 Y15.49410
G01 X-16.47167 Y15.72854
G01 X-16.50916 Y15.81909
G01 X-16.62467 Y16.03519
G01 X-16.67913 Y16.11668
G01 X-16.83458 Y16.30611
G01 X-16.86752 Y16.34246
G01 X-20.43752 Y19.91250
G01 X-20.46635 Y19.93915
G01 X-20.61550 Y20.06653
G01 X-20.67900 Y20.11263
G01 X-20.84623 Y20.21512
G01 X-20.91613 Y20.25078
G01 X-21.09736 Y20.32584
G01 X-21.17199 Y20.35007
G01 X-21.36271 Y20.39589
G01 X-21.38756 Y20.39978
G01 X-21.39949 Y20.38802
G01 X-21.38756 Y20.39978
G01 X-21.40132 Y20.46892
G01 X-21.41555 Y20.51583
G01 X-21.43208 Y20.56203
G01 X-21.45306 Y20.60638
G01 X-21.47615 Y20.64961
G01 X-21.53061 Y20.73110
G01 X-21.56170 Y20.76899
G01 X-21.59467 Y20.80534
G01 X-21.63101 Y20.83828
G01 X-21.66889 Y20.86937
G01 X-21.70831 Y20.89861
G01 X-21.75039 Y20.92383
G01 X-21.79363 Y20.94694
G01 X-21.88418 Y20.98446
G01 X-21.93107 Y20.99868
G01 X-21.97866 Y21.01060
G01 X-22.02720 Y21.01781
G01 X-22.07597 Y21.02261
G01 X-22.12499 Y21.02502
G01 X-23.42499 Y21.02502
G01 X-23.47399 Y21.02261
G01 X-23.52276 Y21.01781
G01 X-23.57130 Y21.01060
G01 X-23.61890 Y20.99868
G01 X-23.66581 Y20.98446
G01 X-23.75636 Y20.94694
G01 X-23.79959 Y20.92383
G01 X-23.84165 Y20.89861
G01 X-23.88107 Y20.86937
G01 X-23.91897 Y20.83828
G01 X-23.95532 Y20.80534
G01 X-23.98826 Y20.76899
G01 X-24.01935 Y20.73110
G01 X-24.07381 Y20.64961
G01 X-24.09692 Y20.60638
G01 X-24.11790 Y20.56203
G01 X-24.13444 Y20.51583
G01 X-24.14866 Y20.46892
G01 X-24.15738 Y20.42505
G01 X-24.14379 Y20.40620
G01 X-24.15738 Y20.42505
G01 X-26.02499 Y20.42505
G01 X-26.07398 Y20.42266
G01 X-26.31785 Y20.39863
G01 X-26.41399 Y20.37951
G01 X-26.64848 Y20.30841
G01 X-26.73903 Y20.27087
G01 X-26.95513 Y20.15540
G01 X-26.99722 Y20.13013
G01 X-27.03664 Y20.10090
G01 X-27.22605 Y19.94545
G01 X-27.29537 Y19.87613
G01 X-27.45082 Y19.68672
G01 X-27.48005 Y19.64733
G01 X-27.50527 Y19.60521
G01 X-27.62079 Y19.38911
G01 X-27.65828 Y19.29856
G01 X-27.72943 Y19.06407
G01 X-27.74855 Y18.96793
G01 X-27.77256 Y18.72406
G01 X-27.77497 Y18.67507
G01 X-27.77256 Y18.62604
G01 X-27.74855 Y18.38218
G01 X-27.72943 Y18.28604
G01 X-27.65828 Y18.05160
G01 X-27.62079 Y17.96105
G01 X-27.50527 Y17.74494
G01 X-27.48005 Y17.70281
G01 X-27.45082 Y17.66344
G01 X-27.29537 Y17.47398
G01 X-27.22605 Y17.40471
G01 X-27.03664 Y17.24921
G01 X-26.99722 Y17.21998
G01 X-26.95513 Y17.19475
G01 X-26.73903 Y17.07924
G01 X-26.64848 Y17.04175
G01 X-26.41399 Y16.97060
G01 X-26.31785 Y16.95150
G01 X-26.07398 Y16.92747
G01 X-26.02499 Y16.92506
G01 X-24.08699 Y16.92506
G01 X-24.08090 Y16.93659
G01 X-24.08699 Y16.92506
G01 X-24.07381 Y16.90042
G01 X-24.01935 Y16.81891
G01 X-23.98826 Y16.78107
G01 X-23.95532 Y16.74469
G01 X-23.91897 Y16.71172
G01 X-23.88107 Y16.68063
G01 X-23.84165 Y16.65140
G01 X-23.79959 Y16.62618
G01 X-23.75636 Y16.60309
G01 X-23.66581 Y16.56560
G01 X-23.61890 Y16.55135
G01 X-23.52276 Y16.53222
G01 X-23.47399 Y16.52742
G01 X-23.42499 Y16.52501
G01 X-22.12499 Y16.52501
G01 X-22.07597 Y16.52742
G01 X-22.02720 Y16.53222
G01 X-22.01036 Y16.53560
G01 X-22.00681 Y16.54543
G01 X-22.01036 Y16.53560
G01 X-19.85497 Y14.38016
G01 X-19.84735 Y14.38331
G01 X-19.85497 Y14.38016
G01 X-19.85479 Y10.43531
G01 X-19.85848 Y10.42378
G01 X-19.87760 Y10.32764
G01 X-19.90257 Y10.07402
G01 X-19.90498 Y10.02502
G01 X-19.90257 Y9.97600
G01 X-19.87760 Y9.72238
G01 X-19.85848 Y9.62624
G01 X-19.78451 Y9.38238
G01 X-19.76798 Y9.33617
G01 X-19.74700 Y9.29182
G01 X-19.62685 Y9.06709
G01 X-19.57240 Y8.98558
G01 X-19.41072 Y8.78857
G01 X-19.34143 Y8.71926
G01 X-19.14443 Y8.55759
G01 X-19.06292 Y8.50313
G01 X-18.83818 Y8.38301
G01 X-18.79381 Y8.36203
G01 X-18.74761 Y8.34550
G01 X-18.50374 Y8.27153
G01 X-18.40760 Y8.25241
G01 X-18.15398 Y8.22741
G01 X-18.10499 Y8.22502
G01 X-18.05599 Y8.22741
G01 X-17.80237 Y8.25241
G01 X-17.70623 Y8.27153
G01 X-17.46237 Y8.34550
G01 X-17.41616 Y8.36203
G01 X-17.37179 Y8.38301
G01 X-17.14705 Y8.50313
G01 X-17.06554 Y8.55759
G01 X-16.86854 Y8.71926
G01 X-16.79925 Y8.78857
G01 X-16.63758 Y8.98558
G01 X-16.58312 Y9.06709
G01 X-16.46298 Y9.29182
G01 X-16.44200 Y9.33617
G01 X-16.42546 Y9.38238
G01 X-16.35150 Y9.62624
G01 X-16.33237 Y9.72238
G01 X-16.30740 Y9.97600
G01 X-16.30499 Y10.02502
G01 X-16.30740 Y10.07402
G01 X-16.33237 Y10.32764
G01 X-16.35150 Y10.42378
G01 X-16.35498 Y10.43523
G01 X-16.35498 Y11.80002
G01 X-16.38315 Y11.82730
G01 X-16.35498 Y11.80002
G01 X-16.22498 Y11.80002
G01 X-16.17598 Y11.80241
G01 X-16.12722 Y11.80721
G01 X-16.07868 Y11.81443
G01 X-16.03108 Y11.82634
G01 X-15.98416 Y11.84056
G01 X-15.89361 Y11.87808
G01 X-15.85041 Y11.90119
G01 X-15.80832 Y11.92641
G01 X-15.76890 Y11.95565
G01 X-15.73100 Y11.98674
G01 X-15.69473 Y12.02301
G01 X-15.69407 Y12.04257
G01 X-15.69410 Y12.10411
G01 X-15.69684 Y12.17226
G01 X-15.69783 Y12.19637
G01 X-15.69897 Y12.21023
G01 X-15.69907 Y12.21173
G01 X-15.70215 Y12.26896
G01 X-15.70220 Y12.27051
G01 X-15.70263 Y12.28905
G01 X-15.70613 Y12.34800
G01 X-15.71111 Y12.39860
G01 X-15.72054 Y12.46235
G01 X-15.72612 Y12.49055
G01 X-15.72630 Y12.49139
G01 X-15.73006 Y12.51214
G01 X-15.73021 Y12.51298
G01 X-15.73494 Y12.54193
G01 X-15.73501 Y12.54231
G01 X-15.73636 Y12.55105
G01 X-15.73644 Y12.55143
G01 X-15.77499 Y12.55001
G01 X-15.87499 Y12.55001
G01 X-15.87499 Y13.50002
G01 X-15.87548 Y13.50982
G01 X-15.88028 Y13.55859
G01 X-15.88172 Y13.56830
G01 X-15.88409 Y13.57782
G01 X-15.89831 Y13.62471
G01 X-15.90583 Y13.64282
G01 X-15.92892 Y13.68605
G01 X-15.93397 Y13.69446
G01 X-15.93981 Y13.70236
G01 X-15.97090 Y13.74023
G01 X-15.98477 Y13.75410
G01 X-16.02264 Y13.78519
G01 X-16.03054 Y13.79103
G01 X-16.03895 Y13.79608
G01 X-16.08218 Y13.81917
G01 X-16.10029 Y13.82666
G01 X-16.14718 Y13.84091
G01 X-16.15671 Y13.84328
G01 X-16.16641 Y13.84472
G01 X-16.21518 Y13.84952
G01 X-16.22498 Y13.85001
G01 X-16.75498 Y13.85001
G01 X-16.75498 Y15.10505
G01 X-16.75546 Y15.11483
G01 X-16.77946 Y15.35869
G01 X-16.78330 Y15.37792
G01 X-16.85442 Y15.61241
G01 X-16.86194 Y15.63052
G01 X-16.97746 Y15.84662
G01 X-16.98833 Y15.86293
G01 X-17.14377 Y16.05236
G01 X-17.15038 Y16.05963
G01 X-20.72037 Y19.62965
G01 X-20.72614 Y19.63498
G01 X-20.87529 Y19.76239
G01 X-20.88799 Y19.77158
G01 X-21.05522 Y19.87407
G01 X-21.06922 Y19.88121
G01 X-21.25042 Y19.95627
G01 X-21.26536 Y19.96112
G01 X-21.45609 Y20.00692
G01 X-21.47158 Y20.00935
G01 X-21.66713 Y20.02475
G01 X-21.67496 Y20.02505
G01 X-21.77498 Y20.02505
G01 X-21.77498 Y20.27501
G01 X-21.77546 Y20.28484
G01 X-21.78027 Y20.33359
G01 X-21.78171 Y20.34329
G01 X-21.78410 Y20.35281
G01 X-21.79832 Y20.39970
G01 X-21.80163 Y20.40895
G01 X-21.80582 Y20.41784
G01 X-21.82893 Y20.46104
G01 X-21.83983 Y20.47735
G01 X-21.87092 Y20.51522
G01 X-21.88476 Y20.52909
G01 X-21.92266 Y20.56018
G01 X-21.93053 Y20.56602
G01 X-21.93896 Y20.57108
G01 X-21.98217 Y20.59416
G01 X-22.00028 Y20.60168
G01 X-22.04719 Y20.61591
G01 X-22.05669 Y20.61829
G01 X-22.06642 Y20.61972
G01 X-22.11519 Y20.62454
G01 X-22.12499 Y20.62502
G01 X-23.42499 Y20.62502
G01 X-23.43480 Y20.62454
G01 X-23.48356 Y20.61972
G01 X-23.49327 Y20.61829
G01 X-23.50279 Y20.61591
G01 X-23.54968 Y20.60168
G01 X-23.56779 Y20.59416
G01 X-23.61102 Y20.57108
G01 X-23.61943 Y20.56602
G01 X-23.62733 Y20.56018
G01 X-23.66520 Y20.52909
G01 X-23.67907 Y20.51522
G01 X-23.71016 Y20.47735
G01 X-23.72105 Y20.46104
G01 X-23.74414 Y20.41784
G01 X-23.74833 Y20.40895
G01 X-23.75166 Y20.39970
G01 X-23.76588 Y20.35281
G01 X-23.76827 Y20.34329
G01 X-23.76969 Y20.33359
G01 X-23.77450 Y20.28484
G01 X-23.77498 Y20.27501
G01 X-23.77498 Y20.02505
G01 X-26.02499 Y20.02505
G01 X-26.03477 Y20.02457
G01 X-26.27863 Y20.00057
G01 X-26.28833 Y19.99917
G01 X-26.29786 Y19.99676
G01 X-26.53235 Y19.92559
G01 X-26.55046 Y19.91809
G01 X-26.76656 Y19.80257
G01 X-26.77500 Y19.79759
G01 X-26.78287 Y19.79170
G01 X-26.97230 Y19.63623
G01 X-26.98615 Y19.62239
G01 X-27.14162 Y19.43298
G01 X-27.14746 Y19.42508
G01 X-27.15249 Y19.41670
G01 X-27.26801 Y19.20057
G01 X-27.27550 Y19.18243
G01 X-27.34665 Y18.94799
G01 X-27.34904 Y18.93841
G01 X-27.35049 Y18.92871
G01 X-27.37449 Y18.68485
G01 X-27.37449 Y18.66526
G01 X-27.35049 Y18.42140
G01 X-27.34904 Y18.41169
G01 X-27.34665 Y18.40217
G01 X-27.27550 Y18.16768
G01 X-27.26801 Y18.14957
G01 X-27.15249 Y17.93346
G01 X-27.14746 Y17.92506
G01 X-27.14162 Y17.91716
G01 X-26.98615 Y17.72772
G01 X-26.97230 Y17.71388
G01 X-26.78287 Y17.55841
G01 X-26.77500 Y17.55256
G01 X-26.76656 Y17.54754
G01 X-26.55046 Y17.43202
G01 X-26.53235 Y17.42457
G01 X-26.29786 Y17.35338
G01 X-26.28833 Y17.35099
G01 X-26.27863 Y17.34954
G01 X-26.03477 Y17.32554
G01 X-26.02499 Y17.32506
G01 X-23.77498 Y17.32506
G01 X-23.77498 Y17.27502
G01 X-23.77450 Y17.26527
G01 X-23.76969 Y17.21645
G01 X-23.76827 Y17.20672
G01 X-23.76588 Y17.19722
G01 X-23.75166 Y17.15036
G01 X-23.74833 Y17.14108
G01 X-23.74414 Y17.13219
G01 X-23.72105 Y17.08901
G01 X-23.71016 Y17.07271
G01 X-23.67907 Y17.03479
G01 X-23.67246 Y17.02752
G01 X-23.66520 Y17.02094
G01 X-23.62733 Y16.98985
G01 X-23.61943 Y16.98399
G01 X-23.61102 Y16.97896
G01 X-23.56779 Y16.95587
G01 X-23.54968 Y16.94835
G01 X-23.50279 Y16.93413
G01 X-23.48356 Y16.93029
G01 X-23.43480 Y16.92551
G01 X-23.42499 Y16.92503
G01 X-22.12499 Y16.92503
G01 X-22.11519 Y16.92551
G01 X-22.06642 Y16.93029
G01 X-22.04719 Y16.93413
G01 X-22.00028 Y16.94835
G01 X-21.98217 Y16.95587
G01 X-21.93896 Y16.97896
G01 X-21.93053 Y16.98399
G01 X-21.92266 Y16.98985
G01 X-21.90963 Y17.00052
G01 X-19.45497 Y14.54584
G01 X-19.45497 Y10.37600
G01 X-19.47570 Y10.30765
G01 X-19.47809 Y10.29815
G01 X-19.47953 Y10.28844
G01 X-19.50450 Y10.03483
G01 X-19.50450 Y10.01522
G01 X-19.47953 Y9.76160
G01 X-19.47809 Y9.75189
G01 X-19.47570 Y9.74237
G01 X-19.40173 Y9.49850
G01 X-19.39421 Y9.48039
G01 X-19.27410 Y9.25563
G01 X-19.26904 Y9.24722
G01 X-19.26320 Y9.23932
G01 X-19.10153 Y9.04235
G01 X-19.08766 Y9.02848
G01 X-18.89066 Y8.86681
G01 X-18.88279 Y8.86096
G01 X-18.87438 Y8.85591
G01 X-18.64961 Y8.73577
G01 X-18.63150 Y8.72827
G01 X-18.38764 Y8.65431
G01 X-18.37811 Y8.65192
G01 X-18.36841 Y8.65047
G01 X-18.11479 Y8.62551
G01 X-18.09518 Y8.62551
G01 X-17.84156 Y8.65047
G01 X-17.83186 Y8.65192
G01 X-17.82234 Y8.65431
G01 X-17.57847 Y8.72827
G01 X-17.56036 Y8.73577
G01 X-17.33560 Y8.85591
G01 X-17.32719 Y8.86096
G01 X-17.31931 Y8.86681
G01 X-17.12231 Y9.02848
G01 X-17.10844 Y9.04235
G01 X-16.94677 Y9.23932
G01 X-16.94093 Y9.24722
G01 X-16.93588 Y9.25563
G01 X-16.81576 Y9.48039
G01 X-16.80824 Y9.49850
G01 X-16.73428 Y9.74237
G01 X-16.73189 Y9.75189
G01 X-16.73044 Y9.76160
G01 X-16.70547 Y10.01522
G01 X-16.70547 Y10.03483
G01 X-16.73044 Y10.28844
G01 X-16.73428 Y10.30765
G01 X-16.75498 Y10.37590
G01 X-16.75498 Y12.20002
G01 X-16.22498 Y12.20002
G01 X-16.21518 Y12.20051
G01 X-16.16641 Y12.20531
G01 X-16.15671 Y12.20673
G01 X-16.14718 Y12.20912
G01 X-16.10029 Y12.22334
G01 X-16.08218 Y12.23086
G01 X-16.03895 Y12.25395
G01 X-16.03054 Y12.25900
G01 X-16.02264 Y12.26484
G01 X-15.98477 Y12.29593
G01 X-15.97090 Y12.30980
G01 X-15.93981 Y12.34767
G01 X-15.93397 Y12.35557
G01 X-15.92892 Y12.36398
G01 X-15.90583 Y12.40721
G01 X-15.89831 Y12.42532
G01 X-15.88409 Y12.47221
G01 X-15.88172 Y12.48173
G01 X-15.88028 Y12.49144
G01 X-15.87548 Y12.54020
G01 X-15.87499 Y12.55001
G01 X-15.77499 Y12.55001
G01 X-15.77499 Y12.88483
G01 X-15.78058 Y12.99860
G01 X-15.78063 Y13.00106
G01 X-15.78063 Y13.04899
G01 X-15.78058 Y13.05146
G01 X-15.77499 Y13.16522
G01 X-15.77499 Y13.50002
G01 X-15.77596 Y13.51960
G01 X-15.78076 Y13.56840
G01 X-15.78363 Y13.58780
G01 X-15.78841 Y13.60685
G01 X-15.80263 Y13.65374
G01 X-15.81764 Y13.68996
G01 X-15.84073 Y13.73319
G01 X-15.85084 Y13.75001
G01 X-15.86252 Y13.76578
G01 X-15.89361 Y13.80368
G01 X-15.92132 Y13.83139
G01 X-15.95922 Y13.86248
G01 X-15.97497 Y13.87416
G01 X-15.99181 Y13.88427
G01 X-16.03504 Y13.90736
G01 X-16.07126 Y13.92237
G01 X-16.11815 Y13.93660
G01 X-16.13720 Y13.94137
G01 X-16.15660 Y13.94424
G01 X-16.20537 Y13.94904
G01 X-16.22498 Y13.95001
G01 X-16.65498 Y13.95001
G01 X-16.68368 Y13.92179
G01 X-16.65498 Y13.95001
G01 X-16.65498 Y15.10505
G01 X-16.65594 Y15.12463
G01 X-16.67995 Y15.36850
G01 X-16.68762 Y15.40695
G01 X-16.75874 Y15.64144
G01 X-16.77375 Y15.67766
G01 X-16.88924 Y15.89377
G01 X-16.91103 Y15.92638
G01 X-17.06648 Y16.11579
G01 X-17.07967 Y16.13034
G01 X-20.64966 Y19.70036
G01 X-20.66119 Y19.71101
G01 X-20.81034 Y19.83841
G01 X-20.83574 Y19.85685
G01 X-21.00297 Y19.95934
G01 X-21.03094 Y19.97359
G01 X-21.21217 Y20.04865
G01 X-21.24201 Y20.05840
G01 X-21.43274 Y20.10415
G01 X-21.46373 Y20.10907
G01 X-21.65929 Y20.12444
G01 X-21.67496 Y20.12505
G01 X-21.69980 Y20.10168
G01 X-21.67496 Y20.12505
G01 X-21.67498 Y20.27501
G01 X-21.67595 Y20.29462
G01 X-21.68075 Y20.34342
G01 X-21.68839 Y20.38185
G01 X-21.70262 Y20.42873
G01 X-21.70925 Y20.44723
G01 X-21.71763 Y20.46495
G01 X-21.74074 Y20.50819
G01 X-21.76251 Y20.54077
G01 X-21.79360 Y20.57867
G01 X-21.80678 Y20.59320
G01 X-21.82134 Y20.60638
G01 X-21.85921 Y20.63747
G01 X-21.87498 Y20.64918
G01 X-21.89182 Y20.65926
G01 X-21.93503 Y20.68238
G01 X-21.97125 Y20.69736
G01 X-22.01816 Y20.71159
G01 X-22.03719 Y20.71636
G01 X-22.05662 Y20.71923
G01 X-22.10539 Y20.72406
G01 X-22.12499 Y20.72502
G01 X-23.42499 Y20.72502
G01 X-23.44460 Y20.72406
G01 X-23.49337 Y20.71923
G01 X-23.51277 Y20.71636
G01 X-23.53182 Y20.71159
G01 X-23.57871 Y20.69736
G01 X-23.61493 Y20.68238
G01 X-23.65816 Y20.65926
G01 X-23.67500 Y20.64918
G01 X-23.69075 Y20.63747
G01 X-23.72865 Y20.60638
G01 X-23.74318 Y20.59320
G01 X-23.75636 Y20.57867
G01 X-23.78745 Y20.54077
G01 X-23.80924 Y20.50819
G01 X-23.83233 Y20.46495
G01 X-23.84074 Y20.44723
G01 X-23.84734 Y20.42873
G01 X-23.86157 Y20.38185
G01 X-23.86921 Y20.34342
G01 X-23.87401 Y20.29462
G01 X-23.87498 Y20.27501
G01 X-23.87498 Y20.12505
G01 X-23.84737 Y20.09671
G01 X-23.87498 Y20.12505
G01 X-26.02499 Y20.12505
G01 X-26.04457 Y20.12409
G01 X-26.28844 Y20.10008
G01 X-26.32689 Y20.09246
G01 X-26.56138 Y20.02129
G01 X-26.59760 Y20.00628
G01 X-26.81371 Y19.89079
G01 X-26.83055 Y19.88070
G01 X-26.84632 Y19.86899
G01 X-27.03573 Y19.71355
G01 X-27.06347 Y19.68581
G01 X-27.21891 Y19.49643
G01 X-27.23060 Y19.48063
G01 X-27.24071 Y19.46381
G01 X-27.35620 Y19.24771
G01 X-27.37121 Y19.21146
G01 X-27.44233 Y18.97697
G01 X-27.45000 Y18.93852
G01 X-27.47401 Y18.69465
G01 X-27.47497 Y18.67507
G01 X-27.47401 Y18.65546
G01 X-27.45000 Y18.41159
G01 X-27.44233 Y18.37314
G01 X-27.37121 Y18.13864
G01 X-27.35620 Y18.10242
G01 X-27.24071 Y17.88632
G01 X-27.23060 Y17.86948
G01 X-27.21891 Y17.85371
G01 X-27.06347 Y17.66430
G01 X-27.03573 Y17.63656
G01 X-26.84632 Y17.48111
G01 X-26.83055 Y17.46943
G01 X-26.81371 Y17.45932
G01 X-26.59760 Y17.34385
G01 X-26.56138 Y17.32887
G01 X-26.32689 Y17.25770
G01 X-26.28844 Y17.25003
G01 X-26.04457 Y17.22605
G01 X-26.02499 Y17.22508
G01 X-23.87104 Y17.22508
G01 X-23.85550 Y17.24545
G01 X-23.87104 Y17.22508
G01 X-23.86921 Y17.20667
G01 X-23.86157 Y17.16819
G01 X-23.84734 Y17.12130
G01 X-23.84074 Y17.10281
G01 X-23.83233 Y17.08505
G01 X-23.80924 Y17.04190
G01 X-23.78745 Y17.00923
G01 X-23.75636 Y16.97136
G01 X-23.74318 Y16.95683
G01 X-23.72865 Y16.94363
G01 X-23.69075 Y16.91254
G01 X-23.67500 Y16.90085
G01 X-23.65816 Y16.89077
G01 X-23.61493 Y16.86765
G01 X-23.57871 Y16.85264
G01 X-23.53182 Y16.83842
G01 X-23.49337 Y16.83077
G01 X-23.44460 Y16.82597
G01 X-23.42499 Y16.82501
G01 X-22.12499 Y16.82501
G01 X-22.10539 Y16.82597
G01 X-22.05662 Y16.83077
G01 X-22.01816 Y16.83842
G01 X-21.97125 Y16.85264
G01 X-21.93503 Y16.86765
G01 X-21.92405 Y16.87355
G01 X-21.92004 Y16.89196
G01 X-21.92405 Y16.87355
G01 X-19.55497 Y14.50444
G01 X-19.54735 Y14.50759
G01 X-19.55497 Y14.50444
G01 X-19.55497 Y10.39083
G01 X-19.55416 Y10.39073
G01 X-19.55497 Y10.39083
G01 X-19.57141 Y10.33668
G01 X-19.57905 Y10.29822
G01 X-19.60402 Y10.04460
G01 X-19.60498 Y10.02502
G01 X-19.60402 Y10.00541
G01 X-19.57905 Y9.75179
G01 X-19.57141 Y9.71334
G01 X-19.49741 Y9.46947
G01 X-19.49081 Y9.45098
G01 X-19.48240 Y9.43325
G01 X-19.36229 Y9.20849
G01 X-19.34049 Y9.17590
G01 X-19.17882 Y8.97890
G01 X-19.16564 Y8.96434
G01 X-19.15111 Y8.95116
G01 X-18.95411 Y8.78949
G01 X-18.92150 Y8.76772
G01 X-18.69676 Y8.64758
G01 X-18.67900 Y8.63920
G01 X-18.66054 Y8.63259
G01 X-18.41667 Y8.55860
G01 X-18.37821 Y8.55096
G01 X-18.12460 Y8.52596
G01 X-18.10499 Y8.52502
G01 X-18.08538 Y8.52596
G01 X-17.83176 Y8.55096
G01 X-17.79330 Y8.55860
G01 X-17.54944 Y8.63259
G01 X-17.53097 Y8.63920
G01 X-17.51322 Y8.64758
G01 X-17.28848 Y8.76772
G01 X-17.25586 Y8.78949
G01 X-17.05886 Y8.95116
G01 X-17.04433 Y8.96434
G01 X-17.03115 Y8.97890
G01 X-16.86948 Y9.17590
G01 X-16.84769 Y9.20849
G01 X-16.72757 Y9.43325
G01 X-16.71916 Y9.45098
G01 X-16.71256 Y9.46947
G01 X-16.63857 Y9.71334
G01 X-16.63092 Y9.75179
G01 X-16.60596 Y10.00541
G01 X-16.60499 Y10.02502
G01 X-16.60596 Y10.04460
G01 X-16.63092 Y10.29822
G01 X-16.63857 Y10.33668
G01 X-16.65498 Y10.39073
G01 X-16.65579 Y10.39063
G01 X-16.65498 Y10.39073
G01 X-16.65498 Y12.10002
G01 X-16.68368 Y12.12824
G01 X-16.65498 Y12.10002
G01 X-16.22498 Y12.10002
G01 X-16.20537 Y12.10099
G01 X-16.15660 Y12.10579
G01 X-16.13720 Y12.10866
G01 X-16.11815 Y12.11343
G01 X-16.07126 Y12.12766
G01 X-16.03504 Y12.14267
G01 X-15.99181 Y12.16576
G01 X-15.97497 Y12.17584
G01 X-15.95922 Y12.18755
G01 X-15.92132 Y12.21864
G01 X-15.89361 Y12.24635
G01 X-15.86252 Y12.28425
G01 X-15.85084 Y12.30000
G01 X-15.84073 Y12.31684
G01 X-15.81764 Y12.36007
G01 X-15.80263 Y12.39629
G01 X-15.78841 Y12.44318
G01 X-15.78363 Y12.46223
G01 X-15.78076 Y12.48163
G01 X-15.77596 Y12.53040
G01 X-15.77499 Y12.55001
G01 X-15.73644 Y12.55143
G01 X-15.76549 Y12.74747
G01 X-15.76580 Y12.74988
G01 X-15.77075 Y12.80012
G01 X-15.77096 Y12.80259
G01 X-15.77499 Y12.88483
G01 X-15.78058 Y12.99860
G01 X-15.78063 Y13.00106
G01 X-15.78063 Y13.04899
G01 X-15.78058 Y13.05146
G01 X-15.77499 Y13.16522
G01 X-15.77096 Y13.24749
G01 X-15.77075 Y13.24996
G01 X-15.76580 Y13.30020
G01 X-15.76549 Y13.30261
G01 X-15.73644 Y13.49865
G01 X-15.73636 Y13.49903
G01 X-15.73501 Y13.50774
G01 X-15.73496 Y13.50812
G01 X-15.73021 Y13.53705
G01 X-15.73006 Y13.53792
G01 X-15.72630 Y13.55869
G01 X-15.72612 Y13.55953
G01 X-15.72054 Y13.58770
G01 X-15.71114 Y13.65145
G01 X-15.70613 Y13.70205
G01 X-15.70263 Y13.76103
G01 X-15.70222 Y13.77955
G01 X-15.70215 Y13.78110
G01 X-15.69910 Y13.83832
G01 X-15.69900 Y13.83982
G01 X-15.69783 Y13.85374
G01 X-15.69410 Y13.94617
G01 X-15.69410 Y14.00769
G01 X-15.69722 Y14.10129
G01 X-15.70085 Y14.15745
G01 X-15.70093 Y14.15841
G01 X-15.70136 Y14.16832
G01 X-15.70426 Y14.23157
G01 X-15.70428 Y14.23248
G01 X-15.70591 Y14.29194
G01 X-15.70611 Y14.29524
G01 X-15.75612 Y14.32522
G01 X-15.79933 Y14.34833
G01 X-15.92612 Y14.40083
G01 X-15.97301 Y14.41506
G01 X-16.03966 Y14.43177
G01 X-16.10761 Y14.44183
G01 X-16.15498 Y14.44650
G01 X-16.17766 Y14.42791
G01 X-16.15498 Y14.44650
G01 X-16.15498 Y15.10505
G01 X-16.15836 Y15.17365
G01 X-16.18236 Y15.41752
G01 X-16.20913 Y15.55209
G01 X-16.28028 Y15.78658
G01 X-16.33278 Y15.91335
G01 X-16.44830 Y16.12950
G01 X-16.52452 Y16.24363
G01 X-16.67997 Y16.43298
G01 X-16.72612 Y16.48389
G01 X-20.29612 Y20.05391
G01 X-20.33648 Y20.09122
G01 X-20.48563 Y20.21860
G01 X-20.57448 Y20.28317
G01 X-20.74174 Y20.38566
G01 X-20.83960 Y20.43552
G01 X-21.02081 Y20.51060
G01 X-21.12528 Y20.54453
G01 X-21.22233 Y20.56782
G01 X-21.22924 Y20.55990
G01 X-21.22233 Y20.56782
G01 X-21.22416 Y20.57389
G01 X-21.24730 Y20.63856
G01 X-21.27668 Y20.70067
G01 X-21.29977 Y20.74387
G01 X-21.37602 Y20.85797
G01 X-21.40711 Y20.89587
G01 X-21.45324 Y20.94677
G01 X-21.50414 Y20.99289
G01 X-21.54201 Y21.02398
G01 X-21.59721 Y21.06490
G01 X-21.65611 Y21.10023
G01 X-21.69934 Y21.12332
G01 X-21.82611 Y21.17585
G01 X-21.87303 Y21.19007
G01 X-21.93965 Y21.20676
G01 X-22.00760 Y21.21685
G01 X-22.05636 Y21.22165
G01 X-22.12499 Y21.22502
G01 X-21.68481 Y21.22502
G01 X-21.65220 Y21.21151
G01 X-21.60897 Y21.18842
G01 X-21.54163 Y21.14806
G01 X-21.47859 Y21.10130
G01 X-21.44069 Y21.07019
G01 X-21.38253 Y21.01748
G01 X-21.32980 Y20.95931
G01 X-21.29871 Y20.92142
G01 X-21.21158 Y20.79101
G01 X-21.18847 Y20.74781
G01 X-21.15492 Y20.67684
G01 X-21.14618 Y20.65238
G01 X-21.15233 Y20.64524
G01 X-21.14618 Y20.65238
G01 X-21.10193 Y20.64176
G01 X-20.98255 Y20.60298
G01 X-20.80132 Y20.52792
G01 X-20.68949 Y20.47092
G01 X-20.52223 Y20.36843
G01 X-20.42068 Y20.29467
G01 X-20.27153 Y20.16727
G01 X-20.22540 Y20.12462
G01 X-16.65541 Y16.55462
G01 X-16.60268 Y16.49643
G01 X-16.44723 Y16.30700
G01 X-16.36011 Y16.17665
G01 X-16.24459 Y15.96054
G01 X-16.18457 Y15.81561
G01 X-16.11345 Y15.58112
G01 X-16.08284 Y15.42730
G01 X-16.05881 Y15.18346
G01 X-16.05498 Y15.10505
G01 X-16.05498 Y14.53499
G01 X-16.07634 Y14.51823
G01 X-16.05498 Y14.53499
G01 X-16.02015 Y14.52984
G01 X-15.94398 Y14.51076
G01 X-15.89709 Y14.49654
G01 X-15.75221 Y14.43652
G01 X-15.71391 Y14.41605
G01 X-15.70611 Y14.29524
G01 X-15.71391 Y14.41605
G01 X-15.71835 Y14.48483
G01 X-15.72300 Y14.53215
G01 X-15.86806 Y14.59222
G01 X-15.91495 Y14.60644
G01 X-15.95498 Y14.61648
G01 X-15.97306 Y14.60380
G01 X-15.95498 Y14.61648
G01 X-15.95498 Y15.10505
G01 X-15.95930 Y15.19326
G01 X-15.98332 Y15.43710
G01 X-16.01774 Y15.61015
G01 X-16.08889 Y15.84464
G01 X-16.15640 Y16.00766
G01 X-16.27189 Y16.22376
G01 X-16.36991 Y16.37047
G01 X-16.52539 Y16.55986
G01 X-16.58470 Y16.62534
G01 X-20.15469 Y20.19533
G01 X-20.20658 Y20.24329
G01 X-20.35573 Y20.37069
G01 X-20.46998 Y20.45370
G01 X-20.63724 Y20.55619
G01 X-20.76307 Y20.62030
G01 X-20.94428 Y20.69536
G01 X-21.07298 Y20.73717
G01 X-21.07793 Y20.73168
G01 X-21.07298 Y20.73717
G01 X-21.10028 Y20.79495
G01 X-21.12340 Y20.83816
G01 X-21.22141 Y20.98487
G01 X-21.25250 Y21.02274
G01 X-21.31181 Y21.08819
G01 X-21.37727 Y21.14750
G01 X-21.41514 Y21.17859
G01 X-21.47775 Y21.22502
G01 X-21.31410 Y21.22502
G01 X-21.31382 Y21.22480
G01 X-21.24110 Y21.15891
G01 X-21.17521 Y21.08619
G01 X-21.14410 Y21.04829
G01 X-21.03521 Y20.88530
G01 X-21.01209 Y20.84207
G01 X-21.00099 Y20.81862
G01 X-21.00447 Y20.81438
G01 X-21.00099 Y20.81862
G01 X-20.90602 Y20.78776
G01 X-20.72479 Y20.71268
G01 X-20.58497 Y20.64146
G01 X-20.41773 Y20.53897
G01 X-20.29078 Y20.44672
G01 X-20.14164 Y20.31939
G01 X-20.08398 Y20.26605
G01 X-16.51398 Y16.69603
G01 X-16.44807 Y16.62331
G01 X-16.29262 Y16.43390
G01 X-16.18371 Y16.27091
G01 X-16.06821 Y16.05478
G01 X-15.99318 Y15.87370
G01 X-15.92206 Y15.63918
G01 X-15.88381 Y15.44690
G01 X-15.85978 Y15.20304
G01 X-15.85498 Y15.10505
G01 X-15.85498 Y14.69275
G01 X-15.87217 Y14.68109
G01 X-15.85498 Y14.69275
G01 X-15.83903 Y14.68793
G01 X-15.73484 Y14.64477
G01 X-15.73329 Y14.63136
G01 X-15.72689 Y14.57165
G01 X-15.72300 Y14.53215
G01 X-15.72689 Y14.57165
G01 X-15.73329 Y14.63136
G01 X-15.73484 Y14.64477
G01 X-15.74792 Y14.75790
G01 X-15.75498 Y14.76083
G01 X-15.75498 Y15.10505
G01 X-15.76026 Y15.21284
G01 X-15.78429 Y15.45671
G01 X-15.82635 Y15.66824
G01 X-15.89750 Y15.90276
G01 X-15.98000 Y16.10192
G01 X-16.09552 Y16.31802
G01 X-16.21533 Y16.49735
G01 X-16.37078 Y16.68676
G01 X-16.44327 Y16.76674
G01 X-20.01326 Y20.33681
G01 X-20.07669 Y20.39541
G01 X-20.22584 Y20.52276
G01 X-20.36549 Y20.62424
G01 X-20.53272 Y20.72673
G01 X-20.68652 Y20.80509
G01 X-20.86774 Y20.88014
G01 X-20.92982 Y20.90031
G01 X-20.93302 Y20.89640
G01 X-20.92982 Y20.90031
G01 X-20.94702 Y20.93244
G01 X-21.06680 Y21.11174
G01 X-21.09789 Y21.14961
G01 X-21.16625 Y21.22502
G01 X-21.31410 Y21.22502
G01 X-21.47775 Y21.22502
G01 X-21.68481 Y21.22502
G01 X-22.12499 Y21.22502
G01 X-23.42499 Y21.22502
G01 X-23.49360 Y21.22165
G01 X-23.54236 Y21.21685
G01 X-23.61034 Y21.20676
G01 X-23.67696 Y21.19007
G01 X-23.72385 Y21.17585
G01 X-23.85064 Y21.12332
G01 X-23.89385 Y21.10023
G01 X-23.95278 Y21.06490
G01 X-24.00795 Y21.02398
G01 X-24.04584 Y20.99289
G01 X-24.09675 Y20.94677
G01 X-24.14287 Y20.89587
G01 X-24.17396 Y20.85797
G01 X-24.25021 Y20.74387
G01 X-24.27330 Y20.70067
G01 X-24.30266 Y20.63856
G01 X-24.30751 Y20.62505
G01 X-24.29969 Y20.61159
G01 X-24.30751 Y20.62505
G01 X-26.02499 Y20.62505
G01 X-26.09359 Y20.62167
G01 X-26.33746 Y20.59767
G01 X-26.40540 Y20.58759
G01 X-26.47203 Y20.57090
G01 X-26.70652 Y20.49975
G01 X-26.83332 Y20.44725
G01 X-27.04942 Y20.33173
G01 X-27.10835 Y20.29645
G01 X-27.16352 Y20.25551
G01 X-27.35292 Y20.10003
G01 X-27.44995 Y20.00303
G01 X-27.60543 Y19.81360
G01 X-27.64634 Y19.75843
G01 X-27.68165 Y19.69950
G01 X-27.79717 Y19.48340
G01 X-27.84967 Y19.35665
G01 X-27.92082 Y19.12213
G01 X-27.93750 Y19.05548
G01 X-27.94759 Y18.98754
G01 X-27.97159 Y18.74367
G01 X-27.97494 Y18.67550
G01 X-27.97487 Y18.67306
G01 X-27.97317 Y18.60319
G01 X-27.96123 Y18.36003
G01 X-27.94655 Y18.21129
G01 X-27.91056 Y17.96869
G01 X-27.87855 Y17.80811
G01 X-27.87792 Y17.80565
G01 X-27.81777 Y17.56547
G01 X-27.77754 Y17.43329
G01 X-27.76001 Y17.40964
G01 X-27.60456 Y17.22023
G01 X-27.47982 Y17.09547
G01 X-27.29039 Y16.94004
G01 X-27.21945 Y16.88744
G01 X-27.14370 Y16.84200
G01 X-26.92758 Y16.72653
G01 X-26.76458 Y16.65897
G01 X-26.53009 Y16.58782
G01 X-26.44442 Y16.56636
G01 X-26.35704 Y16.55341
G01 X-26.11320 Y16.52938
G01 X-26.02499 Y16.52511
G01 X-24.29545 Y16.52511
G01 X-24.29255 Y16.53225
G01 X-24.29545 Y16.52511
G01 X-24.23817 Y16.46184
G01 X-24.17272 Y16.40253
G01 X-24.13485 Y16.37144
G01 X-24.06390 Y16.31884
G01 X-23.98813 Y16.27342
G01 X-23.94490 Y16.25031
G01 X-23.78191 Y16.18279
G01 X-23.73502 Y16.16857
G01 X-23.56197 Y16.13420
G01 X-23.51321 Y16.12935
G01 X-23.42499 Y16.12501
G01 X-22.16551 Y16.12501
G01 X-22.16238 Y16.13248
G01 X-22.16551 Y16.12501
G01 X-20.25497 Y14.21447
G01 X-20.24735 Y14.21762
G01 X-20.25497 Y14.21447
G01 X-20.25477 Y10.47092
G01 X-20.27567 Y10.36685
G01 X-20.30066 Y10.11324
G01 X-20.30498 Y10.02502
G01 X-20.30066 Y9.93681
G01 X-20.27567 Y9.68319
G01 X-20.24125 Y9.51014
G01 X-20.16729 Y9.26627
G01 X-20.13752 Y9.18311
G01 X-20.09975 Y9.10325
G01 X-19.97963 Y8.87852
G01 X-19.88162 Y8.73181
G01 X-19.71994 Y8.53483
G01 X-19.70277 Y8.51766
G01 X-19.75159 Y8.53793
G01 X-19.91547 Y8.61545
G01 X-19.95891 Y8.66838
G01 X-20.06782 Y8.83137
G01 X-20.18794 Y9.05614
G01 X-20.22990 Y9.14483
G01 X-20.26297 Y9.23724
G01 X-20.33696 Y9.48111
G01 X-20.37519 Y9.67338
G01 X-20.40018 Y9.92700
G01 X-20.40498 Y10.02502
G01 X-20.40018 Y10.12304
G01 X-20.37519 Y10.37666
G01 X-20.35477 Y10.47828
G01 X-20.35497 Y14.17307
G01 X-20.34735 Y14.17622
G01 X-20.35497 Y14.17307
G01 X-22.20691 Y16.02501
G01 X-22.20381 Y16.03253
G01 X-22.20691 Y16.02501
G01 X-23.42499 Y16.02501
G01 X-23.52301 Y16.02983
G01 X-23.57178 Y16.03464
G01 X-23.76406 Y16.07289
G01 X-23.81094 Y16.08711
G01 X-23.99205 Y16.16212
G01 X-24.03528 Y16.18523
G01 X-24.11945 Y16.23570
G01 X-24.19827 Y16.29415
G01 X-24.23617 Y16.32524
G01 X-24.30886 Y16.39115
G01 X-24.33962 Y16.42506
G01 X-24.33690 Y16.43197
G01 X-24.33962 Y16.42506
G01 X-26.02499 Y16.42506
G01 X-26.12298 Y16.42988
G01 X-26.36684 Y16.45391
G01 X-26.46392 Y16.46829
G01 X-26.55912 Y16.49217
G01 X-26.79362 Y16.56326
G01 X-26.97472 Y16.63829
G01 X-27.19082 Y16.75379
G01 X-27.27500 Y16.80426
G01 X-27.35384 Y16.86275
G01 X-27.54325 Y17.01817
G01 X-27.68091 Y17.15584
G01 X-27.76263 Y17.38421
G01 X-27.77754 Y17.43329
G01 X-27.76263 Y17.38421
G01 X-27.68091 Y17.15584
G01 X-27.67578 Y17.14149
G01 X-27.58747 Y16.92892
G01 X-27.58455 Y16.92267
G01 X-27.41726 Y16.78543
G01 X-27.33057 Y16.72110
G01 X-27.23796 Y16.66560
G01 X-27.02186 Y16.55010
G01 X-26.82265 Y16.46758
G01 X-26.58816 Y16.39646
G01 X-26.48343 Y16.37022
G01 X-26.37665 Y16.35437
G01 X-26.13278 Y16.33034
G01 X-26.02499 Y16.32506
G01 X-24.38379 Y16.32506
G01 X-24.38166 Y16.33095
G01 X-24.38379 Y16.32506
G01 X-24.37957 Y16.32044
G01 X-24.29959 Y16.24792
G01 X-24.26172 Y16.21683
G01 X-24.17500 Y16.15252
G01 X-24.08242 Y16.09707
G01 X-24.03919 Y16.07393
G01 X-23.83998 Y15.99140
G01 X-23.79306 Y15.97718
G01 X-23.58158 Y15.93512
G01 X-23.53281 Y15.93034
G01 X-23.42499 Y15.92503
G01 X-22.24834 Y15.92503
G01 X-22.24521 Y15.93245
G01 X-22.24834 Y15.92503
G01 X-20.45497 Y14.13164
G01 X-20.44735 Y14.13479
G01 X-20.45497 Y14.13164
G01 X-20.45477 Y10.48568
G01 X-20.47471 Y10.38644
G01 X-20.49970 Y10.13284
G01 X-20.49970 Y9.91720
G01 X-20.47471 Y9.66358
G01 X-20.43264 Y9.45207
G01 X-20.35865 Y9.20821
G01 X-20.32231 Y9.10658
G01 X-20.27615 Y9.00900
G01 X-20.15601 Y8.78423
G01 X-20.11590 Y8.71730
G01 X-20.00422 Y8.65743
G01 X-19.91547 Y8.61545
G01 X-19.75159 Y8.53793
G01 X-19.70277 Y8.51766
G01 X-19.57179 Y8.46325
G01 X-19.44867 Y8.41921
G01 X-19.31928 Y8.37290
G01 X-19.16927 Y8.32728
G01 X-19.14842 Y8.32205
G01 X-19.16927 Y8.32728
G01 X-19.31928 Y8.37290
G01 X-19.44867 Y8.41921
G01 X-19.53173 Y8.48736
G01 X-19.64263 Y8.59825
G01 X-19.80430 Y8.79525
G01 X-19.89145 Y8.92566
G01 X-20.01156 Y9.15040
G01 X-20.04514 Y9.22136
G01 X-20.07158 Y9.29530
G01 X-20.14557 Y9.53917
G01 X-20.17615 Y9.69299
G01 X-20.20115 Y9.94661
G01 X-20.20498 Y10.02502
G01 X-20.20115 Y10.10343
G01 X-20.17615 Y10.35705
G01 X-20.15477 Y10.46353
G01 X-20.15497 Y14.25590
G01 X-20.14735 Y14.25905
G01 X-20.15497 Y14.25590
G01 X-22.12413 Y16.22506
G01 X-22.12101 Y16.23253
G01 X-22.12413 Y16.22506
G01 X-22.12499 Y16.22501
G01 X-23.42499 Y16.22501
G01 X-23.50340 Y16.22887
G01 X-23.55217 Y16.23367
G01 X-23.70599 Y16.26428
G01 X-23.75288 Y16.27850
G01 X-23.89779 Y16.33852
G01 X-23.94099 Y16.36161
G01 X-24.00833 Y16.40197
G01 X-24.07140 Y16.44876
G01 X-24.10927 Y16.47982
G01 X-24.16746 Y16.53255
G01 X-24.22016 Y16.59072
G01 X-24.24836 Y16.62506
G01 X-24.24493 Y16.63308
G01 X-24.24836 Y16.62506
G01 X-26.02499 Y16.62506
G01 X-26.10340 Y16.62892
G01 X-26.34726 Y16.65292
G01 X-26.42491 Y16.66445
G01 X-26.50106 Y16.68353
G01 X-26.73555 Y16.75465
G01 X-26.88043 Y16.81467
G01 X-27.09656 Y16.93021
G01 X-27.16390 Y16.97055
G01 X-27.22694 Y17.01736
G01 X-27.41637 Y17.17278
G01 X-27.52727 Y17.28365
G01 X-27.68272 Y17.47309
G01 X-27.72948 Y17.53613
G01 X-27.76984 Y17.60347
G01 X-27.87792 Y17.80565
G01 X-27.87855 Y17.80811
G01 X-27.91056 Y17.96869
G01 X-27.94655 Y18.21129
G01 X-27.96123 Y18.36003
G01 X-27.97317 Y18.60319
G01 X-27.97487 Y18.67306
G01 X-27.97494 Y18.67550
G01 X-27.97494 Y19.28812
G01 X-27.94538 Y19.38563
G01 X-27.88536 Y19.53051
G01 X-27.76984 Y19.74664
G01 X-27.72948 Y19.81398
G01 X-27.68272 Y19.87702
G01 X-27.52727 Y20.06648
G01 X-27.41637 Y20.17735
G01 X-27.22694 Y20.33280
G01 X-27.16390 Y20.37958
G01 X-27.09656 Y20.41992
G01 X-26.88043 Y20.53544
G01 X-26.73555 Y20.59546
G01 X-26.50106 Y20.66658
G01 X-26.42491 Y20.68565
G01 X-26.34726 Y20.69719
G01 X-26.10340 Y20.72119
G01 X-26.02499 Y20.72505
G01 X-24.37226 Y20.72505
G01 X-24.36517 Y20.71238
G01 X-24.37226 Y20.72505
G01 X-24.36149 Y20.74781
G01 X-24.33840 Y20.79101
G01 X-24.25125 Y20.92142
G01 X-24.22016 Y20.95931
G01 X-24.16746 Y21.01748
G01 X-24.10927 Y21.07019
G01 X-24.07140 Y21.10130
G01 X-24.00833 Y21.14806
G01 X-23.94099 Y21.18842
G01 X-23.89779 Y21.21151
G01 X-23.86517 Y21.22502
G01 X-23.42499 Y21.22502
G01 X-23.86517 Y21.22502
G01 X-24.07223 Y21.22502
G01 X-24.13485 Y21.17859
G01 X-24.17272 Y21.14750
G01 X-24.23817 Y21.08819
G01 X-24.29748 Y21.02274
G01 X-24.32857 Y20.98487
G01 X-24.42659 Y20.83816
G01 X-24.43360 Y20.82505
G01 X-24.42755 Y20.81357
G01 X-24.43360 Y20.82505
G01 X-26.02499 Y20.82505
G01 X-26.11320 Y20.82073
G01 X-26.35704 Y20.79670
G01 X-26.44442 Y20.78375
G01 X-26.53009 Y20.76229
G01 X-26.76458 Y20.69114
G01 X-26.92758 Y20.62363
G01 X-27.14370 Y20.50811
G01 X-27.21945 Y20.46272
G01 X-27.29039 Y20.41009
G01 X-27.47982 Y20.25467
G01 X-27.60456 Y20.12990
G01 X-27.76001 Y19.94047
G01 X-27.81264 Y19.86955
G01 X-27.85803 Y19.79378
G01 X-27.97355 Y19.57766
G01 X-27.97494 Y19.57428
G01 X-27.97494 Y19.78718
G01 X-27.94624 Y19.84090
G01 X-27.89577 Y19.92508
G01 X-27.83733 Y20.00392
G01 X-27.68188 Y20.19333
G01 X-27.54325 Y20.33196
G01 X-27.35384 Y20.48741
G01 X-27.27500 Y20.54585
G01 X-27.19082 Y20.59632
G01 X-26.97472 Y20.71182
G01 X-26.79362 Y20.78685
G01 X-26.55912 Y20.85797
G01 X-26.46392 Y20.88182
G01 X-26.36684 Y20.89622
G01 X-26.12298 Y20.92025
G01 X-26.02499 Y20.92505
G01 X-24.48821 Y20.92505
G01 X-24.48237 Y20.91382
G01 X-24.48821 Y20.92505
G01 X-24.40586 Y21.04829
G01 X-24.37477 Y21.08619
G01 X-24.30886 Y21.15891
G01 X-24.23617 Y21.22480
G01 X-24.23589 Y21.22502
G01 X-24.07223 Y21.22502
G01 X-24.23589 Y21.22502
G01 X-24.38374 Y21.22502
G01 X-24.45207 Y21.14961
G01 X-24.48316 Y21.11174
G01 X-24.54109 Y21.02505
G01 X-24.53622 Y21.01502
G01 X-24.54109 Y21.02505
G01 X-26.02499 Y21.02505
G01 X-26.13278 Y21.01977
G01 X-26.37665 Y20.99574
G01 X-26.48343 Y20.97989
G01 X-26.58816 Y20.95368
G01 X-26.82265 Y20.88253
G01 X-27.02186 Y20.80001
G01 X-27.23796 Y20.68451
G01 X-27.33057 Y20.62901
G01 X-27.41726 Y20.56470
G01 X-27.60670 Y20.40928
G01 X-27.75917 Y20.25678
G01 X-27.91462 Y20.06734
G01 X-27.97497 Y19.98599
G01 X-27.97494 Y19.78718
G01 X-27.97494 Y19.57428
G01 X-27.97494 Y19.28812
G01 X-27.97494 Y18.67550
G01 X-27.97492 Y18.67377
G01 X-27.97487 Y18.67306
G01 X-27.97159 Y18.60646
G01 X-27.94759 Y18.36260
G01 X-27.93750 Y18.29465
G01 X-27.92082 Y18.22800
G01 X-27.84967 Y17.99351
G01 X-27.79717 Y17.86671
G01 X-27.68165 Y17.65061
G01 X-27.64634 Y17.59168
G01 X-27.60543 Y17.53651
G01 X-27.44995 Y17.34710
G01 X-27.35292 Y17.25010
G01 X-27.16352 Y17.09460
G01 X-27.10835 Y17.05368
G01 X-27.04942 Y17.01838
G01 X-26.83332 Y16.90286
G01 X-26.70652 Y16.85036
G01 X-26.47203 Y16.77921
G01 X-26.40540 Y16.76252
G01 X-26.33746 Y16.75244
G01 X-26.09359 Y16.72846
G01 X-26.02499 Y16.72506
G01 X-24.19601 Y16.72506
G01 X-24.19141 Y16.73476
G01 X-24.19601 Y16.72506
G01 X-24.17396 Y16.69204
G01 X-24.14287 Y16.65422
G01 X-24.09675 Y16.60327
G01 X-24.04584 Y16.55714
G01 X-24.00795 Y16.52607
G01 X-23.95278 Y16.48510
G01 X-23.89385 Y16.44980
G01 X-23.85064 Y16.42671
G01 X-23.72385 Y16.37418
G01 X-23.67696 Y16.35998
G01 X-23.54236 Y16.33319
G01 X-23.49360 Y16.32839
G01 X-23.42499 Y16.32501
G01 X-22.12499 Y16.32501
G01 X-22.08463 Y16.32699
G01 X-22.08151 Y16.33451
G01 X-22.08463 Y16.32699
G01 X-20.05497 Y14.29733
G01 X-20.04735 Y14.30048
G01 X-20.05497 Y14.29733
G01 X-20.05479 Y10.45616
G01 X-20.07664 Y10.34725
G01 X-20.10160 Y10.09363
G01 X-20.10498 Y10.02502
G01 X-20.10160 Y9.95639
G01 X-20.07664 Y9.70277
G01 X-20.04986 Y9.56820
G01 X-19.97590 Y9.32434
G01 X-19.95274 Y9.25964
G01 X-19.92337 Y9.19754
G01 X-19.80323 Y8.97280
G01 X-19.76792 Y8.91387
G01 X-19.72701 Y8.85870
G01 X-19.56533 Y8.66170
G01 X-19.46831 Y8.56467
G01 X-19.27130 Y8.40300
G01 X-19.21614 Y8.36208
G01 X-19.15721 Y8.32675
G01 X-19.14842 Y8.32205
G01 X-18.91680 Y8.26404
G01 X-18.78662 Y8.23808
G01 X-18.53422 Y8.20064
G01 X-18.41507 Y8.18888
G01 X-18.16267 Y8.17649
G01 X-18.04728 Y8.17649
G01 X-17.79488 Y8.18888
G01 X-17.67573 Y8.20064
G01 X-17.51850 Y8.22398
G01 X-17.43333 Y8.24981
G01 X-17.37789 Y8.26965
G01 X-17.32465 Y8.29482
G01 X-17.09991 Y8.41494
G01 X-17.00212 Y8.48029
G01 X-16.80512 Y8.64197
G01 X-16.72193 Y8.72515
G01 X-16.56026 Y8.92213
G01 X-16.49493 Y9.01994
G01 X-16.37479 Y9.24468
G01 X-16.34962 Y9.29792
G01 X-16.32978 Y9.35334
G01 X-16.25579 Y9.59723
G01 X-16.23285 Y9.71258
G01 X-16.20789 Y9.96619
G01 X-16.20499 Y10.02502
G01 X-16.20789 Y10.08382
G01 X-16.23285 Y10.33744
G01 X-16.25498 Y10.44862
G01 X-16.25498 Y11.70002
G01 X-16.28137 Y11.72431
G01 X-16.25498 Y11.70002
G01 X-16.22498 Y11.70002
G01 X-16.16618 Y11.70289
G01 X-16.11741 Y11.70769
G01 X-16.05917 Y11.71636
G01 X-16.00204 Y11.73066
G01 X-15.95516 Y11.74488
G01 X-15.84647 Y11.78989
G01 X-15.80326 Y11.81300
G01 X-15.75274 Y11.84325
G01 X-15.70545 Y11.87833
G01 X-15.70146 Y11.88161
G01 X-15.70085 Y11.89215
G01 X-15.70253 Y11.86274
G01 X-15.70255 Y11.86233
G01 X-15.70461 Y11.82047
G01 X-15.71162 Y11.75148
G01 X-15.75612 Y11.72479
G01 X-15.79933 Y11.70170
G01 X-15.92612 Y11.64917
G01 X-15.97301 Y11.63495
G01 X-16.03966 Y11.61826
G01 X-16.10761 Y11.60818
G01 X-16.15498 Y11.60353
G01 X-16.17766 Y11.62212
G01 X-16.15498 Y11.60353
G01 X-16.15498 Y10.45601
G01 X-16.13334 Y10.34725
G01 X-16.10837 Y10.09363
G01 X-16.10499 Y10.02502
G01 X-16.10837 Y9.95639
G01 X-16.13334 Y9.70277
G01 X-16.16011 Y9.56820
G01 X-16.23407 Y9.32434
G01 X-16.25724 Y9.25964
G01 X-16.28660 Y9.19754
G01 X-16.40674 Y8.97280
G01 X-16.44205 Y8.91387
G01 X-16.48297 Y8.85870
G01 X-16.64464 Y8.66170
G01 X-16.74167 Y8.56467
G01 X-16.93867 Y8.40300
G01 X-16.99384 Y8.36208
G01 X-17.05277 Y8.32675
G01 X-17.06158 Y8.32205
G01 X-17.29313 Y8.26406
G01 X-17.42333 Y8.23808
G01 X-17.67573 Y8.20064
G01 X-17.42333 Y8.23808
G01 X-17.29313 Y8.26406
G01 X-17.04068 Y8.32728
G01 X-16.89061 Y8.37293
G01 X-16.76125 Y8.41921
G01 X-16.63814 Y8.46328
G01 X-16.50717 Y8.51766
G01 X-16.49003 Y8.53483
G01 X-16.32836 Y8.73181
G01 X-16.23034 Y8.87852
G01 X-16.11022 Y9.10325
G01 X-16.07245 Y9.18311
G01 X-16.04271 Y9.26627
G01 X-15.96872 Y9.51014
G01 X-15.93430 Y9.68319
G01 X-15.90931 Y9.93681
G01 X-15.90499 Y10.02502
G01 X-15.90931 Y10.11324
G01 X-15.93430 Y10.36685
G01 X-15.95498 Y10.47077
G01 X-15.95498 Y11.43355
G01 X-15.97316 Y11.44633
G01 X-15.95498 Y11.43355
G01 X-15.91495 Y11.44356
G01 X-15.86806 Y11.45778
G01 X-15.73954 Y11.51102
G01 X-15.72844 Y11.58577
G01 X-15.72409 Y11.62850
G01 X-15.72844 Y11.58577
G01 X-15.74022 Y11.50635
G01 X-15.76072 Y11.39451
G01 X-15.83903 Y11.36210
G01 X-15.85498 Y11.35728
G01 X-15.87228 Y11.36904
G01 X-15.85498 Y11.35728
G01 X-15.85498 Y10.47813
G01 X-15.83479 Y10.37666
G01 X-15.80979 Y10.12304
G01 X-15.80499 Y10.02502
G01 X-15.80979 Y9.92700
G01 X-15.83479 Y9.67338
G01 X-15.87304 Y9.48111
G01 X-15.94700 Y9.23724
G01 X-15.98007 Y9.14483
G01 X-16.02203 Y9.05614
G01 X-16.14215 Y8.83137
G01 X-16.25107 Y8.66838
G01 X-16.29450 Y8.61542
G01 X-16.45848 Y8.53790
G01 X-16.50717 Y8.51766
G01 X-16.45848 Y8.53790
G01 X-16.29450 Y8.61542
G01 X-16.20583 Y8.65738
G01 X-16.09409 Y8.71728
G01 X-16.05396 Y8.78423
G01 X-15.93382 Y9.00900
G01 X-15.88767 Y9.10658
G01 X-15.85132 Y9.20821
G01 X-15.77733 Y9.45207
G01 X-15.73527 Y9.66358
G01 X-15.71027 Y9.91720
G01 X-15.71027 Y10.13284
G01 X-15.73527 Y10.38644
G01 X-15.75498 Y10.48552
G01 X-15.75498 Y11.19207
G01 X-15.77903 Y11.25019
G01 X-15.78185 Y11.25931
G01 X-15.78284 Y11.26881
G01 X-15.78630 Y11.26850
G01 X-15.78284 Y11.26881
G01 X-15.78203 Y11.27833
G01 X-15.76072 Y11.39451
G01 X-15.74022 Y11.50635
G01 X-15.72844 Y11.58577
G01 X-15.72409 Y11.62850
G01 X-15.70461 Y11.82047
G01 X-15.70255 Y11.86233
G01 X-15.70253 Y11.86274
G01 X-15.70085 Y11.89215
G01 X-15.70085 Y11.89256
G01 X-15.69719 Y11.94884
G01 X-15.69407 Y12.04257
G01 X-15.69410 Y12.10411
G01 X-15.69684 Y12.17226
G01 X-15.69783 Y12.19637
G01 X-15.69897 Y12.21023
G01 X-15.69907 Y12.21173
G01 X-15.70215 Y12.26896
G01 X-15.70220 Y12.27051
G01 X-15.70263 Y12.28905
G01 X-15.70613 Y12.34800
G01 X-15.71111 Y12.39860
G01 X-15.70784 Y12.36512
G01 X-15.72945 Y12.31293
G01 X-15.75254 Y12.26969
G01 X-15.76768 Y12.24445
G01 X-15.78520 Y12.22080
G01 X-15.81632 Y12.18293
G01 X-15.85790 Y12.14132
G01 X-15.89577 Y12.11023
G01 X-15.91942 Y12.09271
G01 X-15.94467 Y12.07757
G01 X-15.98790 Y12.05446
G01 X-16.04223 Y12.03195
G01 X-16.08914 Y12.01773
G01 X-16.11769 Y12.01059
G01 X-16.14680 Y12.00627
G01 X-16.19559 Y12.00145
G01 X-16.22498 Y12.00002
G01 X-16.55498 Y12.00002
G01 X-16.58411 Y12.02906
G01 X-16.55498 Y12.00002
G01 X-16.55498 Y10.40556
G01 X-16.55566 Y10.40549
G01 X-16.55498 Y10.40556
G01 X-16.54289 Y10.36571
G01 X-16.53141 Y10.30803
G01 X-16.50644 Y10.05441
G01 X-16.50499 Y10.02502
G01 X-16.50644 Y9.99561
G01 X-16.53141 Y9.74199
G01 X-16.54289 Y9.68431
G01 X-16.61685 Y9.44044
G01 X-16.62678 Y9.41273
G01 X-16.63936 Y9.38611
G01 X-16.75950 Y9.16134
G01 X-16.77464 Y9.13610
G01 X-16.79216 Y9.11245
G01 X-16.95383 Y8.91545
G01 X-16.99544 Y8.87387
G01 X-17.19242 Y8.71220
G01 X-17.21606 Y8.69467
G01 X-17.24134 Y8.67953
G01 X-17.46608 Y8.55939
G01 X-17.49269 Y8.54682
G01 X-17.52041 Y8.53689
G01 X-17.76430 Y8.46292
G01 X-17.82195 Y8.45144
G01 X-18.07557 Y8.42645
G01 X-18.10499 Y8.42502
G01 X-18.13440 Y8.42645
G01 X-18.38802 Y8.45144
G01 X-18.44570 Y8.46292
G01 X-18.68957 Y8.53689
G01 X-18.71728 Y8.54682
G01 X-18.74390 Y8.55939
G01 X-18.96864 Y8.67953
G01 X-18.99391 Y8.69467
G01 X-19.01756 Y8.71220
G01 X-19.21454 Y8.87387
G01 X-19.25614 Y8.91545
G01 X-19.41781 Y9.11245
G01 X-19.43534 Y9.13610
G01 X-19.45048 Y9.16134
G01 X-19.57062 Y9.38611
G01 X-19.58319 Y9.41273
G01 X-19.59312 Y9.44044
G01 X-19.66709 Y9.68431
G01 X-19.67857 Y9.74199
G01 X-19.70354 Y9.99561
G01 X-19.70498 Y10.02502
G01 X-19.70354 Y10.05441
G01 X-19.67857 Y10.30803
G01 X-19.66709 Y10.36571
G01 X-19.65497 Y10.40567
G01 X-19.65426 Y10.40559
G01 X-19.65497 Y10.40567
G01 X-19.65497 Y14.46301
G01 X-19.64735 Y14.46616
G01 X-19.65497 Y14.46301
G01 X-21.94737 Y16.75541
G01 X-21.94354 Y16.76740
G01 X-21.94737 Y16.75541
G01 X-21.98913 Y16.74274
G01 X-22.04681 Y16.73126
G01 X-22.09558 Y16.72646
G01 X-22.12499 Y16.72501
G01 X-23.42499 Y16.72501
G01 X-23.45440 Y16.72646
G01 X-23.50317 Y16.73126
G01 X-23.56086 Y16.74274
G01 X-23.60774 Y16.75696
G01 X-23.66208 Y16.77946
G01 X-23.70531 Y16.80258
G01 X-23.73055 Y16.81772
G01 X-23.75420 Y16.83524
G01 X-23.79207 Y16.86633
G01 X-23.81389 Y16.88614
G01 X-23.83368 Y16.90794
G01 X-23.86477 Y16.94586
G01 X-23.89743 Y16.99470
G01 X-23.92055 Y17.03794
G01 X-23.93312 Y17.06453
G01 X-23.94305 Y17.09227
G01 X-23.95298 Y17.12506
G01 X-23.94203 Y17.14164
G01 X-23.95298 Y17.12506
G01 X-26.02499 Y17.12506
G01 X-26.05437 Y17.12651
G01 X-26.29824 Y17.15051
G01 X-26.32737 Y17.15488
G01 X-26.35592 Y17.16199
G01 X-26.59042 Y17.23313
G01 X-26.64475 Y17.25564
G01 X-26.86085 Y17.37113
G01 X-26.88610 Y17.38632
G01 X-26.90974 Y17.40382
G01 X-27.09918 Y17.55927
G01 X-27.14076 Y17.60085
G01 X-27.29621 Y17.79028
G01 X-27.31376 Y17.81393
G01 X-27.32890 Y17.83920
G01 X-27.44439 Y18.05531
G01 X-27.46689 Y18.10961
G01 X-27.53804 Y18.34411
G01 X-27.54520 Y18.37265
G01 X-27.54952 Y18.40181
G01 X-27.57352 Y18.64570
G01 X-27.57497 Y18.67507
G01 X-27.57352 Y18.70445
G01 X-27.54952 Y18.94832
G01 X-27.54520 Y18.97745
G01 X-27.53804 Y19.00600
G01 X-27.46689 Y19.24050
G01 X-27.44439 Y19.29483
G01 X-27.32890 Y19.51093
G01 X-27.31376 Y19.53618
G01 X-27.29621 Y19.55985
G01 X-27.14076 Y19.74926
G01 X-27.09918 Y19.79084
G01 X-26.90974 Y19.94629
G01 X-26.88610 Y19.96384
G01 X-26.86085 Y19.97900
G01 X-26.64475 Y20.09447
G01 X-26.59042 Y20.11697
G01 X-26.35592 Y20.18817
G01 X-26.32737 Y20.19528
G01 X-26.29824 Y20.19963
G01 X-26.05437 Y20.22360
G01 X-26.02499 Y20.22505
G01 X-23.97498 Y20.22505
G01 X-23.95133 Y20.19904
G01 X-23.97498 Y20.22505
G01 X-23.97498 Y20.27501
G01 X-23.97356 Y20.30443
G01 X-23.96873 Y20.35319
G01 X-23.96441 Y20.38233
G01 X-23.95727 Y20.41090
G01 X-23.94305 Y20.45777
G01 X-23.93312 Y20.48548
G01 X-23.92055 Y20.51210
G01 X-23.89743 Y20.55533
G01 X-23.86477 Y20.60422
G01 X-23.83368 Y20.64212
G01 X-23.81389 Y20.66391
G01 X-23.79207 Y20.68370
G01 X-23.75420 Y20.71479
G01 X-23.73055 Y20.73231
G01 X-23.70531 Y20.74745
G01 X-23.66208 Y20.77057
G01 X-23.60774 Y20.79307
G01 X-23.56086 Y20.80730
G01 X-23.53228 Y20.81443
G01 X-23.50317 Y20.81878
G01 X-23.45440 Y20.82358
G01 X-23.42499 Y20.82502
G01 X-22.12499 Y20.82502
G01 X-22.09558 Y20.82358
G01 X-22.04681 Y20.81878
G01 X-22.01768 Y20.81443
G01 X-21.98913 Y20.80730
G01 X-21.94224 Y20.79307
G01 X-21.88789 Y20.77057
G01 X-21.84468 Y20.74745
G01 X-21.81943 Y20.73231
G01 X-21.79578 Y20.71479
G01 X-21.75789 Y20.68370
G01 X-21.73607 Y20.66391
G01 X-21.71631 Y20.64212
G01 X-21.68522 Y20.60422
G01 X-21.65255 Y20.55533
G01 X-21.62944 Y20.51210
G01 X-21.61684 Y20.48548
G01 X-21.60694 Y20.45777
G01 X-21.59271 Y20.41090
G01 X-21.58555 Y20.38233
G01 X-21.58123 Y20.35319
G01 X-21.57643 Y20.30443
G01 X-21.57498 Y20.27501
G01 X-21.57498 Y20.21812
G01 X-21.59736 Y20.19655
G01 X-21.57498 Y20.21812
G01 X-21.45588 Y20.20874
G01 X-21.40940 Y20.20140
G01 X-21.21867 Y20.15558
G01 X-21.17389 Y20.14103
G01 X-20.99266 Y20.06600
G01 X-20.95073 Y20.04461
G01 X-20.78349 Y19.94212
G01 X-20.74539 Y19.91443
G01 X-20.59624 Y19.78708
G01 X-20.57895 Y19.77110
G01 X-17.00895 Y16.20106
G01 X-16.98919 Y16.17924
G01 X-16.83374 Y15.98980
G01 X-16.80105 Y15.94091
G01 X-16.68556 Y15.72481
G01 X-16.66305 Y15.67050
G01 X-16.59191 Y15.43598
G01 X-16.58043 Y15.37830
G01 X-16.55643 Y15.13443
G01 X-16.55498 Y15.10505
G01 X-16.55498 Y14.05001
G01 X-16.58411 Y14.02097
G01 X-16.55498 Y14.05001
G01 X-16.22498 Y14.05001
G01 X-16.19559 Y14.04856
G01 X-16.14680 Y14.04376
G01 X-16.11769 Y14.03944
G01 X-16.08914 Y14.03230
G01 X-16.04223 Y14.01805
G01 X-15.98790 Y13.99555
G01 X-15.94467 Y13.97246
G01 X-15.91942 Y13.95732
G01 X-15.89577 Y13.93980
G01 X-15.85790 Y13.90868
G01 X-15.81632 Y13.86710
G01 X-15.78520 Y13.82923
G01 X-15.76768 Y13.80558
G01 X-15.75254 Y13.78033
G01 X-15.72945 Y13.73710
G01 X-15.70784 Y13.68493
G01 X-15.71114 Y13.65145
G01 X-15.70613 Y13.70205
G01 X-15.70263 Y13.76103
G01 X-15.70222 Y13.77955
G01 X-15.70215 Y13.78110
G01 X-15.69910 Y13.83832
G01 X-15.69900 Y13.83982
G01 X-15.69783 Y13.85374
G01 X-15.69410 Y13.94617
G01 X-15.69410 Y14.00769
G01 X-15.69722 Y14.10129
G01 X-15.70085 Y14.15745
G01 X-15.70093 Y14.15841
G01 X-15.70136 Y14.16832
G01 X-15.70545 Y14.17170
G01 X-15.75274 Y14.20675
G01 X-15.80326 Y14.23703
G01 X-15.84647 Y14.26014
G01 X-15.95516 Y14.30515
G01 X-16.00204 Y14.31937
G01 X-16.05917 Y14.33367
G01 X-16.11741 Y14.34231
G01 X-16.16618 Y14.34714
G01 X-16.22498 Y14.35001
G01 X-16.25498 Y14.35001
G01 X-16.28137 Y14.32572
G01 X-16.25498 Y14.35001
G01 X-16.25498 Y15.10505
G01 X-16.25787 Y15.16385
G01 X-16.28188 Y15.40771
G01 X-16.30484 Y15.52305
G01 X-16.37596 Y15.75755
G01 X-16.42097 Y15.86628
G01 X-16.53649 Y16.08239
G01 X-16.60184 Y16.18013
G01 X-16.75729 Y16.36956
G01 X-16.79681 Y16.41317
G01 X-20.36681 Y19.98319
G01 X-20.40140 Y20.01517
G01 X-20.55058 Y20.14258
G01 X-20.62672 Y20.19790
G01 X-20.79398 Y20.30039
G01 X-20.87788 Y20.34314
G01 X-21.05908 Y20.41819
G01 X-21.14862 Y20.44730
G01 X-21.30292 Y20.48433
G01 X-21.31072 Y20.47557
G01 X-21.30292 Y20.48433
G01 X-21.30562 Y20.49795
G01 X-21.31986 Y20.54486
G01 X-21.33968 Y20.60029
G01 X-21.36487 Y20.65352
G01 X-21.38796 Y20.69675
G01 X-21.45332 Y20.79454
G01 X-21.48441 Y20.83242
G01 X-21.52395 Y20.87605
G01 X-21.56757 Y20.91560
G01 X-21.60546 Y20.94669
G01 X-21.65276 Y20.98177
G01 X-21.70325 Y21.01204
G01 X-21.74648 Y21.03513
G01 X-21.85514 Y21.08014
G01 X-21.90203 Y21.09437
G01 X-21.95916 Y21.10869
G01 X-22.01740 Y21.11733
G01 X-22.06617 Y21.12213
G01 X-22.12499 Y21.12502
G01 X-23.42499 Y21.12502
G01 X-23.48379 Y21.12213
G01 X-23.53256 Y21.11733
G01 X-23.59080 Y21.10869
G01 X-23.64793 Y21.09437
G01 X-23.69484 Y21.08014
G01 X-23.80350 Y21.03513
G01 X-23.84671 Y21.01204
G01 X-23.89723 Y20.98177
G01 X-23.94452 Y20.94669
G01 X-23.98239 Y20.91560
G01 X-24.02603 Y20.87605
G01 X-24.06558 Y20.83242
G01 X-24.09667 Y20.79454
G01 X-24.16200 Y20.69675
G01 X-24.18511 Y20.65352
G01 X-24.21028 Y20.60029
G01 X-24.23012 Y20.54486
G01 X-24.23612 Y20.52505
G01 X-24.22532 Y20.50862
G01 X-24.23612 Y20.52505
G01 X-26.02499 Y20.52505
G01 X-26.08379 Y20.52216
G01 X-26.32765 Y20.49815
G01 X-26.38589 Y20.48952
G01 X-26.44302 Y20.47519
G01 X-26.67749 Y20.40412
G01 X-26.78617 Y20.35909
G01 X-27.00228 Y20.24354
G01 X-27.05277 Y20.21327
G01 X-27.10007 Y20.17819
G01 X-27.28950 Y20.02274
G01 X-27.37266 Y19.93961
G01 X-27.52811 Y19.75015
G01 X-27.56318 Y19.70285
G01 X-27.59346 Y19.65236
G01 X-27.70898 Y19.43625
G01 X-27.75399 Y19.32759
G01 X-27.82511 Y19.09310
G01 X-27.83944 Y19.03598
G01 X-27.84807 Y18.97773
G01 X-27.87207 Y18.73387
G01 X-27.87497 Y18.67507
G01 X-27.87207 Y18.61624
G01 X-27.84807 Y18.37238
G01 X-27.83944 Y18.31418
G01 X-27.82511 Y18.25706
G01 X-27.75399 Y18.02254
G01 X-27.70898 Y17.91385
G01 X-27.59346 Y17.69775
G01 X-27.56318 Y17.64728
G01 X-27.52811 Y17.60001
G01 X-27.37266 Y17.41053
G01 X-27.28950 Y17.32739
G01 X-27.10007 Y17.17192
G01 X-27.05277 Y17.13684
G01 X-27.00228 Y17.10662
G01 X-26.78617 Y16.99105
G01 X-26.67749 Y16.94604
G01 X-26.44302 Y16.87492
G01 X-26.38589 Y16.86064
G01 X-26.32765 Y16.85196
G01 X-26.08379 Y16.82795
G01 X-26.02499 Y16.82506
G01 X-24.14315 Y16.82506
G01 X-24.13815 Y16.83524
G01 X-24.14315 Y16.82506
G01 X-24.09667 Y16.75549
G01 X-24.06558 Y16.71759
G01 X-24.02603 Y16.67398
G01 X-23.98239 Y16.63443
G01 X-23.94452 Y16.60337
G01 X-23.89723 Y16.56826
G01 X-23.84671 Y16.53801
G01 X-23.80350 Y16.51492
G01 X-23.69484 Y16.46989
G01 X-23.64793 Y16.45564
G01 X-23.53256 Y16.43270
G01 X-23.48379 Y16.42793
G01 X-23.42499 Y16.42503
G01 X-22.12499 Y16.42503
G01 X-22.06617 Y16.42793
G01 X-22.04610 Y16.42988
G01 X-22.04295 Y16.43745
G01 X-22.04610 Y16.42988
G01 X-19.95497 Y14.33875
G01 X-19.94735 Y14.34190
G01 X-19.95497 Y14.33875
G01 X-19.95479 Y10.44877
G01 X-19.97712 Y10.33744
G01 X-20.00209 Y10.08382
G01 X-20.00498 Y10.02502
G01 X-20.00209 Y9.96619
G01 X-19.97712 Y9.71258
G01 X-19.95418 Y9.59723
G01 X-19.88019 Y9.35334
G01 X-19.86036 Y9.29792
G01 X-19.83518 Y9.24468
G01 X-19.71504 Y9.01994
G01 X-19.64971 Y8.92213
G01 X-19.48804 Y8.72515
G01 X-19.40486 Y8.64197
G01 X-19.20785 Y8.48029
G01 X-19.11006 Y8.41494
G01 X-18.88533 Y8.29482
G01 X-18.83209 Y8.26965
G01 X-18.77664 Y8.24981
G01 X-18.69152 Y8.22398
G01 X-18.53422 Y8.20064
G04 P0 ( dwell for no time -- G64 should not smooth over this point )
G00 Z5.00000 ( retract )

G00 X-29.51845 Y8.22396 ( rapid move to begin. )
G01 F150.00000
( Mill infeed pass 1/1 )
G01 Z-0.06000
G04 P0 ( dwell for no time -- G64 should not smooth over this point )
G01 F300.00000
G01 X-29.51845 Y8.22396
G01 X-29.43334 Y8.24981
G01 X-29.37789 Y8.26965
G01 X-29.32465 Y8.29482
G01 X-29.09991 Y8.41494
G01 X-29.00212 Y8.48029
G01 X-28.80512 Y8.64197
G01 X-28.72193 Y8.72515
G01 X-28.56026 Y8.92213
G01 X-28.49493 Y9.01994
G01 X-28.37479 Y9.24468
G01 X-28.32978 Y9.35332
G01 X-28.30713 Y9.42807
G01 X-28.28185 Y9.48903
G01 X-28.25274 Y9.57856
G01 X-28.20695 Y9.76934
G01 X-28.19222 Y9.86236
G01 X-28.17682 Y10.05794
G01 X-28.17497 Y10.10503
G01 X-28.17497 Y11.70246
G01 X-28.19785 Y11.72136
G01 X-28.17497 Y11.70246
G01 X-28.16618 Y11.70289
G01 X-28.11741 Y11.70769
G01 X-28.05917 Y11.71636
G01 X-28.00205 Y11.73066
G01 X-27.95516 Y11.74488
G01 X-27.84647 Y11.78989
G01 X-27.80327 Y11.81300
G01 X-27.75275 Y11.84325
G01 X-27.70545 Y11.87833
G01 X-27.70146 Y11.88163
G01 X-27.70088 Y11.89187
G01 X-27.70253 Y11.86274
G01 X-27.70255 Y11.86236
G01 X-27.70464 Y11.82012
G01 X-27.71160 Y11.75146
G01 X-27.72409 Y11.62850
G01 X-27.71160 Y11.75146
G01 X-27.75612 Y11.72479
G01 X-27.79933 Y11.70170
G01 X-27.92613 Y11.64917
G01 X-27.97301 Y11.63495
G01 X-28.03966 Y11.61826
G01 X-28.07497 Y11.61303
G01 X-28.09636 Y11.62984
G01 X-28.07497 Y11.61303
G01 X-28.07497 Y10.10503
G01 X-28.07713 Y10.05009
G01 X-28.09252 Y9.85451
G01 X-28.10972 Y9.74600
G01 X-28.15551 Y9.55522
G01 X-28.18947 Y9.45075
G01 X-28.21284 Y9.39434
G01 X-28.23410 Y9.32429
G01 X-28.28660 Y9.19754
G01 X-28.40674 Y8.97280
G01 X-28.44205 Y8.91387
G01 X-28.48297 Y8.85870
G01 X-28.64464 Y8.66170
G01 X-28.74167 Y8.56467
G01 X-28.93867 Y8.40300
G01 X-28.99384 Y8.36208
G01 X-29.05277 Y8.32675
G01 X-29.06156 Y8.32205
G01 X-29.04068 Y8.32728
G01 X-28.89069 Y8.37288
G01 X-28.76133 Y8.41918
G01 X-28.67824 Y8.48736
G01 X-28.56735 Y8.59825
G01 X-28.40568 Y8.79525
G01 X-28.31853 Y8.92566
G01 X-28.19841 Y9.15040
G01 X-28.13839 Y9.29525
G01 X-28.11858 Y9.36061
G01 X-28.09709 Y9.41247
G01 X-28.05828 Y9.53188
G01 X-28.01249 Y9.72263
G01 X-27.99283 Y9.84666
G01 X-27.97743 Y10.04224
G01 X-27.97497 Y10.10503
G01 X-27.97497 Y11.53149
G01 X-27.99250 Y11.54351
G01 X-27.97497 Y11.53149
G01 X-27.94398 Y11.53927
G01 X-27.89709 Y11.55349
G01 X-27.75219 Y11.61351
G01 X-27.72409 Y11.62850
G01 X-27.72844 Y11.58577
G01 X-27.73954 Y11.51100
G01 X-27.74027 Y11.50607
G01 X-27.73954 Y11.51100
G01 X-27.86806 Y11.45778
G01 X-27.87497 Y11.45570
G01 X-27.89196 Y11.46711
G01 X-27.87497 Y11.45570
G01 X-27.87497 Y10.10503
G01 X-27.87774 Y10.03439
G01 X-27.89313 Y9.83881
G01 X-27.91523 Y9.69929
G01 X-27.96105 Y9.50854
G01 X-28.00471 Y9.37420
G01 X-28.02432 Y9.32685
G01 X-28.04271 Y9.26622
G01 X-28.11022 Y9.10325
G01 X-28.23034 Y8.87852
G01 X-28.32836 Y8.73181
G01 X-28.49003 Y8.53483
G01 X-28.50723 Y8.51763
G01 X-28.63814 Y8.46325
G01 X-28.45836 Y8.53793
G01 X-28.29453 Y8.61542
G01 X-28.25107 Y8.66838
G01 X-28.14215 Y8.83137
G01 X-28.02201 Y9.05614
G01 X-27.94700 Y9.23719
G01 X-27.93004 Y9.29312
G01 X-27.91231 Y9.33592
G01 X-27.86382 Y9.48517
G01 X-27.81800 Y9.67595
G01 X-27.79344 Y9.83096
G01 X-27.77804 Y10.02654
G01 X-27.77497 Y10.10503
G01 X-27.77497 Y11.38865
G01 X-27.79181 Y11.39990
G01 X-27.77497 Y11.38865
G01 X-27.75943 Y11.39507
G01 X-27.74027 Y11.50607
G01 X-27.76659 Y11.35347
G01 X-27.76730 Y11.34412
G01 X-27.77063 Y11.34371
G01 X-27.76730 Y11.34412
G01 X-27.76628 Y11.33480
G01 X-27.76351 Y11.32583
G01 X-27.67497 Y11.11206
G01 X-27.67497 Y10.10503
G01 X-27.67835 Y10.01870
G01 X-27.69377 Y9.82312
G01 X-27.72077 Y9.65261
G01 X-27.76656 Y9.46183
G01 X-27.81993 Y9.29764
G01 X-27.83578 Y9.25939
G01 X-27.85132 Y9.20816
G01 X-27.93382 Y9.00900
G01 X-28.05396 Y8.78423
G01 X-28.09410 Y8.71728
G01 X-28.20575 Y8.65741
G01 X-28.45836 Y8.53793
G01 X-28.63814 Y8.46325
G01 X-28.89069 Y8.37288
G01 X-29.04068 Y8.32728
G01 X-29.06156 Y8.32205
G01 X-29.29313 Y8.26404
G01 X-29.42333 Y8.23808
G01 X-29.51845 Y8.22396
G01 X-29.67575 Y8.20064
G01 X-29.79488 Y8.18888
G01 X-30.04728 Y8.17649
G01 X-30.16267 Y8.17649
G01 X-30.41505 Y8.18888
G01 X-30.53420 Y8.20064
G01 X-30.69147 Y8.22396
G01 X-30.78662 Y8.23808
G01 X-30.91680 Y8.26404
G01 X-31.16927 Y8.32726
G01 X-31.31931 Y8.37290
G01 X-31.57181 Y8.46325
G01 X-31.70278 Y8.51766
G01 X-31.75157 Y8.53793
G01 X-31.91547 Y8.61545
G01 X-32.00417 Y8.65741
G01 X-32.11591 Y8.71730
G01 X-32.15601 Y8.78423
G01 X-32.27615 Y9.00900
G01 X-32.32231 Y9.10658
G01 X-32.35865 Y9.20821
G01 X-32.43264 Y9.45207
G01 X-32.47471 Y9.66358
G01 X-32.49970 Y9.91720
G01 X-32.49970 Y10.13284
G01 X-32.47471 Y10.38644
G01 X-32.43264 Y10.59794
G01 X-32.37496 Y10.78809
G01 X-32.37389 Y10.78791
G01 X-32.37496 Y10.78809
G01 X-32.37496 Y15.95369
G01 X-32.34153 Y15.99120
G01 X-32.37496 Y15.95369
G01 X-32.46841 Y15.93512
G01 X-32.51718 Y15.93034
G01 X-32.62500 Y15.92503
G01 X-33.92500 Y15.92503
G01 X-34.03279 Y15.93034
G01 X-34.08159 Y15.93512
G01 X-34.29307 Y15.97718
G01 X-34.33998 Y15.99140
G01 X-34.53919 Y16.07393
G01 X-34.58242 Y16.09707
G01 X-34.67501 Y16.15252
G01 X-34.76172 Y16.21683
G01 X-34.79959 Y16.24792
G01 X-34.87958 Y16.32044
G01 X-34.95207 Y16.40040
G01 X-34.98316 Y16.43829
G01 X-35.10297 Y16.61759
G01 X-35.12606 Y16.66082
G01 X-35.17221 Y16.75838
G01 X-35.20858 Y16.86003
G01 X-35.22281 Y16.90697
G01 X-35.26490 Y17.11843
G01 X-35.26970 Y17.16720
G01 X-35.27498 Y17.27502
G01 X-35.27498 Y17.54629
G01 X-35.27242 Y17.54695
G01 X-35.27498 Y17.54629
G01 X-35.28428 Y17.56178
G01 X-35.39980 Y17.77786
G01 X-35.44597 Y17.87545
G01 X-35.48235 Y17.97707
G01 X-35.55352 Y18.21157
G01 X-35.59560 Y18.42305
G01 X-35.61966 Y18.66691
G01 X-35.62497 Y18.77474
G01 X-35.61968 Y18.88256
G01 X-35.59571 Y19.12643
G01 X-35.57988 Y19.23321
G01 X-35.55367 Y19.33793
G01 X-35.48255 Y19.57242
G01 X-35.40005 Y19.77166
G01 X-35.28458 Y19.98776
G01 X-35.27498 Y20.00377
G01 X-35.27214 Y20.00303
G01 X-35.27498 Y20.00377
G01 X-35.27498 Y20.27501
G01 X-35.26970 Y20.38284
G01 X-35.26490 Y20.43160
G01 X-35.22281 Y20.64311
G01 X-35.20858 Y20.69000
G01 X-35.17221 Y20.79162
G01 X-35.12606 Y20.88921
G01 X-35.10297 Y20.93244
G01 X-34.98316 Y21.11174
G01 X-34.95207 Y21.14961
G01 X-34.88374 Y21.22502
G01 X-34.73589 Y21.22502
G01 X-34.57221 Y21.22502
G01 X-34.73589 Y21.22502
G01 X-34.73614 Y21.22480
G01 X-34.80887 Y21.15891
G01 X-34.87478 Y21.08619
G01 X-34.90587 Y21.04829
G01 X-35.01478 Y20.88530
G01 X-35.03787 Y20.84207
G01 X-35.07983 Y20.75337
G01 X-35.11290 Y20.66097
G01 X-35.12713 Y20.61408
G01 X-35.16538 Y20.42180
G01 X-35.17018 Y20.37303
G01 X-35.17498 Y20.27501
G01 X-35.17498 Y19.97633
G01 X-35.17224 Y19.97565
G01 X-35.17498 Y19.97633
G01 X-35.19637 Y19.94065
G01 X-35.31186 Y19.72452
G01 X-35.35382 Y19.63580
G01 X-35.38687 Y19.54339
G01 X-35.45796 Y19.30890
G01 X-35.49619 Y19.11665
G01 X-35.52017 Y18.87278
G01 X-35.52497 Y18.77474
G01 X-35.52014 Y18.67672
G01 X-35.49609 Y18.43288
G01 X-35.45784 Y18.24060
G01 X-35.38666 Y18.00613
G01 X-35.35359 Y17.91375
G01 X-35.31163 Y17.82503
G01 X-35.19609 Y17.60893
G01 X-35.17498 Y17.57375
G01 X-35.17234 Y17.57443
G01 X-35.17498 Y17.57375
G01 X-35.17498 Y17.27502
G01 X-35.17018 Y17.17700
G01 X-35.16538 Y17.12823
G01 X-35.12713 Y16.93595
G01 X-35.11290 Y16.88907
G01 X-35.07983 Y16.79666
G01 X-35.03787 Y16.70796
G01 X-35.01478 Y16.66473
G01 X-34.90587 Y16.50172
G01 X-34.87478 Y16.46384
G01 X-34.80887 Y16.39115
G01 X-34.73614 Y16.32524
G01 X-34.69827 Y16.29415
G01 X-34.61946 Y16.23570
G01 X-34.53528 Y16.18523
G01 X-34.49205 Y16.16212
G01 X-34.31095 Y16.08711
G01 X-34.26404 Y16.07289
G01 X-34.07178 Y16.03464
G01 X-34.02301 Y16.02983
G01 X-33.92500 Y16.02501
G01 X-32.62500 Y16.02501
G01 X-32.52698 Y16.02983
G01 X-32.47819 Y16.03464
G01 X-32.28593 Y16.07289
G01 X-32.27496 Y16.07619
G01 X-32.23821 Y16.12127
G01 X-32.27496 Y16.07619
G01 X-32.27496 Y10.77325
G01 X-32.27389 Y10.77308
G01 X-32.27496 Y10.77325
G01 X-32.33694 Y10.56891
G01 X-32.37519 Y10.37666
G01 X-32.40018 Y10.12304
G01 X-32.40498 Y10.02502
G01 X-32.40018 Y9.92700
G01 X-32.37519 Y9.67338
G01 X-32.33694 Y9.48111
G01 X-32.26297 Y9.23724
G01 X-32.22990 Y9.14483
G01 X-32.18794 Y9.05614
G01 X-32.06782 Y8.83137
G01 X-31.95891 Y8.66838
G01 X-31.91547 Y8.61545
G01 X-31.75157 Y8.53793
G01 X-31.70278 Y8.51766
G01 X-31.71995 Y8.53483
G01 X-31.88162 Y8.73181
G01 X-31.97964 Y8.87852
G01 X-32.09975 Y9.10325
G01 X-32.13752 Y9.18311
G01 X-32.16727 Y9.26627
G01 X-32.24126 Y9.51014
G01 X-32.27567 Y9.68319
G01 X-32.30067 Y9.93681
G01 X-32.30498 Y10.02502
G01 X-32.30067 Y10.11324
G01 X-32.27567 Y10.36685
G01 X-32.24126 Y10.53988
G01 X-32.17496 Y10.75842
G01 X-32.17417 Y10.75832
G01 X-32.17496 Y10.75842
G01 X-32.17496 Y16.22135
G01 X-32.13186 Y16.28368
G01 X-32.17496 Y16.22135
G01 X-32.26805 Y16.18279
G01 X-32.31497 Y16.16857
G01 X-32.48799 Y16.13420
G01 X-32.53678 Y16.12935
G01 X-32.62500 Y16.12501
G01 X-33.92500 Y16.12501
G01 X-34.01321 Y16.12935
G01 X-34.06198 Y16.13420
G01 X-34.23503 Y16.16857
G01 X-34.28192 Y16.18279
G01 X-34.44491 Y16.25031
G01 X-34.48814 Y16.27342
G01 X-34.56388 Y16.31884
G01 X-34.63482 Y16.37144
G01 X-34.67272 Y16.40253
G01 X-34.73815 Y16.46184
G01 X-34.79749 Y16.52729
G01 X-34.82858 Y16.56517
G01 X-34.92659 Y16.71188
G01 X-34.94968 Y16.75508
G01 X-34.98745 Y16.83499
G01 X-35.01720 Y16.91810
G01 X-35.03142 Y16.96499
G01 X-35.06586 Y17.13809
G01 X-35.07066 Y17.18683
G01 X-35.07498 Y17.27502
G01 X-35.07498 Y17.60118
G01 X-35.07226 Y17.60194
G01 X-35.07498 Y17.60118
G01 X-35.10790 Y17.65607
G01 X-35.22344 Y17.87217
G01 X-35.26121 Y17.95201
G01 X-35.29098 Y18.03516
G01 X-35.36213 Y18.26963
G01 X-35.39657 Y18.44268
G01 X-35.42062 Y18.68655
G01 X-35.42497 Y18.77481
G01 X-35.42065 Y18.86298
G01 X-35.39667 Y19.10684
G01 X-35.38372 Y19.19422
G01 X-35.36225 Y19.27989
G01 X-35.29116 Y19.51438
G01 X-35.22367 Y19.67740
G01 X-35.10818 Y19.89351
G01 X-35.07498 Y19.94890
G01 X-35.07211 Y19.94817
G01 X-35.07498 Y19.94890
G01 X-35.07498 Y20.27501
G01 X-35.07066 Y20.36323
G01 X-35.06586 Y20.41202
G01 X-35.03142 Y20.58505
G01 X-35.01720 Y20.63193
G01 X-34.98745 Y20.71509
G01 X-34.94968 Y20.79495
G01 X-34.92659 Y20.83816
G01 X-34.82858 Y20.98487
G01 X-34.79749 Y21.02274
G01 X-34.73815 Y21.08819
G01 X-34.67272 Y21.14750
G01 X-34.63482 Y21.17859
G01 X-34.57221 Y21.22502
G01 X-34.36518 Y21.22502
G01 X-33.92500 Y21.22502
G01 X-32.62500 Y21.22502
G01 X-32.18479 Y21.22502
G01 X-31.97776 Y21.22502
G01 X-31.81410 Y21.22502
G01 X-31.66625 Y21.22502
G01 X-31.59790 Y21.14961
G01 X-31.56681 Y21.11174
G01 X-31.50890 Y21.02505
G01 X-31.51375 Y21.01509
G01 X-31.50890 Y21.02505
G01 X-30.02495 Y21.02505
G01 X-29.91716 Y21.01977
G01 X-29.67329 Y20.99574
G01 X-29.56651 Y20.97989
G01 X-29.46178 Y20.95368
G01 X-29.22729 Y20.88253
G01 X-29.02808 Y20.80001
G01 X-28.81198 Y20.68451
G01 X-28.71937 Y20.62901
G01 X-28.63268 Y20.56470
G01 X-28.44324 Y20.40928
G01 X-28.29077 Y20.25678
G01 X-28.13532 Y20.06734
G01 X-28.07497 Y19.98596
G01 X-28.07497 Y19.78713
G01 X-28.07497 Y19.57423
G01 X-28.07497 Y19.78713
G01 X-28.10370 Y19.84090
G01 X-28.15417 Y19.92508
G01 X-28.21261 Y20.00392
G01 X-28.36806 Y20.19333
G01 X-28.50669 Y20.33196
G01 X-28.69610 Y20.48741
G01 X-28.77494 Y20.54585
G01 X-28.85912 Y20.59632
G01 X-29.07522 Y20.71182
G01 X-29.25632 Y20.78685
G01 X-29.49082 Y20.85797
G01 X-29.58602 Y20.88182
G01 X-29.68309 Y20.89622
G01 X-29.92696 Y20.92025
G01 X-30.02495 Y20.92505
G01 X-31.56175 Y20.92505
G01 X-31.56757 Y20.91390
G01 X-31.56175 Y20.92505
G01 X-31.64410 Y21.04829
G01 X-31.67519 Y21.08619
G01 X-31.74110 Y21.15891
G01 X-31.81382 Y21.22480
G01 X-31.81410 Y21.22502
G01 X-31.97776 Y21.22502
G01 X-31.91514 Y21.17859
G01 X-31.87725 Y21.14750
G01 X-31.81182 Y21.08819
G01 X-31.75251 Y21.02274
G01 X-31.72142 Y20.98487
G01 X-31.62340 Y20.83816
G01 X-31.61639 Y20.82505
G01 X-31.62241 Y20.81365
G01 X-31.61639 Y20.82505
G01 X-30.02495 Y20.82505
G01 X-29.93674 Y20.82073
G01 X-29.69290 Y20.79670
G01 X-29.60552 Y20.78375
G01 X-29.51985 Y20.76229
G01 X-29.28536 Y20.69114
G01 X-29.12236 Y20.62363
G01 X-28.90624 Y20.50811
G01 X-28.83049 Y20.46272
G01 X-28.75955 Y20.41009
G01 X-28.57012 Y20.25467
G01 X-28.44538 Y20.12990
G01 X-28.28993 Y19.94047
G01 X-28.23730 Y19.86955
G01 X-28.19191 Y19.79378
G01 X-28.07639 Y19.57766
G01 X-28.07497 Y19.57423
G01 X-28.07497 Y19.28805
G01 X-28.07497 Y18.67507
G01 X-28.07494 Y18.67385
G01 X-28.07314 Y18.60019
G01 X-28.07309 Y18.59892
G01 X-28.06105 Y18.35388
G01 X-28.06087 Y18.35139
G01 X-28.04594 Y18.20026
G01 X-28.04563 Y18.19785
G01 X-28.00931 Y17.95282
G01 X-28.00888 Y17.95040
G01 X-27.97637 Y17.78739
G01 X-27.97583 Y17.78503
G01 X-27.91447 Y17.53997
G01 X-27.91381 Y17.53755
G01 X-27.87497 Y17.40989
G01 X-27.85795 Y17.35394
G01 X-27.85719 Y17.35165
G01 X-27.77497 Y17.12186
G01 X-27.76951 Y17.10662
G01 X-27.76862 Y17.10428
G01 X-27.67936 Y16.88942
G01 X-27.67840 Y16.88721
G01 X-27.67497 Y16.88000
G01 X-27.67497 Y14.85813
G01 X-27.73712 Y14.74495
G01 X-27.74030 Y14.73791
G01 X-27.74238 Y14.73050
G01 X-27.74327 Y14.72283
G01 X-27.74716 Y14.72359
G01 X-27.74327 Y14.72283
G01 X-27.74297 Y14.71513
G01 X-27.73484 Y14.64477
G01 X-27.73331 Y14.63141
G01 X-27.72689 Y14.57157
G01 X-27.72300 Y14.53215
G01 X-27.72689 Y14.57157
G01 X-27.73331 Y14.63141
G01 X-27.73484 Y14.64477
G01 X-27.77497 Y14.66138
G01 X-27.78597 Y14.65575
G01 X-27.77497 Y14.66138
G01 X-27.77497 Y17.12186
G01 X-27.85719 Y17.35165
G01 X-27.85795 Y17.35394
G01 X-27.87497 Y17.40989
G01 X-27.87497 Y14.59433
G01 X-27.89194 Y14.58292
G01 X-27.87497 Y14.59433
G01 X-27.86806 Y14.59222
G01 X-27.72300 Y14.53215
G01 X-27.71835 Y14.48480
G01 X-27.71391 Y14.41605
G01 X-27.70611 Y14.29527
G01 X-27.71391 Y14.41605
G01 X-27.75219 Y14.43652
G01 X-27.89709 Y14.49654
G01 X-27.94398 Y14.51076
G01 X-27.97497 Y14.51851
G01 X-27.99234 Y14.50667
G01 X-27.97497 Y14.51851
G01 X-27.97497 Y17.78152
G01 X-27.97583 Y17.78503
G01 X-27.97637 Y17.78739
G01 X-28.00888 Y17.95040
G01 X-28.00931 Y17.95282
G01 X-28.04563 Y18.19785
G01 X-28.04594 Y18.20026
G01 X-28.06087 Y18.35139
G01 X-28.06105 Y18.35388
G01 X-28.07309 Y18.59892
G01 X-28.07314 Y18.60019
G01 X-28.07494 Y18.67385
G01 X-28.07497 Y18.67507
G01 X-28.07835 Y18.74367
G01 X-28.10235 Y18.98754
G01 X-28.11243 Y19.05548
G01 X-28.12912 Y19.12213
G01 X-28.20027 Y19.35665
G01 X-28.25277 Y19.48340
G01 X-28.36829 Y19.69950
G01 X-28.40359 Y19.75843
G01 X-28.44451 Y19.81360
G01 X-28.59999 Y20.00303
G01 X-28.69702 Y20.10003
G01 X-28.88642 Y20.25551
G01 X-28.94159 Y20.29645
G01 X-29.00052 Y20.33173
G01 X-29.21662 Y20.44725
G01 X-29.34342 Y20.49975
G01 X-29.57791 Y20.57090
G01 X-29.64454 Y20.58759
G01 X-29.71248 Y20.59767
G01 X-29.95635 Y20.62167
G01 X-30.02495 Y20.62505
G01 X-31.74248 Y20.62505
G01 X-31.75025 Y20.61164
G01 X-31.74248 Y20.62505
G01 X-31.74730 Y20.63856
G01 X-31.77666 Y20.70067
G01 X-31.79978 Y20.74387
G01 X-31.87600 Y20.85797
G01 X-31.90709 Y20.89587
G01 X-31.95324 Y20.94677
G01 X-32.00415 Y20.99289
G01 X-32.04202 Y21.02398
G01 X-32.09719 Y21.06490
G01 X-32.15611 Y21.10023
G01 X-32.19935 Y21.12332
G01 X-32.32612 Y21.17585
G01 X-32.37301 Y21.19007
G01 X-32.43965 Y21.20676
G01 X-32.50760 Y21.21685
G01 X-32.55637 Y21.22165
G01 X-32.62500 Y21.22502
G01 X-32.18479 Y21.22502
G01 X-32.15220 Y21.21151
G01 X-32.10897 Y21.18842
G01 X-32.04164 Y21.14806
G01 X-31.97857 Y21.10130
G01 X-31.94070 Y21.07019
G01 X-31.88253 Y21.01748
G01 X-31.82980 Y20.95931
G01 X-31.79871 Y20.92142
G01 X-31.71159 Y20.79101
G01 X-31.68848 Y20.74781
G01 X-31.67773 Y20.72505
G01 X-31.68479 Y20.71243
G01 X-31.67773 Y20.72505
G01 X-30.02495 Y20.72505
G01 X-29.94654 Y20.72119
G01 X-29.70268 Y20.69719
G01 X-29.62503 Y20.68565
G01 X-29.54888 Y20.66658
G01 X-29.31439 Y20.59546
G01 X-29.16951 Y20.53544
G01 X-28.95338 Y20.41992
G01 X-28.88604 Y20.37958
G01 X-28.82300 Y20.33280
G01 X-28.63357 Y20.17735
G01 X-28.52267 Y20.06648
G01 X-28.36722 Y19.87702
G01 X-28.32046 Y19.81398
G01 X-28.28010 Y19.74664
G01 X-28.16458 Y19.53051
G01 X-28.10456 Y19.38563
G01 X-28.07497 Y19.28805
G01 X-28.07497 Y18.67507
G01 X-28.07497 Y14.43700
G01 X-28.09636 Y14.42019
G01 X-28.07497 Y14.43700
G01 X-28.03966 Y14.43177
G01 X-27.97301 Y14.41506
G01 X-27.92613 Y14.40083
G01 X-27.79933 Y14.34833
G01 X-27.75612 Y14.32522
G01 X-27.70611 Y14.29527
G01 X-27.70591 Y14.29194
G01 X-27.70431 Y14.23284
G01 X-27.70426 Y14.23190
G01 X-27.70136 Y14.16832
G01 X-27.70093 Y14.15869
G01 X-27.70088 Y14.15773
G01 X-27.69722 Y14.10126
G01 X-27.69473 Y14.02702
G01 X-27.69410 Y14.00769
G01 X-27.69410 Y13.94612
G01 X-27.69684 Y13.87774
G01 X-27.69783 Y13.85372
G01 X-27.69900 Y13.83959
G01 X-27.69910 Y13.83809
G01 X-27.70215 Y13.78089
G01 X-27.70222 Y13.77934
G01 X-27.70263 Y13.76101
G01 X-27.70614 Y13.70210
G01 X-27.71114 Y13.65143
G01 X-27.72054 Y13.58770
G01 X-27.72613 Y13.55953
G01 X-27.72630 Y13.55869
G01 X-27.73006 Y13.53792
G01 X-27.73022 Y13.53705
G01 X-27.73497 Y13.50812
G01 X-27.73502 Y13.50774
G01 X-27.73636 Y13.49903
G01 X-27.73644 Y13.49865
G01 X-27.76550 Y13.30261
G01 X-27.76580 Y13.30020
G01 X-27.77075 Y13.24996
G01 X-27.77096 Y13.24749
G01 X-27.78058 Y13.05146
G01 X-27.78063 Y13.04899
G01 X-27.78063 Y13.00106
G01 X-27.78058 Y12.99860
G01 X-27.77500 Y12.88481
G01 X-27.77500 Y12.55001
G01 X-27.77596 Y12.53040
G01 X-27.78076 Y12.48163
G01 X-27.78363 Y12.46223
G01 X-27.78841 Y12.44318
G01 X-27.80263 Y12.39629
G01 X-27.81764 Y12.36007
G01 X-27.84073 Y12.31684
G01 X-27.85081 Y12.30000
G01 X-27.86252 Y12.28425
G01 X-27.89361 Y12.24635
G01 X-27.92132 Y12.21864
G01 X-27.95922 Y12.18755
G01 X-27.97497 Y12.17584
G01 X-27.99181 Y12.16576
G01 X-28.03504 Y12.14267
G01 X-28.07126 Y12.12766
G01 X-28.11815 Y12.11343
G01 X-28.13720 Y12.10866
G01 X-28.15661 Y12.10579
G01 X-28.20537 Y12.10099
G01 X-28.22498 Y12.10002
G01 X-28.57497 Y12.10002
G01 X-28.60357 Y12.12804
G01 X-28.57497 Y12.10002
G01 X-28.57497 Y10.10503
G01 X-28.57558 Y10.08933
G01 X-28.59097 Y9.89373
G01 X-28.59590 Y9.86274
G01 X-28.64169 Y9.67196
G01 X-28.65140 Y9.64212
G01 X-28.68416 Y9.56302
G01 X-28.71256 Y9.46947
G01 X-28.72757 Y9.43325
G01 X-28.84769 Y9.20849
G01 X-28.86948 Y9.17590
G01 X-29.03115 Y8.97890
G01 X-29.04434 Y8.96434
G01 X-29.05886 Y8.95116
G01 X-29.25587 Y8.78949
G01 X-29.28845 Y8.76772
G01 X-29.51322 Y8.64758
G01 X-29.53097 Y8.63920
G01 X-29.54944 Y8.63259
G01 X-29.79330 Y8.55860
G01 X-29.83176 Y8.55096
G01 X-30.08538 Y8.52596
G01 X-30.10499 Y8.52502
G01 X-30.12460 Y8.52596
G01 X-30.37822 Y8.55096
G01 X-30.41667 Y8.55860
G01 X-30.66054 Y8.63259
G01 X-30.67900 Y8.63920
G01 X-30.69676 Y8.64758
G01 X-30.92150 Y8.76772
G01 X-30.95411 Y8.78949
G01 X-31.15111 Y8.95116
G01 X-31.16564 Y8.96434
G01 X-31.17882 Y8.97890
G01 X-31.34050 Y9.17590
G01 X-31.36229 Y9.20849
G01 X-31.48240 Y9.43325
G01 X-31.49081 Y9.45098
G01 X-31.49742 Y9.46947
G01 X-31.57141 Y9.71334
G01 X-31.57905 Y9.75179
G01 X-31.60402 Y10.00541
G01 X-31.60499 Y10.02502
G01 X-31.60402 Y10.04460
G01 X-31.57905 Y10.29822
G01 X-31.57141 Y10.33668
G01 X-31.49742 Y10.58057
G01 X-31.49081 Y10.59904
G01 X-31.48240 Y10.61679
G01 X-31.47496 Y10.63071
G01 X-31.47372 Y10.63051
G01 X-31.47496 Y10.63071
G01 X-31.47496 Y17.22508
G01 X-31.44568 Y17.25434
G01 X-31.47496 Y17.22508
G01 X-32.17895 Y17.22508
G01 X-32.19449 Y17.24548
G01 X-32.17895 Y17.22508
G01 X-32.18075 Y17.20667
G01 X-32.18840 Y17.16819
G01 X-32.20262 Y17.12130
G01 X-32.20925 Y17.10281
G01 X-32.21763 Y17.08505
G01 X-32.24075 Y17.04190
G01 X-32.26252 Y17.00923
G01 X-32.29360 Y16.97136
G01 X-32.30679 Y16.95683
G01 X-32.32134 Y16.94363
G01 X-32.35921 Y16.91254
G01 X-32.37499 Y16.90085
G01 X-32.39183 Y16.89077
G01 X-32.43503 Y16.86765
G01 X-32.47125 Y16.85264
G01 X-32.51817 Y16.83842
G01 X-32.55662 Y16.83077
G01 X-32.60539 Y16.82597
G01 X-32.62500 Y16.82501
G01 X-33.92500 Y16.82501
G01 X-33.94458 Y16.82597
G01 X-33.99337 Y16.83077
G01 X-34.03183 Y16.83842
G01 X-34.07872 Y16.85264
G01 X-34.11494 Y16.86765
G01 X-34.15817 Y16.89077
G01 X-34.17498 Y16.90085
G01 X-34.19076 Y16.91254
G01 X-34.22865 Y16.94363
G01 X-34.24318 Y16.95683
G01 X-34.25636 Y16.97136
G01 X-34.28745 Y17.00923
G01 X-34.30925 Y17.04190
G01 X-34.33234 Y17.08505
G01 X-34.34074 Y17.10281
G01 X-34.34735 Y17.12130
G01 X-34.36157 Y17.16819
G01 X-34.36922 Y17.20667
G01 X-34.37402 Y17.25541
G01 X-34.37498 Y17.27502
G01 X-34.37498 Y17.83925
G01 X-34.36965 Y17.84113
G01 X-34.37498 Y17.83925
G01 X-34.46881 Y17.95353
G01 X-34.49060 Y17.98614
G01 X-34.60612 Y18.20222
G01 X-34.62113 Y18.23849
G01 X-34.69230 Y18.47293
G01 X-34.69995 Y18.51141
G01 X-34.72400 Y18.75523
G01 X-34.72497 Y18.77484
G01 X-34.72400 Y18.79445
G01 X-34.70003 Y19.03831
G01 X-34.69238 Y19.07679
G01 X-34.62129 Y19.31129
G01 X-34.61466 Y19.32975
G01 X-34.60627 Y19.34748
G01 X-34.49078 Y19.56361
G01 X-34.48070 Y19.58045
G01 X-34.46901 Y19.59622
G01 X-34.37498 Y19.71083
G01 X-34.36942 Y19.70882
G01 X-34.37498 Y19.71083
G01 X-34.37498 Y20.27501
G01 X-34.37402 Y20.29462
G01 X-34.36922 Y20.34342
G01 X-34.36157 Y20.38185
G01 X-34.34735 Y20.42873
G01 X-34.34074 Y20.44723
G01 X-34.33234 Y20.46495
G01 X-34.30925 Y20.50819
G01 X-34.28745 Y20.54077
G01 X-34.25636 Y20.57867
G01 X-34.24318 Y20.59320
G01 X-34.22865 Y20.60638
G01 X-34.19076 Y20.63747
G01 X-34.17498 Y20.64918
G01 X-34.15817 Y20.65926
G01 X-34.11494 Y20.68238
G01 X-34.07872 Y20.69736
G01 X-34.03183 Y20.71159
G01 X-34.01278 Y20.71636
G01 X-33.99337 Y20.71923
G01 X-33.94458 Y20.72406
G01 X-33.92500 Y20.72502
G01 X-32.62500 Y20.72502
G01 X-32.60539 Y20.72406
G01 X-32.55662 Y20.71923
G01 X-32.53719 Y20.71636
G01 X-32.51817 Y20.71159
G01 X-32.47125 Y20.69736
G01 X-32.43503 Y20.68238
G01 X-32.39183 Y20.65926
G01 X-32.37499 Y20.64918
G01 X-32.35921 Y20.63747
G01 X-32.32134 Y20.60638
G01 X-32.30679 Y20.59320
G01 X-32.29360 Y20.57867
G01 X-32.26252 Y20.54077
G01 X-32.24075 Y20.50819
G01 X-32.21763 Y20.46495
G01 X-32.20925 Y20.44723
G01 X-32.20262 Y20.42873
G01 X-32.18840 Y20.38185
G01 X-32.18075 Y20.34342
G01 X-32.17595 Y20.29462
G01 X-32.17499 Y20.27501
G01 X-32.17499 Y20.12505
G01 X-32.20262 Y20.09671
G01 X-32.17499 Y20.12505
G01 X-30.02495 Y20.12505
G01 X-30.00537 Y20.12409
G01 X-29.76150 Y20.10008
G01 X-29.72305 Y20.09246
G01 X-29.48856 Y20.02129
G01 X-29.45234 Y20.00628
G01 X-29.23623 Y19.89079
G01 X-29.21939 Y19.88070
G01 X-29.20362 Y19.86899
G01 X-29.01421 Y19.71355
G01 X-28.98647 Y19.68581
G01 X-28.83103 Y19.49643
G01 X-28.81934 Y19.48063
G01 X-28.80923 Y19.46381
G01 X-28.69374 Y19.24771
G01 X-28.67873 Y19.21146
G01 X-28.60761 Y18.97697
G01 X-28.59994 Y18.93852
G01 X-28.57593 Y18.69465
G01 X-28.57497 Y18.67507
G01 X-28.57497 Y13.95001
G01 X-28.60425 Y13.92072
G01 X-28.57497 Y13.95001
G01 X-28.22498 Y13.95001
G01 X-28.20537 Y13.94904
G01 X-28.15661 Y13.94424
G01 X-28.13720 Y13.94137
G01 X-28.11815 Y13.93660
G01 X-28.07126 Y13.92237
G01 X-28.03504 Y13.90736
G01 X-27.99181 Y13.88427
G01 X-27.97497 Y13.87416
G01 X-27.95922 Y13.86248
G01 X-27.92132 Y13.83139
G01 X-27.89361 Y13.80368
G01 X-27.86252 Y13.76578
G01 X-27.85081 Y13.75001
G01 X-27.84073 Y13.73319
G01 X-27.81764 Y13.68996
G01 X-27.80263 Y13.65374
G01 X-27.78841 Y13.60685
G01 X-27.78363 Y13.58780
G01 X-27.78076 Y13.56840
G01 X-27.77596 Y13.51960
G01 X-27.77500 Y13.50002
G01 X-27.77500 Y13.16527
G01 X-27.78058 Y13.05146
G01 X-27.78063 Y13.04899
G01 X-27.78063 Y13.00106
G01 X-27.78058 Y12.99860
G01 X-27.77500 Y12.88481
G01 X-27.77096 Y12.80259
G01 X-27.77075 Y12.80012
G01 X-27.76580 Y12.74988
G01 X-27.76550 Y12.74747
G01 X-27.73644 Y12.55143
G01 X-27.77500 Y12.55001
G01 X-27.87500 Y12.55001
G01 X-27.87500 Y13.50002
G01 X-27.87548 Y13.50982
G01 X-27.88028 Y13.55859
G01 X-27.88170 Y13.56830
G01 X-27.88409 Y13.57782
G01 X-27.89831 Y13.62471
G01 X-27.90583 Y13.64282
G01 X-27.92892 Y13.68605
G01 X-27.93397 Y13.69446
G01 X-27.93982 Y13.70236
G01 X-27.97091 Y13.74023
G01 X-27.98477 Y13.75410
G01 X-28.02265 Y13.78519
G01 X-28.03054 Y13.79103
G01 X-28.03895 Y13.79608
G01 X-28.08218 Y13.81917
G01 X-28.10029 Y13.82666
G01 X-28.14718 Y13.84091
G01 X-28.15671 Y13.84328
G01 X-28.16641 Y13.84472
G01 X-28.21518 Y13.84952
G01 X-28.22498 Y13.85001
G01 X-28.67497 Y13.85001
G01 X-28.67497 Y18.67507
G01 X-28.67545 Y18.68485
G01 X-28.69945 Y18.92871
G01 X-28.70090 Y18.93841
G01 X-28.70329 Y18.94799
G01 X-28.77443 Y19.18243
G01 X-28.78193 Y19.20057
G01 X-28.89745 Y19.41670
G01 X-28.90248 Y19.42508
G01 X-28.90832 Y19.43298
G01 X-29.06379 Y19.62239
G01 X-29.07763 Y19.63623
G01 X-29.26707 Y19.79170
G01 X-29.27494 Y19.79759
G01 X-29.28337 Y19.80257
G01 X-29.49948 Y19.91809
G01 X-29.51759 Y19.92559
G01 X-29.75208 Y19.99676
G01 X-29.76161 Y19.99917
G01 X-29.77131 Y20.00057
G01 X-30.01517 Y20.02457
G01 X-30.02495 Y20.02505
G01 X-32.27499 Y20.02505
G01 X-32.27499 Y20.27501
G01 X-32.27547 Y20.28484
G01 X-32.28027 Y20.33359
G01 X-32.28172 Y20.34329
G01 X-32.28411 Y20.35281
G01 X-32.29833 Y20.39970
G01 X-32.30163 Y20.40895
G01 X-32.30582 Y20.41784
G01 X-32.32894 Y20.46104
G01 X-32.33981 Y20.47735
G01 X-32.37090 Y20.51522
G01 X-32.38477 Y20.52909
G01 X-32.42266 Y20.56018
G01 X-32.43054 Y20.56602
G01 X-32.43894 Y20.57108
G01 X-32.48217 Y20.59416
G01 X-32.50028 Y20.60168
G01 X-32.54720 Y20.61591
G01 X-32.55670 Y20.61829
G01 X-32.56640 Y20.61972
G01 X-32.61519 Y20.62454
G01 X-32.62500 Y20.62502
G01 X-33.92500 Y20.62502
G01 X-33.93480 Y20.62454
G01 X-33.98357 Y20.61972
G01 X-33.99327 Y20.61829
G01 X-34.00280 Y20.61591
G01 X-34.04968 Y20.60168
G01 X-34.06779 Y20.59416
G01 X-34.11103 Y20.57108
G01 X-34.11943 Y20.56602
G01 X-34.12731 Y20.56018
G01 X-34.16520 Y20.52909
G01 X-34.17907 Y20.51522
G01 X-34.21016 Y20.47735
G01 X-34.22106 Y20.46104
G01 X-34.24415 Y20.41784
G01 X-34.24834 Y20.40895
G01 X-34.25164 Y20.39970
G01 X-34.26589 Y20.35281
G01 X-34.26825 Y20.34329
G01 X-34.26970 Y20.33359
G01 X-34.27450 Y20.28484
G01 X-34.27498 Y20.27501
G01 X-34.27498 Y19.67509
G01 X-34.39170 Y19.53280
G01 X-34.39756 Y19.52490
G01 X-34.40259 Y19.51649
G01 X-34.51809 Y19.30036
G01 X-34.52558 Y19.28225
G01 X-34.59667 Y19.04776
G01 X-34.60051 Y19.02853
G01 X-34.62449 Y18.78467
G01 X-34.62449 Y18.76506
G01 X-34.60043 Y18.52119
G01 X-34.59662 Y18.50197
G01 X-34.52545 Y18.26755
G01 X-34.52215 Y18.25825
G01 X-34.51796 Y18.24939
G01 X-34.40241 Y18.03329
G01 X-34.39736 Y18.02488
G01 X-34.39152 Y18.01698
G01 X-34.27498 Y17.87504
G01 X-34.27498 Y17.27502
G01 X-34.27450 Y17.26527
G01 X-34.26970 Y17.21645
G01 X-34.26825 Y17.20672
G01 X-34.26589 Y17.19722
G01 X-34.25164 Y17.15036
G01 X-34.24834 Y17.14108
G01 X-34.24415 Y17.13219
G01 X-34.22106 Y17.08901
G01 X-34.21016 Y17.07271
G01 X-34.17907 Y17.03479
G01 X-34.17247 Y17.02752
G01 X-34.16520 Y17.02094
G01 X-34.12731 Y16.98985
G01 X-34.11943 Y16.98399
G01 X-34.11103 Y16.97896
G01 X-34.06779 Y16.95587
G01 X-34.04968 Y16.94835
G01 X-34.00280 Y16.93413
G01 X-33.98357 Y16.93029
G01 X-33.93480 Y16.92551
G01 X-33.92500 Y16.92503
G01 X-32.62500 Y16.92503
G01 X-32.61519 Y16.92551
G01 X-32.56640 Y16.93029
G01 X-32.54720 Y16.93413
G01 X-32.50028 Y16.94835
G01 X-32.48217 Y16.95587
G01 X-32.43894 Y16.97896
G01 X-32.43054 Y16.98399
G01 X-32.42266 Y16.98985
G01 X-32.38477 Y17.02094
G01 X-32.37750 Y17.02752
G01 X-32.37090 Y17.03479
G01 X-32.33981 Y17.07271
G01 X-32.32894 Y17.08901
G01 X-32.30582 Y17.13219
G01 X-32.30163 Y17.14108
G01 X-32.29833 Y17.15036
G01 X-32.28411 Y17.19722
G01 X-32.28172 Y17.20672
G01 X-32.28027 Y17.21645
G01 X-32.27547 Y17.26527
G01 X-32.27499 Y17.27502
G01 X-32.27499 Y17.32506
G01 X-31.37496 Y17.32506
G01 X-31.37496 Y10.60566
G01 X-31.39422 Y10.56965
G01 X-31.39841 Y10.56076
G01 X-31.40173 Y10.55154
G01 X-31.47570 Y10.30765
G01 X-31.47809 Y10.29815
G01 X-31.47953 Y10.28844
G01 X-31.50450 Y10.03483
G01 X-31.50450 Y10.01522
G01 X-31.47953 Y9.76160
G01 X-31.47809 Y9.75189
G01 X-31.47570 Y9.74237
G01 X-31.40173 Y9.49850
G01 X-31.39422 Y9.48039
G01 X-31.27410 Y9.25563
G01 X-31.26904 Y9.24722
G01 X-31.26320 Y9.23932
G01 X-31.10153 Y9.04235
G01 X-31.08766 Y9.02848
G01 X-30.89066 Y8.86681
G01 X-30.88279 Y8.86096
G01 X-30.87438 Y8.85591
G01 X-30.64962 Y8.73577
G01 X-30.63150 Y8.72827
G01 X-30.38764 Y8.65431
G01 X-30.37811 Y8.65192
G01 X-30.36841 Y8.65047
G01 X-30.11479 Y8.62551
G01 X-30.09518 Y8.62551
G01 X-29.84156 Y8.65047
G01 X-29.83186 Y8.65192
G01 X-29.82234 Y8.65431
G01 X-29.57847 Y8.72827
G01 X-29.56036 Y8.73577
G01 X-29.33560 Y8.85591
G01 X-29.32719 Y8.86096
G01 X-29.31932 Y8.86681
G01 X-29.12231 Y9.02848
G01 X-29.10844 Y9.04235
G01 X-28.94677 Y9.23932
G01 X-28.94093 Y9.24722
G01 X-28.93588 Y9.25563
G01 X-28.81576 Y9.48039
G01 X-28.80824 Y9.49850
G01 X-28.77845 Y9.59675
G01 X-28.74378 Y9.68039
G01 X-28.73893 Y9.69533
G01 X-28.69313 Y9.88608
G01 X-28.69067 Y9.90158
G01 X-28.67527 Y10.09718
G01 X-28.67497 Y10.10503
G01 X-28.67497 Y12.20002
G01 X-28.22498 Y12.20002
G01 X-28.21518 Y12.20051
G01 X-28.16641 Y12.20531
G01 X-28.15671 Y12.20673
G01 X-28.14718 Y12.20912
G01 X-28.10029 Y12.22334
G01 X-28.08218 Y12.23086
G01 X-28.03895 Y12.25395
G01 X-28.03054 Y12.25900
G01 X-28.02265 Y12.26484
G01 X-27.98477 Y12.29593
G01 X-27.97091 Y12.30980
G01 X-27.93982 Y12.34767
G01 X-27.93397 Y12.35557
G01 X-27.92892 Y12.36398
G01 X-27.90583 Y12.40721
G01 X-27.89831 Y12.42532
G01 X-27.88409 Y12.47221
G01 X-27.88170 Y12.48173
G01 X-27.88028 Y12.49144
G01 X-27.87548 Y12.54020
G01 X-27.87500 Y12.55001
G01 X-27.77500 Y12.55001
G01 X-27.73644 Y12.55143
G01 X-27.73636 Y12.55105
G01 X-27.73502 Y12.54231
G01 X-27.73494 Y12.54193
G01 X-27.73022 Y12.51298
G01 X-27.73006 Y12.51214
G01 X-27.72630 Y12.49139
G01 X-27.72613 Y12.49055
G01 X-27.72054 Y12.46235
G01 X-27.71111 Y12.39860
G01 X-27.70614 Y12.34795
G01 X-27.70263 Y12.28902
G01 X-27.70220 Y12.27071
G01 X-27.70215 Y12.26916
G01 X-27.69910 Y12.21196
G01 X-27.69900 Y12.21046
G01 X-27.69780 Y12.19639
G01 X-27.69900 Y12.21046
G01 X-27.69910 Y12.21196
G01 X-27.70215 Y12.26916
G01 X-27.70220 Y12.27071
G01 X-27.70263 Y12.28902
G01 X-27.70614 Y12.34795
G01 X-27.71111 Y12.39860
G01 X-27.70784 Y12.36510
G01 X-27.72945 Y12.31293
G01 X-27.75254 Y12.26969
G01 X-27.76768 Y12.24445
G01 X-27.78521 Y12.22080
G01 X-27.81630 Y12.18293
G01 X-27.85790 Y12.14132
G01 X-27.89577 Y12.11023
G01 X-27.91942 Y12.09271
G01 X-27.94467 Y12.07757
G01 X-27.98790 Y12.05446
G01 X-28.04223 Y12.03195
G01 X-28.08912 Y12.01773
G01 X-28.11769 Y12.01059
G01 X-28.14680 Y12.00627
G01 X-28.19559 Y12.00145
G01 X-28.22498 Y12.00002
G01 X-28.47497 Y12.00002
G01 X-28.50359 Y12.02809
G01 X-28.47497 Y12.00002
G01 X-28.47497 Y10.10503
G01 X-28.47588 Y10.08148
G01 X-28.49128 Y9.88590
G01 X-28.49864 Y9.83940
G01 X-28.54446 Y9.64862
G01 X-28.55902 Y9.60384
G01 X-28.58990 Y9.52926
G01 X-28.61685 Y9.44041
G01 X-28.63936 Y9.38611
G01 X-28.75950 Y9.16134
G01 X-28.77464 Y9.13610
G01 X-28.79216 Y9.11245
G01 X-28.95383 Y8.91545
G01 X-28.99544 Y8.87387
G01 X-29.19242 Y8.71220
G01 X-29.21606 Y8.69467
G01 X-29.24134 Y8.67953
G01 X-29.46608 Y8.55939
G01 X-29.49270 Y8.54682
G01 X-29.52041 Y8.53689
G01 X-29.76427 Y8.46292
G01 X-29.82196 Y8.45144
G01 X-30.07558 Y8.42645
G01 X-30.10499 Y8.42502
G01 X-30.13440 Y8.42645
G01 X-30.38802 Y8.45144
G01 X-30.44568 Y8.46292
G01 X-30.68957 Y8.53689
G01 X-30.71728 Y8.54682
G01 X-30.74390 Y8.55939
G01 X-30.96864 Y8.67953
G01 X-30.99391 Y8.69467
G01 X-31.01753 Y8.71220
G01 X-31.21454 Y8.87387
G01 X-31.25614 Y8.91545
G01 X-31.41781 Y9.11245
G01 X-31.43534 Y9.13610
G01 X-31.45048 Y9.16134
G01 X-31.57062 Y9.38611
G01 X-31.58319 Y9.41273
G01 X-31.59312 Y9.44044
G01 X-31.66709 Y9.68431
G01 X-31.67857 Y9.74199
G01 X-31.70354 Y9.99561
G01 X-31.70499 Y10.02502
G01 X-31.70354 Y10.05441
G01 X-31.67857 Y10.30803
G01 X-31.66709 Y10.36571
G01 X-31.59312 Y10.60958
G01 X-31.58319 Y10.63731
G01 X-31.57496 Y10.65471
G01 X-31.57377 Y10.65451
G01 X-31.57496 Y10.65471
G01 X-31.57496 Y17.12506
G01 X-31.54568 Y17.15439
G01 X-31.57496 Y17.12506
G01 X-32.09698 Y17.12506
G01 X-32.10638 Y17.14017
G01 X-32.09698 Y17.12506
G01 X-32.10694 Y17.09227
G01 X-32.11685 Y17.06453
G01 X-32.12944 Y17.03794
G01 X-32.15253 Y16.99470
G01 X-32.18522 Y16.94586
G01 X-32.21631 Y16.90794
G01 X-32.23607 Y16.88614
G01 X-32.25789 Y16.86633
G01 X-32.29579 Y16.83524
G01 X-32.31941 Y16.81772
G01 X-32.34468 Y16.80258
G01 X-32.38789 Y16.77946
G01 X-32.44222 Y16.75696
G01 X-32.48913 Y16.74274
G01 X-32.54682 Y16.73126
G01 X-32.59559 Y16.72646
G01 X-32.62500 Y16.72501
G01 X-33.92500 Y16.72501
G01 X-33.95438 Y16.72646
G01 X-34.00318 Y16.73126
G01 X-34.06084 Y16.74274
G01 X-34.10775 Y16.75696
G01 X-34.16208 Y16.77946
G01 X-34.20531 Y16.80258
G01 X-34.23056 Y16.81772
G01 X-34.25421 Y16.83524
G01 X-34.29208 Y16.86633
G01 X-34.31390 Y16.88614
G01 X-34.33366 Y16.90794
G01 X-34.36475 Y16.94586
G01 X-34.39744 Y16.99470
G01 X-34.42052 Y17.03794
G01 X-34.43312 Y17.06453
G01 X-34.44303 Y17.09227
G01 X-34.45728 Y17.13915
G01 X-34.46442 Y17.16770
G01 X-34.46873 Y17.19684
G01 X-34.47353 Y17.24561
G01 X-34.47498 Y17.27502
G01 X-34.47498 Y17.80347
G01 X-34.46988 Y17.80522
G01 X-34.47498 Y17.80347
G01 X-34.54610 Y17.89008
G01 X-34.56363 Y17.91375
G01 X-34.57877 Y17.93897
G01 X-34.69431 Y18.15508
G01 X-34.70691 Y18.18170
G01 X-34.71684 Y18.20943
G01 X-34.78799 Y18.44388
G01 X-34.79947 Y18.50156
G01 X-34.82352 Y18.74542
G01 X-34.82352 Y18.80423
G01 X-34.79954 Y19.04809
G01 X-34.79523 Y19.07728
G01 X-34.78809 Y19.10577
G01 X-34.71697 Y19.34029
G01 X-34.69449 Y19.39462
G01 X-34.57900 Y19.61075
G01 X-34.56386 Y19.63603
G01 X-34.54633 Y19.65965
G01 X-34.47498 Y19.74659
G01 X-34.46970 Y19.74481
G01 X-34.47498 Y19.74659
G01 X-34.47498 Y20.27501
G01 X-34.47353 Y20.30443
G01 X-34.46873 Y20.35319
G01 X-34.46442 Y20.38233
G01 X-34.45728 Y20.41090
G01 X-34.44303 Y20.45777
G01 X-34.43312 Y20.48548
G01 X-34.42052 Y20.51210
G01 X-34.39744 Y20.55533
G01 X-34.36475 Y20.60422
G01 X-34.33366 Y20.64212
G01 X-34.31390 Y20.66391
G01 X-34.29208 Y20.68370
G01 X-34.25421 Y20.71479
G01 X-34.23056 Y20.73231
G01 X-34.20531 Y20.74745
G01 X-34.16208 Y20.77057
G01 X-34.10775 Y20.79307
G01 X-34.06084 Y20.80730
G01 X-34.03229 Y20.81443
G01 X-34.00318 Y20.81878
G01 X-33.95438 Y20.82358
G01 X-33.92500 Y20.82502
G01 X-32.62500 Y20.82502
G01 X-32.59559 Y20.82358
G01 X-32.54682 Y20.81878
G01 X-32.51768 Y20.81443
G01 X-32.48913 Y20.80730
G01 X-32.44222 Y20.79307
G01 X-32.38789 Y20.77057
G01 X-32.34468 Y20.74745
G01 X-32.31941 Y20.73231
G01 X-32.29579 Y20.71479
G01 X-32.25789 Y20.68370
G01 X-32.23607 Y20.66391
G01 X-32.21631 Y20.64212
G01 X-32.18522 Y20.60422
G01 X-32.15253 Y20.55533
G01 X-32.12944 Y20.51210
G01 X-32.11685 Y20.48548
G01 X-32.10694 Y20.45777
G01 X-32.09272 Y20.41090
G01 X-32.08555 Y20.38233
G01 X-32.08124 Y20.35319
G01 X-32.07643 Y20.30443
G01 X-32.07499 Y20.27501
G01 X-32.07499 Y20.22505
G01 X-32.09863 Y20.19904
G01 X-32.07499 Y20.22505
G01 X-30.02495 Y20.22505
G01 X-29.99557 Y20.22360
G01 X-29.75170 Y20.19963
G01 X-29.72257 Y20.19528
G01 X-29.69402 Y20.18817
G01 X-29.45952 Y20.11697
G01 X-29.40519 Y20.09447
G01 X-29.18909 Y19.97900
G01 X-29.16384 Y19.96384
G01 X-29.14019 Y19.94629
G01 X-28.95076 Y19.79084
G01 X-28.90918 Y19.74926
G01 X-28.75373 Y19.55985
G01 X-28.73618 Y19.53618
G01 X-28.72104 Y19.51093
G01 X-28.60555 Y19.29483
G01 X-28.58305 Y19.24050
G01 X-28.51190 Y19.00600
G01 X-28.50474 Y18.97745
G01 X-28.50042 Y18.94832
G01 X-28.47642 Y18.70445
G01 X-28.47497 Y18.67507
G01 X-28.47497 Y14.05001
G01 X-28.50357 Y14.02194
G01 X-28.47497 Y14.05001
G01 X-28.22498 Y14.05001
G01 X-28.19559 Y14.04856
G01 X-28.14680 Y14.04376
G01 X-28.11769 Y14.03944
G01 X-28.08912 Y14.03230
G01 X-28.04223 Y14.01805
G01 X-27.98790 Y13.99555
G01 X-27.94467 Y13.97246
G01 X-27.91942 Y13.95732
G01 X-27.89577 Y13.93980
G01 X-27.85790 Y13.90868
G01 X-27.81630 Y13.86710
G01 X-27.78521 Y13.82923
G01 X-27.76768 Y13.80558
G01 X-27.75254 Y13.78033
G01 X-27.72945 Y13.73710
G01 X-27.70784 Y13.68493
G01 X-27.71114 Y13.65143
G01 X-27.70614 Y13.70210
G01 X-27.70263 Y13.76101
G01 X-27.70222 Y13.77934
G01 X-27.70215 Y13.78089
G01 X-27.69910 Y13.83809
G01 X-27.69900 Y13.83959
G01 X-27.69783 Y13.85372
G01 X-27.69684 Y13.87774
G01 X-27.70791 Y13.89265
G01 X-27.73900 Y13.93055
G01 X-27.79445 Y13.98600
G01 X-27.83235 Y14.01709
G01 X-27.86387 Y14.04046
G01 X-27.89753 Y14.06065
G01 X-27.94076 Y14.08376
G01 X-28.01320 Y14.11376
G01 X-28.06011 Y14.12798
G01 X-28.09819 Y14.13753
G01 X-28.13700 Y14.14328
G01 X-28.18579 Y14.14808
G01 X-28.22498 Y14.15001
G01 X-28.37497 Y14.15001
G01 X-28.40324 Y14.12252
G01 X-28.37497 Y14.15001
G01 X-28.37497 Y18.67507
G01 X-28.37690 Y18.71428
G01 X-28.40090 Y18.95815
G01 X-28.40667 Y18.99696
G01 X-28.41622 Y19.03504
G01 X-28.48734 Y19.26953
G01 X-28.51734 Y19.34197
G01 X-28.63286 Y19.55807
G01 X-28.65305 Y19.59180
G01 X-28.67642 Y19.62327
G01 X-28.83189 Y19.81276
G01 X-28.88731 Y19.86813
G01 X-29.07675 Y20.02360
G01 X-29.10827 Y20.04697
G01 X-29.14195 Y20.06716
G01 X-29.35805 Y20.18268
G01 X-29.43049 Y20.21271
G01 X-29.66498 Y20.28380
G01 X-29.70306 Y20.29340
G01 X-29.74190 Y20.29912
G01 X-29.98576 Y20.32312
G01 X-30.02495 Y20.32505
G01 X-31.97798 Y20.32505
G01 X-31.99515 Y20.30341
G01 X-31.97798 Y20.32505
G01 X-31.98172 Y20.36300
G01 X-31.99701 Y20.43991
G01 X-32.01123 Y20.48680
G01 X-32.02447 Y20.52376
G01 X-32.04126 Y20.55924
G01 X-32.06434 Y20.60247
G01 X-32.10791 Y20.66767
G01 X-32.13899 Y20.70554
G01 X-32.16536 Y20.73463
G01 X-32.19444 Y20.76099
G01 X-32.23234 Y20.79208
G01 X-32.26386 Y20.81547
G01 X-32.29754 Y20.83564
G01 X-32.34075 Y20.85876
G01 X-32.41321 Y20.88875
G01 X-32.46010 Y20.90298
G01 X-32.49818 Y20.91253
G01 X-32.53701 Y20.91829
G01 X-32.58578 Y20.92309
G01 X-32.62500 Y20.92502
G01 X-33.92500 Y20.92502
G01 X-33.96419 Y20.92309
G01 X-34.01296 Y20.91829
G01 X-34.05179 Y20.91253
G01 X-34.08987 Y20.90298
G01 X-34.13678 Y20.88875
G01 X-34.20922 Y20.85876
G01 X-34.25243 Y20.83564
G01 X-34.28611 Y20.81547
G01 X-34.31763 Y20.79208
G01 X-34.35553 Y20.76099
G01 X-34.38461 Y20.73463
G01 X-34.41097 Y20.70554
G01 X-34.44206 Y20.66767
G01 X-34.48562 Y20.60247
G01 X-34.50871 Y20.55924
G01 X-34.52550 Y20.52376
G01 X-34.53874 Y20.48680
G01 X-34.55296 Y20.43991
G01 X-34.56825 Y20.36300
G01 X-34.57305 Y20.31423
G01 X-34.57498 Y20.27501
G01 X-34.57498 Y19.78241
G01 X-34.56995 Y19.78070
G01 X-34.57498 Y19.78241
G01 X-34.62362 Y19.72307
G01 X-34.64702 Y19.69155
G01 X-34.66718 Y19.65787
G01 X-34.78268 Y19.44174
G01 X-34.81268 Y19.36930
G01 X-34.88377 Y19.13481
G01 X-34.89332 Y19.09673
G01 X-34.89906 Y19.05790
G01 X-34.92304 Y18.81403
G01 X-34.92497 Y18.77481
G01 X-34.92304 Y18.73562
G01 X-34.89898 Y18.49176
G01 X-34.88369 Y18.41489
G01 X-34.81252 Y18.18038
G01 X-34.79929 Y18.14342
G01 X-34.78250 Y18.10794
G01 X-34.66696 Y17.89183
G01 X-34.64679 Y17.85815
G01 X-34.62339 Y17.82663
G01 X-34.57498 Y17.76770
G01 X-34.57016 Y17.76930
G01 X-34.57498 Y17.76770
G01 X-34.57498 Y17.27502
G01 X-34.57305 Y17.23580
G01 X-34.56825 Y17.18703
G01 X-34.55296 Y17.11017
G01 X-34.53874 Y17.06323
G01 X-34.52550 Y17.02628
G01 X-34.50871 Y16.99079
G01 X-34.48562 Y16.94756
G01 X-34.44206 Y16.88236
G01 X-34.41097 Y16.84451
G01 X-34.38461 Y16.81538
G01 X-34.35553 Y16.78904
G01 X-34.31763 Y16.75800
G01 X-34.28611 Y16.73458
G01 X-34.25243 Y16.71436
G01 X-34.20922 Y16.69128
G01 X-34.13678 Y16.66133
G01 X-34.08987 Y16.64703
G01 X-34.01296 Y16.63179
G01 X-33.96419 Y16.62694
G01 X-33.92500 Y16.62501
G01 X-32.62500 Y16.62501
G01 X-32.58578 Y16.62694
G01 X-32.53701 Y16.63179
G01 X-32.46010 Y16.64703
G01 X-32.41321 Y16.66133
G01 X-32.34075 Y16.69128
G01 X-32.29754 Y16.71436
G01 X-32.26386 Y16.73458
G01 X-32.23234 Y16.75800
G01 X-32.19444 Y16.78904
G01 X-32.16536 Y16.81538
G01 X-32.13899 Y16.84451
G01 X-32.10791 Y16.88236
G01 X-32.06434 Y16.94756
G01 X-32.04126 Y16.99079
G01 X-32.02505 Y17.02511
G01 X-32.03188 Y17.03748
G01 X-32.02505 Y17.02511
G01 X-31.67496 Y17.02511
G01 X-31.64568 Y17.05434
G01 X-31.67496 Y17.02511
G01 X-31.67496 Y10.67689
G01 X-31.67400 Y10.67673
G01 X-31.67496 Y10.67689
G01 X-31.67557 Y10.67557
G01 X-31.68881 Y10.63861
G01 X-31.76280 Y10.39474
G01 X-31.77809 Y10.31783
G01 X-31.80305 Y10.06421
G01 X-31.80305 Y9.98580
G01 X-31.77809 Y9.73218
G01 X-31.76280 Y9.65527
G01 X-31.68881 Y9.41141
G01 X-31.67557 Y9.37445
G01 X-31.65881 Y9.33897
G01 X-31.53867 Y9.11420
G01 X-31.49510 Y9.04903
G01 X-31.33343 Y8.85202
G01 X-31.27799 Y8.79658
G01 X-31.08098 Y8.63490
G01 X-31.01578 Y8.59134
G01 X-30.79104 Y8.47120
G01 X-30.75556 Y8.45441
G01 X-30.71860 Y8.44120
G01 X-30.47471 Y8.36721
G01 X-30.39780 Y8.35192
G01 X-30.14421 Y8.32693
G01 X-30.06577 Y8.32693
G01 X-29.81215 Y8.35192
G01 X-29.73527 Y8.36721
G01 X-29.49138 Y8.44120
G01 X-29.45442 Y8.45441
G01 X-29.41893 Y8.47120
G01 X-29.19420 Y8.59134
G01 X-29.12899 Y8.63490
G01 X-28.93199 Y8.79658
G01 X-28.87654 Y8.85202
G01 X-28.71487 Y9.04903
G01 X-28.67131 Y9.11420
G01 X-28.55117 Y9.33897
G01 X-28.52117 Y9.41138
G01 X-28.49564 Y9.49553
G01 X-28.46664 Y9.56556
G01 X-28.44723 Y9.62528
G01 X-28.40141 Y9.81603
G01 X-28.39161 Y9.87806
G01 X-28.37619 Y10.07364
G01 X-28.37497 Y10.10503
G01 X-28.37497 Y11.90002
G01 X-28.40326 Y11.92753
G01 X-28.37497 Y11.90002
G01 X-28.22498 Y11.90002
G01 X-28.18579 Y11.90193
G01 X-28.13700 Y11.90675
G01 X-28.09819 Y11.91249
G01 X-28.06011 Y11.92205
G01 X-28.01320 Y11.93627
G01 X-27.94076 Y11.96627
G01 X-27.89753 Y11.98938
G01 X-27.86387 Y12.00955
G01 X-27.83235 Y12.03294
G01 X-27.79445 Y12.06403
G01 X-27.73900 Y12.11948
G01 X-27.70791 Y12.15735
G01 X-27.69684 Y12.17229
G01 X-27.69780 Y12.19639
G01 X-27.69407 Y12.10411
G01 X-27.69407 Y12.04254
G01 X-27.69471 Y12.02301
G01 X-27.69717 Y11.94884
G01 X-27.70085 Y11.89225
G01 X-27.70088 Y11.89187
G01 X-27.70085 Y11.89225
G01 X-27.69717 Y11.94884
G01 X-27.69471 Y12.02301
G01 X-27.73100 Y11.98674
G01 X-27.76890 Y11.95565
G01 X-27.80832 Y11.92641
G01 X-27.85041 Y11.90119
G01 X-27.89361 Y11.87808
G01 X-27.98416 Y11.84056
G01 X-28.03108 Y11.82634
G01 X-28.07868 Y11.81443
G01 X-28.12722 Y11.80721
G01 X-28.17599 Y11.80241
G01 X-28.22498 Y11.80002
G01 X-28.27497 Y11.80002
G01 X-28.30255 Y11.82629
G01 X-28.27497 Y11.80002
G01 X-28.27497 Y10.10503
G01 X-28.27652 Y10.06579
G01 X-28.29191 Y9.87021
G01 X-28.30418 Y9.79269
G01 X-28.35000 Y9.60193
G01 X-28.37423 Y9.52728
G01 X-28.40138 Y9.46180
G01 X-28.42549 Y9.38235
G01 X-28.46298 Y9.29182
G01 X-28.58312 Y9.06709
G01 X-28.63758 Y8.98558
G01 X-28.79925 Y8.78857
G01 X-28.86854 Y8.71926
G01 X-29.06554 Y8.55759
G01 X-29.14705 Y8.50313
G01 X-29.37179 Y8.38301
G01 X-29.41617 Y8.36203
G01 X-29.46237 Y8.34550
G01 X-29.70623 Y8.27153
G01 X-29.80237 Y8.25241
G01 X-30.05597 Y8.22741
G01 X-30.10499 Y8.22502
G01 X-30.15398 Y8.22741
G01 X-30.40760 Y8.25241
G01 X-30.50374 Y8.27153
G01 X-30.74761 Y8.34550
G01 X-30.79381 Y8.36203
G01 X-30.83818 Y8.38301
G01 X-31.06292 Y8.50313
G01 X-31.14443 Y8.55759
G01 X-31.34143 Y8.71926
G01 X-31.41073 Y8.78857
G01 X-31.57240 Y8.98558
G01 X-31.62685 Y9.06709
G01 X-31.74700 Y9.29182
G01 X-31.76798 Y9.33617
G01 X-31.78451 Y9.38238
G01 X-31.85848 Y9.62624
G01 X-31.87760 Y9.72238
G01 X-31.90257 Y9.97600
G01 X-31.90498 Y10.02502
G01 X-31.90257 Y10.07402
G01 X-31.87760 Y10.32764
G01 X-31.85848 Y10.42378
G01 X-31.78451 Y10.66764
G01 X-31.77496 Y10.69429
G01 X-31.77405 Y10.69416
G01 X-31.77496 Y10.69429
G01 X-31.77496 Y16.92506
G01 X-31.74568 Y16.95434
G01 X-31.77496 Y16.92506
G01 X-31.96300 Y16.92506
G01 X-31.96907 Y16.93659
G01 X-31.96300 Y16.92506
G01 X-31.97616 Y16.90042
G01 X-32.03061 Y16.81891
G01 X-32.06170 Y16.78107
G01 X-32.09465 Y16.74469
G01 X-32.13102 Y16.71172
G01 X-32.16889 Y16.68063
G01 X-32.20831 Y16.65140
G01 X-32.25040 Y16.62618
G01 X-32.29363 Y16.60309
G01 X-32.38418 Y16.56560
G01 X-32.43107 Y16.55135
G01 X-32.52721 Y16.53222
G01 X-32.57598 Y16.52742
G01 X-32.62500 Y16.52501
G01 X-33.92500 Y16.52501
G01 X-33.97399 Y16.52742
G01 X-34.02276 Y16.53222
G01 X-34.11890 Y16.55135
G01 X-34.16579 Y16.56560
G01 X-34.25636 Y16.60309
G01 X-34.29957 Y16.62618
G01 X-34.34166 Y16.65140
G01 X-34.38108 Y16.68063
G01 X-34.41895 Y16.71172
G01 X-34.45532 Y16.74469
G01 X-34.48827 Y16.78107
G01 X-34.51936 Y16.81891
G01 X-34.57381 Y16.90042
G01 X-34.59693 Y16.94365
G01 X-34.61791 Y16.98800
G01 X-34.63442 Y17.03420
G01 X-34.64864 Y17.08112
G01 X-34.66777 Y17.17723
G01 X-34.67257 Y17.22605
G01 X-34.67498 Y17.27502
G01 X-34.67498 Y17.73189
G01 X-34.67046 Y17.73336
G01 X-34.67498 Y17.73189
G01 X-34.70069 Y17.76318
G01 X-34.75514 Y17.84469
G01 X-34.87069 Y18.06079
G01 X-34.89167 Y18.10512
G01 X-34.90820 Y18.15134
G01 X-34.97938 Y18.38584
G01 X-34.99850 Y18.48195
G01 X-35.02256 Y18.72579
G01 X-35.02497 Y18.77481
G01 X-35.02258 Y18.82381
G01 X-34.99858 Y19.06767
G01 X-34.97948 Y19.16381
G01 X-34.90838 Y19.39831
G01 X-34.87087 Y19.48888
G01 X-34.75540 Y19.70501
G01 X-34.73018 Y19.74710
G01 X-34.70094 Y19.78649
G01 X-34.67498 Y19.81814
G01 X-34.67033 Y19.81664
G01 X-34.67498 Y19.81814
G01 X-34.67498 Y20.27501
G01 X-34.67257 Y20.32406
G01 X-34.66777 Y20.37280
G01 X-34.64864 Y20.46892
G01 X-34.63442 Y20.51583
G01 X-34.61791 Y20.56203
G01 X-34.59693 Y20.60638
G01 X-34.57381 Y20.64961
G01 X-34.51936 Y20.73110
G01 X-34.48827 Y20.76899
G01 X-34.45532 Y20.80534
G01 X-34.41895 Y20.83828
G01 X-34.38108 Y20.86937
G01 X-34.34166 Y20.89861
G01 X-34.29957 Y20.92383
G01 X-34.25636 Y20.94694
G01 X-34.16579 Y20.98446
G01 X-34.11890 Y20.99868
G01 X-34.07130 Y21.01060
G01 X-34.02276 Y21.01781
G01 X-33.97399 Y21.02261
G01 X-33.92500 Y21.02502
G01 X-32.62500 Y21.02502
G01 X-32.57598 Y21.02261
G01 X-32.52721 Y21.01781
G01 X-32.47867 Y21.01060
G01 X-32.43107 Y20.99868
G01 X-32.38418 Y20.98446
G01 X-32.29363 Y20.94694
G01 X-32.25040 Y20.92383
G01 X-32.20831 Y20.89861
G01 X-32.16889 Y20.86937
G01 X-32.13102 Y20.83828
G01 X-32.09465 Y20.80534
G01 X-32.06170 Y20.76899
G01 X-32.03061 Y20.73110
G01 X-31.97616 Y20.64961
G01 X-31.95307 Y20.60638
G01 X-31.93209 Y20.56203
G01 X-31.91555 Y20.51583
G01 X-31.90133 Y20.46892
G01 X-31.89259 Y20.42505
G01 X-31.90620 Y20.40620
G01 X-31.89259 Y20.42505
G01 X-30.02495 Y20.42505
G01 X-29.97596 Y20.42266
G01 X-29.73209 Y20.39863
G01 X-29.63595 Y20.37951
G01 X-29.40146 Y20.30841
G01 X-29.31091 Y20.27087
G01 X-29.09480 Y20.15540
G01 X-29.05272 Y20.13013
G01 X-29.01330 Y20.10090
G01 X-28.82389 Y19.94545
G01 X-28.75457 Y19.87613
G01 X-28.59912 Y19.68672
G01 X-28.56989 Y19.64733
G01 X-28.54467 Y19.60521
G01 X-28.42915 Y19.38911
G01 X-28.39166 Y19.29856
G01 X-28.32051 Y19.06407
G01 X-28.30139 Y18.96793
G01 X-28.27738 Y18.72406
G01 X-28.27497 Y18.67507
G01 X-28.27497 Y14.25001
G01 X-28.30253 Y14.22377
G01 X-28.27497 Y14.25001
G01 X-28.22498 Y14.25001
G01 X-28.17599 Y14.24759
G01 X-28.12722 Y14.24279
G01 X-28.07868 Y14.23560
G01 X-28.03108 Y14.22369
G01 X-27.98416 Y14.20944
G01 X-27.89361 Y14.17195
G01 X-27.85041 Y14.14884
G01 X-27.80832 Y14.12362
G01 X-27.76890 Y14.09438
G01 X-27.73100 Y14.06329
G01 X-27.69473 Y14.02702
G01 X-27.69722 Y14.10126
G01 X-27.70088 Y14.15773
G01 X-27.70093 Y14.15869
G01 X-27.70136 Y14.16832
G01 X-27.70545 Y14.17170
G01 X-27.75275 Y14.20675
G01 X-27.80327 Y14.23703
G01 X-27.84647 Y14.26014
G01 X-27.95516 Y14.30515
G01 X-28.00205 Y14.31937
G01 X-28.05917 Y14.33367
G01 X-28.11741 Y14.34231
G01 X-28.16618 Y14.34714
G01 X-28.17497 Y14.34757
G01 X-28.19785 Y14.32867
G01 X-28.17497 Y14.34757
G01 X-28.17497 Y18.67507
G01 X-28.17786 Y18.73387
G01 X-28.20187 Y18.97773
G01 X-28.21050 Y19.03598
G01 X-28.22483 Y19.09310
G01 X-28.29595 Y19.32759
G01 X-28.34096 Y19.43625
G01 X-28.45648 Y19.65236
G01 X-28.48675 Y19.70285
G01 X-28.52183 Y19.75015
G01 X-28.67728 Y19.93961
G01 X-28.76044 Y20.02274
G01 X-28.94987 Y20.17819
G01 X-28.99717 Y20.21327
G01 X-29.04766 Y20.24354
G01 X-29.26377 Y20.35909
G01 X-29.37245 Y20.40412
G01 X-29.60692 Y20.47519
G01 X-29.66404 Y20.48952
G01 X-29.72229 Y20.49815
G01 X-29.96615 Y20.52216
G01 X-30.02495 Y20.52505
G01 X-31.81385 Y20.52505
G01 X-31.82464 Y20.50867
G01 X-31.81385 Y20.52505
G01 X-31.81984 Y20.54486
G01 X-31.83968 Y20.60029
G01 X-31.86485 Y20.65352
G01 X-31.88797 Y20.69675
G01 X-31.95332 Y20.79454
G01 X-31.98441 Y20.83242
G01 X-32.02396 Y20.87605
G01 X-32.06757 Y20.91560
G01 X-32.10547 Y20.94669
G01 X-32.15276 Y20.98177
G01 X-32.20326 Y21.01204
G01 X-32.24649 Y21.03513
G01 X-32.35515 Y21.08014
G01 X-32.40204 Y21.09437
G01 X-32.45916 Y21.10869
G01 X-32.51740 Y21.11733
G01 X-32.56617 Y21.12213
G01 X-32.62500 Y21.12502
G01 X-33.92500 Y21.12502
G01 X-33.98380 Y21.12213
G01 X-34.03256 Y21.11733
G01 X-34.09081 Y21.10869
G01 X-34.14793 Y21.09437
G01 X-34.19482 Y21.08014
G01 X-34.30351 Y21.03513
G01 X-34.34671 Y21.01204
G01 X-34.39723 Y20.98177
G01 X-34.44453 Y20.94669
G01 X-34.48240 Y20.91560
G01 X-34.52604 Y20.87605
G01 X-34.56556 Y20.83242
G01 X-34.59667 Y20.79454
G01 X-34.66200 Y20.69675
G01 X-34.68512 Y20.65352
G01 X-34.71029 Y20.60029
G01 X-34.73013 Y20.54486
G01 X-34.74435 Y20.49795
G01 X-34.76729 Y20.38266
G01 X-34.77209 Y20.33381
G01 X-34.77498 Y20.27501
G01 X-34.77498 Y19.85391
G01 X-34.77178 Y19.85309
G01 X-34.77498 Y19.85391
G01 X-34.77826 Y19.84994
G01 X-34.81331 Y19.80265
G01 X-34.84359 Y19.75213
G01 X-34.95908 Y19.53600
G01 X-34.98423 Y19.48279
G01 X-35.00406 Y19.42734
G01 X-35.07516 Y19.19285
G01 X-35.09809 Y19.07748
G01 X-35.12210 Y18.83361
G01 X-35.12497 Y18.77481
G01 X-35.12207 Y18.71599
G01 X-35.09802 Y18.47212
G01 X-35.07506 Y18.35678
G01 X-35.00391 Y18.12229
G01 X-34.98405 Y18.06684
G01 X-34.95888 Y18.01365
G01 X-34.84333 Y17.79755
G01 X-34.81306 Y17.74703
G01 X-34.77798 Y17.69976
G01 X-34.77498 Y17.69610
G01 X-34.77170 Y17.69699
G01 X-34.77498 Y17.69610
G01 X-34.77498 Y17.27502
G01 X-34.77209 Y17.21619
G01 X-34.76729 Y17.16745
G01 X-34.74435 Y17.05206
G01 X-34.73013 Y17.00517
G01 X-34.71029 Y16.94972
G01 X-34.68512 Y16.89651
G01 X-34.66200 Y16.85328
G01 X-34.59667 Y16.75549
G01 X-34.56556 Y16.71759
G01 X-34.52604 Y16.67398
G01 X-34.48240 Y16.63443
G01 X-34.44453 Y16.60337
G01 X-34.39723 Y16.56826
G01 X-34.34671 Y16.53801
G01 X-34.30351 Y16.51492
G01 X-34.19482 Y16.46989
G01 X-34.14793 Y16.45564
G01 X-34.03256 Y16.43270
G01 X-33.98380 Y16.42793
G01 X-33.92500 Y16.42503
G01 X-32.62500 Y16.42503
G01 X-32.56617 Y16.42793
G01 X-32.51740 Y16.43270
G01 X-32.40204 Y16.45564
G01 X-32.35515 Y16.46989
G01 X-32.24649 Y16.51492
G01 X-32.20326 Y16.53801
G01 X-32.15276 Y16.56826
G01 X-32.10547 Y16.60337
G01 X-32.06757 Y16.63443
G01 X-32.02396 Y16.67398
G01 X-31.98441 Y16.71759
G01 X-31.95332 Y16.75549
G01 X-31.90684 Y16.82506
G01 X-31.91182 Y16.83529
G01 X-31.90684 Y16.82506
G01 X-31.87496 Y16.82506
G01 X-31.84568 Y16.85434
G01 X-31.87496 Y16.82506
G01 X-31.87496 Y10.71128
G01 X-31.87407 Y10.71118
G01 X-31.87496 Y10.71128
G01 X-31.88019 Y10.69667
G01 X-31.95418 Y10.45281
G01 X-31.97712 Y10.33744
G01 X-32.00209 Y10.08382
G01 X-32.00498 Y10.02502
G01 X-32.00209 Y9.96619
G01 X-31.97712 Y9.71258
G01 X-31.95418 Y9.59723
G01 X-31.88019 Y9.35334
G01 X-31.86036 Y9.29792
G01 X-31.83519 Y9.24468
G01 X-31.71504 Y9.01994
G01 X-31.64971 Y8.92213
G01 X-31.48804 Y8.72515
G01 X-31.40486 Y8.64197
G01 X-31.20786 Y8.48029
G01 X-31.11007 Y8.41494
G01 X-30.88530 Y8.29482
G01 X-30.83209 Y8.26965
G01 X-30.77664 Y8.24981
G01 X-30.69147 Y8.22396
G01 X-30.78662 Y8.23808
G01 X-30.91680 Y8.26404
G01 X-31.14837 Y8.32205
G01 X-31.15721 Y8.32675
G01 X-31.21614 Y8.36208
G01 X-31.27131 Y8.40300
G01 X-31.46831 Y8.56467
G01 X-31.56534 Y8.66170
G01 X-31.72701 Y8.85870
G01 X-31.76793 Y8.91387
G01 X-31.80323 Y8.97280
G01 X-31.92337 Y9.19754
G01 X-31.95274 Y9.25964
G01 X-31.97590 Y9.32434
G01 X-32.04987 Y9.56820
G01 X-32.07664 Y9.70277
G01 X-32.10161 Y9.95639
G01 X-32.10498 Y10.02502
G01 X-32.10161 Y10.09363
G01 X-32.07664 Y10.34725
G01 X-32.04987 Y10.48184
G01 X-31.97590 Y10.72571
G01 X-31.97496 Y10.72827
G01 X-31.97412 Y10.72817
G01 X-31.97496 Y10.72827
G01 X-31.97496 Y16.58358
G01 X-31.91814 Y16.70233
G01 X-31.97496 Y16.58358
G01 X-32.00415 Y16.55714
G01 X-32.04202 Y16.52607
G01 X-32.09719 Y16.48510
G01 X-32.15611 Y16.44980
G01 X-32.19935 Y16.42671
G01 X-32.32612 Y16.37418
G01 X-32.37301 Y16.35998
G01 X-32.50760 Y16.33319
G01 X-32.55637 Y16.32839
G01 X-32.62500 Y16.32501
G01 X-33.92500 Y16.32501
G01 X-33.99360 Y16.32839
G01 X-34.04237 Y16.33319
G01 X-34.17696 Y16.35998
G01 X-34.22385 Y16.37418
G01 X-34.35062 Y16.42671
G01 X-34.39385 Y16.44980
G01 X-34.45278 Y16.48510
G01 X-34.50795 Y16.52607
G01 X-34.54585 Y16.55714
G01 X-34.59675 Y16.60327
G01 X-34.64288 Y16.65422
G01 X-34.67397 Y16.69204
G01 X-34.75019 Y16.80613
G01 X-34.77331 Y16.84937
G01 X-34.80267 Y16.91149
G01 X-34.82581 Y16.97614
G01 X-34.84003 Y17.02305
G01 X-34.86680 Y17.15762
G01 X-34.87163 Y17.20639
G01 X-34.87498 Y17.27502
G01 X-34.87498 Y17.66580
G01 X-34.87188 Y17.66666
G01 X-34.87498 Y17.66580
G01 X-34.93152 Y17.75043
G01 X-35.04707 Y17.96653
G01 X-35.07645 Y18.02856
G01 X-35.09959 Y18.09325
G01 X-35.17076 Y18.32775
G01 X-35.19754 Y18.46234
G01 X-35.22159 Y18.70621
G01 X-35.22497 Y18.77481
G01 X-35.22162 Y18.84339
G01 X-35.19761 Y19.08728
G01 X-35.17087 Y19.22188
G01 X-35.09977 Y19.45640
G01 X-35.04727 Y19.58314
G01 X-34.93178 Y19.79927
G01 X-34.89647 Y19.85817
G01 X-34.87498 Y19.88715
G01 X-34.87178 Y19.88634
G01 X-34.87498 Y19.88715
G01 X-34.87498 Y20.27501
G01 X-34.87163 Y20.34362
G01 X-34.86680 Y20.39239
G01 X-34.84003 Y20.52698
G01 X-34.82581 Y20.57389
G01 X-34.80267 Y20.63856
G01 X-34.77331 Y20.70067
G01 X-34.75019 Y20.74387
G01 X-34.67397 Y20.85797
G01 X-34.64288 Y20.89587
G01 X-34.59675 Y20.94677
G01 X-34.54585 Y20.99289
G01 X-34.50795 Y21.02398
G01 X-34.45278 Y21.06490
G01 X-34.39385 Y21.10023
G01 X-34.35062 Y21.12332
G01 X-34.22385 Y21.17585
G01 X-34.17696 Y21.19007
G01 X-34.11031 Y21.20676
G01 X-34.04237 Y21.21685
G01 X-33.99360 Y21.22165
G01 X-33.92500 Y21.22502
G01 X-34.36518 Y21.22502
G01 X-34.39777 Y21.21151
G01 X-34.44100 Y21.18842
G01 X-34.50833 Y21.14806
G01 X-34.57140 Y21.10130
G01 X-34.60927 Y21.07019
G01 X-34.66744 Y21.01748
G01 X-34.72017 Y20.95931
G01 X-34.75126 Y20.92142
G01 X-34.83838 Y20.79101
G01 X-34.86149 Y20.74781
G01 X-34.89507 Y20.67684
G01 X-34.92151 Y20.60290
G01 X-34.93574 Y20.55601
G01 X-34.96632 Y20.40219
G01 X-34.97115 Y20.35342
G01 X-34.97498 Y20.27501
G01 X-34.97498 Y19.92000
G01 X-34.97193 Y19.91918
G01 X-34.97498 Y19.92000
G01 X-34.97963 Y19.91372
G01 X-35.01999 Y19.84639
G01 X-35.13546 Y19.63026
G01 X-35.19545 Y19.48538
G01 X-35.26657 Y19.25086
G01 X-35.29715 Y19.09704
G01 X-35.32113 Y18.85317
G01 X-35.32497 Y18.77481
G01 X-35.32111 Y18.69638
G01 X-35.29705 Y18.45251
G01 X-35.26645 Y18.29869
G01 X-35.19528 Y18.06420
G01 X-35.16883 Y17.99028
G01 X-35.13526 Y17.91932
G01 X-35.01971 Y17.70324
G01 X-34.97935 Y17.63590
G01 X-34.97498 Y17.63003
G01 X-34.97219 Y17.63075
G01 X-34.97498 Y17.63003
G01 X-34.97498 Y17.27502
G01 X-34.97115 Y17.19661
G01 X-34.96632 Y17.14782
G01 X-34.93574 Y16.99402
G01 X-34.92151 Y16.94716
G01 X-34.89507 Y16.87324
G01 X-34.86149 Y16.80222
G01 X-34.83838 Y16.75899
G01 X-34.75126 Y16.62861
G01 X-34.72017 Y16.59072
G01 X-34.66744 Y16.53255
G01 X-34.60927 Y16.47982
G01 X-34.57140 Y16.44876
G01 X-34.50833 Y16.40197
G01 X-34.44100 Y16.36161
G01 X-34.39777 Y16.33852
G01 X-34.25288 Y16.27850
G01 X-34.20600 Y16.26428
G01 X-34.05217 Y16.23367
G01 X-34.00341 Y16.22887
G01 X-33.92500 Y16.22501
G01 X-32.62500 Y16.22501
G01 X-32.54656 Y16.22887
G01 X-32.49780 Y16.23367
G01 X-32.34400 Y16.26428
G01 X-32.29708 Y16.27850
G01 X-32.15220 Y16.33852
G01 X-32.10897 Y16.36161
G01 X-32.07496 Y16.38201
G01 X-32.02871 Y16.45457
G01 X-32.07496 Y16.38201
G01 X-32.07496 Y10.74359
G01 X-32.07415 Y10.74349
G01 X-32.07496 Y10.74359
G01 X-32.14555 Y10.51085
G01 X-32.17616 Y10.35705
G01 X-32.20112 Y10.10343
G01 X-32.20498 Y10.02502
G01 X-32.20112 Y9.94661
G01 X-32.17616 Y9.69299
G01 X-32.14555 Y9.53917
G01 X-32.07158 Y9.29530
G01 X-32.04514 Y9.22136
G01 X-32.01156 Y9.15040
G01 X-31.89145 Y8.92566
G01 X-31.80430 Y8.79525
G01 X-31.64263 Y8.59825
G01 X-31.53173 Y8.48736
G01 X-31.44867 Y8.41921
G01 X-31.31931 Y8.37290
G04 P0 ( dwell for no time -- G64 should not smooth over this point )
G00 Z5.00000 ( retract )

G00 X-41.89069 Y8.37288 ( rapid move to begin. )
G01 F150.00000
( Mill infeed pass 1/1 )
G01 Z-0.06000
G04 P0 ( dwell for no time -- G64 should not smooth over this point )
G01 F300.00000
G01 X-41.89069 Y8.37288
G01 X-41.63816 Y8.46323
G01 X-41.50723 Y8.51761
G01 X-41.45836 Y8.53793
G01 X-41.29453 Y8.61540
G01 X-41.20573 Y8.65741
G01 X-41.09410 Y8.71725
G01 X-41.05396 Y8.78423
G01 X-40.93382 Y9.00900
G01 X-40.88767 Y9.10658
G01 X-40.85132 Y9.20821
G01 X-40.77733 Y9.45207
G01 X-40.73527 Y9.66358
G01 X-40.71028 Y9.91720
G01 X-40.71028 Y10.13284
G01 X-40.73527 Y10.38644
G01 X-40.75498 Y10.48552
G01 X-40.75498 Y11.19207
G01 X-40.77903 Y11.25019
G01 X-40.78185 Y11.25931
G01 X-40.78284 Y11.26881
G01 X-40.78630 Y11.26850
G01 X-40.78284 Y11.26881
G01 X-40.78203 Y11.27833
G01 X-40.76072 Y11.39451
G01 X-40.74022 Y11.50637
G01 X-40.72844 Y11.58580
G01 X-40.72409 Y11.62850
G01 X-40.70461 Y11.82047
G01 X-40.70255 Y11.86233
G01 X-40.70253 Y11.86274
G01 X-40.70085 Y11.89215
G01 X-40.70085 Y11.89256
G01 X-40.69719 Y11.94882
G01 X-40.69407 Y12.04226
G01 X-40.69407 Y12.10388
G01 X-40.69780 Y12.19637
G01 X-40.69900 Y12.21046
G01 X-40.69910 Y12.21196
G01 X-40.70215 Y12.26916
G01 X-40.70220 Y12.27071
G01 X-40.70263 Y12.28908
G01 X-40.70614 Y12.34798
G01 X-40.71111 Y12.39860
G01 X-40.72051 Y12.46233
G01 X-40.72613 Y12.49055
G01 X-40.72630 Y12.49139
G01 X-40.73006 Y12.51214
G01 X-40.73021 Y12.51298
G01 X-40.73494 Y12.54193
G01 X-40.73502 Y12.54231
G01 X-40.73636 Y12.55105
G01 X-40.73644 Y12.55143
G01 X-40.76550 Y12.74747
G01 X-40.76580 Y12.74988
G01 X-40.77075 Y12.80012
G01 X-40.77096 Y12.80259
G01 X-40.77499 Y12.88483
G01 X-40.77499 Y12.55001
G01 X-40.77596 Y12.53040
G01 X-40.78076 Y12.48163
G01 X-40.78363 Y12.46223
G01 X-40.78841 Y12.44318
G01 X-40.80263 Y12.39629
G01 X-40.81764 Y12.36007
G01 X-40.84073 Y12.31684
G01 X-40.85081 Y12.30000
G01 X-40.86252 Y12.28425
G01 X-40.89361 Y12.24635
G01 X-40.92132 Y12.21864
G01 X-40.95922 Y12.18755
G01 X-40.97497 Y12.17584
G01 X-40.99181 Y12.16576
G01 X-41.03504 Y12.14267
G01 X-41.07126 Y12.12766
G01 X-41.11815 Y12.11343
G01 X-41.13720 Y12.10866
G01 X-41.15660 Y12.10579
G01 X-41.20537 Y12.10099
G01 X-41.22498 Y12.10002
G01 X-41.65498 Y12.10002
G01 X-41.68368 Y12.12824
G01 X-41.65498 Y12.10002
G01 X-41.65498 Y10.39073
G01 X-41.65579 Y10.39063
G01 X-41.65498 Y10.39073
G01 X-41.63857 Y10.33668
G01 X-41.63092 Y10.29822
G01 X-41.60596 Y10.04460
G01 X-41.60499 Y10.02502
G01 X-41.60596 Y10.00541
G01 X-41.63092 Y9.75179
G01 X-41.63857 Y9.71334
G01 X-41.71256 Y9.46947
G01 X-41.71916 Y9.45098
G01 X-41.72757 Y9.43325
G01 X-41.84769 Y9.20849
G01 X-41.86948 Y9.17590
G01 X-42.03115 Y8.97890
G01 X-42.04433 Y8.96434
G01 X-42.05886 Y8.95116
G01 X-42.25587 Y8.78949
G01 X-42.28845 Y8.76772
G01 X-42.51322 Y8.64758
G01 X-42.53097 Y8.63920
G01 X-42.54944 Y8.63259
G01 X-42.79330 Y8.55860
G01 X-42.83176 Y8.55096
G01 X-43.08538 Y8.52596
G01 X-43.10499 Y8.52502
G01 X-43.12460 Y8.52596
G01 X-43.37822 Y8.55096
G01 X-43.41667 Y8.55860
G01 X-43.66054 Y8.63259
G01 X-43.67900 Y8.63920
G01 X-43.69676 Y8.64758
G01 X-43.92150 Y8.76772
G01 X-43.95411 Y8.78949
G01 X-44.15111 Y8.95116
G01 X-44.16564 Y8.96434
G01 X-44.17882 Y8.97890
G01 X-44.34049 Y9.17590
G01 X-44.36229 Y9.20849
G01 X-44.48240 Y9.43325
G01 X-44.49081 Y9.45098
G01 X-44.49742 Y9.46947
G01 X-44.57141 Y9.71334
G01 X-44.57905 Y9.75179
G01 X-44.60402 Y10.00541
G01 X-44.60498 Y10.02502
G01 X-44.60402 Y10.04460
G01 X-44.57905 Y10.29822
G01 X-44.57141 Y10.33668
G01 X-44.55497 Y10.39083
G01 X-44.55416 Y10.39073
G01 X-44.55497 Y10.39083
G01 X-44.55497 Y13.02501
G01 X-44.55401 Y13.04462
G01 X-44.53000 Y13.28849
G01 X-44.52233 Y13.32694
G01 X-44.47496 Y13.48313
G01 X-44.47402 Y13.48300
G01 X-44.47496 Y13.48313
G01 X-44.47496 Y18.67507
G01 X-44.47435 Y18.69074
G01 X-44.45896 Y18.88634
G01 X-44.45403 Y18.91733
G01 X-44.40824 Y19.10809
G01 X-44.39853 Y19.13796
G01 X-44.32345 Y19.31921
G01 X-44.30920 Y19.34715
G01 X-44.20669 Y19.51441
G01 X-44.18822 Y19.53984
G01 X-44.06082 Y19.68896
G01 X-44.05015 Y19.70049
G01 X-43.95015 Y19.80049
G01 X-43.93559 Y19.81365
G01 X-43.74619 Y19.96904
G01 X-43.71360 Y19.99081
G01 X-43.49752 Y20.10633
G01 X-43.46130 Y20.12129
G01 X-43.22683 Y20.19241
G01 X-43.18840 Y20.20011
G01 X-42.94456 Y20.22406
G01 X-42.92498 Y20.22503
G01 X-40.87499 Y20.22503
G01 X-40.85081 Y20.19869
G01 X-40.87499 Y20.22503
G01 X-40.87499 Y20.27501
G01 X-40.87403 Y20.29462
G01 X-40.86923 Y20.34342
G01 X-40.86158 Y20.38185
G01 X-40.84733 Y20.42873
G01 X-40.84073 Y20.44723
G01 X-40.83235 Y20.46495
G01 X-40.80923 Y20.50819
G01 X-40.78747 Y20.54077
G01 X-40.75638 Y20.57867
G01 X-40.74319 Y20.59320
G01 X-40.72864 Y20.60638
G01 X-40.69077 Y20.63747
G01 X-40.67500 Y20.64918
G01 X-40.65815 Y20.65926
G01 X-40.61495 Y20.68238
G01 X-40.57870 Y20.69736
G01 X-40.53182 Y20.71159
G01 X-40.51277 Y20.71636
G01 X-40.49336 Y20.71923
G01 X-40.44459 Y20.72406
G01 X-40.42498 Y20.72502
G01 X-39.12499 Y20.72502
G01 X-39.10538 Y20.72406
G01 X-39.05661 Y20.71923
G01 X-39.03720 Y20.71636
G01 X-39.01815 Y20.71159
G01 X-38.97126 Y20.69736
G01 X-38.93504 Y20.68238
G01 X-38.89181 Y20.65926
G01 X-38.87497 Y20.64918
G01 X-38.85923 Y20.63747
G01 X-38.82133 Y20.60638
G01 X-38.80680 Y20.59320
G01 X-38.79362 Y20.57867
G01 X-38.76253 Y20.54077
G01 X-38.74073 Y20.50819
G01 X-38.71765 Y20.46495
G01 X-38.70924 Y20.44723
G01 X-38.70263 Y20.42873
G01 X-38.68841 Y20.38185
G01 X-38.68076 Y20.34342
G01 X-38.67594 Y20.29462
G01 X-38.67500 Y20.27501
G01 X-38.67497 Y19.71083
G01 X-38.68074 Y19.70882
G01 X-38.67497 Y19.71083
G01 X-38.58104 Y19.59638
G01 X-38.56936 Y19.58060
G01 X-38.55925 Y19.56376
G01 X-38.44376 Y19.34766
G01 X-38.42875 Y19.31146
G01 X-38.35763 Y19.07695
G01 X-38.34996 Y19.03854
G01 X-38.32595 Y18.79465
G01 X-38.32499 Y18.77502
G01 X-38.32595 Y18.75543
G01 X-38.34996 Y18.51157
G01 X-38.35763 Y18.47316
G01 X-38.42875 Y18.23864
G01 X-38.44376 Y18.20240
G01 X-38.55925 Y17.98630
G01 X-38.56936 Y17.96945
G01 X-38.58104 Y17.95368
G01 X-38.67497 Y17.83923
G01 X-38.68056 Y17.84124
G01 X-38.67497 Y17.83923
G01 X-38.67500 Y17.27502
G01 X-38.67594 Y17.25541
G01 X-38.68076 Y17.20667
G01 X-38.68841 Y17.16819
G01 X-38.70263 Y17.12130
G01 X-38.70924 Y17.10281
G01 X-38.71765 Y17.08505
G01 X-38.74073 Y17.04190
G01 X-38.76253 Y17.00923
G01 X-38.79362 Y16.97136
G01 X-38.80680 Y16.95683
G01 X-38.82133 Y16.94363
G01 X-38.85923 Y16.91254
G01 X-38.87497 Y16.90085
G01 X-38.89181 Y16.89077
G01 X-38.93504 Y16.86765
G01 X-38.97126 Y16.85264
G01 X-39.01815 Y16.83842
G01 X-39.05661 Y16.83077
G01 X-39.10538 Y16.82597
G01 X-39.12499 Y16.82501
G01 X-40.42498 Y16.82501
G01 X-40.44459 Y16.82597
G01 X-40.49336 Y16.83077
G01 X-40.53182 Y16.83842
G01 X-40.57870 Y16.85264
G01 X-40.61495 Y16.86765
G01 X-40.65815 Y16.89077
G01 X-40.67500 Y16.90085
G01 X-40.69077 Y16.91254
G01 X-40.72864 Y16.94363
G01 X-40.74319 Y16.95683
G01 X-40.75638 Y16.97136
G01 X-40.78747 Y17.00923
G01 X-40.80923 Y17.04190
G01 X-40.83235 Y17.08505
G01 X-40.84073 Y17.10281
G01 X-40.84733 Y17.12130
G01 X-40.86158 Y17.16819
G01 X-40.86923 Y17.20667
G01 X-40.87403 Y17.25541
G01 X-40.87499 Y17.27502
G01 X-40.87499 Y17.32503
G01 X-40.85081 Y17.35137
G01 X-40.87499 Y17.32503
G01 X-41.57497 Y17.32503
G01 X-41.60425 Y17.35434
G01 X-41.57497 Y17.32503
G01 X-41.57497 Y13.95001
G01 X-41.60425 Y13.92072
G01 X-41.57497 Y13.95001
G01 X-41.22498 Y13.95001
G01 X-41.20537 Y13.94904
G01 X-41.15660 Y13.94424
G01 X-41.13720 Y13.94137
G01 X-41.11815 Y13.93660
G01 X-41.07126 Y13.92237
G01 X-41.03504 Y13.90736
G01 X-40.99181 Y13.88427
G01 X-40.97497 Y13.87416
G01 X-40.95922 Y13.86248
G01 X-40.92132 Y13.83139
G01 X-40.89361 Y13.80368
G01 X-40.86252 Y13.76578
G01 X-40.85081 Y13.75001
G01 X-40.84073 Y13.73319
G01 X-40.81764 Y13.68996
G01 X-40.80263 Y13.65374
G01 X-40.78841 Y13.60685
G01 X-40.78363 Y13.58780
G01 X-40.78076 Y13.56840
G01 X-40.77596 Y13.51960
G01 X-40.77499 Y13.50002
G01 X-40.77499 Y13.16522
G01 X-40.78058 Y13.05146
G01 X-40.78063 Y13.04899
G01 X-40.78063 Y13.00106
G01 X-40.78058 Y12.99860
G01 X-40.77499 Y12.88483
G01 X-40.78058 Y12.99860
G01 X-40.78063 Y13.00106
G01 X-40.78063 Y13.04899
G01 X-40.78058 Y13.05146
G01 X-40.77499 Y13.16522
G01 X-40.77096 Y13.24749
G01 X-40.77075 Y13.24996
G01 X-40.76580 Y13.30020
G01 X-40.76550 Y13.30261
G01 X-40.73644 Y13.49865
G01 X-40.73636 Y13.49903
G01 X-40.73502 Y13.50774
G01 X-40.73496 Y13.50812
G01 X-40.73021 Y13.53705
G01 X-40.73006 Y13.53792
G01 X-40.72630 Y13.55869
G01 X-40.72613 Y13.55953
G01 X-40.72054 Y13.58773
G01 X-40.71114 Y13.65145
G01 X-40.70614 Y13.70208
G01 X-40.70263 Y13.76106
G01 X-40.70222 Y13.77934
G01 X-40.70215 Y13.78089
G01 X-40.69910 Y13.83809
G01 X-40.69900 Y13.83959
G01 X-40.69783 Y13.85369
G01 X-40.69410 Y13.94637
G01 X-40.69410 Y14.00797
G01 X-40.69473 Y14.02702
G01 X-40.69722 Y14.10129
G01 X-40.70085 Y14.15745
G01 X-40.70093 Y14.15841
G01 X-40.70136 Y14.16832
G01 X-40.70426 Y14.23157
G01 X-40.70428 Y14.23248
G01 X-40.70591 Y14.29194
G01 X-40.70611 Y14.29527
G01 X-40.71391 Y14.41605
G01 X-40.71835 Y14.48485
G01 X-40.72300 Y14.53215
G01 X-40.72689 Y14.57154
G01 X-40.73329 Y14.63126
G01 X-40.73484 Y14.64477
G01 X-40.74297 Y14.71513
G01 X-40.74327 Y14.72283
G01 X-40.74716 Y14.72359
G01 X-40.74327 Y14.72283
G01 X-40.74238 Y14.73050
G01 X-40.74030 Y14.73791
G01 X-40.73712 Y14.74495
G01 X-40.67497 Y14.85813
G01 X-40.67497 Y15.95369
G01 X-40.70840 Y15.99120
G01 X-40.67497 Y15.95369
G01 X-40.58157 Y15.93512
G01 X-40.53281 Y15.93034
G01 X-40.42498 Y15.92503
G01 X-39.12499 Y15.92503
G01 X-39.01716 Y15.93034
G01 X-38.96839 Y15.93512
G01 X-38.75691 Y15.97718
G01 X-38.71000 Y15.99140
G01 X-38.51079 Y16.07393
G01 X-38.46756 Y16.09707
G01 X-38.37497 Y16.15252
G01 X-38.28826 Y16.21683
G01 X-38.25039 Y16.24792
G01 X-38.17040 Y16.32044
G01 X-38.09791 Y16.40040
G01 X-38.06680 Y16.43829
G01 X-37.94701 Y16.61759
G01 X-37.92390 Y16.66082
G01 X-37.87774 Y16.75838
G01 X-37.84137 Y16.86003
G01 X-37.82715 Y16.90697
G01 X-37.78508 Y17.11843
G01 X-37.78028 Y17.16720
G01 X-37.77498 Y17.27502
G01 X-37.77498 Y17.54627
G01 X-37.77772 Y17.54698
G01 X-37.77498 Y17.54627
G01 X-37.76553 Y17.56206
G01 X-37.65003 Y17.77819
G01 X-37.56751 Y17.97735
G01 X-37.49636 Y18.21185
G01 X-37.47015 Y18.31660
G01 X-37.45430 Y18.42335
G01 X-37.43027 Y18.66722
G01 X-37.52979 Y18.67702
G01 X-37.62931 Y18.68685
G01 X-37.72885 Y18.69661
G01 X-37.82837 Y18.70641
G01 X-37.92788 Y18.71621
G01 X-38.02740 Y18.72607
G01 X-38.12692 Y18.73582
G01 X-38.22644 Y18.74563
G01 X-38.32595 Y18.75543
G01 X-38.42547 Y18.76529
G01 X-38.42547 Y18.78482
G01 X-38.44947 Y19.02869
G01 X-38.45092 Y19.03839
G01 X-38.45331 Y19.04791
G01 X-38.52445 Y19.28241
G01 X-38.53195 Y19.30052
G01 X-38.64747 Y19.51662
G01 X-38.65834 Y19.53293
G01 X-38.77497 Y19.67509
G01 X-38.77500 Y20.27501
G01 X-38.77546 Y20.28484
G01 X-38.78028 Y20.33359
G01 X-38.78170 Y20.34329
G01 X-38.78409 Y20.35281
G01 X-38.79832 Y20.39970
G01 X-38.80162 Y20.40895
G01 X-38.80583 Y20.41784
G01 X-38.82892 Y20.46104
G01 X-38.83982 Y20.47735
G01 X-38.87091 Y20.51522
G01 X-38.88478 Y20.52909
G01 X-38.92265 Y20.56018
G01 X-38.93055 Y20.56602
G01 X-38.93896 Y20.57108
G01 X-38.98219 Y20.59416
G01 X-39.00030 Y20.60168
G01 X-39.04719 Y20.61591
G01 X-39.05671 Y20.61829
G01 X-39.06641 Y20.61972
G01 X-39.11518 Y20.62454
G01 X-39.12499 Y20.62502
G01 X-40.42498 Y20.62502
G01 X-40.43479 Y20.62454
G01 X-40.48356 Y20.61972
G01 X-40.49326 Y20.61829
G01 X-40.50278 Y20.61591
G01 X-40.54970 Y20.60168
G01 X-40.56781 Y20.59416
G01 X-40.61101 Y20.57108
G01 X-40.61945 Y20.56602
G01 X-40.62732 Y20.56018
G01 X-40.66519 Y20.52909
G01 X-40.67906 Y20.51522
G01 X-40.71015 Y20.47735
G01 X-40.72105 Y20.46104
G01 X-40.74416 Y20.41784
G01 X-40.74835 Y20.40895
G01 X-40.75165 Y20.39970
G01 X-40.76588 Y20.35281
G01 X-40.76826 Y20.34329
G01 X-40.76971 Y20.33359
G01 X-40.77451 Y20.28484
G01 X-40.77499 Y20.27501
G01 X-40.77499 Y20.12505
G01 X-42.92498 Y20.12505
G01 X-42.93476 Y20.12457
G01 X-43.17860 Y20.10054
G01 X-43.19782 Y20.09671
G01 X-43.43227 Y20.02564
G01 X-43.45038 Y20.01809
G01 X-43.66645 Y19.90265
G01 X-43.68276 Y19.89175
G01 X-43.87217 Y19.73633
G01 X-43.87943 Y19.72980
G01 X-43.97943 Y19.62978
G01 X-43.98477 Y19.62401
G01 X-44.11220 Y19.47484
G01 X-44.12142 Y19.46214
G01 X-44.22393 Y19.29488
G01 X-44.23107 Y19.28096
G01 X-44.30615 Y19.09970
G01 X-44.31101 Y19.08474
G01 X-44.35680 Y18.89399
G01 X-44.35927 Y18.87847
G01 X-44.37466 Y18.68289
G01 X-44.37496 Y18.67507
G01 X-44.37496 Y13.46830
G01 X-44.42665 Y13.29791
G01 X-44.42904 Y13.28839
G01 X-44.43049 Y13.27868
G01 X-44.45449 Y13.03482
G01 X-44.45497 Y13.02501
G01 X-44.45497 Y10.37600
G01 X-44.47570 Y10.30765
G01 X-44.47809 Y10.29815
G01 X-44.47953 Y10.28844
G01 X-44.50450 Y10.03483
G01 X-44.50450 Y10.01522
G01 X-44.47953 Y9.76160
G01 X-44.47809 Y9.75189
G01 X-44.47570 Y9.74237
G01 X-44.40173 Y9.49850
G01 X-44.39422 Y9.48039
G01 X-44.27410 Y9.25563
G01 X-44.26904 Y9.24722
G01 X-44.26320 Y9.23932
G01 X-44.10153 Y9.04235
G01 X-44.08766 Y9.02848
G01 X-43.89066 Y8.86681
G01 X-43.88279 Y8.86096
G01 X-43.87438 Y8.85591
G01 X-43.64961 Y8.73577
G01 X-43.63150 Y8.72827
G01 X-43.38764 Y8.65431
G01 X-43.37811 Y8.65192
G01 X-43.36841 Y8.65047
G01 X-43.11479 Y8.62551
G01 X-43.09518 Y8.62551
G01 X-42.84156 Y8.65047
G01 X-42.83186 Y8.65192
G01 X-42.82234 Y8.65431
G01 X-42.57847 Y8.72827
G01 X-42.56036 Y8.73577
G01 X-42.33560 Y8.85591
G01 X-42.32719 Y8.86096
G01 X-42.31931 Y8.86681
G01 X-42.12231 Y9.02848
G01 X-42.10844 Y9.04235
G01 X-41.94677 Y9.23932
G01 X-41.94093 Y9.24722
G01 X-41.93588 Y9.25563
G01 X-41.81576 Y9.48039
G01 X-41.80824 Y9.49850
G01 X-41.73428 Y9.74237
G01 X-41.73189 Y9.75189
G01 X-41.73044 Y9.76160
G01 X-41.70547 Y10.01522
G01 X-41.70547 Y10.03483
G01 X-41.73044 Y10.28844
G01 X-41.73428 Y10.30765
G01 X-41.75498 Y10.37590
G01 X-41.75498 Y12.20002
G01 X-41.22498 Y12.20002
G01 X-41.21518 Y12.20051
G01 X-41.16641 Y12.20531
G01 X-41.15671 Y12.20673
G01 X-41.14718 Y12.20912
G01 X-41.10029 Y12.22334
G01 X-41.08218 Y12.23086
G01 X-41.03895 Y12.25395
G01 X-41.03054 Y12.25900
G01 X-41.02264 Y12.26484
G01 X-40.98477 Y12.29593
G01 X-40.97091 Y12.30980
G01 X-40.93982 Y12.34767
G01 X-40.93397 Y12.35557
G01 X-40.92892 Y12.36398
G01 X-40.90583 Y12.40721
G01 X-40.89831 Y12.42532
G01 X-40.88409 Y12.47221
G01 X-40.88170 Y12.48173
G01 X-40.88028 Y12.49144
G01 X-40.87548 Y12.54020
G01 X-40.87499 Y12.55001
G01 X-40.87499 Y13.50002
G01 X-40.87548 Y13.50982
G01 X-40.88028 Y13.55859
G01 X-40.88170 Y13.56830
G01 X-40.88409 Y13.57782
G01 X-40.89831 Y13.62471
G01 X-40.90583 Y13.64282
G01 X-40.92892 Y13.68605
G01 X-40.93397 Y13.69446
G01 X-40.93982 Y13.70236
G01 X-40.97091 Y13.74023
G01 X-40.98477 Y13.75410
G01 X-41.02264 Y13.78519
G01 X-41.03054 Y13.79103
G01 X-41.03895 Y13.79608
G01 X-41.08218 Y13.81917
G01 X-41.10029 Y13.82666
G01 X-41.14718 Y13.84091
G01 X-41.15671 Y13.84328
G01 X-41.16641 Y13.84472
G01 X-41.21518 Y13.84952
G01 X-41.22498 Y13.85001
G01 X-41.67497 Y13.85001
G01 X-41.67497 Y17.42506
G01 X-40.77499 Y17.42506
G01 X-40.77499 Y17.27502
G01 X-40.77451 Y17.26527
G01 X-40.76971 Y17.21645
G01 X-40.76826 Y17.20672
G01 X-40.76588 Y17.19722
G01 X-40.75165 Y17.15036
G01 X-40.74835 Y17.14108
G01 X-40.74416 Y17.13219
G01 X-40.72105 Y17.08901
G01 X-40.71015 Y17.07271
G01 X-40.67906 Y17.03479
G01 X-40.67248 Y17.02752
G01 X-40.66519 Y17.02094
G01 X-40.62732 Y16.98985
G01 X-40.61945 Y16.98399
G01 X-40.61101 Y16.97896
G01 X-40.56781 Y16.95587
G01 X-40.54970 Y16.94835
G01 X-40.50278 Y16.93413
G01 X-40.48356 Y16.93029
G01 X-40.43479 Y16.92551
G01 X-40.42498 Y16.92503
G01 X-39.12499 Y16.92503
G01 X-39.11518 Y16.92551
G01 X-39.06641 Y16.93029
G01 X-39.04719 Y16.93413
G01 X-39.00030 Y16.94835
G01 X-38.98219 Y16.95587
G01 X-38.93896 Y16.97896
G01 X-38.93055 Y16.98399
G01 X-38.92265 Y16.98985
G01 X-38.88478 Y17.02094
G01 X-38.87749 Y17.02752
G01 X-38.87091 Y17.03479
G01 X-38.83982 Y17.07271
G01 X-38.82892 Y17.08901
G01 X-38.80583 Y17.13219
G01 X-38.80162 Y17.14108
G01 X-38.79832 Y17.15036
G01 X-38.78409 Y17.19722
G01 X-38.78170 Y17.20672
G01 X-38.78028 Y17.21645
G01 X-38.77546 Y17.26527
G01 X-38.77500 Y17.27502
G01 X-38.77497 Y17.87502
G01 X-38.65834 Y18.01713
G01 X-38.64747 Y18.03344
G01 X-38.53195 Y18.24954
G01 X-38.52445 Y18.26770
G01 X-38.45331 Y18.50214
G01 X-38.45092 Y18.51167
G01 X-38.44947 Y18.52142
G01 X-38.42547 Y18.76529
G01 X-38.32595 Y18.75543
G01 X-38.22644 Y18.74563
G01 X-38.12692 Y18.73582
G01 X-38.02740 Y18.72607
G01 X-37.92788 Y18.71621
G01 X-37.82837 Y18.70641
G01 X-37.72885 Y18.69661
G01 X-37.62931 Y18.68685
G01 X-37.52979 Y18.67702
G01 X-37.43027 Y18.66722
G01 X-37.43027 Y18.88284
G01 X-37.45430 Y19.12670
G01 X-37.47015 Y19.23351
G01 X-37.49636 Y19.33824
G01 X-37.56751 Y19.57270
G01 X-37.65003 Y19.77192
G01 X-37.76553 Y19.98802
G01 X-37.77498 Y20.00379
G01 X-37.77785 Y20.00306
G01 X-37.77498 Y20.00379
G01 X-37.77498 Y20.27501
G01 X-37.78028 Y20.38284
G01 X-37.78508 Y20.43160
G01 X-37.82715 Y20.64311
G01 X-37.84137 Y20.69000
G01 X-37.87774 Y20.79162
G01 X-37.92390 Y20.88921
G01 X-37.94701 Y20.93244
G01 X-38.06680 Y21.11174
G01 X-38.09791 Y21.14961
G01 X-38.16624 Y21.22502
G01 X-38.31409 Y21.22502
G01 X-38.31381 Y21.22480
G01 X-38.24112 Y21.15891
G01 X-38.17520 Y21.08619
G01 X-38.14411 Y21.04829
G01 X-38.03520 Y20.88530
G01 X-38.01208 Y20.84207
G01 X-37.97015 Y20.75337
G01 X-37.93708 Y20.66097
G01 X-37.92285 Y20.61408
G01 X-37.88460 Y20.42180
G01 X-37.87980 Y20.37303
G01 X-37.87498 Y20.27501
G01 X-37.87498 Y19.97641
G01 X-37.87792 Y19.97560
G01 X-37.87498 Y19.97641
G01 X-37.85372 Y19.94090
G01 X-37.73822 Y19.72480
G01 X-37.66319 Y19.54370
G01 X-37.59207 Y19.30920
G01 X-37.56822 Y19.21398
G01 X-37.55382 Y19.11690
G01 X-37.52979 Y18.87303
G01 X-37.52499 Y18.77502
G01 X-37.52979 Y18.67702
G01 X-37.55382 Y18.43316
G01 X-37.56822 Y18.33608
G01 X-37.59207 Y18.24090
G01 X-37.66319 Y18.00641
G01 X-37.73822 Y17.82531
G01 X-37.85372 Y17.60921
G01 X-37.87498 Y17.57370
G01 X-37.87779 Y17.57443
G01 X-37.87498 Y17.57370
G01 X-37.87498 Y17.27502
G01 X-37.87980 Y17.17700
G01 X-37.88460 Y17.12823
G01 X-37.92285 Y16.93595
G01 X-37.93708 Y16.88907
G01 X-37.97015 Y16.79666
G01 X-38.01208 Y16.70796
G01 X-38.03520 Y16.66473
G01 X-38.14411 Y16.50172
G01 X-38.17520 Y16.46384
G01 X-38.24112 Y16.39115
G01 X-38.31381 Y16.32524
G01 X-38.35171 Y16.29415
G01 X-38.43052 Y16.23570
G01 X-38.51470 Y16.18523
G01 X-38.55793 Y16.16212
G01 X-38.73903 Y16.08711
G01 X-38.78592 Y16.07289
G01 X-38.97820 Y16.03464
G01 X-39.02697 Y16.02983
G01 X-39.12499 Y16.02501
G01 X-40.42498 Y16.02501
G01 X-40.52300 Y16.02983
G01 X-40.57177 Y16.03464
G01 X-40.76405 Y16.07289
G01 X-40.77497 Y16.07619
G01 X-40.81172 Y16.12127
G01 X-40.77497 Y16.07619
G01 X-40.77497 Y14.66138
G01 X-40.79181 Y14.65013
G01 X-40.77497 Y14.66138
G01 X-40.73484 Y14.64477
G01 X-40.73329 Y14.63126
G01 X-40.72689 Y14.57154
G01 X-40.72300 Y14.53215
G01 X-40.86806 Y14.59222
G01 X-40.87497 Y14.59433
G01 X-40.89194 Y14.58292
G01 X-40.87497 Y14.59433
G01 X-40.87497 Y16.22135
G01 X-40.91807 Y16.28368
G01 X-40.87497 Y16.22135
G01 X-40.78190 Y16.18279
G01 X-40.73502 Y16.16857
G01 X-40.56197 Y16.13420
G01 X-40.51320 Y16.12935
G01 X-40.42498 Y16.12501
G01 X-39.12499 Y16.12501
G01 X-39.03677 Y16.12935
G01 X-38.98800 Y16.13420
G01 X-38.81495 Y16.16857
G01 X-38.76806 Y16.18279
G01 X-38.60505 Y16.25031
G01 X-38.56184 Y16.27342
G01 X-38.48607 Y16.31884
G01 X-38.41513 Y16.37144
G01 X-38.37726 Y16.40253
G01 X-38.31180 Y16.46184
G01 X-38.25250 Y16.52729
G01 X-38.22141 Y16.56517
G01 X-38.12339 Y16.71188
G01 X-38.10030 Y16.75508
G01 X-38.06253 Y16.83499
G01 X-38.03276 Y16.91810
G01 X-38.01854 Y16.96499
G01 X-37.98412 Y17.13809
G01 X-37.97932 Y17.18683
G01 X-37.97498 Y17.27502
G01 X-37.97498 Y17.60113
G01 X-37.97785 Y17.60194
G01 X-37.97498 Y17.60113
G01 X-37.94193 Y17.65632
G01 X-37.82641 Y17.87245
G01 X-37.75890 Y18.03544
G01 X-37.68775 Y18.26996
G01 X-37.66629 Y18.35559
G01 X-37.65333 Y18.44299
G01 X-37.62931 Y18.68685
G01 X-37.62499 Y18.77502
G01 X-37.62931 Y18.86326
G01 X-37.65333 Y19.10712
G01 X-37.66629 Y19.19447
G01 X-37.68775 Y19.28015
G01 X-37.75890 Y19.51466
G01 X-37.82641 Y19.67766
G01 X-37.94193 Y19.89378
G01 X-37.97498 Y19.94898
G01 X-37.97797 Y19.94817
G01 X-37.97498 Y19.94898
G01 X-37.97498 Y20.27501
G01 X-37.97932 Y20.36323
G01 X-37.98412 Y20.41202
G01 X-38.01854 Y20.58505
G01 X-38.03276 Y20.63193
G01 X-38.06253 Y20.71509
G01 X-38.10030 Y20.79495
G01 X-38.12339 Y20.83816
G01 X-38.22141 Y20.98487
G01 X-38.25250 Y21.02274
G01 X-38.31180 Y21.08819
G01 X-38.37726 Y21.14750
G01 X-38.41513 Y21.17859
G01 X-38.47774 Y21.22502
G01 X-38.31409 Y21.22502
G01 X-38.47774 Y21.22502
G01 X-38.68480 Y21.22502
G01 X-38.65219 Y21.21151
G01 X-38.60898 Y21.18842
G01 X-38.54165 Y21.14806
G01 X-38.47858 Y21.10130
G01 X-38.44068 Y21.07019
G01 X-38.38252 Y21.01748
G01 X-38.32981 Y20.95931
G01 X-38.29872 Y20.92142
G01 X-38.21158 Y20.79101
G01 X-38.18849 Y20.74781
G01 X-38.15491 Y20.67684
G01 X-38.12847 Y20.60290
G01 X-38.11424 Y20.55601
G01 X-38.08364 Y20.40219
G01 X-38.07884 Y20.35342
G01 X-38.07497 Y20.27501
G01 X-38.07497 Y19.92007
G01 X-38.07805 Y19.91929
G01 X-38.07497 Y19.92007
G01 X-38.07048 Y19.91395
G01 X-38.03012 Y19.84664
G01 X-37.91460 Y19.63054
G01 X-37.85458 Y19.48561
G01 X-37.78346 Y19.25111
G01 X-37.76438 Y19.17496
G01 X-37.75285 Y19.09732
G01 X-37.72885 Y18.85345
G01 X-37.72885 Y18.69661
G01 X-37.75285 Y18.45274
G01 X-37.76438 Y18.37509
G01 X-37.78346 Y18.29894
G01 X-37.85458 Y18.06445
G01 X-37.91460 Y17.91957
G01 X-38.03012 Y17.70347
G01 X-38.07048 Y17.63616
G01 X-38.07497 Y17.63001
G01 X-38.07792 Y17.63082
G01 X-38.07497 Y17.63001
G01 X-38.07497 Y17.27502
G01 X-38.07884 Y17.19661
G01 X-38.08364 Y17.14782
G01 X-38.11424 Y16.99402
G01 X-38.12847 Y16.94716
G01 X-38.15491 Y16.87324
G01 X-38.18849 Y16.80222
G01 X-38.21158 Y16.75899
G01 X-38.29872 Y16.62861
G01 X-38.32981 Y16.59072
G01 X-38.38252 Y16.53255
G01 X-38.44068 Y16.47982
G01 X-38.47858 Y16.44876
G01 X-38.54165 Y16.40197
G01 X-38.60898 Y16.36161
G01 X-38.65219 Y16.33852
G01 X-38.79710 Y16.27850
G01 X-38.84399 Y16.26428
G01 X-38.99781 Y16.23367
G01 X-39.04658 Y16.22887
G01 X-39.12499 Y16.22501
G01 X-40.42498 Y16.22501
G01 X-40.50339 Y16.22887
G01 X-40.55219 Y16.23367
G01 X-40.70598 Y16.26428
G01 X-40.75290 Y16.27850
G01 X-40.89778 Y16.33852
G01 X-40.94101 Y16.36161
G01 X-40.97497 Y16.38195
G01 X-41.02122 Y16.45457
G01 X-40.97497 Y16.38195
G01 X-40.97497 Y14.51851
G01 X-40.99234 Y14.50667
G01 X-40.97497 Y14.51851
G01 X-40.94398 Y14.51076
G01 X-40.89709 Y14.49654
G01 X-40.75221 Y14.43652
G01 X-40.71391 Y14.41605
G01 X-40.70611 Y14.29527
G01 X-40.75612 Y14.32522
G01 X-40.79933 Y14.34833
G01 X-40.92612 Y14.40083
G01 X-40.97301 Y14.41506
G01 X-41.03966 Y14.43177
G01 X-41.07497 Y14.43700
G01 X-41.09636 Y14.42019
G01 X-41.07497 Y14.43700
G01 X-41.07497 Y16.58353
G01 X-41.13179 Y16.70230
G01 X-41.07497 Y16.58353
G01 X-41.04584 Y16.55714
G01 X-41.00796 Y16.52607
G01 X-40.95277 Y16.48510
G01 X-40.89387 Y16.44980
G01 X-40.85064 Y16.42671
G01 X-40.72386 Y16.37418
G01 X-40.67695 Y16.35998
G01 X-40.54238 Y16.33319
G01 X-40.49359 Y16.32839
G01 X-40.42498 Y16.32501
G01 X-39.12499 Y16.32501
G01 X-39.05638 Y16.32839
G01 X-39.00761 Y16.33319
G01 X-38.87302 Y16.35998
G01 X-38.82613 Y16.37418
G01 X-38.69933 Y16.42671
G01 X-38.65613 Y16.44980
G01 X-38.59720 Y16.48510
G01 X-38.54203 Y16.52607
G01 X-38.50413 Y16.55714
G01 X-38.45323 Y16.60327
G01 X-38.40711 Y16.65422
G01 X-38.37602 Y16.69204
G01 X-38.29976 Y16.80613
G01 X-38.27668 Y16.84937
G01 X-38.24731 Y16.91149
G01 X-38.22415 Y16.97614
G01 X-38.20993 Y17.02305
G01 X-38.18315 Y17.15762
G01 X-38.17835 Y17.20639
G01 X-38.17497 Y17.27502
G01 X-38.17497 Y17.66285
G01 X-38.17820 Y17.66377
G01 X-38.17497 Y17.66285
G01 X-38.15361 Y17.69168
G01 X-38.11831 Y17.75058
G01 X-38.00279 Y17.96669
G01 X-37.95029 Y18.09348
G01 X-37.87914 Y18.32798
G01 X-37.86245 Y18.39460
G01 X-37.85237 Y18.46255
G01 X-37.82837 Y18.70641
G01 X-37.82499 Y18.77502
G01 X-37.82837 Y18.84365
G01 X-37.85237 Y19.08751
G01 X-37.86245 Y19.15546
G01 X-37.87914 Y19.22208
G01 X-37.95029 Y19.45657
G01 X-38.00279 Y19.58340
G01 X-38.11831 Y19.79952
G01 X-38.15361 Y19.85843
G01 X-38.17497 Y19.88721
G01 X-38.17820 Y19.88634
G01 X-38.17497 Y19.88721
G01 X-38.17497 Y20.27501
G01 X-38.17835 Y20.34362
G01 X-38.18315 Y20.39239
G01 X-38.20993 Y20.52698
G01 X-38.22415 Y20.57389
G01 X-38.24731 Y20.63856
G01 X-38.27668 Y20.70067
G01 X-38.29976 Y20.74387
G01 X-38.37602 Y20.85797
G01 X-38.40711 Y20.89587
G01 X-38.45323 Y20.94677
G01 X-38.50413 Y20.99289
G01 X-38.54203 Y21.02398
G01 X-38.59720 Y21.06490
G01 X-38.65613 Y21.10023
G01 X-38.69933 Y21.12332
G01 X-38.82613 Y21.17585
G01 X-38.87302 Y21.19007
G01 X-38.93964 Y21.20676
G01 X-39.00761 Y21.21685
G01 X-39.05638 Y21.22165
G01 X-39.12499 Y21.22502
G01 X-38.68480 Y21.22502
G01 X-39.12499 Y21.22502
G01 X-39.77487 Y21.22502
G01 X-40.42498 Y21.22502
G01 X-40.49359 Y21.22165
G01 X-40.54238 Y21.21685
G01 X-40.61033 Y21.20676
G01 X-40.67695 Y21.19007
G01 X-40.72386 Y21.17585
G01 X-40.85064 Y21.12332
G01 X-40.89387 Y21.10023
G01 X-40.95277 Y21.06490
G01 X-41.00796 Y21.02398
G01 X-41.04584 Y20.99289
G01 X-41.09674 Y20.94677
G01 X-41.14286 Y20.89587
G01 X-41.17395 Y20.85797
G01 X-41.25020 Y20.74387
G01 X-41.26029 Y20.72502
G01 X-41.25424 Y20.71359
G01 X-41.26029 Y20.72502
G01 X-42.92498 Y20.72502
G01 X-42.99356 Y20.72165
G01 X-43.23740 Y20.69764
G01 X-43.37197 Y20.67090
G01 X-43.60641 Y20.59978
G01 X-43.73318 Y20.54728
G01 X-43.94926 Y20.43181
G01 X-44.06336 Y20.35558
G01 X-44.25276 Y20.20018
G01 X-44.30364 Y20.15411
G01 X-44.40364 Y20.05408
G01 X-44.44098 Y20.01372
G01 X-44.56838 Y19.86457
G01 X-44.63298 Y19.77570
G01 X-44.73549 Y19.60844
G01 X-44.78538 Y19.51055
G01 X-44.86046 Y19.32929
G01 X-44.89442 Y19.22482
G01 X-44.94021 Y19.03407
G01 X-44.95741 Y18.92556
G01 X-44.97280 Y18.72998
G01 X-44.97496 Y18.67509
G01 X-44.97496 Y18.67474
G01 X-44.97499 Y18.67385
G01 X-44.97679 Y18.60019
G01 X-44.97684 Y18.59889
G01 X-44.98865 Y18.35383
G01 X-44.98906 Y18.35139
G01 X-45.00397 Y18.20026
G01 X-45.00427 Y18.19785
G01 X-45.04062 Y17.95282
G01 X-45.04105 Y17.95040
G01 X-45.07354 Y17.78739
G01 X-45.07407 Y17.78503
G01 X-45.07496 Y17.78147
G01 X-45.13546 Y17.53997
G01 X-45.13612 Y17.53755
G01 X-45.17496 Y17.40987
G01 X-45.17496 Y13.58696
G01 X-45.17435 Y13.58691
G01 X-45.17496 Y13.58696
G01 X-45.19221 Y13.53014
G01 X-45.22662 Y13.35709
G01 X-45.25065 Y13.11325
G01 X-45.25497 Y13.02501
G01 X-45.25482 Y10.47092
G01 X-45.27567 Y10.36685
G01 X-45.30067 Y10.11324
G01 X-45.30498 Y10.02502
G01 X-45.30067 Y9.93681
G01 X-45.27567 Y9.68319
G01 X-45.24125 Y9.51014
G01 X-45.16726 Y9.26627
G01 X-45.13752 Y9.18311
G01 X-45.09975 Y9.10325
G01 X-44.97963 Y8.87852
G01 X-44.88162 Y8.73181
G01 X-44.71995 Y8.53483
G01 X-44.70275 Y8.51763
G01 X-44.75152 Y8.53790
G01 X-44.91545 Y8.61542
G01 X-44.95891 Y8.66838
G01 X-45.06782 Y8.83137
G01 X-45.18794 Y9.05614
G01 X-45.22990 Y9.14483
G01 X-45.26297 Y9.23724
G01 X-45.33694 Y9.48111
G01 X-45.37519 Y9.67338
G01 X-45.40018 Y9.92700
G01 X-45.40498 Y10.02502
G01 X-45.40018 Y10.12304
G01 X-45.37519 Y10.37666
G01 X-45.35482 Y10.47831
G01 X-45.35497 Y13.02501
G01 X-45.35017 Y13.12303
G01 X-45.32614 Y13.36690
G01 X-45.28789 Y13.55918
G01 X-45.27496 Y13.60180
G01 X-45.27440 Y13.60175
G01 X-45.27496 Y13.60180
G01 X-45.27496 Y17.12181
G01 X-45.19274 Y17.35163
G01 X-45.19198 Y17.35394
G01 X-45.17496 Y17.40987
G01 X-45.19198 Y17.35394
G01 X-45.19274 Y17.35163
G01 X-45.27496 Y17.12181
G01 X-45.28040 Y17.10662
G01 X-45.28131 Y17.10428
G01 X-45.37057 Y16.88940
G01 X-45.37153 Y16.88721
G01 X-45.37496 Y16.87995
G01 X-45.37496 Y13.61663
G01 X-45.37443 Y13.61658
G01 X-45.37496 Y13.61663
G01 X-45.38360 Y13.58821
G01 X-45.42566 Y13.37670
G01 X-45.44969 Y13.13284
G01 X-45.45497 Y13.02501
G01 X-45.45477 Y10.48568
G01 X-45.47471 Y10.38644
G01 X-45.49970 Y10.13284
G01 X-45.49970 Y9.91720
G01 X-45.47471 Y9.66358
G01 X-45.43264 Y9.45207
G01 X-45.35865 Y9.20821
G01 X-45.32231 Y9.10658
G01 X-45.27615 Y9.00900
G01 X-45.15601 Y8.78423
G01 X-45.11588 Y8.71728
G01 X-45.00412 Y8.65736
G01 X-44.91545 Y8.61542
G01 X-44.75152 Y8.53790
G01 X-44.70275 Y8.51763
G01 X-44.57184 Y8.46325
G01 X-44.44867 Y8.41918
G01 X-44.31931 Y8.37290
G01 X-44.16927 Y8.32726
G01 X-43.91682 Y8.26404
G01 X-43.78662 Y8.23808
G01 X-43.69142 Y8.22396
G01 X-43.53420 Y8.20064
G01 X-43.41505 Y8.18885
G01 X-43.16270 Y8.17646
G01 X-43.04725 Y8.17646
G01 X-42.79490 Y8.18885
G01 X-42.67573 Y8.20064
G01 X-42.51858 Y8.22396
G01 X-42.43334 Y8.24981
G01 X-42.37789 Y8.26965
G01 X-42.32465 Y8.29482
G01 X-42.09991 Y8.41494
G01 X-42.00212 Y8.48029
G01 X-41.80512 Y8.64197
G01 X-41.72193 Y8.72515
G01 X-41.56026 Y8.92213
G01 X-41.49493 Y9.01994
G01 X-41.37479 Y9.24468
G01 X-41.34962 Y9.29792
G01 X-41.32978 Y9.35334
G01 X-41.25579 Y9.59723
G01 X-41.23286 Y9.71258
G01 X-41.20789 Y9.96619
G01 X-41.20499 Y10.02502
G01 X-41.20789 Y10.08382
G01 X-41.23286 Y10.33744
G01 X-41.25498 Y10.44862
G01 X-41.25498 Y11.70002
G01 X-41.28139 Y11.72431
G01 X-41.25498 Y11.70002
G01 X-41.22498 Y11.70002
G01 X-41.16618 Y11.70289
G01 X-41.11741 Y11.70769
G01 X-41.05917 Y11.71636
G01 X-41.00205 Y11.73066
G01 X-40.95516 Y11.74488
G01 X-40.84647 Y11.78989
G01 X-40.80327 Y11.81300
G01 X-40.75274 Y11.84325
G01 X-40.70545 Y11.87833
G01 X-40.70146 Y11.88161
G01 X-40.70085 Y11.89215
G01 X-40.70253 Y11.86274
G01 X-40.70255 Y11.86233
G01 X-40.70461 Y11.82047
G01 X-40.71162 Y11.75148
G01 X-40.75612 Y11.72479
G01 X-40.79933 Y11.70170
G01 X-40.92612 Y11.64917
G01 X-40.97301 Y11.63495
G01 X-41.03966 Y11.61826
G01 X-41.10761 Y11.60818
G01 X-41.15498 Y11.60353
G01 X-41.17766 Y11.62212
G01 X-41.15498 Y11.60353
G01 X-41.15498 Y10.45601
G01 X-41.13334 Y10.34725
G01 X-41.10837 Y10.09363
G01 X-41.10499 Y10.02502
G01 X-41.10837 Y9.95639
G01 X-41.13334 Y9.70277
G01 X-41.16011 Y9.56820
G01 X-41.23407 Y9.32434
G01 X-41.25724 Y9.25964
G01 X-41.28660 Y9.19754
G01 X-41.40674 Y8.97280
G01 X-41.44205 Y8.91387
G01 X-41.48297 Y8.85870
G01 X-41.64464 Y8.66170
G01 X-41.74167 Y8.56467
G01 X-41.93867 Y8.40300
G01 X-41.99384 Y8.36208
G01 X-42.05277 Y8.32675
G01 X-42.06163 Y8.32203
G01 X-42.29313 Y8.26404
G01 X-42.42333 Y8.23808
G01 X-42.67573 Y8.20064
G01 X-42.42333 Y8.23808
G01 X-42.29313 Y8.26404
G01 X-42.04068 Y8.32726
G01 X-41.89069 Y8.37288
G01 X-41.76135 Y8.41916
G01 X-41.67824 Y8.48736
G01 X-41.56735 Y8.59825
G01 X-41.40568 Y8.79525
G01 X-41.31853 Y8.92566
G01 X-41.19841 Y9.15040
G01 X-41.16483 Y9.22136
G01 X-41.13839 Y9.29530
G01 X-41.06440 Y9.53917
G01 X-41.03382 Y9.69299
G01 X-41.00883 Y9.94661
G01 X-41.00499 Y10.02502
G01 X-41.00883 Y10.10343
G01 X-41.03382 Y10.35705
G01 X-41.05498 Y10.46340
G01 X-41.05498 Y11.51501
G01 X-41.07634 Y11.53180
G01 X-41.05498 Y11.51501
G01 X-41.02013 Y11.52019
G01 X-40.94398 Y11.53927
G01 X-40.89709 Y11.55349
G01 X-40.75221 Y11.61351
G01 X-40.72409 Y11.62850
G01 X-40.72844 Y11.58580
G01 X-40.73954 Y11.51102
G01 X-40.86806 Y11.45778
G01 X-40.91495 Y11.44356
G01 X-40.95498 Y11.43355
G01 X-40.97317 Y11.44633
G01 X-40.95498 Y11.43355
G01 X-40.95498 Y10.47077
G01 X-40.93430 Y10.36685
G01 X-40.90931 Y10.11324
G01 X-40.90499 Y10.02502
G01 X-40.90931 Y9.93681
G01 X-40.93430 Y9.68319
G01 X-40.96872 Y9.51014
G01 X-41.04269 Y9.26627
G01 X-41.07245 Y9.18311
G01 X-41.11022 Y9.10325
G01 X-41.23034 Y8.87852
G01 X-41.32836 Y8.73181
G01 X-41.49003 Y8.53483
G01 X-41.50723 Y8.51761
G01 X-41.45836 Y8.53793
G01 X-41.29453 Y8.61540
G01 X-41.25107 Y8.66838
G01 X-41.14215 Y8.83137
G01 X-41.02201 Y9.05614
G01 X-40.98007 Y9.14483
G01 X-40.94700 Y9.23724
G01 X-40.87301 Y9.48111
G01 X-40.83479 Y9.67338
G01 X-40.80979 Y9.92700
G01 X-40.80499 Y10.02502
G01 X-40.80979 Y10.12304
G01 X-40.83479 Y10.37666
G01 X-40.85498 Y10.47816
G01 X-40.85498 Y11.35728
G01 X-40.87228 Y11.36904
G01 X-40.85498 Y11.35728
G01 X-40.83903 Y11.36210
G01 X-40.76072 Y11.39451
G01 X-40.74022 Y11.50637
G01 X-40.72844 Y11.58580
G01 X-40.72409 Y11.62850
G01 X-40.70461 Y11.82047
G01 X-40.70255 Y11.86233
G01 X-40.70253 Y11.86274
G01 X-40.70085 Y11.89215
G01 X-40.70085 Y11.89256
G01 X-40.69719 Y11.94882
G01 X-40.69407 Y12.04226
G01 X-40.69407 Y12.10388
G01 X-40.69780 Y12.19637
G01 X-40.69900 Y12.21046
G01 X-40.69910 Y12.21196
G01 X-40.70215 Y12.26916
G01 X-40.70220 Y12.27071
G01 X-40.70263 Y12.28908
G01 X-40.70614 Y12.34798
G01 X-40.71111 Y12.39860
G01 X-40.70784 Y12.36510
G01 X-40.72945 Y12.31293
G01 X-40.75254 Y12.26969
G01 X-40.76768 Y12.24445
G01 X-40.78521 Y12.22080
G01 X-40.81630 Y12.18293
G01 X-40.85790 Y12.14132
G01 X-40.89577 Y12.11023
G01 X-40.91942 Y12.09271
G01 X-40.94467 Y12.07757
G01 X-40.98790 Y12.05446
G01 X-41.04223 Y12.03195
G01 X-41.08912 Y12.01773
G01 X-41.11769 Y12.01059
G01 X-41.14680 Y12.00627
G01 X-41.19559 Y12.00145
G01 X-41.22498 Y12.00002
G01 X-41.55498 Y12.00002
G01 X-41.58411 Y12.02906
G01 X-41.55498 Y12.00002
G01 X-41.55498 Y10.40556
G01 X-41.55566 Y10.40549
G01 X-41.55498 Y10.40556
G01 X-41.54289 Y10.36571
G01 X-41.53141 Y10.30803
G01 X-41.50644 Y10.05441
G01 X-41.50499 Y10.02502
G01 X-41.50644 Y9.99561
G01 X-41.53141 Y9.74199
G01 X-41.54289 Y9.68431
G01 X-41.61685 Y9.44044
G01 X-41.62678 Y9.41273
G01 X-41.63936 Y9.38611
G01 X-41.75950 Y9.16134
G01 X-41.77464 Y9.13610
G01 X-41.79216 Y9.11245
G01 X-41.95383 Y8.91545
G01 X-41.99544 Y8.87387
G01 X-42.19242 Y8.71220
G01 X-42.21606 Y8.69467
G01 X-42.24134 Y8.67953
G01 X-42.46608 Y8.55939
G01 X-42.49270 Y8.54682
G01 X-42.52041 Y8.53689
G01 X-42.76427 Y8.46292
G01 X-42.82196 Y8.45144
G01 X-43.07557 Y8.42645
G01 X-43.10499 Y8.42502
G01 X-43.13440 Y8.42645
G01 X-43.38802 Y8.45144
G01 X-43.44568 Y8.46292
G01 X-43.68957 Y8.53689
G01 X-43.71728 Y8.54682
G01 X-43.74390 Y8.55939
G01 X-43.96864 Y8.67953
G01 X-43.99391 Y8.69467
G01 X-44.01756 Y8.71220
G01 X-44.21454 Y8.87387
G01 X-44.25614 Y8.91545
G01 X-44.41781 Y9.11245
G01 X-44.43534 Y9.13610
G01 X-44.45048 Y9.16134
G01 X-44.57062 Y9.38611
G01 X-44.58319 Y9.41273
G01 X-44.59312 Y9.44044
G01 X-44.66709 Y9.68431
G01 X-44.67857 Y9.74199
G01 X-44.70354 Y9.99561
G01 X-44.70498 Y10.02502
G01 X-44.70354 Y10.05441
G01 X-44.67857 Y10.30803
G01 X-44.66709 Y10.36571
G01 X-44.65497 Y10.40567
G01 X-44.65426 Y10.40559
G01 X-44.65497 Y10.40567
G01 X-44.65497 Y13.02501
G01 X-44.65352 Y13.05443
G01 X-44.62952 Y13.29829
G01 X-44.62520 Y13.32743
G01 X-44.61804 Y13.35598
G01 X-44.57496 Y13.49796
G01 X-44.57395 Y13.49781
G01 X-44.57496 Y13.49796
G01 X-44.57496 Y18.67507
G01 X-44.57405 Y18.69864
G01 X-44.55866 Y18.89417
G01 X-44.55129 Y18.94067
G01 X-44.50547 Y19.13143
G01 X-44.49091 Y19.17621
G01 X-44.41583 Y19.35746
G01 X-44.39447 Y19.39942
G01 X-44.29193 Y19.56666
G01 X-44.26427 Y19.60476
G01 X-44.13684 Y19.75391
G01 X-44.12084 Y19.77120
G01 X-44.02084 Y19.87118
G01 X-43.99902 Y19.89094
G01 X-43.80961 Y20.04636
G01 X-43.76074 Y20.07905
G01 X-43.54464 Y20.19449
G01 X-43.49031 Y20.21700
G01 X-43.25586 Y20.28809
G01 X-43.19818 Y20.29957
G01 X-42.95437 Y20.32358
G01 X-42.92498 Y20.32503
G01 X-40.97151 Y20.32503
G01 X-40.95455 Y20.30356
G01 X-40.97151 Y20.32503
G01 X-40.96875 Y20.35319
G01 X-40.96443 Y20.38233
G01 X-40.95727 Y20.41090
G01 X-40.94304 Y20.45777
G01 X-40.93311 Y20.48548
G01 X-40.92054 Y20.51210
G01 X-40.89742 Y20.55533
G01 X-40.86476 Y20.60422
G01 X-40.83367 Y20.64212
G01 X-40.81391 Y20.66391
G01 X-40.79209 Y20.68370
G01 X-40.75419 Y20.71479
G01 X-40.73054 Y20.73231
G01 X-40.70530 Y20.74745
G01 X-40.66207 Y20.77057
G01 X-40.60774 Y20.79307
G01 X-40.56085 Y20.80730
G01 X-40.53230 Y20.81443
G01 X-40.50316 Y20.81878
G01 X-40.45440 Y20.82358
G01 X-40.42498 Y20.82502
G01 X-39.12499 Y20.82502
G01 X-39.09557 Y20.82358
G01 X-39.04680 Y20.81878
G01 X-39.01770 Y20.81443
G01 X-38.98912 Y20.80730
G01 X-38.94223 Y20.79307
G01 X-38.88790 Y20.77057
G01 X-38.84467 Y20.74745
G01 X-38.81942 Y20.73231
G01 X-38.79578 Y20.71479
G01 X-38.75790 Y20.68370
G01 X-38.73609 Y20.66391
G01 X-38.71630 Y20.64212
G01 X-38.68521 Y20.60422
G01 X-38.65255 Y20.55533
G01 X-38.62943 Y20.51210
G01 X-38.61686 Y20.48548
G01 X-38.60693 Y20.45777
G01 X-38.59270 Y20.41090
G01 X-38.58557 Y20.38233
G01 X-38.58125 Y20.35319
G01 X-38.57642 Y20.30443
G01 X-38.57500 Y20.27501
G01 X-38.57497 Y19.74662
G01 X-38.58023 Y19.74484
G01 X-38.57497 Y19.74662
G01 X-38.50375 Y19.65980
G01 X-38.48620 Y19.63618
G01 X-38.47106 Y19.61090
G01 X-38.35557 Y19.39480
G01 X-38.33306 Y19.34050
G01 X-38.26192 Y19.10600
G01 X-38.25476 Y19.07743
G01 X-38.25044 Y19.04829
G01 X-38.22644 Y18.80443
G01 X-38.22499 Y18.77502
G01 X-38.22644 Y18.74563
G01 X-38.25044 Y18.50176
G01 X-38.25476 Y18.47268
G01 X-38.26192 Y18.44410
G01 X-38.33306 Y18.20959
G01 X-38.35557 Y18.15526
G01 X-38.47106 Y17.93915
G01 X-38.48620 Y17.91393
G01 X-38.50375 Y17.89026
G01 X-38.57497 Y17.80344
G01 X-38.58010 Y17.80519
G01 X-38.57497 Y17.80344
G01 X-38.57500 Y17.27502
G01 X-38.57642 Y17.24561
G01 X-38.58125 Y17.19684
G01 X-38.58557 Y17.16770
G01 X-38.59270 Y17.13915
G01 X-38.60693 Y17.09227
G01 X-38.61686 Y17.06453
G01 X-38.62943 Y17.03794
G01 X-38.65255 Y16.99470
G01 X-38.68521 Y16.94586
G01 X-38.71630 Y16.90794
G01 X-38.73609 Y16.88614
G01 X-38.75790 Y16.86633
G01 X-38.79578 Y16.83524
G01 X-38.81942 Y16.81772
G01 X-38.84467 Y16.80258
G01 X-38.88790 Y16.77946
G01 X-38.94223 Y16.75696
G01 X-38.98912 Y16.74274
G01 X-39.04680 Y16.73126
G01 X-39.09557 Y16.72646
G01 X-39.12499 Y16.72501
G01 X-40.42498 Y16.72501
G01 X-40.45440 Y16.72646
G01 X-40.50316 Y16.73126
G01 X-40.56085 Y16.74274
G01 X-40.60774 Y16.75696
G01 X-40.66207 Y16.77946
G01 X-40.70530 Y16.80258
G01 X-40.73054 Y16.81772
G01 X-40.75419 Y16.83524
G01 X-40.79209 Y16.86633
G01 X-40.81391 Y16.88614
G01 X-40.83367 Y16.90794
G01 X-40.86476 Y16.94586
G01 X-40.89742 Y16.99470
G01 X-40.92054 Y17.03794
G01 X-40.93311 Y17.06453
G01 X-40.94304 Y17.09227
G01 X-40.95727 Y17.13915
G01 X-40.96443 Y17.16770
G01 X-40.96875 Y17.19684
G01 X-40.97151 Y17.22508
G01 X-40.95455 Y17.24655
G01 X-40.97151 Y17.22508
G01 X-41.47497 Y17.22508
G01 X-41.50425 Y17.25432
G01 X-41.47497 Y17.22508
G01 X-41.47497 Y14.05001
G01 X-41.50359 Y14.02194
G01 X-41.47497 Y14.05001
G01 X-41.22498 Y14.05001
G01 X-41.19559 Y14.04856
G01 X-41.14680 Y14.04376
G01 X-41.11769 Y14.03944
G01 X-41.08912 Y14.03230
G01 X-41.04223 Y14.01805
G01 X-40.98790 Y13.99555
G01 X-40.94467 Y13.97246
G01 X-40.91942 Y13.95732
G01 X-40.89577 Y13.93980
G01 X-40.85790 Y13.90868
G01 X-40.81630 Y13.86710
G01 X-40.78521 Y13.82923
G01 X-40.76768 Y13.80558
G01 X-40.75254 Y13.78033
G01 X-40.72945 Y13.73710
G01 X-40.70784 Y13.68493
G01 X-40.71114 Y13.65145
G01 X-40.70614 Y13.70208
G01 X-40.70263 Y13.76106
G01 X-40.70222 Y13.77934
G01 X-40.70215 Y13.78089
G01 X-40.69910 Y13.83809
G01 X-40.69900 Y13.83959
G01 X-40.69783 Y13.85369
G01 X-40.69686 Y13.87774
G01 X-40.70791 Y13.89265
G01 X-40.73900 Y13.93055
G01 X-40.79445 Y13.98600
G01 X-40.83235 Y14.01709
G01 X-40.86387 Y14.04046
G01 X-40.89752 Y14.06065
G01 X-40.94076 Y14.08376
G01 X-41.01320 Y14.11376
G01 X-41.06011 Y14.12798
G01 X-41.09818 Y14.13753
G01 X-41.13700 Y14.14328
G01 X-41.18579 Y14.14808
G01 X-41.22498 Y14.15001
G01 X-41.37497 Y14.15001
G01 X-41.40326 Y14.12250
G01 X-41.37497 Y14.15001
G01 X-41.37497 Y17.12503
G01 X-41.40425 Y17.15432
G01 X-41.37497 Y17.12503
G01 X-41.05592 Y17.12503
G01 X-41.04418 Y17.14230
G01 X-41.05592 Y17.12503
G01 X-41.05295 Y17.11017
G01 X-41.03872 Y17.06323
G01 X-41.02552 Y17.02628
G01 X-41.00873 Y16.99079
G01 X-40.98561 Y16.94756
G01 X-40.94205 Y16.88236
G01 X-40.91096 Y16.84451
G01 X-40.88460 Y16.81538
G01 X-40.85551 Y16.78904
G01 X-40.81764 Y16.75800
G01 X-40.78612 Y16.73458
G01 X-40.75244 Y16.71436
G01 X-40.70921 Y16.69128
G01 X-40.63677 Y16.66133
G01 X-40.58988 Y16.64703
G01 X-40.51297 Y16.63179
G01 X-40.46420 Y16.62694
G01 X-40.42498 Y16.62501
G01 X-39.12499 Y16.62501
G01 X-39.08577 Y16.62694
G01 X-39.03700 Y16.63179
G01 X-38.96009 Y16.64703
G01 X-38.91320 Y16.66133
G01 X-38.84076 Y16.69128
G01 X-38.79753 Y16.71436
G01 X-38.76387 Y16.73458
G01 X-38.73233 Y16.75800
G01 X-38.69446 Y16.78904
G01 X-38.66537 Y16.81538
G01 X-38.63901 Y16.84451
G01 X-38.60792 Y16.88236
G01 X-38.56436 Y16.94756
G01 X-38.54124 Y16.99079
G01 X-38.52445 Y17.02628
G01 X-38.51125 Y17.06323
G01 X-38.49702 Y17.11017
G01 X-38.48171 Y17.18703
G01 X-38.47690 Y17.23580
G01 X-38.47500 Y17.27502
G01 X-38.47497 Y17.76770
G01 X-38.48033 Y17.76956
G01 X-38.47497 Y17.76770
G01 X-38.42643 Y17.82681
G01 X-38.40307 Y17.85833
G01 X-38.38287 Y17.89201
G01 X-38.26735 Y18.10811
G01 X-38.23736 Y18.18055
G01 X-38.16624 Y18.41505
G01 X-38.15669 Y18.45315
G01 X-38.15092 Y18.49196
G01 X-38.12692 Y18.73582
G01 X-38.12692 Y18.81423
G01 X-38.15092 Y19.05810
G01 X-38.15669 Y19.09696
G01 X-38.16624 Y19.13504
G01 X-38.23736 Y19.36950
G01 X-38.26735 Y19.44194
G01 X-38.38287 Y19.65805
G01 X-38.40307 Y19.69173
G01 X-38.42643 Y19.72325
G01 X-38.47497 Y19.78241
G01 X-38.48049 Y19.78047
G01 X-38.47497 Y19.78241
G01 X-38.47500 Y20.27501
G01 X-38.47690 Y20.31423
G01 X-38.48171 Y20.36300
G01 X-38.49702 Y20.43991
G01 X-38.51125 Y20.48680
G01 X-38.52445 Y20.52376
G01 X-38.54124 Y20.55924
G01 X-38.56436 Y20.60247
G01 X-38.60792 Y20.66767
G01 X-38.63901 Y20.70554
G01 X-38.66537 Y20.73463
G01 X-38.69446 Y20.76099
G01 X-38.73233 Y20.79208
G01 X-38.76387 Y20.81547
G01 X-38.79753 Y20.83564
G01 X-38.84076 Y20.85876
G01 X-38.91320 Y20.88875
G01 X-38.96009 Y20.90298
G01 X-38.99819 Y20.91253
G01 X-39.03700 Y20.91829
G01 X-39.08577 Y20.92309
G01 X-39.12499 Y20.92502
G01 X-40.42498 Y20.92502
G01 X-40.46420 Y20.92309
G01 X-40.51297 Y20.91829
G01 X-40.55181 Y20.91253
G01 X-40.58988 Y20.90298
G01 X-40.63677 Y20.88875
G01 X-40.70921 Y20.85876
G01 X-40.75244 Y20.83564
G01 X-40.78612 Y20.81547
G01 X-40.81764 Y20.79208
G01 X-40.85551 Y20.76099
G01 X-40.88460 Y20.73463
G01 X-40.91096 Y20.70554
G01 X-40.94205 Y20.66767
G01 X-40.98561 Y20.60247
G01 X-41.00873 Y20.55924
G01 X-41.02552 Y20.52376
G01 X-41.03872 Y20.48680
G01 X-41.05295 Y20.43991
G01 X-41.05592 Y20.42503
G01 X-41.04418 Y20.40775
G01 X-41.05592 Y20.42503
G01 X-42.92498 Y20.42503
G01 X-42.96417 Y20.42310
G01 X-43.20798 Y20.39912
G01 X-43.28490 Y20.38380
G01 X-43.51934 Y20.31268
G01 X-43.59178 Y20.28268
G01 X-43.80786 Y20.16722
G01 X-43.87306 Y20.12365
G01 X-44.06247 Y19.96826
G01 X-44.09155 Y19.94189
G01 X-44.19155 Y19.84197
G01 X-44.21286 Y19.81888
G01 X-44.34029 Y19.66976
G01 X-44.37720 Y19.61893
G01 X-44.47971 Y19.45165
G01 X-44.50821 Y19.39572
G01 X-44.58332 Y19.21449
G01 X-44.60270 Y19.15477
G01 X-44.64852 Y18.96402
G01 X-44.65832 Y18.90202
G01 X-44.67374 Y18.70644
G01 X-44.67496 Y18.67507
G01 X-44.67496 Y13.51280
G01 X-44.67412 Y13.51269
G01 X-44.67496 Y13.51280
G01 X-44.71372 Y13.38501
G01 X-44.72904 Y13.30810
G01 X-44.75304 Y13.06423
G01 X-44.75497 Y13.02501
G01 X-44.75497 Y10.42050
G01 X-44.75436 Y10.42042
G01 X-44.75497 Y10.42050
G01 X-44.76279 Y10.39474
G01 X-44.77809 Y10.31783
G01 X-44.80305 Y10.06421
G01 X-44.80305 Y9.98580
G01 X-44.77809 Y9.73218
G01 X-44.76279 Y9.65527
G01 X-44.68880 Y9.41141
G01 X-44.67557 Y9.37445
G01 X-44.65881 Y9.33897
G01 X-44.53867 Y9.11420
G01 X-44.49510 Y9.04903
G01 X-44.33343 Y8.85202
G01 X-44.27799 Y8.79658
G01 X-44.08098 Y8.63490
G01 X-44.01578 Y8.59134
G01 X-43.79104 Y8.47120
G01 X-43.75556 Y8.45441
G01 X-43.71860 Y8.44120
G01 X-43.47471 Y8.36721
G01 X-43.39780 Y8.35192
G01 X-43.14421 Y8.32693
G01 X-43.06577 Y8.32693
G01 X-42.81215 Y8.35192
G01 X-42.73527 Y8.36721
G01 X-42.49137 Y8.44120
G01 X-42.45442 Y8.45441
G01 X-42.41893 Y8.47120
G01 X-42.19419 Y8.59134
G01 X-42.12899 Y8.63490
G01 X-41.93199 Y8.79658
G01 X-41.87654 Y8.85202
G01 X-41.71487 Y9.04903
G01 X-41.67131 Y9.11420
G01 X-41.55117 Y9.33897
G01 X-41.53440 Y9.37445
G01 X-41.52117 Y9.41141
G01 X-41.44718 Y9.65527
G01 X-41.43189 Y9.73218
G01 X-41.40692 Y9.98580
G01 X-41.40692 Y10.06421
G01 X-41.43189 Y10.31783
G01 X-41.44718 Y10.39474
G01 X-41.45498 Y10.42040
G01 X-41.45498 Y11.90002
G01 X-41.48401 Y11.92885
G01 X-41.45498 Y11.90002
G01 X-41.22498 Y11.90002
G01 X-41.18579 Y11.90193
G01 X-41.13700 Y11.90675
G01 X-41.09818 Y11.91249
G01 X-41.06011 Y11.92205
G01 X-41.01320 Y11.93627
G01 X-40.94076 Y11.96627
G01 X-40.89752 Y11.98938
G01 X-40.86387 Y12.00955
G01 X-40.83235 Y12.03294
G01 X-40.79445 Y12.06403
G01 X-40.73900 Y12.11948
G01 X-40.70791 Y12.15735
G01 X-40.69684 Y12.17229
G01 X-40.69780 Y12.19637
G01 X-40.69407 Y12.10388
G01 X-40.69407 Y12.04226
G01 X-40.69473 Y12.02301
G01 X-40.73100 Y11.98674
G01 X-40.76890 Y11.95565
G01 X-40.80832 Y11.92641
G01 X-40.85041 Y11.90119
G01 X-40.89361 Y11.87808
G01 X-40.98416 Y11.84056
G01 X-41.03108 Y11.82634
G01 X-41.07868 Y11.81443
G01 X-41.12722 Y11.80721
G01 X-41.17598 Y11.80241
G01 X-41.22498 Y11.80002
G01 X-41.35498 Y11.80002
G01 X-41.38315 Y11.82730
G01 X-41.35498 Y11.80002
G01 X-41.35498 Y10.43523
G01 X-41.35551 Y10.43518
G01 X-41.35498 Y10.43523
G01 X-41.35150 Y10.42378
G01 X-41.33237 Y10.32764
G01 X-41.30740 Y10.07402
G01 X-41.30499 Y10.02502
G01 X-41.30740 Y9.97600
G01 X-41.33237 Y9.72238
G01 X-41.35150 Y9.62624
G01 X-41.42546 Y9.38238
G01 X-41.44200 Y9.33617
G01 X-41.46298 Y9.29182
G01 X-41.58312 Y9.06709
G01 X-41.63758 Y8.98558
G01 X-41.79925 Y8.78857
G01 X-41.86854 Y8.71926
G01 X-42.06554 Y8.55759
G01 X-42.14705 Y8.50313
G01 X-42.37179 Y8.38301
G01 X-42.41617 Y8.36203
G01 X-42.46237 Y8.34550
G01 X-42.70623 Y8.27153
G01 X-42.80237 Y8.25241
G01 X-43.05599 Y8.22741
G01 X-43.10499 Y8.22502
G01 X-43.15398 Y8.22741
G01 X-43.40760 Y8.25241
G01 X-43.50374 Y8.27153
G01 X-43.74761 Y8.34550
G01 X-43.79381 Y8.36203
G01 X-43.83818 Y8.38301
G01 X-44.06292 Y8.50313
G01 X-44.14443 Y8.55759
G01 X-44.34143 Y8.71926
G01 X-44.41073 Y8.78857
G01 X-44.57240 Y8.98558
G01 X-44.62685 Y9.06709
G01 X-44.74700 Y9.29182
G01 X-44.76798 Y9.33617
G01 X-44.78451 Y9.38238
G01 X-44.85848 Y9.62624
G01 X-44.87760 Y9.72238
G01 X-44.90257 Y9.97600
G01 X-44.90498 Y10.02502
G01 X-44.90257 Y10.07402
G01 X-44.87760 Y10.32764
G01 X-44.85848 Y10.42378
G01 X-44.85497 Y10.43533
G01 X-44.85444 Y10.43528
G01 X-44.85497 Y10.43533
G01 X-44.85497 Y13.02501
G01 X-44.85256 Y13.07404
G01 X-44.82856 Y13.31790
G01 X-44.80943 Y13.41404
G01 X-44.77496 Y13.52763
G01 X-44.77417 Y13.52755
G01 X-44.77496 Y13.52763
G01 X-44.77496 Y18.67507
G01 X-44.77341 Y18.71428
G01 X-44.75802 Y18.90989
G01 X-44.74575 Y18.98736
G01 X-44.69996 Y19.17814
G01 X-44.67570 Y19.25276
G01 X-44.60062 Y19.43399
G01 X-44.56498 Y19.50392
G01 X-44.46247 Y19.67120
G01 X-44.41634 Y19.73465
G01 X-44.28891 Y19.88383
G01 X-44.26224 Y19.91266
G01 X-44.16224 Y20.01263
G01 X-44.12589 Y20.04557
G01 X-43.93648 Y20.20097
G01 X-43.85500 Y20.25540
G01 X-43.63892 Y20.37090
G01 X-43.54837 Y20.40839
G01 X-43.31390 Y20.47948
G01 X-43.21779 Y20.49861
G01 X-42.97397 Y20.52261
G01 X-42.92498 Y20.52503
G01 X-41.13113 Y20.52503
G01 X-41.12277 Y20.51095
G01 X-41.13113 Y20.52503
G01 X-41.11789 Y20.56203
G01 X-41.09691 Y20.60638
G01 X-41.07383 Y20.64961
G01 X-41.01937 Y20.73110
G01 X-40.98828 Y20.76899
G01 X-40.95531 Y20.80534
G01 X-40.91896 Y20.83828
G01 X-40.88107 Y20.86937
G01 X-40.84167 Y20.89861
G01 X-40.79958 Y20.92383
G01 X-40.75635 Y20.94694
G01 X-40.66580 Y20.98446
G01 X-40.61891 Y20.99868
G01 X-40.57131 Y21.01060
G01 X-40.52277 Y21.01781
G01 X-40.47400 Y21.02261
G01 X-40.42498 Y21.02502
G01 X-39.12499 Y21.02502
G01 X-39.07599 Y21.02261
G01 X-39.02720 Y21.01781
G01 X-38.97868 Y21.01060
G01 X-38.93108 Y20.99868
G01 X-38.88417 Y20.98446
G01 X-38.79362 Y20.94694
G01 X-38.75039 Y20.92383
G01 X-38.70830 Y20.89861
G01 X-38.66890 Y20.86937
G01 X-38.63101 Y20.83828
G01 X-38.59466 Y20.80534
G01 X-38.56172 Y20.76899
G01 X-38.53063 Y20.73110
G01 X-38.47617 Y20.64961
G01 X-38.45305 Y20.60638
G01 X-38.43207 Y20.56203
G01 X-38.41554 Y20.51583
G01 X-38.40131 Y20.46892
G01 X-38.38219 Y20.37280
G01 X-38.37739 Y20.32406
G01 X-38.37500 Y20.27501
G01 X-38.37497 Y19.81817
G01 X-38.37965 Y19.81667
G01 X-38.37497 Y19.81817
G01 X-38.34914 Y19.78670
G01 X-38.31991 Y19.74728
G01 X-38.29468 Y19.70519
G01 X-38.17917 Y19.48909
G01 X-38.14168 Y19.39854
G01 X-38.07053 Y19.16404
G01 X-38.05140 Y19.06790
G01 X-38.02740 Y18.82404
G01 X-38.02499 Y18.77502
G01 X-38.02740 Y18.72607
G01 X-38.05140 Y18.48220
G01 X-38.07053 Y18.38601
G01 X-38.14168 Y18.15152
G01 X-38.17917 Y18.06097
G01 X-38.29468 Y17.84487
G01 X-38.31991 Y17.80278
G01 X-38.34914 Y17.76336
G01 X-38.37497 Y17.73189
G01 X-38.37965 Y17.73339
G01 X-38.37497 Y17.73189
G01 X-38.37500 Y17.27502
G01 X-38.37739 Y17.22605
G01 X-38.38219 Y17.17723
G01 X-38.40131 Y17.08112
G01 X-38.41554 Y17.03420
G01 X-38.43207 Y16.98800
G01 X-38.45305 Y16.94365
G01 X-38.47617 Y16.90042
G01 X-38.53063 Y16.81891
G01 X-38.56172 Y16.78107
G01 X-38.59466 Y16.74469
G01 X-38.63101 Y16.71172
G01 X-38.66890 Y16.68063
G01 X-38.70830 Y16.65140
G01 X-38.75039 Y16.62618
G01 X-38.79362 Y16.60309
G01 X-38.88417 Y16.56560
G01 X-38.93108 Y16.55135
G01 X-39.02720 Y16.53222
G01 X-39.07599 Y16.52742
G01 X-39.12499 Y16.52501
G01 X-40.42498 Y16.52501
G01 X-40.47400 Y16.52742
G01 X-40.52277 Y16.53222
G01 X-40.61891 Y16.55135
G01 X-40.66580 Y16.56560
G01 X-40.75635 Y16.60309
G01 X-40.79958 Y16.62618
G01 X-40.84167 Y16.65140
G01 X-40.88107 Y16.68063
G01 X-40.91896 Y16.71172
G01 X-40.95531 Y16.74469
G01 X-40.98828 Y16.78107
G01 X-41.01937 Y16.81891
G01 X-41.07383 Y16.90042
G01 X-41.09691 Y16.94365
G01 X-41.11789 Y16.98800
G01 X-41.13115 Y17.02503
G01 X-41.12277 Y17.03915
G01 X-41.13115 Y17.02503
G01 X-41.22059 Y17.02503
G01 X-41.27497 Y17.02503
G01 X-41.30425 Y17.05432
G01 X-41.27497 Y17.02503
G01 X-41.27497 Y14.25001
G01 X-41.30255 Y14.22374
G01 X-41.27497 Y14.25001
G01 X-41.22498 Y14.25001
G01 X-41.17598 Y14.24759
G01 X-41.12722 Y14.24279
G01 X-41.07868 Y14.23560
G01 X-41.03108 Y14.22369
G01 X-40.98416 Y14.20944
G01 X-40.89361 Y14.17195
G01 X-40.85041 Y14.14884
G01 X-40.80832 Y14.12362
G01 X-40.76890 Y14.09438
G01 X-40.73100 Y14.06329
G01 X-40.69473 Y14.02702
G01 X-40.69722 Y14.10129
G01 X-40.70085 Y14.15745
G01 X-40.70093 Y14.15841
G01 X-40.70136 Y14.16832
G01 X-40.70545 Y14.17170
G01 X-40.75274 Y14.20675
G01 X-40.80327 Y14.23703
G01 X-40.84647 Y14.26014
G01 X-40.95516 Y14.30515
G01 X-41.00205 Y14.31937
G01 X-41.05917 Y14.33367
G01 X-41.11741 Y14.34231
G01 X-41.16618 Y14.34714
G01 X-41.17497 Y14.34757
G01 X-41.19785 Y14.32867
G01 X-41.17497 Y14.34757
G01 X-41.17497 Y16.87753
G01 X-41.22059 Y17.02503
G01 X-41.17497 Y16.87753
G01 X-41.16201 Y16.85328
G01 X-41.09666 Y16.75549
G01 X-41.06557 Y16.71759
G01 X-41.02602 Y16.67398
G01 X-40.98241 Y16.63443
G01 X-40.94451 Y16.60337
G01 X-40.89722 Y16.56826
G01 X-40.84672 Y16.53801
G01 X-40.80349 Y16.51492
G01 X-40.69483 Y16.46989
G01 X-40.64792 Y16.45564
G01 X-40.53258 Y16.43270
G01 X-40.48381 Y16.42793
G01 X-40.42498 Y16.42503
G01 X-39.12499 Y16.42503
G01 X-39.06618 Y16.42793
G01 X-39.01742 Y16.43270
G01 X-38.90205 Y16.45564
G01 X-38.85514 Y16.46989
G01 X-38.74647 Y16.51492
G01 X-38.70324 Y16.53801
G01 X-38.65275 Y16.56826
G01 X-38.60545 Y16.60337
G01 X-38.56758 Y16.63443
G01 X-38.52395 Y16.67398
G01 X-38.48440 Y16.71759
G01 X-38.45331 Y16.75549
G01 X-38.38798 Y16.85328
G01 X-38.36487 Y16.89651
G01 X-38.33969 Y16.94972
G01 X-38.31986 Y17.00517
G01 X-38.30563 Y17.05206
G01 X-38.28267 Y17.16745
G01 X-38.27787 Y17.21619
G01 X-38.27500 Y17.27502
G01 X-38.27497 Y17.69610
G01 X-38.27840 Y17.69701
G01 X-38.27497 Y17.69610
G01 X-38.27185 Y17.69994
G01 X-38.23677 Y17.74723
G01 X-38.20650 Y17.79773
G01 X-38.09098 Y18.01383
G01 X-38.04597 Y18.12252
G01 X-37.97485 Y18.35698
G01 X-37.96052 Y18.41411
G01 X-37.95189 Y18.47235
G01 X-37.92788 Y18.71621
G01 X-37.92499 Y18.77502
G01 X-37.92788 Y18.83389
G01 X-37.95189 Y19.07776
G01 X-37.96052 Y19.13595
G01 X-37.97485 Y19.19307
G01 X-38.04597 Y19.42754
G01 X-38.09098 Y19.53623
G01 X-38.20650 Y19.75233
G01 X-38.23677 Y19.80283
G01 X-38.27185 Y19.85012
G01 X-38.27497 Y19.85396
G01 X-38.27833 Y19.85304
G01 X-38.27497 Y19.85396
G01 X-38.27500 Y20.27501
G01 X-38.27787 Y20.33381
G01 X-38.28267 Y20.38266
G01 X-38.30563 Y20.49795
G01 X-38.31986 Y20.54486
G01 X-38.33969 Y20.60029
G01 X-38.36487 Y20.65352
G01 X-38.38798 Y20.69675
G01 X-38.45331 Y20.79454
G01 X-38.48440 Y20.83242
G01 X-38.52395 Y20.87605
G01 X-38.56758 Y20.91560
G01 X-38.60545 Y20.94669
G01 X-38.65275 Y20.98177
G01 X-38.70324 Y21.01204
G01 X-38.74647 Y21.03513
G01 X-38.85514 Y21.08014
G01 X-38.90205 Y21.09437
G01 X-38.95915 Y21.10869
G01 X-39.01742 Y21.11733
G01 X-39.06618 Y21.12213
G01 X-39.12499 Y21.12502
G01 X-40.42498 Y21.12502
G01 X-40.48381 Y21.12213
G01 X-40.53258 Y21.11733
G01 X-40.59082 Y21.10869
G01 X-40.64792 Y21.09437
G01 X-40.69483 Y21.08014
G01 X-40.80349 Y21.03513
G01 X-40.84672 Y21.01204
G01 X-40.89722 Y20.98177
G01 X-40.94451 Y20.94669
G01 X-40.98241 Y20.91560
G01 X-41.02602 Y20.87605
G01 X-41.06557 Y20.83242
G01 X-41.09666 Y20.79454
G01 X-41.16201 Y20.69675
G01 X-41.18510 Y20.65352
G01 X-41.19859 Y20.62502
G01 X-41.19191 Y20.61283
G01 X-41.19859 Y20.62502
G01 X-42.92498 Y20.62502
G01 X-42.98375 Y20.62213
G01 X-43.22759 Y20.59813
G01 X-43.34293 Y20.57519
G01 X-43.57740 Y20.50407
G01 X-43.68604 Y20.45909
G01 X-43.90212 Y20.34362
G01 X-43.99991 Y20.27829
G01 X-44.18931 Y20.12287
G01 X-44.23295 Y20.08334
G01 X-44.33295 Y19.98337
G01 X-44.36493 Y19.94880
G01 X-44.49236 Y19.79960
G01 X-44.54771 Y19.72343
G01 X-44.65025 Y19.55617
G01 X-44.69300 Y19.47227
G01 X-44.76808 Y19.29104
G01 X-44.79719 Y19.20148
G01 X-44.84298 Y19.01078
G01 X-44.85771 Y18.91771
G01 X-44.87311 Y18.72213
G01 X-44.87496 Y18.67507
G01 X-44.87496 Y13.54246
G01 X-44.87422 Y13.54239
G01 X-44.87496 Y13.54246
G01 X-44.90511 Y13.44307
G01 X-44.92807 Y13.32771
G01 X-44.95208 Y13.08384
G01 X-44.95497 Y13.02501
G01 X-44.95479 Y10.44877
G01 X-44.97712 Y10.33744
G01 X-45.00209 Y10.08382
G01 X-45.00498 Y10.02502
G01 X-45.00209 Y9.96619
G01 X-44.97712 Y9.71258
G01 X-44.95418 Y9.59723
G01 X-44.88019 Y9.35334
G01 X-44.86036 Y9.29792
G01 X-44.83518 Y9.24468
G01 X-44.71504 Y9.01994
G01 X-44.64971 Y8.92213
G01 X-44.48804 Y8.72515
G01 X-44.40486 Y8.64197
G01 X-44.20786 Y8.48029
G01 X-44.11007 Y8.41494
G01 X-43.88530 Y8.29482
G01 X-43.83209 Y8.26965
G01 X-43.77664 Y8.24981
G01 X-43.69142 Y8.22396
G01 X-43.78662 Y8.23808
G01 X-43.91682 Y8.26404
G01 X-44.16927 Y8.32726
G01 X-44.31931 Y8.37290
G01 X-44.44867 Y8.41918
G01 X-44.53173 Y8.48736
G01 X-44.64263 Y8.59825
G01 X-44.80430 Y8.79525
G01 X-44.89145 Y8.92566
G01 X-45.01156 Y9.15040
G01 X-45.04514 Y9.22136
G01 X-45.07158 Y9.29530
G01 X-45.14557 Y9.53917
G01 X-45.17615 Y9.69299
G01 X-45.20112 Y9.94661
G01 X-45.20498 Y10.02502
G01 X-45.20112 Y10.10343
G01 X-45.17615 Y10.35705
G01 X-45.15482 Y10.46353
G01 X-45.15497 Y13.02501
G01 X-45.15111 Y13.10345
G01 X-45.12711 Y13.34732
G01 X-45.09650 Y13.50111
G01 X-45.07496 Y13.57213
G01 X-45.07433 Y13.57205
G01 X-45.07496 Y13.57213
G01 X-45.07496 Y17.78147
G01 X-45.07407 Y17.78503
G01 X-45.07354 Y17.78739
G01 X-45.04105 Y17.95040
G01 X-45.04062 Y17.95282
G01 X-45.00427 Y18.19785
G01 X-45.00397 Y18.20026
G01 X-44.98906 Y18.35139
G01 X-44.98865 Y18.35383
G01 X-44.97684 Y18.59889
G01 X-44.97679 Y18.60019
G01 X-44.97499 Y18.67385
G01 X-44.97496 Y18.67474
G01 X-44.97496 Y18.67509
G01 X-44.97496 Y18.73415
G01 X-44.97504 Y18.74924
G01 X-44.97682 Y18.93097
G01 X-44.97613 Y18.99401
G01 X-44.97430 Y19.05266
G01 X-44.97428 Y19.05419
G01 X-44.97420 Y19.15393
G01 X-44.97422 Y19.15538
G01 X-44.97722 Y19.25723
G01 X-44.97684 Y19.29376
G01 X-44.95284 Y19.36762
G01 X-44.87776 Y19.54888
G01 X-44.82076 Y19.66071
G01 X-44.71824 Y19.82795
G01 X-44.64443 Y19.92952
G01 X-44.51700 Y20.07867
G01 X-44.47435 Y20.12480
G01 X-44.37435 Y20.22480
G01 X-44.31619 Y20.27748
G01 X-44.12678 Y20.43290
G01 X-43.99640 Y20.52000
G01 X-43.78030 Y20.63546
G01 X-43.63544 Y20.69546
G01 X-43.40097 Y20.76658
G01 X-43.24720 Y20.79716
G01 X-43.00336 Y20.82119
G01 X-42.92498 Y20.82502
G01 X-41.31566 Y20.82502
G01 X-41.30994 Y20.81398
G01 X-41.31566 Y20.82502
G01 X-41.25127 Y20.92142
G01 X-41.22018 Y20.95931
G01 X-41.16745 Y21.01748
G01 X-41.10928 Y21.07019
G01 X-41.07139 Y21.10130
G01 X-41.00834 Y21.14806
G01 X-40.94101 Y21.18842
G01 X-40.89778 Y21.21151
G01 X-40.86514 Y21.22502
G01 X-40.42498 Y21.22502
G01 X-40.86514 Y21.22502
G01 X-41.07220 Y21.22502
G01 X-41.13484 Y21.17859
G01 X-41.17271 Y21.14750
G01 X-41.23816 Y21.08819
G01 X-41.29747 Y21.02274
G01 X-41.32856 Y20.98487
G01 X-41.36854 Y20.92502
G01 X-41.36379 Y20.91514
G01 X-41.36854 Y20.92502
G01 X-42.92498 Y20.92502
G01 X-43.01317 Y20.92071
G01 X-43.25698 Y20.89668
G01 X-43.43001 Y20.86229
G01 X-43.66447 Y20.79117
G01 X-43.82744 Y20.72368
G01 X-44.04352 Y20.60818
G01 X-44.19020 Y20.51022
G01 X-44.37961 Y20.35479
G01 X-44.44504 Y20.29551
G01 X-44.54504 Y20.19559
G01 X-44.59305 Y20.14364
G01 X-44.72045 Y19.99450
G01 X-44.80349 Y19.88022
G01 X-44.90603 Y19.71294
G01 X-44.97016 Y19.58713
G01 X-44.97532 Y19.57456
G01 X-44.97537 Y19.60496
G01 X-44.97544 Y19.60737
G01 X-44.97565 Y19.61149
G01 X-44.97720 Y19.78685
G01 X-44.97715 Y19.78825
G01 X-44.88875 Y19.93252
G01 X-44.79650 Y20.05942
G01 X-44.66907 Y20.20859
G01 X-44.61575 Y20.26628
G01 X-44.51575 Y20.36622
G01 X-44.44303 Y20.43211
G01 X-44.25363 Y20.58751
G01 X-44.09066 Y20.69640
G01 X-43.87458 Y20.81187
G01 X-43.69348 Y20.88687
G01 X-43.45904 Y20.95797
G01 X-43.26679 Y20.99620
G01 X-43.02297 Y21.02022
G01 X-42.92498 Y21.02502
G01 X-41.42142 Y21.02502
G01 X-41.41777 Y21.01669
G01 X-41.42142 Y21.02502
G01 X-41.40585 Y21.04829
G01 X-41.37477 Y21.08619
G01 X-41.30888 Y21.15891
G01 X-41.23616 Y21.22480
G01 X-41.23588 Y21.22502
G01 X-41.07220 Y21.22502
G01 X-41.23588 Y21.22502
G01 X-41.38373 Y21.22505
G01 X-41.45208 Y21.14961
G01 X-41.47225 Y21.12502
G01 X-41.46829 Y21.11621
G01 X-41.47225 Y21.12502
G01 X-42.11901 Y21.12502
G01 X-42.27606 Y21.11268
G01 X-42.28000 Y21.11253
G01 X-42.92434 Y21.11253
G01 X-43.03483 Y21.10981
G01 X-43.23163 Y21.10016
G01 X-43.27659 Y21.09571
G01 X-43.48805 Y21.05368
G01 X-43.72251 Y20.98256
G01 X-43.92170 Y20.90006
G01 X-44.13778 Y20.78459
G01 X-44.31708 Y20.66483
G01 X-44.50648 Y20.50940
G01 X-44.58644 Y20.43694
G01 X-44.68644 Y20.33696
G01 X-44.74509 Y20.27354
G01 X-44.87252 Y20.12442
G01 X-44.97397 Y19.98479
G01 X-44.97438 Y19.88312
G01 X-44.97440 Y19.88185
G01 X-44.97715 Y19.78825
G01 X-44.97720 Y19.78685
G01 X-44.97565 Y19.61149
G01 X-44.97544 Y19.60737
G01 X-44.97537 Y19.60496
G01 X-44.97532 Y19.57456
G01 X-44.97519 Y19.40974
G01 X-44.97524 Y19.40722
G01 X-44.97577 Y19.39625
G01 X-44.97684 Y19.29376
G01 X-44.97722 Y19.25723
G01 X-44.97422 Y19.15538
G01 X-44.97420 Y19.15393
G01 X-44.97428 Y19.05419
G01 X-44.97430 Y19.05266
G01 X-44.97613 Y18.99401
G01 X-44.97682 Y18.93097
G01 X-44.97504 Y18.74924
G01 X-44.97496 Y18.73415
G01 X-44.97496 Y18.67509
G01 X-44.97496 Y18.67474
G01 X-44.97496 Y13.55730
G01 X-44.97428 Y13.55722
G01 X-44.97496 Y13.55730
G01 X-45.00082 Y13.47208
G01 X-45.02759 Y13.33751
G01 X-45.05159 Y13.09365
G01 X-45.05497 Y13.02501
G01 X-45.05479 Y10.45616
G01 X-45.07664 Y10.34725
G01 X-45.10161 Y10.09363
G01 X-45.10498 Y10.02502
G01 X-45.10161 Y9.95639
G01 X-45.07664 Y9.70277
G01 X-45.04987 Y9.56820
G01 X-44.97590 Y9.32434
G01 X-44.95274 Y9.25964
G01 X-44.92337 Y9.19754
G01 X-44.80323 Y8.97280
G01 X-44.76793 Y8.91387
G01 X-44.72701 Y8.85870
G01 X-44.56534 Y8.66170
G01 X-44.46831 Y8.56467
G01 X-44.27130 Y8.40300
G01 X-44.21614 Y8.36208
G01 X-44.15721 Y8.32675
G01 X-44.14834 Y8.32203
G01 X-43.91682 Y8.26404
G04 P0 ( dwell for no time -- G64 should not smooth over this point )
G00 Z5.00000 ( retract )

G00 X-54.51848 Y8.22396 ( rapid move to begin. )
G01 F150.00000
( Mill infeed pass 1/1 )
G01 Z-0.06000
G04 P0 ( dwell for no time -- G64 should not smooth over this point )
G01 F300.00000
G01 X-54.51848 Y8.22396
G01 X-54.42330 Y8.23808
G01 X-54.29315 Y8.26404
G01 X-54.06153 Y8.32205
G01 X-54.04068 Y8.32728
G01 X-53.89069 Y8.37288
G01 X-53.63816 Y8.46325
G01 X-53.45836 Y8.53793
G01 X-53.20573 Y8.65741
G01 X-53.09410 Y8.71728
G01 X-53.05396 Y8.78423
G01 X-52.93382 Y9.00900
G01 X-52.85132 Y9.20818
G01 X-52.83578 Y9.25939
G01 X-52.81993 Y9.29764
G01 X-52.76656 Y9.46183
G01 X-52.72077 Y9.65261
G01 X-52.69377 Y9.82312
G01 X-52.67835 Y10.01870
G01 X-52.67497 Y10.10503
G01 X-52.67497 Y11.19195
G01 X-52.73712 Y11.30510
G01 X-52.74030 Y11.31212
G01 X-52.74236 Y11.31956
G01 X-52.74325 Y11.32720
G01 X-52.74713 Y11.32644
G01 X-52.74325 Y11.32720
G01 X-52.74297 Y11.33490
G01 X-52.73326 Y11.41877
G01 X-52.72696 Y11.47760
G01 X-52.72298 Y11.51786
G01 X-52.72696 Y11.47760
G01 X-52.73326 Y11.41877
G01 X-52.73484 Y11.40526
G01 X-52.77497 Y11.38865
G01 X-52.79173 Y11.39987
G01 X-52.77497 Y11.38865
G01 X-52.77497 Y10.10503
G01 X-52.77804 Y10.02654
G01 X-52.79344 Y9.83096
G01 X-52.81800 Y9.67595
G01 X-52.86382 Y9.48517
G01 X-52.91231 Y9.33592
G01 X-52.93006 Y9.29312
G01 X-52.94701 Y9.23721
G01 X-53.02201 Y9.05614
G01 X-53.14215 Y8.83137
G01 X-53.25107 Y8.66838
G01 X-53.29453 Y8.61542
G01 X-53.45836 Y8.53793
G01 X-53.63816 Y8.46325
G01 X-53.50723 Y8.51763
G01 X-53.49003 Y8.53483
G01 X-53.32836 Y8.73181
G01 X-53.23034 Y8.87852
G01 X-53.11023 Y9.10325
G01 X-53.04271 Y9.26625
G01 X-53.02432 Y9.32685
G01 X-53.00471 Y9.37420
G01 X-52.96105 Y9.50854
G01 X-52.91523 Y9.69929
G01 X-52.89313 Y9.83881
G01 X-52.87774 Y10.03439
G01 X-52.87497 Y10.10503
G01 X-52.87497 Y11.45570
G01 X-52.89194 Y11.46711
G01 X-52.87497 Y11.45570
G01 X-52.86806 Y11.45778
G01 X-52.72298 Y11.51786
G01 X-52.71838 Y11.56444
G01 X-52.70609 Y11.75476
G01 X-52.75612 Y11.72479
G01 X-52.79933 Y11.70170
G01 X-52.92613 Y11.64917
G01 X-52.97301 Y11.63495
G01 X-53.03964 Y11.61826
G01 X-53.07497 Y11.61303
G01 X-53.09636 Y11.62984
G01 X-53.07497 Y11.61303
G01 X-53.07497 Y10.10503
G01 X-53.07713 Y10.05009
G01 X-53.09252 Y9.85451
G01 X-53.10972 Y9.74600
G01 X-53.15551 Y9.55522
G01 X-53.18947 Y9.45075
G01 X-53.21284 Y9.39434
G01 X-53.23410 Y9.32431
G01 X-53.28660 Y9.19754
G01 X-53.40672 Y8.97280
G01 X-53.44205 Y8.91387
G01 X-53.48297 Y8.85870
G01 X-53.64464 Y8.66170
G01 X-53.74167 Y8.56467
G01 X-53.93867 Y8.40300
G01 X-53.99384 Y8.36208
G01 X-54.05277 Y8.32675
G01 X-54.06153 Y8.32205
G01 X-54.04068 Y8.32728
G01 X-53.89069 Y8.37288
G01 X-53.76133 Y8.41918
G01 X-53.67825 Y8.48736
G01 X-53.56735 Y8.59825
G01 X-53.40568 Y8.79525
G01 X-53.31853 Y8.92566
G01 X-53.19841 Y9.15040
G01 X-53.13839 Y9.29528
G01 X-53.11858 Y9.36061
G01 X-53.09709 Y9.41247
G01 X-53.05828 Y9.53188
G01 X-53.01249 Y9.72263
G01 X-52.99283 Y9.84666
G01 X-52.97743 Y10.04224
G01 X-52.97497 Y10.10503
G01 X-52.97497 Y11.53149
G01 X-52.99234 Y11.54336
G01 X-52.97497 Y11.53149
G01 X-52.94398 Y11.53927
G01 X-52.89709 Y11.55349
G01 X-52.75219 Y11.61351
G01 X-52.71391 Y11.63398
G01 X-52.70609 Y11.75476
G01 X-52.70588 Y11.75816
G01 X-52.70426 Y11.81717
G01 X-52.70423 Y11.81808
G01 X-52.70134 Y11.88168
G01 X-52.70090 Y11.89131
G01 X-52.70085 Y11.89225
G01 X-52.69717 Y11.94884
G01 X-52.69471 Y12.02301
G01 X-52.69407 Y12.04254
G01 X-52.69407 Y12.10411
G01 X-52.69781 Y12.19639
G01 X-52.69900 Y12.21046
G01 X-52.69910 Y12.21196
G01 X-52.70215 Y12.26916
G01 X-52.70220 Y12.27071
G01 X-52.70263 Y12.28902
G01 X-52.70614 Y12.34795
G01 X-52.71112 Y12.39863
G01 X-52.72054 Y12.46235
G01 X-52.72613 Y12.49055
G01 X-52.72630 Y12.49139
G01 X-52.73006 Y12.51214
G01 X-52.73022 Y12.51298
G01 X-52.73494 Y12.54193
G01 X-52.73502 Y12.54231
G01 X-52.73636 Y12.55105
G01 X-52.73644 Y12.55143
G01 X-52.76550 Y12.74747
G01 X-52.76580 Y12.74988
G01 X-52.77075 Y12.80012
G01 X-52.77096 Y12.80259
G01 X-52.77500 Y12.88481
G01 X-52.78058 Y12.99860
G01 X-52.78064 Y13.00106
G01 X-52.78064 Y13.04899
G01 X-52.78058 Y13.05146
G01 X-52.77096 Y13.24749
G01 X-52.77075 Y13.24996
G01 X-52.76580 Y13.30020
G01 X-52.76550 Y13.30261
G01 X-52.73644 Y13.49865
G01 X-52.73636 Y13.49903
G01 X-52.73502 Y13.50774
G01 X-52.73497 Y13.50812
G01 X-52.73022 Y13.53705
G01 X-52.73006 Y13.53792
G01 X-52.72630 Y13.55869
G01 X-52.72613 Y13.55953
G01 X-52.72054 Y13.58770
G01 X-52.71114 Y13.65145
G01 X-52.70614 Y13.70210
G01 X-52.70263 Y13.76101
G01 X-52.70223 Y13.77934
G01 X-52.70215 Y13.78089
G01 X-52.69910 Y13.83809
G01 X-52.69900 Y13.83959
G01 X-52.69783 Y13.85372
G01 X-52.69684 Y13.87774
G01 X-52.69410 Y13.94612
G01 X-52.69410 Y14.00769
G01 X-52.69473 Y14.02702
G01 X-52.69722 Y14.10126
G01 X-52.70088 Y14.15773
G01 X-52.70093 Y14.15869
G01 X-52.70136 Y14.16832
G01 X-52.70426 Y14.23190
G01 X-52.70431 Y14.23284
G01 X-52.70591 Y14.29194
G01 X-52.70611 Y14.29527
G01 X-52.71391 Y14.41605
G01 X-52.71835 Y14.48480
G01 X-52.72300 Y14.53215
G01 X-52.73387 Y14.53665
G01 X-52.74218 Y14.53751
G01 X-52.73387 Y14.53665
G01 X-52.72404 Y14.54647
G01 X-52.72407 Y14.55183
G01 X-52.72402 Y14.54251
G01 X-52.72300 Y14.53215
G01 X-52.72402 Y14.54251
G01 X-52.72636 Y14.54289
G01 X-52.72402 Y14.54251
G01 X-52.72407 Y14.55183
G01 X-52.72239 Y14.56100
G01 X-52.71904 Y14.56969
G01 X-52.71414 Y14.57759
G01 X-52.70784 Y14.58447
G01 X-52.70921 Y14.58557
G01 X-52.70784 Y14.58447
G01 X-52.67108 Y14.61780
G01 X-52.66921 Y14.61942
G01 X-52.56844 Y14.70205
G01 X-52.52506 Y14.73766
G01 X-52.52316 Y14.73916
G01 X-52.36397 Y14.85719
G01 X-52.36194 Y14.85864
G01 X-52.19499 Y14.97007
G01 X-52.19293 Y14.97137
G01 X-52.10507 Y15.02402
G01 X-52.01960 Y15.07528
G01 X-52.01742 Y15.07650
G01 X-51.81777 Y15.18302
G01 X-51.81561 Y15.18412
G01 X-51.79280 Y15.19491
G01 X-51.05519 Y15.93250
G01 X-51.05834 Y15.94010
G01 X-51.05519 Y15.93250
G01 X-51.03281 Y15.93034
G01 X-50.92499 Y15.92503
G01 X-49.62499 Y15.92503
G01 X-49.51717 Y15.93034
G01 X-49.46840 Y15.93512
G01 X-49.25689 Y15.97718
G01 X-49.21000 Y15.99140
G01 X-49.01079 Y16.07393
G01 X-48.96756 Y16.09707
G01 X-48.87498 Y16.15252
G01 X-48.78826 Y16.21683
G01 X-48.75037 Y16.24792
G01 X-48.67038 Y16.32044
G01 X-48.66619 Y16.32506
G01 X-48.66832 Y16.33095
G01 X-48.66619 Y16.32506
G01 X-47.02497 Y16.32506
G01 X-46.91717 Y16.33034
G01 X-46.67331 Y16.35437
G01 X-46.56653 Y16.37022
G01 X-46.46180 Y16.39646
G01 X-46.22731 Y16.46758
G01 X-46.02810 Y16.55010
G01 X-45.81199 Y16.66560
G01 X-45.71938 Y16.72110
G01 X-45.63269 Y16.78543
G01 X-45.46536 Y16.92272
G01 X-45.46244 Y16.92892
G01 X-45.37415 Y17.14149
G01 X-45.36899 Y17.15587
G01 X-45.28728 Y17.38421
G01 X-45.27232 Y17.43336
G01 X-45.28728 Y17.38421
G01 X-45.36899 Y17.15587
G01 X-45.50671 Y17.01817
G01 X-45.69612 Y16.86275
G01 X-45.77496 Y16.80426
G01 X-45.85914 Y16.75379
G01 X-46.07524 Y16.63829
G01 X-46.25634 Y16.56326
G01 X-46.49083 Y16.49217
G01 X-46.58603 Y16.46829
G01 X-46.68311 Y16.45391
G01 X-46.92698 Y16.42988
G01 X-47.02497 Y16.42506
G01 X-48.71036 Y16.42506
G01 X-48.71305 Y16.43197
G01 X-48.71036 Y16.42506
G01 X-48.74110 Y16.39115
G01 X-48.81382 Y16.32524
G01 X-48.85171 Y16.29415
G01 X-48.93053 Y16.23570
G01 X-49.01470 Y16.18523
G01 X-49.05791 Y16.16212
G01 X-49.23904 Y16.08711
G01 X-49.28593 Y16.07289
G01 X-49.47820 Y16.03464
G01 X-49.52697 Y16.02983
G01 X-49.62499 Y16.02501
G01 X-50.92499 Y16.02501
G01 X-51.02301 Y16.02983
G01 X-51.07177 Y16.03464
G01 X-51.09072 Y16.03839
G01 X-51.09423 Y16.04795
G01 X-51.09072 Y16.03839
G01 X-52.10507 Y15.02402
G01 X-52.19293 Y14.97137
G01 X-52.19499 Y14.97007
G01 X-52.36194 Y14.85864
G01 X-52.36397 Y14.85719
G01 X-52.52316 Y14.73916
G01 X-52.52506 Y14.73766
G01 X-52.56844 Y14.70205
G01 X-51.12405 Y16.14650
G01 X-51.12768 Y16.15678
G01 X-51.12405 Y16.14650
G01 X-51.06197 Y16.13420
G01 X-51.01320 Y16.12935
G01 X-50.92499 Y16.12501
G01 X-49.62499 Y16.12501
G01 X-49.53678 Y16.12935
G01 X-49.48801 Y16.13420
G01 X-49.31496 Y16.16857
G01 X-49.26807 Y16.18279
G01 X-49.10505 Y16.25031
G01 X-49.06185 Y16.27342
G01 X-48.98608 Y16.31884
G01 X-48.91514 Y16.37144
G01 X-48.87726 Y16.40253
G01 X-48.81181 Y16.46184
G01 X-48.75453 Y16.52511
G01 X-48.75740 Y16.53225
G01 X-48.75453 Y16.52511
G01 X-47.02497 Y16.52511
G01 X-46.93676 Y16.52938
G01 X-46.69292 Y16.55341
G01 X-46.60554 Y16.56636
G01 X-46.51987 Y16.58782
G01 X-46.28537 Y16.65897
G01 X-46.12238 Y16.72653
G01 X-45.90625 Y16.84200
G01 X-45.83051 Y16.88744
G01 X-45.75957 Y16.94004
G01 X-45.57013 Y17.09547
G01 X-45.44539 Y17.22023
G01 X-45.28995 Y17.40964
G01 X-45.27232 Y17.43336
G01 X-45.23216 Y17.56547
G01 X-45.17138 Y17.80814
G01 X-45.13935 Y17.96872
G01 X-45.10338 Y18.21131
G01 X-45.08870 Y18.36003
G01 X-45.07674 Y18.60316
G01 X-45.07496 Y18.67565
G01 X-45.07496 Y18.73415
G01 X-45.07504 Y18.74852
G01 X-45.07682 Y18.93057
G01 X-45.07682 Y18.93156
G01 X-45.07613 Y18.99561
G01 X-45.07610 Y18.99666
G01 X-45.07428 Y19.05500
G01 X-45.07420 Y19.15317
G01 X-45.07720 Y19.25520
G01 X-45.07722 Y19.25723
G01 X-45.07684 Y19.29419
G01 X-45.07577 Y19.39828
G01 X-45.07572 Y19.40021
G01 X-45.07519 Y19.41088
G01 X-45.07537 Y19.60367
G01 X-45.07557 Y19.60763
G01 X-45.07562 Y19.60961
G01 X-45.07722 Y19.78693
G01 X-45.07720 Y19.78886
G01 X-45.07712 Y19.79114
G01 X-45.07720 Y19.78886
G01 X-45.07722 Y19.78693
G01 X-45.07562 Y19.60961
G01 X-45.07557 Y19.60763
G01 X-45.07537 Y19.60367
G01 X-45.07519 Y19.41088
G01 X-45.07572 Y19.40021
G01 X-45.07577 Y19.39828
G01 X-45.07684 Y19.29419
G01 X-45.10458 Y19.38563
G01 X-45.16460 Y19.53051
G01 X-45.28012 Y19.74664
G01 X-45.32048 Y19.81398
G01 X-45.36724 Y19.87702
G01 X-45.52269 Y20.06648
G01 X-45.63358 Y20.17735
G01 X-45.82302 Y20.33280
G01 X-45.88606 Y20.37958
G01 X-45.95339 Y20.41992
G01 X-46.16952 Y20.53544
G01 X-46.31440 Y20.59546
G01 X-46.54890 Y20.66658
G01 X-46.62505 Y20.68565
G01 X-46.70269 Y20.69719
G01 X-46.94656 Y20.72119
G01 X-47.02497 Y20.72505
G01 X-48.67772 Y20.72505
G01 X-48.68481 Y20.71238
G01 X-48.67772 Y20.72505
G01 X-48.68849 Y20.74781
G01 X-48.71158 Y20.79101
G01 X-48.79870 Y20.92142
G01 X-48.82979 Y20.95931
G01 X-48.88252 Y21.01748
G01 X-48.94069 Y21.07019
G01 X-48.97859 Y21.10130
G01 X-49.04163 Y21.14806
G01 X-49.10899 Y21.18842
G01 X-49.15219 Y21.21151
G01 X-49.18481 Y21.22502
G01 X-49.62499 Y21.22502
G01 X-49.55638 Y21.22165
G01 X-49.50759 Y21.21685
G01 X-49.43965 Y21.20676
G01 X-49.37302 Y21.19007
G01 X-49.32611 Y21.17585
G01 X-49.19934 Y21.12332
G01 X-49.15611 Y21.10023
G01 X-49.09720 Y21.06490
G01 X-49.04201 Y21.02398
G01 X-49.00414 Y20.99289
G01 X-48.95324 Y20.94677
G01 X-48.90711 Y20.89587
G01 X-48.87602 Y20.85797
G01 X-48.79977 Y20.74387
G01 X-48.77668 Y20.70067
G01 X-48.74729 Y20.63856
G01 X-48.74247 Y20.62505
G01 X-48.75026 Y20.61159
G01 X-48.74247 Y20.62505
G01 X-47.02497 Y20.62505
G01 X-46.95636 Y20.62167
G01 X-46.71250 Y20.59767
G01 X-46.64455 Y20.58759
G01 X-46.57793 Y20.57090
G01 X-46.34344 Y20.49975
G01 X-46.21664 Y20.44725
G01 X-46.00054 Y20.33173
G01 X-45.94161 Y20.29645
G01 X-45.88644 Y20.25551
G01 X-45.69703 Y20.10003
G01 X-45.60000 Y20.00303
G01 X-45.44453 Y19.81360
G01 X-45.40361 Y19.75843
G01 X-45.36831 Y19.69950
G01 X-45.25279 Y19.48340
G01 X-45.20028 Y19.35665
G01 X-45.12914 Y19.12213
G01 X-45.11245 Y19.05548
G01 X-45.10237 Y18.98754
G01 X-45.07836 Y18.74367
G01 X-45.07499 Y18.67507
G01 X-45.07836 Y18.60646
G01 X-45.10237 Y18.36260
G01 X-45.11245 Y18.29465
G01 X-45.12914 Y18.22800
G01 X-45.20028 Y17.99351
G01 X-45.25279 Y17.86671
G01 X-45.36831 Y17.65061
G01 X-45.40361 Y17.59168
G01 X-45.44453 Y17.53651
G01 X-45.60000 Y17.34710
G01 X-45.69703 Y17.25010
G01 X-45.88644 Y17.09460
G01 X-45.94161 Y17.05368
G01 X-46.00054 Y17.01838
G01 X-46.21664 Y16.90286
G01 X-46.34344 Y16.85036
G01 X-46.57793 Y16.77921
G01 X-46.64455 Y16.76252
G01 X-46.71250 Y16.75244
G01 X-46.95636 Y16.72846
G01 X-47.02497 Y16.72506
G01 X-48.85395 Y16.72506
G01 X-48.85854 Y16.73476
G01 X-48.85395 Y16.72506
G01 X-48.87602 Y16.69204
G01 X-48.90711 Y16.65422
G01 X-48.95324 Y16.60327
G01 X-49.00414 Y16.55714
G01 X-49.04201 Y16.52607
G01 X-49.09720 Y16.48510
G01 X-49.15611 Y16.44980
G01 X-49.19934 Y16.42671
G01 X-49.32611 Y16.37418
G01 X-49.37302 Y16.35998
G01 X-49.50759 Y16.33319
G01 X-49.55638 Y16.32839
G01 X-49.62499 Y16.32501
G01 X-50.92499 Y16.32501
G01 X-50.99359 Y16.32839
G01 X-51.04236 Y16.33319
G01 X-51.17696 Y16.35998
G01 X-51.18960 Y16.36379
G01 X-51.19334 Y16.37510
G01 X-51.18960 Y16.36379
G01 X-53.07497 Y14.47840
G01 X-53.08259 Y14.48155
G01 X-53.07497 Y14.47840
G01 X-53.07497 Y14.43700
G01 X-53.09636 Y14.42019
G01 X-53.07497 Y14.43700
G01 X-53.03964 Y14.43177
G01 X-52.97301 Y14.41506
G01 X-52.92613 Y14.40083
G01 X-52.79933 Y14.34833
G01 X-52.75612 Y14.32522
G01 X-52.70611 Y14.29527
G01 X-52.71391 Y14.41605
G01 X-52.75219 Y14.43652
G01 X-52.89709 Y14.49654
G01 X-52.91114 Y14.50081
G01 X-52.98800 Y14.48605
G01 X-52.91114 Y14.50081
G01 X-51.15737 Y16.25460
G01 X-51.16105 Y16.26542
G01 X-51.15737 Y16.25460
G01 X-51.05217 Y16.23367
G01 X-51.00340 Y16.22887
G01 X-50.92499 Y16.22501
G01 X-49.62499 Y16.22501
G01 X-49.54658 Y16.22887
G01 X-49.49781 Y16.23367
G01 X-49.34399 Y16.26428
G01 X-49.29710 Y16.27850
G01 X-49.15219 Y16.33852
G01 X-49.10899 Y16.36161
G01 X-49.04163 Y16.40197
G01 X-48.97859 Y16.44876
G01 X-48.94069 Y16.47982
G01 X-48.88252 Y16.53255
G01 X-48.82979 Y16.59072
G01 X-48.80162 Y16.62506
G01 X-48.80475 Y16.63263
G01 X-48.80162 Y16.62506
G01 X-47.02497 Y16.62506
G01 X-46.94656 Y16.62892
G01 X-46.70269 Y16.65292
G01 X-46.62505 Y16.66445
G01 X-46.54890 Y16.68353
G01 X-46.31440 Y16.75465
G01 X-46.16952 Y16.81467
G01 X-45.95339 Y16.93021
G01 X-45.88606 Y16.97055
G01 X-45.82302 Y17.01736
G01 X-45.63358 Y17.17278
G01 X-45.52269 Y17.28365
G01 X-45.36724 Y17.47309
G01 X-45.32048 Y17.53613
G01 X-45.28012 Y17.60347
G01 X-45.17196 Y17.80583
G01 X-45.17138 Y17.80814
G01 X-45.13935 Y17.96872
G01 X-45.10338 Y18.21131
G01 X-45.08870 Y18.36003
G01 X-45.07674 Y18.60316
G01 X-45.07836 Y18.60646
G01 X-45.17788 Y18.61624
G01 X-45.27740 Y18.62604
G01 X-45.37692 Y18.63585
G01 X-45.47643 Y18.64570
G01 X-45.57595 Y18.65546
G01 X-45.67547 Y18.66526
G01 X-45.69947 Y18.42140
G01 X-45.70092 Y18.41169
G01 X-45.70331 Y18.40217
G01 X-45.77445 Y18.16768
G01 X-45.78194 Y18.14957
G01 X-45.89746 Y17.93346
G01 X-45.90249 Y17.92506
G01 X-45.90833 Y17.91716
G01 X-46.06381 Y17.72772
G01 X-46.07765 Y17.71388
G01 X-46.26708 Y17.55841
G01 X-46.27496 Y17.55256
G01 X-46.28339 Y17.54754
G01 X-46.49949 Y17.43202
G01 X-46.51760 Y17.42457
G01 X-46.75210 Y17.35338
G01 X-46.76162 Y17.35099
G01 X-46.77133 Y17.34954
G01 X-47.01519 Y17.32554
G01 X-47.02497 Y17.32506
G01 X-49.27498 Y17.32506
G01 X-49.27498 Y17.27502
G01 X-49.27546 Y17.26527
G01 X-49.28026 Y17.21645
G01 X-49.28171 Y17.20672
G01 X-49.28410 Y17.19722
G01 X-49.29832 Y17.15036
G01 X-49.30162 Y17.14108
G01 X-49.30581 Y17.13219
G01 X-49.32893 Y17.08901
G01 X-49.33982 Y17.07271
G01 X-49.37091 Y17.03479
G01 X-49.37749 Y17.02752
G01 X-49.38478 Y17.02094
G01 X-49.42265 Y16.98985
G01 X-49.43053 Y16.98399
G01 X-49.43896 Y16.97896
G01 X-49.48217 Y16.95587
G01 X-49.50028 Y16.94835
G01 X-49.54719 Y16.93413
G01 X-49.56642 Y16.93029
G01 X-49.61519 Y16.92551
G01 X-49.62499 Y16.92503
G01 X-50.92499 Y16.92503
G01 X-50.93479 Y16.92551
G01 X-50.98356 Y16.93029
G01 X-51.00279 Y16.93413
G01 X-51.04968 Y16.94835
G01 X-51.06779 Y16.95587
G01 X-51.11102 Y16.97896
G01 X-51.11942 Y16.98399
G01 X-51.12732 Y16.98985
G01 X-51.16520 Y17.02094
G01 X-51.17248 Y17.02752
G01 X-51.17906 Y17.03479
G01 X-51.21015 Y17.07271
G01 X-51.22105 Y17.08901
G01 X-51.24414 Y17.13219
G01 X-51.24835 Y17.14108
G01 X-51.25163 Y17.15028
G01 X-53.67497 Y14.72692
G01 X-53.67497 Y13.85001
G01 X-53.22498 Y13.85001
G01 X-53.21518 Y13.84952
G01 X-53.16641 Y13.84472
G01 X-53.15671 Y13.84328
G01 X-53.14718 Y13.84091
G01 X-53.10029 Y13.82666
G01 X-53.08218 Y13.81917
G01 X-53.03895 Y13.79608
G01 X-53.03055 Y13.79103
G01 X-53.02265 Y13.78519
G01 X-52.98477 Y13.75410
G01 X-52.97091 Y13.74023
G01 X-52.93982 Y13.70236
G01 X-52.93397 Y13.69446
G01 X-52.92892 Y13.68605
G01 X-52.90583 Y13.64282
G01 X-52.89831 Y13.62471
G01 X-52.88409 Y13.57782
G01 X-52.88170 Y13.56830
G01 X-52.88028 Y13.55859
G01 X-52.87548 Y13.50982
G01 X-52.87500 Y13.50002
G01 X-52.87500 Y12.55001
G01 X-52.87548 Y12.54020
G01 X-52.88028 Y12.49144
G01 X-52.88170 Y12.48173
G01 X-52.88409 Y12.47221
G01 X-52.89831 Y12.42532
G01 X-52.90583 Y12.40721
G01 X-52.92892 Y12.36398
G01 X-52.93397 Y12.35557
G01 X-52.93982 Y12.34767
G01 X-52.97091 Y12.30980
G01 X-52.98477 Y12.29593
G01 X-53.02265 Y12.26484
G01 X-53.03055 Y12.25900
G01 X-53.03895 Y12.25395
G01 X-53.08218 Y12.23086
G01 X-53.10029 Y12.22334
G01 X-53.14718 Y12.20912
G01 X-53.15671 Y12.20673
G01 X-53.16641 Y12.20531
G01 X-53.21518 Y12.20051
G01 X-53.22498 Y12.20002
G01 X-53.67497 Y12.20002
G01 X-53.67497 Y10.10503
G01 X-53.67527 Y10.09718
G01 X-53.69067 Y9.90158
G01 X-53.69313 Y9.88608
G01 X-53.73893 Y9.69533
G01 X-53.74378 Y9.68039
G01 X-53.77845 Y9.59673
G01 X-53.80824 Y9.49850
G01 X-53.81576 Y9.48039
G01 X-53.93588 Y9.25563
G01 X-53.94093 Y9.24722
G01 X-53.94677 Y9.23932
G01 X-54.10845 Y9.04235
G01 X-54.12231 Y9.02848
G01 X-54.31932 Y8.86681
G01 X-54.32719 Y8.86096
G01 X-54.33560 Y8.85591
G01 X-54.56036 Y8.73577
G01 X-54.57847 Y8.72827
G01 X-54.82234 Y8.65431
G01 X-54.83186 Y8.65192
G01 X-54.84157 Y8.65047
G01 X-55.09518 Y8.62551
G01 X-55.11479 Y8.62551
G01 X-55.36841 Y8.65047
G01 X-55.37812 Y8.65192
G01 X-55.38764 Y8.65431
G01 X-55.63151 Y8.72827
G01 X-55.64962 Y8.73577
G01 X-55.87438 Y8.85591
G01 X-55.88279 Y8.86096
G01 X-55.89066 Y8.86681
G01 X-56.08766 Y9.02848
G01 X-56.10153 Y9.04235
G01 X-56.26320 Y9.23932
G01 X-56.26905 Y9.24722
G01 X-56.27410 Y9.25563
G01 X-56.39422 Y9.48039
G01 X-56.40174 Y9.49850
G01 X-56.47570 Y9.74237
G01 X-56.47809 Y9.75189
G01 X-56.47954 Y9.76160
G01 X-56.50450 Y10.01522
G01 X-56.50450 Y10.03483
G01 X-56.47954 Y10.28844
G01 X-56.47809 Y10.29815
G01 X-56.47570 Y10.30765
G01 X-56.40174 Y10.55154
G01 X-56.39841 Y10.56076
G01 X-56.39422 Y10.56965
G01 X-56.37496 Y10.60566
G01 X-56.37496 Y15.28610
G01 X-56.37448 Y15.29590
G01 X-56.35048 Y15.53977
G01 X-56.34664 Y15.55899
G01 X-56.27552 Y15.79349
G01 X-56.26800 Y15.81160
G01 X-56.15251 Y16.02770
G01 X-56.14161 Y16.04401
G01 X-55.98617 Y16.23347
G01 X-55.97956 Y16.24071
G01 X-52.59067 Y19.62965
G01 X-52.58490 Y19.63498
G01 X-52.43575 Y19.76239
G01 X-52.42305 Y19.77158
G01 X-52.25582 Y19.87407
G01 X-52.24182 Y19.88119
G01 X-52.06062 Y19.95627
G01 X-52.04569 Y19.96112
G01 X-51.85496 Y20.00692
G01 X-51.83946 Y20.00935
G01 X-51.64391 Y20.02475
G01 X-51.63609 Y20.02505
G01 X-51.27500 Y20.02505
G01 X-51.27500 Y20.27501
G01 X-51.27452 Y20.28484
G01 X-51.26969 Y20.33359
G01 X-51.26827 Y20.34329
G01 X-51.26588 Y20.35281
G01 X-51.25166 Y20.39970
G01 X-51.24835 Y20.40895
G01 X-51.24414 Y20.41784
G01 X-51.22105 Y20.46104
G01 X-51.21015 Y20.47735
G01 X-51.17906 Y20.51522
G01 X-51.16520 Y20.52909
G01 X-51.12732 Y20.56018
G01 X-51.11942 Y20.56602
G01 X-51.11102 Y20.57108
G01 X-51.06779 Y20.59416
G01 X-51.04968 Y20.60168
G01 X-51.00279 Y20.61591
G01 X-50.99326 Y20.61829
G01 X-50.98356 Y20.61972
G01 X-50.93479 Y20.62454
G01 X-50.92499 Y20.62502
G01 X-49.62499 Y20.62502
G01 X-49.61519 Y20.62454
G01 X-49.56642 Y20.61972
G01 X-49.55671 Y20.61829
G01 X-49.54719 Y20.61591
G01 X-49.50028 Y20.60168
G01 X-49.48217 Y20.59416
G01 X-49.43896 Y20.57108
G01 X-49.43053 Y20.56602
G01 X-49.42265 Y20.56018
G01 X-49.38478 Y20.52909
G01 X-49.37091 Y20.51522
G01 X-49.33982 Y20.47735
G01 X-49.32893 Y20.46104
G01 X-49.30581 Y20.41784
G01 X-49.30162 Y20.40895
G01 X-49.29832 Y20.39970
G01 X-49.28410 Y20.35281
G01 X-49.28171 Y20.34329
G01 X-49.28026 Y20.33359
G01 X-49.27546 Y20.28484
G01 X-49.27498 Y20.27501
G01 X-49.27498 Y20.02505
G01 X-47.02497 Y20.02505
G01 X-47.01519 Y20.02457
G01 X-46.77133 Y20.00057
G01 X-46.76162 Y19.99917
G01 X-46.75210 Y19.99676
G01 X-46.51760 Y19.92559
G01 X-46.49949 Y19.91809
G01 X-46.28339 Y19.80257
G01 X-46.27496 Y19.79759
G01 X-46.26708 Y19.79170
G01 X-46.07765 Y19.63623
G01 X-46.06381 Y19.62239
G01 X-45.90833 Y19.43298
G01 X-45.90249 Y19.42508
G01 X-45.89746 Y19.41670
G01 X-45.78194 Y19.20057
G01 X-45.77445 Y19.18243
G01 X-45.70331 Y18.94799
G01 X-45.70092 Y18.93841
G01 X-45.69947 Y18.92871
G01 X-45.67547 Y18.68485
G01 X-45.67547 Y18.66526
G01 X-45.57595 Y18.65546
G01 X-45.59995 Y18.41159
G01 X-45.60762 Y18.37314
G01 X-45.67874 Y18.13864
G01 X-45.69376 Y18.10242
G01 X-45.80925 Y17.88632
G01 X-45.81936 Y17.86948
G01 X-45.83104 Y17.85371
G01 X-45.98649 Y17.66430
G01 X-46.01423 Y17.63656
G01 X-46.20364 Y17.48111
G01 X-46.21941 Y17.46943
G01 X-46.23625 Y17.45932
G01 X-46.45235 Y17.34385
G01 X-46.48857 Y17.32887
G01 X-46.72307 Y17.25770
G01 X-46.76152 Y17.25003
G01 X-47.00539 Y17.22605
G01 X-47.02497 Y17.22508
G01 X-49.17894 Y17.22508
G01 X-49.19449 Y17.24545
G01 X-49.17894 Y17.22508
G01 X-49.18074 Y17.20667
G01 X-49.18841 Y17.16819
G01 X-49.20264 Y17.12130
G01 X-49.20924 Y17.10281
G01 X-49.21762 Y17.08505
G01 X-49.24074 Y17.04190
G01 X-49.26251 Y17.00923
G01 X-49.29360 Y16.97136
G01 X-49.30678 Y16.95683
G01 X-49.32133 Y16.94363
G01 X-49.35920 Y16.91254
G01 X-49.37498 Y16.90085
G01 X-49.39182 Y16.89077
G01 X-49.43505 Y16.86765
G01 X-49.47127 Y16.85264
G01 X-49.51816 Y16.83842
G01 X-49.55661 Y16.83077
G01 X-49.60538 Y16.82597
G01 X-49.62499 Y16.82501
G01 X-50.92499 Y16.82501
G01 X-50.94460 Y16.82597
G01 X-50.99336 Y16.83077
G01 X-51.03182 Y16.83842
G01 X-51.07871 Y16.85264
G01 X-51.11493 Y16.86765
G01 X-51.15816 Y16.89077
G01 X-51.17500 Y16.90085
G01 X-51.19075 Y16.91254
G01 X-51.22864 Y16.94363
G01 X-51.24317 Y16.95683
G01 X-51.25636 Y16.97136
G01 X-51.27114 Y16.98937
G01 X-51.27160 Y17.02920
G01 X-51.27114 Y16.98937
G01 X-53.57497 Y14.68551
G01 X-53.58259 Y14.68866
G01 X-53.57497 Y14.68551
G01 X-53.57497 Y13.95001
G01 X-53.60426 Y13.92072
G01 X-53.57497 Y13.95001
G01 X-53.22498 Y13.95001
G01 X-53.20537 Y13.94904
G01 X-53.15661 Y13.94424
G01 X-53.13720 Y13.94137
G01 X-53.11815 Y13.93660
G01 X-53.07126 Y13.92237
G01 X-53.03504 Y13.90736
G01 X-52.99181 Y13.88427
G01 X-52.97497 Y13.87416
G01 X-52.95922 Y13.86248
G01 X-52.92133 Y13.83139
G01 X-52.89361 Y13.80368
G01 X-52.86252 Y13.76578
G01 X-52.85082 Y13.75001
G01 X-52.84073 Y13.73319
G01 X-52.81764 Y13.68996
G01 X-52.80263 Y13.65374
G01 X-52.78841 Y13.60685
G01 X-52.78363 Y13.58780
G01 X-52.78076 Y13.56840
G01 X-52.77596 Y13.51960
G01 X-52.77500 Y13.50002
G01 X-52.77500 Y13.16527
G01 X-52.78058 Y13.05146
G01 X-52.78064 Y13.04899
G01 X-52.78064 Y13.00106
G01 X-52.78058 Y12.99860
G01 X-52.77500 Y12.88481
G01 X-52.77500 Y12.55001
G01 X-52.77596 Y12.53040
G01 X-52.78076 Y12.48163
G01 X-52.78363 Y12.46223
G01 X-52.78841 Y12.44318
G01 X-52.80263 Y12.39629
G01 X-52.81764 Y12.36007
G01 X-52.84073 Y12.31684
G01 X-52.85082 Y12.30000
G01 X-52.86252 Y12.28425
G01 X-52.89361 Y12.24635
G01 X-52.92133 Y12.21864
G01 X-52.95922 Y12.18755
G01 X-52.97497 Y12.17584
G01 X-52.99181 Y12.16576
G01 X-53.03504 Y12.14267
G01 X-53.07126 Y12.12766
G01 X-53.11815 Y12.11343
G01 X-53.13720 Y12.10866
G01 X-53.15661 Y12.10579
G01 X-53.20537 Y12.10099
G01 X-53.22498 Y12.10002
G01 X-53.57497 Y12.10002
G01 X-53.60357 Y12.12804
G01 X-53.57497 Y12.10002
G01 X-53.57497 Y10.10503
G01 X-53.57558 Y10.08933
G01 X-53.59097 Y9.89373
G01 X-53.59590 Y9.86274
G01 X-53.64170 Y9.67196
G01 X-53.65140 Y9.64212
G01 X-53.68419 Y9.56302
G01 X-53.71256 Y9.46947
G01 X-53.72755 Y9.43325
G01 X-53.84769 Y9.20849
G01 X-53.86948 Y9.17590
G01 X-54.03115 Y8.97890
G01 X-54.04434 Y8.96434
G01 X-54.05886 Y8.95116
G01 X-54.25587 Y8.78949
G01 X-54.28846 Y8.76772
G01 X-54.51322 Y8.64758
G01 X-54.53097 Y8.63920
G01 X-54.54944 Y8.63259
G01 X-54.79331 Y8.55860
G01 X-54.83176 Y8.55096
G01 X-55.08538 Y8.52596
G01 X-55.10499 Y8.52502
G01 X-55.12460 Y8.52596
G01 X-55.37822 Y8.55096
G01 X-55.41667 Y8.55860
G01 X-55.66054 Y8.63259
G01 X-55.67900 Y8.63920
G01 X-55.69676 Y8.64758
G01 X-55.92150 Y8.76772
G01 X-55.95411 Y8.78949
G01 X-56.15111 Y8.95116
G01 X-56.16564 Y8.96434
G01 X-56.17882 Y8.97890
G01 X-56.34050 Y9.17590
G01 X-56.36229 Y9.20849
G01 X-56.48241 Y9.43325
G01 X-56.49081 Y9.45098
G01 X-56.49742 Y9.46947
G01 X-56.57141 Y9.71334
G01 X-56.57905 Y9.75179
G01 X-56.60402 Y10.00541
G01 X-56.60499 Y10.02502
G01 X-56.60402 Y10.04460
G01 X-56.57905 Y10.29822
G01 X-56.57141 Y10.33668
G01 X-56.49742 Y10.58057
G01 X-56.49081 Y10.59904
G01 X-56.48241 Y10.61679
G01 X-56.47496 Y10.63071
G01 X-56.47372 Y10.63051
G01 X-56.47496 Y10.63071
G01 X-56.47496 Y15.28610
G01 X-56.47400 Y15.30571
G01 X-56.45000 Y15.54962
G01 X-56.44232 Y15.58803
G01 X-56.37120 Y15.82255
G01 X-56.35619 Y15.85874
G01 X-56.24070 Y16.07484
G01 X-56.21891 Y16.10746
G01 X-56.06346 Y16.29689
G01 X-56.05028 Y16.31142
G01 X-52.66138 Y19.70036
G01 X-52.64985 Y19.71101
G01 X-52.50070 Y19.83841
G01 X-52.47530 Y19.85685
G01 X-52.30807 Y19.95934
G01 X-52.28010 Y19.97359
G01 X-52.09887 Y20.04865
G01 X-52.06903 Y20.05840
G01 X-51.87830 Y20.10415
G01 X-51.84731 Y20.10907
G01 X-51.65176 Y20.12444
G01 X-51.63609 Y20.12505
G01 X-51.37500 Y20.12505
G01 X-51.34848 Y20.09874
G01 X-51.37500 Y20.12505
G01 X-51.37500 Y20.27501
G01 X-51.37403 Y20.29462
G01 X-51.36921 Y20.34342
G01 X-51.36156 Y20.38185
G01 X-51.34734 Y20.42873
G01 X-51.34073 Y20.44723
G01 X-51.33235 Y20.46495
G01 X-51.30924 Y20.50819
G01 X-51.28745 Y20.54077
G01 X-51.25636 Y20.57867
G01 X-51.24317 Y20.59320
G01 X-51.22864 Y20.60638
G01 X-51.19075 Y20.63747
G01 X-51.17500 Y20.64918
G01 X-51.15816 Y20.65926
G01 X-51.11493 Y20.68238
G01 X-51.07871 Y20.69736
G01 X-51.03182 Y20.71159
G01 X-51.01277 Y20.71636
G01 X-50.99336 Y20.71923
G01 X-50.94460 Y20.72406
G01 X-50.92499 Y20.72502
G01 X-49.62499 Y20.72502
G01 X-49.60538 Y20.72406
G01 X-49.55661 Y20.71923
G01 X-49.53721 Y20.71636
G01 X-49.51816 Y20.71159
G01 X-49.47127 Y20.69736
G01 X-49.43505 Y20.68238
G01 X-49.39182 Y20.65926
G01 X-49.37498 Y20.64918
G01 X-49.35920 Y20.63747
G01 X-49.32133 Y20.60638
G01 X-49.30678 Y20.59320
G01 X-49.29360 Y20.57867
G01 X-49.26251 Y20.54077
G01 X-49.24074 Y20.50819
G01 X-49.21762 Y20.46495
G01 X-49.20924 Y20.44723
G01 X-49.20264 Y20.42873
G01 X-49.18841 Y20.38185
G01 X-49.18074 Y20.34342
G01 X-49.17594 Y20.29462
G01 X-49.17498 Y20.27501
G01 X-49.17498 Y20.12505
G01 X-49.20261 Y20.09671
G01 X-49.17498 Y20.12505
G01 X-47.02497 Y20.12505
G01 X-47.00539 Y20.12409
G01 X-46.76152 Y20.10008
G01 X-46.72307 Y20.09246
G01 X-46.48857 Y20.02129
G01 X-46.45235 Y20.00628
G01 X-46.23625 Y19.89079
G01 X-46.21941 Y19.88070
G01 X-46.20364 Y19.86899
G01 X-46.01423 Y19.71355
G01 X-45.98649 Y19.68581
G01 X-45.83104 Y19.49643
G01 X-45.81936 Y19.48063
G01 X-45.80925 Y19.46381
G01 X-45.69376 Y19.24771
G01 X-45.67874 Y19.21146
G01 X-45.60762 Y18.97697
G01 X-45.59995 Y18.93852
G01 X-45.57595 Y18.69465
G01 X-45.57499 Y18.67507
G01 X-45.57595 Y18.65546
G01 X-45.47643 Y18.64570
G01 X-45.37692 Y18.63585
G01 X-45.27740 Y18.62604
G01 X-45.17788 Y18.61624
G01 X-45.20188 Y18.37238
G01 X-45.21052 Y18.31418
G01 X-45.22485 Y18.25706
G01 X-45.29597 Y18.02254
G01 X-45.34098 Y17.91385
G01 X-45.45649 Y17.69775
G01 X-45.48677 Y17.64728
G01 X-45.52185 Y17.60001
G01 X-45.67730 Y17.41053
G01 X-45.76046 Y17.32739
G01 X-45.94989 Y17.17192
G01 X-45.99718 Y17.13684
G01 X-46.04768 Y17.10662
G01 X-46.26378 Y16.99105
G01 X-46.37247 Y16.94604
G01 X-46.60694 Y16.87492
G01 X-46.66406 Y16.86064
G01 X-46.72230 Y16.85196
G01 X-46.96617 Y16.82795
G01 X-47.02497 Y16.82506
G01 X-48.90683 Y16.82506
G01 X-48.91183 Y16.83524
G01 X-48.90683 Y16.82506
G01 X-48.95331 Y16.75549
G01 X-48.98440 Y16.71759
G01 X-49.02395 Y16.67398
G01 X-49.06759 Y16.63443
G01 X-49.10546 Y16.60337
G01 X-49.15275 Y16.56826
G01 X-49.20325 Y16.53801
G01 X-49.24648 Y16.51492
G01 X-49.35514 Y16.46989
G01 X-49.40205 Y16.45564
G01 X-49.51740 Y16.43270
G01 X-49.56619 Y16.42793
G01 X-49.62499 Y16.42503
G01 X-50.92499 Y16.42503
G01 X-50.98379 Y16.42793
G01 X-51.03258 Y16.43270
G01 X-51.14792 Y16.45564
G01 X-51.19484 Y16.46989
G01 X-51.21612 Y16.47870
G01 X-51.22011 Y16.49308
G01 X-51.21612 Y16.47870
G01 X-53.17497 Y14.51983
G01 X-53.18259 Y14.52298
G01 X-53.17497 Y14.51983
G01 X-53.17497 Y14.34757
G01 X-53.19786 Y14.32867
G01 X-53.17497 Y14.34757
G01 X-53.16618 Y14.34714
G01 X-53.11741 Y14.34231
G01 X-53.05917 Y14.33367
G01 X-53.00205 Y14.31937
G01 X-52.95513 Y14.30515
G01 X-52.84647 Y14.26014
G01 X-52.80327 Y14.23703
G01 X-52.75275 Y14.20675
G01 X-52.70545 Y14.17170
G01 X-52.70136 Y14.16832
G01 X-52.70093 Y14.15869
G01 X-52.70088 Y14.15773
G01 X-52.69722 Y14.10126
G01 X-52.69473 Y14.02702
G01 X-52.73100 Y14.06329
G01 X-52.76890 Y14.09438
G01 X-52.80832 Y14.12362
G01 X-52.85041 Y14.14884
G01 X-52.89361 Y14.17195
G01 X-52.98417 Y14.20944
G01 X-53.03108 Y14.22369
G01 X-53.07868 Y14.23560
G01 X-53.12722 Y14.24279
G01 X-53.17599 Y14.24759
G01 X-53.22498 Y14.25001
G01 X-53.27497 Y14.25001
G01 X-53.30255 Y14.22374
G01 X-53.27497 Y14.25001
G01 X-53.27497 Y14.56123
G01 X-53.28259 Y14.56441
G01 X-53.27497 Y14.56123
G01 X-51.23995 Y16.59628
G01 X-51.24396 Y16.61467
G01 X-51.23995 Y16.59628
G01 X-51.16580 Y16.56560
G01 X-51.11889 Y16.55135
G01 X-51.02278 Y16.53222
G01 X-50.97398 Y16.52742
G01 X-50.92499 Y16.52501
G01 X-49.62499 Y16.52501
G01 X-49.57597 Y16.52742
G01 X-49.52720 Y16.53222
G01 X-49.43106 Y16.55135
G01 X-49.38417 Y16.56560
G01 X-49.29362 Y16.60309
G01 X-49.25039 Y16.62618
G01 X-49.20830 Y16.65140
G01 X-49.16891 Y16.68063
G01 X-49.13101 Y16.71172
G01 X-49.09466 Y16.74469
G01 X-49.06169 Y16.78107
G01 X-49.03060 Y16.81891
G01 X-48.97615 Y16.90042
G01 X-48.96299 Y16.92506
G01 X-48.96906 Y16.93659
G01 X-48.96299 Y16.92506
G01 X-47.02497 Y16.92506
G01 X-46.97597 Y16.92747
G01 X-46.73211 Y16.95150
G01 X-46.63597 Y16.97060
G01 X-46.40148 Y17.04175
G01 X-46.31092 Y17.07924
G01 X-46.09482 Y17.19475
G01 X-46.05273 Y17.21998
G01 X-46.01331 Y17.24921
G01 X-45.82391 Y17.40471
G01 X-45.75459 Y17.47398
G01 X-45.59914 Y17.66344
G01 X-45.56991 Y17.70281
G01 X-45.54468 Y17.74494
G01 X-45.42916 Y17.96105
G01 X-45.39167 Y18.05160
G01 X-45.32053 Y18.28604
G01 X-45.30140 Y18.38218
G01 X-45.27740 Y18.62604
G01 X-45.27499 Y18.67507
G01 X-45.27740 Y18.72406
G01 X-45.30140 Y18.96793
G01 X-45.32053 Y19.06407
G01 X-45.39167 Y19.29856
G01 X-45.42916 Y19.38911
G01 X-45.54468 Y19.60521
G01 X-45.56991 Y19.64733
G01 X-45.59914 Y19.68672
G01 X-45.75459 Y19.87613
G01 X-45.82391 Y19.94545
G01 X-46.01331 Y20.10090
G01 X-46.05273 Y20.13013
G01 X-46.09482 Y20.15540
G01 X-46.31092 Y20.27087
G01 X-46.40148 Y20.30841
G01 X-46.63597 Y20.37951
G01 X-46.73211 Y20.39863
G01 X-46.97597 Y20.42266
G01 X-47.02497 Y20.42505
G01 X-48.89261 Y20.42505
G01 X-48.90772 Y20.40496
G01 X-48.89261 Y20.42505
G01 X-48.90132 Y20.46892
G01 X-48.91554 Y20.51583
G01 X-48.93208 Y20.56203
G01 X-48.95306 Y20.60638
G01 X-48.97615 Y20.64961
G01 X-49.03060 Y20.73110
G01 X-49.06169 Y20.76899
G01 X-49.09466 Y20.80534
G01 X-49.13101 Y20.83828
G01 X-49.16891 Y20.86937
G01 X-49.20830 Y20.89861
G01 X-49.25039 Y20.92383
G01 X-49.29362 Y20.94694
G01 X-49.38417 Y20.98446
G01 X-49.43106 Y20.99868
G01 X-49.47866 Y21.01060
G01 X-49.52720 Y21.01781
G01 X-49.57597 Y21.02261
G01 X-49.62499 Y21.02502
G01 X-50.92499 Y21.02502
G01 X-50.97398 Y21.02261
G01 X-51.02278 Y21.01781
G01 X-51.07132 Y21.01060
G01 X-51.11889 Y20.99868
G01 X-51.16580 Y20.98446
G01 X-51.25636 Y20.94694
G01 X-51.29959 Y20.92383
G01 X-51.34167 Y20.89861
G01 X-51.38107 Y20.86937
G01 X-51.41897 Y20.83828
G01 X-51.45531 Y20.80534
G01 X-51.48826 Y20.76899
G01 X-51.51935 Y20.73110
G01 X-51.57380 Y20.64961
G01 X-51.59692 Y20.60638
G01 X-51.61790 Y20.56203
G01 X-51.63443 Y20.51583
G01 X-51.64866 Y20.46892
G01 X-51.65755 Y20.42421
G01 X-51.64553 Y20.40915
G01 X-51.65755 Y20.42421
G01 X-51.67530 Y20.42350
G01 X-51.87086 Y20.40813
G01 X-51.94835 Y20.39589
G01 X-52.13908 Y20.35007
G01 X-52.21368 Y20.32584
G01 X-52.39491 Y20.25078
G01 X-52.46481 Y20.21512
G01 X-52.63207 Y20.11263
G01 X-52.69555 Y20.06653
G01 X-52.84469 Y19.93912
G01 X-52.87352 Y19.91250
G01 X-56.26242 Y16.52353
G01 X-56.29536 Y16.48719
G01 X-56.45081 Y16.29775
G01 X-56.50527 Y16.21627
G01 X-56.62078 Y16.00017
G01 X-56.65830 Y15.90959
G01 X-56.72942 Y15.67512
G01 X-56.74855 Y15.57898
G01 X-56.77255 Y15.33512
G01 X-56.77496 Y15.28610
G01 X-56.77496 Y10.69429
G01 X-56.77405 Y10.69416
G01 X-56.77496 Y10.69429
G01 X-56.78451 Y10.66764
G01 X-56.85848 Y10.42378
G01 X-56.87760 Y10.32764
G01 X-56.90257 Y10.07402
G01 X-56.90499 Y10.02502
G01 X-56.90257 Y9.97600
G01 X-56.88101 Y9.75690
G01 X-56.87344 Y9.74092
G01 X-56.82396 Y9.64816
G01 X-56.69574 Y9.43427
G01 X-56.76280 Y9.65527
G01 X-56.77809 Y9.73218
G01 X-56.80306 Y9.98580
G01 X-56.80306 Y10.06421
G01 X-56.77809 Y10.31783
G01 X-56.76280 Y10.39474
G01 X-56.68881 Y10.63861
G01 X-56.67557 Y10.67557
G01 X-56.67496 Y10.67689
G01 X-56.67400 Y10.67673
G01 X-56.67496 Y10.67689
G01 X-56.67496 Y15.28610
G01 X-56.67303 Y15.32531
G01 X-56.64903 Y15.56918
G01 X-56.63371 Y15.64614
G01 X-56.56259 Y15.88058
G01 X-56.53260 Y15.95303
G01 X-56.41708 Y16.16913
G01 X-56.37352 Y16.23433
G01 X-56.21807 Y16.42374
G01 X-56.19170 Y16.45282
G01 X-52.80281 Y19.84182
G01 X-52.77975 Y19.86310
G01 X-52.63060 Y19.99048
G01 X-52.57982 Y20.02741
G01 X-52.41256 Y20.12990
G01 X-52.35663 Y20.15835
G01 X-52.17543 Y20.23343
G01 X-52.11574 Y20.25281
G01 X-51.92499 Y20.29861
G01 X-51.86301 Y20.30844
G01 X-51.66745 Y20.32383
G01 X-51.63609 Y20.32505
G01 X-51.57200 Y20.32505
G01 X-51.55600 Y20.30603
G01 X-51.57200 Y20.32505
G01 X-51.56827 Y20.36300
G01 X-51.55295 Y20.43991
G01 X-51.53873 Y20.48680
G01 X-51.52552 Y20.52376
G01 X-51.50873 Y20.55924
G01 X-51.48562 Y20.60247
G01 X-51.44206 Y20.66767
G01 X-51.41097 Y20.70554
G01 X-51.38460 Y20.73463
G01 X-51.35552 Y20.76099
G01 X-51.31765 Y20.79208
G01 X-51.28610 Y20.81547
G01 X-51.25244 Y20.83564
G01 X-51.20921 Y20.85876
G01 X-51.13677 Y20.88875
G01 X-51.08988 Y20.90298
G01 X-51.05178 Y20.91253
G01 X-51.01297 Y20.91829
G01 X-50.96420 Y20.92309
G01 X-50.92499 Y20.92502
G01 X-49.62499 Y20.92502
G01 X-49.58577 Y20.92309
G01 X-49.53700 Y20.91829
G01 X-49.49817 Y20.91253
G01 X-49.46009 Y20.90298
G01 X-49.41320 Y20.88875
G01 X-49.34076 Y20.85876
G01 X-49.29753 Y20.83564
G01 X-49.26388 Y20.81547
G01 X-49.23233 Y20.79208
G01 X-49.19446 Y20.76099
G01 X-49.16538 Y20.73463
G01 X-49.13901 Y20.70554
G01 X-49.10792 Y20.66767
G01 X-49.06436 Y20.60247
G01 X-49.04125 Y20.55924
G01 X-49.02446 Y20.52376
G01 X-49.01125 Y20.48680
G01 X-48.99703 Y20.43991
G01 X-48.98171 Y20.36300
G01 X-48.97798 Y20.32505
G01 X-48.99515 Y20.30341
G01 X-48.97798 Y20.32505
G01 X-47.02497 Y20.32505
G01 X-46.98578 Y20.32312
G01 X-46.74191 Y20.29912
G01 X-46.70308 Y20.29340
G01 X-46.66500 Y20.28380
G01 X-46.43051 Y20.21271
G01 X-46.35807 Y20.18268
G01 X-46.14196 Y20.06716
G01 X-46.10828 Y20.04697
G01 X-46.07676 Y20.02360
G01 X-45.88733 Y19.86813
G01 X-45.83191 Y19.81276
G01 X-45.67643 Y19.62327
G01 X-45.65306 Y19.59180
G01 X-45.63287 Y19.55807
G01 X-45.51735 Y19.34197
G01 X-45.48736 Y19.26953
G01 X-45.41624 Y19.03504
G01 X-45.40668 Y18.99696
G01 X-45.40092 Y18.95815
G01 X-45.37692 Y18.71428
G01 X-45.37692 Y18.63585
G01 X-45.40092 Y18.39198
G01 X-45.40668 Y18.35315
G01 X-45.41624 Y18.31507
G01 X-45.48736 Y18.08058
G01 X-45.51735 Y18.00816
G01 X-45.63287 Y17.79206
G01 X-45.65306 Y17.75836
G01 X-45.67643 Y17.72686
G01 X-45.83191 Y17.53740
G01 X-45.88733 Y17.48203
G01 X-46.07676 Y17.32650
G01 X-46.10828 Y17.30314
G01 X-46.14196 Y17.28294
G01 X-46.35807 Y17.16745
G01 X-46.43051 Y17.13743
G01 X-46.66500 Y17.06631
G01 X-46.70308 Y17.05676
G01 X-46.74191 Y17.05099
G01 X-46.98578 Y17.02699
G01 X-47.02497 Y17.02511
G01 X-49.02504 Y17.02511
G01 X-49.03271 Y17.03834
G01 X-49.02504 Y17.02511
G01 X-49.04125 Y16.99079
G01 X-49.06436 Y16.94756
G01 X-49.10792 Y16.88236
G01 X-49.13901 Y16.84451
G01 X-49.16538 Y16.81538
G01 X-49.19446 Y16.78904
G01 X-49.23233 Y16.75800
G01 X-49.26388 Y16.73458
G01 X-49.29753 Y16.71436
G01 X-49.34076 Y16.69128
G01 X-49.41320 Y16.66133
G01 X-49.46009 Y16.64703
G01 X-49.53700 Y16.63179
G01 X-49.58577 Y16.62694
G01 X-49.62499 Y16.62501
G01 X-50.92499 Y16.62501
G01 X-50.96420 Y16.62694
G01 X-51.01297 Y16.63179
G01 X-51.08988 Y16.64703
G01 X-51.13677 Y16.66133
G01 X-51.20921 Y16.69128
G01 X-51.25244 Y16.71436
G01 X-51.25923 Y16.71845
G01 X-51.26306 Y16.74025
G01 X-51.25923 Y16.71845
G01 X-53.37497 Y14.60266
G01 X-53.38259 Y14.60581
G01 X-53.37497 Y14.60266
G01 X-53.37497 Y14.15001
G01 X-53.40327 Y14.12250
G01 X-53.37497 Y14.15001
G01 X-53.22498 Y14.15001
G01 X-53.18579 Y14.14808
G01 X-53.13700 Y14.14328
G01 X-53.09819 Y14.13753
G01 X-53.06011 Y14.12798
G01 X-53.01320 Y14.11376
G01 X-52.94076 Y14.08376
G01 X-52.89753 Y14.06065
G01 X-52.86387 Y14.04046
G01 X-52.83235 Y14.01709
G01 X-52.79445 Y13.98600
G01 X-52.73900 Y13.93055
G01 X-52.70791 Y13.89265
G01 X-52.69684 Y13.87774
G01 X-52.69783 Y13.85372
G01 X-52.69900 Y13.83959
G01 X-52.69910 Y13.83809
G01 X-52.70215 Y13.78089
G01 X-52.70223 Y13.77934
G01 X-52.70263 Y13.76101
G01 X-52.70614 Y13.70210
G01 X-52.71114 Y13.65145
G01 X-52.70784 Y13.68493
G01 X-52.72943 Y13.73710
G01 X-52.75254 Y13.78033
G01 X-52.76768 Y13.80558
G01 X-52.78521 Y13.82923
G01 X-52.81630 Y13.86710
G01 X-52.85790 Y13.90868
G01 X-52.89577 Y13.93980
G01 X-52.91942 Y13.95732
G01 X-52.94467 Y13.97246
G01 X-52.98790 Y13.99555
G01 X-53.04223 Y14.01805
G01 X-53.08912 Y14.03230
G01 X-53.11769 Y14.03944
G01 X-53.14680 Y14.04376
G01 X-53.19557 Y14.04856
G01 X-53.22498 Y14.05001
G01 X-53.47497 Y14.05001
G01 X-53.50360 Y14.02194
G01 X-53.47497 Y14.05001
G01 X-53.47497 Y14.64409
G01 X-53.48259 Y14.64724
G01 X-53.47497 Y14.64409
G01 X-51.27048 Y16.84860
G01 X-51.27396 Y16.87390
G01 X-51.27048 Y16.84860
G01 X-51.25420 Y16.83524
G01 X-51.23055 Y16.81772
G01 X-51.20530 Y16.80258
G01 X-51.16207 Y16.77946
G01 X-51.10774 Y16.75696
G01 X-51.06085 Y16.74274
G01 X-51.00317 Y16.73126
G01 X-50.95440 Y16.72646
G01 X-50.92499 Y16.72501
G01 X-49.62499 Y16.72501
G01 X-49.59558 Y16.72646
G01 X-49.54681 Y16.73126
G01 X-49.48913 Y16.74274
G01 X-49.44224 Y16.75696
G01 X-49.38791 Y16.77946
G01 X-49.34468 Y16.80258
G01 X-49.31943 Y16.81772
G01 X-49.29578 Y16.83524
G01 X-49.25788 Y16.86633
G01 X-49.23609 Y16.88614
G01 X-49.21630 Y16.90794
G01 X-49.18521 Y16.94586
G01 X-49.15255 Y16.99470
G01 X-49.12944 Y17.03794
G01 X-49.11686 Y17.06453
G01 X-49.10693 Y17.09227
G01 X-49.09697 Y17.12506
G01 X-49.10792 Y17.14164
G01 X-49.09697 Y17.12506
G01 X-47.02497 Y17.12506
G01 X-46.99558 Y17.12651
G01 X-46.75172 Y17.15051
G01 X-46.72258 Y17.15488
G01 X-46.69403 Y17.16199
G01 X-46.45954 Y17.23313
G01 X-46.40521 Y17.25564
G01 X-46.18911 Y17.37113
G01 X-46.16386 Y17.38632
G01 X-46.14021 Y17.40382
G01 X-45.95078 Y17.55927
G01 X-45.90920 Y17.60085
G01 X-45.75375 Y17.79028
G01 X-45.73620 Y17.81393
G01 X-45.72106 Y17.83920
G01 X-45.60557 Y18.05531
G01 X-45.58306 Y18.10961
G01 X-45.51192 Y18.34411
G01 X-45.50475 Y18.37265
G01 X-45.50044 Y18.40181
G01 X-45.47643 Y18.64570
G01 X-45.47499 Y18.67507
G01 X-45.47643 Y18.70445
G01 X-45.50044 Y18.94832
G01 X-45.50475 Y18.97745
G01 X-45.51192 Y19.00600
G01 X-45.58306 Y19.24050
G01 X-45.60557 Y19.29483
G01 X-45.72106 Y19.51093
G01 X-45.73620 Y19.53618
G01 X-45.75375 Y19.55985
G01 X-45.90920 Y19.74926
G01 X-45.95078 Y19.79084
G01 X-46.14021 Y19.94629
G01 X-46.16386 Y19.96384
G01 X-46.18911 Y19.97900
G01 X-46.40521 Y20.09447
G01 X-46.45954 Y20.11697
G01 X-46.69403 Y20.18817
G01 X-46.72258 Y20.19528
G01 X-46.75172 Y20.19963
G01 X-46.99558 Y20.22360
G01 X-47.02497 Y20.22505
G01 X-49.07498 Y20.22505
G01 X-49.09863 Y20.19904
G01 X-49.07498 Y20.22505
G01 X-49.07498 Y20.27501
G01 X-49.07643 Y20.30443
G01 X-49.08123 Y20.35319
G01 X-49.08554 Y20.38233
G01 X-49.09271 Y20.41090
G01 X-49.10693 Y20.45777
G01 X-49.11686 Y20.48548
G01 X-49.12944 Y20.51210
G01 X-49.15255 Y20.55533
G01 X-49.18521 Y20.60422
G01 X-49.21630 Y20.64212
G01 X-49.23609 Y20.66391
G01 X-49.25788 Y20.68370
G01 X-49.29578 Y20.71479
G01 X-49.31943 Y20.73231
G01 X-49.34468 Y20.74745
G01 X-49.38791 Y20.77057
G01 X-49.44224 Y20.79307
G01 X-49.48913 Y20.80730
G01 X-49.51767 Y20.81443
G01 X-49.54681 Y20.81878
G01 X-49.59558 Y20.82358
G01 X-49.62499 Y20.82502
G01 X-50.92499 Y20.82502
G01 X-50.95440 Y20.82358
G01 X-51.00317 Y20.81878
G01 X-51.03228 Y20.81443
G01 X-51.06085 Y20.80730
G01 X-51.10774 Y20.79307
G01 X-51.16207 Y20.77057
G01 X-51.20530 Y20.74745
G01 X-51.23055 Y20.73231
G01 X-51.25420 Y20.71479
G01 X-51.29209 Y20.68370
G01 X-51.31389 Y20.66391
G01 X-51.33367 Y20.64212
G01 X-51.36476 Y20.60422
G01 X-51.39743 Y20.55533
G01 X-51.42054 Y20.51210
G01 X-51.43311 Y20.48548
G01 X-51.44305 Y20.45777
G01 X-51.45727 Y20.41090
G01 X-51.46441 Y20.38233
G01 X-51.46875 Y20.35319
G01 X-51.47355 Y20.30443
G01 X-51.47500 Y20.27501
G01 X-51.47500 Y20.22505
G01 X-51.45107 Y20.20059
G01 X-51.47500 Y20.22505
G01 X-51.63609 Y20.22505
G01 X-51.65961 Y20.22416
G01 X-51.85516 Y20.20874
G01 X-51.90164 Y20.20140
G01 X-52.09237 Y20.15558
G01 X-52.13715 Y20.14103
G01 X-52.31838 Y20.06600
G01 X-52.36032 Y20.04461
G01 X-52.52755 Y19.94212
G01 X-52.56565 Y19.91443
G01 X-52.71480 Y19.78708
G01 X-52.73210 Y19.77105
G01 X-56.12099 Y16.38211
G01 X-56.14075 Y16.36031
G01 X-56.29622 Y16.17088
G01 X-56.32889 Y16.12199
G01 X-56.44441 Y15.90588
G01 X-56.46691 Y15.85158
G01 X-56.53803 Y15.61708
G01 X-56.54951 Y15.55938
G01 X-56.57352 Y15.31551
G01 X-56.57496 Y15.28610
G01 X-56.57496 Y10.65471
G01 X-56.57377 Y10.65451
G01 X-56.57496 Y10.65471
G01 X-56.58319 Y10.63731
G01 X-56.59312 Y10.60958
G01 X-56.66709 Y10.36571
G01 X-56.67857 Y10.30803
G01 X-56.70354 Y10.05441
G01 X-56.70499 Y10.02502
G01 X-56.70354 Y9.99561
G01 X-56.67857 Y9.74199
G01 X-56.66709 Y9.68431
G01 X-56.59312 Y9.44044
G01 X-56.58319 Y9.41273
G01 X-56.57059 Y9.38611
G01 X-56.45048 Y9.16134
G01 X-56.43534 Y9.13610
G01 X-56.41781 Y9.11245
G01 X-56.25612 Y8.91545
G01 X-56.21454 Y8.87387
G01 X-56.01753 Y8.71220
G01 X-55.99389 Y8.69467
G01 X-55.96864 Y8.67953
G01 X-55.74390 Y8.55939
G01 X-55.71728 Y8.54682
G01 X-55.68957 Y8.53689
G01 X-55.44568 Y8.46292
G01 X-55.38802 Y8.45144
G01 X-55.13440 Y8.42645
G01 X-55.10499 Y8.42502
G01 X-55.07558 Y8.42645
G01 X-54.82196 Y8.45144
G01 X-54.76427 Y8.46292
G01 X-54.52041 Y8.53689
G01 X-54.49270 Y8.54682
G01 X-54.46608 Y8.55939
G01 X-54.24134 Y8.67953
G01 X-54.21607 Y8.69467
G01 X-54.19242 Y8.71220
G01 X-53.99544 Y8.87387
G01 X-53.95384 Y8.91545
G01 X-53.79216 Y9.11245
G01 X-53.77464 Y9.13610
G01 X-53.75950 Y9.16134
G01 X-53.63936 Y9.38611
G01 X-53.61685 Y9.44044
G01 X-53.58990 Y9.52926
G01 X-53.55902 Y9.60384
G01 X-53.54446 Y9.64862
G01 X-53.49864 Y9.83940
G01 X-53.49128 Y9.88590
G01 X-53.47588 Y10.08148
G01 X-53.47497 Y10.10503
G01 X-53.47497 Y12.00002
G01 X-53.50360 Y12.02809
G01 X-53.47497 Y12.00002
G01 X-53.22498 Y12.00002
G01 X-53.19557 Y12.00145
G01 X-53.14680 Y12.00627
G01 X-53.11769 Y12.01059
G01 X-53.08912 Y12.01773
G01 X-53.04223 Y12.03195
G01 X-52.98790 Y12.05446
G01 X-52.94467 Y12.07757
G01 X-52.91942 Y12.09271
G01 X-52.89577 Y12.11023
G01 X-52.85790 Y12.14132
G01 X-52.81630 Y12.18293
G01 X-52.78521 Y12.22080
G01 X-52.76768 Y12.24445
G01 X-52.75254 Y12.26969
G01 X-52.72943 Y12.31293
G01 X-52.70784 Y12.36510
G01 X-52.71112 Y12.39863
G01 X-52.70614 Y12.34795
G01 X-52.70263 Y12.28902
G01 X-52.70220 Y12.27071
G01 X-52.70215 Y12.26916
G01 X-52.69910 Y12.21196
G01 X-52.69900 Y12.21046
G01 X-52.69781 Y12.19639
G01 X-52.69684 Y12.17229
G01 X-52.70791 Y12.15735
G01 X-52.73900 Y12.11948
G01 X-52.79445 Y12.06403
G01 X-52.83235 Y12.03294
G01 X-52.86387 Y12.00955
G01 X-52.89753 Y11.98938
G01 X-52.94076 Y11.96627
G01 X-53.01320 Y11.93627
G01 X-53.06011 Y11.92205
G01 X-53.09819 Y11.91249
G01 X-53.13700 Y11.90675
G01 X-53.18579 Y11.90193
G01 X-53.22498 Y11.90002
G01 X-53.37497 Y11.90002
G01 X-53.40327 Y11.92753
G01 X-53.37497 Y11.90002
G01 X-53.37497 Y10.10503
G01 X-53.37619 Y10.07364
G01 X-53.39161 Y9.87806
G01 X-53.40141 Y9.81603
G01 X-53.44723 Y9.62528
G01 X-53.46664 Y9.56556
G01 X-53.49565 Y9.49553
G01 X-53.52117 Y9.41141
G01 X-53.55117 Y9.33897
G01 X-53.67131 Y9.11420
G01 X-53.71487 Y9.04903
G01 X-53.87654 Y8.85202
G01 X-53.93199 Y8.79658
G01 X-54.12899 Y8.63490
G01 X-54.19420 Y8.59134
G01 X-54.41894 Y8.47120
G01 X-54.45442 Y8.45441
G01 X-54.49138 Y8.44120
G01 X-54.73527 Y8.36721
G01 X-54.81215 Y8.35192
G01 X-55.06577 Y8.32693
G01 X-55.14421 Y8.32693
G01 X-55.39780 Y8.35192
G01 X-55.47471 Y8.36721
G01 X-55.69567 Y8.43422
G01 X-55.48185 Y8.30605
G01 X-55.38909 Y8.25657
G01 X-55.37306 Y8.24898
G01 X-55.15399 Y8.22741
G01 X-55.10499 Y8.22502
G01 X-55.05597 Y8.22741
G01 X-54.80237 Y8.25241
G01 X-54.70623 Y8.27153
G01 X-54.46234 Y8.34550
G01 X-54.41617 Y8.36203
G01 X-54.37179 Y8.38301
G01 X-54.14705 Y8.50313
G01 X-54.06554 Y8.55759
G01 X-53.86854 Y8.71926
G01 X-53.79925 Y8.78857
G01 X-53.63758 Y8.98558
G01 X-53.58312 Y9.06709
G01 X-53.46298 Y9.29182
G01 X-53.42549 Y9.38238
G01 X-53.40139 Y9.46180
G01 X-53.37423 Y9.52728
G01 X-53.35000 Y9.60193
G01 X-53.30418 Y9.79269
G01 X-53.29191 Y9.87021
G01 X-53.27652 Y10.06579
G01 X-53.27497 Y10.10503
G01 X-53.27497 Y11.80002
G01 X-53.30255 Y11.82629
G01 X-53.27497 Y11.80002
G01 X-53.22498 Y11.80002
G01 X-53.17599 Y11.80241
G01 X-53.12722 Y11.80721
G01 X-53.07868 Y11.81443
G01 X-53.03108 Y11.82634
G01 X-52.98417 Y11.84056
G01 X-52.89361 Y11.87808
G01 X-52.85041 Y11.90119
G01 X-52.80832 Y11.92641
G01 X-52.76890 Y11.95565
G01 X-52.73100 Y11.98674
G01 X-52.69471 Y12.02301
G01 X-52.69717 Y11.94884
G01 X-52.70085 Y11.89225
G01 X-52.70090 Y11.89131
G01 X-52.70134 Y11.88168
G01 X-52.70545 Y11.87833
G01 X-52.75275 Y11.84325
G01 X-52.80327 Y11.81300
G01 X-52.84647 Y11.78989
G01 X-52.95513 Y11.74488
G01 X-53.00205 Y11.73066
G01 X-53.05917 Y11.71636
G01 X-53.11741 Y11.70769
G01 X-53.16618 Y11.70289
G01 X-53.17497 Y11.70246
G01 X-53.19786 Y11.72136
G01 X-53.17497 Y11.70246
G01 X-53.17497 Y10.10503
G01 X-53.17682 Y10.05794
G01 X-53.19222 Y9.86236
G01 X-53.20695 Y9.76934
G01 X-53.25274 Y9.57856
G01 X-53.28185 Y9.48903
G01 X-53.30713 Y9.42807
G01 X-53.32978 Y9.35334
G01 X-53.37479 Y9.24468
G01 X-53.49493 Y9.01994
G01 X-53.56026 Y8.92213
G01 X-53.72193 Y8.72515
G01 X-53.80512 Y8.64197
G01 X-54.00212 Y8.48029
G01 X-54.09991 Y8.41494
G01 X-54.32465 Y8.29482
G01 X-54.37789 Y8.26965
G01 X-54.43334 Y8.24981
G01 X-54.51848 Y8.22396
G01 X-54.67575 Y8.20064
G01 X-54.79488 Y8.18888
G01 X-55.04728 Y8.17649
G01 X-55.16267 Y8.17649
G01 X-55.22638 Y8.17961
G01 X-55.37306 Y8.24898
G01 X-55.38909 Y8.25657
G01 X-55.48185 Y8.30605
G01 X-55.69567 Y8.43422
G01 X-55.70506 Y8.43986
G01 X-55.77563 Y8.48697
G01 X-55.98063 Y8.63897
G01 X-56.03768 Y8.68578
G01 X-56.22490 Y8.85548
G01 X-56.27453 Y8.90511
G01 X-56.44423 Y9.09236
G01 X-56.49099 Y9.14936
G01 X-56.64301 Y9.35433
G01 X-56.69015 Y9.42495
G01 X-56.69574 Y9.43427
G01 X-56.82396 Y9.64816
G01 X-56.87344 Y9.74092
G01 X-56.88101 Y9.75690
G01 X-56.98809 Y9.98336
G01 X-57.00493 Y10.02413
G01 X-57.04047 Y10.11016
G01 X-57.08713 Y10.24059
G01 X-57.07664 Y10.34725
G01 X-57.04987 Y10.48184
G01 X-56.97588 Y10.72571
G01 X-56.97496 Y10.72827
G01 X-56.97390 Y10.72812
G01 X-56.97496 Y10.72827
G01 X-56.97496 Y15.28610
G01 X-56.97158 Y15.35473
G01 X-56.94758 Y15.59859
G01 X-56.92081 Y15.73316
G01 X-56.84966 Y15.96766
G01 X-56.79716 Y16.09443
G01 X-56.68164 Y16.31053
G01 X-56.60542 Y16.42463
G01 X-56.44997 Y16.61406
G01 X-56.40384 Y16.66496
G01 X-53.01495 Y20.05391
G01 X-52.97459 Y20.09122
G01 X-52.82542 Y20.21860
G01 X-52.73657 Y20.28317
G01 X-52.56931 Y20.38566
G01 X-52.47144 Y20.43552
G01 X-52.29024 Y20.51060
G01 X-52.18577 Y20.54453
G01 X-51.99504 Y20.59033
G01 X-51.88653 Y20.60750
G01 X-51.81168 Y20.61339
G01 X-51.80340 Y20.60199
G01 X-51.81168 Y20.61339
G01 X-51.80268 Y20.63856
G01 X-51.77330 Y20.70067
G01 X-51.75021 Y20.74387
G01 X-51.67396 Y20.85797
G01 X-51.64287 Y20.89587
G01 X-51.59674 Y20.94677
G01 X-51.54584 Y20.99289
G01 X-51.50794 Y21.02398
G01 X-51.45277 Y21.06490
G01 X-51.39385 Y21.10023
G01 X-51.35064 Y21.12332
G01 X-51.22387 Y21.17585
G01 X-51.17696 Y21.19007
G01 X-51.11033 Y21.20676
G01 X-51.04236 Y21.21685
G01 X-50.99359 Y21.22165
G01 X-50.92499 Y21.22502
G01 X-51.36517 Y21.22502
G01 X-51.39778 Y21.21151
G01 X-51.44099 Y21.18842
G01 X-51.50832 Y21.14806
G01 X-51.57139 Y21.10130
G01 X-51.60929 Y21.07019
G01 X-51.66745 Y21.01748
G01 X-51.72016 Y20.95931
G01 X-51.75127 Y20.92142
G01 X-51.83840 Y20.79101
G01 X-51.86149 Y20.74781
G01 X-51.88018 Y20.70831
G01 X-51.87487 Y20.70079
G01 X-51.88018 Y20.70831
G01 X-51.89438 Y20.70719
G01 X-52.01838 Y20.68756
G01 X-52.20911 Y20.64176
G01 X-52.32849 Y20.60298
G01 X-52.50972 Y20.52792
G01 X-52.62158 Y20.47092
G01 X-52.78881 Y20.36843
G01 X-52.89036 Y20.29467
G01 X-53.03954 Y20.16724
G01 X-53.08566 Y20.12462
G01 X-56.47456 Y16.73573
G01 X-56.52726 Y16.67751
G01 X-56.68271 Y16.48808
G01 X-56.76986 Y16.35767
G01 X-56.88535 Y16.14162
G01 X-56.94537 Y15.99669
G01 X-57.01649 Y15.76219
G01 X-57.04710 Y15.60837
G01 X-57.07113 Y15.36453
G01 X-57.07496 Y15.28610
G01 X-57.07496 Y10.74359
G01 X-57.07402 Y10.74346
G01 X-57.07496 Y10.74359
G01 X-57.14555 Y10.51085
G01 X-57.15772 Y10.44976
G01 X-57.18858 Y10.55192
G01 X-57.21073 Y10.64046
G01 X-57.17496 Y10.75842
G01 X-57.17390 Y10.75824
G01 X-57.17496 Y10.75842
G01 X-57.17496 Y15.28610
G01 X-57.17064 Y15.37434
G01 X-57.14662 Y15.61820
G01 X-57.11220 Y15.79123
G01 X-57.04105 Y16.02575
G01 X-56.97354 Y16.18874
G01 X-56.85805 Y16.40487
G01 X-56.76003 Y16.55158
G01 X-56.60458 Y16.74093
G01 X-56.54525 Y16.80641
G01 X-55.77550 Y17.57614
G01 X-56.00169 Y17.45719
G01 X-56.00583 Y17.45526
G01 X-56.06044 Y17.43263
G01 X-56.61596 Y16.87710
G01 X-56.68187 Y16.80438
G01 X-56.83732 Y16.61500
G01 X-56.94624 Y16.45198
G01 X-57.06173 Y16.23588
G01 X-57.13676 Y16.05478
G01 X-57.20788 Y15.82028
G01 X-57.24613 Y15.62798
G01 X-57.27016 Y15.38412
G01 X-57.27496 Y15.28610
G01 X-57.27496 Y10.85550
G01 X-57.25015 Y10.79558
G01 X-57.24783 Y10.78860
G01 X-57.21073 Y10.64046
G01 X-57.18858 Y10.55192
G01 X-57.15772 Y10.44976
G01 X-57.13463 Y10.37328
G01 X-57.08713 Y10.24059
G01 X-57.04047 Y10.11016
G01 X-57.00493 Y10.02413
G01 X-57.00499 Y10.02502
G01 X-57.00209 Y10.08382
G01 X-56.97712 Y10.33744
G01 X-56.95416 Y10.45281
G01 X-56.88020 Y10.69667
G01 X-56.87496 Y10.71128
G01 X-56.87407 Y10.71118
G01 X-56.87496 Y10.71128
G01 X-56.87496 Y15.28610
G01 X-56.87207 Y15.34492
G01 X-56.84806 Y15.58884
G01 X-56.82510 Y15.70413
G01 X-56.75398 Y15.93862
G01 X-56.70897 Y16.04728
G01 X-56.59345 Y16.26341
G01 X-56.52813 Y16.36120
G01 X-56.37268 Y16.55061
G01 X-56.33313 Y16.59425
G01 X-52.94424 Y19.98319
G01 X-52.90964 Y20.01517
G01 X-52.76049 Y20.14255
G01 X-52.68432 Y20.19790
G01 X-52.51706 Y20.30039
G01 X-52.43319 Y20.34314
G01 X-52.25196 Y20.41819
G01 X-52.16242 Y20.44730
G01 X-51.97170 Y20.49310
G01 X-51.87871 Y20.50780
G01 X-51.73799 Y20.51888
G01 X-51.72859 Y20.50620
G01 X-51.73799 Y20.51888
G01 X-51.73012 Y20.54486
G01 X-51.71028 Y20.60029
G01 X-51.68511 Y20.65352
G01 X-51.66202 Y20.69675
G01 X-51.59666 Y20.79454
G01 X-51.56558 Y20.83242
G01 X-51.52603 Y20.87605
G01 X-51.48239 Y20.91560
G01 X-51.44452 Y20.94669
G01 X-51.39722 Y20.98177
G01 X-51.34673 Y21.01204
G01 X-51.30350 Y21.03513
G01 X-51.19484 Y21.08014
G01 X-51.14792 Y21.09437
G01 X-51.09082 Y21.10869
G01 X-51.03258 Y21.11733
G01 X-50.98379 Y21.12213
G01 X-50.92499 Y21.12502
G01 X-49.62499 Y21.12502
G01 X-49.56619 Y21.12213
G01 X-49.51740 Y21.11733
G01 X-49.45915 Y21.10869
G01 X-49.40205 Y21.09437
G01 X-49.35514 Y21.08014
G01 X-49.24648 Y21.03513
G01 X-49.20325 Y21.01204
G01 X-49.15275 Y20.98177
G01 X-49.10546 Y20.94669
G01 X-49.06759 Y20.91560
G01 X-49.02395 Y20.87605
G01 X-48.98440 Y20.83242
G01 X-48.95331 Y20.79454
G01 X-48.88796 Y20.69675
G01 X-48.86487 Y20.65352
G01 X-48.83970 Y20.60029
G01 X-48.81986 Y20.54486
G01 X-48.81384 Y20.52505
G01 X-48.82558 Y20.50780
G01 X-48.81384 Y20.52505
G01 X-47.02497 Y20.52505
G01 X-46.96617 Y20.52216
G01 X-46.72230 Y20.49815
G01 X-46.66406 Y20.48952
G01 X-46.60694 Y20.47519
G01 X-46.37247 Y20.40412
G01 X-46.26378 Y20.35909
G01 X-46.04768 Y20.24354
G01 X-45.99718 Y20.21327
G01 X-45.94989 Y20.17819
G01 X-45.76046 Y20.02274
G01 X-45.67730 Y19.93961
G01 X-45.52185 Y19.75015
G01 X-45.48677 Y19.70285
G01 X-45.45649 Y19.65236
G01 X-45.34098 Y19.43625
G01 X-45.29597 Y19.32759
G01 X-45.22485 Y19.09310
G01 X-45.21052 Y19.03598
G01 X-45.20188 Y18.97773
G01 X-45.17788 Y18.73387
G01 X-45.17499 Y18.67507
G01 X-45.17788 Y18.61624
G01 X-45.07836 Y18.60646
G01 X-45.07674 Y18.60316
G01 X-45.07496 Y18.67565
G01 X-45.07496 Y18.73415
G01 X-45.07504 Y18.74852
G01 X-45.07682 Y18.93057
G01 X-45.07682 Y18.93156
G01 X-45.07613 Y18.99561
G01 X-45.07610 Y18.99666
G01 X-45.07428 Y19.05500
G01 X-45.07420 Y19.15317
G01 X-45.07720 Y19.25520
G01 X-45.07722 Y19.25723
G01 X-45.07684 Y19.29419
G01 X-45.07577 Y19.39828
G01 X-45.07572 Y19.40021
G01 X-45.07519 Y19.41088
G01 X-45.07534 Y19.57512
G01 X-45.07641 Y19.57766
G01 X-45.19193 Y19.79378
G01 X-45.23732 Y19.86955
G01 X-45.28995 Y19.94047
G01 X-45.44539 Y20.12990
G01 X-45.57013 Y20.25467
G01 X-45.75957 Y20.41009
G01 X-45.83051 Y20.46272
G01 X-45.90625 Y20.50811
G01 X-46.12238 Y20.62363
G01 X-46.28537 Y20.69114
G01 X-46.51987 Y20.76229
G01 X-46.60554 Y20.78375
G01 X-46.69292 Y20.79670
G01 X-46.93676 Y20.82073
G01 X-47.02497 Y20.82505
G01 X-48.61638 Y20.82505
G01 X-48.62243 Y20.81357
G01 X-48.61638 Y20.82505
G01 X-48.62339 Y20.83816
G01 X-48.72141 Y20.98487
G01 X-48.75250 Y21.02274
G01 X-48.81181 Y21.08819
G01 X-48.87726 Y21.14750
G01 X-48.91514 Y21.17859
G01 X-48.97775 Y21.22502
G01 X-48.81409 Y21.22502
G01 X-48.81382 Y21.22480
G01 X-48.74110 Y21.15891
G01 X-48.67521 Y21.08619
G01 X-48.64412 Y21.04829
G01 X-48.56177 Y20.92505
G01 X-48.56759 Y20.91382
G01 X-48.56177 Y20.92505
G01 X-47.02497 Y20.92505
G01 X-46.92698 Y20.92025
G01 X-46.68311 Y20.89622
G01 X-46.58603 Y20.88182
G01 X-46.49083 Y20.85797
G01 X-46.25634 Y20.78685
G01 X-46.07524 Y20.71182
G01 X-45.85914 Y20.59632
G01 X-45.77496 Y20.54585
G01 X-45.69612 Y20.48741
G01 X-45.50671 Y20.33196
G01 X-45.36808 Y20.19333
G01 X-45.21263 Y20.00392
G01 X-45.15418 Y19.92508
G01 X-45.10371 Y19.84090
G01 X-45.07712 Y19.79114
G01 X-45.07438 Y19.88418
G01 X-45.07397 Y19.98464
G01 X-45.13534 Y20.06734
G01 X-45.29078 Y20.25678
G01 X-45.44326 Y20.40928
G01 X-45.63269 Y20.56470
G01 X-45.71938 Y20.62901
G01 X-45.81199 Y20.68451
G01 X-46.02810 Y20.80001
G01 X-46.22731 Y20.88253
G01 X-46.46180 Y20.95368
G01 X-46.56653 Y20.97989
G01 X-46.67331 Y20.99574
G01 X-46.91717 Y21.01977
G01 X-47.02497 Y21.02505
G01 X-48.50889 Y21.02505
G01 X-48.51377 Y21.01502
G01 X-48.50889 Y21.02505
G01 X-48.56680 Y21.11174
G01 X-48.59789 Y21.14961
G01 X-48.66624 Y21.22502
G01 X-48.81409 Y21.22502
G01 X-48.97775 Y21.22502
G01 X-49.18481 Y21.22502
G01 X-49.62499 Y21.22502
G01 X-50.92499 Y21.22502
G01 X-51.36517 Y21.22502
G01 X-51.57223 Y21.22502
G01 X-51.73588 Y21.22502
G01 X-51.88374 Y21.22502
G01 X-51.95209 Y21.14961
G01 X-51.98318 Y21.11174
G01 X-52.06969 Y20.98223
G01 X-52.06542 Y20.97603
G01 X-52.06969 Y20.98223
G01 X-52.08841 Y20.97928
G01 X-52.27914 Y20.93348
G01 X-52.44330 Y20.88014
G01 X-52.62453 Y20.80509
G01 X-52.77832 Y20.72670
G01 X-52.94556 Y20.62421
G01 X-53.08521 Y20.52276
G01 X-53.23436 Y20.39541
G01 X-53.29778 Y20.33674
G01 X-54.83257 Y18.80194
G01 X-54.93257 Y18.56051
G01 X-54.95521 Y18.50593
G01 X-54.95714 Y18.50174
G01 X-55.07608 Y18.27555
G01 X-54.95714 Y18.50174
G01 X-54.95521 Y18.50593
G01 X-54.93257 Y18.56051
G01 X-53.22707 Y20.26602
G01 X-53.16941 Y20.31939
G01 X-53.02026 Y20.44672
G01 X-52.89331 Y20.53897
G01 X-52.72608 Y20.64146
G01 X-52.58625 Y20.71268
G01 X-52.40505 Y20.78776
G01 X-52.25579 Y20.83625
G01 X-52.06507 Y20.88202
G01 X-52.01127 Y20.89056
G01 X-52.00751 Y20.88517
G01 X-52.01127 Y20.89056
G01 X-51.90586 Y21.04829
G01 X-51.87477 Y21.08619
G01 X-51.80888 Y21.15891
G01 X-51.73616 Y21.22480
G01 X-51.73588 Y21.22502
G01 X-51.57223 Y21.22502
G01 X-51.63484 Y21.17859
G01 X-51.67271 Y21.14750
G01 X-51.73817 Y21.08819
G01 X-51.79748 Y21.02274
G01 X-51.82857 Y20.98487
G01 X-51.92659 Y20.83816
G01 X-51.94711 Y20.79978
G01 X-51.94266 Y20.79325
G01 X-51.94711 Y20.79978
G01 X-52.04172 Y20.78479
G01 X-52.23245 Y20.73899
G01 X-52.36677 Y20.69536
G01 X-52.54800 Y20.62030
G01 X-52.67383 Y20.55619
G01 X-52.84106 Y20.45370
G01 X-52.95531 Y20.37069
G01 X-53.10446 Y20.24329
G01 X-53.15635 Y20.19533
G01 X-55.07608 Y18.27555
G01 X-55.13354 Y18.16636
G01 X-55.13605 Y18.16209
G01 X-55.13565 Y18.16183
G01 X-55.13605 Y18.16209
G01 X-55.13897 Y18.15810
G01 X-55.36839 Y17.87570
G01 X-55.37182 Y17.87187
G01 X-55.37146 Y17.87151
G01 X-55.37182 Y17.87187
G01 X-55.37565 Y17.86841
G01 X-55.65805 Y17.63905
G01 X-55.66204 Y17.63616
G01 X-55.66178 Y17.63570
G01 X-55.66204 Y17.63616
G01 X-55.66630 Y17.63359
G01 X-55.77550 Y17.57614
G01 X-56.00169 Y17.45719
G01 X-56.00583 Y17.45526
G01 X-56.06044 Y17.43263
G01 X-56.30186 Y17.33263
G01 X-56.68667 Y16.94779
G01 X-56.75916 Y16.86781
G01 X-56.91461 Y16.67842
G01 X-57.03442 Y16.49913
G01 X-57.14994 Y16.28300
G01 X-57.23244 Y16.08376
G01 X-57.30359 Y15.84932
G01 X-57.34565 Y15.63779
G01 X-57.36968 Y15.39392
G01 X-57.37496 Y15.28610
G01 X-57.37496 Y11.09690
G01 X-57.27496 Y10.85550
G04 P0 ( dwell for no time -- G64 should not smooth over this point )
G00 Z5.00000 ( retract )

G00 X-43.89099 Y24.12139 ( rapid move to begin. )
G01 F150.00000
( Mill infeed pass 1/1 )
G01 Z-0.06000
G04 P0 ( dwell for no time -- G64 should not smooth over this point )
G01 F300.00000
G01 X-43.89099 Y24.12139
G01 X-43.94999 Y23.99002
G01 X-43.98428 Y23.96436
G01 X-43.99500 Y23.95004
G01 X-44.14331 Y23.89367
G01 X-43.99500 Y23.95004
G01 X-43.94999 Y23.95001
G01 X-43.94999 Y23.99002
G01 X-43.94999 Y23.95001
G01 X-43.92068 Y23.92073
G01 X-43.85000 Y23.85004
G01 X-44.15960 Y23.85004
G01 X-44.14331 Y23.89367
G01 X-44.12465 Y23.94371
G01 X-44.05574 Y24.03579
G01 X-43.96363 Y24.10470
G01 X-43.85416 Y24.14554
G01 X-43.85000 Y24.14600
G01 X-43.85000 Y23.85004
G04 P0 ( dwell for no time -- G64 should not smooth over this point )
G00 Z5.00000 ( retract )

G00 X-42.05495 Y23.95004 ( rapid move to begin. )
G01 F150.00000
( Mill infeed pass 1/1 )
G01 Z-0.06000
G04 P0 ( dwell for no time -- G64 should not smooth over this point )
G01 F300.00000
G01 X-42.05495 Y23.95004
G01 X-42.06567 Y23.96436
G01 X-42.09996 Y23.99004
G01 X-42.15899 Y24.12144
G01 X-42.09996 Y23.99004
G01 X-42.09996 Y23.95001
G01 X-42.12927 Y23.92073
G01 X-42.09996 Y23.95001
G01 X-42.05495 Y23.95004
G01 X-41.90664 Y23.89365
G01 X-41.92531 Y23.94369
G01 X-41.99425 Y24.03581
G01 X-42.08630 Y24.10472
G01 X-42.19577 Y24.14554
G01 X-42.19996 Y24.14600
G01 X-42.19996 Y23.85004
G01 X-41.89036 Y23.85004
G01 X-41.90664 Y23.89365
G04 P0 ( dwell for no time -- G64 should not smooth over this point )
G00 Z5.00000 ( retract )

G00 X-40.87497 Y25.59311 ( rapid move to begin. )
G01 F150.00000
( Mill infeed pass 1/1 )
G01 Z-0.06000
G04 P0 ( dwell for no time -- G64 should not smooth over this point )
G01 F300.00000
G01 X-40.87497 Y25.59311
G01 X-40.92684 Y25.50904
G01 X-40.92745 Y25.50934
G01 X-40.92684 Y25.50904
G01 X-40.96776 Y25.38559
G01 X-40.96892 Y25.38580
G01 X-40.96776 Y25.38559
G01 X-40.97499 Y25.31478
G01 X-40.97499 Y24.87503
G01 X-41.00520 Y24.84523
G01 X-40.97499 Y24.87503
G01 X-40.87499 Y24.87503
G01 X-40.84568 Y24.84572
G01 X-40.77499 Y24.77503
G01 X-41.07497 Y24.77503
G01 X-41.07497 Y25.31996
G01 X-41.06613 Y25.40665
G01 X-41.01807 Y25.55158
G01 X-40.93832 Y25.68092
G01 X-40.83087 Y25.78836
G01 X-40.81724 Y25.79677
G01 X-40.77499 Y25.82286
G01 X-40.77499 Y24.77503
G01 X-40.84568 Y24.84572
G01 X-40.87499 Y24.87503
G01 X-40.87497 Y25.59311
G01 X-40.81724 Y25.79677
G04 P0 ( dwell for no time -- G64 should not smooth over this point )
G00 Z5.00000 ( retract )

G00 X-38.73276 Y25.79680 ( rapid move to begin. )
G01 F150.00000
( Mill infeed pass 1/1 )
G01 Z-0.06000
G04 P0 ( dwell for no time -- G64 should not smooth over this point )
G01 F300.00000
G01 X-38.73276 Y25.79680
G01 X-38.67497 Y25.59314
G01 X-38.62311 Y25.50904
G01 X-38.62250 Y25.50932
G01 X-38.62311 Y25.50904
G01 X-38.58221 Y25.38559
G01 X-38.58104 Y25.38580
G01 X-38.58221 Y25.38559
G01 X-38.57500 Y25.31483
G01 X-38.57500 Y24.87503
G01 X-38.54477 Y24.84523
G01 X-38.47500 Y24.77503
G01 X-38.47500 Y25.31991
G01 X-38.48384 Y25.40668
G01 X-38.53187 Y25.55158
G01 X-38.61165 Y25.68092
G01 X-38.71907 Y25.78836
G01 X-38.73276 Y25.79680
G01 X-38.77500 Y25.82286
G01 X-38.77500 Y24.77503
G01 X-38.47500 Y24.77503
G01 X-38.54477 Y24.84523
G01 X-38.57500 Y24.87503
G01 X-38.67497 Y24.87503
G01 X-38.70429 Y24.84572
G01 X-38.67497 Y24.87503
G01 X-38.67497 Y25.59314
G04 P0 ( dwell for no time -- G64 should not smooth over this point )
G00 Z5.00000 ( retract )

G00 X-34.37498 Y25.59311 ( rapid move to begin. )
G01 F150.00000
( Mill infeed pass 1/1 )
G01 Z-0.06000
G04 P0 ( dwell for no time -- G64 should not smooth over this point )
G01 F300.00000
G01 X-34.37498 Y25.59311
G01 X-34.37498 Y24.87503
G01 X-34.34570 Y24.84572
G01 X-34.27498 Y24.77503
G01 X-34.57496 Y24.77503
G01 X-34.57496 Y25.31996
G01 X-34.56612 Y25.40665
G01 X-34.51809 Y25.55158
G01 X-34.43830 Y25.68092
G01 X-34.33086 Y25.78836
G01 X-34.31722 Y25.79677
G01 X-34.27498 Y25.82286
G01 X-34.27498 Y24.77503
G01 X-34.34570 Y24.84572
G01 X-34.37498 Y24.87503
G01 X-34.47498 Y24.87503
G01 X-34.50518 Y24.84523
G01 X-34.47498 Y24.87503
G01 X-34.47496 Y25.31483
G01 X-34.46774 Y25.38559
G01 X-34.46891 Y25.38580
G01 X-34.46774 Y25.38559
G01 X-34.42685 Y25.50904
G01 X-34.42746 Y25.50932
G01 X-34.42685 Y25.50904
G01 X-34.37498 Y25.59311
G01 X-34.31722 Y25.79677
G04 P0 ( dwell for no time -- G64 should not smooth over this point )
G00 Z5.00000 ( retract )

G00 X-32.23275 Y25.79680 ( rapid move to begin. )
G01 F150.00000
( Mill infeed pass 1/1 )
G01 Z-0.06000
G04 P0 ( dwell for no time -- G64 should not smooth over this point )
G01 F300.00000
G01 X-32.23275 Y25.79680
G01 X-32.17496 Y25.59314
G01 X-32.12309 Y25.50904
G01 X-32.12248 Y25.50934
G01 X-32.12309 Y25.50904
G01 X-32.08220 Y25.38559
G01 X-32.08103 Y25.38580
G01 X-32.08220 Y25.38559
G01 X-32.07496 Y25.31478
G01 X-32.07499 Y24.87503
G01 X-32.04476 Y24.84523
G01 X-31.97499 Y24.77503
G01 X-31.97499 Y25.31991
G01 X-31.98383 Y25.40668
G01 X-32.03186 Y25.55158
G01 X-32.11164 Y25.68092
G01 X-32.21906 Y25.78836
G01 X-32.23275 Y25.79680
G01 X-32.27499 Y25.82286
G01 X-32.27499 Y24.77503
G01 X-31.97499 Y24.77503
G01 X-32.04476 Y24.84523
G01 X-32.07499 Y24.87503
G01 X-32.17499 Y24.87503
G01 X-32.20427 Y24.84572
G01 X-32.17499 Y24.87503
G01 X-32.17496 Y25.59314
G04 P0 ( dwell for no time -- G64 should not smooth over this point )
G00 Z5.00000 ( retract )

G00 X-30.89097 Y24.12141 ( rapid move to begin. )
G01 F150.00000
( Mill infeed pass 1/1 )
G01 Z-0.06000
G04 P0 ( dwell for no time -- G64 should not smooth over this point )
G01 F300.00000
G01 X-30.89097 Y24.12141
G01 X-30.95000 Y23.99002
G01 X-30.98429 Y23.96434
G01 X-30.99500 Y23.95004
G01 X-31.14331 Y23.89367
G01 X-30.99500 Y23.95004
G01 X-30.95000 Y23.95001
G01 X-30.95000 Y23.99002
G01 X-30.95000 Y23.95001
G01 X-30.92068 Y23.92073
G01 X-30.85000 Y23.85004
G01 X-31.15960 Y23.85004
G01 X-31.14331 Y23.89367
G01 X-31.12467 Y23.94369
G01 X-31.05574 Y24.03579
G01 X-30.96364 Y24.10470
G01 X-30.85416 Y24.14554
G01 X-30.85000 Y24.14600
G01 X-30.85000 Y23.85004
G04 P0 ( dwell for no time -- G64 should not smooth over this point )
G00 Z5.00000 ( retract )

G00 X-29.05495 Y23.95004 ( rapid move to begin. )
G01 F150.00000
( Mill infeed pass 1/1 )
G01 Z-0.06000
G04 P0 ( dwell for no time -- G64 should not smooth over this point )
G01 F300.00000
G01 X-29.05495 Y23.95004
G01 X-29.06567 Y23.96436
G01 X-29.09996 Y23.99004
G01 X-29.15899 Y24.12144
G01 X-29.09996 Y23.99004
G01 X-29.09996 Y23.95001
G01 X-29.12927 Y23.92073
G01 X-29.09996 Y23.95001
G01 X-29.05495 Y23.95004
G01 X-28.90664 Y23.89365
G01 X-28.92531 Y23.94369
G01 X-28.99422 Y24.03579
G01 X-29.08630 Y24.10470
G01 X-29.19577 Y24.14554
G01 X-29.19999 Y24.14600
G01 X-29.19996 Y23.85004
G01 X-28.89036 Y23.85004
G01 X-28.90664 Y23.89365
G04 P0 ( dwell for no time -- G64 should not smooth over this point )
G00 Z5.00000 ( retract )

G00 X-27.14332 Y23.89365 ( rapid move to begin. )
G01 F150.00000
( Mill infeed pass 1/1 )
G01 Z-0.06000
G04 P0 ( dwell for no time -- G64 should not smooth over this point )
G01 F300.00000
G01 X-27.14332 Y23.89365
G01 X-27.15960 Y23.85004
G01 X-26.84998 Y23.85004
G01 X-26.84995 Y24.14600
G01 X-26.85417 Y24.14554
G01 X-26.96364 Y24.10470
G01 X-27.05572 Y24.03579
G01 X-27.12465 Y23.94369
G01 X-27.14332 Y23.89365
G01 X-26.99499 Y23.95004
G01 X-26.94998 Y23.95001
G01 X-26.92067 Y23.92073
G01 X-26.94998 Y23.95001
G01 X-26.94998 Y23.99004
G01 X-26.94998 Y23.95001
G01 X-26.99499 Y23.95004
G01 X-26.98427 Y23.96436
G01 X-26.94998 Y23.99004
G01 X-26.89095 Y24.12144
G01 X-26.84995 Y24.14600
G04 P0 ( dwell for no time -- G64 should not smooth over this point )
G00 Z5.00000 ( retract )

G00 X-25.05493 Y23.95004 ( rapid move to begin. )
G01 F150.00000
( Mill infeed pass 1/1 )
G01 Z-0.06000
G04 P0 ( dwell for no time -- G64 should not smooth over this point )
G01 F300.00000
G01 X-25.05493 Y23.95004
G01 X-25.06565 Y23.96434
G01 X-25.09997 Y23.99004
G01 X-25.15900 Y24.12141
G01 X-25.09997 Y23.99004
G01 X-25.09997 Y23.95001
G01 X-25.12928 Y23.92073
G01 X-25.09997 Y23.95001
G01 X-25.05493 Y23.95004
G01 X-24.90662 Y23.89365
G01 X-24.92529 Y23.94369
G01 X-24.99423 Y24.03579
G01 X-25.08630 Y24.10472
G01 X-25.19578 Y24.14554
G01 X-25.19999 Y24.14600
G01 X-25.19997 Y23.85004
G01 X-24.89034 Y23.85004
G01 X-24.90662 Y23.89365
G04 P0 ( dwell for no time -- G64 should not smooth over this point )
G00 Z5.00000 ( retract )

G00 X-23.87498 Y25.59311 ( rapid move to begin. )
G01 F150.00000
( Mill infeed pass 1/1 )
G01 Z-0.06000
G04 P0 ( dwell for no time -- G64 should not smooth over this point )
G01 F300.00000
G01 X-23.87498 Y25.59311
G01 X-23.87498 Y24.87503
G01 X-23.84569 Y24.84572
G01 X-23.77498 Y24.77503
G01 X-24.07495 Y24.77503
G01 X-24.07495 Y25.31996
G01 X-24.06611 Y25.40668
G01 X-24.01808 Y25.55158
G01 X-23.93830 Y25.68092
G01 X-23.83088 Y25.78836
G01 X-23.81719 Y25.79680
G01 X-23.77498 Y25.82286
G01 X-23.77498 Y24.77503
G01 X-23.84569 Y24.84572
G01 X-23.87498 Y24.87503
G01 X-23.97495 Y24.87503
G01 X-24.00518 Y24.84523
G01 X-23.97495 Y24.87503
G01 X-23.97495 Y25.31483
G01 X-23.96774 Y25.38562
G01 X-23.96891 Y25.38582
G01 X-23.96774 Y25.38562
G01 X-23.92684 Y25.50904
G01 X-23.92745 Y25.50932
G01 X-23.92684 Y25.50904
G01 X-23.87498 Y25.59311
G01 X-23.81719 Y25.79680
G04 P0 ( dwell for no time -- G64 should not smooth over this point )
G00 Z5.00000 ( retract )

G00 X-21.70815 Y28.12989 ( rapid move to begin. )
G01 F150.00000
( Mill infeed pass 1/1 )
G01 Z-0.06000
G04 P0 ( dwell for no time -- G64 should not smooth over this point )
G01 F300.00000
G01 X-21.70815 Y28.12989
G01 X-21.80815 Y28.12989
G01 X-21.84958 Y28.12989
G01 X-21.89129 Y28.17159
G01 X-21.84958 Y28.12989
G01 X-21.92426 Y28.05521
G01 X-22.02896 Y27.87680
G01 X-22.01598 Y27.82206
G01 X-21.70815 Y28.12989
G01 X-21.91542 Y28.33713
G01 X-21.92756 Y28.32222
G01 X-21.99609 Y28.18577
G01 X-22.03114 Y28.03791
G01 X-22.03114 Y27.88597
G01 X-22.02896 Y27.87680
G01 X-21.92426 Y28.05521
G01 X-21.90147 Y28.15132
G01 X-21.89129 Y28.17159
G01 X-21.91588 Y28.26601
G04 P0 ( dwell for no time -- G64 should not smooth over this point )
G00 Z5.00000 ( retract )

G00 X-20.55515 Y29.42432 ( rapid move to begin. )
G01 F150.00000
( Mill infeed pass 1/1 )
G01 Z-0.06000
G04 P0 ( dwell for no time -- G64 should not smooth over this point )
G01 F300.00000
G01 X-20.55515 Y29.42432
G01 X-20.62982 Y29.34965
G01 X-20.62982 Y29.30822
G01 X-20.62982 Y29.34965
G01 X-20.67156 Y29.39135
G01 X-20.76599 Y29.41594
G01 X-20.67156 Y29.39135
G01 X-20.65131 Y29.40154
G01 X-20.55515 Y29.42432
G01 X-20.37674 Y29.52902
G01 X-20.38591 Y29.53120
G01 X-20.53785 Y29.53118
G01 X-20.68573 Y29.49615
G01 X-20.82215 Y29.42762
G01 X-20.83709 Y29.41546
G01 X-20.62982 Y29.20822
G01 X-20.32200 Y29.51604
G01 X-20.37674 Y29.52902
G04 P0 ( dwell for no time -- G64 should not smooth over this point )
G00 Z5.00000 ( retract )

G00 X-34.72253 Y38.48910 ( rapid move to begin. )
G01 F150.00000
( Mill infeed pass 1/1 )
G01 Z-0.06000
G04 P0 ( dwell for no time -- G64 should not smooth over this point )
G01 F300.00000
G01 X-34.72253 Y38.48910
G01 X-34.78397 Y38.52593
G01 X-34.82720 Y38.54902
G01 X-34.97209 Y38.60904
G01 X-35.01900 Y38.62326
G01 X-35.17280 Y38.65387
G01 X-35.22156 Y38.65867
G01 X-35.30000 Y38.66250
G01 X-36.24998 Y38.66250
G01 X-36.32839 Y38.65867
G01 X-36.37716 Y38.65387
G01 X-36.44750 Y38.63987
G01 X-36.49014 Y38.58813
G01 X-36.52502 Y38.54109
G01 X-36.54226 Y38.51534
G01 X-36.50195 Y38.52755
G01 X-36.36738 Y38.55433
G01 X-36.31859 Y38.55915
G01 X-36.24998 Y38.56250
G01 X-35.30000 Y38.56250
G01 X-35.23137 Y38.55915
G01 X-35.18260 Y38.55433
G01 X-35.04801 Y38.52755
G01 X-35.00112 Y38.51333
G01 X-34.87435 Y38.46083
G01 X-34.83112 Y38.43771
G01 X-34.77219 Y38.40241
G01 X-34.72022 Y38.36385
G01 X-34.71974 Y38.34064
G01 X-34.71971 Y38.33980
G01 X-34.71544 Y38.22402
G01 X-34.71562 Y38.22865
G01 X-34.74257 Y38.25311
G01 X-34.78047 Y38.28420
G01 X-34.82776 Y38.31925
G01 X-34.87826 Y38.34953
G01 X-34.92149 Y38.37264
G01 X-35.03015 Y38.41765
G01 X-35.07704 Y38.43187
G01 X-35.19241 Y38.45481
G01 X-35.24117 Y38.45963
G01 X-35.30000 Y38.46251
G01 X-36.24998 Y38.46251
G01 X-36.30879 Y38.45963
G01 X-36.35758 Y38.45481
G01 X-36.47292 Y38.43187
G01 X-36.51983 Y38.41765
G01 X-36.62850 Y38.37264
G01 X-36.63916 Y38.36693
G01 X-36.64541 Y38.35651
G01 X-36.70752 Y38.24071
G01 X-36.72969 Y38.19385
G01 X-36.73368 Y38.18425
G01 X-36.70607 Y38.20688
G01 X-36.66667 Y38.23611
G01 X-36.62458 Y38.26134
G01 X-36.58135 Y38.28445
G01 X-36.49080 Y38.32194
G01 X-36.44391 Y38.33619
G01 X-36.34777 Y38.35529
G01 X-36.29901 Y38.36009
G01 X-36.24998 Y38.36251
G01 X-35.30000 Y38.36251
G01 X-35.25098 Y38.36009
G01 X-35.20221 Y38.35529
G01 X-35.10607 Y38.33619
G01 X-35.05918 Y38.32194
G01 X-34.96861 Y38.28445
G01 X-34.92540 Y38.26134
G01 X-34.88331 Y38.23611
G01 X-34.84389 Y38.20688
G01 X-34.80602 Y38.17579
G01 X-34.76965 Y38.14285
G01 X-34.73670 Y38.10647
G01 X-34.71219 Y38.07663
G01 X-34.71021 Y38.02687
G01 X-34.70932 Y37.98242
G01 X-34.70932 Y37.97223
G01 X-34.70932 Y37.97119
G01 X-34.70841 Y37.92669
G01 X-34.70836 Y37.92563
G01 X-34.70627 Y37.87569
G01 X-34.71626 Y37.89675
G01 X-34.73935 Y37.93998
G01 X-34.78291 Y38.00515
G01 X-34.81400 Y38.04305
G01 X-34.84036 Y38.07213
G01 X-34.86944 Y38.09850
G01 X-34.90734 Y38.12959
G01 X-34.93886 Y38.15296
G01 X-34.97254 Y38.17315
G01 X-35.01575 Y38.19626
G01 X-35.08821 Y38.22626
G01 X-35.13510 Y38.24048
G01 X-35.21201 Y38.25577
G01 X-35.26078 Y38.26058
G01 X-35.30000 Y38.26251
G01 X-36.24998 Y38.26251
G01 X-36.28920 Y38.26058
G01 X-36.33797 Y38.25577
G01 X-36.41488 Y38.24048
G01 X-36.46177 Y38.22626
G01 X-36.53421 Y38.19626
G01 X-36.57744 Y38.17315
G01 X-36.61110 Y38.15296
G01 X-36.64264 Y38.12959
G01 X-36.68051 Y38.09850
G01 X-36.70960 Y38.07213
G01 X-36.73596 Y38.04305
G01 X-36.76705 Y38.00515
G01 X-36.81061 Y37.93998
G01 X-36.82786 Y37.90769
G01 X-36.84437 Y37.82489
G01 X-36.85130 Y37.77825
G01 X-36.85918 Y37.69857
G01 X-36.86152 Y37.65153
G01 X-36.86248 Y37.61178
G01 X-36.86248 Y36.93828
G01 X-36.86152 Y36.89853
G01 X-36.85918 Y36.85148
G01 X-36.85130 Y36.77188
G01 X-36.84442 Y36.72535
G01 X-36.82786 Y36.64234
G01 X-36.82771 Y36.64150
G01 X-36.81602 Y36.59484
G01 X-36.78846 Y36.50424
G01 X-36.77178 Y36.45753
G01 X-36.73365 Y36.36579
G01 X-36.73340 Y36.36513
G01 X-36.70622 Y36.34051
G01 X-36.65638 Y36.29855
G01 X-36.64153 Y36.29698
G01 X-36.59014 Y36.29218
G01 X-36.63784 Y36.29665
G01 X-36.66667 Y36.31392
G01 X-36.70607 Y36.34313
G01 X-36.73365 Y36.36579
G01 X-36.70607 Y36.34313
G01 X-36.66667 Y36.31392
G01 X-36.63784 Y36.29665
G01 X-36.59014 Y36.29218
G01 X-36.49926 Y36.28755
G01 X-36.06484 Y36.28750
G01 X-36.05575 Y36.28750
G01 X-36.05573 Y36.28788
G01 X-36.05575 Y36.28750
G01 X-36.05146 Y36.28588
G01 X-35.50495 Y36.18588
G01 X-36.03746 Y36.38750
G01 X-36.03716 Y36.38908
G01 X-36.03746 Y36.38750
G01 X-36.24998 Y36.38750
G01 X-36.27940 Y36.38895
G01 X-36.32817 Y36.39375
G01 X-36.38585 Y36.40523
G01 X-36.43274 Y36.41946
G01 X-36.48707 Y36.44196
G01 X-36.53030 Y36.46507
G01 X-36.55555 Y36.48021
G01 X-36.57919 Y36.49774
G01 X-36.61709 Y36.52883
G01 X-36.63888 Y36.54862
G01 X-36.65867 Y36.57041
G01 X-36.68976 Y36.60831
G01 X-36.72242 Y36.65720
G01 X-36.74554 Y36.70043
G01 X-36.75811 Y36.72702
G01 X-36.76804 Y36.75476
G01 X-36.78227 Y36.80165
G01 X-36.78943 Y36.83023
G01 X-36.79375 Y36.85933
G01 X-36.79855 Y36.90810
G01 X-36.80000 Y36.93751
G01 X-36.80000 Y37.61252
G01 X-36.79855 Y37.64191
G01 X-36.79375 Y37.69070
G01 X-36.78943 Y37.71981
G01 X-36.78227 Y37.74836
G01 X-36.76804 Y37.79527
G01 X-36.75811 Y37.82298
G01 X-36.74554 Y37.84960
G01 X-36.72242 Y37.89283
G01 X-36.68976 Y37.94173
G01 X-36.65867 Y37.97960
G01 X-36.63888 Y38.00142
G01 X-36.61709 Y38.02118
G01 X-36.57919 Y38.05230
G01 X-36.55555 Y38.06982
G01 X-36.53030 Y38.08496
G01 X-36.48707 Y38.10805
G01 X-36.43274 Y38.13055
G01 X-36.38585 Y38.14480
G01 X-36.32817 Y38.15626
G01 X-36.27940 Y38.16106
G01 X-36.24998 Y38.16251
G01 X-35.30000 Y38.16251
G01 X-35.27059 Y38.16106
G01 X-35.22182 Y38.15626
G01 X-35.16413 Y38.14480
G01 X-35.11722 Y38.13055
G01 X-35.06289 Y38.10805
G01 X-35.01969 Y38.08496
G01 X-34.99441 Y38.06982
G01 X-34.97076 Y38.05230
G01 X-34.93289 Y38.02118
G01 X-34.91107 Y38.00142
G01 X-34.89131 Y37.97960
G01 X-34.86022 Y37.94173
G01 X-34.82753 Y37.89283
G01 X-34.80445 Y37.84960
G01 X-34.79185 Y37.82298
G01 X-34.78194 Y37.79527
G01 X-34.76772 Y37.74836
G01 X-34.76055 Y37.71981
G01 X-34.75624 Y37.69070
G01 X-34.75144 Y37.64191
G01 X-34.74999 Y37.61252
G01 X-34.74999 Y37.52286
G01 X-34.75255 Y37.52212
G01 X-34.74999 Y37.52286
G01 X-34.64674 Y37.33871
G01 X-34.54778 Y36.95989
G01 X-34.54745 Y36.95872
G01 X-34.54059 Y36.93485
G01 X-34.54656 Y36.95560
G01 X-34.84999 Y37.49675
G01 X-34.85268 Y37.49596
G01 X-34.84999 Y37.49675
G01 X-34.84999 Y37.61252
G01 X-34.85095 Y37.63213
G01 X-34.85575 Y37.68090
G01 X-34.85862 Y37.70030
G01 X-34.86340 Y37.71935
G01 X-34.87762 Y37.76624
G01 X-34.88425 Y37.78473
G01 X-34.89263 Y37.80246
G01 X-34.91572 Y37.84569
G01 X-34.93752 Y37.87828
G01 X-34.96861 Y37.91618
G01 X-34.98179 Y37.93071
G01 X-34.99634 Y37.94389
G01 X-35.03421 Y37.97498
G01 X-35.04999 Y37.98666
G01 X-35.06683 Y37.99677
G01 X-35.11003 Y38.01986
G01 X-35.14625 Y38.03487
G01 X-35.19317 Y38.04909
G01 X-35.23162 Y38.05674
G01 X-35.28039 Y38.06154
G01 X-35.30000 Y38.06251
G01 X-36.24998 Y38.06251
G01 X-36.26959 Y38.06154
G01 X-36.31836 Y38.05674
G01 X-36.35682 Y38.04909
G01 X-36.40371 Y38.03487
G01 X-36.43993 Y38.01986
G01 X-36.48316 Y37.99677
G01 X-36.50000 Y37.98666
G01 X-36.51577 Y37.97498
G01 X-36.55364 Y37.94389
G01 X-36.56820 Y37.93071
G01 X-36.58135 Y37.91618
G01 X-36.61247 Y37.87828
G01 X-36.63424 Y37.84569
G01 X-36.65735 Y37.80246
G01 X-36.66573 Y37.78473
G01 X-36.67234 Y37.76624
G01 X-36.68656 Y37.71935
G01 X-36.69134 Y37.70030
G01 X-36.69423 Y37.68090
G01 X-36.69903 Y37.63213
G01 X-36.70000 Y37.61252
G01 X-36.70000 Y36.93751
G01 X-36.69903 Y36.91791
G01 X-36.69423 Y36.86914
G01 X-36.69134 Y36.84973
G01 X-36.68656 Y36.83068
G01 X-36.67234 Y36.78379
G01 X-36.66573 Y36.76530
G01 X-36.65735 Y36.74757
G01 X-36.63424 Y36.70434
G01 X-36.61247 Y36.67173
G01 X-36.58135 Y36.63386
G01 X-36.56820 Y36.61930
G01 X-36.55364 Y36.60615
G01 X-36.51577 Y36.57503
G01 X-36.50000 Y36.56335
G01 X-36.48316 Y36.55326
G01 X-36.43993 Y36.53015
G01 X-36.40371 Y36.51516
G01 X-36.35682 Y36.50094
G01 X-36.31836 Y36.49327
G01 X-36.26959 Y36.48847
G01 X-36.24998 Y36.48750
G01 X-36.01915 Y36.48750
G01 X-36.01887 Y36.48910
G01 X-36.01915 Y36.48750
G01 X-34.93124 Y36.07559
G01 X-34.93000 Y36.07750
G01 X-34.93124 Y36.07559
G01 X-34.81969 Y35.96403
G01 X-34.81811 Y35.96508
G01 X-34.81969 Y35.96403
G01 X-34.44999 Y35.08872
G01 X-34.44803 Y35.08913
G01 X-34.44999 Y35.08872
G01 X-34.44999 Y34.89751
G01 X-34.44902 Y34.87790
G01 X-34.44422 Y34.82914
G01 X-34.44135 Y34.80973
G01 X-34.43658 Y34.79068
G01 X-34.42235 Y34.74379
G01 X-34.41572 Y34.72530
G01 X-34.40734 Y34.70757
G01 X-34.38423 Y34.66434
G01 X-34.36246 Y34.63175
G01 X-34.33137 Y34.59386
G01 X-34.31819 Y34.57930
G01 X-34.30363 Y34.56615
G01 X-34.26576 Y34.53506
G01 X-34.24999 Y34.52335
G01 X-34.23315 Y34.51326
G01 X-34.18994 Y34.49015
G01 X-34.15372 Y34.47516
G01 X-34.10681 Y34.46094
G01 X-34.06835 Y34.45327
G01 X-34.01959 Y34.44847
G01 X-33.99998 Y34.44750
G01 X-33.04999 Y34.44750
G01 X-33.03038 Y34.44847
G01 X-32.98161 Y34.45327
G01 X-32.94316 Y34.46094
G01 X-32.89627 Y34.47516
G01 X-32.88012 Y34.48184
G01 X-32.87844 Y34.48235
G01 X-32.86528 Y34.48799
G01 X-32.86005 Y34.49015
G01 X-32.85934 Y34.49053
G01 X-32.85784 Y34.49116
G01 X-32.18710 Y34.82431
G01 X-32.18746 Y34.83404
G01 X-32.18710 Y34.82431
G01 X-31.04949 Y34.35190
G01 X-31.04479 Y34.35030
G01 X-31.03859 Y34.34735
G01 X-31.02005 Y34.34072
G01 X-30.95188 Y34.32002
G01 X-31.07687 Y34.32004
G01 X-31.07788 Y34.32002
G01 X-31.08568 Y34.31987
G01 X-31.22919 Y34.31824
G01 X-32.18339 Y34.71448
G01 X-32.18370 Y34.72423
G01 X-32.18339 Y34.71448
G01 X-32.82086 Y34.39787
G01 X-32.86724 Y34.37946
G01 X-32.91413 Y34.36523
G01 X-32.97181 Y34.35375
G01 X-33.02058 Y34.34895
G01 X-33.04999 Y34.34750
G01 X-33.24557 Y34.34750
G01 X-33.21938 Y34.34362
G01 X-33.21695 Y34.34318
G01 X-33.14626 Y34.32909
G01 X-33.14384 Y34.32878
G01 X-33.09487 Y34.31626
G01 X-33.09307 Y34.31578
G01 X-33.03602 Y34.29922
G01 X-33.03429 Y34.29868
G01 X-33.01502 Y34.29231
G01 X-32.99464 Y34.28586
G01 X-32.96505 Y34.27689
G01 X-32.96449 Y34.27671
G01 X-32.94359 Y34.27011
G01 X-32.94303 Y34.26993
G01 X-32.92048 Y34.26251
G01 X-32.88509 Y34.26955
G01 X-32.83821 Y34.28377
G01 X-32.77638 Y34.30831
G01 X-32.17969 Y34.60468
G01 X-32.18002 Y34.61456
G01 X-32.17969 Y34.60468
G01 X-31.48299 Y34.31535
G01 X-31.73679 Y34.31248
G01 X-32.17598 Y34.49485
G01 X-32.17631 Y34.50473
G01 X-32.17598 Y34.49485
G01 X-32.69538 Y34.23689
G01 X-32.70765 Y34.23742
G01 X-32.69538 Y34.23689
G01 X-32.48870 Y34.22789
G01 X-32.17229 Y34.38504
G01 X-32.17262 Y34.39492
G01 X-32.17229 Y34.38504
G01 X-31.99058 Y34.30958
G01 X-31.48299 Y34.31535
G01 X-31.08568 Y34.31987
G01 X-31.07788 Y34.32002
G01 X-31.07687 Y34.32004
G01 X-30.95188 Y34.32002
G01 X-30.39805 Y34.32002
G01 X-30.14830 Y34.32002
G01 X-29.97062 Y34.32002
G01 X-29.90529 Y34.37366
G01 X-29.52996 Y34.62733
G01 X-29.53075 Y34.62911
G01 X-29.52996 Y34.62733
G01 X-29.51230 Y34.62873
G01 X-29.45030 Y34.63856
G01 X-29.41980 Y34.64588
G01 X-29.36011 Y34.66528
G01 X-29.33110 Y34.67727
G01 X-29.27517 Y34.70577
G01 X-29.24842 Y34.72218
G01 X-29.19765 Y34.75906
G01 X-29.17377 Y34.77945
G01 X-29.15071 Y34.80076
G01 X-28.54571 Y35.40577
G01 X-28.51934 Y35.43485
G01 X-28.49448 Y35.46515
G01 X-28.45091 Y35.53035
G01 X-28.43242 Y35.56495
G01 X-28.41566 Y35.60043
G01 X-28.40243 Y35.63739
G01 X-28.39105 Y35.67491
G01 X-28.37576 Y35.75182
G01 X-28.37190 Y35.79083
G01 X-28.36997 Y35.83005
G01 X-28.36999 Y41.74342
G01 X-28.37200 Y41.74383
G01 X-28.36999 Y41.74342
G01 X-27.82127 Y43.03217
G01 X-27.81988 Y43.03666
G01 X-27.81513 Y43.04665
G01 X-27.80192 Y43.08363
G01 X-27.75353 Y43.24306
G01 X-27.73824 Y43.31998
G01 X-27.72191 Y43.48581
G01 X-27.71998 Y43.52500
G01 X-27.72191 Y43.56422
G01 X-27.73824 Y43.73006
G01 X-27.75353 Y43.80694
G01 X-27.80192 Y43.96641
G01 X-27.81513 Y44.00336
G01 X-27.83192 Y44.03885
G01 X-27.91048 Y44.18581
G01 X-27.95404 Y44.25101
G01 X-28.05975 Y44.37982
G01 X-28.08609 Y44.40890
G01 X-28.11518 Y44.43526
G01 X-28.24401 Y44.54095
G01 X-28.30918 Y44.58454
G01 X-28.45615 Y44.66308
G01 X-28.52859 Y44.69307
G01 X-28.68805 Y44.74146
G01 X-28.72612 Y44.75099
G01 X-28.76496 Y44.75675
G01 X-28.93077 Y44.77308
G01 X-29.00918 Y44.77308
G01 X-29.17502 Y44.75675
G01 X-29.25193 Y44.74146
G01 X-29.41139 Y44.69307
G01 X-29.44835 Y44.67987
G01 X-29.48383 Y44.66308
G01 X-29.63077 Y44.58454
G01 X-29.69597 Y44.54095
G01 X-29.82478 Y44.43526
G01 X-29.85386 Y44.40890
G01 X-29.88022 Y44.37982
G01 X-29.98594 Y44.25101
G01 X-30.02950 Y44.18581
G01 X-30.10806 Y44.03885
G01 X-30.12483 Y44.00336
G01 X-30.13806 Y43.96641
G01 X-30.18642 Y43.80694
G01 X-30.18995 Y43.78919
G01 X-30.18995 Y43.57471
G01 X-30.18985 Y43.56857
G01 X-30.18444 Y43.48886
G01 X-30.16529 Y43.32577
G01 X-30.15226 Y43.24809
G01 X-30.11690 Y43.08630
G01 X-30.11388 Y43.07316
G01 X-30.10189 Y43.05053
G01 X-30.10156 Y43.04990
G01 X-30.09879 Y43.04446
G01 X-30.09849 Y43.04388
G01 X-30.08855 Y43.02379
G01 X-30.08828 Y43.02320
G01 X-30.07133 Y42.98782
G01 X-30.07032 Y42.98558
G01 X-30.03819 Y42.90905
G01 X-30.03730 Y42.90677
G01 X-30.02389 Y42.86986
G01 X-30.02310 Y42.86753
G01 X-29.99813 Y42.78660
G01 X-29.99747 Y42.78426
G01 X-29.98764 Y42.74581
G01 X-29.98734 Y42.74462
G01 X-29.97735 Y42.70121
G01 X-29.97710 Y42.70001
G01 X-29.97695 Y42.69930
G01 X-29.87695 Y42.20916
G01 X-29.77695 Y41.71901
G01 X-29.77347 Y41.70192
G01 X-29.77273 Y41.69694
G01 X-29.77222 Y41.69699
G01 X-29.77273 Y41.69694
G01 X-29.77248 Y41.69191
G01 X-29.77248 Y38.85661
G01 X-29.76999 Y38.84897
G01 X-29.66999 Y38.54351
G01 X-29.56999 Y38.23802
G01 X-29.54210 Y38.15280
G01 X-29.54111 Y38.14940
G01 X-29.50951 Y38.02329
G01 X-29.50908 Y38.02336
G01 X-29.50951 Y38.02329
G01 X-29.50819 Y38.01531
G01 X-29.49765 Y37.88918
G01 X-29.49737 Y37.88504
G01 X-29.49737 Y36.38501
G01 X-29.49765 Y36.38082
G01 X-29.50839 Y36.25344
G01 X-29.50974 Y36.24539
G01 X-29.50941 Y36.24531
G01 X-29.50974 Y36.24539
G01 X-29.54197 Y36.11801
G01 X-29.54502 Y36.10940
G01 X-29.54060 Y36.10655
G01 X-29.54502 Y36.10940
G01 X-29.54959 Y36.10147
G01 X-29.55551 Y36.09451
G01 X-29.56262 Y36.08875
G01 X-29.57065 Y36.08435
G01 X-29.57934 Y36.08153
G01 X-29.57817 Y36.07912
G01 X-29.57934 Y36.08153
G01 X-29.73542 Y36.04592
G01 X-29.75231 Y36.04209
G01 X-29.75802 Y36.04112
G01 X-29.76379 Y36.04082
G01 X-29.92533 Y36.04201
G01 X-29.93181 Y36.04249
G01 X-30.24652 Y36.08590
G01 X-30.32493 Y36.09672
G01 X-30.32541 Y36.09680
G01 X-30.47187 Y36.11852
G01 X-30.51149 Y36.12243
G01 X-30.65607 Y36.12954
G01 X-30.69389 Y36.12954
G01 X-30.83846 Y36.12243
G01 X-30.87819 Y36.11849
G01 X-31.02330 Y36.09698
G01 X-31.04911 Y36.09243
G01 X-31.07852 Y36.08677
G01 X-31.41553 Y36.02207
G01 X-31.42015 Y36.02141
G01 X-31.54202 Y36.00958
G01 X-31.54385 Y36.00942
G01 X-31.55238 Y36.00932
G01 X-31.68482 Y36.01920
G01 X-31.69002 Y36.01986
G01 X-31.69516 Y36.02108
G01 X-31.74590 Y36.03594
G01 X-31.90150 Y36.08156
G01 X-31.98322 Y36.10551
G01 X-32.07374 Y36.12052
G01 X-32.17207 Y36.13686
G01 X-32.17887 Y36.13848
G01 X-32.18540 Y36.14105
G01 X-32.19150 Y36.14450
G01 X-32.30935 Y36.22253
G01 X-32.44915 Y36.22250
G01 X-32.67397 Y36.22250
G01 X-33.04999 Y36.22250
G01 X-32.67397 Y36.22250
G01 X-32.44915 Y36.22250
G01 X-32.30935 Y36.22253
G01 X-32.19150 Y36.14450
G01 X-32.18540 Y36.14105
G01 X-32.17887 Y36.13848
G01 X-32.17963 Y36.13655
G01 X-32.17887 Y36.13848
G01 X-32.17207 Y36.13686
G01 X-32.07374 Y36.12052
G01 X-32.16810 Y36.08291
G01 X-32.16848 Y36.07338
G01 X-32.16810 Y36.08291
G01 X-32.44915 Y36.22250
G01 X-32.67397 Y36.22250
G01 X-32.17257 Y35.97348
G01 X-32.17295 Y35.96396
G01 X-32.17257 Y35.97348
G01 X-31.90150 Y36.08156
G01 X-31.74590 Y36.03594
G01 X-32.17704 Y35.86403
G01 X-32.17737 Y35.85471
G01 X-32.17704 Y35.86403
G01 X-32.77638 Y36.16172
G01 X-32.83821 Y36.18626
G01 X-32.88509 Y36.20048
G01 X-32.96201 Y36.21577
G01 X-33.01077 Y36.22057
G01 X-33.04999 Y36.22250
G01 X-33.17625 Y36.22250
G01 X-33.18197 Y36.22286
G01 X-33.18763 Y36.22383
G01 X-33.19325 Y36.22512
G01 X-33.18763 Y36.22383
G01 X-33.18197 Y36.22286
G01 X-33.17625 Y36.22250
G01 X-33.18202 Y36.22250
G01 X-33.18197 Y36.22286
G01 X-33.18202 Y36.22250
G01 X-33.18794 Y36.22250
G01 X-33.18801 Y36.22200
G01 X-33.18794 Y36.22250
G01 X-33.19325 Y36.22512
G01 X-33.62032 Y36.32515
G01 X-34.01136 Y36.41671
G01 X-34.01255 Y36.41702
G01 X-34.03721 Y36.42342
G01 X-34.03841 Y36.42375
G01 X-34.05288 Y36.42789
G01 X-34.03841 Y36.42375
G01 X-34.03721 Y36.42342
G01 X-34.01255 Y36.41702
G01 X-34.01136 Y36.41671
G01 X-33.62032 Y36.32515
G01 X-33.21136 Y36.12250
G01 X-33.21197 Y36.11996
G01 X-33.21136 Y36.12250
G01 X-33.04999 Y36.12250
G01 X-33.02058 Y36.12106
G01 X-32.97181 Y36.11626
G01 X-32.91413 Y36.10480
G01 X-32.86724 Y36.09058
G01 X-32.82086 Y36.07216
G01 X-32.18151 Y35.75461
G01 X-32.18187 Y35.74521
G01 X-32.18151 Y35.75461
G01 X-31.54385 Y36.00887
G01 X-31.54385 Y36.00942
G01 X-31.54385 Y36.00887
G01 X-31.54202 Y36.00958
G01 X-31.42015 Y36.02141
G01 X-31.41553 Y36.02207
G01 X-31.07852 Y36.08677
G01 X-32.18596 Y35.64516
G01 X-32.18634 Y35.63574
G01 X-32.18596 Y35.64516
G01 X-32.85784 Y35.97889
G01 X-32.85947 Y35.97955
G01 X-32.86008 Y35.97988
G01 X-32.88045 Y35.98832
G01 X-32.88197 Y35.98895
G01 X-32.89627 Y35.99487
G01 X-32.94316 Y36.00909
G01 X-32.98161 Y36.01674
G01 X-33.03038 Y36.02154
G01 X-33.04999 Y36.02251
G01 X-33.23478 Y36.02251
G01 X-33.23539 Y36.01994
G01 X-33.23478 Y36.02251
G01 X-34.05288 Y36.42789
G01 X-34.08631 Y36.43746
G01 X-34.08865 Y36.43820
G01 X-34.13368 Y36.45352
G01 X-34.13602 Y36.45438
G01 X-34.18171 Y36.47252
G01 X-34.18397 Y36.47346
G01 X-34.22520 Y36.49220
G01 X-34.22741 Y36.49327
G01 X-34.25382 Y36.50686
G01 X-34.26071 Y36.51115
G01 X-34.27638 Y36.52276
G01 X-34.27831 Y36.52428
G01 X-34.27907 Y36.52309
G01 X-34.27831 Y36.52428
G01 X-34.31290 Y36.55263
G01 X-34.31478 Y36.55425
G01 X-34.35113 Y36.58720
G01 X-34.35291 Y36.58887
G01 X-34.38367 Y36.61966
G01 X-34.38535 Y36.62144
G01 X-34.38585 Y36.62098
G01 X-34.38535 Y36.62144
G01 X-34.39520 Y36.63231
G01 X-34.39944 Y36.63769
G01 X-34.41890 Y36.66617
G01 X-34.42022 Y36.66822
G01 X-34.44260 Y36.70470
G01 X-34.44308 Y36.70444
G01 X-34.44260 Y36.70470
G01 X-34.44384 Y36.70683
G01 X-34.46739 Y36.74981
G01 X-34.46851 Y36.75199
G01 X-34.48740 Y36.79091
G01 X-34.48842 Y36.79314
G01 X-34.50772 Y36.83851
G01 X-34.50864 Y36.84079
G01 X-34.52444 Y36.88359
G01 X-34.52520 Y36.88590
G01 X-34.54023 Y36.93365
G01 X-34.54059 Y36.93485
G01 X-34.54745 Y36.95872
G01 X-34.54778 Y36.95989
G01 X-34.64674 Y37.33871
G01 X-34.69835 Y37.53632
G01 X-34.69957 Y37.54259
G01 X-34.70025 Y37.54249
G01 X-34.69957 Y37.54259
G01 X-34.69998 Y37.54897
G01 X-34.69998 Y37.61191
G01 X-34.70168 Y37.68593
G01 X-34.70170 Y37.68707
G01 X-34.70170 Y37.70045
G01 X-34.70244 Y37.73485
G01 X-34.70442 Y37.78057
G01 X-34.70445 Y37.78166
G01 X-34.70528 Y37.81963
G01 X-34.70528 Y37.82072
G01 X-34.70528 Y37.83322
G01 X-34.70607 Y37.87048
G01 X-34.70627 Y37.87569
G01 X-34.70836 Y37.92563
G01 X-34.70841 Y37.92669
G01 X-34.70932 Y37.97119
G01 X-34.70932 Y37.97223
G01 X-34.70932 Y37.98242
G01 X-34.71021 Y38.02687
G01 X-34.71219 Y38.07663
G01 X-34.71318 Y38.10152
G01 X-34.71321 Y38.10254
G01 X-34.71433 Y38.16019
G01 X-34.71435 Y38.16119
G01 X-34.71435 Y38.16568
G01 X-34.71544 Y38.22402
G01 X-34.71971 Y38.33980
G01 X-34.71974 Y38.34064
G01 X-34.72126 Y38.41602
G01 X-34.72129 Y38.41684
G01 X-34.72131 Y38.42598
G01 X-34.72253 Y38.48910
G01 X-34.72284 Y38.50439
G01 X-34.72637 Y38.60784
G01 X-34.73015 Y38.71811
G01 X-34.73015 Y38.71869
G01 X-34.73241 Y38.81849
G01 X-34.73241 Y38.81904
G01 X-34.73256 Y38.83296
G01 X-34.88501 Y38.89611
G01 X-34.93190 Y38.91033
G01 X-35.14338 Y38.95242
G01 X-35.19218 Y38.95722
G01 X-35.30000 Y38.96250
G01 X-36.15428 Y38.96250
G01 X-36.21415 Y38.90264
G01 X-36.25250 Y38.86238
G01 X-36.30929 Y38.80281
G01 X-36.35090 Y38.75692
G01 X-36.30929 Y38.80281
G01 X-36.25250 Y38.86238
G01 X-36.24998 Y38.86250
G01 X-35.30000 Y38.86250
G01 X-35.20198 Y38.85770
G01 X-35.15319 Y38.85290
G01 X-34.96093 Y38.81465
G01 X-34.91402 Y38.80043
G01 X-34.73292 Y38.72540
G01 X-34.73028 Y38.72400
G01 X-34.73015 Y38.71869
G01 X-34.73015 Y38.71811
G01 X-34.72637 Y38.60784
G01 X-34.73683 Y38.61412
G01 X-34.78006 Y38.63721
G01 X-34.94305 Y38.70472
G01 X-34.98997 Y38.71894
G01 X-35.16299 Y38.75339
G01 X-35.21176 Y38.75819
G01 X-35.30000 Y38.76250
G01 X-36.24998 Y38.76250
G01 X-36.33820 Y38.75819
G01 X-36.35090 Y38.75692
G01 X-36.35242 Y38.75524
G01 X-36.44750 Y38.63987
G01 X-36.49014 Y38.58813
G01 X-36.52502 Y38.54109
G01 X-36.54226 Y38.51534
G01 X-36.61729 Y38.40345
G01 X-36.63916 Y38.36693
G01 X-36.64541 Y38.35651
G01 X-36.70752 Y38.24071
G01 X-36.72969 Y38.19385
G01 X-36.73368 Y38.18425
G01 X-36.77168 Y38.09278
G01 X-36.78839 Y38.04605
G01 X-36.81602 Y37.95519
G01 X-36.82771 Y37.90856
G01 X-36.82786 Y37.90769
G01 X-36.84437 Y37.82489
G01 X-36.85130 Y37.77825
G01 X-36.85918 Y37.69857
G01 X-36.86152 Y37.65153
G01 X-36.86248 Y37.61178
G01 X-36.86248 Y36.93828
G01 X-36.86152 Y36.89853
G01 X-36.85918 Y36.85148
G01 X-36.85130 Y36.77188
G01 X-36.84442 Y36.72535
G01 X-36.82786 Y36.64234
G01 X-36.81061 Y36.61006
G01 X-36.76705 Y36.54486
G01 X-36.73596 Y36.50698
G01 X-36.70960 Y36.47790
G01 X-36.68051 Y36.45154
G01 X-36.64264 Y36.42045
G01 X-36.61110 Y36.39705
G01 X-36.57744 Y36.37689
G01 X-36.53421 Y36.35377
G01 X-36.46177 Y36.32377
G01 X-36.41488 Y36.30955
G01 X-36.33797 Y36.29423
G01 X-36.28920 Y36.28943
G01 X-36.25037 Y36.28753
G01 X-36.06484 Y36.28750
G01 X-36.05593 Y36.28669
G01 X-36.05590 Y36.28705
G01 X-36.05593 Y36.28669
G01 X-35.50495 Y36.18588
G01 X-35.29098 Y36.14674
G01 X-35.28979 Y36.14651
G01 X-35.25989 Y36.14026
G01 X-35.25870 Y36.14001
G01 X-35.21054 Y36.12873
G01 X-35.20818 Y36.12812
G01 X-35.15210 Y36.11207
G01 X-35.14976 Y36.11133
G01 X-35.14956 Y36.11194
G01 X-35.14976 Y36.11133
G01 X-35.10335 Y36.09550
G01 X-35.10104 Y36.09467
G01 X-35.04778 Y36.07356
G01 X-35.04552 Y36.07259
G01 X-35.00081 Y36.05230
G01 X-34.99934 Y36.05161
G01 X-34.96459 Y36.03444
G01 X-34.95895 Y36.03119
G01 X-34.95380 Y36.02723
G01 X-34.93858 Y36.01389
G01 X-34.93795 Y36.01334
G01 X-34.93701 Y36.01468
G01 X-34.93795 Y36.01334
G01 X-34.90160 Y35.98039
G01 X-34.90013 Y35.97899
G01 X-34.86571 Y35.94516
G01 X-34.86167 Y35.94067
G01 X-34.85819 Y35.93571
G01 X-34.85298 Y35.92726
G01 X-34.85278 Y35.92690
G01 X-34.85164 Y35.92771
G01 X-34.85278 Y35.92690
G01 X-34.82718 Y35.88451
G01 X-34.82596 Y35.88240
G01 X-34.79939 Y35.83312
G01 X-34.79827 Y35.83094
G01 X-34.77714 Y35.78664
G01 X-34.77615 Y35.78441
G01 X-34.75497 Y35.73376
G01 X-34.75408 Y35.73147
G01 X-34.73736 Y35.68532
G01 X-34.73660 Y35.68298
G01 X-34.73602 Y35.68319
G01 X-34.73660 Y35.68298
G01 X-34.72009 Y35.62921
G01 X-34.71943 Y35.62685
G01 X-34.70721 Y35.57882
G01 X-34.70693 Y35.57762
G01 X-34.70033 Y35.54864
G01 X-34.70008 Y35.54745
G01 X-34.65194 Y35.30988
G01 X-34.60097 Y35.05812
G01 X-34.60023 Y35.05319
G01 X-34.59998 Y35.04819
G01 X-34.59998 Y34.89789
G01 X-34.59827 Y34.82413
G01 X-34.59825 Y34.82299
G01 X-34.59825 Y34.80960
G01 X-34.59751 Y34.77549
G01 X-34.59553 Y34.72954
G01 X-34.59551 Y34.72845
G01 X-34.59469 Y34.69048
G01 X-34.59467 Y34.68941
G01 X-34.59467 Y34.67717
G01 X-34.59388 Y34.63960
G01 X-34.59365 Y34.63424
G01 X-34.59157 Y34.58428
G01 X-34.59154 Y34.58321
G01 X-34.59063 Y34.53869
G01 X-34.59060 Y34.53767
G01 X-34.59060 Y34.52751
G01 X-34.58971 Y34.48304
G01 X-34.58773 Y34.43335
G01 X-34.58712 Y34.41768
G01 X-34.57366 Y34.41618
G01 X-34.58773 Y34.43335
G01 X-34.57366 Y34.41618
G01 X-34.48496 Y34.40638
G01 X-34.47176 Y34.40501
G01 X-34.42682 Y34.40059
G01 X-34.42652 Y34.40054
G01 X-34.41298 Y34.39911
G01 X-34.41265 Y34.39909
G01 X-34.33203 Y34.39010
G01 X-34.32083 Y34.38893
G01 X-34.27955 Y34.38487
G01 X-34.27920 Y34.38484
G01 X-34.26807 Y34.38367
G01 X-34.26772 Y34.38362
G01 X-34.20346 Y34.37641
G01 X-34.19416 Y34.37544
G01 X-34.15763 Y34.37184
G01 X-34.19416 Y34.37544
G01 X-34.20346 Y34.37641
G01 X-34.26772 Y34.38362
G01 X-34.26807 Y34.38367
G01 X-34.27920 Y34.38484
G01 X-34.27955 Y34.38487
G01 X-34.32083 Y34.38893
G01 X-34.33203 Y34.39010
G01 X-34.41265 Y34.39909
G01 X-34.41298 Y34.39911
G01 X-34.41575 Y34.39942
G01 X-34.43053 Y34.41154
G01 X-34.45962 Y34.43790
G01 X-34.48598 Y34.46698
G01 X-34.51707 Y34.50485
G01 X-34.56063 Y34.57006
G01 X-34.58372 Y34.61329
G01 X-34.59365 Y34.63424
G01 X-34.59388 Y34.63960
G01 X-34.59467 Y34.67717
G01 X-34.59467 Y34.68941
G01 X-34.59469 Y34.69048
G01 X-34.59551 Y34.72845
G01 X-34.59553 Y34.72954
G01 X-34.59751 Y34.77549
G01 X-34.59825 Y34.80960
G01 X-34.59825 Y34.82299
G01 X-34.59827 Y34.82413
G01 X-34.59998 Y34.89789
G01 X-34.59998 Y35.04819
G01 X-34.60023 Y35.05319
G01 X-34.59980 Y35.05324
G01 X-34.60023 Y35.05319
G01 X-34.60097 Y35.05812
G01 X-34.65194 Y35.30988
G01 X-34.54999 Y35.06848
G01 X-34.54824 Y35.06886
G01 X-34.54999 Y35.06848
G01 X-34.54999 Y34.89751
G01 X-34.54854 Y34.86810
G01 X-34.54374 Y34.81933
G01 X-34.53942 Y34.79022
G01 X-34.53226 Y34.76165
G01 X-34.51804 Y34.71476
G01 X-34.50813 Y34.68705
G01 X-34.49553 Y34.66043
G01 X-34.47244 Y34.61720
G01 X-34.43975 Y34.56830
G01 X-34.40866 Y34.53041
G01 X-34.38890 Y34.50861
G01 X-34.36708 Y34.48883
G01 X-34.32919 Y34.45774
G01 X-34.30554 Y34.44021
G01 X-34.28029 Y34.42507
G01 X-34.23709 Y34.40196
G01 X-34.18276 Y34.37946
G01 X-34.15763 Y34.37184
G01 X-34.15421 Y34.37151
G01 X-34.15362 Y34.37143
G01 X-34.12022 Y34.36775
G01 X-34.07897 Y34.36442
G01 X-34.03140 Y34.36206
G01 X-33.99947 Y34.36127
G01 X-33.42500 Y34.36127
G01 X-33.42375 Y34.36124
G01 X-33.39076 Y34.36046
G01 X-33.38954 Y34.36041
G01 X-33.34049 Y34.35799
G01 X-33.33805 Y34.35781
G01 X-33.27082 Y34.35118
G01 X-33.26838 Y34.35088
G01 X-33.24557 Y34.34750
G01 X-33.21938 Y34.34362
G01 X-33.21695 Y34.34318
G01 X-33.14626 Y34.32909
G01 X-33.14384 Y34.32878
G01 X-33.09487 Y34.31626
G01 X-33.09307 Y34.31578
G01 X-33.03602 Y34.29922
G01 X-33.03429 Y34.29868
G01 X-33.01502 Y34.29231
G01 X-32.99464 Y34.28586
G01 X-32.96505 Y34.27689
G01 X-32.96449 Y34.27671
G01 X-32.94359 Y34.27011
G01 X-32.94303 Y34.26993
G01 X-32.92048 Y34.26251
G01 X-32.91872 Y34.26193
G01 X-32.85766 Y34.25207
G01 X-32.80641 Y34.24552
G01 X-32.70765 Y34.23742
G01 X-32.38352 Y34.22330
G01 X-32.33394 Y34.23493
G01 X-32.18924 Y34.30282
G01 X-32.18261 Y34.30539
G01 X-32.17565 Y34.30696
G01 X-32.16856 Y34.30755
G01 X-32.16889 Y34.30925
G01 X-32.16856 Y34.30755
G01 X-31.48299 Y34.31535
G01 X-31.08568 Y34.31987
G01 X-31.07788 Y34.32002
G01 X-31.07687 Y34.32004
G01 X-30.95188 Y34.32002
G01 X-30.39805 Y34.32002
G01 X-30.14830 Y34.32002
G01 X-29.97062 Y34.32002
G01 X-29.82815 Y34.32002
G01 X-29.82582 Y34.31997
G01 X-29.79496 Y34.31855
G01 X-29.79242 Y34.31837
G01 X-29.65051 Y34.30447
G01 X-29.64195 Y34.30364
G01 X-29.63961 Y34.30336
G01 X-29.50301 Y34.28344
G01 X-29.44276 Y34.27468
G01 X-29.44182 Y34.27453
G01 X-29.36156 Y34.26129
G01 X-29.35642 Y34.26018
G01 X-29.35145 Y34.25853
G01 X-29.33938 Y34.25380
G01 X-29.32706 Y34.24898
G01 X-29.32663 Y34.24880
G01 X-29.29089 Y34.23442
G01 X-29.29046 Y34.23424
G01 X-29.22828 Y34.20854
G01 X-29.19364 Y34.19523
G01 X-29.11576 Y34.16528
G01 X-29.07682 Y34.15136
G01 X-29.04637 Y34.14067
G01 X-28.92752 Y34.09972
G01 X-28.90944 Y34.10892
G01 X-28.88266 Y34.12533
G01 X-28.74304 Y34.22678
G01 X-28.71916 Y34.24717
G01 X-28.65574 Y34.30580
G01 X-28.05074 Y34.91080
G01 X-27.97825 Y34.99078
G01 X-27.95338 Y35.02108
G01 X-27.83357 Y35.20038
G01 X-27.81508 Y35.23495
G01 X-27.76892 Y35.33254
G01 X-27.73258 Y35.43419
G01 X-27.72117 Y35.47171
G01 X-27.67911 Y35.68321
G01 X-27.67528 Y35.72223
G01 X-27.66997 Y35.83005
G01 X-27.66999 Y41.60060
G01 X-27.67200 Y41.60101
G01 X-27.66999 Y41.60060
G01 X-27.17261 Y42.76882
G01 X-27.13205 Y42.88043
G01 X-27.08368 Y43.03986
G01 X-27.04162 Y43.25137
G01 X-27.02529 Y43.41718
G01 X-27.01998 Y43.52500
G01 X-27.02529 Y43.63283
G01 X-27.04162 Y43.79866
G01 X-27.08368 Y44.01014
G01 X-27.13205 Y44.16961
G01 X-27.16842 Y44.27126
G01 X-27.21457 Y44.36882
G01 X-27.29313 Y44.51578
G01 X-27.41292 Y44.69508
G01 X-27.51863 Y44.82388
G01 X-27.59112 Y44.90387
G01 X-27.67111 Y44.97636
G01 X-27.79991 Y45.08208
G01 X-27.97921 Y45.20189
G01 X-28.12618 Y45.28042
G01 X-28.32539 Y45.36295
G01 X-28.48485 Y45.41131
G01 X-28.58957 Y45.43755
G01 X-28.69633 Y45.45337
G01 X-28.86217 Y45.46970
G01 X-29.07781 Y45.46970
G01 X-29.24362 Y45.45337
G01 X-29.45513 Y45.41131
G01 X-29.61459 Y45.36295
G01 X-29.71622 Y45.32658
G01 X-29.81380 Y45.28042
G01 X-29.96077 Y45.20189
G01 X-30.14007 Y45.08208
G01 X-30.18995 Y45.04111
G01 X-30.18995 Y44.91174
G01 X-30.18995 Y44.77827
G01 X-30.18995 Y44.63293
G01 X-30.18995 Y44.47532
G01 X-30.18995 Y44.30392
G01 X-30.18995 Y44.09775
G01 X-30.18995 Y44.30392
G01 X-30.14055 Y44.37789
G01 X-30.03483 Y44.50669
G01 X-29.99529 Y44.55033
G01 X-29.95167 Y44.58985
G01 X-29.82287 Y44.69556
G01 X-29.72506 Y44.76092
G01 X-29.57812 Y44.83945
G01 X-29.52488 Y44.86463
G01 X-29.46943 Y44.88446
G01 X-29.30999 Y44.93285
G01 X-29.25287 Y44.94715
G01 X-29.19463 Y44.95579
G01 X-29.02879 Y44.97212
G01 X-28.91119 Y44.97212
G01 X-28.74535 Y44.95579
G01 X-28.68711 Y44.94715
G01 X-28.62998 Y44.93285
G01 X-28.47052 Y44.88446
G01 X-28.36186 Y44.83945
G01 X-28.21492 Y44.76092
G01 X-28.11711 Y44.69556
G01 X-27.98830 Y44.58985
G01 X-27.94469 Y44.55033
G01 X-27.90515 Y44.50669
G01 X-27.79943 Y44.37789
G01 X-27.73408 Y44.28010
G01 X-27.65554 Y44.13313
G01 X-27.63037 Y44.07989
G01 X-27.61053 Y44.02447
G01 X-27.56214 Y43.86501
G01 X-27.53921 Y43.74964
G01 X-27.52288 Y43.58383
G01 X-27.51998 Y43.52500
G01 X-27.52288 Y43.46620
G01 X-27.53921 Y43.30037
G01 X-27.56214 Y43.18503
G01 X-27.61053 Y43.02556
G01 X-27.63037 Y42.97012
G01 X-27.63565 Y42.95891
G01 X-27.63725 Y42.95383
G01 X-28.16999 Y41.70261
G01 X-28.17200 Y41.70301
G01 X-28.16999 Y41.70261
G01 X-28.16997 Y35.83005
G01 X-28.17286 Y35.77122
G01 X-28.17670 Y35.73221
G01 X-28.19966 Y35.61684
G01 X-28.21104 Y35.57933
G01 X-28.23087 Y35.52388
G01 X-28.25605 Y35.47066
G01 X-28.27454 Y35.43610
G01 X-28.33987 Y35.33828
G01 X-28.36476 Y35.30798
G01 X-28.40428 Y35.26434
G01 X-29.00928 Y34.65934
G01 X-29.04388 Y34.62736
G01 X-29.06775 Y34.60699
G01 X-29.14393 Y34.55164
G01 X-29.17067 Y34.53526
G01 X-29.25457 Y34.49251
G01 X-29.28358 Y34.48050
G01 X-29.37311 Y34.45139
G01 X-29.40362 Y34.44407
G01 X-29.45630 Y34.43574
G01 X-29.45686 Y34.43691
G01 X-29.45630 Y34.43574
G01 X-29.65051 Y34.30447
G01 X-29.64195 Y34.30364
G01 X-29.63961 Y34.30336
G01 X-29.50301 Y34.28344
G01 X-29.41812 Y34.34085
G01 X-29.41868 Y34.34207
G01 X-29.41812 Y34.34085
G01 X-29.38028 Y34.34684
G01 X-29.34977 Y34.35416
G01 X-29.24530 Y34.38812
G01 X-29.21629 Y34.40011
G01 X-29.11843 Y34.44999
G01 X-29.09168 Y34.46637
G01 X-29.00281 Y34.53094
G01 X-28.97896 Y34.55134
G01 X-28.93859 Y34.58865
G01 X-28.33359 Y35.19365
G01 X-28.28744 Y35.24453
G01 X-28.26257 Y35.27486
G01 X-28.18635 Y35.38895
G01 X-28.16786 Y35.42352
G01 X-28.13849 Y35.48563
G01 X-28.11533 Y35.55029
G01 X-28.10395 Y35.58781
G01 X-28.07718 Y35.72240
G01 X-28.07334 Y35.76142
G01 X-28.06997 Y35.83005
G01 X-28.06999 Y41.68221
G01 X-28.07200 Y41.68262
G01 X-28.06999 Y41.68221
G01 X-27.54525 Y42.91467
G01 X-27.54355 Y42.92005
G01 X-27.53799 Y42.93184
G01 X-27.51482 Y42.99653
G01 X-27.46646 Y43.15599
G01 X-27.43969 Y43.29056
G01 X-27.42336 Y43.45640
G01 X-27.41998 Y43.52500
G01 X-27.42336 Y43.59364
G01 X-27.43969 Y43.75945
G01 X-27.46646 Y43.89404
G01 X-27.51482 Y44.05350
G01 X-27.53796 Y44.11817
G01 X-27.56735 Y44.18027
G01 X-27.64589 Y44.32721
G01 X-27.72214 Y44.44134
G01 X-27.82783 Y44.57014
G01 X-27.87398 Y44.62104
G01 X-27.92488 Y44.66717
G01 X-28.05368 Y44.77288
G01 X-28.16778 Y44.84911
G01 X-28.31472 Y44.92764
G01 X-28.44152 Y44.98017
G01 X-28.60095 Y45.02853
G01 X-28.66760 Y45.04522
G01 X-28.73555 Y45.05530
G01 X-28.90138 Y45.07164
G01 X-29.03859 Y45.07164
G01 X-29.20443 Y45.05530
G01 X-29.33903 Y45.02853
G01 X-29.49846 Y44.98017
G01 X-29.56316 Y44.95703
G01 X-29.62526 Y44.92764
G01 X-29.77220 Y44.84911
G01 X-29.88629 Y44.77288
G01 X-30.01510 Y44.66717
G01 X-30.06600 Y44.62104
G01 X-30.11213 Y44.57014
G01 X-30.18995 Y44.47532
G01 X-30.18995 Y44.63293
G01 X-30.18944 Y44.63356
G01 X-30.13671 Y44.69173
G01 X-30.07855 Y44.74446
G01 X-29.94974 Y44.85017
G01 X-29.81934 Y44.93730
G01 X-29.67238 Y45.01586
G01 X-29.60141 Y45.04941
G01 X-29.52749 Y45.07585
G01 X-29.36803 Y45.12424
G01 X-29.21424 Y45.15482
G01 X-29.04840 Y45.17115
G01 X-28.89158 Y45.17115
G01 X-28.72574 Y45.15482
G01 X-28.64810 Y45.14331
G01 X-28.57192 Y45.12424
G01 X-28.41248 Y45.07585
G01 X-28.26758 Y45.01586
G01 X-28.12064 Y44.93730
G01 X-27.99024 Y44.85017
G01 X-27.86143 Y44.74446
G01 X-27.80327 Y44.69173
G01 X-27.75054 Y44.63356
G01 X-27.64482 Y44.50476
G01 X-27.55770 Y44.37436
G01 X-27.47916 Y44.22742
G01 X-27.44558 Y44.15645
G01 X-27.41914 Y44.08251
G01 X-27.37078 Y43.92307
G01 X-27.34017 Y43.76925
G01 X-27.32384 Y43.60341
G01 X-27.31998 Y43.52500
G01 X-27.32384 Y43.44659
G01 X-27.34017 Y43.28078
G01 X-27.37078 Y43.12696
G01 X-27.41914 Y42.96750
G01 X-27.44558 Y42.89359
G01 X-27.45145 Y42.88117
G01 X-27.45325 Y42.87548
G01 X-27.96999 Y41.66181
G01 X-27.97200 Y41.66222
G01 X-27.96999 Y41.66181
G01 X-27.96997 Y35.83005
G01 X-27.97383 Y35.75161
G01 X-27.97766 Y35.71260
G01 X-28.00827 Y35.55880
G01 X-28.01965 Y35.52126
G01 X-28.04609 Y35.44735
G01 X-28.07967 Y35.37638
G01 X-28.09813 Y35.34181
G01 X-28.18528 Y35.21141
G01 X-28.21015 Y35.18110
G01 X-28.26288 Y35.12294
G01 X-28.86788 Y34.51794
G01 X-28.91401 Y34.47529
G01 X-28.93786 Y34.45489
G01 X-29.03943 Y34.38111
G01 X-29.06618 Y34.36472
G01 X-29.17804 Y34.30773
G01 X-29.20702 Y34.29571
G01 X-29.32643 Y34.25693
G01 X-29.33938 Y34.25380
G01 X-29.35145 Y34.25853
G01 X-29.35642 Y34.26018
G01 X-29.36156 Y34.26129
G01 X-29.44182 Y34.27453
G01 X-29.44276 Y34.27468
G01 X-29.50301 Y34.28344
G01 X-29.63961 Y34.30336
G01 X-29.64195 Y34.30364
G01 X-29.65051 Y34.30447
G01 X-29.79242 Y34.31837
G01 X-29.79496 Y34.31855
G01 X-29.82582 Y34.31997
G01 X-29.82815 Y34.32002
G01 X-29.97062 Y34.32002
G01 X-29.82815 Y34.32002
G01 X-29.82582 Y34.31997
G01 X-29.80743 Y34.31913
G01 X-29.49450 Y34.53061
G01 X-29.49506 Y34.53188
G01 X-29.49450 Y34.53061
G01 X-29.42696 Y34.54130
G01 X-29.39646 Y34.54864
G01 X-29.32183 Y34.57288
G01 X-29.29285 Y34.58489
G01 X-29.22292 Y34.62050
G01 X-29.19618 Y34.63691
G01 X-29.13270 Y34.68304
G01 X-29.10883 Y34.70341
G01 X-29.08000 Y34.73005
G01 X-28.47499 Y35.33505
G01 X-28.44205 Y35.37143
G01 X-28.41718 Y35.40173
G01 X-28.36273 Y35.48321
G01 X-28.34423 Y35.51781
G01 X-28.32325 Y35.56216
G01 X-28.30672 Y35.60836
G01 X-28.29534 Y35.64587
G01 X-28.27624 Y35.74201
G01 X-28.27238 Y35.78103
G01 X-28.26997 Y35.83005
G01 X-28.26999 Y41.72300
G01 X-28.27200 Y41.72343
G01 X-28.26999 Y41.72300
G01 X-27.72928 Y42.99300
G01 X-27.72778 Y42.99778
G01 X-27.72275 Y43.00839
G01 X-27.70621 Y43.05460
G01 X-27.65785 Y43.21403
G01 X-27.63872 Y43.31017
G01 X-27.62239 Y43.47601
G01 X-27.61998 Y43.52500
G01 X-27.71998 Y43.52500
G01 X-27.81998 Y43.52500
G01 X-27.91998 Y43.52500
G01 X-28.01998 Y43.52500
G01 X-28.02046 Y43.53481
G01 X-28.03679 Y43.70065
G01 X-28.04063 Y43.71987
G01 X-28.08899 Y43.87933
G01 X-28.09229 Y43.88855
G01 X-28.09651 Y43.89744
G01 X-28.17505 Y44.04438
G01 X-28.18594 Y44.06069
G01 X-28.29166 Y44.18949
G01 X-28.29824 Y44.19676
G01 X-28.30550 Y44.20336
G01 X-28.43430 Y44.30905
G01 X-28.45061 Y44.31995
G01 X-28.59757 Y44.39851
G01 X-28.61568 Y44.40600
G01 X-28.77512 Y44.45437
G01 X-28.78465 Y44.45675
G01 X-28.79435 Y44.45820
G01 X-28.96018 Y44.47453
G01 X-28.97979 Y44.47453
G01 X-29.14560 Y44.45820
G01 X-29.15533 Y44.45675
G01 X-29.16483 Y44.45437
G01 X-29.32429 Y44.40600
G01 X-29.33354 Y44.40270
G01 X-29.34240 Y44.39851
G01 X-29.48937 Y44.31995
G01 X-29.50565 Y44.30905
G01 X-29.63448 Y44.20336
G01 X-29.64174 Y44.19676
G01 X-29.64832 Y44.18949
G01 X-29.75404 Y44.06069
G01 X-29.76493 Y44.04438
G01 X-29.84347 Y43.89744
G01 X-29.84766 Y43.88855
G01 X-29.85099 Y43.87933
G01 X-29.89935 Y43.71987
G01 X-29.90319 Y43.70065
G01 X-29.91952 Y43.53481
G01 X-29.91997 Y43.52500
G01 X-29.91952 Y43.51520
G01 X-29.90319 Y43.34939
G01 X-29.89935 Y43.33016
G01 X-29.85099 Y43.17070
G01 X-29.84466 Y43.15546
G01 X-29.84266 Y43.14969
G01 X-29.26999 Y41.80464
G01 X-29.26999 Y35.95431
G01 X-29.46285 Y35.76142
G01 X-30.35089 Y36.01138
G01 X-30.35637 Y36.01255
G01 X-30.35894 Y36.01362
G01 X-30.49965 Y36.05629
G01 X-30.50915 Y36.05867
G01 X-30.51886 Y36.06012
G01 X-30.66519 Y36.07452
G01 X-30.68479 Y36.07452
G01 X-30.83110 Y36.06012
G01 X-30.84083 Y36.05867
G01 X-30.85033 Y36.05629
G01 X-30.99102 Y36.01362
G01 X-31.00029 Y36.01031
G01 X-31.00585 Y36.00767
G01 X-31.00974 Y36.00653
G01 X-32.19043 Y35.53571
G01 X-32.90232 Y35.88933
G01 X-32.90437 Y35.89017
G01 X-32.90719 Y35.89170
G01 X-32.92528 Y35.89919
G01 X-32.97219 Y35.91341
G01 X-32.99142 Y35.91722
G01 X-33.04019 Y35.92202
G01 X-33.04999 Y35.92251
G01 X-33.25820 Y35.92251
G01 X-34.30876 Y36.44305
G01 X-34.45682 Y36.59111
G01 X-34.94999 Y37.47061
G01 X-34.94999 Y37.61252
G01 X-34.95047 Y37.62232
G01 X-34.95527 Y37.67109
G01 X-34.95672 Y37.68079
G01 X-34.95911 Y37.69032
G01 X-34.97333 Y37.73721
G01 X-34.97663 Y37.74645
G01 X-34.98082 Y37.75532
G01 X-35.00394 Y37.79855
G01 X-35.01481 Y37.81486
G01 X-35.04590 Y37.85273
G01 X-35.05977 Y37.86660
G01 X-35.09766 Y37.89769
G01 X-35.10554 Y37.90353
G01 X-35.11394 Y37.90858
G01 X-35.15718 Y37.93167
G01 X-35.17529 Y37.93919
G01 X-35.22217 Y37.95341
G01 X-35.24140 Y37.95722
G01 X-35.29020 Y37.96202
G01 X-35.30000 Y37.96251
G01 X-36.24998 Y37.96251
G01 X-36.25979 Y37.96202
G01 X-36.30856 Y37.95722
G01 X-36.32779 Y37.95341
G01 X-36.37470 Y37.93919
G01 X-36.39281 Y37.93167
G01 X-36.43601 Y37.90858
G01 X-36.44445 Y37.90353
G01 X-36.45232 Y37.89769
G01 X-36.49019 Y37.86660
G01 X-36.50406 Y37.85273
G01 X-36.53515 Y37.81486
G01 X-36.54605 Y37.79855
G01 X-36.56916 Y37.75532
G01 X-36.57335 Y37.74645
G01 X-36.57665 Y37.73721
G01 X-36.59088 Y37.69032
G01 X-36.59327 Y37.68079
G01 X-36.59471 Y37.67109
G01 X-36.59951 Y37.62232
G01 X-36.60000 Y37.61252
G01 X-36.60000 Y36.93751
G01 X-36.59951 Y36.92771
G01 X-36.59471 Y36.87894
G01 X-36.59327 Y36.86924
G01 X-36.59088 Y36.85971
G01 X-36.57665 Y36.81283
G01 X-36.57335 Y36.80358
G01 X-36.56916 Y36.79469
G01 X-36.54605 Y36.75148
G01 X-36.53515 Y36.73518
G01 X-36.50406 Y36.69731
G01 X-36.49019 Y36.68344
G01 X-36.45232 Y36.65235
G01 X-36.44445 Y36.64651
G01 X-36.43601 Y36.64145
G01 X-36.39281 Y36.61834
G01 X-36.37470 Y36.61085
G01 X-36.32779 Y36.59662
G01 X-36.30856 Y36.59279
G01 X-36.25979 Y36.58799
G01 X-36.24998 Y36.58750
G01 X-36.00086 Y36.58750
G01 X-34.87572 Y36.16149
G01 X-34.73515 Y36.02093
G01 X-34.34999 Y35.10897
G01 X-34.34999 Y34.89751
G01 X-34.34951 Y34.88771
G01 X-34.34471 Y34.83894
G01 X-34.34326 Y34.82924
G01 X-34.34087 Y34.81971
G01 X-34.32665 Y34.77282
G01 X-34.32334 Y34.76358
G01 X-34.31915 Y34.75471
G01 X-34.29604 Y34.71148
G01 X-34.28517 Y34.69518
G01 X-34.25405 Y34.65731
G01 X-34.24021 Y34.64344
G01 X-34.20231 Y34.61235
G01 X-34.19444 Y34.60651
G01 X-34.18603 Y34.60145
G01 X-34.14280 Y34.57836
G01 X-34.12469 Y34.57084
G01 X-34.07778 Y34.55662
G01 X-34.05855 Y34.55281
G01 X-34.00978 Y34.54798
G01 X-33.99998 Y34.54750
G01 X-33.04999 Y34.54750
G01 X-33.04019 Y34.54798
G01 X-32.99142 Y34.55281
G01 X-32.97219 Y34.55662
G01 X-32.92528 Y34.57084
G01 X-32.90719 Y34.57834
G01 X-32.90430 Y34.57989
G01 X-32.90232 Y34.58072
G01 X-32.19079 Y34.93414
G01 X-31.01113 Y34.44425
G01 X-31.00646 Y34.44265
G01 X-31.00029 Y34.43973
G01 X-30.99102 Y34.43640
G01 X-30.85033 Y34.39373
G01 X-30.84083 Y34.39134
G01 X-30.83110 Y34.38989
G01 X-30.68479 Y34.37549
G01 X-30.66519 Y34.37549
G01 X-30.51886 Y34.38989
G01 X-30.50915 Y34.39134
G01 X-30.49965 Y34.39373
G01 X-30.35894 Y34.43640
G01 X-30.34083 Y34.44392
G01 X-30.21116 Y34.51321
G01 X-30.20275 Y34.51827
G01 X-30.19488 Y34.52411
G01 X-30.08309 Y34.61585
G01 X-30.08066 Y34.61725
G01 X-29.62526 Y34.92502
G01 X-29.57499 Y34.92502
G01 X-29.56714 Y34.92535
G01 X-29.53585 Y34.92782
G01 X-29.52036 Y34.93025
G01 X-29.48983 Y34.93759
G01 X-29.47492 Y34.94245
G01 X-29.44591 Y34.95444
G01 X-29.43194 Y34.96157
G01 X-29.40517 Y34.97796
G01 X-29.39247 Y34.98720
G01 X-29.36862 Y35.00757
G01 X-29.36285 Y35.01291
G01 X-28.75785 Y35.61791
G01 X-28.75124 Y35.62517
G01 X-28.72638 Y35.65548
G01 X-28.71548 Y35.67178
G01 X-28.69702 Y35.70635
G01 X-28.69282 Y35.71524
G01 X-28.68950 Y35.72446
G01 X-28.67812 Y35.76200
G01 X-28.67431 Y35.78120
G01 X-28.67045 Y35.82024
G01 X-28.66996 Y35.83005
G01 X-28.66999 Y41.80461
G01 X-28.09730 Y43.14969
G01 X-28.09618 Y43.15328
G01 X-28.09229 Y43.16145
G01 X-28.08899 Y43.17070
G01 X-28.04063 Y43.33016
G01 X-28.03679 Y43.34939
G01 X-28.02046 Y43.51520
G01 X-28.01998 Y43.52500
G01 X-27.91998 Y43.52500
G01 X-27.81998 Y43.52500
G01 X-27.82143 Y43.55442
G01 X-27.83776 Y43.72025
G01 X-27.84924 Y43.77791
G01 X-27.89760 Y43.93737
G01 X-27.90753 Y43.96511
G01 X-27.92011 Y43.99170
G01 X-27.99867 Y44.13867
G01 X-28.03133 Y44.18756
G01 X-28.13705 Y44.31637
G01 X-28.15681 Y44.33819
G01 X-28.17863 Y44.35795
G01 X-28.30743 Y44.46366
G01 X-28.35633 Y44.49633
G01 X-28.50329 Y44.57489
G01 X-28.55762 Y44.59739
G01 X-28.71708 Y44.64575
G01 X-28.74563 Y44.65292
G01 X-28.77476 Y44.65724
G01 X-28.94058 Y44.67357
G01 X-28.96999 Y44.67501
G01 X-28.99940 Y44.67357
G01 X-29.16521 Y44.65724
G01 X-29.22290 Y44.64575
G01 X-29.38236 Y44.59739
G01 X-29.41007 Y44.58749
G01 X-29.43669 Y44.57489
G01 X-29.58365 Y44.49633
G01 X-29.63255 Y44.46366
G01 X-29.76135 Y44.35795
G01 X-29.78317 Y44.33819
G01 X-29.80293 Y44.31637
G01 X-29.90865 Y44.18756
G01 X-29.94131 Y44.13867
G01 X-30.01987 Y43.99170
G01 X-30.03245 Y43.96511
G01 X-30.04238 Y43.93737
G01 X-30.09074 Y43.77791
G01 X-30.10222 Y43.72025
G01 X-30.11855 Y43.55442
G01 X-30.12000 Y43.52500
G01 X-30.11855 Y43.49562
G01 X-30.10222 Y43.32978
G01 X-30.09074 Y43.27210
G01 X-30.04238 Y43.11264
G01 X-30.03427 Y43.09308
G01 X-30.02668 Y43.07136
G01 X-29.46999 Y41.76384
G01 X-29.46798 Y41.76425
G01 X-29.46999 Y41.76384
G01 X-29.46999 Y36.03714
G01 X-29.46237 Y36.03399
G01 X-29.46999 Y36.03714
G01 X-29.52142 Y35.98570
G01 X-29.51741 Y35.97031
G01 X-29.52142 Y35.98570
G01 X-29.73542 Y36.04592
G01 X-29.75231 Y36.04209
G01 X-29.75802 Y36.04112
G01 X-29.76379 Y36.04082
G01 X-29.92533 Y36.04201
G01 X-29.93181 Y36.04249
G01 X-29.93181 Y36.04219
G01 X-29.93181 Y36.04249
G01 X-30.24652 Y36.08590
G01 X-29.49214 Y35.87356
G01 X-29.48812 Y35.85819
G01 X-29.49214 Y35.87356
G01 X-29.36999 Y35.99573
G01 X-29.36237 Y35.99256
G01 X-29.36999 Y35.99573
G01 X-29.36999 Y41.78424
G01 X-29.36796 Y41.78465
G01 X-29.36999 Y41.78424
G01 X-29.93466 Y43.11053
G01 X-29.93946 Y43.12427
G01 X-29.94667 Y43.14167
G01 X-29.99503 Y43.30113
G01 X-30.00270 Y43.33958
G01 X-30.01903 Y43.50542
G01 X-30.02000 Y43.52500
G01 X-30.01903 Y43.54461
G01 X-30.00270 Y43.71045
G01 X-29.99503 Y43.74891
G01 X-29.94667 Y43.90834
G01 X-29.94007 Y43.92683
G01 X-29.93166 Y43.94456
G01 X-29.85312 Y44.09153
G01 X-29.83133 Y44.12411
G01 X-29.72564 Y44.25294
G01 X-29.71246 Y44.26747
G01 X-29.69790 Y44.28065
G01 X-29.56910 Y44.38637
G01 X-29.53651 Y44.40814
G01 X-29.38955 Y44.48670
G01 X-29.37182 Y44.49508
G01 X-29.35333 Y44.50171
G01 X-29.19386 Y44.55007
G01 X-29.17484 Y44.55485
G01 X-29.15541 Y44.55772
G01 X-28.98960 Y44.57405
G01 X-28.95038 Y44.57405
G01 X-28.78457 Y44.55772
G01 X-28.76514 Y44.55485
G01 X-28.74611 Y44.55007
G01 X-28.58665 Y44.50171
G01 X-28.55043 Y44.48670
G01 X-28.40347 Y44.40814
G01 X-28.38663 Y44.39805
G01 X-28.37088 Y44.38637
G01 X-28.24208 Y44.28065
G01 X-28.22752 Y44.26747
G01 X-28.21434 Y44.25294
G01 X-28.10862 Y44.12411
G01 X-28.08686 Y44.09153
G01 X-28.00829 Y43.94456
G01 X-27.99991 Y43.92683
G01 X-27.99331 Y43.90834
G01 X-27.94492 Y43.74891
G01 X-27.93728 Y43.71045
G01 X-27.92094 Y43.54461
G01 X-27.91998 Y43.52500
G01 X-27.92094 Y43.50542
G01 X-27.93728 Y43.33958
G01 X-27.94492 Y43.30113
G01 X-27.99331 Y43.14167
G01 X-27.99991 Y43.12320
G01 X-28.00408 Y43.11439
G01 X-28.00530 Y43.11053
G01 X-28.56999 Y41.78422
G01 X-28.57200 Y41.78462
G01 X-28.56999 Y41.78422
G01 X-28.56996 Y35.83005
G01 X-28.57093 Y35.81044
G01 X-28.57479 Y35.77143
G01 X-28.58244 Y35.73297
G01 X-28.59382 Y35.69545
G01 X-28.60042 Y35.67696
G01 X-28.60883 Y35.65921
G01 X-28.62729 Y35.62464
G01 X-28.64909 Y35.59205
G01 X-28.67395 Y35.56175
G01 X-28.68713 Y35.54719
G01 X-29.29214 Y34.94219
G01 X-29.30367 Y34.93152
G01 X-29.32755 Y34.91115
G01 X-29.35292 Y34.89271
G01 X-29.37969 Y34.87630
G01 X-29.40766 Y34.86206
G01 X-29.43664 Y34.85004
G01 X-29.46648 Y34.84034
G01 X-29.49701 Y34.83302
G01 X-29.52800 Y34.82812
G01 X-29.55929 Y34.82566
G01 X-29.57499 Y34.82502
G01 X-29.59463 Y34.82502
G01 X-29.59574 Y34.82822
G01 X-29.59463 Y34.82502
G01 X-30.02465 Y34.53440
G01 X-30.13143 Y34.44682
G01 X-30.14720 Y34.43511
G01 X-30.16402 Y34.42502
G01 X-30.29368 Y34.35571
G01 X-30.32991 Y34.34072
G01 X-30.39805 Y34.32002
G01 X-30.14830 Y34.32002
G01 X-30.11690 Y34.33683
G01 X-30.09163 Y34.35197
G01 X-30.06798 Y34.36950
G01 X-29.96514 Y34.45393
G01 X-29.56333 Y34.72548
G01 X-29.56417 Y34.72749
G01 X-29.56333 Y34.72548
G01 X-29.55145 Y34.72596
G01 X-29.52015 Y34.72843
G01 X-29.47367 Y34.73579
G01 X-29.44314 Y34.74311
G01 X-29.39836 Y34.75766
G01 X-29.36938 Y34.76968
G01 X-29.32744 Y34.79104
G01 X-29.30067 Y34.80745
G01 X-29.26260 Y34.83511
G01 X-29.23872 Y34.85550
G01 X-29.22142 Y34.87148
G01 X-28.61642 Y35.47648
G01 X-28.59666 Y35.49830
G01 X-28.57177 Y35.52860
G01 X-28.53910 Y35.57750
G01 X-28.52061 Y35.61209
G01 X-28.50804 Y35.63869
G01 X-28.49811 Y35.66642
G01 X-28.48673 Y35.70394
G01 X-28.47527 Y35.76162
G01 X-28.47141 Y35.80064
G01 X-28.46996 Y35.83005
G01 X-28.46999 Y41.76382
G01 X-28.47200 Y41.76423
G01 X-28.46999 Y41.76382
G01 X-27.91327 Y43.07136
G01 X-27.91198 Y43.07553
G01 X-27.90753 Y43.08492
G01 X-27.89760 Y43.11264
G01 X-27.84924 Y43.27210
G01 X-27.83776 Y43.32978
G01 X-27.82143 Y43.49562
G01 X-27.81998 Y43.52500
G01 X-27.71998 Y43.52500
G01 X-27.61998 Y43.52500
G01 X-27.51998 Y43.52500
G01 X-27.41998 Y43.52500
G01 X-27.31998 Y43.52500
G01 X-27.21998 Y43.52500
G01 X-27.11998 Y43.52500
G01 X-27.01998 Y43.52500
G01 X-27.11998 Y43.52500
G01 X-27.21998 Y43.52500
G01 X-27.22432 Y43.61322
G01 X-27.24066 Y43.77906
G01 X-27.27507 Y43.95211
G01 X-27.32343 Y44.11154
G01 X-27.35320 Y44.19470
G01 X-27.39097 Y44.27456
G01 X-27.46951 Y44.42150
G01 X-27.56753 Y44.56821
G01 X-27.67324 Y44.69701
G01 X-27.73255 Y44.76244
G01 X-27.79798 Y44.82175
G01 X-27.92679 Y44.92747
G01 X-28.07350 Y45.02548
G01 X-28.22046 Y45.10405
G01 X-28.38345 Y45.17156
G01 X-28.54291 Y45.21992
G01 X-28.62859 Y45.24138
G01 X-28.71594 Y45.25434
G01 X-28.88178 Y45.27067
G01 X-29.05820 Y45.27067
G01 X-29.22404 Y45.25434
G01 X-29.39706 Y45.21992
G01 X-29.55653 Y45.17156
G01 X-29.63969 Y45.14179
G01 X-29.71952 Y45.10405
G01 X-29.86648 Y45.02548
G01 X-30.01317 Y44.92747
G01 X-30.14197 Y44.82175
G01 X-30.18995 Y44.77827
G01 X-30.18995 Y44.91174
G01 X-30.07662 Y45.00478
G01 X-29.91362 Y45.11367
G01 X-29.76666 Y45.19224
G01 X-29.67796 Y45.23420
G01 X-29.58556 Y45.26724
G01 X-29.42610 Y45.31563
G01 X-29.23382 Y45.35386
G01 X-29.06801 Y45.37019
G01 X-28.87197 Y45.37019
G01 X-28.70613 Y45.35386
G01 X-28.60908 Y45.33945
G01 X-28.51388 Y45.31563
G01 X-28.35442 Y45.26724
G01 X-28.17332 Y45.19224
G01 X-28.02635 Y45.11367
G01 X-27.86336 Y45.00478
G01 X-27.73456 Y44.89907
G01 X-27.66184 Y44.83316
G01 X-27.59593 Y44.76044
G01 X-27.49024 Y44.63163
G01 X-27.38132 Y44.46864
G01 X-27.30276 Y44.32170
G01 X-27.26080 Y44.23298
G01 X-27.22775 Y44.14057
G01 X-27.17939 Y43.98111
G01 X-27.14114 Y43.78886
G01 X-27.12481 Y43.62302
G01 X-27.11998 Y43.52500
G01 X-27.12481 Y43.42699
G01 X-27.14114 Y43.26117
G01 X-27.17939 Y43.06890
G01 X-27.22775 Y42.90944
G01 X-27.26461 Y42.80801
G01 X-27.76999 Y41.62102
G01 X-27.77200 Y41.62143
G01 X-27.76999 Y41.62102
G01 X-27.76997 Y35.83005
G01 X-27.77479 Y35.73203
G01 X-27.77863 Y35.69299
G01 X-27.81688 Y35.50074
G01 X-27.82826 Y35.46322
G01 X-27.86133 Y35.37082
G01 X-27.90329 Y35.28210
G01 X-27.92176 Y35.24753
G01 X-28.03067 Y35.08453
G01 X-28.05554 Y35.05423
G01 X-28.12145 Y34.98151
G01 X-28.72645 Y34.37651
G01 X-28.78411 Y34.32319
G01 X-28.80796 Y34.30282
G01 X-28.93491 Y34.21060
G01 X-28.96168 Y34.19419
G01 X-29.05841 Y34.14491
G01 X-29.07682 Y34.15136
G01 X-29.11576 Y34.16528
G01 X-29.19364 Y34.19523
G01 X-29.16877 Y34.20333
G01 X-29.13976 Y34.21535
G01 X-29.01393 Y34.27946
G01 X-28.98719 Y34.29586
G01 X-28.87291 Y34.37887
G01 X-28.84906 Y34.39924
G01 X-28.79717 Y34.44722
G01 X-28.19217 Y35.05222
G01 X-28.13286 Y35.11766
G01 X-28.10796 Y35.14796
G01 X-28.00995 Y35.29467
G01 X-27.99148 Y35.32924
G01 X-27.95371 Y35.40910
G01 X-27.92397 Y35.49225
G01 X-27.91256 Y35.52977
G01 X-27.87814 Y35.70280
G01 X-27.87431 Y35.74181
G01 X-27.86997 Y35.83005
G01 X-27.86999 Y41.64142
G01 X-27.87200 Y41.64182
G01 X-27.86999 Y41.64142
G01 X-27.35661 Y42.84718
G01 X-27.32343 Y42.93847
G01 X-27.27507 Y43.09793
G01 X-27.24066 Y43.27098
G01 X-27.22432 Y43.43679
G01 X-27.21998 Y43.52500
G01 X-27.31998 Y43.52500
G01 X-27.41998 Y43.52500
G01 X-27.51998 Y43.52500
G01 X-27.61998 Y43.52500
G01 X-27.62239 Y43.57403
G01 X-27.63872 Y43.73984
G01 X-27.65785 Y43.83598
G01 X-27.70621 Y43.99544
G01 X-27.72275 Y44.04164
G01 X-27.74373 Y44.08599
G01 X-27.82226 Y44.23295
G01 X-27.87672 Y44.31444
G01 X-27.98244 Y44.44324
G01 X-28.01538 Y44.47961
G01 X-28.05175 Y44.51256
G01 X-28.18056 Y44.61827
G01 X-28.21998 Y44.64751
G01 X-28.26207 Y44.67273
G01 X-28.40900 Y44.75127
G01 X-28.49956 Y44.78878
G01 X-28.65902 Y44.83714
G01 X-28.70662 Y44.84908
G01 X-28.75516 Y44.85627
G01 X-28.92097 Y44.87260
G01 X-29.01899 Y44.87260
G01 X-29.18482 Y44.85627
G01 X-29.28096 Y44.83714
G01 X-29.44042 Y44.78878
G01 X-29.48660 Y44.77225
G01 X-29.53097 Y44.75127
G01 X-29.67791 Y44.67273
G01 X-29.75942 Y44.61827
G01 X-29.88822 Y44.51256
G01 X-29.92457 Y44.47961
G01 X-29.95754 Y44.44324
G01 X-30.06323 Y44.31444
G01 X-30.11769 Y44.23295
G01 X-30.18995 Y44.09775
G01 X-30.18995 Y43.78919
G01 X-30.18995 Y43.57471
G01 X-30.18985 Y43.56857
G01 X-30.18444 Y43.48886
G01 X-30.16529 Y43.32577
G01 X-30.15226 Y43.24809
G01 X-30.11690 Y43.08630
G01 X-30.11388 Y43.07316
G01 X-30.10189 Y43.05053
G01 X-30.10156 Y43.04990
G01 X-30.09879 Y43.04446
G01 X-30.09849 Y43.04388
G01 X-30.08855 Y43.02379
G01 X-30.08828 Y43.02320
G01 X-30.07133 Y42.98782
G01 X-30.07032 Y42.98558
G01 X-30.03819 Y42.90905
G01 X-30.03730 Y42.90677
G01 X-30.03702 Y42.90687
G01 X-30.03730 Y42.90677
G01 X-30.02389 Y42.86986
G01 X-30.02310 Y42.86753
G01 X-29.99813 Y42.78660
G01 X-29.99747 Y42.78426
G01 X-29.98764 Y42.74581
G01 X-29.98734 Y42.74462
G01 X-29.97735 Y42.70121
G01 X-29.97710 Y42.70001
G01 X-29.97695 Y42.69930
G01 X-29.87695 Y42.20916
G01 X-29.77695 Y41.71901
G01 X-29.76999 Y41.70263
G01 X-29.76945 Y41.70268
G01 X-29.76999 Y41.70263
G01 X-29.76999 Y38.84897
G01 X-29.66999 Y38.54351
G01 X-29.66999 Y41.72303
G01 X-29.66796 Y41.72343
G01 X-29.66999 Y41.72303
G01 X-29.87695 Y42.20916
G01 X-29.97695 Y42.69930
G01 X-29.56999 Y41.74342
G01 X-29.56796 Y41.74386
G01 X-29.56999 Y41.74342
G01 X-29.56999 Y38.23802
G01 X-29.59859 Y37.89652
G01 X-29.62498 Y37.58186
G01 X-29.72498 Y36.38867
G01 X-29.72528 Y36.38501
G01 X-29.72699 Y36.36469
G01 X-29.72884 Y36.34600
G01 X-29.74022 Y36.30848
G01 X-29.75868 Y36.27389
G01 X-29.78358 Y36.24359
G01 X-29.81388 Y36.21872
G01 X-29.84845 Y36.20023
G01 X-29.88596 Y36.18885
G01 X-29.92498 Y36.18501
G01 X-30.23313 Y36.18501
G01 X-30.31124 Y36.19578
G01 X-30.23313 Y36.18501
G01 X-29.92498 Y36.18501
G01 X-29.88596 Y36.18885
G01 X-29.84845 Y36.20023
G01 X-29.81388 Y36.21872
G01 X-29.78358 Y36.24359
G01 X-29.75868 Y36.27389
G01 X-29.74022 Y36.30848
G01 X-29.72884 Y36.34600
G01 X-29.72699 Y36.36469
G01 X-29.72498 Y36.38501
G01 X-29.72498 Y36.38867
G01 X-29.72498 Y37.88501
G01 X-29.72884 Y37.92403
G01 X-29.74022 Y37.96154
G01 X-29.75868 Y37.99614
G01 X-29.76476 Y38.00353
G01 X-29.76963 Y38.01140
G01 X-30.27499 Y38.70050
G01 X-30.27994 Y38.69888
G01 X-30.27499 Y38.70050
G01 X-30.27497 Y42.69000
G01 X-30.27593 Y42.70961
G01 X-30.27979 Y42.74863
G01 X-30.28744 Y42.78708
G01 X-30.29882 Y42.82460
G01 X-30.30542 Y42.84309
G01 X-30.31383 Y42.86085
G01 X-30.33229 Y42.89541
G01 X-30.35409 Y42.92800
G01 X-30.37895 Y42.95831
G01 X-30.38101 Y42.96059
G01 X-30.38332 Y42.95973
G01 X-30.38101 Y42.96059
G01 X-30.46044 Y43.54200
G01 X-30.46094 Y43.54451
G01 X-30.47728 Y43.71045
G01 X-30.48492 Y43.74891
G01 X-30.53331 Y43.90834
G01 X-30.53991 Y43.92683
G01 X-30.54829 Y43.94456
G01 X-30.62686 Y44.09153
G01 X-30.64862 Y44.12411
G01 X-30.75434 Y44.25294
G01 X-30.76752 Y44.26747
G01 X-30.78208 Y44.28065
G01 X-30.91088 Y44.38637
G01 X-30.92663 Y44.39805
G01 X-30.94347 Y44.40814
G01 X-31.09043 Y44.48670
G01 X-31.12665 Y44.50171
G01 X-31.28611 Y44.55007
G01 X-31.30514 Y44.55485
G01 X-31.32457 Y44.55772
G01 X-31.49038 Y44.57405
G01 X-31.52960 Y44.57405
G01 X-31.69541 Y44.55772
G01 X-31.71484 Y44.55485
G01 X-31.73386 Y44.55007
G01 X-31.89333 Y44.50171
G01 X-31.91182 Y44.49508
G01 X-31.92955 Y44.48670
G01 X-32.07651 Y44.40814
G01 X-32.10910 Y44.38637
G01 X-32.23790 Y44.28065
G01 X-32.25246 Y44.26747
G01 X-32.26564 Y44.25294
G01 X-32.37133 Y44.12411
G01 X-32.39312 Y44.09153
G01 X-32.47166 Y43.94456
G01 X-32.48007 Y43.92683
G01 X-32.48667 Y43.90834
G01 X-32.53503 Y43.74891
G01 X-32.54270 Y43.71045
G01 X-32.55903 Y43.54461
G01 X-32.56000 Y43.52500
G01 X-32.55903 Y43.50542
G01 X-32.54270 Y43.33958
G01 X-32.53503 Y43.30113
G01 X-32.48667 Y43.14167
G01 X-32.48007 Y43.12320
G01 X-32.47166 Y43.10545
G01 X-32.39312 Y42.95851
G01 X-32.37133 Y42.92589
G01 X-32.26564 Y42.79709
G01 X-32.25246 Y42.78256
G01 X-32.23790 Y42.76938
G01 X-32.10910 Y42.66367
G01 X-32.07651 Y42.64187
G01 X-31.92998 Y42.56356
G01 X-31.92848 Y42.56250
G01 X-31.07496 Y42.05688
G01 X-31.06170 Y42.06450
G01 X-31.07496 Y42.05688
G01 X-31.07499 Y38.70048
G01 X-31.07001 Y38.69885
G01 X-31.07499 Y38.70048
G01 X-31.55767 Y38.04229
G01 X-31.55581 Y38.04008
G01 X-31.55767 Y38.04229
G01 X-32.19396 Y37.72413
G01 X-32.19396 Y37.71242
G01 X-32.19396 Y37.72413
G01 X-32.85784 Y38.05390
G01 X-32.85949 Y38.05458
G01 X-32.86002 Y38.05486
G01 X-32.87778 Y38.06324
G01 X-32.89627 Y38.06987
G01 X-32.94316 Y38.08410
G01 X-32.98161 Y38.09174
G01 X-33.03038 Y38.09654
G01 X-33.04999 Y38.09751
G01 X-33.99998 Y38.09751
G01 X-34.01959 Y38.09654
G01 X-34.06835 Y38.09174
G01 X-34.10681 Y38.08410
G01 X-34.15372 Y38.06987
G01 X-34.18994 Y38.05486
G01 X-34.23315 Y38.03177
G01 X-34.24999 Y38.02166
G01 X-34.26576 Y38.00998
G01 X-34.30363 Y37.97889
G01 X-34.31819 Y37.96571
G01 X-34.33137 Y37.95118
G01 X-34.36246 Y37.91328
G01 X-34.38423 Y37.88069
G01 X-34.40734 Y37.83746
G01 X-34.41572 Y37.81973
G01 X-34.42235 Y37.80124
G01 X-34.43658 Y37.75435
G01 X-34.44135 Y37.73530
G01 X-34.44422 Y37.71590
G01 X-34.44902 Y37.66710
G01 X-34.44999 Y37.64752
G01 X-34.44999 Y36.98163
G01 X-34.45118 Y36.98585
G01 X-34.54999 Y37.36406
G01 X-34.54999 Y37.64752
G01 X-34.54854 Y37.67691
G01 X-34.54374 Y37.72570
G01 X-34.53942 Y37.75481
G01 X-34.53226 Y37.78336
G01 X-34.51804 Y37.83027
G01 X-34.50813 Y37.85799
G01 X-34.49553 Y37.88460
G01 X-34.47244 Y37.92784
G01 X-34.43975 Y37.97673
G01 X-34.40866 Y38.01460
G01 X-34.38890 Y38.03642
G01 X-34.36708 Y38.05618
G01 X-34.32919 Y38.08727
G01 X-34.30554 Y38.10482
G01 X-34.28029 Y38.11996
G01 X-34.23709 Y38.14305
G01 X-34.18276 Y38.16555
G01 X-34.13584 Y38.17980
G01 X-34.07816 Y38.19126
G01 X-34.02939 Y38.19606
G01 X-33.99998 Y38.19751
G01 X-33.04999 Y38.19751
G01 X-33.02058 Y38.19606
G01 X-32.97181 Y38.19126
G01 X-32.91413 Y38.17980
G01 X-32.86724 Y38.16555
G01 X-32.82086 Y38.14716
G01 X-32.19411 Y37.83586
G01 X-32.19411 Y37.82413
G01 X-32.19411 Y37.83586
G01 X-31.62401 Y38.12093
G01 X-31.62216 Y38.11872
G01 X-31.62401 Y38.12093
G01 X-31.17499 Y38.73322
G01 X-31.17001 Y38.73159
G01 X-31.17499 Y38.73322
G01 X-31.17499 Y41.99991
G01 X-31.16170 Y42.00753
G01 X-31.17499 Y41.99991
G01 X-31.97943 Y42.47647
G01 X-31.98032 Y42.47708
G01 X-32.12365 Y42.55368
G01 X-32.17255 Y42.58637
G01 X-32.30135 Y42.69206
G01 X-32.32317 Y42.71185
G01 X-32.34293 Y42.73364
G01 X-32.44865 Y42.86247
G01 X-32.48131 Y42.91137
G01 X-32.55987 Y43.05830
G01 X-32.57245 Y43.08492
G01 X-32.58238 Y43.11264
G01 X-32.63074 Y43.27210
G01 X-32.64222 Y43.32978
G01 X-32.65855 Y43.49562
G01 X-32.66000 Y43.52500
G01 X-32.65855 Y43.55442
G01 X-32.64222 Y43.72025
G01 X-32.63074 Y43.77791
G01 X-32.58238 Y43.93737
G01 X-32.57245 Y43.96511
G01 X-32.55987 Y43.99170
G01 X-32.48131 Y44.13867
G01 X-32.44865 Y44.18756
G01 X-32.34293 Y44.31637
G01 X-32.32317 Y44.33819
G01 X-32.30135 Y44.35795
G01 X-32.17255 Y44.46366
G01 X-32.12365 Y44.49633
G01 X-31.97669 Y44.57489
G01 X-31.95007 Y44.58749
G01 X-31.92236 Y44.59739
G01 X-31.76290 Y44.64575
G01 X-31.70521 Y44.65724
G01 X-31.53940 Y44.67357
G01 X-31.50999 Y44.67501
G01 X-31.48058 Y44.67357
G01 X-31.31476 Y44.65724
G01 X-31.28563 Y44.65292
G01 X-31.25708 Y44.64575
G01 X-31.09762 Y44.59739
G01 X-31.04329 Y44.57489
G01 X-30.89633 Y44.49633
G01 X-30.84743 Y44.46366
G01 X-30.71863 Y44.35795
G01 X-30.69681 Y44.33819
G01 X-30.67705 Y44.31637
G01 X-30.57133 Y44.18756
G01 X-30.53867 Y44.13867
G01 X-30.46011 Y43.99170
G01 X-30.44753 Y43.96511
G01 X-30.43760 Y43.93737
G01 X-30.38924 Y43.77791
G01 X-30.37776 Y43.72025
G01 X-30.36171 Y43.55731
G01 X-30.36135 Y43.55554
G01 X-30.28579 Y43.00243
G01 X-30.28749 Y43.00187
G01 X-30.28579 Y43.00243
G01 X-30.27677 Y42.99145
G01 X-30.24410 Y42.94256
G01 X-30.22561 Y42.90796
G01 X-30.21304 Y42.88137
G01 X-30.20311 Y42.85363
G01 X-30.19173 Y42.81612
G01 X-30.18027 Y42.75843
G01 X-30.17641 Y42.71942
G01 X-30.17497 Y42.69000
G01 X-30.17499 Y38.73322
G01 X-30.17994 Y38.73162
G01 X-30.17499 Y38.73322
G01 X-29.68899 Y38.07053
G01 X-29.68281 Y38.06052
G01 X-29.67555 Y38.05169
G01 X-29.66397 Y38.03002
G01 X-29.64781 Y37.99982
G01 X-29.63074 Y37.94353
G01 X-29.62498 Y37.88501
G01 X-29.62498 Y37.58186
G01 X-29.62498 Y36.38501
G01 X-29.63074 Y36.32649
G01 X-29.64781 Y36.27021
G01 X-29.67555 Y36.21834
G01 X-29.71286 Y36.17287
G01 X-29.74530 Y36.14623
G01 X-29.72699 Y36.36469
G01 X-29.72528 Y36.38501
G01 X-29.72498 Y36.38867
G01 X-29.62498 Y37.58186
G01 X-29.59859 Y37.89652
G01 X-29.60750 Y38.00294
G01 X-29.63768 Y38.12342
G01 X-29.66503 Y38.20696
G01 X-30.07499 Y38.76596
G01 X-30.07994 Y38.76433
G01 X-30.07499 Y38.76596
G01 X-30.07497 Y42.67949
G01 X-30.08472 Y42.72183
G01 X-30.09402 Y42.75820
G01 X-30.11832 Y42.83694
G01 X-30.13085 Y42.87146
G01 X-30.16204 Y42.94571
G01 X-30.17845 Y42.98002
G01 X-30.18800 Y42.99928
G01 X-30.19051 Y43.00418
G01 X-30.20532 Y43.03219
G01 X-30.20799 Y43.03811
G01 X-30.20984 Y43.04431
G01 X-30.21439 Y43.06402
G01 X-30.21451 Y43.06460
G01 X-30.25020 Y43.22790
G01 X-30.25068 Y43.23031
G01 X-30.26409 Y43.31045
G01 X-30.26445 Y43.31286
G01 X-30.28391 Y43.47837
G01 X-30.28413 Y43.48083
G01 X-30.28970 Y43.56298
G01 X-30.28980 Y43.56542
G01 X-30.28995 Y43.57314
G01 X-30.28998 Y43.57410
G01 X-30.28998 Y43.78899
G01 X-30.29353 Y43.80694
G01 X-30.34192 Y43.96641
G01 X-30.35513 Y44.00336
G01 X-30.37192 Y44.03885
G01 X-30.45048 Y44.18581
G01 X-30.49404 Y44.25101
G01 X-30.59975 Y44.37982
G01 X-30.62609 Y44.40890
G01 X-30.65518 Y44.43526
G01 X-30.78401 Y44.54095
G01 X-30.84918 Y44.58454
G01 X-30.99615 Y44.66308
G01 X-31.06859 Y44.69307
G01 X-31.22805 Y44.74146
G01 X-31.26612 Y44.75099
G01 X-31.30496 Y44.75675
G01 X-31.47077 Y44.77308
G01 X-31.54918 Y44.77308
G01 X-31.71502 Y44.75675
G01 X-31.79193 Y44.74146
G01 X-31.95139 Y44.69307
G01 X-31.98835 Y44.67987
G01 X-32.02383 Y44.66308
G01 X-32.17077 Y44.58454
G01 X-32.23597 Y44.54095
G01 X-32.36478 Y44.43526
G01 X-32.39386 Y44.40890
G01 X-32.42022 Y44.37982
G01 X-32.52594 Y44.25101
G01 X-32.56950 Y44.18581
G01 X-32.64806 Y44.03885
G01 X-32.66483 Y44.00336
G01 X-32.67806 Y43.96641
G01 X-32.70102 Y43.89069
G01 X-32.71273 Y43.81182
G01 X-32.72088 Y43.72922
G01 X-32.72896 Y43.56501
G01 X-32.72896 Y43.48503
G01 X-32.72088 Y43.32084
G01 X-32.71273 Y43.23826
G01 X-32.70100 Y43.15930
G01 X-32.68840 Y43.07423
G01 X-32.67046 Y42.98419
G01 X-32.62932 Y42.81993
G01 X-32.60402 Y42.73674
G01 X-32.59792 Y42.71670
G01 X-32.58906 Y42.69188
G01 X-32.58812 Y42.68899
G01 X-32.54542 Y42.54197
G01 X-32.54468 Y42.53918
G01 X-32.53577 Y42.50024
G01 X-32.51037 Y42.38904
G01 X-32.50981 Y42.38627
G01 X-32.50178 Y42.33910
G01 X-32.47661 Y42.19107
G01 X-32.47283 Y42.16870
G01 X-32.47245 Y42.16616
G01 X-32.45997 Y42.06026
G01 X-32.44486 Y41.93166
G01 X-32.43851 Y41.87764
G01 X-32.43836 Y41.87611
G01 X-32.43280 Y41.81183
G01 X-32.37445 Y41.78063
G01 X-31.97499 Y41.54436
G01 X-31.96170 Y41.55198
G01 X-31.97499 Y41.54436
G01 X-31.97499 Y38.99512
G01 X-31.97001 Y38.99349
G01 X-31.97499 Y38.99512
G01 X-32.15477 Y38.74998
G01 X-32.15291 Y38.74777
G01 X-32.15477 Y38.74998
G01 X-32.19531 Y38.72971
G01 X-32.19513 Y38.71884
G01 X-32.19531 Y38.72971
G01 X-32.46500 Y38.86365
G01 X-32.63501 Y38.93111
G01 X-32.68189 Y38.94533
G01 X-32.89340 Y38.98742
G01 X-32.94217 Y38.99222
G01 X-33.04999 Y38.99751
G01 X-33.99998 Y38.99751
G01 X-34.10780 Y38.99222
G01 X-34.15657 Y38.98742
G01 X-34.36807 Y38.94533
G01 X-34.41496 Y38.93111
G01 X-34.61420 Y38.84859
G01 X-34.63264 Y38.83873
G01 X-34.63244 Y38.82072
G01 X-34.63028 Y38.72532
G01 X-34.63020 Y38.72118
G01 X-34.62642 Y38.61117
G01 X-34.63020 Y38.72118
G01 X-34.63028 Y38.72532
G01 X-34.61029 Y38.73731
G01 X-34.56706 Y38.76040
G01 X-34.38596 Y38.83543
G01 X-34.33904 Y38.84965
G01 X-34.14679 Y38.88790
G01 X-34.09800 Y38.89271
G01 X-33.99998 Y38.89751
G01 X-33.04999 Y38.89751
G01 X-32.95197 Y38.89271
G01 X-32.90320 Y38.88790
G01 X-32.71093 Y38.84965
G01 X-32.66404 Y38.83543
G01 X-32.50948 Y38.77409
G01 X-32.19515 Y38.61798
G01 X-32.19500 Y38.60698
G01 X-32.19515 Y38.61798
G01 X-32.08842 Y38.67134
G01 X-32.08657 Y38.66913
G01 X-32.08842 Y38.67134
G01 X-31.87499 Y38.96238
G01 X-31.87001 Y38.96075
G01 X-31.87499 Y38.96238
G01 X-31.87499 Y41.60141
G01 X-31.86163 Y41.60911
G01 X-31.87499 Y41.60141
G01 X-32.32541 Y41.86781
G01 X-32.44486 Y41.93166
G01 X-32.45997 Y42.06026
G01 X-32.40648 Y42.02453
G01 X-32.27636 Y41.95498
G01 X-31.77499 Y41.65843
G01 X-31.76175 Y41.66600
G01 X-31.77499 Y41.65843
G01 X-31.77499 Y38.92964
G01 X-31.77001 Y38.92804
G01 X-31.77499 Y38.92964
G01 X-32.02208 Y38.59271
G01 X-32.02022 Y38.59050
G01 X-32.02208 Y38.59271
G01 X-32.19500 Y38.50624
G01 X-32.19487 Y38.49514
G01 X-32.19500 Y38.50624
G01 X-32.55395 Y38.68453
G01 X-32.69307 Y38.73972
G01 X-32.73996 Y38.75394
G01 X-32.91301 Y38.78839
G01 X-32.96178 Y38.79319
G01 X-33.04999 Y38.79751
G01 X-33.99998 Y38.79751
G01 X-34.08819 Y38.79319
G01 X-34.13698 Y38.78839
G01 X-34.31001 Y38.75394
G01 X-34.35692 Y38.73972
G01 X-34.51991 Y38.67221
G01 X-34.56315 Y38.64912
G01 X-34.62642 Y38.61117
G01 X-34.62289 Y38.50754
G01 X-34.62286 Y38.50680
G01 X-34.62256 Y38.49146
G01 X-34.62131 Y38.42771
G01 X-34.62131 Y38.42695
G01 X-34.62129 Y38.41752
G01 X-34.62022 Y38.36588
G01 X-34.62129 Y38.41752
G01 X-34.62131 Y38.42695
G01 X-34.62131 Y38.42771
G01 X-34.62256 Y38.49146
G01 X-34.58334 Y38.52054
G01 X-34.51600 Y38.56090
G01 X-34.47277 Y38.58402
G01 X-34.32789 Y38.64404
G01 X-34.28098 Y38.65826
G01 X-34.12718 Y38.68884
G01 X-34.07841 Y38.69367
G01 X-33.99998 Y38.69751
G01 X-33.04999 Y38.69751
G01 X-32.97158 Y38.69367
G01 X-32.92281 Y38.68884
G01 X-32.76899 Y38.65826
G01 X-32.72208 Y38.64404
G01 X-32.59846 Y38.59497
G01 X-32.19485 Y38.39451
G01 X-32.19475 Y38.38331
G01 X-32.19485 Y38.39451
G01 X-31.95573 Y38.51407
G01 X-31.95388 Y38.51188
G01 X-31.95573 Y38.51407
G01 X-31.67499 Y38.89692
G01 X-31.67001 Y38.89530
G01 X-31.67499 Y38.89692
G01 X-31.67499 Y41.71548
G01 X-31.66188 Y41.72293
G01 X-31.67499 Y41.71548
G01 X-32.22731 Y42.04215
G01 X-32.35934 Y42.11274
G01 X-32.47661 Y42.19107
G01 X-32.50178 Y42.33910
G01 X-32.42629 Y42.27715
G01 X-32.31220 Y42.20093
G01 X-32.17836 Y42.12938
G01 X-31.57499 Y41.77195
G01 X-31.56165 Y41.77959
G01 X-31.57499 Y41.77195
G01 X-31.57499 Y38.86418
G01 X-31.57001 Y38.86256
G01 X-31.57499 Y38.86418
G01 X-31.88939 Y38.43545
G01 X-31.88753 Y38.43324
G01 X-31.88939 Y38.43545
G01 X-32.19472 Y38.28277
G01 X-32.19460 Y38.27150
G01 X-32.19472 Y38.28277
G01 X-32.64293 Y38.50541
G01 X-32.75111 Y38.54833
G01 X-32.79802 Y38.56256
G01 X-32.93259 Y38.58933
G01 X-32.98139 Y38.59415
G01 X-33.04999 Y38.59751
G01 X-33.99998 Y38.59751
G01 X-34.06861 Y38.59415
G01 X-34.11738 Y38.58933
G01 X-34.25197 Y38.56256
G01 X-34.29886 Y38.54833
G01 X-34.42563 Y38.49583
G01 X-34.46886 Y38.47272
G01 X-34.52779 Y38.43741
G01 X-34.58296 Y38.39649
G01 X-34.62022 Y38.36588
G01 X-34.61976 Y38.34280
G01 X-34.61567 Y38.23238
G01 X-34.61549 Y38.22733
G01 X-34.61547 Y38.22644
G01 X-34.61435 Y38.16693
G01 X-34.61435 Y38.16599
G01 X-34.61435 Y38.16154
G01 X-34.61323 Y38.10500
G01 X-34.61212 Y38.07701
G01 X-34.61323 Y38.10500
G01 X-34.61435 Y38.16154
G01 X-34.61435 Y38.16599
G01 X-34.61435 Y38.16693
G01 X-34.61547 Y38.22644
G01 X-34.61549 Y38.22733
G01 X-34.61567 Y38.23238
G01 X-34.60102 Y38.24856
G01 X-34.55741 Y38.28808
G01 X-34.51951 Y38.31920
G01 X-34.47221 Y38.35425
G01 X-34.42172 Y38.38453
G01 X-34.37849 Y38.40764
G01 X-34.26983 Y38.45265
G01 X-34.22294 Y38.46687
G01 X-34.10757 Y38.48981
G01 X-34.05880 Y38.49464
G01 X-33.99998 Y38.49751
G01 X-33.04999 Y38.49751
G01 X-32.99116 Y38.49464
G01 X-32.94240 Y38.48981
G01 X-32.82706 Y38.46687
G01 X-32.78014 Y38.45265
G01 X-32.68741 Y38.41585
G01 X-32.19457 Y38.17107
G01 X-32.19447 Y38.15969
G01 X-32.19457 Y38.17107
G01 X-31.82304 Y38.35682
G01 X-31.82119 Y38.35461
G01 X-31.82304 Y38.35682
G01 X-31.47499 Y38.83144
G01 X-31.47001 Y38.82981
G01 X-31.47499 Y38.83144
G01 X-31.47499 Y41.82894
G01 X-31.46168 Y41.83659
G01 X-31.47499 Y41.82894
G01 X-32.12927 Y42.21652
G01 X-32.26506 Y42.28912
G01 X-32.36287 Y42.35445
G01 X-32.49167 Y42.46016
G01 X-32.53529 Y42.49971
G01 X-32.53577 Y42.50024
G01 X-32.54468 Y42.53918
G01 X-32.54542 Y42.54197
G01 X-32.58812 Y42.68899
G01 X-32.58906 Y42.69188
G01 X-32.59792 Y42.71670
G01 X-32.60402 Y42.73674
G01 X-32.60323 Y42.73557
G01 X-32.49754 Y42.60677
G01 X-32.46457 Y42.57042
G01 X-32.42822 Y42.53748
G01 X-32.29942 Y42.43176
G01 X-32.21791 Y42.37731
G01 X-32.08019 Y42.30370
G01 X-31.37499 Y41.88592
G01 X-31.36168 Y41.89356
G01 X-31.37499 Y41.88592
G01 X-31.37499 Y38.79870
G01 X-31.37001 Y38.79707
G01 X-31.37499 Y38.79870
G01 X-31.75670 Y38.27818
G01 X-31.75485 Y38.27599
G01 X-31.75670 Y38.27818
G01 X-32.19442 Y38.05933
G01 X-32.19434 Y38.04788
G01 X-32.19442 Y38.05933
G01 X-32.73191 Y38.32629
G01 X-32.80917 Y38.35694
G01 X-32.85606 Y38.37117
G01 X-32.95220 Y38.39029
G01 X-33.00097 Y38.39509
G01 X-33.04999 Y38.39751
G01 X-33.99998 Y38.39751
G01 X-34.04900 Y38.39509
G01 X-34.09777 Y38.39029
G01 X-34.19391 Y38.37117
G01 X-34.24079 Y38.35694
G01 X-34.33135 Y38.31945
G01 X-34.37458 Y38.29634
G01 X-34.41666 Y38.27112
G01 X-34.45608 Y38.24188
G01 X-34.49396 Y38.21079
G01 X-34.53033 Y38.17785
G01 X-34.56327 Y38.14147
G01 X-34.59436 Y38.10360
G01 X-34.61212 Y38.07701
G01 X-34.61029 Y38.03027
G01 X-34.61026 Y38.02931
G01 X-34.60935 Y37.98382
G01 X-34.60932 Y37.98280
G01 X-34.60932 Y37.97269
G01 X-34.60843 Y37.92918
G01 X-34.60638 Y37.87985
G01 X-34.60615 Y37.87424
G01 X-34.60610 Y37.87320
G01 X-34.60528 Y37.83474
G01 X-34.60528 Y37.83370
G01 X-34.60528 Y37.82123
G01 X-34.60450 Y37.78438
G01 X-34.60252 Y37.73855
G01 X-34.60246 Y37.73749
G01 X-34.60170 Y37.70205
G01 X-34.60170 Y37.70099
G01 X-34.60170 Y37.68748
G01 X-34.60000 Y37.61369
G01 X-34.59998 Y37.61252
G01 X-34.59998 Y37.55539
G01 X-34.54999 Y37.36406
G01 X-34.45118 Y36.98585
G01 X-34.44999 Y36.98163
G01 X-34.44465 Y36.96307
G01 X-34.43018 Y36.91702
G01 X-34.41527 Y36.87661
G01 X-34.39685 Y36.83340
G01 X-34.37910 Y36.79682
G01 X-34.35672 Y36.75596
G01 X-34.33561 Y36.72154
G01 X-34.31880 Y36.69690
G01 X-34.31204 Y36.68946
G01 X-34.28303 Y36.66043
G01 X-34.24854 Y36.62918
G01 X-34.21583 Y36.60236
G01 X-34.20442 Y36.59390
G01 X-34.18278 Y36.58275
G01 X-34.14377 Y36.56502
G01 X-34.10021 Y36.54778
G01 X-34.05769 Y36.53330
G01 X-34.02538 Y36.52403
G01 X-34.01128 Y36.52001
G01 X-33.98794 Y36.51394
G01 X-33.59741 Y36.42250
G01 X-33.17046 Y36.32253
G01 X-33.04986 Y36.32253
G01 X-32.67394 Y36.32253
G01 X-32.44915 Y36.32253
G01 X-32.29432 Y36.32253
G01 X-32.28464 Y36.32156
G01 X-32.27532 Y36.31877
G01 X-32.26671 Y36.31422
G01 X-32.14519 Y36.23378
G01 X-32.05736 Y36.21920
G01 X-31.96389 Y36.20368
G01 X-31.95802 Y36.20234
G01 X-31.73684 Y36.13749
G01 X-31.87920 Y36.17925
G01 X-31.88693 Y36.19368
G01 X-31.89152 Y36.20879
G01 X-31.88924 Y36.21044
G01 X-31.89152 Y36.20879
G01 X-32.26272 Y36.52680
G01 X-32.26025 Y36.54656
G01 X-32.26272 Y36.52680
G01 X-32.67394 Y36.32253
G01 X-32.44915 Y36.32253
G01 X-32.27750 Y36.40777
G01 X-32.27504 Y36.42756
G01 X-32.27750 Y36.40777
G01 X-32.05736 Y36.21920
G01 X-32.14519 Y36.23378
G01 X-32.26671 Y36.31422
G01 X-32.27532 Y36.31877
G01 X-32.28464 Y36.32156
G01 X-32.28350 Y36.32548
G01 X-32.28464 Y36.32156
G01 X-32.29432 Y36.32253
G01 X-32.44915 Y36.32253
G01 X-32.67394 Y36.32253
G01 X-33.04986 Y36.32253
G01 X-33.01077 Y36.32443
G01 X-32.96201 Y36.32924
G01 X-32.88509 Y36.34455
G01 X-32.83821 Y36.35878
G01 X-32.77638 Y36.38331
G01 X-32.24791 Y36.64580
G01 X-32.24545 Y36.66556
G01 X-32.24791 Y36.64580
G01 X-31.80498 Y36.26635
G01 X-31.80356 Y36.26746
G01 X-31.80498 Y36.26635
G01 X-31.79455 Y36.23193
G01 X-31.75756 Y36.16279
G01 X-31.73684 Y36.13749
G01 X-31.67209 Y36.11852
G01 X-31.54923 Y36.10937
G01 X-31.54364 Y36.10991
G01 X-31.43209 Y36.12073
G01 X-31.09732 Y36.18501
G01 X-31.43209 Y36.12073
G01 X-31.54364 Y36.10991
G01 X-31.59165 Y36.13556
G01 X-31.63712 Y36.17287
G01 X-31.67443 Y36.21834
G01 X-31.70214 Y36.27021
G01 X-31.71842 Y36.32388
G01 X-31.71616 Y36.32550
G01 X-31.71842 Y36.32388
G01 X-32.23313 Y36.76479
G01 X-32.23066 Y36.78456
G01 X-32.23313 Y36.76479
G01 X-32.82086 Y36.47287
G01 X-32.86724 Y36.45446
G01 X-32.91413 Y36.44023
G01 X-32.97181 Y36.42875
G01 X-33.02058 Y36.42395
G01 X-33.04999 Y36.42250
G01 X-33.59741 Y36.42250
G01 X-33.98794 Y36.51394
G01 X-34.01128 Y36.52001
G01 X-34.02538 Y36.52403
G01 X-34.01959 Y36.52347
G01 X-33.99998 Y36.52250
G01 X-33.04999 Y36.52250
G01 X-33.03038 Y36.52347
G01 X-32.98161 Y36.52827
G01 X-32.94316 Y36.53594
G01 X-32.89627 Y36.55016
G01 X-32.87775 Y36.55677
G01 X-32.86000 Y36.56518
G01 X-32.85954 Y36.56543
G01 X-32.85784 Y36.56614
G01 X-32.21832 Y36.88379
G01 X-32.21580 Y36.90302
G01 X-32.21832 Y36.88379
G01 X-31.62396 Y36.37463
G01 X-31.62073 Y36.37678
G01 X-31.62396 Y36.37463
G01 X-31.62114 Y36.34600
G01 X-31.60976 Y36.30848
G01 X-31.59127 Y36.27389
G01 X-31.56640 Y36.24359
G01 X-31.53610 Y36.21872
G01 X-31.50153 Y36.20023
G01 X-31.46402 Y36.18885
G01 X-31.42498 Y36.18501
G01 X-31.09732 Y36.18501
G01 X-31.07263 Y36.18976
G01 X-31.07199 Y36.18987
G01 X-31.04004 Y36.19558
G01 X-31.03859 Y36.19581
G01 X-30.89155 Y36.21760
G01 X-30.88914 Y36.21791
G01 X-30.84702 Y36.22207
G01 X-30.84456 Y36.22225
G01 X-30.69757 Y36.22946
G01 X-30.69511 Y36.22954
G01 X-30.65485 Y36.22954
G01 X-30.65485 Y36.22982
G01 X-30.65485 Y36.22954
G01 X-30.65241 Y36.22946
G01 X-30.50537 Y36.22225
G01 X-30.50290 Y36.22207
G01 X-30.46079 Y36.21791
G01 X-30.45835 Y36.21760
G01 X-30.31124 Y36.19578
G01 X-29.92135 Y36.14199
G01 X-29.76890 Y36.14087
G01 X-29.74530 Y36.14623
G01 X-29.63141 Y36.17221
G01 X-29.60768 Y36.26596
G01 X-29.59747 Y36.38710
G01 X-29.62498 Y36.38501
G01 X-29.72498 Y36.38501
G01 X-29.72528 Y36.38501
G01 X-29.82498 Y36.38501
G01 X-29.82498 Y37.88501
G01 X-29.82691 Y37.90452
G01 X-29.83260 Y37.92329
G01 X-29.84184 Y37.94056
G01 X-29.84672 Y37.94650
G01 X-29.85028 Y37.95227
G01 X-30.37499 Y38.66776
G01 X-30.37496 Y42.69000
G01 X-30.37545 Y42.69981
G01 X-30.37931 Y42.73885
G01 X-30.38312 Y42.75805
G01 X-30.39450 Y42.79559
G01 X-30.39782 Y42.80481
G01 X-30.40202 Y42.81370
G01 X-30.42048 Y42.84827
G01 X-30.43138 Y42.86458
G01 X-30.45624 Y42.89488
G01 X-30.46285 Y42.90215
G01 X-30.47570 Y42.91502
G01 X-30.55952 Y43.52846
G01 X-30.56036 Y43.53262
G01 X-30.56046 Y43.53481
G01 X-30.57679 Y43.70065
G01 X-30.58063 Y43.71987
G01 X-30.62899 Y43.87933
G01 X-30.63229 Y43.88855
G01 X-30.63651 Y43.89744
G01 X-30.71505 Y44.04438
G01 X-30.72594 Y44.06069
G01 X-30.83166 Y44.18949
G01 X-30.83824 Y44.19676
G01 X-30.84550 Y44.20336
G01 X-30.97430 Y44.30905
G01 X-30.99061 Y44.31995
G01 X-31.13757 Y44.39851
G01 X-31.15568 Y44.40600
G01 X-31.31512 Y44.45437
G01 X-31.32465 Y44.45675
G01 X-31.33435 Y44.45820
G01 X-31.50018 Y44.47453
G01 X-31.51979 Y44.47453
G01 X-31.68560 Y44.45820
G01 X-31.69533 Y44.45675
G01 X-31.70483 Y44.45437
G01 X-31.86429 Y44.40600
G01 X-31.87354 Y44.40270
G01 X-31.88240 Y44.39851
G01 X-32.02937 Y44.31995
G01 X-32.04565 Y44.30905
G01 X-32.17448 Y44.20336
G01 X-32.18174 Y44.19676
G01 X-32.18832 Y44.18949
G01 X-32.29404 Y44.06069
G01 X-32.30493 Y44.04438
G01 X-32.38347 Y43.89744
G01 X-32.38766 Y43.88855
G01 X-32.39099 Y43.87933
G01 X-32.43935 Y43.71987
G01 X-32.44319 Y43.70065
G01 X-32.45952 Y43.53481
G01 X-32.45997 Y43.52500
G01 X-32.45952 Y43.51520
G01 X-32.44319 Y43.34939
G01 X-32.43935 Y43.33016
G01 X-32.39099 Y43.17070
G01 X-32.38766 Y43.16145
G01 X-32.38347 Y43.15259
G01 X-32.30493 Y43.00565
G01 X-32.29404 Y42.98934
G01 X-32.18832 Y42.86054
G01 X-32.18174 Y42.85325
G01 X-32.17448 Y42.84667
G01 X-32.04565 Y42.74096
G01 X-32.02937 Y42.73006
G01 X-31.88240 Y42.65152
G01 X-31.88078 Y42.65084
G01 X-31.87750 Y42.64853
G01 X-30.97496 Y42.11388
G01 X-30.97499 Y38.66774
G01 X-31.49132 Y37.96365
G01 X-32.19383 Y37.61242
G01 X-32.90232 Y37.96434
G01 X-32.90440 Y37.96520
G01 X-32.90717 Y37.96667
G01 X-32.91603 Y37.97086
G01 X-32.92528 Y37.97416
G01 X-32.97219 Y37.98841
G01 X-32.99142 Y37.99222
G01 X-33.04019 Y37.99702
G01 X-33.04999 Y37.99751
G01 X-33.99998 Y37.99751
G01 X-34.00978 Y37.99702
G01 X-34.05855 Y37.99222
G01 X-34.07778 Y37.98841
G01 X-34.12469 Y37.97416
G01 X-34.14280 Y37.96667
G01 X-34.18603 Y37.94358
G01 X-34.19444 Y37.93853
G01 X-34.20231 Y37.93269
G01 X-34.24021 Y37.90160
G01 X-34.25405 Y37.88773
G01 X-34.28517 Y37.84986
G01 X-34.29604 Y37.83355
G01 X-34.31915 Y37.79032
G01 X-34.32334 Y37.78146
G01 X-34.32665 Y37.77221
G01 X-34.34087 Y37.72532
G01 X-34.34326 Y37.71580
G01 X-34.34471 Y37.70609
G01 X-34.34951 Y37.65733
G01 X-34.34999 Y37.64752
G01 X-34.34999 Y36.97252
G01 X-34.34951 Y36.96271
G01 X-34.34471 Y36.91394
G01 X-34.34326 Y36.90424
G01 X-34.34087 Y36.89472
G01 X-34.32665 Y36.84780
G01 X-34.32334 Y36.83858
G01 X-34.31915 Y36.82969
G01 X-34.29604 Y36.78649
G01 X-34.28517 Y36.77018
G01 X-34.25405 Y36.73231
G01 X-34.24021 Y36.71844
G01 X-34.20231 Y36.68735
G01 X-34.19444 Y36.68151
G01 X-34.18603 Y36.67645
G01 X-34.14280 Y36.65334
G01 X-34.12469 Y36.64585
G01 X-34.07778 Y36.63162
G01 X-34.05855 Y36.62779
G01 X-34.00978 Y36.62299
G01 X-33.99998 Y36.62250
G01 X-33.04999 Y36.62250
G01 X-33.04019 Y36.62299
G01 X-32.99142 Y36.62779
G01 X-32.97219 Y36.63162
G01 X-32.92528 Y36.64585
G01 X-32.91603 Y36.64915
G01 X-32.90717 Y36.65336
G01 X-32.90450 Y36.65479
G01 X-32.90232 Y36.65570
G01 X-32.20354 Y37.00279
G01 X-31.52498 Y36.42151
G01 X-31.52498 Y36.38501
G01 X-31.52307 Y36.36551
G01 X-31.51738 Y36.34674
G01 X-31.50814 Y36.32946
G01 X-31.49569 Y36.31430
G01 X-31.48055 Y36.30185
G01 X-31.46325 Y36.29263
G01 X-31.44451 Y36.28694
G01 X-31.42498 Y36.28501
G01 X-29.92498 Y36.28501
G01 X-29.90547 Y36.28694
G01 X-29.88673 Y36.29263
G01 X-29.86943 Y36.30185
G01 X-29.85426 Y36.31430
G01 X-29.84184 Y36.32946
G01 X-29.83260 Y36.34674
G01 X-29.82691 Y36.36551
G01 X-29.82498 Y36.38501
G01 X-29.72528 Y36.38501
G01 X-29.72498 Y36.38501
G01 X-29.62498 Y36.38501
G01 X-29.59747 Y36.38710
G01 X-29.59747 Y37.88295
G01 X-29.59859 Y37.89652
G01 X-29.60750 Y38.00294
G01 X-29.63768 Y38.12342
G01 X-29.66503 Y38.20696
G01 X-29.86501 Y38.81785
G01 X-29.86999 Y38.83307
G01 X-29.87184 Y38.84076
G01 X-29.87248 Y38.84864
G01 X-29.87362 Y38.84846
G01 X-29.87248 Y38.84864
G01 X-29.87248 Y41.68686
G01 X-29.87499 Y41.69918
G01 X-29.97497 Y42.18927
G01 X-29.87499 Y41.69918
G01 X-29.87499 Y38.83144
G01 X-29.87619 Y38.83126
G01 X-29.87499 Y38.83144
G01 X-29.86501 Y38.81785
G01 X-29.66503 Y38.20696
G01 X-29.76503 Y38.51242
G01 X-29.97499 Y38.79870
G01 X-29.97994 Y38.79707
G01 X-29.97499 Y38.79870
G01 X-29.97497 Y42.18927
G01 X-30.07497 Y42.67949
G01 X-30.08472 Y42.72183
G01 X-30.09402 Y42.75820
G01 X-30.11832 Y42.83694
G01 X-30.13085 Y42.87146
G01 X-30.16204 Y42.94571
G01 X-30.17845 Y42.98002
G01 X-30.18800 Y42.99928
G01 X-30.19051 Y43.00418
G01 X-30.20532 Y43.03219
G01 X-30.20799 Y43.03811
G01 X-30.20852 Y43.03791
G01 X-30.20799 Y43.03811
G01 X-30.20984 Y43.04431
G01 X-30.21439 Y43.06402
G01 X-30.21451 Y43.06460
G01 X-30.25020 Y43.22790
G01 X-30.25068 Y43.23031
G01 X-30.26409 Y43.31045
G01 X-30.26445 Y43.31286
G01 X-30.28391 Y43.47837
G01 X-30.28413 Y43.48083
G01 X-30.28970 Y43.56298
G01 X-30.28980 Y43.56542
G01 X-30.28995 Y43.57314
G01 X-30.28998 Y43.57410
G01 X-30.28995 Y44.09765
G01 X-30.28995 Y44.30384
G01 X-30.28995 Y44.77824
G01 X-30.28998 Y44.91172
G01 X-30.28998 Y45.04108
G01 X-30.33991 Y45.08208
G01 X-30.51921 Y45.20189
G01 X-30.66618 Y45.28042
G01 X-30.86539 Y45.36295
G01 X-31.02485 Y45.41131
G01 X-31.12957 Y45.43755
G01 X-31.23633 Y45.45337
G01 X-31.40217 Y45.46970
G01 X-31.61781 Y45.46970
G01 X-31.78362 Y45.45337
G01 X-31.99513 Y45.41131
G01 X-32.15459 Y45.36295
G01 X-32.25622 Y45.32658
G01 X-32.35380 Y45.28042
G01 X-32.43320 Y45.23798
G01 X-32.43833 Y45.17425
G01 X-32.43851 Y45.17242
G01 X-32.44486 Y45.11835
G01 X-32.46000 Y44.98972
G01 X-32.47247 Y44.88378
G01 X-32.47283 Y44.88124
G01 X-32.47661 Y44.85894
G01 X-32.50178 Y44.71091
G01 X-32.50983 Y44.66366
G01 X-32.51039 Y44.66089
G01 X-32.53577 Y44.54977
G01 X-32.54468 Y44.51085
G01 X-32.54542 Y44.50804
G01 X-32.58809 Y44.36107
G01 X-32.58903 Y44.35818
G01 X-32.59792 Y44.33338
G01 X-32.60404 Y44.31324
G01 X-32.59792 Y44.33338
G01 X-32.58903 Y44.35818
G01 X-32.58809 Y44.36107
G01 X-32.54542 Y44.50804
G01 X-32.54468 Y44.51085
G01 X-32.53577 Y44.54977
G01 X-32.53529 Y44.55033
G01 X-32.49167 Y44.58985
G01 X-32.36287 Y44.69556
G01 X-32.26506 Y44.76092
G01 X-32.11812 Y44.83945
G01 X-32.06488 Y44.86463
G01 X-32.00943 Y44.88446
G01 X-31.84999 Y44.93285
G01 X-31.79287 Y44.94715
G01 X-31.73463 Y44.95579
G01 X-31.56879 Y44.97212
G01 X-31.45119 Y44.97212
G01 X-31.28535 Y44.95579
G01 X-31.22711 Y44.94715
G01 X-31.16998 Y44.93285
G01 X-31.01052 Y44.88446
G01 X-30.90186 Y44.83945
G01 X-30.75492 Y44.76092
G01 X-30.65711 Y44.69556
G01 X-30.52830 Y44.58985
G01 X-30.48469 Y44.55033
G01 X-30.44515 Y44.50669
G01 X-30.33943 Y44.37789
G01 X-30.28995 Y44.30384
G01 X-30.28998 Y44.47524
G01 X-30.28998 Y44.63288
G01 X-30.28998 Y44.47524
G01 X-30.36783 Y44.57014
G01 X-30.41398 Y44.62104
G01 X-30.46488 Y44.66717
G01 X-30.59368 Y44.77288
G01 X-30.70778 Y44.84911
G01 X-30.85472 Y44.92764
G01 X-30.98152 Y44.98017
G01 X-31.14095 Y45.02853
G01 X-31.20760 Y45.04522
G01 X-31.27555 Y45.05530
G01 X-31.44138 Y45.07164
G01 X-31.57859 Y45.07164
G01 X-31.74443 Y45.05530
G01 X-31.87903 Y45.02853
G01 X-32.03846 Y44.98017
G01 X-32.10316 Y44.95703
G01 X-32.16526 Y44.92764
G01 X-32.31220 Y44.84911
G01 X-32.42629 Y44.77288
G01 X-32.50178 Y44.71091
G01 X-32.47661 Y44.85894
G01 X-32.35934 Y44.93730
G01 X-32.21238 Y45.01586
G01 X-32.14141 Y45.04941
G01 X-32.06749 Y45.07585
G01 X-31.90803 Y45.12424
G01 X-31.75424 Y45.15482
G01 X-31.58840 Y45.17115
G01 X-31.43158 Y45.17115
G01 X-31.26574 Y45.15482
G01 X-31.18810 Y45.14331
G01 X-31.11192 Y45.12424
G01 X-30.95248 Y45.07585
G01 X-30.80758 Y45.01586
G01 X-30.66064 Y44.93730
G01 X-30.53024 Y44.85017
G01 X-30.40143 Y44.74446
G01 X-30.34327 Y44.69173
G01 X-30.29054 Y44.63356
G01 X-30.28998 Y44.63288
G01 X-30.28995 Y44.77824
G01 X-30.33798 Y44.82175
G01 X-30.46679 Y44.92747
G01 X-30.61350 Y45.02548
G01 X-30.76046 Y45.10405
G01 X-30.92345 Y45.17156
G01 X-31.08291 Y45.21992
G01 X-31.16859 Y45.24138
G01 X-31.25594 Y45.25434
G01 X-31.42178 Y45.27067
G01 X-31.59820 Y45.27067
G01 X-31.76404 Y45.25434
G01 X-31.93706 Y45.21992
G01 X-32.09653 Y45.17156
G01 X-32.17969 Y45.14179
G01 X-32.25952 Y45.10405
G01 X-32.40648 Y45.02548
G01 X-32.46000 Y44.98972
G01 X-32.44486 Y45.11835
G01 X-32.30666 Y45.19224
G01 X-32.21796 Y45.23420
G01 X-32.12556 Y45.26724
G01 X-31.96610 Y45.31563
G01 X-31.77382 Y45.35386
G01 X-31.60801 Y45.37019
G01 X-31.41197 Y45.37019
G01 X-31.24613 Y45.35386
G01 X-31.14908 Y45.33945
G01 X-31.05388 Y45.31563
G01 X-30.89442 Y45.26724
G01 X-30.71332 Y45.19224
G01 X-30.56635 Y45.11367
G01 X-30.40336 Y45.00478
G01 X-30.28998 Y44.91172
G01 X-30.28995 Y44.77824
G01 X-30.28995 Y44.30384
G01 X-30.28995 Y44.09765
G01 X-30.28998 Y43.78899
G01 X-30.28998 Y43.57410
G01 X-30.28995 Y44.09765
G01 X-30.36226 Y44.23295
G01 X-30.41672 Y44.31444
G01 X-30.52244 Y44.44324
G01 X-30.55538 Y44.47961
G01 X-30.59175 Y44.51256
G01 X-30.72056 Y44.61827
G01 X-30.75998 Y44.64751
G01 X-30.80207 Y44.67273
G01 X-30.94900 Y44.75127
G01 X-31.03956 Y44.78878
G01 X-31.19902 Y44.83714
G01 X-31.24662 Y44.84908
G01 X-31.29516 Y44.85627
G01 X-31.46097 Y44.87260
G01 X-31.55899 Y44.87260
G01 X-31.72482 Y44.85627
G01 X-31.82096 Y44.83714
G01 X-31.98042 Y44.78878
G01 X-32.02660 Y44.77225
G01 X-32.07097 Y44.75127
G01 X-32.21791 Y44.67273
G01 X-32.29942 Y44.61827
G01 X-32.42822 Y44.51256
G01 X-32.46457 Y44.47961
G01 X-32.49754 Y44.44324
G01 X-32.60323 Y44.31444
G01 X-32.60404 Y44.31324
G01 X-32.62929 Y44.23026
G01 X-32.67041 Y44.06600
G01 X-32.68840 Y43.97583
G01 X-32.70102 Y43.89069
G01 X-32.71273 Y43.81182
G01 X-32.72088 Y43.72922
G01 X-32.72896 Y43.56501
G01 X-32.72896 Y43.48503
G01 X-32.72088 Y43.32084
G01 X-32.71273 Y43.23826
G01 X-32.70100 Y43.15930
G01 X-32.67806 Y43.08363
G01 X-32.66483 Y43.04665
G01 X-32.64806 Y43.01116
G01 X-32.56950 Y42.86422
G01 X-32.52594 Y42.79902
G01 X-32.42022 Y42.67022
G01 X-32.39386 Y42.64114
G01 X-32.36478 Y42.61477
G01 X-32.23597 Y42.50906
G01 X-32.17077 Y42.46549
G01 X-32.03064 Y42.39059
G01 X-32.03041 Y42.39041
G01 X-31.27499 Y41.94291
G01 X-31.26168 Y41.95053
G01 X-31.27499 Y41.94291
G01 X-31.27499 Y38.76596
G01 X-31.27001 Y38.76433
G01 X-31.27499 Y38.76596
G01 X-31.69035 Y38.19954
G01 X-31.68850 Y38.19735
G01 X-31.69035 Y38.19954
G01 X-32.19427 Y37.94760
G01 X-32.19424 Y37.93586
G01 X-32.19427 Y37.94760
G01 X-32.77638 Y38.23672
G01 X-32.83821 Y38.26126
G01 X-32.88509 Y38.27548
G01 X-32.96201 Y38.29078
G01 X-33.01077 Y38.29558
G01 X-33.04999 Y38.29751
G01 X-33.99998 Y38.29751
G01 X-34.03919 Y38.29558
G01 X-34.08796 Y38.29078
G01 X-34.16487 Y38.27548
G01 X-34.21176 Y38.26126
G01 X-34.28423 Y38.23126
G01 X-34.32743 Y38.20815
G01 X-34.36111 Y38.18796
G01 X-34.39264 Y38.16459
G01 X-34.43053 Y38.13350
G01 X-34.45962 Y38.10713
G01 X-34.48598 Y38.07805
G01 X-34.51707 Y38.04015
G01 X-34.56063 Y37.97495
G01 X-34.58372 Y37.93175
G01 X-34.60051 Y37.89626
G01 X-34.60638 Y37.87985
G04 P0 ( dwell for no time -- G64 should not smooth over this point )
G00 Z5.00000 ( retract )

G00 X-34.74999 Y35.29015 ( rapid move to begin. )
G01 F150.00000
( Mill infeed pass 1/1 )
G01 Z-0.06000
G04 P0 ( dwell for no time -- G64 should not smooth over this point )
G01 F300.00000
G01 X-34.74999 Y35.29015
G01 X-34.74999 Y34.86251
G01 X-34.75144 Y34.83310
G01 X-34.75624 Y34.78433
G01 X-34.76055 Y34.75522
G01 X-34.76772 Y34.72665
G01 X-34.78194 Y34.67976
G01 X-34.79185 Y34.65205
G01 X-34.80445 Y34.62543
G01 X-34.82753 Y34.58220
G01 X-34.86022 Y34.53330
G01 X-34.89131 Y34.49541
G01 X-34.91107 Y34.47361
G01 X-34.93289 Y34.45383
G01 X-34.97076 Y34.42274
G01 X-34.97181 Y34.42205
G01 X-34.97231 Y34.42246
G01 X-34.97181 Y34.42205
G01 X-35.07696 Y34.25441
G01 X-35.09180 Y34.25510
G01 X-35.07696 Y34.25441
G01 X-34.92624 Y33.95594
G01 X-34.90693 Y33.90778
G01 X-34.89271 Y33.86086
G01 X-34.88555 Y33.83231
G01 X-34.88123 Y33.80318
G01 X-34.87643 Y33.75441
G01 X-34.87498 Y33.72502
G01 X-34.87498 Y32.82500
G01 X-34.87643 Y32.79561
G01 X-34.88123 Y32.74684
G01 X-34.88555 Y32.71771
G01 X-34.89271 Y32.68916
G01 X-34.90693 Y32.64225
G01 X-34.92944 Y32.58792
G01 X-34.95255 Y32.54471
G01 X-34.96769 Y32.51944
G01 X-34.98522 Y32.49579
G01 X-35.01631 Y32.45792
G01 X-35.05789 Y32.41634
G01 X-35.09578 Y32.38525
G01 X-35.11943 Y32.36770
G01 X-35.14468 Y32.35256
G01 X-35.18791 Y32.32947
G01 X-35.24224 Y32.30697
G01 X-35.28913 Y32.29274
G01 X-35.31768 Y32.28558
G01 X-35.34681 Y32.28126
G01 X-35.39558 Y32.27646
G01 X-35.42499 Y32.27501
G01 X-36.12499 Y32.27501
G01 X-36.15440 Y32.27646
G01 X-36.20317 Y32.28126
G01 X-36.23228 Y32.28558
G01 X-36.26086 Y32.29274
G01 X-36.30774 Y32.30697
G01 X-36.36208 Y32.32947
G01 X-36.40531 Y32.35256
G01 X-36.43055 Y32.36770
G01 X-36.45420 Y32.38525
G01 X-36.49207 Y32.41634
G01 X-36.53368 Y32.45792
G01 X-36.56477 Y32.49579
G01 X-36.58229 Y32.51944
G01 X-36.59743 Y32.54471
G01 X-36.62055 Y32.58792
G01 X-36.64305 Y32.64225
G01 X-36.65727 Y32.68916
G01 X-36.66441 Y32.71771
G01 X-36.66873 Y32.74684
G01 X-36.67356 Y32.79561
G01 X-36.67498 Y32.82500
G01 X-36.67498 Y33.72502
G01 X-36.67356 Y33.75441
G01 X-36.66873 Y33.80318
G01 X-36.66441 Y33.83231
G01 X-36.65727 Y33.86086
G01 X-36.64305 Y33.90778
G01 X-36.62375 Y33.95594
G01 X-36.47300 Y34.25441
G01 X-36.45816 Y34.25510
G01 X-36.47300 Y34.25441
G01 X-36.57805 Y34.42187
G01 X-36.57770 Y34.42215
G01 X-36.57805 Y34.42187
G01 X-36.57919 Y34.42274
G01 X-36.61709 Y34.45383
G01 X-36.63888 Y34.47361
G01 X-36.65867 Y34.49541
G01 X-36.68976 Y34.53330
G01 X-36.70729 Y34.55695
G01 X-36.71501 Y34.57001
G01 X-36.91486 Y34.74958
G01 X-36.94755 Y34.76602
G01 X-36.97429 Y34.78243
G01 X-37.01239 Y34.81009
G01 X-37.03624 Y34.83048
G01 X-37.05354 Y34.84646
G01 X-37.87853 Y35.67148
G01 X-37.89832 Y35.69330
G01 X-37.92318 Y35.72360
G01 X-37.95585 Y35.77249
G01 X-37.97434 Y35.80709
G01 X-37.99684 Y35.86142
G01 X-38.00822 Y35.89893
G01 X-38.01968 Y35.95662
G01 X-38.02354 Y35.99563
G01 X-38.02499 Y36.02502
G01 X-38.02499 Y41.52501
G01 X-38.02354 Y41.55442
G01 X-38.01968 Y41.59344
G01 X-38.01536 Y41.62257
G01 X-38.00822 Y41.65112
G01 X-37.99684 Y41.68864
G01 X-37.97434 Y41.74297
G01 X-37.95585 Y41.77756
G01 X-37.92318 Y41.82646
G01 X-37.89829 Y41.85676
G01 X-37.87853 Y41.87858
G01 X-35.87854 Y43.87857
G01 X-35.85672 Y43.89833
G01 X-35.82641 Y43.92323
G01 X-35.77752 Y43.95589
G01 X-35.74292 Y43.97438
G01 X-35.73754 Y43.97646
G01 X-35.19159 Y44.44222
G01 X-35.18936 Y44.44060
G01 X-35.19159 Y44.44222
G01 X-35.17714 Y44.48982
G01 X-35.14943 Y44.54169
G01 X-35.11212 Y44.58716
G01 X-35.06665 Y44.62444
G01 X-35.01478 Y44.65218
G01 X-34.95852 Y44.66925
G01 X-34.89997 Y44.67501
G01 X-33.19998 Y44.67501
G01 X-33.14146 Y44.66925
G01 X-33.08517 Y44.65218
G01 X-33.03330 Y44.62444
G01 X-32.98786 Y44.58716
G01 X-32.95055 Y44.54169
G01 X-32.92281 Y44.48982
G01 X-32.90574 Y44.43354
G01 X-32.89998 Y44.37502
G01 X-32.89998 Y42.67502
G01 X-32.90574 Y42.61650
G01 X-32.92281 Y42.56021
G01 X-32.95055 Y42.50834
G01 X-32.98786 Y42.46288
G01 X-33.03330 Y42.42557
G01 X-33.08517 Y42.39785
G01 X-33.14146 Y42.38079
G01 X-33.19998 Y42.37502
G01 X-34.89997 Y42.37502
G01 X-34.95852 Y42.38079
G01 X-35.01478 Y42.39785
G01 X-35.06665 Y42.42557
G01 X-35.08308 Y42.43905
G01 X-35.10315 Y42.45404
G01 X-35.52669 Y42.81619
G01 X-35.52817 Y42.85216
G01 X-35.52669 Y42.81619
G01 X-37.02496 Y41.31792
G01 X-37.03258 Y41.32107
G01 X-37.02496 Y41.31792
G01 X-37.02496 Y36.23213
G01 X-37.03258 Y36.22898
G01 X-37.02496 Y36.23213
G01 X-36.74904 Y35.95619
G01 X-36.75306 Y35.94029
G01 X-36.74904 Y35.95619
G01 X-36.44234 Y36.05258
G01 X-36.43728 Y36.05367
G01 X-36.43274 Y36.05558
G01 X-36.38585 Y36.06980
G01 X-36.32817 Y36.08126
G01 X-36.27940 Y36.08606
G01 X-36.24998 Y36.08750
G01 X-35.52296 Y36.08750
G01 X-36.06944 Y36.18750
G01 X-36.24998 Y36.18750
G01 X-36.28920 Y36.18560
G01 X-36.33797 Y36.18077
G01 X-36.41488 Y36.16548
G01 X-36.46177 Y36.15126
G01 X-36.46677 Y36.14920
G01 X-36.47231 Y36.14798
G01 X-36.72118 Y36.06975
G01 X-36.72522 Y36.05413
G01 X-36.72118 Y36.06975
G01 X-36.92496 Y36.27356
G01 X-36.93258 Y36.27041
G01 X-36.92496 Y36.27356
G01 X-36.92496 Y36.61826
G01 X-36.92552 Y36.62070
G01 X-36.94272 Y36.70693
G01 X-36.94313 Y36.70937
G01 X-36.95042 Y36.75839
G01 X-36.95069 Y36.76081
G01 X-36.95882 Y36.84287
G01 X-36.95900 Y36.84534
G01 X-36.96141 Y36.89433
G01 X-36.96146 Y36.89558
G01 X-36.96245 Y36.93630
G01 X-36.96248 Y36.93751
G01 X-36.96248 Y37.61252
G01 X-36.96245 Y37.61376
G01 X-36.96146 Y37.65448
G01 X-36.96141 Y37.65572
G01 X-36.95900 Y37.70472
G01 X-36.95882 Y37.70719
G01 X-36.95069 Y37.78930
G01 X-36.95039 Y37.79174
G01 X-36.94313 Y37.84074
G01 X-36.94269 Y37.84318
G01 X-36.92555 Y37.92923
G01 X-36.92499 Y37.93175
G01 X-36.92496 Y41.27649
G01 X-36.93258 Y41.27964
G01 X-36.92496 Y41.27649
G01 X-35.52139 Y42.68007
G01 X-35.52288 Y42.71594
G01 X-35.52139 Y42.68007
G01 X-35.16812 Y42.37804
G01 X-35.13993 Y42.35696
G01 X-35.12222 Y42.34243
G01 X-35.05306 Y42.30545
G01 X-34.97803 Y42.28269
G01 X-34.89997 Y42.27502
G01 X-33.19998 Y42.27502
G01 X-33.12195 Y42.28269
G01 X-33.04692 Y42.30545
G01 X-32.97775 Y42.34243
G01 X-32.91715 Y42.39216
G01 X-32.86739 Y42.45279
G01 X-32.83043 Y42.52193
G01 X-32.80768 Y42.59696
G01 X-32.79998 Y42.67502
G01 X-32.79998 Y43.14489
G01 X-32.81184 Y43.22488
G01 X-32.81215 Y43.22729
G01 X-32.82053 Y43.31223
G01 X-32.82071 Y43.31469
G01 X-32.82888 Y43.48129
G01 X-32.82896 Y43.48375
G01 X-32.82896 Y43.56628
G01 X-32.82888 Y43.56874
G01 X-32.82071 Y43.73537
G01 X-32.82053 Y43.73783
G01 X-32.81215 Y43.82277
G01 X-32.81184 Y43.82518
G01 X-32.79998 Y43.90512
G01 X-32.79998 Y44.37502
G01 X-32.80768 Y44.45304
G01 X-32.83043 Y44.52808
G01 X-32.86739 Y44.59724
G01 X-32.91715 Y44.65784
G01 X-32.97775 Y44.70760
G01 X-33.04692 Y44.74456
G01 X-33.12195 Y44.76732
G01 X-33.19998 Y44.77501
G01 X-34.89997 Y44.77501
G01 X-34.97803 Y44.76732
G01 X-35.05306 Y44.74456
G01 X-35.12222 Y44.70760
G01 X-35.18283 Y44.65784
G01 X-35.23256 Y44.59724
G01 X-35.26954 Y44.52810
G01 X-35.27810 Y44.49988
G01 X-35.27625 Y44.49849
G01 X-35.27810 Y44.49988
G01 X-35.79223 Y44.06130
G01 X-35.82466 Y44.04408
G01 X-35.88986 Y44.00052
G01 X-35.92017 Y43.97565
G01 X-35.94925 Y43.94929
G01 X-37.94924 Y41.94929
G01 X-37.97561 Y41.92021
G01 X-38.00048 Y41.88990
G01 X-38.04404 Y41.82470
G01 X-38.06253 Y41.79011
G01 X-38.09253 Y41.71767
G01 X-38.10391 Y41.68015
G01 X-38.11346 Y41.64208
G01 X-38.11920 Y41.60324
G01 X-38.12306 Y41.56423
G01 X-38.12499 Y41.52501
G01 X-38.12499 Y36.02502
G01 X-38.12306 Y35.98583
G01 X-38.11920 Y35.94681
G01 X-38.10391 Y35.86990
G01 X-38.09253 Y35.83239
G01 X-38.06253 Y35.75995
G01 X-38.04404 Y35.72538
G01 X-38.00048 Y35.66017
G01 X-37.97561 Y35.62987
G01 X-37.94924 Y35.60076
G01 X-37.12425 Y34.77575
G01 X-37.10119 Y34.75444
G01 X-37.07734 Y34.73406
G01 X-37.02654 Y34.69716
G01 X-36.99979 Y34.68075
G01 X-36.97284 Y34.66719
G01 X-36.79271 Y34.50539
G01 X-36.79045 Y34.50140
G01 X-36.76705 Y34.46985
G01 X-36.73596 Y34.43198
G01 X-36.70960 Y34.40290
G01 X-36.68051 Y34.37653
G01 X-36.65397 Y34.35474
G01 X-36.65364 Y34.35500
G01 X-36.65397 Y34.35474
G01 X-36.58770 Y34.24910
G01 X-36.57290 Y34.24979
G01 X-36.58770 Y34.24910
G01 X-36.71300 Y34.00102
G01 X-36.73873 Y33.93681
G01 X-36.75296 Y33.88990
G01 X-36.76251 Y33.85182
G01 X-36.76825 Y33.81298
G01 X-36.77307 Y33.76422
G01 X-36.77498 Y33.72502
G01 X-36.77498 Y32.82500
G01 X-36.77307 Y32.78581
G01 X-36.76825 Y32.73704
G01 X-36.76251 Y32.69820
G01 X-36.75296 Y32.66013
G01 X-36.73873 Y32.61322
G01 X-36.70873 Y32.54077
G01 X-36.68562 Y32.49757
G01 X-36.66545 Y32.46389
G01 X-36.64206 Y32.43237
G01 X-36.61097 Y32.39447
G01 X-36.55552 Y32.33902
G01 X-36.51762 Y32.30793
G01 X-36.48610 Y32.28456
G01 X-36.45245 Y32.26437
G01 X-36.40922 Y32.24128
G01 X-36.33678 Y32.21126
G01 X-36.28986 Y32.19704
G01 X-36.25179 Y32.18751
G01 X-36.21298 Y32.18175
G01 X-36.16418 Y32.17695
G01 X-36.12499 Y32.17501
G01 X-35.46393 Y32.17501
G01 X-35.42499 Y32.17501
G01 X-35.38578 Y32.17695
G01 X-35.33701 Y32.18175
G01 X-35.29817 Y32.18751
G01 X-35.26010 Y32.19704
G01 X-35.21321 Y32.21126
G01 X-35.14077 Y32.24128
G01 X-35.09754 Y32.26437
G01 X-35.06386 Y32.28456
G01 X-35.03233 Y32.30793
G01 X-34.99446 Y32.33902
G01 X-34.93901 Y32.39447
G01 X-34.90793 Y32.43237
G01 X-34.88453 Y32.46389
G01 X-34.86434 Y32.49757
G01 X-34.85974 Y32.50613
G01 X-34.84125 Y32.54077
G01 X-34.82497 Y32.58002
G01 X-34.82497 Y32.52520
G01 X-34.72497 Y32.58002
G01 X-34.72497 Y33.97003
G01 X-34.72497 Y34.03828
G01 X-34.72428 Y34.09812
G01 X-34.71908 Y34.18144
G01 X-34.71694 Y34.21588
G01 X-34.71682 Y34.21705
G01 X-34.70602 Y34.22810
G01 X-34.70561 Y34.22853
G01 X-34.64707 Y34.28987
G01 X-34.62891 Y34.30849
G01 X-34.61707 Y34.32032
G01 X-34.61039 Y34.31964
G01 X-34.58428 Y34.31674
G01 X-34.49596 Y34.30699
G01 X-34.49566 Y34.30696
G01 X-34.48199 Y34.30552
G01 X-34.48169 Y34.30549
G01 X-34.43676 Y34.30107
G01 X-34.42576 Y34.29993
G01 X-34.42355 Y34.29967
G01 X-34.34278 Y34.29068
G01 X-34.34247 Y34.29066
G01 X-34.33127 Y34.28946
G01 X-34.33094 Y34.28944
G01 X-34.28959 Y34.28537
G01 X-34.27861 Y34.28423
G01 X-34.21440 Y34.27702
G01 X-34.21407 Y34.27699
G01 X-34.20429 Y34.27595
G01 X-34.20396 Y34.27592
G01 X-34.16724 Y34.27229
G01 X-34.16426 Y34.27201
G01 X-34.13048 Y34.26828
G01 X-34.12901 Y34.26813
G01 X-34.08621 Y34.26467
G01 X-34.08463 Y34.26457
G01 X-34.03561 Y34.26216
G01 X-34.03437 Y34.26211
G01 X-34.00120 Y34.26129
G01 X-33.99995 Y34.26127
G01 X-33.42561 Y34.26127
G01 X-33.39381 Y34.26048
G01 X-33.34664 Y34.25817
G01 X-33.28187 Y34.25177
G01 X-33.26043 Y34.24857
G01 X-33.24222 Y34.24306
G01 X-33.18789 Y34.22055
G01 X-33.14468 Y34.19746
G01 X-33.11943 Y34.18233
G01 X-33.09579 Y34.16477
G01 X-33.05789 Y34.13368
G01 X-33.02591 Y34.10171
G01 X-33.02612 Y34.10145
G01 X-33.02591 Y34.10171
G01 X-32.49066 Y33.77504
G01 X-32.49170 Y33.77130
G01 X-32.49066 Y33.77504
G01 X-32.23036 Y33.77504
G01 X-32.22990 Y33.77288
G01 X-32.23036 Y33.77504
G01 X-31.22818 Y34.21822
G01 X-31.48192 Y34.21535
G01 X-32.25149 Y33.87504
G01 X-32.25103 Y33.87288
G01 X-32.25149 Y33.87504
G01 X-32.46254 Y33.87504
G01 X-32.46361 Y33.87130
G01 X-32.46254 Y33.87504
G01 X-32.93473 Y34.16320
G01 X-32.93856 Y34.16383
G01 X-32.94623 Y34.16569
G01 X-32.97402 Y34.17486
G01 X-32.99437 Y34.18128
G01 X-33.02398 Y34.19025
G01 X-33.02457 Y34.19043
G01 X-33.04524 Y34.19698
G01 X-33.04583 Y34.19716
G01 X-33.06482 Y34.20343
G01 X-33.12007 Y34.21949
G01 X-33.16701 Y34.23125
G01 X-33.23528 Y34.24486
G01 X-33.26043 Y34.24857
G01 X-33.23528 Y34.24486
G01 X-33.16701 Y34.23125
G01 X-33.12007 Y34.21949
G01 X-33.06482 Y34.20343
G01 X-33.04583 Y34.19716
G01 X-33.04524 Y34.19698
G01 X-33.02457 Y34.19043
G01 X-33.02398 Y34.19025
G01 X-32.99437 Y34.18128
G01 X-32.97402 Y34.17486
G01 X-32.94623 Y34.16569
G01 X-32.93856 Y34.16383
G01 X-32.93473 Y34.16320
G01 X-32.87283 Y34.15322
G01 X-32.87118 Y34.15296
G01 X-32.81789 Y34.14618
G01 X-32.81565 Y34.14595
G01 X-32.71499 Y34.13767
G01 X-32.71309 Y34.13757
G01 X-32.69980 Y34.13699
G01 X-32.43445 Y33.97504
G01 X-32.43549 Y33.97130
G01 X-32.43445 Y33.97504
G01 X-32.27262 Y33.97504
G01 X-32.27217 Y33.97288
G01 X-32.27262 Y33.97504
G01 X-31.73569 Y34.21245
G01 X-31.98947 Y34.20958
G01 X-32.29373 Y34.07504
G01 X-32.29327 Y34.07288
G01 X-32.29373 Y34.07504
G01 X-32.40633 Y34.07504
G01 X-32.40737 Y34.07130
G01 X-32.40633 Y34.07504
G01 X-32.49310 Y34.12797
G01 X-32.69980 Y34.13699
G01 X-32.49310 Y34.12797
G01 X-32.38101 Y34.12309
G01 X-32.38093 Y34.12218
G01 X-32.38101 Y34.12309
G01 X-32.37415 Y34.12327
G01 X-32.36739 Y34.12436
G01 X-32.30600 Y34.13876
G01 X-32.30102 Y34.14024
G01 X-32.30079 Y34.13963
G01 X-32.30102 Y34.14024
G01 X-32.29620 Y34.14219
G01 X-32.15657 Y34.20770
G01 X-31.98947 Y34.20958
G01 X-31.73569 Y34.21245
G01 X-31.48192 Y34.21535
G01 X-31.22818 Y34.21822
G01 X-31.08418 Y34.21987
G01 X-31.08373 Y34.21989
G01 X-31.07634 Y34.22002
G01 X-30.95175 Y34.22002
G01 X-31.02005 Y34.19932
G01 X-31.04060 Y34.19081
G01 X-31.05358 Y34.18611
G01 X-32.20923 Y33.67504
G01 X-32.20879 Y33.67295
G01 X-32.20923 Y33.67504
G01 X-32.51875 Y33.67504
G01 X-32.51982 Y33.67130
G01 X-32.51875 Y33.67504
G01 X-33.08901 Y34.02307
G01 X-33.08926 Y34.02276
G01 X-33.08901 Y34.02307
G01 X-33.09360 Y34.02868
G01 X-33.12134 Y34.05639
G01 X-33.15921 Y34.08748
G01 X-33.17498 Y34.09917
G01 X-33.19182 Y34.10928
G01 X-33.23503 Y34.13236
G01 X-33.27125 Y34.14738
G01 X-33.31816 Y34.16160
G01 X-33.33719 Y34.16637
G01 X-33.35662 Y34.16924
G01 X-33.40539 Y34.17405
G01 X-33.42500 Y34.17501
G01 X-34.12500 Y34.17501
G01 X-34.14458 Y34.17405
G01 X-34.19337 Y34.16924
G01 X-34.21278 Y34.16637
G01 X-34.23183 Y34.16160
G01 X-34.27872 Y34.14738
G01 X-34.31494 Y34.13236
G01 X-34.35817 Y34.10928
G01 X-34.37498 Y34.09917
G01 X-34.39076 Y34.08748
G01 X-34.42865 Y34.05639
G01 X-34.45636 Y34.02866
G01 X-34.48745 Y33.99078
G01 X-34.49914 Y33.97501
G01 X-34.50925 Y33.95820
G01 X-34.53234 Y33.91497
G01 X-34.54735 Y33.87875
G01 X-34.56157 Y33.83183
G01 X-34.56635 Y33.81281
G01 X-34.56922 Y33.79340
G01 X-34.57402 Y33.74461
G01 X-34.57498 Y33.72502
G01 X-34.57498 Y32.82500
G01 X-34.57402 Y32.80542
G01 X-34.56922 Y32.75665
G01 X-34.56635 Y32.73722
G01 X-34.56157 Y32.71819
G01 X-34.54735 Y32.67128
G01 X-34.53234 Y32.63506
G01 X-34.50925 Y32.59183
G01 X-34.49914 Y32.57501
G01 X-34.48745 Y32.55924
G01 X-34.45636 Y32.52137
G01 X-34.42865 Y32.49363
G01 X-34.39076 Y32.46254
G01 X-34.37498 Y32.45086
G01 X-34.35817 Y32.44075
G01 X-34.31494 Y32.41766
G01 X-34.27872 Y32.40265
G01 X-34.23183 Y32.38843
G01 X-34.21278 Y32.38365
G01 X-34.19337 Y32.38078
G01 X-34.14458 Y32.37598
G01 X-34.12500 Y32.37501
G01 X-33.42500 Y32.37501
G01 X-33.40539 Y32.37598
G01 X-33.35662 Y32.38078
G01 X-33.33719 Y32.38365
G01 X-33.31816 Y32.38843
G01 X-33.27125 Y32.40265
G01 X-33.23503 Y32.41766
G01 X-33.19182 Y32.44075
G01 X-33.17498 Y32.45086
G01 X-33.15921 Y32.46254
G01 X-33.12134 Y32.49363
G01 X-33.09360 Y32.52134
G01 X-33.08901 Y32.52698
G01 X-33.08916 Y32.52721
G01 X-33.08901 Y32.52698
G01 X-32.51875 Y32.87501
G01 X-32.51979 Y32.87875
G01 X-32.51875 Y32.87501
G01 X-32.20333 Y32.87501
G01 X-32.20305 Y32.87656
G01 X-32.20333 Y32.87501
G01 X-31.04293 Y32.43890
G01 X-31.03407 Y32.43651
G01 X-31.02005 Y32.43072
G01 X-30.87936 Y32.38804
G01 X-30.84090 Y32.38040
G01 X-30.69460 Y32.36597
G01 X-30.67499 Y32.36501
G01 X-30.65538 Y32.36597
G01 X-30.50908 Y32.38040
G01 X-30.47062 Y32.38804
G01 X-30.32991 Y32.43072
G01 X-30.29368 Y32.44573
G01 X-30.16402 Y32.51502
G01 X-30.14720 Y32.52513
G01 X-30.13143 Y32.53681
G01 X-30.01779 Y32.63008
G01 X-29.99005 Y32.65779
G01 X-29.89678 Y32.77146
G01 X-29.88510 Y32.78723
G01 X-29.87499 Y32.80405
G01 X-29.80570 Y32.93371
G01 X-29.79069 Y32.96993
G01 X-29.74802 Y33.11065
G01 X-29.74037 Y33.14908
G01 X-29.72594 Y33.29541
G01 X-29.72498 Y33.31502
G01 X-29.72594 Y33.33463
G01 X-29.74037 Y33.48093
G01 X-29.74802 Y33.51939
G01 X-29.79069 Y33.66008
G01 X-29.80570 Y33.69630
G01 X-29.87499 Y33.82596
G01 X-29.88510 Y33.84280
G01 X-29.89678 Y33.85858
G01 X-29.99005 Y33.97222
G01 X-30.01779 Y33.99995
G01 X-30.13143 Y34.09322
G01 X-30.14720 Y34.10491
G01 X-30.16402 Y34.11499
G01 X-30.29368 Y34.18431
G01 X-30.32991 Y34.19932
G01 X-30.39823 Y34.22002
G01 X-30.95175 Y34.22002
G01 X-30.39823 Y34.22002
G01 X-30.14840 Y34.22002
G01 X-29.97070 Y34.22002
G01 X-29.82930 Y34.22002
G01 X-29.81495 Y34.21933
G01 X-29.80087 Y34.21870
G01 X-29.66387 Y34.20529
G01 X-29.65284 Y34.20422
G01 X-29.51744 Y34.18448
G01 X-29.45764 Y34.17580
G01 X-29.38302 Y34.16348
G01 X-29.37725 Y34.16122
G01 X-29.36377 Y34.15594
G01 X-29.32846 Y34.14174
G01 X-29.26565 Y34.11580
G01 X-29.26450 Y34.11535
G01 X-29.22854 Y34.10150
G01 X-29.15122 Y34.07179
G01 X-29.15010 Y34.07138
G01 X-29.11022 Y34.05710
G01 X-29.10997 Y34.05703
G01 X-29.09051 Y34.05017
G01 X-29.07949 Y34.04631
G01 X-29.07921 Y34.04623
G01 X-28.96486 Y34.00681
G01 X-28.92945 Y33.92134
G01 X-28.88675 Y33.78065
G01 X-28.84469 Y33.56914
G01 X-28.83029 Y33.42284
G01 X-28.82498 Y33.31502
G01 X-28.92498 Y33.31502
G01 X-29.02498 Y33.31502
G01 X-29.12498 Y33.31502
G01 X-29.22498 Y33.31502
G01 X-29.32498 Y33.31502
G01 X-29.42498 Y33.31502
G01 X-29.52498 Y33.31502
G01 X-29.62498 Y33.31502
G01 X-29.72498 Y33.31502
G01 X-29.82498 Y33.31502
G01 X-29.82546 Y33.30521
G01 X-29.83989 Y33.15888
G01 X-29.84370 Y33.13966
G01 X-29.88640 Y32.99897
G01 X-29.89389 Y32.98085
G01 X-29.96321 Y32.85119
G01 X-29.96823 Y32.84278
G01 X-29.97408 Y32.83491
G01 X-30.06735 Y32.72124
G01 X-30.08121 Y32.70737
G01 X-30.19488 Y32.61410
G01 X-30.20275 Y32.60826
G01 X-30.21116 Y32.60321
G01 X-30.34083 Y32.53392
G01 X-30.35894 Y32.52640
G01 X-30.49965 Y32.48373
G01 X-30.50915 Y32.48134
G01 X-30.51886 Y32.47992
G01 X-30.66519 Y32.46549
G01 X-30.68479 Y32.46549
G01 X-30.83110 Y32.47992
G01 X-30.84083 Y32.48134
G01 X-30.85033 Y32.48373
G01 X-30.99102 Y32.52640
G01 X-31.00204 Y32.53097
G01 X-31.00776 Y32.53249
G01 X-32.18517 Y32.97501
G01 X-32.54687 Y32.97501
G01 X-33.15555 Y32.60351
G01 X-33.17092 Y32.58479
G01 X-33.18476 Y32.57092
G01 X-33.22266 Y32.53983
G01 X-33.23053 Y32.53399
G01 X-33.23897 Y32.52896
G01 X-33.28217 Y32.50585
G01 X-33.30028 Y32.49836
G01 X-33.34720 Y32.48413
G01 X-33.35670 Y32.48175
G01 X-33.36642 Y32.48030
G01 X-33.41519 Y32.47550
G01 X-33.42500 Y32.47501
G01 X-34.12500 Y32.47501
G01 X-34.13480 Y32.47550
G01 X-34.18357 Y32.48030
G01 X-34.19327 Y32.48175
G01 X-34.20280 Y32.48413
G01 X-34.24968 Y32.49836
G01 X-34.26779 Y32.50585
G01 X-34.31103 Y32.52896
G01 X-34.31943 Y32.53399
G01 X-34.32731 Y32.53983
G01 X-34.36520 Y32.57092
G01 X-34.37907 Y32.58479
G01 X-34.41016 Y32.62269
G01 X-34.41600 Y32.63056
G01 X-34.42106 Y32.63897
G01 X-34.44415 Y32.68220
G01 X-34.45164 Y32.70031
G01 X-34.46589 Y32.74720
G01 X-34.46825 Y32.75673
G01 X-34.46970 Y32.76643
G01 X-34.47450 Y32.81522
G01 X-34.47498 Y32.82500
G01 X-34.47498 Y33.72502
G01 X-34.47450 Y33.73480
G01 X-34.46970 Y33.78360
G01 X-34.46825 Y33.79330
G01 X-34.46589 Y33.80282
G01 X-34.45164 Y33.84971
G01 X-34.44415 Y33.86782
G01 X-34.42106 Y33.91105
G01 X-34.41600 Y33.91946
G01 X-34.41016 Y33.92734
G01 X-34.37907 Y33.96523
G01 X-34.36520 Y33.97910
G01 X-34.32731 Y34.01019
G01 X-34.31943 Y34.01603
G01 X-34.31103 Y34.02106
G01 X-34.26779 Y34.04418
G01 X-34.24968 Y34.05167
G01 X-34.20280 Y34.06589
G01 X-34.19327 Y34.06828
G01 X-34.18357 Y34.06973
G01 X-34.13480 Y34.07453
G01 X-34.12500 Y34.07501
G01 X-33.42500 Y34.07501
G01 X-33.41519 Y34.07453
G01 X-33.36642 Y34.06973
G01 X-33.35670 Y34.06828
G01 X-33.34720 Y34.06589
G01 X-33.30028 Y34.05167
G01 X-33.28217 Y34.04418
G01 X-33.23897 Y34.02106
G01 X-33.23053 Y34.01603
G01 X-33.22266 Y34.01019
G01 X-33.18476 Y33.97910
G01 X-33.17092 Y33.96523
G01 X-33.15558 Y33.94654
G01 X-32.54687 Y33.57504
G01 X-32.18812 Y33.57504
G01 X-31.01314 Y34.09464
G01 X-31.00910 Y34.09612
G01 X-30.99102 Y34.10361
G01 X-30.85033 Y34.14628
G01 X-30.84083 Y34.14867
G01 X-30.83110 Y34.15012
G01 X-30.68479 Y34.16452
G01 X-30.66519 Y34.16452
G01 X-30.51886 Y34.15012
G01 X-30.50915 Y34.14867
G01 X-30.49965 Y34.14628
G01 X-30.35894 Y34.10361
G01 X-30.34083 Y34.09612
G01 X-30.21116 Y34.02680
G01 X-30.20275 Y34.02177
G01 X-30.19488 Y34.01591
G01 X-30.08121 Y33.92264
G01 X-30.06735 Y33.90879
G01 X-29.97408 Y33.79513
G01 X-29.96823 Y33.78725
G01 X-29.96321 Y33.77882
G01 X-29.89389 Y33.64915
G01 X-29.88640 Y33.63104
G01 X-29.84370 Y33.49035
G01 X-29.83989 Y33.47113
G01 X-29.82546 Y33.32482
G01 X-29.82498 Y33.31502
G01 X-29.72498 Y33.31502
G01 X-29.62498 Y33.31502
G01 X-29.52498 Y33.31502
G01 X-29.42498 Y33.31502
G01 X-29.32498 Y33.31502
G01 X-29.22498 Y33.31502
G01 X-29.12498 Y33.31502
G01 X-29.02498 Y33.31502
G01 X-28.92498 Y33.31502
G01 X-28.82498 Y33.31502
G01 X-28.83029 Y33.20719
G01 X-28.84469 Y33.06087
G01 X-28.88675 Y32.84938
G01 X-28.92945 Y32.70869
G01 X-29.01198 Y32.50946
G01 X-29.08127 Y32.37979
G01 X-29.13677 Y32.28721
G01 X-29.20108 Y32.20049
G01 X-29.29435 Y32.08685
G01 X-29.44682 Y31.93438
G01 X-29.56049 Y31.84111
G01 X-29.64718 Y31.77679
G01 X-29.73864 Y31.72198
G01 X-29.87357 Y31.68817
G01 X-30.08548 Y31.64591
G01 X-30.23008 Y31.62447
G01 X-30.43130 Y31.60461
G01 X-30.23270 Y31.62422
G01 X-30.09770 Y31.66516
G01 X-29.91657 Y31.74019
G01 X-29.78690 Y31.80948
G01 X-29.70273 Y31.85995
G01 X-29.62391 Y31.91840
G01 X-29.51027 Y32.01167
G01 X-29.37164 Y32.15030
G01 X-29.27837 Y32.26394
G01 X-29.21993 Y32.34276
G01 X-29.16946 Y32.42693
G01 X-29.10016 Y32.55660
G01 X-29.02513 Y32.73773
G01 X-28.98246 Y32.87842
G01 X-28.94421 Y33.07067
G01 X-28.92981 Y33.21700
G01 X-28.92498 Y33.31502
G01 X-28.92981 Y33.41304
G01 X-28.94421 Y33.55934
G01 X-28.98246 Y33.75162
G01 X-29.02513 Y33.89231
G01 X-29.09051 Y34.05017
G01 X-29.10997 Y34.05703
G01 X-29.11022 Y34.05710
G01 X-29.15010 Y34.07138
G01 X-29.15122 Y34.07179
G01 X-29.22854 Y34.10150
G01 X-29.18835 Y34.02629
G01 X-29.12084 Y33.86328
G01 X-29.07814 Y33.72259
G01 X-29.04373 Y33.54954
G01 X-29.02932 Y33.40323
G01 X-29.02498 Y33.31502
G01 X-29.02932 Y33.22680
G01 X-29.04373 Y33.08047
G01 X-29.07814 Y32.90745
G01 X-29.12084 Y32.76673
G01 X-29.18835 Y32.60374
G01 X-29.25764 Y32.47407
G01 X-29.30306 Y32.39833
G01 X-29.35566 Y32.32739
G01 X-29.44896 Y32.21372
G01 X-29.57370 Y32.08898
G01 X-29.68736 Y31.99569
G01 X-29.75830 Y31.94309
G01 X-29.83405 Y31.89767
G01 X-29.96371 Y31.82838
G01 X-30.12673 Y31.76087
G01 X-30.26742 Y31.71817
G01 X-30.35310 Y31.69671
G01 X-30.44045 Y31.68375
G01 X-30.58678 Y31.66935
G01 X-30.76320 Y31.66935
G01 X-30.90951 Y31.68375
G01 X-30.99688 Y31.69671
G01 X-31.08256 Y31.71817
G01 X-31.22325 Y31.76087
G01 X-31.25825 Y31.77535
G01 X-31.28919 Y31.78365
G01 X-32.32525 Y32.17303
G01 X-32.32652 Y32.18487
G01 X-32.32525 Y32.17303
G01 X-32.66269 Y31.96709
G01 X-32.67725 Y31.95254
G01 X-32.71514 Y31.92145
G01 X-32.78609 Y31.86882
G01 X-32.86183 Y31.82343
G01 X-32.90506 Y31.80031
G01 X-33.06805 Y31.73280
G01 X-33.11496 Y31.71858
G01 X-33.20064 Y31.69711
G01 X-33.28799 Y31.68416
G01 X-33.33678 Y31.67936
G01 X-33.42500 Y31.67502
G01 X-34.12500 Y31.67502
G01 X-34.21321 Y31.67936
G01 X-34.26198 Y31.68416
G01 X-34.34935 Y31.69711
G01 X-34.43503 Y31.71858
G01 X-34.48192 Y31.73280
G01 X-34.64491 Y31.80031
G01 X-34.68814 Y31.82343
G01 X-34.72497 Y31.84550
G01 X-34.72497 Y31.72973
G01 X-34.69205 Y31.71213
G01 X-34.51095 Y31.63709
G01 X-34.46876 Y31.62432
G01 X-34.27094 Y31.60478
G01 X-34.22380 Y31.60247
G01 X-34.12439 Y31.60003
G01 X-33.42558 Y31.60003
G01 X-33.32622 Y31.60247
G01 X-33.27902 Y31.60478
G01 X-33.08116 Y31.62429
G01 X-33.03904 Y31.63709
G01 X-32.85792 Y31.71213
G01 X-32.81469 Y31.73521
G01 X-32.73054 Y31.78568
G01 X-32.65169 Y31.84413
G01 X-32.61382 Y31.87522
G01 X-32.60216 Y31.88688
G01 X-32.31479 Y32.06226
G01 X-32.31588 Y32.07324
G01 X-32.31479 Y32.06226
G01 X-31.32437 Y31.69003
G01 X-31.29028 Y31.68091
G01 X-31.25228 Y31.66516
G01 X-31.11728 Y31.62422
G01 X-30.91865 Y31.60461
G01 X-30.77410 Y31.59749
G01 X-30.57588 Y31.59749
G01 X-30.43130 Y31.60461
G01 X-30.57588 Y31.59749
G01 X-30.77410 Y31.59749
G01 X-30.91865 Y31.60461
G01 X-31.11728 Y31.62422
G01 X-31.11982 Y31.62447
G01 X-31.26521 Y31.64601
G01 X-31.34161 Y31.65876
G01 X-31.69742 Y31.72340
G01 X-32.30432 Y31.95152
G01 X-32.30539 Y31.96272
G01 X-32.30432 Y31.95152
G01 X-32.54164 Y31.80666
G01 X-32.55037 Y31.79793
G01 X-32.58827 Y31.76684
G01 X-32.64539 Y31.72447
G01 X-32.77524 Y31.68495
G01 X-32.82187 Y31.67326
G01 X-33.03094 Y31.63158
G01 X-33.07752 Y31.62467
G01 X-33.08116 Y31.62429
G01 X-33.27902 Y31.60478
G01 X-33.32622 Y31.60247
G01 X-33.42558 Y31.60003
G01 X-34.12439 Y31.60003
G01 X-34.22380 Y31.60247
G01 X-34.27094 Y31.60478
G01 X-34.47244 Y31.62467
G01 X-34.51900 Y31.63158
G01 X-34.72497 Y31.67265
G01 X-34.72497 Y31.72973
G01 X-34.72497 Y31.84550
G01 X-34.72497 Y31.96432
G01 X-34.70833 Y31.95198
G01 X-34.64100 Y31.91162
G01 X-34.59777 Y31.88850
G01 X-34.45288 Y31.82848
G01 X-34.40600 Y31.81426
G01 X-34.32982 Y31.79518
G01 X-34.25217 Y31.78368
G01 X-34.20341 Y31.77888
G01 X-34.12500 Y31.77502
G01 X-33.42500 Y31.77502
G01 X-33.34656 Y31.77888
G01 X-33.29779 Y31.78368
G01 X-33.22015 Y31.79518
G01 X-33.14400 Y31.81426
G01 X-33.09708 Y31.82848
G01 X-32.95220 Y31.88850
G01 X-32.90897 Y31.91162
G01 X-32.84164 Y31.95198
G01 X-32.77859 Y31.99874
G01 X-32.74070 Y32.02983
G01 X-32.72322 Y32.04730
G01 X-32.35012 Y32.27501
G01 X-32.35131 Y32.27908
G01 X-32.35012 Y32.27501
G01 X-32.31238 Y32.27501
G01 X-32.31207 Y32.27664
G01 X-32.31238 Y32.27501
G01 X-31.25401 Y31.87725
G01 X-31.22622 Y31.86981
G01 X-31.19422 Y31.85655
G01 X-31.05353 Y31.81388
G01 X-30.97738 Y31.79480
G01 X-30.89973 Y31.78327
G01 X-30.75340 Y31.76887
G01 X-30.59658 Y31.76887
G01 X-30.45025 Y31.78327
G01 X-30.37260 Y31.79480
G01 X-30.29645 Y31.81388
G01 X-30.15574 Y31.85655
G01 X-30.01086 Y31.91657
G01 X-29.88119 Y31.98586
G01 X-29.81385 Y32.02625
G01 X-29.75079 Y32.07301
G01 X-29.63715 Y32.16628
G01 X-29.52625 Y32.27717
G01 X-29.43298 Y32.39081
G01 X-29.38622 Y32.45388
G01 X-29.34586 Y32.52122
G01 X-29.27654 Y32.65088
G01 X-29.21652 Y32.79577
G01 X-29.17385 Y32.93646
G01 X-29.14324 Y33.09028
G01 X-29.12884 Y33.23661
G01 X-29.12498 Y33.31502
G01 X-29.12884 Y33.39343
G01 X-29.14324 Y33.53976
G01 X-29.17385 Y33.69355
G01 X-29.21652 Y33.83424
G01 X-29.27654 Y33.97915
G01 X-29.34586 Y34.10882
G01 X-29.37725 Y34.16122
G01 X-29.38302 Y34.16348
G01 X-29.45764 Y34.17580
G01 X-29.51744 Y34.18448
G01 X-29.51027 Y34.17577
G01 X-29.46935 Y34.12058
G01 X-29.43405 Y34.06168
G01 X-29.36473 Y33.93201
G01 X-29.31223 Y33.80521
G01 X-29.26953 Y33.66452
G01 X-29.24276 Y33.52995
G01 X-29.22836 Y33.38362
G01 X-29.22498 Y33.31502
G01 X-29.22836 Y33.24641
G01 X-29.24276 Y33.10008
G01 X-29.26953 Y32.96549
G01 X-29.31223 Y32.82480
G01 X-29.36473 Y32.69803
G01 X-29.43405 Y32.56836
G01 X-29.46935 Y32.50943
G01 X-29.51027 Y32.45426
G01 X-29.60354 Y32.34060
G01 X-29.70057 Y32.24357
G01 X-29.81423 Y32.15030
G01 X-29.86940 Y32.10938
G01 X-29.92833 Y32.07408
G01 X-30.05800 Y32.00476
G01 X-30.12010 Y31.97540
G01 X-30.18477 Y31.95226
G01 X-30.32546 Y31.90956
G01 X-30.46005 Y31.88279
G01 X-30.60638 Y31.86839
G01 X-30.67499 Y31.86501
G01 X-30.74360 Y31.86839
G01 X-30.88992 Y31.88279
G01 X-31.02449 Y31.90956
G01 X-31.16521 Y31.95226
G01 X-31.19419 Y31.96425
G01 X-31.21883 Y31.97085
G01 X-32.29419 Y32.37501
G01 X-32.29391 Y32.37664
G01 X-32.29419 Y32.37501
G01 X-32.37821 Y32.37501
G01 X-32.37928 Y32.37875
G01 X-32.37821 Y32.37501
G01 X-32.78375 Y32.12752
G01 X-32.80414 Y32.10712
G01 X-32.84202 Y32.07603
G01 X-32.89718 Y32.03511
G01 X-32.95611 Y31.99981
G01 X-32.99934 Y31.97669
G01 X-33.12612 Y31.92419
G01 X-33.17300 Y31.90997
G01 X-33.23965 Y31.89328
G01 X-33.30760 Y31.88319
G01 X-33.35637 Y31.87839
G01 X-33.42500 Y31.87502
G01 X-34.12500 Y31.87502
G01 X-34.19360 Y31.87839
G01 X-34.24237 Y31.88319
G01 X-34.31031 Y31.89328
G01 X-34.37696 Y31.90997
G01 X-34.42385 Y31.92419
G01 X-34.55062 Y31.97669
G01 X-34.59385 Y31.99981
G01 X-34.65278 Y32.03511
G01 X-34.70795 Y32.07603
G01 X-34.72497 Y32.09000
G01 X-34.72497 Y31.96432
G01 X-34.72497 Y32.09000
G01 X-34.72497 Y32.22701
G01 X-34.68240 Y32.18444
G01 X-34.64453 Y32.15335
G01 X-34.59723 Y32.11827
G01 X-34.54671 Y32.08799
G01 X-34.50351 Y32.06488
G01 X-34.39482 Y32.01987
G01 X-34.34793 Y32.00565
G01 X-34.29081 Y31.99135
G01 X-34.23256 Y31.98271
G01 X-34.18380 Y31.97791
G01 X-34.12500 Y31.97501
G01 X-33.42500 Y31.97501
G01 X-33.36617 Y31.97791
G01 X-33.31740 Y31.98271
G01 X-33.25916 Y31.99135
G01 X-33.20204 Y32.00565
G01 X-33.15515 Y32.01987
G01 X-33.04649 Y32.06488
G01 X-33.00326 Y32.08799
G01 X-32.95276 Y32.11827
G01 X-32.90547 Y32.15335
G01 X-32.86757 Y32.18444
G01 X-32.84428 Y32.20770
G01 X-32.40633 Y32.47501
G01 X-32.40737 Y32.47875
G01 X-32.40633 Y32.47501
G01 X-32.27603 Y32.47501
G01 X-32.27572 Y32.47661
G01 X-32.27603 Y32.47501
G01 X-31.18365 Y32.06447
G01 X-31.16216 Y32.05871
G01 X-31.13618 Y32.04794
G01 X-30.99549 Y32.00527
G01 X-30.88012 Y31.98230
G01 X-30.73379 Y31.96790
G01 X-30.67499 Y31.96501
G01 X-30.61619 Y31.96790
G01 X-30.46986 Y31.98230
G01 X-30.35449 Y32.00527
G01 X-30.21380 Y32.04794
G01 X-30.15835 Y32.06778
G01 X-30.10514 Y32.09295
G01 X-29.97547 Y32.16226
G01 X-29.92498 Y32.19254
G01 X-29.87768 Y32.22759
G01 X-29.76402 Y32.32089
G01 X-29.68086 Y32.40405
G01 X-29.58759 Y32.51771
G01 X-29.55251 Y32.56498
G01 X-29.52224 Y32.61550
G01 X-29.45292 Y32.74517
G01 X-29.40791 Y32.85383
G01 X-29.36524 Y32.99452
G01 X-29.34228 Y33.10989
G01 X-29.32788 Y33.25619
G01 X-29.32498 Y33.31502
G01 X-29.32788 Y33.37382
G01 X-29.34228 Y33.52015
G01 X-29.36524 Y33.63549
G01 X-29.40791 Y33.77621
G01 X-29.45292 Y33.88487
G01 X-29.52224 Y34.01453
G01 X-29.55251 Y34.06503
G01 X-29.58759 Y34.11232
G01 X-29.66387 Y34.20529
G01 X-29.80087 Y34.21870
G01 X-29.81495 Y34.21933
G01 X-29.75815 Y34.16254
G01 X-29.66488 Y34.04890
G01 X-29.63565 Y34.00948
G01 X-29.61042 Y33.96739
G01 X-29.54111 Y33.83772
G01 X-29.50362 Y33.74717
G01 X-29.46092 Y33.60648
G01 X-29.44179 Y33.51034
G01 X-29.42739 Y33.36401
G01 X-29.42498 Y33.31502
G01 X-29.42739 Y33.26600
G01 X-29.44179 Y33.11969
G01 X-29.46092 Y33.02355
G01 X-29.50362 Y32.88286
G01 X-29.54111 Y32.79231
G01 X-29.61042 Y32.66264
G01 X-29.63565 Y32.62056
G01 X-29.66488 Y32.58114
G01 X-29.75815 Y32.46750
G01 X-29.82747 Y32.39818
G01 X-29.94111 Y32.30491
G01 X-29.98053 Y32.27567
G01 X-30.02262 Y32.25045
G01 X-30.15228 Y32.18114
G01 X-30.24283 Y32.14362
G01 X-30.38352 Y32.10095
G01 X-30.43112 Y32.08904
G01 X-30.47966 Y32.08182
G01 X-30.62597 Y32.06742
G01 X-30.72399 Y32.06742
G01 X-30.87032 Y32.08182
G01 X-30.91886 Y32.08904
G01 X-30.96645 Y32.10095
G01 X-31.10715 Y32.14362
G01 X-31.13016 Y32.15317
G01 X-31.14847 Y32.15807
G01 X-32.25784 Y32.57501
G01 X-32.25756 Y32.57664
G01 X-32.25784 Y32.57501
G01 X-32.43445 Y32.57501
G01 X-32.43549 Y32.57875
G01 X-32.43445 Y32.57501
G01 X-32.90480 Y32.28792
G01 X-32.90498 Y32.28815
G01 X-32.90480 Y32.28792
G01 X-32.93102 Y32.26173
G01 X-32.96889 Y32.23064
G01 X-33.00831 Y32.20141
G01 X-33.05040 Y32.17618
G01 X-33.09363 Y32.15309
G01 X-33.18418 Y32.11558
G01 X-33.23107 Y32.10135
G01 X-33.27867 Y32.08942
G01 X-33.32721 Y32.08223
G01 X-33.37597 Y32.07743
G01 X-33.42500 Y32.07501
G01 X-34.12500 Y32.07501
G01 X-34.17399 Y32.07743
G01 X-34.22276 Y32.08223
G01 X-34.27130 Y32.08942
G01 X-34.31890 Y32.10135
G01 X-34.36581 Y32.11558
G01 X-34.45636 Y32.15309
G01 X-34.49957 Y32.17618
G01 X-34.54166 Y32.20141
G01 X-34.58108 Y32.23064
G01 X-34.61895 Y32.26173
G01 X-34.68827 Y32.33105
G01 X-34.71936 Y32.36892
G01 X-34.72497 Y32.37649
G01 X-34.72497 Y32.22701
G01 X-34.72497 Y32.37649
G01 X-34.72497 Y32.58002
G01 X-34.70871 Y32.54077
G01 X-34.68562 Y32.49757
G01 X-34.66543 Y32.46389
G01 X-34.64206 Y32.43237
G01 X-34.61097 Y32.39447
G01 X-34.55553 Y32.33902
G01 X-34.51763 Y32.30793
G01 X-34.48611 Y32.28456
G01 X-34.45243 Y32.26437
G01 X-34.40922 Y32.24128
G01 X-34.33678 Y32.21126
G01 X-34.28987 Y32.19704
G01 X-34.25179 Y32.18751
G01 X-34.21296 Y32.18175
G01 X-34.16419 Y32.17695
G01 X-34.12500 Y32.17501
G01 X-33.42500 Y32.17501
G01 X-33.38578 Y32.17695
G01 X-33.33701 Y32.18175
G01 X-33.29817 Y32.18751
G01 X-33.26010 Y32.19704
G01 X-33.21321 Y32.21126
G01 X-33.14075 Y32.24128
G01 X-33.09754 Y32.26437
G01 X-33.06386 Y32.28456
G01 X-33.03234 Y32.30793
G01 X-32.99444 Y32.33902
G01 X-32.96536 Y32.36813
G01 X-32.46254 Y32.67501
G01 X-32.46358 Y32.67875
G01 X-32.46254 Y32.67501
G01 X-32.23968 Y32.67501
G01 X-32.23938 Y32.67664
G01 X-32.23968 Y32.67501
G01 X-31.11329 Y32.25167
G01 X-31.09813 Y32.24761
G01 X-31.07811 Y32.23933
G01 X-30.93742 Y32.19666
G01 X-30.89935 Y32.18710
G01 X-30.86051 Y32.18134
G01 X-30.71418 Y32.16694
G01 X-30.63577 Y32.16694
G01 X-30.48947 Y32.18134
G01 X-30.45063 Y32.18710
G01 X-30.41256 Y32.19666
G01 X-30.27187 Y32.23933
G01 X-30.19943 Y32.26932
G01 X-30.06976 Y32.33864
G01 X-30.03608 Y32.35883
G01 X-30.00456 Y32.38220
G01 X-29.89089 Y32.47547
G01 X-29.83544 Y32.53092
G01 X-29.74217 Y32.64458
G01 X-29.71881 Y32.67611
G01 X-29.69861 Y32.70979
G01 X-29.62930 Y32.83945
G01 X-29.59930 Y32.91189
G01 X-29.55663 Y33.05258
G01 X-29.54134 Y33.12950
G01 X-29.52691 Y33.27580
G01 X-29.52498 Y33.31502
G01 X-29.52691 Y33.35421
G01 X-29.54134 Y33.50054
G01 X-29.55663 Y33.57745
G01 X-29.59930 Y33.71814
G01 X-29.62930 Y33.79058
G01 X-29.69861 Y33.92025
G01 X-29.71881 Y33.95393
G01 X-29.74217 Y33.98545
G01 X-29.83544 Y34.09909
G01 X-29.89089 Y34.15454
G01 X-29.97070 Y34.22002
G01 X-30.14840 Y34.22002
G01 X-30.11690 Y34.20318
G01 X-30.09163 Y34.18807
G01 X-30.06798 Y34.17051
G01 X-29.95434 Y34.07725
G01 X-29.91276 Y34.03567
G01 X-29.81949 Y33.92200
G01 X-29.80194 Y33.89835
G01 X-29.78680 Y33.87311
G01 X-29.71751 Y33.74344
G01 X-29.69501 Y33.68911
G01 X-29.65231 Y33.54842
G01 X-29.64085 Y33.49073
G01 X-29.62643 Y33.34441
G01 X-29.62498 Y33.31502
G01 X-29.62643 Y33.28560
G01 X-29.64085 Y33.13930
G01 X-29.65231 Y33.08162
G01 X-29.69501 Y32.94093
G01 X-29.71751 Y32.88657
G01 X-29.78680 Y32.75693
G01 X-29.80194 Y32.73166
G01 X-29.81949 Y32.70801
G01 X-29.91276 Y32.59437
G01 X-29.95434 Y32.55279
G01 X-30.06798 Y32.45952
G01 X-30.09163 Y32.44197
G01 X-30.11690 Y32.42683
G01 X-30.24657 Y32.35754
G01 X-30.30090 Y32.33501
G01 X-30.44159 Y32.29234
G01 X-30.47014 Y32.28520
G01 X-30.49927 Y32.28086
G01 X-30.64558 Y32.26645
G01 X-30.67499 Y32.26501
G01 X-30.70440 Y32.26645
G01 X-30.85071 Y32.28086
G01 X-30.87984 Y32.28520
G01 X-30.90839 Y32.29234
G01 X-31.04908 Y32.33501
G01 X-31.06610 Y32.34207
G01 X-31.07811 Y32.34530
G01 X-32.22149 Y32.77501
G01 X-32.22121 Y32.77664
G01 X-32.22149 Y32.77501
G01 X-32.49066 Y32.77501
G01 X-32.49170 Y32.77875
G01 X-32.49066 Y32.77501
G01 X-33.02589 Y32.44834
G01 X-33.02606 Y32.44862
G01 X-33.02589 Y32.44834
G01 X-33.05789 Y32.41634
G01 X-33.09579 Y32.38525
G01 X-33.11943 Y32.36770
G01 X-33.14468 Y32.35256
G01 X-33.18789 Y32.32947
G01 X-33.24222 Y32.30697
G01 X-33.28913 Y32.29274
G01 X-33.31768 Y32.28558
G01 X-33.34682 Y32.28126
G01 X-33.39558 Y32.27646
G01 X-33.42500 Y32.27501
G01 X-34.12500 Y32.27501
G01 X-34.15438 Y32.27646
G01 X-34.20318 Y32.28126
G01 X-34.23229 Y32.28558
G01 X-34.26083 Y32.29274
G01 X-34.30775 Y32.30697
G01 X-34.36208 Y32.32947
G01 X-34.40531 Y32.35256
G01 X-34.43056 Y32.36770
G01 X-34.45420 Y32.38525
G01 X-34.49208 Y32.41634
G01 X-34.53366 Y32.45792
G01 X-34.56475 Y32.49579
G01 X-34.58230 Y32.51944
G01 X-34.59744 Y32.54471
G01 X-34.62052 Y32.58792
G01 X-34.64303 Y32.64225
G01 X-34.65728 Y32.68916
G01 X-34.66442 Y32.71771
G01 X-34.66873 Y32.74684
G01 X-34.67353 Y32.79561
G01 X-34.67498 Y32.82500
G01 X-34.67498 Y33.72502
G01 X-34.67353 Y33.75441
G01 X-34.66873 Y33.80318
G01 X-34.66442 Y33.83231
G01 X-34.65728 Y33.86086
G01 X-34.64303 Y33.90778
G01 X-34.62052 Y33.96211
G01 X-34.59744 Y34.00531
G01 X-34.58230 Y34.03059
G01 X-34.56475 Y34.05423
G01 X-34.53366 Y34.09211
G01 X-34.49208 Y34.13368
G01 X-34.45420 Y34.16477
G01 X-34.43056 Y34.18233
G01 X-34.40531 Y34.19746
G01 X-34.36208 Y34.22055
G01 X-34.30775 Y34.24306
G01 X-34.26083 Y34.25728
G01 X-34.23229 Y34.26444
G01 X-34.20318 Y34.26876
G01 X-34.16724 Y34.27229
G01 X-34.20396 Y34.27592
G01 X-34.20429 Y34.27595
G01 X-34.21407 Y34.27699
G01 X-34.21440 Y34.27702
G01 X-34.27861 Y34.28423
G01 X-34.28959 Y34.28537
G01 X-34.33094 Y34.28944
G01 X-34.33127 Y34.28946
G01 X-34.34247 Y34.29066
G01 X-34.34278 Y34.29068
G01 X-34.42355 Y34.29967
G01 X-34.42576 Y34.29993
G01 X-34.45243 Y34.28565
G01 X-34.48611 Y34.26546
G01 X-34.51763 Y34.24209
G01 X-34.55553 Y34.21100
G01 X-34.61097 Y34.15555
G01 X-34.64206 Y34.11766
G01 X-34.66543 Y34.08614
G01 X-34.68562 Y34.05246
G01 X-34.70871 Y34.00925
G01 X-34.72497 Y33.97003
G01 X-34.70871 Y34.00925
G01 X-34.68562 Y34.05246
G01 X-34.66543 Y34.08614
G01 X-34.64206 Y34.11766
G01 X-34.61097 Y34.15555
G01 X-34.55553 Y34.21100
G01 X-34.51763 Y34.24209
G01 X-34.48611 Y34.26546
G01 X-34.45243 Y34.28565
G01 X-34.42576 Y34.29993
G01 X-34.43676 Y34.30107
G01 X-34.48169 Y34.30549
G01 X-34.48199 Y34.30552
G01 X-34.49566 Y34.30696
G01 X-34.49596 Y34.30699
G01 X-34.58428 Y34.31674
G01 X-34.61895 Y34.28829
G01 X-34.68827 Y34.21898
G01 X-34.71908 Y34.18144
G01 X-34.72428 Y34.09812
G01 X-34.72497 Y34.03828
G01 X-34.72497 Y33.97003
G01 X-34.72497 Y32.58002
G01 X-34.82497 Y32.52520
G01 X-34.85974 Y32.50613
G01 X-35.46393 Y32.17501
G01 X-35.64640 Y32.07501
G01 X-35.42499 Y32.07501
G01 X-35.37597 Y32.07743
G01 X-35.32720 Y32.08223
G01 X-35.27866 Y32.08942
G01 X-35.23106 Y32.10135
G01 X-35.18418 Y32.11558
G01 X-35.09362 Y32.15309
G01 X-35.05039 Y32.17618
G01 X-35.00831 Y32.20141
G01 X-34.96891 Y32.23064
G01 X-34.93101 Y32.26173
G01 X-34.86170 Y32.33105
G01 X-34.83061 Y32.36892
G01 X-34.82497 Y32.37649
G01 X-34.82497 Y32.22701
G01 X-34.86756 Y32.18444
G01 X-34.90546 Y32.15335
G01 X-34.95276 Y32.11827
G01 X-35.00325 Y32.08799
G01 X-35.04648 Y32.06488
G01 X-35.15514 Y32.01987
G01 X-35.20203 Y32.00565
G01 X-35.25916 Y31.99135
G01 X-35.31740 Y31.98271
G01 X-35.36617 Y31.97791
G01 X-35.42499 Y31.97501
G01 X-35.82885 Y31.97501
G01 X-36.12499 Y31.97501
G01 X-36.18379 Y31.97791
G01 X-36.23256 Y31.98271
G01 X-36.29080 Y31.99135
G01 X-36.34793 Y32.00565
G01 X-36.39484 Y32.01987
G01 X-36.50350 Y32.06488
G01 X-36.54671 Y32.08799
G01 X-36.59723 Y32.11827
G01 X-36.64452 Y32.15335
G01 X-36.68239 Y32.18444
G01 X-36.76558 Y32.26760
G01 X-36.79667 Y32.30549
G01 X-36.83175 Y32.35279
G01 X-36.86200 Y32.40328
G01 X-36.88511 Y32.44652
G01 X-36.93012 Y32.55518
G01 X-36.94434 Y32.60206
G01 X-36.95864 Y32.65919
G01 X-36.96731 Y32.71743
G01 X-36.97211 Y32.76620
G01 X-36.97498 Y32.82500
G01 X-36.97498 Y33.72502
G01 X-36.97211 Y33.78383
G01 X-36.96731 Y33.83259
G01 X-36.95864 Y33.89084
G01 X-36.94434 Y33.94796
G01 X-36.93012 Y33.99485
G01 X-36.89151 Y34.09119
G01 X-36.81981 Y34.23318
G01 X-36.80043 Y34.23605
G01 X-36.81981 Y34.23318
G01 X-36.85103 Y34.26147
G01 X-36.89057 Y34.30511
G01 X-36.92166 Y34.34298
G01 X-36.94219 Y34.37067
G01 X-36.94198 Y34.37090
G01 X-36.94219 Y34.37067
G01 X-37.08885 Y34.50237
G01 X-37.10429 Y34.51024
G01 X-37.13106 Y34.52662
G01 X-37.20721 Y34.58197
G01 X-37.23109 Y34.60237
G01 X-37.26568 Y34.63434
G01 X-38.09067 Y35.45936
G01 X-38.13022 Y35.50297
G01 X-38.15509 Y35.53330
G01 X-38.22042 Y35.63109
G01 X-38.23891 Y35.66566
G01 X-38.28392 Y35.77432
G01 X-38.29529 Y35.81184
G01 X-38.31826 Y35.92720
G01 X-38.32209 Y35.96622
G01 X-38.32499 Y36.02502
G01 X-38.32499 Y41.52501
G01 X-38.32209 Y41.58384
G01 X-38.31826 Y41.62285
G01 X-38.30959 Y41.68109
G01 X-38.29529 Y41.73822
G01 X-38.28392 Y41.77573
G01 X-38.23891 Y41.88439
G01 X-38.22042 Y41.91896
G01 X-38.15509 Y42.01678
G01 X-38.13019 Y42.04708
G01 X-38.09067 Y42.09072
G01 X-36.09068 Y44.09071
G01 X-36.04704 Y44.13024
G01 X-36.01674 Y44.15513
G01 X-35.91892 Y44.22046
G01 X-35.90559 Y44.22754
G01 X-35.44661 Y44.61901
G01 X-35.44524 Y44.61792
G01 X-35.44661 Y44.61901
G01 X-35.39886 Y44.70837
G01 X-35.32426 Y44.79927
G01 X-35.23332 Y44.87390
G01 X-35.12959 Y44.92935
G01 X-35.01704 Y44.96348
G01 X-34.89997 Y44.97501
G01 X-33.19998 Y44.97501
G01 X-33.08294 Y44.96348
G01 X-32.97039 Y44.92935
G01 X-32.86665 Y44.87390
G01 X-32.77572 Y44.79927
G01 X-32.70110 Y44.70837
G01 X-32.64565 Y44.60463
G01 X-32.63435 Y44.56734
G01 X-32.64184 Y44.53463
G01 X-32.68370 Y44.39046
G01 X-32.69249 Y44.36592
G01 X-32.69325 Y44.36364
G01 X-32.69998 Y44.34144
G01 X-32.69998 Y44.37502
G01 X-32.70961 Y44.47255
G01 X-32.73805 Y44.56635
G01 X-32.78426 Y44.65279
G01 X-32.84644 Y44.72856
G01 X-32.92220 Y44.79074
G01 X-33.00864 Y44.83694
G01 X-33.10244 Y44.86541
G01 X-33.19998 Y44.87501
G01 X-34.89997 Y44.87501
G01 X-34.99754 Y44.86541
G01 X-35.09134 Y44.83697
G01 X-35.17777 Y44.79074
G01 X-35.25354 Y44.72856
G01 X-35.31572 Y44.65279
G01 X-35.36192 Y44.56635
G01 X-35.36459 Y44.55754
G01 X-35.36309 Y44.55635
G01 X-35.36459 Y44.55754
G01 X-35.84889 Y44.14443
G01 X-35.87180 Y44.13227
G01 X-35.95329 Y44.07781
G01 X-35.98359 Y44.05294
G01 X-36.01996 Y44.02000
G01 X-38.01996 Y42.02000
G01 X-38.05290 Y41.98363
G01 X-38.07777 Y41.95333
G01 X-38.13223 Y41.87185
G01 X-38.15072 Y41.83725
G01 X-38.18823 Y41.74670
G01 X-38.19961 Y41.70918
G01 X-38.21153 Y41.66158
G01 X-38.21871 Y41.61305
G01 X-38.22257 Y41.57403
G01 X-38.22499 Y41.52501
G01 X-38.22499 Y36.02502
G01 X-38.22257 Y35.97602
G01 X-38.21871 Y35.93701
G01 X-38.19961 Y35.84087
G01 X-38.18823 Y35.80335
G01 X-38.15072 Y35.71280
G01 X-38.13223 Y35.67823
G01 X-38.07777 Y35.59672
G01 X-38.05290 Y35.56642
G01 X-38.01996 Y35.53008
G01 X-37.19497 Y34.70506
G01 X-37.16614 Y34.67839
G01 X-37.14226 Y34.65802
G01 X-37.07879 Y34.61189
G01 X-37.05204 Y34.59551
G01 X-37.03083 Y34.58481
G01 X-36.86817 Y34.43889
G01 X-36.84437 Y34.40643
G01 X-36.81328 Y34.36853
G01 X-36.78031 Y34.33219
G01 X-36.74396 Y34.29924
G01 X-36.73002 Y34.28779
G01 X-36.70241 Y34.24379
G01 X-36.68349 Y34.24628
G01 X-36.70241 Y34.24379
G01 X-36.80226 Y34.04611
G01 X-36.83444 Y33.96582
G01 X-36.84866 Y33.91893
G01 X-36.86058 Y33.87133
G01 X-36.86776 Y33.82279
G01 X-36.87259 Y33.77402
G01 X-36.87498 Y33.72502
G01 X-36.87498 Y32.82500
G01 X-36.87259 Y32.77600
G01 X-36.86776 Y32.72724
G01 X-36.86058 Y32.67870
G01 X-36.84866 Y32.63110
G01 X-36.83444 Y32.58421
G01 X-36.79692 Y32.49363
G01 X-36.77381 Y32.45043
G01 X-36.74859 Y32.40834
G01 X-36.71935 Y32.36892
G01 X-36.68826 Y32.33105
G01 X-36.61897 Y32.26173
G01 X-36.58107 Y32.23064
G01 X-36.54165 Y32.20141
G01 X-36.49959 Y32.17618
G01 X-36.45636 Y32.15309
G01 X-36.36581 Y32.11558
G01 X-36.31890 Y32.10135
G01 X-36.27130 Y32.08942
G01 X-36.22276 Y32.08223
G01 X-36.17399 Y32.07743
G01 X-36.12499 Y32.07501
G01 X-35.64640 Y32.07501
G01 X-35.82885 Y31.97501
G01 X-36.01133 Y31.87502
G01 X-35.42499 Y31.87502
G01 X-35.35639 Y31.87839
G01 X-35.30759 Y31.88319
G01 X-35.23965 Y31.89328
G01 X-35.17302 Y31.90997
G01 X-35.12611 Y31.92419
G01 X-34.99934 Y31.97669
G01 X-34.95611 Y31.99981
G01 X-34.89721 Y32.03511
G01 X-34.84201 Y32.07603
G01 X-34.82497 Y32.09000
G01 X-34.82499 Y31.96432
G01 X-34.84163 Y31.95198
G01 X-34.90897 Y31.91162
G01 X-34.95220 Y31.88850
G01 X-35.09708 Y31.82848
G01 X-35.14399 Y31.81426
G01 X-35.22014 Y31.79518
G01 X-35.29779 Y31.78368
G01 X-35.34658 Y31.77888
G01 X-35.42499 Y31.77502
G01 X-36.12499 Y31.77502
G01 X-36.18811 Y31.77811
G01 X-36.20340 Y31.77888
G01 X-36.25217 Y31.78368
G01 X-36.32984 Y31.79518
G01 X-36.40599 Y31.81426
G01 X-36.45288 Y31.82848
G01 X-36.59779 Y31.88850
G01 X-36.64099 Y31.91162
G01 X-36.70833 Y31.95198
G01 X-36.77140 Y31.99874
G01 X-36.80927 Y32.02983
G01 X-36.92016 Y32.14072
G01 X-36.95125 Y32.17860
G01 X-36.99804 Y32.24166
G01 X-37.03840 Y32.30900
G01 X-37.06149 Y32.35223
G01 X-37.12151 Y32.49711
G01 X-37.13573 Y32.54400
G01 X-37.15481 Y32.62018
G01 X-37.16634 Y32.69782
G01 X-37.17114 Y32.74659
G01 X-37.17498 Y32.82500
G01 X-37.17498 Y33.72502
G01 X-37.17114 Y33.80343
G01 X-37.16634 Y33.85220
G01 X-37.15481 Y33.92985
G01 X-37.13573 Y34.00602
G01 X-37.12151 Y34.05291
G01 X-37.07005 Y34.18134
G01 X-37.06154 Y34.19818
G01 X-37.04219 Y34.20242
G01 X-37.06154 Y34.19818
G01 X-37.07627 Y34.21611
G01 X-37.08994 Y34.23452
G01 X-37.20467 Y34.33780
G01 X-37.20878 Y34.33970
G01 X-37.23556 Y34.35611
G01 X-37.33710 Y34.42990
G01 X-37.36098 Y34.45027
G01 X-37.40711 Y34.49292
G01 X-38.23210 Y35.31793
G01 X-38.28480 Y35.37610
G01 X-38.30970 Y35.40640
G01 X-38.39682 Y35.53681
G01 X-38.41528 Y35.57138
G01 X-38.47530 Y35.71628
G01 X-38.48668 Y35.75380
G01 X-38.51729 Y35.90760
G01 X-38.52113 Y35.94661
G01 X-38.52499 Y36.02502
G01 X-38.52499 Y41.52501
G01 X-38.52113 Y41.60344
G01 X-38.51729 Y41.64246
G01 X-38.50576 Y41.72011
G01 X-38.48668 Y41.79626
G01 X-38.47530 Y41.83380
G01 X-38.41528 Y41.97868
G01 X-38.39682 Y42.01325
G01 X-38.30967 Y42.14365
G01 X-38.28480 Y42.17395
G01 X-38.23207 Y42.23212
G01 X-36.23208 Y44.23212
G01 X-36.17391 Y44.28485
G01 X-36.14361 Y44.30971
G01 X-36.02309 Y44.39020
G01 X-35.60317 Y44.74837
G01 X-35.60178 Y44.74725
G01 X-35.60317 Y44.74837
G01 X-35.56515 Y44.81946
G01 X-35.46566 Y44.94070
G01 X-35.34445 Y45.04019
G01 X-35.20612 Y45.11410
G01 X-35.05606 Y45.15965
G01 X-34.89997 Y45.17501
G01 X-33.19998 Y45.17501
G01 X-33.04392 Y45.15965
G01 X-32.89383 Y45.11410
G01 X-32.75553 Y45.04019
G01 X-32.63429 Y44.94070
G01 X-32.57621 Y44.86991
G01 X-32.60818 Y44.68177
G01 X-32.59995 Y44.73021
G01 X-32.61796 Y44.76392
G01 X-32.70501 Y44.86999
G01 X-32.81108 Y44.95703
G01 X-32.93211 Y45.02173
G01 X-33.06343 Y45.06155
G01 X-33.19998 Y45.07501
G01 X-34.89997 Y45.07501
G01 X-35.03655 Y45.06155
G01 X-35.16787 Y45.02173
G01 X-35.28887 Y44.95703
G01 X-35.39497 Y44.86999
G01 X-35.48202 Y44.76392
G01 X-35.52489 Y44.68370
G01 X-35.52352 Y44.68258
G01 X-35.52489 Y44.68370
G01 X-35.96225 Y44.31065
G01 X-35.96606 Y44.30865
G01 X-36.08016 Y44.23242
G01 X-36.11049 Y44.20755
G01 X-36.16136 Y44.16140
G01 X-38.16136 Y42.16141
G01 X-38.20751 Y42.11053
G01 X-38.23238 Y42.08020
G01 X-38.30860 Y41.96611
G01 X-38.32710 Y41.93154
G01 X-38.37962 Y41.80476
G01 X-38.39100 Y41.76725
G01 X-38.40769 Y41.70060
G01 X-38.41777 Y41.63265
G01 X-38.42161 Y41.59364
G01 X-38.42499 Y41.52501
G01 X-38.42499 Y36.02502
G01 X-38.42161 Y35.95641
G01 X-38.41777 Y35.91740
G01 X-38.39100 Y35.78283
G01 X-38.37962 Y35.74529
G01 X-38.32710 Y35.61852
G01 X-38.30863 Y35.58395
G01 X-38.23238 Y35.46985
G01 X-38.20751 Y35.43955
G01 X-38.16139 Y35.38865
G01 X-37.33639 Y34.56363
G01 X-37.29603 Y34.52632
G01 X-37.27216 Y34.50595
G01 X-37.18331 Y34.44138
G01 X-37.15654 Y34.42497
G01 X-37.14676 Y34.42010
G01 X-37.01605 Y34.30259
G01 X-37.01587 Y34.30280
G01 X-37.01605 Y34.30259
G01 X-36.99895 Y34.27956
G01 X-36.96787 Y34.24166
G01 X-36.94198 Y34.21309
G01 X-36.92453 Y34.21550
G01 X-36.94198 Y34.21309
G01 X-36.98079 Y34.13625
G01 X-37.02583 Y34.02388
G01 X-37.04005 Y33.97699
G01 X-37.05674 Y33.91034
G01 X-37.06682 Y33.84240
G01 X-37.07162 Y33.79363
G01 X-37.07498 Y33.72502
G01 X-37.07498 Y32.82500
G01 X-37.07162 Y32.75640
G01 X-37.06682 Y32.70763
G01 X-37.05674 Y32.63968
G01 X-37.04005 Y32.57303
G01 X-37.02583 Y32.52614
G01 X-36.97330 Y32.39937
G01 X-36.95021 Y32.35614
G01 X-36.91488 Y32.29721
G01 X-36.87396 Y32.24205
G01 X-36.84287 Y32.20415
G01 X-36.74584 Y32.10712
G01 X-36.70795 Y32.07603
G01 X-36.65278 Y32.03511
G01 X-36.59385 Y31.99981
G01 X-36.55064 Y31.97669
G01 X-36.42385 Y31.92419
G01 X-36.37696 Y31.90997
G01 X-36.31034 Y31.89328
G01 X-36.24236 Y31.88319
G01 X-36.19360 Y31.87839
G01 X-36.12499 Y31.87502
G01 X-36.01133 Y31.87502
G01 X-36.18811 Y31.77811
G01 X-36.33878 Y31.69554
G01 X-36.46876 Y31.62432
G01 X-36.47236 Y31.62467
G01 X-36.51905 Y31.63158
G01 X-36.72809 Y31.67329
G01 X-36.77475 Y31.68497
G01 X-36.90457 Y31.72444
G01 X-36.96172 Y31.76684
G01 X-36.99959 Y31.79793
G01 X-37.15207 Y31.95040
G01 X-37.18316 Y31.98830
G01 X-37.24747 Y32.07499
G01 X-37.30297 Y32.16757
G01 X-37.32608 Y32.21080
G01 X-37.40858 Y32.41004
G01 X-37.42283 Y32.45693
G01 X-37.44904 Y32.56165
G01 X-37.46489 Y32.66841
G01 X-37.46969 Y32.71720
G01 X-37.47498 Y32.82500
G01 X-37.47498 Y33.72502
G01 X-37.46969 Y33.83282
G01 X-37.46489 Y33.88162
G01 X-37.44904 Y33.98840
G01 X-37.42283 Y34.09310
G01 X-37.41551 Y34.11717
G01 X-37.39735 Y34.12319
G01 X-37.41551 Y34.11717
G01 X-37.53195 Y34.20178
G01 X-37.55582 Y34.22215
G01 X-37.61925 Y34.28080
G01 X-38.44424 Y35.10582
G01 X-38.51673 Y35.18580
G01 X-38.54160 Y35.21611
G01 X-38.66138 Y35.39540
G01 X-38.67988 Y35.42997
G01 X-38.76240 Y35.62919
G01 X-38.77378 Y35.66670
G01 X-38.81584 Y35.87821
G01 X-38.81968 Y35.91722
G01 X-38.82499 Y36.02502
G01 X-38.82499 Y41.52501
G01 X-38.81968 Y41.63283
G01 X-38.81584 Y41.67185
G01 X-38.79999 Y41.77863
G01 X-38.77378 Y41.88335
G01 X-38.76238 Y41.92087
G01 X-38.67988 Y42.12011
G01 X-38.66138 Y42.15467
G01 X-38.54157 Y42.33397
G01 X-38.51671 Y42.36428
G01 X-38.44421 Y42.44426
G01 X-36.44422 Y44.44426
G01 X-36.36423 Y44.51675
G01 X-36.33393 Y44.54161
G01 X-36.21382 Y44.62188
G01 X-35.83800 Y44.94238
G01 X-35.83751 Y44.94192
G01 X-35.83800 Y44.94238
G01 X-35.81460 Y44.98614
G01 X-35.67780 Y45.15284
G01 X-35.51110 Y45.28964
G01 X-35.32093 Y45.39127
G01 X-35.11458 Y45.45388
G01 X-34.89997 Y45.47501
G01 X-33.19998 Y45.47501
G01 X-32.98540 Y45.45388
G01 X-32.77902 Y45.39127
G01 X-32.58885 Y45.28962
G01 X-32.53305 Y45.24382
G01 X-32.53795 Y45.18317
G01 X-32.54481 Y45.12475
G01 X-32.57163 Y44.89676
G01 X-32.60818 Y44.68177
G01 X-32.63435 Y44.56734
G01 X-32.64184 Y44.53463
G01 X-32.68370 Y44.39046
G01 X-32.69249 Y44.36592
G01 X-32.69325 Y44.36364
G01 X-32.69998 Y44.34144
G01 X-32.72535 Y44.25807
G01 X-32.72601 Y44.25569
G01 X-32.76775 Y44.08906
G01 X-32.76828 Y44.08670
G01 X-32.78669 Y43.99427
G01 X-32.78713 Y43.99183
G01 X-32.79998 Y43.90512
G01 X-32.81184 Y43.82518
G01 X-32.81215 Y43.82277
G01 X-32.82053 Y43.73783
G01 X-32.82071 Y43.73537
G01 X-32.82888 Y43.56874
G01 X-32.82896 Y43.56628
G01 X-32.82924 Y43.56628
G01 X-32.82896 Y43.56628
G01 X-32.82896 Y43.48375
G01 X-32.82888 Y43.48129
G01 X-32.82071 Y43.31469
G01 X-32.82053 Y43.31223
G01 X-32.81215 Y43.22729
G01 X-32.81184 Y43.22488
G01 X-32.79998 Y43.14489
G01 X-32.78713 Y43.05823
G01 X-32.78669 Y43.05579
G01 X-32.76828 Y42.96339
G01 X-32.76775 Y42.96102
G01 X-32.72601 Y42.79440
G01 X-32.72535 Y42.79199
G01 X-32.69998 Y42.70855
G01 X-32.69998 Y42.67502
G01 X-32.70961 Y42.57746
G01 X-32.73805 Y42.48368
G01 X-32.78426 Y42.39722
G01 X-32.84644 Y42.32145
G01 X-32.92220 Y42.25927
G01 X-33.00864 Y42.21307
G01 X-33.10244 Y42.18462
G01 X-33.19998 Y42.17502
G01 X-34.89997 Y42.17502
G01 X-34.99754 Y42.18462
G01 X-35.09134 Y42.21307
G01 X-35.17777 Y42.25927
G01 X-35.19677 Y42.27487
G01 X-35.23312 Y42.30205
G01 X-35.51608 Y42.54395
G01 X-35.51760 Y42.57967
G01 X-35.51608 Y42.54395
G01 X-36.82496 Y41.23507
G01 X-36.83258 Y41.23822
G01 X-36.82496 Y41.23507
G01 X-36.82496 Y38.22512
G01 X-36.82154 Y38.23340
G01 X-36.82055 Y38.23561
G01 X-36.79735 Y38.28463
G01 X-36.79624 Y38.28686
G01 X-36.73297 Y38.40487
G01 X-36.73180 Y38.40693
G01 X-36.72496 Y38.41831
G01 X-36.72496 Y41.19364
G01 X-36.73258 Y41.19679
G01 X-36.72496 Y41.19364
G01 X-35.51077 Y42.40786
G01 X-35.51234 Y42.44332
G01 X-35.51077 Y42.40786
G01 X-35.29809 Y42.22602
G01 X-35.25362 Y42.19277
G01 X-35.23332 Y42.17614
G01 X-35.12959 Y42.12069
G01 X-35.01704 Y42.08655
G01 X-34.89997 Y42.07502
G01 X-33.19998 Y42.07502
G01 X-33.08294 Y42.08655
G01 X-32.97039 Y42.12069
G01 X-32.86665 Y42.17614
G01 X-32.77572 Y42.25074
G01 X-32.70110 Y42.34167
G01 X-32.64565 Y42.44540
G01 X-32.63435 Y42.48264
G01 X-32.64186 Y42.51551
G01 X-32.68372 Y42.65965
G01 X-32.69249 Y42.68411
G01 X-32.69998 Y42.67502
G01 X-32.79998 Y42.67502
G01 X-32.89998 Y42.67502
G01 X-32.99998 Y42.67502
G01 X-32.99998 Y44.37502
G01 X-33.00384 Y44.41403
G01 X-33.01522 Y44.45155
G01 X-33.03368 Y44.48612
G01 X-33.05858 Y44.51644
G01 X-33.08888 Y44.54131
G01 X-33.12345 Y44.55980
G01 X-33.16096 Y44.57118
G01 X-33.19998 Y44.57502
G01 X-34.89997 Y44.57502
G01 X-34.93901 Y44.57118
G01 X-34.97653 Y44.55980
G01 X-35.01110 Y44.54131
G01 X-35.04140 Y44.51644
G01 X-35.06627 Y44.48612
G01 X-35.08476 Y44.45155
G01 X-35.09614 Y44.41403
G01 X-35.09850 Y44.39020
G01 X-35.09538 Y44.38810
G01 X-35.09850 Y44.39020
G01 X-35.68346 Y43.89112
G01 X-35.69581 Y43.88617
G01 X-35.73038 Y43.86770
G01 X-35.76297 Y43.84591
G01 X-35.79327 Y43.82104
G01 X-35.80782 Y43.80786
G01 X-37.80782 Y41.80786
G01 X-37.82100 Y41.79331
G01 X-37.84587 Y41.76301
G01 X-37.86766 Y41.73042
G01 X-37.88613 Y41.69585
G01 X-37.90114 Y41.65960
G01 X-37.91252 Y41.62209
G01 X-37.91729 Y41.60306
G01 X-37.92016 Y41.58363
G01 X-37.92402 Y41.54462
G01 X-37.92499 Y41.52501
G01 X-37.92499 Y36.02502
G01 X-37.92402 Y36.00544
G01 X-37.92016 Y35.96642
G01 X-37.91252 Y35.92797
G01 X-37.90114 Y35.89045
G01 X-37.88613 Y35.85423
G01 X-37.86766 Y35.81964
G01 X-37.84587 Y35.78705
G01 X-37.82100 Y35.75674
G01 X-37.80782 Y35.74219
G01 X-36.98283 Y34.91717
G01 X-36.97129 Y34.90651
G01 X-36.94744 Y34.88613
G01 X-36.92204 Y34.86769
G01 X-36.89530 Y34.85129
G01 X-36.86733 Y34.83704
G01 X-36.85890 Y34.83381
G01 X-36.63670 Y34.63394
G01 X-36.63637 Y34.63424
G01 X-36.63670 Y34.63394
G01 X-36.63424 Y34.62934
G01 X-36.62415 Y34.61250
G01 X-36.61247 Y34.59675
G01 X-36.58135 Y34.55886
G01 X-36.56820 Y34.54433
G01 X-36.55364 Y34.53114
G01 X-36.51577 Y34.50005
G01 X-36.50317 Y34.49071
G01 X-36.50218 Y34.49157
G01 X-36.50317 Y34.49071
G01 X-36.35829 Y34.25972
G01 X-36.34346 Y34.26041
G01 X-36.35829 Y34.25972
G01 X-36.53449 Y33.91085
G01 X-36.54734 Y33.87875
G01 X-36.56157 Y33.83183
G01 X-36.56634 Y33.81281
G01 X-36.56921 Y33.79340
G01 X-36.57401 Y33.74461
G01 X-36.57498 Y33.72502
G01 X-36.57498 Y32.82500
G01 X-36.57401 Y32.80542
G01 X-36.56921 Y32.75665
G01 X-36.56634 Y32.73722
G01 X-36.56157 Y32.71819
G01 X-36.54734 Y32.67128
G01 X-36.53233 Y32.63506
G01 X-36.50924 Y32.59183
G01 X-36.49916 Y32.57501
G01 X-36.48745 Y32.55924
G01 X-36.45636 Y32.52137
G01 X-36.42865 Y32.49363
G01 X-36.39075 Y32.46254
G01 X-36.37500 Y32.45086
G01 X-36.35816 Y32.44075
G01 X-36.31493 Y32.41766
G01 X-36.27871 Y32.40265
G01 X-36.23182 Y32.38843
G01 X-36.21277 Y32.38365
G01 X-36.19337 Y32.38078
G01 X-36.14460 Y32.37598
G01 X-36.12499 Y32.37501
G01 X-35.42499 Y32.37501
G01 X-35.40538 Y32.37598
G01 X-35.35662 Y32.38078
G01 X-35.33719 Y32.38365
G01 X-35.31816 Y32.38843
G01 X-35.27127 Y32.40265
G01 X-35.23503 Y32.41766
G01 X-35.19182 Y32.44075
G01 X-35.17498 Y32.45086
G01 X-35.15921 Y32.46254
G01 X-35.12134 Y32.49363
G01 X-35.09360 Y32.52137
G01 X-35.06251 Y32.55924
G01 X-35.05083 Y32.57501
G01 X-35.04074 Y32.59183
G01 X-35.01763 Y32.63506
G01 X-35.00264 Y32.67128
G01 X-34.98839 Y32.71819
G01 X-34.98364 Y32.73722
G01 X-34.98075 Y32.75665
G01 X-34.97595 Y32.80542
G01 X-34.97498 Y32.82500
G01 X-34.97498 Y33.72502
G01 X-34.97595 Y33.74461
G01 X-34.98075 Y33.79340
G01 X-34.98364 Y33.81281
G01 X-34.98839 Y33.83183
G01 X-35.00264 Y33.87875
G01 X-35.01549 Y33.91085
G01 X-35.19167 Y34.25972
G01 X-35.20650 Y34.26041
G01 X-35.19167 Y34.25972
G01 X-35.04580 Y34.49231
G01 X-35.04681 Y34.49322
G01 X-35.04580 Y34.49231
G01 X-35.03421 Y34.50005
G01 X-34.99634 Y34.53114
G01 X-34.98179 Y34.54433
G01 X-34.96861 Y34.55886
G01 X-34.93752 Y34.59675
G01 X-34.91572 Y34.62934
G01 X-34.89263 Y34.67257
G01 X-34.88425 Y34.69030
G01 X-34.87762 Y34.70879
G01 X-34.86340 Y34.75568
G01 X-34.85862 Y34.77473
G01 X-34.85575 Y34.79414
G01 X-34.85095 Y34.84290
G01 X-34.84999 Y34.86251
G01 X-34.84999 Y35.53752
G01 X-34.85095 Y35.55713
G01 X-34.85575 Y35.60589
G01 X-34.85862 Y35.62530
G01 X-34.86340 Y35.64435
G01 X-34.87762 Y35.69124
G01 X-34.88425 Y35.70973
G01 X-34.89263 Y35.72746
G01 X-34.91572 Y35.77069
G01 X-34.93752 Y35.80328
G01 X-34.96861 Y35.84117
G01 X-34.98179 Y35.85570
G01 X-34.99634 Y35.86889
G01 X-35.03421 Y35.89998
G01 X-35.04999 Y35.91168
G01 X-35.06683 Y35.92177
G01 X-35.11003 Y35.94486
G01 X-35.14625 Y35.95987
G01 X-35.19317 Y35.97409
G01 X-35.23162 Y35.98174
G01 X-35.28039 Y35.98654
G01 X-35.30000 Y35.98750
G01 X-36.24998 Y35.98750
G01 X-36.26959 Y35.98654
G01 X-36.31836 Y35.98174
G01 X-36.35682 Y35.97409
G01 X-36.40371 Y35.95987
G01 X-36.40782 Y35.95817
G01 X-36.41234 Y35.95718
G01 X-36.77688 Y35.84260
G01 X-36.78092 Y35.82619
G01 X-36.77688 Y35.84260
G01 X-37.12499 Y36.19070
G01 X-37.13258 Y36.18755
G01 X-37.12499 Y36.19070
G01 X-37.12499 Y41.35932
G01 X-37.13258 Y41.36250
G01 X-37.12499 Y41.35932
G01 X-35.53200 Y42.95229
G01 X-35.53343 Y42.98848
G01 X-35.53200 Y42.95229
G01 X-35.03815 Y42.53006
G01 X-35.02626 Y42.52115
G01 X-35.01110 Y42.50873
G01 X-34.97653 Y42.49023
G01 X-34.93901 Y42.47885
G01 X-34.89997 Y42.47502
G01 X-33.19998 Y42.47502
G01 X-33.16096 Y42.47885
G01 X-33.12345 Y42.49023
G01 X-33.08888 Y42.50873
G01 X-33.05858 Y42.53359
G01 X-33.03368 Y42.56389
G01 X-33.01522 Y42.59846
G01 X-33.00384 Y42.63600
G01 X-32.99998 Y42.67502
G01 X-33.09998 Y42.67502
G01 X-33.10191 Y42.65551
G01 X-33.10760 Y42.63674
G01 X-33.11684 Y42.61944
G01 X-33.12926 Y42.60431
G01 X-33.14443 Y42.59186
G01 X-33.16173 Y42.58261
G01 X-33.18047 Y42.57692
G01 X-33.19998 Y42.57502
G01 X-34.89997 Y42.57502
G01 X-34.91951 Y42.57692
G01 X-34.93825 Y42.58261
G01 X-34.95555 Y42.59186
G01 X-34.96942 Y42.60326
G01 X-34.97318 Y42.60606
G01 X-35.53734 Y43.08840
G01 X-37.22496 Y41.40075
G01 X-37.22496 Y36.14930
G01 X-36.80472 Y35.72903
G01 X-36.38237 Y35.86177
G01 X-36.37836 Y35.86266
G01 X-36.37470 Y35.86419
G01 X-36.32779 Y35.87841
G01 X-36.30856 Y35.88222
G01 X-36.25979 Y35.88702
G01 X-36.24998 Y35.88750
G01 X-35.30000 Y35.88750
G01 X-35.29020 Y35.88702
G01 X-35.24140 Y35.88222
G01 X-35.22217 Y35.87841
G01 X-35.17529 Y35.86419
G01 X-35.15718 Y35.85667
G01 X-35.11394 Y35.83358
G01 X-35.10554 Y35.82853
G01 X-35.09766 Y35.82268
G01 X-35.05977 Y35.79159
G01 X-35.04590 Y35.77773
G01 X-35.01481 Y35.73985
G01 X-35.00394 Y35.72355
G01 X-34.98082 Y35.68032
G01 X-34.97663 Y35.67145
G01 X-34.97333 Y35.66221
G01 X-34.95911 Y35.61532
G01 X-34.95672 Y35.60579
G01 X-34.95527 Y35.59609
G01 X-34.95047 Y35.54732
G01 X-34.94999 Y35.53752
G01 X-34.94999 Y34.86251
G01 X-34.95047 Y34.85271
G01 X-34.95527 Y34.80394
G01 X-34.95672 Y34.79424
G01 X-34.95911 Y34.78471
G01 X-34.97333 Y34.73782
G01 X-34.97663 Y34.72858
G01 X-34.98082 Y34.71971
G01 X-35.00394 Y34.67648
G01 X-35.01481 Y34.66018
G01 X-35.04590 Y34.62230
G01 X-35.05977 Y34.60844
G01 X-35.09766 Y34.57735
G01 X-35.11394 Y34.56645
G01 X-35.11902 Y34.56373
G01 X-35.30640 Y34.26503
G01 X-35.10869 Y33.87356
G01 X-35.10785 Y33.87161
G01 X-35.10582 Y33.86782
G01 X-35.09832 Y33.84971
G01 X-35.08410 Y33.80282
G01 X-35.08171 Y33.79330
G01 X-35.08026 Y33.78360
G01 X-35.07546 Y33.73480
G01 X-35.07498 Y33.72502
G01 X-35.07498 Y32.82500
G01 X-35.07546 Y32.81522
G01 X-35.08026 Y32.76643
G01 X-35.08171 Y32.75673
G01 X-35.08410 Y32.74720
G01 X-35.09832 Y32.70031
G01 X-35.10582 Y32.68220
G01 X-35.12893 Y32.63897
G01 X-35.13399 Y32.63056
G01 X-35.13983 Y32.62269
G01 X-35.17092 Y32.58479
G01 X-35.18476 Y32.57092
G01 X-35.22266 Y32.53983
G01 X-35.23053 Y32.53399
G01 X-35.23896 Y32.52896
G01 X-35.28217 Y32.50585
G01 X-35.30028 Y32.49836
G01 X-35.34719 Y32.48413
G01 X-35.35672 Y32.48175
G01 X-35.36642 Y32.48030
G01 X-35.41519 Y32.47550
G01 X-35.42499 Y32.47501
G01 X-36.12499 Y32.47501
G01 X-36.13480 Y32.47550
G01 X-36.18356 Y32.48030
G01 X-36.19327 Y32.48175
G01 X-36.20279 Y32.48413
G01 X-36.24968 Y32.49836
G01 X-36.26779 Y32.50585
G01 X-36.31102 Y32.52896
G01 X-36.31943 Y32.53399
G01 X-36.32733 Y32.53983
G01 X-36.36520 Y32.57092
G01 X-36.37907 Y32.58479
G01 X-36.41016 Y32.62269
G01 X-36.41600 Y32.63056
G01 X-36.42105 Y32.63897
G01 X-36.44414 Y32.68220
G01 X-36.45166 Y32.70031
G01 X-36.46588 Y32.74720
G01 X-36.46827 Y32.75673
G01 X-36.46969 Y32.76643
G01 X-36.47450 Y32.81522
G01 X-36.47498 Y32.82500
G01 X-36.47498 Y33.72502
G01 X-36.47450 Y33.73480
G01 X-36.46969 Y33.78360
G01 X-36.46827 Y33.79330
G01 X-36.46588 Y33.80282
G01 X-36.45166 Y33.84971
G01 X-36.44833 Y33.85896
G01 X-36.44414 Y33.86785
G01 X-36.44201 Y33.87184
G01 X-36.44127 Y33.87356
G01 X-36.24356 Y34.26503
G01 X-36.43093 Y34.56373
G01 X-36.43601 Y34.56645
G01 X-36.44445 Y34.57150
G01 X-36.45232 Y34.57735
G01 X-36.49019 Y34.60844
G01 X-36.50406 Y34.62230
G01 X-36.53515 Y34.66018
G01 X-36.54099 Y34.66808
G01 X-36.54605 Y34.67648
G01 X-36.55679 Y34.69660
G01 X-36.80497 Y34.91946
G01 X-36.82905 Y34.92942
G01 X-36.84302 Y34.93655
G01 X-36.86980 Y34.95296
G01 X-36.88250 Y34.96218
G01 X-36.90635 Y34.98255
G01 X-36.91211 Y34.98789
G01 X-37.73710 Y35.81290
G01 X-37.74371 Y35.82017
G01 X-37.76857 Y35.85047
G01 X-37.77947 Y35.86678
G01 X-37.79794 Y35.90135
G01 X-37.80546 Y35.91946
G01 X-37.81683 Y35.95700
G01 X-37.82064 Y35.97620
G01 X-37.82451 Y36.01524
G01 X-37.82499 Y36.02502
G01 X-37.82499 Y41.52501
G01 X-37.82451 Y41.53481
G01 X-37.82064 Y41.57385
G01 X-37.81922 Y41.58356
G01 X-37.81683 Y41.59306
G01 X-37.80546 Y41.63060
G01 X-37.79794 Y41.64871
G01 X-37.77947 Y41.68328
G01 X-37.76857 Y41.69958
G01 X-37.74371 Y41.72989
G01 X-37.73710 Y41.73715
G01 X-35.73711 Y43.73715
G01 X-35.72984 Y43.74375
G01 X-35.69954 Y43.76862
G01 X-35.68323 Y43.77951
G01 X-35.64867 Y43.79798
G01 X-35.63056 Y43.80550
G01 X-35.62972 Y43.80573
G01 X-35.00000 Y44.34278
G01 X-34.99997 Y44.37502
G01 X-34.99807 Y44.39452
G01 X-34.99238 Y44.41329
G01 X-34.98313 Y44.43057
G01 X-34.97069 Y44.44573
G01 X-34.95555 Y44.45815
G01 X-34.93825 Y44.46740
G01 X-34.91951 Y44.47309
G01 X-34.89997 Y44.47502
G01 X-33.19998 Y44.47502
G01 X-33.18047 Y44.47309
G01 X-33.16173 Y44.46740
G01 X-33.14443 Y44.45815
G01 X-33.12926 Y44.44573
G01 X-33.11684 Y44.43057
G01 X-33.10760 Y44.41329
G01 X-33.10191 Y44.39452
G01 X-33.09998 Y44.37502
G01 X-33.09998 Y42.67502
G01 X-32.99998 Y42.67502
G01 X-32.89998 Y42.67502
G01 X-32.79998 Y42.67502
G01 X-32.69998 Y42.67502
G01 X-32.69249 Y42.68411
G01 X-32.69325 Y42.68640
G01 X-32.69998 Y42.70855
G01 X-32.69325 Y42.68640
G01 X-32.69249 Y42.68411
G01 X-32.68372 Y42.65965
G01 X-32.64186 Y42.51551
G01 X-32.63435 Y42.48264
G01 X-32.60818 Y42.36816
G01 X-32.59995 Y42.31977
G01 X-32.57161 Y42.15320
G01 X-32.55883 Y42.04444
G01 X-32.56358 Y42.03862
G01 X-32.69998 Y41.92668
G01 X-32.85558 Y41.84352
G01 X-33.02441 Y41.79232
G01 X-33.19998 Y41.77502
G01 X-34.89997 Y41.77502
G01 X-35.07557 Y41.79232
G01 X-35.24440 Y41.84352
G01 X-35.28710 Y41.86633
G01 X-35.29586 Y41.86984
G01 X-35.34155 Y41.89544
G01 X-35.40000 Y41.92668
G01 X-35.42413 Y41.94650
G01 X-35.49306 Y41.99801
G01 X-35.49484 Y41.99953
G01 X-35.49698 Y42.03250
G01 X-35.49484 Y41.99953
G01 X-36.42497 Y41.06938
G01 X-36.43259 Y41.07253
G01 X-36.42497 Y41.06938
G01 X-36.42497 Y38.82410
G01 X-36.38293 Y38.87048
G01 X-36.38209 Y38.87139
G01 X-36.32497 Y38.93131
G01 X-36.32497 Y41.02796
G01 X-36.33259 Y41.03111
G01 X-36.32497 Y41.02796
G01 X-35.48529 Y41.86763
G01 X-35.48872 Y41.89336
G01 X-35.48529 Y41.86763
G01 X-35.48095 Y41.86438
G01 X-35.45555 Y41.84355
G01 X-35.40114 Y41.81447
G01 X-35.33894 Y41.77959
G01 X-35.32700 Y41.77484
G01 X-35.28268 Y41.75114
G01 X-35.22007 Y41.73215
G01 X-35.21732 Y41.73105
G01 X-35.20912 Y41.72839
G01 X-35.20899 Y41.72879
G01 X-35.09507 Y41.69422
G01 X-34.89997 Y41.67502
G01 X-33.19998 Y41.67502
G01 X-33.00491 Y41.69422
G01 X-32.81730 Y41.75114
G01 X-32.64443 Y41.84355
G01 X-32.54481 Y41.92526
G01 X-32.57161 Y42.15320
G01 X-32.54481 Y41.92526
G01 X-32.53793 Y41.86674
G01 X-32.53269 Y41.80649
G01 X-32.58885 Y41.76039
G01 X-32.77902 Y41.65874
G01 X-32.98540 Y41.59615
G01 X-33.19998 Y41.57502
G01 X-34.89997 Y41.57502
G01 X-35.11458 Y41.59615
G01 X-35.23978 Y41.63413
G01 X-35.24003 Y41.63329
G01 X-35.24823 Y41.63596
G01 X-35.25603 Y41.63905
G01 X-35.32093 Y41.65874
G01 X-35.36693 Y41.68333
G01 X-35.38202 Y41.68935
G01 X-35.46076 Y41.73347
G01 X-35.47201 Y41.73951
G01 X-35.47562 Y41.76374
G01 X-35.47201 Y41.73951
G01 X-36.22497 Y40.98655
G01 X-36.23259 Y40.98970
G01 X-36.22497 Y40.98655
G01 X-36.22499 Y39.03322
G01 X-36.28532 Y38.97287
G01 X-36.28615 Y38.97203
G01 X-36.32497 Y38.93131
G01 X-36.38209 Y38.87139
G01 X-36.38293 Y38.87048
G01 X-36.42497 Y38.82410
G01 X-36.42735 Y38.82148
G01 X-36.42890 Y38.81968
G01 X-36.52497 Y38.70309
G01 X-36.56812 Y38.65074
G01 X-36.56969 Y38.64874
G01 X-36.60607 Y38.59969
G01 X-36.60744 Y38.59776
G01 X-36.62497 Y38.57160
G01 X-36.62497 Y41.15224
G01 X-36.63259 Y41.15539
G01 X-36.62497 Y41.15224
G01 X-35.50546 Y42.27174
G01 X-35.50714 Y42.30685
G01 X-35.50546 Y42.27174
G01 X-35.36309 Y42.15003
G01 X-35.31044 Y42.11066
G01 X-35.28887 Y42.09298
G01 X-35.22243 Y42.05744
G01 X-35.20973 Y42.05033
G01 X-35.20729 Y42.04937
G01 X-35.16787 Y42.02831
G01 X-35.03655 Y41.98846
G01 X-34.89997 Y41.97502
G01 X-33.19998 Y41.97502
G01 X-33.06343 Y41.98846
G01 X-32.93211 Y42.02831
G01 X-32.81108 Y42.09298
G01 X-32.70501 Y42.18005
G01 X-32.61796 Y42.28612
G01 X-32.59995 Y42.31977
G01 X-32.57621 Y42.18013
G01 X-32.63429 Y42.10934
G01 X-32.75553 Y42.00984
G01 X-32.89383 Y41.93590
G01 X-33.04392 Y41.89039
G01 X-33.19998 Y41.87502
G01 X-34.89997 Y41.87502
G01 X-35.05606 Y41.89039
G01 X-35.20615 Y41.93590
G01 X-35.24719 Y41.95785
G01 X-35.25278 Y41.96009
G01 X-35.28202 Y41.97647
G01 X-35.34445 Y42.00984
G01 X-35.36726 Y42.02856
G01 X-35.42807 Y42.07403
G01 X-35.50015 Y42.13565
G01 X-35.50198 Y42.17009
G01 X-35.50015 Y42.13565
G01 X-36.52497 Y41.11081
G01 X-36.53259 Y41.11396
G01 X-36.52497 Y41.11081
G01 X-36.52497 Y38.70309
G01 X-36.56812 Y38.65074
G01 X-36.56969 Y38.64874
G01 X-36.60607 Y38.59969
G01 X-36.60744 Y38.59776
G01 X-36.62497 Y38.57160
G01 X-36.70109 Y38.45809
G01 X-36.70244 Y38.45593
G01 X-36.72496 Y38.41831
G01 X-36.73180 Y38.40693
G01 X-36.73297 Y38.40487
G01 X-36.79624 Y38.28686
G01 X-36.79735 Y38.28463
G01 X-36.82055 Y38.23561
G01 X-36.82154 Y38.23340
G01 X-36.82496 Y38.22512
G01 X-36.86451 Y38.12994
G01 X-36.86543 Y38.12761
G01 X-36.88295 Y38.07861
G01 X-36.88371 Y38.07630
G01 X-36.91209 Y37.98300
G01 X-36.91275 Y37.98062
G01 X-36.91313 Y37.98072
G01 X-36.91275 Y37.98062
G01 X-36.92499 Y37.93175
G01 X-36.92555 Y37.92923
G01 X-36.94269 Y37.84318
G01 X-36.94313 Y37.84074
G01 X-36.95039 Y37.79174
G01 X-36.95069 Y37.78930
G01 X-36.95882 Y37.70719
G01 X-36.95900 Y37.70472
G01 X-36.96141 Y37.65572
G01 X-36.96146 Y37.65448
G01 X-36.96245 Y37.61376
G01 X-36.96248 Y37.61252
G01 X-36.96248 Y36.93751
G01 X-36.96245 Y36.93630
G01 X-36.96146 Y36.89558
G01 X-36.96141 Y36.89433
G01 X-36.95900 Y36.84534
G01 X-36.95882 Y36.84287
G01 X-36.95069 Y36.76081
G01 X-36.95042 Y36.75839
G01 X-36.94313 Y36.70937
G01 X-36.94272 Y36.70693
G01 X-36.92552 Y36.62070
G01 X-36.92496 Y36.61826
G01 X-36.91272 Y36.56934
G01 X-36.91206 Y36.56693
G01 X-36.88377 Y36.47391
G01 X-36.88300 Y36.47163
G01 X-36.86548 Y36.42261
G01 X-36.86456 Y36.42027
G01 X-36.82496 Y36.32497
G01 X-36.82496 Y36.31499
G01 X-36.82735 Y36.31351
G01 X-36.82496 Y36.31499
G01 X-36.81915 Y36.30914
G01 X-36.81811 Y36.30986
G01 X-36.81915 Y36.30914
G01 X-36.81389 Y36.30386
G01 X-36.80884 Y36.29855
G01 X-36.80584 Y36.29583
G01 X-36.77262 Y36.26574
G01 X-36.77124 Y36.26454
G01 X-36.70906 Y36.21219
G01 X-36.70304 Y36.20785
G01 X-36.69647 Y36.20445
G01 X-36.69847 Y36.19972
G01 X-36.69647 Y36.20445
G01 X-36.68946 Y36.20206
G01 X-36.68214 Y36.20074
G01 X-36.65194 Y36.19754
G01 X-36.65130 Y36.19746
G01 X-36.64907 Y36.19723
G01 X-36.69334 Y36.18334
G01 X-36.69738 Y36.16688
G01 X-36.69334 Y36.18334
G01 X-36.80584 Y36.29583
G01 X-36.80884 Y36.29855
G01 X-36.81389 Y36.30386
G01 X-36.81811 Y36.30986
G01 X-36.82141 Y36.31641
G01 X-36.82496 Y36.32497
G01 X-36.82141 Y36.31641
G01 X-36.81811 Y36.30986
G01 X-36.81389 Y36.30386
G01 X-36.80884 Y36.29855
G01 X-36.80584 Y36.29583
G01 X-36.77262 Y36.26574
G01 X-36.77124 Y36.26454
G01 X-36.70906 Y36.21219
G01 X-36.70304 Y36.20785
G01 X-36.69647 Y36.20445
G01 X-36.68946 Y36.20206
G01 X-36.68214 Y36.20074
G01 X-36.65194 Y36.19754
G01 X-36.65130 Y36.19746
G01 X-36.64907 Y36.19723
G01 X-36.59840 Y36.19253
G01 X-36.59629 Y36.19238
G01 X-36.50302 Y36.18763
G01 X-36.50048 Y36.18755
G01 X-36.24998 Y36.18750
G01 X-36.06944 Y36.18750
G01 X-35.52296 Y36.08750
G01 X-35.30942 Y36.04844
G01 X-35.28103 Y36.04252
G01 X-35.23454 Y36.03165
G01 X-35.18085 Y36.01626
G01 X-35.13670 Y36.00125
G01 X-35.08583 Y35.98108
G01 X-35.04280 Y35.96155
G01 X-35.01476 Y35.94768
G01 X-35.00462 Y35.93881
G01 X-34.96960 Y35.90706
G01 X-34.94018 Y35.87811
G01 X-34.93815 Y35.87485
G01 X-34.91344 Y35.83391
G01 X-34.88796 Y35.78667
G01 X-34.86795 Y35.74471
G01 X-34.84768 Y35.69627
G01 X-34.83183 Y35.65245
G01 X-34.81605 Y35.60102
G01 X-34.80429 Y35.55484
G01 X-34.79797 Y35.52703
G01 X-34.74999 Y35.29015
G01 X-34.69998 Y35.04318
G01 X-34.69998 Y34.89751
G01 X-34.69995 Y34.89637
G01 X-34.69825 Y34.82238
G01 X-34.69825 Y34.80907
G01 X-34.69825 Y34.80800
G01 X-34.69749 Y34.77257
G01 X-34.69744 Y34.77150
G01 X-34.69545 Y34.72561
G01 X-34.69467 Y34.68862
G01 X-34.69467 Y34.67641
G01 X-34.69467 Y34.67537
G01 X-34.69385 Y34.63688
G01 X-34.69383 Y34.63587
G01 X-34.69357 Y34.63015
G01 X-34.69947 Y34.61377
G01 X-34.71626 Y34.57829
G01 X-34.73935 Y34.53506
G01 X-34.78291 Y34.46985
G01 X-34.81400 Y34.43198
G01 X-34.84036 Y34.40290
G01 X-34.86944 Y34.37653
G01 X-34.89596 Y34.35477
G01 X-34.89644 Y34.35512
G01 X-34.89596 Y34.35477
G01 X-34.96226 Y34.24908
G01 X-34.97678 Y34.24984
G01 X-34.96226 Y34.24908
G01 X-34.83696 Y34.00100
G01 X-34.82497 Y33.97105
G01 X-34.82497 Y34.03851
G01 X-34.82497 Y34.03910
G01 X-34.82426 Y34.10051
G01 X-34.82416 Y34.10305
G01 X-34.81892 Y34.18713
G01 X-34.84755 Y34.24377
G01 X-34.86729 Y34.24608
G01 X-34.84755 Y34.24377
G01 X-34.81991 Y34.28781
G01 X-34.80602 Y34.29924
G01 X-34.76965 Y34.33219
G01 X-34.73670 Y34.36853
G01 X-34.70561 Y34.40643
G01 X-34.68781 Y34.43302
G01 X-34.68966 Y34.47963
G01 X-34.68969 Y34.48060
G01 X-34.69060 Y34.52611
G01 X-34.69060 Y34.52711
G01 X-34.69060 Y34.53724
G01 X-34.69152 Y34.58057
G01 X-34.69357 Y34.63015
G01 X-34.69152 Y34.58057
G01 X-34.69060 Y34.53724
G01 X-34.69060 Y34.52711
G01 X-34.69060 Y34.52611
G01 X-34.68969 Y34.48060
G01 X-34.68966 Y34.47963
G01 X-34.68781 Y34.43302
G01 X-34.68672 Y34.40498
G01 X-34.68636 Y34.39243
G01 X-34.69982 Y34.37897
G01 X-34.70023 Y34.37857
G01 X-34.71880 Y34.35957
G01 X-34.71920 Y34.35914
G01 X-34.77757 Y34.29797
G01 X-34.79599 Y34.27913
G01 X-34.79998 Y34.27514
G01 X-34.80541 Y34.26869
G01 X-34.80848 Y34.27039
G01 X-34.80541 Y34.26869
G01 X-34.80968 Y34.26142
G01 X-34.81268 Y34.25355
G01 X-34.81430 Y34.24527
G01 X-34.81649 Y34.22563
G01 X-34.81669 Y34.22327
G01 X-34.81740 Y34.22335
G01 X-34.81669 Y34.22327
G01 X-34.81892 Y34.18713
G01 X-34.82416 Y34.10305
G01 X-34.82426 Y34.10051
G01 X-34.82497 Y34.03910
G01 X-34.82497 Y34.03851
G01 X-34.82497 Y33.97105
G01 X-34.82497 Y32.58002
G01 X-34.82497 Y32.52520
G01 X-34.82497 Y32.37649
G01 X-34.82497 Y32.22701
G01 X-34.82497 Y32.09000
G01 X-34.82497 Y31.84548
G01 X-34.82499 Y31.72973
G01 X-34.85791 Y31.71213
G01 X-35.03904 Y31.63709
G01 X-35.08120 Y31.62429
G01 X-35.03904 Y31.63709
G01 X-34.85791 Y31.71213
G01 X-34.82499 Y31.72973
G01 X-34.82497 Y31.84548
G01 X-34.82497 Y31.67268
G01 X-35.03106 Y31.63156
G01 X-35.07765 Y31.62465
G01 X-35.08120 Y31.62429
G01 X-35.27899 Y31.60478
G01 X-35.32621 Y31.60247
G01 X-35.42570 Y31.60001
G01 X-36.12425 Y31.60001
G01 X-36.22375 Y31.60247
G01 X-36.27097 Y31.60478
G01 X-36.46876 Y31.62432
G01 X-36.51094 Y31.63709
G01 X-36.69205 Y31.71213
G01 X-36.73528 Y31.73521
G01 X-36.81945 Y31.78568
G01 X-36.89827 Y31.84413
G01 X-36.93617 Y31.87522
G01 X-37.07477 Y32.01385
G01 X-37.10586 Y32.05172
G01 X-37.16433 Y32.13054
G01 X-37.21478 Y32.21471
G01 X-37.23787 Y32.25795
G01 X-37.31290 Y32.43905
G01 X-37.32712 Y32.48596
G01 X-37.35097 Y32.58116
G01 X-37.36538 Y32.67821
G01 X-37.37018 Y32.72701
G01 X-37.37498 Y32.82500
G01 X-37.37498 Y33.72502
G01 X-37.37018 Y33.82302
G01 X-37.36538 Y33.87181
G01 X-37.35097 Y33.96886
G01 X-37.32712 Y34.06406
G01 X-37.31290 Y34.11098
G01 X-37.29669 Y34.15139
G01 X-37.27696 Y34.15761
G01 X-37.29669 Y34.15139
G01 X-37.32339 Y34.17537
G01 X-37.34005 Y34.18558
G01 X-37.46700 Y34.27780
G01 X-37.49088 Y34.29820
G01 X-37.54853 Y34.35149
G01 X-38.37353 Y35.17651
G01 X-38.43941 Y35.24923
G01 X-38.46428 Y35.27953
G01 X-38.57320 Y35.44252
G01 X-38.59169 Y35.47712
G01 X-38.66669 Y35.65822
G01 X-38.67807 Y35.69573
G01 X-38.71632 Y35.88801
G01 X-38.72016 Y35.92703
G01 X-38.72499 Y36.02502
G01 X-38.72499 Y41.52501
G01 X-38.72016 Y41.62303
G01 X-38.71632 Y41.66207
G01 X-38.70192 Y41.75912
G01 X-38.67807 Y41.85432
G01 X-38.66669 Y41.89184
G01 X-38.59166 Y42.07296
G01 X-38.57320 Y42.10753
G01 X-38.46428 Y42.27052
G01 X-38.43941 Y42.30083
G01 X-38.37350 Y42.37355
G01 X-36.37351 Y44.37354
G01 X-36.30078 Y44.43946
G01 X-36.27048 Y44.46432
G01 X-36.15024 Y44.54466
G01 X-35.75971 Y44.87771
G01 X-35.75918 Y44.87720
G01 X-35.75971 Y44.87771
G01 X-35.73144 Y44.93059
G01 X-35.60709 Y45.08213
G01 X-35.45555 Y45.20648
G01 X-35.28268 Y45.29889
G01 X-35.09507 Y45.35579
G01 X-34.89997 Y45.37501
G01 X-33.19998 Y45.37501
G01 X-33.00491 Y45.35579
G01 X-32.81730 Y45.29889
G01 X-32.64443 Y45.20648
G01 X-32.54481 Y45.12475
G01 X-32.55883 Y45.00560
G01 X-32.57163 Y44.89676
G01 X-32.55883 Y45.00560
G01 X-32.56358 Y45.01141
G01 X-32.69998 Y45.12333
G01 X-32.85558 Y45.20651
G01 X-33.02441 Y45.25772
G01 X-33.19998 Y45.27501
G01 X-34.89997 Y45.27501
G01 X-35.07557 Y45.25772
G01 X-35.24440 Y45.20651
G01 X-35.40000 Y45.12333
G01 X-35.53637 Y45.01141
G01 X-35.64831 Y44.87504
G01 X-35.68143 Y44.81304
G01 X-35.68087 Y44.81248
G01 X-35.68143 Y44.81304
G01 X-36.08669 Y44.46745
G01 X-36.20706 Y44.38703
G01 X-36.23736 Y44.36214
G01 X-36.30279 Y44.30283
G01 X-38.30279 Y42.30283
G01 X-38.36210 Y42.23740
G01 X-38.38699 Y42.20710
G01 X-38.48501 Y42.06039
G01 X-38.50347 Y42.02582
G01 X-38.57099 Y41.86280
G01 X-38.58239 Y41.82529
G01 X-38.60383 Y41.73961
G01 X-38.61681 Y41.65226
G01 X-38.62064 Y41.61325
G01 X-38.62499 Y41.52501
G01 X-38.62499 Y36.02502
G01 X-38.62064 Y35.93683
G01 X-38.61681 Y35.89779
G01 X-38.58239 Y35.72477
G01 X-38.57101 Y35.68725
G01 X-38.50350 Y35.52426
G01 X-38.48501 Y35.48966
G01 X-38.38699 Y35.34298
G01 X-38.36212 Y35.31268
G01 X-38.30281 Y35.24722
G01 X-37.47782 Y34.42220
G01 X-37.42593 Y34.37425
G01 X-37.40205 Y34.35385
G01 X-37.28780 Y34.27084
G01 X-37.26334 Y34.25586
G01 X-37.17818 Y34.17935
G01 X-37.15598 Y34.18545
G01 X-37.17818 Y34.17935
G01 X-37.21719 Y34.08195
G01 X-37.23144 Y34.03503
G01 X-37.25288 Y33.94936
G01 X-37.26586 Y33.86201
G01 X-37.27066 Y33.81324
G01 X-37.27498 Y33.72502
G01 X-37.27498 Y32.82500
G01 X-37.27066 Y32.73679
G01 X-37.26586 Y32.68802
G01 X-37.25288 Y32.60067
G01 X-37.23144 Y32.51499
G01 X-37.21719 Y32.46808
G01 X-37.14968 Y32.30509
G01 X-37.12659 Y32.26186
G01 X-37.08117 Y32.18611
G01 X-37.02857 Y32.11517
G01 X-36.99748 Y32.07728
G01 X-36.87272 Y31.95254
G01 X-36.83485 Y31.92145
G01 X-36.76390 Y31.86882
G01 X-36.68813 Y31.82343
G01 X-36.64490 Y31.80031
G01 X-36.48191 Y31.73280
G01 X-36.43502 Y31.71858
G01 X-36.34935 Y31.69711
G01 X-36.33878 Y31.69554
G01 X-36.26197 Y31.68416
G01 X-36.21321 Y31.67936
G01 X-36.12499 Y31.67502
G01 X-35.42499 Y31.67502
G01 X-35.33678 Y31.67936
G01 X-35.28801 Y31.68416
G01 X-35.20063 Y31.69711
G01 X-35.11496 Y31.71858
G01 X-35.06807 Y31.73280
G01 X-34.90505 Y31.80031
G01 X-34.86185 Y31.82343
G01 X-34.82497 Y31.84548
G04 P0 ( dwell for no time -- G64 should not smooth over this point )
G00 Z5.00000 ( retract )

G00 X-45.90663 Y23.89367 ( rapid move to begin. )
G01 F150.00000
( Mill infeed pass 1/1 )
G01 Z-0.06000
G04 P0 ( dwell for no time -- G64 should not smooth over this point )
G01 F300.00000
G01 X-45.90663 Y23.89367
G01 X-45.89035 Y23.85004
G01 X-46.19995 Y23.85004
G01 X-46.19995 Y24.14600
G01 X-46.19576 Y24.14554
G01 X-46.08629 Y24.10470
G01 X-45.99421 Y24.03579
G01 X-45.92530 Y23.94371
G01 X-45.90663 Y23.89367
G01 X-46.05494 Y23.95004
G01 X-46.09995 Y23.95001
G01 X-46.12926 Y23.92073
G01 X-46.09995 Y23.95001
G01 X-46.09995 Y23.99002
G01 X-46.15898 Y24.12141
G01 X-46.09995 Y23.99002
G01 X-46.06566 Y23.96434
G01 X-46.05494 Y23.95004
G04 P0 ( dwell for no time -- G64 should not smooth over this point )
G00 Z5.00000 ( retract )

G00 X-47.84996 Y24.14600 ( rapid move to begin. )
G01 F150.00000
( Mill infeed pass 1/1 )
G01 Z-0.06000
G04 P0 ( dwell for no time -- G64 should not smooth over this point )
G01 F300.00000
G01 X-47.84996 Y24.14600
G01 X-47.89096 Y24.12141
G01 X-47.94999 Y23.99002
G01 X-47.98428 Y23.96434
G01 X-47.99500 Y23.95004
G01 X-47.94999 Y23.95001
G01 X-47.94999 Y23.99002
G01 X-47.94999 Y23.95001
G01 X-47.92068 Y23.92073
G01 X-47.94999 Y23.95001
G01 X-47.99500 Y23.95004
G01 X-48.14331 Y23.89367
G01 X-48.12464 Y23.94371
G01 X-48.05573 Y24.03579
G01 X-47.96365 Y24.10470
G01 X-47.85415 Y24.14554
G01 X-47.84996 Y24.14600
G01 X-47.84999 Y23.85004
G01 X-48.15959 Y23.85004
G01 X-48.14331 Y23.89367
G04 P0 ( dwell for no time -- G64 should not smooth over this point )
G00 Z5.00000 ( retract )

G00 X-48.97495 Y24.77503 ( rapid move to begin. )
G01 F150.00000
( Mill infeed pass 1/1 )
G01 Z-0.06000
G04 P0 ( dwell for no time -- G64 should not smooth over this point )
G01 F300.00000
G01 X-48.97495 Y24.77503
G01 X-49.27500 Y24.77503
G01 X-49.27498 Y25.27500
G01 X-49.27546 Y25.28481
G01 X-49.28026 Y25.33358
G01 X-49.28171 Y25.34330
G01 X-49.28410 Y25.35280
G01 X-49.29832 Y25.39972
G01 X-49.30162 Y25.40896
G01 X-49.30581 Y25.41783
G01 X-49.32893 Y25.46103
G01 X-49.33982 Y25.47734
G01 X-49.37091 Y25.51524
G01 X-49.38478 Y25.52908
G01 X-49.42265 Y25.56017
G01 X-49.43053 Y25.56604
G01 X-49.43896 Y25.57107
G01 X-49.48217 Y25.59418
G01 X-49.50028 Y25.60167
G01 X-49.54719 Y25.61590
G01 X-49.55671 Y25.61828
G01 X-49.56642 Y25.61973
G01 X-49.61519 Y25.62453
G01 X-49.62499 Y25.62501
G01 X-50.92499 Y25.62501
G01 X-50.93479 Y25.62453
G01 X-50.97497 Y25.62057
G01 X-50.97500 Y25.83431
G01 X-50.89791 Y25.85768
G01 X-50.87980 Y25.86517
G01 X-50.36113 Y26.14241
G01 X-50.34483 Y26.15331
G01 X-50.06217 Y26.38526
G01 X-49.86347 Y26.18653
G01 X-49.85618 Y26.17995
G01 X-49.74473 Y26.08849
G01 X-49.74259 Y26.07584
G01 X-49.73596 Y26.05806
G01 X-49.72608 Y26.04183
G01 X-49.68422 Y25.98587
G01 X-49.67180 Y25.97213
G01 X-49.65704 Y25.96093
G01 X-49.64048 Y25.95262
G01 X-49.57876 Y25.92854
G01 X-49.56588 Y25.92448
G01 X-49.55257 Y25.92222
G01 X-49.54064 Y25.92100
G01 X-49.47734 Y25.86906
G01 X-49.46106 Y25.85816
G01 X-49.10284 Y25.66670
G01 X-49.03187 Y25.55158
G01 X-48.98382 Y25.40668
G01 X-48.97498 Y25.31991
G01 X-48.97495 Y24.77503
G01 X-49.04475 Y24.84523
G01 X-49.07495 Y24.87503
G01 X-49.07495 Y25.31478
G01 X-49.08219 Y25.38559
G01 X-49.08102 Y25.38580
G01 X-49.08219 Y25.38559
G01 X-49.12311 Y25.50904
G01 X-49.12250 Y25.50934
G01 X-49.12311 Y25.50904
G01 X-49.17381 Y25.59123
G01 X-49.17135 Y25.59385
G01 X-49.17381 Y25.59123
G01 X-49.50818 Y25.76997
G01 X-49.54079 Y25.79174
G01 X-49.58270 Y25.82616
G01 X-49.58224 Y25.82697
G01 X-49.58270 Y25.82616
G01 X-49.58935 Y25.82728
G01 X-49.61511 Y25.83538
G01 X-49.67683 Y25.85946
G01 X-49.70995 Y25.87607
G01 X-49.73944 Y25.89850
G01 X-49.76431 Y25.92598
G01 X-49.80617 Y25.98194
G01 X-49.82593 Y26.01437
G01 X-49.83203 Y26.03078
G01 X-49.83144 Y26.03126
G01 X-49.83203 Y26.03078
G01 X-49.91963 Y26.10266
G01 X-49.93416 Y26.11584
G01 X-50.06880 Y26.25046
G01 X-50.06776 Y26.28300
G01 X-50.06880 Y26.25046
G01 X-50.28140 Y26.07599
G01 X-50.29715 Y26.06431
G01 X-50.31399 Y26.05422
G01 X-50.83266 Y25.77698
G01 X-50.86888 Y25.76200
G01 X-50.87500 Y25.76014
G01 X-50.88938 Y25.76883
G01 X-50.87500 Y25.76014
G01 X-50.87497 Y25.72501
G01 X-50.90429 Y25.69573
G01 X-50.87497 Y25.72501
G01 X-49.62499 Y25.72501
G01 X-49.60538 Y25.72405
G01 X-49.55661 Y25.71925
G01 X-49.53721 Y25.71635
G01 X-49.51816 Y25.71160
G01 X-49.47127 Y25.69738
G01 X-49.43505 Y25.68237
G01 X-49.39182 Y25.65925
G01 X-49.37498 Y25.64917
G01 X-49.35920 Y25.63749
G01 X-49.32133 Y25.60640
G01 X-49.29360 Y25.57866
G01 X-49.26251 Y25.54079
G01 X-49.24074 Y25.50817
G01 X-49.21762 Y25.46497
G01 X-49.20924 Y25.44722
G01 X-49.20264 Y25.42875
G01 X-49.18841 Y25.38184
G01 X-49.18364 Y25.36281
G01 X-49.18074 Y25.34338
G01 X-49.17594 Y25.29461
G01 X-49.17498 Y25.27500
G01 X-49.17498 Y24.87503
G01 X-49.20414 Y24.84582
G01 X-49.17498 Y24.87503
G01 X-49.07495 Y24.87503
G04 P0 ( dwell for no time -- G64 should not smooth over this point )
G00 Z5.00000 ( retract )

G00 X-49.83012 Y25.85031 ( rapid move to begin. )
G01 F150.00000
( Mill infeed pass 1/1 )
G01 Z-0.06000
G04 P0 ( dwell for no time -- G64 should not smooth over this point )
G01 F300.00000
G01 X-49.83012 Y25.85031
G01 X-49.69720 Y25.76985
G01 X-49.80726 Y25.82501
G01 X-49.83012 Y25.85031
G01 X-49.84437 Y25.86609
G01 X-49.88623 Y25.92204
G01 X-49.91529 Y25.96972
G01 X-49.91496 Y25.97002
G01 X-49.91529 Y25.96972
G01 X-49.98305 Y26.02534
G01 X-50.00487 Y26.04513
G01 X-50.07543 Y26.11567
G01 X-50.07449 Y26.14749
G01 X-50.07543 Y26.11567
G01 X-50.21795 Y25.99870
G01 X-50.24160 Y25.98117
G01 X-50.26685 Y25.96604
G01 X-50.53068 Y25.82501
G01 X-50.82925 Y25.74953
G01 X-50.53068 Y25.82501
G01 X-49.80726 Y25.82501
G01 X-49.83012 Y25.85031
G01 X-49.84655 Y25.86027
G01 X-50.01844 Y25.92501
G01 X-50.15011 Y25.92501
G01 X-50.01844 Y25.92501
G01 X-50.04650 Y25.94805
G01 X-50.07559 Y25.97442
G01 X-50.08204 Y25.98087
G01 X-50.08153 Y26.01203
G01 X-50.08204 Y25.98087
G01 X-50.15011 Y25.92501
G01 X-50.33545 Y25.85870
G04 P0 ( dwell for no time -- G64 should not smooth over this point )
G00 Z5.00000 ( retract )

G00 X-51.27497 Y24.77500 ( rapid move to begin. )
G01 F150.00000
( Mill infeed pass 1/1 )
G01 Z-0.06000
G04 P0 ( dwell for no time -- G64 should not smooth over this point )
G01 F300.00000
G01 X-51.27497 Y24.77500
G01 X-51.27497 Y24.99502
G01 X-51.57497 Y24.99504
G01 X-51.57497 Y24.77503
G01 X-51.27497 Y24.77500
G01 X-51.34569 Y24.84572
G01 X-51.37497 Y24.87500
G01 X-51.37497 Y24.89504
G01 X-51.37497 Y24.87500
G01 X-51.47497 Y24.87500
G01 X-51.47497 Y24.89504
G01 X-51.47497 Y24.87500
G01 X-51.50429 Y24.84572
G01 X-51.47497 Y24.87500
G01 X-51.47497 Y24.89504
G01 X-51.50429 Y24.92433
G01 X-51.47497 Y24.89504
G01 X-51.37497 Y24.89504
G01 X-51.34569 Y24.92433
G04 P0 ( dwell for no time -- G64 should not smooth over this point )
G00 Z5.00000 ( retract )

G00 X-51.17500 Y28.13995 ( rapid move to begin. )
G01 F150.00000
( Mill infeed pass 1/1 )
G01 Z-0.06000
G04 P0 ( dwell for no time -- G64 should not smooth over this point )
G01 F300.00000
G01 X-51.17500 Y28.13995
G01 X-51.17500 Y32.33011
G01 X-51.19275 Y32.51052
G01 X-51.24391 Y32.67926
G01 X-51.32707 Y32.83478
G01 X-51.43891 Y32.97108
G01 X-51.57523 Y33.08294
G01 X-51.73075 Y33.16607
G01 X-51.89948 Y33.21725
G01 X-52.07497 Y33.23452
G01 X-52.25046 Y33.21725
G01 X-52.41919 Y33.16607
G01 X-52.57469 Y33.08294
G01 X-52.71101 Y32.97108
G01 X-52.82290 Y32.83478
G01 X-52.90603 Y32.67923
G01 X-52.95719 Y32.51052
G01 X-52.97497 Y32.33008
G01 X-52.97497 Y28.13997
G01 X-52.95719 Y27.95953
G01 X-52.90603 Y27.79082
G01 X-52.82290 Y27.63527
G01 X-52.71101 Y27.49898
G01 X-52.57469 Y27.38711
G01 X-52.41922 Y27.30398
G01 X-52.25046 Y27.25280
G01 X-52.07497 Y27.23553
G01 X-51.89948 Y27.25280
G01 X-51.73073 Y27.30401
G01 X-51.57523 Y27.38711
G01 X-51.43893 Y27.49898
G01 X-51.32707 Y27.63527
G01 X-51.24391 Y27.79080
G01 X-51.19275 Y27.95953
G01 X-51.17500 Y28.13995
G04 P0 ( dwell for no time -- G64 should not smooth over this point )
G00 Z5.00000 ( retract )

G00 X-51.17500 Y38.13993 ( rapid move to begin. )
G01 F150.00000
( Mill infeed pass 1/1 )
G01 Z-0.06000
G04 P0 ( dwell for no time -- G64 should not smooth over this point )
G01 F300.00000
G01 X-51.17500 Y38.13993
G01 X-51.17500 Y42.33014
G01 X-51.19275 Y42.51053
G01 X-51.24391 Y42.67926
G01 X-51.32707 Y42.83478
G01 X-51.43893 Y42.97108
G01 X-51.57525 Y43.08294
G01 X-51.73075 Y43.16608
G01 X-51.89948 Y43.21726
G01 X-52.07497 Y43.23453
G01 X-52.25046 Y43.21726
G01 X-52.41919 Y43.16608
G01 X-52.57469 Y43.08294
G01 X-52.71101 Y42.97108
G01 X-52.82290 Y42.83476
G01 X-52.90601 Y42.67926
G01 X-52.95719 Y42.51053
G01 X-52.97497 Y42.33011
G01 X-52.97497 Y38.13995
G01 X-52.95722 Y37.95953
G01 X-52.90603 Y37.79080
G01 X-52.82290 Y37.63530
G01 X-52.71101 Y37.49898
G01 X-52.57469 Y37.38712
G01 X-52.41922 Y37.30396
G01 X-52.25046 Y37.25280
G01 X-52.07497 Y37.23553
G01 X-51.89948 Y37.25280
G01 X-51.73073 Y37.30396
G01 X-51.57525 Y37.38712
G01 X-51.43893 Y37.49898
G01 X-51.32707 Y37.63528
G01 X-51.24391 Y37.79080
G01 X-51.19275 Y37.95953
G01 X-51.17500 Y38.13993
G04 P0 ( dwell for no time -- G64 should not smooth over this point )
G00 Z5.00000 ( retract )

G00 X-67.02496 Y38.52522 ( rapid move to begin. )
G01 F150.00000
( Mill infeed pass 1/1 )
G01 Z-0.06000
G04 P0 ( dwell for no time -- G64 should not smooth over this point )
G01 F300.00000
G01 X-67.02496 Y38.52522
G01 X-67.02496 Y33.52482
G01 X-67.02496 Y33.07359
G01 X-66.93961 Y32.91388
G01 X-66.80281 Y32.74720
G01 X-66.63611 Y32.61040
G01 X-66.44594 Y32.50875
G01 X-66.23959 Y32.44616
G01 X-66.02498 Y32.42500
G01 X-56.18584 Y32.42500
G01 X-56.15185 Y32.45581
G01 X-56.15104 Y32.45652
G01 X-56.05774 Y32.53750
G01 X-56.05688 Y32.53823
G01 X-55.95584 Y32.62203
G01 X-55.72084 Y32.85187
G01 X-55.54804 Y33.09945
G01 X-55.48505 Y33.21332
G01 X-55.41119 Y33.37052
G01 X-55.35757 Y33.53874
G01 X-55.32498 Y33.66879
G01 X-55.30001 Y33.76846
G01 X-55.29971 Y33.76970
G01 X-55.27779 Y33.84862
G01 X-55.27479 Y33.85667
G01 X-55.27047 Y33.86406
G01 X-55.26493 Y33.87064
G01 X-55.25838 Y33.87615
G01 X-55.19386 Y33.92154
G01 X-55.19287 Y33.92220
G01 X-54.90286 Y34.11601
G01 X-54.79872 Y34.19312
G01 X-54.70108 Y34.27326
G01 X-54.69917 Y34.27476
G01 X-54.60319 Y34.34600
G01 X-54.60115 Y34.34743
G01 X-54.39608 Y34.48446
G01 X-54.30860 Y34.54930
G01 X-54.13161 Y34.69457
G01 X-54.12965 Y34.69607
G01 X-54.04022 Y34.76239
G01 X-54.03821 Y34.76381
G01 X-53.91462 Y34.84638
G01 X-53.86801 Y34.87920
G01 X-53.55851 Y35.10877
G01 X-53.55648 Y35.11019
G01 X-53.55424 Y35.11166
G01 X-53.44652 Y35.18357
G01 X-53.44449 Y35.18486
G01 X-53.30596 Y35.26790
G01 X-53.29786 Y35.27181
G01 X-53.28919 Y35.27422
G01 X-53.28025 Y35.27503
G01 X-53.28104 Y35.27816
G01 X-53.28025 Y35.27503
G01 X-53.05376 Y35.27503
G01 X-52.60736 Y35.27503
G01 X-51.54261 Y35.27503
G01 X-51.09621 Y35.27503
G01 X-50.75171 Y35.27503
G01 X-50.49895 Y35.27503
G01 X-50.28681 Y35.27503
G01 X-50.07467 Y35.27503
G01 X-49.86799 Y35.27503
G01 X-49.71044 Y35.38029
G01 X-49.25583 Y35.75339
G01 X-49.17584 Y35.82588
G01 X-49.10335 Y35.90587
G01 X-48.73027 Y36.36048
G01 X-48.66596 Y36.44717
G01 X-48.61046 Y36.53978
G01 X-48.33325 Y37.05842
G01 X-48.25072 Y37.25766
G01 X-48.08001 Y37.82042
G01 X-48.03792 Y38.03192
G01 X-47.98029 Y38.61719
G01 X-47.97498 Y38.72501
G01 X-48.07498 Y38.72501
G01 X-48.17498 Y38.72501
G01 X-48.27498 Y38.72501
G01 X-48.37498 Y38.72501
G01 X-48.47498 Y38.72501
G01 X-48.57498 Y38.72501
G01 X-48.67498 Y38.72501
G01 X-48.67498 Y41.72501
G01 X-48.67691 Y41.76423
G01 X-48.73457 Y42.34949
G01 X-48.74986 Y42.42640
G01 X-48.92057 Y42.98917
G01 X-48.93381 Y43.02615
G01 X-48.95057 Y43.06163
G01 X-49.22781 Y43.58028
G01 X-49.27137 Y43.64548
G01 X-49.64447 Y44.10009
G01 X-49.67081 Y44.12917
G01 X-49.69992 Y44.15553
G01 X-50.15453 Y44.52863
G01 X-50.21971 Y44.57220
G01 X-50.73837 Y44.84941
G01 X-50.81081 Y44.87943
G01 X-51.37360 Y45.05015
G01 X-51.41168 Y45.05967
G01 X-51.45051 Y45.06544
G01 X-52.03578 Y45.12310
G01 X-52.11419 Y45.12310
G01 X-52.69946 Y45.06544
G01 X-52.73829 Y45.05967
G01 X-52.77637 Y45.05015
G01 X-53.33916 Y44.87943
G01 X-53.41160 Y44.84941
G01 X-53.93026 Y44.57220
G01 X-53.96392 Y44.55200
G01 X-53.99547 Y44.52863
G01 X-54.45008 Y44.15553
G01 X-54.50552 Y44.10009
G01 X-54.87860 Y43.64548
G01 X-54.90199 Y43.61396
G01 X-54.92216 Y43.58028
G01 X-55.19940 Y43.06163
G01 X-55.21619 Y43.02615
G01 X-55.22940 Y42.98917
G01 X-55.40011 Y42.42640
G01 X-55.41543 Y42.34949
G01 X-55.47306 Y41.76423
G01 X-55.47499 Y41.72501
G01 X-55.47499 Y41.67621
G01 X-55.46940 Y41.67357
G01 X-55.47499 Y41.67621
G01 X-57.22619 Y39.92504
G01 X-57.22302 Y39.91742
G01 X-57.22619 Y39.92504
G01 X-60.02499 Y39.92504
G01 X-60.06419 Y39.92311
G01 X-60.55192 Y39.87508
G01 X-60.59075 Y39.86931
G01 X-60.62883 Y39.85976
G01 X-61.09781 Y39.71749
G01 X-61.17026 Y39.68750
G01 X-61.60246 Y39.45648
G01 X-61.63614 Y39.43629
G01 X-61.66766 Y39.41290
G01 X-62.04650 Y39.10200
G01 X-62.07559 Y39.07564
G01 X-62.22621 Y38.92501
G01 X-62.22316 Y38.91755
G01 X-62.22621 Y38.92501
G01 X-66.02498 Y38.92501
G01 X-66.10301 Y38.91732
G01 X-66.17807 Y38.89456
G01 X-66.24721 Y38.85760
G01 X-66.30784 Y38.80784
G01 X-66.35757 Y38.74724
G01 X-66.39453 Y38.67807
G01 X-66.41731 Y38.60304
G01 X-66.42498 Y38.52501
G01 X-66.42498 Y33.52502
G01 X-66.41731 Y33.44697
G01 X-66.39453 Y33.37194
G01 X-66.35757 Y33.30277
G01 X-66.30784 Y33.24217
G01 X-66.24721 Y33.19244
G01 X-66.17807 Y33.15545
G01 X-66.10301 Y33.13270
G01 X-66.02498 Y33.12500
G01 X-56.02498 Y33.12500
G01 X-55.94695 Y33.13270
G01 X-55.87192 Y33.15545
G01 X-55.80275 Y33.19244
G01 X-55.74215 Y33.24217
G01 X-55.69239 Y33.30277
G01 X-55.65543 Y33.37194
G01 X-55.63267 Y33.44697
G01 X-55.62498 Y33.52500
G01 X-55.62498 Y34.16249
G01 X-55.64964 Y34.18403
G01 X-55.62498 Y34.16249
G01 X-55.49803 Y34.17499
G01 X-55.45919 Y34.18075
G01 X-55.42112 Y34.19030
G01 X-54.95213 Y34.33257
G01 X-54.87969 Y34.36256
G01 X-54.44748 Y34.59358
G01 X-54.41380 Y34.61377
G01 X-54.38228 Y34.63716
G01 X-54.00344 Y34.94806
G01 X-53.97436 Y34.97442
G01 X-53.36674 Y35.58202
G01 X-53.37078 Y35.59817
G01 X-53.36674 Y35.58202
G01 X-53.33916 Y35.57059
G01 X-52.77637 Y35.39987
G01 X-52.73829 Y35.39035
G01 X-52.69946 Y35.38458
G01 X-52.11419 Y35.32695
G01 X-52.03578 Y35.32695
G01 X-51.45051 Y35.38458
G01 X-51.41168 Y35.39035
G01 X-51.37360 Y35.39987
G01 X-50.81081 Y35.57059
G01 X-50.73837 Y35.60061
G01 X-50.21971 Y35.87783
G01 X-50.15453 Y35.92139
G01 X-49.69992 Y36.29449
G01 X-49.67081 Y36.32085
G01 X-49.64447 Y36.34994
G01 X-49.27137 Y36.80455
G01 X-49.24800 Y36.83607
G01 X-49.22781 Y36.86975
G01 X-48.95057 Y37.38842
G01 X-48.93381 Y37.42390
G01 X-48.92057 Y37.46086
G01 X-48.74986 Y38.02362
G01 X-48.73457 Y38.10053
G01 X-48.67691 Y38.68580
G01 X-48.67498 Y38.72501
G01 X-48.77498 Y38.72501
G01 X-48.77498 Y41.72501
G01 X-48.77643 Y41.75442
G01 X-48.83408 Y42.33969
G01 X-48.84554 Y42.39737
G01 X-49.01628 Y42.96016
G01 X-49.02618 Y42.98787
G01 X-49.03878 Y43.01449
G01 X-49.31600 Y43.53313
G01 X-49.34866 Y43.58205
G01 X-49.72176 Y44.03666
G01 X-49.74153 Y44.05846
G01 X-49.76334 Y44.07824
G01 X-50.21795 Y44.45132
G01 X-50.26685 Y44.48401
G01 X-50.78552 Y44.76122
G01 X-50.83985 Y44.78373
G01 X-51.40263 Y44.95444
G01 X-51.43118 Y44.96160
G01 X-51.46032 Y44.96592
G01 X-52.04558 Y45.02358
G01 X-52.07500 Y45.02500
G01 X-52.10439 Y45.02358
G01 X-52.68965 Y44.96592
G01 X-52.71879 Y44.96160
G01 X-52.74734 Y44.95444
G01 X-53.31012 Y44.78373
G01 X-53.36445 Y44.76122
G01 X-53.88312 Y44.48401
G01 X-53.90837 Y44.46887
G01 X-53.93202 Y44.45132
G01 X-54.38663 Y44.07824
G01 X-54.42821 Y44.03666
G01 X-54.80131 Y43.58205
G01 X-54.81883 Y43.55841
G01 X-54.83397 Y43.53313
G01 X-55.11121 Y43.01449
G01 X-55.12379 Y42.98787
G01 X-55.13372 Y42.96016
G01 X-55.30443 Y42.39737
G01 X-55.31591 Y42.33969
G01 X-55.37354 Y41.75442
G01 X-55.37499 Y41.72501
G01 X-55.37499 Y41.63479
G01 X-55.36928 Y41.63212
G01 X-55.37499 Y41.63479
G01 X-57.18477 Y39.82504
G01 X-57.18162 Y39.81742
G01 X-57.18477 Y39.82504
G01 X-60.02499 Y39.82504
G01 X-60.05438 Y39.82359
G01 X-60.54211 Y39.77556
G01 X-60.57125 Y39.77124
G01 X-60.59980 Y39.76408
G01 X-61.06878 Y39.62181
G01 X-61.12311 Y39.59931
G01 X-61.55532 Y39.36827
G01 X-61.58057 Y39.35316
G01 X-61.60421 Y39.33560
G01 X-61.98306 Y39.02471
G01 X-62.00487 Y39.00492
G01 X-62.18478 Y38.82501
G01 X-62.18171 Y38.81750
G01 X-62.18478 Y38.82501
G01 X-66.02498 Y38.82501
G01 X-66.08350 Y38.81925
G01 X-66.13979 Y38.80218
G01 X-66.19166 Y38.77444
G01 X-66.23712 Y38.73716
G01 X-66.27444 Y38.69169
G01 X-66.30215 Y38.63982
G01 X-66.31922 Y38.58354
G01 X-66.32498 Y38.52501
G01 X-66.32498 Y33.52502
G01 X-66.31922 Y33.46648
G01 X-66.30215 Y33.41022
G01 X-66.27444 Y33.35835
G01 X-66.23712 Y33.31288
G01 X-66.19166 Y33.27557
G01 X-66.13979 Y33.24786
G01 X-66.08350 Y33.23077
G01 X-66.02498 Y33.22503
G01 X-56.02498 Y33.22503
G01 X-55.96646 Y33.23077
G01 X-55.91019 Y33.24786
G01 X-55.85833 Y33.27557
G01 X-55.81286 Y33.31288
G01 X-55.77555 Y33.35835
G01 X-55.74781 Y33.41022
G01 X-55.73074 Y33.46648
G01 X-55.72498 Y33.52500
G01 X-55.72498 Y34.25312
G01 X-55.75028 Y34.27608
G01 X-55.72498 Y34.25312
G01 X-55.50783 Y34.27450
G01 X-55.47872 Y34.27882
G01 X-55.45015 Y34.28598
G01 X-54.98116 Y34.42825
G01 X-54.92683 Y34.45075
G01 X-54.49463 Y34.68179
G01 X-54.46938 Y34.69690
G01 X-54.44573 Y34.71446
G01 X-54.06689 Y35.02535
G01 X-54.04507 Y35.04514
G01 X-53.38853 Y35.70168
G01 X-53.39257 Y35.71826
G01 X-53.38853 Y35.70168
G01 X-53.36445 Y35.68880
G01 X-53.31012 Y35.66630
G01 X-52.74734 Y35.49558
G01 X-52.71879 Y35.48842
G01 X-52.68965 Y35.48410
G01 X-52.10439 Y35.42647
G01 X-52.07500 Y35.42502
G01 X-52.04558 Y35.42647
G01 X-51.46032 Y35.48410
G01 X-51.43118 Y35.48842
G01 X-51.40263 Y35.49558
G01 X-50.83985 Y35.66630
G01 X-50.78552 Y35.68880
G01 X-50.26685 Y35.96602
G01 X-50.24160 Y35.98115
G01 X-50.21795 Y35.99871
G01 X-49.76334 Y36.37178
G01 X-49.74153 Y36.39157
G01 X-49.72176 Y36.41339
G01 X-49.34866 Y36.86799
G01 X-49.31600 Y36.91689
G01 X-49.03878 Y37.43553
G01 X-49.02618 Y37.46215
G01 X-49.01628 Y37.48989
G01 X-48.84554 Y38.05265
G01 X-48.83408 Y38.11033
G01 X-48.77643 Y38.69560
G01 X-48.77498 Y38.72501
G01 X-48.87498 Y38.72501
G01 X-48.87498 Y41.72501
G01 X-48.87594 Y41.74462
G01 X-48.93360 Y42.32988
G01 X-48.93647 Y42.34929
G01 X-48.94125 Y42.36834
G01 X-49.11196 Y42.93113
G01 X-49.11856 Y42.94959
G01 X-49.12697 Y42.96735
G01 X-49.40419 Y43.48599
G01 X-49.42598 Y43.51860
G01 X-49.79906 Y43.97321
G01 X-49.81224 Y43.98774
G01 X-49.82679 Y44.00092
G01 X-50.28140 Y44.37402
G01 X-50.29715 Y44.38571
G01 X-50.31399 Y44.39582
G01 X-50.83266 Y44.67303
G01 X-50.86888 Y44.68805
G01 X-51.43167 Y44.85876
G01 X-51.47012 Y44.86640
G01 X-52.05539 Y44.92406
G01 X-52.07500 Y44.92500
G01 X-52.09458 Y44.92406
G01 X-52.67987 Y44.86640
G01 X-52.71830 Y44.85876
G01 X-53.28109 Y44.68805
G01 X-53.31731 Y44.67303
G01 X-53.83598 Y44.39582
G01 X-53.85282 Y44.38571
G01 X-53.86857 Y44.37402
G01 X-54.32318 Y44.00092
G01 X-54.35091 Y43.97321
G01 X-54.72399 Y43.51860
G01 X-54.73570 Y43.50283
G01 X-54.74578 Y43.48599
G01 X-55.02300 Y42.96735
G01 X-55.03801 Y42.93113
G01 X-55.20872 Y42.36834
G01 X-55.21350 Y42.34929
G01 X-55.21637 Y42.32988
G01 X-55.27403 Y41.74462
G01 X-55.27499 Y41.72501
G01 X-55.27499 Y41.59339
G01 X-55.26752 Y41.59026
G01 X-55.27499 Y41.59339
G01 X-57.14334 Y39.72504
G01 X-57.14019 Y39.71742
G01 X-57.14334 Y39.72504
G01 X-60.02499 Y39.72504
G01 X-60.04458 Y39.72407
G01 X-60.53231 Y39.67604
G01 X-60.55171 Y39.67315
G01 X-60.57076 Y39.66837
G01 X-61.03975 Y39.52610
G01 X-61.07597 Y39.51112
G01 X-61.50818 Y39.28008
G01 X-61.52502 Y39.27000
G01 X-61.54079 Y39.25831
G01 X-61.91963 Y38.94739
G01 X-61.93416 Y38.93421
G01 X-62.14338 Y38.72501
G01 X-62.14026 Y38.71747
G01 X-62.14338 Y38.72501
G01 X-66.02498 Y38.72501
G01 X-66.06400 Y38.72118
G01 X-66.10151 Y38.70980
G01 X-66.13611 Y38.69131
G01 X-66.16641 Y38.66644
G01 X-66.19128 Y38.63611
G01 X-66.20977 Y38.60154
G01 X-66.22115 Y38.56403
G01 X-66.22498 Y38.52501
G01 X-66.22498 Y33.52502
G01 X-66.22115 Y33.48598
G01 X-66.20977 Y33.44847
G01 X-66.19128 Y33.41390
G01 X-66.16641 Y33.38360
G01 X-66.13611 Y33.35873
G01 X-66.10151 Y33.34024
G01 X-66.06400 Y33.32886
G01 X-66.02498 Y33.32502
G01 X-56.02498 Y33.32502
G01 X-55.98596 Y33.32886
G01 X-55.94845 Y33.34024
G01 X-55.91388 Y33.35873
G01 X-55.88358 Y33.38360
G01 X-55.85868 Y33.41390
G01 X-55.84022 Y33.44847
G01 X-55.82884 Y33.48598
G01 X-55.82498 Y33.52502
G01 X-55.82498 Y34.34377
G01 X-55.85053 Y34.36696
G01 X-55.82498 Y34.34377
G01 X-55.51764 Y34.37402
G01 X-55.49823 Y34.37692
G01 X-55.47918 Y34.38169
G01 X-55.01020 Y34.52396
G01 X-54.97398 Y34.53894
G01 X-54.54177 Y34.76998
G01 X-54.52493 Y34.78006
G01 X-54.50916 Y34.79175
G01 X-54.13031 Y35.10267
G01 X-54.11579 Y35.11585
G01 X-53.40680 Y35.82482
G01 X-53.41053 Y35.84778
G01 X-53.40680 Y35.82482
G01 X-53.31731 Y35.77699
G01 X-53.28109 Y35.76198
G01 X-52.71830 Y35.59126
G01 X-52.67987 Y35.58362
G01 X-52.09458 Y35.52599
G01 X-52.07500 Y35.52502
G01 X-52.05539 Y35.52599
G01 X-51.47012 Y35.58362
G01 X-51.43167 Y35.59126
G01 X-50.86888 Y35.76198
G01 X-50.83266 Y35.77699
G01 X-50.31399 Y36.05423
G01 X-50.29715 Y36.06431
G01 X-50.28140 Y36.07600
G01 X-49.82679 Y36.44910
G01 X-49.81224 Y36.46228
G01 X-49.79906 Y36.47681
G01 X-49.42598 Y36.93142
G01 X-49.41430 Y36.94719
G01 X-49.40419 Y36.96403
G01 X-49.12697 Y37.48267
G01 X-49.11196 Y37.51890
G01 X-48.94125 Y38.08168
G01 X-48.93647 Y38.10073
G01 X-48.93360 Y38.12014
G01 X-48.87594 Y38.70541
G01 X-48.87498 Y38.72501
G01 X-48.97498 Y38.72501
G01 X-48.97546 Y38.71521
G01 X-49.03312 Y38.12994
G01 X-49.03693 Y38.11072
G01 X-49.20764 Y37.54793
G01 X-49.21516 Y37.52982
G01 X-49.49238 Y37.01117
G01 X-49.49743 Y37.00274
G01 X-49.50327 Y36.99487
G01 X-49.87637 Y36.54026
G01 X-49.88295 Y36.53299
G01 X-49.89022 Y36.52639
G01 X-50.34483 Y36.15332
G01 X-50.36113 Y36.14242
G01 X-50.87980 Y35.86518
G01 X-50.89791 Y35.85768
G01 X-51.46070 Y35.68697
G01 X-51.47020 Y35.68458
G01 X-51.47993 Y35.68314
G01 X-52.06519 Y35.62550
G01 X-52.08478 Y35.62550
G01 X-52.67007 Y35.68314
G01 X-52.67977 Y35.68458
G01 X-52.68930 Y35.68697
G01 X-53.25206 Y35.85768
G01 X-53.27017 Y35.86518
G01 X-53.42506 Y35.94798
G01 X-54.18647 Y35.18654
G01 X-54.19376 Y35.17996
G01 X-54.57261 Y34.86907
G01 X-54.58889 Y34.85817
G01 X-55.02112 Y34.62713
G01 X-55.03923 Y34.61964
G01 X-55.50821 Y34.47737
G01 X-55.51774 Y34.47498
G01 X-55.52744 Y34.47354
G01 X-55.92498 Y34.43440
G01 X-55.92498 Y33.52502
G01 X-55.92691 Y33.50549
G01 X-55.93260 Y33.48675
G01 X-55.94184 Y33.46945
G01 X-55.95429 Y33.45431
G01 X-55.96943 Y33.44186
G01 X-55.98672 Y33.43262
G01 X-56.00547 Y33.42693
G01 X-56.02498 Y33.42502
G01 X-66.02498 Y33.42502
G01 X-66.04449 Y33.42693
G01 X-66.06326 Y33.43262
G01 X-66.08053 Y33.44186
G01 X-66.09570 Y33.45431
G01 X-66.10814 Y33.46945
G01 X-66.11739 Y33.48675
G01 X-66.12308 Y33.50549
G01 X-66.12498 Y33.52502
G01 X-66.12498 Y38.52501
G01 X-66.12308 Y38.54452
G01 X-66.11739 Y38.56329
G01 X-66.10814 Y38.58056
G01 X-66.09570 Y38.59573
G01 X-66.08053 Y38.60815
G01 X-66.06326 Y38.61739
G01 X-66.04449 Y38.62308
G01 X-66.02498 Y38.62501
G01 X-62.10195 Y38.62501
G01 X-61.86347 Y38.86352
G01 X-61.85618 Y38.87010
G01 X-61.47734 Y39.18099
G01 X-61.46106 Y39.19189
G01 X-61.02883 Y39.42293
G01 X-61.01072 Y39.43042
G01 X-60.54173 Y39.57269
G01 X-60.53221 Y39.57508
G01 X-60.52250 Y39.57652
G01 X-60.03477 Y39.62456
G01 X-60.02499 Y39.62504
G01 X-57.10191 Y39.62504
G01 X-55.17499 Y41.55196
G01 X-55.17499 Y41.72501
G01 X-55.17451 Y41.73481
G01 X-55.11685 Y42.32008
G01 X-55.11304 Y42.33931
G01 X-54.94233 Y42.90210
G01 X-54.93481 Y42.92021
G01 X-54.65759 Y43.43887
G01 X-54.65254 Y43.44728
G01 X-54.64670 Y43.45515
G01 X-54.27360 Y43.90976
G01 X-54.26702 Y43.91705
G01 X-54.25975 Y43.92363
G01 X-53.80514 Y44.29673
G01 X-53.78884 Y44.30760
G01 X-53.27017 Y44.58485
G01 X-53.25206 Y44.59234
G01 X-52.68930 Y44.76305
G01 X-52.67977 Y44.76544
G01 X-52.67007 Y44.76689
G01 X-52.08478 Y44.82452
G01 X-52.06519 Y44.82452
G01 X-51.47993 Y44.76689
G01 X-51.47020 Y44.76544
G01 X-51.46070 Y44.76305
G01 X-50.89791 Y44.59234
G01 X-50.88867 Y44.58904
G01 X-50.87980 Y44.58485
G01 X-50.36113 Y44.30760
G01 X-50.34483 Y44.29673
G01 X-49.89022 Y43.92363
G01 X-49.88295 Y43.91705
G01 X-49.87637 Y43.90976
G01 X-49.50327 Y43.45515
G01 X-49.49743 Y43.44728
G01 X-49.49238 Y43.43887
G01 X-49.21516 Y42.92021
G01 X-49.20764 Y42.90210
G01 X-49.03693 Y42.33931
G01 X-49.03312 Y42.32008
G01 X-48.97546 Y41.73481
G01 X-48.97498 Y41.72501
G01 X-48.97498 Y38.72501
G01 X-48.87498 Y38.72501
G01 X-48.77498 Y38.72501
G01 X-48.67498 Y38.72501
G01 X-48.57498 Y38.72501
G01 X-48.47498 Y38.72501
G01 X-48.37498 Y38.72501
G01 X-48.27498 Y38.72501
G01 X-48.17498 Y38.72501
G01 X-48.07498 Y38.72501
G01 X-47.97498 Y38.72501
G01 X-47.97498 Y41.72501
G01 X-47.98029 Y41.83283
G01 X-48.03792 Y42.41810
G01 X-48.08001 Y42.62960
G01 X-48.25072 Y43.19237
G01 X-48.28707 Y43.29402
G01 X-48.33325 Y43.39160
G01 X-48.61046 Y43.91027
G01 X-48.73027 Y44.08954
G01 X-49.10335 Y44.54415
G01 X-49.17584 Y44.62414
G01 X-49.25583 Y44.69666
G01 X-49.71044 Y45.06973
G01 X-49.88973 Y45.18954
G01 X-50.40840 Y45.46676
G01 X-50.50599 Y45.51291
G01 X-50.60761 Y45.54928
G01 X-51.17040 Y45.72000
G01 X-51.27513 Y45.74623
G01 X-51.38191 Y45.76208
G01 X-51.96717 Y45.81972
G01 X-52.07500 Y45.82500
G01 X-52.18280 Y45.81972
G01 X-52.76809 Y45.76208
G01 X-52.97957 Y45.72000
G01 X-53.54236 Y45.54928
G01 X-53.74157 Y45.46676
G01 X-54.26024 Y45.18954
G01 X-54.35282 Y45.13404
G01 X-54.43953 Y45.06973
G01 X-54.89414 Y44.69666
G01 X-55.04662 Y44.54415
G01 X-55.41970 Y44.08954
G01 X-55.48401 Y44.00285
G01 X-55.53951 Y43.91027
G01 X-55.81675 Y43.39160
G01 X-55.89927 Y43.19237
G01 X-56.06999 Y42.62960
G01 X-56.11205 Y42.41810
G01 X-56.15454 Y41.98660
G01 X-56.14893 Y41.98396
G01 X-56.15454 Y41.98660
G01 X-57.51613 Y40.62504
G01 X-57.51299 Y40.61742
G01 X-57.51613 Y40.62504
G01 X-60.02499 Y40.62504
G01 X-60.13279 Y40.61973
G01 X-60.62052 Y40.57170
G01 X-60.72730 Y40.55585
G01 X-60.83203 Y40.52963
G01 X-61.30101 Y40.38737
G01 X-61.50023 Y40.30484
G01 X-61.93243 Y40.07383
G01 X-62.02504 Y40.01833
G01 X-62.11173 Y39.95402
G01 X-62.49057 Y39.64310
G01 X-62.51054 Y39.62501
G01 X-62.50850 Y39.61927
G01 X-62.51054 Y39.62501
G01 X-66.02498 Y39.62501
G01 X-66.23959 Y39.60388
G01 X-66.44594 Y39.54127
G01 X-66.63611 Y39.43962
G01 X-66.80281 Y39.30284
G01 X-66.93961 Y39.13614
G01 X-67.02496 Y38.97642
G01 X-67.02496 Y38.52522
G01 X-67.00578 Y38.72011
G01 X-66.94886 Y38.90769
G01 X-66.85645 Y39.08059
G01 X-66.73209 Y39.23213
G01 X-66.58056 Y39.35648
G01 X-66.40766 Y39.44889
G01 X-66.22008 Y39.50581
G01 X-66.02498 Y39.52501
G01 X-62.47216 Y39.52501
G01 X-62.47007 Y39.51922
G01 X-62.47216 Y39.52501
G01 X-62.42715 Y39.56581
G01 X-62.04831 Y39.87673
G01 X-61.96947 Y39.93517
G01 X-61.88532 Y39.98562
G01 X-61.45308 Y40.21665
G01 X-61.27198 Y40.29166
G01 X-60.80300 Y40.43393
G01 X-60.70780 Y40.45778
G01 X-60.61072 Y40.47218
G01 X-60.12299 Y40.52021
G01 X-60.02499 Y40.52504
G01 X-57.47471 Y40.52504
G01 X-57.47156 Y40.51742
G01 X-57.47471 Y40.52504
G01 X-56.05853 Y41.94121
G01 X-56.05307 Y41.93860
G01 X-56.05853 Y41.94121
G01 X-56.01253 Y42.40829
G01 X-55.99813 Y42.50537
G01 X-55.97428 Y42.60057
G01 X-55.80357 Y43.16336
G01 X-55.72856 Y43.34446
G01 X-55.45132 Y43.86313
G01 X-55.40087 Y43.94731
G01 X-55.34240 Y44.02612
G01 X-54.96933 Y44.48073
G01 X-54.83069 Y44.61934
G01 X-54.37609 Y44.99244
G01 X-54.29727 Y45.05088
G01 X-54.21309 Y45.10135
G01 X-53.69443 Y45.37857
G01 X-53.51332 Y45.45360
G01 X-52.95054 Y45.62431
G01 X-52.75828 Y45.66254
G01 X-52.17302 Y45.72020
G01 X-52.07500 Y45.72500
G01 X-51.97698 Y45.72020
G01 X-51.39169 Y45.66254
G01 X-51.19943 Y45.62431
G01 X-50.63665 Y45.45360
G01 X-50.54424 Y45.42053
G01 X-50.45554 Y45.37857
G01 X-49.93688 Y45.10135
G01 X-49.77388 Y44.99244
G01 X-49.31928 Y44.61934
G01 X-49.24656 Y44.55345
G01 X-49.18067 Y44.48073
G01 X-48.80757 Y44.02612
G01 X-48.69865 Y43.86313
G01 X-48.42144 Y43.34446
G01 X-48.37948 Y43.25574
G01 X-48.34640 Y43.16336
G01 X-48.17569 Y42.60057
G01 X-48.15184 Y42.50537
G01 X-48.13744 Y42.40829
G01 X-48.07981 Y41.82303
G01 X-48.07498 Y41.72501
G01 X-48.07498 Y38.72501
G01 X-48.07981 Y38.62700
G01 X-48.13744 Y38.04173
G01 X-48.15184 Y37.94465
G01 X-48.17569 Y37.84945
G01 X-48.34640 Y37.28669
G01 X-48.42144 Y37.10556
G01 X-48.69865 Y36.58689
G01 X-48.74910 Y36.50274
G01 X-48.80757 Y36.42390
G01 X-49.18067 Y35.96929
G01 X-49.24656 Y35.89660
G01 X-49.31928 Y35.83068
G01 X-49.77388 Y35.45758
G01 X-49.85270 Y35.39914
G01 X-49.93688 Y35.34869
G01 X-50.07467 Y35.27503
G01 X-50.28681 Y35.27503
G01 X-49.98402 Y35.43688
G01 X-49.83733 Y35.53490
G01 X-49.38272 Y35.90798
G01 X-49.31727 Y35.96729
G01 X-49.25796 Y36.03274
G01 X-48.88486 Y36.48735
G01 X-48.83226 Y36.55829
G01 X-48.78684 Y36.63404
G01 X-48.50963 Y37.15270
G01 X-48.44211 Y37.31570
G01 X-48.27137 Y37.87848
G01 X-48.23696 Y38.05153
G01 X-48.17932 Y38.63680
G01 X-48.17498 Y38.72501
G01 X-48.17498 Y41.72501
G01 X-48.17932 Y41.81322
G01 X-48.23696 Y42.39849
G01 X-48.27137 Y42.57154
G01 X-48.44211 Y43.13433
G01 X-48.47186 Y43.21749
G01 X-48.50963 Y43.29732
G01 X-48.78684 Y43.81599
G01 X-48.88486 Y43.96267
G01 X-49.25796 Y44.41728
G01 X-49.31727 Y44.48274
G01 X-49.38272 Y44.54205
G01 X-49.83733 Y44.91512
G01 X-49.98402 Y45.01314
G01 X-50.50269 Y45.29038
G01 X-50.58252 Y45.32815
G01 X-50.66568 Y45.35789
G01 X-51.22847 Y45.52861
G01 X-51.31414 Y45.55007
G01 X-51.40149 Y45.56302
G01 X-51.98678 Y45.62068
G01 X-52.16321 Y45.62068
G01 X-52.74848 Y45.56302
G01 X-52.92150 Y45.52861
G01 X-53.48429 Y45.35789
G01 X-53.64728 Y45.29038
G01 X-54.16595 Y45.01314
G01 X-54.24172 Y44.96775
G01 X-54.31266 Y44.91512
G01 X-54.76727 Y44.54205
G01 X-54.89201 Y44.41728
G01 X-55.26511 Y43.96267
G01 X-55.31771 Y43.89173
G01 X-55.36313 Y43.81599
G01 X-55.64034 Y43.29732
G01 X-55.70788 Y43.13433
G01 X-55.87860 Y42.57154
G01 X-55.91301 Y42.39849
G01 X-55.96252 Y41.89580
G01 X-55.95691 Y41.89313
G01 X-55.96252 Y41.89580
G01 X-57.43328 Y40.42504
G01 X-57.43013 Y40.41742
G01 X-57.43328 Y40.42504
G01 X-60.02499 Y40.42504
G01 X-60.11321 Y40.42069
G01 X-60.60091 Y40.37266
G01 X-60.68829 Y40.35971
G01 X-60.77396 Y40.33824
G01 X-61.24295 Y40.19598
G01 X-61.40594 Y40.12847
G01 X-61.83817 Y39.89743
G01 X-61.91392 Y39.85204
G01 X-61.98486 Y39.79941
G01 X-62.36370 Y39.48851
G01 X-62.42916 Y39.42920
G01 X-62.43332 Y39.42501
G01 X-62.43116 Y39.41902
G01 X-62.43332 Y39.42501
G01 X-66.02498 Y39.42501
G01 X-66.20057 Y39.40772
G01 X-66.36941 Y39.35651
G01 X-66.52501 Y39.27332
G01 X-66.66138 Y39.16141
G01 X-66.77332 Y39.02501
G01 X-66.85648 Y38.86944
G01 X-66.90768 Y38.70060
G01 X-66.92498 Y38.52501
G01 X-66.92498 Y33.52502
G01 X-66.90768 Y33.34943
G01 X-66.85648 Y33.18060
G01 X-66.77332 Y33.02500
G01 X-66.66138 Y32.88863
G01 X-66.52501 Y32.77669
G01 X-66.36941 Y32.69353
G01 X-66.20057 Y32.64230
G01 X-66.02498 Y32.62500
G01 X-56.02498 Y32.62500
G01 X-55.94474 Y32.63293
G01 X-55.72084 Y32.85187
G01 X-55.54804 Y33.09945
G01 X-55.48505 Y33.21332
G01 X-55.41119 Y33.37052
G01 X-55.35757 Y33.53874
G01 X-55.32498 Y33.66879
G01 X-55.30001 Y33.76846
G01 X-55.29971 Y33.76970
G01 X-55.27779 Y33.84862
G01 X-55.27479 Y33.85667
G01 X-55.27047 Y33.86406
G01 X-55.26493 Y33.87064
G01 X-55.27001 Y33.87433
G01 X-55.26493 Y33.87064
G01 X-55.25838 Y33.87615
G01 X-55.19386 Y33.92154
G01 X-55.19287 Y33.92220
G01 X-54.90286 Y34.11601
G01 X-54.79872 Y34.19312
G01 X-54.70108 Y34.27326
G01 X-54.69917 Y34.27476
G01 X-54.60319 Y34.34600
G01 X-54.60115 Y34.34743
G01 X-54.39608 Y34.48446
G01 X-54.30860 Y34.54930
G01 X-54.13161 Y34.69457
G01 X-54.12965 Y34.69607
G01 X-54.04022 Y34.76239
G01 X-54.03821 Y34.76381
G01 X-53.91462 Y34.84638
G01 X-53.86801 Y34.87920
G01 X-53.55851 Y35.10877
G01 X-53.55648 Y35.11019
G01 X-53.55424 Y35.11166
G01 X-53.31243 Y35.35349
G01 X-53.31647 Y35.36957
G01 X-53.31243 Y35.35349
G01 X-53.05376 Y35.27503
G01 X-52.60736 Y35.27503
G01 X-52.70926 Y35.28507
G01 X-52.75780 Y35.29226
G01 X-52.80540 Y35.30419
G01 X-53.34076 Y35.46660
G01 X-53.34479 Y35.48268
G01 X-53.34076 Y35.46660
G01 X-53.90365 Y34.90371
G01 X-53.93999 Y34.87077
G01 X-54.31883 Y34.55985
G01 X-54.35825 Y34.53061
G01 X-54.40034 Y34.50539
G01 X-54.83255 Y34.27438
G01 X-54.87692 Y34.25339
G01 X-54.92313 Y34.23686
G01 X-55.39209 Y34.09459
G01 X-55.43968 Y34.08268
G01 X-55.48822 Y34.07547
G01 X-55.52498 Y34.07186
G01 X-55.54855 Y34.09172
G01 X-55.52498 Y34.07186
G01 X-55.52498 Y33.52500
G01 X-55.53460 Y33.42746
G01 X-55.56305 Y33.33366
G01 X-55.60926 Y33.24722
G01 X-55.67143 Y33.17146
G01 X-55.74720 Y33.10928
G01 X-55.83364 Y33.06307
G01 X-55.92744 Y33.03463
G01 X-56.02498 Y33.02500
G01 X-66.02498 Y33.02500
G01 X-66.12254 Y33.03463
G01 X-66.21632 Y33.06307
G01 X-66.30278 Y33.10928
G01 X-66.37855 Y33.17146
G01 X-66.44073 Y33.24722
G01 X-66.48693 Y33.33366
G01 X-66.51538 Y33.42746
G01 X-66.52498 Y33.52502
G01 X-66.52498 Y38.52501
G01 X-66.51538 Y38.62255
G01 X-66.48693 Y38.71635
G01 X-66.44073 Y38.80279
G01 X-66.37855 Y38.87856
G01 X-66.30278 Y38.94074
G01 X-66.21632 Y38.98696
G01 X-66.12254 Y39.01541
G01 X-66.02498 Y39.02501
G01 X-62.26764 Y39.02501
G01 X-62.26461 Y39.01762
G01 X-62.26764 Y39.02501
G01 X-62.14630 Y39.14635
G01 X-62.10995 Y39.17929
G01 X-61.73111 Y39.49021
G01 X-61.69169 Y39.51945
G01 X-61.64960 Y39.54467
G01 X-61.21740 Y39.77569
G01 X-61.17302 Y39.79667
G01 X-61.12682 Y39.81320
G01 X-60.65786 Y39.95547
G01 X-60.56172 Y39.97459
G01 X-60.07399 Y40.02262
G01 X-60.02499 Y40.02504
G01 X-57.26760 Y40.02504
G01 X-57.26445 Y40.01742
G01 X-57.26760 Y40.02504
G01 X-55.57499 Y41.71764
G01 X-55.56953 Y41.71503
G01 X-55.57499 Y41.71764
G01 X-55.57499 Y41.72501
G01 X-55.57258 Y41.77403
G01 X-55.51495 Y42.35930
G01 X-55.49582 Y42.45544
G01 X-55.32511 Y43.01820
G01 X-55.28759 Y43.10875
G01 X-55.01035 Y43.62742
G01 X-54.98513 Y43.66951
G01 X-54.95589 Y43.70893
G01 X-54.58282 Y44.16354
G01 X-54.51350 Y44.23283
G01 X-54.05889 Y44.60593
G01 X-54.01949 Y44.63516
G01 X-53.97741 Y44.66038
G01 X-53.45874 Y44.93760
G01 X-53.36819 Y44.97512
G01 X-52.80540 Y45.14583
G01 X-52.70926 Y45.16496
G01 X-52.12399 Y45.22261
G01 X-52.07500 Y45.22500
G01 X-52.02598 Y45.22261
G01 X-51.44071 Y45.16496
G01 X-51.39217 Y45.15777
G01 X-51.34457 Y45.14583
G01 X-50.78178 Y44.97512
G01 X-50.73560 Y44.95858
G01 X-50.69123 Y44.93760
G01 X-50.17259 Y44.66038
G01 X-50.09108 Y44.60593
G01 X-49.63647 Y44.23283
G01 X-49.60012 Y44.19988
G01 X-49.56715 Y44.16354
G01 X-49.19408 Y43.70893
G01 X-49.13962 Y43.62742
G01 X-48.86238 Y43.10875
G01 X-48.84140 Y43.06440
G01 X-48.82489 Y43.01820
G01 X-48.65415 Y42.45544
G01 X-48.63505 Y42.35930
G01 X-48.57739 Y41.77403
G01 X-48.57498 Y41.72501
G01 X-48.57498 Y38.72501
G01 X-48.57739 Y38.67599
G01 X-48.63505 Y38.09073
G01 X-48.65415 Y37.99461
G01 X-48.82489 Y37.43182
G01 X-48.86238 Y37.34127
G01 X-49.13962 Y36.82261
G01 X-49.16484 Y36.78052
G01 X-49.19408 Y36.74110
G01 X-49.56715 Y36.28649
G01 X-49.63647 Y36.21720
G01 X-50.09108 Y35.84410
G01 X-50.13050 Y35.81486
G01 X-50.17259 Y35.78964
G01 X-50.69123 Y35.51242
G01 X-50.78178 Y35.47491
G01 X-51.34457 Y35.30419
G01 X-51.39217 Y35.29226
G01 X-51.44071 Y35.28507
G01 X-51.54261 Y35.27503
G01 X-51.09621 Y35.27503
G01 X-50.75278 Y35.37920
G01 X-50.64409 Y35.42423
G01 X-50.12545 Y35.70145
G01 X-50.02763 Y35.76680
G01 X-49.57302 Y36.13988
G01 X-49.52941 Y36.17943
G01 X-49.48986 Y36.22306
G01 X-49.11676 Y36.67767
G01 X-49.08168 Y36.72497
G01 X-49.05143 Y36.77546
G01 X-48.77419 Y37.29413
G01 X-48.72918 Y37.40279
G01 X-48.55847 Y37.96558
G01 X-48.54417 Y38.02268
G01 X-48.53553 Y38.08092
G01 X-48.47788 Y38.66621
G01 X-48.47498 Y38.72501
G01 X-48.47498 Y41.72501
G01 X-48.47788 Y41.78383
G01 X-48.53553 Y42.36910
G01 X-48.54417 Y42.42734
G01 X-48.55847 Y42.48444
G01 X-48.72918 Y43.04723
G01 X-48.74902 Y43.10268
G01 X-48.77419 Y43.15589
G01 X-49.05143 Y43.67456
G01 X-49.11676 Y43.77235
G01 X-49.48986 Y44.22696
G01 X-49.52941 Y44.27060
G01 X-49.57302 Y44.31014
G01 X-50.02763 Y44.68322
G01 X-50.12545 Y44.74857
G01 X-50.64409 Y45.02581
G01 X-50.69733 Y45.05099
G01 X-50.75278 Y45.07082
G01 X-51.31554 Y45.24154
G01 X-51.43090 Y45.26447
G01 X-52.01617 Y45.32213
G01 X-52.07500 Y45.32500
G01 X-52.13380 Y45.32213
G01 X-52.71907 Y45.26447
G01 X-52.83443 Y45.24154
G01 X-53.39722 Y45.07082
G01 X-53.45264 Y45.05099
G01 X-53.50588 Y45.02581
G01 X-54.02452 Y44.74857
G01 X-54.07504 Y44.71830
G01 X-54.12234 Y44.68322
G01 X-54.57695 Y44.31014
G01 X-54.66011 Y44.22696
G01 X-55.03321 Y43.77235
G01 X-55.06829 Y43.72505
G01 X-55.09854 Y43.67456
G01 X-55.37578 Y43.15589
G01 X-55.42079 Y43.04723
G01 X-55.59150 Y42.48444
G01 X-55.60583 Y42.42734
G01 X-55.61446 Y42.36910
G01 X-55.67209 Y41.78383
G01 X-55.67324 Y41.76082
G01 X-55.66768 Y41.75818
G01 X-55.67324 Y41.76082
G01 X-57.30902 Y40.12504
G01 X-57.30587 Y40.11742
G01 X-57.30902 Y40.12504
G01 X-60.02499 Y40.12504
G01 X-60.08380 Y40.12214
G01 X-60.57153 Y40.07411
G01 X-60.62977 Y40.06547
G01 X-60.68687 Y40.05115
G01 X-61.15585 Y39.90888
G01 X-61.21130 Y39.88905
G01 X-61.26454 Y39.86387
G01 X-61.69675 Y39.63286
G01 X-61.74724 Y39.60258
G01 X-61.79454 Y39.56751
G01 X-62.17338 Y39.25661
G01 X-62.21701 Y39.21706
G01 X-62.30906 Y39.12501
G01 X-62.30609 Y39.11770
G01 X-62.30906 Y39.12501
G01 X-66.02498 Y39.12501
G01 X-66.14205 Y39.11348
G01 X-66.25460 Y39.07934
G01 X-66.35833 Y39.02390
G01 X-66.44926 Y38.94927
G01 X-66.52386 Y38.85836
G01 X-66.57931 Y38.75463
G01 X-66.61345 Y38.64206
G01 X-66.62498 Y38.52501
G01 X-66.62498 Y33.52502
G01 X-66.61345 Y33.40796
G01 X-66.57931 Y33.29541
G01 X-66.52386 Y33.19168
G01 X-66.44924 Y33.10074
G01 X-66.35833 Y33.02614
G01 X-66.25460 Y32.97069
G01 X-66.14205 Y32.93653
G01 X-66.02498 Y32.92500
G01 X-56.02498 Y32.92500
G01 X-55.90793 Y32.93653
G01 X-55.79539 Y32.97069
G01 X-55.69165 Y33.02612
G01 X-55.60072 Y33.10074
G01 X-55.52610 Y33.19168
G01 X-55.47065 Y33.29541
G01 X-55.43651 Y33.40796
G01 X-55.42498 Y33.52500
G01 X-55.42498 Y33.98388
G01 X-55.44471 Y33.99856
G01 X-55.42498 Y33.98388
G01 X-55.42018 Y33.98459
G01 X-55.36308 Y33.99891
G01 X-54.89409 Y34.14118
G01 X-54.84530 Y34.15863
G01 X-54.79872 Y34.19312
G01 X-54.90286 Y34.11601
G01 X-55.12762 Y33.96582
G01 X-55.32498 Y33.90595
G01 X-55.34466 Y33.92055
G01 X-55.32498 Y33.90595
G01 X-55.32498 Y33.66879
G01 X-55.35757 Y33.53874
G01 X-55.41119 Y33.37052
G01 X-55.48505 Y33.21332
G01 X-55.54804 Y33.09945
G01 X-55.66983 Y32.92495
G01 X-55.75711 Y32.87829
G01 X-55.88843 Y32.83846
G01 X-56.02498 Y32.82500
G01 X-66.02498 Y32.82500
G01 X-66.16156 Y32.83846
G01 X-66.29288 Y32.87829
G01 X-66.41388 Y32.94298
G01 X-66.51995 Y33.03003
G01 X-66.60702 Y33.13613
G01 X-66.67169 Y33.25713
G01 X-66.71154 Y33.38845
G01 X-66.72498 Y33.52502
G01 X-66.72498 Y38.52501
G01 X-66.71154 Y38.66157
G01 X-66.67169 Y38.79288
G01 X-66.60702 Y38.91391
G01 X-66.51995 Y39.01998
G01 X-66.41388 Y39.10703
G01 X-66.29288 Y39.17172
G01 X-66.16156 Y39.21155
G01 X-66.02498 Y39.22501
G01 X-62.35049 Y39.22501
G01 X-62.34821 Y39.21884
G01 X-62.35049 Y39.22501
G01 X-62.28773 Y39.28778
G01 X-62.23683 Y39.33390
G01 X-61.85799 Y39.64480
G01 X-61.80282 Y39.68574
G01 X-61.74389 Y39.72105
G01 X-61.31166 Y39.95206
G01 X-61.24958 Y39.98145
G01 X-61.18489 Y40.00459
G01 X-60.71590 Y40.14686
G01 X-60.58133 Y40.17363
G01 X-60.09360 Y40.22166
G01 X-60.02499 Y40.22504
G01 X-57.35045 Y40.22504
G01 X-57.34730 Y40.21742
G01 X-57.35045 Y40.22504
G01 X-55.77049 Y41.80497
G01 X-55.76488 Y41.80233
G01 X-55.77049 Y41.80497
G01 X-55.71398 Y42.37891
G01 X-55.68721 Y42.51347
G01 X-55.51649 Y43.07626
G01 X-55.46397 Y43.20303
G01 X-55.18675 Y43.72170
G01 X-55.15142 Y43.78063
G01 X-55.11050 Y43.83580
G01 X-54.73743 Y44.29041
G01 X-54.64037 Y44.38744
G01 X-54.18576 Y44.76054
G01 X-54.13059 Y44.80146
G01 X-54.07167 Y44.83676
G01 X-53.55302 Y45.11400
G01 X-53.49092 Y45.14337
G01 X-53.42623 Y45.16651
G01 X-52.86346 Y45.33722
G01 X-52.72887 Y45.36399
G01 X-52.14360 Y45.42165
G01 X-52.07500 Y45.42500
G01 X-52.00637 Y45.42165
G01 X-51.42110 Y45.36399
G01 X-51.28651 Y45.33722
G01 X-50.72374 Y45.16651
G01 X-50.65905 Y45.14337
G01 X-50.59697 Y45.11400
G01 X-50.07830 Y44.83676
G01 X-49.96421 Y44.76054
G01 X-49.50960 Y44.38744
G01 X-49.45870 Y44.34131
G01 X-49.41257 Y44.29041
G01 X-49.03947 Y43.83580
G01 X-48.96324 Y43.72170
G01 X-48.68600 Y43.20303
G01 X-48.65664 Y43.14093
G01 X-48.63350 Y43.07626
G01 X-48.46276 Y42.51347
G01 X-48.43599 Y42.37891
G01 X-48.37836 Y41.79361
G01 X-48.37498 Y41.72501
G01 X-48.37498 Y38.72501
G01 X-48.37836 Y38.65641
G01 X-48.43599 Y38.07114
G01 X-48.46276 Y37.93655
G01 X-48.63350 Y37.37376
G01 X-48.68600 Y37.24699
G01 X-48.96324 Y36.72832
G01 X-48.99855 Y36.66939
G01 X-49.03947 Y36.61422
G01 X-49.41257 Y36.15961
G01 X-49.45870 Y36.10871
G01 X-49.50960 Y36.06259
G01 X-49.96421 Y35.68949
G01 X-50.01938 Y35.64857
G01 X-50.07830 Y35.61326
G01 X-50.59697 Y35.33602
G01 X-50.72374 Y35.28352
G01 X-50.75171 Y35.27503
G01 X-50.49895 Y35.27503
G01 X-50.03116 Y35.52507
G01 X-49.96383 Y35.56543
G01 X-49.90076 Y35.61219
G01 X-49.44615 Y35.98529
G01 X-49.38798 Y36.03800
G01 X-49.33525 Y36.09619
G01 X-48.96218 Y36.55080
G01 X-48.91539 Y36.61384
G01 X-48.87503 Y36.68118
G01 X-48.59781 Y37.19985
G01 X-48.53779 Y37.34473
G01 X-48.36708 Y37.90752
G01 X-48.34800 Y37.98366
G01 X-48.33647 Y38.06134
G01 X-48.27884 Y38.64660
G01 X-48.27498 Y38.72501
G01 X-48.27498 Y41.72501
G01 X-48.27884 Y41.80342
G01 X-48.33647 Y42.38868
G01 X-48.36708 Y42.54251
G01 X-48.53779 Y43.10529
G01 X-48.56424 Y43.17921
G01 X-48.59781 Y43.25018
G01 X-48.87503 Y43.76884
G01 X-48.96218 Y43.89925
G01 X-49.33525 Y44.35386
G01 X-49.38798 Y44.41202
G01 X-49.44615 Y44.46475
G01 X-49.90076 Y44.83783
G01 X-50.03116 Y44.92495
G01 X-50.54983 Y45.20219
G01 X-50.62080 Y45.23575
G01 X-50.69471 Y45.26221
G01 X-51.25750 Y45.43293
G01 X-51.33365 Y45.45200
G01 X-51.41130 Y45.46351
G01 X-51.99656 Y45.52117
G01 X-52.07500 Y45.52500
G01 X-52.15341 Y45.52117
G01 X-52.73867 Y45.46351
G01 X-52.89250 Y45.43293
G01 X-53.45526 Y45.26221
G01 X-53.60017 Y45.20219
G01 X-54.11881 Y44.92495
G01 X-54.18614 Y44.88459
G01 X-54.24921 Y44.83783
G01 X-54.70382 Y44.46475
G01 X-54.76199 Y44.41202
G01 X-54.81472 Y44.35386
G01 X-55.18779 Y43.89925
G01 X-55.23458 Y43.83618
G01 X-55.27494 Y43.76884
G01 X-55.55216 Y43.25018
G01 X-55.58573 Y43.17921
G01 X-55.61218 Y43.10529
G01 X-55.78289 Y42.54251
G01 X-55.81350 Y42.38868
G01 X-55.86651 Y41.85038
G01 X-55.86089 Y41.84774
G01 X-55.86651 Y41.85038
G01 X-57.39188 Y40.32504
G01 X-57.38873 Y40.31742
G01 X-57.39188 Y40.32504
G01 X-60.02499 Y40.32504
G01 X-60.10340 Y40.32118
G01 X-60.59111 Y40.27314
G01 X-60.74493 Y40.24254
G01 X-61.21392 Y40.10027
G01 X-61.28783 Y40.07383
G01 X-61.35880 Y40.04028
G01 X-61.79103 Y39.80924
G01 X-61.85837 Y39.76888
G01 X-61.92143 Y39.72212
G01 X-62.30028 Y39.41120
G01 X-62.35844 Y39.35849
G01 X-62.39189 Y39.32501
G01 X-62.38976 Y39.31904
G01 X-62.39189 Y39.32501
G01 X-66.02498 Y39.32501
G01 X-66.18107 Y39.30965
G01 X-66.33113 Y39.26410
G01 X-66.46943 Y39.19019
G01 X-66.59067 Y39.09070
G01 X-66.69016 Y38.96946
G01 X-66.76410 Y38.83116
G01 X-66.80961 Y38.68107
G01 X-66.82498 Y38.52501
G01 X-66.82498 Y33.52502
G01 X-66.80961 Y33.36894
G01 X-66.76410 Y33.21888
G01 X-66.69016 Y33.08055
G01 X-66.59067 Y32.95932
G01 X-66.46943 Y32.85985
G01 X-66.33113 Y32.78591
G01 X-66.18107 Y32.74039
G01 X-66.02498 Y32.72500
G01 X-56.02498 Y32.72500
G01 X-55.86892 Y32.74039
G01 X-55.81952 Y32.75538
G01 X-55.72084 Y32.85187
G01 X-55.95584 Y32.62203
G01 X-56.05688 Y32.53823
G01 X-56.05774 Y32.53750
G01 X-56.07214 Y32.52500
G01 X-66.02498 Y32.52500
G01 X-66.22008 Y32.54423
G01 X-66.40766 Y32.60113
G01 X-66.58056 Y32.69356
G01 X-66.73209 Y32.81791
G01 X-66.85645 Y32.96945
G01 X-66.94886 Y33.14232
G01 X-67.00578 Y33.32993
G01 X-67.02496 Y33.52482

G04 P0 ( dwell for no time -- G64 should not smooth over this point )
G00 Z30.000000 ( retract )

M5 ( Spindle off. )
G04 P1.000000
M9 ( Coolant off. )
M2 ( Program end. )

