( pcb2gcode 2.5.0 )
( Software-independent Gcode )

G94 ( Millimeters per minute feed rate. )
G21 ( Units == Millimeters. )

G90 ( Absolute coordinates. )
G00 S10000 ( RPM spindle speed. )
G01 F300.00000 ( Feedrate. )


G00 Z30.00000 (Retract to tool change height)
T1
M5      (Spindle stop.)
G04 P1.00000 (Wait for spindle to stop)
(MSG, Change tool bit to mill diameter 0.20000mm)
;M6      (Tool change.)
M0      (Temporary machine stop.)
M3 ( Spindle on clockwise. )
G04 P1.00000 (Wait for spindle to get up to speed)
G04 P0 ( dwell for no time -- G64 should not smooth over this point )
G00 Z5.00000 ( retract )

G00 X-2.22495 Y16.02503 ( rapid move to begin. )
G01 F150.00000
( Mill infeed pass 1/1 )
G01 Z-0.06000
G04 P0 ( dwell for no time -- G64 should not smooth over this point )
G01 F300.00000
G01 X-2.22495 Y16.02503
G01 X-2.52498 Y16.02503
G01 X-2.52498 Y16.52501
G01 X-2.52650 Y16.54238
G01 X-2.53102 Y16.55922
G01 X-2.53839 Y16.57502
G01 X-2.54840 Y16.58929
G01 X-2.56071 Y16.60161
G01 X-2.57499 Y16.61162
G01 X-2.59079 Y16.61899
G01 X-2.60763 Y16.62348
G01 X-2.62498 Y16.62501
G01 X-3.12495 Y16.62501
G01 X-3.12495 Y16.92503
G01 X-2.58251 Y16.92501
G01 X-2.54078 Y16.92054
G01 X-2.43130 Y16.87969
G01 X-2.33923 Y16.81078
G01 X-2.27029 Y16.71868
G01 X-2.22945 Y16.60923
G01 X-2.22498 Y16.56750
G01 X-2.22495 Y16.02503
G01 X-2.29531 Y16.09554
G01 X-2.32498 Y16.12503
G01 X-2.32498 Y16.56217
G01 X-2.32754 Y16.58604
G01 X-2.32599 Y16.58632
G01 X-2.32754 Y16.58604
G01 X-2.35896 Y16.67027
G01 X-2.35807 Y16.67075
G01 X-2.35896 Y16.67027
G01 X-2.41068 Y16.73936
G01 X-2.40994 Y16.74009
G01 X-2.41068 Y16.73936
G01 X-2.47971 Y16.79105
G01 X-2.47905 Y16.79232
G01 X-2.47971 Y16.79105
G01 X-2.56394 Y16.82244
G01 X-2.58787 Y16.82503
G01 X-2.58769 Y16.82617
G01 X-2.58787 Y16.82503
G01 X-3.02495 Y16.82501
G01 X-3.05426 Y16.85432
G01 X-3.02495 Y16.82501
G01 X-3.02495 Y16.72501
G01 X-3.05401 Y16.69618
G01 X-3.02495 Y16.72501
G01 X-2.62498 Y16.72501
G01 X-2.59025 Y16.72198
G01 X-2.55657 Y16.71294
G01 X-2.52498 Y16.69821
G01 X-2.49643 Y16.67822
G01 X-2.47179 Y16.65358
G01 X-2.45177 Y16.62501
G01 X-2.43704 Y16.59341
G01 X-2.42802 Y16.55975
G01 X-2.42498 Y16.52501
G01 X-2.42498 Y16.12503
G01 X-2.45383 Y16.09598
G01 X-2.42498 Y16.12503
G01 X-2.32498 Y16.12503
G04 P0 ( dwell for no time -- G64 should not smooth over this point )
G00 Z5.00000 ( retract )

G00 X-3.82500 Y16.62501 ( rapid move to begin. )
G01 F150.00000
( Mill infeed pass 1/1 )
G01 Z-0.06000
G04 P0 ( dwell for no time -- G64 should not smooth over this point )
G01 F300.00000
G01 X-3.82500 Y16.62501
G01 X-4.32500 Y16.62501
G01 X-4.34235 Y16.62348
G01 X-4.35919 Y16.61899
G01 X-4.37499 Y16.61162
G01 X-4.38926 Y16.60161
G01 X-4.40158 Y16.58929
G01 X-4.41159 Y16.57502
G01 X-4.41895 Y16.55922
G01 X-4.42347 Y16.54238
G01 X-4.42500 Y16.52501
G01 X-4.42500 Y16.02503
G01 X-4.72500 Y16.02503
G01 X-4.72497 Y16.56750
G01 X-4.72048 Y16.60921
G01 X-4.67963 Y16.71871
G01 X-4.61072 Y16.81078
G01 X-4.51865 Y16.87969
G01 X-4.40917 Y16.92054
G01 X-4.36744 Y16.92501
G01 X-3.82500 Y16.92503
G01 X-3.82500 Y16.62501
G01 X-3.89594 Y16.69618
G01 X-3.92500 Y16.72501
G01 X-3.92500 Y16.82501
G01 X-3.89551 Y16.85467
G01 X-3.92500 Y16.82501
G01 X-4.36208 Y16.82503
G01 X-4.38601 Y16.82244
G01 X-4.38629 Y16.82399
G01 X-4.38601 Y16.82244
G01 X-4.47024 Y16.79105
G01 X-4.47074 Y16.79194
G01 X-4.47024 Y16.79105
G01 X-4.53927 Y16.73936
G01 X-4.54001 Y16.74007
G01 X-4.53927 Y16.73936
G01 X-4.59096 Y16.67027
G01 X-4.59188 Y16.67078
G01 X-4.59096 Y16.67027
G01 X-4.62241 Y16.58602
G01 X-4.62393 Y16.58630
G01 X-4.62241 Y16.58602
G01 X-4.62497 Y16.56212
G01 X-4.62497 Y16.12503
G01 X-4.65464 Y16.09554
G01 X-4.62497 Y16.12503
G01 X-4.52500 Y16.12503
G01 X-4.49614 Y16.09598
G01 X-4.52500 Y16.12503
G01 X-4.52500 Y16.52501
G01 X-4.52195 Y16.55975
G01 X-4.51293 Y16.59341
G01 X-4.49820 Y16.62501
G01 X-4.47819 Y16.65358
G01 X-4.45355 Y16.67822
G01 X-4.42500 Y16.69821
G01 X-4.39340 Y16.71294
G01 X-4.35972 Y16.72198
G01 X-4.32500 Y16.72501
G01 X-3.92500 Y16.72501
G04 P0 ( dwell for no time -- G64 should not smooth over this point )
G00 Z5.00000 ( retract )

G00 X-7.23497 Y15.11012 ( rapid move to begin. )
G01 F150.00000
( Mill infeed pass 1/1 )
G01 Z-0.06000
G04 P0 ( dwell for no time -- G64 should not smooth over this point )
G01 F300.00000
G01 X-7.23497 Y15.11012
G01 X-7.24384 Y15.02338
G01 X-7.29187 Y14.87845
G01 X-7.37165 Y14.74911
G01 X-7.47907 Y14.64170
G01 X-7.60841 Y14.56192
G01 X-7.75334 Y14.51389
G01 X-7.84008 Y14.50505
G01 X-7.88496 Y14.50505
G01 X-7.88496 Y14.80502
G01 X-7.87518 Y14.80550
G01 X-7.82641 Y14.81030
G01 X-7.81671 Y14.81173
G01 X-7.80719 Y14.81411
G01 X-7.76030 Y14.82834
G01 X-7.74219 Y14.83586
G01 X-7.69896 Y14.85894
G01 X-7.69055 Y14.86400
G01 X-7.68265 Y14.86984
G01 X-7.64478 Y14.90093
G01 X-7.63091 Y14.91480
G01 X-7.59982 Y14.95267
G01 X-7.59398 Y14.96057
G01 X-7.58892 Y14.96898
G01 X-7.56583 Y15.01221
G01 X-7.55832 Y15.03032
G01 X-7.54409 Y15.07721
G01 X-7.54170 Y15.08673
G01 X-7.54028 Y15.09643
G01 X-7.53546 Y15.14520
G01 X-7.53500 Y15.15501
G01 X-7.53500 Y15.20504
G01 X-7.23500 Y15.20504
G01 X-7.23497 Y15.11012
G01 X-7.28621 Y15.14370
G01 X-7.33602 Y15.10504
G01 X-7.34221 Y15.04444
G01 X-7.38311 Y14.92100
G01 X-7.38207 Y14.92054
G01 X-7.38311 Y14.92100
G01 X-7.45062 Y14.81157
G01 X-7.45009 Y14.81114
G01 X-7.45062 Y14.81157
G01 X-7.54153 Y14.72067
G01 X-7.54110 Y14.72013
G01 X-7.54153 Y14.72067
G01 X-7.65095 Y14.65315
G01 X-7.65062 Y14.65244
G01 X-7.65095 Y14.65315
G01 X-7.77437 Y14.61226
G01 X-7.78496 Y14.61119
G01 X-7.82578 Y14.55567
G01 X-7.78496 Y14.61119
G01 X-7.78496 Y14.71673
G01 X-7.80203 Y14.72821
G01 X-7.78496 Y14.71673
G01 X-7.77815 Y14.71843
G01 X-7.73127 Y14.73266
G01 X-7.69504 Y14.74767
G01 X-7.65181 Y14.77076
G01 X-7.63497 Y14.78084
G01 X-7.61923 Y14.79255
G01 X-7.58133 Y14.82364
G01 X-7.55362 Y14.85135
G01 X-7.52253 Y14.88925
G01 X-7.51082 Y14.90499
G01 X-7.50073 Y14.92183
G01 X-7.47762 Y14.96507
G01 X-7.46263 Y15.00129
G01 X-7.44841 Y15.04817
G01 X-7.44364 Y15.06722
G01 X-7.44077 Y15.08663
G01 X-7.43894 Y15.10502
G01 X-7.45448 Y15.12547
G01 X-7.43894 Y15.10502
G01 X-7.33602 Y15.10504
G04 P0 ( dwell for no time -- G64 should not smooth over this point )
G00 Z5.00000 ( retract )

G00 X-7.23497 Y16.00504 ( rapid move to begin. )
G01 F150.00000
( Mill infeed pass 1/1 )
G01 Z-0.06000
G04 P0 ( dwell for no time -- G64 should not smooth over this point )
G01 F300.00000
G01 X-7.23497 Y16.00504
G01 X-7.53500 Y16.00504
G01 X-7.53500 Y16.05500
G01 X-7.53546 Y16.06481
G01 X-7.54028 Y16.11358
G01 X-7.54170 Y16.12331
G01 X-7.54409 Y16.13281
G01 X-7.55832 Y16.17972
G01 X-7.56583 Y16.19783
G01 X-7.58892 Y16.24103
G01 X-7.59398 Y16.24947
G01 X-7.59982 Y16.25734
G01 X-7.63091 Y16.29524
G01 X-7.64478 Y16.30908
G01 X-7.68265 Y16.34017
G01 X-7.69055 Y16.34604
G01 X-7.69896 Y16.35107
G01 X-7.74219 Y16.37418
G01 X-7.76030 Y16.38167
G01 X-7.80719 Y16.39590
G01 X-7.81671 Y16.39829
G01 X-7.82641 Y16.39973
G01 X-7.87518 Y16.40453
G01 X-7.88496 Y16.40502
G01 X-7.88496 Y16.70502
G01 X-7.84008 Y16.70502
G01 X-7.75334 Y16.69618
G01 X-7.60841 Y16.64812
G01 X-7.47907 Y16.56836
G01 X-7.37165 Y16.46092
G01 X-7.29187 Y16.33159
G01 X-7.24384 Y16.18665
G01 X-7.23497 Y16.09991
G01 X-7.23497 Y16.00504
G01 X-7.28618 Y16.06636
G01 X-7.33602 Y16.10504
G01 X-7.34221 Y16.16560
G01 X-7.38311 Y16.28904
G01 X-7.38207 Y16.28950
G01 X-7.38311 Y16.28904
G01 X-7.45062 Y16.39849
G01 X-7.45009 Y16.39890
G01 X-7.45062 Y16.39849
G01 X-7.54153 Y16.48940
G01 X-7.54110 Y16.48993
G01 X-7.54153 Y16.48940
G01 X-7.65095 Y16.55688
G01 X-7.65062 Y16.55759
G01 X-7.65095 Y16.55688
G01 X-7.77439 Y16.59780
G01 X-7.78496 Y16.59887
G01 X-7.82578 Y16.65442
G01 X-7.78496 Y16.59887
G01 X-7.78496 Y16.49331
G01 X-7.80203 Y16.48183
G01 X-7.78496 Y16.49331
G01 X-7.77815 Y16.49161
G01 X-7.73127 Y16.47738
G01 X-7.69504 Y16.46237
G01 X-7.65181 Y16.43926
G01 X-7.63497 Y16.42917
G01 X-7.61923 Y16.41749
G01 X-7.58133 Y16.38640
G01 X-7.55362 Y16.35866
G01 X-7.52253 Y16.32079
G01 X-7.51082 Y16.30502
G01 X-7.50073 Y16.28818
G01 X-7.47762 Y16.24497
G01 X-7.46263 Y16.20875
G01 X-7.44841 Y16.16184
G01 X-7.44364 Y16.14281
G01 X-7.44077 Y16.12338
G01 X-7.43894 Y16.10504
G01 X-7.45448 Y16.08460
G01 X-7.43894 Y16.10504
G01 X-7.33602 Y16.10504
G04 P0 ( dwell for no time -- G64 should not smooth over this point )
G00 Z5.00000 ( retract )

G00 X-9.34325 Y16.14698 ( rapid move to begin. )
G01 F150.00000
( Mill infeed pass 1/1 )
G01 Z-0.06000
G04 P0 ( dwell for no time -- G64 should not smooth over this point )
G01 F300.00000
G01 X-9.34325 Y16.14698
G01 X-9.34124 Y16.13319
G01 X-9.33644 Y16.08442
G01 X-9.33500 Y16.05500
G01 X-9.33500 Y15.15501
G01 X-9.33644 Y15.12562
G01 X-9.34124 Y15.07683
G01 X-9.34556 Y15.04772
G01 X-9.35270 Y15.01914
G01 X-9.36692 Y14.97225
G01 X-9.36850 Y14.96849
G01 X-9.36929 Y14.96458
G01 X-9.46334 Y14.65737
G01 X-9.47820 Y14.64520
G01 X-9.48000 Y14.64365
G01 X-9.53309 Y14.59583
G01 X-9.53492 Y14.59410
G01 X-9.55852 Y14.57055
G01 X-9.56017 Y14.56883
G01 X-9.56040 Y14.56903
G01 X-9.56017 Y14.56883
G01 X-9.59905 Y14.52613
G01 X-9.60071 Y14.52422
G01 X-9.62090 Y14.49966
G01 X-9.60071 Y14.52422
G01 X-9.59905 Y14.52613
G01 X-9.56017 Y14.56883
G01 X-9.55852 Y14.57055
G01 X-9.53492 Y14.59410
G01 X-9.53309 Y14.59583
G01 X-9.48000 Y14.64365
G01 X-9.47820 Y14.64520
G01 X-9.45085 Y14.66758
G01 X-9.44988 Y14.66837
G01 X-9.41567 Y14.69496
G01 X-9.41470 Y14.69570
G01 X-9.32720 Y14.76042
G01 X-9.28387 Y14.90197
G01 X-9.28488 Y14.92079
G01 X-9.28493 Y14.92343
G01 X-9.28498 Y15.11564
G01 X-9.33500 Y15.15501
G01 X-9.43500 Y15.15501
G01 X-9.53500 Y15.15501
G01 X-9.53548 Y15.14520
G01 X-9.54028 Y15.09643
G01 X-9.54170 Y15.08673
G01 X-9.54409 Y15.07721
G01 X-9.55831 Y15.03032
G01 X-9.55979 Y15.02679
G01 X-9.56052 Y15.02313
G01 X-9.78496 Y14.29004
G01 X-9.78498 Y11.66733
G01 X-9.78498 Y11.08001
G01 X-9.78546 Y11.07020
G01 X-9.78836 Y11.04094
G01 X-9.78978 Y11.03124
G01 X-9.79217 Y11.02172
G01 X-9.80070 Y10.99357
G01 X-9.80401 Y10.98435
G01 X-9.80822 Y10.97546
G01 X-9.82207 Y10.94953
G01 X-9.83296 Y10.93325
G01 X-9.85163 Y10.91051
G01 X-9.85821 Y10.90322
G01 X-9.86547 Y10.89665
G01 X-9.88821 Y10.87800
G01 X-9.90451 Y10.86711
G01 X-9.93045 Y10.85324
G01 X-9.93931 Y10.84905
G01 X-9.94856 Y10.84574
G01 X-9.97670 Y10.83721
G01 X-9.99593 Y10.83337
G01 X-10.02519 Y10.83050
G01 X-10.03499 Y10.83002
G01 X-10.33499 Y10.83002
G01 X-10.34480 Y10.83050
G01 X-10.37406 Y10.83337
G01 X-10.39329 Y10.83721
G01 X-10.42143 Y10.84574
G01 X-10.43065 Y10.84905
G01 X-10.43954 Y10.85324
G01 X-10.46547 Y10.86711
G01 X-10.48175 Y10.87800
G01 X-10.50449 Y10.89665
G01 X-10.51175 Y10.90322
G01 X-10.51836 Y10.91051
G01 X-10.53700 Y10.93325
G01 X-10.54790 Y10.94953
G01 X-10.56176 Y10.97546
G01 X-10.56596 Y10.98435
G01 X-10.56926 Y10.99357
G01 X-10.57779 Y11.02172
G01 X-10.58018 Y11.03124
G01 X-10.58163 Y11.04094
G01 X-10.58450 Y11.07020
G01 X-10.58498 Y11.08001
G01 X-10.58498 Y11.98935
G01 X-10.80068 Y12.20503
G01 X-10.81312 Y12.20503
G01 X-11.42112 Y11.92672
G01 X-11.43090 Y11.91480
G01 X-11.44477 Y11.90094
G01 X-11.48267 Y11.86985
G01 X-11.49054 Y11.86400
G01 X-11.49895 Y11.85895
G01 X-11.54218 Y11.83586
G01 X-11.56029 Y11.82834
G01 X-11.60718 Y11.81412
G01 X-11.61670 Y11.81173
G01 X-11.62641 Y11.81031
G01 X-11.67517 Y11.80548
G01 X-11.68498 Y11.80500
G01 X-12.38498 Y11.80500
G01 X-12.39478 Y11.80548
G01 X-12.44355 Y11.81031
G01 X-12.45328 Y11.81173
G01 X-12.46278 Y11.81412
G01 X-12.50969 Y11.82834
G01 X-12.52780 Y11.83586
G01 X-12.57103 Y11.85895
G01 X-12.57944 Y11.86400
G01 X-12.58731 Y11.86985
G01 X-12.62521 Y11.90094
G01 X-12.63905 Y11.91480
G01 X-12.67017 Y11.95268
G01 X-12.67601 Y11.96058
G01 X-12.68104 Y11.96898
G01 X-12.70415 Y12.01221
G01 X-12.71165 Y12.03032
G01 X-12.72587 Y12.07721
G01 X-12.72826 Y12.08674
G01 X-12.72971 Y12.09644
G01 X-12.73451 Y12.14521
G01 X-12.73499 Y12.15501
G01 X-12.73499 Y13.05501
G01 X-12.73451 Y13.06482
G01 X-12.72971 Y13.11358
G01 X-12.72826 Y13.12329
G01 X-12.72587 Y13.13281
G01 X-12.71165 Y13.17970
G01 X-12.70415 Y13.19784
G01 X-12.68104 Y13.24104
G01 X-12.67601 Y13.24947
G01 X-12.67017 Y13.25735
G01 X-12.63905 Y13.29522
G01 X-12.62521 Y13.30909
G01 X-12.58731 Y13.34018
G01 X-12.57944 Y13.34602
G01 X-12.57103 Y13.35107
G01 X-12.52780 Y13.37419
G01 X-12.50969 Y13.38168
G01 X-12.46278 Y13.39590
G01 X-12.45328 Y13.39829
G01 X-12.44355 Y13.39974
G01 X-12.39478 Y13.40454
G01 X-12.38498 Y13.40502
G01 X-11.68498 Y13.40502
G01 X-11.67517 Y13.40454
G01 X-11.62641 Y13.39974
G01 X-11.61670 Y13.39829
G01 X-11.60718 Y13.39590
G01 X-11.56029 Y13.38168
G01 X-11.54218 Y13.37419
G01 X-11.49895 Y13.35107
G01 X-11.49054 Y13.34602
G01 X-11.48267 Y13.34018
G01 X-11.44477 Y13.30909
G01 X-11.43090 Y13.29522
G01 X-11.42117 Y13.28338
G01 X-10.81320 Y13.00505
G01 X-10.75066 Y13.00505
G01 X-10.58498 Y13.17071
G01 X-10.58498 Y14.28407
G01 X-10.90261 Y15.00926
G01 X-10.90416 Y15.01221
G01 X-10.91165 Y15.03032
G01 X-10.92587 Y15.07721
G01 X-10.92826 Y15.08673
G01 X-10.92971 Y15.09643
G01 X-10.93451 Y15.14520
G01 X-10.93499 Y15.15501
G01 X-10.93499 Y16.05500
G01 X-10.93451 Y16.06481
G01 X-10.92971 Y16.11358
G01 X-10.92826 Y16.12331
G01 X-10.92587 Y16.13281
G01 X-10.91165 Y16.17972
G01 X-10.90416 Y16.19783
G01 X-10.88104 Y16.24103
G01 X-10.87601 Y16.24947
G01 X-10.87015 Y16.25734
G01 X-10.83906 Y16.29524
G01 X-10.82521 Y16.30908
G01 X-10.78732 Y16.34017
G01 X-10.77944 Y16.34604
G01 X-10.77101 Y16.35107
G01 X-10.72780 Y16.37418
G01 X-10.70969 Y16.38167
G01 X-10.66278 Y16.39590
G01 X-10.65328 Y16.39829
G01 X-10.64355 Y16.39973
G01 X-10.59478 Y16.40453
G01 X-10.58498 Y16.40502
G01 X-9.88498 Y16.40502
G01 X-9.87518 Y16.40453
G01 X-9.82641 Y16.39973
G01 X-9.81671 Y16.39829
G01 X-9.80718 Y16.39590
G01 X-9.76029 Y16.38167
G01 X-9.74218 Y16.37418
G01 X-9.69895 Y16.35107
G01 X-9.69054 Y16.34604
G01 X-9.68265 Y16.34017
G01 X-9.64477 Y16.30908
G01 X-9.63091 Y16.29524
G01 X-9.59982 Y16.25734
G01 X-9.59397 Y16.24947
G01 X-9.58892 Y16.24103
G01 X-9.56583 Y16.19783
G01 X-9.55831 Y16.17972
G01 X-9.54409 Y16.13281
G01 X-9.54170 Y16.12331
G01 X-9.54028 Y16.11358
G01 X-9.53548 Y16.06481
G01 X-9.53500 Y16.05500
G01 X-9.53500 Y15.15501
G01 X-9.43500 Y15.15501
G01 X-9.33500 Y15.15501
G01 X-9.28498 Y15.11564
G01 X-9.28498 Y16.09432
G01 X-9.29530 Y16.10339
G01 X-9.29596 Y16.10395
G01 X-9.34325 Y16.14698
G01 X-9.35968 Y16.16191
G01 X-9.36106 Y16.16323
G01 X-9.40093 Y16.20238
G01 X-9.40233 Y16.20380
G01 X-9.43312 Y16.23656
G01 X-9.44348 Y16.24728
G01 X-9.47904 Y16.28317
G01 X-9.51587 Y16.31955
G01 X-9.51683 Y16.32051
G01 X-9.53649 Y16.34103
G01 X-9.53743 Y16.34205
G01 X-9.55051 Y16.35648
G01 X-9.58356 Y16.38950
G01 X-9.60444 Y16.40845
G01 X-9.61041 Y16.41025
G01 X-9.64866 Y16.42188
G01 X-9.69529 Y16.43357
G01 X-9.73571 Y16.44162
G01 X-9.78229 Y16.44853
G01 X-9.82001 Y16.45226
G01 X-9.86718 Y16.45457
G01 X-9.88559 Y16.45503
G01 X-10.58435 Y16.45503
G01 X-10.60276 Y16.45457
G01 X-10.64993 Y16.45226
G01 X-10.68762 Y16.44855
G01 X-10.73421 Y16.44164
G01 X-10.77472 Y16.43357
G01 X-10.82133 Y16.42188
G01 X-10.85961 Y16.41022
G01 X-10.86550 Y16.40845
G01 X-10.88638 Y16.38950
G01 X-10.91942 Y16.35648
G01 X-10.93926 Y16.33456
G01 X-10.94579 Y16.32541
G01 X-10.95734 Y16.30743
G01 X-10.95808 Y16.30624
G01 X-10.96265 Y16.29915
G01 X-10.97106 Y16.28609
G01 X-10.99423 Y16.24581
G01 X-11.00847 Y16.20718
G01 X-11.02277 Y16.16212
G01 X-11.02793 Y16.14451
G01 X-11.03067 Y16.12277
G01 X-11.03413 Y16.08851
G01 X-11.03464 Y16.07776
G01 X-11.03522 Y16.05442
G01 X-11.03522 Y15.15564
G01 X-11.03466 Y15.13227
G01 X-11.03413 Y15.12155
G01 X-11.03070 Y15.08726
G01 X-11.02793 Y15.06555
G01 X-11.02277 Y15.04787
G01 X-11.00832 Y15.00235
G01 X-11.00002 Y14.97840
G01 X-10.99806 Y14.97324
G01 X-10.99351 Y14.96179
G01 X-10.99316 Y14.96087
G01 X-10.99019 Y14.95298
G01 X-10.98739 Y14.94673
G01 X-10.98721 Y14.94635
G01 X-10.71856 Y14.33299
G01 X-10.71754 Y14.33060
G01 X-10.69908 Y14.28155
G01 X-10.69824 Y14.27914
G01 X-10.69418 Y14.26646
G01 X-10.69285 Y14.26146
G01 X-10.69199 Y14.26166
G01 X-10.69285 Y14.26146
G01 X-10.69207 Y14.25638
G01 X-10.68818 Y14.21879
G01 X-10.68798 Y14.21622
G01 X-10.68521 Y14.16438
G01 X-10.68521 Y14.16179
G01 X-10.68521 Y13.72303
G01 X-10.68526 Y13.72123
G01 X-10.68653 Y13.68531
G01 X-10.68625 Y13.68531
G01 X-10.68653 Y13.68531
G01 X-10.68663 Y13.68353
G01 X-10.68917 Y13.64813
G01 X-10.68986 Y13.64272
G01 X-10.71043 Y13.53024
G01 X-10.70990 Y13.53012
G01 X-10.71043 Y13.53024
G01 X-10.71165 Y13.52514
G01 X-10.73220 Y13.45529
G01 X-10.73438 Y13.44932
G01 X-10.78498 Y13.33403
G01 X-10.78498 Y13.25356
G01 X-10.77736 Y13.25041
G01 X-10.78498 Y13.25356
G01 X-10.81343 Y13.22511
G01 X-10.80957 Y13.20368
G01 X-10.81343 Y13.22511
G01 X-10.89273 Y13.26141
G01 X-10.88351 Y13.26141
G01 X-10.88241 Y13.26141
G01 X-10.88241 Y13.26098
G01 X-10.88241 Y13.26141
G01 X-10.84815 Y13.26212
G01 X-10.83875 Y13.26321
G01 X-10.82973 Y13.26606
G01 X-10.82709 Y13.26037
G01 X-10.82973 Y13.26606
G01 X-10.82140 Y13.27056
G01 X-10.81409 Y13.27652
G01 X-10.80802 Y13.28376
G01 X-10.80342 Y13.29202
G01 X-10.80190 Y13.29098
G01 X-10.80342 Y13.29202
G01 X-10.78498 Y13.33403
G01 X-10.80342 Y13.29202
G01 X-10.80802 Y13.28376
G01 X-10.81409 Y13.27652
G01 X-10.82140 Y13.27056
G01 X-10.82973 Y13.26606
G01 X-10.83875 Y13.26321
G01 X-10.84815 Y13.26212
G01 X-10.88241 Y13.26141
G01 X-10.88351 Y13.26141
G01 X-10.89273 Y13.26141
G01 X-10.96032 Y13.26146
G01 X-10.96712 Y13.26194
G01 X-11.13718 Y13.28547
G01 X-11.13725 Y13.28506
G01 X-11.13718 Y13.28547
G01 X-11.14444 Y13.28704
G01 X-11.21216 Y13.30700
G01 X-11.21554 Y13.30812
G01 X-11.28389 Y13.33367
G01 X-11.28721 Y13.33505
G01 X-11.29969 Y13.34076
G01 X-11.30167 Y13.34173
G01 X-11.34167 Y13.36225
G01 X-11.34363 Y13.36329
G01 X-11.34383 Y13.36291
G01 X-11.34363 Y13.36329
G01 X-11.35061 Y13.36728
G01 X-11.35706 Y13.37165
G01 X-11.37797 Y13.38836
G01 X-11.38424 Y13.39308
G01 X-11.38500 Y13.39369
G01 X-11.39956 Y13.40512
G01 X-11.41457 Y13.41584
G01 X-11.43283 Y13.42758
G01 X-11.44000 Y13.43218
G01 X-11.45402 Y13.44119
G01 X-11.49420 Y13.46428
G01 X-11.53278 Y13.47851
G01 X-11.57782 Y13.49281
G01 X-11.59549 Y13.49796
G01 X-11.61708 Y13.50070
G01 X-11.65150 Y13.50418
G01 X-11.66209 Y13.50469
G01 X-11.68556 Y13.50528
G01 X-12.38437 Y13.50528
G01 X-12.40781 Y13.50469
G01 X-12.41845 Y13.50418
G01 X-12.45285 Y13.50070
G01 X-12.47446 Y13.49796
G01 X-12.49211 Y13.49281
G01 X-12.53717 Y13.47851
G01 X-12.57573 Y13.46428
G01 X-12.61594 Y13.44117
G01 X-12.62958 Y13.43240
G01 X-12.63202 Y13.43083
G01 X-12.63733 Y13.42745
G01 X-12.65539 Y13.41584
G01 X-12.66453 Y13.40932
G01 X-12.68642 Y13.38948
G01 X-12.71947 Y13.35643
G01 X-12.73219 Y13.34239
G01 X-12.73316 Y13.34135
G01 X-12.75323 Y13.32044
G01 X-12.75422 Y13.31945
G01 X-12.77225 Y13.30170
G01 X-12.78929 Y13.28409
G01 X-12.80829 Y13.26352
G01 X-12.80895 Y13.26281
G01 X-12.82430 Y13.24683
G01 X-12.82496 Y13.24615
G01 X-12.86836 Y13.20266
G01 X-12.86981 Y13.20126
G01 X-12.91149 Y13.16268
G01 X-12.91292 Y13.16141
G01 X-12.92625 Y13.14998
G01 X-12.92874 Y13.13319
G01 X-12.93354 Y13.08442
G01 X-12.93499 Y13.05501
G01 X-12.93499 Y12.15501
G01 X-12.93354 Y12.12560
G01 X-12.92874 Y12.07683
G01 X-12.92666 Y12.06279
G01 X-12.92874 Y12.07683
G01 X-12.93354 Y12.12560
G01 X-12.93499 Y12.15501
G01 X-12.93499 Y13.05501
G01 X-12.93354 Y13.08442
G01 X-12.92874 Y13.13319
G01 X-12.92625 Y13.14998
G01 X-12.93374 Y13.14358
G01 X-12.97606 Y13.10485
G01 X-12.98498 Y13.09616
G01 X-12.98498 Y12.11544
G01 X-12.97497 Y12.10665
G01 X-12.97433 Y12.10609
G01 X-12.92666 Y12.06279
G01 X-12.91048 Y12.04810
G01 X-12.90908 Y12.04678
G01 X-12.86918 Y12.00767
G01 X-12.86778 Y12.00624
G01 X-12.83639 Y11.97292
G01 X-12.82643 Y11.96261
G01 X-12.79084 Y11.92672
G01 X-12.75419 Y11.89057
G01 X-12.75323 Y11.88961
G01 X-12.73316 Y11.86870
G01 X-12.73219 Y11.86766
G01 X-12.71947 Y11.85362
G01 X-12.68642 Y11.82057
G01 X-12.66453 Y11.80073
G01 X-12.65539 Y11.79421
G01 X-12.63755 Y11.78275
G01 X-12.62905 Y11.77729
G01 X-12.61594 Y11.76886
G01 X-12.57573 Y11.74577
G01 X-12.53717 Y11.73154
G01 X-12.49214 Y11.71724
G01 X-12.47428 Y11.71201
G01 X-12.45988 Y11.71008
G01 X-12.41843 Y11.70586
G01 X-12.40781 Y11.70536
G01 X-12.38437 Y11.70477
G01 X-11.68556 Y11.70477
G01 X-11.66209 Y11.70536
G01 X-11.65150 Y11.70586
G01 X-11.61708 Y11.70934
G01 X-11.59549 Y11.71209
G01 X-11.57782 Y11.71724
G01 X-11.53278 Y11.73154
G01 X-11.49420 Y11.74577
G01 X-11.45402 Y11.76886
G01 X-11.43639 Y11.78016
G01 X-11.43248 Y11.78267
G01 X-11.41457 Y11.79421
G01 X-11.39946 Y11.80498
G01 X-11.38506 Y11.81633
G01 X-11.38429 Y11.81691
G01 X-11.37797 Y11.82169
G01 X-11.35701 Y11.83843
G01 X-11.35056 Y11.84280
G01 X-11.34370 Y11.84671
G01 X-11.34388 Y11.84706
G01 X-11.34370 Y11.84671
G01 X-11.34175 Y11.84777
G01 X-11.30167 Y11.86832
G01 X-11.29969 Y11.86931
G01 X-11.28721 Y11.87503
G01 X-11.28556 Y11.87574
G01 X-11.25209 Y11.88963
G01 X-11.25041 Y11.89029
G01 X-11.21719 Y11.90274
G01 X-11.21734 Y11.90325
G01 X-11.21719 Y11.90274
G01 X-11.21195 Y11.90437
G01 X-11.09991 Y11.93279
G01 X-11.09473 Y11.93380
G01 X-11.02265 Y11.94422
G01 X-11.02270 Y11.94460
G01 X-11.02265 Y11.94422
G01 X-11.01691 Y11.94470
G01 X-10.86174 Y11.94902
G01 X-10.85265 Y11.94843
G01 X-10.84381 Y11.94622
G01 X-10.83997 Y11.95506
G01 X-10.84381 Y11.94622
G01 X-10.83553 Y11.94244
G01 X-10.82806 Y11.93723
G01 X-10.80921 Y11.92131
G01 X-10.80413 Y11.91635
G01 X-10.79981 Y11.91074
G01 X-10.79633 Y11.90459
G01 X-10.78610 Y11.88303
G01 X-10.78577 Y11.88232
G01 X-10.78498 Y11.88278
G01 X-10.78577 Y11.88232
G01 X-10.78498 Y11.88064
G01 X-10.78577 Y11.88232
G01 X-10.78610 Y11.88303
G01 X-10.79633 Y11.90459
G01 X-10.79981 Y11.91074
G01 X-10.80413 Y11.91635
G01 X-10.80921 Y11.92131
G01 X-10.82806 Y11.93723
G01 X-10.83553 Y11.94244
G01 X-10.84381 Y11.94622
G01 X-10.85265 Y11.94843
G01 X-10.86174 Y11.94902
G01 X-11.01691 Y11.94470
G01 X-10.89402 Y11.94813
G01 X-10.84774 Y11.96929
G01 X-10.84388 Y11.99070
G01 X-10.84774 Y11.96929
G01 X-10.78498 Y11.90652
G01 X-10.78241 Y11.90807
G01 X-10.78498 Y11.90652
G01 X-10.78498 Y11.88278
G01 X-10.78498 Y11.88064
G01 X-10.75384 Y11.81247
G01 X-10.75145 Y11.80607
G01 X-10.70256 Y11.64325
G01 X-10.70096 Y11.63599
G01 X-10.70047 Y11.63607
G01 X-10.70096 Y11.63599
G01 X-10.69090 Y11.56609
G01 X-10.69052 Y11.56256
G01 X-10.68536 Y11.49062
G01 X-10.68508 Y11.48704
G01 X-10.68521 Y11.08064
G01 X-10.68465 Y11.05735
G01 X-10.68330 Y11.02992
G01 X-10.68064 Y11.01765
G01 X-10.67373 Y10.99159
G01 X-10.66578 Y10.96482
G01 X-10.65765 Y10.94031
G01 X-10.65120 Y10.92829
G01 X-10.63761 Y10.90416
G01 X-10.61297 Y10.86502
G01 X-10.59880 Y10.84935
G01 X-10.56565 Y10.81620
G01 X-10.54995 Y10.80201
G01 X-10.51086 Y10.77739
G01 X-10.48668 Y10.76380
G01 X-10.47469 Y10.75733
G01 X-10.45018 Y10.74922
G01 X-10.42341 Y10.74127
G01 X-10.39738 Y10.73437
G01 X-10.38511 Y10.73170
G01 X-10.35765 Y10.73035
G01 X-10.33436 Y10.72979
G01 X-10.11160 Y10.72979
G01 X-10.11127 Y10.72977
G01 X-10.10253 Y10.72972
G01 X-10.09903 Y10.72967
G01 X-10.03118 Y10.72438
G01 X-10.02786 Y10.72403
G01 X-10.01927 Y10.72278
G01 X-10.00363 Y10.72078
G01 X-9.97469 Y10.71753
G01 X-9.95102 Y10.71542
G01 X-9.92069 Y10.71338
G01 X-9.91940 Y10.71328
G01 X-9.88778 Y10.71034
G01 X-9.88651 Y10.71021
G01 X-9.87452 Y10.70879
G01 X-9.86161 Y10.73030
G01 X-9.83461 Y10.78067
G01 X-9.82176 Y10.80785
G01 X-9.80383 Y10.85095
G01 X-9.79415 Y10.87805
G01 X-9.78257 Y10.91615
G01 X-9.77581 Y10.94315
G01 X-9.76895 Y10.97757
G01 X-9.76494 Y11.00455
G01 X-9.76174 Y11.03703
G01 X-9.76037 Y11.06462
G01 X-9.75999 Y11.08064
G01 X-9.75996 Y14.13004
G01 X-9.75994 Y14.13126
G01 X-9.75953 Y14.14853
G01 X-9.75948 Y14.14978
G01 X-9.75803 Y14.17916
G01 X-9.75785 Y14.18163
G01 X-9.75839 Y14.18168
G01 X-9.75785 Y14.18163
G01 X-9.75440 Y14.21653
G01 X-9.75410 Y14.21894
G01 X-9.74973 Y14.24835
G01 X-9.74932 Y14.25069
G01 X-9.74236 Y14.28607
G01 X-9.74114 Y14.29090
G01 X-9.73947 Y14.29560
G01 X-9.72750 Y14.32435
G01 X-9.72890 Y14.32491
G01 X-9.72750 Y14.32435
G01 X-9.72651 Y14.32661
G01 X-9.70977 Y14.36187
G01 X-9.70866 Y14.36403
G01 X-9.69451 Y14.39044
G01 X-9.69329 Y14.39260
G01 X-9.67119 Y14.42930
G01 X-9.66989 Y14.43136
G01 X-9.65278 Y14.45689
G01 X-9.65135 Y14.45892
G01 X-9.62240 Y14.49778
G01 X-9.62090 Y14.49966
G01 X-9.61341 Y14.50878
G01 X-9.46489 Y14.99384
G01 X-9.46413 Y14.99765
G01 X-9.46263 Y15.00129
G01 X-9.44841 Y15.04817
G01 X-9.44363 Y15.06722
G01 X-9.44076 Y15.08663
G01 X-9.43596 Y15.13540
G01 X-9.43500 Y15.15501
G01 X-9.43500 Y16.05500
G01 X-9.43596 Y16.07461
G01 X-9.44076 Y16.12338
G01 X-9.44363 Y16.14281
G01 X-9.44841 Y16.16184
G01 X-9.46263 Y16.20875
G01 X-9.47764 Y16.24497
G01 X-9.50073 Y16.28818
G01 X-9.51081 Y16.30502
G01 X-9.52252 Y16.32079
G01 X-9.55361 Y16.35866
G01 X-9.58132 Y16.38640
G01 X-9.61041 Y16.41025
G01 X-9.64866 Y16.42188
G01 X-9.69529 Y16.43357
G01 X-9.73571 Y16.44162
G01 X-9.78229 Y16.44853
G01 X-9.82001 Y16.45226
G01 X-9.86718 Y16.45457
G01 X-9.88559 Y16.45503
G01 X-10.58435 Y16.45503
G01 X-10.60276 Y16.45457
G01 X-10.64993 Y16.45226
G01 X-10.68762 Y16.44855
G01 X-10.73421 Y16.44164
G01 X-10.77472 Y16.43357
G01 X-10.82133 Y16.42188
G01 X-10.85961 Y16.41022
G01 X-10.88864 Y16.38640
G01 X-10.91637 Y16.35866
G01 X-10.94746 Y16.32079
G01 X-10.95734 Y16.30743
G01 X-10.95808 Y16.30624
G01 X-10.96250 Y16.29943
G01 X-10.96265 Y16.29915
G01 X-10.96923 Y16.28818
G01 X-10.99235 Y16.24497
G01 X-11.00736 Y16.20875
G01 X-11.02158 Y16.16184
G01 X-11.02633 Y16.14281
G01 X-11.02923 Y16.12338
G01 X-11.03403 Y16.07461
G01 X-11.03499 Y16.05500
G01 X-11.03499 Y15.15501
G01 X-11.03403 Y15.13540
G01 X-11.02923 Y15.08663
G01 X-11.02633 Y15.06722
G01 X-11.02158 Y15.04817
G01 X-11.00736 Y15.00129
G01 X-10.99580 Y14.97342
G01 X-10.99420 Y14.96913
G01 X-10.68498 Y14.26314
G01 X-10.68285 Y14.26357
G01 X-10.68498 Y14.26314
G01 X-10.68498 Y13.21214
G01 X-10.67736 Y13.20899
G01 X-10.68498 Y13.21214
G01 X-10.79186 Y13.10525
G01 X-10.78800 Y13.08381
G01 X-10.79186 Y13.10525
G01 X-11.36054 Y13.36560
G01 X-11.36105 Y13.36476
G01 X-11.36054 Y13.36560
G01 X-11.38132 Y13.38638
G01 X-11.41922 Y13.41749
G01 X-11.43283 Y13.42758
G01 X-11.44000 Y13.43218
G01 X-11.45181 Y13.43926
G01 X-11.49504 Y13.46238
G01 X-11.53126 Y13.47736
G01 X-11.57815 Y13.49159
G01 X-11.59720 Y13.49636
G01 X-11.61660 Y13.49926
G01 X-11.66539 Y13.50406
G01 X-11.68498 Y13.50502
G01 X-12.38498 Y13.50502
G01 X-12.40459 Y13.50406
G01 X-12.45335 Y13.49926
G01 X-12.47278 Y13.49636
G01 X-12.49181 Y13.49159
G01 X-12.53872 Y13.47736
G01 X-12.57494 Y13.46238
G01 X-12.61815 Y13.43926
G01 X-12.62958 Y13.43240
G01 X-12.63202 Y13.43083
G01 X-12.63733 Y13.42745
G01 X-12.65076 Y13.41749
G01 X-12.68863 Y13.38638
G01 X-12.71637 Y13.35867
G01 X-12.74746 Y13.32080
G01 X-12.75914 Y13.30502
G01 X-12.76923 Y13.28818
G01 X-12.79234 Y13.24495
G01 X-12.80735 Y13.20873
G01 X-12.82158 Y13.16184
G01 X-12.82635 Y13.14279
G01 X-12.82922 Y13.12339
G01 X-12.83402 Y13.07462
G01 X-12.83499 Y13.05501
G01 X-12.83499 Y12.15501
G01 X-12.83402 Y12.13540
G01 X-12.82922 Y12.08664
G01 X-12.82635 Y12.06723
G01 X-12.82158 Y12.04818
G01 X-12.80735 Y12.00129
G01 X-12.79234 Y11.96507
G01 X-12.76923 Y11.92184
G01 X-12.75914 Y11.90500
G01 X-12.74746 Y11.88925
G01 X-12.71637 Y11.85136
G01 X-12.68863 Y11.82364
G01 X-12.65076 Y11.79255
G01 X-12.63755 Y11.78275
G01 X-12.62905 Y11.77729
G01 X-12.61815 Y11.77076
G01 X-12.57494 Y11.74765
G01 X-12.53872 Y11.73266
G01 X-12.49181 Y11.71844
G01 X-12.47278 Y11.71366
G01 X-12.45335 Y11.71077
G01 X-12.40459 Y11.70597
G01 X-12.38498 Y11.70500
G01 X-11.68498 Y11.70500
G01 X-11.66539 Y11.70597
G01 X-11.61660 Y11.71077
G01 X-11.59720 Y11.71366
G01 X-11.57815 Y11.71844
G01 X-11.53126 Y11.73266
G01 X-11.49504 Y11.74765
G01 X-11.45181 Y11.77076
G01 X-11.44055 Y11.77752
G01 X-11.43639 Y11.78016
G01 X-11.43248 Y11.78267
G01 X-11.41922 Y11.79255
G01 X-11.38132 Y11.82364
G01 X-11.36044 Y11.84452
G01 X-11.36070 Y11.84493
G01 X-11.36044 Y11.84452
G01 X-10.82615 Y12.08910
G01 X-10.82229 Y12.11054
G01 X-10.82615 Y12.08910
G01 X-10.68498 Y11.94793
G01 X-10.67741 Y11.95108
G01 X-10.68498 Y11.94793
G01 X-10.68498 Y11.08001
G01 X-10.68402 Y11.06040
G01 X-10.68114 Y11.03114
G01 X-10.67827 Y11.01173
G01 X-10.67350 Y10.99268
G01 X-10.66497 Y10.96457
G01 X-10.65834 Y10.94607
G01 X-10.64995 Y10.92832
G01 X-10.63609 Y10.90239
G01 X-10.61432 Y10.86980
G01 X-10.59565 Y10.84707
G01 X-10.58752 Y10.83810
G01 X-10.57690 Y10.82748
G01 X-10.56794 Y10.81935
G01 X-10.54520 Y10.80068
G01 X-10.51259 Y10.77892
G01 X-10.48666 Y10.76505
G01 X-10.46893 Y10.75667
G01 X-10.45044 Y10.75004
G01 X-10.42232 Y10.74150
G01 X-10.38386 Y10.73386
G01 X-10.35460 Y10.73099
G01 X-10.33499 Y10.73002
G01 X-10.03499 Y10.73002
G01 X-10.01539 Y10.73099
G01 X-9.98612 Y10.73386
G01 X-9.94767 Y10.74150
G01 X-9.91953 Y10.75004
G01 X-9.90106 Y10.75667
G01 X-9.88331 Y10.76505
G01 X-9.85737 Y10.77892
G01 X-9.82532 Y10.80033
G01 X-9.82176 Y10.80785
G04 P0 ( dwell for no time -- G64 should not smooth over this point )
G00 Z5.00000 ( retract )

G00 X-8.64119 Y10.80503 ( rapid move to begin. )
G01 F150.00000
( Mill infeed pass 1/1 )
G01 Z-0.06000
G04 P0 ( dwell for no time -- G64 should not smooth over this point )
G01 F300.00000
G01 X-8.64119 Y10.80503
G01 X-7.92875 Y10.80503
G01 X-7.80066 Y10.80503
G01 X-6.83498 Y11.77071
G01 X-6.83498 Y12.80502
G01 X-6.83449 Y12.81483
G01 X-6.82873 Y12.87338
G01 X-6.82728 Y12.88308
G01 X-6.82489 Y12.89260
G01 X-6.80782 Y12.94886
G01 X-6.80033 Y12.96697
G01 X-6.77259 Y13.01884
G01 X-6.76756 Y13.02727
G01 X-6.76170 Y13.03515
G01 X-6.72441 Y13.08061
G01 X-6.71781 Y13.08788
G01 X-6.11781 Y13.68788
G01 X-6.11054 Y13.69448
G01 X-6.06508 Y13.73177
G01 X-6.05720 Y13.73764
G01 X-6.04877 Y13.74267
G01 X-5.99690 Y13.77040
G01 X-5.97879 Y13.77789
G01 X-5.92253 Y13.79496
G01 X-5.91301 Y13.79735
G01 X-5.90330 Y13.79880
G01 X-5.84476 Y13.80456
G01 X-5.83498 Y13.80505
G01 X-3.23498 Y13.80505
G01 X-3.22518 Y13.80456
G01 X-3.16663 Y13.79880
G01 X-3.15693 Y13.79735
G01 X-3.14740 Y13.79496
G01 X-3.09114 Y13.77789
G01 X-3.07303 Y13.77040
G01 X-3.02117 Y13.74267
G01 X-3.01273 Y13.73764
G01 X-3.00486 Y13.73177
G01 X-2.95939 Y13.69448
G01 X-2.95213 Y13.68788
G01 X-2.15213 Y12.88788
G01 X-2.14553 Y12.88061
G01 X-2.10824 Y12.83515
G01 X-2.10237 Y12.82727
G01 X-2.09734 Y12.81884
G01 X-2.06961 Y12.76697
G01 X-2.06282 Y12.75059
G01 X-1.99871 Y12.68001
G01 X-1.98500 Y12.68001
G01 X-1.97519 Y12.67952
G01 X-1.92643 Y12.67472
G01 X-1.91670 Y12.67330
G01 X-1.90720 Y12.67091
G01 X-1.86028 Y12.65669
G01 X-1.84217 Y12.64917
G01 X-1.79894 Y12.62608
G01 X-1.79054 Y12.62103
G01 X-1.78266 Y12.61518
G01 X-1.74476 Y12.58409
G01 X-1.73092 Y12.57023
G01 X-1.69981 Y12.53236
G01 X-1.69396 Y12.52446
G01 X-1.68894 Y12.51605
G01 X-1.66582 Y12.47282
G01 X-1.65833 Y12.45471
G01 X-1.64410 Y12.40782
G01 X-1.64172 Y12.39829
G01 X-1.64027 Y12.38859
G01 X-1.63547 Y12.33982
G01 X-1.63499 Y12.33002
G01 X-1.63499 Y11.68001
G01 X-1.55553 Y11.68001
G01 X-1.53499 Y11.68001
G01 X-1.43499 Y11.68001
G01 X-1.33499 Y11.68001
G01 X-1.43499 Y11.68001
G01 X-1.53499 Y11.68001
G01 X-1.55553 Y11.68001
G01 X-1.63499 Y11.68001
G01 X-1.63547 Y11.67020
G01 X-1.64027 Y11.62143
G01 X-1.64172 Y11.61173
G01 X-1.64410 Y11.60221
G01 X-1.65833 Y11.55532
G01 X-1.66582 Y11.53721
G01 X-1.68894 Y11.49398
G01 X-1.69396 Y11.48557
G01 X-1.69981 Y11.47767
G01 X-1.73092 Y11.43980
G01 X-1.74476 Y11.42593
G01 X-1.78266 Y11.39484
G01 X-1.79054 Y11.38900
G01 X-1.79894 Y11.38394
G01 X-1.84217 Y11.36086
G01 X-1.86028 Y11.35334
G01 X-1.90720 Y11.33911
G01 X-1.91670 Y11.33673
G01 X-1.92643 Y11.33530
G01 X-1.97519 Y11.33050
G01 X-1.98500 Y11.33002
G01 X-2.88500 Y11.33002
G01 X-2.89480 Y11.33050
G01 X-2.94357 Y11.33530
G01 X-2.95327 Y11.33673
G01 X-2.96280 Y11.33911
G01 X-3.00968 Y11.35334
G01 X-3.02779 Y11.36086
G01 X-3.07103 Y11.38394
G01 X-3.07943 Y11.38900
G01 X-3.08731 Y11.39484
G01 X-3.12520 Y11.42593
G01 X-3.13907 Y11.43980
G01 X-3.17016 Y11.47767
G01 X-3.17600 Y11.48557
G01 X-3.18106 Y11.49398
G01 X-3.20415 Y11.53721
G01 X-3.21164 Y11.55532
G01 X-3.22589 Y11.60221
G01 X-3.22825 Y11.61173
G01 X-3.22970 Y11.62143
G01 X-3.23450 Y11.67020
G01 X-3.23498 Y11.68001
G01 X-3.23498 Y12.33002
G01 X-3.23450 Y12.33982
G01 X-3.22970 Y12.38859
G01 X-3.22825 Y12.39829
G01 X-3.22589 Y12.40782
G01 X-3.21192 Y12.45382
G01 X-3.21169 Y12.45572
G01 X-3.14563 Y12.75001
G01 X-3.40067 Y13.00502
G01 X-5.66927 Y13.00502
G01 X-6.03495 Y12.63934
G01 X-6.03495 Y11.60503
G01 X-6.03528 Y11.59718
G01 X-6.03896 Y11.55024
G01 X-6.04143 Y11.53474
G01 X-6.05240 Y11.48897
G01 X-6.05725 Y11.47404
G01 X-6.07529 Y11.43055
G01 X-6.08240 Y11.41656
G01 X-6.10699 Y11.37643
G01 X-6.11623 Y11.36373
G01 X-6.14679 Y11.32794
G01 X-6.15212 Y11.32217
G01 X-7.35214 Y10.12217
G01 X-7.35941 Y10.11557
G01 X-7.40488 Y10.07828
G01 X-7.42118 Y10.06739
G01 X-7.47305 Y10.03965
G01 X-7.49116 Y10.03216
G01 X-7.54742 Y10.01509
G01 X-7.56665 Y10.01125
G01 X-7.62519 Y10.00549
G01 X-7.63500 Y10.00500
G01 X-9.03500 Y10.00500
G01 X-9.04478 Y10.00549
G01 X-9.10332 Y10.01125
G01 X-9.11303 Y10.01270
G01 X-9.12255 Y10.01509
G01 X-9.17881 Y10.03216
G01 X-9.19692 Y10.03965
G01 X-9.24879 Y10.06739
G01 X-9.25722 Y10.07242
G01 X-9.26509 Y10.07828
G01 X-9.31056 Y10.11557
G01 X-9.31783 Y10.12217
G01 X-9.51782 Y10.32217
G01 X-9.52443 Y10.32944
G01 X-9.56172 Y10.37490
G01 X-9.56758 Y10.38278
G01 X-9.57261 Y10.39121
G01 X-9.60035 Y10.44308
G01 X-9.60784 Y10.46119
G01 X-9.62491 Y10.51745
G01 X-9.62730 Y10.52697
G01 X-9.62875 Y10.53668
G01 X-9.63451 Y10.59522
G01 X-9.63500 Y10.60500
G01 X-9.63500 Y14.13002
G01 X-9.63451 Y14.13982
G01 X-9.63162 Y14.16908
G01 X-9.63019 Y14.17878
G01 X-9.62781 Y14.18831
G01 X-9.61927 Y14.21645
G01 X-9.61595 Y14.22567
G01 X-9.61175 Y14.23456
G01 X-9.59791 Y14.26049
G01 X-9.58701 Y14.27678
G01 X-9.56835 Y14.29951
G01 X-9.56177 Y14.30680
G01 X-9.55450 Y14.31338
G01 X-9.53177 Y14.33205
G01 X-9.51546 Y14.34292
G01 X-9.48953 Y14.35679
G01 X-9.48066 Y14.36098
G01 X-9.47142 Y14.36428
G01 X-9.44328 Y14.37281
G01 X-9.42405 Y14.37665
G01 X-9.39479 Y14.37952
G01 X-9.38498 Y14.38000
G01 X-9.08498 Y14.38000
G01 X-9.07518 Y14.37952
G01 X-9.04592 Y14.37665
G01 X-9.02669 Y14.37281
G01 X-8.99855 Y14.36428
G01 X-8.98933 Y14.36098
G01 X-8.98044 Y14.35679
G01 X-8.95450 Y14.34292
G01 X-8.93822 Y14.33205
G01 X-8.91549 Y14.31338
G01 X-8.90820 Y14.30680
G01 X-8.90162 Y14.29951
G01 X-8.88298 Y14.27678
G01 X-8.87208 Y14.26049
G01 X-8.85821 Y14.23456
G01 X-8.85402 Y14.22567
G01 X-8.85072 Y14.21645
G01 X-8.84218 Y14.18831
G01 X-8.83980 Y14.17878
G01 X-8.83835 Y14.16908
G01 X-8.83548 Y14.13982
G01 X-8.83500 Y14.13002
G01 X-8.83497 Y10.80503
G01 X-8.64119 Y10.80503
G01 X-8.65412 Y10.80965
G01 X-8.65646 Y10.81054
G01 X-8.68735 Y10.82337
G01 X-8.68953 Y10.82433
G01 X-8.71894 Y10.83825
G01 X-8.72120 Y10.83939
G01 X-8.75809 Y10.85916
G01 X-8.76017 Y10.86032
G01 X-8.76162 Y10.86121
G01 X-8.76799 Y10.86576
G01 X-8.77360 Y10.87125
G01 X-8.77828 Y10.87755
G01 X-8.78699 Y10.87107
G01 X-8.77828 Y10.87755
G01 X-8.78191 Y10.88450
G01 X-8.78440 Y10.89195
G01 X-8.79141 Y10.91991
G01 X-8.79194 Y10.92227
G01 X-8.79934 Y10.95926
G01 X-8.79974 Y10.96170
G01 X-8.80411 Y10.99111
G01 X-8.80442 Y10.99352
G01 X-8.80787 Y11.02860
G01 X-8.80805 Y11.03106
G01 X-8.80850 Y11.03101
G01 X-8.80805 Y11.03106
G01 X-8.80950 Y11.06045
G01 X-8.80952 Y11.06167
G01 X-8.80995 Y11.07879
G01 X-8.80998 Y11.08001
G01 X-8.80998 Y14.12948
G01 X-8.81036 Y14.14528
G01 X-8.81170 Y14.17286
G01 X-8.81493 Y14.20550
G01 X-8.81892 Y14.23245
G01 X-8.82583 Y14.26702
G01 X-8.83261 Y14.29407
G01 X-8.84409 Y14.33187
G01 X-8.85379 Y14.35897
G01 X-8.87175 Y14.40218
G01 X-8.87528 Y14.40967
G01 X-8.90736 Y14.43111
G01 X-8.93329 Y14.44498
G01 X-8.95105 Y14.45338
G01 X-8.96952 Y14.45999
G01 X-8.99766 Y14.46852
G01 X-9.03611 Y14.47617
G01 X-9.06537 Y14.47906
G01 X-9.08498 Y14.48000
G01 X-9.38498 Y14.48000
G01 X-9.40459 Y14.47906
G01 X-9.43385 Y14.47617
G01 X-9.47231 Y14.46852
G01 X-9.50045 Y14.45999
G01 X-9.51892 Y14.45338
G01 X-9.53624 Y14.44518
G01 X-9.52425 Y14.45973
G01 X-9.48704 Y14.50060
G01 X-9.46520 Y14.52239
G01 X-9.41394 Y14.56857
G01 X-9.40088 Y14.57924
G01 X-9.38498 Y14.58000
G01 X-9.08498 Y14.58000
G01 X-9.05557 Y14.57858
G01 X-9.02631 Y14.57568
G01 X-8.96863 Y14.56420
G01 X-8.96571 Y14.56331
G01 X-8.92796 Y14.50703
G01 X-8.91160 Y14.47975
G01 X-8.88460 Y14.42938
G01 X-8.87528 Y14.40967
G01 X-8.88460 Y14.42938
G01 X-8.91160 Y14.47975
G01 X-8.92796 Y14.50703
G01 X-8.96885 Y14.56804
G01 X-8.98968 Y14.59611
G01 X-9.00121 Y14.61112
G01 X-9.03355 Y14.62582
G01 X-9.03622 Y14.62694
G01 X-9.03705 Y14.62730
G01 X-9.06537 Y14.63979
G01 X-9.06621 Y14.64017
G01 X-9.11297 Y14.66184
G01 X-9.11330 Y14.66199
G01 X-9.15140 Y14.68000
G01 X-9.26774 Y14.68000
G01 X-9.35476 Y14.61564
G01 X-9.38806 Y14.58976
G01 X-9.40088 Y14.57924
G01 X-9.41394 Y14.56857
G01 X-9.46520 Y14.52239
G01 X-9.48704 Y14.50060
G01 X-9.52425 Y14.45973
G01 X-9.53624 Y14.44518
G01 X-9.54295 Y14.43705
G01 X-9.57040 Y14.40017
G01 X-9.58615 Y14.37667
G01 X-9.60695 Y14.34211
G01 X-9.61996 Y14.31787
G01 X-9.63566 Y14.28480
G01 X-9.64521 Y14.26182
G01 X-9.65100 Y14.23250
G01 X-9.65501 Y14.20548
G01 X-9.65821 Y14.17302
G01 X-9.65956 Y14.14543
G01 X-9.65996 Y14.12946
G01 X-9.65996 Y11.08001
G01 X-9.65984 Y11.07879
G01 X-9.66042 Y11.06152
G01 X-9.66047 Y11.06027
G01 X-9.66192 Y11.03088
G01 X-9.66210 Y11.02842
G01 X-9.66555 Y10.99352
G01 X-9.66586 Y10.99111
G01 X-9.67020 Y10.96170
G01 X-9.67063 Y10.95926
G01 X-9.67797 Y10.92243
G01 X-9.67851 Y10.92006
G01 X-9.67792 Y10.91994
G01 X-9.67851 Y10.92006
G01 X-9.68585 Y10.89065
G01 X-9.68653 Y10.88824
G01 X-9.69883 Y10.84780
G01 X-9.69959 Y10.84549
G01 X-9.71010 Y10.81608
G01 X-9.71102 Y10.81374
G01 X-9.72986 Y10.76838
G01 X-9.73085 Y10.76617
G01 X-9.73499 Y10.75740
G01 X-9.73499 Y10.60500
G01 X-9.73403 Y10.58542
G01 X-9.72826 Y10.52687
G01 X-9.72537 Y10.50747
G01 X-9.72062 Y10.48844
G01 X-9.70352 Y10.43216
G01 X-9.68854 Y10.39594
G01 X-9.66080 Y10.34407
G01 X-9.65455 Y10.33363
G01 X-9.65402 Y10.33284
G01 X-9.64627 Y10.32126
G01 X-9.63903 Y10.31146
G01 X-9.60172 Y10.26601
G01 X-9.58854 Y10.25146
G01 X-9.38854 Y10.05146
G01 X-9.37398 Y10.03828
G01 X-9.32854 Y10.00097
G01 X-9.31277 Y9.98928
G01 X-9.29593 Y9.97920
G01 X-9.24406 Y9.95146
G01 X-9.20784 Y9.93648
G01 X-9.15156 Y9.91938
G01 X-9.14457 Y9.91763
G01 X-9.11407 Y9.91463
G01 X-9.08252 Y9.91308
G01 X-9.08125 Y9.91301
G01 X-9.03195 Y9.90932
G01 X-9.02928 Y9.90920
G01 X-9.02682 Y9.90899
G01 X-8.98630 Y9.90500
G01 X-8.97807 Y9.90419
G01 X-8.97566 Y9.90389
G01 X-8.94625 Y9.89954
G01 X-8.94381 Y9.89911
G01 X-8.89276 Y9.88893
G01 X-8.89039 Y9.88839
G01 X-8.89022 Y9.88908
G01 X-8.89039 Y9.88839
G01 X-8.86098 Y9.88103
G01 X-8.85859 Y9.88037
G01 X-8.80370 Y9.86368
G01 X-8.80142 Y9.86292
G01 X-8.77203 Y9.85240
G01 X-8.76967 Y9.85151
G01 X-8.70828 Y9.82599
G01 X-8.70607 Y9.82502
G01 X-8.67665 Y9.81110
G01 X-8.67442 Y9.80998
G01 X-8.66512 Y9.80500
G01 X-7.63500 Y9.80500
G01 X-7.60559 Y9.80645
G01 X-7.54706 Y9.81222
G01 X-7.48938 Y9.82370
G01 X-7.43309 Y9.84077
G01 X-7.37876 Y9.86327
G01 X-7.32690 Y9.89101
G01 X-7.27800 Y9.92367
G01 X-7.23254 Y9.96099
G01 X-7.21072 Y9.98075
G01 X-6.72736 Y10.46411
G01 X-6.66106 Y10.62415
G01 X-6.66058 Y10.62527
G01 X-6.64889 Y10.65169
G01 X-6.64836 Y10.65281
G01 X-6.62167 Y10.70930
G01 X-6.62057 Y10.71145
G01 X-6.62085 Y10.71161
G01 X-6.62057 Y10.71145
G01 X-6.61958 Y10.71328
G01 X-7.28143 Y10.05146
G01 X-7.29599 Y10.03828
G01 X-7.34145 Y10.00097
G01 X-7.37404 Y9.97920
G01 X-7.42591 Y9.95146
G01 X-7.46213 Y9.93648
G01 X-7.51841 Y9.91938
G01 X-7.55687 Y9.91174
G01 X-7.61539 Y9.90597
G01 X-7.63500 Y9.90500
G01 X-8.98630 Y9.90500
G01 X-9.02682 Y9.90899
G01 X-9.02928 Y9.90920
G01 X-9.03195 Y9.90932
G01 X-9.08125 Y9.91301
G01 X-9.08252 Y9.91308
G01 X-9.11407 Y9.91463
G01 X-9.14457 Y9.91763
G01 X-9.15156 Y9.91938
G01 X-9.20784 Y9.93648
G01 X-9.24406 Y9.95146
G01 X-9.29593 Y9.97920
G01 X-9.31277 Y9.98928
G01 X-9.32854 Y10.00097
G01 X-9.37398 Y10.03828
G01 X-9.38854 Y10.05146
G01 X-9.58854 Y10.25146
G01 X-9.60172 Y10.26601
G01 X-9.63903 Y10.31146
G01 X-9.64627 Y10.32126
G01 X-9.65402 Y10.33284
G01 X-9.65455 Y10.33363
G01 X-9.66080 Y10.34407
G01 X-9.68854 Y10.39594
G01 X-9.70352 Y10.43216
G01 X-9.72062 Y10.48844
G01 X-9.72537 Y10.50747
G01 X-9.72826 Y10.52687
G01 X-9.73403 Y10.58542
G01 X-9.73499 Y10.60500
G01 X-9.73499 Y10.75740
G01 X-9.74475 Y10.73678
G01 X-9.74589 Y10.73452
G01 X-9.77406 Y10.68199
G01 X-9.77523 Y10.67993
G01 X-9.79232 Y10.65141
G01 X-9.78077 Y10.62517
G01 X-9.77995 Y10.62321
G01 X-9.77261 Y10.60442
G01 X-9.76928 Y10.59604
G01 X-9.74615 Y10.53950
G01 X-9.72636 Y10.49167
G01 X-9.72593 Y10.49055
G01 X-9.71706 Y10.46759
G01 X-9.71663 Y10.46647
G01 X-9.70548 Y10.43531
G01 X-9.68767 Y10.39228
G01 X-9.67663 Y10.36894
G01 X-9.66342 Y10.34689
G01 X-9.65455 Y10.33363
G01 X-9.65402 Y10.33284
G01 X-9.64627 Y10.32126
G01 X-9.63743 Y10.30803
G01 X-9.61429 Y10.27681
G01 X-9.60683 Y10.26713
G01 X-9.60639 Y10.26657
G01 X-9.59918 Y10.25697
G01 X-9.58854 Y10.24323
G01 X-9.56926 Y10.21923
G01 X-9.56558 Y10.21400
G01 X-9.49306 Y10.09540
G01 X-9.49273 Y10.09558
G01 X-9.49306 Y10.09540
G01 X-9.49022 Y10.09009
G01 X-9.45925 Y10.02225
G01 X-9.45852 Y10.02057
G01 X-9.44543 Y9.98895
G01 X-9.43190 Y9.98501
G01 X-9.43134 Y9.98484
G01 X-9.40088 Y9.97559
G01 X-9.40007 Y9.97536
G01 X-9.37889 Y9.96853
G01 X-9.37807 Y9.96825
G01 X-9.36979 Y9.96543
G01 X-9.32321 Y9.95166
G01 X-9.26659 Y9.93749
G01 X-9.21701 Y9.92761
G01 X-9.16062 Y9.91923
G01 X-9.14457 Y9.91763
G01 X-9.11407 Y9.91463
G01 X-9.08252 Y9.91308
G01 X-9.08125 Y9.91301
G01 X-9.03195 Y9.90932
G01 X-9.02928 Y9.90920
G01 X-9.02682 Y9.90899
G01 X-8.98630 Y9.90500
G01 X-8.97807 Y9.90419
G01 X-8.97566 Y9.90389
G01 X-8.94625 Y9.89954
G01 X-8.94381 Y9.89911
G01 X-8.89276 Y9.88893
G01 X-8.89039 Y9.88839
G01 X-8.86098 Y9.88103
G01 X-8.85859 Y9.88037
G01 X-8.80370 Y9.86368
G01 X-8.80142 Y9.86292
G01 X-8.77203 Y9.85240
G01 X-8.76967 Y9.85151
G01 X-8.70828 Y9.82599
G01 X-8.70607 Y9.82502
G01 X-8.67665 Y9.81110
G01 X-8.67442 Y9.80998
G01 X-8.66512 Y9.80500
G01 X-8.60457 Y9.77252
G01 X-8.60249 Y9.77132
G01 X-8.57307 Y9.75372
G01 X-8.57094 Y9.75235
G01 X-8.50033 Y9.70500
G01 X-7.63500 Y9.70500
G01 X-7.59578 Y9.70694
G01 X-7.53726 Y9.71270
G01 X-7.46035 Y9.72799
G01 X-7.40406 Y9.74509
G01 X-7.33162 Y9.77508
G01 X-7.27975 Y9.80279
G01 X-7.21455 Y9.84636
G01 X-7.16911 Y9.88367
G01 X-7.14003 Y9.91003
G01 X-6.82736 Y10.22268
G01 X-6.66106 Y10.62415
G01 X-6.66058 Y10.62527
G01 X-6.64889 Y10.65169
G01 X-6.64836 Y10.65281
G01 X-6.62167 Y10.70930
G01 X-6.62057 Y10.71145
G01 X-6.61958 Y10.71328
G01 X-6.59726 Y10.75514
G01 X-6.59601 Y10.75733
G01 X-6.56485 Y10.80930
G01 X-6.56355 Y10.81135
G01 X-6.53975 Y10.84699
G01 X-6.53833 Y10.84902
G01 X-6.50292 Y10.89677
G01 X-6.50142 Y10.89870
G01 X-6.47638 Y10.92923
G01 X-6.47475 Y10.93109
G01 X-6.47508 Y10.93134
G01 X-6.47475 Y10.93109
G01 X-6.43520 Y10.97473
G01 X-6.43439 Y10.97561
G01 X-6.42116 Y10.98951
G01 X-6.42029 Y10.99040
G01 X-6.12063 Y11.29007
G01 X-6.11077 Y11.30033
G01 X-6.07978 Y11.33383
G01 X-6.06071 Y11.35618
G01 X-6.03256 Y11.39187
G01 X-6.01819 Y11.41150
G01 X-5.99888 Y11.45181
G01 X-5.98634 Y11.48087
G01 X-5.96993 Y11.52337
G01 X-5.95921 Y11.55471
G01 X-5.94567 Y11.60007
G01 X-5.94074 Y11.61788
G01 X-5.93495 Y11.64048
G01 X-5.83495 Y12.03134
G01 X-5.78496 Y12.22682
G01 X-5.78496 Y12.33002
G01 X-5.78494 Y12.33126
G01 X-5.78397 Y12.37053
G01 X-5.78392 Y12.37175
G01 X-5.78151 Y12.42077
G01 X-5.78133 Y12.42324
G01 X-5.77346 Y12.50309
G01 X-5.77519 Y12.50350
G01 X-5.77346 Y12.50309
G01 X-5.77315 Y12.50551
G01 X-5.77145 Y12.51706
G01 X-5.76906 Y12.52656
G01 X-5.76487 Y12.53543
G01 X-5.74501 Y12.56855
G01 X-5.74372 Y12.57061
G01 X-5.74438 Y12.57099
G01 X-5.74372 Y12.57061
G01 X-5.69987 Y12.63629
G01 X-5.69845 Y12.63830
G01 X-5.66896 Y12.67810
G01 X-5.66744 Y12.68003
G01 X-5.62022 Y12.73764
G01 X-5.61859 Y12.73949
G01 X-5.59375 Y12.76690
G01 X-5.58649 Y12.77348
G01 X-5.58862 Y12.77627
G01 X-5.58649 Y12.77348
G01 X-5.57808 Y12.77853
G01 X-5.56604 Y12.78422
G01 X-5.56383 Y12.78521
G01 X-5.51608 Y12.80502
G01 X-5.49507 Y12.81376
G01 X-5.49274 Y12.81468
G01 X-5.44372 Y12.83223
G01 X-5.44140 Y12.83299
G01 X-5.38037 Y12.85153
G01 X-5.37796 Y12.85222
G01 X-5.32896 Y12.86449
G01 X-5.32903 Y12.86479
G01 X-5.32896 Y12.86449
G01 X-5.32660 Y12.86502
G01 X-5.27112 Y12.87607
G01 X-5.26868 Y12.87650
G01 X-5.21969 Y12.88376
G01 X-5.21725 Y12.88404
G01 X-5.16467 Y12.88925
G01 X-5.16221 Y12.88943
G01 X-5.16223 Y12.88971
G01 X-5.16221 Y12.88943
G01 X-5.11321 Y12.89184
G01 X-5.11199 Y12.89187
G01 X-5.08621 Y12.89250
G01 X-5.08499 Y12.89253
G01 X-4.18499 Y12.89253
G01 X-4.18375 Y12.89250
G01 X-4.15797 Y12.89187
G01 X-4.15675 Y12.89184
G01 X-4.10775 Y12.88943
G01 X-4.10529 Y12.88925
G01 X-4.10526 Y12.88953
G01 X-4.10529 Y12.88925
G01 X-4.05276 Y12.88407
G01 X-4.05032 Y12.88376
G01 X-4.00130 Y12.87650
G01 X-3.99886 Y12.87607
G01 X-3.94329 Y12.86499
G01 X-3.94090 Y12.86446
G01 X-3.94082 Y12.86476
G01 X-3.94090 Y12.86446
G01 X-3.89193 Y12.85219
G01 X-3.88952 Y12.85153
G01 X-3.82856 Y12.83299
G01 X-3.82624 Y12.83223
G01 X-3.77722 Y12.81468
G01 X-3.77488 Y12.81376
G01 X-3.75383 Y12.80502
G01 X-3.70613 Y12.78521
G01 X-3.70392 Y12.78422
G01 X-3.65492 Y12.76106
G01 X-3.65269 Y12.75991
G01 X-3.57227 Y12.71681
G01 X-3.57019 Y12.71564
G01 X-3.55251 Y12.70502
G01 X-3.52492 Y12.70502
G01 X-3.52177 Y12.71264
G01 X-3.52492 Y12.70502
G01 X-3.47450 Y12.65463
G01 X-3.46092 Y12.65857
G01 X-3.47450 Y12.65463
G01 X-3.48860 Y12.59179
G01 X-3.48573 Y12.55669
G01 X-3.48560 Y12.55445
G01 X-3.48499 Y12.53802
G01 X-3.48497 Y12.53617
G01 X-3.48497 Y11.43500
G01 X-3.46871 Y11.39578
G01 X-3.44562 Y11.35255
G01 X-3.42543 Y11.31890
G01 X-3.40206 Y11.28737
G01 X-3.37097 Y11.24948
G01 X-3.31553 Y11.19403
G01 X-3.27763 Y11.16294
G01 X-3.24611 Y11.13955
G01 X-3.21243 Y11.11938
G01 X-3.16922 Y11.09626
G01 X-3.09678 Y11.06627
G01 X-3.04987 Y11.05204
G01 X-3.01179 Y11.04249
G01 X-2.97296 Y11.03675
G01 X-2.92419 Y11.03193
G01 X-2.88517 Y11.03002
G01 X-1.98479 Y11.03002
G01 X-1.94578 Y11.03193
G01 X-1.89701 Y11.03675
G01 X-1.85818 Y11.04249
G01 X-1.82010 Y11.05204
G01 X-1.77321 Y11.06627
G01 X-1.70075 Y11.09626
G01 X-1.65754 Y11.11938
G01 X-1.62386 Y11.13955
G01 X-1.59234 Y11.16294
G01 X-1.56577 Y11.18473
G01 X-1.55444 Y11.19403
G01 X-1.49899 Y11.24948
G01 X-1.46790 Y11.28737
G01 X-1.44454 Y11.31890
G01 X-1.42434 Y11.35255
G01 X-1.40125 Y11.39578
G01 X-1.37123 Y11.46822
G01 X-1.35701 Y11.51514
G01 X-1.34748 Y11.55321
G01 X-1.34172 Y11.59202
G01 X-1.33692 Y11.64082
G01 X-1.33499 Y11.68001
G01 X-1.33499 Y12.33002
G01 X-1.33692 Y12.36921
G01 X-1.34172 Y12.41800
G01 X-1.34748 Y12.45682
G01 X-1.35701 Y12.49489
G01 X-1.37123 Y12.54180
G01 X-1.39803 Y12.60647
G01 X-1.42772 Y12.61475
G01 X-1.42810 Y12.61485
G01 X-1.52180 Y12.64180
G01 X-1.52353 Y12.64234
G01 X-1.53562 Y12.64627
G01 X-1.57875 Y12.66040
G01 X-1.58053 Y12.66101
G01 X-1.64172 Y12.68361
G01 X-1.64205 Y12.68374
G01 X-1.68995 Y12.70180
G01 X-1.71365 Y12.71013
G01 X-1.73963 Y12.71859
G01 X-1.74177 Y12.71932
G01 X-1.78556 Y12.73581
G01 X-1.78769 Y12.73665
G01 X-1.78921 Y12.73731
G01 X-1.82434 Y12.75077
G01 X-1.84504 Y12.75783
G01 X-1.84680 Y12.75847
G01 X-1.88043 Y12.77137
G01 X-1.88203 Y12.77200
G01 X-1.93946 Y12.79634
G01 X-1.94664 Y12.80010
G01 X-1.95312 Y12.80495
G01 X-1.95508 Y12.80220
G01 X-1.95312 Y12.80495
G01 X-1.95871 Y12.81079
G01 X-1.99572 Y12.85623
G01 X-1.99605 Y12.85664
G01 X-2.03049 Y12.89987
G01 X-2.03102 Y12.90058
G01 X-2.04151 Y12.91422
G01 X-2.04202 Y12.91490
G01 X-2.04784 Y12.92273
G01 X-2.06557 Y12.94229
G01 X-2.08162 Y12.95915
G01 X-2.38568 Y13.26321
G01 X-2.38611 Y13.26365
G01 X-2.39859 Y13.27645
G01 X-2.39902 Y13.27685
G01 X-2.43864 Y13.31843
G01 X-2.44961 Y13.32842
G01 X-2.45002 Y13.32880
G01 X-2.45845 Y13.33662
G01 X-2.45886 Y13.33703
G01 X-2.46737 Y13.34513
G01 X-2.46783 Y13.34556
G01 X-2.47659 Y13.35410
G01 X-2.47702 Y13.35453
G01 X-2.88080 Y13.75834
G01 X-2.89772 Y13.77444
G01 X-2.91728 Y13.79214
G01 X-2.93798 Y13.80751
G01 X-2.95137 Y13.81645
G01 X-2.96343 Y13.82450
G01 X-2.97684 Y13.83347
G01 X-2.99686 Y13.84546
G01 X-2.99831 Y13.84637
G01 X-3.05429 Y13.88259
G01 X-3.06935 Y13.89169
G01 X-3.07166 Y13.89319
G01 X-3.12256 Y13.92788
G01 X-3.12472 Y13.92943
G01 X-3.15858 Y13.95524
G01 X-3.17532 Y13.96758
G01 X-3.22292 Y14.00157
G01 X-3.22335 Y14.00187
G01 X-3.22713 Y14.00464
G01 X-3.23498 Y14.00505
G01 X-4.31070 Y14.00505
G01 X-3.23498 Y14.00505
G01 X-3.22713 Y14.00464
G01 X-3.26445 Y14.03189
G01 X-3.26927 Y14.03591
G01 X-3.34258 Y14.10505
G01 X-4.14567 Y14.10505
G01 X-4.18215 Y14.07718
G01 X-4.18809 Y14.07327
G01 X-4.30544 Y14.00766
G01 X-4.30905 Y14.00581
G01 X-4.31070 Y14.00505
G01 X-4.37892 Y13.97391
G01 X-4.38532 Y13.97149
G01 X-4.54811 Y13.92262
G01 X-4.54796 Y13.92201
G01 X-4.54811 Y13.92262
G01 X-4.55538 Y13.92102
G01 X-4.62523 Y13.91097
G01 X-4.62876 Y13.91058
G01 X-4.70071 Y13.90528
G01 X-4.70432 Y13.90528
G01 X-5.83432 Y13.90528
G01 X-5.85774 Y13.90472
G01 X-5.88405 Y13.90342
G01 X-5.90953 Y13.89964
G01 X-5.92517 Y13.89651
G01 X-5.93952 Y13.89367
G01 X-5.95545 Y13.89049
G01 X-5.98034 Y13.88427
G01 X-6.00465 Y13.87556
G01 X-6.04770 Y13.85773
G01 X-6.07104 Y13.84670
G01 X-6.09307 Y13.83350
G01 X-6.10650 Y13.82450
G01 X-6.11857 Y13.81645
G01 X-6.13195 Y13.80751
G01 X-6.15266 Y13.79214
G01 X-6.17219 Y13.77444
G01 X-6.18910 Y13.75836
G01 X-6.78821 Y13.15925
G01 X-6.80439 Y13.14226
G01 X-6.82207 Y13.12273
G01 X-6.83741 Y13.10205
G01 X-6.84633 Y13.08869
G01 X-6.85415 Y13.07701
G01 X-6.85448 Y13.07650
G01 X-6.86340 Y13.06319
G01 X-6.87663 Y13.04107
G01 X-6.88796 Y13.01711
G01 X-6.89555 Y13.00022
G01 X-6.90528 Y12.97528
G01 X-6.91420 Y12.95039
G01 X-6.92042 Y12.92555
G01 X-6.92360 Y12.90960
G01 X-6.92492 Y12.90284
G01 X-6.92642 Y12.89542
G01 X-6.92956 Y12.87962
G01 X-6.93335 Y12.85410
G01 X-6.93464 Y12.82778
G01 X-6.93520 Y12.80439
G01 X-6.93520 Y11.98796
G01 X-6.93523 Y11.98664
G01 X-6.93597 Y11.95971
G01 X-6.93602 Y11.95837
G01 X-6.93744 Y11.93185
G01 X-6.93790 Y11.92720
G01 X-6.93757 Y11.92717
G01 X-6.93790 Y11.92720
G01 X-6.95194 Y11.83233
G01 X-6.95382 Y11.82430
G01 X-6.95700 Y11.81671
G01 X-6.95408 Y11.81539
G01 X-6.95700 Y11.81671
G01 X-6.96137 Y11.80973
G01 X-7.00757 Y11.74795
G01 X-7.00980 Y11.74516
G01 X-7.05705 Y11.69060
G01 X-7.05677 Y11.69032
G01 X-7.05705 Y11.69060
G01 X-7.05974 Y11.68773
G01 X-7.06739 Y11.68019
G01 X-7.06774 Y11.67983
G01 X-7.07412 Y11.67368
G01 X-7.07716 Y11.67096
G01 X-7.14069 Y11.61887
G01 X-7.14389 Y11.61646
G01 X-7.20221 Y11.57597
G01 X-7.20185 Y11.57538
G01 X-7.20221 Y11.57597
G01 X-7.20863 Y11.57218
G01 X-7.36792 Y11.49383
G01 X-7.37419 Y11.49123
G01 X-7.40879 Y11.47970
G01 X-7.59258 Y11.29593
G01 X-7.40879 Y11.47970
G01 X-7.44833 Y11.46657
G01 X-7.45128 Y11.46568
G01 X-7.53106 Y11.44450
G01 X-7.59258 Y11.29593
G01 X-7.68996 Y11.06088
G01 X-7.69045 Y11.05976
G01 X-7.69289 Y11.05420
G01 X-7.70089 Y11.03617
G01 X-7.70139 Y11.03505
G01 X-7.71476 Y11.00683
G01 X-7.71585 Y11.00467
G01 X-7.73723 Y10.96459
G01 X-7.73845 Y10.96243
G01 X-7.75405 Y10.93642
G01 X-7.75369 Y10.93619
G01 X-7.75405 Y10.93642
G01 X-7.75534 Y10.93436
G01 X-7.77798 Y10.90046
G01 X-7.77942 Y10.89840
G01 X-7.80005 Y10.87064
G01 X-7.80490 Y10.86502
G01 X-7.81054 Y10.86017
G01 X-7.81684 Y10.85623
G01 X-7.81503 Y10.85395
G01 X-7.81684 Y10.85623
G01 X-7.84902 Y10.83924
G01 X-7.85100 Y10.83825
G01 X-7.88041 Y10.82433
G01 X-7.88262 Y10.82337
G01 X-7.91359 Y10.81051
G01 X-7.91592 Y10.80960
G01 X-7.92875 Y10.80503
G01 X-7.91592 Y10.80960
G01 X-7.91359 Y10.81051
G01 X-7.88262 Y10.82337
G01 X-7.88041 Y10.82433
G01 X-7.85100 Y10.83825
G01 X-7.84902 Y10.83924
G01 X-7.81684 Y10.85623
G01 X-7.81054 Y10.86017
G01 X-7.80490 Y10.86502
G01 X-7.80005 Y10.87064
G01 X-7.77942 Y10.89840
G01 X-7.77798 Y10.90046
G01 X-7.75534 Y10.93436
G01 X-7.75405 Y10.93642
G01 X-7.73845 Y10.96243
G01 X-7.73723 Y10.96459
G01 X-7.71585 Y11.00467
G01 X-7.71476 Y11.00683
G01 X-7.70139 Y11.03505
G01 X-7.70089 Y11.03617
G01 X-7.69289 Y11.05420
G01 X-7.05677 Y11.69032
G01 X-6.93498 Y11.81211
G01 X-6.92736 Y11.80896
G01 X-6.93498 Y11.81211
G01 X-6.93498 Y12.80502
G01 X-6.93401 Y12.82463
G01 X-6.92824 Y12.88318
G01 X-6.92642 Y12.89542
G01 X-6.92492 Y12.90284
G01 X-6.92360 Y12.90960
G01 X-6.92060 Y12.92161
G01 X-6.90350 Y12.97790
G01 X-6.88852 Y13.01412
G01 X-6.86078 Y13.06598
G01 X-6.85448 Y13.07650
G01 X-6.85415 Y13.07701
G01 X-6.84633 Y13.08869
G01 X-6.83901 Y13.09860
G01 X-6.80170 Y13.14404
G01 X-6.78852 Y13.15859
G01 X-6.18852 Y13.75859
G01 X-6.17397 Y13.77177
G01 X-6.12853 Y13.80909
G01 X-6.11857 Y13.81645
G01 X-6.10650 Y13.82450
G01 X-6.09591 Y13.83085
G01 X-6.04404 Y13.85859
G01 X-6.00782 Y13.87358
G01 X-5.95154 Y13.89067
G01 X-5.93952 Y13.89367
G01 X-5.92517 Y13.89651
G01 X-5.91311 Y13.89832
G01 X-5.85456 Y13.90408
G01 X-5.83498 Y13.90505
G01 X-3.23498 Y13.90505
G01 X-3.21537 Y13.90408
G01 X-3.15683 Y13.89832
G01 X-3.13742 Y13.89542
G01 X-3.11840 Y13.89067
G01 X-3.06211 Y13.87358
G01 X-3.02589 Y13.85859
G01 X-2.97402 Y13.83085
G01 X-2.96343 Y13.82450
G01 X-2.95137 Y13.81645
G01 X-2.94141 Y13.80909
G01 X-2.89597 Y13.77177
G01 X-2.88141 Y13.75859
G01 X-2.08142 Y12.95859
G01 X-2.06823 Y12.94404
G01 X-2.03092 Y12.89860
G01 X-2.01924 Y12.88282
G01 X-2.00915 Y12.86598
G01 X-1.98142 Y12.81412
G01 X-1.97806 Y12.80599
G01 X-1.95241 Y12.77777
G01 X-1.95607 Y12.77246
G01 X-1.95241 Y12.77777
G01 X-1.91662 Y12.77424
G01 X-1.89719 Y12.77137
G01 X-1.87817 Y12.76659
G01 X-1.83125 Y12.75237
G01 X-1.79503 Y12.73736
G01 X-1.75183 Y12.71427
G01 X-1.73499 Y12.70419
G01 X-1.71921 Y12.69248
G01 X-1.68134 Y12.66139
G01 X-1.65360 Y12.63368
G01 X-1.62251 Y12.59578
G01 X-1.61083 Y12.58003
G01 X-1.60075 Y12.56319
G01 X-1.57763 Y12.51996
G01 X-1.56262 Y12.48374
G01 X-1.54840 Y12.43685
G01 X-1.54362 Y12.41780
G01 X-1.54075 Y12.39840
G01 X-1.54073 Y12.39824
G01 X-1.53595 Y12.34963
G01 X-1.53499 Y12.33002
G01 X-1.53499 Y11.68001
G01 X-1.53595 Y11.66040
G01 X-1.54075 Y11.61163
G01 X-1.54362 Y11.59222
G01 X-1.54840 Y11.57317
G01 X-1.55843 Y11.54005
G01 X-1.56262 Y11.52629
G01 X-1.57763 Y11.49007
G01 X-1.60075 Y11.44684
G01 X-1.61083 Y11.43000
G01 X-1.62251 Y11.41425
G01 X-1.65360 Y11.37635
G01 X-1.68134 Y11.34864
G01 X-1.71921 Y11.31755
G01 X-1.73499 Y11.30584
G01 X-1.75183 Y11.29576
G01 X-1.79503 Y11.27267
G01 X-1.83125 Y11.25766
G01 X-1.87817 Y11.24343
G01 X-1.89719 Y11.23866
G01 X-1.91662 Y11.23579
G01 X-1.96539 Y11.23099
G01 X-1.98500 Y11.23002
G01 X-2.88500 Y11.23002
G01 X-2.90458 Y11.23099
G01 X-2.95337 Y11.23579
G01 X-2.97278 Y11.23866
G01 X-2.99183 Y11.24343
G01 X-3.03872 Y11.25766
G01 X-3.07494 Y11.27267
G01 X-3.11817 Y11.29576
G01 X-3.13498 Y11.30584
G01 X-3.15076 Y11.31755
G01 X-3.18865 Y11.34864
G01 X-3.21636 Y11.37635
G01 X-3.24745 Y11.41425
G01 X-3.25914 Y11.43000
G01 X-3.26925 Y11.44684
G01 X-3.29234 Y11.49007
G01 X-3.30735 Y11.52629
G01 X-3.32157 Y11.57317
G01 X-3.32635 Y11.59222
G01 X-3.32922 Y11.61163
G01 X-3.33402 Y11.66040
G01 X-3.33498 Y11.68001
G01 X-3.33498 Y12.33002
G01 X-3.33402 Y12.34963
G01 X-3.32922 Y12.39840
G01 X-3.32635 Y12.41780
G01 X-3.32157 Y12.43685
G01 X-3.30930 Y12.47729
G01 X-3.30925 Y12.47762
G01 X-3.25525 Y12.71821
G01 X-3.24199 Y12.72214
G01 X-3.25525 Y12.71821
G01 X-3.44207 Y12.90502
G01 X-3.43892 Y12.91264
G01 X-3.44207 Y12.90502
G01 X-5.62787 Y12.90502
G01 X-5.63102 Y12.91264
G01 X-5.62787 Y12.90502
G01 X-5.93495 Y12.59794
G01 X-5.94257 Y12.60109
G01 X-5.93495 Y12.59794
G01 X-5.93495 Y11.64048
G01 X-5.83495 Y12.03134
G01 X-5.83495 Y12.55651
G01 X-5.84257 Y12.55966
G01 X-5.83495 Y12.55651
G01 X-5.58644 Y12.80502
G01 X-5.58959 Y12.81264
G01 X-5.58644 Y12.80502
G01 X-5.51608 Y12.80502
G01 X-5.49507 Y12.81376
G01 X-5.49274 Y12.81468
G01 X-5.44372 Y12.83223
G01 X-5.44140 Y12.83299
G01 X-5.38037 Y12.85153
G01 X-5.37796 Y12.85222
G01 X-5.32896 Y12.86449
G01 X-5.32660 Y12.86502
G01 X-5.27112 Y12.87607
G01 X-5.26868 Y12.87650
G01 X-5.21969 Y12.88376
G01 X-5.21725 Y12.88404
G01 X-5.16467 Y12.88925
G01 X-5.16221 Y12.88943
G01 X-5.11321 Y12.89184
G01 X-5.11199 Y12.89187
G01 X-5.08621 Y12.89250
G01 X-5.08499 Y12.89253
G01 X-4.18499 Y12.89253
G01 X-4.18375 Y12.89250
G01 X-4.15797 Y12.89187
G01 X-4.15675 Y12.89184
G01 X-4.10775 Y12.88943
G01 X-4.10529 Y12.88925
G01 X-4.05276 Y12.88407
G01 X-4.05032 Y12.88376
G01 X-4.00130 Y12.87650
G01 X-3.99886 Y12.87607
G01 X-3.94329 Y12.86499
G01 X-3.94090 Y12.86446
G01 X-3.89193 Y12.85219
G01 X-3.88952 Y12.85153
G01 X-3.82856 Y12.83299
G01 X-3.82624 Y12.83223
G01 X-3.77722 Y12.81468
G01 X-3.77488 Y12.81376
G01 X-3.75383 Y12.80502
G01 X-3.48350 Y12.80502
G01 X-3.48035 Y12.81264
G01 X-3.48350 Y12.80502
G01 X-3.36488 Y12.68641
G01 X-3.35175 Y12.69032
G01 X-3.36488 Y12.68641
G01 X-3.40620 Y12.50238
G01 X-3.41728 Y12.46586
G01 X-3.42442 Y12.43731
G01 X-3.42873 Y12.40820
G01 X-3.43353 Y12.35941
G01 X-3.43498 Y12.33002
G01 X-3.43498 Y11.68001
G01 X-3.43353 Y11.65062
G01 X-3.42873 Y11.60183
G01 X-3.42442 Y11.57272
G01 X-3.41728 Y11.54414
G01 X-3.40303 Y11.49725
G01 X-3.38052 Y11.44292
G01 X-3.35744 Y11.39969
G01 X-3.34230 Y11.37445
G01 X-3.32475 Y11.35080
G01 X-3.29366 Y11.31293
G01 X-3.25208 Y11.27132
G01 X-3.21421 Y11.24023
G01 X-3.19056 Y11.22271
G01 X-3.16531 Y11.20757
G01 X-3.12208 Y11.18448
G01 X-3.06775 Y11.16195
G01 X-3.02084 Y11.14772
G01 X-2.99229 Y11.14059
G01 X-2.96318 Y11.13627
G01 X-2.91438 Y11.13147
G01 X-2.88500 Y11.13002
G01 X-1.98500 Y11.13002
G01 X-1.95558 Y11.13147
G01 X-1.90682 Y11.13627
G01 X-1.87768 Y11.14059
G01 X-1.84913 Y11.14772
G01 X-1.80222 Y11.16195
G01 X-1.74789 Y11.18448
G01 X-1.70468 Y11.20757
G01 X-1.67944 Y11.22271
G01 X-1.65579 Y11.24023
G01 X-1.61789 Y11.27132
G01 X-1.57631 Y11.31293
G01 X-1.56277 Y11.32939
G01 X-1.54522 Y11.35080
G01 X-1.52767 Y11.37445
G01 X-1.51253 Y11.39969
G01 X-1.48944 Y11.44292
G01 X-1.46694 Y11.49725
G01 X-1.45272 Y11.54414
G01 X-1.44555 Y11.57272
G01 X-1.44123 Y11.60183
G01 X-1.43643 Y11.65062
G01 X-1.43499 Y11.68001
G01 X-1.43499 Y12.33002
G01 X-1.43643 Y12.35941
G01 X-1.44123 Y12.40820
G01 X-1.44555 Y12.43731
G01 X-1.45272 Y12.46586
G01 X-1.46694 Y12.51277
G01 X-1.48944 Y12.56710
G01 X-1.51253 Y12.61033
G01 X-1.52767 Y12.63558
G01 X-1.53562 Y12.64627
G01 X-1.54073 Y12.39824
G01 X-1.55553 Y11.68001
G01 X-1.55843 Y11.54005
G01 X-1.56277 Y11.32939
G01 X-1.56577 Y11.18473
G01 X-1.57408 Y10.78209
G01 X-1.57685 Y10.64765
G01 X-1.57631 Y10.64712
G01 X-1.54522 Y10.60922
G01 X-1.52767 Y10.58557
G01 X-1.51253 Y10.56032
G01 X-1.48944 Y10.51709
G01 X-1.46694 Y10.46276
G01 X-1.45272 Y10.41587
G01 X-1.44555 Y10.38730
G01 X-1.44123 Y10.35819
G01 X-1.43643 Y10.30942
G01 X-1.43499 Y10.28001
G01 X-1.43499 Y9.63002
G01 X-1.43643 Y9.60061
G01 X-1.44123 Y9.55184
G01 X-1.44555 Y9.52271
G01 X-1.45272 Y9.49416
G01 X-1.46694 Y9.44725
G01 X-1.48944 Y9.39292
G01 X-1.51253 Y9.34971
G01 X-1.52767 Y9.32444
G01 X-1.54522 Y9.30081
G01 X-1.57631 Y9.26292
G01 X-1.60603 Y9.23317
G01 X-1.61789 Y9.22134
G01 X-1.62069 Y9.21903
G01 X-1.62180 Y9.21976
G01 X-1.62069 Y9.21903
G01 X-1.67547 Y9.09680
G01 X-1.68523 Y9.09678
G01 X-1.67547 Y9.09680
G01 X-1.61172 Y8.95736
G01 X-1.59219 Y8.91463
G01 X-1.59254 Y8.91443
G01 X-1.59219 Y8.91463
G01 X-1.57631 Y8.89711
G01 X-1.54522 Y8.85924
G01 X-1.52767 Y8.83559
G01 X-1.51253 Y8.81032
G01 X-1.48944 Y8.76711
G01 X-1.46694 Y8.71278
G01 X-1.45272 Y8.66587
G01 X-1.44555 Y8.63732
G01 X-1.44123 Y8.60818
G01 X-1.43643 Y8.55941
G01 X-1.43499 Y8.53000
G01 X-1.43499 Y7.83000
G01 X-1.43643 Y7.80061
G01 X-1.44123 Y7.75185
G01 X-1.44555 Y7.72271
G01 X-1.45272 Y7.69416
G01 X-1.46694 Y7.64725
G01 X-1.48944 Y7.59292
G01 X-1.51253 Y7.54971
G01 X-1.52767 Y7.52444
G01 X-1.54522 Y7.50079
G01 X-1.57631 Y7.46292
G01 X-1.61789 Y7.42134
G01 X-1.65579 Y7.39025
G01 X-1.67944 Y7.37270
G01 X-1.70468 Y7.35756
G01 X-1.74789 Y7.33447
G01 X-1.80222 Y7.31197
G01 X-1.84913 Y7.29775
G01 X-1.87768 Y7.29058
G01 X-1.90682 Y7.28626
G01 X-1.95558 Y7.28146
G01 X-1.98500 Y7.28002
G01 X-2.88500 Y7.28002
G01 X-2.91438 Y7.28146
G01 X-2.96318 Y7.28626
G01 X-2.99229 Y7.29058
G01 X-3.02084 Y7.29775
G01 X-3.06775 Y7.31197
G01 X-3.12208 Y7.33447
G01 X-3.16531 Y7.35756
G01 X-3.19056 Y7.37270
G01 X-3.21421 Y7.39025
G01 X-3.25208 Y7.42134
G01 X-3.29366 Y7.46292
G01 X-3.32475 Y7.50079
G01 X-3.34230 Y7.52444
G01 X-3.35744 Y7.54971
G01 X-3.38052 Y7.59292
G01 X-3.40303 Y7.64725
G01 X-3.41728 Y7.69416
G01 X-3.42442 Y7.72271
G01 X-3.42873 Y7.75185
G01 X-3.43353 Y7.80061
G01 X-3.43498 Y7.83000
G01 X-3.43498 Y8.53000
G01 X-3.43353 Y8.55941
G01 X-3.42873 Y8.60818
G01 X-3.42442 Y8.63732
G01 X-3.41728 Y8.66587
G01 X-3.40303 Y8.71278
G01 X-3.38052 Y8.76711
G01 X-3.35744 Y8.81032
G01 X-3.34230 Y8.83559
G01 X-3.32475 Y8.85924
G01 X-3.29366 Y8.89711
G01 X-3.27816 Y8.91423
G01 X-3.27781 Y8.91402
G01 X-3.27816 Y8.91423
G01 X-3.19452 Y9.09690
G01 X-3.18474 Y9.09688
G01 X-3.19452 Y9.09690
G01 X-3.24923 Y9.21900
G01 X-3.24811 Y9.21974
G01 X-3.24923 Y9.21900
G01 X-3.25208 Y9.22134
G01 X-3.29366 Y9.26292
G01 X-3.32475 Y9.30081
G01 X-3.34230 Y9.32444
G01 X-3.35744 Y9.34971
G01 X-3.38052 Y9.39292
G01 X-3.40303 Y9.44725
G01 X-3.41728 Y9.49416
G01 X-3.42442 Y9.52271
G01 X-3.42873 Y9.55184
G01 X-3.43353 Y9.60061
G01 X-3.43498 Y9.63002
G01 X-3.43498 Y10.28001
G01 X-3.43353 Y10.30942
G01 X-3.42873 Y10.35819
G01 X-3.42442 Y10.38730
G01 X-3.41728 Y10.41587
G01 X-3.40303 Y10.46276
G01 X-3.38052 Y10.51709
G01 X-3.35744 Y10.56032
G01 X-3.34230 Y10.58557
G01 X-3.32475 Y10.60922
G01 X-3.29366 Y10.64712
G01 X-3.25208 Y10.68870
G01 X-3.21421 Y10.71979
G01 X-3.19056 Y10.73731
G01 X-3.16531 Y10.75245
G01 X-3.12208 Y10.77556
G01 X-3.06775 Y10.79807
G01 X-3.02084 Y10.81229
G01 X-2.99229 Y10.81946
G01 X-2.96318 Y10.82377
G01 X-2.91438 Y10.82857
G01 X-2.88500 Y10.83002
G01 X-1.98500 Y10.83002
G01 X-1.95558 Y10.82857
G01 X-1.90682 Y10.82377
G01 X-1.87768 Y10.81946
G01 X-1.84913 Y10.81229
G01 X-1.80222 Y10.79807
G01 X-1.74789 Y10.77556
G01 X-1.70468 Y10.75245
G01 X-1.67944 Y10.73731
G01 X-1.65579 Y10.71979
G01 X-1.61789 Y10.68870
G01 X-1.57685 Y10.64765
G01 X-1.58040 Y10.47513
G01 X-1.57763 Y10.46995
G01 X-1.56262 Y10.43373
G01 X-1.54840 Y10.38684
G01 X-1.54362 Y10.36779
G01 X-1.54075 Y10.34839
G01 X-1.53595 Y10.29962
G01 X-1.53499 Y10.28001
G01 X-1.53499 Y9.63002
G01 X-1.53595 Y9.61042
G01 X-1.54075 Y9.56165
G01 X-1.54362 Y9.54222
G01 X-1.54840 Y9.52319
G01 X-1.56262 Y9.47628
G01 X-1.57763 Y9.44006
G01 X-1.60075 Y9.39685
G01 X-1.60273 Y9.39352
G01 X-1.61083 Y9.38001
G01 X-1.62251 Y9.36424
G01 X-1.65360 Y9.32637
G01 X-1.68134 Y9.29863
G01 X-1.70232 Y9.28141
G01 X-1.70357 Y9.28225
G01 X-1.70232 Y9.28141
G01 X-1.78520 Y9.09647
G01 X-1.79498 Y9.09642
G01 X-1.78520 Y9.09647
G01 X-1.67491 Y8.85558
G01 X-1.67532 Y8.85535
G01 X-1.67491 Y8.85558
G01 X-1.66679 Y8.84821
G01 X-1.65360 Y8.83366
G01 X-1.62251 Y8.79579
G01 X-1.61525 Y8.78598
G01 X-1.61083 Y8.78001
G01 X-1.60075 Y8.76317
G01 X-1.57763 Y8.71997
G01 X-1.56262 Y8.68375
G01 X-1.54840 Y8.63683
G01 X-1.54362 Y8.61781
G01 X-1.54075 Y8.59838
G01 X-1.53595 Y8.54961
G01 X-1.53499 Y8.53000
G01 X-1.53499 Y7.83000
G01 X-1.53595 Y7.81042
G01 X-1.54075 Y7.76163
G01 X-1.54362 Y7.74222
G01 X-1.54840 Y7.72320
G01 X-1.56262 Y7.67628
G01 X-1.57763 Y7.64006
G01 X-1.60075 Y7.59683
G01 X-1.61083 Y7.58002
G01 X-1.62251 Y7.56424
G01 X-1.65360 Y7.52635
G01 X-1.68134 Y7.49863
G01 X-1.71921 Y7.46754
G01 X-1.73499 Y7.45586
G01 X-1.75183 Y7.44575
G01 X-1.79503 Y7.42266
G01 X-1.83125 Y7.40765
G01 X-1.87817 Y7.39343
G01 X-1.89719 Y7.38865
G01 X-1.91662 Y7.38578
G01 X-1.96539 Y7.38098
G01 X-1.98500 Y7.38002
G01 X-2.88500 Y7.38002
G01 X-2.90458 Y7.38098
G01 X-2.95337 Y7.38578
G01 X-2.97278 Y7.38865
G01 X-2.99183 Y7.39343
G01 X-3.03872 Y7.40765
G01 X-3.07494 Y7.42266
G01 X-3.11817 Y7.44575
G01 X-3.13498 Y7.45586
G01 X-3.15076 Y7.46754
G01 X-3.18865 Y7.49863
G01 X-3.21636 Y7.52635
G01 X-3.24745 Y7.56424
G01 X-3.25914 Y7.58002
G01 X-3.26925 Y7.59683
G01 X-3.29234 Y7.64006
G01 X-3.30735 Y7.67628
G01 X-3.32157 Y7.72320
G01 X-3.32635 Y7.74222
G01 X-3.32922 Y7.76163
G01 X-3.33402 Y7.81042
G01 X-3.33498 Y7.83000
G01 X-3.33498 Y8.53000
G01 X-3.33402 Y8.54961
G01 X-3.32922 Y8.59838
G01 X-3.32635 Y8.61781
G01 X-3.32157 Y8.63683
G01 X-3.30735 Y8.68375
G01 X-3.29234 Y8.71997
G01 X-3.26925 Y8.76317
G01 X-3.25914 Y8.78001
G01 X-3.24745 Y8.79579
G01 X-3.21636 Y8.83366
G01 X-3.20318 Y8.84821
G01 X-3.19500 Y8.85563
G01 X-3.19460 Y8.85540
G01 X-3.19500 Y8.85563
G01 X-3.08474 Y9.09647
G01 X-3.07496 Y9.09642
G01 X-3.08474 Y9.09647
G01 X-3.16760 Y9.28136
G01 X-3.16663 Y9.28199
G01 X-3.16760 Y9.28136
G01 X-3.18865 Y9.29863
G01 X-3.21636 Y9.32637
G01 X-3.24745 Y9.36424
G01 X-3.25914 Y9.38001
G01 X-3.26925 Y9.39685
G01 X-3.29234 Y9.44006
G01 X-3.30735 Y9.47628
G01 X-3.32157 Y9.52319
G01 X-3.32635 Y9.54222
G01 X-3.32922 Y9.56165
G01 X-3.33402 Y9.61042
G01 X-3.33498 Y9.63002
G01 X-3.33498 Y10.28001
G01 X-3.33402 Y10.29962
G01 X-3.32922 Y10.34839
G01 X-3.32635 Y10.36779
G01 X-3.32157 Y10.38684
G01 X-3.30735 Y10.43373
G01 X-3.29234 Y10.46995
G01 X-3.26925 Y10.51318
G01 X-3.25914 Y10.53002
G01 X-3.24745 Y10.54580
G01 X-3.21636 Y10.58367
G01 X-3.18865 Y10.61140
G01 X-3.15076 Y10.64249
G01 X-3.13498 Y10.65418
G01 X-3.11817 Y10.66426
G01 X-3.07494 Y10.68738
G01 X-3.03872 Y10.70236
G01 X-2.99183 Y10.71659
G01 X-2.97278 Y10.72136
G01 X-2.95337 Y10.72426
G01 X-2.90458 Y10.72906
G01 X-2.88500 Y10.73002
G01 X-1.98500 Y10.73002
G01 X-1.96539 Y10.72906
G01 X-1.91662 Y10.72426
G01 X-1.89719 Y10.72136
G01 X-1.87817 Y10.71659
G01 X-1.83125 Y10.70236
G01 X-1.79503 Y10.68738
G01 X-1.75183 Y10.66426
G01 X-1.73499 Y10.65418
G01 X-1.71921 Y10.64249
G01 X-1.68134 Y10.61140
G01 X-1.65360 Y10.58367
G01 X-1.62251 Y10.54580
G01 X-1.61083 Y10.53002
G01 X-1.60075 Y10.51318
G01 X-1.58040 Y10.47513
G01 X-1.60273 Y9.39352
G01 X-1.60603 Y9.23317
G01 X-1.61172 Y8.95736
G01 X-1.61525 Y8.78598
G01 X-1.63499 Y7.83000
G01 X-1.63547 Y7.82022
G01 X-1.64027 Y7.77143
G01 X-1.64172 Y7.76173
G01 X-1.64410 Y7.75220
G01 X-1.65833 Y7.70531
G01 X-1.66582 Y7.68720
G01 X-1.68894 Y7.64397
G01 X-1.69396 Y7.63557
G01 X-1.69981 Y7.62769
G01 X-1.73092 Y7.58979
G01 X-1.74476 Y7.57593
G01 X-1.78266 Y7.54484
G01 X-1.79054 Y7.53899
G01 X-1.79894 Y7.53397
G01 X-1.84217 Y7.51085
G01 X-1.86028 Y7.50336
G01 X-1.90720 Y7.48913
G01 X-1.91670 Y7.48675
G01 X-1.92643 Y7.48530
G01 X-1.97519 Y7.48050
G01 X-1.98500 Y7.48002
G01 X-2.88500 Y7.48002
G01 X-2.89480 Y7.48050
G01 X-2.94357 Y7.48530
G01 X-2.95327 Y7.48675
G01 X-2.96280 Y7.48913
G01 X-3.00968 Y7.50336
G01 X-3.02779 Y7.51085
G01 X-3.07103 Y7.53397
G01 X-3.07943 Y7.53899
G01 X-3.08731 Y7.54484
G01 X-3.12520 Y7.57593
G01 X-3.13907 Y7.58979
G01 X-3.17016 Y7.62769
G01 X-3.17600 Y7.63557
G01 X-3.18106 Y7.64397
G01 X-3.20415 Y7.68720
G01 X-3.21164 Y7.70531
G01 X-3.22589 Y7.75220
G01 X-3.22825 Y7.76173
G01 X-3.22970 Y7.77143
G01 X-3.23450 Y7.82022
G01 X-3.23498 Y7.83000
G01 X-3.23498 Y8.53000
G01 X-3.23450 Y8.53981
G01 X-3.22970 Y8.58860
G01 X-3.22825 Y8.59830
G01 X-3.22589 Y8.60780
G01 X-3.21164 Y8.65471
G01 X-3.20415 Y8.67283
G01 X-3.18106 Y8.71606
G01 X-3.17600 Y8.72446
G01 X-3.17016 Y8.73234
G01 X-3.13907 Y8.77023
G01 X-3.13247 Y8.77750
G01 X-3.12520 Y8.78410
G01 X-3.11329 Y8.79386
G01 X-2.97496 Y9.09601
G01 X-3.08604 Y9.34389
G01 X-3.08731 Y9.34483
G01 X-3.12520 Y9.37592
G01 X-3.13907 Y9.38979
G01 X-3.17016 Y9.42769
G01 X-3.17600 Y9.43556
G01 X-3.18106 Y9.44397
G01 X-3.20415 Y9.48720
G01 X-3.21164 Y9.50531
G01 X-3.22589 Y9.55222
G01 X-3.22825 Y9.56172
G01 X-3.22970 Y9.57143
G01 X-3.23450 Y9.62022
G01 X-3.23498 Y9.63002
G01 X-3.23498 Y10.28001
G01 X-3.23450 Y10.28981
G01 X-3.22970 Y10.33858
G01 X-3.22825 Y10.34829
G01 X-3.22589 Y10.35781
G01 X-3.21164 Y10.40472
G01 X-3.20415 Y10.42283
G01 X-3.18106 Y10.46604
G01 X-3.17600 Y10.47447
G01 X-3.17016 Y10.48235
G01 X-3.13907 Y10.52022
G01 X-3.12520 Y10.53409
G01 X-3.08731 Y10.56518
G01 X-3.07943 Y10.57102
G01 X-3.07103 Y10.57607
G01 X-3.02779 Y10.59919
G01 X-3.00968 Y10.60668
G01 X-2.96280 Y10.62090
G01 X-2.95327 Y10.62329
G01 X-2.94357 Y10.62474
G01 X-2.89480 Y10.62954
G01 X-2.88500 Y10.63002
G01 X-1.98500 Y10.63002
G01 X-1.97519 Y10.62954
G01 X-1.92643 Y10.62474
G01 X-1.91670 Y10.62329
G01 X-1.90720 Y10.62090
G01 X-1.86028 Y10.60668
G01 X-1.84217 Y10.59919
G01 X-1.79894 Y10.57607
G01 X-1.79054 Y10.57102
G01 X-1.78266 Y10.56518
G01 X-1.74476 Y10.53409
G01 X-1.73092 Y10.52022
G01 X-1.69981 Y10.48235
G01 X-1.69396 Y10.47447
G01 X-1.68894 Y10.46604
G01 X-1.66582 Y10.42283
G01 X-1.65833 Y10.40472
G01 X-1.64410 Y10.35781
G01 X-1.64172 Y10.34829
G01 X-1.64027 Y10.33858
G01 X-1.63547 Y10.28981
G01 X-1.63499 Y10.28001
G01 X-1.63499 Y9.63002
G01 X-1.63547 Y9.62022
G01 X-1.64027 Y9.57143
G01 X-1.64172 Y9.56172
G01 X-1.64410 Y9.55222
G01 X-1.65833 Y9.50531
G01 X-1.66582 Y9.48720
G01 X-1.68894 Y9.44397
G01 X-1.69396 Y9.43556
G01 X-1.69981 Y9.42769
G01 X-1.73092 Y9.38979
G01 X-1.74476 Y9.37592
G01 X-1.78266 Y9.34483
G01 X-1.78388 Y9.34394
G01 X-1.89498 Y9.09601
G01 X-1.75663 Y8.79383
G01 X-1.74476 Y8.78410
G01 X-1.73750 Y8.77750
G01 X-1.73092 Y8.77023
G01 X-1.69981 Y8.73234
G01 X-1.69396 Y8.72446
G01 X-1.68894 Y8.71606
G01 X-1.66582 Y8.67283
G01 X-1.65833 Y8.65471
G01 X-1.64410 Y8.60780
G01 X-1.64172 Y8.59830
G01 X-1.64027 Y8.58860
G01 X-1.63547 Y8.53981
G01 X-1.63499 Y8.53000
G01 X-1.63499 Y7.83000
G01 X-1.53499 Y7.83000
G01 X-1.43499 Y7.83000
G01 X-1.33499 Y7.83000
G01 X-1.33499 Y8.53000
G01 X-1.33692 Y8.56922
G01 X-1.34172 Y8.61799
G01 X-1.34748 Y8.65682
G01 X-1.35701 Y8.69490
G01 X-1.37123 Y8.74179
G01 X-1.40125 Y8.81425
G01 X-1.42434 Y8.85746
G01 X-1.44454 Y8.89114
G01 X-1.46790 Y8.92266
G01 X-1.49899 Y8.96056
G01 X-1.50753 Y8.96993
G01 X-1.50783 Y8.96975
G01 X-1.50753 Y8.96993
G01 X-1.56569 Y9.09721
G01 X-1.57547 Y9.09718
G01 X-1.56569 Y9.09721
G01 X-1.53681 Y9.16167
G01 X-1.53770 Y9.16223
G01 X-1.53681 Y9.16167
G01 X-1.49899 Y9.19947
G01 X-1.46790 Y9.23737
G01 X-1.44454 Y9.26889
G01 X-1.42434 Y9.30257
G01 X-1.40125 Y9.34577
G01 X-1.37123 Y9.41824
G01 X-1.35701 Y9.46513
G01 X-1.34748 Y9.50320
G01 X-1.34172 Y9.54204
G01 X-1.33692 Y9.59081
G01 X-1.33499 Y9.63002
G01 X-1.33499 Y10.28001
G01 X-1.33692 Y10.31923
G01 X-1.34172 Y10.36800
G01 X-1.34748 Y10.40683
G01 X-1.35701 Y10.44491
G01 X-1.37123 Y10.49180
G01 X-1.40125 Y10.56424
G01 X-1.42434 Y10.60747
G01 X-1.44454 Y10.64112
G01 X-1.46790 Y10.67267
G01 X-1.49899 Y10.71054
G01 X-1.55444 Y10.76599
G01 X-1.57408 Y10.78209
G01 X-1.59234 Y10.79708
G01 X-1.62386 Y10.82047
G01 X-1.65754 Y10.84064
G01 X-1.70075 Y10.86375
G01 X-1.77321 Y10.89375
G01 X-1.82010 Y10.90797
G01 X-1.85818 Y10.91752
G01 X-1.89701 Y10.92329
G01 X-1.94578 Y10.92809
G01 X-1.98500 Y10.93002
G01 X-2.88500 Y10.93002
G01 X-2.92419 Y10.92809
G01 X-2.97296 Y10.92329
G01 X-3.01179 Y10.91752
G01 X-3.04987 Y10.90797
G01 X-3.09678 Y10.89375
G01 X-3.16922 Y10.86375
G01 X-3.21243 Y10.84064
G01 X-3.24611 Y10.82047
G01 X-3.27763 Y10.79708
G01 X-3.31553 Y10.76599
G01 X-3.37097 Y10.71054
G01 X-3.40206 Y10.67267
G01 X-3.42543 Y10.64112
G01 X-3.44562 Y10.60747
G01 X-3.46871 Y10.56424
G01 X-3.48497 Y10.52504
G01 X-3.48497 Y9.38499
G01 X-3.46871 Y9.34577
G01 X-3.44562 Y9.30257
G01 X-3.42543 Y9.26889
G01 X-3.40206 Y9.23737
G01 X-3.37097 Y9.19947
G01 X-3.33310 Y9.16160
G01 X-3.33221 Y9.16218
G01 X-3.33310 Y9.16160
G01 X-3.30422 Y9.09718
G01 X-3.29447 Y9.09713
G01 X-3.30422 Y9.09718
G01 X-3.36226 Y8.97016
G01 X-3.36160 Y8.96975
G01 X-3.36226 Y8.97016
G01 X-3.37097 Y8.96056
G01 X-3.40206 Y8.92266
G01 X-3.42543 Y8.89114
G01 X-3.44562 Y8.85746
G01 X-3.46871 Y8.81425
G01 X-3.48497 Y8.77506
G01 X-3.48494 Y7.58497
G01 X-3.46871 Y7.54578
G01 X-3.44562 Y7.50257
G01 X-3.42543 Y7.46889
G01 X-3.40206 Y7.43737
G01 X-3.37097 Y7.39947
G01 X-3.31553 Y7.34402
G01 X-3.27763 Y7.31293
G01 X-3.24611 Y7.28957
G01 X-3.21243 Y7.26937
G01 X-3.16922 Y7.24628
G01 X-3.13000 Y7.23003
G01 X-1.73999 Y7.23003
G01 X-1.70075 Y7.24628
G01 X-1.65754 Y7.26937
G01 X-1.62386 Y7.28957
G01 X-1.59234 Y7.31293
G01 X-1.55444 Y7.34402
G01 X-1.49899 Y7.39947
G01 X-1.46790 Y7.43737
G01 X-1.44454 Y7.46889
G01 X-1.42434 Y7.50257
G01 X-1.40125 Y7.54578
G01 X-1.37123 Y7.61822
G01 X-1.35701 Y7.66513
G01 X-1.34748 Y7.70321
G01 X-1.34393 Y7.72708
G01 X-1.34172 Y7.74204
G01 X-1.33692 Y7.79081
G01 X-1.33499 Y7.83000
G01 X-1.34393 Y7.72708
G01 X-1.42023 Y6.84977
G01 X-1.44123 Y6.60826
G01 X-1.44123 Y6.60819
G01 X-1.50893 Y5.83001
G01 X-1.43499 Y5.83001
G01 X-1.33499 Y5.83001
G01 X-1.43499 Y5.83001
G01 X-1.50893 Y5.83001
G01 X-1.53499 Y5.83001
G01 X-1.63499 Y5.83001
G01 X-1.53499 Y5.83001
G01 X-1.50893 Y5.83001
G01 X-1.53656 Y5.51246
G01 X-1.56851 Y5.50115
G01 X-1.56994 Y5.50062
G01 X-1.57806 Y5.49747
G01 X-1.63887 Y5.47712
G01 X-1.63951 Y5.47695
G01 X-1.64149 Y5.47636
G01 X-1.68977 Y5.46066
G01 X-1.69181 Y5.45995
G01 X-1.74192 Y5.44126
G01 X-1.76463 Y5.43267
G01 X-1.76567 Y5.43227
G01 X-1.78662 Y5.42383
G01 X-1.78764 Y5.42340
G01 X-1.78896 Y5.42284
G01 X-1.83283 Y5.40651
G01 X-1.87778 Y5.39224
G01 X-1.89546 Y5.38708
G01 X-1.91726 Y5.38431
G01 X-1.95150 Y5.38088
G01 X-1.96234 Y5.38035
G01 X-1.98558 Y5.37979
G01 X-2.88439 Y5.37979
G01 X-2.90765 Y5.38035
G01 X-2.91845 Y5.38088
G01 X-2.95271 Y5.38431
G01 X-2.97443 Y5.38708
G01 X-2.99216 Y5.39226
G01 X-3.02983 Y5.40420
G01 X-3.03041 Y5.40438
G01 X-3.04321 Y5.40829
G01 X-3.06079 Y5.41378
G01 X-3.06150 Y5.41401
G01 X-3.07722 Y5.41868
G01 X-3.38601 Y5.53369
G01 X-3.38941 Y5.53483
G01 X-3.45934 Y5.55531
G01 X-3.46280 Y5.55617
G01 X-3.52434 Y5.56953
G01 X-3.53318 Y5.57065
G01 X-3.53308 Y5.57496
G01 X-3.53318 Y5.57065
G01 X-3.54207 Y5.57016
G01 X-3.54969 Y5.56907
G01 X-3.55403 Y5.56826
G01 X-3.64430 Y5.54702
G01 X-3.64865 Y5.54578
G01 X-3.66533 Y5.54024
G01 X-3.66617 Y5.53996
G01 X-3.68306 Y5.53399
G01 X-3.68388 Y5.53372
G01 X-3.72883 Y5.51695
G01 X-3.72904 Y5.51743
G01 X-3.72883 Y5.51695
G01 X-3.73216 Y5.51558
G01 X-3.79851 Y5.48530
G01 X-3.80171 Y5.48370
G01 X-3.86953 Y5.44664
G01 X-3.87641 Y5.44212
G01 X-3.87880 Y5.44476
G01 X-3.87641 Y5.44212
G01 X-3.88245 Y5.43651
G01 X-3.88748 Y5.43001
G01 X-3.94019 Y5.34885
G01 X-3.94255 Y5.34484
G01 X-3.95484 Y5.32137
G01 X-3.95545 Y5.32018
G01 X-3.95571 Y5.32033
G01 X-3.95545 Y5.32018
G01 X-3.96737 Y5.29590
G01 X-3.96795 Y5.29468
G01 X-4.09851 Y5.00951
G01 X-4.09955 Y5.00705
G01 X-4.11956 Y4.95630
G01 X-4.12048 Y4.95378
G01 X-4.12513 Y4.93984
G01 X-4.12685 Y4.94024
G01 X-4.12513 Y4.93984
G01 X-4.12655 Y4.93466
G01 X-4.12741 Y4.92937
G01 X-4.13153 Y4.89115
G01 X-4.13173 Y4.88848
G01 X-4.13465 Y4.83455
G01 X-4.13473 Y4.83186
G01 X-4.13473 Y4.60562
G01 X-4.13508 Y4.58668
G01 X-4.13633 Y4.55543
G01 X-4.13760 Y4.54616
G01 X-4.14418 Y4.50933
G01 X-4.15401 Y4.46458
G01 X-4.15520 Y4.45942
G01 X-4.16447 Y4.43491
G01 X-4.18192 Y4.39275
G01 X-4.19277 Y4.36869
G01 X-4.19551 Y4.36432
G01 X-4.22027 Y4.32564
G01 X-4.24171 Y4.29486
G01 X-4.24727 Y4.28752
G01 X-4.26858 Y4.26445
G01 X-4.28159 Y4.25094
G01 X-6.31080 Y2.22176
G01 X-6.32769 Y2.20568
G01 X-6.34724 Y2.18793
G01 X-6.36800 Y2.17256
G01 X-6.40686 Y2.14660
G01 X-6.42891 Y2.13337
G01 X-6.45222 Y2.12234
G01 X-6.49525 Y2.10454
G01 X-6.51963 Y2.09580
G01 X-6.54445 Y2.08958
G01 X-6.59037 Y2.08043
G01 X-6.61587 Y2.07665
G01 X-6.64221 Y2.07535
G01 X-6.66558 Y2.07479
G01 X-14.57438 Y2.07479
G01 X-14.59775 Y2.07535
G01 X-14.62406 Y2.07665
G01 X-14.64954 Y2.08043
G01 X-14.66521 Y2.08353
G01 X-14.67954 Y2.08640
G01 X-14.69549 Y2.08958
G01 X-14.72033 Y2.09580
G01 X-14.74469 Y2.10454
G01 X-14.78769 Y2.12234
G01 X-14.81103 Y2.13339
G01 X-14.83308 Y2.14660
G01 X-14.84603 Y2.15526
G01 X-14.84634 Y2.15544
G01 X-14.85876 Y2.16374
G01 X-14.87197 Y2.17258
G01 X-14.89269 Y2.18793
G01 X-14.91220 Y2.20563
G01 X-14.92914 Y2.22176
G01 X-15.79747 Y3.09006
G01 X-15.79797 Y3.09057
G01 X-15.81156 Y3.10380
G01 X-15.81207 Y3.10428
G01 X-15.81893 Y3.11076
G01 X-15.81926 Y3.11106
G01 X-15.83072 Y3.12168
G01 X-15.84563 Y3.13763
G01 X-15.84593 Y3.13794
G01 X-15.85180 Y3.14411
G01 X-15.85223 Y3.14454
G01 X-15.86371 Y3.15630
G01 X-15.86414 Y3.15673
G01 X-16.12825 Y3.42087
G01 X-16.14438 Y3.43781
G01 X-16.16208 Y3.45734
G01 X-16.17743 Y3.47804
G01 X-16.18621 Y3.49120
G01 X-16.19449 Y3.50357
G01 X-16.20341 Y3.51690
G01 X-16.21875 Y3.54251
G01 X-16.23102 Y3.56494
G01 X-16.24646 Y3.59384
G01 X-16.25037 Y3.60001
G01 X-16.25350 Y3.60423
G01 X-16.25457 Y3.60598
G01 X-16.28065 Y3.63801
G01 X-16.28195 Y3.63956
G01 X-16.44115 Y3.82158
G01 X-16.44347 Y3.82427
G01 X-16.49470 Y3.87482
G01 X-16.49729 Y3.87720
G01 X-16.55256 Y3.92478
G01 X-16.55860 Y3.92925
G01 X-16.55736 Y3.93143
G01 X-16.55860 Y3.92925
G01 X-16.56526 Y3.93275
G01 X-16.57237 Y3.93522
G01 X-16.58916 Y3.93966
G01 X-16.59068 Y3.94004
G01 X-16.61372 Y3.94538
G01 X-16.61481 Y3.94561
G01 X-16.63976 Y3.95079
G01 X-16.66290 Y3.95874
G01 X-16.71080 Y3.97520
G01 X-16.73168 Y3.98635
G01 X-16.73366 Y3.98782
G01 X-16.74923 Y3.99948
G01 X-16.74943 Y3.99963
G01 X-16.76711 Y4.01289
G01 X-16.78045 Y4.03072
G01 X-16.79363 Y4.04830
G01 X-16.80135 Y4.05861
G01 X-16.80620 Y4.07182
G01 X-16.80971 Y4.08139
G01 X-16.81499 Y4.09569
G01 X-16.82322 Y4.11810
G01 X-16.82416 Y4.12490
G01 X-16.82523 Y4.15584
G01 X-16.82523 Y5.85419
G01 X-16.82416 Y5.88515
G01 X-16.82322 Y5.89196
G01 X-16.81497 Y5.91441
G01 X-16.81403 Y5.91690
G01 X-16.80620 Y5.93818
G01 X-16.80135 Y5.95144
G01 X-16.79360 Y5.96178
G01 X-16.78289 Y5.97606
G01 X-16.78065 Y5.97905
G01 X-16.76711 Y5.99716
G01 X-16.74898 Y6.01073
G01 X-16.74049 Y6.01705
G01 X-16.73170 Y6.02363
G01 X-16.72139 Y6.03138
G01 X-16.70808 Y6.03625
G01 X-16.68443 Y6.04497
G01 X-16.66191 Y6.05327
G01 X-16.65510 Y6.05421
G01 X-16.62408 Y6.05525
G01 X-14.92587 Y6.05525
G01 X-14.89483 Y6.05421
G01 X-14.88805 Y6.05327
G01 X-14.86526 Y6.04489
G01 X-14.84192 Y6.03628
G01 X-14.82856 Y6.03138
G01 X-14.81812 Y6.02358
G01 X-14.80115 Y6.01085
G01 X-14.78284 Y5.99716
G01 X-14.76905 Y5.97872
G01 X-14.76290 Y5.97054
G01 X-14.75640 Y5.96183
G01 X-14.74906 Y5.95203
G01 X-14.74548 Y5.94141
G01 X-14.73227 Y5.90209
G01 X-14.72853 Y5.89092
G01 X-14.71911 Y5.86287
G01 X-14.71489 Y5.84408
G01 X-14.71428 Y5.84159
G01 X-14.69932 Y5.78789
G01 X-14.69859 Y5.78551
G01 X-14.67532 Y5.71563
G01 X-14.67565 Y5.71550
G01 X-14.67532 Y5.71563
G01 X-14.67235 Y5.70857
G01 X-14.62498 Y5.61634
G01 X-14.62498 Y4.40486
G01 X-14.62498 Y5.61634
G01 X-14.57306 Y5.51525
G01 X-14.56966 Y5.50959
G01 X-14.52498 Y5.44525
G01 X-14.52498 Y5.38515
G01 X-14.53684 Y5.30529
G01 X-14.53714 Y5.30285
G01 X-14.54553 Y5.21784
G01 X-14.54570 Y5.21538
G01 X-14.55391 Y5.04875
G01 X-14.55396 Y5.04629
G01 X-14.55396 Y4.96376
G01 X-14.55391 Y4.96130
G01 X-14.54570 Y4.79468
G01 X-14.54553 Y4.79221
G01 X-14.53714 Y4.70720
G01 X-14.53684 Y4.70476
G01 X-14.52498 Y4.62493
G01 X-14.52498 Y4.56448
G01 X-14.61319 Y4.42775
G01 X-14.61591 Y4.42302
G01 X-14.62498 Y4.40486
G01 X-14.65086 Y4.35315
G01 X-14.65292 Y4.34845
G01 X-14.70016 Y4.22348
G01 X-14.70184 Y4.21817
G01 X-14.71083 Y4.18289
G01 X-14.71101 Y4.18218
G01 X-14.71474 Y4.16666
G01 X-14.71489 Y4.16595
G01 X-14.71959 Y4.14505
G01 X-14.72279 Y4.13166
G01 X-14.72673 Y4.11614
G01 X-14.72876 Y4.10987
G01 X-14.73239 Y4.09902
G01 X-14.75434 Y4.04568
G01 X-14.76005 Y4.03606
G01 X-14.80186 Y3.96763
G01 X-14.80362 Y3.96450
G01 X-14.83707 Y3.89971
G01 X-14.83859 Y3.89651
G01 X-14.86643 Y3.83164
G01 X-14.86699 Y3.83186
G01 X-14.86643 Y3.83164
G01 X-14.86823 Y3.82673
G01 X-14.90313 Y3.71434
G01 X-14.90489 Y3.70646
G01 X-14.90537 Y3.69841
G01 X-14.90453 Y3.69041
G01 X-14.91243 Y3.68945
G01 X-14.90453 Y3.69041
G01 X-14.90245 Y3.68264
G01 X-14.89912 Y3.67530
G01 X-14.87524 Y3.63217
G01 X-14.87420 Y3.63037
G01 X-14.83681 Y3.56895
G01 X-14.83704 Y3.56880
G01 X-14.83681 Y3.56895
G01 X-14.83417 Y3.56506
G01 X-14.77486 Y3.48554
G01 X-14.77179 Y3.48180
G01 X-14.75581 Y3.46425
G01 X-14.75500 Y3.46336
G01 X-14.73849 Y3.44604
G01 X-14.73765 Y3.44520
G01 X-14.49203 Y3.19956
G01 X-14.48939 Y3.19712
G01 X-14.43481 Y3.14985
G01 X-14.43201 Y3.14759
G01 X-14.37029 Y3.10144
G01 X-14.36331 Y3.09707
G01 X-14.35569 Y3.09389
G01 X-14.35713 Y3.09036
G01 X-14.35569 Y3.09389
G01 X-14.34766 Y3.09201
G01 X-14.25282 Y3.07797
G01 X-14.24817 Y3.07751
G01 X-14.22168 Y3.07609
G01 X-14.22033 Y3.07604
G01 X-14.19338 Y3.07530
G01 X-14.19206 Y3.07527
G01 X-12.14330 Y3.07527
G01 X-12.14269 Y3.07505
G01 X-12.09686 Y3.05605
G01 X-12.09572 Y3.05562
G01 X-12.07388 Y3.04716
G01 X-12.07271 Y3.04675
G01 X-12.01391 Y3.02569
G01 X-12.01160 Y3.02493
G01 X-11.97395 Y3.01348
G01 X-11.97154 Y3.01282
G01 X-11.91274 Y2.99808
G01 X-11.91287 Y2.99755
G01 X-11.91274 Y2.99808
G01 X-11.91038 Y2.99755
G01 X-11.87751 Y2.99100
G01 X-11.87507 Y2.99059
G01 X-11.81627 Y2.98185
G01 X-11.81383 Y2.98155
G01 X-11.78345 Y2.97855
G01 X-11.78099 Y2.97835
G01 X-11.72219 Y2.97548
G01 X-11.72094 Y2.97543
G01 X-11.70621 Y2.97507
G01 X-11.70499 Y2.97505
G01 X-8.96497 Y2.97505
G01 X-6.83068 Y2.97505
G01 X-5.03498 Y4.77072
G01 X-5.03498 Y4.95825
G01 X-5.31326 Y5.56613
G01 X-5.32520 Y5.57593
G01 X-5.33246 Y5.58253
G01 X-5.33907 Y5.58980
G01 X-5.37016 Y5.62767
G01 X-5.37600 Y5.63557
G01 X-5.38105 Y5.64398
G01 X-5.40414 Y5.68721
G01 X-5.41166 Y5.70532
G01 X-5.42588 Y5.75221
G01 X-5.42827 Y5.76173
G01 X-5.42969 Y5.77143
G01 X-5.43450 Y5.82020
G01 X-5.43498 Y5.83001
G01 X-5.43498 Y6.53000
G01 X-5.43450 Y6.53981
G01 X-5.42969 Y6.58858
G01 X-5.42827 Y6.59831
G01 X-5.42588 Y6.60781
G01 X-5.41166 Y6.65472
G01 X-5.40414 Y6.67283
G01 X-5.38105 Y6.71603
G01 X-5.37600 Y6.72447
G01 X-5.37016 Y6.73234
G01 X-5.33907 Y6.77024
G01 X-5.32520 Y6.78408
G01 X-5.28733 Y6.81517
G01 X-5.27943 Y6.82104
G01 X-5.27102 Y6.82607
G01 X-5.22779 Y6.84918
G01 X-5.20968 Y6.85667
G01 X-5.16279 Y6.87090
G01 X-5.15327 Y6.87329
G01 X-5.14356 Y6.87473
G01 X-5.09480 Y6.87953
G01 X-5.08499 Y6.88002
G01 X-4.18499 Y6.88002
G01 X-4.17519 Y6.87953
G01 X-4.12642 Y6.87473
G01 X-4.11672 Y6.87329
G01 X-4.10719 Y6.87090
G01 X-4.06028 Y6.85667
G01 X-4.05393 Y6.85403
G01 X-4.04710 Y6.85200
G01 X-3.53496 Y6.66122
G01 X-3.02284 Y6.85200
G01 X-3.01766 Y6.85337
G01 X-3.00968 Y6.85667
G01 X-2.96280 Y6.87090
G01 X-2.95327 Y6.87329
G01 X-2.94357 Y6.87473
G01 X-2.89480 Y6.87953
G01 X-2.88500 Y6.88002
G01 X-1.98500 Y6.88002
G01 X-1.97519 Y6.87953
G01 X-1.92643 Y6.87473
G01 X-1.91670 Y6.87329
G01 X-1.90720 Y6.87090
G01 X-1.86028 Y6.85667
G01 X-1.84217 Y6.84918
G01 X-1.79894 Y6.82607
G01 X-1.79054 Y6.82104
G01 X-1.78266 Y6.81517
G01 X-1.74476 Y6.78408
G01 X-1.73092 Y6.77024
G01 X-1.69981 Y6.73234
G01 X-1.69396 Y6.72447
G01 X-1.68894 Y6.71603
G01 X-1.66582 Y6.67283
G01 X-1.65833 Y6.65472
G01 X-1.64410 Y6.60781
G01 X-1.64172 Y6.59831
G01 X-1.64027 Y6.58858
G01 X-1.63547 Y6.53981
G01 X-1.63499 Y6.53000
G01 X-1.63499 Y5.83001
G01 X-1.63547 Y5.82020
G01 X-1.64027 Y5.77143
G01 X-1.64172 Y5.76173
G01 X-1.64410 Y5.75221
G01 X-1.65833 Y5.70532
G01 X-1.66582 Y5.68721
G01 X-1.68894 Y5.64398
G01 X-1.69396 Y5.63557
G01 X-1.69981 Y5.62767
G01 X-1.73092 Y5.58980
G01 X-1.74476 Y5.57593
G01 X-1.78266 Y5.54484
G01 X-1.79054 Y5.53900
G01 X-1.79894 Y5.53394
G01 X-1.84217 Y5.51086
G01 X-1.86028 Y5.50334
G01 X-1.90720 Y5.48911
G01 X-1.91670 Y5.48673
G01 X-1.92643 Y5.48530
G01 X-1.97519 Y5.48050
G01 X-1.98500 Y5.48002
G01 X-2.88500 Y5.48002
G01 X-2.89480 Y5.48050
G01 X-2.94357 Y5.48530
G01 X-2.95327 Y5.48673
G01 X-2.96280 Y5.48911
G01 X-3.00968 Y5.50334
G01 X-3.01893 Y5.50666
G01 X-3.02073 Y5.50750
G01 X-3.02284 Y5.50806
G01 X-3.53498 Y5.69882
G01 X-3.97013 Y5.53674
G01 X-4.23496 Y4.95823
G01 X-4.23496 Y4.60502
G01 X-4.23529 Y4.59719
G01 X-4.23897 Y4.55025
G01 X-4.24143 Y4.53476
G01 X-4.25240 Y4.48899
G01 X-4.25726 Y4.47405
G01 X-4.27529 Y4.43057
G01 X-4.28240 Y4.41657
G01 X-4.30699 Y4.37644
G01 X-4.31624 Y4.36374
G01 X-4.34679 Y4.32795
G01 X-4.35213 Y4.32219
G01 X-6.38214 Y2.29219
G01 X-6.38941 Y2.28559
G01 X-6.43487 Y2.24830
G01 X-6.45118 Y2.23740
G01 X-6.50305 Y2.20967
G01 X-6.52116 Y2.20218
G01 X-6.57742 Y2.18511
G01 X-6.59665 Y2.18127
G01 X-6.65519 Y2.17551
G01 X-6.66500 Y2.17502
G01 X-14.57499 Y2.17502
G01 X-14.58477 Y2.17551
G01 X-14.64332 Y2.18127
G01 X-14.65302 Y2.18272
G01 X-14.66254 Y2.18511
G01 X-14.71881 Y2.20218
G01 X-14.73692 Y2.20967
G01 X-14.78878 Y2.23740
G01 X-14.79721 Y2.24243
G01 X-14.80509 Y2.24830
G01 X-14.85055 Y2.28559
G01 X-14.85782 Y2.29219
G01 X-16.05782 Y3.49219
G01 X-16.06442 Y3.49945
G01 X-16.10171 Y3.54492
G01 X-16.10758 Y3.55279
G01 X-16.11260 Y3.56123
G01 X-16.14034 Y3.61309
G01 X-16.14783 Y3.63120
G01 X-16.15299 Y3.64820
G01 X-16.50887 Y4.05500
G01 X-16.62500 Y4.05500
G01 X-16.64451 Y4.05693
G01 X-16.66325 Y4.06262
G01 X-16.68055 Y4.07187
G01 X-16.69569 Y4.08429
G01 X-16.70813 Y4.09945
G01 X-16.71738 Y4.11675
G01 X-16.72307 Y4.13550
G01 X-16.72500 Y4.15500
G01 X-16.72500 Y5.85500
G01 X-16.72307 Y5.87453
G01 X-16.71738 Y5.89328
G01 X-16.70813 Y5.91058
G01 X-16.69569 Y5.92571
G01 X-16.68055 Y5.93816
G01 X-16.66325 Y5.94741
G01 X-16.64451 Y5.95309
G01 X-16.62500 Y5.95503
G01 X-14.92498 Y5.95503
G01 X-14.90547 Y5.95309
G01 X-14.88672 Y5.94741
G01 X-14.86943 Y5.93816
G01 X-14.85429 Y5.92571
G01 X-14.84184 Y5.91058
G01 X-14.83260 Y5.89328
G01 X-14.82691 Y5.87453
G01 X-14.82498 Y5.85500
G01 X-14.82498 Y4.15500
G01 X-14.82691 Y4.13550
G01 X-14.83260 Y4.11675
G01 X-14.84184 Y4.09945
G01 X-14.84260 Y4.09854
G01 X-14.84443 Y4.09503
G01 X-15.10412 Y3.66986
G01 X-14.40928 Y2.97505
G01 X-11.70499 Y2.97505
G01 X-11.70621 Y2.97507
G01 X-11.72094 Y2.97543
G01 X-11.72219 Y2.97548
G01 X-11.78099 Y2.97835
G01 X-11.78345 Y2.97855
G01 X-11.81383 Y2.98155
G01 X-11.81627 Y2.98185
G01 X-11.87507 Y2.99059
G01 X-11.87751 Y2.99100
G01 X-11.91038 Y2.99755
G01 X-11.91274 Y2.99808
G01 X-11.97154 Y3.01282
G01 X-11.97395 Y3.01348
G01 X-12.01160 Y3.02493
G01 X-12.01391 Y3.02569
G01 X-12.07271 Y3.04675
G01 X-12.07388 Y3.04716
G01 X-12.09572 Y3.05562
G01 X-12.09686 Y3.05605
G01 X-12.14269 Y3.07505
G01 X-14.36788 Y3.07505
G01 X-14.37103 Y3.06743
G01 X-14.36788 Y3.07505
G01 X-14.97783 Y3.68500
G01 X-15.00494 Y3.68178
G01 X-14.97783 Y3.68500
G01 X-14.75911 Y4.04286
G01 X-14.75254 Y4.05544
G01 X-14.74299 Y4.07329
G01 X-14.73841 Y4.08442
G01 X-14.72884 Y4.11599
G01 X-14.72498 Y4.15500
G01 X-14.72498 Y5.85500
G01 X-14.72853 Y5.89092
G01 X-14.73227 Y5.90209
G01 X-14.74548 Y5.94141
G01 X-14.75640 Y5.96183
G01 X-14.76290 Y5.97054
G01 X-14.76905 Y5.97872
G01 X-14.78358 Y5.99643
G01 X-14.80115 Y6.01085
G01 X-14.81812 Y6.02358
G01 X-14.84192 Y6.03628
G01 X-14.86526 Y6.04489
G01 X-14.88596 Y6.05116
G01 X-14.92498 Y6.05502
G01 X-16.62500 Y6.05502
G01 X-16.66401 Y6.05116
G01 X-16.68443 Y6.04497
G01 X-16.70808 Y6.03625
G01 X-16.73170 Y6.02363
G01 X-16.74049 Y6.01705
G01 X-16.74898 Y6.01073
G01 X-16.76640 Y5.99643
G01 X-16.78065 Y5.97905
G01 X-16.78289 Y5.97606
G01 X-16.79360 Y5.96178
G01 X-16.80620 Y5.93818
G01 X-16.81403 Y5.91690
G01 X-16.81497 Y5.91441
G01 X-16.82114 Y5.89404
G01 X-16.82500 Y5.85500
G01 X-16.82500 Y4.15500
G01 X-16.82114 Y4.11599
G01 X-16.81499 Y4.09569
G01 X-16.80971 Y4.08139
G01 X-16.80620 Y4.07182
G01 X-16.79363 Y4.04830
G01 X-16.78045 Y4.03072
G01 X-16.76640 Y4.01360
G01 X-16.74943 Y3.99963
G01 X-16.74923 Y3.99948
G01 X-16.73366 Y3.98782
G01 X-16.73168 Y3.98635
G01 X-16.72185 Y3.97898
G01 X-16.66290 Y3.95874
G01 X-16.62500 Y3.95500
G01 X-16.55426 Y3.95500
G01 X-16.55040 Y3.96313
G01 X-16.55426 Y3.95500
G01 X-16.24166 Y3.59768
G01 X-16.24100 Y3.59813
G01 X-16.24166 Y3.59768
G01 X-16.22853 Y3.56595
G01 X-16.20079 Y3.51409
G01 X-16.19449 Y3.50357
G01 X-16.18621 Y3.49120
G01 X-16.17903 Y3.48147
G01 X-16.14171 Y3.43603
G01 X-16.12853 Y3.42148
G01 X-14.92853 Y2.22148
G01 X-14.91398 Y2.20830
G01 X-14.86854 Y2.17098
G01 X-14.85876 Y2.16374
G01 X-14.84634 Y2.15544
G01 X-14.84603 Y2.15526
G01 X-14.83592 Y2.14922
G01 X-14.78406 Y2.12148
G01 X-14.74784 Y2.10649
G01 X-14.69155 Y2.08940
G01 X-14.67954 Y2.08640
G01 X-14.66521 Y2.08353
G01 X-14.65312 Y2.08175
G01 X-14.59457 Y2.07599
G01 X-14.57499 Y2.07502
G01 X-6.66500 Y2.07502
G01 X-6.64539 Y2.07599
G01 X-6.58687 Y2.08175
G01 X-6.54841 Y2.08940
G01 X-6.49213 Y2.10649
G01 X-6.45591 Y2.12148
G01 X-6.40404 Y2.14922
G01 X-6.37145 Y2.17098
G01 X-6.32598 Y2.20830
G01 X-6.31143 Y2.22148
G01 X-4.28141 Y4.25147
G01 X-4.27074 Y4.26300
G01 X-4.24019 Y4.29879
G01 X-4.22175 Y4.32419
G01 X-4.19713 Y4.36432
G01 X-4.18289 Y4.39229
G01 X-4.16488 Y4.43577
G01 X-4.15517 Y4.46562
G01 X-4.14418 Y4.51142
G01 X-4.13927 Y4.54240
G01 X-4.13559 Y4.58934
G01 X-4.13496 Y4.60502
G01 X-4.13496 Y4.93643
G01 X-4.13704 Y4.93692
G01 X-4.13496 Y4.93643
G01 X-3.89645 Y5.45746
G01 X-3.90204 Y5.46351
G01 X-3.89645 Y5.45746
G01 X-3.53496 Y5.59211
G01 X-3.53498 Y5.59882
G01 X-3.53496 Y5.59211
G01 X-3.05774 Y5.41436
G01 X-3.05657 Y5.41406
G01 X-3.03872 Y5.40766
G01 X-2.99183 Y5.39343
G01 X-2.97278 Y5.38866
G01 X-2.95337 Y5.38579
G01 X-2.90458 Y5.38099
G01 X-2.88500 Y5.38002
G01 X-1.98500 Y5.38002
G01 X-1.96539 Y5.38099
G01 X-1.91662 Y5.38579
G01 X-1.89719 Y5.38866
G01 X-1.87817 Y5.39343
G01 X-1.83125 Y5.40766
G01 X-1.79503 Y5.42267
G01 X-1.75183 Y5.44576
G01 X-1.73499 Y5.45584
G01 X-1.71921 Y5.46755
G01 X-1.68134 Y5.49864
G01 X-1.65360 Y5.52635
G01 X-1.62251 Y5.56425
G01 X-1.61083 Y5.57999
G01 X-1.60075 Y5.59683
G01 X-1.57763 Y5.64007
G01 X-1.56262 Y5.67629
G01 X-1.54840 Y5.72317
G01 X-1.54362 Y5.74222
G01 X-1.54075 Y5.76163
G01 X-1.53595 Y5.81040
G01 X-1.53499 Y5.83001
G01 X-1.53499 Y6.53000
G01 X-1.53595 Y6.54961
G01 X-1.54075 Y6.59838
G01 X-1.54362 Y6.61781
G01 X-1.54840 Y6.63684
G01 X-1.56262 Y6.68375
G01 X-1.57763 Y6.71997
G01 X-1.60075 Y6.76318
G01 X-1.61083 Y6.78002
G01 X-1.62251 Y6.79579
G01 X-1.65360 Y6.83366
G01 X-1.68134 Y6.86140
G01 X-1.71921 Y6.89249
G01 X-1.73499 Y6.90417
G01 X-1.75183 Y6.91426
G01 X-1.79503 Y6.93737
G01 X-1.83125 Y6.95238
G01 X-1.87817 Y6.96661
G01 X-1.89719 Y6.97136
G01 X-1.91662 Y6.97425
G01 X-1.96539 Y6.97905
G01 X-1.98500 Y6.98002
G01 X-2.88500 Y6.98002
G01 X-2.90458 Y6.97905
G01 X-2.95337 Y6.97425
G01 X-2.97278 Y6.97136
G01 X-2.99183 Y6.96661
G01 X-3.03872 Y6.95238
G01 X-3.04951 Y6.94791
G01 X-3.05774 Y6.94570
G01 X-3.53496 Y6.76793
G01 X-3.53501 Y6.76155
G01 X-3.53496 Y6.76793
G01 X-4.01220 Y6.94570
G01 X-4.02294 Y6.94893
G01 X-4.03125 Y6.95238
G01 X-4.07816 Y6.96661
G01 X-4.09719 Y6.97136
G01 X-4.11662 Y6.97425
G01 X-4.16538 Y6.97905
G01 X-4.18499 Y6.98002
G01 X-5.08499 Y6.98002
G01 X-5.10460 Y6.97905
G01 X-5.15337 Y6.97425
G01 X-5.17277 Y6.97136
G01 X-5.19182 Y6.96661
G01 X-5.23871 Y6.95238
G01 X-5.27493 Y6.93737
G01 X-5.31816 Y6.91426
G01 X-5.33500 Y6.90417
G01 X-5.35075 Y6.89249
G01 X-5.38865 Y6.86140
G01 X-5.41636 Y6.83366
G01 X-5.44745 Y6.79579
G01 X-5.45741 Y6.78235
G01 X-5.46048 Y6.77758
G01 X-5.46256 Y6.77433
G01 X-5.47112 Y6.76102
G01 X-5.49424 Y6.72081
G01 X-5.50846 Y6.68223
G01 X-5.52279 Y6.63709
G01 X-5.52792 Y6.61954
G01 X-5.53069 Y6.59782
G01 X-5.53411 Y6.56348
G01 X-5.53465 Y6.55279
G01 X-5.53521 Y6.52942
G01 X-5.53521 Y5.83062
G01 X-5.53465 Y5.80725
G01 X-5.53411 Y5.79655
G01 X-5.53069 Y5.76221
G01 X-5.52792 Y5.74055
G01 X-5.52279 Y5.72295
G01 X-5.50846 Y5.67783
G01 X-5.49424 Y5.63928
G01 X-5.47110 Y5.59904
G01 X-5.46305 Y5.58650
G01 X-5.45715 Y5.57733
G01 X-5.44580 Y5.55962
G01 X-5.43500 Y5.54448
G01 X-5.42370 Y5.53013
G01 X-5.42312 Y5.52937
G01 X-5.41826 Y5.52297
G01 X-5.40158 Y5.50207
G01 X-5.39721 Y5.49564
G01 X-5.39330 Y5.48876
G01 X-5.39223 Y5.48683
G01 X-5.39195 Y5.48695
G01 X-5.39223 Y5.48683
G01 X-5.37161 Y5.44662
G01 X-5.37064 Y5.44461
G01 X-5.22045 Y5.11657
G01 X-5.22017 Y5.11594
G01 X-5.21283 Y5.09925
G01 X-5.21125 Y5.09526
G01 X-5.21100 Y5.09536
G01 X-5.21125 Y5.09526
G01 X-5.18448 Y5.01708
G01 X-5.18334 Y5.01327
G01 X-5.16576 Y4.94451
G01 X-5.16561 Y4.94395
G01 X-5.16261 Y4.93166
G01 X-5.16142 Y4.92442
G01 X-5.15974 Y4.92460
G01 X-5.16142 Y4.92442
G01 X-5.16127 Y4.91710
G01 X-5.16531 Y4.84268
G01 X-5.16655 Y4.83407
G01 X-5.16924 Y4.82579
G01 X-5.16543 Y4.82437
G01 X-5.16924 Y4.82579
G01 X-5.17333 Y4.81812
G01 X-5.21240 Y4.75813
G01 X-5.21428 Y4.75546
G01 X-5.25657 Y4.69894
G01 X-5.25880 Y4.69618
G01 X-5.30607 Y4.64159
G01 X-5.30851 Y4.63895
G01 X-5.30831 Y4.63880
G01 X-5.30851 Y4.63895
G01 X-6.74793 Y3.19953
G01 X-6.74879 Y3.19849
G01 X-6.76840 Y3.18013
G01 X-6.76939 Y3.17921
G01 X-6.78913 Y3.16148
G01 X-6.79276 Y3.15851
G01 X-6.86980 Y3.10134
G01 X-6.87681 Y3.09699
G01 X-6.87549 Y3.09405
G01 X-6.87681 Y3.09699
G01 X-6.88443 Y3.09384
G01 X-6.89246 Y3.09199
G01 X-6.96881 Y3.08096
G01 X-6.97236 Y3.08058
G01 X-6.97234 Y3.08025
G01 X-6.97236 Y3.08058
G01 X-7.04432 Y3.07543
G01 X-7.04790 Y3.07527
G01 X-8.52664 Y3.07527
G01 X-8.52717 Y3.07505
G01 X-8.57307 Y3.05605
G01 X-8.57421 Y3.05562
G01 X-8.59606 Y3.04716
G01 X-8.59723 Y3.04675
G01 X-8.65603 Y3.02569
G01 X-8.65834 Y3.02493
G01 X-8.69598 Y3.01348
G01 X-8.69840 Y3.01282
G01 X-8.75720 Y2.99808
G01 X-8.75707 Y2.99755
G01 X-8.75720 Y2.99808
G01 X-8.75956 Y2.99755
G01 X-8.79243 Y2.99100
G01 X-8.79486 Y2.99059
G01 X-8.85367 Y2.98185
G01 X-8.85610 Y2.98155
G01 X-8.88651 Y2.97855
G01 X-8.88897 Y2.97835
G01 X-8.94780 Y2.97548
G01 X-8.94902 Y2.97543
G01 X-8.96375 Y2.97507
G01 X-8.96497 Y2.97505
G01 X-8.96375 Y2.97507
G01 X-8.94902 Y2.97543
G01 X-8.94780 Y2.97548
G01 X-8.88897 Y2.97835
G01 X-8.88651 Y2.97855
G01 X-8.85610 Y2.98155
G01 X-8.85367 Y2.98185
G01 X-8.79486 Y2.99059
G01 X-8.79243 Y2.99100
G01 X-8.75956 Y2.99755
G01 X-8.75720 Y2.99808
G01 X-8.69840 Y3.01282
G01 X-8.69598 Y3.01348
G01 X-8.65834 Y3.02493
G01 X-8.65603 Y3.02569
G01 X-8.59723 Y3.04675
G01 X-8.59606 Y3.04716
G01 X-8.57421 Y3.05562
G01 X-8.57307 Y3.05605
G01 X-8.52717 Y3.07505
G01 X-6.87208 Y3.07505
G01 X-6.86894 Y3.06743
G01 X-6.87208 Y3.07505
G01 X-5.30831 Y4.63880
G01 X-5.13498 Y4.81213
G01 X-5.12736 Y4.80898
G01 X-5.13498 Y4.81213
G01 X-5.13498 Y4.93643
G01 X-5.13267 Y4.93694
G01 X-5.13498 Y4.93643
G01 X-5.39495 Y5.50435
G01 X-5.39457 Y5.50461
G01 X-5.39495 Y5.50435
G01 X-5.40318 Y5.51182
G01 X-5.41636 Y5.52635
G01 X-5.44745 Y5.56425
G01 X-5.45715 Y5.57733
G01 X-5.46274 Y5.58599
G01 X-5.46305 Y5.58650
G01 X-5.46924 Y5.59683
G01 X-5.49233 Y5.64007
G01 X-5.50734 Y5.67629
G01 X-5.52157 Y5.72317
G01 X-5.52634 Y5.74222
G01 X-5.52921 Y5.76163
G01 X-5.53401 Y5.81040
G01 X-5.53498 Y5.83001
G01 X-5.53498 Y6.53000
G01 X-5.53401 Y6.54961
G01 X-5.52921 Y6.59838
G01 X-5.52634 Y6.61781
G01 X-5.52157 Y6.63684
G01 X-5.50734 Y6.68375
G01 X-5.49233 Y6.71997
G01 X-5.46924 Y6.76318
G01 X-5.46256 Y6.77433
G01 X-5.46241 Y6.77461
G01 X-5.46048 Y6.77758
G01 X-5.45741 Y6.78235
G01 X-5.44580 Y6.80046
G01 X-5.43927 Y6.80958
G01 X-5.41941 Y6.83148
G01 X-5.38639 Y6.86450
G01 X-5.37237 Y6.87722
G01 X-5.37130 Y6.87819
G01 X-5.35040 Y6.89825
G01 X-5.34941 Y6.89924
G01 X-5.31329 Y6.93590
G01 X-5.27732 Y6.97156
G01 X-5.26691 Y6.98159
G01 X-5.23378 Y7.01281
G01 X-5.23236 Y7.01421
G01 X-5.19325 Y7.05411
G01 X-5.19195 Y7.05548
G01 X-5.17722 Y7.07169
G01 X-5.13391 Y7.11939
G01 X-5.13335 Y7.12002
G01 X-5.12456 Y7.13003
G01 X-3.93417 Y7.13005
G01 X-3.53496 Y6.98136
G01 X-3.53496 Y6.97466
G01 X-3.53496 Y6.98136
G01 X-3.13587 Y7.13003
G01 X-1.74007 Y7.13003
G01 X-1.70075 Y7.11375
G01 X-1.65754 Y7.09066
G01 X-1.62386 Y7.07047
G01 X-1.59234 Y7.04707
G01 X-1.55444 Y7.01598
G01 X-1.49899 Y6.96053
G01 X-1.46790 Y6.92266
G01 X-1.44454 Y6.89114
G01 X-1.42434 Y6.85746
G01 X-1.42023 Y6.84977
G01 X-1.40125 Y6.81423
G01 X-1.37123 Y6.74179
G01 X-1.35701 Y6.69490
G01 X-1.34748 Y6.65683
G01 X-1.34172 Y6.61799
G01 X-1.33692 Y6.56922
G01 X-1.33499 Y6.53000
G01 X-1.33499 Y5.83001
G01 X-1.33692 Y5.79081
G01 X-1.34172 Y5.74202
G01 X-1.34748 Y5.70321
G01 X-1.35701 Y5.66513
G01 X-1.37123 Y5.61822
G01 X-1.39676 Y5.55663
G01 X-1.43105 Y5.54672
G01 X-1.43245 Y5.54629
G01 X-1.52269 Y5.51733
G01 X-1.52409 Y5.51688
G01 X-1.53656 Y5.51246
G01 X-1.52767 Y5.52444
G01 X-1.51253 Y5.54969
G01 X-1.48944 Y5.59292
G01 X-1.46694 Y5.64725
G01 X-1.45272 Y5.69417
G01 X-1.44555 Y5.72272
G01 X-1.44123 Y5.75183
G01 X-1.43643 Y5.80062
G01 X-1.43499 Y5.83001
G01 X-1.43499 Y6.53000
G01 X-1.43643 Y6.55942
G01 X-1.44123 Y6.60819
G01 X-1.44123 Y6.60826
G01 X-1.44555 Y6.63732
G01 X-1.45272 Y6.66587
G01 X-1.46694 Y6.71276
G01 X-1.48944 Y6.76711
G01 X-1.51253 Y6.81032
G01 X-1.52767 Y6.83557
G01 X-1.54522 Y6.85921
G01 X-1.57631 Y6.89711
G01 X-1.61789 Y6.93869
G01 X-1.65579 Y6.96978
G01 X-1.67944 Y6.98733
G01 X-1.70468 Y7.00244
G01 X-1.74789 Y7.02556
G01 X-1.80222 Y7.04806
G01 X-1.84913 Y7.06229
G01 X-1.87768 Y7.06945
G01 X-1.90682 Y7.07377
G01 X-1.95558 Y7.07857
G01 X-1.98500 Y7.08002
G01 X-2.88500 Y7.08002
G01 X-2.91438 Y7.07857
G01 X-2.96318 Y7.07377
G01 X-2.99229 Y7.06945
G01 X-3.02084 Y7.06229
G01 X-3.06775 Y7.04806
G01 X-3.08136 Y7.04242
G01 X-3.09264 Y7.03943
G01 X-3.53498 Y6.87466
G01 X-3.53498 Y6.86795
G01 X-3.53498 Y6.87466
G01 X-3.97730 Y7.03943
G01 X-3.99195 Y7.04380
G01 X-4.00224 Y7.04806
G01 X-4.04913 Y7.06229
G01 X-4.07768 Y7.06945
G01 X-4.10681 Y7.07377
G01 X-4.15558 Y7.07857
G01 X-4.18499 Y7.08002
G01 X-5.08499 Y7.08002
G01 X-5.11440 Y7.07857
G01 X-5.16317 Y7.07377
G01 X-5.17722 Y7.07169
G01 X-5.19195 Y7.05548
G01 X-5.17991 Y7.28875
G01 X-5.19142 Y7.30214
G01 X-5.19266 Y7.30356
G01 X-5.23124 Y7.34524
G01 X-5.23262 Y7.34667
G01 X-5.27602 Y7.39000
G01 X-5.27671 Y7.39066
G01 X-5.29274 Y7.40605
G01 X-5.29345 Y7.40671
G01 X-5.31400 Y7.42569
G01 X-5.33165 Y7.44275
G01 X-5.34938 Y7.46079
G01 X-5.35040 Y7.46180
G01 X-5.37135 Y7.48190
G01 X-5.37239 Y7.48286
G01 X-5.38639 Y7.49554
G01 X-5.41943 Y7.52858
G01 X-5.43927 Y7.55048
G01 X-5.44580 Y7.55962
G01 X-5.45728 Y7.57750
G01 X-5.46264 Y7.58583
G01 X-5.47115 Y7.59907
G01 X-5.49424 Y7.63925
G01 X-5.50846 Y7.67783
G01 X-5.52276 Y7.72289
G01 X-5.52792 Y7.74054
G01 X-5.53069 Y7.76226
G01 X-5.53411 Y7.79655
G01 X-5.53465 Y7.80727
G01 X-5.53521 Y7.83064
G01 X-5.53521 Y8.37308
G01 X-5.53518 Y8.37669
G01 X-5.54052 Y8.44864
G01 X-5.54090 Y8.45218
G01 X-5.55095 Y8.52205
G01 X-5.55106 Y8.52274
G01 X-5.55344 Y8.53782
G01 X-5.55357 Y8.53854
G01 X-5.55799 Y8.56538
G01 X-5.55863 Y8.56752
G01 X-5.56962 Y8.61786
G01 X-5.57013 Y8.61994
G01 X-5.58710 Y8.68418
G01 X-5.58725 Y8.68474
G01 X-5.59192 Y8.70168
G01 X-5.59208 Y8.70221
G01 X-5.59838 Y8.72401
G01 X-5.60323 Y8.74074
G01 X-5.61387 Y8.78144
G01 X-5.62492 Y8.82820
G01 X-5.62527 Y8.82962
G01 X-5.63658 Y8.87186
G01 X-5.59850 Y8.91821
G01 X-5.56053 Y8.96002
G01 X-5.55649 Y8.96510
G01 X-5.48436 Y9.06889
G01 X-5.48060 Y9.07526
G01 X-5.47793 Y9.07409
G01 X-5.48060 Y9.07526
G01 X-5.47780 Y9.08215
G01 X-5.47608 Y9.08936
G01 X-5.47016 Y9.12566
G01 X-5.47000 Y9.12660
G01 X-5.46475 Y9.16317
G01 X-5.46414 Y9.16312
G01 X-5.46475 Y9.16317
G01 X-5.46429 Y9.16813
G01 X-5.46432 Y9.17313
G01 X-5.46556 Y9.19480
G01 X-5.46749 Y9.23676
G01 X-5.46790 Y9.24534
G01 X-5.46792 Y9.24590
G01 X-5.46896 Y9.26409
G01 X-5.46901 Y9.26465
G01 X-5.47188 Y9.30633
G01 X-5.47275 Y9.32136
G01 X-5.47506 Y9.37074
G01 X-5.47709 Y9.41156
G01 X-5.47961 Y9.46167
G01 X-5.47999 Y9.47115
G01 X-5.48110 Y9.50970
G01 X-5.48113 Y9.51036
G01 X-5.48164 Y9.52228
G01 X-5.48169 Y9.52296
G01 X-5.48288 Y9.54407
G01 X-5.48349 Y9.56231
G01 X-5.48375 Y9.58959
G01 X-5.48377 Y9.59058
G01 X-5.48423 Y9.60648
G01 X-5.48425 Y9.60747
G01 X-5.48451 Y9.61224
G01 X-5.48494 Y9.63063
G01 X-5.48494 Y10.27943
G01 X-5.48451 Y10.29782
G01 X-5.48220 Y10.34498
G01 X-5.47892 Y10.37805
G01 X-5.46213 Y10.40610
G01 X-5.44206 Y10.43617
G01 X-5.41402 Y10.47396
G01 X-5.39304 Y10.49954
G01 X-5.36175 Y10.53409
G01 X-5.33902 Y10.55679
G01 X-5.30447 Y10.58811
G01 X-5.27890 Y10.60909
G01 X-5.24031 Y10.63769
G01 X-5.23686 Y10.64021
G01 X-5.21552 Y10.65067
G01 X-5.17242 Y10.66990
G01 X-5.13714 Y10.68359
G01 X-5.09121 Y10.69886
G01 X-5.07095 Y10.70505
G01 X-4.98144 Y10.73002
G01 X-4.62294 Y10.83002
G01 X-4.26447 Y10.93002
G01 X-4.18499 Y10.93002
G01 X-4.14578 Y10.92809
G01 X-4.09701 Y10.92329
G01 X-4.05817 Y10.91752
G01 X-4.02010 Y10.90797
G01 X-3.97321 Y10.89375
G01 X-3.90077 Y10.86375
G01 X-3.85754 Y10.84064
G01 X-3.82386 Y10.82047
G01 X-3.79233 Y10.79708
G01 X-3.75446 Y10.76599
G01 X-3.69902 Y10.71054
G01 X-3.66793 Y10.67267
G01 X-3.64453 Y10.64112
G01 X-3.62434 Y10.60747
G01 X-3.60125 Y10.56424
G01 X-3.58497 Y10.52494
G01 X-3.58497 Y9.38509
G01 X-3.60125 Y9.34577
G01 X-3.62434 Y9.30257
G01 X-3.64453 Y9.26889
G01 X-3.66793 Y9.23737
G01 X-3.69902 Y9.19947
G01 X-3.73681 Y9.16167
G01 X-3.73770 Y9.16223
G01 X-3.73681 Y9.16167
G01 X-3.76569 Y9.09721
G01 X-3.77547 Y9.09718
G01 X-3.76569 Y9.09721
G01 X-3.70676 Y8.96830
G01 X-3.70745 Y8.96790
G01 X-3.70676 Y8.96830
G01 X-3.69902 Y8.96056
G01 X-3.66793 Y8.92266
G01 X-3.64453 Y8.89114
G01 X-3.62434 Y8.85746
G01 X-3.60125 Y8.81425
G01 X-3.58497 Y8.77493
G01 X-3.58497 Y7.58510
G01 X-3.63498 Y7.83000
G01 X-3.73498 Y7.83000
G01 X-3.83498 Y7.83000
G01 X-3.83546 Y7.82022
G01 X-3.84026 Y7.77143
G01 X-3.84171 Y7.76173
G01 X-3.84410 Y7.75220
G01 X-3.85832 Y7.70531
G01 X-3.86582 Y7.68720
G01 X-3.88893 Y7.64397
G01 X-3.89399 Y7.63557
G01 X-3.89983 Y7.62769
G01 X-3.93092 Y7.58979
G01 X-3.94476 Y7.57593
G01 X-3.98266 Y7.54484
G01 X-3.99053 Y7.53899
G01 X-3.99896 Y7.53397
G01 X-4.04217 Y7.51085
G01 X-4.06028 Y7.50336
G01 X-4.10719 Y7.48913
G01 X-4.11672 Y7.48675
G01 X-4.12642 Y7.48530
G01 X-4.17519 Y7.48050
G01 X-4.18499 Y7.48002
G01 X-5.08499 Y7.48002
G01 X-5.09480 Y7.48050
G01 X-5.14356 Y7.48530
G01 X-5.15327 Y7.48675
G01 X-5.16279 Y7.48913
G01 X-5.20968 Y7.50336
G01 X-5.22779 Y7.51085
G01 X-5.27102 Y7.53397
G01 X-5.27943 Y7.53899
G01 X-5.28733 Y7.54484
G01 X-5.32520 Y7.57593
G01 X-5.33907 Y7.58979
G01 X-5.37016 Y7.62769
G01 X-5.37600 Y7.63557
G01 X-5.38105 Y7.64397
G01 X-5.40414 Y7.68720
G01 X-5.41166 Y7.70531
G01 X-5.42588 Y7.75220
G01 X-5.42827 Y7.76173
G01 X-5.42969 Y7.77143
G01 X-5.43450 Y7.82022
G01 X-5.43498 Y7.83000
G01 X-5.43498 Y8.53000
G01 X-5.43450 Y8.53981
G01 X-5.42969 Y8.58860
G01 X-5.42827 Y8.59830
G01 X-5.42588 Y8.60780
G01 X-5.41166 Y8.65471
G01 X-5.40414 Y8.67283
G01 X-5.38105 Y8.71606
G01 X-5.37600 Y8.72446
G01 X-5.37016 Y8.73234
G01 X-5.33907 Y8.77023
G01 X-5.33246 Y8.77750
G01 X-5.32520 Y8.78410
G01 X-5.31329 Y8.79388
G01 X-5.17496 Y9.09601
G01 X-5.28608 Y9.34392
G01 X-5.28733 Y9.34483
G01 X-5.32520 Y9.37592
G01 X-5.33907 Y9.38979
G01 X-5.37016 Y9.42769
G01 X-5.37600 Y9.43556
G01 X-5.38105 Y9.44397
G01 X-5.40414 Y9.48720
G01 X-5.41166 Y9.50531
G01 X-5.42588 Y9.55222
G01 X-5.42827 Y9.56172
G01 X-5.42969 Y9.57143
G01 X-5.43450 Y9.62022
G01 X-5.43498 Y9.63002
G01 X-5.43498 Y10.28001
G01 X-5.43450 Y10.28981
G01 X-5.42969 Y10.33858
G01 X-5.42827 Y10.34829
G01 X-5.42588 Y10.35781
G01 X-5.41166 Y10.40472
G01 X-5.40414 Y10.42283
G01 X-5.38105 Y10.46604
G01 X-5.37600 Y10.47447
G01 X-5.37016 Y10.48235
G01 X-5.33907 Y10.52022
G01 X-5.32520 Y10.53409
G01 X-5.28733 Y10.56518
G01 X-5.27943 Y10.57102
G01 X-5.27102 Y10.57607
G01 X-5.22779 Y10.59919
G01 X-5.20968 Y10.60668
G01 X-5.16279 Y10.62090
G01 X-5.15327 Y10.62329
G01 X-5.14356 Y10.62474
G01 X-5.09480 Y10.62954
G01 X-5.08499 Y10.63002
G01 X-4.18499 Y10.63002
G01 X-4.17519 Y10.62954
G01 X-4.12642 Y10.62474
G01 X-4.11672 Y10.62329
G01 X-4.10719 Y10.62090
G01 X-4.06028 Y10.60668
G01 X-4.04217 Y10.59919
G01 X-3.99896 Y10.57607
G01 X-3.99053 Y10.57102
G01 X-3.98266 Y10.56518
G01 X-3.94476 Y10.53409
G01 X-3.93092 Y10.52022
G01 X-3.89983 Y10.48235
G01 X-3.89399 Y10.47447
G01 X-3.88893 Y10.46604
G01 X-3.86582 Y10.42283
G01 X-3.85832 Y10.40472
G01 X-3.84410 Y10.35781
G01 X-3.84171 Y10.34829
G01 X-3.84026 Y10.33858
G01 X-3.83546 Y10.28981
G01 X-3.83498 Y10.28001
G01 X-3.83498 Y9.63002
G01 X-3.83546 Y9.62022
G01 X-3.84026 Y9.57143
G01 X-3.84171 Y9.56172
G01 X-3.84410 Y9.55222
G01 X-3.85832 Y9.50531
G01 X-3.86582 Y9.48720
G01 X-3.88893 Y9.44397
G01 X-3.89399 Y9.43556
G01 X-3.89983 Y9.42769
G01 X-3.93092 Y9.38979
G01 X-3.94476 Y9.37592
G01 X-3.98266 Y9.34483
G01 X-3.98388 Y9.34394
G01 X-4.09498 Y9.09601
G01 X-3.95662 Y8.79383
G01 X-3.94476 Y8.78410
G01 X-3.93092 Y8.77023
G01 X-3.89983 Y8.73234
G01 X-3.89399 Y8.72446
G01 X-3.88893 Y8.71606
G01 X-3.86582 Y8.67283
G01 X-3.85832 Y8.65471
G01 X-3.84410 Y8.60780
G01 X-3.84171 Y8.59830
G01 X-3.84026 Y8.58860
G01 X-3.83546 Y8.53981
G01 X-3.83498 Y8.53000
G01 X-3.83498 Y7.83000
G01 X-3.73498 Y7.83000
G01 X-3.63498 Y7.83000
G01 X-3.58497 Y7.58510
G01 X-3.60125 Y7.54578
G01 X-3.62434 Y7.50257
G01 X-3.64453 Y7.46889
G01 X-3.66793 Y7.43737
G01 X-3.69902 Y7.39947
G01 X-3.75446 Y7.34402
G01 X-3.79233 Y7.31293
G01 X-3.82386 Y7.28957
G01 X-3.85754 Y7.26937
G01 X-3.90077 Y7.24628
G01 X-3.93998 Y7.23003
G01 X-5.12611 Y7.23003
G01 X-5.13480 Y7.23897
G01 X-5.17338 Y7.28113
G01 X-5.17991 Y7.28875
G01 X-5.16317 Y7.28626
G01 X-5.11440 Y7.28146
G01 X-5.08499 Y7.28002
G01 X-4.18499 Y7.28002
G01 X-4.15558 Y7.28146
G01 X-4.10681 Y7.28626
G01 X-4.07768 Y7.29058
G01 X-4.04913 Y7.29775
G01 X-4.00224 Y7.31197
G01 X-3.94791 Y7.33447
G01 X-3.90468 Y7.35756
G01 X-3.87943 Y7.37270
G01 X-3.85578 Y7.39025
G01 X-3.81789 Y7.42134
G01 X-3.77631 Y7.46292
G01 X-3.74522 Y7.50079
G01 X-3.72767 Y7.52444
G01 X-3.71255 Y7.54971
G01 X-3.68944 Y7.59292
G01 X-3.66693 Y7.64725
G01 X-3.65271 Y7.69416
G01 X-3.64555 Y7.72271
G01 X-3.64123 Y7.75185
G01 X-3.63643 Y7.80061
G01 X-3.63498 Y7.83000
G01 X-3.63498 Y8.53000
G01 X-3.63643 Y8.55941
G01 X-3.64123 Y8.60818
G01 X-3.64555 Y8.63732
G01 X-3.65271 Y8.66587
G01 X-3.66693 Y8.71278
G01 X-3.68944 Y8.76711
G01 X-3.71255 Y8.81032
G01 X-3.72767 Y8.83559
G01 X-3.74522 Y8.85924
G01 X-3.77631 Y8.89711
G01 X-3.79081 Y8.91161
G01 X-3.79117 Y8.91138
G01 X-3.79081 Y8.91161
G01 X-3.87547 Y9.09680
G01 X-3.88522 Y9.09678
G01 X-3.87547 Y9.09680
G01 X-3.82068 Y9.21905
G01 X-3.82147 Y9.21953
G01 X-3.82068 Y9.21905
G01 X-3.81789 Y9.22134
G01 X-3.77631 Y9.26292
G01 X-3.74522 Y9.30081
G01 X-3.72767 Y9.32444
G01 X-3.71255 Y9.34971
G01 X-3.68944 Y9.39292
G01 X-3.66693 Y9.44725
G01 X-3.65271 Y9.49416
G01 X-3.64555 Y9.52271
G01 X-3.64123 Y9.55184
G01 X-3.63643 Y9.60061
G01 X-3.63498 Y9.63002
G01 X-3.63498 Y10.28001
G01 X-3.63643 Y10.30942
G01 X-3.64123 Y10.35819
G01 X-3.64555 Y10.38730
G01 X-3.65271 Y10.41587
G01 X-3.66693 Y10.46276
G01 X-3.68944 Y10.51709
G01 X-3.71255 Y10.56032
G01 X-3.72767 Y10.58557
G01 X-3.74522 Y10.60922
G01 X-3.77631 Y10.64712
G01 X-3.81789 Y10.68870
G01 X-3.85578 Y10.71979
G01 X-3.87943 Y10.73731
G01 X-3.90468 Y10.75245
G01 X-3.94791 Y10.77556
G01 X-4.00224 Y10.79807
G01 X-4.04913 Y10.81229
G01 X-4.07768 Y10.81946
G01 X-4.10681 Y10.82377
G01 X-4.15558 Y10.82857
G01 X-4.18499 Y10.83002
G01 X-4.62294 Y10.83002
G01 X-4.98144 Y10.73002
G01 X-4.18499 Y10.73002
G01 X-4.16538 Y10.72906
G01 X-4.11662 Y10.72426
G01 X-4.09719 Y10.72136
G01 X-4.07816 Y10.71659
G01 X-4.03125 Y10.70236
G01 X-3.99503 Y10.68738
G01 X-3.95182 Y10.66426
G01 X-3.93498 Y10.65418
G01 X-3.91921 Y10.64249
G01 X-3.88134 Y10.61140
G01 X-3.85360 Y10.58367
G01 X-3.82251 Y10.54580
G01 X-3.81083 Y10.53002
G01 X-3.80074 Y10.51318
G01 X-3.77763 Y10.46995
G01 X-3.76262 Y10.43373
G01 X-3.74839 Y10.38684
G01 X-3.74364 Y10.36779
G01 X-3.74075 Y10.34839
G01 X-3.73595 Y10.29962
G01 X-3.73498 Y10.28001
G01 X-3.73498 Y9.63002
G01 X-3.73595 Y9.61042
G01 X-3.74075 Y9.56165
G01 X-3.74364 Y9.54222
G01 X-3.74839 Y9.52319
G01 X-3.76262 Y9.47628
G01 X-3.77763 Y9.44006
G01 X-3.80074 Y9.39685
G01 X-3.81083 Y9.38001
G01 X-3.82251 Y9.36424
G01 X-3.85360 Y9.32637
G01 X-3.88134 Y9.29863
G01 X-3.90232 Y9.28141
G01 X-3.90328 Y9.28202
G01 X-3.90232 Y9.28141
G01 X-3.98520 Y9.09647
G01 X-3.99498 Y9.09642
G01 X-3.98520 Y9.09647
G01 X-3.87440 Y8.85446
G01 X-3.87483 Y8.85423
G01 X-3.87440 Y8.85446
G01 X-3.85360 Y8.83366
G01 X-3.82251 Y8.79579
G01 X-3.81083 Y8.78001
G01 X-3.80074 Y8.76317
G01 X-3.77763 Y8.71997
G01 X-3.76262 Y8.68375
G01 X-3.74839 Y8.63683
G01 X-3.74364 Y8.61781
G01 X-3.74075 Y8.59838
G01 X-3.73595 Y8.54961
G01 X-3.73498 Y8.53000
G01 X-3.73498 Y7.83000
G01 X-3.73595 Y7.81042
G01 X-3.74075 Y7.76163
G01 X-3.74364 Y7.74222
G01 X-3.74839 Y7.72320
G01 X-3.76262 Y7.67628
G01 X-3.77763 Y7.64006
G01 X-3.80074 Y7.59683
G01 X-3.81083 Y7.58002
G01 X-3.82251 Y7.56424
G01 X-3.85360 Y7.52635
G01 X-3.88134 Y7.49863
G01 X-3.91921 Y7.46754
G01 X-3.93498 Y7.45586
G01 X-3.95182 Y7.44575
G01 X-3.99503 Y7.42266
G01 X-4.03125 Y7.40765
G01 X-4.07816 Y7.39343
G01 X-4.09719 Y7.38865
G01 X-4.11662 Y7.38578
G01 X-4.16538 Y7.38098
G01 X-4.18499 Y7.38002
G01 X-5.08499 Y7.38002
G01 X-5.10460 Y7.38098
G01 X-5.15337 Y7.38578
G01 X-5.17277 Y7.38865
G01 X-5.19182 Y7.39343
G01 X-5.23871 Y7.40765
G01 X-5.27493 Y7.42266
G01 X-5.31816 Y7.44575
G01 X-5.33500 Y7.45586
G01 X-5.35075 Y7.46754
G01 X-5.38865 Y7.49863
G01 X-5.41636 Y7.52635
G01 X-5.44745 Y7.56424
G01 X-5.45728 Y7.57750
G01 X-5.46264 Y7.58583
G01 X-5.46924 Y7.59683
G01 X-5.49233 Y7.64006
G01 X-5.50734 Y7.67628
G01 X-5.52157 Y7.72320
G01 X-5.52634 Y7.74222
G01 X-5.52921 Y7.76163
G01 X-5.53401 Y7.81042
G01 X-5.53498 Y7.83000
G01 X-5.53498 Y8.53000
G01 X-5.53401 Y8.54961
G01 X-5.52921 Y8.59838
G01 X-5.52634 Y8.61781
G01 X-5.52157 Y8.63683
G01 X-5.50734 Y8.68375
G01 X-5.49233 Y8.71997
G01 X-5.46924 Y8.76317
G01 X-5.45916 Y8.78001
G01 X-5.44745 Y8.79579
G01 X-5.41636 Y8.83366
G01 X-5.40318 Y8.84821
G01 X-5.39500 Y8.85563
G01 X-5.39459 Y8.85540
G01 X-5.39500 Y8.85563
G01 X-5.28474 Y9.09645
G01 X-5.27496 Y9.09642
G01 X-5.28474 Y9.09645
G01 X-5.36764 Y9.28138
G01 X-5.36680 Y9.28192
G01 X-5.36764 Y9.28138
G01 X-5.38865 Y9.29863
G01 X-5.41636 Y9.32637
G01 X-5.44745 Y9.36424
G01 X-5.45916 Y9.38001
G01 X-5.46924 Y9.39685
G01 X-5.47709 Y9.41156
G01 X-5.47506 Y9.37074
G01 X-5.47275 Y9.32136
G01 X-5.47188 Y9.30633
G01 X-5.46901 Y9.26465
G01 X-5.46896 Y9.26409
G01 X-5.46792 Y9.24590
G01 X-5.46790 Y9.24534
G01 X-5.46749 Y9.23676
G01 X-5.45207 Y9.22134
G01 X-5.44925 Y9.21903
G01 X-5.39452 Y9.09688
G01 X-5.38319 Y9.09718
G01 X-5.39452 Y9.09688
G01 X-5.47813 Y8.91423
G01 X-5.47745 Y8.91379
G01 X-5.47813 Y8.91423
G01 X-5.49368 Y8.89711
G01 X-5.52477 Y8.85924
G01 X-5.54229 Y8.83559
G01 X-5.55743 Y8.81032
G01 X-5.58055 Y8.76711
G01 X-5.59838 Y8.72401
G01 X-5.71443 Y8.77216
G01 X-5.79934 Y8.80742
G01 X-5.94610 Y8.86835
G01 X-5.95240 Y8.86579
G01 X-6.11186 Y8.78733
G01 X-6.11831 Y8.78354
G01 X-6.11862 Y8.78403
G01 X-6.11831 Y8.78354
G01 X-6.17663 Y8.74303
G01 X-6.17981 Y8.74064
G01 X-6.24290 Y8.68895
G01 X-6.24608 Y8.68611
G01 X-6.25898 Y8.67356
G01 X-6.25949 Y8.67308
G01 X-6.40582 Y8.52672
G01 X-6.42273 Y8.51062
G01 X-6.44227 Y8.49292
G01 X-6.46297 Y8.47758
G01 X-6.50178 Y8.45164
G01 X-6.52390 Y8.43836
G01 X-6.54714 Y8.42736
G01 X-6.59035 Y8.40948
G01 X-6.61460 Y8.40079
G01 X-6.63957 Y8.39454
G01 X-6.68539 Y8.38542
G01 X-6.71090 Y8.38164
G01 X-6.73724 Y8.38034
G01 X-6.76060 Y8.37979
G01 X-7.45042 Y8.37979
G01 X-7.45402 Y8.37963
G01 X-7.52598 Y8.37448
G01 X-7.52951 Y8.37410
G01 X-7.59939 Y8.36404
G01 X-7.60665 Y8.36244
G01 X-7.60675 Y8.36287
G01 X-7.60665 Y8.36244
G01 X-7.76937 Y8.31359
G01 X-7.77574 Y8.31118
G01 X-7.84399 Y8.28001
G01 X-8.63561 Y8.28001
G01 X-8.65664 Y8.30437
G01 X-8.63561 Y8.28001
G01 X-8.63642 Y8.26310
G01 X-8.63932 Y8.23384
G01 X-8.64363 Y8.20473
G01 X-8.65080 Y8.17615
G01 X-8.65933 Y8.14804
G01 X-8.66924 Y8.12030
G01 X-8.68183 Y8.09368
G01 X-8.69299 Y8.07278
G01 X-8.69128 Y8.07440
G01 X-8.68600 Y8.07956
G01 X-8.68526 Y8.08027
G01 X-8.66263 Y8.10153
G01 X-8.66187 Y8.10221
G01 X-8.63495 Y8.12647
G01 X-8.61171 Y8.14824
G01 X-8.60337 Y8.15637
G01 X-8.60269 Y8.15700
G01 X-8.57792 Y8.18022
G01 X-8.57726 Y8.18083
G01 X-8.56223 Y8.19444
G01 X-8.55555 Y8.19955
G01 X-8.54810 Y8.20343
G01 X-8.54013 Y8.20602
G01 X-8.54272 Y8.21288
G01 X-8.54013 Y8.20602
G01 X-8.53182 Y8.20727
G01 X-8.50886 Y8.20872
G01 X-8.50820 Y8.20874
G01 X-8.47879 Y8.21019
G01 X-8.47757 Y8.21024
G01 X-8.43622 Y8.21126
G01 X-8.43497 Y8.21128
G01 X-8.13500 Y8.21128
G01 X-8.13375 Y8.21126
G01 X-8.09245 Y8.21024
G01 X-8.09121 Y8.21021
G01 X-8.06180 Y8.20874
G01 X-8.05933 Y8.20856
G01 X-7.98064 Y8.20079
G01 X-7.85006 Y8.27699
G01 X-7.84562 Y8.27928
G01 X-7.84399 Y8.28001
G01 X-7.84562 Y8.27928
G01 X-7.85006 Y8.27699
G01 X-7.98064 Y8.20079
G01 X-8.05933 Y8.20856
G01 X-8.06180 Y8.20874
G01 X-8.09121 Y8.21021
G01 X-8.09245 Y8.21024
G01 X-8.13375 Y8.21126
G01 X-8.13500 Y8.21128
G01 X-8.43497 Y8.21128
G01 X-8.43622 Y8.21126
G01 X-8.47757 Y8.21024
G01 X-8.47879 Y8.21019
G01 X-8.50820 Y8.20874
G01 X-8.50886 Y8.20872
G01 X-8.53182 Y8.20727
G01 X-8.54013 Y8.20602
G01 X-8.54810 Y8.20343
G01 X-8.55555 Y8.19955
G01 X-8.56223 Y8.19444
G01 X-8.57726 Y8.18083
G01 X-8.57792 Y8.18022
G01 X-8.60269 Y8.15700
G01 X-8.60337 Y8.15637
G01 X-8.61171 Y8.14824
G01 X-8.63495 Y8.12647
G01 X-8.66187 Y8.10221
G01 X-8.66263 Y8.10153
G01 X-8.68526 Y8.08027
G01 X-8.68600 Y8.07956
G01 X-8.69128 Y8.07440
G01 X-8.69299 Y8.07278
G01 X-8.71270 Y8.05431
G01 X-8.73502 Y8.03427
G01 X-8.73584 Y8.03351
G01 X-8.75745 Y8.01321
G01 X-8.75824 Y8.01245
G01 X-8.76238 Y8.00839
G01 X-8.78303 Y7.98901
G01 X-8.80424 Y7.96998
G01 X-8.80508 Y7.96922
G01 X-8.82654 Y7.94905
G01 X-8.82735 Y7.94826
G01 X-8.83121 Y7.94451
G01 X-8.85199 Y7.92497
G01 X-8.87449 Y7.90475
G01 X-8.87528 Y7.90404
G01 X-8.88412 Y7.89574
G01 X-8.92715 Y7.90318
G01 X-8.94927 Y7.90790
G01 X-8.94963 Y7.90798
G01 X-8.95941 Y7.90999
G01 X-8.95976 Y7.91006
G01 X-9.01927 Y7.92182
G01 X-9.02059 Y7.92205
G01 X-9.05064 Y7.92716
G01 X-9.05199 Y7.92739
G01 X-9.07795 Y7.93104
G01 X-9.07879 Y7.93117
G01 X-9.09629 Y7.93335
G01 X-9.09712 Y7.93343
G01 X-9.14983 Y7.93910
G01 X-9.15250 Y7.93932
G01 X-9.20629 Y7.94222
G01 X-9.20896 Y7.94252
G01 X-9.38498 Y7.94252
G01 X-9.40459 Y7.94346
G01 X-9.43385 Y7.94636
G01 X-9.47231 Y7.95401
G01 X-9.50045 Y7.96254
G01 X-9.51892 Y7.96914
G01 X-9.53667 Y7.97755
G01 X-9.56261 Y7.99142
G01 X-9.59519 Y8.01319
G01 X-9.59669 Y8.01441
G01 X-9.60037 Y8.02144
G01 X-9.61048 Y8.04197
G01 X-9.62069 Y8.06396
G01 X-9.62097 Y8.06457
G01 X-9.62638 Y8.07582
G01 X-9.62669 Y8.07643
G01 X-9.63418 Y8.09155
G01 X-9.64604 Y8.11758
G01 X-9.65049 Y8.12830
G01 X-9.65097 Y8.12944
G01 X-9.65943 Y8.14852
G01 X-9.65994 Y8.14964
G01 X-9.66314 Y8.15639
G01 X-9.67708 Y8.18977
G01 X-9.67764 Y8.19129
G01 X-9.67828 Y8.19297
G01 X-9.68966 Y8.22093
G01 X-9.70434 Y8.25863
G01 X-9.70584 Y8.26310
G01 X-9.70629 Y8.26437
G01 X-9.71465 Y8.28728
G01 X-9.71513 Y8.28850
G01 X-9.71965 Y8.29990
G01 X-9.72354 Y8.31009
G01 X-9.73499 Y8.34113
G01 X-9.73682 Y8.34608
G01 X-9.73718 Y8.34699
G01 X-9.74490 Y8.36678
G01 X-9.74528 Y8.36767
G01 X-9.83499 Y8.58426
G01 X-9.89669 Y8.73320
G01 X-9.85514 Y8.80475
G01 X-9.85369 Y8.80747
G01 X-9.83499 Y8.84478
G01 X-9.81871 Y8.87732
G01 X-9.81607 Y8.88359
G01 X-9.75879 Y9.05182
G01 X-9.75692 Y9.05906
G01 X-9.74432 Y9.12896
G01 X-9.74348 Y9.12881
G01 X-9.74432 Y9.12896
G01 X-9.74378 Y9.13287
G01 X-9.73573 Y9.21382
G01 X-9.73548 Y9.21809
G01 X-9.73522 Y9.23627
G01 X-9.73522 Y9.23696
G01 X-9.73522 Y9.46691
G01 X-9.73464 Y9.49037
G01 X-9.73332 Y9.51697
G01 X-9.72359 Y9.55636
G01 X-9.71577 Y9.58273
G01 X-9.70764 Y9.60727
G01 X-9.70119 Y9.61923
G01 X-9.68760 Y9.64341
G01 X-9.66299 Y9.68253
G01 X-9.64810 Y9.69896
G01 X-9.64129 Y9.70630
G01 X-9.61475 Y9.73439
G01 X-9.61376 Y9.73546
G01 X-9.59395 Y9.75768
G01 X-9.59301 Y9.75875
G01 X-9.59118 Y9.76096
G01 X-9.55946 Y9.79535
G01 X-9.53845 Y9.81623
G01 X-9.53804 Y9.81661
G01 X-9.49458 Y9.86081
G01 X-9.49377 Y9.86167
G01 X-9.47056 Y9.88646
G01 X-9.46977 Y9.88730
G01 X-9.46652 Y9.89093
G01 X-9.46009 Y9.88908
G01 X-9.43032 Y9.88004
G01 X-9.40993 Y9.87346
G01 X-9.40109 Y9.87046
G01 X-9.39913 Y9.86983
G01 X-9.35054 Y9.85547
G01 X-9.34851 Y9.85492
G01 X-9.28971 Y9.84018
G01 X-9.28735 Y9.83965
G01 X-9.23538 Y9.82929
G01 X-9.23543 Y9.82903
G01 X-9.23538 Y9.82929
G01 X-9.23294 Y9.82888
G01 X-9.17414 Y9.82014
G01 X-9.17170 Y9.81984
G01 X-9.14823 Y9.81750
G01 X-9.12268 Y9.81499
G01 X-9.12019 Y9.81481
G01 X-9.08806 Y9.81323
G01 X-9.03870 Y9.80955
G01 X-9.03743 Y9.80948
G01 X-9.03538 Y9.80937
G01 X-8.99583 Y9.80546
G01 X-8.98912 Y9.80480
G01 X-8.96215 Y9.80079
G01 X-8.91351 Y9.79111
G01 X-8.88648 Y9.78433
G01 X-8.83396 Y9.76835
G01 X-8.80688 Y9.75868
G01 X-8.74775 Y9.73411
G01 X-8.72057 Y9.72126
G01 X-8.71198 Y9.71664
G01 X-8.65285 Y9.68494
G01 X-8.62557 Y9.66858
G01 X-8.55831 Y9.62350
G01 X-8.55509 Y9.61288
G01 X-8.54686 Y9.58004
G01 X-8.56289 Y9.55923
G01 X-8.54686 Y9.58004
G01 X-7.04994 Y9.58004
G01 X-7.04676 Y9.57242
G01 X-7.04994 Y9.58004
G01 X-6.73498 Y9.89497
G01 X-6.72736 Y9.89182
G01 X-6.73498 Y9.89497
G01 X-6.73498 Y10.18443
G01 X-6.63498 Y10.42583
G01 X-6.56891 Y10.58532
G01 X-6.55771 Y10.61062
G01 X-6.53178 Y10.66543
G01 X-6.52957 Y10.66954
G01 X-6.50960 Y10.70696
G01 X-6.47971 Y10.75684
G01 X-6.45728 Y10.79045
G01 X-6.42332 Y10.83622
G01 X-6.39985 Y10.86485
G01 X-6.36154 Y10.90711
G01 X-6.34917 Y10.92012
G01 X-6.04961 Y11.21966
G01 X-6.04892 Y11.22037
G01 X-6.03833 Y11.23139
G01 X-6.03757 Y11.23203
G01 X-6.00567 Y11.26667
G01 X-6.00434 Y11.26817
G01 X-5.98405 Y11.29195
G01 X-5.98281 Y11.29347
G01 X-5.95344 Y11.33068
G01 X-5.95238 Y11.33210
G01 X-5.93475 Y11.35618
G01 X-5.93002 Y11.36411
G01 X-5.92878 Y11.36342
G01 X-5.93002 Y11.36411
G01 X-5.90828 Y11.40947
G01 X-5.90744 Y11.41128
G01 X-5.89413 Y11.44216
G01 X-5.89340 Y11.44397
G01 X-5.87630 Y11.48826
G01 X-5.87562 Y11.49009
G01 X-5.86429 Y11.52326
G01 X-5.86368 Y11.52514
G01 X-5.84971 Y11.57196
G01 X-5.84943 Y11.57292
G01 X-5.84425 Y11.59167
G01 X-5.84399 Y11.59263
G01 X-5.83805 Y11.61577
G01 X-5.53498 Y12.16931
G01 X-5.53218 Y12.16858
G01 X-5.53498 Y12.16931
G01 X-5.53498 Y12.33002
G01 X-5.53401 Y12.34963
G01 X-5.52921 Y12.39840
G01 X-5.52634 Y12.41780
G01 X-5.52157 Y12.43685
G01 X-5.50734 Y12.48374
G01 X-5.49233 Y12.51996
G01 X-5.46924 Y12.56319
G01 X-5.45916 Y12.58003
G01 X-5.44745 Y12.59578
G01 X-5.41636 Y12.63368
G01 X-5.38865 Y12.66139
G01 X-5.35075 Y12.69248
G01 X-5.33500 Y12.70419
G01 X-5.31816 Y12.71427
G01 X-5.27493 Y12.73736
G01 X-5.23871 Y12.75237
G01 X-5.19182 Y12.76659
G01 X-5.17277 Y12.77137
G01 X-5.15337 Y12.77424
G01 X-5.10460 Y12.77904
G01 X-5.08499 Y12.78001
G01 X-4.18499 Y12.78001
G01 X-4.16538 Y12.77904
G01 X-4.11662 Y12.77424
G01 X-4.09719 Y12.77137
G01 X-4.07816 Y12.76659
G01 X-4.03125 Y12.75237
G01 X-3.99503 Y12.73736
G01 X-3.95182 Y12.71427
G01 X-3.93498 Y12.70419
G01 X-3.91921 Y12.69248
G01 X-3.88134 Y12.66139
G01 X-3.85360 Y12.63368
G01 X-3.82251 Y12.59578
G01 X-3.81083 Y12.58003
G01 X-3.80074 Y12.56319
G01 X-3.77763 Y12.51996
G01 X-3.76262 Y12.48374
G01 X-3.74839 Y12.43685
G01 X-3.74364 Y12.41780
G01 X-3.74075 Y12.39840
G01 X-3.73595 Y12.34963
G01 X-3.73498 Y12.33002
G01 X-3.73498 Y11.68001
G01 X-3.63498 Y11.68001
G01 X-3.58497 Y11.43508
G01 X-3.63498 Y11.68001
G01 X-3.73498 Y11.68001
G01 X-3.83498 Y11.68001
G01 X-3.83546 Y11.67020
G01 X-3.84026 Y11.62143
G01 X-3.84171 Y11.61173
G01 X-3.84410 Y11.60221
G01 X-3.85832 Y11.55532
G01 X-3.86582 Y11.53721
G01 X-3.88893 Y11.49398
G01 X-3.89399 Y11.48557
G01 X-3.89983 Y11.47767
G01 X-3.93092 Y11.43980
G01 X-3.94476 Y11.42593
G01 X-3.98266 Y11.39484
G01 X-3.99053 Y11.38900
G01 X-3.99896 Y11.38394
G01 X-4.04217 Y11.36086
G01 X-4.06028 Y11.35334
G01 X-4.10719 Y11.33911
G01 X-4.11672 Y11.33673
G01 X-4.12642 Y11.33530
G01 X-4.17519 Y11.33050
G01 X-4.18499 Y11.33002
G01 X-4.36891 Y11.33002
G01 X-5.31910 Y10.75519
G01 X-5.63495 Y10.43932
G01 X-5.63495 Y9.60501
G01 X-5.63528 Y9.59718
G01 X-5.63897 Y9.55024
G01 X-5.64143 Y9.53475
G01 X-5.65240 Y9.48898
G01 X-5.65725 Y9.47404
G01 X-5.67529 Y9.43056
G01 X-5.68240 Y9.41656
G01 X-5.70699 Y9.37643
G01 X-5.71623 Y9.36373
G01 X-5.74679 Y9.32794
G01 X-5.75212 Y9.32218
G01 X-6.47714 Y8.59718
G01 X-6.48440 Y8.59058
G01 X-6.52987 Y8.55329
G01 X-6.54618 Y8.54240
G01 X-6.59804 Y8.51466
G01 X-6.61615 Y8.50717
G01 X-6.67244 Y8.49010
G01 X-6.69164 Y8.48626
G01 X-6.75019 Y8.48050
G01 X-6.75997 Y8.48001
G01 X-8.83500 Y8.48001
G01 X-8.83500 Y8.29251
G01 X-8.83548 Y8.28271
G01 X-8.83835 Y8.25345
G01 X-8.83980 Y8.24374
G01 X-8.84218 Y8.23422
G01 X-8.85072 Y8.20607
G01 X-8.85402 Y8.19683
G01 X-8.85821 Y8.18796
G01 X-8.87208 Y8.16203
G01 X-8.88298 Y8.14575
G01 X-8.90162 Y8.12302
G01 X-8.90820 Y8.11573
G01 X-8.91549 Y8.10915
G01 X-8.93822 Y8.09048
G01 X-8.95450 Y8.07961
G01 X-8.98044 Y8.06574
G01 X-8.98933 Y8.06155
G01 X-8.99855 Y8.05825
G01 X-9.02669 Y8.04971
G01 X-9.04592 Y8.04588
G01 X-9.07518 Y8.04301
G01 X-9.08498 Y8.04252
G01 X-9.38498 Y8.04252
G01 X-9.39479 Y8.04301
G01 X-9.42405 Y8.04588
G01 X-9.44328 Y8.04971
G01 X-9.47142 Y8.05825
G01 X-9.48066 Y8.06155
G01 X-9.48953 Y8.06574
G01 X-9.51546 Y8.07961
G01 X-9.53177 Y8.09048
G01 X-9.55450 Y8.10915
G01 X-9.56177 Y8.11573
G01 X-9.56835 Y8.12302
G01 X-9.58701 Y8.14575
G01 X-9.59791 Y8.16203
G01 X-9.61175 Y8.18796
G01 X-9.61595 Y8.19683
G01 X-9.61927 Y8.20607
G01 X-9.62781 Y8.23422
G01 X-9.63019 Y8.24374
G01 X-9.63162 Y8.25345
G01 X-9.63451 Y8.28271
G01 X-9.63500 Y8.29251
G01 X-9.63500 Y9.46751
G01 X-9.63451 Y9.47732
G01 X-9.63162 Y9.50658
G01 X-9.63019 Y9.51628
G01 X-9.62781 Y9.52581
G01 X-9.61927 Y9.55395
G01 X-9.61595 Y9.56317
G01 X-9.61175 Y9.57206
G01 X-9.59791 Y9.59799
G01 X-9.58701 Y9.61428
G01 X-9.56835 Y9.63701
G01 X-9.56177 Y9.64430
G01 X-9.55450 Y9.65088
G01 X-9.53177 Y9.66955
G01 X-9.51546 Y9.68042
G01 X-9.48953 Y9.69429
G01 X-9.48066 Y9.69848
G01 X-9.47142 Y9.70178
G01 X-9.44328 Y9.71031
G01 X-9.42405 Y9.71415
G01 X-9.39479 Y9.71702
G01 X-9.38498 Y9.71750
G01 X-9.08498 Y9.71750
G01 X-9.07518 Y9.71702
G01 X-9.04592 Y9.71415
G01 X-9.02669 Y9.71031
G01 X-8.99855 Y9.70178
G01 X-8.98933 Y9.69848
G01 X-8.98044 Y9.69429
G01 X-8.95450 Y9.68042
G01 X-8.93822 Y9.66955
G01 X-8.91549 Y9.65088
G01 X-8.90820 Y9.64430
G01 X-8.90162 Y9.63701
G01 X-8.88298 Y9.61428
G01 X-8.87208 Y9.59799
G01 X-8.85821 Y9.57206
G01 X-8.85402 Y9.56317
G01 X-8.85072 Y9.55395
G01 X-8.84218 Y9.52581
G01 X-8.83980 Y9.51628
G01 X-8.83835 Y9.50658
G01 X-8.83548 Y9.47732
G01 X-8.83500 Y9.46751
G01 X-8.83500 Y9.28004
G01 X-6.92565 Y9.28004
G01 X-6.43498 Y9.77071
G01 X-6.43498 Y10.60500
G01 X-6.43449 Y10.61481
G01 X-6.42873 Y10.67335
G01 X-6.42728 Y10.68306
G01 X-6.42489 Y10.69258
G01 X-6.40782 Y10.74884
G01 X-6.40033 Y10.76695
G01 X-6.37259 Y10.81882
G01 X-6.36756 Y10.82725
G01 X-6.36170 Y10.83513
G01 X-6.32441 Y10.88059
G01 X-6.31781 Y10.88786
G01 X-5.88641 Y11.31925
G01 X-5.43498 Y12.14374
G01 X-5.43498 Y12.33002
G01 X-5.43450 Y12.33982
G01 X-5.42969 Y12.38859
G01 X-5.42827 Y12.39829
G01 X-5.42588 Y12.40782
G01 X-5.41166 Y12.45471
G01 X-5.40414 Y12.47282
G01 X-5.38105 Y12.51605
G01 X-5.37600 Y12.52446
G01 X-5.37016 Y12.53236
G01 X-5.33907 Y12.57023
G01 X-5.32520 Y12.58409
G01 X-5.28733 Y12.61518
G01 X-5.27943 Y12.62103
G01 X-5.27102 Y12.62608
G01 X-5.22779 Y12.64917
G01 X-5.20968 Y12.65669
G01 X-5.16279 Y12.67091
G01 X-5.15327 Y12.67330
G01 X-5.14356 Y12.67472
G01 X-5.09480 Y12.67952
G01 X-5.08499 Y12.68001
G01 X-4.18499 Y12.68001
G01 X-4.17519 Y12.67952
G01 X-4.12642 Y12.67472
G01 X-4.11672 Y12.67330
G01 X-4.10719 Y12.67091
G01 X-4.06028 Y12.65669
G01 X-4.04217 Y12.64917
G01 X-3.99896 Y12.62608
G01 X-3.99053 Y12.62103
G01 X-3.98266 Y12.61518
G01 X-3.94476 Y12.58409
G01 X-3.93092 Y12.57023
G01 X-3.89983 Y12.53236
G01 X-3.89399 Y12.52446
G01 X-3.88893 Y12.51605
G01 X-3.86582 Y12.47282
G01 X-3.85832 Y12.45471
G01 X-3.84410 Y12.40782
G01 X-3.84171 Y12.39829
G01 X-3.84026 Y12.38859
G01 X-3.83546 Y12.33982
G01 X-3.83498 Y12.33002
G01 X-3.83498 Y11.68001
G01 X-3.73498 Y11.68001
G01 X-3.73595 Y11.66040
G01 X-3.74075 Y11.61163
G01 X-3.74364 Y11.59222
G01 X-3.74839 Y11.57317
G01 X-3.76262 Y11.52629
G01 X-3.77763 Y11.49007
G01 X-3.80074 Y11.44684
G01 X-3.81083 Y11.43000
G01 X-3.82251 Y11.41425
G01 X-3.85360 Y11.37635
G01 X-3.88134 Y11.34864
G01 X-3.91921 Y11.31755
G01 X-3.93498 Y11.30584
G01 X-3.95182 Y11.29576
G01 X-3.99503 Y11.27267
G01 X-4.03125 Y11.25766
G01 X-4.07816 Y11.24343
G01 X-4.09719 Y11.23866
G01 X-4.11662 Y11.23579
G01 X-4.16538 Y11.23099
G01 X-4.18499 Y11.23002
G01 X-4.34103 Y11.23002
G01 X-4.34202 Y11.23360
G01 X-4.34103 Y11.23002
G01 X-5.00826 Y10.82636
G01 X-5.09840 Y10.80122
G01 X-4.64976 Y10.92636
G01 X-4.31311 Y11.13002
G01 X-4.31405 Y11.13307
G01 X-4.31311 Y11.13002
G01 X-4.18499 Y11.13002
G01 X-4.15558 Y11.13147
G01 X-4.10681 Y11.13627
G01 X-4.07768 Y11.14059
G01 X-4.04913 Y11.14772
G01 X-4.00224 Y11.16195
G01 X-3.94791 Y11.18448
G01 X-3.90468 Y11.20757
G01 X-3.87943 Y11.22271
G01 X-3.85578 Y11.24023
G01 X-3.81789 Y11.27132
G01 X-3.77631 Y11.31293
G01 X-3.74522 Y11.35080
G01 X-3.72767 Y11.37445
G01 X-3.71255 Y11.39969
G01 X-3.68944 Y11.44292
G01 X-3.66693 Y11.49725
G01 X-3.65271 Y11.54414
G01 X-3.64555 Y11.57272
G01 X-3.64123 Y11.60183
G01 X-3.63643 Y11.65062
G01 X-3.63498 Y11.68001
G01 X-3.63498 Y12.33002
G01 X-3.63643 Y12.35941
G01 X-3.64123 Y12.40820
G01 X-3.64555 Y12.43731
G01 X-3.65271 Y12.46586
G01 X-3.66693 Y12.51277
G01 X-3.68944 Y12.56710
G01 X-3.71255 Y12.61033
G01 X-3.72767 Y12.63558
G01 X-3.74522 Y12.65923
G01 X-3.77631 Y12.69710
G01 X-3.79165 Y12.71244
G01 X-3.81210 Y12.72095
G01 X-3.85881 Y12.73766
G01 X-3.91743 Y12.75549
G01 X-3.96401 Y12.76715
G01 X-4.01720 Y12.77777
G01 X-4.06378 Y12.78465
G01 X-4.11390 Y12.78961
G01 X-4.16102 Y12.79192
G01 X-4.18560 Y12.79253
G01 X-5.08436 Y12.79253
G01 X-5.10894 Y12.79192
G01 X-5.15609 Y12.78961
G01 X-5.20620 Y12.78465
G01 X-5.25278 Y12.77774
G01 X-5.30584 Y12.76718
G01 X-5.35248 Y12.75549
G01 X-5.41115 Y12.73766
G01 X-5.45786 Y12.72095
G01 X-5.47834 Y12.71244
G01 X-5.49368 Y12.69710
G01 X-5.52477 Y12.65923
G01 X-5.54229 Y12.63558
G01 X-5.55743 Y12.61033
G01 X-5.58055 Y12.56710
G01 X-5.60305 Y12.51277
G01 X-5.61727 Y12.46586
G01 X-5.62441 Y12.43731
G01 X-5.62873 Y12.40820
G01 X-5.63356 Y12.35941
G01 X-5.63498 Y12.33002
G01 X-5.63498 Y12.19492
G01 X-5.63223 Y12.19415
G01 X-5.63498 Y12.19492
G01 X-5.73805 Y12.00665
G01 X-5.83805 Y11.61577
G01 X-5.73805 Y12.00665
G01 X-5.68651 Y12.20812
G01 X-5.68598 Y12.20805
G01 X-5.68651 Y12.20812
G01 X-5.68535 Y12.21427
G01 X-5.68494 Y12.22052
G01 X-5.68494 Y12.32941
G01 X-5.68403 Y12.36746
G01 X-5.68171 Y12.41463
G01 X-5.67407 Y12.49205
G01 X-5.67399 Y12.49255
G01 X-5.65987 Y12.51610
G01 X-5.61740 Y12.57975
G01 X-5.58936 Y12.61757
G01 X-5.54369 Y12.67325
G01 X-5.52634 Y12.69238
G01 X-5.52439 Y12.69331
G01 X-5.47834 Y12.71244
G01 X-5.45786 Y12.72095
G01 X-5.41115 Y12.73766
G01 X-5.35248 Y12.75549
G01 X-5.30584 Y12.76718
G01 X-5.25278 Y12.77774
G01 X-5.20620 Y12.78465
G01 X-5.15609 Y12.78961
G01 X-5.10894 Y12.79192
G01 X-5.08436 Y12.79253
G01 X-4.18560 Y12.79253
G01 X-4.16102 Y12.79192
G01 X-4.11390 Y12.78961
G01 X-4.06378 Y12.78465
G01 X-4.01720 Y12.77777
G01 X-3.96401 Y12.76715
G01 X-3.91743 Y12.75549
G01 X-3.85881 Y12.73766
G01 X-3.81210 Y12.72095
G01 X-3.79165 Y12.71244
G01 X-3.74560 Y12.69331
G01 X-3.69884 Y12.67119
G01 X-3.62055 Y12.62923
G01 X-3.60394 Y12.61927
G01 X-3.60125 Y12.61424
G01 X-3.58819 Y12.58275
G01 X-3.58550 Y12.54965
G01 X-3.58497 Y12.53525
G01 X-3.58497 Y11.43508
G01 X-3.60125 Y11.39578
G01 X-3.62434 Y11.35255
G01 X-3.64453 Y11.31890
G01 X-3.66793 Y11.28737
G01 X-3.69902 Y11.24948
G01 X-3.75446 Y11.19403
G01 X-3.79233 Y11.16294
G01 X-3.82386 Y11.13955
G01 X-3.85754 Y11.11938
G01 X-3.90077 Y11.09626
G01 X-3.97321 Y11.06627
G01 X-4.02010 Y11.05204
G01 X-4.05817 Y11.04249
G01 X-4.09701 Y11.03675
G01 X-4.14578 Y11.03193
G01 X-4.18459 Y11.03002
G01 X-4.27125 Y11.03005
G01 X-4.27156 Y11.03002
G01 X-4.28522 Y11.03002
G01 X-4.28532 Y11.03063
G01 X-4.28522 Y11.03002
G01 X-4.29127 Y11.02636
G01 X-5.09840 Y10.80122
G01 X-5.09960 Y10.80086
G01 X-5.12101 Y10.79433
G01 X-5.12220 Y10.79395
G01 X-5.16988 Y10.77808
G01 X-5.17214 Y10.77724
G01 X-5.20973 Y10.76269
G01 X-5.21199 Y10.76175
G01 X-5.25710 Y10.74163
G01 X-5.25880 Y10.74084
G01 X-5.28476 Y10.72807
G01 X-5.28573 Y10.72969
G01 X-5.28476 Y10.72807
G01 X-5.29203 Y10.72370
G01 X-5.29916 Y10.71854
G01 X-5.29962 Y10.71821
G01 X-5.33942 Y10.68870
G01 X-5.34135 Y10.68720
G01 X-5.36886 Y10.66464
G01 X-5.37072 Y10.66304
G01 X-5.40709 Y10.63007
G01 X-5.40887 Y10.62837
G01 X-5.43333 Y10.60391
G01 X-5.43503 Y10.60213
G01 X-5.46800 Y10.56576
G01 X-5.46851 Y10.56622
G01 X-5.46800 Y10.56576
G01 X-5.46960 Y10.56391
G01 X-5.49210 Y10.53645
G01 X-5.49363 Y10.53452
G01 X-5.52312 Y10.49474
G01 X-5.52454 Y10.49271
G01 X-5.54598 Y10.46060
G01 X-5.54727 Y10.45855
G01 X-5.57011 Y10.42042
G01 X-5.57239 Y10.42136
G01 X-5.57011 Y10.42042
G01 X-5.57430 Y10.41156
G01 X-5.57668 Y10.40206
G01 X-5.57757 Y10.39614
G01 X-5.57785 Y10.39373
G01 X-5.58182 Y10.35357
G01 X-5.58220 Y10.35362
G01 X-5.58182 Y10.35357
G01 X-5.58199 Y10.35110
G01 X-5.58441 Y10.30211
G01 X-5.58446 Y10.30089
G01 X-5.58494 Y10.28125
G01 X-5.58497 Y10.28001
G01 X-5.58497 Y9.63002
G01 X-5.58494 Y9.62880
G01 X-5.58446 Y9.60917
G01 X-5.58441 Y9.60795
G01 X-5.58418 Y9.60305
G01 X-5.58372 Y9.58814
G01 X-5.58347 Y9.56076
G01 X-5.58344 Y9.55959
G01 X-5.58281 Y9.54018
G01 X-5.58276 Y9.53902
G01 X-5.58154 Y9.51765
G01 X-5.58105 Y9.50640
G01 X-5.57994 Y9.46797
G01 X-5.57991 Y9.46744
G01 X-5.57950 Y9.45743
G01 X-5.57948 Y9.45695
G01 X-5.57696 Y9.40653
G01 X-5.57496 Y9.36604
G01 X-5.57262 Y9.31638
G01 X-5.57260 Y9.31585
G01 X-5.57171 Y9.30031
G01 X-5.57166 Y9.29975
G01 X-5.56879 Y9.25807
G01 X-5.56777 Y9.24046
G01 X-5.56729 Y9.23013
G01 X-5.56543 Y9.18989
G01 X-5.56541 Y9.18936
G01 X-5.56444 Y9.17244
G01 X-5.56891 Y9.14130
G01 X-5.57295 Y9.11666
G01 X-5.63676 Y9.02484
G01 X-5.67336 Y8.98451
G01 X-5.67498 Y8.98265
G01 X-5.70991 Y8.94013
G01 X-5.72207 Y8.92797
G01 X-5.86746 Y8.89431
G01 X-5.87196 Y8.89304
G01 X-5.94610 Y8.86835
G01 X-5.91163 Y8.87984
G01 X-5.61070 Y9.18075
G01 X-5.59472 Y9.19805
G01 X-5.56729 Y9.23013
G01 X-5.56777 Y9.24046
G01 X-5.56879 Y9.25807
G01 X-5.57166 Y9.29975
G01 X-5.57171 Y9.30031
G01 X-5.57260 Y9.31585
G01 X-5.57262 Y9.31638
G01 X-5.57496 Y9.36604
G01 X-5.57696 Y9.40653
G01 X-5.58288 Y9.39228
G01 X-5.59713 Y9.36431
G01 X-5.62174 Y9.32418
G01 X-5.64018 Y9.29878
G01 X-5.67077 Y9.26299
G01 X-5.68141 Y9.25146
G01 X-6.40643 Y8.52647
G01 X-6.42098 Y8.51329
G01 X-6.46645 Y8.47598
G01 X-6.49903 Y8.45421
G01 X-6.55090 Y8.42647
G01 X-6.58712 Y8.41148
G01 X-6.64341 Y8.39439
G01 X-6.68186 Y8.38674
G01 X-6.74039 Y8.38098
G01 X-6.75997 Y8.38001
G01 X-8.73500 Y8.38001
G01 X-8.76251 Y8.40833
G01 X-8.73500 Y8.38001
G01 X-8.73500 Y8.29251
G01 X-8.73596 Y8.27290
G01 X-8.73883 Y8.24364
G01 X-8.74170 Y8.22424
G01 X-8.74648 Y8.20519
G01 X-8.75501 Y8.17704
G01 X-8.76164 Y8.15858
G01 X-8.77002 Y8.14082
G01 X-8.78389 Y8.11489
G01 X-8.80566 Y8.08230
G01 X-8.82433 Y8.05957
G01 X-8.83751 Y8.04501
G01 X-8.85204 Y8.03186
G01 X-8.87477 Y8.01319
G01 X-8.90736 Y7.99142
G01 X-8.93329 Y7.97755
G01 X-8.95105 Y7.96914
G01 X-8.96952 Y7.96254
G01 X-8.99766 Y7.95401
G01 X-9.03611 Y7.94636
G01 X-9.06537 Y7.94346
G01 X-9.08498 Y7.94252
G01 X-9.20896 Y7.94252
G01 X-9.26050 Y7.94230
G01 X-9.26408 Y7.94214
G01 X-9.33604 Y7.93699
G01 X-9.33957 Y7.93661
G01 X-9.39166 Y7.92911
G01 X-9.40830 Y7.92700
G01 X-9.41656 Y7.92609
G01 X-9.41793 Y7.92591
G01 X-9.44787 Y7.92177
G01 X-9.44919 Y7.92157
G01 X-9.50822 Y7.91179
G01 X-9.50942 Y7.91156
G01 X-9.53616 Y7.90646
G01 X-9.54170 Y7.91509
G01 X-9.55852 Y7.94313
G01 X-9.57818 Y7.97857
G01 X-9.58801 Y7.99777
G01 X-9.58818 Y7.99812
G01 X-9.59669 Y8.01441
G01 X-9.60037 Y8.02144
G01 X-9.61048 Y8.04197
G01 X-9.62069 Y8.06396
G01 X-9.62097 Y8.06457
G01 X-9.62638 Y8.07582
G01 X-9.62669 Y8.07643
G01 X-9.63418 Y8.09155
G01 X-9.64604 Y8.11758
G01 X-9.65049 Y8.12830
G01 X-9.65097 Y8.12944
G01 X-9.65943 Y8.14852
G01 X-9.65994 Y8.14964
G01 X-9.66314 Y8.15639
G01 X-9.67708 Y8.18977
G01 X-9.67764 Y8.19129
G01 X-9.67828 Y8.19297
G01 X-9.68966 Y8.22093
G01 X-9.70434 Y8.25863
G01 X-9.70584 Y8.26310
G01 X-9.70629 Y8.26437
G01 X-9.71465 Y8.28728
G01 X-9.71513 Y8.28850
G01 X-9.71965 Y8.29990
G01 X-9.72354 Y8.31009
G01 X-9.73499 Y8.34113
G01 X-9.73682 Y8.34608
G01 X-9.73718 Y8.34699
G01 X-9.74490 Y8.36678
G01 X-9.74528 Y8.36767
G01 X-9.83499 Y8.58426
G01 X-9.83499 Y8.84478
G01 X-9.73345 Y9.51870
G01 X-9.73314 Y9.52088
G01 X-9.78308 Y9.52334
G01 X-9.73345 Y9.51870
G01 X-9.73329 Y9.51870
G01 X-9.73319 Y9.51989
G01 X-9.73314 Y9.52088
G01 X-9.73345 Y9.51870
G01 X-9.83499 Y8.84478
G01 X-9.83499 Y8.58426
G01 X-9.74528 Y8.36767
G01 X-9.74490 Y8.36678
G01 X-9.73718 Y8.34699
G01 X-9.73682 Y8.34608
G01 X-9.73499 Y8.34113
G01 X-9.73499 Y9.46751
G01 X-9.73403 Y9.48712
G01 X-9.73113 Y9.51638
G01 X-9.72826 Y9.53579
G01 X-9.72349 Y9.55484
G01 X-9.71495 Y9.58298
G01 X-9.70835 Y9.60145
G01 X-9.69994 Y9.61920
G01 X-9.68610 Y9.64514
G01 X-9.66431 Y9.67773
G01 X-9.64566 Y9.70046
G01 X-9.63248 Y9.71501
G01 X-9.61793 Y9.72817
G01 X-9.59519 Y9.74684
G01 X-9.56261 Y9.76861
G01 X-9.53667 Y9.78247
G01 X-9.51892 Y9.79088
G01 X-9.50045 Y9.79749
G01 X-9.47231 Y9.80602
G01 X-9.43385 Y9.81367
G01 X-9.40459 Y9.81656
G01 X-9.38498 Y9.81750
G01 X-9.14823 Y9.81750
G01 X-9.12268 Y9.81499
G01 X-9.12019 Y9.81481
G01 X-9.08806 Y9.81323
G01 X-9.03870 Y9.80955
G01 X-9.03743 Y9.80948
G01 X-9.03538 Y9.80937
G01 X-8.99583 Y9.80546
G01 X-8.96952 Y9.79749
G01 X-8.95105 Y9.79088
G01 X-8.93329 Y9.78247
G01 X-8.90736 Y9.76861
G01 X-8.87477 Y9.74684
G01 X-8.85204 Y9.72817
G01 X-8.83751 Y9.71501
G01 X-8.82433 Y9.70046
G01 X-8.80566 Y9.67773
G01 X-8.78389 Y9.64514
G01 X-8.77002 Y9.61920
G01 X-8.76164 Y9.60145
G01 X-8.75501 Y9.58298
G01 X-8.74648 Y9.55484
G01 X-8.74170 Y9.53579
G01 X-8.73883 Y9.51638
G01 X-8.73596 Y9.48712
G01 X-8.73500 Y9.46751
G01 X-8.73500 Y9.38004
G01 X-8.76251 Y9.35172
G01 X-8.73500 Y9.38004
G01 X-6.96708 Y9.38004
G01 X-6.96393 Y9.37242
G01 X-6.96708 Y9.38004
G01 X-6.53498 Y9.81214
G01 X-6.52748 Y9.80902
G01 X-6.53498 Y9.81214
G01 X-6.53498 Y10.60500
G01 X-6.53401 Y10.62461
G01 X-6.52957 Y10.66954
G01 X-6.53178 Y10.66543
G01 X-6.55771 Y10.61062
G01 X-6.56891 Y10.58532
G01 X-6.63498 Y10.42583
G01 X-6.63498 Y9.85354
G01 X-6.62736 Y9.85039
G01 X-6.63498 Y9.85354
G01 X-7.00851 Y9.48004
G01 X-7.00536 Y9.47242
G01 X-7.00851 Y9.48004
G01 X-8.63561 Y9.48004
G01 X-8.65509 Y9.45675
G01 X-8.63561 Y9.48004
G01 X-8.63642 Y9.49693
G01 X-8.63932 Y9.52619
G01 X-8.64363 Y9.55530
G01 X-8.65080 Y9.58387
G01 X-8.65933 Y9.61199
G01 X-8.66924 Y9.63973
G01 X-8.68183 Y9.66635
G01 X-8.69568 Y9.69228
G01 X-8.71198 Y9.71664
G04 P0 ( dwell for no time -- G64 should not smooth over this point )
G00 Z5.00000 ( retract )

G00 X-13.13499 Y12.15501 ( rapid move to begin. )
G01 F150.00000
( Mill infeed pass 1/1 )
G01 Z-0.06000
G04 P0 ( dwell for no time -- G64 should not smooth over this point )
G01 F300.00000
G01 X-13.13499 Y12.15501
G01 X-13.13644 Y12.12560
G01 X-13.14124 Y12.07683
G01 X-13.14373 Y12.06004
G01 X-13.15704 Y12.04864
G01 X-13.15846 Y12.04737
G01 X-13.20014 Y12.00878
G01 X-13.20159 Y12.00739
G01 X-13.24500 Y11.96390
G01 X-13.24566 Y11.96322
G01 X-13.26100 Y11.94724
G01 X-13.26166 Y11.94653
G01 X-13.28066 Y11.92596
G01 X-13.29770 Y11.90835
G01 X-13.31573 Y11.89060
G01 X-13.31673 Y11.88958
G01 X-13.33682 Y11.86868
G01 X-13.33778 Y11.86764
G01 X-13.35048 Y11.85362
G01 X-13.38353 Y11.82057
G01 X-13.40540 Y11.80073
G01 X-13.41457 Y11.79421
G01 X-13.43240 Y11.78272
G01 X-13.43936 Y11.77825
G01 X-13.45401 Y11.76886
G01 X-13.49419 Y11.74577
G01 X-13.53278 Y11.73154
G01 X-13.57784 Y11.71724
G01 X-13.59549 Y11.71209
G01 X-13.61708 Y11.70934
G01 X-13.65150 Y11.70586
G01 X-13.66214 Y11.70536
G01 X-13.68558 Y11.70477
G01 X-14.38439 Y11.70477
G01 X-14.40786 Y11.70536
G01 X-14.41842 Y11.70586
G01 X-14.45990 Y11.71008
G01 X-14.47428 Y11.71201
G01 X-14.49211 Y11.71724
G01 X-14.53717 Y11.73154
G01 X-14.57575 Y11.74577
G01 X-14.61594 Y11.76886
G01 X-14.62909 Y11.77731
G01 X-14.63194 Y11.77914
G01 X-14.63753 Y11.78272
G01 X-14.65538 Y11.79421
G01 X-14.67039 Y11.80492
G01 X-14.68485 Y11.81628
G01 X-14.68561 Y11.81689
G01 X-14.69198 Y11.82169
G01 X-14.71291 Y11.83843
G01 X-14.71936 Y11.84282
G01 X-14.72622 Y11.84671
G01 X-14.72607 Y11.84696
G01 X-14.72622 Y11.84671
G01 X-14.72818 Y11.84777
G01 X-14.76839 Y11.86840
G01 X-14.77039 Y11.86936
G01 X-14.94680 Y11.95011
G01 X-14.94669 Y11.95039
G01 X-14.94680 Y11.95011
G01 X-14.95010 Y11.95148
G01 X-15.01835 Y11.97698
G01 X-15.02170 Y11.97810
G01 X-15.08942 Y11.99807
G01 X-15.09165 Y11.99868
G01 X-15.14159 Y12.01087
G01 X-15.14928 Y12.01214
G01 X-15.15711 Y12.01216
G01 X-15.15759 Y12.01894
G01 X-15.15711 Y12.01216
G01 X-15.16483 Y12.01099
G01 X-15.17227 Y12.00863
G01 X-15.25238 Y11.97610
G01 X-15.25604 Y11.97442
G01 X-15.30384 Y11.95036
G01 X-15.30621 Y11.94909
G01 X-15.35393 Y11.92179
G01 X-15.35624 Y11.92037
G01 X-15.85332 Y11.59870
G01 X-15.86468 Y11.59189
G01 X-15.86495 Y11.59172
G01 X-15.88177 Y11.58146
G01 X-15.91398 Y11.56779
G01 X-15.92124 Y11.56505
G01 X-15.93674 Y11.55941
G01 X-15.94481 Y11.55725
G01 X-15.95492 Y11.55583
G01 X-15.98583 Y11.55479
G01 X-17.68413 Y11.55479
G01 X-17.71507 Y11.55583
G01 X-17.72185 Y11.55677
G01 X-17.74405 Y11.56495
G01 X-17.75190 Y11.56782
G01 X-17.76828 Y11.57384
G01 X-17.78141 Y11.57869
G01 X-17.79157 Y11.58628
G01 X-17.80932 Y11.59957
G01 X-17.82713 Y11.61290
G01 X-17.84036 Y11.63058
G01 X-17.84610 Y11.63825
G01 X-17.85365 Y11.64833
G01 X-17.86134 Y11.65860
G01 X-17.86617 Y11.67178
G01 X-17.87501 Y11.69581
G01 X-17.88324 Y11.71813
G01 X-17.88418 Y11.72494
G01 X-17.88522 Y11.75588
G01 X-17.88522 Y13.45417
G01 X-17.88418 Y13.48511
G01 X-17.88324 Y13.49194
G01 X-17.87496 Y13.51445
G01 X-17.86622 Y13.53817
G01 X-17.86134 Y13.55145
G01 X-17.85360 Y13.56179
G01 X-17.84524 Y13.57292
G01 X-17.84064 Y13.57906
G01 X-17.82713 Y13.59715
G01 X-17.80899 Y13.61071
G01 X-17.80000 Y13.61744
G01 X-17.79170 Y13.62364
G01 X-17.78138 Y13.63139
G01 X-17.76810 Y13.63629
G01 X-17.75492 Y13.64112
G01 X-17.74455 Y13.64493
G01 X-17.72187 Y13.65328
G01 X-17.71509 Y13.65422
G01 X-17.68413 Y13.65526
G01 X-15.98583 Y13.65526
G01 X-15.95492 Y13.65422
G01 X-15.94542 Y13.65290
G01 X-15.93508 Y13.65006
G01 X-15.92045 Y13.64472
G01 X-15.91319 Y13.64198
G01 X-15.88202 Y13.62872
G01 X-15.86506 Y13.61836
G01 X-15.86473 Y13.61815
G01 X-15.85269 Y13.61092
G01 X-15.35622 Y13.28971
G01 X-15.35314 Y13.28785
G01 X-15.35327 Y13.28762
G01 X-15.35314 Y13.28785
G01 X-15.28929 Y13.25275
G01 X-15.28611 Y13.25115
G01 X-15.22198 Y13.22163
G01 X-15.21985 Y13.22072
G01 X-15.17222 Y13.20142
G01 X-15.16478 Y13.19908
G01 X-15.15706 Y13.19791
G01 X-15.15754 Y13.19113
G01 X-15.15706 Y13.19791
G01 X-15.14923 Y13.19796
G01 X-15.14154 Y13.19921
G01 X-15.05754 Y13.21986
G01 X-15.05368 Y13.22095
G01 X-15.00290 Y13.23787
G01 X-15.00039 Y13.23878
G01 X-14.94928 Y13.25890
G01 X-14.94680 Y13.25996
G01 X-14.94669 Y13.25968
G01 X-14.94680 Y13.25996
G01 X-14.77039 Y13.34071
G01 X-14.76839 Y13.34168
G01 X-14.72828 Y13.36225
G01 X-14.72632 Y13.36329
G01 X-14.72620 Y13.36304
G01 X-14.72632 Y13.36329
G01 X-14.71934 Y13.36728
G01 X-14.71289 Y13.37165
G01 X-14.69198 Y13.38836
G01 X-14.68571 Y13.39308
G01 X-14.68495 Y13.39369
G01 X-14.67039 Y13.40512
G01 X-14.65538 Y13.41584
G01 X-14.63730 Y13.42745
G01 X-14.63145 Y13.43118
G01 X-14.62960 Y13.43238
G01 X-14.61817 Y13.43926
G01 X-14.57494 Y13.46238
G01 X-14.53872 Y13.47736
G01 X-14.49181 Y13.49159
G01 X-14.47278 Y13.49636
G01 X-14.45338 Y13.49926
G01 X-14.40458 Y13.50406
G01 X-14.38500 Y13.50502
G01 X-13.68500 Y13.50502
G01 X-13.66539 Y13.50406
G01 X-13.61662 Y13.49926
G01 X-13.59719 Y13.49636
G01 X-13.57817 Y13.49159
G01 X-13.53125 Y13.47736
G01 X-13.49503 Y13.46238
G01 X-13.45183 Y13.43926
G01 X-13.44032 Y13.43238
G01 X-13.43994 Y13.43215
G01 X-13.43265 Y13.42745
G01 X-13.43994 Y13.43215
G01 X-13.44032 Y13.43238
G01 X-13.45401 Y13.44117
G01 X-13.49419 Y13.46428
G01 X-13.53278 Y13.47851
G01 X-13.57784 Y13.49281
G01 X-13.59549 Y13.49796
G01 X-13.61711 Y13.50073
G01 X-13.65150 Y13.50418
G01 X-13.66214 Y13.50469
G01 X-13.68558 Y13.50528
G01 X-14.38439 Y13.50528
G01 X-14.40783 Y13.50469
G01 X-14.41845 Y13.50418
G01 X-14.45284 Y13.50070
G01 X-14.47446 Y13.49796
G01 X-14.49211 Y13.49281
G01 X-14.53717 Y13.47851
G01 X-14.57575 Y13.46428
G01 X-14.61594 Y13.44117
G01 X-14.62960 Y13.43238
G01 X-14.63145 Y13.43118
G01 X-14.63730 Y13.42745
G01 X-14.65076 Y13.41749
G01 X-14.68863 Y13.38638
G01 X-14.70946 Y13.36558
G01 X-14.70923 Y13.36517
G01 X-14.70946 Y13.36558
G01 X-15.15990 Y13.15935
G01 X-15.16092 Y13.14533
G01 X-15.15990 Y13.15935
G01 X-15.86838 Y13.61780
G01 X-15.87169 Y13.61950
G01 X-15.87387 Y13.62130
G01 X-15.90844 Y13.63980
G01 X-15.94598 Y13.65117
G01 X-15.98500 Y13.65501
G01 X-17.68499 Y13.65501
G01 X-17.72401 Y13.65117
G01 X-17.74455 Y13.64493
G01 X-17.75492 Y13.64112
G01 X-17.76810 Y13.63629
G01 X-17.79170 Y13.62364
G01 X-17.80000 Y13.61744
G01 X-17.80899 Y13.61071
G01 X-17.82642 Y13.59644
G01 X-17.84064 Y13.57906
G01 X-17.84524 Y13.57292
G01 X-17.85360 Y13.56179
G01 X-17.86622 Y13.53817
G01 X-17.87496 Y13.51445
G01 X-17.88116 Y13.49402
G01 X-17.88499 Y13.45501
G01 X-17.88499 Y11.75501
G01 X-17.88116 Y11.71600
G01 X-17.87501 Y11.69581
G01 X-17.86617 Y11.67178
G01 X-17.85365 Y11.64833
G01 X-17.84610 Y11.63825
G01 X-17.84036 Y11.63058
G01 X-17.82642 Y11.61359
G01 X-17.80932 Y11.59957
G01 X-17.79157 Y11.58628
G01 X-17.76828 Y11.57384
G01 X-17.75190 Y11.56782
G01 X-17.74405 Y11.56495
G01 X-17.72401 Y11.55885
G01 X-17.68499 Y11.55501
G01 X-15.98500 Y11.55501
G01 X-15.94598 Y11.55885
G01 X-15.90844 Y11.57023
G01 X-15.87387 Y11.58872
G01 X-15.87202 Y11.59024
G01 X-15.86838 Y11.59225
G01 X-15.15988 Y12.05069
G01 X-15.16089 Y12.06472
G01 X-15.15988 Y12.05069
G01 X-14.70956 Y11.84455
G01 X-14.70903 Y11.84536
G01 X-14.70956 Y11.84455
G01 X-14.68863 Y11.82364
G01 X-14.65076 Y11.79255
G01 X-14.63753 Y11.78272
G01 X-14.63194 Y11.77914
G01 X-14.62909 Y11.77731
G01 X-14.61817 Y11.77076
G01 X-14.57494 Y11.74765
G01 X-14.53872 Y11.73266
G01 X-14.49181 Y11.71844
G01 X-14.47278 Y11.71366
G01 X-14.45338 Y11.71077
G01 X-14.40458 Y11.70597
G01 X-14.38500 Y11.70500
G01 X-13.68500 Y11.70500
G01 X-13.66539 Y11.70597
G01 X-13.61662 Y11.71077
G01 X-13.59719 Y11.71366
G01 X-13.57817 Y11.71844
G01 X-13.53125 Y11.73266
G01 X-13.49503 Y11.74765
G01 X-13.45183 Y11.77076
G01 X-13.44050 Y11.77754
G01 X-13.43936 Y11.77825
G01 X-13.43240 Y11.78272
G01 X-13.41921 Y11.79255
G01 X-13.38134 Y11.82364
G01 X-13.35361 Y11.85136
G01 X-13.32252 Y11.88925
G01 X-13.31083 Y11.90500
G01 X-13.30072 Y11.92184
G01 X-13.27763 Y11.96507
G01 X-13.26262 Y12.00129
G01 X-13.24840 Y12.04818
G01 X-13.24362 Y12.06723
G01 X-13.24075 Y12.08664
G01 X-13.23595 Y12.13540
G01 X-13.23499 Y12.15501
G01 X-13.33499 Y12.15501
G01 X-13.33499 Y13.05501
G01 X-13.33547 Y13.06482
G01 X-13.34027 Y13.11358
G01 X-13.34172 Y13.12329
G01 X-13.34411 Y13.13281
G01 X-13.35833 Y13.17970
G01 X-13.36582 Y13.19784
G01 X-13.38894 Y13.24104
G01 X-13.39397 Y13.24947
G01 X-13.39981 Y13.25735
G01 X-13.43090 Y13.29522
G01 X-13.44477 Y13.30909
G01 X-13.48266 Y13.34018
G01 X-13.49054 Y13.34602
G01 X-13.49894 Y13.35107
G01 X-13.54218 Y13.37419
G01 X-13.56029 Y13.38168
G01 X-13.60717 Y13.39590
G01 X-13.61670 Y13.39829
G01 X-13.62640 Y13.39974
G01 X-13.67520 Y13.40454
G01 X-13.68500 Y13.40502
G01 X-14.38500 Y13.40502
G01 X-14.39478 Y13.40454
G01 X-14.44357 Y13.39974
G01 X-14.45327 Y13.39829
G01 X-14.46280 Y13.39590
G01 X-14.50969 Y13.38168
G01 X-14.52780 Y13.37419
G01 X-14.57103 Y13.35107
G01 X-14.57944 Y13.34602
G01 X-14.58731 Y13.34018
G01 X-14.62521 Y13.30909
G01 X-14.63907 Y13.29522
G01 X-14.64880 Y13.28336
G01 X-15.16816 Y13.04561
G01 X-15.92271 Y13.53385
G01 X-15.92668 Y13.53588
G01 X-15.92942 Y13.53817
G01 X-15.94672 Y13.54739
G01 X-15.96549 Y13.55308
G01 X-15.98500 Y13.55501
G01 X-17.68499 Y13.55501
G01 X-17.70450 Y13.55308
G01 X-17.72324 Y13.54739
G01 X-17.74054 Y13.53817
G01 X-17.75571 Y13.52572
G01 X-17.76813 Y13.51056
G01 X-17.77737 Y13.49329
G01 X-17.78306 Y13.47452
G01 X-17.78499 Y13.45501
G01 X-17.78499 Y11.75501
G01 X-17.78306 Y11.73551
G01 X-17.77737 Y11.71674
G01 X-17.76813 Y11.69946
G01 X-17.75571 Y11.68430
G01 X-17.74054 Y11.67185
G01 X-17.72324 Y11.66263
G01 X-17.70450 Y11.65694
G01 X-17.68499 Y11.65501
G01 X-15.98500 Y11.65501
G01 X-15.96549 Y11.65694
G01 X-15.94672 Y11.66263
G01 X-15.92942 Y11.67185
G01 X-15.92708 Y11.67381
G01 X-15.92271 Y11.67620
G01 X-15.16816 Y12.16444
G01 X-14.64888 Y11.92674
G01 X-14.63907 Y11.91480
G01 X-14.62521 Y11.90094
G01 X-14.58731 Y11.86985
G01 X-14.57944 Y11.86400
G01 X-14.57103 Y11.85895
G01 X-14.52780 Y11.83586
G01 X-14.50969 Y11.82834
G01 X-14.46280 Y11.81412
G01 X-14.45327 Y11.81173
G01 X-14.44357 Y11.81031
G01 X-14.39478 Y11.80548
G01 X-14.38500 Y11.80500
G01 X-13.68500 Y11.80500
G01 X-13.67520 Y11.80548
G01 X-13.62640 Y11.81031
G01 X-13.61670 Y11.81173
G01 X-13.60717 Y11.81412
G01 X-13.56029 Y11.82834
G01 X-13.54218 Y11.83586
G01 X-13.49894 Y11.85895
G01 X-13.49054 Y11.86400
G01 X-13.48266 Y11.86985
G01 X-13.44477 Y11.90094
G01 X-13.43090 Y11.91480
G01 X-13.39981 Y11.95268
G01 X-13.39397 Y11.96058
G01 X-13.38894 Y11.96898
G01 X-13.36582 Y12.01221
G01 X-13.35833 Y12.03032
G01 X-13.34411 Y12.07721
G01 X-13.34172 Y12.08674
G01 X-13.34027 Y12.09644
G01 X-13.33547 Y12.14521
G01 X-13.33499 Y12.15501
G01 X-13.23499 Y12.15501
G01 X-13.13499 Y12.15501
G01 X-13.23499 Y12.15501
G01 X-13.23499 Y13.05501
G01 X-13.23595 Y13.07462
G01 X-13.24075 Y13.12339
G01 X-13.24362 Y13.14279
G01 X-13.24840 Y13.16184
G01 X-13.26262 Y13.20873
G01 X-13.27763 Y13.24495
G01 X-13.30072 Y13.28818
G01 X-13.31083 Y13.30502
G01 X-13.32252 Y13.32080
G01 X-13.35361 Y13.35867
G01 X-13.38134 Y13.38638
G01 X-13.41921 Y13.41749
G01 X-13.43265 Y13.42745
G01 X-13.41457 Y13.41584
G01 X-13.40540 Y13.40932
G01 X-13.38353 Y13.38948
G01 X-13.35048 Y13.35643
G01 X-13.33778 Y13.34241
G01 X-13.33682 Y13.34137
G01 X-13.31673 Y13.32047
G01 X-13.31576 Y13.31948
G01 X-13.27908 Y13.28333
G01 X-13.24352 Y13.24744
G01 X-13.23354 Y13.23710
G01 X-13.20217 Y13.20380
G01 X-13.20077 Y13.20238
G01 X-13.16087 Y13.16327
G01 X-13.15947 Y13.16194
G01 X-13.14329 Y13.14726
G01 X-13.09562 Y13.10396
G01 X-13.09498 Y13.10340
G01 X-13.08498 Y13.09461
G01 X-13.08498 Y12.11389
G01 X-13.09389 Y12.10520
G01 X-13.13621 Y12.06647
G01 X-13.15704 Y12.04864
G01 X-13.13621 Y12.06647
G01 X-13.09389 Y12.10520
G01 X-13.13499 Y12.15501
G01 X-13.13499 Y13.05501
G01 X-13.13644 Y13.08442
G01 X-13.14124 Y13.13319
G01 X-13.14329 Y13.14726
G04 P0 ( dwell for no time -- G64 should not smooth over this point )
G00 Z5.00000 ( retract )

G00 X-10.89156 Y16.50502 ( rapid move to begin. )
G01 F150.00000
( Mill infeed pass 1/1 )
G01 Z-0.06000
G04 P0 ( dwell for no time -- G64 should not smooth over this point )
G01 F300.00000
G01 X-10.89156 Y16.50502
G01 X-10.90400 Y16.50502
G01 X-10.92633 Y16.49125
G01 X-10.92874 Y16.48978
G01 X-10.93057 Y16.49300
G01 X-10.92874 Y16.48978
G01 X-11.01973 Y16.39877
G01 X-11.02026 Y16.39920
G01 X-11.01973 Y16.39877
G01 X-11.08729 Y16.28927
G01 X-11.08790 Y16.28955
G01 X-11.08729 Y16.28927
G01 X-11.12824 Y16.16570
G01 X-11.12882 Y16.16583
G01 X-11.12824 Y16.16570
G01 X-11.13545 Y16.09486
G01 X-11.13547 Y15.11520
G01 X-11.12824 Y15.04436
G01 X-11.12943 Y15.04416
G01 X-11.12824 Y15.04436
G01 X-11.09471 Y14.94312
G01 X-11.09364 Y14.93984
G01 X-11.08574 Y14.91449
G01 X-11.08462 Y14.91218
G01 X-11.08135 Y14.90512
G01 X-10.81269 Y14.29179
G01 X-10.80540 Y14.27248
G01 X-10.80014 Y14.25252
G01 X-10.78973 Y14.20279
G01 X-10.78653 Y14.18242
G01 X-10.78546 Y14.16179
G01 X-10.78546 Y13.72301
G01 X-10.78752 Y13.69448
G01 X-10.79257 Y13.65943
G01 X-10.79867 Y13.63151
G01 X-10.80868 Y13.60474
G01 X-10.82239 Y13.57967
G01 X-10.86021 Y13.52095
G01 X-10.88374 Y13.49110
G01 X-10.91246 Y13.46624
G01 X-10.94538 Y13.44726
G01 X-11.00896 Y13.41828
G01 X-11.04492 Y13.40586
G01 X-11.08257 Y13.40048
G01 X-11.12056 Y13.40233
G01 X-11.18973 Y13.41234
G01 X-11.21764 Y13.41843
G01 X-11.24442 Y13.42844
G01 X-11.25689 Y13.43416
G01 X-11.28762 Y13.45171
G01 X-11.32369 Y13.47675
G01 X-11.33385 Y13.48524
G01 X-11.45074 Y13.55735
G01 X-11.45049 Y13.55788
G01 X-11.45074 Y13.55735
G01 X-11.57429 Y13.59829
G01 X-11.57408 Y13.59949
G01 X-11.57429 Y13.59829
G01 X-11.64515 Y13.60553
G01 X-12.42478 Y13.60553
G01 X-12.49564 Y13.59829
G01 X-12.49577 Y13.59888
G01 X-12.49564 Y13.59829
G01 X-12.61922 Y13.55735
G01 X-12.61950 Y13.55796
G01 X-12.61922 Y13.55735
G01 X-12.66712 Y13.52778
G01 X-12.72874 Y13.48978
G01 X-12.72912 Y13.49027
G01 X-12.72874 Y13.48978
G01 X-12.80588 Y13.41264
G01 X-12.82181 Y13.39834
G01 X-12.83918 Y13.38582
G01 X-12.88353 Y13.35732
G01 X-12.91289 Y13.34173
G01 X-12.94446 Y13.33124
G01 X-12.97733 Y13.32611
G01 X-13.04703 Y13.32110
G01 X-13.08508 Y13.32199
G01 X-13.12226 Y13.33009
G01 X-13.15724 Y13.34508
G01 X-13.21855 Y13.37858
G01 X-13.24253 Y13.39400
G01 X-13.26407 Y13.41267
G01 X-13.34119 Y13.48978
G01 X-13.34083 Y13.49024
G01 X-13.34119 Y13.48978
G01 X-13.45074 Y13.55735
G01 X-13.45043 Y13.55796
G01 X-13.45074 Y13.55735
G01 X-13.57428 Y13.59829
G01 X-13.57410 Y13.59949
G01 X-13.57428 Y13.59829
G01 X-13.64515 Y13.60553
G01 X-14.42477 Y13.60553
G01 X-14.49564 Y13.59829
G01 X-14.49577 Y13.59888
G01 X-14.49564 Y13.59829
G01 X-14.61921 Y13.55735
G01 X-14.61954 Y13.55803
G01 X-14.61921 Y13.55735
G01 X-14.73610 Y13.48524
G01 X-14.74626 Y13.47675
G01 X-14.78233 Y13.45171
G01 X-14.81314 Y13.43413
G01 X-14.98954 Y13.35338
G01 X-15.00966 Y13.34546
G01 X-15.03049 Y13.33977
G01 X-15.08248 Y13.32852
G01 X-15.11560 Y13.32420
G01 X-15.14900 Y13.32544
G01 X-15.18172 Y13.33225
G01 X-15.24870 Y13.35214
G01 X-15.27540 Y13.36220
G01 X-15.30041 Y13.37597
G01 X-15.80209 Y13.70058
G01 X-15.80184 Y13.70106
G01 X-15.80209 Y13.70058
G01 X-15.81222 Y13.70591
G01 X-15.83465 Y13.71927
G01 X-15.83605 Y13.72021
G01 X-15.87694 Y13.73545
G01 X-15.88367 Y13.73812
G01 X-15.89218 Y13.74165
G01 X-15.89927 Y13.74475
G01 X-15.90156 Y13.74579
G01 X-15.91296 Y13.74929
G01 X-15.92373 Y13.75293
G01 X-15.94786 Y13.75552
G01 X-15.94756 Y13.75717
G01 X-15.94786 Y13.75552
G01 X-17.72213 Y13.75552
G01 X-17.74608 Y13.75295
G01 X-17.74638 Y13.75453
G01 X-17.74608 Y13.75295
G01 X-17.83046 Y13.72148
G01 X-17.83094 Y13.72237
G01 X-17.83046 Y13.72148
G01 X-17.89965 Y13.66969
G01 X-17.90036 Y13.67043
G01 X-17.89965 Y13.66969
G01 X-17.95144 Y13.60053
G01 X-17.98291 Y13.51615
G01 X-17.98547 Y13.49214
G01 X-17.98664 Y13.49232
G01 X-17.98547 Y13.49214
G01 X-17.98547 Y13.45676
G01 X-17.98547 Y11.71790
G01 X-17.98291 Y11.69393
G01 X-17.98448 Y11.69362
G01 X-17.98291 Y11.69393
G01 X-17.95144 Y11.60952
G01 X-17.95233 Y11.60904
G01 X-17.95144 Y11.60952
G01 X-17.89965 Y11.54036
G01 X-17.90036 Y11.53962
G01 X-17.89965 Y11.54036
G01 X-17.83046 Y11.48859
G01 X-17.83097 Y11.48768
G01 X-17.83046 Y11.48859
G01 X-17.74605 Y11.45710
G01 X-17.74636 Y11.45552
G01 X-17.74605 Y11.45710
G01 X-17.72210 Y11.45453
G01 X-15.94786 Y11.45453
G01 X-15.92322 Y11.45717
G01 X-15.92279 Y11.45512
G01 X-15.92322 Y11.45717
G01 X-15.91388 Y11.46030
G01 X-15.90410 Y11.46317
G01 X-15.89973 Y11.46517
G01 X-15.89295 Y11.46815
G01 X-15.88456 Y11.47163
G01 X-15.87778 Y11.47429
G01 X-15.83592 Y11.48991
G01 X-15.83480 Y11.49065
G01 X-15.81220 Y11.50409
G01 X-15.80209 Y11.50947
G01 X-15.80191 Y11.50919
G01 X-15.80209 Y11.50947
G01 X-15.30041 Y11.83411
G01 X-15.28167 Y11.84485
G01 X-15.26183 Y11.85351
G01 X-15.21200 Y11.87216
G01 X-15.17984 Y11.88123
G01 X-15.14664 Y11.88478
G01 X-15.11329 Y11.88278
G01 X-15.04415 Y11.87277
G01 X-15.01626 Y11.86670
G01 X-14.98954 Y11.85669
G01 X-14.81314 Y11.77594
G01 X-14.78223 Y11.75832
G01 X-14.74616 Y11.73325
G01 X-14.73605 Y11.72479
G01 X-14.61921 Y11.65270
G01 X-14.61954 Y11.65202
G01 X-14.61921 Y11.65270
G01 X-14.49567 Y11.61176
G01 X-14.49579 Y11.61117
G01 X-14.49567 Y11.61176
G01 X-14.42477 Y11.60452
G01 X-13.64517 Y11.60452
G01 X-13.57428 Y11.61176
G01 X-13.57408 Y11.61056
G01 X-13.57428 Y11.61176
G01 X-13.45074 Y11.65270
G01 X-13.45046 Y11.65209
G01 X-13.45074 Y11.65270
G01 X-13.34119 Y11.72027
G01 X-13.34080 Y11.71978
G01 X-13.34119 Y11.72027
G01 X-13.26407 Y11.79738
G01 X-13.24815 Y11.81171
G01 X-13.23077 Y11.82423
G01 X-13.18642 Y11.85273
G01 X-13.15706 Y11.86832
G01 X-13.12549 Y11.87881
G01 X-13.09262 Y11.88394
G01 X-13.02292 Y11.88895
G01 X-12.98487 Y11.88806
G01 X-12.94769 Y11.87996
G01 X-12.91271 Y11.86497
G01 X-12.85140 Y11.83147
G01 X-12.82742 Y11.81608
G01 X-12.80588 Y11.79741
G01 X-12.72874 Y11.72027
G01 X-12.72899 Y11.71994
G01 X-12.72874 Y11.72027
G01 X-12.61922 Y11.65270
G01 X-12.61950 Y11.65209
G01 X-12.61922 Y11.65270
G01 X-12.49567 Y11.61176
G01 X-12.49580 Y11.61117
G01 X-12.49567 Y11.61176
G01 X-12.42478 Y11.60452
G01 X-11.64513 Y11.60454
G01 X-11.57429 Y11.61176
G01 X-11.57408 Y11.61056
G01 X-11.57429 Y11.61176
G01 X-11.45074 Y11.65270
G01 X-11.45041 Y11.65202
G01 X-11.45074 Y11.65270
G01 X-11.33385 Y11.72479
G01 X-11.32374 Y11.73327
G01 X-11.28770 Y11.75832
G01 X-11.25689 Y11.77589
G01 X-11.24442 Y11.78161
G01 X-11.21762 Y11.79161
G01 X-11.18366 Y11.80162
G01 X-11.15572 Y11.80774
G01 X-11.12717 Y11.80980
G01 X-11.09864 Y11.80774
G01 X-11.02948 Y11.79779
G01 X-10.99255 Y11.78882
G01 X-10.95798 Y11.77305
G01 X-10.92702 Y11.75100
G01 X-10.87421 Y11.70525
G01 X-10.84795 Y11.67772
G01 X-10.82740 Y11.64574
G01 X-10.81325 Y11.61041
G01 X-10.79357 Y11.54336
G01 X-10.78752 Y11.51549
G01 X-10.78546 Y11.48702
G01 X-10.78546 Y11.02217
G01 X-10.78480 Y11.01356
G01 X-10.78569 Y11.01344
G01 X-10.78480 Y11.01356
G01 X-10.75171 Y10.89969
G01 X-10.75242 Y10.89936
G01 X-10.75171 Y10.89969
G01 X-10.69377 Y10.80173
G01 X-10.69440 Y10.80124
G01 X-10.69377 Y10.80173
G01 X-10.61328 Y10.72123
G01 X-10.61376 Y10.72060
G01 X-10.61328 Y10.72123
G01 X-10.56329 Y10.69167
G01 X-10.51531 Y10.66327
G01 X-10.51564 Y10.66256
G01 X-10.51531 Y10.66327
G01 X-10.40144 Y10.63020
G01 X-10.40159 Y10.62929
G01 X-10.40144 Y10.63020
G01 X-10.39280 Y10.62951
G01 X-10.10710 Y10.62946
G01 X-10.07515 Y10.62687
G01 X-10.04399 Y10.61920
G01 X-9.97769 Y10.59713
G01 X-9.94292 Y10.58176
G01 X-9.91170 Y10.56007
G01 X-9.88513 Y10.53287
G01 X-9.84129 Y10.47846
G01 X-9.82504 Y10.45502
G01 X-9.81226 Y10.42951
G01 X-9.76715 Y10.32057
G01 X-9.76746 Y10.32042
G01 X-9.76715 Y10.32057
G01 X-9.69377 Y10.21077
G01 X-9.69100 Y10.20749
G01 X-9.68900 Y10.20462
G01 X-9.68437 Y10.19769
G01 X-9.65788 Y10.15621
G01 X-9.64241 Y10.12692
G01 X-9.63202 Y10.09550
G01 X-9.62692 Y10.06281
G01 X-9.62194 Y9.99312
G01 X-9.62285 Y9.95509
G01 X-9.63093 Y9.91796
G01 X-9.64589 Y9.88301
G01 X-9.67937 Y9.82169
G01 X-9.69481 Y9.79769
G01 X-9.71351 Y9.77612
G01 X-9.74376 Y9.74585
G01 X-9.80170 Y9.64788
G01 X-9.80297 Y9.64846
G01 X-9.80170 Y9.64788
G01 X-9.83479 Y9.53399
G01 X-9.83568 Y9.53411
G01 X-9.83479 Y9.53399
G01 X-9.83545 Y9.52540
G01 X-9.83545 Y9.23696
G01 X-9.83560 Y9.22952
G01 X-9.83593 Y9.22068
G01 X-9.83967 Y9.18898
G01 X-9.84838 Y9.15827
G01 X-9.87279 Y9.09279
G01 X-9.88943 Y9.05857
G01 X-9.91221 Y9.02812
G01 X-9.94038 Y9.00252
G01 X-9.99631 Y8.96066
G01 X-10.02875 Y8.94090
G01 X-10.06433 Y8.92761
G01 X-10.10182 Y8.92131
G01 X-10.17152 Y8.91631
G01 X-10.20957 Y8.91720
G01 X-10.24675 Y8.92530
G01 X-10.28173 Y8.94029
G01 X-10.34305 Y8.97379
G01 X-10.36702 Y8.98921
G01 X-10.38856 Y9.00785
G01 X-10.65219 Y9.27145
G01 X-10.65188 Y9.27181
G01 X-10.65219 Y9.27145
G01 X-10.72191 Y9.31806
G01 X-10.75051 Y9.33719
G01 X-10.75018 Y9.33785
G01 X-10.75051 Y9.33719
G01 X-10.85981 Y9.38245
G01 X-10.91292 Y9.39302
G01 X-10.94597 Y9.40259
G01 X-10.98556 Y9.41788
G01 X-11.01640 Y9.43295
G01 X-11.15767 Y9.51768
G01 X-11.18686 Y9.53902
G01 X-11.22034 Y9.56845
G01 X-11.23357 Y9.58237
G01 X-11.34119 Y9.68979
G01 X-11.34083 Y9.69027
G01 X-11.34119 Y9.68979
G01 X-11.45074 Y9.75735
G01 X-11.45046 Y9.75796
G01 X-11.45074 Y9.75735
G01 X-11.57429 Y9.79830
G01 X-11.57408 Y9.79957
G01 X-11.57429 Y9.79830
G01 X-11.64513 Y9.80551
G01 X-12.42478 Y9.80554
G01 X-12.49567 Y9.79830
G01 X-12.49587 Y9.79957
G01 X-12.49567 Y9.79830
G01 X-12.61919 Y9.75735
G01 X-12.61947 Y9.75796
G01 X-12.61919 Y9.75735
G01 X-12.72874 Y9.68979
G01 X-12.72912 Y9.69027
G01 X-12.72874 Y9.68979
G01 X-12.80588 Y9.61265
G01 X-12.82181 Y9.59832
G01 X-12.83918 Y9.58580
G01 X-12.88353 Y9.55730
G01 X-12.91292 Y9.54171
G01 X-12.94451 Y9.53119
G01 X-12.97738 Y9.52606
G01 X-13.04708 Y9.52108
G01 X-13.08510 Y9.52200
G01 X-13.12224 Y9.53008
G01 X-13.15719 Y9.54504
G01 X-13.21850 Y9.57851
G01 X-13.24253 Y9.59396
G01 X-13.26410 Y9.61265
G01 X-13.34121 Y9.68979
G01 X-13.34083 Y9.69027
G01 X-13.34121 Y9.68979
G01 X-13.45074 Y9.75735
G01 X-13.45046 Y9.75796
G01 X-13.45074 Y9.75735
G01 X-13.57428 Y9.79830
G01 X-13.57410 Y9.79949
G01 X-13.57428 Y9.79830
G01 X-13.64512 Y9.80551
G01 X-14.42477 Y9.80554
G01 X-14.49567 Y9.79830
G01 X-14.49577 Y9.79888
G01 X-14.49567 Y9.79830
G01 X-14.61921 Y9.75735
G01 X-14.61954 Y9.75804
G01 X-14.61921 Y9.75735
G01 X-14.73605 Y9.68527
G01 X-14.74616 Y9.67681
G01 X-14.78223 Y9.65174
G01 X-14.81314 Y9.63411
G01 X-14.98954 Y9.55337
G01 X-15.00966 Y9.54544
G01 X-15.03049 Y9.53975
G01 X-15.08248 Y9.52850
G01 X-15.11560 Y9.52418
G01 X-15.14900 Y9.52543
G01 X-15.18172 Y9.53223
G01 X-15.24870 Y9.55212
G01 X-15.27542 Y9.56218
G01 X-15.30041 Y9.57595
G01 X-15.80204 Y9.90053
G01 X-15.80189 Y9.90084
G01 X-15.80204 Y9.90053
G01 X-15.81222 Y9.90589
G01 X-15.83465 Y9.91925
G01 X-15.83610 Y9.92022
G01 X-15.87689 Y9.93541
G01 X-15.88416 Y9.93828
G01 X-15.89267 Y9.94183
G01 X-15.89927 Y9.94476
G01 X-15.90153 Y9.94580
G01 X-15.91266 Y9.94918
G01 X-15.92376 Y9.95293
G01 X-15.92332 Y9.95499
G01 X-15.92376 Y9.95293
G01 X-15.94781 Y9.95550
G01 X-17.72210 Y9.95553
G01 X-17.74605 Y9.95296
G01 X-17.74636 Y9.95453
G01 X-17.74605 Y9.95296
G01 X-17.83046 Y9.92149
G01 X-17.83094 Y9.92238
G01 X-17.83046 Y9.92149
G01 X-17.89965 Y9.86967
G01 X-17.90036 Y9.87041
G01 X-17.89965 Y9.86967
G01 X-17.95144 Y9.80053
G01 X-17.95233 Y9.80102
G01 X-17.95144 Y9.80053
G01 X-17.98291 Y9.71613
G01 X-17.98448 Y9.71641
G01 X-17.98291 Y9.71613
G01 X-17.98547 Y9.69215
G01 X-17.98547 Y7.91791
G01 X-17.98291 Y7.89391
G01 X-17.98448 Y7.89363
G01 X-17.98291 Y7.89391
G01 X-17.95144 Y7.80953
G01 X-17.95233 Y7.80905
G01 X-17.95144 Y7.80953
G01 X-17.89965 Y7.74034
G01 X-17.90036 Y7.73963
G01 X-17.89965 Y7.74034
G01 X-17.83046 Y7.68855
G01 X-17.83094 Y7.68766
G01 X-17.83046 Y7.68855
G01 X-17.74610 Y7.65710
G01 X-17.74638 Y7.65553
G01 X-17.74610 Y7.65710
G01 X-17.72215 Y7.65454
G01 X-15.94781 Y7.65454
G01 X-15.94753 Y7.65289
G01 X-15.94781 Y7.65454
G01 X-15.92325 Y7.65716
G01 X-15.91388 Y7.66030
G01 X-15.90410 Y7.66318
G01 X-15.89973 Y7.66518
G01 X-15.89295 Y7.66815
G01 X-15.88456 Y7.67163
G01 X-15.87771 Y7.67433
G01 X-15.83597 Y7.68987
G01 X-15.83480 Y7.69066
G01 X-15.81220 Y7.70409
G01 X-15.80209 Y7.70948
G01 X-15.80184 Y7.70900
G01 X-15.80209 Y7.70948
G01 X-15.30041 Y8.03409
G01 X-15.28164 Y8.04484
G01 X-15.26183 Y8.05350
G01 X-15.21200 Y8.07214
G01 X-15.17984 Y8.08121
G01 X-15.14664 Y8.08476
G01 X-15.11329 Y8.08276
G01 X-15.04415 Y8.07275
G01 X-15.01626 Y8.06668
G01 X-14.98954 Y8.05667
G01 X-14.81314 Y7.97593
G01 X-14.78223 Y7.95830
G01 X-14.74616 Y7.93323
G01 X-14.73610 Y7.92482
G01 X-14.61921 Y7.85271
G01 X-14.61954 Y7.85202
G01 X-14.61921 Y7.85271
G01 X-14.49564 Y7.81177
G01 X-14.49574 Y7.81118
G01 X-14.49564 Y7.81177
G01 X-14.42477 Y7.80453
G01 X-13.64517 Y7.80453
G01 X-13.57431 Y7.81177
G01 X-13.57410 Y7.81055
G01 X-13.57431 Y7.81177
G01 X-13.45074 Y7.85271
G01 X-13.45046 Y7.85210
G01 X-13.45074 Y7.85271
G01 X-13.34119 Y7.92027
G01 X-13.34080 Y7.91979
G01 X-13.34119 Y7.92027
G01 X-13.26407 Y7.99739
G01 X-13.24815 Y8.01171
G01 X-13.23077 Y8.02424
G01 X-13.18642 Y8.05273
G01 X-13.15704 Y8.06833
G01 X-13.12544 Y8.07885
G01 X-13.09257 Y8.08398
G01 X-13.02287 Y8.08896
G01 X-12.98485 Y8.08804
G01 X-12.94771 Y8.07996
G01 X-12.91276 Y8.06500
G01 X-12.85145 Y8.03153
G01 X-12.82744 Y8.01608
G01 X-12.80588 Y7.99741
G01 X-12.72874 Y7.92027
G01 X-12.72899 Y7.91994
G01 X-12.72874 Y7.92027
G01 X-12.61922 Y7.85271
G01 X-12.61950 Y7.85210
G01 X-12.61922 Y7.85271
G01 X-12.56870 Y7.83597
G01 X-12.49564 Y7.81177
G01 X-12.49575 Y7.81118
G01 X-12.49564 Y7.81177
G01 X-12.42478 Y7.80453
G01 X-11.64515 Y7.80437
G01 X-11.57431 Y7.81177
G01 X-11.57418 Y7.81118
G01 X-11.57431 Y7.81177
G01 X-11.45074 Y7.85271
G01 X-11.45059 Y7.85235
G01 X-11.45074 Y7.85271
G01 X-11.34787 Y7.91616
G01 X-11.33072 Y7.92561
G01 X-11.30896 Y7.93625
G01 X-11.27312 Y7.94971
G01 X-11.23537 Y7.95609
G01 X-11.16568 Y7.96107
G01 X-11.12765 Y7.96015
G01 X-11.09052 Y7.95207
G01 X-11.05557 Y7.93711
G01 X-10.99425 Y7.90364
G01 X-10.97022 Y7.88819
G01 X-10.94866 Y7.86947
G01 X-10.88036 Y7.80115
G01 X-10.86613 Y7.78532
G01 X-10.84950 Y7.76470
G01 X-10.83441 Y7.74329
G01 X-10.82227 Y7.72007
G01 X-10.81325 Y7.69546
G01 X-10.79357 Y7.62840
G01 X-10.78752 Y7.60054
G01 X-10.78546 Y7.57207
G01 X-10.78546 Y6.38576
G01 X-10.78653 Y6.36518
G01 X-10.78970 Y6.34479
G01 X-10.80012 Y6.29503
G01 X-10.80540 Y6.27509
G01 X-10.81269 Y6.25576
G01 X-11.08135 Y5.64240
G01 X-11.08462 Y5.63534
G01 X-11.08511 Y5.63435
G01 X-11.08605 Y5.63100
G01 X-11.08846 Y5.62317
G01 X-11.12824 Y5.50318
G01 X-11.12948 Y5.50339
G01 X-11.12824 Y5.50318
G01 X-11.13545 Y5.43237
G01 X-11.13547 Y4.45272
G01 X-11.12824 Y4.38188
G01 X-11.12951 Y4.38165
G01 X-11.12824 Y4.38188
G01 X-11.10403 Y4.30883
G01 X-11.08729 Y4.25831
G01 X-11.08790 Y4.25803
G01 X-11.08729 Y4.25831
G01 X-11.01973 Y4.14875
G01 X-11.02026 Y4.14835
G01 X-11.01973 Y4.14875
G01 X-10.92874 Y4.05777
G01 X-10.92940 Y4.05688
G01 X-10.92874 Y4.05777
G01 X-10.81919 Y3.99021
G01 X-10.77843 Y3.97670
G01 X-10.77340 Y3.97504
G01 X-10.77398 Y3.97306
G01 X-10.77340 Y3.97504
G01 X-10.76537 Y3.97504
G01 X-10.76072 Y3.97428
G01 X-10.76011 Y3.97418
G01 X-10.71109 Y3.96692
G01 X-10.70868 Y3.96661
G01 X-10.66184 Y3.96199
G01 X-10.65938 Y3.96181
G01 X-10.61038 Y3.95942
G01 X-10.60914 Y3.95937
G01 X-10.58620 Y3.95881
G01 X-10.58498 Y3.95879
G01 X-9.88496 Y3.95879
G01 X-9.88374 Y3.95881
G01 X-9.86080 Y3.95937
G01 X-9.85956 Y3.95942
G01 X-9.81056 Y3.96181
G01 X-9.80810 Y3.96199
G01 X-9.76123 Y3.96664
G01 X-9.75882 Y3.96692
G01 X-9.70980 Y3.97421
G01 X-9.70919 Y3.97428
G01 X-9.70444 Y3.97504
G01 X-9.69654 Y3.97504
G01 X-9.65074 Y3.99021
G01 X-9.65011 Y3.98853
G01 X-9.65074 Y3.99021
G01 X-9.54119 Y4.05777
G01 X-9.54089 Y4.05737
G01 X-9.54119 Y4.05777
G01 X-9.46372 Y4.13524
G01 X-9.44780 Y4.14957
G01 X-9.43042 Y4.16209
G01 X-9.38608 Y4.19059
G01 X-9.35669 Y4.20618
G01 X-9.32509 Y4.21670
G01 X-9.29222 Y4.22183
G01 X-9.22252 Y4.22681
G01 X-9.18450 Y4.22589
G01 X-9.14737 Y4.21782
G01 X-9.11242 Y4.20286
G01 X-9.05110 Y4.16938
G01 X-9.02710 Y4.15394
G01 X-9.00894 Y4.13819
G01 X-9.00551 Y4.11246
G01 X-9.00894 Y4.13819
G01 X-8.93525 Y4.21187
G01 X-8.90977 Y4.20842
G01 X-8.93525 Y4.21187
G01 X-8.94747 Y4.22673
G01 X-8.95915 Y4.24251
G01 X-8.96924 Y4.25935
G01 X-8.99235 Y4.30255
G01 X-9.00734 Y4.33877
G01 X-9.02156 Y4.38569
G01 X-9.02633 Y4.40471
G01 X-9.02923 Y4.42414
G01 X-9.03403 Y4.47291
G01 X-9.03500 Y4.49252
G01 X-9.03500 Y5.39252
G01 X-9.03403 Y5.41213
G01 X-9.02923 Y5.46089
G01 X-9.02633 Y5.48030
G01 X-9.02156 Y5.49935
G01 X-9.00734 Y5.54624
G01 X-8.99235 Y5.58246
G01 X-8.96924 Y5.62569
G01 X-8.95915 Y5.64253
G01 X-8.94747 Y5.65828
G01 X-8.91638 Y5.69617
G01 X-8.88864 Y5.72389
G01 X-8.85077 Y5.75497
G01 X-8.83500 Y5.76668
G01 X-8.81816 Y5.77677
G01 X-8.78498 Y5.79450
G01 X-8.77338 Y5.78838
G01 X-8.78498 Y5.79450
G01 X-8.78498 Y6.55502
G01 X-8.75570 Y6.58434
G01 X-8.78498 Y6.55502
G01 X-8.88496 Y6.55502
G01 X-8.91447 Y6.58444
G01 X-8.88496 Y6.55502
G01 X-8.88498 Y6.35975
G01 X-8.88430 Y6.35114
G01 X-8.88557 Y6.35093
G01 X-8.88430 Y6.35114
G01 X-8.85036 Y6.23432
G01 X-8.84213 Y6.21776
G01 X-8.82844 Y6.18421
G01 X-8.81953 Y6.15685
G01 X-8.81460 Y6.12848
G01 X-8.81381 Y6.09970
G01 X-8.81694 Y6.02990
G01 X-8.82225 Y5.99224
G01 X-8.83462 Y5.95624
G01 X-8.85354 Y5.92325
G01 X-8.87236 Y5.89668
G01 X-8.88206 Y5.87862
G01 X-8.90685 Y5.84845
G01 X-8.93766 Y5.81766
G01 X-8.96395 Y5.79559
G01 X-8.99883 Y5.77105
G01 X-9.02509 Y5.75541
G01 X-9.05346 Y5.74398
G01 X-9.08321 Y5.73699
G01 X-9.15224 Y5.72627
G01 X-9.19016 Y5.72404
G01 X-9.22783 Y5.72899
G01 X-9.26388 Y5.74100
G01 X-9.32776 Y5.76927
G01 X-9.36093 Y5.78792
G01 X-9.38996 Y5.81248
G01 X-9.41381 Y5.84210
G01 X-9.45227 Y5.90044
G01 X-9.46624 Y5.92533
G01 X-9.47650 Y5.95195
G01 X-9.57028 Y6.25820
G01 X-9.57688 Y6.28728
G01 X-9.58229 Y6.32360
G01 X-9.58447 Y6.35307
G01 X-9.58447 Y7.51801
G01 X-9.58331 Y7.53940
G01 X-9.57990 Y7.56053
G01 X-9.56870 Y7.61204
G01 X-9.55895 Y7.64385
G01 X-9.54404 Y7.67361
G01 X-9.52443 Y7.70049
G01 X-9.47868 Y7.75329
G01 X-9.45118 Y7.77953
G01 X-9.41917 Y7.80011
G01 X-9.38387 Y7.81423
G01 X-9.31683 Y7.83391
G01 X-9.28895 Y7.83998
G01 X-9.26050 Y7.84204
G01 X-9.20899 Y7.84204
G01 X-9.18760 Y7.84087
G01 X-9.16647 Y7.83747
G01 X-9.11496 Y7.82627
G01 X-9.08313 Y7.81649
G01 X-9.05336 Y7.80161
G01 X-9.02646 Y7.78197
G01 X-8.97366 Y7.73620
G01 X-8.94744 Y7.70867
G01 X-8.92689 Y7.67669
G01 X-8.91277 Y7.64141
G01 X-8.89309 Y7.57438
G01 X-8.88702 Y7.54649
G01 X-8.88496 Y7.51801
G01 X-8.88496 Y7.45502
G01 X-8.91285 Y7.42652
G01 X-8.88496 Y7.45502
G01 X-8.78498 Y7.45502
G01 X-8.75610 Y7.42596
G01 X-8.78498 Y7.45502
G01 X-8.78498 Y7.59251
G01 X-8.78402 Y7.61212
G01 X-8.78115 Y7.64138
G01 X-8.77825 Y7.66079
G01 X-8.77350 Y7.67984
G01 X-8.76497 Y7.70798
G01 X-8.75834 Y7.72645
G01 X-8.74996 Y7.74420
G01 X-8.73609 Y7.77013
G01 X-8.71432 Y7.80272
G01 X-8.69565 Y7.82546
G01 X-8.68247 Y7.84001
G01 X-8.66794 Y7.85319
G01 X-8.64521 Y7.87184
G01 X-8.61259 Y7.89363
G01 X-8.58666 Y7.90747
G01 X-8.56893 Y7.91588
G01 X-8.55044 Y7.92248
G01 X-8.52230 Y7.93102
G01 X-8.48384 Y7.93866
G01 X-8.45458 Y7.94156
G01 X-8.43500 Y7.94252
G01 X-8.13500 Y7.94252
G01 X-8.11539 Y7.94156
G01 X-8.08613 Y7.93866
G01 X-8.04767 Y7.93102
G01 X-8.01953 Y7.92248
G01 X-8.00104 Y7.91588
G01 X-7.98331 Y7.90747
G01 X-7.95738 Y7.89363
G01 X-7.92476 Y7.87184
G01 X-7.90205 Y7.85319
G01 X-7.88750 Y7.84001
G01 X-7.87432 Y7.82546
G01 X-7.85567 Y7.80272
G01 X-7.83388 Y7.77013
G01 X-7.82001 Y7.74420
G01 X-7.81163 Y7.72645
G01 X-7.80503 Y7.70798
G01 X-7.79649 Y7.67984
G01 X-7.79172 Y7.66079
G01 X-7.78882 Y7.64138
G01 X-7.78595 Y7.61212
G01 X-7.78499 Y7.59251
G01 X-7.78499 Y7.45502
G01 X-7.81221 Y7.42688
G01 X-7.78499 Y7.45502
G01 X-7.68499 Y7.45505
G01 X-7.65547 Y7.42563
G01 X-7.68499 Y7.45505
G01 X-7.68499 Y7.65035
G01 X-7.68565 Y7.65891
G01 X-7.68450 Y7.65909
G01 X-7.68565 Y7.65891
G01 X-7.71869 Y7.77265
G01 X-7.72931 Y7.79058
G01 X-7.74582 Y7.82604
G01 X-7.76182 Y7.87153
G01 X-7.77000 Y7.90249
G01 X-7.77312 Y7.93437
G01 X-7.77114 Y7.96632
G01 X-7.76121 Y8.03546
G01 X-7.75225 Y8.07245
G01 X-7.73642 Y8.10704
G01 X-7.71437 Y8.13803
G01 X-7.66860 Y8.19083
G01 X-7.64107 Y8.21705
G01 X-7.60909 Y8.23760
G01 X-7.57381 Y8.25172
G01 X-7.50678 Y8.27140
G01 X-7.47889 Y8.27747
G01 X-7.45044 Y8.27953
G01 X-6.70084 Y8.27953
G01 X-6.70079 Y8.27905
G01 X-6.70084 Y8.27953
G01 X-6.58481 Y8.30259
G01 X-6.58468 Y8.30214
G01 X-6.58481 Y8.30259
G01 X-6.47551 Y8.34786
G01 X-6.47529 Y8.34745
G01 X-6.47551 Y8.34786
G01 X-6.37717 Y8.41357
G01 X-6.37686 Y8.41321
G01 X-6.37717 Y8.41357
G01 X-6.18860 Y8.60219
G01 X-6.18331 Y8.60727
G01 X-6.17684 Y8.61329
G01 X-6.15174 Y8.63312
G01 X-6.12378 Y8.64872
G01 X-6.06022 Y8.67775
G01 X-6.02428 Y8.69020
G01 X-5.98664 Y8.69561
G01 X-5.94864 Y8.69378
G01 X-5.87948 Y8.68382
G01 X-5.84255 Y8.67486
G01 X-5.80798 Y8.65908
G01 X-5.77701 Y8.63704
G01 X-5.72421 Y8.59129
G01 X-5.69797 Y8.56378
G01 X-5.67740 Y8.53178
G01 X-5.66327 Y8.49647
G01 X-5.64359 Y8.42944
G01 X-5.63752 Y8.40155
G01 X-5.63546 Y8.37308
G01 X-5.63546 Y7.79020
G01 X-5.62825 Y7.71933
G01 X-5.62944 Y7.71916
G01 X-5.62825 Y7.71933
G01 X-5.60328 Y7.64405
G01 X-5.58730 Y7.59579
G01 X-5.58791 Y7.59548
G01 X-5.58730 Y7.59579
G01 X-5.51974 Y7.48626
G01 X-5.52014 Y7.48596
G01 X-5.51974 Y7.48626
G01 X-5.44260 Y7.40915
G01 X-5.42830 Y7.39322
G01 X-5.41575 Y7.37582
G01 X-5.38725 Y7.33148
G01 X-5.37166 Y7.30209
G01 X-5.36114 Y7.27049
G01 X-5.35601 Y7.23762
G01 X-5.35103 Y7.16793
G01 X-5.35195 Y7.12990
G01 X-5.36002 Y7.09277
G01 X-5.37498 Y7.05782
G01 X-5.40846 Y6.99650
G01 X-5.42390 Y6.97250
G01 X-5.44260 Y6.95093
G01 X-5.51974 Y6.87377
G01 X-5.52022 Y6.87415
G01 X-5.51974 Y6.87377
G01 X-5.58730 Y6.76427
G01 X-5.58791 Y6.76455
G01 X-5.58730 Y6.76427
G01 X-5.62825 Y6.64072
G01 X-5.62944 Y6.64090
G01 X-5.62825 Y6.64072
G01 X-5.63546 Y6.56986
G01 X-5.63546 Y5.79018
G01 X-5.62825 Y5.71934
G01 X-5.62883 Y5.71924
G01 X-5.62825 Y5.71934
G01 X-5.58730 Y5.59579
G01 X-5.58799 Y5.59546
G01 X-5.58730 Y5.59579
G01 X-5.51522 Y5.47893
G01 X-5.50676 Y5.46882
G01 X-5.48169 Y5.43275
G01 X-5.46406 Y5.40184
G01 X-5.31390 Y5.07380
G01 X-5.31098 Y5.06707
G01 X-5.30755 Y5.05879
G01 X-5.29767 Y5.02826
G01 X-5.29284 Y4.99653
G01 X-5.28786 Y4.92686
G01 X-5.28875 Y4.88886
G01 X-5.29683 Y4.85173
G01 X-5.31179 Y4.81677
G01 X-5.34527 Y4.75543
G01 X-5.36071 Y4.73141
G01 X-5.37940 Y4.70984
G01 X-6.81882 Y3.27042
G01 X-6.83477 Y3.25610
G01 X-6.85542 Y3.23946
G01 X-6.88819 Y3.21797
G01 X-6.92454 Y3.20332
G01 X-6.99157 Y3.18363
G01 X-7.01946 Y3.17756
G01 X-7.04790 Y3.17550
G01 X-8.55740 Y3.17550
G01 X-8.55765 Y3.17698
G01 X-8.55740 Y3.17550
G01 X-8.56543 Y3.16745
G01 X-8.61077 Y3.14868
G01 X-8.63149 Y3.14068
G01 X-8.68851 Y3.12028
G01 X-8.72390 Y3.10951
G01 X-8.78034 Y3.09539
G01 X-8.81082 Y3.08930
G01 X-8.86718 Y3.08094
G01 X-8.89509 Y3.07817
G01 X-8.95194 Y3.07538
G01 X-8.96393 Y3.07507
G01 X-8.95194 Y3.07538
G01 X-8.89509 Y3.07817
G01 X-8.86718 Y3.08094
G01 X-8.81082 Y3.08930
G01 X-8.78034 Y3.09539
G01 X-8.72390 Y3.10951
G01 X-8.68851 Y3.12028
G01 X-8.63149 Y3.14068
G01 X-8.61077 Y3.14868
G01 X-8.56543 Y3.16745
G01 X-8.55572 Y3.17149
G01 X-8.54635 Y3.17433
G01 X-8.53660 Y3.17530
G01 X-7.04973 Y3.17530
G01 X-6.98130 Y3.18020
G01 X-6.91925 Y3.18917
G01 X-6.85420 Y3.23743
G01 X-6.83675 Y3.25310
G01 X-6.81816 Y3.27073
G01 X-5.38050 Y4.70839
G01 X-5.33559 Y4.76026
G01 X-5.29528 Y4.81411
G01 X-5.26444 Y4.86148
G01 X-5.26152 Y4.91515
G01 X-5.26277 Y4.92028
G01 X-5.27973 Y4.98660
G01 X-5.30516 Y5.06079
G01 X-5.31148 Y5.07514
G01 X-5.46109 Y5.40197
G01 X-5.48075 Y5.44027
G01 X-5.48212 Y5.44268
G01 X-5.49685 Y5.46112
G01 X-5.49769 Y5.46216
G01 X-5.50264 Y5.46874
G01 X-5.51430 Y5.48358
G01 X-5.51572 Y5.48543
G01 X-5.52792 Y5.50252
G01 X-5.52929 Y5.50456
G01 X-5.55593 Y5.54609
G01 X-5.55723 Y5.54819
G01 X-5.58303 Y5.59310
G01 X-5.58380 Y5.59272
G01 X-5.58303 Y5.59310
G01 X-5.58659 Y5.60070
G01 X-5.60267 Y5.64428
G01 X-5.60343 Y5.64649
G01 X-5.61826 Y5.69320
G01 X-5.61859 Y5.69427
G01 X-5.62502 Y5.71629
G01 X-5.62627 Y5.71606
G01 X-5.62502 Y5.71629
G01 X-5.62662 Y5.72401
G01 X-5.62997 Y5.75033
G01 X-5.63013 Y5.75162
G01 X-5.63376 Y5.78782
G01 X-5.63394 Y5.79036
G01 X-5.63455 Y5.80298
G01 X-5.63460 Y5.80423
G01 X-5.63521 Y5.82879
G01 X-5.63523 Y5.83001
G01 X-5.63523 Y6.53000
G01 X-5.63521 Y6.53125
G01 X-5.63460 Y6.55581
G01 X-5.63455 Y6.55706
G01 X-5.63394 Y6.56968
G01 X-5.63376 Y6.57222
G01 X-5.63013 Y6.60841
G01 X-5.62997 Y6.60971
G01 X-5.62662 Y6.63605
G01 X-5.62502 Y6.64380
G01 X-5.62571 Y6.64392
G01 X-5.62502 Y6.64380
G01 X-5.61859 Y6.66572
G01 X-5.61826 Y6.66681
G01 X-5.60346 Y6.71355
G01 X-5.60269 Y6.71573
G01 X-5.58659 Y6.75937
G01 X-5.58303 Y6.76696
G01 X-5.58364 Y6.76727
G01 X-5.58303 Y6.76696
G01 X-5.55723 Y6.81187
G01 X-5.55593 Y6.81400
G01 X-5.52929 Y6.85551
G01 X-5.52792 Y6.85754
G01 X-5.51898 Y6.87006
G01 X-5.51532 Y6.87458
G01 X-5.51583 Y6.87496
G01 X-5.51532 Y6.87458
G01 X-5.49269 Y6.89955
G01 X-5.49101 Y6.90133
G01 X-5.45621 Y6.93610
G01 X-5.45443 Y6.93780
G01 X-5.43998 Y6.95088
G01 X-5.42012 Y6.96996
G01 X-5.38425 Y7.00636
G01 X-5.38385 Y7.00676
G01 X-5.34750 Y7.04278
G01 X-5.34704 Y7.04321
G01 X-5.33625 Y7.05365
G01 X-5.33579 Y7.05408
G01 X-5.30303 Y7.08497
G01 X-5.26533 Y7.12343
G01 X-5.25215 Y7.13790
G01 X-5.21517 Y7.17864
G01 X-5.24773 Y7.21423
G01 X-5.24880 Y7.21545
G01 X-5.25464 Y7.22228
G01 X-5.25129 Y7.17504
G01 X-5.25215 Y7.13790
G01 X-5.25129 Y7.17504
G01 X-5.25464 Y7.22228
G01 X-5.26675 Y7.23640
G01 X-5.30394 Y7.27656
G01 X-5.34626 Y7.31880
G01 X-5.36165 Y7.33358
G01 X-5.38225 Y7.35261
G01 X-5.38314 Y7.35342
G01 X-5.40163 Y7.37133
G01 X-5.40249 Y7.37219
G01 X-5.42004 Y7.39002
G01 X-5.44011 Y7.40928
G01 X-5.45443 Y7.42226
G01 X-5.45621 Y7.42396
G01 X-5.49101 Y7.45873
G01 X-5.49269 Y7.46051
G01 X-5.51532 Y7.48548
G01 X-5.51611 Y7.48489
G01 X-5.51532 Y7.48548
G01 X-5.51898 Y7.49000
G01 X-5.52792 Y7.50252
G01 X-5.52929 Y7.50455
G01 X-5.55596 Y7.54606
G01 X-5.55723 Y7.54819
G01 X-5.58303 Y7.59310
G01 X-5.58659 Y7.60067
G01 X-5.60267 Y7.64428
G01 X-5.60328 Y7.64405
G01 X-5.60267 Y7.64428
G01 X-5.60343 Y7.64649
G01 X-5.61826 Y7.69320
G01 X-5.61859 Y7.69426
G01 X-5.62502 Y7.71626
G01 X-5.62662 Y7.72401
G01 X-5.62997 Y7.75032
G01 X-5.63013 Y7.75162
G01 X-5.63376 Y7.78784
G01 X-5.63394 Y7.79038
G01 X-5.63447 Y7.79033
G01 X-5.63394 Y7.79038
G01 X-5.63455 Y7.80298
G01 X-5.63460 Y7.80422
G01 X-5.63521 Y7.82878
G01 X-5.63523 Y7.83000
G01 X-5.63523 Y8.37138
G01 X-5.64013 Y8.43968
G01 X-5.64986 Y8.50729
G01 X-5.65217 Y8.52190
G01 X-5.65654 Y8.54727
G01 X-5.66708 Y8.59548
G01 X-5.68364 Y8.65809
G01 X-5.68832 Y8.67501
G01 X-5.69505 Y8.69835
G01 X-5.69947 Y8.71359
G01 X-5.69980 Y8.71481
G01 X-5.71077 Y8.75667
G01 X-5.71105 Y8.75786
G01 X-5.71443 Y8.77216
G01 X-5.72207 Y8.80450
G01 X-5.72731 Y8.82411
G01 X-5.79934 Y8.80742
G01 X-5.84262 Y8.79741
G01 X-5.88006 Y8.78494
G01 X-5.86523 Y8.78281
G01 X-5.80983 Y8.76937
G01 X-5.75796 Y8.74567
G01 X-5.71153 Y8.71263
G01 X-5.69505 Y8.69835
G01 X-5.71153 Y8.71263
G01 X-5.75796 Y8.74567
G01 X-5.80983 Y8.76937
G01 X-5.86523 Y8.78281
G01 X-5.88006 Y8.78494
G01 X-5.91128 Y8.77455
G01 X-6.06434 Y8.69927
G01 X-6.11798 Y8.66203
G01 X-6.17788 Y8.61296
G01 X-6.18860 Y8.60219
G01 X-6.33554 Y8.45560
G01 X-6.33640 Y8.45474
G01 X-6.35423 Y8.43777
G01 X-6.35512 Y8.43694
G01 X-6.37694 Y8.41717
G01 X-6.38072 Y8.41405
G01 X-6.38044 Y8.41369
G01 X-6.38072 Y8.41405
G01 X-6.40437 Y8.39652
G01 X-6.40638 Y8.39510
G01 X-6.44722 Y8.36780
G01 X-6.44930 Y8.36650
G01 X-6.47457 Y8.35134
G01 X-6.47892 Y8.34903
G01 X-6.47869 Y8.34859
G01 X-6.47892 Y8.34903
G01 X-6.50549 Y8.33645
G01 X-6.50775 Y8.33546
G01 X-6.55321 Y8.31662
G01 X-6.55550 Y8.31573
G01 X-6.58324 Y8.30582
G01 X-6.58793 Y8.30437
G01 X-6.58776 Y8.30376
G01 X-6.58793 Y8.30437
G01 X-6.61646 Y8.29724
G01 X-6.61885 Y8.29670
G01 X-6.66711 Y8.28710
G01 X-6.66952 Y8.28669
G01 X-6.69865 Y8.28235
G01 X-6.70353 Y8.28189
G01 X-6.73294 Y8.28045
G01 X-6.73416 Y8.28040
G01 X-6.73414 Y8.28009
G01 X-6.73416 Y8.28040
G01 X-6.75875 Y8.27979
G01 X-6.75997 Y8.27976
G01 X-7.44861 Y8.27976
G01 X-7.51709 Y8.27486
G01 X-7.58148 Y8.26559
G01 X-7.73734 Y8.21880
G01 X-7.79916 Y8.19056
G01 X-7.80180 Y8.18936
G01 X-7.94503 Y8.10580
G01 X-7.95265 Y8.10219
G01 X-7.96075 Y8.09988
G01 X-7.96916 Y8.09899
G01 X-7.97757 Y8.09952
G01 X-7.98712 Y8.10094
G01 X-8.06794 Y8.10895
G01 X-8.09540 Y8.11029
G01 X-8.13573 Y8.11128
G01 X-8.43424 Y8.11128
G01 X-8.47462 Y8.11029
G01 X-8.50279 Y8.10889
G01 X-8.50810 Y8.10856
G01 X-8.50978 Y8.10704
G01 X-8.53411 Y8.08423
G01 X-8.54231 Y8.07623
G01 X-8.54300 Y8.07557
G01 X-8.56693 Y8.05317
G01 X-8.56766 Y8.05251
G01 X-8.59456 Y8.02827
G01 X-8.61646 Y8.00770
G01 X-8.62169 Y8.00257
G01 X-8.62247 Y8.00183
G01 X-8.62420 Y8.00021
G01 X-8.62247 Y8.00183
G01 X-8.62169 Y8.00257
G01 X-8.61646 Y8.00770
G01 X-8.59456 Y8.02827
G01 X-8.56766 Y8.05251
G01 X-8.56693 Y8.05317
G01 X-8.54300 Y8.07557
G01 X-8.54231 Y8.07623
G01 X-8.53411 Y8.08423
G01 X-8.50978 Y8.10704
G01 X-8.50810 Y8.10856
G01 X-8.50279 Y8.10889
G01 X-8.47462 Y8.11029
G01 X-8.43424 Y8.11128
G01 X-8.13573 Y8.11128
G01 X-8.09540 Y8.11029
G01 X-8.06794 Y8.10895
G01 X-7.98712 Y8.10094
G01 X-7.97757 Y8.09952
G01 X-7.96916 Y8.09899
G01 X-7.96075 Y8.09988
G01 X-7.95999 Y8.09670
G01 X-7.96075 Y8.09988
G01 X-7.95265 Y8.10219
G01 X-7.94503 Y8.10580
G01 X-7.80180 Y8.18936
G01 X-7.79916 Y8.19056
G01 X-7.82304 Y8.15705
G01 X-7.84673 Y8.10514
G01 X-7.86020 Y8.04969
G01 X-7.87013 Y7.98055
G01 X-7.87165 Y7.95604
G01 X-7.83548 Y7.88380
G01 X-7.87165 Y7.95604
G01 X-7.91023 Y7.98182
G01 X-7.93617 Y7.99566
G01 X-7.96279 Y8.00826
G01 X-7.99050 Y8.01817
G01 X-8.01864 Y8.02670
G01 X-8.07632 Y8.03818
G01 X-8.10558 Y8.04108
G01 X-8.13500 Y8.04252
G01 X-8.43500 Y8.04252
G01 X-8.46439 Y8.04108
G01 X-8.49365 Y8.03818
G01 X-8.55133 Y8.02670
G01 X-8.57947 Y8.01817
G01 X-8.60718 Y8.00826
G01 X-8.62420 Y8.00021
G01 X-8.64467 Y7.98101
G01 X-8.64546 Y7.98029
G01 X-8.66776 Y7.96025
G01 X-8.68862 Y7.94067
G01 X-8.69273 Y7.93663
G01 X-8.69352 Y7.93587
G01 X-8.71501 Y7.91570
G01 X-8.71582 Y7.91497
G01 X-8.73705 Y7.89592
G01 X-8.75760 Y7.87661
G01 X-8.76154 Y7.87275
G01 X-8.76233 Y7.87199
G01 X-8.78394 Y7.85169
G01 X-8.78476 Y7.85093
G01 X-8.80721 Y7.83079
G01 X-8.82694 Y7.81225
G01 X-8.82860 Y7.81072
G01 X-8.83256 Y7.80686
G01 X-8.83959 Y7.80112
G01 X-8.84754 Y7.79675
G01 X-8.85618 Y7.79388
G01 X-8.85313 Y7.78405
G01 X-8.85618 Y7.79388
G01 X-8.86517 Y7.79264
G01 X-8.87424 Y7.79305
G01 X-8.88669 Y7.79472
G01 X-8.88851 Y7.79500
G01 X-8.89288 Y7.79574
G01 X-8.86883 Y7.77049
G01 X-8.85588 Y7.75035
G01 X-8.84503 Y7.66292
G01 X-8.85588 Y7.75035
G01 X-8.85074 Y7.76472
G01 X-8.83815 Y7.79134
G01 X-8.82694 Y7.81225
G01 X-8.83815 Y7.79134
G01 X-8.85074 Y7.76472
G01 X-8.85588 Y7.75035
G01 X-8.86883 Y7.77049
G01 X-8.89288 Y7.79574
G01 X-8.94516 Y7.80481
G01 X-8.94706 Y7.80519
G01 X-8.97005 Y7.81009
G01 X-8.97927 Y7.81197
G01 X-9.03802 Y7.82360
G01 X-9.06685 Y7.82848
G01 X-9.09159 Y7.83198
G01 X-9.10820 Y7.83407
G01 X-9.15920 Y7.83953
G01 X-9.21031 Y7.84227
G01 X-9.25869 Y7.84227
G01 X-9.32707 Y7.83737
G01 X-9.37785 Y7.83008
G01 X-9.37866 Y7.82995
G01 X-9.39611 Y7.82774
G01 X-9.39692 Y7.82764
G01 X-9.40497 Y7.82675
G01 X-9.43370 Y7.82279
G01 X-9.49141 Y7.81321
G01 X-9.52265 Y7.80724
G01 X-9.54561 Y7.74573
G01 X-9.57678 Y7.61598
G01 X-9.58196 Y7.56777
G01 X-9.58470 Y7.51669
G01 X-9.58470 Y6.35393
G01 X-9.58341 Y6.31875
G01 X-9.58117 Y6.28883
G01 X-9.57266 Y6.25657
G01 X-9.47967 Y5.95289
G01 X-9.45468 Y5.88822
G01 X-9.42694 Y5.82932
G01 X-9.33558 Y5.69254
G01 X-9.29456 Y5.64629
G01 X-9.28712 Y5.63791
G01 X-9.27945 Y5.62937
G01 X-9.27663 Y5.62632
G01 X-9.23881 Y5.58810
G01 X-9.20060 Y5.55195
G01 X-9.19519 Y5.54591
G01 X-9.19080 Y5.53905
G01 X-9.18760 Y5.53161
G01 X-9.18564 Y5.52373
G01 X-9.18498 Y5.51563
G01 X-9.18498 Y4.43057
G01 X-9.18562 Y4.42262
G01 X-9.18752 Y4.41487
G01 X-9.19062 Y4.40750
G01 X-9.19486 Y4.40075
G01 X-9.20010 Y4.39473
G01 X-9.22496 Y4.37052
G01 X-9.22608 Y4.36948
G01 X-9.26883 Y4.33034
G01 X-9.27002 Y4.32927
G01 X-9.27716 Y4.32315
G01 X-9.29143 Y4.31091
G01 X-9.33164 Y4.27362
G01 X-9.37373 Y4.23136
G01 X-9.38839 Y4.21609
G01 X-9.40754 Y4.19531
G01 X-9.40833 Y4.19447
G01 X-9.42595 Y4.17626
G01 X-9.42677 Y4.17542
G01 X-9.44503 Y4.15742
G01 X-9.46388 Y4.13776
G01 X-9.47718 Y4.12308
G01 X-9.47889 Y4.12130
G01 X-9.51374 Y4.08645
G01 X-9.51551 Y4.08475
G01 X-9.54041 Y4.06219
G01 X-9.54495 Y4.05853
G01 X-9.55755 Y4.04954
G01 X-9.55958 Y4.04817
G01 X-9.60091 Y4.02163
G01 X-9.60302 Y4.02033
G01 X-9.64800 Y3.99448
G01 X-9.65504 Y3.99115
G01 X-9.68679 Y3.97898
G01 X-9.69169 Y3.97738
G01 X-9.69674 Y3.97629
G01 X-9.70444 Y3.97504
G01 X-9.69674 Y3.97629
G01 X-9.69169 Y3.97738
G01 X-9.68679 Y3.97898
G01 X-9.65504 Y3.99115
G01 X-9.64800 Y3.99448
G01 X-9.60302 Y4.02033
G01 X-9.60091 Y4.02163
G01 X-9.55958 Y4.04817
G01 X-9.55755 Y4.04954
G01 X-9.54495 Y4.05853
G01 X-9.54041 Y4.06219
G01 X-9.51551 Y4.08475
G01 X-9.51374 Y4.08645
G01 X-9.47889 Y4.12130
G01 X-9.47718 Y4.12308
G01 X-9.46388 Y4.13776
G01 X-9.44503 Y4.15742
G01 X-9.42677 Y4.17542
G01 X-9.42595 Y4.17626
G01 X-9.40833 Y4.19447
G01 X-9.40754 Y4.19531
G01 X-9.38839 Y4.21609
G01 X-9.37373 Y4.23136
G01 X-9.33164 Y4.27362
G01 X-9.29143 Y4.31091
G01 X-9.27716 Y4.32315
G01 X-9.22964 Y4.32655
G01 X-9.17264 Y4.32518
G01 X-9.11691 Y4.31307
G01 X-9.10172 Y4.30654
G01 X-9.04353 Y4.24352
G01 X-9.10172 Y4.30654
G01 X-9.10304 Y4.30977
G01 X-9.11727 Y4.35665
G01 X-9.12443 Y4.38520
G01 X-9.12875 Y4.41434
G01 X-9.13355 Y4.46311
G01 X-9.13500 Y4.49252
G01 X-9.13500 Y5.39252
G01 X-9.13355 Y5.42193
G01 X-9.12875 Y5.47070
G01 X-9.12443 Y5.49981
G01 X-9.11727 Y5.52838
G01 X-9.10304 Y5.57527
G01 X-9.08054 Y5.62960
G01 X-9.07668 Y5.63679
G01 X-9.01506 Y5.68200
G01 X-9.07668 Y5.63679
G01 X-9.13690 Y5.62744
G01 X-9.19380 Y5.62409
G01 X-9.25029 Y5.63156
G01 X-9.29456 Y5.64629
G01 X-9.28712 Y5.63791
G01 X-9.27945 Y5.62937
G01 X-9.27663 Y5.62632
G01 X-9.23881 Y5.58810
G01 X-9.20060 Y5.55195
G01 X-9.19519 Y5.54591
G01 X-9.19080 Y5.53905
G01 X-9.18760 Y5.53161
G01 X-9.18564 Y5.52373
G01 X-9.17909 Y5.52622
G01 X-9.18564 Y5.52373
G01 X-9.18498 Y5.51563
G01 X-9.18498 Y4.43057
G01 X-9.18562 Y4.42262
G01 X-9.18752 Y4.41487
G01 X-9.17993 Y4.41172
G01 X-9.18752 Y4.41487
G01 X-9.19062 Y4.40750
G01 X-9.19486 Y4.40075
G01 X-9.20010 Y4.39473
G01 X-9.22496 Y4.37052
G01 X-9.22608 Y4.36948
G01 X-9.26883 Y4.33034
G01 X-9.27002 Y4.32927
G01 X-9.27716 Y4.32315
G01 X-9.29143 Y4.31091
G01 X-9.33164 Y4.27362
G01 X-9.37373 Y4.23136
G01 X-9.38839 Y4.21609
G01 X-9.40754 Y4.19531
G01 X-9.40833 Y4.19447
G01 X-9.42595 Y4.17626
G01 X-9.42677 Y4.17542
G01 X-9.44503 Y4.15742
G01 X-9.46388 Y4.13776
G01 X-9.47718 Y4.12308
G01 X-9.47889 Y4.12130
G01 X-9.51374 Y4.08645
G01 X-9.51551 Y4.08475
G01 X-9.54041 Y4.06219
G01 X-9.54495 Y4.05853
G01 X-9.55755 Y4.04954
G01 X-9.55699 Y4.04878
G01 X-9.55755 Y4.04954
G01 X-9.55958 Y4.04817
G01 X-9.60091 Y4.02163
G01 X-9.60302 Y4.02033
G01 X-9.64800 Y3.99448
G01 X-9.65504 Y3.99115
G01 X-9.68679 Y3.97898
G01 X-9.68658 Y3.97835
G01 X-9.68679 Y3.97898
G01 X-9.69169 Y3.97738
G01 X-9.69674 Y3.97629
G01 X-9.70444 Y3.97504
G01 X-9.70919 Y3.97428
G01 X-9.70980 Y3.97421
G01 X-9.75882 Y3.96692
G01 X-9.76123 Y3.96664
G01 X-9.80810 Y3.96199
G01 X-9.81056 Y3.96181
G01 X-9.81053 Y3.96146
G01 X-9.81056 Y3.96181
G01 X-9.85956 Y3.95942
G01 X-9.86080 Y3.95937
G01 X-9.88374 Y3.95881
G01 X-9.88496 Y3.95879
G01 X-10.58498 Y3.95879
G01 X-10.58620 Y3.95881
G01 X-10.60914 Y3.95937
G01 X-10.61038 Y3.95942
G01 X-10.65938 Y3.96181
G01 X-10.66184 Y3.96199
G01 X-10.70868 Y3.96661
G01 X-10.71109 Y3.96692
G01 X-10.76011 Y3.97418
G01 X-10.76072 Y3.97428
G01 X-10.76537 Y3.97504
G01 X-10.77319 Y3.97629
G01 X-10.77825 Y3.97738
G01 X-10.77843 Y3.97670
G01 X-10.77825 Y3.97738
G01 X-10.78315 Y3.97896
G01 X-10.81490 Y3.99115
G01 X-10.82194 Y3.99448
G01 X-10.86697 Y4.02038
G01 X-10.86908 Y4.02165
G01 X-10.91038 Y4.04817
G01 X-10.91081 Y4.04756
G01 X-10.91038 Y4.04817
G01 X-10.91239 Y4.04954
G01 X-10.92498 Y4.05853
G01 X-10.92953 Y4.06219
G01 X-10.95442 Y4.08475
G01 X-10.95620 Y4.08645
G01 X-10.99105 Y4.12130
G01 X-10.99141 Y4.12097
G01 X-10.99105 Y4.12130
G01 X-10.99275 Y4.12308
G01 X-11.01531 Y4.14797
G01 X-11.01896 Y4.15251
G01 X-11.02796 Y4.16511
G01 X-11.02933 Y4.16712
G01 X-11.05585 Y4.20842
G01 X-11.05712 Y4.21053
G01 X-11.05755 Y4.21027
G01 X-11.05712 Y4.21053
G01 X-11.08302 Y4.25559
G01 X-11.08658 Y4.26318
G01 X-11.10268 Y4.30682
G01 X-11.10345 Y4.30900
G01 X-11.10403 Y4.30883
G01 X-11.10345 Y4.30900
G01 X-11.11828 Y4.35574
G01 X-11.11861 Y4.35683
G01 X-11.12504 Y4.37880
G01 X-11.12664 Y4.38652
G01 X-11.12999 Y4.41284
G01 X-11.13012 Y4.41413
G01 X-11.13377 Y4.45035
G01 X-11.13395 Y4.45289
G01 X-11.13456 Y4.46549
G01 X-11.13461 Y4.46674
G01 X-11.13509 Y4.46669
G01 X-11.13461 Y4.46674
G01 X-11.13522 Y4.49130
G01 X-11.13522 Y4.49254
G01 X-11.13522 Y5.39254
G01 X-11.13520 Y5.39376
G01 X-11.13461 Y5.41832
G01 X-11.13456 Y5.41957
G01 X-11.13393 Y5.43219
G01 X-11.13375 Y5.43473
G01 X-11.13453 Y5.43483
G01 X-11.13375 Y5.43473
G01 X-11.13012 Y5.47090
G01 X-11.12996 Y5.47222
G01 X-11.12664 Y5.49854
G01 X-11.12501 Y5.50628
G01 X-11.11858 Y5.52825
G01 X-11.11825 Y5.52935
G01 X-11.10345 Y5.57606
G01 X-11.10268 Y5.57824
G01 X-11.08676 Y5.62142
G01 X-11.08666 Y5.62173
G01 X-11.08231 Y5.63326
G01 X-11.08259 Y5.63336
G01 X-11.08231 Y5.63326
G01 X-11.08132 Y5.63572
G01 X-10.81068 Y6.25350
G01 X-10.79308 Y6.30013
G01 X-10.79100 Y6.30664
G01 X-10.78777 Y6.33778
G01 X-10.78523 Y6.38705
G01 X-10.78523 Y7.57166
G01 X-10.78559 Y7.58972
G01 X-10.79006 Y7.63811
G01 X-10.79910 Y7.70077
G01 X-10.84746 Y7.76592
G01 X-10.86314 Y7.78334
G01 X-10.88076 Y7.80194
G01 X-10.94721 Y7.86838
G01 X-10.99913 Y7.91334
G01 X-11.05176 Y7.95274
G01 X-11.14835 Y8.00821
G01 X-11.15648 Y8.00562
G01 X-11.22194 Y7.98291
G01 X-11.31073 Y7.94240
G01 X-11.32912 Y7.93173
G01 X-11.34673 Y7.91977
G01 X-11.35747 Y7.91210
G01 X-11.35950 Y7.91072
G01 X-11.40090 Y7.88413
G01 X-11.40301 Y7.88283
G01 X-11.44802 Y7.85698
G01 X-11.45562 Y7.85342
G01 X-11.45534 Y7.85279
G01 X-11.45562 Y7.85342
G01 X-11.49925 Y7.83732
G01 X-11.50144 Y7.83656
G01 X-11.54815 Y7.82175
G01 X-11.54924 Y7.82142
G01 X-11.57126 Y7.81497
G01 X-11.57898 Y7.81337
G01 X-11.57881 Y7.81220
G01 X-11.57898 Y7.81337
G01 X-11.60527 Y7.81001
G01 X-11.60657 Y7.80989
G01 X-11.64279 Y7.80623
G01 X-11.64533 Y7.80605
G01 X-11.65793 Y7.80544
G01 X-11.65917 Y7.80539
G01 X-11.68373 Y7.80478
G01 X-11.68498 Y7.80475
G01 X-12.38498 Y7.80475
G01 X-12.38620 Y7.80478
G01 X-12.41076 Y7.80539
G01 X-12.41198 Y7.80544
G01 X-12.42458 Y7.80605
G01 X-12.42719 Y7.80625
G01 X-12.42724 Y7.80564
G01 X-12.42719 Y7.80625
G01 X-12.47078 Y7.81067
G01 X-12.47240 Y7.81088
G01 X-12.49135 Y7.81342
G01 X-12.49872 Y7.81499
G01 X-12.52071 Y7.82142
G01 X-12.52181 Y7.82175
G01 X-12.56852 Y7.83656
G01 X-12.56870 Y7.83597
G01 X-12.56852 Y7.83656
G01 X-12.57070 Y7.83732
G01 X-12.61431 Y7.85342
G01 X-12.62193 Y7.85698
G01 X-12.66694 Y7.88286
G01 X-12.66905 Y7.88413
G01 X-12.66928 Y7.88372
G01 X-12.66905 Y7.88413
G01 X-12.71045 Y7.91072
G01 X-12.71248 Y7.91210
G01 X-12.72501 Y7.92104
G01 X-12.72953 Y7.92469
G01 X-12.75450 Y7.94732
G01 X-12.75467 Y7.94710
G01 X-12.75450 Y7.94732
G01 X-12.75627 Y7.94900
G01 X-12.79100 Y7.98372
G01 X-12.79267 Y7.98550
G01 X-12.80575 Y7.99990
G01 X-12.82483 Y8.01979
G01 X-12.86130 Y8.05573
G01 X-12.86171 Y8.05614
G01 X-12.89773 Y8.09249
G01 X-12.89816 Y8.09294
G01 X-12.90860 Y8.10374
G01 X-12.90903 Y8.10420
G01 X-12.93987 Y8.13691
G01 X-12.97842 Y8.17471
G01 X-12.99282 Y8.18781
G01 X-13.03362 Y8.22482
G01 X-13.06918 Y8.19226
G01 X-13.07040 Y8.19119
G01 X-13.07723 Y8.18532
G01 X-13.02998 Y8.18870
G01 X-12.99282 Y8.18781
G01 X-13.02998 Y8.18870
G01 X-13.07723 Y8.18532
G01 X-13.09127 Y8.17328
G01 X-13.13156 Y8.13602
G01 X-13.17390 Y8.09358
G01 X-13.18853 Y8.07834
G01 X-13.20756 Y8.05774
G01 X-13.20837 Y8.05685
G01 X-13.22628 Y8.03836
G01 X-13.22714 Y8.03749
G01 X-13.24515 Y8.01977
G01 X-13.26422 Y7.99988
G01 X-13.27728 Y7.98550
G01 X-13.27896 Y7.98372
G01 X-13.31368 Y7.94900
G01 X-13.31546 Y7.94732
G01 X-13.34040 Y7.92469
G01 X-13.34492 Y7.92106
G01 X-13.35747 Y7.91210
G01 X-13.35703 Y7.91156
G01 X-13.35747 Y7.91210
G01 X-13.35950 Y7.91072
G01 X-13.40090 Y7.88413
G01 X-13.40301 Y7.88283
G01 X-13.44802 Y7.85698
G01 X-13.45561 Y7.85342
G01 X-13.45536 Y7.85289
G01 X-13.45561 Y7.85342
G01 X-13.49925 Y7.83732
G01 X-13.50143 Y7.83656
G01 X-13.54814 Y7.82175
G01 X-13.54924 Y7.82142
G01 X-13.57126 Y7.81497
G01 X-13.57106 Y7.81377
G01 X-13.57126 Y7.81497
G01 X-13.57898 Y7.81337
G01 X-13.60527 Y7.81001
G01 X-13.60659 Y7.80989
G01 X-13.64281 Y7.80623
G01 X-13.64535 Y7.80605
G01 X-13.65797 Y7.80544
G01 X-13.65919 Y7.80539
G01 X-13.68376 Y7.80478
G01 X-13.68500 Y7.80475
G01 X-14.38500 Y7.80475
G01 X-14.38622 Y7.80478
G01 X-14.41078 Y7.80539
G01 X-14.41202 Y7.80544
G01 X-14.42457 Y7.80605
G01 X-14.42719 Y7.80625
G01 X-14.47072 Y7.81067
G01 X-14.47232 Y7.81085
G01 X-14.49135 Y7.81342
G01 X-14.49871 Y7.81499
G01 X-14.49884 Y7.81443
G01 X-14.49871 Y7.81499
G01 X-14.52071 Y7.82142
G01 X-14.52180 Y7.82175
G01 X-14.56851 Y7.83656
G01 X-14.57070 Y7.83732
G01 X-14.61433 Y7.85342
G01 X-14.61464 Y7.85276
G01 X-14.61433 Y7.85342
G01 X-14.62193 Y7.85698
G01 X-14.66694 Y7.88283
G01 X-14.66905 Y7.88413
G01 X-14.71045 Y7.91072
G01 X-14.71248 Y7.91210
G01 X-14.72957 Y7.92431
G01 X-14.73143 Y7.92571
G01 X-14.74636 Y7.93744
G01 X-14.75284 Y7.94232
G01 X-14.75388 Y7.94316
G01 X-14.77227 Y7.95784
G01 X-14.77486 Y7.95931
G01 X-14.81296 Y7.97887
G01 X-14.98680 Y8.05845
G01 X-15.05167 Y8.08268
G01 X-15.11662 Y8.10181
G01 X-15.14961 Y8.10988
G01 X-15.21286 Y8.08421
G01 X-15.25769 Y8.06165
G01 X-15.30301 Y8.03569
G01 X-15.79968 Y7.71431
G01 X-15.80107 Y7.71344
G01 X-15.81314 Y7.70620
G01 X-15.83285 Y7.69416
G01 X-15.83262 Y7.69368
G01 X-15.83285 Y7.69416
G01 X-15.83940 Y7.69078
G01 X-15.87575 Y7.67539
G01 X-15.87778 Y7.67458
G01 X-15.89490 Y7.66818
G01 X-15.89556 Y7.66795
G01 X-15.90486 Y7.66462
G01 X-15.90869 Y7.66340
G01 X-15.92190 Y7.65985
G01 X-15.92167 Y7.65883
G01 X-15.92190 Y7.65985
G01 X-15.92802 Y7.65860
G01 X-15.94369 Y7.65644
G01 X-15.94885 Y7.65599
G01 X-15.98327 Y7.65482
G01 X-15.98497 Y7.65469
G01 X-17.68499 Y7.65477
G01 X-17.68669 Y7.65482
G01 X-17.72111 Y7.65599
G01 X-17.72622 Y7.65642
G01 X-17.72642 Y7.65517
G01 X-17.72622 Y7.65642
G01 X-17.74090 Y7.65845
G01 X-17.74618 Y7.65947
G01 X-17.75134 Y7.66107
G01 X-17.82276 Y7.68733
G01 X-17.82937 Y7.69033
G01 X-17.82997 Y7.68913
G01 X-17.82937 Y7.69033
G01 X-17.83546 Y7.69424
G01 X-17.89279 Y7.73714
G01 X-17.89817 Y7.74181
G01 X-17.89891 Y7.74108
G01 X-17.89817 Y7.74181
G01 X-17.90285 Y7.74720
G01 X-17.94577 Y7.80453
G01 X-17.94969 Y7.81062
G01 X-17.95085 Y7.81001
G01 X-17.94969 Y7.81062
G01 X-17.95266 Y7.81723
G01 X-17.97895 Y7.88870
G01 X-17.98055 Y7.89383
G01 X-17.98156 Y7.89912
G01 X-17.98359 Y7.91385
G01 X-17.98484 Y7.91364
G01 X-17.98359 Y7.91385
G01 X-17.98403 Y7.91895
G01 X-17.98519 Y7.95332
G01 X-17.98525 Y7.95505
G01 X-17.98525 Y9.65502
G01 X-17.98519 Y9.65674
G01 X-17.98403 Y9.69111
G01 X-17.98359 Y9.69622
G01 X-17.98484 Y9.69642
G01 X-17.98359 Y9.69622
G01 X-17.98156 Y9.71092
G01 X-17.97976 Y9.71895
G01 X-17.97219 Y9.74331
G01 X-17.97092 Y9.74689
G01 X-17.95220 Y9.79403
G01 X-17.94935 Y9.80000
G01 X-17.95055 Y9.80061
G01 X-17.94935 Y9.80000
G01 X-17.94577 Y9.80554
G01 X-17.90287 Y9.86284
G01 X-17.89820 Y9.86823
G01 X-17.89891 Y9.86896
G01 X-17.89820 Y9.86823
G01 X-17.89281 Y9.87290
G01 X-17.83549 Y9.91582
G01 X-17.82937 Y9.91974
G01 X-17.83000 Y9.92090
G01 X-17.82937 Y9.91974
G01 X-17.82276 Y9.92271
G01 X-17.75129 Y9.94900
G01 X-17.74615 Y9.95060
G01 X-17.74087 Y9.95161
G01 X-17.72614 Y9.95365
G01 X-17.72634 Y9.95492
G01 X-17.72614 Y9.95365
G01 X-17.72103 Y9.95408
G01 X-17.68669 Y9.95525
G01 X-17.68497 Y9.95527
G01 X-15.98497 Y9.95527
G01 X-15.98327 Y9.95525
G01 X-15.94885 Y9.95405
G01 X-15.94372 Y9.95362
G01 X-15.92856 Y9.95151
G01 X-15.92828 Y9.95309
G01 X-15.92856 Y9.95151
G01 X-15.92223 Y9.95022
G01 X-15.90664 Y9.94597
G01 X-15.90267 Y9.94470
G01 X-15.88642 Y9.93876
G01 X-15.88581 Y9.93853
G01 X-15.87666 Y9.93505
G01 X-15.87489 Y9.93434
G01 X-15.83958 Y9.91936
G01 X-15.83308 Y9.91600
G01 X-15.83280 Y9.91654
G01 X-15.83308 Y9.91600
G01 X-15.81321 Y9.90386
G01 X-15.80026 Y9.89609
G01 X-15.79884 Y9.89520
G01 X-15.30339 Y9.57460
G01 X-15.24265 Y9.54123
G01 X-15.18126 Y9.51296
G01 X-15.14969 Y9.50018
G01 X-15.08335 Y9.51646
G01 X-15.03572 Y9.53231
G01 X-14.98718 Y9.55144
G01 X-14.81296 Y9.63117
G01 X-14.77486 Y9.65070
G01 X-14.77225 Y9.65220
G01 X-14.75398 Y9.66683
G01 X-14.75292 Y9.66764
G01 X-14.74639 Y9.67257
G01 X-14.73133 Y9.68443
G01 X-14.72945 Y9.68583
G01 X-14.71258 Y9.69789
G01 X-14.71052 Y9.69929
G01 X-14.66894 Y9.72599
G01 X-14.66681 Y9.72728
G01 X-14.62193 Y9.75306
G01 X-14.62234 Y9.75390
G01 X-14.62193 Y9.75306
G01 X-14.61433 Y9.75662
G01 X-14.57072 Y9.77272
G01 X-14.56851 Y9.77348
G01 X-14.52180 Y9.78829
G01 X-14.52074 Y9.78865
G01 X-14.49871 Y9.79507
G01 X-14.49099 Y9.79667
G01 X-14.49120 Y9.79794
G01 X-14.49099 Y9.79667
G01 X-14.46468 Y9.80003
G01 X-14.46338 Y9.80018
G01 X-14.42716 Y9.80381
G01 X-14.42462 Y9.80399
G01 X-14.41202 Y9.80460
G01 X-14.41078 Y9.80465
G01 X-14.38622 Y9.80526
G01 X-14.38500 Y9.80528
G01 X-13.68500 Y9.80528
G01 X-13.68376 Y9.80526
G01 X-13.65919 Y9.80465
G01 X-13.65797 Y9.80460
G01 X-13.64530 Y9.80399
G01 X-13.64276 Y9.80379
G01 X-13.60659 Y9.80018
G01 X-13.60527 Y9.80003
G01 X-13.60514 Y9.80104
G01 X-13.60527 Y9.80003
G01 X-13.57895 Y9.79667
G01 X-13.57123 Y9.79507
G01 X-13.54921 Y9.78865
G01 X-13.54814 Y9.78832
G01 X-13.50143 Y9.77348
G01 X-13.49922 Y9.77272
G01 X-13.45561 Y9.75664
G01 X-13.45526 Y9.75746
G01 X-13.45561 Y9.75664
G01 X-13.44804 Y9.75309
G01 X-13.40314 Y9.72728
G01 X-13.40100 Y9.72599
G01 X-13.35942 Y9.69929
G01 X-13.35737 Y9.69789
G01 X-13.34494 Y9.68903
G01 X-13.34451 Y9.68956
G01 X-13.34494 Y9.68903
G01 X-13.34040 Y9.68537
G01 X-13.31535 Y9.66266
G01 X-13.31360 Y9.66096
G01 X-13.27896 Y9.62632
G01 X-13.27725 Y9.62454
G01 X-13.26425 Y9.61016
G01 X-13.24512 Y9.59025
G01 X-13.20865 Y9.55431
G01 X-13.20824 Y9.55390
G01 X-13.17222 Y9.51755
G01 X-13.17179 Y9.51710
G01 X-13.16135 Y9.50630
G01 X-13.16092 Y9.50584
G01 X-13.13011 Y9.47315
G01 X-13.09158 Y9.43538
G01 X-13.07708 Y9.42220
G01 X-13.03636 Y9.38522
G01 X-13.00077 Y9.41778
G01 X-12.99956 Y9.41885
G01 X-12.99270 Y9.42469
G01 X-13.03997 Y9.42134
G01 X-13.07708 Y9.42220
G01 X-13.03997 Y9.42134
G01 X-12.99270 Y9.42469
G01 X-12.97870 Y9.43673
G01 X-12.93837 Y9.47407
G01 X-12.89605 Y9.51646
G01 X-12.88142 Y9.53170
G01 X-12.86240 Y9.55230
G01 X-12.86158 Y9.55319
G01 X-12.84368 Y9.57168
G01 X-12.84281 Y9.57254
G01 X-12.82480 Y9.59027
G01 X-12.80583 Y9.61003
G01 X-12.79267 Y9.62454
G01 X-12.79100 Y9.62632
G01 X-12.75635 Y9.66096
G01 X-12.75457 Y9.66266
G01 X-12.72953 Y9.68537
G01 X-12.72501 Y9.68903
G01 X-12.72539 Y9.68951
G01 X-12.72501 Y9.68903
G01 X-12.71259 Y9.69789
G01 X-12.71053 Y9.69926
G01 X-12.66895 Y9.72599
G01 X-12.66682 Y9.72728
G01 X-12.62191 Y9.75309
G01 X-12.62219 Y9.75367
G01 X-12.62191 Y9.75309
G01 X-12.61431 Y9.75664
G01 X-12.57073 Y9.77272
G01 X-12.56852 Y9.77348
G01 X-12.52181 Y9.78829
G01 X-12.52074 Y9.78865
G01 X-12.49872 Y9.79507
G01 X-12.49887 Y9.79578
G01 X-12.49872 Y9.79507
G01 X-12.49100 Y9.79667
G01 X-12.46468 Y9.80003
G01 X-12.46336 Y9.80018
G01 X-12.42717 Y9.80381
G01 X-12.42463 Y9.80399
G01 X-12.41198 Y9.80460
G01 X-12.41076 Y9.80465
G01 X-12.38620 Y9.80526
G01 X-12.38498 Y9.80528
G01 X-11.68498 Y9.80528
G01 X-11.68373 Y9.80526
G01 X-11.65917 Y9.80465
G01 X-11.65793 Y9.80460
G01 X-11.64530 Y9.80399
G01 X-11.64276 Y9.80381
G01 X-11.60657 Y9.80018
G01 X-11.60527 Y9.80003
G01 X-11.57896 Y9.79667
G01 X-11.57878 Y9.79782
G01 X-11.57896 Y9.79667
G01 X-11.57124 Y9.79507
G01 X-11.54922 Y9.78865
G01 X-11.54815 Y9.78832
G01 X-11.50144 Y9.77348
G01 X-11.49923 Y9.77272
G01 X-11.45562 Y9.75664
G01 X-11.45536 Y9.75720
G01 X-11.45562 Y9.75664
G01 X-11.44805 Y9.75309
G01 X-11.40314 Y9.72728
G01 X-11.40101 Y9.72599
G01 X-11.35943 Y9.69929
G01 X-11.35892 Y9.69992
G01 X-11.35943 Y9.69929
G01 X-11.35737 Y9.69789
G01 X-11.34492 Y9.68900
G01 X-11.34040 Y9.68535
G01 X-11.31536 Y9.66266
G01 X-11.31360 Y9.66096
G01 X-11.27896 Y9.62632
G01 X-11.27726 Y9.62454
G01 X-11.24363 Y9.58743
G01 X-11.24228 Y9.58590
G01 X-11.21917 Y9.55819
G01 X-11.21884 Y9.55781
G01 X-11.21650 Y9.55497
G01 X-11.19450 Y9.53891
G01 X-11.15808 Y9.51473
G01 X-11.01874 Y9.43117
G01 X-10.98234 Y9.41141
G01 X-10.96982 Y9.40528
G01 X-10.95364 Y9.40142
G01 X-10.94137 Y9.39871
G01 X-10.91249 Y9.39266
G01 X-10.91152 Y9.39243
G01 X-10.89230 Y9.38801
G01 X-10.89136 Y9.38778
G01 X-10.86291 Y9.38067
G01 X-10.85821 Y9.37922
G01 X-10.83040 Y9.36927
G01 X-10.82811 Y9.36840
G01 X-10.78282 Y9.34963
G01 X-10.78059 Y9.34864
G01 X-10.75392 Y9.33604
G01 X-10.74960 Y9.33373
G01 X-10.72440 Y9.31862
G01 X-10.72232 Y9.31730
G01 X-10.72191 Y9.31806
G01 X-10.72232 Y9.31730
G01 X-10.68140 Y9.28997
G01 X-10.67939 Y9.28855
G01 X-10.65574 Y9.27100
G01 X-10.65193 Y9.26790
G01 X-10.62999 Y9.24826
G01 X-10.62923 Y9.24727
G01 X-10.61142 Y9.23033
G01 X-10.61053 Y9.22947
G01 X-10.38998 Y9.00894
G01 X-10.33822 Y8.96411
G01 X-10.28612 Y8.92510
G01 X-10.14261 Y8.84788
G01 X-10.07906 Y8.82418
G01 X-10.07589 Y8.82299
G01 X-9.97619 Y8.79541
G01 X-9.94241 Y8.85360
G01 X-9.92440 Y8.88954
G01 X-9.93639 Y8.88060
G01 X-9.98506 Y8.85096
G01 X-10.03845 Y8.83102
G01 X-10.07906 Y8.82418
G01 X-10.03845 Y8.83102
G01 X-9.98506 Y8.85096
G01 X-9.93639 Y8.88060
G01 X-9.92440 Y8.88954
G01 X-9.90965 Y8.91905
G01 X-9.85468 Y9.08050
G01 X-9.84310 Y9.14473
G01 X-9.83545 Y9.22164
G01 X-9.83522 Y9.23721
G01 X-9.83522 Y9.46751
G01 X-9.83520 Y9.46876
G01 X-9.83459 Y9.49347
G01 X-9.83456 Y9.49469
G01 X-9.83301 Y9.52581
G01 X-9.83286 Y9.52799
G01 X-9.83360 Y9.52809
G01 X-9.83286 Y9.52799
G01 X-9.83276 Y9.52919
G01 X-9.83151 Y9.53653
G01 X-9.82039 Y9.58148
G01 X-9.81978 Y9.58372
G01 X-9.81140 Y9.61191
G01 X-9.81094 Y9.61339
G01 X-9.80121 Y9.64283
G01 X-9.80203 Y9.64318
G01 X-9.80121 Y9.64283
G01 X-9.79776 Y9.65085
G01 X-9.78902 Y9.66708
G01 X-9.78856 Y9.66787
G01 X-9.77414 Y9.69350
G01 X-9.77289 Y9.69561
G01 X-9.74673 Y9.73719
G01 X-9.74538 Y9.73922
G01 X-9.74322 Y9.74232
G01 X-9.73931 Y9.74722
G01 X-9.73980 Y9.74760
G01 X-9.73931 Y9.74722
G01 X-9.72207 Y9.76624
G01 X-9.72171 Y9.76663
G01 X-9.71452 Y9.77440
G01 X-9.71417 Y9.77478
G01 X-9.68795 Y9.80252
G01 X-9.66906 Y9.82370
G01 X-9.66695 Y9.82621
G01 X-9.66545 Y9.82792
G01 X-9.63223 Y9.86393
G01 X-9.63073 Y9.86548
G01 X-9.60926 Y9.88684
G01 X-9.56639 Y9.93043
G01 X-9.54389 Y9.95443
G01 X-9.54081 Y9.95789
G01 X-9.55057 Y9.98151
G01 X-9.57993 Y10.04580
G01 X-9.64922 Y10.15908
G01 X-9.66675 Y10.18090
G01 X-9.66730 Y10.18161
G01 X-9.67851 Y10.19606
G01 X-9.67896 Y10.19667
G01 X-9.68615 Y10.20627
G01 X-9.69375 Y10.21608
G01 X-9.69433 Y10.21684
G01 X-9.71848 Y10.24943
G01 X-9.71991 Y10.25144
G01 X-9.74726 Y10.29238
G01 X-9.74856 Y10.29444
G01 X-9.76367 Y10.31966
G01 X-9.76598 Y10.32398
G01 X-9.76654 Y10.32367
G01 X-9.76598 Y10.32398
G01 X-9.77858 Y10.35065
G01 X-9.77957 Y10.35288
G01 X-9.79834 Y10.39817
G01 X-9.79923 Y10.40046
G01 X-9.81059 Y10.43216
G01 X-9.81907 Y10.45420
G01 X-9.83863 Y10.50145
G01 X-9.86192 Y10.55844
G01 X-9.86207 Y10.55880
G01 X-9.86555 Y10.56749
G01 X-9.86570 Y10.56787
G01 X-9.87269 Y10.58575
G01 X-9.88298 Y10.60909
G01 X-9.89761 Y10.61082
G01 X-9.92798 Y10.61366
G01 X-9.95824 Y10.61567
G01 X-9.95935 Y10.61577
G01 X-9.98417 Y10.61798
G01 X-9.98529 Y10.61811
G01 X-10.01516 Y10.62146
G01 X-10.01594 Y10.62154
G01 X-10.03235 Y10.62365
G01 X-10.03314 Y10.62375
G01 X-10.04046 Y10.62482
G01 X-10.10490 Y10.62974
G01 X-10.11191 Y10.62979
G01 X-10.33499 Y10.62977
G01 X-10.33621 Y10.62979
G01 X-10.36070 Y10.63040
G01 X-10.36192 Y10.63043
G01 X-10.39321 Y10.63198
G01 X-10.39542 Y10.63213
G01 X-10.39664 Y10.63226
G01 X-10.40261 Y10.63317
G01 X-10.41973 Y10.63688
G01 X-10.42196 Y10.63741
G01 X-10.42222 Y10.63625
G01 X-10.42196 Y10.63741
G01 X-10.44980 Y10.64483
G01 X-10.45117 Y10.64521
G01 X-10.47937 Y10.65359
G01 X-10.48084 Y10.65405
G01 X-10.51025 Y10.66378
G01 X-10.51828 Y10.66723
G01 X-10.53454 Y10.67597
G01 X-10.53532 Y10.67643
G01 X-10.56095 Y10.69086
G01 X-10.56306 Y10.69210
G01 X-10.56329 Y10.69167
G01 X-10.56306 Y10.69210
G01 X-10.60464 Y10.71826
G01 X-10.60667 Y10.71961
G01 X-10.60975 Y10.72177
G01 X-10.61465 Y10.72568
G01 X-10.63370 Y10.74293
G01 X-10.63548 Y10.74463
G01 X-10.67038 Y10.77953
G01 X-10.67208 Y10.78130
G01 X-10.68932 Y10.80035
G01 X-10.69324 Y10.80526
G01 X-10.69428 Y10.80439
G01 X-10.69324 Y10.80526
G01 X-10.69539 Y10.80833
G01 X-10.69674 Y10.81036
G01 X-10.72290 Y10.85194
G01 X-10.72415 Y10.85405
G01 X-10.73857 Y10.87968
G01 X-10.73901 Y10.88049
G01 X-10.74777 Y10.89672
G01 X-10.75122 Y10.90475
G01 X-10.75193 Y10.90442
G01 X-10.75122 Y10.90475
G01 X-10.76095 Y10.93416
G01 X-10.76141 Y10.93563
G01 X-10.76979 Y10.96383
G01 X-10.77017 Y10.96520
G01 X-10.77759 Y10.99306
G01 X-10.77812 Y10.99532
G01 X-10.78183 Y11.01239
G01 X-10.78269 Y11.01227
G01 X-10.78183 Y11.01239
G01 X-10.78287 Y11.01963
G01 X-10.78308 Y11.02276
G01 X-10.78313 Y11.02370
G01 X-10.78457 Y11.05308
G01 X-10.78460 Y11.05430
G01 X-10.78521 Y11.07879
G01 X-10.78523 Y11.08001
G01 X-10.78523 Y11.48521
G01 X-10.79014 Y11.55359
G01 X-10.79941 Y11.61806
G01 X-10.84624 Y11.77404
G01 X-10.87441 Y11.83576
G01 X-10.87647 Y11.84023
G01 X-10.88038 Y11.84846
G01 X-10.89179 Y11.84813
G01 X-10.87441 Y11.83576
G01 X-10.89179 Y11.84813
G01 X-11.01124 Y11.84483
G01 X-11.07789 Y11.83520
G01 X-11.18473 Y11.80810
G01 X-11.21444 Y11.79700
G01 X-11.24645 Y11.78369
G01 X-11.25701 Y11.77886
G01 X-11.29511 Y11.75931
G01 X-11.29763 Y11.75788
G01 X-11.31607 Y11.74315
G01 X-11.31714 Y11.74231
G01 X-11.32351 Y11.73749
G01 X-11.33855 Y11.72568
G01 X-11.34040 Y11.72428
G01 X-11.35747 Y11.71209
G01 X-11.35950 Y11.71072
G01 X-11.40101 Y11.68405
G01 X-11.40314 Y11.68278
G01 X-11.44805 Y11.65697
G01 X-11.44764 Y11.65616
G01 X-11.44805 Y11.65697
G01 X-11.45562 Y11.65341
G01 X-11.49923 Y11.63734
G01 X-11.50144 Y11.63657
G01 X-11.54815 Y11.62174
G01 X-11.54922 Y11.62141
G01 X-11.57124 Y11.61498
G01 X-11.57896 Y11.61338
G01 X-11.57876 Y11.61216
G01 X-11.57896 Y11.61338
G01 X-11.60515 Y11.61006
G01 X-11.60644 Y11.60990
G01 X-11.64276 Y11.60625
G01 X-11.64528 Y11.60607
G01 X-11.65780 Y11.60543
G01 X-11.65902 Y11.60541
G01 X-11.68373 Y11.60480
G01 X-11.68498 Y11.60477
G01 X-12.38498 Y11.60477
G01 X-12.38620 Y11.60480
G01 X-12.41088 Y11.60541
G01 X-12.41213 Y11.60543
G01 X-12.42465 Y11.60607
G01 X-12.42473 Y11.60546
G01 X-12.42465 Y11.60607
G01 X-12.42724 Y11.60625
G01 X-12.47080 Y11.61069
G01 X-12.47243 Y11.61087
G01 X-12.49135 Y11.61341
G01 X-12.49872 Y11.61498
G01 X-12.52071 Y11.62141
G01 X-12.52181 Y11.62174
G01 X-12.56852 Y11.63657
G01 X-12.56872 Y11.63599
G01 X-12.56852 Y11.63657
G01 X-12.57073 Y11.63734
G01 X-12.61431 Y11.65341
G01 X-12.62191 Y11.65697
G01 X-12.66682 Y11.68278
G01 X-12.66895 Y11.68407
G01 X-12.66918 Y11.68364
G01 X-12.66895 Y11.68407
G01 X-12.71045 Y11.71072
G01 X-12.71248 Y11.71209
G01 X-12.72501 Y11.72103
G01 X-12.72953 Y11.72469
G01 X-12.75450 Y11.74732
G01 X-12.75467 Y11.74709
G01 X-12.75450 Y11.74732
G01 X-12.75627 Y11.74899
G01 X-12.79105 Y11.78379
G01 X-12.79275 Y11.78557
G01 X-12.80585 Y11.80002
G01 X-12.82480 Y11.81976
G01 X-12.86125 Y11.85570
G01 X-12.86166 Y11.85611
G01 X-12.89768 Y11.89243
G01 X-12.89811 Y11.89288
G01 X-12.90855 Y11.90368
G01 X-12.90898 Y11.90414
G01 X-12.93992 Y11.93700
G01 X-12.97842 Y11.97472
G01 X-12.99285 Y11.98783
G01 X-13.03359 Y12.02481
G01 X-13.06928 Y11.99217
G01 X-13.07052 Y11.99108
G01 X-13.07723 Y11.98532
G01 X-13.03009 Y11.98869
G01 X-12.99285 Y11.98783
G01 X-13.03009 Y11.98869
G01 X-13.07723 Y11.98532
G01 X-13.09120 Y11.97335
G01 X-13.13148 Y11.93609
G01 X-13.17380 Y11.89367
G01 X-13.18840 Y11.87848
G01 X-13.20758 Y11.85768
G01 X-13.20839 Y11.85682
G01 X-13.22628 Y11.83835
G01 X-13.22714 Y11.83749
G01 X-13.24507 Y11.81983
G01 X-13.26412 Y11.80000
G01 X-13.27720 Y11.78557
G01 X-13.27890 Y11.78379
G01 X-13.31368 Y11.74899
G01 X-13.31546 Y11.74732
G01 X-13.34040 Y11.72469
G01 X-13.34492 Y11.72105
G01 X-13.35747 Y11.71209
G01 X-13.35703 Y11.71155
G01 X-13.35747 Y11.71209
G01 X-13.35950 Y11.71072
G01 X-13.40100 Y11.68405
G01 X-13.40314 Y11.68278
G01 X-13.44804 Y11.65697
G01 X-13.45561 Y11.65341
G01 X-13.45538 Y11.65288
G01 X-13.45561 Y11.65341
G01 X-13.49922 Y11.63734
G01 X-13.50143 Y11.63657
G01 X-13.54814 Y11.62174
G01 X-13.54921 Y11.62141
G01 X-13.57121 Y11.61498
G01 X-13.57103 Y11.61381
G01 X-13.57121 Y11.61498
G01 X-13.57895 Y11.61338
G01 X-13.60514 Y11.61006
G01 X-13.60644 Y11.60990
G01 X-13.64278 Y11.60625
G01 X-13.64530 Y11.60607
G01 X-13.65782 Y11.60543
G01 X-13.65907 Y11.60541
G01 X-13.68376 Y11.60480
G01 X-13.68500 Y11.60477
G01 X-14.38500 Y11.60477
G01 X-14.38622 Y11.60480
G01 X-14.41093 Y11.60541
G01 X-14.41215 Y11.60543
G01 X-14.42465 Y11.60607
G01 X-14.42724 Y11.60625
G01 X-14.47080 Y11.61069
G01 X-14.47243 Y11.61087
G01 X-14.49135 Y11.61341
G01 X-14.49871 Y11.61498
G01 X-14.49884 Y11.61432
G01 X-14.49871 Y11.61498
G01 X-14.52071 Y11.62141
G01 X-14.52180 Y11.62174
G01 X-14.56851 Y11.63657
G01 X-14.57072 Y11.63734
G01 X-14.61433 Y11.65341
G01 X-14.61464 Y11.65275
G01 X-14.61433 Y11.65341
G01 X-14.62190 Y11.65697
G01 X-14.66681 Y11.68278
G01 X-14.66894 Y11.68405
G01 X-14.71045 Y11.71072
G01 X-14.71248 Y11.71209
G01 X-14.72945 Y11.72420
G01 X-14.73133 Y11.72560
G01 X-14.74634 Y11.73744
G01 X-14.75282 Y11.74234
G01 X-14.75388 Y11.74315
G01 X-14.77230 Y11.75788
G01 X-14.77486 Y11.75936
G01 X-14.81296 Y11.77889
G01 X-14.98683 Y11.85847
G01 X-15.05167 Y11.88270
G01 X-15.11652 Y11.90180
G01 X-15.14961 Y11.90990
G01 X-15.21286 Y11.88420
G01 X-15.25764 Y11.86167
G01 X-15.30301 Y11.83571
G01 X-15.79968 Y11.51430
G01 X-15.80107 Y11.51343
G01 X-15.81314 Y11.50620
G01 X-15.83280 Y11.49418
G01 X-15.83252 Y11.49367
G01 X-15.83280 Y11.49418
G01 X-15.83933 Y11.49083
G01 X-15.87580 Y11.47536
G01 X-15.87765 Y11.47462
G01 X-15.88616 Y11.47137
G01 X-15.88682 Y11.47114
G01 X-15.90463 Y11.46469
G01 X-15.90869 Y11.46340
G01 X-15.92185 Y11.45987
G01 X-15.92797 Y11.45862
G01 X-15.92767 Y11.45702
G01 X-15.92797 Y11.45862
G01 X-15.94375 Y11.45644
G01 X-15.94890 Y11.45598
G01 X-15.98327 Y11.45481
G01 X-15.98500 Y11.45476
G01 X-17.68499 Y11.45476
G01 X-17.68669 Y11.45481
G01 X-17.72106 Y11.45598
G01 X-17.72617 Y11.45641
G01 X-17.74087 Y11.45844
G01 X-17.74615 Y11.45946
G01 X-17.74643 Y11.45791
G01 X-17.74615 Y11.45946
G01 X-17.75129 Y11.46106
G01 X-17.82279 Y11.48735
G01 X-17.82939 Y11.49032
G01 X-17.82987 Y11.48941
G01 X-17.82939 Y11.49032
G01 X-17.83549 Y11.49423
G01 X-17.89279 Y11.53713
G01 X-17.89820 Y11.54181
G01 X-17.89891 Y11.54109
G01 X-17.89820 Y11.54181
G01 X-17.90287 Y11.54722
G01 X-17.94577 Y11.60452
G01 X-17.94969 Y11.61061
G01 X-17.95085 Y11.61000
G01 X-17.94969 Y11.61061
G01 X-17.95266 Y11.61722
G01 X-17.97895 Y11.68869
G01 X-17.98055 Y11.69382
G01 X-17.98156 Y11.69911
G01 X-17.98359 Y11.71384
G01 X-17.98484 Y11.71364
G01 X-17.98359 Y11.71384
G01 X-17.98403 Y11.71895
G01 X-17.98519 Y11.75331
G01 X-17.98525 Y11.75501
G01 X-17.98525 Y13.45501
G01 X-17.98519 Y13.45674
G01 X-17.98547 Y13.45676
G01 X-17.98519 Y13.45674
G01 X-17.98403 Y13.49110
G01 X-17.98359 Y13.49621
G01 X-17.98156 Y13.51097
G01 X-17.98052 Y13.51625
G01 X-17.97895 Y13.52141
G01 X-17.95266 Y13.59283
G01 X-17.94969 Y13.59943
G01 X-17.95144 Y13.60053
G01 X-17.95271 Y13.60119
G01 X-17.95144 Y13.60053
G01 X-17.94969 Y13.59943
G01 X-17.94577 Y13.60553
G01 X-17.90287 Y13.66283
G01 X-17.89820 Y13.66824
G01 X-17.89889 Y13.66893
G01 X-17.89820 Y13.66824
G01 X-17.89279 Y13.67292
G01 X-17.83546 Y13.71582
G01 X-17.83610 Y13.71701
G01 X-17.83546 Y13.71582
G01 X-17.82937 Y13.71973
G01 X-17.82276 Y13.72273
G01 X-17.75134 Y13.74899
G01 X-17.74618 Y13.75059
G01 X-17.74090 Y13.75161
G01 X-17.72619 Y13.75364
G01 X-17.72109 Y13.75407
G01 X-17.72129 Y13.75537
G01 X-17.72109 Y13.75407
G01 X-17.68669 Y13.75524
G01 X-17.68499 Y13.75529
G01 X-15.98500 Y13.75529
G01 X-15.98327 Y13.75524
G01 X-15.94890 Y13.75407
G01 X-15.94377 Y13.75361
G01 X-15.92851 Y13.75150
G01 X-15.92216 Y13.75021
G01 X-15.92195 Y13.75120
G01 X-15.92216 Y13.75021
G01 X-15.90669 Y13.74599
G01 X-15.90275 Y13.74472
G01 X-15.88586 Y13.73855
G01 X-15.88520 Y13.73832
G01 X-15.87674 Y13.73510
G01 X-15.87496 Y13.73438
G01 X-15.83953 Y13.71932
G01 X-15.83300 Y13.71597
G01 X-15.83277 Y13.71645
G01 X-15.83300 Y13.71597
G01 X-15.81299 Y13.70373
G01 X-15.80046 Y13.69621
G01 X-15.79904 Y13.69532
G01 X-15.30341 Y13.37462
G01 X-15.24268 Y13.34127
G01 X-15.18126 Y13.31297
G01 X-15.14969 Y13.30020
G01 X-15.08335 Y13.31648
G01 X-15.03572 Y13.33233
G01 X-14.98718 Y13.35145
G01 X-14.81309 Y13.43113
G01 X-14.77486 Y13.45074
G01 X-14.77225 Y13.45222
G01 X-14.75388 Y13.46690
G01 X-14.75282 Y13.46774
G01 X-14.74641 Y13.47256
G01 X-14.73130 Y13.48445
G01 X-14.72945 Y13.48585
G01 X-14.71248 Y13.49796
G01 X-14.71045 Y13.49933
G01 X-14.66894 Y13.52600
G01 X-14.66681 Y13.52727
G01 X-14.62190 Y13.55308
G01 X-14.61433 Y13.55664
G01 X-14.61464 Y13.55730
G01 X-14.61433 Y13.55664
G01 X-14.57072 Y13.57271
G01 X-14.56851 Y13.57348
G01 X-14.52180 Y13.58831
G01 X-14.52074 Y13.58864
G01 X-14.49874 Y13.59507
G01 X-14.49887 Y13.59573
G01 X-14.49874 Y13.59507
G01 X-14.49099 Y13.59667
G01 X-14.46481 Y13.59999
G01 X-14.46351 Y13.60015
G01 X-14.42716 Y13.60380
G01 X-14.42465 Y13.60398
G01 X-14.41215 Y13.60462
G01 X-14.41093 Y13.60464
G01 X-14.38622 Y13.60525
G01 X-14.38500 Y13.60528
G01 X-13.68500 Y13.60528
G01 X-13.68376 Y13.60525
G01 X-13.65907 Y13.60464
G01 X-13.65782 Y13.60462
G01 X-13.64527 Y13.60398
G01 X-13.64276 Y13.60380
G01 X-13.60644 Y13.60015
G01 X-13.60514 Y13.59999
G01 X-13.57895 Y13.59667
G01 X-13.57123 Y13.59507
G01 X-13.54921 Y13.58864
G01 X-13.54908 Y13.58920
G01 X-13.54921 Y13.58864
G01 X-13.54814 Y13.58831
G01 X-13.50143 Y13.57348
G01 X-13.49922 Y13.57271
G01 X-13.45561 Y13.55664
G01 X-13.44804 Y13.55308
G01 X-13.44776 Y13.55361
G01 X-13.44804 Y13.55308
G01 X-13.40314 Y13.52727
G01 X-13.40100 Y13.52600
G01 X-13.35950 Y13.49933
G01 X-13.35747 Y13.49796
G01 X-13.34492 Y13.48900
G01 X-13.34454 Y13.48953
G01 X-13.34492 Y13.48900
G01 X-13.34040 Y13.48536
G01 X-13.31546 Y13.46273
G01 X-13.31368 Y13.46106
G01 X-13.27890 Y13.42626
G01 X-13.27720 Y13.42448
G01 X-13.26422 Y13.41015
G01 X-13.24494 Y13.39006
G01 X-13.20870 Y13.35435
G01 X-13.20829 Y13.35394
G01 X-13.17228 Y13.31762
G01 X-13.17184 Y13.31716
G01 X-13.16140 Y13.30637
G01 X-13.16097 Y13.30591
G01 X-13.13009 Y13.27312
G01 X-13.09153 Y13.23533
G01 X-13.07708 Y13.22219
G01 X-13.03636 Y13.18524
G01 X-13.00067 Y13.21788
G01 X-12.99943 Y13.21897
G01 X-12.99270 Y13.22471
G01 X-13.03987 Y13.22136
G01 X-13.07708 Y13.22219
G01 X-13.03987 Y13.22136
G01 X-12.99270 Y13.22471
G01 X-12.97868 Y13.23677
G01 X-12.93847 Y13.27396
G01 X-12.89615 Y13.31638
G01 X-12.88142 Y13.33172
G01 X-12.86237 Y13.35237
G01 X-12.86156 Y13.35323
G01 X-12.84368 Y13.37170
G01 X-12.84281 Y13.37256
G01 X-12.82488 Y13.39021
G01 X-12.80575 Y13.41013
G01 X-12.79275 Y13.42448
G01 X-12.79105 Y13.42626
G01 X-12.75627 Y13.46106
G01 X-12.75450 Y13.46273
G01 X-12.75467 Y13.46296
G01 X-12.75450 Y13.46273
G01 X-12.72953 Y13.48536
G01 X-12.72501 Y13.48902
G01 X-12.71248 Y13.49796
G01 X-12.71045 Y13.49933
G01 X-12.66895 Y13.52598
G01 X-12.66682 Y13.52727
G01 X-12.66712 Y13.52778
G01 X-12.66682 Y13.52727
G01 X-12.62191 Y13.55308
G01 X-12.61431 Y13.55664
G01 X-12.57073 Y13.57271
G01 X-12.56852 Y13.57348
G01 X-12.52181 Y13.58831
G01 X-12.52201 Y13.58900
G01 X-12.52181 Y13.58831
G01 X-12.52074 Y13.58864
G01 X-12.49874 Y13.59507
G01 X-12.49100 Y13.59667
G01 X-12.46481 Y13.59999
G01 X-12.46351 Y13.60015
G01 X-12.42717 Y13.60380
G01 X-12.42465 Y13.60398
G01 X-12.42468 Y13.60434
G01 X-12.42465 Y13.60398
G01 X-12.41213 Y13.60462
G01 X-12.41088 Y13.60464
G01 X-12.38620 Y13.60525
G01 X-12.38498 Y13.60528
G01 X-11.68498 Y13.60528
G01 X-11.68373 Y13.60525
G01 X-11.65902 Y13.60464
G01 X-11.65780 Y13.60462
G01 X-11.64528 Y13.60398
G01 X-11.64276 Y13.60380
G01 X-11.60644 Y13.60015
G01 X-11.60515 Y13.59999
G01 X-11.57896 Y13.59667
G01 X-11.57876 Y13.59789
G01 X-11.57896 Y13.59667
G01 X-11.57124 Y13.59507
G01 X-11.54922 Y13.58864
G01 X-11.54815 Y13.58831
G01 X-11.50144 Y13.57348
G01 X-11.49923 Y13.57271
G01 X-11.45562 Y13.55664
G01 X-11.44805 Y13.55308
G01 X-11.44764 Y13.55389
G01 X-11.44805 Y13.55308
G01 X-11.40314 Y13.52727
G01 X-11.40101 Y13.52600
G01 X-11.35950 Y13.49933
G01 X-11.35747 Y13.49796
G01 X-11.34050 Y13.48585
G01 X-11.33865 Y13.48445
G01 X-11.32354 Y13.47256
G01 X-11.31714 Y13.46774
G01 X-11.31607 Y13.46690
G01 X-11.29770 Y13.45222
G01 X-11.29499 Y13.45069
G01 X-11.25706 Y13.43124
G01 X-11.24721 Y13.42671
G01 X-11.18224 Y13.40243
G01 X-11.11978 Y13.38402
G01 X-10.95684 Y13.36146
G01 X-10.89496 Y13.36141
G01 X-10.88391 Y13.36141
G01 X-10.88216 Y13.36144
G01 X-10.87782 Y13.37127
G01 X-10.89496 Y13.36141
G01 X-10.87782 Y13.37127
G01 X-10.82725 Y13.48658
G01 X-10.80835 Y13.55079
G01 X-10.78871 Y13.65801
G01 X-10.78645 Y13.68976
G01 X-10.78523 Y13.72397
G01 X-10.78523 Y14.16052
G01 X-10.78777 Y14.20969
G01 X-10.79100 Y14.24094
G01 X-10.79306 Y14.24734
G01 X-10.81071 Y14.29412
G01 X-11.07876 Y14.90609
G01 X-11.08211 Y14.91355
G01 X-11.08330 Y14.91648
G01 X-11.08655 Y14.92516
G01 X-11.09113 Y14.93672
G01 X-11.09135 Y14.93730
G01 X-11.09372 Y14.94345
G01 X-11.09425 Y14.94490
G01 X-11.10301 Y14.97022
G01 X-11.10345 Y14.97149
G01 X-11.11825 Y15.01820
G01 X-11.11858 Y15.01929
G01 X-11.12504 Y15.04129
G01 X-11.12664 Y15.04901
G01 X-11.12783 Y15.04881
G01 X-11.12664 Y15.04901
G01 X-11.12999 Y15.07533
G01 X-11.13012 Y15.07662
G01 X-11.13377 Y15.11284
G01 X-11.13395 Y15.11538
G01 X-11.13456 Y15.12798
G01 X-11.13461 Y15.12923
G01 X-11.13522 Y15.15379
G01 X-11.13522 Y15.15503
G01 X-11.13522 Y16.05503
G01 X-11.13520 Y16.05625
G01 X-11.13461 Y16.08081
G01 X-11.13456 Y16.08206
G01 X-11.13393 Y16.09468
G01 X-11.13375 Y16.09722
G01 X-11.13012 Y16.13339
G01 X-11.12996 Y16.13471
G01 X-11.12664 Y16.16105
G01 X-11.12501 Y16.16880
G01 X-11.12557 Y16.16890
G01 X-11.12501 Y16.16880
G01 X-11.11861 Y16.19072
G01 X-11.11828 Y16.19181
G01 X-11.10345 Y16.23855
G01 X-11.10268 Y16.24073
G01 X-11.08658 Y16.28437
G01 X-11.08716 Y16.28465
G01 X-11.08658 Y16.28437
G01 X-11.08302 Y16.29199
G01 X-11.05714 Y16.33700
G01 X-11.05587 Y16.33910
G01 X-11.02928 Y16.38051
G01 X-11.02791 Y16.38254
G01 X-11.01896 Y16.39506
G01 X-11.01952 Y16.39549
G01 X-11.01896 Y16.39506
G01 X-11.01531 Y16.39958
G01 X-10.99268 Y16.42455
G01 X-10.99100 Y16.42633
G01 X-10.95620 Y16.46110
G01 X-10.95442 Y16.46280
G01 X-10.92953 Y16.48536
G01 X-10.92498 Y16.48901
G01 X-10.92633 Y16.49125
G01 X-10.92498 Y16.48901
G01 X-10.91830 Y16.49379
G01 X-10.91244 Y16.49740
G01 X-10.90611 Y16.50017
G01 X-10.89885 Y16.50276
G01 X-10.89656 Y16.50352
G01 X-10.89156 Y16.50502
G01 X-10.84924 Y16.51789
G01 X-10.84685 Y16.51855
G01 X-10.79786 Y16.53085
G01 X-10.79547 Y16.53138
G01 X-10.75254 Y16.53994
G01 X-10.75011 Y16.54037
G01 X-10.70108 Y16.54764
G01 X-10.70119 Y16.54837
G01 X-10.70108 Y16.54764
G01 X-10.69867 Y16.54794
G01 X-10.65851 Y16.55191
G01 X-10.65608 Y16.55208
G01 X-10.60705 Y16.55450
G01 X-10.60583 Y16.55452
G01 X-10.58620 Y16.55500
G01 X-10.58498 Y16.55503
G01 X-9.88496 Y16.55503
G01 X-9.88374 Y16.55500
G01 X-9.86410 Y16.55452
G01 X-9.86286 Y16.55462
G01 X-9.81386 Y16.55208
G01 X-9.81142 Y16.55191
G01 X-9.77124 Y16.54794
G01 X-9.76883 Y16.54764
G01 X-9.71981 Y16.54037
G01 X-9.71737 Y16.53994
G01 X-9.71732 Y16.54020
G01 X-9.71737 Y16.53994
G01 X-9.67454 Y16.53141
G01 X-9.67218 Y16.53087
G01 X-9.62316 Y16.51858
G01 X-9.62075 Y16.51792
G01 X-9.57830 Y16.50502
G01 X-9.57337 Y16.50352
G01 X-9.57109 Y16.50276
G01 X-9.56382 Y16.50017
G01 X-9.55750 Y16.49740
G01 X-9.55161 Y16.49376
G01 X-9.54495 Y16.48901
G01 X-9.54043 Y16.48536
G01 X-9.51551 Y16.46280
G01 X-9.51374 Y16.46110
G01 X-9.47894 Y16.42633
G01 X-9.47726 Y16.42455
G01 X-9.46390 Y16.40979
G01 X-9.44508 Y16.39018
G01 X-9.40858 Y16.35414
G01 X-9.40820 Y16.35376
G01 X-9.37221 Y16.31744
G01 X-9.37175 Y16.31696
G01 X-9.36098 Y16.30580
G01 X-9.36052 Y16.30532
G01 X-9.33022 Y16.27311
G01 X-9.29171 Y16.23529
G01 X-9.27698 Y16.22188
G01 X-9.22882 Y16.17809
G01 X-9.20198 Y16.15450
G01 X-9.19611 Y16.14838
G01 X-9.19133 Y16.14134
G01 X-9.18785 Y16.13362
G01 X-9.18028 Y16.13677
G01 X-9.18785 Y16.13362
G01 X-9.18569 Y16.12539
G01 X-9.18498 Y16.11693
G01 X-9.18498 Y14.92750
G01 X-9.18496 Y14.92488
G01 X-9.18404 Y14.90774
G01 X-9.16873 Y14.87078
G01 X-9.14561 Y14.82755
G01 X-9.12545 Y14.79389
G01 X-9.10769 Y14.76997
G01 X-9.07058 Y14.75242
G01 X-9.02451 Y14.73106
G01 X-8.99692 Y14.71889
G01 X-8.99418 Y14.71775
G01 X-8.99281 Y14.71714
G01 X-8.94846 Y14.69697
G01 X-8.94135 Y14.69301
G01 X-8.93967 Y14.69514
G01 X-8.94135 Y14.69301
G01 X-8.93497 Y14.68795
G01 X-8.92951 Y14.68193
G01 X-8.91018 Y14.65676
G01 X-8.90967 Y14.65610
G01 X-8.88785 Y14.62669
G01 X-8.88648 Y14.62473
G01 X-8.88625 Y14.62488
G01 X-8.88648 Y14.62473
G01 X-8.88498 Y14.62247
G01 X-8.84422 Y14.56169
G01 X-8.84285 Y14.55953
G01 X-8.82522 Y14.53012
G01 X-8.82405 Y14.52806
G01 X-8.79588 Y14.47553
G01 X-8.79474 Y14.47327
G01 X-8.78498 Y14.45262
G01 X-8.79474 Y14.47327
G01 X-8.79588 Y14.47553
G01 X-8.82405 Y14.52806
G01 X-8.82522 Y14.53012
G01 X-8.84285 Y14.55953
G01 X-8.84422 Y14.56169
G01 X-8.88498 Y14.62247
G01 X-8.88498 Y14.69435
G01 X-8.87475 Y14.69938
G01 X-8.88498 Y14.69435
G01 X-8.89055 Y14.69771
G01 X-8.91419 Y14.71523
G01 X-8.95209 Y14.74632
G01 X-8.99367 Y14.78793
G01 X-9.02476 Y14.82580
G01 X-9.04229 Y14.84944
G01 X-9.05742 Y14.87469
G01 X-9.08054 Y14.91792
G01 X-9.10304 Y14.97225
G01 X-9.11727 Y15.01914
G01 X-9.12443 Y15.04772
G01 X-9.12875 Y15.07683
G01 X-9.13355 Y15.12562
G01 X-9.13500 Y15.15501
G01 X-9.13500 Y16.05500
G01 X-9.13355 Y16.08442
G01 X-9.12875 Y16.13319
G01 X-9.12443 Y16.16232
G01 X-9.11727 Y16.19087
G01 X-9.10612 Y16.22762
G01 X-9.06256 Y16.26580
G01 X-9.10612 Y16.22762
G01 X-9.11427 Y16.23578
G01 X-9.12059 Y16.23367
G01 X-9.16992 Y16.22600
G01 X-9.23959 Y16.22102
G01 X-9.27698 Y16.22188
G01 X-9.29171 Y16.23529
G01 X-9.33022 Y16.27311
G01 X-9.36052 Y16.30532
G01 X-9.36098 Y16.30580
G01 X-9.37175 Y16.31696
G01 X-9.37221 Y16.31744
G01 X-9.40820 Y16.35376
G01 X-9.40858 Y16.35414
G01 X-9.44508 Y16.39018
G01 X-9.46390 Y16.40979
G01 X-9.47726 Y16.42455
G01 X-9.47894 Y16.42633
G01 X-9.51374 Y16.46110
G01 X-9.51551 Y16.46280
G01 X-9.54043 Y16.48536
G01 X-9.53929 Y16.48706
G01 X-9.54043 Y16.48536
G01 X-9.54495 Y16.48901
G01 X-9.55161 Y16.49376
G01 X-9.55750 Y16.49740
G01 X-9.56382 Y16.50017
G01 X-9.57109 Y16.50276
G01 X-9.57337 Y16.50352
G01 X-9.57830 Y16.50502
G01 X-9.57830 Y16.50527
G01 X-9.57830 Y16.50502
G01 X-9.56593 Y16.50502
G01 X-9.54119 Y16.48978
G01 X-9.54020 Y16.49133
G01 X-9.54119 Y16.48978
G01 X-9.46372 Y16.41231
G01 X-9.44216 Y16.39361
G01 X-9.41813 Y16.37817
G01 X-9.35679 Y16.34469
G01 X-9.32184 Y16.32973
G01 X-9.28470 Y16.32165
G01 X-9.24671 Y16.32077
G01 X-9.17703 Y16.32574
G01 X-9.14417 Y16.33085
G01 X-9.11257 Y16.34136
G01 X-9.09027 Y16.35320
G01 X-9.08630 Y16.37309
G01 X-9.09027 Y16.35320
G01 X-8.98874 Y16.25168
G01 X-8.97127 Y16.25572
G01 X-8.98874 Y16.25168
G01 X-8.99235 Y16.24497
G01 X-9.00734 Y16.20875
G01 X-9.02156 Y16.16184
G01 X-9.02633 Y16.14281
G01 X-9.02923 Y16.12338
G01 X-9.03403 Y16.07461
G01 X-9.03500 Y16.05500
G01 X-9.03500 Y15.15501
G01 X-9.03403 Y15.13540
G01 X-9.02923 Y15.08663
G01 X-9.02633 Y15.06722
G01 X-9.02156 Y15.04817
G01 X-9.00734 Y15.00129
G01 X-8.99235 Y14.96507
G01 X-8.96924 Y14.92183
G01 X-8.95915 Y14.90499
G01 X-8.94747 Y14.88925
G01 X-8.91638 Y14.85135
G01 X-8.88864 Y14.82364
G01 X-8.85077 Y14.79255
G01 X-8.83500 Y14.78084
G01 X-8.81816 Y14.77076
G01 X-8.78498 Y14.75303
G01 X-8.77338 Y14.75915
G01 X-8.78498 Y14.75303
G01 X-8.78498 Y14.45262
G01 X-8.78084 Y14.44388
G01 X-8.77985 Y14.44167
G01 X-8.76096 Y14.39616
G01 X-8.76004 Y14.39382
G01 X-8.74953 Y14.36441
G01 X-8.74876 Y14.36212
G01 X-8.73657 Y14.32196
G01 X-8.73589 Y14.31958
G01 X-8.73548 Y14.31968
G01 X-8.73589 Y14.31958
G01 X-8.72852 Y14.29016
G01 X-8.72799 Y14.28777
G01 X-8.72062 Y14.25082
G01 X-8.72019 Y14.24835
G01 X-8.71585 Y14.21894
G01 X-8.71554 Y14.21653
G01 X-8.71209 Y14.18145
G01 X-8.71188 Y14.17899
G01 X-8.71155 Y14.17904
G01 X-8.71188 Y14.17899
G01 X-8.71046 Y14.14960
G01 X-8.71041 Y14.14838
G01 X-8.71000 Y14.13126
G01 X-8.70998 Y14.13004
G01 X-8.70995 Y11.08075
G01 X-8.70957 Y11.06482
G01 X-8.70823 Y11.03716
G01 X-8.70502 Y11.00457
G01 X-8.70101 Y10.97767
G01 X-8.69410 Y10.94298
G01 X-8.69276 Y10.93762
G01 X-8.67508 Y10.92812
G01 X-8.64785 Y10.91524
G01 X-8.61920 Y10.90335
G01 X-8.60713 Y10.89903
G01 X-8.60449 Y10.89665
G01 X-8.58176 Y10.87800
G01 X-8.56545 Y10.86711
G01 X-8.53952 Y10.85324
G01 X-8.53065 Y10.84905
G01 X-8.52141 Y10.84574
G01 X-8.49329 Y10.83721
G01 X-8.47406 Y10.83337
G01 X-8.44478 Y10.83050
G01 X-8.43500 Y10.83002
G01 X-8.13500 Y10.83002
G01 X-8.12519 Y10.83050
G01 X-8.09593 Y10.83337
G01 X-8.07671 Y10.83721
G01 X-8.04856 Y10.84574
G01 X-8.03932 Y10.84905
G01 X-8.03045 Y10.85324
G01 X-8.00452 Y10.86711
G01 X-7.98821 Y10.87800
G01 X-7.96548 Y10.89665
G01 X-7.96281 Y10.89903
G01 X-7.95080 Y10.90333
G01 X-7.92210 Y10.91526
G01 X-7.89474 Y10.92819
G01 X-7.87356 Y10.93937
G01 X-7.86045 Y10.95702
G01 X-7.83922 Y10.98885
G01 X-7.82486 Y11.01280
G01 X-7.80462 Y11.05075
G01 X-7.79205 Y11.07729
G01 X-7.78499 Y11.09322
G01 X-7.78212 Y11.09969
G01 X-7.61399 Y11.50561
G01 X-7.60970 Y11.51371
G01 X-7.60404 Y11.52093
G01 X-7.61067 Y11.52814
G01 X-7.60404 Y11.52093
G01 X-7.59713 Y11.52697
G01 X-7.58923 Y11.53165
G01 X-7.58062 Y11.53480
G01 X-7.47846 Y11.56192
G01 X-7.44038 Y11.57460
G01 X-7.40904 Y11.58504
G01 X-7.25616 Y11.66025
G01 X-7.20256 Y11.69746
G01 X-7.14211 Y11.74701
G01 X-7.13729 Y11.75171
G01 X-7.13139 Y11.75750
G01 X-7.11537 Y11.77599
G01 X-7.11300 Y11.77874
G01 X-7.08659 Y11.80927
G01 X-7.04902 Y11.85948
G01 X-7.03716 Y11.93957
G01 X-7.03591 Y11.96304
G01 X-7.03523 Y11.98864
G01 X-7.03523 Y12.80502
G01 X-7.03520 Y12.80627
G01 X-7.03459 Y12.83086
G01 X-7.03454 Y12.83208
G01 X-7.03312 Y12.86146
G01 X-7.03386 Y12.86156
G01 X-7.03312 Y12.86146
G01 X-7.03264 Y12.86634
G01 X-7.02829 Y12.89550
G01 X-7.02789 Y12.89794
G01 X-7.01826 Y12.94627
G01 X-7.01773 Y12.94866
G01 X-7.01059 Y12.97708
G01 X-7.00917 Y12.98178
G01 X-6.99921 Y13.00962
G01 X-6.99870 Y13.01097
G01 X-6.98824 Y13.03774
G01 X-6.98730 Y13.04000
G01 X-6.97899 Y13.05852
G01 X-6.97856 Y13.05943
G01 X-6.96599 Y13.08605
G01 X-6.96368 Y13.09037
G01 X-6.94854 Y13.11562
G01 X-6.94722 Y13.11770
G01 X-6.91989 Y13.15862
G01 X-6.91847 Y13.16065
G01 X-6.90094 Y13.18427
G01 X-6.89781 Y13.18808
G01 X-6.87805 Y13.20990
G01 X-6.87722 Y13.21079
G01 X-6.86025 Y13.22862
G01 X-6.85938 Y13.22948
G01 X-6.25939 Y13.82948
G01 X-6.25852 Y13.83035
G01 X-6.21776 Y13.87147
G01 X-6.21806 Y13.87185
G01 X-6.21776 Y13.87147
G01 X-6.11941 Y13.93720
G01 X-6.11964 Y13.93761
G01 X-6.11941 Y13.93720
G01 X-6.01014 Y13.98244
G01 X-6.01029 Y13.98290
G01 X-6.01014 Y13.98244
G01 X-5.89411 Y14.00550
G01 X-5.89416 Y14.00599
G01 X-5.89411 Y14.00550
G01 X-4.70432 Y14.00550
G01 X-4.67585 Y14.00756
G01 X-4.64796 Y14.01363
G01 X-4.58093 Y14.03332
G01 X-4.54562 Y14.04744
G01 X-4.51362 Y14.06801
G01 X-4.48611 Y14.09425
G01 X-4.44036 Y14.14706
G01 X-4.41832 Y14.17802
G01 X-4.40254 Y14.21259
G01 X-4.39358 Y14.24952
G01 X-4.38362 Y14.31869
G01 X-4.38179 Y14.35668
G01 X-4.38720 Y14.39433
G01 X-4.39965 Y14.43027
G01 X-4.42868 Y14.49382
G01 X-4.44110 Y14.51686
G01 X-4.45642 Y14.53809
G01 X-4.47435 Y14.55714
G01 X-4.49376 Y14.57520
G01 X-4.51011 Y14.58884
G01 X-4.53927 Y14.61068
G01 X-4.59096 Y14.67977
G01 X-4.59259 Y14.67878
G01 X-4.59096 Y14.67977
G01 X-4.62241 Y14.76405
G01 X-4.62393 Y14.76377
G01 X-4.62241 Y14.76405
G01 X-4.62497 Y14.78793
G01 X-4.62497 Y15.10502
G01 X-4.65477 Y15.13459
G01 X-4.62497 Y15.10502
G01 X-4.52500 Y15.10504
G01 X-4.49569 Y15.13433
G01 X-4.52500 Y15.10504
G01 X-4.52500 Y14.82501
G01 X-4.52114 Y14.78600
G01 X-4.50976 Y14.74848
G01 X-4.49129 Y14.71391
G01 X-4.46640 Y14.68358
G01 X-4.43610 Y14.65872
G01 X-4.40153 Y14.64022
G01 X-4.36401 Y14.62885
G01 X-4.32500 Y14.62501
G01 X-2.62498 Y14.62501
G01 X-2.59025 Y14.62806
G01 X-2.55657 Y14.63708
G01 X-2.52498 Y14.65181
G01 X-2.49643 Y14.67180
G01 X-2.47179 Y14.69646
G01 X-2.45177 Y14.72501
G01 X-2.43704 Y14.75661
G01 X-2.42802 Y14.79029
G01 X-2.42498 Y14.82501
G01 X-2.42498 Y15.22501
G01 X-2.45429 Y15.25432
G01 X-2.42498 Y15.22501
G01 X-2.32498 Y15.22501
G01 X-2.29567 Y15.25432
G01 X-2.32498 Y15.22501
G01 X-2.32498 Y14.78790
G01 X-2.32381 Y14.78772
G01 X-2.32498 Y14.78790
G01 X-2.32754 Y14.76402
G01 X-2.35896 Y14.67977
G01 X-2.35767 Y14.67914
G01 X-2.35896 Y14.67977
G01 X-2.41068 Y14.61071
G01 X-2.40994 Y14.60997
G01 X-2.41068 Y14.61071
G01 X-2.47971 Y14.55900
G01 X-2.47923 Y14.55811
G01 X-2.47971 Y14.55900
G01 X-2.56394 Y14.52760
G01 X-2.56369 Y14.52618
G01 X-2.56394 Y14.52760
G01 X-2.58787 Y14.52501
G01 X-2.76224 Y14.52504
G01 X-2.79069 Y14.52298
G01 X-2.81857 Y14.51691
G01 X-2.88561 Y14.49722
G01 X-2.92091 Y14.48310
G01 X-2.95292 Y14.46253
G01 X-2.98042 Y14.43629
G01 X-3.02617 Y14.38348
G01 X-3.04822 Y14.35252
G01 X-3.06399 Y14.31795
G01 X-3.07296 Y14.28102
G01 X-3.08291 Y14.21185
G01 X-3.08474 Y14.17386
G01 X-3.07933 Y14.13621
G01 X-3.06689 Y14.10027
G01 X-3.03785 Y14.03672
G01 X-3.02449 Y14.01218
G01 X-3.00786 Y13.98973
G01 X-2.98825 Y13.96984
G01 X-2.96343 Y13.94795
G01 X-2.94222 Y13.93164
G01 X-2.85218 Y13.87144
G01 X-2.85195 Y13.87172
G01 X-2.85218 Y13.87144
G01 X-2.40613 Y13.42542
G01 X-2.39907 Y13.41866
G01 X-2.39036 Y13.41076
G01 X-2.38342 Y13.40477
G01 X-2.36765 Y13.39174
G01 X-2.32117 Y13.34076
G01 X-2.31479 Y13.33411
G01 X-1.96854 Y12.98783
G01 X-1.95889 Y12.97340
G01 X-1.94136 Y12.95085
G01 X-1.92081 Y12.93101
G01 X-1.86719 Y12.88620
G01 X-1.84027 Y12.86723
G01 X-1.81058 Y12.85295
G01 X-1.80011 Y12.84894
G01 X-1.79142 Y12.84582
G01 X-1.75142 Y12.83256
G01 X-1.72376 Y12.82555
G01 X-1.69539 Y12.82252
G01 X-1.62554 Y12.82011
G01 X-1.58756 Y12.82242
G01 X-1.55071 Y12.83190
G01 X-1.51632 Y12.84815
G01 X-1.45630 Y12.88389
G01 X-1.42566 Y12.90634
G01 X-1.39981 Y12.93416
G01 X-1.37969 Y12.96639
G01 X-1.34847 Y13.02890
G01 X-1.33496 Y13.06382
G01 X-1.32818 Y13.10065
G01 X-1.32625 Y13.12252
G01 X-1.32546 Y13.14010
G01 X-1.32546 Y17.40052
G01 X-1.32752 Y17.42899
G01 X-1.33359 Y17.45688
G01 X-1.35327 Y17.52391
G01 X-1.36740 Y17.55922
G01 X-1.38797 Y17.59122
G01 X-1.41421 Y17.61873
G01 X-1.46702 Y17.66448
G01 X-1.49386 Y17.68408
G01 X-1.52358 Y17.69897
G01 X-1.55538 Y17.70872
G01 X-1.60689 Y17.71995
G01 X-1.62805 Y17.72338
G01 X-1.64949 Y17.72455
G01 X-19.15050 Y17.72455
G01 X-19.17894 Y17.72249
G01 X-19.20683 Y17.71642
G01 X-19.27386 Y17.69673
G01 X-19.30917 Y17.68261
G01 X-19.34117 Y17.66204
G01 X-19.36868 Y17.63580
G01 X-19.41443 Y17.58299
G01 X-19.43404 Y17.55614
G01 X-19.44892 Y17.52643
G01 X-19.45867 Y17.49463
G01 X-19.46990 Y17.44311
G01 X-19.47333 Y17.42196
G01 X-19.47450 Y17.40052
G01 X-19.47450 Y1.64952
G01 X-19.47244 Y1.62107
G01 X-19.46640 Y1.59321
G01 X-19.44671 Y1.52615
G01 X-19.43256 Y1.49082
G01 X-19.41201 Y1.45884
G01 X-19.38575 Y1.43131
G01 X-19.33294 Y1.38557
G01 X-19.30607 Y1.36596
G01 X-19.27630 Y1.35105
G01 X-19.24450 Y1.34129
G01 X-19.19299 Y1.33009
G01 X-19.17186 Y1.32669
G01 X-19.15050 Y1.32552
G01 X-1.64949 Y1.32552
G01 X-1.62102 Y1.32758
G01 X-1.59313 Y1.33365
G01 X-1.52610 Y1.35333
G01 X-1.49082 Y1.36745
G01 X-1.45884 Y1.38800
G01 X-1.43130 Y1.41422
G01 X-1.38553 Y1.46702
G01 X-1.36590 Y1.49392
G01 X-1.35101 Y1.52369
G01 X-1.34123 Y1.55552
G01 X-1.33003 Y1.60703
G01 X-1.32663 Y1.62816
G01 X-1.32546 Y1.64952
G01 X-1.32546 Y5.01992
G01 X-1.32752 Y5.04840
G01 X-1.33359 Y5.07629
G01 X-1.35327 Y5.14332
G01 X-1.36740 Y5.17860
G01 X-1.38795 Y5.21058
G01 X-1.41416 Y5.23811
G01 X-1.46696 Y5.28388
G01 X-1.49795 Y5.30593
G01 X-1.53257 Y5.32175
G01 X-1.56953 Y5.33072
G01 X-1.63869 Y5.34065
G01 X-1.67601 Y5.34248
G01 X-1.71301 Y5.33732
G01 X-1.73435 Y5.33229
G01 X-1.75137 Y5.32749
G01 X-1.87428 Y5.28675
G01 X-1.94517 Y5.27951
G01 X-1.94509 Y5.27888
G01 X-1.94517 Y5.27951
G01 X-2.92477 Y5.27951
G01 X-2.92485 Y5.27893
G01 X-2.92477 Y5.27951
G01 X-2.99564 Y5.28675
G01 X-3.06092 Y5.30839
G01 X-3.07138 Y5.31154
G01 X-3.08408 Y5.31500
G01 X-3.09409 Y5.31746
G01 X-3.10796 Y5.32046
G01 X-3.42188 Y5.43740
G01 X-3.44926 Y5.44542
G01 X-3.47750 Y5.44949
G01 X-3.54720 Y5.45444
G01 X-3.58281 Y5.45378
G01 X-3.61774 Y5.44682
G01 X-3.63460 Y5.44187
G01 X-3.64804 Y5.43742
G01 X-3.69300 Y5.42069
G01 X-3.71898 Y5.40882
G01 X-3.74301 Y5.39341
G01 X-3.79896 Y5.35155
G01 X-3.82787 Y5.32513
G01 X-3.85108 Y5.29358
G01 X-3.86460 Y5.27085
G01 X-3.87453 Y5.25190
G01 X-4.00509 Y4.96674
G01 X-4.01296 Y4.94677
G01 X-4.01865 Y4.92610
G01 X-4.02990 Y4.87448
G01 X-4.03333 Y4.85330
G01 X-4.03450 Y4.83186
G01 X-4.03450 Y4.54588
G01 X-4.03402 Y4.54583
G01 X-4.03450 Y4.54588
G01 X-4.05756 Y4.42986
G01 X-4.05710 Y4.42970
G01 X-4.05756 Y4.42986
G01 X-4.10282 Y4.32059
G01 X-4.10239 Y4.32036
G01 X-4.10282 Y4.32059
G01 X-4.16853 Y4.22224
G01 X-4.16815 Y4.22193
G01 X-4.16853 Y4.22224
G01 X-6.28217 Y2.10860
G01 X-6.28186 Y2.10822
G01 X-6.28217 Y2.10860
G01 X-6.38052 Y2.04287
G01 X-6.38029 Y2.04246
G01 X-6.38052 Y2.04287
G01 X-6.48981 Y1.99760
G01 X-6.48969 Y1.99715
G01 X-6.48981 Y1.99760
G01 X-6.60582 Y1.97454
G01 X-6.60577 Y1.97406
G01 X-6.60582 Y1.97454
G01 X-14.63412 Y1.97454
G01 X-14.63417 Y1.97406
G01 X-14.63412 Y1.97454
G01 X-14.66798 Y1.98127
G01 X-14.75015 Y1.99760
G01 X-14.75028 Y1.99715
G01 X-14.75015 Y1.99760
G01 X-14.85942 Y2.04287
G01 X-14.85965 Y2.04246
G01 X-14.85942 Y2.04287
G01 X-14.95777 Y2.10860
G01 X-14.95807 Y2.10822
G01 X-14.95777 Y2.10860
G01 X-15.86836 Y3.01917
G01 X-15.87387 Y3.02447
G01 X-15.88075 Y3.03085
G01 X-15.88637 Y3.03585
G01 X-15.90234 Y3.04957
G01 X-15.92028 Y3.07009
G01 X-15.92485 Y3.07512
G01 X-15.93049 Y3.08114
G01 X-15.93503 Y3.08584
G01 X-16.24143 Y3.39224
G01 X-16.24184 Y3.39191
G01 X-16.24143 Y3.39224
G01 X-16.31055 Y3.49567
G01 X-16.31870 Y3.51157
G01 X-16.33993 Y3.54576
G01 X-16.35929 Y3.57192
G01 X-16.51850 Y3.75391
G01 X-16.53851 Y3.77377
G01 X-16.56112 Y3.79061
G01 X-16.61728 Y3.82661
G01 X-16.63066 Y3.83446
G01 X-16.63346 Y3.83595
G01 X-16.65472 Y3.84581
G01 X-16.66389 Y3.84883
G01 X-16.77046 Y3.88856
G01 X-16.77092 Y3.88772
G01 X-16.77046 Y3.88856
G01 X-16.83963 Y3.94035
G01 X-16.84037 Y3.93964
G01 X-16.83963 Y3.94035
G01 X-16.89144 Y4.00954
G01 X-16.89271 Y4.00888
G01 X-16.89144 Y4.00954
G01 X-16.92289 Y4.09389
G01 X-16.92546 Y4.11787
G01 X-16.92662 Y4.11769
G01 X-16.92546 Y4.11787
G01 X-16.92546 Y5.85675
G01 X-16.92546 Y5.89219
G01 X-16.92662 Y5.89236
G01 X-16.92546 Y5.89219
G01 X-16.92289 Y5.91616
G01 X-16.89406 Y5.99348
G01 X-16.89144 Y6.00052
G01 X-16.89271 Y6.00118
G01 X-16.89144 Y6.00052
G01 X-16.83963 Y6.06971
G01 X-16.84037 Y6.07042
G01 X-16.83963 Y6.06971
G01 X-16.77046 Y6.12150
G01 X-16.77113 Y6.12277
G01 X-16.77046 Y6.12150
G01 X-16.68611 Y6.15294
G01 X-16.66213 Y6.15551
G01 X-16.66231 Y6.15668
G01 X-16.66213 Y6.15551
G01 X-14.88779 Y6.15551
G01 X-14.86384 Y6.15294
G01 X-14.86356 Y6.15452
G01 X-14.86384 Y6.15294
G01 X-14.77949 Y6.12150
G01 X-14.77900 Y6.12239
G01 X-14.77949 Y6.12150
G01 X-14.71030 Y6.06971
G01 X-14.70958 Y6.07042
G01 X-14.71030 Y6.06971
G01 X-14.65853 Y6.00052
G01 X-14.65772 Y6.00097
G01 X-14.65853 Y6.00052
G01 X-14.61936 Y5.89554
G01 X-14.60750 Y5.86955
G01 X-14.59206 Y5.84555
G01 X-14.55017 Y5.78962
G01 X-14.52460 Y5.76148
G01 X-14.49417 Y5.73872
G01 X-14.45998 Y5.72211
G01 X-14.39452 Y5.69770
G01 X-14.35782 Y5.68787
G01 X-14.31990 Y5.68515
G01 X-14.28218 Y5.68965
G01 X-14.21390 Y5.70448
G01 X-14.18647 Y5.71253
G01 X-14.16049 Y5.72439
G01 X-14.13646 Y5.73986
G01 X-14.10821 Y5.76102
G01 X-14.08670 Y5.77966
G01 X-13.97702 Y5.88934
G01 X-13.88843 Y5.95137
G01 X-13.88683 Y5.98680
G01 X-13.88843 Y5.95137
G01 X-13.81571 Y5.87865
G01 X-13.76745 Y5.87646
G01 X-13.81571 Y5.87865
G01 X-13.83410 Y5.86635
G01 X-13.96290 Y5.76066
G01 X-13.97746 Y5.74748
G01 X-13.99064 Y5.73293
G01 X-14.09633 Y5.60412
G01 X-14.11812 Y5.57154
G01 X-14.19666 Y5.42457
G01 X-14.20506 Y5.40684
G01 X-14.21167 Y5.38835
G01 X-14.26003 Y5.22889
G01 X-14.26770 Y5.19043
G01 X-14.28403 Y5.02462
G01 X-14.28500 Y5.00501
G01 X-14.28403 Y4.98541
G01 X-14.26770 Y4.81959
G01 X-14.26003 Y4.78114
G01 X-14.21167 Y4.62168
G01 X-14.20506 Y4.60319
G01 X-14.19666 Y4.58546
G01 X-14.11812 Y4.43849
G01 X-14.09633 Y4.40590
G01 X-13.99064 Y4.27710
G01 X-13.97746 Y4.26255
G01 X-13.96290 Y4.24936
G01 X-13.83410 Y4.14365
G01 X-13.80151 Y4.12188
G01 X-13.68495 Y4.05958
G01 X-13.67131 Y4.06758
G01 X-13.68495 Y4.05958
G01 X-13.68497 Y3.94599
G01 X-13.63870 Y3.87337
G01 X-13.68497 Y3.94599
G01 X-13.81215 Y4.00530
G01 X-13.81236 Y4.00497
G01 X-13.81215 Y4.00530
G01 X-13.97700 Y4.12074
G01 X-13.97723 Y4.12046
G01 X-13.97700 Y4.12074
G01 X-14.08670 Y4.23042
G01 X-14.10827 Y4.24908
G01 X-14.13227 Y4.26453
G01 X-14.19358 Y4.29801
G01 X-14.22853 Y4.31297
G01 X-14.26567 Y4.32104
G01 X-14.30369 Y4.32196
G01 X-14.37339 Y4.31698
G01 X-14.41088 Y4.31065
G01 X-14.44654 Y4.29737
G01 X-14.47900 Y4.27756
G01 X-14.53493 Y4.23567
G01 X-14.55647 Y4.21700
G01 X-14.57517 Y4.19547
G01 X-14.59056 Y4.17149
G01 X-14.60748 Y4.14053
G01 X-14.61934 Y4.11462
G01 X-14.62437 Y4.10116
G01 X-14.62843 Y4.08914
G01 X-14.62998 Y4.08396
G01 X-14.63511 Y4.07182
G01 X-14.63826 Y4.06392
G01 X-14.66166 Y4.00050
G01 X-14.67044 Y3.98569
G01 X-14.71418 Y3.91406
G01 X-14.72729 Y3.88871
G01 X-14.73666 Y3.86173
G01 X-14.75480 Y3.79427
G01 X-14.76112 Y3.75678
G01 X-14.76026 Y3.71878
G01 X-14.75221 Y3.68162
G01 X-14.73100 Y3.61505
G01 X-14.71604 Y3.58005
G01 X-14.69470 Y3.54850
G01 X-14.67961 Y3.53021
G01 X-14.66679 Y3.51607
G01 X-14.42117 Y3.27042
G01 X-14.39958 Y3.25173
G01 X-14.37555 Y3.23629
G01 X-14.31421 Y3.20281
G01 X-14.27817 Y3.18752
G01 X-14.23986 Y3.17952
G01 X-14.21352 Y3.17667
G01 X-14.19206 Y3.17550
G01 X-12.13331 Y3.17550
G01 X-12.12359 Y3.17433
G01 X-12.11421 Y3.17149
G01 X-12.10451 Y3.16748
G01 X-12.05917 Y3.14868
G01 X-12.03852 Y3.14071
G01 X-11.98140 Y3.12026
G01 X-11.94604 Y3.10951
G01 X-11.88960 Y3.09539
G01 X-11.85912 Y3.08930
G01 X-11.80276 Y3.08094
G01 X-11.77484 Y3.07817
G01 X-11.71802 Y3.07538
G01 X-11.70598 Y3.07507
G01 X-11.71477 Y3.07550
G01 X-11.77332 Y3.08127
G01 X-11.78302 Y3.08272
G01 X-11.79255 Y3.08510
G01 X-11.84881 Y3.10217
G01 X-11.86692 Y3.10967
G01 X-11.91879 Y3.13740
G01 X-11.92722 Y3.14243
G01 X-11.93509 Y3.14830
G01 X-11.98056 Y3.18559
G01 X-11.98782 Y3.19219
G01 X-12.07116 Y3.27550
G01 X-14.19206 Y3.27550
G01 X-14.20278 Y3.27609
G01 X-14.22912 Y3.27893
G01 X-14.24827 Y3.28295
G01 X-14.26630 Y3.29059
G01 X-14.32765 Y3.32407
G01 X-14.33966 Y3.33179
G01 X-14.35045 Y3.34114
G01 X-14.59607 Y3.58678
G01 X-14.60247 Y3.59384
G01 X-14.61756 Y3.61213
G01 X-14.62823 Y3.62790
G01 X-14.63572 Y3.64540
G01 X-14.65693 Y3.71198
G01 X-14.66094 Y3.73057
G01 X-14.66138 Y3.74957
G01 X-14.65823 Y3.76831
G01 X-14.64009 Y3.83578
G01 X-14.63539 Y3.84926
G01 X-14.62884 Y3.86194
G01 X-14.58439 Y3.93473
G01 X-14.57105 Y3.95790
G01 X-14.54456 Y4.02899
G01 X-14.54299 Y4.03293
G01 X-14.53537 Y4.05104
G01 X-14.53305 Y4.05897
G01 X-14.53069 Y4.06615
G01 X-14.52566 Y4.07962
G01 X-14.51972 Y4.09257
G01 X-14.50280 Y4.12353
G01 X-14.49511 Y4.13552
G01 X-14.48576 Y4.14629
G01 X-14.47499 Y4.15564
G01 X-14.41906 Y4.19752
G01 X-14.40283 Y4.20743
G01 X-14.38500 Y4.21406
G01 X-14.36625 Y4.21723
G01 X-14.29656 Y4.22221
G01 X-14.27756 Y4.22175
G01 X-14.25899 Y4.21772
G01 X-14.24151 Y4.21022
G01 X-14.18020 Y4.17675
G01 X-14.16818 Y4.16902
G01 X-14.15741 Y4.15970
G01 X-14.04151 Y4.04383
G01 X-13.86234 Y3.91835
G01 X-13.66412 Y3.82592
G01 X-13.58495 Y3.80471
G01 X-13.58497 Y4.12269
G01 X-13.58929 Y4.12402
G01 X-13.60740 Y4.13153
G01 X-13.75437 Y4.21007
G01 X-13.77067 Y4.22097
G01 X-13.89948 Y4.32668
G01 X-13.90674 Y4.33326
G01 X-13.91332 Y4.34052
G01 X-14.01904 Y4.46933
G01 X-14.02993 Y4.48564
G01 X-14.10847 Y4.63260
G01 X-14.11599 Y4.65071
G01 X-14.16435 Y4.81015
G01 X-14.16818 Y4.82937
G01 X-14.18452 Y4.99521
G01 X-14.18500 Y5.00501
G01 X-14.18452 Y5.01482
G01 X-14.16818 Y5.18063
G01 X-14.16435 Y5.19986
G01 X-14.11599 Y5.35932
G01 X-14.10847 Y5.37743
G01 X-14.02993 Y5.52439
G01 X-14.01904 Y5.54067
G01 X-13.91332 Y5.66950
G01 X-13.90674 Y5.67677
G01 X-13.89948 Y5.68335
G01 X-13.77067 Y5.78906
G01 X-13.75437 Y5.79996
G01 X-13.65089 Y5.85525
G01 X-13.87705 Y6.08142
G01 X-14.04154 Y5.96623
G01 X-14.15741 Y5.85038
G01 X-14.16816 Y5.84106
G01 X-14.19640 Y5.81990
G01 X-14.20842 Y5.81215
G01 X-14.22142 Y5.80623
G01 X-14.23514 Y5.80219
G01 X-14.30341 Y5.78736
G01 X-14.32226 Y5.78512
G01 X-14.34123 Y5.78647
G01 X-14.35957 Y5.79140
G01 X-14.42503 Y5.81581
G01 X-14.44212 Y5.82411
G01 X-14.45734 Y5.83549
G01 X-14.47014 Y5.84956
G01 X-14.51202 Y5.90550
G01 X-14.51975 Y5.91748
G01 X-14.52566 Y5.93049
G01 X-14.56983 Y6.04893
G01 X-14.63887 Y6.14113
G01 X-14.73107 Y6.21017
G01 X-14.84067 Y6.25104
G01 X-14.88243 Y6.25551
G01 X-16.66749 Y6.25551
G01 X-16.70928 Y6.25104
G01 X-16.81888 Y6.21017
G01 X-16.91108 Y6.14113
G01 X-16.98012 Y6.04893
G01 X-17.02098 Y5.93933
G01 X-17.02546 Y5.89754
G01 X-17.02546 Y4.11251
G01 X-17.02098 Y4.07073
G01 X-16.98012 Y3.96113
G01 X-16.91108 Y3.86892
G01 X-16.81888 Y3.79989
G01 X-16.69985 Y3.75549
G01 X-16.68835 Y3.75152
G01 X-16.68344 Y3.74896
G01 X-16.67981 Y3.74733
G01 X-16.67123 Y3.74241
G01 X-16.61507 Y3.70641
G01 X-16.60376 Y3.69801
G01 X-16.59376 Y3.68808
G01 X-16.43455 Y3.50608
G01 X-16.42487 Y3.49300
G01 X-16.40364 Y3.45881
G01 X-16.39617 Y3.44421
G01 X-16.39574 Y3.44317
G01 X-16.31911 Y3.32851
G01 X-16.00575 Y3.01513
G01 X-16.00346 Y3.01279
G01 X-15.99782 Y3.00677
G01 X-15.99554 Y3.00426
G01 X-15.97288 Y2.97835
G01 X-15.95152 Y2.95998
G01 X-15.94870 Y2.95749
G01 X-15.94182 Y2.95112
G01 X-15.93907 Y2.94845
G01 X-15.02152 Y2.03093
G01 X-14.90679 Y1.95425
G01 X-14.77931 Y1.90144
G01 X-14.64398 Y1.87454
G01 X-6.59596 Y1.87454
G01 X-6.46066 Y1.90144
G01 X-6.33315 Y1.95425
G01 X-6.21842 Y2.03090
G01 X-4.09086 Y4.15848
G01 X-4.01418 Y4.27321
G01 X-3.96140 Y4.40070
G01 X-3.93447 Y4.53603
G01 X-3.93450 Y4.83186
G01 X-3.93391 Y4.84258
G01 X-3.93219 Y4.85317
G01 X-3.92093 Y4.90479
G01 X-3.91809 Y4.91512
G01 X-3.91415 Y4.92511
G01 X-3.78360 Y5.21027
G01 X-3.77864 Y5.21975
G01 X-3.76513 Y5.24248
G01 X-3.75352 Y5.25825
G01 X-3.73907 Y5.27146
G01 X-3.68311 Y5.31332
G01 X-3.67110 Y5.32104
G01 X-3.65810 Y5.32696
G01 X-3.61314 Y5.34370
G01 X-3.60643 Y5.34593
G01 X-3.58957 Y5.35089
G01 X-3.57209 Y5.35437
G01 X-3.55429 Y5.35470
G01 X-3.48459 Y5.34974
G01 X-3.47047 Y5.34771
G01 X-3.45678 Y5.34370
G01 X-3.13618 Y5.22427
G01 X-3.11532 Y5.21975
G01 X-3.11032 Y5.21850
G01 X-3.09762 Y5.21505
G01 X-3.09239 Y5.21347
G01 X-3.01669 Y5.18838
G01 X-2.92985 Y5.17954
G01 X-1.94007 Y5.17954
G01 X-1.85325 Y5.18838
G01 X-1.71992 Y5.23257
G01 X-1.71141 Y5.23496
G01 X-1.69008 Y5.23999
G01 X-1.67156 Y5.24258
G01 X-1.65292 Y5.24167
G01 X-1.58375 Y5.23173
G01 X-1.56526 Y5.22724
G01 X-1.54797 Y5.21934
G01 X-1.53247 Y5.20832
G01 X-1.47966 Y5.16255
G01 X-1.46656 Y5.14878
G01 X-1.45627 Y5.13278
G01 X-1.44921 Y5.11515
G01 X-1.42953 Y5.04812
G01 X-1.42650 Y5.03417
G01 X-1.42546 Y5.01992
G01 X-1.42546 Y1.64952
G01 X-1.42605 Y1.63885
G01 X-1.42775 Y1.62829
G01 X-1.43895 Y1.57678
G01 X-1.44385 Y1.56085
G01 X-1.45129 Y1.54597
G01 X-1.46110 Y1.53253
G01 X-1.50687 Y1.47972
G01 X-1.52063 Y1.46662
G01 X-1.53664 Y1.45633
G01 X-1.55426 Y1.44927
G01 X-1.62130 Y1.42958
G01 X-1.63524 Y1.42656
G01 X-1.64949 Y1.42552
G01 X-19.15050 Y1.42552
G01 X-19.16116 Y1.42610
G01 X-19.17173 Y1.42781
G01 X-19.22324 Y1.43901
G01 X-19.23914 Y1.44388
G01 X-19.25403 Y1.45135
G01 X-19.26746 Y1.46116
G01 X-19.32027 Y1.50690
G01 X-19.33340 Y1.52067
G01 X-19.34369 Y1.53664
G01 X-19.35075 Y1.55432
G01 X-19.37043 Y1.62138
G01 X-19.37346 Y1.63530
G01 X-19.37450 Y1.64952
G01 X-19.37450 Y17.40052
G01 X-19.37391 Y17.41124
G01 X-19.37219 Y17.42183
G01 X-19.36096 Y17.47334
G01 X-19.35608 Y17.48924
G01 X-19.34864 Y17.50410
G01 X-19.33884 Y17.51751
G01 X-19.29309 Y17.57032
G01 X-19.27935 Y17.58345
G01 X-19.26335 Y17.59374
G01 X-19.24569 Y17.60080
G01 X-19.17866 Y17.62048
G01 X-19.16472 Y17.62351
G01 X-19.15050 Y17.62455
G01 X-1.64949 Y17.62455
G01 X-1.63877 Y17.62396
G01 X-1.62818 Y17.62224
G01 X-1.57667 Y17.61101
G01 X-1.56077 Y17.60613
G01 X-1.54591 Y17.59869
G01 X-1.53250 Y17.58889
G01 X-1.47969 Y17.54314
G01 X-1.46656 Y17.52940
G01 X-1.45627 Y17.51340
G01 X-1.44921 Y17.49574
G01 X-1.42953 Y17.42871
G01 X-1.42650 Y17.41477
G01 X-1.42546 Y17.40052
G01 X-1.42546 Y13.14010
G01 X-1.42587 Y13.13131
G01 X-1.42780 Y13.10944
G01 X-1.43118 Y13.09103
G01 X-1.43793 Y13.07358
G01 X-1.46915 Y13.01107
G01 X-1.47921 Y12.99494
G01 X-1.49214 Y12.98105
G01 X-1.50745 Y12.96982
G01 X-1.56747 Y12.93408
G01 X-1.58467 Y12.92595
G01 X-1.60311 Y12.92120
G01 X-1.62208 Y12.92006
G01 X-1.69193 Y12.92247
G01 X-1.70613 Y12.92397
G01 X-1.71995 Y12.92748
G01 X-1.75995 Y12.94074
G01 X-1.76430 Y12.94231
G01 X-1.77476 Y12.94632
G01 X-1.78962 Y12.95346
G01 X-1.80308 Y12.96294
G01 X-1.85670 Y13.00774
G01 X-1.86696 Y13.01767
G01 X-1.87573 Y13.02895
G01 X-1.89087 Y13.05158
G01 X-2.24408 Y13.40482
G01 X-2.24578 Y13.40655
G01 X-2.24987 Y13.41084
G01 X-2.25147 Y13.41257
G01 X-2.29856 Y13.46438
G01 X-2.31972 Y13.48186
G01 X-2.32317 Y13.48486
G01 X-2.33189 Y13.49275
G01 X-2.33542 Y13.49613
G01 X-2.78843 Y13.94912
G01 X-2.88667 Y14.01478
G01 X-2.89726 Y14.02293
G01 X-2.92208 Y14.04482
G01 X-2.93188 Y14.05478
G01 X-2.94022 Y14.06601
G01 X-2.94690 Y14.07828
G01 X-2.97593 Y14.14183
G01 X-2.98215 Y14.15978
G01 X-2.98484 Y14.17861
G01 X-2.98393 Y14.19760
G01 X-2.97397 Y14.26677
G01 X-2.96950 Y14.28523
G01 X-2.96160 Y14.30253
G01 X-2.95058 Y14.31800
G01 X-2.90483 Y14.37081
G01 X-2.89109 Y14.38394
G01 X-2.87509 Y14.39423
G01 X-2.85744 Y14.40129
G01 X-2.79041 Y14.42097
G01 X-2.77646 Y14.42399
G01 X-2.76224 Y14.42504
G01 X-2.58251 Y14.42501
G01 X-2.54078 Y14.42951
G01 X-2.43130 Y14.47032
G01 X-2.33923 Y14.53929
G01 X-2.27029 Y14.63136
G01 X-2.22945 Y14.74083
G01 X-2.22498 Y14.78254
G01 X-2.22495 Y15.32501
G01 X-2.52498 Y15.32501
G01 X-2.52498 Y14.82501
G01 X-2.52650 Y14.80764
G01 X-2.53102 Y14.79082
G01 X-2.53839 Y14.77502
G01 X-2.54840 Y14.76072
G01 X-2.56071 Y14.74840
G01 X-2.57499 Y14.73842
G01 X-2.59079 Y14.73106
G01 X-2.60763 Y14.72653
G01 X-2.62498 Y14.72501
G01 X-4.32500 Y14.72501
G01 X-4.34451 Y14.72694
G01 X-4.36325 Y14.73263
G01 X-4.38055 Y14.74188
G01 X-4.39569 Y14.75430
G01 X-4.40813 Y14.76946
G01 X-4.41738 Y14.78673
G01 X-4.42307 Y14.80550
G01 X-4.42500 Y14.82501
G01 X-4.42500 Y15.20502
G01 X-4.72500 Y15.20504
G01 X-4.72497 Y14.78254
G01 X-4.72048 Y14.74086
G01 X-4.67963 Y14.63136
G01 X-4.61072 Y14.53926
G01 X-4.57006 Y14.50881
G01 X-4.56188 Y14.50200
G01 X-4.54247 Y14.48394
G01 X-4.53351 Y14.47441
G01 X-4.52586 Y14.46380
G01 X-4.51964 Y14.45226
G01 X-4.49061 Y14.38871
G01 X-4.48438 Y14.37076
G01 X-4.48169 Y14.35193
G01 X-4.48261 Y14.33294
G01 X-4.49256 Y14.26377
G01 X-4.49703 Y14.24531
G01 X-4.50493 Y14.22801
G01 X-4.51596 Y14.21254
G01 X-4.56170 Y14.15973
G01 X-4.57544 Y14.14660
G01 X-4.59144 Y14.13631
G01 X-4.60910 Y14.12925
G01 X-4.67613 Y14.10957
G01 X-4.69007 Y14.10655
G01 X-4.70432 Y14.10550
G01 X-5.90396 Y14.10550
G01 X-6.03932 Y14.07861
G01 X-6.16678 Y14.02580
G01 X-6.28151 Y13.94917
G01 X-6.97909 Y13.25158
G01 X-7.05575 Y13.13685
G01 X-7.10856 Y13.00934
G01 X-7.13548 Y12.87401
G01 X-7.13546 Y11.98796
G01 X-7.13604 Y11.97724
G01 X-7.13889 Y11.95087
G01 X-7.14290 Y11.93170
G01 X-7.15054 Y11.91369
G01 X-7.18402 Y11.85237
G01 X-7.19258 Y11.83927
G01 X-7.20307 Y11.82763
G01 X-7.21105 Y11.82009
G01 X-7.22390 Y11.80980
G01 X-7.23825 Y11.80177
G01 X-7.30180 Y11.77277
G01 X-7.31976 Y11.76655
G01 X-7.33856 Y11.76385
G01 X-7.35753 Y11.76474
G01 X-7.42669 Y11.77467
G01 X-7.44518 Y11.77917
G01 X-7.46248 Y11.78707
G01 X-7.47795 Y11.79809
G01 X-7.53076 Y11.84384
G01 X-7.54389 Y11.85760
G01 X-7.55418 Y11.87358
G01 X-7.56124 Y11.89126
G01 X-7.58092 Y11.95832
G01 X-7.58395 Y11.97223
G01 X-7.58499 Y11.98646
G01 X-7.58496 Y12.31676
G01 X-7.58676 Y12.33947
G01 X-7.62619 Y12.47521
G01 X-7.69692 Y12.59479
G01 X-7.79520 Y12.69306
G01 X-7.83513 Y12.71668
G01 X-7.88499 Y12.74617
G01 X-7.88499 Y11.08001
G01 X-7.88547 Y11.07020
G01 X-7.88834 Y11.04094
G01 X-7.88979 Y11.03124
G01 X-7.89217 Y11.02172
G01 X-7.90071 Y10.99357
G01 X-7.90401 Y10.98435
G01 X-7.90820 Y10.97546
G01 X-7.92207 Y10.94953
G01 X-7.93297 Y10.93325
G01 X-7.95161 Y10.91051
G01 X-7.95821 Y10.90322
G01 X-7.96281 Y10.89903
G01 X-7.96548 Y10.89665
G01 X-7.98821 Y10.87800
G01 X-8.00452 Y10.86711
G01 X-8.03045 Y10.85324
G01 X-8.03932 Y10.84905
G01 X-8.04856 Y10.84574
G01 X-8.07671 Y10.83721
G01 X-8.09593 Y10.83337
G01 X-8.12519 Y10.83050
G01 X-8.13500 Y10.83002
G01 X-8.43500 Y10.83002
G01 X-8.44478 Y10.83050
G01 X-8.47406 Y10.83337
G01 X-8.49329 Y10.83721
G01 X-8.52141 Y10.84574
G01 X-8.53065 Y10.84905
G01 X-8.53952 Y10.85324
G01 X-8.56545 Y10.86711
G01 X-8.58176 Y10.87800
G01 X-8.60449 Y10.89665
G01 X-8.60713 Y10.89903
G01 X-8.61176 Y10.90322
G01 X-8.61836 Y10.91051
G01 X-8.63700 Y10.93325
G01 X-8.64790 Y10.94953
G01 X-8.66177 Y10.97546
G01 X-8.66596 Y10.98435
G01 X-8.66926 Y10.99357
G01 X-8.67780 Y11.02172
G01 X-8.68018 Y11.03124
G01 X-8.68163 Y11.04094
G01 X-8.68450 Y11.07020
G01 X-8.68498 Y11.08001
G01 X-8.68498 Y14.82084
G01 X-8.70970 Y14.82834
G01 X-8.72781 Y14.83586
G01 X-8.77101 Y14.85894
G01 X-8.77945 Y14.86400
G01 X-8.78732 Y14.86984
G01 X-8.82519 Y14.90093
G01 X-8.83906 Y14.91480
G01 X-8.87015 Y14.95267
G01 X-8.87599 Y14.96057
G01 X-8.88105 Y14.96898
G01 X-8.90416 Y15.01221
G01 X-8.91165 Y15.03032
G01 X-8.92588 Y15.07721
G01 X-8.92827 Y15.08673
G01 X-8.92971 Y15.09643
G01 X-8.93451 Y15.14520
G01 X-8.93500 Y15.15501
G01 X-8.93500 Y16.05500
G01 X-8.93451 Y16.06481
G01 X-8.92971 Y16.11358
G01 X-8.92827 Y16.12331
G01 X-8.92588 Y16.13281
G01 X-8.91165 Y16.17972
G01 X-8.90416 Y16.19783
G01 X-8.88105 Y16.24103
G01 X-8.87599 Y16.24947
G01 X-8.87015 Y16.25734
G01 X-8.86240 Y16.26676
G01 X-9.07752 Y16.48188
G01 X-9.08420 Y16.47586
G01 X-9.09288 Y16.46958
G01 X-9.13723 Y16.44108
G01 X-9.15194 Y16.43329
G01 X-9.16774 Y16.42803
G01 X-9.18417 Y16.42549
G01 X-9.25384 Y16.42051
G01 X-9.27284 Y16.42094
G01 X-9.29141 Y16.42498
G01 X-9.30888 Y16.43247
G01 X-9.37023 Y16.46595
G01 X-9.38224 Y16.47367
G01 X-9.39301 Y16.48302
G01 X-9.47876 Y16.56875
G01 X-9.53759 Y16.60502
G01 X-10.93235 Y16.60502
G01 X-10.99118 Y16.56875
G01 X-11.09870 Y16.46123
G01 X-11.17853 Y16.33181
G01 X-11.22661 Y16.18675
G01 X-11.23545 Y16.09994
G01 X-11.23547 Y15.11010
G01 X-11.22661 Y15.02331
G01 X-11.18963 Y14.91167
G01 X-11.18909 Y14.91005
G01 X-11.17959 Y14.87957
G01 X-11.17799 Y14.87545
G01 X-11.17693 Y14.87317
G01 X-11.17553 Y14.87043
G01 X-11.17294 Y14.86499
G01 X-10.90428 Y14.25166
G01 X-10.90065 Y14.24200
G01 X-10.89801 Y14.23202
G01 X-10.88760 Y14.18229
G01 X-10.88600 Y14.17210
G01 X-10.88546 Y14.16179
G01 X-10.88546 Y13.72301
G01 X-10.88650 Y13.70876
G01 X-10.89156 Y13.67370
G01 X-10.89461 Y13.65973
G01 X-10.89961 Y13.64635
G01 X-10.90647 Y13.63383
G01 X-10.94429 Y13.57510
G01 X-10.95605 Y13.56017
G01 X-10.97040 Y13.54775
G01 X-10.98686 Y13.53825
G01 X-11.05044 Y13.50926
G01 X-11.06842 Y13.50307
G01 X-11.08724 Y13.50037
G01 X-11.10624 Y13.50129
G01 X-11.17540 Y13.51130
G01 X-11.18937 Y13.51434
G01 X-11.20276 Y13.51935
G01 X-11.21523 Y13.52506
G01 X-11.23060 Y13.53385
G01 X-11.26667 Y13.55890
G01 X-11.27761 Y13.56804
G01 X-11.40819 Y13.64858
G01 X-11.55325 Y13.69667
G01 X-11.64005 Y13.70550
G01 X-12.42988 Y13.70550
G01 X-12.51670 Y13.69667
G01 X-12.66176 Y13.64858
G01 X-12.79117 Y13.56875
G01 X-12.87659 Y13.48336
G01 X-12.88454 Y13.47622
G01 X-12.89323 Y13.46995
G01 X-12.93758 Y13.44145
G01 X-12.95226 Y13.43365
G01 X-12.96806 Y13.42842
G01 X-12.98449 Y13.42585
G01 X-13.05419 Y13.42085
G01 X-13.07322 Y13.42128
G01 X-13.09181 Y13.42534
G01 X-13.10928 Y13.43284
G01 X-13.17060 Y13.46634
G01 X-13.18259 Y13.47403
G01 X-13.19336 Y13.48338
G01 X-13.27875 Y13.56875
G01 X-13.40819 Y13.64858
G01 X-13.55325 Y13.69667
G01 X-13.64004 Y13.70550
G01 X-14.42988 Y13.70550
G01 X-14.51670 Y13.69667
G01 X-14.66176 Y13.64858
G01 X-14.79236 Y13.56804
G01 X-14.80329 Y13.55890
G01 X-14.83935 Y13.53385
G01 X-14.85477 Y13.52506
G01 X-15.03117 Y13.44432
G01 X-15.04123 Y13.44035
G01 X-15.05165 Y13.43751
G01 X-15.10364 Y13.42626
G01 X-15.12020 Y13.42410
G01 X-15.13689 Y13.42471
G01 X-15.15325 Y13.42811
G01 X-15.22023 Y13.44800
G01 X-15.23359 Y13.45303
G01 X-15.24608 Y13.45991
G01 X-15.75076 Y13.78645
G01 X-15.75172 Y13.78691
G01 X-15.76104 Y13.79181
G01 X-15.78347 Y13.80517
G01 X-15.79071 Y13.81003
G01 X-15.84199 Y13.82915
G01 X-15.84535 Y13.83047
G01 X-15.85385 Y13.83400
G01 X-15.85741 Y13.83555
G01 X-15.86648 Y13.83974
G01 X-15.86927 Y13.84051
G01 X-15.88373 Y13.84493
G01 X-15.88934 Y13.84681
G01 X-15.90064 Y13.85102
G01 X-15.94248 Y13.85552
G01 X-17.72749 Y13.85552
G01 X-17.76927 Y13.85105
G01 X-17.87887 Y13.81015
G01 X-17.97107 Y13.74114
G01 X-18.04011 Y13.64894
G01 X-18.08098 Y13.53931
G01 X-18.08547 Y13.49753
G01 X-18.08547 Y11.71252
G01 X-18.08098 Y11.67074
G01 X-18.04011 Y11.56111
G01 X-17.97107 Y11.46891
G01 X-17.87887 Y11.39992
G01 X-17.76924 Y11.35903
G01 X-17.72749 Y11.35453
G01 X-15.94248 Y11.35453
G01 X-15.90064 Y11.35903
G01 X-15.89221 Y11.36215
G01 X-15.88652 Y11.36408
G01 X-15.87186 Y11.36855
G01 X-15.86854 Y11.36944
G01 X-15.85800 Y11.37429
G01 X-15.85459 Y11.37579
G01 X-15.84621 Y11.37927
G01 X-15.84283 Y11.38059
G01 X-15.79061 Y11.40007
G01 X-15.78370 Y11.40470
G01 X-15.76109 Y11.41813
G01 X-15.75292 Y11.42248
G01 X-15.75114 Y11.42334
G01 X-15.24608 Y11.75016
G01 X-15.23671 Y11.75552
G01 X-15.22681 Y11.75986
G01 X-15.17697 Y11.77851
G01 X-15.16089 Y11.78303
G01 X-15.14428 Y11.78481
G01 X-15.12762 Y11.78382
G01 X-15.05848 Y11.77381
G01 X-15.04453 Y11.77076
G01 X-15.03117 Y11.76576
G01 X-14.85477 Y11.68501
G01 X-14.83930 Y11.67620
G01 X-14.80323 Y11.65113
G01 X-14.79234 Y11.64201
G01 X-14.66176 Y11.56147
G01 X-14.51670 Y11.51338
G01 X-14.42988 Y11.50454
G01 X-13.64007 Y11.50454
G01 X-13.55325 Y11.51338
G01 X-13.40819 Y11.56147
G01 X-13.27875 Y11.64130
G01 X-13.19336 Y11.72667
G01 X-13.18541 Y11.73383
G01 X-13.17672 Y11.74010
G01 X-13.13237 Y11.76860
G01 X-13.11769 Y11.77640
G01 X-13.10189 Y11.78163
G01 X-13.08546 Y11.78420
G01 X-13.01576 Y11.78920
G01 X-12.99674 Y11.78877
G01 X-12.97814 Y11.78471
G01 X-12.96067 Y11.77721
G01 X-12.89935 Y11.74371
G01 X-12.88736 Y11.73601
G01 X-12.87659 Y11.72669
G01 X-12.79117 Y11.64130
G01 X-12.66176 Y11.56147
G01 X-12.51670 Y11.51338
G01 X-12.42988 Y11.50454
G01 X-11.64005 Y11.50454
G01 X-11.55325 Y11.51338
G01 X-11.40819 Y11.56147
G01 X-11.27759 Y11.64201
G01 X-11.26667 Y11.65115
G01 X-11.23062 Y11.67620
G01 X-11.21523 Y11.68499
G01 X-11.20276 Y11.69070
G01 X-11.18935 Y11.69570
G01 X-11.15539 Y11.70571
G01 X-11.14142 Y11.70876
G01 X-11.12714 Y11.70980
G01 X-11.11289 Y11.70876
G01 X-11.04373 Y11.69880
G01 X-11.02526 Y11.69433
G01 X-11.00797 Y11.68643
G01 X-10.99250 Y11.67541
G01 X-10.93969 Y11.62966
G01 X-10.92656 Y11.61590
G01 X-10.91627 Y11.59992
G01 X-10.90921 Y11.58224
G01 X-10.88953 Y11.51519
G01 X-10.88650 Y11.50127
G01 X-10.88546 Y11.48702
G01 X-10.88546 Y11.01826
G01 X-10.88368 Y10.99553
G01 X-10.84421 Y10.85966
G01 X-10.77342 Y10.73993
G01 X-10.67505 Y10.64158
G01 X-10.55534 Y10.57076
G01 X-10.41950 Y10.53132
G01 X-10.39674 Y10.52951
G01 X-10.10713 Y10.52946
G01 X-10.09115 Y10.52817
G01 X-10.07558 Y10.52433
G01 X-10.00929 Y10.50226
G01 X-9.99189 Y10.49456
G01 X-9.97629 Y10.48372
G01 X-9.96301 Y10.47013
G01 X-9.91917 Y10.41572
G01 X-9.91104 Y10.40399
G01 X-9.90464 Y10.39124
G01 X-9.85575 Y10.27320
G01 X-9.77586 Y10.15365
G01 X-9.77297 Y10.15019
G01 X-9.77096 Y10.14732
G01 X-9.76865 Y10.14387
G01 X-9.74216 Y10.10239
G01 X-9.73441 Y10.08773
G01 X-9.72923 Y10.07203
G01 X-9.72666 Y10.05568
G01 X-9.72169 Y9.98598
G01 X-9.72214 Y9.96698
G01 X-9.72618 Y9.94841
G01 X-9.73367 Y9.93094
G01 X-9.76715 Y9.86962
G01 X-9.77487 Y9.85761
G01 X-9.78422 Y9.84684
G01 X-9.82341 Y9.80762
G01 X-9.89423 Y9.68791
G01 X-9.93367 Y9.55205
G01 X-9.93548 Y9.52931
G01 X-9.93545 Y9.23696
G01 X-9.93553 Y9.23325
G01 X-9.93586 Y9.22441
G01 X-9.93774 Y9.20856
G01 X-9.94208 Y9.19319
G01 X-9.96649 Y9.12771
G01 X-9.97482 Y9.11062
G01 X-9.98620 Y9.09538
G01 X-10.00030 Y9.08258
G01 X-10.05623 Y9.04072
G01 X-10.07243 Y9.03084
G01 X-10.09024 Y9.02421
G01 X-10.10898 Y9.02106
G01 X-10.17868 Y9.01606
G01 X-10.19771 Y9.01649
G01 X-10.21630 Y9.02055
G01 X-10.23377 Y9.02804
G01 X-10.29509 Y9.06155
G01 X-10.30708 Y9.06924
G01 X-10.31785 Y9.07856
G01 X-10.58843 Y9.34913
G01 X-10.70314 Y9.42581
G01 X-10.83065 Y9.47861
G01 X-10.89341 Y9.49109
G01 X-10.90995 Y9.49589
G01 X-10.94955 Y9.51118
G01 X-10.96496 Y9.51870
G01 X-11.10624 Y9.60343
G01 X-11.12082 Y9.61410
G01 X-11.15430 Y9.64354
G01 X-11.16677 Y9.65669
G01 X-11.16712 Y9.65713
G01 X-11.27876 Y9.76876
G01 X-11.40819 Y9.84859
G01 X-11.55325 Y9.89667
G01 X-11.64005 Y9.90551
G01 X-12.42988 Y9.90551
G01 X-12.51670 Y9.89667
G01 X-12.66174 Y9.84859
G01 X-12.79117 Y9.76876
G01 X-12.87659 Y9.68336
G01 X-12.88454 Y9.67620
G01 X-12.89323 Y9.66993
G01 X-12.93758 Y9.64143
G01 X-12.95229 Y9.63363
G01 X-12.96808 Y9.62837
G01 X-12.98452 Y9.62581
G01 X-13.05422 Y9.62083
G01 X-13.07322 Y9.62129
G01 X-13.09178 Y9.62533
G01 X-13.10926 Y9.63282
G01 X-13.17057 Y9.66630
G01 X-13.18259 Y9.67402
G01 X-13.19338 Y9.68336
G01 X-13.27875 Y9.76876
G01 X-13.40819 Y9.84859
G01 X-13.55325 Y9.89667
G01 X-13.64004 Y9.90551
G01 X-14.42988 Y9.90551
G01 X-14.51670 Y9.89667
G01 X-14.66176 Y9.84859
G01 X-14.79234 Y9.76805
G01 X-14.80323 Y9.75893
G01 X-14.83930 Y9.73386
G01 X-14.85477 Y9.72505
G01 X-15.03117 Y9.64430
G01 X-15.04123 Y9.64034
G01 X-15.05165 Y9.63749
G01 X-15.10364 Y9.62624
G01 X-15.12020 Y9.62408
G01 X-15.13689 Y9.62469
G01 X-15.15325 Y9.62809
G01 X-15.22023 Y9.64798
G01 X-15.23359 Y9.65301
G01 X-15.24608 Y9.65989
G01 X-15.75063 Y9.98639
G01 X-15.75147 Y9.98677
G01 X-15.76104 Y9.99180
G01 X-15.78347 Y10.00516
G01 X-15.79076 Y10.01003
G01 X-15.84197 Y10.02911
G01 X-15.84560 Y10.03056
G01 X-15.85411 Y10.03411
G01 X-15.85741 Y10.03556
G01 X-15.86645 Y10.03973
G01 X-15.86912 Y10.04046
G01 X-15.88357 Y10.04486
G01 X-15.88944 Y10.04684
G01 X-15.90067 Y10.05103
G01 X-15.94245 Y10.05550
G01 X-17.72746 Y10.05552
G01 X-17.76924 Y10.05103
G01 X-17.87887 Y10.01016
G01 X-17.97107 Y9.94112
G01 X-18.04011 Y9.84895
G01 X-18.08098 Y9.73932
G01 X-18.08547 Y9.69754
G01 X-18.08547 Y7.91253
G01 X-18.08098 Y7.87074
G01 X-18.04011 Y7.76112
G01 X-17.97107 Y7.66892
G01 X-17.87887 Y7.59988
G01 X-17.76927 Y7.55901
G01 X-17.72751 Y7.55454
G01 X-15.94245 Y7.55454
G01 X-15.90067 Y7.55901
G01 X-15.89231 Y7.56213
G01 X-15.88652 Y7.56409
G01 X-15.87186 Y7.56856
G01 X-15.86854 Y7.56945
G01 X-15.85800 Y7.57430
G01 X-15.85459 Y7.57580
G01 X-15.84621 Y7.57928
G01 X-15.84278 Y7.58063
G01 X-15.79066 Y7.60003
G01 X-15.78370 Y7.60470
G01 X-15.76109 Y7.61814
G01 X-15.75292 Y7.62248
G01 X-15.75114 Y7.62335
G01 X-15.24608 Y7.95014
G01 X-15.23671 Y7.95550
G01 X-15.22681 Y7.95985
G01 X-15.17697 Y7.97849
G01 X-15.16089 Y7.98301
G01 X-15.14428 Y7.98479
G01 X-15.12762 Y7.98380
G01 X-15.05848 Y7.97379
G01 X-15.04453 Y7.97074
G01 X-15.03117 Y7.96574
G01 X-14.85477 Y7.88499
G01 X-14.83930 Y7.87618
G01 X-14.80323 Y7.85111
G01 X-14.79239 Y7.84204
G01 X-14.66176 Y7.76147
G01 X-14.51670 Y7.71339
G01 X-14.42988 Y7.70453
G01 X-13.64007 Y7.70453
G01 X-13.55325 Y7.71339
G01 X-13.40819 Y7.76147
G01 X-13.27875 Y7.84131
G01 X-13.19336 Y7.92667
G01 X-13.18541 Y7.93384
G01 X-13.17672 Y7.94011
G01 X-13.13237 Y7.96861
G01 X-13.11767 Y7.97641
G01 X-13.10187 Y7.98167
G01 X-13.08543 Y7.98423
G01 X-13.01574 Y7.98921
G01 X-12.99674 Y7.98875
G01 X-12.97817 Y7.98471
G01 X-12.96069 Y7.97722
G01 X-12.89938 Y7.94374
G01 X-12.88736 Y7.93602
G01 X-12.87659 Y7.92670
G01 X-12.79117 Y7.84131
G01 X-12.66176 Y7.76147
G01 X-12.51670 Y7.71339
G01 X-12.42988 Y7.70453
G01 X-11.64005 Y7.70453
G01 X-11.55325 Y7.71339
G01 X-11.40819 Y7.76147
G01 X-11.29537 Y7.83104
G01 X-11.28681 Y7.83577
G01 X-11.26504 Y7.84641
G01 X-11.24711 Y7.85314
G01 X-11.22824 Y7.85634
G01 X-11.15854 Y7.86132
G01 X-11.13954 Y7.86086
G01 X-11.12097 Y7.85682
G01 X-11.10350 Y7.84933
G01 X-11.04218 Y7.81585
G01 X-11.03017 Y7.80813
G01 X-11.01937 Y7.79879
G01 X-10.95107 Y7.73046
G01 X-10.94396 Y7.72253
G01 X-10.92732 Y7.70191
G01 X-10.91978 Y7.69122
G01 X-10.91371 Y7.67961
G01 X-10.90921 Y7.66729
G01 X-10.88953 Y7.60023
G01 X-10.88650 Y7.58631
G01 X-10.88546 Y7.57207
G01 X-10.88546 Y6.38576
G01 X-10.88600 Y6.37547
G01 X-10.88760 Y6.36529
G01 X-10.89801 Y6.31553
G01 X-10.90065 Y6.30555
G01 X-10.90428 Y6.29589
G01 X-11.17294 Y5.68253
G01 X-11.17563 Y5.67687
G01 X-11.17695 Y5.67433
G01 X-11.17799 Y5.67212
G01 X-11.17916 Y5.66907
G01 X-11.18219 Y5.65856
G01 X-11.18338 Y5.65464
G01 X-11.22661 Y5.52424
G01 X-11.23545 Y5.43745
G01 X-11.23547 Y4.44761
G01 X-11.22661 Y4.36079
G01 X-11.17853 Y4.21576
G01 X-11.09870 Y4.08632
G01 X-10.99118 Y3.97880
G01 X-10.86174 Y3.89897
G01 X-10.78953 Y3.87504
G01 X-9.68041 Y3.87504
G01 X-9.60820 Y3.89897
G01 X-9.47876 Y3.97880
G01 X-9.39301 Y4.06453
G01 X-9.38506 Y4.07169
G01 X-9.37637 Y4.07797
G01 X-9.33202 Y4.10646
G01 X-9.31732 Y4.11426
G01 X-9.30152 Y4.11952
G01 X-9.28508 Y4.12208
G01 X-9.21539 Y4.12706
G01 X-9.19639 Y4.12661
G01 X-9.17782 Y4.12257
G01 X-9.16035 Y4.11507
G01 X-9.09903 Y4.08160
G01 X-9.08702 Y4.07388
G01 X-9.07625 Y4.06453
G01 X-9.00871 Y3.99699
G01 X-8.79339 Y4.21231
G01 X-8.82519 Y4.23844
G01 X-8.83906 Y4.25229
G01 X-8.87015 Y4.29018
G01 X-8.87599 Y4.29806
G01 X-8.88105 Y4.30649
G01 X-8.90416 Y4.34969
G01 X-8.91165 Y4.36780
G01 X-8.92588 Y4.41472
G01 X-8.92827 Y4.42424
G01 X-8.92971 Y4.43395
G01 X-8.93451 Y4.48271
G01 X-8.93500 Y4.49252
G01 X-8.93500 Y5.39252
G01 X-8.93451 Y5.40232
G01 X-8.92971 Y5.45109
G01 X-8.92827 Y5.46079
G01 X-8.92588 Y5.47032
G01 X-8.91165 Y5.51721
G01 X-8.90416 Y5.53532
G01 X-8.88105 Y5.57855
G01 X-8.87599 Y5.58695
G01 X-8.87015 Y5.59485
G01 X-8.83906 Y5.63272
G01 X-8.82519 Y5.64659
G01 X-8.78732 Y5.67768
G01 X-8.77945 Y5.68352
G01 X-8.77101 Y5.68858
G01 X-8.72781 Y5.71167
G01 X-8.70970 Y5.71919
G01 X-8.68498 Y5.72668
G01 X-8.68498 Y6.65502
G01 X-8.98496 Y6.65502
G01 X-8.98496 Y6.35581
G01 X-8.98318 Y6.33308
G01 X-8.94376 Y6.19737
G01 X-8.94124 Y6.19312
G01 X-8.93472 Y6.17999
G01 X-8.92103 Y6.14644
G01 X-8.91658 Y6.13275
G01 X-8.91412 Y6.11858
G01 X-8.91371 Y6.10417
G01 X-8.91684 Y6.03437
G01 X-8.91950 Y6.01555
G01 X-8.92567 Y5.99754
G01 X-8.93515 Y5.98106
G01 X-8.95577 Y5.95195
G01 X-8.95590 Y5.95149
G01 X-8.96515 Y5.93427
G01 X-8.97754 Y5.91919
G01 X-9.00835 Y5.88840
G01 X-9.02148 Y5.87738
G01 X-9.05636 Y5.85284
G01 X-9.06949 Y5.84502
G01 X-9.08369 Y5.83930
G01 X-9.09855 Y5.83580
G01 X-9.16758 Y5.82508
G01 X-9.18656 Y5.82396
G01 X-9.20538 Y5.82645
G01 X-9.22341 Y5.83244
G01 X-9.28729 Y5.86071
G01 X-9.30388 Y5.87004
G01 X-9.31838 Y5.88233
G01 X-9.33032 Y5.89714
G01 X-9.36878 Y5.95548
G01 X-9.37576 Y5.96793
G01 X-9.38089 Y5.98124
G01 X-9.47467 Y6.28749
G01 X-9.47797 Y6.30201
G01 X-9.48338 Y6.33834
G01 X-9.48447 Y6.35307
G01 X-9.48447 Y7.51801
G01 X-9.48389 Y7.52871
G01 X-9.48219 Y7.53927
G01 X-9.47099 Y7.59079
G01 X-9.46611 Y7.60669
G01 X-9.45864 Y7.62157
G01 X-9.44884 Y7.63501
G01 X-9.40309 Y7.68781
G01 X-9.38935 Y7.70094
G01 X-9.37335 Y7.71123
G01 X-9.35570 Y7.71829
G01 X-9.28867 Y7.73798
G01 X-9.27472 Y7.74100
G01 X-9.26050 Y7.74204
G01 X-9.20899 Y7.74204
G01 X-9.19829 Y7.74146
G01 X-9.18773 Y7.73976
G01 X-9.13622 Y7.72855
G01 X-9.12029 Y7.72365
G01 X-9.10541 Y7.71621
G01 X-9.09197 Y7.70641
G01 X-9.03916 Y7.66064
G01 X-9.02606 Y7.64687
G01 X-9.01577 Y7.63087
G01 X-9.00871 Y7.61324
G01 X-8.98902 Y7.54621
G01 X-8.98600 Y7.53226
G01 X-8.98496 Y7.51801
G01 X-8.98496 Y7.35502
G01 X-8.68498 Y7.35502
G01 X-8.68498 Y7.59251
G01 X-8.68450 Y7.60232
G01 X-8.68163 Y7.63158
G01 X-8.68018 Y7.64128
G01 X-8.67780 Y7.65081
G01 X-8.66926 Y7.67895
G01 X-8.66596 Y7.68819
G01 X-8.66177 Y7.69706
G01 X-8.64790 Y7.72299
G01 X-8.63700 Y7.73930
G01 X-8.61836 Y7.76201
G01 X-8.61176 Y7.76930
G01 X-8.60449 Y7.77587
G01 X-8.58176 Y7.79454
G01 X-8.56545 Y7.80542
G01 X-8.53952 Y7.81928
G01 X-8.53065 Y7.82347
G01 X-8.52141 Y7.82678
G01 X-8.49329 Y7.83534
G01 X-8.47406 Y7.83915
G01 X-8.44478 Y7.84204
G01 X-8.43500 Y7.84252
G01 X-8.13500 Y7.84252
G01 X-8.12519 Y7.84204
G01 X-8.09593 Y7.83915
G01 X-8.07671 Y7.83534
G01 X-8.04856 Y7.82678
G01 X-8.03932 Y7.82347
G01 X-8.03045 Y7.81928
G01 X-8.00452 Y7.80542
G01 X-7.98821 Y7.79454
G01 X-7.96548 Y7.77587
G01 X-7.95821 Y7.76930
G01 X-7.95161 Y7.76201
G01 X-7.93297 Y7.73930
G01 X-7.92207 Y7.72299
G01 X-7.90820 Y7.69706
G01 X-7.90401 Y7.68819
G01 X-7.90071 Y7.67895
G01 X-7.89217 Y7.65081
G01 X-7.88979 Y7.64128
G01 X-7.88834 Y7.63158
G01 X-7.88547 Y7.60232
G01 X-7.88499 Y7.59251
G01 X-7.88499 Y7.35502
G01 X-7.58499 Y7.35502
G01 X-7.58499 Y7.65426
G01 X-7.58676 Y7.67697
G01 X-7.62619 Y7.81268
G01 X-7.64323 Y7.84148
G01 X-7.65148 Y7.85921
G01 X-7.66749 Y7.90470
G01 X-7.67158 Y7.92020
G01 X-7.67315 Y7.93612
G01 X-7.67216 Y7.95210
G01 X-7.66223 Y8.02124
G01 X-7.65773 Y8.03973
G01 X-7.64983 Y8.05703
G01 X-7.63881 Y8.07252
G01 X-7.59304 Y8.12533
G01 X-7.57927 Y8.13843
G01 X-7.56327 Y8.14872
G01 X-7.54564 Y8.15578
G01 X-7.47861 Y8.17547
G01 X-7.46467 Y8.17849
G01 X-7.45044 Y8.17953
G01 X-6.69098 Y8.17951
G01 X-6.55565 Y8.20643
G01 X-6.42817 Y8.25924
G01 X-6.31341 Y8.33589
G01 X-6.11788 Y8.53147
G01 X-6.11524 Y8.53401
G01 X-6.10876 Y8.54003
G01 X-6.09622 Y8.54997
G01 X-6.08222 Y8.55776
G01 X-6.01867 Y8.58680
G01 X-6.00071 Y8.59302
G01 X-5.98189 Y8.59571
G01 X-5.96289 Y8.59480
G01 X-5.89373 Y8.58484
G01 X-5.87526 Y8.58037
G01 X-5.85796 Y8.57247
G01 X-5.84250 Y8.56145
G01 X-5.78969 Y8.51570
G01 X-5.77656 Y8.50196
G01 X-5.76627 Y8.48596
G01 X-5.75921 Y8.46830
G01 X-5.73952 Y8.40127
G01 X-5.73650 Y8.38733
G01 X-5.73546 Y8.37308
G01 X-5.73546 Y7.78512
G01 X-5.72662 Y7.69828
G01 X-5.67854 Y7.55324
G01 X-5.59871 Y7.42381
G01 X-5.51331 Y7.33844
G01 X-5.50615 Y7.33046
G01 X-5.49988 Y7.32177
G01 X-5.47138 Y7.27743
G01 X-5.46358 Y7.26272
G01 X-5.45832 Y7.24692
G01 X-5.45576 Y7.23049
G01 X-5.45078 Y7.16079
G01 X-5.45123 Y7.14179
G01 X-5.45527 Y7.12322
G01 X-5.46277 Y7.10575
G01 X-5.49624 Y7.04443
G01 X-5.50396 Y7.03242
G01 X-5.51331 Y7.02165
G01 X-5.59871 Y6.93623
G01 X-5.67854 Y6.80681
G01 X-5.72662 Y6.66178
G01 X-5.73546 Y6.57494
G01 X-5.73546 Y5.78510
G01 X-5.72662 Y5.69828
G01 X-5.67854 Y5.55325
G01 X-5.59800 Y5.42264
G01 X-5.58888 Y5.41174
G01 X-5.56381 Y5.37568
G01 X-5.55499 Y5.36021
G01 X-5.40483 Y5.03217
G01 X-5.40336 Y5.02881
G01 X-5.39993 Y5.02053
G01 X-5.39500 Y5.00527
G01 X-5.39259 Y4.98939
G01 X-5.38761 Y4.91972
G01 X-5.38804 Y4.90072
G01 X-5.39208 Y4.88215
G01 X-5.39957 Y4.86468
G01 X-5.43305 Y4.80334
G01 X-5.44077 Y4.79132
G01 X-5.45012 Y4.78055
G01 X-6.88953 Y3.34114
G01 X-6.89751 Y3.33397
G01 X-6.91816 Y3.31734
G01 X-6.93454 Y3.30659
G01 X-6.95270 Y3.29925
G01 X-7.01973 Y3.27957
G01 X-7.03368 Y3.27654
G01 X-7.04790 Y3.27550
G01 X-8.59880 Y3.27550
G01 X-8.68214 Y3.19219
G01 X-8.68940 Y3.18559
G01 X-8.73487 Y3.14830
G01 X-8.74274 Y3.14243
G01 X-8.75118 Y3.13740
G01 X-8.80304 Y3.10967
G01 X-8.82115 Y3.10217
G01 X-8.87741 Y3.08510
G01 X-8.88694 Y3.08272
G01 X-8.89664 Y3.08127
G01 X-8.95519 Y3.07550
G01 X-8.96393 Y3.07507
G01 X-8.96499 Y3.07502
G01 X-11.70499 Y3.07502
G01 X-11.70598 Y3.07507
G01 X-11.71802 Y3.07538
G01 X-11.77484 Y3.07817
G01 X-11.80276 Y3.08094
G01 X-11.85912 Y3.08930
G01 X-11.88960 Y3.09539
G01 X-11.94604 Y3.10951
G01 X-11.98140 Y3.12026
G01 X-12.03852 Y3.14071
G01 X-12.05917 Y3.14868
G01 X-12.10451 Y3.16748
G01 X-12.11256 Y3.17550
G01 X-12.11231 Y3.17698
G01 X-12.11256 Y3.17550
G01 X-12.13331 Y3.17550
G01 X-14.19137 Y3.17530
G01 X-14.21677 Y3.17596
G01 X-14.24050 Y3.17726
G01 X-14.32051 Y3.18909
G01 X-14.37072 Y3.22663
G01 X-14.42259 Y3.27154
G01 X-14.66661 Y3.51556
G01 X-14.68223 Y3.53194
G01 X-14.69612 Y3.54726
G01 X-14.75261 Y3.62295
G01 X-14.78827 Y3.68152
G01 X-14.80130 Y3.70504
G01 X-14.77347 Y3.79465
G01 X-14.74738 Y3.85544
G01 X-14.71558 Y3.91706
G01 X-14.67453 Y3.98424
G01 X-14.67423 Y3.98475
G01 X-14.66651 Y3.99773
G01 X-14.66326 Y4.00425
G01 X-14.63928 Y4.06252
G01 X-14.63885 Y4.06234
G01 X-14.63928 Y4.06252
G01 X-14.63813 Y4.06560
G01 X-14.63389 Y4.07824
G01 X-14.63372 Y4.07875
G01 X-14.63110 Y4.08680
G01 X-14.63021 Y4.08993
G01 X-14.62574 Y4.10748
G01 X-14.62559 Y4.10817
G01 X-14.62221 Y4.12226
G01 X-14.62206 Y4.12295
G01 X-14.61736 Y4.14390
G01 X-14.61388 Y4.15843
G01 X-14.60562 Y4.19074
G01 X-14.56028 Y4.31071
G01 X-14.53587 Y4.35947
G01 X-14.49023 Y4.38731
G01 X-14.43676 Y4.40725
G01 X-14.38050 Y4.41672
G01 X-14.31080 Y4.42170
G01 X-14.25381 Y4.42033
G01 X-14.21759 Y4.41246
G01 X-14.13488 Y4.36092
G01 X-14.21759 Y4.41246
G01 X-14.28487 Y4.53831
G01 X-14.29744 Y4.56493
G01 X-14.30738 Y4.59265
G01 X-14.35574 Y4.75211
G01 X-14.36722 Y4.80979
G01 X-14.38355 Y4.97560
G01 X-14.38500 Y5.00501
G01 X-14.38355 Y5.03443
G01 X-14.36722 Y5.20024
G01 X-14.35574 Y5.25792
G01 X-14.30738 Y5.41738
G01 X-14.29744 Y5.44509
G01 X-14.28487 Y5.47171
G01 X-14.21530 Y5.60184
G01 X-14.12612 Y5.66072
G01 X-14.21530 Y5.60184
G01 X-14.26094 Y5.59193
G01 X-14.31754 Y5.58518
G01 X-14.37441 Y5.58924
G01 X-14.42945 Y5.60400
G01 X-14.49490 Y5.62841
G01 X-14.52668 Y5.64385
G01 X-14.48563 Y5.56392
G01 X-14.44476 Y5.50504
G01 X-14.39099 Y5.49064
G01 X-14.38655 Y5.49031
G01 X-14.38982 Y5.48337
G01 X-14.40306 Y5.44642
G01 X-14.42604 Y5.37067
G01 X-14.43775 Y5.29181
G01 X-14.44591 Y5.20928
G01 X-14.45396 Y5.04507
G01 X-14.45396 Y4.96498
G01 X-14.44591 Y4.80080
G01 X-14.43775 Y4.71825
G01 X-14.42602 Y4.63933
G01 X-14.40306 Y4.56361
G01 X-14.38982 Y4.52666
G01 X-14.38510 Y4.51665
G01 X-14.33869 Y4.48863
G01 X-14.38510 Y4.51665
G01 X-14.38764 Y4.51647
G01 X-14.44296 Y4.50715
G01 X-14.52770 Y4.37583
G01 X-14.53587 Y4.35947
G01 X-14.52770 Y4.37583
G01 X-14.44296 Y4.50715
G01 X-14.38764 Y4.51647
G01 X-14.38510 Y4.51665
G01 X-14.38982 Y4.52666
G01 X-14.40306 Y4.56361
G01 X-14.42602 Y4.63933
G01 X-14.43775 Y4.71825
G01 X-14.44591 Y4.80080
G01 X-14.45396 Y4.96498
G01 X-14.45396 Y5.04507
G01 X-14.44591 Y5.20928
G01 X-14.43775 Y5.29181
G01 X-14.42604 Y5.37067
G01 X-14.40306 Y5.44642
G01 X-14.38982 Y5.48337
G01 X-14.38655 Y5.49031
G01 X-14.35066 Y5.51162
G01 X-14.38655 Y5.49031
G01 X-14.39099 Y5.49064
G01 X-14.44476 Y5.50504
G01 X-14.48563 Y5.56392
G01 X-14.52668 Y5.64385
G01 X-14.58165 Y5.75086
G01 X-14.60334 Y5.81596
G01 X-14.61759 Y5.86712
G01 X-14.62208 Y5.88726
G01 X-14.62348 Y5.89226
G01 X-14.65680 Y5.99147
G01 X-14.65993 Y5.99881
G01 X-14.66420 Y6.00555
G01 X-14.66293 Y6.00621
G01 X-14.66420 Y6.00555
G01 X-14.70710 Y6.06285
G01 X-14.71177 Y6.06823
G01 X-14.71111 Y6.06889
G01 X-14.71177 Y6.06823
G01 X-14.71715 Y6.07291
G01 X-14.77448 Y6.11581
G01 X-14.77385 Y6.11700
G01 X-14.77448 Y6.11581
G01 X-14.78058 Y6.11972
G01 X-14.78718 Y6.12272
G01 X-14.85861 Y6.14898
G01 X-14.86376 Y6.15058
G01 X-14.86905 Y6.15160
G01 X-14.88373 Y6.15363
G01 X-14.88883 Y6.15406
G01 X-14.88863 Y6.15535
G01 X-14.88883 Y6.15406
G01 X-14.92325 Y6.15523
G01 X-14.92498 Y6.15528
G01 X-16.62500 Y6.15528
G01 X-16.62670 Y6.15523
G01 X-16.66109 Y6.15406
G01 X-16.66127 Y6.15523
G01 X-16.66109 Y6.15406
G01 X-16.66620 Y6.15363
G01 X-16.68090 Y6.15160
G01 X-16.68621 Y6.15058
G01 X-16.69134 Y6.14898
G01 X-16.76277 Y6.12272
G01 X-16.76937 Y6.11972
G01 X-16.77003 Y6.12099
G01 X-16.76937 Y6.11972
G01 X-16.77547 Y6.11581
G01 X-16.83280 Y6.07291
G01 X-16.83818 Y6.06823
G01 X-16.83902 Y6.06905
G01 X-16.83818 Y6.06823
G01 X-16.84285 Y6.06285
G01 X-16.88576 Y6.00555
G01 X-16.88967 Y5.99942
G01 X-16.89266 Y5.99282
G01 X-16.89406 Y5.99348
G01 X-16.89266 Y5.99282
G01 X-16.91895 Y5.92140
G01 X-16.92053 Y5.91624
G01 X-16.92154 Y5.91096
G01 X-16.92358 Y5.89625
G01 X-16.92401 Y5.89114
G01 X-16.92520 Y5.85673
G01 X-16.92546 Y5.85675
G01 X-16.92520 Y5.85673
G01 X-16.92523 Y5.85500
G01 X-16.92523 Y4.15500
G01 X-16.92520 Y4.15330
G01 X-16.92401 Y4.11891
G01 X-16.92358 Y4.11380
G01 X-16.92154 Y4.09907
G01 X-16.92053 Y4.09379
G01 X-16.92159 Y4.09356
G01 X-16.92053 Y4.09379
G01 X-16.91895 Y4.08866
G01 X-16.89266 Y4.01723
G01 X-16.88969 Y4.01063
G01 X-16.88578 Y4.00453
G01 X-16.88662 Y4.00405
G01 X-16.88578 Y4.00453
G01 X-16.84285 Y3.94721
G01 X-16.83818 Y3.94182
G01 X-16.83889 Y3.94111
G01 X-16.83818 Y3.94182
G01 X-16.83280 Y3.93715
G01 X-16.77547 Y3.89422
G01 X-16.76892 Y3.89006
G01 X-16.76960 Y3.88871
G01 X-16.76892 Y3.89006
G01 X-16.76175 Y3.88696
G01 X-16.66927 Y3.85521
G01 X-16.66320 Y3.85353
G01 X-16.63574 Y3.84782
G01 X-16.61395 Y3.84279
G01 X-16.60907 Y3.84149
G01 X-16.56384 Y3.80255
G01 X-16.51525 Y3.75437
G01 X-16.35784 Y3.57444
G01 X-16.33320 Y3.54383
G01 X-16.33295 Y3.54347
G01 X-16.31911 Y3.51759
G01 X-16.31888 Y3.51716
G01 X-16.30603 Y3.49366
G01 X-16.30504 Y3.49196
G01 X-16.28855 Y3.46445
G01 X-16.28726 Y3.46240
G01 X-16.25990 Y3.42145
G01 X-16.25848 Y3.41944
G01 X-16.24095 Y3.39580
G01 X-16.23783 Y3.39201
G01 X-16.21807 Y3.37019
G01 X-16.21723 Y3.36931
G01 X-16.21761 Y3.36897
G01 X-16.21723 Y3.36931
G01 X-16.20026 Y3.35147
G01 X-16.19940 Y3.35061
G01 X-15.93503 Y3.08622
G01 X-15.92396 Y3.07487
G01 X-15.91847 Y3.06910
G01 X-15.90252 Y3.05206
G01 X-15.90001 Y3.04954
G01 X-15.88726 Y3.03773
G01 X-15.88111 Y3.03194
G01 X-15.86788 Y3.01906
G01 X-14.99940 Y2.15061
G01 X-14.99854 Y2.14975
G01 X-14.98070 Y2.13278
G01 X-14.97982 Y2.13194
G01 X-14.98004 Y2.13169
G01 X-14.97982 Y2.13194
G01 X-14.95800 Y2.11218
G01 X-14.95421 Y2.10906
G01 X-14.93056 Y2.09153
G01 X-14.92856 Y2.09011
G01 X-14.88761 Y2.06275
G01 X-14.88556 Y2.06146
G01 X-14.86033 Y2.04635
G01 X-14.85602 Y2.04403
G01 X-14.85652 Y2.04302
G01 X-14.85602 Y2.04403
G01 X-14.82935 Y2.03144
G01 X-14.82711 Y2.03045
G01 X-14.78182 Y2.01168
G01 X-14.77954 Y2.01079
G01 X-14.75172 Y2.00083
G01 X-14.74702 Y1.99941
G01 X-14.71858 Y1.99227
G01 X-14.71619 Y1.99174
G01 X-14.66785 Y1.98211
G01 X-14.66798 Y1.98127
G01 X-14.66785 Y1.98211
G01 X-14.66544 Y1.98170
G01 X-14.63631 Y1.97736
G01 X-14.63143 Y1.97690
G01 X-14.60202 Y1.97545
G01 X-14.60080 Y1.97540
G01 X-14.57621 Y1.97479
G01 X-14.57496 Y1.97477
G01 X-6.66500 Y1.97477
G01 X-6.66375 Y1.97479
G01 X-6.63917 Y1.97540
G01 X-6.63795 Y1.97545
G01 X-6.60851 Y1.97690
G01 X-6.60838 Y1.97599
G01 X-6.60851 Y1.97690
G01 X-6.60363 Y1.97736
G01 X-6.57452 Y1.98170
G01 X-6.57209 Y1.98211
G01 X-6.52375 Y1.99174
G01 X-6.52136 Y1.99227
G01 X-6.49291 Y1.99941
G01 X-6.48821 Y2.00083
G01 X-6.46040 Y2.01079
G01 X-6.45812 Y2.01168
G01 X-6.41283 Y2.03045
G01 X-6.41059 Y2.03144
G01 X-6.41021 Y2.03057
G01 X-6.41059 Y2.03144
G01 X-6.38392 Y2.04403
G01 X-6.37960 Y2.04635
G01 X-6.35438 Y2.06146
G01 X-6.35232 Y2.06275
G01 X-6.31138 Y2.09011
G01 X-6.30937 Y2.09153
G01 X-6.28573 Y2.10906
G01 X-6.28194 Y2.11218
G01 X-6.26012 Y2.13194
G01 X-6.25982 Y2.13156
G01 X-6.26012 Y2.13194
G01 X-6.25923 Y2.13278
G01 X-6.24140 Y2.14975
G01 X-6.24054 Y2.15061
G01 X-4.21052 Y4.18061
G01 X-4.20983 Y4.18129
G01 X-4.19625 Y4.19544
G01 X-4.19556 Y4.19615
G01 X-4.17219 Y4.22142
G01 X-4.16904 Y4.22518
G01 X-4.16866 Y4.22488
G01 X-4.16904 Y4.22518
G01 X-4.16137 Y4.23532
G01 X-4.16023 Y4.23689
G01 X-4.13767 Y4.26928
G01 X-4.13658 Y4.27090
G01 X-4.11118 Y4.31055
G01 X-4.11095 Y4.31093
G01 X-4.10623 Y4.31845
G01 X-4.10298 Y4.32452
G01 X-4.10224 Y4.32414
G01 X-4.10298 Y4.32452
G01 X-4.09040 Y4.35244
G01 X-4.08982 Y4.35383
G01 X-4.07179 Y4.39734
G01 X-4.07125 Y4.39874
G01 X-4.06046 Y4.42719
G01 X-4.05848 Y4.43377
G01 X-4.05649 Y4.44246
G01 X-4.05639 Y4.44289
G01 X-4.04628 Y4.48889
G01 X-4.04585 Y4.48878
G01 X-4.04628 Y4.48889
G01 X-4.04590 Y4.49082
G01 X-4.03899 Y4.52953
G01 X-4.03869 Y4.53146
G01 X-4.03694 Y4.54413
G01 X-4.03650 Y4.54903
G01 X-4.03513 Y4.58330
G01 X-4.03511 Y4.58429
G01 X-4.03473 Y4.60405
G01 X-4.03470 Y4.60502
G01 X-4.03470 Y4.83054
G01 X-4.03196 Y4.88172
G01 X-4.02855 Y4.91329
G01 X-4.02604 Y4.92086
G01 X-4.00702 Y4.96912
G01 X-3.87727 Y5.25246
G01 X-3.86599 Y5.27547
G01 X-3.85507 Y5.29633
G01 X-3.81050 Y5.36493
G01 X-3.75535 Y5.39508
G01 X-3.69226 Y5.42389
G01 X-3.64923 Y5.43991
G01 X-3.63338 Y5.44548
G01 X-3.61926 Y5.45017
G01 X-3.53605 Y5.46976
G01 X-3.48571 Y5.45881
G01 X-3.41926 Y5.43938
G01 X-3.11052 Y5.32437
G01 X-3.10730 Y5.32328
G01 X-3.09018 Y5.31820
G01 X-3.07298 Y5.31281
G01 X-3.07260 Y5.31271
G01 X-3.05990 Y5.30885
G01 X-3.02183 Y5.29676
G01 X-3.02073 Y5.29643
G01 X-2.99871 Y5.28998
G01 X-2.99096 Y5.28838
G01 X-2.96468 Y5.28502
G01 X-2.96485 Y5.28386
G01 X-2.96468 Y5.28502
G01 X-2.96335 Y5.28487
G01 X-2.92716 Y5.28124
G01 X-2.92462 Y5.28106
G01 X-2.91202 Y5.28045
G01 X-2.91078 Y5.28040
G01 X-2.88622 Y5.27979
G01 X-2.88500 Y5.27977
G01 X-1.98500 Y5.27977
G01 X-1.98375 Y5.27969
G01 X-1.95919 Y5.28040
G01 X-1.95797 Y5.28045
G01 X-1.94532 Y5.28106
G01 X-1.94278 Y5.28124
G01 X-1.90659 Y5.28487
G01 X-1.90527 Y5.28502
G01 X-1.87895 Y5.28838
G01 X-1.87121 Y5.28998
G01 X-1.87105 Y5.28924
G01 X-1.87121 Y5.28998
G01 X-1.84921 Y5.29640
G01 X-1.84814 Y5.29673
G01 X-1.80143 Y5.31157
G01 X-1.79910 Y5.31235
G01 X-1.75294 Y5.32955
G01 X-1.75068 Y5.33046
G01 X-1.74873 Y5.33128
G01 X-1.72881 Y5.33930
G01 X-1.70697 Y5.34756
G01 X-1.65795 Y5.36585
G01 X-1.61164 Y5.38091
G01 X-1.61075 Y5.38116
G01 X-1.60834 Y5.38190
G01 X-1.54525 Y5.40301
G01 X-1.54301 Y5.40379
G01 X-1.53443 Y5.40715
G01 X-1.50509 Y5.41751
G01 X-1.49145 Y5.42234
G01 X-1.40247 Y5.45089
G01 X-1.37103 Y5.45995
G01 X-1.33598 Y5.43501
G01 X-1.28317 Y5.38924
G01 X-1.23072 Y5.33420
G01 X-1.18962 Y5.27024
G01 X-1.16138 Y5.19968
G01 X-1.14169 Y5.13265
G01 X-1.12955 Y5.07687
G01 X-1.12546 Y5.01992
G01 X-1.12546 Y1.64952
G01 X-1.12777 Y1.60680
G01 X-1.13461 Y1.56453
G01 X-1.14581 Y1.51302
G01 X-1.16534 Y1.44937
G01 X-1.19513 Y1.38981
G01 X-1.23440 Y1.33604
G01 X-1.28017 Y1.28323
G01 X-1.33521 Y1.23078
G01 X-1.39917 Y1.18968
G01 X-1.46973 Y1.16144
G01 X-1.53676 Y1.14175
G01 X-1.59254 Y1.12961
G01 X-1.64949 Y1.12552
G01 X-19.15050 Y1.12552
G01 X-19.19322 Y1.12783
G01 X-19.23548 Y1.13466
G01 X-19.28700 Y1.14587
G01 X-19.35062 Y1.16537
G01 X-19.41013 Y1.19517
G01 X-19.46391 Y1.23441
G01 X-19.51671 Y1.28016
G01 X-19.56921 Y1.33520
G01 X-19.61034 Y1.39918
G01 X-19.63861 Y1.46982
G01 X-19.65829 Y1.53687
G01 X-19.67041 Y1.59263
G01 X-19.67450 Y1.64952
G01 X-19.67450 Y17.40052
G01 X-19.67219 Y17.44337
G01 X-19.66530 Y17.48571
G01 X-19.65408 Y17.53722
G01 X-19.63457 Y17.60080
G01 X-19.60480 Y17.66023
G01 X-19.56558 Y17.71396
G01 X-19.51984 Y17.76676
G01 X-19.46482 Y17.81924
G01 X-19.40084 Y17.86036
G01 X-19.33023 Y17.88863
G01 X-19.26320 Y17.90832
G01 X-19.20742 Y17.92046
G01 X-19.15050 Y17.92455
G01 X-1.64949 Y17.92455
G01 X-1.60664 Y17.92224
G01 X-1.56430 Y17.91535
G01 X-1.51279 Y17.90412
G01 X-1.44921 Y17.88462
G01 X-1.38977 Y17.85485
G01 X-1.33605 Y17.81563
G01 X-1.28325 Y17.76989
G01 X-1.23077 Y17.71487
G01 X-1.18965 Y17.65089
G01 X-1.16138 Y17.58027
G01 X-1.14169 Y17.51324
G01 X-1.12955 Y17.45747
G01 X-1.12546 Y17.40052
G01 X-1.12546 Y13.14010
G01 X-1.12701 Y13.10495
G01 X-1.12894 Y13.08308
G01 X-1.14251 Y13.00939
G01 X-1.16956 Y12.93954
G01 X-1.20077 Y12.87703
G01 X-1.24101 Y12.81259
G01 X-1.29270 Y12.75694
G01 X-1.35399 Y12.71203
G01 X-1.37004 Y12.70248
G01 X-1.40077 Y12.71104
G01 X-1.49330 Y12.73766
G01 X-1.50735 Y12.74226
G01 X-1.54670 Y12.75511
G01 X-1.60679 Y12.77731
G01 X-1.65515 Y12.79558
G01 X-1.65625 Y12.79596
G01 X-1.68106 Y12.80467
G01 X-1.68218 Y12.80505
G01 X-1.70760 Y12.81333
G01 X-1.74934 Y12.82903
G01 X-1.75068 Y12.82959
G01 X-1.75249 Y12.83032
G01 X-1.78944 Y12.84450
G01 X-1.79120 Y12.84513
G01 X-1.81180 Y12.85214
G01 X-1.84390 Y12.86446
G01 X-1.88901 Y12.88356
G01 X-1.91799 Y12.91915
G01 X-1.95203 Y12.96189
G01 X-1.96206 Y12.97492
G01 X-1.96897 Y12.98427
G01 X-1.97209 Y12.98806
G01 X-1.99188 Y13.00990
G01 X-1.99272 Y13.01079
G01 X-2.00961 Y13.02867
G01 X-2.01052 Y13.02948
G01 X-2.31456 Y13.33350
G01 X-2.32696 Y13.34622
G01 X-2.36747 Y13.38872
G01 X-2.37004 Y13.39121
G01 X-2.38197 Y13.40208
G01 X-2.39031 Y13.40982
G01 X-2.39833 Y13.41747
G01 X-2.40649 Y13.42542
G01 X-2.81052 Y13.82948
G01 X-2.81141 Y13.83032
G01 X-2.82922 Y13.84729
G01 X-2.83013 Y13.84813
G01 X-2.85193 Y13.86789
G01 X-2.85574 Y13.87101
G01 X-2.87938 Y13.88856
G01 X-2.88139 Y13.88996
G01 X-2.92231 Y13.91732
G01 X-2.92439 Y13.91861
G01 X-2.94466 Y13.93078
G01 X-3.00064 Y13.96700
G01 X-3.00196 Y13.96781
G01 X-3.01647 Y13.97657
G01 X-3.06513 Y14.00972
G01 X-3.09831 Y14.03502
G01 X-3.09891 Y14.03548
G01 X-3.11634 Y14.04833
G01 X-3.11695 Y14.04879
G01 X-3.16475 Y14.08292
G01 X-3.16671 Y14.08435
G01 X-3.20293 Y14.11079
G01 X-3.28345 Y14.18671
G01 X-3.28088 Y14.24035
G01 X-3.27092 Y14.30952
G01 X-3.25299 Y14.38338
G01 X-3.23399 Y14.42501
G01 X-3.17778 Y14.46606
G01 X-3.23399 Y14.42501
G01 X-3.25299 Y14.38338
G01 X-3.27092 Y14.30952
G01 X-3.28088 Y14.24035
G01 X-3.28345 Y14.18671
G01 X-3.20293 Y14.11079
G01 X-3.16671 Y14.08435
G01 X-3.20293 Y14.11079
G01 X-3.28345 Y14.18671
G01 X-3.28088 Y14.24035
G01 X-3.27092 Y14.30952
G01 X-3.25299 Y14.38338
G01 X-3.23399 Y14.42501
G01 X-4.19048 Y14.42501
G01 X-4.18202 Y14.36618
G01 X-4.18565 Y14.29019
G01 X-4.19561 Y14.22102
G01 X-4.20404 Y14.18628
G01 X-4.24001 Y14.15882
G01 X-4.35248 Y14.09593
G01 X-4.35555 Y14.09451
G01 X-4.35248 Y14.09593
G01 X-4.24001 Y14.15882
G01 X-4.20404 Y14.18628
G01 X-4.19561 Y14.22102
G01 X-4.18565 Y14.29019
G01 X-4.18202 Y14.36618
G01 X-4.19048 Y14.42501
G01 X-4.22215 Y14.45557
G01 X-4.19048 Y14.42501
G01 X-3.23399 Y14.42501
G01 X-4.19048 Y14.42501
G01 X-4.18202 Y14.36618
G01 X-4.18565 Y14.29019
G01 X-4.19561 Y14.22102
G01 X-4.20404 Y14.18628
G01 X-4.24001 Y14.15882
G01 X-4.35248 Y14.09593
G01 X-4.35555 Y14.09451
G01 X-4.41735 Y14.06631
G01 X-4.57328 Y14.01947
G01 X-4.63765 Y14.01020
G01 X-4.70613 Y14.00530
G01 X-5.83498 Y14.00530
G01 X-5.83620 Y14.00528
G01 X-5.86078 Y14.00467
G01 X-5.86200 Y14.00462
G01 X-5.89142 Y14.00317
G01 X-5.89629 Y14.00271
G01 X-5.92543 Y13.99837
G01 X-5.92784 Y13.99796
G01 X-5.97618 Y13.98833
G01 X-5.97856 Y13.98780
G01 X-6.00704 Y13.98066
G01 X-6.01174 Y13.97924
G01 X-6.03952 Y13.96928
G01 X-6.04181 Y13.96842
G01 X-6.08710 Y13.94965
G01 X-6.08933 Y13.94866
G01 X-6.11600 Y13.93604
G01 X-6.12035 Y13.93372
G01 X-6.14552 Y13.91864
G01 X-6.14760 Y13.91732
G01 X-6.18852 Y13.88999
G01 X-6.19053 Y13.88856
G01 X-6.21420 Y13.87101
G01 X-6.21801 Y13.86789
G01 X-6.23980 Y13.84815
G01 X-6.24069 Y13.84731
G01 X-6.25852 Y13.83035
G01 X-6.25939 Y13.82948
G01 X-6.90140 Y13.18783
G01 X-6.90178 Y13.18813
G01 X-6.90140 Y13.18783
G01 X-6.96713 Y13.08948
G01 X-6.96754 Y13.08971
G01 X-6.96713 Y13.08948
G01 X-6.98849 Y13.03782
G01 X-7.01239 Y12.98018
G01 X-7.03548 Y12.86416
G01 X-7.03546 Y11.98796
G01 X-7.03663 Y11.96652
G01 X-7.03947 Y11.94015
G01 X-7.04747 Y11.90180
G01 X-7.06276 Y11.86576
G01 X-7.09624 Y11.80444
G01 X-7.11300 Y11.77874
G01 X-7.11537 Y11.77599
G01 X-7.13437 Y11.75499
G01 X-7.14234 Y11.74744
G01 X-7.16802 Y11.72687
G01 X-7.19672 Y11.71079
G01 X-7.26027 Y11.68179
G01 X-7.29619 Y11.66936
G01 X-7.33378 Y11.66395
G01 X-7.37175 Y11.66576
G01 X-7.44092 Y11.67569
G01 X-7.47787 Y11.68466
G01 X-7.51247 Y11.70045
G01 X-7.54343 Y11.72250
G01 X-7.59624 Y11.76825
G01 X-7.62250 Y11.79578
G01 X-7.64305 Y11.82776
G01 X-7.65720 Y11.86309
G01 X-7.67688 Y11.93015
G01 X-7.68293 Y11.95801
G01 X-7.68499 Y11.98646
G01 X-7.68499 Y12.31285
G01 X-7.68565 Y12.32141
G01 X-7.68471 Y12.32154
G01 X-7.68565 Y12.32141
G01 X-7.71869 Y12.43515
G01 X-7.71783 Y12.43556
G01 X-7.71869 Y12.43515
G01 X-7.77658 Y12.53302
G01 X-7.78499 Y12.54142
G01 X-7.83513 Y12.71668
G01 X-7.78499 Y12.54142
G01 X-7.78499 Y11.09322
G01 X-7.78212 Y11.09969
G01 X-7.68499 Y11.33421
G01 X-7.68499 Y11.71707
G01 X-7.74280 Y11.84137
G01 X-7.68499 Y11.71707
G01 X-7.66172 Y11.69266
G01 X-7.60891 Y11.64691
G01 X-7.56246 Y11.61384
G01 X-7.51056 Y11.59014
G01 X-7.45512 Y11.57671
G01 X-7.44038 Y11.57460
G01 X-7.40904 Y11.58504
G01 X-7.25616 Y11.66025
G01 X-7.20256 Y11.69746
G01 X-7.14211 Y11.74701
G01 X-7.13729 Y11.75171
G01 X-7.13139 Y11.75750
G01 X-7.11537 Y11.77599
G01 X-7.11300 Y11.77874
G01 X-7.09624 Y11.80444
G01 X-7.06276 Y11.86576
G01 X-7.04747 Y11.90180
G01 X-7.03947 Y11.94015
G01 X-7.03663 Y11.96652
G01 X-7.03546 Y11.98796
G01 X-7.03548 Y12.86416
G01 X-7.03594 Y12.86421
G01 X-7.03548 Y12.86416
G01 X-7.01239 Y12.98018
G01 X-7.01285 Y12.98031
G01 X-7.01239 Y12.98018
G01 X-6.98849 Y13.03782
G01 X-6.98824 Y13.03774
G01 X-6.98849 Y13.03782
G01 X-6.98824 Y13.03774
G01 X-6.98730 Y13.04000
G01 X-6.97899 Y13.05852
G01 X-6.97856 Y13.05943
G01 X-6.96599 Y13.08605
G01 X-6.96368 Y13.09037
G01 X-6.94854 Y13.11562
G01 X-6.94722 Y13.11770
G01 X-6.91989 Y13.15862
G01 X-6.91847 Y13.16065
G01 X-6.90094 Y13.18427
G01 X-6.89781 Y13.18808
G01 X-6.87805 Y13.20990
G01 X-6.87849 Y13.21026
G01 X-6.87805 Y13.20990
G01 X-6.87722 Y13.21079
G01 X-6.86025 Y13.22862
G01 X-6.85938 Y13.22948
G01 X-6.25939 Y13.82948
G01 X-6.25956 Y13.82969
G01 X-6.25939 Y13.82948
G01 X-6.25852 Y13.83035
G01 X-6.24069 Y13.84731
G01 X-6.23980 Y13.84815
G01 X-6.21801 Y13.86789
G01 X-6.21420 Y13.87101
G01 X-6.19053 Y13.88856
G01 X-6.18852 Y13.88999
G01 X-6.14760 Y13.91732
G01 X-6.14552 Y13.91864
G01 X-6.12035 Y13.93372
G01 X-6.11600 Y13.93604
G01 X-6.11641 Y13.93672
G01 X-6.11600 Y13.93604
G01 X-6.08933 Y13.94866
G01 X-6.08710 Y13.94965
G01 X-6.04181 Y13.96842
G01 X-6.03952 Y13.96928
G01 X-6.01174 Y13.97924
G01 X-6.00704 Y13.98066
G01 X-6.00719 Y13.98109
G01 X-6.00704 Y13.98066
G01 X-5.97856 Y13.98780
G01 X-5.97618 Y13.98833
G01 X-5.92784 Y13.99796
G01 X-5.92543 Y13.99837
G01 X-5.89629 Y14.00271
G01 X-5.89634 Y14.00317
G01 X-5.89629 Y14.00271
G01 X-5.89142 Y14.00317
G01 X-5.86200 Y14.00462
G01 X-5.86078 Y14.00467
G01 X-5.83620 Y14.00528
G01 X-5.83498 Y14.00530
G01 X-4.70613 Y14.00530
G01 X-4.63765 Y14.01020
G01 X-4.57328 Y14.01947
G01 X-4.41735 Y14.06631
G01 X-4.35555 Y14.09451
G01 X-4.33173 Y14.12801
G01 X-4.30803 Y14.17988
G01 X-4.29459 Y14.23527
G01 X-4.28464 Y14.30444
G01 X-4.28192 Y14.36143
G01 X-4.29002 Y14.41790
G01 X-4.30869 Y14.47182
G01 X-4.33338 Y14.52585
G01 X-4.38893 Y14.56669
G01 X-4.33338 Y14.52585
G01 X-4.32500 Y14.52501
G01 X-3.03163 Y14.52501
G01 X-2.89516 Y14.58475
G01 X-3.03163 Y14.52501
G01 X-3.05601 Y14.50177
G01 X-3.10176 Y14.44896
G01 X-3.13480 Y14.40253
G01 X-3.15850 Y14.35066
G01 X-3.17194 Y14.29527
G01 X-3.18190 Y14.22610
G01 X-3.18461 Y14.16911
G01 X-3.17651 Y14.11264
G01 X-3.16671 Y14.08435
G01 X-3.16475 Y14.08292
G01 X-3.11695 Y14.04879
G01 X-3.11634 Y14.04833
G01 X-3.09891 Y14.03548
G01 X-3.09831 Y14.03502
G01 X-3.06513 Y14.00972
G01 X-3.01647 Y13.97657
G01 X-3.00196 Y13.96781
G01 X-3.00064 Y13.96700
G01 X-2.94466 Y13.93078
G01 X-2.92439 Y13.91861
G01 X-2.92231 Y13.91732
G01 X-2.88139 Y13.88996
G01 X-2.87938 Y13.88856
G01 X-2.85574 Y13.87101
G01 X-2.85193 Y13.86789
G01 X-2.83013 Y13.84813
G01 X-2.82922 Y13.84729
G01 X-2.82899 Y13.84757
G01 X-2.82922 Y13.84729
G01 X-2.81141 Y13.83032
G01 X-2.81052 Y13.82948
G01 X-2.40649 Y13.42542
G01 X-2.39833 Y13.41747
G01 X-2.39031 Y13.40982
G01 X-2.38197 Y13.40208
G01 X-2.37004 Y13.39121
G01 X-2.36747 Y13.38872
G01 X-2.32696 Y13.34622
G01 X-2.31456 Y13.33350
G01 X-2.01052 Y13.02948
G01 X-2.00961 Y13.02867
G01 X-1.99272 Y13.01079
G01 X-1.99188 Y13.00990
G01 X-1.97209 Y12.98806
G01 X-1.96897 Y12.98427
G01 X-1.96206 Y12.97492
G01 X-1.95203 Y12.96189
G01 X-1.91799 Y12.91915
G01 X-1.88901 Y12.88356
G01 X-1.84390 Y12.86446
G01 X-1.81180 Y12.85214
G01 X-1.79120 Y12.84513
G01 X-1.78944 Y12.84450
G01 X-1.75249 Y12.83032
G01 X-1.75068 Y12.82959
G01 X-1.74934 Y12.82903
G01 X-1.70760 Y12.81333
G01 X-1.68218 Y12.80505
G01 X-1.68106 Y12.80467
G01 X-1.65625 Y12.79596
G01 X-1.65515 Y12.79558
G01 X-1.60679 Y12.77731
G01 X-1.54670 Y12.75511
G01 X-1.50735 Y12.74226
G01 X-1.46516 Y12.76223
G01 X-1.40514 Y12.79796
G01 X-1.35917 Y12.83164
G01 X-1.32041 Y12.87338
G01 X-1.29023 Y12.92171
G01 X-1.25901 Y12.98422
G01 X-1.23872 Y13.03660
G01 X-1.22856 Y13.09187
G01 X-1.22663 Y13.11374
G01 X-1.22546 Y13.14010
G01 X-1.22546 Y17.40052
G01 X-1.22853 Y17.44324
G01 X-1.23763 Y17.48508
G01 X-1.25731 Y17.55211
G01 X-1.27852 Y17.60504
G01 X-1.30936 Y17.65305
G01 X-1.34873 Y17.69432
G01 X-1.40153 Y17.74007
G01 X-1.44182 Y17.76945
G01 X-1.48640 Y17.79181
G01 X-1.53407 Y17.80644
G01 X-1.58558 Y17.81766
G01 X-1.61736 Y17.82282
G01 X-1.64949 Y17.82455
G01 X-19.15050 Y17.82455
G01 X-19.19319 Y17.82147
G01 X-19.23503 Y17.81238
G01 X-19.30206 Y17.79270
G01 X-19.35499 Y17.77149
G01 X-19.40300 Y17.74065
G01 X-19.44427 Y17.70128
G01 X-19.49002 Y17.64847
G01 X-19.51941 Y17.60819
G01 X-19.54176 Y17.56361
G01 X-19.55639 Y17.51594
G01 X-19.56761 Y17.46443
G01 X-19.57277 Y17.43265
G01 X-19.57450 Y17.40052
G01 X-19.57450 Y1.64952
G01 X-19.57142 Y1.60685
G01 X-19.56233 Y1.56504
G01 X-19.54265 Y1.49799
G01 X-19.52146 Y1.44500
G01 X-19.49060 Y1.39702
G01 X-19.45123 Y1.35572
G01 X-19.39842 Y1.30997
G01 X-19.35812 Y1.28056
G01 X-19.31346 Y1.25821
G01 X-19.26574 Y1.24358
G01 X-19.21422 Y1.23238
G01 X-19.18255 Y1.22725
G01 X-19.15050 Y1.22552
G01 X-1.64949 Y1.22552
G01 X-1.60677 Y1.22859
G01 X-1.56493 Y1.23769
G01 X-1.49790 Y1.25737
G01 X-1.44499 Y1.27855
G01 X-1.39701 Y1.30939
G01 X-1.35574 Y1.34874
G01 X-1.30997 Y1.40154
G01 X-1.28053 Y1.44188
G01 X-1.25818 Y1.48653
G01 X-1.24352 Y1.53428
G01 X-1.23232 Y1.58579
G01 X-1.22719 Y1.61747
G01 X-1.22546 Y1.64952
G01 X-1.32546 Y1.64952
G01 X-1.42546 Y1.64952
G01 X-1.32546 Y1.64952
G01 X-1.22546 Y1.64952
G01 X-1.12546 Y1.64952
G01 X-1.22546 Y1.64952
G01 X-1.22546 Y5.01992
G01 X-1.22853 Y5.06265
G01 X-1.23763 Y5.10448
G01 X-1.25731 Y5.17151
G01 X-1.27850 Y5.22442
G01 X-1.30933 Y5.27240
G01 X-1.34868 Y5.31368
G01 X-1.40148 Y5.35945
G01 X-1.44797 Y5.39254
G01 X-1.49986 Y5.41624
G01 X-1.50509 Y5.41751
G01 X-1.53656 Y5.51246
G04 P0 ( dwell for no time -- G64 should not smooth over this point )
G00 Z5.00000 ( retract )

G00 X-7.23497 Y4.44764 ( rapid move to begin. )
G01 F150.00000
( Mill infeed pass 1/1 )
G01 Z-0.06000
G04 P0 ( dwell for no time -- G64 should not smooth over this point )
G01 F300.00000
G01 X-7.23497 Y4.44764
G01 X-7.24384 Y4.36090
G01 X-7.29187 Y4.21596
G01 X-7.37165 Y4.08663
G01 X-7.47907 Y3.97918
G01 X-7.60841 Y3.89943
G01 X-7.75334 Y3.85137
G01 X-7.84008 Y3.84253
G01 X-7.88496 Y3.84253
G01 X-7.88496 Y4.01439
G01 X-7.86962 Y4.04309
G01 X-7.86213 Y4.06120
G01 X-7.84506 Y4.11746
G01 X-7.84267 Y4.12699
G01 X-7.84122 Y4.13669
G01 X-7.84028 Y4.14644
G01 X-7.82641 Y4.14779
G01 X-7.81671 Y4.14924
G01 X-7.80719 Y4.15163
G01 X-7.76030 Y4.16585
G01 X-7.74219 Y4.17334
G01 X-7.69896 Y4.19646
G01 X-7.69055 Y4.20151
G01 X-7.68265 Y4.20735
G01 X-7.64478 Y4.23844
G01 X-7.63091 Y4.25229
G01 X-7.59982 Y4.29018
G01 X-7.59398 Y4.29806
G01 X-7.58892 Y4.30649
G01 X-7.56583 Y4.34969
G01 X-7.55832 Y4.36780
G01 X-7.54409 Y4.41472
G01 X-7.54170 Y4.42424
G01 X-7.54028 Y4.43395
G01 X-7.53546 Y4.48271
G01 X-7.53500 Y4.49252
G01 X-7.53500 Y4.59252
G01 X-7.23500 Y4.59254
G01 X-7.23497 Y4.44764
G01 X-7.33500 Y4.45274
G01 X-7.33500 Y4.49252
G01 X-7.33500 Y4.45274
G01 X-7.34221 Y4.38193
G01 X-7.34143 Y4.38177
G01 X-7.34221 Y4.38193
G01 X-7.38311 Y4.25851
G01 X-7.38250 Y4.25823
G01 X-7.38311 Y4.25851
G01 X-7.45062 Y4.14906
G01 X-7.45009 Y4.14865
G01 X-7.45062 Y4.14906
G01 X-7.54153 Y4.05815
G01 X-7.54110 Y4.05762
G01 X-7.54153 Y4.05815
G01 X-7.65095 Y3.99067
G01 X-7.65062 Y3.98995
G01 X-7.65095 Y3.99067
G01 X-7.77439 Y3.94975
G01 X-7.78496 Y3.94868
G01 X-7.85565 Y3.87327
G01 X-7.78496 Y3.94868
G01 X-7.78496 Y3.98932
G01 X-7.78143 Y3.99595
G01 X-7.76644 Y4.03217
G01 X-7.75730 Y4.06224
G01 X-7.76589 Y4.06933
G01 X-7.75730 Y4.06224
G01 X-7.73127 Y4.07017
G01 X-7.69504 Y4.08515
G01 X-7.65181 Y4.10827
G01 X-7.63497 Y4.11835
G01 X-7.61923 Y4.13004
G01 X-7.58133 Y4.16112
G01 X-7.55362 Y4.18886
G01 X-7.52253 Y4.22673
G01 X-7.51082 Y4.24251
G01 X-7.50073 Y4.25935
G01 X-7.47762 Y4.30255
G01 X-7.46263 Y4.33877
G01 X-7.44841 Y4.38569
G01 X-7.44364 Y4.40471
G01 X-7.44077 Y4.42414
G01 X-7.43594 Y4.47291
G01 X-7.43500 Y4.49252
G01 X-7.45705 Y4.51754
G01 X-7.43500 Y4.49252
G01 X-7.33500 Y4.49252
G01 X-7.30122 Y4.52417
G04 P0 ( dwell for no time -- G64 should not smooth over this point )
G00 Z5.00000 ( retract )

G00 X-7.23497 Y5.29252 ( rapid move to begin. )
G01 F150.00000
( Mill infeed pass 1/1 )
G01 Z-0.06000
G04 P0 ( dwell for no time -- G64 should not smooth over this point )
G01 F300.00000
G01 X-7.23497 Y5.29252
G01 X-7.53500 Y5.29252
G01 X-7.53500 Y5.39252
G01 X-7.53546 Y5.40232
G01 X-7.54028 Y5.45109
G01 X-7.54170 Y5.46079
G01 X-7.54409 Y5.47032
G01 X-7.55832 Y5.51721
G01 X-7.56583 Y5.53532
G01 X-7.58892 Y5.57855
G01 X-7.59398 Y5.58695
G01 X-7.59982 Y5.59485
G01 X-7.63091 Y5.63272
G01 X-7.64478 Y5.64659
G01 X-7.68265 Y5.67768
G01 X-7.69055 Y5.68352
G01 X-7.69896 Y5.68858
G01 X-7.74219 Y5.71167
G01 X-7.76030 Y5.71919
G01 X-7.80719 Y5.73341
G01 X-7.81671 Y5.73580
G01 X-7.82641 Y5.73722
G01 X-7.87518 Y5.74202
G01 X-7.88496 Y5.74250
G01 X-7.88496 Y6.65502
G01 X-7.58499 Y6.65502
G01 X-7.58499 Y6.35581
G01 X-7.58676 Y6.33308
G01 X-7.62809 Y6.19079
G01 X-7.63109 Y6.17684
G01 X-7.63205 Y6.16262
G01 X-7.63187 Y6.09274
G01 X-7.63002 Y6.07382
G01 X-7.62461 Y6.05558
G01 X-7.61585 Y6.03869
G01 X-7.57790 Y5.98002
G01 X-7.56665 Y5.96567
G01 X-7.55293 Y5.95360
G01 X-7.53708 Y5.94202
G01 X-7.53061 Y5.93765
G01 X-7.47907 Y5.90585
G01 X-7.37165 Y5.79843
G01 X-7.29187 Y5.66910
G01 X-7.24384 Y5.52414
G01 X-7.23497 Y5.43742
G01 X-7.23497 Y5.29252
G01 X-7.30566 Y5.36323
G01 X-7.33497 Y5.39252
G01 X-7.33495 Y5.43229
G01 X-7.33421 Y5.43239
G01 X-7.33495 Y5.43229
G01 X-7.34221 Y5.50308
G01 X-7.38311 Y5.62655
G01 X-7.38199 Y5.62703
G01 X-7.38311 Y5.62655
G01 X-7.45062 Y5.73598
G01 X-7.45009 Y5.73641
G01 X-7.45062 Y5.73598
G01 X-7.54153 Y5.82688
G01 X-7.54130 Y5.82714
G01 X-7.54153 Y5.82688
G01 X-7.58311 Y5.85254
G01 X-7.59609 Y5.86127
G01 X-7.61194 Y5.87286
G01 X-7.63934 Y5.89701
G01 X-7.66187 Y5.92571
G01 X-7.69982 Y5.98439
G01 X-7.71735 Y6.01817
G01 X-7.72817 Y6.05464
G01 X-7.73187 Y6.09249
G01 X-7.73205 Y6.16237
G01 X-7.73010 Y6.19081
G01 X-7.72413 Y6.21868
G01 X-7.68565 Y6.35114
G01 X-7.68494 Y6.35104
G01 X-7.68565 Y6.35114
G01 X-7.68499 Y6.35972
G01 X-7.68499 Y6.55502
G01 X-7.65547 Y6.58444
G01 X-7.68499 Y6.55502
G01 X-7.78496 Y6.55502
G01 X-7.81427 Y6.58434
G01 X-7.78496 Y6.55502
G01 X-7.78496 Y5.83079
G01 X-7.80152 Y5.81990
G01 X-7.78496 Y5.83079
G01 X-7.77815 Y5.82909
G01 X-7.73127 Y5.81487
G01 X-7.69504 Y5.79986
G01 X-7.65181 Y5.77677
G01 X-7.63497 Y5.76668
G01 X-7.61923 Y5.75497
G01 X-7.58133 Y5.72389
G01 X-7.55362 Y5.69617
G01 X-7.52253 Y5.65828
G01 X-7.51082 Y5.64253
G01 X-7.50073 Y5.62569
G01 X-7.47762 Y5.58246
G01 X-7.46263 Y5.54624
G01 X-7.44841 Y5.49935
G01 X-7.44364 Y5.48030
G01 X-7.44077 Y5.46089
G01 X-7.43594 Y5.41213
G01 X-7.43500 Y5.39252
G01 X-7.45446 Y5.36925
G01 X-7.43500 Y5.39252
G01 X-7.33497 Y5.39252
G04 P0 ( dwell for no time -- G64 should not smooth over this point )
G00 Z5.00000 ( retract )

G00 X-9.36809 Y5.57850 ( rapid move to begin. )
G01 F150.00000
( Mill infeed pass 1/1 )
G01 Z-0.06000
G04 P0 ( dwell for no time -- G64 should not smooth over this point )
G01 F300.00000
G01 X-9.36809 Y5.57850
G01 X-9.36169 Y5.57128
G01 X-9.36146 Y5.57103
G01 X-9.35344 Y5.56209
G01 X-9.35298 Y5.56158
G01 X-9.34942 Y5.55777
G01 X-9.34825 Y5.55655
G01 X-9.30929 Y5.51715
G01 X-9.30812 Y5.51604
G01 X-9.28498 Y5.49412
G01 X-9.28498 Y4.45168
G01 X-9.29418 Y4.44271
G01 X-9.33578 Y4.40463
G01 X-9.34366 Y4.39783
G01 X-9.35727 Y4.38617
G01 X-9.35869 Y4.38490
G01 X-9.40032 Y4.34629
G01 X-9.40177 Y4.34492
G01 X-9.44500 Y4.30151
G01 X-9.44566 Y4.30082
G01 X-9.46070 Y4.28515
G01 X-9.46136 Y4.28444
G01 X-9.48061 Y4.26356
G01 X-9.49740 Y4.24621
G01 X-9.51577 Y4.22810
G01 X-9.51676 Y4.22711
G01 X-9.53649 Y4.20651
G01 X-9.53746 Y4.20550
G01 X-9.55046 Y4.19112
G01 X-9.58356 Y4.15803
G01 X-9.60540 Y4.13824
G01 X-9.61465 Y4.13166
G01 X-9.63251 Y4.12018
G01 X-9.64061 Y4.11497
G01 X-9.64091 Y4.11477
G01 X-9.65392 Y4.10644
G01 X-9.69446 Y4.08312
G01 X-9.71775 Y4.07421
G01 X-9.72478 Y4.07306
G01 X-9.77228 Y4.06603
G01 X-9.81671 Y4.06163
G01 X-9.86385 Y4.05932
G01 X-9.88557 Y4.05879
G01 X-10.58437 Y4.05879
G01 X-10.60609 Y4.05932
G01 X-10.65323 Y4.06163
G01 X-10.69763 Y4.06603
G01 X-10.74515 Y4.07306
G01 X-10.74612 Y4.07322
G01 X-10.75219 Y4.07421
G01 X-10.77548 Y4.08312
G01 X-10.81607 Y4.10646
G01 X-10.82887 Y4.11469
G01 X-10.83134 Y4.11627
G01 X-10.83763 Y4.12031
G01 X-10.85529 Y4.13166
G01 X-10.86453 Y4.13824
G01 X-10.88638 Y4.15803
G01 X-10.91947 Y4.19112
G01 X-10.93926 Y4.21297
G01 X-10.94584 Y4.22221
G01 X-10.95709 Y4.23974
G01 X-10.96308 Y4.24906
G01 X-10.97104 Y4.26143
G01 X-10.99423 Y4.30176
G01 X-11.00847 Y4.34037
G01 X-11.02277 Y4.38546
G01 X-11.02793 Y4.40306
G01 X-11.03070 Y4.42478
G01 X-11.03413 Y4.45907
G01 X-11.03466 Y4.46979
G01 X-11.03522 Y4.49313
G01 X-11.03522 Y5.39191
G01 X-11.03464 Y5.41525
G01 X-11.03413 Y5.42602
G01 X-11.03067 Y5.46028
G01 X-11.02793 Y5.48200
G01 X-11.02277 Y5.49965
G01 X-11.00847 Y5.54471
G01 X-10.99301 Y5.58667
G01 X-10.98920 Y5.59681
G01 X-10.71858 Y6.21454
G01 X-10.71759 Y6.21695
G01 X-10.69908 Y6.26602
G01 X-10.69821 Y6.26844
G01 X-10.69418 Y6.28108
G01 X-10.69285 Y6.28609
G01 X-10.69207 Y6.29117
G01 X-10.69009 Y6.29076
G01 X-10.69207 Y6.29117
G01 X-10.68818 Y6.32881
G01 X-10.68798 Y6.33138
G01 X-10.68529 Y6.38319
G01 X-10.68521 Y6.38578
G01 X-10.68506 Y7.57209
G01 X-10.68523 Y7.57311
G01 X-10.68567 Y7.59373
G01 X-10.68587 Y7.59731
G01 X-10.69059 Y7.64862
G01 X-10.69090 Y7.65116
G01 X-10.70192 Y7.72756
G01 X-10.70378 Y7.73559
G01 X-10.70073 Y7.73676
G01 X-10.70378 Y7.73559
G01 X-10.70693 Y7.74321
G01 X-10.71127 Y7.75022
G01 X-10.76857 Y7.82741
G01 X-10.77152 Y7.83102
G01 X-10.77129 Y7.83120
G01 X-10.77152 Y7.83102
G01 X-10.78927 Y7.85075
G01 X-10.79016 Y7.85172
G01 X-10.80853 Y7.87107
G01 X-10.80944 Y7.87204
G01 X-10.87774 Y7.94037
G01 X-10.88026 Y7.94293
G01 X-10.93497 Y7.99007
G01 X-10.93774 Y7.99231
G01 X-10.99423 Y8.03460
G01 X-10.99402 Y8.03490
G01 X-10.99423 Y8.03460
G01 X-10.99931 Y8.03793
G01 X-11.11764 Y8.10590
G01 X-11.12514 Y8.10940
G01 X-11.13314 Y8.11164
G01 X-11.13233 Y8.12139
G01 X-11.13314 Y8.11164
G01 X-11.14137 Y8.11253
G01 X-11.14965 Y8.11202
G01 X-11.15773 Y8.11016
G01 X-11.18742 Y8.10072
G01 X-11.18861 Y8.10031
G01 X-11.25699 Y8.07661
G01 X-11.26136 Y8.07486
G01 X-11.35447 Y8.03236
G01 X-11.35470 Y8.03287
G01 X-11.35447 Y8.03236
G01 X-11.35879 Y8.03013
G01 X-11.38084 Y8.01733
G01 X-11.38384 Y8.01545
G01 X-11.40347 Y8.00211
G01 X-11.40444 Y8.00145
G01 X-11.41457 Y7.99421
G01 X-11.45391 Y7.96891
G01 X-11.49420 Y7.94578
G01 X-11.53278 Y7.93153
G01 X-11.57784 Y7.91723
G01 X-11.59552 Y7.91207
G01 X-11.61721 Y7.90930
G01 X-11.65153 Y7.90587
G01 X-11.66225 Y7.90534
G01 X-11.68556 Y7.90478
G01 X-12.38437 Y7.90478
G01 X-12.40768 Y7.90534
G01 X-12.41838 Y7.90587
G01 X-12.45981 Y7.91009
G01 X-12.47428 Y7.91202
G01 X-12.49211 Y7.91723
G01 X-12.53717 Y7.93153
G01 X-12.57573 Y7.94578
G01 X-12.61604 Y7.96894
G01 X-12.62874 Y7.97709
G01 X-12.63761 Y7.98278
G01 X-12.65539 Y7.99421
G01 X-12.66453 Y8.00074
G01 X-12.68642 Y8.02058
G01 X-12.71942 Y8.05357
G01 X-12.73219 Y8.06767
G01 X-12.73316 Y8.06871
G01 X-12.75315 Y8.08954
G01 X-12.75412 Y8.09050
G01 X-12.79092 Y8.12678
G01 X-12.82648 Y8.16267
G01 X-12.83646 Y8.17300
G01 X-12.86778 Y8.20625
G01 X-12.86918 Y8.20767
G01 X-12.90911 Y8.24679
G01 X-12.91050 Y8.24811
G01 X-12.92666 Y8.26277
G01 X-12.97436 Y8.30610
G01 X-12.97499 Y8.30666
G01 X-12.98498 Y8.31542
G01 X-12.98498 Y9.29617
G01 X-12.97603 Y9.30485
G01 X-12.93387 Y9.34346
G01 X-12.92625 Y9.34999
G01 X-12.92874 Y9.33320
G01 X-12.93354 Y9.28441
G01 X-12.93499 Y9.25502
G01 X-12.93499 Y8.35502
G01 X-12.93354 Y8.32561
G01 X-12.92874 Y8.27684
G01 X-12.92666 Y8.26277
G01 X-12.92874 Y8.27684
G01 X-12.93354 Y8.32561
G01 X-12.93499 Y8.35502
G01 X-12.93499 Y9.25502
G01 X-12.93354 Y9.28441
G01 X-12.92874 Y9.33320
G01 X-12.92625 Y9.34999
G01 X-12.91287 Y9.36147
G01 X-12.91144 Y9.36271
G01 X-12.86976 Y9.40130
G01 X-12.86834 Y9.40267
G01 X-12.82501 Y9.44608
G01 X-12.82435 Y9.44676
G01 X-12.80895 Y9.46279
G01 X-12.80829 Y9.46350
G01 X-12.78932 Y9.48405
G01 X-12.77225 Y9.50170
G01 X-12.75414 Y9.51951
G01 X-12.75315 Y9.52052
G01 X-12.73313 Y9.54135
G01 X-12.73217 Y9.54239
G01 X-12.71942 Y9.55647
G01 X-12.68650 Y9.58938
G01 X-12.66450 Y9.60935
G01 X-12.65546 Y9.61580
G01 X-12.63728 Y9.62748
G01 X-12.62958 Y9.63239
G01 X-12.61594 Y9.64117
G01 X-12.57573 Y9.66429
G01 X-12.53717 Y9.67851
G01 X-12.49214 Y9.69281
G01 X-12.47446 Y9.69797
G01 X-12.45272 Y9.70074
G01 X-12.41845 Y9.70417
G01 X-12.40768 Y9.70470
G01 X-12.38437 Y9.70526
G01 X-11.68556 Y9.70526
G01 X-11.66225 Y9.70470
G01 X-11.65148 Y9.70417
G01 X-11.61721 Y9.70074
G01 X-11.59549 Y9.69797
G01 X-11.57784 Y9.69281
G01 X-11.53278 Y9.67851
G01 X-11.49420 Y9.66429
G01 X-11.45402 Y9.64120
G01 X-11.43987 Y9.63211
G01 X-11.43288 Y9.62761
G01 X-11.41449 Y9.61580
G01 X-11.40543 Y9.60932
G01 X-11.38345 Y9.58941
G01 X-11.35054 Y9.55649
G01 X-11.31841 Y9.52103
G01 X-11.29605 Y9.49426
G01 X-11.28983 Y9.48667
G01 X-11.28551 Y9.48204
G01 X-11.28064 Y9.47798
G01 X-11.28109 Y9.47742
G01 X-11.28064 Y9.47798
G01 X-11.25254 Y9.45746
G01 X-11.25069 Y9.45616
G01 X-11.21244 Y9.43079
G01 X-11.21051 Y9.42957
G01 X-11.06923 Y9.34483
G01 X-11.06738 Y9.34377
G01 X-11.02907 Y9.32299
G01 X-11.02717 Y9.32202
G01 X-11.00870 Y9.31298
G01 X-11.00362 Y9.31085
G01 X-11.00380 Y9.31042
G01 X-11.00362 Y9.31085
G01 X-10.99831 Y9.30927
G01 X-10.97675 Y9.30414
G01 X-10.97609 Y9.30399
G01 X-10.96265 Y9.30099
G01 X-10.96199 Y9.30084
G01 X-10.93344 Y9.29487
G01 X-10.91521 Y9.29068
G01 X-10.88960 Y9.28425
G01 X-10.86527 Y9.27554
G01 X-10.82224 Y9.25771
G01 X-10.79890 Y9.24669
G01 X-10.77685 Y9.23348
G01 X-10.73796 Y9.20750
G01 X-10.71729 Y9.19215
G01 X-10.69773 Y9.17442
G01 X-10.68081 Y9.15832
G01 X-10.45945 Y8.93699
G01 X-10.45681 Y8.93452
G01 X-10.40235 Y8.88735
G01 X-10.39959 Y8.88512
G01 X-10.34307 Y8.84283
G01 X-10.33680 Y8.83881
G01 X-10.33703 Y8.83843
G01 X-10.33680 Y8.83881
G01 X-10.18701 Y8.75819
G01 X-10.18079 Y8.75538
G01 X-10.11066 Y8.72924
G01 X-10.10881 Y8.72855
G01 X-10.10467 Y8.72721
G01 X-9.98920 Y8.69523
G01 X-9.92735 Y8.54595
G01 X-10.11066 Y8.72924
G01 X-9.92735 Y8.54595
G01 X-9.83784 Y8.32985
G01 X-9.83045 Y8.31098
G01 X-9.82834 Y8.30526
G01 X-9.81727 Y8.27521
G01 X-9.81706 Y8.27468
G01 X-9.81295 Y8.26394
G01 X-9.81274 Y8.26338
G01 X-9.80835 Y8.25230
G01 X-9.80043 Y8.23064
G01 X-9.79875 Y8.22563
G01 X-9.79794 Y8.22342
G01 X-9.78272 Y8.18433
G01 X-9.78244 Y8.18365
G01 X-9.77127 Y8.15616
G01 X-9.77063 Y8.15441
G01 X-9.76979 Y8.15228
G01 X-9.75496 Y8.11677
G01 X-9.75402 Y8.11466
G01 X-9.75059 Y8.10742
G01 X-9.74264 Y8.08949
G01 X-9.73812 Y8.07854
G01 X-9.73743 Y8.07694
G01 X-9.72486 Y8.04933
G01 X-9.72412 Y8.04778
G01 X-9.71635 Y8.03219
G01 X-9.71125 Y8.02157
G01 X-9.70096 Y7.99934
G01 X-9.70043 Y7.99828
G01 X-9.68978 Y7.97669
G01 X-9.68927 Y7.97565
G01 X-9.68546 Y7.96838
G01 X-9.67693 Y7.95202
G01 X-9.66680 Y7.93224
G01 X-9.66601 Y7.93076
G01 X-9.64554 Y7.89388
G01 X-9.64470 Y7.89244
G01 X-9.62710 Y7.86302
G01 X-9.62626 Y7.86170
G01 X-9.61539 Y7.84479
G01 X-9.64038 Y7.77783
G01 X-9.64213 Y7.77201
G01 X-9.67477 Y7.63620
G01 X-9.67523 Y7.63630
G01 X-9.67477 Y7.63620
G01 X-9.67586 Y7.62988
G01 X-9.68153 Y7.57715
G01 X-9.68173 Y7.57450
G01 X-9.68463 Y7.52071
G01 X-9.68470 Y7.51801
G01 X-9.68470 Y6.35307
G01 X-9.68468 Y6.35124
G01 X-9.68331 Y6.31416
G01 X-9.68320 Y6.31233
G01 X-9.68056 Y6.27682
G01 X-9.68168 Y6.27667
G01 X-9.68056 Y6.27682
G01 X-9.67904 Y6.26772
G01 X-9.66906 Y6.22998
G01 X-9.66852 Y6.22813
G01 X-9.57475 Y5.92188
G01 X-9.57358 Y5.91847
G01 X-9.54731 Y5.85050
G01 X-9.54592 Y5.84725
G01 X-9.51584 Y5.78337
G01 X-9.51219 Y5.77689
G01 X-9.51254 Y5.77669
G01 X-9.51219 Y5.77689
G01 X-9.41683 Y5.63415
G01 X-9.41267 Y5.62874
G01 X-9.36809 Y5.57850
G01 X-9.36692 Y5.57527
G01 X-9.35270 Y5.52838
G01 X-9.34556 Y5.49981
G01 X-9.34124 Y5.47070
G01 X-9.33644 Y5.42193
G01 X-9.33500 Y5.39252
G01 X-9.33500 Y4.49252
G01 X-9.33644 Y4.46311
G01 X-9.34124 Y4.41434
G01 X-9.34366 Y4.39783
G01 X-9.33578 Y4.40463
G01 X-9.29418 Y4.44271
G01 X-9.33500 Y4.49252
G01 X-9.43500 Y4.49252
G01 X-9.43596 Y4.47291
G01 X-9.44076 Y4.42414
G01 X-9.44363 Y4.40471
G01 X-9.44841 Y4.38569
G01 X-9.46263 Y4.33877
G01 X-9.47764 Y4.30255
G01 X-9.50073 Y4.25935
G01 X-9.51081 Y4.24251
G01 X-9.52252 Y4.22673
G01 X-9.55361 Y4.18886
G01 X-9.58132 Y4.16112
G01 X-9.61922 Y4.13004
G01 X-9.63251 Y4.12018
G01 X-9.64061 Y4.11497
G01 X-9.64091 Y4.11477
G01 X-9.65181 Y4.10827
G01 X-9.69504 Y4.08515
G01 X-9.72387 Y4.07322
G01 X-9.72478 Y4.07306
G01 X-9.72387 Y4.07322
G01 X-9.69504 Y4.08515
G01 X-9.65181 Y4.10827
G01 X-9.64091 Y4.11477
G01 X-9.64061 Y4.11497
G01 X-9.63251 Y4.12018
G01 X-9.61922 Y4.13004
G01 X-9.58132 Y4.16112
G01 X-9.55361 Y4.18886
G01 X-9.52252 Y4.22673
G01 X-9.51081 Y4.24251
G01 X-9.50073 Y4.25935
G01 X-9.47764 Y4.30255
G01 X-9.46263 Y4.33877
G01 X-9.44841 Y4.38569
G01 X-9.44363 Y4.40471
G01 X-9.44076 Y4.42414
G01 X-9.43596 Y4.47291
G01 X-9.43500 Y4.49252
G01 X-9.53500 Y4.49252
G01 X-9.53548 Y4.48271
G01 X-9.54028 Y4.43395
G01 X-9.54170 Y4.42424
G01 X-9.54409 Y4.41472
G01 X-9.55831 Y4.36780
G01 X-9.56583 Y4.34969
G01 X-9.58892 Y4.30649
G01 X-9.59397 Y4.29806
G01 X-9.59982 Y4.29018
G01 X-9.63091 Y4.25229
G01 X-9.64477 Y4.23844
G01 X-9.68265 Y4.20735
G01 X-9.69054 Y4.20151
G01 X-9.69895 Y4.19646
G01 X-9.74218 Y4.17334
G01 X-9.76029 Y4.16585
G01 X-9.80718 Y4.15163
G01 X-9.81671 Y4.14924
G01 X-9.82641 Y4.14779
G01 X-9.87518 Y4.14299
G01 X-9.88498 Y4.14251
G01 X-10.58498 Y4.14251
G01 X-10.59478 Y4.14299
G01 X-10.64355 Y4.14779
G01 X-10.65328 Y4.14924
G01 X-10.66278 Y4.15163
G01 X-10.70969 Y4.16585
G01 X-10.72780 Y4.17334
G01 X-10.77101 Y4.19646
G01 X-10.77944 Y4.20151
G01 X-10.78732 Y4.20735
G01 X-10.82521 Y4.23844
G01 X-10.83906 Y4.25229
G01 X-10.87015 Y4.29018
G01 X-10.87601 Y4.29806
G01 X-10.88104 Y4.30649
G01 X-10.90416 Y4.34969
G01 X-10.91165 Y4.36780
G01 X-10.92587 Y4.41472
G01 X-10.92826 Y4.42424
G01 X-10.92971 Y4.43395
G01 X-10.93451 Y4.48271
G01 X-10.93499 Y4.49252
G01 X-10.93499 Y5.39252
G01 X-10.93451 Y5.40232
G01 X-10.92971 Y5.45109
G01 X-10.92826 Y5.46079
G01 X-10.92587 Y5.47032
G01 X-10.91165 Y5.51721
G01 X-10.90416 Y5.53532
G01 X-10.90261 Y5.53829
G01 X-10.58498 Y6.26348
G01 X-10.58498 Y7.59269
G01 X-10.58498 Y7.78934
G01 X-11.11792 Y8.32231
G01 X-11.44330 Y8.10143
G01 X-11.44602 Y8.09990
G01 X-11.48267 Y8.06985
G01 X-11.49054 Y8.06399
G01 X-11.49895 Y8.05896
G01 X-11.54218 Y8.03584
G01 X-11.56029 Y8.02835
G01 X-11.60718 Y8.01413
G01 X-11.61670 Y8.01174
G01 X-11.62641 Y8.01029
G01 X-11.67517 Y8.00549
G01 X-11.68498 Y8.00501
G01 X-12.38498 Y8.00501
G01 X-12.39478 Y8.00549
G01 X-12.44355 Y8.01029
G01 X-12.45328 Y8.01174
G01 X-12.46278 Y8.01413
G01 X-12.50969 Y8.02835
G01 X-12.52780 Y8.03584
G01 X-12.57103 Y8.05896
G01 X-12.57944 Y8.06399
G01 X-12.58731 Y8.06985
G01 X-12.62521 Y8.10094
G01 X-12.63905 Y8.11479
G01 X-12.67017 Y8.15268
G01 X-12.67601 Y8.16056
G01 X-12.68104 Y8.16899
G01 X-12.70415 Y8.21220
G01 X-12.71165 Y8.23031
G01 X-12.72587 Y8.27722
G01 X-12.72826 Y8.28672
G01 X-12.72971 Y8.29645
G01 X-12.73451 Y8.34522
G01 X-12.73499 Y8.35502
G01 X-12.73499 Y9.25502
G01 X-12.73451 Y9.26482
G01 X-12.72971 Y9.31359
G01 X-12.72826 Y9.32329
G01 X-12.72587 Y9.33282
G01 X-12.71165 Y9.37971
G01 X-12.70415 Y9.39782
G01 X-12.68104 Y9.44105
G01 X-12.67601 Y9.44946
G01 X-12.67017 Y9.45735
G01 X-12.63905 Y9.49523
G01 X-12.62521 Y9.50909
G01 X-12.58731 Y9.54018
G01 X-12.57944 Y9.54603
G01 X-12.57103 Y9.55108
G01 X-12.52780 Y9.57417
G01 X-12.50969 Y9.58169
G01 X-12.46278 Y9.59591
G01 X-12.45328 Y9.59830
G01 X-12.44355 Y9.59972
G01 X-12.39478 Y9.60452
G01 X-12.38498 Y9.60501
G01 X-11.68498 Y9.60501
G01 X-11.67517 Y9.60452
G01 X-11.62641 Y9.59972
G01 X-11.61670 Y9.59830
G01 X-11.60718 Y9.59591
G01 X-11.56029 Y9.58169
G01 X-11.54218 Y9.57417
G01 X-11.49895 Y9.55108
G01 X-11.49054 Y9.54603
G01 X-11.48267 Y9.54018
G01 X-11.44477 Y9.50909
G01 X-11.43090 Y9.49523
G01 X-11.39981 Y9.45735
G01 X-11.39397 Y9.44946
G01 X-11.38892 Y9.44105
G01 X-11.36984 Y9.40536
G01 X-11.03593 Y9.20503
G01 X-11.03499 Y9.20503
G01 X-11.02519 Y9.20455
G01 X-10.96664 Y9.19878
G01 X-10.94741 Y9.19495
G01 X-10.89115 Y9.17788
G01 X-10.87304 Y9.17039
G01 X-10.82118 Y9.14265
G01 X-10.80487 Y9.13175
G01 X-10.75940 Y9.09447
G01 X-10.75214 Y9.08786
G01 X-9.90213 Y8.23788
G01 X-9.89679 Y8.23211
G01 X-9.86624 Y8.19632
G01 X-9.85699 Y8.18362
G01 X-9.83240 Y8.14349
G01 X-9.82529 Y8.12949
G01 X-9.80726 Y8.08601
G01 X-9.80241 Y8.07107
G01 X-9.79143 Y8.02530
G01 X-9.78897 Y8.00981
G01 X-9.78529 Y7.96287
G01 X-9.78496 Y7.95502
G01 X-9.78496 Y6.25751
G01 X-9.56052 Y5.52442
G01 X-9.55996 Y5.52183
G01 X-9.55831 Y5.51721
G01 X-9.54409 Y5.47032
G01 X-9.54170 Y5.46079
G01 X-9.54028 Y5.45109
G01 X-9.53548 Y5.40232
G01 X-9.53500 Y5.39252
G01 X-9.53500 Y4.49252
G01 X-9.43500 Y4.49252
G01 X-9.43500 Y5.39252
G01 X-9.43596 Y5.41213
G01 X-9.44076 Y5.46089
G01 X-9.44363 Y5.48030
G01 X-9.44841 Y5.49935
G01 X-9.46263 Y5.54624
G01 X-9.46433 Y5.55101
G01 X-9.46489 Y5.55371
G01 X-9.68496 Y6.27247
G01 X-9.68602 Y6.27232
G01 X-9.68496 Y6.27247
G01 X-9.68496 Y7.95502
G01 X-9.68546 Y7.96838
G01 X-9.68927 Y7.97565
G01 X-9.68978 Y7.97669
G01 X-9.70043 Y7.99828
G01 X-9.70096 Y7.99934
G01 X-9.71125 Y8.02157
G01 X-9.71635 Y8.03219
G01 X-9.72412 Y8.04778
G01 X-9.72486 Y8.04933
G01 X-9.73743 Y8.07694
G01 X-9.73812 Y8.07854
G01 X-9.74264 Y8.08949
G01 X-9.75059 Y8.10742
G01 X-9.75402 Y8.11466
G01 X-9.75496 Y8.11677
G01 X-9.76979 Y8.15228
G01 X-9.77063 Y8.15441
G01 X-9.77127 Y8.15616
G01 X-9.78244 Y8.18365
G01 X-9.78272 Y8.18433
G01 X-9.79794 Y8.22342
G01 X-9.79875 Y8.22563
G01 X-9.80043 Y8.23064
G01 X-9.80835 Y8.25230
G01 X-9.81274 Y8.26338
G01 X-9.81295 Y8.26394
G01 X-9.81706 Y8.27468
G01 X-9.81727 Y8.27521
G01 X-9.82834 Y8.30526
G01 X-9.83141 Y8.30859
G01 X-10.68142 Y9.15857
G01 X-10.69598 Y9.17176
G01 X-10.74144 Y9.20907
G01 X-10.77403 Y9.23084
G01 X-10.82590 Y9.25857
G01 X-10.86212 Y9.27356
G01 X-10.91841 Y9.29065
G01 X-10.95686 Y9.29830
G01 X-11.00492 Y9.30302
G01 X-11.00543 Y9.30168
G01 X-11.00492 Y9.30302
G01 X-11.29468 Y9.47689
G01 X-11.29610 Y9.47534
G01 X-11.29468 Y9.47689
G01 X-11.30073 Y9.48819
G01 X-11.31084 Y9.50503
G01 X-11.32252 Y9.52078
G01 X-11.35361 Y9.55868
G01 X-11.38132 Y9.58639
G01 X-11.41922 Y9.61748
G01 X-11.43288 Y9.62761
G01 X-11.43987 Y9.63211
G01 X-11.45181 Y9.63927
G01 X-11.49504 Y9.66236
G01 X-11.53126 Y9.67737
G01 X-11.57815 Y9.69159
G01 X-11.59720 Y9.69637
G01 X-11.61660 Y9.69924
G01 X-11.66539 Y9.70404
G01 X-11.68498 Y9.70500
G01 X-12.38498 Y9.70500
G01 X-12.40459 Y9.70404
G01 X-12.45335 Y9.69924
G01 X-12.47278 Y9.69637
G01 X-12.49181 Y9.69159
G01 X-12.53872 Y9.67737
G01 X-12.57494 Y9.66236
G01 X-12.61815 Y9.63927
G01 X-12.62958 Y9.63239
G01 X-12.63728 Y9.62748
G01 X-12.65076 Y9.61748
G01 X-12.68863 Y9.58639
G01 X-12.71637 Y9.55868
G01 X-12.74746 Y9.52078
G01 X-12.75914 Y9.50503
G01 X-12.76923 Y9.48819
G01 X-12.79234 Y9.44496
G01 X-12.80735 Y9.40874
G01 X-12.82158 Y9.36185
G01 X-12.82635 Y9.34280
G01 X-12.82922 Y9.32340
G01 X-12.83402 Y9.27463
G01 X-12.83499 Y9.25502
G01 X-12.83499 Y8.35502
G01 X-12.83402 Y8.33541
G01 X-12.82922 Y8.28664
G01 X-12.82635 Y8.26721
G01 X-12.82158 Y8.24819
G01 X-12.80735 Y8.20127
G01 X-12.79234 Y8.16505
G01 X-12.76923 Y8.12185
G01 X-12.75914 Y8.10501
G01 X-12.74746 Y8.08923
G01 X-12.71637 Y8.05136
G01 X-12.68863 Y8.02363
G01 X-12.65076 Y7.99254
G01 X-12.63761 Y7.98278
G01 X-12.62874 Y7.97709
G01 X-12.61815 Y7.97077
G01 X-12.57494 Y7.94766
G01 X-12.53872 Y7.93264
G01 X-12.49181 Y7.91842
G01 X-12.47278 Y7.91367
G01 X-12.45335 Y7.91077
G01 X-12.40459 Y7.90597
G01 X-12.38498 Y7.90501
G01 X-11.68498 Y7.90501
G01 X-11.66539 Y7.90597
G01 X-11.61660 Y7.91077
G01 X-11.59720 Y7.91367
G01 X-11.57815 Y7.91842
G01 X-11.53126 Y7.93264
G01 X-11.49504 Y7.94766
G01 X-11.45181 Y7.97077
G01 X-11.44066 Y7.97745
G01 X-11.43253 Y7.98268
G01 X-11.41922 Y7.99254
G01 X-11.38780 Y8.01832
G01 X-11.38711 Y8.01872
G01 X-11.13022 Y8.19317
G01 X-11.12750 Y8.22327
G01 X-11.13022 Y8.19317
G01 X-10.68498 Y7.74793
G01 X-10.67736 Y7.75108
G01 X-10.68498 Y7.74793
G01 X-10.68498 Y7.59269
G01 X-10.68498 Y6.28441
G01 X-10.68285 Y6.28398
G01 X-10.68498 Y6.28441
G01 X-10.99420 Y5.57842
G01 X-10.99486 Y5.57636
G01 X-11.00736 Y5.54624
G01 X-11.02158 Y5.49935
G01 X-11.02633 Y5.48030
G01 X-11.02923 Y5.46089
G01 X-11.03403 Y5.41213
G01 X-11.03499 Y5.39252
G01 X-11.03499 Y4.49252
G01 X-11.03403 Y4.47291
G01 X-11.02923 Y4.42414
G01 X-11.02633 Y4.40471
G01 X-11.02158 Y4.38569
G01 X-11.00736 Y4.33877
G01 X-10.99235 Y4.30255
G01 X-10.96923 Y4.25935
G01 X-10.96308 Y4.24906
G01 X-10.96283 Y4.24863
G01 X-10.95709 Y4.23974
G01 X-10.94746 Y4.22673
G01 X-10.91637 Y4.18886
G01 X-10.88864 Y4.16112
G01 X-10.85077 Y4.13004
G01 X-10.83763 Y4.12031
G01 X-10.83134 Y4.11627
G01 X-10.82887 Y4.11469
G01 X-10.81815 Y4.10827
G01 X-10.77495 Y4.08515
G01 X-10.74612 Y4.07322
G04 P0 ( dwell for no time -- G64 should not smooth over this point )
G00 Z5.00000 ( retract )

G00 X-12.68015 Y3.88452 ( rapid move to begin. )
G01 F150.00000
( Mill infeed pass 1/1 )
G01 Z-0.06000
G04 P0 ( dwell for no time -- G64 should not smooth over this point )
G01 F300.00000
G01 X-12.68015 Y3.88452
G01 X-12.88498 Y4.08932
G01 X-12.88495 Y3.80471
G01 X-12.80580 Y3.82592
G01 X-12.68015 Y3.88452
G04 P0 ( dwell for no time -- G64 should not smooth over this point )
G00 Z5.00000 ( retract )

G00 X-12.03466 Y4.65500 ( rapid move to begin. )
G01 F150.00000
( Mill infeed pass 1/1 )
G01 Z-0.06000
G04 P0 ( dwell for no time -- G64 should not smooth over this point )
G01 F300.00000
G01 X-12.03466 Y4.65500
G01 X-12.31927 Y4.65500
G01 X-12.11447 Y4.45020
G01 X-12.05587 Y4.57586
G01 X-12.03466 Y4.65500
G04 P0 ( dwell for no time -- G64 should not smooth over this point )
G00 Z5.00000 ( retract )

G00 X-12.03466 Y5.35503 ( rapid move to begin. )
G01 F150.00000
( Mill infeed pass 1/1 )
G01 Z-0.06000
G04 P0 ( dwell for no time -- G64 should not smooth over this point )
G01 F300.00000
G01 X-12.03466 Y5.35503
G01 X-12.35269 Y5.35503
G01 X-12.35399 Y5.35932
G01 X-12.36151 Y5.37743
G01 X-12.44004 Y5.52439
G01 X-12.45094 Y5.54067
G01 X-12.55666 Y5.66950
G01 X-12.56323 Y5.67677
G01 X-12.57050 Y5.68335
G01 X-12.69930 Y5.78906
G01 X-12.71561 Y5.79996
G01 X-12.83496 Y5.86376
G01 X-12.83496 Y6.00501
G01 X-12.83545 Y6.01482
G01 X-12.84121 Y6.07336
G01 X-12.84266 Y6.08307
G01 X-12.84505 Y6.09259
G01 X-12.86212 Y6.14885
G01 X-12.86961 Y6.16696
G01 X-12.88495 Y6.19566
G01 X-12.88495 Y6.20534
G01 X-12.80580 Y6.18413
G01 X-12.60761 Y6.09170
G01 X-12.42841 Y5.96623
G01 X-12.27375 Y5.81157
G01 X-12.14830 Y5.63242
G01 X-12.05587 Y5.43417
G01 X-12.03466 Y5.35503
G01 X-12.10332 Y5.40875
G01 X-12.17593 Y5.45503
G01 X-12.28957 Y5.45503
G01 X-12.29755 Y5.44136
G01 X-12.28957 Y5.45503
G01 X-12.35186 Y5.57154
G01 X-12.37365 Y5.60412
G01 X-12.47934 Y5.73293
G01 X-12.49252 Y5.74748
G01 X-12.50707 Y5.76066
G01 X-12.63588 Y5.86635
G01 X-12.66847 Y5.88815
G01 X-12.73496 Y5.92368
G01 X-12.74764 Y5.91621
G01 X-12.73496 Y5.92368
G01 X-12.73496 Y6.00501
G01 X-12.73593 Y6.02462
G01 X-12.73766 Y6.04202
G01 X-12.78658 Y6.11692
G01 X-12.73766 Y6.04202
G01 X-12.65780 Y6.00476
G01 X-12.65760 Y6.00509
G01 X-12.65780 Y6.00476
G01 X-12.49293 Y5.88934
G01 X-12.49267 Y5.88962
G01 X-12.49293 Y5.88934
G01 X-12.35064 Y5.74705
G01 X-12.35036 Y5.74730
G01 X-12.35064 Y5.74705
G01 X-12.23524 Y5.58223
G01 X-12.23491 Y5.58241
G01 X-12.23524 Y5.58223
G01 X-12.17593 Y5.45503
G04 P0 ( dwell for no time -- G64 should not smooth over this point )
G00 Z5.00000 ( retract )

G00 X-13.33499 Y8.35502 ( rapid move to begin. )
G01 F150.00000
( Mill infeed pass 1/1 )
G01 Z-0.06000
G04 P0 ( dwell for no time -- G64 should not smooth over this point )
G01 F300.00000
G01 X-13.33499 Y8.35502
G01 X-13.33499 Y9.25502
G01 X-13.33547 Y9.26482
G01 X-13.34027 Y9.31359
G01 X-13.34172 Y9.32329
G01 X-13.34411 Y9.33282
G01 X-13.35833 Y9.37971
G01 X-13.36582 Y9.39782
G01 X-13.38894 Y9.44105
G01 X-13.39397 Y9.44946
G01 X-13.39981 Y9.45735
G01 X-13.43090 Y9.49523
G01 X-13.44477 Y9.50909
G01 X-13.48266 Y9.54018
G01 X-13.49054 Y9.54603
G01 X-13.49894 Y9.55108
G01 X-13.54218 Y9.57417
G01 X-13.56029 Y9.58169
G01 X-13.60717 Y9.59591
G01 X-13.61670 Y9.59830
G01 X-13.62640 Y9.59972
G01 X-13.67520 Y9.60452
G01 X-13.68500 Y9.60501
G01 X-14.38500 Y9.60501
G01 X-14.39478 Y9.60452
G01 X-14.44357 Y9.59972
G01 X-14.45327 Y9.59830
G01 X-14.46280 Y9.59591
G01 X-14.50969 Y9.58169
G01 X-14.52780 Y9.57417
G01 X-14.57103 Y9.55108
G01 X-14.57944 Y9.54603
G01 X-14.58731 Y9.54018
G01 X-14.62521 Y9.50909
G01 X-14.63907 Y9.49523
G01 X-14.64883 Y9.48334
G01 X-15.16816 Y9.24560
G01 X-15.92271 Y9.73386
G01 X-15.92731 Y9.73642
G01 X-15.92942 Y9.73815
G01 X-15.94672 Y9.74740
G01 X-15.96549 Y9.75309
G01 X-15.98500 Y9.75502
G01 X-17.68499 Y9.75502
G01 X-17.70450 Y9.75309
G01 X-17.72324 Y9.74740
G01 X-17.74054 Y9.73815
G01 X-17.75571 Y9.72573
G01 X-17.76813 Y9.71057
G01 X-17.77737 Y9.69327
G01 X-17.78306 Y9.67452
G01 X-17.78499 Y9.65502
G01 X-17.78499 Y7.95502
G01 X-17.78306 Y7.93551
G01 X-17.77737 Y7.91674
G01 X-17.76813 Y7.89945
G01 X-17.75571 Y7.88431
G01 X-17.74054 Y7.87186
G01 X-17.72324 Y7.86262
G01 X-17.70450 Y7.85693
G01 X-17.68499 Y7.85502
G01 X-15.98500 Y7.85502
G01 X-15.96549 Y7.85693
G01 X-15.94672 Y7.86262
G01 X-15.92942 Y7.87186
G01 X-15.92706 Y7.87382
G01 X-15.92271 Y7.87620
G01 X-15.16816 Y8.36444
G01 X-14.64885 Y8.12673
G01 X-14.63907 Y8.11479
G01 X-14.62521 Y8.10094
G01 X-14.58731 Y8.06985
G01 X-14.57944 Y8.06399
G01 X-14.57103 Y8.05896
G01 X-14.52780 Y8.03584
G01 X-14.50969 Y8.02835
G01 X-14.46280 Y8.01413
G01 X-14.45327 Y8.01174
G01 X-14.44357 Y8.01029
G01 X-14.39478 Y8.00549
G01 X-14.38500 Y8.00501
G01 X-13.68500 Y8.00501
G01 X-13.67520 Y8.00549
G01 X-13.62640 Y8.01029
G01 X-13.61670 Y8.01174
G01 X-13.60717 Y8.01413
G01 X-13.56029 Y8.02835
G01 X-13.54218 Y8.03584
G01 X-13.49894 Y8.05896
G01 X-13.49054 Y8.06399
G01 X-13.48266 Y8.06985
G01 X-13.44477 Y8.10094
G01 X-13.43090 Y8.11479
G01 X-13.39981 Y8.15268
G01 X-13.39397 Y8.16056
G01 X-13.38894 Y8.16899
G01 X-13.36582 Y8.21220
G01 X-13.35833 Y8.23031
G01 X-13.34411 Y8.27722
G01 X-13.34172 Y8.28672
G01 X-13.34027 Y8.29645
G01 X-13.33547 Y8.34522
G01 X-13.33499 Y8.35502
G01 X-13.23499 Y8.35502
G01 X-13.23499 Y9.25502
G01 X-13.23595 Y9.27463
G01 X-13.24075 Y9.32340
G01 X-13.24362 Y9.34280
G01 X-13.24840 Y9.36185
G01 X-13.26262 Y9.40874
G01 X-13.27763 Y9.44496
G01 X-13.30072 Y9.48819
G01 X-13.31083 Y9.50503
G01 X-13.32252 Y9.52078
G01 X-13.35361 Y9.55868
G01 X-13.38134 Y9.58639
G01 X-13.41921 Y9.61748
G01 X-13.43288 Y9.62761
G01 X-13.43981 Y9.63208
G01 X-13.45183 Y9.63927
G01 X-13.49503 Y9.66236
G01 X-13.53125 Y9.67737
G01 X-13.57817 Y9.69159
G01 X-13.59719 Y9.69637
G01 X-13.61662 Y9.69924
G01 X-13.66539 Y9.70404
G01 X-13.68500 Y9.70500
G01 X-14.38500 Y9.70500
G01 X-14.40458 Y9.70404
G01 X-14.45338 Y9.69924
G01 X-14.47278 Y9.69637
G01 X-14.49181 Y9.69159
G01 X-14.53872 Y9.67737
G01 X-14.57494 Y9.66236
G01 X-14.61817 Y9.63927
G01 X-14.62975 Y9.63231
G01 X-14.63727 Y9.62748
G01 X-14.65076 Y9.61748
G01 X-14.68863 Y9.58639
G01 X-14.70948 Y9.56553
G01 X-14.70925 Y9.56513
G01 X-14.70948 Y9.56553
G01 X-15.15988 Y9.35936
G01 X-15.16092 Y9.34532
G01 X-15.15988 Y9.35936
G01 X-15.86838 Y9.81781
G01 X-15.87222 Y9.81997
G01 X-15.87387 Y9.82131
G01 X-15.90844 Y9.83978
G01 X-15.94598 Y9.85118
G01 X-15.98500 Y9.85502
G01 X-17.68499 Y9.85502
G01 X-17.72401 Y9.85118
G01 X-17.74455 Y9.84493
G01 X-17.76808 Y9.83627
G01 X-17.79175 Y9.82362
G01 X-17.79579 Y9.82057
G01 X-17.80899 Y9.81072
G01 X-17.82642 Y9.79644
G01 X-17.84069 Y9.77902
G01 X-17.85360 Y9.76180
G01 X-17.86841 Y9.73406
G01 X-17.87089 Y9.72779
G01 X-17.88116 Y9.69403
G01 X-17.88499 Y9.65502
G01 X-17.88499 Y7.95502
G01 X-17.88116 Y7.91601
G01 X-17.87503 Y7.89584
G01 X-17.86617 Y7.87176
G01 X-17.85367 Y7.84837
G01 X-17.85004 Y7.84352
G01 X-17.84041 Y7.83064
G01 X-17.84026 Y7.83043
G01 X-17.82642 Y7.81359
G01 X-17.80935 Y7.79960
G01 X-17.80569 Y7.79686
G01 X-17.79160 Y7.78631
G01 X-17.76823 Y7.77382
G01 X-17.75327 Y7.76831
G01 X-17.74417 Y7.76498
G01 X-17.72401 Y7.75886
G01 X-17.68499 Y7.75502
G01 X-15.98500 Y7.75502
G01 X-15.94598 Y7.75886
G01 X-15.90844 Y7.77024
G01 X-15.87387 Y7.78873
G01 X-15.87199 Y7.79028
G01 X-15.86838 Y7.79226
G01 X-15.15990 Y8.25070
G01 X-15.16092 Y8.26472
G01 X-15.15990 Y8.25070
G01 X-14.70951 Y8.04451
G01 X-14.70898 Y8.04534
G01 X-14.70951 Y8.04451
G01 X-14.68863 Y8.02363
G01 X-14.65076 Y7.99254
G01 X-14.63758 Y7.98278
G01 X-14.63290 Y7.97976
G01 X-14.62886 Y7.97717
G01 X-14.61817 Y7.97077
G01 X-14.57494 Y7.94766
G01 X-14.53872 Y7.93264
G01 X-14.49181 Y7.91842
G01 X-14.47278 Y7.91367
G01 X-14.45338 Y7.91077
G01 X-14.40458 Y7.90597
G01 X-14.38500 Y7.90501
G01 X-13.68500 Y7.90501
G01 X-13.66539 Y7.90597
G01 X-13.61662 Y7.91077
G01 X-13.59719 Y7.91367
G01 X-13.57817 Y7.91842
G01 X-13.53125 Y7.93264
G01 X-13.49503 Y7.94766
G01 X-13.45183 Y7.97077
G01 X-13.44103 Y7.97720
G01 X-13.44055 Y7.97750
G01 X-13.43242 Y7.98273
G01 X-13.41921 Y7.99254
G01 X-13.38134 Y8.02363
G01 X-13.35361 Y8.05136
G01 X-13.32252 Y8.08923
G01 X-13.31083 Y8.10501
G01 X-13.30072 Y8.12185
G01 X-13.27763 Y8.16505
G01 X-13.26262 Y8.20127
G01 X-13.24840 Y8.24819
G01 X-13.24362 Y8.26721
G01 X-13.24075 Y8.28664
G01 X-13.23595 Y8.33541
G01 X-13.23499 Y8.35502
G01 X-13.13499 Y8.35502
G01 X-13.13644 Y8.32561
G01 X-13.14124 Y8.27684
G01 X-13.14370 Y8.26005
G01 X-13.13608 Y8.26660
G01 X-13.09389 Y8.30521
G01 X-13.13499 Y8.35502
G01 X-13.13499 Y9.25502
G01 X-13.13644 Y9.28441
G01 X-13.14124 Y9.33320
G01 X-13.14329 Y9.34727
G01 X-13.15952 Y9.36200
G01 X-13.16090 Y9.36330
G01 X-13.20080 Y9.40241
G01 X-13.20220 Y9.40384
G01 X-13.23349 Y9.43703
G01 X-13.24347 Y9.44737
G01 X-13.27908 Y9.48329
G01 X-13.31584 Y9.51953
G01 X-13.31680 Y9.52052
G01 X-13.33684 Y9.54138
G01 X-13.33781 Y9.54242
G01 X-13.35053 Y9.55647
G01 X-13.38345 Y9.58941
G01 X-13.40542 Y9.60932
G01 X-13.41449 Y9.61580
G01 X-13.43288 Y9.62761
G01 X-13.43981 Y9.63208
G01 X-13.45401 Y9.64120
G01 X-13.49419 Y9.66429
G01 X-13.53278 Y9.67851
G01 X-13.57784 Y9.69281
G01 X-13.59549 Y9.69797
G01 X-13.61721 Y9.70074
G01 X-13.65147 Y9.70417
G01 X-13.66224 Y9.70470
G01 X-13.68561 Y9.70526
G01 X-14.38436 Y9.70526
G01 X-14.40771 Y9.70470
G01 X-14.41845 Y9.70417
G01 X-14.45274 Y9.70074
G01 X-14.47446 Y9.69797
G01 X-14.49214 Y9.69281
G01 X-14.53717 Y9.67851
G01 X-14.57575 Y9.66426
G01 X-14.61594 Y9.64120
G01 X-14.62975 Y9.63231
G01 X-14.63727 Y9.62748
G01 X-14.65546 Y9.61580
G01 X-14.67039 Y9.60513
G01 X-14.68485 Y9.59378
G01 X-14.68561 Y9.59317
G01 X-14.69206 Y9.58829
G01 X-14.71289 Y9.57165
G01 X-14.71934 Y9.56726
G01 X-14.72622 Y9.56335
G01 X-14.72607 Y9.56310
G01 X-14.72622 Y9.56335
G01 X-14.72818 Y9.56228
G01 X-14.76839 Y9.54166
G01 X-14.77039 Y9.54069
G01 X-14.94680 Y9.45995
G01 X-14.94669 Y9.45967
G01 X-14.94680 Y9.45995
G01 X-14.94928 Y9.45888
G01 X-15.00039 Y9.43876
G01 X-15.00290 Y9.43785
G01 X-15.05368 Y9.42093
G01 X-15.05754 Y9.41984
G01 X-15.14154 Y9.39919
G01 X-15.14923 Y9.39794
G01 X-15.15706 Y9.39789
G01 X-15.15754 Y9.39111
G01 X-15.15706 Y9.39789
G01 X-15.16478 Y9.39906
G01 X-15.17222 Y9.40140
G01 X-15.21985 Y9.42070
G01 X-15.22198 Y9.42162
G01 X-15.28611 Y9.45113
G01 X-15.28929 Y9.45273
G01 X-15.35314 Y9.48783
G01 X-15.35624 Y9.48969
G01 X-15.85248 Y9.81080
G01 X-15.86470 Y9.81814
G01 X-15.86503 Y9.81834
G01 X-15.88207 Y9.82875
G01 X-15.91311 Y9.84194
G01 X-15.92104 Y9.84496
G01 X-15.93501 Y9.85004
G01 X-15.94547 Y9.85291
G01 X-15.95485 Y9.85420
G01 X-15.98583 Y9.85527
G01 X-17.68413 Y9.85527
G01 X-17.71504 Y9.85423
G01 X-17.72185 Y9.85329
G01 X-17.74455 Y9.84493
G01 X-17.76808 Y9.83627
G01 X-17.78138 Y9.83140
G01 X-17.79175 Y9.82362
G01 X-17.79579 Y9.82057
G01 X-17.80899 Y9.81072
G01 X-17.82713 Y9.79716
G01 X-17.84069 Y9.77902
G01 X-17.85360 Y9.76180
G01 X-17.86172 Y9.75095
G01 X-17.86841 Y9.73406
G01 X-17.87089 Y9.72779
G01 X-17.87727 Y9.71179
G01 X-17.88306 Y9.69317
G01 X-17.88418 Y9.68512
G01 X-17.88522 Y9.65418
G01 X-17.88522 Y7.95588
G01 X-17.88418 Y7.92495
G01 X-17.88324 Y7.91814
G01 X-17.87503 Y7.89584
G01 X-17.86617 Y7.87176
G01 X-17.86134 Y7.85860
G01 X-17.85367 Y7.84837
G01 X-17.85004 Y7.84352
G01 X-17.84041 Y7.83064
G01 X-17.84026 Y7.83043
G01 X-17.82710 Y7.81288
G01 X-17.80935 Y7.79960
G01 X-17.80569 Y7.79686
G01 X-17.79160 Y7.78631
G01 X-17.78138 Y7.77867
G01 X-17.76823 Y7.77382
G01 X-17.75327 Y7.76831
G01 X-17.74417 Y7.76498
G01 X-17.72190 Y7.75677
G01 X-17.71512 Y7.75583
G01 X-17.68413 Y7.75479
G01 X-15.98583 Y7.75479
G01 X-15.95487 Y7.75583
G01 X-15.94486 Y7.75723
G01 X-15.93674 Y7.75942
G01 X-15.92124 Y7.76505
G01 X-15.91388 Y7.76782
G01 X-15.88182 Y7.78141
G01 X-15.86495 Y7.79172
G01 X-15.86468 Y7.79190
G01 X-15.85332 Y7.79871
G01 X-15.35622 Y8.12038
G01 X-15.35391 Y8.12177
G01 X-15.35403 Y8.12200
G01 X-15.35391 Y8.12177
G01 X-15.30621 Y8.14910
G01 X-15.30384 Y8.15037
G01 X-15.25604 Y8.17443
G01 X-15.25238 Y8.17608
G01 X-15.17227 Y8.20861
G01 X-15.16483 Y8.21098
G01 X-15.15711 Y8.21217
G01 X-15.15759 Y8.21895
G01 X-15.15711 Y8.21217
G01 X-15.14928 Y8.21212
G01 X-15.14159 Y8.21088
G01 X-15.09165 Y8.19866
G01 X-15.08939 Y8.19805
G01 X-15.02170 Y8.17811
G01 X-15.01835 Y8.17697
G01 X-14.95010 Y8.15149
G01 X-14.94677 Y8.15009
G01 X-14.94667 Y8.15037
G01 X-14.94677 Y8.15009
G01 X-14.77039 Y8.06935
G01 X-14.76839 Y8.06838
G01 X-14.72818 Y8.04776
G01 X-14.72622 Y8.04669
G01 X-14.72607 Y8.04694
G01 X-14.72622 Y8.04669
G01 X-14.71934 Y8.04278
G01 X-14.71289 Y8.03841
G01 X-14.69198 Y8.02170
G01 X-14.68561 Y8.01687
G01 X-14.68485 Y8.01629
G01 X-14.67052 Y8.00501
G01 X-14.65538 Y7.99421
G01 X-14.63758 Y7.98278
G01 X-14.63290 Y7.97976
G01 X-14.62886 Y7.97717
G01 X-14.61604 Y7.96894
G01 X-14.57575 Y7.94578
G01 X-14.53717 Y7.93153
G01 X-14.49211 Y7.91723
G01 X-14.47428 Y7.91202
G01 X-14.45983 Y7.91009
G01 X-14.41837 Y7.90587
G01 X-14.40771 Y7.90534
G01 X-14.38436 Y7.90478
G01 X-13.68561 Y7.90478
G01 X-13.66224 Y7.90534
G01 X-13.65152 Y7.90587
G01 X-13.61723 Y7.90930
G01 X-13.59552 Y7.91207
G01 X-13.57784 Y7.91723
G01 X-13.53278 Y7.93153
G01 X-13.49419 Y7.94578
G01 X-13.45391 Y7.96894
G01 X-13.44103 Y7.97720
G01 X-13.44055 Y7.97750
G01 X-13.43242 Y7.98273
G01 X-13.41457 Y7.99421
G01 X-13.40540 Y8.00074
G01 X-13.38353 Y8.02058
G01 X-13.35053 Y8.05357
G01 X-13.33778 Y8.06764
G01 X-13.33682 Y8.06869
G01 X-13.31680 Y8.08951
G01 X-13.31581 Y8.09053
G01 X-13.29770 Y8.10834
G01 X-13.28061 Y8.12599
G01 X-13.26166 Y8.14654
G01 X-13.26100 Y8.14725
G01 X-13.24561 Y8.16328
G01 X-13.24494 Y8.16396
G01 X-13.20159 Y8.20740
G01 X-13.20014 Y8.20879
G01 X-13.15846 Y8.24738
G01 X-13.15704 Y8.24865
G01 X-13.14370 Y8.26005
G01 X-13.13608 Y8.26660
G01 X-13.09389 Y8.30521
G01 X-13.08498 Y8.31387
G01 X-13.08498 Y9.29462
G01 X-13.09498 Y9.30341
G01 X-13.09562 Y9.30396
G01 X-13.14329 Y9.34727

G04 P0 ( dwell for no time -- G64 should not smooth over this point )
G00 Z30.000000 ( retract )

M5 ( Spindle off. )
G04 P1.000000
M9 ( Coolant off. )
M2 ( Program end. )

