( pcb2gcode 2.5.0 )
( Software-independent Gcode )

G94 ( Millimeters per minute feed rate. )
G21 ( Units == Millimeters. )

G90 ( Absolute coordinates. )
G00 S10000 ( RPM spindle speed. )
G01 F300.00000 ( Feedrate. )


G00 Z30.00000 (Retract to tool change height)
T1
M5      (Spindle stop.)
G04 P1.00000 (Wait for spindle to stop)
(MSG, Change tool bit to mill diameter 0.20000mm)
;M6      (Tool change.)
M0      (Temporary machine stop.)
M3 ( Spindle on clockwise. )
G04 P1.00000 (Wait for spindle to get up to speed)
G04 P0 ( dwell for no time -- G64 should not smooth over this point )
G00 Z5.00000 ( retract )

G00 X-7.92832 Y2.83538 ( rapid move to begin. )
G01 F150.00000
( Mill infeed pass 1/1 )
G01 Z-0.06000
G04 P0 ( dwell for no time -- G64 should not smooth over this point )
G01 F300.00000
G01 X-7.92832 Y2.83538
G01 X-7.90254 Y2.75060
G01 X-7.88585 Y2.70391
G01 X-7.84493 Y2.60544
G01 X-7.83457 Y2.58352
G01 X-7.83107 Y2.58065
G01 X-7.79167 Y2.55141
G01 X-7.74958 Y2.52619
G01 X-7.70635 Y2.50308
G01 X-7.61580 Y2.46556
G01 X-7.56891 Y2.45134
G01 X-7.52131 Y2.43942
G01 X-7.47277 Y2.43224
G01 X-7.42400 Y2.42741
G01 X-7.37498 Y2.42502
G01 X-6.67498 Y2.42502
G01 X-6.62599 Y2.42741
G01 X-6.57719 Y2.43224
G01 X-6.52868 Y2.43942
G01 X-6.48108 Y2.45134
G01 X-6.43417 Y2.46556
G01 X-6.34362 Y2.50308
G01 X-6.30038 Y2.52619
G01 X-6.25830 Y2.55141
G01 X-6.21890 Y2.58065
G01 X-6.18101 Y2.61174
G01 X-6.11171 Y2.68103
G01 X-6.08062 Y2.71893
G01 X-6.05139 Y2.75835
G01 X-6.02617 Y2.80043
G01 X-6.00305 Y2.84364
G01 X-5.96554 Y2.93419
G01 X-5.95131 Y2.98110
G01 X-5.93940 Y3.02870
G01 X-5.93219 Y3.07724
G01 X-5.92739 Y3.12601
G01 X-5.92500 Y3.17501
G01 X-5.82500 Y3.17501
G01 X-5.72500 Y3.17501
G01 X-5.82500 Y3.17501
G01 X-5.92500 Y3.17501
G01 X-6.02500 Y3.17501
G01 X-6.12500 Y3.17501
G01 X-6.22500 Y3.17501
G01 X-6.22500 Y4.07501
G01 X-6.22596 Y4.09461
G01 X-6.23076 Y4.14338
G01 X-6.23363 Y4.16281
G01 X-6.23841 Y4.18184
G01 X-6.25263 Y4.22875
G01 X-6.26764 Y4.26497
G01 X-6.29073 Y4.30818
G01 X-6.30082 Y4.32502
G01 X-6.31253 Y4.34079
G01 X-6.34362 Y4.37866
G01 X-6.37133 Y4.40640
G01 X-6.40922 Y4.43749
G01 X-6.42497 Y4.44917
G01 X-6.44181 Y4.45926
G01 X-6.48504 Y4.48237
G01 X-6.52126 Y4.49738
G01 X-6.52497 Y4.49850
G01 X-6.54006 Y4.48913
G01 X-6.52497 Y4.49850
G01 X-6.52497 Y4.98958
G01 X-6.53145 Y4.99205
G01 X-6.52497 Y4.98958
G01 X-6.51527 Y4.99756
G01 X-6.50071 Y5.01074
G01 X-6.48753 Y5.02530
G01 X-6.43780 Y5.08590
G01 X-6.42611 Y5.10167
G01 X-6.41601 Y5.11851
G01 X-6.37905 Y5.18765
G01 X-6.36404 Y5.22387
G01 X-6.34128 Y5.29893
G01 X-6.33650 Y5.31796
G01 X-6.33363 Y5.33736
G01 X-6.32596 Y5.41541
G01 X-6.32500 Y5.43502
G01 X-6.32500 Y6.41501
G01 X-6.32596 Y6.43462
G01 X-6.33363 Y6.51264
G01 X-6.33650 Y6.53208
G01 X-6.34128 Y6.55110
G01 X-6.36404 Y6.62613
G01 X-6.37905 Y6.66238
G01 X-6.41601 Y6.73152
G01 X-6.42611 Y6.74836
G01 X-6.43780 Y6.76413
G01 X-6.48753 Y6.82473
G01 X-6.50071 Y6.83929
G01 X-6.51527 Y6.85245
G01 X-6.57587 Y6.90220
G01 X-6.60849 Y6.92400
G01 X-6.67763 Y6.96095
G01 X-6.71385 Y6.97594
G01 X-6.78890 Y6.99872
G01 X-6.82736 Y7.00637
G01 X-6.90539 Y7.01404
G01 X-6.92500 Y7.01501
G01 X-7.72499 Y7.01501
G01 X-7.74458 Y7.01404
G01 X-7.82263 Y7.00637
G01 X-7.86109 Y6.99872
G01 X-7.93612 Y6.97594
G01 X-7.97234 Y6.96095
G01 X-8.04150 Y6.92400
G01 X-8.07409 Y6.90220
G01 X-8.13470 Y6.85245
G01 X-8.14925 Y6.83929
G01 X-8.16243 Y6.82473
G01 X-8.21217 Y6.76413
G01 X-8.22388 Y6.74836
G01 X-8.23396 Y6.73152
G01 X-8.27092 Y6.66238
G01 X-8.28593 Y6.62613
G01 X-8.30869 Y6.55110
G01 X-8.31280 Y6.53467
G01 X-8.31346 Y6.53208
G01 X-8.31633 Y6.51264
G01 X-8.32403 Y6.43462
G01 X-8.32499 Y6.41501
G01 X-8.32499 Y5.43502
G01 X-8.32403 Y5.41541
G01 X-8.31633 Y5.33736
G01 X-8.31346 Y5.31796
G01 X-8.30869 Y5.29893
G01 X-8.28593 Y5.22387
G01 X-8.27092 Y5.18765
G01 X-8.23396 Y5.11851
G01 X-8.22388 Y5.10167
G01 X-8.21217 Y5.08590
G01 X-8.19967 Y5.07069
G01 X-8.16243 Y5.02530
G01 X-8.14925 Y5.01074
G01 X-8.13470 Y4.99756
G01 X-8.07409 Y4.94783
G01 X-8.04150 Y4.92603
G01 X-7.97234 Y4.88908
G01 X-7.93612 Y4.87406
G01 X-7.86109 Y4.85131
G01 X-7.82263 Y4.84366
G01 X-7.74458 Y4.83596
G01 X-7.72499 Y4.83502
G01 X-7.52500 Y4.83502
G01 X-7.49673 Y4.86248
G01 X-7.52500 Y4.83502
G01 X-7.52497 Y4.49850
G01 X-7.51059 Y4.48984
G01 X-7.52497 Y4.49850
G01 X-7.52870 Y4.49738
G01 X-7.56495 Y4.48237
G01 X-7.60815 Y4.45926
G01 X-7.62500 Y4.44917
G01 X-7.64077 Y4.43749
G01 X-7.67864 Y4.40640
G01 X-7.70638 Y4.37866
G01 X-7.73747 Y4.34079
G01 X-7.74915 Y4.32502
G01 X-7.75923 Y4.30818
G01 X-7.78235 Y4.26497
G01 X-7.79733 Y4.22875
G01 X-7.81158 Y4.18184
G01 X-7.81633 Y4.16281
G01 X-7.81923 Y4.14338
G01 X-7.82403 Y4.09461
G01 X-7.82499 Y4.07501
G01 X-7.82499 Y3.17501
G01 X-7.82403 Y3.15540
G01 X-7.81923 Y3.10663
G01 X-7.81633 Y3.08723
G01 X-7.81158 Y3.06818
G01 X-7.79733 Y3.02129
G01 X-7.78235 Y2.98507
G01 X-7.75923 Y2.94184
G01 X-7.74915 Y2.92500
G01 X-7.73747 Y2.90925
G01 X-7.70638 Y2.87135
G01 X-7.67864 Y2.84364
G01 X-7.64077 Y2.81255
G01 X-7.62500 Y2.80084
G01 X-7.60815 Y2.79076
G01 X-7.56495 Y2.76767
G01 X-7.52870 Y2.75266
G01 X-7.48182 Y2.73843
G01 X-7.46279 Y2.73366
G01 X-7.44336 Y2.73079
G01 X-7.39459 Y2.72599
G01 X-7.37498 Y2.72502
G01 X-6.67498 Y2.72502
G01 X-6.65538 Y2.72599
G01 X-6.60661 Y2.73079
G01 X-6.58720 Y2.73366
G01 X-6.56815 Y2.73843
G01 X-6.52126 Y2.75266
G01 X-6.48504 Y2.76767
G01 X-6.44181 Y2.79076
G01 X-6.42497 Y2.80084
G01 X-6.40922 Y2.81255
G01 X-6.37133 Y2.84364
G01 X-6.34362 Y2.87135
G01 X-6.31253 Y2.90925
G01 X-6.30082 Y2.92500
G01 X-6.29073 Y2.94184
G01 X-6.26764 Y2.98507
G01 X-6.25263 Y3.02129
G01 X-6.23841 Y3.06818
G01 X-6.23363 Y3.08723
G01 X-6.23076 Y3.10663
G01 X-6.22596 Y3.15540
G01 X-6.22500 Y3.17501
G01 X-6.32500 Y3.17501
G01 X-6.32548 Y3.16520
G01 X-6.33028 Y3.11644
G01 X-6.33170 Y3.10673
G01 X-6.33409 Y3.09721
G01 X-6.34831 Y3.05032
G01 X-6.35583 Y3.03221
G01 X-6.37892 Y2.98898
G01 X-6.38398 Y2.98057
G01 X-6.38982 Y2.97267
G01 X-6.42091 Y2.93480
G01 X-6.43478 Y2.92093
G01 X-6.47265 Y2.88984
G01 X-6.48055 Y2.88400
G01 X-6.48895 Y2.87895
G01 X-6.53219 Y2.85586
G01 X-6.55030 Y2.84834
G01 X-6.59718 Y2.83411
G01 X-6.60671 Y2.83173
G01 X-6.61641 Y2.83030
G01 X-6.66518 Y2.82550
G01 X-6.67498 Y2.82502
G01 X-7.37498 Y2.82502
G01 X-7.38479 Y2.82550
G01 X-7.43356 Y2.83030
G01 X-7.44326 Y2.83173
G01 X-7.45278 Y2.83411
G01 X-7.49970 Y2.84834
G01 X-7.51781 Y2.85586
G01 X-7.56101 Y2.87895
G01 X-7.56945 Y2.88400
G01 X-7.57732 Y2.88984
G01 X-7.61522 Y2.92093
G01 X-7.62906 Y2.93480
G01 X-7.66015 Y2.97267
G01 X-7.66599 Y2.98057
G01 X-7.67105 Y2.98898
G01 X-7.69416 Y3.03221
G01 X-7.70165 Y3.05032
G01 X-7.71588 Y3.09721
G01 X-7.71826 Y3.10673
G01 X-7.71971 Y3.11644
G01 X-7.72451 Y3.16520
G01 X-7.72499 Y3.17501
G01 X-7.72499 Y4.07501
G01 X-7.72451 Y4.08481
G01 X-7.71971 Y4.13358
G01 X-7.71826 Y4.14331
G01 X-7.71588 Y4.15281
G01 X-7.70165 Y4.19972
G01 X-7.69416 Y4.21783
G01 X-7.67105 Y4.26104
G01 X-7.66599 Y4.26947
G01 X-7.66015 Y4.27734
G01 X-7.62906 Y4.31524
G01 X-7.61522 Y4.32908
G01 X-7.57732 Y4.36017
G01 X-7.56945 Y4.36604
G01 X-7.56101 Y4.37107
G01 X-7.51781 Y4.39418
G01 X-7.49970 Y4.40168
G01 X-7.45278 Y4.41590
G01 X-7.44326 Y4.41829
G01 X-7.43356 Y4.41973
G01 X-7.42497 Y4.42057
G01 X-7.42500 Y4.93502
G01 X-7.72499 Y4.93502
G01 X-7.73480 Y4.93548
G01 X-7.81283 Y4.94318
G01 X-7.83206 Y4.94701
G01 X-7.90709 Y4.96977
G01 X-7.92520 Y4.97726
G01 X-7.99436 Y5.01422
G01 X-8.01064 Y5.02512
G01 X-8.07127 Y5.07488
G01 X-8.07854 Y5.08146
G01 X-8.08514 Y5.08872
G01 X-8.13487 Y5.14935
G01 X-8.14072 Y5.15722
G01 X-8.14577 Y5.16566
G01 X-8.18273 Y5.23480
G01 X-8.19022 Y5.25291
G01 X-8.21301 Y5.32794
G01 X-8.21539 Y5.33746
G01 X-8.21681 Y5.34717
G01 X-8.22451 Y5.42522
G01 X-8.22499 Y5.43502
G01 X-8.22499 Y6.41501
G01 X-8.22451 Y6.42481
G01 X-8.21681 Y6.50284
G01 X-8.21539 Y6.51257
G01 X-8.21301 Y6.52207
G01 X-8.19022 Y6.59712
G01 X-8.18273 Y6.61523
G01 X-8.14577 Y6.68437
G01 X-8.14072 Y6.69281
G01 X-8.13487 Y6.70068
G01 X-8.08514 Y6.76128
G01 X-8.07854 Y6.76857
G01 X-8.07127 Y6.77515
G01 X-8.01064 Y6.82491
G01 X-7.99436 Y6.83578
G01 X-7.92520 Y6.87277
G01 X-7.90709 Y6.88026
G01 X-7.83206 Y6.90302
G01 X-7.81283 Y6.90685
G01 X-7.73480 Y6.91452
G01 X-7.72499 Y6.91501
G01 X-6.92500 Y6.91501
G01 X-6.91519 Y6.91452
G01 X-6.83714 Y6.90685
G01 X-6.81794 Y6.90302
G01 X-6.74288 Y6.88026
G01 X-6.72477 Y6.87277
G01 X-6.65563 Y6.83578
G01 X-6.63932 Y6.82491
G01 X-6.57869 Y6.77515
G01 X-6.57143 Y6.76857
G01 X-6.56485 Y6.76128
G01 X-6.51509 Y6.70068
G01 X-6.50925 Y6.69281
G01 X-6.50422 Y6.68437
G01 X-6.46724 Y6.61523
G01 X-6.45974 Y6.59712
G01 X-6.43699 Y6.52207
G01 X-6.43460 Y6.51257
G01 X-6.43315 Y6.50284
G01 X-6.42548 Y6.42481
G01 X-6.42500 Y6.41501
G01 X-6.42500 Y5.43502
G01 X-6.42548 Y5.42522
G01 X-6.43315 Y5.34717
G01 X-6.43460 Y5.33746
G01 X-6.43699 Y5.32794
G01 X-6.45974 Y5.25291
G01 X-6.46724 Y5.23480
G01 X-6.50422 Y5.16566
G01 X-6.50925 Y5.15722
G01 X-6.51509 Y5.14935
G01 X-6.56485 Y5.08872
G01 X-6.57143 Y5.08146
G01 X-6.57869 Y5.07488
G01 X-6.62497 Y5.03688
G01 X-6.62497 Y4.42057
G01 X-6.61641 Y4.41973
G01 X-6.60671 Y4.41829
G01 X-6.59718 Y4.41590
G01 X-6.55030 Y4.40168
G01 X-6.53219 Y4.39418
G01 X-6.48895 Y4.37107
G01 X-6.48055 Y4.36604
G01 X-6.47265 Y4.36017
G01 X-6.43478 Y4.32908
G01 X-6.42091 Y4.31524
G01 X-6.38982 Y4.27734
G01 X-6.38398 Y4.26947
G01 X-6.37892 Y4.26104
G01 X-6.35583 Y4.21783
G01 X-6.34831 Y4.19972
G01 X-6.33409 Y4.15281
G01 X-6.33170 Y4.14331
G01 X-6.33028 Y4.13358
G01 X-6.32548 Y4.08481
G01 X-6.32500 Y4.07501
G01 X-6.32500 Y3.17501
G01 X-6.22500 Y3.17501
G01 X-6.12500 Y3.17501
G01 X-6.02500 Y3.17501
G01 X-5.92500 Y3.17501
G01 X-5.92500 Y4.01999
G01 X-5.88162 Y3.95636
G01 X-5.88047 Y3.95474
G01 X-5.84410 Y3.90572
G01 X-5.84252 Y3.90371
G01 X-5.82500 Y3.88242
G01 X-5.82500 Y3.17501
G01 X-5.82787 Y3.11621
G01 X-5.83267 Y3.06744
G01 X-5.84133 Y3.00920
G01 X-5.85563 Y2.95207
G01 X-5.86986 Y2.90518
G01 X-5.91486 Y2.79650
G01 X-5.93798 Y2.75329
G01 X-5.96823 Y2.70277
G01 X-6.00331 Y2.65548
G01 X-6.03440 Y2.61760
G01 X-6.11758 Y2.53442
G01 X-6.15545 Y2.50333
G01 X-6.20275 Y2.46825
G01 X-6.25327 Y2.43800
G01 X-6.29647 Y2.41489
G01 X-6.40513 Y2.36988
G01 X-6.45205 Y2.35565
G01 X-6.50917 Y2.34135
G01 X-6.56742 Y2.33269
G01 X-6.61618 Y2.32789
G01 X-6.67498 Y2.32502
G01 X-7.37498 Y2.32502
G01 X-7.43381 Y2.32789
G01 X-7.48258 Y2.33269
G01 X-7.54082 Y2.34135
G01 X-7.59792 Y2.35565
G01 X-7.64483 Y2.36988
G01 X-7.74054 Y2.40950
G01 X-7.76223 Y2.44567
G01 X-7.82281 Y2.55863
G01 X-7.83457 Y2.58352
G01 X-7.82281 Y2.55863
G01 X-7.76223 Y2.44567
G01 X-7.74054 Y2.40950
G01 X-7.73411 Y2.39878
G01 X-7.64460 Y2.26531
G01 X-7.62695 Y2.25995
G01 X-7.56033 Y2.24326
G01 X-7.49238 Y2.23318
G01 X-7.44359 Y2.22838
G01 X-7.37498 Y2.22502
G01 X-6.67498 Y2.22502
G01 X-6.60638 Y2.22838
G01 X-6.55761 Y2.23318
G01 X-6.48964 Y2.24326
G01 X-6.42302 Y2.25995
G01 X-6.37613 Y2.27420
G01 X-6.24933 Y2.32670
G01 X-6.20613 Y2.34981
G01 X-6.14720 Y2.38512
G01 X-6.09203 Y2.42604
G01 X-6.05413 Y2.45713
G01 X-5.95710 Y2.55416
G01 X-5.92601 Y2.59205
G01 X-5.88509 Y2.64722
G01 X-5.84976 Y2.70615
G01 X-5.82667 Y2.74935
G01 X-5.77415 Y2.87615
G01 X-5.75992 Y2.92304
G01 X-5.74324 Y2.98969
G01 X-5.73315 Y3.05763
G01 X-5.72835 Y3.10640
G01 X-5.72500 Y3.17501
G01 X-5.72500 Y3.76198
G01 X-5.73229 Y3.77000
G01 X-5.73381 Y3.77178
G01 X-5.82500 Y3.88242
G01 X-5.84252 Y3.90371
G01 X-5.84410 Y3.90572
G01 X-5.88047 Y3.95474
G01 X-5.88162 Y3.95636
G01 X-5.92500 Y4.01999
G01 X-5.94331 Y4.04686
G01 X-5.94445 Y4.04862
G01 X-5.95477 Y4.06520
G01 X-5.97463 Y4.09601
G01 X-5.98464 Y4.11100
G01 X-5.98509 Y4.11171
G01 X-6.00503 Y4.14267
G01 X-6.00549 Y4.14341
G01 X-6.03612 Y4.19289
G01 X-6.03836 Y4.19647
G01 X-6.05517 Y4.22263
G01 X-6.06574 Y4.23843
G01 X-6.06622 Y4.23917
G01 X-6.08332 Y4.26579
G01 X-6.08380 Y4.26655
G01 X-6.11136 Y4.31115
G01 X-6.12680 Y4.33515
G01 X-6.13757 Y4.35128
G01 X-6.13805 Y4.35204
G01 X-6.15393 Y4.37673
G01 X-6.15441 Y4.37749
G01 X-6.18047 Y4.41976
G01 X-6.19571 Y4.44348
G01 X-6.20661 Y4.45982
G01 X-6.20712 Y4.46055
G01 X-6.22289 Y4.48514
G01 X-6.22337 Y4.48588
G01 X-6.25096 Y4.53053
G01 X-6.26759 Y4.55644
G01 X-6.27811 Y4.57216
G01 X-6.27859 Y4.57290
G01 X-6.29591 Y4.59985
G01 X-6.29637 Y4.60056
G01 X-6.31204 Y4.62586
G01 X-6.31575 Y4.63309
G01 X-6.31822 Y4.64084
G01 X-6.31941 Y4.64889
G01 X-6.32134 Y4.67831
G01 X-6.32139 Y4.67912
G01 X-6.32380 Y4.72814
G01 X-6.32385 Y4.72936
G01 X-6.32495 Y4.77379
G01 X-6.32497 Y4.77500
G01 X-6.32495 Y4.77379
G01 X-6.32385 Y4.72936
G01 X-6.32380 Y4.72814
G01 X-6.32139 Y4.67912
G01 X-6.32134 Y4.67831
G01 X-6.31941 Y4.64889
G01 X-6.31822 Y4.64084
G01 X-6.31575 Y4.63309
G01 X-6.31204 Y4.62586
G01 X-6.31451 Y4.62497
G01 X-6.31204 Y4.62586
G01 X-6.29637 Y4.60056
G01 X-6.29861 Y4.60414
G01 X-6.31387 Y4.61547
G01 X-6.32497 Y4.62212
G01 X-6.33658 Y4.61600
G01 X-6.32497 Y4.62212
G01 X-6.32497 Y4.77500
G01 X-6.32497 Y4.89024
G01 X-6.32424 Y4.89880
G01 X-6.32497 Y4.89891
G01 X-6.32424 Y4.89880
G01 X-6.32205 Y4.90708
G01 X-6.31913 Y4.91521
G01 X-6.32205 Y4.90708
G01 X-6.32424 Y4.89880
G01 X-6.32497 Y4.89024
G01 X-6.32497 Y4.89891
G01 X-6.32497 Y4.90810
G01 X-6.32612 Y4.90828
G01 X-6.32497 Y4.90810
G01 X-6.31913 Y4.91521
G01 X-6.30529 Y4.95392
G01 X-6.28098 Y5.03386
G01 X-6.26193 Y5.10990
G01 X-6.24750 Y5.18217
G01 X-6.23625 Y5.25816
G01 X-6.22954 Y5.32598
G01 X-6.22579 Y5.40256
G01 X-6.22502 Y5.43441
G01 X-6.22500 Y5.43556
G01 X-6.22500 Y5.67500
G01 X-6.22500 Y5.98006
G01 X-6.22500 Y6.41501
G01 X-6.22642 Y6.44442
G01 X-6.23412 Y6.52245
G01 X-6.23843 Y6.55158
G01 X-6.24560 Y6.58013
G01 X-6.26836 Y6.65516
G01 X-6.29086 Y6.70949
G01 X-6.30486 Y6.73568
G01 X-6.32782 Y6.77866
G01 X-6.34296 Y6.80391
G01 X-6.36051 Y6.82755
G01 X-6.41024 Y6.88818
G01 X-6.43000 Y6.90998
G01 X-6.45182 Y6.92976
G01 X-6.51245 Y6.97950
G01 X-6.56134 Y7.01219
G01 X-6.63048 Y7.04914
G01 X-6.68484 Y7.07165
G01 X-6.75987 Y7.09441
G01 X-6.81755 Y7.10589
G01 X-6.89558 Y7.11356
G01 X-6.92500 Y7.11501
G01 X-7.72499 Y7.11501
G01 X-7.75438 Y7.11356
G01 X-7.83244 Y7.10589
G01 X-7.89012 Y7.09441
G01 X-7.96515 Y7.07165
G01 X-8.01948 Y7.04914
G01 X-8.08865 Y7.01219
G01 X-8.13754 Y6.97950
G01 X-8.19815 Y6.92976
G01 X-8.21996 Y6.90998
G01 X-8.23973 Y6.88818
G01 X-8.28948 Y6.82755
G01 X-8.30701 Y6.80391
G01 X-8.32215 Y6.77866
G01 X-8.33045 Y6.76309
G01 X-8.35911 Y6.70949
G01 X-8.38161 Y6.65516
G01 X-8.40439 Y6.58013
G01 X-8.41153 Y6.55158
G01 X-8.41585 Y6.52245
G01 X-8.42355 Y6.44442
G01 X-8.42499 Y6.41501
G01 X-8.42499 Y5.43502
G01 X-8.42355 Y5.40561
G01 X-8.41585 Y5.32758
G01 X-8.41153 Y5.29845
G01 X-8.40439 Y5.26990
G01 X-8.38161 Y5.19487
G01 X-8.35911 Y5.14051
G01 X-8.32215 Y5.07137
G01 X-8.30701 Y5.04612
G01 X-8.28948 Y5.02248
G01 X-8.23973 Y4.96185
G01 X-8.21996 Y4.94003
G01 X-8.19815 Y4.92027
G01 X-8.18738 Y4.91143
G01 X-8.13754 Y4.87053
G01 X-8.08865 Y4.83784
G01 X-8.01948 Y4.80089
G01 X-7.96515 Y4.77838
G01 X-7.89012 Y4.75562
G01 X-7.83244 Y4.74414
G01 X-7.75438 Y4.73645
G01 X-7.72499 Y4.73503
G01 X-7.62500 Y4.73503
G01 X-7.59838 Y4.75964
G01 X-7.62500 Y4.73503
G01 X-7.62500 Y4.67084
G01 X-7.62500 Y4.56365
G01 X-7.61341 Y4.55756
G01 X-7.62500 Y4.56365
G01 X-7.65530 Y4.54745
G01 X-7.68054 Y4.53233
G01 X-7.70419 Y4.51478
G01 X-7.74209 Y4.48369
G01 X-7.78367 Y4.44211
G01 X-7.81476 Y4.40422
G01 X-7.83228 Y4.38057
G01 X-7.84742 Y4.35532
G01 X-7.87054 Y4.31212
G01 X-7.89304 Y4.25776
G01 X-7.90727 Y4.21087
G01 X-7.91443 Y4.18232
G01 X-7.91875 Y4.15319
G01 X-7.92355 Y4.10442
G01 X-7.92499 Y4.07501
G01 X-7.92499 Y3.17501
G01 X-7.92355 Y3.14562
G01 X-7.91875 Y3.09683
G01 X-7.91443 Y3.06772
G01 X-7.90727 Y3.03914
G01 X-7.89304 Y2.99225
G01 X-7.87054 Y2.93792
G01 X-7.84742 Y2.89469
G01 X-7.83228 Y2.86945
G01 X-7.81476 Y2.84580
G01 X-7.78367 Y2.80793
G01 X-7.74209 Y2.76632
G01 X-7.70419 Y2.73523
G01 X-7.68054 Y2.71771
G01 X-7.65530 Y2.70257
G01 X-7.61207 Y2.67945
G01 X-7.55774 Y2.65695
G01 X-7.51085 Y2.64273
G01 X-7.48230 Y2.63559
G01 X-7.45316 Y2.63127
G01 X-7.40440 Y2.62647
G01 X-7.37498 Y2.62502
G01 X-6.67498 Y2.62502
G01 X-6.64557 Y2.62647
G01 X-6.59680 Y2.63127
G01 X-6.56769 Y2.63559
G01 X-6.53912 Y2.64273
G01 X-6.49223 Y2.65695
G01 X-6.43790 Y2.67945
G01 X-6.39467 Y2.70257
G01 X-6.36942 Y2.71771
G01 X-6.34577 Y2.73523
G01 X-6.30790 Y2.76632
G01 X-6.26630 Y2.80793
G01 X-6.23521 Y2.84580
G01 X-6.21768 Y2.86945
G01 X-6.20254 Y2.89469
G01 X-6.17943 Y2.93792
G01 X-6.15693 Y2.99225
G01 X-6.14270 Y3.03914
G01 X-6.13556 Y3.06772
G01 X-6.13125 Y3.09683
G01 X-6.12642 Y3.14562
G01 X-6.12500 Y3.17501
G01 X-6.12500 Y4.07501
G01 X-6.12642 Y4.10442
G01 X-6.13125 Y4.15319
G01 X-6.13556 Y4.18232
G01 X-6.14270 Y4.21087
G01 X-6.15693 Y4.25776
G01 X-6.17943 Y4.31212
G01 X-6.20254 Y4.35532
G01 X-6.21768 Y4.38057
G01 X-6.23521 Y4.40422
G01 X-6.26630 Y4.44211
G01 X-6.30790 Y4.48369
G01 X-6.34577 Y4.51478
G01 X-6.36942 Y4.53233
G01 X-6.39467 Y4.54745
G01 X-6.42497 Y4.56365
G01 X-6.43655 Y4.55756
G01 X-6.42497 Y4.56365
G01 X-6.42497 Y4.94559
G01 X-6.43079 Y4.94765
G01 X-6.42497 Y4.94559
G01 X-6.41024 Y4.96185
G01 X-6.36051 Y5.02248
G01 X-6.34296 Y5.04612
G01 X-6.32782 Y5.07137
G01 X-6.29086 Y5.14051
G01 X-6.26836 Y5.19487
G01 X-6.24560 Y5.26990
G01 X-6.23843 Y5.29845
G01 X-6.23412 Y5.32758
G01 X-6.22642 Y5.40561
G01 X-6.22502 Y5.43441
G01 X-6.22500 Y5.43556
G01 X-6.22500 Y5.67500
G01 X-6.22497 Y5.67625
G01 X-6.22411 Y5.71079
G01 X-6.22408 Y5.71201
G01 X-6.22165 Y5.76103
G01 X-6.22147 Y5.76350
G01 X-6.21458 Y5.83327
G01 X-6.21428 Y5.83571
G01 X-6.21463 Y5.83573
G01 X-6.21428 Y5.83571
G01 X-6.21161 Y5.85356
G01 X-6.20701 Y5.88471
G01 X-6.20658 Y5.88714
G01 X-6.19198 Y5.96045
G01 X-6.19144 Y5.96281
G01 X-6.17918 Y6.01183
G01 X-6.17852 Y6.01425
G01 X-6.15423 Y6.09408
G01 X-6.15347 Y6.09639
G01 X-6.13592 Y6.14539
G01 X-6.13503 Y6.14772
G01 X-6.12500 Y6.17188
G01 X-6.12500 Y6.41501
G01 X-6.12690 Y6.45422
G01 X-6.13460 Y6.53225
G01 X-6.14037 Y6.57109
G01 X-6.14989 Y6.60916
G01 X-6.17265 Y6.68420
G01 X-6.20267 Y6.75664
G01 X-6.23963 Y6.82580
G01 X-6.25982 Y6.85948
G01 X-6.28319 Y6.89100
G01 X-6.32688 Y6.94422
G01 X-6.33295 Y6.95161
G01 X-6.35931 Y6.98069
G01 X-6.38840 Y7.00706
G01 X-6.44900 Y7.05681
G01 X-6.51420 Y7.10037
G01 X-6.56028 Y7.12501
G01 X-8.08964 Y7.12501
G01 X-8.27546 Y7.12504
G01 X-8.35842 Y7.12501
G01 X-8.42888 Y7.12501
G01 X-8.56281 Y7.12501
G01 X-8.59868 Y7.08132
G01 X-8.63960 Y7.02613
G01 X-8.67493 Y6.96723
G01 X-8.71189 Y6.89806
G01 X-8.76439 Y6.77129
G01 X-8.78717 Y6.69626
G01 X-8.80386 Y6.62961
G01 X-8.81392 Y6.56167
G01 X-8.82161 Y6.48364
G01 X-8.82499 Y6.41501
G01 X-8.82499 Y5.43502
G01 X-8.82161 Y5.36639
G01 X-8.81392 Y5.28836
G01 X-8.80386 Y5.22042
G01 X-8.78717 Y5.15377
G01 X-8.77254 Y5.10561
G01 X-8.64801 Y5.02166
G01 X-8.64227 Y5.01816
G01 X-8.64135 Y5.01760
G01 X-8.62779 Y5.00896
G01 X-8.58748 Y4.98331
G01 X-8.58654 Y4.98270
G01 X-8.56528 Y4.96848
G01 X-8.54097 Y4.95263
G01 X-8.46099 Y4.90167
G01 X-8.46053 Y4.90137
G01 X-8.43945 Y4.88763
G01 X-8.43899 Y4.88732
G01 X-8.43523 Y4.88481
G01 X-8.39152 Y4.85560
G01 X-8.30947 Y4.80018
G01 X-8.26855 Y4.77282
G01 X-8.26787 Y4.77236
G01 X-8.23947 Y4.75268
G01 X-8.23879 Y4.75220
G01 X-8.18641 Y4.71455
G01 X-8.17135 Y4.70411
G01 X-8.15880 Y4.69543
G01 X-8.14691 Y4.68748
G01 X-8.14562 Y4.68659
G01 X-8.09332 Y4.64920
G01 X-8.09208 Y4.64828
G01 X-8.06193 Y4.62532
G01 X-8.02182 Y4.59619
G01 X-7.99728 Y4.57912
G01 X-7.94816 Y4.56424
G01 X-7.94300 Y4.56319
G01 X-7.96937 Y4.53111
G01 X-7.97498 Y4.52352
G01 X-7.96937 Y4.53111
G01 X-7.94300 Y4.56319
G01 X-7.86668 Y4.58712
G01 X-7.94300 Y4.56319
G01 X-7.94816 Y4.56424
G01 X-7.99728 Y4.57912
G01 X-7.99644 Y4.57854
G01 X-7.98910 Y4.57231
G01 X-7.98311 Y4.56479
G01 X-7.97864 Y4.55629
G01 X-7.96825 Y4.56149
G01 X-7.97864 Y4.55629
G01 X-7.97590 Y4.54707
G01 X-7.97498 Y4.53749
G01 X-7.97498 Y4.52352
G01 X-7.97498 Y4.31999
G01 X-7.97498 Y4.19799
G01 X-7.97404 Y4.16495
G01 X-7.97402 Y4.16345
G01 X-7.97412 Y4.11420
G01 X-7.97414 Y4.11267
G01 X-7.97458 Y4.09982
G01 X-7.97498 Y4.07465
G01 X-7.97498 Y3.17564
G01 X-7.97404 Y3.13757
G01 X-7.97173 Y3.09043
G01 X-7.96406 Y3.01280
G01 X-7.95715 Y2.96622
G01 X-7.94100 Y2.88532
G01 X-7.92934 Y2.83869
G01 X-7.92832 Y2.83538
G01 X-7.91544 Y2.81390
G01 X-7.89205 Y2.78237
G01 X-7.86096 Y2.74448
G01 X-7.80551 Y2.68903
G01 X-7.76764 Y2.65794
G01 X-7.73612 Y2.63455
G01 X-7.70244 Y2.61438
G01 X-7.65921 Y2.59127
G01 X-7.58677 Y2.56127
G01 X-7.53988 Y2.54704
G01 X-7.50180 Y2.53749
G01 X-7.46297 Y2.53175
G01 X-7.41420 Y2.52693
G01 X-7.37498 Y2.52502
G01 X-6.67498 Y2.52502
G01 X-6.63579 Y2.52693
G01 X-6.58700 Y2.53175
G01 X-6.54819 Y2.53749
G01 X-6.51011 Y2.54704
G01 X-6.46320 Y2.56127
G01 X-6.39076 Y2.59127
G01 X-6.34753 Y2.61438
G01 X-6.31387 Y2.63455
G01 X-6.28233 Y2.65794
G01 X-6.24445 Y2.68903
G01 X-6.18901 Y2.74448
G01 X-6.15792 Y2.78237
G01 X-6.13452 Y2.81390
G01 X-6.11436 Y2.84755
G01 X-6.09124 Y2.89078
G01 X-6.06124 Y2.96322
G01 X-6.04702 Y3.01014
G01 X-6.03747 Y3.04821
G01 X-6.03173 Y3.08702
G01 X-6.02690 Y3.13582
G01 X-6.02500 Y3.17501
G01 X-6.02500 Y4.07501
G01 X-6.02690 Y4.11422
G01 X-6.03173 Y4.16299
G01 X-6.03612 Y4.19289
G01 X-6.05957 Y4.41488
G01 X-6.07328 Y4.54455
G01 X-6.12497 Y5.03373
G01 X-6.14301 Y5.20426
G01 X-6.14306 Y5.20475
G01 X-6.13714 Y5.24468
G01 X-6.13683 Y5.24711
G01 X-6.13714 Y5.24468
G01 X-6.14306 Y5.20475
G01 X-6.14877 Y5.16627
G01 X-6.14306 Y5.20475
G01 X-6.21161 Y5.85356
G01 X-6.22500 Y5.98006
G01 X-6.30486 Y6.73568
G01 X-6.32688 Y6.94422
G01 X-6.34329 Y7.09941
G01 X-6.34524 Y7.11785
G01 X-6.36528 Y7.12501
G01 X-6.37450 Y7.12501
G01 X-6.36528 Y7.12501
G01 X-6.34524 Y7.11785
G01 X-6.35657 Y7.22501
G01 X-8.27551 Y7.22504
G01 X-8.32502 Y7.26565
G01 X-8.36139 Y7.29862
G01 X-8.37280 Y7.31122
G01 X-8.39434 Y7.33497
G01 X-8.44407 Y7.39560
G01 X-8.47330 Y7.43499
G01 X-8.49853 Y7.47708
G01 X-8.53551 Y7.54625
G01 X-8.57300 Y7.63680
G01 X-8.59578 Y7.71183
G01 X-8.60770 Y7.75943
G01 X-8.61488 Y7.80797
G01 X-8.62258 Y7.88600
G01 X-8.62499 Y7.93502
G01 X-8.62499 Y8.91500
G01 X-8.62258 Y8.96402
G01 X-8.61488 Y9.04205
G01 X-8.60770 Y9.09059
G01 X-8.59578 Y9.13819
G01 X-8.57300 Y9.21322
G01 X-8.53551 Y9.30377
G01 X-8.52786 Y9.31802
G01 X-8.49853 Y9.37294
G01 X-8.47330 Y9.41503
G01 X-8.44407 Y9.45445
G01 X-8.39434 Y9.51505
G01 X-8.36139 Y9.55140
G01 X-8.32502 Y9.58437
G01 X-8.26441 Y9.63410
G01 X-8.18291 Y9.68856
G01 X-8.11377 Y9.72552
G01 X-8.10160 Y9.73054
G01 X-8.04740 Y9.72178
G01 X-8.03396 Y9.71929
G01 X-8.03200 Y9.71896
G01 X-7.94628 Y9.70649
G01 X-7.94425 Y9.70624
G01 X-7.93990 Y9.70581
G01 X-7.88928 Y9.69918
G01 X-7.88535 Y9.69857
G01 X-7.85365 Y9.69356
G01 X-7.85220 Y9.69333
G01 X-7.80064 Y9.68673
G01 X-7.79916 Y9.68655
G01 X-7.77135 Y9.68381
G01 X-7.75045 Y9.68150
G01 X-7.73114 Y9.67908
G01 X-7.72929 Y9.67888
G01 X-7.66807 Y9.67360
G01 X-7.66619 Y9.67347
G01 X-7.61720 Y9.67106
G01 X-7.61598 Y9.67101
G01 X-7.57620 Y9.67004
G01 X-7.57496 Y9.67002
G01 X-6.92561 Y9.67002
G01 X-6.88713 Y9.66908
G01 X-6.87742 Y9.66859
G01 X-6.87620 Y9.66854
G01 X-6.83607 Y9.66758
G01 X-6.83485 Y9.66755
G01 X-6.80696 Y9.66755
G01 X-6.78652 Y9.66730
G01 X-6.72431 Y9.66575
G01 X-6.72368 Y9.66572
G01 X-6.70112 Y9.66544
G01 X-6.70049 Y9.66544
G01 X-6.65121 Y9.66544
G01 X-6.58337 Y9.63733
G01 X-6.51420 Y9.60037
G01 X-6.44900 Y9.55681
G01 X-6.38840 Y9.50705
G01 X-6.35931 Y9.48071
G01 X-6.33295 Y9.45160
G01 X-6.28319 Y9.39100
G01 X-6.25982 Y9.35948
G01 X-6.23963 Y9.32580
G01 X-6.20267 Y9.25666
G01 X-6.17265 Y9.18419
G01 X-6.14989 Y9.10916
G01 X-6.14037 Y9.07108
G01 X-6.13460 Y9.03225
G01 X-6.12690 Y8.95422
G01 X-6.12500 Y8.91500
G01 X-6.12500 Y8.72501
G01 X-6.15152 Y8.69727
G01 X-6.12500 Y8.72501
G01 X-5.64550 Y8.72501
G01 X-5.82398 Y8.79895
G01 X-5.82490 Y8.79933
G01 X-5.86632 Y8.81747
G01 X-5.86721 Y8.81785
G01 X-5.88276 Y8.82501
G01 X-6.02500 Y8.82501
G01 X-6.05149 Y8.79730
G01 X-6.02500 Y8.82501
G01 X-6.02500 Y8.91500
G01 X-6.02739 Y8.96402
G01 X-6.03440 Y9.03525
G01 X-6.04326 Y9.06641
G01 X-6.05685 Y9.11058
G01 X-6.06452 Y9.13370
G01 X-6.06495 Y9.13502
G01 X-6.08212 Y9.19201
G01 X-6.08250 Y9.19333
G01 X-6.08736 Y9.21122
G01 X-6.09492 Y9.23776
G01 X-6.11507 Y9.30487
G01 X-6.15144 Y9.37294
G01 X-6.17666 Y9.41503
G01 X-6.20590 Y9.45445
G01 X-6.25563 Y9.51505
G01 X-6.28860 Y9.55140
G01 X-6.32495 Y9.58437
G01 X-6.38555 Y9.63410
G01 X-6.43574 Y9.66763
G01 X-6.44981 Y9.66712
G01 X-6.45073 Y9.66710
G01 X-6.49411 Y9.66631
G01 X-6.49500 Y9.66628
G01 X-6.55042 Y9.66626
G01 X-6.64887 Y9.66544
G01 X-6.64930 Y9.66544
G01 X-6.65121 Y9.66544
G01 X-6.64930 Y9.66544
G01 X-6.64887 Y9.66544
G01 X-6.55042 Y9.66626
G01 X-6.49500 Y9.66628
G01 X-6.49411 Y9.66631
G01 X-6.45073 Y9.66710
G01 X-6.44981 Y9.66712
G01 X-6.43574 Y9.66763
G01 X-6.36797 Y9.67009
G01 X-6.31395 Y9.67106
G01 X-6.30671 Y9.67106
G01 X-6.30547 Y9.67106
G01 X-6.27389 Y9.67182
G01 X-6.26150 Y9.66166
G01 X-6.21936 Y9.62346
G01 X-6.20181 Y9.57982
G01 X-6.21936 Y9.62346
G01 X-6.26150 Y9.66166
G01 X-6.27389 Y9.67182
G01 X-6.24351 Y9.67258
G01 X-6.23663 Y9.66646
G01 X-6.20181 Y9.57982
G01 X-6.17443 Y9.50327
G01 X-6.14550 Y9.41101
G01 X-6.14031 Y9.39178
G01 X-6.14016 Y9.39128
G01 X-6.13341 Y9.36720
G01 X-6.13323 Y9.36666
G01 X-6.11771 Y9.31373
G01 X-6.11763 Y9.31345
G01 X-6.09492 Y9.23776
G01 X-6.08736 Y9.21122
G01 X-6.08250 Y9.19333
G01 X-6.08212 Y9.19201
G01 X-6.06495 Y9.13502
G01 X-6.06452 Y9.13370
G01 X-6.05685 Y9.11058
G01 X-6.04326 Y9.06641
G01 X-6.03440 Y9.03525
G01 X-6.03381 Y9.03314
G01 X-6.03346 Y9.03202
G01 X-6.01776 Y8.98135
G01 X-6.01740 Y8.98023
G01 X-6.00884 Y8.95470
G01 X-6.00239 Y8.93492
G01 X-5.98926 Y8.89339
G01 X-5.98621 Y8.88587
G01 X-5.98197 Y8.87896
G01 X-5.97666 Y8.87281
G01 X-5.97046 Y8.86763
G01 X-5.97781 Y8.86080
G01 X-5.97046 Y8.86763
G01 X-5.96348 Y8.86349
G01 X-5.91524 Y8.84000
G01 X-5.91428 Y8.83954
G01 X-5.88276 Y8.82501
G01 X-5.86721 Y8.81785
G01 X-5.86632 Y8.81747
G01 X-5.82490 Y8.79933
G01 X-5.82398 Y8.79895
G01 X-5.64550 Y8.72501
G01 X-5.40407 Y8.62501
G01 X-5.18759 Y8.53535
G01 X-5.18720 Y8.53520
G01 X-5.17765 Y8.53133
G01 X-5.17646 Y8.53085
G01 X-5.16132 Y8.52519
G01 X-5.16086 Y8.52501
G01 X-5.16061 Y8.52493
G01 X-5.10181 Y8.50388
G01 X-5.09950 Y8.50312
G01 X-5.05657 Y8.49006
G01 X-5.05416 Y8.48940
G01 X-4.99533 Y8.47464
G01 X-4.99297 Y8.47411
G01 X-4.95485 Y8.46651
G01 X-4.95241 Y8.46608
G01 X-4.89361 Y8.45737
G01 X-4.89119 Y8.45706
G01 X-4.89127 Y8.45653
G01 X-4.89119 Y8.45706
G01 X-4.85589 Y8.45359
G01 X-4.85342 Y8.45341
G01 X-4.79462 Y8.45051
G01 X-4.79340 Y8.45046
G01 X-4.77621 Y8.45005
G01 X-4.77496 Y8.45003
G01 X-4.57560 Y8.45003
G01 X-4.55967 Y8.44965
G01 X-4.53214 Y8.44830
G01 X-4.49950 Y8.44508
G01 X-4.47255 Y8.44109
G01 X-4.43798 Y8.43418
G01 X-4.41096 Y8.42742
G01 X-4.37301 Y8.41587
G01 X-4.34591 Y8.40616
G01 X-4.30290 Y8.38831
G01 X-4.29528 Y8.38470
G01 X-4.28398 Y8.36946
G01 X-4.27387 Y8.35262
G01 X-4.26003 Y8.32669
G01 X-4.25162 Y8.30896
G01 X-4.24502 Y8.29047
G01 X-4.23648 Y8.26232
G01 X-4.22884 Y8.22387
G01 X-4.22594 Y8.19461
G01 X-4.22498 Y8.17502
G01 X-4.22498 Y7.87502
G01 X-4.12498 Y7.87502
G01 X-4.03410 Y7.84142
G01 X-4.00600 Y7.86687
G01 X-3.95988 Y7.91081
G01 X-3.92498 Y7.94571
G01 X-3.92498 Y8.10436
G01 X-3.95985 Y8.13926
G01 X-4.00600 Y8.18323
G01 X-4.02630 Y8.20159
G01 X-4.02498 Y8.17502
G01 X-4.02498 Y7.87502
G01 X-4.02630 Y7.84851
G01 X-4.03410 Y7.84142
G01 X-4.12498 Y7.87502
G01 X-4.22498 Y7.87502
G01 X-4.32498 Y7.87502
G01 X-4.32546 Y7.86522
G01 X-4.32835 Y7.83596
G01 X-4.33216 Y7.81673
G01 X-4.34070 Y7.78859
G01 X-4.34403 Y7.77934
G01 X-4.34822 Y7.77048
G01 X-4.36209 Y7.74454
G01 X-4.36711 Y7.73611
G01 X-4.37296 Y7.72824
G01 X-4.39163 Y7.70550
G01 X-4.40549 Y7.69164
G01 X-4.42820 Y7.67299
G01 X-4.44451 Y7.66210
G01 X-4.47044 Y7.64823
G01 X-4.48855 Y7.64073
G01 X-4.51670 Y7.63220
G01 X-4.52622 Y7.62981
G01 X-4.53592 Y7.62836
G01 X-4.56518 Y7.62549
G01 X-4.57499 Y7.62501
G01 X-6.53506 Y7.62501
G01 X-6.56485 Y7.58874
G01 X-6.57143 Y7.58145
G01 X-6.57869 Y7.57487
G01 X-6.63932 Y7.52511
G01 X-6.65563 Y7.51424
G01 X-6.72477 Y7.47726
G01 X-6.74288 Y7.46977
G01 X-6.81794 Y7.44701
G01 X-6.83714 Y7.44317
G01 X-6.91519 Y7.43550
G01 X-6.92500 Y7.43502
G01 X-7.72499 Y7.43502
G01 X-7.73480 Y7.43550
G01 X-7.81283 Y7.44317
G01 X-7.83206 Y7.44701
G01 X-7.90709 Y7.46977
G01 X-7.92520 Y7.47726
G01 X-7.99436 Y7.51424
G01 X-8.01064 Y7.52511
G01 X-8.07127 Y7.57487
G01 X-8.07854 Y7.58145
G01 X-8.08514 Y7.58874
G01 X-8.13487 Y7.64934
G01 X-8.14072 Y7.65722
G01 X-8.14577 Y7.66565
G01 X-8.18273 Y7.73479
G01 X-8.19022 Y7.75290
G01 X-8.21301 Y7.82796
G01 X-8.21539 Y7.83746
G01 X-8.21681 Y7.84719
G01 X-8.22451 Y7.92521
G01 X-8.22499 Y7.93502
G01 X-8.22499 Y8.91500
G01 X-8.22451 Y8.92481
G01 X-8.21681 Y9.00286
G01 X-8.21539 Y9.01256
G01 X-8.21301 Y9.02209
G01 X-8.19022 Y9.09712
G01 X-8.18273 Y9.11523
G01 X-8.14577 Y9.18437
G01 X-8.14072 Y9.19280
G01 X-8.13487 Y9.20068
G01 X-8.08514 Y9.26131
G01 X-8.07854 Y9.26857
G01 X-8.07127 Y9.27515
G01 X-8.01064 Y9.32491
G01 X-7.99436 Y9.33580
G01 X-7.92520 Y9.37276
G01 X-7.90709 Y9.38025
G01 X-7.83206 Y9.40301
G01 X-7.81283 Y9.40685
G01 X-7.73480 Y9.41454
G01 X-7.72499 Y9.41500
G01 X-6.92500 Y9.41500
G01 X-6.91519 Y9.41454
G01 X-6.83714 Y9.40685
G01 X-6.81794 Y9.40301
G01 X-6.74288 Y9.38025
G01 X-6.72477 Y9.37276
G01 X-6.65563 Y9.33580
G01 X-6.63932 Y9.32491
G01 X-6.57869 Y9.27515
G01 X-6.57143 Y9.26857
G01 X-6.56485 Y9.26131
G01 X-6.51509 Y9.20068
G01 X-6.50925 Y9.19280
G01 X-6.50422 Y9.18437
G01 X-6.46724 Y9.11523
G01 X-6.45974 Y9.09712
G01 X-6.43699 Y9.02209
G01 X-6.43460 Y9.01256
G01 X-6.43315 Y9.00286
G01 X-6.42548 Y8.92481
G01 X-6.42500 Y8.91500
G01 X-6.42500 Y8.42504
G01 X-4.57499 Y8.42501
G01 X-4.56518 Y8.42453
G01 X-4.53592 Y8.42166
G01 X-4.52622 Y8.42021
G01 X-4.51670 Y8.41782
G01 X-4.48855 Y8.40929
G01 X-4.47044 Y8.40179
G01 X-4.44451 Y8.38793
G01 X-4.42820 Y8.37703
G01 X-4.40549 Y8.35839
G01 X-4.39163 Y8.34452
G01 X-4.37296 Y8.32178
G01 X-4.36711 Y8.31391
G01 X-4.36209 Y8.30548
G01 X-4.34822 Y8.27954
G01 X-4.34403 Y8.27068
G01 X-4.34070 Y8.26143
G01 X-4.33216 Y8.23332
G01 X-4.32835 Y8.21409
G01 X-4.32546 Y8.18480
G01 X-4.32498 Y8.17502
G01 X-4.32498 Y7.87502
G01 X-4.22498 Y7.87502
G01 X-4.22594 Y7.85542
G01 X-4.22884 Y7.82615
G01 X-4.23648 Y7.78770
G01 X-4.24502 Y7.75956
G01 X-4.25162 Y7.74106
G01 X-4.26003 Y7.72334
G01 X-4.27387 Y7.69740
G01 X-4.28398 Y7.68056
G01 X-4.29518 Y7.66540
G01 X-4.27562 Y7.67467
G01 X-4.22526 Y7.70167
G01 X-4.19798 Y7.71803
G01 X-4.14164 Y7.75577
G01 X-4.14078 Y7.75867
G01 X-4.12932 Y7.81635
G01 X-4.12642 Y7.84561
G01 X-4.12498 Y7.87502
G01 X-4.12498 Y8.17502
G01 X-4.12642 Y8.20441
G01 X-4.12932 Y8.23367
G01 X-4.14078 Y8.29136
G01 X-4.14169 Y8.29433
G01 X-4.19795 Y8.33205
G01 X-4.22526 Y8.34840
G01 X-4.27575 Y8.37548
G01 X-4.29528 Y8.38470
G01 X-4.27575 Y8.37548
G01 X-4.22526 Y8.34840
G01 X-4.19795 Y8.33205
G01 X-4.14169 Y8.29433
G01 X-4.13691 Y8.29113
G01 X-4.10951 Y8.27078
G01 X-4.03410 Y8.20865
G01 X-4.02630 Y8.20159
G01 X-4.00600 Y8.18323
G01 X-3.95985 Y8.13926
G01 X-3.92498 Y8.10436
G01 X-3.84568 Y8.02504
G01 X-3.92498 Y7.94571
G01 X-3.95988 Y7.91081
G01 X-4.00600 Y7.86687
G01 X-4.03410 Y7.84142
G01 X-4.10964 Y7.77922
G01 X-4.13702 Y7.75890
G01 X-4.14164 Y7.75577
G01 X-4.19798 Y7.71803
G01 X-4.22526 Y7.70167
G01 X-4.27562 Y7.67467
G01 X-4.29518 Y7.66540
G01 X-4.30280 Y7.66182
G01 X-4.34591 Y7.64391
G01 X-4.37301 Y7.63421
G01 X-4.41111 Y7.62262
G01 X-4.43811 Y7.61587
G01 X-4.47252 Y7.60901
G01 X-4.49950 Y7.60500
G01 X-4.53199 Y7.60180
G01 X-4.55955 Y7.60042
G01 X-4.59340 Y7.59959
G01 X-4.59462 Y7.59954
G01 X-4.65342 Y7.59667
G01 X-4.65589 Y7.59649
G01 X-4.69119 Y7.59298
G01 X-4.69361 Y7.59270
G01 X-4.75241 Y7.58397
G01 X-4.75248 Y7.58435
G01 X-4.75241 Y7.58397
G01 X-4.75485 Y7.58353
G01 X-4.79297 Y7.57594
G01 X-4.79533 Y7.57541
G01 X-4.85416 Y7.56067
G01 X-4.85655 Y7.56001
G01 X-4.89950 Y7.54693
G01 X-4.90178 Y7.54617
G01 X-4.96061 Y7.52514
G01 X-4.96094 Y7.52501
G01 X-4.96178 Y7.52471
G01 X-4.98647 Y7.51518
G01 X-4.98759 Y7.51472
G01 X-5.20417 Y7.42501
G01 X-5.44560 Y7.32501
G01 X-5.68703 Y7.22501
G01 X-5.90684 Y7.13398
G01 X-5.90773 Y7.13357
G01 X-5.92731 Y7.12501
G01 X-6.09950 Y7.12501
G01 X-5.92731 Y7.12501
G01 X-5.90773 Y7.13357
G01 X-5.95850 Y7.11137
G01 X-5.95936 Y7.11099
G01 X-6.00646 Y7.08927
G01 X-6.00696 Y7.08905
G01 X-6.01639 Y7.08458
G01 X-6.05535 Y7.10408
G01 X-6.05637 Y7.10459
G01 X-6.09950 Y7.12501
G01 X-6.13478 Y7.14170
G01 X-6.13699 Y7.14267
G01 X-6.25558 Y7.19192
G01 X-6.25792 Y7.19283
G01 X-6.33978 Y7.22212
G01 X-6.34809 Y7.22430
G01 X-6.35657 Y7.22501
G01 X-8.36614 Y7.22501
G01 X-8.56284 Y7.22501
G01 X-8.59868 Y7.26870
G01 X-8.63960 Y7.32389
G01 X-8.67493 Y7.38280
G01 X-8.71189 Y7.45196
G01 X-8.76439 Y7.57873
G01 X-8.78717 Y7.65379
G01 X-8.80386 Y7.72041
G01 X-8.81392 Y7.78836
G01 X-8.82161 Y7.86641
G01 X-8.82499 Y7.93502
G01 X-8.82499 Y8.91500
G01 X-8.82161 Y8.98363
G01 X-8.81392 Y9.06166
G01 X-8.80386 Y9.12961
G01 X-8.78717 Y9.19626
G01 X-8.76439 Y9.27129
G01 X-8.73119 Y9.35145
G01 X-8.72530 Y9.35567
G01 X-8.70612 Y9.36887
G01 X-8.70500 Y9.36969
G01 X-8.63470 Y9.42102
G01 X-8.63358 Y9.42186
G01 X-8.60091 Y9.44716
G01 X-8.55989 Y9.47774
G01 X-8.54125 Y9.49107
G01 X-8.52398 Y9.50347
G01 X-8.52273 Y9.50441
G01 X-8.45875 Y9.55333
G01 X-8.45753 Y9.55429
G01 X-8.45484 Y9.55648
G01 X-8.41641 Y9.58655
G01 X-8.36269 Y9.62694
G01 X-8.36182 Y9.62760
G01 X-8.32090 Y9.65973
G01 X-8.32007 Y9.66039
G01 X-8.29987 Y9.67698
G01 X-8.28265 Y9.69084
G01 X-8.21120 Y9.74728
G01 X-8.15502 Y9.73796
G01 X-8.15370 Y9.73776
G01 X-8.10218 Y9.73065
G01 X-8.10160 Y9.73054
G01 X-8.04740 Y9.72178
G01 X-8.03396 Y9.71929
G01 X-8.03200 Y9.71896
G01 X-7.94628 Y9.70649
G01 X-7.94425 Y9.70624
G01 X-7.93990 Y9.70581
G01 X-7.88928 Y9.69918
G01 X-7.88535 Y9.69857
G01 X-7.91913 Y9.69011
G01 X-7.99418 Y9.66735
G01 X-8.06662 Y9.63733
G01 X-8.13576 Y9.60037
G01 X-8.20097 Y9.55681
G01 X-8.26160 Y9.50705
G01 X-8.29068 Y9.48071
G01 X-8.31704 Y9.45160
G01 X-8.36678 Y9.39100
G01 X-8.39017 Y9.35948
G01 X-8.41034 Y9.32580
G01 X-8.44732 Y9.25666
G01 X-8.47732 Y9.18419
G01 X-8.50008 Y9.10916
G01 X-8.50899 Y9.07360
G01 X-8.50963 Y9.07108
G01 X-8.51537 Y9.03225
G01 X-8.52306 Y8.95422
G01 X-8.52499 Y8.91500
G01 X-8.52499 Y7.93502
G01 X-8.52306 Y7.89580
G01 X-8.51537 Y7.81777
G01 X-8.50963 Y7.77894
G01 X-8.50008 Y7.74086
G01 X-8.47732 Y7.66583
G01 X-8.44732 Y7.59339
G01 X-8.41034 Y7.52422
G01 X-8.39017 Y7.49054
G01 X-8.38626 Y7.48526
G01 X-8.36678 Y7.45902
G01 X-8.31704 Y7.39842
G01 X-8.29068 Y7.36934
G01 X-8.26160 Y7.34297
G01 X-8.20097 Y7.29321
G01 X-8.13576 Y7.24965
G01 X-8.08969 Y7.22504
G01 X-6.56028 Y7.22504
G01 X-6.51420 Y7.24965
G01 X-6.44900 Y7.29321
G01 X-6.41024 Y7.32501
G01 X-6.41156 Y7.32930
G01 X-6.41024 Y7.32501
G01 X-5.44560 Y7.32501
G01 X-5.20417 Y7.42501
G01 X-4.98759 Y7.51472
G01 X-4.98647 Y7.51518
G01 X-4.96178 Y7.52471
G01 X-4.96094 Y7.52501
G01 X-6.48779 Y7.52501
G01 X-6.49020 Y7.53141
G01 X-6.48779 Y7.52501
G01 X-6.50071 Y7.51074
G01 X-6.51527 Y7.49758
G01 X-6.57587 Y7.44782
G01 X-6.60849 Y7.42603
G01 X-6.67763 Y7.38907
G01 X-6.71385 Y7.37409
G01 X-6.78890 Y7.35130
G01 X-6.82736 Y7.34366
G01 X-6.90539 Y7.33599
G01 X-6.92500 Y7.33502
G01 X-7.72499 Y7.33502
G01 X-7.74458 Y7.33599
G01 X-7.82263 Y7.34366
G01 X-7.86109 Y7.35130
G01 X-7.93612 Y7.37409
G01 X-7.97234 Y7.38907
G01 X-8.04150 Y7.42603
G01 X-8.07409 Y7.44782
G01 X-8.13470 Y7.49758
G01 X-8.14925 Y7.51074
G01 X-8.16243 Y7.52529
G01 X-8.21217 Y7.58590
G01 X-8.22388 Y7.60167
G01 X-8.23396 Y7.61851
G01 X-8.27092 Y7.68765
G01 X-8.28593 Y7.72389
G01 X-8.30869 Y7.79893
G01 X-8.31346 Y7.81795
G01 X-8.31633 Y7.83738
G01 X-8.32403 Y7.91541
G01 X-8.32499 Y7.93502
G01 X-8.32499 Y8.91500
G01 X-8.32403 Y8.93461
G01 X-8.31633 Y9.01266
G01 X-8.31346 Y9.03207
G01 X-8.30869 Y9.05109
G01 X-8.28593 Y9.12615
G01 X-8.27092 Y9.16237
G01 X-8.23396 Y9.23151
G01 X-8.22388 Y9.24835
G01 X-8.21217 Y9.26412
G01 X-8.16243 Y9.32473
G01 X-8.14925 Y9.33928
G01 X-8.13470 Y9.35247
G01 X-8.07409 Y9.40220
G01 X-8.04150 Y9.42399
G01 X-7.97234 Y9.46095
G01 X-7.93612 Y9.47596
G01 X-7.86109 Y9.49872
G01 X-7.82263 Y9.50636
G01 X-7.74458 Y9.51406
G01 X-7.72499 Y9.51500
G01 X-6.92500 Y9.51500
G01 X-6.90539 Y9.51406
G01 X-6.82736 Y9.50636
G01 X-6.78890 Y9.49872
G01 X-6.71385 Y9.47596
G01 X-6.67763 Y9.46095
G01 X-6.60849 Y9.42399
G01 X-6.57587 Y9.40220
G01 X-6.51527 Y9.35247
G01 X-6.50071 Y9.33928
G01 X-6.48753 Y9.32473
G01 X-6.43780 Y9.26412
G01 X-6.42611 Y9.24835
G01 X-6.41601 Y9.23151
G01 X-6.37905 Y9.16237
G01 X-6.36404 Y9.12615
G01 X-6.34128 Y9.05109
G01 X-6.33650 Y9.03207
G01 X-6.33363 Y9.01266
G01 X-6.32596 Y8.93461
G01 X-6.32500 Y8.91500
G01 X-6.32500 Y8.52501
G01 X-6.35413 Y8.49583
G01 X-6.32500 Y8.52501
G01 X-5.16086 Y8.52501
G01 X-5.16132 Y8.52519
G01 X-5.17646 Y8.53085
G01 X-5.17765 Y8.53133
G01 X-5.18720 Y8.53520
G01 X-5.18759 Y8.53535
G01 X-5.40407 Y8.62501
G01 X-6.22500 Y8.62501
G01 X-6.25230 Y8.59684
G01 X-6.22500 Y8.62501
G01 X-6.22500 Y8.91500
G01 X-6.22642 Y8.94441
G01 X-6.23412 Y9.02244
G01 X-6.23843 Y9.05158
G01 X-6.24560 Y9.08013
G01 X-6.26836 Y9.15518
G01 X-6.29086 Y9.20951
G01 X-6.32782 Y9.27865
G01 X-6.34296 Y9.30390
G01 X-6.36051 Y9.32755
G01 X-6.41024 Y9.38818
G01 X-6.43000 Y9.41000
G01 X-6.45182 Y9.42976
G01 X-6.51245 Y9.47949
G01 X-6.56134 Y9.51218
G01 X-6.63048 Y9.54914
G01 X-6.68484 Y9.57164
G01 X-6.75987 Y9.59440
G01 X-6.81755 Y9.60588
G01 X-6.89558 Y9.61358
G01 X-6.92500 Y9.61500
G01 X-7.72499 Y9.61500
G01 X-7.75438 Y9.61358
G01 X-7.83244 Y9.60588
G01 X-7.89012 Y9.59440
G01 X-7.96515 Y9.57164
G01 X-8.01948 Y9.54914
G01 X-8.08865 Y9.51218
G01 X-8.13754 Y9.47949
G01 X-8.19815 Y9.42976
G01 X-8.21996 Y9.41000
G01 X-8.23973 Y9.38818
G01 X-8.28948 Y9.32755
G01 X-8.30701 Y9.30390
G01 X-8.32215 Y9.27865
G01 X-8.35911 Y9.20951
G01 X-8.38161 Y9.15518
G01 X-8.40439 Y9.08013
G01 X-8.41153 Y9.05158
G01 X-8.41585 Y9.02244
G01 X-8.42355 Y8.94441
G01 X-8.42499 Y8.91500
G01 X-8.42499 Y7.98653
G01 X-8.42499 Y7.93502
G01 X-8.42355 Y7.90561
G01 X-8.41585 Y7.82758
G01 X-8.41153 Y7.79844
G01 X-8.40998 Y7.79225
G01 X-8.40439 Y7.76989
G01 X-8.38161 Y7.69486
G01 X-8.35911 Y7.64053
G01 X-8.32215 Y7.57137
G01 X-8.30701 Y7.54612
G01 X-8.28948 Y7.52247
G01 X-8.23973 Y7.46184
G01 X-8.21996 Y7.44005
G01 X-8.19815 Y7.42026
G01 X-8.13754 Y7.37053
G01 X-8.08865 Y7.33784
G01 X-8.01948 Y7.30088
G01 X-7.96515 Y7.27838
G01 X-7.89012 Y7.25562
G01 X-7.83244 Y7.24414
G01 X-7.75438 Y7.23647
G01 X-7.72499 Y7.23502
G01 X-6.92500 Y7.23502
G01 X-6.89558 Y7.23647
G01 X-6.81755 Y7.24414
G01 X-6.75987 Y7.25562
G01 X-6.68484 Y7.27838
G01 X-6.63048 Y7.30088
G01 X-6.56134 Y7.33784
G01 X-6.51245 Y7.37053
G01 X-6.45182 Y7.42026
G01 X-6.44659 Y7.42501
G01 X-6.44834 Y7.43024
G01 X-6.44659 Y7.42501
G01 X-5.20417 Y7.42501
G01 X-5.44560 Y7.32501
G01 X-5.68703 Y7.22501
G01 X-6.35657 Y7.22501
G01 X-6.34524 Y7.11785
G01 X-6.29276 Y7.09910
G01 X-6.17646 Y7.05079
G01 X-6.14235 Y7.03464
G01 X-6.12860 Y7.01788
G01 X-6.09353 Y6.97058
G01 X-6.07008 Y6.93146
G01 X-6.07138 Y6.88689
G01 X-6.07008 Y6.93146
G01 X-6.09353 Y6.97058
G01 X-6.12860 Y7.01788
G01 X-6.14235 Y7.03464
G01 X-6.09965 Y7.01445
G01 X-6.06797 Y6.99857
G01 X-6.06968 Y6.94518
G01 X-6.07138 Y6.88689
G01 X-6.07140 Y6.88633
G01 X-6.07196 Y6.85432
G01 X-6.07199 Y6.85377
G01 X-6.07245 Y6.78153
G01 X-6.07384 Y6.73070
G01 X-6.07387 Y6.72997
G01 X-6.07417 Y6.70406
G01 X-6.07488 Y6.64772
G01 X-6.07486 Y6.64589
G01 X-6.07476 Y6.64074
G01 X-6.07466 Y6.59342
G01 X-6.07570 Y6.54394
G01 X-6.07570 Y6.54317
G01 X-6.07587 Y6.51211
G01 X-6.07587 Y6.51137
G01 X-6.07499 Y6.41478
G01 X-6.07499 Y6.28554
G01 X-6.09703 Y6.23901
G01 X-6.09802 Y6.23677
G01 X-6.13503 Y6.14772
G01 X-6.09802 Y6.23677
G01 X-6.09703 Y6.23901
G01 X-6.07499 Y6.28554
G01 X-6.07499 Y6.41478
G01 X-6.07587 Y6.51137
G01 X-6.07587 Y6.51211
G01 X-6.07570 Y6.54317
G01 X-6.07570 Y6.54394
G01 X-6.07466 Y6.59342
G01 X-6.07476 Y6.64074
G01 X-6.07486 Y6.64589
G01 X-6.07488 Y6.64772
G01 X-6.07417 Y6.70406
G01 X-6.07697 Y6.71323
G01 X-6.11448 Y6.80378
G01 X-6.15144 Y6.87294
G01 X-6.17666 Y6.91503
G01 X-6.20590 Y6.95443
G01 X-6.25563 Y7.01506
G01 X-6.28860 Y7.05140
G01 X-6.32495 Y7.08437
G01 X-6.34329 Y7.09941
G01 X-6.37450 Y7.12501
G01 X-6.56028 Y7.12501
G01 X-6.51420 Y7.10037
G01 X-6.44900 Y7.05681
G01 X-6.38840 Y7.00706
G01 X-6.35931 Y6.98069
G01 X-6.33295 Y6.95161
G01 X-6.32688 Y6.94422
G01 X-6.30486 Y6.73568
G01 X-6.22500 Y5.98006
G01 X-6.21161 Y5.85356
G01 X-6.14306 Y5.20475
G01 X-6.14301 Y5.20426
G01 X-6.12497 Y5.03373
G01 X-6.07328 Y4.54455
G01 X-6.05957 Y4.41488
G01 X-6.05416 Y4.40645
G01 X-6.04339 Y4.39035
G01 X-6.04291 Y4.38961
G01 X-6.02698 Y4.36482
G01 X-6.02650 Y4.36406
G01 X-5.99901 Y4.31956
G01 X-5.98240 Y4.29367
G01 X-5.97179 Y4.27783
G01 X-5.97133 Y4.27709
G01 X-5.95403 Y4.25022
G01 X-5.95357 Y4.24948
G01 X-5.95129 Y4.24582
G01 X-5.92068 Y4.19639
G01 X-5.90120 Y4.16609
G01 X-5.89127 Y4.15123
G01 X-5.89081 Y4.15055
G01 X-5.87049 Y4.11902
G01 X-5.87006 Y4.11834
G01 X-5.86010 Y4.10234
G01 X-5.84260 Y4.07666
G01 X-5.81580 Y4.06558
G01 X-5.76889 Y4.05136
G01 X-5.72132 Y4.03942
G01 X-5.67278 Y4.03223
G01 X-5.62401 Y4.02743
G01 X-5.57499 Y4.02502
G01 X-4.87499 Y4.02502
G01 X-4.82599 Y4.02743
G01 X-4.77720 Y4.03223
G01 X-4.72866 Y4.03942
G01 X-4.68108 Y4.05136
G01 X-4.63417 Y4.06558
G01 X-4.60834 Y4.07625
G01 X-4.65053 Y4.01336
G01 X-4.68540 Y3.96632
G01 X-4.70516 Y3.94234
G01 X-4.70915 Y3.94135
G01 X-4.76739 Y3.93272
G01 X-4.81619 Y3.92789
G01 X-4.87499 Y3.92502
G01 X-5.57499 Y3.92502
G01 X-5.63379 Y3.92789
G01 X-5.68258 Y3.93272
G01 X-5.74082 Y3.94135
G01 X-5.74479 Y3.94234
G01 X-5.76455 Y3.96632
G01 X-5.79955 Y4.01351
G01 X-5.84260 Y4.07666
G01 X-5.79955 Y4.01351
G01 X-5.76455 Y3.96632
G01 X-5.74479 Y3.94234
G01 X-5.65738 Y3.83627
G01 X-5.65088 Y3.82911
G01 X-5.64359 Y3.82837
G01 X-5.57499 Y3.82502
G01 X-4.87499 Y3.82502
G01 X-4.80638 Y3.82837
G01 X-4.79907 Y3.82911
G01 X-4.79256 Y3.83627
G01 X-4.68540 Y3.96632
G01 X-4.65053 Y4.01336
G01 X-4.60834 Y4.07625
G01 X-4.57976 Y4.11890
G01 X-4.55167 Y4.16579
G01 X-4.51522 Y4.23373
G01 X-4.50476 Y4.25329
G01 X-4.48263 Y4.30005
G01 X-4.45134 Y4.37536
G01 X-4.43465 Y4.42202
G01 X-4.42198 Y4.46360
G01 X-4.41436 Y4.48875
G01 X-4.40270 Y4.53533
G01 X-4.39058 Y4.59606
G01 X-4.38368 Y4.64265
G01 X-4.37799 Y4.70010
G01 X-4.37567 Y4.74724
G01 X-4.37496 Y4.77564
G01 X-4.37496 Y5.67442
G01 X-4.37567 Y5.70279
G01 X-4.37799 Y5.74996
G01 X-4.38368 Y5.80741
G01 X-4.39066 Y5.85445
G01 X-4.39732 Y5.89154
G01 X-4.40237 Y5.91559
G01 X-4.40270 Y5.91729
G01 X-4.41113 Y5.96571
G01 X-4.41139 Y5.96741
G01 X-4.41162 Y5.96898
G01 X-4.41197 Y5.97107
G01 X-4.42073 Y6.02085
G01 X-4.42528 Y6.04224
G01 X-4.42559 Y6.04379
G01 X-4.43547 Y6.09908
G01 X-4.43572 Y6.10061
G01 X-4.44464 Y6.16113
G01 X-4.47446 Y6.18562
G01 X-4.43752 Y6.22253
G01 X-4.43615 Y6.22166
G01 X-4.43752 Y6.22253
G01 X-4.42279 Y6.23726
G01 X-4.38870 Y6.27701
G01 X-4.42279 Y6.23726
G01 X-4.43752 Y6.22253
G01 X-4.47446 Y6.18562
G01 X-4.52132 Y6.18272
G01 X-4.47446 Y6.18562
G01 X-4.44464 Y6.16113
G01 X-4.44768 Y6.18183
G01 X-4.44819 Y6.19037
G01 X-4.45157 Y6.19072
G01 X-4.44819 Y6.19037
G01 X-4.44725 Y6.19885
G01 X-4.44489 Y6.20706
G01 X-4.44116 Y6.21473
G01 X-4.43615 Y6.22166
G01 X-4.38870 Y6.27701
G01 X-4.38733 Y6.27853
G01 X-4.33971 Y6.32969
G01 X-4.33872 Y6.33073
G01 X-4.30280 Y6.36713
G01 X-4.29605 Y6.37287
G01 X-4.29798 Y6.37604
G01 X-4.29605 Y6.37287
G01 X-4.28840 Y6.37731
G01 X-4.28007 Y6.38034
G01 X-4.09155 Y6.43053
G01 X-4.08581 Y6.43172
G01 X-4.08589 Y6.43208
G01 X-4.08581 Y6.43172
G01 X-4.01596 Y6.44175
G01 X-4.01243 Y6.44213
G01 X-3.90458 Y6.44988
G01 X-3.90100 Y6.45003
G01 X-2.17558 Y6.45003
G01 X-2.13994 Y6.45090
G01 X-2.08302 Y6.45369
G01 X-2.01030 Y6.46088
G01 X-1.95246 Y6.46946
G01 X-1.86732 Y6.48171
G01 X-1.80918 Y6.48978
G01 X-1.70997 Y6.50335
G01 X-1.70847 Y6.50353
G01 X-1.63847 Y6.51094
G01 X-1.63705 Y6.51107
G01 X-1.57017 Y6.51623
G01 X-1.56910 Y6.51630
G01 X-1.50489 Y6.51988
G01 X-1.50387 Y6.51993
G01 X-1.45554 Y6.52166
G01 X-1.43961 Y6.53756
G01 X-1.18858 Y6.78864
G01 X-1.15658 Y6.82324
G01 X-1.12602 Y6.85902
G01 X-1.07068 Y6.93520
G01 X-1.04609 Y6.97533
G01 X-1.02498 Y7.01676
G01 X-1.02496 Y6.82849
G01 X-1.02498 Y7.01676
G01 X-1.02498 Y7.42499
G01 X-1.12496 Y7.42501
G01 X-1.22496 Y7.42501
G01 X-1.32496 Y7.42501
G01 X-1.34495 Y7.42501
G01 X-1.42496 Y7.42501
G01 X-1.42529 Y7.41719
G01 X-1.42897 Y7.37025
G01 X-1.43143 Y7.35476
G01 X-1.44241 Y7.30898
G01 X-1.44726 Y7.29405
G01 X-1.46527 Y7.25056
G01 X-1.47240 Y7.23657
G01 X-1.49699 Y7.19644
G01 X-1.50621 Y7.18374
G01 X-1.53679 Y7.14795
G01 X-1.54213 Y7.14218
G01 X-1.89214 Y6.79217
G01 X-1.89940 Y6.78557
G01 X-1.94487 Y6.74828
G01 X-1.96118 Y6.73738
G01 X-2.01304 Y6.70965
G01 X-2.02191 Y6.70546
G01 X-2.03115 Y6.70215
G01 X-2.08741 Y6.68508
G01 X-2.09694 Y6.68270
G01 X-2.10664 Y6.68125
G01 X-2.16519 Y6.67548
G01 X-2.17499 Y6.67500
G01 X-4.40930 Y6.67500
G01 X-4.82498 Y6.25933
G01 X-4.82498 Y6.02057
G01 X-4.81642 Y6.01973
G01 X-4.80671 Y6.01828
G01 X-4.79719 Y6.01590
G01 X-4.75030 Y6.00167
G01 X-4.73219 Y5.99418
G01 X-4.68896 Y5.97107
G01 X-4.68053 Y5.96604
G01 X-4.67265 Y5.96017
G01 X-4.63478 Y5.92908
G01 X-4.62091 Y5.91524
G01 X-4.58982 Y5.87734
G01 X-4.58398 Y5.86947
G01 X-4.57893 Y5.86103
G01 X-4.55584 Y5.81783
G01 X-4.54832 Y5.79972
G01 X-4.53409 Y5.75280
G01 X-4.53171 Y5.74330
G01 X-4.53028 Y5.73358
G01 X-4.52546 Y5.68481
G01 X-4.52498 Y5.67500
G01 X-4.52498 Y4.77500
G01 X-4.52546 Y4.76520
G01 X-4.53028 Y4.71643
G01 X-4.53171 Y4.70673
G01 X-4.53409 Y4.69720
G01 X-4.54832 Y4.65032
G01 X-4.55584 Y4.63221
G01 X-4.57893 Y4.58898
G01 X-4.58398 Y4.58057
G01 X-4.58982 Y4.57267
G01 X-4.62091 Y4.53480
G01 X-4.63478 Y4.52093
G01 X-4.67265 Y4.48984
G01 X-4.68053 Y4.48400
G01 X-4.68896 Y4.47894
G01 X-4.73219 Y4.45585
G01 X-4.75030 Y4.44836
G01 X-4.79719 Y4.43411
G01 X-4.80671 Y4.43175
G01 X-4.81642 Y4.43030
G01 X-4.86518 Y4.42550
G01 X-4.87499 Y4.42502
G01 X-5.57499 Y4.42502
G01 X-5.58479 Y4.42550
G01 X-5.63356 Y4.43030
G01 X-5.64326 Y4.43175
G01 X-5.65279 Y4.43411
G01 X-5.69967 Y4.44836
G01 X-5.71779 Y4.45585
G01 X-5.76102 Y4.47894
G01 X-5.76945 Y4.48400
G01 X-5.77732 Y4.48984
G01 X-5.81519 Y4.52093
G01 X-5.82906 Y4.53480
G01 X-5.86015 Y4.57267
G01 X-5.86599 Y4.58057
G01 X-5.87105 Y4.58898
G01 X-5.89414 Y4.63221
G01 X-5.90166 Y4.65032
G01 X-5.91588 Y4.69720
G01 X-5.91827 Y4.70673
G01 X-5.91969 Y4.71643
G01 X-5.92452 Y4.76520
G01 X-5.92500 Y4.77500
G01 X-5.92500 Y5.67500
G01 X-5.92452 Y5.68481
G01 X-5.91969 Y5.73358
G01 X-5.91827 Y5.74330
G01 X-5.91588 Y5.75280
G01 X-5.90166 Y5.79972
G01 X-5.89414 Y5.81783
G01 X-5.87105 Y5.86103
G01 X-5.86599 Y5.86947
G01 X-5.86015 Y5.87734
G01 X-5.82906 Y5.91524
G01 X-5.81519 Y5.92908
G01 X-5.77732 Y5.96017
G01 X-5.76945 Y5.96604
G01 X-5.76102 Y5.97107
G01 X-5.71779 Y5.99418
G01 X-5.69967 Y6.00167
G01 X-5.65279 Y6.01590
G01 X-5.64326 Y6.01828
G01 X-5.63356 Y6.01973
G01 X-5.62500 Y6.02057
G01 X-5.62500 Y6.42504
G01 X-5.62467 Y6.43286
G01 X-5.62099 Y6.47980
G01 X-5.61852 Y6.49530
G01 X-5.60755 Y6.54107
G01 X-5.60270 Y6.55600
G01 X-5.58466 Y6.59949
G01 X-5.57755 Y6.61348
G01 X-5.55296 Y6.65361
G01 X-5.54372 Y6.66631
G01 X-5.51316 Y6.70210
G01 X-5.50783 Y6.70787
G01 X-4.85782 Y7.35785
G01 X-4.85055 Y7.36446
G01 X-4.80509 Y7.40175
G01 X-4.78878 Y7.41264
G01 X-4.73691 Y7.44038
G01 X-4.71880 Y7.44787
G01 X-4.66252 Y7.46494
G01 X-4.64331 Y7.46878
G01 X-4.58477 Y7.47454
G01 X-4.57499 Y7.47502
G01 X-2.34068 Y7.47502
G01 X-2.22498 Y7.59072
G01 X-2.22498 Y10.25932
G01 X-2.39066 Y10.42501
G01 X-2.52498 Y10.42501
G01 X-2.52498 Y10.37502
G01 X-2.52546 Y10.36521
G01 X-2.53026 Y10.31645
G01 X-2.53171 Y10.30674
G01 X-2.53410 Y10.29722
G01 X-2.54832 Y10.25030
G01 X-2.55582 Y10.23219
G01 X-2.57893 Y10.18899
G01 X-2.58398 Y10.18056
G01 X-2.58983 Y10.17268
G01 X-2.62092 Y10.13479
G01 X-2.63476 Y10.12094
G01 X-2.67266 Y10.08985
G01 X-2.68053 Y10.08401
G01 X-2.68896 Y10.07896
G01 X-2.73217 Y10.05584
G01 X-2.75028 Y10.04835
G01 X-2.79719 Y10.03413
G01 X-2.80672 Y10.03174
G01 X-2.81642 Y10.03029
G01 X-2.86519 Y10.02549
G01 X-2.87499 Y10.02501
G01 X-3.57499 Y10.02501
G01 X-3.58479 Y10.02549
G01 X-3.63356 Y10.03029
G01 X-3.64327 Y10.03174
G01 X-3.65279 Y10.03413
G01 X-3.69968 Y10.04835
G01 X-3.71779 Y10.05584
G01 X-3.76102 Y10.07896
G01 X-3.76943 Y10.08401
G01 X-3.77733 Y10.08985
G01 X-3.81520 Y10.12094
G01 X-3.82907 Y10.13479
G01 X-3.86016 Y10.17268
G01 X-3.86600 Y10.18056
G01 X-3.87105 Y10.18899
G01 X-3.89414 Y10.23219
G01 X-3.90166 Y10.25030
G01 X-3.91588 Y10.29722
G01 X-3.91827 Y10.30674
G01 X-3.91969 Y10.31645
G01 X-3.92449 Y10.36521
G01 X-3.92498 Y10.37502
G01 X-3.92498 Y11.27502
G01 X-3.92449 Y11.28482
G01 X-3.91969 Y11.33359
G01 X-3.91827 Y11.34329
G01 X-3.91588 Y11.35282
G01 X-3.90166 Y11.39971
G01 X-3.89414 Y11.41782
G01 X-3.87105 Y11.46105
G01 X-3.86600 Y11.46945
G01 X-3.86016 Y11.47735
G01 X-3.82907 Y11.51522
G01 X-3.81520 Y11.52909
G01 X-3.77733 Y11.56018
G01 X-3.76943 Y11.56602
G01 X-3.76102 Y11.57108
G01 X-3.71779 Y11.59417
G01 X-3.69968 Y11.60169
G01 X-3.65279 Y11.61591
G01 X-3.64327 Y11.61830
G01 X-3.63356 Y11.61972
G01 X-3.58479 Y11.62452
G01 X-3.57499 Y11.62500
G01 X-2.87499 Y11.62500
G01 X-2.86519 Y11.62452
G01 X-2.81642 Y11.61972
G01 X-2.80672 Y11.61830
G01 X-2.79719 Y11.61591
G01 X-2.75028 Y11.60169
G01 X-2.73217 Y11.59417
G01 X-2.68896 Y11.57108
G01 X-2.68053 Y11.56602
G01 X-2.67266 Y11.56018
G01 X-2.63476 Y11.52909
G01 X-2.62092 Y11.51522
G01 X-2.58983 Y11.47735
G01 X-2.58398 Y11.46945
G01 X-2.57893 Y11.46105
G01 X-2.55582 Y11.41782
G01 X-2.54832 Y11.39971
G01 X-2.53410 Y11.35282
G01 X-2.53171 Y11.34329
G01 X-2.53026 Y11.33359
G01 X-2.52546 Y11.28482
G01 X-2.52498 Y11.27502
G01 X-2.52498 Y11.22503
G01 X-2.22498 Y11.22503
G01 X-2.21518 Y11.22455
G01 X-2.15663 Y11.21878
G01 X-2.14693 Y11.21733
G01 X-2.13740 Y11.21495
G01 X-2.08114 Y11.19788
G01 X-2.06303 Y11.19038
G01 X-2.01116 Y11.16265
G01 X-2.00273 Y11.15762
G01 X-1.99486 Y11.15175
G01 X-1.94939 Y11.11446
G01 X-1.94213 Y11.10786
G01 X-1.54213 Y10.70786
G01 X-1.53552 Y10.70060
G01 X-1.49824 Y10.65513
G01 X-1.49237 Y10.64726
G01 X-1.48734 Y10.63882
G01 X-1.45960 Y10.58696
G01 X-1.45211 Y10.56885
G01 X-1.43504 Y10.51259
G01 X-1.43265 Y10.50306
G01 X-1.43120 Y10.49336
G01 X-1.42544 Y10.43481
G01 X-1.42496 Y10.42501
G01 X-1.42496 Y7.42501
G01 X-1.34495 Y7.42501
G01 X-1.36583 Y7.22928
G01 X-1.38884 Y7.01356
G01 X-1.40583 Y6.85417
G01 X-1.42272 Y6.69585
G01 X-1.43961 Y6.53756
G01 X-1.44126 Y6.52214
G01 X-1.45198 Y6.42171
G01 X-1.45168 Y6.42146
G01 X-1.37299 Y6.33891
G01 X-1.31134 Y6.24297
G01 X-1.26898 Y6.13713
G01 X-1.24929 Y6.07010
G01 X-1.23108 Y5.98643
G01 X-1.22496 Y5.90101
G01 X-1.22496 Y2.14900
G01 X-1.12496 Y2.14900
G01 X-1.22496 Y2.14900
G01 X-1.32496 Y2.14900
G01 X-1.42496 Y2.14900
G01 X-1.52496 Y2.14900
G01 X-1.62496 Y2.14900
G01 X-1.62496 Y5.90101
G01 X-1.62701 Y5.92949
G01 X-1.63308 Y5.95737
G01 X-1.65277 Y6.02441
G01 X-1.66689 Y6.05969
G01 X-1.68744 Y6.09166
G01 X-1.71365 Y6.11920
G01 X-1.76646 Y6.16497
G01 X-1.79336 Y6.18460
G01 X-1.82313 Y6.19949
G01 X-1.85495 Y6.20927
G01 X-1.90646 Y6.22047
G01 X-1.92760 Y6.22387
G01 X-1.94898 Y6.22504
G01 X-3.90100 Y6.22504
G01 X-3.92945 Y6.22298
G01 X-3.95734 Y6.21691
G01 X-4.02437 Y6.19723
G01 X-4.05967 Y6.18310
G01 X-4.09168 Y6.16253
G01 X-4.11919 Y6.13629
G01 X-4.16493 Y6.08349
G01 X-4.18454 Y6.05661
G01 X-4.19945 Y6.02684
G01 X-4.20920 Y5.99504
G01 X-4.22040 Y5.94353
G01 X-4.22381 Y5.92240
G01 X-4.22498 Y5.90101
G01 X-4.22498 Y2.14900
G01 X-4.22292 Y2.12055
G01 X-4.21685 Y2.09266
G01 X-4.19716 Y2.02563
G01 X-4.18304 Y1.99033
G01 X-4.16249 Y1.95835
G01 X-4.13628 Y1.93084
G01 X-4.08350 Y1.88509
G01 X-4.05660 Y1.86546
G01 X-4.02683 Y1.85055
G01 X-3.99500 Y1.84080
G01 X-3.94349 Y1.82960
G01 X-3.92236 Y1.82619
G01 X-3.90100 Y1.82502
G01 X-1.94898 Y1.82502
G01 X-1.92051 Y1.82708
G01 X-1.89262 Y1.83315
G01 X-1.82559 Y1.85284
G01 X-1.79031 Y1.86693
G01 X-1.75836 Y1.88748
G01 X-1.73085 Y1.91369
G01 X-1.68508 Y1.96648
G01 X-1.66542 Y1.99337
G01 X-1.65051 Y2.02314
G01 X-1.64073 Y2.05499
G01 X-1.62953 Y2.10651
G01 X-1.62612 Y2.12764
G01 X-1.62496 Y2.14900
G01 X-1.72496 Y2.14900
G01 X-1.72554 Y2.13833
G01 X-1.72724 Y2.12777
G01 X-1.73844 Y2.07625
G01 X-1.74335 Y2.06033
G01 X-1.75079 Y2.04544
G01 X-1.76062 Y2.03198
G01 X-1.80639 Y1.97920
G01 X-1.82016 Y1.96609
G01 X-1.83613 Y1.95583
G01 X-1.85376 Y1.94877
G01 X-1.92079 Y1.92909
G01 X-1.93473 Y1.92606
G01 X-1.94898 Y1.92502
G01 X-3.90100 Y1.92502
G01 X-3.91167 Y1.92561
G01 X-3.92223 Y1.92731
G01 X-3.97375 Y1.93851
G01 X-3.98967 Y1.94339
G01 X-4.00456 Y1.95085
G01 X-4.01799 Y1.96066
G01 X-4.07077 Y2.00640
G01 X-4.08388 Y2.02017
G01 X-4.09417 Y2.03615
G01 X-4.10123 Y2.05380
G01 X-4.12091 Y2.12083
G01 X-4.12394 Y2.13478
G01 X-4.12498 Y2.14900
G01 X-4.12498 Y5.90101
G01 X-4.12439 Y5.91171
G01 X-4.12269 Y5.92227
G01 X-4.11149 Y5.97378
G01 X-4.10661 Y5.98968
G01 X-4.09914 Y6.00457
G01 X-4.08934 Y6.01800
G01 X-4.04360 Y6.07081
G01 X-4.02985 Y6.08394
G01 X-4.01385 Y6.09423
G01 X-3.99620 Y6.10129
G01 X-3.92917 Y6.12098
G01 X-3.91522 Y6.12400
G01 X-3.90100 Y6.12504
G01 X-1.94898 Y6.12504
G01 X-1.93829 Y6.12446
G01 X-1.92772 Y6.12275
G01 X-1.87621 Y6.11155
G01 X-1.86029 Y6.10665
G01 X-1.84540 Y6.09921
G01 X-1.83197 Y6.08940
G01 X-1.77916 Y6.04363
G01 X-1.76605 Y6.02987
G01 X-1.75577 Y6.01386
G01 X-1.74871 Y5.99624
G01 X-1.72902 Y5.92921
G01 X-1.72600 Y5.91526
G01 X-1.72496 Y5.90101
G01 X-1.72496 Y2.14900
G01 X-1.62496 Y2.14900
G01 X-1.52496 Y2.14900
G01 X-1.42496 Y2.14900
G01 X-1.32496 Y2.14900
G01 X-1.22496 Y2.14900
G01 X-1.22841 Y2.08489
G01 X-1.23867 Y2.02152
G01 X-1.24987 Y1.97001
G01 X-1.27916 Y1.87445
G01 X-1.32392 Y1.78509
G01 X-1.38287 Y1.70440
G01 X-1.42864 Y1.65162
G01 X-1.51116 Y1.57300
G01 X-1.60705 Y1.51138
G01 X-1.71287 Y1.46904
G01 X-1.77990 Y1.44936
G01 X-1.86356 Y1.43115
G01 X-1.94898 Y1.42502
G01 X-3.90100 Y1.42502
G01 X-3.96511 Y1.42848
G01 X-4.02848 Y1.43874
G01 X-4.07999 Y1.44994
G01 X-4.17550 Y1.47920
G01 X-4.26480 Y1.52393
G01 X-4.34547 Y1.58283
G01 X-4.39826 Y1.62858
G01 X-4.47694 Y1.71110
G01 X-4.53859 Y1.80704
G01 X-4.58096 Y1.91291
G01 X-4.60064 Y1.97994
G01 X-4.61885 Y2.06361
G01 X-4.62498 Y2.14900
G01 X-4.62498 Y3.88240
G01 X-4.60742 Y3.90371
G01 X-4.60585 Y3.90572
G01 X-4.56948 Y3.95474
G01 X-4.56810 Y3.95669
G01 X-4.52498 Y4.02101
G01 X-4.49599 Y4.06426
G01 X-4.49462 Y4.06642
G01 X-4.46526 Y4.11542
G01 X-4.46409 Y4.11750
G01 X-4.42495 Y4.19047
G01 X-4.41604 Y4.20714
G01 X-4.41489 Y4.20937
G01 X-4.39170 Y4.25839
G01 X-4.39074 Y4.26058
G01 X-4.35853 Y4.33812
G01 X-4.35762 Y4.34046
G01 X-4.34009 Y4.38946
G01 X-4.33933 Y4.39177
G01 X-4.32498 Y4.43896
G01 X-4.31832 Y4.46086
G01 X-4.31764 Y4.46324
G01 X-4.30537 Y4.51227
G01 X-4.30483 Y4.51463
G01 X-4.29226 Y4.57775
G01 X-4.29183 Y4.58019
G01 X-4.29158 Y4.58016
G01 X-4.29183 Y4.58019
G01 X-4.28456 Y4.62918
G01 X-4.28429 Y4.63162
G01 X-4.27837 Y4.69149
G01 X-4.27816 Y4.69393
G01 X-4.27575 Y4.74295
G01 X-4.27570 Y4.74417
G01 X-4.27499 Y4.77379
G01 X-4.27486 Y4.77500
G01 X-4.27496 Y5.67500
G01 X-4.27499 Y5.67625
G01 X-4.27550 Y5.70586
G01 X-4.27575 Y5.70708
G01 X-4.27816 Y5.75610
G01 X-4.27837 Y5.75857
G01 X-4.28429 Y5.81844
G01 X-4.28456 Y5.82088
G01 X-4.29183 Y5.86987
G01 X-4.29208 Y5.87137
G01 X-4.29899 Y5.90985
G01 X-4.29927 Y5.91132
G01 X-4.30435 Y5.93538
G01 X-4.31248 Y5.98204
G01 X-4.31268 Y5.98364
G01 X-4.31296 Y5.98542
G01 X-4.31324 Y5.98709
G01 X-4.32241 Y6.03901
G01 X-4.32274 Y6.04074
G01 X-4.32729 Y6.06223
G01 X-4.33691 Y6.11597
G01 X-4.34542 Y6.17386
G01 X-4.31342 Y6.21117
G01 X-4.26699 Y6.26106
G01 X-4.24118 Y6.28722
G01 X-4.06869 Y6.33314
G01 X-4.00349 Y6.34251
G01 X-3.89920 Y6.35001
G01 X-2.17497 Y6.35001
G01 X-2.17375 Y6.34991
G01 X-2.13692 Y6.35095
G01 X-2.13567 Y6.35097
G01 X-2.07685 Y6.35387
G01 X-2.07438 Y6.35405
G01 X-1.99923 Y6.36149
G01 X-1.99681 Y6.36179
G01 X-1.93801 Y6.37051
G01 X-1.85343 Y6.38267
G01 X-1.79567 Y6.39070
G01 X-1.77568 Y6.39342
G01 X-1.69717 Y6.40416
G01 X-1.62861 Y6.41143
G01 X-1.60004 Y6.41361
G01 X-1.56298 Y6.41648
G01 X-1.49984 Y6.42001
G01 X-1.45198 Y6.42171
G01 X-1.40652 Y6.42334
G01 X-1.31325 Y6.42049
G01 X-1.29438 Y6.40073
G01 X-1.22247 Y6.28879
G01 X-1.17301 Y6.16530
G01 X-1.15333 Y6.09827
G01 X-1.13209 Y6.00066
G01 X-1.12496 Y5.90101
G01 X-1.12496 Y2.14900
G01 X-1.12897 Y2.07422
G01 X-1.14096 Y2.00026
G01 X-1.15216 Y1.94875
G01 X-1.18632 Y1.83729
G01 X-1.23855 Y1.73302
G01 X-1.30733 Y1.63889
G01 X-1.35310 Y1.58611
G01 X-1.44937 Y1.49437
G01 X-1.56125 Y1.42251
G01 X-1.68470 Y1.37308
G01 X-1.75173 Y1.35340
G01 X-1.84934 Y1.33216
G01 X-1.94898 Y1.32502
G01 X-3.90100 Y1.32502
G01 X-3.97578 Y1.32904
G01 X-4.04974 Y1.34103
G01 X-4.10125 Y1.35223
G01 X-4.21266 Y1.38637
G01 X-4.31685 Y1.43854
G01 X-4.41096 Y1.50727
G01 X-4.46374 Y1.55301
G01 X-4.55553 Y1.64931
G01 X-4.62746 Y1.76122
G01 X-4.67692 Y1.88474
G01 X-4.69660 Y1.95177
G01 X-4.71784 Y2.04938
G01 X-4.72498 Y2.14900
G01 X-4.72498 Y3.76195
G01 X-4.71766 Y3.77000
G01 X-4.71614 Y3.77178
G01 X-4.62498 Y3.88240
G01 X-4.60742 Y3.90371
G01 X-4.60585 Y3.90572
G01 X-4.56948 Y3.95474
G01 X-4.56810 Y3.95669
G01 X-4.52498 Y4.02101
G01 X-4.52498 Y2.14900
G01 X-4.51987 Y2.07785
G01 X-4.50471 Y2.00813
G01 X-4.48502 Y1.94110
G01 X-4.44969 Y1.85286
G01 X-4.39833 Y1.77293
G01 X-4.33275 Y1.70414
G01 X-4.27997 Y1.65840
G01 X-4.21276 Y1.60930
G01 X-4.13831 Y1.57204
G01 X-4.05873 Y1.54766
G01 X-4.00722 Y1.53645
G01 X-3.95442 Y1.52789
G01 X-3.90100 Y1.52502
G01 X-1.94898 Y1.52502
G01 X-1.87781 Y1.53013
G01 X-1.80809 Y1.54529
G01 X-1.74106 Y1.56498
G01 X-1.65287 Y1.60028
G01 X-1.57296 Y1.65162
G01 X-1.50420 Y1.71715
G01 X-1.45843 Y1.76993
G01 X-1.40928 Y1.83716
G01 X-1.37200 Y1.91164
G01 X-1.34759 Y1.99127
G01 X-1.33639 Y2.04278
G01 X-1.32783 Y2.09558
G01 X-1.32496 Y2.14900
G01 X-1.32496 Y5.90101
G01 X-1.33006 Y5.97218
G01 X-1.34523 Y6.04191
G01 X-1.36491 Y6.10894
G01 X-1.40024 Y6.19715
G01 X-1.45160 Y6.27711
G01 X-1.51716 Y6.34589
G01 X-1.56997 Y6.39166
G01 X-1.60004 Y6.41361
G01 X-1.62861 Y6.41143
G01 X-1.69717 Y6.40416
G01 X-1.77568 Y6.39342
G01 X-1.79567 Y6.39070
G01 X-1.85343 Y6.38267
G01 X-1.93801 Y6.37051
G01 X-1.99681 Y6.36179
G01 X-1.99923 Y6.36149
G01 X-2.07438 Y6.35405
G01 X-2.07685 Y6.35387
G01 X-2.13567 Y6.35097
G01 X-2.13692 Y6.35095
G01 X-2.17375 Y6.34991
G01 X-2.17497 Y6.35001
G01 X-3.89920 Y6.35001
G01 X-4.00349 Y6.34251
G01 X-4.06869 Y6.33314
G01 X-4.24118 Y6.28722
G01 X-4.26699 Y6.26106
G01 X-4.31342 Y6.21117
G01 X-4.34542 Y6.17386
G01 X-4.33691 Y6.11597
G01 X-4.32729 Y6.06223
G01 X-4.32274 Y6.04074
G01 X-4.32241 Y6.03901
G01 X-4.31324 Y5.98709
G01 X-4.30692 Y6.01628
G01 X-4.29229 Y6.06400
G01 X-4.26993 Y6.10866
G01 X-4.24052 Y6.14897
G01 X-4.19478 Y6.20177
G01 X-4.15350 Y6.24114
G01 X-4.10549 Y6.27198
G01 X-4.05256 Y6.29319
G01 X-3.98553 Y6.31287
G01 X-3.94370 Y6.32197
G01 X-3.90100 Y6.32504
G01 X-1.94898 Y6.32504
G01 X-1.91690 Y6.32331
G01 X-1.88523 Y6.31818
G01 X-1.83372 Y6.30698
G01 X-1.78597 Y6.29232
G01 X-1.74131 Y6.26997
G01 X-1.70098 Y6.24053
G01 X-1.64817 Y6.19476
G01 X-1.60883 Y6.15349
G01 X-1.57799 Y6.10551
G01 X-1.55681 Y6.05260
G01 X-1.53712 Y5.98557
G01 X-1.52803 Y5.94373
G01 X-1.52496 Y5.90101
G01 X-1.52496 Y2.14900
G01 X-1.52668 Y2.11695
G01 X-1.53181 Y2.08527
G01 X-1.54302 Y2.03376
G01 X-1.55767 Y1.98598
G01 X-1.58005 Y1.94130
G01 X-1.60951 Y1.90094
G01 X-1.65528 Y1.84816
G01 X-1.69656 Y1.80887
G01 X-1.74449 Y1.77806
G01 X-1.79740 Y1.75688
G01 X-1.86443 Y1.73719
G01 X-1.90626 Y1.72810
G01 X-1.94898 Y1.72502
G01 X-3.90100 Y1.72502
G01 X-3.93305 Y1.72675
G01 X-3.96473 Y1.73188
G01 X-4.01624 Y1.74308
G01 X-4.06399 Y1.75771
G01 X-4.10864 Y1.78009
G01 X-4.14898 Y1.80953
G01 X-4.20176 Y1.85527
G01 X-4.24111 Y1.89655
G01 X-4.27194 Y1.94450
G01 X-4.29312 Y1.99744
G01 X-4.31281 Y2.06447
G01 X-4.32190 Y2.10630
G01 X-4.32498 Y2.14900
G01 X-4.32498 Y4.43896
G01 X-4.33933 Y4.39177
G01 X-4.34009 Y4.38946
G01 X-4.35762 Y4.34046
G01 X-4.35853 Y4.33812
G01 X-4.39074 Y4.26058
G01 X-4.39170 Y4.25839
G01 X-4.41489 Y4.20937
G01 X-4.41604 Y4.20714
G01 X-4.42495 Y4.19047
G01 X-4.42498 Y2.14900
G01 X-4.42089 Y2.09208
G01 X-4.40875 Y2.03630
G01 X-4.38906 Y1.96927
G01 X-4.36082 Y1.89868
G01 X-4.31972 Y1.83473
G01 X-4.26727 Y1.77971
G01 X-4.21449 Y1.73396
G01 X-4.16069 Y1.69470
G01 X-4.10115 Y1.66488
G01 X-4.03750 Y1.64537
G01 X-3.98599 Y1.63417
G01 X-3.94372 Y1.62733
G01 X-3.90100 Y1.62502
G01 X-1.94898 Y1.62502
G01 X-1.89204 Y1.62911
G01 X-1.83626 Y1.64125
G01 X-1.76923 Y1.66094
G01 X-1.69869 Y1.68916
G01 X-1.63476 Y1.73023
G01 X-1.57974 Y1.78266
G01 X-1.53397 Y1.83544
G01 X-1.49465 Y1.88923
G01 X-1.46483 Y1.94880
G01 X-1.44530 Y2.01250
G01 X-1.43410 Y2.06401
G01 X-1.42727 Y2.10628
G01 X-1.42496 Y2.14900
G01 X-1.42496 Y5.90101
G01 X-1.42905 Y5.95796
G01 X-1.44119 Y6.01374
G01 X-1.46087 Y6.08077
G01 X-1.48912 Y6.15133
G01 X-1.53021 Y6.21529
G01 X-1.58267 Y6.27033
G01 X-1.63547 Y6.31610
G01 X-1.68924 Y6.35537
G01 X-1.74881 Y6.38516
G01 X-1.77568 Y6.39342
G01 X-1.69717 Y6.40416
G01 X-1.62861 Y6.41143
G01 X-1.60004 Y6.41361
G01 X-1.56298 Y6.41648
G01 X-1.49984 Y6.42001
G01 X-1.45198 Y6.42171
G01 X-1.44126 Y6.52214
G01 X-1.50387 Y6.51993
G01 X-1.50489 Y6.51988
G01 X-1.56910 Y6.51630
G01 X-1.57017 Y6.51623
G01 X-1.63705 Y6.51107
G01 X-1.60509 Y6.51353
G01 X-1.42272 Y6.69585
G01 X-1.25927 Y6.85933
G01 X-1.23263 Y6.88816
G01 X-1.20207 Y6.92397
G01 X-1.15595 Y6.98745
G01 X-1.13136 Y7.02758
G01 X-1.09572 Y7.09748
G01 X-1.07771 Y7.14099
G01 X-1.05346 Y7.21559
G01 X-1.04248 Y7.26136
G01 X-1.03022 Y7.33886
G01 X-1.02651 Y7.38579
G01 X-1.02498 Y7.42499
G01 X-1.02498 Y10.42506
G01 X-1.02737 Y10.47403
G01 X-1.03314 Y10.53255
G01 X-1.04035 Y10.58109
G01 X-1.05226 Y10.62869
G01 X-1.06933 Y10.68498
G01 X-1.10685 Y10.77553
G01 X-1.13456 Y10.82739
G01 X-1.15978 Y10.86948
G01 X-1.18902 Y10.90888
G01 X-1.22633 Y10.95434
G01 X-1.25927 Y10.99071
G01 X-1.65927 Y11.39071
G01 X-1.69564 Y11.42366
G01 X-1.74111 Y11.46097
G01 X-1.78051 Y11.49021
G01 X-1.82259 Y11.51543
G01 X-1.87446 Y11.54314
G01 X-1.96501 Y11.58066
G01 X-2.02130 Y11.59772
G01 X-2.06890 Y11.60964
G01 X-2.11744 Y11.61685
G01 X-2.17596 Y11.62262
G01 X-2.21269 Y11.62442
G01 X-2.21853 Y11.61497
G01 X-2.21269 Y11.62442
G01 X-2.22615 Y11.64962
G01 X-2.25140 Y11.69168
G01 X-2.28061 Y11.73110
G01 X-2.31170 Y11.76900
G01 X-2.38101 Y11.83829
G01 X-2.41891 Y11.86938
G01 X-2.45830 Y11.89861
G01 X-2.50039 Y11.92383
G01 X-2.54362 Y11.94695
G01 X-2.63417 Y11.98446
G01 X-2.68106 Y11.99869
G01 X-2.72866 Y12.01060
G01 X-2.77720 Y12.01779
G01 X-2.82597 Y12.02262
G01 X-2.87499 Y12.02500
G01 X-3.57499 Y12.02500
G01 X-3.62399 Y12.02262
G01 X-3.67278 Y12.01779
G01 X-3.72129 Y12.01060
G01 X-3.76889 Y11.99869
G01 X-3.81581 Y11.98446
G01 X-3.90636 Y11.94695
G01 X-3.94959 Y11.92383
G01 X-3.99168 Y11.89861
G01 X-4.03107 Y11.86938
G01 X-4.06897 Y11.83829
G01 X-4.13826 Y11.76900
G01 X-4.16935 Y11.73110
G01 X-4.17496 Y11.72353
G01 X-4.17496 Y11.87301
G01 X-4.17499 Y12.01002
G01 X-4.15795 Y12.02399
G01 X-4.10278 Y12.06491
G01 X-4.04385 Y12.10024
G01 X-4.00064 Y12.12333
G01 X-3.87385 Y12.17585
G01 X-3.82696 Y12.19008
G01 X-3.76033 Y12.20677
G01 X-3.69236 Y12.21685
G01 X-3.64360 Y12.22165
G01 X-3.57499 Y12.22500
G01 X-2.87499 Y12.22500
G01 X-2.80639 Y12.22165
G01 X-2.75759 Y12.21685
G01 X-2.68965 Y12.20677
G01 X-2.62302 Y12.19008
G01 X-2.57611 Y12.17585
G01 X-2.44934 Y12.12333
G01 X-2.40611 Y12.10024
G01 X-2.34721 Y12.06491
G01 X-2.29201 Y12.02399
G01 X-2.25414 Y11.99290
G01 X-2.15711 Y11.89587
G01 X-2.12602 Y11.85797
G01 X-2.09442 Y11.81538
G01 X-2.09661 Y11.81152
G01 X-2.09442 Y11.81538
G01 X-2.02988 Y11.80580
G01 X-1.96323 Y11.78911
G01 X-1.90697 Y11.77204
G01 X-1.78018 Y11.71952
G01 X-1.72831 Y11.69181
G01 X-1.66941 Y11.65650
G01 X-1.61421 Y11.61555
G01 X-1.56877 Y11.57827
G01 X-1.51787 Y11.53212
G01 X-1.11787 Y11.13212
G01 X-1.07172 Y11.08122
G01 X-1.03443 Y11.03577
G01 X-1.02496 Y11.02302
G01 X-1.02496 Y6.82849
G01 X-1.04998 Y6.79408
G01 X-1.08056 Y6.75829
G01 X-1.11787 Y6.71793
G01 X-1.31518 Y6.52062
G01 X-1.40514 Y6.52334
G01 X-1.40845 Y6.52334
G01 X-1.44126 Y6.52214
G01 X-1.50387 Y6.51993
G01 X-1.50489 Y6.51988
G01 X-1.56910 Y6.51630
G01 X-1.57017 Y6.51623
G01 X-1.63705 Y6.51107
G01 X-1.63847 Y6.51094
G01 X-1.70847 Y6.50353
G01 X-1.70997 Y6.50335
G01 X-1.80918 Y6.48978
G01 X-1.79051 Y6.49235
G01 X-1.75455 Y6.51638
G01 X-1.70908 Y6.55367
G01 X-1.68000 Y6.58003
G01 X-1.40583 Y6.85417
G01 X-1.32999 Y6.93004
G01 X-1.30868 Y6.95311
G01 X-1.27809 Y6.98892
G01 X-1.24121 Y7.03969
G01 X-1.21660 Y7.07983
G01 X-1.18813 Y7.13576
G01 X-1.17009 Y7.17924
G01 X-1.15071 Y7.23893
G01 X-1.13971 Y7.28473
G01 X-1.12988 Y7.34670
G01 X-1.12620 Y7.39364
G01 X-1.12496 Y7.42501
G01 X-1.12496 Y9.48772
G01 X-1.12496 Y10.42501
G01 X-1.12689 Y10.46422
G01 X-1.13265 Y10.52275
G01 X-1.13842 Y10.56158
G01 X-1.14794 Y10.59966
G01 X-1.16504 Y10.65594
G01 X-1.19504 Y10.72838
G01 X-1.22275 Y10.78025
G01 X-1.24294 Y10.81391
G01 X-1.26633 Y10.84545
G01 X-1.30362 Y10.89092
G01 X-1.32999 Y10.92000
G01 X-1.72999 Y11.32000
G01 X-1.75907 Y11.34637
G01 X-1.80453 Y11.38365
G01 X-1.83608 Y11.40705
G01 X-1.86974 Y11.42724
G01 X-1.92160 Y11.45495
G01 X-1.99404 Y11.48495
G01 X-2.05033 Y11.50204
G01 X-2.08840 Y11.51157
G01 X-2.12724 Y11.51733
G01 X-2.18576 Y11.52310
G01 X-2.22498 Y11.52503
G01 X-2.27708 Y11.52503
G01 X-2.28480 Y11.51368
G01 X-2.27708 Y11.52503
G01 X-2.29125 Y11.55924
G01 X-2.31436 Y11.60247
G01 X-2.33453 Y11.63613
G01 X-2.35792 Y11.66765
G01 X-2.38901 Y11.70555
G01 X-2.44446 Y11.76100
G01 X-2.48233 Y11.79208
G01 X-2.51385 Y11.81548
G01 X-2.54753 Y11.83565
G01 X-2.59077 Y11.85876
G01 X-2.66321 Y11.88876
G01 X-2.71009 Y11.90298
G01 X-2.74817 Y11.91253
G01 X-2.78701 Y11.91827
G01 X-2.83577 Y11.92310
G01 X-2.87499 Y11.92500
G01 X-3.57499 Y11.92500
G01 X-3.61418 Y11.92310
G01 X-3.66298 Y11.91827
G01 X-3.70179 Y11.91253
G01 X-3.73986 Y11.90298
G01 X-3.78678 Y11.88876
G01 X-3.85922 Y11.85876
G01 X-3.90245 Y11.83565
G01 X-3.93610 Y11.81548
G01 X-3.96765 Y11.79208
G01 X-4.00552 Y11.76100
G01 X-4.06097 Y11.70555
G01 X-4.09206 Y11.66765
G01 X-4.11545 Y11.63613
G01 X-4.13562 Y11.60247
G01 X-4.15873 Y11.55924
G01 X-4.17496 Y11.52000
G01 X-4.17496 Y10.28800
G01 X-4.17496 Y10.13519
G01 X-4.17496 Y10.12993
G01 X-4.15873 Y10.09079
G01 X-4.13562 Y10.04756
G01 X-4.11545 Y10.01388
G01 X-4.09206 Y9.98236
G01 X-4.06097 Y9.94449
G01 X-4.00552 Y9.88904
G01 X-3.96765 Y9.85795
G01 X-3.93610 Y9.83456
G01 X-3.90245 Y9.81436
G01 X-3.85922 Y9.79128
G01 X-3.81604 Y9.77339
G01 X-3.79099 Y9.76839
G01 X-3.81604 Y9.77339
G01 X-3.85922 Y9.79128
G01 X-3.90245 Y9.81436
G01 X-3.93610 Y9.83456
G01 X-3.96765 Y9.85795
G01 X-4.00552 Y9.88904
G01 X-4.06097 Y9.94449
G01 X-4.09206 Y9.98236
G01 X-4.11545 Y10.01388
G01 X-4.13562 Y10.04756
G01 X-4.15873 Y10.09079
G01 X-4.17496 Y10.12993
G01 X-4.17496 Y9.92651
G01 X-4.16935 Y9.91891
G01 X-4.13826 Y9.88104
G01 X-4.12493 Y9.86768
G01 X-4.13826 Y9.88104
G01 X-4.16935 Y9.91891
G01 X-4.17496 Y9.92651
G01 X-4.17496 Y9.88886
G01 X-4.16821 Y9.88566
G01 X-4.12493 Y9.86768
G01 X-4.06394 Y9.84236
G01 X-4.01723 Y9.82567
G01 X-3.92399 Y9.79730
G01 X-3.87740 Y9.78564
G01 X-3.79099 Y9.76839
G01 X-3.74441 Y9.76148
G01 X-3.66201 Y9.75335
G01 X-3.61492 Y9.75104
G01 X-3.57438 Y9.75005
G01 X-2.87558 Y9.75003
G01 X-2.83504 Y9.75102
G01 X-2.78795 Y9.75333
G01 X-2.70540 Y9.76146
G01 X-2.66232 Y9.76677
G01 X-2.66110 Y9.76689
G01 X-2.65536 Y9.76745
G01 X-2.64566 Y9.76854
G01 X-2.59077 Y9.79128
G01 X-2.54753 Y9.81436
G01 X-2.52498 Y9.82790
G01 X-2.47781 Y9.90365
G01 X-2.52498 Y9.82790
G01 X-2.52498 Y9.72859
G01 X-2.54675 Y9.75630
G01 X-2.55259 Y9.76255
G01 X-2.55942 Y9.76770
G01 X-2.55444 Y9.77898
G01 X-2.55942 Y9.76770
G01 X-2.56704 Y9.77164
G01 X-2.57520 Y9.77421
G01 X-2.58368 Y9.77535
G01 X-2.59224 Y9.77502
G01 X-2.63217 Y9.77004
G01 X-2.65536 Y9.76745
G01 X-2.63217 Y9.77004
G01 X-2.59224 Y9.77502
G01 X-2.58368 Y9.77535
G01 X-2.57520 Y9.77421
G01 X-2.56704 Y9.77164
G01 X-2.55942 Y9.76770
G01 X-2.55259 Y9.76255
G01 X-2.54675 Y9.75630
G01 X-2.52498 Y9.72859
G01 X-2.50865 Y9.70784
G01 X-2.50781 Y9.70672
G01 X-2.48599 Y9.67731
G01 X-2.48462 Y9.67538
G01 X-2.43517 Y9.60161
G01 X-2.43382 Y9.59948
G01 X-2.42498 Y9.58472
G01 X-2.41619 Y9.57007
G01 X-2.41502 Y9.56798
G01 X-2.38177 Y9.50601
G01 X-2.38066 Y9.50377
G01 X-2.36674 Y9.47436
G01 X-2.36575 Y9.47215
G01 X-2.34324 Y9.41797
G01 X-2.34233 Y9.41564
G01 X-2.34192 Y9.41579
G01 X-2.34233 Y9.41564
G01 X-2.33184 Y9.38622
G01 X-2.33108 Y9.38394
G01 X-2.32498 Y9.36387
G01 X-2.31642 Y9.33575
G01 X-2.31576 Y9.33336
G01 X-2.30839 Y9.30395
G01 X-2.30786 Y9.30156
G01 X-2.29895 Y9.25691
G01 X-2.29851 Y9.25447
G01 X-2.29417 Y9.22506
G01 X-2.29387 Y9.22265
G01 X-2.28967 Y9.18013
G01 X-2.28950 Y9.17766
G01 X-2.28805 Y9.14825
G01 X-2.28800 Y9.14703
G01 X-2.28749 Y9.12625
G01 X-2.28746 Y9.12501
G01 X-2.28716 Y9.12503
G01 X-2.28746 Y9.12501
G01 X-2.28746 Y8.82503
G01 X-2.28749 Y8.82379
G01 X-2.28800 Y8.80301
G01 X-2.28805 Y8.80179
G01 X-2.28950 Y8.77238
G01 X-2.28906 Y8.77233
G01 X-2.28950 Y8.77238
G01 X-2.28967 Y8.76992
G01 X-2.29387 Y8.72740
G01 X-2.29417 Y8.72498
G01 X-2.29851 Y8.69557
G01 X-2.29895 Y8.69313
G01 X-2.30786 Y8.64848
G01 X-2.30839 Y8.64609
G01 X-2.31576 Y8.61668
G01 X-2.31642 Y8.61429
G01 X-2.32498 Y8.58615
G01 X-2.32498 Y7.63212
G01 X-2.31736 Y7.62897
G01 X-2.32498 Y7.63212
G01 X-2.38208 Y7.57502
G01 X-2.37893 Y7.56740
G01 X-2.38208 Y7.57502
G01 X-4.25241 Y7.57502
G01 X-4.23173 Y7.58480
G01 X-4.22947 Y7.58595
G01 X-4.22935 Y7.58569
G01 X-4.22947 Y7.58595
G01 X-4.17695 Y7.61411
G01 X-4.17489 Y7.61528
G01 X-4.14547 Y7.63291
G01 X-4.14334 Y7.63426
G01 X-4.08253 Y7.67502
G01 X-2.42498 Y7.67502
G01 X-2.39567 Y7.64571
G01 X-2.42498 Y7.67502
G01 X-2.42498 Y8.36529
G01 X-2.41619 Y8.37998
G01 X-2.41502 Y8.38206
G01 X-2.38177 Y8.44403
G01 X-2.38066 Y8.44627
G01 X-2.36674 Y8.47568
G01 X-2.36575 Y8.47789
G01 X-2.34324 Y8.53207
G01 X-2.34233 Y8.53441
G01 X-2.33184 Y8.56382
G01 X-2.33108 Y8.56611
G01 X-2.32498 Y8.58615
G01 X-2.33108 Y8.56611
G01 X-2.33184 Y8.56382
G01 X-2.34233 Y8.53441
G01 X-2.34324 Y8.53207
G01 X-2.36575 Y8.47789
G01 X-2.36674 Y8.47568
G01 X-2.38066 Y8.44627
G01 X-2.38177 Y8.44403
G01 X-2.41502 Y8.38206
G01 X-2.41619 Y8.37998
G01 X-2.42498 Y8.36529
G01 X-2.43382 Y8.35056
G01 X-2.43517 Y8.34843
G01 X-2.48462 Y8.27467
G01 X-2.48599 Y8.27274
G01 X-2.50781 Y8.24332
G01 X-2.50938 Y8.24132
G01 X-2.52498 Y8.22239
G01 X-2.52498 Y7.77502
G01 X-2.49567 Y7.74571
G01 X-2.52498 Y7.77502
G01 X-3.95845 Y7.77500
G01 X-3.93839 Y7.79318
G01 X-3.93747 Y7.79405
G01 X-3.89046 Y7.83883
G01 X-3.88962 Y7.83969
G01 X-3.85429 Y7.87502
G01 X-2.62498 Y7.87502
G01 X-2.59567 Y7.84571
G01 X-2.62498 Y7.87502
G01 X-2.62498 Y8.10621
G01 X-2.61264 Y8.11917
G01 X-2.61180 Y8.12008
G01 X-2.58513 Y8.14950
G01 X-2.58360 Y8.15127
G01 X-2.52498 Y8.22239
G01 X-2.58360 Y8.15127
G01 X-2.58513 Y8.14950
G01 X-2.61180 Y8.12008
G01 X-2.61264 Y8.11917
G01 X-2.62498 Y8.10621
G01 X-2.66379 Y8.06552
G01 X-2.66463 Y8.06469
G01 X-2.72498 Y8.00431
G01 X-2.72498 Y7.97502
G01 X-2.74982 Y7.97502
G01 X-2.77494 Y7.97502
G01 X-2.74982 Y7.97502
G01 X-2.75226 Y7.98048
G01 X-2.74982 Y7.97502
G01 X-2.72498 Y7.97502
G01 X-2.69567 Y7.94571
G01 X-2.72498 Y7.97502
G01 X-2.72498 Y8.00431
G01 X-2.73961 Y7.98968
G01 X-2.74558 Y7.98457
G01 X-2.75226 Y7.98048
G01 X-2.75952 Y7.97749
G01 X-2.76714 Y7.97566
G01 X-2.77494 Y7.97502
G01 X-3.75426 Y7.97505
G01 X-3.85429 Y7.87502
G01 X-3.88962 Y7.83969
G01 X-3.89046 Y7.83883
G01 X-3.93747 Y7.79405
G01 X-3.93839 Y7.79318
G01 X-3.95845 Y7.77500
G01 X-3.96783 Y7.76654
G01 X-3.96960 Y7.76499
G01 X-4.04702 Y7.70121
G01 X-4.04903 Y7.69964
G01 X-4.07842 Y7.67784
G01 X-4.08035 Y7.67650
G01 X-4.08253 Y7.67502
G01 X-4.14334 Y7.63426
G01 X-4.14547 Y7.63291
G01 X-4.17489 Y7.61528
G01 X-4.17695 Y7.61411
G01 X-4.22947 Y7.58595
G01 X-4.23173 Y7.58480
G01 X-4.25241 Y7.57502
G01 X-4.26112 Y7.57091
G01 X-4.26333 Y7.56992
G01 X-4.30869 Y7.55107
G01 X-4.31103 Y7.55016
G01 X-4.34044 Y7.53964
G01 X-4.34276 Y7.53888
G01 X-4.38319 Y7.52659
G01 X-4.38561 Y7.52590
G01 X-4.41502 Y7.51856
G01 X-4.41738 Y7.51803
G01 X-4.45421 Y7.51069
G01 X-4.45408 Y7.51000
G01 X-4.45421 Y7.51069
G01 X-4.45665 Y7.51025
G01 X-4.48606 Y7.50591
G01 X-4.48848 Y7.50561
G01 X-4.52338 Y7.50215
G01 X-4.52584 Y7.50197
G01 X-4.55523 Y7.50053
G01 X-4.55647 Y7.50048
G01 X-4.59025 Y7.49964
G01 X-4.64728 Y7.49684
G01 X-4.68014 Y7.49359
G01 X-4.73651 Y7.48524
G01 X-4.77222 Y7.47812
G01 X-4.82863 Y7.46398
G01 X-4.86920 Y7.45163
G01 X-4.92518 Y7.43159
G01 X-4.92635 Y7.43118
G01 X-4.94982 Y7.42214
G01 X-5.16589 Y7.33263
G01 X-5.40732 Y7.23263
G01 X-5.71994 Y6.92001
G01 X-5.74128 Y6.89695
G01 X-5.77184 Y6.86116
G01 X-5.80874 Y6.81038
G01 X-5.83333 Y6.77023
G01 X-5.86183 Y6.71429
G01 X-5.87986 Y6.67081
G01 X-5.89924 Y6.61112
G01 X-5.91024 Y6.56535
G01 X-5.92007 Y6.50335
G01 X-5.92375 Y6.45641
G01 X-5.92500 Y6.42504
G01 X-5.92500 Y6.22214
G01 X-5.91644 Y6.21785
G01 X-5.92500 Y6.22214
G01 X-5.93610 Y6.21546
G01 X-5.96765 Y6.19210
G01 X-6.00552 Y6.16098
G01 X-6.03234 Y6.13416
G01 X-6.00615 Y6.19728
G01 X-5.97981 Y6.25290
G01 X-5.97714 Y6.25976
G01 X-5.97552 Y6.26695
G01 X-5.97366 Y6.26657
G01 X-5.97552 Y6.26695
G01 X-5.97499 Y6.27429
G01 X-5.97499 Y6.41501
G01 X-5.97499 Y6.41549
G01 X-5.97587 Y6.51201
G01 X-5.97570 Y6.54224
G01 X-5.97468 Y6.59189
G01 X-5.97466 Y6.59301
G01 X-5.97476 Y6.64145
G01 X-5.97476 Y6.64257
G01 X-5.97488 Y6.64739
G01 X-5.97417 Y6.70309
G01 X-5.97224 Y6.70909
G01 X-5.95423 Y6.75257
G01 X-5.91860 Y6.82247
G01 X-5.89401 Y6.86263
G01 X-5.84788 Y6.92611
G01 X-5.81730 Y6.96189
G01 X-5.79066 Y6.99072
G01 X-5.64875 Y7.13261
G01 X-5.40732 Y7.23263
G01 X-5.64875 Y7.13261
G01 X-5.86820 Y7.04173
G01 X-5.88733 Y7.03334
G01 X-5.89335 Y7.02684
G01 X-5.92393 Y6.99105
G01 X-5.97013 Y6.92743
G01 X-5.92393 Y6.99105
G01 X-5.89335 Y7.02684
G01 X-5.88733 Y7.03334
G01 X-5.91799 Y7.01996
G01 X-5.96434 Y6.99860
G01 X-5.96798 Y6.99687
G01 X-5.96973 Y6.94198
G01 X-5.97013 Y6.92743
G01 X-5.97140 Y6.88440
G01 X-5.97199 Y6.85288
G01 X-5.97245 Y6.78036
G01 X-5.97247 Y6.77932
G01 X-5.97387 Y6.72834
G01 X-5.97417 Y6.70309
G01 X-5.97488 Y6.64739
G01 X-5.97476 Y6.64257
G01 X-5.97476 Y6.64145
G01 X-5.97466 Y6.59301
G01 X-5.97468 Y6.59189
G01 X-5.97570 Y6.54224
G01 X-5.97587 Y6.51201
G01 X-5.97499 Y6.41549
G01 X-5.97499 Y6.41501
G01 X-5.97499 Y6.27429
G01 X-5.97552 Y6.26695
G01 X-5.97714 Y6.25976
G01 X-5.97981 Y6.25290
G01 X-6.00615 Y6.19728
G01 X-6.03234 Y6.13416
G01 X-6.04219 Y6.11049
G01 X-6.05891 Y6.06383
G01 X-6.08248 Y5.98631
G01 X-6.09414 Y5.93972
G01 X-6.10828 Y5.86878
G01 X-6.11517 Y5.82225
G01 X-6.12185 Y5.75489
G01 X-6.12416 Y5.70772
G01 X-6.12492 Y5.67604
G01 X-6.12497 Y5.67439
G01 X-6.12497 Y5.43505
G01 X-6.12497 Y5.03373
G01 X-6.12500 Y4.77500
G01 X-6.12355 Y4.74562
G01 X-6.11875 Y4.69682
G01 X-6.11443 Y4.66772
G01 X-6.10727 Y4.63917
G01 X-6.09304 Y4.59225
G01 X-6.07328 Y4.54455
G01 X-6.07054 Y4.53792
G01 X-6.04743 Y4.49469
G01 X-6.03229 Y4.46944
G01 X-6.01476 Y4.44580
G01 X-5.98367 Y4.40792
G01 X-5.94209 Y4.36634
G01 X-5.90420 Y4.33525
G01 X-5.88055 Y4.31770
G01 X-5.85530 Y4.30256
G01 X-5.81207 Y4.27948
G01 X-5.75774 Y4.25697
G01 X-5.71085 Y4.24272
G01 X-5.68228 Y4.23558
G01 X-5.65317 Y4.23127
G01 X-5.60440 Y4.22647
G01 X-5.57499 Y4.22502
G01 X-4.87499 Y4.22502
G01 X-4.84557 Y4.22647
G01 X-4.79681 Y4.23127
G01 X-4.76770 Y4.23558
G01 X-4.73912 Y4.24272
G01 X-4.69223 Y4.25697
G01 X-4.63790 Y4.27948
G01 X-4.59467 Y4.30256
G01 X-4.56943 Y4.31770
G01 X-4.54578 Y4.33525
G01 X-4.50788 Y4.36634
G01 X-4.46630 Y4.40792
G01 X-4.43521 Y4.44580
G01 X-4.42198 Y4.46360
G01 X-4.43465 Y4.42202
G01 X-4.45134 Y4.37536
G01 X-4.48263 Y4.30005
G01 X-4.50476 Y4.25329
G01 X-4.51522 Y4.23373
G01 X-4.54753 Y4.21438
G01 X-4.59076 Y4.19126
G01 X-4.66320 Y4.16126
G01 X-4.71009 Y4.14704
G01 X-4.74819 Y4.13749
G01 X-4.78700 Y4.13175
G01 X-4.83577 Y4.12695
G01 X-4.87499 Y4.12502
G01 X-5.57499 Y4.12502
G01 X-5.61420 Y4.12695
G01 X-5.66297 Y4.13175
G01 X-5.70181 Y4.13749
G01 X-5.73988 Y4.14704
G01 X-5.78677 Y4.16126
G01 X-5.85921 Y4.19126
G01 X-5.90244 Y4.21438
G01 X-5.93610 Y4.23457
G01 X-5.95129 Y4.24582
G01 X-5.95357 Y4.24948
G01 X-5.95403 Y4.25022
G01 X-5.97133 Y4.27709
G01 X-5.97179 Y4.27783
G01 X-5.98240 Y4.29367
G01 X-5.99901 Y4.31956
G01 X-6.02650 Y4.36406
G01 X-6.02698 Y4.36482
G01 X-6.04291 Y4.38961
G01 X-6.04339 Y4.39035
G01 X-6.05416 Y4.40645
G01 X-6.05957 Y4.41488
G01 X-6.06952 Y4.43038
G01 X-6.09561 Y4.47262
G01 X-6.09607 Y4.47338
G01 X-6.11182 Y4.49789
G01 X-6.11230 Y4.49863
G01 X-6.12322 Y4.51498
G01 X-6.13856 Y4.53886
G01 X-6.16610 Y4.58346
G01 X-6.16658 Y4.58423
G01 X-6.18372 Y4.61090
G01 X-6.18421 Y4.61163
G01 X-6.19472 Y4.62735
G01 X-6.21159 Y4.65357
G01 X-6.21385 Y4.65720
G01 X-6.21827 Y4.68704
G01 X-6.22307 Y4.73581
G01 X-6.22492 Y4.77376
G01 X-6.22307 Y4.73581
G01 X-6.21827 Y4.68704
G01 X-6.21385 Y4.65720
G01 X-6.22045 Y4.66789
G01 X-6.22154 Y4.68448
G01 X-6.22391 Y4.73243
G01 X-6.22492 Y4.77376
G01 X-6.22497 Y4.77564
G01 X-6.22497 Y4.88158
G01 X-6.21072 Y4.92138
G01 X-6.20996 Y4.92367
G01 X-6.18494 Y5.00594
G01 X-6.18428 Y5.00835
G01 X-6.16447 Y5.08674
G01 X-6.16409 Y5.08915
G01 X-6.14920 Y5.16383
G01 X-6.14877 Y5.16627
G01 X-6.14301 Y5.20426
G01 X-6.13689 Y5.24465
G01 X-6.13683 Y5.24711
G01 X-6.12990 Y5.31737
G01 X-6.12972 Y5.31983
G01 X-6.12589 Y5.39827
G01 X-6.12584 Y5.39949
G01 X-6.12500 Y5.43380
G01 X-6.12497 Y5.43505
G01 X-6.12497 Y5.67439
G01 X-6.12495 Y5.67574
G01 X-6.12492 Y5.67604
G01 X-6.12355 Y5.70442
G01 X-6.11875 Y5.75318
G01 X-6.11443 Y5.78232
G01 X-6.10727 Y5.81087
G01 X-6.09304 Y5.85778
G01 X-6.07054 Y5.91211
G01 X-6.04743 Y5.95532
G01 X-6.03229 Y5.98056
G01 X-6.01476 Y6.00421
G01 X-5.98367 Y6.04211
G01 X-5.94209 Y6.08369
G01 X-5.90420 Y6.11478
G01 X-5.88055 Y6.13233
G01 X-5.85530 Y6.14747
G01 X-5.82500 Y6.16365
G01 X-5.81433 Y6.15781
G01 X-5.82500 Y6.16365
G01 X-5.82500 Y6.42504
G01 X-5.82406 Y6.44856
G01 X-5.82038 Y6.49550
G01 X-5.81301 Y6.54198
G01 X-5.80201 Y6.58778
G01 X-5.78746 Y6.63253
G01 X-5.76945 Y6.67604
G01 X-5.74809 Y6.71798
G01 X-5.72347 Y6.75811
G01 X-5.69581 Y6.79621
G01 X-5.66523 Y6.83200
G01 X-5.64923 Y6.84930
G01 X-5.16589 Y7.33263
G01 X-4.94982 Y7.42214
G01 X-4.92635 Y7.43118
G01 X-4.92518 Y7.43159
G01 X-4.92853 Y7.42857
G01 X-5.57854 Y6.77858
G01 X-5.58919 Y6.76705
G01 X-5.61977 Y6.73126
G01 X-5.63821 Y6.70586
G01 X-5.66282 Y6.66573
G01 X-5.67707 Y6.63776
G01 X-5.69508 Y6.59428
G01 X-5.70478 Y6.56443
G01 X-5.71578 Y6.51864
G01 X-5.72068 Y6.48765
G01 X-5.72436 Y6.44071
G01 X-5.72500 Y6.42504
G01 X-5.72500 Y6.09850
G01 X-5.71098 Y6.08996
G01 X-5.72500 Y6.09850
G01 X-5.72871 Y6.09738
G01 X-5.76493 Y6.08237
G01 X-5.80816 Y6.05925
G01 X-5.82500 Y6.04917
G01 X-5.84075 Y6.03749
G01 X-5.87864 Y6.00640
G01 X-5.90635 Y5.97866
G01 X-5.93744 Y5.94079
G01 X-5.94915 Y5.92501
G01 X-5.95924 Y5.90817
G01 X-5.98235 Y5.86497
G01 X-5.99734 Y5.82875
G01 X-6.01156 Y5.78184
G01 X-6.01634 Y5.76281
G01 X-6.01923 Y5.74338
G01 X-6.02403 Y5.69461
G01 X-6.02500 Y5.67500
G01 X-6.02500 Y4.77500
G01 X-6.02403 Y4.75542
G01 X-6.01923 Y4.70663
G01 X-6.01634 Y4.68722
G01 X-6.01156 Y4.66817
G01 X-5.99734 Y4.62128
G01 X-5.98235 Y4.58506
G01 X-5.95924 Y4.54183
G01 X-5.94915 Y4.52502
G01 X-5.93744 Y4.50924
G01 X-5.90635 Y4.47135
G01 X-5.87864 Y4.44364
G01 X-5.84075 Y4.41255
G01 X-5.82500 Y4.40086
G01 X-5.80816 Y4.39075
G01 X-5.76493 Y4.36766
G01 X-5.72871 Y4.35265
G01 X-5.68182 Y4.33843
G01 X-5.66277 Y4.33365
G01 X-5.64336 Y4.33078
G01 X-5.59460 Y4.32598
G01 X-5.57499 Y4.32502
G01 X-4.87499 Y4.32502
G01 X-4.85538 Y4.32598
G01 X-4.80661 Y4.33078
G01 X-4.78721 Y4.33365
G01 X-4.76816 Y4.33843
G01 X-4.72127 Y4.35265
G01 X-4.68505 Y4.36766
G01 X-4.64182 Y4.39075
G01 X-4.62498 Y4.40086
G01 X-4.60923 Y4.41255
G01 X-4.57133 Y4.44364
G01 X-4.54362 Y4.47135
G01 X-4.51253 Y4.50924
G01 X-4.50082 Y4.52502
G01 X-4.49074 Y4.54183
G01 X-4.46762 Y4.58506
G01 X-4.45264 Y4.62128
G01 X-4.43841 Y4.66817
G01 X-4.43364 Y4.68722
G01 X-4.43074 Y4.70663
G01 X-4.42594 Y4.75542
G01 X-4.42498 Y4.77500
G01 X-4.42498 Y5.67500
G01 X-4.42594 Y5.69461
G01 X-4.43074 Y5.74338
G01 X-4.43364 Y5.76281
G01 X-4.43841 Y5.78184
G01 X-4.45264 Y5.82875
G01 X-4.46762 Y5.86497
G01 X-4.49074 Y5.90817
G01 X-4.50082 Y5.92501
G01 X-4.51253 Y5.94079
G01 X-4.54362 Y5.97866
G01 X-4.57133 Y6.00640
G01 X-4.60923 Y6.03749
G01 X-4.62498 Y6.04917
G01 X-4.64182 Y6.05925
G01 X-4.68505 Y6.08237
G01 X-4.72127 Y6.09738
G01 X-4.72498 Y6.09850
G01 X-4.74006 Y6.08912
G01 X-4.72498 Y6.09850
G01 X-4.72498 Y6.21790
G01 X-4.73260 Y6.22108
G01 X-4.72498 Y6.21790
G01 X-4.36788 Y6.57500
G01 X-4.37100 Y6.58252
G01 X-4.36788 Y6.57500
G01 X-2.17499 Y6.57500
G01 X-2.15538 Y6.57597
G01 X-2.09684 Y6.58173
G01 X-2.07743 Y6.58463
G01 X-2.05841 Y6.58938
G01 X-2.00212 Y6.60647
G01 X-1.98363 Y6.61308
G01 X-1.96590 Y6.62146
G01 X-1.91403 Y6.64919
G01 X-1.88142 Y6.67096
G01 X-1.83598 Y6.70827
G01 X-1.82143 Y6.72146
G01 X-1.47141 Y7.07147
G01 X-1.46075 Y7.08300
G01 X-1.43019 Y7.11879
G01 X-1.41172 Y7.14419
G01 X-1.38714 Y7.18432
G01 X-1.37289 Y7.21229
G01 X-1.36583 Y7.22928
G01 X-1.35488 Y7.25577
G01 X-1.34518 Y7.28564
G01 X-1.33418 Y7.33141
G01 X-1.32927 Y7.36240
G01 X-1.32559 Y7.40934
G01 X-1.32496 Y7.42501
G01 X-1.32496 Y7.61264
G01 X-1.32496 Y10.42501
G01 X-1.32592 Y10.44461
G01 X-1.33169 Y10.50316
G01 X-1.33458 Y10.52257
G01 X-1.33933 Y10.54159
G01 X-1.35643 Y10.59788
G01 X-1.37141 Y10.63410
G01 X-1.39915 Y10.68597
G01 X-1.40923 Y10.70281
G01 X-1.42092 Y10.71858
G01 X-1.45823 Y10.76402
G01 X-1.47141 Y10.77857
G01 X-1.87141 Y11.17857
G01 X-1.88597 Y11.19176
G01 X-1.93141 Y11.22907
G01 X-1.94718 Y11.24075
G01 X-1.96402 Y11.25084
G01 X-2.01589 Y11.27857
G01 X-2.05211 Y11.29356
G01 X-2.10839 Y11.31065
G01 X-2.12742 Y11.31540
G01 X-2.14682 Y11.31830
G01 X-2.20537 Y11.32406
G01 X-2.22498 Y11.32503
G01 X-2.42894 Y11.32503
G01 X-2.44568 Y11.30471
G01 X-2.42894 Y11.32503
G01 X-2.43075 Y11.34339
G01 X-2.43364 Y11.36280
G01 X-2.43839 Y11.38185
G01 X-2.45264 Y11.42874
G01 X-2.46763 Y11.46496
G01 X-2.49074 Y11.50819
G01 X-2.50082 Y11.52503
G01 X-2.51251 Y11.54078
G01 X-2.54360 Y11.57867
G01 X-2.57133 Y11.60639
G01 X-2.60921 Y11.63748
G01 X-2.62498 Y11.64918
G01 X-2.64182 Y11.65927
G01 X-2.68503 Y11.68236
G01 X-2.72127 Y11.69737
G01 X-2.76816 Y11.71159
G01 X-2.78718 Y11.71637
G01 X-2.80661 Y11.71924
G01 X-2.85538 Y11.72404
G01 X-2.87499 Y11.72500
G01 X-3.57499 Y11.72500
G01 X-3.59460 Y11.72404
G01 X-3.64337 Y11.71924
G01 X-3.66277 Y11.71637
G01 X-3.68182 Y11.71159
G01 X-3.72871 Y11.69737
G01 X-3.76493 Y11.68236
G01 X-3.80816 Y11.65927
G01 X-3.82500 Y11.64918
G01 X-3.84075 Y11.63748
G01 X-3.87865 Y11.60639
G01 X-3.90636 Y11.57867
G01 X-3.93745 Y11.54078
G01 X-3.94916 Y11.52503
G01 X-3.95924 Y11.50819
G01 X-3.98233 Y11.46496
G01 X-3.99734 Y11.42874
G01 X-4.01157 Y11.38185
G01 X-4.01634 Y11.36280
G01 X-4.01921 Y11.34339
G01 X-4.02401 Y11.29463
G01 X-4.02498 Y11.27502
G01 X-4.02498 Y10.37502
G01 X-4.02401 Y10.35541
G01 X-4.01921 Y10.30664
G01 X-4.01634 Y10.28721
G01 X-4.01157 Y10.26819
G01 X-3.99734 Y10.22127
G01 X-3.98233 Y10.18505
G01 X-3.95924 Y10.14185
G01 X-3.94916 Y10.12501
G01 X-3.93745 Y10.10923
G01 X-3.90636 Y10.07136
G01 X-3.87865 Y10.04363
G01 X-3.84075 Y10.01254
G01 X-3.82500 Y10.00085
G01 X-3.80816 Y9.99077
G01 X-3.76493 Y9.96765
G01 X-3.72871 Y9.95264
G01 X-3.68182 Y9.93842
G01 X-3.66277 Y9.93367
G01 X-3.64337 Y9.93077
G01 X-3.59460 Y9.92597
G01 X-3.57499 Y9.92501
G01 X-2.87499 Y9.92501
G01 X-2.85538 Y9.92597
G01 X-2.80661 Y9.93077
G01 X-2.78718 Y9.93367
G01 X-2.76816 Y9.93842
G01 X-2.72127 Y9.95264
G01 X-2.68503 Y9.96765
G01 X-2.64182 Y9.99077
G01 X-2.62498 Y10.00085
G01 X-2.60921 Y10.01254
G01 X-2.57133 Y10.04363
G01 X-2.54360 Y10.07136
G01 X-2.51251 Y10.10923
G01 X-2.50082 Y10.12501
G01 X-2.49074 Y10.14185
G01 X-2.46763 Y10.18505
G01 X-2.45264 Y10.22127
G01 X-2.43839 Y10.26819
G01 X-2.43364 Y10.28721
G01 X-2.43075 Y10.30664
G01 X-2.42922 Y10.32216
G01 X-2.45406 Y10.41703
G01 X-2.42922 Y10.32216
G01 X-2.32498 Y10.21792
G01 X-2.31736 Y10.22107
G01 X-2.32498 Y10.21792
G01 X-2.32498 Y9.36387
G01 X-2.33108 Y9.38394
G01 X-2.33184 Y9.38622
G01 X-2.34233 Y9.41564
G01 X-2.34324 Y9.41797
G01 X-2.36575 Y9.47215
G01 X-2.36674 Y9.47436
G01 X-2.38066 Y9.50377
G01 X-2.38177 Y9.50601
G01 X-2.41502 Y9.56798
G01 X-2.41619 Y9.57007
G01 X-2.42498 Y9.58472
G01 X-2.42498 Y10.05963
G01 X-2.36364 Y10.20583
G01 X-2.42498 Y10.05963
G01 X-2.43522 Y10.04581
G01 X-2.46631 Y10.00791
G01 X-2.50789 Y9.96633
G01 X-2.54578 Y9.93524
G01 X-2.56943 Y9.91769
G01 X-2.59468 Y9.90258
G01 X-2.63791 Y9.87946
G01 X-2.69224 Y9.85696
G01 X-2.73913 Y9.84274
G01 X-2.76768 Y9.83557
G01 X-2.79681 Y9.83126
G01 X-2.84558 Y9.82645
G01 X-2.87499 Y9.82501
G01 X-3.57499 Y9.82501
G01 X-3.60440 Y9.82645
G01 X-3.65317 Y9.83126
G01 X-3.68228 Y9.83557
G01 X-3.71086 Y9.84274
G01 X-3.75774 Y9.85696
G01 X-3.81207 Y9.87946
G01 X-3.85530 Y9.90258
G01 X-3.88055 Y9.91769
G01 X-3.90420 Y9.93524
G01 X-3.94207 Y9.96633
G01 X-3.98368 Y10.00791
G01 X-4.01477 Y10.04581
G01 X-4.03229 Y10.06946
G01 X-4.04743 Y10.09470
G01 X-4.07054 Y10.13794
G01 X-4.09305 Y10.19227
G01 X-4.10727 Y10.23915
G01 X-4.11441 Y10.26770
G01 X-4.11873 Y10.29684
G01 X-4.12355 Y10.34561
G01 X-4.12498 Y10.37502
G01 X-4.12498 Y11.27502
G01 X-4.12355 Y11.30443
G01 X-4.11873 Y11.35320
G01 X-4.11441 Y11.38231
G01 X-4.10727 Y11.41088
G01 X-4.09305 Y11.45777
G01 X-4.07054 Y11.51210
G01 X-4.04743 Y11.55533
G01 X-4.03229 Y11.58058
G01 X-4.01477 Y11.60423
G01 X-3.98368 Y11.64210
G01 X-3.94207 Y11.68370
G01 X-3.90420 Y11.71479
G01 X-3.88055 Y11.73232
G01 X-3.85530 Y11.74746
G01 X-3.81207 Y11.77057
G01 X-3.75774 Y11.79308
G01 X-3.71086 Y11.80730
G01 X-3.68228 Y11.81444
G01 X-3.65317 Y11.81875
G01 X-3.60440 Y11.82358
G01 X-3.57499 Y11.82500
G01 X-2.87499 Y11.82500
G01 X-2.84558 Y11.82358
G01 X-2.79681 Y11.81875
G01 X-2.76768 Y11.81444
G01 X-2.73913 Y11.80730
G01 X-2.69224 Y11.79308
G01 X-2.63791 Y11.77057
G01 X-2.59468 Y11.74746
G01 X-2.56943 Y11.73232
G01 X-2.54578 Y11.71479
G01 X-2.50789 Y11.68370
G01 X-2.46631 Y11.64210
G01 X-2.43522 Y11.60423
G01 X-2.41769 Y11.58058
G01 X-2.40255 Y11.55533
G01 X-2.37944 Y11.51210
G01 X-2.35693 Y11.45777
G01 X-2.34700 Y11.42503
G01 X-2.35729 Y11.41022
G01 X-2.34700 Y11.42503
G01 X-2.22498 Y11.42503
G01 X-2.19557 Y11.42358
G01 X-2.13705 Y11.41782
G01 X-2.10791 Y11.41350
G01 X-2.07936 Y11.40634
G01 X-2.02308 Y11.38927
G01 X-1.96875 Y11.36676
G01 X-1.91688 Y11.33903
G01 X-1.89163 Y11.32391
G01 X-1.86798 Y11.30636
G01 X-1.82252 Y11.26905
G01 X-1.80070 Y11.24929
G01 X-1.40070 Y10.84929
G01 X-1.38094 Y10.82747
G01 X-1.34363 Y10.78200
G01 X-1.32607 Y10.75836
G01 X-1.31096 Y10.73311
G01 X-1.28322 Y10.68124
G01 X-1.26072 Y10.62691
G01 X-1.24365 Y10.57062
G01 X-1.23649 Y10.54207
G01 X-1.23217 Y10.51294
G01 X-1.22640 Y10.45442
G01 X-1.22496 Y10.42501
G01 X-1.22496 Y8.55018
G01 X-1.22496 Y7.42501
G01 X-1.22590 Y7.40149
G01 X-1.22958 Y7.35455
G01 X-1.23695 Y7.30807
G01 X-1.24794 Y7.26227
G01 X-1.26250 Y7.21752
G01 X-1.28051 Y7.17403
G01 X-1.30187 Y7.13207
G01 X-1.32648 Y7.09194
G01 X-1.35414 Y7.05387
G01 X-1.38472 Y7.01805
G01 X-1.38884 Y7.01356
G01 X-1.40070 Y7.00076
G01 X-1.75071 Y6.65074
G01 X-1.77253 Y6.63098
G01 X-1.81800 Y6.59367
G01 X-1.86689 Y6.56101
G01 X-1.91876 Y6.53327
G01 X-1.94538 Y6.52070
G01 X-1.97309 Y6.51076
G01 X-2.02938 Y6.49370
G01 X-2.05792 Y6.48653
G01 X-2.08706 Y6.48221
G01 X-2.14558 Y6.47645
G01 X-2.17499 Y6.47500
G01 X-4.32645 Y6.47500
G01 X-4.32960 Y6.48262
G01 X-4.32645 Y6.47500
G01 X-4.62498 Y6.17650
G01 X-4.63260 Y6.17965
G01 X-4.62498 Y6.17650
G01 X-4.62498 Y6.16365
G01 X-4.63656 Y6.15755
G01 X-4.62498 Y6.16365
G01 X-4.59467 Y6.14747
G01 X-4.56943 Y6.13233
G01 X-4.54578 Y6.11478
G01 X-4.50788 Y6.08369
G01 X-4.46630 Y6.04211
G01 X-4.43521 Y6.00421
G01 X-4.41769 Y5.98056
G01 X-4.41197 Y5.97107
G01 X-4.42073 Y6.02085
G01 X-4.42528 Y6.04224
G01 X-4.42559 Y6.04379
G01 X-4.43547 Y6.09908
G01 X-4.43572 Y6.10061
G01 X-4.44464 Y6.16113
G01 X-4.44768 Y6.18183
G01 X-4.44819 Y6.19037
G01 X-4.44725 Y6.19885
G01 X-4.44489 Y6.20706
G01 X-4.44116 Y6.21473
G01 X-4.43615 Y6.22166
G01 X-4.38870 Y6.27701
G01 X-4.38733 Y6.27853
G01 X-4.33971 Y6.32969
G01 X-4.33872 Y6.33073
G01 X-4.30280 Y6.36713
G01 X-4.29605 Y6.37287
G01 X-4.28840 Y6.37731
G01 X-4.28007 Y6.38034
G01 X-4.09155 Y6.43053
G01 X-4.08581 Y6.43172
G01 X-4.01596 Y6.44175
G01 X-4.01243 Y6.44213
G01 X-3.90458 Y6.44988
G01 X-3.90100 Y6.45003
G01 X-2.17558 Y6.45003
G01 X-2.13994 Y6.45090
G01 X-2.08302 Y6.45369
G01 X-2.01030 Y6.46088
G01 X-1.95246 Y6.46946
G01 X-1.86732 Y6.48171
G01 X-1.80918 Y6.48978
G01 X-1.79051 Y6.49235
G01 X-1.75455 Y6.51638
G01 X-1.70908 Y6.55367
G01 X-1.68000 Y6.58003
G01 X-1.40583 Y6.85417
G01 X-1.38884 Y7.01356
G01 X-1.36583 Y7.22928
G01 X-1.34495 Y7.42501
G01 X-1.32496 Y7.61264
G01 X-1.22496 Y8.55018
G01 X-1.12496 Y9.48772
G01 X-1.02498 Y10.42506
G01 X-1.02498 Y10.83448
G01 X-1.04637 Y10.87454
G01 X-1.07665 Y10.92503
G01 X-1.11172 Y10.97233
G01 X-1.14904 Y11.01779
G01 X-1.18858 Y11.06140
G01 X-1.58858 Y11.46140
G01 X-1.63220 Y11.50095
G01 X-1.67766 Y11.53826
G01 X-1.72496 Y11.57334
G01 X-1.77545 Y11.60362
G01 X-1.82732 Y11.63133
G01 X-1.93598 Y11.67634
G01 X-1.99227 Y11.69341
G01 X-2.04939 Y11.70773
G01 X-2.10763 Y11.71637
G01 X-2.15236 Y11.72076
G01 X-2.15622 Y11.71474
G01 X-2.15236 Y11.72076
G01 X-2.16824 Y11.74725
G01 X-2.20331 Y11.79455
G01 X-2.23440 Y11.83242
G01 X-2.31756 Y11.91561
G01 X-2.35546 Y11.94669
G01 X-2.40275 Y11.98177
G01 X-2.45325 Y12.01202
G01 X-2.49648 Y12.03514
G01 X-2.60514 Y12.08015
G01 X-2.65206 Y12.09437
G01 X-2.70916 Y12.10867
G01 X-2.76740 Y12.11733
G01 X-2.81617 Y12.12213
G01 X-2.87499 Y12.12500
G01 X-3.57499 Y12.12500
G01 X-3.63379 Y12.12213
G01 X-3.68256 Y12.11733
G01 X-3.74080 Y12.10867
G01 X-3.79793 Y12.09437
G01 X-3.84484 Y12.08015
G01 X-3.95350 Y12.03514
G01 X-3.99671 Y12.01202
G01 X-4.04723 Y11.98177
G01 X-4.09452 Y11.94669
G01 X-4.13239 Y11.91561
G01 X-4.17496 Y11.87301
G01 X-4.17496 Y11.72353
G01 X-4.17496 Y11.52000
G01 X-4.27499 Y11.51995
G01 X-4.29125 Y11.55924
G01 X-4.31436 Y11.60247
G01 X-4.33453 Y11.63613
G01 X-4.35792 Y11.66765
G01 X-4.38901 Y11.70555
G01 X-4.44446 Y11.76100
G01 X-4.48233 Y11.79208
G01 X-4.51388 Y11.81548
G01 X-4.54753 Y11.83565
G01 X-4.59076 Y11.85876
G01 X-4.66320 Y11.88876
G01 X-4.71009 Y11.90298
G01 X-4.74819 Y11.91253
G01 X-4.78700 Y11.91827
G01 X-4.83577 Y11.92310
G01 X-4.87499 Y11.92500
G01 X-5.57499 Y11.92500
G01 X-5.61420 Y11.92310
G01 X-5.66297 Y11.91827
G01 X-5.70181 Y11.91253
G01 X-5.73988 Y11.90298
G01 X-5.78677 Y11.88876
G01 X-5.85921 Y11.85876
G01 X-5.90244 Y11.83565
G01 X-5.93610 Y11.81548
G01 X-5.96765 Y11.79208
G01 X-6.00552 Y11.76100
G01 X-6.06096 Y11.70555
G01 X-6.09205 Y11.66765
G01 X-6.11545 Y11.63613
G01 X-6.13562 Y11.60247
G01 X-6.15873 Y11.55924
G01 X-6.17290 Y11.52503
G01 X-6.16498 Y11.51141
G01 X-6.17290 Y11.52503
G01 X-6.27707 Y11.52503
G01 X-6.28410 Y11.51241
G01 X-6.27707 Y11.52503
G01 X-6.29124 Y11.55924
G01 X-6.31436 Y11.60247
G01 X-6.33452 Y11.63613
G01 X-6.35792 Y11.66765
G01 X-6.38901 Y11.70555
G01 X-6.44445 Y11.76100
G01 X-6.48233 Y11.79208
G01 X-6.51387 Y11.81548
G01 X-6.52497 Y11.82213
G01 X-6.53394 Y11.81797
G01 X-6.52497 Y11.82213
G01 X-6.52497 Y12.42500
G01 X-6.52622 Y12.45640
G01 X-6.52990 Y12.50334
G01 X-6.53973 Y12.56531
G01 X-6.55073 Y12.61111
G01 X-6.57011 Y12.67080
G01 X-6.58814 Y12.71428
G01 X-6.61662 Y12.77021
G01 X-6.64123 Y12.81035
G01 X-6.67811 Y12.86112
G01 X-6.70869 Y12.89693
G01 X-6.73000 Y12.92000
G01 X-7.13000 Y13.32000
G01 X-7.15908 Y13.34636
G01 X-7.20455 Y13.38365
G01 X-7.26975 Y13.42724
G01 X-7.32162 Y13.45495
G01 X-7.35710 Y13.47174
G01 X-7.39406 Y13.48494
G01 X-7.45034 Y13.50204
G01 X-7.48842 Y13.51156
G01 X-7.52726 Y13.51733
G01 X-7.58578 Y13.52309
G01 X-7.62500 Y13.52503
G01 X-10.07706 Y13.52503
G01 X-10.08498 Y13.51141
G01 X-10.07706 Y13.52503
G01 X-10.09126 Y13.55924
G01 X-10.11435 Y13.60247
G01 X-10.13454 Y13.63612
G01 X-10.15791 Y13.66767
G01 X-10.18900 Y13.70554
G01 X-10.24445 Y13.76099
G01 X-10.28234 Y13.79208
G01 X-10.31386 Y13.81547
G01 X-10.34754 Y13.83564
G01 X-10.39075 Y13.85876
G01 X-10.46319 Y13.88875
G01 X-10.51010 Y13.90298
G01 X-10.54818 Y13.91253
G01 X-10.58702 Y13.91829
G01 X-10.63578 Y13.92309
G01 X-10.67498 Y13.92502
G01 X-11.37497 Y13.92502
G01 X-11.41419 Y13.92309
G01 X-11.46296 Y13.91829
G01 X-11.50180 Y13.91253
G01 X-11.53987 Y13.90298
G01 X-11.58676 Y13.88875
G01 X-11.65923 Y13.85876
G01 X-11.70243 Y13.83564
G01 X-11.73611 Y13.81547
G01 X-11.76763 Y13.79208
G01 X-11.80553 Y13.76099
G01 X-11.86098 Y13.70554
G01 X-11.89207 Y13.66767
G01 X-11.91544 Y13.63612
G01 X-11.93563 Y13.60247
G01 X-11.95872 Y13.55924
G01 X-11.97497 Y13.52002
G01 X-11.97497 Y12.13001
G01 X-11.97497 Y11.92650
G01 X-11.96936 Y11.91893
G01 X-11.93827 Y11.88104
G01 X-11.90690 Y11.84969
G01 X-11.93827 Y11.88104
G01 X-11.96936 Y11.91893
G01 X-11.97497 Y11.92650
G01 X-11.97497 Y11.84619
G01 X-11.92702 Y11.84835
G01 X-11.90690 Y11.84969
G01 X-11.88074 Y11.85144
G01 X-11.87952 Y11.85150
G01 X-11.81384 Y11.85429
G01 X-11.81257 Y11.85434
G01 X-11.79278 Y11.85467
G01 X-11.73294 Y11.85731
G01 X-11.70868 Y11.85909
G01 X-11.70713 Y11.85919
G01 X-11.65031 Y11.86158
G01 X-11.64871 Y11.86163
G01 X-11.64096 Y11.86171
G01 X-11.58833 Y11.86399
G01 X-11.57429 Y11.86511
G01 X-11.57249 Y11.86521
G01 X-11.52062 Y11.86740
G01 X-11.51876 Y11.86745
G01 X-11.51628 Y11.86745
G01 X-11.46763 Y11.86955
G01 X-11.45844 Y11.87029
G01 X-11.45646 Y11.87042
G01 X-11.40698 Y11.87250
G01 X-11.40609 Y11.87253
G01 X-11.37675 Y11.87326
G01 X-11.35689 Y11.87423
G01 X-11.35567 Y11.87428
G01 X-11.32621 Y11.87499
G01 X-11.32499 Y11.87502
G01 X-10.44856 Y11.87502
G01 X-10.26146 Y11.87502
G01 X-10.14569 Y11.87504
G01 X-10.03492 Y11.98581
G01 X-10.02616 Y12.00042
G01 X-10.01303 Y12.02500
G01 X-10.01623 Y12.03110
G01 X-10.01303 Y12.02500
G01 X-9.96609 Y12.02500
G01 X-9.99220 Y12.01847
G01 X-10.00068 Y12.01550
G01 X-10.00264 Y12.01916
G01 X-10.00068 Y12.01550
G01 X-10.00851 Y12.01108
G01 X-10.01541 Y12.00532
G01 X-10.03492 Y11.98581
G01 X-10.01541 Y12.00532
G01 X-10.00851 Y12.01108
G01 X-10.00068 Y12.01550
G01 X-9.99220 Y12.01847
G01 X-9.96609 Y12.02500
G01 X-9.93787 Y12.03209
G01 X-9.93548 Y12.03262
G01 X-9.83159 Y12.05332
G01 X-9.82916 Y12.05376
G01 X-9.78016 Y12.06102
G01 X-9.77772 Y12.06132
G01 X-9.67798 Y12.07115
G01 X-9.67551 Y12.07136
G01 X-9.62649 Y12.07375
G01 X-9.62527 Y12.07380
G01 X-9.57620 Y12.07499
G01 X-9.57498 Y12.07502
G01 X-8.87498 Y12.07502
G01 X-8.87374 Y12.07499
G01 X-8.82464 Y12.07380
G01 X-8.82342 Y12.07375
G01 X-8.82464 Y12.07380
G01 X-8.87374 Y12.07499
G01 X-8.82461 Y12.07405
G01 X-8.82342 Y12.07375
G01 X-8.77442 Y12.07133
G01 X-8.77196 Y12.07115
G01 X-8.67224 Y12.06132
G01 X-8.66980 Y12.06102
G01 X-8.62080 Y12.05376
G01 X-8.61836 Y12.05332
G01 X-8.51448 Y12.03262
G01 X-8.51209 Y12.03209
G01 X-8.48377 Y12.02500
G01 X-8.46309 Y12.01982
G01 X-8.46068 Y12.01916
G01 X-8.46060 Y12.01941
G01 X-8.46068 Y12.01916
G01 X-8.34856 Y11.98505
G01 X-8.34628 Y11.98429
G01 X-8.29728 Y11.96676
G01 X-8.29558 Y11.96613
G01 X-8.20643 Y11.93051
G01 X-8.19883 Y11.92670
G01 X-8.19652 Y11.92500
G01 X-8.12499 Y11.92500
G01 X-8.02499 Y11.96760
G01 X-8.12499 Y11.92500
G01 X-8.12499 Y11.92168
G01 X-8.13241 Y11.91561
G01 X-8.17498 Y11.87301
G01 X-8.17498 Y11.88408
G01 X-8.17059 Y11.88543
G01 X-8.17498 Y11.88408
G01 X-8.17569 Y11.89254
G01 X-8.17785 Y11.90077
G01 X-8.18136 Y11.90849
G01 X-8.18611 Y11.91553
G01 X-8.19200 Y11.92165
G01 X-8.19652 Y11.92500
G01 X-8.19200 Y11.92165
G01 X-8.18611 Y11.91553
G01 X-8.18136 Y11.90849
G01 X-8.17785 Y11.90077
G01 X-8.17569 Y11.89254
G01 X-8.17498 Y11.88408
G01 X-8.17498 Y11.87301
G01 X-8.17498 Y11.72353
G01 X-8.17498 Y11.52000
G01 X-8.17498 Y10.13004
G01 X-8.15873 Y10.09079
G01 X-8.13561 Y10.04756
G01 X-8.11544 Y10.01388
G01 X-8.09205 Y9.98236
G01 X-8.06096 Y9.94449
G01 X-8.00551 Y9.88904
G01 X-7.96764 Y9.85795
G01 X-7.93612 Y9.83456
G01 X-7.90244 Y9.81436
G01 X-7.87092 Y9.79752
G01 X-7.83876 Y9.79244
G01 X-7.87092 Y9.79752
G01 X-7.90244 Y9.81436
G01 X-7.93612 Y9.83456
G01 X-7.96764 Y9.85795
G01 X-8.00551 Y9.88904
G01 X-8.06096 Y9.94449
G01 X-8.09205 Y9.98236
G01 X-8.11544 Y10.01388
G01 X-8.13561 Y10.04756
G01 X-8.15873 Y10.09079
G01 X-8.17498 Y10.13004
G01 X-8.17498 Y9.92651
G01 X-8.16937 Y9.91891
G01 X-8.13828 Y9.88104
G01 X-8.08667 Y9.82943
G01 X-8.13828 Y9.88104
G01 X-8.16937 Y9.91891
G01 X-8.17498 Y9.92651
G01 X-8.17498 Y9.84263
G01 X-8.13932 Y9.83674
G01 X-8.08794 Y9.82963
G01 X-8.08667 Y9.82943
G01 X-8.03084 Y9.82041
G01 X-8.02967 Y9.82021
G01 X-8.01664 Y9.81779
G01 X-7.93289 Y9.80560
G01 X-7.92896 Y9.80520
G01 X-7.92764 Y9.80504
G01 X-7.87569 Y9.79826
G01 X-7.87435 Y9.79806
G01 X-7.83876 Y9.79244
G01 X-7.78865 Y9.78599
G01 X-7.76122 Y9.78330
G01 X-7.76061 Y9.78322
G01 X-7.73909 Y9.78084
G01 X-7.73846 Y9.78076
G01 X-7.71976 Y9.77845
G01 X-7.66038 Y9.77329
G01 X-7.61285 Y9.77096
G01 X-7.57437 Y9.77002
G01 X-6.92500 Y9.77002
G01 X-6.92375 Y9.76999
G01 X-6.88405 Y9.76903
G01 X-6.88283 Y9.76897
G01 X-6.87310 Y9.76852
G01 X-6.83427 Y9.76755
G01 X-6.80661 Y9.76755
G01 X-6.80600 Y9.76755
G01 X-6.78497 Y9.76730
G01 X-6.78433 Y9.76727
G01 X-6.72205 Y9.76572
G01 X-6.70023 Y9.76544
G01 X-6.65314 Y9.76544
G01 X-6.59076 Y9.79128
G01 X-6.54753 Y9.81436
G01 X-6.51387 Y9.83456
G01 X-6.48233 Y9.85795
G01 X-6.44445 Y9.88904
G01 X-6.38901 Y9.94449
G01 X-6.35792 Y9.98236
G01 X-6.33452 Y10.01388
G01 X-6.31436 Y10.04756
G01 X-6.29124 Y10.09079
G01 X-6.27707 Y10.12501
G01 X-6.28593 Y10.13959
G01 X-6.27707 Y10.12501
G01 X-6.17290 Y10.12501
G01 X-6.16589 Y10.13763
G01 X-6.17290 Y10.12501
G01 X-6.15873 Y10.09079
G01 X-6.13562 Y10.04756
G01 X-6.11545 Y10.01388
G01 X-6.09205 Y9.98236
G01 X-6.06096 Y9.94449
G01 X-6.00552 Y9.88904
G01 X-5.96765 Y9.85795
G01 X-5.93610 Y9.83456
G01 X-5.92500 Y9.82790
G01 X-5.91591 Y9.83207
G01 X-5.92500 Y9.82790
G01 X-5.92500 Y9.42501
G01 X-5.92375 Y9.39364
G01 X-5.92007 Y9.34670
G01 X-5.91024 Y9.28470
G01 X-5.89924 Y9.23893
G01 X-5.87986 Y9.17924
G01 X-5.86183 Y9.13575
G01 X-5.83333 Y9.07982
G01 X-5.80874 Y9.03966
G01 X-5.77184 Y8.98889
G01 X-5.74128 Y8.95310
G01 X-5.71994 Y8.93004
G01 X-5.60737 Y8.81747
G01 X-5.78532 Y8.89118
G01 X-5.82584 Y8.90891
G01 X-5.84100 Y8.91589
G01 X-5.84788 Y8.92394
G01 X-5.89401 Y8.98742
G01 X-5.91860 Y9.02755
G01 X-5.94042 Y9.07040
G01 X-5.91860 Y9.02755
G01 X-5.89401 Y8.98742
G01 X-5.84788 Y8.92394
G01 X-5.84100 Y8.91589
G01 X-5.84788 Y8.92394
G01 X-5.89401 Y8.98742
G01 X-5.91860 Y9.02755
G01 X-5.94042 Y9.07040
G01 X-5.94722 Y9.09430
G01 X-5.94753 Y9.09534
G01 X-5.96145 Y9.14053
G01 X-5.96178 Y9.14157
G01 X-5.96940 Y9.16456
G01 X-5.98616 Y9.22018
G01 X-5.99094 Y9.23778
G01 X-5.99111 Y9.23842
G01 X-5.99886 Y9.26552
G01 X-5.99906 Y9.26616
G01 X-6.01852 Y9.33110
G01 X-6.01974 Y9.33885
G01 X-6.02345 Y9.38579
G01 X-6.02500 Y9.42501
G01 X-6.02500 Y9.77611
G01 X-6.01697 Y9.77969
G01 X-6.02500 Y9.77611
G01 X-6.03107 Y9.78063
G01 X-6.06897 Y9.81172
G01 X-6.13826 Y9.88104
G01 X-6.16937 Y9.91891
G01 X-6.19858 Y9.95833
G01 X-6.22380 Y10.00042
G01 X-6.22500 Y10.00260
G01 X-6.22500 Y10.07482
G01 X-6.22500 Y10.00260
G01 X-6.22617 Y10.00042
G01 X-6.25139 Y9.95833
G01 X-6.28062 Y9.91891
G01 X-6.31171 Y9.88104
G01 X-6.38100 Y9.81172
G01 X-6.41890 Y9.78063
G01 X-6.43638 Y9.76768
G01 X-6.45301 Y9.76707
G01 X-6.37112 Y9.77004
G01 X-6.37018 Y9.77007
G01 X-6.31529 Y9.77103
G01 X-6.31441 Y9.77106
G01 X-6.30732 Y9.77106
G01 X-6.28029 Y9.77172
G01 X-6.23440 Y9.81759
G01 X-6.22500 Y9.82907
G01 X-6.22530 Y9.87207
G01 X-6.22500 Y9.82907
G01 X-6.21557 Y9.81759
G01 X-6.13239 Y9.73443
G01 X-6.12500 Y9.72833
G01 X-6.11745 Y9.73146
G01 X-6.12500 Y9.72833
G01 X-6.12500 Y9.65683
G01 X-6.10867 Y9.61622
G01 X-6.10798 Y9.61442
G01 X-6.07994 Y9.53601
G01 X-6.07930 Y9.53413
G01 X-6.04976 Y9.43999
G01 X-6.04920 Y9.43804
G01 X-6.04382 Y9.41807
G01 X-6.03722 Y9.39460
G01 X-6.02180 Y9.34200
G01 X-6.01852 Y9.33110
G01 X-6.02180 Y9.34200
G01 X-6.03722 Y9.39460
G01 X-6.04382 Y9.41807
G01 X-6.04920 Y9.43804
G01 X-6.04976 Y9.43999
G01 X-6.07930 Y9.53413
G01 X-6.07994 Y9.53601
G01 X-6.10798 Y9.61442
G01 X-6.10867 Y9.61622
G01 X-6.12500 Y9.65683
G01 X-6.14821 Y9.71462
G01 X-6.15162 Y9.72150
G01 X-6.14931 Y9.72315
G01 X-6.15162 Y9.72150
G01 X-6.15601 Y9.72778
G01 X-6.16132 Y9.73329
G01 X-6.19170 Y9.76036
G01 X-6.19927 Y9.76595
G01 X-6.20775 Y9.76999
G01 X-6.20541 Y9.77626
G01 X-6.20775 Y9.76999
G01 X-6.21682 Y9.77240
G01 X-6.22619 Y9.77304
G01 X-6.30732 Y9.77106
G01 X-6.31441 Y9.77106
G01 X-6.31529 Y9.77103
G01 X-6.37018 Y9.77007
G01 X-6.37112 Y9.77004
G01 X-6.45301 Y9.76707
G01 X-6.49546 Y9.76628
G01 X-6.55063 Y9.76626
G01 X-6.55101 Y9.76626
G01 X-6.64943 Y9.76544
G01 X-6.65314 Y9.76544
G01 X-6.64943 Y9.76544
G01 X-6.55101 Y9.76626
G01 X-6.55063 Y9.76626
G01 X-6.49546 Y9.76628
G01 X-6.45301 Y9.76707
G01 X-6.37112 Y9.77004
G01 X-6.37018 Y9.77007
G01 X-6.31529 Y9.77103
G01 X-6.31441 Y9.77106
G01 X-6.30732 Y9.77106
G01 X-6.22619 Y9.77304
G01 X-6.21682 Y9.77240
G01 X-6.20775 Y9.76999
G01 X-6.19927 Y9.76595
G01 X-6.19170 Y9.76036
G01 X-6.16132 Y9.73329
G01 X-6.15601 Y9.72778
G01 X-6.15162 Y9.72150
G01 X-6.14821 Y9.71462
G01 X-6.12500 Y9.65683
G01 X-6.10867 Y9.61622
G01 X-6.10798 Y9.61442
G01 X-6.07994 Y9.53601
G01 X-6.07930 Y9.53413
G01 X-6.04976 Y9.43999
G01 X-6.04920 Y9.43804
G01 X-6.04382 Y9.41807
G01 X-6.03722 Y9.39460
G01 X-6.02180 Y9.34200
G01 X-6.01852 Y9.33110
G01 X-5.99906 Y9.26616
G01 X-5.99886 Y9.26552
G01 X-5.99111 Y9.23842
G01 X-5.99094 Y9.23778
G01 X-5.98616 Y9.22018
G01 X-5.96940 Y9.16456
G01 X-5.96178 Y9.14157
G01 X-5.96145 Y9.14053
G01 X-5.94753 Y9.09534
G01 X-5.94722 Y9.09430
G01 X-5.94042 Y9.07040
G01 X-5.93777 Y9.06108
G01 X-5.92241 Y9.01145
G01 X-5.91395 Y8.98632
G01 X-5.91382 Y8.98589
G01 X-5.90727 Y8.96573
G01 X-5.90712 Y8.96532
G01 X-5.90039 Y8.94401
G01 X-5.87199 Y8.93017
G01 X-5.84100 Y8.91589
G01 X-5.82584 Y8.90891
G01 X-5.78532 Y8.89118
G01 X-5.60737 Y8.81747
G01 X-5.36594 Y8.71747
G01 X-5.14946 Y8.62780
G01 X-5.14075 Y8.62427
G01 X-5.12660 Y8.61896
G01 X-5.12520 Y8.61846
G01 X-5.06925 Y8.59844
G01 X-5.02861 Y8.58607
G01 X-4.97219 Y8.57195
G01 X-4.93651 Y8.56484
G01 X-4.88014 Y8.55646
G01 X-4.84728 Y8.55323
G01 X-4.79038 Y8.55041
G01 X-4.77438 Y8.55003
G01 X-4.57499 Y8.55003
G01 X-4.57374 Y8.55003
G01 X-4.55662 Y8.54960
G01 X-4.55541 Y8.54955
G01 X-4.52602 Y8.54812
G01 X-4.52355 Y8.54795
G01 X-4.48848 Y8.54447
G01 X-4.48606 Y8.54419
G01 X-4.45665 Y8.53982
G01 X-4.45650 Y8.54071
G01 X-4.45665 Y8.53982
G01 X-4.45419 Y8.53939
G01 X-4.41723 Y8.53202
G01 X-4.41484 Y8.53149
G01 X-4.38543 Y8.52412
G01 X-4.38304 Y8.52346
G01 X-4.34273 Y8.51119
G01 X-4.34044 Y8.51043
G01 X-4.31101 Y8.49989
G01 X-4.30869 Y8.49900
G01 X-4.26343 Y8.48020
G01 X-4.26125 Y8.47921
G01 X-4.25236 Y8.47502
G01 X-2.69999 Y8.47502
G01 X-2.68038 Y8.47599
G01 X-2.65112 Y8.47886
G01 X-2.63171 Y8.48173
G01 X-2.61266 Y8.48650
G01 X-2.58452 Y8.49504
G01 X-2.54830 Y8.51005
G01 X-2.52236 Y8.52392
G01 X-2.50555 Y8.53400
G01 X-2.48978 Y8.54569
G01 X-2.46704 Y8.56435
G01 X-2.43933 Y8.59207
G01 X-2.42087 Y8.61457
G01 X-2.41246 Y8.64218
G01 X-2.42640 Y8.59636
G01 X-2.43608 Y8.56928
G01 X-2.45764 Y8.51736
G01 X-2.47050 Y8.49019
G01 X-2.50258 Y8.43037
G01 X-2.50982 Y8.41825
G01 X-2.55551 Y8.39936
G01 X-2.58363 Y8.39082
G01 X-2.61220 Y8.38366
G01 X-2.64131 Y8.37934
G01 X-2.67057 Y8.37645
G01 X-2.69999 Y8.37502
G01 X-4.08246 Y8.37502
G01 X-4.14332 Y8.41582
G01 X-4.14547 Y8.41716
G01 X-4.17486 Y8.43479
G01 X-4.17695 Y8.43596
G01 X-4.22962 Y8.46420
G01 X-4.23186 Y8.46535
G01 X-4.23168 Y8.46570
G01 X-4.23186 Y8.46535
G01 X-4.25236 Y8.47502
G01 X-4.23186 Y8.46535
G01 X-4.22962 Y8.46420
G01 X-4.17695 Y8.43596
G01 X-4.17486 Y8.43479
G01 X-4.14547 Y8.41716
G01 X-4.14332 Y8.41582
G01 X-4.08246 Y8.37502
G01 X-4.08025 Y8.37352
G01 X-4.07832 Y8.37215
G01 X-4.04890 Y8.35033
G01 X-4.04690 Y8.34878
G01 X-3.96960 Y8.28508
G01 X-3.96783 Y8.28356
G01 X-3.95840 Y8.27502
G01 X-2.69999 Y8.27502
G01 X-2.66077 Y8.27693
G01 X-2.63151 Y8.27982
G01 X-2.60385 Y8.28389
G01 X-2.66003 Y8.21576
G01 X-2.68546 Y8.18772
G01 X-2.69745 Y8.17515
G01 X-2.69999 Y8.17502
G01 X-3.85421 Y8.17502
G01 X-3.88959 Y8.21038
G01 X-3.89046 Y8.21124
G01 X-3.93750 Y8.25605
G01 X-3.93841 Y8.25691
G01 X-3.95840 Y8.27502
G01 X-3.93841 Y8.25691
G01 X-3.93750 Y8.25605
G01 X-3.89046 Y8.21124
G01 X-3.88959 Y8.21038
G01 X-3.75426 Y8.07502
G01 X-2.79567 Y8.07505
G01 X-2.73575 Y8.13497
G01 X-2.68546 Y8.18772
G01 X-2.66003 Y8.21576
G01 X-2.60385 Y8.28389
G01 X-2.58734 Y8.30395
G01 X-2.56704 Y8.33133
G01 X-2.51893 Y8.40306
G01 X-2.50982 Y8.41825
G01 X-2.50258 Y8.43037
G01 X-2.47050 Y8.49019
G01 X-2.45764 Y8.51736
G01 X-2.43608 Y8.56928
G01 X-2.42640 Y8.59636
G01 X-2.41246 Y8.64218
G01 X-2.40568 Y8.66926
G01 X-2.39724 Y8.71147
G01 X-2.39326 Y8.73842
G01 X-2.38929 Y8.77848
G01 X-2.38795 Y8.80601
G01 X-2.38749 Y8.82570
G01 X-2.45000 Y8.82501
G01 X-2.45000 Y9.12501
G01 X-2.45046 Y9.13481
G01 X-2.45335 Y9.16407
G01 X-2.45719 Y9.18330
G01 X-2.46572 Y9.21144
G01 X-2.46902 Y9.22069
G01 X-2.47321 Y9.22956
G01 X-2.48708 Y9.25549
G01 X-2.49211 Y9.26390
G01 X-2.49795 Y9.27180
G01 X-2.51662 Y9.29453
G01 X-2.53049 Y9.30837
G01 X-2.55322 Y9.32704
G01 X-2.56951 Y9.33794
G01 X-2.59544 Y9.35178
G01 X-2.61355 Y9.35930
G01 X-2.64169 Y9.36783
G01 X-2.65122 Y9.37022
G01 X-2.66092 Y9.37164
G01 X-2.69018 Y9.37454
G01 X-2.69999 Y9.37502
G01 X-4.60930 Y9.37502
G01 X-4.82498 Y9.59072
G01 X-4.82498 Y10.02945
G01 X-4.81642 Y10.03029
G01 X-4.80671 Y10.03174
G01 X-4.79719 Y10.03413
G01 X-4.75030 Y10.04835
G01 X-4.73219 Y10.05584
G01 X-4.68896 Y10.07896
G01 X-4.68053 Y10.08401
G01 X-4.67265 Y10.08985
G01 X-4.63478 Y10.12094
G01 X-4.62091 Y10.13479
G01 X-4.58982 Y10.17268
G01 X-4.58398 Y10.18056
G01 X-4.57893 Y10.18899
G01 X-4.55584 Y10.23219
G01 X-4.54832 Y10.25030
G01 X-4.53409 Y10.29722
G01 X-4.53171 Y10.30674
G01 X-4.53028 Y10.31645
G01 X-4.52546 Y10.36521
G01 X-4.52498 Y10.37502
G01 X-4.52498 Y11.27502
G01 X-4.52546 Y11.28482
G01 X-4.53028 Y11.33359
G01 X-4.53171 Y11.34329
G01 X-4.53409 Y11.35282
G01 X-4.54832 Y11.39971
G01 X-4.55584 Y11.41782
G01 X-4.57893 Y11.46105
G01 X-4.58398 Y11.46945
G01 X-4.58982 Y11.47735
G01 X-4.62091 Y11.51522
G01 X-4.63478 Y11.52909
G01 X-4.67265 Y11.56018
G01 X-4.68053 Y11.56602
G01 X-4.68896 Y11.57108
G01 X-4.73219 Y11.59417
G01 X-4.75030 Y11.60169
G01 X-4.79719 Y11.61591
G01 X-4.80671 Y11.61830
G01 X-4.81642 Y11.61972
G01 X-4.86518 Y11.62452
G01 X-4.87499 Y11.62500
G01 X-5.57499 Y11.62500
G01 X-5.58479 Y11.62452
G01 X-5.63356 Y11.61972
G01 X-5.64326 Y11.61830
G01 X-5.65279 Y11.61591
G01 X-5.69967 Y11.60169
G01 X-5.71779 Y11.59417
G01 X-5.76102 Y11.57108
G01 X-5.76945 Y11.56602
G01 X-5.77732 Y11.56018
G01 X-5.81519 Y11.52909
G01 X-5.82906 Y11.51522
G01 X-5.86015 Y11.47735
G01 X-5.86599 Y11.46945
G01 X-5.87105 Y11.46105
G01 X-5.89414 Y11.41782
G01 X-5.90166 Y11.39971
G01 X-5.91588 Y11.35282
G01 X-5.91827 Y11.34329
G01 X-5.91969 Y11.33359
G01 X-5.92452 Y11.28482
G01 X-5.92500 Y11.27502
G01 X-5.92500 Y11.22503
G01 X-6.52500 Y11.22503
G01 X-6.52500 Y11.27502
G01 X-6.52548 Y11.28482
G01 X-6.53028 Y11.33359
G01 X-6.53170 Y11.34329
G01 X-6.53409 Y11.35282
G01 X-6.54831 Y11.39971
G01 X-6.55583 Y11.41782
G01 X-6.57892 Y11.46105
G01 X-6.58398 Y11.46945
G01 X-6.58982 Y11.47735
G01 X-6.62091 Y11.51522
G01 X-6.63478 Y11.52909
G01 X-6.67265 Y11.56018
G01 X-6.68055 Y11.56602
G01 X-6.68895 Y11.57108
G01 X-6.73219 Y11.59417
G01 X-6.75030 Y11.60169
G01 X-6.79718 Y11.61591
G01 X-6.80671 Y11.61830
G01 X-6.81641 Y11.61972
G01 X-6.82500 Y11.62058
G01 X-6.82497 Y12.42500
G01 X-6.82530 Y12.43285
G01 X-6.82898 Y12.47979
G01 X-6.83145 Y12.49528
G01 X-6.84242 Y12.54105
G01 X-6.84727 Y12.55599
G01 X-6.86528 Y12.59947
G01 X-6.87242 Y12.61347
G01 X-6.89701 Y12.65360
G01 X-6.90623 Y12.66630
G01 X-6.93681 Y12.70209
G01 X-6.94214 Y12.70786
G01 X-7.34214 Y13.10786
G01 X-7.34940 Y13.11446
G01 X-7.39487 Y13.15175
G01 X-7.41118 Y13.16264
G01 X-7.46304 Y13.19038
G01 X-7.47191 Y13.19457
G01 X-7.48115 Y13.19787
G01 X-7.53742 Y13.21494
G01 X-7.54694 Y13.21733
G01 X-7.55664 Y13.21878
G01 X-7.61519 Y13.22454
G01 X-7.62500 Y13.22503
G01 X-10.32499 Y13.22503
G01 X-10.32499 Y13.27501
G01 X-10.32547 Y13.28482
G01 X-10.33027 Y13.33359
G01 X-10.33172 Y13.34329
G01 X-10.33411 Y13.35281
G01 X-10.34833 Y13.39970
G01 X-10.35583 Y13.41781
G01 X-10.37894 Y13.46104
G01 X-10.38397 Y13.46945
G01 X-10.38981 Y13.47735
G01 X-10.42090 Y13.51522
G01 X-10.43477 Y13.52909
G01 X-10.47267 Y13.56018
G01 X-10.48054 Y13.56602
G01 X-10.48895 Y13.57108
G01 X-10.53218 Y13.59416
G01 X-10.55029 Y13.60168
G01 X-10.59718 Y13.61591
G01 X-10.60670 Y13.61829
G01 X-10.61640 Y13.61972
G01 X-10.66520 Y13.62454
G01 X-10.67498 Y13.62502
G01 X-11.37497 Y13.62502
G01 X-11.38478 Y13.62454
G01 X-11.43357 Y13.61972
G01 X-11.44328 Y13.61829
G01 X-11.45280 Y13.61591
G01 X-11.49969 Y13.60168
G01 X-11.51780 Y13.59416
G01 X-11.56103 Y13.57108
G01 X-11.56944 Y13.56602
G01 X-11.57731 Y13.56018
G01 X-11.61521 Y13.52909
G01 X-11.62908 Y13.51522
G01 X-11.66017 Y13.47735
G01 X-11.66601 Y13.46945
G01 X-11.67104 Y13.46104
G01 X-11.69415 Y13.41781
G01 X-11.70164 Y13.39970
G01 X-11.71587 Y13.35281
G01 X-11.71826 Y13.34329
G01 X-11.71970 Y13.33359
G01 X-11.72450 Y13.28482
G01 X-11.72499 Y13.27501
G01 X-11.72499 Y12.37501
G01 X-11.72450 Y12.36521
G01 X-11.71970 Y12.31644
G01 X-11.71826 Y12.30674
G01 X-11.71587 Y12.29721
G01 X-11.70164 Y12.25030
G01 X-11.69415 Y12.23219
G01 X-11.67104 Y12.18899
G01 X-11.66601 Y12.18055
G01 X-11.66017 Y12.17268
G01 X-11.62908 Y12.13481
G01 X-11.61521 Y12.12094
G01 X-11.57731 Y12.08985
G01 X-11.56944 Y12.08401
G01 X-11.56103 Y12.07895
G01 X-11.51780 Y12.05584
G01 X-11.49969 Y12.04835
G01 X-11.45280 Y12.03412
G01 X-11.44328 Y12.03173
G01 X-11.43357 Y12.03029
G01 X-11.38478 Y12.02549
G01 X-11.37497 Y12.02500
G01 X-10.67498 Y12.02500
G01 X-10.66520 Y12.02549
G01 X-10.61640 Y12.03029
G01 X-10.60670 Y12.03173
G01 X-10.59718 Y12.03412
G01 X-10.55029 Y12.04835
G01 X-10.53218 Y12.05584
G01 X-10.48895 Y12.07895
G01 X-10.48054 Y12.08401
G01 X-10.47267 Y12.08985
G01 X-10.43477 Y12.12094
G01 X-10.42090 Y12.13481
G01 X-10.38981 Y12.17268
G01 X-10.38397 Y12.18055
G01 X-10.37894 Y12.18899
G01 X-10.35583 Y12.23219
G01 X-10.34833 Y12.25030
G01 X-10.33411 Y12.29721
G01 X-10.33172 Y12.30674
G01 X-10.33027 Y12.31644
G01 X-10.32547 Y12.36521
G01 X-10.32499 Y12.37501
G01 X-10.32499 Y12.42500
G01 X-7.79068 Y12.42500
G01 X-7.62500 Y12.25932
G01 X-7.62500 Y11.62058
G01 X-7.63355 Y11.61972
G01 X-7.64326 Y11.61830
G01 X-7.65278 Y11.61591
G01 X-7.69970 Y11.60169
G01 X-7.71781 Y11.59417
G01 X-7.76101 Y11.57108
G01 X-7.76944 Y11.56602
G01 X-7.77732 Y11.56018
G01 X-7.81522 Y11.52909
G01 X-7.82906 Y11.51522
G01 X-7.86015 Y11.47735
G01 X-7.86599 Y11.46945
G01 X-7.87104 Y11.46105
G01 X-7.89416 Y11.41782
G01 X-7.90165 Y11.39971
G01 X-7.91588 Y11.35282
G01 X-7.91826 Y11.34329
G01 X-7.91971 Y11.33359
G01 X-7.92451 Y11.28482
G01 X-7.92499 Y11.27502
G01 X-7.92499 Y10.37502
G01 X-7.92451 Y10.36521
G01 X-7.91971 Y10.31645
G01 X-7.91826 Y10.30674
G01 X-7.91588 Y10.29722
G01 X-7.90165 Y10.25030
G01 X-7.89416 Y10.23219
G01 X-7.87104 Y10.18899
G01 X-7.86599 Y10.18056
G01 X-7.86015 Y10.17268
G01 X-7.82906 Y10.13479
G01 X-7.81522 Y10.12094
G01 X-7.77732 Y10.08985
G01 X-7.76944 Y10.08401
G01 X-7.76101 Y10.07896
G01 X-7.71781 Y10.05584
G01 X-7.69970 Y10.04835
G01 X-7.65278 Y10.03413
G01 X-7.64326 Y10.03174
G01 X-7.63355 Y10.03029
G01 X-7.58479 Y10.02549
G01 X-7.57498 Y10.02501
G01 X-6.87498 Y10.02501
G01 X-6.86518 Y10.02549
G01 X-6.81641 Y10.03029
G01 X-6.80671 Y10.03174
G01 X-6.79718 Y10.03413
G01 X-6.75030 Y10.04835
G01 X-6.73219 Y10.05584
G01 X-6.68895 Y10.07896
G01 X-6.68055 Y10.08401
G01 X-6.67265 Y10.08985
G01 X-6.63478 Y10.12094
G01 X-6.62091 Y10.13479
G01 X-6.58982 Y10.17268
G01 X-6.58398 Y10.18056
G01 X-6.57892 Y10.18899
G01 X-6.55583 Y10.23219
G01 X-6.54831 Y10.25030
G01 X-6.53409 Y10.29722
G01 X-6.53170 Y10.30674
G01 X-6.53028 Y10.31645
G01 X-6.52548 Y10.36521
G01 X-6.52500 Y10.37502
G01 X-6.52500 Y10.42501
G01 X-5.92500 Y10.42501
G01 X-5.92500 Y10.37502
G01 X-5.92452 Y10.36521
G01 X-5.91969 Y10.31645
G01 X-5.91827 Y10.30674
G01 X-5.91588 Y10.29722
G01 X-5.90166 Y10.25030
G01 X-5.89414 Y10.23219
G01 X-5.87105 Y10.18899
G01 X-5.86599 Y10.18056
G01 X-5.86015 Y10.17268
G01 X-5.82906 Y10.13479
G01 X-5.81519 Y10.12094
G01 X-5.77732 Y10.08985
G01 X-5.76945 Y10.08401
G01 X-5.76102 Y10.07896
G01 X-5.71779 Y10.05584
G01 X-5.69967 Y10.04835
G01 X-5.65279 Y10.03413
G01 X-5.64326 Y10.03174
G01 X-5.63356 Y10.03029
G01 X-5.62500 Y10.02945
G01 X-5.62500 Y9.42501
G01 X-5.62467 Y9.41718
G01 X-5.62099 Y9.37025
G01 X-5.61852 Y9.35475
G01 X-5.60755 Y9.30896
G01 X-5.60270 Y9.29405
G01 X-5.58466 Y9.25056
G01 X-5.57755 Y9.23657
G01 X-5.55294 Y9.19643
G01 X-5.54372 Y9.18373
G01 X-5.51316 Y9.14794
G01 X-5.50783 Y9.14218
G01 X-5.05782 Y8.69219
G01 X-5.05053 Y8.68559
G01 X-5.00509 Y8.64828
G01 X-4.98878 Y8.63740
G01 X-4.93691 Y8.60967
G01 X-4.91880 Y8.60218
G01 X-4.86252 Y8.58511
G01 X-4.84331 Y8.58127
G01 X-4.78477 Y8.57551
G01 X-4.77499 Y8.57502
G01 X-2.69999 Y8.57502
G01 X-2.69018 Y8.57551
G01 X-2.66092 Y8.57838
G01 X-2.65122 Y8.57982
G01 X-2.64169 Y8.58221
G01 X-2.61355 Y8.59075
G01 X-2.59544 Y8.59824
G01 X-2.56951 Y8.61211
G01 X-2.55322 Y8.62300
G01 X-2.53049 Y8.64165
G01 X-2.51662 Y8.65552
G01 X-2.49795 Y8.67825
G01 X-2.49211 Y8.68612
G01 X-2.48708 Y8.69453
G01 X-2.47321 Y8.72046
G01 X-2.46902 Y8.72935
G01 X-2.46572 Y8.73857
G01 X-2.45719 Y8.76672
G01 X-2.45335 Y8.78594
G01 X-2.45046 Y8.81520
G01 X-2.45000 Y8.82501
G01 X-2.38749 Y8.82570
G01 X-2.38749 Y9.12435
G01 X-2.38795 Y9.14403
G01 X-2.38929 Y9.17157
G01 X-2.39326 Y9.21160
G01 X-2.39724 Y9.23857
G01 X-2.40568 Y9.28079
G01 X-2.41246 Y9.30786
G01 X-2.42084 Y9.33545
G01 X-2.42640 Y9.35368
G01 X-2.43608 Y9.38076
G01 X-2.45764 Y9.43268
G01 X-2.47052 Y9.45988
G01 X-2.50258 Y9.51967
G01 X-2.50982 Y9.53176
G01 X-2.51893 Y9.54698
G01 X-2.56704 Y9.61871
G01 X-2.58772 Y9.64660
G01 X-2.60293 Y9.66598
G01 X-2.62876 Y9.66979
G01 X-2.60293 Y9.66598
G01 X-2.60791 Y9.67228
G01 X-2.62018 Y9.67075
G01 X-2.62081 Y9.67068
G01 X-2.62876 Y9.66979
G01 X-2.64451 Y9.66804
G01 X-2.64515 Y9.66798
G01 X-2.65071 Y9.66743
G01 X-2.69386 Y9.66212
G01 X-2.69508 Y9.66199
G01 X-2.77934 Y9.65371
G01 X-2.78180 Y9.65351
G01 X-2.83080 Y9.65112
G01 X-2.83202 Y9.65107
G01 X-2.87375 Y9.65000
G01 X-2.87499 Y9.65003
G01 X-3.57499 Y9.65003
G01 X-3.57621 Y9.65005
G01 X-3.61794 Y9.65107
G01 X-3.61916 Y9.65112
G01 X-3.66816 Y9.65353
G01 X-3.67062 Y9.65371
G01 X-3.75546 Y9.66209
G01 X-3.75787 Y9.66240
G01 X-3.80687 Y9.66966
G01 X-3.80933 Y9.67007
G01 X-3.83412 Y9.67502
G01 X-4.48505 Y9.67505
G01 X-4.48820 Y9.66743
G01 X-4.48505 Y9.67505
G01 X-4.52498 Y9.71497
G01 X-4.53260 Y9.71182
G01 X-4.52498 Y9.71497
G01 X-4.52498 Y9.73331
G01 X-4.52498 Y9.82790
G01 X-4.53415 Y9.83209
G01 X-4.52498 Y9.82790
G01 X-4.51388 Y9.83456
G01 X-4.48233 Y9.85795
G01 X-4.44446 Y9.88904
G01 X-4.38901 Y9.94449
G01 X-4.35792 Y9.98236
G01 X-4.33453 Y10.01388
G01 X-4.31436 Y10.04756
G01 X-4.29125 Y10.09079
G01 X-4.27499 Y10.13006
G01 X-4.27499 Y9.92653
G01 X-4.28060 Y9.91891
G01 X-4.31172 Y9.88104
G01 X-4.38101 Y9.81172
G01 X-4.41891 Y9.78063
G01 X-4.42498 Y9.77611
G01 X-4.42498 Y9.77502
G01 X-4.52498 Y9.73331
G01 X-4.42498 Y9.77502
G01 X-4.16254 Y9.77502
G01 X-4.10118 Y9.74954
G01 X-4.09884 Y9.74863
G01 X-4.04982 Y9.73110
G01 X-4.04753 Y9.73034
G01 X-3.95193 Y9.70128
G01 X-3.94954 Y9.70060
G01 X-3.90052 Y9.68833
G01 X-3.90059 Y9.68797
G01 X-3.90052 Y9.68833
G01 X-3.89813 Y9.68780
G01 X-3.83412 Y9.67502
G01 X-3.89813 Y9.68780
G01 X-3.90052 Y9.68833
G01 X-3.94954 Y9.70060
G01 X-3.95193 Y9.70128
G01 X-4.04753 Y9.73034
G01 X-4.04982 Y9.73110
G01 X-4.09884 Y9.74863
G01 X-4.10118 Y9.74954
G01 X-4.16254 Y9.77502
G01 X-4.20768 Y9.79379
G01 X-4.20989 Y9.79476
G01 X-4.24636 Y9.81203
G01 X-4.25444 Y9.81680
G01 X-4.26148 Y9.82303
G01 X-4.26722 Y9.83047
G01 X-4.28228 Y9.82102
G01 X-4.26722 Y9.83047
G01 X-4.27148 Y9.83885
G01 X-4.27410 Y9.84787
G01 X-4.27499 Y9.85721
G01 X-4.27499 Y9.92653
G01 X-4.27499 Y10.13006
G01 X-4.27499 Y11.51995
G01 X-4.27499 Y11.72350
G01 X-4.27499 Y11.87301
G01 X-4.27499 Y12.00999
G01 X-4.29201 Y12.02399
G01 X-4.34720 Y12.06491
G01 X-4.40613 Y12.10024
G01 X-4.44933 Y12.12333
G01 X-4.57611 Y12.17585
G01 X-4.62302 Y12.19008
G01 X-4.68964 Y12.20677
G01 X-4.75761 Y12.21685
G01 X-4.80638 Y12.22165
G01 X-4.87499 Y12.22500
G01 X-5.57499 Y12.22500
G01 X-5.64359 Y12.22165
G01 X-5.69236 Y12.21685
G01 X-5.76033 Y12.20677
G01 X-5.82695 Y12.19008
G01 X-5.87387 Y12.17585
G01 X-6.00064 Y12.12333
G01 X-6.04385 Y12.10024
G01 X-6.10277 Y12.06491
G01 X-6.15797 Y12.02399
G01 X-6.19584 Y11.99290
G01 X-6.22497 Y11.96376
G01 X-6.22497 Y12.42500
G01 X-6.22713 Y12.47994
G01 X-6.23084 Y12.52686
G01 X-6.24801 Y12.63536
G01 X-6.25901 Y12.68114
G01 X-6.29294 Y12.78561
G01 X-6.31098 Y12.82909
G01 X-6.36084 Y12.92696
G01 X-6.38542 Y12.96709
G01 X-6.44999 Y13.05596
G01 X-6.48057 Y13.09175
G01 X-6.51789 Y13.13211
G01 X-6.91788 Y13.53211
G01 X-6.96879 Y13.57826
G01 X-7.01423 Y13.61555
G01 X-7.12832 Y13.69180
G01 X-7.18019 Y13.71951
G01 X-7.24229 Y13.74890
G01 X-7.30699 Y13.77204
G01 X-7.36325 Y13.78911
G01 X-7.42990 Y13.80580
G01 X-7.49784 Y13.81588
G01 X-7.55636 Y13.82165
G01 X-7.62500 Y13.82502
G01 X-9.90157 Y13.82502
G01 X-9.90536 Y13.81646
G01 X-9.90157 Y13.82502
G01 X-9.92601 Y13.85797
G01 X-9.95710 Y13.89587
G01 X-10.05412 Y13.99289
G01 X-10.09202 Y14.02398
G01 X-10.14719 Y14.06490
G01 X-10.20612 Y14.10023
G01 X-10.24935 Y14.12332
G01 X-10.37612 Y14.17585
G01 X-10.42301 Y14.19007
G01 X-10.48966 Y14.20676
G01 X-10.55760 Y14.21685
G01 X-10.60637 Y14.22165
G01 X-10.67498 Y14.22502
G01 X-11.37497 Y14.22502
G01 X-11.44361 Y14.22165
G01 X-11.49237 Y14.21685
G01 X-11.56032 Y14.20676
G01 X-11.62697 Y14.19007
G01 X-11.67386 Y14.17585
G01 X-11.80063 Y14.12332
G01 X-11.84386 Y14.10023
G01 X-11.90279 Y14.06490
G01 X-11.95796 Y14.02398
G01 X-11.97497 Y14.01001
G01 X-11.97497 Y13.87303
G01 X-11.97497 Y13.72353
G01 X-11.97497 Y13.87303
G01 X-11.93240 Y13.91560
G01 X-11.89451 Y13.94669
G01 X-11.84721 Y13.98177
G01 X-11.79672 Y14.01204
G01 X-11.75349 Y14.03513
G01 X-11.64482 Y14.08014
G01 X-11.59794 Y14.09437
G01 X-11.54081 Y14.10869
G01 X-11.48257 Y14.11733
G01 X-11.43380 Y14.12213
G01 X-11.37497 Y14.12502
G01 X-10.67498 Y14.12502
G01 X-10.61618 Y14.12213
G01 X-10.56741 Y14.11733
G01 X-10.50917 Y14.10869
G01 X-10.45204 Y14.09437
G01 X-10.40515 Y14.08014
G01 X-10.29649 Y14.03513
G01 X-10.25326 Y14.01204
G01 X-10.20276 Y13.98177
G01 X-10.15547 Y13.94669
G01 X-10.11757 Y13.91560
G01 X-10.03441 Y13.83242
G01 X-10.00332 Y13.79454
G01 X-9.96825 Y13.74725
G01 X-9.95491 Y13.72502
G01 X-9.95915 Y13.71583
G01 X-9.95491 Y13.72502
G01 X-7.62500 Y13.72502
G01 X-7.56617 Y13.72213
G01 X-7.50765 Y13.71636
G01 X-7.44940 Y13.70773
G01 X-7.39228 Y13.69340
G01 X-7.33599 Y13.67633
G01 X-7.28057 Y13.65650
G01 X-7.22733 Y13.63132
G01 X-7.17547 Y13.60361
G01 X-7.07768 Y13.53826
G01 X-7.03221 Y13.50095
G01 X-6.98860 Y13.46140
G01 X-6.58860 Y13.06140
G01 X-6.55659 Y13.02680
G01 X-6.52604 Y12.99102
G01 X-6.47069 Y12.91484
G01 X-6.44610 Y12.87471
G01 X-6.40336 Y12.79081
G01 X-6.38535 Y12.74733
G01 X-6.35624 Y12.65779
G01 X-6.34527 Y12.61202
G01 X-6.33053 Y12.51903
G01 X-6.32683 Y12.47209
G01 X-6.32497 Y12.42500
G01 X-6.32497 Y11.92168
G01 X-6.33231 Y11.91860
G01 X-6.32497 Y11.92168
G01 X-6.31758 Y11.91561
G01 X-6.27001 Y11.86803
G01 X-6.22497 Y11.96376
G01 X-6.27001 Y11.86803
G01 X-6.23440 Y11.83242
G01 X-6.22500 Y11.82094
G01 X-6.22543 Y11.78058
G01 X-6.22500 Y11.82094
G01 X-6.21557 Y11.83242
G01 X-6.13239 Y11.91561
G01 X-6.09452 Y11.94669
G01 X-6.04722 Y11.98177
G01 X-5.99673 Y12.01202
G01 X-5.95350 Y12.03514
G01 X-5.84484 Y12.08015
G01 X-5.79792 Y12.09437
G01 X-5.74082 Y12.10867
G01 X-5.68258 Y12.11733
G01 X-5.63379 Y12.12213
G01 X-5.57499 Y12.12500
G01 X-4.87499 Y12.12500
G01 X-4.81619 Y12.12213
G01 X-4.76739 Y12.11733
G01 X-4.70915 Y12.10867
G01 X-4.65205 Y12.09437
G01 X-4.60514 Y12.08015
G01 X-4.49648 Y12.03514
G01 X-4.45325 Y12.01202
G01 X-4.40275 Y11.98177
G01 X-4.35546 Y11.94669
G01 X-4.31758 Y11.91561
G01 X-4.27499 Y11.87301
G01 X-4.27499 Y11.72350
G01 X-4.28060 Y11.73110
G01 X-4.31172 Y11.76900
G01 X-4.38101 Y11.83829
G01 X-4.41891 Y11.86938
G01 X-4.45830 Y11.89861
G01 X-4.50039 Y11.92383
G01 X-4.54362 Y11.94695
G01 X-4.63417 Y11.98446
G01 X-4.68108 Y11.99869
G01 X-4.72866 Y12.01060
G01 X-4.77720 Y12.01779
G01 X-4.82599 Y12.02262
G01 X-4.87499 Y12.02500
G01 X-5.57499 Y12.02500
G01 X-5.62401 Y12.02262
G01 X-5.67278 Y12.01779
G01 X-5.72132 Y12.01060
G01 X-5.76889 Y11.99869
G01 X-5.81580 Y11.98446
G01 X-5.90635 Y11.94695
G01 X-5.94959 Y11.92383
G01 X-5.99167 Y11.89861
G01 X-6.03107 Y11.86938
G01 X-6.06897 Y11.83829
G01 X-6.13826 Y11.76900
G01 X-6.16937 Y11.73110
G01 X-6.19858 Y11.69168
G01 X-6.22380 Y11.64962
G01 X-6.22500 Y11.64741
G01 X-6.22500 Y11.57519
G01 X-6.22500 Y11.64741
G01 X-6.22617 Y11.64962
G01 X-6.25139 Y11.69168
G01 X-6.28062 Y11.73110
G01 X-6.31171 Y11.76900
G01 X-6.38100 Y11.83829
G01 X-6.41890 Y11.86938
G01 X-6.42497 Y11.87390
G01 X-6.43315 Y11.87029
G01 X-6.42497 Y11.87390
G01 X-6.42497 Y12.42500
G01 X-6.42652 Y12.46424
G01 X-6.43023 Y12.51118
G01 X-6.44250 Y12.58868
G01 X-6.45347 Y12.63445
G01 X-6.47773 Y12.70905
G01 X-6.49574 Y12.75256
G01 X-6.53137 Y12.82246
G01 X-6.55596 Y12.86259
G01 X-6.60209 Y12.92607
G01 X-6.63264 Y12.96188
G01 X-6.65929 Y12.99071
G01 X-7.05929 Y13.39071
G01 X-7.09566 Y13.42365
G01 X-7.14113 Y13.46097
G01 X-7.22261 Y13.51542
G01 X-7.27448 Y13.54314
G01 X-7.31882 Y13.56412
G01 X-7.36503 Y13.58065
G01 X-7.42131 Y13.59772
G01 X-7.46891 Y13.60963
G01 X-7.51745 Y13.61685
G01 X-7.57597 Y13.62261
G01 X-7.62500 Y13.62502
G01 X-10.01303 Y13.62502
G01 X-10.01910 Y13.61349
G01 X-10.01303 Y13.62502
G01 X-10.02616 Y13.64961
G01 X-10.05138 Y13.69170
G01 X-10.08062 Y13.73110
G01 X-10.11171 Y13.76899
G01 X-10.18102 Y13.83828
G01 X-10.21889 Y13.86937
G01 X-10.25831 Y13.89861
G01 X-10.30040 Y13.92383
G01 X-10.34361 Y13.94694
G01 X-10.43418 Y13.98446
G01 X-10.48107 Y13.99868
G01 X-10.52867 Y14.01060
G01 X-10.57721 Y14.01781
G01 X-10.62598 Y14.02261
G01 X-10.67498 Y14.02502
G01 X-11.37497 Y14.02502
G01 X-11.42400 Y14.02261
G01 X-11.47276 Y14.01781
G01 X-11.52130 Y14.01060
G01 X-11.56890 Y13.99868
G01 X-11.61579 Y13.98446
G01 X-11.70637 Y13.94694
G01 X-11.74957 Y13.92383
G01 X-11.79166 Y13.89861
G01 X-11.83108 Y13.86937
G01 X-11.86895 Y13.83828
G01 X-11.93827 Y13.76899
G01 X-11.96936 Y13.73110
G01 X-11.97497 Y13.72353
G01 X-11.97497 Y13.52002
G01 X-11.97497 Y12.13001
G01 X-11.95872 Y12.09079
G01 X-11.93563 Y12.04756
G01 X-11.91544 Y12.01390
G01 X-11.89207 Y11.98236
G01 X-11.86098 Y11.94448
G01 X-11.80553 Y11.88904
G01 X-11.76763 Y11.85795
G01 X-11.76489 Y11.85592
G01 X-11.73294 Y11.85731
G01 X-11.70868 Y11.85909
G01 X-11.70713 Y11.85919
G01 X-11.65031 Y11.86158
G01 X-11.64871 Y11.86163
G01 X-11.64096 Y11.86171
G01 X-11.58833 Y11.86399
G01 X-11.57429 Y11.86511
G01 X-11.57690 Y11.86491
G01 X-11.61208 Y11.87946
G01 X-11.65529 Y11.90257
G01 X-11.68056 Y11.91771
G01 X-11.70421 Y11.93524
G01 X-11.74208 Y11.96633
G01 X-11.78366 Y12.00791
G01 X-11.81475 Y12.04581
G01 X-11.83230 Y12.06945
G01 X-11.84744 Y12.09470
G01 X-11.87053 Y12.13793
G01 X-11.89303 Y12.19226
G01 X-11.90726 Y12.23915
G01 X-11.91442 Y12.26773
G01 X-11.91874 Y12.29683
G01 X-11.92354 Y12.34560
G01 X-11.92499 Y12.37501
G01 X-11.92499 Y13.27501
G01 X-11.92354 Y13.30443
G01 X-11.91874 Y13.35319
G01 X-11.91442 Y13.38230
G01 X-11.90726 Y13.41088
G01 X-11.89303 Y13.45777
G01 X-11.87053 Y13.51210
G01 X-11.84744 Y13.55533
G01 X-11.83230 Y13.58058
G01 X-11.81475 Y13.60422
G01 X-11.78366 Y13.64212
G01 X-11.74208 Y13.68370
G01 X-11.70421 Y13.71479
G01 X-11.68056 Y13.73231
G01 X-11.65529 Y13.74745
G01 X-11.61208 Y13.77057
G01 X-11.55775 Y13.79307
G01 X-11.51084 Y13.80730
G01 X-11.48229 Y13.81443
G01 X-11.45316 Y13.81878
G01 X-11.40439 Y13.82358
G01 X-11.37497 Y13.82502
G01 X-10.67498 Y13.82502
G01 X-10.64559 Y13.82358
G01 X-10.59682 Y13.81878
G01 X-10.56769 Y13.81443
G01 X-10.53914 Y13.80730
G01 X-10.49222 Y13.79307
G01 X-10.43789 Y13.77057
G01 X-10.39469 Y13.74745
G01 X-10.36941 Y13.73231
G01 X-10.34577 Y13.71479
G01 X-10.30790 Y13.68370
G01 X-10.26632 Y13.64212
G01 X-10.23523 Y13.60422
G01 X-10.21767 Y13.58058
G01 X-10.20254 Y13.55533
G01 X-10.17945 Y13.51210
G01 X-10.15694 Y13.45777
G01 X-10.14699 Y13.42503
G01 X-10.15725 Y13.40907
G01 X-10.14699 Y13.42503
G01 X-7.62500 Y13.42503
G01 X-7.59558 Y13.42358
G01 X-7.53706 Y13.41781
G01 X-7.50793 Y13.41349
G01 X-7.47938 Y13.40633
G01 X-7.42309 Y13.38926
G01 X-7.39538 Y13.37933
G01 X-7.36876 Y13.36676
G01 X-7.31689 Y13.33902
G01 X-7.26800 Y13.30636
G01 X-7.22253 Y13.26904
G01 X-7.20071 Y13.24928
G01 X-6.80071 Y12.84928
G01 X-6.78474 Y12.83199
G01 X-6.75416 Y12.79617
G01 X-6.72650 Y12.75810
G01 X-6.70188 Y12.71797
G01 X-6.68052 Y12.67600
G01 X-6.66251 Y12.63252
G01 X-6.64796 Y12.58777
G01 X-6.63696 Y12.54197
G01 X-6.62959 Y12.49549
G01 X-6.62591 Y12.44855
G01 X-6.62497 Y12.42500
G01 X-6.62497 Y11.76366
G01 X-6.63513 Y11.75861
G01 X-6.62497 Y11.76366
G01 X-6.59467 Y11.74746
G01 X-6.56942 Y11.73232
G01 X-6.54577 Y11.71479
G01 X-6.50790 Y11.68370
G01 X-6.46630 Y11.64210
G01 X-6.43521 Y11.60423
G01 X-6.41768 Y11.58058
G01 X-6.40254 Y11.55533
G01 X-6.37943 Y11.51210
G01 X-6.35693 Y11.45777
G01 X-6.34699 Y11.42500
G01 X-6.35794 Y11.40844
G01 X-6.34699 Y11.42500
G01 X-6.10298 Y11.42500
G01 X-6.09271 Y11.40908
G01 X-6.10298 Y11.42500
G01 X-6.09304 Y11.45777
G01 X-6.07054 Y11.51210
G01 X-6.04743 Y11.55533
G01 X-6.03229 Y11.58058
G01 X-6.01476 Y11.60423
G01 X-5.98367 Y11.64210
G01 X-5.94209 Y11.68370
G01 X-5.90420 Y11.71479
G01 X-5.88055 Y11.73232
G01 X-5.85530 Y11.74746
G01 X-5.81207 Y11.77057
G01 X-5.75774 Y11.79308
G01 X-5.71085 Y11.80730
G01 X-5.68228 Y11.81444
G01 X-5.65317 Y11.81875
G01 X-5.60440 Y11.82358
G01 X-5.57499 Y11.82500
G01 X-4.87499 Y11.82500
G01 X-4.84557 Y11.82358
G01 X-4.79681 Y11.81875
G01 X-4.76770 Y11.81444
G01 X-4.73912 Y11.80730
G01 X-4.69223 Y11.79308
G01 X-4.63790 Y11.77057
G01 X-4.59467 Y11.74746
G01 X-4.56943 Y11.73232
G01 X-4.54578 Y11.71479
G01 X-4.50788 Y11.68370
G01 X-4.46630 Y11.64210
G01 X-4.43521 Y11.60423
G01 X-4.41769 Y11.58058
G01 X-4.40255 Y11.55533
G01 X-4.37943 Y11.51210
G01 X-4.35693 Y11.45777
G01 X-4.34271 Y11.41088
G01 X-4.33557 Y11.38231
G01 X-4.33122 Y11.35320
G01 X-4.32642 Y11.30443
G01 X-4.32498 Y11.27502
G01 X-4.32498 Y10.37502
G01 X-4.32642 Y10.34561
G01 X-4.33122 Y10.29684
G01 X-4.33557 Y10.26770
G01 X-4.34271 Y10.23915
G01 X-4.35693 Y10.19227
G01 X-4.37943 Y10.13794
G01 X-4.40255 Y10.09470
G01 X-4.41769 Y10.06946
G01 X-4.43521 Y10.04581
G01 X-4.46630 Y10.00791
G01 X-4.50788 Y9.96633
G01 X-4.54578 Y9.93524
G01 X-4.56943 Y9.91769
G01 X-4.59467 Y9.90258
G01 X-4.62498 Y9.88637
G01 X-4.63656 Y9.89247
G01 X-4.62498 Y9.88637
G01 X-4.62498 Y9.67355
G01 X-4.63260 Y9.67040
G01 X-4.62498 Y9.67355
G01 X-4.52645 Y9.57505
G01 X-4.52960 Y9.56753
G01 X-4.52645 Y9.57505
G01 X-2.69999 Y9.57502
G01 X-2.67057 Y9.57357
G01 X-2.64131 Y9.57068
G01 X-2.61220 Y9.56636
G01 X-2.58363 Y9.55922
G01 X-2.55551 Y9.55069
G01 X-2.50982 Y9.53176
G01 X-2.50258 Y9.51967
G01 X-2.47052 Y9.45988
G01 X-2.45764 Y9.43268
G01 X-2.43608 Y9.38076
G01 X-2.42640 Y9.35368
G01 X-2.42084 Y9.33545
G01 X-2.43933 Y9.35795
G01 X-2.46704 Y9.38569
G01 X-2.48978 Y9.40433
G01 X-2.50555 Y9.41602
G01 X-2.52236 Y9.42613
G01 X-2.54830 Y9.43997
G01 X-2.58452 Y9.45498
G01 X-2.61266 Y9.46351
G01 X-2.63171 Y9.46829
G01 X-2.65112 Y9.47116
G01 X-2.68038 Y9.47406
G01 X-2.69999 Y9.47502
G01 X-4.56788 Y9.47505
G01 X-4.57103 Y9.46743
G01 X-4.56788 Y9.47505
G01 X-4.72498 Y9.63214
G01 X-4.73260 Y9.62897
G01 X-4.72498 Y9.63214
G01 X-4.72498 Y9.95152
G01 X-4.74006 Y9.96090
G01 X-4.72498 Y9.95152
G01 X-4.72127 Y9.95264
G01 X-4.68505 Y9.96765
G01 X-4.64182 Y9.99077
G01 X-4.62498 Y10.00085
G01 X-4.60923 Y10.01254
G01 X-4.57133 Y10.04363
G01 X-4.54362 Y10.07136
G01 X-4.51253 Y10.10923
G01 X-4.50082 Y10.12501
G01 X-4.49074 Y10.14185
G01 X-4.46762 Y10.18505
G01 X-4.45264 Y10.22127
G01 X-4.43841 Y10.26819
G01 X-4.43364 Y10.28721
G01 X-4.43074 Y10.30664
G01 X-4.42594 Y10.35541
G01 X-4.42498 Y10.37502
G01 X-4.42498 Y11.27502
G01 X-4.42594 Y11.29463
G01 X-4.43074 Y11.34339
G01 X-4.43364 Y11.36280
G01 X-4.43841 Y11.38185
G01 X-4.45264 Y11.42874
G01 X-4.46762 Y11.46496
G01 X-4.49074 Y11.50819
G01 X-4.50082 Y11.52503
G01 X-4.51253 Y11.54078
G01 X-4.54362 Y11.57867
G01 X-4.57133 Y11.60639
G01 X-4.60923 Y11.63748
G01 X-4.62498 Y11.64918
G01 X-4.64182 Y11.65927
G01 X-4.68505 Y11.68236
G01 X-4.72127 Y11.69737
G01 X-4.76816 Y11.71159
G01 X-4.78721 Y11.71637
G01 X-4.80661 Y11.71924
G01 X-4.85538 Y11.72404
G01 X-4.87499 Y11.72500
G01 X-5.57499 Y11.72500
G01 X-5.59460 Y11.72404
G01 X-5.64336 Y11.71924
G01 X-5.66277 Y11.71637
G01 X-5.68182 Y11.71159
G01 X-5.72871 Y11.69737
G01 X-5.76493 Y11.68236
G01 X-5.80816 Y11.65927
G01 X-5.82500 Y11.64918
G01 X-5.84075 Y11.63748
G01 X-5.87864 Y11.60639
G01 X-5.90635 Y11.57867
G01 X-5.93744 Y11.54078
G01 X-5.94915 Y11.52503
G01 X-5.95924 Y11.50819
G01 X-5.98235 Y11.46496
G01 X-5.99734 Y11.42874
G01 X-6.01156 Y11.38185
G01 X-6.01634 Y11.36280
G01 X-6.01923 Y11.34339
G01 X-6.02104 Y11.32500
G01 X-6.00549 Y11.30458
G01 X-6.02104 Y11.32500
G01 X-6.42893 Y11.32500
G01 X-6.44633 Y11.30321
G01 X-6.42893 Y11.32500
G01 X-6.43076 Y11.34339
G01 X-6.43363 Y11.36280
G01 X-6.43841 Y11.38185
G01 X-6.45263 Y11.42874
G01 X-6.46764 Y11.46496
G01 X-6.49073 Y11.50819
G01 X-6.50082 Y11.52503
G01 X-6.51253 Y11.54078
G01 X-6.54362 Y11.57867
G01 X-6.57133 Y11.60639
G01 X-6.60922 Y11.63748
G01 X-6.62497 Y11.64918
G01 X-6.64181 Y11.65927
G01 X-6.68504 Y11.68236
G01 X-6.72126 Y11.69737
G01 X-6.72497 Y11.69851
G01 X-6.73932 Y11.68982
G01 X-6.72497 Y11.69851
G01 X-6.72497 Y12.42500
G01 X-6.72561 Y12.44070
G01 X-6.72929 Y12.48764
G01 X-6.73419 Y12.51863
G01 X-6.74519 Y12.56440
G01 X-6.75489 Y12.59427
G01 X-6.77290 Y12.63775
G01 X-6.78715 Y12.66572
G01 X-6.81174 Y12.70585
G01 X-6.83020 Y12.73125
G01 X-6.86076 Y12.76704
G01 X-6.87143 Y12.77857
G01 X-7.27143 Y13.17857
G01 X-7.28598 Y13.19175
G01 X-7.33142 Y13.22906
G01 X-7.36404 Y13.25083
G01 X-7.41590 Y13.27857
G01 X-7.43363 Y13.28695
G01 X-7.45212 Y13.29356
G01 X-7.50841 Y13.31065
G01 X-7.52743 Y13.31540
G01 X-7.54684 Y13.31829
G01 X-7.60539 Y13.32406
G01 X-7.62500 Y13.32503
G01 X-10.22895 Y13.32503
G01 X-10.24450 Y13.30458
G01 X-10.22895 Y13.32503
G01 X-10.23076 Y13.34339
G01 X-10.23363 Y13.36280
G01 X-10.23840 Y13.38185
G01 X-10.25262 Y13.42873
G01 X-10.26764 Y13.46495
G01 X-10.29072 Y13.50819
G01 X-10.30083 Y13.52503
G01 X-10.31252 Y13.54077
G01 X-10.34361 Y13.57867
G01 X-10.37134 Y13.60638
G01 X-10.40922 Y13.63747
G01 X-10.42499 Y13.64918
G01 X-10.44180 Y13.65926
G01 X-10.48503 Y13.68238
G01 X-10.52126 Y13.69736
G01 X-10.56817 Y13.71159
G01 X-10.58719 Y13.71636
G01 X-10.60660 Y13.71923
G01 X-10.65539 Y13.72406
G01 X-10.67498 Y13.72502
G01 X-11.37497 Y13.72502
G01 X-11.39458 Y13.72406
G01 X-11.44335 Y13.71923
G01 X-11.46278 Y13.71636
G01 X-11.48181 Y13.71159
G01 X-11.52872 Y13.69736
G01 X-11.56494 Y13.68238
G01 X-11.60815 Y13.65926
G01 X-11.62499 Y13.64918
G01 X-11.64076 Y13.63747
G01 X-11.67863 Y13.60638
G01 X-11.70637 Y13.57867
G01 X-11.73746 Y13.54077
G01 X-11.74914 Y13.52503
G01 X-11.75925 Y13.50819
G01 X-11.78234 Y13.46495
G01 X-11.79735 Y13.42873
G01 X-11.81158 Y13.38185
G01 X-11.81635 Y13.36280
G01 X-11.81922 Y13.34339
G01 X-11.82402 Y13.29462
G01 X-11.82499 Y13.27501
G01 X-11.82499 Y12.37501
G01 X-11.82402 Y12.35541
G01 X-11.81922 Y12.30664
G01 X-11.81635 Y12.28723
G01 X-11.81158 Y12.26818
G01 X-11.79735 Y12.22129
G01 X-11.78234 Y12.18507
G01 X-11.75925 Y12.14184
G01 X-11.74914 Y12.12500
G01 X-11.73746 Y12.10923
G01 X-11.70637 Y12.07136
G01 X-11.67863 Y12.04365
G01 X-11.64076 Y12.01253
G01 X-11.62499 Y12.00085
G01 X-11.60815 Y11.99076
G01 X-11.56494 Y11.96765
G01 X-11.52872 Y11.95266
G01 X-11.48181 Y11.93844
G01 X-11.46278 Y11.93366
G01 X-11.44335 Y11.93077
G01 X-11.39458 Y11.92597
G01 X-11.37497 Y11.92500
G01 X-10.67498 Y11.92500
G01 X-10.65539 Y11.92597
G01 X-10.60660 Y11.93077
G01 X-10.58719 Y11.93366
G01 X-10.56817 Y11.93844
G01 X-10.52126 Y11.95266
G01 X-10.48503 Y11.96765
G01 X-10.44180 Y11.99076
G01 X-10.42499 Y12.00085
G01 X-10.40922 Y12.01253
G01 X-10.37134 Y12.04365
G01 X-10.34361 Y12.07136
G01 X-10.31252 Y12.10923
G01 X-10.30083 Y12.12500
G01 X-10.29072 Y12.14184
G01 X-10.26764 Y12.18507
G01 X-10.25262 Y12.22129
G01 X-10.23840 Y12.26818
G01 X-10.23363 Y12.28723
G01 X-10.23076 Y12.30664
G01 X-10.22895 Y12.32500
G01 X-10.24450 Y12.34545
G01 X-10.22895 Y12.32500
G01 X-7.83208 Y12.32500
G01 X-7.82893 Y12.33262
G01 X-7.83208 Y12.32500
G01 X-7.72499 Y12.21792
G01 X-7.71737 Y12.22107
G01 X-7.72499 Y12.21792
G01 X-7.72499 Y11.69851
G01 X-7.70991 Y11.68914
G01 X-7.72499 Y11.69851
G01 X-7.72870 Y11.69737
G01 X-7.76495 Y11.68236
G01 X-7.80815 Y11.65927
G01 X-7.82499 Y11.64918
G01 X-7.84077 Y11.63748
G01 X-7.87864 Y11.60639
G01 X-7.90638 Y11.57867
G01 X-7.93747 Y11.54078
G01 X-7.94915 Y11.52503
G01 X-7.95923 Y11.50819
G01 X-7.98235 Y11.46496
G01 X-7.99733 Y11.42874
G01 X-8.01158 Y11.38185
G01 X-8.01633 Y11.36280
G01 X-8.01923 Y11.34339
G01 X-8.02403 Y11.29463
G01 X-8.02499 Y11.27502
G01 X-8.02499 Y10.37502
G01 X-8.02403 Y10.35541
G01 X-8.01923 Y10.30664
G01 X-8.01633 Y10.28721
G01 X-8.01158 Y10.26819
G01 X-7.99733 Y10.22127
G01 X-7.98235 Y10.18505
G01 X-7.95923 Y10.14185
G01 X-7.94915 Y10.12501
G01 X-7.93747 Y10.10923
G01 X-7.90638 Y10.07136
G01 X-7.87864 Y10.04363
G01 X-7.84077 Y10.01254
G01 X-7.82499 Y10.00085
G01 X-7.80815 Y9.99077
G01 X-7.76495 Y9.96765
G01 X-7.72870 Y9.95264
G01 X-7.68181 Y9.93842
G01 X-7.66279 Y9.93367
G01 X-7.64336 Y9.93077
G01 X-7.59459 Y9.92597
G01 X-7.57498 Y9.92501
G01 X-6.87498 Y9.92501
G01 X-6.85537 Y9.92597
G01 X-6.80661 Y9.93077
G01 X-6.78720 Y9.93367
G01 X-6.76815 Y9.93842
G01 X-6.72126 Y9.95264
G01 X-6.68504 Y9.96765
G01 X-6.64181 Y9.99077
G01 X-6.62497 Y10.00085
G01 X-6.60922 Y10.01254
G01 X-6.57133 Y10.04363
G01 X-6.54362 Y10.07136
G01 X-6.51253 Y10.10923
G01 X-6.50082 Y10.12501
G01 X-6.49073 Y10.14185
G01 X-6.46764 Y10.18505
G01 X-6.45263 Y10.22127
G01 X-6.43841 Y10.26819
G01 X-6.43363 Y10.28721
G01 X-6.43076 Y10.30664
G01 X-6.42893 Y10.32501
G01 X-6.44448 Y10.34545
G01 X-6.42893 Y10.32501
G01 X-6.02104 Y10.32501
G01 X-6.00364 Y10.34682
G01 X-6.02104 Y10.32501
G01 X-6.01923 Y10.30664
G01 X-6.01634 Y10.28721
G01 X-6.01156 Y10.26819
G01 X-5.99734 Y10.22127
G01 X-5.98235 Y10.18505
G01 X-5.95924 Y10.14185
G01 X-5.94915 Y10.12501
G01 X-5.93744 Y10.10923
G01 X-5.90635 Y10.07136
G01 X-5.87864 Y10.04363
G01 X-5.84075 Y10.01254
G01 X-5.82500 Y10.00085
G01 X-5.80816 Y9.99077
G01 X-5.76493 Y9.96765
G01 X-5.72871 Y9.95264
G01 X-5.72500 Y9.95152
G01 X-5.71085 Y9.96011
G01 X-5.72500 Y9.95152
G01 X-5.72500 Y9.42501
G01 X-5.72436 Y9.40934
G01 X-5.72068 Y9.36240
G01 X-5.71578 Y9.33141
G01 X-5.70478 Y9.28561
G01 X-5.69508 Y9.25577
G01 X-5.67707 Y9.21228
G01 X-5.66282 Y9.18432
G01 X-5.63821 Y9.14419
G01 X-5.61977 Y9.11879
G01 X-5.58919 Y9.08300
G01 X-5.57854 Y9.07147
G01 X-5.12853 Y8.62148
G01 X-5.12520 Y8.61846
G01 X-5.12660 Y8.61896
G01 X-5.14075 Y8.62427
G01 X-5.14946 Y8.62780
G01 X-5.36594 Y8.71747
G01 X-5.64923 Y9.00075
G01 X-5.66523 Y9.01805
G01 X-5.69581 Y9.05384
G01 X-5.72347 Y9.09191
G01 X-5.74809 Y9.13207
G01 X-5.76945 Y9.17401
G01 X-5.78746 Y9.21752
G01 X-5.80201 Y9.26227
G01 X-5.81301 Y9.30804
G01 X-5.82038 Y9.35455
G01 X-5.82406 Y9.40149
G01 X-5.82500 Y9.42501
G01 X-5.82500 Y9.88637
G01 X-5.81471 Y9.89145
G01 X-5.82500 Y9.88637
G01 X-5.85530 Y9.90258
G01 X-5.88055 Y9.91769
G01 X-5.90420 Y9.93524
G01 X-5.94209 Y9.96633
G01 X-5.98367 Y10.00791
G01 X-6.01476 Y10.04581
G01 X-6.03229 Y10.06946
G01 X-6.04743 Y10.09470
G01 X-6.07054 Y10.13794
G01 X-6.09304 Y10.19227
G01 X-6.10298 Y10.22501
G01 X-6.09203 Y10.24159
G01 X-6.10298 Y10.22501
G01 X-6.34699 Y10.22501
G01 X-6.35726 Y10.24093
G01 X-6.34699 Y10.22501
G01 X-6.35693 Y10.19227
G01 X-6.37943 Y10.13794
G01 X-6.40254 Y10.09470
G01 X-6.41768 Y10.06946
G01 X-6.43521 Y10.04581
G01 X-6.46630 Y10.00791
G01 X-6.50790 Y9.96633
G01 X-6.54577 Y9.93524
G01 X-6.56942 Y9.91769
G01 X-6.59467 Y9.90258
G01 X-6.63790 Y9.87946
G01 X-6.69223 Y9.85696
G01 X-6.73912 Y9.84274
G01 X-6.76769 Y9.83557
G01 X-6.79680 Y9.83126
G01 X-6.84557 Y9.82645
G01 X-6.87498 Y9.82501
G01 X-7.57498 Y9.82501
G01 X-7.60440 Y9.82645
G01 X-7.65316 Y9.83126
G01 X-7.68230 Y9.83557
G01 X-7.71085 Y9.84274
G01 X-7.75774 Y9.85696
G01 X-7.81207 Y9.87946
G01 X-7.85530 Y9.90258
G01 X-7.88054 Y9.91769
G01 X-7.90419 Y9.93524
G01 X-7.94209 Y9.96633
G01 X-7.98367 Y10.00791
G01 X-8.01476 Y10.04581
G01 X-8.03228 Y10.06946
G01 X-8.04742 Y10.09470
G01 X-8.07054 Y10.13794
G01 X-8.09304 Y10.19227
G01 X-8.10726 Y10.23915
G01 X-8.11443 Y10.26770
G01 X-8.11875 Y10.29684
G01 X-8.12355 Y10.34561
G01 X-8.12499 Y10.37502
G01 X-8.12499 Y11.27502
G01 X-8.12355 Y11.30443
G01 X-8.11875 Y11.35320
G01 X-8.11443 Y11.38231
G01 X-8.10726 Y11.41088
G01 X-8.09304 Y11.45777
G01 X-8.07054 Y11.51210
G01 X-8.04742 Y11.55533
G01 X-8.03228 Y11.58058
G01 X-8.01476 Y11.60423
G01 X-7.98367 Y11.64210
G01 X-7.94209 Y11.68370
G01 X-7.90419 Y11.71479
G01 X-7.88054 Y11.73232
G01 X-7.85530 Y11.74746
G01 X-7.82499 Y11.76366
G01 X-7.81341 Y11.75754
G01 X-7.82499 Y11.76366
G01 X-7.82499 Y12.17649
G01 X-7.81737 Y12.17964
G01 X-7.82499 Y12.17649
G01 X-7.87351 Y12.22500
G01 X-7.87036 Y12.23262
G01 X-7.87351 Y12.22500
G01 X-10.14699 Y12.22500
G01 X-10.15796 Y12.24159
G01 X-10.14699 Y12.22500
G01 X-10.15694 Y12.19226
G01 X-10.17945 Y12.13793
G01 X-10.20254 Y12.09470
G01 X-10.21767 Y12.06945
G01 X-10.23523 Y12.04581
G01 X-10.26632 Y12.00791
G01 X-10.30790 Y11.96633
G01 X-10.34577 Y11.93524
G01 X-10.36941 Y11.91771
G01 X-10.39469 Y11.90257
G01 X-10.43789 Y11.87946
G01 X-10.44856 Y11.87502
G01 X-10.26146 Y11.87502
G01 X-10.24445 Y11.88904
G01 X-10.18900 Y11.94448
G01 X-10.15791 Y11.98236
G01 X-10.13454 Y12.01390
G01 X-10.11435 Y12.04756
G01 X-10.09126 Y12.09079
G01 X-10.07706 Y12.12500
G01 X-10.08595 Y12.13958
G01 X-10.07706 Y12.12500
G01 X-7.92499 Y12.12500
G01 X-7.89568 Y12.15431
G01 X-7.92499 Y12.12500
G01 X-7.92499 Y11.82213
G01 X-7.91583 Y11.81794
G01 X-7.92499 Y11.82213
G01 X-7.93612 Y11.81548
G01 X-7.96764 Y11.79208
G01 X-8.00551 Y11.76100
G01 X-8.06096 Y11.70555
G01 X-8.09205 Y11.66765
G01 X-8.11544 Y11.63613
G01 X-8.13561 Y11.60247
G01 X-8.15873 Y11.55924
G01 X-8.17498 Y11.52000
G01 X-8.17498 Y11.72353
G01 X-8.16937 Y11.73110
G01 X-8.13828 Y11.76900
G01 X-8.06896 Y11.83829
G01 X-8.03106 Y11.86938
G01 X-8.02499 Y11.87390
G01 X-8.01740 Y11.87077
G01 X-8.02499 Y11.87390
G01 X-8.02499 Y11.96760
G01 X-8.02499 Y12.02500
G01 X-7.99568 Y12.05431
G01 X-8.02499 Y12.02500
G01 X-8.48377 Y12.02500
G01 X-8.50823 Y11.92803
G01 X-8.50041 Y11.92383
G01 X-8.45832 Y11.89861
G01 X-8.41890 Y11.86938
G01 X-8.38103 Y11.83829
G01 X-8.31171 Y11.76900
G01 X-8.28062 Y11.73110
G01 X-8.27498 Y11.72350
G01 X-8.27498 Y11.51997
G01 X-8.27498 Y10.13006
G01 X-8.27498 Y9.92653
G01 X-8.28062 Y9.91891
G01 X-8.31171 Y9.88104
G01 X-8.38103 Y9.81172
G01 X-8.41890 Y9.78063
G01 X-8.45832 Y9.75140
G01 X-8.50041 Y9.72618
G01 X-8.53729 Y9.70647
G01 X-8.54361 Y9.70309
G01 X-8.63416 Y9.66557
G01 X-8.68108 Y9.65135
G01 X-8.72868 Y9.63943
G01 X-8.77722 Y9.63222
G01 X-8.82598 Y9.62742
G01 X-8.87498 Y9.62501
G01 X-9.57498 Y9.62501
G01 X-9.62400 Y9.62742
G01 X-9.67277 Y9.63222
G01 X-9.72131 Y9.63943
G01 X-9.76891 Y9.65135
G01 X-9.81580 Y9.66557
G01 X-9.90635 Y9.70309
G01 X-9.94958 Y9.72618
G01 X-9.99167 Y9.75140
G01 X-10.03109 Y9.78063
G01 X-10.06896 Y9.81172
G01 X-10.12499 Y9.86776
G01 X-10.12611 Y9.89999
G01 X-10.12499 Y9.86776
G01 X-10.18102 Y9.81172
G01 X-10.21889 Y9.78063
G01 X-10.25831 Y9.75140
G01 X-10.30040 Y9.72618
G01 X-10.34361 Y9.70309
G01 X-10.43418 Y9.66557
G01 X-10.48107 Y9.65135
G01 X-10.52867 Y9.63943
G01 X-10.57721 Y9.63222
G01 X-10.62598 Y9.62742
G01 X-10.67498 Y9.62501
G01 X-11.32499 Y9.62501
G01 X-11.37398 Y9.62742
G01 X-11.42278 Y9.63222
G01 X-11.47132 Y9.63943
G01 X-11.51889 Y9.65135
G01 X-11.56580 Y9.66557
G01 X-11.65636 Y9.70309
G01 X-11.69959 Y9.72618
G01 X-11.74167 Y9.75140
G01 X-11.78107 Y9.78063
G01 X-11.81897 Y9.81172
G01 X-11.88826 Y9.88104
G01 X-11.91935 Y9.91891
G01 X-11.94858 Y9.95833
G01 X-11.97381 Y10.00042
G01 X-11.97497 Y10.00258
G01 X-11.97497 Y9.82905
G01 X-11.96558 Y9.81759
G01 X-11.88239 Y9.73443
G01 X-11.84452 Y9.70334
G01 X-11.79722 Y9.66826
G01 X-11.74673 Y9.63799
G01 X-11.70350 Y9.61490
G01 X-11.59484 Y9.56989
G01 X-11.54792 Y9.55564
G01 X-11.49082 Y9.54134
G01 X-11.43258 Y9.53270
G01 X-11.38379 Y9.52790
G01 X-11.32499 Y9.52501
G01 X-10.67498 Y9.52501
G01 X-10.61618 Y9.52790
G01 X-10.56741 Y9.53270
G01 X-10.50917 Y9.54134
G01 X-10.45204 Y9.55564
G01 X-10.40515 Y9.56989
G01 X-10.29649 Y9.61490
G01 X-10.25326 Y9.63799
G01 X-10.20276 Y9.66826
G01 X-10.15547 Y9.70334
G01 X-10.12499 Y9.72833
G01 X-10.12499 Y9.74825
G01 X-10.12499 Y9.72833
G01 X-10.09451 Y9.70334
G01 X-10.04722 Y9.66826
G01 X-9.99672 Y9.63799
G01 X-9.95349 Y9.61490
G01 X-9.84483 Y9.56989
G01 X-9.79794 Y9.55564
G01 X-9.74081 Y9.54134
G01 X-9.68257 Y9.53270
G01 X-9.63380 Y9.52790
G01 X-9.57498 Y9.52501
G01 X-8.87498 Y9.52501
G01 X-8.81618 Y9.52790
G01 X-8.76741 Y9.53270
G01 X-8.70917 Y9.54134
G01 X-8.65204 Y9.55564
G01 X-8.60516 Y9.56989
G01 X-8.60002 Y9.57197
G01 X-8.58285 Y9.58432
G01 X-8.53891 Y9.61790
G01 X-8.53729 Y9.70647
G01 X-8.50041 Y9.72618
G01 X-8.45832 Y9.75140
G01 X-8.41890 Y9.78063
G01 X-8.38103 Y9.81172
G01 X-8.31171 Y9.88104
G01 X-8.28062 Y9.91891
G01 X-8.27498 Y9.92653
G01 X-8.27498 Y9.82435
G01 X-8.34478 Y9.76920
G01 X-8.34514 Y9.76892
G01 X-8.36276 Y9.75473
G01 X-8.36312 Y9.75442
G01 X-8.38311 Y9.73804
G01 X-8.42316 Y9.70657
G01 X-8.47689 Y9.66621
G01 X-8.47770 Y9.66560
G01 X-8.51687 Y9.63491
G01 X-8.51765 Y9.63430
G01 X-8.52009 Y9.63230
G01 X-8.53891 Y9.61790
G01 X-8.58285 Y9.58432
G01 X-8.60002 Y9.57197
G01 X-8.61854 Y9.55871
G01 X-8.61930 Y9.55818
G01 X-8.66106 Y9.52704
G01 X-8.66180 Y9.52648
G01 X-8.69423 Y9.50136
G01 X-8.76340 Y9.45084
G01 X-8.78240 Y9.43776
G01 X-8.78306 Y9.43728
G01 X-8.79380 Y9.42963
G01 X-8.80637 Y9.42839
G01 X-8.87498 Y9.42501
G01 X-9.57498 Y9.42501
G01 X-9.64361 Y9.42839
G01 X-9.69238 Y9.43319
G01 X-9.76032 Y9.44327
G01 X-9.82697 Y9.45996
G01 X-9.87386 Y9.47418
G01 X-10.00063 Y9.52671
G01 X-10.04386 Y9.54980
G01 X-10.10279 Y9.58510
G01 X-10.12499 Y9.60159
G01 X-10.12499 Y9.61833
G01 X-10.12499 Y9.60159
G01 X-10.14719 Y9.58510
G01 X-10.20612 Y9.54980
G01 X-10.24935 Y9.52671
G01 X-10.37612 Y9.47418
G01 X-10.42301 Y9.45996
G01 X-10.48966 Y9.44327
G01 X-10.55760 Y9.43319
G01 X-10.60637 Y9.42839
G01 X-10.67498 Y9.42501
G01 X-11.32499 Y9.42501
G01 X-11.39359 Y9.42839
G01 X-11.44236 Y9.43319
G01 X-11.51033 Y9.44327
G01 X-11.57696 Y9.45996
G01 X-11.62387 Y9.47418
G01 X-11.75064 Y9.52671
G01 X-11.79385 Y9.54980
G01 X-11.85277 Y9.58510
G01 X-11.90794 Y9.62605
G01 X-11.94584 Y9.65714
G01 X-11.95892 Y9.67022
G01 X-11.97497 Y9.70690
G01 X-11.97497 Y9.82905
G01 X-11.97497 Y10.00258
G01 X-11.97497 Y10.37474
G01 X-11.97497 Y11.27530
G01 X-11.97497 Y11.64743
G01 X-11.97381 Y11.64962
G01 X-11.94858 Y11.69168
G01 X-11.91935 Y11.73110
G01 X-11.90413 Y11.74964
G01 X-11.91935 Y11.73110
G01 X-11.94858 Y11.69168
G01 X-11.97381 Y11.64962
G01 X-11.97497 Y11.64743
G01 X-11.97497 Y11.74609
G01 X-11.92199 Y11.74845
G01 X-11.92090 Y11.74852
G01 X-11.90413 Y11.74964
G01 X-11.87467 Y11.75162
G01 X-11.81025 Y11.75437
G01 X-11.79039 Y11.75470
G01 X-11.78902 Y11.75472
G01 X-11.76052 Y11.75597
G01 X-11.72786 Y11.75744
G01 X-11.72643 Y11.75754
G01 X-11.70215 Y11.75929
G01 X-11.64688 Y11.76163
G01 X-11.63906 Y11.76173
G01 X-11.63738 Y11.76176
G01 X-11.58313 Y11.76414
G01 X-11.58140 Y11.76425
G01 X-11.57261 Y11.76491
G01 X-11.56738 Y11.76534
G01 X-11.51734 Y11.76745
G01 X-11.51485 Y11.76745
G01 X-11.51295 Y11.76750
G01 X-11.46238 Y11.76968
G01 X-11.46045 Y11.76981
G01 X-11.45125 Y11.77055
G01 X-11.40319 Y11.77258
G01 X-11.37373 Y11.77329
G01 X-11.37251 Y11.77334
G01 X-11.35260 Y11.77433
G01 X-11.32435 Y11.77502
G01 X-10.44869 Y11.77502
G01 X-10.26157 Y11.77502
G01 X-10.12496 Y11.77502
G01 X-10.11717 Y11.77565
G01 X-10.11478 Y11.76933
G01 X-10.11717 Y11.77565
G01 X-10.10952 Y11.77748
G01 X-10.10228 Y11.78048
G01 X-10.09558 Y11.78457
G01 X-10.08961 Y11.78967
G01 X-9.96426 Y11.91502
G01 X-9.94958 Y11.92383
G01 X-9.94178 Y11.92800
G01 X-9.94958 Y11.92383
G01 X-9.96426 Y11.91502
G01 X-9.95448 Y11.92483
G01 X-9.94178 Y11.92800
G01 X-9.91473 Y11.93478
G01 X-9.81326 Y11.95503
G01 X-9.76667 Y11.96191
G01 X-9.66939 Y11.97154
G01 X-9.62220 Y11.97385
G01 X-9.57434 Y11.97502
G01 X-8.87559 Y11.97502
G01 X-8.82771 Y11.97385
G01 X-8.78054 Y11.97154
G01 X-8.68326 Y11.96191
G01 X-8.63670 Y11.95503
G01 X-8.53520 Y11.93478
G01 X-8.50823 Y11.92803
G01 X-8.48859 Y11.92312
G01 X-8.37882 Y11.88972
G01 X-8.33183 Y11.87291
G01 X-8.27498 Y11.85020
G01 X-8.27498 Y11.72350
G01 X-8.27498 Y11.51997
G01 X-8.29124 Y11.55924
G01 X-8.31435 Y11.60247
G01 X-8.33454 Y11.63613
G01 X-8.35791 Y11.66765
G01 X-8.38900 Y11.70555
G01 X-8.44445 Y11.76100
G01 X-8.48235 Y11.79208
G01 X-8.51387 Y11.81548
G01 X-8.54755 Y11.83565
G01 X-8.59075 Y11.85876
G01 X-8.66319 Y11.88876
G01 X-8.71011 Y11.90298
G01 X-8.74818 Y11.91253
G01 X-8.78702 Y11.91827
G01 X-8.83579 Y11.92310
G01 X-8.87498 Y11.92500
G01 X-9.57498 Y11.92500
G01 X-9.61420 Y11.92310
G01 X-9.66296 Y11.91827
G01 X-9.70180 Y11.91253
G01 X-9.73988 Y11.90298
G01 X-9.78676 Y11.88876
G01 X-9.85920 Y11.85876
G01 X-9.90244 Y11.83565
G01 X-9.93612 Y11.81548
G01 X-9.96764 Y11.79208
G01 X-10.00553 Y11.76100
G01 X-10.06096 Y11.70555
G01 X-10.09205 Y11.66765
G01 X-10.11544 Y11.63613
G01 X-10.12499 Y11.62020
G01 X-10.12268 Y11.56186
G01 X-10.12499 Y11.62020
G01 X-10.13454 Y11.63613
G01 X-10.15791 Y11.66765
G01 X-10.18900 Y11.70555
G01 X-10.24445 Y11.76100
G01 X-10.26157 Y11.77502
G01 X-10.44869 Y11.77502
G01 X-10.43789 Y11.77057
G01 X-10.39469 Y11.74746
G01 X-10.36941 Y11.73232
G01 X-10.34577 Y11.71479
G01 X-10.30790 Y11.68370
G01 X-10.26632 Y11.64210
G01 X-10.23523 Y11.60423
G01 X-10.21767 Y11.58058
G01 X-10.20254 Y11.55533
G01 X-10.17945 Y11.51210
G01 X-10.15694 Y11.45777
G01 X-10.14701 Y11.42503
G01 X-10.15796 Y11.40844
G01 X-10.14701 Y11.42503
G01 X-10.10297 Y11.42503
G01 X-10.09271 Y11.40908
G01 X-10.10297 Y11.42503
G01 X-10.09304 Y11.45777
G01 X-10.07053 Y11.51210
G01 X-10.04742 Y11.55533
G01 X-10.03231 Y11.58058
G01 X-10.01475 Y11.60423
G01 X-9.98366 Y11.64210
G01 X-9.94208 Y11.68370
G01 X-9.90419 Y11.71479
G01 X-9.88054 Y11.73232
G01 X-9.85529 Y11.74746
G01 X-9.81209 Y11.77057
G01 X-9.75773 Y11.79308
G01 X-9.71084 Y11.80730
G01 X-9.68229 Y11.81444
G01 X-9.65316 Y11.81875
G01 X-9.60439 Y11.82358
G01 X-9.57498 Y11.82500
G01 X-8.87498 Y11.82500
G01 X-8.84559 Y11.82358
G01 X-8.79680 Y11.81875
G01 X-8.76769 Y11.81444
G01 X-8.73914 Y11.80730
G01 X-8.69223 Y11.79308
G01 X-8.63790 Y11.77057
G01 X-8.59467 Y11.74746
G01 X-8.56942 Y11.73232
G01 X-8.54577 Y11.71479
G01 X-8.50790 Y11.68370
G01 X-8.46632 Y11.64210
G01 X-8.43520 Y11.60423
G01 X-8.41768 Y11.58058
G01 X-8.40254 Y11.55533
G01 X-8.37945 Y11.51210
G01 X-8.35695 Y11.45777
G01 X-8.34270 Y11.41088
G01 X-8.33556 Y11.38231
G01 X-8.33124 Y11.35320
G01 X-8.32644 Y11.30443
G01 X-8.32499 Y11.27502
G01 X-8.32499 Y10.37502
G01 X-8.32644 Y10.34561
G01 X-8.33124 Y10.29684
G01 X-8.33556 Y10.26770
G01 X-8.34270 Y10.23915
G01 X-8.35695 Y10.19227
G01 X-8.37945 Y10.13794
G01 X-8.40254 Y10.09470
G01 X-8.41768 Y10.06946
G01 X-8.43520 Y10.04581
G01 X-8.46632 Y10.00791
G01 X-8.50790 Y9.96633
G01 X-8.53287 Y9.94581
G01 X-8.54577 Y9.93524
G01 X-8.56942 Y9.91769
G01 X-8.59467 Y9.90258
G01 X-8.63790 Y9.87946
G01 X-8.69223 Y9.85696
G01 X-8.73914 Y9.84274
G01 X-8.76769 Y9.83557
G01 X-8.79680 Y9.83126
G01 X-8.84559 Y9.82645
G01 X-8.87498 Y9.82501
G01 X-9.57498 Y9.82501
G01 X-9.60439 Y9.82645
G01 X-9.65316 Y9.83126
G01 X-9.68229 Y9.83557
G01 X-9.71084 Y9.84274
G01 X-9.75773 Y9.85696
G01 X-9.81209 Y9.87946
G01 X-9.85529 Y9.90258
G01 X-9.88054 Y9.91769
G01 X-9.90419 Y9.93524
G01 X-9.94208 Y9.96633
G01 X-9.98366 Y10.00791
G01 X-10.01475 Y10.04581
G01 X-10.03231 Y10.06946
G01 X-10.04742 Y10.09470
G01 X-10.07053 Y10.13794
G01 X-10.09304 Y10.19227
G01 X-10.10297 Y10.22501
G01 X-10.09273 Y10.24096
G01 X-10.10297 Y10.22501
G01 X-10.14699 Y10.22501
G01 X-10.15725 Y10.24096
G01 X-10.14699 Y10.22501
G01 X-10.15694 Y10.19227
G01 X-10.17945 Y10.13794
G01 X-10.20254 Y10.09470
G01 X-10.21767 Y10.06946
G01 X-10.23523 Y10.04581
G01 X-10.26632 Y10.00791
G01 X-10.30790 Y9.96633
G01 X-10.34577 Y9.93524
G01 X-10.36941 Y9.91769
G01 X-10.39469 Y9.90258
G01 X-10.43789 Y9.87946
G01 X-10.49222 Y9.85696
G01 X-10.53914 Y9.84274
G01 X-10.56769 Y9.83557
G01 X-10.59682 Y9.83126
G01 X-10.64559 Y9.82645
G01 X-10.67498 Y9.82501
G01 X-11.32499 Y9.82501
G01 X-11.35440 Y9.82645
G01 X-11.40317 Y9.83126
G01 X-11.43228 Y9.83557
G01 X-11.46085 Y9.84274
G01 X-11.50774 Y9.85696
G01 X-11.56207 Y9.87946
G01 X-11.60530 Y9.90258
G01 X-11.63055 Y9.91769
G01 X-11.65420 Y9.93524
G01 X-11.69209 Y9.96633
G01 X-11.73367 Y10.00791
G01 X-11.76476 Y10.04581
G01 X-11.78229 Y10.06946
G01 X-11.79743 Y10.09470
G01 X-11.82054 Y10.13794
G01 X-11.84305 Y10.19227
G01 X-11.85727 Y10.23915
G01 X-11.86441 Y10.26770
G01 X-11.86875 Y10.29684
G01 X-11.87355 Y10.34561
G01 X-11.87500 Y10.37502
G01 X-11.87500 Y11.27502
G01 X-11.87355 Y11.30443
G01 X-11.86875 Y11.35320
G01 X-11.86441 Y11.38231
G01 X-11.85727 Y11.41088
G01 X-11.84305 Y11.45777
G01 X-11.82054 Y11.51210
G01 X-11.79743 Y11.55533
G01 X-11.78229 Y11.58058
G01 X-11.76476 Y11.60423
G01 X-11.73367 Y11.64210
G01 X-11.69209 Y11.68370
G01 X-11.65420 Y11.71479
G01 X-11.63055 Y11.73232
G01 X-11.60530 Y11.74746
G01 X-11.57261 Y11.76491
G01 X-11.58140 Y11.76425
G01 X-11.58313 Y11.76414
G01 X-11.63738 Y11.76176
G01 X-11.63906 Y11.76173
G01 X-11.64688 Y11.76163
G01 X-11.70215 Y11.75929
G01 X-11.72643 Y11.75754
G01 X-11.72786 Y11.75744
G01 X-11.76052 Y11.75597
G01 X-11.81097 Y11.70555
G01 X-11.84206 Y11.66765
G01 X-11.86545 Y11.63613
G01 X-11.88562 Y11.60247
G01 X-11.90873 Y11.55924
G01 X-11.93873 Y11.48680
G01 X-11.95295 Y11.43989
G01 X-11.96250 Y11.40181
G01 X-11.96827 Y11.36300
G01 X-11.97307 Y11.31421
G01 X-11.97497 Y11.27530
G01 X-11.97497 Y10.37474
G01 X-11.97307 Y10.33580
G01 X-11.96827 Y10.28703
G01 X-11.96250 Y10.24820
G01 X-11.95295 Y10.21012
G01 X-11.93873 Y10.16323
G01 X-11.90873 Y10.09079
G01 X-11.88562 Y10.04756
G01 X-11.86545 Y10.01388
G01 X-11.84206 Y9.98236
G01 X-11.81097 Y9.94449
G01 X-11.75552 Y9.88904
G01 X-11.71765 Y9.85795
G01 X-11.68610 Y9.83456
G01 X-11.65244 Y9.81436
G01 X-11.60921 Y9.79128
G01 X-11.53677 Y9.76128
G01 X-11.48988 Y9.74703
G01 X-11.45178 Y9.73750
G01 X-11.41297 Y9.73174
G01 X-11.36421 Y9.72694
G01 X-11.32499 Y9.72501
G01 X-10.67498 Y9.72501
G01 X-10.63578 Y9.72694
G01 X-10.58702 Y9.73174
G01 X-10.54818 Y9.73750
G01 X-10.51010 Y9.74703
G01 X-10.46319 Y9.76128
G01 X-10.39075 Y9.79128
G01 X-10.34754 Y9.81436
G01 X-10.31386 Y9.83456
G01 X-10.28234 Y9.85795
G01 X-10.24445 Y9.88904
G01 X-10.18900 Y9.94449
G01 X-10.15791 Y9.98236
G01 X-10.13454 Y10.01388
G01 X-10.12499 Y10.02981
G01 X-10.12499 Y10.09646
G01 X-10.12499 Y10.02981
G01 X-10.11544 Y10.01388
G01 X-10.09205 Y9.98236
G01 X-10.06096 Y9.94449
G01 X-10.00553 Y9.88904
G01 X-9.96764 Y9.85795
G01 X-9.93612 Y9.83456
G01 X-9.90244 Y9.81436
G01 X-9.85920 Y9.79128
G01 X-9.78676 Y9.76128
G01 X-9.73988 Y9.74703
G01 X-9.70180 Y9.73750
G01 X-9.66296 Y9.73174
G01 X-9.61420 Y9.72694
G01 X-9.57498 Y9.72501
G01 X-8.87498 Y9.72501
G01 X-8.83579 Y9.72694
G01 X-8.78702 Y9.73174
G01 X-8.74818 Y9.73750
G01 X-8.71011 Y9.74703
G01 X-8.66319 Y9.76128
G01 X-8.59075 Y9.79128
G01 X-8.54755 Y9.81436
G01 X-8.53515 Y9.82178
G01 X-8.51387 Y9.83456
G01 X-8.48235 Y9.85795
G01 X-8.44445 Y9.88904
G01 X-8.38900 Y9.94449
G01 X-8.35791 Y9.98236
G01 X-8.33454 Y10.01388
G01 X-8.31435 Y10.04756
G01 X-8.29124 Y10.09079
G01 X-8.27498 Y10.13006
G01 X-8.32499 Y10.37502
G01 X-8.42499 Y10.37502
G01 X-8.42499 Y11.27502
G01 X-8.42596 Y11.29463
G01 X-8.43076 Y11.34339
G01 X-8.43363 Y11.36280
G01 X-8.43840 Y11.38185
G01 X-8.45263 Y11.42874
G01 X-8.46764 Y11.46496
G01 X-8.49073 Y11.50819
G01 X-8.50084 Y11.52503
G01 X-8.51252 Y11.54078
G01 X-8.54361 Y11.57867
G01 X-8.57132 Y11.60639
G01 X-8.60922 Y11.63748
G01 X-8.62499 Y11.64918
G01 X-8.64181 Y11.65927
G01 X-8.68504 Y11.68236
G01 X-8.72126 Y11.69737
G01 X-8.76815 Y11.71159
G01 X-8.78720 Y11.71637
G01 X-8.80660 Y11.71924
G01 X-8.85540 Y11.72404
G01 X-8.87498 Y11.72500
G01 X-9.57498 Y11.72500
G01 X-9.59459 Y11.72404
G01 X-9.64336 Y11.71924
G01 X-9.66279 Y11.71637
G01 X-9.68181 Y11.71159
G01 X-9.72872 Y11.69737
G01 X-9.76494 Y11.68236
G01 X-9.80815 Y11.65927
G01 X-9.82499 Y11.64918
G01 X-9.84076 Y11.63748
G01 X-9.87864 Y11.60639
G01 X-9.90637 Y11.57867
G01 X-9.93746 Y11.54078
G01 X-9.94915 Y11.52503
G01 X-9.95923 Y11.50819
G01 X-9.98234 Y11.46496
G01 X-9.99735 Y11.42874
G01 X-10.01158 Y11.38185
G01 X-10.01633 Y11.36280
G01 X-10.01922 Y11.34339
G01 X-10.02103 Y11.32503
G01 X-10.00548 Y11.30458
G01 X-10.02103 Y11.32503
G01 X-10.22895 Y11.32503
G01 X-10.24450 Y11.30458
G01 X-10.22895 Y11.32503
G01 X-10.23076 Y11.34339
G01 X-10.23363 Y11.36280
G01 X-10.23840 Y11.38185
G01 X-10.25262 Y11.42874
G01 X-10.26764 Y11.46496
G01 X-10.29072 Y11.50819
G01 X-10.30083 Y11.52503
G01 X-10.31252 Y11.54078
G01 X-10.34361 Y11.57867
G01 X-10.37134 Y11.60639
G01 X-10.40922 Y11.63748
G01 X-10.42499 Y11.64918
G01 X-10.44180 Y11.65927
G01 X-10.48503 Y11.68236
G01 X-10.52126 Y11.69737
G01 X-10.56817 Y11.71159
G01 X-10.58719 Y11.71637
G01 X-10.60660 Y11.71924
G01 X-10.65539 Y11.72404
G01 X-10.67498 Y11.72500
G01 X-11.32499 Y11.72500
G01 X-11.34460 Y11.72404
G01 X-11.39336 Y11.71924
G01 X-11.41277 Y11.71637
G01 X-11.43182 Y11.71159
G01 X-11.47871 Y11.69737
G01 X-11.51493 Y11.68236
G01 X-11.55816 Y11.65927
G01 X-11.57500 Y11.64918
G01 X-11.59075 Y11.63748
G01 X-11.62864 Y11.60639
G01 X-11.65636 Y11.57867
G01 X-11.68745 Y11.54078
G01 X-11.69916 Y11.52503
G01 X-11.70924 Y11.50819
G01 X-11.73235 Y11.46496
G01 X-11.74734 Y11.42874
G01 X-11.76156 Y11.38185
G01 X-11.76634 Y11.36280
G01 X-11.76921 Y11.34339
G01 X-11.77403 Y11.29463
G01 X-11.77500 Y11.27502
G01 X-11.77500 Y10.37502
G01 X-11.77403 Y10.35541
G01 X-11.76921 Y10.30664
G01 X-11.76634 Y10.28721
G01 X-11.76156 Y10.26819
G01 X-11.74734 Y10.22127
G01 X-11.73235 Y10.18505
G01 X-11.70924 Y10.14185
G01 X-11.69916 Y10.12501
G01 X-11.68745 Y10.10923
G01 X-11.65636 Y10.07136
G01 X-11.62864 Y10.04363
G01 X-11.59075 Y10.01254
G01 X-11.57500 Y10.00085
G01 X-11.55816 Y9.99077
G01 X-11.51493 Y9.96765
G01 X-11.47871 Y9.95264
G01 X-11.43182 Y9.93842
G01 X-11.41277 Y9.93367
G01 X-11.39336 Y9.93077
G01 X-11.34460 Y9.92597
G01 X-11.32499 Y9.92501
G01 X-10.67498 Y9.92501
G01 X-10.65539 Y9.92597
G01 X-10.60660 Y9.93077
G01 X-10.58719 Y9.93367
G01 X-10.56817 Y9.93842
G01 X-10.52126 Y9.95264
G01 X-10.48503 Y9.96765
G01 X-10.44180 Y9.99077
G01 X-10.42499 Y10.00085
G01 X-10.40922 Y10.01254
G01 X-10.37134 Y10.04363
G01 X-10.34361 Y10.07136
G01 X-10.31252 Y10.10923
G01 X-10.30083 Y10.12501
G01 X-10.29072 Y10.14185
G01 X-10.26764 Y10.18505
G01 X-10.25262 Y10.22127
G01 X-10.23840 Y10.26819
G01 X-10.23363 Y10.28721
G01 X-10.23076 Y10.30664
G01 X-10.22895 Y10.32501
G01 X-10.24450 Y10.34545
G01 X-10.22895 Y10.32501
G01 X-10.02103 Y10.32501
G01 X-10.00548 Y10.34545
G01 X-10.02103 Y10.32501
G01 X-10.01922 Y10.30664
G01 X-10.01633 Y10.28721
G01 X-10.01158 Y10.26819
G01 X-9.99735 Y10.22127
G01 X-9.98234 Y10.18505
G01 X-9.95923 Y10.14185
G01 X-9.94915 Y10.12501
G01 X-9.93746 Y10.10923
G01 X-9.90637 Y10.07136
G01 X-9.87864 Y10.04363
G01 X-9.84076 Y10.01254
G01 X-9.82499 Y10.00085
G01 X-9.80815 Y9.99077
G01 X-9.76494 Y9.96765
G01 X-9.72872 Y9.95264
G01 X-9.68181 Y9.93842
G01 X-9.66279 Y9.93367
G01 X-9.64336 Y9.93077
G01 X-9.59459 Y9.92597
G01 X-9.57498 Y9.92501
G01 X-8.87498 Y9.92501
G01 X-8.85540 Y9.92597
G01 X-8.80660 Y9.93077
G01 X-8.78720 Y9.93367
G01 X-8.76815 Y9.93842
G01 X-8.72126 Y9.95264
G01 X-8.68504 Y9.96765
G01 X-8.64181 Y9.99077
G01 X-8.62499 Y10.00085
G01 X-8.60922 Y10.01254
G01 X-8.57132 Y10.04363
G01 X-8.54361 Y10.07136
G01 X-8.53028 Y10.08759
G01 X-8.51252 Y10.10923
G01 X-8.50084 Y10.12501
G01 X-8.49073 Y10.14185
G01 X-8.46764 Y10.18505
G01 X-8.45263 Y10.22127
G01 X-8.43840 Y10.26819
G01 X-8.43363 Y10.28721
G01 X-8.43076 Y10.30664
G01 X-8.42596 Y10.35541
G01 X-8.42499 Y10.37502
G01 X-8.52499 Y10.37502
G01 X-8.52548 Y10.36521
G01 X-8.53028 Y10.31645
G01 X-8.53172 Y10.30674
G01 X-8.53409 Y10.29722
G01 X-8.54834 Y10.25030
G01 X-8.55583 Y10.23219
G01 X-8.57892 Y10.18899
G01 X-8.58397 Y10.18056
G01 X-8.58981 Y10.17268
G01 X-8.62090 Y10.13479
G01 X-8.63477 Y10.12094
G01 X-8.67264 Y10.08985
G01 X-8.68054 Y10.08401
G01 X-8.68895 Y10.07896
G01 X-8.73218 Y10.05584
G01 X-8.75029 Y10.04835
G01 X-8.79718 Y10.03413
G01 X-8.80670 Y10.03174
G01 X-8.81641 Y10.03029
G01 X-8.86518 Y10.02549
G01 X-8.87498 Y10.02501
G01 X-9.57498 Y10.02501
G01 X-9.58478 Y10.02549
G01 X-9.63355 Y10.03029
G01 X-9.64328 Y10.03174
G01 X-9.65278 Y10.03413
G01 X-9.69969 Y10.04835
G01 X-9.71780 Y10.05584
G01 X-9.76101 Y10.07896
G01 X-9.76944 Y10.08401
G01 X-9.77731 Y10.08985
G01 X-9.81521 Y10.12094
G01 X-9.82905 Y10.13479
G01 X-9.86014 Y10.17268
G01 X-9.86601 Y10.18056
G01 X-9.87104 Y10.18899
G01 X-9.89415 Y10.23219
G01 X-9.90165 Y10.25030
G01 X-9.91587 Y10.29722
G01 X-9.91826 Y10.30674
G01 X-9.91971 Y10.31645
G01 X-9.92451 Y10.36521
G01 X-9.92499 Y10.37502
G01 X-9.92499 Y10.42501
G01 X-10.32499 Y10.42501
G01 X-10.32499 Y10.37502
G01 X-10.32547 Y10.36521
G01 X-10.33027 Y10.31645
G01 X-10.33172 Y10.30674
G01 X-10.33411 Y10.29722
G01 X-10.34833 Y10.25030
G01 X-10.35583 Y10.23219
G01 X-10.37894 Y10.18899
G01 X-10.38397 Y10.18056
G01 X-10.38981 Y10.17268
G01 X-10.42090 Y10.13479
G01 X-10.43477 Y10.12094
G01 X-10.47267 Y10.08985
G01 X-10.48054 Y10.08401
G01 X-10.48895 Y10.07896
G01 X-10.53218 Y10.05584
G01 X-10.55029 Y10.04835
G01 X-10.59718 Y10.03413
G01 X-10.60670 Y10.03174
G01 X-10.61640 Y10.03029
G01 X-10.66520 Y10.02549
G01 X-10.67498 Y10.02501
G01 X-11.32499 Y10.02501
G01 X-11.33479 Y10.02549
G01 X-11.38356 Y10.03029
G01 X-11.39326 Y10.03174
G01 X-11.40279 Y10.03413
G01 X-11.44968 Y10.04835
G01 X-11.46779 Y10.05584
G01 X-11.51102 Y10.07896
G01 X-11.51942 Y10.08401
G01 X-11.52732 Y10.08985
G01 X-11.56520 Y10.12094
G01 X-11.57906 Y10.13479
G01 X-11.61015 Y10.17268
G01 X-11.61600 Y10.18056
G01 X-11.62105 Y10.18899
G01 X-11.64414 Y10.23219
G01 X-11.65166 Y10.25030
G01 X-11.66588 Y10.29722
G01 X-11.66827 Y10.30674
G01 X-11.66969 Y10.31645
G01 X-11.67452 Y10.36521
G01 X-11.67500 Y10.37502
G01 X-11.67500 Y11.27502
G01 X-11.67452 Y11.28482
G01 X-11.66969 Y11.33359
G01 X-11.66827 Y11.34329
G01 X-11.66588 Y11.35282
G01 X-11.65166 Y11.39971
G01 X-11.64414 Y11.41782
G01 X-11.62105 Y11.46105
G01 X-11.61600 Y11.46945
G01 X-11.61015 Y11.47735
G01 X-11.57906 Y11.51522
G01 X-11.56520 Y11.52909
G01 X-11.52732 Y11.56018
G01 X-11.51942 Y11.56602
G01 X-11.51102 Y11.57108
G01 X-11.46779 Y11.59417
G01 X-11.44968 Y11.60169
G01 X-11.40279 Y11.61591
G01 X-11.39326 Y11.61830
G01 X-11.38356 Y11.61972
G01 X-11.33479 Y11.62452
G01 X-11.32499 Y11.62500
G01 X-10.67498 Y11.62500
G01 X-10.66520 Y11.62452
G01 X-10.61640 Y11.61972
G01 X-10.60670 Y11.61830
G01 X-10.59718 Y11.61591
G01 X-10.55029 Y11.60169
G01 X-10.53218 Y11.59417
G01 X-10.48895 Y11.57108
G01 X-10.48054 Y11.56602
G01 X-10.47267 Y11.56018
G01 X-10.43477 Y11.52909
G01 X-10.42090 Y11.51522
G01 X-10.38981 Y11.47735
G01 X-10.38397 Y11.46945
G01 X-10.37894 Y11.46105
G01 X-10.35583 Y11.41782
G01 X-10.34833 Y11.39971
G01 X-10.33411 Y11.35282
G01 X-10.33172 Y11.34329
G01 X-10.33027 Y11.33359
G01 X-10.32547 Y11.28482
G01 X-10.32499 Y11.27502
G01 X-10.32499 Y11.22503
G01 X-9.92499 Y11.22503
G01 X-9.92499 Y11.27502
G01 X-9.92451 Y11.28482
G01 X-9.91971 Y11.33359
G01 X-9.91826 Y11.34329
G01 X-9.91587 Y11.35282
G01 X-9.90165 Y11.39971
G01 X-9.89415 Y11.41782
G01 X-9.87104 Y11.46105
G01 X-9.86601 Y11.46945
G01 X-9.86014 Y11.47735
G01 X-9.82905 Y11.51522
G01 X-9.81521 Y11.52909
G01 X-9.77731 Y11.56018
G01 X-9.76944 Y11.56602
G01 X-9.76101 Y11.57108
G01 X-9.71780 Y11.59417
G01 X-9.69969 Y11.60169
G01 X-9.65278 Y11.61591
G01 X-9.64328 Y11.61830
G01 X-9.63355 Y11.61972
G01 X-9.58478 Y11.62452
G01 X-9.57498 Y11.62500
G01 X-8.87498 Y11.62500
G01 X-8.86518 Y11.62452
G01 X-8.81641 Y11.61972
G01 X-8.80670 Y11.61830
G01 X-8.79718 Y11.61591
G01 X-8.75029 Y11.60169
G01 X-8.73218 Y11.59417
G01 X-8.68895 Y11.57108
G01 X-8.68054 Y11.56602
G01 X-8.67264 Y11.56018
G01 X-8.63477 Y11.52909
G01 X-8.62090 Y11.51522
G01 X-8.58981 Y11.47735
G01 X-8.58397 Y11.46945
G01 X-8.57892 Y11.46105
G01 X-8.55583 Y11.41782
G01 X-8.54834 Y11.39971
G01 X-8.53409 Y11.35282
G01 X-8.53172 Y11.34329
G01 X-8.53028 Y11.33359
G01 X-8.52548 Y11.28482
G01 X-8.52499 Y11.27502
G01 X-8.52499 Y10.37502
G01 X-8.53028 Y10.08759
G01 X-8.53287 Y9.94581
G01 X-8.53515 Y9.82178
G01 X-8.53729 Y9.70647
G01 X-8.53891 Y9.61790
G01 X-8.54125 Y9.49107
G01 X-8.52786 Y9.31802
G01 X-8.50899 Y9.07360
G01 X-8.42499 Y7.98653
G01 X-8.40998 Y7.79225
G01 X-8.38626 Y7.48526
G01 X-8.37280 Y7.31122
G01 X-8.36614 Y7.22501
G01 X-8.35842 Y7.12501
G01 X-8.35329 Y7.05872
G01 X-8.34260 Y6.92042
G01 X-8.33045 Y6.76309
G01 X-8.31280 Y6.53467
G01 X-8.19967 Y5.07069
G01 X-8.18738 Y4.91143
G01 X-8.17701 Y4.77721
G01 X-8.17135 Y4.70411
G01 X-8.16137 Y4.57493
G01 X-8.15253 Y4.46040
G01 X-8.12807 Y4.14389
G01 X-8.12804 Y4.14374
G01 X-8.12771 Y4.13924
G01 X-8.12497 Y4.10102
G01 X-8.12497 Y1.74900
G01 X-8.02497 Y1.74900
G01 X-7.92497 Y1.74900
G01 X-7.92497 Y2.54077
G01 X-7.91265 Y2.51473
G01 X-7.91153 Y2.51247
G01 X-7.84978 Y2.39736
G01 X-7.84862 Y2.39528
G01 X-7.82497 Y2.35583
G01 X-7.82497 Y1.74900
G01 X-7.82842 Y1.68489
G01 X-7.83869 Y1.62152
G01 X-7.84989 Y1.57001
G01 X-7.87915 Y1.47450
G01 X-7.92388 Y1.38520
G01 X-7.98278 Y1.30453
G01 X-8.02852 Y1.25175
G01 X-8.11107 Y1.17306
G01 X-8.20704 Y1.11141
G01 X-8.31293 Y1.06902
G01 X-8.37998 Y1.04933
G01 X-8.46360 Y1.03115
G01 X-8.54897 Y1.02505
G01 X-11.90101 Y1.02505
G01 X-11.96509 Y1.02848
G01 X-12.02847 Y1.03874
G01 X-12.07998 Y1.04994
G01 X-12.17543 Y1.07920
G01 X-12.22709 Y1.10506
G01 X-12.22557 Y1.21867
G01 X-12.21267 Y1.20928
G01 X-12.13827 Y1.17204
G01 X-12.05872 Y1.14766
G01 X-12.00721 Y1.13645
G01 X-11.95440 Y1.12789
G01 X-11.90098 Y1.12502
G01 X-8.54900 Y1.12502
G01 X-8.47785 Y1.13013
G01 X-8.40815 Y1.14529
G01 X-8.34110 Y1.16498
G01 X-8.25286 Y1.20028
G01 X-8.17287 Y1.25167
G01 X-8.10409 Y1.31725
G01 X-8.05834 Y1.37003
G01 X-8.00925 Y1.43724
G01 X-7.97198 Y1.51169
G01 X-7.94760 Y1.59127
G01 X-7.93640 Y1.64278
G01 X-7.92784 Y1.69558
G01 X-7.92497 Y1.74900
G01 X-7.82497 Y1.74900
G01 X-7.72497 Y1.74900
G01 X-7.82497 Y1.74900
G01 X-7.92497 Y1.74900
G01 X-8.02497 Y1.74900
G01 X-8.12497 Y1.74900
G01 X-8.22497 Y1.74900
G01 X-8.22497 Y4.10102
G01 X-8.22703 Y4.12949
G01 X-8.23228 Y4.15370
G01 X-8.23363 Y4.16281
G01 X-8.23840 Y4.18184
G01 X-8.25263 Y4.22875
G01 X-8.26764 Y4.26497
G01 X-8.29073 Y4.30818
G01 X-8.30084 Y4.32502
G01 X-8.31252 Y4.34079
G01 X-8.34361 Y4.37866
G01 X-8.37132 Y4.40640
G01 X-8.40922 Y4.43749
G01 X-8.42497 Y4.44917
G01 X-8.44181 Y4.45926
G01 X-8.48504 Y4.48237
G01 X-8.52126 Y4.49738
G01 X-8.56815 Y4.51161
G01 X-8.58720 Y4.51636
G01 X-8.60660 Y4.51925
G01 X-8.65537 Y4.52405
G01 X-8.67498 Y4.52502
G01 X-9.37498 Y4.52502
G01 X-9.39459 Y4.52405
G01 X-9.44336 Y4.51925
G01 X-9.46279 Y4.51636
G01 X-9.48181 Y4.51161
G01 X-9.52873 Y4.49738
G01 X-9.56495 Y4.48237
G01 X-9.60815 Y4.45926
G01 X-9.62499 Y4.44917
G01 X-9.64076 Y4.43749
G01 X-9.65593 Y4.42502
G01 X-9.65506 Y4.42172
G01 X-9.65593 Y4.42502
G01 X-11.90096 Y4.42504
G01 X-11.92943 Y4.42299
G01 X-11.95732 Y4.41692
G01 X-12.02435 Y4.39723
G01 X-12.05963 Y4.38311
G01 X-12.09161 Y4.36256
G01 X-12.11914 Y4.33635
G01 X-12.16491 Y4.28354
G01 X-12.18455 Y4.25664
G01 X-12.19943 Y4.22687
G01 X-12.20921 Y4.19505
G01 X-12.22041 Y4.14354
G01 X-12.22382 Y4.12240
G01 X-12.22499 Y4.10102
G01 X-12.22499 Y1.74900
G01 X-12.22293 Y1.72055
G01 X-12.21686 Y1.69266
G01 X-12.19717 Y1.62563
G01 X-12.18305 Y1.59033
G01 X-12.16248 Y1.55832
G01 X-12.13624 Y1.53081
G01 X-12.08343 Y1.48507
G01 X-12.05656 Y1.46546
G01 X-12.02679 Y1.45055
G01 X-11.99499 Y1.44080
G01 X-11.94348 Y1.42960
G01 X-11.92234 Y1.42619
G01 X-11.90098 Y1.42502
G01 X-8.54900 Y1.42502
G01 X-8.52052 Y1.42708
G01 X-8.49266 Y1.43313
G01 X-8.42560 Y1.45281
G01 X-8.39030 Y1.46696
G01 X-8.35832 Y1.48751
G01 X-8.33078 Y1.51372
G01 X-8.28504 Y1.56650
G01 X-8.26541 Y1.59340
G01 X-8.25050 Y1.62317
G01 X-8.24074 Y1.65500
G01 X-8.22954 Y1.70651
G01 X-8.22614 Y1.72764
G01 X-8.22497 Y1.74900
G01 X-8.32497 Y1.74900
G01 X-8.32555 Y1.73833
G01 X-8.32725 Y1.72777
G01 X-8.33846 Y1.67626
G01 X-8.34333 Y1.66033
G01 X-8.35080 Y1.64545
G01 X-8.36060 Y1.63201
G01 X-8.40635 Y1.57923
G01 X-8.42012 Y1.56612
G01 X-8.43612 Y1.55583
G01 X-8.45377 Y1.54877
G01 X-8.52083 Y1.52909
G01 X-8.53475 Y1.52607
G01 X-8.54900 Y1.52502
G01 X-11.90098 Y1.52502
G01 X-11.91165 Y1.52561
G01 X-11.92222 Y1.52731
G01 X-11.97373 Y1.53851
G01 X-11.98963 Y1.54339
G01 X-12.00451 Y1.55086
G01 X-12.01795 Y1.56066
G01 X-12.07076 Y1.60641
G01 X-12.08389 Y1.62015
G01 X-12.09418 Y1.63615
G01 X-12.10124 Y1.65380
G01 X-12.12092 Y1.72083
G01 X-12.12394 Y1.73478
G01 X-12.12499 Y1.74900
G01 X-12.12499 Y4.10102
G01 X-12.12440 Y4.11171
G01 X-12.12270 Y4.12228
G01 X-12.11150 Y4.17379
G01 X-12.10660 Y4.18971
G01 X-12.09915 Y4.20460
G01 X-12.08935 Y4.21803
G01 X-12.04358 Y4.27084
G01 X-12.02981 Y4.28395
G01 X-12.01381 Y4.29423
G01 X-11.99618 Y4.30129
G01 X-11.92915 Y4.32098
G01 X-11.91521 Y4.32400
G01 X-11.90096 Y4.32504
G01 X-9.61925 Y4.32502
G01 X-9.61521 Y4.32908
G01 X-9.57732 Y4.36017
G01 X-9.56944 Y4.36604
G01 X-9.56101 Y4.37107
G01 X-9.51780 Y4.39418
G01 X-9.49969 Y4.40168
G01 X-9.45278 Y4.41590
G01 X-9.44328 Y4.41829
G01 X-9.43355 Y4.41973
G01 X-9.38478 Y4.42454
G01 X-9.37498 Y4.42502
G01 X-8.67498 Y4.42502
G01 X-8.66518 Y4.42454
G01 X-8.61641 Y4.41973
G01 X-8.60670 Y4.41829
G01 X-8.59718 Y4.41590
G01 X-8.55029 Y4.40168
G01 X-8.53218 Y4.39418
G01 X-8.48895 Y4.37107
G01 X-8.48054 Y4.36604
G01 X-8.47264 Y4.36017
G01 X-8.43477 Y4.32908
G01 X-8.42090 Y4.31524
G01 X-8.38981 Y4.27734
G01 X-8.38397 Y4.26947
G01 X-8.37892 Y4.26104
G01 X-8.35583 Y4.21783
G01 X-8.34831 Y4.19972
G01 X-8.33409 Y4.15281
G01 X-8.33172 Y4.14331
G01 X-8.33025 Y4.13335
G01 X-8.32903 Y4.12921
G01 X-8.32601 Y4.11526
G01 X-8.32497 Y4.10102
G01 X-8.32497 Y1.74900
G01 X-8.22497 Y1.74900
G01 X-8.12497 Y1.74900
G01 X-8.12670 Y1.71695
G01 X-8.13183 Y1.68527
G01 X-8.14303 Y1.63376
G01 X-8.15766 Y1.58601
G01 X-8.18004 Y1.54136
G01 X-8.20947 Y1.50102
G01 X-8.25522 Y1.44824
G01 X-8.29649 Y1.40890
G01 X-8.34448 Y1.37806
G01 X-8.39743 Y1.35688
G01 X-8.46449 Y1.33719
G01 X-8.50630 Y1.32810
G01 X-8.54900 Y1.32502
G01 X-11.90098 Y1.32502
G01 X-11.93304 Y1.32675
G01 X-11.96471 Y1.33188
G01 X-12.01622 Y1.34308
G01 X-12.06395 Y1.35771
G01 X-12.10860 Y1.38007
G01 X-12.14891 Y1.40948
G01 X-12.20172 Y1.45522
G01 X-12.22941 Y1.48428
G01 X-12.22603 Y1.60102
G01 X-12.22600 Y1.60265
G01 X-12.22613 Y1.63991
G01 X-12.22615 Y1.64153
G01 X-12.22740 Y1.67623
G01 X-12.22773 Y1.69457
G01 X-12.22773 Y4.15598
G01 X-12.22773 Y4.15690
G01 X-12.22808 Y4.17605
G01 X-12.22811 Y4.17694
G01 X-12.22933 Y4.21130
G01 X-12.22946 Y4.24689
G01 X-12.22600 Y4.36571
G01 X-12.22565 Y4.37805
G01 X-12.22565 Y4.38049
G01 X-12.22747 Y4.47455
G01 X-12.22755 Y4.47676
G01 X-12.22803 Y4.48428
G01 X-12.22857 Y4.50706
G01 X-12.23045 Y4.58621
G01 X-12.22986 Y4.62870
G01 X-12.19710 Y4.64976
G01 X-12.10888 Y4.68509
G01 X-12.04185 Y4.70477
G01 X-11.97213 Y4.71994
G01 X-11.90096 Y4.72504
G01 X-9.74734 Y4.72504
G01 X-9.74696 Y4.72311
G01 X-9.74734 Y4.72504
G01 X-9.70635 Y4.74694
G01 X-9.61580 Y4.78445
G01 X-9.56891 Y4.79868
G01 X-9.52131 Y4.81059
G01 X-9.47277 Y4.81780
G01 X-9.42400 Y4.82260
G01 X-9.37498 Y4.82502
G01 X-8.67498 Y4.82502
G01 X-8.62598 Y4.82260
G01 X-8.57722 Y4.81780
G01 X-8.52868 Y4.81059
G01 X-8.48948 Y4.80079
G01 X-8.49441 Y4.80409
G01 X-8.51481 Y4.81740
G01 X-8.59494 Y4.86845
G01 X-8.59540 Y4.86876
G01 X-8.62017 Y4.88491
G01 X-8.62062 Y4.88519
G01 X-8.64163 Y4.89924
G01 X-8.68212 Y4.92502
G01 X-9.37498 Y4.92502
G01 X-9.43381 Y4.92212
G01 X-9.48257 Y4.91732
G01 X-9.54082 Y4.90868
G01 X-9.59794 Y4.89438
G01 X-9.64483 Y4.88014
G01 X-9.75349 Y4.83513
G01 X-9.77241 Y4.82504
G01 X-9.77206 Y4.82324
G01 X-9.77241 Y4.82504
G01 X-11.90096 Y4.82504
G01 X-11.98638 Y4.81892
G01 X-12.07005 Y4.80071
G01 X-12.13708 Y4.78102
G01 X-12.22831 Y4.74450
G01 X-12.22986 Y4.62870
G01 X-12.22831 Y4.74450
G01 X-12.22689 Y4.85230
G01 X-12.16525 Y4.87699
G01 X-12.09821 Y4.89667
G01 X-12.00060 Y4.91791
G01 X-11.90096 Y4.92504
G01 X-9.79652 Y4.92504
G01 X-9.79621 Y4.92337
G01 X-9.79652 Y4.92504
G01 X-9.67386 Y4.97584
G01 X-9.62695 Y4.99007
G01 X-9.56032 Y5.00675
G01 X-9.49238 Y5.01684
G01 X-9.44361 Y5.02164
G01 X-9.37498 Y5.02502
G01 X-8.83188 Y5.02502
G01 X-8.70292 Y4.93807
G01 X-8.70089 Y4.93678
G01 X-8.69467 Y4.93299
G01 X-8.68212 Y4.92502
G01 X-8.64163 Y4.89924
G01 X-8.62062 Y4.88519
G01 X-8.62017 Y4.88491
G01 X-8.59540 Y4.86876
G01 X-8.59494 Y4.86845
G01 X-8.51481 Y4.81740
G01 X-8.49441 Y4.80409
G01 X-8.48948 Y4.80079
G01 X-8.44735 Y4.77262
G01 X-8.36510 Y4.71707
G01 X-8.32456 Y4.68997
G01 X-8.29680 Y4.67074
G01 X-8.24442 Y4.63309
G01 X-8.24374 Y4.63261
G01 X-8.21542 Y4.61300
G01 X-8.21473 Y4.61252
G01 X-8.20310 Y4.60475
G01 X-8.16137 Y4.57493
G01 X-8.15204 Y4.56827
G01 X-8.12210 Y4.54544
G01 X-8.12118 Y4.54475
G01 X-8.08019 Y4.51498
G01 X-8.07935 Y4.51440
G01 X-8.07498 Y4.51135
G01 X-8.07498 Y4.31996
G01 X-8.07498 Y4.19728
G01 X-8.07496 Y4.19588
G01 X-8.07402 Y4.16286
G01 X-8.07412 Y4.11519
G01 X-8.07452 Y4.10264
G01 X-8.07455 Y4.10183
G01 X-8.07498 Y4.07582
G01 X-8.07498 Y4.07503
G01 X-8.07498 Y3.45674
G01 X-8.07498 Y3.17501
G01 X-8.07496 Y3.17379
G01 X-8.07399 Y3.13452
G01 X-8.07397 Y3.13330
G01 X-8.07155 Y3.08428
G01 X-8.07137 Y3.08182
G01 X-8.06345 Y3.00175
G01 X-8.06314 Y2.99932
G01 X-8.05588 Y2.95032
G01 X-8.05545 Y2.94788
G01 X-8.03884 Y2.86457
G01 X-8.03830 Y2.86221
G01 X-8.02604 Y2.81321
G01 X-8.02538 Y2.81080
G01 X-8.02497 Y2.80948
G01 X-7.99787 Y2.72035
G01 X-7.99710 Y2.71806
G01 X-7.97958 Y2.66904
G01 X-7.97866 Y2.66670
G01 X-7.93683 Y2.56594
G01 X-7.93584 Y2.56376
G01 X-7.92497 Y2.54077
G01 X-7.91265 Y2.51473
G01 X-7.91153 Y2.51247
G01 X-7.84978 Y2.39736
G01 X-7.84862 Y2.39528
G01 X-7.82497 Y2.35583
G01 X-7.81925 Y2.34628
G01 X-7.81788 Y2.34415
G01 X-7.72680 Y2.20833
G01 X-7.72543 Y2.20638
G01 X-7.72499 Y2.20577
G01 X-7.72497 Y1.74900
G01 X-7.72898 Y1.67422
G01 X-7.74097 Y1.60026
G01 X-7.75217 Y1.54875
G01 X-7.78631 Y1.43734
G01 X-7.83848 Y1.33315
G01 X-7.90721 Y1.23905
G01 X-7.95296 Y1.18626
G01 X-8.04928 Y1.09444
G01 X-8.15728 Y1.02505
G01 X-12.22819 Y1.02502
G01 X-12.22709 Y1.10506
G01 X-12.22557 Y1.21867
G01 X-12.22499 Y1.26328
G01 X-12.22501 Y1.26513
G01 X-12.22687 Y1.34471
G01 X-12.22745 Y1.36899
G01 X-12.22755 Y1.37102
G01 X-12.22803 Y1.37864
G01 X-12.22981 Y1.47031
G01 X-12.22941 Y1.48428
G01 X-12.22981 Y1.47031
G01 X-12.22803 Y1.37864
G01 X-12.22755 Y1.37102
G01 X-12.22745 Y1.36899
G01 X-12.22687 Y1.34471
G01 X-12.21439 Y1.33391
G01 X-12.16062 Y1.29467
G01 X-12.10111 Y1.26488
G01 X-12.03748 Y1.24537
G01 X-11.98597 Y1.23417
G01 X-11.94371 Y1.22734
G01 X-11.90098 Y1.22502
G01 X-8.54900 Y1.22502
G01 X-8.49207 Y1.22911
G01 X-8.43632 Y1.24123
G01 X-8.36927 Y1.26091
G01 X-8.29865 Y1.28918
G01 X-8.23470 Y1.33028
G01 X-8.17965 Y1.38273
G01 X-8.13391 Y1.43551
G01 X-8.09464 Y1.48931
G01 X-8.06482 Y1.54885
G01 X-8.04531 Y1.61250
G01 X-8.03411 Y1.66401
G01 X-8.02728 Y1.70628
G01 X-8.02497 Y1.74900
G01 X-8.02497 Y2.80948
G01 X-8.07498 Y3.45674
G01 X-8.12771 Y4.13924
G01 X-8.12804 Y4.14374
G01 X-8.12807 Y4.14389
G01 X-8.13368 Y4.16967
G01 X-8.13556 Y4.18232
G01 X-8.14270 Y4.21087
G01 X-8.15695 Y4.25776
G01 X-8.17945 Y4.31212
G01 X-8.20254 Y4.35532
G01 X-8.21768 Y4.38057
G01 X-8.23520 Y4.40422
G01 X-8.26632 Y4.44211
G01 X-8.30790 Y4.48369
G01 X-8.34577 Y4.51478
G01 X-8.36942 Y4.53233
G01 X-8.39467 Y4.54745
G01 X-8.43790 Y4.57056
G01 X-8.49223 Y4.59306
G01 X-8.53914 Y4.60729
G01 X-8.56769 Y4.61445
G01 X-8.59680 Y4.61877
G01 X-8.64559 Y4.62357
G01 X-8.67498 Y4.62502
G01 X-9.37498 Y4.62502
G01 X-9.40439 Y4.62357
G01 X-9.45316 Y4.61877
G01 X-9.48229 Y4.61445
G01 X-9.51084 Y4.60729
G01 X-9.55773 Y4.59306
G01 X-9.61209 Y4.57056
G01 X-9.65529 Y4.54745
G01 X-9.68054 Y4.53233
G01 X-9.69037 Y4.52504
G01 X-9.68971 Y4.52222
G01 X-9.69037 Y4.52504
G01 X-11.90096 Y4.52504
G01 X-11.94368 Y4.52197
G01 X-11.98551 Y4.51288
G01 X-12.05255 Y4.49319
G01 X-12.10545 Y4.47201
G01 X-12.15343 Y4.44117
G01 X-12.19471 Y4.40183
G01 X-12.22600 Y4.36571
G01 X-12.22565 Y4.37805
G01 X-12.22565 Y4.38049
G01 X-12.22747 Y4.47455
G01 X-12.22755 Y4.47676
G01 X-12.22803 Y4.48428
G01 X-12.22857 Y4.50706
G01 X-12.21523 Y4.51979
G01 X-12.15128 Y4.56088
G01 X-12.08071 Y4.58913
G01 X-12.01368 Y4.60881
G01 X-11.95790 Y4.62095
G01 X-11.90096 Y4.62504
G01 X-9.72016 Y4.62504
G01 X-9.71973 Y4.62299
G01 X-9.72016 Y4.62504
G01 X-9.70244 Y4.63566
G01 X-9.65920 Y4.65875
G01 X-9.58676 Y4.68875
G01 X-9.53988 Y4.70300
G01 X-9.50180 Y4.71252
G01 X-9.46296 Y4.71829
G01 X-9.41420 Y4.72309
G01 X-9.37498 Y4.72502
G01 X-8.67498 Y4.72502
G01 X-8.63579 Y4.72309
G01 X-8.58702 Y4.71829
G01 X-8.54818 Y4.71252
G01 X-8.51011 Y4.70300
G01 X-8.46320 Y4.68875
G01 X-8.39075 Y4.65875
G01 X-8.34752 Y4.63566
G01 X-8.31387 Y4.61547
G01 X-8.28235 Y4.59207
G01 X-8.24445 Y4.56098
G01 X-8.18900 Y4.50554
G01 X-8.15791 Y4.46766
G01 X-8.15253 Y4.46040
G01 X-8.13454 Y4.43614
G01 X-8.11435 Y4.40246
G01 X-8.09124 Y4.35923
G01 X-8.07498 Y4.31996
G01 X-8.09124 Y4.35923
G01 X-8.11435 Y4.40246
G01 X-8.13454 Y4.43614
G01 X-8.15253 Y4.46040
G01 X-8.16137 Y4.57493
G01 X-8.17135 Y4.70411
G01 X-8.15880 Y4.69543
G01 X-8.14691 Y4.68748
G01 X-8.14562 Y4.68659
G01 X-8.09332 Y4.64920
G01 X-8.09208 Y4.64828
G01 X-8.06193 Y4.62532
G01 X-8.02182 Y4.59619
G01 X-7.99728 Y4.57912
G01 X-7.99644 Y4.57854
G01 X-7.98910 Y4.57231
G01 X-7.98311 Y4.56479
G01 X-7.97864 Y4.55629
G01 X-7.97590 Y4.54707
G01 X-7.97498 Y4.53749
G01 X-7.97498 Y4.52352
G01 X-7.97498 Y4.31999
G01 X-7.95873 Y4.35923
G01 X-7.93561 Y4.40246
G01 X-7.91544 Y4.43614
G01 X-7.89205 Y4.46766
G01 X-7.86096 Y4.50554
G01 X-7.80551 Y4.56098
G01 X-7.76764 Y4.59207
G01 X-7.73612 Y4.61547
G01 X-7.72499 Y4.62215
G01 X-7.72499 Y4.63503
G01 X-7.62500 Y4.67084
G01 X-7.72499 Y4.63503
G01 X-7.76419 Y4.63693
G01 X-7.84224 Y4.64463
G01 X-7.88105 Y4.65039
G01 X-7.91913 Y4.65992
G01 X-7.99418 Y4.68268
G01 X-8.06662 Y4.71270
G01 X-8.13576 Y4.74966
G01 X-8.17701 Y4.77721
G01 X-8.20097 Y4.79322
G01 X-8.26160 Y4.84298
G01 X-8.29068 Y4.86931
G01 X-8.31704 Y4.89842
G01 X-8.36678 Y4.95903
G01 X-8.39017 Y4.99055
G01 X-8.41034 Y5.02423
G01 X-8.44732 Y5.09337
G01 X-8.47732 Y5.16583
G01 X-8.50008 Y5.24087
G01 X-8.50963 Y5.27894
G01 X-8.51537 Y5.31778
G01 X-8.52306 Y5.39581
G01 X-8.52499 Y5.43502
G01 X-8.52499 Y6.41501
G01 X-8.52306 Y6.45422
G01 X-8.51537 Y6.53225
G01 X-8.50963 Y6.57109
G01 X-8.50008 Y6.60916
G01 X-8.47732 Y6.68420
G01 X-8.44732 Y6.75664
G01 X-8.41034 Y6.82580
G01 X-8.39017 Y6.85948
G01 X-8.36678 Y6.89100
G01 X-8.34260 Y6.92042
G01 X-8.31704 Y6.95161
G01 X-8.29068 Y6.98069
G01 X-8.26160 Y7.00706
G01 X-8.20097 Y7.05681
G01 X-8.13576 Y7.10037
G01 X-8.08964 Y7.12501
G01 X-8.27546 Y7.12504
G01 X-8.35842 Y7.12501
G01 X-8.42888 Y7.12501
G01 X-8.43211 Y7.12212
G01 X-8.47163 Y7.07848
G01 X-8.52139 Y7.01788
G01 X-8.55646 Y6.97058
G01 X-8.58674 Y6.92009
G01 X-8.62370 Y6.85092
G01 X-8.66871 Y6.74226
G01 X-8.69146 Y6.66723
G01 X-8.70577 Y6.61010
G01 X-8.71440 Y6.55186
G01 X-8.72210 Y6.47383
G01 X-8.72499 Y6.41501
G01 X-8.72499 Y5.43502
G01 X-8.72210 Y5.37620
G01 X-8.71440 Y5.29817
G01 X-8.70577 Y5.23993
G01 X-8.69146 Y5.18280
G01 X-8.66871 Y5.10777
G01 X-8.62779 Y5.00896
G01 X-8.58748 Y4.98331
G01 X-8.58654 Y4.98270
G01 X-8.56528 Y4.96848
G01 X-8.54097 Y4.95263
G01 X-8.46099 Y4.90167
G01 X-8.46053 Y4.90137
G01 X-8.43945 Y4.88763
G01 X-8.43899 Y4.88732
G01 X-8.43523 Y4.88481
G01 X-8.44407 Y4.89558
G01 X-8.47330 Y4.93500
G01 X-8.49853 Y4.97709
G01 X-8.53551 Y5.04625
G01 X-8.57300 Y5.13680
G01 X-8.59578 Y5.21183
G01 X-8.60770 Y5.25943
G01 X-8.61488 Y5.30797
G01 X-8.62258 Y5.38600
G01 X-8.62499 Y5.43502
G01 X-8.62499 Y6.41501
G01 X-8.62258 Y6.46403
G01 X-8.61488 Y6.54206
G01 X-8.60770 Y6.59060
G01 X-8.59578 Y6.63820
G01 X-8.57300 Y6.71323
G01 X-8.53551 Y6.80378
G01 X-8.49853 Y6.87294
G01 X-8.47330 Y6.91503
G01 X-8.44407 Y6.95443
G01 X-8.39434 Y7.01506
G01 X-8.36139 Y7.05140
G01 X-8.35329 Y7.05872
G01 X-8.32502 Y7.08437
G01 X-8.27546 Y7.12504
G01 X-8.35842 Y7.12501
G01 X-8.36614 Y7.22501
G01 X-8.42891 Y7.22504
G01 X-8.43211 Y7.22791
G01 X-8.47163 Y7.27155
G01 X-8.52139 Y7.33215
G01 X-8.55646 Y7.37944
G01 X-8.58674 Y7.42994
G01 X-8.62370 Y7.49910
G01 X-8.66871 Y7.60777
G01 X-8.69146 Y7.68280
G01 X-8.70577 Y7.73992
G01 X-8.71440 Y7.79816
G01 X-8.72210 Y7.87619
G01 X-8.72499 Y7.93502
G01 X-8.72499 Y8.91500
G01 X-8.72210 Y8.97383
G01 X-8.71440 Y9.05186
G01 X-8.70577 Y9.11010
G01 X-8.69146 Y9.16722
G01 X-8.66871 Y9.24226
G01 X-8.62370 Y9.35092
G01 X-8.58674 Y9.42008
G01 X-8.55646 Y9.47058
G01 X-8.54125 Y9.49107
G01 X-15.01205 Y4.92504
G01 X-12.65450 Y4.92504
G01 X-12.57970 Y4.92103
G01 X-12.50573 Y4.90904
G01 X-12.45422 Y4.89784
G01 X-12.34282 Y4.86368
G01 X-12.32687 Y4.85570
G01 X-12.33045 Y4.58659
G01 X-12.32834 Y4.74501
G01 X-12.37998 Y4.77084
G01 X-12.47548 Y4.80013
G01 X-12.52699 Y4.81133
G01 X-12.59036 Y4.82159
G01 X-12.65450 Y4.82504
G01 X-15.15376 Y4.82504
G01 X-15.42749 Y4.82504
G01 X-15.50171 Y4.78527
G01 X-15.50397 Y4.78412
G01 X-15.52356 Y4.77485
G01 X-15.57936 Y4.74676
G01 X-15.63811 Y4.71526
G01 X-15.61660 Y4.71994
G01 X-15.54548 Y4.72504
G01 X-15.29549 Y4.72504
G01 X-12.65450 Y4.72504
G01 X-12.60106 Y4.72217
G01 X-12.54825 Y4.71361
G01 X-12.49674 Y4.70241
G01 X-12.41714 Y4.67800
G01 X-12.34271 Y4.64074
G01 X-12.32986 Y4.63137
G01 X-12.33045 Y4.58659
G01 X-12.33045 Y4.58473
G01 X-12.32798 Y4.48087
G01 X-12.32857 Y4.50533
G01 X-12.34099 Y4.51610
G01 X-12.39476 Y4.55537
G01 X-12.45432 Y4.58517
G01 X-12.51797 Y4.60470
G01 X-12.56949 Y4.61590
G01 X-12.61175 Y4.62273
G01 X-12.65450 Y4.62504
G01 X-15.43720 Y4.62504
G01 X-15.54548 Y4.62504
G01 X-15.60237 Y4.62095
G01 X-15.65813 Y4.60884
G01 X-15.72518 Y4.58915
G01 X-15.76054 Y4.57500
G01 X-15.76046 Y4.57442
G01 X-15.76054 Y4.57500
G01 X-15.87499 Y4.57500
G01 X-15.89468 Y4.57328
G01 X-15.97497 Y4.47358
G01 X-15.97497 Y4.45761
G01 X-15.97497 Y4.34821
G01 X-15.97497 Y4.24557
G01 X-15.97497 Y4.17508
G01 X-15.97347 Y4.19235
G01 X-15.96895 Y4.20919
G01 X-15.96158 Y4.22499
G01 X-15.95160 Y4.23927
G01 X-15.93925 Y4.25161
G01 X-15.92498 Y4.26159
G01 X-15.90918 Y4.26896
G01 X-15.89234 Y4.27348
G01 X-15.87499 Y4.27501
G01 X-15.68373 Y4.27501
G01 X-15.67433 Y4.28395
G01 X-15.65835 Y4.29423
G01 X-15.64068 Y4.30129
G01 X-15.57362 Y4.32098
G01 X-15.55970 Y4.32400
G01 X-15.54548 Y4.32504
G01 X-12.65450 Y4.32504
G01 X-12.64381 Y4.32446
G01 X-12.63324 Y4.32276
G01 X-12.58173 Y4.31156
G01 X-12.56580 Y4.30665
G01 X-12.55092 Y4.29921
G01 X-12.53748 Y4.28941
G01 X-12.48468 Y4.24364
G01 X-12.47157 Y4.22987
G01 X-12.46128 Y4.21387
G01 X-12.45422 Y4.19624
G01 X-12.43454 Y4.12921
G01 X-12.43151 Y4.11526
G01 X-12.43047 Y4.10102
G01 X-12.43047 Y1.74900
G01 X-12.33047 Y1.74900
G01 X-12.32773 Y1.69406
G01 X-12.32773 Y1.69315
G01 X-12.32737 Y1.67399
G01 X-12.32735 Y1.67311
G01 X-12.32613 Y1.63879
G01 X-12.32603 Y1.60310
G01 X-12.32981 Y1.47199
G01 X-12.32981 Y1.46958
G01 X-12.32798 Y1.37557
G01 X-12.32791 Y1.37334
G01 X-12.32740 Y1.36561
G01 X-12.32499 Y1.26366
G01 X-12.32709 Y1.10554
G01 X-12.41843 Y1.06902
G01 X-12.48549 Y1.04933
G01 X-12.56911 Y1.03115
G01 X-12.65447 Y1.02505
G01 X-15.70100 Y1.02505
G01 X-15.76509 Y1.02848
G01 X-15.82846 Y1.03874
G01 X-15.87997 Y1.04994
G01 X-15.97542 Y1.07920
G01 X-16.06470 Y1.12388
G01 X-16.14532 Y1.18273
G01 X-16.19813 Y1.22848
G01 X-16.27687 Y1.31103
G01 X-16.33857 Y1.40702
G01 X-16.38096 Y1.51291
G01 X-16.40064 Y1.57994
G01 X-16.41886 Y1.66361
G01 X-16.42498 Y1.74900
G01 X-16.42498 Y2.00435
G01 X-16.32498 Y2.10435
G01 X-16.32498 Y1.74900
G01 X-16.31987 Y1.67786
G01 X-16.30471 Y1.60813
G01 X-16.28502 Y1.54110
G01 X-16.24969 Y1.45284
G01 X-16.19828 Y1.37285
G01 X-16.13267 Y1.30407
G01 X-16.07987 Y1.25832
G01 X-16.01266 Y1.20928
G01 X-15.93826 Y1.17204
G01 X-15.85871 Y1.14766
G01 X-15.80720 Y1.13645
G01 X-15.75439 Y1.12789
G01 X-15.70098 Y1.12502
G01 X-12.65450 Y1.12502
G01 X-12.58335 Y1.13013
G01 X-12.51366 Y1.14529
G01 X-12.44660 Y1.16498
G01 X-12.35836 Y1.20028
G01 X-12.32557 Y1.22137
G01 X-12.32499 Y1.26366
G01 X-12.32740 Y1.36561
G01 X-12.32687 Y1.34298
G01 X-12.34020 Y1.33028
G01 X-12.40416 Y1.28918
G01 X-12.47477 Y1.26091
G01 X-12.54183 Y1.24123
G01 X-12.59758 Y1.22911
G01 X-12.65450 Y1.22502
G01 X-15.70098 Y1.22502
G01 X-15.74370 Y1.22734
G01 X-15.78596 Y1.23417
G01 X-15.83748 Y1.24537
G01 X-15.90110 Y1.26488
G01 X-15.96061 Y1.29467
G01 X-16.01439 Y1.33391
G01 X-16.06719 Y1.37966
G01 X-16.11967 Y1.43468
G01 X-16.16079 Y1.49866
G01 X-16.18906 Y1.56927
G01 X-16.20875 Y1.63630
G01 X-16.22089 Y1.69208
G01 X-16.22498 Y1.74900
G01 X-16.22498 Y2.20435
G01 X-16.20420 Y2.22512
G01 X-16.17662 Y2.25174
G01 X-16.15952 Y2.26767
G01 X-16.14159 Y2.28398
G01 X-16.12279 Y2.30061
G01 X-16.12297 Y2.29952
G01 X-16.12422 Y2.28187
G01 X-16.12498 Y2.26076
G01 X-16.12498 Y1.74900
G01 X-16.12190 Y1.70630
G01 X-16.11281 Y1.66447
G01 X-16.09313 Y1.59744
G01 X-16.07192 Y1.54451
G01 X-16.04108 Y1.49650
G01 X-16.00171 Y1.45522
G01 X-15.94891 Y1.40948
G01 X-15.90860 Y1.38007
G01 X-15.86394 Y1.35771
G01 X-15.81622 Y1.34308
G01 X-15.76470 Y1.33188
G01 X-15.73303 Y1.32675
G01 X-15.70098 Y1.32502
G01 X-12.65450 Y1.32502
G01 X-12.61180 Y1.32810
G01 X-12.56999 Y1.33719
G01 X-12.50294 Y1.35688
G01 X-12.44998 Y1.37806
G01 X-12.40200 Y1.40890
G01 X-12.36072 Y1.44824
G01 X-12.32946 Y1.48433
G01 X-12.32603 Y1.60310
G01 X-12.32613 Y1.63879
G01 X-12.32735 Y1.67311
G01 X-12.32737 Y1.67399
G01 X-12.32773 Y1.69315
G01 X-12.32773 Y1.69406
G01 X-12.33047 Y1.74900
G01 X-12.43047 Y1.74900
G01 X-12.43106 Y1.73833
G01 X-12.43276 Y1.72777
G01 X-12.44396 Y1.67626
G01 X-12.44884 Y1.66033
G01 X-12.45630 Y1.64545
G01 X-12.46611 Y1.63201
G01 X-12.51185 Y1.57923
G01 X-12.52562 Y1.56612
G01 X-12.54162 Y1.55583
G01 X-12.55928 Y1.54877
G01 X-12.62633 Y1.52909
G01 X-12.64025 Y1.52607
G01 X-12.65450 Y1.52502
G01 X-15.70098 Y1.52502
G01 X-15.71164 Y1.52561
G01 X-15.72221 Y1.52731
G01 X-15.77372 Y1.53851
G01 X-15.78962 Y1.54339
G01 X-15.80451 Y1.55086
G01 X-15.81794 Y1.56066
G01 X-15.87075 Y1.60641
G01 X-15.88388 Y1.62015
G01 X-15.89417 Y1.63615
G01 X-15.90123 Y1.65380
G01 X-15.92091 Y1.72083
G01 X-15.92394 Y1.73478
G01 X-15.92498 Y1.74900
G01 X-15.92498 Y2.26076
G01 X-15.92472 Y2.26780
G01 X-15.92348 Y2.28545
G01 X-15.92064 Y2.30310
G01 X-15.91469 Y2.31997
G01 X-15.89109 Y2.37161
G01 X-15.88985 Y2.37547
G01 X-15.88604 Y2.38263
G01 X-15.88579 Y2.38321
G01 X-15.88414 Y2.38626
G01 X-15.88170 Y2.39086
G01 X-15.88127 Y2.39152
G01 X-15.87880 Y2.39607
G01 X-15.87560 Y2.40031
G01 X-15.80707 Y2.50701
G01 X-15.78708 Y2.57503
G01 X-15.87499 Y2.57503
G01 X-15.89450 Y2.57694
G01 X-15.91324 Y2.58263
G01 X-15.93054 Y2.59187
G01 X-15.94570 Y2.60432
G01 X-15.95813 Y2.61946
G01 X-15.96737 Y2.63676
G01 X-15.97306 Y2.65553
G01 X-15.97497 Y2.67493
G01 X-15.97497 Y2.50280
G01 X-15.95152 Y2.49025
G01 X-15.93910 Y2.48649
G01 X-15.89549 Y2.50130
G01 X-15.93910 Y2.48649
G01 X-15.95152 Y2.49025
G01 X-15.97497 Y2.50280
G01 X-15.95152 Y2.49025
G01 X-15.93910 Y2.48649
G01 X-15.95973 Y2.45438
G01 X-15.96290 Y2.45014
G01 X-15.96539 Y2.44560
G01 X-15.96564 Y2.44519
G01 X-15.96722 Y2.44222
G01 X-15.97690 Y2.42444
G01 X-15.97794 Y2.42200
G01 X-15.98198 Y2.41438
G01 X-15.98309 Y2.41087
G01 X-16.00565 Y2.36152
G01 X-16.01754 Y2.32779
G01 X-16.02323 Y2.29248
G01 X-16.02447 Y2.27483
G01 X-16.02498 Y2.26076
G01 X-16.02498 Y1.74900
G01 X-16.02292 Y1.72055
G01 X-16.01685 Y1.69266
G01 X-15.99717 Y1.62563
G01 X-15.98304 Y1.59033
G01 X-15.96247 Y1.55832
G01 X-15.93623 Y1.53081
G01 X-15.88342 Y1.48507
G01 X-15.85655 Y1.46546
G01 X-15.82678 Y1.45055
G01 X-15.79498 Y1.44080
G01 X-15.74347 Y1.42960
G01 X-15.72234 Y1.42619
G01 X-15.70098 Y1.42502
G01 X-12.65450 Y1.42502
G01 X-12.62603 Y1.42708
G01 X-12.59816 Y1.43313
G01 X-12.53111 Y1.45281
G01 X-12.49580 Y1.46696
G01 X-12.46382 Y1.48751
G01 X-12.43629 Y1.51372
G01 X-12.39054 Y1.56650
G01 X-12.37091 Y1.59340
G01 X-12.35600 Y1.62317
G01 X-12.34625 Y1.65500
G01 X-12.33504 Y1.70651
G01 X-12.33164 Y1.72764
G01 X-12.33047 Y1.74900
G01 X-12.33047 Y4.10102
G01 X-12.33253 Y4.12949
G01 X-12.33860 Y4.15738
G01 X-12.35829 Y4.22441
G01 X-12.37241 Y4.25969
G01 X-12.39296 Y4.29167
G01 X-12.41917 Y4.31920
G01 X-12.47198 Y4.36497
G01 X-12.49887 Y4.38461
G01 X-12.52864 Y4.39949
G01 X-12.56047 Y4.40927
G01 X-12.61198 Y4.42047
G01 X-12.63311 Y4.42388
G01 X-12.65450 Y4.42504
G01 X-15.54548 Y4.42504
G01 X-15.57392 Y4.42299
G01 X-15.60179 Y4.41694
G01 X-15.66884 Y4.39726
G01 X-15.70418 Y4.38311
G01 X-15.71680 Y4.37501
G01 X-15.71665 Y4.37409
G01 X-15.71680 Y4.37501
G01 X-15.79155 Y4.37501
G01 X-15.87499 Y4.37501
G01 X-15.90971 Y4.37196
G01 X-15.94339 Y4.36294
G01 X-15.97497 Y4.34821
G01 X-15.97497 Y4.45761
G01 X-15.92709 Y4.47043
G01 X-15.87499 Y4.47501
G01 X-15.74248 Y4.47501
G01 X-15.74243 Y4.47462
G01 X-15.74248 Y4.47501
G01 X-15.69701 Y4.49319
G01 X-15.62996 Y4.51288
G01 X-15.58815 Y4.52197
G01 X-15.58271 Y4.52235
G01 X-15.54548 Y4.52504
G01 X-12.65450 Y4.52504
G01 X-12.62242 Y4.52332
G01 X-12.59075 Y4.51819
G01 X-12.53923 Y4.50698
G01 X-12.49148 Y4.49233
G01 X-12.44683 Y4.46998
G01 X-12.40649 Y4.44054
G01 X-12.35369 Y4.39477
G01 X-12.32605 Y4.36576
G01 X-12.32943 Y4.24902
G01 X-12.32565 Y4.37973
G01 X-12.32742 Y4.47150
G01 X-12.32791 Y4.47887
G01 X-12.32798 Y4.48087
G01 X-12.32791 Y4.47887
G01 X-12.32742 Y4.47150
G01 X-12.32565 Y4.37973
G01 X-12.32943 Y4.24902
G01 X-12.32946 Y4.24740
G01 X-12.32933 Y4.21013
G01 X-12.32930 Y4.20851
G01 X-12.32806 Y4.17389
G01 X-12.32773 Y4.15545
G01 X-12.32773 Y1.69406
G01 X-12.32773 Y1.69315
G01 X-12.32737 Y1.67399
G01 X-12.32735 Y1.67311
G01 X-12.32613 Y1.63879
G01 X-12.32603 Y1.60310
G01 X-12.32981 Y1.47199
G01 X-12.32981 Y1.46958
G01 X-12.32798 Y1.37557
G01 X-12.32791 Y1.37334
G01 X-12.32740 Y1.36561
G01 X-12.32499 Y1.26366
G01 X-12.32709 Y1.10554
G01 X-12.32819 Y1.02502
G01 X-16.08988 Y1.02502
G01 X-16.11672 Y1.03849
G01 X-16.21080 Y1.10714
G01 X-16.26361 Y1.15289
G01 X-16.35548 Y1.24921
G01 X-16.42744 Y1.36117
G01 X-16.47692 Y1.48474
G01 X-16.49661 Y1.55177
G01 X-16.51784 Y1.64938
G01 X-16.52498 Y1.74900
G01 X-16.52498 Y1.90435
G01 X-16.42498 Y2.00435
G01 X-16.32498 Y2.10435
G01 X-16.22498 Y2.20435
G01 X-16.20420 Y2.22512
G01 X-16.17662 Y2.25174
G01 X-16.15952 Y2.26767
G01 X-16.14159 Y2.28398
G01 X-16.12279 Y2.30061
G01 X-16.05416 Y2.36140
G01 X-16.05266 Y2.36279
G01 X-16.01619 Y2.39787
G01 X-16.01365 Y2.40051
G01 X-16.01294 Y2.39990
G01 X-16.01365 Y2.40051
G01 X-15.98777 Y2.42937
G01 X-15.98231 Y2.43668
G01 X-15.97829 Y2.44488
G01 X-15.97580 Y2.45367
G01 X-15.97497 Y2.46277
G01 X-15.97113 Y2.46165
G01 X-15.97497 Y2.46277
G01 X-15.97497 Y2.50280
G01 X-15.97497 Y2.67493
G01 X-15.97497 Y4.17508
G01 X-15.97497 Y4.24557
G01 X-15.97497 Y4.34821
G01 X-15.97497 Y4.45761
G01 X-15.97497 Y4.47358
G01 X-15.89468 Y4.57328
G01 X-15.85747 Y4.61953
G01 X-15.85620 Y4.61989
G01 X-15.77291 Y4.64450
G01 X-15.76788 Y4.64628
G01 X-15.76770 Y4.64582
G01 X-15.76788 Y4.64628
G01 X-15.76308 Y4.64859
G01 X-15.74878 Y4.65639
G01 X-15.73643 Y4.66304
G01 X-15.67342 Y4.69637
G01 X-15.67319 Y4.69649
G01 X-15.63811 Y4.71526
G01 X-15.57936 Y4.74676
G01 X-15.52356 Y4.77485
G01 X-15.50397 Y4.78412
G01 X-15.50171 Y4.78527
G01 X-15.42749 Y4.82504
G01 X-15.37662 Y4.85232
G01 X-15.37453 Y4.85352
G01 X-15.29613 Y4.90051
G01 X-15.29399 Y4.90188
G01 X-15.25945 Y4.92504
G01 X-15.01205 Y4.92504
G01 X-15.15376 Y4.82504
G01 X-15.29549 Y4.72504
G01 X-15.43720 Y4.62504
G01 X-15.58271 Y4.52235
G01 X-15.79155 Y4.37501
G01 X-15.97497 Y4.24557
G01 X-16.07497 Y4.17501
G01 X-16.07499 Y2.48189
G01 X-16.08685 Y2.46866
G01 X-16.12124 Y2.43556
G01 X-16.18962 Y2.37503
G01 X-16.67499 Y2.37503
G01 X-16.72658 Y2.38011
G01 X-16.74613 Y2.38011
G01 X-16.78883 Y2.38316
G01 X-16.83067 Y2.39226
G01 X-16.96722 Y2.43236
G01 X-17.00732 Y2.44732
G01 X-17.04489 Y2.46785
G01 X-17.16460 Y2.54478
G01 X-17.19884 Y2.57041
G01 X-17.22909 Y2.60066
G01 X-17.32231 Y2.70821
G01 X-17.34799 Y2.74250
G01 X-17.36851 Y2.78009
G01 X-17.42762 Y2.90955
G01 X-17.44258 Y2.94963
G01 X-17.45167 Y2.99144
G01 X-17.47194 Y3.13231
G01 X-17.47499 Y3.17503
G01 X-17.47499 Y3.67501
G01 X-17.47194 Y3.71773
G01 X-17.45167 Y3.85860
G01 X-17.44258 Y3.90038
G01 X-17.42762 Y3.94046
G01 X-17.36851 Y4.06993
G01 X-17.34799 Y4.10752
G01 X-17.32231 Y4.14183
G01 X-17.27499 Y4.19642
G01 X-17.26912 Y4.19434
G01 X-17.27499 Y4.19642
G01 X-17.27499 Y4.75260
G01 X-17.25777 Y4.76429
G01 X-17.27499 Y4.75260
G01 X-17.29010 Y4.75562
G01 X-17.36516 Y4.77838
G01 X-17.41949 Y4.80089
G01 X-17.48863 Y4.83784
G01 X-17.53752 Y4.87053
G01 X-17.59815 Y4.92027
G01 X-17.61997 Y4.94003
G01 X-17.63973 Y4.96185
G01 X-17.68947 Y5.02248
G01 X-17.72216 Y5.07137
G01 X-17.75911 Y5.14051
G01 X-17.77171 Y5.16713
G01 X-17.78162 Y5.19487
G01 X-17.80438 Y5.26990
G01 X-17.81154 Y5.29845
G01 X-17.81586 Y5.32758
G01 X-17.82355 Y5.40561
G01 X-17.82500 Y5.43502
G01 X-17.82500 Y6.41501
G01 X-17.82355 Y6.44442
G01 X-17.81586 Y6.52245
G01 X-17.81154 Y6.55158
G01 X-17.80438 Y6.58013
G01 X-17.78162 Y6.65516
G01 X-17.77171 Y6.68290
G01 X-17.75911 Y6.70949
G01 X-17.72216 Y6.77866
G01 X-17.68947 Y6.82755
G01 X-17.63973 Y6.88818
G01 X-17.61997 Y6.90998
G01 X-17.59815 Y6.92976
G01 X-17.53752 Y6.97950
G01 X-17.48863 Y7.01219
G01 X-17.45896 Y7.02801
G01 X-17.48883 Y7.02054
G01 X-17.48936 Y7.02042
G01 X-17.50544 Y7.01658
G01 X-17.50598 Y7.01645
G01 X-17.57136 Y7.00162
G01 X-17.58215 Y6.99908
G01 X-17.62764 Y6.98813
G01 X-17.62871 Y6.98788
G01 X-17.66818 Y6.97927
G01 X-17.66922 Y6.97906
G01 X-17.69711 Y6.97358
G01 X-17.71702 Y6.95161
G01 X-17.76678 Y6.89100
G01 X-17.81034 Y6.82580
G01 X-17.84730 Y6.75664
G01 X-17.86409 Y6.72115
G01 X-17.87732 Y6.68420
G01 X-17.90008 Y6.60916
G01 X-17.90961 Y6.57109
G01 X-17.91537 Y6.53225
G01 X-17.92307 Y6.45422
G01 X-17.92500 Y6.41501
G01 X-17.92500 Y5.43502
G01 X-17.92307 Y5.39581
G01 X-17.91537 Y5.31778
G01 X-17.90961 Y5.27894
G01 X-17.90008 Y5.24087
G01 X-17.87732 Y5.16583
G01 X-17.86409 Y5.12888
G01 X-17.84730 Y5.09337
G01 X-17.81034 Y5.02423
G01 X-17.76678 Y4.95903
G01 X-17.71702 Y4.89842
G01 X-17.69068 Y4.86931
G01 X-17.66158 Y4.84298
G01 X-17.60097 Y4.79322
G01 X-17.53577 Y4.74966
G01 X-17.46663 Y4.71270
G01 X-17.39417 Y4.68268
G01 X-17.37499 Y4.67686
G01 X-17.35756 Y4.68875
G01 X-17.37499 Y4.67686
G01 X-17.37499 Y4.23373
G01 X-17.36943 Y4.23180
G01 X-17.37499 Y4.23373
G01 X-17.39787 Y4.20731
G01 X-17.43211 Y4.16159
G01 X-17.45949 Y4.11146
G01 X-17.51860 Y3.98199
G01 X-17.53851 Y3.92855
G01 X-17.55063 Y3.87285
G01 X-17.57090 Y3.73198
G01 X-17.57499 Y3.67501
G01 X-17.57499 Y3.17503
G01 X-17.57090 Y3.11806
G01 X-17.55063 Y2.97719
G01 X-17.53851 Y2.92147
G01 X-17.51860 Y2.86802
G01 X-17.45949 Y2.73856
G01 X-17.43211 Y2.68842
G01 X-17.39787 Y2.64270
G01 X-17.30466 Y2.53516
G01 X-17.26432 Y2.49482
G01 X-17.21865 Y2.46066
G01 X-17.09894 Y2.38372
G01 X-17.04888 Y2.35637
G01 X-16.99541 Y2.33643
G01 X-16.85886 Y2.29632
G01 X-16.80308 Y2.28418
G01 X-16.74613 Y2.28012
G01 X-16.72655 Y2.28012
G01 X-16.67499 Y2.27504
G01 X-16.29569 Y2.27504
G01 X-16.27458 Y2.29612
G01 X-16.39569 Y2.17504
G01 X-16.67499 Y2.17504
G01 X-16.72658 Y2.18012
G01 X-16.74613 Y2.18012
G01 X-16.81731 Y2.18520
G01 X-16.88703 Y2.20036
G01 X-17.02358 Y2.24047
G01 X-17.09041 Y2.26541
G01 X-17.15302 Y2.29960
G01 X-17.27273 Y2.37653
G01 X-17.32980 Y2.41926
G01 X-17.38022 Y2.46965
G01 X-17.47344 Y2.57719
G01 X-17.51624 Y2.63437
G01 X-17.55045 Y2.69703
G01 X-17.60956 Y2.82649
G01 X-17.63447 Y2.89330
G01 X-17.64961 Y2.96294
G01 X-17.66988 Y3.10381
G01 X-17.67499 Y3.17503
G01 X-17.67499 Y3.67501
G01 X-17.66988 Y3.74620
G01 X-17.64961 Y3.88707
G01 X-17.63447 Y3.95674
G01 X-17.60956 Y4.02352
G01 X-17.55045 Y4.15298
G01 X-17.51624 Y4.21567
G01 X-17.47499 Y4.27076
G01 X-17.47095 Y4.26957
G01 X-17.47499 Y4.27076
G01 X-17.47499 Y4.60843
G01 X-17.46140 Y4.61636
G01 X-17.47499 Y4.60843
G01 X-17.51375 Y4.62451
G01 X-17.58291 Y4.66147
G01 X-17.66442 Y4.71592
G01 X-17.72503 Y4.76566
G01 X-17.76137 Y4.79863
G01 X-17.79434 Y4.83497
G01 X-17.84408 Y4.89558
G01 X-17.89853 Y4.97709
G01 X-17.93549 Y5.04625
G01 X-17.95647 Y5.09060
G01 X-17.97301 Y5.13680
G01 X-17.99576 Y5.21183
G01 X-18.00770 Y5.25943
G01 X-18.01489 Y5.30797
G01 X-18.02259 Y5.38600
G01 X-18.02500 Y5.43502
G01 X-18.02500 Y6.41501
G01 X-18.02259 Y6.46403
G01 X-18.01489 Y6.54206
G01 X-18.00770 Y6.59060
G01 X-17.99576 Y6.63820
G01 X-17.97301 Y6.71323
G01 X-17.95647 Y6.75943
G01 X-17.93549 Y6.80378
G01 X-17.89853 Y6.87294
G01 X-17.84926 Y6.94668
G01 X-17.88126 Y6.94170
G01 X-17.88304 Y6.94147
G01 X-17.93752 Y6.93500
G01 X-17.98106 Y6.92854
G01 X-17.98672 Y6.92009
G01 X-18.02370 Y6.85092
G01 X-18.04888 Y6.79771
G01 X-18.06871 Y6.74226
G01 X-18.09147 Y6.66723
G01 X-18.10577 Y6.61010
G01 X-18.11441 Y6.55186
G01 X-18.12210 Y6.47383
G01 X-18.12500 Y6.41501
G01 X-18.12500 Y5.43502
G01 X-18.12210 Y5.37620
G01 X-18.11441 Y5.29817
G01 X-18.10577 Y5.23993
G01 X-18.09147 Y5.18280
G01 X-18.06871 Y5.10777
G01 X-18.04888 Y5.05232
G01 X-18.02370 Y4.99911
G01 X-17.98672 Y4.92994
G01 X-17.92139 Y4.83215
G01 X-17.87163 Y4.77152
G01 X-17.83209 Y4.72791
G01 X-17.78847 Y4.68837
G01 X-17.72785 Y4.63861
G01 X-17.63006 Y4.57328
G01 X-17.57499 Y4.54384
G01 X-17.56330 Y4.55001
G01 X-17.57499 Y4.54384
G01 X-17.57499 Y4.30363
G01 X-17.57125 Y4.30259
G01 X-17.57499 Y4.30363
G01 X-17.60036 Y4.26972
G01 X-17.64141 Y4.19451
G01 X-17.70051 Y4.06505
G01 X-17.73041 Y3.98491
G01 X-17.74860 Y3.90132
G01 X-17.76887 Y3.76045
G01 X-17.77499 Y3.67501
G01 X-17.77499 Y3.17503
G01 X-17.76887 Y3.08956
G01 X-17.74860 Y2.94869
G01 X-17.73041 Y2.86513
G01 X-17.70051 Y2.78497
G01 X-17.64141 Y2.65550
G01 X-17.60036 Y2.58029
G01 X-17.54900 Y2.51171
G01 X-17.45579 Y2.40417
G01 X-17.39528 Y2.34367
G01 X-17.32678 Y2.29241
G01 X-17.20707 Y2.21547
G01 X-17.13196 Y2.17445
G01 X-17.05177 Y2.14453
G01 X-16.91522 Y2.10442
G01 X-16.83156 Y2.08621
G01 X-16.74613 Y2.08012
G01 X-16.72655 Y2.08012
G01 X-16.67499 Y2.07504
G01 X-16.49569 Y2.07504
G01 X-16.27458 Y2.29612
G01 X-16.27397 Y2.29673
G01 X-16.24581 Y2.32396
G01 X-16.24515 Y2.32456
G01 X-16.22744 Y2.34108
G01 X-16.22698 Y2.34148
G01 X-16.20859 Y2.35819
G01 X-16.20814 Y2.35863
G01 X-16.12124 Y2.43556
G01 X-16.20814 Y2.35863
G01 X-16.20859 Y2.35819
G01 X-16.22698 Y2.34148
G01 X-16.22744 Y2.34108
G01 X-16.24515 Y2.32456
G01 X-16.24581 Y2.32396
G01 X-16.27397 Y2.29673
G01 X-16.27458 Y2.29612
G01 X-16.59569 Y1.97504
G01 X-16.67499 Y1.97504
G01 X-16.72658 Y1.98012
G01 X-16.74613 Y1.98012
G01 X-16.84578 Y1.98723
G01 X-16.94339 Y2.00849
G01 X-17.07994 Y2.04859
G01 X-17.17352 Y2.08349
G01 X-17.26115 Y2.13135
G01 X-17.38086 Y2.20828
G01 X-17.46076 Y2.26810
G01 X-17.53135 Y2.33866
G01 X-17.62457 Y2.44621
G01 X-17.68449 Y2.52624
G01 X-17.73239 Y2.61397
G01 X-17.79150 Y2.74344
G01 X-17.82637 Y2.83696
G01 X-17.84758 Y2.93447
G01 X-17.86785 Y3.07534
G01 X-17.87499 Y3.17503
G01 X-17.87499 Y3.67501
G01 X-17.86785 Y3.77470
G01 X-17.84758 Y3.91557
G01 X-17.82637 Y4.01308
G01 X-17.79150 Y4.10658
G01 X-17.73239 Y4.23604
G01 X-17.68449 Y4.32380
G01 X-17.67499 Y4.33650
G01 X-17.67260 Y4.33597
G01 X-17.67499 Y4.33650
G01 X-17.67499 Y4.48390
G01 X-17.66396 Y4.48953
G01 X-17.67499 Y4.48390
G01 X-17.67720 Y4.48509
G01 X-17.79129 Y4.56131
G01 X-17.85190 Y4.61107
G01 X-17.90280 Y4.65720
G01 X-17.94893 Y4.70810
G01 X-17.99869 Y4.76871
G01 X-18.07491 Y4.88280
G01 X-18.11189 Y4.95197
G01 X-18.14126 Y5.01407
G01 X-18.16439 Y5.07874
G01 X-18.18715 Y5.15377
G01 X-18.20384 Y5.22042
G01 X-18.21392 Y5.28836
G01 X-18.22162 Y5.36639
G01 X-18.22500 Y5.43502
G01 X-18.22500 Y6.41501
G01 X-18.22162 Y6.48364
G01 X-18.21392 Y6.56167
G01 X-18.20384 Y6.62961
G01 X-18.18715 Y6.69626
G01 X-18.16439 Y6.77129
G01 X-18.14126 Y6.83596
G01 X-18.11189 Y6.89806
G01 X-18.10570 Y6.90962
G01 X-18.06356 Y6.91582
G01 X-18.06221 Y6.91605
G01 X-18.04230 Y6.91953
G01 X-17.98106 Y6.92854
G01 X-17.93752 Y6.93500
G01 X-17.88304 Y6.94147
G01 X-17.88126 Y6.94170
G01 X-17.84926 Y6.94668
G01 X-17.77735 Y6.95791
G01 X-17.77544 Y6.95824
G01 X-17.69711 Y6.97358
G01 X-17.66922 Y6.97906
G01 X-17.66818 Y6.97927
G01 X-17.62871 Y6.98788
G01 X-17.62764 Y6.98813
G01 X-17.58215 Y6.99908
G01 X-17.57136 Y7.00162
G01 X-17.50598 Y7.01645
G01 X-17.50544 Y7.01658
G01 X-17.48936 Y7.02042
G01 X-17.48883 Y7.02054
G01 X-17.45896 Y7.02801
G01 X-17.42757 Y7.03591
G01 X-17.36450 Y7.04848
G01 X-17.28850 Y7.05976
G01 X-17.22965 Y7.06555
G01 X-17.15304 Y7.06931
G01 X-17.12432 Y7.07002
G01 X-16.32561 Y7.07002
G01 X-16.29699 Y7.06931
G01 X-16.22036 Y7.06558
G01 X-16.16145 Y7.05976
G01 X-16.08546 Y7.04848
G01 X-16.02239 Y7.03591
G01 X-15.99102 Y7.02804
G01 X-15.96135 Y7.01219
G01 X-15.91243 Y6.97950
G01 X-15.85183 Y6.92976
G01 X-15.83001 Y6.90998
G01 X-15.81025 Y6.88818
G01 X-15.76049 Y6.82755
G01 X-15.74296 Y6.80391
G01 X-15.72782 Y6.77866
G01 X-15.69087 Y6.70949
G01 X-15.66836 Y6.65516
G01 X-15.64558 Y6.58013
G01 X-15.63844 Y6.55158
G01 X-15.63412 Y6.52245
G01 X-15.62643 Y6.44442
G01 X-15.62498 Y6.41501
G01 X-15.62498 Y5.43502
G01 X-15.52498 Y5.43502
G01 X-15.42498 Y5.43502
G01 X-15.42498 Y6.41501
G01 X-15.42739 Y6.46403
G01 X-15.43509 Y6.54206
G01 X-15.44228 Y6.59060
G01 X-15.45421 Y6.63820
G01 X-15.47697 Y6.71323
G01 X-15.51446 Y6.80378
G01 X-15.53341 Y6.83924
G01 X-15.46859 Y6.80040
G01 X-15.38111 Y6.74175
G01 X-15.35851 Y6.66723
G01 X-15.34421 Y6.61010
G01 X-15.33557 Y6.55186
G01 X-15.32788 Y6.47383
G01 X-15.32498 Y6.41501
G01 X-15.32498 Y5.43502
G01 X-15.32788 Y5.37620
G01 X-15.33557 Y5.29817
G01 X-15.34421 Y5.23993
G01 X-15.35851 Y5.18280
G01 X-15.38127 Y5.10777
G01 X-15.40110 Y5.05232
G01 X-15.42627 Y4.99911
G01 X-15.46326 Y4.92994
G01 X-15.47428 Y4.91343
G01 X-15.54781 Y4.87399
G01 X-15.56684 Y4.86500
G01 X-15.56796 Y4.86446
G01 X-15.62488 Y4.83579
G01 X-15.62602 Y4.83520
G01 X-15.72041 Y4.78463
G01 X-15.68317 Y4.80460
G01 X-15.65564 Y4.83497
G01 X-15.60590 Y4.89558
G01 X-15.55145 Y4.97709
G01 X-15.51446 Y5.04625
G01 X-15.49348 Y5.09060
G01 X-15.47697 Y5.13680
G01 X-15.45421 Y5.21183
G01 X-15.44228 Y5.25943
G01 X-15.43509 Y5.30797
G01 X-15.42739 Y5.38600
G01 X-15.42498 Y5.43502
G01 X-15.32498 Y5.43502
G01 X-15.22498 Y5.43502
G01 X-15.32498 Y5.43502
G01 X-15.42498 Y5.43502
G01 X-15.52498 Y5.43502
G01 X-15.62498 Y5.43502
G01 X-15.72498 Y5.43502
G01 X-15.82498 Y5.43502
G01 X-15.72498 Y5.43502
G01 X-15.62498 Y5.43502
G01 X-15.62643 Y5.40561
G01 X-15.63412 Y5.32758
G01 X-15.63844 Y5.29845
G01 X-15.64558 Y5.26990
G01 X-15.66836 Y5.19487
G01 X-15.67827 Y5.16713
G01 X-15.69087 Y5.14051
G01 X-15.72782 Y5.07137
G01 X-15.76049 Y5.02248
G01 X-15.81025 Y4.96185
G01 X-15.83001 Y4.94003
G01 X-15.85183 Y4.92027
G01 X-15.91243 Y4.87053
G01 X-15.96135 Y4.83784
G01 X-16.03049 Y4.80089
G01 X-16.07497 Y4.78247
G01 X-16.08906 Y4.79085
G01 X-16.07497 Y4.78247
G01 X-16.07497 Y4.49990
G01 X-16.07425 Y4.49964
G01 X-16.07497 Y4.49990
G01 X-16.07497 Y4.49124
G01 X-16.07425 Y4.49964
G01 X-16.07215 Y4.50785
G01 X-16.06867 Y4.51554
G01 X-16.06392 Y4.52258
G01 X-15.97497 Y4.63304
G01 X-15.97497 Y4.71717
G01 X-15.98668 Y4.72339
G01 X-15.97497 Y4.71717
G01 X-15.91421 Y4.74966
G01 X-15.84901 Y4.79322
G01 X-15.78838 Y4.84298
G01 X-15.75929 Y4.86931
G01 X-15.73293 Y4.89842
G01 X-15.68320 Y4.95903
G01 X-15.63963 Y5.02423
G01 X-15.60268 Y5.09337
G01 X-15.58589 Y5.12888
G01 X-15.57265 Y5.16583
G01 X-15.54990 Y5.24087
G01 X-15.54037 Y5.27894
G01 X-15.53461 Y5.31778
G01 X-15.52691 Y5.39581
G01 X-15.52498 Y5.43502
G01 X-15.52498 Y6.41501
G01 X-15.52691 Y6.45422
G01 X-15.53461 Y6.53225
G01 X-15.54037 Y6.57109
G01 X-15.54990 Y6.60916
G01 X-15.57265 Y6.68420
G01 X-15.60268 Y6.75664
G01 X-15.63963 Y6.82580
G01 X-15.65980 Y6.85948
G01 X-15.68320 Y6.89100
G01 X-15.71898 Y6.93459
G01 X-15.79996 Y6.96824
G01 X-15.87606 Y6.99547
G01 X-15.94639 Y7.01686
G01 X-15.99102 Y7.02804
G01 X-15.94639 Y7.01686
G01 X-15.87606 Y6.99547
G01 X-15.79996 Y6.96824
G01 X-15.71898 Y6.93459
G01 X-15.71853 Y6.93441
G01 X-15.64230 Y6.89837
G01 X-15.54489 Y6.84612
G01 X-15.53341 Y6.83924
G01 X-15.46859 Y6.80040
G01 X-15.38111 Y6.74175
G01 X-15.34868 Y6.72001
G01 X-15.27227 Y6.66332
G01 X-15.24997 Y6.64495
G01 X-15.24611 Y6.62961
G01 X-15.23605 Y6.56167
G01 X-15.22836 Y6.48364
G01 X-15.22498 Y6.41501
G01 X-15.22498 Y5.43502
G01 X-15.22836 Y5.36639
G01 X-15.23605 Y5.28836
G01 X-15.24611 Y5.22042
G01 X-15.26283 Y5.15377
G01 X-15.28558 Y5.07874
G01 X-15.30872 Y5.01407
G01 X-15.30987 Y5.01161
G01 X-15.34863 Y4.98562
G01 X-15.42498 Y4.93988
G01 X-15.54781 Y4.87399
G01 X-15.56684 Y4.86500
G01 X-15.56796 Y4.86446
G01 X-15.62488 Y4.83579
G01 X-15.62602 Y4.83520
G01 X-15.72041 Y4.78463
G01 X-15.78322 Y4.75141
G01 X-15.78353 Y4.75126
G01 X-15.79640 Y4.74435
G01 X-15.79671 Y4.74417
G01 X-15.80636 Y4.73889
G01 X-15.88363 Y4.71608
G01 X-15.89833 Y4.71232
G01 X-15.90593 Y4.70973
G01 X-15.91301 Y4.70594
G01 X-15.91939 Y4.70107
G01 X-15.92190 Y4.70460
G01 X-15.91939 Y4.70107
G01 X-15.92493 Y4.69522
G01 X-15.97497 Y4.63304
G01 X-16.06392 Y4.52258
G01 X-16.06867 Y4.51554
G01 X-16.07215 Y4.50785
G01 X-16.07425 Y4.49964
G01 X-16.07497 Y4.49124
G01 X-16.07497 Y4.17501
G01 X-16.07499 Y4.17501
G01 X-16.07692 Y4.19451
G01 X-16.08261 Y4.21326
G01 X-16.09183 Y4.23056
G01 X-16.10428 Y4.24572
G01 X-16.11944 Y4.25814
G01 X-16.13671 Y4.26739
G01 X-16.15548 Y4.27308
G01 X-16.17499 Y4.27501
G01 X-16.27497 Y4.27501
G01 X-16.27497 Y4.93944
G01 X-16.23714 Y4.94318
G01 X-16.21792 Y4.94701
G01 X-16.14289 Y4.96977
G01 X-16.12477 Y4.97726
G01 X-16.05561 Y5.01422
G01 X-16.03933 Y5.02512
G01 X-15.97870 Y5.07488
G01 X-15.97143 Y5.08146
G01 X-15.96483 Y5.08872
G01 X-15.91510 Y5.14935
G01 X-15.90420 Y5.16566
G01 X-15.86724 Y5.23480
G01 X-15.86305 Y5.24366
G01 X-15.85975 Y5.25291
G01 X-15.83697 Y5.32794
G01 X-15.83461 Y5.33746
G01 X-15.83316 Y5.34717
G01 X-15.82546 Y5.42522
G01 X-15.82498 Y5.43502
G01 X-15.82498 Y6.41501
G01 X-15.82546 Y6.42481
G01 X-15.83316 Y6.50284
G01 X-15.83461 Y6.51257
G01 X-15.83697 Y6.52207
G01 X-15.85975 Y6.59712
G01 X-15.86724 Y6.61523
G01 X-15.90420 Y6.68437
G01 X-15.90926 Y6.69281
G01 X-15.91510 Y6.70068
G01 X-15.96483 Y6.76128
G01 X-15.97143 Y6.76857
G01 X-15.97870 Y6.77515
G01 X-16.03933 Y6.82491
G01 X-16.05561 Y6.83578
G01 X-16.12477 Y6.87277
G01 X-16.14289 Y6.88026
G01 X-16.21792 Y6.90302
G01 X-16.23714 Y6.90685
G01 X-16.31517 Y6.91452
G01 X-16.32498 Y6.91501
G01 X-17.12498 Y6.91501
G01 X-17.13478 Y6.91452
G01 X-17.21283 Y6.90685
G01 X-17.23206 Y6.90302
G01 X-17.30709 Y6.88026
G01 X-17.32520 Y6.87277
G01 X-17.39434 Y6.83578
G01 X-17.41065 Y6.82491
G01 X-17.47128 Y6.77515
G01 X-17.47854 Y6.76857
G01 X-17.48512 Y6.76128
G01 X-17.53488 Y6.70068
G01 X-17.54578 Y6.68437
G01 X-17.58273 Y6.61523
G01 X-17.58693 Y6.60634
G01 X-17.59023 Y6.59712
G01 X-17.61299 Y6.52207
G01 X-17.61537 Y6.51257
G01 X-17.61682 Y6.50284
G01 X-17.62452 Y6.42481
G01 X-17.62497 Y6.41501
G01 X-17.62497 Y5.43502
G01 X-17.62452 Y5.42522
G01 X-17.61682 Y5.34717
G01 X-17.61537 Y5.33746
G01 X-17.61299 Y5.32794
G01 X-17.59023 Y5.25291
G01 X-17.58693 Y5.24366
G01 X-17.58273 Y5.23480
G01 X-17.54578 Y5.16566
G01 X-17.53488 Y5.14935
G01 X-17.48512 Y5.08872
G01 X-17.47854 Y5.08146
G01 X-17.47128 Y5.07488
G01 X-17.41065 Y5.02512
G01 X-17.39434 Y5.01422
G01 X-17.32520 Y4.97726
G01 X-17.30709 Y4.96977
G01 X-17.23206 Y4.94701
G01 X-17.21283 Y4.94318
G01 X-17.13478 Y4.93548
G01 X-17.12498 Y4.93502
G01 X-17.07496 Y4.93502
G01 X-17.07499 Y4.12136
G01 X-17.07796 Y4.11836
G01 X-17.17118 Y4.01082
G01 X-17.17974 Y3.99939
G01 X-17.18657 Y3.98687
G01 X-17.24568 Y3.85740
G01 X-17.25066 Y3.84404
G01 X-17.25370 Y3.83010
G01 X-17.27397 Y3.68923
G01 X-17.27499 Y3.67501
G01 X-17.27499 Y3.17503
G01 X-17.27397 Y3.16078
G01 X-17.25370 Y3.01992
G01 X-17.25066 Y3.00600
G01 X-17.24568 Y2.99264
G01 X-17.18657 Y2.86317
G01 X-17.17974 Y2.85062
G01 X-17.17118 Y2.83919
G01 X-17.07796 Y2.73165
G01 X-17.06788 Y2.72157
G01 X-17.05645 Y2.71303
G01 X-16.93674 Y2.63610
G01 X-16.92424 Y2.62926
G01 X-16.91085 Y2.62426
G01 X-16.77430 Y2.58415
G01 X-16.76036 Y2.58113
G01 X-16.74613 Y2.58011
G01 X-16.70491 Y2.58011
G01 X-16.69450 Y2.57694
G01 X-16.67499 Y2.57503
G01 X-16.17499 Y2.57503
G01 X-16.15548 Y2.57694
G01 X-16.13671 Y2.58263
G01 X-16.11944 Y2.59187
G01 X-16.10428 Y2.60432
G01 X-16.09183 Y2.61946
G01 X-16.08261 Y2.63676
G01 X-16.07692 Y2.65553
G01 X-16.07499 Y2.67503
G01 X-16.07499 Y4.17501
G01 X-16.07499 Y4.34722
G01 X-16.09846 Y4.35977
G01 X-16.13598 Y4.37114
G01 X-16.17497 Y4.37501
G01 X-16.19536 Y4.35949
G01 X-16.17497 Y4.37501
G01 X-16.17497 Y4.85552
G01 X-16.19160 Y4.86655
G01 X-16.17497 Y4.85552
G01 X-16.11385 Y4.87406
G01 X-16.07763 Y4.88908
G01 X-16.00847 Y4.92603
G01 X-15.97588 Y4.94783
G01 X-15.91528 Y4.99756
G01 X-15.90072 Y5.01074
G01 X-15.88754 Y5.02530
G01 X-15.83781 Y5.08590
G01 X-15.81601 Y5.11851
G01 X-15.77906 Y5.18765
G01 X-15.77065 Y5.20541
G01 X-15.76404 Y5.22387
G01 X-15.74129 Y5.29893
G01 X-15.73651 Y5.31796
G01 X-15.73364 Y5.33736
G01 X-15.72594 Y5.41541
G01 X-15.72498 Y5.43502
G01 X-15.72498 Y6.41501
G01 X-15.72594 Y6.43462
G01 X-15.73364 Y6.51264
G01 X-15.73651 Y6.53208
G01 X-15.74129 Y6.55110
G01 X-15.76404 Y6.62613
G01 X-15.77906 Y6.66238
G01 X-15.81601 Y6.73152
G01 X-15.82610 Y6.74836
G01 X-15.83781 Y6.76413
G01 X-15.88754 Y6.82473
G01 X-15.90072 Y6.83929
G01 X-15.91528 Y6.85245
G01 X-15.97588 Y6.90220
G01 X-16.00847 Y6.92400
G01 X-16.07763 Y6.96095
G01 X-16.11385 Y6.97594
G01 X-16.18888 Y6.99872
G01 X-16.22734 Y7.00637
G01 X-16.30539 Y7.01404
G01 X-16.32498 Y7.01501
G01 X-17.12498 Y7.01501
G01 X-17.14458 Y7.01404
G01 X-17.22264 Y7.00637
G01 X-17.26107 Y6.99872
G01 X-17.33613 Y6.97594
G01 X-17.37235 Y6.96095
G01 X-17.44149 Y6.92400
G01 X-17.47410 Y6.90220
G01 X-17.53470 Y6.85245
G01 X-17.54926 Y6.83929
G01 X-17.56244 Y6.82473
G01 X-17.61217 Y6.76413
G01 X-17.63397 Y6.73152
G01 X-17.67092 Y6.66238
G01 X-17.67931 Y6.64462
G01 X-17.68593 Y6.62613
G01 X-17.70869 Y6.55110
G01 X-17.71347 Y6.53208
G01 X-17.71634 Y6.51264
G01 X-17.72403 Y6.43462
G01 X-17.72497 Y6.41501
G01 X-17.72497 Y5.43502
G01 X-17.72403 Y5.41541
G01 X-17.71634 Y5.33736
G01 X-17.71347 Y5.31796
G01 X-17.70869 Y5.29893
G01 X-17.68593 Y5.22387
G01 X-17.67931 Y5.20541
G01 X-17.67092 Y5.18765
G01 X-17.63397 Y5.11851
G01 X-17.61217 Y5.08590
G01 X-17.56244 Y5.02530
G01 X-17.54926 Y5.01074
G01 X-17.53470 Y4.99756
G01 X-17.47410 Y4.94783
G01 X-17.44149 Y4.92603
G01 X-17.37235 Y4.88908
G01 X-17.33613 Y4.87406
G01 X-17.26107 Y4.85131
G01 X-17.22264 Y4.84366
G01 X-17.17496 Y4.83896
G01 X-17.15284 Y4.85679
G01 X-17.17496 Y4.83896
G01 X-17.17499 Y4.15913
G01 X-17.16892 Y4.15692
G01 X-17.17499 Y4.15913
G01 X-17.24674 Y4.07633
G01 X-17.26386 Y4.05347
G01 X-17.27755 Y4.02840
G01 X-17.33666 Y3.89893
G01 X-17.34662 Y3.87221
G01 X-17.35269 Y3.84435
G01 X-17.37296 Y3.70348
G01 X-17.37499 Y3.67501
G01 X-17.37499 Y3.17503
G01 X-17.37296 Y3.14653
G01 X-17.35269 Y3.00567
G01 X-17.34662 Y2.97780
G01 X-17.33666 Y2.95111
G01 X-17.27755 Y2.82164
G01 X-17.26386 Y2.79657
G01 X-17.24674 Y2.77369
G01 X-17.15353 Y2.66614
G01 X-17.13336 Y2.64600
G01 X-17.11052 Y2.62891
G01 X-16.99081 Y2.55197
G01 X-16.96577 Y2.53828
G01 X-16.93905 Y2.52832
G01 X-16.80250 Y2.48822
G01 X-16.77461 Y2.48215
G01 X-16.74613 Y2.48011
G01 X-16.71809 Y2.48011
G01 X-16.71400 Y2.47887
G01 X-16.67499 Y2.47503
G01 X-16.17499 Y2.47503
G01 X-16.13598 Y2.47887
G01 X-16.09846 Y2.49025
G01 X-16.07499 Y2.50280
G01 X-16.07499 Y2.67503
G04 P0 ( dwell for no time -- G64 should not smooth over this point )
G00 Z5.00000 ( retract )

G00 X-14.22496 Y10.37464 ( rapid move to begin. )
G01 F150.00000
( Mill infeed pass 1/1 )
G01 Z-0.06000
G04 P0 ( dwell for no time -- G64 should not smooth over this point )
G01 F300.00000
G01 X-14.22496 Y10.37464
G01 X-14.22496 Y9.49780
G01 X-14.26580 Y9.39920
G01 X-14.28670 Y9.34878
G01 X-14.26580 Y9.39920
G01 X-14.22496 Y9.49780
G01 X-13.96105 Y9.76171
G01 X-13.96039 Y9.76240
G01 X-13.96105 Y9.76171
G01 X-14.06583 Y9.76184
G01 X-14.10062 Y9.76359
G01 X-14.12496 Y9.73923
G01 X-14.18670 Y9.59021
G01 X-14.12496 Y9.73923
G01 X-14.12496 Y9.79341
G01 X-14.19138 Y9.97964
G01 X-14.12496 Y9.79341
G01 X-14.12397 Y9.79204
G01 X-14.10062 Y9.76359
G01 X-14.12496 Y9.73923
G01 X-14.10062 Y9.76359
G01 X-14.06583 Y9.76184
G01 X-13.96105 Y9.76171
G01 X-13.92155 Y9.76169
G01 X-13.96039 Y9.76240
G01 X-14.01556 Y9.81759
G01 X-14.04665 Y9.85549
G01 X-14.08173 Y9.90278
G01 X-14.11200 Y9.95328
G01 X-14.13512 Y9.99651
G01 X-14.18013 Y10.10517
G01 X-14.19435 Y10.15206
G01 X-14.20865 Y10.20918
G01 X-14.21729 Y10.26742
G01 X-14.22209 Y10.31619
G01 X-14.22496 Y10.37464
G01 X-14.24711 Y10.82501
G01 X-14.22496 Y11.27540
G01 X-14.22496 Y12.37463
G01 X-14.24566 Y12.79579
G01 X-14.22496 Y13.27539
G01 X-14.22496 Y13.70102
G01 X-14.23108 Y13.78644
G01 X-14.24929 Y13.87011
G01 X-14.26897 Y13.93714
G01 X-14.30641 Y14.03066
G01 X-14.31137 Y14.04303
G01 X-14.37306 Y14.13902
G01 X-14.45180 Y14.22157
G01 X-14.50461 Y14.26731
G01 X-14.58515 Y14.32612
G01 X-14.67433 Y14.37079
G01 X-14.76968 Y14.40006
G01 X-14.82120 Y14.41128
G01 X-14.88472 Y14.42159
G01 X-14.94898 Y14.42505
G01 X-14.56011 Y14.42505
G01 X-14.53311 Y14.41151
G01 X-14.43913 Y14.34291
G01 X-14.38632 Y14.29716
G01 X-14.31589 Y14.22330
G01 X-14.32005 Y14.30793
G01 X-14.31589 Y14.22330
G01 X-14.29445 Y14.20084
G01 X-14.22249 Y14.08888
G01 X-14.17301 Y13.96531
G01 X-14.15333 Y13.89828
G01 X-14.13989 Y13.83651
G01 X-14.16064 Y13.74103
G01 X-14.13989 Y13.83651
G01 X-14.12397 Y13.85797
G01 X-14.09288 Y13.89587
G01 X-13.99585 Y13.99289
G01 X-13.95795 Y14.02398
G01 X-13.90278 Y14.06490
G01 X-13.84385 Y14.10023
G01 X-13.80062 Y14.12332
G01 X-13.67385 Y14.17585
G01 X-13.62696 Y14.19007
G01 X-13.56031 Y14.20676
G01 X-13.49237 Y14.21685
G01 X-13.44360 Y14.22165
G01 X-13.37500 Y14.22502
G01 X-12.67500 Y14.22502
G01 X-12.60637 Y14.22165
G01 X-12.55760 Y14.21685
G01 X-12.48965 Y14.20676
G01 X-12.42300 Y14.19007
G01 X-12.37612 Y14.17585
G01 X-12.24934 Y14.12332
G01 X-12.20611 Y14.10023
G01 X-12.14719 Y14.06490
G01 X-12.09202 Y14.02398
G01 X-12.07497 Y14.00999
G01 X-12.07497 Y13.87301
G01 X-12.07497 Y13.72350
G01 X-12.07497 Y13.51995
G01 X-12.07497 Y13.72350
G01 X-12.08061 Y13.73110
G01 X-12.09560 Y13.74936
G01 X-12.11170 Y13.76899
G01 X-12.18102 Y13.83828
G01 X-12.21889 Y13.86937
G01 X-12.25831 Y13.89861
G01 X-12.30040 Y13.92383
G01 X-12.34363 Y13.94694
G01 X-12.43418 Y13.98446
G01 X-12.48107 Y13.99868
G01 X-12.52867 Y14.01060
G01 X-12.57721 Y14.01781
G01 X-12.62598 Y14.02261
G01 X-12.67500 Y14.02502
G01 X-13.37500 Y14.02502
G01 X-13.42399 Y14.02261
G01 X-13.47276 Y14.01781
G01 X-13.52130 Y14.01060
G01 X-13.56890 Y13.99868
G01 X-13.61579 Y13.98446
G01 X-13.70636 Y13.94694
G01 X-13.74957 Y13.92383
G01 X-13.79166 Y13.89861
G01 X-13.83108 Y13.86937
G01 X-13.86895 Y13.83828
G01 X-13.93827 Y13.76899
G01 X-13.96936 Y13.73110
G01 X-13.99859 Y13.69170
G01 X-14.02381 Y13.64961
G01 X-14.04693 Y13.60638
G01 X-14.08442 Y13.51583
G01 X-14.09864 Y13.46892
G01 X-14.11058 Y13.42134
G01 X-14.11777 Y13.37280
G01 X-14.12257 Y13.32401
G01 X-14.12498 Y13.27501
G01 X-14.12498 Y12.37501
G01 X-14.12257 Y12.32599
G01 X-14.11777 Y12.27722
G01 X-14.11058 Y12.22869
G01 X-14.09864 Y12.18109
G01 X-14.08442 Y12.13420
G01 X-14.04693 Y12.04365
G01 X-14.02381 Y12.00042
G01 X-13.99859 Y11.95833
G01 X-13.96936 Y11.91893
G01 X-13.93827 Y11.88104
G01 X-13.88223 Y11.82500
G01 X-13.85000 Y11.82612
G01 X-13.88223 Y11.82500
G01 X-13.93827 Y11.76900
G01 X-13.96936 Y11.73110
G01 X-13.99859 Y11.69168
G01 X-14.02381 Y11.64962
G01 X-14.04693 Y11.60639
G01 X-14.08442 Y11.51583
G01 X-14.09864 Y11.46892
G01 X-14.11058 Y11.42132
G01 X-14.11777 Y11.37278
G01 X-14.12257 Y11.32401
G01 X-14.12498 Y11.27502
G01 X-14.12498 Y10.37502
G01 X-14.12257 Y10.32600
G01 X-14.11777 Y10.27723
G01 X-14.11058 Y10.22869
G01 X-14.09864 Y10.18109
G01 X-14.08442 Y10.13420
G01 X-14.04693 Y10.04365
G01 X-14.02381 Y10.00042
G01 X-13.99859 Y9.95833
G01 X-13.96936 Y9.91891
G01 X-13.93827 Y9.88104
G01 X-13.86895 Y9.81172
G01 X-13.84998 Y9.79615
G01 X-13.84261 Y9.79912
G01 X-13.84998 Y9.79615
G01 X-13.84998 Y9.73141
G01 X-13.84236 Y9.72823
G01 X-13.84998 Y9.73141
G01 X-14.32496 Y9.25640
G01 X-14.37939 Y9.12503
G01 X-14.32496 Y9.25640
G01 X-14.32496 Y13.70102
G01 X-14.33006 Y13.77219
G01 X-14.34523 Y13.84192
G01 X-14.36491 Y13.90895
G01 X-14.40024 Y13.99721
G01 X-14.45165 Y14.07720
G01 X-14.51726 Y14.14598
G01 X-14.57007 Y14.19172
G01 X-14.63720 Y14.24075
G01 X-14.71152 Y14.27796
G01 X-14.79100 Y14.30234
G01 X-14.84251 Y14.31357
G01 X-14.89541 Y14.32215
G01 X-14.94898 Y14.32505
G01 X-17.50100 Y14.32505
G01 X-17.57214 Y14.31994
G01 X-17.64187 Y14.30478
G01 X-17.70890 Y14.28509
G01 X-17.79716 Y14.24976
G01 X-17.87715 Y14.19835
G01 X-17.94593 Y14.13275
G01 X-17.99167 Y14.07994
G01 X-18.04072 Y14.01273
G01 X-18.07796 Y13.93833
G01 X-18.10234 Y13.85878
G01 X-18.11354 Y13.80727
G01 X-18.12210 Y13.75446
G01 X-18.12497 Y13.70102
G01 X-18.12497 Y7.54901
G01 X-18.11987 Y7.47787
G01 X-18.10470 Y7.40815
G01 X-18.08502 Y7.34112
G01 X-18.04971 Y7.25293
G01 X-17.99838 Y7.17302
G01 X-17.93285 Y7.10426
G01 X-17.88007 Y7.05849
G01 X-17.86272 Y7.04582
G01 X-17.79373 Y7.05656
G01 X-17.71525 Y7.07193
G01 X-17.76076 Y7.09471
G01 X-17.81456 Y7.13403
G01 X-17.86734 Y7.17980
G01 X-17.91977 Y7.23482
G01 X-17.96084 Y7.29875
G01 X-17.98906 Y7.36928
G01 X-18.00874 Y7.43632
G01 X-18.02088 Y7.49209
G01 X-18.02497 Y7.54901
G01 X-18.02497 Y13.70102
G01 X-18.02266 Y13.74377
G01 X-18.01583 Y13.78604
G01 X-18.00463 Y13.83755
G01 X-17.98512 Y13.90117
G01 X-17.95533 Y13.96069
G01 X-17.91608 Y14.01446
G01 X-17.87034 Y14.06726
G01 X-17.81532 Y14.11974
G01 X-17.75134 Y14.16086
G01 X-17.68073 Y14.18913
G01 X-17.61370 Y14.20882
G01 X-17.55792 Y14.22096
G01 X-17.50100 Y14.22505
G01 X-14.94898 Y14.22505
G01 X-14.90613 Y14.22274
G01 X-14.86379 Y14.21585
G01 X-14.81228 Y14.20463
G01 X-14.74870 Y14.18512
G01 X-14.68927 Y14.15535
G01 X-14.63555 Y14.11613
G01 X-14.58274 Y14.07039
G01 X-14.53026 Y14.01537
G01 X-14.48914 Y13.95139
G01 X-14.46087 Y13.88078
G01 X-14.44119 Y13.81375
G01 X-14.42905 Y13.75797
G01 X-14.42496 Y13.70102
G01 X-14.42496 Y9.12503
G01 X-14.45427 Y9.09572
G01 X-14.42496 Y9.12503
G01 X-14.37939 Y9.12503
G01 X-14.31492 Y9.12503
G01 X-14.31177 Y9.11741
G01 X-14.31492 Y9.12503
G01 X-13.74998 Y9.68998
G01 X-13.74236 Y9.68683
G01 X-13.74998 Y9.68998
G01 X-13.74998 Y9.84484
G01 X-13.74129 Y9.84871
G01 X-13.74998 Y9.84484
G01 X-13.76763 Y9.85795
G01 X-13.80553 Y9.88904
G01 X-13.86097 Y9.94449
G01 X-13.89206 Y9.98236
G01 X-13.91543 Y10.01388
G01 X-13.93563 Y10.04756
G01 X-13.95871 Y10.09079
G01 X-13.98874 Y10.16323
G01 X-14.00296 Y10.21012
G01 X-14.01249 Y10.24820
G01 X-14.01825 Y10.28703
G01 X-14.02305 Y10.33580
G01 X-14.02498 Y10.37502
G01 X-14.02498 Y11.27502
G01 X-14.02305 Y11.31421
G01 X-14.01825 Y11.36300
G01 X-14.01249 Y11.40181
G01 X-14.00296 Y11.43989
G01 X-13.98874 Y11.48680
G01 X-13.95871 Y11.55924
G01 X-13.93563 Y11.60247
G01 X-13.91543 Y11.63613
G01 X-13.89206 Y11.66765
G01 X-13.86097 Y11.70555
G01 X-13.80553 Y11.76100
G01 X-13.76763 Y11.79208
G01 X-13.73611 Y11.81548
G01 X-13.72498 Y11.82213
G01 X-13.66811 Y11.81977
G01 X-13.72498 Y11.82213
G01 X-13.72498 Y11.82787
G01 X-13.73611 Y11.83455
G01 X-13.76763 Y11.85795
G01 X-13.80553 Y11.88904
G01 X-13.86097 Y11.94448
G01 X-13.89206 Y11.98236
G01 X-13.91543 Y12.01390
G01 X-13.93563 Y12.04756
G01 X-13.95871 Y12.09079
G01 X-13.98874 Y12.16323
G01 X-14.00296 Y12.21012
G01 X-14.01249 Y12.24819
G01 X-14.01825 Y12.28703
G01 X-14.02305 Y12.33580
G01 X-14.02498 Y12.37501
G01 X-14.02498 Y13.27501
G01 X-14.02305 Y13.31423
G01 X-14.01825 Y13.36300
G01 X-14.01249 Y13.40181
G01 X-14.00296 Y13.43991
G01 X-13.98874 Y13.48680
G01 X-13.95871 Y13.55924
G01 X-13.93563 Y13.60247
G01 X-13.91543 Y13.63612
G01 X-13.89206 Y13.66767
G01 X-13.86097 Y13.70554
G01 X-13.80553 Y13.76099
G01 X-13.76763 Y13.79208
G01 X-13.73611 Y13.81547
G01 X-13.70243 Y13.83564
G01 X-13.65922 Y13.85876
G01 X-13.58678 Y13.88875
G01 X-13.53987 Y13.90298
G01 X-13.50179 Y13.91253
G01 X-13.46296 Y13.91829
G01 X-13.41419 Y13.92309
G01 X-13.37500 Y13.92502
G01 X-12.67500 Y13.92502
G01 X-12.63578 Y13.92309
G01 X-12.58701 Y13.91829
G01 X-12.54818 Y13.91253
G01 X-12.51010 Y13.90298
G01 X-12.46321 Y13.88875
G01 X-12.39075 Y13.85876
G01 X-12.34754 Y13.83564
G01 X-12.31386 Y13.81547
G01 X-12.28234 Y13.79208
G01 X-12.24444 Y13.76099
G01 X-12.18899 Y13.70554
G01 X-12.15790 Y13.66767
G01 X-12.13454 Y13.63612
G01 X-12.11886 Y13.60999
G01 X-12.11434 Y13.60247
G01 X-12.09125 Y13.55924
G01 X-12.07497 Y13.51995
G01 X-12.07497 Y12.13008
G01 X-12.07497 Y11.92653
G01 X-12.07497 Y11.64738
G01 X-12.07497 Y11.92653
G01 X-12.08061 Y11.91893
G01 X-12.11170 Y11.88104
G01 X-12.18102 Y11.81172
G01 X-12.19390 Y11.80118
G01 X-12.22554 Y11.80275
G01 X-12.19390 Y11.80118
G01 X-12.16171 Y11.76900
G01 X-12.13062 Y11.73110
G01 X-12.10139 Y11.69168
G01 X-12.07617 Y11.64962
G01 X-12.07497 Y11.64738
G01 X-12.07497 Y10.00263
G01 X-12.07497 Y9.82910
G01 X-12.07497 Y10.00263
G01 X-12.07617 Y10.00042
G01 X-12.10139 Y9.95833
G01 X-12.13062 Y9.91891
G01 X-12.16171 Y9.88104
G01 X-12.23101 Y9.81172
G01 X-12.24995 Y9.79618
G01 X-12.25796 Y9.79958
G01 X-12.24995 Y9.79618
G01 X-12.24995 Y9.40001
G01 X-12.25237 Y9.35102
G01 X-12.25813 Y9.29250
G01 X-12.26535 Y9.24396
G01 X-12.27726 Y9.19636
G01 X-12.29433 Y9.14007
G01 X-12.33184 Y9.04952
G01 X-12.35955 Y8.99765
G01 X-12.38478 Y8.95557
G01 X-12.41401 Y8.91617
G01 X-12.45133 Y8.87070
G01 X-12.48427 Y8.83433
G01 X-13.45927 Y7.85933
G01 X-13.49565 Y7.82638
G01 X-13.54111 Y7.78907
G01 X-13.58051 Y7.75983
G01 X-13.62260 Y7.73461
G01 X-13.67446 Y7.70690
G01 X-13.76501 Y7.66939
G01 X-13.82130 Y7.65232
G01 X-13.86890 Y7.64040
G01 X-13.91744 Y7.63319
G01 X-13.97596 Y7.62742
G01 X-14.02498 Y7.62501
G01 X-14.32496 Y7.62501
G01 X-14.35043 Y7.65214
G01 X-14.32496 Y7.62501
G01 X-14.32496 Y7.54904
G01 X-14.32783 Y7.49560
G01 X-14.33639 Y7.44279
G01 X-14.34759 Y7.39128
G01 X-14.37200 Y7.31168
G01 X-14.40926 Y7.23726
G01 X-14.45833 Y7.17002
G01 X-14.50410 Y7.11721
G01 X-14.57289 Y7.05166
G01 X-14.65284 Y7.00030
G01 X-14.74106 Y6.96497
G01 X-14.80809 Y6.94528
G01 X-14.87781 Y6.93012
G01 X-14.94898 Y6.92501
G01 X-15.48198 Y6.92501
G01 X-15.41611 Y6.88554
G01 X-15.41396 Y6.88417
G01 X-15.32574 Y6.82501
G01 X-14.94898 Y6.82501
G01 X-14.86356 Y6.83113
G01 X-14.77990 Y6.84935
G01 X-14.71286 Y6.86903
G01 X-14.60702 Y6.91140
G01 X-14.51109 Y6.97304
G01 X-14.42854 Y7.05173
G01 X-14.38277 Y7.10454
G01 X-14.32386 Y7.18521
G01 X-14.27916 Y7.27452
G01 X-14.24987 Y7.37002
G01 X-14.23867 Y7.42153
G01 X-14.22841 Y7.48491
G01 X-14.22625 Y7.52501
G01 X-14.24586 Y7.54683
G01 X-14.22625 Y7.52501
G01 X-14.02498 Y7.52501
G01 X-13.96616 Y7.52791
G01 X-13.90763 Y7.53367
G01 X-13.84939 Y7.54231
G01 X-13.79227 Y7.55663
G01 X-13.73598 Y7.57370
G01 X-13.62732 Y7.61871
G01 X-13.57545 Y7.64642
G01 X-13.52496 Y7.67670
G01 X-13.47766 Y7.71178
G01 X-13.43220 Y7.74909
G01 X-13.38859 Y7.78864
G01 X-12.41358 Y8.76364
G01 X-12.37403 Y8.80725
G01 X-12.33672 Y8.85272
G01 X-12.30164 Y8.90002
G01 X-12.27137 Y8.95051
G01 X-12.24365 Y9.00238
G01 X-12.19865 Y9.11104
G01 X-12.18158 Y9.16732
G01 X-12.16725 Y9.22445
G01 X-12.15862 Y9.28269
G01 X-12.15285 Y9.34121
G01 X-12.14995 Y9.40001
G01 X-12.14995 Y9.75203
G01 X-12.15717 Y9.75500
G01 X-12.14995 Y9.75203
G01 X-12.08440 Y9.81759
G01 X-12.07497 Y9.82910
G01 X-12.07497 Y9.69643
G01 X-12.07655 Y9.69615
G01 X-12.07497 Y9.69643
G01 X-12.07449 Y9.68957
G01 X-12.07309 Y9.68284
G01 X-12.07078 Y9.67639
G01 X-12.04995 Y9.62882
G01 X-12.04995 Y9.40001
G01 X-12.05333 Y9.33141
G01 X-12.05910 Y9.27289
G01 X-12.06918 Y9.20494
G01 X-12.08587 Y9.13829
G01 X-12.10294 Y9.08203
G01 X-12.15547 Y8.95523
G01 X-12.18318 Y8.90337
G01 X-12.21848 Y8.84447
G01 X-12.25943 Y8.78927
G01 X-12.29672 Y8.74383
G01 X-12.34287 Y8.69293
G01 X-13.31787 Y7.71792
G01 X-13.36877 Y7.67177
G01 X-13.41421 Y7.63449
G01 X-13.46941 Y7.59354
G01 X-13.52831 Y7.55824
G01 X-13.58018 Y7.53052
G01 X-13.70697 Y7.47800
G01 X-13.76324 Y7.46093
G01 X-13.82988 Y7.44424
G01 X-13.89783 Y7.43416
G01 X-13.95635 Y7.42839
G01 X-14.02498 Y7.42501
G01 X-14.13695 Y7.42501
G01 X-14.15224 Y7.44411
G01 X-14.13695 Y7.42501
G01 X-14.14096 Y7.40027
G01 X-14.15216 Y7.34876
G01 X-14.18632 Y7.23736
G01 X-14.23847 Y7.13314
G01 X-14.30720 Y7.03903
G01 X-14.35297 Y6.98623
G01 X-14.44926 Y6.89443
G01 X-14.56120 Y6.82252
G01 X-14.68470 Y6.77307
G01 X-14.75173 Y6.75339
G01 X-14.84934 Y6.73215
G01 X-14.94898 Y6.72501
G01 X-15.18990 Y6.72501
G01 X-15.20966 Y6.74132
G01 X-15.21167 Y6.74289
G01 X-15.29008 Y6.80104
G01 X-15.29201 Y6.80241
G01 X-15.32574 Y6.82501
G01 X-15.41396 Y6.88417
G01 X-15.41611 Y6.88554
G01 X-15.48198 Y6.92501
G01 X-15.49450 Y6.93253
G01 X-15.49658 Y6.93370
G01 X-15.59618 Y6.98709
G01 X-15.59841 Y6.98823
G01 X-15.67619 Y7.02501
G01 X-15.67685 Y7.02532
G01 X-15.67906 Y7.02631
G01 X-15.76280 Y7.06108
G01 X-15.76514 Y7.06200
G01 X-15.84352 Y7.09004
G01 X-15.84581 Y7.09080
G01 X-15.91845 Y7.11290
G01 X-15.92084 Y7.11356
G01 X-15.99927 Y7.13319
G01 X-15.92084 Y7.11356
G01 X-15.91845 Y7.11290
G01 X-15.84581 Y7.09080
G01 X-15.84352 Y7.09004
G01 X-15.76514 Y7.06200
G01 X-15.76280 Y7.06108
G01 X-15.67906 Y7.02631
G01 X-15.67685 Y7.02532
G01 X-15.67619 Y7.02501
G01 X-14.94898 Y7.02501
G01 X-14.89204 Y7.02910
G01 X-14.83626 Y7.04124
G01 X-14.76923 Y7.06093
G01 X-14.69867 Y7.08917
G01 X-14.63471 Y7.13027
G01 X-14.57967 Y7.18272
G01 X-14.53390 Y7.23553
G01 X-14.49463 Y7.28930
G01 X-14.46483 Y7.34886
G01 X-14.44530 Y7.41252
G01 X-14.43410 Y7.46403
G01 X-14.42727 Y7.50629
G01 X-14.42496 Y7.54904
G01 X-14.42496 Y7.72501
G01 X-14.45358 Y7.75394
G01 X-14.42496 Y7.72501
G01 X-14.02498 Y7.72501
G01 X-13.98576 Y7.72694
G01 X-13.92724 Y7.73271
G01 X-13.88841 Y7.73847
G01 X-13.85033 Y7.74800
G01 X-13.79405 Y7.76509
G01 X-13.72160 Y7.79509
G01 X-13.66974 Y7.82280
G01 X-13.63608 Y7.84299
G01 X-13.60454 Y7.86639
G01 X-13.55907 Y7.90368
G01 X-13.52999 Y7.93004
G01 X-12.55498 Y8.90504
G01 X-12.52862 Y8.93413
G01 X-12.49133 Y8.97959
G01 X-12.46794 Y9.01114
G01 X-12.44774 Y9.04480
G01 X-12.42003 Y9.09666
G01 X-12.39003 Y9.16910
G01 X-12.37294 Y9.22539
G01 X-12.36342 Y9.26346
G01 X-12.35765 Y9.30230
G01 X-12.35188 Y9.36082
G01 X-12.34995 Y9.40001
G01 X-12.34995 Y9.84487
G01 X-12.35854 Y9.84871
G01 X-12.34995 Y9.84487
G01 X-12.33233 Y9.85795
G01 X-12.29445 Y9.88904
G01 X-12.23901 Y9.94449
G01 X-12.20792 Y9.98236
G01 X-12.18452 Y10.01388
G01 X-12.16436 Y10.04756
G01 X-12.14124 Y10.09079
G01 X-12.11124 Y10.16323
G01 X-12.09702 Y10.21012
G01 X-12.08747 Y10.24820
G01 X-12.08170 Y10.28703
G01 X-12.07690 Y10.33580
G01 X-12.07500 Y10.37502
G01 X-12.07500 Y11.27502
G01 X-12.07690 Y11.31421
G01 X-12.08170 Y11.36300
G01 X-12.08747 Y11.40181
G01 X-12.09702 Y11.43989
G01 X-12.11124 Y11.48680
G01 X-12.14124 Y11.55924
G01 X-12.16436 Y11.60247
G01 X-12.18452 Y11.63613
G01 X-12.20792 Y11.66765
G01 X-12.23901 Y11.70555
G01 X-12.29445 Y11.76100
G01 X-12.32496 Y11.78604
G01 X-12.33322 Y11.78246
G01 X-12.32496 Y11.78604
G01 X-12.32496 Y11.82790
G01 X-12.33410 Y11.83212
G01 X-12.32496 Y11.82790
G01 X-12.31386 Y11.83455
G01 X-12.28234 Y11.85795
G01 X-12.24444 Y11.88904
G01 X-12.18899 Y11.94448
G01 X-12.15790 Y11.98236
G01 X-12.13454 Y12.01390
G01 X-12.11434 Y12.04756
G01 X-12.09125 Y12.09079
G01 X-12.07497 Y12.13008
G01 X-12.12499 Y12.37501
G01 X-12.22499 Y12.37501
G01 X-12.32499 Y12.37501
G01 X-12.32499 Y13.27501
G01 X-12.32547 Y13.28482
G01 X-12.33027 Y13.33359
G01 X-12.33172 Y13.34329
G01 X-12.33410 Y13.35281
G01 X-12.34833 Y13.39970
G01 X-12.35582 Y13.41781
G01 X-12.37894 Y13.46104
G01 X-12.38396 Y13.46945
G01 X-12.38981 Y13.47735
G01 X-12.42092 Y13.51522
G01 X-12.43476 Y13.52909
G01 X-12.47266 Y13.56018
G01 X-12.48054 Y13.56602
G01 X-12.48894 Y13.57108
G01 X-12.53217 Y13.59416
G01 X-12.55028 Y13.60168
G01 X-12.59720 Y13.61591
G01 X-12.60670 Y13.61829
G01 X-12.61643 Y13.61972
G01 X-12.66519 Y13.62454
G01 X-12.67500 Y13.62502
G01 X-13.37500 Y13.62502
G01 X-13.38480 Y13.62454
G01 X-13.43357 Y13.61972
G01 X-13.44327 Y13.61829
G01 X-13.45280 Y13.61591
G01 X-13.49968 Y13.60168
G01 X-13.51780 Y13.59416
G01 X-13.56103 Y13.57108
G01 X-13.56943 Y13.56602
G01 X-13.57731 Y13.56018
G01 X-13.61520 Y13.52909
G01 X-13.62907 Y13.51522
G01 X-13.66016 Y13.47735
G01 X-13.66600 Y13.46945
G01 X-13.67106 Y13.46104
G01 X-13.69415 Y13.41781
G01 X-13.70164 Y13.39970
G01 X-13.71589 Y13.35281
G01 X-13.71825 Y13.34329
G01 X-13.71970 Y13.33359
G01 X-13.72450 Y13.28482
G01 X-13.72498 Y13.27501
G01 X-13.72498 Y12.37501
G01 X-13.72450 Y12.36521
G01 X-13.71970 Y12.31644
G01 X-13.71825 Y12.30674
G01 X-13.71589 Y12.29721
G01 X-13.70164 Y12.25030
G01 X-13.69415 Y12.23219
G01 X-13.67106 Y12.18899
G01 X-13.66600 Y12.18055
G01 X-13.66016 Y12.17268
G01 X-13.62907 Y12.13481
G01 X-13.61520 Y12.12094
G01 X-13.57731 Y12.08985
G01 X-13.56943 Y12.08401
G01 X-13.56103 Y12.07895
G01 X-13.51780 Y12.05584
G01 X-13.49968 Y12.04835
G01 X-13.45280 Y12.03412
G01 X-13.44327 Y12.03173
G01 X-13.43357 Y12.03029
G01 X-13.42498 Y12.02945
G01 X-13.42498 Y11.62058
G01 X-13.43357 Y11.61972
G01 X-13.44327 Y11.61830
G01 X-13.45280 Y11.61591
G01 X-13.49968 Y11.60169
G01 X-13.51780 Y11.59417
G01 X-13.56103 Y11.57108
G01 X-13.56943 Y11.56602
G01 X-13.57731 Y11.56018
G01 X-13.61520 Y11.52909
G01 X-13.62907 Y11.51522
G01 X-13.66016 Y11.47735
G01 X-13.66600 Y11.46945
G01 X-13.67106 Y11.46105
G01 X-13.69415 Y11.41782
G01 X-13.70164 Y11.39971
G01 X-13.71589 Y11.35282
G01 X-13.71825 Y11.34329
G01 X-13.71970 Y11.33359
G01 X-13.72450 Y11.28482
G01 X-13.72498 Y11.27502
G01 X-13.72498 Y10.37502
G01 X-13.72450 Y10.36521
G01 X-13.71970 Y10.31645
G01 X-13.71825 Y10.30674
G01 X-13.71589 Y10.29722
G01 X-13.70164 Y10.25030
G01 X-13.69415 Y10.23219
G01 X-13.67106 Y10.18899
G01 X-13.66600 Y10.18056
G01 X-13.66016 Y10.17268
G01 X-13.62907 Y10.13479
G01 X-13.61520 Y10.12094
G01 X-13.57731 Y10.08985
G01 X-13.56943 Y10.08401
G01 X-13.56103 Y10.07896
G01 X-13.51780 Y10.05584
G01 X-13.49968 Y10.04835
G01 X-13.45280 Y10.03413
G01 X-13.44998 Y10.03341
G01 X-13.44998 Y9.56572
G01 X-14.19067 Y8.82503
G01 X-14.72498 Y8.82503
G01 X-14.72496 Y13.70102
G01 X-14.72600 Y13.71527
G01 X-14.72902 Y13.72922
G01 X-14.74870 Y13.79625
G01 X-14.75577 Y13.81390
G01 X-14.76605 Y13.82990
G01 X-14.77918 Y13.84364
G01 X-14.83199 Y13.88939
G01 X-14.84540 Y13.89919
G01 X-14.86026 Y13.90663
G01 X-14.87616 Y13.91151
G01 X-14.92767 Y13.92274
G01 X-14.93826 Y13.92447
G01 X-14.94898 Y13.92505
G01 X-17.50100 Y13.92505
G01 X-17.51522 Y13.92401
G01 X-17.52917 Y13.92099
G01 X-17.59620 Y13.90130
G01 X-17.61385 Y13.89424
G01 X-17.62985 Y13.88395
G01 X-17.64359 Y13.87082
G01 X-17.68934 Y13.81801
G01 X-17.69914 Y13.80458
G01 X-17.70661 Y13.78969
G01 X-17.71149 Y13.77379
G01 X-17.72269 Y13.72228
G01 X-17.72439 Y13.71172
G01 X-17.72497 Y13.70102
G01 X-17.72497 Y7.54901
G01 X-17.72393 Y7.53479
G01 X-17.72091 Y7.52085
G01 X-17.70123 Y7.45382
G01 X-17.69416 Y7.43619
G01 X-17.68390 Y7.42021
G01 X-17.67080 Y7.40644
G01 X-17.61802 Y7.36067
G01 X-17.60455 Y7.35084
G01 X-17.58967 Y7.34340
G01 X-17.57374 Y7.33850
G01 X-17.52223 Y7.32730
G01 X-17.51167 Y7.32560
G01 X-17.50100 Y7.32501
G01 X-14.94898 Y7.32501
G01 X-14.93473 Y7.32605
G01 X-14.92079 Y7.32908
G01 X-14.85376 Y7.34876
G01 X-14.83613 Y7.35582
G01 X-14.82013 Y7.36611
G01 X-14.80636 Y7.37922
G01 X-14.76059 Y7.43202
G01 X-14.75079 Y7.44546
G01 X-14.74334 Y7.46034
G01 X-14.73844 Y7.47627
G01 X-14.72724 Y7.52778
G01 X-14.72554 Y7.53835
G01 X-14.72496 Y7.54904
G01 X-14.72498 Y8.02501
G01 X-14.02498 Y8.02501
G01 X-14.01518 Y8.02549
G01 X-13.95663 Y8.03126
G01 X-13.94693 Y8.03271
G01 X-13.93740 Y8.03509
G01 X-13.88114 Y8.05216
G01 X-13.86303 Y8.05966
G01 X-13.81116 Y8.08739
G01 X-13.80273 Y8.09242
G01 X-13.79486 Y8.09829
G01 X-13.74939 Y8.13558
G01 X-13.74213 Y8.14218
G01 X-12.76712 Y9.11719
G01 X-12.76052 Y9.12445
G01 X-12.72323 Y9.16992
G01 X-12.71736 Y9.17779
G01 X-12.71234 Y9.18622
G01 X-12.68460 Y9.23809
G01 X-12.67711 Y9.25620
G01 X-12.66004 Y9.31246
G01 X-12.65765 Y9.32199
G01 X-12.65620 Y9.33169
G01 X-12.65044 Y9.39024
G01 X-12.64995 Y9.40001
G01 X-12.64995 Y10.03341
G01 X-12.64718 Y10.03413
G01 X-12.60030 Y10.04835
G01 X-12.58219 Y10.05584
G01 X-12.53896 Y10.07896
G01 X-12.53055 Y10.08401
G01 X-12.52265 Y10.08985
G01 X-12.48478 Y10.12094
G01 X-12.47091 Y10.13479
G01 X-12.43982 Y10.17268
G01 X-12.43398 Y10.18056
G01 X-12.42892 Y10.18899
G01 X-12.40583 Y10.23219
G01 X-12.39832 Y10.25030
G01 X-12.38409 Y10.29722
G01 X-12.38170 Y10.30674
G01 X-12.38028 Y10.31645
G01 X-12.37548 Y10.36521
G01 X-12.37500 Y10.37502
G01 X-12.37500 Y11.27502
G01 X-12.37548 Y11.28482
G01 X-12.38028 Y11.33359
G01 X-12.38170 Y11.34329
G01 X-12.38409 Y11.35282
G01 X-12.39832 Y11.39971
G01 X-12.40583 Y11.41782
G01 X-12.42892 Y11.46105
G01 X-12.43398 Y11.46945
G01 X-12.43982 Y11.47735
G01 X-12.47091 Y11.51522
G01 X-12.48478 Y11.52909
G01 X-12.52265 Y11.56018
G01 X-12.53055 Y11.56602
G01 X-12.53896 Y11.57108
G01 X-12.58219 Y11.59417
G01 X-12.60030 Y11.60169
G01 X-12.62496 Y11.60915
G01 X-12.62496 Y12.02945
G01 X-12.61643 Y12.03029
G01 X-12.60670 Y12.03173
G01 X-12.59720 Y12.03412
G01 X-12.55028 Y12.04835
G01 X-12.53217 Y12.05584
G01 X-12.48894 Y12.07895
G01 X-12.48054 Y12.08401
G01 X-12.47266 Y12.08985
G01 X-12.43476 Y12.12094
G01 X-12.42092 Y12.13481
G01 X-12.38981 Y12.17268
G01 X-12.38396 Y12.18055
G01 X-12.37894 Y12.18899
G01 X-12.35582 Y12.23219
G01 X-12.34833 Y12.25030
G01 X-12.33410 Y12.29721
G01 X-12.33172 Y12.30674
G01 X-12.33027 Y12.31644
G01 X-12.32547 Y12.36521
G01 X-12.32499 Y12.37501
G01 X-12.22499 Y12.97418
G01 X-12.22499 Y13.27501
G01 X-12.22595 Y13.29462
G01 X-12.23075 Y13.34339
G01 X-12.23362 Y13.36280
G01 X-12.23840 Y13.38185
G01 X-12.25262 Y13.42873
G01 X-12.26763 Y13.46495
G01 X-12.29075 Y13.50819
G01 X-12.30083 Y13.52503
G01 X-12.31251 Y13.54077
G01 X-12.34360 Y13.57867
G01 X-12.37134 Y13.60638
G01 X-12.40921 Y13.63747
G01 X-12.42499 Y13.64918
G01 X-12.44183 Y13.65926
G01 X-12.48503 Y13.68238
G01 X-12.52125 Y13.69736
G01 X-12.56817 Y13.71159
G01 X-12.58719 Y13.71636
G01 X-12.60662 Y13.71923
G01 X-12.65539 Y13.72406
G01 X-12.67500 Y13.72502
G01 X-13.37500 Y13.72502
G01 X-13.39458 Y13.72406
G01 X-13.44337 Y13.71923
G01 X-13.46278 Y13.71636
G01 X-13.48183 Y13.71159
G01 X-13.52872 Y13.69736
G01 X-13.56494 Y13.68238
G01 X-13.60817 Y13.65926
G01 X-13.62498 Y13.64918
G01 X-13.64076 Y13.63747
G01 X-13.67865 Y13.60638
G01 X-13.70636 Y13.57867
G01 X-13.73745 Y13.54077
G01 X-13.74914 Y13.52503
G01 X-13.75925 Y13.50819
G01 X-13.78234 Y13.46495
G01 X-13.79735 Y13.42873
G01 X-13.81157 Y13.38185
G01 X-13.81635 Y13.36280
G01 X-13.81922 Y13.34339
G01 X-13.82402 Y13.29462
G01 X-13.82498 Y13.27501
G01 X-13.82498 Y12.37501
G01 X-13.82402 Y12.35541
G01 X-13.81922 Y12.30664
G01 X-13.81635 Y12.28723
G01 X-13.81157 Y12.26818
G01 X-13.79735 Y12.22129
G01 X-13.78234 Y12.18507
G01 X-13.75925 Y12.14184
G01 X-13.74914 Y12.12500
G01 X-13.73745 Y12.10923
G01 X-13.70636 Y12.07136
G01 X-13.67865 Y12.04365
G01 X-13.64076 Y12.01253
G01 X-13.62498 Y12.00085
G01 X-13.60817 Y11.99076
G01 X-13.56494 Y11.96765
G01 X-13.52872 Y11.95266
G01 X-13.52498 Y11.95152
G01 X-13.50990 Y11.96089
G01 X-13.52498 Y11.95152
G01 X-13.52498 Y11.69851
G01 X-13.50990 Y11.68914
G01 X-13.52498 Y11.69851
G01 X-13.52872 Y11.69737
G01 X-13.56494 Y11.68236
G01 X-13.60817 Y11.65927
G01 X-13.62498 Y11.64918
G01 X-13.64076 Y11.63748
G01 X-13.67865 Y11.60639
G01 X-13.70636 Y11.57867
G01 X-13.73745 Y11.54078
G01 X-13.74914 Y11.52503
G01 X-13.75925 Y11.50819
G01 X-13.78234 Y11.46496
G01 X-13.79735 Y11.42874
G01 X-13.81157 Y11.38185
G01 X-13.81635 Y11.36280
G01 X-13.81922 Y11.34339
G01 X-13.82402 Y11.29463
G01 X-13.82498 Y11.27502
G01 X-13.82498 Y10.37502
G01 X-13.82402 Y10.35541
G01 X-13.81922 Y10.30664
G01 X-13.81635 Y10.28721
G01 X-13.81157 Y10.26819
G01 X-13.79735 Y10.22127
G01 X-13.78234 Y10.18505
G01 X-13.75925 Y10.14185
G01 X-13.74914 Y10.12501
G01 X-13.73745 Y10.10923
G01 X-13.70636 Y10.07136
G01 X-13.67865 Y10.04363
G01 X-13.64076 Y10.01254
G01 X-13.62498 Y10.00085
G01 X-13.60817 Y9.99077
G01 X-13.56494 Y9.96765
G01 X-13.54998 Y9.96146
G01 X-13.53766 Y9.96819
G01 X-13.54998 Y9.96146
G01 X-13.54998 Y9.60713
G01 X-13.54236 Y9.60398
G01 X-13.54998 Y9.60713
G01 X-14.23207 Y8.92503
G01 X-14.22892 Y8.91741
G01 X-14.23207 Y8.92503
G01 X-14.62496 Y8.92503
G01 X-14.65427 Y8.89572
G01 X-14.62496 Y8.92503
G01 X-14.62496 Y13.70102
G01 X-14.62701 Y13.72950
G01 X-14.63308 Y13.75738
G01 X-14.65277 Y13.82442
G01 X-14.66689 Y13.85972
G01 X-14.68747 Y13.89172
G01 X-14.71370 Y13.91923
G01 X-14.76651 Y13.96498
G01 X-14.79336 Y13.98459
G01 X-14.82308 Y13.99947
G01 X-14.85488 Y14.00923
G01 X-14.90639 Y14.02045
G01 X-14.92755 Y14.02388
G01 X-14.94898 Y14.02505
G01 X-17.50100 Y14.02505
G01 X-17.52945 Y14.02299
G01 X-17.55733 Y14.01692
G01 X-17.62437 Y13.99724
G01 X-17.65967 Y13.98311
G01 X-17.69168 Y13.96254
G01 X-17.71918 Y13.93630
G01 X-17.76493 Y13.88350
G01 X-17.78454 Y13.85662
G01 X-17.79945 Y13.82685
G01 X-17.80920 Y13.79505
G01 X-17.82040 Y13.74354
G01 X-17.82381 Y13.72241
G01 X-17.82497 Y13.70102
G01 X-17.82497 Y7.54901
G01 X-17.82292 Y7.52057
G01 X-17.81685 Y7.49268
G01 X-17.79716 Y7.42565
G01 X-17.78306 Y7.39037
G01 X-17.76252 Y7.35841
G01 X-17.73630 Y7.33091
G01 X-17.68352 Y7.28513
G01 X-17.65662 Y7.26547
G01 X-17.62685 Y7.25056
G01 X-17.59500 Y7.24079
G01 X-17.54349 Y7.22958
G01 X-17.52236 Y7.22618
G01 X-17.50100 Y7.22501
G01 X-14.94898 Y7.22501
G01 X-14.92051 Y7.22707
G01 X-14.89262 Y7.23314
G01 X-14.82559 Y7.25283
G01 X-14.79031 Y7.26695
G01 X-14.75833 Y7.28750
G01 X-14.73080 Y7.31371
G01 X-14.68503 Y7.36652
G01 X-14.66539 Y7.39341
G01 X-14.65051 Y7.42318
G01 X-14.64073 Y7.45501
G01 X-14.62953 Y7.50652
G01 X-14.62612 Y7.52765
G01 X-14.62496 Y7.54904
G01 X-14.62496 Y7.92501
G01 X-14.65419 Y7.95422
G01 X-14.62496 Y7.92501
G01 X-14.02498 Y7.92501
G01 X-14.00537 Y7.92598
G01 X-13.94683 Y7.93174
G01 X-13.92742 Y7.93464
G01 X-13.90840 Y7.93939
G01 X-13.85211 Y7.95648
G01 X-13.81589 Y7.97147
G01 X-13.76402 Y7.99920
G01 X-13.74718 Y8.00929
G01 X-13.73141 Y8.02097
G01 X-13.68597 Y8.05828
G01 X-13.67141 Y8.07147
G01 X-12.69641 Y9.04647
G01 X-12.68323 Y9.06103
G01 X-12.64591 Y9.10647
G01 X-12.63423 Y9.12224
G01 X-12.62415 Y9.13908
G01 X-12.59641 Y9.19095
G01 X-12.58142 Y9.22717
G01 X-12.56433 Y9.28345
G01 X-12.55958 Y9.30248
G01 X-12.55668 Y9.32188
G01 X-12.55092 Y9.38043
G01 X-12.54995 Y9.40001
G01 X-12.54995 Y9.96148
G01 X-12.56194 Y9.96811
G01 X-12.54995 Y9.96148
G01 X-12.53504 Y9.96765
G01 X-12.49181 Y9.99077
G01 X-12.47497 Y10.00085
G01 X-12.45922 Y10.01254
G01 X-12.42133 Y10.04363
G01 X-12.39362 Y10.07136
G01 X-12.36253 Y10.10923
G01 X-12.35082 Y10.12501
G01 X-12.34073 Y10.14185
G01 X-12.31765 Y10.18505
G01 X-12.30263 Y10.22127
G01 X-12.28841 Y10.26819
G01 X-12.28363 Y10.28721
G01 X-12.28076 Y10.30664
G01 X-12.27594 Y10.35541
G01 X-12.27500 Y10.37502
G01 X-12.27500 Y11.27502
G01 X-12.27594 Y11.29463
G01 X-12.28076 Y11.34339
G01 X-12.28363 Y11.36280
G01 X-12.28841 Y11.38185
G01 X-12.30263 Y11.42874
G01 X-12.31765 Y11.46496
G01 X-12.34073 Y11.50819
G01 X-12.35082 Y11.52503
G01 X-12.36253 Y11.54078
G01 X-12.39362 Y11.57867
G01 X-12.42133 Y11.60639
G01 X-12.45922 Y11.63748
G01 X-12.47497 Y11.64918
G01 X-12.49181 Y11.65927
G01 X-12.52496 Y11.67700
G01 X-12.53657 Y11.67085
G01 X-12.52496 Y11.67700
G01 X-12.52496 Y11.95152
G01 X-12.54005 Y11.96089
G01 X-12.52496 Y11.95152
G01 X-12.52125 Y11.95266
G01 X-12.48503 Y11.96765
G01 X-12.44183 Y11.99076
G01 X-12.42499 Y12.00085
G01 X-12.40921 Y12.01253
G01 X-12.37134 Y12.04365
G01 X-12.34360 Y12.07136
G01 X-12.31251 Y12.10923
G01 X-12.30083 Y12.12500
G01 X-12.29075 Y12.14184
G01 X-12.26763 Y12.18507
G01 X-12.25262 Y12.22129
G01 X-12.23840 Y12.26818
G01 X-12.23362 Y12.28723
G01 X-12.23075 Y12.30664
G01 X-12.22595 Y12.35541
G01 X-12.22499 Y12.37501
G01 X-12.22499 Y12.97418
G01 X-12.14876 Y13.43082
G01 X-12.11886 Y13.60999
G01 X-12.09560 Y13.74936
G01 X-12.07497 Y13.87301
G01 X-12.11757 Y13.91560
G01 X-12.15547 Y13.94669
G01 X-12.20276 Y13.98177
G01 X-12.25326 Y14.01204
G01 X-12.29649 Y14.03513
G01 X-12.40515 Y14.08014
G01 X-12.45204 Y14.09437
G01 X-12.50916 Y14.10869
G01 X-12.56740 Y14.11733
G01 X-12.61617 Y14.12213
G01 X-12.67500 Y14.12502
G01 X-13.37500 Y14.12502
G01 X-13.43380 Y14.12213
G01 X-13.48257 Y14.11733
G01 X-13.54081 Y14.10869
G01 X-13.59793 Y14.09437
G01 X-13.64482 Y14.08014
G01 X-13.75351 Y14.03513
G01 X-13.79671 Y14.01204
G01 X-13.84723 Y13.98177
G01 X-13.89453 Y13.94669
G01 X-13.93240 Y13.91560
G01 X-14.01556 Y13.83242
G01 X-14.04665 Y13.79454
G01 X-14.08173 Y13.74725
G01 X-14.11200 Y13.69675
G01 X-14.13512 Y13.65352
G01 X-14.18013 Y13.54486
G01 X-14.19435 Y13.49795
G01 X-14.20865 Y13.44085
G01 X-14.21729 Y13.38261
G01 X-14.22209 Y13.33381
G01 X-14.22496 Y13.27539
G01 X-14.24566 Y12.79579
G01 X-14.29166 Y11.73090
G01 X-14.29897 Y11.56188
G01 X-14.29166 Y11.73090
G01 X-14.32005 Y12.30793
G01 X-14.29166 Y11.73090
G01 X-14.24711 Y10.82501
G01 X-14.22496 Y10.37464
G01 X-14.22209 Y10.31619
G01 X-14.21729 Y10.26742
G01 X-14.20865 Y10.20918
G01 X-14.19435 Y10.15206
G01 X-14.18013 Y10.10517
G01 X-14.13512 Y9.99651
G01 X-14.11200 Y9.95328
G01 X-14.08173 Y9.90278
G01 X-14.04665 Y9.85549
G01 X-14.01556 Y9.81759
G01 X-13.96039 Y9.76240
G01 X-13.92155 Y9.76169
G01 X-14.26580 Y9.39920
G01 X-14.32005 Y9.34210
G01 X-14.24711 Y10.82501
G01 X-14.22496 Y11.27540
G01 X-14.22209 Y11.33382
G01 X-14.21729 Y11.38259
G01 X-14.20865 Y11.44083
G01 X-14.19435 Y11.49795
G01 X-14.18013 Y11.54487
G01 X-14.13512 Y11.65353
G01 X-14.11200 Y11.69673
G01 X-14.08173 Y11.74725
G01 X-14.04665 Y11.79455
G01 X-14.02165 Y11.82500
G01 X-13.99933 Y11.82500
G01 X-14.02165 Y11.82500
G01 X-14.04665 Y11.85548
G01 X-14.08173 Y11.90278
G01 X-14.11200 Y11.95327
G01 X-14.13512 Y11.99650
G01 X-14.18013 Y12.10517
G01 X-14.19435 Y12.15208
G01 X-14.20865 Y12.20918
G01 X-14.21729 Y12.26742
G01 X-14.22209 Y12.31621
G01 X-14.22496 Y12.37463
G01 X-14.24566 Y12.79579
G01 X-14.30641 Y14.03066
G01 X-14.31589 Y14.22330
G01 X-14.38632 Y14.29716
G01 X-14.43913 Y14.34291
G01 X-14.53311 Y14.41151
G01 X-14.56011 Y14.42505
G01 X-14.94898 Y14.42505
G01 X-17.50100 Y14.42505
G01 X-17.58639 Y14.41893
G01 X-17.67006 Y14.40072
G01 X-17.73709 Y14.38103
G01 X-17.84298 Y14.33864
G01 X-17.93897 Y14.27694
G01 X-18.02152 Y14.19820
G01 X-18.06727 Y14.14539
G01 X-18.12612 Y14.06478
G01 X-18.17080 Y13.97549
G01 X-18.20006 Y13.88004
G01 X-18.21126 Y13.82853
G01 X-18.22152 Y13.76516
G01 X-18.22497 Y13.70102
G01 X-18.22497 Y7.54901
G01 X-18.21885 Y7.46362
G01 X-18.20064 Y7.37995
G01 X-18.18096 Y7.31292
G01 X-18.13861 Y7.20711
G01 X-18.07699 Y7.11122
G01 X-17.99838 Y7.02870
G01 X-17.99678 Y7.02732
G01 X-17.95149 Y7.03400
G01 X-17.95007 Y7.03421
G01 X-17.89571 Y7.04066
G01 X-17.79373 Y7.05656
G01 X-17.71525 Y7.07193
G01 X-17.68898 Y7.07708
G01 X-17.65055 Y7.08546
G01 X-17.60526 Y7.09639
G01 X-17.60493 Y7.09646
G01 X-17.59386 Y7.09905
G01 X-17.59353 Y7.09913
G01 X-17.52845 Y7.11389
G01 X-17.51278 Y7.11765
G01 X-17.48329 Y7.12501
G01 X-17.50100 Y7.12501
G01 X-17.53305 Y7.12674
G01 X-17.56473 Y7.13187
G01 X-17.61624 Y7.14307
G01 X-17.66401 Y7.15773
G01 X-17.70869 Y7.18011
G01 X-17.74905 Y7.20957
G01 X-17.80184 Y7.25534
G01 X-17.84113 Y7.29662
G01 X-17.87194 Y7.34454
G01 X-17.89312 Y7.39745
G01 X-17.91281 Y7.46448
G01 X-17.92190 Y7.50632
G01 X-17.92497 Y7.54901
G01 X-17.92497 Y13.70102
G01 X-17.92325 Y13.73310
G01 X-17.91812 Y13.76478
G01 X-17.90691 Y13.81629
G01 X-17.89228 Y13.86401
G01 X-17.86993 Y13.90867
G01 X-17.84052 Y13.94898
G01 X-17.79477 Y14.00178
G01 X-17.75350 Y14.04115
G01 X-17.70549 Y14.07199
G01 X-17.65256 Y14.09320
G01 X-17.58553 Y14.11288
G01 X-17.54370 Y14.12198
G01 X-17.50100 Y14.12505
G01 X-14.94898 Y14.12505
G01 X-14.91685 Y14.12332
G01 X-14.88508 Y14.11817
G01 X-14.83357 Y14.10694
G01 X-14.78589 Y14.09231
G01 X-14.74131 Y14.06996
G01 X-14.70103 Y14.04057
G01 X-14.64822 Y13.99482
G01 X-14.60885 Y13.95355
G01 X-14.57802 Y13.90554
G01 X-14.55681 Y13.85261
G01 X-14.53712 Y13.78558
G01 X-14.52803 Y13.74374
G01 X-14.52496 Y13.70102
G01 X-14.52496 Y9.02503
G01 X-14.55427 Y8.99572
G01 X-14.52496 Y9.02503
G01 X-14.27350 Y9.02503
G01 X-14.27035 Y9.01741
G01 X-14.27350 Y9.02503
G01 X-13.64998 Y9.64855
G01 X-13.64236 Y9.64540
G01 X-13.64998 Y9.64855
G01 X-13.64998 Y9.89971
G01 X-13.63900 Y9.90532
G01 X-13.64998 Y9.89971
G01 X-13.65531 Y9.90258
G01 X-13.68056 Y9.91769
G01 X-13.70421 Y9.93524
G01 X-13.74208 Y9.96633
G01 X-13.78366 Y10.00791
G01 X-13.81475 Y10.04581
G01 X-13.83230 Y10.06946
G01 X-13.84744 Y10.09470
G01 X-13.87052 Y10.13794
G01 X-13.89303 Y10.19227
G01 X-13.90725 Y10.23915
G01 X-13.91442 Y10.26770
G01 X-13.91873 Y10.29684
G01 X-13.92353 Y10.34561
G01 X-13.92498 Y10.37502
G01 X-13.92498 Y11.27502
G01 X-13.92353 Y11.30443
G01 X-13.91873 Y11.35320
G01 X-13.91442 Y11.38231
G01 X-13.90725 Y11.41088
G01 X-13.89303 Y11.45777
G01 X-13.87052 Y11.51210
G01 X-13.84744 Y11.55533
G01 X-13.83230 Y11.58058
G01 X-13.81475 Y11.60423
G01 X-13.78366 Y11.64210
G01 X-13.74208 Y11.68370
G01 X-13.70421 Y11.71479
G01 X-13.68056 Y11.73232
G01 X-13.65531 Y11.74746
G01 X-13.62498 Y11.76366
G01 X-13.61340 Y11.75757
G01 X-13.62498 Y11.76366
G01 X-13.62498 Y11.88637
G01 X-13.61340 Y11.89247
G01 X-13.62498 Y11.88637
G01 X-13.65531 Y11.90257
G01 X-13.68056 Y11.91771
G01 X-13.70421 Y11.93524
G01 X-13.74208 Y11.96633
G01 X-13.78366 Y12.00791
G01 X-13.81475 Y12.04581
G01 X-13.83230 Y12.06945
G01 X-13.84744 Y12.09470
G01 X-13.87052 Y12.13793
G01 X-13.89303 Y12.19226
G01 X-13.90725 Y12.23915
G01 X-13.91442 Y12.26773
G01 X-13.91873 Y12.29683
G01 X-13.92353 Y12.34560
G01 X-13.92498 Y12.37501
G01 X-13.92498 Y13.27501
G01 X-13.92353 Y13.30443
G01 X-13.91873 Y13.35319
G01 X-13.91442 Y13.38230
G01 X-13.90725 Y13.41088
G01 X-13.89303 Y13.45777
G01 X-13.87052 Y13.51210
G01 X-13.84744 Y13.55533
G01 X-13.83230 Y13.58058
G01 X-13.81475 Y13.60422
G01 X-13.78366 Y13.64212
G01 X-13.74208 Y13.68370
G01 X-13.70421 Y13.71479
G01 X-13.68056 Y13.73231
G01 X-13.65531 Y13.74745
G01 X-13.61208 Y13.77057
G01 X-13.55775 Y13.79307
G01 X-13.51084 Y13.80730
G01 X-13.48229 Y13.81443
G01 X-13.45318 Y13.81878
G01 X-13.40438 Y13.82358
G01 X-13.37500 Y13.82502
G01 X-12.67500 Y13.82502
G01 X-12.64558 Y13.82358
G01 X-12.59682 Y13.81878
G01 X-12.56768 Y13.81443
G01 X-12.53913 Y13.80730
G01 X-12.49222 Y13.79307
G01 X-12.43789 Y13.77057
G01 X-12.39468 Y13.74745
G01 X-12.36944 Y13.73231
G01 X-12.34579 Y13.71479
G01 X-12.30789 Y13.68370
G01 X-12.26631 Y13.64212
G01 X-12.23522 Y13.60422
G01 X-12.21767 Y13.58058
G01 X-12.20253 Y13.55533
G01 X-12.17944 Y13.51210
G01 X-12.15694 Y13.45777
G01 X-12.14876 Y13.43082
G01 X-12.14272 Y13.41088
G01 X-12.13555 Y13.38230
G01 X-12.13123 Y13.35319
G01 X-12.12643 Y13.30443
G01 X-12.12499 Y13.27501
G01 X-12.12499 Y12.37501
G01 X-12.12643 Y12.34560
G01 X-12.13123 Y12.29683
G01 X-12.13555 Y12.26773
G01 X-12.14272 Y12.23915
G01 X-12.15694 Y12.19226
G01 X-12.17944 Y12.13793
G01 X-12.20253 Y12.09470
G01 X-12.21767 Y12.06945
G01 X-12.23522 Y12.04581
G01 X-12.26631 Y12.00791
G01 X-12.30789 Y11.96633
G01 X-12.34579 Y11.93524
G01 X-12.36944 Y11.91771
G01 X-12.39468 Y11.90257
G01 X-12.42496 Y11.88637
G01 X-12.43654 Y11.89249
G01 X-12.42496 Y11.88637
G01 X-12.42496 Y11.73565
G01 X-12.43520 Y11.73064
G01 X-12.42496 Y11.73565
G01 X-12.41942 Y11.73232
G01 X-12.39578 Y11.71479
G01 X-12.35790 Y11.68370
G01 X-12.31630 Y11.64210
G01 X-12.28521 Y11.60423
G01 X-12.26768 Y11.58058
G01 X-12.25254 Y11.55533
G01 X-12.22943 Y11.51210
G01 X-12.20693 Y11.45777
G01 X-12.19270 Y11.41088
G01 X-12.18556 Y11.38231
G01 X-12.18125 Y11.35320
G01 X-12.17642 Y11.30443
G01 X-12.17500 Y11.27502
G01 X-12.17500 Y10.37502
G01 X-12.17642 Y10.34561
G01 X-12.18125 Y10.29684
G01 X-12.18556 Y10.26770
G01 X-12.19270 Y10.23915
G01 X-12.20693 Y10.19227
G01 X-12.22943 Y10.13794
G01 X-12.25254 Y10.09470
G01 X-12.26768 Y10.06946
G01 X-12.28521 Y10.04581
G01 X-12.31630 Y10.00791
G01 X-12.35790 Y9.96633
G01 X-12.39578 Y9.93524
G01 X-12.41942 Y9.91769
G01 X-12.44467 Y9.90258
G01 X-12.44995 Y9.89973
G01 X-12.46057 Y9.90525
G01 X-12.44995 Y9.89973
G01 X-12.44995 Y9.40001
G01 X-12.45140 Y9.37063
G01 X-12.45717 Y9.31211
G01 X-12.46149 Y9.28297
G01 X-12.46865 Y9.25442
G01 X-12.48572 Y9.19814
G01 X-12.50822 Y9.14380
G01 X-12.53596 Y9.09194
G01 X-12.55107 Y9.06669
G01 X-12.56862 Y9.04304
G01 X-12.60593 Y8.99758
G01 X-12.62570 Y8.97576
G01 X-13.60070 Y8.00075
G01 X-13.62252 Y7.98099
G01 X-13.66799 Y7.94368
G01 X-13.69163 Y7.92613
G01 X-13.71688 Y7.91102
G01 X-13.76875 Y7.88328
G01 X-13.82308 Y7.86077
G01 X-13.87936 Y7.84371
G01 X-13.90791 Y7.83654
G01 X-13.93705 Y7.83222
G01 X-13.99557 Y7.82646
G01 X-14.02498 Y7.82501
G01 X-14.52496 Y7.82501
G01 X-14.55348 Y7.85333
G01 X-14.52496 Y7.82501
G01 X-14.52496 Y7.54904
G01 X-14.52668 Y7.51696
G01 X-14.53181 Y7.48529
G01 X-14.54302 Y7.43378
G01 X-14.55767 Y7.38602
G01 X-14.58002 Y7.34137
G01 X-14.60946 Y7.30103
G01 X-14.65523 Y7.24823
G01 X-14.69651 Y7.20888
G01 X-14.74449 Y7.17805
G01 X-14.79740 Y7.15686
G01 X-14.86443 Y7.13718
G01 X-14.90626 Y7.12809
G01 X-14.94898 Y7.12501
G01 X-15.96663 Y7.12504
G01 X-15.99927 Y7.13319
G01 X-16.00166 Y7.13372
G01 X-16.06714 Y7.14681
G01 X-16.06958 Y7.14721
G01 X-16.14799 Y7.15885
G01 X-16.15040 Y7.15915
G01 X-16.21174 Y7.16520
G01 X-16.21421 Y7.16537
G01 X-16.29259 Y7.16923
G01 X-16.29384 Y7.16928
G01 X-16.32373 Y7.17000
G01 X-16.32495 Y7.17002
G01 X-17.12498 Y7.17002
G01 X-17.12620 Y7.17000
G01 X-17.15609 Y7.16928
G01 X-17.15731 Y7.16923
G01 X-17.23575 Y7.16537
G01 X-17.23821 Y7.16520
G01 X-17.29955 Y7.15915
G01 X-17.30196 Y7.15885
G01 X-17.38037 Y7.14721
G01 X-17.38281 Y7.14681
G01 X-17.44829 Y7.13372
G01 X-17.45068 Y7.13319
G01 X-17.48329 Y7.12501
G01 X-17.51278 Y7.11765
G01 X-17.52845 Y7.11389
G01 X-17.59353 Y7.09913
G01 X-17.59386 Y7.09905
G01 X-17.60493 Y7.09646
G01 X-17.60526 Y7.09639
G01 X-17.65055 Y7.08546
G01 X-17.68898 Y7.07708
G01 X-17.71525 Y7.07193
G01 X-17.79373 Y7.05656
G01 X-17.89571 Y7.04066
G01 X-17.95007 Y7.03421
G01 X-17.95149 Y7.03400
G01 X-18.05754 Y7.01836
G01 X-18.05883 Y7.01815
G01 X-18.07870 Y7.01468
G01 X-18.11713 Y7.00901
G01 X-18.15563 Y7.04942
G01 X-18.22749 Y7.16131
G01 X-18.27692 Y7.28475
G01 X-18.29660 Y7.35178
G01 X-18.31784 Y7.44940
G01 X-18.32497 Y7.54901
G01 X-18.32497 Y13.70102
G01 X-18.32096 Y13.77582
G01 X-18.30897 Y13.84979
G01 X-18.29777 Y13.90130
G01 X-18.26363 Y14.01265
G01 X-18.21151 Y14.11679
G01 X-18.14286 Y14.21088
G01 X-18.09711 Y14.26368
G01 X-18.00079 Y14.35555
G01 X-17.89267 Y14.42505
G01 X-17.50100 Y14.42505

G04 P0 ( dwell for no time -- G64 should not smooth over this point )
G00 Z30.000000 ( retract )

M5 ( Spindle off. )
G04 P1.000000
M9 ( Coolant off. )
M2 ( Program end. )

