ISO-10303-21;
HEADER;
FILE_DESCRIPTION (( 'STEP AP214' ),
    '1' );
FILE_NAME ('TSL2561.STEP',
    '2024-07-19T03:27:27',
    ( '' ),
    ( '' ),
    'SwSTEP 2.0',
    'SolidWorks 2021',
    '' );
FILE_SCHEMA (( 'AUTOMOTIVE_DESIGN' ));
ENDSEC;

DATA;
#1 = VERTEX_POINT ( 'NONE', #2179 ) ;
#2 = DIRECTION ( 'NONE',  ( -0.000000000000000000, 1.000000000000000000, -0.000000000000000000 ) ) ;
#3 = LINE ( 'NONE', #22, #755 ) ;
#4 = DIRECTION ( 'NONE',  ( 0.000000000000000000, 1.000000000000000000, 0.000000000000000000 ) ) ;
#5 = ORIENTED_EDGE ( 'NONE', *, *, #2087, .F. ) ;
#6 = ORIENTED_EDGE ( 'NONE', *, *, #1890, .F. ) ;
#7 = ORIENTED_EDGE ( 'NONE', *, *, #1686, .F. ) ;
#8 = ORIENTED_EDGE ( 'NONE', *, *, #2537, .T. ) ;
#9 = CARTESIAN_POINT ( 'NONE',  ( -1.899999999999989919, 0.2000000000000000111, 0.3000000000000000444 ) ) ;
#10 = CARTESIAN_POINT ( 'NONE',  ( -1.599999999999999423, 0.1999999999999999833, -1.199999999999999956 ) ) ;
#11 = LINE ( 'NONE', #1065, #575 ) ;
#12 = ORIENTED_EDGE ( 'NONE', *, *, #206, .F. ) ;
#13 = ORIENTED_EDGE ( 'NONE', *, *, #574, .T. ) ;
#14 = FACE_OUTER_BOUND ( 'NONE', #3031, .T. ) ;
#15 = DIRECTION ( 'NONE',  ( 0.000000000000000000, 1.000000000000000000, 0.000000000000000000 ) ) ;
#16 = ADVANCED_FACE ( 'NONE', ( #3250 ), #856, .T. ) ;
#17 = ORIENTED_EDGE ( 'NONE', *, *, #2514, .F. ) ;
#18 = ADVANCED_FACE ( 'NONE', ( #1912 ), #2993, .T. ) ;
#19 = CARTESIAN_POINT ( 'NONE',  ( 1.000000000000000444, 0.2000000000000000111, -0.6000000000000000888 ) ) ;
#20 = VERTEX_POINT ( 'NONE', #170 ) ;
#21 = CARTESIAN_POINT ( 'NONE',  ( 0.000000000000000000, 0.2000000000000000111, 0.000000000000000000 ) ) ;
#22 = CARTESIAN_POINT ( 'NONE',  ( -1.899999999999999245, 0.000000000000000000, -0.6000000000000000888 ) ) ;
#23 = CARTESIAN_POINT ( 'NONE',  ( -1.899999999999999245, 0.000000000000000000, -0.6000000000000000888 ) ) ;
#24 = ORIENTED_EDGE ( 'NONE', *, *, #1953, .T. ) ;
#25 = ORIENTED_EDGE ( 'NONE', *, *, #1976, .F. ) ;
#26 = CARTESIAN_POINT ( 'NONE',  ( -1.899999999999999245, 0.5000000000000000000, -0.2000000000000002331 ) ) ;
#27 = DIRECTION ( 'NONE',  ( 0.000000000000000000, 0.000000000000000000, 1.000000000000000000 ) ) ;
#28 = DIRECTION ( 'NONE',  ( -1.000000000000000000, -0.000000000000000000, -0.000000000000000000 ) ) ;
#29 = DIRECTION ( 'NONE',  ( 0.000000000000000000, 0.000000000000000000, 1.000000000000000000 ) ) ;
#30 = DIRECTION ( 'NONE',  ( -1.000000000000000000, -0.000000000000000000, -0.000000000000000000 ) ) ;
#31 = PLANE ( 'NONE',  #1962 ) ;
#32 = VECTOR ( 'NONE', #930, 1000.000000000000000 ) ;
#33 = VERTEX_POINT ( 'NONE', #1436 ) ;
#34 = DIRECTION ( 'NONE',  ( -0.000000000000000000, -0.000000000000000000, -1.000000000000000000 ) ) ;
#35 = ORIENTED_EDGE ( 'NONE', *, *, #632, .F. ) ;
#36 = EDGE_CURVE ( 'NONE', #2016, #3033, #450, .T. ) ;
#37 = CARTESIAN_POINT ( 'NONE',  ( 1.900000000000000577, 0.000000000000000000, 0.000000000000000000 ) ) ;
#38 = AXIS2_PLACEMENT_3D ( 'NONE', #3256, #598, #1500 ) ;
#39 = CARTESIAN_POINT ( 'NONE',  ( 1.900000000000000577, 0.5000000000000000000, 1.299999999999999600 ) ) ;
#40 = EDGE_LOOP ( 'NONE', ( #747, #1928, #707, #3238 ) ) ;
#41 = AXIS2_PLACEMENT_3D ( 'NONE', #587, #2736, #3244 ) ;
#42 = ORIENTED_EDGE ( 'NONE', *, *, #1086, .T. ) ;
#43 = DIRECTION ( 'NONE',  ( -0.000000000000000000, -0.000000000000000000, 1.000000000000000000 ) ) ;
#44 = COLOUR_RGB ( '',1.000000000000000000, 0.8117647058823529438, 0.5019607843137254832 ) ;
#45 = FACE_OUTER_BOUND ( 'NONE', #1767, .T. ) ;
#46 = CARTESIAN_POINT ( 'NONE',  ( 1.900000000000000577, -0.8485281374238573537, 0.2999999999999996558 ) ) ;
#47 = ORIENTED_EDGE ( 'NONE', *, *, #2552, .F. ) ;
#48 = DIRECTION ( 'NONE',  ( 0.000000000000000000, 1.000000000000000000, 0.000000000000000000 ) ) ;
#49 = ORIENTED_EDGE ( 'NONE', *, *, #1585, .F. ) ;
#50 = ORIENTED_EDGE ( 'NONE', *, *, #1954, .F. ) ;
#51 = DIRECTION ( 'NONE',  ( 0.000000000000000000, 0.000000000000000000, 1.000000000000000000 ) ) ;
#52 = UNCERTAINTY_MEASURE_WITH_UNIT (LENGTH_MEASURE( 1.000000000000000082E-05 ), #1269, 'distance_accuracy_value', 'NONE');
#53 = LINE ( 'NONE', #542, #2860 ) ;
#54 = SURFACE_STYLE_USAGE ( .BOTH. , #616 ) ;
#55 = FACE_OUTER_BOUND ( 'NONE', #3278, .T. ) ;
#56 = EDGE_CURVE ( 'NONE', #1388, #1059, #415, .T. ) ;
#57 = ADVANCED_FACE ( 'NONE', ( #705 ), #398, .T. ) ;
#58 = CARTESIAN_POINT ( 'NONE',  ( -0.7999999999999991562, 0.2000000000000000111, -0.9999999999999997780 ) ) ;
#59 = DIRECTION ( 'NONE',  ( 0.000000000000000000, 0.000000000000000000, -1.000000000000000000 ) ) ;
#60 = EDGE_CURVE ( 'NONE', #1, #1388, #154, .T. ) ;
#61 = LINE ( 'NONE', #1117, #147 ) ;
#62 = CARTESIAN_POINT ( 'NONE',  ( -1.899999999999999245, 0.5000000000000000000, -0.6000000000000000888 ) ) ;
#63 = EDGE_LOOP ( 'NONE', ( #1283, #1173, #2445, #3395 ) ) ;
#64 = ORIENTED_EDGE ( 'NONE', *, *, #3419, .F. ) ;
#65 = EDGE_CURVE ( 'NONE', #2589, #467, #1453, .T. ) ;
#66 = CARTESIAN_POINT ( 'NONE',  ( -0.9999999999999991118, 0.000000000000000000, -1.199999999999999956 ) ) ;
#67 = VECTOR ( 'NONE', #28, 1000.000000000000000 ) ;
#68 = DIRECTION ( 'NONE',  ( 0.000000000000000000, -1.000000000000000000, 0.000000000000000000 ) ) ;
#69 = VECTOR ( 'NONE', #918, 1000.000000000000000 ) ;
#70 = FACE_OUTER_BOUND ( 'NONE', #2676, .T. ) ;
#71 = ORIENTED_EDGE ( 'NONE', *, *, #744, .T. ) ;
#72 = ORIENTED_EDGE ( 'NONE', *, *, #144, .F. ) ;
#73 = EDGE_CURVE ( 'NONE', #1420, #2481, #1745, .T. ) ;
#74 = CARTESIAN_POINT ( 'NONE',  ( -1.590000000000000746, 0.5000000000000002220, 1.300000000000000044 ) ) ;
#75 = CARTESIAN_POINT ( 'NONE',  ( -1.899999999999980593, 0.2000000000000000111, 0.6000000000000000888 ) ) ;
#76 = CARTESIAN_POINT ( 'NONE',  ( 1.000000000000000444, 0.2000000000000000111, -1.199999999999999956 ) ) ;
#77 = ADVANCED_FACE ( 'NONE', ( #940 ), #717, .F. ) ;
#78 = EDGE_CURVE ( 'NONE', #3320, #2476, #2032, .T. ) ;
#79 = LINE ( 'NONE', #338, #2529 ) ;
#80 = ORIENTED_EDGE ( 'NONE', *, *, #811, .F. ) ;
#81 = VECTOR ( 'NONE', #1310, 1000.000000000000000 ) ;
#82 = ORIENTED_EDGE ( 'NONE', *, *, #2103, .F. ) ;
#83 = EDGE_LOOP ( 'NONE', ( #1573, #3435, #806, #2430 ) ) ;
#84 = VECTOR ( 'NONE', #3013, 1000.000000000000000 ) ;
#85 = DIRECTION ( 'NONE',  ( -1.000000000000000000, -0.000000000000000000, -0.000000000000000000 ) ) ;
#86 = VERTEX_POINT ( 'NONE', #1249 ) ;
#87 = CARTESIAN_POINT ( 'NONE',  ( -1.899999999999999245, 0.5000000000000000000, 1.299999999999999600 ) ) ;
#88 = VECTOR ( 'NONE', #1411, 1000.000000000000000 ) ;
#89 = ORIENTED_EDGE ( 'NONE', *, *, #578, .F. ) ;
#90 = CARTESIAN_POINT ( 'NONE',  ( -0.9999999999999993339, 0.2000000000000000111, -0.9999999999999997780 ) ) ;
#91 =( LENGTH_UNIT ( ) NAMED_UNIT ( * ) SI_UNIT ( .MILLI., .METRE. ) );
#92 = CARTESIAN_POINT ( 'NONE',  ( -1.899999999999999245, 0.5000000000000000000, -1.199999999999999956 ) ) ;
#93 = MECHANICAL_DESIGN_GEOMETRIC_PRESENTATION_REPRESENTATION (  '', ( #1567 ), #1623 ) ;
#94 = VECTOR ( 'NONE', #157, 1000.000000000000000 ) ;
#95 = CARTESIAN_POINT ( 'NONE',  ( 1.590000000000000746, 0.5000000000000006661, 1.300000000000000044 ) ) ;
#96 = DIRECTION ( 'NONE',  ( -0.000000000000000000, -1.000000000000000000, -0.000000000000000000 ) ) ;
#97 = CARTESIAN_POINT ( 'NONE',  ( -0.9999999999999991118, 0.2000000000000000111, -1.199999999999999956 ) ) ;
#98 = VECTOR ( 'NONE', #1659, 1000.000000000000000 ) ;
#99 = CARTESIAN_POINT ( 'NONE',  ( -0.9999999999999993339, 0.2000000000000000111, -0.9999999999999997780 ) ) ;
#100 = ADVANCED_FACE ( 'NONE', ( #3066 ), #2543, .T. ) ;
#101 = VECTOR ( 'NONE', #3059, 1000.000000000000000 ) ;
#102 = EDGE_CURVE ( 'NONE', #33, #2199, #2505, .T. ) ;
#103 = DIRECTION ( 'NONE',  ( 0.000000000000000000, 1.000000000000000000, 0.000000000000000000 ) ) ;
#104 = ORIENTED_EDGE ( 'NONE', *, *, #73, .T. ) ;
#105 = SURFACE_SIDE_STYLE ('',( #372 ) ) ;
#106 = EDGE_CURVE ( 'NONE', #1985, #1710, #2826, .T. ) ;
#107 = ORIENTED_EDGE ( 'NONE', *, *, #2924, .F. ) ;
#108 = CARTESIAN_POINT ( 'NONE',  ( 1.900000000000000577, 0.5000000000000000000, 1.299999999999999600 ) ) ;
#109 = ORIENTED_EDGE ( 'NONE', *, *, #1954, .T. ) ;
#110 = FACE_OUTER_BOUND ( 'NONE', #1237, .T. ) ;
#111 = CARTESIAN_POINT ( 'NONE',  ( 1.000000000000009992, 0.000000000000000000, 0.3000000000000000444 ) ) ;
#112 = CYLINDRICAL_SURFACE ( 'NONE', #2996, 0.2000000000000002331 ) ;
#113 = EDGE_CURVE ( 'NONE', #623, #1440, #186, .T. ) ;
#114 = PLANE ( 'NONE',  #2231 ) ;
#115 = LINE ( 'NONE', #46, #3204 ) ;
#116 = VERTEX_POINT ( 'NONE', #134 ) ;
#117 = CARTESIAN_POINT ( 'NONE',  ( -1.899999999999999245, 0.000000000000000000, -0.9000000000000000222 ) ) ;
#118 = ORIENTED_EDGE ( 'NONE', *, *, #2756, .T. ) ;
#119 = ORIENTED_EDGE ( 'NONE', *, *, #1431, .F. ) ;
#120 = FILL_AREA_STYLE ('',( #2960 ) ) ;
#121 = ADVANCED_FACE ( 'NONE', ( #464 ), #2290, .F. ) ;
#122 = VERTEX_POINT ( 'NONE', #2522 ) ;
#123 = LINE ( 'NONE', #3328, #961 ) ;
#124 = ADVANCED_FACE ( 'NONE', ( #973 ), #3110, .F. ) ;
#125 = DIRECTION ( 'NONE',  ( -0.000000000000000000, -0.000000000000000000, -1.000000000000000000 ) ) ;
#126 = CARTESIAN_POINT ( 'NONE',  ( 1.590000000000000746, 0.5000000000000006661, 1.300000000000000044 ) ) ;
#127 = VECTOR ( 'NONE', #955, 1000.000000000000000 ) ;
#128 = FACE_OUTER_BOUND ( 'NONE', #851, .T. ) ;
#129 = CARTESIAN_POINT ( 'NONE',  ( 1.900000000000010125, 0.2000000000000000944, -0.2999999999999996558 ) ) ;
#130 = FACE_OUTER_BOUND ( 'NONE', #432, .T. ) ;
#131 = VERTEX_POINT ( 'NONE', #202 ) ;
#132 = CARTESIAN_POINT ( 'NONE',  ( -1.899999999999999245, 0.2000000000000000111, -0.6000000000000000888 ) ) ;
#133 = ORIENTED_EDGE ( 'NONE', *, *, #2888, .T. ) ;
#134 = CARTESIAN_POINT ( 'NONE',  ( -0.9999999999999897859, 0.2000000000000000111, 0.2999999999999998224 ) ) ;
#135 = ORIENTED_EDGE ( 'NONE', *, *, #436, .F. ) ;
#136 = ORIENTED_EDGE ( 'NONE', *, *, #2258, .F. ) ;
#137 = DIRECTION ( 'NONE',  ( 1.000000000000000000, 0.000000000000000000, 2.409338161078898194E-16 ) ) ;
#138 = PRESENTATION_LAYER_ASSIGNMENT (  '', '', ( #2515 ) ) ;
#139 = CARTESIAN_POINT ( 'NONE',  ( -1.899999999999989919, 0.000000000000000000, 0.3000000000000000444 ) ) ;
#140 = VERTEX_POINT ( 'NONE', #658 ) ;
#141 = CIRCLE ( 'NONE', #2075, 0.2000000000000002054 ) ;
#142 = CYLINDRICAL_SURFACE ( 'NONE', #531, 0.3000000000000001554 ) ;
#143 = EDGE_CURVE ( 'NONE', #2519, #2412, #1185, .T. ) ;
#144 = EDGE_CURVE ( 'NONE', #1894, #2133, #2245, .T. ) ;
#145 = VECTOR ( 'NONE', #1192, 1000.000000000000000 ) ;
#146 = CARTESIAN_POINT ( 'NONE',  ( 1.900000000000000577, 0.5000000000000000000, 0.2999999999999996558 ) ) ;
#147 = VECTOR ( 'NONE', #351, 1000.000000000000000 ) ;
#148 = CARTESIAN_POINT ( 'NONE',  ( -0.9999999999999993339, 0.2000000000000000111, -0.7999999999999998224 ) ) ;
#149 = CARTESIAN_POINT ( 'NONE',  ( -1.899999999999999245, 0.2000000000000000111, -0.6000000000000000888 ) ) ;
#150 = MECHANICAL_DESIGN_GEOMETRIC_PRESENTATION_REPRESENTATION (  '', ( #375 ), #2078 ) ;
#151 = ORIENTED_EDGE ( 'NONE', *, *, #143, .F. ) ;
#152 = CARTESIAN_POINT ( 'NONE',  ( -1.599999999999999423, 0.1999999999999999833, -1.199999999999999956 ) ) ;
#153 = VECTOR ( 'NONE', #2295, 1000.000000000000000 ) ;
#154 = LINE ( 'NONE', #1758, #2112 ) ;
#155 = ORIENTED_EDGE ( 'NONE', *, *, #3119, .T. ) ;
#156 = AXIS2_PLACEMENT_3D ( 'NONE', #117, #1166, #683 ) ;
#157 = DIRECTION ( 'NONE',  ( 0.000000000000000000, 0.000000000000000000, 1.000000000000000000 ) ) ;
#158 = ORIENTED_EDGE ( 'NONE', *, *, #203, .F. ) ;
#159 = FACE_OUTER_BOUND ( 'NONE', #2181, .T. ) ;
#160 = AXIS2_PLACEMENT_3D ( 'NONE', #1754, #2044, #1808 ) ;
#161 = PLANE ( 'NONE',  #1621 ) ;
#162 = DIRECTION ( 'NONE',  ( 0.000000000000000000, 1.000000000000000000, 0.000000000000000000 ) ) ;
#163 = CARTESIAN_POINT ( 'NONE',  ( 0.000000000000000000, 0.000000000000000000, 1.300000000000000044 ) ) ;
#164 = ADVANCED_FACE ( 'NONE', ( #780 ), #3195, .F. ) ;
#165 = DIRECTION ( 'NONE',  ( -3.614007241618347785E-16, 0.000000000000000000, 1.000000000000000000 ) ) ;
#166 = EDGE_CURVE ( 'NONE', #2519, #2744, #300, .T. ) ;
#167 = EDGE_LOOP ( 'NONE', ( #795, #2123, #2377, #3337 ) ) ;
#168 = LINE ( 'NONE', #1213, #2197 ) ;
#169 = EDGE_CURVE ( 'NONE', #841, #3417, #1775, .T. ) ;
#170 = CARTESIAN_POINT ( 'NONE',  ( -1.899999999999980593, 0.2000000000000000111, 0.6000000000000000888 ) ) ;
#171 = VERTEX_POINT ( 'NONE', #530 ) ;
#172 = CARTESIAN_POINT ( 'NONE',  ( 1.000000000000009992, 0.2000000000000000111, -0.3000000000000000444 ) ) ;
#173 = VERTEX_POINT ( 'NONE', #509 ) ;
#174 = VERTEX_POINT ( 'NONE', #2340 ) ;
#175 = LINE ( 'NONE', #673, #2467 ) ;
#176 = DIRECTION ( 'NONE',  ( 1.000000000000000000, 0.000000000000000000, 2.409338161078898687E-16 ) ) ;
#177 = CARTESIAN_POINT ( 'NONE',  ( -0.9999999999999991118, 0.2000000000000000111, -1.199999999999999956 ) ) ;
#178 = DIRECTION ( 'NONE',  ( -1.000000000000000000, -0.000000000000000000, -0.000000000000000000 ) ) ;
#179 = CARTESIAN_POINT ( 'NONE',  ( -1.599999999999999423, 0.5000000000000000000, -1.199999999999999956 ) ) ;
#180 = CLOSED_SHELL ( 'NONE', ( #361, #2126, #1605, #3018, #3045, #2793, #2367, #16, #1653, #2156 ) ) ;
#181 = EDGE_LOOP ( 'NONE', ( #548, #1427, #1242, #698 ) ) ;
#182 = CARTESIAN_POINT ( 'NONE',  ( 1.000000000000000444, 0.000000000000000000, -0.6000000000000000888 ) ) ;
#183 = DIRECTION ( 'NONE',  ( 0.000000000000000000, 1.000000000000000000, 0.000000000000000000 ) ) ;
#184 = VERTEX_POINT ( 'NONE', #291 ) ;
#185 = EDGE_CURVE ( 'NONE', #116, #2625, #3408, .T. ) ;
#186 = LINE ( 'NONE', #3323, #3242 ) ;
#187 = EDGE_CURVE ( 'NONE', #174, #527, #478, .T. ) ;
#188 = ORIENTED_EDGE ( 'NONE', *, *, #2557, .T. ) ;
#189 = DIRECTION ( 'NONE',  ( -0.000000000000000000, -1.000000000000000000, -0.000000000000000000 ) ) ;
#190 = VERTEX_POINT ( 'NONE', #732 ) ;
#191 = CARTESIAN_POINT ( 'NONE',  ( 1.000000000000000444, 0.2000000000000000111, -1.199999999999999956 ) ) ;
#192 = ORIENTED_EDGE ( 'NONE', *, *, #2511, .F. ) ;
#193 = CARTESIAN_POINT ( 'NONE',  ( 1.900000000000010125, 0.000000000000000000, -0.2999999999999998224 ) ) ;
#194 = FILL_AREA_STYLE ('',( #2321 ) ) ;
#195 = VECTOR ( 'NONE', #1429, 1000.000000000000000 ) ;
#196 = AXIS2_PLACEMENT_3D ( 'NONE', #2413, #809, #3000 ) ;
#197 = CARTESIAN_POINT ( 'NONE',  ( 1.000000000000000444, 0.000000000000000000, -0.6000000000000000888 ) ) ;
#198 = DIRECTION ( 'NONE',  ( -0.000000000000000000, -0.000000000000000000, -1.000000000000000000 ) ) ;
#199 = AXIS2_PLACEMENT_3D ( 'NONE', #1580, #1565, #1951 ) ;
#200 = DIRECTION ( 'NONE',  ( -1.000000000000000000, -0.000000000000000000, -2.409338161078898194E-16 ) ) ;
#201 = CARTESIAN_POINT ( 'NONE',  ( -1.899999999999999245, 0.2000000000000000111, -1.199999999999999956 ) ) ;
#202 = CARTESIAN_POINT ( 'NONE',  ( -0.9999999999999897859, 0.2000000000000000111, 0.2999999999999998224 ) ) ;
#203 = EDGE_CURVE ( 'NONE', #1708, #3224, #2402, .T. ) ;
#204 = FACE_OUTER_BOUND ( 'NONE', #2033, .T. ) ;
#205 = STYLED_ITEM ( 'NONE', ( #892 ), #2134 ) ;
#206 = EDGE_CURVE ( 'NONE', #944, #776, #2650, .T. ) ;
#207 = ORIENTED_EDGE ( 'NONE', *, *, #3357, .T. ) ;
#208 = DIRECTION ( 'NONE',  ( -0.000000000000000000, -0.000000000000000000, -1.000000000000000000 ) ) ;
#209 = ORIENTED_EDGE ( 'NONE', *, *, #2690, .T. ) ;
#210 = ORIENTED_EDGE ( 'NONE', *, *, #1913, .T. ) ;
#211 = AXIS2_PLACEMENT_3D ( 'NONE', #2722, #1877, #1891 ) ;
#212 = EDGE_CURVE ( 'NONE', #1736, #2744, #1317, .T. ) ;
#213 = DIRECTION ( 'NONE',  ( 0.000000000000000000, 0.000000000000000000, 1.000000000000000000 ) ) ;
#214 = STYLED_ITEM ( 'NONE', ( #3003 ), #3300 ) ;
#215 = VERTEX_POINT ( 'NONE', #2383 ) ;
#216 = EDGE_LOOP ( 'NONE', ( #3063, #1208, #1247, #2167 ) ) ;
#217 = PLANE ( 'NONE',  #1278 ) ;
#218 = ORIENTED_EDGE ( 'NONE', *, *, #636, .T. ) ;
#219 = CARTESIAN_POINT ( 'NONE',  ( 1.900000000000019229, 0.1999999999999999833, 0.9000000000000001332 ) ) ;
#220 = DIRECTION ( 'NONE',  ( 0.000000000000000000, 0.000000000000000000, 1.000000000000000000 ) ) ;
#221 = ADVANCED_FACE ( 'NONE', ( #3179 ), #1262, .F. ) ;
#222 = DIRECTION ( 'NONE',  ( 1.000000000000000000, 0.000000000000000000, 0.000000000000000000 ) ) ;
#223 = FACE_OUTER_BOUND ( 'NONE', #1372, .T. ) ;
#224 = CARTESIAN_POINT ( 'NONE',  ( -1.899999999999980593, 0.5000000000000000000, 0.9000000000000001332 ) ) ;
#225 = ORIENTED_EDGE ( 'NONE', *, *, #2756, .F. ) ;
#226 = DIRECTION ( 'NONE',  ( -1.000000000000000000, 0.000000000000000000, 0.000000000000000000 ) ) ;
#227 = EDGE_CURVE ( 'NONE', #1680, #2947, #11, .T. ) ;
#228 =( LENGTH_UNIT ( ) NAMED_UNIT ( * ) SI_UNIT ( .MILLI., .METRE. ) );
#229 = FILL_AREA_STYLE_COLOUR ( '', #958 ) ;
#230 = EDGE_CURVE ( 'NONE', #1265, #663, #1533, .T. ) ;
#231 = EDGE_LOOP ( 'NONE', ( #456, #2958, #596, #314 ) ) ;
#232 = FILL_AREA_STYLE_COLOUR ( '', #1972 ) ;
#233 = LINE ( 'NONE', #2622, #1179 ) ;
#234 = EDGE_LOOP ( 'NONE', ( #158, #1862, #13, #576 ) ) ;
#235 = DIRECTION ( 'NONE',  ( -0.1391731009600599422, 0.9902680687415710281, 0.000000000000000000 ) ) ;
#236 = CARTESIAN_POINT ( 'NONE',  ( 1.000000000000000444, 0.000000000000000000, -1.199999999999999956 ) ) ;
#237 = VECTOR ( 'NONE', #1007, 1000.000000000000000 ) ;
#238 = DIRECTION ( 'NONE',  ( 0.000000000000000000, 1.000000000000000000, 0.000000000000000000 ) ) ;
#239 = VECTOR ( 'NONE', #3091, 1000.000000000000000 ) ;
#240 = LINE ( 'NONE', #822, #646 ) ;
#241 = ORIENTED_EDGE ( 'NONE', *, *, #400, .T. ) ;
#242 = VECTOR ( 'NONE', #523, 1000.000000000000000 ) ;
#243 = CARTESIAN_POINT ( 'NONE',  ( -1.899999999999999245, 0.5000000000000000000, -1.199999999999999956 ) ) ;
#244 = VECTOR ( 'NONE', #1058, 1000.000000000000000 ) ;
#245 = CARTESIAN_POINT ( 'NONE',  ( -1.899999999999989697, 0.000000000000000000, 0.2000000000000002331 ) ) ;
#246 = ORIENTED_EDGE ( 'NONE', *, *, #2621, .F. ) ;
#247 = EDGE_CURVE ( 'NONE', #718, #1639, #2068, .T. ) ;
#248 = EDGE_CURVE ( 'NONE', #1356, #3052, #1298, .T. ) ;
#249 = CARTESIAN_POINT ( 'NONE',  ( -1.899999999999999245, 0.000000000000000000, -0.6000000000000000888 ) ) ;
#250 = AXIS2_PLACEMENT_3D ( 'NONE', #3283, #3004, #1366 ) ;
#251 = DIRECTION ( 'NONE',  ( -1.000000000000000000, 0.000000000000000000, -0.000000000000000000 ) ) ;
#252 = ORIENTED_EDGE ( 'NONE', *, *, #1133, .T. ) ;
#253 = VECTOR ( 'NONE', #2233, 1000.000000000000000 ) ;
#254 = EDGE_LOOP ( 'NONE', ( #484, #1353, #2463, #118 ) ) ;
#255 = LINE ( 'NONE', #2912, #3097 ) ;
#256 = CARTESIAN_POINT ( 'NONE',  ( 1.590000000000000746, 0.5000000000000006661, 1.300000000000000044 ) ) ;
#257 = LINE ( 'NONE', #2364, #1545 ) ;
#258 = AXIS2_PLACEMENT_3D ( 'NONE', #1732, #3330, #176 ) ;
#259 = ORIENTED_EDGE ( 'NONE', *, *, #999, .T. ) ;
#260 = DIRECTION ( 'NONE',  ( 0.000000000000000000, 0.000000000000000000, 1.000000000000000000 ) ) ;
#261 = DIRECTION ( 'NONE',  ( 0.000000000000000000, -1.000000000000000000, 0.000000000000000000 ) ) ;
#262 = VERTEX_POINT ( 'NONE', #3138 ) ;
#263 = AXIS2_PLACEMENT_3D ( 'NONE', #1801, #2882, #2089 ) ;
#264 = FACE_OUTER_BOUND ( 'NONE', #890, .T. ) ;
#265 =( NAMED_UNIT ( * ) SI_UNIT ( $, .STERADIAN. ) SOLID_ANGLE_UNIT ( ) );
#266 = ORIENTED_EDGE ( 'NONE', *, *, #574, .F. ) ;
#267 = CARTESIAN_POINT ( 'NONE',  ( -1.899999999999999245, 0.5000000000000000000, 1.299999999999999600 ) ) ;
#268 = VECTOR ( 'NONE', #1873, 1000.000000000000000 ) ;
#269 = CARTESIAN_POINT ( 'NONE',  ( -0.9999999999999993339, 0.2000000000000000111, -0.9999999999999997780 ) ) ;
#270 = MECHANICAL_DESIGN_GEOMETRIC_PRESENTATION_REPRESENTATION (  '', ( #2349 ), #1575 ) ;
#271 = ORIENTED_EDGE ( 'NONE', *, *, #2040, .T. ) ;
#272 = VERTEX_POINT ( 'NONE', #2880 ) ;
#273 = ORIENTED_EDGE ( 'NONE', *, *, #3152, .F. ) ;
#274 = CARTESIAN_POINT ( 'NONE',  ( -1.899999999999989697, 0.000000000000000000, 0.2000000000000002331 ) ) ;
#275 = ADVANCED_FACE ( 'NONE', ( #554 ), #2608, .T. ) ;
#276 = CARTESIAN_POINT ( 'NONE',  ( 1.900000000000019229, 0.2000000000000000111, 1.199999999999999956 ) ) ;
#277 = CARTESIAN_POINT ( 'NONE',  ( -1.899999999999999245, 0.2000000000000000111, -0.6000000000000000888 ) ) ;
#278 = EDGE_CURVE ( 'NONE', #1124, #626, #257, .T. ) ;
#279 = ORIENTED_EDGE ( 'NONE', *, *, #1998, .F. ) ;
#280 = CARTESIAN_POINT ( 'NONE',  ( -1.899999999999980593, 0.2000000000000000111, 1.200000000000000178 ) ) ;
#281 = DIRECTION ( 'NONE',  ( -1.000000000000000000, -0.000000000000000000, -0.000000000000000000 ) ) ;
#282 = CARTESIAN_POINT ( 'NONE',  ( -0.9999999999999897859, 0.000000000000000000, -0.2999999999999998224 ) ) ;
#283 = ORIENTED_EDGE ( 'NONE', *, *, #1676, .F. ) ;
#284 = DIRECTION ( 'NONE',  ( -0.000000000000000000, -1.000000000000000000, -0.000000000000000000 ) ) ;
#285 = LINE ( 'NONE', #1939, #3036 ) ;
#286 = ORIENTED_EDGE ( 'NONE', *, *, #3400, .T. ) ;
#287 = ORIENTED_EDGE ( 'NONE', *, *, #982, .F. ) ;
#288 = ORIENTED_EDGE ( 'NONE', *, *, #2668, .F. ) ;
#289 = DIRECTION ( 'NONE',  ( 0.000000000000000000, 0.000000000000000000, 1.000000000000000000 ) ) ;
#290 = PLANE ( 'NONE',  #603 ) ;
#291 = CARTESIAN_POINT ( 'NONE',  ( -0.9999999999999804601, 0.2000000000000000111, 0.6000000000000003109 ) ) ;
#292 = CARTESIAN_POINT ( 'NONE',  ( -1.899999999999999245, 0.5000000000000000000, 0.6000000000000000888 ) ) ;
#293 = ORIENTED_EDGE ( 'NONE', *, *, #1294, .F. ) ;
#294 = ORIENTED_EDGE ( 'NONE', *, *, #1073, .T. ) ;
#295 = DIRECTION ( 'NONE',  ( -0.000000000000000000, -0.000000000000000000, -1.000000000000000000 ) ) ;
#296 = EDGE_CURVE ( 'NONE', #947, #467, #2099, .T. ) ;
#297 = EDGE_CURVE ( 'NONE', #467, #2425, #2191, .T. ) ;
#298 = CARTESIAN_POINT ( 'NONE',  ( -1.599999999999999423, 0.1999999999999999833, -1.199999999999999956 ) ) ;
#299 = ORIENTED_EDGE ( 'NONE', *, *, #421, .F. ) ;
#300 = CIRCLE ( 'NONE', #677, 0.3000000000000000999 ) ;
#301 = PLANE ( 'NONE',  #1292 ) ;
#302 = UNCERTAINTY_MEASURE_WITH_UNIT (LENGTH_MEASURE( 1.000000000000000082E-05 ), #2601, 'distance_accuracy_value', 'NONE');
#303 = CARTESIAN_POINT ( 'NONE',  ( 1.000000000000000444, 0.2000000000000000111, -0.6000000000000000888 ) ) ;
#304 = VECTOR ( 'NONE', #4, 1000.000000000000000 ) ;
#305 = SURFACE_SIDE_STYLE ('',( #2660 ) ) ;
#306 = FACE_OUTER_BOUND ( 'NONE', #2376, .T. ) ;
#307 = ORIENTED_EDGE ( 'NONE', *, *, #1482, .T. ) ;
#308 = ORIENTED_EDGE ( 'NONE', *, *, #1421, .F. ) ;
#309 = ORIENTED_EDGE ( 'NONE', *, *, #3264, .T. ) ;
#310 = LINE ( 'NONE', #1989, #2532 ) ;
#311 = CARTESIAN_POINT ( 'NONE',  ( 1.900000000000000577, 0.5000000000000000000, 1.299999999999999600 ) ) ;
#312 = FACE_OUTER_BOUND ( 'NONE', #2047, .T. ) ;
#313 =( GEOMETRIC_REPRESENTATION_CONTEXT ( 3 ) GLOBAL_UNCERTAINTY_ASSIGNED_CONTEXT ( ( #2693 ) ) GLOBAL_UNIT_ASSIGNED_CONTEXT ( ( #725, #1807, #2582 ) ) REPRESENTATION_CONTEXT ( 'NONE', 'WORKASPACE' ) );
#314 = ORIENTED_EDGE ( 'NONE', *, *, #343, .F. ) ;
#315 = EDGE_LOOP ( 'NONE', ( #2453, #858, #2182, #2419 ) ) ;
#316 = PLANE ( 'NONE',  #2704 ) ;
#317 = VECTOR ( 'NONE', #2488, 1000.000000000000000 ) ;
#318 = ORIENTED_EDGE ( 'NONE', *, *, #3019, .T. ) ;
#319 = VECTOR ( 'NONE', #723, 1000.000000000000000 ) ;
#320 = ORIENTED_EDGE ( 'NONE', *, *, #2829, .F. ) ;
#321 =( NAMED_UNIT ( * ) SI_UNIT ( $, .STERADIAN. ) SOLID_ANGLE_UNIT ( ) );
#322 = EDGE_CURVE ( 'NONE', #2595, #1829, #3267, .T. ) ;
#323 = ORIENTED_EDGE ( 'NONE', *, *, #2734, .T. ) ;
#324 = LINE ( 'NONE', #303, #2574 ) ;
#325 = ADVANCED_FACE ( 'NONE', ( #45 ), #114, .F. ) ;
#326 = EDGE_CURVE ( 'NONE', #1596, #2149, #1116, .T. ) ;
#327 = LINE ( 'NONE', #1344, #1305 ) ;
#328 = VECTOR ( 'NONE', #591, 1000.000000000000000 ) ;
#329 = CARTESIAN_POINT ( 'NONE',  ( 0.000000000000000000, 0.2000000000000000111, 0.000000000000000000 ) ) ;
#330 = AXIS2_PLACEMENT_3D ( 'NONE', #1961, #2897, #2339 ) ;
#331 = ORIENTED_EDGE ( 'NONE', *, *, #1525, .T. ) ;
#332 = DIRECTION ( 'NONE',  ( 1.000000000000000000, 0.000000000000000000, -0.000000000000000000 ) ) ;
#333 = PRESENTATION_LAYER_ASSIGNMENT (  '', '', ( #866 ) ) ;
#334 = FACE_OUTER_BOUND ( 'NONE', #1759, .T. ) ;
#335 = DIRECTION ( 'NONE',  ( -0.000000000000000000, -1.000000000000000000, -0.000000000000000000 ) ) ;
#336 = ORIENTED_EDGE ( 'NONE', *, *, #386, .T. ) ;
#337 = ADVANCED_FACE ( 'NONE', ( #379 ), #2455, .F. ) ;
#338 = CARTESIAN_POINT ( 'NONE',  ( -1.899999999999999245, 0.5000000000000000000, -0.3000000000000000999 ) ) ;
#339 = ORIENTED_EDGE ( 'NONE', *, *, #1476, .T. ) ;
#340 = ORIENTED_EDGE ( 'NONE', *, *, #1442, .T. ) ;
#341 = CARTESIAN_POINT ( 'NONE',  ( -1.899999999999999245, 0.000000000000000000, 0.9000000000000001332 ) ) ;
#342 = CARTESIAN_POINT ( 'NONE',  ( 1.900000000000000577, 0.5000000000000000000, 0.9000000000000001332 ) ) ;
#343 = EDGE_CURVE ( 'NONE', #2365, #2379, #1101, .T. ) ;
#344 = EDGE_LOOP ( 'NONE', ( #2391, #2161, #3373, #1373 ) ) ;
#345 = CARTESIAN_POINT ( 'NONE',  ( -1.899999999999999245, 0.5000000000000000000, -0.6999999999999997335 ) ) ;
#346 = EDGE_CURVE ( 'NONE', #1370, #1036, #1350, .T. ) ;
#347 = ADVANCED_FACE ( 'NONE', ( #334 ), #869, .T. ) ;
#348 = PLANE ( 'NONE',  #3246 ) ;
#349 = DIRECTION ( 'NONE',  ( -0.1391731009600599422, 0.9902680687415710281, 0.000000000000000000 ) ) ;
#350 = CARTESIAN_POINT ( 'NONE',  ( 1.900000000000000577, 0.5000000000000000000, -1.200000000000000178 ) ) ;
#351 = DIRECTION ( 'NONE',  ( -0.000000000000000000, -1.000000000000000000, -0.000000000000000000 ) ) ;
#352 = DIRECTION ( 'NONE',  ( -0.000000000000000000, -1.000000000000000000, -0.000000000000000000 ) ) ;
#353 = ORIENTED_EDGE ( 'NONE', *, *, #3081, .F. ) ;
#354 = VERTEX_POINT ( 'NONE', #1906 ) ;
#355 = CYLINDRICAL_SURFACE ( 'NONE', #3366, 0.2000000000000002331 ) ;
#356 = EDGE_LOOP ( 'NONE', ( #1812, #2688, #703, #418 ) ) ;
#357 = CARTESIAN_POINT ( 'NONE',  ( 1.000000000000019096, 0.2000000000000000111, 0.6000000000000000888 ) ) ;
#358 = FILL_AREA_STYLE ('',( #883 ) ) ;
#359 = VECTOR ( 'NONE', #831, 1000.000000000000000 ) ;
#360 = FACE_OUTER_BOUND ( 'NONE', #2524, .T. ) ;
#361 = ADVANCED_FACE ( 'NONE', ( #567 ), #1874, .F. ) ;
#362 = LINE ( 'NONE', #58, #1860 ) ;
#363 = DIRECTION ( 'NONE',  ( -1.000000000000000000, 0.000000000000000000, 0.000000000000000000 ) ) ;
#364 = EDGE_LOOP ( 'NONE', ( #1828, #1522, #72, #3433 ) ) ;
#365 = CARTESIAN_POINT ( 'NONE',  ( -0.9999999999999897859, 0.2000000000000000111, -0.2999999999999998224 ) ) ;
#366 = EDGE_LOOP ( 'NONE', ( #3049, #2104, #514, #3117 ) ) ;
#367 = CARTESIAN_POINT ( 'NONE',  ( 1.000000000000019096, 0.2000000000000000111, 0.6000000000000000888 ) ) ;
#368 = ORIENTED_EDGE ( 'NONE', *, *, #680, .F. ) ;
#369 = VECTOR ( 'NONE', #2717, 1000.000000000000000 ) ;
#370 = EDGE_LOOP ( 'NONE', ( #2866, #722, #3385, #2794 ) ) ;
#371 = AXIS2_PLACEMENT_3D ( 'NONE', #2528, #373, #2764 ) ;
#372 = SURFACE_STYLE_FILL_AREA ( #120 ) ;
#373 = DIRECTION ( 'NONE',  ( 0.000000000000000000, 1.000000000000000000, 0.000000000000000000 ) ) ;
#374 = LINE ( 'NONE', #915, #88 ) ;
#375 = STYLED_ITEM ( 'NONE', ( #487 ), #1672 ) ;
#376 = DIRECTION ( 'NONE',  ( 0.1391731009600599145, -0.9902680687415710281, 0.000000000000000000 ) ) ;
#377 = AXIS2_PLACEMENT_3D ( 'NONE', #2705, #2444, #1153 ) ;
#378 = DIRECTION ( 'NONE',  ( 0.000000000000000000, 0.000000000000000000, 1.000000000000000000 ) ) ;
#379 = FACE_OUTER_BOUND ( 'NONE', #1909, .T. ) ;
#380 = DIRECTION ( 'NONE',  ( -2.409338161078898194E-16, 0.000000000000000000, -1.000000000000000000 ) ) ;
#381 = VECTOR ( 'NONE', #2682, 1000.000000000000000 ) ;
#382 = CARTESIAN_POINT ( 'NONE',  ( 1.900000000000000577, 0.1999999999999999833, -0.5999999999999998668 ) ) ;
#383 = VECTOR ( 'NONE', #178, 1000.000000000000000 ) ;
#384 = EDGE_LOOP ( 'NONE', ( #737, #3111, #353, #3343 ) ) ;
#385 = ADVANCED_FACE ( 'NONE', ( #606 ), #1641, .F. ) ;
#386 = EDGE_CURVE ( 'NONE', #1701, #2443, #619, .T. ) ;
#387 = LINE ( 'NONE', #611, #968 ) ;
#388 = ORIENTED_EDGE ( 'NONE', *, *, #1039, .F. ) ;
#389 = CARTESIAN_POINT ( 'NONE',  ( -0.7999999999999991562, 0.2000000000000000111, -0.7999999999999999334 ) ) ;
#390 = ORIENTED_EDGE ( 'NONE', *, *, #1581, .F. ) ;
#391 = CARTESIAN_POINT ( 'NONE',  ( -0.9999999999999804601, 0.2000000000000000111, 0.6000000000000003109 ) ) ;
#392 = LINE ( 'NONE', #1177, #195 ) ;
#393 = FACE_OUTER_BOUND ( 'NONE', #3305, .T. ) ;
#394 = FACE_OUTER_BOUND ( 'NONE', #403, .T. ) ;
#395 = CARTESIAN_POINT ( 'NONE',  ( -0.9999999999999897859, 0.2000000000000000111, -0.2999999999999998224 ) ) ;
#396 = ORIENTED_EDGE ( 'NONE', *, *, #680, .T. ) ;
#397 = DIRECTION ( 'NONE',  ( 0.000000000000000000, 0.000000000000000000, 1.000000000000000000 ) ) ;
#398 = PLANE ( 'NONE',  #1713 ) ;
#399 = ORIENTED_EDGE ( 'NONE', *, *, #227, .T. ) ;
#400 = EDGE_CURVE ( 'NONE', #2420, #2356, #2737, .T. ) ;
#401 = ADVANCED_FACE ( 'NONE', ( #1601 ), #2209, .F. ) ;
#402 = CYLINDRICAL_SURFACE ( 'NONE', #1358, 0.2999999999999996558 ) ;
#403 = EDGE_LOOP ( 'NONE', ( #2828, #3253, #1761, #3452, #2742, #2137 ) ) ;
#404 = CARTESIAN_POINT ( 'NONE',  ( -1.899999999999999245, 0.2000000000000000111, -0.6000000000000000888 ) ) ;
#405 = FACE_OUTER_BOUND ( 'NONE', #1608, .T. ) ;
#406 = DIRECTION ( 'NONE',  ( 1.000000000000000000, 0.000000000000000000, -5.421010862427517240E-16 ) ) ;
#407 = AXIS2_PLACEMENT_3D ( 'NONE', #1645, #2723, #1203 ) ;
#408 = VECTOR ( 'NONE', #458, 1000.000000000000000 ) ;
#409 = DIRECTION ( 'NONE',  ( 1.000000000000000000, 0.000000000000000000, 2.409338161078898194E-16 ) ) ;
#410 = CARTESIAN_POINT ( 'NONE',  ( 1.000000000000000444, 0.000000000000000000, -1.199999999999999956 ) ) ;
#411 = VECTOR ( 'NONE', #3403, 1000.000000000000000 ) ;
#412 = ORIENTED_EDGE ( 'NONE', *, *, #853, .F. ) ;
#413 = CARTESIAN_POINT ( 'NONE',  ( -1.899999999999999245, 0.000000000000000000, -1.199999999999999956 ) ) ;
#414 = AXIS2_PLACEMENT_3D ( 'NONE', #1291, #1847, #251 ) ;
#415 = LINE ( 'NONE', #3079, #2902 ) ;
#416 = FACE_OUTER_BOUND ( 'NONE', #315, .T. ) ;
#417 = CIRCLE ( 'NONE', #2341, 0.2999999999999996003 ) ;
#418 = ORIENTED_EDGE ( 'NONE', *, *, #1915, .T. ) ;
#419 = LINE ( 'NONE', #1984, #2414 ) ;
#420 = VECTOR ( 'NONE', #2675, 1000.000000000000000 ) ;
#421 = EDGE_CURVE ( 'NONE', #623, #1837, #2487, .T. ) ;
#422 = DIRECTION ( 'NONE',  ( 1.084202172485504040E-15, -0.000000000000000000, -1.000000000000000000 ) ) ;
#423 = AXIS2_PLACEMENT_3D ( 'NONE', #1331, #3215, #816 ) ;
#424 = LINE ( 'NONE', #1688, #2008 ) ;
#425 = EDGE_CURVE ( 'NONE', #1834, #3280, #1151, .T. ) ;
#426 = VECTOR ( 'NONE', #787, 1000.000000000000000 ) ;
#427 = EDGE_CURVE ( 'NONE', #656, #2164, #1941, .T. ) ;
#428 = PLANE ( 'NONE',  #3217 ) ;
#429 = CARTESIAN_POINT ( 'NONE',  ( 0.000000000000000000, 0.000000000000000000, 0.000000000000000000 ) ) ;
#430 = VECTOR ( 'NONE', #2288, 1000.000000000000000 ) ;
#431 = VECTOR ( 'NONE', #2979, 1000.000000000000000 ) ;
#432 = EDGE_LOOP ( 'NONE', ( #2720, #1119, #2269, #1230 ) ) ;
#433 = CARTESIAN_POINT ( 'NONE',  ( 1.900000000000000577, 0.000000000000000000, -1.199999999999999956 ) ) ;
#434 = VECTOR ( 'NONE', #2118, 1000.000000000000000 ) ;
#435 = DIRECTION ( 'NONE',  ( 0.000000000000000000, 0.000000000000000000, -1.000000000000000000 ) ) ;
#436 = EDGE_CURVE ( 'NONE', #1356, #2212, #579, .T. ) ;
#437 = CARTESIAN_POINT ( 'NONE',  ( -0.9999999999999991118, 0.2000000000000000111, -0.6000000000000000888 ) ) ;
#438 = ORIENTED_EDGE ( 'NONE', *, *, #2534, .F. ) ;
#439 = PLANE ( 'NONE',  #642 ) ;
#440 = AXIS2_PLACEMENT_3D ( 'NONE', #2550, #1720, #378 ) ;
#441 = CARTESIAN_POINT ( 'NONE',  ( 1.900000000000000577, 0.1999999999999999833, -0.2999999999999996558 ) ) ;
#442 = DIRECTION ( 'NONE',  ( -0.000000000000000000, -0.000000000000000000, -1.000000000000000000 ) ) ;
#443 = EDGE_CURVE ( 'NONE', #475, #2365, #2007, .T. ) ;
#444 = EDGE_CURVE ( 'NONE', #2412, #741, #3301, .T. ) ;
#445 = LINE ( 'NONE', #1671, #3329 ) ;
#446 = CARTESIAN_POINT ( 'NONE',  ( 1.000000000000019096, 0.2000000000000000111, 1.200000000000000178 ) ) ;
#447 = ORIENTED_EDGE ( 'NONE', *, *, #2262, .F. ) ;
#448 = CARTESIAN_POINT ( 'NONE',  ( 1.900000000000010125, 0.1999999999999999833, 0.000000000000000000 ) ) ;
#449 = EDGE_LOOP ( 'NONE', ( #3177, #3069, #1016, #336 ) ) ;
#450 = LINE ( 'NONE', #685, #1001 ) ;
#451 = CARTESIAN_POINT ( 'NONE',  ( 1.900000000000000577, 0.5000000000000000000, -0.9000000000000000222 ) ) ;
#452 = ORIENTED_EDGE ( 'NONE', *, *, #3276, .F. ) ;
#453 = CARTESIAN_POINT ( 'NONE',  ( 1.900000000000010125, 0.000000000000000000, 0.2000000000000002331 ) ) ;
#454 = LINE ( 'NONE', #2816, #963 ) ;
#455 = SURFACE_STYLE_FILL_AREA ( #2799 ) ;
#456 = ORIENTED_EDGE ( 'NONE', *, *, #443, .F. ) ;
#457 = DIRECTION ( 'NONE',  ( 1.000000000000000000, 0.000000000000000000, -2.409338161078898194E-16 ) ) ;
#458 = DIRECTION ( 'NONE',  ( -1.000000000000000000, -0.000000000000000000, -0.000000000000000000 ) ) ;
#459 = EDGE_CURVE ( 'NONE', #891, #1708, #2769, .T. ) ;
#460 = ORIENTED_EDGE ( 'NONE', *, *, #980, .F. ) ;
#461 = CARTESIAN_POINT ( 'NONE',  ( 1.470540290502972747, 1.350000000000000533, -1.300000000000000044 ) ) ;
#462 = ADVANCED_FACE ( 'NONE', ( #1200 ), #1721, .F. ) ;
#463 = PLANE ( 'NONE',  #543 ) ;
#464 = FACE_OUTER_BOUND ( 'NONE', #3203, .T. ) ;
#465 = EDGE_CURVE ( 'NONE', #3084, #1478, #3060, .T. ) ;
#466 = LINE ( 'NONE', #2577, #2424 ) ;
#467 = VERTEX_POINT ( 'NONE', #3350 ) ;
#468 = FACE_OUTER_BOUND ( 'NONE', #2051, .T. ) ;
#469 = DIRECTION ( 'NONE',  ( 0.000000000000000000, 0.000000000000000000, 1.000000000000000000 ) ) ;
#470 = EDGE_CURVE ( 'NONE', #1390, #1892, #1493, .T. ) ;
#471 = CIRCLE ( 'NONE', #1347, 0.3000000000000001554 ) ;
#472 = SURFACE_STYLE_USAGE ( .BOTH. , #2852 ) ;
#473 = DIRECTION ( 'NONE',  ( 0.000000000000000000, 0.000000000000000000, 1.000000000000000000 ) ) ;
#474 = VECTOR ( 'NONE', #668, 1000.000000000000000 ) ;
#475 = VERTEX_POINT ( 'NONE', #129 ) ;
#476 = FACE_OUTER_BOUND ( 'NONE', #2037, .T. ) ;
#477 = CARTESIAN_POINT ( 'NONE',  ( -0.9999999999999804601, 0.2000000000000000111, 1.199999999999999956 ) ) ;
#478 = LINE ( 'NONE', #2592, #3184 ) ;
#479 = EDGE_CURVE ( 'NONE', #3446, #1537, #2822, .T. ) ;
#480 = DIRECTION ( 'NONE',  ( 0.000000000000000000, 0.000000000000000000, -1.000000000000000000 ) ) ;
#481 = ADVANCED_FACE ( 'NONE', ( #3075 ), #700, .F. ) ;
#482 = ORIENTED_EDGE ( 'NONE', *, *, #400, .F. ) ;
#483 = FACE_OUTER_BOUND ( 'NONE', #449, .T. ) ;
#484 = ORIENTED_EDGE ( 'NONE', *, *, #984, .F. ) ;
#485 = VECTOR ( 'NONE', #3338, 1000.000000000000000 ) ;
#486 = DIRECTION ( 'NONE',  ( 0.000000000000000000, 1.000000000000000000, 0.000000000000000000 ) ) ;
#487 = PRESENTATION_STYLE_ASSIGNMENT (( #2890 ) ) ;
#488 = VECTOR ( 'NONE', #1224, 1000.000000000000000 ) ;
#489 = DIRECTION ( 'NONE',  ( 0.000000000000000000, 0.000000000000000000, -1.000000000000000000 ) ) ;
#490 = EDGE_LOOP ( 'NONE', ( #399, #2776, #2313, #1078 ) ) ;
#491 = CARTESIAN_POINT ( 'NONE',  ( 1.000000000000019096, 0.000000000000000000, 0.6000000000000000888 ) ) ;
#492 = CARTESIAN_POINT ( 'NONE',  ( -1.899999999999999245, 0.000000000000000000, -0.6000000000000000888 ) ) ;
#493 = ORIENTED_EDGE ( 'NONE', *, *, #2045, .F. ) ;
#494 = CARTESIAN_POINT ( 'NONE',  ( -0.9999999999999804601, 0.000000000000000000, 1.199999999999999956 ) ) ;
#495 = CARTESIAN_POINT ( 'NONE',  ( 1.000000000000019096, 0.000000000000000000, 0.6000000000000000888 ) ) ;
#496 = CARTESIAN_POINT ( 'NONE',  ( 1.000000000000000444, 0.000000000000000000, -1.199999999999999956 ) ) ;
#497 = DIRECTION ( 'NONE',  ( 0.000000000000000000, -0.000000000000000000, 1.000000000000000000 ) ) ;
#498 = PLANE ( 'NONE',  #1403 ) ;
#499 = ORIENTED_EDGE ( 'NONE', *, *, #1424, .F. ) ;
#500 = CARTESIAN_POINT ( 'NONE',  ( 1.000000000000000444, 0.000000000000000000, -0.6000000000000000888 ) ) ;
#501 = ORIENTED_EDGE ( 'NONE', *, *, #3119, .F. ) ;
#502 = EDGE_CURVE ( 'NONE', #2035, #845, #1957, .T. ) ;
#503 = CARTESIAN_POINT ( 'NONE',  ( 1.900000000000019229, 0.000000000000000000, 0.6999999999999998446 ) ) ;
#504 = LINE ( 'NONE', #2110, #2286 ) ;
#505 = FACE_OUTER_BOUND ( 'NONE', #3175, .T. ) ;
#506 = PLANE ( 'NONE',  #2968 ) ;
#507 = ORIENTED_EDGE ( 'NONE', *, *, #346, .T. ) ;
#508 = PLANE ( 'NONE',  #1515 ) ;
#509 = CARTESIAN_POINT ( 'NONE',  ( -1.590000000000000746, 0.5000000000000002220, -1.300000000000000044 ) ) ;
#510 = CLOSED_SHELL ( 'NONE', ( #1071, #931, #1776, #1341, #1932, #3210, #519, #2884, #18, #3166 ) ) ;
#511 = CARTESIAN_POINT ( 'NONE',  ( -1.899999999999999245, 0.000000000000000000, -1.200000000000000178 ) ) ;
#512 = DIRECTION ( 'NONE',  ( 0.000000000000000000, 0.000000000000000000, -1.000000000000000000 ) ) ;
#513 = EDGE_LOOP ( 'NONE', ( #2813, #815, #5, #3159 ) ) ;
#514 = ORIENTED_EDGE ( 'NONE', *, *, #729, .T. ) ;
#515 = FILL_AREA_STYLE_COLOUR ( '', #1458 ) ;
#516 = ORIENTED_EDGE ( 'NONE', *, *, #2575, .F. ) ;
#517 = CARTESIAN_POINT ( 'NONE',  ( 1.900000000000019229, 0.5000000000000000000, 0.9000000000000001332 ) ) ;
#518 = ORIENTED_EDGE ( 'NONE', *, *, #2220, .F. ) ;
#519 = ADVANCED_FACE ( 'NONE', ( #394 ), #1755, .F. ) ;
#520 = DIRECTION ( 'NONE',  ( -1.000000000000000000, 0.000000000000000000, 5.421010862427517240E-16 ) ) ;
#521 = ADVANCED_FACE ( 'NONE', ( #667 ), #1225, .T. ) ;
#522 = VECTOR ( 'NONE', #3039, 1000.000000000000000 ) ;
#523 = DIRECTION ( 'NONE',  ( -0.000000000000000000, -0.000000000000000000, -1.000000000000000000 ) ) ;
#524 = EDGE_CURVE ( 'NONE', #1386, #1089, #967, .T. ) ;
#525 = EDGE_LOOP ( 'NONE', ( #2116, #25, #308, #1520 ) ) ;
#526 = AXIS2_PLACEMENT_3D ( 'NONE', #3025, #1692, #2969 ) ;
#527 = VERTEX_POINT ( 'NONE', #2257 ) ;
#528 = DIRECTION ( 'NONE',  ( -0.000000000000000000, 1.000000000000000000, -0.000000000000000000 ) ) ;
#529 = FACE_OUTER_BOUND ( 'NONE', #965, .T. ) ;
#530 = CARTESIAN_POINT ( 'NONE',  ( 1.000000000000019096, 0.2000000000000000111, 1.200000000000000178 ) ) ;
#531 = AXIS2_PLACEMENT_3D ( 'NONE', #1702, #1256, #948 ) ;
#532 = ORIENTED_EDGE ( 'NONE', *, *, #322, .F. ) ;
#533 = VECTOR ( 'NONE', #3425, 1000.000000000000000 ) ;
#534 = DIRECTION ( 'NONE',  ( 1.000000000000000000, 0.000000000000000000, -2.409338161078898194E-16 ) ) ;
#535 = DIRECTION ( 'NONE',  ( -1.000000000000000000, 0.000000000000000000, 0.000000000000000000 ) ) ;
#536 = VERTEX_POINT ( 'NONE', #1467 ) ;
#537 = COLOUR_RGB ( '',1.000000000000000000, 0.8117647058823529438, 0.5019607843137254832 ) ;
#538 = ORIENTED_EDGE ( 'NONE', *, *, #2256, .F. ) ;
#539 = VECTOR ( 'NONE', #2653, 1000.000000000000000 ) ;
#540 = PLANE ( 'NONE',  #3430 ) ;
#541 = ORIENTED_EDGE ( 'NONE', *, *, #2170, .T. ) ;
#542 = CARTESIAN_POINT ( 'NONE',  ( -1.899999999999989697, 0.000000000000000000, -0.3000000000000000444 ) ) ;
#543 = AXIS2_PLACEMENT_3D ( 'NONE', #3137, #1261, #2322 ) ;
#544 = PRESENTATION_LAYER_ASSIGNMENT (  '', '', ( #214 ) ) ;
#545 = DIRECTION ( 'NONE',  ( 0.000000000000000000, 1.000000000000000000, 0.000000000000000000 ) ) ;
#546 = LINE ( 'NONE', #1511, #3127 ) ;
#547 = ORIENTED_EDGE ( 'NONE', *, *, #1156, .T. ) ;
#548 = ORIENTED_EDGE ( 'NONE', *, *, #2999, .T. ) ;
#549 = EDGE_CURVE ( 'NONE', #2384, #701, #1691, .T. ) ;
#550 = ORIENTED_EDGE ( 'NONE', *, *, #982, .T. ) ;
#551 = ORIENTED_EDGE ( 'NONE', *, *, #1630, .T. ) ;
#552 = DIRECTION ( 'NONE',  ( -1.000000000000000000, 0.000000000000000000, 2.409338161078898194E-16 ) ) ;
#553 = DIRECTION ( 'NONE',  ( 0.000000000000000000, 1.000000000000000000, 0.000000000000000000 ) ) ;
#554 = FACE_OUTER_BOUND ( 'NONE', #3198, .T. ) ;
#555 = CARTESIAN_POINT ( 'NONE',  ( -1.899999999999980593, -0.8485281374238573537, 0.9000000000000001332 ) ) ;
#556 = DIRECTION ( 'NONE',  ( 1.000000000000000000, -0.000000000000000000, -0.000000000000000000 ) ) ;
#557 = ORIENTED_EDGE ( 'NONE', *, *, #2389, .T. ) ;
#558 = LINE ( 'NONE', #2107, #2983 ) ;
#559 = VERTEX_POINT ( 'NONE', #2836 ) ;
#560 = CARTESIAN_POINT ( 'NONE',  ( -1.590000000000000746, 0.5000000000000002220, -1.300000000000000044 ) ) ;
#561 = LINE ( 'NONE', #1378, #2691 ) ;
#562 = ORIENTED_EDGE ( 'NONE', *, *, #3106, .F. ) ;
#563 = ORIENTED_EDGE ( 'NONE', *, *, #3164, .T. ) ;
#564 = DIRECTION ( 'NONE',  ( 0.000000000000000000, -1.000000000000000000, 0.000000000000000000 ) ) ;
#565 = EDGE_CURVE ( 'NONE', #2133, #2199, #3334, .T. ) ;
#566 = FACE_OUTER_BOUND ( 'NONE', #1223, .T. ) ;
#567 = FACE_OUTER_BOUND ( 'NONE', #2345, .T. ) ;
#568 = EDGE_CURVE ( 'NONE', #2199, #536, #2285, .T. ) ;
#569 = DIRECTION ( 'NONE',  ( 0.000000000000000000, -0.000000000000000000, 1.000000000000000000 ) ) ;
#570 = ORIENTED_EDGE ( 'NONE', *, *, #3167, .T. ) ;
#571 = EDGE_CURVE ( 'NONE', #3417, #559, #715, .T. ) ;
#572 = LINE ( 'NONE', #3249, #328 ) ;
#573 = DIRECTION ( 'NONE',  ( 0.000000000000000000, -0.000000000000000000, 1.000000000000000000 ) ) ;
#574 = EDGE_CURVE ( 'NONE', #2727, #140, #2238, .T. ) ;
#575 = VECTOR ( 'NONE', #2119, 1000.000000000000000 ) ;
#576 = ORIENTED_EDGE ( 'NONE', *, *, #2042, .T. ) ;
#577 = VERTEX_POINT ( 'NONE', #492 ) ;
#578 = EDGE_CURVE ( 'NONE', #475, #1985, #2375, .T. ) ;
#579 = CIRCLE ( 'NONE', #1889, 0.3000000000000000444 ) ;
#580 = UNCERTAINTY_MEASURE_WITH_UNIT (LENGTH_MEASURE( 1.000000000000000082E-05 ), #228, 'distance_accuracy_value', 'NONE');
#581 = LINE ( 'NONE', #1362, #1901 ) ;
#582 = DIRECTION ( 'NONE',  ( -0.000000000000000000, 1.000000000000000000, -0.000000000000000000 ) ) ;
#583 = DIRECTION ( 'NONE',  ( -0.000000000000000000, -0.000000000000000000, -1.000000000000000000 ) ) ;
#584 = EDGE_CURVE ( 'NONE', #215, #2530, #759, .T. ) ;
#585 = ORIENTED_EDGE ( 'NONE', *, *, #1643, .F. ) ;
#586 = VECTOR ( 'NONE', #3263, 1000.000000000000000 ) ;
#587 = CARTESIAN_POINT ( 'NONE',  ( 1.900000000000019229, 0.5000000000000000000, 0.9000000000000001332 ) ) ;
#588 = DIRECTION ( 'NONE',  ( -0.000000000000000000, -0.000000000000000000, 1.000000000000000000 ) ) ;
#589 = CARTESIAN_POINT ( 'NONE',  ( -0.9999999999999993339, 0.2000000000000000111, -0.9999999999999997780 ) ) ;
#590 = VECTOR ( 'NONE', #2001, 1000.000000000000000 ) ;
#591 = DIRECTION ( 'NONE',  ( 0.000000000000000000, -1.000000000000000000, 0.000000000000000000 ) ) ;
#592 = ORIENTED_EDGE ( 'NONE', *, *, #1364, .T. ) ;
#593 = EDGE_CURVE ( 'NONE', #1035, #262, #774, .T. ) ;
#594 = EDGE_LOOP ( 'NONE', ( #1044, #2359, #104, #2571 ) ) ;
#595 = VECTOR ( 'NONE', #1589, 1000.000000000000000 ) ;
#596 = ORIENTED_EDGE ( 'NONE', *, *, #1030, .F. ) ;
#597 = EDGE_CURVE ( 'NONE', #3446, #1829, #2604, .T. ) ;
#598 = DIRECTION ( 'NONE',  ( 0.000000000000000000, 1.000000000000000000, 0.000000000000000000 ) ) ;
#599 = ORIENTED_EDGE ( 'NONE', *, *, #2672, .T. ) ;
#600 = LINE ( 'NONE', #3227, #2978 ) ;
#601 = VECTOR ( 'NONE', #2405, 1000.000000000000000 ) ;
#602 = LINE ( 'NONE', #1868, #369 ) ;
#603 = AXIS2_PLACEMENT_3D ( 'NONE', #1332, #2401, #27 ) ;
#604 = LINE ( 'NONE', #2966, #3381 ) ;
#605 =( GEOMETRIC_REPRESENTATION_CONTEXT ( 3 ) GLOBAL_UNCERTAINTY_ASSIGNED_CONTEXT ( ( #1592 ) ) GLOBAL_UNIT_ASSIGNED_CONTEXT ( ( #2944, #1377, #2111 ) ) REPRESENTATION_CONTEXT ( 'NONE', 'WORKASPACE' ) );
#606 = FACE_OUTER_BOUND ( 'NONE', #3418, .T. ) ;
#607 = LINE ( 'NONE', #2174, #317 ) ;
#608 = CARTESIAN_POINT ( 'NONE',  ( 1.000000000000009992, -0.000000000000000000, -0.3000000000000000444 ) ) ;
#609 = ORIENTED_EDGE ( 'NONE', *, *, #615, .T. ) ;
#610 = ORIENTED_EDGE ( 'NONE', *, *, #212, .F. ) ;
#611 = CARTESIAN_POINT ( 'NONE',  ( 1.470540290502972747, 1.350000000000000533, 1.300000000000000044 ) ) ;
#612 = ORIENTED_EDGE ( 'NONE', *, *, #78, .T. ) ;
#613 = EDGE_CURVE ( 'NONE', #871, #2657, #233, .T. ) ;
#614 = DIRECTION ( 'NONE',  ( 0.000000000000000000, 0.000000000000000000, 1.000000000000000000 ) ) ;
#615 = EDGE_CURVE ( 'NONE', #2530, #2203, #1259, .T. ) ;
#616 = SURFACE_SIDE_STYLE ('',( #2698 ) ) ;
#617 = DIRECTION ( 'NONE',  ( -0.000000000000000000, -1.000000000000000000, -0.000000000000000000 ) ) ;
#618 = DIRECTION ( 'NONE',  ( 0.000000000000000000, -0.000000000000000000, 1.000000000000000000 ) ) ;
#619 = LINE ( 'NONE', #1657, #2563 ) ;
#620 = LINE ( 'NONE', #2739, #1401 ) ;
#621 = ORIENTED_EDGE ( 'NONE', *, *, #1539, .T. ) ;
#622 = LINE ( 'NONE', #3353, #2929 ) ;
#623 = VERTEX_POINT ( 'NONE', #2927 ) ;
#624 = ORIENTED_EDGE ( 'NONE', *, *, #898, .T. ) ;
#625 = CARTESIAN_POINT ( 'NONE',  ( -0.9999999999999991118, 0.000000000000000000, -1.199999999999999956 ) ) ;
#626 = VERTEX_POINT ( 'NONE', #2892 ) ;
#627 = VECTOR ( 'NONE', #3095, 1000.000000000000000 ) ;
#628 = EDGE_LOOP ( 'NONE', ( #1144, #1214, #585, #1114, #2508, #133 ) ) ;
#629 = CARTESIAN_POINT ( 'NONE',  ( 1.900000000000000577, 0.5000000000000000000, -1.200000000000000178 ) ) ;
#630 = DIRECTION ( 'NONE',  ( 0.000000000000000000, 0.000000000000000000, 1.000000000000000000 ) ) ;
#631 = CARTESIAN_POINT ( 'NONE',  ( -1.899999999999980593, 0.000000000000000000, 1.100000000000000311 ) ) ;
#632 = EDGE_CURVE ( 'NONE', #3052, #1059, #3387, .T. ) ;
#633 = EDGE_LOOP ( 'NONE', ( #482, #3221, #1080, #452, #2730 ) ) ;
#634 = CARTESIAN_POINT ( 'NONE',  ( -1.899999999999999245, 0.5000000000000000000, 1.299999999999999600 ) ) ;
#635 = DIRECTION ( 'NONE',  ( 0.000000000000000000, 1.000000000000000000, 0.000000000000000000 ) ) ;
#636 = EDGE_CURVE ( 'NONE', #3394, #888, #546, .T. ) ;
#637 = DIRECTION ( 'NONE',  ( 1.000000000000000000, 0.000000000000000000, -0.000000000000000000 ) ) ;
#638 = FACE_OUTER_BOUND ( 'NONE', #216, .T. ) ;
#639 = VERTEX_POINT ( 'NONE', #1578 ) ;
#640 = PRESENTATION_LAYER_ASSIGNMENT (  '', '', ( #1955 ) ) ;
#641 = ORIENTED_EDGE ( 'NONE', *, *, #921, .T. ) ;
#642 = AXIS2_PLACEMENT_3D ( 'NONE', #108, #1457, #2743 ) ;
#643 = PLANE ( 'NONE',  #1911 ) ;
#644 = ORIENTED_EDGE ( 'NONE', *, *, #2552, .T. ) ;
#645 = CARTESIAN_POINT ( 'NONE',  ( 1.000000000000009992, 0.2000000000000000111, 0.3000000000000000444 ) ) ;
#646 = VECTOR ( 'NONE', #261, 1000.000000000000000 ) ;
#647 = DIRECTION ( 'NONE',  ( -0.000000000000000000, -1.000000000000000000, -0.000000000000000000 ) ) ;
#648 = CARTESIAN_POINT ( 'NONE',  ( 1.900000000000000577, 0.000000000000000000, -1.300000000000000266 ) ) ;
#649 = VECTOR ( 'NONE', #3098, 1000.000000000000000 ) ;
#650 = CARTESIAN_POINT ( 'NONE',  ( -0.9999999999999897859, 0.2000000000000000111, -0.2999999999999998224 ) ) ;
#651 = DIRECTION ( 'NONE',  ( 0.000000000000000000, 0.000000000000000000, -1.000000000000000000 ) ) ;
#652 = DIRECTION ( 'NONE',  ( 0.000000000000000000, -1.000000000000000000, 0.000000000000000000 ) ) ;
#653 = EDGE_CURVE ( 'NONE', #2230, #173, #1769, .T. ) ;
#654 = AXIS2_PLACEMENT_3D ( 'NONE', #1046, #220, #2098 ) ;
#655 = ADVANCED_FACE ( 'NONE', ( #986 ), #2335, .T. ) ;
#656 = VERTEX_POINT ( 'NONE', #2640 ) ;
#657 = DIRECTION ( 'NONE',  ( 1.000000000000000000, 0.000000000000000000, 2.409338161078898194E-16 ) ) ;
#658 = CARTESIAN_POINT ( 'NONE',  ( 1.000000000000000444, 0.2000000000000000111, -0.6000000000000000888 ) ) ;
#659 = DIRECTION ( 'NONE',  ( 0.000000000000000000, 0.000000000000000000, -1.000000000000000000 ) ) ;
#660 = PRODUCT_DEFINITION_CONTEXT ( 'detailed design', #2831, 'design' ) ;
#661 = EDGE_LOOP ( 'NONE', ( #1219, #2930, #878, #2662 ) ) ;
#662 = LINE ( 'NONE', #3310, #3139 ) ;
#663 = VERTEX_POINT ( 'NONE', #1245 ) ;
#664 = LINE ( 'NONE', #2055, #3369 ) ;
#665 = DIRECTION ( 'NONE',  ( 0.000000000000000000, 1.000000000000000000, 0.000000000000000000 ) ) ;
#666 = DIRECTION ( 'NONE',  ( 0.000000000000000000, -1.000000000000000000, 0.000000000000000000 ) ) ;
#667 = FACE_OUTER_BOUND ( 'NONE', #2469, .T. ) ;
#668 = DIRECTION ( 'NONE',  ( 1.000000000000000000, 0.000000000000000000, -2.409338161078898194E-16 ) ) ;
#669 = DIRECTION ( 'NONE',  ( -2.409338161078898194E-16, 0.000000000000000000, 1.000000000000000000 ) ) ;
#670 = CARTESIAN_POINT ( 'NONE',  ( 0.000000000000000000, 0.000000000000000000, -1.300000000000000044 ) ) ;
#671 = LINE ( 'NONE', #2265, #1246 ) ;
#672 = ORIENTED_EDGE ( 'NONE', *, *, #3404, .F. ) ;
#673 = CARTESIAN_POINT ( 'NONE',  ( 1.900000000000019229, 0.000000000000000000, 1.100000000000000311 ) ) ;
#674 = ADVANCED_FACE ( 'NONE', ( #3421 ), #217, .F. ) ;
#675 = LINE ( 'NONE', #441, #32 ) ;
#676 = DIRECTION ( 'NONE',  ( 0.000000000000000000, 0.000000000000000000, 1.000000000000000000 ) ) ;
#677 = AXIS2_PLACEMENT_3D ( 'NONE', #800, #1833, #3123 ) ;
#678 = VECTOR ( 'NONE', #1481, 1000.000000000000000 ) ;
#679 = DIRECTION ( 'NONE',  ( -1.000000000000000000, 0.000000000000000000, 0.000000000000000000 ) ) ;
#680 = EDGE_CURVE ( 'NONE', #1124, #1722, #1041, .T. ) ;
#681 = DIRECTION ( 'NONE',  ( 0.000000000000000000, 0.000000000000000000, 1.000000000000000000 ) ) ;
#682 = EDGE_LOOP ( 'NONE', ( #1287, #1792, #2759, #2843 ) ) ;
#683 = DIRECTION ( 'NONE',  ( 0.000000000000000000, 0.000000000000000000, 1.000000000000000000 ) ) ;
#684 = VERTEX_POINT ( 'NONE', #1562 ) ;
#685 = CARTESIAN_POINT ( 'NONE',  ( 1.900000000000000577, 0.5000000000000000000, 1.299999999999999600 ) ) ;
#686 = EDGE_LOOP ( 'NONE', ( #1234, #550, #1823, #2296, #24 ) ) ;
#687 = DIRECTION ( 'NONE',  ( 0.000000000000000000, 0.000000000000000000, 1.000000000000000000 ) ) ;
#688 = ADVANCED_FACE ( 'NONE', ( #3132 ), #506, .F. ) ;
#689 = VECTOR ( 'NONE', #1595, 1000.000000000000000 ) ;
#690 = ORIENTED_EDGE ( 'NONE', *, *, #1915, .F. ) ;
#691 = DIRECTION ( 'NONE',  ( 0.000000000000000000, 0.000000000000000000, 1.000000000000000000 ) ) ;
#692 = EDGE_CURVE ( 'NONE', #1834, #1494, #738, .T. ) ;
#693 = ADVANCED_FACE ( 'NONE', ( #794 ), #2093, .F. ) ;
#694 = VECTOR ( 'NONE', #992, 1000.000000000000000 ) ;
#695 = PLANE ( 'NONE',  #258 ) ;
#696 = VECTOR ( 'NONE', #3181, 1000.000000000000000 ) ;
#697 = DIRECTION ( 'NONE',  ( 0.000000000000000000, 0.000000000000000000, 1.000000000000000000 ) ) ;
#698 = ORIENTED_EDGE ( 'NONE', *, *, #1316, .T. ) ;
#699 = DIRECTION ( 'NONE',  ( -0.000000000000000000, -0.000000000000000000, -1.000000000000000000 ) ) ;
#700 = PLANE ( 'NONE',  #2176 ) ;
#701 = VERTEX_POINT ( 'NONE', #1790 ) ;
#702 = CARTESIAN_POINT ( 'NONE',  ( -1.899999999999999245, 0.000000000000000000, -1.199999999999999956 ) ) ;
#703 = ORIENTED_EDGE ( 'NONE', *, *, #3404, .T. ) ;
#704 = VECTOR ( 'NONE', #2840, 1000.000000000000000 ) ;
#705 = FACE_OUTER_BOUND ( 'NONE', #2635, .T. ) ;
#706 = CARTESIAN_POINT ( 'NONE',  ( -0.9999999999999991118, 0.2000000000000000111, -1.199999999999999956 ) ) ;
#707 = ORIENTED_EDGE ( 'NONE', *, *, #3315, .T. ) ;
#708 = DIRECTION ( 'NONE',  ( -1.000000000000000000, 0.000000000000000000, 0.000000000000000000 ) ) ;
#709 = DIRECTION ( 'NONE',  ( -0.000000000000000000, -0.000000000000000000, -1.000000000000000000 ) ) ;
#710 = EDGE_CURVE ( 'NONE', #3084, #701, #1446, .T. ) ;
#711 = FILL_AREA_STYLE ('',( #229 ) ) ;
#712 = VERTEX_POINT ( 'NONE', #92 ) ;
#713 = DIRECTION ( 'NONE',  ( 1.000000000000000000, 1.363776317591828850E-16, -0.000000000000000000 ) ) ;
#714 = ADVANCED_FACE ( 'NONE', ( #360 ), #348, .T. ) ;
#715 = LINE ( 'NONE', #2539, #2908 ) ;
#716 = DIRECTION ( 'NONE',  ( -0.000000000000000000, 0.000000000000000000, 1.000000000000000000 ) ) ;
#717 = CYLINDRICAL_SURFACE ( 'NONE', #1599, 0.2000000000000002054 ) ;
#718 = VERTEX_POINT ( 'NONE', #631 ) ;
#719 = DIRECTION ( 'NONE',  ( 0.000000000000000000, 0.000000000000000000, 1.000000000000000000 ) ) ;
#720 = ORIENTED_EDGE ( 'NONE', *, *, #1172, .T. ) ;
#721 = DIRECTION ( 'NONE',  ( 0.000000000000000000, 0.000000000000000000, 1.000000000000000000 ) ) ;
#722 = ORIENTED_EDGE ( 'NONE', *, *, #791, .F. ) ;
#723 = DIRECTION ( 'NONE',  ( 0.000000000000000000, 0.000000000000000000, 1.000000000000000000 ) ) ;
#724 = SURFACE_STYLE_FILL_AREA ( #194 ) ;
#725 =( LENGTH_UNIT ( ) NAMED_UNIT ( * ) SI_UNIT ( .MILLI., .METRE. ) );
#726 = CARTESIAN_POINT ( 'NONE',  ( 1.000000000000019096, 0.2000000000000000111, 1.200000000000000178 ) ) ;
#727 = EDGE_CURVE ( 'NONE', #2994, #807, #1883, .T. ) ;
#728 = CARTESIAN_POINT ( 'NONE',  ( 1.900000000000000577, 0.1999999999999999833, 1.199999999999999734 ) ) ;
#729 = EDGE_CURVE ( 'NONE', #2374, #354, #1638, .T. ) ;
#730 = CARTESIAN_POINT ( 'NONE',  ( 1.900000000000019229, -0.8485281374238573537, 0.9000000000000001332 ) ) ;
#731 = PLANE ( 'NONE',  #1412 ) ;
#732 = CARTESIAN_POINT ( 'NONE',  ( 1.900000000000010125, 0.000000000000000000, 0.2999999999999998224 ) ) ;
#733 = PLANE ( 'NONE',  #2926 ) ;
#734 = ORIENTED_EDGE ( 'NONE', *, *, #935, .F. ) ;
#735 = FACE_OUTER_BOUND ( 'NONE', #3134, .T. ) ;
#736 = DIRECTION ( 'NONE',  ( 0.000000000000000000, 0.000000000000000000, -1.000000000000000000 ) ) ;
#737 = ORIENTED_EDGE ( 'NONE', *, *, #2474, .T. ) ;
#738 = LINE ( 'NONE', #1312, #244 ) ;
#739 = CIRCLE ( 'NONE', #423, 0.2000000000000002331 ) ;
#740 = ORIENTED_EDGE ( 'NONE', *, *, #2494, .T. ) ;
#741 = VERTEX_POINT ( 'NONE', #2661 ) ;
#742 = DIRECTION ( 'NONE',  ( 0.000000000000000000, 0.000000000000000000, 1.000000000000000000 ) ) ;
#743 = CARTESIAN_POINT ( 'NONE',  ( -1.899999999999980593, 0.000000000000000000, 1.100000000000000311 ) ) ;
#744 = EDGE_CURVE ( 'NONE', #2885, #184, #1902, .T. ) ;
#745 = DIRECTION ( 'NONE',  ( 0.000000000000000000, 0.000000000000000000, 1.000000000000000000 ) ) ;
#746 = EDGE_CURVE ( 'NONE', #3009, #2356, #561, .T. ) ;
#747 = ORIENTED_EDGE ( 'NONE', *, *, #1485, .F. ) ;
#748 = CARTESIAN_POINT ( 'NONE',  ( -1.899999999999999245, 0.2000000000000000111, -1.199999999999999956 ) ) ;
#749 = AXIS2_PLACEMENT_3D ( 'NONE', #3165, #1835, #1588 ) ;
#750 = CARTESIAN_POINT ( 'NONE',  ( -1.899999999999999245, 0.5000000000000000000, -0.6000000000000000888 ) ) ;
#751 = ORIENTED_EDGE ( 'NONE', *, *, #653, .T. ) ;
#752 = DIRECTION ( 'NONE',  ( 0.000000000000000000, 0.000000000000000000, 1.000000000000000000 ) ) ;
#753 = VECTOR ( 'NONE', #1924, 1000.000000000000227 ) ;
#754 = CARTESIAN_POINT ( 'NONE',  ( -1.899999999999999245, 0.5000000000000000000, 0.000000000000000000 ) ) ;
#755 = VECTOR ( 'NONE', #812, 1000.000000000000000 ) ;
#756 = CARTESIAN_POINT ( 'NONE',  ( 1.900000000000000577, 0.1999999999999999833, 0.6000000000000005329 ) ) ;
#757 = ORIENTED_EDGE ( 'NONE', *, *, #2106, .T. ) ;
#758 = PRESENTATION_STYLE_ASSIGNMENT (( #472 ) ) ;
#759 = LINE ( 'NONE', #1527, #242 ) ;
#760 = ORIENTED_EDGE ( 'NONE', *, *, #1773, .T. ) ;
#761 = ORIENTED_EDGE ( 'NONE', *, *, #653, .F. ) ;
#762 = CARTESIAN_POINT ( 'NONE',  ( 1.900000000000000577, 0.2000000000000000111, -1.199999999999999956 ) ) ;
#763 = FACE_OUTER_BOUND ( 'NONE', #356, .T. ) ;
#764 = DIRECTION ( 'NONE',  ( -0.000000000000000000, -0.000000000000000000, 1.000000000000000000 ) ) ;
#765 = DIRECTION ( 'NONE',  ( -0.000000000000000000, 1.000000000000000000, -0.000000000000000000 ) ) ;
#766 = CARTESIAN_POINT ( 'NONE',  ( -1.599999999999999423, 0.5000000000000000000, -0.6000000000000000888 ) ) ;
#767 = ADVANCED_FACE ( 'NONE', ( #70 ), #2450, .T. ) ;
#768 = ORIENTED_EDGE ( 'NONE', *, *, #36, .F. ) ;
#769 = EDGE_LOOP ( 'NONE', ( #1772, #1818, #2196, #1299 ) ) ;
#770 = EDGE_CURVE ( 'NONE', #2946, #2911, #865, .T. ) ;
#771 = EDGE_CURVE ( 'NONE', #2669, #2641, #285, .T. ) ;
#772 = DIRECTION ( 'NONE',  ( 1.000000000000000000, 0.000000000000000000, -2.409338161078898194E-16 ) ) ;
#773 = DIRECTION ( 'NONE',  ( -1.000000000000000000, -0.000000000000000000, -2.409338161078898194E-16 ) ) ;
#774 = LINE ( 'NONE', #2587, #1771 ) ;
#775 = ORIENTED_EDGE ( 'NONE', *, *, #185, .T. ) ;
#776 = VERTEX_POINT ( 'NONE', #1394 ) ;
#777 = ORIENTED_EDGE ( 'NONE', *, *, #1634, .F. ) ;
#778 = DIRECTION ( 'NONE',  ( 0.000000000000000000, 0.000000000000000000, 1.000000000000000000 ) ) ;
#779 = FACE_OUTER_BOUND ( 'NONE', #1379, .T. ) ;
#780 = FACE_OUTER_BOUND ( 'NONE', #490, .T. ) ;
#781 = CLOSED_SHELL ( 'NONE', ( #1519, #221, #1532, #1625, #2333, #714, #1328, #2619, #2578, #1174 ) ) ;
#782 = CARTESIAN_POINT ( 'NONE',  ( 1.900000000000019229, 0.2000000000000000944, 0.6000000000000004219 ) ) ;
#783 = AXIS2_PLACEMENT_3D ( 'NONE', #2719, #363, #1368 ) ;
#784 = LINE ( 'NONE', #1878, #696 ) ;
#785 = ORIENTED_EDGE ( 'NONE', *, *, #212, .T. ) ;
#786 = ORIENTED_EDGE ( 'NONE', *, *, #2215, .T. ) ;
#787 = DIRECTION ( 'NONE',  ( -0.000000000000000000, -0.000000000000000000, -1.000000000000000000 ) ) ;
#788 = ORIENTED_EDGE ( 'NONE', *, *, #73, .F. ) ;
#789 = EDGE_CURVE ( 'NONE', #1494, #2149, #2396, .T. ) ;
#790 = DIRECTION ( 'NONE',  ( -0.000000000000000000, 1.000000000000000000, -0.000000000000000000 ) ) ;
#791 = EDGE_CURVE ( 'NONE', #354, #2641, #1923, .T. ) ;
#792 = FACE_OUTER_BOUND ( 'NONE', #2904, .T. ) ;
#793 = VECTOR ( 'NONE', #861, 1000.000000000000000 ) ;
#794 = FACE_OUTER_BOUND ( 'NONE', #3341, .T. ) ;
#795 = ORIENTED_EDGE ( 'NONE', *, *, #3067, .F. ) ;
#796 = VECTOR ( 'NONE', #3413, 1000.000000000000000 ) ;
#797 = ORIENTED_EDGE ( 'NONE', *, *, #3380, .T. ) ;
#798 = DIRECTION ( 'NONE',  ( 0.000000000000000000, 0.000000000000000000, 1.000000000000000000 ) ) ;
#799 = LINE ( 'NONE', #74, #753 ) ;
#800 = CARTESIAN_POINT ( 'NONE',  ( -1.899999999999989697, 0.5000000000000000000, 0.000000000000000000 ) ) ;
#801 = VECTOR ( 'NONE', #3061, 1000.000000000000000 ) ;
#802 = EDGE_LOOP ( 'NONE', ( #3160, #136, #2561, #447 ) ) ;
#803 = FACE_OUTER_BOUND ( 'NONE', #2180, .T. ) ;
#804 = CARTESIAN_POINT ( 'NONE',  ( 1.900000000000010125, 0.2000000000000000111, -0.2999999999999998224 ) ) ;
#805 = ORIENTED_EDGE ( 'NONE', *, *, #444, .F. ) ;
#806 = ORIENTED_EDGE ( 'NONE', *, *, #2781, .F. ) ;
#807 = VERTEX_POINT ( 'NONE', #1099 ) ;
#808 = CARTESIAN_POINT ( 'NONE',  ( 1.000000000000019096, 0.2000000000000000111, 1.200000000000000178 ) ) ;
#809 = DIRECTION ( 'NONE',  ( 0.000000000000000000, 1.000000000000000000, 0.000000000000000000 ) ) ;
#810 = CIRCLE ( 'NONE', #41, 0.2999999999999996003 ) ;
#811 = EDGE_CURVE ( 'NONE', #3240, #3191, #2153, .T. ) ;
#812 = DIRECTION ( 'NONE',  ( 1.000000000000000000, 0.000000000000000000, 0.000000000000000000 ) ) ;
#813 = CARTESIAN_POINT ( 'NONE',  ( 1.000000000000019096, 0.000000000000000000, 1.200000000000000178 ) ) ;
#814 = ADVANCED_FACE ( 'NONE', ( #306 ), #2965, .F. ) ;
#815 = ORIENTED_EDGE ( 'NONE', *, *, #2898, .F. ) ;
#816 = DIRECTION ( 'NONE',  ( 0.000000000000000000, 0.000000000000000000, 1.000000000000000000 ) ) ;
#817 = EDGE_CURVE ( 'NONE', #3290, #1579, #2132, .T. ) ;
#818 = CARTESIAN_POINT ( 'NONE',  ( 0.000000000000000000, 0.2000000000000000111, 0.000000000000000000 ) ) ;
#819 = DIRECTION ( 'NONE',  ( 0.000000000000000000, 0.000000000000000000, -1.000000000000000000 ) ) ;
#820 = LINE ( 'NONE', #3378, #3089 ) ;
#821 = PLANE ( 'NONE',  #211 ) ;
#822 = CARTESIAN_POINT ( 'NONE',  ( -0.9999999999999897859, 0.2000000000000000111, 0.2999999999999998224 ) ) ;
#823 = ORIENTED_EDGE ( 'NONE', *, *, #2786, .F. ) ;
#824 = DIRECTION ( 'NONE',  ( 0.000000000000000000, 0.000000000000000000, -1.000000000000000000 ) ) ;
#825 = EDGE_CURVE ( 'NONE', #2035, #2877, #1616, .T. ) ;
#826 = ORIENTED_EDGE ( 'NONE', *, *, #2835, .F. ) ;
#827 = CARTESIAN_POINT ( 'NONE',  ( -0.9999999999999993339, 0.2000000000000000111, -0.7999999999999998224 ) ) ;
#828 = DIRECTION ( 'NONE',  ( -1.000000000000000000, 0.000000000000000000, 2.409338161078898194E-16 ) ) ;
#829 = ORIENTED_EDGE ( 'NONE', *, *, #106, .F. ) ;
#830 = CARTESIAN_POINT ( 'NONE',  ( 1.590000000000000746, 0.5000000000000006661, -1.300000000000000044 ) ) ;
#831 = DIRECTION ( 'NONE',  ( -0.000000000000000000, 1.000000000000000000, -0.000000000000000000 ) ) ;
#832 = DIRECTION ( 'NONE',  ( 1.000000000000000000, 0.000000000000000000, -2.409338161078898194E-16 ) ) ;
#833 = ADVANCED_FACE ( 'NONE', ( #55 ), #1346, .F. ) ;
#834 = ORIENTED_EDGE ( 'NONE', *, *, #2426, .T. ) ;
#835 = DIRECTION ( 'NONE',  ( -1.000000000000000000, -0.000000000000000000, -0.000000000000000000 ) ) ;
#836 = ORIENTED_EDGE ( 'NONE', *, *, #1895, .T. ) ;
#837 = VECTOR ( 'NONE', #1486, 1000.000000000000000 ) ;
#838 = ORIENTED_EDGE ( 'NONE', *, *, #1051, .T. ) ;
#839 = VECTOR ( 'NONE', #952, 1000.000000000000000 ) ;
#840 = PLANE ( 'NONE',  #38 ) ;
#841 = VERTEX_POINT ( 'NONE', #2985 ) ;
#842 = DIRECTION ( 'NONE',  ( -0.1391731009600599422, -0.9902680687415710281, -0.000000000000000000 ) ) ;
#843 = FILL_AREA_STYLE_COLOUR ( '', #3443 ) ;
#844 = CARTESIAN_POINT ( 'NONE',  ( 1.000000000000009992, 0.2000000000000000111, 0.3000000000000000444 ) ) ;
#845 = VERTEX_POINT ( 'NONE', #813 ) ;
#846 = VECTOR ( 'NONE', #842, 1000.000000000000227 ) ;
#847 = PLANE ( 'NONE',  #2815 ) ;
#848 = DIRECTION ( 'NONE',  ( -0.000000000000000000, -0.000000000000000000, -1.000000000000000000 ) ) ;
#849 = CARTESIAN_POINT ( 'NONE',  ( 1.900000000000000577, 0.2000000000000000944, -1.200000000000000178 ) ) ;
#850 = AXIS2_PLACEMENT_3D ( 'NONE', #3234, #1398, #1622 ) ;
#851 = EDGE_LOOP ( 'NONE', ( #3289, #805, #2540, #551 ) ) ;
#852 = DIRECTION ( 'NONE',  ( -1.084202172485505815E-15, -0.000000000000000000, -1.000000000000000000 ) ) ;
#853 = EDGE_CURVE ( 'NONE', #3129, #1155, #602, .T. ) ;
#854 = EDGE_CURVE ( 'NONE', #845, #1106, #2945, .T. ) ;
#855 = AXIS2_PLACEMENT_3D ( 'NONE', #1817, #3144, #3168 ) ;
#856 = CYLINDRICAL_SURFACE ( 'NONE', #2328, 0.3000000000000000444 ) ;
#857 = VECTOR ( 'NONE', #34, 1000.000000000000000 ) ;
#858 = ORIENTED_EDGE ( 'NONE', *, *, #1476, .F. ) ;
#859 = FACE_OUTER_BOUND ( 'NONE', #633, .T. ) ;
#860 = CIRCLE ( 'NONE', #2700, 0.3000000000000001554 ) ;
#861 = DIRECTION ( 'NONE',  ( -0.000000000000000000, 1.000000000000000000, -0.000000000000000000 ) ) ;
#862 = AXIS2_PLACEMENT_3D ( 'NONE', #1610, #2692, #2165 ) ;
#863 = ORIENTED_EDGE ( 'NONE', *, *, #247, .F. ) ;
#864 = FILL_AREA_STYLE ('',( #843 ) ) ;
#865 = LINE ( 'NONE', #3020, #1839 ) ;
#866 = STYLED_ITEM ( 'NONE', ( #758 ), #3260 ) ;
#867 = PLANE ( 'NONE',  #3154 ) ;
#868 = MECHANICAL_DESIGN_GEOMETRIC_PRESENTATION_REPRESENTATION (  '', ( #214 ), #2765 ) ;
#869 = PLANE ( 'NONE',  #1443 ) ;
#870 = DIRECTION ( 'NONE',  ( 0.000000000000000000, -1.000000000000000000, 0.000000000000000000 ) ) ;
#871 = VERTEX_POINT ( 'NONE', #146 ) ;
#872 = LINE ( 'NONE', #2162, #1791 ) ;
#873 = ORIENTED_EDGE ( 'NONE', *, *, #2598, .T. ) ;
#874 = ORIENTED_EDGE ( 'NONE', *, *, #1735, .T. ) ;
#875 = ORIENTED_EDGE ( 'NONE', *, *, #60, .T. ) ;
#876 = CARTESIAN_POINT ( 'NONE',  ( -1.899999999999999245, 0.5000000000000000000, -1.199999999999999956 ) ) ;
#877 = EDGE_CURVE ( 'NONE', #2356, #1440, #1284, .T. ) ;
#878 = ORIENTED_EDGE ( 'NONE', *, *, #1485, .T. ) ;
#879 = FACE_OUTER_BOUND ( 'NONE', #3434, .T. ) ;
#880 = EDGE_CURVE ( 'NONE', #1059, #1579, #424, .T. ) ;
#881 = CARTESIAN_POINT ( 'NONE',  ( -1.899999999999999245, 0.2000000000000000111, -1.199999999999999956 ) ) ;
#882 = EDGE_CURVE ( 'NONE', #1830, #116, #1413, .T. ) ;
#883 = FILL_AREA_STYLE_COLOUR ( '', #537 ) ;
#884 = DIRECTION ( 'NONE',  ( -0.000000000000000000, 1.000000000000000000, 0.000000000000000000 ) ) ;
#885 = DIRECTION ( 'NONE',  ( 0.000000000000000000, 0.000000000000000000, 1.000000000000000000 ) ) ;
#886 = DIRECTION ( 'NONE',  ( 0.000000000000000000, -1.000000000000000000, 0.000000000000000000 ) ) ;
#887 = CARTESIAN_POINT ( 'NONE',  ( 1.900000000000000577, -0.8485281374238573537, -0.2999999999999996558 ) ) ;
#888 = VERTEX_POINT ( 'NONE', #2767 ) ;
#889 = CARTESIAN_POINT ( 'NONE',  ( 1.900000000000000577, 0.2000000000000000111, -0.6000000000000000888 ) ) ;
#890 = EDGE_LOOP ( 'NONE', ( #2399, #2838, #875, #1360, #35 ) ) ;
#891 = VERTEX_POINT ( 'NONE', #3347 ) ;
#892 = PRESENTATION_STYLE_ASSIGNMENT (( #2433 ) ) ;
#893 = ORIENTED_EDGE ( 'NONE', *, *, #811, .T. ) ;
#894 = DIRECTION ( 'NONE',  ( 0.000000000000000000, 0.000000000000000000, 1.000000000000000000 ) ) ;
#895 = CLOSED_SHELL ( 'NONE', ( #3062, #1270, #325, #1786, #3183, #1069, #1383, #2052, #1697, #2797, #693, #1711, #521, #1400, #3207, #1255, #2858, #2274, #2755, #1188, #2194, #57, #2623, #3002, #2972, #275, #3230, #2973, #655, #767, #2253, #2778, #2159, #2300, #1802, #1096, #3103, #2318, #1463, #1893, #1870, #3355, #2310, #1934, #2388, #1849 ) ) ;
#896 = DIRECTION ( 'NONE',  ( 1.000000000000000000, 0.000000000000000000, 2.409338161078898194E-16 ) ) ;
#897 = EDGE_CURVE ( 'NONE', #1576, #190, #3296, .T. ) ;
#898 = EDGE_CURVE ( 'NONE', #2526, #1138, #2124, .T. ) ;
#899 = LINE ( 'NONE', #1952, #522 ) ;
#900 = CARTESIAN_POINT ( 'NONE',  ( 1.900000000000019229, 0.000000000000000000, 0.6999999999999998446 ) ) ;
#901 = DIRECTION ( 'NONE',  ( 0.1391731009600599145, 0.9902680687415710281, 0.000000000000000000 ) ) ;
#902 = LINE ( 'NONE', #76, #1190 ) ;
#903 = ORIENTED_EDGE ( 'NONE', *, *, #2672, .F. ) ;
#904 = PLANE ( 'NONE',  #2144 ) ;
#905 = VERTEX_POINT ( 'NONE', #2549 ) ;
#906 = ORIENTED_EDGE ( 'NONE', *, *, #2451, .T. ) ;
#907 = VECTOR ( 'NONE', #442, 1000.000000000000000 ) ;
#908 = AXIS2_PLACEMENT_3D ( 'NONE', #21, #2695, #2981 ) ;
#909 = LINE ( 'NONE', #437, #1628 ) ;
#910 = EDGE_LOOP ( 'NONE', ( #1534, #323, #2189, #7, #412, #1018, #3429, #1884, #2974, #80 ) ) ;
#911 = LINE ( 'NONE', #389, #2071 ) ;
#912 = VECTOR ( 'NONE', #1717, 1000.000000000000000 ) ;
#913 = ORIENTED_EDGE ( 'NONE', *, *, #568, .T. ) ;
#914 = EDGE_LOOP ( 'NONE', ( #1459, #192, #2287, #3001 ) ) ;
#915 = CARTESIAN_POINT ( 'NONE',  ( 1.900000000000000577, 0.000000000000000000, -1.100000000000000311 ) ) ;
#916 = DIRECTION ( 'NONE',  ( 1.000000000000000000, 0.000000000000000000, -2.409338161078898194E-16 ) ) ;
#917 = FACE_OUTER_BOUND ( 'NONE', #181, .T. ) ;
#918 = DIRECTION ( 'NONE',  ( 0.000000000000000000, 0.000000000000000000, -1.000000000000000000 ) ) ;
#919 = DIRECTION ( 'NONE',  ( -1.000000000000000000, 0.000000000000000000, 2.409338161078898194E-16 ) ) ;
#920 = VECTOR ( 'NONE', #1354, 1000.000000000000000 ) ;
#921 = EDGE_CURVE ( 'NONE', #2625, #33, #1971, .T. ) ;
#922 = ORIENTED_EDGE ( 'NONE', *, *, #113, .T. ) ;
#923 = LINE ( 'NONE', #152, #972 ) ;
#924 = ORIENTED_EDGE ( 'NONE', *, *, #584, .T. ) ;
#925 = CIRCLE ( 'NONE', #1574, 0.2000000000000002331 ) ;
#926 = EDGE_CURVE ( 'NONE', #2043, #1324, #2465, .T. ) ;
#927 = CARTESIAN_POINT ( 'NONE',  ( 1.000000000000019096, 0.2000000000000000111, 0.6000000000000000888 ) ) ;
#928 = FACE_OUTER_BOUND ( 'NONE', #661, .T. ) ;
#929 = DIRECTION ( 'NONE',  ( -0.000000000000000000, -1.000000000000000000, -0.000000000000000000 ) ) ;
#930 = DIRECTION ( 'NONE',  ( 0.000000000000000000, 1.000000000000000000, 0.000000000000000000 ) ) ;
#931 = ADVANCED_FACE ( 'NONE', ( #3058 ), #3105, .F. ) ;
#932 = LINE ( 'NONE', #3172, #81 ) ;
#933 = PLANE ( 'NONE',  #3271 ) ;
#934 = DIRECTION ( 'NONE',  ( 0.000000000000000000, 0.000000000000000000, 1.000000000000000000 ) ) ;
#935 = EDGE_CURVE ( 'NONE', #1547, #1662, #2236, .T. ) ;
#936 = ORIENTED_EDGE ( 'NONE', *, *, #185, .F. ) ;
#937 = LINE ( 'NONE', #382, #1147 ) ;
#938 = VERTEX_POINT ( 'NONE', #1733 ) ;
#939 = EDGE_CURVE ( 'NONE', #475, #1226, #1899, .T. ) ;
#940 = FACE_OUTER_BOUND ( 'NONE', #1897, .T. ) ;
#941 = EDGE_CURVE ( 'NONE', #272, #1077, #1477, .T. ) ;
#942 = ORIENTED_EDGE ( 'NONE', *, *, #3067, .T. ) ;
#943 = DIRECTION ( 'NONE',  ( 0.000000000000000000, -1.000000000000000000, 0.000000000000000000 ) ) ;
#944 = VERTEX_POINT ( 'NONE', #2282 ) ;
#945 = CARTESIAN_POINT ( 'NONE',  ( -0.9999999999999993339, 0.2000000000000000111, -0.7999999999999998224 ) ) ;
#946 = ORIENTED_EDGE ( 'NONE', *, *, #113, .F. ) ;
#947 = VERTEX_POINT ( 'NONE', #648 ) ;
#948 = DIRECTION ( 'NONE',  ( 0.000000000000000000, 0.000000000000000000, 1.000000000000000000 ) ) ;
#949 = DIRECTION ( 'NONE',  ( 1.000000000000000000, -0.000000000000000000, 3.614007241618347785E-16 ) ) ;
#950 = ORIENTED_EDGE ( 'NONE', *, *, #825, .F. ) ;
#951 = PLANE ( 'NONE',  #1365 ) ;
#952 = DIRECTION ( 'NONE',  ( 0.000000000000000000, -1.000000000000000000, 0.000000000000000000 ) ) ;
#953 = CARTESIAN_POINT ( 'NONE',  ( 1.900000000000000577, 0.5000000000000000000, 0.2000000000000002331 ) ) ;
#954 = EDGE_LOOP ( 'NONE', ( #1598, #936, #1935, #2506 ) ) ;
#955 = DIRECTION ( 'NONE',  ( -1.000000000000000000, -0.000000000000000000, -2.409338161078898194E-16 ) ) ;
#956 = ADVANCED_FACE ( 'NONE', ( #2784 ), #2513, .F. ) ;
#957 = DIRECTION ( 'NONE',  ( -2.409338161078898194E-16, 0.000000000000000000, 1.000000000000000000 ) ) ;
#958 = COLOUR_RGB ( '',1.000000000000000000, 0.8117647058823529438, 0.5019607843137254832 ) ;
#959 = ORIENTED_EDGE ( 'NONE', *, *, #2235, .F. ) ;
#960 = CARTESIAN_POINT ( 'NONE',  ( 1.900000000000000577, 0.000000000000000000, -0.6999999999999997335 ) ) ;
#961 = VECTOR ( 'NONE', #2482, 1000.000000000000000 ) ;
#962 = CARTESIAN_POINT ( 'NONE',  ( -0.9999999999999804601, 0.2000000000000000111, 1.199999999999999956 ) ) ;
#963 = VECTOR ( 'NONE', #469, 1000.000000000000000 ) ;
#964 = DIRECTION ( 'NONE',  ( 1.000000000000000000, 0.000000000000000000, -2.409338161078898194E-16 ) ) ;
#965 = EDGE_LOOP ( 'NONE', ( #3145, #2851, #188, #2931 ) ) ;
#966 = DIRECTION ( 'NONE',  ( -0.000000000000000000, 1.000000000000000000, 0.000000000000000000 ) ) ;
#967 = LINE ( 'NONE', #179, #3080 ) ;
#968 = VECTOR ( 'NONE', #1374, 1000.000000000000000 ) ;
#969 = DIRECTION ( 'NONE',  ( 0.000000000000000000, 1.000000000000000000, 0.000000000000000000 ) ) ;
#970 = CARTESIAN_POINT ( 'NONE',  ( 1.000000000000019096, 0.000000000000000000, 0.6000000000000000888 ) ) ;
#971 = EDGE_CURVE ( 'NONE', #712, #2673, #2485, .T. ) ;
#972 = VECTOR ( 'NONE', #183, 1000.000000000000000 ) ;
#973 = FACE_OUTER_BOUND ( 'NONE', #2823, .T. ) ;
#974 = ORIENTED_EDGE ( 'NONE', *, *, #729, .F. ) ;
#975 = ORIENTED_EDGE ( 'NONE', *, *, #1844, .T. ) ;
#976 = VECTOR ( 'NONE', #1180, 1000.000000000000000 ) ;
#977 = FACE_OUTER_BOUND ( 'NONE', #769, .T. ) ;
#978 = EDGE_LOOP ( 'NONE', ( #3189, #2115, #3153, #368, #1548 ) ) ;
#979 = DIRECTION ( 'NONE',  ( -1.000000000000000000, 0.000000000000000000, -1.084202172485504040E-15 ) ) ;
#980 = EDGE_CURVE ( 'NONE', #1388, #2326, #899, .T. ) ;
#981 = DIRECTION ( 'NONE',  ( -1.000000000000000000, 0.000000000000000000, 0.000000000000000000 ) ) ;
#982 = EDGE_CURVE ( 'NONE', #2609, #656, #392, .T. ) ;
#983 = ORIENTED_EDGE ( 'NONE', *, *, #1543, .T. ) ;
#984 = EDGE_CURVE ( 'NONE', #2443, #1293, #2498, .T. ) ;
#985 = FILL_AREA_STYLE ('',( #232 ) ) ;
#986 = FACE_OUTER_BOUND ( 'NONE', #1348, .T. ) ;
#987 =( NAMED_UNIT ( * ) SI_UNIT ( $, .STERADIAN. ) SOLID_ANGLE_UNIT ( ) );
#988 = DIRECTION ( 'NONE',  ( 0.000000000000000000, -0.000000000000000000, 1.000000000000000000 ) ) ;
#989 = DIRECTION ( 'NONE',  ( -5.421010862427517240E-16, 0.000000000000000000, -1.000000000000000000 ) ) ;
#990 = CARTESIAN_POINT ( 'NONE',  ( -1.899999999999989919, 0.000000000000000000, 0.3000000000000000444 ) ) ;
#991 = ORIENTED_EDGE ( 'NONE', *, *, #2835, .T. ) ;
#992 = DIRECTION ( 'NONE',  ( -0.000000000000000000, 1.000000000000000000, -0.000000000000000000 ) ) ;
#993 = MANIFOLD_SOLID_BREP ( 'Cut-Extrude2', #895 ) ;
#994 = LINE ( 'NONE', #1460, #2416 ) ;
#995 =( NAMED_UNIT ( * ) PLANE_ANGLE_UNIT ( ) SI_UNIT ( $, .RADIAN. ) );
#996 = DIRECTION ( 'NONE',  ( 0.000000000000000000, 1.000000000000000000, 0.000000000000000000 ) ) ;
#997 = ORIENTED_EDGE ( 'NONE', *, *, #1482, .F. ) ;
#998 = EDGE_CURVE ( 'NONE', #1830, #2526, #932, .T. ) ;
#999 = EDGE_CURVE ( 'NONE', #3320, #1077, #1056, .T. ) ;
#1000 =( NAMED_UNIT ( * ) PLANE_ANGLE_UNIT ( ) SI_UNIT ( $, .RADIAN. ) );
#1001 = VECTOR ( 'NONE', #435, 1000.000000000000000 ) ;
#1002 = DIRECTION ( 'NONE',  ( -1.000000000000000000, 0.000000000000000000, 1.084202172485505815E-15 ) ) ;
#1003 = ORIENTED_EDGE ( 'NONE', *, *, #1421, .T. ) ;
#1004 = ORIENTED_EDGE ( 'NONE', *, *, #1295, .F. ) ;
#1005 =( NAMED_UNIT ( * ) SI_UNIT ( $, .STERADIAN. ) SOLID_ANGLE_UNIT ( ) );
#1006 = LINE ( 'NONE', #1496, #2706 ) ;
#1007 = DIRECTION ( 'NONE',  ( -1.000000000000000000, -0.000000000000000000, -2.409338161078898687E-16 ) ) ;
#1008 = LINE ( 'NONE', #280, #3048 ) ;
#1009 = CARTESIAN_POINT ( 'NONE',  ( 1.900000000000019229, 0.2000000000000000111, 0.6000000000000003109 ) ) ;
#1010 = ORIENTED_EDGE ( 'NONE', *, *, #1821, .T. ) ;
#1011 = CARTESIAN_POINT ( 'NONE',  ( -0.9999999999999993339, 0.000000000000000000, -0.7999999999999998224 ) ) ;
#1012 = ORIENTED_EDGE ( 'NONE', *, *, #2735, .F. ) ;
#1013 = ORIENTED_EDGE ( 'NONE', *, *, #2534, .T. ) ;
#1014 = DIRECTION ( 'NONE',  ( -2.409338161078898194E-16, 0.000000000000000000, 1.000000000000000000 ) ) ;
#1015 = VECTOR ( 'NONE', #284, 1000.000000000000000 ) ;
#1016 = ORIENTED_EDGE ( 'NONE', *, *, #2315, .T. ) ;
#1017 = MANIFOLD_SOLID_BREP ( 'Cut-Extrude3[1]', #3022 ) ;
#1018 = ORIENTED_EDGE ( 'NONE', *, *, #3019, .F. ) ;
#1019 = VECTOR ( 'NONE', #1668, 1000.000000000000000 ) ;
#1020 = LINE ( 'NONE', #491, #488 ) ;
#1021 = DIRECTION ( 'NONE',  ( 0.000000000000000000, 1.000000000000000000, 0.000000000000000000 ) ) ;
#1022 = ORIENTED_EDGE ( 'NONE', *, *, #2170, .F. ) ;
#1023 = CIRCLE ( 'NONE', #1730, 0.2000000000000002331 ) ;
#1024 = ORIENTED_EDGE ( 'NONE', *, *, #3152, .T. ) ;
#1025 = EDGE_LOOP ( 'NONE', ( #2707, #983, #1947, #1607, #2686, #309, #720, #1053, #2218, #2105, #1684, #3214, #3027, #2928, #1618, #1062, #1799, #1879, #829, #1330, #873, #210, #1931, #1529, #2579, #1268, #826, #2355, #1563, #3113, #1742, #2108 ) ) ;
#1026 = CARTESIAN_POINT ( 'NONE',  ( -1.899999999999999245, -0.8485281374238573537, 1.200000000000000178 ) ) ;
#1027 = EDGE_CURVE ( 'NONE', #140, #86, #1542, .T. ) ;
#1028 = CARTESIAN_POINT ( 'NONE',  ( 0.000000000000000000, 0.2000000000000000111, 0.000000000000000000 ) ) ;
#1029 = CARTESIAN_POINT ( 'NONE',  ( -1.899999999999999245, 0.5000000000000000000, 1.299999999999999600 ) ) ;
#1030 = EDGE_CURVE ( 'NONE', #2379, #1226, #504, .T. ) ;
#1031 = CARTESIAN_POINT ( 'NONE',  ( -0.9999999999999993339, 0.000000000000000000, -0.7999999999999998224 ) ) ;
#1032 =( GEOMETRIC_REPRESENTATION_CONTEXT ( 3 ) GLOBAL_UNCERTAINTY_ASSIGNED_CONTEXT ( ( #2941 ) ) GLOBAL_UNIT_ASSIGNED_CONTEXT ( ( #1157, #1629, #321 ) ) REPRESENTATION_CONTEXT ( 'NONE', 'WORKASPACE' ) );
#1033 = CARTESIAN_POINT ( 'NONE',  ( -0.9999999999999993339, 0.2000000000000000111, -0.7999999999999998224 ) ) ;
#1034 = ORIENTED_EDGE ( 'NONE', *, *, #3360, .T. ) ;
#1035 = VERTEX_POINT ( 'NONE', #3398 ) ;
#1036 = VERTEX_POINT ( 'NONE', #2833 ) ;
#1037 = VECTOR ( 'NONE', #2309, 1000.000000000000000 ) ;
#1038 = FACE_OUTER_BOUND ( 'NONE', #40, .T. ) ;
#1039 = EDGE_CURVE ( 'NONE', #20, #2212, #2077, .T. ) ;
#1040 = PLANE ( 'NONE',  #1800 ) ;
#1041 = LINE ( 'NONE', #728, #1719 ) ;
#1042 = ORIENTED_EDGE ( 'NONE', *, *, #999, .F. ) ;
#1043 = ORIENTED_EDGE ( 'NONE', *, *, #2222, .T. ) ;
#1044 = ORIENTED_EDGE ( 'NONE', *, *, #2411, .F. ) ;
#1045 = ORIENTED_EDGE ( 'NONE', *, *, #789, .T. ) ;
#1046 = CARTESIAN_POINT ( 'NONE',  ( -1.899999999999999245, 0.5000000000000000000, -1.300000000000000266 ) ) ;
#1047 = CARTESIAN_POINT ( 'NONE',  ( -1.899999999999999245, 0.5000000000000000000, 1.299999999999999600 ) ) ;
#1048 = ORIENTED_EDGE ( 'NONE', *, *, #60, .F. ) ;
#1049 = CYLINDRICAL_SURFACE ( 'NONE', #1968, 0.3000000000000000444 ) ;
#1050 = EDGE_CURVE ( 'NONE', #1077, #1722, #417, .T. ) ;
#1051 = EDGE_CURVE ( 'NONE', #2059, #1811, #2617, .T. ) ;
#1052 = CARTESIAN_POINT ( 'NONE',  ( 1.000000000000000444, -0.000000000000000000, -1.199999999999999956 ) ) ;
#1053 = ORIENTED_EDGE ( 'NONE', *, *, #984, .T. ) ;
#1054 = DIRECTION ( 'NONE',  ( 1.000000000000000000, 1.474563028959474411E-16, 0.000000000000000000 ) ) ;
#1055 = ORIENTED_EDGE ( 'NONE', *, *, #632, .T. ) ;
#1056 = LINE ( 'NONE', #756, #2915 ) ;
#1057 = CARTESIAN_POINT ( 'NONE',  ( 1.900000000000000577, 0.5000000000000000000, 1.299999999999999600 ) ) ;
#1058 = DIRECTION ( 'NONE',  ( 1.084202172485504040E-15, -0.000000000000000000, -1.000000000000000000 ) ) ;
#1059 = VERTEX_POINT ( 'NONE', #1557 ) ;
#1060 = ORIENTED_EDGE ( 'NONE', *, *, #2042, .F. ) ;
#1061 = ORIENTED_EDGE ( 'NONE', *, *, #897, .F. ) ;
#1062 = ORIENTED_EDGE ( 'NONE', *, *, #459, .T. ) ;
#1063 = DIRECTION ( 'NONE',  ( -2.409338161078898194E-16, 0.000000000000000000, 1.000000000000000000 ) ) ;
#1064 = DIRECTION ( 'NONE',  ( 0.000000000000000000, -1.000000000000000000, 0.000000000000000000 ) ) ;
#1065 = CARTESIAN_POINT ( 'NONE',  ( 1.000000000000019096, 0.000000000000000000, 0.6000000000000000888 ) ) ;
#1066 = VECTOR ( 'NONE', #1551, 1000.000000000000000 ) ;
#1067 = CARTESIAN_POINT ( 'NONE',  ( -1.899999999999999245, 0.5000000000000000000, 1.200000000000000178 ) ) ;
#1068 = CARTESIAN_POINT ( 'NONE',  ( 1.000000000000019096, 0.000000000000000000, 0.6000000000000000888 ) ) ;
#1069 = ADVANCED_FACE ( 'NONE', ( #3128 ), #3384, .F. ) ;
#1070 = DIRECTION ( 'NONE',  ( -0.000000000000000000, -1.000000000000000000, -0.000000000000000000 ) ) ;
#1071 = ADVANCED_FACE ( 'NONE', ( #2350 ), #3437, .F. ) ;
#1072 = DIRECTION ( 'NONE',  ( -3.614007241618347785E-16, 0.000000000000000000, 1.000000000000000000 ) ) ;
#1073 = EDGE_CURVE ( 'NONE', #262, #173, #1842, .T. ) ;
#1074 = DIRECTION ( 'NONE',  ( 0.000000000000000000, 1.000000000000000000, 0.000000000000000000 ) ) ;
#1075 = VECTOR ( 'NONE', #2818, 1000.000000000000000 ) ;
#1076 = DIRECTION ( 'NONE',  ( 1.000000000000000000, 0.000000000000000000, 0.000000000000000000 ) ) ;
#1077 = VERTEX_POINT ( 'NONE', #1391 ) ;
#1078 = ORIENTED_EDGE ( 'NONE', *, *, #2511, .T. ) ;
#1079 = AXIS2_PLACEMENT_3D ( 'NONE', #1253, #708, #752 ) ;
#1080 = ORIENTED_EDGE ( 'NONE', *, *, #247, .T. ) ;
#1081 = CARTESIAN_POINT ( 'NONE',  ( -1.899999999999989697, -0.8485281374238573537, 0.000000000000000000 ) ) ;
#1082 = CARTESIAN_POINT ( 'NONE',  ( -0.9999999999999993339, 0.000000000000000000, -0.9999999999999997780 ) ) ;
#1083 = CARTESIAN_POINT ( 'NONE',  ( -1.899999999999989697, 0.2000000000000000111, -0.3000000000000000444 ) ) ;
#1084 = AXIS2_PLACEMENT_3D ( 'NONE', #357, #1063, #896 ) ;
#1085 = DIRECTION ( 'NONE',  ( -1.000000000000000000, 0.000000000000000000, 0.000000000000000000 ) ) ;
#1086 = EDGE_CURVE ( 'NONE', #2149, #2530, #3258, .T. ) ;
#1087 = CARTESIAN_POINT ( 'NONE',  ( 0.000000000000000000, 0.2000000000000000111, 0.000000000000000000 ) ) ;
#1088 = CARTESIAN_POINT ( 'NONE',  ( -1.899999999999999245, 0.000000000000000000, -1.100000000000000311 ) ) ;
#1089 = VERTEX_POINT ( 'NONE', #1125 ) ;
#1090 = AXIS2_PLACEMENT_3D ( 'NONE', #1948, #2148, #1647 ) ;
#1091 = CARTESIAN_POINT ( 'NONE',  ( -1.470540290502972747, 1.350000000000000089, 1.300000000000000044 ) ) ;
#1092 = UNCERTAINTY_MEASURE_WITH_UNIT (LENGTH_MEASURE( 1.000000000000000082E-05 ), #3370, 'distance_accuracy_value', 'NONE');
#1093 = EDGE_LOOP ( 'NONE', ( #1158, #2757, #3158, #3157 ) ) ;
#1094 = CARTESIAN_POINT ( 'NONE',  ( 1.900000000000019229, 0.000000000000000000, 1.199999999999999956 ) ) ;
#1095 = VECTOR ( 'NONE', #1678, 1000.000000000000000 ) ;
#1096 = ADVANCED_FACE ( 'NONE', ( #1898 ), #1376, .F. ) ;
#1097 = AXIS2_PLACEMENT_3D ( 'NONE', #2586, #966, #3386 ) ;
#1098 = EDGE_CURVE ( 'NONE', #2374, #2669, #600, .T. ) ;
#1099 = CARTESIAN_POINT ( 'NONE',  ( 1.590000000000000746, 0.5000000000000006661, -1.300000000000000044 ) ) ;
#1100 = CARTESIAN_POINT ( 'NONE',  ( -1.899999999999999245, -0.8485281374238573537, -0.3000000000000000999 ) ) ;
#1101 = LINE ( 'NONE', #2173, #1176 ) ;
#1102 = CARTESIAN_POINT ( 'NONE',  ( -1.899999999999989919, 0.000000000000000000, 0.3000000000000000444 ) ) ;
#1103 = LINE ( 'NONE', #889, #3322 ) ;
#1104 = ORIENTED_EDGE ( 'NONE', *, *, #278, .F. ) ;
#1105 = ORIENTED_EDGE ( 'NONE', *, *, #877, .T. ) ;
#1106 = VERTEX_POINT ( 'NONE', #1094 ) ;
#1107 = PLANE ( 'NONE',  #2031 ) ;
#1108 = ORIENTED_EDGE ( 'NONE', *, *, #166, .T. ) ;
#1109 = CARTESIAN_POINT ( 'NONE',  ( 0.000000000000000000, 0.2000000000000000111, 0.000000000000000000 ) ) ;
#1110 = DIRECTION ( 'NONE',  ( 0.000000000000000000, 0.000000000000000000, 1.000000000000000000 ) ) ;
#1111 = DIRECTION ( 'NONE',  ( 0.000000000000000000, -0.000000000000000000, 1.000000000000000000 ) ) ;
#1112 = EDGE_CURVE ( 'NONE', #2876, #1576, #581, .T. ) ;
#1113 = EDGE_CURVE ( 'NONE', #3052, #3290, #1593, .T. ) ;
#1114 = ORIENTED_EDGE ( 'NONE', *, *, #143, .T. ) ;
#1115 = CARTESIAN_POINT ( 'NONE',  ( 1.000000000000019096, 0.000000000000000000, 1.200000000000000178 ) ) ;
#1116 = LINE ( 'NONE', #3006, #1663 ) ;
#1117 = CARTESIAN_POINT ( 'NONE',  ( -1.899999999999989919, 0.2000000000000000111, 0.3000000000000000444 ) ) ;
#1118 = LINE ( 'NONE', #2971, #1465 ) ;
#1119 = ORIENTED_EDGE ( 'NONE', *, *, #1977, .F. ) ;
#1120 = VECTOR ( 'NONE', #764, 1000.000000000000000 ) ;
#1121 = ORIENTED_EDGE ( 'NONE', *, *, #1977, .T. ) ;
#1122 = AXIS2_PLACEMENT_3D ( 'NONE', #149, #651, #3368 ) ;
#1123 = CARTESIAN_POINT ( 'NONE',  ( 1.000000000000000444, 0.000000000000000000, -1.199999999999999956 ) ) ;
#1124 = VERTEX_POINT ( 'NONE', #1632 ) ;
#1125 = CARTESIAN_POINT ( 'NONE',  ( -1.599999999999999423, 0.5000000000000000000, -1.199999999999999956 ) ) ;
#1126 = ORIENTED_EDGE ( 'NONE', *, *, #2735, .T. ) ;
#1127 = DIRECTION ( 'NONE',  ( -2.409338161078898194E-16, 0.000000000000000000, -1.000000000000000000 ) ) ;
#1128 = COLOUR_RGB ( '',1.000000000000000000, 1.000000000000000000, 1.000000000000000000 ) ;
#1129 = DIRECTION ( 'NONE',  ( 0.000000000000000000, 0.000000000000000000, 1.000000000000000000 ) ) ;
#1130 = DIRECTION ( 'NONE',  ( 0.000000000000000000, 1.000000000000000000, 0.000000000000000000 ) ) ;
#1131 = FACE_OUTER_BOUND ( 'NONE', #2264, .T. ) ;
#1132 = AXIS2_PLACEMENT_3D ( 'NONE', #2847, #2017, #3219 ) ;
#1133 = EDGE_CURVE ( 'NONE', #272, #1313, #141, .T. ) ;
#1134 = LINE ( 'NONE', #1644, #1738 ) ;
#1135 = AXIS2_PLACEMENT_3D ( 'NONE', #2325, #15, #2633 ) ;
#1136 = ORIENTED_EDGE ( 'NONE', *, *, #2256, .T. ) ;
#1137 = EDGE_CURVE ( 'NONE', #2939, #1370, #2696, .T. ) ;
#1138 = VERTEX_POINT ( 'NONE', #2449 ) ;
#1139 = EDGE_CURVE ( 'NONE', #2043, #2163, #1867, .T. ) ;
#1140 = FACE_OUTER_BOUND ( 'NONE', #1189, .T. ) ;
#1141 = ORIENTED_EDGE ( 'NONE', *, *, #1676, .T. ) ;
#1142 = CARTESIAN_POINT ( 'NONE',  ( 1.900000000000019229, 0.000000000000000000, 0.6000000000000003109 ) ) ;
#1143 = MECHANICAL_DESIGN_GEOMETRIC_PRESENTATION_REPRESENTATION (  '', ( #205 ), #1032 ) ;
#1144 = ORIENTED_EDGE ( 'NONE', *, *, #1499, .F. ) ;
#1145 = DIRECTION ( 'NONE',  ( -0.000000000000000000, 0.000000000000000000, -1.000000000000000000 ) ) ;
#1146 = PRESENTATION_STYLE_ASSIGNMENT (( #2732 ) ) ;
#1147 = VECTOR ( 'NONE', #1992, 1000.000000000000000 ) ;
#1148 = CARTESIAN_POINT ( 'NONE',  ( 1.000000000000019096, 0.2000000000000000111, 1.200000000000000178 ) ) ;
#1149 = LINE ( 'NONE', #2157, #2428 ) ;
#1150 = PRESENTATION_LAYER_ASSIGNMENT (  '', '', ( #2349 ) ) ;
#1151 = LINE ( 'NONE', #3285, #3410 ) ;
#1152 = LINE ( 'NONE', #2192, #1286 ) ;
#1153 = DIRECTION ( 'NONE',  ( 0.000000000000000000, 0.000000000000000000, 1.000000000000000000 ) ) ;
#1154 = VERTEX_POINT ( 'NONE', #2435 ) ;
#1155 = VERTEX_POINT ( 'NONE', #66 ) ;
#1156 = EDGE_CURVE ( 'NONE', #1811, #2332, #53, .T. ) ;
#1157 =( LENGTH_UNIT ( ) NAMED_UNIT ( * ) SI_UNIT ( .MILLI., .METRE. ) );
#1158 = ORIENTED_EDGE ( 'NONE', *, *, #1753, .F. ) ;
#1159 = CARTESIAN_POINT ( 'NONE',  ( 1.900000000000000577, 0.5000000000000000000, -1.200000000000000178 ) ) ;
#1160 = FACE_OUTER_BOUND ( 'NONE', #954, .T. ) ;
#1161 = CARTESIAN_POINT ( 'NONE',  ( 1.000000000000019096, 0.000000000000000000, 1.200000000000000178 ) ) ;
#1162 = CARTESIAN_POINT ( 'NONE',  ( -1.899999999999999245, 0.000000000000000000, 0.000000000000000000 ) ) ;
#1163 = DIRECTION ( 'NONE',  ( -0.000000000000000000, -1.000000000000000000, -0.000000000000000000 ) ) ;
#1164 = DIRECTION ( 'NONE',  ( -0.000000000000000000, 1.000000000000000000, -0.000000000000000000 ) ) ;
#1165 = ORIENTED_EDGE ( 'NONE', *, *, #3251, .F. ) ;
#1166 = DIRECTION ( 'NONE',  ( 0.000000000000000000, 1.000000000000000000, 0.000000000000000000 ) ) ;
#1167 = ORIENTED_EDGE ( 'NONE', *, *, #166, .F. ) ;
#1168 = ORIENTED_EDGE ( 'NONE', *, *, #3254, .T. ) ;
#1169 = PLANE ( 'NONE',  #3376 ) ;
#1170 = ORIENTED_EDGE ( 'NONE', *, *, #2634, .T. ) ;
#1171 = FACE_OUTER_BOUND ( 'NONE', #1996, .T. ) ;
#1172 = EDGE_CURVE ( 'NONE', #1217, #2443, #2183, .T. ) ;
#1173 = ORIENTED_EDGE ( 'NONE', *, *, #1051, .F. ) ;
#1174 = ADVANCED_FACE ( 'NONE', ( #2127 ), #355, .F. ) ;
#1175 = DIRECTION ( 'NONE',  ( 0.000000000000000000, 0.000000000000000000, -1.000000000000000000 ) ) ;
#1176 = VECTOR ( 'NONE', #3245, 1000.000000000000000 ) ;
#1177 = CARTESIAN_POINT ( 'NONE',  ( 1.900000000000010125, 0.000000000000000000, -0.2000000000000002331 ) ) ;
#1178 = EDGE_CURVE ( 'NONE', #2715, #1422, #324, .T. ) ;
#1179 = VECTOR ( 'NONE', #3174, 1000.000000000000000 ) ;
#1180 = DIRECTION ( 'NONE',  ( -1.084202172485505815E-15, -0.000000000000000000, -1.000000000000000000 ) ) ;
#1181 = CARTESIAN_POINT ( 'NONE',  ( -1.899999999999989697, 0.000000000000000000, -0.3000000000000000444 ) ) ;
#1182 = FACE_OUTER_BOUND ( 'NONE', #686, .T. ) ;
#1183 = ORIENTED_EDGE ( 'NONE', *, *, #1050, .F. ) ;
#1184 = LINE ( 'NONE', #132, #2363 ) ;
#1185 = LINE ( 'NONE', #1696, #2560 ) ;
#1186 = VECTOR ( 'NONE', #2169, 1000.000000000000000 ) ;
#1187 = ORIENTED_EDGE ( 'NONE', *, *, #248, .T. ) ;
#1188 = ADVANCED_FACE ( 'NONE', ( #2923 ), #3206, .F. ) ;
#1189 = EDGE_LOOP ( 'NONE', ( #460, #1048, #2689, #1355 ) ) ;
#1190 = VECTOR ( 'NONE', #1888, 1000.000000000000000 ) ;
#1191 = DIRECTION ( 'NONE',  ( -0.000000000000000000, 1.000000000000000000, -0.000000000000000000 ) ) ;
#1192 = DIRECTION ( 'NONE',  ( 1.000000000000000000, 0.000000000000000000, -2.409338161078898194E-16 ) ) ;
#1193 = AXIS2_PLACEMENT_3D ( 'NONE', #2038, #2267, #3115 ) ;
#1194 = DIRECTION ( 'NONE',  ( 0.000000000000000000, 0.000000000000000000, 1.000000000000000000 ) ) ;
#1195 = CIRCLE ( 'NONE', #3147, 0.2999999999999996003 ) ;
#1196 = CARTESIAN_POINT ( 'NONE',  ( 1.900000000000010125, 0.2000000000000000944, 0.000000000000000000 ) ) ;
#1197 = EDGE_CURVE ( 'NONE', #3320, #2163, #1577, .T. ) ;
#1198 = AXIS2_PLACEMENT_3D ( 'NONE', #2342, #2324, #3143 ) ;
#1199 = DIRECTION ( 'NONE',  ( -2.409338161078898194E-16, 0.000000000000000000, 1.000000000000000000 ) ) ;
#1200 = FACE_OUTER_BOUND ( 'NONE', #2408, .T. ) ;
#1201 = CARTESIAN_POINT ( 'NONE',  ( 1.000000000000019096, 0.2000000000000000111, 0.6000000000000000888 ) ) ;
#1202 = MECHANICAL_DESIGN_GEOMETRIC_PRESENTATION_REPRESENTATION (  '', ( #2028 ), #605 ) ;
#1203 = DIRECTION ( 'NONE',  ( 0.000000000000000000, -0.000000000000000000, 1.000000000000000000 ) ) ;
#1204 = CARTESIAN_POINT ( 'NONE',  ( -1.899999999999999245, 0.000000000000000000, -0.6999999999999997335 ) ) ;
#1205 = CARTESIAN_POINT ( 'NONE',  ( -0.7999999999999991562, 0.2000000000000000111, -0.9999999999999997780 ) ) ;
#1206 = CARTESIAN_POINT ( 'NONE',  ( 1.000000000000019096, 0.2000000000000000111, 0.6000000000000000888 ) ) ;
#1207 = DIRECTION ( 'NONE',  ( 3.614007241618347785E-16, 0.000000000000000000, -1.000000000000000000 ) ) ;
#1208 = ORIENTED_EDGE ( 'NONE', *, *, #1431, .T. ) ;
#1209 = CARTESIAN_POINT ( 'NONE',  ( 1.000000000000009992, 0.2000000000000000111, -0.3000000000000000444 ) ) ;
#1210 = CARTESIAN_POINT ( 'NONE',  ( -0.7999999999999991562, 0.000000000000000000, -0.9999999999999997780 ) ) ;
#1211 = EDGE_CURVE ( 'NONE', #1701, #174, #1325, .T. ) ;
#1212 = EDGE_CURVE ( 'NONE', #1226, #2864, #419, .T. ) ;
#1213 = CARTESIAN_POINT ( 'NONE',  ( -1.899999999999980593, 0.000000000000000000, 0.6000000000000000888 ) ) ;
#1214 = ORIENTED_EDGE ( 'NONE', *, *, #1039, .T. ) ;
#1215 = CARTESIAN_POINT ( 'NONE',  ( -1.899999999999999245, 0.5000000000000000000, -1.300000000000000266 ) ) ;
#1216 = VERTEX_POINT ( 'NONE', #3291 ) ;
#1217 = VERTEX_POINT ( 'NONE', #3053 ) ;
#1218 = CARTESIAN_POINT ( 'NONE',  ( -1.590000000000000746, 0.5000000000000002220, 1.300000000000000044 ) ) ;
#1219 = ORIENTED_EDGE ( 'NONE', *, *, #1290, .F. ) ;
#1220 = DIRECTION ( 'NONE',  ( 1.000000000000000000, 0.000000000000000000, 0.000000000000000000 ) ) ;
#1221 = LINE ( 'NONE', #1475, #2862 ) ;
#1222 = DIRECTION ( 'NONE',  ( -0.000000000000000000, -0.000000000000000000, -1.000000000000000000 ) ) ;
#1223 = EDGE_LOOP ( 'NONE', ( #1864, #3358, #1751, #2612 ) ) ;
#1224 = DIRECTION ( 'NONE',  ( 0.000000000000000000, 0.000000000000000000, 1.000000000000000000 ) ) ;
#1225 = PLANE ( 'NONE',  #1122 ) ;
#1226 = VERTEX_POINT ( 'NONE', #2249 ) ;
#1227 = CARTESIAN_POINT ( 'NONE',  ( -1.899999999999980593, 0.2000000000000000111, 0.6000000000000000888 ) ) ;
#1228 = LINE ( 'NONE', #413, #2304 ) ;
#1229 = DIRECTION ( 'NONE',  ( 0.000000000000000000, 1.000000000000000000, 0.000000000000000000 ) ) ;
#1230 = ORIENTED_EDGE ( 'NONE', *, *, #3276, .T. ) ;
#1231 = EDGE_CURVE ( 'NONE', #684, #1357, #2266, .T. ) ;
#1232 = CARTESIAN_POINT ( 'NONE',  ( 1.900000000000000577, 0.5000000000000000000, 1.299999999999999600 ) ) ;
#1233 = EDGE_CURVE ( 'NONE', #639, #1390, #911, .T. ) ;
#1234 = ORIENTED_EDGE ( 'NONE', *, *, #1917, .F. ) ;
#1235 = FACE_OUTER_BOUND ( 'NONE', #802, .T. ) ;
#1236 = EDGE_CURVE ( 'NONE', #712, #2240, #662, .T. ) ;
#1237 = EDGE_LOOP ( 'NONE', ( #2772, #924, #2065, #2788 ) ) ;
#1238 = AXIS2_PLACEMENT_3D ( 'NONE', #1729, #2200, #2814 ) ;
#1239 = FACE_OUTER_BOUND ( 'NONE', #978, .T. ) ;
#1240 = AXIS2_PLACEMENT_3D ( 'NONE', #1081, #2138, #289 ) ;
#1241 = DIRECTION ( 'NONE',  ( 0.000000000000000000, -1.000000000000000000, 0.000000000000000000 ) ) ;
#1242 = ORIENTED_EDGE ( 'NONE', *, *, #2781, .T. ) ;
#1243 = PRODUCT_DEFINITION_FORMATION_WITH_SPECIFIED_SOURCE ( 'ANY', '', #2659, .NOT_KNOWN. ) ;
#1244 = CARTESIAN_POINT ( 'NONE',  ( 1.900000000000010125, 0.1999999999999999833, 0.000000000000000000 ) ) ;
#1245 = CARTESIAN_POINT ( 'NONE',  ( 1.900000000000000577, 0.1999999999999999833, 0.2999999999999996558 ) ) ;
#1246 = VECTOR ( 'NONE', #189, 1000.000000000000000 ) ;
#1247 = ORIENTED_EDGE ( 'NONE', *, *, #1946, .T. ) ;
#1248 = PLANE ( 'NONE',  #1363 ) ;
#1249 = CARTESIAN_POINT ( 'NONE',  ( 1.900000000000000577, 0.2000000000000000111, -0.6000000000000000888 ) ) ;
#1250 = AXIS2_PLACEMENT_3D ( 'NONE', #1652, #582, #1594 ) ;
#1251 = CYLINDRICAL_SURFACE ( 'NONE', #3265, 0.2999999999999996003 ) ;
#1252 = ORIENTED_EDGE ( 'NONE', *, *, #106, .T. ) ;
#1253 = CARTESIAN_POINT ( 'NONE',  ( 1.900000000000000577, 0.5000000000000000000, 1.299999999999999600 ) ) ;
#1254 = EDGE_CURVE ( 'NONE', #86, #701, #1441, .T. ) ;
#1255 = ADVANCED_FACE ( 'NONE', ( #1171 ), #2217, .T. ) ;
#1256 = DIRECTION ( 'NONE',  ( -0.000000000000000000, 1.000000000000000000, -0.000000000000000000 ) ) ;
#1257 =( NAMED_UNIT ( * ) PLANE_ANGLE_UNIT ( ) SI_UNIT ( $, .RADIAN. ) );
#1258 = VERTEX_POINT ( 'NONE', #625 ) ;
#1259 = LINE ( 'NONE', #2063, #2566 ) ;
#1260 = ORIENTED_EDGE ( 'NONE', *, *, #926, .T. ) ;
#1261 = DIRECTION ( 'NONE',  ( -0.000000000000000000, 1.000000000000000000, 0.000000000000000000 ) ) ;
#1262 = PLANE ( 'NONE',  #3076 ) ;
#1263 = PLANE ( 'NONE',  #1198 ) ;
#1264 = DIRECTION ( 'NONE',  ( -0.000000000000000000, 1.000000000000000000, -0.000000000000000000 ) ) ;
#1265 = VERTEX_POINT ( 'NONE', #645 ) ;
#1266 = LINE ( 'NONE', #3393, #2291 ) ;
#1267 = EDGE_CURVE ( 'NONE', #1293, #2477, #1666, .T. ) ;
#1268 = ORIENTED_EDGE ( 'NONE', *, *, #854, .T. ) ;
#1269 =( LENGTH_UNIT ( ) NAMED_UNIT ( * ) SI_UNIT ( .MILLI., .METRE. ) );
#1270 = ADVANCED_FACE ( 'NONE', ( #1474 ), #439, .F. ) ;
#1271 = VECTOR ( 'NONE', #2914, 1000.000000000000000 ) ;
#1272 = DIRECTION ( 'NONE',  ( -0.000000000000000000, -1.000000000000000000, -0.000000000000000000 ) ) ;
#1273 = ORIENTED_EDGE ( 'NONE', *, *, #1525, .F. ) ;
#1274 = LINE ( 'NONE', #2338, #533 ) ;
#1275 = DIRECTION ( 'NONE',  ( 0.000000000000000000, 0.000000000000000000, 1.000000000000000000 ) ) ;
#1276 = DIRECTION ( 'NONE',  ( 1.000000000000000000, 0.000000000000000000, 0.000000000000000000 ) ) ;
#1277 = ORIENTED_EDGE ( 'NONE', *, *, #998, .F. ) ;
#1278 = AXIS2_PLACEMENT_3D ( 'NONE', #2320, #1002, #2910 ) ;
#1279 = DIRECTION ( 'NONE',  ( 0.000000000000000000, 0.000000000000000000, -1.000000000000000000 ) ) ;
#1280 = CARTESIAN_POINT ( 'NONE',  ( 1.900000000000000577, 0.000000000000000000, -0.6000000000000000888 ) ) ;
#1281 = ORIENTED_EDGE ( 'NONE', *, *, #2553, .F. ) ;
#1282 = EDGE_CURVE ( 'NONE', #1609, #1036, #1426, .T. ) ;
#1283 = ORIENTED_EDGE ( 'NONE', *, *, #3293, .F. ) ;
#1284 = CIRCLE ( 'NONE', #1613, 0.3000000000000000444 ) ;
#1285 = PRESENTATION_STYLE_ASSIGNMENT (( #2600 ) ) ;
#1286 = VECTOR ( 'NONE', #1958, 1000.000000000000000 ) ;
#1287 = ORIENTED_EDGE ( 'NONE', *, *, #2436, .F. ) ;
#1288 = VECTOR ( 'NONE', #422, 1000.000000000000000 ) ;
#1289 = CARTESIAN_POINT ( 'NONE',  ( -1.899999999999999245, 0.5000000000000000000, 1.299999999999999600 ) ) ;
#1290 = EDGE_CURVE ( 'NONE', #2595, #1036, #1782, .T. ) ;
#1291 = CARTESIAN_POINT ( 'NONE',  ( -1.899999999999999245, 0.5000000000000000000, 1.299999999999999600 ) ) ;
#1292 = AXIS2_PLACEMENT_3D ( 'NONE', #1091, #3453, #1054 ) ;
#1293 = VERTEX_POINT ( 'NONE', #2496 ) ;
#1294 = EDGE_CURVE ( 'NONE', #1596, #2096, #1700, .T. ) ;
#1295 = EDGE_CURVE ( 'NONE', #2420, #2911, #1617, .T. ) ;
#1296 = DIRECTION ( 'NONE',  ( 0.000000000000000000, 1.000000000000000000, 0.000000000000000000 ) ) ;
#1297 = DIRECTION ( 'NONE',  ( -0.000000000000000000, 1.000000000000000000, 0.000000000000000000 ) ) ;
#1298 = LINE ( 'NONE', #1029, #2963 ) ;
#1299 = ORIENTED_EDGE ( 'NONE', *, *, #2514, .T. ) ;
#1300 = CARTESIAN_POINT ( 'NONE',  ( 1.000000000000009992, 0.2000000000000000111, -0.3000000000000000444 ) ) ;
#1301 = VECTOR ( 'NONE', #1064, 1000.000000000000000 ) ;
#1302 = CARTESIAN_POINT ( 'NONE',  ( -1.899999999999999245, 0.000000000000000000, -1.199999999999999956 ) ) ;
#1303 = ORIENTED_EDGE ( 'NONE', *, *, #3081, .T. ) ;
#1304 = ORIENTED_EDGE ( 'NONE', *, *, #1098, .T. ) ;
#1305 = VECTOR ( 'NONE', #68, 1000.000000000000000 ) ;
#1306 = CARTESIAN_POINT ( 'NONE',  ( -1.899999999999999245, 0.5000000000000000000, 1.299999999999999600 ) ) ;
#1307 = DIRECTION ( 'NONE',  ( 0.000000000000000000, 0.000000000000000000, 1.000000000000000000 ) ) ;
#1308 = AXIS2_PLACEMENT_3D ( 'NONE', #1822, #2726, #51 ) ;
#1309 = ORIENTED_EDGE ( 'NONE', *, *, #1294, .T. ) ;
#1310 = DIRECTION ( 'NONE',  ( 0.000000000000000000, 1.000000000000000000, 0.000000000000000000 ) ) ;
#1311 =( NAMED_UNIT ( * ) SI_UNIT ( $, .STERADIAN. ) SOLID_ANGLE_UNIT ( ) );
#1312 = CARTESIAN_POINT ( 'NONE',  ( -0.9999999999999991118, 0.2000000000000000111, -1.199999999999999956 ) ) ;
#1313 = VERTEX_POINT ( 'NONE', #3070 ) ;
#1314 = CARTESIAN_POINT ( 'NONE',  ( -0.9999999999999991118, 0.2000000000000000111, -0.6000000000000000888 ) ) ;
#1315 = LINE ( 'NONE', #495, #1037 ) ;
#1316 = EDGE_CURVE ( 'NONE', #2303, #1035, #123, .T. ) ;
#1317 = LINE ( 'NONE', #1047, #1120 ) ;
#1318 = EDGE_CURVE ( 'NONE', #2332, #2625, #1967, .T. ) ;
#1319 = ORIENTED_EDGE ( 'NONE', *, *, #1316, .F. ) ;
#1320 = DIRECTION ( 'NONE',  ( -0.000000000000000000, 1.000000000000000000, 0.000000000000000000 ) ) ;
#1321 = FACE_OUTER_BOUND ( 'NONE', #1991, .T. ) ;
#1322 = EDGE_CURVE ( 'NONE', #1324, #1313, #175, .T. ) ;
#1323 = DIRECTION ( 'NONE',  ( 0.000000000000000000, -1.000000000000000000, 0.000000000000000000 ) ) ;
#1324 = VERTEX_POINT ( 'NONE', #2795 ) ;
#1325 = LINE ( 'NONE', #827, #2801 ) ;
#1326 = LINE ( 'NONE', #2131, #1863 ) ;
#1327 = DIRECTION ( 'NONE',  ( -1.000000000000000000, -0.000000000000000000, -2.409338161078898194E-16 ) ) ;
#1328 = ADVANCED_FACE ( 'NONE', ( #159 ), #3344, .F. ) ;
#1329 = VERTEX_POINT ( 'NONE', #3279 ) ;
#1330 = ORIENTED_EDGE ( 'NONE', *, *, #3251, .T. ) ;
#1331 = CARTESIAN_POINT ( 'NONE',  ( 1.900000000000000577, 0.5000000000000000000, 0.000000000000000000 ) ) ;
#1332 = CARTESIAN_POINT ( 'NONE',  ( -0.9999999999999804601, 0.2000000000000000111, 0.6000000000000003109 ) ) ;
#1333 = CARTESIAN_POINT ( 'NONE',  ( -1.899999999999999245, 0.000000000000000000, -1.300000000000000266 ) ) ;
#1334 = CARTESIAN_POINT ( 'NONE',  ( -1.899999999999980593, 0.000000000000000000, 1.200000000000000178 ) ) ;
#1335 = AXIS2_PLACEMENT_3D ( 'NONE', #670, #3372, #2809 ) ;
#1336 = CARTESIAN_POINT ( 'NONE',  ( -1.899999999999999245, 0.5000000000000000000, -1.300000000000000266 ) ) ;
#1337 = AXIS2_PLACEMENT_3D ( 'NONE', #75, #2987, #59 ) ;
#1338 = LINE ( 'NONE', #2594, #2346 ) ;
#1339 = ORIENTED_EDGE ( 'NONE', *, *, #1113, .F. ) ;
#1340 = ORIENTED_EDGE ( 'NONE', *, *, #1231, .T. ) ;
#1341 = ADVANCED_FACE ( 'NONE', ( #879 ), #2053, .F. ) ;
#1342 = SURFACE_SIDE_STYLE ('',( #2674 ) ) ;
#1343 = DIRECTION ( 'NONE',  ( 0.000000000000000000, -0.000000000000000000, 1.000000000000000000 ) ) ;
#1344 = CARTESIAN_POINT ( 'NONE',  ( 1.900000000000000577, -0.8485281374238573537, 0.6000000000000004219 ) ) ;
#1345 = AXIS2_PLACEMENT_3D ( 'NONE', #1196, #3087, #697 ) ;
#1346 = PLANE ( 'NONE',  #2800 ) ;
#1347 = AXIS2_PLACEMENT_3D ( 'NONE', #3247, #2473, #1926 ) ;
#1348 = EDGE_LOOP ( 'NONE', ( #3096, #273, #2114, #563 ) ) ;
#1349 = FACE_OUTER_BOUND ( 'NONE', #1473, .T. ) ;
#1350 = LINE ( 'NONE', #1416, #359 ) ;
#1351 = VECTOR ( 'NONE', #2020, 1000.000000000000000 ) ;
#1352 = DIRECTION ( 'NONE',  ( 0.000000000000000000, 0.000000000000000000, 1.000000000000000000 ) ) ;
#1353 = ORIENTED_EDGE ( 'NONE', *, *, #386, .F. ) ;
#1354 = DIRECTION ( 'NONE',  ( 1.000000000000000000, 0.000000000000000000, -2.409338161078898194E-16 ) ) ;
#1355 = ORIENTED_EDGE ( 'NONE', *, *, #2829, .T. ) ;
#1356 = VERTEX_POINT ( 'NONE', #2279 ) ;
#1357 = VERTEX_POINT ( 'NONE', #1011 ) ;
#1358 = AXIS2_PLACEMENT_3D ( 'NONE', #3112, #1191, #719 ) ;
#1359 = CARTESIAN_POINT ( 'NONE',  ( -1.599999999999999423, 0.2000000000000000944, -1.199999999999999956 ) ) ;
#1360 = ORIENTED_EDGE ( 'NONE', *, *, #56, .T. ) ;
#1361 = ADVANCED_FACE ( 'NONE', ( #3359 ), #2404, .F. ) ;
#1362 = CARTESIAN_POINT ( 'NONE',  ( 1.000000000000009992, 0.000000000000000000, -0.3000000000000000444 ) ) ;
#1363 = AXIS2_PLACEMENT_3D ( 'NONE', #1566, #2879, #2648 ) ;
#1364 = EDGE_CURVE ( 'NONE', #1963, #2657, #2314, .T. ) ;
#1365 = AXIS2_PLACEMENT_3D ( 'NONE', #163, #3284, #1973 ) ;
#1366 = DIRECTION ( 'NONE',  ( 0.000000000000000000, -0.000000000000000000, -1.000000000000000000 ) ) ;
#1367 = FACE_OUTER_BOUND ( 'NONE', #234, .T. ) ;
#1368 = DIRECTION ( 'NONE',  ( 0.000000000000000000, 0.000000000000000000, 1.000000000000000000 ) ) ;
#1369 = CARTESIAN_POINT ( 'NONE',  ( 1.000000000000009992, 0.000000000000000000, 0.3000000000000000444 ) ) ;
#1370 = VERTEX_POINT ( 'NONE', #960 ) ;
#1371 = CARTESIAN_POINT ( 'NONE',  ( 1.900000000000000577, -0.8485281374238573537, 1.199999999999999734 ) ) ;
#1372 = EDGE_LOOP ( 'NONE', ( #893, #2643, #12, #2000, #997, #155 ) ) ;
#1373 = ORIENTED_EDGE ( 'NONE', *, *, #2494, .F. ) ;
#1374 = DIRECTION ( 'NONE',  ( -0.000000000000000000, -0.000000000000000000, -1.000000000000000000 ) ) ;
#1375 = EDGE_LOOP ( 'NONE', ( #760, #592, #1871, #518, #3012 ) ) ;
#1376 = PLANE ( 'NONE',  #908 ) ;
#1377 =( NAMED_UNIT ( * ) PLANE_ANGLE_UNIT ( ) SI_UNIT ( $, .RADIAN. ) );
#1378 = CARTESIAN_POINT ( 'NONE',  ( -1.899999999999999245, 0.1999999999999999833, 1.200000000000000178 ) ) ;
#1379 = EDGE_LOOP ( 'NONE', ( #1045, #42, #609, #3190, #1806, #82 ) ) ;
#1380 = ADVANCED_FACE ( 'NONE', ( #468 ), #2865, .T. ) ;
#1381 = FACE_OUTER_BOUND ( 'NONE', #1731, .T. ) ;
#1382 = DIRECTION ( 'NONE',  ( 0.000000000000000000, -0.000000000000000000, 1.000000000000000000 ) ) ;
#1383 = ADVANCED_FACE ( 'NONE', ( #2830 ), #2684, .F. ) ;
#1384 = LINE ( 'NONE', #2456, #474 ) ;
#1385 = CARTESIAN_POINT ( 'NONE',  ( 1.000000000000019096, 0.000000000000000000, 1.200000000000000178 ) ) ;
#1386 = VERTEX_POINT ( 'NONE', #2074 ) ;
#1387 = AXIS2_PLACEMENT_3D ( 'NONE', #2899, #2628, #2665 ) ;
#1388 = VERTEX_POINT ( 'NONE', #1334 ) ;
#1389 = FACE_OUTER_BOUND ( 'NONE', #167, .T. ) ;
#1390 = VERTEX_POINT ( 'NONE', #2036 ) ;
#1391 = CARTESIAN_POINT ( 'NONE',  ( 1.900000000000000577, 0.5000000000000000000, 0.6000000000000005329 ) ) ;
#1392 = VECTOR ( 'NONE', #934, 1000.000000000000000 ) ;
#1393 = CARTESIAN_POINT ( 'NONE',  ( -0.7999999999999991562, 0.000000000000000000, -0.9999999999999997780 ) ) ;
#1394 = CARTESIAN_POINT ( 'NONE',  ( -0.9999999999999991118, 0.2000000000000000111, -0.6000000000000000888 ) ) ;
#1395 = MECHANICAL_DESIGN_GEOMETRIC_PRESENTATION_REPRESENTATION (  '', ( #1955 ), #2975 ) ;
#1396 = DIRECTION ( 'NONE',  ( -1.000000000000000000, -0.000000000000000000, -0.000000000000000000 ) ) ;
#1397 = CARTESIAN_POINT ( 'NONE',  ( 0.000000000000000000, 0.000000000000000000, 0.000000000000000000 ) ) ;
#1398 = DIRECTION ( 'NONE',  ( -2.409338161078898687E-16, 0.000000000000000000, 1.000000000000000000 ) ) ;
#1399 = ADVANCED_FACE ( 'NONE', ( #1235 ), #3126, .F. ) ;
#1400 = ADVANCED_FACE ( 'NONE', ( #483 ), #1584, .T. ) ;
#1401 = VECTOR ( 'NONE', #3044, 1000.000000000000000 ) ;
#1402 = LINE ( 'NONE', #99, #2025 ) ;
#1403 = AXIS2_PLACEMENT_3D ( 'NONE', #804, #535, #2344 ) ;
#1404 = CARTESIAN_POINT ( 'NONE',  ( -1.899999999999980593, 0.1999999999999999833, 0.9000000000000001332 ) ) ;
#1405 = EDGE_LOOP ( 'NONE', ( #1982, #151, #1108, #107 ) ) ;
#1406 = CYLINDRICAL_SURFACE ( 'NONE', #2353, 0.2000000000000002054 ) ;
#1407 = ORIENTED_EDGE ( 'NONE', *, *, #1364, .F. ) ;
#1408 = DIRECTION ( 'NONE',  ( 1.000000000000000000, 0.000000000000000000, 0.000000000000000000 ) ) ;
#1409 = ORIENTED_EDGE ( 'NONE', *, *, #2536, .T. ) ;
#1410 = AXIS2_PLACEMENT_3D ( 'NONE', #1552, #2631, #260 ) ;
#1411 = DIRECTION ( 'NONE',  ( 0.000000000000000000, -1.000000000000000000, 0.000000000000000000 ) ) ;
#1412 = AXIS2_PLACEMENT_3D ( 'NONE', #256, #2627, #3178 ) ;
#1413 = LINE ( 'NONE', #3073, #1449 ) ;
#1414 = CIRCLE ( 'NONE', #440, 0.2000000000000002054 ) ;
#1415 = CARTESIAN_POINT ( 'NONE',  ( -0.9999999999999804601, 0.2000000000000000111, 0.6000000000000003109 ) ) ;
#1416 = CARTESIAN_POINT ( 'NONE',  ( 1.900000000000000577, 0.000000000000000000, -0.6999999999999997335 ) ) ;
#1417 = FACE_OUTER_BOUND ( 'NONE', #594, .T. ) ;
#1418 = DIRECTION ( 'NONE',  ( 0.000000000000000000, 0.000000000000000000, 1.000000000000000000 ) ) ;
#1419 = ADVANCED_FACE ( 'NONE', ( #735 ), #2886, .F. ) ;
#1420 = VERTEX_POINT ( 'NONE', #3101 ) ;
#1421 = EDGE_CURVE ( 'NONE', #1329, #2870, #1266, .T. ) ;
#1422 = VERTEX_POINT ( 'NONE', #1503 ) ;
#1423 = CARTESIAN_POINT ( 'NONE',  ( 1.000000000000019096, 0.2000000000000000111, 0.6000000000000000888 ) ) ;
#1424 = EDGE_CURVE ( 'NONE', #3224, #1710, #2562, .T. ) ;
#1425 = ORIENTED_EDGE ( 'NONE', *, *, #971, .F. ) ;
#1426 = LINE ( 'NONE', #1159, #590 ) ;
#1427 = ORIENTED_EDGE ( 'NONE', *, *, #3231, .T. ) ;
#1428 = LINE ( 'NONE', #2484, #1679 ) ;
#1429 = DIRECTION ( 'NONE',  ( 0.000000000000000000, -1.000000000000000000, 0.000000000000000000 ) ) ;
#1430 = DIRECTION ( 'NONE',  ( -0.000000000000000000, -0.000000000000000000, -1.000000000000000000 ) ) ;
#1431 = EDGE_CURVE ( 'NONE', #3446, #938, #2667, .T. ) ;
#1432 = DIRECTION ( 'NONE',  ( -0.000000000000000000, 1.000000000000000000, 0.000000000000000000 ) ) ;
#1433 = DIRECTION ( 'NONE',  ( -2.409338161078898194E-16, 0.000000000000000000, -1.000000000000000000 ) ) ;
#1434 = ORIENTED_EDGE ( 'NONE', *, *, #2738, .T. ) ;
#1435 = CARTESIAN_POINT ( 'NONE',  ( -0.7999999999999991562, 0.2000000000000000111, -0.9999999999999997780 ) ) ;
#1436 = CARTESIAN_POINT ( 'NONE',  ( -0.9999999999999897859, 0.000000000000000000, -0.2999999999999998224 ) ) ;
#1437 = ORIENTED_EDGE ( 'NONE', *, *, #1254, .T. ) ;
#1438 = FACE_OUTER_BOUND ( 'NONE', #2921, .T. ) ;
#1439 = EDGE_CURVE ( 'NONE', #1639, #3394, #2580, .T. ) ;
#1440 = VERTEX_POINT ( 'NONE', #292 ) ;
#1441 = LINE ( 'NONE', #2780, #84 ) ;
#1442 = EDGE_CURVE ( 'NONE', #559, #1370, #820, .T. ) ;
#1443 = AXIS2_PLACEMENT_3D ( 'NONE', #1925, #1130, #1382 ) ;
#1444 = CARTESIAN_POINT ( 'NONE',  ( 1.900000000000000577, 0.5000000000000000000, -0.2999999999999996558 ) ) ;
#1445 = DIRECTION ( 'NONE',  ( 0.000000000000000000, 0.000000000000000000, 1.000000000000000000 ) ) ;
#1446 = CIRCLE ( 'NONE', #2796, 0.3000000000000001554 ) ;
#1447 = DIRECTION ( 'NONE',  ( 0.000000000000000000, 0.000000000000000000, 1.000000000000000000 ) ) ;
#1448 = CARTESIAN_POINT ( 'NONE',  ( 1.900000000000000577, 0.2000000000000000111, -1.199999999999999956 ) ) ;
#1449 = VECTOR ( 'NONE', #916, 1000.000000000000000 ) ;
#1450 = EDGE_LOOP ( 'NONE', ( #913, #2024, #1881, #1273, #2136 ) ) ;
#1451 = LINE ( 'NONE', #3047, #485 ) ;
#1452 = EDGE_LOOP ( 'NONE', ( #768, #2446, #1304, #1170, #1986, #2990 ) ) ;
#1453 = LINE ( 'NONE', #1215, #837 ) ;
#1454 = AXIS2_PLACEMENT_3D ( 'NONE', #3085, #2509, #691 ) ;
#1455 = VECTOR ( 'NONE', #647, 1000.000000000000000 ) ;
#1456 = LINE ( 'NONE', #3068, #153 ) ;
#1457 = DIRECTION ( 'NONE',  ( -1.000000000000000000, 0.000000000000000000, 0.000000000000000000 ) ) ;
#1458 = COLOUR_RGB ( '',1.000000000000000000, 0.8117647058823529438, 0.5019607843137254832 ) ;
#1459 = ORIENTED_EDGE ( 'NONE', *, *, #2786, .T. ) ;
#1460 = CARTESIAN_POINT ( 'NONE',  ( 1.900000000000000577, 0.2000000000000000111, -0.6000000000000000888 ) ) ;
#1461 = AXIS2_PLACEMENT_3D ( 'NONE', #730, #2590, #778 ) ;
#1462 = EDGE_CURVE ( 'NONE', #1810, #2970, #1780, .T. ) ;
#1463 = ADVANCED_FACE ( 'NONE', ( #1417 ), #1942, .T. ) ;
#1464 = CARTESIAN_POINT ( 'NONE',  ( -0.9999999999999897859, 0.000000000000000000, -0.2999999999999998224 ) ) ;
#1465 = VECTOR ( 'NONE', #2475, 1000.000000000000000 ) ;
#1466 = DIRECTION ( 'NONE',  ( -0.000000000000000000, -1.000000000000000000, -0.000000000000000000 ) ) ;
#1467 = CARTESIAN_POINT ( 'NONE',  ( -1.899999999999989697, 0.000000000000000000, -0.2000000000000002331 ) ) ;
#1468 = VECTOR ( 'NONE', #699, 1000.000000000000000 ) ;
#1469 = LINE ( 'NONE', #1435, #1796 ) ;
#1470 = AXIS2_PLACEMENT_3D ( 'NONE', #1244, #1074, #3228 ) ;
#1471 = CARTESIAN_POINT ( 'NONE',  ( -1.899999999999989697, 0.000000000000000000, -0.3000000000000000444 ) ) ;
#1472 = DIRECTION ( 'NONE',  ( 0.000000000000000000, 1.000000000000000000, 0.000000000000000000 ) ) ;
#1473 = EDGE_LOOP ( 'NONE', ( #2489, #1277, #1434, #331 ) ) ;
#1474 = FACE_OUTER_BOUND ( 'NONE', #1452, .T. ) ;
#1475 = CARTESIAN_POINT ( 'NONE',  ( 1.000000000000009992, 0.2000000000000000111, -0.3000000000000000444 ) ) ;
#1476 = EDGE_CURVE ( 'NONE', #2384, #475, #2988, .T. ) ;
#1477 = LINE ( 'NONE', #2254, #1501 ) ;
#1478 = VERTEX_POINT ( 'NONE', #849 ) ;
#1479 = LINE ( 'NONE', #1209, #2820 ) ;
#1480 = EDGE_CURVE ( 'NONE', #2727, #1708, #902, .T. ) ;
#1481 = DIRECTION ( 'NONE',  ( 0.000000000000000000, -1.000000000000000000, 0.000000000000000000 ) ) ;
#1482 = EDGE_CURVE ( 'NONE', #2460, #1386, #607, .T. ) ;
#1483 = ORIENTED_EDGE ( 'NONE', *, *, #2064, .F. ) ;
#1484 = DIRECTION ( 'NONE',  ( 0.000000000000000000, 0.000000000000000000, -1.000000000000000000 ) ) ;
#1485 = EDGE_CURVE ( 'NONE', #1829, #1609, #471, .T. ) ;
#1486 = DIRECTION ( 'NONE',  ( -0.000000000000000000, -1.000000000000000000, -0.000000000000000000 ) ) ;
#1487 = ORIENTED_EDGE ( 'NONE', *, *, #1462, .F. ) ;
#1488 = DIRECTION ( 'NONE',  ( 0.000000000000000000, 1.000000000000000000, 0.000000000000000000 ) ) ;
#1489 = ORIENTED_EDGE ( 'NONE', *, *, #1913, .F. ) ;
#1490 = DIRECTION ( 'NONE',  ( -0.000000000000000000, 1.000000000000000000, 0.000000000000000000 ) ) ;
#1491 = LINE ( 'NONE', #2783, #912 ) ;
#1492 = DIRECTION ( 'NONE',  ( -0.000000000000000000, -0.000000000000000000, 1.000000000000000000 ) ) ;
#1493 = LINE ( 'NONE', #1210, #2791 ) ;
#1494 = VERTEX_POINT ( 'NONE', #97 ) ;
#1495 = DIRECTION ( 'NONE',  ( 0.000000000000000000, -1.000000000000000000, 0.000000000000000000 ) ) ;
#1496 = CARTESIAN_POINT ( 'NONE',  ( 1.590000000000000746, 0.5000000000000006661, 1.300000000000000044 ) ) ;
#1497 = EDGE_CURVE ( 'NONE', #2326, #1810, #1152, .T. ) ;
#1498 = DIRECTION ( 'NONE',  ( -2.409338161078898194E-16, 0.000000000000000000, -1.000000000000000000 ) ) ;
#1499 = EDGE_CURVE ( 'NONE', #20, #2970, #1658, .T. ) ;
#1500 = DIRECTION ( 'NONE',  ( 0.000000000000000000, -0.000000000000000000, 1.000000000000000000 ) ) ;
#1501 = VECTOR ( 'NONE', #1222, 1000.000000000000000 ) ;
#1502 = ORIENTED_EDGE ( 'NONE', *, *, #1137, .F. ) ;
#1503 = CARTESIAN_POINT ( 'NONE',  ( 1.900000000000000577, 0.1999999999999999833, -0.5999999999999998668 ) ) ;
#1504 = VECTOR ( 'NONE', #1748, 1000.000000000000000 ) ;
#1505 = FACE_OUTER_BOUND ( 'NONE', #914, .T. ) ;
#1506 = CIRCLE ( 'NONE', #199, 0.2999999999999996558 ) ;
#1507 = SURFACE_SIDE_STYLE ('',( #2850 ) ) ;
#1508 = ORIENTED_EDGE ( 'NONE', *, *, #2575, .T. ) ;
#1509 = ORIENTED_EDGE ( 'NONE', *, *, #1559, .F. ) ;
#1510 = DIRECTION ( 'NONE',  ( 1.000000000000000000, -0.000000000000000000, 0.000000000000000000 ) ) ;
#1511 = CARTESIAN_POINT ( 'NONE',  ( -0.9999999999999804601, 0.000000000000000000, 0.6000000000000003109 ) ) ;
#1512 = VECTOR ( 'NONE', #2593, 1000.000000000000000 ) ;
#1513 = CYLINDRICAL_SURFACE ( 'NONE', #1461, 0.2999999999999996003 ) ;
#1514 = DIRECTION ( 'NONE',  ( 0.000000000000000000, 0.000000000000000000, 1.000000000000000000 ) ) ;
#1515 = AXIS2_PLACEMENT_3D ( 'NONE', #3122, #716, #3447 ) ;
#1516 = CARTESIAN_POINT ( 'NONE',  ( 1.000000000000019096, 0.2000000000000000111, 0.6000000000000000888 ) ) ;
#1517 = VECTOR ( 'NONE', #2909, 1000.000000000000000 ) ;
#1518 = CARTESIAN_POINT ( 'NONE',  ( 0.000000000000000000, 0.000000000000000000, 0.000000000000000000 ) ) ;
#1519 = ADVANCED_FACE ( 'NONE', ( #2210 ), #3268, .F. ) ;
#1520 = ORIENTED_EDGE ( 'NONE', *, *, #2950, .T. ) ;
#1521 = DIRECTION ( 'NONE',  ( -1.000000000000000000, -0.000000000000000000, -0.000000000000000000 ) ) ;
#1522 = ORIENTED_EDGE ( 'NONE', *, *, #565, .F. ) ;
#1523 = ADVANCED_FACE ( 'NONE', ( #312 ), #3286, .F. ) ;
#1524 = LINE ( 'NONE', #19, #3261 ) ;
#1525 = EDGE_CURVE ( 'NONE', #2133, #1138, #620, .T. ) ;
#1526 = LINE ( 'NONE', #3107, #1636 ) ;
#1527 = CARTESIAN_POINT ( 'NONE',  ( -1.599999999999999423, 0.5000000000000000000, -1.199999999999999956 ) ) ;
#1528 = ORIENTED_EDGE ( 'NONE', *, *, #3275, .F. ) ;
#1529 = ORIENTED_EDGE ( 'NONE', *, *, #771, .T. ) ;
#1530 = LINE ( 'NONE', #2606, #2472 ) ;
#1531 = CARTESIAN_POINT ( 'NONE',  ( 1.900000000000010125, 0.000000000000000000, 0.2999999999999998224 ) ) ;
#1532 = ADVANCED_FACE ( 'NONE', ( #1131 ), #3302, .F. ) ;
#1533 = LINE ( 'NONE', #1797, #1066 ) ;
#1534 = ORIENTED_EDGE ( 'NONE', *, *, #2389, .F. ) ;
#1535 = DIRECTION ( 'NONE',  ( -1.000000000000000000, 0.000000000000000000, -0.000000000000000000 ) ) ;
#1536 = CARTESIAN_POINT ( 'NONE',  ( 1.900000000000000577, 0.5000000000000000000, 1.299999999999999600 ) ) ;
#1537 = VERTEX_POINT ( 'NONE', #1674 ) ;
#1538 = EDGE_LOOP ( 'NONE', ( #2681, #3364, #3377, #2385 ) ) ;
#1539 = EDGE_CURVE ( 'NONE', #1420, #2638, #2423, .T. ) ;
#1540 = DIRECTION ( 'NONE',  ( 0.000000000000000000, -1.000000000000000000, 0.000000000000000000 ) ) ;
#1541 = EDGE_CURVE ( 'NONE', #1226, #3033, #115, .T. ) ;
#1542 = LINE ( 'NONE', #2330, #3420 ) ;
#1543 = EDGE_CURVE ( 'NONE', #741, #1154, #2160, .T. ) ;
#1544 = DIRECTION ( 'NONE',  ( 1.000000000000000000, 0.000000000000000000, 0.000000000000000000 ) ) ;
#1545 = VECTOR ( 'NONE', #3448, 1000.000000000000000 ) ;
#1546 = CARTESIAN_POINT ( 'NONE',  ( 1.900000000000000577, 0.5000000000000000000, -0.9000000000000000222 ) ) ;
#1547 = VERTEX_POINT ( 'NONE', #589 ) ;
#1548 = ORIENTED_EDGE ( 'NONE', *, *, #278, .T. ) ;
#1549 = VECTOR ( 'NONE', #2803, 1000.000000000000000 ) ;
#1550 = FACE_OUTER_BOUND ( 'NONE', #1914, .T. ) ;
#1551 = DIRECTION ( 'NONE',  ( 1.000000000000000000, 0.000000000000000000, -2.409338161078898194E-16 ) ) ;
#1552 = CARTESIAN_POINT ( 'NONE',  ( 1.900000000000010125, 0.5000000000000000000, 0.000000000000000000 ) ) ;
#1553 = FACE_OUTER_BOUND ( 'NONE', #3015, .T. ) ;
#1554 = VECTOR ( 'NONE', #2, 1000.000000000000000 ) ;
#1555 = LINE ( 'NONE', #2392, #1907 ) ;
#1556 = ORIENTED_EDGE ( 'NONE', *, *, #2933, .T. ) ;
#1557 = CARTESIAN_POINT ( 'NONE',  ( -1.899999999999999245, 0.000000000000000000, 1.299999999999999600 ) ) ;
#1558 = VECTOR ( 'NONE', #870, 1000.000000000000000 ) ;
#1559 = EDGE_CURVE ( 'NONE', #1662, #1155, #2703, .T. ) ;
#1560 = CIRCLE ( 'NONE', #1135, 0.2000000000000002331 ) ;
#1561 = PLANE ( 'NONE',  #2708 ) ;
#1562 = CARTESIAN_POINT ( 'NONE',  ( -0.9999999999999993339, 0.2000000000000000111, -0.7999999999999998224 ) ) ;
#1563 = ORIENTED_EDGE ( 'NONE', *, *, #56, .F. ) ;
#1564 = ORIENTED_EDGE ( 'NONE', *, *, #789, .F. ) ;
#1565 = DIRECTION ( 'NONE',  ( 0.000000000000000000, 1.000000000000000000, 0.000000000000000000 ) ) ;
#1566 = CARTESIAN_POINT ( 'NONE',  ( -0.9999999999999993339, 0.2000000000000000111, -0.9999999999999997780 ) ) ;
#1567 = STYLED_ITEM ( 'NONE', ( #1146 ), #3331 ) ;
#1568 = DIRECTION ( 'NONE',  ( -0.000000000000000000, -1.000000000000000000, -0.000000000000000000 ) ) ;
#1569 = ORIENTED_EDGE ( 'NONE', *, *, #897, .T. ) ;
#1570 = FACE_OUTER_BOUND ( 'NONE', #525, .T. ) ;
#1571 = AXIS2_PLACEMENT_3D ( 'NONE', #2857, #2572, #1514 ) ;
#1572 = CARTESIAN_POINT ( 'NONE',  ( -1.899999999999999245, 0.5000000000000000000, 1.299999999999999600 ) ) ;
#1573 = ORIENTED_EDGE ( 'NONE', *, *, #2891, .T. ) ;
#1574 = AXIS2_PLACEMENT_3D ( 'NONE', #2417, #1922, #1110 ) ;
#1575 =( GEOMETRIC_REPRESENTATION_CONTEXT ( 3 ) GLOBAL_UNCERTAINTY_ASSIGNED_CONTEXT ( ( #580 ) ) GLOBAL_UNIT_ASSIGNED_CONTEXT ( ( #228, #2329, #2656 ) ) REPRESENTATION_CONTEXT ( 'NONE', 'WORKASPACE' ) );
#1576 = VERTEX_POINT ( 'NONE', #1369 ) ;
#1577 = LINE ( 'NONE', #2150, #1015 ) ;
#1578 = CARTESIAN_POINT ( 'NONE',  ( -0.7999999999999991562, 0.2000000000000000111, -0.7999999999999999334 ) ) ;
#1579 = VERTEX_POINT ( 'NONE', #2442 ) ;
#1580 = CARTESIAN_POINT ( 'NONE',  ( 1.900000000000010125, 0.5000000000000000000, 0.000000000000000000 ) ) ;
#1581 = EDGE_CURVE ( 'NONE', #1830, #2332, #61, .T. ) ;
#1582 = CARTESIAN_POINT ( 'NONE',  ( -1.899999999999999245, 0.000000000000000000, -1.199999999999999956 ) ) ;
#1583 = DIRECTION ( 'NONE',  ( -0.000000000000000000, -0.000000000000000000, -1.000000000000000000 ) ) ;
#1584 = PLANE ( 'NONE',  #2632 ) ;
#1585 = EDGE_CURVE ( 'NONE', #2412, #131, #1384, .T. ) ;
#1586 = ORIENTED_EDGE ( 'NONE', *, *, #2085, .F. ) ;
#1587 = EDGE_CURVE ( 'NONE', #1894, #33, #1975, .T. ) ;
#1588 = DIRECTION ( 'NONE',  ( 1.000000000000000000, 0.000000000000000000, 2.409338161078898194E-16 ) ) ;
#1589 = DIRECTION ( 'NONE',  ( 0.000000000000000000, -1.000000000000000000, 0.000000000000000000 ) ) ;
#1590 = ORIENTED_EDGE ( 'NONE', *, *, #3264, .F. ) ;
#1591 = DIRECTION ( 'NONE',  ( 0.000000000000000000, -1.000000000000000000, 0.000000000000000000 ) ) ;
#1592 = UNCERTAINTY_MEASURE_WITH_UNIT (LENGTH_MEASURE( 1.000000000000000082E-05 ), #2944, 'distance_accuracy_value', 'NONE');
#1593 = LINE ( 'NONE', #87, #3313 ) ;
#1594 = DIRECTION ( 'NONE',  ( 0.000000000000000000, 0.000000000000000000, 1.000000000000000000 ) ) ;
#1595 = DIRECTION ( 'NONE',  ( -1.000000000000000000, -0.000000000000000000, -0.000000000000000000 ) ) ;
#1596 = VERTEX_POINT ( 'NONE', #2770 ) ;
#1597 = EDGE_LOOP ( 'NONE', ( #1487, #2597, #1034, #1626 ) ) ;
#1598 = ORIENTED_EDGE ( 'NONE', *, *, #1318, .T. ) ;
#1599 = AXIS2_PLACEMENT_3D ( 'NONE', #1993, #2842, #2556 ) ;
#1600 = CARTESIAN_POINT ( 'NONE',  ( 0.000000000000000000, 0.2000000000000000111, 0.000000000000000000 ) ) ;
#1601 = FACE_OUTER_BOUND ( 'NONE', #2216, .T. ) ;
#1602 = DIRECTION ( 'NONE',  ( -1.000000000000000000, 0.000000000000000000, 1.084202172485505815E-15 ) ) ;
#1603 = CLOSED_SHELL ( 'NONE', ( #481, #2771, #956, #2062, #3140, #100 ) ) ;
#1604 = CARTESIAN_POINT ( 'NONE',  ( -1.899999999999989697, 0.2000000000000000111, -0.3000000000000000444 ) ) ;
#1605 = ADVANCED_FACE ( 'NONE', ( #130 ), #2239, .F. ) ;
#1606 = VECTOR ( 'NONE', #2158, 1000.000000000000000 ) ;
#1607 = ORIENTED_EDGE ( 'NONE', *, *, #2411, .T. ) ;
#1608 = EDGE_LOOP ( 'NONE', ( #49, #906, #788, #1857 ) ) ;
#1609 = VERTEX_POINT ( 'NONE', #2501 ) ;
#1610 = CARTESIAN_POINT ( 'NONE',  ( -1.899999999999980593, 0.2000000000000000111, 1.200000000000000178 ) ) ;
#1611 = ORIENTED_EDGE ( 'NONE', *, *, #2315, .F. ) ;
#1612 = DIRECTION ( 'NONE',  ( 0.000000000000000000, 0.000000000000000000, 1.000000000000000000 ) ) ;
#1613 = AXIS2_PLACEMENT_3D ( 'NONE', #3362, #2268, #2533 ) ;
#1614 = CARTESIAN_POINT ( 'NONE',  ( -0.9999999999999993339, 0.000000000000000000, -0.9999999999999997780 ) ) ;
#1615 = VECTOR ( 'NONE', #583, 1000.000000000000000 ) ;
#1616 = LINE ( 'NONE', #1148, #2570 ) ;
#1617 = CIRCLE ( 'NONE', #1454, 0.2000000000000002054 ) ;
#1618 = ORIENTED_EDGE ( 'NONE', *, *, #2599, .F. ) ;
#1619 = DIRECTION ( 'NONE',  ( -0.000000000000000000, -1.000000000000000000, -0.000000000000000000 ) ) ;
#1620 = DIRECTION ( 'NONE',  ( 1.000000000000000000, 0.000000000000000000, 0.000000000000000000 ) ) ;
#1621 = AXIS2_PLACEMENT_3D ( 'NONE', #1206, #1014, #3205 ) ;
#1622 = DIRECTION ( 'NONE',  ( 1.000000000000000000, 0.000000000000000000, 2.409338161078898687E-16 ) ) ;
#1623 =( GEOMETRIC_REPRESENTATION_CONTEXT ( 3 ) GLOBAL_UNCERTAINTY_ASSIGNED_CONTEXT ( ( #2166 ) ) GLOBAL_UNIT_ASSIGNED_CONTEXT ( ( #91, #2856, #1005 ) ) REPRESENTATION_CONTEXT ( 'NONE', 'WORKASPACE' ) );
#1624 = CARTESIAN_POINT ( 'NONE',  ( -0.9999999999999993339, 0.000000000000000000, -0.7999999999999998224 ) ) ;
#1625 = ADVANCED_FACE ( 'NONE', ( #1182 ), #498, .F. ) ;
#1626 = ORIENTED_EDGE ( 'NONE', *, *, #1499, .T. ) ;
#1627 = ORIENTED_EDGE ( 'NONE', *, *, #1439, .F. ) ;
#1628 = VECTOR ( 'NONE', #1965, 1000.000000000000000 ) ;
#1629 =( NAMED_UNIT ( * ) PLANE_ANGLE_UNIT ( ) SI_UNIT ( $, .RADIAN. ) );
#1630 = EDGE_CURVE ( 'NONE', #131, #1154, #240, .T. ) ;
#1631 = ORIENTED_EDGE ( 'NONE', *, *, #3042, .T. ) ;
#1632 = CARTESIAN_POINT ( 'NONE',  ( 1.900000000000000577, 0.1999999999999999833, 1.199999999999999734 ) ) ;
#1633 = VECTOR ( 'NONE', #2789, 1000.000000000000000 ) ;
#1634 = EDGE_CURVE ( 'NONE', #944, #1386, #784, .T. ) ;
#1635 = ORIENTED_EDGE ( 'NONE', *, *, #3231, .F. ) ;
#1636 = VECTOR ( 'NONE', #1492, 1000.000000000000000 ) ;
#1637 = EDGE_CURVE ( 'NONE', #944, #2819, #2122, .T. ) ;
#1638 = LINE ( 'NONE', #2699, #586 ) ;
#1639 = VERTEX_POINT ( 'NONE', #2957 ) ;
#1640 = LINE ( 'NONE', #1082, #2872 ) ;
#1641 = PLANE ( 'NONE',  #783 ) ;
#1642 = CARTESIAN_POINT ( 'NONE',  ( 1.000000000000009992, 0.2000000000000000111, 0.3000000000000000444 ) ) ;
#1643 = EDGE_CURVE ( 'NONE', #2519, #2212, #3223, .T. ) ;
#1644 = CARTESIAN_POINT ( 'NONE',  ( 1.900000000000000577, 0.5000000000000000000, -1.300000000000000266 ) ) ;
#1645 = CARTESIAN_POINT ( 'NONE',  ( -1.899999999999989697, 0.5000000000000000000, 0.000000000000000000 ) ) ;
#1646 = ORIENTED_EDGE ( 'NONE', *, *, #1442, .F. ) ;
#1647 = DIRECTION ( 'NONE',  ( 0.000000000000000000, 0.000000000000000000, -1.000000000000000000 ) ) ;
#1648 = ORIENTED_EDGE ( 'NONE', *, *, #597, .T. ) ;
#1649 = DIRECTION ( 'NONE',  ( -1.084202172485505815E-15, -0.000000000000000000, -1.000000000000000000 ) ) ;
#1650 = EDGE_LOOP ( 'NONE', ( #218, #3148, #672, #1121 ) ) ;
#1651 = PLANE ( 'NONE',  #2804 ) ;
#1652 = CARTESIAN_POINT ( 'NONE',  ( 1.900000000000000577, 0.000000000000000000, 0.9000000000000001332 ) ) ;
#1653 = ADVANCED_FACE ( 'NONE', ( #1553 ), #2918, .T. ) ;
#1654 = EDGE_CURVE ( 'NONE', #536, #1850, #1338, .T. ) ;
#1655 = CARTESIAN_POINT ( 'NONE',  ( -0.9999999999999804601, 0.2000000000000000111, 0.6000000000000003109 ) ) ;
#1656 = CARTESIAN_POINT ( 'NONE',  ( -1.899999999999999245, 0.5000000000000000000, 0.6999999999999998446 ) ) ;
#1657 = CARTESIAN_POINT ( 'NONE',  ( -0.9999999999999993339, 0.2000000000000000111, -0.7999999999999998224 ) ) ;
#1658 = LINE ( 'NONE', #2226, #1558 ) ;
#1659 = DIRECTION ( 'NONE',  ( -0.000000000000000000, 1.000000000000000000, -0.000000000000000000 ) ) ;
#1660 = ORIENTED_EDGE ( 'NONE', *, *, #187, .T. ) ;
#1661 = VECTOR ( 'NONE', #3390, 1000.000000000000000 ) ;
#1662 = VERTEX_POINT ( 'NONE', #2654 ) ;
#1663 = VECTOR ( 'NONE', #3233, 1000.000000000000000 ) ;
#1664 = PLANE ( 'NONE',  #1090 ) ;
#1665 = ORIENTED_EDGE ( 'NONE', *, *, #2175, .T. ) ;
#1666 = LINE ( 'NONE', #3034, #253 ) ;
#1667 = ORIENTED_EDGE ( 'NONE', *, *, #1737, .T. ) ;
#1668 = DIRECTION ( 'NONE',  ( -0.000000000000000000, -1.000000000000000000, -0.000000000000000000 ) ) ;
#1669 = CARTESIAN_POINT ( 'NONE',  ( 1.900000000000000577, 0.000000000000000000, 0.9000000000000001332 ) ) ;
#1670 = AXIS2_PLACEMENT_3D ( 'NONE', #844, #1127, #828 ) ;
#1671 = CARTESIAN_POINT ( 'NONE',  ( -1.899999999999999245, 0.5000000000000000000, -0.3000000000000000999 ) ) ;
#1672 = ADVANCED_BREP_SHAPE_REPRESENTATION ( 'TSL2561', ( #3295, #993, #1017, #2088, #3300, #2134, #3331, #3260, #1787 ), #1848 ) ;
#1673 = DIRECTION ( 'NONE',  ( 0.000000000000000000, 0.000000000000000000, 1.000000000000000000 ) ) ;
#1674 = CARTESIAN_POINT ( 'NONE',  ( 1.900000000000000577, 0.000000000000000000, -1.199999999999999956 ) ) ;
#1675 = VECTOR ( 'NONE', #652, 1000.000000000000000 ) ;
#1676 = EDGE_CURVE ( 'NONE', #656, #1963, #1560, .T. ) ;
#1677 = ORIENTED_EDGE ( 'NONE', *, *, #880, .T. ) ;
#1678 = DIRECTION ( 'NONE',  ( -0.000000000000000000, -0.000000000000000000, -1.000000000000000000 ) ) ;
#1679 = VECTOR ( 'NONE', #125, 1000.000000000000000 ) ;
#1680 = VERTEX_POINT ( 'NONE', #1068 ) ;
#1681 = ORIENTED_EDGE ( 'NONE', *, *, #443, .T. ) ;
#1682 = DIRECTION ( 'NONE',  ( 1.000000000000000000, 0.000000000000000000, -0.000000000000000000 ) ) ;
#1683 = DIRECTION ( 'NONE',  ( 0.000000000000000000, 0.000000000000000000, 1.000000000000000000 ) ) ;
#1684 = ORIENTED_EDGE ( 'NONE', *, *, #1903, .T. ) ;
#1685 = PLANE ( 'NONE',  #2576 ) ;
#1686 = EDGE_CURVE ( 'NONE', #1155, #2673, #3432, .T. ) ;
#1687 = VECTOR ( 'NONE', #2490, 1000.000000000000000 ) ;
#1688 = CARTESIAN_POINT ( 'NONE',  ( -1.899999999999999245, 0.000000000000000000, 1.299999999999999600 ) ) ;
#1689 =( GEOMETRIC_REPRESENTATION_CONTEXT ( 3 ) GLOBAL_UNCERTAINTY_ASSIGNED_CONTEXT ( ( #52 ) ) GLOBAL_UNIT_ASSIGNED_CONTEXT ( ( #1269, #1000, #1789 ) ) REPRESENTATION_CONTEXT ( 'NONE', 'WORKASPACE' ) );
#1690 = CARTESIAN_POINT ( 'NONE',  ( -0.9999999999999993339, 0.000000000000000000, -0.9999999999999997780 ) ) ;
#1691 = LINE ( 'NONE', #2027, #69 ) ;
#1692 = DIRECTION ( 'NONE',  ( -1.000000000000000000, 0.000000000000000000, 0.000000000000000000 ) ) ;
#1693 = ADVANCED_FACE ( 'NONE', ( #1321 ), #2671, .F. ) ;
#1694 = ORIENTED_EDGE ( 'NONE', *, *, #1137, .T. ) ;
#1695 = CARTESIAN_POINT ( 'NONE',  ( 1.900000000000019229, 0.000000000000000000, 0.6000000000000003109 ) ) ;
#1696 = CARTESIAN_POINT ( 'NONE',  ( -1.899999999999999245, -0.8485281374238573537, 0.3000000000000000999 ) ) ;
#1697 = ADVANCED_FACE ( 'NONE', ( #3451 ), #31, .T. ) ;
#1698 = VERTEX_POINT ( 'NONE', #1088 ) ;
#1699 = DIRECTION ( 'NONE',  ( -1.084202172485504040E-15, 0.000000000000000000, 1.000000000000000000 ) ) ;
#1700 = LINE ( 'NONE', #404, #1959 ) ;
#1701 = VERTEX_POINT ( 'NONE', #1033 ) ;
#1702 = CARTESIAN_POINT ( 'NONE',  ( 1.900000000000000577, -0.8485281374238573537, -0.9000000000000000222 ) ) ;
#1703 = DIRECTION ( 'NONE',  ( 1.084202172485504040E-15, -0.000000000000000000, -1.000000000000000000 ) ) ;
#1704 = CARTESIAN_POINT ( 'NONE',  ( 1.900000000000000577, 0.5000000000000000000, 0.2999999999999996558 ) ) ;
#1705 = CARTESIAN_POINT ( 'NONE',  ( 1.000000000000009992, 0.2000000000000000111, -0.3000000000000000444 ) ) ;
#1706 = EDGE_LOOP ( 'NONE', ( #2807, #493, #3056, #2155 ) ) ;
#1707 = LINE ( 'NONE', #3304, #1687 ) ;
#1708 = VERTEX_POINT ( 'NONE', #1052 ) ;
#1709 = CARTESIAN_POINT ( 'NONE',  ( -0.9999999999999993339, 0.2000000000000000111, -0.7999999999999998224 ) ) ;
#1710 = VERTEX_POINT ( 'NONE', #1280 ) ;
#1711 = ADVANCED_FACE ( 'NONE', ( #3202 ), #2145, .F. ) ;
#1712 = DIRECTION ( 'NONE',  ( -2.409338161078898194E-16, 0.000000000000000000, -1.000000000000000000 ) ) ;
#1713 = AXIS2_PLACEMENT_3D ( 'NONE', #1724, #2263, #3340 ) ;
#1714 = ORIENTED_EDGE ( 'NONE', *, *, #3380, .F. ) ;
#1715 = DIRECTION ( 'NONE',  ( -0.000000000000000000, 1.000000000000000000, -0.000000000000000000 ) ) ;
#1716 = VECTOR ( 'NONE', #2271, 1000.000000000000000 ) ;
#1717 = DIRECTION ( 'NONE',  ( -0.000000000000000000, -1.000000000000000000, -0.000000000000000000 ) ) ;
#1718 = CARTESIAN_POINT ( 'NONE',  ( -1.899999999999999245, 0.2000000000000000111, -1.199999999999999956 ) ) ;
#1719 = VECTOR ( 'NONE', #2853, 1000.000000000000000 ) ;
#1720 = DIRECTION ( 'NONE',  ( 0.000000000000000000, 1.000000000000000000, 0.000000000000000000 ) ) ;
#1721 = PLANE ( 'NONE',  #2331 ) ;
#1722 = VERTEX_POINT ( 'NONE', #1861 ) ;
#1723 = DIRECTION ( 'NONE',  ( 0.000000000000000000, -1.000000000000000000, 0.000000000000000000 ) ) ;
#1724 = CARTESIAN_POINT ( 'NONE',  ( -0.9999999999999804601, 0.2000000000000000111, 0.6000000000000003109 ) ) ;
#1725 = VECTOR ( 'NONE', #1933, 1000.000000000000000 ) ;
#1726 = VECTOR ( 'NONE', #709, 1000.000000000000000 ) ;
#1727 = CARTESIAN_POINT ( 'NONE',  ( -0.9999999999999804601, 0.000000000000000000, 1.199999999999999956 ) ) ;
#1728 = ORIENTED_EDGE ( 'NONE', *, *, #2668, .T. ) ;
#1729 = CARTESIAN_POINT ( 'NONE',  ( 0.000000000000000000, 0.000000000000000000, 0.000000000000000000 ) ) ;
#1730 = AXIS2_PLACEMENT_3D ( 'NONE', #754, #486, #2940 ) ;
#1731 = EDGE_LOOP ( 'NONE', ( #2646, #3235, #1945, #266 ) ) ;
#1732 = CARTESIAN_POINT ( 'NONE',  ( -1.899999999999989697, 0.2000000000000000111, -0.3000000000000000444 ) ) ;
#1733 = CARTESIAN_POINT ( 'NONE',  ( 1.000000000000000444, 0.2000000000000000111, -1.199999999999999956 ) ) ;
#1734 = CIRCLE ( 'NONE', #1410, 0.2999999999999996558 ) ;
#1735 = EDGE_CURVE ( 'NONE', #1736, #215, #2938, .T. ) ;
#1736 = VERTEX_POINT ( 'NONE', #750 ) ;
#1737 = EDGE_CURVE ( 'NONE', #1478, #891, #2901, .T. ) ;
#1738 = VECTOR ( 'NONE', #3287, 1000.000000000000000 ) ;
#1739 = DIRECTION ( 'NONE',  ( -2.409338161078898194E-16, 0.000000000000000000, -1.000000000000000000 ) ) ;
#1740 = CARTESIAN_POINT ( 'NONE',  ( 1.900000000000000577, 0.2000000000000000111, -1.199999999999999956 ) ) ;
#1741 = VECTOR ( 'NONE', #1430, 1000.000000000000000 ) ;
#1742 = ORIENTED_EDGE ( 'NONE', *, *, #1497, .T. ) ;
#1743 = DIRECTION ( 'NONE',  ( 0.000000000000000000, 0.000000000000000000, -1.000000000000000000 ) ) ;
#1744 = VECTOR ( 'NONE', #1540, 1000.000000000000000 ) ;
#1745 = LINE ( 'NONE', #1981, #2845 ) ;
#1746 = PLANE ( 'NONE',  #2989 ) ;
#1747 = EDGE_LOOP ( 'NONE', ( #293, #3130, #1564, #2357, #2278, #2299, #2763, #1611 ) ) ;
#1748 = DIRECTION ( 'NONE',  ( 1.000000000000000000, 0.000000000000000000, -2.409338161078898194E-16 ) ) ;
#1749 = LINE ( 'NONE', #2548, #3259 ) ;
#1750 = DIRECTION ( 'NONE',  ( 1.000000000000000000, 0.000000000000000000, 0.000000000000000000 ) ) ;
#1751 = ORIENTED_EDGE ( 'NONE', *, *, #3360, .F. ) ;
#1752 = EDGE_CURVE ( 'NONE', #3084, #1904, #2883, .T. ) ;
#1753 = EDGE_CURVE ( 'NONE', #2203, #2425, #2611, .T. ) ;
#1754 = CARTESIAN_POINT ( 'NONE',  ( 0.000000000000000000, 0.000000000000000000, 0.000000000000000000 ) ) ;
#1755 = PLANE ( 'NONE',  #2618 ) ;
#1756 = EDGE_LOOP ( 'NONE', ( #1949, #3405, #1788, #388 ) ) ;
#1757 = CARTESIAN_POINT ( 'NONE',  ( 1.900000000000000577, 0.000000000000000000, 1.299999999999999600 ) ) ;
#1758 = CARTESIAN_POINT ( 'NONE',  ( -1.899999999999980593, 0.2000000000000000111, 1.200000000000000178 ) ) ;
#1759 = EDGE_LOOP ( 'NONE', ( #2066, #3274, #1303, #3399, #2510, #797, #3257, #2893 ) ) ;
#1760 = LINE ( 'NONE', #1232, #2869 ) ;
#1761 = ORIENTED_EDGE ( 'NONE', *, *, #568, .F. ) ;
#1762 = CARTESIAN_POINT ( 'NONE',  ( -0.9999999999999993339, 0.2000000000000000111, -0.7999999999999998224 ) ) ;
#1763 = CARTESIAN_POINT ( 'NONE',  ( 1.900000000000000577, 0.5000000000000000000, 0.6000000000000004219 ) ) ;
#1764 = APPLICATION_PROTOCOL_DEFINITION ( 'draft international standard', 'automotive_design', 1998, #2831 ) ;
#1765 = SURFACE_STYLE_USAGE ( .BOTH. , #3416 ) ;
#1766 = AXIS2_PLACEMENT_3D ( 'NONE', #1516, #2859, #2086 ) ;
#1767 = EDGE_LOOP ( 'NONE', ( #2371, #339, #3226, #1252, #2995, #1437 ) ) ;
#1768 = LINE ( 'NONE', #2873, #1517 ) ;
#1769 = LINE ( 'NONE', #2874, #2178 ) ;
#1770 = EDGE_CURVE ( 'NONE', #776, #3191, #3294, .T. ) ;
#1771 = VECTOR ( 'NONE', #3188, 1000.000000000000000 ) ;
#1772 = ORIENTED_EDGE ( 'NONE', *, *, #854, .F. ) ;
#1773 = EDGE_CURVE ( 'NONE', #190, #1963, #1428, .T. ) ;
#1774 = CARTESIAN_POINT ( 'NONE',  ( -0.7999999999999991562, 0.2000000000000000111, -0.7999999999999999334 ) ) ;
#1775 = LINE ( 'NONE', #496, #1271 ) ;
#1776 = ADVANCED_FACE ( 'NONE', ( #1160 ), #1651, .F. ) ;
#1777 = CARTESIAN_POINT ( 'NONE',  ( -1.899999999999989919, 0.2000000000000000944, 0.3000000000000000999 ) ) ;
#1778 = MECHANICAL_DESIGN_GEOMETRIC_PRESENTATION_REPRESENTATION (  '', ( #2515 ), #313 ) ;
#1779 = ORIENTED_EDGE ( 'NONE', *, *, #2907, .T. ) ;
#1780 = LINE ( 'NONE', #2327, #796 ) ;
#1781 = VERTEX_POINT ( 'NONE', #1937 ) ;
#1782 = CIRCLE ( 'NONE', #371, 0.2000000000000002054 ) ;
#1783 = CARTESIAN_POINT ( 'NONE',  ( -1.899999999999999245, 0.5000000000000000000, 0.2000000000000002331 ) ) ;
#1784 = AXIS2_PLACEMENT_3D ( 'NONE', #2798, #981, #213 ) ;
#1785 = PRESENTATION_STYLE_ASSIGNMENT (( #2041 ) ) ;
#1786 = ADVANCED_FACE ( 'NONE', ( #2400 ), #3193, .F. ) ;
#1787 = AXIS2_PLACEMENT_3D ( 'NONE', #2565, #1307, #2056 ) ;
#1788 = ORIENTED_EDGE ( 'NONE', *, *, #436, .T. ) ;
#1789 =( NAMED_UNIT ( * ) SI_UNIT ( $, .STERADIAN. ) SOLID_ANGLE_UNIT ( ) );
#1790 = CARTESIAN_POINT ( 'NONE',  ( 1.900000000000000577, 0.5000000000000000000, -0.5999999999999998668 ) ) ;
#1791 = VECTOR ( 'NONE', #352, 1000.000000000000000 ) ;
#1792 = ORIENTED_EDGE ( 'NONE', *, *, #1953, .F. ) ;
#1793 = ORIENTED_EDGE ( 'NONE', *, *, #296, .T. ) ;
#1794 = CARTESIAN_POINT ( 'NONE',  ( -0.9999999999999804601, 0.2000000000000000111, 0.6000000000000003109 ) ) ;
#1795 = DIRECTION ( 'NONE',  ( 0.000000000000000000, -1.000000000000000000, 0.000000000000000000 ) ) ;
#1796 = VECTOR ( 'NONE', #1723, 1000.000000000000000 ) ;
#1797 = CARTESIAN_POINT ( 'NONE',  ( 1.000000000000009992, 0.2000000000000000111, 0.3000000000000000444 ) ) ;
#1798 = EDGE_CURVE ( 'NONE', #1357, #1390, #2466, .T. ) ;
#1799 = ORIENTED_EDGE ( 'NONE', *, *, #203, .T. ) ;
#1800 = AXIS2_PLACEMENT_3D ( 'NONE', #2061, #3173, #520 ) ;
#1801 = CARTESIAN_POINT ( 'NONE',  ( -1.899999999999989697, 0.2000000000000000944, 0.000000000000000000 ) ) ;
#1802 = ADVANCED_FACE ( 'NONE', ( #2204 ), #3057, .T. ) ;
#1803 = CARTESIAN_POINT ( 'NONE',  ( 1.900000000000000577, 0.2000000000000000111, -1.199999999999999956 ) ) ;
#1804 = ORIENTED_EDGE ( 'NONE', *, *, #3118, .T. ) ;
#1805 = CARTESIAN_POINT ( 'NONE',  ( 0.000000000000000000, 0.2000000000000000111, 0.000000000000000000 ) ) ;
#1806 = ORIENTED_EDGE ( 'NONE', *, *, #2687, .F. ) ;
#1807 =( NAMED_UNIT ( * ) PLANE_ANGLE_UNIT ( ) SI_UNIT ( $, .RADIAN. ) );
#1808 = DIRECTION ( 'NONE',  ( 0.000000000000000000, -0.000000000000000000, 1.000000000000000000 ) ) ;
#1809 = DIRECTION ( 'NONE',  ( 1.000000000000000000, 0.000000000000000000, -0.000000000000000000 ) ) ;
#1810 = VERTEX_POINT ( 'NONE', #3281 ) ;
#1811 = VERTEX_POINT ( 'NONE', #274 ) ;
#1812 = ORIENTED_EDGE ( 'NONE', *, *, #2775, .F. ) ;
#1813 = ORIENTED_EDGE ( 'NONE', *, *, #817, .T. ) ;
#1814 = CARTESIAN_POINT ( 'NONE',  ( -1.899999999999999245, 0.5000000000000000000, -0.3000000000000000999 ) ) ;
#1815 = CARTESIAN_POINT ( 'NONE',  ( 1.000000000000009992, 0.2000000000000000111, -0.3000000000000000444 ) ) ;
#1816 = DIRECTION ( 'NONE',  ( 0.000000000000000000, 0.000000000000000000, 1.000000000000000000 ) ) ;
#1817 = CARTESIAN_POINT ( 'NONE',  ( 0.000000000000000000, 0.5000000000000000000, 0.000000000000000000 ) ) ;
#1818 = ORIENTED_EDGE ( 'NONE', *, *, #502, .F. ) ;
#1819 = ORIENTED_EDGE ( 'NONE', *, *, #746, .F. ) ;
#1820 = EDGE_CURVE ( 'NONE', #2384, #3033, #1506, .T. ) ;
#1821 = EDGE_CURVE ( 'NONE', #2374, #2877, #2130, .T. ) ;
#1822 = CARTESIAN_POINT ( 'NONE',  ( 1.900000000000000577, 0.1999999999999999833, -0.9000000000000000222 ) ) ;
#1823 = ORIENTED_EDGE ( 'NONE', *, *, #427, .T. ) ;
#1824 = CARTESIAN_POINT ( 'NONE',  ( -1.899999999999999245, -0.8485281374238573537, 0.6000000000000000888 ) ) ;
#1825 = LINE ( 'NONE', #726, #2366 ) ;
#1826 = AXIS2_PLACEMENT_3D ( 'NONE', #2049, #1498, #2573 ) ;
#1827 = DIRECTION ( 'NONE',  ( -0.000000000000000000, 0.000000000000000000, -1.000000000000000000 ) ) ;
#1828 = ORIENTED_EDGE ( 'NONE', *, *, #102, .T. ) ;
#1829 = VERTEX_POINT ( 'NONE', #629 ) ;
#1830 = VERTEX_POINT ( 'NONE', #2234 ) ;
#1831 = DIRECTION ( 'NONE',  ( 0.000000000000000000, 0.000000000000000000, -1.000000000000000000 ) ) ;
#1832 = PLANE ( 'NONE',  #3439 ) ;
#1833 = DIRECTION ( 'NONE',  ( 0.000000000000000000, 1.000000000000000000, 0.000000000000000000 ) ) ;
#1834 = VERTEX_POINT ( 'NONE', #90 ) ;
#1835 = DIRECTION ( 'NONE',  ( -2.409338161078898194E-16, 0.000000000000000000, 1.000000000000000000 ) ) ;
#1836 = DIRECTION ( 'NONE',  ( -0.000000000000000000, -0.000000000000000000, 1.000000000000000000 ) ) ;
#1837 = VERTEX_POINT ( 'NONE', #3312 ) ;
#1838 = EDGE_CURVE ( 'NONE', #1265, #1576, #2932, .T. ) ;
#1839 = VECTOR ( 'NONE', #2733, 1000.000000000000000 ) ;
#1840 = LINE ( 'NONE', #2889, #1744 ) ;
#1841 = ORIENTED_EDGE ( 'NONE', *, *, #2924, .T. ) ;
#1842 = LINE ( 'NONE', #560, #846 ) ;
#1843 = AXIS2_PLACEMENT_3D ( 'NONE', #3007, #1352, #637 ) ;
#1844 = EDGE_CURVE ( 'NONE', #2595, #2939, #374, .T. ) ;
#1845 = VECTOR ( 'NONE', #281, 1000.000000000000000 ) ;
#1846 = LINE ( 'NONE', #3208, #2483 ) ;
#1847 = DIRECTION ( 'NONE',  ( 0.000000000000000000, 0.000000000000000000, -1.000000000000000000 ) ) ;
#1848 =( GEOMETRIC_REPRESENTATION_CONTEXT ( 3 ) GLOBAL_UNCERTAINTY_ASSIGNED_CONTEXT ( ( #1092 ) ) GLOBAL_UNIT_ASSIGNED_CONTEXT ( ( #3370, #2896, #987 ) ) REPRESENTATION_CONTEXT ( 'NONE', 'WORKASPACE' ) );
#1849 = ADVANCED_FACE ( 'NONE', ( #110 ), #1685, .F. ) ;
#1850 = VERTEX_POINT ( 'NONE', #26 ) ;
#1851 = ORIENTED_EDGE ( 'NONE', *, *, #2002, .F. ) ;
#1852 = FACE_OUTER_BOUND ( 'NONE', #1405, .T. ) ;
#1853 = CARTESIAN_POINT ( 'NONE',  ( -1.899999999999980593, 0.2000000000000000111, 1.200000000000000178 ) ) ;
#1854 = CARTESIAN_POINT ( 'NONE',  ( -0.9999999999999897859, 0.2000000000000000111, 0.2999999999999998224 ) ) ;
#1855 = VERTEX_POINT ( 'NONE', #391 ) ;
#1856 = VECTOR ( 'NONE', #852, 1000.000000000000000 ) ;
#1857 = ORIENTED_EDGE ( 'NONE', *, *, #2666, .F. ) ;
#1858 = EDGE_LOOP ( 'NONE', ( #1165, #89, #1681, #1024 ) ) ;
#1859 = CARTESIAN_POINT ( 'NONE',  ( 1.000000000000009992, 0.2000000000000000111, 0.3000000000000000444 ) ) ;
#1860 = VECTOR ( 'NONE', #2139, 1000.000000000000000 ) ;
#1861 = CARTESIAN_POINT ( 'NONE',  ( 1.900000000000000577, 0.5000000000000000000, 1.199999999999999734 ) ) ;
#1862 = ORIENTED_EDGE ( 'NONE', *, *, #1480, .F. ) ;
#1863 = VECTOR ( 'NONE', #2185, 1000.000000000000000 ) ;
#1864 = ORIENTED_EDGE ( 'NONE', *, *, #2334, .F. ) ;
#1865 = LINE ( 'NONE', #2637, #2808 ) ;
#1866 = ORIENTED_EDGE ( 'NONE', *, *, #2258, .T. ) ;
#1867 = LINE ( 'NONE', #1142, #420 ) ;
#1868 = CARTESIAN_POINT ( 'NONE',  ( -0.9999999999999991118, 0.000000000000000000, -1.199999999999999956 ) ) ;
#1869 = EDGE_CURVE ( 'NONE', #2870, #1265, #2647, .T. ) ;
#1870 = ADVANCED_FACE ( 'NONE', ( #1852 ), #2663, .F. ) ;
#1871 = ORIENTED_EDGE ( 'NONE', *, *, #613, .F. ) ;
#1872 = CARTESIAN_POINT ( 'NONE',  ( -0.9999999999999993339, 0.000000000000000000, -0.7999999999999998224 ) ) ;
#1873 = DIRECTION ( 'NONE',  ( -0.000000000000000000, -0.000000000000000000, 1.000000000000000000 ) ) ;
#1874 = PLANE ( 'NONE',  #1337 ) ;
#1875 = ORIENTED_EDGE ( 'NONE', *, *, #3199, .T. ) ;
#1876 = DIRECTION ( 'NONE',  ( -1.084202172485504040E-15, 0.000000000000000000, 1.000000000000000000 ) ) ;
#1877 = DIRECTION ( 'NONE',  ( 0.000000000000000000, 1.000000000000000000, 0.000000000000000000 ) ) ;
#1878 = CARTESIAN_POINT ( 'NONE',  ( -1.599999999999999423, 0.1999999999999999833, -0.6000000000000000888 ) ) ;
#1879 = ORIENTED_EDGE ( 'NONE', *, *, #1424, .T. ) ;
#1880 = PLANE ( 'NONE',  #862 ) ;
#1881 = ORIENTED_EDGE ( 'NONE', *, *, #3142, .F. ) ;
#1882 = DIRECTION ( 'NONE',  ( 1.000000000000000000, 0.000000000000000000, -5.421010862427517240E-16 ) ) ;
#1883 = LINE ( 'NONE', #3243, #3415 ) ;
#1884 = ORIENTED_EDGE ( 'NONE', *, *, #1798, .F. ) ;
#1885 = ORIENTED_EDGE ( 'NONE', *, *, #941, .T. ) ;
#1886 = LINE ( 'NONE', #1100, #2358 ) ;
#1887 = DIRECTION ( 'NONE',  ( 0.000000000000000000, -0.000000000000000000, 1.000000000000000000 ) ) ;
#1888 = DIRECTION ( 'NONE',  ( 0.000000000000000000, -1.000000000000000000, 0.000000000000000000 ) ) ;
#1889 = AXIS2_PLACEMENT_3D ( 'NONE', #3024, #635, #1673 ) ;
#1890 = EDGE_CURVE ( 'NONE', #2609, #2657, #739, .T. ) ;
#1891 = DIRECTION ( 'NONE',  ( 0.000000000000000000, -0.000000000000000000, 1.000000000000000000 ) ) ;
#1892 = VERTEX_POINT ( 'NONE', #1393 ) ;
#1893 = ADVANCED_FACE ( 'NONE', ( #405 ), #3361, .F. ) ;
#1894 = VERTEX_POINT ( 'NONE', #2251 ) ;
#1895 = EDGE_CURVE ( 'NONE', #1422, #559, #994, .T. ) ;
#1896 = CARTESIAN_POINT ( 'NONE',  ( 1.900000000000019229, 0.000000000000000000, 0.6000000000000003109 ) ) ;
#1897 = EDGE_LOOP ( 'NONE', ( #1502, #3444, #3077, #3071 ) ) ;
#1898 = FACE_OUTER_BOUND ( 'NONE', #2478, .T. ) ;
#1899 = CIRCLE ( 'NONE', #1345, 0.2999999999999996558 ) ;
#1900 = FILL_AREA_STYLE ('',( #2152 ) ) ;
#1901 = VECTOR ( 'NONE', #1612, 1000.000000000000000 ) ;
#1902 = LINE ( 'NONE', #1655, #1615 ) ;
#1903 = EDGE_CURVE ( 'NONE', #3280, #1258, #2849, .T. ) ;
#1904 = VERTEX_POINT ( 'NONE', #3396 ) ;
#1905 = DIRECTION ( 'NONE',  ( -0.000000000000000000, 1.000000000000000000, -0.000000000000000000 ) ) ;
#1906 = CARTESIAN_POINT ( 'NONE',  ( 1.000000000000019096, 0.2000000000000000111, 0.6000000000000000888 ) ) ;
#1907 = VECTOR ( 'NONE', #1070, 1000.000000000000000 ) ;
#1908 = DIRECTION ( 'NONE',  ( -1.000000000000000000, 0.000000000000000000, 2.409338161078898194E-16 ) ) ;
#1909 = EDGE_LOOP ( 'NONE', ( #2241, #1866, #557, #501 ) ) ;
#1910 = CARTESIAN_POINT ( 'NONE',  ( -0.7999999999999991562, 0.2000000000000000111, -0.9999999999999997780 ) ) ;
#1911 = AXIS2_PLACEMENT_3D ( 'NONE', #1423, #1682, #2762 ) ;
#1912 = FACE_OUTER_BOUND ( 'NONE', #2855, .T. ) ;
#1913 = EDGE_CURVE ( 'NONE', #1216, #2864, #664, .T. ) ;
#1914 = EDGE_LOOP ( 'NONE', ( #740, #2887, #1635, #751 ) ) ;
#1915 = EDGE_CURVE ( 'NONE', #1855, #623, #1749, .T. ) ;
#1916 = AXIS2_PLACEMENT_3D ( 'NONE', #451, #1488, #2559 ) ;
#1917 = EDGE_CURVE ( 'NONE', #2609, #122, #2832, .T. ) ;
#1918 = FACE_OUTER_BOUND ( 'NONE', #1706, .T. ) ;
#1919 = DIRECTION ( 'NONE',  ( 1.000000000000000000, 0.000000000000000000, 0.000000000000000000 ) ) ;
#1920 = VECTOR ( 'NONE', #1484, 1000.000000000000000 ) ;
#1921 = AXIS2_PLACEMENT_3D ( 'NONE', #2270, #679, #1447 ) ;
#1922 = DIRECTION ( 'NONE',  ( 0.000000000000000000, 1.000000000000000000, 0.000000000000000000 ) ) ;
#1923 = LINE ( 'NONE', #2468, #1186 ) ;
#1924 = DIRECTION ( 'NONE',  ( -0.1391731009600599422, -0.9902680687415710281, -0.000000000000000000 ) ) ;
#1925 = CARTESIAN_POINT ( 'NONE',  ( 0.000000000000000000, 0.2000000000000000111, 0.000000000000000000 ) ) ;
#1926 = DIRECTION ( 'NONE',  ( 0.000000000000000000, 0.000000000000000000, 1.000000000000000000 ) ) ;
#1927 = CARTESIAN_POINT ( 'NONE',  ( 1.900000000000000577, 0.5000000000000000000, -1.100000000000000311 ) ) ;
#1928 = ORIENTED_EDGE ( 'NONE', *, *, #597, .F. ) ;
#1929 = EDGE_LOOP ( 'NONE', ( #2724, #1885, #2980, #1409 ) ) ;
#1930 = CARTESIAN_POINT ( 'NONE',  ( -1.899999999999999245, 0.5000000000000000000, -1.199999999999999956 ) ) ;
#1931 = ORIENTED_EDGE ( 'NONE', *, *, #2634, .F. ) ;
#1932 = ADVANCED_FACE ( 'NONE', ( #3072 ), #695, .F. ) ;
#1933 = DIRECTION ( 'NONE',  ( -0.000000000000000000, -1.000000000000000000, -0.000000000000000000 ) ) ;
#1934 = ADVANCED_FACE ( 'NONE', ( #2581 ), #142, .F. ) ;
#1935 = ORIENTED_EDGE ( 'NONE', *, *, #882, .F. ) ;
#1936 = ORIENTED_EDGE ( 'NONE', *, *, #853, .T. ) ;
#1937 = CARTESIAN_POINT ( 'NONE',  ( 1.900000000000000577, 0.5000000000000000000, 1.199999999999999734 ) ) ;
#1938 = SURFACE_SIDE_STYLE ('',( #3017 ) ) ;
#1939 = CARTESIAN_POINT ( 'NONE',  ( 1.000000000000019096, 0.000000000000000000, 0.6000000000000000888 ) ) ;
#1940 = DIRECTION ( 'NONE',  ( -0.000000000000000000, -1.000000000000000000, -0.000000000000000000 ) ) ;
#1941 = LINE ( 'NONE', #2422, #1606 ) ;
#1942 = PLANE ( 'NONE',  #850 ) ;
#1943 = ORIENTED_EDGE ( 'NONE', *, *, #230, .T. ) ;
#1944 = CARTESIAN_POINT ( 'NONE',  ( 1.900000000000000577, 0.5000000000000000000, 0.6000000000000005329 ) ) ;
#1945 = ORIENTED_EDGE ( 'NONE', *, *, #1027, .F. ) ;
#1946 = EDGE_CURVE ( 'NONE', #938, #2715, #454, .T. ) ;
#1947 = ORIENTED_EDGE ( 'NONE', *, *, #2019, .T. ) ;
#1948 = CARTESIAN_POINT ( 'NONE',  ( 1.000000000000000444, 0.2000000000000000111, -1.199999999999999956 ) ) ;
#1949 = ORIENTED_EDGE ( 'NONE', *, *, #2493, .F. ) ;
#1950 = DIRECTION ( 'NONE',  ( 0.000000000000000000, -1.000000000000000000, 0.000000000000000000 ) ) ;
#1951 = DIRECTION ( 'NONE',  ( 0.000000000000000000, 0.000000000000000000, 1.000000000000000000 ) ) ;
#1952 = CARTESIAN_POINT ( 'NONE',  ( -1.899999999999980593, 0.000000000000000000, 1.200000000000000178 ) ) ;
#1953 = EDGE_CURVE ( 'NONE', #1329, #122, #675, .T. ) ;
#1954 = EDGE_CURVE ( 'NONE', #1547, #3129, #1491, .T. ) ;
#1955 = STYLED_ITEM ( 'NONE', ( #1785 ), #1017 ) ;
#1956 = DIRECTION ( 'NONE',  ( 0.000000000000000000, 0.000000000000000000, 1.000000000000000000 ) ) ;
#1957 = LINE ( 'NONE', #446, #678 ) ;
#1958 = DIRECTION ( 'NONE',  ( -0.000000000000000000, -0.000000000000000000, -1.000000000000000000 ) ) ;
#1959 = VECTOR ( 'NONE', #1408, 1000.000000000000000 ) ;
#1960 = ORIENTED_EDGE ( 'NONE', *, *, #549, .T. ) ;
#1961 = CARTESIAN_POINT ( 'NONE',  ( -1.899999999999989697, 0.1999999999999999833, 0.000000000000000000 ) ) ;
#1962 = AXIS2_PLACEMENT_3D ( 'NONE', #2406, #2072, #2390 ) ;
#1963 = VERTEX_POINT ( 'NONE', #2564 ) ;
#1964 = ORIENTED_EDGE ( 'NONE', *, *, #2599, .T. ) ;
#1965 = DIRECTION ( 'NONE',  ( 0.000000000000000000, -1.000000000000000000, 0.000000000000000000 ) ) ;
#1966 = ORIENTED_EDGE ( 'NONE', *, *, #584, .F. ) ;
#1967 = LINE ( 'NONE', #139, #145 ) ;
#1968 = AXIS2_PLACEMENT_3D ( 'NONE', #555, #765, #1816 ) ;
#1969 = CARTESIAN_POINT ( 'NONE',  ( -1.599999999999999423, -0.8485281374238573537, -1.199999999999999956 ) ) ;
#1970 = AXIS2_PLACEMENT_3D ( 'NONE', #3232, #553, #1129 ) ;
#1971 = LINE ( 'NONE', #1464, #907 ) ;
#1972 = COLOUR_RGB ( '',1.000000000000000000, 0.8117647058823529438, 0.5019607843137254832 ) ;
#1973 = DIRECTION ( 'NONE',  ( -1.000000000000000000, 0.000000000000000000, -0.000000000000000000 ) ) ;
#1974 = CARTESIAN_POINT ( 'NONE',  ( -1.899999999999989919, 0.2000000000000000111, 0.3000000000000000444 ) ) ;
#1975 = LINE ( 'NONE', #395, #801 ) ;
#1976 = EDGE_CURVE ( 'NONE', #2870, #2876, #1221, .T. ) ;
#1977 = EDGE_CURVE ( 'NONE', #905, #3394, #2281, .T. ) ;
#1978 = EDGE_LOOP ( 'NONE', ( #1793, #2370, #47, #1508 ) ) ;
#1979 = CARTESIAN_POINT ( 'NONE',  ( 1.900000000000000577, 0.000000000000000000, 1.299999999999999600 ) ) ;
#1980 = ORIENTED_EDGE ( 'NONE', *, *, #2714, .F. ) ;
#1981 = CARTESIAN_POINT ( 'NONE',  ( -1.899999999999989697, 0.2000000000000000111, -0.3000000000000000444 ) ) ;
#1982 = ORIENTED_EDGE ( 'NONE', *, *, #2451, .F. ) ;
#1983 = CARTESIAN_POINT ( 'NONE',  ( -1.899999999999999245, 0.000000000000000000, -1.100000000000000311 ) ) ;
#1984 = CARTESIAN_POINT ( 'NONE',  ( 1.900000000000010125, 0.2000000000000000111, 0.2999999999999998224 ) ) ;
#1985 = VERTEX_POINT ( 'NONE', #193 ) ;
#1986 = ORIENTED_EDGE ( 'NONE', *, *, #1212, .F. ) ;
#1987 = DIRECTION ( 'NONE',  ( -0.000000000000000000, -1.000000000000000000, -0.000000000000000000 ) ) ;
#1988 = FILL_AREA_STYLE_COLOUR ( '', #1128 ) ;
#1989 = CARTESIAN_POINT ( 'NONE',  ( -0.9999999999999993339, 0.000000000000000000, -0.9999999999999997780 ) ) ;
#1990 = CARTESIAN_POINT ( 'NONE',  ( -1.590000000000000746, 0.5000000000000002220, 1.300000000000000044 ) ) ;
#1991 = EDGE_LOOP ( 'NONE', ( #3170, #2961, #2977, #3055, #259 ) ) ;
#1992 = DIRECTION ( 'NONE',  ( 0.000000000000000000, 1.000000000000000000, 0.000000000000000000 ) ) ;
#1993 = CARTESIAN_POINT ( 'NONE',  ( 1.900000000000000577, 0.000000000000000000, -0.9000000000000000222 ) ) ;
#1994 = APPLICATION_CONTEXT ( 'automotive_design' ) ;
#1995 = ADVANCED_FACE ( 'NONE', ( #1239 ), #2301, .F. ) ;
#1996 = EDGE_LOOP ( 'NONE', ( #3352, #225, #1660, #209 ) ) ;
#1997 = CARTESIAN_POINT ( 'NONE',  ( -1.899999999999999245, 0.5000000000000000000, 0.6000000000000000888 ) ) ;
#1998 = EDGE_CURVE ( 'NONE', #1440, #2911, #3346, .T. ) ;
#1999 = VECTOR ( 'NONE', #588, 1000.000000000000000 ) ;
#2000 = ORIENTED_EDGE ( 'NONE', *, *, #1634, .T. ) ;
#2001 = DIRECTION ( 'NONE',  ( -0.000000000000000000, -0.000000000000000000, -1.000000000000000000 ) ) ;
#2002 = EDGE_CURVE ( 'NONE', #3288, #2240, #2697, .T. ) ;
#2003 = VECTOR ( 'NONE', #1163, 1000.000000000000000 ) ;
#2004 = DIRECTION ( 'NONE',  ( -0.000000000000000000, 1.000000000000000000, 0.000000000000000000 ) ) ;
#2005 = CARTESIAN_POINT ( 'NONE',  ( -1.899999999999989697, 0.5000000000000000000, 0.000000000000000000 ) ) ;
#2006 = DIRECTION ( 'NONE',  ( 0.000000000000000000, -1.000000000000000000, 0.000000000000000000 ) ) ;
#2007 = LINE ( 'NONE', #1705, #1549 ) ;
#2008 = VECTOR ( 'NONE', #3332, 1000.000000000000000 ) ;
#2009 = ORIENTED_EDGE ( 'NONE', *, *, #1869, .F. ) ;
#2010 = DIRECTION ( 'NONE',  ( 0.000000000000000000, 1.000000000000000000, 0.000000000000000000 ) ) ;
#2011 = ORIENTED_EDGE ( 'NONE', *, *, #2293, .F. ) ;
#2012 = CARTESIAN_POINT ( 'NONE',  ( 1.900000000000000577, 0.000000000000000000, 1.299999999999999600 ) ) ;
#2013 = AXIS2_PLACEMENT_3D ( 'NONE', #3114, #1085, #29 ) ;
#2014 = VECTOR ( 'NONE', #798, 1000.000000000000000 ) ;
#2015 = LINE ( 'NONE', #1204, #2812 ) ;
#2016 = VERTEX_POINT ( 'NONE', #1763 ) ;
#2017 = DIRECTION ( 'NONE',  ( -0.000000000000000000, 1.000000000000000000, -0.000000000000000000 ) ) ;
#2018 = ADVANCED_FACE ( 'NONE', ( #1505 ), #161, .F. ) ;
#2019 = EDGE_CURVE ( 'NONE', #1154, #2638, #2347, .T. ) ;
#2020 = DIRECTION ( 'NONE',  ( -0.000000000000000000, -1.000000000000000000, -0.000000000000000000 ) ) ;
#2021 = VECTOR ( 'NONE', #1495, 1000.000000000000000 ) ;
#2022 = DIRECTION ( 'NONE',  ( -0.9902680687415711391, -0.1391731009600599422, 0.000000000000000000 ) ) ;
#2023 = AXIS2_PLACEMENT_3D ( 'NONE', #3342, #1712, #2792 ) ;
#2024 = ORIENTED_EDGE ( 'NONE', *, *, #1654, .T. ) ;
#2025 = VECTOR ( 'NONE', #30, 1000.000000000000000 ) ;
#2026 = CARTESIAN_POINT ( 'NONE',  ( -0.9999999999999991118, 0.000000000000000000, -0.6000000000000000888 ) ) ;
#2027 = CARTESIAN_POINT ( 'NONE',  ( 1.900000000000000577, 0.5000000000000000000, 1.299999999999999600 ) ) ;
#2028 = STYLED_ITEM ( 'NONE', ( #2964 ), #3295 ) ;
#2029 = LINE ( 'NONE', #1026, #2021 ) ;
#2030 = CARTESIAN_POINT ( 'NONE',  ( 1.900000000000000577, 0.000000000000000000, 1.299999999999999600 ) ) ;
#2031 = AXIS2_PLACEMENT_3D ( 'NONE', #2214, #2447, #824 ) ;
#2032 = LINE ( 'NONE', #927, #127 ) ;
#2033 = EDGE_LOOP ( 'NONE', ( #863, #942, #2955, #1012, #2527, #1627 ) ) ;
#2034 = CARTESIAN_POINT ( 'NONE',  ( -1.899999999999999245, 0.000000000000000000, -0.6999999999999997335 ) ) ;
#2035 = VERTEX_POINT ( 'NONE', #808 ) ;
#2036 = CARTESIAN_POINT ( 'NONE',  ( -0.7999999999999991562, 0.000000000000000000, -0.7999999999999999334 ) ) ;
#2037 = EDGE_LOOP ( 'NONE', ( #2624, #777, #2147, #599 ) ) ;
#2038 = CARTESIAN_POINT ( 'NONE',  ( -1.899999999999999245, 0.5000000000000000000, -0.9000000000000000222 ) ) ;
#2039 = SHAPE_DEFINITION_REPRESENTATION ( #3388, #1672 ) ;
#2040 = EDGE_CURVE ( 'NONE', #3345, #262, #1865, .T. ) ;
#2041 = SURFACE_STYLE_USAGE ( .BOTH. , #1507 ) ;
#2042 = EDGE_CURVE ( 'NONE', #140, #3224, #1524, .T. ) ;
#2043 = VERTEX_POINT ( 'NONE', #503 ) ;
#2044 = DIRECTION ( 'NONE',  ( 0.000000000000000000, 1.000000000000000000, 0.000000000000000000 ) ) ;
#2045 = EDGE_CURVE ( 'NONE', #2715, #3417, #1555, .T. ) ;
#2046 = CARTESIAN_POINT ( 'NONE',  ( 1.900000000000010125, 0.2000000000000000111, -0.2999999999999998224 ) ) ;
#2047 = EDGE_LOOP ( 'NONE', ( #541, #2011, #119, #2760 ) ) ;
#2048 = DIRECTION ( 'NONE',  ( 1.000000000000000000, 0.000000000000000000, -0.000000000000000000 ) ) ;
#2049 = CARTESIAN_POINT ( 'NONE',  ( 1.000000000000019096, 0.2000000000000000111, 1.200000000000000178 ) ) ;
#2050 = PLANE ( 'NONE',  #749 ) ;
#2051 = EDGE_LOOP ( 'NONE', ( #3365, #612, #207, #1168 ) ) ;
#2052 = ADVANCED_FACE ( 'NONE', ( #264 ), #540, .F. ) ;
#2053 = PLANE ( 'NONE',  #2013 ) ;
#2054 = VECTOR ( 'NONE', #3163, 1000.000000000000000 ) ;
#2055 = CARTESIAN_POINT ( 'NONE',  ( 1.000000000000009992, 0.000000000000000000, 0.3000000000000000444 ) ) ;
#2056 = DIRECTION ( 'NONE',  ( 1.000000000000000000, 0.000000000000000000, 0.000000000000000000 ) ) ;
#2057 = DIRECTION ( 'NONE',  ( 0.000000000000000000, 0.000000000000000000, 1.000000000000000000 ) ) ;
#2058 = VECTOR ( 'NONE', #96, 1000.000000000000000 ) ;
#2059 = VERTEX_POINT ( 'NONE', #1783 ) ;
#2060 = AXIS2_PLACEMENT_3D ( 'NONE', #2967, #1620, #819 ) ;
#2061 = CARTESIAN_POINT ( 'NONE',  ( -0.9999999999999993339, 0.2000000000000000111, -0.7999999999999998224 ) ) ;
#2062 = ADVANCED_FACE ( 'NONE', ( #2125 ), #301, .F. ) ;
#2063 = CARTESIAN_POINT ( 'NONE',  ( -1.899999999999999245, 0.5000000000000000000, -1.199999999999999956 ) ) ;
#2064 = EDGE_CURVE ( 'NONE', #2059, #1850, #1023, .T. ) ;
#2065 = ORIENTED_EDGE ( 'NONE', *, *, #1086, .F. ) ;
#2066 = ORIENTED_EDGE ( 'NONE', *, *, #1637, .F. ) ;
#2067 = FACE_OUTER_BOUND ( 'NONE', #3449, .T. ) ;
#2068 = LINE ( 'NONE', #2935, #2502 ) ;
#2069 = VECTOR ( 'NONE', #964, 1000.000000000000000 ) ;
#2070 = CARTESIAN_POINT ( 'NONE',  ( -1.899999999999989697, 0.000000000000000000, -0.3000000000000000444 ) ) ;
#2071 = VECTOR ( 'NONE', #929, 1000.000000000000000 ) ;
#2072 = DIRECTION ( 'NONE',  ( 0.000000000000000000, -1.000000000000000000, 0.000000000000000000 ) ) ;
#2073 = ORIENTED_EDGE ( 'NONE', *, *, #169, .F. ) ;
#2074 = CARTESIAN_POINT ( 'NONE',  ( -1.599999999999999423, 0.5000000000000000000, -0.6000000000000000888 ) ) ;
#2075 = AXIS2_PLACEMENT_3D ( 'NONE', #342, #2168, #614 ) ;
#2076 = VECTOR ( 'NONE', #2102, 1000.000000000000000 ) ;
#2077 = LINE ( 'NONE', #1824, #1554 ) ;
#2078 =( GEOMETRIC_REPRESENTATION_CONTEXT ( 3 ) GLOBAL_UNCERTAINTY_ASSIGNED_CONTEXT ( ( #3225 ) ) GLOBAL_UNIT_ASSIGNED_CONTEXT ( ( #2317, #995, #265 ) ) REPRESENTATION_CONTEXT ( 'NONE', 'WORKASPACE' ) );
#2079 = LINE ( 'NONE', #3155, #2649 ) ;
#2080 = DIRECTION ( 'NONE',  ( 0.000000000000000000, 0.000000000000000000, 1.000000000000000000 ) ) ;
#2081 = ORIENTED_EDGE ( 'NONE', *, *, #571, .F. ) ;
#2082 = CIRCLE ( 'NONE', #377, 0.3000000000000000444 ) ;
#2083 = FACE_OUTER_BOUND ( 'NONE', #3176, .T. ) ;
#2084 = LINE ( 'NONE', #477, #434 ) ;
#2085 = EDGE_CURVE ( 'NONE', #2481, #2380, #558, .T. ) ;
#2086 = DIRECTION ( 'NONE',  ( 0.000000000000000000, 0.000000000000000000, -1.000000000000000000 ) ) ;
#2087 = EDGE_CURVE ( 'NONE', #639, #2544, #2903, .T. ) ;
#2088 = MANIFOLD_SOLID_BREP ( 'Cut-Extrude3[2]', #510 ) ;
#2089 = DIRECTION ( 'NONE',  ( 0.000000000000000000, 0.000000000000000000, 1.000000000000000000 ) ) ;
#2090 = DIRECTION ( 'NONE',  ( 0.000000000000000000, 1.000000000000000000, 0.000000000000000000 ) ) ;
#2091 = DIRECTION ( 'NONE',  ( 0.000000000000000000, 0.000000000000000000, 1.000000000000000000 ) ) ;
#2092 = CARTESIAN_POINT ( 'NONE',  ( 1.000000000000009992, 0.000000000000000000, -0.3000000000000000444 ) ) ;
#2093 = PLANE ( 'NONE',  #414 ) ;
#2094 = ORIENTED_EDGE ( 'NONE', *, *, #971, .T. ) ;
#2095 = ORIENTED_EDGE ( 'NONE', *, *, #615, .F. ) ;
#2096 = VERTEX_POINT ( 'NONE', #3149 ) ;
#2097 = CARTESIAN_POINT ( 'NONE',  ( 1.900000000000000577, 0.2000000000000000944, -0.9000000000000000222 ) ) ;
#2098 = DIRECTION ( 'NONE',  ( 1.000000000000000000, 0.000000000000000000, -0.000000000000000000 ) ) ;
#2099 = LINE ( 'NONE', #1333, #67 ) ;
#2100 = ORIENTED_EDGE ( 'NONE', *, *, #1998, .T. ) ;
#2101 = DIRECTION ( 'NONE',  ( 0.000000000000000000, 0.000000000000000000, 1.000000000000000000 ) ) ;
#2102 = DIRECTION ( 'NONE',  ( -0.000000000000000000, -0.000000000000000000, -1.000000000000000000 ) ) ;
#2103 = EDGE_CURVE ( 'NONE', #1494, #1258, #1840, .T. ) ;
#2104 = ORIENTED_EDGE ( 'NONE', *, *, #1098, .F. ) ;
#2105 = ORIENTED_EDGE ( 'NONE', *, *, #2954, .T. ) ;
#2106 = EDGE_CURVE ( 'NONE', #3288, #2460, #2615, .T. ) ;
#2107 = CARTESIAN_POINT ( 'NONE',  ( -1.899999999999989697, 0.2000000000000000111, -0.3000000000000000444 ) ) ;
#2108 = ORIENTED_EDGE ( 'NONE', *, *, #1462, .T. ) ;
#2109 = ADVANCED_FACE ( 'NONE', ( #1038 ), #3171, .T. ) ;
#2110 = CARTESIAN_POINT ( 'NONE',  ( 1.000000000000009992, 0.2000000000000000111, 0.3000000000000000444 ) ) ;
#2111 =( NAMED_UNIT ( * ) SI_UNIT ( $, .STERADIAN. ) SOLID_ANGLE_UNIT ( ) );
#2112 = VECTOR ( 'NONE', #3354, 1000.000000000000000 ) ;
#2113 = DIRECTION ( 'NONE',  ( -1.000000000000000000, -0.000000000000000000, -0.000000000000000000 ) ) ;
#2114 = ORIENTED_EDGE ( 'NONE', *, *, #343, .T. ) ;
#2115 = ORIENTED_EDGE ( 'NONE', *, *, #1322, .T. ) ;
#2116 = ORIENTED_EDGE ( 'NONE', *, *, #2712, .T. ) ;
#2117 = CARTESIAN_POINT ( 'NONE',  ( 1.000000000000009992, 0.2000000000000000111, -0.3000000000000000444 ) ) ;
#2118 = DIRECTION ( 'NONE',  ( 0.000000000000000000, -1.000000000000000000, 0.000000000000000000 ) ) ;
#2119 = DIRECTION ( 'NONE',  ( 0.000000000000000000, 0.000000000000000000, 1.000000000000000000 ) ) ;
#2120 = ORIENTED_EDGE ( 'NONE', *, *, #593, .T. ) ;
#2121 = LINE ( 'NONE', #3200, #1512 ) ;
#2122 = LINE ( 'NONE', #298, #2076 ) ;
#2123 = ORIENTED_EDGE ( 'NONE', *, *, #2837, .F. ) ;
#2124 = CIRCLE ( 'NONE', #2745, 0.3000000000000000999 ) ;
#2125 = FACE_OUTER_BOUND ( 'NONE', #2336, .T. ) ;
#2126 = ADVANCED_FACE ( 'NONE', ( #859 ), #1107, .F. ) ;
#2127 = FACE_OUTER_BOUND ( 'NONE', #2630, .T. ) ;
#2128 = EDGE_CURVE ( 'NONE', #1089, #712, #2495, .T. ) ;
#2129 = AXIS2_PLACEMENT_3D ( 'NONE', #1109, #2393, #1343 ) ;
#2130 = CIRCLE ( 'NONE', #2919, 0.2999999999999996003 ) ;
#2131 = CARTESIAN_POINT ( 'NONE',  ( -1.899999999999980593, 0.2000000000000000111, 1.200000000000000178 ) ) ;
#2132 = LINE ( 'NONE', #39, #2184 ) ;
#2133 = VERTEX_POINT ( 'NONE', #3011 ) ;
#2134 = MANIFOLD_SOLID_BREP ( 'Cut-Extrude3[4]', #2614 ) ;
#2135 = VECTOR ( 'NONE', #200, 1000.000000000000000 ) ;
#2136 = ORIENTED_EDGE ( 'NONE', *, *, #565, .T. ) ;
#2137 = ORIENTED_EDGE ( 'NONE', *, *, #1318, .F. ) ;
#2138 = DIRECTION ( 'NONE',  ( -0.000000000000000000, 1.000000000000000000, -0.000000000000000000 ) ) ;
#2139 = DIRECTION ( 'NONE',  ( -0.000000000000000000, -1.000000000000000000, -0.000000000000000000 ) ) ;
#2140 = DIRECTION ( 'NONE',  ( -1.000000000000000000, 0.000000000000000000, 0.000000000000000000 ) ) ;
#2141 = DIRECTION ( 'NONE',  ( -1.000000000000000000, -0.000000000000000000, -2.409338161078898194E-16 ) ) ;
#2142 = AXIS2_PLACEMENT_3D ( 'NONE', #748, #3450, #1279 ) ;
#2143 = DIRECTION ( 'NONE',  ( 0.000000000000000000, -1.000000000000000000, 0.000000000000000000 ) ) ;
#2144 = AXIS2_PLACEMENT_3D ( 'NONE', #2273, #669, #657 ) ;
#2145 = PLANE ( 'NONE',  #855 ) ;
#2146 = VECTOR ( 'NONE', #1940, 1000.000000000000000 ) ;
#2147 = ORIENTED_EDGE ( 'NONE', *, *, #1637, .T. ) ;
#2148 = DIRECTION ( 'NONE',  ( 1.000000000000000000, 0.000000000000000000, 0.000000000000000000 ) ) ;
#2149 = VERTEX_POINT ( 'NONE', #1359 ) ;
#2150 = CARTESIAN_POINT ( 'NONE',  ( 1.900000000000019229, 0.2000000000000000111, 0.6000000000000003109 ) ) ;
#2151 = PRODUCT_RELATED_PRODUCT_CATEGORY ( 'part', '', ( #2659 ) ) ;
#2152 = FILL_AREA_STYLE_COLOUR ( '', #44 ) ;
#2153 = LINE ( 'NONE', #23, #3131 ) ;
#2154 = ADVANCED_FACE ( 'NONE', ( #1918 ), #1664, .F. ) ;
#2155 = ORIENTED_EDGE ( 'NONE', *, *, #2293, .T. ) ;
#2156 = ADVANCED_FACE ( 'NONE', ( #1389 ), #1406, .F. ) ;
#2157 = CARTESIAN_POINT ( 'NONE',  ( 1.900000000000010125, 0.2000000000000000111, -0.2999999999999998224 ) ) ;
#2158 = DIRECTION ( 'NONE',  ( -0.000000000000000000, -0.000000000000000000, -1.000000000000000000 ) ) ;
#2159 = ADVANCED_FACE ( 'NONE', ( #3032 ), #643, .T. ) ;
#2160 = LINE ( 'NONE', #1102, #3092 ) ;
#2161 = ORIENTED_EDGE ( 'NONE', *, *, #2040, .F. ) ;
#2162 = CARTESIAN_POINT ( 'NONE',  ( 1.000000000000019096, 0.2000000000000000111, 0.6000000000000000888 ) ) ;
#2163 = VERTEX_POINT ( 'NONE', #1896 ) ;
#2164 = VERTEX_POINT ( 'NONE', #2710 ) ;
#2165 = DIRECTION ( 'NONE',  ( -1.000000000000000000, 0.000000000000000000, 2.409338161078898194E-16 ) ) ;
#2166 = UNCERTAINTY_MEASURE_WITH_UNIT (LENGTH_MEASURE( 1.000000000000000082E-05 ), #91, 'distance_accuracy_value', 'NONE');
#2167 = ORIENTED_EDGE ( 'NONE', *, *, #1178, .T. ) ;
#2168 = DIRECTION ( 'NONE',  ( 0.000000000000000000, 1.000000000000000000, 0.000000000000000000 ) ) ;
#2169 = DIRECTION ( 'NONE',  ( 0.000000000000000000, -1.000000000000000000, 0.000000000000000000 ) ) ;
#2170 = EDGE_CURVE ( 'NONE', #1537, #841, #2462, .T. ) ;
#2171 = VECTOR ( 'NONE', #222, 1000.000000000000000 ) ;
#2172 = LINE ( 'NONE', #830, #3269 ) ;
#2173 = CARTESIAN_POINT ( 'NONE',  ( 1.000000000000009992, 0.2000000000000000111, -0.3000000000000000444 ) ) ;
#2174 = CARTESIAN_POINT ( 'NONE',  ( -1.599999999999999423, 0.5000000000000000000, -0.6000000000000000888 ) ) ;
#2175 = EDGE_CURVE ( 'NONE', #2303, #3345, #387, .T. ) ;
#2176 = AXIS2_PLACEMENT_3D ( 'NONE', #1990, #2787, #901 ) ;
#2177 = LINE ( 'NONE', #3236, #601 ) ;
#2178 = VECTOR ( 'NONE', #198, 1000.000000000000000 ) ;
#2179 = CARTESIAN_POINT ( 'NONE',  ( -1.899999999999980593, 0.2000000000000000944, 1.200000000000000178 ) ) ;
#2180 = EDGE_LOOP ( 'NONE', ( #2894, #3021, #3220, #2094 ) ) ;
#2181 = EDGE_LOOP ( 'NONE', ( #3065, #1141, #3327, #1061, #2871, #2541 ) ) ;
#2182 = ORIENTED_EDGE ( 'NONE', *, *, #1820, .T. ) ;
#2183 = LINE ( 'NONE', #3186, #2748 ) ;
#2184 = VECTOR ( 'NONE', #617, 1000.000000000000000 ) ;
#2185 = DIRECTION ( 'NONE',  ( -0.000000000000000000, -1.000000000000000000, -0.000000000000000000 ) ) ;
#2186 = AXIS2_PLACEMENT_3D ( 'NONE', #2953, #226, #721 ) ;
#2187 = DIRECTION ( 'NONE',  ( 0.000000000000000000, 1.000000000000000000, 0.000000000000000000 ) ) ;
#2188 = AXIS2_PLACEMENT_3D ( 'NONE', #224, #2090, #573 ) ;
#2189 = ORIENTED_EDGE ( 'NONE', *, *, #2905, .F. ) ;
#2190 = LINE ( 'NONE', #1582, #381 ) ;
#2191 = LINE ( 'NONE', #2752, #1999 ) ;
#2192 = CARTESIAN_POINT ( 'NONE',  ( -0.9999999999999804601, 0.000000000000000000, 0.6000000000000003109 ) ) ;
#2193 = CARTESIAN_POINT ( 'NONE',  ( -1.899999999999999245, 0.5000000000000000000, -1.300000000000000266 ) ) ;
#2194 = ADVANCED_FACE ( 'NONE', ( #1140 ), #1880, .T. ) ;
#2195 = ORIENTED_EDGE ( 'NONE', *, *, #770, .T. ) ;
#2196 = ORIENTED_EDGE ( 'NONE', *, *, #825, .T. ) ;
#2197 = VECTOR ( 'NONE', #2228, 1000.000000000000000 ) ;
#2198 = DIRECTION ( 'NONE',  ( -0.000000000000000000, 1.000000000000000000, -0.000000000000000000 ) ) ;
#2199 = VERTEX_POINT ( 'NONE', #3277 ) ;
#2200 = DIRECTION ( 'NONE',  ( -0.000000000000000000, 1.000000000000000000, 0.000000000000000000 ) ) ;
#2201 = CIRCLE ( 'NONE', #1470, 0.2999999999999996558 ) ;
#2202 = ORIENTED_EDGE ( 'NONE', *, *, #1838, .F. ) ;
#2203 = VERTEX_POINT ( 'NONE', #876 ) ;
#2204 = FACE_OUTER_BOUND ( 'NONE', #366, .T. ) ;
#2205 = CARTESIAN_POINT ( 'NONE',  ( 1.900000000000019229, 0.2000000000000000111, 0.6000000000000003109 ) ) ;
#2206 = CARTESIAN_POINT ( 'NONE',  ( 0.000000000000000000, 0.000000000000000000, 0.000000000000000000 ) ) ;
#2207 = DIRECTION ( 'NONE',  ( -1.000000000000000000, -0.000000000000000000, -0.000000000000000000 ) ) ;
#2208 = ADVANCED_FACE ( 'NONE', ( #3239 ), #840, .T. ) ;
#2209 = PLANE ( 'NONE',  #2680 ) ;
#2210 = FACE_OUTER_BOUND ( 'NONE', #1375, .T. ) ;
#2211 = LINE ( 'NONE', #1371, #98 ) ;
#2212 = VERTEX_POINT ( 'NONE', #1997 ) ;
#2213 = ORIENTED_EDGE ( 'NONE', *, *, #1735, .F. ) ;
#2214 = CARTESIAN_POINT ( 'NONE',  ( -1.899999999999980593, 0.2000000000000000111, 0.6000000000000000888 ) ) ;
#2215 = EDGE_CURVE ( 'NONE', #2096, #1217, #909, .T. ) ;
#2216 = EDGE_LOOP ( 'NONE', ( #2429, #1694, #1646, #2081, #2073, #1022 ) ) ;
#2217 = PLANE ( 'NONE',  #3255 ) ;
#2218 = ORIENTED_EDGE ( 'NONE', *, *, #1267, .T. ) ;
#2219 = ORIENTED_EDGE ( 'NONE', *, *, #230, .F. ) ;
#2220 = EDGE_CURVE ( 'NONE', #663, #871, #3051, .T. ) ;
#2221 = CARTESIAN_POINT ( 'NONE',  ( -1.899999999999999245, 0.5000000000000000000, 1.299999999999999600 ) ) ;
#2222 = EDGE_CURVE ( 'NONE', #1837, #2946, #2811, .T. ) ;
#2223 = DIRECTION ( 'NONE',  ( -0.000000000000000000, -1.000000000000000000, -0.000000000000000000 ) ) ;
#2224 = DIRECTION ( 'NONE',  ( -0.000000000000000000, 1.000000000000000000, -0.000000000000000000 ) ) ;
#2225 = DIRECTION ( 'NONE',  ( 1.000000000000000000, 0.000000000000000000, 0.000000000000000000 ) ) ;
#2226 = CARTESIAN_POINT ( 'NONE',  ( -1.899999999999980593, 0.2000000000000000111, 0.6000000000000000888 ) ) ;
#2227 = ORIENTED_EDGE ( 'NONE', *, *, #459, .F. ) ;
#2228 = DIRECTION ( 'NONE',  ( -1.000000000000000000, -0.000000000000000000, -2.409338161078898194E-16 ) ) ;
#2229 = ORIENTED_EDGE ( 'NONE', *, *, #1821, .F. ) ;
#2230 = VERTEX_POINT ( 'NONE', #1218 ) ;
#2231 = AXIS2_PLACEMENT_3D ( 'NONE', #311, #2140, #3218 ) ;
#2232 = PLANE ( 'NONE',  #1916 ) ;
#2233 = DIRECTION ( 'NONE',  ( -0.000000000000000000, -0.000000000000000000, -1.000000000000000000 ) ) ;
#2234 = CARTESIAN_POINT ( 'NONE',  ( -1.899999999999989919, 0.2000000000000000111, 0.3000000000000000444 ) ) ;
#2235 = EDGE_CURVE ( 'NONE', #684, #639, #1456, .T. ) ;
#2236 = LINE ( 'NONE', #177, #3197 ) ;
#2237 = LINE ( 'NONE', #1415, #2146 ) ;
#2238 = LINE ( 'NONE', #3318, #1392 ) ;
#2239 = PLANE ( 'NONE',  #2521 ) ;
#2240 = VERTEX_POINT ( 'NONE', #2507 ) ;
#2241 = ORIENTED_EDGE ( 'NONE', *, *, #2106, .F. ) ;
#2242 = CARTESIAN_POINT ( 'NONE',  ( -0.9999999999999897859, 0.000000000000000000, -0.2999999999999998224 ) ) ;
#2243 = EDGE_LOOP ( 'NONE', ( #2725, #2782, #1631, #3412 ) ) ;
#2244 = AXIS2_PLACEMENT_3D ( 'NONE', #1009, #3411, #2369 ) ;
#2245 = LINE ( 'NONE', #1083, #237 ) ;
#2246 = PRESENTATION_LAYER_ASSIGNMENT (  '', '', ( #1567 ) ) ;
#2247 = PLANE ( 'NONE',  #3099 ) ;
#2248 = ORIENTED_EDGE ( 'NONE', *, *, #1027, .T. ) ;
#2249 = CARTESIAN_POINT ( 'NONE',  ( 1.900000000000010125, 0.2000000000000000111, 0.2999999999999998224 ) ) ;
#2250 = PRESENTATION_LAYER_ASSIGNMENT (  '', '', ( #205 ) ) ;
#2251 = CARTESIAN_POINT ( 'NONE',  ( -0.9999999999999897859, 0.2000000000000000111, -0.2999999999999998224 ) ) ;
#2252 = CIRCLE ( 'NONE', #330, 0.3000000000000000999 ) ;
#2253 = ADVANCED_FACE ( 'NONE', ( #2277 ), #1746, .T. ) ;
#2254 = CARTESIAN_POINT ( 'NONE',  ( 1.900000000000000577, 0.5000000000000000000, 0.6000000000000005329 ) ) ;
#2255 = CARTESIAN_POINT ( 'NONE',  ( -1.899999999999989919, 0.2000000000000000111, 0.3000000000000000444 ) ) ;
#2256 = EDGE_CURVE ( 'NONE', #3290, #1781, #1760, .T. ) ;
#2257 = CARTESIAN_POINT ( 'NONE',  ( -0.7999999999999991562, 0.2000000000000000111, -0.9999999999999997780 ) ) ;
#2258 = EDGE_CURVE ( 'NONE', #3288, #2308, #2015, .T. ) ;
#2259 = ORIENTED_EDGE ( 'NONE', *, *, #1820, .F. ) ;
#2260 = DIRECTION ( 'NONE',  ( -1.000000000000000000, -0.000000000000000000, -0.000000000000000000 ) ) ;
#2261 = EDGE_LOOP ( 'NONE', ( #2861, #2202, #2009, #3035 ) ) ;
#2262 = EDGE_CURVE ( 'NONE', #1698, #2240, #3356, .T. ) ;
#2263 = DIRECTION ( 'NONE',  ( -1.000000000000000000, 0.000000000000000000, 0.000000000000000000 ) ) ;
#2264 = EDGE_LOOP ( 'NONE', ( #1569, #246, #2219, #3212 ) ) ;
#2265 = CARTESIAN_POINT ( 'NONE',  ( 1.000000000000000444, 0.2000000000000000111, -1.199999999999999956 ) ) ;
#2266 = LINE ( 'NONE', #945, #1725 ) ;
#2267 = DIRECTION ( 'NONE',  ( 0.000000000000000000, 1.000000000000000000, 0.000000000000000000 ) ) ;
#2268 = DIRECTION ( 'NONE',  ( 0.000000000000000000, 1.000000000000000000, 0.000000000000000000 ) ) ;
#2269 = ORIENTED_EDGE ( 'NONE', *, *, #3307, .F. ) ;
#2270 = CARTESIAN_POINT ( 'NONE',  ( 1.900000000000000577, 0.5000000000000000000, 1.299999999999999600 ) ) ;
#2271 = DIRECTION ( 'NONE',  ( 0.000000000000000000, -1.000000000000000000, 0.000000000000000000 ) ) ;
#2272 = EDGE_LOOP ( 'NONE', ( #2709, #135, #1187, #3169, #1136, #2567, #2746, #2259, #1960, #2626, #2694, #644, #1779, #2095, #1966, #2213, #785, #1167 ) ) ;
#2273 = CARTESIAN_POINT ( 'NONE',  ( -1.899999999999980593, 0.2000000000000000111, 0.6000000000000000888 ) ) ;
#2274 = ADVANCED_FACE ( 'NONE', ( #2827 ), #1169, .T. ) ;
#2275 = DIRECTION ( 'NONE',  ( -0.000000000000000000, -0.000000000000000000, 1.000000000000000000 ) ) ;
#2276 = ADVANCED_FACE ( 'NONE', ( #928 ), #2232, .T. ) ;
#2277 = FACE_OUTER_BOUND ( 'NONE', #1858, .T. ) ;
#2278 = ORIENTED_EDGE ( 'NONE', *, *, #2557, .F. ) ;
#2279 = CARTESIAN_POINT ( 'NONE',  ( -1.899999999999999245, 0.5000000000000000000, 1.200000000000000178 ) ) ;
#2280 = ORIENTED_EDGE ( 'NONE', *, *, #1917, .T. ) ;
#2281 = LINE ( 'NONE', #962, #1351 ) ;
#2282 = CARTESIAN_POINT ( 'NONE',  ( -1.599999999999999423, 0.2000000000000000111, -0.6000000000000000888 ) ) ;
#2283 = ORIENTED_EDGE ( 'NONE', *, *, #593, .F. ) ;
#2284 = FACE_OUTER_BOUND ( 'NONE', #2243, .T. ) ;
#2285 = LINE ( 'NONE', #1181, #2457 ) ;
#2286 = VECTOR ( 'NONE', #772, 1000.000000000000000 ) ;
#2287 = ORIENTED_EDGE ( 'NONE', *, *, #78, .F. ) ;
#2288 = DIRECTION ( 'NONE',  ( -0.000000000000000000, -0.000000000000000000, -1.000000000000000000 ) ) ;
#2289 = CARTESIAN_POINT ( 'NONE',  ( 1.000000000000000444, 0.2000000000000000111, -0.6000000000000000888 ) ) ;
#2290 = PLANE ( 'NONE',  #3298 ) ;
#2291 = VECTOR ( 'NONE', #2141, 1000.000000000000000 ) ;
#2292 = ORIENTED_EDGE ( 'NONE', *, *, #2537, .F. ) ;
#2293 = EDGE_CURVE ( 'NONE', #938, #841, #671, .T. ) ;
#2294 = AXIS2_PLACEMENT_3D ( 'NONE', #2221, #2731, #1175 ) ;
#2295 = DIRECTION ( 'NONE',  ( 1.000000000000000000, 0.000000000000000000, -5.421010862427517240E-16 ) ) ;
#2296 = ORIENTED_EDGE ( 'NONE', *, *, #2950, .F. ) ;
#2297 = CARTESIAN_POINT ( 'NONE',  ( -1.899999999999980593, 0.000000000000000000, 1.200000000000000178 ) ) ;
#2298 = PRESENTATION_LAYER_ASSIGNMENT (  '', '', ( #375 ) ) ;
#2299 = ORIENTED_EDGE ( 'NONE', *, *, #187, .F. ) ;
#2300 = ADVANCED_FACE ( 'NONE', ( #977 ), #2777, .T. ) ;
#2301 = PLANE ( 'NONE',  #1784 ) ;
#2302 = VECTOR ( 'NONE', #295, 1000.000000000000000 ) ;
#2303 = VERTEX_POINT ( 'NONE', #3083 ) ;
#2304 = VECTOR ( 'NONE', #2260, 1000.000000000000000 ) ;
#2305 = PLANE ( 'NONE',  #160 ) ;
#2306 = DIRECTION ( 'NONE',  ( 1.000000000000000000, 0.000000000000000000, -0.000000000000000000 ) ) ;
#2307 = VECTOR ( 'NONE', #1466, 1000.000000000000000 ) ;
#2308 = VERTEX_POINT ( 'NONE', #2034 ) ;
#2309 = DIRECTION ( 'NONE',  ( -1.000000000000000000, -0.000000000000000000, -2.409338161078898194E-16 ) ) ;
#2310 = ADVANCED_FACE ( 'NONE', ( #416 ), #402, .F. ) ;
#2311 = DIRECTION ( 'NONE',  ( -1.000000000000000000, -0.000000000000000000, -2.409338161078898687E-16 ) ) ;
#2312 = LINE ( 'NONE', #2070, #539 ) ;
#2313 = ORIENTED_EDGE ( 'NONE', *, *, #3357, .F. ) ;
#2314 = LINE ( 'NONE', #453, #694 ) ;
#2315 = EDGE_CURVE ( 'NONE', #2096, #1701, #466, .T. ) ;
#2316 = DIRECTION ( 'NONE',  ( -1.000000000000000000, -0.000000000000000000, -2.409338161078898194E-16 ) ) ;
#2317 =( LENGTH_UNIT ( ) NAMED_UNIT ( * ) SI_UNIT ( .MILLI., .METRE. ) );
#2318 = ADVANCED_FACE ( 'NONE', ( #1438 ), #2247, .T. ) ;
#2319 = ORIENTED_EDGE ( 'NONE', *, *, #2045, .T. ) ;
#2320 = CARTESIAN_POINT ( 'NONE',  ( -0.9999999999999993339, 0.2000000000000000111, -0.7999999999999998224 ) ) ;
#2321 = FILL_AREA_STYLE_COLOUR ( '', #2753 ) ;
#2322 = DIRECTION ( 'NONE',  ( 0.000000000000000000, -0.000000000000000000, 1.000000000000000000 ) ) ;
#2323 = DIRECTION ( 'NONE',  ( -0.000000000000000000, -0.000000000000000000, 1.000000000000000000 ) ) ;
#2324 = DIRECTION ( 'NONE',  ( 0.000000000000000000, 0.000000000000000000, -1.000000000000000000 ) ) ;
#2325 = CARTESIAN_POINT ( 'NONE',  ( 1.900000000000000577, 0.000000000000000000, 0.000000000000000000 ) ) ;
#2326 = VERTEX_POINT ( 'NONE', #1727 ) ;
#2327 = CARTESIAN_POINT ( 'NONE',  ( -1.899999999999980593, 0.000000000000000000, 0.6000000000000000888 ) ) ;
#2328 = AXIS2_PLACEMENT_3D ( 'NONE', #1404, #103, #3030 ) ;
#2329 =( NAMED_UNIT ( * ) PLANE_ANGLE_UNIT ( ) SI_UNIT ( $, .RADIAN. ) );
#2330 = CARTESIAN_POINT ( 'NONE',  ( 1.000000000000000444, 0.2000000000000000111, -0.6000000000000000888 ) ) ;
#2331 = AXIS2_PLACEMENT_3D ( 'NONE', #1448, #3043, #681 ) ;
#2332 = VERTEX_POINT ( 'NONE', #990 ) ;
#2333 = ADVANCED_FACE ( 'NONE', ( #1570 ), #2050, .F. ) ;
#2334 = EDGE_CURVE ( 'NONE', #1, #2885, #1008, .T. ) ;
#2335 = PLANE ( 'NONE',  #2403 ) ;
#2336 = EDGE_LOOP ( 'NONE', ( #271, #2283, #1319, #1665 ) ) ;
#2337 = ORIENTED_EDGE ( 'NONE', *, *, #2645, .F. ) ;
#2338 = CARTESIAN_POINT ( 'NONE',  ( 1.000000000000019096, 0.2000000000000000111, 0.6000000000000000888 ) ) ;
#2339 = DIRECTION ( 'NONE',  ( 0.000000000000000000, 0.000000000000000000, 1.000000000000000000 ) ) ;
#2340 = CARTESIAN_POINT ( 'NONE',  ( -0.7999999999999991562, 0.2000000000000000111, -0.7999999999999999334 ) ) ;
#2341 = AXIS2_PLACEMENT_3D ( 'NONE', #517, #3150, #2057 ) ;
#2342 = CARTESIAN_POINT ( 'NONE',  ( -1.899999999999999245, 0.2000000000000000111, -0.6000000000000000888 ) ) ;
#2343 = VECTOR ( 'NONE', #1521, 1000.000000000000000 ) ;
#2344 = DIRECTION ( 'NONE',  ( 0.000000000000000000, 0.000000000000000000, 1.000000000000000000 ) ) ;
#2345 = EDGE_LOOP ( 'NONE', ( #1043, #2195, #279, #946, #2948 ) ) ;
#2346 = VECTOR ( 'NONE', #1264, 1000.000000000000000 ) ;
#2347 = LINE ( 'NONE', #282, #857 ) ;
#2348 = APPLICATION_PROTOCOL_DEFINITION ( 'draft international standard', 'automotive_design', 1998, #1994 ) ;
#2349 = STYLED_ITEM ( 'NONE', ( #1285 ), #2088 ) ;
#2350 = FACE_OUTER_BOUND ( 'NONE', #1450, .T. ) ;
#2351 = ORIENTED_EDGE ( 'NONE', *, *, #465, .T. ) ;
#2352 = PLANE ( 'NONE',  #1097 ) ;
#2353 = AXIS2_PLACEMENT_3D ( 'NONE', #341, #2198, #2998 ) ;
#2354 = CARTESIAN_POINT ( 'NONE',  ( -1.899999999999999245, 0.5000000000000000000, 1.299999999999999600 ) ) ;
#2355 = ORIENTED_EDGE ( 'NONE', *, *, #880, .F. ) ;
#2356 = VERTEX_POINT ( 'NONE', #1067 ) ;
#2357 = ORIENTED_EDGE ( 'NONE', *, *, #692, .F. ) ;
#2358 = VECTOR ( 'NONE', #1905, 1000.000000000000000 ) ;
#2359 = ORIENTED_EDGE ( 'NONE', *, *, #1539, .F. ) ;
#2360 = DIRECTION ( 'NONE',  ( -1.000000000000000000, -0.000000000000000000, -0.000000000000000000 ) ) ;
#2361 = ADVANCED_FACE ( 'NONE', ( #803 ), #3409, .F. ) ;
#2362 = FACE_OUTER_BOUND ( 'NONE', #1978, .T. ) ;
#2363 = VECTOR ( 'NONE', #2542, 1000.000000000000000 ) ;
#2364 = CARTESIAN_POINT ( 'NONE',  ( 1.900000000000019229, 0.2000000000000000111, 1.199999999999999956 ) ) ;
#2365 = VERTEX_POINT ( 'NONE', #1300 ) ;
#2366 = VECTOR ( 'NONE', #457, 1000.000000000000000 ) ;
#2367 = ADVANCED_FACE ( 'NONE', ( #204 ), #2368, .F. ) ;
#2368 = PLANE ( 'NONE',  #3438 ) ;
#2369 = DIRECTION ( 'NONE',  ( 0.000000000000000000, 0.000000000000000000, 1.000000000000000000 ) ) ;
#2370 = ORIENTED_EDGE ( 'NONE', *, *, #65, .F. ) ;
#2371 = ORIENTED_EDGE ( 'NONE', *, *, #549, .F. ) ;
#2372 = ORIENTED_EDGE ( 'NONE', *, *, #817, .F. ) ;
#2373 = DIRECTION ( 'NONE',  ( 1.000000000000000000, -0.000000000000000000, 0.000000000000000000 ) ) ;
#2374 = VERTEX_POINT ( 'NONE', #782 ) ;
#2375 = LINE ( 'NONE', #2046, #411 ) ;
#2376 = EDGE_LOOP ( 'NONE', ( #2741, #1851, #757, #307, #3125, #3392 ) ) ;
#2377 = ORIENTED_EDGE ( 'NONE', *, *, #1295, .T. ) ;
#2378 = ORIENTED_EDGE ( 'NONE', *, *, #1559, .T. ) ;
#2379 = VERTEX_POINT ( 'NONE', #1859 ) ;
#2380 = VERTEX_POINT ( 'NONE', #3431 ) ;
#2381 = DIRECTION ( 'NONE',  ( -2.409338161078898194E-16, 0.000000000000000000, -1.000000000000000000 ) ) ;
#2382 = PLANE ( 'NONE',  #654 ) ;
#2383 = CARTESIAN_POINT ( 'NONE',  ( -1.599999999999999423, 0.5000000000000000000, -0.6000000000000000888 ) ) ;
#2384 = VERTEX_POINT ( 'NONE', #3391 ) ;
#2385 = ORIENTED_EDGE ( 'NONE', *, *, #2103, .T. ) ;
#2386 = ORIENTED_EDGE ( 'NONE', *, *, #1587, .F. ) ;
#2387 = FACE_OUTER_BOUND ( 'NONE', #1756, .T. ) ;
#2388 = ADVANCED_FACE ( 'NONE', ( #2387 ), #1049, .F. ) ;
#2389 = EDGE_CURVE ( 'NONE', #2308, #3240, #2916, .T. ) ;
#2390 = DIRECTION ( 'NONE',  ( 0.000000000000000000, -0.000000000000000000, -1.000000000000000000 ) ) ;
#2391 = ORIENTED_EDGE ( 'NONE', *, *, #1073, .F. ) ;
#2392 = CARTESIAN_POINT ( 'NONE',  ( 1.000000000000000444, 0.2000000000000000111, -0.6000000000000000888 ) ) ;
#2393 = DIRECTION ( 'NONE',  ( 0.000000000000000000, 1.000000000000000000, 0.000000000000000000 ) ) ;
#2394 =( LENGTH_UNIT ( ) NAMED_UNIT ( * ) SI_UNIT ( .MILLI., .METRE. ) );
#2395 = CLOSED_SHELL ( 'NONE', ( #1995, #164, #124, #1693, #2018, #1380, #833, #2407, #2208, #3297 ) ) ;
#2396 = LINE ( 'NONE', #2418, #689 ) ;
#2397 = ORIENTED_EDGE ( 'NONE', *, *, #3254, .F. ) ;
#2398 = ORIENTED_EDGE ( 'NONE', *, *, #2642, .T. ) ;
#2399 = ORIENTED_EDGE ( 'NONE', *, *, #248, .F. ) ;
#2400 = FACE_OUTER_BOUND ( 'NONE', #628, .T. ) ;
#2401 = DIRECTION ( 'NONE',  ( -1.000000000000000000, 0.000000000000000000, 0.000000000000000000 ) ) ;
#2402 = LINE ( 'NONE', #236, #2054 ) ;
#2403 = AXIS2_PLACEMENT_3D ( 'NONE', #3121, #1809, #1827 ) ;
#2404 = PLANE ( 'NONE',  #2186 ) ;
#2405 = DIRECTION ( 'NONE',  ( -0.000000000000000000, -1.000000000000000000, -0.000000000000000000 ) ) ;
#2406 = CARTESIAN_POINT ( 'NONE',  ( 0.000000000000000000, 0.000000000000000000, 0.000000000000000000 ) ) ;
#2407 = ADVANCED_FACE ( 'NONE', ( #2900 ), #1251, .T. ) ;
#2408 = EDGE_LOOP ( 'NONE', ( #340, #507, #2546, #1980, #836 ) ) ;
#2409 = AXIS2_PLACEMENT_3D ( 'NONE', #2658, #2713, #2943 ) ;
#2410 = UNCERTAINTY_MEASURE_WITH_UNIT (LENGTH_MEASURE( 1.000000000000000082E-05 ), #2394, 'distance_accuracy_value', 'NONE');
#2411 = EDGE_CURVE ( 'NONE', #2638, #2380, #2312, .T. ) ;
#2412 = VERTEX_POINT ( 'NONE', #1777 ) ;
#2413 = CARTESIAN_POINT ( 'NONE',  ( 1.900000000000000577, 0.000000000000000000, -0.9000000000000000222 ) ) ;
#2414 = VECTOR ( 'NONE', #1950, 1000.000000000000000 ) ;
#2415 = ADVANCED_FACE ( 'NONE', ( #14 ), #733, .F. ) ;
#2416 = VECTOR ( 'NONE', #1987, 1000.000000000000000 ) ;
#2417 = CARTESIAN_POINT ( 'NONE',  ( -1.899999999999999245, 0.000000000000000000, 0.000000000000000000 ) ) ;
#2418 = CARTESIAN_POINT ( 'NONE',  ( -1.899999999999999245, 0.2000000000000000111, -1.199999999999999956 ) ) ;
#2419 = ORIENTED_EDGE ( 'NONE', *, *, #1541, .F. ) ;
#2420 = VERTEX_POINT ( 'NONE', #2610 ) ;
#2421 = CARTESIAN_POINT ( 'NONE',  ( -0.9999999999999804601, 0.2000000000000000111, 1.199999999999999956 ) ) ;
#2422 = CARTESIAN_POINT ( 'NONE',  ( 1.900000000000010125, 0.000000000000000000, -0.2999999999999998224 ) ) ;
#2423 = LINE ( 'NONE', #365, #2518 ) ;
#2424 = VECTOR ( 'NONE', #3308, 1000.000000000000000 ) ;
#2425 = VERTEX_POINT ( 'NONE', #511 ) ;
#2426 = EDGE_CURVE ( 'NONE', #1478, #2727, #2121, .T. ) ;
#2427 = LINE ( 'NONE', #1624, #1856 ) ;
#2428 = VECTOR ( 'NONE', #1619, 1000.000000000000000 ) ;
#2429 = ORIENTED_EDGE ( 'NONE', *, *, #2642, .F. ) ;
#2430 = ORIENTED_EDGE ( 'NONE', *, *, #727, .T. ) ;
#2431 = PRESENTATION_LAYER_ASSIGNMENT (  '', '', ( #2028 ) ) ;
#2432 = ORIENTED_EDGE ( 'NONE', *, *, #1890, .T. ) ;
#2433 = SURFACE_STYLE_USAGE ( .BOTH. , #105 ) ;
#2434 = ORIENTED_EDGE ( 'NONE', *, *, #2436, .T. ) ;
#2435 = CARTESIAN_POINT ( 'NONE',  ( -0.9999999999999897859, 0.000000000000000000, 0.2999999999999998224 ) ) ;
#2436 = EDGE_CURVE ( 'NONE', #122, #871, #1734, .T. ) ;
#2437 =( NAMED_UNIT ( * ) PLANE_ANGLE_UNIT ( ) SI_UNIT ( $, .RADIAN. ) );
#2438 = ADVANCED_FACE ( 'NONE', ( #223 ), #1263, .F. ) ;
#2439 = DIRECTION ( 'NONE',  ( 0.000000000000000000, -0.000000000000000000, 1.000000000000000000 ) ) ;
#2440 = CARTESIAN_POINT ( 'NONE',  ( 1.900000000000000577, 0.000000000000000000, -1.100000000000000311 ) ) ;
#2441 = DIRECTION ( 'NONE',  ( 0.000000000000000000, -1.000000000000000000, 0.000000000000000000 ) ) ;
#2442 = CARTESIAN_POINT ( 'NONE',  ( 1.900000000000000577, 0.000000000000000000, 1.299999999999999600 ) ) ;
#2443 = VERTEX_POINT ( 'NONE', #1031 ) ;
#2444 = DIRECTION ( 'NONE',  ( -0.000000000000000000, 1.000000000000000000, 0.000000000000000000 ) ) ;
#2445 = ORIENTED_EDGE ( 'NONE', *, *, #2064, .T. ) ;
#2446 = ORIENTED_EDGE ( 'NONE', *, *, #3292, .T. ) ;
#2447 = DIRECTION ( 'NONE',  ( 1.000000000000000000, 0.000000000000000000, 0.000000000000000000 ) ) ;
#2448 = ORIENTED_EDGE ( 'NONE', *, *, #3142, .T. ) ;
#2449 = CARTESIAN_POINT ( 'NONE',  ( -1.899999999999999245, 0.5000000000000000000, -0.3000000000000000999 ) ) ;
#2450 = PLANE ( 'NONE',  #1670 ) ;
#2451 = EDGE_CURVE ( 'NONE', #2412, #2481, #3209, .T. ) ;
#2452 = ADVANCED_FACE ( 'NONE', ( #638 ), #316, .T. ) ;
#2453 = ORIENTED_EDGE ( 'NONE', *, *, #939, .F. ) ;
#2454 = DIRECTION ( 'NONE',  ( 0.000000000000000000, 1.000000000000000000, 0.000000000000000000 ) ) ;
#2455 = PLANE ( 'NONE',  #2060 ) ;
#2456 = CARTESIAN_POINT ( 'NONE',  ( -1.899999999999989919, 0.2000000000000000111, 0.3000000000000000444 ) ) ;
#2457 = VECTOR ( 'NONE', #165, 1000.000000000000000 ) ;
#2458 = CARTESIAN_POINT ( 'NONE',  ( -0.7999999999999991562, 0.000000000000000000, -0.9999999999999997780 ) ) ;
#2459 = ORIENTED_EDGE ( 'NONE', *, *, #877, .F. ) ;
#2460 = VERTEX_POINT ( 'NONE', #62 ) ;
#2461 = ORIENTED_EDGE ( 'NONE', *, *, #2479, .T. ) ;
#2462 = LINE ( 'NONE', #1123, #431 ) ;
#2463 = ORIENTED_EDGE ( 'NONE', *, *, #1211, .T. ) ;
#2464 = CARTESIAN_POINT ( 'NONE',  ( -1.599999999999999423, -0.8485281374238573537, -1.199999999999999956 ) ) ;
#2465 = CIRCLE ( 'NONE', #2629, 0.2000000000000002054 ) ;
#2466 = LINE ( 'NONE', #1872, #2982 ) ;
#2467 = VECTOR ( 'NONE', #1715, 1000.000000000000000 ) ;
#2468 = CARTESIAN_POINT ( 'NONE',  ( 1.000000000000019096, 0.2000000000000000111, 0.6000000000000000888 ) ) ;
#2469 = EDGE_LOOP ( 'NONE', ( #786, #1590, #288, #874, #64, #1309 ) ) ;
#2470 = DIRECTION ( 'NONE',  ( 0.000000000000000000, -0.000000000000000000, 1.000000000000000000 ) ) ;
#2471 = CARTESIAN_POINT ( 'NONE',  ( -1.899999999999980593, 0.2000000000000000111, 0.6000000000000000888 ) ) ;
#2472 = VECTOR ( 'NONE', #528, 1000.000000000000000 ) ;
#2473 = DIRECTION ( 'NONE',  ( 0.000000000000000000, 1.000000000000000000, 0.000000000000000000 ) ) ;
#2474 = EDGE_CURVE ( 'NONE', #3191, #1357, #2427, .T. ) ;
#2475 = DIRECTION ( 'NONE',  ( 1.000000000000000000, 1.363776317591828850E-16, -0.000000000000000000 ) ) ;
#2476 = VERTEX_POINT ( 'NONE', #367 ) ;
#2477 = VERTEX_POINT ( 'NONE', #2458 ) ;
#2478 = EDGE_LOOP ( 'NONE', ( #974, #1010, #950, #2337 ) ) ;
#2479 = EDGE_CURVE ( 'NONE', #86, #1710, #1103, .T. ) ;
#2480 = VECTOR ( 'NONE', #397, 1000.000000000000000 ) ;
#2481 = VERTEX_POINT ( 'NONE', #1604 ) ;
#2482 = DIRECTION ( 'NONE',  ( -1.000000000000000000, -1.474563028959474411E-16, -0.000000000000000000 ) ) ;
#2483 = VECTOR ( 'NONE', #3262, 1000.000000000000000 ) ;
#2484 = CARTESIAN_POINT ( 'NONE',  ( 1.900000000000010125, 0.000000000000000000, -0.2999999999999998224 ) ) ;
#2485 = LINE ( 'NONE', #1718, #3133 ) ;
#2486 = FACE_OUTER_BOUND ( 'NONE', #63, .T. ) ;
#2487 = LINE ( 'NONE', #2471, #2058 ) ;
#2488 = DIRECTION ( 'NONE',  ( 1.000000000000000000, -0.000000000000000000, -0.000000000000000000 ) ) ;
#2489 = ORIENTED_EDGE ( 'NONE', *, *, #898, .F. ) ;
#2490 = DIRECTION ( 'NONE',  ( -0.000000000000000000, -1.000000000000000000, -0.000000000000000000 ) ) ;
#2491 = EDGE_LOOP ( 'NONE', ( #610, #1728, #1875, #1586, #1841 ) ) ;
#2492 = ORIENTED_EDGE ( 'NONE', *, *, #571, .T. ) ;
#2493 = EDGE_CURVE ( 'NONE', #1, #20, #2082, .T. ) ;
#2494 = EDGE_CURVE ( 'NONE', #173, #807, #1118, .T. ) ;
#2495 = LINE ( 'NONE', #1930, #3273 ) ;
#2496 = CARTESIAN_POINT ( 'NONE',  ( -0.7999999999999991562, 0.000000000000000000, -0.7999999999999999334 ) ) ;
#2497 = DIRECTION ( 'NONE',  ( 1.000000000000000000, 0.000000000000000000, -5.421010862427517240E-16 ) ) ;
#2498 = LINE ( 'NONE', #3314, #3311 ) ;
#2499 = CARTESIAN_POINT ( 'NONE',  ( 1.900000000000000577, 0.5000000000000000000, -1.200000000000000178 ) ) ;
#2500 = CARTESIAN_POINT ( 'NONE',  ( 1.900000000000000577, -0.8485281374238573537, -1.200000000000000178 ) ) ;
#2501 = CARTESIAN_POINT ( 'NONE',  ( 1.900000000000000577, 0.5000000000000000000, -0.5999999999999998668 ) ) ;
#2502 = VECTOR ( 'NONE', #745, 1000.000000000000000 ) ;
#2503 = ORIENTED_EDGE ( 'NONE', *, *, #479, .F. ) ;
#2504 = FACE_OUTER_BOUND ( 'NONE', #1597, .T. ) ;
#2505 = LINE ( 'NONE', #1471, #1661 ) ;
#2506 = ORIENTED_EDGE ( 'NONE', *, *, #1581, .T. ) ;
#2507 = CARTESIAN_POINT ( 'NONE',  ( -1.899999999999999245, 0.5000000000000000000, -1.100000000000000311 ) ) ;
#2508 = ORIENTED_EDGE ( 'NONE', *, *, #444, .T. ) ;
#2509 = DIRECTION ( 'NONE',  ( 0.000000000000000000, 1.000000000000000000, 0.000000000000000000 ) ) ;
#2510 = ORIENTED_EDGE ( 'NONE', *, *, #2087, .T. ) ;
#2511 = EDGE_CURVE ( 'NONE', #2476, #1680, #872, .T. ) ;
#2512 = CARTESIAN_POINT ( 'NONE',  ( -0.9999999999999991118, 0.000000000000000000, -1.199999999999999956 ) ) ;
#2513 = PLANE ( 'NONE',  #3088 ) ;
#2514 = EDGE_CURVE ( 'NONE', #2877, #1106, #572, .T. ) ;
#2515 = STYLED_ITEM ( 'NONE', ( #2906 ), #993 ) ;
#2516 = LINE ( 'NONE', #148, #976 ) ;
#2517 = DIRECTION ( 'NONE',  ( -0.000000000000000000, -0.000000000000000000, -1.000000000000000000 ) ) ;
#2518 = VECTOR ( 'NONE', #2754, 1000.000000000000000 ) ;
#2519 = VERTEX_POINT ( 'NONE', #3028 ) ;
#2520 = LINE ( 'NONE', #1979, #1920 ) ;
#2521 = AXIS2_PLACEMENT_3D ( 'NONE', #3319, #1433, #919 ) ;
#2522 = CARTESIAN_POINT ( 'NONE',  ( 1.900000000000000577, 0.5000000000000000000, -0.2999999999999996558 ) ) ;
#2523 = EDGE_CURVE ( 'NONE', #171, #2947, #2177, .T. ) ;
#2524 = EDGE_LOOP ( 'NONE', ( #1528, #1003, #3010, #1943 ) ) ;
#2525 = DIRECTION ( 'NONE',  ( -1.000000000000000000, 0.000000000000000000, 0.000000000000000000 ) ) ;
#2526 = VERTEX_POINT ( 'NONE', #2685 ) ;
#2527 = ORIENTED_EDGE ( 'NONE', *, *, #636, .F. ) ;
#2528 = CARTESIAN_POINT ( 'NONE',  ( 1.900000000000000577, 0.5000000000000000000, -0.9000000000000000222 ) ) ;
#2529 = VECTOR ( 'NONE', #2740, 1000.000000000000000 ) ;
#2530 = VERTEX_POINT ( 'NONE', #2956 ) ;
#2531 = DIRECTION ( 'NONE',  ( -0.000000000000000000, -1.000000000000000000, -0.000000000000000000 ) ) ;
#2532 = VECTOR ( 'NONE', #2207, 1000.000000000000000 ) ;
#2533 = DIRECTION ( 'NONE',  ( 0.000000000000000000, 0.000000000000000000, 1.000000000000000000 ) ) ;
#2534 = EDGE_CURVE ( 'NONE', #2059, #2526, #79, .T. ) ;
#2535 = VECTOR ( 'NONE', #773, 1000.000000000000000 ) ;
#2536 = EDGE_CURVE ( 'NONE', #1722, #1313, #2670, .T. ) ;
#2537 = EDGE_CURVE ( 'NONE', #2947, #626, #3008, .T. ) ;
#2538 = CARTESIAN_POINT ( 'NONE',  ( -1.899999999999999245, 0.2000000000000000111, -1.199999999999999956 ) ) ;
#2539 = CARTESIAN_POINT ( 'NONE',  ( 1.000000000000000444, 0.000000000000000000, -0.6000000000000000888 ) ) ;
#2540 = ORIENTED_EDGE ( 'NONE', *, *, #1585, .T. ) ;
#2541 = ORIENTED_EDGE ( 'NONE', *, *, #2712, .F. ) ;
#2542 = DIRECTION ( 'NONE',  ( 0.000000000000000000, -1.000000000000000000, 0.000000000000000000 ) ) ;
#2543 = PLANE ( 'NONE',  #1335 ) ;
#2544 = VERTEX_POINT ( 'NONE', #1910 ) ;
#2545 = CARTESIAN_POINT ( 'NONE',  ( -1.899999999999980593, 0.000000000000000000, 0.6000000000000000888 ) ) ;
#2546 = ORIENTED_EDGE ( 'NONE', *, *, #1282, .F. ) ;
#2547 = DIRECTION ( 'NONE',  ( -1.000000000000000000, 0.000000000000000000, 0.000000000000000000 ) ) ;
#2548 = CARTESIAN_POINT ( 'NONE',  ( -1.899999999999980593, 0.2000000000000000111, 0.6000000000000000888 ) ) ;
#2549 = CARTESIAN_POINT ( 'NONE',  ( -0.9999999999999804601, 0.2000000000000000111, 1.199999999999999956 ) ) ;
#2550 = CARTESIAN_POINT ( 'NONE',  ( -1.899999999999999245, 0.000000000000000000, 0.9000000000000001332 ) ) ;
#2551 = DIRECTION ( 'NONE',  ( 0.000000000000000000, 0.000000000000000000, 1.000000000000000000 ) ) ;
#2552 = EDGE_CURVE ( 'NONE', #1904, #2589, #2991, .T. ) ;
#2553 = EDGE_CURVE ( 'NONE', #2877, #1781, #2211, .T. ) ;
#2554 = VERTEX_POINT ( 'NONE', #608 ) ;
#2555 = LINE ( 'NONE', #433, #1095 ) ;
#2556 = DIRECTION ( 'NONE',  ( 0.000000000000000000, 0.000000000000000000, 1.000000000000000000 ) ) ;
#2557 = EDGE_CURVE ( 'NONE', #527, #1834, #1402, .T. ) ;
#2558 = ORIENTED_EDGE ( 'NONE', *, *, #1233, .F. ) ;
#2559 = DIRECTION ( 'NONE',  ( 0.000000000000000000, -0.000000000000000000, 1.000000000000000000 ) ) ;
#2560 = VECTOR ( 'NONE', #2774, 1000.000000000000000 ) ;
#2561 = ORIENTED_EDGE ( 'NONE', *, *, #2002, .T. ) ;
#2562 = LINE ( 'NONE', #500, #2917 ) ;
#2563 = VECTOR ( 'NONE', #2441, 1000.000000000000000 ) ;
#2564 = CARTESIAN_POINT ( 'NONE',  ( 1.900000000000010125, 0.000000000000000000, 0.2000000000000002331 ) ) ;
#2565 = CARTESIAN_POINT ( 'NONE',  ( 0.000000000000000000, 0.000000000000000000, 0.000000000000000000 ) ) ;
#2566 = VECTOR ( 'NONE', #2113, 1000.000000000000000 ) ;
#2567 = ORIENTED_EDGE ( 'NONE', *, *, #2933, .F. ) ;
#2568 = PLANE ( 'NONE',  #3054 ) ;
#2569 = CARTESIAN_POINT ( 'NONE',  ( -1.899999999999989697, 0.2000000000000000111, -0.3000000000000000444 ) ) ;
#2570 = VECTOR ( 'NONE', #2678, 1000.000000000000000 ) ;
#2571 = ORIENTED_EDGE ( 'NONE', *, *, #2085, .T. ) ;
#2572 = DIRECTION ( 'NONE',  ( 0.000000000000000000, 1.000000000000000000, 0.000000000000000000 ) ) ;
#2573 = DIRECTION ( 'NONE',  ( -1.000000000000000000, 0.000000000000000000, 2.409338161078898194E-16 ) ) ;
#2574 = VECTOR ( 'NONE', #3241, 1000.000000000000000 ) ;
#2575 = EDGE_CURVE ( 'NONE', #1904, #947, #1134, .T. ) ;
#2576 = AXIS2_PLACEMENT_3D ( 'NONE', #1969, #2766, #1145 ) ;
#2577 = CARTESIAN_POINT ( 'NONE',  ( -0.9999999999999993339, 0.2000000000000000111, -0.7999999999999998224 ) ) ;
#2578 = ADVANCED_FACE ( 'NONE', ( #3222 ), #821, .T. ) ;
#2579 = ORIENTED_EDGE ( 'NONE', *, *, #3187, .T. ) ;
#2580 = LINE ( 'NONE', #2297, #1504 ) ;
#2581 = FACE_OUTER_BOUND ( 'NONE', #2602, .T. ) ;
#2582 =( NAMED_UNIT ( * ) SI_UNIT ( $, .STERADIAN. ) SOLID_ANGLE_UNIT ( ) );
#2583 = COLOUR_RGB ( '',1.000000000000000000, 0.8117647058823529438, 0.5019607843137254832 ) ;
#2584 = EDGE_LOOP ( 'NONE', ( #17, #3424, #538, #1813, #991 ) ) ;
#2585 = VECTOR ( 'NONE', #1743, 1000.000000000000000 ) ;
#2586 = CARTESIAN_POINT ( 'NONE',  ( 0.000000000000000000, 0.2000000000000000111, 0.000000000000000000 ) ) ;
#2587 = CARTESIAN_POINT ( 'NONE',  ( -1.470540290502972747, 1.350000000000000089, 1.300000000000000044 ) ) ;
#2588 = CIRCLE ( 'NONE', #3383, 0.3000000000000001554 ) ;
#2589 = VERTEX_POINT ( 'NONE', #2193 ) ;
#2590 = DIRECTION ( 'NONE',  ( -0.000000000000000000, 1.000000000000000000, -0.000000000000000000 ) ) ;
#2591 = FACE_OUTER_BOUND ( 'NONE', #231, .T. ) ;
#2592 = CARTESIAN_POINT ( 'NONE',  ( -0.7999999999999991562, 0.2000000000000000111, -0.9999999999999997780 ) ) ;
#2593 = DIRECTION ( 'NONE',  ( -1.000000000000000000, -0.000000000000000000, -0.000000000000000000 ) ) ;
#2594 = CARTESIAN_POINT ( 'NONE',  ( -1.899999999999989697, 0.000000000000000000, -0.2000000000000002331 ) ) ;
#2595 = VERTEX_POINT ( 'NONE', #1927 ) ;
#2596 = CARTESIAN_POINT ( 'NONE',  ( -0.9999999999999991118, 0.2000000000000000111, -1.199999999999999956 ) ) ;
#2597 = ORIENTED_EDGE ( 'NONE', *, *, #3167, .F. ) ;
#2598 = EDGE_CURVE ( 'NONE', #2554, #1216, #622, .T. ) ;
#2599 = EDGE_CURVE ( 'NONE', #891, #947, #2806, .T. ) ;
#2600 = SURFACE_STYLE_USAGE ( .BOTH. , #1342 ) ;
#2601 =( LENGTH_UNIT ( ) NAMED_UNIT ( * ) SI_UNIT ( .MILLI., .METRE. ) );
#2602 = EDGE_LOOP ( 'NONE', ( #3379, #3339, #3272, #2825 ) ) ;
#2603 = FACE_OUTER_BOUND ( 'NONE', #254, .T. ) ;
#2604 = LINE ( 'NONE', #3441, #304 ) ;
#2605 = ORIENTED_EDGE ( 'NONE', *, *, #1178, .F. ) ;
#2606 = CARTESIAN_POINT ( 'NONE',  ( -1.599999999999999423, -0.8485281374238573537, -0.6000000000000000888 ) ) ;
#2607 = CARTESIAN_POINT ( 'NONE',  ( 1.000000000000009992, 0.000000000000000000, -0.3000000000000000444 ) ) ;
#2608 = PLANE ( 'NONE',  #1387 ) ;
#2609 = VERTEX_POINT ( 'NONE', #3109 ) ;
#2610 = CARTESIAN_POINT ( 'NONE',  ( -1.899999999999999245, 0.5000000000000000000, 1.100000000000000311 ) ) ;
#2611 = LINE ( 'NONE', #881, #2636 ) ;
#2612 = ORIENTED_EDGE ( 'NONE', *, *, #744, .F. ) ;
#2613 = ORIENTED_EDGE ( 'NONE', *, *, #1497, .F. ) ;
#2614 = CLOSED_SHELL ( 'NONE', ( #462, #2154, #2415, #385, #1523, #2452, #401, #2109, #2276, #77 ) ) ;
#2615 = LINE ( 'NONE', #243, #2652 ) ;
#2616 = SURFACE_SIDE_STYLE ('',( #724 ) ) ;
#2617 = LINE ( 'NONE', #245, #3363 ) ;
#2618 = AXIS2_PLACEMENT_3D ( 'NONE', #429, #1432, #2551 ) ;
#2619 = ADVANCED_FACE ( 'NONE', ( #3371 ), #3094, .T. ) ;
#2620 = CARTESIAN_POINT ( 'NONE',  ( 1.000000000000000444, 0.2000000000000000111, -1.199999999999999956 ) ) ;
#2621 = EDGE_CURVE ( 'NONE', #663, #190, #1707, .T. ) ;
#2622 = CARTESIAN_POINT ( 'NONE',  ( 1.900000000000000577, 0.5000000000000000000, -0.2999999999999996558 ) ) ;
#2623 = ADVANCED_FACE ( 'NONE', ( #2504 ), #904, .T. ) ;
#2624 = ORIENTED_EDGE ( 'NONE', *, *, #524, .F. ) ;
#2625 = VERTEX_POINT ( 'NONE', #2773 ) ;
#2626 = ORIENTED_EDGE ( 'NONE', *, *, #710, .F. ) ;
#2627 = DIRECTION ( 'NONE',  ( -1.363776317591828850E-16, 1.000000000000000000, 0.000000000000000000 ) ) ;
#2628 = DIRECTION ( 'NONE',  ( 0.000000000000000000, 0.000000000000000000, -1.000000000000000000 ) ) ;
#2629 = AXIS2_PLACEMENT_3D ( 'NONE', #1669, #162, #676 ) ;
#2630 = EDGE_LOOP ( 'NONE', ( #283, #287, #2432, #1407 ) ) ;
#2631 = DIRECTION ( 'NONE',  ( 0.000000000000000000, 1.000000000000000000, 0.000000000000000000 ) ) ;
#2632 = AXIS2_PLACEMENT_3D ( 'NONE', #1762, #1602, #3146 ) ;
#2633 = DIRECTION ( 'NONE',  ( 0.000000000000000000, 0.000000000000000000, 1.000000000000000000 ) ) ;
#2634 = EDGE_CURVE ( 'NONE', #2669, #2864, #2520, .T. ) ;
#2635 = EDGE_LOOP ( 'NONE', ( #2613, #320, #71, #570 ) ) ;
#2636 = VECTOR ( 'NONE', #564, 1000.000000000000000 ) ;
#2637 = CARTESIAN_POINT ( 'NONE',  ( -1.470540290502972747, 1.350000000000000089, -1.300000000000000044 ) ) ;
#2638 = VERTEX_POINT ( 'NONE', #2242 ) ;
#2639 = FACE_OUTER_BOUND ( 'NONE', #910, .T. ) ;
#2640 = CARTESIAN_POINT ( 'NONE',  ( 1.900000000000010125, 0.000000000000000000, -0.2000000000000002331 ) ) ;
#2641 = VERTEX_POINT ( 'NONE', #970 ) ;
#2642 = EDGE_CURVE ( 'NONE', #2939, #1537, #2555, .T. ) ;
#2643 = ORIENTED_EDGE ( 'NONE', *, *, #1770, .F. ) ;
#2644 = AXIS2_PLACEMENT_3D ( 'NONE', #448, #2010, #1418 ) ;
#2645 = EDGE_CURVE ( 'NONE', #354, #2035, #3064, .T. ) ;
#2646 = ORIENTED_EDGE ( 'NONE', *, *, #2426, .F. ) ;
#2647 = LINE ( 'NONE', #2117, #2014 ) ;
#2648 = DIRECTION ( 'NONE',  ( 1.000000000000000000, 0.000000000000000000, 0.000000000000000000 ) ) ;
#2649 = VECTOR ( 'NONE', #713, 1000.000000000000000 ) ;
#2650 = LINE ( 'NONE', #277, #2171 ) ;
#2651 = ORIENTED_EDGE ( 'NONE', *, *, #227, .F. ) ;
#2652 = VECTOR ( 'NONE', #2091, 1000.000000000000000 ) ;
#2653 = DIRECTION ( 'NONE',  ( -1.000000000000000000, -0.000000000000000000, -2.409338161078898687E-16 ) ) ;
#2654 = CARTESIAN_POINT ( 'NONE',  ( -0.9999999999999991118, 0.2000000000000000111, -1.199999999999999956 ) ) ;
#2655 = EDGE_LOOP ( 'NONE', ( #318, #50, #1714, #2805 ) ) ;
#2656 =( NAMED_UNIT ( * ) SI_UNIT ( $, .STERADIAN. ) SOLID_ANGLE_UNIT ( ) );
#2657 = VERTEX_POINT ( 'NONE', #953 ) ;
#2658 = CARTESIAN_POINT ( 'NONE',  ( -1.899999999999989697, 0.2000000000000000111, -0.3000000000000000444 ) ) ;
#2659 = PRODUCT ( 'TSL2561', 'TSL2561', '', ( #3397 ) ) ;
#2660 = SURFACE_STYLE_FILL_AREA ( #1900 ) ;
#2661 = CARTESIAN_POINT ( 'NONE',  ( -1.899999999999989919, 0.000000000000000000, 0.3000000000000000444 ) ) ;
#2662 = ORIENTED_EDGE ( 'NONE', *, *, #1282, .T. ) ;
#2663 = CYLINDRICAL_SURFACE ( 'NONE', #1240, 0.3000000000000000999 ) ;
#2664 = LINE ( 'NONE', #3266, #268 ) ;
#2665 = DIRECTION ( 'NONE',  ( -1.000000000000000000, 0.000000000000000000, -0.000000000000000000 ) ) ;
#2666 = EDGE_CURVE ( 'NONE', #131, #1420, #2758, .T. ) ;
#2667 = LINE ( 'NONE', #191, #2343 ) ;
#2668 = EDGE_CURVE ( 'NONE', #1736, #577, #1184, .T. ) ;
#2669 = VERTEX_POINT ( 'NONE', #1695 ) ;
#2670 = LINE ( 'NONE', #1944, #2302 ) ;
#2671 = PLANE ( 'NONE',  #2244 ) ;
#2672 = EDGE_CURVE ( 'NONE', #2819, #1089, #923, .T. ) ;
#2673 = VERTEX_POINT ( 'NONE', #702 ) ;
#2674 = SURFACE_STYLE_FILL_AREA ( #2920 ) ;
#2675 = DIRECTION ( 'NONE',  ( -0.000000000000000000, -0.000000000000000000, -1.000000000000000000 ) ) ;
#2676 = EDGE_LOOP ( 'NONE', ( #1489, #3414, #3237, #2895 ) ) ;
#2677 = VECTOR ( 'NONE', #1568, 1000.000000000000000 ) ;
#2678 = DIRECTION ( 'NONE',  ( 1.000000000000000000, 0.000000000000000000, -2.409338161078898194E-16 ) ) ;
#2679 = ORIENTED_EDGE ( 'NONE', *, *, #3042, .F. ) ;
#2680 = AXIS2_PLACEMENT_3D ( 'NONE', #1397, #2683, #1887 ) ;
#2681 = ORIENTED_EDGE ( 'NONE', *, *, #1903, .F. ) ;
#2682 = DIRECTION ( 'NONE',  ( 0.000000000000000000, 0.000000000000000000, 1.000000000000000000 ) ) ;
#2683 = DIRECTION ( 'NONE',  ( 0.000000000000000000, 1.000000000000000000, 0.000000000000000000 ) ) ;
#2684 = PLANE ( 'NONE',  #1079 ) ;
#2685 = CARTESIAN_POINT ( 'NONE',  ( -1.899999999999999245, 0.5000000000000000000, 0.3000000000000000999 ) ) ;
#2686 = ORIENTED_EDGE ( 'NONE', *, *, #3199, .F. ) ;
#2687 = EDGE_CURVE ( 'NONE', #1258, #2425, #1228, .T. ) ;
#2688 = ORIENTED_EDGE ( 'NONE', *, *, #3307, .T. ) ;
#2689 = ORIENTED_EDGE ( 'NONE', *, *, #2334, .T. ) ;
#2690 = EDGE_CURVE ( 'NONE', #527, #2477, #1469, .T. ) ;
#2691 = VECTOR ( 'NONE', #2187, 1000.000000000000000 ) ;
#2692 = DIRECTION ( 'NONE',  ( -2.409338161078898194E-16, 0.000000000000000000, -1.000000000000000000 ) ) ;
#2693 = UNCERTAINTY_MEASURE_WITH_UNIT (LENGTH_MEASURE( 1.000000000000000082E-05 ), #725, 'distance_accuracy_value', 'NONE');
#2694 = ORIENTED_EDGE ( 'NONE', *, *, #1752, .T. ) ;
#2695 = DIRECTION ( 'NONE',  ( -0.000000000000000000, 1.000000000000000000, 0.000000000000000000 ) ) ;
#2696 = CIRCLE ( 'NONE', #196, 0.2000000000000002054 ) ;
#2697 = CIRCLE ( 'NONE', #1193, 0.2000000000000002054 ) ;
#2698 = SURFACE_STYLE_FILL_AREA ( #864 ) ;
#2699 = CARTESIAN_POINT ( 'NONE',  ( 1.000000000000019096, 0.2000000000000000111, 0.6000000000000000888 ) ) ;
#2700 = AXIS2_PLACEMENT_3D ( 'NONE', #2097, #1296, #2878 ) ;
#2701 = CARTESIAN_POINT ( 'NONE',  ( -1.899999999999980593, 0.000000000000000000, 0.6999999999999998446 ) ) ;
#2702 = DIRECTION ( 'NONE',  ( 0.000000000000000000, 0.000000000000000000, 1.000000000000000000 ) ) ;
#2703 = LINE ( 'NONE', #2721, #3428 ) ;
#2704 = AXIS2_PLACEMENT_3D ( 'NONE', #1087, #48, #3270 ) ;
#2705 = CARTESIAN_POINT ( 'NONE',  ( -1.899999999999980593, 0.2000000000000000944, 0.9000000000000001332 ) ) ;
#2706 = VECTOR ( 'NONE', #235, 1000.000000000000227 ) ;
#2707 = ORIENTED_EDGE ( 'NONE', *, *, #2888, .F. ) ;
#2708 = AXIS2_PLACEMENT_3D ( 'NONE', #2620, #3440, #1544 ) ;
#2709 = ORIENTED_EDGE ( 'NONE', *, *, #1643, .T. ) ;
#2710 = CARTESIAN_POINT ( 'NONE',  ( 1.900000000000010125, 0.000000000000000000, -0.2999999999999998224 ) ) ;
#2711 = ORIENTED_EDGE ( 'NONE', *, *, #2999, .F. ) ;
#2712 = EDGE_CURVE ( 'NONE', #2164, #2876, #1451, .T. ) ;
#2713 = DIRECTION ( 'NONE',  ( 1.000000000000000000, -0.000000000000000000, 3.614007241618347785E-16 ) ) ;
#2714 = EDGE_CURVE ( 'NONE', #1422, #1609, #937, .T. ) ;
#2715 = VERTEX_POINT ( 'NONE', #2289 ) ;
#2716 = CYLINDRICAL_SURFACE ( 'NONE', #1250, 0.2000000000000002054 ) ;
#2717 = DIRECTION ( 'NONE',  ( 1.084202172485504040E-15, -0.000000000000000000, -1.000000000000000000 ) ) ;
#2718 = CARTESIAN_POINT ( 'NONE',  ( -1.899999999999999245, 0.000000000000000000, 0.6000000000000001998 ) ) ;
#2719 = CARTESIAN_POINT ( 'NONE',  ( 1.900000000000000577, 0.2000000000000000111, -1.199999999999999956 ) ) ;
#2720 = ORIENTED_EDGE ( 'NONE', *, *, #1439, .T. ) ;
#2721 = CARTESIAN_POINT ( 'NONE',  ( -0.9999999999999991118, 0.2000000000000000111, -1.199999999999999956 ) ) ;
#2722 = CARTESIAN_POINT ( 'NONE',  ( 1.900000000000010125, 0.5000000000000000000, 0.000000000000000000 ) ) ;
#2723 = DIRECTION ( 'NONE',  ( 0.000000000000000000, 1.000000000000000000, 0.000000000000000000 ) ) ;
#2724 = ORIENTED_EDGE ( 'NONE', *, *, #1133, .F. ) ;
#2725 = ORIENTED_EDGE ( 'NONE', *, *, #2738, .F. ) ;
#2726 = DIRECTION ( 'NONE',  ( 0.000000000000000000, 1.000000000000000000, 0.000000000000000000 ) ) ;
#2727 = VERTEX_POINT ( 'NONE', #3078 ) ;
#2728 = DIRECTION ( 'NONE',  ( 0.000000000000000000, 0.000000000000000000, 1.000000000000000000 ) ) ;
#2729 = PRODUCT_DEFINITION ( 'UNKNOWN', '', #1243, #660 ) ;
#2730 = ORIENTED_EDGE ( 'NONE', *, *, #746, .T. ) ;
#2731 = DIRECTION ( 'NONE',  ( 1.000000000000000000, -0.000000000000000000, 0.000000000000000000 ) ) ;
#2732 = SURFACE_STYLE_USAGE ( .BOTH. , #1938 ) ;
#2733 = DIRECTION ( 'NONE',  ( -0.000000000000000000, 1.000000000000000000, -0.000000000000000000 ) ) ;
#2734 = EDGE_CURVE ( 'NONE', #2308, #1698, #3050, .T. ) ;
#2735 = EDGE_CURVE ( 'NONE', #888, #1837, #168, .T. ) ;
#2736 = DIRECTION ( 'NONE',  ( 0.000000000000000000, 1.000000000000000000, 0.000000000000000000 ) ) ;
#2737 = LINE ( 'NONE', #2952, #3026 ) ;
#2738 = EDGE_CURVE ( 'NONE', #1830, #2133, #2252, .T. ) ;
#2739 = CARTESIAN_POINT ( 'NONE',  ( -1.899999999999999245, 0.1999999999999999833, -0.3000000000000000999 ) ) ;
#2740 = DIRECTION ( 'NONE',  ( 0.000000000000000000, 0.000000000000000000, 1.000000000000000000 ) ) ;
#2741 = ORIENTED_EDGE ( 'NONE', *, *, #1236, .T. ) ;
#2742 = ORIENTED_EDGE ( 'NONE', *, *, #921, .F. ) ;
#2743 = DIRECTION ( 'NONE',  ( 0.000000000000000000, 0.000000000000000000, 1.000000000000000000 ) ) ;
#2744 = VERTEX_POINT ( 'NONE', #1814 ) ;
#2745 = AXIS2_PLACEMENT_3D ( 'NONE', #2005, #665, #1445 ) ;
#2746 = ORIENTED_EDGE ( 'NONE', *, *, #36, .T. ) ;
#2747 = CARTESIAN_POINT ( 'NONE',  ( 1.000000000000009992, 0.2000000000000000111, 0.3000000000000000444 ) ) ;
#2748 = VECTOR ( 'NONE', #1649, 1000.000000000000000 ) ;
#2749 = CARTESIAN_POINT ( 'NONE',  ( -1.899999999999989697, 0.2000000000000000111, -0.3000000000000000444 ) ) ;
#2750 = VECTOR ( 'NONE', #512, 1000.000000000000000 ) ;
#2751 = CARTESIAN_POINT ( 'NONE',  ( 1.000000000000009992, 0.2000000000000000111, 0.3000000000000000444 ) ) ;
#2752 = CARTESIAN_POINT ( 'NONE',  ( -1.899999999999999245, 0.000000000000000000, 1.299999999999999600 ) ) ;
#2753 = COLOUR_RGB ( '',1.000000000000000000, 0.8117647058823529438, 0.5019607843137254832 ) ;
#2754 = DIRECTION ( 'NONE',  ( 0.000000000000000000, -1.000000000000000000, 0.000000000000000000 ) ) ;
#2755 = ADVANCED_FACE ( 'NONE', ( #779 ), #508, .T. ) ;
#2756 = EDGE_CURVE ( 'NONE', #174, #1293, #3426, .T. ) ;
#2757 = ORIENTED_EDGE ( 'NONE', *, *, #2907, .F. ) ;
#2758 = LINE ( 'NONE', #3321, #1633 ) ;
#2759 = ORIENTED_EDGE ( 'NONE', *, *, #3275, .T. ) ;
#2760 = ORIENTED_EDGE ( 'NONE', *, *, #479, .T. ) ;
#2761 = CIRCLE ( 'NONE', #1571, 0.3000000000000000444 ) ;
#2762 = DIRECTION ( 'NONE',  ( -0.000000000000000000, 0.000000000000000000, -1.000000000000000000 ) ) ;
#2763 = ORIENTED_EDGE ( 'NONE', *, *, #1211, .F. ) ;
#2764 = DIRECTION ( 'NONE',  ( 0.000000000000000000, 0.000000000000000000, 1.000000000000000000 ) ) ;
#2765 =( GEOMETRIC_REPRESENTATION_CONTEXT ( 3 ) GLOBAL_UNCERTAINTY_ASSIGNED_CONTEXT ( ( #2410 ) ) GLOBAL_UNIT_ASSIGNED_CONTEXT ( ( #2394, #2437, #1311 ) ) REPRESENTATION_CONTEXT ( 'NONE', 'WORKASPACE' ) );
#2766 = DIRECTION ( 'NONE',  ( 1.000000000000000000, 0.000000000000000000, -0.000000000000000000 ) ) ;
#2767 = CARTESIAN_POINT ( 'NONE',  ( -0.9999999999999804601, 0.000000000000000000, 0.6000000000000003109 ) ) ;
#2768 = PLANE ( 'NONE',  #1921 ) ;
#2769 = LINE ( 'NONE', #410, #408 ) ;
#2770 = CARTESIAN_POINT ( 'NONE',  ( -1.599999999999999423, 0.2000000000000000944, -0.6000000000000000888 ) ) ;
#2771 = ADVANCED_FACE ( 'NONE', ( #1550 ), #731, .F. ) ;
#2772 = ORIENTED_EDGE ( 'NONE', *, *, #3419, .T. ) ;
#2773 = CARTESIAN_POINT ( 'NONE',  ( -0.9999999999999897859, 0.000000000000000000, 0.2999999999999998224 ) ) ;
#2774 = DIRECTION ( 'NONE',  ( 0.000000000000000000, -1.000000000000000000, 0.000000000000000000 ) ) ;
#2775 = EDGE_CURVE ( 'NONE', #3009, #623, #2761, .T. ) ;
#2776 = ORIENTED_EDGE ( 'NONE', *, *, #2523, .F. ) ;
#2777 = PLANE ( 'NONE',  #2023 ) ;
#2778 = ADVANCED_FACE ( 'NONE', ( #2591 ), #3162, .F. ) ;
#2779 = ORIENTED_EDGE ( 'NONE', *, *, #2666, .T. ) ;
#2780 = CARTESIAN_POINT ( 'NONE',  ( 1.900000000000000577, -0.8485281374238573537, -0.5999999999999998668 ) ) ;
#2781 = EDGE_CURVE ( 'NONE', #2994, #2303, #1006, .T. ) ;
#2782 = ORIENTED_EDGE ( 'NONE', *, *, #882, .T. ) ;
#2783 = CARTESIAN_POINT ( 'NONE',  ( -0.9999999999999993339, 0.2000000000000000111, -0.9999999999999997780 ) ) ;
#2784 = FACE_OUTER_BOUND ( 'NONE', #83, .T. ) ;
#2785 = LINE ( 'NONE', #3090, #1741 ) ;
#2786 = EDGE_CURVE ( 'NONE', #2163, #1680, #1315, .T. ) ;
#2787 = DIRECTION ( 'NONE',  ( 0.9902680687415711391, -0.1391731009600599422, 0.000000000000000000 ) ) ;
#2788 = ORIENTED_EDGE ( 'NONE', *, *, #326, .F. ) ;
#2789 = DIRECTION ( 'NONE',  ( -0.000000000000000000, -0.000000000000000000, -1.000000000000000000 ) ) ;
#2790 = DIRECTION ( 'NONE',  ( -1.000000000000000000, 0.000000000000000000, 5.421010862427517240E-16 ) ) ;
#2791 = VECTOR ( 'NONE', #2517, 1000.000000000000000 ) ;
#2792 = DIRECTION ( 'NONE',  ( -1.000000000000000000, 0.000000000000000000, 2.409338161078898194E-16 ) ) ;
#2793 = ADVANCED_FACE ( 'NONE', ( #763 ), #463, .T. ) ;
#2794 = ORIENTED_EDGE ( 'NONE', *, *, #502, .T. ) ;
#2795 = CARTESIAN_POINT ( 'NONE',  ( 1.900000000000019229, 0.000000000000000000, 1.100000000000000311 ) ) ;
#2796 = AXIS2_PLACEMENT_3D ( 'NONE', #1546, #1021, #2080 ) ;
#2797 = ADVANCED_FACE ( 'NONE', ( #2362 ), #2382, .F. ) ;
#2798 = CARTESIAN_POINT ( 'NONE',  ( 1.900000000000019229, 0.2000000000000000111, 0.6000000000000003109 ) ) ;
#2799 = FILL_AREA_STYLE ('',( #1988 ) ) ;
#2800 = AXIS2_PLACEMENT_3D ( 'NONE', #2206, #3211, #1111 ) ;
#2801 = VECTOR ( 'NONE', #1882, 1000.000000000000000 ) ;
#2802 = FACE_OUTER_BOUND ( 'NONE', #2584, .T. ) ;
#2803 = DIRECTION ( 'NONE',  ( -1.000000000000000000, -0.000000000000000000, -2.409338161078898194E-16 ) ) ;
#2804 = AXIS2_PLACEMENT_3D ( 'NONE', #9, #2381, #552 ) ;
#2805 = ORIENTED_EDGE ( 'NONE', *, *, #2898, .T. ) ;
#2806 = LINE ( 'NONE', #2030, #2585 ) ;
#2807 = ORIENTED_EDGE ( 'NONE', *, *, #169, .T. ) ;
#2808 = VECTOR ( 'NONE', #2867, 1000.000000000000000 ) ;
#2809 = DIRECTION ( 'NONE',  ( -1.000000000000000000, 0.000000000000000000, -0.000000000000000000 ) ) ;
#2810 = ORIENTED_EDGE ( 'NONE', *, *, #3136, .F. ) ;
#2811 = LINE ( 'NONE', #2545, #94 ) ;
#2812 = VECTOR ( 'NONE', #943, 1000.000000000000000 ) ;
#2813 = ORIENTED_EDGE ( 'NONE', *, *, #470, .T. ) ;
#2814 = DIRECTION ( 'NONE',  ( 0.000000000000000000, -0.000000000000000000, 1.000000000000000000 ) ) ;
#2815 = AXIS2_PLACEMENT_3D ( 'NONE', #2986, #332, #3194 ) ;
#2816 = CARTESIAN_POINT ( 'NONE',  ( 1.000000000000000444, 0.2000000000000000111, -1.199999999999999956 ) ) ;
#2817 = MECHANICAL_DESIGN_GEOMETRIC_PRESENTATION_REPRESENTATION (  '', ( #866 ), #1689 ) ;
#2818 = DIRECTION ( 'NONE',  ( 1.000000000000000000, 0.000000000000000000, -2.409338161078898194E-16 ) ) ;
#2819 = VERTEX_POINT ( 'NONE', #10 ) ;
#2820 = VECTOR ( 'NONE', #2006, 1000.000000000000000 ) ;
#2821 = LINE ( 'NONE', #2538, #383 ) ;
#2822 = LINE ( 'NONE', #1740, #239 ) ;
#2823 = EDGE_LOOP ( 'NONE', ( #8, #1104, #2397, #2959 ) ) ;
#2824 = DIRECTION ( 'NONE',  ( 0.000000000000000000, 0.000000000000000000, 1.000000000000000000 ) ) ;
#2825 = ORIENTED_EDGE ( 'NONE', *, *, #1254, .F. ) ;
#2826 = LINE ( 'NONE', #2012, #627 ) ;
#2827 = FACE_OUTER_BOUND ( 'NONE', #1538, .T. ) ;
#2828 = ORIENTED_EDGE ( 'NONE', *, *, #1156, .F. ) ;
#2829 = EDGE_CURVE ( 'NONE', #2885, #2326, #2084, .T. ) ;
#2830 = FACE_OUTER_BOUND ( 'NONE', #2848, .T. ) ;
#2831 = APPLICATION_CONTEXT ( 'automotive_design' ) ;
#2832 = LINE ( 'NONE', #1444, #1726 ) ;
#2833 = CARTESIAN_POINT ( 'NONE',  ( 1.900000000000000577, 0.5000000000000000000, -0.6999999999999997335 ) ) ;
#2834 = LINE ( 'NONE', #2092, #2535 ) ;
#2835 = EDGE_CURVE ( 'NONE', #1579, #1106, #2913, .T. ) ;
#2836 = CARTESIAN_POINT ( 'NONE',  ( 1.900000000000000577, 0.000000000000000000, -0.6000000000000000888 ) ) ;
#2837 = EDGE_CURVE ( 'NONE', #2420, #718, #3407, .T. ) ;
#2838 = ORIENTED_EDGE ( 'NONE', *, *, #3422, .T. ) ;
#2839 = DIRECTION ( 'NONE',  ( 1.000000000000000000, 0.000000000000000000, 0.000000000000000000 ) ) ;
#2840 = DIRECTION ( 'NONE',  ( 0.000000000000000000, 0.000000000000000000, -1.000000000000000000 ) ) ;
#2841 = ADVANCED_FACE ( 'NONE', ( #2067 ), #1832, .F. ) ;
#2842 = DIRECTION ( 'NONE',  ( -0.000000000000000000, 1.000000000000000000, -0.000000000000000000 ) ) ;
#2843 = ORIENTED_EDGE ( 'NONE', *, *, #2220, .T. ) ;
#2844 = CARTESIAN_POINT ( 'NONE',  ( 1.900000000000000577, 0.1999999999999999833, 0.2999999999999996558 ) ) ;
#2845 = VECTOR ( 'NONE', #2311, 1000.000000000000000 ) ;
#2846 = ORIENTED_EDGE ( 'NONE', *, *, #1895, .F. ) ;
#2847 = CARTESIAN_POINT ( 'NONE',  ( -1.899999999999999245, 0.000000000000000000, -0.9000000000000000222 ) ) ;
#2848 = EDGE_LOOP ( 'NONE', ( #3306, #2351, #1667, #1964, #516 ) ) ;
#2849 = LINE ( 'NONE', #2512, #1288 ) ;
#2850 = SURFACE_STYLE_FILL_AREA ( #711 ) ;
#2851 = ORIENTED_EDGE ( 'NONE', *, *, #2690, .F. ) ;
#2852 = SURFACE_SIDE_STYLE ('',( #3120 ) ) ;
#2853 = DIRECTION ( 'NONE',  ( 0.000000000000000000, 1.000000000000000000, 0.000000000000000000 ) ) ;
#2854 = AXIS2_PLACEMENT_3D ( 'NONE', #267, #2868, #489 ) ;
#2855 = EDGE_LOOP ( 'NONE', ( #1483, #1013, #624, #2448 ) ) ;
#2856 =( NAMED_UNIT ( * ) PLANE_ANGLE_UNIT ( ) SI_UNIT ( $, .RADIAN. ) );
#2857 = CARTESIAN_POINT ( 'NONE',  ( -1.899999999999980593, 0.1999999999999999833, 0.9000000000000001332 ) ) ;
#2858 = ADVANCED_FACE ( 'NONE', ( #529 ), #1248, .T. ) ;
#2859 = DIRECTION ( 'NONE',  ( 1.000000000000000000, 0.000000000000000000, 0.000000000000000000 ) ) ;
#2860 = VECTOR ( 'NONE', #1072, 1000.000000000000000 ) ;
#2861 = ORIENTED_EDGE ( 'NONE', *, *, #1112, .T. ) ;
#2862 = VECTOR ( 'NONE', #2531, 1000.000000000000000 ) ;
#2863 = CARTESIAN_POINT ( 'NONE',  ( 1.000000000000000444, 0.2000000000000000111, -0.6000000000000000888 ) ) ;
#2864 = VERTEX_POINT ( 'NONE', #1531 ) ;
#2865 = PLANE ( 'NONE',  #3423 ) ;
#2866 = ORIENTED_EDGE ( 'NONE', *, *, #3187, .F. ) ;
#2867 = DIRECTION ( 'NONE',  ( -1.000000000000000000, -1.474563028959474411E-16, -0.000000000000000000 ) ) ;
#2868 = DIRECTION ( 'NONE',  ( 1.000000000000000000, -0.000000000000000000, 0.000000000000000000 ) ) ;
#2869 = VECTOR ( 'NONE', #659, 1000.000000000000000 ) ;
#2870 = VERTEX_POINT ( 'NONE', #3389 ) ;
#2871 = ORIENTED_EDGE ( 'NONE', *, *, #1112, .F. ) ;
#2872 = VECTOR ( 'NONE', #1396, 1000.000000000000000 ) ;
#2873 = CARTESIAN_POINT ( 'NONE',  ( -0.9999999999999804601, 0.2000000000000000111, 0.6000000000000003109 ) ) ;
#2874 = CARTESIAN_POINT ( 'NONE',  ( -1.590000000000000746, 0.5000000000000002220, 1.300000000000000044 ) ) ;
#2875 = VECTOR ( 'NONE', #666, 1000.000000000000000 ) ;
#2876 = VERTEX_POINT ( 'NONE', #2607 ) ;
#2877 = VERTEX_POINT ( 'NONE', #276 ) ;
#2878 = DIRECTION ( 'NONE',  ( 0.000000000000000000, 0.000000000000000000, 1.000000000000000000 ) ) ;
#2879 = DIRECTION ( 'NONE',  ( -0.000000000000000000, 0.000000000000000000, 1.000000000000000000 ) ) ;
#2880 = CARTESIAN_POINT ( 'NONE',  ( 1.900000000000000577, 0.5000000000000000000, 0.6999999999999998446 ) ) ;
#2881 = ORIENTED_EDGE ( 'NONE', *, *, #1322, .F. ) ;
#2882 = DIRECTION ( 'NONE',  ( -0.000000000000000000, 1.000000000000000000, -0.000000000000000000 ) ) ;
#2883 = LINE ( 'NONE', #1536, #2750 ) ;
#2884 = ADVANCED_FACE ( 'NONE', ( #1349 ), #3216, .T. ) ;
#2885 = VERTEX_POINT ( 'NONE', #2421 ) ;
#2886 = PLANE ( 'NONE',  #3038 ) ;
#2887 = ORIENTED_EDGE ( 'NONE', *, *, #727, .F. ) ;
#2888 = EDGE_CURVE ( 'NONE', #741, #2970, #604, .T. ) ;
#2889 = CARTESIAN_POINT ( 'NONE',  ( -0.9999999999999991118, 0.2000000000000000111, -1.199999999999999956 ) ) ;
#2890 = SURFACE_STYLE_USAGE ( .BOTH. , #2616 ) ;
#2891 = EDGE_CURVE ( 'NONE', #807, #3345, #2172, .T. ) ;
#2892 = CARTESIAN_POINT ( 'NONE',  ( 1.900000000000019229, 0.000000000000000000, 1.199999999999999956 ) ) ;
#2893 = ORIENTED_EDGE ( 'NONE', *, *, #3136, .T. ) ;
#2894 = ORIENTED_EDGE ( 'NONE', *, *, #2905, .T. ) ;
#2895 = ORIENTED_EDGE ( 'NONE', *, *, #1212, .T. ) ;
#2896 =( NAMED_UNIT ( * ) PLANE_ANGLE_UNIT ( ) SI_UNIT ( $, .RADIAN. ) );
#2897 = DIRECTION ( 'NONE',  ( 0.000000000000000000, 1.000000000000000000, 0.000000000000000000 ) ) ;
#2898 = EDGE_CURVE ( 'NONE', #2544, #1892, #362, .T. ) ;
#2899 = CARTESIAN_POINT ( 'NONE',  ( 1.000000000000000444, 0.2000000000000000111, -0.6000000000000000888 ) ) ;
#2900 = FACE_OUTER_BOUND ( 'NONE', #3014, .T. ) ;
#2901 = LINE ( 'NONE', #1803, #595 ) ;
#2902 = VECTOR ( 'NONE', #2275, 1000.000000000000000 ) ;
#2903 = LINE ( 'NONE', #3185, #426 ) ;
#2904 = EDGE_LOOP ( 'NONE', ( #3192, #562, #252, #2881 ) ) ;
#2905 = EDGE_CURVE ( 'NONE', #2673, #1698, #2190, .T. ) ;
#2906 = PRESENTATION_STYLE_ASSIGNMENT (( #1765 ) ) ;
#2907 = EDGE_CURVE ( 'NONE', #2589, #2203, #2664, .T. ) ;
#2908 = VECTOR ( 'NONE', #2225, 1000.000000000000000 ) ;
#2909 = DIRECTION ( 'NONE',  ( 0.000000000000000000, -1.000000000000000000, 0.000000000000000000 ) ) ;
#2910 = DIRECTION ( 'NONE',  ( 1.084202172485505815E-15, 0.000000000000000000, 1.000000000000000000 ) ) ;
#2911 = VERTEX_POINT ( 'NONE', #1656 ) ;
#2912 = CARTESIAN_POINT ( 'NONE',  ( -0.9999999999999993339, 0.2000000000000000111, -0.9999999999999997780 ) ) ;
#2913 = LINE ( 'NONE', #1757, #704 ) ;
#2914 = DIRECTION ( 'NONE',  ( 0.000000000000000000, 0.000000000000000000, 1.000000000000000000 ) ) ;
#2915 = VECTOR ( 'NONE', #996, 1000.000000000000000 ) ;
#2916 = LINE ( 'NONE', #2937, #3436 ) ;
#2917 = VECTOR ( 'NONE', #1220, 1000.000000000000000 ) ;
#2918 = PLANE ( 'NONE',  #2188 ) ;
#2919 = AXIS2_PLACEMENT_3D ( 'NONE', #3016, #3037, #2949 ) ;
#2920 = FILL_AREA_STYLE ('',( #515 ) ) ;
#2921 = EDGE_LOOP ( 'NONE', ( #2936, #3046, #2779, #621 ) ) ;
#2922 = AXIS2_PLACEMENT_3D ( 'NONE', #3161, #2839, #1831 ) ;
#2923 = FACE_OUTER_BOUND ( 'NONE', #1747, .T. ) ;
#2924 = EDGE_CURVE ( 'NONE', #2481, #2744, #1886, .T. ) ;
#2925 = CARTESIAN_POINT ( 'NONE',  ( 1.900000000000000577, 0.1999999999999999833, -0.9000000000000000222 ) ) ;
#2926 = AXIS2_PLACEMENT_3D ( 'NONE', #2863, #480, #1535 ) ;
#2927 = CARTESIAN_POINT ( 'NONE',  ( -1.899999999999999245, 0.1999999999999999833, 0.6000000000000000888 ) ) ;
#2928 = ORIENTED_EDGE ( 'NONE', *, *, #296, .F. ) ;
#2929 = VECTOR ( 'NONE', #2824, 1000.000000000000000 ) ;
#2930 = ORIENTED_EDGE ( 'NONE', *, *, #322, .T. ) ;
#2931 = ORIENTED_EDGE ( 'NONE', *, *, #425, .T. ) ;
#2932 = LINE ( 'NONE', #2747, #1455 ) ;
#2933 = EDGE_CURVE ( 'NONE', #2016, #1781, #810, .T. ) ;
#2934 = FACE_OUTER_BOUND ( 'NONE', #1650, .T. ) ;
#2935 = CARTESIAN_POINT ( 'NONE',  ( -1.899999999999980593, 0.000000000000000000, 0.6000000000000000888 ) ) ;
#2936 = ORIENTED_EDGE ( 'NONE', *, *, #2019, .F. ) ;
#2937 = CARTESIAN_POINT ( 'NONE',  ( -1.899999999999999245, 0.000000000000000000, -1.199999999999999956 ) ) ;
#2938 = LINE ( 'NONE', #766, #3141 ) ;
#2939 = VERTEX_POINT ( 'NONE', #2440 ) ;
#2940 = DIRECTION ( 'NONE',  ( 0.000000000000000000, 0.000000000000000000, 1.000000000000000000 ) ) ;
#2941 = UNCERTAINTY_MEASURE_WITH_UNIT (LENGTH_MEASURE( 1.000000000000000082E-05 ), #1157, 'distance_accuracy_value', 'NONE');
#2942 = ORIENTED_EDGE ( 'NONE', *, *, #3082, .F. ) ;
#2943 = DIRECTION ( 'NONE',  ( 3.614007241618347785E-16, 0.000000000000000000, -1.000000000000000000 ) ) ;
#2944 =( LENGTH_UNIT ( ) NAMED_UNIT ( * ) SI_UNIT ( .MILLI., .METRE. ) );
#2945 = LINE ( 'NONE', #1161, #1075 ) ;
#2946 = VERTEX_POINT ( 'NONE', #2701 ) ;
#2947 = VERTEX_POINT ( 'NONE', #1115 ) ;
#2948 = ORIENTED_EDGE ( 'NONE', *, *, #421, .T. ) ;
#2949 = DIRECTION ( 'NONE',  ( 0.000000000000000000, 0.000000000000000000, 1.000000000000000000 ) ) ;
#2950 = EDGE_CURVE ( 'NONE', #1329, #2164, #1149, .T. ) ;
#2951 = PLANE ( 'NONE',  #3325 ) ;
#2952 = CARTESIAN_POINT ( 'NONE',  ( -1.899999999999999245, 0.5000000000000000000, 0.6000000000000000888 ) ) ;
#2953 = CARTESIAN_POINT ( 'NONE',  ( -0.7999999999999991562, 0.2000000000000000111, -0.9999999999999997780 ) ) ;
#2954 = EDGE_CURVE ( 'NONE', #2477, #3280, #1640, .T. ) ;
#2955 = ORIENTED_EDGE ( 'NONE', *, *, #2222, .F. ) ;
#2956 = CARTESIAN_POINT ( 'NONE',  ( -1.599999999999999423, 0.5000000000000000000, -1.199999999999999956 ) ) ;
#2957 = CARTESIAN_POINT ( 'NONE',  ( -1.899999999999980593, 0.000000000000000000, 1.200000000000000178 ) ) ;
#2958 = ORIENTED_EDGE ( 'NONE', *, *, #939, .T. ) ;
#2959 = ORIENTED_EDGE ( 'NONE', *, *, #2523, .T. ) ;
#2960 = FILL_AREA_STYLE_COLOUR ( '', #2583 ) ;
#2961 = ORIENTED_EDGE ( 'NONE', *, *, #3106, .T. ) ;
#2962 = DIRECTION ( 'NONE',  ( 0.000000000000000000, -1.000000000000000000, 0.000000000000000000 ) ) ;
#2963 = VECTOR ( 'NONE', #2323, 1000.000000000000000 ) ;
#2964 = PRESENTATION_STYLE_ASSIGNMENT (( #54 ) ) ;
#2965 = PLANE ( 'NONE',  #250 ) ;
#2966 = CARTESIAN_POINT ( 'NONE',  ( -1.899999999999999245, 0.000000000000000000, 1.299999999999999600 ) ) ;
#2967 = CARTESIAN_POINT ( 'NONE',  ( -1.899999999999999245, 0.2000000000000000111, -1.199999999999999956 ) ) ;
#2968 = AXIS2_PLACEMENT_3D ( 'NONE', #269, #473, #2306 ) ;
#2969 = DIRECTION ( 'NONE',  ( 0.000000000000000000, 0.000000000000000000, 1.000000000000000000 ) ) ;
#2970 = VERTEX_POINT ( 'NONE', #2718 ) ;
#2971 = CARTESIAN_POINT ( 'NONE',  ( 1.590000000000000746, 0.5000000000000006661, -1.300000000000000044 ) ) ;
#2972 = ADVANCED_FACE ( 'NONE', ( #1367 ), #847, .T. ) ;
#2973 = ADVANCED_FACE ( 'NONE', ( #1381 ), #2951, .F. ) ;
#2974 = ORIENTED_EDGE ( 'NONE', *, *, #2474, .F. ) ;
#2975 =( GEOMETRIC_REPRESENTATION_CONTEXT ( 3 ) GLOBAL_UNCERTAINTY_ASSIGNED_CONTEXT ( ( #302 ) ) GLOBAL_UNIT_ASSIGNED_CONTEXT ( ( #2601, #1257, #3116 ) ) REPRESENTATION_CONTEXT ( 'NONE', 'WORKASPACE' ) );
#2976 = ORIENTED_EDGE ( 'NONE', *, *, #1480, .T. ) ;
#2977 = ORIENTED_EDGE ( 'NONE', *, *, #1139, .T. ) ;
#2978 = VECTOR ( 'NONE', #2962, 1000.000000000000000 ) ;
#2979 = DIRECTION ( 'NONE',  ( -1.000000000000000000, -0.000000000000000000, -0.000000000000000000 ) ) ;
#2980 = ORIENTED_EDGE ( 'NONE', *, *, #1050, .T. ) ;
#2981 = DIRECTION ( 'NONE',  ( 0.000000000000000000, -0.000000000000000000, 1.000000000000000000 ) ) ;
#2982 = VECTOR ( 'NONE', #2497, 1000.000000000000000 ) ;
#2983 = VECTOR ( 'NONE', #1591, 1000.000000000000000 ) ;
#2984 = SURFACE_STYLE_USAGE ( .BOTH. , #305 ) ;
#2985 = CARTESIAN_POINT ( 'NONE',  ( 1.000000000000000444, 0.000000000000000000, -1.199999999999999956 ) ) ;
#2986 = CARTESIAN_POINT ( 'NONE',  ( 1.000000000000000444, 0.2000000000000000111, -1.199999999999999956 ) ) ;
#2987 = DIRECTION ( 'NONE',  ( 1.000000000000000000, 0.000000000000000000, 0.000000000000000000 ) ) ;
#2988 = LINE ( 'NONE', #887, #1675 ) ;
#2989 = AXIS2_PLACEMENT_3D ( 'NONE', #172, #957, #137 ) ;
#2990 = ORIENTED_EDGE ( 'NONE', *, *, #1541, .T. ) ;
#2991 = LINE ( 'NONE', #1336, #3102 ) ;
#2992 = VECTOR ( 'NONE', #1795, 1000.000000000000000 ) ;
#2993 = PLANE ( 'NONE',  #407 ) ;
#2994 = VERTEX_POINT ( 'NONE', #95 ) ;
#2995 = ORIENTED_EDGE ( 'NONE', *, *, #2479, .F. ) ;
#2996 = AXIS2_PLACEMENT_3D ( 'NONE', #1162, #2224, #1956 ) ;
#2997 = ORIENTED_EDGE ( 'NONE', *, *, #613, .T. ) ;
#2998 = DIRECTION ( 'NONE',  ( 0.000000000000000000, 0.000000000000000000, 1.000000000000000000 ) ) ;
#2999 = EDGE_CURVE ( 'NONE', #1035, #2230, #799, .T. ) ;
#3000 = DIRECTION ( 'NONE',  ( 0.000000000000000000, 0.000000000000000000, 1.000000000000000000 ) ) ;
#3001 = ORIENTED_EDGE ( 'NONE', *, *, #1197, .T. ) ;
#3002 = ADVANCED_FACE ( 'NONE', ( #566 ), #867, .F. ) ;
#3003 = PRESENTATION_STYLE_ASSIGNMENT (( #2984 ) ) ;
#3004 = DIRECTION ( 'NONE',  ( 0.000000000000000000, -1.000000000000000000, 0.000000000000000000 ) ) ;
#3005 = DIRECTION ( 'NONE',  ( -0.000000000000000000, 1.000000000000000000, 0.000000000000000000 ) ) ;
#3006 = CARTESIAN_POINT ( 'NONE',  ( -1.599999999999999423, 0.2000000000000000111, 0.000000000000000000 ) ) ;
#3007 = CARTESIAN_POINT ( 'NONE',  ( 1.000000000000000444, 0.2000000000000000111, -1.199999999999999956 ) ) ;
#3008 = LINE ( 'NONE', #1385, #920 ) ;
#3009 = VERTEX_POINT ( 'NONE', #1853 ) ;
#3010 = ORIENTED_EDGE ( 'NONE', *, *, #1869, .T. ) ;
#3011 = CARTESIAN_POINT ( 'NONE',  ( -1.899999999999999245, 0.1999999999999999833, -0.3000000000000000999 ) ) ;
#3012 = ORIENTED_EDGE ( 'NONE', *, *, #2621, .T. ) ;
#3013 = DIRECTION ( 'NONE',  ( -0.000000000000000000, 1.000000000000000000, -0.000000000000000000 ) ) ;
#3014 = EDGE_LOOP ( 'NONE', ( #1183, #1042, #286, #396 ) ) ;
#3015 = EDGE_LOOP ( 'NONE', ( #1004, #241, #1105, #2100 ) ) ;
#3016 = CARTESIAN_POINT ( 'NONE',  ( 1.900000000000019229, 0.2000000000000000944, 0.9000000000000001332 ) ) ;
#3017 = SURFACE_STYLE_FILL_AREA ( #358 ) ;
#3018 = ADVANCED_FACE ( 'NONE', ( #2934 ), #290, .F. ) ;
#3019 = EDGE_CURVE ( 'NONE', #1892, #3129, #310, .T. ) ;
#3020 = CARTESIAN_POINT ( 'NONE',  ( -1.899999999999980593, 0.000000000000000000, 0.6999999999999998446 ) ) ;
#3021 = ORIENTED_EDGE ( 'NONE', *, *, #2262, .T. ) ;
#3022 = CLOSED_SHELL ( 'NONE', ( #2361, #337, #2438, #674, #121, #1361, #688, #1419, #2841, #347, #3248, #3335, #814, #1399 ) ) ;
#3023 = LINE ( 'NONE', #2751, #101 ) ;
#3024 = CARTESIAN_POINT ( 'NONE',  ( -1.899999999999980593, 0.5000000000000000000, 0.9000000000000001332 ) ) ;
#3025 = CARTESIAN_POINT ( 'NONE',  ( 1.900000000000010125, 0.2000000000000000111, -0.2999999999999998224 ) ) ;
#3026 = VECTOR ( 'NONE', #2702, 1000.000000000000000 ) ;
#3027 = ORIENTED_EDGE ( 'NONE', *, *, #297, .F. ) ;
#3028 = CARTESIAN_POINT ( 'NONE',  ( -1.899999999999999245, 0.5000000000000000000, 0.3000000000000000999 ) ) ;
#3029 = VECTOR ( 'NONE', #1272, 1000.000000000000000 ) ;
#3030 = DIRECTION ( 'NONE',  ( 0.000000000000000000, 0.000000000000000000, 1.000000000000000000 ) ) ;
#3031 = EDGE_LOOP ( 'NONE', ( #2492, #2846, #2605, #2319 ) ) ;
#3032 = FACE_OUTER_BOUND ( 'NONE', #370, .T. ) ;
#3033 = VERTEX_POINT ( 'NONE', #1704 ) ;
#3034 = CARTESIAN_POINT ( 'NONE',  ( -0.7999999999999991562, 0.000000000000000000, -0.9999999999999997780 ) ) ;
#3035 = ORIENTED_EDGE ( 'NONE', *, *, #1976, .T. ) ;
#3036 = VECTOR ( 'NONE', #1327, 1000.000000000000000 ) ;
#3037 = DIRECTION ( 'NONE',  ( -0.000000000000000000, 1.000000000000000000, 0.000000000000000000 ) ) ;
#3038 = AXIS2_PLACEMENT_3D ( 'NONE', #2596, #979, #1876 ) ;
#3039 = DIRECTION ( 'NONE',  ( 1.000000000000000000, 0.000000000000000000, -2.409338161078898194E-16 ) ) ;
#3040 = VECTOR ( 'NONE', #1836, 1000.000000000000000 ) ;
#3041 = LINE ( 'NONE', #900, #2875 ) ;
#3042 = EDGE_CURVE ( 'NONE', #116, #1894, #3299, .T. ) ;
#3043 = DIRECTION ( 'NONE',  ( -1.000000000000000000, 0.000000000000000000, 0.000000000000000000 ) ) ;
#3044 = DIRECTION ( 'NONE',  ( 0.000000000000000000, 1.000000000000000000, 0.000000000000000000 ) ) ;
#3045 = ADVANCED_FACE ( 'NONE', ( #393 ), #933, .F. ) ;
#3046 = ORIENTED_EDGE ( 'NONE', *, *, #1630, .F. ) ;
#3047 = CARTESIAN_POINT ( 'NONE',  ( 1.000000000000009992, 0.000000000000000000, -0.3000000000000000444 ) ) ;
#3048 = VECTOR ( 'NONE', #534, 1000.000000000000000 ) ;
#3049 = ORIENTED_EDGE ( 'NONE', *, *, #771, .F. ) ;
#3050 = CIRCLE ( 'NONE', #156, 0.2000000000000002054 ) ;
#3051 = LINE ( 'NONE', #2844, #3151 ) ;
#3052 = VERTEX_POINT ( 'NONE', #634 ) ;
#3053 = CARTESIAN_POINT ( 'NONE',  ( -0.9999999999999991118, 0.000000000000000000, -0.6000000000000000888 ) ) ;
#3054 = AXIS2_PLACEMENT_3D ( 'NONE', #1289, #1510, #3367 ) ;
#3055 = ORIENTED_EDGE ( 'NONE', *, *, #1197, .F. ) ;
#3056 = ORIENTED_EDGE ( 'NONE', *, *, #1946, .F. ) ;
#3057 = PLANE ( 'NONE',  #1084 ) ;
#3058 = FACE_OUTER_BOUND ( 'NONE', #3182, .T. ) ;
#3059 = DIRECTION ( 'NONE',  ( 0.000000000000000000, -1.000000000000000000, 0.000000000000000000 ) ) ;
#3060 = LINE ( 'NONE', #2500, #839 ) ;
#3061 = DIRECTION ( 'NONE',  ( -0.000000000000000000, -1.000000000000000000, -0.000000000000000000 ) ) ;
#3062 = ADVANCED_FACE ( 'NONE', ( #2802 ), #2768, .F. ) ;
#3063 = ORIENTED_EDGE ( 'NONE', *, *, #3315, .F. ) ;
#3064 = LINE ( 'NONE', #1201, #2480 ) ;
#3065 = ORIENTED_EDGE ( 'NONE', *, *, #427, .F. ) ;
#3066 = FACE_OUTER_BOUND ( 'NONE', #344, .T. ) ;
#3067 = EDGE_CURVE ( 'NONE', #718, #2946, #1414, .T. ) ;
#3068 = CARTESIAN_POINT ( 'NONE',  ( -0.9999999999999993339, 0.2000000000000000111, -0.7999999999999998224 ) ) ;
#3069 = ORIENTED_EDGE ( 'NONE', *, *, #2215, .F. ) ;
#3070 = CARTESIAN_POINT ( 'NONE',  ( 1.900000000000000577, 0.5000000000000000000, 1.100000000000000311 ) ) ;
#3071 = ORIENTED_EDGE ( 'NONE', *, *, #346, .F. ) ;
#3072 = FACE_OUTER_BOUND ( 'NONE', #364, .T. ) ;
#3073 = CARTESIAN_POINT ( 'NONE',  ( -1.899999999999989919, 0.2000000000000000111, 0.3000000000000000444 ) ) ;
#3074 = CARTESIAN_POINT ( 'NONE',  ( -1.899999999999980593, 0.2000000000000000111, 0.6000000000000000888 ) ) ;
#3075 = FACE_OUTER_BOUND ( 'NONE', #3196, .T. ) ;
#3076 = AXIS2_PLACEMENT_3D ( 'NONE', #1815, #1276, #3427 ) ;
#3077 = ORIENTED_EDGE ( 'NONE', *, *, #1290, .T. ) ;
#3078 = CARTESIAN_POINT ( 'NONE',  ( 1.000000000000000444, 0.2000000000000000111, -1.199999999999999956 ) ) ;
#3079 = CARTESIAN_POINT ( 'NONE',  ( -1.899999999999999245, 0.000000000000000000, 1.299999999999999600 ) ) ;
#3080 = VECTOR ( 'NONE', #3108, 1000.000000000000000 ) ;
#3081 = EDGE_CURVE ( 'NONE', #776, #684, #2516, .T. ) ;
#3082 = EDGE_CURVE ( 'NONE', #626, #1324, #2785, .T. ) ;
#3083 = CARTESIAN_POINT ( 'NONE',  ( 1.470540290502972747, 1.350000000000000533, 1.300000000000000044 ) ) ;
#3084 = VERTEX_POINT ( 'NONE', #2499 ) ;
#3085 = CARTESIAN_POINT ( 'NONE',  ( -1.899999999999999245, 0.5000000000000000000, 0.9000000000000001332 ) ) ;
#3086 = CARTESIAN_POINT ( 'NONE',  ( 0.000000000000000000, 0.2000000000000000111, 0.000000000000000000 ) ) ;
#3087 = DIRECTION ( 'NONE',  ( -0.000000000000000000, 1.000000000000000000, 0.000000000000000000 ) ) ;
#3088 = AXIS2_PLACEMENT_3D ( 'NONE', #126, #2022, #376 ) ;
#3089 = VECTOR ( 'NONE', #208, 1000.000000000000000 ) ;
#3090 = CARTESIAN_POINT ( 'NONE',  ( 1.900000000000019229, 0.000000000000000000, 0.6000000000000003109 ) ) ;
#3091 = DIRECTION ( 'NONE',  ( -0.000000000000000000, -1.000000000000000000, -0.000000000000000000 ) ) ;
#3092 = VECTOR ( 'NONE', #832, 1000.000000000000000 ) ;
#3093 = ORIENTED_EDGE ( 'NONE', *, *, #1737, .F. ) ;
#3094 = CYLINDRICAL_SURFACE ( 'NONE', #2644, 0.2999999999999996558 ) ;
#3095 = DIRECTION ( 'NONE',  ( 0.000000000000000000, 0.000000000000000000, -1.000000000000000000 ) ) ;
#3096 = ORIENTED_EDGE ( 'NONE', *, *, #2598, .F. ) ;
#3097 = VECTOR ( 'NONE', #2360, 1000.000000000000000 ) ;
#3098 = DIRECTION ( 'NONE',  ( -0.000000000000000000, 1.000000000000000000, -0.000000000000000000 ) ) ;
#3099 = AXIS2_PLACEMENT_3D ( 'NONE', #3326, #2525, #687 ) ;
#3100 = ORIENTED_EDGE ( 'NONE', *, *, #2128, .F. ) ;
#3101 = CARTESIAN_POINT ( 'NONE',  ( -0.9999999999999897859, 0.2000000000000000111, -0.2999999999999998224 ) ) ;
#3102 = VECTOR ( 'NONE', #835, 1000.000000000000000 ) ;
#3103 = ADVANCED_FACE ( 'NONE', ( #128 ), #428, .T. ) ;
#3104 = DIRECTION ( 'NONE',  ( 1.000000000000000000, 0.000000000000000000, -2.409338161078898194E-16 ) ) ;
#3105 = PLANE ( 'NONE',  #3252 ) ;
#3106 = EDGE_CURVE ( 'NONE', #272, #2043, #3041, .T. ) ;
#3107 = CARTESIAN_POINT ( 'NONE',  ( -1.899999999999999245, 0.000000000000000000, 1.299999999999999600 ) ) ;
#3108 = DIRECTION ( 'NONE',  ( -0.000000000000000000, -0.000000000000000000, -1.000000000000000000 ) ) ;
#3109 = CARTESIAN_POINT ( 'NONE',  ( 1.900000000000000577, 0.5000000000000000000, -0.2000000000000002331 ) ) ;
#3110 = PLANE ( 'NONE',  #1826 ) ;
#3111 = ORIENTED_EDGE ( 'NONE', *, *, #1231, .F. ) ;
#3112 = CARTESIAN_POINT ( 'NONE',  ( 1.900000000000010125, -0.8485281374238573537, 0.000000000000000000 ) ) ;
#3113 = ORIENTED_EDGE ( 'NONE', *, *, #980, .T. ) ;
#3114 = CARTESIAN_POINT ( 'NONE',  ( -0.9999999999999897859, 0.2000000000000000111, -0.2999999999999998224 ) ) ;
#3115 = DIRECTION ( 'NONE',  ( 0.000000000000000000, 0.000000000000000000, 1.000000000000000000 ) ) ;
#3116 =( NAMED_UNIT ( * ) SI_UNIT ( $, .STERADIAN. ) SOLID_ANGLE_UNIT ( ) );
#3117 = ORIENTED_EDGE ( 'NONE', *, *, #791, .T. ) ;
#3118 = EDGE_CURVE ( 'NONE', #1855, #888, #2237, .T. ) ;
#3119 = EDGE_CURVE ( 'NONE', #2460, #3240, #3317, .T. ) ;
#3120 = SURFACE_STYLE_FILL_AREA ( #985 ) ;
#3121 = CARTESIAN_POINT ( 'NONE',  ( 1.000000000000009992, 0.2000000000000000111, -0.3000000000000000444 ) ) ;
#3122 = CARTESIAN_POINT ( 'NONE',  ( -1.899999999999999245, 0.2000000000000000111, -1.199999999999999956 ) ) ;
#3123 = DIRECTION ( 'NONE',  ( 0.000000000000000000, 0.000000000000000000, 1.000000000000000000 ) ) ;
#3124 = DIRECTION ( 'NONE',  ( 0.000000000000000000, 0.000000000000000000, 1.000000000000000000 ) ) ;
#3125 = ORIENTED_EDGE ( 'NONE', *, *, #524, .T. ) ;
#3126 = CYLINDRICAL_SURFACE ( 'NONE', #1132, 0.2000000000000002054 ) ;
#3127 = VECTOR ( 'NONE', #3156, 1000.000000000000000 ) ;
#3128 = FACE_OUTER_BOUND ( 'NONE', #2491, .T. ) ;
#3129 = VERTEX_POINT ( 'NONE', #1690 ) ;
#3130 = ORIENTED_EDGE ( 'NONE', *, *, #326, .T. ) ;
#3131 = VECTOR ( 'NONE', #1076, 1000.000000000000000 ) ;
#3132 = FACE_OUTER_BOUND ( 'NONE', #2655, .T. ) ;
#3133 = VECTOR ( 'NONE', #2223, 1000.000000000000000 ) ;
#3134 = EDGE_LOOP ( 'NONE', ( #1936, #1509, #734, #109 ) ) ;
#3135 = LINE ( 'NONE', #1227, #2135 ) ;
#3136 = EDGE_CURVE ( 'NONE', #1662, #2819, #2821, .T. ) ;
#3137 = CARTESIAN_POINT ( 'NONE',  ( 0.000000000000000000, 0.2000000000000000111, 0.000000000000000000 ) ) ;
#3138 = CARTESIAN_POINT ( 'NONE',  ( -1.470540290502972747, 1.350000000000000089, -1.300000000000000044 ) ) ;
#3139 = VECTOR ( 'NONE', #894, 1000.000000000000000 ) ;
#3140 = ADVANCED_FACE ( 'NONE', ( #917 ), #951, .F. ) ;
#3141 = VECTOR ( 'NONE', #556, 1000.000000000000000 ) ;
#3142 = EDGE_CURVE ( 'NONE', #1138, #1850, #445, .T. ) ;
#3143 = DIRECTION ( 'NONE',  ( -1.000000000000000000, 0.000000000000000000, -0.000000000000000000 ) ) ;
#3144 = DIRECTION ( 'NONE',  ( 0.000000000000000000, -1.000000000000000000, 0.000000000000000000 ) ) ;
#3145 = ORIENTED_EDGE ( 'NONE', *, *, #2954, .F. ) ;
#3146 = DIRECTION ( 'NONE',  ( 1.084202172485505815E-15, 0.000000000000000000, 1.000000000000000000 ) ) ;
#3147 = AXIS2_PLACEMENT_3D ( 'NONE', #219, #969, #742 ) ;
#3148 = ORIENTED_EDGE ( 'NONE', *, *, #3118, .F. ) ;
#3149 = CARTESIAN_POINT ( 'NONE',  ( -0.9999999999999991118, 0.2000000000000000111, -0.6000000000000000888 ) ) ;
#3150 = DIRECTION ( 'NONE',  ( 0.000000000000000000, 1.000000000000000000, 0.000000000000000000 ) ) ;
#3151 = VECTOR ( 'NONE', #1472, 1000.000000000000000 ) ;
#3152 = EDGE_CURVE ( 'NONE', #2365, #2554, #1479, .T. ) ;
#3153 = ORIENTED_EDGE ( 'NONE', *, *, #2536, .F. ) ;
#3154 = AXIS2_PLACEMENT_3D ( 'NONE', #1600, #3005, #618 ) ;
#3155 = CARTESIAN_POINT ( 'NONE',  ( 1.590000000000000746, 0.5000000000000006661, 1.300000000000000044 ) ) ;
#3156 = DIRECTION ( 'NONE',  ( -0.000000000000000000, -0.000000000000000000, -1.000000000000000000 ) ) ;
#3157 = ORIENTED_EDGE ( 'NONE', *, *, #297, .T. ) ;
#3158 = ORIENTED_EDGE ( 'NONE', *, *, #65, .T. ) ;
#3159 = ORIENTED_EDGE ( 'NONE', *, *, #1233, .T. ) ;
#3160 = ORIENTED_EDGE ( 'NONE', *, *, #2734, .F. ) ;
#3161 = CARTESIAN_POINT ( 'NONE',  ( -1.599999999999999423, 0.1999999999999999833, -1.199999999999999956 ) ) ;
#3162 = PLANE ( 'NONE',  #3213 ) ;
#3163 = DIRECTION ( 'NONE',  ( 0.000000000000000000, 0.000000000000000000, 1.000000000000000000 ) ) ;
#3164 = EDGE_CURVE ( 'NONE', #2379, #1216, #3023, .T. ) ;
#3165 = CARTESIAN_POINT ( 'NONE',  ( 1.000000000000009992, 0.2000000000000000111, -0.3000000000000000444 ) ) ;
#3166 = ADVANCED_FACE ( 'NONE', ( #2486 ), #112, .F. ) ;
#3167 = EDGE_CURVE ( 'NONE', #184, #1810, #1768, .T. ) ;
#3168 = DIRECTION ( 'NONE',  ( 0.000000000000000000, -0.000000000000000000, -1.000000000000000000 ) ) ;
#3169 = ORIENTED_EDGE ( 'NONE', *, *, #1113, .T. ) ;
#3170 = ORIENTED_EDGE ( 'NONE', *, *, #941, .F. ) ;
#3171 = CYLINDRICAL_SURFACE ( 'NONE', #1308, 0.3000000000000001554 ) ;
#3172 = CARTESIAN_POINT ( 'NONE',  ( -1.899999999999999245, 0.1999999999999999833, 0.3000000000000000999 ) ) ;
#3173 = DIRECTION ( 'NONE',  ( -5.421010862427517240E-16, 0.000000000000000000, -1.000000000000000000 ) ) ;
#3174 = DIRECTION ( 'NONE',  ( -0.000000000000000000, -0.000000000000000000, -1.000000000000000000 ) ) ;
#3175 = EDGE_LOOP ( 'NONE', ( #2227, #3093, #834, #2976 ) ) ;
#3176 = EDGE_LOOP ( 'NONE', ( #2229, #3324, #1556, #1281 ) ) ;
#3177 = ORIENTED_EDGE ( 'NONE', *, *, #1172, .F. ) ;
#3178 = DIRECTION ( 'NONE',  ( -1.000000000000000000, -1.363776317591828850E-16, 0.000000000000000000 ) ) ;
#3179 = FACE_OUTER_BOUND ( 'NONE', #2261, .T. ) ;
#3180 = CARTESIAN_POINT ( 'NONE',  ( 1.900000000000019229, 0.1999999999999999833, 0.9000000000000001332 ) ) ;
#3181 = DIRECTION ( 'NONE',  ( 0.000000000000000000, 1.000000000000000000, 0.000000000000000000 ) ) ;
#3182 = EDGE_LOOP ( 'NONE', ( #438, #838, #547, #390, #3309 ) ) ;
#3183 = ADVANCED_FACE ( 'NONE', ( #3402 ), #2568, .F. ) ;
#3184 = VECTOR ( 'NONE', #1583, 1000.000000000000000 ) ;
#3185 = CARTESIAN_POINT ( 'NONE',  ( -0.7999999999999991562, 0.2000000000000000111, -0.9999999999999997780 ) ) ;
#3186 = CARTESIAN_POINT ( 'NONE',  ( -0.9999999999999993339, 0.000000000000000000, -0.7999999999999998224 ) ) ;
#3187 = EDGE_CURVE ( 'NONE', #2641, #845, #1020, .T. ) ;
#3188 = DIRECTION ( 'NONE',  ( -0.000000000000000000, -0.000000000000000000, -1.000000000000000000 ) ) ;
#3189 = ORIENTED_EDGE ( 'NONE', *, *, #3082, .T. ) ;
#3190 = ORIENTED_EDGE ( 'NONE', *, *, #1753, .T. ) ;
#3191 = VERTEX_POINT ( 'NONE', #2026 ) ;
#3192 = ORIENTED_EDGE ( 'NONE', *, *, #926, .F. ) ;
#3193 = PLANE ( 'NONE',  #2294 ) ;
#3194 = DIRECTION ( 'NONE',  ( -0.000000000000000000, 0.000000000000000000, -1.000000000000000000 ) ) ;
#3195 = PLANE ( 'NONE',  #1766 ) ;
#3196 = EDGE_LOOP ( 'NONE', ( #294, #761, #2711, #2120 ) ) ;
#3197 = VECTOR ( 'NONE', #1703, 1000.000000000000000 ) ;
#3198 = EDGE_LOOP ( 'NONE', ( #499, #1060, #2248, #2461 ) ) ;
#3199 = EDGE_CURVE ( 'NONE', #577, #2380, #1526, .T. ) ;
#3200 = CARTESIAN_POINT ( 'NONE',  ( 1.000000000000000444, 0.2000000000000000111, -1.199999999999999956 ) ) ;
#3201 = AXIS2_PLACEMENT_3D ( 'NONE', #1642, #380, #1908 ) ;
#3202 = FACE_OUTER_BOUND ( 'NONE', #2272, .T. ) ;
#3203 = EDGE_LOOP ( 'NONE', ( #3445, #2558, #959, #1340 ) ) ;
#3204 = VECTOR ( 'NONE', #1164, 1000.000000000000000 ) ;
#3205 = DIRECTION ( 'NONE',  ( 1.000000000000000000, 0.000000000000000000, 2.409338161078898194E-16 ) ) ;
#3206 = PLANE ( 'NONE',  #2129 ) ;
#3207 = ADVANCED_FACE ( 'NONE', ( #2603 ), #1040, .T. ) ;
#3208 = CARTESIAN_POINT ( 'NONE',  ( -1.899999999999980593, 0.2000000000000000111, 1.200000000000000178 ) ) ;
#3209 = CIRCLE ( 'NONE', #263, 0.3000000000000000999 ) ;
#3210 = ADVANCED_FACE ( 'NONE', ( #2284 ), #2352, .T. ) ;
#3211 = DIRECTION ( 'NONE',  ( -0.000000000000000000, 1.000000000000000000, 0.000000000000000000 ) ) ;
#3212 = ORIENTED_EDGE ( 'NONE', *, *, #1838, .T. ) ;
#3213 = AXIS2_PLACEMENT_3D ( 'NONE', #1028, #1297, #988 ) ;
#3214 = ORIENTED_EDGE ( 'NONE', *, *, #2687, .T. ) ;
#3215 = DIRECTION ( 'NONE',  ( 0.000000000000000000, 1.000000000000000000, 0.000000000000000000 ) ) ;
#3216 = CYLINDRICAL_SURFACE ( 'NONE', #1970, 0.3000000000000000999 ) ;
#3217 = AXIS2_PLACEMENT_3D ( 'NONE', #2255, #1739, #3349 ) ;
#3218 = DIRECTION ( 'NONE',  ( 0.000000000000000000, 0.000000000000000000, 1.000000000000000000 ) ) ;
#3219 = DIRECTION ( 'NONE',  ( 0.000000000000000000, 0.000000000000000000, 1.000000000000000000 ) ) ;
#3220 = ORIENTED_EDGE ( 'NONE', *, *, #1236, .F. ) ;
#3221 = ORIENTED_EDGE ( 'NONE', *, *, #2837, .T. ) ;
#3222 = FACE_OUTER_BOUND ( 'NONE', #3374, .T. ) ;
#3223 = LINE ( 'NONE', #1572, #3040 ) ;
#3224 = VERTEX_POINT ( 'NONE', #197 ) ;
#3225 = UNCERTAINTY_MEASURE_WITH_UNIT (LENGTH_MEASURE( 1.000000000000000082E-05 ), #2317, 'distance_accuracy_value', 'NONE');
#3226 = ORIENTED_EDGE ( 'NONE', *, *, #578, .T. ) ;
#3227 = CARTESIAN_POINT ( 'NONE',  ( 1.900000000000019229, 0.2000000000000000111, 0.6000000000000003109 ) ) ;
#3228 = DIRECTION ( 'NONE',  ( 0.000000000000000000, 0.000000000000000000, 1.000000000000000000 ) ) ;
#3229 = DIRECTION ( 'NONE',  ( -0.000000000000000000, -0.000000000000000000, -1.000000000000000000 ) ) ;
#3230 = ADVANCED_FACE ( 'NONE', ( #505 ), #1561, .T. ) ;
#3231 = EDGE_CURVE ( 'NONE', #2230, #2994, #2079, .T. ) ;
#3232 = CARTESIAN_POINT ( 'NONE',  ( -1.899999999999989697, 0.1999999999999999833, 0.000000000000000000 ) ) ;
#3233 = DIRECTION ( 'NONE',  ( -0.000000000000000000, 0.000000000000000000, -1.000000000000000000 ) ) ;
#3234 = CARTESIAN_POINT ( 'NONE',  ( -1.899999999999989697, 0.2000000000000000111, -0.3000000000000000444 ) ) ;
#3235 = ORIENTED_EDGE ( 'NONE', *, *, #3336, .T. ) ;
#3236 = CARTESIAN_POINT ( 'NONE',  ( 1.000000000000019096, 0.2000000000000000111, 1.200000000000000178 ) ) ;
#3237 = ORIENTED_EDGE ( 'NONE', *, *, #1030, .T. ) ;
#3238 = ORIENTED_EDGE ( 'NONE', *, *, #2714, .T. ) ;
#3239 = FACE_OUTER_BOUND ( 'NONE', #1929, .T. ) ;
#3240 = VERTEX_POINT ( 'NONE', #249 ) ;
#3241 = DIRECTION ( 'NONE',  ( 1.000000000000000000, 0.000000000000000000, 0.000000000000000000 ) ) ;
#3242 = VECTOR ( 'NONE', #1229, 1000.000000000000000 ) ;
#3243 = CARTESIAN_POINT ( 'NONE',  ( 1.590000000000000746, 0.5000000000000006661, 1.300000000000000044 ) ) ;
#3244 = DIRECTION ( 'NONE',  ( 0.000000000000000000, 0.000000000000000000, 1.000000000000000000 ) ) ;
#3245 = DIRECTION ( 'NONE',  ( 0.000000000000000000, 0.000000000000000000, 1.000000000000000000 ) ) ;
#3246 = AXIS2_PLACEMENT_3D ( 'NONE', #329, #884, #2439 ) ;
#3247 = CARTESIAN_POINT ( 'NONE',  ( 1.900000000000000577, 0.5000000000000000000, -0.9000000000000000222 ) ) ;
#3248 = ADVANCED_FACE ( 'NONE', ( #2639 ), #2305, .F. ) ;
#3249 = CARTESIAN_POINT ( 'NONE',  ( 1.900000000000019229, 0.2000000000000000111, 1.199999999999999956 ) ) ;
#3250 = FACE_OUTER_BOUND ( 'NONE', #3303, .T. ) ;
#3251 = EDGE_CURVE ( 'NONE', #1985, #2554, #2834, .T. ) ;
#3252 = AXIS2_PLACEMENT_3D ( 'NONE', #2749, #949, #1207 ) ;
#3253 = ORIENTED_EDGE ( 'NONE', *, *, #3293, .T. ) ;
#3254 = EDGE_CURVE ( 'NONE', #171, #1124, #1825, .T. ) ;
#3255 = AXIS2_PLACEMENT_3D ( 'NONE', #1205, #2547, #1683 ) ;
#3256 = CARTESIAN_POINT ( 'NONE',  ( 1.900000000000019229, 0.5000000000000000000, 0.9000000000000001332 ) ) ;
#3257 = ORIENTED_EDGE ( 'NONE', *, *, #935, .T. ) ;
#3258 = LINE ( 'NONE', #2464, #793 ) ;
#3259 = VECTOR ( 'NONE', #2316, 1000.000000000000000 ) ;
#3260 = MANIFOLD_SOLID_BREP ( 'Cut-Extrude3[6]', #2395 ) ;
#3261 = VECTOR ( 'NONE', #1323, 1000.000000000000000 ) ;
#3262 = DIRECTION ( 'NONE',  ( 1.000000000000000000, 0.000000000000000000, -2.409338161078898194E-16 ) ) ;
#3263 = DIRECTION ( 'NONE',  ( -1.000000000000000000, -0.000000000000000000, -2.409338161078898194E-16 ) ) ;
#3264 = EDGE_CURVE ( 'NONE', #577, #1217, #3, .T. ) ;
#3265 = AXIS2_PLACEMENT_3D ( 'NONE', #3180, #238, #3124 ) ;
#3266 = CARTESIAN_POINT ( 'NONE',  ( -1.899999999999999245, 0.5000000000000000000, 1.299999999999999600 ) ) ;
#3267 = LINE ( 'NONE', #350, #3351 ) ;
#3268 = PLANE ( 'NONE',  #526 ) ;
#3269 = VECTOR ( 'NONE', #349, 1000.000000000000227 ) ;
#3270 = DIRECTION ( 'NONE',  ( 0.000000000000000000, -0.000000000000000000, 1.000000000000000000 ) ) ;
#3271 = AXIS2_PLACEMENT_3D ( 'NONE', #3074, #1199, #409 ) ;
#3272 = ORIENTED_EDGE ( 'NONE', *, *, #710, .T. ) ;
#3273 = VECTOR ( 'NONE', #85, 1000.000000000000000 ) ;
#3274 = ORIENTED_EDGE ( 'NONE', *, *, #206, .T. ) ;
#3275 = EDGE_CURVE ( 'NONE', #1329, #663, #2201, .T. ) ;
#3276 = EDGE_CURVE ( 'NONE', #3009, #1639, #1326, .T. ) ;
#3277 = CARTESIAN_POINT ( 'NONE',  ( -1.899999999999989697, 0.000000000000000000, -0.3000000000000000444 ) ) ;
#3278 = EDGE_LOOP ( 'NONE', ( #3348, #1260, #2942, #2292, #2651, #823 ) ) ;
#3279 = CARTESIAN_POINT ( 'NONE',  ( 1.900000000000010125, 0.2000000000000000111, -0.2999999999999998224 ) ) ;
#3280 = VERTEX_POINT ( 'NONE', #1614 ) ;
#3281 = CARTESIAN_POINT ( 'NONE',  ( -0.9999999999999804601, 0.000000000000000000, 0.6000000000000003109 ) ) ;
#3282 = PLANE ( 'NONE',  #2922 ) ;
#3283 = CARTESIAN_POINT ( 'NONE',  ( 0.000000000000000000, 0.5000000000000000000, 0.000000000000000000 ) ) ;
#3284 = DIRECTION ( 'NONE',  ( 0.000000000000000000, 0.000000000000000000, -1.000000000000000000 ) ) ;
#3285 = CARTESIAN_POINT ( 'NONE',  ( -0.9999999999999993339, 0.2000000000000000111, -0.9999999999999997780 ) ) ;
#3286 = PLANE ( 'NONE',  #1843 ) ;
#3287 = DIRECTION ( 'NONE',  ( -0.000000000000000000, -1.000000000000000000, -0.000000000000000000 ) ) ;
#3288 = VERTEX_POINT ( 'NONE', #345 ) ;
#3289 = ORIENTED_EDGE ( 'NONE', *, *, #1543, .F. ) ;
#3290 = VERTEX_POINT ( 'NONE', #1057 ) ;
#3291 = CARTESIAN_POINT ( 'NONE',  ( 1.000000000000009992, 0.000000000000000000, 0.3000000000000000444 ) ) ;
#3292 = EDGE_CURVE ( 'NONE', #2016, #2374, #327, .T. ) ;
#3293 = EDGE_CURVE ( 'NONE', #1811, #536, #925, .T. ) ;
#3294 = LINE ( 'NONE', #1314, #1019 ) ;
#3295 = MANIFOLD_SOLID_BREP ( 'Boss-Extrude2', #1603 ) ;
#3296 = LINE ( 'NONE', #111, #2069 ) ;
#3297 = ADVANCED_FACE ( 'NONE', ( #792 ), #2716, .F. ) ;
#3298 = AXIS2_PLACEMENT_3D ( 'NONE', #1709, #989, #2790 ) ;
#3299 = LINE ( 'NONE', #650, #1468 ) ;
#3300 = MANIFOLD_SOLID_BREP ( 'Cut-Extrude3[3]', #180 ) ;
#3301 = LINE ( 'NONE', #1974, #1716 ) ;
#3302 = PLANE ( 'NONE',  #3201 ) ;
#3303 = EDGE_LOOP ( 'NONE', ( #2459, #1819, #3401, #922 ) ) ;
#3304 = CARTESIAN_POINT ( 'NONE',  ( 1.900000000000010125, 0.2000000000000000111, 0.2999999999999998224 ) ) ;
#3305 = EDGE_LOOP ( 'NONE', ( #1126, #299, #690, #1804 ) ) ;
#3306 = ORIENTED_EDGE ( 'NONE', *, *, #1752, .F. ) ;
#3307 = EDGE_CURVE ( 'NONE', #3009, #905, #1846, .T. ) ;
#3308 = DIRECTION ( 'NONE',  ( -1.084202172485505815E-15, -0.000000000000000000, -1.000000000000000000 ) ) ;
#3309 = ORIENTED_EDGE ( 'NONE', *, *, #998, .T. ) ;
#3310 = CARTESIAN_POINT ( 'NONE',  ( -1.899999999999999245, 0.5000000000000000000, -1.199999999999999956 ) ) ;
#3311 = VECTOR ( 'NONE', #406, 1000.000000000000000 ) ;
#3312 = CARTESIAN_POINT ( 'NONE',  ( -1.899999999999980593, 0.000000000000000000, 0.6000000000000000888 ) ) ;
#3313 = VECTOR ( 'NONE', #1919, 1000.000000000000000 ) ;
#3314 = CARTESIAN_POINT ( 'NONE',  ( -0.9999999999999993339, 0.000000000000000000, -0.7999999999999998224 ) ) ;
#3315 = EDGE_CURVE ( 'NONE', #3446, #1422, #2588, .T. ) ;
#3316 = AXIS2_PLACEMENT_3D ( 'NONE', #3086, #2004, #1194 ) ;
#3317 = LINE ( 'NONE', #3333, #2307 ) ;
#3318 = CARTESIAN_POINT ( 'NONE',  ( 1.000000000000000444, 0.2000000000000000111, -1.199999999999999956 ) ) ;
#3319 = CARTESIAN_POINT ( 'NONE',  ( -1.899999999999980593, 0.2000000000000000111, 1.200000000000000178 ) ) ;
#3320 = VERTEX_POINT ( 'NONE', #2205 ) ;
#3321 = CARTESIAN_POINT ( 'NONE',  ( -0.9999999999999897859, 0.2000000000000000111, -0.2999999999999998224 ) ) ;
#3322 = VECTOR ( 'NONE', #2143, 1000.000000000000000 ) ;
#3323 = CARTESIAN_POINT ( 'NONE',  ( -1.899999999999999245, 0.1999999999999999833, 0.6000000000000000888 ) ) ;
#3324 = ORIENTED_EDGE ( 'NONE', *, *, #3292, .F. ) ;
#3325 = AXIS2_PLACEMENT_3D ( 'NONE', #818, #2454, #2470 ) ;
#3326 = CARTESIAN_POINT ( 'NONE',  ( -0.9999999999999897859, 0.2000000000000000111, -0.2999999999999998224 ) ) ;
#3327 = ORIENTED_EDGE ( 'NONE', *, *, #1773, .F. ) ;
#3328 = CARTESIAN_POINT ( 'NONE',  ( -1.470540290502972747, 1.350000000000000089, 1.300000000000000044 ) ) ;
#3329 = VECTOR ( 'NONE', #885, 1000.000000000000000 ) ;
#3330 = DIRECTION ( 'NONE',  ( -2.409338161078898687E-16, 0.000000000000000000, 1.000000000000000000 ) ) ;
#3331 = MANIFOLD_SOLID_BREP ( 'Cut-Extrude3[5]', #781 ) ;
#3332 = DIRECTION ( 'NONE',  ( 1.000000000000000000, 0.000000000000000000, 0.000000000000000000 ) ) ;
#3333 = CARTESIAN_POINT ( 'NONE',  ( -1.899999999999999245, 0.2000000000000000111, -0.6000000000000000888 ) ) ;
#3334 = LINE ( 'NONE', #2569, #2003 ) ;
#3335 = ADVANCED_FACE ( 'NONE', ( #476 ), #3282, .T. ) ;
#3336 = EDGE_CURVE ( 'NONE', #1478, #86, #860, .T. ) ;
#3337 = ORIENTED_EDGE ( 'NONE', *, *, #770, .F. ) ;
#3338 = DIRECTION ( 'NONE',  ( -1.000000000000000000, -0.000000000000000000, -2.409338161078898194E-16 ) ) ;
#3339 = ORIENTED_EDGE ( 'NONE', *, *, #465, .F. ) ;
#3340 = DIRECTION ( 'NONE',  ( 0.000000000000000000, 0.000000000000000000, 1.000000000000000000 ) ) ;
#3341 = EDGE_LOOP ( 'NONE', ( #1677, #2372, #1339, #1055 ) ) ;
#3342 = CARTESIAN_POINT ( 'NONE',  ( 1.000000000000019096, 0.2000000000000000111, 1.200000000000000178 ) ) ;
#3343 = ORIENTED_EDGE ( 'NONE', *, *, #1770, .T. ) ;
#3344 = PLANE ( 'NONE',  #1238 ) ;
#3345 = VERTEX_POINT ( 'NONE', #461 ) ;
#3346 = LINE ( 'NONE', #3382, #319 ) ;
#3347 = CARTESIAN_POINT ( 'NONE',  ( 1.900000000000000577, 0.000000000000000000, -1.199999999999999956 ) ) ;
#3348 = ORIENTED_EDGE ( 'NONE', *, *, #1139, .F. ) ;
#3349 = DIRECTION ( 'NONE',  ( -1.000000000000000000, 0.000000000000000000, 2.409338161078898194E-16 ) ) ;
#3350 = CARTESIAN_POINT ( 'NONE',  ( -1.899999999999999245, 0.000000000000000000, -1.300000000000000266 ) ) ;
#3351 = VECTOR ( 'NONE', #848, 1000.000000000000000 ) ;
#3352 = ORIENTED_EDGE ( 'NONE', *, *, #1267, .F. ) ;
#3353 = CARTESIAN_POINT ( 'NONE',  ( 1.000000000000009992, 0.000000000000000000, -0.3000000000000000444 ) ) ;
#3354 = DIRECTION ( 'NONE',  ( 0.000000000000000000, -1.000000000000000000, 0.000000000000000000 ) ) ;
#3355 = ADVANCED_FACE ( 'NONE', ( #2083 ), #1513, .F. ) ;
#3356 = LINE ( 'NONE', #1983, #649 ) ;
#3357 = EDGE_CURVE ( 'NONE', #2476, #171, #1274, .T. ) ;
#3358 = ORIENTED_EDGE ( 'NONE', *, *, #2493, .T. ) ;
#3359 = FACE_OUTER_BOUND ( 'NONE', #513, .T. ) ;
#3360 = EDGE_CURVE ( 'NONE', #184, #20, #3135, .T. ) ;
#3361 = PLANE ( 'NONE',  #3316 ) ;
#3362 = CARTESIAN_POINT ( 'NONE',  ( -1.899999999999980593, 0.5000000000000000000, 0.9000000000000001332 ) ) ;
#3363 = VECTOR ( 'NONE', #1241, 1000.000000000000000 ) ;
#3364 = ORIENTED_EDGE ( 'NONE', *, *, #425, .F. ) ;
#3365 = ORIENTED_EDGE ( 'NONE', *, *, #3400, .F. ) ;
#3366 = AXIS2_PLACEMENT_3D ( 'NONE', #37, #790, #2728 ) ;
#3367 = DIRECTION ( 'NONE',  ( 0.000000000000000000, 0.000000000000000000, -1.000000000000000000 ) ) ;
#3368 = DIRECTION ( 'NONE',  ( -1.000000000000000000, 0.000000000000000000, -0.000000000000000000 ) ) ;
#3369 = VECTOR ( 'NONE', #3104, 1000.000000000000000 ) ;
#3370 =( LENGTH_UNIT ( ) NAMED_UNIT ( * ) SI_UNIT ( .MILLI., .METRE. ) );
#3371 = FACE_OUTER_BOUND ( 'NONE', #682, .T. ) ;
#3372 = DIRECTION ( 'NONE',  ( 0.000000000000000000, 0.000000000000000000, -1.000000000000000000 ) ) ;
#3373 = ORIENTED_EDGE ( 'NONE', *, *, #2891, .F. ) ;
#3374 = EDGE_LOOP ( 'NONE', ( #6, #2280, #2434, #2997 ) ) ;
#3375 = DIRECTION ( 'NONE',  ( -1.000000000000000000, 0.000000000000000000, -1.084202172485504040E-15 ) ) ;
#3376 = AXIS2_PLACEMENT_3D ( 'NONE', #706, #3375, #1699 ) ;
#3377 = ORIENTED_EDGE ( 'NONE', *, *, #692, .T. ) ;
#3378 = CARTESIAN_POINT ( 'NONE',  ( 1.900000000000000577, 0.000000000000000000, -1.199999999999999956 ) ) ;
#3379 = ORIENTED_EDGE ( 'NONE', *, *, #3336, .F. ) ;
#3380 = EDGE_CURVE ( 'NONE', #2544, #1547, #255, .T. ) ;
#3381 = VECTOR ( 'NONE', #43, 1000.000000000000000 ) ;
#3382 = CARTESIAN_POINT ( 'NONE',  ( -1.899999999999999245, 0.5000000000000000000, 0.6000000000000000888 ) ) ;
#3383 = AXIS2_PLACEMENT_3D ( 'NONE', #2925, #545, #630 ) ;
#3384 = PLANE ( 'NONE',  #2854 ) ;
#3385 = ORIENTED_EDGE ( 'NONE', *, *, #2645, .T. ) ;
#3386 = DIRECTION ( 'NONE',  ( 0.000000000000000000, 0.000000000000000000, 1.000000000000000000 ) ) ;
#3387 = LINE ( 'NONE', #2354, #3029 ) ;
#3388 = PRODUCT_DEFINITION_SHAPE ( 'NONE', 'NONE',  #2729 ) ;
#3389 = CARTESIAN_POINT ( 'NONE',  ( 1.000000000000009992, 0.2000000000000000111, -0.3000000000000000444 ) ) ;
#3390 = DIRECTION ( 'NONE',  ( -1.000000000000000000, -0.000000000000000000, -2.409338161078898687E-16 ) ) ;
#3391 = CARTESIAN_POINT ( 'NONE',  ( 1.900000000000000577, 0.5000000000000000000, -0.2999999999999996558 ) ) ;
#3392 = ORIENTED_EDGE ( 'NONE', *, *, #2128, .T. ) ;
#3393 = CARTESIAN_POINT ( 'NONE',  ( 1.000000000000009992, 0.2000000000000000111, -0.3000000000000000444 ) ) ;
#3394 = VERTEX_POINT ( 'NONE', #494 ) ;
#3395 = ORIENTED_EDGE ( 'NONE', *, *, #1654, .F. ) ;
#3396 = CARTESIAN_POINT ( 'NONE',  ( 1.900000000000000577, 0.5000000000000000000, -1.300000000000000266 ) ) ;
#3397 = PRODUCT_CONTEXT ( 'NONE', #1994, 'mechanical' ) ;
#3398 = CARTESIAN_POINT ( 'NONE',  ( -1.470540290502972747, 1.350000000000000089, 1.300000000000000044 ) ) ;
#3399 = ORIENTED_EDGE ( 'NONE', *, *, #2235, .T. ) ;
#3400 = EDGE_CURVE ( 'NONE', #3320, #1124, #1195, .T. ) ;
#3401 = ORIENTED_EDGE ( 'NONE', *, *, #2775, .T. ) ;
#3402 = FACE_OUTER_BOUND ( 'NONE', #1093, .T. ) ;
#3403 = DIRECTION ( 'NONE',  ( 0.000000000000000000, -1.000000000000000000, 0.000000000000000000 ) ) ;
#3404 = EDGE_CURVE ( 'NONE', #905, #1855, #3406, .T. ) ;
#3405 = ORIENTED_EDGE ( 'NONE', *, *, #3422, .F. ) ;
#3406 = LINE ( 'NONE', #1794, #430 ) ;
#3407 = LINE ( 'NONE', #743, #2992 ) ;
#3408 = LINE ( 'NONE', #1854, #2677 ) ;
#3409 = PLANE ( 'NONE',  #2142 ) ;
#3410 = VECTOR ( 'NONE', #886, 1000.000000000000000 ) ;
#3411 = DIRECTION ( 'NONE',  ( -1.000000000000000000, 0.000000000000000000, 0.000000000000000000 ) ) ;
#3412 = ORIENTED_EDGE ( 'NONE', *, *, #144, .T. ) ;
#3413 = DIRECTION ( 'NONE',  ( -1.000000000000000000, -0.000000000000000000, -2.409338161078898194E-16 ) ) ;
#3414 = ORIENTED_EDGE ( 'NONE', *, *, #3164, .F. ) ;
#3415 = VECTOR ( 'NONE', #3229, 1000.000000000000000 ) ;
#3416 = SURFACE_SIDE_STYLE ('',( #455 ) ) ;
#3417 = VERTEX_POINT ( 'NONE', #182 ) ;
#3418 = EDGE_LOOP ( 'NONE', ( #532, #975, #2398, #2503, #1648 ) ) ;
#3419 = EDGE_CURVE ( 'NONE', #1596, #215, #1530, .T. ) ;
#3420 = VECTOR ( 'NONE', #1750, 1000.000000000000000 ) ;
#3421 = FACE_OUTER_BOUND ( 'NONE', #384, .T. ) ;
#3422 = EDGE_CURVE ( 'NONE', #1356, #1, #2029, .T. ) ;
#3423 = AXIS2_PLACEMENT_3D ( 'NONE', #1805, #1490, #569 ) ;
#3424 = ORIENTED_EDGE ( 'NONE', *, *, #2553, .T. ) ;
#3425 = DIRECTION ( 'NONE',  ( 0.000000000000000000, 0.000000000000000000, 1.000000000000000000 ) ) ;
#3426 = LINE ( 'NONE', #1774, #1301 ) ;
#3427 = DIRECTION ( 'NONE',  ( 0.000000000000000000, 0.000000000000000000, -1.000000000000000000 ) ) ;
#3428 = VECTOR ( 'NONE', #335, 1000.000000000000000 ) ;
#3429 = ORIENTED_EDGE ( 'NONE', *, *, #470, .F. ) ;
#3430 = AXIS2_PLACEMENT_3D ( 'NONE', #1306, #2373, #736 ) ;
#3431 = CARTESIAN_POINT ( 'NONE',  ( -1.899999999999999245, 0.000000000000000000, -0.2999999999999999334 ) ) ;
#3432 = LINE ( 'NONE', #1302, #1845 ) ;
#3433 = ORIENTED_EDGE ( 'NONE', *, *, #1587, .T. ) ;
#3434 = EDGE_LOOP ( 'NONE', ( #641, #2386, #2679, #775 ) ) ;
#3435 = ORIENTED_EDGE ( 'NONE', *, *, #2175, .F. ) ;
#3436 = VECTOR ( 'NONE', #2101, 1000.000000000000000 ) ;
#3437 = PLANE ( 'NONE',  #2409 ) ;
#3438 = AXIS2_PLACEMENT_3D ( 'NONE', #1518, #1320, #497 ) ;
#3439 = AXIS2_PLACEMENT_3D ( 'NONE', #201, #1275, #2048 ) ;
#3440 = DIRECTION ( 'NONE',  ( -0.000000000000000000, 0.000000000000000000, 1.000000000000000000 ) ) ;
#3441 = CARTESIAN_POINT ( 'NONE',  ( 1.900000000000000577, 0.1999999999999999833, -1.200000000000000178 ) ) ;
#3442 = ORIENTED_EDGE ( 'NONE', *, *, #1686, .T. ) ;
#3443 = COLOUR_RGB ( '',0.7529411764705882248, 0.7529411764705882248, 0.7529411764705882248 ) ;
#3444 = ORIENTED_EDGE ( 'NONE', *, *, #1844, .F. ) ;
#3445 = ORIENTED_EDGE ( 'NONE', *, *, #1798, .T. ) ;
#3446 = VERTEX_POINT ( 'NONE', #762 ) ;
#3447 = DIRECTION ( 'NONE',  ( 1.000000000000000000, 0.000000000000000000, 0.000000000000000000 ) ) ;
#3448 = DIRECTION ( 'NONE',  ( -0.000000000000000000, -1.000000000000000000, -0.000000000000000000 ) ) ;
#3449 = EDGE_LOOP ( 'NONE', ( #3442, #1425, #3100, #903, #2810, #2378 ) ) ;
#3450 = DIRECTION ( 'NONE',  ( 1.000000000000000000, 0.000000000000000000, 0.000000000000000000 ) ) ;
#3451 = FACE_OUTER_BOUND ( 'NONE', #1025, .T. ) ;
#3452 = ORIENTED_EDGE ( 'NONE', *, *, #102, .F. ) ;
#3453 = DIRECTION ( 'NONE',  ( 1.474563028959474411E-16, -1.000000000000000000, 0.000000000000000000 ) ) ;
ENDSEC;
END-ISO-10303-21;
