( pcb2gcode 2.5.0 )
( Software-independent Gcode )

G94 ( Millimeters per minute feed rate. )
G21 ( Units == Millimeters. )

G90 ( Absolute coordinates. )
G00 S10000 ( RPM spindle speed. )
G01 F300.00000 ( Feedrate. )


G00 Z30.00000 (Retract to tool change height)
T1
M5      (Spindle stop.)
G04 P1.00000 (Wait for spindle to stop)
(MSG, Change tool bit to mill diameter 0.20000mm)
M6      (Tool change.)
M0      (Temporary machine stop.)
M3 ( Spindle on clockwise. )
G04 P1.00000 (Wait for spindle to get up to speed)
G04 P0 ( dwell for no time -- G64 should not smooth over this point )
G00 Z5.00000 ( retract )

G00 X-1.12545 Y1.64951 ( rapid move to begin. )
G01 F150.00000
( Mill infeed pass 1/1 )
G01 Z-0.06000
G04 P0 ( dwell for no time -- G64 should not smooth over this point )
G01 F300.00000
G01 X-1.12545 Y1.64951
G01 X-1.12545 Y46.40052
G01 X-1.12954 Y46.45747
G01 X-1.14168 Y46.51325
G01 X-1.16137 Y46.58028
G01 X-1.18964 Y46.65089
G01 X-1.23076 Y46.71487
G01 X-1.28324 Y46.76989
G01 X-1.33604 Y46.81563
G01 X-1.38976 Y46.85485
G01 X-1.44920 Y46.88462
G01 X-1.51278 Y46.90413
G01 X-1.56429 Y46.91535
G01 X-1.60663 Y46.92224
G01 X-1.64948 Y46.92455
G01 X-66.90048 Y46.92455
G01 X-66.95737 Y46.92046
G01 X-67.01313 Y46.90834
G01 X-67.08018 Y46.88866
G01 X-67.15082 Y46.86039
G01 X-67.21480 Y46.81927
G01 X-67.26985 Y46.76676
G01 X-67.31559 Y46.71396
G01 X-67.35483 Y46.66019
G01 X-67.38463 Y46.60067
G01 X-67.40414 Y46.53705
G01 X-67.41534 Y46.48554
G01 X-67.42217 Y46.44327
G01 X-67.42448 Y46.40052
G01 X-67.42448 Y1.64951
G01 X-67.42039 Y1.59259
G01 X-67.40825 Y1.53681
G01 X-67.38857 Y1.46978
G01 X-67.36029 Y1.39916
G01 X-67.31917 Y1.33518
G01 X-67.26670 Y1.28017
G01 X-67.21389 Y1.23442
G01 X-67.16017 Y1.19520
G01 X-67.10073 Y1.16543
G01 X-67.03716 Y1.14593
G01 X-66.98564 Y1.13470
G01 X-66.94330 Y1.12782
G01 X-66.90048 Y1.12550
G01 X-1.64948 Y1.12550
G01 X-1.59253 Y1.12959
G01 X-1.53675 Y1.14174
G01 X-1.46972 Y1.16142
G01 X-1.39911 Y1.18969
G01 X-1.33513 Y1.23081
G01 X-1.28011 Y1.28329
G01 X-1.23437 Y1.33610
G01 X-1.19515 Y1.38982
G01 X-1.16538 Y1.44925
G01 X-1.14587 Y1.51283
G01 X-1.13465 Y1.56434
G01 X-1.12776 Y1.60668
G01 X-1.12545 Y1.64951
G01 X-1.22545 Y1.64951
G01 X-1.22545 Y46.40052
G01 X-1.22852 Y46.44324
G01 X-1.23762 Y46.48508
G01 X-1.25730 Y46.55211
G01 X-1.27851 Y46.60504
G01 X-1.30935 Y46.65305
G01 X-1.34872 Y46.69432
G01 X-1.40152 Y46.74007
G01 X-1.44181 Y46.76946
G01 X-1.48639 Y46.79181
G01 X-1.53406 Y46.80644
G01 X-1.58557 Y46.81767
G01 X-1.61735 Y46.82282
G01 X-1.64948 Y46.82455
G01 X-66.90048 Y46.82455
G01 X-66.94315 Y46.82148
G01 X-66.98496 Y46.81238
G01 X-67.05202 Y46.79270
G01 X-67.10500 Y46.77151
G01 X-67.15298 Y46.74065
G01 X-67.19428 Y46.70128
G01 X-67.24003 Y46.64848
G01 X-67.26944 Y46.60817
G01 X-67.29179 Y46.56351
G01 X-67.30642 Y46.51579
G01 X-67.31762 Y46.46428
G01 X-67.32275 Y46.43260
G01 X-67.32448 Y46.40052
G01 X-67.32448 Y1.64951
G01 X-67.32141 Y1.60681
G01 X-67.31231 Y1.56498
G01 X-67.29263 Y1.49794
G01 X-67.27142 Y1.44501
G01 X-67.24058 Y1.39701
G01 X-67.20121 Y1.35573
G01 X-67.14841 Y1.30998
G01 X-67.10812 Y1.28060
G01 X-67.06355 Y1.25824
G01 X-67.01587 Y1.24361
G01 X-66.96436 Y1.23239
G01 X-66.93258 Y1.22723
G01 X-66.90048 Y1.22550
G01 X-1.64948 Y1.22550
G01 X-1.60676 Y1.22858
G01 X-1.56492 Y1.23767
G01 X-1.49789 Y1.25736
G01 X-1.44496 Y1.27856
G01 X-1.39695 Y1.30940
G01 X-1.35568 Y1.34877
G01 X-1.30993 Y1.40158
G01 X-1.28054 Y1.44186
G01 X-1.25819 Y1.48644
G01 X-1.24356 Y1.53411
G01 X-1.23233 Y1.58563
G01 X-1.22718 Y1.61740
G01 X-1.22545 Y1.64951
G01 X-1.32545 Y1.64951
G01 X-1.32545 Y46.40052
G01 X-1.32751 Y46.42900
G01 X-1.33358 Y46.45688
G01 X-1.35326 Y46.52392
G01 X-1.36739 Y46.55922
G01 X-1.38796 Y46.59123
G01 X-1.41420 Y46.61873
G01 X-1.46701 Y46.66448
G01 X-1.49385 Y46.68409
G01 X-1.52357 Y46.69897
G01 X-1.55537 Y46.70873
G01 X-1.60688 Y46.71995
G01 X-1.62804 Y46.72338
G01 X-1.64948 Y46.72455
G01 X-66.90048 Y46.72455
G01 X-66.92893 Y46.72249
G01 X-66.95679 Y46.71645
G01 X-67.02385 Y46.69676
G01 X-67.05918 Y46.68261
G01 X-67.09116 Y46.66207
G01 X-67.11869 Y46.63580
G01 X-67.16444 Y46.58300
G01 X-67.18404 Y46.55612
G01 X-67.19895 Y46.52635
G01 X-67.20871 Y46.49455
G01 X-67.21991 Y46.44304
G01 X-67.22331 Y46.42191
G01 X-67.22448 Y46.40052
G01 X-67.22448 Y1.64951
G01 X-67.22242 Y1.62106
G01 X-67.21635 Y1.59317
G01 X-67.19667 Y1.52614
G01 X-67.18255 Y1.49083
G01 X-67.16197 Y1.45883
G01 X-67.13573 Y1.43132
G01 X-67.08293 Y1.38558
G01 X-67.05608 Y1.36597
G01 X-67.02636 Y1.35108
G01 X-66.99456 Y1.34133
G01 X-66.94305 Y1.33010
G01 X-66.92189 Y1.32667
G01 X-66.90048 Y1.32550
G01 X-1.64948 Y1.32550
G01 X-1.62101 Y1.32756
G01 X-1.59312 Y1.33363
G01 X-1.52609 Y1.35332
G01 X-1.49078 Y1.36744
G01 X-1.45878 Y1.38801
G01 X-1.43127 Y1.41425
G01 X-1.38552 Y1.46706
G01 X-1.36591 Y1.49391
G01 X-1.35103 Y1.52362
G01 X-1.34128 Y1.55542
G01 X-1.33005 Y1.60694
G01 X-1.32662 Y1.62809
G01 X-1.32545 Y1.64951
G01 X-1.42545 Y1.64951
G01 X-1.42604 Y1.63881
G01 X-1.42776 Y1.62822
G01 X-1.43899 Y1.57671
G01 X-1.44387 Y1.56081
G01 X-1.45131 Y1.54595
G01 X-1.46111 Y1.53254
G01 X-1.50686 Y1.47973
G01 X-1.52060 Y1.46660
G01 X-1.53660 Y1.45631
G01 X-1.55425 Y1.44925
G01 X-1.62129 Y1.42957
G01 X-1.63523 Y1.42655
G01 X-1.64948 Y1.42550
G01 X-66.90048 Y1.42550
G01 X-66.91117 Y1.42609
G01 X-66.92176 Y1.42782
G01 X-66.97328 Y1.43904
G01 X-66.98918 Y1.44392
G01 X-67.00403 Y1.45136
G01 X-67.01745 Y1.46117
G01 X-67.07025 Y1.50691
G01 X-67.08338 Y1.52065
G01 X-67.09367 Y1.53665
G01 X-67.10073 Y1.55431
G01 X-67.12042 Y1.62134
G01 X-67.12344 Y1.63528
G01 X-67.12448 Y1.64951
G01 X-67.12448 Y46.40052
G01 X-67.12390 Y46.41122
G01 X-67.12220 Y46.42178
G01 X-67.11099 Y46.47329
G01 X-67.10612 Y46.48919
G01 X-67.09865 Y46.50408
G01 X-67.08885 Y46.51751
G01 X-67.04310 Y46.57032
G01 X-67.02933 Y46.58345
G01 X-67.01336 Y46.59374
G01 X-66.99568 Y46.60080
G01 X-66.92862 Y46.62049
G01 X-66.91470 Y46.62351
G01 X-66.90048 Y46.62455
G01 X-1.64948 Y46.62455
G01 X-1.63876 Y46.62397
G01 X-1.62817 Y46.62224
G01 X-1.57666 Y46.61101
G01 X-1.56076 Y46.60613
G01 X-1.54590 Y46.59869
G01 X-1.53249 Y46.58889
G01 X-1.47968 Y46.54314
G01 X-1.46655 Y46.52940
G01 X-1.45626 Y46.51340
G01 X-1.44920 Y46.49575
G01 X-1.42952 Y46.42872
G01 X-1.42649 Y46.41477
G01 X-1.42545 Y46.40052
G01 X-1.42545 Y1.64951
G04 P0 ( dwell for no time -- G64 should not smooth over this point )
G00 Z5.00000 ( retract )

G00 X-15.98763 Y17.10155 ( rapid move to begin. )
G01 F150.00000
( Mill infeed pass 1/1 )
G01 Z-0.06000
G04 P0 ( dwell for no time -- G64 should not smooth over this point )
G01 F300.00000
G01 X-15.98763 Y17.10155
G01 X-16.03523 Y16.99944
G01 X-16.03490 Y16.99929
G01 X-16.03523 Y16.99944
G01 X-16.14561 Y16.84178
G01 X-16.14534 Y16.84160
G01 X-16.14561 Y16.84178
G01 X-16.28171 Y16.70569
G01 X-16.28148 Y16.70541
G01 X-16.28171 Y16.70569
G01 X-16.43939 Y16.59530
G01 X-16.43921 Y16.59497
G01 X-16.43939 Y16.59530
G01 X-16.54147 Y16.54770
G01 X-16.58775 Y16.47505
G01 X-16.54147 Y16.54770
G01 X-16.54147 Y16.66261
G01 X-16.55549 Y16.67089
G01 X-16.54147 Y16.66261
G01 X-16.45278 Y16.70998
G01 X-16.43594 Y16.72006
G01 X-16.42016 Y16.73175
G01 X-16.29895 Y16.83126
G01 X-16.28440 Y16.84442
G01 X-16.27122 Y16.85903
G01 X-16.17173 Y16.98024
G01 X-16.16004 Y16.99596
G01 X-16.14996 Y17.01285
G01 X-16.10251 Y17.10155
G01 X-16.11084 Y17.11557
G01 X-16.10251 Y17.10155
G01 X-15.98763 Y17.10155
G01 X-15.91501 Y17.14782
G01 X-15.84295 Y17.20155
G01 X-15.85956 Y17.13957
G01 X-15.94831 Y16.94925
G01 X-16.06870 Y16.77729
G01 X-16.21719 Y16.62880
G01 X-16.38920 Y16.50835
G01 X-16.57952 Y16.41961
G01 X-16.64150 Y16.40299
G01 X-16.64150 Y16.72288
G01 X-16.63822 Y16.72425
G01 X-16.49992 Y16.79817
G01 X-16.48361 Y16.80906
G01 X-16.36238 Y16.90858
G01 X-16.35511 Y16.91514
G01 X-16.34854 Y16.92240
G01 X-16.24904 Y17.04366
G01 X-16.23815 Y17.05997
G01 X-16.16421 Y17.19829
G01 X-16.16284 Y17.20157
G01 X-15.84295 Y17.20155
G04 P0 ( dwell for no time -- G64 should not smooth over this point )
G00 Z5.00000 ( retract )

G00 X-14.85667 Y22.54078 ( rapid move to begin. )
G01 F150.00000
( Mill infeed pass 1/1 )
G01 Z-0.06000
G04 P0 ( dwell for no time -- G64 should not smooth over this point )
G01 F300.00000
G01 X-14.85667 Y22.54078
G01 X-14.97031 Y22.54075
G01 X-14.97828 Y22.55442
G01 X-14.97031 Y22.54075
G01 X-15.03259 Y22.42424
G01 X-15.05438 Y22.39163
G01 X-15.16007 Y22.26283
G01 X-15.17325 Y22.24830
G01 X-15.18781 Y22.23511
G01 X-15.21570 Y22.21220
G01 X-15.22232 Y22.21474
G01 X-15.21570 Y22.21220
G01 X-15.21570 Y22.07702
G01 X-15.27582 Y21.93887
G01 X-15.21570 Y22.07702
G01 X-15.17368 Y22.10646
G01 X-15.03139 Y22.24873
G01 X-15.03099 Y22.24837
G01 X-15.03139 Y22.24873
G01 X-14.91598 Y22.41355
G01 X-14.91564 Y22.41337
G01 X-14.91598 Y22.41355
G01 X-14.85667 Y22.54078
G01 X-14.78405 Y22.58703
G01 X-14.71539 Y22.64078
G01 X-14.73660 Y22.56161
G01 X-14.82903 Y22.36336
G01 X-14.95451 Y22.18419
G01 X-15.10919 Y22.02953
G01 X-15.28834 Y21.90410
G01 X-15.31572 Y21.89133
G01 X-15.31572 Y22.25950
G01 X-15.25126 Y22.31241
G01 X-15.24397 Y22.31899
G01 X-15.23739 Y22.32627
G01 X-15.13167 Y22.45508
G01 X-15.12078 Y22.47139
G01 X-15.04224 Y22.61832
G01 X-15.03805 Y22.62719
G01 X-15.03472 Y22.63643
G01 X-15.03342 Y22.64075
G01 X-14.71539 Y22.64078
G04 P0 ( dwell for no time -- G64 should not smooth over this point )
G00 Z5.00000 ( retract )

G00 X-14.71539 Y23.34075 ( rapid move to begin. )
G01 F150.00000
( Mill infeed pass 1/1 )
G01 Z-0.06000
G04 P0 ( dwell for no time -- G64 should not smooth over this point )
G01 F300.00000
G01 X-14.71539 Y23.34075
G01 X-15.03342 Y23.34078
G01 X-15.03472 Y23.34507
G01 X-15.03805 Y23.35429
G01 X-15.04224 Y23.36318
G01 X-15.12078 Y23.51012
G01 X-15.13167 Y23.52642
G01 X-15.23739 Y23.65523
G01 X-15.24397 Y23.66249
G01 X-15.25126 Y23.66910
G01 X-15.31572 Y23.72200
G01 X-15.31572 Y24.09020
G01 X-15.28831 Y24.07740
G01 X-15.10919 Y23.95200
G01 X-14.95451 Y23.79734
G01 X-14.82903 Y23.61814
G01 X-14.73660 Y23.41992
G01 X-14.71539 Y23.34075
G01 X-14.78405 Y23.39450
G01 X-14.85667 Y23.44078
G01 X-14.97033 Y23.44078
G01 X-14.97831 Y23.42711
G01 X-14.97033 Y23.44078
G01 X-15.03259 Y23.55726
G01 X-15.05438 Y23.58987
G01 X-15.16007 Y23.71868
G01 X-15.17325 Y23.73321
G01 X-15.18781 Y23.74639
G01 X-15.21570 Y23.76930
G01 X-15.22232 Y23.76676
G01 X-15.21570 Y23.76930
G01 X-15.21570 Y23.90450
G01 X-15.27582 Y24.04265
G01 X-15.21570 Y23.90450
G01 X-15.17371 Y23.87509
G01 X-15.03139 Y23.73277
G01 X-15.03096 Y23.73316
G01 X-15.03139 Y23.73277
G01 X-14.91598 Y23.56795
G01 X-14.91562 Y23.56816
G01 X-14.91598 Y23.56795
G01 X-14.85667 Y23.44078
G04 P0 ( dwell for no time -- G64 should not smooth over this point )
G00 Z5.00000 ( retract )

G00 X-15.84295 Y28.73000 ( rapid move to begin. )
G01 F150.00000
( Mill infeed pass 1/1 )
G01 Z-0.06000
G04 P0 ( dwell for no time -- G64 should not smooth over this point )
G01 F300.00000
G01 X-15.84295 Y28.73000
G01 X-16.16286 Y28.73000
G01 X-16.16421 Y28.73325
G01 X-16.23815 Y28.87155
G01 X-16.24318 Y28.87998
G01 X-16.24904 Y28.88786
G01 X-16.34854 Y29.00909
G01 X-16.35511 Y29.01636
G01 X-16.36238 Y29.02296
G01 X-16.48361 Y29.12245
G01 X-16.49992 Y29.13332
G01 X-16.63822 Y29.20726
G01 X-16.64150 Y29.20861
G01 X-16.64150 Y29.52852
G01 X-16.57952 Y29.51191
G01 X-16.38920 Y29.42319
G01 X-16.21719 Y29.30277
G01 X-16.06873 Y29.15428
G01 X-15.94828 Y28.98224
G01 X-15.85956 Y28.79197
G01 X-15.84295 Y28.73000
G01 X-15.91501 Y28.78372
G01 X-15.98763 Y28.82997
G01 X-16.03523 Y28.93208
G01 X-16.03490 Y28.93226
G01 X-16.03523 Y28.93208
G01 X-16.14564 Y29.08976
G01 X-16.14534 Y29.09002
G01 X-16.14564 Y29.08976
G01 X-16.28171 Y29.22585
G01 X-16.28148 Y29.22613
G01 X-16.28171 Y29.22585
G01 X-16.43937 Y29.33624
G01 X-16.43919 Y29.33657
G01 X-16.43937 Y29.33624
G01 X-16.54147 Y29.38384
G01 X-16.58775 Y29.45646
G01 X-16.54147 Y29.38384
G01 X-16.54147 Y29.26893
G01 X-16.55549 Y29.26060
G01 X-16.54147 Y29.26893
G01 X-16.45278 Y29.22151
G01 X-16.43594 Y29.21143
G01 X-16.42016 Y29.19974
G01 X-16.29895 Y29.10025
G01 X-16.27122 Y29.07251
G01 X-16.17173 Y28.95131
G01 X-16.14996 Y28.91869
G01 X-16.10254 Y28.82997
G01 X-16.11038 Y28.81646
G01 X-16.10254 Y28.82997
G01 X-15.98763 Y28.82997
G04 P0 ( dwell for no time -- G64 should not smooth over this point )
G00 Z5.00000 ( retract )

G00 X-21.73293 Y30.52324 ( rapid move to begin. )
G01 F150.00000
( Mill infeed pass 1/1 )
G01 Z-0.06000
G04 P0 ( dwell for no time -- G64 should not smooth over this point )
G01 F300.00000
G01 X-21.73293 Y30.52324
G01 X-22.10077 Y30.52324
G01 X-22.12838 Y30.54592
G01 X-22.13628 Y30.55176
G01 X-22.14469 Y30.55681
G01 X-22.18792 Y30.57990
G01 X-22.20603 Y30.58742
G01 X-22.25292 Y30.60165
G01 X-22.27215 Y30.60546
G01 X-22.32091 Y30.61026
G01 X-22.33072 Y30.61074
G01 X-22.45569 Y30.61074
G01 X-22.45571 Y30.91074
G01 X-22.28586 Y30.91076
G01 X-22.19907 Y30.90190
G01 X-22.05411 Y30.85387
G01 X-21.92480 Y30.77409
G01 X-21.81738 Y30.66667
G01 X-21.73760 Y30.53733
G01 X-21.73293 Y30.52324
G01 X-21.76636 Y30.56151
G01 X-21.91538 Y30.62324
G01 X-21.98723 Y30.69512
G01 X-21.98683 Y30.69565
G01 X-21.98723 Y30.69512
G01 X-22.09668 Y30.76263
G01 X-22.09640 Y30.76324
G01 X-22.09668 Y30.76263
G01 X-22.22013 Y30.80352
G01 X-22.21995 Y30.80441
G01 X-22.22013 Y30.80352
G01 X-22.29092 Y30.81074
G01 X-22.35571 Y30.81074
G01 X-22.38690 Y30.84366
G01 X-22.35571 Y30.81074
G01 X-22.35571 Y30.71074
G01 X-22.38149 Y30.68745
G01 X-22.35571 Y30.71074
G01 X-22.33072 Y30.71074
G01 X-22.31111 Y30.70977
G01 X-22.26234 Y30.70497
G01 X-22.22389 Y30.69733
G01 X-22.17700 Y30.68310
G01 X-22.14078 Y30.66809
G01 X-22.09755 Y30.64500
G01 X-22.08071 Y30.63492
G01 X-22.06498 Y30.62324
G01 X-22.06552 Y30.62087
G01 X-22.06498 Y30.62324
G01 X-21.91538 Y30.62324
G04 P0 ( dwell for no time -- G64 should not smooth over this point )
G00 Z5.00000 ( retract )

G00 X-23.69604 Y30.62324 ( rapid move to begin. )
G01 F150.00000
( Mill infeed pass 1/1 )
G01 Z-0.06000
G04 P0 ( dwell for no time -- G64 should not smooth over this point )
G01 F300.00000
G01 X-23.69604 Y30.62324
G01 X-23.54646 Y30.62324
G01 X-23.54593 Y30.62087
G01 X-23.54646 Y30.62324
G01 X-23.53074 Y30.63492
G01 X-23.51390 Y30.64500
G01 X-23.47067 Y30.66809
G01 X-23.43445 Y30.68310
G01 X-23.38756 Y30.69733
G01 X-23.34911 Y30.70497
G01 X-23.30034 Y30.70977
G01 X-23.28073 Y30.71074
G01 X-23.25574 Y30.71074
G01 X-23.22993 Y30.68745
G01 X-23.15571 Y30.61074
G01 X-23.28073 Y30.61074
G01 X-23.29053 Y30.61026
G01 X-23.33930 Y30.60546
G01 X-23.35853 Y30.60165
G01 X-23.40542 Y30.58742
G01 X-23.42353 Y30.57990
G01 X-23.46676 Y30.55681
G01 X-23.47517 Y30.55176
G01 X-23.48306 Y30.54592
G01 X-23.51067 Y30.52324
G01 X-23.87849 Y30.52324
G01 X-23.87382 Y30.53736
G01 X-23.79404 Y30.66667
G01 X-23.68662 Y30.77409
G01 X-23.55728 Y30.85387
G01 X-23.41233 Y30.90190
G01 X-23.32556 Y30.91076
G01 X-23.15571 Y30.91074
G01 X-23.15571 Y30.61074
G01 X-23.22993 Y30.68745
G01 X-23.25574 Y30.71074
G01 X-23.25571 Y30.81074
G01 X-23.22452 Y30.84366
G01 X-23.25571 Y30.81074
G01 X-23.32050 Y30.81076
G01 X-23.39129 Y30.80352
G01 X-23.39145 Y30.80439
G01 X-23.39129 Y30.80352
G01 X-23.51474 Y30.76263
G01 X-23.51502 Y30.76324
G01 X-23.51474 Y30.76263
G01 X-23.62416 Y30.69512
G01 X-23.62459 Y30.69565
G01 X-23.62416 Y30.69512
G01 X-23.69604 Y30.62324
G01 X-23.84507 Y30.56151
G04 P0 ( dwell for no time -- G64 should not smooth over this point )
G00 Z5.00000 ( retract )

G00 X-24.88644 Y30.52324 ( rapid move to begin. )
G01 F150.00000
( Mill infeed pass 1/1 )
G01 Z-0.06000
G04 P0 ( dwell for no time -- G64 should not smooth over this point )
G01 F300.00000
G01 X-24.88644 Y30.52324
G01 X-25.23958 Y30.52324
G01 X-25.32738 Y30.63022
G01 X-25.33396 Y30.63751
G01 X-25.34125 Y30.64409
G01 X-25.47006 Y30.74980
G01 X-25.48634 Y30.76070
G01 X-25.63330 Y30.83924
G01 X-25.65141 Y30.84673
G01 X-25.65570 Y30.84805
G01 X-25.65573 Y31.16608
G01 X-25.57656 Y31.14488
G01 X-25.37834 Y31.05242
G01 X-25.19914 Y30.92694
G01 X-25.04448 Y30.77228
G01 X-24.91903 Y30.59314
G01 X-24.88644 Y30.52324
G01 X-24.95878 Y30.56941
G01 X-25.06218 Y30.62324
G01 X-25.19228 Y30.62324
G01 X-25.19668 Y30.61384
G01 X-25.19228 Y30.62324
G01 X-25.25009 Y30.69367
G01 X-25.26325 Y30.70820
G01 X-25.27780 Y30.72138
G01 X-25.40661 Y30.82710
G01 X-25.42238 Y30.83878
G01 X-25.43922 Y30.84889
G01 X-25.55573 Y30.91114
G01 X-25.56937 Y30.90317
G01 X-25.55573 Y30.91114
G01 X-25.55573 Y31.02481
G01 X-25.60198 Y31.09745
G01 X-25.55573 Y31.02481
G01 X-25.42850 Y30.96548
G01 X-25.42832 Y30.96581
G01 X-25.42850 Y30.96548
G01 X-25.26368 Y30.85006
G01 X-25.26343 Y30.85036
G01 X-25.26368 Y30.85006
G01 X-25.12139 Y30.70777
G01 X-25.12109 Y30.70802
G01 X-25.12139 Y30.70777
G01 X-25.06218 Y30.62324
G04 P0 ( dwell for no time -- G64 should not smooth over this point )
G00 Z5.00000 ( retract )

G00 X-26.35570 Y31.16608 ( rapid move to begin. )
G01 F150.00000
( Mill infeed pass 1/1 )
G01 Z-0.06000
G04 P0 ( dwell for no time -- G64 should not smooth over this point )
G01 F300.00000
G01 X-26.35570 Y31.16608
G01 X-26.43488 Y31.14488
G01 X-26.63310 Y31.05242
G01 X-26.81229 Y30.92694
G01 X-26.96695 Y30.77228
G01 X-27.09238 Y30.59314
G01 X-27.10513 Y30.56578
G01 X-26.73696 Y30.56578
G01 X-26.68407 Y30.63022
G01 X-26.67747 Y30.63751
G01 X-26.67021 Y30.64409
G01 X-26.54140 Y30.74980
G01 X-26.52510 Y30.76070
G01 X-26.37813 Y30.83924
G01 X-26.36927 Y30.84343
G01 X-26.36002 Y30.84673
G01 X-26.35573 Y30.84805
G01 X-26.35570 Y31.16608
G01 X-26.40945 Y31.09745
G01 X-26.45573 Y31.02481
G01 X-26.45573 Y30.91117
G01 X-26.44206 Y30.90319
G01 X-26.45573 Y30.91117
G01 X-26.57224 Y30.84889
G01 X-26.60483 Y30.82710
G01 X-26.73366 Y30.72138
G01 X-26.74818 Y30.70820
G01 X-26.76137 Y30.69367
G01 X-26.78425 Y30.66576
G01 X-26.78171 Y30.65913
G01 X-26.78425 Y30.66576
G01 X-26.91946 Y30.66578
G01 X-27.05758 Y30.60566
G01 X-26.91946 Y30.66578
G01 X-26.89002 Y30.70779
G01 X-26.74775 Y30.85006
G01 X-26.74811 Y30.85049
G01 X-26.74775 Y30.85006
G01 X-26.58293 Y30.96548
G01 X-26.58311 Y30.96581
G01 X-26.58293 Y30.96548
G01 X-26.45573 Y31.02481
G04 P0 ( dwell for no time -- G64 should not smooth over this point )
G00 Z5.00000 ( retract )

G00 X-28.52496 Y30.81749 ( rapid move to begin. )
G01 F150.00000
( Mill infeed pass 1/1 )
G01 Z-0.06000
G04 P0 ( dwell for no time -- G64 should not smooth over this point )
G01 F300.00000
G01 X-28.52496 Y30.81749
G01 X-28.52946 Y30.85923
G01 X-28.57030 Y30.96870
G01 X-28.63921 Y31.06078
G01 X-28.73131 Y31.12971
G01 X-28.84079 Y31.17053
G01 X-28.88255 Y31.17503
G01 X-29.42496 Y31.17505
G01 X-29.42496 Y30.87503
G01 X-28.92499 Y30.87500
G01 X-28.90548 Y30.87310
G01 X-28.88671 Y30.86741
G01 X-28.86944 Y30.85816
G01 X-28.85428 Y30.84571
G01 X-28.84183 Y30.83058
G01 X-28.83261 Y30.81328
G01 X-28.82692 Y30.79453
G01 X-28.82499 Y30.77503
G01 X-28.82499 Y30.56578
G01 X-28.52499 Y30.56578
G01 X-28.52496 Y30.81749
G01 X-28.62499 Y30.81214
G01 X-28.62756 Y30.83604
G01 X-28.62608 Y30.83632
G01 X-28.62756 Y30.83604
G01 X-28.65898 Y30.92026
G01 X-28.65806 Y30.92077
G01 X-28.65898 Y30.92026
G01 X-28.71066 Y30.98933
G01 X-28.70993 Y30.99006
G01 X-28.71066 Y30.98933
G01 X-28.77973 Y31.04104
G01 X-28.77907 Y31.04231
G01 X-28.77973 Y31.04104
G01 X-28.86398 Y31.07246
G01 X-28.88785 Y31.07503
G01 X-28.88768 Y31.07619
G01 X-28.88785 Y31.07503
G01 X-29.32496 Y31.07503
G01 X-29.35428 Y31.10434
G01 X-29.32496 Y31.07503
G01 X-29.32496 Y30.97503
G01 X-29.35428 Y30.94571
G01 X-29.32496 Y30.97503
G01 X-28.92499 Y30.97500
G01 X-28.88598 Y30.97116
G01 X-28.84846 Y30.95979
G01 X-28.81386 Y30.94129
G01 X-28.78356 Y30.91643
G01 X-28.75870 Y30.88613
G01 X-28.74020 Y30.85156
G01 X-28.72883 Y30.81404
G01 X-28.72499 Y30.77503
G01 X-28.72499 Y30.66578
G01 X-28.74937 Y30.63931
G01 X-28.72499 Y30.66578
G01 X-28.62499 Y30.66578
G01 X-28.59469 Y30.63594
G01 X-28.62499 Y30.66578
G01 X-28.62499 Y30.81214
G04 P0 ( dwell for no time -- G64 should not smooth over this point )
G00 Z5.00000 ( retract )

G00 X-30.12499 Y30.87503 ( rapid move to begin. )
G01 F150.00000
( Mill infeed pass 1/1 )
G01 Z-0.06000
G04 P0 ( dwell for no time -- G64 should not smooth over this point )
G01 F300.00000
G01 X-30.12499 Y30.87503
G01 X-30.62499 Y30.87500
G01 X-30.64236 Y30.87350
G01 X-30.65920 Y30.86898
G01 X-30.67500 Y30.86161
G01 X-30.68927 Y30.85161
G01 X-30.70159 Y30.83929
G01 X-30.71160 Y30.82501
G01 X-30.71897 Y30.80921
G01 X-30.72346 Y30.79237
G01 X-30.72499 Y30.77500
G01 X-30.72499 Y30.56578
G01 X-31.02496 Y30.56578
G01 X-31.02499 Y30.81749
G01 X-31.02049 Y30.85923
G01 X-30.97965 Y30.96873
G01 X-30.91074 Y31.06078
G01 X-30.81864 Y31.12971
G01 X-30.70914 Y31.17053
G01 X-30.66743 Y31.17503
G01 X-30.12499 Y31.17505
G01 X-30.12499 Y30.87503
G01 X-30.19568 Y30.94571
G01 X-30.22499 Y30.97503
G01 X-30.62499 Y30.97500
G01 X-30.65971 Y30.97198
G01 X-30.69339 Y30.96296
G01 X-30.72499 Y30.94823
G01 X-30.75354 Y30.92821
G01 X-30.77820 Y30.90358
G01 X-30.79819 Y30.87500
G01 X-30.81292 Y30.84343
G01 X-30.82194 Y30.80975
G01 X-30.82499 Y30.77500
G01 X-30.82499 Y30.66578
G01 X-30.79981 Y30.63883
G01 X-30.82499 Y30.66578
G01 X-30.92496 Y30.66578
G01 X-30.95526 Y30.63594
G01 X-30.92496 Y30.66578
G01 X-30.92496 Y30.81216
G01 X-30.92239 Y30.83606
G01 X-30.92387 Y30.83632
G01 X-30.92239 Y30.83606
G01 X-30.89097 Y30.92029
G01 X-30.89189 Y30.92080
G01 X-30.89097 Y30.92029
G01 X-30.83931 Y30.98933
G01 X-30.84002 Y30.99006
G01 X-30.83931 Y30.98933
G01 X-30.77025 Y31.04101
G01 X-30.77091 Y31.04231
G01 X-30.77025 Y31.04101
G01 X-30.68592 Y31.07246
G01 X-30.66210 Y31.07503
G01 X-30.66227 Y31.07619
G01 X-30.66210 Y31.07503
G01 X-30.22499 Y31.07503
G01 X-30.19568 Y31.10434
G01 X-30.22499 Y31.07503
G01 X-30.22499 Y30.97503
G04 P0 ( dwell for no time -- G64 should not smooth over this point )
G00 Z5.00000 ( retract )

G00 X-32.50629 Y30.56578 ( rapid move to begin. )
G01 F150.00000
( Mill infeed pass 1/1 )
G01 Z-0.06000
G04 P0 ( dwell for no time -- G64 should not smooth over this point )
G01 F300.00000
G01 X-32.50629 Y30.56578
G01 X-32.87449 Y30.56578
G01 X-32.92737 Y30.63022
G01 X-32.93397 Y30.63751
G01 X-32.94124 Y30.64409
G01 X-33.07004 Y30.74980
G01 X-33.08635 Y30.76070
G01 X-33.23331 Y30.83924
G01 X-33.25142 Y30.84673
G01 X-33.25572 Y30.84805
G01 X-33.25572 Y31.16608
G01 X-33.17654 Y31.14488
G01 X-32.97832 Y31.05242
G01 X-32.79915 Y30.92697
G01 X-32.64449 Y30.77231
G01 X-32.51904 Y30.59314
G01 X-32.50629 Y30.56578
G01 X-32.55384 Y30.60566
G01 X-32.69196 Y30.66578
G01 X-32.72140 Y30.70779
G01 X-32.86367 Y30.85006
G01 X-32.86331 Y30.85049
G01 X-32.86367 Y30.85006
G01 X-33.02849 Y30.96548
G01 X-33.02828 Y30.96581
G01 X-33.02849 Y30.96548
G01 X-33.15572 Y31.02481
G01 X-33.20197 Y31.09745
G01 X-33.15572 Y31.02481
G01 X-33.15572 Y30.91114
G01 X-33.16936 Y30.90317
G01 X-33.15572 Y30.91114
G01 X-33.03921 Y30.84889
G01 X-33.02237 Y30.83878
G01 X-33.00662 Y30.82710
G01 X-32.87781 Y30.72138
G01 X-32.86326 Y30.70820
G01 X-32.85008 Y30.69367
G01 X-32.82719 Y30.66576
G01 X-32.82973 Y30.65913
G01 X-32.82719 Y30.66576
G01 X-32.69196 Y30.66578
G04 P0 ( dwell for no time -- G64 should not smooth over this point )
G00 Z5.00000 ( retract )

G00 X-34.51944 Y30.66576 ( rapid move to begin. )
G01 F150.00000
( Mill infeed pass 1/1 )
G01 Z-0.06000
G04 P0 ( dwell for no time -- G64 should not smooth over this point )
G01 F300.00000
G01 X-34.51944 Y30.66576
G01 X-34.38426 Y30.66576
G01 X-34.38172 Y30.65913
G01 X-34.38426 Y30.66576
G01 X-34.36138 Y30.69367
G01 X-34.34819 Y30.70820
G01 X-34.33364 Y30.72138
G01 X-34.20484 Y30.82710
G01 X-34.17225 Y30.84889
G01 X-34.05571 Y30.91117
G01 X-34.04205 Y30.90319
G01 X-33.95569 Y30.84805
G01 X-33.96003 Y30.84673
G01 X-33.96928 Y30.84343
G01 X-33.97814 Y30.83924
G01 X-34.12511 Y30.76070
G01 X-34.14139 Y30.74980
G01 X-34.27019 Y30.64409
G01 X-34.27748 Y30.63751
G01 X-34.28406 Y30.63022
G01 X-34.33697 Y30.56578
G01 X-34.70514 Y30.56578
G01 X-34.69239 Y30.59314
G01 X-34.56691 Y30.77231
G01 X-34.41225 Y30.92697
G01 X-34.23311 Y31.05242
G01 X-34.03486 Y31.14488
G01 X-33.95569 Y31.16608
G01 X-33.95569 Y30.84805
G01 X-34.04205 Y30.90319
G01 X-34.05571 Y30.91117
G01 X-34.05569 Y31.02481
G01 X-34.00943 Y31.09745
G01 X-34.05569 Y31.02481
G01 X-34.18292 Y30.96548
G01 X-34.18312 Y30.96581
G01 X-34.18292 Y30.96548
G01 X-34.34774 Y30.85006
G01 X-34.34809 Y30.85049
G01 X-34.34774 Y30.85006
G01 X-34.49003 Y30.70777
G01 X-34.51944 Y30.66576
G01 X-34.65759 Y30.60566
G04 P0 ( dwell for no time -- G64 should not smooth over this point )
G00 Z5.00000 ( retract )

G00 X-36.45573 Y24.03575 ( rapid move to begin. )
G01 F150.00000
( Mill infeed pass 1/1 )
G01 Z-0.06000
G04 P0 ( dwell for no time -- G64 should not smooth over this point )
G01 F300.00000
G01 X-36.45573 Y24.03575
G01 X-36.45573 Y25.73574
G01 X-36.45764 Y25.75525
G01 X-36.46333 Y25.77402
G01 X-36.47257 Y25.79132
G01 X-36.48502 Y25.80646
G01 X-36.50016 Y25.81890
G01 X-36.51746 Y25.82815
G01 X-36.53623 Y25.83384
G01 X-36.55573 Y25.83574
G01 X-38.25573 Y25.83574
G01 X-38.27524 Y25.83384
G01 X-38.29398 Y25.82815
G01 X-38.31128 Y25.81890
G01 X-38.32644 Y25.80646
G01 X-38.33886 Y25.79132
G01 X-38.34811 Y25.77402
G01 X-38.35380 Y25.75525
G01 X-38.35573 Y25.73574
G01 X-38.35573 Y25.28578
G01 X-40.25573 Y25.28578
G01 X-40.25573 Y25.73574
G01 X-40.25766 Y25.75525
G01 X-40.26335 Y25.77402
G01 X-40.27257 Y25.79132
G01 X-40.28501 Y25.80646
G01 X-40.30018 Y25.81890
G01 X-40.31745 Y25.82815
G01 X-40.33622 Y25.83384
G01 X-40.35573 Y25.83574
G01 X-42.05572 Y25.83574
G01 X-42.07523 Y25.83384
G01 X-42.09400 Y25.82815
G01 X-42.11127 Y25.81890
G01 X-42.12644 Y25.80646
G01 X-42.13888 Y25.79132
G01 X-42.14810 Y25.77402
G01 X-42.15379 Y25.75525
G01 X-42.15572 Y25.73574
G01 X-42.15572 Y24.03575
G01 X-42.15379 Y24.01624
G01 X-42.14810 Y23.99747
G01 X-42.13888 Y23.98020
G01 X-42.12644 Y23.96503
G01 X-42.11127 Y23.95261
G01 X-42.09400 Y23.94337
G01 X-42.07523 Y23.93768
G01 X-42.05572 Y23.93575
G01 X-40.35573 Y23.93575
G01 X-40.33622 Y23.93768
G01 X-40.31745 Y23.94337
G01 X-40.30018 Y23.95261
G01 X-40.28501 Y23.96503
G01 X-40.27257 Y23.98020
G01 X-40.26335 Y23.99747
G01 X-40.25766 Y24.01624
G01 X-40.25573 Y24.03575
G01 X-40.25573 Y24.48576
G01 X-38.35573 Y24.48576
G01 X-38.35573 Y24.03575
G01 X-38.35380 Y24.01624
G01 X-38.34811 Y23.99747
G01 X-38.33886 Y23.98020
G01 X-38.32644 Y23.96503
G01 X-38.31128 Y23.95261
G01 X-38.29398 Y23.94337
G01 X-38.27524 Y23.93768
G01 X-38.25573 Y23.93575
G01 X-36.55573 Y23.93575
G01 X-36.53623 Y23.93768
G01 X-36.51746 Y23.94337
G01 X-36.50016 Y23.95261
G01 X-36.48502 Y23.96503
G01 X-36.47257 Y23.98020
G01 X-36.46333 Y23.99747
G01 X-36.45764 Y24.01624
G01 X-36.45573 Y24.03575
G01 X-36.35573 Y24.03575
G01 X-36.35957 Y23.99673
G01 X-36.37095 Y23.95922
G01 X-36.38944 Y23.92465
G01 X-36.41431 Y23.89432
G01 X-36.44461 Y23.86945
G01 X-36.47918 Y23.85096
G01 X-36.51669 Y23.83958
G01 X-36.55573 Y23.83575
G01 X-38.25573 Y23.83575
G01 X-38.29474 Y23.83958
G01 X-38.33226 Y23.85096
G01 X-38.36683 Y23.86945
G01 X-38.39713 Y23.89432
G01 X-38.42202 Y23.92465
G01 X-38.44049 Y23.95922
G01 X-38.45187 Y23.99673
G01 X-38.45573 Y24.03575
G01 X-38.45573 Y24.38576
G01 X-38.42708 Y24.41471
G01 X-38.45573 Y24.38576
G01 X-40.15573 Y24.38576
G01 X-40.18438 Y24.41471
G01 X-40.15573 Y24.38576
G01 X-40.15573 Y24.03575
G01 X-40.15956 Y23.99673
G01 X-40.17094 Y23.95922
G01 X-40.18943 Y23.92465
G01 X-40.21430 Y23.89432
G01 X-40.24460 Y23.86945
G01 X-40.27920 Y23.85096
G01 X-40.31671 Y23.83958
G01 X-40.35573 Y23.83575
G01 X-42.05572 Y23.83575
G01 X-42.09474 Y23.83958
G01 X-42.13225 Y23.85096
G01 X-42.16685 Y23.86945
G01 X-42.19715 Y23.89432
G01 X-42.22202 Y23.92465
G01 X-42.24051 Y23.95922
G01 X-42.25189 Y23.99673
G01 X-42.25572 Y24.03575
G01 X-42.25572 Y25.73574
G01 X-42.25189 Y25.77476
G01 X-42.24051 Y25.81230
G01 X-42.22202 Y25.84687
G01 X-42.19715 Y25.87717
G01 X-42.16685 Y25.90204
G01 X-42.13225 Y25.92053
G01 X-42.09474 Y25.93191
G01 X-42.05572 Y25.93574
G01 X-40.35573 Y25.93574
G01 X-40.31671 Y25.93191
G01 X-40.27920 Y25.92053
G01 X-40.24460 Y25.90204
G01 X-40.21430 Y25.87717
G01 X-40.18943 Y25.84687
G01 X-40.17094 Y25.81230
G01 X-40.15956 Y25.77476
G01 X-40.15573 Y25.73574
G01 X-40.15573 Y25.38578
G01 X-40.18438 Y25.35683
G01 X-40.15573 Y25.38578
G01 X-38.45573 Y25.38578
G01 X-38.42708 Y25.35683
G01 X-38.45573 Y25.38578
G01 X-38.45573 Y25.73574
G01 X-38.45187 Y25.77476
G01 X-38.44049 Y25.81230
G01 X-38.42202 Y25.84687
G01 X-38.39713 Y25.87717
G01 X-38.36683 Y25.90204
G01 X-38.33226 Y25.92053
G01 X-38.29474 Y25.93191
G01 X-38.25573 Y25.93574
G01 X-36.55573 Y25.93574
G01 X-36.51669 Y25.93191
G01 X-36.47918 Y25.92053
G01 X-36.44461 Y25.90204
G01 X-36.41431 Y25.87717
G01 X-36.38944 Y25.84687
G01 X-36.37095 Y25.81230
G01 X-36.35957 Y25.77476
G01 X-36.35573 Y25.73574
G01 X-36.35573 Y24.03575
G01 X-36.25573 Y24.03575
G01 X-36.26150 Y23.97722
G01 X-36.27857 Y23.92094
G01 X-36.30628 Y23.86907
G01 X-36.34359 Y23.82360
G01 X-36.38906 Y23.78632
G01 X-36.44093 Y23.75858
G01 X-36.49719 Y23.74151
G01 X-36.55573 Y23.73575
G01 X-38.25573 Y23.73575
G01 X-38.31425 Y23.74151
G01 X-38.37054 Y23.75858
G01 X-38.42241 Y23.78632
G01 X-38.46785 Y23.82360
G01 X-38.50516 Y23.86907
G01 X-38.53290 Y23.92094
G01 X-38.54996 Y23.97722
G01 X-38.55573 Y24.03575
G01 X-38.55573 Y24.28576
G01 X-38.52644 Y24.31507
G01 X-38.55573 Y24.28576
G01 X-40.05573 Y24.28576
G01 X-40.08382 Y24.31441
G01 X-40.05573 Y24.28576
G01 X-40.05573 Y24.03575
G01 X-40.06149 Y23.97722
G01 X-40.07856 Y23.92094
G01 X-40.10627 Y23.86907
G01 X-40.14359 Y23.82360
G01 X-40.18905 Y23.78632
G01 X-40.24092 Y23.75858
G01 X-40.29720 Y23.74151
G01 X-40.35573 Y23.73575
G01 X-42.05572 Y23.73575
G01 X-42.11424 Y23.74151
G01 X-42.17053 Y23.75858
G01 X-42.22240 Y23.78632
G01 X-42.26786 Y23.82360
G01 X-42.30518 Y23.86907
G01 X-42.33289 Y23.92094
G01 X-42.34996 Y23.97722
G01 X-42.35572 Y24.03575
G01 X-42.35572 Y25.73574
G01 X-42.34996 Y25.79426
G01 X-42.33289 Y25.85055
G01 X-42.30518 Y25.90242
G01 X-42.26786 Y25.94788
G01 X-42.22240 Y25.98520
G01 X-42.17053 Y26.01291
G01 X-42.11424 Y26.02998
G01 X-42.05572 Y26.03574
G01 X-40.35573 Y26.03574
G01 X-40.29720 Y26.02998
G01 X-40.24092 Y26.01291
G01 X-40.18905 Y25.98520
G01 X-40.14359 Y25.94788
G01 X-40.10627 Y25.90242
G01 X-40.07856 Y25.85055
G01 X-40.06149 Y25.79426
G01 X-40.05573 Y25.73574
G01 X-40.05573 Y25.48578
G01 X-40.08501 Y25.45649
G01 X-40.05573 Y25.48578
G01 X-38.55573 Y25.48578
G01 X-38.52644 Y25.45649
G01 X-38.55573 Y25.48578
G01 X-38.55573 Y25.73574
G01 X-38.54996 Y25.79426
G01 X-38.53290 Y25.85055
G01 X-38.50516 Y25.90242
G01 X-38.46785 Y25.94788
G01 X-38.42241 Y25.98520
G01 X-38.37054 Y26.01291
G01 X-38.31425 Y26.02998
G01 X-38.25573 Y26.03574
G01 X-36.55573 Y26.03574
G01 X-36.49719 Y26.02998
G01 X-36.44093 Y26.01291
G01 X-36.38906 Y25.98520
G01 X-36.34359 Y25.94788
G01 X-36.30628 Y25.90242
G01 X-36.27857 Y25.85055
G01 X-36.26150 Y25.79426
G01 X-36.25573 Y25.73574
G01 X-36.25573 Y24.03575
G01 X-36.15573 Y24.03575
G01 X-36.16341 Y23.95772
G01 X-36.18616 Y23.88269
G01 X-36.22315 Y23.81352
G01 X-36.27288 Y23.75292
G01 X-36.33348 Y23.70316
G01 X-36.40265 Y23.66620
G01 X-36.47768 Y23.64344
G01 X-36.55573 Y23.63575
G01 X-38.25573 Y23.63575
G01 X-38.33376 Y23.64344
G01 X-38.40879 Y23.66620
G01 X-38.47795 Y23.70316
G01 X-38.53856 Y23.75292
G01 X-38.58832 Y23.81352
G01 X-38.62527 Y23.88269
G01 X-38.64803 Y23.95772
G01 X-38.65573 Y24.03575
G01 X-38.65573 Y24.18576
G01 X-38.62855 Y24.21388
G01 X-38.65573 Y24.18576
G01 X-39.95573 Y24.18576
G01 X-39.98291 Y24.21388
G01 X-39.95573 Y24.18576
G01 X-39.95573 Y24.03575
G01 X-39.96340 Y23.95772
G01 X-39.98618 Y23.88269
G01 X-40.02314 Y23.81352
G01 X-40.07287 Y23.75292
G01 X-40.13350 Y23.70316
G01 X-40.20264 Y23.66620
G01 X-40.27770 Y23.64344
G01 X-40.35573 Y23.63575
G01 X-42.05572 Y23.63575
G01 X-42.13375 Y23.64344
G01 X-42.20881 Y23.66620
G01 X-42.27795 Y23.70316
G01 X-42.33858 Y23.75292
G01 X-42.38831 Y23.81352
G01 X-42.42527 Y23.88269
G01 X-42.44803 Y23.95772
G01 X-42.45572 Y24.03575
G01 X-42.45572 Y25.73574
G01 X-42.44803 Y25.81380
G01 X-42.42527 Y25.88883
G01 X-42.38831 Y25.95797
G01 X-42.33858 Y26.01860
G01 X-42.27795 Y26.06833
G01 X-42.20881 Y26.10531
G01 X-42.13375 Y26.12807
G01 X-42.05572 Y26.13574
G01 X-41.58590 Y26.13574
G01 X-41.50586 Y26.12388
G01 X-41.50345 Y26.12357
G01 X-41.41851 Y26.11519
G01 X-41.41605 Y26.11502
G01 X-41.24943 Y26.10684
G01 X-41.24696 Y26.10676
G01 X-41.16444 Y26.10676
G01 X-41.16444 Y26.10648
G01 X-41.16444 Y26.10676
G01 X-41.16197 Y26.10684
G01 X-40.99537 Y26.11502
G01 X-40.99291 Y26.11519
G01 X-40.90797 Y26.12357
G01 X-40.90556 Y26.12388
G01 X-40.82552 Y26.13574
G01 X-40.35573 Y26.13574
G01 X-40.27770 Y26.12807
G01 X-40.20264 Y26.10531
G01 X-40.13350 Y26.06833
G01 X-40.07287 Y26.01860
G01 X-40.02314 Y25.95797
G01 X-39.98618 Y25.88883
G01 X-39.96340 Y25.81380
G01 X-39.95573 Y25.73574
G01 X-39.95573 Y25.58578
G01 X-39.98291 Y25.55766
G01 X-39.95573 Y25.58578
G01 X-38.65573 Y25.58578
G01 X-38.62855 Y25.55766
G01 X-38.65573 Y25.58578
G01 X-38.65573 Y25.73574
G01 X-38.64803 Y25.81380
G01 X-38.62527 Y25.88883
G01 X-38.58832 Y25.95797
G01 X-38.53856 Y26.01860
G01 X-38.47795 Y26.06833
G01 X-38.40879 Y26.10531
G01 X-38.33376 Y26.12807
G01 X-38.25573 Y26.13574
G01 X-36.55573 Y26.13574
G01 X-36.47768 Y26.12807
G01 X-36.40265 Y26.10531
G01 X-36.33348 Y26.06833
G01 X-36.27288 Y26.01860
G01 X-36.22315 Y25.95797
G01 X-36.18616 Y25.88883
G01 X-36.16341 Y25.81380
G01 X-36.15573 Y25.73574
G01 X-36.15573 Y24.03575
G01 X-36.15573 Y22.01576
G01 X-36.15573 Y20.31574
G01 X-36.25573 Y20.31574
G01 X-36.35573 Y20.31574
G01 X-36.45573 Y20.31574
G01 X-36.45573 Y22.01576
G01 X-36.45764 Y22.03527
G01 X-36.46333 Y22.05401
G01 X-36.47257 Y22.07131
G01 X-36.48502 Y22.08645
G01 X-36.50016 Y22.09889
G01 X-36.51746 Y22.10814
G01 X-36.53623 Y22.11383
G01 X-36.55573 Y22.11576
G01 X-38.25573 Y22.11576
G01 X-38.27524 Y22.11383
G01 X-38.29398 Y22.10814
G01 X-38.31128 Y22.09889
G01 X-38.32644 Y22.08645
G01 X-38.33886 Y22.07131
G01 X-38.34811 Y22.05401
G01 X-38.35380 Y22.03527
G01 X-38.35573 Y22.01576
G01 X-38.35573 Y21.56575
G01 X-40.25573 Y21.56575
G01 X-40.25573 Y22.01576
G01 X-40.25766 Y22.03527
G01 X-40.26335 Y22.05401
G01 X-40.27257 Y22.07131
G01 X-40.28501 Y22.08645
G01 X-40.30018 Y22.09889
G01 X-40.31745 Y22.10814
G01 X-40.33622 Y22.11383
G01 X-40.35573 Y22.11576
G01 X-42.05572 Y22.11576
G01 X-42.07523 Y22.11383
G01 X-42.09400 Y22.10814
G01 X-42.11127 Y22.09889
G01 X-42.12644 Y22.08645
G01 X-42.13888 Y22.07131
G01 X-42.14810 Y22.05401
G01 X-42.15379 Y22.03527
G01 X-42.15572 Y22.01576
G01 X-42.15572 Y20.31574
G01 X-42.15379 Y20.29623
G01 X-42.14810 Y20.27749
G01 X-42.13888 Y20.26019
G01 X-42.12644 Y20.24505
G01 X-42.11127 Y20.23260
G01 X-42.09400 Y20.22336
G01 X-42.07523 Y20.21767
G01 X-42.05572 Y20.21574
G01 X-40.35573 Y20.21574
G01 X-40.33622 Y20.21767
G01 X-40.31745 Y20.22336
G01 X-40.30018 Y20.23260
G01 X-40.28501 Y20.24505
G01 X-40.27257 Y20.26019
G01 X-40.26335 Y20.27749
G01 X-40.25766 Y20.29623
G01 X-40.25573 Y20.31574
G01 X-40.25573 Y20.76578
G01 X-38.35573 Y20.76578
G01 X-38.35573 Y20.31574
G01 X-38.35380 Y20.29623
G01 X-38.34811 Y20.27749
G01 X-38.33886 Y20.26019
G01 X-38.32644 Y20.24505
G01 X-38.31128 Y20.23260
G01 X-38.29398 Y20.22336
G01 X-38.27524 Y20.21767
G01 X-38.25573 Y20.21574
G01 X-36.55573 Y20.21574
G01 X-36.53623 Y20.21767
G01 X-36.51746 Y20.22336
G01 X-36.50016 Y20.23260
G01 X-36.48502 Y20.24505
G01 X-36.47257 Y20.26019
G01 X-36.46333 Y20.27749
G01 X-36.45764 Y20.29623
G01 X-36.45573 Y20.31574
G01 X-36.35573 Y20.31574
G01 X-36.35957 Y20.27672
G01 X-36.37095 Y20.23921
G01 X-36.38944 Y20.20464
G01 X-36.41431 Y20.17434
G01 X-36.44461 Y20.14944
G01 X-36.47918 Y20.13098
G01 X-36.51669 Y20.11960
G01 X-36.55573 Y20.11574
G01 X-38.25573 Y20.11574
G01 X-38.29474 Y20.11960
G01 X-38.33226 Y20.13098
G01 X-38.36683 Y20.14944
G01 X-38.39713 Y20.17434
G01 X-38.42202 Y20.20464
G01 X-38.44049 Y20.23921
G01 X-38.45187 Y20.27672
G01 X-38.45573 Y20.31574
G01 X-38.45573 Y20.66578
G01 X-38.42708 Y20.69471
G01 X-38.45573 Y20.66578
G01 X-40.15573 Y20.66578
G01 X-40.18438 Y20.69471
G01 X-40.15573 Y20.66578
G01 X-40.15573 Y20.31574
G01 X-40.15956 Y20.27672
G01 X-40.17094 Y20.23921
G01 X-40.18943 Y20.20464
G01 X-40.21430 Y20.17434
G01 X-40.24460 Y20.14944
G01 X-40.27920 Y20.13098
G01 X-40.31671 Y20.11960
G01 X-40.35573 Y20.11574
G01 X-42.05572 Y20.11574
G01 X-42.09474 Y20.11960
G01 X-42.13225 Y20.13098
G01 X-42.16685 Y20.14944
G01 X-42.19715 Y20.17434
G01 X-42.22202 Y20.20464
G01 X-42.24051 Y20.23921
G01 X-42.25189 Y20.27672
G01 X-42.25572 Y20.31574
G01 X-42.25572 Y22.01576
G01 X-42.25189 Y22.05477
G01 X-42.24051 Y22.09229
G01 X-42.22202 Y22.12686
G01 X-42.19715 Y22.15716
G01 X-42.16685 Y22.18205
G01 X-42.13225 Y22.20052
G01 X-42.09474 Y22.21190
G01 X-42.05572 Y22.21576
G01 X-40.35573 Y22.21576
G01 X-40.31671 Y22.21190
G01 X-40.27920 Y22.20052
G01 X-40.24460 Y22.18205
G01 X-40.21430 Y22.15716
G01 X-40.18943 Y22.12686
G01 X-40.17094 Y22.09229
G01 X-40.15956 Y22.05477
G01 X-40.15573 Y22.01576
G01 X-40.15573 Y21.66575
G01 X-40.18438 Y21.63682
G01 X-40.15573 Y21.66575
G01 X-38.45573 Y21.66575
G01 X-38.42708 Y21.63682
G01 X-38.45573 Y21.66575
G01 X-38.45573 Y22.01576
G01 X-38.45187 Y22.05477
G01 X-38.44049 Y22.09229
G01 X-38.42202 Y22.12686
G01 X-38.39713 Y22.15716
G01 X-38.36683 Y22.18205
G01 X-38.33226 Y22.20052
G01 X-38.29474 Y22.21190
G01 X-38.25573 Y22.21576
G01 X-36.55573 Y22.21576
G01 X-36.51669 Y22.21190
G01 X-36.47918 Y22.20052
G01 X-36.44461 Y22.18205
G01 X-36.41431 Y22.15716
G01 X-36.38944 Y22.12686
G01 X-36.37095 Y22.09229
G01 X-36.35957 Y22.05477
G01 X-36.35573 Y22.01576
G01 X-36.35573 Y20.31574
G01 X-36.25573 Y20.31574
G01 X-36.26150 Y20.25722
G01 X-36.27857 Y20.20096
G01 X-36.30628 Y20.14909
G01 X-36.34359 Y20.10362
G01 X-36.38906 Y20.06631
G01 X-36.44093 Y20.03857
G01 X-36.49719 Y20.02150
G01 X-36.55573 Y20.01574
G01 X-38.25573 Y20.01574
G01 X-38.31425 Y20.02150
G01 X-38.37054 Y20.03857
G01 X-38.42241 Y20.06631
G01 X-38.46785 Y20.10362
G01 X-38.50516 Y20.14909
G01 X-38.53290 Y20.20096
G01 X-38.54996 Y20.25722
G01 X-38.55573 Y20.31574
G01 X-38.55573 Y20.56578
G01 X-38.52644 Y20.59506
G01 X-38.55573 Y20.56578
G01 X-40.05573 Y20.56578
G01 X-40.08501 Y20.59506
G01 X-40.05573 Y20.56578
G01 X-40.05573 Y20.31574
G01 X-40.06149 Y20.25722
G01 X-40.07856 Y20.20096
G01 X-40.10627 Y20.14909
G01 X-40.14359 Y20.10362
G01 X-40.18905 Y20.06631
G01 X-40.24092 Y20.03857
G01 X-40.29720 Y20.02150
G01 X-40.35573 Y20.01574
G01 X-42.05572 Y20.01574
G01 X-42.11424 Y20.02150
G01 X-42.17053 Y20.03857
G01 X-42.22240 Y20.06631
G01 X-42.26786 Y20.10362
G01 X-42.30518 Y20.14909
G01 X-42.33289 Y20.20096
G01 X-42.34996 Y20.25722
G01 X-42.35572 Y20.31574
G01 X-42.35572 Y22.01576
G01 X-42.34996 Y22.07428
G01 X-42.33289 Y22.13054
G01 X-42.30518 Y22.18241
G01 X-42.26786 Y22.22788
G01 X-42.22240 Y22.26519
G01 X-42.17053 Y22.29292
G01 X-42.11424 Y22.30999
G01 X-42.05572 Y22.31576
G01 X-40.35573 Y22.31576
G01 X-40.29720 Y22.30999
G01 X-40.24092 Y22.29292
G01 X-40.18905 Y22.26519
G01 X-40.14359 Y22.22788
G01 X-40.10627 Y22.18241
G01 X-40.07856 Y22.13054
G01 X-40.06149 Y22.07428
G01 X-40.05573 Y22.01576
G01 X-40.05573 Y21.76575
G01 X-40.08382 Y21.73712
G01 X-40.05573 Y21.76575
G01 X-38.55573 Y21.76575
G01 X-38.52644 Y21.73646
G01 X-38.55573 Y21.76575
G01 X-38.55573 Y22.01576
G01 X-38.54996 Y22.07428
G01 X-38.53290 Y22.13054
G01 X-38.50516 Y22.18241
G01 X-38.46785 Y22.22788
G01 X-38.42241 Y22.26519
G01 X-38.37054 Y22.29292
G01 X-38.31425 Y22.30999
G01 X-38.25573 Y22.31576
G01 X-36.55573 Y22.31576
G01 X-36.49719 Y22.30999
G01 X-36.44093 Y22.29292
G01 X-36.38906 Y22.26519
G01 X-36.34359 Y22.22788
G01 X-36.30628 Y22.18241
G01 X-36.27857 Y22.13054
G01 X-36.26150 Y22.07428
G01 X-36.25573 Y22.01576
G01 X-36.25573 Y20.31574
G01 X-36.15573 Y20.31574
G01 X-36.16341 Y20.23771
G01 X-36.18616 Y20.16268
G01 X-36.22315 Y20.09351
G01 X-36.27288 Y20.03291
G01 X-36.33348 Y19.98315
G01 X-36.40265 Y19.94619
G01 X-36.47768 Y19.92343
G01 X-36.55573 Y19.91574
G01 X-38.25573 Y19.91574
G01 X-38.33376 Y19.92343
G01 X-38.40879 Y19.94619
G01 X-38.47795 Y19.98315
G01 X-38.53856 Y20.03291
G01 X-38.58832 Y20.09351
G01 X-38.62527 Y20.16268
G01 X-38.64803 Y20.23771
G01 X-38.65573 Y20.31574
G01 X-38.65573 Y20.46575
G01 X-38.62855 Y20.49387
G01 X-38.65573 Y20.46575
G01 X-39.95573 Y20.46575
G01 X-39.98291 Y20.49387
G01 X-39.95573 Y20.46575
G01 X-39.95573 Y20.31574
G01 X-39.96340 Y20.23771
G01 X-39.98618 Y20.16268
G01 X-40.02314 Y20.09351
G01 X-40.07287 Y20.03291
G01 X-40.13350 Y19.98315
G01 X-40.20264 Y19.94619
G01 X-40.27770 Y19.92343
G01 X-40.35573 Y19.91574
G01 X-40.82542 Y19.91574
G01 X-40.90548 Y19.92763
G01 X-40.90792 Y19.92793
G01 X-40.99291 Y19.93631
G01 X-40.99537 Y19.93649
G01 X-41.16197 Y19.94469
G01 X-41.16444 Y19.94475
G01 X-41.24696 Y19.94475
G01 X-41.24696 Y19.94505
G01 X-41.24696 Y19.94475
G01 X-41.24943 Y19.94469
G01 X-41.41605 Y19.93649
G01 X-41.41851 Y19.93631
G01 X-41.50350 Y19.92793
G01 X-41.50594 Y19.92763
G01 X-41.58600 Y19.91574
G01 X-42.05572 Y19.91574
G01 X-42.13375 Y19.92343
G01 X-42.20881 Y19.94619
G01 X-42.27795 Y19.98315
G01 X-42.33858 Y20.03291
G01 X-42.38831 Y20.09351
G01 X-42.42527 Y20.16268
G01 X-42.44803 Y20.23771
G01 X-42.45572 Y20.31574
G01 X-42.45572 Y22.01576
G01 X-42.44803 Y22.09379
G01 X-42.42527 Y22.16882
G01 X-42.38831 Y22.23798
G01 X-42.33858 Y22.29859
G01 X-42.27795 Y22.34835
G01 X-42.20881 Y22.38530
G01 X-42.13375 Y22.40806
G01 X-42.05572 Y22.41576
G01 X-40.35573 Y22.41576
G01 X-40.27770 Y22.40806
G01 X-40.20264 Y22.38530
G01 X-40.13350 Y22.34835
G01 X-40.07287 Y22.29859
G01 X-40.02314 Y22.23798
G01 X-39.98618 Y22.16882
G01 X-39.96340 Y22.09379
G01 X-39.95573 Y22.01576
G01 X-39.95573 Y21.86575
G01 X-39.98291 Y21.83766
G01 X-39.95573 Y21.86575
G01 X-38.65573 Y21.86575
G01 X-38.62855 Y21.83766
G01 X-38.65573 Y21.86575
G01 X-38.65573 Y22.01576
G01 X-38.64803 Y22.09379
G01 X-38.62527 Y22.16882
G01 X-38.58832 Y22.23798
G01 X-38.53856 Y22.29859
G01 X-38.47795 Y22.34835
G01 X-38.40879 Y22.38530
G01 X-38.33376 Y22.40806
G01 X-38.25573 Y22.41576
G01 X-36.55573 Y22.41576
G01 X-36.47768 Y22.40806
G01 X-36.40265 Y22.38530
G01 X-36.33348 Y22.34835
G01 X-36.27288 Y22.29859
G01 X-36.22315 Y22.23798
G01 X-36.18616 Y22.16882
G01 X-36.16341 Y22.09379
G01 X-36.15573 Y22.01576
G04 P0 ( dwell for no time -- G64 should not smooth over this point )
G00 Z5.00000 ( retract )

G00 X-28.85572 Y24.03575 ( rapid move to begin. )
G01 F150.00000
( Mill infeed pass 1/1 )
G01 Z-0.06000
G04 P0 ( dwell for no time -- G64 should not smooth over this point )
G01 F300.00000
G01 X-28.85572 Y24.03575
G01 X-28.85572 Y25.73574
G01 X-28.85765 Y25.75525
G01 X-28.86334 Y25.77402
G01 X-28.87256 Y25.79132
G01 X-28.88501 Y25.80646
G01 X-28.90017 Y25.81890
G01 X-28.91745 Y25.82815
G01 X-28.93622 Y25.83384
G01 X-28.95572 Y25.83574
G01 X-30.65572 Y25.83574
G01 X-30.67523 Y25.83384
G01 X-30.69400 Y25.82815
G01 X-30.71127 Y25.81890
G01 X-30.72643 Y25.80646
G01 X-30.73888 Y25.79132
G01 X-30.74810 Y25.77402
G01 X-30.75379 Y25.75525
G01 X-30.75572 Y25.73574
G01 X-30.75572 Y25.28578
G01 X-32.65572 Y25.28578
G01 X-32.65572 Y25.73574
G01 X-32.65765 Y25.75525
G01 X-32.66334 Y25.77402
G01 X-32.67258 Y25.79132
G01 X-32.68500 Y25.80646
G01 X-32.70017 Y25.81890
G01 X-32.71746 Y25.82815
G01 X-32.73621 Y25.83384
G01 X-32.75572 Y25.83574
G01 X-34.45571 Y25.83574
G01 X-34.47522 Y25.83384
G01 X-34.49399 Y25.82815
G01 X-34.51129 Y25.81890
G01 X-34.52643 Y25.80646
G01 X-34.53887 Y25.79132
G01 X-34.54812 Y25.77402
G01 X-34.55381 Y25.75525
G01 X-34.55571 Y25.73574
G01 X-34.55571 Y24.03575
G01 X-34.55381 Y24.01624
G01 X-34.54812 Y23.99747
G01 X-34.53887 Y23.98020
G01 X-34.52643 Y23.96503
G01 X-34.51129 Y23.95261
G01 X-34.49399 Y23.94337
G01 X-34.47522 Y23.93768
G01 X-34.45571 Y23.93575
G01 X-32.75572 Y23.93575
G01 X-32.73621 Y23.93768
G01 X-32.71746 Y23.94337
G01 X-32.70017 Y23.95261
G01 X-32.68500 Y23.96503
G01 X-32.67258 Y23.98020
G01 X-32.66334 Y23.99747
G01 X-32.65765 Y24.01624
G01 X-32.65572 Y24.03575
G01 X-32.65572 Y24.48576
G01 X-30.75572 Y24.48576
G01 X-30.75572 Y24.03575
G01 X-30.75379 Y24.01624
G01 X-30.74810 Y23.99747
G01 X-30.73888 Y23.98020
G01 X-30.72643 Y23.96503
G01 X-30.71127 Y23.95261
G01 X-30.69400 Y23.94337
G01 X-30.67523 Y23.93768
G01 X-30.65572 Y23.93575
G01 X-28.95572 Y23.93575
G01 X-28.93622 Y23.93768
G01 X-28.91745 Y23.94337
G01 X-28.90017 Y23.95261
G01 X-28.88501 Y23.96503
G01 X-28.87256 Y23.98020
G01 X-28.86334 Y23.99747
G01 X-28.85765 Y24.01624
G01 X-28.85572 Y24.03575
G01 X-28.75572 Y24.03575
G01 X-28.75956 Y23.99673
G01 X-28.77094 Y23.95922
G01 X-28.78943 Y23.92465
G01 X-28.81430 Y23.89432
G01 X-28.84460 Y23.86945
G01 X-28.87919 Y23.85096
G01 X-28.91671 Y23.83958
G01 X-28.95572 Y23.83575
G01 X-30.65572 Y23.83575
G01 X-30.69473 Y23.83958
G01 X-30.73225 Y23.85096
G01 X-30.76685 Y23.86945
G01 X-30.79715 Y23.89432
G01 X-30.82201 Y23.92465
G01 X-30.84051 Y23.95922
G01 X-30.85188 Y23.99673
G01 X-30.85572 Y24.03575
G01 X-30.85572 Y24.38576
G01 X-30.82707 Y24.41471
G01 X-30.85572 Y24.38576
G01 X-32.55572 Y24.38576
G01 X-32.58437 Y24.41471
G01 X-32.55572 Y24.38576
G01 X-32.55572 Y24.03575
G01 X-32.55958 Y23.99673
G01 X-32.57096 Y23.95922
G01 X-32.58942 Y23.92465
G01 X-32.61431 Y23.89432
G01 X-32.64462 Y23.86945
G01 X-32.67919 Y23.85096
G01 X-32.71670 Y23.83958
G01 X-32.75572 Y23.83575
G01 X-34.45571 Y23.83575
G01 X-34.49475 Y23.83958
G01 X-34.53227 Y23.85096
G01 X-34.56684 Y23.86945
G01 X-34.59714 Y23.89432
G01 X-34.62201 Y23.92465
G01 X-34.64050 Y23.95922
G01 X-34.65188 Y23.99673
G01 X-34.65571 Y24.03575
G01 X-34.65571 Y25.73574
G01 X-34.65188 Y25.77476
G01 X-34.64050 Y25.81230
G01 X-34.62201 Y25.84687
G01 X-34.59714 Y25.87717
G01 X-34.56684 Y25.90204
G01 X-34.53227 Y25.92053
G01 X-34.49475 Y25.93191
G01 X-34.45571 Y25.93574
G01 X-32.75572 Y25.93574
G01 X-32.71670 Y25.93191
G01 X-32.67919 Y25.92053
G01 X-32.64462 Y25.90204
G01 X-32.61431 Y25.87717
G01 X-32.58942 Y25.84687
G01 X-32.57096 Y25.81230
G01 X-32.55958 Y25.77476
G01 X-32.55572 Y25.73574
G01 X-32.55572 Y25.38578
G01 X-32.58437 Y25.35683
G01 X-32.55572 Y25.38578
G01 X-30.85572 Y25.38578
G01 X-30.82707 Y25.35683
G01 X-30.85572 Y25.38578
G01 X-30.85572 Y25.73574
G01 X-30.85188 Y25.77476
G01 X-30.84051 Y25.81230
G01 X-30.82201 Y25.84687
G01 X-30.79715 Y25.87717
G01 X-30.76685 Y25.90204
G01 X-30.73225 Y25.92053
G01 X-30.69473 Y25.93191
G01 X-30.65572 Y25.93574
G01 X-28.95572 Y25.93574
G01 X-28.91671 Y25.93191
G01 X-28.87919 Y25.92053
G01 X-28.84460 Y25.90204
G01 X-28.81430 Y25.87717
G01 X-28.78943 Y25.84687
G01 X-28.77094 Y25.81230
G01 X-28.75956 Y25.77476
G01 X-28.75572 Y25.73574
G01 X-28.75572 Y24.03575
G01 X-28.65572 Y24.03575
G01 X-28.66149 Y23.97722
G01 X-28.67856 Y23.92094
G01 X-28.70627 Y23.86907
G01 X-28.74358 Y23.82360
G01 X-28.78905 Y23.78632
G01 X-28.84092 Y23.75858
G01 X-28.89720 Y23.74151
G01 X-28.95572 Y23.73575
G01 X-30.65572 Y23.73575
G01 X-30.71424 Y23.74151
G01 X-30.77053 Y23.75858
G01 X-30.82239 Y23.78632
G01 X-30.86786 Y23.82360
G01 X-30.90517 Y23.86907
G01 X-30.93289 Y23.92094
G01 X-30.94995 Y23.97722
G01 X-30.95572 Y24.03575
G01 X-30.95572 Y24.28576
G01 X-30.92643 Y24.31507
G01 X-30.95572 Y24.28576
G01 X-32.45572 Y24.28576
G01 X-32.48500 Y24.31507
G01 X-32.45572 Y24.28576
G01 X-32.45572 Y24.03575
G01 X-32.46148 Y23.97722
G01 X-32.47855 Y23.92094
G01 X-32.50629 Y23.86907
G01 X-32.54360 Y23.82360
G01 X-32.58904 Y23.78632
G01 X-32.64091 Y23.75858
G01 X-32.69719 Y23.74151
G01 X-32.75572 Y23.73575
G01 X-34.45571 Y23.73575
G01 X-34.51426 Y23.74151
G01 X-34.57052 Y23.75858
G01 X-34.62239 Y23.78632
G01 X-34.66785 Y23.82360
G01 X-34.70517 Y23.86907
G01 X-34.73288 Y23.92094
G01 X-34.74995 Y23.97722
G01 X-34.75571 Y24.03575
G01 X-34.75571 Y25.73574
G01 X-34.74995 Y25.79426
G01 X-34.73288 Y25.85055
G01 X-34.70517 Y25.90242
G01 X-34.66785 Y25.94788
G01 X-34.62239 Y25.98520
G01 X-34.57052 Y26.01291
G01 X-34.51426 Y26.02998
G01 X-34.45571 Y26.03574
G01 X-32.75572 Y26.03574
G01 X-32.69719 Y26.02998
G01 X-32.64091 Y26.01291
G01 X-32.58904 Y25.98520
G01 X-32.54360 Y25.94788
G01 X-32.50629 Y25.90242
G01 X-32.47855 Y25.85055
G01 X-32.46148 Y25.79426
G01 X-32.45572 Y25.73574
G01 X-32.45572 Y25.48578
G01 X-32.48383 Y25.45713
G01 X-32.45572 Y25.48578
G01 X-30.95572 Y25.48578
G01 X-30.92643 Y25.45649
G01 X-30.95572 Y25.48578
G01 X-30.95572 Y25.73574
G01 X-30.94995 Y25.79426
G01 X-30.93289 Y25.85055
G01 X-30.90517 Y25.90242
G01 X-30.86786 Y25.94788
G01 X-30.82239 Y25.98520
G01 X-30.77053 Y26.01291
G01 X-30.71424 Y26.02998
G01 X-30.65572 Y26.03574
G01 X-28.95572 Y26.03574
G01 X-28.89720 Y26.02998
G01 X-28.84092 Y26.01291
G01 X-28.78905 Y25.98520
G01 X-28.74358 Y25.94788
G01 X-28.70627 Y25.90242
G01 X-28.67856 Y25.85055
G01 X-28.66149 Y25.79426
G01 X-28.65572 Y25.73574
G01 X-28.65572 Y24.03575
G01 X-28.55572 Y24.03575
G01 X-28.56342 Y23.95772
G01 X-28.58618 Y23.88269
G01 X-28.62314 Y23.81352
G01 X-28.67287 Y23.75292
G01 X-28.73350 Y23.70316
G01 X-28.80264 Y23.66620
G01 X-28.87769 Y23.64344
G01 X-28.95572 Y23.63575
G01 X-30.65572 Y23.63575
G01 X-30.73375 Y23.64344
G01 X-30.80881 Y23.66620
G01 X-30.87794 Y23.70316
G01 X-30.93857 Y23.75292
G01 X-30.98831 Y23.81352
G01 X-31.02526 Y23.88269
G01 X-31.04805 Y23.95772
G01 X-31.05572 Y24.03575
G01 X-31.05572 Y24.18576
G01 X-31.02854 Y24.21388
G01 X-31.05572 Y24.18576
G01 X-32.35572 Y24.18576
G01 X-32.38289 Y24.21388
G01 X-32.35572 Y24.18576
G01 X-32.35572 Y24.03575
G01 X-32.36341 Y23.95772
G01 X-32.38617 Y23.88269
G01 X-32.42313 Y23.81352
G01 X-32.47289 Y23.75292
G01 X-32.53349 Y23.70316
G01 X-32.60266 Y23.66620
G01 X-32.67769 Y23.64344
G01 X-32.75572 Y23.63575
G01 X-34.45571 Y23.63575
G01 X-34.53377 Y23.64344
G01 X-34.60880 Y23.66620
G01 X-34.67796 Y23.70316
G01 X-34.73857 Y23.75292
G01 X-34.78830 Y23.81352
G01 X-34.82528 Y23.88269
G01 X-34.84804 Y23.95772
G01 X-34.85571 Y24.03575
G01 X-34.85571 Y25.73574
G01 X-34.84804 Y25.81380
G01 X-34.82528 Y25.88883
G01 X-34.78830 Y25.95797
G01 X-34.73857 Y26.01860
G01 X-34.67796 Y26.06833
G01 X-34.60880 Y26.10531
G01 X-34.53377 Y26.12807
G01 X-34.45571 Y26.13574
G01 X-33.98589 Y26.13574
G01 X-33.90585 Y26.12388
G01 X-33.90344 Y26.12357
G01 X-33.81850 Y26.11519
G01 X-33.81604 Y26.11502
G01 X-33.64944 Y26.10684
G01 X-33.64698 Y26.10676
G01 X-33.56445 Y26.10676
G01 X-33.56445 Y26.10648
G01 X-33.56445 Y26.10676
G01 X-33.56199 Y26.10684
G01 X-33.39536 Y26.11502
G01 X-33.39290 Y26.11519
G01 X-33.30794 Y26.12357
G01 X-33.30552 Y26.12388
G01 X-33.22554 Y26.13574
G01 X-32.75572 Y26.13574
G01 X-32.67769 Y26.12807
G01 X-32.60266 Y26.10531
G01 X-32.53349 Y26.06833
G01 X-32.47289 Y26.01860
G01 X-32.42313 Y25.95797
G01 X-32.38617 Y25.88883
G01 X-32.36341 Y25.81380
G01 X-32.35572 Y25.73574
G01 X-32.35572 Y25.58578
G01 X-32.38289 Y25.55766
G01 X-32.35572 Y25.58578
G01 X-31.05572 Y25.58578
G01 X-31.02854 Y25.55766
G01 X-31.05572 Y25.58578
G01 X-31.05572 Y25.73574
G01 X-31.04805 Y25.81380
G01 X-31.02526 Y25.88883
G01 X-30.98831 Y25.95797
G01 X-30.93857 Y26.01860
G01 X-30.87794 Y26.06833
G01 X-30.80881 Y26.10531
G01 X-30.73375 Y26.12807
G01 X-30.65572 Y26.13574
G01 X-28.95572 Y26.13574
G01 X-28.87769 Y26.12807
G01 X-28.80264 Y26.10531
G01 X-28.73350 Y26.06833
G01 X-28.67287 Y26.01860
G01 X-28.62314 Y25.95797
G01 X-28.58618 Y25.88883
G01 X-28.56342 Y25.81380
G01 X-28.55572 Y25.73574
G01 X-28.55572 Y24.03575
G01 X-28.55572 Y22.01576
G01 X-28.55572 Y20.31574
G01 X-28.65572 Y20.31574
G01 X-28.75572 Y20.31574
G01 X-28.85572 Y20.31574
G01 X-28.85572 Y22.01576
G01 X-28.85765 Y22.03527
G01 X-28.86334 Y22.05401
G01 X-28.87256 Y22.07131
G01 X-28.88501 Y22.08645
G01 X-28.90017 Y22.09889
G01 X-28.91745 Y22.10814
G01 X-28.93622 Y22.11383
G01 X-28.95572 Y22.11576
G01 X-30.65572 Y22.11576
G01 X-30.67523 Y22.11383
G01 X-30.69400 Y22.10814
G01 X-30.71127 Y22.09889
G01 X-30.72643 Y22.08645
G01 X-30.73888 Y22.07131
G01 X-30.74810 Y22.05401
G01 X-30.75379 Y22.03527
G01 X-30.75572 Y22.01576
G01 X-30.75572 Y21.56575
G01 X-32.65572 Y21.56575
G01 X-32.65572 Y22.01576
G01 X-32.65765 Y22.03527
G01 X-32.66334 Y22.05401
G01 X-32.67258 Y22.07131
G01 X-32.68500 Y22.08645
G01 X-32.70017 Y22.09889
G01 X-32.71746 Y22.10814
G01 X-32.73621 Y22.11383
G01 X-32.75572 Y22.11576
G01 X-34.45571 Y22.11576
G01 X-34.47522 Y22.11383
G01 X-34.49399 Y22.10814
G01 X-34.51129 Y22.09889
G01 X-34.52643 Y22.08645
G01 X-34.53887 Y22.07131
G01 X-34.54812 Y22.05401
G01 X-34.55381 Y22.03527
G01 X-34.55571 Y22.01576
G01 X-34.55571 Y20.31574
G01 X-34.55381 Y20.29623
G01 X-34.54812 Y20.27749
G01 X-34.53887 Y20.26019
G01 X-34.52643 Y20.24505
G01 X-34.51129 Y20.23260
G01 X-34.49399 Y20.22336
G01 X-34.47522 Y20.21767
G01 X-34.45571 Y20.21574
G01 X-32.75572 Y20.21574
G01 X-32.73621 Y20.21767
G01 X-32.71746 Y20.22336
G01 X-32.70017 Y20.23260
G01 X-32.68500 Y20.24505
G01 X-32.67258 Y20.26019
G01 X-32.66334 Y20.27749
G01 X-32.65765 Y20.29623
G01 X-32.65572 Y20.31574
G01 X-32.65572 Y20.76578
G01 X-30.75572 Y20.76578
G01 X-30.75572 Y20.31574
G01 X-30.75379 Y20.29623
G01 X-30.74810 Y20.27749
G01 X-30.73888 Y20.26019
G01 X-30.72643 Y20.24505
G01 X-30.71127 Y20.23260
G01 X-30.69400 Y20.22336
G01 X-30.67523 Y20.21767
G01 X-30.65572 Y20.21574
G01 X-28.95572 Y20.21574
G01 X-28.93622 Y20.21767
G01 X-28.91745 Y20.22336
G01 X-28.90017 Y20.23260
G01 X-28.88501 Y20.24505
G01 X-28.87256 Y20.26019
G01 X-28.86334 Y20.27749
G01 X-28.85765 Y20.29623
G01 X-28.85572 Y20.31574
G01 X-28.75572 Y20.31574
G01 X-28.75956 Y20.27672
G01 X-28.77094 Y20.23921
G01 X-28.78943 Y20.20464
G01 X-28.81430 Y20.17434
G01 X-28.84460 Y20.14944
G01 X-28.87919 Y20.13098
G01 X-28.91671 Y20.11960
G01 X-28.95572 Y20.11574
G01 X-30.65572 Y20.11574
G01 X-30.69473 Y20.11960
G01 X-30.73225 Y20.13098
G01 X-30.76685 Y20.14944
G01 X-30.79715 Y20.17434
G01 X-30.82201 Y20.20464
G01 X-30.84051 Y20.23921
G01 X-30.85188 Y20.27672
G01 X-30.85572 Y20.31574
G01 X-30.85572 Y20.66578
G01 X-30.82707 Y20.69471
G01 X-30.85572 Y20.66578
G01 X-32.55572 Y20.66578
G01 X-32.58437 Y20.69471
G01 X-32.55572 Y20.66578
G01 X-32.55572 Y20.31574
G01 X-32.55958 Y20.27672
G01 X-32.57096 Y20.23921
G01 X-32.58942 Y20.20464
G01 X-32.61431 Y20.17434
G01 X-32.64462 Y20.14944
G01 X-32.67919 Y20.13098
G01 X-32.71670 Y20.11960
G01 X-32.75572 Y20.11574
G01 X-34.45571 Y20.11574
G01 X-34.49475 Y20.11960
G01 X-34.53227 Y20.13098
G01 X-34.56684 Y20.14944
G01 X-34.59714 Y20.17434
G01 X-34.62201 Y20.20464
G01 X-34.64050 Y20.23921
G01 X-34.65188 Y20.27672
G01 X-34.65571 Y20.31574
G01 X-34.65571 Y22.01576
G01 X-34.65188 Y22.05477
G01 X-34.64050 Y22.09229
G01 X-34.62201 Y22.12686
G01 X-34.59714 Y22.15716
G01 X-34.56684 Y22.18205
G01 X-34.53227 Y22.20052
G01 X-34.49475 Y22.21190
G01 X-34.45571 Y22.21576
G01 X-32.75572 Y22.21576
G01 X-32.71670 Y22.21190
G01 X-32.67919 Y22.20052
G01 X-32.64462 Y22.18205
G01 X-32.61431 Y22.15716
G01 X-32.58942 Y22.12686
G01 X-32.57096 Y22.09229
G01 X-32.55958 Y22.05477
G01 X-32.55572 Y22.01576
G01 X-32.55572 Y21.66575
G01 X-32.58437 Y21.63682
G01 X-32.55572 Y21.66575
G01 X-30.85572 Y21.66575
G01 X-30.82707 Y21.63682
G01 X-30.85572 Y21.66575
G01 X-30.85572 Y22.01576
G01 X-30.85188 Y22.05477
G01 X-30.84051 Y22.09229
G01 X-30.82201 Y22.12686
G01 X-30.79715 Y22.15716
G01 X-30.76685 Y22.18205
G01 X-30.73225 Y22.20052
G01 X-30.69473 Y22.21190
G01 X-30.65572 Y22.21576
G01 X-28.95572 Y22.21576
G01 X-28.91671 Y22.21190
G01 X-28.87919 Y22.20052
G01 X-28.84460 Y22.18205
G01 X-28.81430 Y22.15716
G01 X-28.78943 Y22.12686
G01 X-28.77094 Y22.09229
G01 X-28.75956 Y22.05477
G01 X-28.75572 Y22.01576
G01 X-28.75572 Y20.31574
G01 X-28.65572 Y20.31574
G01 X-28.66149 Y20.25722
G01 X-28.67856 Y20.20096
G01 X-28.70627 Y20.14909
G01 X-28.74358 Y20.10362
G01 X-28.78905 Y20.06631
G01 X-28.84092 Y20.03857
G01 X-28.89720 Y20.02150
G01 X-28.95572 Y20.01574
G01 X-30.65572 Y20.01574
G01 X-30.71424 Y20.02150
G01 X-30.77053 Y20.03857
G01 X-30.82239 Y20.06631
G01 X-30.86786 Y20.10362
G01 X-30.90517 Y20.14909
G01 X-30.93289 Y20.20096
G01 X-30.94995 Y20.25722
G01 X-30.95572 Y20.31574
G01 X-30.95572 Y20.56578
G01 X-30.92643 Y20.59506
G01 X-30.95572 Y20.56578
G01 X-32.45572 Y20.56578
G01 X-32.48500 Y20.59506
G01 X-32.45572 Y20.56578
G01 X-32.45572 Y20.31574
G01 X-32.46148 Y20.25722
G01 X-32.47855 Y20.20096
G01 X-32.50629 Y20.14909
G01 X-32.54360 Y20.10362
G01 X-32.58904 Y20.06631
G01 X-32.64091 Y20.03857
G01 X-32.69719 Y20.02150
G01 X-32.75572 Y20.01574
G01 X-34.45571 Y20.01574
G01 X-34.51426 Y20.02150
G01 X-34.57052 Y20.03857
G01 X-34.62239 Y20.06631
G01 X-34.66785 Y20.10362
G01 X-34.70517 Y20.14909
G01 X-34.73288 Y20.20096
G01 X-34.74995 Y20.25722
G01 X-34.75571 Y20.31574
G01 X-34.75571 Y22.01576
G01 X-34.74995 Y22.07428
G01 X-34.73288 Y22.13054
G01 X-34.70517 Y22.18241
G01 X-34.66785 Y22.22788
G01 X-34.62239 Y22.26519
G01 X-34.57052 Y22.29292
G01 X-34.51426 Y22.30999
G01 X-34.45571 Y22.31576
G01 X-32.75572 Y22.31576
G01 X-32.69719 Y22.30999
G01 X-32.64091 Y22.29292
G01 X-32.58904 Y22.26519
G01 X-32.54360 Y22.22788
G01 X-32.50629 Y22.18241
G01 X-32.47855 Y22.13054
G01 X-32.46148 Y22.07428
G01 X-32.45572 Y22.01576
G01 X-32.45572 Y21.76575
G01 X-32.48383 Y21.73712
G01 X-32.45572 Y21.76575
G01 X-30.95572 Y21.76575
G01 X-30.92643 Y21.73646
G01 X-30.95572 Y21.76575
G01 X-30.95572 Y22.01576
G01 X-30.94995 Y22.07428
G01 X-30.93289 Y22.13054
G01 X-30.90517 Y22.18241
G01 X-30.86786 Y22.22788
G01 X-30.82239 Y22.26519
G01 X-30.77053 Y22.29292
G01 X-30.71424 Y22.30999
G01 X-30.65572 Y22.31576
G01 X-28.95572 Y22.31576
G01 X-28.89720 Y22.30999
G01 X-28.84092 Y22.29292
G01 X-28.78905 Y22.26519
G01 X-28.74358 Y22.22788
G01 X-28.70627 Y22.18241
G01 X-28.67856 Y22.13054
G01 X-28.66149 Y22.07428
G01 X-28.65572 Y22.01576
G01 X-28.65572 Y20.31574
G01 X-28.55572 Y20.31574
G01 X-28.56342 Y20.23771
G01 X-28.58618 Y20.16268
G01 X-28.62314 Y20.09351
G01 X-28.67287 Y20.03291
G01 X-28.73350 Y19.98315
G01 X-28.80264 Y19.94619
G01 X-28.87769 Y19.92343
G01 X-28.95572 Y19.91574
G01 X-30.65572 Y19.91574
G01 X-30.73375 Y19.92343
G01 X-30.80881 Y19.94619
G01 X-30.87794 Y19.98315
G01 X-30.93857 Y20.03291
G01 X-30.98831 Y20.09351
G01 X-31.02526 Y20.16268
G01 X-31.04805 Y20.23771
G01 X-31.05572 Y20.31574
G01 X-31.05572 Y20.46575
G01 X-31.02854 Y20.49387
G01 X-31.05572 Y20.46575
G01 X-32.35572 Y20.46575
G01 X-32.38289 Y20.49387
G01 X-32.35572 Y20.46575
G01 X-32.35572 Y20.31574
G01 X-32.36341 Y20.23771
G01 X-32.38617 Y20.16268
G01 X-32.42313 Y20.09351
G01 X-32.47289 Y20.03291
G01 X-32.53349 Y19.98315
G01 X-32.60266 Y19.94619
G01 X-32.67769 Y19.92343
G01 X-32.75572 Y19.91574
G01 X-33.22544 Y19.91574
G01 X-33.30545 Y19.92763
G01 X-33.30789 Y19.92793
G01 X-33.39290 Y19.93631
G01 X-33.39536 Y19.93649
G01 X-33.56199 Y19.94469
G01 X-33.56445 Y19.94475
G01 X-33.56445 Y19.94505
G01 X-33.56445 Y19.94475
G01 X-33.64698 Y19.94475
G01 X-33.64944 Y19.94469
G01 X-33.81604 Y19.93649
G01 X-33.81850 Y19.93631
G01 X-33.90349 Y19.92793
G01 X-33.90593 Y19.92763
G01 X-33.98599 Y19.91574
G01 X-34.45571 Y19.91574
G01 X-34.53377 Y19.92343
G01 X-34.60880 Y19.94619
G01 X-34.67796 Y19.98315
G01 X-34.73857 Y20.03291
G01 X-34.78830 Y20.09351
G01 X-34.82528 Y20.16268
G01 X-34.84804 Y20.23771
G01 X-34.85571 Y20.31574
G01 X-34.85571 Y22.01576
G01 X-34.84804 Y22.09379
G01 X-34.82528 Y22.16882
G01 X-34.78830 Y22.23798
G01 X-34.73857 Y22.29859
G01 X-34.67796 Y22.34835
G01 X-34.60880 Y22.38530
G01 X-34.53377 Y22.40806
G01 X-34.45571 Y22.41576
G01 X-32.75572 Y22.41576
G01 X-32.67769 Y22.40806
G01 X-32.60266 Y22.38530
G01 X-32.53349 Y22.34835
G01 X-32.47289 Y22.29859
G01 X-32.42313 Y22.23798
G01 X-32.38617 Y22.16882
G01 X-32.36341 Y22.09379
G01 X-32.35572 Y22.01576
G01 X-32.35572 Y21.86575
G01 X-32.38289 Y21.83766
G01 X-32.35572 Y21.86575
G01 X-31.05572 Y21.86575
G01 X-31.02854 Y21.83766
G01 X-31.05572 Y21.86575
G01 X-31.05572 Y22.01576
G01 X-31.04805 Y22.09379
G01 X-31.02526 Y22.16882
G01 X-30.98831 Y22.23798
G01 X-30.93857 Y22.29859
G01 X-30.87794 Y22.34835
G01 X-30.80881 Y22.38530
G01 X-30.73375 Y22.40806
G01 X-30.65572 Y22.41576
G01 X-28.95572 Y22.41576
G01 X-28.87769 Y22.40806
G01 X-28.80264 Y22.38530
G01 X-28.73350 Y22.34835
G01 X-28.67287 Y22.29859
G01 X-28.62314 Y22.23798
G01 X-28.58618 Y22.16882
G01 X-28.56342 Y22.09379
G01 X-28.55572 Y22.01576
G04 P0 ( dwell for no time -- G64 should not smooth over this point )
G00 Z5.00000 ( retract )

G00 X-21.25571 Y24.03575 ( rapid move to begin. )
G01 F150.00000
( Mill infeed pass 1/1 )
G01 Z-0.06000
G04 P0 ( dwell for no time -- G64 should not smooth over this point )
G01 F300.00000
G01 X-21.25571 Y24.03575
G01 X-21.25571 Y25.73574
G01 X-21.25764 Y25.75525
G01 X-21.26333 Y25.77402
G01 X-21.27258 Y25.79132
G01 X-21.28503 Y25.80646
G01 X-21.30016 Y25.81890
G01 X-21.31746 Y25.82815
G01 X-21.33621 Y25.83384
G01 X-21.35571 Y25.83574
G01 X-23.05574 Y25.83574
G01 X-23.07524 Y25.83384
G01 X-23.09399 Y25.82815
G01 X-23.11129 Y25.81890
G01 X-23.12642 Y25.80646
G01 X-23.13887 Y25.79132
G01 X-23.14812 Y25.77402
G01 X-23.15380 Y25.75525
G01 X-23.15574 Y25.73574
G01 X-23.15574 Y25.28578
G01 X-25.05573 Y25.28578
G01 X-25.05573 Y25.73574
G01 X-25.05764 Y25.75525
G01 X-25.06333 Y25.77402
G01 X-25.07257 Y25.79132
G01 X-25.08502 Y25.80646
G01 X-25.10016 Y25.81890
G01 X-25.11745 Y25.82815
G01 X-25.13622 Y25.83384
G01 X-25.15573 Y25.83574
G01 X-26.85573 Y25.83574
G01 X-26.87523 Y25.83384
G01 X-26.89398 Y25.82815
G01 X-26.91128 Y25.81890
G01 X-26.92644 Y25.80646
G01 X-26.93886 Y25.79132
G01 X-26.94811 Y25.77402
G01 X-26.95380 Y25.75525
G01 X-26.95573 Y25.73574
G01 X-26.95573 Y24.03575
G01 X-26.95380 Y24.01624
G01 X-26.94811 Y23.99747
G01 X-26.93886 Y23.98020
G01 X-26.92644 Y23.96503
G01 X-26.91128 Y23.95261
G01 X-26.89398 Y23.94337
G01 X-26.87523 Y23.93768
G01 X-26.85573 Y23.93575
G01 X-25.15573 Y23.93575
G01 X-25.13622 Y23.93768
G01 X-25.11745 Y23.94337
G01 X-25.10016 Y23.95261
G01 X-25.08502 Y23.96503
G01 X-25.07257 Y23.98020
G01 X-25.06333 Y23.99747
G01 X-25.05764 Y24.01624
G01 X-25.05573 Y24.03575
G01 X-25.05573 Y24.48576
G01 X-23.15574 Y24.48576
G01 X-23.15574 Y24.03575
G01 X-23.15380 Y24.01624
G01 X-23.14812 Y23.99747
G01 X-23.13887 Y23.98020
G01 X-23.12642 Y23.96503
G01 X-23.11129 Y23.95261
G01 X-23.09399 Y23.94337
G01 X-23.07524 Y23.93768
G01 X-23.05574 Y23.93575
G01 X-21.35571 Y23.93575
G01 X-21.33621 Y23.93768
G01 X-21.31746 Y23.94337
G01 X-21.30016 Y23.95261
G01 X-21.28503 Y23.96503
G01 X-21.27258 Y23.98020
G01 X-21.26333 Y23.99747
G01 X-21.25764 Y24.01624
G01 X-21.25571 Y24.03575
G01 X-21.15571 Y24.03575
G01 X-21.15957 Y23.99673
G01 X-21.17095 Y23.95922
G01 X-21.18942 Y23.92465
G01 X-21.21431 Y23.89432
G01 X-21.24461 Y23.86945
G01 X-21.27918 Y23.85096
G01 X-21.31670 Y23.83958
G01 X-21.35571 Y23.83575
G01 X-23.05574 Y23.83575
G01 X-23.09475 Y23.83958
G01 X-23.13227 Y23.85096
G01 X-23.16683 Y23.86945
G01 X-23.19714 Y23.89432
G01 X-23.22203 Y23.92465
G01 X-23.24049 Y23.95922
G01 X-23.25187 Y23.99673
G01 X-23.25574 Y24.03575
G01 X-23.25574 Y24.38576
G01 X-23.22706 Y24.41471
G01 X-23.25574 Y24.38576
G01 X-24.95573 Y24.38576
G01 X-24.98438 Y24.41471
G01 X-24.95573 Y24.38576
G01 X-24.95573 Y24.03575
G01 X-24.95957 Y23.99673
G01 X-24.97095 Y23.95922
G01 X-24.98944 Y23.92465
G01 X-25.01430 Y23.89432
G01 X-25.04461 Y23.86945
G01 X-25.07918 Y23.85096
G01 X-25.11672 Y23.83958
G01 X-25.15573 Y23.83575
G01 X-26.85573 Y23.83575
G01 X-26.89474 Y23.83958
G01 X-26.93226 Y23.85096
G01 X-26.96683 Y23.86945
G01 X-26.99715 Y23.89432
G01 X-27.02202 Y23.92465
G01 X-27.04049 Y23.95922
G01 X-27.05189 Y23.99673
G01 X-27.05573 Y24.03575
G01 X-27.05573 Y25.73574
G01 X-27.05189 Y25.77476
G01 X-27.04049 Y25.81230
G01 X-27.02202 Y25.84687
G01 X-26.99715 Y25.87717
G01 X-26.96683 Y25.90204
G01 X-26.93226 Y25.92053
G01 X-26.89474 Y25.93191
G01 X-26.85573 Y25.93574
G01 X-25.15573 Y25.93574
G01 X-25.11672 Y25.93191
G01 X-25.07918 Y25.92053
G01 X-25.04461 Y25.90204
G01 X-25.01430 Y25.87717
G01 X-24.98944 Y25.84687
G01 X-24.97095 Y25.81230
G01 X-24.95957 Y25.77476
G01 X-24.95573 Y25.73574
G01 X-24.95573 Y25.38578
G01 X-24.98438 Y25.35683
G01 X-24.95573 Y25.38578
G01 X-23.25574 Y25.38578
G01 X-23.22706 Y25.35683
G01 X-23.25574 Y25.38578
G01 X-23.25574 Y25.73574
G01 X-23.25187 Y25.77476
G01 X-23.24049 Y25.81230
G01 X-23.22203 Y25.84687
G01 X-23.19714 Y25.87717
G01 X-23.16683 Y25.90204
G01 X-23.13227 Y25.92053
G01 X-23.09475 Y25.93191
G01 X-23.05574 Y25.93574
G01 X-21.35571 Y25.93574
G01 X-21.31670 Y25.93191
G01 X-21.27918 Y25.92053
G01 X-21.24461 Y25.90204
G01 X-21.21431 Y25.87717
G01 X-21.18942 Y25.84687
G01 X-21.17095 Y25.81230
G01 X-21.15957 Y25.77476
G01 X-21.15571 Y25.73574
G01 X-21.15571 Y24.03575
G01 X-21.05571 Y24.03575
G01 X-21.06148 Y23.97722
G01 X-21.07855 Y23.92094
G01 X-21.10629 Y23.86907
G01 X-21.14360 Y23.82360
G01 X-21.18906 Y23.78632
G01 X-21.24093 Y23.75858
G01 X-21.29719 Y23.74151
G01 X-21.35571 Y23.73575
G01 X-23.05574 Y23.73575
G01 X-23.11426 Y23.74151
G01 X-23.17052 Y23.75858
G01 X-23.22238 Y23.78632
G01 X-23.26785 Y23.82360
G01 X-23.30516 Y23.86907
G01 X-23.33287 Y23.92094
G01 X-23.34997 Y23.97722
G01 X-23.35573 Y24.03575
G01 X-23.35573 Y24.28576
G01 X-23.32642 Y24.31507
G01 X-23.35573 Y24.28576
G01 X-24.85573 Y24.28576
G01 X-24.88382 Y24.31441
G01 X-24.85573 Y24.28576
G01 X-24.85573 Y24.03575
G01 X-24.86150 Y23.97722
G01 X-24.87857 Y23.92094
G01 X-24.90628 Y23.86907
G01 X-24.94359 Y23.82360
G01 X-24.98906 Y23.78632
G01 X-25.04092 Y23.75858
G01 X-25.09718 Y23.74151
G01 X-25.15573 Y23.73575
G01 X-26.85573 Y23.73575
G01 X-26.91425 Y23.74151
G01 X-26.97054 Y23.75858
G01 X-27.02240 Y23.78632
G01 X-27.06784 Y23.82360
G01 X-27.10516 Y23.86907
G01 X-27.13289 Y23.92094
G01 X-27.14996 Y23.97722
G01 X-27.15573 Y24.03575
G01 X-27.15573 Y25.73574
G01 X-27.14996 Y25.79426
G01 X-27.13289 Y25.85055
G01 X-27.10516 Y25.90242
G01 X-27.06784 Y25.94788
G01 X-27.02240 Y25.98520
G01 X-26.97054 Y26.01291
G01 X-26.91425 Y26.02998
G01 X-26.85573 Y26.03574
G01 X-25.15573 Y26.03574
G01 X-25.09718 Y26.02998
G01 X-25.04092 Y26.01291
G01 X-24.98906 Y25.98520
G01 X-24.94359 Y25.94788
G01 X-24.90628 Y25.90242
G01 X-24.87857 Y25.85055
G01 X-24.86150 Y25.79426
G01 X-24.85573 Y25.73574
G01 X-24.85573 Y25.48578
G01 X-24.88502 Y25.45649
G01 X-24.85573 Y25.48578
G01 X-23.35573 Y25.48578
G01 X-23.32642 Y25.45649
G01 X-23.35573 Y25.48578
G01 X-23.35573 Y25.73574
G01 X-23.34997 Y25.79426
G01 X-23.33287 Y25.85055
G01 X-23.30516 Y25.90242
G01 X-23.26785 Y25.94788
G01 X-23.22238 Y25.98520
G01 X-23.17052 Y26.01291
G01 X-23.11426 Y26.02998
G01 X-23.05574 Y26.03574
G01 X-21.35571 Y26.03574
G01 X-21.29719 Y26.02998
G01 X-21.24093 Y26.01291
G01 X-21.18906 Y25.98520
G01 X-21.14360 Y25.94788
G01 X-21.10629 Y25.90242
G01 X-21.07855 Y25.85055
G01 X-21.06148 Y25.79426
G01 X-21.05571 Y25.73574
G01 X-21.05571 Y24.03575
G01 X-20.95571 Y24.03575
G01 X-20.96341 Y23.95772
G01 X-20.98617 Y23.88269
G01 X-21.02313 Y23.81352
G01 X-21.07288 Y23.75292
G01 X-21.13349 Y23.70316
G01 X-21.20265 Y23.66620
G01 X-21.27768 Y23.64344
G01 X-21.35571 Y23.63575
G01 X-23.05574 Y23.63575
G01 X-23.13376 Y23.64344
G01 X-23.20880 Y23.66620
G01 X-23.27796 Y23.70316
G01 X-23.33856 Y23.75292
G01 X-23.38832 Y23.81352
G01 X-23.42528 Y23.88269
G01 X-23.44804 Y23.95772
G01 X-23.45573 Y24.03575
G01 X-23.45573 Y24.18576
G01 X-23.42856 Y24.21388
G01 X-23.45573 Y24.18576
G01 X-24.75573 Y24.18576
G01 X-24.78291 Y24.21388
G01 X-24.75573 Y24.18576
G01 X-24.75573 Y24.03575
G01 X-24.76340 Y23.95772
G01 X-24.78616 Y23.88269
G01 X-24.82314 Y23.81352
G01 X-24.87288 Y23.75292
G01 X-24.93351 Y23.70316
G01 X-25.00265 Y23.66620
G01 X-25.07768 Y23.64344
G01 X-25.15573 Y23.63575
G01 X-26.85573 Y23.63575
G01 X-26.93376 Y23.64344
G01 X-27.00879 Y23.66620
G01 X-27.07795 Y23.70316
G01 X-27.13856 Y23.75292
G01 X-27.18832 Y23.81352
G01 X-27.22527 Y23.88269
G01 X-27.24803 Y23.95772
G01 X-27.25573 Y24.03575
G01 X-27.25573 Y25.73574
G01 X-27.24803 Y25.81380
G01 X-27.22527 Y25.88883
G01 X-27.18832 Y25.95797
G01 X-27.13856 Y26.01860
G01 X-27.07795 Y26.06833
G01 X-27.00879 Y26.10531
G01 X-26.93376 Y26.12807
G01 X-26.85573 Y26.13574
G01 X-26.38590 Y26.13574
G01 X-26.30587 Y26.12388
G01 X-26.30346 Y26.12357
G01 X-26.21852 Y26.11519
G01 X-26.21605 Y26.11502
G01 X-26.04943 Y26.10684
G01 X-26.04697 Y26.10676
G01 X-25.96444 Y26.10676
G01 X-25.96444 Y26.10648
G01 X-25.96444 Y26.10676
G01 X-25.96198 Y26.10684
G01 X-25.79538 Y26.11502
G01 X-25.79292 Y26.11519
G01 X-25.70798 Y26.12357
G01 X-25.70557 Y26.12388
G01 X-25.62553 Y26.13574
G01 X-25.15573 Y26.13574
G01 X-25.07768 Y26.12807
G01 X-25.00265 Y26.10531
G01 X-24.93351 Y26.06833
G01 X-24.87288 Y26.01860
G01 X-24.82314 Y25.95797
G01 X-24.78616 Y25.88883
G01 X-24.76340 Y25.81380
G01 X-24.75573 Y25.73574
G01 X-24.75573 Y25.58578
G01 X-24.78291 Y25.55766
G01 X-24.75573 Y25.58578
G01 X-23.45573 Y25.58578
G01 X-23.42856 Y25.55766
G01 X-23.45573 Y25.58578
G01 X-23.45573 Y25.73574
G01 X-23.44804 Y25.81380
G01 X-23.42528 Y25.88883
G01 X-23.38832 Y25.95797
G01 X-23.33856 Y26.01860
G01 X-23.27796 Y26.06833
G01 X-23.20880 Y26.10531
G01 X-23.13376 Y26.12807
G01 X-23.05574 Y26.13574
G01 X-21.35571 Y26.13574
G01 X-21.27768 Y26.12807
G01 X-21.20265 Y26.10531
G01 X-21.13349 Y26.06833
G01 X-21.07288 Y26.01860
G01 X-21.02313 Y25.95797
G01 X-20.98617 Y25.88883
G01 X-20.96341 Y25.81380
G01 X-20.95571 Y25.73574
G01 X-20.95571 Y24.03575
G01 X-20.95571 Y22.01576
G01 X-20.95571 Y20.31574
G01 X-21.05571 Y20.31574
G01 X-21.15571 Y20.31574
G01 X-21.25571 Y20.31574
G01 X-21.25571 Y22.01576
G01 X-21.25764 Y22.03527
G01 X-21.26333 Y22.05401
G01 X-21.27258 Y22.07131
G01 X-21.28503 Y22.08645
G01 X-21.30016 Y22.09889
G01 X-21.31746 Y22.10814
G01 X-21.33621 Y22.11383
G01 X-21.35571 Y22.11576
G01 X-23.05574 Y22.11576
G01 X-23.07524 Y22.11383
G01 X-23.09399 Y22.10814
G01 X-23.11129 Y22.09889
G01 X-23.12642 Y22.08645
G01 X-23.13887 Y22.07131
G01 X-23.14812 Y22.05401
G01 X-23.15380 Y22.03527
G01 X-23.15574 Y22.01576
G01 X-23.15574 Y21.56575
G01 X-25.05573 Y21.56575
G01 X-25.05573 Y22.01576
G01 X-25.05764 Y22.03527
G01 X-25.06333 Y22.05401
G01 X-25.07257 Y22.07131
G01 X-25.08502 Y22.08645
G01 X-25.10016 Y22.09889
G01 X-25.11745 Y22.10814
G01 X-25.13622 Y22.11383
G01 X-25.15573 Y22.11576
G01 X-26.85573 Y22.11576
G01 X-26.87523 Y22.11383
G01 X-26.89398 Y22.10814
G01 X-26.91128 Y22.09889
G01 X-26.92644 Y22.08645
G01 X-26.93886 Y22.07131
G01 X-26.94811 Y22.05401
G01 X-26.95380 Y22.03527
G01 X-26.95573 Y22.01576
G01 X-26.95573 Y20.31574
G01 X-26.95380 Y20.29623
G01 X-26.94811 Y20.27749
G01 X-26.93886 Y20.26019
G01 X-26.92644 Y20.24505
G01 X-26.91128 Y20.23260
G01 X-26.89398 Y20.22336
G01 X-26.87523 Y20.21767
G01 X-26.85573 Y20.21574
G01 X-25.15573 Y20.21574
G01 X-25.13622 Y20.21767
G01 X-25.11745 Y20.22336
G01 X-25.10016 Y20.23260
G01 X-25.08502 Y20.24505
G01 X-25.07257 Y20.26019
G01 X-25.06333 Y20.27749
G01 X-25.05764 Y20.29623
G01 X-25.05573 Y20.31574
G01 X-25.05573 Y20.76578
G01 X-23.15574 Y20.76578
G01 X-23.15574 Y20.31574
G01 X-23.15380 Y20.29623
G01 X-23.14812 Y20.27749
G01 X-23.13887 Y20.26019
G01 X-23.12642 Y20.24505
G01 X-23.11129 Y20.23260
G01 X-23.09399 Y20.22336
G01 X-23.07524 Y20.21767
G01 X-23.05574 Y20.21574
G01 X-21.35571 Y20.21574
G01 X-21.33621 Y20.21767
G01 X-21.31746 Y20.22336
G01 X-21.30016 Y20.23260
G01 X-21.28503 Y20.24505
G01 X-21.27258 Y20.26019
G01 X-21.26333 Y20.27749
G01 X-21.25764 Y20.29623
G01 X-21.25571 Y20.31574
G01 X-21.15571 Y20.31574
G01 X-21.15957 Y20.27672
G01 X-21.17095 Y20.23921
G01 X-21.18942 Y20.20464
G01 X-21.21431 Y20.17434
G01 X-21.24461 Y20.14944
G01 X-21.27918 Y20.13098
G01 X-21.31670 Y20.11960
G01 X-21.35571 Y20.11574
G01 X-23.05574 Y20.11574
G01 X-23.09475 Y20.11960
G01 X-23.13227 Y20.13098
G01 X-23.16683 Y20.14944
G01 X-23.19714 Y20.17434
G01 X-23.22203 Y20.20464
G01 X-23.24049 Y20.23921
G01 X-23.25187 Y20.27672
G01 X-23.25574 Y20.31574
G01 X-23.25574 Y20.66578
G01 X-23.22706 Y20.69471
G01 X-23.25574 Y20.66578
G01 X-24.95573 Y20.66578
G01 X-24.98438 Y20.69471
G01 X-24.95573 Y20.66578
G01 X-24.95573 Y20.31574
G01 X-24.95957 Y20.27672
G01 X-24.97095 Y20.23921
G01 X-24.98944 Y20.20464
G01 X-25.01430 Y20.17434
G01 X-25.04461 Y20.14944
G01 X-25.07918 Y20.13098
G01 X-25.11672 Y20.11960
G01 X-25.15573 Y20.11574
G01 X-26.85573 Y20.11574
G01 X-26.89474 Y20.11960
G01 X-26.93226 Y20.13098
G01 X-26.96683 Y20.14944
G01 X-26.99715 Y20.17434
G01 X-27.02202 Y20.20464
G01 X-27.04049 Y20.23921
G01 X-27.05189 Y20.27672
G01 X-27.05573 Y20.31574
G01 X-27.05573 Y22.01576
G01 X-27.05189 Y22.05477
G01 X-27.04049 Y22.09229
G01 X-27.02202 Y22.12686
G01 X-26.99715 Y22.15716
G01 X-26.96683 Y22.18205
G01 X-26.93226 Y22.20052
G01 X-26.89474 Y22.21190
G01 X-26.85573 Y22.21576
G01 X-25.15573 Y22.21576
G01 X-25.11672 Y22.21190
G01 X-25.07918 Y22.20052
G01 X-25.04461 Y22.18205
G01 X-25.01430 Y22.15716
G01 X-24.98944 Y22.12686
G01 X-24.97095 Y22.09229
G01 X-24.95957 Y22.05477
G01 X-24.95573 Y22.01576
G01 X-24.95573 Y21.66575
G01 X-24.98438 Y21.63682
G01 X-24.95573 Y21.66575
G01 X-23.25574 Y21.66575
G01 X-23.22706 Y21.63682
G01 X-23.25574 Y21.66575
G01 X-23.25574 Y22.01576
G01 X-23.25187 Y22.05477
G01 X-23.24049 Y22.09229
G01 X-23.22203 Y22.12686
G01 X-23.19714 Y22.15716
G01 X-23.16683 Y22.18205
G01 X-23.13227 Y22.20052
G01 X-23.09475 Y22.21190
G01 X-23.05574 Y22.21576
G01 X-21.35571 Y22.21576
G01 X-21.31670 Y22.21190
G01 X-21.27918 Y22.20052
G01 X-21.24461 Y22.18205
G01 X-21.21431 Y22.15716
G01 X-21.18942 Y22.12686
G01 X-21.17095 Y22.09229
G01 X-21.15957 Y22.05477
G01 X-21.15571 Y22.01576
G01 X-21.15571 Y20.31574
G01 X-21.05571 Y20.31574
G01 X-21.06148 Y20.25722
G01 X-21.07855 Y20.20096
G01 X-21.10629 Y20.14909
G01 X-21.14360 Y20.10362
G01 X-21.18906 Y20.06631
G01 X-21.24093 Y20.03857
G01 X-21.29719 Y20.02150
G01 X-21.35571 Y20.01574
G01 X-23.05574 Y20.01574
G01 X-23.11426 Y20.02150
G01 X-23.17052 Y20.03857
G01 X-23.22238 Y20.06631
G01 X-23.26785 Y20.10362
G01 X-23.30516 Y20.14909
G01 X-23.33287 Y20.20096
G01 X-23.34997 Y20.25722
G01 X-23.35573 Y20.31574
G01 X-23.35573 Y20.56578
G01 X-23.32642 Y20.59506
G01 X-23.35573 Y20.56578
G01 X-24.85573 Y20.56578
G01 X-24.88382 Y20.59440
G01 X-24.85573 Y20.56578
G01 X-24.85573 Y20.31574
G01 X-24.86150 Y20.25722
G01 X-24.87857 Y20.20096
G01 X-24.90628 Y20.14909
G01 X-24.94359 Y20.10362
G01 X-24.98906 Y20.06631
G01 X-25.04092 Y20.03857
G01 X-25.09718 Y20.02150
G01 X-25.15573 Y20.01574
G01 X-26.85573 Y20.01574
G01 X-26.91425 Y20.02150
G01 X-26.97054 Y20.03857
G01 X-27.02240 Y20.06631
G01 X-27.06784 Y20.10362
G01 X-27.10516 Y20.14909
G01 X-27.13289 Y20.20096
G01 X-27.14996 Y20.25722
G01 X-27.15573 Y20.31574
G01 X-27.15573 Y22.01576
G01 X-27.14996 Y22.07428
G01 X-27.13289 Y22.13054
G01 X-27.10516 Y22.18241
G01 X-27.06784 Y22.22788
G01 X-27.02240 Y22.26519
G01 X-26.97054 Y22.29292
G01 X-26.91425 Y22.30999
G01 X-26.85573 Y22.31576
G01 X-25.15573 Y22.31576
G01 X-25.09718 Y22.30999
G01 X-25.04092 Y22.29292
G01 X-24.98906 Y22.26519
G01 X-24.94359 Y22.22788
G01 X-24.90628 Y22.18241
G01 X-24.87857 Y22.13054
G01 X-24.86150 Y22.07428
G01 X-24.85573 Y22.01576
G01 X-24.85573 Y21.76575
G01 X-24.88502 Y21.73646
G01 X-24.85573 Y21.76575
G01 X-23.35573 Y21.76575
G01 X-23.32642 Y21.73646
G01 X-23.35573 Y21.76575
G01 X-23.35573 Y22.01576
G01 X-23.34997 Y22.07428
G01 X-23.33287 Y22.13054
G01 X-23.30516 Y22.18241
G01 X-23.26785 Y22.22788
G01 X-23.22238 Y22.26519
G01 X-23.17052 Y22.29292
G01 X-23.11426 Y22.30999
G01 X-23.05574 Y22.31576
G01 X-21.35571 Y22.31576
G01 X-21.29719 Y22.30999
G01 X-21.24093 Y22.29292
G01 X-21.18906 Y22.26519
G01 X-21.14360 Y22.22788
G01 X-21.10629 Y22.18241
G01 X-21.07855 Y22.13054
G01 X-21.06148 Y22.07428
G01 X-21.05571 Y22.01576
G01 X-21.05571 Y20.31574
G01 X-20.95571 Y20.31574
G01 X-20.96341 Y20.23771
G01 X-20.98617 Y20.16268
G01 X-21.02313 Y20.09351
G01 X-21.07288 Y20.03291
G01 X-21.13349 Y19.98315
G01 X-21.20265 Y19.94619
G01 X-21.27768 Y19.92343
G01 X-21.35571 Y19.91574
G01 X-23.05574 Y19.91574
G01 X-23.13376 Y19.92343
G01 X-23.20880 Y19.94619
G01 X-23.27796 Y19.98315
G01 X-23.33856 Y20.03291
G01 X-23.38832 Y20.09351
G01 X-23.42528 Y20.16268
G01 X-23.44804 Y20.23771
G01 X-23.45573 Y20.31574
G01 X-23.45573 Y20.46575
G01 X-23.42856 Y20.49387
G01 X-23.45573 Y20.46575
G01 X-24.75573 Y20.46575
G01 X-24.78291 Y20.49387
G01 X-24.75573 Y20.46575
G01 X-24.75573 Y20.31574
G01 X-24.76340 Y20.23771
G01 X-24.78616 Y20.16268
G01 X-24.82314 Y20.09351
G01 X-24.87288 Y20.03291
G01 X-24.93351 Y19.98315
G01 X-25.00265 Y19.94619
G01 X-25.07768 Y19.92343
G01 X-25.15573 Y19.91574
G01 X-25.62543 Y19.91574
G01 X-25.70549 Y19.92763
G01 X-25.70793 Y19.92793
G01 X-25.79292 Y19.93631
G01 X-25.79538 Y19.93649
G01 X-25.96198 Y19.94469
G01 X-25.96444 Y19.94475
G01 X-26.04697 Y19.94475
G01 X-26.04697 Y19.94505
G01 X-26.04697 Y19.94475
G01 X-26.04943 Y19.94469
G01 X-26.21605 Y19.93649
G01 X-26.21852 Y19.93631
G01 X-26.30351 Y19.92793
G01 X-26.30594 Y19.92763
G01 X-26.38601 Y19.91574
G01 X-26.85573 Y19.91574
G01 X-26.93376 Y19.92343
G01 X-27.00879 Y19.94619
G01 X-27.07795 Y19.98315
G01 X-27.13856 Y20.03291
G01 X-27.18832 Y20.09351
G01 X-27.22527 Y20.16268
G01 X-27.24803 Y20.23771
G01 X-27.25573 Y20.31574
G01 X-27.25573 Y22.01576
G01 X-27.24803 Y22.09379
G01 X-27.22527 Y22.16882
G01 X-27.18832 Y22.23798
G01 X-27.13856 Y22.29859
G01 X-27.07795 Y22.34835
G01 X-27.00879 Y22.38530
G01 X-26.93376 Y22.40806
G01 X-26.85573 Y22.41576
G01 X-25.15573 Y22.41576
G01 X-25.07768 Y22.40806
G01 X-25.00265 Y22.38530
G01 X-24.93351 Y22.34835
G01 X-24.87288 Y22.29859
G01 X-24.82314 Y22.23798
G01 X-24.78616 Y22.16882
G01 X-24.76340 Y22.09379
G01 X-24.75573 Y22.01576
G01 X-24.75573 Y21.86575
G01 X-24.78291 Y21.83766
G01 X-24.75573 Y21.86575
G01 X-23.45573 Y21.86575
G01 X-23.42856 Y21.83766
G01 X-23.45573 Y21.86575
G01 X-23.45573 Y22.01576
G01 X-23.44804 Y22.09379
G01 X-23.42528 Y22.16882
G01 X-23.38832 Y22.23798
G01 X-23.33856 Y22.29859
G01 X-23.27796 Y22.34835
G01 X-23.20880 Y22.38530
G01 X-23.13376 Y22.40806
G01 X-23.05574 Y22.41576
G01 X-21.35571 Y22.41576
G01 X-21.27768 Y22.40806
G01 X-21.20265 Y22.38530
G01 X-21.13349 Y22.34835
G01 X-21.07288 Y22.29859
G01 X-21.02313 Y22.23798
G01 X-20.98617 Y22.16882
G01 X-20.96341 Y22.09379
G01 X-20.95571 Y22.01576
G04 P0 ( dwell for no time -- G64 should not smooth over this point )
G00 Z5.00000 ( retract )

G00 X-21.93293 Y15.72827 ( rapid move to begin. )
G01 F150.00000
( Mill infeed pass 1/1 )
G01 Z-0.06000
G04 P0 ( dwell for no time -- G64 should not smooth over this point )
G01 F300.00000
G01 X-21.93293 Y15.72827
G01 X-22.30077 Y15.72827
G01 X-22.32838 Y15.70559
G01 X-22.33628 Y15.69975
G01 X-22.34469 Y15.69472
G01 X-22.38792 Y15.67158
G01 X-22.40603 Y15.66408
G01 X-22.45292 Y15.64986
G01 X-22.46244 Y15.64747
G01 X-22.47215 Y15.64602
G01 X-22.52091 Y15.64122
G01 X-22.53072 Y15.64074
G01 X-22.65571 Y15.64074
G01 X-22.65571 Y15.34077
G01 X-22.48578 Y15.34077
G01 X-22.39909 Y15.34963
G01 X-22.25414 Y15.39766
G01 X-22.12480 Y15.47747
G01 X-22.01736 Y15.58486
G01 X-21.93760 Y15.71425
G01 X-21.93293 Y15.72827
G01 X-21.96638 Y15.69002
G01 X-22.11540 Y15.62824
G01 X-22.26498 Y15.62824
G01 X-22.26552 Y15.63063
G01 X-22.26498 Y15.62824
G01 X-22.28071 Y15.61659
G01 X-22.29755 Y15.60650
G01 X-22.34078 Y15.58339
G01 X-22.37700 Y15.56840
G01 X-22.42389 Y15.55415
G01 X-22.44294 Y15.54945
G01 X-22.46234 Y15.54656
G01 X-22.51111 Y15.54171
G01 X-22.53072 Y15.54074
G01 X-22.55571 Y15.54074
G01 X-22.58149 Y15.56406
G01 X-22.55571 Y15.54074
G01 X-22.55571 Y15.44077
G01 X-22.58690 Y15.40785
G01 X-22.55571 Y15.44077
G01 X-22.49092 Y15.44074
G01 X-22.42015 Y15.44798
G01 X-22.41997 Y15.44712
G01 X-22.42015 Y15.44798
G01 X-22.29668 Y15.48893
G01 X-22.29638 Y15.48829
G01 X-22.29668 Y15.48893
G01 X-22.18726 Y15.55639
G01 X-22.18683 Y15.55585
G01 X-22.18726 Y15.55639
G01 X-22.11540 Y15.62824
G04 P0 ( dwell for no time -- G64 should not smooth over this point )
G00 Z5.00000 ( retract )

G00 X-23.89602 Y15.62824 ( rapid move to begin. )
G01 F150.00000
( Mill infeed pass 1/1 )
G01 Z-0.06000
G04 P0 ( dwell for no time -- G64 should not smooth over this point )
G01 F300.00000
G01 X-23.89602 Y15.62824
G01 X-23.74646 Y15.62824
G01 X-23.74593 Y15.63063
G01 X-23.74646 Y15.62824
G01 X-23.73074 Y15.61659
G01 X-23.71390 Y15.60650
G01 X-23.67067 Y15.58339
G01 X-23.63445 Y15.56840
G01 X-23.58756 Y15.55415
G01 X-23.56851 Y15.54945
G01 X-23.54911 Y15.54656
G01 X-23.50034 Y15.54171
G01 X-23.48073 Y15.54074
G01 X-23.45571 Y15.54074
G01 X-23.42993 Y15.56406
G01 X-23.45571 Y15.54074
G01 X-23.45571 Y15.44077
G01 X-23.42452 Y15.40785
G01 X-23.35571 Y15.34077
G01 X-23.52561 Y15.34077
G01 X-23.61235 Y15.34963
G01 X-23.75728 Y15.39766
G01 X-23.88662 Y15.47747
G01 X-23.99406 Y15.58486
G01 X-24.07382 Y15.71425
G01 X-24.07849 Y15.72827
G01 X-23.71067 Y15.72827
G01 X-23.68306 Y15.70559
G01 X-23.67517 Y15.69975
G01 X-23.66676 Y15.69472
G01 X-23.62353 Y15.67158
G01 X-23.60542 Y15.66408
G01 X-23.55853 Y15.64986
G01 X-23.54900 Y15.64747
G01 X-23.53930 Y15.64602
G01 X-23.49053 Y15.64122
G01 X-23.48073 Y15.64074
G01 X-23.35571 Y15.64074
G01 X-23.35571 Y15.34077
G01 X-23.42452 Y15.40785
G01 X-23.45571 Y15.44077
G01 X-23.52050 Y15.44077
G01 X-23.59129 Y15.44798
G01 X-23.59147 Y15.44712
G01 X-23.59129 Y15.44798
G01 X-23.71474 Y15.48893
G01 X-23.71502 Y15.48829
G01 X-23.71474 Y15.48893
G01 X-23.82416 Y15.55639
G01 X-23.82459 Y15.55585
G01 X-23.82416 Y15.55639
G01 X-23.89602 Y15.62824
G01 X-24.04504 Y15.69002
G04 P0 ( dwell for no time -- G64 should not smooth over this point )
G00 Z5.00000 ( retract )

G00 X-24.80740 Y15.72827 ( rapid move to begin. )
G01 F150.00000
( Mill infeed pass 1/1 )
G01 Z-0.06000
G04 P0 ( dwell for no time -- G64 should not smooth over this point )
G01 F300.00000
G01 X-24.80740 Y15.72827
G01 X-25.12604 Y15.72827
G01 X-25.13224 Y15.71333
G01 X-25.21077 Y15.56640
G01 X-25.22167 Y15.55009
G01 X-25.32738 Y15.42131
G01 X-25.33396 Y15.41405
G01 X-25.34125 Y15.40742
G01 X-25.47006 Y15.30170
G01 X-25.48634 Y15.29081
G01 X-25.63330 Y15.21229
G01 X-25.65141 Y15.20475
G01 X-25.65570 Y15.20345
G01 X-25.65573 Y14.88547
G01 X-25.57656 Y14.90666
G01 X-25.37834 Y14.99909
G01 X-25.19914 Y15.12456
G01 X-25.04450 Y15.27920
G01 X-24.91903 Y15.45842
G01 X-24.82660 Y15.65662
G01 X-24.80740 Y15.72827
G01 X-24.87755 Y15.67452
G01 X-24.95017 Y15.62824
G01 X-25.06432 Y15.62827
G01 X-25.07227 Y15.64193
G01 X-25.06432 Y15.62827
G01 X-25.12258 Y15.51928
G01 X-25.14438 Y15.48666
G01 X-25.25009 Y15.35786
G01 X-25.26325 Y15.34328
G01 X-25.27780 Y15.33012
G01 X-25.40661 Y15.22441
G01 X-25.43922 Y15.20262
G01 X-25.55573 Y15.14034
G01 X-25.56937 Y15.14831
G01 X-25.55573 Y15.14034
G01 X-25.55573 Y15.02672
G01 X-25.60198 Y14.95410
G01 X-25.55573 Y15.02672
G01 X-25.42850 Y15.08608
G01 X-25.42832 Y15.08570
G01 X-25.42850 Y15.08608
G01 X-25.26371 Y15.20147
G01 X-25.26345 Y15.20117
G01 X-25.26371 Y15.20147
G01 X-25.12139 Y15.34371
G01 X-25.12111 Y15.34351
G01 X-25.12139 Y15.34371
G01 X-25.00597 Y15.50856
G01 X-25.00564 Y15.50838
G01 X-25.00597 Y15.50856
G01 X-24.95017 Y15.62824
G04 P0 ( dwell for no time -- G64 should not smooth over this point )
G00 Z5.00000 ( retract )

G00 X-26.35570 Y14.88547 ( rapid move to begin. )
G01 F150.00000
( Mill infeed pass 1/1 )
G01 Z-0.06000
G04 P0 ( dwell for no time -- G64 should not smooth over this point )
G01 F300.00000
G01 X-26.35570 Y14.88547
G01 X-26.43488 Y14.90666
G01 X-26.63312 Y14.99909
G01 X-26.81227 Y15.12456
G01 X-26.96693 Y15.27920
G01 X-27.09238 Y15.45837
G01 X-27.10516 Y15.48580
G01 X-26.73701 Y15.48578
G01 X-26.68407 Y15.42131
G01 X-26.67747 Y15.41405
G01 X-26.67021 Y15.40742
G01 X-26.54140 Y15.30170
G01 X-26.52510 Y15.29081
G01 X-26.37813 Y15.21229
G01 X-26.36927 Y15.20810
G01 X-26.36002 Y15.20475
G01 X-26.35573 Y15.20345
G01 X-26.35570 Y14.88547
G01 X-26.40945 Y14.95410
G01 X-26.45573 Y15.02672
G01 X-26.45573 Y15.14034
G01 X-26.44206 Y15.14831
G01 X-26.45573 Y15.14034
G01 X-26.57224 Y15.20262
G01 X-26.60483 Y15.22441
G01 X-26.73366 Y15.33012
G01 X-26.74818 Y15.34328
G01 X-26.76137 Y15.35786
G01 X-26.78430 Y15.38580
G01 X-26.78176 Y15.39243
G01 X-26.78430 Y15.38580
G01 X-26.91948 Y15.38580
G01 X-27.02286 Y15.43960
G01 X-26.91948 Y15.38580
G01 X-26.89004 Y15.34371
G01 X-26.89032 Y15.34351
G01 X-26.89004 Y15.34371
G01 X-26.74773 Y15.20147
G01 X-26.74798 Y15.20117
G01 X-26.74773 Y15.20147
G01 X-26.58291 Y15.08608
G01 X-26.58311 Y15.08567
G01 X-26.58291 Y15.08608
G01 X-26.45573 Y15.02672
G04 P0 ( dwell for no time -- G64 should not smooth over this point )
G00 Z5.00000 ( retract )

G00 X-32.50626 Y15.48580 ( rapid move to begin. )
G01 F150.00000
( Mill infeed pass 1/1 )
G01 Z-0.06000
G04 P0 ( dwell for no time -- G64 should not smooth over this point )
G01 F300.00000
G01 X-32.50626 Y15.48580
G01 X-32.87444 Y15.48578
G01 X-32.92737 Y15.42131
G01 X-32.93397 Y15.41405
G01 X-32.94124 Y15.40742
G01 X-33.07004 Y15.30170
G01 X-33.08635 Y15.29081
G01 X-33.23331 Y15.21229
G01 X-33.24218 Y15.20810
G01 X-33.25142 Y15.20475
G01 X-33.25572 Y15.20345
G01 X-33.25572 Y14.88547
G01 X-33.17657 Y14.90666
G01 X-32.97832 Y14.99909
G01 X-32.79915 Y15.12456
G01 X-32.64451 Y15.27920
G01 X-32.51904 Y15.45842
G01 X-32.50626 Y15.48580
G01 X-32.55381 Y15.44590
G01 X-32.69196 Y15.38580
G01 X-32.72140 Y15.34374
G01 X-32.86367 Y15.20147
G01 X-32.86331 Y15.20104
G01 X-32.86367 Y15.20147
G01 X-33.02849 Y15.08608
G01 X-33.02831 Y15.08570
G01 X-33.02849 Y15.08608
G01 X-33.15572 Y15.02672
G01 X-33.20197 Y14.95408
G01 X-33.15572 Y15.02672
G01 X-33.15572 Y15.14034
G01 X-33.16936 Y15.14839
G01 X-33.15572 Y15.14034
G01 X-33.03921 Y15.20262
G01 X-33.00662 Y15.22441
G01 X-32.87781 Y15.33012
G01 X-32.86326 Y15.34328
G01 X-32.85008 Y15.35786
G01 X-32.82714 Y15.38580
G01 X-32.82968 Y15.39243
G01 X-32.82714 Y15.38580
G01 X-32.69196 Y15.38580
G04 P0 ( dwell for no time -- G64 should not smooth over this point )
G00 Z5.00000 ( retract )

G00 X-33.95569 Y14.88547 ( rapid move to begin. )
G01 F150.00000
( Mill infeed pass 1/1 )
G01 Z-0.06000
G04 P0 ( dwell for no time -- G64 should not smooth over this point )
G01 F300.00000
G01 X-33.95569 Y14.88547
G01 X-34.03486 Y14.90666
G01 X-34.23308 Y14.99909
G01 X-34.41228 Y15.12456
G01 X-34.56691 Y15.27920
G01 X-34.69239 Y15.45837
G01 X-34.70517 Y15.48580
G01 X-34.33702 Y15.48578
G01 X-34.28406 Y15.42131
G01 X-34.27748 Y15.41405
G01 X-34.27019 Y15.40742
G01 X-34.14139 Y15.30170
G01 X-34.12511 Y15.29081
G01 X-33.97814 Y15.21229
G01 X-33.96928 Y15.20810
G01 X-33.96003 Y15.20475
G01 X-33.95569 Y15.20343
G01 X-33.95569 Y14.88547
G01 X-34.00943 Y14.95408
G01 X-34.05569 Y15.02672
G01 X-34.18289 Y15.08608
G01 X-34.18309 Y15.08567
G01 X-34.18289 Y15.08608
G01 X-34.34771 Y15.20142
G01 X-34.34807 Y15.20102
G01 X-34.34771 Y15.20142
G01 X-34.49003 Y15.34371
G01 X-34.51947 Y15.38580
G01 X-34.65764 Y15.44590
G01 X-34.51947 Y15.38580
G01 X-34.38431 Y15.38580
G01 X-34.38177 Y15.39243
G01 X-34.38431 Y15.38580
G01 X-34.36138 Y15.35786
G01 X-34.34819 Y15.34328
G01 X-34.33364 Y15.33012
G01 X-34.20484 Y15.22441
G01 X-34.17225 Y15.20262
G01 X-34.05571 Y15.14034
G01 X-34.04205 Y15.14831
G01 X-34.05571 Y15.14034
G01 X-34.05569 Y15.02672
G04 P0 ( dwell for no time -- G64 should not smooth over this point )
G00 Z5.00000 ( retract )

G00 X-40.10627 Y15.48580 ( rapid move to begin. )
G01 F150.00000
( Mill infeed pass 1/1 )
G01 Z-0.06000
G04 P0 ( dwell for no time -- G64 should not smooth over this point )
G01 F300.00000
G01 X-40.10627 Y15.48580
G01 X-40.47442 Y15.48578
G01 X-40.52738 Y15.42131
G01 X-40.53398 Y15.41405
G01 X-40.54125 Y15.40742
G01 X-40.67005 Y15.30170
G01 X-40.68636 Y15.29081
G01 X-40.83330 Y15.21229
G01 X-40.85141 Y15.20475
G01 X-40.85570 Y15.20345
G01 X-40.85570 Y14.88547
G01 X-40.77655 Y14.90666
G01 X-40.57831 Y14.99909
G01 X-40.39916 Y15.12456
G01 X-40.24450 Y15.27920
G01 X-40.11905 Y15.45837
G01 X-40.10627 Y15.48580
G01 X-40.15380 Y15.44590
G01 X-40.29195 Y15.38580
G01 X-40.32139 Y15.34371
G01 X-40.46370 Y15.20147
G01 X-40.46332 Y15.20104
G01 X-40.46370 Y15.20147
G01 X-40.62852 Y15.08608
G01 X-40.62832 Y15.08567
G01 X-40.62852 Y15.08608
G01 X-40.75570 Y15.02672
G01 X-40.80198 Y14.95410
G01 X-40.75570 Y15.02672
G01 X-40.75570 Y15.14034
G01 X-40.76937 Y15.14831
G01 X-40.75570 Y15.14034
G01 X-40.63922 Y15.20262
G01 X-40.60660 Y15.22441
G01 X-40.47780 Y15.33012
G01 X-40.46327 Y15.34328
G01 X-40.45009 Y15.35786
G01 X-40.42713 Y15.38580
G01 X-40.42967 Y15.39243
G01 X-40.42713 Y15.38580
G01 X-40.29195 Y15.38580
G04 P0 ( dwell for no time -- G64 should not smooth over this point )
G00 Z5.00000 ( retract )

G00 X-41.55572 Y14.88547 ( rapid move to begin. )
G01 F150.00000
( Mill infeed pass 1/1 )
G01 Z-0.06000
G04 P0 ( dwell for no time -- G64 should not smooth over this point )
G01 F300.00000
G01 X-41.55572 Y14.88547
G01 X-41.63487 Y14.90666
G01 X-41.83312 Y14.99909
G01 X-42.01226 Y15.12456
G01 X-42.16695 Y15.27927
G01 X-42.29237 Y15.45837
G01 X-42.30515 Y15.48580
G01 X-41.93700 Y15.48578
G01 X-41.88407 Y15.42131
G01 X-41.87747 Y15.41405
G01 X-41.87020 Y15.40742
G01 X-41.74140 Y15.30170
G01 X-41.72509 Y15.29081
G01 X-41.57815 Y15.21229
G01 X-41.56004 Y15.20475
G01 X-41.55572 Y15.20345
G01 X-41.55572 Y14.88547
G01 X-41.60944 Y14.95410
G01 X-41.65572 Y15.02672
G01 X-41.65572 Y15.14034
G01 X-41.64206 Y15.14831
G01 X-41.65572 Y15.14034
G01 X-41.77223 Y15.20262
G01 X-41.80485 Y15.22441
G01 X-41.93365 Y15.33012
G01 X-41.94818 Y15.34328
G01 X-41.96136 Y15.35786
G01 X-41.98432 Y15.38580
G01 X-41.98178 Y15.39243
G01 X-41.98432 Y15.38580
G01 X-42.11948 Y15.38580
G01 X-42.22285 Y15.43960
G01 X-42.11948 Y15.38580
G01 X-42.09004 Y15.34371
G01 X-42.09032 Y15.34351
G01 X-42.09004 Y15.34371
G01 X-41.94772 Y15.20147
G01 X-41.94798 Y15.20117
G01 X-41.94772 Y15.20147
G01 X-41.78290 Y15.08608
G01 X-41.78310 Y15.08567
G01 X-41.78290 Y15.08608
G01 X-41.65572 Y15.02672
G04 P0 ( dwell for no time -- G64 should not smooth over this point )
G00 Z5.00000 ( retract )

G00 X-47.64626 Y15.48580 ( rapid move to begin. )
G01 F150.00000
( Mill infeed pass 1/1 )
G01 Z-0.06000
G04 P0 ( dwell for no time -- G64 should not smooth over this point )
G01 F300.00000
G01 X-47.64626 Y15.48580
G01 X-48.01444 Y15.48578
G01 X-48.06737 Y15.42131
G01 X-48.07397 Y15.41405
G01 X-48.08124 Y15.40742
G01 X-48.21004 Y15.30170
G01 X-48.22635 Y15.29081
G01 X-48.37331 Y15.21229
G01 X-48.39142 Y15.20475
G01 X-48.39572 Y15.20345
G01 X-48.39572 Y14.88547
G01 X-48.31657 Y14.90666
G01 X-48.11832 Y14.99909
G01 X-47.93912 Y15.12459
G01 X-47.78452 Y15.27920
G01 X-47.65904 Y15.45842
G01 X-47.64626 Y15.48580
G01 X-47.69381 Y15.44590
G01 X-47.83196 Y15.38580
G01 X-47.86140 Y15.34374
G01 X-48.00367 Y15.20147
G01 X-48.00331 Y15.20104
G01 X-48.00367 Y15.20147
G01 X-48.16849 Y15.08608
G01 X-48.16831 Y15.08570
G01 X-48.16849 Y15.08608
G01 X-48.29572 Y15.02672
G01 X-48.34197 Y14.95408
G01 X-48.29572 Y15.02672
G01 X-48.29572 Y15.14034
G01 X-48.30936 Y15.14839
G01 X-48.29572 Y15.14034
G01 X-48.17921 Y15.20262
G01 X-48.14662 Y15.22441
G01 X-48.01781 Y15.33012
G01 X-48.00326 Y15.34328
G01 X-47.99008 Y15.35786
G01 X-47.96714 Y15.38580
G01 X-47.96968 Y15.39243
G01 X-47.96714 Y15.38580
G01 X-47.83196 Y15.38580
G04 P0 ( dwell for no time -- G64 should not smooth over this point )
G00 Z5.00000 ( retract )

G00 X-49.09569 Y14.88547 ( rapid move to begin. )
G01 F150.00000
( Mill infeed pass 1/1 )
G01 Z-0.06000
G04 P0 ( dwell for no time -- G64 should not smooth over this point )
G01 F300.00000
G01 X-49.09569 Y14.88547
G01 X-49.17486 Y14.90666
G01 X-49.37311 Y14.99909
G01 X-49.55225 Y15.12456
G01 X-49.70691 Y15.27920
G01 X-49.83239 Y15.45837
G01 X-49.84517 Y15.48578
G01 X-49.47702 Y15.48578
G01 X-49.42406 Y15.42131
G01 X-49.41748 Y15.41405
G01 X-49.41019 Y15.40742
G01 X-49.28139 Y15.30170
G01 X-49.26511 Y15.29081
G01 X-49.11814 Y15.21229
G01 X-49.10928 Y15.20810
G01 X-49.10003 Y15.20475
G01 X-49.09571 Y15.20345
G01 X-49.09569 Y14.88547
G01 X-49.14943 Y14.95410
G01 X-49.19569 Y15.02672
G01 X-49.19569 Y15.14034
G01 X-49.18205 Y15.14831
G01 X-49.19569 Y15.14034
G01 X-49.31225 Y15.20262
G01 X-49.34484 Y15.22441
G01 X-49.47364 Y15.33012
G01 X-49.48819 Y15.34328
G01 X-49.50138 Y15.35786
G01 X-49.52431 Y15.38580
G01 X-49.52177 Y15.39243
G01 X-49.52431 Y15.38580
G01 X-49.65947 Y15.38580
G01 X-49.76287 Y15.43962
G01 X-49.65947 Y15.38580
G01 X-49.63003 Y15.34371
G01 X-49.63031 Y15.34351
G01 X-49.63003 Y15.34371
G01 X-49.48771 Y15.20147
G01 X-49.48797 Y15.20117
G01 X-49.48771 Y15.20147
G01 X-49.32289 Y15.08608
G01 X-49.32309 Y15.08567
G01 X-49.32289 Y15.08608
G01 X-49.19569 Y15.02672
G04 P0 ( dwell for no time -- G64 should not smooth over this point )
G00 Z5.00000 ( retract )

G00 X-51.40569 Y19.16479 ( rapid move to begin. )
G01 F150.00000
( Mill infeed pass 1/1 )
G01 Z-0.06000
G04 P0 ( dwell for no time -- G64 should not smooth over this point )
G01 F300.00000
G01 X-51.40569 Y19.16479
G01 X-51.40529 Y19.14508
G01 X-51.40526 Y19.14409
G01 X-51.40302 Y19.08755
G01 X-51.40259 Y19.08267
G01 X-51.39960 Y19.06093
G01 X-51.39929 Y19.05900
G01 X-51.39238 Y19.02029
G01 X-51.39200 Y19.01836
G01 X-51.37407 Y18.93675
G01 X-51.37486 Y18.93654
G01 X-51.37407 Y18.93675
G01 X-51.37206 Y18.92994
G01 X-51.35995 Y18.89763
G01 X-51.35934 Y18.89603
G01 X-51.32931 Y18.82356
G01 X-51.32863 Y18.82199
G01 X-51.31430 Y18.79054
G01 X-51.31092 Y18.78430
G01 X-51.31156 Y18.78394
G01 X-51.31092 Y18.78430
G01 X-51.26597 Y18.71404
G01 X-51.26485 Y18.71239
G01 X-51.24234 Y18.68008
G01 X-51.24118 Y18.67850
G01 X-51.22637 Y18.65895
G01 X-51.22322 Y18.65516
G01 X-51.18657 Y18.61551
G01 X-51.18679 Y18.61533
G01 X-51.18657 Y18.61551
G01 X-51.18591 Y18.61480
G01 X-51.17224 Y18.60060
G01 X-51.17155 Y18.59992
G01 X-50.63155 Y18.05991
G01 X-50.63069 Y18.05905
G01 X-50.61286 Y18.04208
G01 X-50.61197 Y18.04127
G01 X-50.57562 Y18.00833
G01 X-50.57181 Y18.00518
G01 X-50.53241 Y17.97597
G01 X-50.53041 Y17.97454
G01 X-50.48951 Y17.94721
G01 X-50.48743 Y17.94592
G01 X-50.44537 Y17.92070
G01 X-50.44572 Y17.92006
G01 X-50.44537 Y17.92070
G01 X-50.44102 Y17.91844
G01 X-50.39668 Y17.89745
G01 X-50.39444 Y17.89641
G01 X-50.34898 Y17.87759
G01 X-50.34669 Y17.87670
G01 X-50.30051 Y17.86017
G01 X-50.30064 Y17.85971
G01 X-50.30051 Y17.86017
G01 X-50.29581 Y17.85875
G01 X-50.24819 Y17.84681
G01 X-50.24699 Y17.84653
G01 X-50.22304 Y17.84117
G01 X-50.22063 Y17.84069
G01 X-50.19642 Y17.83647
G01 X-50.19520 Y17.83629
G01 X-50.14656 Y17.82905
G01 X-50.14661 Y17.82862
G01 X-50.14656 Y17.82905
G01 X-50.14169 Y17.82860
G01 X-50.09279 Y17.82618
G01 X-50.09157 Y17.82613
G01 X-50.06693 Y17.82552
G01 X-49.70707 Y17.82552
G01 X-49.68146 Y17.82484
G01 X-49.65843 Y17.82359
G01 X-49.57628 Y17.81130
G01 X-49.54085 Y17.78481
G01 X-49.53965 Y17.78389
G01 X-49.49922 Y17.75537
G01 X-49.49198 Y17.74970
G01 X-49.49127 Y17.74914
G01 X-49.40722 Y17.68539
G01 X-49.40577 Y17.68430
G01 X-49.37590 Y17.66332
G01 X-49.37384 Y17.66197
G01 X-49.36307 Y17.65514
G01 X-49.36254 Y17.65481
G01 X-49.31172 Y17.62359
G01 X-49.29071 Y17.60993
G01 X-49.27087 Y17.59631
G01 X-49.22932 Y17.56441
G01 X-49.18665 Y17.52809
G01 X-49.18639 Y17.52786
G01 X-49.13282 Y17.48288
G01 X-49.08781 Y17.43876
G01 X-49.08144 Y17.40411
G01 X-49.08190 Y17.34709
G01 X-49.08908 Y17.27759
G01 X-49.10031 Y17.22169
G01 X-49.12185 Y17.16914
G01 X-49.19787 Y17.09532
G01 X-49.12185 Y17.16914
G01 X-48.99863 Y17.20652
G01 X-48.94095 Y17.21798
G01 X-48.77514 Y17.23431
G01 X-48.74573 Y17.23576
G01 X-48.71631 Y17.23431
G01 X-48.55050 Y17.21798
G01 X-48.49282 Y17.20652
G01 X-48.36353 Y17.16731
G01 X-48.28243 Y17.09065
G01 X-48.36353 Y17.16731
G01 X-48.37885 Y17.19763
G01 X-48.39963 Y17.25075
G01 X-48.40999 Y17.30680
G01 X-48.40953 Y17.36388
G01 X-48.40234 Y17.43332
G01 X-48.40163 Y17.43678
G01 X-48.43369 Y17.40622
G01 X-48.43524 Y17.40442
G01 X-48.49099 Y17.34259
G01 X-48.49229 Y17.34119
G01 X-48.50941 Y17.32362
G01 X-48.50948 Y17.31127
G01 X-48.50600 Y17.30335
G01 X-48.50948 Y17.31127
G01 X-48.52127 Y17.31361
G01 X-48.52482 Y17.31143
G01 X-48.53216 Y17.30830
G01 X-48.53994 Y17.30642
G01 X-48.54789 Y17.30576
G01 X-48.94352 Y17.30576
G01 X-48.95200 Y17.30650
G01 X-48.96026 Y17.30868
G01 X-48.96803 Y17.31224
G01 X-48.97016 Y17.31369
G01 X-48.98515 Y17.31066
G01 X-49.01672 Y17.28537
G01 X-48.98515 Y17.31066
G01 X-48.98357 Y17.32562
G01 X-48.99107 Y17.33421
G01 X-49.05457 Y17.40609
G01 X-49.08781 Y17.43876
G01 X-49.05457 Y17.40609
G01 X-48.99107 Y17.33421
G01 X-48.98357 Y17.32562
G01 X-48.98515 Y17.31066
G01 X-48.97016 Y17.31369
G01 X-48.96803 Y17.31224
G01 X-48.96026 Y17.30868
G01 X-48.95200 Y17.30650
G01 X-48.94352 Y17.30576
G01 X-48.54789 Y17.30576
G01 X-48.53994 Y17.30642
G01 X-48.53216 Y17.30830
G01 X-48.52482 Y17.31143
G01 X-48.52127 Y17.31361
G01 X-48.50948 Y17.31127
G01 X-48.50941 Y17.32362
G01 X-48.49229 Y17.34119
G01 X-48.49099 Y17.34259
G01 X-48.43524 Y17.40442
G01 X-48.43369 Y17.40622
G01 X-48.40163 Y17.43678
G01 X-48.30542 Y17.52855
G01 X-48.29361 Y17.53708
G01 X-48.29226 Y17.53807
G01 X-48.26191 Y17.56162
G01 X-48.26059 Y17.56271
G01 X-48.23623 Y17.58290
G01 X-48.17898 Y17.62405
G01 X-48.12889 Y17.65481
G01 X-48.12683 Y17.65615
G01 X-48.08619 Y17.68394
G01 X-48.08418 Y17.68539
G01 X-48.00031 Y17.74902
G01 X-47.99899 Y17.75011
G01 X-47.98111 Y17.76461
G01 X-47.95266 Y17.78610
G01 X-47.91652 Y17.81127
G01 X-47.85167 Y17.82062
G01 X-47.78337 Y17.82552
G01 X-42.16708 Y17.82552
G01 X-42.14147 Y17.82484
G01 X-42.11846 Y17.82359
G01 X-42.03629 Y17.81130
G01 X-42.00083 Y17.78473
G01 X-41.99967 Y17.78389
G01 X-41.95943 Y17.75560
G01 X-41.95201 Y17.74970
G01 X-41.95130 Y17.74917
G01 X-41.86720 Y17.68539
G01 X-41.86576 Y17.68430
G01 X-41.83589 Y17.66332
G01 X-41.83385 Y17.66197
G01 X-41.82308 Y17.65519
G01 X-41.82255 Y17.65481
G01 X-41.77137 Y17.62341
G01 X-41.75047 Y17.60977
G01 X-41.73098 Y17.59636
G01 X-41.68933 Y17.56441
G01 X-41.64663 Y17.52809
G01 X-41.64640 Y17.52788
G01 X-41.59281 Y17.48288
G01 X-41.54782 Y17.43871
G01 X-41.54142 Y17.40411
G01 X-41.54188 Y17.34709
G01 X-41.54907 Y17.27759
G01 X-41.56032 Y17.22169
G01 X-41.58183 Y17.16914
G01 X-41.65788 Y17.09532
G01 X-41.58183 Y17.16914
G01 X-41.45864 Y17.20652
G01 X-41.40096 Y17.21798
G01 X-41.23512 Y17.23431
G01 X-41.20571 Y17.23576
G01 X-41.17632 Y17.23431
G01 X-41.01049 Y17.21798
G01 X-40.95280 Y17.20652
G01 X-40.82354 Y17.16731
G01 X-40.74247 Y17.09067
G01 X-40.82354 Y17.16731
G01 X-40.83886 Y17.19763
G01 X-40.85966 Y17.25075
G01 X-40.87000 Y17.30690
G01 X-40.86952 Y17.36393
G01 X-40.86230 Y17.43345
G01 X-40.86164 Y17.43683
G01 X-40.89350 Y17.40647
G01 X-40.89383 Y17.40604
G01 X-40.89527 Y17.40439
G01 X-40.95085 Y17.34274
G01 X-40.95217 Y17.34135
G01 X-40.96942 Y17.32362
G01 X-40.96952 Y17.31130
G01 X-40.96601 Y17.30337
G01 X-40.96952 Y17.31130
G01 X-40.98128 Y17.31369
G01 X-40.98483 Y17.31143
G01 X-40.99217 Y17.30830
G01 X-40.99995 Y17.30642
G01 X-41.00790 Y17.30576
G01 X-41.40350 Y17.30576
G01 X-41.41199 Y17.30650
G01 X-41.42024 Y17.30868
G01 X-41.42801 Y17.31224
G01 X-41.43017 Y17.31369
G01 X-41.44513 Y17.31066
G01 X-41.47670 Y17.28537
G01 X-41.44513 Y17.31066
G01 X-41.44356 Y17.32562
G01 X-41.45085 Y17.33401
G01 X-41.51445 Y17.40599
G01 X-41.59281 Y17.48288
G01 X-41.51445 Y17.40599
G01 X-41.45085 Y17.33401
G01 X-41.44356 Y17.32562
G01 X-41.44513 Y17.31066
G01 X-41.43017 Y17.31369
G01 X-41.42801 Y17.31224
G01 X-41.42024 Y17.30868
G01 X-41.41199 Y17.30650
G01 X-41.40350 Y17.30576
G01 X-41.00790 Y17.30576
G01 X-40.99995 Y17.30642
G01 X-40.99217 Y17.30830
G01 X-40.98483 Y17.31143
G01 X-40.98128 Y17.31369
G01 X-40.96952 Y17.31130
G01 X-40.96942 Y17.32362
G01 X-40.95217 Y17.34135
G01 X-40.95085 Y17.34274
G01 X-40.89527 Y17.40439
G01 X-40.89383 Y17.40604
G01 X-40.89350 Y17.40647
G01 X-40.86164 Y17.43683
G01 X-40.76543 Y17.52852
G01 X-40.75367 Y17.53705
G01 X-40.75232 Y17.53804
G01 X-40.72187 Y17.56164
G01 X-40.72055 Y17.56271
G01 X-40.69647 Y17.58272
G01 X-40.63883 Y17.62413
G01 X-40.58887 Y17.65481
G01 X-40.58682 Y17.65615
G01 X-40.54623 Y17.68392
G01 X-40.54422 Y17.68539
G01 X-40.46032 Y17.74899
G01 X-40.45898 Y17.75011
G01 X-40.44127 Y17.76446
G01 X-40.41267 Y17.78610
G01 X-40.37650 Y17.81127
G01 X-40.31163 Y17.82062
G01 X-40.24336 Y17.82552
G01 X-34.56704 Y17.82552
G01 X-34.54146 Y17.82484
G01 X-34.51845 Y17.82359
G01 X-34.43628 Y17.81130
G01 X-34.40085 Y17.78481
G01 X-34.39965 Y17.78389
G01 X-34.35922 Y17.75537
G01 X-34.35198 Y17.74970
G01 X-34.35127 Y17.74914
G01 X-34.26722 Y17.68539
G01 X-34.26577 Y17.68430
G01 X-34.23590 Y17.66332
G01 X-34.23384 Y17.66197
G01 X-34.22307 Y17.65514
G01 X-34.22254 Y17.65481
G01 X-34.17172 Y17.62359
G01 X-34.15071 Y17.60993
G01 X-34.13087 Y17.59631
G01 X-34.08932 Y17.56441
G01 X-34.04665 Y17.52809
G01 X-34.04639 Y17.52786
G01 X-33.99295 Y17.48298
G01 X-33.94784 Y17.43871
G01 X-33.94144 Y17.40411
G01 X-33.94190 Y17.34709
G01 X-33.94908 Y17.27759
G01 X-33.96031 Y17.22169
G01 X-33.98185 Y17.16914
G01 X-34.05787 Y17.09532
G01 X-33.98185 Y17.16914
G01 X-33.85863 Y17.20652
G01 X-33.80095 Y17.21798
G01 X-33.63514 Y17.23431
G01 X-33.60573 Y17.23576
G01 X-33.57631 Y17.23431
G01 X-33.41050 Y17.21798
G01 X-33.35282 Y17.20652
G01 X-33.22353 Y17.16731
G01 X-33.14243 Y17.09065
G01 X-33.22353 Y17.16731
G01 X-33.23885 Y17.19763
G01 X-33.25963 Y17.25075
G01 X-33.26999 Y17.30680
G01 X-33.26953 Y17.36388
G01 X-33.26234 Y17.43332
G01 X-33.26163 Y17.43683
G01 X-33.29361 Y17.40632
G01 X-33.29382 Y17.40609
G01 X-33.29524 Y17.40442
G01 X-33.35099 Y17.34259
G01 X-33.35229 Y17.34119
G01 X-33.36938 Y17.32362
G01 X-33.36948 Y17.31127
G01 X-33.36600 Y17.30335
G01 X-33.36948 Y17.31127
G01 X-33.38127 Y17.31361
G01 X-33.38482 Y17.31143
G01 X-33.39216 Y17.30830
G01 X-33.39994 Y17.30642
G01 X-33.40789 Y17.30576
G01 X-33.80352 Y17.30576
G01 X-33.81200 Y17.30650
G01 X-33.82026 Y17.30868
G01 X-33.82803 Y17.31224
G01 X-33.83016 Y17.31369
G01 X-33.84515 Y17.31066
G01 X-33.87667 Y17.28537
G01 X-33.84515 Y17.31066
G01 X-33.84360 Y17.32565
G01 X-33.85107 Y17.33424
G01 X-33.91457 Y17.40609
G01 X-33.94784 Y17.43871
G01 X-33.91457 Y17.40609
G01 X-33.85107 Y17.33424
G01 X-33.84360 Y17.32565
G01 X-33.84515 Y17.31066
G01 X-33.83016 Y17.31369
G01 X-33.82803 Y17.31224
G01 X-33.82026 Y17.30868
G01 X-33.81200 Y17.30650
G01 X-33.80352 Y17.30576
G01 X-33.40789 Y17.30576
G01 X-33.39994 Y17.30642
G01 X-33.39216 Y17.30830
G01 X-33.38482 Y17.31143
G01 X-33.38127 Y17.31361
G01 X-33.36948 Y17.31127
G01 X-33.36938 Y17.32362
G01 X-33.35229 Y17.34119
G01 X-33.35099 Y17.34259
G01 X-33.29524 Y17.40442
G01 X-33.29382 Y17.40609
G01 X-33.29361 Y17.40632
G01 X-33.26163 Y17.43683
G01 X-33.16542 Y17.52855
G01 X-33.15361 Y17.53708
G01 X-33.15226 Y17.53807
G01 X-33.12191 Y17.56162
G01 X-33.12059 Y17.56271
G01 X-33.09623 Y17.58290
G01 X-33.03882 Y17.62413
G01 X-32.98889 Y17.65481
G01 X-32.98683 Y17.65615
G01 X-32.94619 Y17.68394
G01 X-32.94418 Y17.68539
G01 X-32.86031 Y17.74902
G01 X-32.85899 Y17.75011
G01 X-32.84086 Y17.76482
G01 X-32.81241 Y17.78625
G01 X-32.77652 Y17.81127
G01 X-32.71167 Y17.82062
G01 X-32.64337 Y17.82552
G01 X-26.96703 Y17.82552
G01 X-26.94143 Y17.82484
G01 X-26.91844 Y17.82359
G01 X-26.83627 Y17.81127
G01 X-26.80084 Y17.78473
G01 X-26.79964 Y17.78387
G01 X-26.75936 Y17.75549
G01 X-26.75197 Y17.74970
G01 X-26.75126 Y17.74914
G01 X-26.66721 Y17.68539
G01 X-26.66574 Y17.68430
G01 X-26.63584 Y17.66329
G01 X-26.63381 Y17.66192
G01 X-26.62309 Y17.65514
G01 X-26.62256 Y17.65481
G01 X-26.57135 Y17.62341
G01 X-26.55047 Y17.60977
G01 X-26.53117 Y17.59652
G01 X-26.48933 Y17.56441
G01 X-26.44664 Y17.52809
G01 X-26.44641 Y17.52788
G01 X-26.39297 Y17.48298
G01 X-26.34783 Y17.43871
G01 X-26.34143 Y17.40411
G01 X-26.34189 Y17.34709
G01 X-26.34907 Y17.27759
G01 X-26.36033 Y17.22169
G01 X-26.38184 Y17.16914
G01 X-26.45789 Y17.09532
G01 X-26.38184 Y17.16914
G01 X-26.25862 Y17.20652
G01 X-26.20097 Y17.21798
G01 X-26.03513 Y17.23431
G01 X-26.00572 Y17.23576
G01 X-25.97633 Y17.23431
G01 X-25.81049 Y17.21798
G01 X-25.75281 Y17.20652
G01 X-25.59335 Y17.15814
G01 X-25.56564 Y17.14826
G01 X-25.53902 Y17.13566
G01 X-25.53356 Y17.13276
G01 X-25.44209 Y17.04262
G01 X-25.53356 Y17.13276
G01 X-25.53528 Y17.13647
G01 X-25.55395 Y17.19039
G01 X-25.56206 Y17.24688
G01 X-25.55934 Y17.30388
G01 X-25.54938 Y17.37302
G01 X-25.53594 Y17.42844
G01 X-25.51225 Y17.48026
G01 X-25.50973 Y17.48382
G01 X-25.54158 Y17.45707
G01 X-25.64158 Y17.35750
G01 X-25.65487 Y17.34203
G01 X-25.65832 Y17.31813
G01 X-25.66000 Y17.28285
G01 X-25.62771 Y17.23622
G01 X-25.66000 Y17.28285
G01 X-25.72378 Y17.30223
G01 X-25.74173 Y17.30576
G01 X-26.20351 Y17.30576
G01 X-26.21199 Y17.30650
G01 X-26.22025 Y17.30868
G01 X-26.22802 Y17.31224
G01 X-26.23018 Y17.31369
G01 X-26.24514 Y17.31066
G01 X-26.28133 Y17.27833
G01 X-26.24514 Y17.31066
G01 X-26.24356 Y17.32562
G01 X-26.25085 Y17.33401
G01 X-26.31445 Y17.40599
G01 X-26.34783 Y17.43871
G01 X-26.31445 Y17.40599
G01 X-26.25085 Y17.33401
G01 X-26.24356 Y17.32562
G01 X-26.24514 Y17.31066
G01 X-26.23018 Y17.31369
G01 X-26.22802 Y17.31224
G01 X-26.22025 Y17.30868
G01 X-26.21199 Y17.30650
G01 X-26.20351 Y17.30576
G01 X-25.74173 Y17.30576
G01 X-25.72378 Y17.30223
G01 X-25.66000 Y17.28285
G01 X-25.65832 Y17.31813
G01 X-25.65487 Y17.34203
G01 X-25.64158 Y17.35750
G01 X-25.54158 Y17.45707
G01 X-25.50973 Y17.48382
G01 X-25.48839 Y17.50170
G01 X-25.47603 Y17.51181
G01 X-25.45367 Y17.52966
G01 X-25.42667 Y17.54206
G01 X-25.27059 Y17.58887
G01 X-25.20633 Y17.59809
G01 X-25.13777 Y17.60307
G01 X-24.10437 Y17.60307
G01 X-24.08896 Y17.60284
G01 X-24.01139 Y17.59517
G01 X-23.94684 Y17.58354
G01 X-23.80882 Y17.53883
G01 X-23.76635 Y17.50236
G01 X-23.76574 Y17.50188
G01 X-23.74789 Y17.48702
G01 X-23.74722 Y17.48648
G01 X-23.72914 Y17.47200
G01 X-23.71771 Y17.45321
G01 X-23.69777 Y17.39974
G01 X-23.68830 Y17.34348
G01 X-23.68332 Y17.27381
G01 X-23.68469 Y17.21679
G01 X-23.69467 Y17.17089
G01 X-23.73948 Y17.11178
G01 X-23.69467 Y17.17089
G01 X-23.66348 Y17.18379
G01 X-23.61659 Y17.19801
G01 X-23.58802 Y17.20523
G01 X-23.55891 Y17.20950
G01 X-23.51012 Y17.21430
G01 X-23.48073 Y17.21574
G01 X-22.53072 Y17.21574
G01 X-22.50133 Y17.21430
G01 X-22.45254 Y17.20950
G01 X-22.42343 Y17.20523
G01 X-22.39485 Y17.19801
G01 X-22.34796 Y17.18379
G01 X-22.31494 Y17.17013
G01 X-22.26389 Y17.10637
G01 X-22.31494 Y17.17013
G01 X-22.32198 Y17.19039
G01 X-22.33008 Y17.24688
G01 X-22.32737 Y17.30388
G01 X-22.31741 Y17.37302
G01 X-22.30397 Y17.42844
G01 X-22.28436 Y17.47129
G01 X-22.30021 Y17.45829
G01 X-22.33930 Y17.42385
G01 X-22.40600 Y17.36103
G01 X-22.42241 Y17.34536
G01 X-22.42635 Y17.31813
G01 X-22.42688 Y17.30668
G01 X-22.44273 Y17.30901
G01 X-22.49153 Y17.31384
G01 X-22.53072 Y17.31577
G01 X-23.48073 Y17.31577
G01 X-23.51992 Y17.31384
G01 X-23.56871 Y17.30901
G01 X-23.58543 Y17.30657
G01 X-23.61040 Y17.27973
G01 X-23.58543 Y17.30657
G01 X-23.58825 Y17.34627
G01 X-23.60504 Y17.36243
G01 X-23.67153 Y17.42349
G01 X-23.71116 Y17.45755
G01 X-23.72914 Y17.47200
G01 X-23.71116 Y17.45755
G01 X-23.67153 Y17.42349
G01 X-23.60504 Y17.36243
G01 X-23.58825 Y17.34627
G01 X-23.58543 Y17.30657
G01 X-23.56871 Y17.30901
G01 X-23.51992 Y17.31384
G01 X-23.48073 Y17.31577
G01 X-22.53072 Y17.31577
G01 X-22.49153 Y17.31384
G01 X-22.44273 Y17.30901
G01 X-22.42688 Y17.30668
G01 X-22.40430 Y17.28133
G01 X-22.42688 Y17.30668
G01 X-22.42635 Y17.31813
G01 X-22.42241 Y17.34536
G01 X-22.40600 Y17.36103
G01 X-22.33930 Y17.42385
G01 X-22.30021 Y17.45829
G01 X-22.28436 Y17.47129
G01 X-22.24659 Y17.50236
G01 X-22.23935 Y17.50817
G01 X-22.20793 Y17.53335
G01 X-22.20748 Y17.53368
G01 X-22.20054 Y17.53934
G01 X-22.19470 Y17.54206
G01 X-22.03864 Y17.58887
G01 X-21.97413 Y17.59814
G01 X-21.90580 Y17.60307
G01 X-18.96819 Y17.60307
G01 X-18.96697 Y17.60292
G01 X-18.94233 Y17.60365
G01 X-18.94111 Y17.60370
G01 X-18.89212 Y17.60614
G01 X-18.88724 Y17.60662
G01 X-18.83867 Y17.61379
G01 X-18.83748 Y17.61404
G01 X-18.81350 Y17.61813
G01 X-18.81167 Y17.61849
G01 X-18.78285 Y17.62461
G01 X-18.76275 Y17.62872
G01 X-18.69489 Y17.63769
G01 X-18.66794 Y17.63944
G01 X-18.66738 Y17.63947
G01 X-18.61477 Y17.60904
G01 X-18.60731 Y17.60406
G01 X-18.60581 Y17.60309
G01 X-18.57454 Y17.58389
G01 X-18.56949 Y17.58117
G01 X-18.49768 Y17.54772
G01 X-18.49072 Y17.54513
G01 X-18.48343 Y17.54353
G01 X-18.48391 Y17.54206
G01 X-18.48343 Y17.54353
G01 X-18.40779 Y17.53302
G01 X-18.39948 Y17.53256
G01 X-18.39948 Y17.53190
G01 X-18.39948 Y17.53256
G01 X-18.38691 Y17.53291
G01 X-18.38501 Y17.53302
G01 X-18.34678 Y17.53561
G01 X-18.34490 Y17.53571
G01 X-18.21762 Y17.54899
G01 X-18.21604 Y17.54917
G01 X-18.16961 Y17.55552
G01 X-18.16811 Y17.55577
G01 X-18.14317 Y17.55996
G01 X-18.12730 Y17.56261
G01 X-18.11800 Y17.56515
G01 X-18.11681 Y17.56233
G01 X-18.11800 Y17.56515
G01 X-18.10936 Y17.56934
G01 X-18.10172 Y17.57515
G01 X-18.09529 Y17.58229
G01 X-18.09362 Y17.58084
G01 X-18.09529 Y17.58229
G01 X-18.09037 Y17.59055
G01 X-18.08879 Y17.59387
G01 X-18.08968 Y17.58473
G01 X-18.08846 Y17.58387
G01 X-18.08968 Y17.58473
G01 X-18.12537 Y17.54907
G01 X-18.14317 Y17.55996
G01 X-18.12537 Y17.54907
G01 X-18.12214 Y17.52204
G01 X-18.12537 Y17.54907
G01 X-18.08968 Y17.58473
G01 X-18.08879 Y17.59387
G01 X-18.03169 Y17.71460
G01 X-18.00456 Y17.76548
G01 X-17.92969 Y17.89037
G01 X-17.92270 Y17.90205
G01 X-17.89735 Y17.94005
G01 X-17.80449 Y18.06522
G01 X-17.77962 Y18.09552
G01 X-17.67609 Y18.20975
G01 X-17.64970 Y18.23614
G01 X-17.53527 Y18.33985
G01 X-17.50517 Y18.36454
G01 X-17.37998 Y18.45740
G01 X-17.34221 Y18.48262
G01 X-17.33032 Y18.48973
G01 X-17.20563 Y18.52755
G01 X-17.18661 Y18.53233
G01 X-17.16718 Y18.53520
G01 X-17.01112 Y18.55056
G01 X-16.98242 Y18.55056
G01 X-16.97973 Y18.54480
G01 X-16.98242 Y18.55056
G01 X-16.85034 Y18.68264
G01 X-16.81836 Y18.68031
G01 X-16.85034 Y18.68264
G01 X-16.86619 Y18.69842
G01 X-16.91196 Y18.75122
G01 X-16.93401 Y18.78219
G01 X-16.94980 Y18.81678
G01 X-16.95877 Y18.85374
G01 X-16.96873 Y18.92290
G01 X-16.97078 Y18.95148
G01 X-16.97007 Y18.96111
G01 X-16.98303 Y19.05128
G01 X-16.98204 Y19.05158
G01 X-16.98303 Y19.05128
G01 X-17.02044 Y19.13316
G01 X-17.01915 Y19.13405
G01 X-17.02044 Y19.13316
G01 X-17.03558 Y19.15194
G01 X-17.51031 Y19.62671
G01 X-17.52463 Y19.64266
G01 X-17.54127 Y19.66331
G01 X-17.56276 Y19.69608
G01 X-17.57741 Y19.73243
G01 X-17.59710 Y19.79946
G01 X-17.60317 Y19.82735
G01 X-17.60523 Y19.85579
G01 X-17.60523 Y21.60357
G01 X-17.60203 Y21.63910
G01 X-17.59420 Y21.68244
G01 X-17.58638 Y21.71233
G01 X-17.57406 Y21.74065
G01 X-17.55752 Y21.76674
G01 X-17.51567 Y21.82267
G01 X-17.49695 Y21.84426
G01 X-17.47538 Y21.86295
G01 X-17.39103 Y21.92610
G01 X-17.39037 Y21.92546
G01 X-17.39103 Y21.92610
G01 X-17.33924 Y21.99526
G01 X-17.33873 Y21.99496
G01 X-17.33924 Y21.99526
G01 X-17.30010 Y22.10024
G01 X-17.28826 Y22.12617
G01 X-17.27134 Y22.15716
G01 X-17.25590 Y22.18119
G01 X-17.23721 Y22.20275
G01 X-17.21562 Y22.22147
G01 X-17.15968 Y22.26333
G01 X-17.12725 Y22.28309
G01 X-17.09166 Y22.29638
G01 X-17.05417 Y22.30268
G01 X-16.98448 Y22.30768
G01 X-16.94643 Y22.30679
G01 X-16.90924 Y22.29869
G01 X-16.87426 Y22.28370
G01 X-16.81295 Y22.25020
G01 X-16.78897 Y22.23478
G01 X-16.76743 Y22.21612
G01 X-16.66830 Y22.11698
G01 X-16.65775 Y22.10646
G01 X-16.61572 Y22.07702
G01 X-16.65775 Y22.10646
G01 X-16.66830 Y22.11698
G01 X-16.81567 Y22.34670
G01 X-16.89857 Y22.39864
G01 X-17.01943 Y22.47436
G01 X-17.06583 Y22.50237
G01 X-17.07058 Y22.51241
G01 X-17.08379 Y22.54936
G01 X-17.10678 Y22.62516
G01 X-17.11846 Y22.70387
G01 X-17.12664 Y22.78655
G01 X-17.13472 Y22.95068
G01 X-17.13472 Y23.03082
G01 X-17.12664 Y23.19503
G01 X-17.11846 Y23.27766
G01 X-17.10680 Y23.35627
G01 X-17.08379 Y23.43214
G01 X-17.07058 Y23.46910
G01 X-17.06730 Y23.47603
G01 X-17.03139 Y23.49732
G01 X-17.06730 Y23.47603
G01 X-17.07165 Y23.47634
G01 X-17.12552 Y23.49076
G01 X-17.16634 Y23.54956
G01 X-17.20739 Y23.62952
G01 X-17.26245 Y23.73671
G01 X-17.28417 Y23.80196
G01 X-17.29837 Y23.85307
G01 X-17.30284 Y23.87298
G01 X-17.30424 Y23.87796
G01 X-17.33756 Y23.97722
G01 X-17.34068 Y23.98454
G01 X-17.34493 Y23.99127
G01 X-17.34366 Y23.99193
G01 X-17.34493 Y23.99127
G01 X-17.38783 Y24.04857
G01 X-17.39258 Y24.05403
G01 X-17.39189 Y24.05472
G01 X-17.39258 Y24.05403
G01 X-17.39804 Y24.05876
G01 X-17.45844 Y24.10364
G01 X-17.45813 Y24.10412
G01 X-17.45844 Y24.10364
G01 X-17.46611 Y24.10831
G01 X-17.53098 Y24.14037
G01 X-17.53332 Y24.14144
G01 X-17.58592 Y24.16414
G01 X-17.58823 Y24.16506
G01 X-17.60297 Y24.17057
G01 X-17.61554 Y24.17573
G01 X-17.64114 Y24.27293
G01 X-17.65056 Y24.33844
G01 X-17.65544 Y24.40679
G01 X-17.65544 Y26.02515
G01 X-17.65476 Y26.05073
G01 X-17.65351 Y26.07377
G01 X-17.64162 Y26.15426
G01 X-17.60418 Y26.20435
G01 X-17.55910 Y26.25639
G01 X-17.06202 Y26.75344
G01 X-17.06083 Y26.75469
G01 X-17.03733 Y26.77983
G01 X-17.03403 Y26.78377
G01 X-17.02506 Y26.79561
G01 X-17.02204 Y26.80005
G01 X-17.02077 Y26.79919
G01 X-17.02204 Y26.80005
G01 X-17.01953 Y26.80483
G01 X-16.98760 Y26.87392
G01 X-16.98501 Y26.88083
G01 X-16.98402 Y26.88052
G01 X-16.98501 Y26.88083
G01 X-16.98346 Y26.88801
G01 X-16.97297 Y26.96365
G01 X-16.97221 Y26.96365
G01 X-16.97297 Y26.96365
G01 X-16.97251 Y26.97196
G01 X-16.97287 Y26.98456
G01 X-16.97294 Y26.98646
G01 X-16.97548 Y27.02469
G01 X-16.97566 Y27.02657
G01 X-16.98892 Y27.15385
G01 X-16.98912 Y27.15542
G01 X-16.99547 Y27.20186
G01 X-16.99570 Y27.20335
G01 X-16.99987 Y27.22827
G01 X-17.00256 Y27.24420
G01 X-17.00505 Y27.25347
G01 X-17.00038 Y27.25563
G01 X-17.00505 Y27.25347
G01 X-17.00929 Y27.26210
G01 X-17.01508 Y27.26978
G01 X-17.02224 Y27.27618
G01 X-17.03050 Y27.28110
G01 X-17.02969 Y27.28215
G01 X-17.03050 Y27.28110
G01 X-17.15491 Y27.33993
G01 X-17.20545 Y27.36693
G01 X-17.33022 Y27.44173
G01 X-17.34193 Y27.44874
G01 X-17.37995 Y27.47412
G01 X-17.50540 Y27.56716
G01 X-17.53505 Y27.59147
G01 X-17.64990 Y27.69558
G01 X-17.67591 Y27.72157
G01 X-17.77980 Y27.83620
G01 X-17.80449 Y27.86629
G01 X-17.89735 Y27.99149
G01 X-17.92288 Y28.02977
G01 X-17.92971 Y28.04117
G01 X-17.96753 Y28.16584
G01 X-17.97231 Y28.18486
G01 X-17.97518 Y28.20429
G01 X-17.99054 Y28.36035
G01 X-17.99054 Y28.38905
G01 X-17.98478 Y28.39177
G01 X-17.99054 Y28.38905
G01 X-18.12260 Y28.52113
G01 X-18.12026 Y28.55311
G01 X-18.12260 Y28.52113
G01 X-18.13837 Y28.50528
G01 X-18.19118 Y28.45951
G01 X-18.22217 Y28.43746
G01 X-18.25679 Y28.42164
G01 X-18.29374 Y28.41267
G01 X-18.36291 Y28.40274
G01 X-18.39130 Y28.40071
G01 X-18.40096 Y28.40142
G01 X-18.51000 Y28.38575
G01 X-18.54551 Y28.38382
G01 X-18.58950 Y28.38537
G01 X-18.62026 Y28.38885
G01 X-18.65011 Y28.39705
G01 X-18.67835 Y28.40975
G01 X-18.73967 Y28.44326
G01 X-18.76349 Y28.45855
G01 X-18.77291 Y28.46670
G01 X-18.90901 Y28.55763
G01 X-18.90883 Y28.55799
G01 X-18.90901 Y28.55763
G01 X-19.05470 Y28.61801
G01 X-19.05458 Y28.61846
G01 X-19.05470 Y28.61801
G01 X-19.20934 Y28.64874
G01 X-19.20931 Y28.64922
G01 X-19.20934 Y28.64874
G01 X-21.70771 Y28.64874
G01 X-21.71515 Y28.64889
G01 X-21.72399 Y28.64922
G01 X-21.75571 Y28.65296
G01 X-21.78642 Y28.66170
G01 X-21.85188 Y28.68610
G01 X-21.88607 Y28.70272
G01 X-21.91649 Y28.72547
G01 X-21.94207 Y28.75362
G01 X-21.98396 Y28.80955
G01 X-22.00377 Y28.84201
G01 X-22.01705 Y28.87767
G01 X-22.02338 Y28.91516
G01 X-22.02836 Y28.98486
G01 X-22.02744 Y29.02288
G01 X-22.01936 Y29.06002
G01 X-22.00440 Y29.09497
G01 X-21.97093 Y29.15628
G01 X-21.95548 Y29.18029
G01 X-21.93679 Y29.20185
G01 X-21.91540 Y29.22326
G01 X-21.79313 Y29.28072
G01 X-21.91540 Y29.22326
G01 X-22.06498 Y29.22326
G01 X-22.06575 Y29.22624
G01 X-22.06498 Y29.22326
G01 X-22.08071 Y29.21158
G01 X-22.09755 Y29.20150
G01 X-22.14078 Y29.17838
G01 X-22.17700 Y29.16340
G01 X-22.22389 Y29.14917
G01 X-22.26234 Y29.14153
G01 X-22.31111 Y29.13670
G01 X-22.33072 Y29.13576
G01 X-23.28073 Y29.13576
G01 X-23.30034 Y29.13670
G01 X-23.34911 Y29.14153
G01 X-23.38756 Y29.14917
G01 X-23.43445 Y29.16340
G01 X-23.47067 Y29.17838
G01 X-23.51390 Y29.20150
G01 X-23.53074 Y29.21158
G01 X-23.54646 Y29.22326
G01 X-23.54570 Y29.22624
G01 X-23.54646 Y29.22326
G01 X-23.69602 Y29.22326
G01 X-23.82896 Y29.28252
G01 X-23.69602 Y29.22326
G01 X-23.67463 Y29.20185
G01 X-23.66955 Y29.19659
G01 X-23.66353 Y29.19012
G01 X-23.64369 Y29.16502
G01 X-23.62810 Y29.13706
G01 X-23.59907 Y29.07351
G01 X-23.58662 Y29.03756
G01 X-23.58121 Y28.99992
G01 X-23.58304 Y28.96192
G01 X-23.59300 Y28.89276
G01 X-23.60196 Y28.85583
G01 X-23.61774 Y28.82126
G01 X-23.63978 Y28.79030
G01 X-23.68553 Y28.73749
G01 X-23.71304 Y28.71125
G01 X-23.74504 Y28.69068
G01 X-23.78035 Y28.67655
G01 X-23.84738 Y28.65687
G01 X-23.87527 Y28.65080
G01 X-23.90374 Y28.64874
G01 X-24.91418 Y28.64874
G01 X-24.92162 Y28.64889
G01 X-24.93046 Y28.64922
G01 X-24.96218 Y28.65296
G01 X-24.99289 Y28.66170
G01 X-25.05835 Y28.68610
G01 X-25.09254 Y28.70272
G01 X-25.12297 Y28.72547
G01 X-25.14854 Y28.75362
G01 X-25.19043 Y28.80955
G01 X-25.21024 Y28.84201
G01 X-25.22352 Y28.87767
G01 X-25.22985 Y28.91516
G01 X-25.23483 Y28.98486
G01 X-25.23391 Y29.02288
G01 X-25.22584 Y29.06002
G01 X-25.21087 Y29.09497
G01 X-25.17740 Y29.15628
G01 X-25.16195 Y29.18029
G01 X-25.14326 Y29.20185
G01 X-25.12187 Y29.22324
G01 X-24.99960 Y29.28072
G01 X-25.12187 Y29.22324
G01 X-25.26330 Y29.22324
G01 X-25.26528 Y29.22888
G01 X-25.26330 Y29.22324
G01 X-25.27780 Y29.21011
G01 X-25.40661 Y29.10439
G01 X-25.43922 Y29.08262
G01 X-25.58616 Y29.00406
G01 X-25.60391 Y28.99568
G01 X-25.62238 Y28.98905
G01 X-25.78184 Y28.94069
G01 X-25.80087 Y28.93591
G01 X-25.82030 Y28.93304
G01 X-25.98611 Y28.91671
G01 X-26.02533 Y28.91671
G01 X-26.19116 Y28.93304
G01 X-26.21057 Y28.93591
G01 X-26.22962 Y28.94069
G01 X-26.38905 Y28.98905
G01 X-26.40754 Y28.99568
G01 X-26.42527 Y29.00406
G01 X-26.57224 Y29.08262
G01 X-26.60483 Y29.10439
G01 X-26.73366 Y29.21011
G01 X-26.74818 Y29.22329
G01 X-26.76137 Y29.23782
G01 X-26.78430 Y29.26576
G01 X-26.78176 Y29.27239
G01 X-26.78430 Y29.26576
G01 X-26.91948 Y29.26578
G01 X-27.05761 Y29.32588
G01 X-26.91948 Y29.26578
G01 X-26.89002 Y29.22372
G01 X-26.74775 Y29.08143
G01 X-26.74798 Y29.08118
G01 X-26.74775 Y29.08143
G01 X-26.57640 Y28.96149
G01 X-26.56010 Y28.94877
G01 X-26.54079 Y28.93203
G01 X-26.51410 Y28.90391
G01 X-26.49335 Y28.87117
G01 X-26.46182 Y28.80884
G01 X-26.44796 Y28.77343
G01 X-26.44107 Y28.73604
G01 X-26.44135 Y28.69802
G01 X-26.44854 Y28.62850
G01 X-26.45603 Y28.59118
G01 X-26.47046 Y28.55598
G01 X-26.49129 Y28.52413
G01 X-26.53493 Y28.46957
G01 X-26.55428 Y28.44864
G01 X-26.57640 Y28.43068
G01 X-26.75377 Y28.30645
G01 X-26.77397 Y28.29019
G01 X-26.80673 Y28.26871
G01 X-26.84308 Y28.25405
G01 X-26.91011 Y28.23437
G01 X-26.93800 Y28.22830
G01 X-26.96647 Y28.22624
G01 X-28.58473 Y28.22624
G01 X-28.60617 Y28.22741
G01 X-28.63253 Y28.23025
G01 X-28.67089 Y28.23825
G01 X-28.70693 Y28.25354
G01 X-28.76825 Y28.28702
G01 X-28.79974 Y28.30836
G01 X-28.82664 Y28.33525
G01 X-28.84795 Y28.36675
G01 X-28.88143 Y28.42809
G01 X-28.89639 Y28.46304
G01 X-28.90447 Y28.50018
G01 X-28.90536 Y28.53818
G01 X-28.90038 Y28.60785
G01 X-28.89408 Y28.64534
G01 X-28.88079 Y28.68095
G01 X-28.86103 Y28.71341
G01 X-28.81917 Y28.76934
G01 X-28.80048 Y28.79093
G01 X-28.77891 Y28.80962
G01 X-28.71066 Y28.86070
G01 X-28.65898 Y28.92977
G01 X-28.65677 Y28.92847
G01 X-28.65898 Y28.92977
G01 X-28.62756 Y29.01402
G01 X-28.62499 Y29.03792
G01 X-28.62382 Y29.03774
G01 X-28.62499 Y29.03792
G01 X-28.62499 Y29.26576
G01 X-28.59568 Y29.29507
G01 X-28.62499 Y29.26576
G01 X-28.72499 Y29.26576
G01 X-28.75428 Y29.29507
G01 X-28.72499 Y29.26576
G01 X-28.72499 Y29.07500
G01 X-28.72883 Y29.03599
G01 X-28.74020 Y28.99847
G01 X-28.75870 Y28.96390
G01 X-28.78356 Y28.93360
G01 X-28.81386 Y28.90871
G01 X-28.84846 Y28.89024
G01 X-28.88598 Y28.87887
G01 X-28.92499 Y28.87500
G01 X-30.62499 Y28.87500
G01 X-30.66400 Y28.87887
G01 X-30.70152 Y28.89024
G01 X-30.73611 Y28.90871
G01 X-30.76641 Y28.93360
G01 X-30.79128 Y28.96390
G01 X-30.80977 Y28.99847
G01 X-30.82115 Y29.03599
G01 X-30.82499 Y29.07500
G01 X-30.82499 Y29.26576
G01 X-30.79570 Y29.29507
G01 X-30.82499 Y29.26576
G01 X-30.92496 Y29.26576
G01 X-30.95427 Y29.29507
G01 X-30.92496 Y29.26576
G01 X-30.92496 Y29.03789
G01 X-30.92613 Y29.03772
G01 X-30.92496 Y29.03789
G01 X-30.92239 Y29.01399
G01 X-30.89097 Y28.92977
G01 X-30.89227 Y28.92911
G01 X-30.89097 Y28.92977
G01 X-30.83931 Y28.86073
G01 X-30.83967 Y28.86040
G01 X-30.83931 Y28.86073
G01 X-30.77104 Y28.80962
G01 X-30.75465 Y28.79593
G01 X-30.73525 Y28.77787
G01 X-30.71729 Y28.75880
G01 X-30.70197 Y28.73757
G01 X-30.68955 Y28.71450
G01 X-30.66055 Y28.65095
G01 X-30.64813 Y28.61504
G01 X-30.64272 Y28.57744
G01 X-30.64452 Y28.53947
G01 X-30.65445 Y28.47031
G01 X-30.66342 Y28.43335
G01 X-30.67922 Y28.39875
G01 X-30.70126 Y28.36779
G01 X-30.74701 Y28.31499
G01 X-30.77454 Y28.28872
G01 X-30.80652 Y28.26817
G01 X-30.84185 Y28.25403
G01 X-30.90891 Y28.23434
G01 X-30.93677 Y28.22830
G01 X-30.96524 Y28.22624
G01 X-32.64497 Y28.22624
G01 X-32.66643 Y28.22741
G01 X-32.69277 Y28.23025
G01 X-32.73113 Y28.23825
G01 X-32.76717 Y28.25357
G01 X-32.82577 Y28.28557
G01 X-32.82557 Y28.28595
G01 X-32.84749 Y28.29881
G01 X-32.84998 Y28.30061
G01 X-32.85307 Y28.30325
G01 X-33.03501 Y28.43068
G01 X-33.05119 Y28.44331
G01 X-33.07050 Y28.46002
G01 X-33.09727 Y28.48819
G01 X-33.11810 Y28.52098
G01 X-33.14962 Y28.58334
G01 X-33.16346 Y28.61874
G01 X-33.17037 Y28.65613
G01 X-33.17007 Y28.69416
G01 X-33.16288 Y28.76365
G01 X-33.15538 Y28.80094
G01 X-33.14096 Y28.83612
G01 X-33.12016 Y28.86794
G01 X-33.07652 Y28.92253
G01 X-33.05714 Y28.94348
G01 X-33.03501 Y28.96149
G01 X-32.86369 Y29.08143
G01 X-32.86334 Y29.08105
G01 X-32.86369 Y29.08143
G01 X-32.72143 Y29.22372
G01 X-32.69196 Y29.26578
G01 X-32.55384 Y29.32588
G01 X-32.69196 Y29.26578
G01 X-32.82714 Y29.26576
G01 X-32.82968 Y29.27239
G01 X-32.82714 Y29.26576
G01 X-32.85008 Y29.23782
G01 X-32.86326 Y29.22329
G01 X-32.87781 Y29.21011
G01 X-33.00662 Y29.10439
G01 X-33.03921 Y29.08262
G01 X-33.18617 Y29.00406
G01 X-33.20390 Y28.99568
G01 X-33.22239 Y28.98905
G01 X-33.38185 Y28.94069
G01 X-33.40088 Y28.93591
G01 X-33.42028 Y28.93304
G01 X-33.58612 Y28.91671
G01 X-33.62534 Y28.91671
G01 X-33.79115 Y28.93304
G01 X-33.81058 Y28.93591
G01 X-33.82960 Y28.94069
G01 X-33.98906 Y28.98905
G01 X-34.00753 Y28.99568
G01 X-34.02528 Y29.00406
G01 X-34.17225 Y29.08262
G01 X-34.20484 Y29.10439
G01 X-34.33364 Y29.21011
G01 X-34.34819 Y29.22329
G01 X-34.36138 Y29.23782
G01 X-34.38429 Y29.26576
G01 X-34.38175 Y29.27239
G01 X-34.38429 Y29.26576
G01 X-34.51947 Y29.26578
G01 X-34.65762 Y29.32588
G01 X-34.51947 Y29.26578
G01 X-34.49003 Y29.22375
G01 X-34.34771 Y29.08143
G01 X-34.34797 Y29.08115
G01 X-34.34771 Y29.08143
G01 X-34.17639 Y28.96149
G01 X-34.15998 Y28.94866
G01 X-34.14070 Y28.93193
G01 X-34.11408 Y28.90386
G01 X-34.09336 Y28.87117
G01 X-34.06183 Y28.80884
G01 X-34.04797 Y28.77343
G01 X-34.04108 Y28.73604
G01 X-34.04136 Y28.69802
G01 X-34.04855 Y28.62850
G01 X-34.05604 Y28.59121
G01 X-34.07047 Y28.55601
G01 X-34.09127 Y28.52418
G01 X-34.13489 Y28.46962
G01 X-34.15424 Y28.44867
G01 X-34.17639 Y28.43068
G01 X-34.35376 Y28.30648
G01 X-34.37398 Y28.29019
G01 X-34.40674 Y28.26871
G01 X-34.44309 Y28.25405
G01 X-34.51012 Y28.23437
G01 X-34.53801 Y28.22830
G01 X-34.56648 Y28.22624
G01 X-40.24496 Y28.22624
G01 X-40.26639 Y28.22741
G01 X-40.29276 Y28.23025
G01 X-40.33111 Y28.23825
G01 X-40.36718 Y28.25357
G01 X-40.41491 Y28.27963
G01 X-40.41580 Y28.28011
G01 X-40.42578 Y28.28557
G01 X-40.42558 Y28.28593
G01 X-40.44828 Y28.29939
G01 X-40.45075 Y28.30119
G01 X-40.45362 Y28.30363
G01 X-40.63502 Y28.43068
G01 X-40.65120 Y28.44331
G01 X-40.67051 Y28.46002
G01 X-40.69728 Y28.48819
G01 X-40.71811 Y28.52098
G01 X-40.74963 Y28.58334
G01 X-40.76347 Y28.61877
G01 X-40.77038 Y28.65618
G01 X-40.77005 Y28.69421
G01 X-40.76284 Y28.76370
G01 X-40.75534 Y28.80096
G01 X-40.74097 Y28.83612
G01 X-40.72017 Y28.86792
G01 X-40.67655 Y28.92250
G01 X-40.65717 Y28.94348
G01 X-40.63502 Y28.96149
G01 X-40.46370 Y29.08143
G01 X-40.46335 Y29.08105
G01 X-40.46370 Y29.08143
G01 X-40.32141 Y29.22372
G01 X-40.29195 Y29.26578
G01 X-40.15382 Y29.32588
G01 X-40.29195 Y29.26578
G01 X-40.42715 Y29.26576
G01 X-40.42969 Y29.27239
G01 X-40.42715 Y29.26576
G01 X-40.45009 Y29.23782
G01 X-40.46327 Y29.22329
G01 X-40.47780 Y29.21011
G01 X-40.60660 Y29.10439
G01 X-40.63922 Y29.08262
G01 X-40.78615 Y29.00406
G01 X-40.80391 Y28.99568
G01 X-40.82237 Y28.98905
G01 X-40.98184 Y28.94069
G01 X-41.00089 Y28.93591
G01 X-41.02029 Y28.93304
G01 X-41.18613 Y28.91671
G01 X-41.22532 Y28.91671
G01 X-41.39116 Y28.93304
G01 X-41.41056 Y28.93591
G01 X-41.42961 Y28.94069
G01 X-41.58905 Y28.98905
G01 X-41.60754 Y28.99568
G01 X-41.62529 Y29.00406
G01 X-41.77223 Y29.08262
G01 X-41.80485 Y29.10439
G01 X-41.93365 Y29.21011
G01 X-41.94818 Y29.22329
G01 X-41.96136 Y29.23782
G01 X-41.98430 Y29.26576
G01 X-41.98176 Y29.27239
G01 X-41.98430 Y29.26576
G01 X-42.11948 Y29.26578
G01 X-42.25760 Y29.32588
G01 X-42.11948 Y29.26578
G01 X-42.09001 Y29.22372
G01 X-41.94772 Y29.08143
G01 X-41.94798 Y29.08115
G01 X-41.94772 Y29.08143
G01 X-41.77640 Y28.96149
G01 X-41.76009 Y28.94877
G01 X-41.74079 Y28.93203
G01 X-41.71409 Y28.90391
G01 X-41.69334 Y28.87117
G01 X-41.66182 Y28.80884
G01 X-41.64795 Y28.77343
G01 X-41.64107 Y28.73604
G01 X-41.64135 Y28.69802
G01 X-41.64854 Y28.62850
G01 X-41.65603 Y28.59118
G01 X-41.67046 Y28.55598
G01 X-41.69128 Y28.52413
G01 X-41.73492 Y28.46957
G01 X-41.75428 Y28.44864
G01 X-41.77640 Y28.43068
G01 X-41.95374 Y28.30650
G01 X-41.97386 Y28.29027
G01 X-41.99527 Y28.27518
G01 X-42.01849 Y28.26304
G01 X-42.04310 Y28.25403
G01 X-42.11015 Y28.23434
G01 X-42.13802 Y28.22830
G01 X-42.16649 Y28.22624
G01 X-47.84497 Y28.22624
G01 X-47.86640 Y28.22741
G01 X-47.89277 Y28.23025
G01 X-47.93115 Y28.23825
G01 X-47.96722 Y28.25359
G01 X-48.01540 Y28.27991
G01 X-48.01614 Y28.28019
G01 X-48.01875 Y28.28174
G01 X-48.02579 Y28.28560
G01 X-48.02564 Y28.28585
G01 X-48.04829 Y28.29939
G01 X-48.05076 Y28.30119
G01 X-48.05363 Y28.30363
G01 X-48.23503 Y28.43068
G01 X-48.25132 Y28.44338
G01 X-48.27059 Y28.46010
G01 X-48.29732 Y28.48824
G01 X-48.31809 Y28.52098
G01 X-48.34961 Y28.58334
G01 X-48.36346 Y28.61874
G01 X-48.37037 Y28.65613
G01 X-48.37006 Y28.69416
G01 X-48.36287 Y28.76365
G01 X-48.35538 Y28.80091
G01 X-48.34098 Y28.83609
G01 X-48.32018 Y28.86792
G01 X-48.27656 Y28.92250
G01 X-48.25718 Y28.94348
G01 X-48.23501 Y28.96149
G01 X-48.06366 Y29.08143
G01 X-48.06333 Y29.08105
G01 X-48.06366 Y29.08143
G01 X-47.92142 Y29.22372
G01 X-47.89196 Y29.26578
G01 X-47.75383 Y29.32588
G01 X-47.89196 Y29.26578
G01 X-48.02716 Y29.26576
G01 X-48.02970 Y29.27239
G01 X-48.02716 Y29.26576
G01 X-48.05007 Y29.23782
G01 X-48.06325 Y29.22329
G01 X-48.07781 Y29.21011
G01 X-48.20661 Y29.10439
G01 X-48.23920 Y29.08262
G01 X-48.38616 Y29.00406
G01 X-48.40389 Y28.99568
G01 X-48.42239 Y28.98905
G01 X-48.58185 Y28.94069
G01 X-48.60087 Y28.93591
G01 X-48.62030 Y28.93304
G01 X-48.78611 Y28.91671
G01 X-48.82533 Y28.91671
G01 X-48.99114 Y28.93304
G01 X-49.01057 Y28.93591
G01 X-49.02960 Y28.94069
G01 X-49.18906 Y28.98905
G01 X-49.20755 Y28.99568
G01 X-49.22528 Y29.00406
G01 X-49.37224 Y29.08262
G01 X-49.40483 Y29.10439
G01 X-49.53364 Y29.21011
G01 X-49.54819 Y29.22329
G01 X-49.56137 Y29.23782
G01 X-49.58431 Y29.26576
G01 X-49.58174 Y29.27239
G01 X-49.58431 Y29.26576
G01 X-49.71784 Y29.26578
G01 X-49.71880 Y29.26482
G01 X-49.69000 Y29.22372
G01 X-49.54773 Y29.08143
G01 X-49.54811 Y29.08102
G01 X-49.54773 Y29.08143
G01 X-49.37641 Y28.96149
G01 X-49.36010 Y28.94877
G01 X-49.34080 Y28.93203
G01 X-49.31410 Y28.90391
G01 X-49.29335 Y28.87117
G01 X-49.26183 Y28.80884
G01 X-49.24796 Y28.77343
G01 X-49.24108 Y28.73604
G01 X-49.24136 Y28.69802
G01 X-49.24855 Y28.62850
G01 X-49.25604 Y28.59118
G01 X-49.27047 Y28.55598
G01 X-49.29129 Y28.52413
G01 X-49.33493 Y28.46957
G01 X-49.35429 Y28.44864
G01 X-49.37641 Y28.43068
G01 X-49.55378 Y28.30645
G01 X-49.57397 Y28.29019
G01 X-49.60674 Y28.26871
G01 X-49.64308 Y28.25405
G01 X-49.71011 Y28.23437
G01 X-49.73800 Y28.22830
G01 X-49.76648 Y28.22624
G01 X-50.02459 Y28.22624
G01 X-50.02462 Y28.22669
G01 X-50.02459 Y28.22624
G01 X-50.17920 Y28.19550
G01 X-50.17935 Y28.19596
G01 X-50.17920 Y28.19550
G01 X-50.32490 Y28.13518
G01 X-50.32512 Y28.13561
G01 X-50.32490 Y28.13518
G01 X-50.45599 Y28.04755
G01 X-50.45629 Y28.04793
G01 X-50.45599 Y28.04755
G01 X-51.22748 Y27.27605
G01 X-51.22787 Y27.27635
G01 X-51.22748 Y27.27605
G01 X-51.31511 Y27.14493
G01 X-51.31552 Y27.14516
G01 X-51.31511 Y27.14493
G01 X-51.37544 Y26.99927
G01 X-51.37590 Y26.99939
G01 X-51.37544 Y26.99927
G01 X-51.40569 Y26.84714
G01 X-51.40617 Y26.84720
G01 X-51.40569 Y26.84714
G01 X-51.40569 Y26.76574
G01 X-51.40567 Y26.76698
G01 X-51.40508 Y26.79159
G01 X-51.40503 Y26.79281
G01 X-51.40249 Y26.84443
G01 X-51.40201 Y26.84930
G01 X-51.39518 Y26.89528
G01 X-51.39477 Y26.89769
G01 X-51.38517 Y26.94590
G01 X-51.38588 Y26.94605
G01 X-51.38517 Y26.94590
G01 X-51.38463 Y26.94829
G01 X-51.37272 Y26.99586
G01 X-51.37130 Y27.00056
G01 X-51.35476 Y27.04676
G01 X-51.35461 Y27.04717
G01 X-51.35164 Y27.05530
G01 X-51.35111 Y27.05667
G01 X-51.34308 Y27.07663
G01 X-51.34227 Y27.07851
G01 X-51.33450 Y27.09584
G01 X-51.33409 Y27.09670
G01 X-51.31311 Y27.14107
G01 X-51.31372 Y27.14138
G01 X-51.31311 Y27.14107
G01 X-51.31080 Y27.14539
G01 X-51.28557 Y27.18748
G01 X-51.28425 Y27.18956
G01 X-51.25692 Y27.23046
G01 X-51.25550 Y27.23246
G01 X-51.22627 Y27.27188
G01 X-51.22317 Y27.27569
G01 X-51.22355 Y27.27600
G01 X-51.22317 Y27.27569
G01 X-51.19022 Y27.31204
G01 X-51.18938 Y27.31293
G01 X-51.17242 Y27.33076
G01 X-51.17155 Y27.33162
G01 X-50.51156 Y27.99164
G01 X-50.51085 Y27.99233
G01 X-50.49668 Y28.00597
G01 X-50.49597 Y28.00665
G01 X-50.45629 Y28.04331
G01 X-50.45253 Y28.04646
G01 X-50.43297 Y28.06126
G01 X-50.43330 Y28.06167
G01 X-50.43297 Y28.06126
G01 X-50.43137 Y28.06241
G01 X-50.39911 Y28.08491
G01 X-50.39746 Y28.08600
G01 X-50.32713 Y28.13101
G01 X-50.32088 Y28.13442
G01 X-50.32109 Y28.13482
G01 X-50.32088 Y28.13442
G01 X-50.28946 Y28.14872
G01 X-50.28789 Y28.14938
G01 X-50.21392 Y28.18001
G01 X-50.21227 Y28.18067
G01 X-50.18141 Y28.19218
G01 X-50.17468 Y28.19416
G01 X-50.17483 Y28.19464
G01 X-50.17468 Y28.19416
G01 X-50.09312 Y28.21206
G01 X-50.09117 Y28.21247
G01 X-50.05248 Y28.21938
G01 X-50.05055 Y28.21968
G01 X-50.02624 Y28.22304
G01 X-50.02137 Y28.22347
G01 X-50.02139 Y28.22372
G01 X-50.02137 Y28.22347
G01 X-49.96739 Y28.22560
G01 X-49.96643 Y28.22563
G01 X-49.94669 Y28.22601
G01 X-49.94572 Y28.22603
G01 X-49.76833 Y28.22601
G01 X-49.70003 Y28.23091
G01 X-49.63483 Y28.24028
G01 X-49.59848 Y28.26568
G01 X-49.57059 Y28.28669
G01 X-49.55241 Y28.30147
G01 X-49.55108 Y28.30251
G01 X-49.46721 Y28.36617
G01 X-49.46521 Y28.36759
G01 X-49.42462 Y28.39535
G01 X-49.42259 Y28.39670
G01 X-49.37278 Y28.42728
G01 X-49.31502 Y28.46876
G01 X-49.29089 Y28.48882
G01 X-49.28954 Y28.48989
G01 X-49.25916 Y28.51346
G01 X-49.25782 Y28.51445
G01 X-49.24601 Y28.52299
G01 X-49.11776 Y28.64526
G01 X-49.11758 Y28.64549
G01 X-49.11614 Y28.64714
G01 X-49.06041 Y28.70894
G01 X-49.05911 Y28.71034
G01 X-49.04202 Y28.72789
G01 X-49.04194 Y28.74021
G01 X-49.04458 Y28.74519
G01 X-49.04194 Y28.74021
G01 X-49.03018 Y28.73787
G01 X-49.02660 Y28.74013
G01 X-49.01923 Y28.74323
G01 X-49.01149 Y28.74511
G01 X-49.00354 Y28.74577
G01 X-48.60791 Y28.74577
G01 X-48.59942 Y28.74503
G01 X-48.59117 Y28.74287
G01 X-48.58342 Y28.73934
G01 X-48.58126 Y28.73787
G01 X-48.56630 Y28.74084
G01 X-48.53008 Y28.77318
G01 X-48.56630 Y28.74084
G01 X-48.56785 Y28.72588
G01 X-48.56033 Y28.71727
G01 X-48.49673 Y28.64529
G01 X-48.46358 Y28.61280
G01 X-48.49673 Y28.64529
G01 X-48.56033 Y28.71727
G01 X-48.56785 Y28.72588
G01 X-48.56630 Y28.74084
G01 X-48.58126 Y28.73787
G01 X-48.58342 Y28.73934
G01 X-48.59117 Y28.74287
G01 X-48.59942 Y28.74503
G01 X-48.60791 Y28.74577
G01 X-49.00354 Y28.74577
G01 X-49.01149 Y28.74511
G01 X-49.01151 Y28.74549
G01 X-49.01149 Y28.74511
G01 X-49.01923 Y28.74323
G01 X-49.02660 Y28.74013
G01 X-49.03018 Y28.73787
G01 X-49.04194 Y28.74021
G01 X-49.04202 Y28.72789
G01 X-49.05911 Y28.71034
G01 X-49.06041 Y28.70894
G01 X-49.11614 Y28.64714
G01 X-49.11758 Y28.64549
G01 X-49.11776 Y28.64526
G01 X-49.24601 Y28.52299
G01 X-49.14979 Y28.61473
G01 X-49.14908 Y28.61821
G01 X-49.14189 Y28.68773
G01 X-49.14146 Y28.74475
G01 X-49.15180 Y28.80084
G01 X-49.17260 Y28.85397
G01 X-49.18789 Y28.88420
G01 X-49.26897 Y28.96083
G01 X-49.18789 Y28.88420
G01 X-49.05863 Y28.84501
G01 X-49.00095 Y28.83353
G01 X-48.83514 Y28.81719
G01 X-48.80572 Y28.81575
G01 X-48.77631 Y28.81719
G01 X-48.61050 Y28.83353
G01 X-48.55281 Y28.84501
G01 X-48.42960 Y28.88237
G01 X-48.35355 Y28.95621
G01 X-48.42960 Y28.88237
G01 X-48.45111 Y28.82984
G01 X-48.46234 Y28.77394
G01 X-48.46953 Y28.70444
G01 X-48.46998 Y28.64742
G01 X-48.46358 Y28.61280
G01 X-48.41847 Y28.56855
G01 X-48.36506 Y28.52370
G01 X-48.36480 Y28.52347
G01 X-48.32208 Y28.48710
G01 X-48.28030 Y28.45507
G01 X-48.26107 Y28.44183
G01 X-48.24006 Y28.42814
G01 X-48.18886 Y28.39670
G01 X-48.18680 Y28.39535
G01 X-48.14621 Y28.36759
G01 X-48.14420 Y28.36614
G01 X-48.06016 Y28.30239
G01 X-48.05944 Y28.30183
G01 X-48.05208 Y28.29604
G01 X-48.01179 Y28.26767
G01 X-48.01060 Y28.26680
G01 X-47.97519 Y28.24028
G01 X-47.89340 Y28.22796
G01 X-47.87014 Y28.22672
G01 X-47.84436 Y28.22603
G01 X-42.16837 Y28.22603
G01 X-42.09979 Y28.23096
G01 X-42.03484 Y28.24028
G01 X-41.99873 Y28.26548
G01 X-41.97012 Y28.28707
G01 X-41.95242 Y28.30147
G01 X-41.95110 Y28.30251
G01 X-41.86720 Y28.36617
G01 X-41.86520 Y28.36759
G01 X-41.82463 Y28.39535
G01 X-41.82258 Y28.39667
G01 X-41.77259 Y28.42741
G01 X-41.71501 Y28.46876
G01 X-41.69090 Y28.48880
G01 X-41.68958 Y28.48986
G01 X-41.65915 Y28.51346
G01 X-41.65781 Y28.51445
G01 X-41.64594 Y28.52304
G01 X-41.51773 Y28.64526
G01 X-41.51755 Y28.64549
G01 X-41.51610 Y28.64717
G01 X-41.46040 Y28.70894
G01 X-41.45910 Y28.71034
G01 X-41.44201 Y28.72789
G01 X-41.44193 Y28.74021
G01 X-41.44567 Y28.74676
G01 X-41.44193 Y28.74021
G01 X-41.43017 Y28.73787
G01 X-41.42659 Y28.74013
G01 X-41.41922 Y28.74323
G01 X-41.41148 Y28.74511
G01 X-41.40353 Y28.74577
G01 X-41.00792 Y28.74577
G01 X-40.99944 Y28.74503
G01 X-40.99118 Y28.74287
G01 X-40.98344 Y28.73934
G01 X-40.98128 Y28.73787
G01 X-40.96629 Y28.74084
G01 X-40.93017 Y28.77307
G01 X-40.96629 Y28.74084
G01 X-40.96784 Y28.72586
G01 X-40.96035 Y28.71727
G01 X-40.89690 Y28.64544
G01 X-40.86360 Y28.61280
G01 X-40.89690 Y28.64544
G01 X-40.96035 Y28.71727
G01 X-40.96784 Y28.72586
G01 X-40.96629 Y28.74084
G01 X-40.98128 Y28.73787
G01 X-40.98344 Y28.73934
G01 X-40.99118 Y28.74287
G01 X-40.99944 Y28.74503
G01 X-41.00792 Y28.74577
G01 X-41.40353 Y28.74577
G01 X-41.40355 Y28.74605
G01 X-41.40353 Y28.74577
G01 X-41.41148 Y28.74511
G01 X-41.41922 Y28.74323
G01 X-41.42659 Y28.74013
G01 X-41.43017 Y28.73787
G01 X-41.44193 Y28.74021
G01 X-41.44201 Y28.72789
G01 X-41.45910 Y28.71034
G01 X-41.46040 Y28.70894
G01 X-41.51610 Y28.64717
G01 X-41.51755 Y28.64549
G01 X-41.51773 Y28.64526
G01 X-41.64594 Y28.52304
G01 X-41.54978 Y28.61473
G01 X-41.54907 Y28.61821
G01 X-41.54188 Y28.68773
G01 X-41.54145 Y28.74475
G01 X-41.55179 Y28.80084
G01 X-41.57259 Y28.85397
G01 X-41.58788 Y28.88420
G01 X-41.66896 Y28.96083
G01 X-41.58788 Y28.88420
G01 X-41.45864 Y28.84501
G01 X-41.40096 Y28.83353
G01 X-41.23512 Y28.81719
G01 X-41.20571 Y28.81575
G01 X-41.17632 Y28.81719
G01 X-41.01049 Y28.83353
G01 X-40.95280 Y28.84501
G01 X-40.82959 Y28.88237
G01 X-40.75352 Y28.95623
G01 X-40.82959 Y28.88237
G01 X-40.85108 Y28.82989
G01 X-40.86230 Y28.77404
G01 X-40.86952 Y28.70455
G01 X-40.87000 Y28.64750
G01 X-40.86360 Y28.61280
G01 X-40.81864 Y28.56868
G01 X-40.76507 Y28.52367
G01 X-40.76482 Y28.52347
G01 X-40.72207 Y28.48707
G01 X-40.68044 Y28.45514
G01 X-40.66093 Y28.44176
G01 X-40.63972 Y28.42794
G01 X-40.58885 Y28.39667
G01 X-40.58679 Y28.39535
G01 X-40.54623 Y28.36761
G01 X-40.54425 Y28.36617
G01 X-40.46015 Y28.30239
G01 X-40.45943 Y28.30183
G01 X-40.45207 Y28.29601
G01 X-40.41181 Y28.26769
G01 X-40.41062 Y28.26683
G01 X-40.37518 Y28.24028
G01 X-40.29339 Y28.22796
G01 X-40.27010 Y28.22672
G01 X-40.24435 Y28.22603
G01 X-34.56834 Y28.22603
G01 X-34.50004 Y28.23091
G01 X-34.43483 Y28.24028
G01 X-34.39874 Y28.26548
G01 X-34.37034 Y28.28692
G01 X-34.35244 Y28.30147
G01 X-34.35112 Y28.30251
G01 X-34.26722 Y28.36614
G01 X-34.26521 Y28.36759
G01 X-34.22462 Y28.39535
G01 X-34.22257 Y28.39670
G01 X-34.17258 Y28.42741
G01 X-34.11482 Y28.46891
G01 X-34.09089 Y28.48882
G01 X-34.08955 Y28.48989
G01 X-34.05909 Y28.51349
G01 X-34.05775 Y28.51450
G01 X-34.04593 Y28.52304
G01 X-33.91774 Y28.64529
G01 X-33.91754 Y28.64552
G01 X-33.91611 Y28.64717
G01 X-33.86041 Y28.70894
G01 X-33.85912 Y28.71034
G01 X-33.84202 Y28.72789
G01 X-33.84195 Y28.74021
G01 X-33.84568 Y28.74676
G01 X-33.84195 Y28.74021
G01 X-33.83019 Y28.73787
G01 X-33.82661 Y28.74013
G01 X-33.81924 Y28.74323
G01 X-33.81149 Y28.74511
G01 X-33.80354 Y28.74577
G01 X-33.40791 Y28.74577
G01 X-33.39943 Y28.74503
G01 X-33.39117 Y28.74287
G01 X-33.38343 Y28.73934
G01 X-33.38127 Y28.73787
G01 X-33.36631 Y28.74084
G01 X-33.33016 Y28.77307
G01 X-33.36631 Y28.74084
G01 X-33.36786 Y28.72588
G01 X-33.36034 Y28.71727
G01 X-33.29686 Y28.64544
G01 X-33.26359 Y28.61280
G01 X-33.29686 Y28.64544
G01 X-33.36034 Y28.71727
G01 X-33.36786 Y28.72588
G01 X-33.36631 Y28.74084
G01 X-33.38127 Y28.73787
G01 X-33.38343 Y28.73934
G01 X-33.39117 Y28.74287
G01 X-33.39943 Y28.74503
G01 X-33.40791 Y28.74577
G01 X-33.80354 Y28.74577
G01 X-33.80354 Y28.74605
G01 X-33.80354 Y28.74577
G01 X-33.81149 Y28.74511
G01 X-33.81924 Y28.74323
G01 X-33.82661 Y28.74013
G01 X-33.83019 Y28.73787
G01 X-33.84195 Y28.74021
G01 X-33.84202 Y28.72789
G01 X-33.85912 Y28.71034
G01 X-33.86041 Y28.70894
G01 X-33.91611 Y28.64717
G01 X-33.91754 Y28.64552
G01 X-33.91774 Y28.64529
G01 X-34.04593 Y28.52304
G01 X-33.94980 Y28.61473
G01 X-33.94908 Y28.61821
G01 X-33.94190 Y28.68773
G01 X-33.94146 Y28.74475
G01 X-33.95180 Y28.80084
G01 X-33.97260 Y28.85397
G01 X-33.98790 Y28.88420
G01 X-34.06897 Y28.96083
G01 X-33.98790 Y28.88420
G01 X-33.85863 Y28.84501
G01 X-33.80095 Y28.83353
G01 X-33.63514 Y28.81719
G01 X-33.60573 Y28.81575
G01 X-33.57631 Y28.81719
G01 X-33.41050 Y28.83353
G01 X-33.35282 Y28.84501
G01 X-33.22960 Y28.88237
G01 X-33.15356 Y28.95621
G01 X-33.22960 Y28.88237
G01 X-33.25109 Y28.82987
G01 X-33.26234 Y28.77394
G01 X-33.26953 Y28.70444
G01 X-33.26999 Y28.64742
G01 X-33.26359 Y28.61280
G01 X-33.21848 Y28.56855
G01 X-33.16506 Y28.52370
G01 X-33.16481 Y28.52347
G01 X-33.12209 Y28.48710
G01 X-33.08043 Y28.45514
G01 X-33.06092 Y28.44173
G01 X-33.03971 Y28.42794
G01 X-32.98884 Y28.39670
G01 X-32.98681 Y28.39535
G01 X-32.94622 Y28.36759
G01 X-32.94421 Y28.36617
G01 X-32.86016 Y28.30239
G01 X-32.85950 Y28.30188
G01 X-32.85114 Y28.29530
G01 X-32.81185 Y28.26772
G01 X-32.81061 Y28.26680
G01 X-32.77520 Y28.24028
G01 X-32.69338 Y28.22796
G01 X-32.67014 Y28.22672
G01 X-32.64439 Y28.22603
G01 X-30.96712 Y28.22603
G01 X-30.89854 Y28.23096
G01 X-30.83428 Y28.24018
G01 X-30.67822 Y28.28705
G01 X-30.61648 Y28.31524
G01 X-30.59260 Y28.34877
G01 X-30.56890 Y28.40066
G01 X-30.55547 Y28.45611
G01 X-30.54554 Y28.52527
G01 X-30.54284 Y28.58219
G01 X-30.55095 Y28.63861
G01 X-30.56959 Y28.69248
G01 X-30.59860 Y28.75603
G01 X-30.60881 Y28.77500
G01 X-30.67647 Y28.81981
G01 X-30.60881 Y28.77500
G01 X-28.93982 Y28.77500
G01 X-28.84836 Y28.82619
G01 X-28.93982 Y28.77500
G01 X-28.94109 Y28.77333
G01 X-28.97076 Y28.72464
G01 X-28.99067 Y28.67119
G01 X-29.00012 Y28.61496
G01 X-29.00510 Y28.54529
G01 X-29.00375 Y28.48831
G01 X-28.99164 Y28.43261
G01 X-28.96921 Y28.38019
G01 X-28.93627 Y28.31981
G01 X-28.96837 Y28.33345
G01 X-29.03269 Y28.37160
G01 X-29.08991 Y28.41608
G01 X-29.10304 Y28.47643
G01 X-29.10485 Y28.55242
G01 X-29.09987 Y28.62210
G01 X-29.09098 Y28.67500
G01 X-29.05362 Y28.70838
G01 X-29.09098 Y28.67500
G01 X-30.45821 Y28.67500
G01 X-30.50050 Y28.71062
G01 X-30.45821 Y28.67500
G01 X-30.45376 Y28.66218
G01 X-30.44294 Y28.58697
G01 X-30.44655 Y28.51105
G01 X-30.45648 Y28.44188
G01 X-30.46494 Y28.40701
G01 X-30.50073 Y28.37965
G01 X-30.61340 Y28.31664
G01 X-30.67822 Y28.28705
G01 X-30.61340 Y28.31664
G01 X-30.50073 Y28.37965
G01 X-30.46494 Y28.40701
G01 X-30.45648 Y28.44188
G01 X-30.44655 Y28.51105
G01 X-30.44294 Y28.58697
G01 X-30.45376 Y28.66218
G01 X-30.45821 Y28.67500
G01 X-29.09098 Y28.67500
G01 X-29.09987 Y28.62210
G01 X-29.10485 Y28.55242
G01 X-29.10304 Y28.47643
G01 X-29.08991 Y28.41608
G01 X-29.03269 Y28.37160
G01 X-28.96837 Y28.33345
G01 X-28.93627 Y28.31981
G01 X-28.79329 Y28.25916
G01 X-28.72964 Y28.24290
G01 X-28.63297 Y28.22796
G01 X-28.60990 Y28.22672
G01 X-28.58412 Y28.22603
G01 X-26.96833 Y28.22603
G01 X-26.90003 Y28.23091
G01 X-26.83482 Y28.24028
G01 X-26.79873 Y28.26548
G01 X-26.77033 Y28.28689
G01 X-26.75240 Y28.30147
G01 X-26.75108 Y28.30251
G01 X-26.66721 Y28.36617
G01 X-26.66520 Y28.36759
G01 X-26.62464 Y28.39535
G01 X-26.62258 Y28.39667
G01 X-26.57262 Y28.42738
G01 X-26.51489 Y28.46886
G01 X-26.49091 Y28.48880
G01 X-26.48959 Y28.48986
G01 X-26.45916 Y28.51346
G01 X-26.45781 Y28.51445
G01 X-26.44603 Y28.52296
G01 X-26.31773 Y28.64526
G01 X-26.31755 Y28.64549
G01 X-26.31610 Y28.64717
G01 X-26.26040 Y28.70894
G01 X-26.25911 Y28.71034
G01 X-26.24201 Y28.72789
G01 X-26.24194 Y28.74021
G01 X-26.24656 Y28.74960
G01 X-26.24194 Y28.74021
G01 X-26.23018 Y28.73787
G01 X-26.22660 Y28.74013
G01 X-26.21923 Y28.74323
G01 X-26.21148 Y28.74511
G01 X-26.20353 Y28.74577
G01 X-25.95550 Y28.74574
G01 X-25.90668 Y28.75715
G01 X-25.90508 Y28.75750
G01 X-25.63386 Y28.81158
G01 X-25.63264 Y28.81181
G01 X-25.59175 Y28.81890
G01 X-25.59053 Y28.81910
G01 X-25.56546 Y28.82283
G01 X-25.48260 Y28.83937
G01 X-25.46787 Y28.84305
G01 X-25.46094 Y28.84422
G01 X-25.42319 Y28.86439
G01 X-25.39370 Y28.91801
G01 X-25.42319 Y28.86439
G01 X-25.41735 Y28.82961
G01 X-25.29688 Y28.75540
G01 X-25.26157 Y28.73769
G01 X-25.29688 Y28.75540
G01 X-25.41735 Y28.82961
G01 X-25.42319 Y28.86439
G01 X-25.46094 Y28.84422
G01 X-25.46787 Y28.84305
G01 X-25.48260 Y28.83937
G01 X-25.56546 Y28.82283
G01 X-25.59053 Y28.81910
G01 X-25.59175 Y28.81890
G01 X-25.63264 Y28.81181
G01 X-25.63386 Y28.81158
G01 X-25.90508 Y28.75750
G01 X-25.90668 Y28.75715
G01 X-25.95550 Y28.74574
G01 X-26.20353 Y28.74577
G01 X-26.21148 Y28.74511
G01 X-26.21923 Y28.74323
G01 X-26.22660 Y28.74013
G01 X-26.23018 Y28.73787
G01 X-26.24194 Y28.74021
G01 X-26.24201 Y28.72789
G01 X-26.25911 Y28.71034
G01 X-26.26040 Y28.70894
G01 X-26.31610 Y28.64717
G01 X-26.31755 Y28.64549
G01 X-26.31773 Y28.64526
G01 X-26.44603 Y28.52296
G01 X-26.34979 Y28.61473
G01 X-26.34907 Y28.61821
G01 X-26.34189 Y28.68773
G01 X-26.34145 Y28.74475
G01 X-26.35179 Y28.80084
G01 X-26.37259 Y28.85397
G01 X-26.38789 Y28.88420
G01 X-26.46896 Y28.96083
G01 X-26.38789 Y28.88420
G01 X-26.25862 Y28.84501
G01 X-26.20097 Y28.83353
G01 X-26.03513 Y28.81719
G01 X-26.00572 Y28.81575
G01 X-25.97633 Y28.81719
G01 X-25.81049 Y28.83353
G01 X-25.75281 Y28.84501
G01 X-25.59335 Y28.89337
G01 X-25.56564 Y28.90327
G01 X-25.53902 Y28.91587
G01 X-25.39208 Y28.99444
G01 X-25.34318 Y29.02710
G01 X-25.33305 Y29.03538
G01 X-25.29170 Y29.11257
G01 X-25.33305 Y29.03538
G01 X-25.33320 Y29.03475
G01 X-25.33457 Y28.97775
G01 X-25.32959 Y28.90805
G01 X-25.32012 Y28.85179
G01 X-25.30018 Y28.79832
G01 X-25.27046 Y28.74960
G01 X-25.26157 Y28.73769
G01 X-25.23191 Y28.72288
G01 X-25.07069 Y28.66799
G01 X-25.00620 Y28.65636
G01 X-24.92957 Y28.64874
G01 X-24.91347 Y28.64851
G01 X-23.90559 Y28.64854
G01 X-23.83727 Y28.65341
G01 X-23.77262 Y28.66271
G01 X-23.61680 Y28.70952
G01 X-23.61075 Y28.71229
G01 X-23.60382 Y28.71798
G01 X-23.60336 Y28.71834
G01 X-23.57212 Y28.74328
G01 X-23.56498 Y28.74905
G01 X-23.52703 Y28.78024
G01 X-23.50745 Y28.82311
G01 X-23.49401 Y28.87851
G01 X-23.48406 Y28.94767
G01 X-23.48134 Y29.00467
G01 X-23.48944 Y29.06114
G01 X-23.49645 Y29.08135
G01 X-23.54877 Y29.14828
G01 X-23.49645 Y29.08135
G01 X-23.46348 Y29.06769
G01 X-23.41659 Y29.05346
G01 X-23.35891 Y29.04201
G01 X-23.31012 Y29.03718
G01 X-23.28073 Y29.03576
G01 X-22.33072 Y29.03576
G01 X-22.30133 Y29.03718
G01 X-22.25254 Y29.04201
G01 X-22.19485 Y29.05346
G01 X-22.14796 Y29.06769
G01 X-22.11675 Y29.08062
G01 X-22.07088 Y29.14270
G01 X-22.11675 Y29.08062
G01 X-22.12673 Y29.03475
G01 X-22.12810 Y28.97775
G01 X-22.12312 Y28.90805
G01 X-22.11365 Y28.85179
G01 X-22.09371 Y28.79832
G01 X-22.08223 Y28.77948
G01 X-22.10062 Y28.79423
G01 X-22.13958 Y28.82774
G01 X-22.20638 Y28.88913
G01 X-22.22317 Y28.90523
G01 X-22.22607 Y28.94579
G01 X-22.24273 Y28.94247
G01 X-22.29153 Y28.93767
G01 X-22.33031 Y28.93576
G01 X-23.28113 Y28.93576
G01 X-23.31992 Y28.93767
G01 X-23.36871 Y28.94247
G01 X-23.38449 Y28.94562
G01 X-23.40740 Y28.97155
G01 X-23.38449 Y28.94562
G01 X-23.38507 Y28.93342
G01 X-23.38901 Y28.90614
G01 X-23.40567 Y28.89022
G01 X-23.47212 Y28.82766
G01 X-23.51126 Y28.79319
G01 X-23.56498 Y28.74905
G01 X-23.51126 Y28.79319
G01 X-23.47212 Y28.82766
G01 X-23.40567 Y28.89022
G01 X-23.38901 Y28.90614
G01 X-23.38507 Y28.93342
G01 X-23.38449 Y28.94562
G01 X-23.36871 Y28.94247
G01 X-23.31992 Y28.93767
G01 X-23.28113 Y28.93576
G01 X-22.33031 Y28.93576
G01 X-22.29153 Y28.93767
G01 X-22.24273 Y28.94247
G01 X-22.22607 Y28.94579
G01 X-22.19818 Y28.97879
G01 X-22.22607 Y28.94579
G01 X-22.22317 Y28.90523
G01 X-22.20638 Y28.88913
G01 X-22.13958 Y28.82774
G01 X-22.10062 Y28.79423
G01 X-22.08223 Y28.77948
G01 X-22.06420 Y28.76502
G01 X-22.06356 Y28.76451
G01 X-22.04581 Y28.74978
G01 X-22.04520 Y28.74925
G01 X-22.00265 Y28.71280
G01 X-21.86463 Y28.66807
G01 X-21.79973 Y28.65636
G01 X-21.72310 Y28.64874
G01 X-21.70700 Y28.64851
G01 X-19.28724 Y28.64851
G01 X-19.26753 Y28.64813
G01 X-19.26654 Y28.64811
G01 X-19.21259 Y28.64597
G01 X-19.21254 Y28.64643
G01 X-19.21259 Y28.64597
G01 X-19.20769 Y28.64554
G01 X-19.18338 Y28.64216
G01 X-19.18142 Y28.64186
G01 X-19.14274 Y28.63495
G01 X-19.14078 Y28.63457
G01 X-19.05922 Y28.61666
G01 X-19.05239 Y28.61463
G01 X-19.05226 Y28.61511
G01 X-19.05239 Y28.61463
G01 X-19.02006 Y28.60254
G01 X-19.01848 Y28.60190
G01 X-18.94602 Y28.57188
G01 X-18.94444 Y28.57120
G01 X-18.91307 Y28.55692
G01 X-18.91282 Y28.55738
G01 X-18.91307 Y28.55692
G01 X-18.90685 Y28.55354
G01 X-18.83649 Y28.50853
G01 X-18.83484 Y28.50742
G01 X-18.80253 Y28.48491
G01 X-18.80096 Y28.48377
G01 X-18.77827 Y28.46660
G01 X-18.77787 Y28.46627
G01 X-18.73870 Y28.43599
G01 X-18.72310 Y28.42476
G01 X-18.72232 Y28.42421
G01 X-18.68163 Y28.39373
G01 X-18.61226 Y28.35159
G01 X-18.60919 Y28.35270
G01 X-18.60743 Y28.35329
G01 X-18.56288 Y28.36744
G01 X-18.56093 Y28.36802
G01 X-18.51549 Y28.38042
G01 X-18.51048 Y28.38151
G01 X-18.40896 Y28.39832
G01 X-18.39936 Y28.39898
G01 X-18.39943 Y28.40038
G01 X-18.39936 Y28.39898
G01 X-18.35359 Y28.39766
G01 X-18.35021 Y28.39746
G01 X-18.27863 Y28.39058
G01 X-18.27540 Y28.39014
G01 X-18.17192 Y28.37330
G01 X-18.14559 Y28.36975
G01 X-18.12806 Y28.36739
G01 X-18.11996 Y28.36561
G01 X-18.11229 Y28.36251
G01 X-18.10522 Y28.35819
G01 X-18.09895 Y28.35278
G01 X-18.09369 Y28.34638
G01 X-18.08953 Y28.33922
G01 X-18.08879 Y28.33767
G01 X-18.08971 Y28.34679
G01 X-18.08846 Y28.34765
G01 X-18.08971 Y28.34679
G01 X-18.10355 Y28.36063
G01 X-18.12638 Y28.38346
G01 X-18.14559 Y28.36975
G01 X-18.12638 Y28.38346
G01 X-18.12379 Y28.41435
G01 X-18.12638 Y28.38346
G01 X-18.10355 Y28.36063
G01 X-18.10522 Y28.35819
G01 X-18.10355 Y28.36063
G01 X-18.08971 Y28.34679
G01 X-18.08879 Y28.33767
G01 X-18.03169 Y28.21692
G01 X-18.00456 Y28.16607
G01 X-17.92971 Y28.04117
G01 X-17.92288 Y28.02977
G01 X-17.89735 Y27.99149
G01 X-17.80449 Y27.86629
G01 X-17.77980 Y27.83620
G01 X-17.67591 Y27.72157
G01 X-17.64990 Y27.69558
G01 X-17.53505 Y27.59147
G01 X-17.50540 Y27.56716
G01 X-17.37995 Y27.47412
G01 X-17.34193 Y27.44874
G01 X-17.33022 Y27.44173
G01 X-17.20545 Y27.36693
G01 X-17.15491 Y27.33993
G01 X-17.03380 Y27.28268
G01 X-17.02468 Y27.28179
G01 X-16.98900 Y27.24610
G01 X-16.99987 Y27.22827
G01 X-16.98900 Y27.24610
G01 X-16.96197 Y27.24935
G01 X-16.98900 Y27.24610
G01 X-17.02468 Y27.28179
G01 X-17.02382 Y27.28301
G01 X-17.02468 Y27.28179
G01 X-17.03380 Y27.28268
G01 X-17.15491 Y27.33993
G01 X-17.20545 Y27.36693
G01 X-17.33022 Y27.44173
G01 X-17.20563 Y27.40394
G01 X-17.16718 Y27.39629
G01 X-17.01112 Y27.38093
G01 X-16.98242 Y27.38093
G01 X-16.97967 Y27.38682
G01 X-16.98242 Y27.38093
G01 X-16.84935 Y27.24788
G01 X-16.80515 Y27.24702
G01 X-16.84935 Y27.24788
G01 X-16.87429 Y27.22921
G01 X-16.89989 Y27.20104
G01 X-16.91968 Y27.16856
G01 X-16.95021 Y27.10569
G01 X-16.96106 Y27.07846
G01 X-16.96781 Y27.04994
G01 X-16.97030 Y27.02073
G01 X-16.97076 Y26.98253
G01 X-16.97000 Y26.97097
G01 X-16.98303 Y26.88024
G01 X-16.98181 Y26.87989
G01 X-16.98303 Y26.88024
G01 X-17.02044 Y26.79833
G01 X-17.01917 Y26.79744
G01 X-17.02044 Y26.79833
G01 X-17.03558 Y26.77956
G01 X-17.56032 Y26.25482
G01 X-17.57901 Y26.23325
G01 X-17.59446 Y26.20922
G01 X-17.62793 Y26.14788
G01 X-17.63896 Y26.12413
G01 X-17.64675 Y26.09914
G01 X-17.65125 Y26.07336
G01 X-17.65407 Y26.04702
G01 X-17.65521 Y26.02571
G01 X-17.65521 Y24.40488
G01 X-17.65316 Y24.37644
G01 X-17.64708 Y24.34855
G01 X-17.62740 Y24.28152
G01 X-17.61328 Y24.24621
G01 X-17.59273 Y24.21423
G01 X-17.56652 Y24.18672
G01 X-17.51373 Y24.14098
G01 X-17.48615 Y24.12094
G01 X-17.46387 Y24.10994
G01 X-17.39103 Y24.05543
G01 X-17.39014 Y24.05637
G01 X-17.39103 Y24.05543
G01 X-17.33926 Y23.98627
G01 X-17.33845 Y23.98670
G01 X-17.33926 Y23.98627
G01 X-17.30010 Y23.88126
G01 X-17.28826 Y23.85530
G01 X-17.27284 Y23.83133
G01 X-17.23098 Y23.77540
G01 X-17.20538 Y23.74723
G01 X-17.17492 Y23.72444
G01 X-17.14071 Y23.70781
G01 X-17.07523 Y23.68340
G01 X-17.03850 Y23.67357
G01 X-17.00058 Y23.67087
G01 X-16.96283 Y23.67540
G01 X-16.89456 Y23.69026
G01 X-16.86720 Y23.69828
G01 X-16.84127 Y23.71012
G01 X-16.81727 Y23.72554
G01 X-16.78902 Y23.74667
G01 X-16.76741 Y23.76539
G01 X-16.65775 Y23.87509
G01 X-16.61572 Y23.90450
G01 X-16.55737 Y24.03181
G01 X-16.61572 Y23.90450
G01 X-16.61572 Y23.76933
G01 X-16.60909 Y23.76679
G01 X-16.61572 Y23.76933
G01 X-16.64363 Y23.74639
G01 X-16.65819 Y23.73321
G01 X-16.67137 Y23.71868
G01 X-16.77708 Y23.58987
G01 X-16.79885 Y23.55726
G01 X-16.87741 Y23.41032
G01 X-16.88580 Y23.39257
G01 X-16.89240 Y23.37408
G01 X-16.94079 Y23.21464
G01 X-16.94843 Y23.17618
G01 X-16.96476 Y23.01035
G01 X-16.96573 Y22.99074
G01 X-16.96476 Y22.97116
G01 X-16.94843 Y22.80532
G01 X-16.94079 Y22.76686
G01 X-16.89240 Y22.60740
G01 X-16.88580 Y22.58894
G01 X-16.87741 Y22.57118
G01 X-16.79885 Y22.42424
G01 X-16.77708 Y22.39163
G01 X-16.67137 Y22.26283
G01 X-16.65819 Y22.24830
G01 X-16.64363 Y22.23511
G01 X-16.61572 Y22.21218
G01 X-16.60909 Y22.21472
G01 X-16.61572 Y22.21218
G01 X-16.61572 Y22.07702
G01 X-16.55613 Y21.94218
G01 X-16.51572 Y21.89133
G01 X-16.54307 Y21.90410
G01 X-16.72227 Y22.02955
G01 X-16.83815 Y22.14540
G01 X-16.84892 Y22.15475
G01 X-16.86090 Y22.16244
G01 X-16.92222 Y22.19595
G01 X-16.93969 Y22.20344
G01 X-16.95829 Y22.20750
G01 X-16.97731 Y22.20794
G01 X-17.04701 Y22.20293
G01 X-17.06575 Y22.19978
G01 X-17.08356 Y22.19315
G01 X-17.09977 Y22.18327
G01 X-17.15570 Y22.14141
G01 X-17.16649 Y22.13204
G01 X-17.17584 Y22.12127
G01 X-17.18356 Y22.10926
G01 X-17.20048 Y22.07827
G01 X-17.20639 Y22.06529
G01 X-17.25057 Y21.94685
G01 X-17.31960 Y21.85465
G01 X-17.41546 Y21.78289
G01 X-17.42623 Y21.77355
G01 X-17.43560 Y21.76275
G01 X-17.47746 Y21.70682
G01 X-17.48572 Y21.69379
G01 X-17.49189 Y21.67962
G01 X-17.49580 Y21.66468
G01 X-17.50363 Y21.62135
G01 X-17.50523 Y21.60357
G01 X-17.50523 Y19.85579
G01 X-17.50418 Y19.84157
G01 X-17.50116 Y19.82763
G01 X-17.48148 Y19.76060
G01 X-17.47414 Y19.74243
G01 X-17.46339 Y19.72605
G01 X-17.44675 Y19.70540
G01 X-17.43959 Y19.69743
G01 X-16.96108 Y19.21886
G01 X-16.93469 Y19.18615
G01 X-16.88610 Y19.07975
G01 X-16.86972 Y18.96580
G01 X-16.87078 Y18.95143
G01 X-16.86974 Y18.93715
G01 X-16.85979 Y18.86799
G01 X-16.85532 Y18.84950
G01 X-16.84742 Y18.83220
G01 X-16.83639 Y18.81673
G01 X-16.79062 Y18.76392
G01 X-16.78021 Y18.75359
G01 X-16.76842 Y18.74485
G01 X-16.75549 Y18.73797
G01 X-16.72057 Y18.72252
G01 X-16.70601 Y18.71739
G01 X-16.68092 Y18.71066
G01 X-16.94422 Y18.44736
G01 X-16.98171 Y18.45105
G01 X-17.00132 Y18.45105
G01 X-17.15737 Y18.43571
G01 X-17.16710 Y18.43426
G01 X-17.17660 Y18.43185
G01 X-17.32669 Y18.38633
G01 X-17.34480 Y18.37884
G01 X-17.48310 Y18.30490
G01 X-17.49941 Y18.29400
G01 X-17.62064 Y18.19453
G01 X-17.62791 Y18.18798
G01 X-17.63449 Y18.18072
G01 X-17.73398 Y18.05943
G01 X-17.74487 Y18.04312
G01 X-17.81881 Y17.90482
G01 X-17.82631 Y17.88671
G01 X-17.87182 Y17.73665
G01 X-17.87421 Y17.72712
G01 X-17.87566 Y17.71742
G01 X-17.89103 Y17.56134
G01 X-17.89103 Y17.54173
G01 X-17.88734 Y17.50424
G01 X-18.15061 Y17.24097
G01 X-18.15735 Y17.26606
G01 X-18.16199 Y17.27952
G01 X-18.16852 Y17.29222
G01 X-18.20487 Y17.35186
G01 X-18.21627 Y17.36710
G01 X-18.23034 Y17.37988
G01 X-18.24660 Y17.38978
G01 X-18.30947 Y17.42037
G01 X-18.32308 Y17.42573
G01 X-18.33733 Y17.42910
G01 X-18.35193 Y17.43037
G01 X-18.39014 Y17.43086
G01 X-18.40568 Y17.42979
G01 X-18.51968 Y17.44620
G01 X-18.64459 Y17.50320
G01 X-18.66311 Y17.50955
G01 X-18.67858 Y17.51163
G01 X-18.71719 Y17.52225
G01 X-18.73563 Y17.52550
G01 X-18.75437 Y17.52527
G01 X-18.77637 Y17.52288
G01 X-18.78521 Y17.52156
G01 X-18.87954 Y17.50276
G01 X-21.90771 Y17.50276
G01 X-21.92193 Y17.50172
G01 X-21.93587 Y17.49870
G01 X-22.00291 Y17.47902
G01 X-22.02056 Y17.47195
G01 X-22.03656 Y17.46169
G01 X-22.05030 Y17.44854
G01 X-22.09605 Y17.39573
G01 X-22.10707 Y17.38026
G01 X-22.11497 Y17.36299
G01 X-22.11944 Y17.34452
G01 X-22.12940 Y17.27543
G01 X-22.13031 Y17.25638
G01 X-22.12762 Y17.23754
G01 X-22.12140 Y17.21958
G01 X-22.09236 Y17.15603
G01 X-22.08462 Y17.14213
G01 X-22.07479 Y17.12969
G01 X-22.06877 Y17.12314
G01 X-22.06608 Y17.12037
G01 X-22.01736 Y17.07165
G01 X-21.93760 Y16.94231
G01 X-21.93293 Y16.92827
G01 X-22.30077 Y16.92827
G01 X-22.32838 Y16.95092
G01 X-22.33628 Y16.95677
G01 X-22.34469 Y16.96185
G01 X-22.38792 Y16.98491
G01 X-22.40603 Y16.99240
G01 X-22.45292 Y17.00665
G01 X-22.46244 Y17.00901
G01 X-22.47215 Y17.01046
G01 X-22.52091 Y17.01526
G01 X-22.53072 Y17.01574
G01 X-23.48073 Y17.01574
G01 X-23.49053 Y17.01526
G01 X-23.53930 Y17.01046
G01 X-23.54900 Y17.00901
G01 X-23.55853 Y17.00665
G01 X-23.60542 Y16.99240
G01 X-23.62353 Y16.98491
G01 X-23.66676 Y16.96185
G01 X-23.67517 Y16.95677
G01 X-23.68306 Y16.95092
G01 X-23.71067 Y16.92827
G01 X-24.07849 Y16.92827
G01 X-24.07382 Y16.94236
G01 X-23.99404 Y17.07165
G01 X-23.94534 Y17.12037
G01 X-23.93600 Y17.13114
G01 X-23.92828 Y17.14315
G01 X-23.89480 Y17.20449
G01 X-23.88731 Y17.22202
G01 X-23.88327 Y17.24056
G01 X-23.88281 Y17.25953
G01 X-23.88779 Y17.32923
G01 X-23.89096 Y17.34798
G01 X-23.89759 Y17.36581
G01 X-23.90750 Y17.38204
G01 X-23.94938 Y17.43797
G01 X-23.96219 Y17.45204
G01 X-23.97740 Y17.46344
G01 X-23.99449 Y17.47173
G01 X-24.05995 Y17.49613
G01 X-24.07544 Y17.50058
G01 X-24.09145 Y17.50238
G01 X-24.10028 Y17.50269
G01 X-24.10374 Y17.50276
G01 X-25.13965 Y17.50276
G01 X-25.15388 Y17.50172
G01 X-25.16780 Y17.49870
G01 X-25.23485 Y17.47902
G01 X-25.25253 Y17.47195
G01 X-25.26851 Y17.46169
G01 X-25.28227 Y17.44854
G01 X-25.32802 Y17.39573
G01 X-25.33904 Y17.38026
G01 X-25.34694 Y17.36299
G01 X-25.35141 Y17.34452
G01 X-25.36137 Y17.27543
G01 X-25.36228 Y17.25638
G01 X-25.35959 Y17.23754
G01 X-25.35337 Y17.21958
G01 X-25.32434 Y17.15603
G01 X-25.31786 Y17.14409
G01 X-25.30983 Y17.13312
G01 X-25.30038 Y17.12339
G01 X-25.27780 Y17.10297
G01 X-25.26815 Y17.09525
G01 X-25.19917 Y17.04696
G01 X-25.08045 Y16.92827
G01 X-25.57534 Y16.92827
G01 X-25.63330 Y16.95925
G01 X-25.64217 Y16.96345
G01 X-25.65141 Y16.96675
G01 X-25.81087 Y17.01511
G01 X-25.83010 Y17.01897
G01 X-25.99591 Y17.03528
G01 X-26.00572 Y17.03576
G01 X-26.01552 Y17.03528
G01 X-26.18136 Y17.01897
G01 X-26.20059 Y17.01511
G01 X-26.36002 Y16.96675
G01 X-26.37813 Y16.95925
G01 X-26.52510 Y16.88069
G01 X-26.54140 Y16.86985
G01 X-26.67021 Y16.76413
G01 X-26.67747 Y16.75750
G01 X-26.68407 Y16.75024
G01 X-26.73696 Y16.68585
G01 X-27.10513 Y16.68585
G01 X-27.09238 Y16.71313
G01 X-26.96695 Y16.89228
G01 X-26.81227 Y17.04696
G01 X-26.63376 Y17.17198
G01 X-26.62268 Y17.18102
G01 X-26.61301 Y17.19144
G01 X-26.56937 Y17.24605
G01 X-26.55898 Y17.26195
G01 X-26.55177 Y17.27952
G01 X-26.54801 Y17.29819
G01 X-26.54082 Y17.36766
G01 X-26.54067 Y17.38669
G01 X-26.54412 Y17.40538
G01 X-26.55105 Y17.42311
G01 X-26.58258 Y17.48544
G01 X-26.59299 Y17.50188
G01 X-26.60638 Y17.51592
G01 X-26.62568 Y17.53263
G01 X-26.63376 Y17.53893
G01 X-26.81618 Y17.66667
G01 X-26.81648 Y17.66692
G01 X-26.81902 Y17.66911
G01 X-26.82604 Y17.67360
G01 X-26.83218 Y17.67787
G01 X-26.83653 Y17.67980
G01 X-26.89218 Y17.71023
G01 X-26.90406 Y17.71572
G01 X-26.91656 Y17.71963
G01 X-26.92946 Y17.72186
G01 X-26.95580 Y17.72468
G01 X-26.96647 Y17.72527
G01 X-32.64497 Y17.72527
G01 X-32.65920 Y17.72428
G01 X-32.67314 Y17.72120
G01 X-32.74017 Y17.70152
G01 X-32.75833 Y17.69418
G01 X-32.77472 Y17.68343
G01 X-32.79537 Y17.66682
G01 X-32.79651 Y17.66578
G01 X-32.97766 Y17.53893
G01 X-32.98874 Y17.52994
G01 X-32.99841 Y17.51948
G01 X-33.04205 Y17.46492
G01 X-33.05244 Y17.44897
G01 X-33.05965 Y17.43139
G01 X-33.06341 Y17.41277
G01 X-33.07060 Y17.34325
G01 X-33.07075 Y17.32423
G01 X-33.06730 Y17.30553
G01 X-33.06036 Y17.28785
G01 X-33.02884 Y17.22547
G01 X-33.01843 Y17.20909
G01 X-33.00504 Y17.19499
G01 X-32.98574 Y17.17828
G01 X-32.97766 Y17.17198
G01 X-32.79915 Y17.04696
G01 X-32.64449 Y16.89230
G01 X-32.51904 Y16.71313
G01 X-32.50629 Y16.68585
G01 X-32.87449 Y16.68585
G01 X-32.92737 Y16.75024
G01 X-32.93397 Y16.75750
G01 X-32.94124 Y16.76413
G01 X-33.07004 Y16.86985
G01 X-33.08635 Y16.88069
G01 X-33.23331 Y16.95925
G01 X-33.25142 Y16.96675
G01 X-33.41086 Y17.01511
G01 X-33.43009 Y17.01897
G01 X-33.59592 Y17.03528
G01 X-33.60573 Y17.03576
G01 X-33.61553 Y17.03528
G01 X-33.78134 Y17.01897
G01 X-33.80057 Y17.01511
G01 X-33.96003 Y16.96675
G01 X-33.97814 Y16.95925
G01 X-34.12511 Y16.88069
G01 X-34.14139 Y16.86985
G01 X-34.27019 Y16.76413
G01 X-34.27748 Y16.75750
G01 X-34.28406 Y16.75024
G01 X-34.33694 Y16.68585
G01 X-34.70514 Y16.68585
G01 X-34.69239 Y16.71315
G01 X-34.56691 Y16.89230
G01 X-34.41225 Y17.04696
G01 X-34.23374 Y17.17198
G01 X-34.22267 Y17.18102
G01 X-34.21299 Y17.19151
G01 X-34.16938 Y17.24605
G01 X-34.15896 Y17.26195
G01 X-34.15178 Y17.27955
G01 X-34.14802 Y17.29819
G01 X-34.14083 Y17.36766
G01 X-34.14068 Y17.38669
G01 X-34.14413 Y17.40538
G01 X-34.15106 Y17.42311
G01 X-34.18259 Y17.48544
G01 X-34.19297 Y17.50180
G01 X-34.20634 Y17.51592
G01 X-34.22561 Y17.53258
G01 X-34.23377 Y17.53898
G01 X-34.41606 Y17.66659
G01 X-34.41858 Y17.66878
G01 X-34.42495 Y17.67294
G01 X-34.43143 Y17.67747
G01 X-34.43643 Y17.67975
G01 X-34.49216 Y17.71023
G01 X-34.50405 Y17.71572
G01 X-34.51657 Y17.71963
G01 X-34.52947 Y17.72186
G01 X-34.55584 Y17.72468
G01 X-34.56648 Y17.72527
G01 X-40.24496 Y17.72527
G01 X-40.25918 Y17.72428
G01 X-40.27310 Y17.72120
G01 X-40.34016 Y17.70152
G01 X-40.35247 Y17.69702
G01 X-40.36408 Y17.69095
G01 X-40.37478 Y17.68343
G01 X-40.39540 Y17.66682
G01 X-40.39652 Y17.66578
G01 X-40.57765 Y17.53898
G01 X-40.58875 Y17.52994
G01 X-40.59842 Y17.51945
G01 X-40.64203 Y17.46492
G01 X-40.65245 Y17.44897
G01 X-40.65964 Y17.43139
G01 X-40.66337 Y17.41277
G01 X-40.67058 Y17.34328
G01 X-40.67076 Y17.32425
G01 X-40.66731 Y17.30556
G01 X-40.66037 Y17.28785
G01 X-40.62885 Y17.22547
G01 X-40.61844 Y17.20909
G01 X-40.60505 Y17.19499
G01 X-40.58575 Y17.17828
G01 X-40.57767 Y17.17198
G01 X-40.39916 Y17.04696
G01 X-40.24450 Y16.89230
G01 X-40.11905 Y16.71315
G01 X-40.10630 Y16.68585
G01 X-40.47450 Y16.68585
G01 X-40.52738 Y16.75024
G01 X-40.53398 Y16.75750
G01 X-40.54125 Y16.76413
G01 X-40.67005 Y16.86985
G01 X-40.68636 Y16.88069
G01 X-40.83330 Y16.95925
G01 X-40.85141 Y16.96675
G01 X-41.01087 Y17.01511
G01 X-41.03010 Y17.01897
G01 X-41.19593 Y17.03528
G01 X-41.20571 Y17.03576
G01 X-41.21552 Y17.03528
G01 X-41.38135 Y17.01897
G01 X-41.40058 Y17.01511
G01 X-41.56004 Y16.96675
G01 X-41.57815 Y16.95925
G01 X-41.72509 Y16.88069
G01 X-41.74140 Y16.86985
G01 X-41.87020 Y16.76413
G01 X-41.87747 Y16.75750
G01 X-41.88407 Y16.75024
G01 X-41.93695 Y16.68585
G01 X-42.30513 Y16.68585
G01 X-42.29235 Y16.71315
G01 X-42.16692 Y16.89230
G01 X-42.01226 Y17.04696
G01 X-41.83375 Y17.17198
G01 X-41.82268 Y17.18102
G01 X-41.81300 Y17.19144
G01 X-41.76936 Y17.24605
G01 X-41.75897 Y17.26195
G01 X-41.75176 Y17.27952
G01 X-41.74800 Y17.29819
G01 X-41.74081 Y17.36766
G01 X-41.74066 Y17.38669
G01 X-41.74412 Y17.40538
G01 X-41.75105 Y17.42311
G01 X-41.78257 Y17.48544
G01 X-41.79299 Y17.50188
G01 X-41.80637 Y17.51592
G01 X-41.82567 Y17.53263
G01 X-41.83378 Y17.53898
G01 X-42.01605 Y17.66657
G01 X-42.01859 Y17.66878
G01 X-42.02496 Y17.67294
G01 X-42.03144 Y17.67747
G01 X-42.03644 Y17.67975
G01 X-42.09217 Y17.71023
G01 X-42.10406 Y17.71572
G01 X-42.11658 Y17.71963
G01 X-42.12948 Y17.72186
G01 X-42.15585 Y17.72468
G01 X-42.16649 Y17.72527
G01 X-47.78497 Y17.72527
G01 X-47.79920 Y17.72428
G01 X-47.81314 Y17.72120
G01 X-47.88017 Y17.70152
G01 X-47.89833 Y17.69418
G01 X-47.91472 Y17.68343
G01 X-47.93537 Y17.66682
G01 X-47.93653 Y17.66576
G01 X-48.11766 Y17.53893
G01 X-48.12874 Y17.52994
G01 X-48.13841 Y17.51948
G01 X-48.18205 Y17.46492
G01 X-48.19244 Y17.44897
G01 X-48.19965 Y17.43139
G01 X-48.20341 Y17.41277
G01 X-48.21060 Y17.34325
G01 X-48.21075 Y17.32423
G01 X-48.20730 Y17.30553
G01 X-48.20036 Y17.28785
G01 X-48.16884 Y17.22547
G01 X-48.15843 Y17.20909
G01 X-48.14504 Y17.19499
G01 X-48.12574 Y17.17828
G01 X-48.11766 Y17.17198
G01 X-47.93915 Y17.04696
G01 X-47.78446 Y16.89228
G01 X-47.65906 Y16.71318
G01 X-47.64629 Y16.68585
G01 X-48.01449 Y16.68585
G01 X-48.06737 Y16.75024
G01 X-48.07397 Y16.75750
G01 X-48.08124 Y16.76413
G01 X-48.21004 Y16.86985
G01 X-48.22635 Y16.88069
G01 X-48.37331 Y16.95925
G01 X-48.39142 Y16.96675
G01 X-48.55086 Y17.01511
G01 X-48.57009 Y17.01897
G01 X-48.73592 Y17.03528
G01 X-48.74573 Y17.03576
G01 X-48.75553 Y17.03528
G01 X-48.92134 Y17.01897
G01 X-48.94057 Y17.01511
G01 X-49.10003 Y16.96675
G01 X-49.11814 Y16.95925
G01 X-49.26511 Y16.88069
G01 X-49.28139 Y16.86985
G01 X-49.41019 Y16.76413
G01 X-49.41748 Y16.75750
G01 X-49.42406 Y16.75024
G01 X-49.47694 Y16.68585
G01 X-49.77572 Y16.68577
G01 X-49.82030 Y16.73040
G01 X-49.70691 Y16.89230
G01 X-49.55225 Y17.04696
G01 X-49.37374 Y17.17198
G01 X-49.36267 Y17.18102
G01 X-49.35299 Y17.19151
G01 X-49.30938 Y17.24605
G01 X-49.29896 Y17.26195
G01 X-49.29178 Y17.27955
G01 X-49.28802 Y17.29819
G01 X-49.28083 Y17.36766
G01 X-49.28068 Y17.38669
G01 X-49.28413 Y17.40538
G01 X-49.29107 Y17.42311
G01 X-49.32259 Y17.48544
G01 X-49.33298 Y17.50180
G01 X-49.34634 Y17.51592
G01 X-49.36561 Y17.53258
G01 X-49.37377 Y17.53898
G01 X-49.55606 Y17.66659
G01 X-49.55858 Y17.66878
G01 X-49.56490 Y17.67289
G01 X-49.57143 Y17.67747
G01 X-49.57646 Y17.67978
G01 X-49.63216 Y17.71023
G01 X-49.64405 Y17.71572
G01 X-49.65657 Y17.71963
G01 X-49.66947 Y17.72186
G01 X-49.69584 Y17.72468
G01 X-49.70648 Y17.72527
G01 X-50.15441 Y17.72527
G01 X-50.32838 Y17.75986
G01 X-50.49226 Y17.82773
G01 X-50.63975 Y17.92633
G01 X-51.30516 Y18.59171
G01 X-51.40371 Y18.73921
G01 X-51.47160 Y18.90309
G01 X-51.50569 Y19.07449
G01 X-51.50569 Y26.85703
G01 X-51.47160 Y27.02842
G01 X-51.40371 Y27.19231
G01 X-51.30518 Y27.33980
G01 X-50.51971 Y28.12525
G01 X-50.37224 Y28.22380
G01 X-50.20836 Y28.29167
G01 X-50.03440 Y28.32626
G01 X-49.76648 Y28.32624
G01 X-49.75223 Y28.32728
G01 X-49.73828 Y28.33030
G01 X-49.67125 Y28.34999
G01 X-49.65309 Y28.35733
G01 X-49.63671 Y28.36807
G01 X-49.61606 Y28.38471
G01 X-49.61486 Y28.38575
G01 X-49.43376 Y28.51260
G01 X-49.42271 Y28.52156
G01 X-49.41304 Y28.53203
G01 X-49.36940 Y28.58659
G01 X-49.35898 Y28.60251
G01 X-49.35177 Y28.62012
G01 X-49.34801 Y28.63878
G01 X-49.34082 Y28.70830
G01 X-49.34070 Y28.72730
G01 X-49.34413 Y28.74600
G01 X-49.35106 Y28.76370
G01 X-49.38258 Y28.82603
G01 X-49.39297 Y28.84242
G01 X-49.40630 Y28.85646
G01 X-49.42561 Y28.87320
G01 X-49.43376 Y28.87958
G01 X-49.61225 Y29.00452
G01 X-49.76691 Y29.15918
G01 X-49.84885 Y29.27620
G01 X-49.81618 Y29.30884
G01 X-49.71784 Y29.26578
G01 X-49.81618 Y29.30884
G01 X-49.75926 Y29.36576
G01 X-49.53699 Y29.36576
G01 X-49.48405 Y29.30127
G01 X-49.47748 Y29.29400
G01 X-49.47021 Y29.28740
G01 X-49.34141 Y29.18171
G01 X-49.32510 Y29.17081
G01 X-49.17814 Y29.09225
G01 X-49.16927 Y29.08806
G01 X-49.16003 Y29.08476
G01 X-49.00059 Y29.03640
G01 X-48.99107 Y29.03401
G01 X-48.98136 Y29.03256
G01 X-48.81553 Y29.01623
G01 X-48.79592 Y29.01623
G01 X-48.63011 Y29.03256
G01 X-48.62038 Y29.03401
G01 X-48.61088 Y29.03640
G01 X-48.45142 Y29.08476
G01 X-48.44217 Y29.08806
G01 X-48.43331 Y29.09225
G01 X-48.28634 Y29.17081
G01 X-48.27006 Y29.18171
G01 X-48.14123 Y29.28740
G01 X-48.13397 Y29.29400
G01 X-48.12739 Y29.30127
G01 X-48.07446 Y29.36576
G01 X-47.70626 Y29.36578
G01 X-47.71903 Y29.33838
G01 X-47.84451 Y29.15918
G01 X-47.99914 Y29.00454
G01 X-48.17766 Y28.87958
G01 X-48.18876 Y28.87056
G01 X-48.19843 Y28.86007
G01 X-48.24205 Y28.80548
G01 X-48.25246 Y28.78958
G01 X-48.25965 Y28.77198
G01 X-48.26341 Y28.75336
G01 X-48.27059 Y28.68387
G01 X-48.27075 Y28.66484
G01 X-48.26729 Y28.64615
G01 X-48.26036 Y28.62845
G01 X-48.22884 Y28.56609
G01 X-48.21845 Y28.54973
G01 X-48.20509 Y28.53566
G01 X-48.18581 Y28.51895
G01 X-48.17768 Y28.51260
G01 X-47.99506 Y28.38466
G01 X-47.99467 Y28.38440
G01 X-47.99198 Y28.38209
G01 X-47.98723 Y28.37909
G01 X-47.98081 Y28.37455
G01 X-47.97474 Y28.37165
G01 X-47.91926 Y28.34135
G01 X-47.90123 Y28.33368
G01 X-47.88205 Y28.32967
G01 X-47.85569 Y28.32682
G01 X-47.84497 Y28.32624
G01 X-42.16649 Y28.32624
G01 X-42.15224 Y28.32728
G01 X-42.13832 Y28.33030
G01 X-42.07127 Y28.34999
G01 X-42.05895 Y28.35448
G01 X-42.04734 Y28.36055
G01 X-42.03665 Y28.36810
G01 X-42.01602 Y28.38473
G01 X-42.01490 Y28.38572
G01 X-41.83375 Y28.51260
G01 X-41.82270 Y28.52156
G01 X-41.81303 Y28.53203
G01 X-41.76939 Y28.58659
G01 X-41.75897 Y28.60251
G01 X-41.75176 Y28.62012
G01 X-41.74800 Y28.63878
G01 X-41.74081 Y28.70830
G01 X-41.74069 Y28.72730
G01 X-41.74412 Y28.74600
G01 X-41.75105 Y28.76370
G01 X-41.78257 Y28.82603
G01 X-41.79296 Y28.84242
G01 X-41.80629 Y28.85646
G01 X-41.82560 Y28.87320
G01 X-41.83375 Y28.87958
G01 X-42.01226 Y29.00454
G01 X-42.16692 Y29.15921
G01 X-42.29237 Y29.33835
G01 X-42.30515 Y29.36578
G01 X-41.93700 Y29.36576
G01 X-41.88407 Y29.30127
G01 X-41.87747 Y29.29400
G01 X-41.87020 Y29.28740
G01 X-41.74140 Y29.18171
G01 X-41.72509 Y29.17081
G01 X-41.57815 Y29.09225
G01 X-41.56926 Y29.08806
G01 X-41.56004 Y29.08476
G01 X-41.40058 Y29.03640
G01 X-41.39106 Y29.03401
G01 X-41.38135 Y29.03256
G01 X-41.21552 Y29.01623
G01 X-41.19593 Y29.01623
G01 X-41.03010 Y29.03256
G01 X-41.02039 Y29.03401
G01 X-41.01087 Y29.03640
G01 X-40.85141 Y29.08476
G01 X-40.84216 Y29.08806
G01 X-40.83330 Y29.09225
G01 X-40.68636 Y29.17081
G01 X-40.67005 Y29.18171
G01 X-40.54125 Y29.28740
G01 X-40.53398 Y29.29400
G01 X-40.52738 Y29.30127
G01 X-40.47445 Y29.36576
G01 X-40.10627 Y29.36578
G01 X-40.11905 Y29.33835
G01 X-40.24450 Y29.15921
G01 X-40.39916 Y29.00454
G01 X-40.57767 Y28.87958
G01 X-40.58875 Y28.87056
G01 X-40.59842 Y28.86007
G01 X-40.64203 Y28.80548
G01 X-40.65245 Y28.78958
G01 X-40.65964 Y28.77201
G01 X-40.66337 Y28.75339
G01 X-40.67058 Y28.68389
G01 X-40.67076 Y28.66487
G01 X-40.66731 Y28.64618
G01 X-40.66037 Y28.62845
G01 X-40.62885 Y28.56609
G01 X-40.61844 Y28.54971
G01 X-40.60505 Y28.53561
G01 X-40.58575 Y28.51890
G01 X-40.57767 Y28.51260
G01 X-40.39525 Y28.38486
G01 X-40.39505 Y28.38466
G01 X-40.39466 Y28.38440
G01 X-40.39197 Y28.38209
G01 X-40.38684 Y28.37887
G01 X-40.38036 Y28.37427
G01 X-40.37508 Y28.37181
G01 X-40.31925 Y28.34133
G01 X-40.30122 Y28.33368
G01 X-40.28204 Y28.32967
G01 X-40.25568 Y28.32682
G01 X-40.24496 Y28.32624
G01 X-34.56648 Y28.32624
G01 X-34.55223 Y28.32728
G01 X-34.53829 Y28.33030
G01 X-34.47126 Y28.34999
G01 X-34.45310 Y28.35733
G01 X-34.43671 Y28.36807
G01 X-34.41606 Y28.38471
G01 X-34.41492 Y28.38572
G01 X-34.23374 Y28.51260
G01 X-34.22267 Y28.52159
G01 X-34.21299 Y28.53205
G01 X-34.16938 Y28.58661
G01 X-34.15899 Y28.60254
G01 X-34.15178 Y28.62014
G01 X-34.14802 Y28.63878
G01 X-34.14083 Y28.70830
G01 X-34.14070 Y28.72730
G01 X-34.14413 Y28.74600
G01 X-34.15106 Y28.76370
G01 X-34.18259 Y28.82603
G01 X-34.19295 Y28.84239
G01 X-34.20626 Y28.85641
G01 X-34.22554 Y28.87315
G01 X-34.23374 Y28.87958
G01 X-34.41225 Y29.00454
G01 X-34.56691 Y29.15918
G01 X-34.69239 Y29.33840
G01 X-34.70517 Y29.36578
G01 X-34.33699 Y29.36576
G01 X-34.28406 Y29.30127
G01 X-34.27748 Y29.29400
G01 X-34.27019 Y29.28740
G01 X-34.14139 Y29.18171
G01 X-34.12511 Y29.17081
G01 X-33.97814 Y29.09225
G01 X-33.96928 Y29.08806
G01 X-33.96003 Y29.08476
G01 X-33.80057 Y29.03640
G01 X-33.79107 Y29.03401
G01 X-33.78134 Y29.03256
G01 X-33.61553 Y29.01623
G01 X-33.59592 Y29.01623
G01 X-33.43009 Y29.03256
G01 X-33.42038 Y29.03401
G01 X-33.41086 Y29.03640
G01 X-33.25142 Y29.08476
G01 X-33.24218 Y29.08806
G01 X-33.23331 Y29.09225
G01 X-33.08635 Y29.17081
G01 X-33.07004 Y29.18171
G01 X-32.94124 Y29.28740
G01 X-32.93397 Y29.29400
G01 X-32.92737 Y29.30127
G01 X-32.87444 Y29.36576
G01 X-32.50626 Y29.36578
G01 X-32.51904 Y29.33840
G01 X-32.64451 Y29.15918
G01 X-32.79918 Y29.00452
G01 X-32.97766 Y28.87958
G01 X-32.98871 Y28.87056
G01 X-32.99841 Y28.86009
G01 X-33.04205 Y28.80551
G01 X-33.05244 Y28.78958
G01 X-33.05965 Y28.77201
G01 X-33.06341 Y28.75336
G01 X-33.07060 Y28.68387
G01 X-33.07075 Y28.66484
G01 X-33.06730 Y28.64615
G01 X-33.06036 Y28.62845
G01 X-33.02884 Y28.56609
G01 X-33.01843 Y28.54971
G01 X-33.00504 Y28.53561
G01 X-32.98574 Y28.51890
G01 X-32.97766 Y28.51260
G01 X-32.79504 Y28.38466
G01 X-32.79453 Y28.38430
G01 X-32.79156 Y28.38176
G01 X-32.78673 Y28.37879
G01 X-32.78035 Y28.37427
G01 X-32.77502 Y28.37181
G01 X-32.71924 Y28.34133
G01 X-32.70121 Y28.33368
G01 X-32.68203 Y28.32967
G01 X-32.65569 Y28.32682
G01 X-32.64497 Y28.32624
G01 X-30.96524 Y28.32624
G01 X-30.95100 Y28.32728
G01 X-30.93708 Y28.33030
G01 X-30.87002 Y28.34999
G01 X-30.85234 Y28.35705
G01 X-30.83637 Y28.36733
G01 X-30.82260 Y28.38047
G01 X-30.77685 Y28.43327
G01 X-30.76583 Y28.44874
G01 X-30.75793 Y28.46604
G01 X-30.75343 Y28.48453
G01 X-30.74350 Y28.55369
G01 X-30.74261 Y28.57267
G01 X-30.74531 Y28.59146
G01 X-30.75153 Y28.60942
G01 X-30.78054 Y28.67297
G01 X-30.78673 Y28.68450
G01 X-30.79440 Y28.69512
G01 X-30.80337 Y28.70467
G01 X-30.82278 Y28.72273
G01 X-30.83098 Y28.72956
G01 X-30.91074 Y28.78928
G01 X-30.97965 Y28.88135
G01 X-31.02049 Y28.99083
G01 X-31.02499 Y29.03256
G01 X-31.02496 Y29.36578
G01 X-30.72499 Y29.36578
G01 X-30.72499 Y29.07500
G01 X-30.72306 Y29.05550
G01 X-30.71737 Y29.03675
G01 X-30.70815 Y29.01945
G01 X-30.69570 Y29.00429
G01 X-30.68054 Y28.99187
G01 X-30.66326 Y28.98262
G01 X-30.64449 Y28.97693
G01 X-30.62499 Y28.97500
G01 X-28.92499 Y28.97500
G01 X-28.90548 Y28.97693
G01 X-28.88671 Y28.98262
G01 X-28.86944 Y28.99187
G01 X-28.85428 Y29.00429
G01 X-28.84183 Y29.01945
G01 X-28.83261 Y29.03675
G01 X-28.82692 Y29.05550
G01 X-28.82499 Y29.07500
G01 X-28.82499 Y29.36578
G01 X-28.52499 Y29.36578
G01 X-28.52496 Y29.03256
G01 X-28.52946 Y28.99083
G01 X-28.57030 Y28.88135
G01 X-28.63921 Y28.78928
G01 X-28.71897 Y28.72956
G01 X-28.72977 Y28.72022
G01 X-28.73911 Y28.70942
G01 X-28.78097 Y28.65349
G01 X-28.79085 Y28.63726
G01 X-28.79748 Y28.61946
G01 X-28.80063 Y28.60071
G01 X-28.80561 Y28.53104
G01 X-28.80518 Y28.51204
G01 X-28.80114 Y28.49347
G01 X-28.79365 Y28.47600
G01 X-28.76017 Y28.41465
G01 X-28.74953 Y28.39891
G01 X-28.73606 Y28.38547
G01 X-28.72032 Y28.37480
G01 X-28.65900 Y28.34133
G01 X-28.64099 Y28.33368
G01 X-28.62182 Y28.32967
G01 X-28.59545 Y28.32682
G01 X-28.58473 Y28.32624
G01 X-26.96647 Y28.32624
G01 X-26.95222 Y28.32728
G01 X-26.93828 Y28.33030
G01 X-26.87125 Y28.34999
G01 X-26.85309 Y28.35733
G01 X-26.83670 Y28.36807
G01 X-26.81605 Y28.38471
G01 X-26.81488 Y28.38572
G01 X-26.63376 Y28.51260
G01 X-26.62271 Y28.52156
G01 X-26.61303 Y28.53203
G01 X-26.56939 Y28.58659
G01 X-26.55898 Y28.60251
G01 X-26.55177 Y28.62012
G01 X-26.54801 Y28.63878
G01 X-26.54082 Y28.70830
G01 X-26.54069 Y28.72730
G01 X-26.54412 Y28.74600
G01 X-26.55105 Y28.76370
G01 X-26.58258 Y28.82603
G01 X-26.59296 Y28.84242
G01 X-26.60630 Y28.85646
G01 X-26.62560 Y28.87320
G01 X-26.63376 Y28.87958
G01 X-26.81227 Y29.00454
G01 X-26.96695 Y29.15923
G01 X-27.09238 Y29.33838
G01 X-27.10516 Y29.36578
G01 X-26.73701 Y29.36576
G01 X-26.68407 Y29.30127
G01 X-26.67747 Y29.29400
G01 X-26.67021 Y29.28740
G01 X-26.54140 Y29.18171
G01 X-26.52510 Y29.17081
G01 X-26.37813 Y29.09225
G01 X-26.36927 Y29.08806
G01 X-26.36002 Y29.08476
G01 X-26.20059 Y29.03640
G01 X-26.19106 Y29.03401
G01 X-26.18136 Y29.03256
G01 X-26.01552 Y29.01623
G01 X-25.99591 Y29.01623
G01 X-25.83010 Y29.03256
G01 X-25.82040 Y29.03401
G01 X-25.81087 Y29.03640
G01 X-25.65141 Y29.08476
G01 X-25.64217 Y29.08806
G01 X-25.63330 Y29.09225
G01 X-25.48634 Y29.17081
G01 X-25.47006 Y29.18171
G01 X-25.34125 Y29.28740
G01 X-25.33396 Y29.29400
G01 X-25.32738 Y29.30127
G01 X-25.30935 Y29.32324
G01 X-24.92962 Y29.32324
G01 X-25.04450 Y29.15921
G01 X-25.07255 Y29.13114
G01 X-25.08189 Y29.12037
G01 X-25.08961 Y29.10835
G01 X-25.12309 Y29.04704
G01 X-25.13059 Y29.02956
G01 X-25.13462 Y29.01100
G01 X-25.13508 Y28.99200
G01 X-25.13010 Y28.92230
G01 X-25.12693 Y28.90355
G01 X-25.12030 Y28.88572
G01 X-25.11039 Y28.86949
G01 X-25.06851 Y28.81356
G01 X-25.05571 Y28.79949
G01 X-25.04049 Y28.78811
G01 X-25.02340 Y28.77981
G01 X-24.95794 Y28.75540
G01 X-24.94260 Y28.75103
G01 X-24.92672 Y28.74915
G01 X-24.91789 Y28.74882
G01 X-24.91418 Y28.74874
G01 X-23.90374 Y28.74874
G01 X-23.88949 Y28.74978
G01 X-23.87555 Y28.75281
G01 X-23.80852 Y28.77249
G01 X-23.79086 Y28.77955
G01 X-23.77486 Y28.78984
G01 X-23.76112 Y28.80297
G01 X-23.71537 Y28.85578
G01 X-23.70435 Y28.87125
G01 X-23.69645 Y28.88854
G01 X-23.69198 Y28.90701
G01 X-23.68202 Y28.97617
G01 X-23.68111 Y28.99517
G01 X-23.68380 Y29.01399
G01 X-23.69002 Y29.03195
G01 X-23.71906 Y29.09550
G01 X-23.72685 Y29.10950
G01 X-23.73679 Y29.12204
G01 X-23.74281 Y29.12852
G01 X-23.74535 Y29.13114
G01 X-23.79404 Y29.17986
G01 X-23.87382 Y29.30919
G01 X-23.87849 Y29.32324
G01 X-23.51067 Y29.32324
G01 X-23.48306 Y29.30058
G01 X-23.47517 Y29.29474
G01 X-23.46676 Y29.28968
G01 X-23.42353 Y29.26660
G01 X-23.40542 Y29.25908
G01 X-23.35853 Y29.24485
G01 X-23.33930 Y29.24104
G01 X-23.29053 Y29.23622
G01 X-23.28073 Y29.23576
G01 X-22.33072 Y29.23576
G01 X-22.32091 Y29.23622
G01 X-22.27215 Y29.24104
G01 X-22.25292 Y29.24485
G01 X-22.20603 Y29.25908
G01 X-22.18792 Y29.26660
G01 X-22.14469 Y29.28968
G01 X-22.13628 Y29.29474
G01 X-22.12838 Y29.30058
G01 X-22.10077 Y29.32324
G01 X-21.73293 Y29.32324
G01 X-21.73760 Y29.30919
G01 X-21.81738 Y29.17986
G01 X-21.86608 Y29.13114
G01 X-21.87542 Y29.12037
G01 X-21.88314 Y29.10835
G01 X-21.91662 Y29.04704
G01 X-21.92411 Y29.02956
G01 X-21.92815 Y29.01100
G01 X-21.92861 Y28.99200
G01 X-21.92363 Y28.92230
G01 X-21.92046 Y28.90355
G01 X-21.91383 Y28.88572
G01 X-21.90392 Y28.86949
G01 X-21.86204 Y28.81356
G01 X-21.84924 Y28.79949
G01 X-21.83402 Y28.78811
G01 X-21.81693 Y28.77981
G01 X-21.75147 Y28.75540
G01 X-21.73613 Y28.75103
G01 X-21.72025 Y28.74915
G01 X-21.71141 Y28.74882
G01 X-21.70771 Y28.74874
G01 X-19.19951 Y28.74874
G01 X-19.02554 Y28.71417
G01 X-18.86166 Y28.64628
G01 X-18.71394 Y28.54755
G01 X-18.70362 Y28.53866
G01 X-18.69171 Y28.53101
G01 X-18.63040 Y28.49751
G01 X-18.61627 Y28.49116
G01 X-18.60136 Y28.48704
G01 X-18.58597 Y28.48532
G01 X-18.54198 Y28.48377
G01 X-18.52422 Y28.48473
G01 X-18.40550 Y28.50173
G01 X-18.39133 Y28.50071
G01 X-18.37713 Y28.50173
G01 X-18.30797 Y28.51166
G01 X-18.28948 Y28.51615
G01 X-18.27218 Y28.52405
G01 X-18.25668 Y28.53508
G01 X-18.20388 Y28.58085
G01 X-18.19354 Y28.59126
G01 X-18.18480 Y28.60305
G01 X-18.17792 Y28.61598
G01 X-18.16248 Y28.65090
G01 X-18.15735 Y28.66545
G01 X-18.15061 Y28.69055
G01 X-17.88734 Y28.42728
G01 X-17.89103 Y28.38976
G01 X-17.89103 Y28.37015
G01 X-17.87566 Y28.21410
G01 X-17.87421 Y28.20439
G01 X-17.87182 Y28.19487
G01 X-17.82631 Y28.04478
G01 X-17.81881 Y28.02667
G01 X-17.74487 Y27.88837
G01 X-17.73982 Y27.87996
G01 X-17.73398 Y27.87206
G01 X-17.63449 Y27.75083
G01 X-17.62791 Y27.74356
G01 X-17.62064 Y27.73698
G01 X-17.49941 Y27.63749
G01 X-17.48310 Y27.62659
G01 X-17.34480 Y27.55266
G01 X-17.32669 Y27.54516
G01 X-17.17660 Y27.49965
G01 X-17.16710 Y27.49726
G01 X-17.15737 Y27.49581
G01 X-17.00132 Y27.48044
G01 X-16.98171 Y27.48044
G01 X-16.94419 Y27.48415
G01 X-16.68092 Y27.22085
G01 X-16.70601 Y27.21412
G01 X-16.71948 Y27.20948
G01 X-16.73215 Y27.20295
G01 X-16.79182 Y27.16660
G01 X-16.80703 Y27.15520
G01 X-16.81983 Y27.14112
G01 X-16.82974 Y27.12487
G01 X-16.86027 Y27.06200
G01 X-16.86568 Y27.04839
G01 X-16.86906 Y27.03414
G01 X-16.87030 Y27.01953
G01 X-16.87076 Y26.98133
G01 X-16.86972 Y26.96571
G01 X-16.88610 Y26.85177
G01 X-16.93469 Y26.74537
G01 X-16.96106 Y26.71265
G01 X-17.48960 Y26.18410
G01 X-17.49895 Y26.17333
G01 X-17.50667 Y26.16132
G01 X-17.54015 Y26.09998
G01 X-17.54566 Y26.08809
G01 X-17.54957 Y26.07559
G01 X-17.55181 Y26.06272
G01 X-17.55463 Y26.03638
G01 X-17.55521 Y26.02571
G01 X-17.55521 Y24.40488
G01 X-17.55417 Y24.39066
G01 X-17.55115 Y24.37672
G01 X-17.53146 Y24.30968
G01 X-17.52440 Y24.29203
G01 X-17.51412 Y24.27606
G01 X-17.50101 Y24.26229
G01 X-17.44823 Y24.21654
G01 X-17.43538 Y24.20709
G01 X-17.42115 Y24.19980
G01 X-17.41297 Y24.19640
G01 X-17.41191 Y24.19597
G01 X-17.31960 Y24.12688
G01 X-17.25059 Y24.03468
G01 X-17.20639 Y23.91621
G01 X-17.20048 Y23.90323
G01 X-17.19278 Y23.89125
G01 X-17.15092 Y23.83531
G01 X-17.13812 Y23.82122
G01 X-17.12288 Y23.80984
G01 X-17.10579 Y23.80151
G01 X-17.04030 Y23.77710
G01 X-17.02194 Y23.77220
G01 X-17.00297 Y23.77085
G01 X-16.98409 Y23.77311
G01 X-16.91582 Y23.78797
G01 X-16.90215 Y23.79198
G01 X-16.88917 Y23.79790
G01 X-16.87719 Y23.80560
G01 X-16.84894 Y23.82673
G01 X-16.83812 Y23.83610
G01 X-16.72227 Y23.95200
G01 X-16.54307 Y24.07743
G01 X-16.51572 Y24.09020
G01 X-16.51572 Y23.72203
G01 X-16.58021 Y23.66910
G01 X-16.58747 Y23.66249
G01 X-16.59408 Y23.65523
G01 X-16.69977 Y23.52642
G01 X-16.71066 Y23.51012
G01 X-16.78923 Y23.36318
G01 X-16.79342 Y23.35429
G01 X-16.79672 Y23.34507
G01 X-16.84508 Y23.18561
G01 X-16.84892 Y23.16638
G01 X-16.86525 Y23.00054
G01 X-16.86573 Y22.99074
G01 X-16.86525 Y22.98093
G01 X-16.84892 Y22.81512
G01 X-16.84508 Y22.79590
G01 X-16.79672 Y22.63643
G01 X-16.79342 Y22.62719
G01 X-16.78923 Y22.61832
G01 X-16.71066 Y22.47139
G01 X-16.69977 Y22.45508
G01 X-16.59408 Y22.32627
G01 X-16.58747 Y22.31899
G01 X-16.58021 Y22.31241
G01 X-16.51572 Y22.25947
G01 X-16.51572 Y21.89133
G01 X-16.55613 Y21.94218
G01 X-16.66830 Y22.11698
G01 X-16.81567 Y22.34670
G01 X-16.89857 Y22.39864
G01 X-17.01943 Y22.47436
G01 X-17.06583 Y22.50237
G01 X-17.06850 Y22.50217
G01 X-17.12369 Y22.49287
G01 X-17.20838 Y22.36168
G01 X-17.21661 Y22.34520
G01 X-17.20838 Y22.36168
G01 X-17.12369 Y22.49287
G01 X-17.06850 Y22.50217
G01 X-17.06583 Y22.50237
G01 X-17.07058 Y22.51241
G01 X-17.08379 Y22.54936
G01 X-17.10678 Y22.62516
G01 X-17.11846 Y22.70387
G01 X-17.12664 Y22.78655
G01 X-17.13472 Y22.95068
G01 X-17.13472 Y23.03082
G01 X-17.12664 Y23.19503
G01 X-17.11846 Y23.27766
G01 X-17.10680 Y23.35627
G01 X-17.08379 Y23.43214
G01 X-17.07058 Y23.46910
G01 X-17.06730 Y23.47603
G01 X-17.07165 Y23.47634
G01 X-17.12552 Y23.49076
G01 X-17.16634 Y23.54956
G01 X-17.20739 Y23.62952
G01 X-17.17564 Y23.61411
G01 X-17.11015 Y23.58970
G01 X-17.05506 Y23.57496
G01 X-16.99819 Y23.57090
G01 X-16.94157 Y23.57768
G01 X-16.89603 Y23.58759
G01 X-16.80683 Y23.64649
G01 X-16.89603 Y23.58759
G01 X-16.96560 Y23.45744
G01 X-16.97818 Y23.43084
G01 X-16.98811 Y23.40311
G01 X-17.03647 Y23.24367
G01 X-17.04795 Y23.18599
G01 X-17.06428 Y23.02015
G01 X-17.06573 Y22.99074
G01 X-17.06428 Y22.96135
G01 X-17.04795 Y22.79551
G01 X-17.03647 Y22.73783
G01 X-16.98811 Y22.57837
G01 X-16.97818 Y22.55066
G01 X-16.96560 Y22.52404
G01 X-16.89857 Y22.39864
G01 X-16.89834 Y22.39821
G01 X-16.81567 Y22.34670
G01 X-16.89834 Y22.39821
G01 X-16.93456 Y22.40608
G01 X-16.99164 Y22.40743
G01 X-17.06134 Y22.40242
G01 X-17.11755 Y22.39298
G01 X-17.17094 Y22.37304
G01 X-17.21661 Y22.34520
G01 X-17.24096 Y22.29658
G01 X-17.28640 Y22.17639
G01 X-17.29453 Y22.14451
G01 X-17.29816 Y22.12935
G01 X-17.30284 Y22.10852
G01 X-17.30424 Y22.10354
G01 X-17.33753 Y22.00433
G01 X-17.34058 Y21.99714
G01 X-17.34472 Y21.99051
G01 X-17.34358 Y21.98988
G01 X-17.34472 Y21.99051
G01 X-17.38353 Y21.93799
G01 X-17.38577 Y21.93522
G01 X-17.38988 Y21.93037
G01 X-17.39418 Y21.92595
G01 X-17.39900 Y21.92206
G01 X-17.39804 Y21.92099
G01 X-17.39900 Y21.92206
G01 X-17.47891 Y21.86547
G01 X-17.48300 Y21.86285
G01 X-17.55079 Y21.82414
G01 X-17.55201 Y21.82346
G01 X-17.57177 Y21.81289
G01 X-17.57505 Y21.80303
G01 X-17.59997 Y21.68503
G01 X-17.60357 Y21.64492
G01 X-17.60545 Y21.60225
G01 X-17.60545 Y19.85739
G01 X-17.60053 Y19.78915
G01 X-17.59159 Y19.72717
G01 X-17.54327 Y19.66207
G01 X-17.52768 Y19.64470
G01 X-17.51031 Y19.62633
G01 X-17.06202 Y19.17807
G01 X-17.06083 Y19.17683
G01 X-17.03733 Y19.15166
G01 X-17.03403 Y19.14774
G01 X-17.02504 Y19.13588
G01 X-17.02204 Y19.13141
G01 X-17.02077 Y19.13230
G01 X-17.02204 Y19.13141
G01 X-17.01950 Y19.12666
G01 X-16.98760 Y19.05760
G01 X-16.98501 Y19.05069
G01 X-16.98402 Y19.05100
G01 X-16.98501 Y19.05069
G01 X-16.98346 Y19.04350
G01 X-16.97297 Y18.96786
G01 X-16.97216 Y18.96786
G01 X-16.97297 Y18.96786
G01 X-16.97251 Y18.95956
G01 X-16.97381 Y18.91353
G01 X-16.97404 Y18.91018
G01 X-16.98092 Y18.83858
G01 X-16.98133 Y18.83535
G01 X-16.99817 Y18.73197
G01 X-17.00170 Y18.70563
G01 X-17.00408 Y18.68811
G01 X-17.00182 Y18.68732
G01 X-17.00408 Y18.68811
G01 X-17.00586 Y18.68000
G01 X-17.00896 Y18.67233
G01 X-17.01328 Y18.66527
G01 X-17.01869 Y18.65900
G01 X-17.02509 Y18.65374
G01 X-17.03225 Y18.64957
G01 X-17.03385 Y18.64881
G01 X-17.02471 Y18.64973
G01 X-17.02293 Y18.65148
G01 X-16.98801 Y18.68640
G01 X-16.95712 Y18.68384
G01 X-16.98801 Y18.68640
G01 X-17.00170 Y18.70563
G01 X-16.98801 Y18.68640
G01 X-17.02293 Y18.65148
G01 X-17.02509 Y18.65374
G01 X-17.02293 Y18.65148
G01 X-17.02471 Y18.64973
G01 X-17.02382 Y18.64848
G01 X-17.02471 Y18.64973
G01 X-17.03385 Y18.64881
G01 X-17.15455 Y18.59174
G01 X-17.20543 Y18.56461
G01 X-17.33032 Y18.48973
G01 X-17.34221 Y18.48262
G01 X-17.37998 Y18.45740
G01 X-17.50517 Y18.36454
G01 X-17.53527 Y18.33985
G01 X-17.64970 Y18.23614
G01 X-17.67609 Y18.20975
G01 X-17.77962 Y18.09552
G01 X-17.80449 Y18.06522
G01 X-17.89735 Y17.94005
G01 X-17.92270 Y17.90205
G01 X-17.92969 Y17.89037
G01 X-17.96753 Y17.76565
G01 X-17.97231 Y17.74663
G01 X-17.97518 Y17.72720
G01 X-17.99054 Y17.57114
G01 X-17.99054 Y17.54246
G01 X-17.98478 Y17.53975
G01 X-17.99054 Y17.54246
G01 X-18.12359 Y17.40939
G01 X-18.12445 Y17.36520
G01 X-18.12359 Y17.40939
G01 X-18.14226 Y17.43434
G01 X-18.17043 Y17.45994
G01 X-18.20291 Y17.47975
G01 X-18.26578 Y17.51026
G01 X-18.29301 Y17.52110
G01 X-18.32153 Y17.52786
G01 X-18.35074 Y17.53035
G01 X-18.38894 Y17.53081
G01 X-18.40050 Y17.53004
G01 X-18.49125 Y17.54310
G01 X-18.49158 Y17.54191
G01 X-18.49125 Y17.54310
G01 X-18.60306 Y17.59418
G01 X-18.64007 Y17.60685
G01 X-18.65511 Y17.60889
G01 X-18.69067 Y17.61866
G01 X-18.72758 Y17.62517
G01 X-18.76504 Y17.62468
G01 X-18.78704 Y17.62232
G01 X-18.80474 Y17.61960
G01 X-18.88935 Y17.60251
G01 X-21.90771 Y17.60276
G01 X-21.93615 Y17.60071
G01 X-21.96404 Y17.59466
G01 X-22.03107 Y17.57498
G01 X-22.06638 Y17.56083
G01 X-22.09838 Y17.54028
G01 X-22.12589 Y17.51402
G01 X-22.17164 Y17.46121
G01 X-22.19368 Y17.43025
G01 X-22.20946 Y17.39570
G01 X-22.21842 Y17.35877
G01 X-22.22838 Y17.28963
G01 X-22.23021 Y17.25163
G01 X-22.22480 Y17.21397
G01 X-22.21235 Y17.17803
G01 X-22.18332 Y17.11453
G01 X-22.16783 Y17.08669
G01 X-22.14817 Y17.06174
G01 X-22.14215 Y17.05519
G01 X-22.13679 Y17.04965
G01 X-22.11540 Y17.02827
G01 X-21.98261 Y16.96901
G01 X-22.11540 Y17.02827
G01 X-22.26501 Y17.02824
G01 X-22.26574 Y17.02527
G01 X-22.26501 Y17.02824
G01 X-22.28071 Y17.03990
G01 X-22.29755 Y17.05001
G01 X-22.34078 Y17.07310
G01 X-22.37700 Y17.08811
G01 X-22.42389 Y17.10233
G01 X-22.44294 Y17.10711
G01 X-22.46234 Y17.11000
G01 X-22.51111 Y17.11478
G01 X-22.53072 Y17.11574
G01 X-23.48073 Y17.11574
G01 X-23.50034 Y17.11478
G01 X-23.54911 Y17.11000
G01 X-23.56851 Y17.10711
G01 X-23.58756 Y17.10233
G01 X-23.63445 Y17.08811
G01 X-23.67067 Y17.07310
G01 X-23.71390 Y17.05001
G01 X-23.73074 Y17.03990
G01 X-23.74644 Y17.02824
G01 X-23.74570 Y17.02527
G01 X-23.74644 Y17.02824
G01 X-23.89602 Y17.02827
G01 X-24.01827 Y16.97079
G01 X-23.89602 Y17.02827
G01 X-23.87463 Y17.04965
G01 X-23.85594 Y17.07127
G01 X-23.84049 Y17.09525
G01 X-23.80702 Y17.15659
G01 X-23.79206 Y17.19154
G01 X-23.78398 Y17.22867
G01 X-23.78306 Y17.26672
G01 X-23.78804 Y17.33637
G01 X-23.79437 Y17.37388
G01 X-23.80765 Y17.40955
G01 X-23.82746 Y17.44198
G01 X-23.86935 Y17.49791
G01 X-23.89493 Y17.52608
G01 X-23.92536 Y17.54884
G01 X-23.95954 Y17.56545
G01 X-24.02500 Y17.58984
G01 X-24.05599 Y17.59862
G01 X-24.08799 Y17.60233
G01 X-24.09683 Y17.60264
G01 X-24.10374 Y17.60276
G01 X-25.13965 Y17.60276
G01 X-25.16810 Y17.60071
G01 X-25.19596 Y17.59466
G01 X-25.26302 Y17.57498
G01 X-25.29835 Y17.56083
G01 X-25.33033 Y17.54028
G01 X-25.35786 Y17.51402
G01 X-25.40361 Y17.46121
G01 X-25.42566 Y17.43025
G01 X-25.44143 Y17.39570
G01 X-25.45040 Y17.35877
G01 X-25.46035 Y17.28963
G01 X-25.46218 Y17.25163
G01 X-25.45677 Y17.21397
G01 X-25.44433 Y17.17803
G01 X-25.41529 Y17.11453
G01 X-25.40234 Y17.09062
G01 X-25.38629 Y17.06868
G01 X-25.36741 Y17.04915
G01 X-25.34483 Y17.02875
G01 X-25.34422 Y17.02827
G01 X-25.20592 Y16.96812
G01 X-25.34422 Y17.02827
G01 X-25.55029 Y17.02827
G01 X-25.55050 Y17.02697
G01 X-25.55029 Y17.02827
G01 X-25.58616 Y17.04742
G01 X-25.60391 Y17.05583
G01 X-25.62238 Y17.06243
G01 X-25.78184 Y17.11082
G01 X-25.82030 Y17.11846
G01 X-25.98611 Y17.13479
G01 X-26.00572 Y17.13576
G01 X-26.02533 Y17.13479
G01 X-26.19116 Y17.11846
G01 X-26.22962 Y17.11082
G01 X-26.38905 Y17.06243
G01 X-26.40754 Y17.05583
G01 X-26.42527 Y17.04742
G01 X-26.57224 Y16.96888
G01 X-26.60483 Y16.94709
G01 X-26.73366 Y16.84142
G01 X-26.74818 Y16.82822
G01 X-26.76137 Y16.81366
G01 X-26.78425 Y16.78580
G01 X-26.78192 Y16.77950
G01 X-26.78425 Y16.78580
G01 X-26.91943 Y16.78580
G01 X-27.05758 Y16.72570
G01 X-26.91943 Y16.78580
G01 X-26.89002 Y16.82778
G01 X-26.74775 Y16.97008
G01 X-26.74801 Y16.97038
G01 X-26.74775 Y16.97008
G01 X-26.57640 Y17.09006
G01 X-26.55426 Y17.10807
G01 X-26.53490 Y17.12905
G01 X-26.49126 Y17.18359
G01 X-26.47046 Y17.21541
G01 X-26.45603 Y17.25059
G01 X-26.44854 Y17.28788
G01 X-26.44135 Y17.35743
G01 X-26.44105 Y17.39540
G01 X-26.44796 Y17.43279
G01 X-26.46180 Y17.46819
G01 X-26.49332 Y17.53060
G01 X-26.51415 Y17.56337
G01 X-26.54092 Y17.59151
G01 X-26.56022 Y17.60822
G01 X-26.57640 Y17.62085
G01 X-26.75776 Y17.74785
G01 X-26.76066 Y17.75031
G01 X-26.76312 Y17.75212
G01 X-26.78565 Y17.76596
G01 X-26.79134 Y17.76906
G01 X-26.79439 Y17.77091
G01 X-26.79533 Y17.77124
G01 X-26.84425 Y17.79796
G01 X-26.86802 Y17.80901
G01 X-26.89301 Y17.81681
G01 X-26.91882 Y17.82131
G01 X-26.94516 Y17.82412
G01 X-26.96647 Y17.82532
G01 X-32.64497 Y17.82532
G01 X-32.67342 Y17.82321
G01 X-32.70131 Y17.81714
G01 X-32.76834 Y17.79745
G01 X-32.80469 Y17.78280
G01 X-32.83745 Y17.76131
G01 X-32.85762 Y17.74511
G01 X-33.03501 Y17.62085
G01 X-33.05716 Y17.60292
G01 X-33.07652 Y17.58191
G01 X-33.12016 Y17.52738
G01 X-33.14096 Y17.49550
G01 X-33.15538 Y17.46032
G01 X-33.16288 Y17.42303
G01 X-33.17007 Y17.35354
G01 X-33.17037 Y17.31552
G01 X-33.16346 Y17.27818
G01 X-33.14962 Y17.24272
G01 X-33.11810 Y17.18036
G01 X-33.09727 Y17.14760
G01 X-33.07050 Y17.11940
G01 X-33.05119 Y17.10274
G01 X-33.03501 Y17.09006
G01 X-32.86367 Y16.97008
G01 X-32.86341 Y16.97033
G01 X-32.86367 Y16.97008
G01 X-32.72140 Y16.82778
G01 X-32.69199 Y16.78580
G01 X-32.55384 Y16.72570
G01 X-32.69199 Y16.78580
G01 X-32.82719 Y16.78580
G01 X-32.82973 Y16.77917
G01 X-32.82719 Y16.78580
G01 X-32.85008 Y16.81366
G01 X-32.86326 Y16.82822
G01 X-32.87781 Y16.84142
G01 X-33.00662 Y16.94709
G01 X-33.03921 Y16.96888
G01 X-33.18617 Y17.04742
G01 X-33.20390 Y17.05583
G01 X-33.22239 Y17.06243
G01 X-33.38185 Y17.11082
G01 X-33.42028 Y17.11846
G01 X-33.58612 Y17.13479
G01 X-33.60573 Y17.13576
G01 X-33.62534 Y17.13479
G01 X-33.79115 Y17.11846
G01 X-33.82960 Y17.11082
G01 X-33.98906 Y17.06243
G01 X-34.00753 Y17.05583
G01 X-34.02528 Y17.04742
G01 X-34.17225 Y16.96888
G01 X-34.20484 Y16.94709
G01 X-34.33364 Y16.84142
G01 X-34.34819 Y16.82822
G01 X-34.36138 Y16.81366
G01 X-34.38424 Y16.78580
G01 X-34.38170 Y16.77917
G01 X-34.38424 Y16.78580
G01 X-34.51942 Y16.78580
G01 X-34.65757 Y16.72570
G01 X-34.51942 Y16.78580
G01 X-34.49003 Y16.82776
G01 X-34.34774 Y16.97008
G01 X-34.34802 Y16.97038
G01 X-34.34774 Y16.97008
G01 X-34.17639 Y17.09006
G01 X-34.15421 Y17.10807
G01 X-34.13486 Y17.12905
G01 X-34.09125 Y17.18361
G01 X-34.07045 Y17.21544
G01 X-34.05604 Y17.25062
G01 X-34.04855 Y17.28788
G01 X-34.04136 Y17.35743
G01 X-34.04106 Y17.39540
G01 X-34.04797 Y17.43279
G01 X-34.06181 Y17.46819
G01 X-34.09333 Y17.53060
G01 X-34.11411 Y17.56329
G01 X-34.14083 Y17.59144
G01 X-34.16011 Y17.60815
G01 X-34.17641 Y17.62087
G01 X-34.35780 Y17.74785
G01 X-34.36067 Y17.75031
G01 X-34.36313 Y17.75212
G01 X-34.38581 Y17.76565
G01 X-34.38563 Y17.76596
G01 X-34.39389 Y17.77048
G01 X-34.39546 Y17.77139
G01 X-34.39590 Y17.77157
G01 X-34.44423 Y17.79796
G01 X-34.46801 Y17.80901
G01 X-34.49303 Y17.81681
G01 X-34.51883 Y17.82131
G01 X-34.54520 Y17.82412
G01 X-34.56648 Y17.82532
G01 X-40.24496 Y17.82532
G01 X-40.27340 Y17.82321
G01 X-40.30127 Y17.81717
G01 X-40.36832 Y17.79748
G01 X-40.39294 Y17.78851
G01 X-40.41615 Y17.77632
G01 X-40.43757 Y17.76123
G01 X-40.45763 Y17.74511
G01 X-40.63500 Y17.62087
G01 X-40.65717 Y17.60292
G01 X-40.67655 Y17.58191
G01 X-40.72017 Y17.52730
G01 X-40.74097 Y17.49550
G01 X-40.75534 Y17.46040
G01 X-40.76284 Y17.42311
G01 X-40.77005 Y17.35359
G01 X-40.77038 Y17.31557
G01 X-40.76347 Y17.27818
G01 X-40.74963 Y17.24272
G01 X-40.71811 Y17.18036
G01 X-40.69728 Y17.14760
G01 X-40.67051 Y17.11940
G01 X-40.65120 Y17.10274
G01 X-40.63502 Y17.09006
G01 X-40.46368 Y16.97008
G01 X-40.46345 Y16.97038
G01 X-40.46368 Y16.97008
G01 X-40.32141 Y16.82778
G01 X-40.29200 Y16.78580
G01 X-40.15385 Y16.72570
G01 X-40.29200 Y16.78580
G01 X-40.42720 Y16.78580
G01 X-40.42974 Y16.77917
G01 X-40.42720 Y16.78580
G01 X-40.45009 Y16.81366
G01 X-40.46327 Y16.82822
G01 X-40.47780 Y16.84142
G01 X-40.60660 Y16.94709
G01 X-40.63922 Y16.96888
G01 X-40.78615 Y17.04742
G01 X-40.80391 Y17.05583
G01 X-40.82237 Y17.06243
G01 X-40.98184 Y17.11082
G01 X-41.02029 Y17.11846
G01 X-41.18613 Y17.13479
G01 X-41.20571 Y17.13576
G01 X-41.22532 Y17.13479
G01 X-41.39116 Y17.11846
G01 X-41.42961 Y17.11082
G01 X-41.58905 Y17.06243
G01 X-41.60754 Y17.05583
G01 X-41.62529 Y17.04742
G01 X-41.77223 Y16.96888
G01 X-41.80485 Y16.94709
G01 X-41.93365 Y16.84142
G01 X-41.94818 Y16.82822
G01 X-41.96136 Y16.81366
G01 X-41.98425 Y16.78580
G01 X-41.98171 Y16.77917
G01 X-41.98425 Y16.78580
G01 X-42.11943 Y16.78580
G01 X-42.25758 Y16.72570
G01 X-42.11943 Y16.78580
G01 X-42.09001 Y16.82778
G01 X-41.94775 Y16.97008
G01 X-41.94800 Y16.97038
G01 X-41.94775 Y16.97008
G01 X-41.77640 Y17.09006
G01 X-41.75425 Y17.10807
G01 X-41.73490 Y17.12905
G01 X-41.69126 Y17.18359
G01 X-41.67046 Y17.21541
G01 X-41.65603 Y17.25059
G01 X-41.64854 Y17.28788
G01 X-41.64135 Y17.35743
G01 X-41.64104 Y17.39540
G01 X-41.64795 Y17.43279
G01 X-41.66179 Y17.46819
G01 X-41.69332 Y17.53060
G01 X-41.71414 Y17.56337
G01 X-41.74092 Y17.59151
G01 X-41.76022 Y17.60822
G01 X-41.77642 Y17.62087
G01 X-41.95781 Y17.74785
G01 X-41.96068 Y17.75031
G01 X-41.96314 Y17.75212
G01 X-41.98582 Y17.76565
G01 X-41.98564 Y17.76596
G01 X-41.99398 Y17.77051
G01 X-41.99547 Y17.77139
G01 X-41.99588 Y17.77157
G01 X-42.04424 Y17.79796
G01 X-42.06802 Y17.80901
G01 X-42.09304 Y17.81681
G01 X-42.11884 Y17.82131
G01 X-42.14521 Y17.82412
G01 X-42.16649 Y17.82532
G01 X-47.78497 Y17.82532
G01 X-47.81342 Y17.82321
G01 X-47.84131 Y17.81714
G01 X-47.90834 Y17.79745
G01 X-47.94469 Y17.78280
G01 X-47.97745 Y17.76131
G01 X-47.99762 Y17.74511
G01 X-48.17501 Y17.62085
G01 X-48.19716 Y17.60292
G01 X-48.21652 Y17.58191
G01 X-48.26016 Y17.52738
G01 X-48.28096 Y17.49550
G01 X-48.29539 Y17.46032
G01 X-48.30288 Y17.42303
G01 X-48.31007 Y17.35354
G01 X-48.31037 Y17.31552
G01 X-48.30346 Y17.27818
G01 X-48.28962 Y17.24272
G01 X-48.25810 Y17.18036
G01 X-48.23727 Y17.14760
G01 X-48.21050 Y17.11940
G01 X-48.19119 Y17.10274
G01 X-48.17501 Y17.09006
G01 X-48.00367 Y16.97008
G01 X-48.00341 Y16.97033
G01 X-48.00367 Y16.97008
G01 X-47.86140 Y16.82778
G01 X-47.83199 Y16.78580
G01 X-47.69384 Y16.72570
G01 X-47.83199 Y16.78580
G01 X-47.96719 Y16.78580
G01 X-47.96973 Y16.77917
G01 X-47.96719 Y16.78580
G01 X-47.99008 Y16.81366
G01 X-48.00326 Y16.82822
G01 X-48.01781 Y16.84142
G01 X-48.14662 Y16.94709
G01 X-48.17921 Y16.96888
G01 X-48.32617 Y17.04742
G01 X-48.34390 Y17.05583
G01 X-48.36239 Y17.06243
G01 X-48.52185 Y17.11082
G01 X-48.56028 Y17.11846
G01 X-48.72612 Y17.13479
G01 X-48.74573 Y17.13576
G01 X-48.76534 Y17.13479
G01 X-48.93115 Y17.11846
G01 X-48.96960 Y17.11082
G01 X-49.12906 Y17.06243
G01 X-49.14753 Y17.05583
G01 X-49.16528 Y17.04742
G01 X-49.31225 Y16.96888
G01 X-49.34484 Y16.94709
G01 X-49.47364 Y16.84142
G01 X-49.48819 Y16.82822
G01 X-49.50138 Y16.81366
G01 X-49.52424 Y16.78580
G01 X-49.52170 Y16.77917
G01 X-49.52424 Y16.78580
G01 X-49.65944 Y16.78577
G01 X-49.79759 Y16.72570
G01 X-49.65944 Y16.78577
G01 X-49.63003 Y16.82776
G01 X-49.48774 Y16.97008
G01 X-49.48807 Y16.97043
G01 X-49.48774 Y16.97008
G01 X-49.31639 Y17.09006
G01 X-49.29421 Y17.10807
G01 X-49.27486 Y17.12905
G01 X-49.23125 Y17.18361
G01 X-49.21045 Y17.21544
G01 X-49.19604 Y17.25062
G01 X-49.18855 Y17.28788
G01 X-49.18136 Y17.35743
G01 X-49.18106 Y17.39540
G01 X-49.18797 Y17.43279
G01 X-49.20181 Y17.46819
G01 X-49.23333 Y17.53060
G01 X-49.25411 Y17.56329
G01 X-49.28083 Y17.59144
G01 X-49.30011 Y17.60815
G01 X-49.31641 Y17.62087
G01 X-49.49780 Y17.74785
G01 X-49.50067 Y17.75031
G01 X-49.50313 Y17.75212
G01 X-49.52581 Y17.76565
G01 X-49.52563 Y17.76596
G01 X-49.53389 Y17.77048
G01 X-49.53546 Y17.77139
G01 X-49.53590 Y17.77157
G01 X-49.58423 Y17.79796
G01 X-49.60801 Y17.80901
G01 X-49.63303 Y17.81681
G01 X-49.65883 Y17.82131
G01 X-49.68520 Y17.82412
G01 X-49.70648 Y17.82532
G01 X-50.14453 Y17.82524
G01 X-50.14458 Y17.82476
G01 X-50.14453 Y17.82524
G01 X-50.29922 Y17.85603
G01 X-50.29934 Y17.85557
G01 X-50.29922 Y17.85603
G01 X-50.44489 Y17.91638
G01 X-50.44511 Y17.91595
G01 X-50.44489 Y17.91638
G01 X-50.57603 Y18.00398
G01 X-50.57633 Y18.00360
G01 X-50.57603 Y18.00398
G01 X-50.63173 Y18.05971
G01 X-50.63155 Y18.05991
G01 X-50.63173 Y18.05971
G01 X-51.22751 Y18.65549
G01 X-51.22789 Y18.65519
G01 X-51.22751 Y18.65549
G01 X-51.31509 Y18.78658
G01 X-51.31552 Y18.78635
G01 X-51.31509 Y18.78658
G01 X-51.37544 Y18.93225
G01 X-51.37590 Y18.93212
G01 X-51.37544 Y18.93225
G01 X-51.40569 Y19.08437
G01 X-51.40617 Y19.08432
G01 X-51.40569 Y19.08437
G01 X-51.40569 Y19.16479
G01 X-51.40569 Y19.16578
G01 X-51.40569 Y26.76574
G01 X-51.30564 Y26.76698
G01 X-51.30475 Y26.78535
G01 X-51.29513 Y26.88291
G01 X-51.28748 Y26.92134
G01 X-51.25903 Y27.01514
G01 X-51.24402 Y27.05136
G01 X-51.19782 Y27.13780
G01 X-51.17605 Y27.17041
G01 X-51.11387 Y27.24618
G01 X-51.10069 Y27.26071
G01 X-50.44069 Y27.92073
G01 X-50.42916 Y27.93139
G01 X-50.36950 Y27.98235
G01 X-50.34412 Y28.00079
G01 X-50.27722 Y28.04181
G01 X-50.24925 Y28.05606
G01 X-50.17676 Y28.08608
G01 X-50.14692 Y28.09576
G01 X-50.07062 Y28.11410
G01 X-50.03963 Y28.11900
G01 X-49.96140 Y28.12515
G01 X-49.94572 Y28.12578
G01 X-49.58426 Y28.12578
G01 X-49.58182 Y28.11963
G01 X-49.58426 Y28.12578
G01 X-49.56137 Y28.15367
G01 X-49.54819 Y28.16820
G01 X-49.53364 Y28.18138
G01 X-49.40483 Y28.28710
G01 X-49.37224 Y28.30889
G01 X-49.22528 Y28.38743
G01 X-49.20755 Y28.39583
G01 X-49.18906 Y28.40244
G01 X-49.02960 Y28.45080
G01 X-49.01057 Y28.45557
G01 X-48.99114 Y28.45844
G01 X-48.82533 Y28.47478
G01 X-48.78611 Y28.47478
G01 X-48.62030 Y28.45844
G01 X-48.60087 Y28.45557
G01 X-48.58185 Y28.45080
G01 X-48.42239 Y28.40244
G01 X-48.38616 Y28.38743
G01 X-48.23920 Y28.30889
G01 X-48.22541 Y28.30061
G01 X-48.22360 Y28.29936
G01 X-48.21784 Y28.29543
G01 X-48.20661 Y28.28710
G01 X-48.07781 Y28.18138
G01 X-48.06325 Y28.16820
G01 X-48.05007 Y28.15367
G01 X-48.02719 Y28.12578
G01 X-48.02968 Y28.11923
G01 X-48.02719 Y28.12578
G01 X-41.98425 Y28.12578
G01 X-41.98171 Y28.11915
G01 X-41.98425 Y28.12578
G01 X-41.96136 Y28.15367
G01 X-41.94818 Y28.16820
G01 X-41.93365 Y28.18138
G01 X-41.80485 Y28.28710
G01 X-41.77223 Y28.30889
G01 X-41.62529 Y28.38743
G01 X-41.60754 Y28.39583
G01 X-41.58905 Y28.40244
G01 X-41.42961 Y28.45080
G01 X-41.41056 Y28.45557
G01 X-41.39116 Y28.45844
G01 X-41.22532 Y28.47478
G01 X-41.18613 Y28.47478
G01 X-41.02029 Y28.45844
G01 X-41.00089 Y28.45557
G01 X-40.98184 Y28.45080
G01 X-40.82237 Y28.40244
G01 X-40.78615 Y28.38743
G01 X-40.63922 Y28.30889
G01 X-40.62542 Y28.30061
G01 X-40.62276 Y28.29878
G01 X-40.61775 Y28.29538
G01 X-40.60373 Y28.28578
G01 X-40.52085 Y28.22291
G01 X-40.51290 Y28.21666
G01 X-40.51077 Y28.21506
G01 X-40.47003 Y28.18639
G01 X-40.42984 Y28.15626
G01 X-40.42723 Y28.15413
G01 X-40.41984 Y28.14907
G01 X-40.42078 Y28.14681
G01 X-40.41984 Y28.14907
G01 X-40.41163 Y28.14544
G01 X-40.40292 Y28.14331
G01 X-40.30582 Y28.12873
G01 X-40.30107 Y28.12824
G01 X-40.30109 Y28.12786
G01 X-40.30107 Y28.12824
G01 X-40.27455 Y28.12682
G01 X-40.27320 Y28.12677
G01 X-40.24628 Y28.12603
G01 X-40.24496 Y28.12601
G01 X-34.56646 Y28.12578
G01 X-34.38426 Y28.12578
G01 X-34.38172 Y28.11915
G01 X-34.38426 Y28.12578
G01 X-34.36138 Y28.15367
G01 X-34.34819 Y28.16820
G01 X-34.33364 Y28.18138
G01 X-34.20484 Y28.28710
G01 X-34.17225 Y28.30889
G01 X-34.02528 Y28.38743
G01 X-34.00753 Y28.39583
G01 X-33.98906 Y28.40244
G01 X-33.82960 Y28.45080
G01 X-33.81058 Y28.45557
G01 X-33.79115 Y28.45844
G01 X-33.62534 Y28.47478
G01 X-33.58612 Y28.47478
G01 X-33.42028 Y28.45844
G01 X-33.40088 Y28.45557
G01 X-33.38185 Y28.45080
G01 X-33.22239 Y28.40244
G01 X-33.18617 Y28.38743
G01 X-33.03921 Y28.30889
G01 X-33.02539 Y28.30058
G01 X-33.02064 Y28.29733
G01 X-33.01784 Y28.29543
G01 X-33.00367 Y28.28572
G01 X-32.92097 Y28.22299
G01 X-32.91188 Y28.21585
G01 X-32.90974 Y28.21425
G01 X-32.86994 Y28.18631
G01 X-32.82988 Y28.15631
G01 X-32.82724 Y28.15413
G01 X-32.81983 Y28.14910
G01 X-32.82079 Y28.14681
G01 X-32.81983 Y28.14910
G01 X-32.81165 Y28.14544
G01 X-32.80293 Y28.14333
G01 X-32.70583 Y28.12873
G01 X-32.70108 Y28.12824
G01 X-32.70113 Y28.12786
G01 X-32.70108 Y28.12824
G01 X-32.67459 Y28.12682
G01 X-32.67324 Y28.12677
G01 X-32.64629 Y28.12603
G01 X-32.64495 Y28.12601
G01 X-30.96522 Y28.12586
G01 X-30.96164 Y28.12616
G01 X-30.88970 Y28.13132
G01 X-30.88617 Y28.13170
G01 X-30.81630 Y28.14176
G01 X-30.80903 Y28.14336
G01 X-30.80888 Y28.14275
G01 X-30.80903 Y28.14336
G01 X-30.64622 Y28.19223
G01 X-30.63982 Y28.19464
G01 X-30.57160 Y28.22578
G01 X-30.56994 Y28.22654
G01 X-30.56634 Y28.22840
G01 X-30.44889 Y28.29406
G01 X-30.44294 Y28.29797
G01 X-30.40657 Y28.32578
G01 X-29.13667 Y28.32578
G01 X-29.09151 Y28.29070
G01 X-29.08636 Y28.28720
G01 X-29.01648 Y28.24572
G01 X-29.01668 Y28.24534
G01 X-29.01648 Y28.24572
G01 X-29.01049 Y28.24270
G01 X-28.97063 Y28.22578
G01 X-30.57160 Y28.22578
G01 X-28.97063 Y28.22578
G01 X-28.82893 Y28.16563
G01 X-28.82176 Y28.16322
G01 X-28.82194 Y28.16261
G01 X-28.82176 Y28.16322
G01 X-28.75189 Y28.14539
G01 X-28.74716 Y28.14442
G01 X-28.64579 Y28.12875
G01 X-28.64084 Y28.12824
G01 X-28.61432 Y28.12682
G01 X-28.61435 Y28.12644
G01 X-28.61432 Y28.12682
G01 X-28.61298 Y28.12677
G01 X-28.58605 Y28.12603
G01 X-28.58471 Y28.12601
G01 X-26.96645 Y28.12578
G01 X-26.78425 Y28.12578
G01 X-26.78171 Y28.11915
G01 X-26.78425 Y28.12578
G01 X-26.76137 Y28.15367
G01 X-26.74818 Y28.16820
G01 X-26.73366 Y28.18138
G01 X-26.60483 Y28.28710
G01 X-26.57224 Y28.30889
G01 X-26.42527 Y28.38743
G01 X-26.40754 Y28.39583
G01 X-26.38905 Y28.40244
G01 X-26.22962 Y28.45080
G01 X-26.21057 Y28.45557
G01 X-26.19116 Y28.45844
G01 X-26.02533 Y28.47478
G01 X-26.00572 Y28.47574
G01 X-25.98611 Y28.47478
G01 X-25.90574 Y28.46688
G01 X-25.90539 Y28.46431
G01 X-25.90574 Y28.46688
G01 X-25.86881 Y28.48659
G01 X-25.83259 Y28.50160
G01 X-25.73881 Y28.53005
G01 X-25.70036 Y28.53769
G01 X-25.60280 Y28.54732
G01 X-25.58319 Y28.54828
G01 X-23.54641 Y28.54828
G01 X-23.54568 Y28.54529
G01 X-23.54641 Y28.54828
G01 X-23.53074 Y28.55992
G01 X-23.51390 Y28.57000
G01 X-23.47067 Y28.59312
G01 X-23.43445 Y28.60810
G01 X-23.38756 Y28.62233
G01 X-23.34911 Y28.62997
G01 X-23.30034 Y28.63480
G01 X-23.28073 Y28.63574
G01 X-22.33072 Y28.63574
G01 X-22.31111 Y28.63480
G01 X-22.26234 Y28.62997
G01 X-22.22389 Y28.62233
G01 X-22.17700 Y28.60810
G01 X-22.14078 Y28.59312
G01 X-22.09755 Y28.57000
G01 X-22.08071 Y28.55992
G01 X-22.06503 Y28.54828
G01 X-22.06577 Y28.54529
G01 X-22.06503 Y28.54828
G01 X-19.28823 Y28.54828
G01 X-19.27253 Y28.54765
G01 X-19.19430 Y28.54150
G01 X-19.16331 Y28.53660
G01 X-19.08701 Y28.51826
G01 X-19.05717 Y28.50858
G01 X-18.98467 Y28.47856
G01 X-18.95671 Y28.46431
G01 X-18.88983 Y28.42332
G01 X-18.86443 Y28.40485
G01 X-18.80477 Y28.35390
G01 X-18.79323 Y28.34323
G01 X-18.61785 Y28.16784
G01 X-18.61790 Y28.12931
G01 X-18.61785 Y28.16784
G01 X-18.54713 Y28.23853
G01 X-18.52044 Y28.26096
G01 X-18.49024 Y28.27838
G01 X-18.46446 Y28.28778
G01 X-18.41256 Y28.29637
G01 X-18.38828 Y28.29637
G01 X-18.35397 Y28.29030
G01 X-18.32120 Y28.27838
G01 X-18.29100 Y28.26096
G01 X-18.26430 Y28.23853
G01 X-18.01544 Y27.98966
G01 X-18.00787 Y27.97704
G01 X-18.00657 Y27.97498
G01 X-17.97990 Y27.93503
G01 X-17.97845 Y27.93299
G01 X-17.88402 Y27.80566
G01 X-17.88252 Y27.80373
G01 X-17.85625 Y27.77173
G01 X-17.85465 Y27.76988
G01 X-17.74922 Y27.65352
G01 X-17.74752 Y27.65174
G01 X-17.71973 Y27.62395
G01 X-17.71795 Y27.62225
G01 X-17.60159 Y27.51682
G01 X-17.59974 Y27.51522
G01 X-17.56771 Y27.48893
G01 X-17.56578 Y27.48743
G01 X-17.43845 Y27.39299
G01 X-17.43642 Y27.39157
G01 X-17.39651 Y27.36495
G01 X-17.39448 Y27.36365
G01 X-17.38183 Y27.35606
G01 X-17.13294 Y27.10716
G01 X-17.10805 Y27.07686
G01 X-17.08958 Y27.04229
G01 X-17.07820 Y27.00478
G01 X-17.07434 Y26.96574
G01 X-17.07607 Y26.94801
G01 X-17.07612 Y26.94773
G01 X-17.07975 Y26.92152
G01 X-17.08745 Y26.89624
G01 X-17.09123 Y26.88801
G01 X-17.09784 Y26.87376
G01 X-17.10805 Y26.85464
G01 X-17.13294 Y26.82434
G01 X-17.75570 Y26.20155
G01 X-17.76332 Y26.20470
G01 X-17.75570 Y26.20155
G01 X-17.75572 Y24.04075
G01 X-17.78430 Y24.01276
G01 X-17.75572 Y24.04075
G01 X-17.60573 Y24.04075
G01 X-17.56669 Y24.03691
G01 X-17.52918 Y24.02553
G01 X-17.49999 Y24.00991
G01 X-17.48171 Y23.99632
G01 X-17.48021 Y23.99521
G01 X-17.46431 Y23.98218
G01 X-17.44978 Y23.96447
G01 X-17.43710 Y23.94753
G01 X-17.42623 Y23.92716
G01 X-17.40926 Y23.87661
G01 X-17.40573 Y23.84075
G01 X-17.40573 Y22.14075
G01 X-17.40926 Y22.10489
G01 X-17.42626 Y22.05429
G01 X-17.43746 Y22.03329
G01 X-17.44635 Y22.02125
G01 X-17.44686 Y22.02059
G01 X-17.46431 Y21.99933
G01 X-17.47276 Y21.99234
G01 X-17.49888 Y21.97385
G01 X-17.50863 Y21.96697
G01 X-17.52918 Y21.95597
G01 X-17.56669 Y21.94459
G01 X-17.60573 Y21.94075
G01 X-17.70573 Y21.94075
G01 X-17.73403 Y21.96829
G01 X-17.70573 Y21.94075
G01 X-17.70571 Y19.67995
G01 X-17.71333 Y19.67680
G01 X-17.70571 Y19.67995
G01 X-17.13294 Y19.10718
G01 X-17.10805 Y19.07685
G01 X-17.09776 Y19.05760
G01 X-17.08742 Y19.03525
G01 X-17.07975 Y19.00992
G01 X-17.07612 Y18.98381
G01 X-17.07607 Y18.98343
G01 X-17.07434 Y18.96575
G01 X-17.07820 Y18.92674
G01 X-17.08958 Y18.88922
G01 X-17.10805 Y18.85463
G01 X-17.13294 Y18.82433
G01 X-17.38173 Y18.57551
G01 X-17.39443 Y18.56791
G01 X-17.39649 Y18.56662
G01 X-17.43644 Y18.53995
G01 X-17.43847 Y18.53853
G01 X-17.56580 Y18.44411
G01 X-17.56774 Y18.44256
G01 X-17.59974 Y18.41635
G01 X-17.60159 Y18.41473
G01 X-17.71795 Y18.30926
G01 X-17.71973 Y18.30756
G01 X-17.74752 Y18.27980
G01 X-17.74922 Y18.27802
G01 X-17.85465 Y18.16167
G01 X-17.85628 Y18.15979
G01 X-17.88252 Y18.12778
G01 X-17.88402 Y18.12585
G01 X-17.97848 Y17.99852
G01 X-17.97990 Y17.99649
G01 X-18.00657 Y17.95654
G01 X-18.00787 Y17.95448
G01 X-18.01549 Y17.94178
G01 X-18.26430 Y17.69296
G01 X-18.29461 Y17.66812
G01 X-18.32918 Y17.64960
G01 X-18.36669 Y17.63825
G01 X-18.40573 Y17.63439
G01 X-18.42275 Y17.63606
G01 X-18.45016 Y17.63987
G01 X-18.47446 Y17.64729
G01 X-18.50068 Y17.65946
G01 X-18.51683 Y17.66812
G01 X-18.54713 Y17.69296
G01 X-18.64124 Y17.78707
G01 X-18.63804 Y17.80416
G01 X-18.64124 Y17.78707
G01 X-18.68259 Y17.76497
G01 X-18.71881 Y17.74996
G01 X-18.81259 Y17.72153
G01 X-18.83164 Y17.71673
G01 X-18.85104 Y17.71386
G01 X-18.94861 Y17.70426
G01 X-18.96822 Y17.70330
G01 X-22.26493 Y17.70330
G01 X-22.26569 Y17.70629
G01 X-22.26493 Y17.70330
G01 X-22.28071 Y17.69159
G01 X-22.29755 Y17.68150
G01 X-22.34078 Y17.65842
G01 X-22.37700 Y17.64340
G01 X-22.42389 Y17.62915
G01 X-22.44294 Y17.62440
G01 X-22.46234 Y17.62151
G01 X-22.51111 Y17.61671
G01 X-22.53072 Y17.61574
G01 X-23.48073 Y17.61574
G01 X-23.50034 Y17.61671
G01 X-23.54911 Y17.62151
G01 X-23.56851 Y17.62440
G01 X-23.58756 Y17.62915
G01 X-23.63445 Y17.64340
G01 X-23.67067 Y17.65842
G01 X-23.71390 Y17.68150
G01 X-23.73074 Y17.69159
G01 X-23.74649 Y17.70330
G01 X-23.74575 Y17.70629
G01 X-23.74649 Y17.70330
G01 X-25.51280 Y17.70330
G01 X-25.51352 Y17.70619
G01 X-25.51280 Y17.70330
G01 X-25.58616 Y17.66408
G01 X-25.60391 Y17.65567
G01 X-25.62238 Y17.64907
G01 X-25.78184 Y17.60068
G01 X-25.82030 Y17.59306
G01 X-25.98611 Y17.57670
G01 X-26.00572 Y17.57574
G01 X-26.02533 Y17.57670
G01 X-26.19116 Y17.59306
G01 X-26.22962 Y17.60068
G01 X-26.38905 Y17.64907
G01 X-26.40754 Y17.65567
G01 X-26.42527 Y17.66408
G01 X-26.57224 Y17.74262
G01 X-26.60483 Y17.76441
G01 X-26.73366 Y17.87010
G01 X-26.74818 Y17.88328
G01 X-26.76137 Y17.89784
G01 X-26.78430 Y17.92578
G01 X-26.78174 Y17.93241
G01 X-26.78430 Y17.92578
G01 X-32.82717 Y17.92578
G01 X-32.82971 Y17.93241
G01 X-32.82717 Y17.92578
G01 X-32.85008 Y17.89784
G01 X-32.86326 Y17.88328
G01 X-32.87781 Y17.87010
G01 X-33.00662 Y17.76441
G01 X-33.03921 Y17.74262
G01 X-33.18617 Y17.66408
G01 X-33.20390 Y17.65567
G01 X-33.22239 Y17.64907
G01 X-33.38185 Y17.60068
G01 X-33.42028 Y17.59306
G01 X-33.58612 Y17.57670
G01 X-33.60573 Y17.57574
G01 X-33.62534 Y17.57670
G01 X-33.79115 Y17.59306
G01 X-33.82960 Y17.60068
G01 X-33.98906 Y17.64907
G01 X-34.00753 Y17.65567
G01 X-34.02528 Y17.66408
G01 X-34.17225 Y17.74262
G01 X-34.20484 Y17.76441
G01 X-34.33364 Y17.87010
G01 X-34.34819 Y17.88328
G01 X-34.36138 Y17.89784
G01 X-34.38429 Y17.92578
G01 X-34.38175 Y17.93241
G01 X-34.38429 Y17.92578
G01 X-40.42715 Y17.92578
G01 X-40.42969 Y17.93241
G01 X-40.42715 Y17.92578
G01 X-40.45009 Y17.89784
G01 X-40.46327 Y17.88328
G01 X-40.47780 Y17.87010
G01 X-40.60660 Y17.76441
G01 X-40.63922 Y17.74262
G01 X-40.78615 Y17.66408
G01 X-40.80391 Y17.65567
G01 X-40.82237 Y17.64907
G01 X-40.98184 Y17.60068
G01 X-41.02029 Y17.59306
G01 X-41.18613 Y17.57670
G01 X-41.20571 Y17.57574
G01 X-41.22532 Y17.57670
G01 X-41.39116 Y17.59306
G01 X-41.42961 Y17.60068
G01 X-41.58905 Y17.64907
G01 X-41.60754 Y17.65567
G01 X-41.62529 Y17.66408
G01 X-41.77223 Y17.74262
G01 X-41.80485 Y17.76441
G01 X-41.93365 Y17.87010
G01 X-41.94818 Y17.88328
G01 X-41.96136 Y17.89784
G01 X-41.98430 Y17.92578
G01 X-41.98176 Y17.93241
G01 X-41.98430 Y17.92578
G01 X-47.96717 Y17.92578
G01 X-47.96971 Y17.93241
G01 X-47.96717 Y17.92578
G01 X-47.99008 Y17.89784
G01 X-48.00326 Y17.88328
G01 X-48.01781 Y17.87010
G01 X-48.14662 Y17.76441
G01 X-48.17921 Y17.74262
G01 X-48.32617 Y17.66408
G01 X-48.34390 Y17.65567
G01 X-48.36239 Y17.64907
G01 X-48.52185 Y17.60068
G01 X-48.56028 Y17.59306
G01 X-48.72612 Y17.57670
G01 X-48.74573 Y17.57574
G01 X-48.76534 Y17.57670
G01 X-48.93115 Y17.59306
G01 X-48.96960 Y17.60068
G01 X-49.12906 Y17.64907
G01 X-49.14753 Y17.65567
G01 X-49.16528 Y17.66408
G01 X-49.31225 Y17.74262
G01 X-49.34484 Y17.76441
G01 X-49.47364 Y17.87010
G01 X-49.48819 Y17.88328
G01 X-49.50138 Y17.89784
G01 X-49.52429 Y17.92578
G01 X-49.52175 Y17.93241
G01 X-49.52429 Y17.92578
G01 X-50.06569 Y17.92575
G01 X-50.08530 Y17.92672
G01 X-50.18286 Y17.93634
G01 X-50.20226 Y17.93926
G01 X-50.22446 Y17.94396
G01 X-50.26912 Y17.95514
G01 X-50.31182 Y17.97043
G01 X-50.35502 Y17.98831
G01 X-50.39607 Y18.00772
G01 X-50.43500 Y18.03108
G01 X-50.44809 Y18.03982
G01 X-50.44834 Y18.03997
G01 X-50.46046 Y18.04808
G01 X-50.47036 Y18.05547
G01 X-50.54613 Y18.11760
G01 X-50.56068 Y18.13078
G01 X-51.10069 Y18.67078
G01 X-51.11133 Y18.68231
G01 X-51.16228 Y18.74198
G01 X-51.18075 Y18.76738
G01 X-51.22174 Y18.83428
G01 X-51.23599 Y18.86222
G01 X-51.26602 Y18.93471
G01 X-51.27572 Y18.96456
G01 X-51.29403 Y19.04086
G01 X-51.29894 Y19.07185
G01 X-51.30508 Y19.15008
G01 X-51.30564 Y19.16433
G01 X-51.30567 Y19.16461
G01 X-51.30569 Y19.16624
G01 X-51.30569 Y26.76508
G01 X-51.30564 Y26.76698
G01 X-51.30511 Y26.78850
G01 X-51.30272 Y26.83704
G01 X-51.29645 Y26.87940
G01 X-51.28733 Y26.92517
G01 X-51.27630 Y26.96919
G01 X-51.26076 Y27.01265
G01 X-51.25802 Y27.02012
G01 X-51.25062 Y27.03848
G01 X-51.24344 Y27.05446
G01 X-51.22375 Y27.09612
G01 X-51.20041 Y27.13503
G01 X-51.17445 Y27.17392
G01 X-51.14742 Y27.21034
G01 X-51.11656 Y27.24440
G01 X-51.10033 Y27.26144
G01 X-50.44120 Y27.92057
G01 X-50.42779 Y27.93348
G01 X-50.39022 Y27.96820
G01 X-50.37344 Y27.98090
G01 X-50.34273 Y28.00231
G01 X-50.27625 Y28.04486
G01 X-50.24882 Y28.05733
G01 X-50.17651 Y28.08727
G01 X-50.14979 Y28.09723
G01 X-50.07267 Y28.11417
G01 X-50.03589 Y28.12075
G01 X-50.01497 Y28.12365
G01 X-49.96389 Y28.12565
G01 X-49.94509 Y28.12601
G01 X-49.76648 Y28.12601
G01 X-49.76287 Y28.12616
G01 X-49.69091 Y28.13132
G01 X-49.68738 Y28.13170
G01 X-49.61753 Y28.14176
G01 X-49.61710 Y28.14181
G01 X-49.60831 Y28.14315
G01 X-49.60087 Y28.14488
G01 X-49.59955 Y28.14107
G01 X-49.60087 Y28.14488
G01 X-49.59378 Y28.14770
G01 X-49.58723 Y28.15159
G01 X-49.54077 Y28.18400
G01 X-49.53927 Y28.18509
G01 X-49.50945 Y28.20757
G01 X-49.50801 Y28.20869
G01 X-49.49000 Y28.22334
G01 X-49.40775 Y28.28572
G01 X-49.36917 Y28.31214
G01 X-49.31873 Y28.34313
G01 X-49.31573 Y28.34511
G01 X-49.25515 Y28.38844
G01 X-49.25246 Y28.39073
G01 X-49.22762 Y28.41138
G01 X-49.19858 Y28.43388
G01 X-49.18464 Y28.44397
G01 X-49.17941 Y28.44831
G01 X-49.08472 Y28.53858
G01 X-49.04654 Y28.57498
G01 X-49.04248 Y28.57935
G01 X-49.04110 Y28.58102
G01 X-48.98680 Y28.64125
G01 X-48.98243 Y28.64577
G01 X-48.63059 Y28.64577
G01 X-48.57067 Y28.57795
G01 X-48.56823 Y28.57536
G01 X-48.53252 Y28.54036
G01 X-48.55281 Y28.54651
G01 X-48.58136 Y28.55364
G01 X-48.61050 Y28.55796
G01 X-48.77631 Y28.57429
G01 X-48.80572 Y28.57574
G01 X-48.83514 Y28.57429
G01 X-49.00095 Y28.55796
G01 X-49.05863 Y28.54651
G01 X-49.08472 Y28.53858
G01 X-49.05863 Y28.54651
G01 X-49.00095 Y28.55796
G01 X-48.83514 Y28.57429
G01 X-48.80572 Y28.57574
G01 X-48.77631 Y28.57429
G01 X-48.61050 Y28.55796
G01 X-48.58136 Y28.55364
G01 X-48.55281 Y28.54651
G01 X-48.53252 Y28.54036
G01 X-48.48713 Y28.49583
G01 X-48.48428 Y28.49324
G01 X-48.42962 Y28.44732
G01 X-48.38604 Y28.41021
G01 X-48.38406 Y28.40861
G01 X-48.34034 Y28.37508
G01 X-48.33826 Y28.37356
G01 X-48.31710 Y28.35900
G01 X-48.31604 Y28.35829
G01 X-48.29378 Y28.34381
G01 X-48.29269 Y28.34313
G01 X-48.24225 Y28.31214
G01 X-48.22541 Y28.30061
G01 X-48.22360 Y28.29936
G01 X-48.21784 Y28.29543
G01 X-48.20367 Y28.28572
G01 X-48.12086 Y28.22291
G01 X-48.11291 Y28.21666
G01 X-48.11078 Y28.21506
G01 X-48.07001 Y28.18636
G01 X-48.02983 Y28.15624
G01 X-48.02724 Y28.15413
G01 X-48.01982 Y28.14907
G01 X-48.02091 Y28.14630
G01 X-48.01982 Y28.14907
G01 X-48.01164 Y28.14544
G01 X-48.00293 Y28.14331
G01 X-47.90583 Y28.12873
G01 X-47.90108 Y28.12824
G01 X-47.87456 Y28.12682
G01 X-47.87321 Y28.12677
G01 X-47.84629 Y28.12603
G01 X-47.84497 Y28.12601
G01 X-42.16649 Y28.12601
G01 X-42.16289 Y28.12616
G01 X-42.16289 Y28.12588
G01 X-42.16289 Y28.12616
G01 X-42.09095 Y28.13132
G01 X-42.08742 Y28.13170
G01 X-42.01755 Y28.14176
G01 X-42.01714 Y28.14181
G01 X-42.00830 Y28.14315
G01 X-42.00086 Y28.14488
G01 X-41.99377 Y28.14770
G01 X-41.98722 Y28.15159
G01 X-41.98613 Y28.14889
G01 X-41.98722 Y28.15159
G01 X-41.94076 Y28.18400
G01 X-41.93926 Y28.18509
G01 X-41.90932 Y28.20767
G01 X-41.90787 Y28.20879
G01 X-41.88996 Y28.22337
G01 X-41.80777 Y28.28572
G01 X-41.76921 Y28.31209
G01 X-41.71874 Y28.34310
G01 X-41.71574 Y28.34511
G01 X-41.65516 Y28.38847
G01 X-41.65245 Y28.39073
G01 X-41.62766 Y28.41135
G01 X-41.59857 Y28.43388
G01 X-41.58463 Y28.44397
G01 X-41.57942 Y28.44828
G01 X-41.48471 Y28.53858
G01 X-41.44655 Y28.57498
G01 X-41.44247 Y28.57935
G01 X-41.44109 Y28.58102
G01 X-41.38676 Y28.64130
G01 X-41.38242 Y28.64577
G01 X-41.03060 Y28.64577
G01 X-40.97071 Y28.57798
G01 X-40.96825 Y28.57539
G01 X-40.93253 Y28.54036
G01 X-40.95280 Y28.54651
G01 X-40.98138 Y28.55364
G01 X-41.01049 Y28.55796
G01 X-41.17632 Y28.57429
G01 X-41.20571 Y28.57574
G01 X-41.23512 Y28.57429
G01 X-41.40096 Y28.55796
G01 X-41.45864 Y28.54651
G01 X-41.48471 Y28.53858
G01 X-41.45864 Y28.54651
G01 X-41.40096 Y28.55796
G01 X-41.23512 Y28.57429
G01 X-41.20571 Y28.57574
G01 X-41.17632 Y28.57429
G01 X-41.01049 Y28.55796
G01 X-40.98138 Y28.55364
G01 X-40.95280 Y28.54651
G01 X-40.93253 Y28.54036
G01 X-40.88714 Y28.49583
G01 X-40.88430 Y28.49324
G01 X-40.82944 Y28.44714
G01 X-40.78603 Y28.41018
G01 X-40.78405 Y28.40858
G01 X-40.74023 Y28.37498
G01 X-40.73812 Y28.37346
G01 X-40.71694 Y28.35890
G01 X-40.71587 Y28.35819
G01 X-40.69377 Y28.34381
G01 X-40.69268 Y28.34310
G01 X-40.64224 Y28.31212
G01 X-40.62542 Y28.30061
G01 X-40.62276 Y28.29878
G01 X-40.61775 Y28.29538
G01 X-40.60660 Y28.28710
G01 X-40.47780 Y28.18138
G01 X-40.46327 Y28.16820
G01 X-40.45009 Y28.15367
G01 X-40.42718 Y28.12578
G01 X-40.42967 Y28.11923
G01 X-40.42718 Y28.12578
G01 X-34.56646 Y28.12578
G01 X-34.56288 Y28.12616
G01 X-34.49092 Y28.13132
G01 X-34.48739 Y28.13170
G01 X-34.41754 Y28.14176
G01 X-34.41710 Y28.14181
G01 X-34.40832 Y28.14315
G01 X-34.40087 Y28.14488
G01 X-34.39379 Y28.14770
G01 X-34.38723 Y28.15159
G01 X-34.38614 Y28.14887
G01 X-34.38723 Y28.15159
G01 X-34.34078 Y28.18400
G01 X-34.33928 Y28.18509
G01 X-34.30946 Y28.20757
G01 X-34.30801 Y28.20869
G01 X-34.28995 Y28.22337
G01 X-34.20776 Y28.28572
G01 X-34.16918 Y28.31214
G01 X-34.11873 Y28.34313
G01 X-34.11573 Y28.34511
G01 X-34.05510 Y28.38852
G01 X-34.05239 Y28.39078
G01 X-34.02757 Y28.41140
G01 X-33.99846 Y28.43396
G01 X-33.98462 Y28.44397
G01 X-33.97941 Y28.44831
G01 X-33.88472 Y28.53858
G01 X-33.84654 Y28.57498
G01 X-33.84248 Y28.57935
G01 X-33.84108 Y28.58105
G01 X-33.78675 Y28.64130
G01 X-33.78241 Y28.64577
G01 X-33.43059 Y28.64577
G01 X-33.37068 Y28.57795
G01 X-33.36824 Y28.57536
G01 X-33.33252 Y28.54036
G01 X-33.35282 Y28.54651
G01 X-33.38137 Y28.55364
G01 X-33.41050 Y28.55796
G01 X-33.57631 Y28.57429
G01 X-33.60573 Y28.57574
G01 X-33.63514 Y28.57429
G01 X-33.80095 Y28.55796
G01 X-33.85863 Y28.54651
G01 X-33.88472 Y28.53858
G01 X-33.85863 Y28.54651
G01 X-33.80095 Y28.55796
G01 X-33.63514 Y28.57429
G01 X-33.60573 Y28.57574
G01 X-33.57631 Y28.57429
G01 X-33.41050 Y28.55796
G01 X-33.38137 Y28.55364
G01 X-33.35282 Y28.54651
G01 X-33.33252 Y28.54036
G01 X-33.28713 Y28.49583
G01 X-33.28429 Y28.49324
G01 X-33.22963 Y28.44732
G01 X-33.18604 Y28.41021
G01 X-33.18406 Y28.40861
G01 X-33.14022 Y28.37498
G01 X-33.13811 Y28.37346
G01 X-33.11693 Y28.35890
G01 X-33.11586 Y28.35819
G01 X-33.09376 Y28.34381
G01 X-33.09270 Y28.34313
G01 X-33.04225 Y28.31214
G01 X-33.02539 Y28.30058
G01 X-33.02064 Y28.29733
G01 X-33.01784 Y28.29543
G01 X-33.00662 Y28.28710
G01 X-32.87781 Y28.18138
G01 X-32.86326 Y28.16820
G01 X-32.85008 Y28.15367
G01 X-32.82719 Y28.12578
G01 X-32.82968 Y28.11923
G01 X-32.82719 Y28.12578
G01 X-26.96645 Y28.12578
G01 X-26.96286 Y28.12616
G01 X-26.89091 Y28.13132
G01 X-26.88738 Y28.13170
G01 X-26.81753 Y28.14176
G01 X-26.81709 Y28.14181
G01 X-26.80831 Y28.14315
G01 X-26.80086 Y28.14488
G01 X-26.79378 Y28.14770
G01 X-26.78722 Y28.15159
G01 X-26.78613 Y28.14887
G01 X-26.78722 Y28.15159
G01 X-26.74077 Y28.18400
G01 X-26.73927 Y28.18509
G01 X-26.70945 Y28.20757
G01 X-26.70800 Y28.20869
G01 X-26.68999 Y28.22334
G01 X-26.60775 Y28.28572
G01 X-26.56916 Y28.31214
G01 X-26.51872 Y28.34313
G01 X-26.51572 Y28.34511
G01 X-26.45517 Y28.38847
G01 X-26.45245 Y28.39073
G01 X-26.42766 Y28.41135
G01 X-26.39853 Y28.43391
G01 X-26.38463 Y28.44397
G01 X-26.37943 Y28.44828
G01 X-26.28471 Y28.53858
G01 X-26.24656 Y28.57498
G01 X-26.24247 Y28.57935
G01 X-26.24112 Y28.58100
G01 X-26.18677 Y28.64130
G01 X-26.18242 Y28.64577
G01 X-25.94971 Y28.64577
G01 X-25.94399 Y28.64607
G01 X-25.94394 Y28.64562
G01 X-25.94399 Y28.64607
G01 X-25.93833 Y28.64706
G01 X-25.88481 Y28.65956
G01 X-25.61496 Y28.71338
G01 X-25.57519 Y28.72029
G01 X-25.54969 Y28.72408
G01 X-25.54725 Y28.72448
G01 X-25.46421 Y28.74104
G01 X-25.34740 Y28.66906
G01 X-25.34354 Y28.66693
G01 X-25.30630 Y28.64828
G01 X-25.58319 Y28.64828
G01 X-25.61260 Y28.64684
G01 X-25.71016 Y28.63721
G01 X-25.73927 Y28.63289
G01 X-25.76782 Y28.62575
G01 X-25.86162 Y28.59731
G01 X-25.91595 Y28.57478
G01 X-25.92611 Y28.56937
G01 X-25.97633 Y28.57429
G01 X-26.00572 Y28.57574
G01 X-26.03513 Y28.57429
G01 X-26.20097 Y28.55796
G01 X-26.25862 Y28.54651
G01 X-26.28471 Y28.53858
G01 X-26.25862 Y28.54651
G01 X-26.20097 Y28.55796
G01 X-26.03513 Y28.57429
G01 X-26.00572 Y28.57574
G01 X-25.97633 Y28.57429
G01 X-25.92611 Y28.56937
G01 X-25.92591 Y28.56782
G01 X-25.92611 Y28.56937
G01 X-25.91595 Y28.57478
G01 X-25.86162 Y28.59731
G01 X-25.76782 Y28.62575
G01 X-25.73927 Y28.63289
G01 X-25.71016 Y28.63721
G01 X-25.61260 Y28.64684
G01 X-25.58319 Y28.64828
G01 X-25.30630 Y28.64828
G01 X-25.27366 Y28.63195
G01 X-25.26741 Y28.62934
G01 X-25.09932 Y28.57211
G01 X-25.09944 Y28.57155
G01 X-25.09932 Y28.57211
G01 X-25.09208 Y28.57023
G01 X-25.02223 Y28.55763
G01 X-25.01829 Y28.55707
G01 X-24.93732 Y28.54902
G01 X-24.93305 Y28.54879
G01 X-24.91486 Y28.54854
G01 X-24.91418 Y28.54851
G01 X-23.90371 Y28.54839
G01 X-23.90013 Y28.54867
G01 X-23.82817 Y28.55382
G01 X-23.82464 Y28.55420
G01 X-23.75479 Y28.56426
G01 X-23.75469 Y28.56383
G01 X-23.75479 Y28.56426
G01 X-23.74753 Y28.56586
G01 X-23.58474 Y28.61473
G01 X-23.58408 Y28.61341
G01 X-23.58474 Y28.61473
G01 X-23.57834 Y28.61714
G01 X-23.56335 Y28.62400
G01 X-23.55769 Y28.62702
G01 X-23.55248 Y28.63076
G01 X-23.54082 Y28.64031
G01 X-23.50946 Y28.66533
G01 X-23.50918 Y28.66556
G01 X-23.50176 Y28.67158
G01 X-23.50148 Y28.67180
G01 X-23.46196 Y28.70427
G01 X-23.44725 Y28.71636
G01 X-23.44596 Y28.71747
G01 X-23.40554 Y28.75306
G01 X-23.40433 Y28.75418
G01 X-23.33686 Y28.81765
G01 X-23.33661 Y28.81791
G01 X-23.31992 Y28.83383
G01 X-23.28073 Y28.83574
G01 X-22.33072 Y28.83574
G01 X-22.29325 Y28.83391
G01 X-22.27507 Y28.81646
G01 X-22.27428 Y28.81570
G01 X-22.20671 Y28.75362
G01 X-22.20547 Y28.75253
G01 X-22.16486 Y28.71760
G01 X-22.16356 Y28.71651
G01 X-22.14741 Y28.70358
G01 X-22.14796 Y28.70381
G01 X-22.19485 Y28.71803
G01 X-22.25254 Y28.72949
G01 X-22.30133 Y28.73431
G01 X-22.33072 Y28.73574
G01 X-23.28073 Y28.73574
G01 X-23.31012 Y28.73431
G01 X-23.35891 Y28.72949
G01 X-23.41659 Y28.71803
G01 X-23.46196 Y28.70427
G01 X-23.41659 Y28.71803
G01 X-23.35891 Y28.72949
G01 X-23.31012 Y28.73431
G01 X-23.28073 Y28.73574
G01 X-22.33072 Y28.73574
G01 X-22.30133 Y28.73431
G01 X-22.25254 Y28.72949
G01 X-22.19485 Y28.71803
G01 X-22.14796 Y28.70381
G01 X-22.14741 Y28.70358
G01 X-22.12706 Y28.68725
G01 X-22.11007 Y28.67318
G01 X-22.06016 Y28.63038
G01 X-22.05487 Y28.62641
G01 X-22.04913 Y28.62321
G01 X-22.04997 Y28.62169
G01 X-22.04913 Y28.62321
G01 X-22.04301 Y28.62078
G01 X-21.89214 Y28.57188
G01 X-21.89224 Y28.57150
G01 X-21.89214 Y28.57188
G01 X-21.88561 Y28.57023
G01 X-21.81576 Y28.55763
G01 X-21.81182 Y28.55707
G01 X-21.73085 Y28.54902
G01 X-21.72658 Y28.54879
G01 X-21.70839 Y28.54854
G01 X-21.70771 Y28.54851
G01 X-19.28869 Y28.54851
G01 X-19.27007 Y28.54816
G01 X-19.21896 Y28.54615
G01 X-19.19803 Y28.54326
G01 X-19.16128 Y28.53668
G01 X-19.08417 Y28.51976
G01 X-19.05592 Y28.50917
G01 X-18.98508 Y28.47983
G01 X-18.95772 Y28.46736
G01 X-18.89123 Y28.42484
G01 X-18.86052 Y28.40343
G01 X-18.83862 Y28.38687
G01 X-18.79938 Y28.35651
G01 X-18.79798 Y28.35547
G01 X-18.78180 Y28.34381
G01 X-18.73969 Y28.31229
G01 X-18.73570 Y28.30958
G01 X-18.64381 Y28.25375
G01 X-18.63583 Y28.24981
G01 X-18.62727 Y28.24737
G01 X-18.62887 Y28.23876
G01 X-18.62727 Y28.24737
G01 X-18.61843 Y28.24648
G01 X-18.60957 Y28.24717
G01 X-18.60096 Y28.24940
G01 X-18.57624 Y28.25827
G01 X-18.53360 Y28.27181
G01 X-18.49163 Y28.28326
G01 X-18.46446 Y28.28778
G01 X-18.41256 Y28.29637
G01 X-18.39740 Y28.29888
G01 X-18.35811 Y28.29776
G01 X-18.28988 Y28.29119
G01 X-18.18706 Y28.27447
G01 X-18.18572 Y28.27427
G01 X-18.16832 Y28.27191
G01 X-18.12153 Y28.17297
G01 X-18.12044 Y28.17081
G01 X-18.09222 Y28.11791
G01 X-18.09098 Y28.11572
G01 X-18.01544 Y27.98966
G01 X-18.00787 Y27.97704
G01 X-18.00657 Y27.97498
G01 X-17.97990 Y27.93503
G01 X-17.97845 Y27.93299
G01 X-17.88402 Y27.80566
G01 X-17.88252 Y27.80373
G01 X-17.85625 Y27.77173
G01 X-17.85465 Y27.76988
G01 X-17.74922 Y27.65352
G01 X-17.74752 Y27.65174
G01 X-17.71973 Y27.62395
G01 X-17.71795 Y27.62225
G01 X-17.60159 Y27.51682
G01 X-17.59974 Y27.51522
G01 X-17.56771 Y27.48893
G01 X-17.56578 Y27.48743
G01 X-17.43845 Y27.39299
G01 X-17.43642 Y27.39157
G01 X-17.39651 Y27.36495
G01 X-17.39448 Y27.36365
G01 X-17.38183 Y27.35606
G01 X-17.25582 Y27.28052
G01 X-17.25364 Y27.27930
G01 X-17.20068 Y27.25103
G01 X-17.19852 Y27.24994
G01 X-17.09684 Y27.20186
G01 X-17.09446 Y27.18756
G01 X-17.08831 Y27.14270
G01 X-17.07520 Y27.01710
G01 X-17.07279 Y26.98077
G01 X-17.07259 Y26.97328
G01 X-17.07607 Y26.94801
G01 X-17.07612 Y26.94773
G01 X-17.07975 Y26.92152
G01 X-17.08148 Y26.90915
G01 X-17.09123 Y26.88801
G01 X-17.09784 Y26.87376
G01 X-17.10805 Y26.85169
G01 X-17.11219 Y26.84620
G01 X-17.13334 Y26.82355
G01 X-17.63121 Y26.32571
G01 X-17.63365 Y26.32309
G01 X-17.68092 Y26.26848
G01 X-17.68315 Y26.26571
G01 X-17.68341 Y26.26592
G01 X-17.68315 Y26.26571
G01 X-17.72930 Y26.20399
G01 X-17.73367 Y26.19701
G01 X-17.73682 Y26.18939
G01 X-17.73982 Y26.19053
G01 X-17.73682 Y26.18939
G01 X-17.73870 Y26.18136
G01 X-17.75277 Y26.08624
G01 X-17.75326 Y26.08159
G01 X-17.75465 Y26.05510
G01 X-17.75470 Y26.05378
G01 X-17.75542 Y26.02705
G01 X-17.75544 Y26.02573
G01 X-17.75544 Y24.40491
G01 X-17.75531 Y24.40130
G01 X-17.75016 Y24.32934
G01 X-17.74978 Y24.32581
G01 X-17.73972 Y24.25594
G01 X-17.74020 Y24.25584
G01 X-17.73972 Y24.25594
G01 X-17.73858 Y24.25035
G01 X-17.70591 Y24.12617
G01 X-17.70276 Y24.11751
G01 X-17.69804 Y24.10956
G01 X-17.69197 Y24.10262
G01 X-17.69905 Y24.09640
G01 X-17.69197 Y24.10262
G01 X-17.68470 Y24.09691
G01 X-17.67652 Y24.09264
G01 X-17.63992 Y24.07763
G01 X-17.63842 Y24.07705
G01 X-17.62433 Y24.07179
G01 X-17.57406 Y24.05012
G01 X-17.51445 Y24.02066
G01 X-17.49999 Y24.00991
G01 X-17.48171 Y23.99632
G01 X-17.48021 Y23.99521
G01 X-17.46352 Y23.98281
G01 X-17.44978 Y23.96447
G01 X-17.43710 Y23.94753
G01 X-17.42979 Y23.93775
G01 X-17.42623 Y23.92716
G01 X-17.39984 Y23.84860
G01 X-17.39565 Y23.82983
G01 X-17.39502 Y23.82736
G01 X-17.38008 Y23.77369
G01 X-17.37937 Y23.77131
G01 X-17.35610 Y23.70146
G01 X-17.35643 Y23.70130
G01 X-17.35610 Y23.70146
G01 X-17.35316 Y23.69440
G01 X-17.30573 Y23.60207
G01 X-17.30573 Y22.39064
G01 X-17.33157 Y22.33903
G01 X-17.30573 Y22.39064
G01 X-17.30573 Y23.60207
G01 X-17.25379 Y23.50092
G01 X-17.25039 Y23.49526
G01 X-17.20573 Y23.43095
G01 X-17.20573 Y23.37093
G01 X-17.21760 Y23.29099
G01 X-17.21788 Y23.28855
G01 X-17.22628 Y23.20357
G01 X-17.22646 Y23.20110
G01 X-17.23464 Y23.03448
G01 X-17.23472 Y23.03201
G01 X-17.23497 Y23.03201
G01 X-17.23472 Y23.03201
G01 X-17.23472 Y22.94949
G01 X-17.23464 Y22.94703
G01 X-17.22646 Y22.78043
G01 X-17.22628 Y22.77796
G01 X-17.21788 Y22.69297
G01 X-17.21760 Y22.69054
G01 X-17.20573 Y22.61060
G01 X-17.20573 Y22.55023
G01 X-17.29390 Y22.41360
G01 X-17.29659 Y22.40888
G01 X-17.33157 Y22.33903
G01 X-17.33362 Y22.33430
G01 X-17.38092 Y22.20913
G01 X-17.38259 Y22.20382
G01 X-17.39161 Y22.16852
G01 X-17.39179 Y22.16780
G01 X-17.39547 Y22.15241
G01 X-17.39565 Y22.15170
G01 X-17.39984 Y22.13293
G01 X-17.42984 Y22.04362
G01 X-17.43746 Y22.03329
G01 X-17.44635 Y22.02125
G01 X-17.46215 Y21.99988
G01 X-17.47276 Y21.99234
G01 X-17.49888 Y21.97385
G01 X-17.53469 Y21.94850
G01 X-17.59971 Y21.91134
G01 X-17.62882 Y21.89577
G01 X-17.63520 Y21.89260
G01 X-17.64193 Y21.88853
G01 X-17.64792 Y21.88348
G01 X-17.65308 Y21.87756
G01 X-17.65912 Y21.88193
G01 X-17.65308 Y21.87756
G01 X-17.65722 Y21.87088
G01 X-17.66027 Y21.86366
G01 X-17.67086 Y21.83186
G01 X-17.67233 Y21.82640
G01 X-17.69844 Y21.70276
G01 X-17.69931 Y21.69689
G01 X-17.70009 Y21.69699
G01 X-17.69931 Y21.69689
G01 X-17.70327 Y21.65287
G01 X-17.70340 Y21.65063
G01 X-17.70540 Y21.60583
G01 X-17.70545 Y21.60357
G01 X-17.70545 Y19.85579
G01 X-17.70533 Y19.85221
G01 X-17.70015 Y19.78026
G01 X-17.70053 Y19.78023
G01 X-17.70015 Y19.78026
G01 X-17.69976 Y19.77670
G01 X-17.68874 Y19.70035
G01 X-17.68691 Y19.69232
G01 X-17.68376 Y19.68470
G01 X-17.68630 Y19.68361
G01 X-17.68376 Y19.68470
G01 X-17.67942 Y19.67769
G01 X-17.62222 Y19.60063
G01 X-17.61927 Y19.59702
G01 X-17.61947 Y19.59684
G01 X-17.61927 Y19.59702
G01 X-17.60152 Y19.57726
G01 X-17.60060 Y19.57629
G01 X-17.58214 Y19.55679
G01 X-17.58120 Y19.55582
G01 X-17.13334 Y19.10797
G01 X-17.11219 Y19.08529
G01 X-17.10802 Y19.07980
G01 X-17.09776 Y19.05760
G01 X-17.08742 Y19.03525
G01 X-17.08148 Y19.02237
G01 X-17.07975 Y19.00992
G01 X-17.07612 Y18.98381
G01 X-17.07607 Y18.98343
G01 X-17.07259 Y18.95823
G01 X-17.07607 Y18.98343
G01 X-17.07434 Y18.96575
G01 X-17.17472 Y18.95704
G01 X-17.17472 Y18.97447
G01 X-17.17777 Y18.99164
G01 X-17.18371 Y19.00802
G01 X-17.19242 Y19.02311
G01 X-17.20365 Y19.03647
G01 X-17.80571 Y19.63852
G01 X-17.80573 Y22.04075
G01 X-17.60573 Y22.04075
G01 X-17.58623 Y22.04266
G01 X-17.56746 Y22.04835
G01 X-17.55016 Y22.05759
G01 X-17.53502 Y22.07004
G01 X-17.52257 Y22.08520
G01 X-17.51333 Y22.10248
G01 X-17.50764 Y22.12125
G01 X-17.50573 Y22.14075
G01 X-17.50573 Y23.84075
G01 X-17.50764 Y23.86026
G01 X-17.51333 Y23.87903
G01 X-17.52257 Y23.89630
G01 X-17.53502 Y23.91146
G01 X-17.55016 Y23.92388
G01 X-17.56746 Y23.93313
G01 X-17.58623 Y23.93882
G01 X-17.60573 Y23.94075
G01 X-17.85572 Y23.94075
G01 X-17.85570 Y26.24298
G01 X-17.20365 Y26.89505
G01 X-17.19242 Y26.90838
G01 X-17.18371 Y26.92350
G01 X-17.17777 Y26.93985
G01 X-17.17472 Y26.95703
G01 X-17.17472 Y26.97447
G01 X-17.17777 Y26.99162
G01 X-17.18371 Y27.00800
G01 X-17.19242 Y27.02312
G01 X-17.20365 Y27.03645
G01 X-18.33502 Y28.16782
G01 X-18.34835 Y28.17904
G01 X-18.36347 Y28.18776
G01 X-18.37985 Y28.19370
G01 X-18.39702 Y28.19675
G01 X-18.41444 Y28.19675
G01 X-18.43161 Y28.19370
G01 X-18.44800 Y28.18776
G01 X-18.46309 Y28.17904
G01 X-18.47645 Y28.16782
G01 X-18.61785 Y28.02642
G01 X-18.86395 Y28.27254
G01 X-18.86971 Y28.27785
G01 X-18.92938 Y28.32883
G01 X-18.94208 Y28.33805
G01 X-19.00896 Y28.37904
G01 X-19.02295 Y28.38616
G01 X-19.09544 Y28.41618
G01 X-19.11035 Y28.42103
G01 X-19.18665 Y28.43934
G01 X-19.20215 Y28.44181
G01 X-19.28038 Y28.44795
G01 X-19.28823 Y28.44828
G01 X-22.10080 Y28.44828
G01 X-22.12838 Y28.47092
G01 X-22.13628 Y28.47676
G01 X-22.14469 Y28.48181
G01 X-22.18792 Y28.50490
G01 X-22.20603 Y28.51242
G01 X-22.25292 Y28.52664
G01 X-22.27215 Y28.53045
G01 X-22.32091 Y28.53528
G01 X-22.33072 Y28.53574
G01 X-23.28073 Y28.53574
G01 X-23.29053 Y28.53528
G01 X-23.33930 Y28.53045
G01 X-23.35853 Y28.52664
G01 X-23.40542 Y28.51242
G01 X-23.42353 Y28.50490
G01 X-23.46676 Y28.48181
G01 X-23.47517 Y28.47676
G01 X-23.48306 Y28.47092
G01 X-23.51065 Y28.44828
G01 X-25.58319 Y28.44828
G01 X-25.59299 Y28.44780
G01 X-25.69055 Y28.43818
G01 X-25.70026 Y28.43675
G01 X-25.70978 Y28.43437
G01 X-25.80356 Y28.40592
G01 X-25.82169 Y28.39840
G01 X-25.88535 Y28.36436
G01 X-25.99591 Y28.37526
G01 X-26.00572 Y28.37574
G01 X-26.01552 Y28.37526
G01 X-26.18136 Y28.35893
G01 X-26.19106 Y28.35750
G01 X-26.20059 Y28.35512
G01 X-26.36002 Y28.30673
G01 X-26.36927 Y28.30343
G01 X-26.37813 Y28.29924
G01 X-26.52510 Y28.22070
G01 X-26.54140 Y28.20980
G01 X-26.67021 Y28.10409
G01 X-26.67747 Y28.09751
G01 X-26.68407 Y28.09022
G01 X-26.73696 Y28.02578
G01 X-32.87449 Y28.02578
G01 X-32.92737 Y28.09022
G01 X-32.93397 Y28.09751
G01 X-32.94124 Y28.10409
G01 X-33.07004 Y28.20980
G01 X-33.08635 Y28.22070
G01 X-33.23331 Y28.29924
G01 X-33.25142 Y28.30673
G01 X-33.41086 Y28.35512
G01 X-33.42038 Y28.35750
G01 X-33.43009 Y28.35893
G01 X-33.59592 Y28.37526
G01 X-33.61553 Y28.37526
G01 X-33.78134 Y28.35893
G01 X-33.79107 Y28.35750
G01 X-33.80057 Y28.35512
G01 X-33.96003 Y28.30673
G01 X-33.96928 Y28.30343
G01 X-33.97814 Y28.29924
G01 X-34.12511 Y28.22070
G01 X-34.14139 Y28.20980
G01 X-34.27019 Y28.10409
G01 X-34.27748 Y28.09751
G01 X-34.28406 Y28.09022
G01 X-34.33697 Y28.02578
G01 X-40.47450 Y28.02578
G01 X-40.52738 Y28.09022
G01 X-40.53398 Y28.09751
G01 X-40.54125 Y28.10409
G01 X-40.67005 Y28.20980
G01 X-40.68636 Y28.22070
G01 X-40.83330 Y28.29924
G01 X-40.85141 Y28.30673
G01 X-41.01087 Y28.35512
G01 X-41.02039 Y28.35750
G01 X-41.03010 Y28.35893
G01 X-41.19593 Y28.37526
G01 X-41.21552 Y28.37526
G01 X-41.38135 Y28.35893
G01 X-41.39106 Y28.35750
G01 X-41.40058 Y28.35512
G01 X-41.56004 Y28.30673
G01 X-41.56926 Y28.30343
G01 X-41.57815 Y28.29924
G01 X-41.72509 Y28.22070
G01 X-41.74140 Y28.20980
G01 X-41.87020 Y28.10409
G01 X-41.87747 Y28.09751
G01 X-41.88407 Y28.09022
G01 X-41.93695 Y28.02578
G01 X-48.07448 Y28.02578
G01 X-48.12739 Y28.09022
G01 X-48.13397 Y28.09751
G01 X-48.14123 Y28.10409
G01 X-48.27006 Y28.20980
G01 X-48.28634 Y28.22070
G01 X-48.43331 Y28.29924
G01 X-48.45142 Y28.30673
G01 X-48.61088 Y28.35512
G01 X-48.62038 Y28.35750
G01 X-48.63011 Y28.35893
G01 X-48.79592 Y28.37526
G01 X-48.81553 Y28.37526
G01 X-48.98136 Y28.35893
G01 X-48.99107 Y28.35750
G01 X-49.00059 Y28.35512
G01 X-49.16003 Y28.30673
G01 X-49.16927 Y28.30343
G01 X-49.17814 Y28.29924
G01 X-49.32510 Y28.22070
G01 X-49.34141 Y28.20980
G01 X-49.47021 Y28.10409
G01 X-49.47748 Y28.09751
G01 X-49.48405 Y28.09022
G01 X-49.53696 Y28.02578
G01 X-49.94572 Y28.02578
G01 X-49.95355 Y28.02545
G01 X-50.03178 Y28.01930
G01 X-50.04727 Y28.01684
G01 X-50.12358 Y27.99853
G01 X-50.13849 Y27.99368
G01 X-50.21098 Y27.96365
G01 X-50.22497 Y27.95654
G01 X-50.29185 Y27.91554
G01 X-50.30455 Y27.90632
G01 X-50.36422 Y27.85535
G01 X-50.36998 Y27.85001
G01 X-51.02997 Y27.18999
G01 X-51.03658 Y27.18273
G01 X-51.09876 Y27.10696
G01 X-51.10963 Y27.09068
G01 X-51.15583 Y27.00422
G01 X-51.16335 Y26.98611
G01 X-51.19180 Y26.89233
G01 X-51.19561 Y26.87310
G01 X-51.20523 Y26.77554
G01 X-51.20572 Y26.76574
G01 X-51.20572 Y19.16575
G01 X-51.20539 Y19.15793
G01 X-51.19924 Y19.07970
G01 X-51.19678 Y19.06420
G01 X-51.17846 Y18.98790
G01 X-51.17361 Y18.97299
G01 X-51.14359 Y18.90050
G01 X-51.13648 Y18.88653
G01 X-51.09548 Y18.81963
G01 X-51.08626 Y18.80693
G01 X-51.03531 Y18.74726
G01 X-51.02997 Y18.74150
G01 X-50.48997 Y18.20152
G01 X-50.48271 Y18.19491
G01 X-50.40694 Y18.13276
G01 X-50.39904 Y18.12687
G01 X-50.39063 Y18.12184
G01 X-50.30419 Y18.07564
G01 X-50.28606 Y18.06812
G01 X-50.19228 Y18.03967
G01 X-50.18276 Y18.03728
G01 X-50.17305 Y18.03586
G01 X-50.07549 Y18.02626
G01 X-50.06569 Y18.02578
G01 X-49.47699 Y18.02578
G01 X-49.42406 Y17.96126
G01 X-49.41748 Y17.95400
G01 X-49.41019 Y17.94742
G01 X-49.28139 Y17.84170
G01 X-49.26511 Y17.83081
G01 X-49.11814 Y17.75227
G01 X-49.10003 Y17.74478
G01 X-48.94057 Y17.69639
G01 X-48.92134 Y17.69255
G01 X-48.75553 Y17.67622
G01 X-48.74573 Y17.67574
G01 X-48.73592 Y17.67622
G01 X-48.57009 Y17.69255
G01 X-48.55086 Y17.69639
G01 X-48.39142 Y17.74478
G01 X-48.37331 Y17.75227
G01 X-48.22635 Y17.83081
G01 X-48.21004 Y17.84170
G01 X-48.08124 Y17.94742
G01 X-48.07397 Y17.95400
G01 X-48.06737 Y17.96126
G01 X-48.01446 Y18.02578
G01 X-41.93700 Y18.02578
G01 X-41.88407 Y17.96126
G01 X-41.87747 Y17.95400
G01 X-41.87020 Y17.94742
G01 X-41.74140 Y17.84170
G01 X-41.72509 Y17.83081
G01 X-41.57815 Y17.75227
G01 X-41.56004 Y17.74478
G01 X-41.40058 Y17.69639
G01 X-41.38135 Y17.69255
G01 X-41.21552 Y17.67622
G01 X-41.20571 Y17.67574
G01 X-41.19593 Y17.67622
G01 X-41.03010 Y17.69255
G01 X-41.01087 Y17.69639
G01 X-40.85141 Y17.74478
G01 X-40.83330 Y17.75227
G01 X-40.68636 Y17.83081
G01 X-40.67005 Y17.84170
G01 X-40.54125 Y17.94742
G01 X-40.53398 Y17.95400
G01 X-40.52738 Y17.96126
G01 X-40.47445 Y18.02578
G01 X-34.33699 Y18.02578
G01 X-34.28406 Y17.96126
G01 X-34.27748 Y17.95400
G01 X-34.27019 Y17.94742
G01 X-34.14139 Y17.84170
G01 X-34.12511 Y17.83081
G01 X-33.97814 Y17.75227
G01 X-33.96003 Y17.74478
G01 X-33.80057 Y17.69639
G01 X-33.78134 Y17.69255
G01 X-33.61553 Y17.67622
G01 X-33.60573 Y17.67574
G01 X-33.59592 Y17.67622
G01 X-33.43009 Y17.69255
G01 X-33.41086 Y17.69639
G01 X-33.25142 Y17.74478
G01 X-33.23331 Y17.75227
G01 X-33.08635 Y17.83081
G01 X-33.07004 Y17.84170
G01 X-32.94124 Y17.94742
G01 X-32.93397 Y17.95400
G01 X-32.92737 Y17.96126
G01 X-32.87446 Y18.02578
G01 X-26.73698 Y18.02578
G01 X-26.68407 Y17.96126
G01 X-26.67747 Y17.95400
G01 X-26.67021 Y17.94742
G01 X-26.54140 Y17.84170
G01 X-26.52510 Y17.83081
G01 X-26.37813 Y17.75227
G01 X-26.36002 Y17.74478
G01 X-26.20059 Y17.69639
G01 X-26.18136 Y17.69255
G01 X-26.01552 Y17.67622
G01 X-26.00572 Y17.67574
G01 X-25.99591 Y17.67622
G01 X-25.83010 Y17.69255
G01 X-25.81087 Y17.69639
G01 X-25.65141 Y17.74478
G01 X-25.63330 Y17.75227
G01 X-25.53785 Y17.80327
G01 X-23.71073 Y17.80330
G01 X-23.68306 Y17.78061
G01 X-23.67517 Y17.77472
G01 X-23.66676 Y17.76969
G01 X-23.62353 Y17.74658
G01 X-23.60542 Y17.73911
G01 X-23.55853 Y17.72486
G01 X-23.54900 Y17.72250
G01 X-23.53930 Y17.72105
G01 X-23.49053 Y17.71623
G01 X-23.48073 Y17.71574
G01 X-22.53072 Y17.71574
G01 X-22.52091 Y17.71623
G01 X-22.47215 Y17.72105
G01 X-22.46244 Y17.72250
G01 X-22.45292 Y17.72486
G01 X-22.40603 Y17.73911
G01 X-22.38792 Y17.74658
G01 X-22.34469 Y17.76969
G01 X-22.33628 Y17.77472
G01 X-22.32838 Y17.78061
G01 X-22.30072 Y17.80330
G01 X-18.96822 Y17.80327
G01 X-18.95841 Y17.80375
G01 X-18.86085 Y17.81338
G01 X-18.85115 Y17.81483
G01 X-18.84162 Y17.81724
G01 X-18.74784 Y17.84564
G01 X-18.72971 Y17.85316
G01 X-18.64327 Y17.89939
G01 X-18.63487 Y17.90439
G01 X-18.62697 Y17.91026
G01 X-18.62481 Y17.91203
G01 X-18.47645 Y17.76367
G01 X-18.46128 Y17.75123
G01 X-18.44398 Y17.74203
G01 X-18.42524 Y17.73629
G01 X-18.40573 Y17.73439
G01 X-18.38622 Y17.73629
G01 X-18.36745 Y17.74203
G01 X-18.35016 Y17.75123
G01 X-18.33502 Y17.76367
G01 X-17.20365 Y18.89504
G01 X-17.19242 Y18.90840
G01 X-17.18371 Y18.92349
G01 X-17.17777 Y18.93987
G01 X-17.17472 Y18.95704
G01 X-17.07434 Y18.96575
G01 X-17.07259 Y18.95823
G01 X-17.07373 Y18.91808
G01 X-17.08031 Y18.84978
G01 X-17.09700 Y18.74711
G01 X-17.09720 Y18.74576
G01 X-17.09956 Y18.72836
G01 X-17.19852 Y18.68158
G01 X-17.20068 Y18.68049
G01 X-17.25361 Y18.65224
G01 X-17.25577 Y18.65102
G01 X-17.38173 Y18.57551
G01 X-17.39443 Y18.56791
G01 X-17.39649 Y18.56662
G01 X-17.43644 Y18.53995
G01 X-17.43847 Y18.53853
G01 X-17.56580 Y18.44411
G01 X-17.56774 Y18.44256
G01 X-17.59974 Y18.41635
G01 X-17.60159 Y18.41473
G01 X-17.71795 Y18.30926
G01 X-17.71973 Y18.30756
G01 X-17.74752 Y18.27980
G01 X-17.74922 Y18.27802
G01 X-17.85465 Y18.16167
G01 X-17.85628 Y18.15979
G01 X-17.88252 Y18.12778
G01 X-17.88402 Y18.12585
G01 X-17.97848 Y17.99852
G01 X-17.97990 Y17.99649
G01 X-18.00657 Y17.95654
G01 X-18.00787 Y17.95448
G01 X-18.09098 Y17.81582
G01 X-18.09219 Y17.81369
G01 X-18.12044 Y17.76075
G01 X-18.12153 Y17.75857
G01 X-18.16961 Y17.65692
G01 X-18.18402 Y17.65448
G01 X-18.22877 Y17.64836
G01 X-18.35430 Y17.63528
G01 X-18.39070 Y17.63286
G01 X-18.39816 Y17.63263
G01 X-18.46225 Y17.64155
G01 X-18.52465 Y17.67061
G01 X-18.55275 Y17.68785
G01 X-18.56085 Y17.69329
G01 X-18.56347 Y17.69489
G01 X-18.63070 Y17.73380
G01 X-18.63748 Y17.73705
G01 X-18.64467 Y17.73929
G01 X-18.65209 Y17.74041
G01 X-18.65125 Y17.74495
G01 X-18.65209 Y17.74041
G01 X-18.65961 Y17.74041
G01 X-18.67457 Y17.73921
G01 X-18.70306 Y17.73738
G01 X-18.70642 Y17.73705
G01 X-18.77764 Y17.72761
G01 X-18.78107 Y17.72702
G01 X-18.80284 Y17.72258
G01 X-18.80319 Y17.72250
G01 X-18.83149 Y17.71653
G01 X-18.85394 Y17.71264
G01 X-18.89951 Y17.70589
G01 X-18.94543 Y17.70363
G01 X-18.96872 Y17.70304
G01 X-21.90771 Y17.70304
G01 X-21.91129 Y17.70289
G01 X-21.98325 Y17.69773
G01 X-21.98678 Y17.69735
G01 X-22.05665 Y17.68732
G01 X-22.05673 Y17.68773
G01 X-22.05665 Y17.68732
G01 X-22.06392 Y17.68569
G01 X-22.22678 Y17.63680
G01 X-22.22744 Y17.63810
G01 X-22.22678 Y17.63680
G01 X-22.23318 Y17.63439
G01 X-22.24799 Y17.62761
G01 X-22.25365 Y17.62456
G01 X-22.25889 Y17.62082
G01 X-22.27067 Y17.61115
G01 X-22.30204 Y17.58613
G01 X-22.30232 Y17.58590
G01 X-22.30956 Y17.58003
G01 X-22.30981 Y17.57983
G01 X-22.34944 Y17.54724
G01 X-22.36417 Y17.53515
G01 X-22.36547 Y17.53403
G01 X-22.40588 Y17.49847
G01 X-22.40710 Y17.49735
G01 X-22.47456 Y17.43385
G01 X-22.47481 Y17.43360
G01 X-22.49150 Y17.41767
G01 X-22.53059 Y17.41574
G01 X-23.48086 Y17.41574
G01 X-23.51814 Y17.41762
G01 X-23.53635 Y17.43505
G01 X-23.53714 Y17.43586
G01 X-23.60471 Y17.49789
G01 X-23.60595 Y17.49898
G01 X-23.64656 Y17.53390
G01 X-23.64786 Y17.53500
G01 X-23.66394 Y17.54790
G01 X-23.66348 Y17.54770
G01 X-23.61659 Y17.53350
G01 X-23.58802 Y17.52631
G01 X-23.55891 Y17.52199
G01 X-23.51012 Y17.51719
G01 X-23.48073 Y17.51574
G01 X-22.53072 Y17.51574
G01 X-22.50133 Y17.51719
G01 X-22.45254 Y17.52199
G01 X-22.42343 Y17.52631
G01 X-22.39485 Y17.53350
G01 X-22.34944 Y17.54724
G01 X-22.39485 Y17.53350
G01 X-22.42343 Y17.52631
G01 X-22.45254 Y17.52199
G01 X-22.50133 Y17.51719
G01 X-22.53072 Y17.51574
G01 X-23.48073 Y17.51574
G01 X-23.51012 Y17.51719
G01 X-23.55891 Y17.52199
G01 X-23.58802 Y17.52631
G01 X-23.61659 Y17.53350
G01 X-23.66348 Y17.54770
G01 X-23.66394 Y17.54790
G01 X-23.68428 Y17.56421
G01 X-23.70168 Y17.57863
G01 X-23.75134 Y17.62123
G01 X-23.75662 Y17.62517
G01 X-23.76236 Y17.62839
G01 X-23.76137 Y17.63035
G01 X-23.76236 Y17.62839
G01 X-23.76848 Y17.63083
G01 X-23.91918 Y17.67968
G01 X-23.92571 Y17.68135
G01 X-23.99559 Y17.69392
G01 X-23.99955 Y17.69448
G01 X-23.99942 Y17.69537
G01 X-23.99955 Y17.69448
G01 X-24.08134 Y17.70256
G01 X-24.08560 Y17.70281
G01 X-24.10308 Y17.70302
G01 X-24.10374 Y17.70304
G01 X-25.13965 Y17.70304
G01 X-25.14323 Y17.70289
G01 X-25.21517 Y17.69773
G01 X-25.21870 Y17.69735
G01 X-25.28860 Y17.68732
G01 X-25.28867 Y17.68773
G01 X-25.28860 Y17.68732
G01 X-25.29586 Y17.68569
G01 X-25.45875 Y17.63680
G01 X-25.45924 Y17.63779
G01 X-25.45875 Y17.63680
G01 X-25.46515 Y17.63439
G01 X-25.50084 Y17.61808
G01 X-25.50625 Y17.61518
G01 X-25.51128 Y17.61165
G01 X-25.53843 Y17.58994
G01 X-25.53892 Y17.58956
G01 X-25.55174 Y17.57907
G01 X-25.55220 Y17.57868
G01 X-25.57422 Y17.56019
G01 X-25.60744 Y17.53238
G01 X-25.61059 Y17.52948
G01 X-25.71352 Y17.42702
G01 X-25.71616 Y17.42415
G01 X-25.72997 Y17.40810
G01 X-25.74158 Y17.40576
G01 X-26.18082 Y17.40576
G01 X-26.24077 Y17.47363
G01 X-26.24321 Y17.47620
G01 X-26.27879 Y17.51110
G01 X-26.25862 Y17.50500
G01 X-26.20097 Y17.49352
G01 X-26.03513 Y17.47719
G01 X-26.00572 Y17.47574
G01 X-25.97633 Y17.47719
G01 X-25.81049 Y17.49352
G01 X-25.75281 Y17.50500
G01 X-25.59335 Y17.55336
G01 X-25.57422 Y17.56019
G01 X-25.59335 Y17.55336
G01 X-25.75281 Y17.50500
G01 X-25.81049 Y17.49352
G01 X-25.97633 Y17.47719
G01 X-26.00572 Y17.47574
G01 X-26.03513 Y17.47719
G01 X-26.20097 Y17.49352
G01 X-26.25862 Y17.50500
G01 X-26.27879 Y17.51110
G01 X-26.32428 Y17.55570
G01 X-26.32713 Y17.55829
G01 X-26.38181 Y17.60424
G01 X-26.42538 Y17.64132
G01 X-26.42736 Y17.64292
G01 X-26.47115 Y17.67665
G01 X-26.47331 Y17.67813
G01 X-26.49449 Y17.69263
G01 X-26.49556 Y17.69334
G01 X-26.51765 Y17.70772
G01 X-26.51872 Y17.70840
G01 X-26.57003 Y17.73992
G01 X-26.57932 Y17.74579
G01 X-26.60752 Y17.76560
G01 X-26.69055 Y17.82860
G01 X-26.69850 Y17.83484
G01 X-26.70064 Y17.83644
G01 X-26.74145 Y17.86520
G01 X-26.78159 Y17.89527
G01 X-26.78423 Y17.89745
G01 X-26.79164 Y17.90248
G01 X-26.79068 Y17.90477
G01 X-26.79164 Y17.90248
G01 X-26.79982 Y17.90612
G01 X-26.80853 Y17.90828
G01 X-26.90584 Y17.92285
G01 X-26.91059 Y17.92331
G01 X-26.91057 Y17.92369
G01 X-26.91059 Y17.92331
G01 X-26.93708 Y17.92473
G01 X-26.93840 Y17.92479
G01 X-26.96513 Y17.92555
G01 X-26.96647 Y17.92555
G01 X-32.64495 Y17.92555
G01 X-32.64855 Y17.92539
G01 X-32.72051 Y17.92021
G01 X-32.72404 Y17.91983
G01 X-32.79392 Y17.90980
G01 X-32.79432 Y17.90972
G01 X-32.80306 Y17.90843
G01 X-32.81050 Y17.90667
G01 X-32.81756 Y17.90386
G01 X-32.82414 Y17.89997
G01 X-32.82524 Y17.90269
G01 X-32.82414 Y17.89997
G01 X-32.87063 Y17.86753
G01 X-32.87212 Y17.86647
G01 X-32.90197 Y17.84394
G01 X-32.90342 Y17.84282
G01 X-32.92143 Y17.82821
G01 X-33.00367 Y17.76578
G01 X-33.04225 Y17.73937
G01 X-33.09265 Y17.70845
G01 X-33.09564 Y17.70642
G01 X-33.15617 Y17.66296
G01 X-33.15897 Y17.66085
G01 X-33.18388 Y17.64010
G01 X-33.21284 Y17.61765
G01 X-33.22676 Y17.60759
G01 X-33.23197 Y17.60325
G01 X-33.36486 Y17.47655
G01 X-33.36892 Y17.47218
G01 X-33.37027 Y17.47056
G01 X-33.42460 Y17.41028
G01 X-33.42899 Y17.40576
G01 X-33.78083 Y17.40576
G01 X-33.84075 Y17.47363
G01 X-33.84319 Y17.47620
G01 X-33.87880 Y17.51110
G01 X-33.85863 Y17.50500
G01 X-33.80095 Y17.49352
G01 X-33.63514 Y17.47719
G01 X-33.60573 Y17.47574
G01 X-33.57631 Y17.47719
G01 X-33.41050 Y17.49352
G01 X-33.35282 Y17.50500
G01 X-33.32671 Y17.51292
G01 X-33.23197 Y17.60325
G01 X-33.32671 Y17.51292
G01 X-33.35282 Y17.50500
G01 X-33.41050 Y17.49352
G01 X-33.57631 Y17.47719
G01 X-33.60573 Y17.47574
G01 X-33.63514 Y17.47719
G01 X-33.80095 Y17.49352
G01 X-33.85863 Y17.50500
G01 X-33.87880 Y17.51110
G01 X-33.92429 Y17.55570
G01 X-33.92714 Y17.55829
G01 X-33.98203 Y17.60439
G01 X-34.02536 Y17.64132
G01 X-34.02734 Y17.64292
G01 X-34.07100 Y17.67655
G01 X-34.07316 Y17.67797
G01 X-34.09432 Y17.69253
G01 X-34.09539 Y17.69329
G01 X-34.11766 Y17.70774
G01 X-34.11878 Y17.70845
G01 X-34.16978 Y17.73977
G01 X-34.17941 Y17.74584
G01 X-34.20753 Y17.76560
G01 X-34.29049 Y17.82854
G01 X-34.29851 Y17.83484
G01 X-34.30065 Y17.83644
G01 X-34.34149 Y17.86522
G01 X-34.38157 Y17.89524
G01 X-34.38424 Y17.89745
G01 X-34.39165 Y17.90248
G01 X-34.39069 Y17.90477
G01 X-34.39165 Y17.90248
G01 X-34.39983 Y17.90617
G01 X-34.40854 Y17.90828
G01 X-34.50585 Y17.92285
G01 X-34.51060 Y17.92334
G01 X-34.51058 Y17.92369
G01 X-34.51060 Y17.92334
G01 X-34.53712 Y17.92473
G01 X-34.53844 Y17.92479
G01 X-34.56514 Y17.92555
G01 X-34.56648 Y17.92555
G01 X-40.24496 Y17.92555
G01 X-40.24854 Y17.92539
G01 X-40.32047 Y17.92021
G01 X-40.32400 Y17.91983
G01 X-40.39390 Y17.90980
G01 X-40.39431 Y17.90975
G01 X-40.40305 Y17.90843
G01 X-40.41049 Y17.90667
G01 X-40.41755 Y17.90386
G01 X-40.42413 Y17.89997
G01 X-40.42522 Y17.90271
G01 X-40.42413 Y17.89997
G01 X-40.47064 Y17.86753
G01 X-40.47213 Y17.86647
G01 X-40.50211 Y17.84386
G01 X-40.50355 Y17.84274
G01 X-40.52144 Y17.82821
G01 X-40.60371 Y17.76576
G01 X-40.64224 Y17.73944
G01 X-40.69266 Y17.70845
G01 X-40.69565 Y17.70642
G01 X-40.75623 Y17.66294
G01 X-40.75903 Y17.66075
G01 X-40.78384 Y17.64010
G01 X-40.81290 Y17.61760
G01 X-40.82674 Y17.60759
G01 X-40.83198 Y17.60325
G01 X-40.92672 Y17.51292
G01 X-40.96474 Y17.47670
G01 X-40.96881 Y17.47233
G01 X-40.97025 Y17.47056
G01 X-41.02446 Y17.41041
G01 X-41.02900 Y17.40576
G01 X-41.38082 Y17.40576
G01 X-41.44076 Y17.47363
G01 X-41.44320 Y17.47620
G01 X-41.47879 Y17.51110
G01 X-41.45864 Y17.50500
G01 X-41.40096 Y17.49352
G01 X-41.23512 Y17.47719
G01 X-41.20571 Y17.47574
G01 X-41.17632 Y17.47719
G01 X-41.01049 Y17.49352
G01 X-40.95280 Y17.50500
G01 X-40.92672 Y17.51292
G01 X-40.95280 Y17.50500
G01 X-41.01049 Y17.49352
G01 X-41.17632 Y17.47719
G01 X-41.20571 Y17.47574
G01 X-41.23512 Y17.47719
G01 X-41.40096 Y17.49352
G01 X-41.45864 Y17.50500
G01 X-41.47879 Y17.51110
G01 X-41.52428 Y17.55570
G01 X-41.52712 Y17.55829
G01 X-41.58199 Y17.60436
G01 X-41.62537 Y17.64132
G01 X-41.62735 Y17.64292
G01 X-41.67114 Y17.67665
G01 X-41.67330 Y17.67813
G01 X-41.69448 Y17.69263
G01 X-41.69555 Y17.69334
G01 X-41.71765 Y17.70772
G01 X-41.71872 Y17.70840
G01 X-41.77007 Y17.73995
G01 X-41.77937 Y17.74582
G01 X-41.80751 Y17.76560
G01 X-41.89039 Y17.82847
G01 X-41.89850 Y17.83487
G01 X-41.90063 Y17.83644
G01 X-41.94152 Y17.86525
G01 X-41.98155 Y17.89524
G01 X-41.98422 Y17.89745
G01 X-41.99164 Y17.90248
G01 X-41.99067 Y17.90477
G01 X-41.99164 Y17.90248
G01 X-41.99982 Y17.90612
G01 X-42.00856 Y17.90828
G01 X-42.10586 Y17.92285
G01 X-42.11061 Y17.92334
G01 X-42.11059 Y17.92369
G01 X-42.11061 Y17.92334
G01 X-42.13713 Y17.92473
G01 X-42.13845 Y17.92479
G01 X-42.16515 Y17.92555
G01 X-42.16649 Y17.92555
G01 X-47.78495 Y17.92555
G01 X-47.78855 Y17.92539
G01 X-47.86051 Y17.92021
G01 X-47.86404 Y17.91983
G01 X-47.93392 Y17.90980
G01 X-47.93432 Y17.90972
G01 X-47.94306 Y17.90843
G01 X-47.95050 Y17.90667
G01 X-47.95757 Y17.90386
G01 X-47.96414 Y17.89997
G01 X-47.96524 Y17.90269
G01 X-47.96414 Y17.89997
G01 X-48.01063 Y17.86753
G01 X-48.01212 Y17.86647
G01 X-48.04197 Y17.84394
G01 X-48.04342 Y17.84282
G01 X-48.06143 Y17.82821
G01 X-48.14367 Y17.76578
G01 X-48.18225 Y17.73937
G01 X-48.23265 Y17.70845
G01 X-48.23564 Y17.70642
G01 X-48.29617 Y17.66296
G01 X-48.29897 Y17.66085
G01 X-48.32383 Y17.64013
G01 X-48.35284 Y17.61765
G01 X-48.36676 Y17.60759
G01 X-48.37197 Y17.60325
G01 X-48.50486 Y17.47655
G01 X-48.50892 Y17.47218
G01 X-48.51027 Y17.47056
G01 X-48.56460 Y17.41028
G01 X-48.56899 Y17.40576
G01 X-48.92083 Y17.40576
G01 X-48.98075 Y17.47363
G01 X-48.98319 Y17.47620
G01 X-49.01880 Y17.51110
G01 X-48.99863 Y17.50500
G01 X-48.94095 Y17.49352
G01 X-48.77514 Y17.47719
G01 X-48.74573 Y17.47574
G01 X-48.71631 Y17.47719
G01 X-48.55050 Y17.49352
G01 X-48.49282 Y17.50500
G01 X-48.46671 Y17.51292
G01 X-48.37197 Y17.60325
G01 X-48.46671 Y17.51292
G01 X-48.49282 Y17.50500
G01 X-48.55050 Y17.49352
G01 X-48.71631 Y17.47719
G01 X-48.74573 Y17.47574
G01 X-48.77514 Y17.47719
G01 X-48.94095 Y17.49352
G01 X-48.99863 Y17.50500
G01 X-49.01880 Y17.51110
G01 X-49.06429 Y17.55570
G01 X-49.06714 Y17.55829
G01 X-49.12203 Y17.60439
G01 X-49.16536 Y17.64132
G01 X-49.16734 Y17.64292
G01 X-49.21100 Y17.67655
G01 X-49.21316 Y17.67797
G01 X-49.23432 Y17.69253
G01 X-49.23539 Y17.69329
G01 X-49.25766 Y17.70774
G01 X-49.25878 Y17.70845
G01 X-49.30991 Y17.73982
G01 X-49.31941 Y17.74584
G01 X-49.34753 Y17.76560
G01 X-49.43056 Y17.82860
G01 X-49.43851 Y17.83484
G01 X-49.44065 Y17.83644
G01 X-49.48149 Y17.86522
G01 X-49.52162 Y17.89530
G01 X-49.52424 Y17.89745
G01 X-49.53163 Y17.90248
G01 X-49.53983 Y17.90612
G01 X-49.53879 Y17.90883
G01 X-49.53983 Y17.90612
G01 X-49.54854 Y17.90828
G01 X-49.64585 Y17.92283
G01 X-49.65060 Y17.92331
G01 X-49.67712 Y17.92473
G01 X-49.67844 Y17.92479
G01 X-49.70514 Y17.92555
G01 X-49.70648 Y17.92555
G01 X-50.06503 Y17.92555
G01 X-50.08847 Y17.92608
G01 X-50.13435 Y17.92834
G01 X-50.17986 Y17.93510
G01 X-50.20226 Y17.93926
G01 X-50.22131 Y17.94399
G01 X-50.31509 Y17.97244
G01 X-50.35131 Y17.98745
G01 X-50.43777 Y18.03367
G01 X-50.44809 Y18.03982
G01 X-50.44834 Y18.03997
G01 X-50.46046 Y18.04808
G01 X-50.47379 Y18.05699
G01 X-50.51029 Y18.08404
G01 X-50.54433 Y18.11490
G01 X-50.56129 Y18.13106
G01 X-51.10059 Y18.67035
G01 X-51.11346 Y18.68376
G01 X-51.14814 Y18.72128
G01 X-51.16084 Y18.73802
G01 X-51.18220 Y18.76867
G01 X-51.22477 Y18.83520
G01 X-51.23724 Y18.86263
G01 X-51.26660 Y18.93352
G01 X-51.27717 Y18.96169
G01 X-51.29411 Y19.03885
G01 X-51.30066 Y19.07561
G01 X-51.30320 Y19.09392
G01 X-51.30534 Y19.14762
G01 X-51.30564 Y19.16433
G01 X-51.30569 Y19.16624
G04 P0 ( dwell for no time -- G64 should not smooth over this point )
G00 Z5.00000 ( retract )

G00 X-49.71593 Y20.04147 ( rapid move to begin. )
G01 F150.00000
( Mill infeed pass 1/1 )
G01 Z-0.06000
G04 P0 ( dwell for no time -- G64 should not smooth over this point )
G01 F300.00000
G01 X-49.71593 Y20.04147
G01 X-49.66699 Y19.96316
G01 X-49.62833 Y19.91896
G01 X-49.59571 Y19.91574
G01 X-49.12599 Y19.91574
G01 X-49.04593 Y19.92763
G01 X-49.04349 Y19.92793
G01 X-48.95850 Y19.93631
G01 X-48.95604 Y19.93649
G01 X-48.78944 Y19.94469
G01 X-48.78698 Y19.94475
G01 X-48.78698 Y19.94505
G01 X-48.78698 Y19.94475
G01 X-48.70445 Y19.94475
G01 X-48.70199 Y19.94469
G01 X-48.53536 Y19.93649
G01 X-48.53290 Y19.93631
G01 X-48.44789 Y19.92793
G01 X-48.44545 Y19.92763
G01 X-48.36544 Y19.91574
G01 X-47.89572 Y19.91574
G01 X-47.81769 Y19.92343
G01 X-47.74266 Y19.94619
G01 X-47.67349 Y19.98315
G01 X-47.61289 Y20.03291
G01 X-47.56313 Y20.09351
G01 X-47.52617 Y20.16268
G01 X-47.50341 Y20.23771
G01 X-47.49572 Y20.31574
G01 X-47.49572 Y20.46578
G01 X-47.52289 Y20.49387
G01 X-47.49572 Y20.46578
G01 X-46.25571 Y20.46578
G01 X-46.22854 Y20.49387
G01 X-46.25571 Y20.46578
G01 X-46.25571 Y20.31574
G01 X-46.24804 Y20.23771
G01 X-46.22529 Y20.16268
G01 X-46.18830 Y20.09351
G01 X-46.13857 Y20.03291
G01 X-46.07794 Y19.98315
G01 X-46.00880 Y19.94619
G01 X-45.93377 Y19.92343
G01 X-45.85572 Y19.91574
G01 X-44.15572 Y19.91574
G01 X-44.07769 Y19.92343
G01 X-44.00266 Y19.94619
G01 X-43.93349 Y19.98315
G01 X-43.87289 Y20.03291
G01 X-43.82313 Y20.09351
G01 X-43.78617 Y20.16268
G01 X-43.76342 Y20.23771
G01 X-43.75572 Y20.31574
G01 X-43.85572 Y20.31574
G01 X-43.95572 Y20.31574
G01 X-43.95572 Y22.01576
G01 X-43.95955 Y22.05477
G01 X-43.97096 Y22.09229
G01 X-43.98942 Y22.12686
G01 X-44.01429 Y22.15716
G01 X-44.04462 Y22.18205
G01 X-44.07919 Y22.20052
G01 X-44.11670 Y22.21190
G01 X-44.15572 Y22.21576
G01 X-45.85572 Y22.21576
G01 X-45.89473 Y22.21190
G01 X-45.93227 Y22.20052
G01 X-45.96684 Y22.18205
G01 X-45.99714 Y22.15716
G01 X-46.02201 Y22.12686
G01 X-46.04050 Y22.09229
G01 X-46.05188 Y22.05477
G01 X-46.05571 Y22.01576
G01 X-46.05571 Y21.66575
G01 X-46.02706 Y21.63682
G01 X-46.05571 Y21.66575
G01 X-47.69572 Y21.66575
G01 X-47.72437 Y21.63682
G01 X-47.69572 Y21.66575
G01 X-47.69572 Y22.01576
G01 X-47.69958 Y22.05477
G01 X-47.71096 Y22.09229
G01 X-47.72942 Y22.12686
G01 X-47.75431 Y22.15716
G01 X-47.78462 Y22.18205
G01 X-47.81919 Y22.20052
G01 X-47.85670 Y22.21190
G01 X-47.89572 Y22.21576
G01 X-49.59571 Y22.21576
G01 X-49.63475 Y22.21190
G01 X-49.67227 Y22.20052
G01 X-49.70684 Y22.18205
G01 X-49.73714 Y22.15716
G01 X-49.76201 Y22.12686
G01 X-49.78050 Y22.09229
G01 X-49.79188 Y22.05477
G01 X-49.79571 Y22.01576
G01 X-49.79571 Y20.31574
G01 X-49.79188 Y20.27672
G01 X-49.78050 Y20.23921
G01 X-49.76201 Y20.20464
G01 X-49.73714 Y20.17434
G01 X-49.70684 Y20.14944
G01 X-49.67227 Y20.13098
G01 X-49.63475 Y20.11960
G01 X-49.59571 Y20.11574
G01 X-47.89572 Y20.11574
G01 X-47.85670 Y20.11960
G01 X-47.81919 Y20.13098
G01 X-47.78462 Y20.14944
G01 X-47.75431 Y20.17434
G01 X-47.72942 Y20.20464
G01 X-47.71096 Y20.23921
G01 X-47.69958 Y20.27672
G01 X-47.69572 Y20.31574
G01 X-47.69572 Y20.66578
G01 X-47.72437 Y20.69471
G01 X-47.69572 Y20.66578
G01 X-46.05571 Y20.66578
G01 X-46.02706 Y20.69471
G01 X-46.05571 Y20.66578
G01 X-46.05571 Y20.31574
G01 X-46.05188 Y20.27672
G01 X-46.04050 Y20.23921
G01 X-46.02201 Y20.20464
G01 X-45.99714 Y20.17434
G01 X-45.96684 Y20.14944
G01 X-45.93227 Y20.13098
G01 X-45.89473 Y20.11960
G01 X-45.85572 Y20.11574
G01 X-44.15572 Y20.11574
G01 X-44.11670 Y20.11960
G01 X-44.07919 Y20.13098
G01 X-44.04462 Y20.14944
G01 X-44.01429 Y20.17434
G01 X-43.98942 Y20.20464
G01 X-43.97096 Y20.23921
G01 X-43.95955 Y20.27672
G01 X-43.95572 Y20.31574
G01 X-44.05572 Y20.31574
G01 X-44.05765 Y20.29623
G01 X-44.06334 Y20.27749
G01 X-44.07258 Y20.26019
G01 X-44.08500 Y20.24505
G01 X-44.10017 Y20.23260
G01 X-44.11747 Y20.22336
G01 X-44.13621 Y20.21767
G01 X-44.15572 Y20.21574
G01 X-45.85572 Y20.21574
G01 X-45.87522 Y20.21767
G01 X-45.89399 Y20.22336
G01 X-45.91129 Y20.23260
G01 X-45.92643 Y20.24505
G01 X-45.93887 Y20.26019
G01 X-45.94812 Y20.27749
G01 X-45.95381 Y20.29623
G01 X-45.95572 Y20.31574
G01 X-45.95572 Y20.76578
G01 X-47.79572 Y20.76578
G01 X-47.79572 Y20.31574
G01 X-47.79765 Y20.29623
G01 X-47.80334 Y20.27749
G01 X-47.81258 Y20.26019
G01 X-47.82500 Y20.24505
G01 X-47.84017 Y20.23260
G01 X-47.85746 Y20.22336
G01 X-47.87621 Y20.21767
G01 X-47.89572 Y20.21574
G01 X-49.59571 Y20.21574
G01 X-49.61522 Y20.21767
G01 X-49.63399 Y20.22336
G01 X-49.65129 Y20.23260
G01 X-49.66643 Y20.24505
G01 X-49.67887 Y20.26019
G01 X-49.68812 Y20.27749
G01 X-49.69381 Y20.29623
G01 X-49.69571 Y20.31574
G01 X-49.69571 Y22.01576
G01 X-49.69381 Y22.03527
G01 X-49.68812 Y22.05401
G01 X-49.67887 Y22.07131
G01 X-49.66643 Y22.08645
G01 X-49.65129 Y22.09889
G01 X-49.63399 Y22.10814
G01 X-49.61522 Y22.11383
G01 X-49.59571 Y22.11576
G01 X-47.89572 Y22.11576
G01 X-47.87621 Y22.11383
G01 X-47.85746 Y22.10814
G01 X-47.84017 Y22.09889
G01 X-47.82500 Y22.08645
G01 X-47.81258 Y22.07131
G01 X-47.80334 Y22.05401
G01 X-47.79765 Y22.03527
G01 X-47.79572 Y22.01576
G01 X-47.79572 Y21.56575
G01 X-45.95572 Y21.56575
G01 X-45.95572 Y22.01576
G01 X-45.95381 Y22.03527
G01 X-45.94812 Y22.05401
G01 X-45.93887 Y22.07131
G01 X-45.92643 Y22.08645
G01 X-45.91129 Y22.09889
G01 X-45.89399 Y22.10814
G01 X-45.87522 Y22.11383
G01 X-45.85572 Y22.11576
G01 X-44.15572 Y22.11576
G01 X-44.13621 Y22.11383
G01 X-44.11747 Y22.10814
G01 X-44.10017 Y22.09889
G01 X-44.08500 Y22.08645
G01 X-44.07258 Y22.07131
G01 X-44.06334 Y22.05401
G01 X-44.05765 Y22.03527
G01 X-44.05572 Y22.01576
G01 X-44.05572 Y20.31574
G01 X-43.95572 Y20.31574
G01 X-43.85572 Y20.31574
G01 X-43.75572 Y20.31574
G01 X-43.75572 Y22.01576
G01 X-43.76342 Y22.09379
G01 X-43.78617 Y22.16882
G01 X-43.82313 Y22.23798
G01 X-43.87289 Y22.29859
G01 X-43.93349 Y22.34835
G01 X-44.00266 Y22.38530
G01 X-44.07769 Y22.40806
G01 X-44.15572 Y22.41576
G01 X-45.85572 Y22.41576
G01 X-45.93377 Y22.40806
G01 X-46.00880 Y22.38530
G01 X-46.07794 Y22.34835
G01 X-46.13857 Y22.29859
G01 X-46.18830 Y22.23798
G01 X-46.22529 Y22.16882
G01 X-46.24804 Y22.09379
G01 X-46.25571 Y22.01576
G01 X-46.25571 Y21.86577
G01 X-46.22854 Y21.83766
G01 X-46.25571 Y21.86577
G01 X-47.49572 Y21.86577
G01 X-47.52289 Y21.83766
G01 X-47.49572 Y21.86577
G01 X-47.49572 Y22.01576
G01 X-47.50341 Y22.09379
G01 X-47.52617 Y22.16882
G01 X-47.56313 Y22.23798
G01 X-47.61289 Y22.29859
G01 X-47.67349 Y22.34835
G01 X-47.74266 Y22.38530
G01 X-47.81769 Y22.40806
G01 X-47.89572 Y22.41576
G01 X-49.41537 Y22.41576
G01 X-49.59571 Y22.41576
G01 X-49.62835 Y22.41253
G01 X-49.66699 Y22.36836
G01 X-49.68570 Y22.33837
G01 X-49.71593 Y22.29000
G01 X-49.74189 Y22.24853
G01 X-49.78588 Y22.13123
G01 X-49.80069 Y22.01266
G01 X-49.80069 Y20.31886
G01 X-49.78588 Y20.20029
G01 X-49.74189 Y20.08300
G01 X-49.71593 Y20.04147
G01 X-49.71052 Y20.03857
G01 X-49.65426 Y20.02150
G01 X-49.59571 Y20.01574
G01 X-47.89572 Y20.01574
G01 X-47.83719 Y20.02150
G01 X-47.78091 Y20.03857
G01 X-47.72904 Y20.06631
G01 X-47.68360 Y20.10362
G01 X-47.64629 Y20.14909
G01 X-47.61855 Y20.20096
G01 X-47.60148 Y20.25722
G01 X-47.59572 Y20.31574
G01 X-47.59572 Y20.56578
G01 X-47.62500 Y20.59506
G01 X-47.59572 Y20.56578
G01 X-46.15571 Y20.56578
G01 X-46.12762 Y20.59440
G01 X-46.15571 Y20.56578
G01 X-46.15571 Y20.31574
G01 X-46.14995 Y20.25722
G01 X-46.13288 Y20.20096
G01 X-46.10517 Y20.14909
G01 X-46.06786 Y20.10362
G01 X-46.02239 Y20.06631
G01 X-45.97052 Y20.03857
G01 X-45.91426 Y20.02150
G01 X-45.85572 Y20.01574
G01 X-44.15572 Y20.01574
G01 X-44.09720 Y20.02150
G01 X-44.04091 Y20.03857
G01 X-43.98904 Y20.06631
G01 X-43.94360 Y20.10362
G01 X-43.90629 Y20.14909
G01 X-43.87855 Y20.20096
G01 X-43.86148 Y20.25722
G01 X-43.85572 Y20.31574
G01 X-43.85572 Y22.01576
G01 X-43.86148 Y22.07428
G01 X-43.87855 Y22.13054
G01 X-43.90629 Y22.18241
G01 X-43.94360 Y22.22788
G01 X-43.98904 Y22.26519
G01 X-44.04091 Y22.29292
G01 X-44.09720 Y22.30999
G01 X-44.15572 Y22.31576
G01 X-45.85572 Y22.31576
G01 X-45.91426 Y22.30999
G01 X-45.97052 Y22.29292
G01 X-46.02239 Y22.26519
G01 X-46.06786 Y22.22788
G01 X-46.10517 Y22.18241
G01 X-46.13288 Y22.13054
G01 X-46.14995 Y22.07428
G01 X-46.15571 Y22.01576
G01 X-46.15571 Y21.76575
G01 X-46.12643 Y21.73646
G01 X-46.15571 Y21.76575
G01 X-47.59572 Y21.76575
G01 X-47.62500 Y21.73646
G01 X-47.59572 Y21.76575
G01 X-47.59572 Y22.01576
G01 X-47.60148 Y22.07428
G01 X-47.61855 Y22.13054
G01 X-47.64629 Y22.18241
G01 X-47.68360 Y22.22788
G01 X-47.72904 Y22.26519
G01 X-47.78091 Y22.29292
G01 X-47.83719 Y22.30999
G01 X-47.89572 Y22.31576
G01 X-49.59571 Y22.31576
G01 X-49.65426 Y22.30999
G01 X-49.71052 Y22.29292
G01 X-49.71593 Y22.29000
G01 X-49.74189 Y22.24853
G01 X-49.82934 Y22.29727
G01 X-49.80569 Y22.33511
G01 X-49.80569 Y23.68642
G01 X-49.86686 Y23.78426
G01 X-49.86930 Y23.78863
G01 X-49.86973 Y23.78843
G01 X-49.86930 Y23.78863
G01 X-49.87128 Y23.79320
G01 X-49.90569 Y23.88497
G01 X-49.90572 Y19.45572
G01 X-49.91331 Y19.45257
G01 X-49.90572 Y19.45572
G01 X-49.77575 Y19.32577
G01 X-49.77890 Y19.31815
G01 X-49.77575 Y19.32577
G01 X-49.52426 Y19.32577
G01 X-49.52172 Y19.31914
G01 X-49.52426 Y19.32577
G01 X-49.50138 Y19.35366
G01 X-49.48819 Y19.36822
G01 X-49.47364 Y19.38140
G01 X-49.34484 Y19.48709
G01 X-49.31225 Y19.50888
G01 X-49.16528 Y19.58742
G01 X-49.14753 Y19.59583
G01 X-49.12906 Y19.60243
G01 X-48.96960 Y19.65082
G01 X-48.95058 Y19.65557
G01 X-48.93115 Y19.65846
G01 X-48.76534 Y19.67479
G01 X-48.72612 Y19.67479
G01 X-48.56028 Y19.65846
G01 X-48.54088 Y19.65557
G01 X-48.52185 Y19.65082
G01 X-48.36239 Y19.60243
G01 X-48.32617 Y19.58742
G01 X-48.17921 Y19.50888
G01 X-48.16237 Y19.49880
G01 X-48.14662 Y19.48709
G01 X-48.01781 Y19.38140
G01 X-48.00326 Y19.36822
G01 X-47.99008 Y19.35366
G01 X-47.96717 Y19.32577
G01 X-47.96966 Y19.31927
G01 X-47.96717 Y19.32577
G01 X-41.98427 Y19.32577
G01 X-41.98173 Y19.31914
G01 X-41.98427 Y19.32577
G01 X-41.96136 Y19.35366
G01 X-41.94818 Y19.36822
G01 X-41.93365 Y19.38140
G01 X-41.80485 Y19.48709
G01 X-41.77223 Y19.50888
G01 X-41.62529 Y19.58742
G01 X-41.60754 Y19.59583
G01 X-41.58905 Y19.60243
G01 X-41.42961 Y19.65082
G01 X-41.41056 Y19.65557
G01 X-41.39116 Y19.65846
G01 X-41.22532 Y19.67479
G01 X-41.18613 Y19.67479
G01 X-41.02029 Y19.65846
G01 X-41.00089 Y19.65557
G01 X-40.98184 Y19.65082
G01 X-40.82237 Y19.60243
G01 X-40.78615 Y19.58742
G01 X-40.63922 Y19.50888
G01 X-40.62238 Y19.49880
G01 X-40.60660 Y19.48709
G01 X-40.47780 Y19.38140
G01 X-40.46327 Y19.36822
G01 X-40.45009 Y19.35366
G01 X-40.42718 Y19.32577
G01 X-40.42964 Y19.31927
G01 X-40.42718 Y19.32577
G01 X-34.38426 Y19.32577
G01 X-34.38172 Y19.31914
G01 X-34.38426 Y19.32577
G01 X-34.36138 Y19.35366
G01 X-34.34819 Y19.36822
G01 X-34.33364 Y19.38140
G01 X-34.20484 Y19.48709
G01 X-34.17225 Y19.50888
G01 X-34.02528 Y19.58742
G01 X-34.00753 Y19.59583
G01 X-33.98906 Y19.60243
G01 X-33.82960 Y19.65082
G01 X-33.81058 Y19.65557
G01 X-33.79115 Y19.65846
G01 X-33.62534 Y19.67479
G01 X-33.58612 Y19.67479
G01 X-33.42028 Y19.65846
G01 X-33.40088 Y19.65557
G01 X-33.38185 Y19.65082
G01 X-33.22239 Y19.60243
G01 X-33.18617 Y19.58742
G01 X-33.03921 Y19.50888
G01 X-33.02237 Y19.49880
G01 X-33.00662 Y19.48709
G01 X-32.87781 Y19.38140
G01 X-32.86326 Y19.36822
G01 X-32.85008 Y19.35366
G01 X-32.82719 Y19.32577
G01 X-32.82966 Y19.31927
G01 X-32.82719 Y19.32577
G01 X-26.78428 Y19.32577
G01 X-26.78174 Y19.31914
G01 X-26.78428 Y19.32577
G01 X-26.76137 Y19.35366
G01 X-26.74818 Y19.36822
G01 X-26.73366 Y19.38140
G01 X-26.60483 Y19.48709
G01 X-26.57224 Y19.50888
G01 X-26.42527 Y19.58742
G01 X-26.40754 Y19.59583
G01 X-26.38905 Y19.60243
G01 X-26.22962 Y19.65082
G01 X-26.21057 Y19.65557
G01 X-26.19116 Y19.65846
G01 X-26.02533 Y19.67479
G01 X-25.98611 Y19.67479
G01 X-25.82030 Y19.65846
G01 X-25.80087 Y19.65557
G01 X-25.78184 Y19.65082
G01 X-25.62238 Y19.60243
G01 X-25.58616 Y19.58742
G01 X-25.43922 Y19.50888
G01 X-25.42238 Y19.49880
G01 X-25.40661 Y19.48709
G01 X-25.27780 Y19.38140
G01 X-25.26325 Y19.36822
G01 X-25.25009 Y19.35366
G01 X-25.14438 Y19.22486
G01 X-25.12258 Y19.19227
G01 X-25.07504 Y19.10329
G01 X-25.08288 Y19.08976
G01 X-25.07504 Y19.10329
G01 X-23.74641 Y19.10327
G01 X-23.74565 Y19.10030
G01 X-23.74641 Y19.10327
G01 X-23.73074 Y19.11490
G01 X-23.71390 Y19.12501
G01 X-23.67067 Y19.14810
G01 X-23.63445 Y19.16311
G01 X-23.58756 Y19.17734
G01 X-23.54911 Y19.18498
G01 X-23.50034 Y19.18978
G01 X-23.48073 Y19.19075
G01 X-22.53072 Y19.19075
G01 X-22.51111 Y19.18978
G01 X-22.46234 Y19.18498
G01 X-22.42389 Y19.17734
G01 X-22.37700 Y19.16311
G01 X-22.34078 Y19.14810
G01 X-22.29755 Y19.12501
G01 X-22.28071 Y19.11490
G01 X-22.26503 Y19.10327
G01 X-22.26580 Y19.10027
G01 X-22.26503 Y19.10327
G01 X-19.68170 Y19.10327
G01 X-19.67855 Y19.09565
G01 X-19.68170 Y19.10327
G01 X-19.67853 Y19.10718
G01 X-19.10571 Y19.67995
G01 X-19.19811 Y19.71823
G01 X-19.20570 Y19.72135
G01 X-19.29811 Y19.75966
G01 X-19.30570 Y19.76281
G01 X-19.30573 Y21.74075
G01 X-19.28302 Y21.75937
G01 X-19.30573 Y21.74075
G01 X-19.38376 Y21.74842
G01 X-19.45879 Y21.77121
G01 X-19.52795 Y21.80817
G01 X-19.58856 Y21.85790
G01 X-19.63832 Y21.91853
G01 X-19.67527 Y21.98767
G01 X-19.69803 Y22.06272
G01 X-19.70573 Y22.14075
G01 X-19.70573 Y23.84075
G01 X-19.69803 Y23.91878
G01 X-19.67527 Y23.99381
G01 X-19.63832 Y24.06297
G01 X-19.58856 Y24.12358
G01 X-19.52795 Y24.17334
G01 X-19.45879 Y24.21029
G01 X-19.38376 Y24.23305
G01 X-19.35572 Y24.23582
G01 X-19.33446 Y24.21918
G01 X-19.35572 Y24.23582
G01 X-19.35572 Y26.21867
G01 X-19.34825 Y26.22172
G01 X-19.35572 Y26.21867
G01 X-19.81993 Y26.68291
G01 X-19.86476 Y26.73632
G01 X-19.89961 Y26.79670
G01 X-19.92346 Y26.86223
G01 X-19.93557 Y26.93089
G01 X-19.93557 Y26.94826
G01 X-19.91426 Y26.97280
G01 X-19.93557 Y26.94826
G01 X-22.00672 Y26.94826
G01 X-22.00710 Y26.95017
G01 X-22.00672 Y26.94826
G01 X-22.04649 Y26.92700
G01 X-22.11893 Y26.89700
G01 X-22.16585 Y26.88278
G01 X-22.24273 Y26.86749
G01 X-22.29153 Y26.86266
G01 X-22.33072 Y26.86076
G01 X-23.28073 Y26.86076
G01 X-23.31992 Y26.86266
G01 X-23.36871 Y26.86749
G01 X-23.44560 Y26.88278
G01 X-23.49251 Y26.89700
G01 X-23.56495 Y26.92700
G01 X-23.60473 Y26.94826
G01 X-23.60435 Y26.95017
G01 X-23.60473 Y26.94826
G01 X-24.85055 Y26.94826
G01 X-24.85934 Y26.96277
G01 X-24.85055 Y26.94826
G01 X-24.85088 Y26.94740
G01 X-24.86767 Y26.91191
G01 X-24.94621 Y26.76495
G01 X-24.98977 Y26.69975
G01 X-25.09548 Y26.57095
G01 X-25.12185 Y26.54186
G01 X-25.15093 Y26.51550
G01 X-25.27973 Y26.40981
G01 X-25.34494 Y26.36622
G01 X-25.49187 Y26.28768
G01 X-25.52736 Y26.27089
G01 X-25.56434 Y26.25769
G01 X-25.64013 Y26.23467
G01 X-25.71900 Y26.22299
G01 X-25.80150 Y26.21484
G01 X-25.96564 Y26.20676
G01 X-26.04577 Y26.20676
G01 X-26.20993 Y26.21484
G01 X-26.29243 Y26.22299
G01 X-26.37130 Y26.23467
G01 X-26.44712 Y26.25769
G01 X-26.48407 Y26.27089
G01 X-26.51956 Y26.28768
G01 X-26.66652 Y26.36622
G01 X-26.73173 Y26.40981
G01 X-26.86053 Y26.51550
G01 X-26.87186 Y26.52578
G01 X-26.87000 Y26.53117
G01 X-26.87186 Y26.52578
G01 X-32.73959 Y26.52578
G01 X-32.74144 Y26.53117
G01 X-32.73959 Y26.52578
G01 X-32.75092 Y26.51550
G01 X-32.87972 Y26.40981
G01 X-32.94492 Y26.36622
G01 X-33.09189 Y26.28768
G01 X-33.12737 Y26.27089
G01 X-33.16433 Y26.25769
G01 X-33.24014 Y26.23467
G01 X-33.31899 Y26.22299
G01 X-33.40149 Y26.21484
G01 X-33.56565 Y26.20676
G01 X-33.64578 Y26.20676
G01 X-33.80992 Y26.21484
G01 X-33.89242 Y26.22299
G01 X-33.97133 Y26.23467
G01 X-34.04713 Y26.25769
G01 X-34.08409 Y26.27089
G01 X-34.11957 Y26.28768
G01 X-34.26651 Y26.36622
G01 X-34.33171 Y26.40981
G01 X-34.46051 Y26.51550
G01 X-34.47187 Y26.52578
G01 X-34.47001 Y26.53117
G01 X-34.47187 Y26.52578
G01 X-40.33960 Y26.52578
G01 X-40.34145 Y26.53117
G01 X-40.33960 Y26.52578
G01 X-40.35093 Y26.51550
G01 X-40.47973 Y26.40981
G01 X-40.54493 Y26.36622
G01 X-40.69190 Y26.28768
G01 X-40.72738 Y26.27089
G01 X-40.76434 Y26.25769
G01 X-40.84015 Y26.23467
G01 X-40.91900 Y26.22299
G01 X-41.00150 Y26.21484
G01 X-41.16563 Y26.20676
G01 X-41.24577 Y26.20676
G01 X-41.40993 Y26.21484
G01 X-41.49243 Y26.22299
G01 X-41.57132 Y26.23467
G01 X-41.64711 Y26.25769
G01 X-41.68407 Y26.27089
G01 X-41.71955 Y26.28768
G01 X-41.86652 Y26.36622
G01 X-41.93172 Y26.40981
G01 X-42.06052 Y26.51550
G01 X-42.07185 Y26.52578
G01 X-42.07000 Y26.53117
G01 X-42.07185 Y26.52578
G01 X-47.93958 Y26.52578
G01 X-47.94144 Y26.53117
G01 X-47.93958 Y26.52578
G01 X-47.95094 Y26.51550
G01 X-48.07974 Y26.40981
G01 X-48.14494 Y26.36622
G01 X-48.29188 Y26.28768
G01 X-48.32736 Y26.27089
G01 X-48.36432 Y26.25769
G01 X-48.44014 Y26.23467
G01 X-48.51898 Y26.22299
G01 X-48.60148 Y26.21484
G01 X-48.76564 Y26.20676
G01 X-48.84578 Y26.20676
G01 X-49.00994 Y26.21484
G01 X-49.09244 Y26.22299
G01 X-49.17133 Y26.23467
G01 X-49.24712 Y26.25769
G01 X-49.28408 Y26.27089
G01 X-49.31956 Y26.28768
G01 X-49.46653 Y26.36622
G01 X-49.53170 Y26.40981
G01 X-49.61804 Y26.48065
G01 X-49.62030 Y26.51311
G01 X-49.61804 Y26.48065
G01 X-49.70572 Y26.39297
G01 X-49.71331 Y26.39612
G01 X-49.70572 Y26.39297
G01 X-49.70572 Y26.20455
G01 X-49.79178 Y26.10618
G01 X-49.79655 Y26.09975
G01 X-49.79680 Y26.09993
G01 X-49.79655 Y26.09975
G01 X-49.80569 Y26.08509
G01 X-49.86686 Y25.98725
G01 X-49.86930 Y25.98288
G01 X-49.87128 Y25.97831
G01 X-49.90569 Y25.88649
G01 X-49.91347 Y25.86582
G01 X-49.91519 Y25.86020
G01 X-49.91626 Y25.85446
G01 X-49.93033 Y25.74197
G01 X-49.93071 Y25.73577
G01 X-49.93104 Y25.73579
G01 X-49.93071 Y25.73577
G01 X-49.93071 Y24.03577
G01 X-49.93104 Y24.03572
G01 X-49.93071 Y24.03577
G01 X-49.93033 Y24.02955
G01 X-49.91626 Y23.91705
G01 X-49.91519 Y23.91131
G01 X-49.91347 Y23.90570
G01 X-49.90569 Y23.88497
G01 X-49.87128 Y23.79320
G01 X-49.86930 Y23.78863
G01 X-49.86686 Y23.78426
G01 X-49.80569 Y23.68642
G01 X-49.79655 Y23.67176
G01 X-49.79680 Y23.67159
G01 X-49.79655 Y23.67176
G01 X-49.79178 Y23.66534
G01 X-49.70572 Y23.56696
G01 X-49.70572 Y22.47598
G01 X-49.74489 Y22.43120
G01 X-49.74966 Y22.42478
G01 X-49.82934 Y22.29727
G01 X-49.83178 Y22.29292
G01 X-49.83376 Y22.28833
G01 X-49.88159 Y22.16082
G01 X-49.88332 Y22.15523
G01 X-49.88438 Y22.14947
G01 X-49.90031 Y22.02198
G01 X-49.90072 Y22.01576
G01 X-49.90072 Y20.31574
G01 X-49.90031 Y20.30954
G01 X-49.88438 Y20.18206
G01 X-49.88332 Y20.17629
G01 X-49.88159 Y20.17070
G01 X-49.83376 Y20.04320
G01 X-49.83178 Y20.03860
G01 X-49.82934 Y20.03426
G01 X-49.80569 Y19.99641
G01 X-49.74966 Y19.90675
G01 X-49.74489 Y19.90032
G01 X-49.70572 Y19.85554
G01 X-49.70572 Y19.53855
G01 X-49.71331 Y19.53540
G01 X-49.70572 Y19.53855
G01 X-49.69292 Y19.52577
G01 X-49.69607 Y19.51815
G01 X-49.69292 Y19.52577
G01 X-49.61182 Y19.52577
G01 X-49.60996 Y19.52036
G01 X-49.61182 Y19.52577
G01 X-49.60051 Y19.53598
G01 X-49.47171 Y19.64170
G01 X-49.40651 Y19.68526
G01 X-49.25957 Y19.76382
G01 X-49.22409 Y19.78061
G01 X-49.18713 Y19.79382
G01 X-49.11123 Y19.81683
G01 X-49.03247 Y19.82854
G01 X-48.94987 Y19.83669
G01 X-48.78578 Y19.84475
G01 X-48.70572 Y19.84475
G01 X-48.54149 Y19.83669
G01 X-48.45894 Y19.82854
G01 X-48.38025 Y19.81686
G01 X-48.30433 Y19.79382
G01 X-48.23189 Y19.76382
G01 X-48.08492 Y19.68526
G01 X-48.01972 Y19.64170
G01 X-47.89092 Y19.53598
G01 X-47.87964 Y19.52577
G01 X-47.88149 Y19.52036
G01 X-47.87964 Y19.52577
G01 X-42.07180 Y19.52577
G01 X-42.06995 Y19.52036
G01 X-42.07180 Y19.52577
G01 X-42.06052 Y19.53598
G01 X-41.93172 Y19.64170
G01 X-41.86652 Y19.68526
G01 X-41.71955 Y19.76382
G01 X-41.68407 Y19.78061
G01 X-41.64711 Y19.79382
G01 X-41.57124 Y19.81683
G01 X-41.49248 Y19.82854
G01 X-41.40993 Y19.83669
G01 X-41.24569 Y19.84475
G01 X-41.16563 Y19.84475
G01 X-41.00157 Y19.83669
G01 X-40.91895 Y19.82854
G01 X-40.84023 Y19.81686
G01 X-40.76434 Y19.79382
G01 X-40.69190 Y19.76382
G01 X-40.54493 Y19.68526
G01 X-40.47973 Y19.64170
G01 X-40.35093 Y19.53598
G01 X-40.33965 Y19.52577
G01 X-40.34150 Y19.52036
G01 X-40.33965 Y19.52577
G01 X-34.47182 Y19.52577
G01 X-34.46996 Y19.52036
G01 X-34.47182 Y19.52577
G01 X-34.46051 Y19.53598
G01 X-34.33171 Y19.64170
G01 X-34.26651 Y19.68526
G01 X-34.11957 Y19.76382
G01 X-34.08409 Y19.78061
G01 X-34.04713 Y19.79382
G01 X-33.97123 Y19.81683
G01 X-33.89247 Y19.82854
G01 X-33.80987 Y19.83669
G01 X-33.64578 Y19.84475
G01 X-33.56572 Y19.84475
G01 X-33.40149 Y19.83669
G01 X-33.31894 Y19.82854
G01 X-33.24025 Y19.81686
G01 X-33.16433 Y19.79382
G01 X-33.09189 Y19.76382
G01 X-32.94492 Y19.68526
G01 X-32.87972 Y19.64170
G01 X-32.75092 Y19.53598
G01 X-32.73964 Y19.52577
G01 X-32.74149 Y19.52036
G01 X-32.73964 Y19.52577
G01 X-26.87181 Y19.52577
G01 X-26.86995 Y19.52036
G01 X-26.87181 Y19.52577
G01 X-26.86053 Y19.53598
G01 X-26.73173 Y19.64170
G01 X-26.66652 Y19.68526
G01 X-26.51956 Y19.76382
G01 X-26.48407 Y19.78061
G01 X-26.44712 Y19.79382
G01 X-26.37122 Y19.81686
G01 X-26.29248 Y19.82854
G01 X-26.20993 Y19.83669
G01 X-26.04570 Y19.84475
G01 X-25.96564 Y19.84475
G01 X-25.80158 Y19.83669
G01 X-25.71895 Y19.82854
G01 X-25.64024 Y19.81686
G01 X-25.56434 Y19.79382
G01 X-25.49187 Y19.76382
G01 X-25.34494 Y19.68526
G01 X-25.27973 Y19.64170
G01 X-25.15093 Y19.53598
G01 X-25.12185 Y19.50964
G01 X-25.09548 Y19.48054
G01 X-24.98977 Y19.35173
G01 X-24.95738 Y19.30329
G01 X-24.96216 Y19.29336
G01 X-24.95738 Y19.30329
G01 X-23.80463 Y19.30327
G01 X-23.80425 Y19.30139
G01 X-23.80463 Y19.30327
G01 X-23.76495 Y19.32448
G01 X-23.69251 Y19.35450
G01 X-23.64560 Y19.36872
G01 X-23.56871 Y19.38402
G01 X-23.51992 Y19.38882
G01 X-23.48073 Y19.39075
G01 X-22.53072 Y19.39075
G01 X-22.49153 Y19.38882
G01 X-22.44273 Y19.38402
G01 X-22.36585 Y19.36872
G01 X-22.31893 Y19.35450
G01 X-22.24649 Y19.32448
G01 X-22.20682 Y19.30327
G01 X-22.20720 Y19.30139
G01 X-22.20682 Y19.30327
G01 X-19.76524 Y19.30327
G01 X-19.76209 Y19.29567
G01 X-19.76524 Y19.30327
G01 X-19.30570 Y19.76281
G01 X-19.29811 Y19.75966
G01 X-19.20570 Y19.72135
G01 X-19.19811 Y19.71823
G01 X-19.10571 Y19.67995
G01 X-19.09811 Y19.67683
G01 X-19.00571 Y19.63855
G01 X-19.00573 Y22.04075
G01 X-19.30573 Y22.04075
G01 X-19.32524 Y22.04266
G01 X-19.34398 Y22.04835
G01 X-19.36128 Y22.05759
G01 X-19.37644 Y22.07004
G01 X-19.38886 Y22.08520
G01 X-19.39811 Y22.10248
G01 X-19.40380 Y22.12125
G01 X-19.40573 Y22.14075
G01 X-19.40573 Y23.84075
G01 X-19.40380 Y23.86026
G01 X-19.39811 Y23.87903
G01 X-19.38886 Y23.89630
G01 X-19.37644 Y23.91146
G01 X-19.36128 Y23.92388
G01 X-19.34398 Y23.93313
G01 X-19.32524 Y23.93882
G01 X-19.30573 Y23.94075
G01 X-19.05572 Y23.94075
G01 X-19.05569 Y26.34293
G01 X-19.60781 Y26.89505
G01 X-19.61901 Y26.90838
G01 X-19.62773 Y26.92350
G01 X-19.63369 Y26.93985
G01 X-19.63672 Y26.95703
G01 X-19.63672 Y26.97447
G01 X-19.63369 Y26.99162
G01 X-19.62773 Y27.00800
G01 X-19.61901 Y27.02312
G01 X-19.60781 Y27.03645
G01 X-19.46636 Y27.17790
G01 X-19.53674 Y27.24829
G01 X-22.10075 Y27.24829
G01 X-22.12838 Y27.22558
G01 X-22.13628 Y27.21974
G01 X-22.14469 Y27.21468
G01 X-22.18792 Y27.19159
G01 X-22.20603 Y27.18408
G01 X-22.25292 Y27.16985
G01 X-22.27215 Y27.16604
G01 X-22.32091 Y27.16124
G01 X-22.33072 Y27.16076
G01 X-23.28073 Y27.16076
G01 X-23.29053 Y27.16124
G01 X-23.33930 Y27.16604
G01 X-23.35853 Y27.16985
G01 X-23.40542 Y27.18408
G01 X-23.42353 Y27.19159
G01 X-23.46676 Y27.21468
G01 X-23.47517 Y27.21974
G01 X-23.48306 Y27.22558
G01 X-23.51070 Y27.24829
G01 X-25.07280 Y27.24829
G01 X-25.07397 Y27.24041
G01 X-25.07636 Y27.23089
G01 X-25.12474 Y27.07143
G01 X-25.12805 Y27.06221
G01 X-25.13224 Y27.05332
G01 X-25.21077 Y26.90638
G01 X-25.22167 Y26.89007
G01 X-25.32738 Y26.76127
G01 X-25.33396 Y26.75400
G01 X-25.34125 Y26.74740
G01 X-25.47006 Y26.64171
G01 X-25.48634 Y26.63081
G01 X-25.63330 Y26.55225
G01 X-25.64217 Y26.54806
G01 X-25.65141 Y26.54476
G01 X-25.81087 Y26.49640
G01 X-25.82040 Y26.49401
G01 X-25.83010 Y26.49256
G01 X-25.99591 Y26.47623
G01 X-26.01552 Y26.47623
G01 X-26.18136 Y26.49256
G01 X-26.19106 Y26.49401
G01 X-26.20059 Y26.49640
G01 X-26.36002 Y26.54476
G01 X-26.36927 Y26.54806
G01 X-26.37813 Y26.55225
G01 X-26.52510 Y26.63081
G01 X-26.54140 Y26.64171
G01 X-26.67021 Y26.74740
G01 X-26.67747 Y26.75400
G01 X-26.68407 Y26.76127
G01 X-26.73701 Y26.82578
G01 X-32.87444 Y26.82578
G01 X-32.92737 Y26.76127
G01 X-32.93397 Y26.75400
G01 X-32.94124 Y26.74740
G01 X-33.07004 Y26.64171
G01 X-33.08635 Y26.63081
G01 X-33.23331 Y26.55225
G01 X-33.24218 Y26.54806
G01 X-33.25142 Y26.54476
G01 X-33.41086 Y26.49640
G01 X-33.42038 Y26.49401
G01 X-33.43009 Y26.49256
G01 X-33.59592 Y26.47623
G01 X-33.61553 Y26.47623
G01 X-33.78134 Y26.49256
G01 X-33.79107 Y26.49401
G01 X-33.80057 Y26.49640
G01 X-33.96003 Y26.54476
G01 X-33.96928 Y26.54806
G01 X-33.97814 Y26.55225
G01 X-34.12511 Y26.63081
G01 X-34.14139 Y26.64171
G01 X-34.27019 Y26.74740
G01 X-34.27748 Y26.75400
G01 X-34.28406 Y26.76127
G01 X-34.33699 Y26.82578
G01 X-40.47445 Y26.82578
G01 X-40.52738 Y26.76127
G01 X-40.53398 Y26.75400
G01 X-40.54125 Y26.74740
G01 X-40.67005 Y26.64171
G01 X-40.68636 Y26.63081
G01 X-40.83330 Y26.55225
G01 X-40.84216 Y26.54806
G01 X-40.85141 Y26.54476
G01 X-41.01087 Y26.49640
G01 X-41.02039 Y26.49401
G01 X-41.03010 Y26.49256
G01 X-41.19593 Y26.47623
G01 X-41.21552 Y26.47623
G01 X-41.38135 Y26.49256
G01 X-41.39106 Y26.49401
G01 X-41.40058 Y26.49640
G01 X-41.56004 Y26.54476
G01 X-41.56926 Y26.54806
G01 X-41.57815 Y26.55225
G01 X-41.72509 Y26.63081
G01 X-41.74140 Y26.64171
G01 X-41.87020 Y26.74740
G01 X-41.87747 Y26.75400
G01 X-41.88407 Y26.76127
G01 X-41.93700 Y26.82578
G01 X-48.07446 Y26.82578
G01 X-48.12739 Y26.76127
G01 X-48.13397 Y26.75400
G01 X-48.14123 Y26.74740
G01 X-48.27006 Y26.64171
G01 X-48.28634 Y26.63081
G01 X-48.43331 Y26.55225
G01 X-48.44217 Y26.54806
G01 X-48.45142 Y26.54476
G01 X-48.61088 Y26.49640
G01 X-48.62038 Y26.49401
G01 X-48.63011 Y26.49256
G01 X-48.79592 Y26.47623
G01 X-48.81553 Y26.47623
G01 X-48.98136 Y26.49256
G01 X-48.99107 Y26.49401
G01 X-49.00059 Y26.49640
G01 X-49.16003 Y26.54476
G01 X-49.16927 Y26.54806
G01 X-49.17814 Y26.55225
G01 X-49.32510 Y26.63081
G01 X-49.34141 Y26.64171
G01 X-49.47021 Y26.74740
G01 X-49.47748 Y26.75400
G01 X-49.48405 Y26.76127
G01 X-49.53701 Y26.82578
G01 X-49.69719 Y26.82576
G01 X-50.00569 Y26.51722
G01 X-50.00572 Y19.41429
G01 X-49.81718 Y19.22575
G01 X-49.47697 Y19.22577
G01 X-49.42406 Y19.29024
G01 X-49.41748 Y19.29750
G01 X-49.41019 Y19.30408
G01 X-49.28139 Y19.40980
G01 X-49.26511 Y19.42069
G01 X-49.11814 Y19.49923
G01 X-49.10928 Y19.50345
G01 X-49.10003 Y19.50675
G01 X-48.94057 Y19.55511
G01 X-48.93107 Y19.55750
G01 X-48.92134 Y19.55894
G01 X-48.75553 Y19.57528
G01 X-48.73592 Y19.57528
G01 X-48.57009 Y19.55894
G01 X-48.56038 Y19.55750
G01 X-48.55086 Y19.55511
G01 X-48.39142 Y19.50675
G01 X-48.37331 Y19.49923
G01 X-48.22635 Y19.42069
G01 X-48.21004 Y19.40980
G01 X-48.08124 Y19.30408
G01 X-48.07397 Y19.29750
G01 X-48.06737 Y19.29024
G01 X-48.01446 Y19.22577
G01 X-41.93698 Y19.22577
G01 X-41.88407 Y19.29024
G01 X-41.87747 Y19.29750
G01 X-41.87020 Y19.30408
G01 X-41.74140 Y19.40980
G01 X-41.72509 Y19.42069
G01 X-41.57815 Y19.49923
G01 X-41.56926 Y19.50345
G01 X-41.56004 Y19.50675
G01 X-41.40058 Y19.55511
G01 X-41.39106 Y19.55750
G01 X-41.38135 Y19.55894
G01 X-41.21552 Y19.57528
G01 X-41.19593 Y19.57528
G01 X-41.03010 Y19.55894
G01 X-41.02039 Y19.55750
G01 X-41.01087 Y19.55511
G01 X-40.85141 Y19.50675
G01 X-40.83330 Y19.49923
G01 X-40.68636 Y19.42069
G01 X-40.67005 Y19.40980
G01 X-40.54125 Y19.30408
G01 X-40.53398 Y19.29750
G01 X-40.52738 Y19.29024
G01 X-40.47447 Y19.22577
G01 X-34.33697 Y19.22577
G01 X-34.28406 Y19.29024
G01 X-34.27748 Y19.29750
G01 X-34.27019 Y19.30408
G01 X-34.14139 Y19.40980
G01 X-34.12511 Y19.42069
G01 X-33.97814 Y19.49923
G01 X-33.96928 Y19.50345
G01 X-33.96003 Y19.50675
G01 X-33.80057 Y19.55511
G01 X-33.79107 Y19.55750
G01 X-33.78134 Y19.55894
G01 X-33.61553 Y19.57528
G01 X-33.59592 Y19.57528
G01 X-33.43009 Y19.55894
G01 X-33.42038 Y19.55750
G01 X-33.41086 Y19.55511
G01 X-33.25142 Y19.50675
G01 X-33.23331 Y19.49923
G01 X-33.08635 Y19.42069
G01 X-33.07004 Y19.40980
G01 X-32.94124 Y19.30408
G01 X-32.93397 Y19.29750
G01 X-32.92737 Y19.29024
G01 X-32.87446 Y19.22577
G01 X-26.73698 Y19.22577
G01 X-26.68407 Y19.29024
G01 X-26.67747 Y19.29750
G01 X-26.67021 Y19.30408
G01 X-26.54140 Y19.40980
G01 X-26.52510 Y19.42069
G01 X-26.37813 Y19.49923
G01 X-26.36927 Y19.50345
G01 X-26.36002 Y19.50675
G01 X-26.20059 Y19.55511
G01 X-26.19106 Y19.55750
G01 X-26.18136 Y19.55894
G01 X-26.01552 Y19.57528
G01 X-25.99591 Y19.57528
G01 X-25.83010 Y19.55894
G01 X-25.82040 Y19.55750
G01 X-25.81087 Y19.55511
G01 X-25.65141 Y19.50675
G01 X-25.63330 Y19.49923
G01 X-25.48634 Y19.42069
G01 X-25.47006 Y19.40980
G01 X-25.34125 Y19.30408
G01 X-25.33396 Y19.29750
G01 X-25.32738 Y19.29024
G01 X-25.22167 Y19.16143
G01 X-25.21077 Y19.14513
G01 X-25.13495 Y19.00327
G01 X-23.71065 Y19.00327
G01 X-23.68306 Y19.02593
G01 X-23.67517 Y19.03177
G01 X-23.66676 Y19.03680
G01 X-23.62353 Y19.05991
G01 X-23.60542 Y19.06740
G01 X-23.55853 Y19.08163
G01 X-23.53930 Y19.08546
G01 X-23.49053 Y19.09026
G01 X-23.48073 Y19.09075
G01 X-22.53072 Y19.09075
G01 X-22.52091 Y19.09026
G01 X-22.47215 Y19.08546
G01 X-22.45292 Y19.08163
G01 X-22.40603 Y19.06740
G01 X-22.38792 Y19.05991
G01 X-22.34469 Y19.03680
G01 X-22.33628 Y19.03177
G01 X-22.32838 Y19.02593
G01 X-22.30080 Y19.00327
G01 X-19.62945 Y19.00327
G01 X-19.62773 Y19.00802
G01 X-19.61901 Y19.02311
G01 X-19.60781 Y19.03647
G01 X-19.00571 Y19.63855
G01 X-19.09811 Y19.67683
G01 X-19.10571 Y19.67995
G01 X-19.10573 Y21.94075
G01 X-19.07642 Y21.97004
G01 X-19.10573 Y21.94075
G01 X-19.30573 Y21.94075
G01 X-19.34474 Y21.94459
G01 X-19.38226 Y21.95597
G01 X-19.41683 Y21.97446
G01 X-19.44713 Y21.99933
G01 X-19.47202 Y22.02963
G01 X-19.49049 Y22.06422
G01 X-19.50187 Y22.10174
G01 X-19.50573 Y22.14075
G01 X-19.50573 Y23.84075
G01 X-19.50187 Y23.87976
G01 X-19.49049 Y23.91728
G01 X-19.47202 Y23.95187
G01 X-19.44713 Y23.98218
G01 X-19.41683 Y24.00704
G01 X-19.38226 Y24.02553
G01 X-19.34474 Y24.03691
G01 X-19.30573 Y24.04075
G01 X-19.15572 Y24.04075
G01 X-19.12643 Y24.01146
G01 X-19.15572 Y24.04075
G01 X-19.15569 Y26.30153
G01 X-19.14810 Y26.30468
G01 X-19.15569 Y26.30153
G01 X-19.67853 Y26.82434
G01 X-19.70093 Y26.85103
G01 X-19.71835 Y26.88123
G01 X-19.73029 Y26.91400
G01 X-19.73634 Y26.94831
G01 X-19.73634 Y26.98319
G01 X-19.73029 Y27.01750
G01 X-19.71835 Y27.05027
G01 X-19.70093 Y27.08047
G01 X-19.67853 Y27.10716
G01 X-19.63740 Y27.14826
G01 X-19.49849 Y27.20851
G01 X-19.63740 Y27.14826
G01 X-22.06496 Y27.14826
G01 X-22.06572 Y27.15126
G01 X-22.06496 Y27.14826
G01 X-22.08071 Y27.13658
G01 X-22.09755 Y27.12649
G01 X-22.14078 Y27.10341
G01 X-22.17700 Y27.08839
G01 X-22.22389 Y27.07417
G01 X-22.26234 Y27.06652
G01 X-22.31111 Y27.06172
G01 X-22.33072 Y27.06076
G01 X-23.28073 Y27.06076
G01 X-23.30034 Y27.06172
G01 X-23.34911 Y27.06652
G01 X-23.38756 Y27.07417
G01 X-23.43445 Y27.08839
G01 X-23.47067 Y27.10341
G01 X-23.51390 Y27.12649
G01 X-23.53074 Y27.13658
G01 X-23.54649 Y27.14826
G01 X-23.54573 Y27.15126
G01 X-23.54649 Y27.14826
G01 X-24.99693 Y27.14829
G01 X-25.01126 Y27.16774
G01 X-24.99693 Y27.14829
G01 X-25.02904 Y27.04242
G01 X-25.03564 Y27.02393
G01 X-25.04405 Y27.00620
G01 X-25.12258 Y26.85924
G01 X-25.14438 Y26.82665
G01 X-25.25009 Y26.69782
G01 X-25.26325 Y26.68329
G01 X-25.27780 Y26.67011
G01 X-25.40661 Y26.56439
G01 X-25.43922 Y26.54262
G01 X-25.58616 Y26.46406
G01 X-25.60391 Y26.45568
G01 X-25.62238 Y26.44905
G01 X-25.78184 Y26.40069
G01 X-25.80087 Y26.39591
G01 X-25.82030 Y26.39304
G01 X-25.98611 Y26.37671
G01 X-26.02533 Y26.37671
G01 X-26.19116 Y26.39304
G01 X-26.21057 Y26.39591
G01 X-26.22962 Y26.40069
G01 X-26.38905 Y26.44905
G01 X-26.40754 Y26.45568
G01 X-26.42527 Y26.46406
G01 X-26.57224 Y26.54262
G01 X-26.60483 Y26.56439
G01 X-26.73366 Y26.67011
G01 X-26.74818 Y26.68329
G01 X-26.76137 Y26.69782
G01 X-26.78430 Y26.72578
G01 X-26.78176 Y26.73241
G01 X-26.78430 Y26.72578
G01 X-32.82714 Y26.72578
G01 X-32.82968 Y26.73241
G01 X-32.82714 Y26.72578
G01 X-32.85008 Y26.69782
G01 X-32.86326 Y26.68329
G01 X-32.87781 Y26.67011
G01 X-33.00662 Y26.56439
G01 X-33.03921 Y26.54262
G01 X-33.18617 Y26.46406
G01 X-33.20390 Y26.45568
G01 X-33.22239 Y26.44905
G01 X-33.38185 Y26.40069
G01 X-33.40088 Y26.39591
G01 X-33.42028 Y26.39304
G01 X-33.58612 Y26.37671
G01 X-33.62534 Y26.37671
G01 X-33.79115 Y26.39304
G01 X-33.81058 Y26.39591
G01 X-33.82960 Y26.40069
G01 X-33.98906 Y26.44905
G01 X-34.00753 Y26.45568
G01 X-34.02528 Y26.46406
G01 X-34.17225 Y26.54262
G01 X-34.20484 Y26.56439
G01 X-34.33364 Y26.67011
G01 X-34.34819 Y26.68329
G01 X-34.36138 Y26.69782
G01 X-34.38431 Y26.72578
G01 X-34.38175 Y26.73241
G01 X-34.38431 Y26.72578
G01 X-40.42715 Y26.72578
G01 X-40.42969 Y26.73241
G01 X-40.42715 Y26.72578
G01 X-40.45009 Y26.69782
G01 X-40.46327 Y26.68329
G01 X-40.47780 Y26.67011
G01 X-40.60660 Y26.56439
G01 X-40.63922 Y26.54262
G01 X-40.78615 Y26.46406
G01 X-40.80391 Y26.45568
G01 X-40.82237 Y26.44905
G01 X-40.98184 Y26.40069
G01 X-41.00089 Y26.39591
G01 X-41.02029 Y26.39304
G01 X-41.18613 Y26.37671
G01 X-41.22532 Y26.37671
G01 X-41.39116 Y26.39304
G01 X-41.41056 Y26.39591
G01 X-41.42961 Y26.40069
G01 X-41.58905 Y26.44905
G01 X-41.60754 Y26.45568
G01 X-41.62529 Y26.46406
G01 X-41.77223 Y26.54262
G01 X-41.80485 Y26.56439
G01 X-41.93365 Y26.67011
G01 X-41.94818 Y26.68329
G01 X-41.96136 Y26.69782
G01 X-41.98430 Y26.72578
G01 X-41.98176 Y26.73241
G01 X-41.98430 Y26.72578
G01 X-48.02714 Y26.72578
G01 X-48.02968 Y26.73241
G01 X-48.02714 Y26.72578
G01 X-48.05007 Y26.69782
G01 X-48.06325 Y26.68329
G01 X-48.07781 Y26.67011
G01 X-48.20661 Y26.56439
G01 X-48.23920 Y26.54262
G01 X-48.38616 Y26.46406
G01 X-48.40389 Y26.45568
G01 X-48.42239 Y26.44905
G01 X-48.58185 Y26.40069
G01 X-48.60087 Y26.39591
G01 X-48.62030 Y26.39304
G01 X-48.78611 Y26.37671
G01 X-48.82533 Y26.37671
G01 X-48.99114 Y26.39304
G01 X-49.01057 Y26.39591
G01 X-49.02960 Y26.40069
G01 X-49.18906 Y26.44905
G01 X-49.20755 Y26.45568
G01 X-49.22528 Y26.46406
G01 X-49.37224 Y26.54262
G01 X-49.40483 Y26.56439
G01 X-49.53364 Y26.67011
G01 X-49.54819 Y26.68329
G01 X-49.56137 Y26.69782
G01 X-49.58431 Y26.72578
G01 X-49.58177 Y26.73241
G01 X-49.58431 Y26.72578
G01 X-49.65576 Y26.72578
G01 X-49.65891 Y26.73338
G01 X-49.65576 Y26.72578
G01 X-49.90569 Y26.47580
G01 X-49.91331 Y26.47897
G01 X-49.90569 Y26.47580
G01 X-49.90569 Y25.88649
G01 X-49.87128 Y25.97831
G01 X-49.86930 Y25.98288
G01 X-49.86973 Y25.98309
G01 X-49.86930 Y25.98288
G01 X-49.86686 Y25.98725
G01 X-49.80569 Y26.08509
G01 X-49.80569 Y26.43439
G01 X-49.81331 Y26.43754
G01 X-49.80569 Y26.43439
G01 X-49.62299 Y26.61710
G01 X-49.62454 Y26.65273
G01 X-49.62299 Y26.61710
G01 X-49.61890 Y26.61258
G01 X-49.59708 Y26.59281
G01 X-49.46828 Y26.48710
G01 X-49.41939 Y26.45444
G01 X-49.27242 Y26.37587
G01 X-49.24580 Y26.36327
G01 X-49.21809 Y26.35337
G01 X-49.05863 Y26.30501
G01 X-49.00095 Y26.29353
G01 X-48.83514 Y26.27719
G01 X-48.80572 Y26.27575
G01 X-48.77631 Y26.27719
G01 X-48.61050 Y26.29353
G01 X-48.55281 Y26.30501
G01 X-48.39335 Y26.35337
G01 X-48.36564 Y26.36327
G01 X-48.33902 Y26.37587
G01 X-48.19206 Y26.45444
G01 X-48.14316 Y26.48710
G01 X-48.01436 Y26.59281
G01 X-47.99254 Y26.61258
G01 X-47.98058 Y26.62578
G01 X-47.98286 Y26.63196
G01 X-47.98058 Y26.62578
G01 X-42.03086 Y26.62578
G01 X-42.02860 Y26.63196
G01 X-42.03086 Y26.62578
G01 X-42.01889 Y26.61258
G01 X-41.99707 Y26.59281
G01 X-41.86827 Y26.48710
G01 X-41.81938 Y26.45444
G01 X-41.67241 Y26.37587
G01 X-41.64582 Y26.36327
G01 X-41.61808 Y26.35337
G01 X-41.45864 Y26.30501
G01 X-41.40096 Y26.29353
G01 X-41.23512 Y26.27719
G01 X-41.20571 Y26.27575
G01 X-41.17632 Y26.27719
G01 X-41.01049 Y26.29353
G01 X-40.95280 Y26.30501
G01 X-40.79337 Y26.35337
G01 X-40.76563 Y26.36327
G01 X-40.73901 Y26.37587
G01 X-40.59207 Y26.45444
G01 X-40.54318 Y26.48710
G01 X-40.41437 Y26.59281
G01 X-40.39256 Y26.61258
G01 X-40.38059 Y26.62578
G01 X-40.38285 Y26.63196
G01 X-40.38059 Y26.62578
G01 X-34.43085 Y26.62578
G01 X-34.42859 Y26.63196
G01 X-34.43085 Y26.62578
G01 X-34.41891 Y26.61258
G01 X-34.39709 Y26.59281
G01 X-34.26829 Y26.48710
G01 X-34.21937 Y26.45444
G01 X-34.07243 Y26.37587
G01 X-34.04581 Y26.36327
G01 X-34.01810 Y26.35337
G01 X-33.85863 Y26.30501
G01 X-33.80095 Y26.29353
G01 X-33.63514 Y26.27719
G01 X-33.60573 Y26.27575
G01 X-33.57631 Y26.27719
G01 X-33.41050 Y26.29353
G01 X-33.35282 Y26.30501
G01 X-33.19336 Y26.35337
G01 X-33.16565 Y26.36327
G01 X-33.13903 Y26.37587
G01 X-32.99206 Y26.45444
G01 X-32.94317 Y26.48710
G01 X-32.81436 Y26.59281
G01 X-32.79255 Y26.61258
G01 X-32.78058 Y26.62578
G01 X-32.78287 Y26.63196
G01 X-32.78058 Y26.62578
G01 X-26.83086 Y26.62578
G01 X-26.82858 Y26.63196
G01 X-26.83086 Y26.62578
G01 X-26.81890 Y26.61258
G01 X-26.79708 Y26.59281
G01 X-26.66828 Y26.48710
G01 X-26.61938 Y26.45444
G01 X-26.47242 Y26.37587
G01 X-26.44580 Y26.36327
G01 X-26.41809 Y26.35337
G01 X-26.25862 Y26.30501
G01 X-26.20097 Y26.29353
G01 X-26.03513 Y26.27719
G01 X-26.00572 Y26.27575
G01 X-25.97633 Y26.27719
G01 X-25.81049 Y26.29353
G01 X-25.75281 Y26.30501
G01 X-25.59335 Y26.35337
G01 X-25.56564 Y26.36327
G01 X-25.53902 Y26.37587
G01 X-25.39208 Y26.45444
G01 X-25.34318 Y26.48710
G01 X-25.21435 Y26.59281
G01 X-25.19256 Y26.61258
G01 X-25.17277 Y26.63439
G01 X-25.06706 Y26.76320
G01 X-25.03440 Y26.81209
G01 X-24.95586 Y26.95906
G01 X-24.94326 Y26.98565
G01 X-24.93335 Y27.01339
G01 X-24.92276 Y27.04826
G01 X-24.93521 Y27.06619
G01 X-24.92276 Y27.04826
G01 X-23.57765 Y27.04826
G01 X-23.57722 Y27.05034
G01 X-23.57765 Y27.04826
G01 X-23.56104 Y27.03831
G01 X-23.51781 Y27.01519
G01 X-23.46348 Y26.99269
G01 X-23.41659 Y26.97846
G01 X-23.35891 Y26.96701
G01 X-23.31012 Y26.96218
G01 X-23.28073 Y26.96076
G01 X-22.33072 Y26.96076
G01 X-22.30133 Y26.96218
G01 X-22.25254 Y26.96701
G01 X-22.19485 Y26.97846
G01 X-22.14796 Y26.99269
G01 X-22.09363 Y27.01519
G01 X-22.05040 Y27.03831
G01 X-22.03379 Y27.04826
G01 X-22.03438 Y27.05083
G01 X-22.03379 Y27.04826
G01 X-19.82511 Y27.04826
G01 X-19.78876 Y27.08115
G01 X-19.82511 Y27.04826
G01 X-19.82686 Y27.04339
G01 X-19.83596 Y26.99190
G01 X-19.83596 Y26.93960
G01 X-19.82686 Y26.88811
G01 X-19.80898 Y26.83897
G01 X-19.78284 Y26.79368
G01 X-19.74921 Y26.75362
G01 X-19.25572 Y26.26010
G01 X-19.24820 Y26.26317
G01 X-19.25572 Y26.26010
G01 X-19.25572 Y24.14075
G01 X-19.22826 Y24.11474
G01 X-19.25572 Y24.14075
G01 X-19.30573 Y24.14075
G01 X-19.36425 Y24.13498
G01 X-19.42054 Y24.11791
G01 X-19.47241 Y24.09018
G01 X-19.51785 Y24.05289
G01 X-19.55516 Y24.00742
G01 X-19.58289 Y23.95556
G01 X-19.59996 Y23.89927
G01 X-19.60573 Y23.84075
G01 X-19.60573 Y22.14075
G01 X-19.59996 Y22.08223
G01 X-19.58289 Y22.02595
G01 X-19.55516 Y21.97408
G01 X-19.51785 Y21.92861
G01 X-19.47241 Y21.89130
G01 X-19.42054 Y21.86359
G01 X-19.36425 Y21.84652
G01 X-19.30573 Y21.84075
G01 X-19.20573 Y21.84075
G01 X-19.17771 Y21.86775
G01 X-19.20573 Y21.84075
G01 X-19.20570 Y19.72135
G01 X-19.72381 Y19.20329
G01 X-19.72066 Y19.19567
G01 X-19.72381 Y19.20329
G01 X-22.23387 Y19.20327
G01 X-22.23445 Y19.20073
G01 X-22.23387 Y19.20327
G01 X-22.25040 Y19.21320
G01 X-22.29363 Y19.23629
G01 X-22.34796 Y19.25879
G01 X-22.39485 Y19.27302
G01 X-22.45254 Y19.28450
G01 X-22.50133 Y19.28930
G01 X-22.53072 Y19.29075
G01 X-23.48073 Y19.29075
G01 X-23.51012 Y19.28930
G01 X-23.55891 Y19.28450
G01 X-23.61659 Y19.27302
G01 X-23.66348 Y19.25879
G01 X-23.71781 Y19.23629
G01 X-23.76104 Y19.21320
G01 X-23.77758 Y19.20327
G01 X-23.77715 Y19.20119
G01 X-23.77758 Y19.20327
G01 X-25.01509 Y19.20329
G01 X-25.02032 Y19.19278
G01 X-25.01509 Y19.20329
G01 X-25.03440 Y19.23941
G01 X-25.06706 Y19.28831
G01 X-25.17277 Y19.41711
G01 X-25.19256 Y19.43893
G01 X-25.21435 Y19.45869
G01 X-25.34318 Y19.56441
G01 X-25.39208 Y19.59707
G01 X-25.53902 Y19.67563
G01 X-25.59335 Y19.69814
G01 X-25.75281 Y19.74650
G01 X-25.78136 Y19.75366
G01 X-25.81049 Y19.75798
G01 X-25.97633 Y19.77431
G01 X-26.00572 Y19.77576
G01 X-26.03513 Y19.77431
G01 X-26.20097 Y19.75798
G01 X-26.25862 Y19.74650
G01 X-26.41809 Y19.69814
G01 X-26.44580 Y19.68821
G01 X-26.47242 Y19.67563
G01 X-26.61938 Y19.59707
G01 X-26.66828 Y19.56441
G01 X-26.79708 Y19.45869
G01 X-26.81890 Y19.43893
G01 X-26.83084 Y19.42577
G01 X-26.82855 Y19.41960
G01 X-26.83084 Y19.42577
G01 X-32.78063 Y19.42577
G01 X-32.78289 Y19.41960
G01 X-32.78063 Y19.42577
G01 X-32.79255 Y19.43893
G01 X-32.81436 Y19.45869
G01 X-32.94317 Y19.56441
G01 X-32.99206 Y19.59707
G01 X-33.13903 Y19.67563
G01 X-33.19336 Y19.69814
G01 X-33.35282 Y19.74650
G01 X-33.38137 Y19.75366
G01 X-33.41050 Y19.75798
G01 X-33.57631 Y19.77431
G01 X-33.60573 Y19.77576
G01 X-33.63514 Y19.77431
G01 X-33.80095 Y19.75798
G01 X-33.85863 Y19.74650
G01 X-34.01810 Y19.69814
G01 X-34.04581 Y19.68821
G01 X-34.07243 Y19.67563
G01 X-34.21937 Y19.59707
G01 X-34.26829 Y19.56441
G01 X-34.39709 Y19.45869
G01 X-34.41891 Y19.43893
G01 X-34.43082 Y19.42577
G01 X-34.42856 Y19.41960
G01 X-34.43082 Y19.42577
G01 X-40.38062 Y19.42577
G01 X-40.38290 Y19.41960
G01 X-40.38062 Y19.42577
G01 X-40.39256 Y19.43893
G01 X-40.41437 Y19.45869
G01 X-40.54318 Y19.56441
G01 X-40.59207 Y19.59707
G01 X-40.73901 Y19.67563
G01 X-40.79337 Y19.69814
G01 X-40.95280 Y19.74650
G01 X-40.98138 Y19.75366
G01 X-41.01049 Y19.75798
G01 X-41.17632 Y19.77431
G01 X-41.20571 Y19.77576
G01 X-41.23512 Y19.77431
G01 X-41.40096 Y19.75798
G01 X-41.45864 Y19.74650
G01 X-41.61808 Y19.69814
G01 X-41.64582 Y19.68821
G01 X-41.67241 Y19.67563
G01 X-41.81938 Y19.59707
G01 X-41.86827 Y19.56441
G01 X-41.99707 Y19.45869
G01 X-42.01889 Y19.43893
G01 X-42.03083 Y19.42577
G01 X-42.02854 Y19.41960
G01 X-42.03083 Y19.42577
G01 X-47.92063 Y19.42577
G01 X-47.92289 Y19.41960
G01 X-47.92063 Y19.42577
G01 X-47.93255 Y19.43893
G01 X-47.95436 Y19.45869
G01 X-48.08317 Y19.56441
G01 X-48.13206 Y19.59707
G01 X-48.27903 Y19.67563
G01 X-48.33336 Y19.69814
G01 X-48.49282 Y19.74650
G01 X-48.52137 Y19.75366
G01 X-48.55050 Y19.75798
G01 X-48.71631 Y19.77431
G01 X-48.74573 Y19.77576
G01 X-48.77514 Y19.77431
G01 X-48.94095 Y19.75798
G01 X-48.99863 Y19.74650
G01 X-49.15810 Y19.69814
G01 X-49.18581 Y19.68821
G01 X-49.21243 Y19.67563
G01 X-49.35937 Y19.59707
G01 X-49.40829 Y19.56441
G01 X-49.53709 Y19.45869
G01 X-49.55891 Y19.43893
G01 X-49.57082 Y19.42577
G01 X-49.56879 Y19.42003
G01 X-49.57082 Y19.42577
G01 X-49.73432 Y19.42577
G01 X-49.73750 Y19.41815
G01 X-49.73432 Y19.42577
G01 X-49.80569 Y19.49715
G01 X-49.81331 Y19.49397
G01 X-49.80569 Y19.49715
G01 X-49.80569 Y19.99641
G01 X-49.82934 Y20.03426
G01 X-49.83178 Y20.03860
G01 X-49.83376 Y20.04320
G01 X-49.88159 Y20.17070
G01 X-49.88332 Y20.17629
G01 X-49.88428 Y20.17601
G01 X-49.88332 Y20.17629
G01 X-49.88438 Y20.18206
G01 X-49.90031 Y20.30954
G01 X-49.90072 Y20.31574
G01 X-49.90072 Y22.01576
G01 X-49.90031 Y22.02198
G01 X-49.88438 Y22.14947
G01 X-49.88332 Y22.15523
G01 X-49.88428 Y22.15551
G01 X-49.88332 Y22.15523
G01 X-49.88159 Y22.16082
G01 X-49.83376 Y22.28833
G01 X-49.83178 Y22.29292
G01 X-49.82934 Y22.29727
G01 X-49.68570 Y22.33837
G01 X-49.41537 Y22.41576
G01 X-45.15315 Y23.63575
G01 X-44.80380 Y23.73575
G01 X-44.45442 Y23.83575
G01 X-43.96598 Y23.97555
G01 X-43.85861 Y24.00628
G01 X-43.75572 Y24.03575
G01 X-43.75572 Y25.73574
G01 X-43.76342 Y25.81380
G01 X-43.78617 Y25.88883
G01 X-43.82313 Y25.95797
G01 X-43.87289 Y26.01860
G01 X-43.93349 Y26.06833
G01 X-44.00266 Y26.10531
G01 X-44.07769 Y26.12807
G01 X-44.15572 Y26.13574
G01 X-45.85572 Y26.13574
G01 X-45.93377 Y26.12807
G01 X-46.00880 Y26.10531
G01 X-46.07794 Y26.06833
G01 X-46.13857 Y26.01860
G01 X-46.18830 Y25.95797
G01 X-46.22529 Y25.88883
G01 X-46.24804 Y25.81380
G01 X-46.25571 Y25.73574
G01 X-46.25571 Y25.58578
G01 X-46.22854 Y25.55766
G01 X-46.25571 Y25.58578
G01 X-47.55571 Y25.58578
G01 X-47.58289 Y25.55766
G01 X-47.55571 Y25.58578
G01 X-47.55571 Y25.73574
G01 X-47.56341 Y25.81380
G01 X-47.58617 Y25.88883
G01 X-47.62312 Y25.95797
G01 X-47.67288 Y26.01860
G01 X-47.73349 Y26.06833
G01 X-47.80265 Y26.10531
G01 X-47.87768 Y26.12807
G01 X-47.95571 Y26.13574
G01 X-48.42553 Y26.13574
G01 X-48.50552 Y26.12388
G01 X-48.50793 Y26.12357
G01 X-48.59290 Y26.11519
G01 X-48.59536 Y26.11502
G01 X-48.76198 Y26.10684
G01 X-48.76445 Y26.10676
G01 X-48.84697 Y26.10676
G01 X-48.84697 Y26.10648
G01 X-48.84697 Y26.10676
G01 X-48.84944 Y26.10684
G01 X-49.01606 Y26.11502
G01 X-49.01852 Y26.11519
G01 X-49.10349 Y26.12357
G01 X-49.10590 Y26.12388
G01 X-49.18588 Y26.13574
G01 X-49.63303 Y26.13574
G01 X-49.71387 Y26.04334
G01 X-49.72406 Y26.02700
G01 X-49.77941 Y25.93851
G01 X-49.80681 Y25.86536
G01 X-49.81776 Y25.83620
G01 X-49.83071 Y25.73264
G01 X-49.83071 Y24.03887
G01 X-49.81776 Y23.93531
G01 X-49.80681 Y23.90613
G01 X-49.77941 Y23.83300
G01 X-49.72406 Y23.74446
G01 X-49.71387 Y23.72818
G01 X-49.63300 Y23.63575
G01 X-47.95571 Y23.63575
G01 X-47.87768 Y23.64344
G01 X-47.80265 Y23.66620
G01 X-47.73349 Y23.70316
G01 X-47.67288 Y23.75292
G01 X-47.62312 Y23.81352
G01 X-47.58617 Y23.88269
G01 X-47.56341 Y23.95772
G01 X-47.55571 Y24.03575
G01 X-47.55571 Y24.18576
G01 X-47.58289 Y24.21388
G01 X-47.55571 Y24.18576
G01 X-46.25571 Y24.18576
G01 X-46.22854 Y24.21388
G01 X-46.25571 Y24.18576
G01 X-46.25571 Y24.03575
G01 X-46.24804 Y23.95772
G01 X-46.22529 Y23.88269
G01 X-46.18830 Y23.81352
G01 X-46.13857 Y23.75292
G01 X-46.07794 Y23.70316
G01 X-46.00880 Y23.66620
G01 X-45.93377 Y23.64344
G01 X-45.85572 Y23.63575
G01 X-45.15315 Y23.63575
G01 X-44.15572 Y23.63575
G01 X-44.07769 Y23.64344
G01 X-44.00266 Y23.66620
G01 X-43.93349 Y23.70316
G01 X-43.87289 Y23.75292
G01 X-43.82313 Y23.81352
G01 X-43.78617 Y23.88269
G01 X-43.76342 Y23.95772
G01 X-43.75572 Y24.03575
G01 X-43.85572 Y24.03575
G01 X-43.95572 Y24.03575
G01 X-44.05572 Y24.03575
G01 X-44.05765 Y24.01624
G01 X-44.06334 Y23.99747
G01 X-44.07258 Y23.98020
G01 X-44.08500 Y23.96503
G01 X-44.10017 Y23.95261
G01 X-44.11747 Y23.94337
G01 X-44.13621 Y23.93768
G01 X-44.15572 Y23.93575
G01 X-45.85572 Y23.93575
G01 X-45.87522 Y23.93768
G01 X-45.89399 Y23.94337
G01 X-45.91129 Y23.95261
G01 X-45.92643 Y23.96503
G01 X-45.93887 Y23.98020
G01 X-45.94812 Y23.99747
G01 X-45.95381 Y24.01624
G01 X-45.95572 Y24.03575
G01 X-45.95572 Y24.48576
G01 X-47.85571 Y24.48576
G01 X-47.85571 Y24.03575
G01 X-47.85764 Y24.01624
G01 X-47.86333 Y23.99747
G01 X-47.87258 Y23.98020
G01 X-47.88502 Y23.96503
G01 X-47.90016 Y23.95261
G01 X-47.91746 Y23.94337
G01 X-47.93620 Y23.93768
G01 X-47.95571 Y23.93575
G01 X-49.65573 Y23.93575
G01 X-49.67524 Y23.93768
G01 X-49.69399 Y23.94337
G01 X-49.71128 Y23.95261
G01 X-49.72645 Y23.96503
G01 X-49.73887 Y23.98020
G01 X-49.74811 Y23.99747
G01 X-49.75380 Y24.01624
G01 X-49.75573 Y24.03575
G01 X-49.75573 Y25.73574
G01 X-49.75380 Y25.75525
G01 X-49.74811 Y25.77402
G01 X-49.73887 Y25.79132
G01 X-49.72645 Y25.80646
G01 X-49.71128 Y25.81890
G01 X-49.69399 Y25.82815
G01 X-49.67524 Y25.83384
G01 X-49.65573 Y25.83574
G01 X-47.95571 Y25.83574
G01 X-47.93620 Y25.83384
G01 X-47.91746 Y25.82815
G01 X-47.90016 Y25.81890
G01 X-47.88502 Y25.80646
G01 X-47.87258 Y25.79132
G01 X-47.86333 Y25.77402
G01 X-47.85764 Y25.75525
G01 X-47.85571 Y25.73574
G01 X-47.85571 Y25.28578
G01 X-45.95572 Y25.28578
G01 X-45.95572 Y25.73574
G01 X-45.95381 Y25.75525
G01 X-45.94812 Y25.77402
G01 X-45.93887 Y25.79132
G01 X-45.92643 Y25.80646
G01 X-45.91129 Y25.81890
G01 X-45.89399 Y25.82815
G01 X-45.87522 Y25.83384
G01 X-45.85572 Y25.83574
G01 X-44.15572 Y25.83574
G01 X-44.13621 Y25.83384
G01 X-44.11747 Y25.82815
G01 X-44.10017 Y25.81890
G01 X-44.08500 Y25.80646
G01 X-44.07258 Y25.79132
G01 X-44.06334 Y25.77402
G01 X-44.05765 Y25.75525
G01 X-44.05572 Y25.73574
G01 X-44.05572 Y24.03575
G01 X-43.95572 Y24.03575
G01 X-43.95572 Y25.73574
G01 X-43.95955 Y25.77476
G01 X-43.97096 Y25.81230
G01 X-43.98942 Y25.84687
G01 X-44.01429 Y25.87717
G01 X-44.04462 Y25.90204
G01 X-44.07919 Y25.92053
G01 X-44.11670 Y25.93191
G01 X-44.15572 Y25.93574
G01 X-45.85572 Y25.93574
G01 X-45.89473 Y25.93191
G01 X-45.93227 Y25.92053
G01 X-45.96684 Y25.90204
G01 X-45.99714 Y25.87717
G01 X-46.02201 Y25.84687
G01 X-46.04050 Y25.81230
G01 X-46.05188 Y25.77476
G01 X-46.05571 Y25.73574
G01 X-46.05571 Y25.38578
G01 X-46.02706 Y25.35683
G01 X-46.05571 Y25.38578
G01 X-47.75571 Y25.38578
G01 X-47.78439 Y25.35683
G01 X-47.75571 Y25.38578
G01 X-47.75571 Y25.73574
G01 X-47.75957 Y25.77476
G01 X-47.77095 Y25.81230
G01 X-47.78942 Y25.84687
G01 X-47.81431 Y25.87717
G01 X-47.84461 Y25.90204
G01 X-47.87918 Y25.92053
G01 X-47.91670 Y25.93191
G01 X-47.95571 Y25.93574
G01 X-49.65573 Y25.93574
G01 X-49.69475 Y25.93191
G01 X-49.73226 Y25.92053
G01 X-49.76683 Y25.90204
G01 X-49.79713 Y25.87717
G01 X-49.80681 Y25.86536
G01 X-49.77941 Y25.93851
G01 X-49.72406 Y26.02700
G01 X-49.71425 Y26.02998
G01 X-49.65573 Y26.03574
G01 X-47.95571 Y26.03574
G01 X-47.89719 Y26.02998
G01 X-47.84093 Y26.01291
G01 X-47.78906 Y25.98520
G01 X-47.74360 Y25.94788
G01 X-47.70628 Y25.90242
G01 X-47.67857 Y25.85055
G01 X-47.66148 Y25.79426
G01 X-47.65571 Y25.73574
G01 X-47.65571 Y25.48578
G01 X-47.68502 Y25.45649
G01 X-47.65571 Y25.48578
G01 X-46.15571 Y25.48578
G01 X-46.12643 Y25.45649
G01 X-46.15571 Y25.48578
G01 X-46.15571 Y25.73574
G01 X-46.14995 Y25.79426
G01 X-46.13288 Y25.85055
G01 X-46.10517 Y25.90242
G01 X-46.06786 Y25.94788
G01 X-46.02239 Y25.98520
G01 X-45.97052 Y26.01291
G01 X-45.91426 Y26.02998
G01 X-45.85572 Y26.03574
G01 X-44.15572 Y26.03574
G01 X-44.09720 Y26.02998
G01 X-44.04091 Y26.01291
G01 X-43.98904 Y25.98520
G01 X-43.94360 Y25.94788
G01 X-43.90629 Y25.90242
G01 X-43.87855 Y25.85055
G01 X-43.86148 Y25.79426
G01 X-43.85572 Y25.73574
G01 X-43.85572 Y24.03575
G01 X-43.85861 Y24.00628
G01 X-43.86148 Y23.97722
G01 X-43.87855 Y23.92094
G01 X-43.90629 Y23.86907
G01 X-43.94360 Y23.82360
G01 X-43.98904 Y23.78632
G01 X-44.04091 Y23.75858
G01 X-44.09720 Y23.74151
G01 X-44.15572 Y23.73575
G01 X-44.80380 Y23.73575
G01 X-45.85572 Y23.73575
G01 X-45.91426 Y23.74151
G01 X-45.97052 Y23.75858
G01 X-46.02239 Y23.78632
G01 X-46.06786 Y23.82360
G01 X-46.10517 Y23.86907
G01 X-46.13288 Y23.92094
G01 X-46.14995 Y23.97722
G01 X-46.15571 Y24.03575
G01 X-46.15571 Y24.28576
G01 X-46.12762 Y24.31441
G01 X-46.15571 Y24.28576
G01 X-47.65571 Y24.28576
G01 X-47.68502 Y24.31507
G01 X-47.65571 Y24.28576
G01 X-47.65571 Y24.03575
G01 X-47.66148 Y23.97722
G01 X-47.67857 Y23.92094
G01 X-47.70628 Y23.86907
G01 X-47.74360 Y23.82360
G01 X-47.78906 Y23.78632
G01 X-47.84093 Y23.75858
G01 X-47.89719 Y23.74151
G01 X-47.95571 Y23.73575
G01 X-49.65573 Y23.73575
G01 X-49.71425 Y23.74151
G01 X-49.72406 Y23.74446
G01 X-49.77941 Y23.83300
G01 X-49.80681 Y23.90613
G01 X-49.79713 Y23.89432
G01 X-49.76683 Y23.86945
G01 X-49.73226 Y23.85096
G01 X-49.69475 Y23.83958
G01 X-49.65573 Y23.83575
G01 X-47.95571 Y23.83575
G01 X-47.91670 Y23.83958
G01 X-47.87918 Y23.85096
G01 X-47.84461 Y23.86945
G01 X-47.81431 Y23.89432
G01 X-47.78942 Y23.92465
G01 X-47.77095 Y23.95922
G01 X-47.75957 Y23.99673
G01 X-47.75571 Y24.03575
G01 X-47.75571 Y24.38576
G01 X-47.78439 Y24.41471
G01 X-47.75571 Y24.38576
G01 X-46.05571 Y24.38576
G01 X-46.02706 Y24.41471
G01 X-46.05571 Y24.38576
G01 X-46.05571 Y24.03575
G01 X-46.05188 Y23.99673
G01 X-46.04050 Y23.95922
G01 X-46.02201 Y23.92465
G01 X-45.99714 Y23.89432
G01 X-45.96684 Y23.86945
G01 X-45.93227 Y23.85096
G01 X-45.89473 Y23.83958
G01 X-45.85572 Y23.83575
G01 X-44.45442 Y23.83575
G01 X-44.15572 Y23.83575
G01 X-44.11670 Y23.83958
G01 X-44.07919 Y23.85096
G01 X-44.04462 Y23.86945
G01 X-44.01429 Y23.89432
G01 X-43.98942 Y23.92465
G01 X-43.97096 Y23.95922
G01 X-43.96598 Y23.97555
G01 X-43.95955 Y23.99673
G01 X-43.95572 Y24.03575
G04 P0 ( dwell for no time -- G64 should not smooth over this point )
G00 Z5.00000 ( retract )

G00 X-40.10627 Y30.56578 ( rapid move to begin. )
G01 F150.00000
( Mill infeed pass 1/1 )
G01 Z-0.06000
G04 P0 ( dwell for no time -- G64 should not smooth over this point )
G01 F300.00000
G01 X-40.10627 Y30.56578
G01 X-40.47447 Y30.56578
G01 X-40.52738 Y30.63022
G01 X-40.53398 Y30.63751
G01 X-40.54125 Y30.64409
G01 X-40.67005 Y30.74980
G01 X-40.68636 Y30.76070
G01 X-40.83330 Y30.83924
G01 X-40.85141 Y30.84673
G01 X-40.85570 Y30.84805
G01 X-40.85570 Y31.16608
G01 X-40.77655 Y31.14488
G01 X-40.57833 Y31.05242
G01 X-40.39916 Y30.92697
G01 X-40.24450 Y30.77231
G01 X-40.11905 Y30.59314
G01 X-40.10627 Y30.56578
G01 X-40.15385 Y30.60566
G01 X-40.29197 Y30.66578
G01 X-40.32141 Y30.70779
G01 X-40.46368 Y30.85006
G01 X-40.46332 Y30.85049
G01 X-40.46368 Y30.85006
G01 X-40.62850 Y30.96548
G01 X-40.62829 Y30.96581
G01 X-40.62850 Y30.96548
G01 X-40.75570 Y31.02481
G01 X-40.80198 Y31.09745
G01 X-40.75570 Y31.02481
G01 X-40.75570 Y30.91114
G01 X-40.76937 Y30.90317
G01 X-40.75570 Y30.91114
G01 X-40.63922 Y30.84889
G01 X-40.62238 Y30.83878
G01 X-40.60660 Y30.82710
G01 X-40.47780 Y30.72138
G01 X-40.46327 Y30.70820
G01 X-40.45009 Y30.69367
G01 X-40.42718 Y30.66576
G01 X-40.42972 Y30.65913
G01 X-40.42718 Y30.66576
G01 X-40.29197 Y30.66578
G04 P0 ( dwell for no time -- G64 should not smooth over this point )
G00 Z5.00000 ( retract )

G00 X-42.11945 Y30.66578 ( rapid move to begin. )
G01 F150.00000
( Mill infeed pass 1/1 )
G01 Z-0.06000
G04 P0 ( dwell for no time -- G64 should not smooth over this point )
G01 F300.00000
G01 X-42.11945 Y30.66578
G01 X-41.98427 Y30.66576
G01 X-41.98173 Y30.65913
G01 X-41.98427 Y30.66576
G01 X-41.96136 Y30.69367
G01 X-41.94818 Y30.70820
G01 X-41.93365 Y30.72138
G01 X-41.80485 Y30.82710
G01 X-41.77223 Y30.84889
G01 X-41.65572 Y30.91117
G01 X-41.64206 Y30.90319
G01 X-41.55572 Y30.84805
G01 X-41.56004 Y30.84673
G01 X-41.56926 Y30.84343
G01 X-41.57815 Y30.83924
G01 X-41.72509 Y30.76070
G01 X-41.74140 Y30.74980
G01 X-41.87020 Y30.64409
G01 X-41.87747 Y30.63751
G01 X-41.88407 Y30.63022
G01 X-41.93698 Y30.56578
G01 X-42.30513 Y30.56578
G01 X-42.29237 Y30.59316
G01 X-42.16692 Y30.77231
G01 X-42.01226 Y30.92697
G01 X-41.83309 Y31.05242
G01 X-41.63487 Y31.14488
G01 X-41.55572 Y31.16608
G01 X-41.55572 Y30.84805
G01 X-41.64206 Y30.90319
G01 X-41.65572 Y30.91117
G01 X-41.65572 Y31.02481
G01 X-41.60944 Y31.09745
G01 X-41.65572 Y31.02481
G01 X-41.78293 Y30.96548
G01 X-41.78313 Y30.96581
G01 X-41.78293 Y30.96548
G01 X-41.94775 Y30.85006
G01 X-41.94810 Y30.85049
G01 X-41.94775 Y30.85006
G01 X-42.09001 Y30.70779
G01 X-42.11945 Y30.66578
G01 X-42.25758 Y30.60566
G04 P0 ( dwell for no time -- G64 should not smooth over this point )
G00 Z5.00000 ( retract )

G00 X-47.70628 Y30.56578 ( rapid move to begin. )
G01 F150.00000
( Mill infeed pass 1/1 )
G01 Z-0.06000
G04 P0 ( dwell for no time -- G64 should not smooth over this point )
G01 F300.00000
G01 X-47.70628 Y30.56578
G01 X-48.07448 Y30.56578
G01 X-48.12739 Y30.63022
G01 X-48.13397 Y30.63751
G01 X-48.14123 Y30.64409
G01 X-48.27006 Y30.74980
G01 X-48.28634 Y30.76070
G01 X-48.43331 Y30.83924
G01 X-48.45142 Y30.84673
G01 X-48.45571 Y30.84805
G01 X-48.45571 Y31.16608
G01 X-48.37656 Y31.14488
G01 X-48.17832 Y31.05242
G01 X-47.99917 Y30.92697
G01 X-47.84448 Y30.77231
G01 X-47.71903 Y30.59316
G01 X-47.70628 Y30.56578
G01 X-47.75381 Y30.60566
G01 X-47.89196 Y30.66578
G01 X-47.92137 Y30.70779
G01 X-48.06369 Y30.85006
G01 X-48.06331 Y30.85049
G01 X-48.06369 Y30.85006
G01 X-48.22853 Y30.96550
G01 X-48.22833 Y30.96583
G01 X-48.22853 Y30.96550
G01 X-48.35571 Y31.02481
G01 X-48.40199 Y31.09745
G01 X-48.35571 Y31.02481
G01 X-48.35571 Y30.91114
G01 X-48.36938 Y30.90317
G01 X-48.35571 Y30.91114
G01 X-48.23920 Y30.84889
G01 X-48.22239 Y30.83878
G01 X-48.20661 Y30.82710
G01 X-48.07781 Y30.72138
G01 X-48.06325 Y30.70820
G01 X-48.05007 Y30.69367
G01 X-48.02719 Y30.66576
G01 X-48.02973 Y30.65913
G01 X-48.02719 Y30.66576
G01 X-47.89196 Y30.66578
G04 P0 ( dwell for no time -- G64 should not smooth over this point )
G00 Z5.00000 ( retract )

G00 X-49.71944 Y30.66576 ( rapid move to begin. )
G01 F150.00000
( Mill infeed pass 1/1 )
G01 Z-0.06000
G04 P0 ( dwell for no time -- G64 should not smooth over this point )
G01 F300.00000
G01 X-49.71944 Y30.66576
G01 X-49.58426 Y30.66576
G01 X-49.58172 Y30.65913
G01 X-49.58426 Y30.66576
G01 X-49.56137 Y30.69367
G01 X-49.54819 Y30.70820
G01 X-49.53364 Y30.72138
G01 X-49.40483 Y30.82710
G01 X-49.37224 Y30.84889
G01 X-49.25573 Y30.91117
G01 X-49.24207 Y30.90319
G01 X-49.15573 Y30.84805
G01 X-49.16003 Y30.84673
G01 X-49.16927 Y30.84343
G01 X-49.17814 Y30.83924
G01 X-49.32510 Y30.76070
G01 X-49.34141 Y30.74980
G01 X-49.47021 Y30.64409
G01 X-49.47748 Y30.63751
G01 X-49.48405 Y30.63022
G01 X-49.53696 Y30.56576
G01 X-49.90514 Y30.56578
G01 X-49.89238 Y30.59316
G01 X-49.76691 Y30.77231
G01 X-49.61227 Y30.92697
G01 X-49.43313 Y31.05239
G01 X-49.23488 Y31.14488
G01 X-49.15573 Y31.16608
G01 X-49.15573 Y30.84805
G01 X-49.24207 Y30.90319
G01 X-49.25573 Y30.91117
G01 X-49.25571 Y31.02481
G01 X-49.20945 Y31.09745
G01 X-49.25571 Y31.02481
G01 X-49.38291 Y30.96548
G01 X-49.38309 Y30.96581
G01 X-49.38291 Y30.96548
G01 X-49.54776 Y30.85006
G01 X-49.54814 Y30.85049
G01 X-49.54776 Y30.85006
G01 X-49.69002 Y30.70779
G01 X-49.71944 Y30.66576
G01 X-49.85756 Y30.60566

G04 P0 ( dwell for no time -- G64 should not smooth over this point )
G00 Z30.000000 ( retract )

M5 ( Spindle off. )
G04 P1.000000
M9 ( Coolant off. )
M2 ( Program end. )

