( pcb2gcode 2.5.0 )
( Software-independent Gcode )

G94 ( Millimeters per minute feed rate. )
G21 ( Units == Millimeters. )

G90 ( Absolute coordinates. )
G00 S10000 ( RPM spindle speed. )
G01 F300.00000 ( Feedrate. )


G00 Z30.00000 (Retract to tool change height)
T1
M5      (Spindle stop.)
G04 P1.00000 (Wait for spindle to stop)
(MSG, Change tool bit to mill diameter 0.20000mm)
M6      (Tool change.)
M0      (Temporary machine stop.)
M3 ( Spindle on clockwise. )
G04 P1.00000 (Wait for spindle to get up to speed)
G04 P0 ( dwell for no time -- G64 should not smooth over this point )
G00 Z5.00000 ( retract )

G00 X-7.76486 Y10.86037 ( rapid move to begin. )
G01 F150.00000
( Mill infeed pass 1/1 )
G01 Z-0.06000
G04 P0 ( dwell for no time -- G64 should not smooth over this point )
G01 F300.00000
G01 X-7.76486 Y10.86037
G01 X-7.74731 Y10.86766
G01 X-7.74360 Y10.87135
G01 X-7.71251 Y10.90924
G01 X-7.70083 Y10.92502
G01 X-7.69074 Y10.94183
G01 X-7.66763 Y10.98506
G01 X-7.65262 Y11.02128
G01 X-7.63839 Y11.06817
G01 X-7.63364 Y11.08722
G01 X-7.63075 Y11.10663
G01 X-7.62595 Y11.15542
G01 X-7.62498 Y11.17500
G01 X-7.62498 Y11.87500
G01 X-7.62595 Y11.89461
G01 X-7.63075 Y11.94338
G01 X-7.63364 Y11.96281
G01 X-7.63839 Y11.98184
G01 X-7.65262 Y12.02875
G01 X-7.66763 Y12.06497
G01 X-7.69074 Y12.10818
G01 X-7.70083 Y12.12502
G01 X-7.71251 Y12.14079
G01 X-7.74360 Y12.17866
G01 X-7.77134 Y12.20640
G01 X-7.80921 Y12.23749
G01 X-7.82498 Y12.24917
G01 X-7.84182 Y12.25925
G01 X-7.88503 Y12.28237
G01 X-7.92125 Y12.29738
G01 X-7.96816 Y12.31160
G01 X-7.98719 Y12.31635
G01 X-8.00662 Y12.31925
G01 X-8.05539 Y12.32405
G01 X-8.07499 Y12.32501
G01 X-8.26758 Y12.32501
G01 X-8.26775 Y12.32387
G01 X-8.26758 Y12.32501
G01 X-9.19686 Y12.62118
G01 X-9.19755 Y12.61988
G01 X-9.19686 Y12.62118
G01 X-9.21284 Y12.63716
G01 X-9.22737 Y12.65034
G01 X-9.24253 Y12.66278
G01 X-9.25830 Y12.67447
G01 X-9.27512 Y12.68455
G01 X-9.29242 Y12.69380
G01 X-9.31017 Y12.70218
G01 X-9.32864 Y12.70881
G01 X-9.34741 Y12.71450
G01 X-9.38586 Y12.72214
G01 X-9.40537 Y12.72407
G01 X-9.42498 Y12.72504
G01 X-9.71243 Y12.72504
G01 X-9.89074 Y12.69291
G01 X-9.89127 Y12.69283
G01 X-9.90882 Y12.68986
G01 X-9.90984 Y12.68968
G01 X-9.95886 Y12.68242
G01 X-9.96127 Y12.68214
G01 X-10.00143 Y12.67818
G01 X-10.00387 Y12.67797
G01 X-10.05289 Y12.67559
G01 X-10.05411 Y12.67554
G01 X-10.07375 Y12.67505
G01 X-10.07496 Y12.67480
G01 X-10.97496 Y12.67503
G01 X-10.97621 Y12.67505
G01 X-10.99584 Y12.67554
G01 X-10.99706 Y12.67556
G01 X-11.04608 Y12.67797
G01 X-11.04852 Y12.67815
G01 X-11.08868 Y12.68211
G01 X-11.09109 Y12.68242
G01 X-11.14011 Y12.68968
G01 X-11.14255 Y12.69011
G01 X-11.18548 Y12.69867
G01 X-11.18787 Y12.69921
G01 X-11.21222 Y12.70533
G01 X-11.21972 Y12.70784
G01 X-11.22673 Y12.71150
G01 X-11.24761 Y12.72466
G01 X-11.24964 Y12.72600
G01 X-11.28594 Y12.75143
G01 X-11.28789 Y12.75288
G01 X-11.32665 Y12.78293
G01 X-11.32856 Y12.78450
G01 X-11.36274 Y12.81384
G01 X-11.36457 Y12.81546
G01 X-11.40041 Y12.84942
G01 X-11.40219 Y12.85118
G01 X-11.43544 Y12.88595
G01 X-11.43709 Y12.88775
G01 X-11.44700 Y12.89918
G01 X-11.89835 Y13.23017
G01 X-11.90537 Y13.23433
G01 X-11.91387 Y13.24129
G01 X-11.94844 Y13.25979
G01 X-11.98596 Y13.27117
G01 X-12.02500 Y13.27500
G01 X-13.52500 Y13.27500
G01 X-13.55972 Y13.27198
G01 X-13.59340 Y13.26296
G01 X-13.62500 Y13.24823
G01 X-13.65355 Y13.22821
G01 X-13.67821 Y13.20358
G01 X-13.69820 Y13.17500
G01 X-13.71293 Y13.14340
G01 X-13.71722 Y13.12735
G01 X-13.71618 Y13.12641
G01 X-13.71722 Y13.12735
G01 X-14.34514 Y12.62501
G01 X-14.34316 Y12.61938
G01 X-14.34514 Y12.62501
G01 X-15.15794 Y12.62501
G01 X-15.15832 Y12.62501
G01 X-15.26998 Y12.54127
G01 X-15.27554 Y12.53764
G01 X-15.28153 Y12.53479
G01 X-15.28786 Y12.53276
G01 X-15.31885 Y12.52501
G01 X-15.28786 Y12.53276
G01 X-15.28153 Y12.53479
G01 X-15.27554 Y12.53764
G01 X-15.27483 Y12.53622
G01 X-15.27554 Y12.53764
G01 X-15.26998 Y12.54127
G01 X-15.15794 Y12.62501
G01 X-15.14483 Y12.63482
G01 X-15.13965 Y12.63967
G01 X-15.05428 Y12.72501
G01 X-14.38021 Y12.72501
G01 X-14.37823 Y12.71938
G01 X-14.38021 Y12.72501
G01 X-13.80239 Y13.18729
G01 X-13.80170 Y13.18663
G01 X-13.80239 Y13.18729
G01 X-13.78479 Y13.22501
G01 X-13.75479 Y13.26784
G01 X-13.71783 Y13.30482
G01 X-13.67498 Y13.33482
G01 X-13.62759 Y13.35692
G01 X-13.57709 Y13.37045
G01 X-13.52500 Y13.37500
G01 X-12.02500 Y13.37500
G01 X-11.96645 Y13.36926
G01 X-11.91019 Y13.35217
G01 X-11.85832 Y13.32445
G01 X-11.84811 Y13.31607
G01 X-11.83922 Y13.31081
G01 X-11.61385 Y13.14554
G01 X-11.59947 Y13.11882
G01 X-11.59886 Y13.11772
G01 X-11.57229 Y13.07109
G01 X-11.57105 Y13.06903
G01 X-11.53734 Y13.01600
G01 X-11.53595 Y13.01391
G01 X-11.50610 Y12.97178
G01 X-11.50465 Y12.96984
G01 X-11.47158 Y12.92766
G01 X-11.47001 Y12.92575
G01 X-11.44700 Y12.89918
G01 X-11.43709 Y12.88775
G01 X-11.43544 Y12.88595
G01 X-11.40219 Y12.85118
G01 X-11.40041 Y12.84942
G01 X-11.36457 Y12.81546
G01 X-11.36274 Y12.81384
G01 X-11.32856 Y12.78450
G01 X-11.32879 Y12.78422
G01 X-11.32856 Y12.78450
G01 X-11.32665 Y12.78293
G01 X-11.28789 Y12.75288
G01 X-11.28594 Y12.75143
G01 X-11.24964 Y12.72600
G01 X-11.24761 Y12.72466
G01 X-11.22673 Y12.71150
G01 X-11.21972 Y12.70784
G01 X-11.21222 Y12.70533
G01 X-11.21321 Y12.70279
G01 X-11.21222 Y12.70533
G01 X-11.18787 Y12.69921
G01 X-11.18548 Y12.69867
G01 X-11.14255 Y12.69011
G01 X-11.14011 Y12.68968
G01 X-11.09109 Y12.68242
G01 X-11.08868 Y12.68211
G01 X-11.04852 Y12.67815
G01 X-11.04608 Y12.67797
G01 X-10.99706 Y12.67556
G01 X-10.99584 Y12.67554
G01 X-10.97621 Y12.67505
G01 X-10.97496 Y12.67503
G01 X-10.07496 Y12.67480
G01 X-10.07375 Y12.67505
G01 X-10.05411 Y12.67554
G01 X-10.05289 Y12.67559
G01 X-10.00387 Y12.67797
G01 X-10.00143 Y12.67818
G01 X-9.96127 Y12.68214
G01 X-9.95886 Y12.68242
G01 X-9.90984 Y12.68968
G01 X-9.90882 Y12.68986
G01 X-9.89127 Y12.69283
G01 X-9.89074 Y12.69291
G01 X-9.71243 Y12.72504
G01 X-9.52498 Y12.75882
G01 X-9.43455 Y12.74251
G01 X-9.40982 Y12.73743
G01 X-9.39234 Y12.73340
G01 X-9.34593 Y12.72021
G01 X-9.32968 Y12.71473
G01 X-9.28533 Y12.69730
G01 X-9.26966 Y12.69024
G01 X-9.22594 Y12.66784
G01 X-9.21015 Y12.65875
G01 X-9.19793 Y12.65148
G01 X-9.18434 Y12.64297
G01 X-9.17885 Y12.64000
G01 X-9.17301 Y12.63771
G01 X-9.16509 Y12.63520
G01 X-9.16473 Y12.63507
G01 X-9.11794 Y12.62052
G01 X-9.11558 Y12.61986
G01 X-9.11578 Y12.61912
G01 X-9.11558 Y12.61986
G01 X-9.06331 Y12.60637
G01 X-9.06092 Y12.60584
G01 X-9.01266 Y12.59588
G01 X-9.01144 Y12.59565
G01 X-8.98386 Y12.59065
G01 X-8.98266 Y12.59047
G01 X-8.56958 Y12.52621
G01 X-8.25203 Y12.42501
G01 X-8.25221 Y12.42387
G01 X-8.25203 Y12.42501
G01 X-8.07499 Y12.42501
G01 X-8.04558 Y12.42357
G01 X-7.99681 Y12.41877
G01 X-7.96768 Y12.41445
G01 X-7.93913 Y12.40729
G01 X-7.89224 Y12.39306
G01 X-7.83789 Y12.37056
G01 X-7.79468 Y12.34747
G01 X-7.76943 Y12.33233
G01 X-7.74578 Y12.31478
G01 X-7.70789 Y12.28369
G01 X-7.66631 Y12.24211
G01 X-7.63522 Y12.20421
G01 X-7.61767 Y12.18057
G01 X-7.60255 Y12.15532
G01 X-7.57944 Y12.11211
G01 X-7.55694 Y12.05778
G01 X-7.54271 Y12.01087
G01 X-7.53555 Y11.98232
G01 X-7.53123 Y11.95318
G01 X-7.52643 Y11.90442
G01 X-7.52498 Y11.87500
G01 X-7.52498 Y11.17500
G01 X-7.52643 Y11.14562
G01 X-7.53123 Y11.09682
G01 X-7.53555 Y11.06772
G01 X-7.54271 Y11.03917
G01 X-7.55694 Y10.99225
G01 X-7.57088 Y10.95862
G01 X-7.61546 Y10.93190
G01 X-7.67157 Y10.90180
G01 X-7.71838 Y10.87968
G01 X-7.76486 Y10.86037
G01 X-7.81155 Y10.84369
G01 X-7.85117 Y10.83162
G01 X-7.89783 Y10.81994
G01 X-7.93311 Y10.81290
G01 X-7.97974 Y10.80597
G01 X-8.01246 Y10.80274
G01 X-8.05958 Y10.80043
G01 X-8.07558 Y10.80005
G01 X-8.97438 Y10.80005
G01 X-8.99038 Y10.80043
G01 X-9.03750 Y10.80274
G01 X-9.07024 Y10.80597
G01 X-9.11685 Y10.81290
G01 X-9.15208 Y10.81991
G01 X-9.18447 Y10.82804
G01 X-9.18520 Y10.82860
G01 X-9.19925 Y10.84592
G01 X-9.22836 Y10.88448
G01 X-9.24736 Y10.91239
G01 X-9.27187 Y10.95253
G01 X-9.28670 Y10.97975
G01 X-9.30694 Y11.02166
G01 X-9.31868 Y11.04938
G01 X-9.33476 Y11.09319
G01 X-9.34408 Y11.12309
G01 X-9.35607 Y11.16939
G01 X-9.35988 Y11.18570
G01 X-9.38701 Y11.31664
G01 X-9.38906 Y11.32443
G01 X-9.54624 Y11.73431
G01 X-9.57044 Y11.88306
G01 X-9.57065 Y11.88425
G01 X-9.57436 Y11.90406
G01 X-9.57461 Y11.90528
G01 X-9.58469 Y11.95359
G01 X-9.58548 Y11.95590
G01 X-9.59536 Y11.99319
G01 X-9.59605 Y11.99555
G01 X-9.61096 Y12.04224
G01 X-9.61175 Y12.04455
G01 X-9.62505 Y12.08013
G01 X-9.62574 Y12.08250
G01 X-9.64540 Y12.12758
G01 X-9.64586 Y12.12857
G01 X-9.65320 Y12.14468
G01 X-9.65731 Y12.15199
G01 X-9.66262 Y12.15852
G01 X-9.65876 Y12.16225
G01 X-9.66262 Y12.15852
G01 X-9.66892 Y12.16406
G01 X-9.67606 Y12.16847
G01 X-9.69737 Y12.17930
G01 X-9.69861 Y12.17990
G01 X-9.74761 Y12.20307
G01 X-9.74974 Y12.20416
G01 X-9.78129 Y12.21712
G01 X-9.78363 Y12.21800
G01 X-9.80324 Y12.22504
G01 X-10.07499 Y12.22502
G01 X-10.06519 Y12.22453
G01 X-10.01642 Y12.21973
G01 X-10.00671 Y12.21828
G01 X-9.99719 Y12.21590
G01 X-9.95028 Y12.20167
G01 X-9.93217 Y12.19418
G01 X-9.88896 Y12.17107
G01 X-9.88053 Y12.16604
G01 X-9.87265 Y12.16017
G01 X-9.83697 Y12.13088
G01 X-9.81850 Y12.12428
G01 X-9.78927 Y12.11214
G01 X-9.74197 Y12.08979
G01 X-9.73689 Y12.08722
G01 X-9.71830 Y12.04396
G01 X-9.70585 Y12.01069
G01 X-9.69170 Y11.96634
G01 X-9.68246 Y11.93147
G01 X-9.67253 Y11.88499
G01 X-9.66902 Y11.86637
G01 X-9.64413 Y11.71321
G01 X-9.64306 Y11.70823
G01 X-9.64350 Y11.70810
G01 X-9.64306 Y11.70823
G01 X-9.64146 Y11.70335
G01 X-9.48411 Y11.29238
G01 X-9.45767 Y11.16487
G01 X-9.45741 Y11.16368
G01 X-9.45330 Y11.14600
G01 X-9.45299 Y11.14480
G01 X-9.44055 Y11.09677
G01 X-9.43989 Y11.09444
G01 X-9.42986 Y11.06223
G01 X-9.42904 Y11.05989
G01 X-9.41215 Y11.01382
G01 X-9.41274 Y11.01359
G01 X-9.41215 Y11.01382
G01 X-9.41124 Y11.01156
G01 X-9.39856 Y10.98158
G01 X-9.39755 Y10.97935
G01 X-9.37621 Y10.93518
G01 X-9.37509 Y10.93297
G01 X-9.35907 Y10.90358
G01 X-9.35785 Y10.90145
G01 X-9.33207 Y10.85923
G01 X-9.33247 Y10.85898
G01 X-9.33207 Y10.85923
G01 X-9.33072 Y10.85715
G01 X-9.31035 Y10.82720
G01 X-9.30893 Y10.82525
G01 X-9.27855 Y10.78496
G01 X-9.27746 Y10.78359
G01 X-9.25912 Y10.76098
G01 X-9.25513 Y10.75662
G01 X-9.25063 Y10.75273
G01 X-9.24139 Y10.74567
G01 X-9.24411 Y10.74163
G01 X-9.24139 Y10.74567
G01 X-9.24083 Y10.74526
G01 X-9.23621 Y10.74183
G01 X-9.22780 Y10.73678
G01 X-9.21858 Y10.73348
G01 X-9.17525 Y10.72263
G01 X-9.17288 Y10.72210
G01 X-9.13516 Y10.71458
G01 X-9.13524 Y10.71415
G01 X-9.13516 Y10.71458
G01 X-9.13270 Y10.71415
G01 X-9.08370 Y10.70688
G01 X-9.08129 Y10.70658
G01 X-9.04609 Y10.70310
G01 X-9.04362 Y10.70292
G01 X-8.99463 Y10.70051
G01 X-8.99338 Y10.70048
G01 X-8.97621 Y10.70005
G01 X-8.97499 Y10.70002
G01 X-8.07499 Y10.70002
G01 X-8.07375 Y10.70005
G01 X-8.05658 Y10.70048
G01 X-8.05533 Y10.70051
G01 X-8.00634 Y10.70292
G01 X-8.00387 Y10.70310
G01 X-8.00387 Y10.70284
G01 X-8.00387 Y10.70310
G01 X-7.96870 Y10.70658
G01 X-7.96628 Y10.70688
G01 X-7.91726 Y10.71415
G01 X-7.91480 Y10.71458
G01 X-7.87703 Y10.72212
G01 X-7.87464 Y10.72266
G01 X-7.87456 Y10.72235
G01 X-7.87464 Y10.72266
G01 X-7.82564 Y10.73492
G01 X-7.82325 Y10.73558
G01 X-7.78127 Y10.74836
G01 X-7.77898 Y10.74912
G01 X-7.72996 Y10.76665
G01 X-7.72762 Y10.76754
G01 X-7.70956 Y10.77503
G01 X-7.67888 Y10.78778
G01 X-7.67670 Y10.78877
G01 X-7.62770 Y10.81194
G01 X-7.62544 Y10.81308
G01 X-7.56715 Y10.84432
G01 X-7.56509 Y10.84549
G01 X-7.51607 Y10.87488
G01 X-7.51584 Y10.87503
G01 X-7.38208 Y10.87503
G01 X-7.37893 Y10.86741
G01 X-7.38208 Y10.87503
G01 X-7.36875 Y10.88837
G01 X-7.36735 Y10.88740
G01 X-7.36875 Y10.88837
G01 X-6.67500 Y12.44104
G01 X-6.67289 Y12.44059
G01 X-6.67500 Y12.44104
G01 X-6.67500 Y12.87500
G01 X-6.67043 Y12.92710
G01 X-6.65689 Y12.97762
G01 X-6.63479 Y13.02501
G01 X-6.60479 Y13.06784
G01 X-6.56783 Y13.10482
G01 X-6.52498 Y13.13482
G01 X-6.47759 Y13.15692
G01 X-6.42709 Y13.17045
G01 X-6.37500 Y13.17500
G01 X-4.67498 Y13.17500
G01 X-4.61645 Y13.16926
G01 X-4.56019 Y13.15217
G01 X-4.50833 Y13.12445
G01 X-4.46286 Y13.08714
G01 X-4.42555 Y13.04168
G01 X-4.39781 Y12.98981
G01 X-4.38074 Y12.93355
G01 X-4.37498 Y12.87500
G01 X-4.37498 Y11.17500
G01 X-4.38074 Y11.11648
G01 X-4.39781 Y11.06020
G01 X-4.42555 Y11.00833
G01 X-4.46286 Y10.96289
G01 X-4.50833 Y10.92558
G01 X-4.56019 Y10.89784
G01 X-4.61645 Y10.88077
G01 X-4.67498 Y10.87501
G01 X-5.10896 Y10.87501
G01 X-5.10942 Y10.87722
G01 X-5.10896 Y10.87501
G01 X-6.23283 Y10.37285
G01 X-6.70146 Y10.27292
G01 X-6.70190 Y10.27277
G01 X-6.71018 Y10.27021
G01 X-6.94502 Y10.17295
G01 X-6.95767 Y10.16805
G01 X-6.96286 Y10.16289
G01 X-6.97012 Y10.15629
G01 X-7.00042 Y10.13142
G01 X-7.01673 Y10.12052
G01 X-7.05130 Y10.10206
G01 X-7.06941 Y10.09454
G01 X-7.10695 Y10.08316
G01 X-7.11645 Y10.08077
G01 X-7.12615 Y10.07935
G01 X-7.16519 Y10.07549
G01 X-7.17449 Y10.07503
G01 X-7.17497 Y10.07503
G01 X-9.37497 Y10.07503
G01 X-9.37560 Y10.07503
G01 X-9.62909 Y10.07503
G01 X-9.63011 Y10.07541
G01 X-9.64172 Y10.07996
G01 X-9.64263 Y10.08032
G01 X-9.82493 Y10.15583
G01 X-9.90847 Y10.17503
G01 X-10.52498 Y10.17503
G01 X-10.54456 Y10.17407
G01 X-10.58357 Y10.17021
G01 X-10.62203 Y10.16256
G01 X-10.65955 Y10.15118
G01 X-10.69577 Y10.13617
G01 X-10.73036 Y10.11770
G01 X-10.76295 Y10.09591
G01 X-10.79325 Y10.07104
G01 X-10.80781 Y10.05786
G01 X-12.71067 Y8.15505
G01 X-12.70752 Y8.14745
G01 X-12.71067 Y8.15505
G01 X-12.89889 Y8.15505
G01 X-12.89919 Y8.15334
G01 X-12.89889 Y8.15505
G01 X-13.18476 Y8.26500
G01 X-13.18913 Y8.26622
G01 X-13.22197 Y8.27618
G01 X-13.26099 Y8.28001
G01 X-14.78898 Y8.28001
G01 X-14.82802 Y8.27618
G01 X-14.86553 Y8.26480
G01 X-14.90010 Y8.24631
G01 X-14.93040 Y8.22144
G01 X-14.95527 Y8.19111
G01 X-14.97376 Y8.15654
G01 X-14.98514 Y8.11903
G01 X-14.98898 Y8.08001
G01 X-14.98898 Y7.43000
G01 X-14.98514 Y7.39099
G01 X-14.97376 Y7.35347
G01 X-14.95527 Y7.31890
G01 X-14.93040 Y7.28860
G01 X-14.90010 Y7.26371
G01 X-14.86553 Y7.24524
G01 X-14.82802 Y7.23386
G01 X-14.78898 Y7.23000
G01 X-13.26099 Y7.23000
G01 X-13.22197 Y7.23386
G01 X-13.18845 Y7.24402
G01 X-13.18476 Y7.24504
G01 X-12.89881 Y7.35502
G01 X-12.89909 Y7.35647
G01 X-12.89881 Y7.35502
G01 X-12.54496 Y7.35502
G01 X-12.52538 Y7.35599
G01 X-12.48636 Y7.35985
G01 X-12.44791 Y7.36749
G01 X-12.41039 Y7.37887
G01 X-12.37417 Y7.39388
G01 X-12.33958 Y7.41235
G01 X-12.30699 Y7.43414
G01 X-12.27669 Y7.45901
G01 X-12.26213 Y7.47219
G01 X-10.35927 Y9.37501
G01 X-10.36244 Y9.38263
G01 X-10.35927 Y9.37501
G01 X-9.63770 Y9.37503
G01 X-9.62734 Y9.38537
G01 X-9.62201 Y9.39002
G01 X-9.50948 Y9.47440
G01 X-9.50854 Y9.47503
G01 X-9.50948 Y9.47440
G01 X-9.62201 Y9.39002
G01 X-9.62734 Y9.38537
G01 X-9.73770 Y9.27501
G01 X-10.31787 Y9.27501
G01 X-10.32101 Y9.28263
G01 X-10.31787 Y9.27501
G01 X-12.19142 Y7.40148
G01 X-12.21324 Y7.38172
G01 X-12.24354 Y7.35683
G01 X-12.29244 Y7.32416
G01 X-12.32703 Y7.30567
G01 X-12.38136 Y7.28317
G01 X-12.41888 Y7.27179
G01 X-12.47656 Y7.26033
G01 X-12.51557 Y7.25647
G01 X-12.54496 Y7.25502
G01 X-12.88024 Y7.25502
G01 X-12.88055 Y7.25667
G01 X-12.88024 Y7.25502
G01 X-13.10800 Y7.16742
G01 X-13.13175 Y7.16975
G01 X-13.13630 Y7.17001
G01 X-13.13871 Y7.17001
G01 X-13.13907 Y7.17003
G01 X-14.93452 Y7.17003
G01 X-14.98603 Y7.28878
G01 X-15.00698 Y7.43361
G01 X-15.00696 Y7.62502
G01 X-15.00698 Y7.62627
G01 X-15.00764 Y7.65258
G01 X-15.00767 Y7.65380
G01 X-15.01008 Y7.70280
G01 X-15.01026 Y7.70526
G01 X-15.01557 Y7.75893
G01 X-15.01587 Y7.76137
G01 X-15.01524 Y7.76145
G01 X-15.01587 Y7.76137
G01 X-15.02314 Y7.81037
G01 X-15.02355 Y7.81281
G01 X-15.03487 Y7.86955
G01 X-15.03541 Y7.87191
G01 X-15.04768 Y7.92093
G01 X-15.04836 Y7.92332
G01 X-15.06723 Y7.98540
G01 X-15.06800 Y7.98769
G01 X-15.08552 Y8.03668
G01 X-15.08631 Y8.03869
G01 X-15.08898 Y8.04529
G01 X-15.08898 Y8.08001
G01 X-15.08324 Y8.13854
G01 X-15.06614 Y8.19482
G01 X-15.03843 Y8.24669
G01 X-15.00112 Y8.29216
G01 X-14.95565 Y8.32944
G01 X-14.93589 Y8.34003
G01 X-13.13666 Y8.34003
G01 X-13.13175 Y8.34029
G01 X-13.10800 Y8.34263
G01 X-12.88032 Y8.25505
G01 X-12.88062 Y8.25334
G01 X-12.88032 Y8.25505
G01 X-12.75207 Y8.25505
G01 X-12.74892 Y8.24743
G01 X-12.75207 Y8.25505
G01 X-10.96701 Y10.04008
G01 X-10.93486 Y10.06157
G01 X-10.93326 Y10.06269
G01 X-10.88995 Y10.09413
G01 X-10.88837 Y10.09533
G01 X-10.86938 Y10.11029
G01 X-10.84453 Y10.12891
G01 X-10.84011 Y10.13206
G01 X-10.83910 Y10.13282
G01 X-10.81256 Y10.15276
G01 X-10.81154 Y10.15352
G01 X-10.79810 Y10.16416
G01 X-10.76211 Y10.19063
G01 X-10.74918 Y10.19947
G01 X-10.74847 Y10.19995
G01 X-10.72975 Y10.21318
G01 X-10.72907 Y10.21369
G01 X-10.72729 Y10.21499
G01 X-10.67547 Y10.24940
G01 X-10.67052 Y10.25235
G01 X-10.65106 Y10.25827
G01 X-10.59338 Y10.26972
G01 X-10.55436 Y10.27358
G01 X-10.52498 Y10.27503
G01 X-10.34390 Y10.27503
G01 X-9.90847 Y10.17503
G01 X-9.82493 Y10.15583
G01 X-9.64263 Y10.08032
G01 X-9.64172 Y10.07996
G01 X-9.63011 Y10.07541
G01 X-9.62909 Y10.07503
G01 X-9.37560 Y10.07503
G01 X-9.38281 Y10.07534
G01 X-9.41411 Y10.07780
G01 X-9.42960 Y10.08024
G01 X-9.46013 Y10.08758
G01 X-9.47504 Y10.09243
G01 X-9.50405 Y10.10442
G01 X-9.51802 Y10.11156
G01 X-9.54479 Y10.12794
G01 X-9.55749 Y10.13719
G01 X-9.58134 Y10.15756
G01 X-9.58711 Y10.16289
G01 X-9.59224 Y10.16802
G01 X-9.73412 Y10.30991
G01 X-10.57110 Y10.71575
G01 X-10.66945 Y10.67343
G01 X-10.92142 Y10.42146
G01 X-10.92719 Y10.41613
G01 X-10.97491 Y10.37536
G01 X-10.98761 Y10.36614
G01 X-11.04113 Y10.33335
G01 X-11.05510 Y10.32624
G01 X-11.11309 Y10.30221
G01 X-11.12802 Y10.29736
G01 X-11.18906 Y10.28270
G01 X-11.20455 Y10.28024
G01 X-11.26714 Y10.27534
G01 X-11.27499 Y10.27501
G01 X-15.52499 Y10.27501
G01 X-15.53282 Y10.27534
G01 X-15.59540 Y10.28024
G01 X-15.61089 Y10.28270
G01 X-15.67193 Y10.29736
G01 X-15.68687 Y10.30221
G01 X-15.74485 Y10.32624
G01 X-15.75882 Y10.33335
G01 X-15.81234 Y10.36614
G01 X-15.82504 Y10.37536
G01 X-15.87277 Y10.41613
G01 X-15.87853 Y10.42146
G01 X-15.99537 Y10.53830
G01 X-16.15689 Y10.57498
G01 X-16.62499 Y10.57501
G01 X-16.64236 Y10.57653
G01 X-16.65918 Y10.58105
G01 X-16.67498 Y10.58842
G01 X-16.68928 Y10.59840
G01 X-16.70160 Y10.61074
G01 X-16.71158 Y10.62502
G01 X-16.71894 Y10.64082
G01 X-16.72347 Y10.65766
G01 X-16.72499 Y10.67501
G01 X-16.72499 Y11.87500
G01 X-16.72306 Y11.89451
G01 X-16.71737 Y11.91328
G01 X-16.70990 Y11.92723
G01 X-16.72806 Y11.92270
G01 X-16.82499 Y11.85001
G01 X-16.82499 Y10.67501
G01 X-16.82194 Y10.64028
G01 X-16.81292 Y10.60660
G01 X-16.79819 Y10.57501
G01 X-16.77820 Y10.54646
G01 X-16.75354 Y10.52179
G01 X-16.72499 Y10.50180
G01 X-16.69339 Y10.48707
G01 X-16.65971 Y10.47805
G01 X-16.62499 Y10.47501
G01 X-16.16822 Y10.47501
G01 X-16.16817 Y10.47559
G01 X-16.16822 Y10.47501
G01 X-16.04567 Y10.44717
G01 X-16.04404 Y10.45024
G01 X-16.04567 Y10.44717
G01 X-15.94925 Y10.35075
G01 X-15.93772 Y10.34011
G01 X-15.88999 Y10.29934
G01 X-15.86459 Y10.28087
G01 X-15.81107 Y10.24808
G01 X-15.78311 Y10.23383
G01 X-15.72512 Y10.20983
G01 X-15.69527 Y10.20013
G01 X-15.63424 Y10.18547
G01 X-15.60325 Y10.18057
G01 X-15.54066 Y10.17564
G01 X-15.52499 Y10.17501
G01 X-11.27499 Y10.17501
G01 X-11.25929 Y10.17564
G01 X-11.19670 Y10.18057
G01 X-11.16572 Y10.18547
G01 X-11.10468 Y10.20013
G01 X-11.07484 Y10.20983
G01 X-11.01685 Y10.23383
G01 X-10.98888 Y10.24808
G01 X-10.93536 Y10.28087
G01 X-10.90996 Y10.29934
G01 X-10.86224 Y10.34011
G01 X-10.85071 Y10.35075
G01 X-10.61230 Y10.58918
G01 X-10.61319 Y10.59050
G01 X-10.61230 Y10.58918
G01 X-10.57359 Y10.60582
G01 X-10.57336 Y10.61577
G01 X-10.57359 Y10.60582
G01 X-9.88619 Y10.27252
G01 X-9.79846 Y10.25235
G01 X-9.79051 Y10.24981
G01 X-9.60484 Y10.17290
G01 X-9.59404 Y10.16868
G01 X-9.59224 Y10.16802
G01 X-9.59404 Y10.16868
G01 X-9.60484 Y10.17290
G01 X-9.79051 Y10.24981
G01 X-9.79041 Y10.25011
G01 X-9.79051 Y10.24981
G01 X-9.79846 Y10.25235
G01 X-10.32162 Y10.37252
G01 X-10.56805 Y10.49200
G01 X-10.57181 Y10.51440
G01 X-10.56805 Y10.49200
G01 X-10.72190 Y10.33815
G01 X-10.72787 Y10.33457
G01 X-10.72980 Y10.33335
G01 X-10.78357 Y10.29764
G01 X-10.78550 Y10.29632
G01 X-10.78784 Y10.29459
G01 X-10.80588 Y10.28184
G01 X-10.81921 Y10.27275
G01 X-10.82063 Y10.27170
G01 X-10.85805 Y10.24420
G01 X-10.85947 Y10.24313
G01 X-10.87306 Y10.23236
G01 X-10.89864 Y10.21316
G01 X-10.90306 Y10.21001
G01 X-10.90405 Y10.20930
G01 X-10.92985 Y10.18994
G01 X-10.93082 Y10.18921
G01 X-10.94951 Y10.17447
G01 X-10.99122 Y10.14417
G01 X-11.02256 Y10.12324
G01 X-11.03656 Y10.11742
G01 X-11.08134 Y10.10290
G01 X-11.14237 Y10.08824
G01 X-11.18886 Y10.08087
G01 X-11.25144 Y10.07595
G01 X-11.27499 Y10.07501
G01 X-15.52499 Y10.07501
G01 X-15.54851 Y10.07595
G01 X-15.61110 Y10.08087
G01 X-15.65758 Y10.08824
G01 X-15.71862 Y10.10290
G01 X-15.76340 Y10.11742
G01 X-15.82138 Y10.14145
G01 X-15.86332 Y10.16281
G01 X-15.91684 Y10.19563
G01 X-15.95494 Y10.22329
G01 X-16.00266 Y10.26406
G01 X-16.01996 Y10.28004
G01 X-16.09596 Y10.35606
G01 X-16.09426 Y10.35926
G01 X-16.09596 Y10.35606
G01 X-16.17945 Y10.37501
G01 X-16.17937 Y10.37559
G01 X-16.17945 Y10.37501
G01 X-16.62499 Y10.37501
G01 X-16.67709 Y10.37958
G01 X-16.72758 Y10.39312
G01 X-16.77498 Y10.41521
G01 X-16.81783 Y10.44521
G01 X-16.85481 Y10.48217
G01 X-16.88481 Y10.52502
G01 X-16.90690 Y10.57242
G01 X-16.92042 Y10.62291
G01 X-16.92499 Y10.67501
G01 X-16.92499 Y11.75430
G01 X-16.84213 Y11.83716
G01 X-16.82499 Y11.85001
G01 X-16.72806 Y11.92270
G01 X-16.70990 Y11.92723
G01 X-16.70812 Y11.93058
G01 X-16.69570 Y11.94572
G01 X-16.68054 Y11.95816
G01 X-16.66327 Y11.96741
G01 X-16.64450 Y11.97310
G01 X-16.62499 Y11.97500
G01 X-15.42499 Y11.97500
G01 X-15.40762 Y11.97350
G01 X-15.39078 Y11.96898
G01 X-15.37498 Y11.96162
G01 X-15.36070 Y11.95161
G01 X-15.34839 Y11.93929
G01 X-15.33990 Y11.92720
G01 X-15.33838 Y11.92502
G01 X-15.33101 Y11.90922
G01 X-15.32652 Y11.89238
G01 X-15.32499 Y11.87500
G01 X-15.32499 Y11.72159
G01 X-14.78880 Y11.27503
G01 X-13.52497 Y11.27503
G01 X-13.53399 Y11.27584
G01 X-13.64397 Y11.29601
G01 X-13.65172 Y11.29809
G01 X-13.65903 Y11.30137
G01 X-13.76538 Y11.35984
G01 X-13.80864 Y11.37503
G01 X-14.75260 Y11.37503
G01 X-14.75476 Y11.36906
G01 X-14.75260 Y11.37503
G01 X-15.22499 Y11.76845
G01 X-15.23444 Y11.76403
G01 X-15.22499 Y11.76845
G01 X-15.22499 Y11.85004
G01 X-15.32189 Y11.92270
G01 X-15.33990 Y11.92720
G01 X-15.32189 Y11.92270
G01 X-15.22499 Y11.85004
G01 X-15.20782 Y11.83716
G01 X-15.15372 Y11.78306
G01 X-15.14818 Y11.77828
G01 X-15.14204 Y11.77437
G01 X-15.14275 Y11.77310
G01 X-15.14204 Y11.77437
G01 X-15.13538 Y11.77140
G01 X-15.02377 Y11.73101
G01 X-14.71643 Y11.47503
G01 X-14.71859 Y11.46906
G01 X-14.71643 Y11.47503
G01 X-14.09370 Y11.47503
G01 X-13.80864 Y11.37503
G01 X-13.76538 Y11.35984
G01 X-13.65903 Y11.30137
G01 X-13.65172 Y11.29809
G01 X-13.65202 Y11.29718
G01 X-13.65172 Y11.29809
G01 X-13.64397 Y11.29601
G01 X-13.53399 Y11.27584
G01 X-13.52497 Y11.27503
G01 X-12.02497 Y11.27503
G01 X-12.01956 Y11.27533
G01 X-12.01420 Y11.27620
G01 X-11.88177 Y11.30543
G01 X-11.87303 Y11.30823
G01 X-11.86493 Y11.31257
G01 X-11.77059 Y11.37503
G01 X-11.73249 Y11.40028
G01 X-11.72599 Y11.40543
G01 X-11.72297 Y11.40284
G01 X-11.72599 Y11.40543
G01 X-11.72040 Y11.41158
G01 X-11.71593 Y11.41857
G01 X-11.71266 Y11.42621
G01 X-11.70313 Y11.45486
G01 X-11.55007 Y11.64031
G01 X-11.41240 Y11.80711
G01 X-11.40821 Y11.81300
G01 X-11.40491 Y11.81945
G01 X-11.38990 Y11.85496
G01 X-11.38144 Y11.87368
G01 X-11.35957 Y11.91912
G01 X-11.34316 Y11.94932
G01 X-11.31812 Y11.99045
G01 X-11.30178 Y12.01453
G01 X-11.28149 Y12.04150
G01 X-11.27105 Y12.06103
G01 X-11.26600 Y12.06947
G01 X-11.26015 Y12.07734
G01 X-11.22906 Y12.11524
G01 X-11.21520 Y12.12908
G01 X-11.17732 Y12.16017
G01 X-11.16943 Y12.16604
G01 X-11.16102 Y12.17107
G01 X-11.11779 Y12.19418
G01 X-11.09968 Y12.20167
G01 X-11.05279 Y12.21590
G01 X-11.04326 Y12.21828
G01 X-11.03356 Y12.21973
G01 X-10.98479 Y12.22453
G01 X-10.97499 Y12.22502
G01 X-10.07499 Y12.22502
G01 X-9.80324 Y12.22504
G01 X-9.62584 Y12.22502
G01 X-9.32498 Y11.32461
G01 X-9.32498 Y11.17500
G01 X-9.32450 Y11.16520
G01 X-9.31970 Y11.11643
G01 X-9.31827 Y11.10673
G01 X-9.31589 Y11.09720
G01 X-9.30166 Y11.05032
G01 X-9.29414 Y11.03221
G01 X-9.27105 Y10.98897
G01 X-9.26600 Y10.98057
G01 X-9.26016 Y10.97267
G01 X-9.22907 Y10.93480
G01 X-9.21520 Y10.92093
G01 X-9.17733 Y10.88984
G01 X-9.16943 Y10.88400
G01 X-9.16102 Y10.87894
G01 X-9.11779 Y10.85585
G01 X-9.09968 Y10.84836
G01 X-9.05279 Y10.83411
G01 X-9.04327 Y10.83175
G01 X-9.03356 Y10.83030
G01 X-8.98480 Y10.82550
G01 X-8.97499 Y10.82502
G01 X-8.07499 Y10.82502
G01 X-8.06519 Y10.82550
G01 X-8.01642 Y10.83030
G01 X-8.00669 Y10.83175
G01 X-7.99719 Y10.83411
G01 X-7.95028 Y10.84836
G01 X-7.93217 Y10.85585
G01 X-7.88896 Y10.87894
G01 X-7.88053 Y10.88400
G01 X-7.87266 Y10.88984
G01 X-7.83476 Y10.92093
G01 X-7.82092 Y10.93480
G01 X-7.78983 Y10.97267
G01 X-7.78396 Y10.98057
G01 X-7.77893 Y10.98897
G01 X-7.75582 Y11.03221
G01 X-7.74832 Y11.05032
G01 X-7.73410 Y11.09720
G01 X-7.73171 Y11.10673
G01 X-7.73027 Y11.11643
G01 X-7.72546 Y11.16520
G01 X-7.72498 Y11.17500
G01 X-7.62498 Y11.17500
G01 X-7.52498 Y11.17500
G01 X-7.62498 Y11.17500
G01 X-7.72498 Y11.17500
G01 X-7.72498 Y11.87500
G01 X-7.72546 Y11.88481
G01 X-7.73027 Y11.93358
G01 X-7.73171 Y11.94330
G01 X-7.73410 Y11.95280
G01 X-7.74832 Y11.99972
G01 X-7.75582 Y12.01783
G01 X-7.77893 Y12.06103
G01 X-7.78396 Y12.06947
G01 X-7.78983 Y12.07734
G01 X-7.82092 Y12.11524
G01 X-7.83476 Y12.12908
G01 X-7.87266 Y12.16017
G01 X-7.88053 Y12.16604
G01 X-7.88896 Y12.17107
G01 X-7.93217 Y12.19418
G01 X-7.95028 Y12.20167
G01 X-7.99719 Y12.21590
G01 X-8.00669 Y12.21828
G01 X-8.01642 Y12.21973
G01 X-8.06519 Y12.22453
G01 X-8.07499 Y12.22502
G01 X-8.28312 Y12.22502
G01 X-9.25038 Y12.53329
G01 X-9.28355 Y12.56644
G01 X-9.29082 Y12.57305
G01 X-9.30598 Y12.58547
G01 X-9.31385 Y12.59133
G01 X-9.32226 Y12.59636
G01 X-9.33956 Y12.60561
G01 X-9.34842 Y12.60980
G01 X-9.35767 Y12.61310
G01 X-9.37644 Y12.61879
G01 X-9.39567 Y12.62263
G01 X-9.41517 Y12.62456
G01 X-9.42498 Y12.62504
G01 X-11.24222 Y12.62504
G01 X-11.95749 Y13.14952
G01 X-11.96262 Y13.15257
G01 X-11.96942 Y13.15816
G01 X-11.98672 Y13.16741
G01 X-12.00547 Y13.17310
G01 X-12.02500 Y13.17500
G01 X-13.52500 Y13.17500
G01 X-13.54234 Y13.17350
G01 X-13.55918 Y13.16898
G01 X-13.57498 Y13.16161
G01 X-13.58926 Y13.15161
G01 X-13.60160 Y13.13929
G01 X-13.61158 Y13.12501
G01 X-13.61895 Y13.10921
G01 X-13.62347 Y13.09237
G01 X-13.62500 Y13.07500
G01 X-13.62500 Y13.07307
G01 X-14.31006 Y12.52501
G01 X-15.31885 Y12.52501
G01 X-16.80332 Y12.52501
G01 X-17.52496 Y12.52501
G01 X-17.53477 Y12.52453
G01 X-17.56405 Y12.52166
G01 X-17.57376 Y12.52021
G01 X-17.58326 Y12.51783
G01 X-17.61140 Y12.50929
G01 X-17.62951 Y12.50180
G01 X-17.65544 Y12.48793
G01 X-17.67175 Y12.47703
G01 X-17.69448 Y12.45839
G01 X-17.69644 Y12.45659
G01 X-18.79448 Y11.97500
G01 X-18.97500 Y11.97500
G01 X-18.98478 Y11.97452
G01 X-19.03357 Y11.96972
G01 X-19.04327 Y11.96830
G01 X-19.05280 Y11.96591
G01 X-19.09969 Y11.95169
G01 X-19.10611 Y11.94937
G01 X-19.10870 Y11.94876
G01 X-19.64149 Y11.77503
G01 X-19.77497 Y11.77503
G01 X-19.78282 Y11.77470
G01 X-19.84541 Y11.76980
G01 X-19.86090 Y11.76733
G01 X-19.92194 Y11.75268
G01 X-19.93687 Y11.74783
G01 X-19.99486 Y11.72380
G01 X-20.00883 Y11.71669
G01 X-20.06235 Y11.68389
G01 X-20.07505 Y11.67467
G01 X-20.12277 Y11.63391
G01 X-20.12854 Y11.62857
G01 X-20.87852 Y10.87859
G01 X-20.88510 Y10.87132
G01 X-20.93486 Y10.81069
G01 X-20.94070 Y10.80282
G01 X-20.94576 Y10.79441
G01 X-20.98272 Y10.72525
G01 X-20.99021 Y10.70714
G01 X-21.01297 Y10.63211
G01 X-21.01535 Y10.62258
G01 X-21.01680 Y10.61288
G01 X-21.02450 Y10.53482
G01 X-21.02498 Y10.52502
G01 X-21.02496 Y9.99126
G01 X-21.21754 Y9.41349
G01 X-21.21909 Y9.40765
G01 X-21.22308 Y9.39452
G01 X-21.22498 Y9.37501
G01 X-21.22498 Y8.17501
G01 X-21.22308 Y8.15550
G01 X-21.21858 Y8.14075
G01 X-21.21754 Y8.13656
G01 X-21.06831 Y7.68880
G01 X-21.37852 Y7.37857
G01 X-21.38513 Y7.37128
G01 X-21.43486 Y7.31067
G01 X-21.44576 Y7.29437
G01 X-21.48271 Y7.22523
G01 X-21.49021 Y7.20712
G01 X-21.51297 Y7.13209
G01 X-21.51680 Y7.11286
G01 X-21.52450 Y7.03480
G01 X-21.52498 Y7.02500
G01 X-21.52498 Y4.02501
G01 X-21.52450 Y4.01523
G01 X-21.51680 Y3.93717
G01 X-21.51535 Y3.92747
G01 X-21.51297 Y3.91795
G01 X-21.49021 Y3.84291
G01 X-21.48271 Y3.82480
G01 X-21.44576 Y3.75564
G01 X-21.44070 Y3.74723
G01 X-21.43486 Y3.73936
G01 X-21.38510 Y3.67873
G01 X-21.37852 Y3.67146
G01 X-20.62854 Y2.92148
G01 X-20.62277 Y2.91614
G01 X-20.57505 Y2.87538
G01 X-20.56235 Y2.86616
G01 X-20.50883 Y2.83337
G01 X-20.49486 Y2.82625
G01 X-20.47464 Y2.81787
G01 X-20.47451 Y2.81520
G01 X-20.46971 Y2.76644
G01 X-20.46826 Y2.75673
G01 X-20.46588 Y2.74721
G01 X-20.45165 Y2.70032
G01 X-20.44416 Y2.68221
G01 X-20.42105 Y2.63898
G01 X-20.41599 Y2.63057
G01 X-20.41015 Y2.62267
G01 X-20.37906 Y2.58480
G01 X-20.36522 Y2.57093
G01 X-20.32732 Y2.53984
G01 X-20.31945 Y2.53400
G01 X-20.31101 Y2.52895
G01 X-20.26781 Y2.50586
G01 X-20.24970 Y2.49834
G01 X-20.20278 Y2.48412
G01 X-20.19326 Y2.48173
G01 X-20.18356 Y2.48031
G01 X-20.13479 Y2.47550
G01 X-20.12498 Y2.47502
G01 X-19.42498 Y2.47502
G01 X-19.41518 Y2.47550
G01 X-19.36641 Y2.48031
G01 X-19.35671 Y2.48173
G01 X-19.34718 Y2.48412
G01 X-19.30030 Y2.49834
G01 X-19.28219 Y2.50586
G01 X-19.23895 Y2.52895
G01 X-19.23055 Y2.53400
G01 X-19.22265 Y2.53984
G01 X-19.18478 Y2.57093
G01 X-19.17091 Y2.58480
G01 X-19.13982 Y2.62267
G01 X-19.13398 Y2.63057
G01 X-19.12892 Y2.63898
G01 X-19.10583 Y2.68221
G01 X-19.09831 Y2.70032
G01 X-19.08409 Y2.74721
G01 X-19.08170 Y2.75673
G01 X-19.08028 Y2.76644
G01 X-19.07548 Y2.81520
G01 X-19.07500 Y2.82501
G01 X-19.07500 Y3.72501
G01 X-19.07548 Y3.73481
G01 X-19.08028 Y3.78358
G01 X-19.08170 Y3.79328
G01 X-19.08409 Y3.80281
G01 X-19.09831 Y3.84972
G01 X-19.10583 Y3.86783
G01 X-19.12892 Y3.91104
G01 X-19.13398 Y3.91947
G01 X-19.13982 Y3.92734
G01 X-19.17091 Y3.96524
G01 X-19.18478 Y3.97908
G01 X-19.22265 Y4.01017
G01 X-19.23055 Y4.01601
G01 X-19.23895 Y4.02107
G01 X-19.28219 Y4.04418
G01 X-19.30030 Y4.05168
G01 X-19.34718 Y4.06590
G01 X-19.35671 Y4.06829
G01 X-19.36641 Y4.06974
G01 X-19.41518 Y4.07454
G01 X-19.42498 Y4.07502
G01 X-19.81889 Y4.07502
G01 X-19.82003 Y4.07527
G01 X-20.46880 Y4.17596
G01 X-20.52496 Y4.23212
G01 X-20.52496 Y4.77502
G01 X-20.52458 Y4.76892
G01 X-20.52346 Y4.76290
G01 X-20.48597 Y4.61291
G01 X-20.48394 Y4.60659
G01 X-20.48109 Y4.60060
G01 X-20.47746 Y4.59503
G01 X-20.42498 Y4.52506
G01 X-20.42496 Y4.27355
G01 X-20.42117 Y4.26976
G01 X-20.44446 Y4.24952
G01 X-20.42117 Y4.26976
G01 X-19.81063 Y4.17502
G01 X-19.42498 Y4.17502
G01 X-19.40538 Y4.17405
G01 X-19.35661 Y4.16925
G01 X-19.33720 Y4.16636
G01 X-19.31815 Y4.16161
G01 X-19.27126 Y4.14736
G01 X-19.23504 Y4.13237
G01 X-19.19181 Y4.10926
G01 X-19.17497 Y4.09917
G01 X-19.15922 Y4.08749
G01 X-19.12133 Y4.05640
G01 X-19.09362 Y4.02866
G01 X-19.06253 Y3.99079
G01 X-19.05082 Y3.97502
G01 X-19.04073 Y3.95818
G01 X-19.01764 Y3.91497
G01 X-19.00263 Y3.87875
G01 X-18.98841 Y3.83184
G01 X-18.98363 Y3.81281
G01 X-18.98076 Y3.79338
G01 X-18.97596 Y3.74462
G01 X-18.97500 Y3.72501
G01 X-18.97500 Y2.82501
G01 X-18.97596 Y2.80540
G01 X-18.98076 Y2.75663
G01 X-18.98363 Y2.73723
G01 X-18.98841 Y2.71818
G01 X-19.00263 Y2.67129
G01 X-19.01764 Y2.63507
G01 X-19.04073 Y2.59184
G01 X-19.05082 Y2.57500
G01 X-19.06253 Y2.55925
G01 X-19.09362 Y2.52135
G01 X-19.12133 Y2.49364
G01 X-19.15922 Y2.46255
G01 X-19.17497 Y2.45084
G01 X-19.19181 Y2.44076
G01 X-19.23504 Y2.41767
G01 X-19.27126 Y2.40266
G01 X-19.31815 Y2.38843
G01 X-19.33720 Y2.38366
G01 X-19.35661 Y2.38079
G01 X-19.40538 Y2.37599
G01 X-19.42498 Y2.37502
G01 X-20.12498 Y2.37502
G01 X-20.14459 Y2.37599
G01 X-20.19336 Y2.38079
G01 X-20.21279 Y2.38366
G01 X-20.23182 Y2.38843
G01 X-20.27870 Y2.40266
G01 X-20.31495 Y2.41767
G01 X-20.35815 Y2.44076
G01 X-20.37500 Y2.45084
G01 X-20.39077 Y2.46255
G01 X-20.42864 Y2.49364
G01 X-20.45638 Y2.52135
G01 X-20.48747 Y2.55925
G01 X-20.49915 Y2.57500
G01 X-20.50923 Y2.59184
G01 X-20.53235 Y2.63507
G01 X-20.54733 Y2.67129
G01 X-20.56158 Y2.71818
G01 X-20.56633 Y2.73723
G01 X-20.56864 Y2.75275
G01 X-20.56549 Y2.75513
G01 X-20.56864 Y2.75275
G01 X-20.61459 Y2.78089
G01 X-20.63999 Y2.79935
G01 X-20.68772 Y2.84012
G01 X-20.69925 Y2.85076
G01 X-21.44924 Y3.60075
G01 X-21.46242 Y3.61530
G01 X-21.51215 Y3.67591
G01 X-21.52386 Y3.69168
G01 X-21.53395 Y3.70852
G01 X-21.57090 Y3.77766
G01 X-21.58591 Y3.81388
G01 X-21.60867 Y3.88894
G01 X-21.61345 Y3.90796
G01 X-21.61632 Y3.92737
G01 X-21.62401 Y4.00542
G01 X-21.62498 Y4.02501
G01 X-21.62498 Y7.02500
G01 X-21.62401 Y7.04461
G01 X-21.61632 Y7.12264
G01 X-21.60867 Y7.16109
G01 X-21.58591 Y7.23613
G01 X-21.57090 Y7.27237
G01 X-21.53395 Y7.34151
G01 X-21.51215 Y7.37410
G01 X-21.46242 Y7.43473
G01 X-21.44924 Y7.44926
G01 X-21.18272 Y7.71580
G01 X-21.16641 Y7.71177
G01 X-21.18272 Y7.71580
G01 X-21.31241 Y8.10493
G01 X-21.31551 Y8.11740
G01 X-21.32114 Y8.13600
G01 X-21.32498 Y8.17501
G01 X-21.32498 Y9.37501
G01 X-21.32114 Y9.41402
G01 X-21.31690 Y9.42802
G01 X-21.31241 Y9.44511
G01 X-21.12498 Y10.00747
G01 X-21.12394 Y10.00732
G01 X-21.12498 Y10.00747
G01 X-21.12498 Y10.52502
G01 X-21.12402 Y10.54463
G01 X-21.11632 Y10.62268
G01 X-21.11345 Y10.64209
G01 X-21.10867 Y10.66111
G01 X-21.08592 Y10.73617
G01 X-21.07090 Y10.77239
G01 X-21.03395 Y10.84153
G01 X-21.02386 Y10.85837
G01 X-21.01215 Y10.87414
G01 X-20.96242 Y10.93475
G01 X-20.94924 Y10.94930
G01 X-20.19925 Y11.69929
G01 X-20.18772 Y11.70993
G01 X-20.13999 Y11.75070
G01 X-20.11459 Y11.76916
G01 X-20.06108 Y11.80195
G01 X-20.03311 Y11.81620
G01 X-19.97512 Y11.84021
G01 X-19.94528 Y11.84991
G01 X-19.88424 Y11.86456
G01 X-19.85325 Y11.86947
G01 X-19.79067 Y11.87439
G01 X-19.77497 Y11.87503
G01 X-19.65737 Y11.87503
G01 X-19.65722 Y11.87414
G01 X-19.65737 Y11.87503
G01 X-19.13972 Y12.04384
G01 X-19.13647 Y12.04460
G01 X-19.12872 Y12.04737
G01 X-19.08180 Y12.06159
G01 X-19.06278 Y12.06637
G01 X-19.04337 Y12.06924
G01 X-18.99458 Y12.07404
G01 X-18.97500 Y12.07500
G01 X-18.81543 Y12.07500
G01 X-18.81505 Y12.07325
G01 X-18.81543 Y12.07500
G01 X-18.12659 Y12.37714
G01 X-18.06474 Y12.39012
G01 X-18.06352 Y12.39037
G01 X-18.04071 Y12.39575
G01 X-18.03952 Y12.39603
G01 X-17.99148 Y12.40861
G01 X-17.98915 Y12.40929
G01 X-17.94757 Y12.42237
G01 X-17.94523 Y12.42316
G01 X-17.90596 Y12.43766
G01 X-17.73398 Y12.49550
G01 X-17.72765 Y12.49812
G01 X-17.71170 Y12.50607
G01 X-17.67856 Y12.52057
G01 X-17.65313 Y12.53022
G01 X-17.62130 Y12.54056
G01 X-17.59530 Y12.54765
G01 X-17.56255 Y12.55483
G01 X-17.53538 Y12.55941
G01 X-17.51856 Y12.56182
G01 X-17.23599 Y12.59522
G01 X-16.80332 Y12.52501
G01 X-17.23599 Y12.59522
G01 X-17.51856 Y12.56182
G01 X-17.53538 Y12.55941
G01 X-17.56255 Y12.55483
G01 X-17.59530 Y12.54765
G01 X-17.62130 Y12.54056
G01 X-17.65313 Y12.53022
G01 X-17.67856 Y12.52057
G01 X-17.71170 Y12.50607
G01 X-17.72765 Y12.49812
G01 X-17.73398 Y12.49550
G01 X-17.90596 Y12.43766
G01 X-17.94523 Y12.42316
G01 X-17.94757 Y12.42237
G01 X-17.98915 Y12.40929
G01 X-17.99148 Y12.40861
G01 X-18.03952 Y12.39603
G01 X-18.04071 Y12.39575
G01 X-18.06352 Y12.39037
G01 X-18.06474 Y12.39012
G01 X-18.12659 Y12.37714
G01 X-18.60355 Y12.27714
G01 X-18.83642 Y12.17500
G01 X-18.83601 Y12.17333
G01 X-18.83642 Y12.17500
G01 X-18.97500 Y12.17500
G01 X-19.00439 Y12.17358
G01 X-19.05315 Y12.16875
G01 X-19.08229 Y12.16444
G01 X-19.11084 Y12.15730
G01 X-19.15775 Y12.14307
G01 X-19.16677 Y12.13982
G01 X-19.17073 Y12.13891
G01 X-19.67327 Y11.97503
G01 X-19.67312 Y11.97422
G01 X-19.67327 Y11.97503
G01 X-19.77497 Y11.97503
G01 X-19.79852 Y11.97409
G01 X-19.86110 Y11.96916
G01 X-19.90758 Y11.96180
G01 X-19.96862 Y11.94714
G01 X-20.01340 Y11.93261
G01 X-20.07139 Y11.90858
G01 X-20.11332 Y11.88722
G01 X-20.16684 Y11.85440
G01 X-20.20494 Y11.82674
G01 X-20.25267 Y11.78598
G01 X-20.26997 Y11.77000
G01 X-21.01995 Y11.02001
G01 X-21.03971 Y10.99820
G01 X-21.08947 Y10.93757
G01 X-21.10700 Y10.91392
G01 X-21.12214 Y10.88867
G01 X-21.15909 Y10.81953
G01 X-21.18160 Y10.76520
G01 X-21.20436 Y10.69014
G01 X-21.21152 Y10.66159
G01 X-21.21584 Y10.63246
G01 X-21.22353 Y10.55443
G01 X-21.22498 Y10.52502
G01 X-21.22498 Y10.02370
G01 X-21.22369 Y10.02350
G01 X-21.22498 Y10.02370
G01 X-21.40728 Y9.47674
G01 X-21.41472 Y9.44839
G01 X-21.41921 Y9.43353
G01 X-21.42498 Y9.37501
G01 X-21.42498 Y8.17501
G01 X-21.41921 Y8.11649
G01 X-21.41241 Y8.09406
G01 X-21.40728 Y8.07331
G01 X-21.29712 Y7.74280
G01 X-21.28005 Y7.73879
G01 X-21.29712 Y7.74280
G01 X-21.51995 Y7.51997
G01 X-21.53974 Y7.49815
G01 X-21.58947 Y7.43755
G01 X-21.62213 Y7.38865
G01 X-21.65909 Y7.31949
G01 X-21.68160 Y7.26516
G01 X-21.70435 Y7.19013
G01 X-21.71584 Y7.13244
G01 X-21.72353 Y7.05441
G01 X-21.72498 Y7.02500
G01 X-21.72498 Y4.02501
G01 X-21.72353 Y3.99562
G01 X-21.71584 Y3.91759
G01 X-21.71152 Y3.88846
G01 X-21.70435 Y3.85991
G01 X-21.68160 Y3.78485
G01 X-21.65909 Y3.73052
G01 X-21.62213 Y3.66138
G01 X-21.60700 Y3.63613
G01 X-21.58947 Y3.61248
G01 X-21.53971 Y3.55186
G01 X-21.51995 Y3.53004
G01 X-20.76996 Y2.78005
G01 X-20.75267 Y2.76407
G01 X-20.70494 Y2.72331
G01 X-20.66684 Y2.69565
G01 X-20.65744 Y2.68988
G01 X-20.65511 Y2.69166
G01 X-20.65744 Y2.68988
G01 X-20.65727 Y2.68914
G01 X-20.64304 Y2.64226
G01 X-20.62054 Y2.58793
G01 X-20.59742 Y2.54469
G01 X-20.58228 Y2.51945
G01 X-20.56476 Y2.49580
G01 X-20.53367 Y2.45793
G01 X-20.49209 Y2.41632
G01 X-20.45419 Y2.38523
G01 X-20.43054 Y2.36771
G01 X-20.40530 Y2.35257
G01 X-20.36207 Y2.32945
G01 X-20.30774 Y2.30695
G01 X-20.26085 Y2.29273
G01 X-20.23230 Y2.28559
G01 X-20.20316 Y2.28127
G01 X-20.15440 Y2.27644
G01 X-20.12498 Y2.27502
G01 X-19.42498 Y2.27502
G01 X-19.39557 Y2.27644
G01 X-19.34680 Y2.28127
G01 X-19.31769 Y2.28559
G01 X-19.28912 Y2.29273
G01 X-19.24223 Y2.30695
G01 X-19.18790 Y2.32945
G01 X-19.14467 Y2.35257
G01 X-19.11942 Y2.36771
G01 X-19.09577 Y2.38523
G01 X-19.05790 Y2.41632
G01 X-19.01630 Y2.45793
G01 X-18.98521 Y2.49580
G01 X-18.96768 Y2.51945
G01 X-18.95254 Y2.54469
G01 X-18.92943 Y2.58793
G01 X-18.90693 Y2.64226
G01 X-18.89270 Y2.68914
G01 X-18.88556 Y2.71772
G01 X-18.88125 Y2.74683
G01 X-18.87642 Y2.79560
G01 X-18.87500 Y2.82501
G01 X-18.87500 Y3.72501
G01 X-18.87642 Y3.75442
G01 X-18.88125 Y3.80319
G01 X-18.88556 Y3.83232
G01 X-18.89270 Y3.86087
G01 X-18.90693 Y3.90776
G01 X-18.92943 Y3.96209
G01 X-18.95254 Y4.00532
G01 X-18.96768 Y4.03057
G01 X-18.98521 Y4.05422
G01 X-19.01630 Y4.09211
G01 X-19.05790 Y4.13369
G01 X-19.09577 Y4.16478
G01 X-19.11942 Y4.18231
G01 X-19.14467 Y4.19745
G01 X-19.18790 Y4.22056
G01 X-19.24223 Y4.24307
G01 X-19.28912 Y4.25729
G01 X-19.31769 Y4.26445
G01 X-19.34680 Y4.26877
G01 X-19.39557 Y4.27357
G01 X-19.42498 Y4.27502
G01 X-19.80294 Y4.27502
G01 X-19.80296 Y4.27471
G01 X-19.80294 Y4.27502
G01 X-20.32496 Y4.35602
G01 X-20.34904 Y4.33542
G01 X-20.32496 Y4.35602
G01 X-20.32496 Y4.40436
G01 X-20.36031 Y4.43971
G01 X-20.36496 Y4.44505
G01 X-20.42498 Y4.52506
G01 X-20.47746 Y4.59503
G01 X-20.48109 Y4.60060
G01 X-20.48394 Y4.60659
G01 X-20.48566 Y4.60580
G01 X-20.48394 Y4.60659
G01 X-20.48597 Y4.61291
G01 X-20.52346 Y4.76290
G01 X-20.52458 Y4.76892
G01 X-20.52496 Y4.77502
G01 X-20.52496 Y6.27501
G01 X-20.52496 Y6.28119
G01 X-20.52496 Y6.81791
G01 X-20.17141 Y7.17148
G01 X-20.16481 Y7.17877
G01 X-20.12684 Y7.22503
G01 X-19.39925 Y7.22503
G01 X-18.59933 Y6.42513
G01 X-18.57487 Y6.40064
G01 X-18.28437 Y6.11014
G01 X-18.23710 Y6.06290
G01 X-18.22984 Y6.05630
G01 X-18.19954 Y6.03143
G01 X-18.18323 Y6.02053
G01 X-18.14866 Y6.00207
G01 X-18.13055 Y5.99455
G01 X-18.09301 Y5.98317
G01 X-18.08351 Y5.98078
G01 X-18.08325 Y5.98076
G01 X-18.07381 Y5.97936
G01 X-18.03477 Y5.97550
G01 X-18.02499 Y5.97501
G01 X-17.27498 Y5.97501
G01 X-17.26517 Y5.97550
G01 X-17.22613 Y5.97936
G01 X-17.21643 Y5.98078
G01 X-17.20693 Y5.98317
G01 X-17.16939 Y5.99455
G01 X-17.16017 Y5.99788
G01 X-17.15207 Y6.00169
G01 X-17.14775 Y6.00323
G01 X-17.03070 Y6.05403
G01 X-16.99372 Y6.06592
G01 X-16.94897 Y6.07260
G01 X-16.88308 Y6.07474
G01 X-16.88074 Y6.07501
G01 X-16.47620 Y6.07501
G01 X-16.88074 Y6.07501
G01 X-16.88308 Y6.07474
G01 X-16.94897 Y6.07260
G01 X-16.99372 Y6.06592
G01 X-17.03070 Y6.05403
G01 X-17.14775 Y6.00323
G01 X-17.15207 Y6.00169
G01 X-17.16017 Y5.99788
G01 X-17.16939 Y5.99455
G01 X-17.20693 Y5.98317
G01 X-17.21643 Y5.98078
G01 X-17.22613 Y5.97936
G01 X-17.26517 Y5.97550
G01 X-17.27498 Y5.97501
G01 X-18.02499 Y5.97501
G01 X-18.03477 Y5.97550
G01 X-18.07381 Y5.97936
G01 X-18.08325 Y5.98076
G01 X-18.09301 Y5.98317
G01 X-18.13055 Y5.99455
G01 X-18.14866 Y6.00207
G01 X-18.18323 Y6.02053
G01 X-18.19954 Y6.03143
G01 X-18.22984 Y6.05630
G01 X-18.23710 Y6.06290
G01 X-18.28437 Y6.11014
G01 X-18.50246 Y6.28566
G01 X-18.50596 Y6.29417
G01 X-18.51038 Y6.30247
G01 X-18.57487 Y6.40064
G01 X-18.59933 Y6.42513
G01 X-18.69753 Y6.48962
G01 X-18.70583 Y6.49401
G01 X-19.12448 Y6.66742
G01 X-19.48208 Y7.02503
G01 X-19.47893 Y7.03265
G01 X-19.48208 Y7.02503
G01 X-20.03502 Y7.02503
G01 X-20.03817 Y7.03265
G01 X-20.03502 Y7.02503
G01 X-20.32496 Y6.73508
G01 X-20.33258 Y6.73823
G01 X-20.32496 Y6.73508
G01 X-20.32496 Y6.64570
G01 X-20.36031 Y6.61035
G01 X-20.36496 Y6.60501
G01 X-20.47746 Y6.45502
G01 X-20.48109 Y6.44946
G01 X-20.48394 Y6.44347
G01 X-20.48597 Y6.43714
G01 X-20.52346 Y6.28716
G01 X-20.52458 Y6.28114
G01 X-20.52496 Y6.27501
G01 X-20.52458 Y6.28114
G01 X-20.52496 Y6.28119
G01 X-20.52458 Y6.28114
G01 X-20.52346 Y6.28716
G01 X-20.48597 Y6.43714
G01 X-20.48394 Y6.44347
G01 X-20.48561 Y6.44423
G01 X-20.48394 Y6.44347
G01 X-20.48109 Y6.44946
G01 X-20.47746 Y6.45502
G01 X-20.42498 Y6.52500
G01 X-20.42496 Y6.77649
G01 X-20.43250 Y6.77959
G01 X-20.42496 Y6.77649
G01 X-20.10070 Y7.10079
G01 X-20.08752 Y7.11532
G01 X-20.07954 Y7.12503
G01 X-20.08277 Y7.13272
G01 X-20.07954 Y7.12503
G01 X-19.44068 Y7.12503
G01 X-19.43751 Y7.13265
G01 X-19.44068 Y7.12503
G01 X-18.88305 Y6.56744
G01 X-18.70583 Y6.49401
G01 X-18.70566 Y6.49439
G01 X-18.70583 Y6.49401
G01 X-18.69753 Y6.48962
G01 X-18.59933 Y6.42513
G01 X-18.57487 Y6.40064
G01 X-18.28437 Y6.11014
G01 X-18.23710 Y6.06290
G01 X-18.22984 Y6.05630
G01 X-18.19954 Y6.03143
G01 X-18.18323 Y6.02053
G01 X-18.14866 Y6.00207
G01 X-18.13055 Y5.99455
G01 X-18.09301 Y5.98317
G01 X-18.08325 Y5.98076
G01 X-18.06169 Y5.97207
G01 X-18.02529 Y5.95942
G01 X-18.01025 Y5.95462
G01 X-17.90926 Y5.92505
G01 X-17.35148 Y5.92505
G01 X-17.28130 Y5.93333
G01 X-17.26400 Y5.93582
G01 X-17.22705 Y5.94205
G01 X-17.19382 Y5.94934
G01 X-17.15796 Y5.95909
G01 X-17.13304 Y5.96681
G01 X-17.01115 Y6.00750
G01 X-17.00881 Y6.00821
G01 X-16.98409 Y6.01515
G01 X-16.98013 Y6.01609
G01 X-16.94947 Y6.02203
G01 X-16.94955 Y6.02244
G01 X-16.94947 Y6.02203
G01 X-16.94666 Y6.02251
G01 X-16.88128 Y6.03135
G01 X-16.88044 Y6.03145
G01 X-16.62021 Y6.06221
G01 X-16.57630 Y6.06874
G01 X-16.57389 Y6.06902
G01 X-16.54363 Y6.07202
G01 X-16.54117 Y6.07220
G01 X-16.49215 Y6.07461
G01 X-16.49090 Y6.07466
G01 X-16.47620 Y6.07501
G01 X-16.47528 Y6.07501
G01 X-15.57465 Y6.07501
G01 X-15.57373 Y6.07501
G01 X-15.11031 Y6.07501
G01 X-15.10742 Y6.07463
G01 X-14.79624 Y6.06026
G01 X-14.79182 Y6.06028
G01 X-14.78898 Y6.06000
G01 X-13.26099 Y6.06000
G01 X-13.24148 Y6.06193
G01 X-13.22271 Y6.06762
G01 X-13.20544 Y6.07687
G01 X-13.19027 Y6.08929
G01 X-13.17783 Y6.10445
G01 X-13.16861 Y6.12175
G01 X-13.16292 Y6.14050
G01 X-13.16099 Y6.16000
G01 X-13.16099 Y6.81001
G01 X-13.16292 Y6.82952
G01 X-13.16861 Y6.84829
G01 X-13.17783 Y6.86556
G01 X-13.19027 Y6.88073
G01 X-13.20544 Y6.89315
G01 X-13.22271 Y6.90239
G01 X-13.24148 Y6.90808
G01 X-13.26099 Y6.91001
G01 X-14.78898 Y6.91001
G01 X-14.80635 Y6.90849
G01 X-14.82319 Y6.90399
G01 X-14.83899 Y6.89660
G01 X-14.85326 Y6.88662
G01 X-14.86558 Y6.87430
G01 X-14.87559 Y6.86000
G01 X-14.88296 Y6.84420
G01 X-14.88748 Y6.82739
G01 X-14.88898 Y6.81001
G01 X-14.88898 Y6.71304
G01 X-15.15245 Y6.47504
G01 X-15.57373 Y6.47504
G01 X-15.55900 Y6.47542
G01 X-15.55778 Y6.47547
G01 X-15.50879 Y6.47786
G01 X-15.50632 Y6.47804
G01 X-15.47607 Y6.48103
G01 X-15.47366 Y6.48134
G01 X-15.42466 Y6.48860
G01 X-15.42220 Y6.48903
G01 X-15.38961 Y6.49554
G01 X-15.38722 Y6.49607
G01 X-15.33820 Y6.50834
G01 X-15.33581 Y6.50900
G01 X-15.29908 Y6.52018
G01 X-15.29680 Y6.52094
G01 X-15.24780 Y6.53849
G01 X-15.24547 Y6.53938
G01 X-15.20254 Y6.55721
G01 X-15.20035 Y6.55817
G01 X-15.18349 Y6.56615
G01 X-15.17561 Y6.57082
G01 X-15.16868 Y6.57684
G01 X-15.14646 Y6.60016
G01 X-15.14478 Y6.60199
G01 X-15.11359 Y6.63813
G01 X-15.11204 Y6.64001
G01 X-15.09525 Y6.66145
G01 X-14.98898 Y6.75746
G01 X-14.98217 Y6.75452
G01 X-14.98898 Y6.75746
G01 X-14.98898 Y6.81001
G01 X-14.98595 Y6.84474
G01 X-14.97694 Y6.87842
G01 X-14.96220 Y6.91001
G01 X-14.94219 Y6.93856
G01 X-14.91755 Y6.96323
G01 X-14.88898 Y6.98322
G01 X-14.85740 Y6.99795
G01 X-14.82372 Y7.00697
G01 X-14.78898 Y7.01001
G01 X-13.26099 Y7.01001
G01 X-13.22197 Y7.00618
G01 X-13.18446 Y6.99480
G01 X-13.14986 Y6.97631
G01 X-13.11956 Y6.95144
G01 X-13.09469 Y6.92111
G01 X-13.07620 Y6.88654
G01 X-13.06482 Y6.84903
G01 X-13.06099 Y6.81001
G01 X-13.06099 Y6.16000
G01 X-13.06482 Y6.12099
G01 X-13.07620 Y6.08347
G01 X-13.09469 Y6.04890
G01 X-13.11956 Y6.01860
G01 X-13.14986 Y5.99371
G01 X-13.18446 Y5.97524
G01 X-13.22197 Y5.96386
G01 X-13.26099 Y5.96000
G01 X-14.78898 Y5.96000
G01 X-14.79322 Y5.96044
G01 X-14.80086 Y5.96036
G01 X-14.82949 Y5.96165
G01 X-15.10876 Y6.01131
G01 X-15.10991 Y6.01149
G01 X-15.39027 Y6.05464
G01 X-15.42217 Y6.06104
G01 X-15.42464 Y6.06148
G01 X-15.47366 Y6.06874
G01 X-15.47607 Y6.06902
G01 X-15.50632 Y6.07202
G01 X-15.50879 Y6.07220
G01 X-15.55778 Y6.07461
G01 X-15.55900 Y6.07466
G01 X-15.57373 Y6.07501
G01 X-15.55900 Y6.07466
G01 X-15.55778 Y6.07461
G01 X-15.50879 Y6.07220
G01 X-15.50876 Y6.07250
G01 X-15.50879 Y6.07220
G01 X-15.50632 Y6.07202
G01 X-15.47607 Y6.06902
G01 X-15.47366 Y6.06874
G01 X-15.42464 Y6.06148
G01 X-15.42217 Y6.06104
G01 X-15.39027 Y6.05464
G01 X-15.10991 Y6.01149
G01 X-15.10876 Y6.01131
G01 X-14.82949 Y5.96165
G01 X-14.79393 Y5.95536
G01 X-14.78103 Y5.95320
G01 X-14.67935 Y5.93755
G01 X-14.02497 Y5.93755
G01 X-14.02375 Y5.93770
G01 X-13.99695 Y5.93686
G01 X-13.99573 Y5.93681
G01 X-13.91730 Y5.93295
G01 X-13.91484 Y5.93277
G01 X-13.86005 Y5.92736
G01 X-13.85761 Y5.92706
G01 X-13.77922 Y5.91545
G01 X-13.77679 Y5.91502
G01 X-13.71804 Y5.90331
G01 X-13.71565 Y5.90278
G01 X-13.70468 Y5.90003
G01 X-13.11405 Y5.90001
G01 X-13.09431 Y5.91058
G01 X-13.04885 Y5.94789
G01 X-13.01154 Y5.99335
G01 X-12.98382 Y6.04520
G01 X-12.96675 Y6.10148
G01 X-12.96099 Y6.16000
G01 X-12.96099 Y6.81001
G01 X-12.96675 Y6.86854
G01 X-12.98382 Y6.92482
G01 X-13.01154 Y6.97669
G01 X-13.04885 Y7.02216
G01 X-13.09431 Y7.05944
G01 X-13.10839 Y7.06699
G01 X-13.13914 Y7.07001
G01 X-14.93338 Y7.07003
G01 X-14.99662 Y6.91045
G01 X-15.00132 Y6.88858
G01 X-15.00909 Y6.84235
G01 X-15.01379 Y6.80394
G01 X-15.01389 Y6.80318
G01 X-15.01643 Y6.78484
G01 X-15.01791 Y6.77786
G01 X-15.02037 Y6.77118
G01 X-15.02375 Y6.76490
G01 X-15.02113 Y6.76374
G01 X-15.02375 Y6.76490
G01 X-15.04859 Y6.72576
G01 X-15.04994 Y6.72373
G01 X-15.07991 Y6.68121
G01 X-15.08138 Y6.67920
G01 X-15.09525 Y6.66145
G01 X-15.11204 Y6.64001
G01 X-15.11359 Y6.63813
G01 X-15.14478 Y6.60199
G01 X-15.14646 Y6.60016
G01 X-15.16868 Y6.57684
G01 X-15.16756 Y6.57512
G01 X-15.16868 Y6.57684
G01 X-15.17561 Y6.57082
G01 X-15.18349 Y6.56615
G01 X-15.20035 Y6.55817
G01 X-15.20254 Y6.55721
G01 X-15.24547 Y6.53938
G01 X-15.24780 Y6.53849
G01 X-15.29680 Y6.52094
G01 X-15.29908 Y6.52018
G01 X-15.33581 Y6.50900
G01 X-15.33561 Y6.50829
G01 X-15.33581 Y6.50900
G01 X-15.33820 Y6.50834
G01 X-15.38722 Y6.49607
G01 X-15.38961 Y6.49554
G01 X-15.42220 Y6.48903
G01 X-15.42466 Y6.48860
G01 X-15.47366 Y6.48134
G01 X-15.47607 Y6.48103
G01 X-15.50632 Y6.47804
G01 X-15.50879 Y6.47786
G01 X-15.55778 Y6.47547
G01 X-15.55900 Y6.47542
G01 X-15.57373 Y6.47504
G01 X-15.57498 Y6.47504
G01 X-16.47495 Y6.47504
G01 X-16.88067 Y6.47504
G01 X-16.88308 Y6.47532
G01 X-16.94899 Y6.47745
G01 X-16.99372 Y6.48413
G01 X-17.03070 Y6.49602
G01 X-17.14775 Y6.54682
G01 X-17.15113 Y6.54791
G01 X-17.16939 Y6.55551
G01 X-17.20693 Y6.56689
G01 X-17.21643 Y6.56927
G01 X-17.22613 Y6.57070
G01 X-17.26517 Y6.57456
G01 X-17.27498 Y6.57504
G01 X-17.90070 Y6.57504
G01 X-19.06286 Y7.73717
G01 X-19.07012 Y7.74377
G01 X-19.10042 Y7.76864
G01 X-19.11673 Y7.77953
G01 X-19.15130 Y7.79800
G01 X-19.16941 Y7.80552
G01 X-19.20695 Y7.81690
G01 X-19.21645 Y7.81928
G01 X-19.22615 Y7.82071
G01 X-19.26519 Y7.82457
G01 X-19.27500 Y7.82505
G01 X-19.93624 Y7.82505
G01 X-19.83240 Y8.13656
G01 X-19.83156 Y8.14014
G01 X-19.82691 Y8.15550
G01 X-19.82498 Y8.17501
G01 X-19.82498 Y9.37501
G01 X-19.82691 Y9.39452
G01 X-19.83116 Y9.40851
G01 X-19.83240 Y9.41349
G01 X-20.02496 Y9.99124
G01 X-20.02496 Y10.31793
G01 X-19.56788 Y10.77501
G01 X-19.41198 Y10.77501
G01 X-19.17815 Y10.64051
G01 X-19.17731 Y10.63985
G01 X-19.16943 Y10.63401
G01 X-19.16103 Y10.62896
G01 X-19.11780 Y10.60584
G01 X-19.09969 Y10.59835
G01 X-19.05280 Y10.58412
G01 X-19.04327 Y10.58174
G01 X-19.03357 Y10.58029
G01 X-18.98478 Y10.57549
G01 X-18.97500 Y10.57501
G01 X-18.07500 Y10.57501
G01 X-18.06520 Y10.57549
G01 X-18.01640 Y10.58029
G01 X-18.00670 Y10.58174
G01 X-17.99717 Y10.58412
G01 X-17.95029 Y10.59835
G01 X-17.93218 Y10.60584
G01 X-17.88894 Y10.62896
G01 X-17.88054 Y10.63401
G01 X-17.87266 Y10.63985
G01 X-17.83477 Y10.67094
G01 X-17.82090 Y10.68478
G01 X-17.78981 Y10.72268
G01 X-17.78397 Y10.73056
G01 X-17.77894 Y10.73899
G01 X-17.75582 Y10.78219
G01 X-17.74833 Y10.80030
G01 X-17.73411 Y10.84722
G01 X-17.73172 Y10.85674
G01 X-17.73027 Y10.86645
G01 X-17.72547 Y10.91521
G01 X-17.72499 Y10.92502
G01 X-17.72499 Y11.10790
G01 X-17.37259 Y12.02502
G01 X-16.73116 Y12.02502
G01 X-16.76210 Y12.01727
G01 X-16.76842 Y12.01524
G01 X-16.77442 Y12.01239
G01 X-16.77998 Y12.00876
G01 X-16.90500 Y11.91501
G01 X-16.91033 Y11.91036
G01 X-16.99570 Y11.82502
G01 X-17.23517 Y11.82502
G01 X-17.24724 Y11.84259
G01 X-17.23517 Y11.82502
G01 X-17.52499 Y11.07079
G01 X-17.52641 Y11.07107
G01 X-17.52499 Y11.07079
G01 X-17.52499 Y10.92502
G01 X-17.52644 Y10.89560
G01 X-17.53124 Y10.84684
G01 X-17.53555 Y10.81770
G01 X-17.54272 Y10.78915
G01 X-17.55694 Y10.74226
G01 X-17.57945 Y10.68793
G01 X-17.60253 Y10.64470
G01 X-17.61767 Y10.61946
G01 X-17.63522 Y10.59581
G01 X-17.66631 Y10.55791
G01 X-17.70789 Y10.51633
G01 X-17.74576 Y10.48524
G01 X-17.76941 Y10.46772
G01 X-17.79469 Y10.45258
G01 X-17.83789 Y10.42946
G01 X-17.89222 Y10.40696
G01 X-17.93914 Y10.39274
G01 X-17.96768 Y10.38557
G01 X-17.99682 Y10.38125
G01 X-18.04559 Y10.37645
G01 X-18.07500 Y10.37501
G01 X-18.97500 Y10.37501
G01 X-19.00439 Y10.37645
G01 X-19.05315 Y10.38125
G01 X-19.08229 Y10.38557
G01 X-19.11084 Y10.39274
G01 X-19.15775 Y10.40696
G01 X-19.21208 Y10.42946
G01 X-19.25529 Y10.45258
G01 X-19.28056 Y10.46772
G01 X-19.28653 Y10.47214
G01 X-19.46540 Y10.57501
G01 X-19.48503 Y10.57501
G01 X-19.48871 Y10.59848
G01 X-19.48503 Y10.57501
G01 X-19.82496 Y10.23508
G01 X-19.83258 Y10.23823
G01 X-19.82496 Y10.23508
G01 X-19.82496 Y10.02370
G01 X-19.82625 Y10.02350
G01 X-19.82496 Y10.02370
G01 X-19.64266 Y9.47674
G01 X-19.63728 Y9.45502
G01 X-19.63075 Y9.43353
G01 X-19.62498 Y9.37501
G01 X-19.62498 Y8.17501
G01 X-19.63075 Y8.11649
G01 X-19.63906 Y8.08911
G01 X-19.64266 Y8.07331
G01 X-19.65874 Y8.02505
G01 X-19.70565 Y7.98751
G01 X-19.65874 Y8.02505
G01 X-19.47126 Y8.02505
G01 X-19.42999 Y7.99409
G01 X-19.42580 Y7.99127
G01 X-19.42133 Y7.98888
G01 X-19.29633 Y7.92985
G01 X-19.29080 Y7.92761
G01 X-19.29110 Y7.92685
G01 X-19.29080 Y7.92761
G01 X-19.28305 Y7.92502
G01 X-19.26687 Y7.91964
G01 X-19.26491 Y7.91903
G01 X-19.22658 Y7.90796
G01 X-19.22460 Y7.90742
G01 X-19.17993 Y7.89650
G01 X-19.17787 Y7.89604
G01 X-19.13926 Y7.88830
G01 X-19.13723 Y7.88794
G01 X-19.13385 Y7.88741
G01 X-19.09298 Y7.87905
G01 X-19.08887 Y7.87801
G01 X-19.06959 Y7.86772
G01 X-19.03700 Y7.84593
G01 X-19.00670 Y7.82106
G01 X-18.99214 Y7.80788
G01 X-17.85928 Y6.67504
G01 X-17.86245 Y6.66742
G01 X-17.85928 Y6.67504
G01 X-17.37597 Y6.67504
G01 X-17.34523 Y6.66635
G01 X-17.34335 Y6.66587
G01 X-17.30652 Y6.65701
G01 X-17.30459 Y6.65660
G01 X-17.28539 Y6.65276
G01 X-17.26456 Y6.64809
G01 X-17.24483 Y6.64314
G01 X-17.24381 Y6.64291
G01 X-17.22567 Y6.63874
G01 X-17.22463 Y6.63854
G01 X-17.20993 Y6.63549
G01 X-17.18549 Y6.62967
G01 X-17.15138 Y6.62040
G01 X-17.15105 Y6.62030
G01 X-17.11760 Y6.61149
G01 X-17.11689 Y6.61129
G01 X-17.05519 Y6.59597
G01 X-17.05445 Y6.59579
G01 X-17.03970 Y6.59236
G01 X-17.03855 Y6.59211
G01 X-16.99001 Y6.58202
G01 X-16.98757 Y6.58159
G01 X-16.96786 Y6.57849
G01 X-16.96383 Y6.57801
G01 X-16.93924 Y6.57621
G01 X-16.93634 Y6.57608
G01 X-16.92949 Y6.57595
G01 X-16.88608 Y6.56490
G01 X-16.88526 Y6.56473
G01 X-16.84015 Y6.55403
G01 X-16.80431 Y6.53930
G01 X-16.80215 Y6.53849
G01 X-16.75316 Y6.52094
G01 X-16.75087 Y6.52018
G01 X-16.71414 Y6.50900
G01 X-16.71176 Y6.50834
G01 X-16.66273 Y6.49607
G01 X-16.66035 Y6.49554
G01 X-16.62776 Y6.48903
G01 X-16.62529 Y6.48860
G01 X-16.57630 Y6.48134
G01 X-16.57389 Y6.48103
G01 X-16.54363 Y6.47804
G01 X-16.54117 Y6.47786
G01 X-16.49215 Y6.47547
G01 X-16.49090 Y6.47542
G01 X-16.47620 Y6.47506
G01 X-16.47495 Y6.47504
G01 X-16.47620 Y6.47506
G01 X-16.49090 Y6.47542
G01 X-16.49215 Y6.47547
G01 X-16.54117 Y6.47786
G01 X-16.54363 Y6.47804
G01 X-16.57389 Y6.48103
G01 X-16.57630 Y6.48134
G01 X-16.57640 Y6.48068
G01 X-16.57630 Y6.48134
G01 X-16.62529 Y6.48860
G01 X-16.62776 Y6.48903
G01 X-16.66035 Y6.49554
G01 X-16.66273 Y6.49607
G01 X-16.71176 Y6.50834
G01 X-16.71414 Y6.50900
G01 X-16.75087 Y6.52018
G01 X-16.75316 Y6.52094
G01 X-16.80215 Y6.53849
G01 X-16.80431 Y6.53930
G01 X-16.84015 Y6.55403
G01 X-16.88526 Y6.56473
G01 X-16.88608 Y6.56490
G01 X-16.92949 Y6.57595
G01 X-16.93634 Y6.57608
G01 X-16.93924 Y6.57621
G01 X-16.96383 Y6.57801
G01 X-16.96786 Y6.57849
G01 X-16.98757 Y6.58159
G01 X-16.99001 Y6.58202
G01 X-17.03855 Y6.59211
G01 X-17.03970 Y6.59236
G01 X-17.05445 Y6.59579
G01 X-17.05519 Y6.59597
G01 X-17.11689 Y6.61129
G01 X-17.11760 Y6.61149
G01 X-17.15105 Y6.62030
G01 X-17.15138 Y6.62040
G01 X-17.18549 Y6.62967
G01 X-17.20993 Y6.63549
G01 X-17.22463 Y6.63854
G01 X-17.22567 Y6.63874
G01 X-17.24381 Y6.64291
G01 X-17.24483 Y6.64314
G01 X-17.26456 Y6.64809
G01 X-17.28539 Y6.65276
G01 X-17.30459 Y6.65660
G01 X-17.30652 Y6.65701
G01 X-17.34335 Y6.66587
G01 X-17.34523 Y6.66635
G01 X-17.37597 Y6.67504
G01 X-17.40800 Y6.68406
G01 X-17.40990 Y6.68464
G01 X-17.45130 Y6.69813
G01 X-17.45316 Y6.69876
G01 X-17.51592 Y6.72190
G01 X-17.51683 Y6.72226
G01 X-17.54025 Y6.73143
G01 X-17.54114 Y6.73178
G01 X-17.64551 Y6.77501
G01 X-17.81788 Y6.77504
G01 X-17.82103 Y6.76742
G01 X-17.81788 Y6.77504
G01 X-18.60985 Y7.56701
G01 X-18.90162 Y7.81418
G01 X-18.94144 Y7.83066
G01 X-18.96888 Y7.84128
G01 X-19.00642 Y7.85472
G01 X-19.05613 Y7.86983
G01 X-19.08887 Y7.87801
G01 X-19.09298 Y7.87905
G01 X-19.13385 Y7.88741
G01 X-19.13723 Y7.88794
G01 X-19.13926 Y7.88830
G01 X-19.17787 Y7.89604
G01 X-19.17993 Y7.89650
G01 X-19.22460 Y7.90742
G01 X-19.22658 Y7.90796
G01 X-19.26491 Y7.91903
G01 X-19.26687 Y7.91964
G01 X-19.28305 Y7.92502
G01 X-19.79748 Y7.92505
G01 X-19.85064 Y7.88510
G01 X-19.79748 Y7.92505
G01 X-19.73753 Y8.10493
G01 X-19.73532 Y8.11461
G01 X-19.72882 Y8.13600
G01 X-19.72498 Y8.17501
G01 X-19.72498 Y9.37501
G01 X-19.72882 Y9.41402
G01 X-19.73420 Y9.43175
G01 X-19.73753 Y9.44511
G01 X-19.92496 Y10.00747
G01 X-19.92613 Y10.00729
G01 X-19.92496 Y10.00747
G01 X-19.92496 Y10.27651
G01 X-19.93258 Y10.27965
G01 X-19.92496 Y10.27651
G01 X-19.52646 Y10.67501
G01 X-19.52961 Y10.68263
G01 X-19.52646 Y10.67501
G01 X-19.43867 Y10.67501
G01 X-19.43779 Y10.67841
G01 X-19.43867 Y10.67501
G01 X-19.23253 Y10.55644
G01 X-19.22498 Y10.55085
G01 X-19.20817 Y10.54077
G01 X-19.16494 Y10.51765
G01 X-19.12872 Y10.50267
G01 X-19.08180 Y10.48842
G01 X-19.06278 Y10.48367
G01 X-19.04337 Y10.48077
G01 X-18.99458 Y10.47597
G01 X-18.97500 Y10.47501
G01 X-18.07500 Y10.47501
G01 X-18.05539 Y10.47597
G01 X-18.00662 Y10.48077
G01 X-17.98719 Y10.48367
G01 X-17.96817 Y10.48842
G01 X-17.92125 Y10.50267
G01 X-17.88503 Y10.51765
G01 X-17.84183 Y10.54077
G01 X-17.82499 Y10.55085
G01 X-17.80921 Y10.56253
G01 X-17.77134 Y10.59362
G01 X-17.74361 Y10.62136
G01 X-17.71252 Y10.65923
G01 X-17.70083 Y10.67501
G01 X-17.69072 Y10.69185
G01 X-17.66763 Y10.73505
G01 X-17.65262 Y10.77130
G01 X-17.63840 Y10.81819
G01 X-17.63362 Y10.83721
G01 X-17.63075 Y10.85664
G01 X-17.62595 Y10.90541
G01 X-17.62499 Y10.92502
G01 X-17.62499 Y11.08936
G01 X-17.62661 Y11.08966
G01 X-17.62499 Y11.08936
G01 X-17.30388 Y11.92502
G01 X-17.31595 Y11.94259
G01 X-17.30388 Y11.92502
G01 X-16.89166 Y11.92502
G01 X-16.77998 Y12.00876
G01 X-16.77442 Y12.01239
G01 X-16.77513 Y12.01384
G01 X-16.77442 Y12.01239
G01 X-16.76842 Y12.01524
G01 X-16.76210 Y12.01727
G01 X-16.73116 Y12.02502
G01 X-15.31879 Y12.02502
G01 X-14.31001 Y12.02502
G01 X-13.62500 Y11.47699
G01 X-13.62500 Y11.47500
G01 X-13.62347 Y11.45766
G01 X-13.61895 Y11.44082
G01 X-13.61158 Y11.42502
G01 X-13.60160 Y11.41074
G01 X-13.58926 Y11.39840
G01 X-13.57498 Y11.38842
G01 X-13.56305 Y11.38285
G01 X-13.61796 Y11.39291
G01 X-13.72083 Y11.44948
G01 X-13.72837 Y11.45283
G01 X-14.06068 Y11.56942
G01 X-14.38016 Y11.82502
G01 X-14.37821 Y11.83065
G01 X-14.38016 Y11.82502
G01 X-14.98969 Y11.82502
G01 X-15.09088 Y11.86164
G01 X-15.13962 Y11.91036
G01 X-15.14496 Y11.91501
G01 X-15.15829 Y11.92502
G01 X-15.26998 Y12.00876
G01 X-15.27554 Y12.01239
G01 X-15.28153 Y12.01524
G01 X-15.28786 Y12.01727
G01 X-15.31879 Y12.02502
G01 X-15.28786 Y12.01727
G01 X-15.28153 Y12.01524
G01 X-15.27554 Y12.01239
G01 X-15.27483 Y12.01384
G01 X-15.27554 Y12.01239
G01 X-15.26998 Y12.00876
G01 X-15.15829 Y11.92502
G01 X-14.34509 Y11.92502
G01 X-14.34313 Y11.93065
G01 X-14.34509 Y11.92502
G01 X-13.77559 Y11.46942
G01 X-13.72837 Y11.45283
G01 X-13.72083 Y11.44948
G01 X-13.61796 Y11.39291
G01 X-13.56305 Y11.38285
G01 X-13.55918 Y11.38105
G01 X-13.54234 Y11.37653
G01 X-13.52500 Y11.37500
G01 X-12.02500 Y11.37500
G01 X-12.00763 Y11.37653
G01 X-11.99079 Y11.38105
G01 X-11.97961 Y11.38626
G01 X-11.97499 Y11.38842
G01 X-11.96071 Y11.39840
G01 X-11.94839 Y11.41074
G01 X-11.93839 Y11.42502
G01 X-11.93102 Y11.44082
G01 X-11.92650 Y11.45766
G01 X-11.92500 Y11.47500
G01 X-11.92500 Y11.55405
G01 X-11.36140 Y12.10165
G01 X-11.38243 Y12.07368
G01 X-11.38388 Y12.07168
G01 X-11.40158 Y12.04554
G01 X-11.40288 Y12.04351
G01 X-11.42922 Y12.00028
G01 X-11.43046 Y11.99812
G01 X-11.44804 Y11.96576
G01 X-11.44913 Y11.96360
G01 X-11.47179 Y11.91656
G01 X-11.47232 Y11.91544
G01 X-11.48129 Y11.89560
G01 X-11.48177 Y11.89448
G01 X-11.49419 Y11.86512
G01 X-11.62718 Y11.70396
G01 X-11.82500 Y11.51178
G01 X-11.83226 Y11.51498
G01 X-11.82500 Y11.51178
G01 X-11.82500 Y11.47500
G01 X-11.82645 Y11.45799
G01 X-11.91240 Y11.40109
G01 X-11.97961 Y11.38626
G01 X-11.91240 Y11.40109
G01 X-11.82645 Y11.45799
G01 X-11.80211 Y11.47414
G01 X-11.79681 Y11.49007
G01 X-11.79579 Y11.49350
G01 X-11.79345 Y11.49974
G01 X-11.79033 Y11.50561
G01 X-11.78644 Y11.51102
G01 X-11.78733 Y11.51155
G01 X-11.78644 Y11.51102
G01 X-11.62718 Y11.70396
G01 X-11.49419 Y11.86512
G01 X-11.48177 Y11.89448
G01 X-11.48129 Y11.89560
G01 X-11.47232 Y11.91544
G01 X-11.47179 Y11.91656
G01 X-11.44913 Y11.96360
G01 X-11.44804 Y11.96576
G01 X-11.43046 Y11.99812
G01 X-11.42922 Y12.00028
G01 X-11.40288 Y12.04351
G01 X-11.40158 Y12.04554
G01 X-11.38388 Y12.07168
G01 X-11.38243 Y12.07368
G01 X-11.36140 Y12.10165
G01 X-11.23440 Y12.22502
G01 X-10.97499 Y12.22502
G01 X-10.98479 Y12.22453
G01 X-11.03356 Y12.21973
G01 X-11.04326 Y12.21828
G01 X-11.05279 Y12.21590
G01 X-11.09968 Y12.20167
G01 X-11.11779 Y12.19418
G01 X-11.16102 Y12.17107
G01 X-11.16943 Y12.16604
G01 X-11.17732 Y12.16017
G01 X-11.21520 Y12.12908
G01 X-11.22906 Y12.11524
G01 X-11.26015 Y12.07734
G01 X-11.26600 Y12.06947
G01 X-11.27105 Y12.06103
G01 X-11.29414 Y12.01783
G01 X-11.30166 Y11.99972
G01 X-11.31588 Y11.95280
G01 X-11.31827 Y11.94330
G01 X-11.31969 Y11.93358
G01 X-11.32452 Y11.88481
G01 X-11.32498 Y11.87500
G01 X-11.32498 Y11.80127
G01 X-11.66996 Y11.27503
G01 X-12.02497 Y11.27503
G01 X-12.01956 Y11.27533
G01 X-12.01420 Y11.27620
G01 X-11.88177 Y11.30543
G01 X-11.87303 Y11.30823
G01 X-11.87237 Y11.30670
G01 X-11.87303 Y11.30823
G01 X-11.86493 Y11.31257
G01 X-11.77059 Y11.37503
G01 X-11.72396 Y11.37503
G01 X-11.71748 Y11.36299
G01 X-11.72396 Y11.37503
G01 X-11.55007 Y11.64031
G01 X-11.41240 Y11.80711
G01 X-11.40821 Y11.81300
G01 X-11.40786 Y11.81277
G01 X-11.40821 Y11.81300
G01 X-11.40491 Y11.81945
G01 X-11.38990 Y11.85496
G01 X-11.38144 Y11.87368
G01 X-11.35957 Y11.91912
G01 X-11.34316 Y11.94932
G01 X-11.31812 Y11.99045
G01 X-11.30178 Y12.01453
G01 X-11.28149 Y12.04150
G01 X-11.27105 Y12.06103
G01 X-11.26600 Y12.06947
G01 X-11.26015 Y12.07734
G01 X-11.22906 Y12.11524
G01 X-11.21520 Y12.12908
G01 X-11.17732 Y12.16017
G01 X-11.16943 Y12.16604
G01 X-11.16102 Y12.17107
G01 X-11.11779 Y12.19418
G01 X-11.09968 Y12.20167
G01 X-11.05279 Y12.21590
G01 X-11.04326 Y12.21828
G01 X-11.03356 Y12.21973
G01 X-10.98479 Y12.22453
G01 X-10.97499 Y12.22502
G01 X-10.07499 Y12.22502
G01 X-10.06519 Y12.22453
G01 X-10.01642 Y12.21973
G01 X-10.00671 Y12.21828
G01 X-9.99719 Y12.21590
G01 X-9.95028 Y12.20167
G01 X-9.93217 Y12.19418
G01 X-9.88896 Y12.17107
G01 X-9.88053 Y12.16604
G01 X-9.87265 Y12.16017
G01 X-9.83697 Y12.13088
G01 X-9.83478 Y12.12908
G01 X-9.82091 Y12.11524
G01 X-9.78982 Y12.07734
G01 X-9.78398 Y12.06947
G01 X-9.77893 Y12.06103
G01 X-9.75581 Y12.01783
G01 X-9.74832 Y11.99972
G01 X-9.73410 Y11.95280
G01 X-9.73171 Y11.94330
G01 X-9.73026 Y11.93358
G01 X-9.72546 Y11.88481
G01 X-9.72498 Y11.87500
G01 X-9.72498 Y11.69431
G01 X-9.30829 Y10.73261
G01 X-9.25071 Y10.67503
G01 X-7.29925 Y10.67503
G01 X-7.20121 Y10.77305
G01 X-6.47500 Y12.39840
G01 X-6.47500 Y12.87500
G01 X-6.47347 Y12.89237
G01 X-6.46895 Y12.90922
G01 X-6.46159 Y12.92501
G01 X-6.45160 Y12.93929
G01 X-6.43926 Y12.95161
G01 X-6.42498 Y12.96162
G01 X-6.40919 Y12.96898
G01 X-6.39235 Y12.97350
G01 X-6.37500 Y12.97500
G01 X-4.67498 Y12.97500
G01 X-4.65547 Y12.97310
G01 X-4.63672 Y12.96741
G01 X-4.61943 Y12.95816
G01 X-4.60429 Y12.94571
G01 X-4.59184 Y12.93058
G01 X-4.58260 Y12.91328
G01 X-4.57691 Y12.89453
G01 X-4.57498 Y12.87500
G01 X-4.57498 Y11.17500
G01 X-4.47498 Y11.17500
G01 X-4.37498 Y11.17500
G01 X-4.47498 Y11.17500
G01 X-4.57498 Y11.17500
G01 X-4.57691 Y11.15550
G01 X-4.58260 Y11.13675
G01 X-4.59184 Y11.11945
G01 X-4.60429 Y11.10429
G01 X-4.61943 Y11.09187
G01 X-4.63672 Y11.08262
G01 X-4.65547 Y11.07694
G01 X-4.67498 Y11.07500
G01 X-5.15161 Y11.07500
G01 X-6.77695 Y10.34879
G01 X-6.95767 Y10.16805
G01 X-6.96286 Y10.16289
G01 X-6.97012 Y10.15629
G01 X-7.00042 Y10.13142
G01 X-7.01673 Y10.12052
G01 X-7.05130 Y10.10206
G01 X-7.06941 Y10.09454
G01 X-7.10695 Y10.08316
G01 X-7.11645 Y10.08077
G01 X-7.12615 Y10.07935
G01 X-7.16519 Y10.07549
G01 X-7.17449 Y10.07503
G01 X-6.92100 Y10.07503
G01 X-6.90845 Y10.07986
G01 X-6.90733 Y10.08032
G01 X-6.67863 Y10.17503
G01 X-6.67614 Y10.17607
G01 X-6.21211 Y10.27503
G01 X-6.02499 Y10.27503
G01 X-5.99557 Y10.27358
G01 X-5.95656 Y10.26972
G01 X-5.92742 Y10.26541
G01 X-5.89887 Y10.25827
G01 X-5.86136 Y10.24689
G01 X-5.80703 Y10.22438
G01 X-5.77243 Y10.20589
G01 X-5.72354 Y10.17323
G01 X-5.69324 Y10.14834
G01 X-5.67142 Y10.12858
G01 X-5.48231 Y9.93947
G01 X-4.70678 Y9.17501
G01 X-4.70960 Y9.16866
G01 X-4.70678 Y9.17501
G01 X-4.67498 Y9.17501
G01 X-4.62291 Y9.17046
G01 X-4.57239 Y9.15692
G01 X-4.52499 Y9.13483
G01 X-4.48214 Y9.10483
G01 X-4.44518 Y9.06785
G01 X-4.41518 Y9.02502
G01 X-4.39309 Y8.97763
G01 X-4.37955 Y8.92710
G01 X-4.37498 Y8.87501
G01 X-4.37498 Y7.17501
G01 X-4.47498 Y7.17501
G01 X-4.57498 Y7.17501
G01 X-4.47498 Y7.17501
G01 X-4.37498 Y7.17501
G01 X-4.37955 Y7.12292
G01 X-4.39309 Y7.07240
G01 X-4.41518 Y7.02500
G01 X-4.44518 Y6.98218
G01 X-4.48214 Y6.94519
G01 X-4.52499 Y6.91520
G01 X-4.57239 Y6.89310
G01 X-4.62291 Y6.87956
G01 X-4.67498 Y6.87501
G01 X-4.77619 Y6.87501
G01 X-4.77960 Y6.88177
G01 X-4.77619 Y6.87501
G01 X-4.87820 Y6.76048
G01 X-4.87881 Y6.76089
G01 X-4.87820 Y6.76048
G01 X-4.89141 Y6.72861
G01 X-4.91280 Y6.68665
G01 X-4.94559 Y6.63313
G01 X-4.97325 Y6.59505
G01 X-5.01401 Y6.54733
G01 X-5.03002 Y6.53003
G01 X-5.57002 Y5.99005
G01 X-5.59184 Y5.97027
G01 X-5.65244 Y5.92053
G01 X-5.70134 Y5.88787
G01 X-5.77050 Y5.85091
G01 X-5.82483 Y5.82841
G01 X-5.89987 Y5.80565
G01 X-5.95755 Y5.79417
G01 X-6.03558 Y5.78647
G01 X-6.06499 Y5.78502
G01 X-7.53712 Y5.78502
G01 X-7.53997 Y5.78680
G01 X-7.54431 Y5.78924
G01 X-7.54891 Y5.79122
G01 X-7.68516 Y5.84233
G01 X-7.69074 Y5.84405
G01 X-7.69057 Y5.84476
G01 X-7.69074 Y5.84405
G01 X-7.69651 Y5.84512
G01 X-7.83275 Y5.86214
G01 X-7.83895 Y5.86272
G01 X-8.60237 Y5.86254
G01 X-8.62793 Y5.86315
G01 X-8.70451 Y5.86694
G01 X-8.75683 Y5.87209
G01 X-8.83283 Y5.88337
G01 X-8.88917 Y5.89460
G01 X-8.90484 Y5.89854
G01 X-8.91086 Y5.89965
G01 X-8.91698 Y5.90019
G01 X-9.42526 Y5.90003
G01 X-9.47878 Y5.99427
G01 X-9.49480 Y6.02249
G01 X-9.52170 Y6.16470
G01 X-9.52170 Y6.80610
G01 X-9.50303 Y6.92442
G01 X-9.47923 Y6.97463
G01 X-9.46699 Y6.98322
G01 X-9.43539 Y6.99795
G01 X-9.40171 Y7.00697
G01 X-9.36699 Y7.01001
G01 X-8.88952 Y7.01001
G01 X-8.88914 Y7.00801
G01 X-8.88952 Y7.01001
G01 X-8.85033 Y7.03097
G01 X-8.81411 Y7.04598
G01 X-8.78063 Y7.05614
G01 X-8.74573 Y7.06130
G01 X-8.70082 Y7.06574
G01 X-8.62424 Y7.06950
G01 X-8.57863 Y7.07062
G01 X-8.57741 Y7.07067
G01 X-8.49897 Y7.07453
G01 X-8.49651 Y7.07471
G01 X-8.44916 Y7.07938
G01 X-8.44672 Y7.07969
G01 X-8.41058 Y7.08505
G01 X-6.56095 Y7.08505
G01 X-6.52013 Y7.05007
G01 X-6.56095 Y7.08505
G01 X-6.56989 Y7.12978
G01 X-6.57048 Y7.13381
G01 X-6.57114 Y7.13600
G01 X-6.57180 Y7.14273
G01 X-6.57276 Y7.14921
G01 X-6.57299 Y7.15152
G01 X-6.57307 Y7.15548
G01 X-6.57500 Y7.17501
G01 X-6.57500 Y8.87501
G01 X-6.57114 Y8.91402
G01 X-6.55976 Y8.95154
G01 X-6.54129 Y8.98613
G01 X-6.53766 Y8.99053
G01 X-6.53517 Y8.99515
G01 X-6.27797 Y9.37503
G01 X-6.17784 Y9.42815
G01 X-6.27797 Y9.37503
G01 X-7.56824 Y9.37503
G01 X-7.57860 Y9.38537
G01 X-7.58394 Y9.39002
G01 X-7.69646 Y9.47440
G01 X-7.69735 Y9.47501
G01 X-7.69646 Y9.47440
G01 X-7.58394 Y9.39002
G01 X-7.57860 Y9.38537
G01 X-7.46824 Y9.27501
G01 X-6.46644 Y9.27501
G01 X-6.36631 Y9.32815
G01 X-6.46644 Y9.27501
G01 X-6.61797 Y9.05121
G01 X-6.62062 Y9.04633
G01 X-6.62443 Y9.04168
G01 X-6.65216 Y8.98982
G01 X-6.66923 Y8.93353
G01 X-6.67500 Y8.87501
G01 X-6.67500 Y7.18505
G01 X-6.64591 Y7.15586
G01 X-6.67500 Y7.18505
G01 X-7.53715 Y7.18505
G01 X-7.53999 Y7.18327
G01 X-7.54434 Y7.18083
G01 X-7.54893 Y7.17885
G01 X-7.68518 Y7.12774
G01 X-7.69077 Y7.12602
G01 X-7.69059 Y7.12530
G01 X-7.69077 Y7.12602
G01 X-7.69653 Y7.12495
G01 X-7.83275 Y7.10773
G01 X-7.83895 Y7.10752
G01 X-8.29216 Y7.10752
G01 X-8.31243 Y7.10247
G01 X-8.31480 Y7.10194
G01 X-8.36588 Y7.09175
G01 X-8.36831 Y7.09132
G01 X-8.41058 Y7.08505
G01 X-8.44672 Y7.07969
G01 X-8.44916 Y7.07938
G01 X-8.49651 Y7.07471
G01 X-8.49897 Y7.07453
G01 X-8.57741 Y7.07067
G01 X-8.57863 Y7.07062
G01 X-8.62424 Y7.06950
G01 X-8.70082 Y7.06574
G01 X-8.74573 Y7.06130
G01 X-8.78063 Y7.05614
G01 X-8.82170 Y7.05004
G01 X-8.87040 Y7.04034
G01 X-8.89554 Y7.03402
G01 X-8.90156 Y7.03277
G01 X-8.90771 Y7.03252
G01 X-9.36417 Y7.03252
G01 X-9.45678 Y7.02208
G01 X-9.47923 Y6.97463
G01 X-9.50303 Y6.92442
G01 X-9.52170 Y6.80610
G01 X-9.52170 Y6.16470
G01 X-9.49480 Y6.02249
G01 X-9.47878 Y5.99427
G01 X-9.47809 Y5.99371
G01 X-9.44352 Y5.97524
G01 X-9.40600 Y5.96386
G01 X-9.36699 Y5.96000
G01 X-8.88945 Y5.96000
G01 X-8.88912 Y5.96173
G01 X-8.88945 Y5.96000
G01 X-8.85033 Y5.93910
G01 X-8.81411 Y5.92409
G01 X-8.73905 Y5.90133
G01 X-8.72003 Y5.89655
G01 X-8.70062 Y5.89368
G01 X-8.62257 Y5.88599
G01 X-8.60298 Y5.88502
G01 X-6.06499 Y5.88502
G01 X-6.04538 Y5.88599
G01 X-5.96735 Y5.89368
G01 X-5.92890 Y5.90133
G01 X-5.85387 Y5.92409
G01 X-5.81762 Y5.93910
G01 X-5.74848 Y5.97606
G01 X-5.71587 Y5.99785
G01 X-5.65526 Y6.04758
G01 X-5.64073 Y6.06077
G01 X-5.10073 Y6.60074
G01 X-5.09006 Y6.61228
G01 X-5.04930 Y6.66000
G01 X-5.03085 Y6.68540
G01 X-4.99804 Y6.73892
G01 X-4.98379 Y6.76689
G01 X-4.96413 Y6.81438
G01 X-4.96476 Y6.81482
G01 X-4.96413 Y6.81438
G01 X-4.82105 Y6.97501
G01 X-4.82463 Y6.98246
G01 X-4.82105 Y6.97501
G01 X-4.67498 Y6.97501
G01 X-4.64025 Y6.97806
G01 X-4.60657 Y6.98708
G01 X-4.57498 Y7.00181
G01 X-4.54643 Y7.02180
G01 X-4.52179 Y7.04646
G01 X-4.50177 Y7.07501
G01 X-4.48704 Y7.10661
G01 X-4.47802 Y7.14029
G01 X-4.47498 Y7.17501
G01 X-4.47498 Y8.87501
G01 X-4.47802 Y8.90973
G01 X-4.48704 Y8.94341
G01 X-4.50177 Y8.97501
G01 X-4.52179 Y9.00356
G01 X-4.54643 Y9.02822
G01 X-4.57498 Y9.04821
G01 X-4.60657 Y9.06294
G01 X-4.64025 Y9.07199
G01 X-4.67498 Y9.07501
G01 X-4.74777 Y9.07501
G01 X-4.75072 Y9.06813
G01 X-4.74777 Y9.07501
G01 X-5.55275 Y9.86848
G01 X-5.74213 Y10.05786
G01 X-5.75669 Y10.07104
G01 X-5.78699 Y10.09591
G01 X-5.81958 Y10.11770
G01 X-5.85415 Y10.13617
G01 X-5.89039 Y10.15118
G01 X-5.92791 Y10.16256
G01 X-5.94693 Y10.16734
G01 X-5.96636 Y10.17021
G01 X-6.00538 Y10.17407
G01 X-6.02499 Y10.17503
G01 X-6.67863 Y10.17503
G01 X-6.90733 Y10.08032
G01 X-6.90845 Y10.07986
G01 X-6.92100 Y10.07503
G01 X-6.02499 Y10.07503
G01 X-6.01518 Y10.07455
G01 X-5.97614 Y10.07069
G01 X-5.96644 Y10.06927
G01 X-5.95694 Y10.06688
G01 X-5.91940 Y10.05550
G01 X-5.90129 Y10.04798
G01 X-5.86672 Y10.02952
G01 X-5.85041 Y10.01862
G01 X-5.82011 Y9.99375
G01 X-5.81284 Y9.98715
G01 X-5.62318 Y9.79749
G01 X-4.78879 Y8.97501
G01 X-4.67498 Y8.97501
G01 X-4.65763 Y8.97349
G01 X-4.64079 Y8.96899
G01 X-4.62499 Y8.96162
G01 X-4.61071 Y8.95162
G01 X-4.59839 Y8.93930
G01 X-4.58839 Y8.92502
G01 X-4.58102 Y8.90922
G01 X-4.57650 Y8.89238
G01 X-4.57498 Y8.87501
G01 X-4.57498 Y7.17501
G01 X-4.57650 Y7.15764
G01 X-4.58102 Y7.14080
G01 X-4.58839 Y7.12500
G01 X-4.59839 Y7.11073
G01 X-4.61071 Y7.09841
G01 X-4.62499 Y7.08840
G01 X-4.64079 Y7.08103
G01 X-4.65763 Y7.07654
G01 X-4.67498 Y7.07501
G01 X-4.86588 Y7.07501
G01 X-5.05077 Y6.86744
G01 X-5.05217 Y6.86313
G01 X-5.07619 Y6.80514
G01 X-5.08331 Y6.79117
G01 X-5.11610 Y6.73765
G01 X-5.12534 Y6.72495
G01 X-5.16611 Y6.67722
G01 X-5.17142 Y6.67146
G01 X-5.71142 Y6.13148
G01 X-5.71871 Y6.12488
G01 X-5.77932 Y6.07514
G01 X-5.79562 Y6.06425
G01 X-5.86476 Y6.02729
G01 X-5.88287 Y6.01980
G01 X-5.95790 Y5.99704
G01 X-5.97713 Y5.99320
G01 X-6.05519 Y5.98551
G01 X-6.06499 Y5.98502
G01 X-8.60298 Y5.98502
G01 X-8.61276 Y5.98551
G01 X-8.69082 Y5.99320
G01 X-8.70052 Y5.99465
G01 X-8.71005 Y5.99704
G01 X-8.78508 Y6.01980
G01 X-8.80319 Y6.02729
G01 X-8.86440 Y6.06000
G01 X-9.36699 Y6.06000
G01 X-9.38650 Y6.06193
G01 X-9.40527 Y6.06762
G01 X-9.42254 Y6.07687
G01 X-9.43770 Y6.08929
G01 X-9.45012 Y6.10445
G01 X-9.45937 Y6.12175
G01 X-9.46506 Y6.14050
G01 X-9.46699 Y6.16000
G01 X-9.46699 Y6.81001
G01 X-9.46547 Y6.82739
G01 X-9.46095 Y6.84420
G01 X-9.45358 Y6.86000
G01 X-9.44360 Y6.87430
G01 X-9.43128 Y6.88662
G01 X-9.41698 Y6.89660
G01 X-9.40118 Y6.90399
G01 X-9.38436 Y6.90849
G01 X-9.36699 Y6.91001
G01 X-8.86448 Y6.91001
G01 X-8.80319 Y6.94278
G01 X-8.78508 Y6.95027
G01 X-8.71005 Y6.97303
G01 X-8.70052 Y6.97542
G01 X-8.69082 Y6.97687
G01 X-8.61276 Y6.98456
G01 X-8.60298 Y6.98505
G01 X-6.43906 Y6.98505
G01 X-6.47182 Y7.14933
G01 X-6.47241 Y7.15332
G01 X-6.47307 Y7.15551
G01 X-6.47500 Y7.17501
G01 X-6.47500 Y8.87501
G01 X-6.47307 Y8.89452
G01 X-6.46738 Y8.91329
G01 X-6.45813 Y8.93056
G01 X-6.45473 Y8.93472
G01 X-6.45237 Y8.93907
G01 X-6.11368 Y9.43947
G01 X-6.14924 Y9.47501
G01 X-7.69735 Y9.47501
G01 X-9.50854 Y9.47503
G01 X-10.40069 Y9.47501
G01 X-12.33285 Y7.54291
G01 X-12.34011 Y7.53630
G01 X-12.37041 Y7.51144
G01 X-12.38672 Y7.50054
G01 X-12.42129 Y7.48207
G01 X-12.43940 Y7.47455
G01 X-12.47694 Y7.46318
G01 X-12.49614 Y7.45937
G01 X-12.53518 Y7.45550
G01 X-12.54496 Y7.45502
G01 X-12.91738 Y7.45502
G01 X-13.22065 Y7.33839
G01 X-13.22200 Y7.33800
G01 X-13.22271 Y7.33762
G01 X-13.24148 Y7.33193
G01 X-13.26099 Y7.33000
G01 X-14.78898 Y7.33000
G01 X-14.80851 Y7.33193
G01 X-14.82725 Y7.33762
G01 X-14.84455 Y7.34687
G01 X-14.85969 Y7.35929
G01 X-14.87214 Y7.37445
G01 X-14.88138 Y7.39175
G01 X-14.88707 Y7.41050
G01 X-14.88898 Y7.43000
G01 X-14.88898 Y8.08001
G01 X-14.88707 Y8.09952
G01 X-14.88138 Y8.11829
G01 X-14.87214 Y8.13556
G01 X-14.85969 Y8.15073
G01 X-14.84455 Y8.16315
G01 X-14.82725 Y8.17239
G01 X-14.80851 Y8.17808
G01 X-14.78898 Y8.18001
G01 X-13.26099 Y8.18001
G01 X-13.24148 Y8.17808
G01 X-13.22271 Y8.17239
G01 X-13.22208 Y8.17204
G01 X-13.22065 Y8.17166
G01 X-12.91745 Y8.05505
G01 X-12.66924 Y8.05505
G01 X-10.73709 Y9.98715
G01 X-10.72983 Y9.99375
G01 X-10.69953 Y10.01862
G01 X-10.68322 Y10.02952
G01 X-10.64865 Y10.04798
G01 X-10.63054 Y10.05550
G01 X-10.59300 Y10.06688
G01 X-10.57380 Y10.07069
G01 X-10.53476 Y10.07455
G01 X-10.52498 Y10.07503
G01 X-9.62909 Y10.07503
G01 X-9.37560 Y10.07503
G01 X-9.37497 Y10.07503
G01 X-7.17497 Y10.07503
G01 X-7.17449 Y10.07503
G01 X-7.16519 Y10.07549
G01 X-7.12615 Y10.07935
G01 X-7.11645 Y10.08077
G01 X-7.10695 Y10.08316
G01 X-7.06941 Y10.09454
G01 X-7.05130 Y10.10206
G01 X-7.01673 Y10.12052
G01 X-7.00042 Y10.13142
G01 X-6.97012 Y10.15629
G01 X-6.96286 Y10.16289
G01 X-6.95767 Y10.16805
G01 X-6.94502 Y10.17295
G01 X-6.71018 Y10.27021
G01 X-6.70190 Y10.27277
G01 X-5.13030 Y10.97500
G01 X-5.13073 Y10.97716
G01 X-5.13030 Y10.97500
G01 X-4.67498 Y10.97500
G01 X-4.63596 Y10.97887
G01 X-4.59845 Y10.99025
G01 X-4.56388 Y11.00871
G01 X-4.53357 Y11.03360
G01 X-4.50868 Y11.06391
G01 X-4.49022 Y11.09847
G01 X-4.47884 Y11.13599
G01 X-4.47498 Y11.17500
G01 X-4.47498 Y12.87500
G01 X-4.47884 Y12.91404
G01 X-4.49022 Y12.95156
G01 X-4.50868 Y12.98613
G01 X-4.53357 Y13.01643
G01 X-4.56388 Y13.04129
G01 X-4.59845 Y13.05979
G01 X-4.63596 Y13.07117
G01 X-4.67498 Y13.07500
G01 X-6.37500 Y13.07500
G01 X-6.40972 Y13.07198
G01 X-6.44340 Y13.06296
G01 X-6.47500 Y13.04823
G01 X-6.50355 Y13.02821
G01 X-6.52819 Y13.00358
G01 X-6.54820 Y12.97500
G01 X-6.56293 Y12.94343
G01 X-6.57195 Y12.90975
G01 X-6.57500 Y12.87500
G01 X-6.57500 Y12.41973
G01 X-6.57286 Y12.41927
G01 X-6.57500 Y12.41973
G01 X-7.28498 Y10.83071
G01 X-7.28358 Y10.82974
G01 X-7.28498 Y10.83071
G01 X-7.34068 Y10.77503
G01 X-7.33751 Y10.76741
G01 X-7.34068 Y10.77503
G01 X-7.70956 Y10.77503
G04 P0 ( dwell for no time -- G64 should not smooth over this point )
G00 Z5.00000 ( retract )

G00 X-7.53898 Y8.70000 ( rapid move to begin. )
G01 F150.00000
( Mill infeed pass 1/1 )
G01 Z-0.06000
G04 P0 ( dwell for no time -- G64 should not smooth over this point )
G01 F300.00000
G01 X-7.53898 Y8.70000
G01 X-7.54474 Y8.64148
G01 X-7.56181 Y8.58520
G01 X-7.58955 Y8.53335
G01 X-7.62686 Y8.48789
G01 X-7.67233 Y8.45058
G01 X-7.69206 Y8.44003
G01 X-8.28266 Y8.44003
G01 X-8.29364 Y8.44278
G01 X-8.29603 Y8.44331
G01 X-8.35478 Y8.45502
G01 X-8.35721 Y8.45545
G01 X-8.43560 Y8.46706
G01 X-8.43804 Y8.46736
G01 X-8.49282 Y8.47277
G01 X-8.49529 Y8.47295
G01 X-8.57370 Y8.47699
G01 X-8.57494 Y8.47686
G01 X-8.60174 Y8.47752
G01 X-8.60298 Y8.47755
G01 X-9.36453 Y8.47755
G01 X-9.46437 Y8.48733
G01 X-9.56092 Y8.51578
G01 X-9.62823 Y8.55543
G01 X-9.64416 Y8.58520
G01 X-9.66122 Y8.64148
G01 X-9.66699 Y8.70000
G01 X-9.66699 Y9.20432
G01 X-9.56699 Y9.30432
G01 X-9.55914 Y9.31217
G01 X-9.45988 Y9.38662
G01 X-9.55914 Y9.31217
G01 X-9.56699 Y9.30432
G01 X-9.56699 Y8.70000
G01 X-9.56315 Y8.66099
G01 X-9.55178 Y8.62347
G01 X-9.53328 Y8.58890
G01 X-9.50842 Y8.55860
G01 X-9.47809 Y8.53371
G01 X-9.44352 Y8.51524
G01 X-9.40600 Y8.50386
G01 X-9.36699 Y8.50000
G01 X-7.83898 Y8.50000
G01 X-7.79996 Y8.50386
G01 X-7.76245 Y8.51524
G01 X-7.72788 Y8.53371
G01 X-7.69758 Y8.55860
G01 X-7.67268 Y8.58890
G01 X-7.65422 Y8.62347
G01 X-7.64284 Y8.66099
G01 X-7.63898 Y8.70000
G01 X-7.63898 Y9.30435
G01 X-7.64680 Y9.31217
G01 X-7.74612 Y9.38664
G01 X-7.74091 Y9.36952
G01 X-7.73898 Y9.35001
G01 X-7.73898 Y8.70000
G01 X-7.74091 Y8.68050
G01 X-7.74660 Y8.66175
G01 X-7.75584 Y8.64445
G01 X-7.76829 Y8.62929
G01 X-7.78343 Y8.61687
G01 X-7.80073 Y8.60762
G01 X-7.81947 Y8.60193
G01 X-7.83898 Y8.60000
G01 X-9.36699 Y8.60000
G01 X-9.38650 Y8.60193
G01 X-9.40524 Y8.60762
G01 X-9.42254 Y8.61687
G01 X-9.43770 Y8.62929
G01 X-9.45012 Y8.64445
G01 X-9.45937 Y8.66175
G01 X-9.46506 Y8.68050
G01 X-9.46699 Y8.70000
G01 X-9.46699 Y9.35001
G01 X-9.46506 Y9.36952
G01 X-9.45988 Y9.38662
G01 X-9.45937 Y9.38829
G01 X-9.45012 Y9.40556
G01 X-9.43770 Y9.42073
G01 X-9.42254 Y9.43315
G01 X-9.40524 Y9.44239
G01 X-9.38650 Y9.44808
G01 X-9.36699 Y9.45001
G01 X-7.83898 Y9.45001
G01 X-7.81947 Y9.44808
G01 X-7.80073 Y9.44239
G01 X-7.78343 Y9.43315
G01 X-7.76829 Y9.42073
G01 X-7.75584 Y9.40556
G01 X-7.74660 Y9.38829
G01 X-7.74612 Y9.38664
G01 X-7.64680 Y9.31217
G01 X-7.63898 Y9.30435
G01 X-7.53898 Y9.20435
G01 X-7.53898 Y8.70000
G01 X-7.63898 Y8.70000
G01 X-7.73898 Y8.70000
G04 P0 ( dwell for no time -- G64 should not smooth over this point )
G00 Z5.00000 ( retract )

G00 X-9.57646 Y7.00298 ( rapid move to begin. )
G01 F150.00000
( Mill infeed pass 1/1 )
G01 Z-0.06000
G04 P0 ( dwell for no time -- G64 should not smooth over this point )
G01 F300.00000
G01 X-9.57646 Y7.00298
G01 X-9.57646 Y7.12500
G01 X-9.58408 Y7.12815
G01 X-9.57646 Y7.12500
G01 X-9.54644 Y7.15502
G01 X-9.54959 Y7.16264
G01 X-9.54644 Y7.15502
G01 X-8.79539 Y7.15502
G01 X-8.75919 Y7.16041
G01 X-8.75676 Y7.16071
G01 X-8.70941 Y7.16539
G01 X-8.70695 Y7.16556
G01 X-8.62856 Y7.16942
G01 X-8.62732 Y7.16948
G01 X-8.58170 Y7.17059
G01 X-8.50512 Y7.17435
G01 X-8.46021 Y7.17880
G01 X-8.42513 Y7.18398
G01 X-8.39183 Y7.19409
G01 X-8.35561 Y7.20910
G01 X-8.31650 Y7.23000
G01 X-8.31688 Y7.23193
G01 X-8.31650 Y7.23000
G01 X-7.83898 Y7.23000
G01 X-7.79996 Y7.23386
G01 X-7.76245 Y7.24524
G01 X-7.72788 Y7.26371
G01 X-7.69758 Y7.28860
G01 X-7.67268 Y7.31890
G01 X-7.65422 Y7.35347
G01 X-7.64284 Y7.39099
G01 X-7.63898 Y7.43000
G01 X-7.63898 Y8.08001
G01 X-7.64284 Y8.11903
G01 X-7.65422 Y8.15654
G01 X-7.67268 Y8.19111
G01 X-7.69758 Y8.22144
G01 X-7.72788 Y8.24631
G01 X-7.76245 Y8.26480
G01 X-7.79996 Y8.27618
G01 X-7.83898 Y8.28001
G01 X-8.31642 Y8.28001
G01 X-8.31673 Y8.27836
G01 X-8.31642 Y8.28001
G01 X-8.35561 Y8.30097
G01 X-8.39183 Y8.31598
G01 X-8.46689 Y8.33874
G01 X-8.48592 Y8.34351
G01 X-8.50532 Y8.34638
G01 X-8.58338 Y8.35408
G01 X-8.60298 Y8.35505
G01 X-9.79498 Y8.35505
G01 X-9.81456 Y8.35408
G01 X-9.89262 Y8.34638
G01 X-9.91202 Y8.34351
G01 X-9.93105 Y8.33874
G01 X-10.00611 Y8.31598
G01 X-10.04233 Y8.30097
G01 X-10.11146 Y8.26401
G01 X-10.12830 Y8.25393
G01 X-10.14408 Y8.24222
G01 X-10.20468 Y8.19249
G01 X-10.21924 Y8.17930
G01 X-10.60074 Y7.79780
G01 X-10.61139 Y7.78626
G01 X-10.65215 Y7.73854
G01 X-10.67062 Y7.71314
G01 X-10.70341 Y7.65962
G01 X-10.71766 Y7.63165
G01 X-10.74166 Y7.57367
G01 X-10.75137 Y7.54382
G01 X-10.76602 Y7.48278
G01 X-10.77092 Y7.45180
G01 X-10.77585 Y7.38921
G01 X-10.77649 Y7.37354
G01 X-10.77649 Y4.60989
G01 X-10.77583 Y4.60982
G01 X-10.77649 Y4.60989
G01 X-10.93841 Y3.89691
G01 X-10.95058 Y3.85683
G01 X-10.95533 Y3.83781
G01 X-10.95822 Y3.81838
G01 X-10.96302 Y3.76961
G01 X-10.96399 Y3.75000
G01 X-10.96399 Y2.80001
G01 X-10.96302 Y2.78041
G01 X-10.95822 Y2.73164
G01 X-10.95533 Y2.71223
G01 X-10.95058 Y2.69318
G01 X-10.93636 Y2.64629
G01 X-10.92973 Y2.62780
G01 X-10.92170 Y2.61079
G01 X-10.89853 Y2.59692
G01 X-10.85833 Y2.57535
G01 X-10.81154 Y2.55323
G01 X-10.77943 Y2.53989
G01 X-10.73277 Y2.52321
G01 X-10.72279 Y2.52016
G01 X-10.75421 Y2.54594
G01 X-10.76805 Y2.55981
G01 X-10.79914 Y2.59768
G01 X-10.81004 Y2.61399
G01 X-10.83315 Y2.65719
G01 X-10.83735 Y2.66608
G01 X-10.84065 Y2.67530
G01 X-10.85487 Y2.72221
G01 X-10.85726 Y2.73174
G01 X-10.85871 Y2.74144
G01 X-10.86351 Y2.79021
G01 X-10.86399 Y2.80001
G01 X-10.86399 Y3.75000
G01 X-10.86351 Y3.75980
G01 X-10.85871 Y3.80860
G01 X-10.85726 Y3.81830
G01 X-10.85487 Y3.82783
G01 X-10.84128 Y3.87263
G01 X-10.84105 Y3.87413
G01 X-10.67649 Y4.59867
G01 X-10.67649 Y7.37354
G01 X-10.67616 Y7.38136
G01 X-10.67126 Y7.44395
G01 X-10.66879 Y7.45944
G01 X-10.65414 Y7.52048
G01 X-10.64928 Y7.53541
G01 X-10.62526 Y7.59340
G01 X-10.61814 Y7.60737
G01 X-10.58535 Y7.66089
G01 X-10.57613 Y7.67359
G01 X-10.53537 Y7.72132
G01 X-10.53003 Y7.72708
G01 X-10.14852 Y8.10859
G01 X-10.14126 Y8.11517
G01 X-10.08063 Y8.16493
G01 X-10.06435 Y8.17582
G01 X-9.99518 Y8.21278
G01 X-9.97707 Y8.22027
G01 X-9.90204 Y8.24303
G01 X-9.89252 Y8.24542
G01 X-9.88281 Y8.24687
G01 X-9.80476 Y8.25456
G01 X-9.79498 Y8.25505
G01 X-8.60298 Y8.25505
G01 X-8.59318 Y8.25456
G01 X-8.51513 Y8.24687
G01 X-8.50542 Y8.24542
G01 X-8.49590 Y8.24303
G01 X-8.42087 Y8.22027
G01 X-8.40276 Y8.21278
G01 X-8.34147 Y8.18001
G01 X-7.83898 Y8.18001
G01 X-7.81947 Y8.17808
G01 X-7.80073 Y8.17239
G01 X-7.78343 Y8.16315
G01 X-7.76829 Y8.15073
G01 X-7.75584 Y8.13556
G01 X-7.74660 Y8.11829
G01 X-7.74091 Y8.09952
G01 X-7.73898 Y8.08001
G01 X-7.73898 Y7.43000
G01 X-7.74091 Y7.41050
G01 X-7.74660 Y7.39175
G01 X-7.75584 Y7.37445
G01 X-7.76829 Y7.35929
G01 X-7.78343 Y7.34687
G01 X-7.80073 Y7.33762
G01 X-7.81947 Y7.33193
G01 X-7.83898 Y7.33000
G01 X-8.34154 Y7.33000
G01 X-8.40276 Y7.29729
G01 X-8.42087 Y7.28980
G01 X-8.49590 Y7.26704
G01 X-8.50542 Y7.26465
G01 X-8.51513 Y7.26320
G01 X-8.59318 Y7.25551
G01 X-8.60296 Y7.25502
G01 X-9.58787 Y7.25502
G01 X-9.67646 Y7.16643
G01 X-9.67646 Y4.59879
G01 X-9.52663 Y3.93893
G01 X-8.98665 Y3.77504
G01 X-7.26819 Y3.77504
G01 X-6.47500 Y4.61838
G01 X-6.47500 Y4.87502
G01 X-6.47347 Y4.89237
G01 X-6.46895 Y4.90921
G01 X-6.46159 Y4.92500
G01 X-6.45160 Y4.93928
G01 X-6.43926 Y4.95162
G01 X-6.42498 Y4.96161
G01 X-6.40919 Y4.96897
G01 X-6.39235 Y4.97349
G01 X-6.37500 Y4.97502
G01 X-4.67498 Y4.97502
G01 X-4.65547 Y4.97309
G01 X-4.63672 Y4.96740
G01 X-4.61943 Y4.95815
G01 X-4.60429 Y4.94573
G01 X-4.59184 Y4.93057
G01 X-4.58260 Y4.91327
G01 X-4.57691 Y4.89452
G01 X-4.57498 Y4.87502
G01 X-4.57498 Y3.17502
G01 X-4.57691 Y3.15551
G01 X-4.58260 Y3.13674
G01 X-4.59184 Y3.11945
G01 X-4.60429 Y3.10431
G01 X-4.61943 Y3.09186
G01 X-4.63672 Y3.08262
G01 X-4.65547 Y3.07693
G01 X-4.67498 Y3.07502
G01 X-5.33827 Y3.07502
G01 X-5.34127 Y3.07434
G01 X-5.83779 Y2.99511
G01 X-5.91142 Y2.92148
G01 X-5.91871 Y2.91487
G01 X-5.97932 Y2.86514
G01 X-5.99562 Y2.85424
G01 X-6.06476 Y2.81729
G01 X-6.08287 Y2.80979
G01 X-6.15790 Y2.78704
G01 X-6.17713 Y2.78320
G01 X-6.25519 Y2.77550
G01 X-6.26496 Y2.77502
G01 X-8.98657 Y2.77502
G01 X-9.54946 Y2.60418
G01 X-9.55381 Y2.59768
G01 X-9.58490 Y2.55981
G01 X-9.59877 Y2.54594
G01 X-9.63019 Y2.52016
G01 X-9.63666 Y2.51485
G01 X-9.64454 Y2.50901
G01 X-9.65294 Y2.50395
G01 X-9.69617 Y2.48084
G01 X-9.71428 Y2.47335
G01 X-9.76120 Y2.45912
G01 X-9.78040 Y2.45529
G01 X-9.82919 Y2.45049
G01 X-9.83900 Y2.45000
G01 X-10.51398 Y2.45000
G01 X-10.52378 Y2.45049
G01 X-10.57255 Y2.45529
G01 X-10.59178 Y2.45912
G01 X-10.63869 Y2.47335
G01 X-10.65680 Y2.48084
G01 X-10.70001 Y2.50395
G01 X-10.70844 Y2.50901
G01 X-10.71631 Y2.51485
G01 X-10.72279 Y2.52016
G01 X-10.73277 Y2.52321
G01 X-10.77943 Y2.53989
G01 X-10.81154 Y2.55323
G01 X-10.85833 Y2.57535
G01 X-10.89853 Y2.59692
G01 X-10.92170 Y2.61079
G01 X-10.94542 Y2.62501
G01 X-10.99747 Y2.65991
G01 X-11.03399 Y2.68701
G01 X-11.04466 Y2.72940
G01 X-11.05408 Y2.77594
G01 X-11.05977 Y2.80817
G01 X-11.06399 Y2.83598
G01 X-11.06399 Y3.75000
G01 X-11.06254 Y3.77941
G01 X-11.05774 Y3.82818
G01 X-11.05342 Y3.85732
G01 X-11.04626 Y3.88587
G01 X-11.03514 Y3.92254
G01 X-10.87649 Y4.62109
G01 X-10.87583 Y4.62102
G01 X-10.87649 Y4.62109
G01 X-10.87649 Y7.37354
G01 X-10.87555 Y7.39706
G01 X-10.87062 Y7.45965
G01 X-10.86325 Y7.50613
G01 X-10.84860 Y7.56716
G01 X-10.83407 Y7.61194
G01 X-10.81004 Y7.66993
G01 X-10.78868 Y7.71187
G01 X-10.75586 Y7.76538
G01 X-10.72820 Y7.80348
G01 X-10.68744 Y7.85121
G01 X-10.67146 Y7.86851
G01 X-10.28995 Y8.25002
G01 X-10.26813 Y8.26978
G01 X-10.20750 Y8.31954
G01 X-10.18385 Y8.33706
G01 X-10.15861 Y8.35220
G01 X-10.08947 Y8.38916
G01 X-10.03514 Y8.41166
G01 X-9.96008 Y8.43442
G01 X-9.93153 Y8.44158
G01 X-9.90240 Y8.44590
G01 X-9.82437 Y8.45360
G01 X-9.79498 Y8.45505
G01 X-9.65485 Y8.45505
G01 X-9.60636 Y8.42647
G01 X-9.60087 Y8.42368
G01 X-9.59511 Y8.42159
G01 X-9.48810 Y8.39007
G01 X-9.48833 Y8.38921
G01 X-9.48810 Y8.39007
G01 X-9.47885 Y8.38827
G01 X-9.37187 Y8.37778
G01 X-9.36699 Y8.37752
G01 X-8.60359 Y8.37752
G01 X-8.57802 Y8.37692
G01 X-8.50143 Y8.37313
G01 X-8.44906 Y8.36797
G01 X-8.37309 Y8.35670
G01 X-8.31678 Y8.34547
G01 X-8.30098 Y8.34151
G01 X-8.29496 Y8.34039
G01 X-8.28884 Y8.34001
G01 X-7.69209 Y8.34001
G01 X-7.67233 Y8.32944
G01 X-7.62686 Y8.29216
G01 X-7.58955 Y8.24669
G01 X-7.56181 Y8.19482
G01 X-7.54474 Y8.13854
G01 X-7.53898 Y8.08001
G01 X-7.53898 Y7.43000
G01 X-7.54474 Y7.37148
G01 X-7.56181 Y7.31520
G01 X-7.58404 Y7.27364
G01 X-7.58874 Y7.27072
G01 X-7.71477 Y7.22345
G01 X-7.84208 Y7.20755
G01 X-8.29831 Y7.20755
G01 X-8.30443 Y7.20717
G01 X-8.31048 Y7.20605
G01 X-8.33555 Y7.19975
G01 X-8.38421 Y7.19005
G01 X-8.42513 Y7.18398
G01 X-8.46021 Y7.17880
G01 X-8.50512 Y7.17435
G01 X-8.58170 Y7.17059
G01 X-8.62732 Y7.16948
G01 X-8.62856 Y7.16942
G01 X-8.70695 Y7.16556
G01 X-8.70941 Y7.16539
G01 X-8.75676 Y7.16071
G01 X-8.75919 Y7.16041
G01 X-8.79539 Y7.15502
G01 X-8.83760 Y7.14877
G01 X-8.84004 Y7.14834
G01 X-8.89112 Y7.13816
G01 X-8.89348 Y7.13762
G01 X-8.91385 Y7.13252
G01 X-9.36699 Y7.13254
G01 X-9.37258 Y7.13221
G01 X-9.49567 Y7.11832
G01 X-9.49640 Y7.12050
G01 X-9.49567 Y7.11832
G01 X-9.50395 Y7.11667
G01 X-9.51185 Y7.11362
G01 X-9.51911 Y7.10933
G01 X-9.52556 Y7.10384
G01 X-9.53097 Y7.09734
G01 X-9.53430 Y7.10036
G01 X-9.53097 Y7.09734
G01 X-9.53524 Y7.09005
G01 X-9.57646 Y7.00298
G01 X-9.59648 Y6.96074
G01 X-9.59907 Y6.95408
G01 X-9.60001 Y6.95436
G01 X-9.59907 Y6.95408
G01 X-9.60070 Y6.94712
G01 X-9.62109 Y6.81784
G01 X-9.62173 Y6.81004
G01 X-9.62201 Y6.81004
G01 X-9.62173 Y6.81004
G01 X-9.62173 Y6.16000
G01 X-9.62236 Y6.15995
G01 X-9.62173 Y6.16000
G01 X-9.62084 Y6.15071
G01 X-9.59150 Y5.99572
G01 X-9.58932 Y5.98779
G01 X-9.58586 Y5.98032
G01 X-9.57646 Y5.96379
G01 X-9.51187 Y5.85002
G01 X-9.57646 Y5.73623
G01 X-9.57646 Y5.96379
G01 X-9.57646 Y5.73623
G01 X-9.58586 Y5.71972
G01 X-9.58932 Y5.71225
G01 X-9.59150 Y5.70433
G01 X-9.62084 Y5.54934
G01 X-9.62173 Y5.54001
G01 X-9.62236 Y5.54009
G01 X-9.62173 Y5.54001
G01 X-9.62173 Y4.89000
G01 X-9.62203 Y4.89000
G01 X-9.62173 Y4.89000
G01 X-9.62104 Y4.88190
G01 X-9.59887 Y4.74708
G01 X-9.59968 Y4.74682
G01 X-9.59887 Y4.74708
G01 X-9.59711 Y4.73989
G01 X-9.59435 Y4.73306
G01 X-9.57646 Y4.69686
G01 X-9.50138 Y4.77067
G01 X-9.52170 Y4.89409
G01 X-9.52170 Y5.53534
G01 X-9.49480 Y5.67756
G01 X-9.47880 Y5.70572
G01 X-9.47809 Y5.70631
G01 X-9.44352 Y5.72480
G01 X-9.40600 Y5.73618
G01 X-9.36699 Y5.74001
G01 X-7.83898 Y5.74001
G01 X-7.79996 Y5.73618
G01 X-7.76245 Y5.72480
G01 X-7.72788 Y5.70631
G01 X-7.69758 Y5.68144
G01 X-7.67268 Y5.65111
G01 X-7.65422 Y5.61654
G01 X-7.64284 Y5.57903
G01 X-7.63898 Y5.54001
G01 X-7.63898 Y4.89000
G01 X-7.64284 Y4.85099
G01 X-7.65422 Y4.81347
G01 X-7.67268 Y4.77890
G01 X-7.69758 Y4.74860
G01 X-7.72788 Y4.72371
G01 X-7.76245 Y4.70524
G01 X-7.79996 Y4.69386
G01 X-7.83898 Y4.69000
G01 X-9.36699 Y4.69000
G01 X-9.40600 Y4.69386
G01 X-9.44352 Y4.70524
G01 X-9.47809 Y4.72371
G01 X-9.50138 Y4.77067
G01 X-9.52170 Y4.89409
G01 X-9.52170 Y5.53534
G01 X-9.49480 Y5.67756
G01 X-9.47880 Y5.70572
G01 X-9.42526 Y5.80001
G01 X-8.92315 Y5.80001
G01 X-8.91228 Y5.79729
G01 X-8.90992 Y5.79676
G01 X-8.85117 Y5.78505
G01 X-8.84873 Y5.78464
G01 X-8.77032 Y5.77301
G01 X-8.76788 Y5.77270
G01 X-8.71309 Y5.76729
G01 X-8.71065 Y5.76712
G01 X-8.63224 Y5.76326
G01 X-8.63103 Y5.76320
G01 X-8.60420 Y5.76254
G01 X-8.60298 Y5.76252
G01 X-7.84208 Y5.76252
G01 X-7.71475 Y5.74662
G01 X-7.58871 Y5.69935
G01 X-7.58409 Y5.69645
G01 X-7.56181 Y5.65482
G01 X-7.54474 Y5.59854
G01 X-7.53898 Y5.54001
G01 X-7.53898 Y4.89000
G01 X-7.63898 Y4.89000
G01 X-7.73898 Y4.89000
G01 X-7.73898 Y5.54001
G01 X-7.74091 Y5.55952
G01 X-7.74660 Y5.57829
G01 X-7.75584 Y5.59556
G01 X-7.76829 Y5.61073
G01 X-7.78343 Y5.62315
G01 X-7.80073 Y5.63239
G01 X-7.81947 Y5.63808
G01 X-7.83898 Y5.64001
G01 X-9.36699 Y5.64001
G01 X-9.38650 Y5.63808
G01 X-9.40524 Y5.63239
G01 X-9.42254 Y5.62315
G01 X-9.43770 Y5.61073
G01 X-9.45012 Y5.59556
G01 X-9.45937 Y5.57829
G01 X-9.46506 Y5.55952
G01 X-9.46699 Y5.54001
G01 X-9.46699 Y4.89000
G01 X-9.46506 Y4.87050
G01 X-9.45937 Y4.85175
G01 X-9.45012 Y4.83445
G01 X-9.43770 Y4.81929
G01 X-9.42254 Y4.80687
G01 X-9.40524 Y4.79762
G01 X-9.38650 Y4.79193
G01 X-9.36699 Y4.79000
G01 X-7.83898 Y4.79000
G01 X-7.81947 Y4.79193
G01 X-7.80073 Y4.79762
G01 X-7.78343 Y4.80687
G01 X-7.76829 Y4.81929
G01 X-7.75584 Y4.83445
G01 X-7.74660 Y4.85175
G01 X-7.74091 Y4.87050
G01 X-7.73898 Y4.89000
G01 X-7.63898 Y4.89000
G01 X-7.53898 Y4.89000
G01 X-7.54474 Y4.83148
G01 X-7.56181 Y4.77520
G01 X-7.58955 Y4.72335
G01 X-7.62686 Y4.67789
G01 X-7.67233 Y4.64058
G01 X-7.72419 Y4.61284
G01 X-7.78046 Y4.59577
G01 X-7.83898 Y4.59000
G01 X-9.36699 Y4.59000
G01 X-9.38104 Y4.59140
G01 X-9.44195 Y4.65030
G01 X-9.50138 Y4.77067
G01 X-9.57646 Y4.69686
G01 X-9.52777 Y4.59823
G01 X-9.52333 Y4.59089
G01 X-9.52445 Y4.59008
G01 X-9.52333 Y4.59089
G01 X-9.51769 Y4.58444
G01 X-9.45419 Y4.52302
G01 X-9.35731 Y4.09653
G01 X-9.36879 Y4.08586
G01 X-9.35731 Y4.09653
G01 X-8.95696 Y3.97504
G01 X-8.95714 Y3.97395
G01 X-8.95696 Y3.97504
G01 X-7.35465 Y3.97504
G01 X-7.35109 Y3.96681
G01 X-7.35465 Y3.97504
G01 X-6.67500 Y4.69765
G01 X-6.66796 Y4.69486
G01 X-6.67500 Y4.69765
G01 X-6.67500 Y4.87502
G01 X-6.67043 Y4.92711
G01 X-6.65689 Y4.97761
G01 X-6.63479 Y5.02500
G01 X-6.60479 Y5.06785
G01 X-6.56783 Y5.10484
G01 X-6.52498 Y5.13481
G01 X-6.47759 Y5.15693
G01 X-6.42709 Y5.17044
G01 X-6.37500 Y5.17502
G01 X-4.67498 Y5.17502
G01 X-4.61645 Y5.16925
G01 X-4.56019 Y5.15218
G01 X-4.50833 Y5.12445
G01 X-4.46286 Y5.08713
G01 X-4.42555 Y5.04169
G01 X-4.39781 Y4.98983
G01 X-4.38074 Y4.93354
G01 X-4.37498 Y4.87502
G01 X-4.37498 Y3.17502
G01 X-4.47498 Y3.17502
G01 X-4.57498 Y3.17502
G01 X-4.47498 Y3.17502
G01 X-4.37498 Y3.17502
G01 X-4.38074 Y3.11647
G01 X-4.39781 Y3.06021
G01 X-4.42555 Y3.00835
G01 X-4.46286 Y2.96288
G01 X-4.50833 Y2.92557
G01 X-4.56019 Y2.89786
G01 X-4.61645 Y2.88079
G01 X-4.67498 Y2.87502
G01 X-5.32113 Y2.87502
G01 X-5.32115 Y2.87530
G01 X-5.32113 Y2.87502
G01 X-5.74223 Y2.80781
G01 X-5.74404 Y2.81160
G01 X-5.74223 Y2.80781
G01 X-5.77002 Y2.78005
G01 X-5.79181 Y2.76029
G01 X-5.84142 Y2.71957
G01 X-5.90147 Y2.70131
G01 X-5.97746 Y2.68229
G01 X-6.03436 Y2.67093
G01 X-6.11033 Y2.65965
G01 X-6.16319 Y2.65445
G01 X-6.23979 Y2.65066
G01 X-6.26560 Y2.65005
G01 X-8.96059 Y2.65005
G01 X-8.96062 Y2.65031
G01 X-8.96059 Y2.65005
G01 X-8.96793 Y2.64949
G01 X-9.49971 Y2.57058
G01 X-9.50689 Y2.56898
G01 X-9.51375 Y2.56631
G01 X-9.54141 Y2.55323
G01 X-9.57352 Y2.53989
G01 X-9.62018 Y2.52321
G01 X-9.63019 Y2.52016
G01 X-9.62018 Y2.52321
G01 X-9.57352 Y2.53989
G01 X-9.54141 Y2.55323
G01 X-9.51375 Y2.56631
G01 X-9.50689 Y2.56898
G01 X-9.50717 Y2.56994
G01 X-9.50689 Y2.56898
G01 X-9.49971 Y2.57058
G01 X-9.13999 Y2.62397
G01 X-8.97174 Y2.67502
G01 X-8.97189 Y2.67611
G01 X-8.97174 Y2.67502
G01 X-6.26496 Y2.67502
G01 X-6.24538 Y2.67599
G01 X-6.16735 Y2.68368
G01 X-6.12890 Y2.69133
G01 X-6.05384 Y2.71409
G01 X-6.01762 Y2.72910
G01 X-5.94848 Y2.76606
G01 X-5.91587 Y2.78785
G01 X-5.85526 Y2.83758
G01 X-5.84071 Y2.85076
G01 X-5.79001 Y2.90146
G01 X-5.79186 Y2.90532
G01 X-5.79001 Y2.90146
G01 X-5.32905 Y2.97502
G01 X-5.32908 Y2.97530
G01 X-5.32905 Y2.97502
G01 X-4.67498 Y2.97502
G01 X-4.63596 Y2.97886
G01 X-4.59845 Y2.99024
G01 X-4.56388 Y3.00873
G01 X-4.53357 Y3.03359
G01 X-4.50868 Y3.06390
G01 X-4.49022 Y3.09847
G01 X-4.47884 Y3.13601
G01 X-4.47498 Y3.17502
G01 X-4.47498 Y4.87502
G01 X-4.47884 Y4.91403
G01 X-4.49022 Y4.95155
G01 X-4.50868 Y4.98612
G01 X-4.53357 Y5.01644
G01 X-4.56388 Y5.04131
G01 X-4.59845 Y5.05978
G01 X-4.63596 Y5.07118
G01 X-4.67498 Y5.07502
G01 X-6.37500 Y5.07502
G01 X-6.40972 Y5.07197
G01 X-6.44340 Y5.06295
G01 X-6.47500 Y5.04822
G01 X-6.50355 Y5.02823
G01 X-6.52819 Y5.00357
G01 X-6.54820 Y4.97502
G01 X-6.56293 Y4.94342
G01 X-6.57195 Y4.90974
G01 X-6.57500 Y4.87502
G01 X-6.57500 Y4.65800
G01 X-6.56880 Y4.65541
G01 X-6.57500 Y4.65800
G01 X-7.31142 Y3.87504
G01 X-7.30789 Y3.86682
G01 X-7.31142 Y3.87504
G01 X-8.97182 Y3.87504
G01 X-8.97197 Y3.87395
G01 X-8.97182 Y3.87504
G01 X-9.44197 Y4.01772
G01 X-9.45343 Y4.00705
G01 X-9.44197 Y4.01772
G01 X-9.57646 Y4.60999
G01 X-9.57710 Y4.60994
G01 X-9.57646 Y4.60999
G01 X-9.57646 Y4.69686
G04 P0 ( dwell for no time -- G64 should not smooth over this point )
G00 Z5.00000 ( retract )

G00 X-15.12499 Y2.82501 ( rapid move to begin. )
G01 F150.00000
( Mill infeed pass 1/1 )
G01 Z-0.06000
G04 P0 ( dwell for no time -- G64 should not smooth over this point )
G01 F300.00000
G01 X-15.12499 Y2.82501
G01 X-15.12499 Y3.72501
G01 X-15.12644 Y3.75442
G01 X-15.13124 Y3.80319
G01 X-15.13556 Y3.83232
G01 X-15.14270 Y3.86087
G01 X-15.15695 Y3.90776
G01 X-15.17945 Y3.96209
G01 X-15.20254 Y4.00532
G01 X-15.21768 Y4.03057
G01 X-15.23523 Y4.05422
G01 X-15.26632 Y4.09211
G01 X-15.30790 Y4.13369
G01 X-15.34577 Y4.16478
G01 X-15.36942 Y4.18231
G01 X-15.39466 Y4.19745
G01 X-15.43790 Y4.22056
G01 X-15.49223 Y4.24307
G01 X-15.53914 Y4.25729
G01 X-15.56769 Y4.26445
G01 X-15.59680 Y4.26877
G01 X-15.64559 Y4.27357
G01 X-15.67498 Y4.27502
G01 X-16.37498 Y4.27502
G01 X-16.40439 Y4.27357
G01 X-16.45316 Y4.26877
G01 X-16.48229 Y4.26445
G01 X-16.51084 Y4.25729
G01 X-16.55776 Y4.24307
G01 X-16.61209 Y4.22056
G01 X-16.65529 Y4.19745
G01 X-16.68054 Y4.18231
G01 X-16.70419 Y4.16478
G01 X-16.73784 Y4.13717
G01 X-16.73721 Y4.13590
G01 X-16.73784 Y4.13717
G01 X-16.89987 Y4.08785
G01 X-16.89987 Y4.08330
G01 X-16.89987 Y4.08785
G01 X-17.06250 Y4.13748
G01 X-17.06314 Y4.13621
G01 X-17.06250 Y4.13748
G01 X-17.09578 Y4.16478
G01 X-17.11943 Y4.18231
G01 X-17.14467 Y4.19745
G01 X-17.18790 Y4.22056
G01 X-17.24224 Y4.24307
G01 X-17.28912 Y4.25729
G01 X-17.31770 Y4.26445
G01 X-17.34681 Y4.26877
G01 X-17.39558 Y4.27357
G01 X-17.42499 Y4.27502
G01 X-18.12499 Y4.27502
G01 X-18.15440 Y4.27357
G01 X-18.20317 Y4.26877
G01 X-18.23228 Y4.26445
G01 X-18.26085 Y4.25729
G01 X-18.30774 Y4.24307
G01 X-18.36207 Y4.22056
G01 X-18.40530 Y4.19745
G01 X-18.43055 Y4.18231
G01 X-18.45420 Y4.16478
G01 X-18.49209 Y4.13369
G01 X-18.53367 Y4.09211
G01 X-18.56476 Y4.05422
G01 X-18.58229 Y4.03057
G01 X-18.59743 Y4.00532
G01 X-18.62054 Y3.96209
G01 X-18.64305 Y3.90776
G01 X-18.65727 Y3.86087
G01 X-18.66441 Y3.83232
G01 X-18.66875 Y3.80319
G01 X-18.67355 Y3.75442
G01 X-18.67500 Y3.72501
G01 X-18.67500 Y2.82501
G01 X-18.67355 Y2.79560
G01 X-18.66875 Y2.74683
G01 X-18.66441 Y2.71772
G01 X-18.65727 Y2.68914
G01 X-18.64305 Y2.64226
G01 X-18.62054 Y2.58793
G01 X-18.59743 Y2.54469
G01 X-18.58229 Y2.51945
G01 X-18.56476 Y2.49580
G01 X-18.53367 Y2.45793
G01 X-18.49209 Y2.41632
G01 X-18.45420 Y2.38523
G01 X-18.43055 Y2.36771
G01 X-18.40530 Y2.35257
G01 X-18.36207 Y2.32945
G01 X-18.30774 Y2.30695
G01 X-18.26085 Y2.29273
G01 X-18.23228 Y2.28559
G01 X-18.20317 Y2.28127
G01 X-18.15440 Y2.27644
G01 X-18.12499 Y2.27502
G01 X-17.42499 Y2.27502
G01 X-17.39558 Y2.27644
G01 X-17.34681 Y2.28127
G01 X-17.31770 Y2.28559
G01 X-17.28912 Y2.29273
G01 X-17.24224 Y2.30695
G01 X-17.18790 Y2.32945
G01 X-17.14467 Y2.35257
G01 X-17.11943 Y2.36771
G01 X-17.09578 Y2.38523
G01 X-17.06207 Y2.41289
G01 X-17.06271 Y2.41416
G01 X-17.06207 Y2.41289
G01 X-16.90007 Y2.46222
G01 X-16.90007 Y2.46677
G01 X-16.90007 Y2.46222
G01 X-16.73756 Y2.41261
G01 X-16.73711 Y2.41358
G01 X-16.73756 Y2.41261
G01 X-16.70419 Y2.38523
G01 X-16.68054 Y2.36771
G01 X-16.65529 Y2.35257
G01 X-16.61209 Y2.32945
G01 X-16.55776 Y2.30695
G01 X-16.51084 Y2.29273
G01 X-16.48229 Y2.28559
G01 X-16.45316 Y2.28127
G01 X-16.40439 Y2.27644
G01 X-16.37498 Y2.27502
G01 X-15.67498 Y2.27502
G01 X-15.64559 Y2.27644
G01 X-15.59680 Y2.28127
G01 X-15.56769 Y2.28559
G01 X-15.53914 Y2.29273
G01 X-15.49223 Y2.30695
G01 X-15.43790 Y2.32945
G01 X-15.39466 Y2.35257
G01 X-15.36942 Y2.36771
G01 X-15.34577 Y2.38523
G01 X-15.30790 Y2.41632
G01 X-15.26632 Y2.45793
G01 X-15.23523 Y2.49580
G01 X-15.21768 Y2.51945
G01 X-15.20254 Y2.54469
G01 X-15.17945 Y2.58793
G01 X-15.15695 Y2.64226
G01 X-15.14270 Y2.68914
G01 X-15.13556 Y2.71772
G01 X-15.13124 Y2.74683
G01 X-15.12644 Y2.79560
G01 X-15.12499 Y2.82501
G01 X-15.22499 Y2.82501
G01 X-15.22499 Y3.72501
G01 X-15.22596 Y3.74462
G01 X-15.23076 Y3.79338
G01 X-15.23363 Y3.81281
G01 X-15.23840 Y3.83184
G01 X-15.25263 Y3.87875
G01 X-15.26764 Y3.91497
G01 X-15.29073 Y3.95818
G01 X-15.30084 Y3.97502
G01 X-15.31252 Y3.99079
G01 X-15.34361 Y4.02866
G01 X-15.37132 Y4.05640
G01 X-15.40922 Y4.08749
G01 X-15.42499 Y4.09917
G01 X-15.44181 Y4.10926
G01 X-15.48504 Y4.13237
G01 X-15.52126 Y4.14736
G01 X-15.56815 Y4.16161
G01 X-15.58720 Y4.16636
G01 X-15.60660 Y4.16925
G01 X-15.65540 Y4.17405
G01 X-15.67498 Y4.17502
G01 X-16.37498 Y4.17502
G01 X-16.39459 Y4.17405
G01 X-16.44335 Y4.16925
G01 X-16.46279 Y4.16636
G01 X-16.48181 Y4.16161
G01 X-16.52872 Y4.14736
G01 X-16.56494 Y4.13237
G01 X-16.60815 Y4.10926
G01 X-16.62499 Y4.09917
G01 X-16.64076 Y4.08749
G01 X-16.67863 Y4.05640
G01 X-16.68783 Y4.04807
G01 X-16.68694 Y4.04639
G01 X-16.68783 Y4.04807
G01 X-16.89997 Y3.98332
G01 X-16.89997 Y3.97878
G01 X-16.89997 Y3.98332
G01 X-17.11341 Y4.04845
G01 X-17.11432 Y4.04672
G01 X-17.11341 Y4.04845
G01 X-17.12133 Y4.05640
G01 X-17.15923 Y4.08749
G01 X-17.17498 Y4.09917
G01 X-17.19182 Y4.10926
G01 X-17.23505 Y4.13237
G01 X-17.27127 Y4.14736
G01 X-17.31816 Y4.16161
G01 X-17.33721 Y4.16636
G01 X-17.35661 Y4.16925
G01 X-17.40538 Y4.17405
G01 X-17.42499 Y4.17502
G01 X-18.12499 Y4.17502
G01 X-18.14460 Y4.17405
G01 X-18.19336 Y4.16925
G01 X-18.21277 Y4.16636
G01 X-18.23182 Y4.16161
G01 X-18.27871 Y4.14736
G01 X-18.31493 Y4.13237
G01 X-18.35816 Y4.10926
G01 X-18.37500 Y4.09917
G01 X-18.39075 Y4.08749
G01 X-18.42864 Y4.05640
G01 X-18.45636 Y4.02866
G01 X-18.48744 Y3.99079
G01 X-18.49915 Y3.97502
G01 X-18.50924 Y3.95818
G01 X-18.53235 Y3.91497
G01 X-18.54734 Y3.87875
G01 X-18.56156 Y3.83184
G01 X-18.56634 Y3.81281
G01 X-18.56923 Y3.79338
G01 X-18.57403 Y3.74462
G01 X-18.57500 Y3.72501
G01 X-18.57500 Y2.82501
G01 X-18.57403 Y2.80540
G01 X-18.56923 Y2.75663
G01 X-18.56634 Y2.73723
G01 X-18.56156 Y2.71818
G01 X-18.54734 Y2.67129
G01 X-18.53235 Y2.63507
G01 X-18.50924 Y2.59184
G01 X-18.49915 Y2.57500
G01 X-18.48744 Y2.55925
G01 X-18.45636 Y2.52135
G01 X-18.42864 Y2.49364
G01 X-18.39075 Y2.46255
G01 X-18.37500 Y2.45084
G01 X-18.35816 Y2.44076
G01 X-18.31493 Y2.41767
G01 X-18.27871 Y2.40266
G01 X-18.23182 Y2.38843
G01 X-18.21277 Y2.38366
G01 X-18.19336 Y2.38079
G01 X-18.14460 Y2.37599
G01 X-18.12499 Y2.37502
G01 X-17.42499 Y2.37502
G01 X-17.40538 Y2.37599
G01 X-17.35661 Y2.38079
G01 X-17.33721 Y2.38366
G01 X-17.31816 Y2.38843
G01 X-17.27127 Y2.40266
G01 X-17.23505 Y2.41767
G01 X-17.19182 Y2.44076
G01 X-17.17498 Y2.45084
G01 X-17.15923 Y2.46255
G01 X-17.12133 Y2.49364
G01 X-17.11211 Y2.50200
G01 X-17.11262 Y2.50306
G01 X-17.11211 Y2.50200
G01 X-16.89997 Y2.56674
G01 X-16.89997 Y2.57129
G01 X-16.89997 Y2.56674
G01 X-16.68788 Y2.50202
G01 X-16.68737 Y2.50306
G01 X-16.68788 Y2.50202
G01 X-16.67863 Y2.49364
G01 X-16.64076 Y2.46255
G01 X-16.62499 Y2.45084
G01 X-16.60815 Y2.44076
G01 X-16.56494 Y2.41767
G01 X-16.52872 Y2.40266
G01 X-16.48181 Y2.38843
G01 X-16.46279 Y2.38366
G01 X-16.44335 Y2.38079
G01 X-16.39459 Y2.37599
G01 X-16.37498 Y2.37502
G01 X-15.67498 Y2.37502
G01 X-15.65540 Y2.37599
G01 X-15.60660 Y2.38079
G01 X-15.58720 Y2.38366
G01 X-15.56815 Y2.38843
G01 X-15.52126 Y2.40266
G01 X-15.48504 Y2.41767
G01 X-15.44181 Y2.44076
G01 X-15.42499 Y2.45084
G01 X-15.40922 Y2.46255
G01 X-15.37132 Y2.49364
G01 X-15.34361 Y2.52135
G01 X-15.31252 Y2.55925
G01 X-15.30084 Y2.57500
G01 X-15.29073 Y2.59184
G01 X-15.26764 Y2.63507
G01 X-15.25263 Y2.67129
G01 X-15.23840 Y2.71818
G01 X-15.23363 Y2.73723
G01 X-15.23076 Y2.75663
G01 X-15.22596 Y2.80540
G01 X-15.22499 Y2.82501
G01 X-15.32499 Y2.82501
G01 X-15.32548 Y2.81520
G01 X-15.33028 Y2.76644
G01 X-15.33172 Y2.75673
G01 X-15.33409 Y2.74721
G01 X-15.34833 Y2.70032
G01 X-15.35583 Y2.68221
G01 X-15.37892 Y2.63898
G01 X-15.38397 Y2.63057
G01 X-15.38981 Y2.62267
G01 X-15.42090 Y2.58480
G01 X-15.43477 Y2.57093
G01 X-15.47267 Y2.53984
G01 X-15.48054 Y2.53400
G01 X-15.48895 Y2.52895
G01 X-15.53218 Y2.50586
G01 X-15.55029 Y2.49834
G01 X-15.59718 Y2.48412
G01 X-15.60670 Y2.48173
G01 X-15.61641 Y2.48031
G01 X-15.66517 Y2.47550
G01 X-15.67498 Y2.47502
G01 X-16.37498 Y2.47502
G01 X-16.38478 Y2.47550
G01 X-16.43355 Y2.48031
G01 X-16.44328 Y2.48173
G01 X-16.45278 Y2.48412
G01 X-16.49969 Y2.49834
G01 X-16.51780 Y2.50586
G01 X-16.56101 Y2.52895
G01 X-16.56944 Y2.53400
G01 X-16.57731 Y2.53984
G01 X-16.61521 Y2.57093
G01 X-16.62248 Y2.57754
G01 X-16.62905 Y2.58480
G01 X-16.63324 Y2.58988
G01 X-16.89997 Y2.67129
G01 X-17.16675 Y2.58988
G01 X-17.17091 Y2.58480
G01 X-17.17749 Y2.57754
G01 X-17.18478 Y2.57093
G01 X-17.22265 Y2.53984
G01 X-17.23053 Y2.53400
G01 X-17.23896 Y2.52895
G01 X-17.28219 Y2.50586
G01 X-17.30030 Y2.49834
G01 X-17.34719 Y2.48412
G01 X-17.35671 Y2.48173
G01 X-17.36642 Y2.48031
G01 X-17.41518 Y2.47550
G01 X-17.42499 Y2.47502
G01 X-18.12499 Y2.47502
G01 X-18.13479 Y2.47550
G01 X-18.18356 Y2.48031
G01 X-18.19326 Y2.48173
G01 X-18.20279 Y2.48412
G01 X-18.24968 Y2.49834
G01 X-18.26779 Y2.50586
G01 X-18.31102 Y2.52895
G01 X-18.31945 Y2.53400
G01 X-18.32732 Y2.53984
G01 X-18.36519 Y2.57093
G01 X-18.37906 Y2.58480
G01 X-18.41015 Y2.62267
G01 X-18.41599 Y2.63057
G01 X-18.42105 Y2.63898
G01 X-18.44414 Y2.68221
G01 X-18.45166 Y2.70032
G01 X-18.46588 Y2.74721
G01 X-18.46827 Y2.75673
G01 X-18.46969 Y2.76644
G01 X-18.47452 Y2.81520
G01 X-18.47500 Y2.82501
G01 X-18.47500 Y3.72501
G01 X-18.47452 Y3.73481
G01 X-18.46969 Y3.78358
G01 X-18.46827 Y3.79328
G01 X-18.46588 Y3.80281
G01 X-18.45166 Y3.84972
G01 X-18.44414 Y3.86783
G01 X-18.42105 Y3.91104
G01 X-18.41599 Y3.91947
G01 X-18.41015 Y3.92734
G01 X-18.37906 Y3.96524
G01 X-18.36519 Y3.97908
G01 X-18.32732 Y4.01017
G01 X-18.31945 Y4.01601
G01 X-18.31102 Y4.02107
G01 X-18.26779 Y4.04418
G01 X-18.24968 Y4.05168
G01 X-18.20279 Y4.06590
G01 X-18.19326 Y4.06829
G01 X-18.18356 Y4.06974
G01 X-18.13479 Y4.07454
G01 X-18.12499 Y4.07502
G01 X-17.42499 Y4.07502
G01 X-17.41518 Y4.07454
G01 X-17.36642 Y4.06974
G01 X-17.35671 Y4.06829
G01 X-17.34719 Y4.06590
G01 X-17.30030 Y4.05168
G01 X-17.28219 Y4.04418
G01 X-17.23896 Y4.02107
G01 X-17.23053 Y4.01601
G01 X-17.22265 Y4.01017
G01 X-17.18478 Y3.97908
G01 X-17.17091 Y3.96524
G01 X-17.16677 Y3.96021
G01 X-16.89997 Y3.87878
G01 X-16.63319 Y3.96019
G01 X-16.62905 Y3.96524
G01 X-16.62248 Y3.97250
G01 X-16.61521 Y3.97908
G01 X-16.57731 Y4.01017
G01 X-16.56944 Y4.01601
G01 X-16.56101 Y4.02107
G01 X-16.51780 Y4.04418
G01 X-16.49969 Y4.05168
G01 X-16.45278 Y4.06590
G01 X-16.44328 Y4.06829
G01 X-16.43355 Y4.06974
G01 X-16.38478 Y4.07454
G01 X-16.37498 Y4.07502
G01 X-15.67498 Y4.07502
G01 X-15.66517 Y4.07454
G01 X-15.61641 Y4.06974
G01 X-15.60670 Y4.06829
G01 X-15.59718 Y4.06590
G01 X-15.55029 Y4.05168
G01 X-15.53218 Y4.04418
G01 X-15.48895 Y4.02107
G01 X-15.48054 Y4.01601
G01 X-15.47267 Y4.01017
G01 X-15.43477 Y3.97908
G01 X-15.42090 Y3.96524
G01 X-15.38981 Y3.92734
G01 X-15.38397 Y3.91947
G01 X-15.37892 Y3.91104
G01 X-15.35583 Y3.86783
G01 X-15.34833 Y3.84972
G01 X-15.33409 Y3.80281
G01 X-15.33172 Y3.79328
G01 X-15.33028 Y3.78358
G01 X-15.32548 Y3.73481
G01 X-15.32499 Y3.72501
G01 X-15.32499 Y2.82501
G04 P0 ( dwell for no time -- G64 should not smooth over this point )
G00 Z5.00000 ( retract )

G00 X-18.92125 Y6.47501 ( rapid move to begin. )
G01 F150.00000
( Mill infeed pass 1/1 )
G01 Z-0.06000
G04 P0 ( dwell for no time -- G64 should not smooth over this point )
G01 F300.00000
G01 X-18.92125 Y6.47501
G01 X-20.32498 Y6.47501
G01 X-20.33844 Y6.47369
G01 X-20.39140 Y6.40308
G01 X-20.41073 Y6.32569
G01 X-20.40814 Y6.33056
G01 X-20.39570 Y6.34573
G01 X-20.38053 Y6.35815
G01 X-20.36326 Y6.36739
G01 X-20.34449 Y6.37308
G01 X-20.32498 Y6.37501
G01 X-18.72499 Y6.37501
G01 X-18.70548 Y6.37308
G01 X-18.69951 Y6.37128
G01 X-18.68671 Y6.36739
G01 X-18.66944 Y6.35815
G01 X-18.65427 Y6.34573
G01 X-18.64185 Y6.33056
G01 X-18.63261 Y6.31329
G01 X-18.62872 Y6.30052
G01 X-18.62692 Y6.29452
G01 X-18.62499 Y6.27501
G01 X-18.62499 Y6.21030
G01 X-18.34688 Y6.03209
G01 X-18.25488 Y5.97316
G01 X-18.12425 Y5.88947
G01 X-17.94566 Y5.77504
G01 X-17.33682 Y5.77504
G01 X-16.60058 Y5.95165
G01 X-16.59875 Y5.95195
G01 X-16.55278 Y5.96590
G01 X-16.54328 Y5.96828
G01 X-16.53355 Y5.96973
G01 X-16.48478 Y5.97453
G01 X-16.47488 Y5.97501
G01 X-16.47429 Y5.97501
G01 X-15.57564 Y5.97501
G01 X-15.57490 Y5.97501
G01 X-15.56517 Y5.97453
G01 X-15.51641 Y5.96973
G01 X-15.50670 Y5.96828
G01 X-15.49718 Y5.96590
G01 X-15.45029 Y5.95167
G01 X-15.43218 Y5.94418
G01 X-15.42616 Y5.94095
G01 X-14.70963 Y5.71505
G01 X-14.02500 Y5.71505
G01 X-14.01519 Y5.71456
G01 X-13.93714 Y5.70687
G01 X-13.92743 Y5.70542
G01 X-13.91791 Y5.70303
G01 X-13.84288 Y5.68027
G01 X-13.82477 Y5.67278
G01 X-13.76348 Y5.64001
G01 X-13.26099 Y5.64001
G01 X-13.24361 Y5.63849
G01 X-13.22677 Y5.63399
G01 X-13.21098 Y5.62660
G01 X-13.19670 Y5.61662
G01 X-13.18438 Y5.60430
G01 X-13.17437 Y5.59000
G01 X-13.16701 Y5.57420
G01 X-13.16251 Y5.55739
G01 X-13.16099 Y5.54001
G01 X-13.16099 Y4.89000
G01 X-13.16292 Y4.87050
G01 X-13.16861 Y4.85175
G01 X-13.17783 Y4.83445
G01 X-13.19027 Y4.81929
G01 X-13.20544 Y4.80687
G01 X-13.22271 Y4.79762
G01 X-13.24148 Y4.79193
G01 X-13.26099 Y4.79000
G01 X-13.52497 Y4.79000
G01 X-13.52497 Y4.58688
G01 X-13.37130 Y3.94632
G01 X-13.12482 Y3.87108
G01 X-12.87912 Y3.94566
G01 X-12.87415 Y3.95234
G01 X-12.84306 Y3.99023
G01 X-12.82921 Y4.00410
G01 X-12.79132 Y4.03519
G01 X-12.78344 Y4.04103
G01 X-12.77501 Y4.04606
G01 X-12.73180 Y4.06918
G01 X-12.71369 Y4.07667
G01 X-12.66678 Y4.09089
G01 X-12.64755 Y4.09473
G01 X-12.59878 Y4.09953
G01 X-12.58898 Y4.10001
G01 X-11.91398 Y4.10001
G01 X-11.90420 Y4.09953
G01 X-11.85540 Y4.09473
G01 X-11.83618 Y4.09089
G01 X-11.78929 Y4.07667
G01 X-11.77118 Y4.06918
G01 X-11.72795 Y4.04606
G01 X-11.71954 Y4.04103
G01 X-11.71166 Y4.03519
G01 X-11.67377 Y4.00410
G01 X-11.65990 Y3.99023
G01 X-11.62881 Y3.95234
G01 X-11.61794 Y3.93606
G01 X-11.59482 Y3.89282
G01 X-11.59063 Y3.88396
G01 X-11.58733 Y3.87471
G01 X-11.57311 Y3.82783
G01 X-11.57072 Y3.81830
G01 X-11.56927 Y3.80860
G01 X-11.56447 Y3.75980
G01 X-11.56399 Y3.75000
G01 X-11.56399 Y3.43839
G01 X-11.26351 Y2.47068
G01 X-11.21786 Y2.42503
G01 X-10.75365 Y2.42501
G01 X-10.76303 Y2.42788
G01 X-10.76531 Y2.42864
G01 X-10.81431 Y2.44617
G01 X-10.81664 Y2.44708
G01 X-10.85101 Y2.46133
G01 X-10.85320 Y2.46232
G01 X-10.90222 Y2.48551
G01 X-10.90445 Y2.48663
G01 X-10.94682 Y2.50934
G01 X-10.94890 Y2.51053
G01 X-10.97308 Y2.52501
G01 X-11.17567 Y2.52503
G01 X-11.19002 Y2.50553
G01 X-11.17567 Y2.52503
G01 X-11.46399 Y3.45358
G01 X-11.46511 Y3.45340
G01 X-11.46399 Y3.45358
G01 X-11.46399 Y3.75000
G01 X-11.46495 Y3.76961
G01 X-11.46976 Y3.81838
G01 X-11.47263 Y3.83781
G01 X-11.47740 Y3.85683
G01 X-11.49162 Y3.90375
G01 X-11.49825 Y3.92221
G01 X-11.50664 Y3.93997
G01 X-11.52972 Y3.98317
G01 X-11.55152 Y4.01579
G01 X-11.58261 Y4.05366
G01 X-11.59579 Y4.06821
G01 X-11.61034 Y4.08139
G01 X-11.64822 Y4.11248
G01 X-11.66399 Y4.12417
G01 X-11.68080 Y4.13428
G01 X-11.72403 Y4.15737
G01 X-11.76025 Y4.17238
G01 X-11.80717 Y4.18660
G01 X-11.84560 Y4.19425
G01 X-11.89439 Y4.19905
G01 X-11.91398 Y4.20001
G01 X-12.58898 Y4.20001
G01 X-12.60859 Y4.19905
G01 X-12.65736 Y4.19425
G01 X-12.69581 Y4.18660
G01 X-12.74273 Y4.17238
G01 X-12.77895 Y4.15737
G01 X-12.82215 Y4.13428
G01 X-12.83899 Y4.12417
G01 X-12.85477 Y4.11248
G01 X-12.89264 Y4.08139
G01 X-12.90719 Y4.06821
G01 X-12.92037 Y4.05366
G01 X-12.93787 Y4.03232
G01 X-12.93643 Y4.02986
G01 X-12.93787 Y4.03232
G01 X-13.12474 Y3.97563
G01 X-13.12474 Y3.97108
G01 X-13.12474 Y3.97563
G01 X-13.28740 Y4.02526
G01 X-13.29848 Y4.01485
G01 X-13.28740 Y4.02526
G01 X-13.42497 Y4.59872
G01 X-13.42568 Y4.59864
G01 X-13.42497 Y4.59872
G01 X-13.42497 Y4.69000
G01 X-13.45360 Y4.71810
G01 X-13.42497 Y4.69000
G01 X-13.26099 Y4.69000
G01 X-13.22197 Y4.69386
G01 X-13.18446 Y4.70524
G01 X-13.14986 Y4.72371
G01 X-13.11956 Y4.74860
G01 X-13.09469 Y4.77890
G01 X-13.07620 Y4.81347
G01 X-13.06482 Y4.85099
G01 X-13.06099 Y4.89000
G01 X-13.06099 Y5.54001
G01 X-13.06404 Y5.57474
G01 X-13.07305 Y5.60842
G01 X-13.08779 Y5.64001
G01 X-13.10778 Y5.66856
G01 X-13.13244 Y5.69323
G01 X-13.16099 Y5.71322
G01 X-13.19259 Y5.72795
G01 X-13.22627 Y5.73697
G01 X-13.26099 Y5.74001
G01 X-13.73843 Y5.74001
G01 X-13.73874 Y5.73829
G01 X-13.73843 Y5.74001
G01 X-13.77762 Y5.76097
G01 X-13.81384 Y5.77598
G01 X-13.88890 Y5.79874
G01 X-13.90793 Y5.80351
G01 X-13.92733 Y5.80638
G01 X-14.00539 Y5.81408
G01 X-14.02500 Y5.81505
G01 X-14.69423 Y5.81505
G01 X-14.69441 Y5.81388
G01 X-14.69423 Y5.81505
G01 X-14.84712 Y5.86323
G01 X-15.12555 Y5.91273
G01 X-15.40655 Y5.95596
G01 X-15.40874 Y5.95637
G01 X-15.44056 Y5.96272
G01 X-15.48715 Y5.96963
G01 X-15.51496 Y5.97237
G01 X-15.56205 Y5.97468
G01 X-15.57490 Y5.97501
G01 X-15.56205 Y5.97468
G01 X-15.51496 Y5.97237
G01 X-15.48715 Y5.96963
G01 X-15.44056 Y5.96272
G01 X-15.40874 Y5.95637
G01 X-15.40655 Y5.95596
G01 X-15.12555 Y5.91273
G01 X-14.84712 Y5.86323
G01 X-14.81115 Y5.85685
G01 X-14.81064 Y5.85675
G01 X-14.79723 Y5.85452
G01 X-14.79657 Y5.85442
G01 X-14.69078 Y5.83811
G01 X-14.68316 Y5.83752
G01 X-14.68319 Y5.83725
G01 X-14.68316 Y5.83752
G01 X-14.02548 Y5.83752
G01 X-14.00000 Y5.83692
G01 X-13.92350 Y5.83316
G01 X-13.87102 Y5.82797
G01 X-13.79515 Y5.81672
G01 X-13.73876 Y5.80547
G01 X-13.72299 Y5.80151
G01 X-13.71697 Y5.80039
G01 X-13.71085 Y5.80001
G01 X-13.11141 Y5.80001
G01 X-13.11098 Y5.79983
G01 X-13.06815 Y5.76983
G01 X-13.03117 Y5.73285
G01 X-13.00117 Y5.69000
G01 X-12.97907 Y5.64263
G01 X-12.96554 Y5.59211
G01 X-12.96099 Y5.54001
G01 X-12.96099 Y4.89000
G01 X-12.96675 Y4.83148
G01 X-12.98382 Y4.77522
G01 X-13.01154 Y4.72335
G01 X-13.04885 Y4.67789
G01 X-13.09431 Y4.64058
G01 X-13.14618 Y4.61284
G01 X-13.20247 Y4.59577
G01 X-13.26099 Y4.59000
G01 X-13.32004 Y4.59000
G01 X-13.36081 Y4.61805
G01 X-13.32004 Y4.59000
G01 X-13.20351 Y4.10420
G01 X-13.21458 Y4.09379
G01 X-13.20351 Y4.10420
G01 X-13.12464 Y4.08015
G01 X-13.12464 Y4.07563
G01 X-13.12464 Y4.08015
G01 X-12.99569 Y4.11929
G01 X-12.99447 Y4.11711
G01 X-12.99569 Y4.11929
G01 X-12.97791 Y4.13893
G01 X-12.95609 Y4.15869
G01 X-12.91819 Y4.18978
G01 X-12.89454 Y4.20733
G01 X-12.86929 Y4.22247
G01 X-12.82609 Y4.24555
G01 X-12.77173 Y4.26806
G01 X-12.72485 Y4.28228
G01 X-12.66716 Y4.29376
G01 X-12.61839 Y4.29856
G01 X-12.58898 Y4.30001
G01 X-11.91398 Y4.30001
G01 X-11.88459 Y4.29856
G01 X-11.83582 Y4.29376
G01 X-11.77814 Y4.28228
G01 X-11.73122 Y4.26806
G01 X-11.67689 Y4.24555
G01 X-11.63369 Y4.22247
G01 X-11.60841 Y4.20733
G01 X-11.58477 Y4.18978
G01 X-11.54689 Y4.15869
G01 X-11.52508 Y4.13893
G01 X-11.50531 Y4.11711
G01 X-11.47423 Y4.07924
G01 X-11.44154 Y4.03031
G01 X-11.41845 Y3.98711
G01 X-11.40585 Y3.96049
G01 X-11.39594 Y3.93278
G01 X-11.38172 Y3.88587
G01 X-11.37456 Y3.85732
G01 X-11.37024 Y3.82818
G01 X-11.36544 Y3.77941
G01 X-11.36399 Y3.75000
G01 X-11.36399 Y3.46875
G01 X-11.36508 Y3.46857
G01 X-11.36399 Y3.46875
G01 X-11.16285 Y2.82089
G01 X-11.15853 Y2.79252
G01 X-11.15835 Y2.79133
G01 X-11.15243 Y2.75793
G01 X-11.15220 Y2.75673
G01 X-11.14245 Y2.70845
G01 X-11.14192 Y2.70616
G01 X-11.12663 Y2.64530
G01 X-11.12383 Y2.63720
G01 X-11.12983 Y2.63331
G01 X-11.12383 Y2.63720
G01 X-11.11969 Y2.62971
G01 X-11.11433 Y2.62300
G01 X-11.10793 Y2.61734
G01 X-11.05609 Y2.57888
G01 X-11.05413 Y2.57751
G01 X-11.00006 Y2.54124
G01 X-10.99790 Y2.53989
G01 X-10.97308 Y2.52501
G01 X-10.94890 Y2.51053
G01 X-10.94682 Y2.50934
G01 X-10.90445 Y2.48663
G01 X-10.90222 Y2.48551
G01 X-10.85320 Y2.46232
G01 X-10.85101 Y2.46133
G01 X-10.81664 Y2.44708
G01 X-10.81431 Y2.44617
G01 X-10.76531 Y2.42864
G01 X-10.76303 Y2.42788
G01 X-10.75365 Y2.42501
G01 X-9.59920 Y2.42503
G01 X-3.83208 Y2.42503
G01 X-3.54752 Y2.70959
G01 X-3.86179 Y3.65798
G01 X-3.86253 Y3.66118
G01 X-3.86266 Y3.66146
G01 X-3.86599 Y3.67070
G01 X-3.91435 Y3.83016
G01 X-3.91818 Y3.84939
G01 X-3.93451 Y4.01520
G01 X-3.93500 Y4.02501
G01 X-3.93451 Y4.03481
G01 X-3.91818 Y4.20065
G01 X-3.91435 Y4.21988
G01 X-3.86599 Y4.37931
G01 X-3.86439 Y4.38381
G01 X-3.86375 Y4.38729
G01 X-3.48499 Y5.73874
G01 X-3.48499 Y6.31131
G01 X-3.86375 Y7.66277
G01 X-3.86449 Y7.66653
G01 X-3.86599 Y7.67069
G01 X-3.91435 Y7.83015
G01 X-3.91818 Y7.84938
G01 X-3.93451 Y8.01522
G01 X-3.93500 Y8.02502
G01 X-3.93451 Y8.03480
G01 X-3.91818 Y8.20064
G01 X-3.91435 Y8.21987
G01 X-3.86599 Y8.37933
G01 X-3.86456 Y8.38273
G01 X-3.86375 Y8.38728
G01 X-3.48499 Y9.73874
G01 X-3.48499 Y10.31130
G01 X-3.86375 Y11.66276
G01 X-3.86469 Y11.66759
G01 X-3.86599 Y11.67071
G01 X-3.91435 Y11.83015
G01 X-3.91818 Y11.84937
G01 X-3.93451 Y12.01521
G01 X-3.93500 Y12.02502
G01 X-3.93451 Y12.03482
G01 X-3.91818 Y12.20063
G01 X-3.91435 Y12.21986
G01 X-3.86599 Y12.37932
G01 X-3.86268 Y12.38857
G01 X-3.85847 Y12.39743
G01 X-3.77993 Y12.54439
G01 X-3.76903 Y12.56068
G01 X-3.66332 Y12.68951
G01 X-3.65674 Y12.69677
G01 X-3.64948 Y12.70335
G01 X-3.52067 Y12.80906
G01 X-3.50437 Y12.81996
G01 X-3.35740 Y12.89850
G01 X-3.33929 Y12.90601
G01 X-3.17983 Y12.95438
G01 X-3.17033 Y12.95676
G01 X-3.16063 Y12.95819
G01 X-2.99479 Y12.97454
G01 X-2.97518 Y12.97454
G01 X-2.80937 Y12.95819
G01 X-2.79964 Y12.95676
G01 X-2.79014 Y12.95438
G01 X-2.63068 Y12.90601
G01 X-2.61257 Y12.89850
G01 X-2.46561 Y12.81996
G01 X-2.44930 Y12.80906
G01 X-2.32050 Y12.70335
G01 X-2.31323 Y12.69677
G01 X-2.30665 Y12.68951
G01 X-2.20094 Y12.56068
G01 X-2.19004 Y12.54439
G01 X-2.11151 Y12.39743
G01 X-2.10729 Y12.38857
G01 X-2.10399 Y12.37932
G01 X-2.05563 Y12.21986
G01 X-2.05179 Y12.20063
G01 X-2.03546 Y12.03482
G01 X-2.03498 Y12.02502
G01 X-2.03546 Y12.01521
G01 X-2.05179 Y11.84937
G01 X-2.05563 Y11.83015
G01 X-2.10399 Y11.67071
G01 X-2.10554 Y11.66637
G01 X-2.10620 Y11.66276
G01 X-2.48496 Y10.31130
G01 X-2.48496 Y9.73874
G01 X-2.10620 Y8.38728
G01 X-2.10544 Y8.38332
G01 X-2.10399 Y8.37933
G01 X-2.05563 Y8.21987
G01 X-2.05179 Y8.20064
G01 X-2.03546 Y8.03480
G01 X-2.03498 Y8.02502
G01 X-2.03546 Y8.01522
G01 X-2.05179 Y7.84938
G01 X-2.05563 Y7.83015
G01 X-2.10399 Y7.67069
G01 X-2.10556 Y7.66635
G01 X-2.10620 Y7.66277
G01 X-2.48496 Y6.31131
G01 X-2.48496 Y5.73874
G01 X-2.10620 Y4.38729
G01 X-2.10541 Y4.38330
G01 X-2.10399 Y4.37931
G01 X-2.05563 Y4.21988
G01 X-2.05179 Y4.20065
G01 X-2.03546 Y4.03481
G01 X-2.03498 Y4.02501
G01 X-2.03546 Y4.01520
G01 X-2.05179 Y3.84939
G01 X-2.05563 Y3.83016
G01 X-2.10399 Y3.67070
G01 X-2.10731 Y3.66146
G01 X-2.11049 Y3.65473
G01 X-2.11212 Y3.65003
G01 X-2.47495 Y2.78996
G01 X-2.47495 Y2.57505
G01 X-2.47528 Y2.56720
G01 X-2.48019 Y2.50461
G01 X-2.48265 Y2.48912
G01 X-2.49731 Y2.42808
G01 X-2.50216 Y2.41315
G01 X-2.52619 Y2.35516
G01 X-2.53330 Y2.34119
G01 X-2.56609 Y2.28767
G01 X-2.57531 Y2.27497
G01 X-2.61608 Y2.22725
G01 X-2.62141 Y2.22148
G01 X-3.27142 Y1.57147
G01 X-3.27869 Y1.56489
G01 X-3.33932 Y1.51513
G01 X-3.35560 Y1.50423
G01 X-3.42476 Y1.46728
G01 X-3.43363 Y1.46309
G01 X-3.44287 Y1.45978
G01 X-3.51790 Y1.43703
G01 X-3.52743 Y1.43464
G01 X-3.53713 Y1.43319
G01 X-3.61519 Y1.42549
G01 X-3.62499 Y1.42501
G01 X-11.42497 Y1.42501
G01 X-11.43475 Y1.42549
G01 X-11.51281 Y1.43319
G01 X-11.53204 Y1.43703
G01 X-11.60707 Y1.45978
G01 X-11.62518 Y1.46728
G01 X-11.69432 Y1.50423
G01 X-11.71062 Y1.51513
G01 X-11.77123 Y1.56486
G01 X-11.77852 Y1.57147
G01 X-12.60503 Y2.39796
G01 X-12.61037 Y2.40372
G01 X-12.65113 Y2.45145
G01 X-12.65469 Y2.45635
G01 X-12.65728 Y2.45673
G01 X-12.66678 Y2.45912
G01 X-12.71369 Y2.47335
G01 X-12.73180 Y2.48084
G01 X-12.77501 Y2.50395
G01 X-12.78344 Y2.50901
G01 X-12.79132 Y2.51485
G01 X-12.82921 Y2.54594
G01 X-12.84306 Y2.55981
G01 X-12.87415 Y2.59768
G01 X-12.87912 Y2.60438
G01 X-13.12484 Y2.67896
G01 X-13.41674 Y2.58988
G01 X-13.42091 Y2.58480
G01 X-13.42751 Y2.57754
G01 X-13.43478 Y2.57093
G01 X-13.47265 Y2.53984
G01 X-13.48055 Y2.53400
G01 X-13.48895 Y2.52895
G01 X-13.53218 Y2.50586
G01 X-13.55029 Y2.49834
G01 X-13.59718 Y2.48412
G01 X-13.60671 Y2.48173
G01 X-13.61641 Y2.48031
G01 X-13.66518 Y2.47550
G01 X-13.67498 Y2.47502
G01 X-14.37498 Y2.47502
G01 X-14.38479 Y2.47550
G01 X-14.43355 Y2.48031
G01 X-14.44326 Y2.48173
G01 X-14.45278 Y2.48412
G01 X-14.49970 Y2.49834
G01 X-14.51781 Y2.50586
G01 X-14.56101 Y2.52895
G01 X-14.56944 Y2.53400
G01 X-14.57732 Y2.53984
G01 X-14.61521 Y2.57093
G01 X-14.62906 Y2.58480
G01 X-14.66015 Y2.62267
G01 X-14.66599 Y2.63057
G01 X-14.67104 Y2.63898
G01 X-14.69416 Y2.68221
G01 X-14.70165 Y2.70032
G01 X-14.71588 Y2.74721
G01 X-14.71826 Y2.75673
G01 X-14.71971 Y2.76644
G01 X-14.72451 Y2.81520
G01 X-14.72499 Y2.82501
G01 X-14.72499 Y3.72501
G01 X-14.72451 Y3.73481
G01 X-14.71971 Y3.78358
G01 X-14.71826 Y3.79328
G01 X-14.71588 Y3.80281
G01 X-14.70178 Y3.84926
G01 X-14.70160 Y3.85064
G01 X-14.52497 Y4.58678
G01 X-14.52499 Y4.71502
G01 X-14.71742 Y4.71502
G01 X-14.71854 Y4.71474
G01 X-15.48014 Y4.58929
G01 X-15.49718 Y4.58411
G01 X-15.51641 Y4.58030
G01 X-15.56517 Y4.57550
G01 X-15.57498 Y4.57502
G01 X-16.47498 Y4.57502
G01 X-16.48478 Y4.57550
G01 X-16.53355 Y4.58030
G01 X-16.54328 Y4.58175
G01 X-16.55278 Y4.58411
G01 X-16.59883 Y4.59808
G01 X-16.60058 Y4.59839
G01 X-17.33682 Y4.77502
G01 X-17.96992 Y4.77502
G01 X-17.97190 Y4.77456
G01 X-18.70627 Y4.67664
G01 X-18.71063 Y4.67616
G01 X-18.71178 Y4.67606
G01 X-18.71480 Y4.67601
G01 X-18.72499 Y4.67502
G01 X-20.32498 Y4.67502
G01 X-20.34449 Y4.67692
G01 X-20.36326 Y4.68261
G01 X-20.38053 Y4.69186
G01 X-20.39570 Y4.70430
G01 X-20.40814 Y4.71947
G01 X-20.41071 Y4.72427
G01 X-20.39140 Y4.64698
G01 X-20.33842 Y4.57634
G01 X-20.32498 Y4.57502
G01 X-18.72499 Y4.57502
G01 X-18.71163 Y4.57634
G01 X-18.70291 Y4.57644
G01 X-18.70177 Y4.57654
G01 X-18.69306 Y4.57753
G01 X-17.96177 Y4.67502
G01 X-17.34866 Y4.67502
G01 X-17.34859 Y4.67573
G01 X-17.34866 Y4.67502
G01 X-16.62390 Y4.50115
G01 X-16.62354 Y4.50108
G01 X-16.58181 Y4.48843
G01 X-16.56279 Y4.48365
G01 X-16.54335 Y4.48078
G01 X-16.49459 Y4.47598
G01 X-16.47498 Y4.47502
G01 X-15.57498 Y4.47502
G01 X-15.55540 Y4.47598
G01 X-15.50660 Y4.48078
G01 X-15.46815 Y4.48843
G01 X-15.45740 Y4.49168
G01 X-14.70856 Y4.61502
G01 X-14.70859 Y4.61535
G01 X-14.70856 Y4.61502
G01 X-14.62499 Y4.61502
G01 X-14.57681 Y4.65307
G01 X-14.62499 Y4.61502
G01 X-14.62499 Y4.59861
G01 X-14.79883 Y3.87395
G01 X-14.79888 Y3.87370
G01 X-14.81158 Y3.83184
G01 X-14.81633 Y3.81281
G01 X-14.81923 Y3.79338
G01 X-14.82403 Y3.74462
G01 X-14.82499 Y3.72501
G01 X-14.82499 Y2.82501
G01 X-14.82403 Y2.80540
G01 X-14.81923 Y2.75663
G01 X-14.81633 Y2.73723
G01 X-14.81158 Y2.71818
G01 X-14.79733 Y2.67129
G01 X-14.78235 Y2.63507
G01 X-14.75923 Y2.59184
G01 X-14.74915 Y2.57500
G01 X-14.73746 Y2.55925
G01 X-14.70638 Y2.52135
G01 X-14.67864 Y2.49364
G01 X-14.64077 Y2.46255
G01 X-14.62499 Y2.45084
G01 X-14.60815 Y2.44076
G01 X-14.56495 Y2.41767
G01 X-14.52870 Y2.40266
G01 X-14.48181 Y2.38843
G01 X-14.46279 Y2.38366
G01 X-14.44336 Y2.38079
G01 X-14.39459 Y2.37599
G01 X-14.37498 Y2.37502
G01 X-13.67498 Y2.37502
G01 X-13.65537 Y2.37599
G01 X-13.60661 Y2.38079
G01 X-13.58720 Y2.38366
G01 X-13.56815 Y2.38843
G01 X-13.52126 Y2.40266
G01 X-13.48504 Y2.41767
G01 X-13.44181 Y2.44076
G01 X-13.42497 Y2.45084
G01 X-13.40922 Y2.46255
G01 X-13.37133 Y2.49364
G01 X-13.36211 Y2.50200
G01 X-13.36261 Y2.50306
G01 X-13.36211 Y2.50200
G01 X-13.12474 Y2.57444
G01 X-13.12477 Y2.57896
G01 X-13.12474 Y2.57444
G01 X-12.93790 Y2.51772
G01 X-12.93658 Y2.52001
G01 X-12.93790 Y2.51772
G01 X-12.92037 Y2.49636
G01 X-12.90719 Y2.48180
G01 X-12.89264 Y2.46865
G01 X-12.85477 Y2.43753
G01 X-12.83899 Y2.42585
G01 X-12.82215 Y2.41576
G01 X-12.77895 Y2.39265
G01 X-12.74273 Y2.37766
G01 X-12.71151 Y2.36819
G01 X-12.71057 Y2.36956
G01 X-12.71151 Y2.36819
G01 X-12.68639 Y2.33878
G01 X-12.67575 Y2.32724
G01 X-11.84923 Y1.50075
G01 X-11.83468 Y1.48757
G01 X-11.77407 Y1.43784
G01 X-11.74146 Y1.41605
G01 X-11.67232 Y1.37909
G01 X-11.63610 Y1.36408
G01 X-11.56104 Y1.34132
G01 X-11.52261 Y1.33367
G01 X-11.44456 Y1.32598
G01 X-11.42497 Y1.32501
G01 X-3.62499 Y1.32501
G01 X-3.60538 Y1.32598
G01 X-3.52733 Y1.33367
G01 X-3.50792 Y1.33654
G01 X-3.48890 Y1.34132
G01 X-3.41384 Y1.36408
G01 X-3.39537 Y1.37071
G01 X-3.37762 Y1.37909
G01 X-3.30848 Y1.41605
G01 X-3.27587 Y1.43784
G01 X-3.21526 Y1.48757
G01 X-3.20071 Y1.50075
G01 X-2.55070 Y2.15077
G01 X-2.54005 Y2.16230
G01 X-2.49929 Y2.21002
G01 X-2.48082 Y2.23542
G01 X-2.44803 Y2.28894
G01 X-2.43378 Y2.31691
G01 X-2.40978 Y2.37490
G01 X-2.40008 Y2.40474
G01 X-2.38542 Y2.46578
G01 X-2.38052 Y2.49676
G01 X-2.37559 Y2.55935
G01 X-2.37495 Y2.57505
G01 X-2.37495 Y2.76974
G01 X-2.37673 Y2.77012
G01 X-2.37495 Y2.76974
G01 X-2.01999 Y3.61116
G01 X-2.01826 Y3.61609
G01 X-2.01491 Y3.62318
G01 X-2.00831 Y3.64167
G01 X-1.95994 Y3.80113
G01 X-1.95227 Y3.83959
G01 X-1.93594 Y4.00540
G01 X-1.93498 Y4.02501
G01 X-1.93594 Y4.04462
G01 X-1.95227 Y4.21045
G01 X-1.95994 Y4.24891
G01 X-2.00831 Y4.40834
G01 X-2.00930 Y4.41111
G01 X-2.00991 Y4.41429
G01 X-2.38496 Y5.75249
G01 X-2.38593 Y5.75236
G01 X-2.38496 Y5.75249
G01 X-2.38496 Y6.29757
G01 X-2.38593 Y6.29770
G01 X-2.38496 Y6.29757
G01 X-2.00991 Y7.63577
G01 X-2.00940 Y7.63861
G01 X-2.00831 Y7.64169
G01 X-1.95994 Y7.80112
G01 X-1.95227 Y7.83958
G01 X-1.93594 Y8.00541
G01 X-1.93498 Y8.02502
G01 X-1.93594 Y8.04461
G01 X-1.95227 Y8.21044
G01 X-1.95994 Y8.24890
G01 X-2.00831 Y8.40836
G01 X-2.00930 Y8.41110
G01 X-2.00991 Y8.41428
G01 X-2.38496 Y9.75248
G01 X-2.38593 Y9.75235
G01 X-2.38496 Y9.75248
G01 X-2.38496 Y10.29756
G01 X-2.38593 Y10.29769
G01 X-2.38496 Y10.29756
G01 X-2.00991 Y11.63576
G01 X-2.00940 Y11.63863
G01 X-2.00831 Y11.64168
G01 X-1.95994 Y11.80114
G01 X-1.95227 Y11.83957
G01 X-1.93594 Y12.00541
G01 X-1.93498 Y12.02502
G01 X-1.93594 Y12.04462
G01 X-1.95227 Y12.21044
G01 X-1.95994 Y12.24889
G01 X-2.00831 Y12.40835
G01 X-2.01491 Y12.42682
G01 X-2.02332 Y12.44457
G01 X-2.10185 Y12.59154
G01 X-2.12365 Y12.62413
G01 X-2.22934 Y12.75293
G01 X-2.24252 Y12.76748
G01 X-2.25707 Y12.78067
G01 X-2.38588 Y12.88636
G01 X-2.40165 Y12.89806
G01 X-2.41847 Y12.90815
G01 X-2.56543 Y12.98669
G01 X-2.60165 Y13.00170
G01 X-2.76111 Y13.05006
G01 X-2.78014 Y13.05483
G01 X-2.79957 Y13.05773
G01 X-2.96538 Y13.07406
G01 X-3.00460 Y13.07406
G01 X-3.17041 Y13.05773
G01 X-3.18984 Y13.05483
G01 X-3.20886 Y13.05006
G01 X-3.36832 Y13.00170
G01 X-3.40454 Y12.98669
G01 X-3.55151 Y12.90815
G01 X-3.56835 Y12.89806
G01 X-3.58410 Y12.88636
G01 X-3.71290 Y12.78067
G01 X-3.72745 Y12.76748
G01 X-3.74064 Y12.75293
G01 X-3.84633 Y12.62413
G01 X-3.86812 Y12.59154
G01 X-3.94668 Y12.44457
G01 X-3.95506 Y12.42682
G01 X-3.96167 Y12.40835
G01 X-4.01005 Y12.24889
G01 X-4.01770 Y12.21044
G01 X-4.03403 Y12.04462
G01 X-4.03500 Y12.02502
G01 X-4.03403 Y12.00541
G01 X-4.01770 Y11.83957
G01 X-4.01005 Y11.80114
G01 X-3.96167 Y11.64168
G01 X-3.96075 Y11.63947
G01 X-3.96004 Y11.63576
G01 X-3.58499 Y10.29756
G01 X-3.58402 Y10.29769
G01 X-3.58499 Y10.29756
G01 X-3.58499 Y9.75248
G01 X-3.58402 Y9.75235
G01 X-3.58499 Y9.75248
G01 X-3.96004 Y8.41428
G01 X-3.96068 Y8.41077
G01 X-3.96167 Y8.40836
G01 X-4.01005 Y8.24890
G01 X-4.01770 Y8.21044
G01 X-4.03403 Y8.04461
G01 X-4.03500 Y8.02502
G01 X-4.03403 Y8.00541
G01 X-4.01770 Y7.83958
G01 X-4.01005 Y7.80112
G01 X-3.96167 Y7.64169
G01 X-3.96063 Y7.63872
G01 X-3.96004 Y7.63577
G01 X-3.58499 Y6.29757
G01 X-3.58402 Y6.29770
G01 X-3.58499 Y6.29757
G01 X-3.58499 Y5.75249
G01 X-3.58402 Y5.75236
G01 X-3.58499 Y5.75249
G01 X-3.96004 Y4.41429
G01 X-3.96052 Y4.41152
G01 X-3.96167 Y4.40834
G01 X-4.01005 Y4.24891
G01 X-4.01770 Y4.21045
G01 X-4.03403 Y4.04462
G01 X-4.03500 Y4.02501
G01 X-4.03403 Y4.00540
G01 X-4.01770 Y3.83959
G01 X-4.01005 Y3.80113
G01 X-3.96167 Y3.64167
G01 X-3.95758 Y3.63026
G01 X-3.95671 Y3.62653
G01 X-3.66185 Y2.73667
G01 X-3.64498 Y2.73265
G01 X-3.66185 Y2.73667
G01 X-3.87350 Y2.52503
G01 X-3.87035 Y2.51741
G01 X-3.87350 Y2.52503
G01 X-9.12546 Y2.52503
G01 X-9.47768 Y2.47276
G01 X-9.49976 Y2.46232
G01 X-9.50194 Y2.46133
G01 X-9.53631 Y2.44708
G01 X-9.53864 Y2.44617
G01 X-9.58764 Y2.42864
G01 X-9.58993 Y2.42788
G01 X-9.59920 Y2.42503
G01 X-9.58993 Y2.42788
G01 X-9.58764 Y2.42864
G01 X-9.53864 Y2.44617
G01 X-9.53631 Y2.44708
G01 X-9.50194 Y2.46133
G01 X-9.49976 Y2.46232
G01 X-9.47768 Y2.47276
G01 X-9.12546 Y2.52503
G01 X-8.95691 Y2.55005
G01 X-6.26499 Y2.55003
G01 X-6.26375 Y2.55005
G01 X-6.23669 Y2.55071
G01 X-6.23548 Y2.55064
G01 X-6.15704 Y2.55463
G01 X-6.15458 Y2.55480
G01 X-6.09928 Y2.56026
G01 X-6.09687 Y2.56057
G01 X-6.01846 Y2.57220
G01 X-6.01602 Y2.57261
G01 X-6.01597 Y2.57235
G01 X-6.01602 Y2.57261
G01 X-5.95671 Y2.58445
G01 X-5.95435 Y2.58498
G01 X-5.87594 Y2.60461
G01 X-5.87355 Y2.60527
G01 X-5.80863 Y2.62503
G01 X-3.91493 Y2.62503
G01 X-3.91178 Y2.61741
G01 X-3.91493 Y2.62503
G01 X-3.77617 Y2.76377
G01 X-3.75931 Y2.75973
G01 X-3.77617 Y2.76377
G01 X-4.05163 Y3.59506
G01 X-4.05270 Y3.59961
G01 X-4.05737 Y3.61264
G01 X-4.10574 Y3.77210
G01 X-4.11722 Y3.82978
G01 X-4.13355 Y3.99562
G01 X-4.13500 Y4.02501
G01 X-4.13355 Y4.05442
G01 X-4.11722 Y4.22026
G01 X-4.10574 Y4.27791
G01 X-4.05737 Y4.43738
G01 X-4.05669 Y4.43925
G01 X-4.05633 Y4.44126
G01 X-3.68499 Y5.76623
G01 X-3.68402 Y5.76610
G01 X-3.68499 Y5.76623
G01 X-3.68499 Y6.28380
G01 X-3.68402 Y6.28396
G01 X-3.68499 Y6.28380
G01 X-4.05633 Y7.60879
G01 X-4.05674 Y7.61090
G01 X-4.05737 Y7.61265
G01 X-4.10574 Y7.77209
G01 X-4.11722 Y7.82977
G01 X-4.13355 Y7.99561
G01 X-4.13500 Y8.02502
G01 X-4.13355 Y8.05441
G01 X-4.11722 Y8.22025
G01 X-4.10574 Y8.27793
G01 X-4.05737 Y8.43737
G01 X-4.05677 Y8.43881
G01 X-4.05633 Y8.44125
G01 X-3.68499 Y9.76622
G01 X-3.68402 Y9.76609
G01 X-3.68499 Y9.76622
G01 X-3.68499 Y10.28382
G01 X-3.68402 Y10.28395
G01 X-3.68499 Y10.28382
G01 X-4.05633 Y11.60879
G01 X-4.05684 Y11.61135
G01 X-4.05737 Y11.61265
G01 X-4.10574 Y11.77211
G01 X-4.11722 Y11.82979
G01 X-4.13355 Y11.99560
G01 X-4.13500 Y12.02502
G01 X-4.13355 Y12.05443
G01 X-4.11722 Y12.22024
G01 X-4.10574 Y12.27792
G01 X-4.05737 Y12.43738
G01 X-4.04744 Y12.46510
G01 X-4.03487 Y12.49172
G01 X-3.95631 Y12.63865
G01 X-3.92364 Y12.68757
G01 X-3.81793 Y12.81638
G01 X-3.79817 Y12.83820
G01 X-3.77635 Y12.85796
G01 X-3.64755 Y12.96367
G01 X-3.59865 Y12.99634
G01 X-3.45169 Y13.07490
G01 X-3.39736 Y13.09740
G01 X-3.23789 Y13.14577
G01 X-3.20934 Y13.15293
G01 X-3.18021 Y13.15725
G01 X-3.01440 Y13.17358
G01 X-2.98499 Y13.17500
G01 X-2.95557 Y13.17358
G01 X-2.78976 Y13.15725
G01 X-2.76063 Y13.15293
G01 X-2.73208 Y13.14577
G01 X-2.57262 Y13.09740
G01 X-2.51829 Y13.07490
G01 X-2.37132 Y12.99634
G01 X-2.32243 Y12.96367
G01 X-2.19362 Y12.85796
G01 X-2.17181 Y12.83820
G01 X-2.15204 Y12.81638
G01 X-2.04633 Y12.68757
G01 X-2.01367 Y12.63865
G01 X-1.93510 Y12.49172
G01 X-1.92253 Y12.46510
G01 X-1.91260 Y12.43738
G01 X-1.86424 Y12.27792
G01 X-1.85276 Y12.22024
G01 X-1.83642 Y12.05443
G01 X-1.83498 Y12.02502
G01 X-1.83642 Y11.99560
G01 X-1.85276 Y11.82979
G01 X-1.86424 Y11.77211
G01 X-1.91260 Y11.61265
G01 X-1.91323 Y11.61089
G01 X-1.91361 Y11.60879
G01 X-2.28496 Y10.28382
G01 X-2.28593 Y10.28395
G01 X-2.28496 Y10.28382
G01 X-2.28496 Y9.76624
G01 X-2.28593 Y9.76612
G01 X-2.28496 Y9.76624
G01 X-1.91361 Y8.44125
G01 X-1.91316 Y8.43892
G01 X-1.91260 Y8.43737
G01 X-1.86424 Y8.27793
G01 X-1.85276 Y8.22025
G01 X-1.83642 Y8.05441
G01 X-1.83498 Y8.02502
G01 X-1.83642 Y7.99561
G01 X-1.85276 Y7.82977
G01 X-1.86424 Y7.77209
G01 X-1.91260 Y7.61265
G01 X-1.91323 Y7.61088
G01 X-1.91361 Y7.60879
G01 X-2.28496 Y6.28380
G01 X-2.28593 Y6.28396
G01 X-2.28496 Y6.28380
G01 X-2.28496 Y5.76625
G01 X-2.28593 Y5.76613
G01 X-2.28496 Y5.76625
G01 X-1.91361 Y4.44126
G01 X-1.91316 Y4.43892
G01 X-1.91260 Y4.43738
G01 X-1.86424 Y4.27791
G01 X-1.85276 Y4.22026
G01 X-1.83642 Y4.05442
G01 X-1.83498 Y4.02501
G01 X-1.93498 Y4.02501
G01 X-2.03498 Y4.02501
G01 X-1.93498 Y4.02501
G01 X-1.83498 Y4.02501
G01 X-1.83642 Y3.99562
G01 X-1.85276 Y3.82978
G01 X-1.86424 Y3.77210
G01 X-1.91260 Y3.61264
G01 X-1.92253 Y3.58493
G01 X-1.92604 Y3.57748
G01 X-1.92784 Y3.57228
G01 X-2.27496 Y2.74949
G01 X-2.27653 Y2.74985
G01 X-2.27496 Y2.74949
G01 X-2.27496 Y2.57505
G01 X-2.27589 Y2.55150
G01 X-2.28082 Y2.48892
G01 X-2.28819 Y2.44243
G01 X-2.30284 Y2.38140
G01 X-2.31737 Y2.33662
G01 X-2.34140 Y2.27863
G01 X-2.36276 Y2.23669
G01 X-2.39558 Y2.18318
G01 X-2.42324 Y2.14508
G01 X-2.46401 Y2.09735
G01 X-2.47998 Y2.08005
G01 X-3.13000 Y1.43004
G01 X-3.15181 Y1.41028
G01 X-3.21244 Y1.36052
G01 X-3.26134 Y1.32786
G01 X-3.33048 Y1.29090
G01 X-3.35710 Y1.27830
G01 X-3.38481 Y1.26840
G01 X-3.45987 Y1.24564
G01 X-3.48841 Y1.23847
G01 X-3.51755 Y1.23416
G01 X-3.59558 Y1.22646
G01 X-3.62499 Y1.22501
G01 X-11.42497 Y1.22501
G01 X-11.45436 Y1.22646
G01 X-11.53239 Y1.23416
G01 X-11.59007 Y1.24564
G01 X-11.66511 Y1.26840
G01 X-11.71944 Y1.29090
G01 X-11.78860 Y1.32786
G01 X-11.83750 Y1.36052
G01 X-11.89813 Y1.41028
G01 X-11.91992 Y1.43004
G01 X-12.74644 Y2.25653
G01 X-12.76244 Y2.27383
G01 X-12.76856 Y2.28099
G01 X-12.76775 Y2.28211
G01 X-12.76856 Y2.28099
G01 X-12.77173 Y2.28196
G01 X-12.82609 Y2.30446
G01 X-12.86929 Y2.32758
G01 X-12.89454 Y2.34271
G01 X-12.91819 Y2.36024
G01 X-12.95609 Y2.39133
G01 X-12.97791 Y2.41112
G01 X-12.99571 Y2.43075
G01 X-12.99462 Y2.43273
G01 X-12.99571 Y2.43075
G01 X-13.12477 Y2.46994
G01 X-13.12477 Y2.47446
G01 X-13.12477 Y2.46994
G01 X-13.31207 Y2.41289
G01 X-13.31253 Y2.41386
G01 X-13.31207 Y2.41289
G01 X-13.34577 Y2.38523
G01 X-13.36942 Y2.36771
G01 X-13.39467 Y2.35257
G01 X-13.43790 Y2.32945
G01 X-13.49223 Y2.30695
G01 X-13.53912 Y2.29273
G01 X-13.56769 Y2.28559
G01 X-13.59680 Y2.28127
G01 X-13.64557 Y2.27644
G01 X-13.67498 Y2.27502
G01 X-14.37498 Y2.27502
G01 X-14.40439 Y2.27644
G01 X-14.45316 Y2.28127
G01 X-14.48230 Y2.28559
G01 X-14.51085 Y2.29273
G01 X-14.55773 Y2.30695
G01 X-14.61207 Y2.32945
G01 X-14.65530 Y2.35257
G01 X-14.68054 Y2.36771
G01 X-14.70419 Y2.38523
G01 X-14.74209 Y2.41632
G01 X-14.78367 Y2.45793
G01 X-14.81476 Y2.49580
G01 X-14.83228 Y2.51945
G01 X-14.84742 Y2.54469
G01 X-14.87054 Y2.58793
G01 X-14.89304 Y2.64226
G01 X-14.90726 Y2.68914
G01 X-14.91443 Y2.71772
G01 X-14.91874 Y2.74683
G01 X-14.92355 Y2.79560
G01 X-14.92499 Y2.82501
G01 X-14.92499 Y3.72501
G01 X-14.92355 Y3.75442
G01 X-14.91874 Y3.80319
G01 X-14.91443 Y3.83232
G01 X-14.90726 Y3.86087
G01 X-14.89555 Y3.89948
G01 X-14.74983 Y4.50690
G01 X-14.69053 Y4.56158
G01 X-14.74983 Y4.50690
G01 X-15.43467 Y4.39409
G01 X-15.43914 Y4.39272
G01 X-15.49680 Y4.38127
G01 X-15.54559 Y4.37647
G01 X-15.57498 Y4.37502
G01 X-15.67356 Y4.37502
G01 X-15.67498 Y4.37504
G01 X-16.37498 Y4.37504
G01 X-16.37620 Y4.37502
G01 X-16.47498 Y4.37502
G01 X-16.50439 Y4.37647
G01 X-16.55316 Y4.38127
G01 X-16.58229 Y4.38558
G01 X-16.61084 Y4.39272
G01 X-16.64932 Y4.40441
G01 X-17.36047 Y4.57502
G01 X-17.36040 Y4.57573
G01 X-17.36047 Y4.57502
G01 X-17.95514 Y4.57502
G01 X-18.67982 Y4.47840
G01 X-18.69293 Y4.47695
G01 X-18.69407 Y4.47685
G01 X-18.70845 Y4.47664
G01 X-18.72499 Y4.47502
G01 X-20.25422 Y4.47502
G01 X-20.28711 Y4.50791
G01 X-20.33842 Y4.57634
G01 X-20.39140 Y4.64698
G01 X-20.41071 Y4.72427
G01 X-20.41739 Y4.73674
G01 X-20.42308 Y4.75551
G01 X-20.42498 Y4.77502
G01 X-20.42498 Y6.27501
G01 X-20.42308 Y6.29452
G01 X-20.41739 Y6.31329
G01 X-20.41073 Y6.32569
G01 X-20.39140 Y6.40308
G01 X-20.33844 Y6.47369
G01 X-20.28711 Y6.54215
G01 X-20.25424 Y6.57501
G01 X-19.16268 Y6.57501
G01 X-18.92125 Y6.47501
G01 X-18.74848 Y6.40344
G01 X-18.69951 Y6.37128
G01 X-18.68671 Y6.36739
G01 X-18.66944 Y6.35815
G01 X-18.65427 Y6.34573
G01 X-18.64185 Y6.33056
G01 X-18.63261 Y6.31329
G01 X-18.62872 Y6.30052
G01 X-18.59654 Y6.25152
G01 X-18.58993 Y6.23557
G01 X-18.58612 Y6.22818
G01 X-18.58112 Y6.22150
G01 X-18.58209 Y6.22066
G01 X-18.58112 Y6.22150
G01 X-18.57510 Y6.21576
G01 X-18.34688 Y6.03209
G01 X-18.25488 Y5.97316
G01 X-18.12425 Y5.88947
G01 X-18.09786 Y5.87883
G01 X-18.09560 Y5.87799
G01 X-18.05750 Y5.86475
G01 X-18.05633 Y5.86437
G01 X-18.04020 Y5.85922
G01 X-18.03903 Y5.85886
G01 X-17.93047 Y5.82706
G01 X-17.92351 Y5.82554
G01 X-17.92369 Y5.82437
G01 X-17.92351 Y5.82554
G01 X-17.91643 Y5.82503
G01 X-17.34856 Y5.82503
G01 X-17.34269 Y5.82538
G01 X-17.34267 Y5.82508
G01 X-17.34269 Y5.82538
G01 X-17.26908 Y5.83410
G01 X-17.26786 Y5.83425
G01 X-17.24922 Y5.83692
G01 X-17.24800 Y5.83712
G01 X-17.20922 Y5.84365
G01 X-17.20683 Y5.84410
G01 X-17.17114 Y5.85170
G01 X-17.16880 Y5.85251
G01 X-17.13096 Y5.86280
G01 X-17.12921 Y5.86331
G01 X-17.10299 Y5.87143
G01 X-17.10203 Y5.87176
G01 X-16.98067 Y5.91225
G01 X-16.95908 Y5.91830
G01 X-16.93187 Y5.92358
G01 X-16.86830 Y5.93219
G01 X-16.60769 Y5.96300
G01 X-16.60622 Y5.96320
G01 X-16.56281 Y5.96963
G01 X-16.53497 Y5.97240
G01 X-16.48770 Y5.97471
G01 X-16.47488 Y5.97501
G04 P0 ( dwell for no time -- G64 should not smooth over this point )
G00 Z5.00000 ( retract )

G00 X-17.34897 Y6.77131 ( rapid move to begin. )
G01 F150.00000
( Mill infeed pass 1/1 )
G01 Z-0.06000
G04 P0 ( dwell for no time -- G64 should not smooth over this point )
G01 F300.00000
G01 X-17.34897 Y6.77131
G01 X-17.36459 Y6.78088
G01 X-17.38999 Y6.79935
G01 X-17.43771 Y6.84011
G01 X-17.44925 Y6.85076
G01 X-17.91325 Y7.31479
G01 X-17.91305 Y7.31504
G01 X-17.91325 Y7.31479
G01 X-18.83756 Y7.97501
G01 X-18.83603 Y7.97979
G01 X-18.83756 Y7.97501
G01 X-19.06443 Y7.97501
G01 X-19.06982 Y7.97636
G01 X-19.07198 Y7.97684
G01 X-19.11498 Y7.98560
G01 X-19.11716 Y7.98601
G01 X-19.12062 Y7.98654
G01 X-19.15717 Y7.99388
G01 X-19.19984 Y8.00432
G01 X-19.23619 Y8.01481
G01 X-19.25028 Y8.01951
G01 X-19.25353 Y8.02180
G01 X-19.27820 Y8.04646
G01 X-19.29819 Y8.07501
G01 X-19.31292 Y8.10661
G01 X-19.32194 Y8.14029
G01 X-19.32498 Y8.17501
G01 X-19.32498 Y9.37501
G01 X-19.32115 Y9.41402
G01 X-19.30977 Y9.45154
G01 X-19.29128 Y9.48613
G01 X-19.26641 Y9.51644
G01 X-19.23611 Y9.54130
G01 X-19.20151 Y9.55979
G01 X-19.16400 Y9.57117
G01 X-19.12498 Y9.57501
G01 X-17.92499 Y9.57501
G01 X-17.89027 Y9.57199
G01 X-17.85658 Y9.56294
G01 X-17.82499 Y9.54821
G01 X-17.79644 Y9.52822
G01 X-17.77177 Y9.50356
G01 X-17.75178 Y9.47501
G01 X-17.73705 Y9.44341
G01 X-17.72804 Y9.40973
G01 X-17.72499 Y9.37501
G01 X-17.72499 Y9.08763
G01 X-17.72920 Y9.08621
G01 X-17.72499 Y9.08763
G01 X-17.06474 Y8.16330
G01 X-17.06499 Y8.16310
G01 X-17.06474 Y8.16330
G01 X-16.89065 Y7.98921
G01 X-16.89456 Y7.97595
G01 X-16.89065 Y7.98921
G01 X-16.62164 Y8.04951
G01 X-16.58181 Y8.06160
G01 X-16.56279 Y8.06637
G01 X-16.54335 Y8.06925
G01 X-16.49459 Y8.07405
G01 X-16.47498 Y8.07501
G01 X-15.57498 Y8.07501
G01 X-15.55540 Y8.07405
G01 X-15.50660 Y8.06925
G01 X-15.48720 Y8.06637
G01 X-15.46815 Y8.06160
G01 X-15.42126 Y8.04738
G01 X-15.38504 Y8.03236
G01 X-15.34181 Y8.00928
G01 X-15.32499 Y7.99917
G01 X-15.30922 Y7.98748
G01 X-15.27132 Y7.95639
G01 X-15.24361 Y7.92866
G01 X-15.21252 Y7.89078
G01 X-15.20084 Y7.87501
G01 X-15.19073 Y7.85820
G01 X-15.16764 Y7.81497
G01 X-15.15263 Y7.77875
G01 X-15.13840 Y7.73183
G01 X-15.13363 Y7.71281
G01 X-15.13076 Y7.69340
G01 X-15.12596 Y7.64461
G01 X-15.12499 Y7.62502
G01 X-15.12499 Y6.92500
G01 X-15.12596 Y6.90542
G01 X-15.13076 Y6.85665
G01 X-15.13363 Y6.83722
G01 X-15.13840 Y6.81819
G01 X-15.15263 Y6.77128
G01 X-15.16764 Y6.73506
G01 X-15.17404 Y6.72302
G01 X-15.19007 Y6.70257
G01 X-15.21966 Y6.66828
G01 X-15.23464 Y6.65259
G01 X-15.24204 Y6.64908
G01 X-15.28268 Y6.63221
G01 X-15.32934 Y6.61550
G01 X-15.36373 Y6.60504
G01 X-15.41036 Y6.59335
G01 X-15.44054 Y6.58733
G01 X-15.48712 Y6.58042
G01 X-15.51491 Y6.57768
G01 X-15.56208 Y6.57537
G01 X-15.57330 Y6.57509
G01 X-15.56208 Y6.57537
G01 X-15.51491 Y6.57768
G01 X-15.48712 Y6.58042
G01 X-15.44054 Y6.58733
G01 X-15.41036 Y6.59335
G01 X-15.36373 Y6.60504
G01 X-15.32934 Y6.61550
G01 X-15.28268 Y6.63221
G01 X-15.24204 Y6.64908
G01 X-15.23464 Y6.65259
G01 X-15.21966 Y6.66828
G01 X-15.19007 Y6.70257
G01 X-15.17404 Y6.72302
G01 X-15.16093 Y6.73981
G01 X-15.13236 Y6.78035
G01 X-15.11399 Y6.80930
G01 X-15.11300 Y6.81652
G01 X-15.10820 Y6.85563
G01 X-15.10790 Y6.85784
G01 X-15.09975 Y6.90628
G01 X-15.09931 Y6.90847
G01 X-15.09352 Y6.93549
G01 X-15.09408 Y6.93564
G01 X-15.09352 Y6.93549
G01 X-15.09111 Y6.94344
G01 X-15.02499 Y7.11027
G01 X-15.02499 Y7.12729
G01 X-15.08044 Y7.25512
G01 X-15.08265 Y7.26137
G01 X-15.08405 Y7.26788
G01 X-15.08463 Y7.26772
G01 X-15.08405 Y7.26788
G01 X-15.10645 Y7.42287
G01 X-15.10698 Y7.43003
G01 X-15.10698 Y7.62441
G01 X-15.10759 Y7.64951
G01 X-15.10991 Y7.69668
G01 X-15.11496 Y7.74791
G01 X-15.12187 Y7.79447
G01 X-15.13271 Y7.84880
G01 X-15.14440 Y7.89543
G01 X-15.16256 Y7.95512
G01 X-15.17932 Y8.00199
G01 X-15.18148 Y8.00727
G01 X-15.20790 Y8.03369
G01 X-15.24577 Y8.06477
G01 X-15.26942 Y8.08233
G01 X-15.29466 Y8.09746
G01 X-15.33790 Y8.12055
G01 X-15.39223 Y8.14306
G01 X-15.43914 Y8.15728
G01 X-15.46769 Y8.16444
G01 X-15.49680 Y8.16876
G01 X-15.54559 Y8.17356
G01 X-15.57498 Y8.17501
G01 X-16.47498 Y8.17501
G01 X-16.50439 Y8.17356
G01 X-16.55316 Y8.16876
G01 X-16.58229 Y8.16444
G01 X-16.61084 Y8.15728
G01 X-16.64714 Y8.14628
G01 X-16.85882 Y8.09884
G01 X-16.86273 Y8.08565
G01 X-16.85882 Y8.09884
G01 X-16.98816 Y8.22817
G01 X-16.98844 Y8.22794
G01 X-16.98816 Y8.22817
G01 X-17.62499 Y9.11969
G01 X-17.62976 Y9.11816
G01 X-17.62499 Y9.11969
G01 X-17.62499 Y9.37501
G01 X-17.62953 Y9.42710
G01 X-17.64307 Y9.47762
G01 X-17.66517 Y9.52502
G01 X-17.69517 Y9.56785
G01 X-17.73215 Y9.60483
G01 X-17.77497 Y9.63482
G01 X-17.82237 Y9.65692
G01 X-17.87289 Y9.67046
G01 X-17.92499 Y9.67501
G01 X-19.12498 Y9.67501
G01 X-19.18351 Y9.66924
G01 X-19.23979 Y9.65217
G01 X-19.29166 Y9.62446
G01 X-19.33713 Y9.58715
G01 X-19.37444 Y9.54168
G01 X-19.40215 Y9.48982
G01 X-19.41922 Y9.43353
G01 X-19.42498 Y9.37501
G01 X-19.42498 Y8.17501
G01 X-19.42044 Y8.12292
G01 X-19.41673 Y8.10915
G01 X-19.37403 Y8.07712
G01 X-19.25635 Y8.02154
G01 X-19.25028 Y8.01951
G01 X-19.23619 Y8.01481
G01 X-19.19984 Y8.00432
G01 X-19.15717 Y7.99388
G01 X-19.12062 Y7.98654
G01 X-19.11716 Y7.98601
G01 X-19.11498 Y7.98560
G01 X-19.07198 Y7.97684
G01 X-19.06982 Y7.97636
G01 X-19.06443 Y7.97501
G01 X-19.03062 Y7.96653
G01 X-19.02819 Y7.96602
G01 X-18.97612 Y7.95002
G01 X-18.97383 Y7.94926
G01 X-18.93461 Y7.93521
G01 X-18.93344 Y7.93478
G01 X-18.90489 Y7.92375
G01 X-18.90378 Y7.92332
G01 X-18.85615 Y7.90359
G01 X-18.84924 Y7.90008
G01 X-18.84846 Y7.90140
G01 X-18.84924 Y7.90008
G01 X-18.84297 Y7.89553
G01 X-18.54510 Y7.64321
G01 X-17.97812 Y7.23821
G01 X-17.97790 Y7.23849
G01 X-17.97812 Y7.23821
G01 X-17.60736 Y6.86747
G01 X-17.50332 Y6.82437
G01 X-17.48082 Y6.81555
G01 X-17.41945 Y6.79292
G01 X-17.37988 Y6.78004
G01 X-17.34897 Y6.77131
G01 X-17.31902 Y6.76287
G01 X-17.28409 Y6.75446
G01 X-17.26520 Y6.75071
G01 X-17.26400 Y6.75045
G01 X-17.24208 Y6.74552
G01 X-17.24089 Y6.74524
G01 X-17.22103 Y6.74027
G01 X-17.20391 Y6.73635
G01 X-17.18897 Y6.73328
G01 X-17.18747 Y6.73295
G01 X-17.16154 Y6.72675
G01 X-17.16007 Y6.72637
G01 X-17.12529 Y6.71695
G01 X-17.09245 Y6.70826
G01 X-17.03147 Y6.69310
G01 X-17.01762 Y6.68990
G01 X-16.97089 Y6.68020
G01 X-16.95438 Y6.67760
G01 X-16.93330 Y6.67603
G01 X-16.92202 Y6.67585
G01 X-16.91620 Y6.67542
G01 X-16.91412 Y6.67501
G01 X-16.91120 Y6.67501
G01 X-16.90906 Y6.67395
G01 X-16.91049 Y6.67430
G01 X-16.91412 Y6.67501
G01 X-16.91049 Y6.67430
G01 X-16.90906 Y6.67395
G01 X-16.86182 Y6.66193
G01 X-16.81331 Y6.65043
G01 X-16.80581 Y6.64804
G01 X-16.76738 Y6.63224
G01 X-16.72062 Y6.61550
G01 X-16.68623 Y6.60504
G01 X-16.63959 Y6.59335
G01 X-16.60942 Y6.58733
G01 X-16.56284 Y6.58042
G01 X-16.53502 Y6.57768
G01 X-16.48783 Y6.57537
G01 X-16.47670 Y6.57509
G01 X-16.47498 Y6.57501
G01 X-15.57498 Y6.57501
G01 X-15.57330 Y6.57509
G01 X-15.56517 Y6.57550
G01 X-15.51641 Y6.58030
G01 X-15.50670 Y6.58174
G01 X-15.49718 Y6.58413
G01 X-15.45029 Y6.59836
G01 X-15.43218 Y6.60585
G01 X-15.38895 Y6.62896
G01 X-15.38054 Y6.63399
G01 X-15.37264 Y6.63983
G01 X-15.33477 Y6.67092
G01 X-15.32090 Y6.68479
G01 X-15.28981 Y6.72269
G01 X-15.28397 Y6.73056
G01 X-15.27892 Y6.73897
G01 X-15.25583 Y6.78220
G01 X-15.24834 Y6.80031
G01 X-15.23409 Y6.84720
G01 X-15.23172 Y6.85673
G01 X-15.23028 Y6.86643
G01 X-15.22548 Y6.91522
G01 X-15.22499 Y6.92500
G01 X-15.12499 Y6.92500
G01 X-15.09931 Y6.90847
G01 X-15.12499 Y6.92500
G01 X-15.22499 Y6.92500
G01 X-15.22499 Y7.62502
G01 X-15.22548 Y7.63480
G01 X-15.23028 Y7.68360
G01 X-15.23172 Y7.69330
G01 X-15.23409 Y7.70282
G01 X-15.24834 Y7.74971
G01 X-15.25583 Y7.76782
G01 X-15.27892 Y7.81105
G01 X-15.28397 Y7.81946
G01 X-15.28981 Y7.82734
G01 X-15.32090 Y7.86523
G01 X-15.33477 Y7.87910
G01 X-15.37264 Y7.91019
G01 X-15.38054 Y7.91603
G01 X-15.38895 Y7.92106
G01 X-15.43218 Y7.94418
G01 X-15.45029 Y7.95167
G01 X-15.49718 Y7.96589
G01 X-15.50670 Y7.96828
G01 X-15.51641 Y7.96973
G01 X-15.56517 Y7.97453
G01 X-15.57498 Y7.97501
G01 X-16.47498 Y7.97501
G01 X-16.48478 Y7.97453
G01 X-16.53355 Y7.96973
G01 X-16.54328 Y7.96828
G01 X-16.55278 Y7.96589
G01 X-16.59746 Y7.95235
G01 X-16.59903 Y7.95210
G01 X-16.92245 Y7.87961
G01 X-17.14168 Y8.09884
G01 X-17.14226 Y8.09980
G01 X-17.82499 Y9.05560
G01 X-17.82499 Y9.37501
G01 X-17.82651 Y9.39238
G01 X-17.83101 Y9.40922
G01 X-17.83837 Y9.42502
G01 X-17.84838 Y9.43930
G01 X-17.86070 Y9.45161
G01 X-17.87497 Y9.46162
G01 X-17.89077 Y9.46899
G01 X-17.90761 Y9.47348
G01 X-17.92499 Y9.47501
G01 X-19.12498 Y9.47501
G01 X-19.14449 Y9.47310
G01 X-19.16326 Y9.46739
G01 X-19.18053 Y9.45817
G01 X-19.19570 Y9.44572
G01 X-19.20814 Y9.43056
G01 X-19.21736 Y9.41329
G01 X-19.22305 Y9.39452
G01 X-19.22498 Y9.37501
G01 X-19.22498 Y8.17501
G01 X-19.22346 Y8.15764
G01 X-19.21896 Y8.14082
G01 X-19.21160 Y8.12502
G01 X-19.20159 Y8.11072
G01 X-19.18927 Y8.09840
G01 X-19.17500 Y8.08842
G01 X-19.15920 Y8.08106
G01 X-19.14236 Y8.07653
G01 X-19.12498 Y8.07501
G01 X-18.80550 Y8.07501
G01 X-17.84975 Y7.39231
G01 X-17.84874 Y7.39167
G01 X-17.37853 Y6.92147
G01 X-17.37277 Y6.91614
G01 X-17.32504 Y6.87537
G01 X-17.31234 Y6.86615
G01 X-17.25882 Y6.83336
G01 X-17.24485 Y6.82625
G01 X-17.18686 Y6.80222
G01 X-17.17193 Y6.79737
G01 X-17.11089 Y6.78271
G01 X-17.09540 Y6.78025
G01 X-17.03281 Y6.77534
G01 X-17.02499 Y6.77501
G01 X-16.88752 Y6.77501
G01 X-16.74401 Y6.70300
G01 X-16.72905 Y6.68479
G01 X-16.72247 Y6.67753
G01 X-16.71521 Y6.67092
G01 X-16.67731 Y6.63983
G01 X-16.66944 Y6.63399
G01 X-16.66101 Y6.62896
G01 X-16.61780 Y6.60585
G01 X-16.59969 Y6.59836
G01 X-16.55278 Y6.58413
G01 X-16.54328 Y6.58174
G01 X-16.53355 Y6.58030
G01 X-16.48478 Y6.57550
G01 X-16.47670 Y6.57509
G04 P0 ( dwell for no time -- G64 should not smooth over this point )
G00 Z5.00000 ( retract )

G00 X-13.16099 Y8.70000 ( rapid move to begin. )
G01 F150.00000
( Mill infeed pass 1/1 )
G01 Z-0.06000
G04 P0 ( dwell for no time -- G64 should not smooth over this point )
G01 F300.00000
G01 X-13.16099 Y8.70000
G01 X-13.16099 Y9.35001
G01 X-13.16292 Y9.36952
G01 X-13.16861 Y9.38829
G01 X-13.17783 Y9.40556
G01 X-13.19027 Y9.42073
G01 X-13.20544 Y9.43315
G01 X-13.22271 Y9.44239
G01 X-13.24148 Y9.44808
G01 X-13.26099 Y9.45001
G01 X-14.78898 Y9.45001
G01 X-14.80851 Y9.44808
G01 X-14.82725 Y9.44239
G01 X-14.84455 Y9.43315
G01 X-14.85969 Y9.42073
G01 X-14.87214 Y9.40556
G01 X-14.88138 Y9.38829
G01 X-14.88707 Y9.36952
G01 X-14.88898 Y9.35001
G01 X-14.88898 Y8.70000
G01 X-14.88707 Y8.68050
G01 X-14.88138 Y8.66175
G01 X-14.87214 Y8.64445
G01 X-14.85969 Y8.62929
G01 X-14.84455 Y8.61687
G01 X-14.82725 Y8.60762
G01 X-14.80851 Y8.60193
G01 X-14.78898 Y8.60000
G01 X-13.26099 Y8.60000
G01 X-13.24148 Y8.60193
G01 X-13.22271 Y8.60762
G01 X-13.20544 Y8.61687
G01 X-13.19027 Y8.62929
G01 X-13.17783 Y8.64445
G01 X-13.16861 Y8.66175
G01 X-13.16292 Y8.68050
G01 X-13.16099 Y8.70000
G01 X-13.06099 Y8.70000
G01 X-13.06482 Y8.66099
G01 X-13.07620 Y8.62347
G01 X-13.09469 Y8.58890
G01 X-13.11956 Y8.55860
G01 X-13.14986 Y8.53371
G01 X-13.18446 Y8.51524
G01 X-13.22197 Y8.50386
G01 X-13.26099 Y8.50000
G01 X-14.78898 Y8.50000
G01 X-14.82802 Y8.50386
G01 X-14.86553 Y8.51524
G01 X-14.90010 Y8.53371
G01 X-14.93040 Y8.55860
G01 X-14.95527 Y8.58890
G01 X-14.97376 Y8.62347
G01 X-14.98514 Y8.66099
G01 X-14.98898 Y8.70000
G01 X-14.98898 Y9.35001
G01 X-14.98514 Y9.38903
G01 X-14.97376 Y9.42654
G01 X-14.95527 Y9.46111
G01 X-14.93040 Y9.49144
G01 X-14.90010 Y9.51631
G01 X-14.86553 Y9.53480
G01 X-14.82802 Y9.54618
G01 X-14.78898 Y9.55001
G01 X-13.26099 Y9.55001
G01 X-13.22197 Y9.54618
G01 X-13.18446 Y9.53480
G01 X-13.14986 Y9.51631
G01 X-13.11956 Y9.49144
G01 X-13.09469 Y9.46111
G01 X-13.07620 Y9.42654
G01 X-13.06482 Y9.38903
G01 X-13.06099 Y9.35001
G01 X-13.06099 Y8.70000
G01 X-12.96099 Y8.70000
G01 X-12.96675 Y8.64148
G01 X-12.98382 Y8.58520
G01 X-13.01154 Y8.53335
G01 X-13.04885 Y8.48789
G01 X-13.09431 Y8.45058
G01 X-13.10836 Y8.44306
G01 X-13.13912 Y8.44003
G01 X-14.93592 Y8.44003
G01 X-14.95565 Y8.45058
G01 X-15.00112 Y8.48789
G01 X-15.03843 Y8.53335
G01 X-15.06614 Y8.58520
G01 X-15.08324 Y8.64148
G01 X-15.08898 Y8.70000
G01 X-15.08898 Y9.35001
G01 X-15.08324 Y9.40854
G01 X-15.06614 Y9.46482
G01 X-15.03843 Y9.51669
G01 X-15.00112 Y9.56216
G01 X-14.95565 Y9.59944
G01 X-14.90378 Y9.62718
G01 X-14.84752 Y9.64425
G01 X-14.78898 Y9.65001
G01 X-13.26099 Y9.65001
G01 X-13.20247 Y9.64425
G01 X-13.14618 Y9.62718
G01 X-13.09431 Y9.59944
G01 X-13.04885 Y9.56216
G01 X-13.01154 Y9.51669
G01 X-12.98382 Y9.46482
G01 X-12.96675 Y9.40854
G01 X-12.96099 Y9.35001
G01 X-12.96099 Y8.70000
G04 P0 ( dwell for no time -- G64 should not smooth over this point )
G00 Z5.00000 ( retract )

G00 X-9.90468 Y12.79199 ( rapid move to begin. )
G01 F150.00000
( Mill infeed pass 1/1 )
G01 Z-0.06000
G04 P0 ( dwell for no time -- G64 should not smooth over this point )
G01 F300.00000
G01 X-9.90468 Y12.79199
G01 X-9.73006 Y12.82346
G01 X-9.52498 Y12.89987
G01 X-9.52503 Y12.90619
G01 X-9.52498 Y12.89987
G01 X-9.14774 Y12.75936
G01 X-9.13740 Y12.75626
G01 X-9.12871 Y12.75265
G01 X-9.08182 Y12.73843
G01 X-9.06277 Y12.73365
G01 X-9.04337 Y12.73078
G01 X-8.99460 Y12.72598
G01 X-8.97499 Y12.72501
G01 X-8.07499 Y12.72501
G01 X-8.05539 Y12.72598
G01 X-8.00662 Y12.73078
G01 X-7.98719 Y12.73365
G01 X-7.96816 Y12.73843
G01 X-7.92125 Y12.75265
G01 X-7.88503 Y12.76766
G01 X-7.84182 Y12.79075
G01 X-7.82498 Y12.80086
G01 X-7.80921 Y12.81254
G01 X-7.77134 Y12.84363
G01 X-7.74360 Y12.87137
G01 X-7.71251 Y12.90924
G01 X-7.70083 Y12.92501
G01 X-7.69074 Y12.94183
G01 X-7.66763 Y12.98506
G01 X-7.65262 Y13.02128
G01 X-7.63839 Y13.06819
G01 X-7.63364 Y13.08722
G01 X-7.63075 Y13.10665
G01 X-7.62595 Y13.15542
G01 X-7.62498 Y13.17500
G01 X-7.62498 Y13.87502
G01 X-7.62595 Y13.89461
G01 X-7.63075 Y13.94340
G01 X-7.63364 Y13.96281
G01 X-7.63839 Y13.98183
G01 X-7.65262 Y14.02875
G01 X-7.66763 Y14.06497
G01 X-7.69074 Y14.10820
G01 X-7.70083 Y14.12501
G01 X-7.71251 Y14.14078
G01 X-7.74360 Y14.17866
G01 X-7.77134 Y14.20639
G01 X-7.80921 Y14.23748
G01 X-7.82498 Y14.24917
G01 X-7.84182 Y14.25928
G01 X-7.88503 Y14.28236
G01 X-7.92125 Y14.29738
G01 X-7.96816 Y14.31160
G01 X-7.98719 Y14.31638
G01 X-8.00662 Y14.31925
G01 X-8.05539 Y14.32405
G01 X-8.07499 Y14.32501
G01 X-8.97499 Y14.32501
G01 X-8.99460 Y14.32405
G01 X-9.04337 Y14.31925
G01 X-9.06277 Y14.31638
G01 X-9.08182 Y14.31160
G01 X-9.12871 Y14.29738
G01 X-9.14621 Y14.29110
G01 X-9.14774 Y14.29070
G01 X-9.52498 Y14.15018
G01 X-9.52498 Y14.14421
G01 X-9.52498 Y14.15018
G01 X-9.90222 Y14.29070
G01 X-9.91284 Y14.29387
G01 X-9.92127 Y14.29738
G01 X-9.96816 Y14.31160
G01 X-9.98721 Y14.31638
G01 X-10.00661 Y14.31925
G01 X-10.05538 Y14.32405
G01 X-10.07499 Y14.32501
G01 X-10.97499 Y14.32501
G01 X-10.99460 Y14.32405
G01 X-11.04337 Y14.31925
G01 X-11.06277 Y14.31638
G01 X-11.08182 Y14.31160
G01 X-11.12871 Y14.29738
G01 X-11.16493 Y14.28236
G01 X-11.20816 Y14.25928
G01 X-11.22500 Y14.24917
G01 X-11.24075 Y14.23748
G01 X-11.27865 Y14.20639
G01 X-11.30636 Y14.17866
G01 X-11.33745 Y14.14078
G01 X-11.34916 Y14.12501
G01 X-11.35924 Y14.10820
G01 X-11.38235 Y14.06497
G01 X-11.39734 Y14.02875
G01 X-11.41156 Y13.98183
G01 X-11.41634 Y13.96281
G01 X-11.41921 Y13.94340
G01 X-11.42404 Y13.89461
G01 X-11.42497 Y13.87502
G01 X-11.42497 Y13.17500
G01 X-11.42404 Y13.15542
G01 X-11.41921 Y13.10665
G01 X-11.41634 Y13.08722
G01 X-11.41156 Y13.06819
G01 X-11.39734 Y13.02128
G01 X-11.38235 Y12.98506
G01 X-11.37148 Y12.96474
G01 X-11.39366 Y12.99032
G01 X-11.42520 Y13.03058
G01 X-11.45360 Y13.07068
G01 X-11.48601 Y13.12166
G01 X-11.51169 Y13.16672
G01 X-11.52497 Y13.19143
G01 X-11.52500 Y13.87502
G01 X-11.52355 Y13.90441
G01 X-11.51875 Y13.95318
G01 X-11.51441 Y13.98231
G01 X-11.50727 Y14.01086
G01 X-11.49305 Y14.05778
G01 X-11.47054 Y14.11211
G01 X-11.44743 Y14.15531
G01 X-11.43229 Y14.18059
G01 X-11.41476 Y14.20423
G01 X-11.38367 Y14.24211
G01 X-11.34209 Y14.28369
G01 X-11.30420 Y14.31477
G01 X-11.28055 Y14.33233
G01 X-11.25530 Y14.34746
G01 X-11.21207 Y14.37055
G01 X-11.15774 Y14.39306
G01 X-11.11085 Y14.40728
G01 X-11.08228 Y14.41444
G01 X-11.05317 Y14.41876
G01 X-11.00440 Y14.42356
G01 X-10.97499 Y14.42501
G01 X-10.07499 Y14.42501
G01 X-10.04558 Y14.42356
G01 X-9.99681 Y14.41876
G01 X-9.96768 Y14.41444
G01 X-9.93913 Y14.40728
G01 X-9.89224 Y14.39306
G01 X-9.88185 Y14.38877
G01 X-9.86732 Y14.38442
G01 X-9.52498 Y14.25691
G01 X-9.52498 Y14.25120
G01 X-9.52498 Y14.25691
G01 X-9.18264 Y14.38442
G01 X-9.17982 Y14.38516
G01 X-9.15775 Y14.39306
G01 X-9.11086 Y14.40728
G01 X-9.08228 Y14.41444
G01 X-9.05317 Y14.41876
G01 X-9.00438 Y14.42356
G01 X-8.97499 Y14.42501
G01 X-8.07499 Y14.42501
G01 X-8.04558 Y14.42356
G01 X-7.99681 Y14.41876
G01 X-7.96768 Y14.41444
G01 X-7.93913 Y14.40728
G01 X-7.89224 Y14.39306
G01 X-7.83789 Y14.37055
G01 X-7.79468 Y14.34746
G01 X-7.76943 Y14.33233
G01 X-7.74578 Y14.31477
G01 X-7.70789 Y14.28369
G01 X-7.66631 Y14.24211
G01 X-7.63522 Y14.20423
G01 X-7.61767 Y14.18059
G01 X-7.60255 Y14.15531
G01 X-7.57944 Y14.11211
G01 X-7.55694 Y14.05778
G01 X-7.54271 Y14.01086
G01 X-7.53555 Y13.98231
G01 X-7.53123 Y13.95318
G01 X-7.52643 Y13.90441
G01 X-7.52498 Y13.87502
G01 X-7.52498 Y13.17500
G01 X-7.62498 Y13.17500
G01 X-7.72498 Y13.17500
G01 X-7.72498 Y13.87502
G01 X-7.72546 Y13.88480
G01 X-7.73027 Y13.93360
G01 X-7.73171 Y13.94330
G01 X-7.73410 Y13.95282
G01 X-7.74832 Y13.99971
G01 X-7.75582 Y14.01782
G01 X-7.77893 Y14.06105
G01 X-7.78396 Y14.06946
G01 X-7.78983 Y14.07734
G01 X-7.82092 Y14.11523
G01 X-7.83476 Y14.12910
G01 X-7.87266 Y14.16019
G01 X-7.88053 Y14.16603
G01 X-7.88896 Y14.17106
G01 X-7.93217 Y14.19418
G01 X-7.95028 Y14.20167
G01 X-7.99719 Y14.21589
G01 X-8.00669 Y14.21828
G01 X-8.01642 Y14.21973
G01 X-8.06519 Y14.22453
G01 X-8.07499 Y14.22501
G01 X-8.97499 Y14.22501
G01 X-8.98480 Y14.22453
G01 X-9.03356 Y14.21973
G01 X-9.04327 Y14.21828
G01 X-9.05279 Y14.21589
G01 X-9.09968 Y14.20167
G01 X-9.10893 Y14.19837
G01 X-9.11055 Y14.19760
G01 X-9.11284 Y14.19700
G01 X-9.52498 Y14.04348
G01 X-9.93712 Y14.19700
G01 X-9.94382 Y14.19900
G01 X-9.95028 Y14.20167
G01 X-9.99719 Y14.21589
G01 X-10.00671 Y14.21828
G01 X-10.01642 Y14.21973
G01 X-10.06519 Y14.22453
G01 X-10.07499 Y14.22501
G01 X-10.97499 Y14.22501
G01 X-10.98479 Y14.22453
G01 X-11.03356 Y14.21973
G01 X-11.04326 Y14.21828
G01 X-11.05279 Y14.21589
G01 X-11.09968 Y14.20167
G01 X-11.11779 Y14.19418
G01 X-11.16102 Y14.17106
G01 X-11.16943 Y14.16603
G01 X-11.17732 Y14.16019
G01 X-11.21520 Y14.12910
G01 X-11.22906 Y14.11523
G01 X-11.26015 Y14.07734
G01 X-11.26600 Y14.06946
G01 X-11.27105 Y14.06105
G01 X-11.29414 Y14.01782
G01 X-11.30166 Y13.99971
G01 X-11.31588 Y13.95282
G01 X-11.31827 Y13.94330
G01 X-11.31969 Y13.93360
G01 X-11.32452 Y13.88480
G01 X-11.32498 Y13.87502
G01 X-11.32498 Y13.17500
G01 X-11.32452 Y13.16522
G01 X-11.31969 Y13.11643
G01 X-11.31827 Y13.10673
G01 X-11.31588 Y13.09720
G01 X-11.30166 Y13.05031
G01 X-11.29414 Y13.03220
G01 X-11.27105 Y12.98897
G01 X-11.26600 Y12.98056
G01 X-11.26015 Y12.97269
G01 X-11.22906 Y12.93479
G01 X-11.21520 Y12.92092
G01 X-11.17732 Y12.88983
G01 X-11.16943 Y12.88399
G01 X-11.16102 Y12.87896
G01 X-11.11779 Y12.85585
G01 X-11.09968 Y12.84836
G01 X-11.05279 Y12.83413
G01 X-11.04326 Y12.83175
G01 X-11.03356 Y12.83030
G01 X-10.98479 Y12.82550
G01 X-10.97499 Y12.82501
G01 X-10.07499 Y12.82501
G01 X-10.06519 Y12.82550
G01 X-10.01642 Y12.83030
G01 X-10.00671 Y12.83175
G01 X-9.99719 Y12.83413
G01 X-9.95028 Y12.84836
G01 X-9.94215 Y12.85171
G01 X-9.93712 Y12.85306
G01 X-9.52498 Y13.00657
G01 X-9.11284 Y12.85306
G01 X-9.10644 Y12.85115
G01 X-9.09968 Y12.84836
G01 X-9.05279 Y12.83413
G01 X-9.04327 Y12.83175
G01 X-9.03356 Y12.83030
G01 X-8.98480 Y12.82550
G01 X-8.97499 Y12.82501
G01 X-8.07499 Y12.82501
G01 X-8.06519 Y12.82550
G01 X-8.01642 Y12.83030
G01 X-8.00669 Y12.83175
G01 X-7.99719 Y12.83413
G01 X-7.95028 Y12.84836
G01 X-7.93217 Y12.85585
G01 X-7.88896 Y12.87896
G01 X-7.88053 Y12.88399
G01 X-7.87266 Y12.88983
G01 X-7.83476 Y12.92092
G01 X-7.82092 Y12.93479
G01 X-7.78983 Y12.97269
G01 X-7.78396 Y12.98056
G01 X-7.77893 Y12.98897
G01 X-7.75582 Y13.03220
G01 X-7.74832 Y13.05031
G01 X-7.73410 Y13.09720
G01 X-7.73171 Y13.10673
G01 X-7.73027 Y13.11643
G01 X-7.72546 Y13.16522
G01 X-7.72498 Y13.17500
G01 X-7.62498 Y13.17500
G01 X-7.52498 Y13.17500
G01 X-7.52643 Y13.14561
G01 X-7.53123 Y13.09684
G01 X-7.53555 Y13.06771
G01 X-7.54271 Y13.03916
G01 X-7.55694 Y12.99225
G01 X-7.57944 Y12.93792
G01 X-7.60255 Y12.89471
G01 X-7.61767 Y12.86944
G01 X-7.63522 Y12.84579
G01 X-7.66631 Y12.80792
G01 X-7.70789 Y12.76634
G01 X-7.74578 Y12.73525
G01 X-7.76943 Y12.71770
G01 X-7.79468 Y12.70256
G01 X-7.83789 Y12.67947
G01 X-7.89224 Y12.65697
G01 X-7.93913 Y12.64274
G01 X-7.96768 Y12.63558
G01 X-7.99681 Y12.63126
G01 X-8.04558 Y12.62646
G01 X-8.07499 Y12.62501
G01 X-8.55409 Y12.62501
G01 X-8.96669 Y12.68917
G01 X-8.99303 Y12.69392
G01 X-9.03951 Y12.70353
G01 X-9.08944 Y12.71638
G01 X-9.13476 Y12.73048
G01 X-9.13661 Y12.73106
G01 X-9.14545 Y12.73662
G01 X-9.14647 Y12.73723
G01 X-9.15927 Y12.74483
G01 X-9.15985 Y12.74518
G01 X-9.17707 Y12.75509
G01 X-9.17923 Y12.75626
G01 X-9.22521 Y12.77980
G01 X-9.22744 Y12.78089
G01 X-9.24535 Y12.78897
G01 X-9.24761 Y12.78991
G01 X-9.29425 Y12.80825
G01 X-9.29656 Y12.80909
G01 X-9.31512 Y12.81536
G01 X-9.31490 Y12.81602
G01 X-9.31512 Y12.81536
G01 X-9.31746 Y12.81610
G01 X-9.36623 Y12.82994
G01 X-9.36859 Y12.83053
G01 X-9.38787 Y12.83500
G01 X-9.38909 Y12.83528
G01 X-9.41489 Y12.84058
G01 X-9.41611 Y12.84081
G01 X-9.51611 Y12.85882
G01 X-9.52498 Y12.85961
G01 X-9.52493 Y12.86131
G01 X-9.52498 Y12.85961
G01 X-9.53384 Y12.85882
G01 X-9.90468 Y12.79199
G01 X-9.92508 Y12.78854
G01 X-9.97232 Y12.78153
G01 X-10.01002 Y12.77780
G01 X-10.05718 Y12.77548
G01 X-10.07560 Y12.77503
G01 X-10.97435 Y12.77503
G01 X-10.99277 Y12.77548
G01 X-11.03994 Y12.77780
G01 X-11.07766 Y12.78153
G01 X-11.12421 Y12.78841
G01 X-11.16473 Y12.79652
G01 X-11.18017 Y12.80038
G01 X-11.19328 Y12.80863
G01 X-11.22757 Y12.83263
G01 X-11.26435 Y12.86116
G01 X-11.29668 Y12.88892
G01 X-11.33077 Y12.92118
G01 X-11.36231 Y12.95417
G01 X-11.37148 Y12.96474
G04 P0 ( dwell for no time -- G64 should not smooth over this point )
G00 Z5.00000 ( retract )

G00 X-16.78737 Y12.62374 ( rapid move to begin. )
G01 F150.00000
( Mill infeed pass 1/1 )
G01 Z-0.06000
G04 P0 ( dwell for no time -- G64 should not smooth over this point )
G01 F300.00000
G01 X-16.78737 Y12.62374
G01 X-17.22948 Y12.77112
G01 X-17.94937 Y12.59840
G01 X-17.95112 Y12.59809
G01 X-17.99717 Y12.58412
G01 X-18.00670 Y12.58173
G01 X-18.01640 Y12.58031
G01 X-18.06520 Y12.57548
G01 X-18.07500 Y12.57500
G01 X-18.97500 Y12.57500
G01 X-18.98478 Y12.57548
G01 X-19.03357 Y12.58031
G01 X-19.04327 Y12.58173
G01 X-19.05280 Y12.58412
G01 X-19.09969 Y12.59834
G01 X-19.11780 Y12.60586
G01 X-19.16103 Y12.62895
G01 X-19.16943 Y12.63401
G01 X-19.17731 Y12.63985
G01 X-19.21521 Y12.67094
G01 X-19.22907 Y12.68481
G01 X-19.26016 Y12.72268
G01 X-19.26601 Y12.73055
G01 X-19.27103 Y12.73898
G01 X-19.29415 Y12.78219
G01 X-19.30164 Y12.80033
G01 X-19.31587 Y12.84721
G01 X-19.31825 Y12.85674
G01 X-19.31970 Y12.86644
G01 X-19.32450 Y12.91521
G01 X-19.32498 Y12.92501
G01 X-19.32498 Y13.62501
G01 X-19.32450 Y13.63482
G01 X-19.31970 Y13.68358
G01 X-19.31825 Y13.69329
G01 X-19.31587 Y13.70281
G01 X-19.30164 Y13.74970
G01 X-19.29415 Y13.76781
G01 X-19.27103 Y13.81104
G01 X-19.26601 Y13.81947
G01 X-19.26016 Y13.82735
G01 X-19.22907 Y13.86522
G01 X-19.21521 Y13.87909
G01 X-19.17731 Y13.91018
G01 X-19.16943 Y13.91602
G01 X-19.16103 Y13.92107
G01 X-19.11780 Y13.94416
G01 X-19.09969 Y13.95168
G01 X-19.05280 Y13.96591
G01 X-19.04327 Y13.96829
G01 X-19.03357 Y13.96972
G01 X-18.98478 Y13.97454
G01 X-18.97500 Y13.97502
G01 X-18.07500 Y13.97502
G01 X-18.06520 Y13.97454
G01 X-18.01640 Y13.96972
G01 X-18.00670 Y13.96829
G01 X-17.99717 Y13.96591
G01 X-17.95092 Y13.95186
G01 X-17.94937 Y13.95166
G01 X-17.22948 Y13.77894
G01 X-16.66345 Y13.96761
G01 X-16.65877 Y13.96875
G01 X-16.64450 Y13.97309
G01 X-16.62499 Y13.97502
G01 X-15.42499 Y13.97502
G01 X-15.40548 Y13.97309
G01 X-15.38671 Y13.96740
G01 X-15.36944 Y13.95816
G01 X-15.35428 Y13.94571
G01 X-15.34183 Y13.93057
G01 X-15.33259 Y13.91328
G01 X-15.32690 Y13.89453
G01 X-15.32499 Y13.87502
G01 X-15.32499 Y12.67500
G01 X-15.32192 Y12.62733
G01 X-15.32499 Y12.67500
G01 X-15.32690 Y12.65549
G01 X-15.33259 Y12.63675
G01 X-15.34005 Y12.62278
G01 X-15.34183 Y12.61945
G01 X-15.35428 Y12.60431
G01 X-15.36944 Y12.59187
G01 X-15.38671 Y12.58262
G01 X-15.40548 Y12.57693
G01 X-15.42499 Y12.57500
G01 X-16.62499 Y12.57500
G01 X-16.64450 Y12.57693
G01 X-16.66012 Y12.58168
G01 X-16.66345 Y12.58244
G01 X-16.78737 Y12.62374
G01 X-17.22689 Y12.69507
G01 X-17.23383 Y12.69570
G01 X-17.23380 Y12.69677
G01 X-17.23383 Y12.69570
G01 X-17.24079 Y12.69537
G01 X-17.53086 Y12.66106
G01 X-17.53205 Y12.66090
G01 X-17.55008 Y12.65831
G01 X-17.55130 Y12.65814
G01 X-17.58036 Y12.65323
G01 X-17.58277 Y12.65278
G01 X-17.61795 Y12.64506
G01 X-17.61808 Y12.64559
G01 X-17.61795 Y12.64506
G01 X-17.62034 Y12.64447
G01 X-17.64871 Y12.63675
G01 X-17.65105 Y12.63604
G01 X-17.68524 Y12.62494
G01 X-17.68752 Y12.62413
G01 X-17.71523 Y12.61361
G01 X-17.71755 Y12.61267
G01 X-17.75288 Y12.59720
G01 X-17.75509 Y12.59616
G01 X-17.76911 Y12.58920
G01 X-17.93860 Y12.53220
G01 X-17.94000 Y12.53169
G01 X-17.97873 Y12.51739
G01 X-18.01798 Y12.50505
G01 X-18.06428 Y12.49293
G01 X-18.08590 Y12.48785
G01 X-18.14711 Y12.47500
G01 X-18.62407 Y12.37500
G01 X-18.97500 Y12.37500
G01 X-19.00439 Y12.37645
G01 X-19.05315 Y12.38125
G01 X-19.08229 Y12.38557
G01 X-19.11084 Y12.39273
G01 X-19.15775 Y12.40696
G01 X-19.21208 Y12.42946
G01 X-19.25529 Y12.45257
G01 X-19.28056 Y12.46771
G01 X-19.30421 Y12.48524
G01 X-19.34208 Y12.51633
G01 X-19.38366 Y12.55791
G01 X-19.41475 Y12.59580
G01 X-19.43230 Y12.61945
G01 X-19.44744 Y12.64470
G01 X-19.47053 Y12.68793
G01 X-19.49303 Y12.74226
G01 X-19.50725 Y12.78915
G01 X-19.51442 Y12.81772
G01 X-19.51874 Y12.84683
G01 X-19.52354 Y12.89560
G01 X-19.52498 Y12.92501
G01 X-19.52498 Y13.62501
G01 X-19.52354 Y13.65443
G01 X-19.51874 Y13.70319
G01 X-19.51442 Y13.73230
G01 X-19.50725 Y13.76088
G01 X-19.49303 Y13.80777
G01 X-19.47053 Y13.86210
G01 X-19.44744 Y13.90533
G01 X-19.43230 Y13.93057
G01 X-19.41475 Y13.95422
G01 X-19.38366 Y13.99212
G01 X-19.34208 Y14.03370
G01 X-19.30421 Y14.06479
G01 X-19.28056 Y14.08231
G01 X-19.25529 Y14.09745
G01 X-19.21208 Y14.12057
G01 X-19.15775 Y14.14307
G01 X-19.11084 Y14.15729
G01 X-19.08229 Y14.16443
G01 X-19.05315 Y14.16878
G01 X-19.00439 Y14.17358
G01 X-18.97500 Y14.17502
G01 X-18.07500 Y14.17502
G01 X-18.04559 Y14.17358
G01 X-17.99682 Y14.16878
G01 X-17.96768 Y14.16443
G01 X-17.93914 Y14.15729
G01 X-17.90098 Y14.14571
G01 X-17.23848 Y13.98676
G01 X-17.23830 Y13.98295
G01 X-17.23848 Y13.98676
G01 X-16.72669 Y14.15735
G01 X-16.70645 Y14.16230
G01 X-16.68351 Y14.16926
G01 X-16.62499 Y14.17502
G01 X-15.42499 Y14.17502
G01 X-15.36647 Y14.16926
G01 X-15.31018 Y14.15216
G01 X-15.25832 Y14.12445
G01 X-15.21285 Y14.08714
G01 X-15.17554 Y14.04167
G01 X-15.14783 Y13.98981
G01 X-15.13076 Y13.93355
G01 X-15.12499 Y13.87502
G01 X-15.12499 Y12.79573
G01 X-15.20782 Y12.71290
G01 X-15.22499 Y12.70002
G01 X-15.32192 Y12.62733
G01 X-15.34005 Y12.62278
G01 X-15.32192 Y12.62733
G01 X-15.22499 Y12.70002
G01 X-15.22499 Y13.87502
G01 X-15.22883 Y13.91404
G01 X-15.24021 Y13.95155
G01 X-15.25870 Y13.98612
G01 X-15.28357 Y14.01643
G01 X-15.31387 Y14.04132
G01 X-15.34846 Y14.05978
G01 X-15.38598 Y14.07116
G01 X-15.42499 Y14.07502
G01 X-16.62499 Y14.07502
G01 X-16.66400 Y14.07116
G01 X-16.68260 Y14.06552
G01 X-16.69507 Y14.06248
G01 X-17.23398 Y13.88285
G01 X-17.23380 Y13.87899
G01 X-17.23398 Y13.88285
G01 X-17.92605 Y14.04889
G01 X-17.92649 Y14.04896
G01 X-17.96817 Y14.06159
G01 X-17.98719 Y14.06636
G01 X-18.00662 Y14.06926
G01 X-18.05539 Y14.07406
G01 X-18.07500 Y14.07502
G01 X-18.97500 Y14.07502
G01 X-18.99458 Y14.07406
G01 X-19.04337 Y14.06926
G01 X-19.06278 Y14.06636
G01 X-19.08180 Y14.06159
G01 X-19.12872 Y14.04736
G01 X-19.16494 Y14.03238
G01 X-19.20817 Y14.00926
G01 X-19.22498 Y13.99918
G01 X-19.24076 Y13.98747
G01 X-19.27865 Y13.95638
G01 X-19.30637 Y13.92867
G01 X-19.33746 Y13.89077
G01 X-19.34914 Y13.87502
G01 X-19.35925 Y13.85818
G01 X-19.38234 Y13.81495
G01 X-19.39735 Y13.77873
G01 X-19.41157 Y13.73184
G01 X-19.41635 Y13.71279
G01 X-19.41922 Y13.69339
G01 X-19.42402 Y13.64462
G01 X-19.42498 Y13.62501
G01 X-19.42498 Y12.92501
G01 X-19.42402 Y12.90541
G01 X-19.41922 Y12.85664
G01 X-19.41635 Y12.83723
G01 X-19.41157 Y12.81818
G01 X-19.39735 Y12.77129
G01 X-19.38234 Y12.73507
G01 X-19.35925 Y12.69184
G01 X-19.34914 Y12.67500
G01 X-19.33746 Y12.65925
G01 X-19.30637 Y12.62136
G01 X-19.27865 Y12.59365
G01 X-19.24076 Y12.56256
G01 X-19.22498 Y12.55085
G01 X-19.20817 Y12.54076
G01 X-19.16494 Y12.51765
G01 X-19.12872 Y12.50266
G01 X-19.08180 Y12.48844
G01 X-19.06278 Y12.48366
G01 X-19.04337 Y12.48077
G01 X-18.99458 Y12.47597
G01 X-18.97500 Y12.47500
G01 X-18.14711 Y12.47500

G04 P0 ( dwell for no time -- G64 should not smooth over this point )
G00 Z30.000000 ( retract )

M5 ( Spindle off. )
G04 P1.000000
M9 ( Coolant off. )
M2 ( Program end. )

