ISO-10303-21;
HEADER;
FILE_DESCRIPTION(('KiCad electronic assembly'),'2;1');
FILE_NAME('2_power_board.step','2026-03-10T11:39:23',('Pcbnew'),('Kicad'
    ),'Open CASCADE STEP processor 7.6','KiCad to STEP converter',
  'Unknown');
FILE_SCHEMA(('AUTOMOTIVE_DESIGN { 1 0 10303 214 1 1 1 1 }'));
ENDSEC;
DATA;
#1 = APPLICATION_PROTOCOL_DEFINITION('international standard',
  'automotive_design',2000,#2);
#2 = APPLICATION_CONTEXT(
  'core data for automotive mechanical design processes');
#3 = SHAPE_DEFINITION_REPRESENTATION(#4,#10);
#4 = PRODUCT_DEFINITION_SHAPE('','',#5);
#5 = PRODUCT_DEFINITION('design','',#6,#9);
#6 = PRODUCT_DEFINITION_FORMATION('','',#7);
#7 = PRODUCT('2_power_board 1','2_power_board 1','',(#8));
#8 = PRODUCT_CONTEXT('',#2,'mechanical');
#9 = PRODUCT_DEFINITION_CONTEXT('part definition',#2,'design');
#10 = SHAPE_REPRESENTATION('',(#11,#15,#19,#23,#27,#31,#35,#39,#43,#47,
    #51),#55);
#11 = AXIS2_PLACEMENT_3D('',#12,#13,#14);
#12 = CARTESIAN_POINT('',(0.,0.,0.));
#13 = DIRECTION('',(0.,0.,1.));
#14 = DIRECTION('',(1.,0.,-0.));
#15 = AXIS2_PLACEMENT_3D('',#16,#17,#18);
#16 = CARTESIAN_POINT('',(157.155001,-117.522501,1.595));
#17 = DIRECTION('',(0.,0.,1.));
#18 = DIRECTION('',(1.,0.,0.));
#19 = AXIS2_PLACEMENT_3D('',#20,#21,#22);
#20 = CARTESIAN_POINT('',(139.290001,-100.162001,1.595));
#21 = DIRECTION('',(0.,-1.,1.110223024625E-16));
#22 = DIRECTION('',(1.,0.,0.));
#23 = AXIS2_PLACEMENT_3D('',#24,#25,#26);
#24 = CARTESIAN_POINT('',(137.150001,-113.912001,1.595));
#25 = DIRECTION('',(-0.,0.,1.));
#26 = DIRECTION('',(1.110223024625E-16,-1.,0.));
#27 = AXIS2_PLACEMENT_3D('',#28,#29,#30);
#28 = CARTESIAN_POINT('',(150.950001,-95.550001,1.595));
#29 = DIRECTION('',(1.,-1.110223024625E-16,1.110223024625E-16));
#30 = DIRECTION('',(1.110223024625E-16,1.,0.));
#31 = AXIS2_PLACEMENT_3D('',#32,#33,#34);
#32 = CARTESIAN_POINT('',(141.7,-119.8,1.595));
#33 = DIRECTION('',(0.,0.,1.));
#34 = DIRECTION('',(-1.,1.224646799147E-16,0.));
#35 = AXIS2_PLACEMENT_3D('',#36,#37,#38);
#36 = CARTESIAN_POINT('',(161.200001,-92.000001,1.595));
#37 = DIRECTION('',(-0.,0.,1.));
#38 = DIRECTION('',(1.110223024625E-16,-1.,0.));
#39 = AXIS2_PLACEMENT_3D('',#40,#41,#42);
#40 = CARTESIAN_POINT('',(139.200001,-113.912001,1.595));
#41 = DIRECTION('',(-0.,0.,1.));
#42 = DIRECTION('',(1.110223024625E-16,-1.,0.));
#43 = AXIS2_PLACEMENT_3D('',#44,#45,#46);
#44 = CARTESIAN_POINT('',(159.695001,-110.772501,1.595));
#45 = DIRECTION('',(0.,0.,1.));
#46 = DIRECTION('',(-1.,1.224646799147E-16,0.));
#47 = AXIS2_PLACEMENT_3D('',#48,#49,#50);
#48 = CARTESIAN_POINT('',(141.250001,-113.912001,1.595));
#49 = DIRECTION('',(-0.,0.,1.));
#50 = DIRECTION('',(1.110223024625E-16,-1.,0.));
#51 = AXIS2_PLACEMENT_3D('',#52,#53,#54);
#52 = CARTESIAN_POINT('',(0.,0.,0.));
#53 = DIRECTION('',(0.,0.,1.));
#54 = DIRECTION('',(1.,0.,-0.));
#55 = ( GEOMETRIC_REPRESENTATION_CONTEXT(3) 
GLOBAL_UNCERTAINTY_ASSIGNED_CONTEXT((#59)) GLOBAL_UNIT_ASSIGNED_CONTEXT(
(#56,#57,#58)) REPRESENTATION_CONTEXT('Context #1',
  '3D Context with UNIT and UNCERTAINTY') );
#56 = ( LENGTH_UNIT() NAMED_UNIT(*) SI_UNIT(.MILLI.,.METRE.) );
#57 = ( NAMED_UNIT(*) PLANE_ANGLE_UNIT() SI_UNIT($,.RADIAN.) );
#58 = ( NAMED_UNIT(*) SI_UNIT($,.STERADIAN.) SOLID_ANGLE_UNIT() );
#59 = UNCERTAINTY_MEASURE_WITH_UNIT(LENGTH_MEASURE(2.E-07),#56,
  'distance_accuracy_value','confusion accuracy');
#60 = PRODUCT_RELATED_PRODUCT_CATEGORY('part',$,(#7));
#61 = SHAPE_DEFINITION_REPRESENTATION(#62,#68);
#62 = PRODUCT_DEFINITION_SHAPE('','',#63);
#63 = PRODUCT_DEFINITION('design','',#64,#67);
#64 = PRODUCT_DEFINITION_FORMATION('','',#65);
#65 = PRODUCT(
  'TerminalBlock_Phoenix_MKDS-1,5-2-5.08_1x02_P5.08mm_Horizontal',
  'TerminalBlock_Phoenix_MKDS-1,5-2-5.08_1x02_P5.08mm_Horizontal','',(
    #66));
#66 = PRODUCT_CONTEXT('',#2,'mechanical');
#67 = PRODUCT_DEFINITION_CONTEXT('part definition',#2,'design');
#68 = ADVANCED_BREP_SHAPE_REPRESENTATION('',(#11,#69),#2690);
#69 = MANIFOLD_SOLID_BREP('',#70);
#70 = CLOSED_SHELL('',(#71,#167,#198,#244,#268,#292,#439,#463,#487,#504,
    #596,#613,#651,#762,#873,#885,#909,#933,#950,#981,#1005,#1029,#1046,
    #1077,#1101,#1125,#1142,#1171,#1194,#1217,#1234,#1263,#1286,#1309,
    #1326,#1338,#1354,#1387,#1412,#1450,#1482,#1513,#1523,#1541,#1557,
    #1590,#1615,#1653,#1685,#1716,#1726,#1744,#1756,#1768,#1799,#1816,
    #1833,#1864,#1881,#1898,#1923,#2034,#2089,#2099,#2124,#2235,#2290,
    #2300,#2316,#2333,#2350,#2367,#2377,#2387,#2418,#2442,#2466,#2483,
    #2499,#2516,#2533,#2550,#2560,#2570,#2601,#2625,#2649,#2666,#2678));
#71 = ADVANCED_FACE('',(#72),#162,.F.);
#72 = FACE_BOUND('',#73,.F.);
#73 = EDGE_LOOP('',(#74,#84,#92,#100,#108,#116,#124,#132,#140,#148,#156)
  );
#74 = ORIENTED_EDGE('',*,*,#75,.T.);
#75 = EDGE_CURVE('',#76,#78,#80,.T.);
#76 = VERTEX_POINT('',#77);
#77 = CARTESIAN_POINT('',(-2.54,-2.6,13.8));
#78 = VERTEX_POINT('',#79);
#79 = CARTESIAN_POINT('',(-2.54,-4.1,7.4));
#80 = LINE('',#81,#82);
#81 = CARTESIAN_POINT('',(-2.54,-2.6,13.8));
#82 = VECTOR('',#83,1.);
#83 = DIRECTION('',(0.,-0.228191322789,-0.973616310568));
#84 = ORIENTED_EDGE('',*,*,#85,.T.);
#85 = EDGE_CURVE('',#78,#86,#88,.T.);
#86 = VERTEX_POINT('',#87);
#87 = CARTESIAN_POINT('',(-2.54,-4.6,7.4));
#88 = LINE('',#89,#90);
#89 = CARTESIAN_POINT('',(-2.54,-4.1,7.4));
#90 = VECTOR('',#91,1.);
#91 = DIRECTION('',(0.,-1.,0.));
#92 = ORIENTED_EDGE('',*,*,#93,.T.);
#93 = EDGE_CURVE('',#86,#94,#96,.T.);
#94 = VERTEX_POINT('',#95);
#95 = CARTESIAN_POINT('',(-2.54,-4.6,0.));
#96 = LINE('',#97,#98);
#97 = CARTESIAN_POINT('',(-2.54,-4.6,13.8));
#98 = VECTOR('',#99,1.);
#99 = DIRECTION('',(0.,0.,-1.));
#100 = ORIENTED_EDGE('',*,*,#101,.T.);
#101 = EDGE_CURVE('',#94,#102,#104,.T.);
#102 = VERTEX_POINT('',#103);
#103 = CARTESIAN_POINT('',(-2.54,-3.83,0.));
#104 = LINE('',#105,#106);
#105 = CARTESIAN_POINT('',(-2.54,-4.6,0.));
#106 = VECTOR('',#107,1.);
#107 = DIRECTION('',(0.,1.,0.));
#108 = ORIENTED_EDGE('',*,*,#109,.T.);
#109 = EDGE_CURVE('',#102,#110,#112,.T.);
#110 = VERTEX_POINT('',#111);
#111 = CARTESIAN_POINT('',(-2.54,-3.83,7.));
#112 = LINE('',#113,#114);
#113 = CARTESIAN_POINT('',(-2.54,-3.83,0.));
#114 = VECTOR('',#115,1.);
#115 = DIRECTION('',(0.,0.,1.));
#116 = ORIENTED_EDGE('',*,*,#117,.T.);
#117 = EDGE_CURVE('',#110,#118,#120,.T.);
#118 = VERTEX_POINT('',#119);
#119 = CARTESIAN_POINT('',(-2.54,-3.37,7.));
#120 = LINE('',#121,#122);
#121 = CARTESIAN_POINT('',(-2.54,-3.83,7.));
#122 = VECTOR('',#123,1.);
#123 = DIRECTION('',(0.,1.,0.));
#124 = ORIENTED_EDGE('',*,*,#125,.F.);
#125 = EDGE_CURVE('',#126,#118,#128,.T.);
#126 = VERTEX_POINT('',#127);
#127 = CARTESIAN_POINT('',(-2.54,-3.37,0.));
#128 = LINE('',#129,#130);
#129 = CARTESIAN_POINT('',(-2.54,-3.37,0.));
#130 = VECTOR('',#131,1.);
#131 = DIRECTION('',(0.,0.,1.));
#132 = ORIENTED_EDGE('',*,*,#133,.T.);
#133 = EDGE_CURVE('',#126,#134,#136,.T.);
#134 = VERTEX_POINT('',#135);
#135 = CARTESIAN_POINT('',(-2.54,5.2,0.));
#136 = LINE('',#137,#138);
#137 = CARTESIAN_POINT('',(-2.54,-4.6,0.));
#138 = VECTOR('',#139,1.);
#139 = DIRECTION('',(0.,1.,0.));
#140 = ORIENTED_EDGE('',*,*,#141,.T.);
#141 = EDGE_CURVE('',#134,#142,#144,.T.);
#142 = VERTEX_POINT('',#143);
#143 = CARTESIAN_POINT('',(-2.54,5.2,4.57));
#144 = LINE('',#145,#146);
#145 = CARTESIAN_POINT('',(-2.54,5.2,0.));
#146 = VECTOR('',#147,1.);
#147 = DIRECTION('',(0.,0.,1.));
#148 = ORIENTED_EDGE('',*,*,#149,.F.);
#149 = EDGE_CURVE('',#150,#142,#152,.T.);
#150 = VERTEX_POINT('',#151);
#151 = CARTESIAN_POINT('',(-2.54,2.2,13.8));
#152 = LINE('',#153,#154);
#153 = CARTESIAN_POINT('',(-2.54,2.2,13.8));
#154 = VECTOR('',#155,1.);
#155 = DIRECTION('',(0.,0.309109370483,-0.951026496518));
#156 = ORIENTED_EDGE('',*,*,#157,.T.);
#157 = EDGE_CURVE('',#150,#76,#158,.T.);
#158 = LINE('',#159,#160);
#159 = CARTESIAN_POINT('',(-2.54,5.2,13.8));
#160 = VECTOR('',#161,1.);
#161 = DIRECTION('',(0.,-1.,0.));
#162 = PLANE('',#163);
#163 = AXIS2_PLACEMENT_3D('',#164,#165,#166);
#164 = CARTESIAN_POINT('',(-2.54,0.3,6.9));
#165 = DIRECTION('',(1.,0.,0.));
#166 = DIRECTION('',(0.,0.,1.));
#167 = ADVANCED_FACE('',(#168),#193,.F.);
#168 = FACE_BOUND('',#169,.F.);
#169 = EDGE_LOOP('',(#170,#178,#186,#192));
#170 = ORIENTED_EDGE('',*,*,#171,.T.);
#171 = EDGE_CURVE('',#76,#172,#174,.T.);
#172 = VERTEX_POINT('',#173);
#173 = CARTESIAN_POINT('',(7.62,-2.6,13.8));
#174 = LINE('',#175,#176);
#175 = CARTESIAN_POINT('',(-2.54,-2.6,13.8));
#176 = VECTOR('',#177,1.);
#177 = DIRECTION('',(1.,0.,0.));
#178 = ORIENTED_EDGE('',*,*,#179,.T.);
#179 = EDGE_CURVE('',#172,#180,#182,.T.);
#180 = VERTEX_POINT('',#181);
#181 = CARTESIAN_POINT('',(7.62,-4.1,7.4));
#182 = LINE('',#183,#184);
#183 = CARTESIAN_POINT('',(7.62,-2.6,13.8));
#184 = VECTOR('',#185,1.);
#185 = DIRECTION('',(0.,-0.228191322789,-0.973616310568));
#186 = ORIENTED_EDGE('',*,*,#187,.F.);
#187 = EDGE_CURVE('',#78,#180,#188,.T.);
#188 = LINE('',#189,#190);
#189 = CARTESIAN_POINT('',(-2.54,-4.1,7.4));
#190 = VECTOR('',#191,1.);
#191 = DIRECTION('',(1.,0.,0.));
#192 = ORIENTED_EDGE('',*,*,#75,.F.);
#193 = PLANE('',#194);
#194 = AXIS2_PLACEMENT_3D('',#195,#196,#197);
#195 = CARTESIAN_POINT('',(-2.54,-2.6,13.8));
#196 = DIRECTION('',(0.,0.973616310568,-0.228191322789));
#197 = DIRECTION('',(0.,-0.228191322789,-0.973616310568));
#198 = ADVANCED_FACE('',(#199,#217,#228),#239,.F.);
#199 = FACE_BOUND('',#200,.F.);
#200 = EDGE_LOOP('',(#201,#202,#210,#216));
#201 = ORIENTED_EDGE('',*,*,#157,.F.);
#202 = ORIENTED_EDGE('',*,*,#203,.T.);
#203 = EDGE_CURVE('',#150,#204,#206,.T.);
#204 = VERTEX_POINT('',#205);
#205 = CARTESIAN_POINT('',(7.62,2.2,13.8));
#206 = LINE('',#207,#208);
#207 = CARTESIAN_POINT('',(-2.54,2.2,13.8));
#208 = VECTOR('',#209,1.);
#209 = DIRECTION('',(1.,0.,0.));
#210 = ORIENTED_EDGE('',*,*,#211,.T.);
#211 = EDGE_CURVE('',#204,#172,#212,.T.);
#212 = LINE('',#213,#214);
#213 = CARTESIAN_POINT('',(7.62,5.2,13.8));
#214 = VECTOR('',#215,1.);
#215 = DIRECTION('',(0.,-1.,0.));
#216 = ORIENTED_EDGE('',*,*,#171,.F.);
#217 = FACE_BOUND('',#218,.F.);
#218 = EDGE_LOOP('',(#219));
#219 = ORIENTED_EDGE('',*,*,#220,.T.);
#220 = EDGE_CURVE('',#221,#221,#223,.T.);
#221 = VERTEX_POINT('',#222);
#222 = CARTESIAN_POINT('',(2.,-0.2,13.8));
#223 = CIRCLE('',#224,2.);
#224 = AXIS2_PLACEMENT_3D('',#225,#226,#227);
#225 = CARTESIAN_POINT('',(0.,-0.2,13.8));
#226 = DIRECTION('',(0.,0.,1.));
#227 = DIRECTION('',(1.,0.,-0.));
#228 = FACE_BOUND('',#229,.F.);
#229 = EDGE_LOOP('',(#230));
#230 = ORIENTED_EDGE('',*,*,#231,.T.);
#231 = EDGE_CURVE('',#232,#232,#234,.T.);
#232 = VERTEX_POINT('',#233);
#233 = CARTESIAN_POINT('',(7.08,-0.2,13.8));
#234 = CIRCLE('',#235,2.);
#235 = AXIS2_PLACEMENT_3D('',#236,#237,#238);
#236 = CARTESIAN_POINT('',(5.08,-0.2,13.8));
#237 = DIRECTION('',(0.,0.,1.));
#238 = DIRECTION('',(1.,0.,-0.));
#239 = PLANE('',#240);
#240 = AXIS2_PLACEMENT_3D('',#241,#242,#243);
#241 = CARTESIAN_POINT('',(-2.54,5.2,13.8));
#242 = DIRECTION('',(0.,0.,-1.));
#243 = DIRECTION('',(0.,-1.,0.));
#244 = ADVANCED_FACE('',(#245),#263,.T.);
#245 = FACE_BOUND('',#246,.T.);
#246 = EDGE_LOOP('',(#247,#248,#256,#262));
#247 = ORIENTED_EDGE('',*,*,#203,.T.);
#248 = ORIENTED_EDGE('',*,*,#249,.T.);
#249 = EDGE_CURVE('',#204,#250,#252,.T.);
#250 = VERTEX_POINT('',#251);
#251 = CARTESIAN_POINT('',(7.62,5.2,4.57));
#252 = LINE('',#253,#254);
#253 = CARTESIAN_POINT('',(7.62,2.2,13.8));
#254 = VECTOR('',#255,1.);
#255 = DIRECTION('',(0.,0.309109370483,-0.951026496518));
#256 = ORIENTED_EDGE('',*,*,#257,.F.);
#257 = EDGE_CURVE('',#142,#250,#258,.T.);
#258 = LINE('',#259,#260);
#259 = CARTESIAN_POINT('',(-2.54,5.2,4.57));
#260 = VECTOR('',#261,1.);
#261 = DIRECTION('',(1.,0.,0.));
#262 = ORIENTED_EDGE('',*,*,#149,.F.);
#263 = PLANE('',#264);
#264 = AXIS2_PLACEMENT_3D('',#265,#266,#267);
#265 = CARTESIAN_POINT('',(-2.54,2.2,13.8));
#266 = DIRECTION('',(0.,0.951026496518,0.309109370483));
#267 = DIRECTION('',(0.,0.309109370483,-0.951026496518));
#268 = ADVANCED_FACE('',(#269),#287,.F.);
#269 = FACE_BOUND('',#270,.F.);
#270 = EDGE_LOOP('',(#271,#272,#280,#286));
#271 = ORIENTED_EDGE('',*,*,#141,.F.);
#272 = ORIENTED_EDGE('',*,*,#273,.T.);
#273 = EDGE_CURVE('',#134,#274,#276,.T.);
#274 = VERTEX_POINT('',#275);
#275 = CARTESIAN_POINT('',(7.62,5.2,0.));
#276 = LINE('',#277,#278);
#277 = CARTESIAN_POINT('',(-2.54,5.2,0.));
#278 = VECTOR('',#279,1.);
#279 = DIRECTION('',(1.,0.,0.));
#280 = ORIENTED_EDGE('',*,*,#281,.T.);
#281 = EDGE_CURVE('',#274,#250,#282,.T.);
#282 = LINE('',#283,#284);
#283 = CARTESIAN_POINT('',(7.62,5.2,0.));
#284 = VECTOR('',#285,1.);
#285 = DIRECTION('',(0.,0.,1.));
#286 = ORIENTED_EDGE('',*,*,#257,.F.);
#287 = PLANE('',#288);
#288 = AXIS2_PLACEMENT_3D('',#289,#290,#291);
#289 = CARTESIAN_POINT('',(-2.54,5.2,0.));
#290 = DIRECTION('',(0.,-1.,0.));
#291 = DIRECTION('',(0.,0.,1.));
#292 = ADVANCED_FACE('',(#293,#366,#400),#434,.T.);
#293 = FACE_BOUND('',#294,.T.);
#294 = EDGE_LOOP('',(#295,#296,#304,#312,#318,#319,#320,#328,#336,#344,
    #352,#360));
#295 = ORIENTED_EDGE('',*,*,#101,.T.);
#296 = ORIENTED_EDGE('',*,*,#297,.F.);
#297 = EDGE_CURVE('',#298,#102,#300,.T.);
#298 = VERTEX_POINT('',#299);
#299 = CARTESIAN_POINT('',(-3.28,-4.06,0.));
#300 = LINE('',#301,#302);
#301 = CARTESIAN_POINT('',(-3.28,-4.06,0.));
#302 = VECTOR('',#303,1.);
#303 = DIRECTION('',(0.954938084056,0.296805080179,0.));
#304 = ORIENTED_EDGE('',*,*,#305,.F.);
#305 = EDGE_CURVE('',#306,#298,#308,.T.);
#306 = VERTEX_POINT('',#307);
#307 = CARTESIAN_POINT('',(-3.28,-3.14,0.));
#308 = LINE('',#309,#310);
#309 = CARTESIAN_POINT('',(-3.28,-3.14,0.));
#310 = VECTOR('',#311,1.);
#311 = DIRECTION('',(0.,-1.,0.));
#312 = ORIENTED_EDGE('',*,*,#313,.F.);
#313 = EDGE_CURVE('',#126,#306,#314,.T.);
#314 = LINE('',#315,#316);
#315 = CARTESIAN_POINT('',(-2.54,-3.37,0.));
#316 = VECTOR('',#317,1.);
#317 = DIRECTION('',(-0.954938084056,0.296805080179,0.));
#318 = ORIENTED_EDGE('',*,*,#133,.T.);
#319 = ORIENTED_EDGE('',*,*,#273,.T.);
#320 = ORIENTED_EDGE('',*,*,#321,.F.);
#321 = EDGE_CURVE('',#322,#274,#324,.T.);
#322 = VERTEX_POINT('',#323);
#323 = CARTESIAN_POINT('',(7.62,-3.37,0.));
#324 = LINE('',#325,#326);
#325 = CARTESIAN_POINT('',(7.62,-4.6,0.));
#326 = VECTOR('',#327,1.);
#327 = DIRECTION('',(0.,1.,0.));
#328 = ORIENTED_EDGE('',*,*,#329,.T.);
#329 = EDGE_CURVE('',#322,#330,#332,.T.);
#330 = VERTEX_POINT('',#331);
#331 = CARTESIAN_POINT('',(6.88,-3.14,0.));
#332 = LINE('',#333,#334);
#333 = CARTESIAN_POINT('',(7.62,-3.37,0.));
#334 = VECTOR('',#335,1.);
#335 = DIRECTION('',(-0.954938084056,0.296805080179,0.));
#336 = ORIENTED_EDGE('',*,*,#337,.T.);
#337 = EDGE_CURVE('',#330,#338,#340,.T.);
#338 = VERTEX_POINT('',#339);
#339 = CARTESIAN_POINT('',(6.88,-4.06,0.));
#340 = LINE('',#341,#342);
#341 = CARTESIAN_POINT('',(6.88,-3.14,0.));
#342 = VECTOR('',#343,1.);
#343 = DIRECTION('',(0.,-1.,0.));
#344 = ORIENTED_EDGE('',*,*,#345,.T.);
#345 = EDGE_CURVE('',#338,#346,#348,.T.);
#346 = VERTEX_POINT('',#347);
#347 = CARTESIAN_POINT('',(7.62,-3.83,0.));
#348 = LINE('',#349,#350);
#349 = CARTESIAN_POINT('',(6.88,-4.06,0.));
#350 = VECTOR('',#351,1.);
#351 = DIRECTION('',(0.954938084056,0.296805080179,0.));
#352 = ORIENTED_EDGE('',*,*,#353,.F.);
#353 = EDGE_CURVE('',#354,#346,#356,.T.);
#354 = VERTEX_POINT('',#355);
#355 = CARTESIAN_POINT('',(7.62,-4.6,0.));
#356 = LINE('',#357,#358);
#357 = CARTESIAN_POINT('',(7.62,-4.6,0.));
#358 = VECTOR('',#359,1.);
#359 = DIRECTION('',(0.,1.,0.));
#360 = ORIENTED_EDGE('',*,*,#361,.F.);
#361 = EDGE_CURVE('',#94,#354,#362,.T.);
#362 = LINE('',#363,#364);
#363 = CARTESIAN_POINT('',(-2.54,-4.6,0.));
#364 = VECTOR('',#365,1.);
#365 = DIRECTION('',(1.,0.,0.));
#366 = FACE_BOUND('',#367,.T.);
#367 = EDGE_LOOP('',(#368,#378,#386,#394));
#368 = ORIENTED_EDGE('',*,*,#369,.F.);
#369 = EDGE_CURVE('',#370,#372,#374,.T.);
#370 = VERTEX_POINT('',#371);
#371 = CARTESIAN_POINT('',(0.45,-0.5,0.));
#372 = VERTEX_POINT('',#373);
#373 = CARTESIAN_POINT('',(-0.45,-0.5,0.));
#374 = LINE('',#375,#376);
#375 = CARTESIAN_POINT('',(1.016455404463,-0.5,0.));
#376 = VECTOR('',#377,1.);
#377 = DIRECTION('',(-1.,0.,0.));
#378 = ORIENTED_EDGE('',*,*,#379,.F.);
#379 = EDGE_CURVE('',#380,#370,#382,.T.);
#380 = VERTEX_POINT('',#381);
#381 = CARTESIAN_POINT('',(0.45,0.5,0.));
#382 = LINE('',#383,#384);
#383 = CARTESIAN_POINT('',(0.45,-0.278389360104,0.));
#384 = VECTOR('',#385,1.);
#385 = DIRECTION('',(0.,-1.,0.));
#386 = ORIENTED_EDGE('',*,*,#387,.F.);
#387 = EDGE_CURVE('',#388,#380,#390,.T.);
#388 = VERTEX_POINT('',#389);
#389 = CARTESIAN_POINT('',(-0.45,0.5,0.));
#390 = LINE('',#391,#392);
#391 = CARTESIAN_POINT('',(1.466455404463,0.5,0.));
#392 = VECTOR('',#393,1.);
#393 = DIRECTION('',(1.,0.,0.));
#394 = ORIENTED_EDGE('',*,*,#395,.F.);
#395 = EDGE_CURVE('',#372,#388,#396,.T.);
#396 = LINE('',#397,#398);
#397 = CARTESIAN_POINT('',(-0.45,0.221610639896,0.));
#398 = VECTOR('',#399,1.);
#399 = DIRECTION('',(0.,1.,0.));
#400 = FACE_BOUND('',#401,.T.);
#401 = EDGE_LOOP('',(#402,#412,#420,#428));
#402 = ORIENTED_EDGE('',*,*,#403,.F.);
#403 = EDGE_CURVE('',#404,#406,#408,.T.);
#404 = VERTEX_POINT('',#405);
#405 = CARTESIAN_POINT('',(5.53,-0.5,0.));
#406 = VERTEX_POINT('',#407);
#407 = CARTESIAN_POINT('',(4.63,-0.5,0.));
#408 = LINE('',#409,#410);
#409 = CARTESIAN_POINT('',(3.556455404463,-0.5,0.));
#410 = VECTOR('',#411,1.);
#411 = DIRECTION('',(-1.,0.,0.));
#412 = ORIENTED_EDGE('',*,*,#413,.F.);
#413 = EDGE_CURVE('',#414,#404,#416,.T.);
#414 = VERTEX_POINT('',#415);
#415 = CARTESIAN_POINT('',(5.53,0.5,0.));
#416 = LINE('',#417,#418);
#417 = CARTESIAN_POINT('',(5.53,-0.278389360104,0.));
#418 = VECTOR('',#419,1.);
#419 = DIRECTION('',(0.,-1.,0.));
#420 = ORIENTED_EDGE('',*,*,#421,.F.);
#421 = EDGE_CURVE('',#422,#414,#424,.T.);
#422 = VERTEX_POINT('',#423);
#423 = CARTESIAN_POINT('',(4.63,0.5,0.));
#424 = LINE('',#425,#426);
#425 = CARTESIAN_POINT('',(4.006455404463,0.5,0.));
#426 = VECTOR('',#427,1.);
#427 = DIRECTION('',(1.,0.,0.));
#428 = ORIENTED_EDGE('',*,*,#429,.F.);
#429 = EDGE_CURVE('',#406,#422,#430,.T.);
#430 = LINE('',#431,#432);
#431 = CARTESIAN_POINT('',(4.63,0.221610639896,0.));
#432 = VECTOR('',#433,1.);
#433 = DIRECTION('',(0.,1.,0.));
#434 = PLANE('',#435);
#435 = AXIS2_PLACEMENT_3D('',#436,#437,#438);
#436 = CARTESIAN_POINT('',(2.482910808926,-5.677872020754E-02,0.));
#437 = DIRECTION('',(-0.,-0.,-1.));
#438 = DIRECTION('',(-1.,0.,0.));
#439 = ADVANCED_FACE('',(#440),#458,.F.);
#440 = FACE_BOUND('',#441,.F.);
#441 = EDGE_LOOP('',(#442,#443,#451,#457));
#442 = ORIENTED_EDGE('',*,*,#125,.T.);
#443 = ORIENTED_EDGE('',*,*,#444,.T.);
#444 = EDGE_CURVE('',#118,#445,#447,.T.);
#445 = VERTEX_POINT('',#446);
#446 = CARTESIAN_POINT('',(-3.28,-3.14,7.));
#447 = LINE('',#448,#449);
#448 = CARTESIAN_POINT('',(-2.54,-3.37,7.));
#449 = VECTOR('',#450,1.);
#450 = DIRECTION('',(-0.954938084056,0.296805080179,0.));
#451 = ORIENTED_EDGE('',*,*,#452,.F.);
#452 = EDGE_CURVE('',#306,#445,#453,.T.);
#453 = LINE('',#454,#455);
#454 = CARTESIAN_POINT('',(-3.28,-3.14,0.));
#455 = VECTOR('',#456,1.);
#456 = DIRECTION('',(0.,0.,1.));
#457 = ORIENTED_EDGE('',*,*,#313,.F.);
#458 = PLANE('',#459);
#459 = AXIS2_PLACEMENT_3D('',#460,#461,#462);
#460 = CARTESIAN_POINT('',(-2.54,-3.37,0.));
#461 = DIRECTION('',(-0.296805080179,-0.954938084056,0.));
#462 = DIRECTION('',(-0.954938084056,0.296805080179,0.));
#463 = ADVANCED_FACE('',(#464),#482,.T.);
#464 = FACE_BOUND('',#465,.T.);
#465 = EDGE_LOOP('',(#466,#467,#475,#481));
#466 = ORIENTED_EDGE('',*,*,#444,.T.);
#467 = ORIENTED_EDGE('',*,*,#468,.T.);
#468 = EDGE_CURVE('',#445,#469,#471,.T.);
#469 = VERTEX_POINT('',#470);
#470 = CARTESIAN_POINT('',(-3.28,-4.06,7.));
#471 = LINE('',#472,#473);
#472 = CARTESIAN_POINT('',(-3.28,-3.14,7.));
#473 = VECTOR('',#474,1.);
#474 = DIRECTION('',(0.,-1.,0.));
#475 = ORIENTED_EDGE('',*,*,#476,.T.);
#476 = EDGE_CURVE('',#469,#110,#477,.T.);
#477 = LINE('',#478,#479);
#478 = CARTESIAN_POINT('',(-3.28,-4.06,7.));
#479 = VECTOR('',#480,1.);
#480 = DIRECTION('',(0.954938084056,0.296805080179,0.));
#481 = ORIENTED_EDGE('',*,*,#117,.T.);
#482 = PLANE('',#483);
#483 = AXIS2_PLACEMENT_3D('',#484,#485,#486);
#484 = CARTESIAN_POINT('',(-2.968091935206,-3.6,7.));
#485 = DIRECTION('',(0.,0.,1.));
#486 = DIRECTION('',(1.,0.,-0.));
#487 = ADVANCED_FACE('',(#488),#499,.F.);
#488 = FACE_BOUND('',#489,.F.);
#489 = EDGE_LOOP('',(#490,#496,#497,#498));
#490 = ORIENTED_EDGE('',*,*,#491,.T.);
#491 = EDGE_CURVE('',#298,#469,#492,.T.);
#492 = LINE('',#493,#494);
#493 = CARTESIAN_POINT('',(-3.28,-4.06,0.));
#494 = VECTOR('',#495,1.);
#495 = DIRECTION('',(0.,0.,1.));
#496 = ORIENTED_EDGE('',*,*,#476,.T.);
#497 = ORIENTED_EDGE('',*,*,#109,.F.);
#498 = ORIENTED_EDGE('',*,*,#297,.F.);
#499 = PLANE('',#500);
#500 = AXIS2_PLACEMENT_3D('',#501,#502,#503);
#501 = CARTESIAN_POINT('',(-3.28,-4.06,0.));
#502 = DIRECTION('',(-0.296805080179,0.954938084056,0.));
#503 = DIRECTION('',(0.954938084056,0.296805080179,0.));
#504 = ADVANCED_FACE('',(#505,#523,#557),#591,.F.);
#505 = FACE_BOUND('',#506,.F.);
#506 = EDGE_LOOP('',(#507,#508,#516,#522));
#507 = ORIENTED_EDGE('',*,*,#93,.F.);
#508 = ORIENTED_EDGE('',*,*,#509,.T.);
#509 = EDGE_CURVE('',#86,#510,#512,.T.);
#510 = VERTEX_POINT('',#511);
#511 = CARTESIAN_POINT('',(7.62,-4.6,7.4));
#512 = LINE('',#513,#514);
#513 = CARTESIAN_POINT('',(-2.54,-4.6,7.4));
#514 = VECTOR('',#515,1.);
#515 = DIRECTION('',(1.,0.,0.));
#516 = ORIENTED_EDGE('',*,*,#517,.T.);
#517 = EDGE_CURVE('',#510,#354,#518,.T.);
#518 = LINE('',#519,#520);
#519 = CARTESIAN_POINT('',(7.62,-4.6,13.8));
#520 = VECTOR('',#521,1.);
#521 = DIRECTION('',(0.,0.,-1.));
#522 = ORIENTED_EDGE('',*,*,#361,.F.);
#523 = FACE_BOUND('',#524,.F.);
#524 = EDGE_LOOP('',(#525,#535,#543,#551));
#525 = ORIENTED_EDGE('',*,*,#526,.F.);
#526 = EDGE_CURVE('',#527,#529,#531,.T.);
#527 = VERTEX_POINT('',#528);
#528 = CARTESIAN_POINT('',(6.88,-4.6,1.6));
#529 = VERTEX_POINT('',#530);
#530 = CARTESIAN_POINT('',(3.28,-4.6,1.6));
#531 = LINE('',#532,#533);
#532 = CARTESIAN_POINT('',(6.88,-4.6,1.6));
#533 = VECTOR('',#534,1.);
#534 = DIRECTION('',(-1.,0.,-1.233581138472E-16));
#535 = ORIENTED_EDGE('',*,*,#536,.F.);
#536 = EDGE_CURVE('',#537,#527,#539,.T.);
#537 = VERTEX_POINT('',#538);
#538 = CARTESIAN_POINT('',(6.88,-4.6,6.8));
#539 = LINE('',#540,#541);
#540 = CARTESIAN_POINT('',(6.88,-4.6,6.8));
#541 = VECTOR('',#542,1.);
#542 = DIRECTION('',(0.,0.,-1.));
#543 = ORIENTED_EDGE('',*,*,#544,.F.);
#544 = EDGE_CURVE('',#545,#537,#547,.T.);
#545 = VERTEX_POINT('',#546);
#546 = CARTESIAN_POINT('',(3.28,-4.6,6.8));
#547 = LINE('',#548,#549);
#548 = CARTESIAN_POINT('',(3.28,-4.6,6.8));
#549 = VECTOR('',#550,1.);
#550 = DIRECTION('',(1.,0.,2.467162276945E-16));
#551 = ORIENTED_EDGE('',*,*,#552,.F.);
#552 = EDGE_CURVE('',#529,#545,#553,.T.);
#553 = LINE('',#554,#555);
#554 = CARTESIAN_POINT('',(3.28,-4.6,1.6));
#555 = VECTOR('',#556,1.);
#556 = DIRECTION('',(0.,0.,1.));
#557 = FACE_BOUND('',#558,.F.);
#558 = EDGE_LOOP('',(#559,#569,#577,#585));
#559 = ORIENTED_EDGE('',*,*,#560,.F.);
#560 = EDGE_CURVE('',#561,#563,#565,.T.);
#561 = VERTEX_POINT('',#562);
#562 = CARTESIAN_POINT('',(1.8,-4.6,1.6));
#563 = VERTEX_POINT('',#564);
#564 = CARTESIAN_POINT('',(-1.8,-4.6,1.6));
#565 = LINE('',#566,#567);
#566 = CARTESIAN_POINT('',(1.8,-4.6,1.6));
#567 = VECTOR('',#568,1.);
#568 = DIRECTION('',(-1.,0.,-1.233581138472E-16));
#569 = ORIENTED_EDGE('',*,*,#570,.F.);
#570 = EDGE_CURVE('',#571,#561,#573,.T.);
#571 = VERTEX_POINT('',#572);
#572 = CARTESIAN_POINT('',(1.8,-4.6,6.8));
#573 = LINE('',#574,#575);
#574 = CARTESIAN_POINT('',(1.8,-4.6,6.8));
#575 = VECTOR('',#576,1.);
#576 = DIRECTION('',(0.,0.,-1.));
#577 = ORIENTED_EDGE('',*,*,#578,.F.);
#578 = EDGE_CURVE('',#579,#571,#581,.T.);
#579 = VERTEX_POINT('',#580);
#580 = CARTESIAN_POINT('',(-1.8,-4.6,6.8));
#581 = LINE('',#582,#583);
#582 = CARTESIAN_POINT('',(-1.8,-4.6,6.8));
#583 = VECTOR('',#584,1.);
#584 = DIRECTION('',(1.,0.,2.467162276945E-16));
#585 = ORIENTED_EDGE('',*,*,#586,.F.);
#586 = EDGE_CURVE('',#563,#579,#587,.T.);
#587 = LINE('',#588,#589);
#588 = CARTESIAN_POINT('',(-1.8,-4.6,1.6));
#589 = VECTOR('',#590,1.);
#590 = DIRECTION('',(0.,0.,1.));
#591 = PLANE('',#592);
#592 = AXIS2_PLACEMENT_3D('',#593,#594,#595);
#593 = CARTESIAN_POINT('',(-2.54,-4.6,13.8));
#594 = DIRECTION('',(0.,1.,0.));
#595 = DIRECTION('',(0.,0.,-1.));
#596 = ADVANCED_FACE('',(#597),#608,.F.);
#597 = FACE_BOUND('',#598,.F.);
#598 = EDGE_LOOP('',(#599,#600,#606,#607));
#599 = ORIENTED_EDGE('',*,*,#187,.T.);
#600 = ORIENTED_EDGE('',*,*,#601,.T.);
#601 = EDGE_CURVE('',#180,#510,#602,.T.);
#602 = LINE('',#603,#604);
#603 = CARTESIAN_POINT('',(7.62,-4.1,7.4));
#604 = VECTOR('',#605,1.);
#605 = DIRECTION('',(0.,-1.,0.));
#606 = ORIENTED_EDGE('',*,*,#509,.F.);
#607 = ORIENTED_EDGE('',*,*,#85,.F.);
#608 = PLANE('',#609);
#609 = AXIS2_PLACEMENT_3D('',#610,#611,#612);
#610 = CARTESIAN_POINT('',(-2.54,-4.1,7.4));
#611 = DIRECTION('',(0.,0.,-1.));
#612 = DIRECTION('',(0.,-1.,0.));
#613 = ADVANCED_FACE('',(#614),#646,.T.);
#614 = FACE_BOUND('',#615,.T.);
#615 = EDGE_LOOP('',(#616,#617,#618,#619,#620,#628,#636,#642,#643,#644,
    #645));
#616 = ORIENTED_EDGE('',*,*,#179,.T.);
#617 = ORIENTED_EDGE('',*,*,#601,.T.);
#618 = ORIENTED_EDGE('',*,*,#517,.T.);
#619 = ORIENTED_EDGE('',*,*,#353,.T.);
#620 = ORIENTED_EDGE('',*,*,#621,.T.);
#621 = EDGE_CURVE('',#346,#622,#624,.T.);
#622 = VERTEX_POINT('',#623);
#623 = CARTESIAN_POINT('',(7.62,-3.83,7.));
#624 = LINE('',#625,#626);
#625 = CARTESIAN_POINT('',(7.62,-3.83,0.));
#626 = VECTOR('',#627,1.);
#627 = DIRECTION('',(0.,0.,1.));
#628 = ORIENTED_EDGE('',*,*,#629,.T.);
#629 = EDGE_CURVE('',#622,#630,#632,.T.);
#630 = VERTEX_POINT('',#631);
#631 = CARTESIAN_POINT('',(7.62,-3.37,7.));
#632 = LINE('',#633,#634);
#633 = CARTESIAN_POINT('',(7.62,-3.83,7.));
#634 = VECTOR('',#635,1.);
#635 = DIRECTION('',(-3.861645303044E-15,1.,0.));
#636 = ORIENTED_EDGE('',*,*,#637,.F.);
#637 = EDGE_CURVE('',#322,#630,#638,.T.);
#638 = LINE('',#639,#640);
#639 = CARTESIAN_POINT('',(7.62,-3.37,0.));
#640 = VECTOR('',#641,1.);
#641 = DIRECTION('',(0.,0.,1.));
#642 = ORIENTED_EDGE('',*,*,#321,.T.);
#643 = ORIENTED_EDGE('',*,*,#281,.T.);
#644 = ORIENTED_EDGE('',*,*,#249,.F.);
#645 = ORIENTED_EDGE('',*,*,#211,.T.);
#646 = PLANE('',#647);
#647 = AXIS2_PLACEMENT_3D('',#648,#649,#650);
#648 = CARTESIAN_POINT('',(7.62,0.3,6.9));
#649 = DIRECTION('',(1.,0.,0.));
#650 = DIRECTION('',(0.,0.,1.));
#651 = ADVANCED_FACE('',(#652),#757,.F.);
#652 = FACE_BOUND('',#653,.F.);
#653 = EDGE_LOOP('',(#654,#662,#663,#664,#673,#681,#690,#698,#707,#715,
    #724,#733,#742,#750));
#654 = ORIENTED_EDGE('',*,*,#655,.F.);
#655 = EDGE_CURVE('',#221,#656,#658,.T.);
#656 = VERTEX_POINT('',#657);
#657 = CARTESIAN_POINT('',(2.,-0.2,2.4));
#658 = LINE('',#659,#660);
#659 = CARTESIAN_POINT('',(2.,-0.2,13.8));
#660 = VECTOR('',#661,1.);
#661 = DIRECTION('',(-0.,-0.,-1.));
#662 = ORIENTED_EDGE('',*,*,#220,.F.);
#663 = ORIENTED_EDGE('',*,*,#655,.T.);
#664 = ORIENTED_EDGE('',*,*,#665,.T.);
#665 = EDGE_CURVE('',#656,#666,#668,.T.);
#666 = VERTEX_POINT('',#667);
#667 = CARTESIAN_POINT('',(1.4,1.228285685709,2.4));
#668 = CIRCLE('',#669,2.);
#669 = AXIS2_PLACEMENT_3D('',#670,#671,#672);
#670 = CARTESIAN_POINT('',(0.,-0.2,2.4));
#671 = DIRECTION('',(0.,0.,1.));
#672 = DIRECTION('',(1.,0.,-0.));
#673 = ORIENTED_EDGE('',*,*,#674,.T.);
#674 = EDGE_CURVE('',#666,#675,#677,.T.);
#675 = VERTEX_POINT('',#676);
#676 = CARTESIAN_POINT('',(1.4,1.228285685709,5.1));
#677 = LINE('',#678,#679);
#678 = CARTESIAN_POINT('',(1.4,1.228285685709,13.8));
#679 = VECTOR('',#680,1.);
#680 = DIRECTION('',(0.,0.,1.));
#681 = ORIENTED_EDGE('',*,*,#682,.T.);
#682 = EDGE_CURVE('',#675,#683,#685,.T.);
#683 = VERTEX_POINT('',#684);
#684 = CARTESIAN_POINT('',(-1.4,1.228285685709,5.1));
#685 = CIRCLE('',#686,2.);
#686 = AXIS2_PLACEMENT_3D('',#687,#688,#689);
#687 = CARTESIAN_POINT('',(0.,-0.2,5.1));
#688 = DIRECTION('',(0.,0.,1.));
#689 = DIRECTION('',(1.,0.,-0.));
#690 = ORIENTED_EDGE('',*,*,#691,.F.);
#691 = EDGE_CURVE('',#692,#683,#694,.T.);
#692 = VERTEX_POINT('',#693);
#693 = CARTESIAN_POINT('',(-1.4,1.228285685709,2.4));
#694 = LINE('',#695,#696);
#695 = CARTESIAN_POINT('',(-1.4,1.228285685709,13.8));
#696 = VECTOR('',#697,1.);
#697 = DIRECTION('',(0.,0.,1.));
#698 = ORIENTED_EDGE('',*,*,#699,.T.);
#699 = EDGE_CURVE('',#692,#700,#702,.T.);
#700 = VERTEX_POINT('',#701);
#701 = CARTESIAN_POINT('',(-1.4,-1.628285685709,2.4));
#702 = CIRCLE('',#703,2.);
#703 = AXIS2_PLACEMENT_3D('',#704,#705,#706);
#704 = CARTESIAN_POINT('',(0.,-0.2,2.4));
#705 = DIRECTION('',(0.,0.,1.));
#706 = DIRECTION('',(1.,0.,-0.));
#707 = ORIENTED_EDGE('',*,*,#708,.T.);
#708 = EDGE_CURVE('',#700,#709,#711,.T.);
#709 = VERTEX_POINT('',#710);
#710 = CARTESIAN_POINT('',(-1.4,-1.628285685709,5.1));
#711 = LINE('',#712,#713);
#712 = CARTESIAN_POINT('',(-1.4,-1.628285685709,13.8));
#713 = VECTOR('',#714,1.);
#714 = DIRECTION('',(0.,0.,1.));
#715 = ORIENTED_EDGE('',*,*,#716,.T.);
#716 = EDGE_CURVE('',#709,#717,#719,.T.);
#717 = VERTEX_POINT('',#718);
#718 = CARTESIAN_POINT('',(-0.871779788708,-2.,5.1));
#719 = CIRCLE('',#720,2.);
#720 = AXIS2_PLACEMENT_3D('',#721,#722,#723);
#721 = CARTESIAN_POINT('',(0.,-0.2,5.1));
#722 = DIRECTION('',(0.,0.,1.));
#723 = DIRECTION('',(1.,0.,-0.));
#724 = ORIENTED_EDGE('',*,*,#725,.T.);
#725 = EDGE_CURVE('',#717,#726,#728,.T.);
#726 = VERTEX_POINT('',#727);
#727 = CARTESIAN_POINT('',(0.871779788708,-2.,5.1));
#728 = CIRCLE('',#729,2.);
#729 = AXIS2_PLACEMENT_3D('',#730,#731,#732);
#730 = CARTESIAN_POINT('',(0.,-0.2,5.1));
#731 = DIRECTION('',(0.,0.,1.));
#732 = DIRECTION('',(1.,0.,-0.));
#733 = ORIENTED_EDGE('',*,*,#734,.T.);
#734 = EDGE_CURVE('',#726,#735,#737,.T.);
#735 = VERTEX_POINT('',#736);
#736 = CARTESIAN_POINT('',(1.4,-1.628285685709,5.1));
#737 = CIRCLE('',#738,2.);
#738 = AXIS2_PLACEMENT_3D('',#739,#740,#741);
#739 = CARTESIAN_POINT('',(0.,-0.2,5.1));
#740 = DIRECTION('',(0.,0.,1.));
#741 = DIRECTION('',(1.,0.,-0.));
#742 = ORIENTED_EDGE('',*,*,#743,.F.);
#743 = EDGE_CURVE('',#744,#735,#746,.T.);
#744 = VERTEX_POINT('',#745);
#745 = CARTESIAN_POINT('',(1.4,-1.628285685709,2.4));
#746 = LINE('',#747,#748);
#747 = CARTESIAN_POINT('',(1.4,-1.628285685709,13.8));
#748 = VECTOR('',#749,1.);
#749 = DIRECTION('',(0.,0.,1.));
#750 = ORIENTED_EDGE('',*,*,#751,.T.);
#751 = EDGE_CURVE('',#744,#656,#752,.T.);
#752 = CIRCLE('',#753,2.);
#753 = AXIS2_PLACEMENT_3D('',#754,#755,#756);
#754 = CARTESIAN_POINT('',(0.,-0.2,2.4));
#755 = DIRECTION('',(0.,0.,1.));
#756 = DIRECTION('',(1.,0.,-0.));
#757 = CYLINDRICAL_SURFACE('',#758,2.);
#758 = AXIS2_PLACEMENT_3D('',#759,#760,#761);
#759 = CARTESIAN_POINT('',(0.,-0.2,13.8));
#760 = DIRECTION('',(0.,0.,1.));
#761 = DIRECTION('',(1.,0.,-0.));
#762 = ADVANCED_FACE('',(#763),#868,.F.);
#763 = FACE_BOUND('',#764,.F.);
#764 = EDGE_LOOP('',(#765,#773,#774,#775,#784,#792,#801,#809,#818,#826,
    #835,#844,#853,#861));
#765 = ORIENTED_EDGE('',*,*,#766,.F.);
#766 = EDGE_CURVE('',#232,#767,#769,.T.);
#767 = VERTEX_POINT('',#768);
#768 = CARTESIAN_POINT('',(7.08,-0.2,2.4));
#769 = LINE('',#770,#771);
#770 = CARTESIAN_POINT('',(7.08,-0.2,13.8));
#771 = VECTOR('',#772,1.);
#772 = DIRECTION('',(-0.,-0.,-1.));
#773 = ORIENTED_EDGE('',*,*,#231,.F.);
#774 = ORIENTED_EDGE('',*,*,#766,.T.);
#775 = ORIENTED_EDGE('',*,*,#776,.T.);
#776 = EDGE_CURVE('',#767,#777,#779,.T.);
#777 = VERTEX_POINT('',#778);
#778 = CARTESIAN_POINT('',(6.48,1.228285685709,2.4));
#779 = CIRCLE('',#780,2.);
#780 = AXIS2_PLACEMENT_3D('',#781,#782,#783);
#781 = CARTESIAN_POINT('',(5.08,-0.2,2.4));
#782 = DIRECTION('',(0.,0.,1.));
#783 = DIRECTION('',(1.,0.,-0.));
#784 = ORIENTED_EDGE('',*,*,#785,.T.);
#785 = EDGE_CURVE('',#777,#786,#788,.T.);
#786 = VERTEX_POINT('',#787);
#787 = CARTESIAN_POINT('',(6.48,1.228285685709,5.1));
#788 = LINE('',#789,#790);
#789 = CARTESIAN_POINT('',(6.48,1.228285685709,13.8));
#790 = VECTOR('',#791,1.);
#791 = DIRECTION('',(0.,0.,1.));
#792 = ORIENTED_EDGE('',*,*,#793,.T.);
#793 = EDGE_CURVE('',#786,#794,#796,.T.);
#794 = VERTEX_POINT('',#795);
#795 = CARTESIAN_POINT('',(3.68,1.228285685708,5.1));
#796 = CIRCLE('',#797,2.);
#797 = AXIS2_PLACEMENT_3D('',#798,#799,#800);
#798 = CARTESIAN_POINT('',(5.08,-0.2,5.1));
#799 = DIRECTION('',(0.,0.,1.));
#800 = DIRECTION('',(1.,0.,-0.));
#801 = ORIENTED_EDGE('',*,*,#802,.F.);
#802 = EDGE_CURVE('',#803,#794,#805,.T.);
#803 = VERTEX_POINT('',#804);
#804 = CARTESIAN_POINT('',(3.68,1.228285685709,2.4));
#805 = LINE('',#806,#807);
#806 = CARTESIAN_POINT('',(3.68,1.228285685709,13.8));
#807 = VECTOR('',#808,1.);
#808 = DIRECTION('',(0.,0.,1.));
#809 = ORIENTED_EDGE('',*,*,#810,.T.);
#810 = EDGE_CURVE('',#803,#811,#813,.T.);
#811 = VERTEX_POINT('',#812);
#812 = CARTESIAN_POINT('',(3.68,-1.628285685709,2.4));
#813 = CIRCLE('',#814,2.);
#814 = AXIS2_PLACEMENT_3D('',#815,#816,#817);
#815 = CARTESIAN_POINT('',(5.08,-0.2,2.4));
#816 = DIRECTION('',(0.,0.,1.));
#817 = DIRECTION('',(1.,0.,-0.));
#818 = ORIENTED_EDGE('',*,*,#819,.T.);
#819 = EDGE_CURVE('',#811,#820,#822,.T.);
#820 = VERTEX_POINT('',#821);
#821 = CARTESIAN_POINT('',(3.68,-1.628285685708,5.1));
#822 = LINE('',#823,#824);
#823 = CARTESIAN_POINT('',(3.68,-1.628285685709,13.8));
#824 = VECTOR('',#825,1.);
#825 = DIRECTION('',(0.,0.,1.));
#826 = ORIENTED_EDGE('',*,*,#827,.T.);
#827 = EDGE_CURVE('',#820,#828,#830,.T.);
#828 = VERTEX_POINT('',#829);
#829 = CARTESIAN_POINT('',(4.208220211292,-2.,5.1));
#830 = CIRCLE('',#831,2.);
#831 = AXIS2_PLACEMENT_3D('',#832,#833,#834);
#832 = CARTESIAN_POINT('',(5.08,-0.2,5.1));
#833 = DIRECTION('',(0.,0.,1.));
#834 = DIRECTION('',(1.,0.,-0.));
#835 = ORIENTED_EDGE('',*,*,#836,.T.);
#836 = EDGE_CURVE('',#828,#837,#839,.T.);
#837 = VERTEX_POINT('',#838);
#838 = CARTESIAN_POINT('',(5.951779788708,-2.,5.1));
#839 = CIRCLE('',#840,2.);
#840 = AXIS2_PLACEMENT_3D('',#841,#842,#843);
#841 = CARTESIAN_POINT('',(5.08,-0.2,5.1));
#842 = DIRECTION('',(0.,0.,1.));
#843 = DIRECTION('',(1.,0.,-0.));
#844 = ORIENTED_EDGE('',*,*,#845,.T.);
#845 = EDGE_CURVE('',#837,#846,#848,.T.);
#846 = VERTEX_POINT('',#847);
#847 = CARTESIAN_POINT('',(6.48,-1.628285685709,5.1));
#848 = CIRCLE('',#849,2.);
#849 = AXIS2_PLACEMENT_3D('',#850,#851,#852);
#850 = CARTESIAN_POINT('',(5.08,-0.2,5.1));
#851 = DIRECTION('',(0.,0.,1.));
#852 = DIRECTION('',(1.,0.,-0.));
#853 = ORIENTED_EDGE('',*,*,#854,.F.);
#854 = EDGE_CURVE('',#855,#846,#857,.T.);
#855 = VERTEX_POINT('',#856);
#856 = CARTESIAN_POINT('',(6.48,-1.628285685709,2.4));
#857 = LINE('',#858,#859);
#858 = CARTESIAN_POINT('',(6.48,-1.628285685709,13.8));
#859 = VECTOR('',#860,1.);
#860 = DIRECTION('',(0.,0.,1.));
#861 = ORIENTED_EDGE('',*,*,#862,.T.);
#862 = EDGE_CURVE('',#855,#767,#863,.T.);
#863 = CIRCLE('',#864,2.);
#864 = AXIS2_PLACEMENT_3D('',#865,#866,#867);
#865 = CARTESIAN_POINT('',(5.08,-0.2,2.4));
#866 = DIRECTION('',(0.,0.,1.));
#867 = DIRECTION('',(1.,0.,-0.));
#868 = CYLINDRICAL_SURFACE('',#869,2.);
#869 = AXIS2_PLACEMENT_3D('',#870,#871,#872);
#870 = CARTESIAN_POINT('',(5.08,-0.2,13.8));
#871 = DIRECTION('',(0.,0.,1.));
#872 = DIRECTION('',(1.,0.,-0.));
#873 = ADVANCED_FACE('',(#874),#880,.F.);
#874 = FACE_BOUND('',#875,.F.);
#875 = EDGE_LOOP('',(#876,#877,#878,#879));
#876 = ORIENTED_EDGE('',*,*,#452,.T.);
#877 = ORIENTED_EDGE('',*,*,#468,.T.);
#878 = ORIENTED_EDGE('',*,*,#491,.F.);
#879 = ORIENTED_EDGE('',*,*,#305,.F.);
#880 = PLANE('',#881);
#881 = AXIS2_PLACEMENT_3D('',#882,#883,#884);
#882 = CARTESIAN_POINT('',(-3.28,-3.14,0.));
#883 = DIRECTION('',(1.,0.,0.));
#884 = DIRECTION('',(0.,-1.,0.));
#885 = ADVANCED_FACE('',(#886),#904,.T.);
#886 = FACE_BOUND('',#887,.T.);
#887 = EDGE_LOOP('',(#888,#896,#902,#903));
#888 = ORIENTED_EDGE('',*,*,#889,.T.);
#889 = EDGE_CURVE('',#338,#890,#892,.T.);
#890 = VERTEX_POINT('',#891);
#891 = CARTESIAN_POINT('',(6.88,-4.06,7.));
#892 = LINE('',#893,#894);
#893 = CARTESIAN_POINT('',(6.88,-4.06,0.));
#894 = VECTOR('',#895,1.);
#895 = DIRECTION('',(0.,0.,1.));
#896 = ORIENTED_EDGE('',*,*,#897,.T.);
#897 = EDGE_CURVE('',#890,#622,#898,.T.);
#898 = LINE('',#899,#900);
#899 = CARTESIAN_POINT('',(6.88,-4.06,7.));
#900 = VECTOR('',#901,1.);
#901 = DIRECTION('',(0.954938084056,0.296805080179,0.));
#902 = ORIENTED_EDGE('',*,*,#621,.F.);
#903 = ORIENTED_EDGE('',*,*,#345,.F.);
#904 = PLANE('',#905);
#905 = AXIS2_PLACEMENT_3D('',#906,#907,#908);
#906 = CARTESIAN_POINT('',(6.88,-4.06,0.));
#907 = DIRECTION('',(-0.296805080179,0.954938084056,0.));
#908 = DIRECTION('',(0.954938084056,0.296805080179,0.));
#909 = ADVANCED_FACE('',(#910),#928,.T.);
#910 = FACE_BOUND('',#911,.T.);
#911 = EDGE_LOOP('',(#912,#920,#926,#927));
#912 = ORIENTED_EDGE('',*,*,#913,.T.);
#913 = EDGE_CURVE('',#330,#914,#916,.T.);
#914 = VERTEX_POINT('',#915);
#915 = CARTESIAN_POINT('',(6.88,-3.14,7.));
#916 = LINE('',#917,#918);
#917 = CARTESIAN_POINT('',(6.88,-3.14,0.));
#918 = VECTOR('',#919,1.);
#919 = DIRECTION('',(0.,0.,1.));
#920 = ORIENTED_EDGE('',*,*,#921,.T.);
#921 = EDGE_CURVE('',#914,#890,#922,.T.);
#922 = LINE('',#923,#924);
#923 = CARTESIAN_POINT('',(6.88,-3.14,7.));
#924 = VECTOR('',#925,1.);
#925 = DIRECTION('',(0.,-1.,0.));
#926 = ORIENTED_EDGE('',*,*,#889,.F.);
#927 = ORIENTED_EDGE('',*,*,#337,.F.);
#928 = PLANE('',#929);
#929 = AXIS2_PLACEMENT_3D('',#930,#931,#932);
#930 = CARTESIAN_POINT('',(6.88,-3.14,0.));
#931 = DIRECTION('',(1.,0.,0.));
#932 = DIRECTION('',(0.,-1.,0.));
#933 = ADVANCED_FACE('',(#934),#945,.T.);
#934 = FACE_BOUND('',#935,.T.);
#935 = EDGE_LOOP('',(#936,#937,#943,#944));
#936 = ORIENTED_EDGE('',*,*,#637,.T.);
#937 = ORIENTED_EDGE('',*,*,#938,.T.);
#938 = EDGE_CURVE('',#630,#914,#939,.T.);
#939 = LINE('',#940,#941);
#940 = CARTESIAN_POINT('',(7.62,-3.37,7.));
#941 = VECTOR('',#942,1.);
#942 = DIRECTION('',(-0.954938084056,0.296805080179,0.));
#943 = ORIENTED_EDGE('',*,*,#913,.F.);
#944 = ORIENTED_EDGE('',*,*,#329,.F.);
#945 = PLANE('',#946);
#946 = AXIS2_PLACEMENT_3D('',#947,#948,#949);
#947 = CARTESIAN_POINT('',(7.62,-3.37,0.));
#948 = DIRECTION('',(-0.296805080179,-0.954938084056,0.));
#949 = DIRECTION('',(-0.954938084056,0.296805080179,0.));
#950 = ADVANCED_FACE('',(#951),#976,.T.);
#951 = FACE_BOUND('',#952,.T.);
#952 = EDGE_LOOP('',(#953,#954,#962,#970));
#953 = ORIENTED_EDGE('',*,*,#369,.T.);
#954 = ORIENTED_EDGE('',*,*,#955,.T.);
#955 = EDGE_CURVE('',#372,#956,#958,.T.);
#956 = VERTEX_POINT('',#957);
#957 = CARTESIAN_POINT('',(-0.45,-0.5,-3.5));
#958 = LINE('',#959,#960);
#959 = CARTESIAN_POINT('',(-0.45,-0.5,2.4));
#960 = VECTOR('',#961,1.);
#961 = DIRECTION('',(-0.,-0.,-1.));
#962 = ORIENTED_EDGE('',*,*,#963,.T.);
#963 = EDGE_CURVE('',#956,#964,#966,.T.);
#964 = VERTEX_POINT('',#965);
#965 = CARTESIAN_POINT('',(0.45,-0.5,-3.5));
#966 = LINE('',#967,#968);
#967 = CARTESIAN_POINT('',(-0.45,-0.5,-3.5));
#968 = VECTOR('',#969,1.);
#969 = DIRECTION('',(1.,0.,0.));
#970 = ORIENTED_EDGE('',*,*,#971,.F.);
#971 = EDGE_CURVE('',#370,#964,#972,.T.);
#972 = LINE('',#973,#974);
#973 = CARTESIAN_POINT('',(0.45,-0.5,2.4));
#974 = VECTOR('',#975,1.);
#975 = DIRECTION('',(-0.,-0.,-1.));
#976 = PLANE('',#977);
#977 = AXIS2_PLACEMENT_3D('',#978,#979,#980);
#978 = CARTESIAN_POINT('',(-0.45,-0.5,2.4));
#979 = DIRECTION('',(0.,-1.,0.));
#980 = DIRECTION('',(1.,0.,0.));
#981 = ADVANCED_FACE('',(#982),#1000,.T.);
#982 = FACE_BOUND('',#983,.T.);
#983 = EDGE_LOOP('',(#984,#985,#993,#999));
#984 = ORIENTED_EDGE('',*,*,#395,.T.);
#985 = ORIENTED_EDGE('',*,*,#986,.T.);
#986 = EDGE_CURVE('',#388,#987,#989,.T.);
#987 = VERTEX_POINT('',#988);
#988 = CARTESIAN_POINT('',(-0.45,0.5,-3.5));
#989 = LINE('',#990,#991);
#990 = CARTESIAN_POINT('',(-0.45,0.5,2.4));
#991 = VECTOR('',#992,1.);
#992 = DIRECTION('',(-0.,-0.,-1.));
#993 = ORIENTED_EDGE('',*,*,#994,.T.);
#994 = EDGE_CURVE('',#987,#956,#995,.T.);
#995 = LINE('',#996,#997);
#996 = CARTESIAN_POINT('',(-0.45,0.5,-3.5));
#997 = VECTOR('',#998,1.);
#998 = DIRECTION('',(0.,-1.,0.));
#999 = ORIENTED_EDGE('',*,*,#955,.F.);
#1000 = PLANE('',#1001);
#1001 = AXIS2_PLACEMENT_3D('',#1002,#1003,#1004);
#1002 = CARTESIAN_POINT('',(-0.45,0.5,2.4));
#1003 = DIRECTION('',(-1.,0.,0.));
#1004 = DIRECTION('',(0.,-1.,0.));
#1005 = ADVANCED_FACE('',(#1006),#1024,.T.);
#1006 = FACE_BOUND('',#1007,.T.);
#1007 = EDGE_LOOP('',(#1008,#1009,#1017,#1023));
#1008 = ORIENTED_EDGE('',*,*,#387,.T.);
#1009 = ORIENTED_EDGE('',*,*,#1010,.T.);
#1010 = EDGE_CURVE('',#380,#1011,#1013,.T.);
#1011 = VERTEX_POINT('',#1012);
#1012 = CARTESIAN_POINT('',(0.45,0.5,-3.5));
#1013 = LINE('',#1014,#1015);
#1014 = CARTESIAN_POINT('',(0.45,0.5,2.4));
#1015 = VECTOR('',#1016,1.);
#1016 = DIRECTION('',(-0.,-0.,-1.));
#1017 = ORIENTED_EDGE('',*,*,#1018,.T.);
#1018 = EDGE_CURVE('',#1011,#987,#1019,.T.);
#1019 = LINE('',#1020,#1021);
#1020 = CARTESIAN_POINT('',(0.45,0.5,-3.5));
#1021 = VECTOR('',#1022,1.);
#1022 = DIRECTION('',(-1.,0.,0.));
#1023 = ORIENTED_EDGE('',*,*,#986,.F.);
#1024 = PLANE('',#1025);
#1025 = AXIS2_PLACEMENT_3D('',#1026,#1027,#1028);
#1026 = CARTESIAN_POINT('',(0.45,0.5,2.4));
#1027 = DIRECTION('',(0.,1.,0.));
#1028 = DIRECTION('',(-1.,0.,0.));
#1029 = ADVANCED_FACE('',(#1030),#1041,.T.);
#1030 = FACE_BOUND('',#1031,.T.);
#1031 = EDGE_LOOP('',(#1032,#1033,#1034,#1040));
#1032 = ORIENTED_EDGE('',*,*,#379,.T.);
#1033 = ORIENTED_EDGE('',*,*,#971,.T.);
#1034 = ORIENTED_EDGE('',*,*,#1035,.T.);
#1035 = EDGE_CURVE('',#964,#1011,#1036,.T.);
#1036 = LINE('',#1037,#1038);
#1037 = CARTESIAN_POINT('',(0.45,-0.5,-3.5));
#1038 = VECTOR('',#1039,1.);
#1039 = DIRECTION('',(0.,1.,0.));
#1040 = ORIENTED_EDGE('',*,*,#1010,.F.);
#1041 = PLANE('',#1042);
#1042 = AXIS2_PLACEMENT_3D('',#1043,#1044,#1045);
#1043 = CARTESIAN_POINT('',(0.45,-0.5,2.4));
#1044 = DIRECTION('',(1.,0.,0.));
#1045 = DIRECTION('',(-0.,1.,0.));
#1046 = ADVANCED_FACE('',(#1047),#1072,.T.);
#1047 = FACE_BOUND('',#1048,.T.);
#1048 = EDGE_LOOP('',(#1049,#1050,#1058,#1066));
#1049 = ORIENTED_EDGE('',*,*,#403,.T.);
#1050 = ORIENTED_EDGE('',*,*,#1051,.T.);
#1051 = EDGE_CURVE('',#406,#1052,#1054,.T.);
#1052 = VERTEX_POINT('',#1053);
#1053 = CARTESIAN_POINT('',(4.63,-0.5,-3.5));
#1054 = LINE('',#1055,#1056);
#1055 = CARTESIAN_POINT('',(4.63,-0.5,2.4));
#1056 = VECTOR('',#1057,1.);
#1057 = DIRECTION('',(-0.,-0.,-1.));
#1058 = ORIENTED_EDGE('',*,*,#1059,.T.);
#1059 = EDGE_CURVE('',#1052,#1060,#1062,.T.);
#1060 = VERTEX_POINT('',#1061);
#1061 = CARTESIAN_POINT('',(5.53,-0.5,-3.5));
#1062 = LINE('',#1063,#1064);
#1063 = CARTESIAN_POINT('',(4.63,-0.5,-3.5));
#1064 = VECTOR('',#1065,1.);
#1065 = DIRECTION('',(1.,0.,0.));
#1066 = ORIENTED_EDGE('',*,*,#1067,.F.);
#1067 = EDGE_CURVE('',#404,#1060,#1068,.T.);
#1068 = LINE('',#1069,#1070);
#1069 = CARTESIAN_POINT('',(5.53,-0.5,2.4));
#1070 = VECTOR('',#1071,1.);
#1071 = DIRECTION('',(-0.,-0.,-1.));
#1072 = PLANE('',#1073);
#1073 = AXIS2_PLACEMENT_3D('',#1074,#1075,#1076);
#1074 = CARTESIAN_POINT('',(4.63,-0.5,2.4));
#1075 = DIRECTION('',(0.,-1.,0.));
#1076 = DIRECTION('',(1.,0.,0.));
#1077 = ADVANCED_FACE('',(#1078),#1096,.T.);
#1078 = FACE_BOUND('',#1079,.T.);
#1079 = EDGE_LOOP('',(#1080,#1081,#1089,#1095));
#1080 = ORIENTED_EDGE('',*,*,#429,.T.);
#1081 = ORIENTED_EDGE('',*,*,#1082,.T.);
#1082 = EDGE_CURVE('',#422,#1083,#1085,.T.);
#1083 = VERTEX_POINT('',#1084);
#1084 = CARTESIAN_POINT('',(4.63,0.5,-3.5));
#1085 = LINE('',#1086,#1087);
#1086 = CARTESIAN_POINT('',(4.63,0.5,2.4));
#1087 = VECTOR('',#1088,1.);
#1088 = DIRECTION('',(-0.,-0.,-1.));
#1089 = ORIENTED_EDGE('',*,*,#1090,.T.);
#1090 = EDGE_CURVE('',#1083,#1052,#1091,.T.);
#1091 = LINE('',#1092,#1093);
#1092 = CARTESIAN_POINT('',(4.63,0.5,-3.5));
#1093 = VECTOR('',#1094,1.);
#1094 = DIRECTION('',(0.,-1.,0.));
#1095 = ORIENTED_EDGE('',*,*,#1051,.F.);
#1096 = PLANE('',#1097);
#1097 = AXIS2_PLACEMENT_3D('',#1098,#1099,#1100);
#1098 = CARTESIAN_POINT('',(4.63,0.5,2.4));
#1099 = DIRECTION('',(-1.,0.,0.));
#1100 = DIRECTION('',(0.,-1.,0.));
#1101 = ADVANCED_FACE('',(#1102),#1120,.T.);
#1102 = FACE_BOUND('',#1103,.T.);
#1103 = EDGE_LOOP('',(#1104,#1105,#1113,#1119));
#1104 = ORIENTED_EDGE('',*,*,#421,.T.);
#1105 = ORIENTED_EDGE('',*,*,#1106,.T.);
#1106 = EDGE_CURVE('',#414,#1107,#1109,.T.);
#1107 = VERTEX_POINT('',#1108);
#1108 = CARTESIAN_POINT('',(5.53,0.5,-3.5));
#1109 = LINE('',#1110,#1111);
#1110 = CARTESIAN_POINT('',(5.53,0.5,2.4));
#1111 = VECTOR('',#1112,1.);
#1112 = DIRECTION('',(-0.,-0.,-1.));
#1113 = ORIENTED_EDGE('',*,*,#1114,.T.);
#1114 = EDGE_CURVE('',#1107,#1083,#1115,.T.);
#1115 = LINE('',#1116,#1117);
#1116 = CARTESIAN_POINT('',(5.53,0.5,-3.5));
#1117 = VECTOR('',#1118,1.);
#1118 = DIRECTION('',(-1.,0.,0.));
#1119 = ORIENTED_EDGE('',*,*,#1082,.F.);
#1120 = PLANE('',#1121);
#1121 = AXIS2_PLACEMENT_3D('',#1122,#1123,#1124);
#1122 = CARTESIAN_POINT('',(5.53,0.5,2.4));
#1123 = DIRECTION('',(0.,1.,0.));
#1124 = DIRECTION('',(-1.,0.,0.));
#1125 = ADVANCED_FACE('',(#1126),#1137,.T.);
#1126 = FACE_BOUND('',#1127,.T.);
#1127 = EDGE_LOOP('',(#1128,#1129,#1130,#1136));
#1128 = ORIENTED_EDGE('',*,*,#413,.T.);
#1129 = ORIENTED_EDGE('',*,*,#1067,.T.);
#1130 = ORIENTED_EDGE('',*,*,#1131,.T.);
#1131 = EDGE_CURVE('',#1060,#1107,#1132,.T.);
#1132 = LINE('',#1133,#1134);
#1133 = CARTESIAN_POINT('',(5.53,-0.5,-3.5));
#1134 = VECTOR('',#1135,1.);
#1135 = DIRECTION('',(0.,1.,0.));
#1136 = ORIENTED_EDGE('',*,*,#1106,.F.);
#1137 = PLANE('',#1138);
#1138 = AXIS2_PLACEMENT_3D('',#1139,#1140,#1141);
#1139 = CARTESIAN_POINT('',(5.53,-0.5,2.4));
#1140 = DIRECTION('',(1.,0.,0.));
#1141 = DIRECTION('',(-0.,1.,0.));
#1142 = ADVANCED_FACE('',(#1143),#1166,.F.);
#1143 = FACE_BOUND('',#1144,.F.);
#1144 = EDGE_LOOP('',(#1145,#1155,#1160,#1161));
#1145 = ORIENTED_EDGE('',*,*,#1146,.T.);
#1146 = EDGE_CURVE('',#1147,#1149,#1151,.T.);
#1147 = VERTEX_POINT('',#1148);
#1148 = CARTESIAN_POINT('',(3.68,-3.8,2.4));
#1149 = VERTEX_POINT('',#1150);
#1150 = CARTESIAN_POINT('',(6.48,-3.8,2.4));
#1151 = LINE('',#1152,#1153);
#1152 = CARTESIAN_POINT('',(3.68,-3.8,2.4));
#1153 = VECTOR('',#1154,1.);
#1154 = DIRECTION('',(1.,0.,0.));
#1155 = ORIENTED_EDGE('',*,*,#1156,.T.);
#1156 = EDGE_CURVE('',#1149,#527,#1157,.T.);
#1157 = B_SPLINE_CURVE_WITH_KNOTS('',1,(#1158,#1159),.UNSPECIFIED.,.F.,
  .F.,(2,2),(0.,1.),.PIECEWISE_BEZIER_KNOTS.);
#1158 = CARTESIAN_POINT('',(6.48,-3.8,2.4));
#1159 = CARTESIAN_POINT('',(6.88,-4.6,1.6));
#1160 = ORIENTED_EDGE('',*,*,#526,.T.);
#1161 = ORIENTED_EDGE('',*,*,#1162,.F.);
#1162 = EDGE_CURVE('',#1147,#529,#1163,.T.);
#1163 = B_SPLINE_CURVE_WITH_KNOTS('',1,(#1164,#1165),.UNSPECIFIED.,.F.,
  .F.,(2,2),(0.,1.),.PIECEWISE_BEZIER_KNOTS.);
#1164 = CARTESIAN_POINT('',(3.68,-3.8,2.4));
#1165 = CARTESIAN_POINT('',(3.28,-4.6,1.6));
#1166 = B_SPLINE_SURFACE_WITH_KNOTS('',1,1,(
    (#1167,#1168)
    ,(#1169,#1170
    )),.UNSPECIFIED.,.F.,.F.,.F.,(2,2),(2,2),(-3.6,0.),(0.,1.),
  .PIECEWISE_BEZIER_KNOTS.);
#1167 = CARTESIAN_POINT('',(3.68,-3.8,2.4));
#1168 = CARTESIAN_POINT('',(3.28,-4.6,1.6));
#1169 = CARTESIAN_POINT('',(6.48,-3.8,2.4));
#1170 = CARTESIAN_POINT('',(6.88,-4.6,1.6));
#1171 = ADVANCED_FACE('',(#1172),#1189,.F.);
#1172 = FACE_BOUND('',#1173,.F.);
#1173 = EDGE_LOOP('',(#1174,#1182,#1187,#1188));
#1174 = ORIENTED_EDGE('',*,*,#1175,.T.);
#1175 = EDGE_CURVE('',#1149,#1176,#1178,.T.);
#1176 = VERTEX_POINT('',#1177);
#1177 = CARTESIAN_POINT('',(6.48,-3.8,5.1));
#1178 = LINE('',#1179,#1180);
#1179 = CARTESIAN_POINT('',(6.48,-3.8,2.4));
#1180 = VECTOR('',#1181,1.);
#1181 = DIRECTION('',(0.,0.,1.));
#1182 = ORIENTED_EDGE('',*,*,#1183,.T.);
#1183 = EDGE_CURVE('',#1176,#537,#1184,.T.);
#1184 = B_SPLINE_CURVE_WITH_KNOTS('',1,(#1185,#1186),.UNSPECIFIED.,.F.,
  .F.,(2,2),(0.,1.),.PIECEWISE_BEZIER_KNOTS.);
#1185 = CARTESIAN_POINT('',(6.48,-3.8,5.1));
#1186 = CARTESIAN_POINT('',(6.88,-4.6,6.8));
#1187 = ORIENTED_EDGE('',*,*,#536,.T.);
#1188 = ORIENTED_EDGE('',*,*,#1156,.F.);
#1189 = B_SPLINE_SURFACE_WITH_KNOTS('',1,1,(
    (#1190,#1191)
    ,(#1192,#1193
    )),.UNSPECIFIED.,.F.,.F.,.F.,(2,2),(2,2),(-5.2,0.),(0.,1.),
  .PIECEWISE_BEZIER_KNOTS.);
#1190 = CARTESIAN_POINT('',(6.48,-3.8,2.4));
#1191 = CARTESIAN_POINT('',(6.88,-4.6,1.6));
#1192 = CARTESIAN_POINT('',(6.48,-3.8,5.1));
#1193 = CARTESIAN_POINT('',(6.88,-4.6,6.8));
#1194 = ADVANCED_FACE('',(#1195),#1212,.F.);
#1195 = FACE_BOUND('',#1196,.F.);
#1196 = EDGE_LOOP('',(#1197,#1205,#1206,#1207));
#1197 = ORIENTED_EDGE('',*,*,#1198,.T.);
#1198 = EDGE_CURVE('',#1199,#1147,#1201,.T.);
#1199 = VERTEX_POINT('',#1200);
#1200 = CARTESIAN_POINT('',(3.68,-3.8,5.1));
#1201 = LINE('',#1202,#1203);
#1202 = CARTESIAN_POINT('',(3.68,-3.8,5.1));
#1203 = VECTOR('',#1204,1.);
#1204 = DIRECTION('',(0.,0.,-1.));
#1205 = ORIENTED_EDGE('',*,*,#1162,.T.);
#1206 = ORIENTED_EDGE('',*,*,#552,.T.);
#1207 = ORIENTED_EDGE('',*,*,#1208,.F.);
#1208 = EDGE_CURVE('',#1199,#545,#1209,.T.);
#1209 = B_SPLINE_CURVE_WITH_KNOTS('',1,(#1210,#1211),.UNSPECIFIED.,.F.,
  .F.,(2,2),(0.,1.),.PIECEWISE_BEZIER_KNOTS.);
#1210 = CARTESIAN_POINT('',(3.68,-3.8,5.1));
#1211 = CARTESIAN_POINT('',(3.28,-4.6,6.8));
#1212 = B_SPLINE_SURFACE_WITH_KNOTS('',1,1,(
    (#1213,#1214)
    ,(#1215,#1216
    )),.UNSPECIFIED.,.F.,.F.,.F.,(2,2),(2,2),(-5.2,0.),(0.,1.),
  .PIECEWISE_BEZIER_KNOTS.);
#1213 = CARTESIAN_POINT('',(3.68,-3.8,5.1));
#1214 = CARTESIAN_POINT('',(3.28,-4.6,6.8));
#1215 = CARTESIAN_POINT('',(3.68,-3.8,2.4));
#1216 = CARTESIAN_POINT('',(3.28,-4.6,1.6));
#1217 = ADVANCED_FACE('',(#1218),#1229,.F.);
#1218 = FACE_BOUND('',#1219,.F.);
#1219 = EDGE_LOOP('',(#1220,#1226,#1227,#1228));
#1220 = ORIENTED_EDGE('',*,*,#1221,.T.);
#1221 = EDGE_CURVE('',#1176,#1199,#1222,.T.);
#1222 = LINE('',#1223,#1224);
#1223 = CARTESIAN_POINT('',(6.48,-3.8,5.1));
#1224 = VECTOR('',#1225,1.);
#1225 = DIRECTION('',(-1.,0.,0.));
#1226 = ORIENTED_EDGE('',*,*,#1208,.T.);
#1227 = ORIENTED_EDGE('',*,*,#544,.T.);
#1228 = ORIENTED_EDGE('',*,*,#1183,.F.);
#1229 = B_SPLINE_SURFACE_WITH_KNOTS('',1,1,(
    (#1230,#1231)
    ,(#1232,#1233
    )),.UNSPECIFIED.,.F.,.F.,.F.,(2,2),(2,2),(-3.6,0.),(0.,1.),
  .PIECEWISE_BEZIER_KNOTS.);
#1230 = CARTESIAN_POINT('',(6.48,-3.8,5.1));
#1231 = CARTESIAN_POINT('',(6.88,-4.6,6.8));
#1232 = CARTESIAN_POINT('',(3.68,-3.8,5.1));
#1233 = CARTESIAN_POINT('',(3.28,-4.6,6.8));
#1234 = ADVANCED_FACE('',(#1235),#1258,.F.);
#1235 = FACE_BOUND('',#1236,.F.);
#1236 = EDGE_LOOP('',(#1237,#1247,#1252,#1253));
#1237 = ORIENTED_EDGE('',*,*,#1238,.T.);
#1238 = EDGE_CURVE('',#1239,#1241,#1243,.T.);
#1239 = VERTEX_POINT('',#1240);
#1240 = CARTESIAN_POINT('',(-1.4,-3.8,2.4));
#1241 = VERTEX_POINT('',#1242);
#1242 = CARTESIAN_POINT('',(1.4,-3.8,2.4));
#1243 = LINE('',#1244,#1245);
#1244 = CARTESIAN_POINT('',(-1.4,-3.8,2.4));
#1245 = VECTOR('',#1246,1.);
#1246 = DIRECTION('',(1.,0.,0.));
#1247 = ORIENTED_EDGE('',*,*,#1248,.T.);
#1248 = EDGE_CURVE('',#1241,#561,#1249,.T.);
#1249 = B_SPLINE_CURVE_WITH_KNOTS('',1,(#1250,#1251),.UNSPECIFIED.,.F.,
  .F.,(2,2),(0.,1.),.PIECEWISE_BEZIER_KNOTS.);
#1250 = CARTESIAN_POINT('',(1.4,-3.8,2.4));
#1251 = CARTESIAN_POINT('',(1.8,-4.6,1.6));
#1252 = ORIENTED_EDGE('',*,*,#560,.T.);
#1253 = ORIENTED_EDGE('',*,*,#1254,.F.);
#1254 = EDGE_CURVE('',#1239,#563,#1255,.T.);
#1255 = B_SPLINE_CURVE_WITH_KNOTS('',1,(#1256,#1257),.UNSPECIFIED.,.F.,
  .F.,(2,2),(0.,1.),.PIECEWISE_BEZIER_KNOTS.);
#1256 = CARTESIAN_POINT('',(-1.4,-3.8,2.4));
#1257 = CARTESIAN_POINT('',(-1.8,-4.6,1.6));
#1258 = B_SPLINE_SURFACE_WITH_KNOTS('',1,1,(
    (#1259,#1260)
    ,(#1261,#1262
    )),.UNSPECIFIED.,.F.,.F.,.F.,(2,2),(2,2),(-3.6,0.),(0.,1.),
  .PIECEWISE_BEZIER_KNOTS.);
#1259 = CARTESIAN_POINT('',(-1.4,-3.8,2.4));
#1260 = CARTESIAN_POINT('',(-1.8,-4.6,1.6));
#1261 = CARTESIAN_POINT('',(1.4,-3.8,2.4));
#1262 = CARTESIAN_POINT('',(1.8,-4.6,1.6));
#1263 = ADVANCED_FACE('',(#1264),#1281,.F.);
#1264 = FACE_BOUND('',#1265,.F.);
#1265 = EDGE_LOOP('',(#1266,#1274,#1279,#1280));
#1266 = ORIENTED_EDGE('',*,*,#1267,.T.);
#1267 = EDGE_CURVE('',#1241,#1268,#1270,.T.);
#1268 = VERTEX_POINT('',#1269);
#1269 = CARTESIAN_POINT('',(1.4,-3.8,5.1));
#1270 = LINE('',#1271,#1272);
#1271 = CARTESIAN_POINT('',(1.4,-3.8,2.4));
#1272 = VECTOR('',#1273,1.);
#1273 = DIRECTION('',(0.,0.,1.));
#1274 = ORIENTED_EDGE('',*,*,#1275,.T.);
#1275 = EDGE_CURVE('',#1268,#571,#1276,.T.);
#1276 = B_SPLINE_CURVE_WITH_KNOTS('',1,(#1277,#1278),.UNSPECIFIED.,.F.,
  .F.,(2,2),(0.,1.),.PIECEWISE_BEZIER_KNOTS.);
#1277 = CARTESIAN_POINT('',(1.4,-3.8,5.1));
#1278 = CARTESIAN_POINT('',(1.8,-4.6,6.8));
#1279 = ORIENTED_EDGE('',*,*,#570,.T.);
#1280 = ORIENTED_EDGE('',*,*,#1248,.F.);
#1281 = B_SPLINE_SURFACE_WITH_KNOTS('',1,1,(
    (#1282,#1283)
    ,(#1284,#1285
    )),.UNSPECIFIED.,.F.,.F.,.F.,(2,2),(2,2),(-5.2,0.),(0.,1.),
  .PIECEWISE_BEZIER_KNOTS.);
#1282 = CARTESIAN_POINT('',(1.4,-3.8,2.4));
#1283 = CARTESIAN_POINT('',(1.8,-4.6,1.6));
#1284 = CARTESIAN_POINT('',(1.4,-3.8,5.1));
#1285 = CARTESIAN_POINT('',(1.8,-4.6,6.8));
#1286 = ADVANCED_FACE('',(#1287),#1304,.F.);
#1287 = FACE_BOUND('',#1288,.F.);
#1288 = EDGE_LOOP('',(#1289,#1297,#1298,#1299));
#1289 = ORIENTED_EDGE('',*,*,#1290,.T.);
#1290 = EDGE_CURVE('',#1291,#1239,#1293,.T.);
#1291 = VERTEX_POINT('',#1292);
#1292 = CARTESIAN_POINT('',(-1.4,-3.8,5.1));
#1293 = LINE('',#1294,#1295);
#1294 = CARTESIAN_POINT('',(-1.4,-3.8,5.1));
#1295 = VECTOR('',#1296,1.);
#1296 = DIRECTION('',(0.,0.,-1.));
#1297 = ORIENTED_EDGE('',*,*,#1254,.T.);
#1298 = ORIENTED_EDGE('',*,*,#586,.T.);
#1299 = ORIENTED_EDGE('',*,*,#1300,.F.);
#1300 = EDGE_CURVE('',#1291,#579,#1301,.T.);
#1301 = B_SPLINE_CURVE_WITH_KNOTS('',1,(#1302,#1303),.UNSPECIFIED.,.F.,
  .F.,(2,2),(0.,1.),.PIECEWISE_BEZIER_KNOTS.);
#1302 = CARTESIAN_POINT('',(-1.4,-3.8,5.1));
#1303 = CARTESIAN_POINT('',(-1.8,-4.6,6.8));
#1304 = B_SPLINE_SURFACE_WITH_KNOTS('',1,1,(
    (#1305,#1306)
    ,(#1307,#1308
    )),.UNSPECIFIED.,.F.,.F.,.F.,(2,2),(2,2),(-5.2,0.),(0.,1.),
  .PIECEWISE_BEZIER_KNOTS.);
#1305 = CARTESIAN_POINT('',(-1.4,-3.8,5.1));
#1306 = CARTESIAN_POINT('',(-1.8,-4.6,6.8));
#1307 = CARTESIAN_POINT('',(-1.4,-3.8,2.4));
#1308 = CARTESIAN_POINT('',(-1.8,-4.6,1.6));
#1309 = ADVANCED_FACE('',(#1310),#1321,.F.);
#1310 = FACE_BOUND('',#1311,.F.);
#1311 = EDGE_LOOP('',(#1312,#1318,#1319,#1320));
#1312 = ORIENTED_EDGE('',*,*,#1313,.T.);
#1313 = EDGE_CURVE('',#1268,#1291,#1314,.T.);
#1314 = LINE('',#1315,#1316);
#1315 = CARTESIAN_POINT('',(1.4,-3.8,5.1));
#1316 = VECTOR('',#1317,1.);
#1317 = DIRECTION('',(-1.,0.,0.));
#1318 = ORIENTED_EDGE('',*,*,#1300,.T.);
#1319 = ORIENTED_EDGE('',*,*,#578,.T.);
#1320 = ORIENTED_EDGE('',*,*,#1275,.F.);
#1321 = B_SPLINE_SURFACE_WITH_KNOTS('',1,1,(
    (#1322,#1323)
    ,(#1324,#1325
    )),.UNSPECIFIED.,.F.,.F.,.F.,(2,2),(2,2),(-3.6,0.),(0.,1.),
  .PIECEWISE_BEZIER_KNOTS.);
#1322 = CARTESIAN_POINT('',(1.4,-3.8,5.1));
#1323 = CARTESIAN_POINT('',(1.8,-4.6,6.8));
#1324 = CARTESIAN_POINT('',(-1.4,-3.8,5.1));
#1325 = CARTESIAN_POINT('',(-1.8,-4.6,6.8));
#1326 = ADVANCED_FACE('',(#1327),#1333,.F.);
#1327 = FACE_BOUND('',#1328,.F.);
#1328 = EDGE_LOOP('',(#1329,#1330,#1331,#1332));
#1329 = ORIENTED_EDGE('',*,*,#938,.T.);
#1330 = ORIENTED_EDGE('',*,*,#921,.T.);
#1331 = ORIENTED_EDGE('',*,*,#897,.T.);
#1332 = ORIENTED_EDGE('',*,*,#629,.T.);
#1333 = PLANE('',#1334);
#1334 = AXIS2_PLACEMENT_3D('',#1335,#1336,#1337);
#1335 = CARTESIAN_POINT('',(7.191908064794,-3.6,7.));
#1336 = DIRECTION('',(0.,0.,1.));
#1337 = DIRECTION('',(1.,0.,-0.));
#1338 = ADVANCED_FACE('',(#1339),#1349,.T.);
#1339 = FACE_BOUND('',#1340,.T.);
#1340 = EDGE_LOOP('',(#1341,#1347,#1348));
#1341 = ORIENTED_EDGE('',*,*,#1342,.F.);
#1342 = EDGE_CURVE('',#744,#666,#1343,.T.);
#1343 = LINE('',#1344,#1345);
#1344 = CARTESIAN_POINT('',(1.4,-2.,2.4));
#1345 = VECTOR('',#1346,1.);
#1346 = DIRECTION('',(0.,1.,0.));
#1347 = ORIENTED_EDGE('',*,*,#751,.T.);
#1348 = ORIENTED_EDGE('',*,*,#665,.T.);
#1349 = PLANE('',#1350);
#1350 = AXIS2_PLACEMENT_3D('',#1351,#1352,#1353);
#1351 = CARTESIAN_POINT('',(7.70491144959E-03,-1.265782005125,2.4));
#1352 = DIRECTION('',(-4.370286341272E-18,-9.017547605327E-17,1.));
#1353 = DIRECTION('',(0.,1.,9.017547605327E-17));
#1354 = ADVANCED_FACE('',(#1355),#1382,.F.);
#1355 = FACE_BOUND('',#1356,.F.);
#1356 = EDGE_LOOP('',(#1357,#1358,#1359,#1367,#1375,#1381));
#1357 = ORIENTED_EDGE('',*,*,#1342,.F.);
#1358 = ORIENTED_EDGE('',*,*,#743,.T.);
#1359 = ORIENTED_EDGE('',*,*,#1360,.T.);
#1360 = EDGE_CURVE('',#735,#1361,#1363,.T.);
#1361 = VERTEX_POINT('',#1362);
#1362 = CARTESIAN_POINT('',(1.4,-1.484523257867,5.1));
#1363 = LINE('',#1364,#1365);
#1364 = CARTESIAN_POINT('',(1.4,-2.,5.1));
#1365 = VECTOR('',#1366,1.);
#1366 = DIRECTION('',(0.,1.,0.));
#1367 = ORIENTED_EDGE('',*,*,#1368,.T.);
#1368 = EDGE_CURVE('',#1361,#1369,#1371,.T.);
#1369 = VERTEX_POINT('',#1370);
#1370 = CARTESIAN_POINT('',(1.4,1.084523257867,5.1));
#1371 = LINE('',#1372,#1373);
#1372 = CARTESIAN_POINT('',(1.4,-2.,5.1));
#1373 = VECTOR('',#1374,1.);
#1374 = DIRECTION('',(0.,1.,0.));
#1375 = ORIENTED_EDGE('',*,*,#1376,.T.);
#1376 = EDGE_CURVE('',#1369,#675,#1377,.T.);
#1377 = LINE('',#1378,#1379);
#1378 = CARTESIAN_POINT('',(1.4,-2.,5.1));
#1379 = VECTOR('',#1380,1.);
#1380 = DIRECTION('',(0.,1.,0.));
#1381 = ORIENTED_EDGE('',*,*,#674,.F.);
#1382 = PLANE('',#1383);
#1383 = AXIS2_PLACEMENT_3D('',#1384,#1385,#1386);
#1384 = CARTESIAN_POINT('',(1.4,-2.,2.4));
#1385 = DIRECTION('',(-1.,0.,0.));
#1386 = DIRECTION('',(0.,1.,0.));
#1387 = ADVANCED_FACE('',(#1388),#1407,.T.);
#1388 = FACE_BOUND('',#1389,.T.);
#1389 = EDGE_LOOP('',(#1390,#1399,#1405,#1406));
#1390 = ORIENTED_EDGE('',*,*,#1391,.F.);
#1391 = EDGE_CURVE('',#1392,#1361,#1394,.T.);
#1392 = VERTEX_POINT('',#1393);
#1393 = CARTESIAN_POINT('',(0.60827625303,-2.,5.1));
#1394 = CIRCLE('',#1395,1.9);
#1395 = AXIS2_PLACEMENT_3D('',#1396,#1397,#1398);
#1396 = CARTESIAN_POINT('',(0.,-0.2,5.1));
#1397 = DIRECTION('',(0.,0.,1.));
#1398 = DIRECTION('',(1.,0.,-0.));
#1399 = ORIENTED_EDGE('',*,*,#1400,.T.);
#1400 = EDGE_CURVE('',#1392,#726,#1401,.T.);
#1401 = LINE('',#1402,#1403);
#1402 = CARTESIAN_POINT('',(-1.4,-2.,5.1));
#1403 = VECTOR('',#1404,1.);
#1404 = DIRECTION('',(1.,0.,0.));
#1405 = ORIENTED_EDGE('',*,*,#734,.T.);
#1406 = ORIENTED_EDGE('',*,*,#1360,.T.);
#1407 = PLANE('',#1408);
#1408 = AXIS2_PLACEMENT_3D('',#1409,#1410,#1411);
#1409 = CARTESIAN_POINT('',(0.,0.,5.1));
#1410 = DIRECTION('',(0.,0.,1.));
#1411 = DIRECTION('',(1.,0.,-0.));
#1412 = ADVANCED_FACE('',(#1413),#1445,.F.);
#1413 = FACE_BOUND('',#1414,.F.);
#1414 = EDGE_LOOP('',(#1415,#1423,#1424,#1432,#1438,#1439));
#1415 = ORIENTED_EDGE('',*,*,#1416,.F.);
#1416 = EDGE_CURVE('',#1291,#1417,#1419,.T.);
#1417 = VERTEX_POINT('',#1418);
#1418 = CARTESIAN_POINT('',(-1.4,-2.,5.1));
#1419 = LINE('',#1420,#1421);
#1420 = CARTESIAN_POINT('',(-1.4,-104.6,5.1));
#1421 = VECTOR('',#1422,1.);
#1422 = DIRECTION('',(0.,1.,0.));
#1423 = ORIENTED_EDGE('',*,*,#1313,.F.);
#1424 = ORIENTED_EDGE('',*,*,#1425,.T.);
#1425 = EDGE_CURVE('',#1268,#1426,#1428,.T.);
#1426 = VERTEX_POINT('',#1427);
#1427 = CARTESIAN_POINT('',(1.4,-2.,5.1));
#1428 = LINE('',#1429,#1430);
#1429 = CARTESIAN_POINT('',(1.4,-104.6,5.1));
#1430 = VECTOR('',#1431,1.);
#1431 = DIRECTION('',(0.,1.,0.));
#1432 = ORIENTED_EDGE('',*,*,#1433,.F.);
#1433 = EDGE_CURVE('',#726,#1426,#1434,.T.);
#1434 = LINE('',#1435,#1436);
#1435 = CARTESIAN_POINT('',(-1.4,-2.,5.1));
#1436 = VECTOR('',#1437,1.);
#1437 = DIRECTION('',(1.,0.,0.));
#1438 = ORIENTED_EDGE('',*,*,#725,.F.);
#1439 = ORIENTED_EDGE('',*,*,#1440,.F.);
#1440 = EDGE_CURVE('',#1417,#717,#1441,.T.);
#1441 = LINE('',#1442,#1443);
#1442 = CARTESIAN_POINT('',(-1.4,-2.,5.1));
#1443 = VECTOR('',#1444,1.);
#1444 = DIRECTION('',(1.,0.,0.));
#1445 = PLANE('',#1446);
#1446 = AXIS2_PLACEMENT_3D('',#1447,#1448,#1449);
#1447 = CARTESIAN_POINT('',(1.4,-104.6,5.1));
#1448 = DIRECTION('',(0.,0.,1.));
#1449 = DIRECTION('',(-1.,0.,0.));
#1450 = ADVANCED_FACE('',(#1451),#1477,.T.);
#1451 = FACE_BOUND('',#1452,.T.);
#1452 = EDGE_LOOP('',(#1453,#1464,#1470,#1471));
#1453 = ORIENTED_EDGE('',*,*,#1454,.F.);
#1454 = EDGE_CURVE('',#1455,#1457,#1459,.T.);
#1455 = VERTEX_POINT('',#1456);
#1456 = CARTESIAN_POINT('',(-1.4,-1.484523257866,5.1));
#1457 = VERTEX_POINT('',#1458);
#1458 = CARTESIAN_POINT('',(-0.60827625303,-2.,5.1));
#1459 = CIRCLE('',#1460,1.9);
#1460 = AXIS2_PLACEMENT_3D('',#1461,#1462,#1463);
#1461 = CARTESIAN_POINT('',(0.,-0.2,5.1));
#1462 = DIRECTION('',(0.,0.,1.));
#1463 = DIRECTION('',(1.,0.,-0.));
#1464 = ORIENTED_EDGE('',*,*,#1465,.T.);
#1465 = EDGE_CURVE('',#1455,#709,#1466,.T.);
#1466 = LINE('',#1467,#1468);
#1467 = CARTESIAN_POINT('',(-1.4,2.,5.1));
#1468 = VECTOR('',#1469,1.);
#1469 = DIRECTION('',(0.,-1.,0.));
#1470 = ORIENTED_EDGE('',*,*,#716,.T.);
#1471 = ORIENTED_EDGE('',*,*,#1472,.T.);
#1472 = EDGE_CURVE('',#717,#1457,#1473,.T.);
#1473 = LINE('',#1474,#1475);
#1474 = CARTESIAN_POINT('',(-1.4,-2.,5.1));
#1475 = VECTOR('',#1476,1.);
#1476 = DIRECTION('',(1.,0.,0.));
#1477 = PLANE('',#1478);
#1478 = AXIS2_PLACEMENT_3D('',#1479,#1480,#1481);
#1479 = CARTESIAN_POINT('',(0.,0.,5.1));
#1480 = DIRECTION('',(0.,0.,1.));
#1481 = DIRECTION('',(1.,0.,-0.));
#1482 = ADVANCED_FACE('',(#1483),#1508,.F.);
#1483 = FACE_BOUND('',#1484,.F.);
#1484 = EDGE_LOOP('',(#1485,#1486,#1494,#1500,#1501,#1502));
#1485 = ORIENTED_EDGE('',*,*,#691,.T.);
#1486 = ORIENTED_EDGE('',*,*,#1487,.T.);
#1487 = EDGE_CURVE('',#683,#1488,#1490,.T.);
#1488 = VERTEX_POINT('',#1489);
#1489 = CARTESIAN_POINT('',(-1.4,1.084523257866,5.1));
#1490 = LINE('',#1491,#1492);
#1491 = CARTESIAN_POINT('',(-1.4,2.,5.1));
#1492 = VECTOR('',#1493,1.);
#1493 = DIRECTION('',(0.,-1.,0.));
#1494 = ORIENTED_EDGE('',*,*,#1495,.T.);
#1495 = EDGE_CURVE('',#1488,#1455,#1496,.T.);
#1496 = LINE('',#1497,#1498);
#1497 = CARTESIAN_POINT('',(-1.4,2.,5.1));
#1498 = VECTOR('',#1499,1.);
#1499 = DIRECTION('',(0.,-1.,0.));
#1500 = ORIENTED_EDGE('',*,*,#1465,.T.);
#1501 = ORIENTED_EDGE('',*,*,#708,.F.);
#1502 = ORIENTED_EDGE('',*,*,#1503,.F.);
#1503 = EDGE_CURVE('',#692,#700,#1504,.T.);
#1504 = LINE('',#1505,#1506);
#1505 = CARTESIAN_POINT('',(-1.4,2.,2.4));
#1506 = VECTOR('',#1507,1.);
#1507 = DIRECTION('',(0.,-1.,0.));
#1508 = PLANE('',#1509);
#1509 = AXIS2_PLACEMENT_3D('',#1510,#1511,#1512);
#1510 = CARTESIAN_POINT('',(-1.4,2.,2.4));
#1511 = DIRECTION('',(1.,0.,0.));
#1512 = DIRECTION('',(0.,-1.,0.));
#1513 = ADVANCED_FACE('',(#1514),#1518,.T.);
#1514 = FACE_BOUND('',#1515,.T.);
#1515 = EDGE_LOOP('',(#1516,#1517));
#1516 = ORIENTED_EDGE('',*,*,#699,.T.);
#1517 = ORIENTED_EDGE('',*,*,#1503,.F.);
#1518 = PLANE('',#1519);
#1519 = AXIS2_PLACEMENT_3D('',#1520,#1521,#1522);
#1520 = CARTESIAN_POINT('',(7.70491144959E-03,-1.265782005125,2.4));
#1521 = DIRECTION('',(-4.370286341272E-18,-9.017547605327E-17,1.));
#1522 = DIRECTION('',(0.,1.,9.017547605327E-17));
#1523 = ADVANCED_FACE('',(#1524),#1536,.T.);
#1524 = FACE_BOUND('',#1525,.T.);
#1525 = EDGE_LOOP('',(#1526,#1527,#1528,#1535));
#1526 = ORIENTED_EDGE('',*,*,#682,.T.);
#1527 = ORIENTED_EDGE('',*,*,#1487,.T.);
#1528 = ORIENTED_EDGE('',*,*,#1529,.F.);
#1529 = EDGE_CURVE('',#1369,#1488,#1530,.T.);
#1530 = CIRCLE('',#1531,1.9);
#1531 = AXIS2_PLACEMENT_3D('',#1532,#1533,#1534);
#1532 = CARTESIAN_POINT('',(0.,-0.2,5.1));
#1533 = DIRECTION('',(0.,0.,1.));
#1534 = DIRECTION('',(1.,0.,-0.));
#1535 = ORIENTED_EDGE('',*,*,#1376,.T.);
#1536 = PLANE('',#1537);
#1537 = AXIS2_PLACEMENT_3D('',#1538,#1539,#1540);
#1538 = CARTESIAN_POINT('',(0.,0.,5.1));
#1539 = DIRECTION('',(0.,0.,1.));
#1540 = DIRECTION('',(1.,0.,-0.));
#1541 = ADVANCED_FACE('',(#1542),#1552,.T.);
#1542 = FACE_BOUND('',#1543,.T.);
#1543 = EDGE_LOOP('',(#1544,#1550,#1551));
#1544 = ORIENTED_EDGE('',*,*,#1545,.F.);
#1545 = EDGE_CURVE('',#855,#777,#1546,.T.);
#1546 = LINE('',#1547,#1548);
#1547 = CARTESIAN_POINT('',(6.48,-2.,2.4));
#1548 = VECTOR('',#1549,1.);
#1549 = DIRECTION('',(0.,1.,0.));
#1550 = ORIENTED_EDGE('',*,*,#862,.T.);
#1551 = ORIENTED_EDGE('',*,*,#776,.T.);
#1552 = PLANE('',#1553);
#1553 = AXIS2_PLACEMENT_3D('',#1554,#1555,#1556);
#1554 = CARTESIAN_POINT('',(5.08770491145,-1.265782005125,2.4));
#1555 = DIRECTION('',(-4.370286341272E-18,-9.017547605327E-17,1.));
#1556 = DIRECTION('',(0.,1.,9.017547605327E-17));
#1557 = ADVANCED_FACE('',(#1558),#1585,.F.);
#1558 = FACE_BOUND('',#1559,.F.);
#1559 = EDGE_LOOP('',(#1560,#1561,#1562,#1570,#1578,#1584));
#1560 = ORIENTED_EDGE('',*,*,#1545,.F.);
#1561 = ORIENTED_EDGE('',*,*,#854,.T.);
#1562 = ORIENTED_EDGE('',*,*,#1563,.T.);
#1563 = EDGE_CURVE('',#846,#1564,#1566,.T.);
#1564 = VERTEX_POINT('',#1565);
#1565 = CARTESIAN_POINT('',(6.48,-1.484523257867,5.1));
#1566 = LINE('',#1567,#1568);
#1567 = CARTESIAN_POINT('',(6.48,-2.,5.1));
#1568 = VECTOR('',#1569,1.);
#1569 = DIRECTION('',(0.,1.,0.));
#1570 = ORIENTED_EDGE('',*,*,#1571,.T.);
#1571 = EDGE_CURVE('',#1564,#1572,#1574,.T.);
#1572 = VERTEX_POINT('',#1573);
#1573 = CARTESIAN_POINT('',(6.48,1.084523257867,5.1));
#1574 = LINE('',#1575,#1576);
#1575 = CARTESIAN_POINT('',(6.48,-2.,5.1));
#1576 = VECTOR('',#1577,1.);
#1577 = DIRECTION('',(0.,1.,0.));
#1578 = ORIENTED_EDGE('',*,*,#1579,.T.);
#1579 = EDGE_CURVE('',#1572,#786,#1580,.T.);
#1580 = LINE('',#1581,#1582);
#1581 = CARTESIAN_POINT('',(6.48,-2.,5.1));
#1582 = VECTOR('',#1583,1.);
#1583 = DIRECTION('',(0.,1.,0.));
#1584 = ORIENTED_EDGE('',*,*,#785,.F.);
#1585 = PLANE('',#1586);
#1586 = AXIS2_PLACEMENT_3D('',#1587,#1588,#1589);
#1587 = CARTESIAN_POINT('',(6.48,-2.,2.4));
#1588 = DIRECTION('',(-1.,0.,0.));
#1589 = DIRECTION('',(0.,1.,0.));
#1590 = ADVANCED_FACE('',(#1591),#1610,.T.);
#1591 = FACE_BOUND('',#1592,.T.);
#1592 = EDGE_LOOP('',(#1593,#1602,#1608,#1609));
#1593 = ORIENTED_EDGE('',*,*,#1594,.F.);
#1594 = EDGE_CURVE('',#1595,#1564,#1597,.T.);
#1595 = VERTEX_POINT('',#1596);
#1596 = CARTESIAN_POINT('',(5.68827625303,-2.,5.1));
#1597 = CIRCLE('',#1598,1.9);
#1598 = AXIS2_PLACEMENT_3D('',#1599,#1600,#1601);
#1599 = CARTESIAN_POINT('',(5.08,-0.2,5.1));
#1600 = DIRECTION('',(0.,0.,1.));
#1601 = DIRECTION('',(1.,0.,-0.));
#1602 = ORIENTED_EDGE('',*,*,#1603,.T.);
#1603 = EDGE_CURVE('',#1595,#837,#1604,.T.);
#1604 = LINE('',#1605,#1606);
#1605 = CARTESIAN_POINT('',(3.68,-2.,5.1));
#1606 = VECTOR('',#1607,1.);
#1607 = DIRECTION('',(1.,0.,0.));
#1608 = ORIENTED_EDGE('',*,*,#845,.T.);
#1609 = ORIENTED_EDGE('',*,*,#1563,.T.);
#1610 = PLANE('',#1611);
#1611 = AXIS2_PLACEMENT_3D('',#1612,#1613,#1614);
#1612 = CARTESIAN_POINT('',(5.08,0.,5.1));
#1613 = DIRECTION('',(0.,0.,1.));
#1614 = DIRECTION('',(1.,0.,-0.));
#1615 = ADVANCED_FACE('',(#1616),#1648,.F.);
#1616 = FACE_BOUND('',#1617,.F.);
#1617 = EDGE_LOOP('',(#1618,#1626,#1627,#1635,#1641,#1642));
#1618 = ORIENTED_EDGE('',*,*,#1619,.F.);
#1619 = EDGE_CURVE('',#1199,#1620,#1622,.T.);
#1620 = VERTEX_POINT('',#1621);
#1621 = CARTESIAN_POINT('',(3.68,-2.,5.1));
#1622 = LINE('',#1623,#1624);
#1623 = CARTESIAN_POINT('',(3.68,-104.6,5.1));
#1624 = VECTOR('',#1625,1.);
#1625 = DIRECTION('',(0.,1.,0.));
#1626 = ORIENTED_EDGE('',*,*,#1221,.F.);
#1627 = ORIENTED_EDGE('',*,*,#1628,.T.);
#1628 = EDGE_CURVE('',#1176,#1629,#1631,.T.);
#1629 = VERTEX_POINT('',#1630);
#1630 = CARTESIAN_POINT('',(6.48,-2.,5.1));
#1631 = LINE('',#1632,#1633);
#1632 = CARTESIAN_POINT('',(6.48,-104.6,5.1));
#1633 = VECTOR('',#1634,1.);
#1634 = DIRECTION('',(0.,1.,0.));
#1635 = ORIENTED_EDGE('',*,*,#1636,.F.);
#1636 = EDGE_CURVE('',#837,#1629,#1637,.T.);
#1637 = LINE('',#1638,#1639);
#1638 = CARTESIAN_POINT('',(3.68,-2.,5.1));
#1639 = VECTOR('',#1640,1.);
#1640 = DIRECTION('',(1.,0.,0.));
#1641 = ORIENTED_EDGE('',*,*,#836,.F.);
#1642 = ORIENTED_EDGE('',*,*,#1643,.F.);
#1643 = EDGE_CURVE('',#1620,#828,#1644,.T.);
#1644 = LINE('',#1645,#1646);
#1645 = CARTESIAN_POINT('',(3.68,-2.,5.1));
#1646 = VECTOR('',#1647,1.);
#1647 = DIRECTION('',(1.,0.,0.));
#1648 = PLANE('',#1649);
#1649 = AXIS2_PLACEMENT_3D('',#1650,#1651,#1652);
#1650 = CARTESIAN_POINT('',(6.48,-104.6,5.1));
#1651 = DIRECTION('',(0.,0.,1.));
#1652 = DIRECTION('',(-1.,0.,0.));
#1653 = ADVANCED_FACE('',(#1654),#1680,.T.);
#1654 = FACE_BOUND('',#1655,.T.);
#1655 = EDGE_LOOP('',(#1656,#1667,#1673,#1674));
#1656 = ORIENTED_EDGE('',*,*,#1657,.F.);
#1657 = EDGE_CURVE('',#1658,#1660,#1662,.T.);
#1658 = VERTEX_POINT('',#1659);
#1659 = CARTESIAN_POINT('',(3.68,-1.484523257866,5.1));
#1660 = VERTEX_POINT('',#1661);
#1661 = CARTESIAN_POINT('',(4.47172374697,-2.,5.1));
#1662 = CIRCLE('',#1663,1.9);
#1663 = AXIS2_PLACEMENT_3D('',#1664,#1665,#1666);
#1664 = CARTESIAN_POINT('',(5.08,-0.2,5.1));
#1665 = DIRECTION('',(0.,0.,1.));
#1666 = DIRECTION('',(1.,0.,-0.));
#1667 = ORIENTED_EDGE('',*,*,#1668,.T.);
#1668 = EDGE_CURVE('',#1658,#820,#1669,.T.);
#1669 = LINE('',#1670,#1671);
#1670 = CARTESIAN_POINT('',(3.68,2.,5.1));
#1671 = VECTOR('',#1672,1.);
#1672 = DIRECTION('',(0.,-1.,0.));
#1673 = ORIENTED_EDGE('',*,*,#827,.T.);
#1674 = ORIENTED_EDGE('',*,*,#1675,.T.);
#1675 = EDGE_CURVE('',#828,#1660,#1676,.T.);
#1676 = LINE('',#1677,#1678);
#1677 = CARTESIAN_POINT('',(3.68,-2.,5.1));
#1678 = VECTOR('',#1679,1.);
#1679 = DIRECTION('',(1.,0.,0.));
#1680 = PLANE('',#1681);
#1681 = AXIS2_PLACEMENT_3D('',#1682,#1683,#1684);
#1682 = CARTESIAN_POINT('',(5.08,0.,5.1));
#1683 = DIRECTION('',(0.,0.,1.));
#1684 = DIRECTION('',(1.,0.,-0.));
#1685 = ADVANCED_FACE('',(#1686),#1711,.F.);
#1686 = FACE_BOUND('',#1687,.F.);
#1687 = EDGE_LOOP('',(#1688,#1689,#1697,#1703,#1704,#1705));
#1688 = ORIENTED_EDGE('',*,*,#802,.T.);
#1689 = ORIENTED_EDGE('',*,*,#1690,.T.);
#1690 = EDGE_CURVE('',#794,#1691,#1693,.T.);
#1691 = VERTEX_POINT('',#1692);
#1692 = CARTESIAN_POINT('',(3.68,1.084523257866,5.1));
#1693 = LINE('',#1694,#1695);
#1694 = CARTESIAN_POINT('',(3.68,2.,5.1));
#1695 = VECTOR('',#1696,1.);
#1696 = DIRECTION('',(0.,-1.,0.));
#1697 = ORIENTED_EDGE('',*,*,#1698,.T.);
#1698 = EDGE_CURVE('',#1691,#1658,#1699,.T.);
#1699 = LINE('',#1700,#1701);
#1700 = CARTESIAN_POINT('',(3.68,2.,5.1));
#1701 = VECTOR('',#1702,1.);
#1702 = DIRECTION('',(0.,-1.,0.));
#1703 = ORIENTED_EDGE('',*,*,#1668,.T.);
#1704 = ORIENTED_EDGE('',*,*,#819,.F.);
#1705 = ORIENTED_EDGE('',*,*,#1706,.F.);
#1706 = EDGE_CURVE('',#803,#811,#1707,.T.);
#1707 = LINE('',#1708,#1709);
#1708 = CARTESIAN_POINT('',(3.68,2.,2.4));
#1709 = VECTOR('',#1710,1.);
#1710 = DIRECTION('',(0.,-1.,0.));
#1711 = PLANE('',#1712);
#1712 = AXIS2_PLACEMENT_3D('',#1713,#1714,#1715);
#1713 = CARTESIAN_POINT('',(3.68,2.,2.4));
#1714 = DIRECTION('',(1.,0.,0.));
#1715 = DIRECTION('',(0.,-1.,0.));
#1716 = ADVANCED_FACE('',(#1717),#1721,.T.);
#1717 = FACE_BOUND('',#1718,.T.);
#1718 = EDGE_LOOP('',(#1719,#1720));
#1719 = ORIENTED_EDGE('',*,*,#810,.T.);
#1720 = ORIENTED_EDGE('',*,*,#1706,.F.);
#1721 = PLANE('',#1722);
#1722 = AXIS2_PLACEMENT_3D('',#1723,#1724,#1725);
#1723 = CARTESIAN_POINT('',(5.08770491145,-1.265782005125,2.4));
#1724 = DIRECTION('',(-4.370286341272E-18,-9.017547605327E-17,1.));
#1725 = DIRECTION('',(0.,1.,9.017547605327E-17));
#1726 = ADVANCED_FACE('',(#1727),#1739,.T.);
#1727 = FACE_BOUND('',#1728,.T.);
#1728 = EDGE_LOOP('',(#1729,#1730,#1731,#1738));
#1729 = ORIENTED_EDGE('',*,*,#793,.T.);
#1730 = ORIENTED_EDGE('',*,*,#1690,.T.);
#1731 = ORIENTED_EDGE('',*,*,#1732,.F.);
#1732 = EDGE_CURVE('',#1572,#1691,#1733,.T.);
#1733 = CIRCLE('',#1734,1.9);
#1734 = AXIS2_PLACEMENT_3D('',#1735,#1736,#1737);
#1735 = CARTESIAN_POINT('',(5.08,-0.2,5.1));
#1736 = DIRECTION('',(0.,0.,1.));
#1737 = DIRECTION('',(1.,0.,-0.));
#1738 = ORIENTED_EDGE('',*,*,#1579,.T.);
#1739 = PLANE('',#1740);
#1740 = AXIS2_PLACEMENT_3D('',#1741,#1742,#1743);
#1741 = CARTESIAN_POINT('',(5.08,0.,5.1));
#1742 = DIRECTION('',(0.,0.,1.));
#1743 = DIRECTION('',(1.,0.,-0.));
#1744 = ADVANCED_FACE('',(#1745),#1751,.F.);
#1745 = FACE_BOUND('',#1746,.F.);
#1746 = EDGE_LOOP('',(#1747,#1748,#1749,#1750));
#1747 = ORIENTED_EDGE('',*,*,#963,.T.);
#1748 = ORIENTED_EDGE('',*,*,#1035,.T.);
#1749 = ORIENTED_EDGE('',*,*,#1018,.T.);
#1750 = ORIENTED_EDGE('',*,*,#994,.T.);
#1751 = PLANE('',#1752);
#1752 = AXIS2_PLACEMENT_3D('',#1753,#1754,#1755);
#1753 = CARTESIAN_POINT('',(1.460819769244E-17,1.460819769244E-17,-3.5)
  );
#1754 = DIRECTION('',(0.,0.,1.));
#1755 = DIRECTION('',(1.,0.,-0.));
#1756 = ADVANCED_FACE('',(#1757),#1763,.F.);
#1757 = FACE_BOUND('',#1758,.F.);
#1758 = EDGE_LOOP('',(#1759,#1760,#1761,#1762));
#1759 = ORIENTED_EDGE('',*,*,#1059,.T.);
#1760 = ORIENTED_EDGE('',*,*,#1131,.T.);
#1761 = ORIENTED_EDGE('',*,*,#1114,.T.);
#1762 = ORIENTED_EDGE('',*,*,#1090,.T.);
#1763 = PLANE('',#1764);
#1764 = AXIS2_PLACEMENT_3D('',#1765,#1766,#1767);
#1765 = CARTESIAN_POINT('',(5.08,1.460819769244E-17,-3.5));
#1766 = DIRECTION('',(0.,0.,1.));
#1767 = DIRECTION('',(1.,0.,-0.));
#1768 = ADVANCED_FACE('',(#1769),#1794,.T.);
#1769 = FACE_BOUND('',#1770,.T.);
#1770 = EDGE_LOOP('',(#1771,#1779,#1780,#1788));
#1771 = ORIENTED_EDGE('',*,*,#1772,.F.);
#1772 = EDGE_CURVE('',#1147,#1773,#1775,.T.);
#1773 = VERTEX_POINT('',#1774);
#1774 = CARTESIAN_POINT('',(3.68,-2.,2.4));
#1775 = LINE('',#1776,#1777);
#1776 = CARTESIAN_POINT('',(3.68,-104.6,2.4));
#1777 = VECTOR('',#1778,1.);
#1778 = DIRECTION('',(0.,1.,0.));
#1779 = ORIENTED_EDGE('',*,*,#1146,.T.);
#1780 = ORIENTED_EDGE('',*,*,#1781,.T.);
#1781 = EDGE_CURVE('',#1149,#1782,#1784,.T.);
#1782 = VERTEX_POINT('',#1783);
#1783 = CARTESIAN_POINT('',(6.48,-2.,2.4));
#1784 = LINE('',#1785,#1786);
#1785 = CARTESIAN_POINT('',(6.48,-104.6,2.4));
#1786 = VECTOR('',#1787,1.);
#1787 = DIRECTION('',(0.,1.,0.));
#1788 = ORIENTED_EDGE('',*,*,#1789,.F.);
#1789 = EDGE_CURVE('',#1773,#1782,#1790,.T.);
#1790 = LINE('',#1791,#1792);
#1791 = CARTESIAN_POINT('',(3.68,-2.,2.4));
#1792 = VECTOR('',#1793,1.);
#1793 = DIRECTION('',(1.,0.,0.));
#1794 = PLANE('',#1795);
#1795 = AXIS2_PLACEMENT_3D('',#1796,#1797,#1798);
#1796 = CARTESIAN_POINT('',(5.08770491145,-1.265782005125,2.4));
#1797 = DIRECTION('',(-4.370286341272E-18,-9.017547605327E-17,1.));
#1798 = DIRECTION('',(0.,1.,9.017547605327E-17));
#1799 = ADVANCED_FACE('',(#1800),#1811,.F.);
#1800 = FACE_BOUND('',#1801,.F.);
#1801 = EDGE_LOOP('',(#1802,#1803,#1804,#1805));
#1802 = ORIENTED_EDGE('',*,*,#1628,.F.);
#1803 = ORIENTED_EDGE('',*,*,#1175,.F.);
#1804 = ORIENTED_EDGE('',*,*,#1781,.T.);
#1805 = ORIENTED_EDGE('',*,*,#1806,.T.);
#1806 = EDGE_CURVE('',#1782,#1629,#1807,.T.);
#1807 = LINE('',#1808,#1809);
#1808 = CARTESIAN_POINT('',(6.48,-2.,2.4));
#1809 = VECTOR('',#1810,1.);
#1810 = DIRECTION('',(0.,0.,1.));
#1811 = PLANE('',#1812);
#1812 = AXIS2_PLACEMENT_3D('',#1813,#1814,#1815);
#1813 = CARTESIAN_POINT('',(6.48,-104.6,2.4));
#1814 = DIRECTION('',(1.,0.,0.));
#1815 = DIRECTION('',(0.,0.,1.));
#1816 = ADVANCED_FACE('',(#1817),#1828,.F.);
#1817 = FACE_BOUND('',#1818,.F.);
#1818 = EDGE_LOOP('',(#1819,#1820,#1821,#1822));
#1819 = ORIENTED_EDGE('',*,*,#1772,.F.);
#1820 = ORIENTED_EDGE('',*,*,#1198,.F.);
#1821 = ORIENTED_EDGE('',*,*,#1619,.T.);
#1822 = ORIENTED_EDGE('',*,*,#1823,.F.);
#1823 = EDGE_CURVE('',#1773,#1620,#1824,.T.);
#1824 = LINE('',#1825,#1826);
#1825 = CARTESIAN_POINT('',(3.68,-2.,2.4));
#1826 = VECTOR('',#1827,1.);
#1827 = DIRECTION('',(0.,0.,1.));
#1828 = PLANE('',#1829);
#1829 = AXIS2_PLACEMENT_3D('',#1830,#1831,#1832);
#1830 = CARTESIAN_POINT('',(3.68,-104.6,5.1));
#1831 = DIRECTION('',(-1.,-0.,-0.));
#1832 = DIRECTION('',(0.,0.,-1.));
#1833 = ADVANCED_FACE('',(#1834),#1859,.T.);
#1834 = FACE_BOUND('',#1835,.T.);
#1835 = EDGE_LOOP('',(#1836,#1844,#1845,#1853));
#1836 = ORIENTED_EDGE('',*,*,#1837,.F.);
#1837 = EDGE_CURVE('',#1239,#1838,#1840,.T.);
#1838 = VERTEX_POINT('',#1839);
#1839 = CARTESIAN_POINT('',(-1.4,-2.,2.4));
#1840 = LINE('',#1841,#1842);
#1841 = CARTESIAN_POINT('',(-1.4,-104.6,2.4));
#1842 = VECTOR('',#1843,1.);
#1843 = DIRECTION('',(0.,1.,0.));
#1844 = ORIENTED_EDGE('',*,*,#1238,.T.);
#1845 = ORIENTED_EDGE('',*,*,#1846,.T.);
#1846 = EDGE_CURVE('',#1241,#1847,#1849,.T.);
#1847 = VERTEX_POINT('',#1848);
#1848 = CARTESIAN_POINT('',(1.4,-2.,2.4));
#1849 = LINE('',#1850,#1851);
#1850 = CARTESIAN_POINT('',(1.4,-104.6,2.4));
#1851 = VECTOR('',#1852,1.);
#1852 = DIRECTION('',(0.,1.,0.));
#1853 = ORIENTED_EDGE('',*,*,#1854,.F.);
#1854 = EDGE_CURVE('',#1838,#1847,#1855,.T.);
#1855 = LINE('',#1856,#1857);
#1856 = CARTESIAN_POINT('',(-1.4,-2.,2.4));
#1857 = VECTOR('',#1858,1.);
#1858 = DIRECTION('',(1.,0.,0.));
#1859 = PLANE('',#1860);
#1860 = AXIS2_PLACEMENT_3D('',#1861,#1862,#1863);
#1861 = CARTESIAN_POINT('',(7.70491144959E-03,-1.265782005125,2.4));
#1862 = DIRECTION('',(-4.370286341272E-18,-9.017547605327E-17,1.));
#1863 = DIRECTION('',(0.,1.,9.017547605327E-17));
#1864 = ADVANCED_FACE('',(#1865),#1876,.F.);
#1865 = FACE_BOUND('',#1866,.F.);
#1866 = EDGE_LOOP('',(#1867,#1868,#1869,#1870));
#1867 = ORIENTED_EDGE('',*,*,#1425,.F.);
#1868 = ORIENTED_EDGE('',*,*,#1267,.F.);
#1869 = ORIENTED_EDGE('',*,*,#1846,.T.);
#1870 = ORIENTED_EDGE('',*,*,#1871,.T.);
#1871 = EDGE_CURVE('',#1847,#1426,#1872,.T.);
#1872 = LINE('',#1873,#1874);
#1873 = CARTESIAN_POINT('',(1.4,-2.,2.4));
#1874 = VECTOR('',#1875,1.);
#1875 = DIRECTION('',(0.,0.,1.));
#1876 = PLANE('',#1877);
#1877 = AXIS2_PLACEMENT_3D('',#1878,#1879,#1880);
#1878 = CARTESIAN_POINT('',(1.4,-104.6,2.4));
#1879 = DIRECTION('',(1.,0.,0.));
#1880 = DIRECTION('',(0.,0.,1.));
#1881 = ADVANCED_FACE('',(#1882),#1893,.F.);
#1882 = FACE_BOUND('',#1883,.F.);
#1883 = EDGE_LOOP('',(#1884,#1885,#1886,#1887));
#1884 = ORIENTED_EDGE('',*,*,#1837,.F.);
#1885 = ORIENTED_EDGE('',*,*,#1290,.F.);
#1886 = ORIENTED_EDGE('',*,*,#1416,.T.);
#1887 = ORIENTED_EDGE('',*,*,#1888,.F.);
#1888 = EDGE_CURVE('',#1838,#1417,#1889,.T.);
#1889 = LINE('',#1890,#1891);
#1890 = CARTESIAN_POINT('',(-1.4,-2.,2.4));
#1891 = VECTOR('',#1892,1.);
#1892 = DIRECTION('',(0.,0.,1.));
#1893 = PLANE('',#1894);
#1894 = AXIS2_PLACEMENT_3D('',#1895,#1896,#1897);
#1895 = CARTESIAN_POINT('',(-1.4,-104.6,5.1));
#1896 = DIRECTION('',(-1.,-0.,-0.));
#1897 = DIRECTION('',(0.,0.,-1.));
#1898 = ADVANCED_FACE('',(#1899),#1918,.F.);
#1899 = FACE_BOUND('',#1900,.F.);
#1900 = EDGE_LOOP('',(#1901,#1910,#1917));
#1901 = ORIENTED_EDGE('',*,*,#1902,.T.);
#1902 = EDGE_CURVE('',#1361,#1903,#1905,.T.);
#1903 = VERTEX_POINT('',#1904);
#1904 = CARTESIAN_POINT('',(1.9,-0.2,5.1));
#1905 = CIRCLE('',#1906,1.9);
#1906 = AXIS2_PLACEMENT_3D('',#1907,#1908,#1909);
#1907 = CARTESIAN_POINT('',(0.,-0.2,5.1));
#1908 = DIRECTION('',(0.,0.,1.));
#1909 = DIRECTION('',(1.,0.,-0.));
#1910 = ORIENTED_EDGE('',*,*,#1911,.T.);
#1911 = EDGE_CURVE('',#1903,#1369,#1912,.T.);
#1912 = CIRCLE('',#1913,1.9);
#1913 = AXIS2_PLACEMENT_3D('',#1914,#1915,#1916);
#1914 = CARTESIAN_POINT('',(0.,-0.2,5.1));
#1915 = DIRECTION('',(0.,0.,1.));
#1916 = DIRECTION('',(1.,0.,-0.));
#1917 = ORIENTED_EDGE('',*,*,#1368,.F.);
#1918 = PLANE('',#1919);
#1919 = AXIS2_PLACEMENT_3D('',#1920,#1921,#1922);
#1920 = CARTESIAN_POINT('',(-1.799263332289E-16,-0.2,5.1));
#1921 = DIRECTION('',(0.,0.,1.));
#1922 = DIRECTION('',(1.,0.,-0.));
#1923 = ADVANCED_FACE('',(#1924),#2029,.T.);
#1924 = FACE_BOUND('',#1925,.T.);
#1925 = EDGE_LOOP('',(#1926,#1937,#1945,#1954,#1962,#1971,#1979,#1988,
    #1996,#2003,#2009,#2010,#2011,#2018,#2019,#2026,#2027,#2028));
#1926 = ORIENTED_EDGE('',*,*,#1927,.F.);
#1927 = EDGE_CURVE('',#1928,#1930,#1932,.T.);
#1928 = VERTEX_POINT('',#1929);
#1929 = CARTESIAN_POINT('',(0.35,-2.067484939698,13.6));
#1930 = VERTEX_POINT('',#1931);
#1931 = CARTESIAN_POINT('',(1.9,-0.2,13.6));
#1932 = CIRCLE('',#1933,1.9);
#1933 = AXIS2_PLACEMENT_3D('',#1934,#1935,#1936);
#1934 = CARTESIAN_POINT('',(0.,-0.2,13.6));
#1935 = DIRECTION('',(0.,0.,1.));
#1936 = DIRECTION('',(1.,0.,-0.));
#1937 = ORIENTED_EDGE('',*,*,#1938,.T.);
#1938 = EDGE_CURVE('',#1928,#1939,#1941,.T.);
#1939 = VERTEX_POINT('',#1940);
#1940 = CARTESIAN_POINT('',(0.35,-2.067484939698,12.9));
#1941 = LINE('',#1942,#1943);
#1942 = CARTESIAN_POINT('',(0.35,-2.067484939698,5.1));
#1943 = VECTOR('',#1944,1.);
#1944 = DIRECTION('',(-0.,-0.,-1.));
#1945 = ORIENTED_EDGE('',*,*,#1946,.T.);
#1946 = EDGE_CURVE('',#1939,#1947,#1949,.T.);
#1947 = VERTEX_POINT('',#1948);
#1948 = CARTESIAN_POINT('',(-0.35,-2.067484939698,12.9));
#1949 = CIRCLE('',#1950,1.9);
#1950 = AXIS2_PLACEMENT_3D('',#1951,#1952,#1953);
#1951 = CARTESIAN_POINT('',(0.,-0.2,12.9));
#1952 = DIRECTION('',(0.,0.,-1.));
#1953 = DIRECTION('',(1.,0.,0.));
#1954 = ORIENTED_EDGE('',*,*,#1955,.F.);
#1955 = EDGE_CURVE('',#1956,#1947,#1958,.T.);
#1956 = VERTEX_POINT('',#1957);
#1957 = CARTESIAN_POINT('',(-0.35,-2.067484939698,13.6));
#1958 = LINE('',#1959,#1960);
#1959 = CARTESIAN_POINT('',(-0.35,-2.067484939698,5.1));
#1960 = VECTOR('',#1961,1.);
#1961 = DIRECTION('',(-0.,-0.,-1.));
#1962 = ORIENTED_EDGE('',*,*,#1963,.F.);
#1963 = EDGE_CURVE('',#1964,#1956,#1966,.T.);
#1964 = VERTEX_POINT('',#1965);
#1965 = CARTESIAN_POINT('',(-0.35,1.667484939698,13.6));
#1966 = CIRCLE('',#1967,1.9);
#1967 = AXIS2_PLACEMENT_3D('',#1968,#1969,#1970);
#1968 = CARTESIAN_POINT('',(0.,-0.2,13.6));
#1969 = DIRECTION('',(0.,0.,1.));
#1970 = DIRECTION('',(1.,0.,-0.));
#1971 = ORIENTED_EDGE('',*,*,#1972,.T.);
#1972 = EDGE_CURVE('',#1964,#1973,#1975,.T.);
#1973 = VERTEX_POINT('',#1974);
#1974 = CARTESIAN_POINT('',(-0.35,1.667484939698,12.9));
#1975 = LINE('',#1976,#1977);
#1976 = CARTESIAN_POINT('',(-0.35,1.667484939698,5.1));
#1977 = VECTOR('',#1978,1.);
#1978 = DIRECTION('',(-0.,-0.,-1.));
#1979 = ORIENTED_EDGE('',*,*,#1980,.T.);
#1980 = EDGE_CURVE('',#1973,#1981,#1983,.T.);
#1981 = VERTEX_POINT('',#1982);
#1982 = CARTESIAN_POINT('',(0.35,1.667484939698,12.9));
#1983 = CIRCLE('',#1984,1.9);
#1984 = AXIS2_PLACEMENT_3D('',#1985,#1986,#1987);
#1985 = CARTESIAN_POINT('',(0.,-0.2,12.9));
#1986 = DIRECTION('',(0.,0.,-1.));
#1987 = DIRECTION('',(1.,0.,0.));
#1988 = ORIENTED_EDGE('',*,*,#1989,.F.);
#1989 = EDGE_CURVE('',#1990,#1981,#1992,.T.);
#1990 = VERTEX_POINT('',#1991);
#1991 = CARTESIAN_POINT('',(0.35,1.667484939698,13.6));
#1992 = LINE('',#1993,#1994);
#1993 = CARTESIAN_POINT('',(0.35,1.667484939698,5.1));
#1994 = VECTOR('',#1995,1.);
#1995 = DIRECTION('',(-0.,-0.,-1.));
#1996 = ORIENTED_EDGE('',*,*,#1997,.F.);
#1997 = EDGE_CURVE('',#1930,#1990,#1998,.T.);
#1998 = CIRCLE('',#1999,1.9);
#1999 = AXIS2_PLACEMENT_3D('',#2000,#2001,#2002);
#2000 = CARTESIAN_POINT('',(0.,-0.2,13.6));
#2001 = DIRECTION('',(0.,0.,1.));
#2002 = DIRECTION('',(1.,0.,-0.));
#2003 = ORIENTED_EDGE('',*,*,#2004,.F.);
#2004 = EDGE_CURVE('',#1903,#1930,#2005,.T.);
#2005 = LINE('',#2006,#2007);
#2006 = CARTESIAN_POINT('',(1.9,-0.2,5.1));
#2007 = VECTOR('',#2008,1.);
#2008 = DIRECTION('',(0.,0.,1.));
#2009 = ORIENTED_EDGE('',*,*,#1911,.T.);
#2010 = ORIENTED_EDGE('',*,*,#1529,.T.);
#2011 = ORIENTED_EDGE('',*,*,#2012,.T.);
#2012 = EDGE_CURVE('',#1488,#1455,#2013,.T.);
#2013 = CIRCLE('',#2014,1.9);
#2014 = AXIS2_PLACEMENT_3D('',#2015,#2016,#2017);
#2015 = CARTESIAN_POINT('',(0.,-0.2,5.1));
#2016 = DIRECTION('',(0.,0.,1.));
#2017 = DIRECTION('',(1.,0.,-0.));
#2018 = ORIENTED_EDGE('',*,*,#1454,.T.);
#2019 = ORIENTED_EDGE('',*,*,#2020,.T.);
#2020 = EDGE_CURVE('',#1457,#1392,#2021,.T.);
#2021 = CIRCLE('',#2022,1.9);
#2022 = AXIS2_PLACEMENT_3D('',#2023,#2024,#2025);
#2023 = CARTESIAN_POINT('',(0.,-0.2,5.1));
#2024 = DIRECTION('',(0.,0.,1.));
#2025 = DIRECTION('',(1.,0.,-0.));
#2026 = ORIENTED_EDGE('',*,*,#1391,.T.);
#2027 = ORIENTED_EDGE('',*,*,#1902,.T.);
#2028 = ORIENTED_EDGE('',*,*,#2004,.T.);
#2029 = CYLINDRICAL_SURFACE('',#2030,1.9);
#2030 = AXIS2_PLACEMENT_3D('',#2031,#2032,#2033);
#2031 = CARTESIAN_POINT('',(0.,-0.2,5.1));
#2032 = DIRECTION('',(-0.,-0.,-1.));
#2033 = DIRECTION('',(1.,0.,0.));
#2034 = ADVANCED_FACE('',(#2035,#2050),#2084,.F.);
#2035 = FACE_BOUND('',#2036,.F.);
#2036 = EDGE_LOOP('',(#2037,#2038,#2039,#2040,#2046,#2047,#2048,#2049));
#2037 = ORIENTED_EDGE('',*,*,#1888,.T.);
#2038 = ORIENTED_EDGE('',*,*,#1440,.T.);
#2039 = ORIENTED_EDGE('',*,*,#1472,.T.);
#2040 = ORIENTED_EDGE('',*,*,#2041,.T.);
#2041 = EDGE_CURVE('',#1457,#1392,#2042,.T.);
#2042 = LINE('',#2043,#2044);
#2043 = CARTESIAN_POINT('',(-1.4,-2.,5.1));
#2044 = VECTOR('',#2045,1.);
#2045 = DIRECTION('',(1.,0.,0.));
#2046 = ORIENTED_EDGE('',*,*,#1400,.T.);
#2047 = ORIENTED_EDGE('',*,*,#1433,.T.);
#2048 = ORIENTED_EDGE('',*,*,#1871,.F.);
#2049 = ORIENTED_EDGE('',*,*,#1854,.F.);
#2050 = FACE_BOUND('',#2051,.F.);
#2051 = EDGE_LOOP('',(#2052,#2062,#2070,#2078));
#2052 = ORIENTED_EDGE('',*,*,#2053,.T.);
#2053 = EDGE_CURVE('',#2054,#2056,#2058,.T.);
#2054 = VERTEX_POINT('',#2055);
#2055 = CARTESIAN_POINT('',(-1.25,-2.,5.));
#2056 = VERTEX_POINT('',#2057);
#2057 = CARTESIAN_POINT('',(-1.25,-2.,2.5));
#2058 = LINE('',#2059,#2060);
#2059 = CARTESIAN_POINT('',(-1.25,-2.,5.));
#2060 = VECTOR('',#2061,1.);
#2061 = DIRECTION('',(0.,0.,-1.));
#2062 = ORIENTED_EDGE('',*,*,#2063,.T.);
#2063 = EDGE_CURVE('',#2056,#2064,#2066,.T.);
#2064 = VERTEX_POINT('',#2065);
#2065 = CARTESIAN_POINT('',(1.25,-2.,2.5));
#2066 = LINE('',#2067,#2068);
#2067 = CARTESIAN_POINT('',(-1.25,-2.,2.5));
#2068 = VECTOR('',#2069,1.);
#2069 = DIRECTION('',(1.,0.,0.));
#2070 = ORIENTED_EDGE('',*,*,#2071,.T.);
#2071 = EDGE_CURVE('',#2064,#2072,#2074,.T.);
#2072 = VERTEX_POINT('',#2073);
#2073 = CARTESIAN_POINT('',(1.25,-2.,5.));
#2074 = LINE('',#2075,#2076);
#2075 = CARTESIAN_POINT('',(1.25,-2.,2.5));
#2076 = VECTOR('',#2077,1.);
#2077 = DIRECTION('',(0.,0.,1.));
#2078 = ORIENTED_EDGE('',*,*,#2079,.T.);
#2079 = EDGE_CURVE('',#2072,#2054,#2080,.T.);
#2080 = LINE('',#2081,#2082);
#2081 = CARTESIAN_POINT('',(1.25,-2.,5.));
#2082 = VECTOR('',#2083,1.);
#2083 = DIRECTION('',(-1.,0.,0.));
#2084 = PLANE('',#2085);
#2085 = AXIS2_PLACEMENT_3D('',#2086,#2087,#2088);
#2086 = CARTESIAN_POINT('',(-1.4,-2.,2.4));
#2087 = DIRECTION('',(0.,1.,0.));
#2088 = DIRECTION('',(1.,0.,0.));
#2089 = ADVANCED_FACE('',(#2090),#2094,.F.);
#2090 = FACE_BOUND('',#2091,.F.);
#2091 = EDGE_LOOP('',(#2092,#2093));
#2092 = ORIENTED_EDGE('',*,*,#1495,.F.);
#2093 = ORIENTED_EDGE('',*,*,#2012,.T.);
#2094 = PLANE('',#2095);
#2095 = AXIS2_PLACEMENT_3D('',#2096,#2097,#2098);
#2096 = CARTESIAN_POINT('',(-1.799263332289E-16,-0.2,5.1));
#2097 = DIRECTION('',(0.,0.,1.));
#2098 = DIRECTION('',(1.,0.,-0.));
#2099 = ADVANCED_FACE('',(#2100),#2119,.F.);
#2100 = FACE_BOUND('',#2101,.F.);
#2101 = EDGE_LOOP('',(#2102,#2111,#2118));
#2102 = ORIENTED_EDGE('',*,*,#2103,.T.);
#2103 = EDGE_CURVE('',#1564,#2104,#2106,.T.);
#2104 = VERTEX_POINT('',#2105);
#2105 = CARTESIAN_POINT('',(6.98,-0.2,5.1));
#2106 = CIRCLE('',#2107,1.9);
#2107 = AXIS2_PLACEMENT_3D('',#2108,#2109,#2110);
#2108 = CARTESIAN_POINT('',(5.08,-0.2,5.1));
#2109 = DIRECTION('',(0.,0.,1.));
#2110 = DIRECTION('',(1.,0.,-0.));
#2111 = ORIENTED_EDGE('',*,*,#2112,.T.);
#2112 = EDGE_CURVE('',#2104,#1572,#2113,.T.);
#2113 = CIRCLE('',#2114,1.9);
#2114 = AXIS2_PLACEMENT_3D('',#2115,#2116,#2117);
#2115 = CARTESIAN_POINT('',(5.08,-0.2,5.1));
#2116 = DIRECTION('',(0.,0.,1.));
#2117 = DIRECTION('',(1.,0.,-0.));
#2118 = ORIENTED_EDGE('',*,*,#1571,.F.);
#2119 = PLANE('',#2120);
#2120 = AXIS2_PLACEMENT_3D('',#2121,#2122,#2123);
#2121 = CARTESIAN_POINT('',(5.08,-0.2,5.1));
#2122 = DIRECTION('',(0.,0.,1.));
#2123 = DIRECTION('',(1.,0.,-0.));
#2124 = ADVANCED_FACE('',(#2125),#2230,.T.);
#2125 = FACE_BOUND('',#2126,.T.);
#2126 = EDGE_LOOP('',(#2127,#2138,#2146,#2155,#2163,#2172,#2180,#2189,
    #2197,#2204,#2210,#2211,#2212,#2219,#2220,#2227,#2228,#2229));
#2127 = ORIENTED_EDGE('',*,*,#2128,.F.);
#2128 = EDGE_CURVE('',#2129,#2131,#2133,.T.);
#2129 = VERTEX_POINT('',#2130);
#2130 = CARTESIAN_POINT('',(5.43,-2.067484939698,13.6));
#2131 = VERTEX_POINT('',#2132);
#2132 = CARTESIAN_POINT('',(6.98,-0.2,13.6));
#2133 = CIRCLE('',#2134,1.9);
#2134 = AXIS2_PLACEMENT_3D('',#2135,#2136,#2137);
#2135 = CARTESIAN_POINT('',(5.08,-0.2,13.6));
#2136 = DIRECTION('',(0.,0.,1.));
#2137 = DIRECTION('',(1.,0.,-0.));
#2138 = ORIENTED_EDGE('',*,*,#2139,.T.);
#2139 = EDGE_CURVE('',#2129,#2140,#2142,.T.);
#2140 = VERTEX_POINT('',#2141);
#2141 = CARTESIAN_POINT('',(5.43,-2.067484939698,12.9));
#2142 = LINE('',#2143,#2144);
#2143 = CARTESIAN_POINT('',(5.43,-2.067484939698,5.1));
#2144 = VECTOR('',#2145,1.);
#2145 = DIRECTION('',(-0.,-0.,-1.));
#2146 = ORIENTED_EDGE('',*,*,#2147,.T.);
#2147 = EDGE_CURVE('',#2140,#2148,#2150,.T.);
#2148 = VERTEX_POINT('',#2149);
#2149 = CARTESIAN_POINT('',(4.73,-2.067484939698,12.9));
#2150 = CIRCLE('',#2151,1.9);
#2151 = AXIS2_PLACEMENT_3D('',#2152,#2153,#2154);
#2152 = CARTESIAN_POINT('',(5.08,-0.2,12.9));
#2153 = DIRECTION('',(0.,0.,-1.));
#2154 = DIRECTION('',(1.,0.,0.));
#2155 = ORIENTED_EDGE('',*,*,#2156,.F.);
#2156 = EDGE_CURVE('',#2157,#2148,#2159,.T.);
#2157 = VERTEX_POINT('',#2158);
#2158 = CARTESIAN_POINT('',(4.73,-2.067484939698,13.6));
#2159 = LINE('',#2160,#2161);
#2160 = CARTESIAN_POINT('',(4.73,-2.067484939698,5.1));
#2161 = VECTOR('',#2162,1.);
#2162 = DIRECTION('',(-0.,-0.,-1.));
#2163 = ORIENTED_EDGE('',*,*,#2164,.F.);
#2164 = EDGE_CURVE('',#2165,#2157,#2167,.T.);
#2165 = VERTEX_POINT('',#2166);
#2166 = CARTESIAN_POINT('',(4.73,1.667484939698,13.6));
#2167 = CIRCLE('',#2168,1.9);
#2168 = AXIS2_PLACEMENT_3D('',#2169,#2170,#2171);
#2169 = CARTESIAN_POINT('',(5.08,-0.2,13.6));
#2170 = DIRECTION('',(0.,0.,1.));
#2171 = DIRECTION('',(1.,0.,-0.));
#2172 = ORIENTED_EDGE('',*,*,#2173,.T.);
#2173 = EDGE_CURVE('',#2165,#2174,#2176,.T.);
#2174 = VERTEX_POINT('',#2175);
#2175 = CARTESIAN_POINT('',(4.73,1.667484939698,12.9));
#2176 = LINE('',#2177,#2178);
#2177 = CARTESIAN_POINT('',(4.73,1.667484939698,5.1));
#2178 = VECTOR('',#2179,1.);
#2179 = DIRECTION('',(-0.,-0.,-1.));
#2180 = ORIENTED_EDGE('',*,*,#2181,.T.);
#2181 = EDGE_CURVE('',#2174,#2182,#2184,.T.);
#2182 = VERTEX_POINT('',#2183);
#2183 = CARTESIAN_POINT('',(5.43,1.667484939698,12.9));
#2184 = CIRCLE('',#2185,1.9);
#2185 = AXIS2_PLACEMENT_3D('',#2186,#2187,#2188);
#2186 = CARTESIAN_POINT('',(5.08,-0.2,12.9));
#2187 = DIRECTION('',(0.,0.,-1.));
#2188 = DIRECTION('',(1.,0.,0.));
#2189 = ORIENTED_EDGE('',*,*,#2190,.F.);
#2190 = EDGE_CURVE('',#2191,#2182,#2193,.T.);
#2191 = VERTEX_POINT('',#2192);
#2192 = CARTESIAN_POINT('',(5.43,1.667484939698,13.6));
#2193 = LINE('',#2194,#2195);
#2194 = CARTESIAN_POINT('',(5.43,1.667484939698,5.1));
#2195 = VECTOR('',#2196,1.);
#2196 = DIRECTION('',(-0.,-0.,-1.));
#2197 = ORIENTED_EDGE('',*,*,#2198,.F.);
#2198 = EDGE_CURVE('',#2131,#2191,#2199,.T.);
#2199 = CIRCLE('',#2200,1.9);
#2200 = AXIS2_PLACEMENT_3D('',#2201,#2202,#2203);
#2201 = CARTESIAN_POINT('',(5.08,-0.2,13.6));
#2202 = DIRECTION('',(0.,0.,1.));
#2203 = DIRECTION('',(1.,0.,-0.));
#2204 = ORIENTED_EDGE('',*,*,#2205,.F.);
#2205 = EDGE_CURVE('',#2104,#2131,#2206,.T.);
#2206 = LINE('',#2207,#2208);
#2207 = CARTESIAN_POINT('',(6.98,-0.2,5.1));
#2208 = VECTOR('',#2209,1.);
#2209 = DIRECTION('',(0.,0.,1.));
#2210 = ORIENTED_EDGE('',*,*,#2112,.T.);
#2211 = ORIENTED_EDGE('',*,*,#1732,.T.);
#2212 = ORIENTED_EDGE('',*,*,#2213,.T.);
#2213 = EDGE_CURVE('',#1691,#1658,#2214,.T.);
#2214 = CIRCLE('',#2215,1.9);
#2215 = AXIS2_PLACEMENT_3D('',#2216,#2217,#2218);
#2216 = CARTESIAN_POINT('',(5.08,-0.2,5.1));
#2217 = DIRECTION('',(0.,0.,1.));
#2218 = DIRECTION('',(1.,0.,-0.));
#2219 = ORIENTED_EDGE('',*,*,#1657,.T.);
#2220 = ORIENTED_EDGE('',*,*,#2221,.T.);
#2221 = EDGE_CURVE('',#1660,#1595,#2222,.T.);
#2222 = CIRCLE('',#2223,1.9);
#2223 = AXIS2_PLACEMENT_3D('',#2224,#2225,#2226);
#2224 = CARTESIAN_POINT('',(5.08,-0.2,5.1));
#2225 = DIRECTION('',(0.,0.,1.));
#2226 = DIRECTION('',(1.,0.,-0.));
#2227 = ORIENTED_EDGE('',*,*,#1594,.T.);
#2228 = ORIENTED_EDGE('',*,*,#2103,.T.);
#2229 = ORIENTED_EDGE('',*,*,#2205,.T.);
#2230 = CYLINDRICAL_SURFACE('',#2231,1.9);
#2231 = AXIS2_PLACEMENT_3D('',#2232,#2233,#2234);
#2232 = CARTESIAN_POINT('',(5.08,-0.2,5.1));
#2233 = DIRECTION('',(-0.,-0.,-1.));
#2234 = DIRECTION('',(1.,0.,0.));
#2235 = ADVANCED_FACE('',(#2236,#2251),#2285,.F.);
#2236 = FACE_BOUND('',#2237,.F.);
#2237 = EDGE_LOOP('',(#2238,#2239,#2240,#2241,#2247,#2248,#2249,#2250));
#2238 = ORIENTED_EDGE('',*,*,#1823,.T.);
#2239 = ORIENTED_EDGE('',*,*,#1643,.T.);
#2240 = ORIENTED_EDGE('',*,*,#1675,.T.);
#2241 = ORIENTED_EDGE('',*,*,#2242,.T.);
#2242 = EDGE_CURVE('',#1660,#1595,#2243,.T.);
#2243 = LINE('',#2244,#2245);
#2244 = CARTESIAN_POINT('',(3.68,-2.,5.1));
#2245 = VECTOR('',#2246,1.);
#2246 = DIRECTION('',(1.,0.,0.));
#2247 = ORIENTED_EDGE('',*,*,#1603,.T.);
#2248 = ORIENTED_EDGE('',*,*,#1636,.T.);
#2249 = ORIENTED_EDGE('',*,*,#1806,.F.);
#2250 = ORIENTED_EDGE('',*,*,#1789,.F.);
#2251 = FACE_BOUND('',#2252,.F.);
#2252 = EDGE_LOOP('',(#2253,#2263,#2271,#2279));
#2253 = ORIENTED_EDGE('',*,*,#2254,.T.);
#2254 = EDGE_CURVE('',#2255,#2257,#2259,.T.);
#2255 = VERTEX_POINT('',#2256);
#2256 = CARTESIAN_POINT('',(3.83,-2.,5.));
#2257 = VERTEX_POINT('',#2258);
#2258 = CARTESIAN_POINT('',(3.83,-2.,2.5));
#2259 = LINE('',#2260,#2261);
#2260 = CARTESIAN_POINT('',(3.83,-2.,5.));
#2261 = VECTOR('',#2262,1.);
#2262 = DIRECTION('',(0.,0.,-1.));
#2263 = ORIENTED_EDGE('',*,*,#2264,.T.);
#2264 = EDGE_CURVE('',#2257,#2265,#2267,.T.);
#2265 = VERTEX_POINT('',#2266);
#2266 = CARTESIAN_POINT('',(6.33,-2.,2.5));
#2267 = LINE('',#2268,#2269);
#2268 = CARTESIAN_POINT('',(3.83,-2.,2.5));
#2269 = VECTOR('',#2270,1.);
#2270 = DIRECTION('',(1.,0.,0.));
#2271 = ORIENTED_EDGE('',*,*,#2272,.T.);
#2272 = EDGE_CURVE('',#2265,#2273,#2275,.T.);
#2273 = VERTEX_POINT('',#2274);
#2274 = CARTESIAN_POINT('',(6.33,-2.,5.));
#2275 = LINE('',#2276,#2277);
#2276 = CARTESIAN_POINT('',(6.33,-2.,2.5));
#2277 = VECTOR('',#2278,1.);
#2278 = DIRECTION('',(0.,0.,1.));
#2279 = ORIENTED_EDGE('',*,*,#2280,.T.);
#2280 = EDGE_CURVE('',#2273,#2255,#2281,.T.);
#2281 = LINE('',#2282,#2283);
#2282 = CARTESIAN_POINT('',(6.33,-2.,5.));
#2283 = VECTOR('',#2284,1.);
#2284 = DIRECTION('',(-1.,0.,0.));
#2285 = PLANE('',#2286);
#2286 = AXIS2_PLACEMENT_3D('',#2287,#2288,#2289);
#2287 = CARTESIAN_POINT('',(3.68,-2.,2.4));
#2288 = DIRECTION('',(0.,1.,0.));
#2289 = DIRECTION('',(1.,0.,0.));
#2290 = ADVANCED_FACE('',(#2291),#2295,.F.);
#2291 = FACE_BOUND('',#2292,.F.);
#2292 = EDGE_LOOP('',(#2293,#2294));
#2293 = ORIENTED_EDGE('',*,*,#1698,.F.);
#2294 = ORIENTED_EDGE('',*,*,#2213,.T.);
#2295 = PLANE('',#2296);
#2296 = AXIS2_PLACEMENT_3D('',#2297,#2298,#2299);
#2297 = CARTESIAN_POINT('',(5.08,-0.2,5.1));
#2298 = DIRECTION('',(0.,0.,1.));
#2299 = DIRECTION('',(1.,0.,-0.));
#2300 = ADVANCED_FACE('',(#2301),#2311,.T.);
#2301 = FACE_BOUND('',#2302,.T.);
#2302 = EDGE_LOOP('',(#2303,#2304,#2305));
#2303 = ORIENTED_EDGE('',*,*,#1927,.T.);
#2304 = ORIENTED_EDGE('',*,*,#1997,.T.);
#2305 = ORIENTED_EDGE('',*,*,#2306,.F.);
#2306 = EDGE_CURVE('',#1928,#1990,#2307,.T.);
#2307 = LINE('',#2308,#2309);
#2308 = CARTESIAN_POINT('',(0.35,-2.2,13.6));
#2309 = VECTOR('',#2310,1.);
#2310 = DIRECTION('',(0.,1.,0.));
#2311 = PLANE('',#2312);
#2312 = AXIS2_PLACEMENT_3D('',#2313,#2314,#2315);
#2313 = CARTESIAN_POINT('',(-1.799263332289E-16,-0.2,13.6));
#2314 = DIRECTION('',(0.,0.,1.));
#2315 = DIRECTION('',(1.,0.,-0.));
#2316 = ADVANCED_FACE('',(#2317),#2328,.F.);
#2317 = FACE_BOUND('',#2318,.F.);
#2318 = EDGE_LOOP('',(#2319,#2320,#2321,#2327));
#2319 = ORIENTED_EDGE('',*,*,#2306,.F.);
#2320 = ORIENTED_EDGE('',*,*,#1938,.T.);
#2321 = ORIENTED_EDGE('',*,*,#2322,.T.);
#2322 = EDGE_CURVE('',#1939,#1981,#2323,.T.);
#2323 = LINE('',#2324,#2325);
#2324 = CARTESIAN_POINT('',(0.35,-2.2,12.9));
#2325 = VECTOR('',#2326,1.);
#2326 = DIRECTION('',(0.,1.,0.));
#2327 = ORIENTED_EDGE('',*,*,#1989,.F.);
#2328 = PLANE('',#2329);
#2329 = AXIS2_PLACEMENT_3D('',#2330,#2331,#2332);
#2330 = CARTESIAN_POINT('',(0.35,-2.2,13.6));
#2331 = DIRECTION('',(1.,0.,0.));
#2332 = DIRECTION('',(-0.,1.,0.));
#2333 = ADVANCED_FACE('',(#2334),#2345,.T.);
#2334 = FACE_BOUND('',#2335,.T.);
#2335 = EDGE_LOOP('',(#2336,#2342,#2343,#2344));
#2336 = ORIENTED_EDGE('',*,*,#2337,.T.);
#2337 = EDGE_CURVE('',#1973,#1947,#2338,.T.);
#2338 = LINE('',#2339,#2340);
#2339 = CARTESIAN_POINT('',(-0.35,1.8,12.9));
#2340 = VECTOR('',#2341,1.);
#2341 = DIRECTION('',(0.,-1.,0.));
#2342 = ORIENTED_EDGE('',*,*,#1946,.F.);
#2343 = ORIENTED_EDGE('',*,*,#2322,.T.);
#2344 = ORIENTED_EDGE('',*,*,#1980,.F.);
#2345 = PLANE('',#2346);
#2346 = AXIS2_PLACEMENT_3D('',#2347,#2348,#2349);
#2347 = CARTESIAN_POINT('',(0.,-0.2,12.9));
#2348 = DIRECTION('',(0.,-2.098034322396E-32,1.));
#2349 = DIRECTION('',(0.,1.,2.098034322396E-32));
#2350 = ADVANCED_FACE('',(#2351),#2362,.F.);
#2351 = FACE_BOUND('',#2352,.F.);
#2352 = EDGE_LOOP('',(#2353,#2359,#2360,#2361));
#2353 = ORIENTED_EDGE('',*,*,#2354,.F.);
#2354 = EDGE_CURVE('',#1964,#1956,#2355,.T.);
#2355 = LINE('',#2356,#2357);
#2356 = CARTESIAN_POINT('',(-0.35,1.8,13.6));
#2357 = VECTOR('',#2358,1.);
#2358 = DIRECTION('',(0.,-1.,0.));
#2359 = ORIENTED_EDGE('',*,*,#1972,.T.);
#2360 = ORIENTED_EDGE('',*,*,#2337,.T.);
#2361 = ORIENTED_EDGE('',*,*,#1955,.F.);
#2362 = PLANE('',#2363);
#2363 = AXIS2_PLACEMENT_3D('',#2364,#2365,#2366);
#2364 = CARTESIAN_POINT('',(-0.35,1.8,13.6));
#2365 = DIRECTION('',(-1.,0.,0.));
#2366 = DIRECTION('',(0.,-1.,0.));
#2367 = ADVANCED_FACE('',(#2368),#2372,.T.);
#2368 = FACE_BOUND('',#2369,.T.);
#2369 = EDGE_LOOP('',(#2370,#2371));
#2370 = ORIENTED_EDGE('',*,*,#2354,.F.);
#2371 = ORIENTED_EDGE('',*,*,#1963,.T.);
#2372 = PLANE('',#2373);
#2373 = AXIS2_PLACEMENT_3D('',#2374,#2375,#2376);
#2374 = CARTESIAN_POINT('',(-1.799263332289E-16,-0.2,13.6));
#2375 = DIRECTION('',(0.,0.,1.));
#2376 = DIRECTION('',(1.,0.,-0.));
#2377 = ADVANCED_FACE('',(#2378),#2382,.F.);
#2378 = FACE_BOUND('',#2379,.F.);
#2379 = EDGE_LOOP('',(#2380,#2381));
#2380 = ORIENTED_EDGE('',*,*,#2020,.T.);
#2381 = ORIENTED_EDGE('',*,*,#2041,.F.);
#2382 = PLANE('',#2383);
#2383 = AXIS2_PLACEMENT_3D('',#2384,#2385,#2386);
#2384 = CARTESIAN_POINT('',(-1.799263332289E-16,-0.2,5.1));
#2385 = DIRECTION('',(0.,0.,1.));
#2386 = DIRECTION('',(1.,0.,-0.));
#2387 = ADVANCED_FACE('',(#2388),#2413,.T.);
#2388 = FACE_BOUND('',#2389,.T.);
#2389 = EDGE_LOOP('',(#2390,#2398,#2399,#2407));
#2390 = ORIENTED_EDGE('',*,*,#2391,.T.);
#2391 = EDGE_CURVE('',#2392,#2054,#2394,.T.);
#2392 = VERTEX_POINT('',#2393);
#2393 = CARTESIAN_POINT('',(-1.25,2.,5.));
#2394 = LINE('',#2395,#2396);
#2395 = CARTESIAN_POINT('',(-1.25,2.,5.));
#2396 = VECTOR('',#2397,1.);
#2397 = DIRECTION('',(0.,-1.,0.));
#2398 = ORIENTED_EDGE('',*,*,#2053,.T.);
#2399 = ORIENTED_EDGE('',*,*,#2400,.F.);
#2400 = EDGE_CURVE('',#2401,#2056,#2403,.T.);
#2401 = VERTEX_POINT('',#2402);
#2402 = CARTESIAN_POINT('',(-1.25,2.,2.5));
#2403 = LINE('',#2404,#2405);
#2404 = CARTESIAN_POINT('',(-1.25,2.,2.5));
#2405 = VECTOR('',#2406,1.);
#2406 = DIRECTION('',(0.,-1.,0.));
#2407 = ORIENTED_EDGE('',*,*,#2408,.F.);
#2408 = EDGE_CURVE('',#2392,#2401,#2409,.T.);
#2409 = LINE('',#2410,#2411);
#2410 = CARTESIAN_POINT('',(-1.25,2.,5.));
#2411 = VECTOR('',#2412,1.);
#2412 = DIRECTION('',(0.,0.,-1.));
#2413 = PLANE('',#2414);
#2414 = AXIS2_PLACEMENT_3D('',#2415,#2416,#2417);
#2415 = CARTESIAN_POINT('',(-1.25,2.,5.));
#2416 = DIRECTION('',(1.,0.,0.));
#2417 = DIRECTION('',(0.,0.,-1.));
#2418 = ADVANCED_FACE('',(#2419),#2437,.T.);
#2419 = FACE_BOUND('',#2420,.T.);
#2420 = EDGE_LOOP('',(#2421,#2429,#2430,#2431));
#2421 = ORIENTED_EDGE('',*,*,#2422,.T.);
#2422 = EDGE_CURVE('',#2423,#2072,#2425,.T.);
#2423 = VERTEX_POINT('',#2424);
#2424 = CARTESIAN_POINT('',(1.25,2.,5.));
#2425 = LINE('',#2426,#2427);
#2426 = CARTESIAN_POINT('',(1.25,2.,5.));
#2427 = VECTOR('',#2428,1.);
#2428 = DIRECTION('',(0.,-1.,0.));
#2429 = ORIENTED_EDGE('',*,*,#2079,.T.);
#2430 = ORIENTED_EDGE('',*,*,#2391,.F.);
#2431 = ORIENTED_EDGE('',*,*,#2432,.F.);
#2432 = EDGE_CURVE('',#2423,#2392,#2433,.T.);
#2433 = LINE('',#2434,#2435);
#2434 = CARTESIAN_POINT('',(1.25,2.,5.));
#2435 = VECTOR('',#2436,1.);
#2436 = DIRECTION('',(-1.,0.,0.));
#2437 = PLANE('',#2438);
#2438 = AXIS2_PLACEMENT_3D('',#2439,#2440,#2441);
#2439 = CARTESIAN_POINT('',(1.25,2.,5.));
#2440 = DIRECTION('',(-0.,-0.,-1.));
#2441 = DIRECTION('',(-1.,0.,0.));
#2442 = ADVANCED_FACE('',(#2443),#2461,.T.);
#2443 = FACE_BOUND('',#2444,.T.);
#2444 = EDGE_LOOP('',(#2445,#2453,#2454,#2455));
#2445 = ORIENTED_EDGE('',*,*,#2446,.T.);
#2446 = EDGE_CURVE('',#2447,#2064,#2449,.T.);
#2447 = VERTEX_POINT('',#2448);
#2448 = CARTESIAN_POINT('',(1.25,2.,2.5));
#2449 = LINE('',#2450,#2451);
#2450 = CARTESIAN_POINT('',(1.25,2.,2.5));
#2451 = VECTOR('',#2452,1.);
#2452 = DIRECTION('',(0.,-1.,0.));
#2453 = ORIENTED_EDGE('',*,*,#2071,.T.);
#2454 = ORIENTED_EDGE('',*,*,#2422,.F.);
#2455 = ORIENTED_EDGE('',*,*,#2456,.F.);
#2456 = EDGE_CURVE('',#2447,#2423,#2457,.T.);
#2457 = LINE('',#2458,#2459);
#2458 = CARTESIAN_POINT('',(1.25,2.,2.5));
#2459 = VECTOR('',#2460,1.);
#2460 = DIRECTION('',(0.,0.,1.));
#2461 = PLANE('',#2462);
#2462 = AXIS2_PLACEMENT_3D('',#2463,#2464,#2465);
#2463 = CARTESIAN_POINT('',(1.25,2.,2.5));
#2464 = DIRECTION('',(-1.,0.,0.));
#2465 = DIRECTION('',(0.,0.,1.));
#2466 = ADVANCED_FACE('',(#2467),#2478,.T.);
#2467 = FACE_BOUND('',#2468,.T.);
#2468 = EDGE_LOOP('',(#2469,#2470,#2471,#2472));
#2469 = ORIENTED_EDGE('',*,*,#2400,.T.);
#2470 = ORIENTED_EDGE('',*,*,#2063,.T.);
#2471 = ORIENTED_EDGE('',*,*,#2446,.F.);
#2472 = ORIENTED_EDGE('',*,*,#2473,.F.);
#2473 = EDGE_CURVE('',#2401,#2447,#2474,.T.);
#2474 = LINE('',#2475,#2476);
#2475 = CARTESIAN_POINT('',(-1.25,2.,2.5));
#2476 = VECTOR('',#2477,1.);
#2477 = DIRECTION('',(1.,0.,0.));
#2478 = PLANE('',#2479);
#2479 = AXIS2_PLACEMENT_3D('',#2480,#2481,#2482);
#2480 = CARTESIAN_POINT('',(-1.25,2.,2.5));
#2481 = DIRECTION('',(0.,0.,1.));
#2482 = DIRECTION('',(1.,0.,-0.));
#2483 = ADVANCED_FACE('',(#2484),#2494,.T.);
#2484 = FACE_BOUND('',#2485,.T.);
#2485 = EDGE_LOOP('',(#2486,#2487,#2488));
#2486 = ORIENTED_EDGE('',*,*,#2128,.T.);
#2487 = ORIENTED_EDGE('',*,*,#2198,.T.);
#2488 = ORIENTED_EDGE('',*,*,#2489,.F.);
#2489 = EDGE_CURVE('',#2129,#2191,#2490,.T.);
#2490 = LINE('',#2491,#2492);
#2491 = CARTESIAN_POINT('',(5.43,-2.2,13.6));
#2492 = VECTOR('',#2493,1.);
#2493 = DIRECTION('',(0.,1.,0.));
#2494 = PLANE('',#2495);
#2495 = AXIS2_PLACEMENT_3D('',#2496,#2497,#2498);
#2496 = CARTESIAN_POINT('',(5.08,-0.2,13.6));
#2497 = DIRECTION('',(0.,0.,1.));
#2498 = DIRECTION('',(1.,0.,-0.));
#2499 = ADVANCED_FACE('',(#2500),#2511,.F.);
#2500 = FACE_BOUND('',#2501,.F.);
#2501 = EDGE_LOOP('',(#2502,#2503,#2504,#2510));
#2502 = ORIENTED_EDGE('',*,*,#2489,.F.);
#2503 = ORIENTED_EDGE('',*,*,#2139,.T.);
#2504 = ORIENTED_EDGE('',*,*,#2505,.T.);
#2505 = EDGE_CURVE('',#2140,#2182,#2506,.T.);
#2506 = LINE('',#2507,#2508);
#2507 = CARTESIAN_POINT('',(5.43,-2.2,12.9));
#2508 = VECTOR('',#2509,1.);
#2509 = DIRECTION('',(0.,1.,0.));
#2510 = ORIENTED_EDGE('',*,*,#2190,.F.);
#2511 = PLANE('',#2512);
#2512 = AXIS2_PLACEMENT_3D('',#2513,#2514,#2515);
#2513 = CARTESIAN_POINT('',(5.43,-2.2,13.6));
#2514 = DIRECTION('',(1.,0.,0.));
#2515 = DIRECTION('',(-0.,1.,0.));
#2516 = ADVANCED_FACE('',(#2517),#2528,.T.);
#2517 = FACE_BOUND('',#2518,.T.);
#2518 = EDGE_LOOP('',(#2519,#2525,#2526,#2527));
#2519 = ORIENTED_EDGE('',*,*,#2520,.T.);
#2520 = EDGE_CURVE('',#2174,#2148,#2521,.T.);
#2521 = LINE('',#2522,#2523);
#2522 = CARTESIAN_POINT('',(4.73,1.8,12.9));
#2523 = VECTOR('',#2524,1.);
#2524 = DIRECTION('',(0.,-1.,0.));
#2525 = ORIENTED_EDGE('',*,*,#2147,.F.);
#2526 = ORIENTED_EDGE('',*,*,#2505,.T.);
#2527 = ORIENTED_EDGE('',*,*,#2181,.F.);
#2528 = PLANE('',#2529);
#2529 = AXIS2_PLACEMENT_3D('',#2530,#2531,#2532);
#2530 = CARTESIAN_POINT('',(5.08,-0.2,12.9));
#2531 = DIRECTION('',(0.,-2.098034322396E-32,1.));
#2532 = DIRECTION('',(0.,1.,2.098034322396E-32));
#2533 = ADVANCED_FACE('',(#2534),#2545,.F.);
#2534 = FACE_BOUND('',#2535,.F.);
#2535 = EDGE_LOOP('',(#2536,#2542,#2543,#2544));
#2536 = ORIENTED_EDGE('',*,*,#2537,.F.);
#2537 = EDGE_CURVE('',#2165,#2157,#2538,.T.);
#2538 = LINE('',#2539,#2540);
#2539 = CARTESIAN_POINT('',(4.73,1.8,13.6));
#2540 = VECTOR('',#2541,1.);
#2541 = DIRECTION('',(0.,-1.,0.));
#2542 = ORIENTED_EDGE('',*,*,#2173,.T.);
#2543 = ORIENTED_EDGE('',*,*,#2520,.T.);
#2544 = ORIENTED_EDGE('',*,*,#2156,.F.);
#2545 = PLANE('',#2546);
#2546 = AXIS2_PLACEMENT_3D('',#2547,#2548,#2549);
#2547 = CARTESIAN_POINT('',(4.73,1.8,13.6));
#2548 = DIRECTION('',(-1.,0.,0.));
#2549 = DIRECTION('',(0.,-1.,0.));
#2550 = ADVANCED_FACE('',(#2551),#2555,.T.);
#2551 = FACE_BOUND('',#2552,.T.);
#2552 = EDGE_LOOP('',(#2553,#2554));
#2553 = ORIENTED_EDGE('',*,*,#2537,.F.);
#2554 = ORIENTED_EDGE('',*,*,#2164,.T.);
#2555 = PLANE('',#2556);
#2556 = AXIS2_PLACEMENT_3D('',#2557,#2558,#2559);
#2557 = CARTESIAN_POINT('',(5.08,-0.2,13.6));
#2558 = DIRECTION('',(0.,0.,1.));
#2559 = DIRECTION('',(1.,0.,-0.));
#2560 = ADVANCED_FACE('',(#2561),#2565,.F.);
#2561 = FACE_BOUND('',#2562,.F.);
#2562 = EDGE_LOOP('',(#2563,#2564));
#2563 = ORIENTED_EDGE('',*,*,#2221,.T.);
#2564 = ORIENTED_EDGE('',*,*,#2242,.F.);
#2565 = PLANE('',#2566);
#2566 = AXIS2_PLACEMENT_3D('',#2567,#2568,#2569);
#2567 = CARTESIAN_POINT('',(5.08,-0.2,5.1));
#2568 = DIRECTION('',(0.,0.,1.));
#2569 = DIRECTION('',(1.,0.,-0.));
#2570 = ADVANCED_FACE('',(#2571),#2596,.T.);
#2571 = FACE_BOUND('',#2572,.T.);
#2572 = EDGE_LOOP('',(#2573,#2581,#2582,#2590));
#2573 = ORIENTED_EDGE('',*,*,#2574,.T.);
#2574 = EDGE_CURVE('',#2575,#2255,#2577,.T.);
#2575 = VERTEX_POINT('',#2576);
#2576 = CARTESIAN_POINT('',(3.83,2.,5.));
#2577 = LINE('',#2578,#2579);
#2578 = CARTESIAN_POINT('',(3.83,2.,5.));
#2579 = VECTOR('',#2580,1.);
#2580 = DIRECTION('',(0.,-1.,0.));
#2581 = ORIENTED_EDGE('',*,*,#2254,.T.);
#2582 = ORIENTED_EDGE('',*,*,#2583,.F.);
#2583 = EDGE_CURVE('',#2584,#2257,#2586,.T.);
#2584 = VERTEX_POINT('',#2585);
#2585 = CARTESIAN_POINT('',(3.83,2.,2.5));
#2586 = LINE('',#2587,#2588);
#2587 = CARTESIAN_POINT('',(3.83,2.,2.5));
#2588 = VECTOR('',#2589,1.);
#2589 = DIRECTION('',(0.,-1.,0.));
#2590 = ORIENTED_EDGE('',*,*,#2591,.F.);
#2591 = EDGE_CURVE('',#2575,#2584,#2592,.T.);
#2592 = LINE('',#2593,#2594);
#2593 = CARTESIAN_POINT('',(3.83,2.,5.));
#2594 = VECTOR('',#2595,1.);
#2595 = DIRECTION('',(0.,0.,-1.));
#2596 = PLANE('',#2597);
#2597 = AXIS2_PLACEMENT_3D('',#2598,#2599,#2600);
#2598 = CARTESIAN_POINT('',(3.83,2.,5.));
#2599 = DIRECTION('',(1.,0.,0.));
#2600 = DIRECTION('',(0.,0.,-1.));
#2601 = ADVANCED_FACE('',(#2602),#2620,.T.);
#2602 = FACE_BOUND('',#2603,.T.);
#2603 = EDGE_LOOP('',(#2604,#2612,#2613,#2614));
#2604 = ORIENTED_EDGE('',*,*,#2605,.T.);
#2605 = EDGE_CURVE('',#2606,#2273,#2608,.T.);
#2606 = VERTEX_POINT('',#2607);
#2607 = CARTESIAN_POINT('',(6.33,2.,5.));
#2608 = LINE('',#2609,#2610);
#2609 = CARTESIAN_POINT('',(6.33,2.,5.));
#2610 = VECTOR('',#2611,1.);
#2611 = DIRECTION('',(0.,-1.,0.));
#2612 = ORIENTED_EDGE('',*,*,#2280,.T.);
#2613 = ORIENTED_EDGE('',*,*,#2574,.F.);
#2614 = ORIENTED_EDGE('',*,*,#2615,.F.);
#2615 = EDGE_CURVE('',#2606,#2575,#2616,.T.);
#2616 = LINE('',#2617,#2618);
#2617 = CARTESIAN_POINT('',(6.33,2.,5.));
#2618 = VECTOR('',#2619,1.);
#2619 = DIRECTION('',(-1.,0.,0.));
#2620 = PLANE('',#2621);
#2621 = AXIS2_PLACEMENT_3D('',#2622,#2623,#2624);
#2622 = CARTESIAN_POINT('',(6.33,2.,5.));
#2623 = DIRECTION('',(-0.,-0.,-1.));
#2624 = DIRECTION('',(-1.,0.,0.));
#2625 = ADVANCED_FACE('',(#2626),#2644,.T.);
#2626 = FACE_BOUND('',#2627,.T.);
#2627 = EDGE_LOOP('',(#2628,#2636,#2637,#2638));
#2628 = ORIENTED_EDGE('',*,*,#2629,.T.);
#2629 = EDGE_CURVE('',#2630,#2265,#2632,.T.);
#2630 = VERTEX_POINT('',#2631);
#2631 = CARTESIAN_POINT('',(6.33,2.,2.5));
#2632 = LINE('',#2633,#2634);
#2633 = CARTESIAN_POINT('',(6.33,2.,2.5));
#2634 = VECTOR('',#2635,1.);
#2635 = DIRECTION('',(0.,-1.,0.));
#2636 = ORIENTED_EDGE('',*,*,#2272,.T.);
#2637 = ORIENTED_EDGE('',*,*,#2605,.F.);
#2638 = ORIENTED_EDGE('',*,*,#2639,.F.);
#2639 = EDGE_CURVE('',#2630,#2606,#2640,.T.);
#2640 = LINE('',#2641,#2642);
#2641 = CARTESIAN_POINT('',(6.33,2.,2.5));
#2642 = VECTOR('',#2643,1.);
#2643 = DIRECTION('',(0.,0.,1.));
#2644 = PLANE('',#2645);
#2645 = AXIS2_PLACEMENT_3D('',#2646,#2647,#2648);
#2646 = CARTESIAN_POINT('',(6.33,2.,2.5));
#2647 = DIRECTION('',(-1.,0.,0.));
#2648 = DIRECTION('',(0.,0.,1.));
#2649 = ADVANCED_FACE('',(#2650),#2661,.T.);
#2650 = FACE_BOUND('',#2651,.T.);
#2651 = EDGE_LOOP('',(#2652,#2653,#2654,#2655));
#2652 = ORIENTED_EDGE('',*,*,#2583,.T.);
#2653 = ORIENTED_EDGE('',*,*,#2264,.T.);
#2654 = ORIENTED_EDGE('',*,*,#2629,.F.);
#2655 = ORIENTED_EDGE('',*,*,#2656,.F.);
#2656 = EDGE_CURVE('',#2584,#2630,#2657,.T.);
#2657 = LINE('',#2658,#2659);
#2658 = CARTESIAN_POINT('',(3.83,2.,2.5));
#2659 = VECTOR('',#2660,1.);
#2660 = DIRECTION('',(1.,0.,0.));
#2661 = PLANE('',#2662);
#2662 = AXIS2_PLACEMENT_3D('',#2663,#2664,#2665);
#2663 = CARTESIAN_POINT('',(3.83,2.,2.5));
#2664 = DIRECTION('',(0.,0.,1.));
#2665 = DIRECTION('',(1.,0.,-0.));
#2666 = ADVANCED_FACE('',(#2667),#2673,.T.);
#2667 = FACE_BOUND('',#2668,.T.);
#2668 = EDGE_LOOP('',(#2669,#2670,#2671,#2672));
#2669 = ORIENTED_EDGE('',*,*,#2432,.T.);
#2670 = ORIENTED_EDGE('',*,*,#2408,.T.);
#2671 = ORIENTED_EDGE('',*,*,#2473,.T.);
#2672 = ORIENTED_EDGE('',*,*,#2456,.T.);
#2673 = PLANE('',#2674);
#2674 = AXIS2_PLACEMENT_3D('',#2675,#2676,#2677);
#2675 = CARTESIAN_POINT('',(4.440892098501E-16,2.,3.75));
#2676 = DIRECTION('',(-2.868585109895E-30,-1.,-5.288584893962E-30));
#2677 = DIRECTION('',(0.,5.288584893962E-30,-1.));
#2678 = ADVANCED_FACE('',(#2679),#2685,.T.);
#2679 = FACE_BOUND('',#2680,.T.);
#2680 = EDGE_LOOP('',(#2681,#2682,#2683,#2684));
#2681 = ORIENTED_EDGE('',*,*,#2615,.T.);
#2682 = ORIENTED_EDGE('',*,*,#2591,.T.);
#2683 = ORIENTED_EDGE('',*,*,#2656,.T.);
#2684 = ORIENTED_EDGE('',*,*,#2639,.T.);
#2685 = PLANE('',#2686);
#2686 = AXIS2_PLACEMENT_3D('',#2687,#2688,#2689);
#2687 = CARTESIAN_POINT('',(5.08,2.,3.75));
#2688 = DIRECTION('',(-1.27037340581E-29,-1.,-5.729300301792E-30));
#2689 = DIRECTION('',(-1.,1.27037340581E-29,0.));
#2690 = ( GEOMETRIC_REPRESENTATION_CONTEXT(3) 
GLOBAL_UNCERTAINTY_ASSIGNED_CONTEXT((#2694)) 
GLOBAL_UNIT_ASSIGNED_CONTEXT((#2691,#2692,#2693)) REPRESENTATION_CONTEXT
('Context #1','3D Context with UNIT and UNCERTAINTY') );
#2691 = ( LENGTH_UNIT() NAMED_UNIT(*) SI_UNIT(.MILLI.,.METRE.) );
#2692 = ( NAMED_UNIT(*) PLANE_ANGLE_UNIT() SI_UNIT($,.RADIAN.) );
#2693 = ( NAMED_UNIT(*) SI_UNIT($,.STERADIAN.) SOLID_ANGLE_UNIT() );
#2694 = UNCERTAINTY_MEASURE_WITH_UNIT(LENGTH_MEASURE(1.E-07),#2691,
  'distance_accuracy_value','confusion accuracy');
#2695 = CONTEXT_DEPENDENT_SHAPE_REPRESENTATION(#2696,#2698);
#2696 = ( REPRESENTATION_RELATIONSHIP('','',#68,#10) 
REPRESENTATION_RELATIONSHIP_WITH_TRANSFORMATION(#2697) 
SHAPE_REPRESENTATION_RELATIONSHIP() );
#2697 = ITEM_DEFINED_TRANSFORMATION('','',#11,#15);
#2698 = PRODUCT_DEFINITION_SHAPE('Placement','Placement of an item',
  #2699);
#2699 = NEXT_ASSEMBLY_USAGE_OCCURRENCE('1','J5','',#5,#63,$);
#2700 = PRODUCT_RELATED_PRODUCT_CATEGORY('part',$,(#65));
#2701 = SHAPE_DEFINITION_REPRESENTATION(#2702,#2708);
#2702 = PRODUCT_DEFINITION_SHAPE('','',#2703);
#2703 = PRODUCT_DEFINITION('design','',#2704,#2707);
#2704 = PRODUCT_DEFINITION_FORMATION('','',#2705);
#2705 = PRODUCT('ACS773ECB-200B-PFF-T','ACS773ECB-200B-PFF-T','',(#2706)
  );
#2706 = PRODUCT_CONTEXT('',#2,'mechanical');
#2707 = PRODUCT_DEFINITION_CONTEXT('part definition',#2,'design');
#2708 = SHAPE_REPRESENTATION('',(#11,#2709),#2713);
#2709 = AXIS2_PLACEMENT_3D('',#2710,#2711,#2712);
#2710 = CARTESIAN_POINT('',(0.,3.55,1.05));
#2711 = DIRECTION('',(0.,0.,1.));
#2712 = DIRECTION('',(1.,0.,0.));
#2713 = ( GEOMETRIC_REPRESENTATION_CONTEXT(3) 
GLOBAL_UNCERTAINTY_ASSIGNED_CONTEXT((#2717)) 
GLOBAL_UNIT_ASSIGNED_CONTEXT((#2714,#2715,#2716)) REPRESENTATION_CONTEXT
('Context #1','3D Context with UNIT and UNCERTAINTY') );
#2714 = ( LENGTH_UNIT() NAMED_UNIT(*) SI_UNIT(.MILLI.,.METRE.) );
#2715 = ( NAMED_UNIT(*) PLANE_ANGLE_UNIT() SI_UNIT($,.RADIAN.) );
#2716 = ( NAMED_UNIT(*) SI_UNIT($,.STERADIAN.) SOLID_ANGLE_UNIT() );
#2717 = UNCERTAINTY_MEASURE_WITH_UNIT(LENGTH_MEASURE(1.E-07),#2714,
  'distance_accuracy_value','confusion accuracy');
#2718 = CONTEXT_DEPENDENT_SHAPE_REPRESENTATION(#2719,#2721);
#2719 = ( REPRESENTATION_RELATIONSHIP('','',#2708,#10) 
REPRESENTATION_RELATIONSHIP_WITH_TRANSFORMATION(#2720) 
SHAPE_REPRESENTATION_RELATIONSHIP() );
#2720 = ITEM_DEFINED_TRANSFORMATION('','',#11,#19);
#2721 = PRODUCT_DEFINITION_SHAPE('Placement','Placement of an item',
  #2722);
#2722 = NEXT_ASSEMBLY_USAGE_OCCURRENCE('3','U1','',#5,#2703,$);
#2723 = PRODUCT_RELATED_PRODUCT_CATEGORY('part',$,(#2705));
#2724 = SHAPE_DEFINITION_REPRESENTATION(#2725,#2731);
#2725 = PRODUCT_DEFINITION_SHAPE('','',#2726);
#2726 = PRODUCT_DEFINITION('design','',#2727,#2730);
#2727 = PRODUCT_DEFINITION_FORMATION('','',#2728);
#2728 = PRODUCT('ACS773LCB-050B-PFF-T','ACS773LCB-050B-PFF-T','',(#2729)
  );
#2729 = PRODUCT_CONTEXT('',#2,'mechanical');
#2730 = PRODUCT_DEFINITION_CONTEXT('part definition',#2,'design');
#2731 = SHAPE_REPRESENTATION('',(#11,#2732,#3165,#3598,#3884,#4170,#4456
    ),#5224);
#2732 = MANIFOLD_SOLID_BREP('',#2733);
#2733 = CLOSED_SHELL('',(#2734,#2774,#2814,#2860,#2901,#2932,#2963,#2994
    ,#3035,#3072,#3091,#3107,#3119,#3136,#3153));
#2734 = ADVANCED_FACE('',(#2735),#2769,.F.);
#2735 = FACE_BOUND('',#2736,.T.);
#2736 = EDGE_LOOP('',(#2737,#2747,#2755,#2763));
#2737 = ORIENTED_EDGE('',*,*,#2738,.T.);
#2738 = EDGE_CURVE('',#2739,#2741,#2743,.T.);
#2739 = VERTEX_POINT('',#2740);
#2740 = CARTESIAN_POINT('',(7.,-0.75,0.85));
#2741 = VERTEX_POINT('',#2742);
#2742 = CARTESIAN_POINT('',(7.,-0.75,-6.586115559444));
#2743 = LINE('',#2744,#2745);
#2744 = CARTESIAN_POINT('',(7.,-0.75,2.1));
#2745 = VECTOR('',#2746,1.);
#2746 = DIRECTION('',(0.,0.,-1.));
#2747 = ORIENTED_EDGE('',*,*,#2748,.T.);
#2748 = EDGE_CURVE('',#2741,#2749,#2751,.T.);
#2749 = VERTEX_POINT('',#2750);
#2750 = CARTESIAN_POINT('',(7.,0.75,-6.586115559444));
#2751 = LINE('',#2752,#2753);
#2752 = CARTESIAN_POINT('',(7.,-2.257481343168,-6.586115559444));
#2753 = VECTOR('',#2754,1.);
#2754 = DIRECTION('',(-0.,1.,1.064392177919E-17));
#2755 = ORIENTED_EDGE('',*,*,#2756,.T.);
#2756 = EDGE_CURVE('',#2749,#2757,#2759,.T.);
#2757 = VERTEX_POINT('',#2758);
#2758 = CARTESIAN_POINT('',(7.,0.75,0.85));
#2759 = LINE('',#2760,#2761);
#2760 = CARTESIAN_POINT('',(7.,0.75,2.1));
#2761 = VECTOR('',#2762,1.);
#2762 = DIRECTION('',(-0.,-1.064392177919E-17,1.));
#2763 = ORIENTED_EDGE('',*,*,#2764,.F.);
#2764 = EDGE_CURVE('',#2739,#2757,#2765,.T.);
#2765 = LINE('',#2766,#2767);
#2766 = CARTESIAN_POINT('',(7.,-2.257481343168,0.85));
#2767 = VECTOR('',#2768,1.);
#2768 = DIRECTION('',(-0.,1.,1.064392177919E-17));
#2769 = PLANE('',#2770);
#2770 = AXIS2_PLACEMENT_3D('',#2771,#2772,#2773);
#2771 = CARTESIAN_POINT('',(7.,-3.599734728724,-8.086115559444));
#2772 = DIRECTION('',(-1.,-0.,0.));
#2773 = DIRECTION('',(0.,0.,1.));
#2774 = ADVANCED_FACE('',(#2775),#2809,.F.);
#2775 = FACE_BOUND('',#2776,.T.);
#2776 = EDGE_LOOP('',(#2777,#2787,#2795,#2803));
#2777 = ORIENTED_EDGE('',*,*,#2778,.F.);
#2778 = EDGE_CURVE('',#2779,#2781,#2783,.T.);
#2779 = VERTEX_POINT('',#2780);
#2780 = CARTESIAN_POINT('',(6.5,-0.75,2.1));
#2781 = VERTEX_POINT('',#2782);
#2782 = CARTESIAN_POINT('',(3.,-0.75,2.1));
#2783 = LINE('',#2784,#2785);
#2784 = CARTESIAN_POINT('',(7.,-0.75,2.1));
#2785 = VECTOR('',#2786,1.);
#2786 = DIRECTION('',(-1.,-0.,-0.));
#2787 = ORIENTED_EDGE('',*,*,#2788,.T.);
#2788 = EDGE_CURVE('',#2779,#2789,#2791,.T.);
#2789 = VERTEX_POINT('',#2790);
#2790 = CARTESIAN_POINT('',(6.5,0.75,2.1));
#2791 = LINE('',#2792,#2793);
#2792 = CARTESIAN_POINT('',(6.5,-2.257481343168,2.1));
#2793 = VECTOR('',#2794,1.);
#2794 = DIRECTION('',(-0.,1.,1.064392177919E-17));
#2795 = ORIENTED_EDGE('',*,*,#2796,.T.);
#2796 = EDGE_CURVE('',#2789,#2797,#2799,.T.);
#2797 = VERTEX_POINT('',#2798);
#2798 = CARTESIAN_POINT('',(3.,0.75,2.1));
#2799 = LINE('',#2800,#2801);
#2800 = CARTESIAN_POINT('',(7.,0.75,2.1));
#2801 = VECTOR('',#2802,1.);
#2802 = DIRECTION('',(-1.,-0.,-0.));
#2803 = ORIENTED_EDGE('',*,*,#2804,.T.);
#2804 = EDGE_CURVE('',#2797,#2781,#2805,.T.);
#2805 = LINE('',#2806,#2807);
#2806 = CARTESIAN_POINT('',(3.,0.75,2.1));
#2807 = VECTOR('',#2808,1.);
#2808 = DIRECTION('',(0.,-1.,0.));
#2809 = PLANE('',#2810);
#2810 = AXIS2_PLACEMENT_3D('',#2811,#2812,#2813);
#2811 = CARTESIAN_POINT('',(7.,0.75,2.1));
#2812 = DIRECTION('',(0.,0.,-1.));
#2813 = DIRECTION('',(-1.,0.,-0.));
#2814 = ADVANCED_FACE('',(#2815),#2855,.F.);
#2815 = FACE_BOUND('',#2816,.T.);
#2816 = EDGE_LOOP('',(#2817,#2827,#2833,#2834,#2840,#2841,#2849));
#2817 = ORIENTED_EDGE('',*,*,#2818,.F.);
#2818 = EDGE_CURVE('',#2819,#2821,#2823,.T.);
#2819 = VERTEX_POINT('',#2820);
#2820 = CARTESIAN_POINT('',(6.85,-0.75,-6.586115559444));
#2821 = VERTEX_POINT('',#2822);
#2822 = CARTESIAN_POINT('',(6.85,-0.75,-8.086115559444));
#2823 = LINE('',#2824,#2825);
#2824 = CARTESIAN_POINT('',(6.85,-0.75,-8.086115559444));
#2825 = VECTOR('',#2826,1.);
#2826 = DIRECTION('',(0.,0.,-1.));
#2827 = ORIENTED_EDGE('',*,*,#2828,.F.);
#2828 = EDGE_CURVE('',#2741,#2819,#2829,.T.);
#2829 = LINE('',#2830,#2831);
#2830 = CARTESIAN_POINT('',(7.,-0.75,-6.586115559444));
#2831 = VECTOR('',#2832,1.);
#2832 = DIRECTION('',(-1.,0.,0.));
#2833 = ORIENTED_EDGE('',*,*,#2738,.F.);
#2834 = ORIENTED_EDGE('',*,*,#2835,.F.);
#2835 = EDGE_CURVE('',#2779,#2739,#2836,.T.);
#2836 = LINE('',#2837,#2838);
#2837 = CARTESIAN_POINT('',(6.5,-0.75,2.1));
#2838 = VECTOR('',#2839,1.);
#2839 = DIRECTION('',(0.371390676354,0.,-0.928476690885));
#2840 = ORIENTED_EDGE('',*,*,#2778,.T.);
#2841 = ORIENTED_EDGE('',*,*,#2842,.T.);
#2842 = EDGE_CURVE('',#2781,#2843,#2845,.T.);
#2843 = VERTEX_POINT('',#2844);
#2844 = CARTESIAN_POINT('',(3.,-0.75,-8.086115559444));
#2845 = LINE('',#2846,#2847);
#2846 = CARTESIAN_POINT('',(3.,-0.75,2.1));
#2847 = VECTOR('',#2848,1.);
#2848 = DIRECTION('',(0.,0.,-1.));
#2849 = ORIENTED_EDGE('',*,*,#2850,.F.);
#2850 = EDGE_CURVE('',#2821,#2843,#2851,.T.);
#2851 = LINE('',#2852,#2853);
#2852 = CARTESIAN_POINT('',(7.,-0.75,-8.086115559444));
#2853 = VECTOR('',#2854,1.);
#2854 = DIRECTION('',(-1.,-0.,-0.));
#2855 = PLANE('',#2856);
#2856 = AXIS2_PLACEMENT_3D('',#2857,#2858,#2859);
#2857 = CARTESIAN_POINT('',(7.,-0.75,2.1));
#2858 = DIRECTION('',(-0.,1.,0.));
#2859 = DIRECTION('',(0.,0.,1.));
#2860 = ADVANCED_FACE('',(#2861),#2896,.F.);
#2861 = FACE_BOUND('',#2862,.F.);
#2862 = EDGE_LOOP('',(#2863,#2864,#2872,#2881,#2889));
#2863 = ORIENTED_EDGE('',*,*,#2850,.F.);
#2864 = ORIENTED_EDGE('',*,*,#2865,.F.);
#2865 = EDGE_CURVE('',#2866,#2821,#2868,.T.);
#2866 = VERTEX_POINT('',#2867);
#2867 = CARTESIAN_POINT('',(7.,-0.75,-8.086115559444));
#2868 = LINE('',#2869,#2870);
#2869 = CARTESIAN_POINT('',(7.,-0.75,-8.086115559444));
#2870 = VECTOR('',#2871,1.);
#2871 = DIRECTION('',(-1.,-0.,-0.));
#2872 = ORIENTED_EDGE('',*,*,#2873,.T.);
#2873 = EDGE_CURVE('',#2866,#2874,#2876,.T.);
#2874 = VERTEX_POINT('',#2875);
#2875 = CARTESIAN_POINT('',(7.,-3.55,-10.93541625976));
#2876 = CIRCLE('',#2877,2.849734728724);
#2877 = AXIS2_PLACEMENT_3D('',#2878,#2879,#2880);
#2878 = CARTESIAN_POINT('',(7.,-3.599734728724,-8.086115559444));
#2879 = DIRECTION('',(-1.,-0.,0.));
#2880 = DIRECTION('',(0.,0.,1.));
#2881 = ORIENTED_EDGE('',*,*,#2882,.T.);
#2882 = EDGE_CURVE('',#2874,#2883,#2885,.T.);
#2883 = VERTEX_POINT('',#2884);
#2884 = CARTESIAN_POINT('',(3.,-3.55,-10.93541625976));
#2885 = LINE('',#2886,#2887);
#2886 = CARTESIAN_POINT('',(7.,-3.55,-10.93541625976));
#2887 = VECTOR('',#2888,1.);
#2888 = DIRECTION('',(-1.,-0.,-0.));
#2889 = ORIENTED_EDGE('',*,*,#2890,.F.);
#2890 = EDGE_CURVE('',#2843,#2883,#2891,.T.);
#2891 = CIRCLE('',#2892,2.849734728724);
#2892 = AXIS2_PLACEMENT_3D('',#2893,#2894,#2895);
#2893 = CARTESIAN_POINT('',(3.,-3.599734728724,-8.086115559444));
#2894 = DIRECTION('',(-1.,-0.,0.));
#2895 = DIRECTION('',(0.,0.,1.));
#2896 = CYLINDRICAL_SURFACE('',#2897,2.849734728724);
#2897 = AXIS2_PLACEMENT_3D('',#2898,#2899,#2900);
#2898 = CARTESIAN_POINT('',(7.,-3.599734728724,-8.086115559444));
#2899 = DIRECTION('',(-1.,-0.,-0.));
#2900 = DIRECTION('',(-0.,0.,1.));
#2901 = ADVANCED_FACE('',(#2902),#2927,.F.);
#2902 = FACE_BOUND('',#2903,.T.);
#2903 = EDGE_LOOP('',(#2904,#2912,#2920,#2926));
#2904 = ORIENTED_EDGE('',*,*,#2905,.T.);
#2905 = EDGE_CURVE('',#2883,#2906,#2908,.T.);
#2906 = VERTEX_POINT('',#2907);
#2907 = CARTESIAN_POINT('',(3.,-7.25,-11.));
#2908 = LINE('',#2909,#2910);
#2909 = CARTESIAN_POINT('',(3.,-3.55,-10.93541625976));
#2910 = VECTOR('',#2911,1.);
#2911 = DIRECTION('',(0.,-0.999847695156,-1.745240643728E-02));
#2912 = ORIENTED_EDGE('',*,*,#2913,.F.);
#2913 = EDGE_CURVE('',#2914,#2906,#2916,.T.);
#2914 = VERTEX_POINT('',#2915);
#2915 = CARTESIAN_POINT('',(7.,-7.25,-11.));
#2916 = LINE('',#2917,#2918);
#2917 = CARTESIAN_POINT('',(7.,-7.25,-11.));
#2918 = VECTOR('',#2919,1.);
#2919 = DIRECTION('',(-1.,-0.,-0.));
#2920 = ORIENTED_EDGE('',*,*,#2921,.F.);
#2921 = EDGE_CURVE('',#2874,#2914,#2922,.T.);
#2922 = LINE('',#2923,#2924);
#2923 = CARTESIAN_POINT('',(7.,-3.55,-10.93541625976));
#2924 = VECTOR('',#2925,1.);
#2925 = DIRECTION('',(0.,-0.999847695156,-1.745240643728E-02));
#2926 = ORIENTED_EDGE('',*,*,#2882,.T.);
#2927 = PLANE('',#2928);
#2928 = AXIS2_PLACEMENT_3D('',#2929,#2930,#2931);
#2929 = CARTESIAN_POINT('',(7.,-3.55,-10.93541625976));
#2930 = DIRECTION('',(0.,1.745240643728E-02,-0.999847695156));
#2931 = DIRECTION('',(0.,0.999847695156,1.745240643728E-02));
#2932 = ADVANCED_FACE('',(#2933),#2958,.F.);
#2933 = FACE_BOUND('',#2934,.T.);
#2934 = EDGE_LOOP('',(#2935,#2943,#2951,#2957));
#2935 = ORIENTED_EDGE('',*,*,#2936,.T.);
#2936 = EDGE_CURVE('',#2906,#2937,#2939,.T.);
#2937 = VERTEX_POINT('',#2938);
#2938 = CARTESIAN_POINT('',(3.,-7.223821390344,-12.49977154273));
#2939 = LINE('',#2940,#2941);
#2940 = CARTESIAN_POINT('',(3.,-7.25,-11.));
#2941 = VECTOR('',#2942,1.);
#2942 = DIRECTION('',(0.,1.745240643728E-02,-0.999847695156));
#2943 = ORIENTED_EDGE('',*,*,#2944,.F.);
#2944 = EDGE_CURVE('',#2945,#2937,#2947,.T.);
#2945 = VERTEX_POINT('',#2946);
#2946 = CARTESIAN_POINT('',(7.,-7.223821390344,-12.49977154273));
#2947 = LINE('',#2948,#2949);
#2948 = CARTESIAN_POINT('',(7.,-7.223821390344,-12.49977154273));
#2949 = VECTOR('',#2950,1.);
#2950 = DIRECTION('',(-1.,-0.,-0.));
#2951 = ORIENTED_EDGE('',*,*,#2952,.F.);
#2952 = EDGE_CURVE('',#2914,#2945,#2953,.T.);
#2953 = LINE('',#2954,#2955);
#2954 = CARTESIAN_POINT('',(7.,-7.25,-11.));
#2955 = VECTOR('',#2956,1.);
#2956 = DIRECTION('',(0.,1.745240643728E-02,-0.999847695156));
#2957 = ORIENTED_EDGE('',*,*,#2913,.T.);
#2958 = PLANE('',#2959);
#2959 = AXIS2_PLACEMENT_3D('',#2960,#2961,#2962);
#2960 = CARTESIAN_POINT('',(7.,-7.25,-11.));
#2961 = DIRECTION('',(-0.,0.999847695156,1.745240643728E-02));
#2962 = DIRECTION('',(0.,-1.745240643728E-02,0.999847695156));
#2963 = ADVANCED_FACE('',(#2964),#2989,.F.);
#2964 = FACE_BOUND('',#2965,.T.);
#2965 = EDGE_LOOP('',(#2966,#2974,#2982,#2988));
#2966 = ORIENTED_EDGE('',*,*,#2967,.T.);
#2967 = EDGE_CURVE('',#2937,#2968,#2970,.T.);
#2968 = VERTEX_POINT('',#2969);
#2969 = CARTESIAN_POINT('',(3.,-3.523821390344,-12.4351878025));
#2970 = LINE('',#2971,#2972);
#2971 = CARTESIAN_POINT('',(3.,-3.523821390344,-12.4351878025));
#2972 = VECTOR('',#2973,1.);
#2973 = DIRECTION('',(-0.,0.999847695156,1.745240643728E-02));
#2974 = ORIENTED_EDGE('',*,*,#2975,.F.);
#2975 = EDGE_CURVE('',#2976,#2968,#2978,.T.);
#2976 = VERTEX_POINT('',#2977);
#2977 = CARTESIAN_POINT('',(7.,-3.523821390344,-12.4351878025));
#2978 = LINE('',#2979,#2980);
#2979 = CARTESIAN_POINT('',(7.,-3.523821390344,-12.4351878025));
#2980 = VECTOR('',#2981,1.);
#2981 = DIRECTION('',(-1.,-0.,-0.));
#2982 = ORIENTED_EDGE('',*,*,#2983,.F.);
#2983 = EDGE_CURVE('',#2945,#2976,#2984,.T.);
#2984 = LINE('',#2985,#2986);
#2985 = CARTESIAN_POINT('',(7.,-3.523821390344,-12.4351878025));
#2986 = VECTOR('',#2987,1.);
#2987 = DIRECTION('',(-0.,0.999847695156,1.745240643728E-02));
#2988 = ORIENTED_EDGE('',*,*,#2944,.T.);
#2989 = PLANE('',#2990);
#2990 = AXIS2_PLACEMENT_3D('',#2991,#2992,#2993);
#2991 = CARTESIAN_POINT('',(7.,-3.523821390344,-12.4351878025));
#2992 = DIRECTION('',(0.,-1.745240643728E-02,0.999847695156));
#2993 = DIRECTION('',(0.,-0.999847695156,-1.745240643728E-02));
#2994 = ADVANCED_FACE('',(#2995),#3030,.T.);
#2995 = FACE_BOUND('',#2996,.T.);
#2996 = EDGE_LOOP('',(#2997,#3006,#3014,#3022,#3029));
#2997 = ORIENTED_EDGE('',*,*,#2998,.T.);
#2998 = EDGE_CURVE('',#2968,#2999,#3001,.T.);
#2999 = VERTEX_POINT('',#3000);
#3000 = CARTESIAN_POINT('',(3.,0.75,-8.086115559444));
#3001 = CIRCLE('',#3002,4.349734728724);
#3002 = AXIS2_PLACEMENT_3D('',#3003,#3004,#3005);
#3003 = CARTESIAN_POINT('',(3.,-3.599734728724,-8.086115559444));
#3004 = DIRECTION('',(1.,0.,-0.));
#3005 = DIRECTION('',(0.,0.,1.));
#3006 = ORIENTED_EDGE('',*,*,#3007,.F.);
#3007 = EDGE_CURVE('',#3008,#2999,#3010,.T.);
#3008 = VERTEX_POINT('',#3009);
#3009 = CARTESIAN_POINT('',(6.85,0.75,-8.086115559444));
#3010 = LINE('',#3011,#3012);
#3011 = CARTESIAN_POINT('',(7.,0.75,-8.086115559444));
#3012 = VECTOR('',#3013,1.);
#3013 = DIRECTION('',(-1.,-0.,-0.));
#3014 = ORIENTED_EDGE('',*,*,#3015,.F.);
#3015 = EDGE_CURVE('',#3016,#3008,#3018,.T.);
#3016 = VERTEX_POINT('',#3017);
#3017 = CARTESIAN_POINT('',(7.,0.75,-8.086115559444));
#3018 = LINE('',#3019,#3020);
#3019 = CARTESIAN_POINT('',(7.,0.75,-8.086115559444));
#3020 = VECTOR('',#3021,1.);
#3021 = DIRECTION('',(-1.,-0.,-0.));
#3022 = ORIENTED_EDGE('',*,*,#3023,.F.);
#3023 = EDGE_CURVE('',#2976,#3016,#3024,.T.);
#3024 = CIRCLE('',#3025,4.349734728724);
#3025 = AXIS2_PLACEMENT_3D('',#3026,#3027,#3028);
#3026 = CARTESIAN_POINT('',(7.,-3.599734728724,-8.086115559444));
#3027 = DIRECTION('',(1.,0.,-0.));
#3028 = DIRECTION('',(0.,0.,1.));
#3029 = ORIENTED_EDGE('',*,*,#2975,.T.);
#3030 = CYLINDRICAL_SURFACE('',#3031,4.349734728724);
#3031 = AXIS2_PLACEMENT_3D('',#3032,#3033,#3034);
#3032 = CARTESIAN_POINT('',(7.,-3.599734728724,-8.086115559444));
#3033 = DIRECTION('',(-1.,-0.,-0.));
#3034 = DIRECTION('',(-0.,0.,1.));
#3035 = ADVANCED_FACE('',(#3036),#3067,.F.);
#3036 = FACE_BOUND('',#3037,.T.);
#3037 = EDGE_LOOP('',(#3038,#3039,#3047,#3053,#3054,#3060,#3061));
#3038 = ORIENTED_EDGE('',*,*,#2756,.F.);
#3039 = ORIENTED_EDGE('',*,*,#3040,.F.);
#3040 = EDGE_CURVE('',#3041,#2749,#3043,.T.);
#3041 = VERTEX_POINT('',#3042);
#3042 = CARTESIAN_POINT('',(6.85,0.75,-6.586115559444));
#3043 = LINE('',#3044,#3045);
#3044 = CARTESIAN_POINT('',(7.,0.75,-6.586115559444));
#3045 = VECTOR('',#3046,1.);
#3046 = DIRECTION('',(1.,-0.,-0.));
#3047 = ORIENTED_EDGE('',*,*,#3048,.F.);
#3048 = EDGE_CURVE('',#3008,#3041,#3049,.T.);
#3049 = LINE('',#3050,#3051);
#3050 = CARTESIAN_POINT('',(6.85,0.75,-8.086115559444));
#3051 = VECTOR('',#3052,1.);
#3052 = DIRECTION('',(0.,0.,1.));
#3053 = ORIENTED_EDGE('',*,*,#3007,.T.);
#3054 = ORIENTED_EDGE('',*,*,#3055,.T.);
#3055 = EDGE_CURVE('',#2999,#2797,#3056,.T.);
#3056 = LINE('',#3057,#3058);
#3057 = CARTESIAN_POINT('',(3.,0.75,2.1));
#3058 = VECTOR('',#3059,1.);
#3059 = DIRECTION('',(-0.,-1.064392177919E-17,1.));
#3060 = ORIENTED_EDGE('',*,*,#2796,.F.);
#3061 = ORIENTED_EDGE('',*,*,#3062,.F.);
#3062 = EDGE_CURVE('',#2757,#2789,#3063,.T.);
#3063 = LINE('',#3064,#3065);
#3064 = CARTESIAN_POINT('',(6.5,0.75,2.1));
#3065 = VECTOR('',#3066,1.);
#3066 = DIRECTION('',(-0.371390676354,-0.,0.928476690885));
#3067 = PLANE('',#3068);
#3068 = AXIS2_PLACEMENT_3D('',#3069,#3070,#3071);
#3069 = CARTESIAN_POINT('',(7.,0.75,2.1));
#3070 = DIRECTION('',(0.,-1.,-1.064392177919E-17));
#3071 = DIRECTION('',(0.,1.064392177919E-17,-1.));
#3072 = ADVANCED_FACE('',(#3073),#3086,.F.);
#3073 = FACE_BOUND('',#3074,.T.);
#3074 = EDGE_LOOP('',(#3075,#3076,#3082,#3083,#3084,#3085));
#3075 = ORIENTED_EDGE('',*,*,#3023,.T.);
#3076 = ORIENTED_EDGE('',*,*,#3077,.F.);
#3077 = EDGE_CURVE('',#2866,#3016,#3078,.T.);
#3078 = LINE('',#3079,#3080);
#3079 = CARTESIAN_POINT('',(7.,-2.257481343168,-8.086115559444));
#3080 = VECTOR('',#3081,1.);
#3081 = DIRECTION('',(-0.,1.,1.064392177919E-17));
#3082 = ORIENTED_EDGE('',*,*,#2873,.T.);
#3083 = ORIENTED_EDGE('',*,*,#2921,.T.);
#3084 = ORIENTED_EDGE('',*,*,#2952,.T.);
#3085 = ORIENTED_EDGE('',*,*,#2983,.T.);
#3086 = PLANE('',#3087);
#3087 = AXIS2_PLACEMENT_3D('',#3088,#3089,#3090);
#3088 = CARTESIAN_POINT('',(7.,-3.599734728724,-8.086115559444));
#3089 = DIRECTION('',(-1.,-0.,0.));
#3090 = DIRECTION('',(0.,0.,1.));
#3091 = ADVANCED_FACE('',(#3092),#3102,.T.);
#3092 = FACE_BOUND('',#3093,.T.);
#3093 = EDGE_LOOP('',(#3094,#3095,#3096,#3097,#3098,#3099,#3100,#3101));
#3094 = ORIENTED_EDGE('',*,*,#2804,.F.);
#3095 = ORIENTED_EDGE('',*,*,#3055,.F.);
#3096 = ORIENTED_EDGE('',*,*,#2998,.F.);
#3097 = ORIENTED_EDGE('',*,*,#2967,.F.);
#3098 = ORIENTED_EDGE('',*,*,#2936,.F.);
#3099 = ORIENTED_EDGE('',*,*,#2905,.F.);
#3100 = ORIENTED_EDGE('',*,*,#2890,.F.);
#3101 = ORIENTED_EDGE('',*,*,#2842,.F.);
#3102 = PLANE('',#3103);
#3103 = AXIS2_PLACEMENT_3D('',#3104,#3105,#3106);
#3104 = CARTESIAN_POINT('',(3.,-3.599734728724,-8.086115559444));
#3105 = DIRECTION('',(-1.,-0.,0.));
#3106 = DIRECTION('',(0.,0.,1.));
#3107 = ADVANCED_FACE('',(#3108),#3114,.F.);
#3108 = FACE_BOUND('',#3109,.T.);
#3109 = EDGE_LOOP('',(#3110,#3111,#3112,#3113));
#3110 = ORIENTED_EDGE('',*,*,#2835,.T.);
#3111 = ORIENTED_EDGE('',*,*,#2764,.T.);
#3112 = ORIENTED_EDGE('',*,*,#3062,.T.);
#3113 = ORIENTED_EDGE('',*,*,#2788,.F.);
#3114 = PLANE('',#3115);
#3115 = AXIS2_PLACEMENT_3D('',#3116,#3117,#3118);
#3116 = CARTESIAN_POINT('',(6.5,-2.257481343168,2.1));
#3117 = DIRECTION('',(-0.928476690885,3.953053308635E-18,-0.371390676354
    ));
#3118 = DIRECTION('',(-0.371390676354,0.,0.928476690885));
#3119 = ADVANCED_FACE('',(#3120),#3131,.F.);
#3120 = FACE_BOUND('',#3121,.T.);
#3121 = EDGE_LOOP('',(#3122,#3123,#3129,#3130));
#3122 = ORIENTED_EDGE('',*,*,#2828,.T.);
#3123 = ORIENTED_EDGE('',*,*,#3124,.T.);
#3124 = EDGE_CURVE('',#2819,#3041,#3125,.T.);
#3125 = LINE('',#3126,#3127);
#3126 = CARTESIAN_POINT('',(6.85,-2.257481343168,-6.586115559444));
#3127 = VECTOR('',#3128,1.);
#3128 = DIRECTION('',(-0.,1.,1.064392177919E-17));
#3129 = ORIENTED_EDGE('',*,*,#3040,.T.);
#3130 = ORIENTED_EDGE('',*,*,#2748,.F.);
#3131 = PLANE('',#3132);
#3132 = AXIS2_PLACEMENT_3D('',#3133,#3134,#3135);
#3133 = CARTESIAN_POINT('',(7.,-2.257481343168,-6.586115559444));
#3134 = DIRECTION('',(0.,-1.064392177919E-17,1.));
#3135 = DIRECTION('',(0.,-1.,-1.064392177919E-17));
#3136 = ADVANCED_FACE('',(#3137),#3148,.F.);
#3137 = FACE_BOUND('',#3138,.T.);
#3138 = EDGE_LOOP('',(#3139,#3140,#3146,#3147));
#3139 = ORIENTED_EDGE('',*,*,#2818,.T.);
#3140 = ORIENTED_EDGE('',*,*,#3141,.T.);
#3141 = EDGE_CURVE('',#2821,#3008,#3142,.T.);
#3142 = LINE('',#3143,#3144);
#3143 = CARTESIAN_POINT('',(6.85,-2.257481343168,-8.086115559444));
#3144 = VECTOR('',#3145,1.);
#3145 = DIRECTION('',(-0.,1.,1.064392177919E-17));
#3146 = ORIENTED_EDGE('',*,*,#3048,.T.);
#3147 = ORIENTED_EDGE('',*,*,#3124,.F.);
#3148 = PLANE('',#3149);
#3149 = AXIS2_PLACEMENT_3D('',#3150,#3151,#3152);
#3150 = CARTESIAN_POINT('',(6.85,-2.257481343168,-8.086115559444));
#3151 = DIRECTION('',(-1.,-0.,0.));
#3152 = DIRECTION('',(0.,0.,1.));
#3153 = ADVANCED_FACE('',(#3154),#3160,.F.);
#3154 = FACE_BOUND('',#3155,.T.);
#3155 = EDGE_LOOP('',(#3156,#3157,#3158,#3159));
#3156 = ORIENTED_EDGE('',*,*,#2865,.F.);
#3157 = ORIENTED_EDGE('',*,*,#3077,.T.);
#3158 = ORIENTED_EDGE('',*,*,#3015,.T.);
#3159 = ORIENTED_EDGE('',*,*,#3141,.F.);
#3160 = PLANE('',#3161);
#3161 = AXIS2_PLACEMENT_3D('',#3162,#3163,#3164);
#3162 = CARTESIAN_POINT('',(7.,-2.257481343168,-8.086115559444));
#3163 = DIRECTION('',(0.,1.064392177919E-17,-1.));
#3164 = DIRECTION('',(0.,1.,1.064392177919E-17));
#3165 = MANIFOLD_SOLID_BREP('',#3166);
#3166 = CLOSED_SHELL('',(#3167,#3207,#3247,#3293,#3334,#3365,#3396,#3427
    ,#3468,#3505,#3524,#3540,#3552,#3569,#3586));
#3167 = ADVANCED_FACE('',(#3168),#3202,.F.);
#3168 = FACE_BOUND('',#3169,.T.);
#3169 = EDGE_LOOP('',(#3170,#3180,#3188,#3196));
#3170 = ORIENTED_EDGE('',*,*,#3171,.F.);
#3171 = EDGE_CURVE('',#3172,#3174,#3176,.T.);
#3172 = VERTEX_POINT('',#3173);
#3173 = CARTESIAN_POINT('',(-7.,-0.75,0.85));
#3174 = VERTEX_POINT('',#3175);
#3175 = CARTESIAN_POINT('',(-7.,-0.75,-6.586115559444));
#3176 = LINE('',#3177,#3178);
#3177 = CARTESIAN_POINT('',(-7.,-0.75,2.1));
#3178 = VECTOR('',#3179,1.);
#3179 = DIRECTION('',(0.,0.,-1.));
#3180 = ORIENTED_EDGE('',*,*,#3181,.T.);
#3181 = EDGE_CURVE('',#3172,#3182,#3184,.T.);
#3182 = VERTEX_POINT('',#3183);
#3183 = CARTESIAN_POINT('',(-7.,0.75,0.85));
#3184 = LINE('',#3185,#3186);
#3185 = CARTESIAN_POINT('',(-7.,-2.257481343168,0.85));
#3186 = VECTOR('',#3187,1.);
#3187 = DIRECTION('',(0.,1.,1.064392177919E-17));
#3188 = ORIENTED_EDGE('',*,*,#3189,.F.);
#3189 = EDGE_CURVE('',#3190,#3182,#3192,.T.);
#3190 = VERTEX_POINT('',#3191);
#3191 = CARTESIAN_POINT('',(-7.,0.75,-6.586115559444));
#3192 = LINE('',#3193,#3194);
#3193 = CARTESIAN_POINT('',(-7.,0.75,2.1));
#3194 = VECTOR('',#3195,1.);
#3195 = DIRECTION('',(0.,-1.064392177919E-17,1.));
#3196 = ORIENTED_EDGE('',*,*,#3197,.F.);
#3197 = EDGE_CURVE('',#3174,#3190,#3198,.T.);
#3198 = LINE('',#3199,#3200);
#3199 = CARTESIAN_POINT('',(-7.,-2.257481343168,-6.586115559444));
#3200 = VECTOR('',#3201,1.);
#3201 = DIRECTION('',(0.,1.,1.064392177919E-17));
#3202 = PLANE('',#3203);
#3203 = AXIS2_PLACEMENT_3D('',#3204,#3205,#3206);
#3204 = CARTESIAN_POINT('',(-7.,-3.599734728724,-8.086115559444));
#3205 = DIRECTION('',(1.,0.,-0.));
#3206 = DIRECTION('',(0.,0.,1.));
#3207 = ADVANCED_FACE('',(#3208),#3242,.F.);
#3208 = FACE_BOUND('',#3209,.T.);
#3209 = EDGE_LOOP('',(#3210,#3220,#3228,#3236));
#3210 = ORIENTED_EDGE('',*,*,#3211,.T.);
#3211 = EDGE_CURVE('',#3212,#3214,#3216,.T.);
#3212 = VERTEX_POINT('',#3213);
#3213 = CARTESIAN_POINT('',(-6.5,-0.75,2.1));
#3214 = VERTEX_POINT('',#3215);
#3215 = CARTESIAN_POINT('',(-3.,-0.75,2.1));
#3216 = LINE('',#3217,#3218);
#3217 = CARTESIAN_POINT('',(-7.,-0.75,2.1));
#3218 = VECTOR('',#3219,1.);
#3219 = DIRECTION('',(1.,-0.,-0.));
#3220 = ORIENTED_EDGE('',*,*,#3221,.F.);
#3221 = EDGE_CURVE('',#3222,#3214,#3224,.T.);
#3222 = VERTEX_POINT('',#3223);
#3223 = CARTESIAN_POINT('',(-3.,0.75,2.1));
#3224 = LINE('',#3225,#3226);
#3225 = CARTESIAN_POINT('',(-3.,0.75,2.1));
#3226 = VECTOR('',#3227,1.);
#3227 = DIRECTION('',(0.,-1.,0.));
#3228 = ORIENTED_EDGE('',*,*,#3229,.F.);
#3229 = EDGE_CURVE('',#3230,#3222,#3232,.T.);
#3230 = VERTEX_POINT('',#3231);
#3231 = CARTESIAN_POINT('',(-6.5,0.75,2.1));
#3232 = LINE('',#3233,#3234);
#3233 = CARTESIAN_POINT('',(-7.,0.75,2.1));
#3234 = VECTOR('',#3235,1.);
#3235 = DIRECTION('',(1.,-0.,-0.));
#3236 = ORIENTED_EDGE('',*,*,#3237,.F.);
#3237 = EDGE_CURVE('',#3212,#3230,#3238,.T.);
#3238 = LINE('',#3239,#3240);
#3239 = CARTESIAN_POINT('',(-6.5,-2.257481343168,2.1));
#3240 = VECTOR('',#3241,1.);
#3241 = DIRECTION('',(0.,1.,1.064392177919E-17));
#3242 = PLANE('',#3243);
#3243 = AXIS2_PLACEMENT_3D('',#3244,#3245,#3246);
#3244 = CARTESIAN_POINT('',(-7.,0.75,2.1));
#3245 = DIRECTION('',(0.,0.,-1.));
#3246 = DIRECTION('',(1.,0.,0.));
#3247 = ADVANCED_FACE('',(#3248),#3288,.F.);
#3248 = FACE_BOUND('',#3249,.T.);
#3249 = EDGE_LOOP('',(#3250,#3260,#3268,#3274,#3275,#3281,#3282));
#3250 = ORIENTED_EDGE('',*,*,#3251,.T.);
#3251 = EDGE_CURVE('',#3252,#3254,#3256,.T.);
#3252 = VERTEX_POINT('',#3253);
#3253 = CARTESIAN_POINT('',(-6.85,-0.75,-6.586115559444));
#3254 = VERTEX_POINT('',#3255);
#3255 = CARTESIAN_POINT('',(-6.85,-0.75,-8.086115559444));
#3256 = LINE('',#3257,#3258);
#3257 = CARTESIAN_POINT('',(-6.85,-0.75,-8.086115559444));
#3258 = VECTOR('',#3259,1.);
#3259 = DIRECTION('',(0.,0.,-1.));
#3260 = ORIENTED_EDGE('',*,*,#3261,.T.);
#3261 = EDGE_CURVE('',#3254,#3262,#3264,.T.);
#3262 = VERTEX_POINT('',#3263);
#3263 = CARTESIAN_POINT('',(-3.,-0.75,-8.086115559444));
#3264 = LINE('',#3265,#3266);
#3265 = CARTESIAN_POINT('',(-7.,-0.75,-8.086115559444));
#3266 = VECTOR('',#3267,1.);
#3267 = DIRECTION('',(1.,-0.,-0.));
#3268 = ORIENTED_EDGE('',*,*,#3269,.F.);
#3269 = EDGE_CURVE('',#3214,#3262,#3270,.T.);
#3270 = LINE('',#3271,#3272);
#3271 = CARTESIAN_POINT('',(-3.,-0.75,2.1));
#3272 = VECTOR('',#3273,1.);
#3273 = DIRECTION('',(0.,0.,-1.));
#3274 = ORIENTED_EDGE('',*,*,#3211,.F.);
#3275 = ORIENTED_EDGE('',*,*,#3276,.T.);
#3276 = EDGE_CURVE('',#3212,#3172,#3277,.T.);
#3277 = LINE('',#3278,#3279);
#3278 = CARTESIAN_POINT('',(-6.5,-0.75,2.1));
#3279 = VECTOR('',#3280,1.);
#3280 = DIRECTION('',(-0.371390676354,0.,-0.928476690885));
#3281 = ORIENTED_EDGE('',*,*,#3171,.T.);
#3282 = ORIENTED_EDGE('',*,*,#3283,.T.);
#3283 = EDGE_CURVE('',#3174,#3252,#3284,.T.);
#3284 = LINE('',#3285,#3286);
#3285 = CARTESIAN_POINT('',(-7.,-0.75,-6.586115559444));
#3286 = VECTOR('',#3287,1.);
#3287 = DIRECTION('',(1.,0.,0.));
#3288 = PLANE('',#3289);
#3289 = AXIS2_PLACEMENT_3D('',#3290,#3291,#3292);
#3290 = CARTESIAN_POINT('',(-7.,-0.75,2.1));
#3291 = DIRECTION('',(0.,1.,0.));
#3292 = DIRECTION('',(0.,-0.,1.));
#3293 = ADVANCED_FACE('',(#3294),#3329,.F.);
#3294 = FACE_BOUND('',#3295,.F.);
#3295 = EDGE_LOOP('',(#3296,#3306,#3315,#3321,#3322));
#3296 = ORIENTED_EDGE('',*,*,#3297,.F.);
#3297 = EDGE_CURVE('',#3298,#3300,#3302,.T.);
#3298 = VERTEX_POINT('',#3299);
#3299 = CARTESIAN_POINT('',(-7.,-3.55,-10.93541625976));
#3300 = VERTEX_POINT('',#3301);
#3301 = CARTESIAN_POINT('',(-3.,-3.55,-10.93541625976));
#3302 = LINE('',#3303,#3304);
#3303 = CARTESIAN_POINT('',(-7.,-3.55,-10.93541625976));
#3304 = VECTOR('',#3305,1.);
#3305 = DIRECTION('',(1.,-0.,-0.));
#3306 = ORIENTED_EDGE('',*,*,#3307,.F.);
#3307 = EDGE_CURVE('',#3308,#3298,#3310,.T.);
#3308 = VERTEX_POINT('',#3309);
#3309 = CARTESIAN_POINT('',(-7.,-0.75,-8.086115559444));
#3310 = CIRCLE('',#3311,2.849734728724);
#3311 = AXIS2_PLACEMENT_3D('',#3312,#3313,#3314);
#3312 = CARTESIAN_POINT('',(-7.,-3.599734728724,-8.086115559444));
#3313 = DIRECTION('',(-1.,0.,-0.));
#3314 = DIRECTION('',(-0.,0.,1.));
#3315 = ORIENTED_EDGE('',*,*,#3316,.T.);
#3316 = EDGE_CURVE('',#3308,#3254,#3317,.T.);
#3317 = LINE('',#3318,#3319);
#3318 = CARTESIAN_POINT('',(-7.,-0.75,-8.086115559444));
#3319 = VECTOR('',#3320,1.);
#3320 = DIRECTION('',(1.,-0.,-0.));
#3321 = ORIENTED_EDGE('',*,*,#3261,.T.);
#3322 = ORIENTED_EDGE('',*,*,#3323,.T.);
#3323 = EDGE_CURVE('',#3262,#3300,#3324,.T.);
#3324 = CIRCLE('',#3325,2.849734728724);
#3325 = AXIS2_PLACEMENT_3D('',#3326,#3327,#3328);
#3326 = CARTESIAN_POINT('',(-3.,-3.599734728724,-8.086115559444));
#3327 = DIRECTION('',(-1.,0.,-0.));
#3328 = DIRECTION('',(-0.,0.,1.));
#3329 = CYLINDRICAL_SURFACE('',#3330,2.849734728724);
#3330 = AXIS2_PLACEMENT_3D('',#3331,#3332,#3333);
#3331 = CARTESIAN_POINT('',(-7.,-3.599734728724,-8.086115559444));
#3332 = DIRECTION('',(1.,-0.,-0.));
#3333 = DIRECTION('',(0.,0.,1.));
#3334 = ADVANCED_FACE('',(#3335),#3360,.F.);
#3335 = FACE_BOUND('',#3336,.T.);
#3336 = EDGE_LOOP('',(#3337,#3345,#3346,#3354));
#3337 = ORIENTED_EDGE('',*,*,#3338,.F.);
#3338 = EDGE_CURVE('',#3300,#3339,#3341,.T.);
#3339 = VERTEX_POINT('',#3340);
#3340 = CARTESIAN_POINT('',(-3.,-7.25,-11.));
#3341 = LINE('',#3342,#3343);
#3342 = CARTESIAN_POINT('',(-3.,-3.55,-10.93541625976));
#3343 = VECTOR('',#3344,1.);
#3344 = DIRECTION('',(-0.,-0.999847695156,-1.745240643728E-02));
#3345 = ORIENTED_EDGE('',*,*,#3297,.F.);
#3346 = ORIENTED_EDGE('',*,*,#3347,.T.);
#3347 = EDGE_CURVE('',#3298,#3348,#3350,.T.);
#3348 = VERTEX_POINT('',#3349);
#3349 = CARTESIAN_POINT('',(-7.,-7.25,-11.));
#3350 = LINE('',#3351,#3352);
#3351 = CARTESIAN_POINT('',(-7.,-3.55,-10.93541625976));
#3352 = VECTOR('',#3353,1.);
#3353 = DIRECTION('',(-0.,-0.999847695156,-1.745240643728E-02));
#3354 = ORIENTED_EDGE('',*,*,#3355,.T.);
#3355 = EDGE_CURVE('',#3348,#3339,#3356,.T.);
#3356 = LINE('',#3357,#3358);
#3357 = CARTESIAN_POINT('',(-7.,-7.25,-11.));
#3358 = VECTOR('',#3359,1.);
#3359 = DIRECTION('',(1.,-0.,-0.));
#3360 = PLANE('',#3361);
#3361 = AXIS2_PLACEMENT_3D('',#3362,#3363,#3364);
#3362 = CARTESIAN_POINT('',(-7.,-3.55,-10.93541625976));
#3363 = DIRECTION('',(0.,1.745240643728E-02,-0.999847695156));
#3364 = DIRECTION('',(0.,0.999847695156,1.745240643728E-02));
#3365 = ADVANCED_FACE('',(#3366),#3391,.F.);
#3366 = FACE_BOUND('',#3367,.T.);
#3367 = EDGE_LOOP('',(#3368,#3376,#3377,#3385));
#3368 = ORIENTED_EDGE('',*,*,#3369,.F.);
#3369 = EDGE_CURVE('',#3339,#3370,#3372,.T.);
#3370 = VERTEX_POINT('',#3371);
#3371 = CARTESIAN_POINT('',(-3.,-7.223821390344,-12.49977154273));
#3372 = LINE('',#3373,#3374);
#3373 = CARTESIAN_POINT('',(-3.,-7.25,-11.));
#3374 = VECTOR('',#3375,1.);
#3375 = DIRECTION('',(0.,1.745240643728E-02,-0.999847695156));
#3376 = ORIENTED_EDGE('',*,*,#3355,.F.);
#3377 = ORIENTED_EDGE('',*,*,#3378,.T.);
#3378 = EDGE_CURVE('',#3348,#3379,#3381,.T.);
#3379 = VERTEX_POINT('',#3380);
#3380 = CARTESIAN_POINT('',(-7.,-7.223821390344,-12.49977154273));
#3381 = LINE('',#3382,#3383);
#3382 = CARTESIAN_POINT('',(-7.,-7.25,-11.));
#3383 = VECTOR('',#3384,1.);
#3384 = DIRECTION('',(0.,1.745240643728E-02,-0.999847695156));
#3385 = ORIENTED_EDGE('',*,*,#3386,.T.);
#3386 = EDGE_CURVE('',#3379,#3370,#3387,.T.);
#3387 = LINE('',#3388,#3389);
#3388 = CARTESIAN_POINT('',(-7.,-7.223821390344,-12.49977154273));
#3389 = VECTOR('',#3390,1.);
#3390 = DIRECTION('',(1.,-0.,-0.));
#3391 = PLANE('',#3392);
#3392 = AXIS2_PLACEMENT_3D('',#3393,#3394,#3395);
#3393 = CARTESIAN_POINT('',(-7.,-7.25,-11.));
#3394 = DIRECTION('',(0.,0.999847695156,1.745240643728E-02));
#3395 = DIRECTION('',(0.,-1.745240643728E-02,0.999847695156));
#3396 = ADVANCED_FACE('',(#3397),#3422,.F.);
#3397 = FACE_BOUND('',#3398,.T.);
#3398 = EDGE_LOOP('',(#3399,#3407,#3408,#3416));
#3399 = ORIENTED_EDGE('',*,*,#3400,.F.);
#3400 = EDGE_CURVE('',#3370,#3401,#3403,.T.);
#3401 = VERTEX_POINT('',#3402);
#3402 = CARTESIAN_POINT('',(-3.,-3.523821390344,-12.4351878025));
#3403 = LINE('',#3404,#3405);
#3404 = CARTESIAN_POINT('',(-3.,-3.523821390344,-12.4351878025));
#3405 = VECTOR('',#3406,1.);
#3406 = DIRECTION('',(0.,0.999847695156,1.745240643728E-02));
#3407 = ORIENTED_EDGE('',*,*,#3386,.F.);
#3408 = ORIENTED_EDGE('',*,*,#3409,.T.);
#3409 = EDGE_CURVE('',#3379,#3410,#3412,.T.);
#3410 = VERTEX_POINT('',#3411);
#3411 = CARTESIAN_POINT('',(-7.,-3.523821390344,-12.4351878025));
#3412 = LINE('',#3413,#3414);
#3413 = CARTESIAN_POINT('',(-7.,-3.523821390344,-12.4351878025));
#3414 = VECTOR('',#3415,1.);
#3415 = DIRECTION('',(0.,0.999847695156,1.745240643728E-02));
#3416 = ORIENTED_EDGE('',*,*,#3417,.T.);
#3417 = EDGE_CURVE('',#3410,#3401,#3418,.T.);
#3418 = LINE('',#3419,#3420);
#3419 = CARTESIAN_POINT('',(-7.,-3.523821390344,-12.4351878025));
#3420 = VECTOR('',#3421,1.);
#3421 = DIRECTION('',(1.,-0.,-0.));
#3422 = PLANE('',#3423);
#3423 = AXIS2_PLACEMENT_3D('',#3424,#3425,#3426);
#3424 = CARTESIAN_POINT('',(-7.,-3.523821390344,-12.4351878025));
#3425 = DIRECTION('',(0.,-1.745240643728E-02,0.999847695156));
#3426 = DIRECTION('',(-0.,-0.999847695156,-1.745240643728E-02));
#3427 = ADVANCED_FACE('',(#3428),#3463,.T.);
#3428 = FACE_BOUND('',#3429,.T.);
#3429 = EDGE_LOOP('',(#3430,#3439,#3440,#3449,#3457));
#3430 = ORIENTED_EDGE('',*,*,#3431,.F.);
#3431 = EDGE_CURVE('',#3401,#3432,#3434,.T.);
#3432 = VERTEX_POINT('',#3433);
#3433 = CARTESIAN_POINT('',(-3.,0.75,-8.086115559444));
#3434 = CIRCLE('',#3435,4.349734728724);
#3435 = AXIS2_PLACEMENT_3D('',#3436,#3437,#3438);
#3436 = CARTESIAN_POINT('',(-3.,-3.599734728724,-8.086115559444));
#3437 = DIRECTION('',(1.,0.,-0.));
#3438 = DIRECTION('',(0.,0.,1.));
#3439 = ORIENTED_EDGE('',*,*,#3417,.F.);
#3440 = ORIENTED_EDGE('',*,*,#3441,.T.);
#3441 = EDGE_CURVE('',#3410,#3442,#3444,.T.);
#3442 = VERTEX_POINT('',#3443);
#3443 = CARTESIAN_POINT('',(-7.,0.75,-8.086115559444));
#3444 = CIRCLE('',#3445,4.349734728724);
#3445 = AXIS2_PLACEMENT_3D('',#3446,#3447,#3448);
#3446 = CARTESIAN_POINT('',(-7.,-3.599734728724,-8.086115559444));
#3447 = DIRECTION('',(1.,0.,-0.));
#3448 = DIRECTION('',(0.,0.,1.));
#3449 = ORIENTED_EDGE('',*,*,#3450,.T.);
#3450 = EDGE_CURVE('',#3442,#3451,#3453,.T.);
#3451 = VERTEX_POINT('',#3452);
#3452 = CARTESIAN_POINT('',(-6.85,0.75,-8.086115559444));
#3453 = LINE('',#3454,#3455);
#3454 = CARTESIAN_POINT('',(-7.,0.75,-8.086115559444));
#3455 = VECTOR('',#3456,1.);
#3456 = DIRECTION('',(1.,-0.,-0.));
#3457 = ORIENTED_EDGE('',*,*,#3458,.T.);
#3458 = EDGE_CURVE('',#3451,#3432,#3459,.T.);
#3459 = LINE('',#3460,#3461);
#3460 = CARTESIAN_POINT('',(-7.,0.75,-8.086115559444));
#3461 = VECTOR('',#3462,1.);
#3462 = DIRECTION('',(1.,-0.,-0.));
#3463 = CYLINDRICAL_SURFACE('',#3464,4.349734728724);
#3464 = AXIS2_PLACEMENT_3D('',#3465,#3466,#3467);
#3465 = CARTESIAN_POINT('',(-7.,-3.599734728724,-8.086115559444));
#3466 = DIRECTION('',(1.,-0.,-0.));
#3467 = DIRECTION('',(0.,0.,1.));
#3468 = ADVANCED_FACE('',(#3469),#3500,.F.);
#3469 = FACE_BOUND('',#3470,.T.);
#3470 = EDGE_LOOP('',(#3471,#3472,#3478,#3479,#3485,#3486,#3494));
#3471 = ORIENTED_EDGE('',*,*,#3189,.T.);
#3472 = ORIENTED_EDGE('',*,*,#3473,.T.);
#3473 = EDGE_CURVE('',#3182,#3230,#3474,.T.);
#3474 = LINE('',#3475,#3476);
#3475 = CARTESIAN_POINT('',(-6.5,0.75,2.1));
#3476 = VECTOR('',#3477,1.);
#3477 = DIRECTION('',(0.371390676354,0.,0.928476690885));
#3478 = ORIENTED_EDGE('',*,*,#3229,.T.);
#3479 = ORIENTED_EDGE('',*,*,#3480,.F.);
#3480 = EDGE_CURVE('',#3432,#3222,#3481,.T.);
#3481 = LINE('',#3482,#3483);
#3482 = CARTESIAN_POINT('',(-3.,0.75,2.1));
#3483 = VECTOR('',#3484,1.);
#3484 = DIRECTION('',(0.,-1.064392177919E-17,1.));
#3485 = ORIENTED_EDGE('',*,*,#3458,.F.);
#3486 = ORIENTED_EDGE('',*,*,#3487,.T.);
#3487 = EDGE_CURVE('',#3451,#3488,#3490,.T.);
#3488 = VERTEX_POINT('',#3489);
#3489 = CARTESIAN_POINT('',(-6.85,0.75,-6.586115559444));
#3490 = LINE('',#3491,#3492);
#3491 = CARTESIAN_POINT('',(-6.85,0.75,-8.086115559444));
#3492 = VECTOR('',#3493,1.);
#3493 = DIRECTION('',(0.,0.,1.));
#3494 = ORIENTED_EDGE('',*,*,#3495,.T.);
#3495 = EDGE_CURVE('',#3488,#3190,#3496,.T.);
#3496 = LINE('',#3497,#3498);
#3497 = CARTESIAN_POINT('',(-7.,0.75,-6.586115559444));
#3498 = VECTOR('',#3499,1.);
#3499 = DIRECTION('',(-1.,0.,0.));
#3500 = PLANE('',#3501);
#3501 = AXIS2_PLACEMENT_3D('',#3502,#3503,#3504);
#3502 = CARTESIAN_POINT('',(-7.,0.75,2.1));
#3503 = DIRECTION('',(0.,-1.,-1.064392177919E-17));
#3504 = DIRECTION('',(0.,1.064392177919E-17,-1.));
#3505 = ADVANCED_FACE('',(#3506),#3519,.F.);
#3506 = FACE_BOUND('',#3507,.T.);
#3507 = EDGE_LOOP('',(#3508,#3509,#3510,#3511,#3512,#3513));
#3508 = ORIENTED_EDGE('',*,*,#3441,.F.);
#3509 = ORIENTED_EDGE('',*,*,#3409,.F.);
#3510 = ORIENTED_EDGE('',*,*,#3378,.F.);
#3511 = ORIENTED_EDGE('',*,*,#3347,.F.);
#3512 = ORIENTED_EDGE('',*,*,#3307,.F.);
#3513 = ORIENTED_EDGE('',*,*,#3514,.T.);
#3514 = EDGE_CURVE('',#3308,#3442,#3515,.T.);
#3515 = LINE('',#3516,#3517);
#3516 = CARTESIAN_POINT('',(-7.,-2.257481343168,-8.086115559444));
#3517 = VECTOR('',#3518,1.);
#3518 = DIRECTION('',(0.,1.,1.064392177919E-17));
#3519 = PLANE('',#3520);
#3520 = AXIS2_PLACEMENT_3D('',#3521,#3522,#3523);
#3521 = CARTESIAN_POINT('',(-7.,-3.599734728724,-8.086115559444));
#3522 = DIRECTION('',(1.,0.,-0.));
#3523 = DIRECTION('',(0.,0.,1.));
#3524 = ADVANCED_FACE('',(#3525),#3535,.T.);
#3525 = FACE_BOUND('',#3526,.T.);
#3526 = EDGE_LOOP('',(#3527,#3528,#3529,#3530,#3531,#3532,#3533,#3534));
#3527 = ORIENTED_EDGE('',*,*,#3221,.T.);
#3528 = ORIENTED_EDGE('',*,*,#3269,.T.);
#3529 = ORIENTED_EDGE('',*,*,#3323,.T.);
#3530 = ORIENTED_EDGE('',*,*,#3338,.T.);
#3531 = ORIENTED_EDGE('',*,*,#3369,.T.);
#3532 = ORIENTED_EDGE('',*,*,#3400,.T.);
#3533 = ORIENTED_EDGE('',*,*,#3431,.T.);
#3534 = ORIENTED_EDGE('',*,*,#3480,.T.);
#3535 = PLANE('',#3536);
#3536 = AXIS2_PLACEMENT_3D('',#3537,#3538,#3539);
#3537 = CARTESIAN_POINT('',(-3.,-3.599734728724,-8.086115559444));
#3538 = DIRECTION('',(1.,0.,-0.));
#3539 = DIRECTION('',(0.,0.,1.));
#3540 = ADVANCED_FACE('',(#3541),#3547,.F.);
#3541 = FACE_BOUND('',#3542,.T.);
#3542 = EDGE_LOOP('',(#3543,#3544,#3545,#3546));
#3543 = ORIENTED_EDGE('',*,*,#3276,.F.);
#3544 = ORIENTED_EDGE('',*,*,#3237,.T.);
#3545 = ORIENTED_EDGE('',*,*,#3473,.F.);
#3546 = ORIENTED_EDGE('',*,*,#3181,.F.);
#3547 = PLANE('',#3548);
#3548 = AXIS2_PLACEMENT_3D('',#3549,#3550,#3551);
#3549 = CARTESIAN_POINT('',(-6.5,-2.257481343168,2.1));
#3550 = DIRECTION('',(0.928476690885,3.953053308635E-18,-0.371390676354)
  );
#3551 = DIRECTION('',(0.371390676354,0.,0.928476690885));
#3552 = ADVANCED_FACE('',(#3553),#3564,.F.);
#3553 = FACE_BOUND('',#3554,.T.);
#3554 = EDGE_LOOP('',(#3555,#3556,#3557,#3558));
#3555 = ORIENTED_EDGE('',*,*,#3283,.F.);
#3556 = ORIENTED_EDGE('',*,*,#3197,.T.);
#3557 = ORIENTED_EDGE('',*,*,#3495,.F.);
#3558 = ORIENTED_EDGE('',*,*,#3559,.F.);
#3559 = EDGE_CURVE('',#3252,#3488,#3560,.T.);
#3560 = LINE('',#3561,#3562);
#3561 = CARTESIAN_POINT('',(-6.85,-2.257481343168,-6.586115559444));
#3562 = VECTOR('',#3563,1.);
#3563 = DIRECTION('',(0.,1.,1.064392177919E-17));
#3564 = PLANE('',#3565);
#3565 = AXIS2_PLACEMENT_3D('',#3566,#3567,#3568);
#3566 = CARTESIAN_POINT('',(-7.,-2.257481343168,-6.586115559444));
#3567 = DIRECTION('',(0.,-1.064392177919E-17,1.));
#3568 = DIRECTION('',(-0.,-1.,-1.064392177919E-17));
#3569 = ADVANCED_FACE('',(#3570),#3581,.F.);
#3570 = FACE_BOUND('',#3571,.T.);
#3571 = EDGE_LOOP('',(#3572,#3573,#3574,#3575));
#3572 = ORIENTED_EDGE('',*,*,#3251,.F.);
#3573 = ORIENTED_EDGE('',*,*,#3559,.T.);
#3574 = ORIENTED_EDGE('',*,*,#3487,.F.);
#3575 = ORIENTED_EDGE('',*,*,#3576,.F.);
#3576 = EDGE_CURVE('',#3254,#3451,#3577,.T.);
#3577 = LINE('',#3578,#3579);
#3578 = CARTESIAN_POINT('',(-6.85,-2.257481343168,-8.086115559444));
#3579 = VECTOR('',#3580,1.);
#3580 = DIRECTION('',(0.,1.,1.064392177919E-17));
#3581 = PLANE('',#3582);
#3582 = AXIS2_PLACEMENT_3D('',#3583,#3584,#3585);
#3583 = CARTESIAN_POINT('',(-6.85,-2.257481343168,-8.086115559444));
#3584 = DIRECTION('',(1.,0.,-0.));
#3585 = DIRECTION('',(0.,0.,1.));
#3586 = ADVANCED_FACE('',(#3587),#3593,.F.);
#3587 = FACE_BOUND('',#3588,.T.);
#3588 = EDGE_LOOP('',(#3589,#3590,#3591,#3592));
#3589 = ORIENTED_EDGE('',*,*,#3316,.T.);
#3590 = ORIENTED_EDGE('',*,*,#3576,.T.);
#3591 = ORIENTED_EDGE('',*,*,#3450,.F.);
#3592 = ORIENTED_EDGE('',*,*,#3514,.F.);
#3593 = PLANE('',#3594);
#3594 = AXIS2_PLACEMENT_3D('',#3595,#3596,#3597);
#3595 = CARTESIAN_POINT('',(-7.,-2.257481343168,-8.086115559444));
#3596 = DIRECTION('',(0.,1.064392177919E-17,-1.));
#3597 = DIRECTION('',(0.,1.,1.064392177919E-17));
#3598 = MANIFOLD_SOLID_BREP('',#3599);
#3599 = CLOSED_SHELL('',(#3600,#3640,#3671,#3704,#3735,#3766,#3797,#3830
    ,#3852,#3868));
#3600 = ADVANCED_FACE('',(#3601),#3635,.F.);
#3601 = FACE_BOUND('',#3602,.T.);
#3602 = EDGE_LOOP('',(#3603,#3613,#3621,#3629));
#3603 = ORIENTED_EDGE('',*,*,#3604,.T.);
#3604 = EDGE_CURVE('',#3605,#3607,#3609,.T.);
#3605 = VERTEX_POINT('',#3606);
#3606 = CARTESIAN_POINT('',(-0.255,-0.381,6.453219082296));
#3607 = VERTEX_POINT('',#3608);
#3608 = CARTESIAN_POINT('',(-0.255,0.,6.5));
#3609 = LINE('',#3610,#3611);
#3610 = CARTESIAN_POINT('',(-0.255,-0.381,6.453219082296));
#3611 = VECTOR('',#3612,1.);
#3612 = DIRECTION('',(0.,0.992546151641,0.121869343405));
#3613 = ORIENTED_EDGE('',*,*,#3614,.F.);
#3614 = EDGE_CURVE('',#3615,#3607,#3617,.T.);
#3615 = VERTEX_POINT('',#3616);
#3616 = CARTESIAN_POINT('',(0.255,0.,6.5));
#3617 = LINE('',#3618,#3619);
#3618 = CARTESIAN_POINT('',(0.255,0.,6.5));
#3619 = VECTOR('',#3620,1.);
#3620 = DIRECTION('',(-1.,-0.,-0.));
#3621 = ORIENTED_EDGE('',*,*,#3622,.F.);
#3622 = EDGE_CURVE('',#3623,#3615,#3625,.T.);
#3623 = VERTEX_POINT('',#3624);
#3624 = CARTESIAN_POINT('',(0.255,-0.381,6.453219082296));
#3625 = LINE('',#3626,#3627);
#3626 = CARTESIAN_POINT('',(0.255,-0.381,6.453219082296));
#3627 = VECTOR('',#3628,1.);
#3628 = DIRECTION('',(0.,0.992546151641,0.121869343405));
#3629 = ORIENTED_EDGE('',*,*,#3630,.T.);
#3630 = EDGE_CURVE('',#3623,#3605,#3631,.T.);
#3631 = LINE('',#3632,#3633);
#3632 = CARTESIAN_POINT('',(0.255,-0.381,6.453219082296));
#3633 = VECTOR('',#3634,1.);
#3634 = DIRECTION('',(-1.,-0.,-0.));
#3635 = PLANE('',#3636);
#3636 = AXIS2_PLACEMENT_3D('',#3637,#3638,#3639);
#3637 = CARTESIAN_POINT('',(0.255,-0.381,6.453219082296));
#3638 = DIRECTION('',(0.,-0.121869343405,0.992546151641));
#3639 = DIRECTION('',(0.,-0.992546151641,-0.121869343405));
#3640 = ADVANCED_FACE('',(#3641),#3666,.F.);
#3641 = FACE_BOUND('',#3642,.T.);
#3642 = EDGE_LOOP('',(#3643,#3651,#3659,#3665));
#3643 = ORIENTED_EDGE('',*,*,#3644,.T.);
#3644 = EDGE_CURVE('',#3607,#3645,#3647,.T.);
#3645 = VERTEX_POINT('',#3646);
#3646 = CARTESIAN_POINT('',(-0.255,0.,7.290086077252));
#3647 = LINE('',#3648,#3649);
#3648 = CARTESIAN_POINT('',(-0.255,0.,6.5));
#3649 = VECTOR('',#3650,1.);
#3650 = DIRECTION('',(0.,0.,1.));
#3651 = ORIENTED_EDGE('',*,*,#3652,.F.);
#3652 = EDGE_CURVE('',#3653,#3645,#3655,.T.);
#3653 = VERTEX_POINT('',#3654);
#3654 = CARTESIAN_POINT('',(0.255,0.,7.290086077252));
#3655 = LINE('',#3656,#3657);
#3656 = CARTESIAN_POINT('',(0.255,0.,7.290086077252));
#3657 = VECTOR('',#3658,1.);
#3658 = DIRECTION('',(-1.,-0.,-0.));
#3659 = ORIENTED_EDGE('',*,*,#3660,.F.);
#3660 = EDGE_CURVE('',#3615,#3653,#3661,.T.);
#3661 = LINE('',#3662,#3663);
#3662 = CARTESIAN_POINT('',(0.255,0.,6.5));
#3663 = VECTOR('',#3664,1.);
#3664 = DIRECTION('',(0.,0.,1.));
#3665 = ORIENTED_EDGE('',*,*,#3614,.T.);
#3666 = PLANE('',#3667);
#3667 = AXIS2_PLACEMENT_3D('',#3668,#3669,#3670);
#3668 = CARTESIAN_POINT('',(0.255,0.,6.5));
#3669 = DIRECTION('',(0.,-1.,0.));
#3670 = DIRECTION('',(0.,-0.,-1.));
#3671 = ADVANCED_FACE('',(#3672),#3699,.T.);
#3672 = FACE_BOUND('',#3673,.T.);
#3673 = EDGE_LOOP('',(#3674,#3683,#3691,#3698));
#3674 = ORIENTED_EDGE('',*,*,#3675,.T.);
#3675 = EDGE_CURVE('',#3645,#3676,#3678,.T.);
#3676 = VERTEX_POINT('',#3677);
#3677 = CARTESIAN_POINT('',(-0.255,-2.173482176518,9.662025653408));
#3678 = CIRCLE('',#3679,2.381);
#3679 = AXIS2_PLACEMENT_3D('',#3680,#3681,#3682);
#3680 = CARTESIAN_POINT('',(-0.255,-2.381,7.290086077252));
#3681 = DIRECTION('',(1.,0.,0.));
#3682 = DIRECTION('',(0.,0.,-1.));
#3683 = ORIENTED_EDGE('',*,*,#3684,.F.);
#3684 = EDGE_CURVE('',#3685,#3676,#3687,.T.);
#3685 = VERTEX_POINT('',#3686);
#3686 = CARTESIAN_POINT('',(0.255,-2.173482176518,9.662025653408));
#3687 = LINE('',#3688,#3689);
#3688 = CARTESIAN_POINT('',(0.255,-2.173482176518,9.662025653408));
#3689 = VECTOR('',#3690,1.);
#3690 = DIRECTION('',(-1.,-0.,-0.));
#3691 = ORIENTED_EDGE('',*,*,#3692,.F.);
#3692 = EDGE_CURVE('',#3653,#3685,#3693,.T.);
#3693 = CIRCLE('',#3694,2.381);
#3694 = AXIS2_PLACEMENT_3D('',#3695,#3696,#3697);
#3695 = CARTESIAN_POINT('',(0.255,-2.381,7.290086077252));
#3696 = DIRECTION('',(1.,0.,0.));
#3697 = DIRECTION('',(0.,0.,-1.));
#3698 = ORIENTED_EDGE('',*,*,#3652,.T.);
#3699 = CYLINDRICAL_SURFACE('',#3700,2.381);
#3700 = AXIS2_PLACEMENT_3D('',#3701,#3702,#3703);
#3701 = CARTESIAN_POINT('',(0.255,-2.381,7.290086077252));
#3702 = DIRECTION('',(-1.,-0.,-0.));
#3703 = DIRECTION('',(-0.,0.,1.));
#3704 = ADVANCED_FACE('',(#3705),#3730,.F.);
#3705 = FACE_BOUND('',#3706,.T.);
#3706 = EDGE_LOOP('',(#3707,#3715,#3723,#3729));
#3707 = ORIENTED_EDGE('',*,*,#3708,.T.);
#3708 = EDGE_CURVE('',#3676,#3709,#3711,.T.);
#3709 = VERTEX_POINT('',#3710);
#3710 = CARTESIAN_POINT('',(-0.255,-7.216793662013,10.103258235019));
#3711 = LINE('',#3712,#3713);
#3712 = CARTESIAN_POINT('',(-0.255,-2.173482176518,9.662025653408));
#3713 = VECTOR('',#3714,1.);
#3714 = DIRECTION('',(0.,-0.996194698092,8.715574274765E-02));
#3715 = ORIENTED_EDGE('',*,*,#3716,.F.);
#3716 = EDGE_CURVE('',#3717,#3709,#3719,.T.);
#3717 = VERTEX_POINT('',#3718);
#3718 = CARTESIAN_POINT('',(0.255,-7.216793662013,10.103258235019));
#3719 = LINE('',#3720,#3721);
#3720 = CARTESIAN_POINT('',(0.255,-7.216793662013,10.103258235019));
#3721 = VECTOR('',#3722,1.);
#3722 = DIRECTION('',(-1.,-0.,-0.));
#3723 = ORIENTED_EDGE('',*,*,#3724,.F.);
#3724 = EDGE_CURVE('',#3685,#3717,#3725,.T.);
#3725 = LINE('',#3726,#3727);
#3726 = CARTESIAN_POINT('',(0.255,-2.173482176518,9.662025653408));
#3727 = VECTOR('',#3728,1.);
#3728 = DIRECTION('',(0.,-0.996194698092,8.715574274765E-02));
#3729 = ORIENTED_EDGE('',*,*,#3684,.T.);
#3730 = PLANE('',#3731);
#3731 = AXIS2_PLACEMENT_3D('',#3732,#3733,#3734);
#3732 = CARTESIAN_POINT('',(0.255,-2.173482176518,9.662025653408));
#3733 = DIRECTION('',(0.,-8.715574274765E-02,-0.996194698092));
#3734 = DIRECTION('',(0.,0.996194698092,-8.715574274765E-02));
#3735 = ADVANCED_FACE('',(#3736),#3761,.F.);
#3736 = FACE_BOUND('',#3737,.T.);
#3737 = EDGE_LOOP('',(#3738,#3746,#3754,#3760));
#3738 = ORIENTED_EDGE('',*,*,#3739,.T.);
#3739 = EDGE_CURVE('',#3709,#3740,#3742,.T.);
#3740 = VERTEX_POINT('',#3741);
#3741 = CARTESIAN_POINT('',(-0.255,-7.25,9.723708055046));
#3742 = LINE('',#3743,#3744);
#3743 = CARTESIAN_POINT('',(-0.255,-7.216793662013,10.103258235019));
#3744 = VECTOR('',#3745,1.);
#3745 = DIRECTION('',(0.,-8.715574274765E-02,-0.996194698092));
#3746 = ORIENTED_EDGE('',*,*,#3747,.F.);
#3747 = EDGE_CURVE('',#3748,#3740,#3750,.T.);
#3748 = VERTEX_POINT('',#3749);
#3749 = CARTESIAN_POINT('',(0.255,-7.25,9.723708055046));
#3750 = LINE('',#3751,#3752);
#3751 = CARTESIAN_POINT('',(0.255,-7.25,9.723708055046));
#3752 = VECTOR('',#3753,1.);
#3753 = DIRECTION('',(-1.,-0.,-0.));
#3754 = ORIENTED_EDGE('',*,*,#3755,.F.);
#3755 = EDGE_CURVE('',#3717,#3748,#3756,.T.);
#3756 = LINE('',#3757,#3758);
#3757 = CARTESIAN_POINT('',(0.255,-7.216793662013,10.103258235019));
#3758 = VECTOR('',#3759,1.);
#3759 = DIRECTION('',(0.,-8.715574274765E-02,-0.996194698092));
#3760 = ORIENTED_EDGE('',*,*,#3716,.T.);
#3761 = PLANE('',#3762);
#3762 = AXIS2_PLACEMENT_3D('',#3763,#3764,#3765);
#3763 = CARTESIAN_POINT('',(0.255,-7.216793662013,10.103258235019));
#3764 = DIRECTION('',(0.,0.996194698092,-8.715574274765E-02));
#3765 = DIRECTION('',(0.,8.715574274765E-02,0.996194698092));
#3766 = ADVANCED_FACE('',(#3767),#3792,.F.);
#3767 = FACE_BOUND('',#3768,.T.);
#3768 = EDGE_LOOP('',(#3769,#3777,#3785,#3791));
#3769 = ORIENTED_EDGE('',*,*,#3770,.T.);
#3770 = EDGE_CURVE('',#3740,#3771,#3773,.T.);
#3771 = VERTEX_POINT('',#3772);
#3772 = CARTESIAN_POINT('',(-0.255,-2.206688514505,9.282475473435));
#3773 = LINE('',#3774,#3775);
#3774 = CARTESIAN_POINT('',(-0.255,-2.206688514505,9.282475473435));
#3775 = VECTOR('',#3776,1.);
#3776 = DIRECTION('',(-0.,0.996194698092,-8.715574274765E-02));
#3777 = ORIENTED_EDGE('',*,*,#3778,.F.);
#3778 = EDGE_CURVE('',#3779,#3771,#3781,.T.);
#3779 = VERTEX_POINT('',#3780);
#3780 = CARTESIAN_POINT('',(0.255,-2.206688514505,9.282475473435));
#3781 = LINE('',#3782,#3783);
#3782 = CARTESIAN_POINT('',(0.255,-2.206688514505,9.282475473435));
#3783 = VECTOR('',#3784,1.);
#3784 = DIRECTION('',(-1.,-0.,-0.));
#3785 = ORIENTED_EDGE('',*,*,#3786,.F.);
#3786 = EDGE_CURVE('',#3748,#3779,#3787,.T.);
#3787 = LINE('',#3788,#3789);
#3788 = CARTESIAN_POINT('',(0.255,-2.206688514505,9.282475473435));
#3789 = VECTOR('',#3790,1.);
#3790 = DIRECTION('',(-0.,0.996194698092,-8.715574274765E-02));
#3791 = ORIENTED_EDGE('',*,*,#3747,.T.);
#3792 = PLANE('',#3793);
#3793 = AXIS2_PLACEMENT_3D('',#3794,#3795,#3796);
#3794 = CARTESIAN_POINT('',(0.255,-2.206688514505,9.282475473435));
#3795 = DIRECTION('',(-0.,8.715574274765E-02,0.996194698092));
#3796 = DIRECTION('',(0.,-0.996194698092,8.715574274765E-02));
#3797 = ADVANCED_FACE('',(#3798),#3825,.F.);
#3798 = FACE_BOUND('',#3799,.F.);
#3799 = EDGE_LOOP('',(#3800,#3801,#3810,#3818));
#3800 = ORIENTED_EDGE('',*,*,#3778,.F.);
#3801 = ORIENTED_EDGE('',*,*,#3802,.T.);
#3802 = EDGE_CURVE('',#3779,#3803,#3805,.T.);
#3803 = VERTEX_POINT('',#3804);
#3804 = CARTESIAN_POINT('',(0.255,-0.381,7.290086077252));
#3805 = CIRCLE('',#3806,2.);
#3806 = AXIS2_PLACEMENT_3D('',#3807,#3808,#3809);
#3807 = CARTESIAN_POINT('',(0.255,-2.381,7.290086077252));
#3808 = DIRECTION('',(-1.,-0.,-0.));
#3809 = DIRECTION('',(0.,0.,-1.));
#3810 = ORIENTED_EDGE('',*,*,#3811,.T.);
#3811 = EDGE_CURVE('',#3803,#3812,#3814,.T.);
#3812 = VERTEX_POINT('',#3813);
#3813 = CARTESIAN_POINT('',(-0.255,-0.381,7.290086077252));
#3814 = LINE('',#3815,#3816);
#3815 = CARTESIAN_POINT('',(0.255,-0.381,7.290086077252));
#3816 = VECTOR('',#3817,1.);
#3817 = DIRECTION('',(-1.,-0.,-0.));
#3818 = ORIENTED_EDGE('',*,*,#3819,.F.);
#3819 = EDGE_CURVE('',#3771,#3812,#3820,.T.);
#3820 = CIRCLE('',#3821,2.);
#3821 = AXIS2_PLACEMENT_3D('',#3822,#3823,#3824);
#3822 = CARTESIAN_POINT('',(-0.255,-2.381,7.290086077252));
#3823 = DIRECTION('',(-1.,-0.,-0.));
#3824 = DIRECTION('',(0.,0.,-1.));
#3825 = CYLINDRICAL_SURFACE('',#3826,2.);
#3826 = AXIS2_PLACEMENT_3D('',#3827,#3828,#3829);
#3827 = CARTESIAN_POINT('',(0.255,-2.381,7.290086077252));
#3828 = DIRECTION('',(-1.,-0.,-0.));
#3829 = DIRECTION('',(-0.,0.,1.));
#3830 = ADVANCED_FACE('',(#3831),#3847,.F.);
#3831 = FACE_BOUND('',#3832,.T.);
#3832 = EDGE_LOOP('',(#3833,#3839,#3840,#3846));
#3833 = ORIENTED_EDGE('',*,*,#3834,.T.);
#3834 = EDGE_CURVE('',#3812,#3605,#3835,.T.);
#3835 = LINE('',#3836,#3837);
#3836 = CARTESIAN_POINT('',(-0.255,-0.381,6.5));
#3837 = VECTOR('',#3838,1.);
#3838 = DIRECTION('',(0.,1.158808148384E-15,-1.));
#3839 = ORIENTED_EDGE('',*,*,#3630,.F.);
#3840 = ORIENTED_EDGE('',*,*,#3841,.F.);
#3841 = EDGE_CURVE('',#3803,#3623,#3842,.T.);
#3842 = LINE('',#3843,#3844);
#3843 = CARTESIAN_POINT('',(0.255,-0.381,6.5));
#3844 = VECTOR('',#3845,1.);
#3845 = DIRECTION('',(-0.,1.372258294004E-16,-1.));
#3846 = ORIENTED_EDGE('',*,*,#3811,.T.);
#3847 = PLANE('',#3848);
#3848 = AXIS2_PLACEMENT_3D('',#3849,#3850,#3851);
#3849 = CARTESIAN_POINT('',(0.255,-0.381,6.5));
#3850 = DIRECTION('',(-0.,1.,1.158808148384E-15));
#3851 = DIRECTION('',(0.,-1.158808148384E-15,1.));
#3852 = ADVANCED_FACE('',(#3853),#3863,.T.);
#3853 = FACE_BOUND('',#3854,.T.);
#3854 = EDGE_LOOP('',(#3855,#3856,#3857,#3858,#3859,#3860,#3861,#3862));
#3855 = ORIENTED_EDGE('',*,*,#3622,.T.);
#3856 = ORIENTED_EDGE('',*,*,#3660,.T.);
#3857 = ORIENTED_EDGE('',*,*,#3692,.T.);
#3858 = ORIENTED_EDGE('',*,*,#3724,.T.);
#3859 = ORIENTED_EDGE('',*,*,#3755,.T.);
#3860 = ORIENTED_EDGE('',*,*,#3786,.T.);
#3861 = ORIENTED_EDGE('',*,*,#3802,.T.);
#3862 = ORIENTED_EDGE('',*,*,#3841,.T.);
#3863 = PLANE('',#3864);
#3864 = AXIS2_PLACEMENT_3D('',#3865,#3866,#3867);
#3865 = CARTESIAN_POINT('',(0.255,-2.381,7.290086077252));
#3866 = DIRECTION('',(1.,0.,0.));
#3867 = DIRECTION('',(0.,0.,-1.));
#3868 = ADVANCED_FACE('',(#3869),#3879,.F.);
#3869 = FACE_BOUND('',#3870,.T.);
#3870 = EDGE_LOOP('',(#3871,#3872,#3873,#3874,#3875,#3876,#3877,#3878));
#3871 = ORIENTED_EDGE('',*,*,#3604,.F.);
#3872 = ORIENTED_EDGE('',*,*,#3834,.F.);
#3873 = ORIENTED_EDGE('',*,*,#3819,.F.);
#3874 = ORIENTED_EDGE('',*,*,#3770,.F.);
#3875 = ORIENTED_EDGE('',*,*,#3739,.F.);
#3876 = ORIENTED_EDGE('',*,*,#3708,.F.);
#3877 = ORIENTED_EDGE('',*,*,#3675,.F.);
#3878 = ORIENTED_EDGE('',*,*,#3644,.F.);
#3879 = PLANE('',#3880);
#3880 = AXIS2_PLACEMENT_3D('',#3881,#3882,#3883);
#3881 = CARTESIAN_POINT('',(-0.255,-2.381,7.290086077252));
#3882 = DIRECTION('',(1.,0.,0.));
#3883 = DIRECTION('',(0.,0.,-1.));
#3884 = MANIFOLD_SOLID_BREP('',#3885);
#3885 = CLOSED_SHELL('',(#3886,#3926,#3957,#3990,#4021,#4052,#4083,#4116
    ,#4138,#4154));
#3886 = ADVANCED_FACE('',(#3887),#3921,.F.);
#3887 = FACE_BOUND('',#3888,.T.);
#3888 = EDGE_LOOP('',(#3889,#3899,#3907,#3915));
#3889 = ORIENTED_EDGE('',*,*,#3890,.T.);
#3890 = EDGE_CURVE('',#3891,#3893,#3895,.T.);
#3891 = VERTEX_POINT('',#3892);
#3892 = CARTESIAN_POINT('',(1.645,-0.381,6.453219082296));
#3893 = VERTEX_POINT('',#3894);
#3894 = CARTESIAN_POINT('',(1.645,0.,6.5));
#3895 = LINE('',#3896,#3897);
#3896 = CARTESIAN_POINT('',(1.645,-0.381,6.453219082296));
#3897 = VECTOR('',#3898,1.);
#3898 = DIRECTION('',(0.,0.992546151641,0.121869343405));
#3899 = ORIENTED_EDGE('',*,*,#3900,.F.);
#3900 = EDGE_CURVE('',#3901,#3893,#3903,.T.);
#3901 = VERTEX_POINT('',#3902);
#3902 = CARTESIAN_POINT('',(2.155,0.,6.5));
#3903 = LINE('',#3904,#3905);
#3904 = CARTESIAN_POINT('',(2.155,0.,6.5));
#3905 = VECTOR('',#3906,1.);
#3906 = DIRECTION('',(-1.,-0.,-0.));
#3907 = ORIENTED_EDGE('',*,*,#3908,.F.);
#3908 = EDGE_CURVE('',#3909,#3901,#3911,.T.);
#3909 = VERTEX_POINT('',#3910);
#3910 = CARTESIAN_POINT('',(2.155,-0.381,6.453219082296));
#3911 = LINE('',#3912,#3913);
#3912 = CARTESIAN_POINT('',(2.155,-0.381,6.453219082296));
#3913 = VECTOR('',#3914,1.);
#3914 = DIRECTION('',(0.,0.992546151641,0.121869343405));
#3915 = ORIENTED_EDGE('',*,*,#3916,.T.);
#3916 = EDGE_CURVE('',#3909,#3891,#3917,.T.);
#3917 = LINE('',#3918,#3919);
#3918 = CARTESIAN_POINT('',(2.155,-0.381,6.453219082296));
#3919 = VECTOR('',#3920,1.);
#3920 = DIRECTION('',(-1.,-0.,-0.));
#3921 = PLANE('',#3922);
#3922 = AXIS2_PLACEMENT_3D('',#3923,#3924,#3925);
#3923 = CARTESIAN_POINT('',(2.155,-0.381,6.453219082296));
#3924 = DIRECTION('',(0.,-0.121869343405,0.992546151641));
#3925 = DIRECTION('',(0.,-0.992546151641,-0.121869343405));
#3926 = ADVANCED_FACE('',(#3927),#3952,.F.);
#3927 = FACE_BOUND('',#3928,.T.);
#3928 = EDGE_LOOP('',(#3929,#3937,#3945,#3951));
#3929 = ORIENTED_EDGE('',*,*,#3930,.T.);
#3930 = EDGE_CURVE('',#3893,#3931,#3933,.T.);
#3931 = VERTEX_POINT('',#3932);
#3932 = CARTESIAN_POINT('',(1.645,0.,7.290086077252));
#3933 = LINE('',#3934,#3935);
#3934 = CARTESIAN_POINT('',(1.645,0.,6.5));
#3935 = VECTOR('',#3936,1.);
#3936 = DIRECTION('',(0.,0.,1.));
#3937 = ORIENTED_EDGE('',*,*,#3938,.F.);
#3938 = EDGE_CURVE('',#3939,#3931,#3941,.T.);
#3939 = VERTEX_POINT('',#3940);
#3940 = CARTESIAN_POINT('',(2.155,0.,7.290086077252));
#3941 = LINE('',#3942,#3943);
#3942 = CARTESIAN_POINT('',(2.155,0.,7.290086077252));
#3943 = VECTOR('',#3944,1.);
#3944 = DIRECTION('',(-1.,-0.,-0.));
#3945 = ORIENTED_EDGE('',*,*,#3946,.F.);
#3946 = EDGE_CURVE('',#3901,#3939,#3947,.T.);
#3947 = LINE('',#3948,#3949);
#3948 = CARTESIAN_POINT('',(2.155,0.,6.5));
#3949 = VECTOR('',#3950,1.);
#3950 = DIRECTION('',(0.,0.,1.));
#3951 = ORIENTED_EDGE('',*,*,#3900,.T.);
#3952 = PLANE('',#3953);
#3953 = AXIS2_PLACEMENT_3D('',#3954,#3955,#3956);
#3954 = CARTESIAN_POINT('',(2.155,0.,6.5));
#3955 = DIRECTION('',(0.,-1.,0.));
#3956 = DIRECTION('',(0.,-0.,-1.));
#3957 = ADVANCED_FACE('',(#3958),#3985,.T.);
#3958 = FACE_BOUND('',#3959,.T.);
#3959 = EDGE_LOOP('',(#3960,#3969,#3977,#3984));
#3960 = ORIENTED_EDGE('',*,*,#3961,.T.);
#3961 = EDGE_CURVE('',#3931,#3962,#3964,.T.);
#3962 = VERTEX_POINT('',#3963);
#3963 = CARTESIAN_POINT('',(1.645,-2.173482176518,9.662025653408));
#3964 = CIRCLE('',#3965,2.381);
#3965 = AXIS2_PLACEMENT_3D('',#3966,#3967,#3968);
#3966 = CARTESIAN_POINT('',(1.645,-2.381,7.290086077252));
#3967 = DIRECTION('',(1.,0.,0.));
#3968 = DIRECTION('',(0.,0.,-1.));
#3969 = ORIENTED_EDGE('',*,*,#3970,.F.);
#3970 = EDGE_CURVE('',#3971,#3962,#3973,.T.);
#3971 = VERTEX_POINT('',#3972);
#3972 = CARTESIAN_POINT('',(2.155,-2.173482176518,9.662025653408));
#3973 = LINE('',#3974,#3975);
#3974 = CARTESIAN_POINT('',(2.155,-2.173482176518,9.662025653408));
#3975 = VECTOR('',#3976,1.);
#3976 = DIRECTION('',(-1.,-0.,-0.));
#3977 = ORIENTED_EDGE('',*,*,#3978,.F.);
#3978 = EDGE_CURVE('',#3939,#3971,#3979,.T.);
#3979 = CIRCLE('',#3980,2.381);
#3980 = AXIS2_PLACEMENT_3D('',#3981,#3982,#3983);
#3981 = CARTESIAN_POINT('',(2.155,-2.381,7.290086077252));
#3982 = DIRECTION('',(1.,0.,0.));
#3983 = DIRECTION('',(0.,0.,-1.));
#3984 = ORIENTED_EDGE('',*,*,#3938,.T.);
#3985 = CYLINDRICAL_SURFACE('',#3986,2.381);
#3986 = AXIS2_PLACEMENT_3D('',#3987,#3988,#3989);
#3987 = CARTESIAN_POINT('',(2.155,-2.381,7.290086077252));
#3988 = DIRECTION('',(-1.,-0.,-0.));
#3989 = DIRECTION('',(-0.,0.,1.));
#3990 = ADVANCED_FACE('',(#3991),#4016,.F.);
#3991 = FACE_BOUND('',#3992,.T.);
#3992 = EDGE_LOOP('',(#3993,#4001,#4009,#4015));
#3993 = ORIENTED_EDGE('',*,*,#3994,.T.);
#3994 = EDGE_CURVE('',#3962,#3995,#3997,.T.);
#3995 = VERTEX_POINT('',#3996);
#3996 = CARTESIAN_POINT('',(1.645,-7.216793662013,10.103258235019));
#3997 = LINE('',#3998,#3999);
#3998 = CARTESIAN_POINT('',(1.645,-2.173482176518,9.662025653408));
#3999 = VECTOR('',#4000,1.);
#4000 = DIRECTION('',(0.,-0.996194698092,8.715574274765E-02));
#4001 = ORIENTED_EDGE('',*,*,#4002,.F.);
#4002 = EDGE_CURVE('',#4003,#3995,#4005,.T.);
#4003 = VERTEX_POINT('',#4004);
#4004 = CARTESIAN_POINT('',(2.155,-7.216793662013,10.103258235019));
#4005 = LINE('',#4006,#4007);
#4006 = CARTESIAN_POINT('',(2.155,-7.216793662013,10.103258235019));
#4007 = VECTOR('',#4008,1.);
#4008 = DIRECTION('',(-1.,-0.,-0.));
#4009 = ORIENTED_EDGE('',*,*,#4010,.F.);
#4010 = EDGE_CURVE('',#3971,#4003,#4011,.T.);
#4011 = LINE('',#4012,#4013);
#4012 = CARTESIAN_POINT('',(2.155,-2.173482176518,9.662025653408));
#4013 = VECTOR('',#4014,1.);
#4014 = DIRECTION('',(0.,-0.996194698092,8.715574274765E-02));
#4015 = ORIENTED_EDGE('',*,*,#3970,.T.);
#4016 = PLANE('',#4017);
#4017 = AXIS2_PLACEMENT_3D('',#4018,#4019,#4020);
#4018 = CARTESIAN_POINT('',(2.155,-2.173482176518,9.662025653408));
#4019 = DIRECTION('',(0.,-8.715574274765E-02,-0.996194698092));
#4020 = DIRECTION('',(0.,0.996194698092,-8.715574274765E-02));
#4021 = ADVANCED_FACE('',(#4022),#4047,.F.);
#4022 = FACE_BOUND('',#4023,.T.);
#4023 = EDGE_LOOP('',(#4024,#4032,#4040,#4046));
#4024 = ORIENTED_EDGE('',*,*,#4025,.T.);
#4025 = EDGE_CURVE('',#3995,#4026,#4028,.T.);
#4026 = VERTEX_POINT('',#4027);
#4027 = CARTESIAN_POINT('',(1.645,-7.25,9.723708055046));
#4028 = LINE('',#4029,#4030);
#4029 = CARTESIAN_POINT('',(1.645,-7.216793662013,10.103258235019));
#4030 = VECTOR('',#4031,1.);
#4031 = DIRECTION('',(0.,-8.715574274765E-02,-0.996194698092));
#4032 = ORIENTED_EDGE('',*,*,#4033,.F.);
#4033 = EDGE_CURVE('',#4034,#4026,#4036,.T.);
#4034 = VERTEX_POINT('',#4035);
#4035 = CARTESIAN_POINT('',(2.155,-7.25,9.723708055046));
#4036 = LINE('',#4037,#4038);
#4037 = CARTESIAN_POINT('',(2.155,-7.25,9.723708055046));
#4038 = VECTOR('',#4039,1.);
#4039 = DIRECTION('',(-1.,-0.,-0.));
#4040 = ORIENTED_EDGE('',*,*,#4041,.F.);
#4041 = EDGE_CURVE('',#4003,#4034,#4042,.T.);
#4042 = LINE('',#4043,#4044);
#4043 = CARTESIAN_POINT('',(2.155,-7.216793662013,10.103258235019));
#4044 = VECTOR('',#4045,1.);
#4045 = DIRECTION('',(0.,-8.715574274765E-02,-0.996194698092));
#4046 = ORIENTED_EDGE('',*,*,#4002,.T.);
#4047 = PLANE('',#4048);
#4048 = AXIS2_PLACEMENT_3D('',#4049,#4050,#4051);
#4049 = CARTESIAN_POINT('',(2.155,-7.216793662013,10.103258235019));
#4050 = DIRECTION('',(0.,0.996194698092,-8.715574274765E-02));
#4051 = DIRECTION('',(0.,8.715574274765E-02,0.996194698092));
#4052 = ADVANCED_FACE('',(#4053),#4078,.F.);
#4053 = FACE_BOUND('',#4054,.T.);
#4054 = EDGE_LOOP('',(#4055,#4063,#4071,#4077));
#4055 = ORIENTED_EDGE('',*,*,#4056,.T.);
#4056 = EDGE_CURVE('',#4026,#4057,#4059,.T.);
#4057 = VERTEX_POINT('',#4058);
#4058 = CARTESIAN_POINT('',(1.645,-2.206688514505,9.282475473435));
#4059 = LINE('',#4060,#4061);
#4060 = CARTESIAN_POINT('',(1.645,-2.206688514505,9.282475473435));
#4061 = VECTOR('',#4062,1.);
#4062 = DIRECTION('',(-0.,0.996194698092,-8.715574274765E-02));
#4063 = ORIENTED_EDGE('',*,*,#4064,.F.);
#4064 = EDGE_CURVE('',#4065,#4057,#4067,.T.);
#4065 = VERTEX_POINT('',#4066);
#4066 = CARTESIAN_POINT('',(2.155,-2.206688514505,9.282475473435));
#4067 = LINE('',#4068,#4069);
#4068 = CARTESIAN_POINT('',(2.155,-2.206688514505,9.282475473435));
#4069 = VECTOR('',#4070,1.);
#4070 = DIRECTION('',(-1.,-0.,-0.));
#4071 = ORIENTED_EDGE('',*,*,#4072,.F.);
#4072 = EDGE_CURVE('',#4034,#4065,#4073,.T.);
#4073 = LINE('',#4074,#4075);
#4074 = CARTESIAN_POINT('',(2.155,-2.206688514505,9.282475473435));
#4075 = VECTOR('',#4076,1.);
#4076 = DIRECTION('',(-0.,0.996194698092,-8.715574274765E-02));
#4077 = ORIENTED_EDGE('',*,*,#4033,.T.);
#4078 = PLANE('',#4079);
#4079 = AXIS2_PLACEMENT_3D('',#4080,#4081,#4082);
#4080 = CARTESIAN_POINT('',(2.155,-2.206688514505,9.282475473435));
#4081 = DIRECTION('',(-0.,8.715574274765E-02,0.996194698092));
#4082 = DIRECTION('',(0.,-0.996194698092,8.715574274765E-02));
#4083 = ADVANCED_FACE('',(#4084),#4111,.F.);
#4084 = FACE_BOUND('',#4085,.F.);
#4085 = EDGE_LOOP('',(#4086,#4087,#4096,#4104));
#4086 = ORIENTED_EDGE('',*,*,#4064,.F.);
#4087 = ORIENTED_EDGE('',*,*,#4088,.T.);
#4088 = EDGE_CURVE('',#4065,#4089,#4091,.T.);
#4089 = VERTEX_POINT('',#4090);
#4090 = CARTESIAN_POINT('',(2.155,-0.381,7.290086077252));
#4091 = CIRCLE('',#4092,2.);
#4092 = AXIS2_PLACEMENT_3D('',#4093,#4094,#4095);
#4093 = CARTESIAN_POINT('',(2.155,-2.381,7.290086077252));
#4094 = DIRECTION('',(-1.,-0.,-0.));
#4095 = DIRECTION('',(0.,0.,-1.));
#4096 = ORIENTED_EDGE('',*,*,#4097,.T.);
#4097 = EDGE_CURVE('',#4089,#4098,#4100,.T.);
#4098 = VERTEX_POINT('',#4099);
#4099 = CARTESIAN_POINT('',(1.645,-0.381,7.290086077252));
#4100 = LINE('',#4101,#4102);
#4101 = CARTESIAN_POINT('',(2.155,-0.381,7.290086077252));
#4102 = VECTOR('',#4103,1.);
#4103 = DIRECTION('',(-1.,-0.,-0.));
#4104 = ORIENTED_EDGE('',*,*,#4105,.F.);
#4105 = EDGE_CURVE('',#4057,#4098,#4106,.T.);
#4106 = CIRCLE('',#4107,2.);
#4107 = AXIS2_PLACEMENT_3D('',#4108,#4109,#4110);
#4108 = CARTESIAN_POINT('',(1.645,-2.381,7.290086077252));
#4109 = DIRECTION('',(-1.,-0.,-0.));
#4110 = DIRECTION('',(0.,0.,-1.));
#4111 = CYLINDRICAL_SURFACE('',#4112,2.);
#4112 = AXIS2_PLACEMENT_3D('',#4113,#4114,#4115);
#4113 = CARTESIAN_POINT('',(2.155,-2.381,7.290086077252));
#4114 = DIRECTION('',(-1.,-0.,-0.));
#4115 = DIRECTION('',(-0.,0.,1.));
#4116 = ADVANCED_FACE('',(#4117),#4133,.F.);
#4117 = FACE_BOUND('',#4118,.T.);
#4118 = EDGE_LOOP('',(#4119,#4125,#4126,#4132));
#4119 = ORIENTED_EDGE('',*,*,#4120,.T.);
#4120 = EDGE_CURVE('',#4098,#3891,#4121,.T.);
#4121 = LINE('',#4122,#4123);
#4122 = CARTESIAN_POINT('',(1.645,-0.381,6.5));
#4123 = VECTOR('',#4124,1.);
#4124 = DIRECTION('',(0.,1.158808148384E-15,-1.));
#4125 = ORIENTED_EDGE('',*,*,#3916,.F.);
#4126 = ORIENTED_EDGE('',*,*,#4127,.F.);
#4127 = EDGE_CURVE('',#4089,#3909,#4128,.T.);
#4128 = LINE('',#4129,#4130);
#4129 = CARTESIAN_POINT('',(2.155,-0.381,6.5));
#4130 = VECTOR('',#4131,1.);
#4131 = DIRECTION('',(-0.,1.372258294004E-16,-1.));
#4132 = ORIENTED_EDGE('',*,*,#4097,.T.);
#4133 = PLANE('',#4134);
#4134 = AXIS2_PLACEMENT_3D('',#4135,#4136,#4137);
#4135 = CARTESIAN_POINT('',(2.155,-0.381,6.5));
#4136 = DIRECTION('',(-0.,1.,1.158808148384E-15));
#4137 = DIRECTION('',(0.,-1.158808148384E-15,1.));
#4138 = ADVANCED_FACE('',(#4139),#4149,.T.);
#4139 = FACE_BOUND('',#4140,.T.);
#4140 = EDGE_LOOP('',(#4141,#4142,#4143,#4144,#4145,#4146,#4147,#4148));
#4141 = ORIENTED_EDGE('',*,*,#3908,.T.);
#4142 = ORIENTED_EDGE('',*,*,#3946,.T.);
#4143 = ORIENTED_EDGE('',*,*,#3978,.T.);
#4144 = ORIENTED_EDGE('',*,*,#4010,.T.);
#4145 = ORIENTED_EDGE('',*,*,#4041,.T.);
#4146 = ORIENTED_EDGE('',*,*,#4072,.T.);
#4147 = ORIENTED_EDGE('',*,*,#4088,.T.);
#4148 = ORIENTED_EDGE('',*,*,#4127,.T.);
#4149 = PLANE('',#4150);
#4150 = AXIS2_PLACEMENT_3D('',#4151,#4152,#4153);
#4151 = CARTESIAN_POINT('',(2.155,-2.381,7.290086077252));
#4152 = DIRECTION('',(1.,0.,0.));
#4153 = DIRECTION('',(0.,0.,-1.));
#4154 = ADVANCED_FACE('',(#4155),#4165,.F.);
#4155 = FACE_BOUND('',#4156,.T.);
#4156 = EDGE_LOOP('',(#4157,#4158,#4159,#4160,#4161,#4162,#4163,#4164));
#4157 = ORIENTED_EDGE('',*,*,#3890,.F.);
#4158 = ORIENTED_EDGE('',*,*,#4120,.F.);
#4159 = ORIENTED_EDGE('',*,*,#4105,.F.);
#4160 = ORIENTED_EDGE('',*,*,#4056,.F.);
#4161 = ORIENTED_EDGE('',*,*,#4025,.F.);
#4162 = ORIENTED_EDGE('',*,*,#3994,.F.);
#4163 = ORIENTED_EDGE('',*,*,#3961,.F.);
#4164 = ORIENTED_EDGE('',*,*,#3930,.F.);
#4165 = PLANE('',#4166);
#4166 = AXIS2_PLACEMENT_3D('',#4167,#4168,#4169);
#4167 = CARTESIAN_POINT('',(1.645,-2.381,7.290086077252));
#4168 = DIRECTION('',(1.,0.,0.));
#4169 = DIRECTION('',(0.,0.,-1.));
#4170 = MANIFOLD_SOLID_BREP('',#4171);
#4171 = CLOSED_SHELL('',(#4172,#4212,#4243,#4276,#4307,#4338,#4369,#4402
    ,#4424,#4440));
#4172 = ADVANCED_FACE('',(#4173),#4207,.F.);
#4173 = FACE_BOUND('',#4174,.T.);
#4174 = EDGE_LOOP('',(#4175,#4185,#4193,#4201));
#4175 = ORIENTED_EDGE('',*,*,#4176,.F.);
#4176 = EDGE_CURVE('',#4177,#4179,#4181,.T.);
#4177 = VERTEX_POINT('',#4178);
#4178 = CARTESIAN_POINT('',(-1.645,-0.381,6.453219082296));
#4179 = VERTEX_POINT('',#4180);
#4180 = CARTESIAN_POINT('',(-1.645,0.,6.5));
#4181 = LINE('',#4182,#4183);
#4182 = CARTESIAN_POINT('',(-1.645,-0.381,6.453219082296));
#4183 = VECTOR('',#4184,1.);
#4184 = DIRECTION('',(0.,0.992546151641,0.121869343405));
#4185 = ORIENTED_EDGE('',*,*,#4186,.F.);
#4186 = EDGE_CURVE('',#4187,#4177,#4189,.T.);
#4187 = VERTEX_POINT('',#4188);
#4188 = CARTESIAN_POINT('',(-2.155,-0.381,6.453219082296));
#4189 = LINE('',#4190,#4191);
#4190 = CARTESIAN_POINT('',(-2.155,-0.381,6.453219082296));
#4191 = VECTOR('',#4192,1.);
#4192 = DIRECTION('',(1.,-0.,-0.));
#4193 = ORIENTED_EDGE('',*,*,#4194,.T.);
#4194 = EDGE_CURVE('',#4187,#4195,#4197,.T.);
#4195 = VERTEX_POINT('',#4196);
#4196 = CARTESIAN_POINT('',(-2.155,0.,6.5));
#4197 = LINE('',#4198,#4199);
#4198 = CARTESIAN_POINT('',(-2.155,-0.381,6.453219082296));
#4199 = VECTOR('',#4200,1.);
#4200 = DIRECTION('',(0.,0.992546151641,0.121869343405));
#4201 = ORIENTED_EDGE('',*,*,#4202,.T.);
#4202 = EDGE_CURVE('',#4195,#4179,#4203,.T.);
#4203 = LINE('',#4204,#4205);
#4204 = CARTESIAN_POINT('',(-2.155,0.,6.5));
#4205 = VECTOR('',#4206,1.);
#4206 = DIRECTION('',(1.,-0.,-0.));
#4207 = PLANE('',#4208);
#4208 = AXIS2_PLACEMENT_3D('',#4209,#4210,#4211);
#4209 = CARTESIAN_POINT('',(-2.155,-0.381,6.453219082296));
#4210 = DIRECTION('',(0.,-0.121869343405,0.992546151641));
#4211 = DIRECTION('',(-0.,-0.992546151641,-0.121869343405));
#4212 = ADVANCED_FACE('',(#4213),#4238,.F.);
#4213 = FACE_BOUND('',#4214,.T.);
#4214 = EDGE_LOOP('',(#4215,#4223,#4224,#4232));
#4215 = ORIENTED_EDGE('',*,*,#4216,.F.);
#4216 = EDGE_CURVE('',#4179,#4217,#4219,.T.);
#4217 = VERTEX_POINT('',#4218);
#4218 = CARTESIAN_POINT('',(-1.645,0.,7.290086077252));
#4219 = LINE('',#4220,#4221);
#4220 = CARTESIAN_POINT('',(-1.645,0.,6.5));
#4221 = VECTOR('',#4222,1.);
#4222 = DIRECTION('',(0.,0.,1.));
#4223 = ORIENTED_EDGE('',*,*,#4202,.F.);
#4224 = ORIENTED_EDGE('',*,*,#4225,.T.);
#4225 = EDGE_CURVE('',#4195,#4226,#4228,.T.);
#4226 = VERTEX_POINT('',#4227);
#4227 = CARTESIAN_POINT('',(-2.155,0.,7.290086077252));
#4228 = LINE('',#4229,#4230);
#4229 = CARTESIAN_POINT('',(-2.155,0.,6.5));
#4230 = VECTOR('',#4231,1.);
#4231 = DIRECTION('',(0.,0.,1.));
#4232 = ORIENTED_EDGE('',*,*,#4233,.T.);
#4233 = EDGE_CURVE('',#4226,#4217,#4234,.T.);
#4234 = LINE('',#4235,#4236);
#4235 = CARTESIAN_POINT('',(-2.155,0.,7.290086077252));
#4236 = VECTOR('',#4237,1.);
#4237 = DIRECTION('',(1.,-0.,-0.));
#4238 = PLANE('',#4239);
#4239 = AXIS2_PLACEMENT_3D('',#4240,#4241,#4242);
#4240 = CARTESIAN_POINT('',(-2.155,0.,6.5));
#4241 = DIRECTION('',(0.,-1.,-0.));
#4242 = DIRECTION('',(-0.,0.,-1.));
#4243 = ADVANCED_FACE('',(#4244),#4271,.T.);
#4244 = FACE_BOUND('',#4245,.T.);
#4245 = EDGE_LOOP('',(#4246,#4255,#4256,#4265));
#4246 = ORIENTED_EDGE('',*,*,#4247,.F.);
#4247 = EDGE_CURVE('',#4217,#4248,#4250,.T.);
#4248 = VERTEX_POINT('',#4249);
#4249 = CARTESIAN_POINT('',(-1.645,-2.173482176518,9.662025653408));
#4250 = CIRCLE('',#4251,2.381);
#4251 = AXIS2_PLACEMENT_3D('',#4252,#4253,#4254);
#4252 = CARTESIAN_POINT('',(-1.645,-2.381,7.290086077252));
#4253 = DIRECTION('',(1.,-0.,0.));
#4254 = DIRECTION('',(0.,0.,-1.));
#4255 = ORIENTED_EDGE('',*,*,#4233,.F.);
#4256 = ORIENTED_EDGE('',*,*,#4257,.T.);
#4257 = EDGE_CURVE('',#4226,#4258,#4260,.T.);
#4258 = VERTEX_POINT('',#4259);
#4259 = CARTESIAN_POINT('',(-2.155,-2.173482176518,9.662025653408));
#4260 = CIRCLE('',#4261,2.381);
#4261 = AXIS2_PLACEMENT_3D('',#4262,#4263,#4264);
#4262 = CARTESIAN_POINT('',(-2.155,-2.381,7.290086077252));
#4263 = DIRECTION('',(1.,-0.,0.));
#4264 = DIRECTION('',(0.,0.,-1.));
#4265 = ORIENTED_EDGE('',*,*,#4266,.T.);
#4266 = EDGE_CURVE('',#4258,#4248,#4267,.T.);
#4267 = LINE('',#4268,#4269);
#4268 = CARTESIAN_POINT('',(-2.155,-2.173482176518,9.662025653408));
#4269 = VECTOR('',#4270,1.);
#4270 = DIRECTION('',(1.,-0.,-0.));
#4271 = CYLINDRICAL_SURFACE('',#4272,2.381);
#4272 = AXIS2_PLACEMENT_3D('',#4273,#4274,#4275);
#4273 = CARTESIAN_POINT('',(-2.155,-2.381,7.290086077252));
#4274 = DIRECTION('',(1.,-0.,-0.));
#4275 = DIRECTION('',(0.,0.,1.));
#4276 = ADVANCED_FACE('',(#4277),#4302,.F.);
#4277 = FACE_BOUND('',#4278,.T.);
#4278 = EDGE_LOOP('',(#4279,#4287,#4288,#4296));
#4279 = ORIENTED_EDGE('',*,*,#4280,.F.);
#4280 = EDGE_CURVE('',#4248,#4281,#4283,.T.);
#4281 = VERTEX_POINT('',#4282);
#4282 = CARTESIAN_POINT('',(-1.645,-7.216793662013,10.103258235019));
#4283 = LINE('',#4284,#4285);
#4284 = CARTESIAN_POINT('',(-1.645,-2.173482176518,9.662025653408));
#4285 = VECTOR('',#4286,1.);
#4286 = DIRECTION('',(0.,-0.996194698092,8.715574274765E-02));
#4287 = ORIENTED_EDGE('',*,*,#4266,.F.);
#4288 = ORIENTED_EDGE('',*,*,#4289,.T.);
#4289 = EDGE_CURVE('',#4258,#4290,#4292,.T.);
#4290 = VERTEX_POINT('',#4291);
#4291 = CARTESIAN_POINT('',(-2.155,-7.216793662013,10.103258235019));
#4292 = LINE('',#4293,#4294);
#4293 = CARTESIAN_POINT('',(-2.155,-2.173482176518,9.662025653408));
#4294 = VECTOR('',#4295,1.);
#4295 = DIRECTION('',(0.,-0.996194698092,8.715574274765E-02));
#4296 = ORIENTED_EDGE('',*,*,#4297,.T.);
#4297 = EDGE_CURVE('',#4290,#4281,#4298,.T.);
#4298 = LINE('',#4299,#4300);
#4299 = CARTESIAN_POINT('',(-2.155,-7.216793662013,10.103258235019));
#4300 = VECTOR('',#4301,1.);
#4301 = DIRECTION('',(1.,-0.,-0.));
#4302 = PLANE('',#4303);
#4303 = AXIS2_PLACEMENT_3D('',#4304,#4305,#4306);
#4304 = CARTESIAN_POINT('',(-2.155,-2.173482176518,9.662025653408));
#4305 = DIRECTION('',(0.,-8.715574274765E-02,-0.996194698092));
#4306 = DIRECTION('',(0.,0.996194698092,-8.715574274765E-02));
#4307 = ADVANCED_FACE('',(#4308),#4333,.F.);
#4308 = FACE_BOUND('',#4309,.T.);
#4309 = EDGE_LOOP('',(#4310,#4318,#4319,#4327));
#4310 = ORIENTED_EDGE('',*,*,#4311,.F.);
#4311 = EDGE_CURVE('',#4281,#4312,#4314,.T.);
#4312 = VERTEX_POINT('',#4313);
#4313 = CARTESIAN_POINT('',(-1.645,-7.25,9.723708055046));
#4314 = LINE('',#4315,#4316);
#4315 = CARTESIAN_POINT('',(-1.645,-7.216793662013,10.103258235019));
#4316 = VECTOR('',#4317,1.);
#4317 = DIRECTION('',(-0.,-8.715574274765E-02,-0.996194698092));
#4318 = ORIENTED_EDGE('',*,*,#4297,.F.);
#4319 = ORIENTED_EDGE('',*,*,#4320,.T.);
#4320 = EDGE_CURVE('',#4290,#4321,#4323,.T.);
#4321 = VERTEX_POINT('',#4322);
#4322 = CARTESIAN_POINT('',(-2.155,-7.25,9.723708055046));
#4323 = LINE('',#4324,#4325);
#4324 = CARTESIAN_POINT('',(-2.155,-7.216793662013,10.103258235019));
#4325 = VECTOR('',#4326,1.);
#4326 = DIRECTION('',(-0.,-8.715574274765E-02,-0.996194698092));
#4327 = ORIENTED_EDGE('',*,*,#4328,.T.);
#4328 = EDGE_CURVE('',#4321,#4312,#4329,.T.);
#4329 = LINE('',#4330,#4331);
#4330 = CARTESIAN_POINT('',(-2.155,-7.25,9.723708055046));
#4331 = VECTOR('',#4332,1.);
#4332 = DIRECTION('',(1.,-0.,-0.));
#4333 = PLANE('',#4334);
#4334 = AXIS2_PLACEMENT_3D('',#4335,#4336,#4337);
#4335 = CARTESIAN_POINT('',(-2.155,-7.216793662013,10.103258235019));
#4336 = DIRECTION('',(0.,0.996194698092,-8.715574274765E-02));
#4337 = DIRECTION('',(0.,8.715574274765E-02,0.996194698092));
#4338 = ADVANCED_FACE('',(#4339),#4364,.F.);
#4339 = FACE_BOUND('',#4340,.T.);
#4340 = EDGE_LOOP('',(#4341,#4349,#4350,#4358));
#4341 = ORIENTED_EDGE('',*,*,#4342,.F.);
#4342 = EDGE_CURVE('',#4312,#4343,#4345,.T.);
#4343 = VERTEX_POINT('',#4344);
#4344 = CARTESIAN_POINT('',(-1.645,-2.206688514505,9.282475473435));
#4345 = LINE('',#4346,#4347);
#4346 = CARTESIAN_POINT('',(-1.645,-2.206688514505,9.282475473435));
#4347 = VECTOR('',#4348,1.);
#4348 = DIRECTION('',(0.,0.996194698092,-8.715574274765E-02));
#4349 = ORIENTED_EDGE('',*,*,#4328,.F.);
#4350 = ORIENTED_EDGE('',*,*,#4351,.T.);
#4351 = EDGE_CURVE('',#4321,#4352,#4354,.T.);
#4352 = VERTEX_POINT('',#4353);
#4353 = CARTESIAN_POINT('',(-2.155,-2.206688514505,9.282475473435));
#4354 = LINE('',#4355,#4356);
#4355 = CARTESIAN_POINT('',(-2.155,-2.206688514505,9.282475473435));
#4356 = VECTOR('',#4357,1.);
#4357 = DIRECTION('',(0.,0.996194698092,-8.715574274765E-02));
#4358 = ORIENTED_EDGE('',*,*,#4359,.T.);
#4359 = EDGE_CURVE('',#4352,#4343,#4360,.T.);
#4360 = LINE('',#4361,#4362);
#4361 = CARTESIAN_POINT('',(-2.155,-2.206688514505,9.282475473435));
#4362 = VECTOR('',#4363,1.);
#4363 = DIRECTION('',(1.,-0.,-0.));
#4364 = PLANE('',#4365);
#4365 = AXIS2_PLACEMENT_3D('',#4366,#4367,#4368);
#4366 = CARTESIAN_POINT('',(-2.155,-2.206688514505,9.282475473435));
#4367 = DIRECTION('',(0.,8.715574274765E-02,0.996194698092));
#4368 = DIRECTION('',(0.,-0.996194698092,8.715574274765E-02));
#4369 = ADVANCED_FACE('',(#4370),#4397,.F.);
#4370 = FACE_BOUND('',#4371,.F.);
#4371 = EDGE_LOOP('',(#4372,#4382,#4389,#4390));
#4372 = ORIENTED_EDGE('',*,*,#4373,.F.);
#4373 = EDGE_CURVE('',#4374,#4376,#4378,.T.);
#4374 = VERTEX_POINT('',#4375);
#4375 = CARTESIAN_POINT('',(-2.155,-0.381,7.290086077252));
#4376 = VERTEX_POINT('',#4377);
#4377 = CARTESIAN_POINT('',(-1.645,-0.381,7.290086077252));
#4378 = LINE('',#4379,#4380);
#4379 = CARTESIAN_POINT('',(-2.155,-0.381,7.290086077252));
#4380 = VECTOR('',#4381,1.);
#4381 = DIRECTION('',(1.,-0.,-0.));
#4382 = ORIENTED_EDGE('',*,*,#4383,.F.);
#4383 = EDGE_CURVE('',#4352,#4374,#4384,.T.);
#4384 = CIRCLE('',#4385,2.);
#4385 = AXIS2_PLACEMENT_3D('',#4386,#4387,#4388);
#4386 = CARTESIAN_POINT('',(-2.155,-2.381,7.290086077252));
#4387 = DIRECTION('',(-1.,0.,0.));
#4388 = DIRECTION('',(0.,0.,-1.));
#4389 = ORIENTED_EDGE('',*,*,#4359,.T.);
#4390 = ORIENTED_EDGE('',*,*,#4391,.T.);
#4391 = EDGE_CURVE('',#4343,#4376,#4392,.T.);
#4392 = CIRCLE('',#4393,2.);
#4393 = AXIS2_PLACEMENT_3D('',#4394,#4395,#4396);
#4394 = CARTESIAN_POINT('',(-1.645,-2.381,7.290086077252));
#4395 = DIRECTION('',(-1.,0.,0.));
#4396 = DIRECTION('',(0.,0.,-1.));
#4397 = CYLINDRICAL_SURFACE('',#4398,2.);
#4398 = AXIS2_PLACEMENT_3D('',#4399,#4400,#4401);
#4399 = CARTESIAN_POINT('',(-2.155,-2.381,7.290086077252));
#4400 = DIRECTION('',(1.,-0.,-0.));
#4401 = DIRECTION('',(0.,0.,1.));
#4402 = ADVANCED_FACE('',(#4403),#4419,.F.);
#4403 = FACE_BOUND('',#4404,.T.);
#4404 = EDGE_LOOP('',(#4405,#4411,#4412,#4418));
#4405 = ORIENTED_EDGE('',*,*,#4406,.F.);
#4406 = EDGE_CURVE('',#4376,#4177,#4407,.T.);
#4407 = LINE('',#4408,#4409);
#4408 = CARTESIAN_POINT('',(-1.645,-0.381,6.5));
#4409 = VECTOR('',#4410,1.);
#4410 = DIRECTION('',(0.,1.158808148384E-15,-1.));
#4411 = ORIENTED_EDGE('',*,*,#4373,.F.);
#4412 = ORIENTED_EDGE('',*,*,#4413,.T.);
#4413 = EDGE_CURVE('',#4374,#4187,#4414,.T.);
#4414 = LINE('',#4415,#4416);
#4415 = CARTESIAN_POINT('',(-2.155,-0.381,6.5));
#4416 = VECTOR('',#4417,1.);
#4417 = DIRECTION('',(0.,1.372258294004E-16,-1.));
#4418 = ORIENTED_EDGE('',*,*,#4186,.T.);
#4419 = PLANE('',#4420);
#4420 = AXIS2_PLACEMENT_3D('',#4421,#4422,#4423);
#4421 = CARTESIAN_POINT('',(-2.155,-0.381,6.5));
#4422 = DIRECTION('',(0.,1.,1.158808148384E-15));
#4423 = DIRECTION('',(0.,-1.158808148384E-15,1.));
#4424 = ADVANCED_FACE('',(#4425),#4435,.T.);
#4425 = FACE_BOUND('',#4426,.T.);
#4426 = EDGE_LOOP('',(#4427,#4428,#4429,#4430,#4431,#4432,#4433,#4434));
#4427 = ORIENTED_EDGE('',*,*,#4194,.F.);
#4428 = ORIENTED_EDGE('',*,*,#4413,.F.);
#4429 = ORIENTED_EDGE('',*,*,#4383,.F.);
#4430 = ORIENTED_EDGE('',*,*,#4351,.F.);
#4431 = ORIENTED_EDGE('',*,*,#4320,.F.);
#4432 = ORIENTED_EDGE('',*,*,#4289,.F.);
#4433 = ORIENTED_EDGE('',*,*,#4257,.F.);
#4434 = ORIENTED_EDGE('',*,*,#4225,.F.);
#4435 = PLANE('',#4436);
#4436 = AXIS2_PLACEMENT_3D('',#4437,#4438,#4439);
#4437 = CARTESIAN_POINT('',(-2.155,-2.381,7.290086077252));
#4438 = DIRECTION('',(-1.,0.,0.));
#4439 = DIRECTION('',(0.,0.,-1.));
#4440 = ADVANCED_FACE('',(#4441),#4451,.F.);
#4441 = FACE_BOUND('',#4442,.T.);
#4442 = EDGE_LOOP('',(#4443,#4444,#4445,#4446,#4447,#4448,#4449,#4450));
#4443 = ORIENTED_EDGE('',*,*,#4176,.T.);
#4444 = ORIENTED_EDGE('',*,*,#4216,.T.);
#4445 = ORIENTED_EDGE('',*,*,#4247,.T.);
#4446 = ORIENTED_EDGE('',*,*,#4280,.T.);
#4447 = ORIENTED_EDGE('',*,*,#4311,.T.);
#4448 = ORIENTED_EDGE('',*,*,#4342,.T.);
#4449 = ORIENTED_EDGE('',*,*,#4391,.T.);
#4450 = ORIENTED_EDGE('',*,*,#4406,.T.);
#4451 = PLANE('',#4452);
#4452 = AXIS2_PLACEMENT_3D('',#4453,#4454,#4455);
#4453 = CARTESIAN_POINT('',(-1.645,-2.381,7.290086077252));
#4454 = DIRECTION('',(-1.,0.,0.));
#4455 = DIRECTION('',(0.,0.,-1.));
#4456 = MANIFOLD_SOLID_BREP('',#4457);
#4457 = CLOSED_SHELL('',(#4458,#4500,#4542,#4584,#4656,#4703,#4750,#4804
    ,#4851,#4873,#4895,#4933,#4950,#4982,#5000,#5010,#5028,#5038,#5062,
    #5087,#5104,#5117,#5141,#5166,#5183,#5196,#5214));
#4458 = ADVANCED_FACE('',(#4459),#4495,.F.);
#4459 = FACE_BOUND('',#4460,.F.);
#4460 = EDGE_LOOP('',(#4461,#4471,#4480,#4488));
#4461 = ORIENTED_EDGE('',*,*,#4462,.T.);
#4462 = EDGE_CURVE('',#4463,#4465,#4467,.T.);
#4463 = VERTEX_POINT('',#4464);
#4464 = CARTESIAN_POINT('',(0.,-3.35,-1.5));
#4465 = VERTEX_POINT('',#4466);
#4466 = CARTESIAN_POINT('',(0.,-3.55,-1.5));
#4467 = LINE('',#4468,#4469);
#4468 = CARTESIAN_POINT('',(0.,-3.35,-1.5));
#4469 = VECTOR('',#4470,1.);
#4470 = DIRECTION('',(-0.,-1.,-0.));
#4471 = ORIENTED_EDGE('',*,*,#4472,.F.);
#4472 = EDGE_CURVE('',#4473,#4465,#4475,.T.);
#4473 = VERTEX_POINT('',#4474);
#4474 = CARTESIAN_POINT('',(1.836970198721E-16,-3.55,1.5));
#4475 = CIRCLE('',#4476,1.5);
#4476 = AXIS2_PLACEMENT_3D('',#4477,#4478,#4479);
#4477 = CARTESIAN_POINT('',(0.,-3.55,0.));
#4478 = DIRECTION('',(0.,-1.,0.));
#4479 = DIRECTION('',(0.,0.,-1.));
#4480 = ORIENTED_EDGE('',*,*,#4481,.F.);
#4481 = EDGE_CURVE('',#4482,#4473,#4484,.T.);
#4482 = VERTEX_POINT('',#4483);
#4483 = CARTESIAN_POINT('',(1.836970198721E-16,-3.35,1.5));
#4484 = LINE('',#4485,#4486);
#4485 = CARTESIAN_POINT('',(1.836970198721E-16,-3.35,1.5));
#4486 = VECTOR('',#4487,1.);
#4487 = DIRECTION('',(-0.,-1.,-0.));
#4488 = ORIENTED_EDGE('',*,*,#4489,.T.);
#4489 = EDGE_CURVE('',#4482,#4463,#4490,.T.);
#4490 = CIRCLE('',#4491,1.5);
#4491 = AXIS2_PLACEMENT_3D('',#4492,#4493,#4494);
#4492 = CARTESIAN_POINT('',(0.,-3.35,0.));
#4493 = DIRECTION('',(0.,-1.,0.));
#4494 = DIRECTION('',(0.,0.,-1.));
#4495 = CYLINDRICAL_SURFACE('',#4496,1.5);
#4496 = AXIS2_PLACEMENT_3D('',#4497,#4498,#4499);
#4497 = CARTESIAN_POINT('',(0.,-3.35,0.));
#4498 = DIRECTION('',(-0.,-1.,-0.));
#4499 = DIRECTION('',(0.,0.,-1.));
#4500 = ADVANCED_FACE('',(#4501),#4537,.F.);
#4501 = FACE_BOUND('',#4502,.F.);
#4502 = EDGE_LOOP('',(#4503,#4513,#4522,#4530));
#4503 = ORIENTED_EDGE('',*,*,#4504,.T.);
#4504 = EDGE_CURVE('',#4505,#4507,#4509,.T.);
#4505 = VERTEX_POINT('',#4506);
#4506 = CARTESIAN_POINT('',(-2.945689478907,3.35,5.727376404923));
#4507 = VERTEX_POINT('',#4508);
#4508 = CARTESIAN_POINT('',(-2.945689478907,3.55,5.727376404923));
#4509 = LINE('',#4510,#4511);
#4510 = CARTESIAN_POINT('',(-2.945689478907,3.35,5.727376404923));
#4511 = VECTOR('',#4512,1.);
#4512 = DIRECTION('',(-0.,1.,-0.));
#4513 = ORIENTED_EDGE('',*,*,#4514,.F.);
#4514 = EDGE_CURVE('',#4515,#4507,#4517,.T.);
#4515 = VERTEX_POINT('',#4516);
#4516 = CARTESIAN_POINT('',(-2.945689478907,3.55,4.377376404923));
#4517 = CIRCLE('',#4518,0.675);
#4518 = AXIS2_PLACEMENT_3D('',#4519,#4520,#4521);
#4519 = CARTESIAN_POINT('',(-2.945689478907,3.55,5.052376404923));
#4520 = DIRECTION('',(0.,1.,0.));
#4521 = DIRECTION('',(0.,-0.,1.));
#4522 = ORIENTED_EDGE('',*,*,#4523,.F.);
#4523 = EDGE_CURVE('',#4524,#4515,#4526,.T.);
#4524 = VERTEX_POINT('',#4525);
#4525 = CARTESIAN_POINT('',(-2.945689478907,3.35,4.377376404923));
#4526 = LINE('',#4527,#4528);
#4527 = CARTESIAN_POINT('',(-2.945689478907,3.35,4.377376404923));
#4528 = VECTOR('',#4529,1.);
#4529 = DIRECTION('',(-0.,1.,-0.));
#4530 = ORIENTED_EDGE('',*,*,#4531,.T.);
#4531 = EDGE_CURVE('',#4524,#4505,#4532,.T.);
#4532 = CIRCLE('',#4533,0.675);
#4533 = AXIS2_PLACEMENT_3D('',#4534,#4535,#4536);
#4534 = CARTESIAN_POINT('',(-2.945689478907,3.35,5.052376404923));
#4535 = DIRECTION('',(0.,1.,0.));
#4536 = DIRECTION('',(0.,-0.,1.));
#4537 = CYLINDRICAL_SURFACE('',#4538,0.675);
#4538 = AXIS2_PLACEMENT_3D('',#4539,#4540,#4541);
#4539 = CARTESIAN_POINT('',(-2.945689478907,3.35,5.052376404923));
#4540 = DIRECTION('',(-0.,1.,-0.));
#4541 = DIRECTION('',(0.,0.,1.));
#4542 = ADVANCED_FACE('',(#4543),#4579,.F.);
#4543 = FACE_BOUND('',#4544,.F.);
#4544 = EDGE_LOOP('',(#4545,#4555,#4564,#4572));
#4545 = ORIENTED_EDGE('',*,*,#4546,.T.);
#4546 = EDGE_CURVE('',#4547,#4549,#4551,.T.);
#4547 = VERTEX_POINT('',#4548);
#4548 = CARTESIAN_POINT('',(0.,3.35,1.5));
#4549 = VERTEX_POINT('',#4550);
#4550 = CARTESIAN_POINT('',(0.,3.55,1.5));
#4551 = LINE('',#4552,#4553);
#4552 = CARTESIAN_POINT('',(0.,3.35,1.5));
#4553 = VECTOR('',#4554,1.);
#4554 = DIRECTION('',(-0.,1.,-0.));
#4555 = ORIENTED_EDGE('',*,*,#4556,.F.);
#4556 = EDGE_CURVE('',#4557,#4549,#4559,.T.);
#4557 = VERTEX_POINT('',#4558);
#4558 = CARTESIAN_POINT('',(1.836970198721E-16,3.55,-1.5));
#4559 = CIRCLE('',#4560,1.5);
#4560 = AXIS2_PLACEMENT_3D('',#4561,#4562,#4563);
#4561 = CARTESIAN_POINT('',(0.,3.55,0.));
#4562 = DIRECTION('',(0.,1.,0.));
#4563 = DIRECTION('',(0.,-0.,1.));
#4564 = ORIENTED_EDGE('',*,*,#4565,.F.);
#4565 = EDGE_CURVE('',#4566,#4557,#4568,.T.);
#4566 = VERTEX_POINT('',#4567);
#4567 = CARTESIAN_POINT('',(1.836970198721E-16,3.35,-1.5));
#4568 = LINE('',#4569,#4570);
#4569 = CARTESIAN_POINT('',(1.836970198721E-16,3.35,-1.5));
#4570 = VECTOR('',#4571,1.);
#4571 = DIRECTION('',(-0.,1.,-0.));
#4572 = ORIENTED_EDGE('',*,*,#4573,.T.);
#4573 = EDGE_CURVE('',#4566,#4547,#4574,.T.);
#4574 = CIRCLE('',#4575,1.5);
#4575 = AXIS2_PLACEMENT_3D('',#4576,#4577,#4578);
#4576 = CARTESIAN_POINT('',(0.,3.35,0.));
#4577 = DIRECTION('',(0.,1.,0.));
#4578 = DIRECTION('',(0.,-0.,1.));
#4579 = CYLINDRICAL_SURFACE('',#4580,1.5);
#4580 = AXIS2_PLACEMENT_3D('',#4581,#4582,#4583);
#4581 = CARTESIAN_POINT('',(0.,3.35,0.));
#4582 = DIRECTION('',(-0.,1.,-0.));
#4583 = DIRECTION('',(0.,0.,1.));
#4584 = ADVANCED_FACE('',(#4585),#4651,.T.);
#4585 = FACE_BOUND('',#4586,.T.);
#4586 = EDGE_LOOP('',(#4587,#4597,#4605,#4613,#4621,#4629,#4637,#4645));
#4587 = ORIENTED_EDGE('',*,*,#4588,.F.);
#4588 = EDGE_CURVE('',#4589,#4591,#4593,.T.);
#4589 = VERTEX_POINT('',#4590);
#4590 = CARTESIAN_POINT('',(-3.,-0.75,-6.407911579323));
#4591 = VERTEX_POINT('',#4592);
#4592 = CARTESIAN_POINT('',(-4.907911579323,-0.75,-6.407911579323));
#4593 = LINE('',#4594,#4595);
#4594 = CARTESIAN_POINT('',(5.,-0.75,-6.407911579323));
#4595 = VECTOR('',#4596,1.);
#4596 = DIRECTION('',(-1.,0.,8.673617379884E-17));
#4597 = ORIENTED_EDGE('',*,*,#4598,.F.);
#4598 = EDGE_CURVE('',#4599,#4589,#4601,.T.);
#4599 = VERTEX_POINT('',#4600);
#4600 = CARTESIAN_POINT('',(-3.,4.8037229341E-22,-6.5));
#4601 = LINE('',#4602,#4603);
#4602 = CARTESIAN_POINT('',(-3.,8.393351832991E-17,-6.5));
#4603 = VECTOR('',#4604,1.);
#4604 = DIRECTION('',(0.,-0.992546151641,0.121869343405));
#4605 = ORIENTED_EDGE('',*,*,#4606,.F.);
#4606 = EDGE_CURVE('',#4607,#4599,#4609,.T.);
#4607 = VERTEX_POINT('',#4608);
#4608 = CARTESIAN_POINT('',(3.,0.,-6.5));
#4609 = LINE('',#4610,#4611);
#4610 = CARTESIAN_POINT('',(5.,0.,-6.5));
#4611 = VECTOR('',#4612,1.);
#4612 = DIRECTION('',(-1.,0.,8.673617379884E-17));
#4613 = ORIENTED_EDGE('',*,*,#4614,.F.);
#4614 = EDGE_CURVE('',#4615,#4607,#4617,.T.);
#4615 = VERTEX_POINT('',#4616);
#4616 = CARTESIAN_POINT('',(3.,-0.75,-6.407911579323));
#4617 = LINE('',#4618,#4619);
#4618 = CARTESIAN_POINT('',(3.,2.098337958248E-17,-6.5));
#4619 = VECTOR('',#4620,1.);
#4620 = DIRECTION('',(0.,0.992546151641,-0.121869343405));
#4621 = ORIENTED_EDGE('',*,*,#4622,.T.);
#4622 = EDGE_CURVE('',#4615,#4623,#4625,.T.);
#4623 = VERTEX_POINT('',#4624);
#4624 = CARTESIAN_POINT('',(4.907911579323,-0.75,-6.407911579323));
#4625 = LINE('',#4626,#4627);
#4626 = CARTESIAN_POINT('',(5.,-0.75,-6.407911579323));
#4627 = VECTOR('',#4628,1.);
#4628 = DIRECTION('',(1.,0.,-8.673617379884E-17));
#4629 = ORIENTED_EDGE('',*,*,#4630,.F.);
#4630 = EDGE_CURVE('',#4631,#4623,#4633,.T.);
#4631 = VERTEX_POINT('',#4632);
#4632 = CARTESIAN_POINT('',(4.564114808795,-3.55,-6.064114808795));
#4633 = LINE('',#4634,#4635);
#4634 = CARTESIAN_POINT('',(4.809747871446,-1.549479243607,
    -6.309747871446));
#4635 = VECTOR('',#4636,1.);
#4636 = DIRECTION('',(0.120974291151,0.985256536015,-0.120974291151));
#4637 = ORIENTED_EDGE('',*,*,#4638,.T.);
#4638 = EDGE_CURVE('',#4631,#4639,#4641,.T.);
#4639 = VERTEX_POINT('',#4640);
#4640 = CARTESIAN_POINT('',(-4.564114808795,-3.55,-6.064114808795));
#4641 = LINE('',#4642,#4643);
#4642 = CARTESIAN_POINT('',(-5.259781159917E-16,-3.55,-6.064114808795));
#4643 = VECTOR('',#4644,1.);
#4644 = DIRECTION('',(-1.,0.,8.673617379884E-17));
#4645 = ORIENTED_EDGE('',*,*,#4646,.T.);
#4646 = EDGE_CURVE('',#4639,#4591,#4647,.T.);
#4647 = LINE('',#4648,#4649);
#4648 = CARTESIAN_POINT('',(-4.853652208804,-1.191907110467,
    -6.353652208804));
#4649 = VECTOR('',#4650,1.);
#4650 = DIRECTION('',(-0.120974291151,0.985256536015,-0.120974291151));
#4651 = PLANE('',#4652);
#4652 = AXIS2_PLACEMENT_3D('',#4653,#4654,#4655);
#4653 = CARTESIAN_POINT('',(5.,0.,-6.5));
#4654 = DIRECTION('',(-8.608965551213E-17,-0.121869343405,
    -0.992546151641));
#4655 = DIRECTION('',(0.,0.992546151641,-0.121869343405));
#4656 = ADVANCED_FACE('',(#4657),#4698,.T.);
#4657 = FACE_BOUND('',#4658,.T.);
#4658 = EDGE_LOOP('',(#4659,#4667,#4675,#4683,#4691,#4697));
#4659 = ORIENTED_EDGE('',*,*,#4660,.T.);
#4660 = EDGE_CURVE('',#4623,#4661,#4663,.T.);
#4661 = VERTEX_POINT('',#4662);
#4662 = CARTESIAN_POINT('',(4.907911579323,-0.75,2.1));
#4663 = LINE('',#4664,#4665);
#4664 = CARTESIAN_POINT('',(4.907911579323,-0.75,6.5));
#4665 = VECTOR('',#4666,1.);
#4666 = DIRECTION('',(-0.,0.,1.));
#4667 = ORIENTED_EDGE('',*,*,#4668,.T.);
#4668 = EDGE_CURVE('',#4661,#4669,#4671,.T.);
#4669 = VERTEX_POINT('',#4670);
#4670 = CARTESIAN_POINT('',(5.,0.,2.1));
#4671 = LINE('',#4672,#4673);
#4672 = CARTESIAN_POINT('',(5.,0.,2.1));
#4673 = VECTOR('',#4674,1.);
#4674 = DIRECTION('',(0.121869343405,0.992546151641,0.));
#4675 = ORIENTED_EDGE('',*,*,#4676,.F.);
#4676 = EDGE_CURVE('',#4677,#4669,#4679,.T.);
#4677 = VERTEX_POINT('',#4678);
#4678 = CARTESIAN_POINT('',(5.,0.,6.5));
#4679 = LINE('',#4680,#4681);
#4680 = CARTESIAN_POINT('',(5.,0.,6.5));
#4681 = VECTOR('',#4682,1.);
#4682 = DIRECTION('',(0.,0.,-1.));
#4683 = ORIENTED_EDGE('',*,*,#4684,.F.);
#4684 = EDGE_CURVE('',#4685,#4677,#4687,.T.);
#4685 = VERTEX_POINT('',#4686);
#4686 = CARTESIAN_POINT('',(4.564114808795,-3.55,6.064114808795));
#4687 = LINE('',#4688,#4689);
#4688 = CARTESIAN_POINT('',(5.,0.,6.5));
#4689 = VECTOR('',#4690,1.);
#4690 = DIRECTION('',(0.120974291151,0.985256536015,0.120974291151));
#4691 = ORIENTED_EDGE('',*,*,#4692,.T.);
#4692 = EDGE_CURVE('',#4685,#4631,#4693,.T.);
#4693 = LINE('',#4694,#4695);
#4694 = CARTESIAN_POINT('',(4.564114808795,-3.55,0.));
#4695 = VECTOR('',#4696,1.);
#4696 = DIRECTION('',(0.,0.,-1.));
#4697 = ORIENTED_EDGE('',*,*,#4630,.T.);
#4698 = PLANE('',#4699);
#4699 = AXIS2_PLACEMENT_3D('',#4700,#4701,#4702);
#4700 = CARTESIAN_POINT('',(5.,0.,6.5));
#4701 = DIRECTION('',(0.992546151641,-0.121869343405,0.));
#4702 = DIRECTION('',(0.121869343405,0.992546151641,0.));
#4703 = ADVANCED_FACE('',(#4704),#4745,.T.);
#4704 = FACE_BOUND('',#4705,.T.);
#4705 = EDGE_LOOP('',(#4706,#4714,#4722,#4730,#4738,#4744));
#4706 = ORIENTED_EDGE('',*,*,#4707,.F.);
#4707 = EDGE_CURVE('',#4708,#4669,#4710,.T.);
#4708 = VERTEX_POINT('',#4709);
#4709 = CARTESIAN_POINT('',(4.907911579323,0.75,2.1));
#4710 = LINE('',#4711,#4712);
#4711 = CARTESIAN_POINT('',(5.,0.,2.1));
#4712 = VECTOR('',#4713,1.);
#4713 = DIRECTION('',(0.121869343405,-0.992546151641,-0.));
#4714 = ORIENTED_EDGE('',*,*,#4715,.F.);
#4715 = EDGE_CURVE('',#4716,#4708,#4718,.T.);
#4716 = VERTEX_POINT('',#4717);
#4717 = CARTESIAN_POINT('',(4.907911579323,0.75,-6.407911579323));
#4718 = LINE('',#4719,#4720);
#4719 = CARTESIAN_POINT('',(4.907911579323,0.75,6.5));
#4720 = VECTOR('',#4721,1.);
#4721 = DIRECTION('',(1.306909261943E-18,-1.064392177919E-17,1.));
#4722 = ORIENTED_EDGE('',*,*,#4723,.F.);
#4723 = EDGE_CURVE('',#4724,#4716,#4726,.T.);
#4724 = VERTEX_POINT('',#4725);
#4725 = CARTESIAN_POINT('',(4.564114808795,3.55,-6.064114808795));
#4726 = LINE('',#4727,#4728);
#4727 = CARTESIAN_POINT('',(5.,0.,-6.5));
#4728 = VECTOR('',#4729,1.);
#4729 = DIRECTION('',(0.120974291151,-0.985256536015,-0.120974291151));
#4730 = ORIENTED_EDGE('',*,*,#4731,.F.);
#4731 = EDGE_CURVE('',#4732,#4724,#4734,.T.);
#4732 = VERTEX_POINT('',#4733);
#4733 = CARTESIAN_POINT('',(4.564114808795,3.55,6.064114808795));
#4734 = LINE('',#4735,#4736);
#4735 = CARTESIAN_POINT('',(4.564114808795,3.55,6.5));
#4736 = VECTOR('',#4737,1.);
#4737 = DIRECTION('',(-0.,-0.,-1.));
#4738 = ORIENTED_EDGE('',*,*,#4739,.T.);
#4739 = EDGE_CURVE('',#4732,#4677,#4740,.T.);
#4740 = LINE('',#4741,#4742);
#4741 = CARTESIAN_POINT('',(5.,0.,6.5));
#4742 = VECTOR('',#4743,1.);
#4743 = DIRECTION('',(0.120974291151,-0.985256536015,0.120974291151));
#4744 = ORIENTED_EDGE('',*,*,#4676,.T.);
#4745 = PLANE('',#4746);
#4746 = AXIS2_PLACEMENT_3D('',#4747,#4748,#4749);
#4747 = CARTESIAN_POINT('',(5.,0.,6.5));
#4748 = DIRECTION('',(0.992546151641,0.121869343405,0.));
#4749 = DIRECTION('',(-0.121869343405,0.992546151641,0.));
#4750 = ADVANCED_FACE('',(#4751),#4799,.T.);
#4751 = FACE_BOUND('',#4752,.T.);
#4752 = EDGE_LOOP('',(#4753,#4761,#4769,#4777,#4783,#4784,#4792,#4798));
#4753 = ORIENTED_EDGE('',*,*,#4754,.T.);
#4754 = EDGE_CURVE('',#4599,#4755,#4757,.T.);
#4755 = VERTEX_POINT('',#4756);
#4756 = CARTESIAN_POINT('',(-3.,0.75,-6.407911579323));
#4757 = LINE('',#4758,#4759);
#4758 = CARTESIAN_POINT('',(-3.,-8.393351832991E-17,-6.5));
#4759 = VECTOR('',#4760,1.);
#4760 = DIRECTION('',(-0.,0.992546151641,0.121869343405));
#4761 = ORIENTED_EDGE('',*,*,#4762,.T.);
#4762 = EDGE_CURVE('',#4755,#4763,#4765,.T.);
#4763 = VERTEX_POINT('',#4764);
#4764 = CARTESIAN_POINT('',(-4.907911579323,0.75,-6.407911579323));
#4765 = LINE('',#4766,#4767);
#4766 = CARTESIAN_POINT('',(5.,0.75,-6.407911579323));
#4767 = VECTOR('',#4768,1.);
#4768 = DIRECTION('',(-1.,-9.232130493414E-34,8.673617379884E-17));
#4769 = ORIENTED_EDGE('',*,*,#4770,.F.);
#4770 = EDGE_CURVE('',#4771,#4763,#4773,.T.);
#4771 = VERTEX_POINT('',#4772);
#4772 = CARTESIAN_POINT('',(-4.564114808795,3.55,-6.064114808795));
#4773 = LINE('',#4774,#4775);
#4774 = CARTESIAN_POINT('',(-4.809747871446,1.549479243607,
    -6.309747871446));
#4775 = VECTOR('',#4776,1.);
#4776 = DIRECTION('',(-0.120974291151,-0.985256536015,-0.120974291151));
#4777 = ORIENTED_EDGE('',*,*,#4778,.F.);
#4778 = EDGE_CURVE('',#4724,#4771,#4779,.T.);
#4779 = LINE('',#4780,#4781);
#4780 = CARTESIAN_POINT('',(5.,3.55,-6.064114808795));
#4781 = VECTOR('',#4782,1.);
#4782 = DIRECTION('',(-1.,-0.,8.673617379884E-17));
#4783 = ORIENTED_EDGE('',*,*,#4723,.T.);
#4784 = ORIENTED_EDGE('',*,*,#4785,.F.);
#4785 = EDGE_CURVE('',#4786,#4716,#4788,.T.);
#4786 = VERTEX_POINT('',#4787);
#4787 = CARTESIAN_POINT('',(3.,0.75,-6.407911579323));
#4788 = LINE('',#4789,#4790);
#4789 = CARTESIAN_POINT('',(5.,0.75,-6.407911579323));
#4790 = VECTOR('',#4791,1.);
#4791 = DIRECTION('',(1.,9.232130493414E-34,-8.673617379884E-17));
#4792 = ORIENTED_EDGE('',*,*,#4793,.T.);
#4793 = EDGE_CURVE('',#4786,#4607,#4794,.T.);
#4794 = LINE('',#4795,#4796);
#4795 = CARTESIAN_POINT('',(3.,-2.098337958248E-17,-6.5));
#4796 = VECTOR('',#4797,1.);
#4797 = DIRECTION('',(-0.,-0.992546151641,-0.121869343405));
#4798 = ORIENTED_EDGE('',*,*,#4606,.T.);
#4799 = PLANE('',#4800);
#4800 = AXIS2_PLACEMENT_3D('',#4801,#4802,#4803);
#4801 = CARTESIAN_POINT('',(5.,0.,-6.5));
#4802 = DIRECTION('',(-8.608965551213E-17,0.121869343405,-0.992546151641
    ));
#4803 = DIRECTION('',(0.,0.992546151641,0.121869343405));
#4804 = ADVANCED_FACE('',(#4805),#4846,.T.);
#4805 = FACE_BOUND('',#4806,.T.);
#4806 = EDGE_LOOP('',(#4807,#4817,#4823,#4824,#4832,#4840));
#4807 = ORIENTED_EDGE('',*,*,#4808,.F.);
#4808 = EDGE_CURVE('',#4809,#4811,#4813,.T.);
#4809 = VERTEX_POINT('',#4810);
#4810 = CARTESIAN_POINT('',(-4.907911579323,-0.75,2.1));
#4811 = VERTEX_POINT('',#4812);
#4812 = CARTESIAN_POINT('',(-5.,0.,2.1));
#4813 = LINE('',#4814,#4815);
#4814 = CARTESIAN_POINT('',(-5.,0.,2.1));
#4815 = VECTOR('',#4816,1.);
#4816 = DIRECTION('',(-0.121869343405,0.992546151641,0.));
#4817 = ORIENTED_EDGE('',*,*,#4818,.F.);
#4818 = EDGE_CURVE('',#4591,#4809,#4819,.T.);
#4819 = LINE('',#4820,#4821);
#4820 = CARTESIAN_POINT('',(-4.907911579323,-0.75,6.5));
#4821 = VECTOR('',#4822,1.);
#4822 = DIRECTION('',(0.,0.,1.));
#4823 = ORIENTED_EDGE('',*,*,#4646,.F.);
#4824 = ORIENTED_EDGE('',*,*,#4825,.T.);
#4825 = EDGE_CURVE('',#4639,#4826,#4828,.T.);
#4826 = VERTEX_POINT('',#4827);
#4827 = CARTESIAN_POINT('',(-4.564114808795,-3.55,6.064114808795));
#4828 = LINE('',#4829,#4830);
#4829 = CARTESIAN_POINT('',(-4.564114808795,-3.55,0.));
#4830 = VECTOR('',#4831,1.);
#4831 = DIRECTION('',(0.,0.,1.));
#4832 = ORIENTED_EDGE('',*,*,#4833,.T.);
#4833 = EDGE_CURVE('',#4826,#4834,#4836,.T.);
#4834 = VERTEX_POINT('',#4835);
#4835 = CARTESIAN_POINT('',(-5.,0.,6.5));
#4836 = LINE('',#4837,#4838);
#4837 = CARTESIAN_POINT('',(-5.,0.,6.5));
#4838 = VECTOR('',#4839,1.);
#4839 = DIRECTION('',(-0.120974291151,0.985256536015,0.120974291151));
#4840 = ORIENTED_EDGE('',*,*,#4841,.F.);
#4841 = EDGE_CURVE('',#4811,#4834,#4842,.T.);
#4842 = LINE('',#4843,#4844);
#4843 = CARTESIAN_POINT('',(-5.,0.,6.5));
#4844 = VECTOR('',#4845,1.);
#4845 = DIRECTION('',(-0.,-0.,1.));
#4846 = PLANE('',#4847);
#4847 = AXIS2_PLACEMENT_3D('',#4848,#4849,#4850);
#4848 = CARTESIAN_POINT('',(-5.,0.,6.5));
#4849 = DIRECTION('',(-0.992546151641,-0.121869343405,0.));
#4850 = DIRECTION('',(0.121869343405,-0.992546151641,0.));
#4851 = ADVANCED_FACE('',(#4852),#4868,.T.);
#4852 = FACE_BOUND('',#4853,.T.);
#4853 = EDGE_LOOP('',(#4854,#4860,#4861,#4867));
#4854 = ORIENTED_EDGE('',*,*,#4855,.F.);
#4855 = EDGE_CURVE('',#4834,#4677,#4856,.T.);
#4856 = LINE('',#4857,#4858);
#4857 = CARTESIAN_POINT('',(5.,0.,6.5));
#4858 = VECTOR('',#4859,1.);
#4859 = DIRECTION('',(1.,-0.,-1.734723475977E-16));
#4860 = ORIENTED_EDGE('',*,*,#4833,.F.);
#4861 = ORIENTED_EDGE('',*,*,#4862,.T.);
#4862 = EDGE_CURVE('',#4826,#4685,#4863,.T.);
#4863 = LINE('',#4864,#4865);
#4864 = CARTESIAN_POINT('',(1.051956231983E-15,-3.55,6.064114808795));
#4865 = VECTOR('',#4866,1.);
#4866 = DIRECTION('',(1.,0.,-1.734723475977E-16));
#4867 = ORIENTED_EDGE('',*,*,#4684,.T.);
#4868 = PLANE('',#4869);
#4869 = AXIS2_PLACEMENT_3D('',#4870,#4871,#4872);
#4870 = CARTESIAN_POINT('',(5.,0.,6.5));
#4871 = DIRECTION('',(1.721793110243E-16,-0.121869343405,0.992546151641)
  );
#4872 = DIRECTION('',(0.,-0.992546151641,-0.121869343405));
#4873 = ADVANCED_FACE('',(#4874,#4884),#4890,.F.);
#4874 = FACE_BOUND('',#4875,.T.);
#4875 = EDGE_LOOP('',(#4876,#4883));
#4876 = ORIENTED_EDGE('',*,*,#4877,.F.);
#4877 = EDGE_CURVE('',#4465,#4473,#4878,.T.);
#4878 = CIRCLE('',#4879,1.5);
#4879 = AXIS2_PLACEMENT_3D('',#4880,#4881,#4882);
#4880 = CARTESIAN_POINT('',(0.,-3.55,0.));
#4881 = DIRECTION('',(0.,-1.,0.));
#4882 = DIRECTION('',(0.,0.,-1.));
#4883 = ORIENTED_EDGE('',*,*,#4472,.F.);
#4884 = FACE_BOUND('',#4885,.T.);
#4885 = EDGE_LOOP('',(#4886,#4887,#4888,#4889));
#4886 = ORIENTED_EDGE('',*,*,#4825,.F.);
#4887 = ORIENTED_EDGE('',*,*,#4638,.F.);
#4888 = ORIENTED_EDGE('',*,*,#4692,.F.);
#4889 = ORIENTED_EDGE('',*,*,#4862,.F.);
#4890 = PLANE('',#4891);
#4891 = AXIS2_PLACEMENT_3D('',#4892,#4893,#4894);
#4892 = CARTESIAN_POINT('',(0.,-3.55,0.));
#4893 = DIRECTION('',(0.,1.,0.));
#4894 = DIRECTION('',(0.,-0.,1.));
#4895 = ADVANCED_FACE('',(#4896),#4928,.T.);
#4896 = FACE_BOUND('',#4897,.T.);
#4897 = EDGE_LOOP('',(#4898,#4906,#4912,#4913,#4921,#4927));
#4898 = ORIENTED_EDGE('',*,*,#4899,.T.);
#4899 = EDGE_CURVE('',#4763,#4900,#4902,.T.);
#4900 = VERTEX_POINT('',#4901);
#4901 = CARTESIAN_POINT('',(-4.907911579323,0.75,2.1));
#4902 = LINE('',#4903,#4904);
#4903 = CARTESIAN_POINT('',(-4.907911579323,0.75,6.5));
#4904 = VECTOR('',#4905,1.);
#4905 = DIRECTION('',(-1.306909261943E-18,-1.064392177919E-17,1.));
#4906 = ORIENTED_EDGE('',*,*,#4907,.T.);
#4907 = EDGE_CURVE('',#4900,#4811,#4908,.T.);
#4908 = LINE('',#4909,#4910);
#4909 = CARTESIAN_POINT('',(-5.,0.,2.1));
#4910 = VECTOR('',#4911,1.);
#4911 = DIRECTION('',(-0.121869343405,-0.992546151641,-0.));
#4912 = ORIENTED_EDGE('',*,*,#4841,.T.);
#4913 = ORIENTED_EDGE('',*,*,#4914,.F.);
#4914 = EDGE_CURVE('',#4915,#4834,#4917,.T.);
#4915 = VERTEX_POINT('',#4916);
#4916 = CARTESIAN_POINT('',(-4.564114808795,3.55,6.064114808795));
#4917 = LINE('',#4918,#4919);
#4918 = CARTESIAN_POINT('',(-4.853652208804,1.191907110467,
    6.353652208804));
#4919 = VECTOR('',#4920,1.);
#4920 = DIRECTION('',(-0.120974291151,-0.985256536015,0.120974291151));
#4921 = ORIENTED_EDGE('',*,*,#4922,.F.);
#4922 = EDGE_CURVE('',#4771,#4915,#4923,.T.);
#4923 = LINE('',#4924,#4925);
#4924 = CARTESIAN_POINT('',(-4.564114808795,3.55,6.5));
#4925 = VECTOR('',#4926,1.);
#4926 = DIRECTION('',(-0.,-0.,1.));
#4927 = ORIENTED_EDGE('',*,*,#4770,.T.);
#4928 = PLANE('',#4929);
#4929 = AXIS2_PLACEMENT_3D('',#4930,#4931,#4932);
#4930 = CARTESIAN_POINT('',(-5.,0.,6.5));
#4931 = DIRECTION('',(-0.992546151641,0.121869343405,0.));
#4932 = DIRECTION('',(-0.121869343405,-0.992546151641,0.));
#4933 = ADVANCED_FACE('',(#4934),#4945,.T.);
#4934 = FACE_BOUND('',#4935,.T.);
#4935 = EDGE_LOOP('',(#4936,#4937,#4938,#4944));
#4936 = ORIENTED_EDGE('',*,*,#4855,.T.);
#4937 = ORIENTED_EDGE('',*,*,#4739,.F.);
#4938 = ORIENTED_EDGE('',*,*,#4939,.F.);
#4939 = EDGE_CURVE('',#4915,#4732,#4940,.T.);
#4940 = LINE('',#4941,#4942);
#4941 = CARTESIAN_POINT('',(5.,3.55,6.064114808795));
#4942 = VECTOR('',#4943,1.);
#4943 = DIRECTION('',(1.,-0.,-1.734723475977E-16));
#4944 = ORIENTED_EDGE('',*,*,#4914,.T.);
#4945 = PLANE('',#4946);
#4946 = AXIS2_PLACEMENT_3D('',#4947,#4948,#4949);
#4947 = CARTESIAN_POINT('',(5.,0.,6.5));
#4948 = DIRECTION('',(1.721793110243E-16,0.121869343405,0.992546151641)
  );
#4949 = DIRECTION('',(0.,-0.992546151641,0.121869343405));
#4950 = ADVANCED_FACE('',(#4951,#4961,#4971),#4977,.T.);
#4951 = FACE_BOUND('',#4952,.T.);
#4952 = EDGE_LOOP('',(#4953,#4960));
#4953 = ORIENTED_EDGE('',*,*,#4954,.F.);
#4954 = EDGE_CURVE('',#4507,#4515,#4955,.T.);
#4955 = CIRCLE('',#4956,0.675);
#4956 = AXIS2_PLACEMENT_3D('',#4957,#4958,#4959);
#4957 = CARTESIAN_POINT('',(-2.945689478907,3.55,5.052376404923));
#4958 = DIRECTION('',(0.,1.,0.));
#4959 = DIRECTION('',(0.,-0.,1.));
#4960 = ORIENTED_EDGE('',*,*,#4514,.F.);
#4961 = FACE_BOUND('',#4962,.T.);
#4962 = EDGE_LOOP('',(#4963,#4970));
#4963 = ORIENTED_EDGE('',*,*,#4964,.F.);
#4964 = EDGE_CURVE('',#4549,#4557,#4965,.T.);
#4965 = CIRCLE('',#4966,1.5);
#4966 = AXIS2_PLACEMENT_3D('',#4967,#4968,#4969);
#4967 = CARTESIAN_POINT('',(0.,3.55,0.));
#4968 = DIRECTION('',(0.,1.,0.));
#4969 = DIRECTION('',(0.,-0.,1.));
#4970 = ORIENTED_EDGE('',*,*,#4556,.F.);
#4971 = FACE_BOUND('',#4972,.T.);
#4972 = EDGE_LOOP('',(#4973,#4974,#4975,#4976));
#4973 = ORIENTED_EDGE('',*,*,#4922,.T.);
#4974 = ORIENTED_EDGE('',*,*,#4939,.T.);
#4975 = ORIENTED_EDGE('',*,*,#4731,.T.);
#4976 = ORIENTED_EDGE('',*,*,#4778,.T.);
#4977 = PLANE('',#4978);
#4978 = AXIS2_PLACEMENT_3D('',#4979,#4980,#4981);
#4979 = CARTESIAN_POINT('',(0.,3.55,0.));
#4980 = DIRECTION('',(0.,1.,0.));
#4981 = DIRECTION('',(0.,-0.,1.));
#4982 = ADVANCED_FACE('',(#4983),#4995,.F.);
#4983 = FACE_BOUND('',#4984,.F.);
#4984 = EDGE_LOOP('',(#4985,#4986,#4987,#4994));
#4985 = ORIENTED_EDGE('',*,*,#4964,.F.);
#4986 = ORIENTED_EDGE('',*,*,#4546,.F.);
#4987 = ORIENTED_EDGE('',*,*,#4988,.T.);
#4988 = EDGE_CURVE('',#4547,#4566,#4989,.T.);
#4989 = CIRCLE('',#4990,1.5);
#4990 = AXIS2_PLACEMENT_3D('',#4991,#4992,#4993);
#4991 = CARTESIAN_POINT('',(0.,3.35,0.));
#4992 = DIRECTION('',(0.,1.,0.));
#4993 = DIRECTION('',(0.,-0.,1.));
#4994 = ORIENTED_EDGE('',*,*,#4565,.T.);
#4995 = CYLINDRICAL_SURFACE('',#4996,1.5);
#4996 = AXIS2_PLACEMENT_3D('',#4997,#4998,#4999);
#4997 = CARTESIAN_POINT('',(0.,3.35,0.));
#4998 = DIRECTION('',(-0.,1.,-0.));
#4999 = DIRECTION('',(0.,0.,1.));
#5000 = ADVANCED_FACE('',(#5001),#5005,.T.);
#5001 = FACE_BOUND('',#5002,.T.);
#5002 = EDGE_LOOP('',(#5003,#5004));
#5003 = ORIENTED_EDGE('',*,*,#4988,.T.);
#5004 = ORIENTED_EDGE('',*,*,#4573,.T.);
#5005 = PLANE('',#5006);
#5006 = AXIS2_PLACEMENT_3D('',#5007,#5008,#5009);
#5007 = CARTESIAN_POINT('',(0.,3.35,0.));
#5008 = DIRECTION('',(0.,1.,0.));
#5009 = DIRECTION('',(0.,-0.,1.));
#5010 = ADVANCED_FACE('',(#5011),#5023,.F.);
#5011 = FACE_BOUND('',#5012,.F.);
#5012 = EDGE_LOOP('',(#5013,#5014,#5015,#5022));
#5013 = ORIENTED_EDGE('',*,*,#4954,.F.);
#5014 = ORIENTED_EDGE('',*,*,#4504,.F.);
#5015 = ORIENTED_EDGE('',*,*,#5016,.T.);
#5016 = EDGE_CURVE('',#4505,#4524,#5017,.T.);
#5017 = CIRCLE('',#5018,0.675);
#5018 = AXIS2_PLACEMENT_3D('',#5019,#5020,#5021);
#5019 = CARTESIAN_POINT('',(-2.945689478907,3.35,5.052376404923));
#5020 = DIRECTION('',(0.,1.,0.));
#5021 = DIRECTION('',(0.,-0.,1.));
#5022 = ORIENTED_EDGE('',*,*,#4523,.T.);
#5023 = CYLINDRICAL_SURFACE('',#5024,0.675);
#5024 = AXIS2_PLACEMENT_3D('',#5025,#5026,#5027);
#5025 = CARTESIAN_POINT('',(-2.945689478907,3.35,5.052376404923));
#5026 = DIRECTION('',(-0.,1.,-0.));
#5027 = DIRECTION('',(0.,0.,1.));
#5028 = ADVANCED_FACE('',(#5029),#5033,.T.);
#5029 = FACE_BOUND('',#5030,.T.);
#5030 = EDGE_LOOP('',(#5031,#5032));
#5031 = ORIENTED_EDGE('',*,*,#5016,.T.);
#5032 = ORIENTED_EDGE('',*,*,#4531,.T.);
#5033 = PLANE('',#5034);
#5034 = AXIS2_PLACEMENT_3D('',#5035,#5036,#5037);
#5035 = CARTESIAN_POINT('',(-2.945689478907,3.35,5.052376404923));
#5036 = DIRECTION('',(0.,1.,0.));
#5037 = DIRECTION('',(0.,-0.,1.));
#5038 = ADVANCED_FACE('',(#5039),#5057,.T.);
#5039 = FACE_BOUND('',#5040,.T.);
#5040 = EDGE_LOOP('',(#5041,#5042,#5050,#5056));
#5041 = ORIENTED_EDGE('',*,*,#4715,.T.);
#5042 = ORIENTED_EDGE('',*,*,#5043,.T.);
#5043 = EDGE_CURVE('',#4708,#5044,#5046,.T.);
#5044 = VERTEX_POINT('',#5045);
#5045 = CARTESIAN_POINT('',(3.,0.75,2.1));
#5046 = LINE('',#5047,#5048);
#5047 = CARTESIAN_POINT('',(8.,0.75,2.1));
#5048 = VECTOR('',#5049,1.);
#5049 = DIRECTION('',(-1.,0.,0.));
#5050 = ORIENTED_EDGE('',*,*,#5051,.F.);
#5051 = EDGE_CURVE('',#4786,#5044,#5052,.T.);
#5052 = LINE('',#5053,#5054);
#5053 = CARTESIAN_POINT('',(3.,0.75,2.1));
#5054 = VECTOR('',#5055,1.);
#5055 = DIRECTION('',(-0.,-1.064392177919E-17,1.));
#5056 = ORIENTED_EDGE('',*,*,#4785,.T.);
#5057 = PLANE('',#5058);
#5058 = AXIS2_PLACEMENT_3D('',#5059,#5060,#5061);
#5059 = CARTESIAN_POINT('',(8.,0.75,2.1));
#5060 = DIRECTION('',(0.,-1.,-1.064392177919E-17));
#5061 = DIRECTION('',(0.,1.064392177919E-17,-1.));
#5062 = ADVANCED_FACE('',(#5063),#5082,.T.);
#5063 = FACE_BOUND('',#5064,.T.);
#5064 = EDGE_LOOP('',(#5065,#5073,#5079,#5080,#5081));
#5065 = ORIENTED_EDGE('',*,*,#5066,.T.);
#5066 = EDGE_CURVE('',#4661,#5067,#5069,.T.);
#5067 = VERTEX_POINT('',#5068);
#5068 = CARTESIAN_POINT('',(3.,-0.75,2.1));
#5069 = LINE('',#5070,#5071);
#5070 = CARTESIAN_POINT('',(8.,-0.75,2.1));
#5071 = VECTOR('',#5072,1.);
#5072 = DIRECTION('',(-1.,0.,0.));
#5073 = ORIENTED_EDGE('',*,*,#5074,.F.);
#5074 = EDGE_CURVE('',#5044,#5067,#5075,.T.);
#5075 = LINE('',#5076,#5077);
#5076 = CARTESIAN_POINT('',(3.,0.75,2.1));
#5077 = VECTOR('',#5078,1.);
#5078 = DIRECTION('',(0.,-1.,0.));
#5079 = ORIENTED_EDGE('',*,*,#5043,.F.);
#5080 = ORIENTED_EDGE('',*,*,#4707,.T.);
#5081 = ORIENTED_EDGE('',*,*,#4668,.F.);
#5082 = PLANE('',#5083);
#5083 = AXIS2_PLACEMENT_3D('',#5084,#5085,#5086);
#5084 = CARTESIAN_POINT('',(8.,0.75,2.1));
#5085 = DIRECTION('',(-0.,0.,-1.));
#5086 = DIRECTION('',(-1.,0.,0.));
#5087 = ADVANCED_FACE('',(#5088),#5099,.T.);
#5088 = FACE_BOUND('',#5089,.T.);
#5089 = EDGE_LOOP('',(#5090,#5096,#5097,#5098));
#5090 = ORIENTED_EDGE('',*,*,#5091,.F.);
#5091 = EDGE_CURVE('',#5067,#4615,#5092,.T.);
#5092 = LINE('',#5093,#5094);
#5093 = CARTESIAN_POINT('',(3.,-0.75,2.1));
#5094 = VECTOR('',#5095,1.);
#5095 = DIRECTION('',(0.,0.,-1.));
#5096 = ORIENTED_EDGE('',*,*,#5066,.F.);
#5097 = ORIENTED_EDGE('',*,*,#4660,.F.);
#5098 = ORIENTED_EDGE('',*,*,#4622,.F.);
#5099 = PLANE('',#5100);
#5100 = AXIS2_PLACEMENT_3D('',#5101,#5102,#5103);
#5101 = CARTESIAN_POINT('',(8.,-0.75,2.1));
#5102 = DIRECTION('',(0.,1.,0.));
#5103 = DIRECTION('',(0.,-0.,1.));
#5104 = ADVANCED_FACE('',(#5105),#5112,.F.);
#5105 = FACE_BOUND('',#5106,.T.);
#5106 = EDGE_LOOP('',(#5107,#5108,#5109,#5110,#5111));
#5107 = ORIENTED_EDGE('',*,*,#4614,.T.);
#5108 = ORIENTED_EDGE('',*,*,#4793,.F.);
#5109 = ORIENTED_EDGE('',*,*,#5051,.T.);
#5110 = ORIENTED_EDGE('',*,*,#5074,.T.);
#5111 = ORIENTED_EDGE('',*,*,#5091,.T.);
#5112 = PLANE('',#5113);
#5113 = AXIS2_PLACEMENT_3D('',#5114,#5115,#5116);
#5114 = CARTESIAN_POINT('',(3.,-3.599734728724,-8.086115559444));
#5115 = DIRECTION('',(-1.,-0.,0.));
#5116 = DIRECTION('',(0.,0.,1.));
#5117 = ADVANCED_FACE('',(#5118),#5136,.F.);
#5118 = FACE_BOUND('',#5119,.T.);
#5119 = EDGE_LOOP('',(#5120,#5128,#5134,#5135));
#5120 = ORIENTED_EDGE('',*,*,#5121,.T.);
#5121 = EDGE_CURVE('',#4755,#5122,#5124,.T.);
#5122 = VERTEX_POINT('',#5123);
#5123 = CARTESIAN_POINT('',(-3.,0.75,2.1));
#5124 = LINE('',#5125,#5126);
#5125 = CARTESIAN_POINT('',(-3.,0.75,2.1));
#5126 = VECTOR('',#5127,1.);
#5127 = DIRECTION('',(0.,-1.064392177919E-17,1.));
#5128 = ORIENTED_EDGE('',*,*,#5129,.F.);
#5129 = EDGE_CURVE('',#4900,#5122,#5130,.T.);
#5130 = LINE('',#5131,#5132);
#5131 = CARTESIAN_POINT('',(-8.,0.75,2.1));
#5132 = VECTOR('',#5133,1.);
#5133 = DIRECTION('',(1.,0.,0.));
#5134 = ORIENTED_EDGE('',*,*,#4899,.F.);
#5135 = ORIENTED_EDGE('',*,*,#4762,.F.);
#5136 = PLANE('',#5137);
#5137 = AXIS2_PLACEMENT_3D('',#5138,#5139,#5140);
#5138 = CARTESIAN_POINT('',(-8.,0.75,2.1));
#5139 = DIRECTION('',(-0.,1.,1.064392177919E-17));
#5140 = DIRECTION('',(0.,-1.064392177919E-17,1.));
#5141 = ADVANCED_FACE('',(#5142),#5161,.F.);
#5142 = FACE_BOUND('',#5143,.T.);
#5143 = EDGE_LOOP('',(#5144,#5145,#5146,#5147,#5155));
#5144 = ORIENTED_EDGE('',*,*,#4808,.T.);
#5145 = ORIENTED_EDGE('',*,*,#4907,.F.);
#5146 = ORIENTED_EDGE('',*,*,#5129,.T.);
#5147 = ORIENTED_EDGE('',*,*,#5148,.T.);
#5148 = EDGE_CURVE('',#5122,#5149,#5151,.T.);
#5149 = VERTEX_POINT('',#5150);
#5150 = CARTESIAN_POINT('',(-3.,-0.75,2.1));
#5151 = LINE('',#5152,#5153);
#5152 = CARTESIAN_POINT('',(-3.,0.75,2.1));
#5153 = VECTOR('',#5154,1.);
#5154 = DIRECTION('',(0.,-1.,0.));
#5155 = ORIENTED_EDGE('',*,*,#5156,.F.);
#5156 = EDGE_CURVE('',#4809,#5149,#5157,.T.);
#5157 = LINE('',#5158,#5159);
#5158 = CARTESIAN_POINT('',(-8.,-0.75,2.1));
#5159 = VECTOR('',#5160,1.);
#5160 = DIRECTION('',(1.,0.,0.));
#5161 = PLANE('',#5162);
#5162 = AXIS2_PLACEMENT_3D('',#5163,#5164,#5165);
#5163 = CARTESIAN_POINT('',(-8.,0.75,2.1));
#5164 = DIRECTION('',(-0.,0.,1.));
#5165 = DIRECTION('',(1.,0.,0.));
#5166 = ADVANCED_FACE('',(#5167),#5178,.F.);
#5167 = FACE_BOUND('',#5168,.T.);
#5168 = EDGE_LOOP('',(#5169,#5170,#5171,#5172));
#5169 = ORIENTED_EDGE('',*,*,#4588,.T.);
#5170 = ORIENTED_EDGE('',*,*,#4818,.T.);
#5171 = ORIENTED_EDGE('',*,*,#5156,.T.);
#5172 = ORIENTED_EDGE('',*,*,#5173,.T.);
#5173 = EDGE_CURVE('',#5149,#4589,#5174,.T.);
#5174 = LINE('',#5175,#5176);
#5175 = CARTESIAN_POINT('',(-3.,-0.75,2.1));
#5176 = VECTOR('',#5177,1.);
#5177 = DIRECTION('',(0.,0.,-1.));
#5178 = PLANE('',#5179);
#5179 = AXIS2_PLACEMENT_3D('',#5180,#5181,#5182);
#5180 = CARTESIAN_POINT('',(-8.,-0.75,2.1));
#5181 = DIRECTION('',(0.,-1.,0.));
#5182 = DIRECTION('',(0.,-0.,-1.));
#5183 = ADVANCED_FACE('',(#5184),#5191,.F.);
#5184 = FACE_BOUND('',#5185,.T.);
#5185 = EDGE_LOOP('',(#5186,#5187,#5188,#5189,#5190));
#5186 = ORIENTED_EDGE('',*,*,#4598,.T.);
#5187 = ORIENTED_EDGE('',*,*,#5173,.F.);
#5188 = ORIENTED_EDGE('',*,*,#5148,.F.);
#5189 = ORIENTED_EDGE('',*,*,#5121,.F.);
#5190 = ORIENTED_EDGE('',*,*,#4754,.F.);
#5191 = PLANE('',#5192);
#5192 = AXIS2_PLACEMENT_3D('',#5193,#5194,#5195);
#5193 = CARTESIAN_POINT('',(-3.,-3.599734728724,-8.086115559444));
#5194 = DIRECTION('',(1.,0.,-0.));
#5195 = DIRECTION('',(0.,0.,1.));
#5196 = ADVANCED_FACE('',(#5197),#5209,.F.);
#5197 = FACE_BOUND('',#5198,.F.);
#5198 = EDGE_LOOP('',(#5199,#5200,#5201,#5208));
#5199 = ORIENTED_EDGE('',*,*,#4877,.F.);
#5200 = ORIENTED_EDGE('',*,*,#4462,.F.);
#5201 = ORIENTED_EDGE('',*,*,#5202,.T.);
#5202 = EDGE_CURVE('',#4463,#4482,#5203,.T.);
#5203 = CIRCLE('',#5204,1.5);
#5204 = AXIS2_PLACEMENT_3D('',#5205,#5206,#5207);
#5205 = CARTESIAN_POINT('',(0.,-3.35,0.));
#5206 = DIRECTION('',(0.,-1.,0.));
#5207 = DIRECTION('',(0.,0.,-1.));
#5208 = ORIENTED_EDGE('',*,*,#4481,.T.);
#5209 = CYLINDRICAL_SURFACE('',#5210,1.5);
#5210 = AXIS2_PLACEMENT_3D('',#5211,#5212,#5213);
#5211 = CARTESIAN_POINT('',(0.,-3.35,0.));
#5212 = DIRECTION('',(-0.,-1.,-0.));
#5213 = DIRECTION('',(0.,0.,-1.));
#5214 = ADVANCED_FACE('',(#5215),#5219,.T.);
#5215 = FACE_BOUND('',#5216,.T.);
#5216 = EDGE_LOOP('',(#5217,#5218));
#5217 = ORIENTED_EDGE('',*,*,#5202,.T.);
#5218 = ORIENTED_EDGE('',*,*,#4489,.T.);
#5219 = PLANE('',#5220);
#5220 = AXIS2_PLACEMENT_3D('',#5221,#5222,#5223);
#5221 = CARTESIAN_POINT('',(0.,-3.35,0.));
#5222 = DIRECTION('',(0.,-1.,0.));
#5223 = DIRECTION('',(0.,-0.,-1.));
#5224 = ( GEOMETRIC_REPRESENTATION_CONTEXT(3) 
GLOBAL_UNCERTAINTY_ASSIGNED_CONTEXT((#5228)) 
GLOBAL_UNIT_ASSIGNED_CONTEXT((#5225,#5226,#5227)) REPRESENTATION_CONTEXT
('Context #1','3D Context with UNIT and UNCERTAINTY') );
#5225 = ( LENGTH_UNIT() NAMED_UNIT(*) SI_UNIT(.MILLI.,.METRE.) );
#5226 = ( NAMED_UNIT(*) PLANE_ANGLE_UNIT() SI_UNIT($,.RADIAN.) );
#5227 = ( NAMED_UNIT(*) SI_UNIT($,.STERADIAN.) SOLID_ANGLE_UNIT() );
#5228 = UNCERTAINTY_MEASURE_WITH_UNIT(LENGTH_MEASURE(1.E-07),#5225,
  'distance_accuracy_value','confusion accuracy');
#5229 = CONTEXT_DEPENDENT_SHAPE_REPRESENTATION(#5230,#5232);
#5230 = ( REPRESENTATION_RELATIONSHIP('','',#2731,#2708) 
REPRESENTATION_RELATIONSHIP_WITH_TRANSFORMATION(#5231) 
SHAPE_REPRESENTATION_RELATIONSHIP() );
#5231 = ITEM_DEFINED_TRANSFORMATION('','',#11,#2709);
#5232 = PRODUCT_DEFINITION_SHAPE('Placement','Placement of an item',
  #5233);
#5233 = NEXT_ASSEMBLY_USAGE_OCCURRENCE('2','NAUO1','',#2703,#2726,$);
#5234 = PRODUCT_RELATED_PRODUCT_CATEGORY('part',$,(#2728));
#5235 = SHAPE_DEFINITION_REPRESENTATION(#5236,#5242);
#5236 = PRODUCT_DEFINITION_SHAPE('','',#5237);
#5237 = PRODUCT_DEFINITION('design','',#5238,#5241);
#5238 = PRODUCT_DEFINITION_FORMATION('','',#5239);
#5239 = PRODUCT('C_0805_2012Metric','C_0805_2012Metric','',(#5240));
#5240 = PRODUCT_CONTEXT('',#2,'mechanical');
#5241 = PRODUCT_DEFINITION_CONTEXT('part definition',#2,'design');
#5242 = ADVANCED_BREP_SHAPE_REPRESENTATION('',(#11,#5243),#6097);
#5243 = MANIFOLD_SOLID_BREP('',#5244);
#5244 = CLOSED_SHELL('',(#5245,#5321,#5352,#5377,#5402,#5426,#5450,#5475
    ,#5500,#5517,#5603,#5635,#5659,#5684,#5708,#5733,#5757,#5782,#5799,
    #5885,#5916,#5941,#5966,#5990,#6014,#6039,#6064,#6081));
#5245 = ADVANCED_FACE('',(#5246),#5316,.F.);
#5246 = FACE_BOUND('',#5247,.F.);
#5247 = EDGE_LOOP('',(#5248,#5258,#5267,#5275,#5284,#5292,#5301,#5309));
#5248 = ORIENTED_EDGE('',*,*,#5249,.F.);
#5249 = EDGE_CURVE('',#5250,#5252,#5254,.T.);
#5250 = VERTEX_POINT('',#5251);
#5251 = CARTESIAN_POINT('',(-1.,-0.625,4.E-02));
#5252 = VERTEX_POINT('',#5253);
#5253 = CARTESIAN_POINT('',(-1.,-0.625,1.21));
#5254 = LINE('',#5255,#5256);
#5255 = CARTESIAN_POINT('',(-1.,-0.625,0.));
#5256 = VECTOR('',#5257,1.);
#5257 = DIRECTION('',(0.,0.,1.));
#5258 = ORIENTED_EDGE('',*,*,#5259,.T.);
#5259 = EDGE_CURVE('',#5250,#5260,#5262,.T.);
#5260 = VERTEX_POINT('',#5261);
#5261 = CARTESIAN_POINT('',(-1.,-0.585,0.));
#5262 = CIRCLE('',#5263,4.E-02);
#5263 = AXIS2_PLACEMENT_3D('',#5264,#5265,#5266);
#5264 = CARTESIAN_POINT('',(-1.,-0.585,4.E-02));
#5265 = DIRECTION('',(1.,0.,-0.));
#5266 = DIRECTION('',(0.,0.,1.));
#5267 = ORIENTED_EDGE('',*,*,#5268,.T.);
#5268 = EDGE_CURVE('',#5260,#5269,#5271,.T.);
#5269 = VERTEX_POINT('',#5270);
#5270 = CARTESIAN_POINT('',(-1.,0.585,0.));
#5271 = LINE('',#5272,#5273);
#5272 = CARTESIAN_POINT('',(-1.,-0.625,0.));
#5273 = VECTOR('',#5274,1.);
#5274 = DIRECTION('',(0.,1.,0.));
#5275 = ORIENTED_EDGE('',*,*,#5276,.F.);
#5276 = EDGE_CURVE('',#5277,#5269,#5279,.T.);
#5277 = VERTEX_POINT('',#5278);
#5278 = CARTESIAN_POINT('',(-1.,0.625,4.E-02));
#5279 = CIRCLE('',#5280,4.E-02);
#5280 = AXIS2_PLACEMENT_3D('',#5281,#5282,#5283);
#5281 = CARTESIAN_POINT('',(-1.,0.585,4.E-02));
#5282 = DIRECTION('',(-1.,0.,0.));
#5283 = DIRECTION('',(0.,0.,1.));
#5284 = ORIENTED_EDGE('',*,*,#5285,.T.);
#5285 = EDGE_CURVE('',#5277,#5286,#5288,.T.);
#5286 = VERTEX_POINT('',#5287);
#5287 = CARTESIAN_POINT('',(-1.,0.625,1.21));
#5288 = LINE('',#5289,#5290);
#5289 = CARTESIAN_POINT('',(-1.,0.625,0.));
#5290 = VECTOR('',#5291,1.);
#5291 = DIRECTION('',(0.,0.,1.));
#5292 = ORIENTED_EDGE('',*,*,#5293,.T.);
#5293 = EDGE_CURVE('',#5286,#5294,#5296,.T.);
#5294 = VERTEX_POINT('',#5295);
#5295 = CARTESIAN_POINT('',(-1.,0.585,1.25));
#5296 = CIRCLE('',#5297,4.E-02);
#5297 = AXIS2_PLACEMENT_3D('',#5298,#5299,#5300);
#5298 = CARTESIAN_POINT('',(-1.,0.585,1.21));
#5299 = DIRECTION('',(1.,0.,-0.));
#5300 = DIRECTION('',(0.,0.,1.));
#5301 = ORIENTED_EDGE('',*,*,#5302,.F.);
#5302 = EDGE_CURVE('',#5303,#5294,#5305,.T.);
#5303 = VERTEX_POINT('',#5304);
#5304 = CARTESIAN_POINT('',(-1.,-0.585,1.25));
#5305 = LINE('',#5306,#5307);
#5306 = CARTESIAN_POINT('',(-1.,-0.625,1.25));
#5307 = VECTOR('',#5308,1.);
#5308 = DIRECTION('',(0.,1.,0.));
#5309 = ORIENTED_EDGE('',*,*,#5310,.F.);
#5310 = EDGE_CURVE('',#5252,#5303,#5311,.T.);
#5311 = CIRCLE('',#5312,4.E-02);
#5312 = AXIS2_PLACEMENT_3D('',#5313,#5314,#5315);
#5313 = CARTESIAN_POINT('',(-1.,-0.585,1.21));
#5314 = DIRECTION('',(-1.,0.,0.));
#5315 = DIRECTION('',(0.,0.,1.));
#5316 = PLANE('',#5317);
#5317 = AXIS2_PLACEMENT_3D('',#5318,#5319,#5320);
#5318 = CARTESIAN_POINT('',(-1.,-0.625,0.));
#5319 = DIRECTION('',(1.,0.,0.));
#5320 = DIRECTION('',(0.,0.,1.));
#5321 = ADVANCED_FACE('',(#5322),#5347,.F.);
#5322 = FACE_BOUND('',#5323,.F.);
#5323 = EDGE_LOOP('',(#5324,#5334,#5340,#5341));
#5324 = ORIENTED_EDGE('',*,*,#5325,.F.);
#5325 = EDGE_CURVE('',#5326,#5328,#5330,.T.);
#5326 = VERTEX_POINT('',#5327);
#5327 = CARTESIAN_POINT('',(-0.6,-0.625,4.E-02));
#5328 = VERTEX_POINT('',#5329);
#5329 = CARTESIAN_POINT('',(-0.6,-0.625,1.21));
#5330 = LINE('',#5331,#5332);
#5331 = CARTESIAN_POINT('',(-0.6,-0.625,0.));
#5332 = VECTOR('',#5333,1.);
#5333 = DIRECTION('',(0.,0.,1.));
#5334 = ORIENTED_EDGE('',*,*,#5335,.F.);
#5335 = EDGE_CURVE('',#5250,#5326,#5336,.T.);
#5336 = LINE('',#5337,#5338);
#5337 = CARTESIAN_POINT('',(-1.,-0.625,4.E-02));
#5338 = VECTOR('',#5339,1.);
#5339 = DIRECTION('',(1.,0.,0.));
#5340 = ORIENTED_EDGE('',*,*,#5249,.T.);
#5341 = ORIENTED_EDGE('',*,*,#5342,.T.);
#5342 = EDGE_CURVE('',#5252,#5328,#5343,.T.);
#5343 = LINE('',#5344,#5345);
#5344 = CARTESIAN_POINT('',(-1.,-0.625,1.21));
#5345 = VECTOR('',#5346,1.);
#5346 = DIRECTION('',(1.,0.,0.));
#5347 = PLANE('',#5348);
#5348 = AXIS2_PLACEMENT_3D('',#5349,#5350,#5351);
#5349 = CARTESIAN_POINT('',(-1.,-0.625,0.));
#5350 = DIRECTION('',(0.,1.,0.));
#5351 = DIRECTION('',(0.,-0.,1.));
#5352 = ADVANCED_FACE('',(#5353),#5372,.T.);
#5353 = FACE_BOUND('',#5354,.T.);
#5354 = EDGE_LOOP('',(#5355,#5356,#5364,#5371));
#5355 = ORIENTED_EDGE('',*,*,#5259,.T.);
#5356 = ORIENTED_EDGE('',*,*,#5357,.T.);
#5357 = EDGE_CURVE('',#5260,#5358,#5360,.T.);
#5358 = VERTEX_POINT('',#5359);
#5359 = CARTESIAN_POINT('',(-0.6,-0.585,0.));
#5360 = LINE('',#5361,#5362);
#5361 = CARTESIAN_POINT('',(-1.,-0.585,0.));
#5362 = VECTOR('',#5363,1.);
#5363 = DIRECTION('',(1.,0.,0.));
#5364 = ORIENTED_EDGE('',*,*,#5365,.F.);
#5365 = EDGE_CURVE('',#5326,#5358,#5366,.T.);
#5366 = CIRCLE('',#5367,4.E-02);
#5367 = AXIS2_PLACEMENT_3D('',#5368,#5369,#5370);
#5368 = CARTESIAN_POINT('',(-0.6,-0.585,4.E-02));
#5369 = DIRECTION('',(1.,0.,-0.));
#5370 = DIRECTION('',(0.,0.,1.));
#5371 = ORIENTED_EDGE('',*,*,#5335,.F.);
#5372 = CYLINDRICAL_SURFACE('',#5373,4.E-02);
#5373 = AXIS2_PLACEMENT_3D('',#5374,#5375,#5376);
#5374 = CARTESIAN_POINT('',(-1.,-0.585,4.E-02));
#5375 = DIRECTION('',(1.,0.,0.));
#5376 = DIRECTION('',(0.,-1.,0.));
#5377 = ADVANCED_FACE('',(#5378),#5397,.T.);
#5378 = FACE_BOUND('',#5379,.T.);
#5379 = EDGE_LOOP('',(#5380,#5381,#5390,#5396));
#5380 = ORIENTED_EDGE('',*,*,#5342,.T.);
#5381 = ORIENTED_EDGE('',*,*,#5382,.T.);
#5382 = EDGE_CURVE('',#5328,#5383,#5385,.T.);
#5383 = VERTEX_POINT('',#5384);
#5384 = CARTESIAN_POINT('',(-0.6,-0.585,1.25));
#5385 = CIRCLE('',#5386,4.E-02);
#5386 = AXIS2_PLACEMENT_3D('',#5387,#5388,#5389);
#5387 = CARTESIAN_POINT('',(-0.6,-0.585,1.21));
#5388 = DIRECTION('',(-1.,0.,0.));
#5389 = DIRECTION('',(0.,0.,1.));
#5390 = ORIENTED_EDGE('',*,*,#5391,.F.);
#5391 = EDGE_CURVE('',#5303,#5383,#5392,.T.);
#5392 = LINE('',#5393,#5394);
#5393 = CARTESIAN_POINT('',(-1.,-0.585,1.25));
#5394 = VECTOR('',#5395,1.);
#5395 = DIRECTION('',(1.,0.,0.));
#5396 = ORIENTED_EDGE('',*,*,#5310,.F.);
#5397 = CYLINDRICAL_SURFACE('',#5398,4.E-02);
#5398 = AXIS2_PLACEMENT_3D('',#5399,#5400,#5401);
#5399 = CARTESIAN_POINT('',(-1.,-0.585,1.21));
#5400 = DIRECTION('',(1.,0.,0.));
#5401 = DIRECTION('',(0.,-1.,0.));
#5402 = ADVANCED_FACE('',(#5403),#5421,.F.);
#5403 = FACE_BOUND('',#5404,.F.);
#5404 = EDGE_LOOP('',(#5405,#5406,#5407,#5415));
#5405 = ORIENTED_EDGE('',*,*,#5268,.F.);
#5406 = ORIENTED_EDGE('',*,*,#5357,.T.);
#5407 = ORIENTED_EDGE('',*,*,#5408,.T.);
#5408 = EDGE_CURVE('',#5358,#5409,#5411,.T.);
#5409 = VERTEX_POINT('',#5410);
#5410 = CARTESIAN_POINT('',(-0.6,0.585,0.));
#5411 = LINE('',#5412,#5413);
#5412 = CARTESIAN_POINT('',(-0.6,-0.625,0.));
#5413 = VECTOR('',#5414,1.);
#5414 = DIRECTION('',(0.,1.,0.));
#5415 = ORIENTED_EDGE('',*,*,#5416,.F.);
#5416 = EDGE_CURVE('',#5269,#5409,#5417,.T.);
#5417 = LINE('',#5418,#5419);
#5418 = CARTESIAN_POINT('',(-1.,0.585,0.));
#5419 = VECTOR('',#5420,1.);
#5420 = DIRECTION('',(1.,0.,0.));
#5421 = PLANE('',#5422);
#5422 = AXIS2_PLACEMENT_3D('',#5423,#5424,#5425);
#5423 = CARTESIAN_POINT('',(-1.,-0.625,0.));
#5424 = DIRECTION('',(0.,0.,1.));
#5425 = DIRECTION('',(1.,0.,-0.));
#5426 = ADVANCED_FACE('',(#5427),#5445,.T.);
#5427 = FACE_BOUND('',#5428,.T.);
#5428 = EDGE_LOOP('',(#5429,#5430,#5431,#5439));
#5429 = ORIENTED_EDGE('',*,*,#5302,.F.);
#5430 = ORIENTED_EDGE('',*,*,#5391,.T.);
#5431 = ORIENTED_EDGE('',*,*,#5432,.T.);
#5432 = EDGE_CURVE('',#5383,#5433,#5435,.T.);
#5433 = VERTEX_POINT('',#5434);
#5434 = CARTESIAN_POINT('',(-0.6,0.585,1.25));
#5435 = LINE('',#5436,#5437);
#5436 = CARTESIAN_POINT('',(-0.6,-0.625,1.25));
#5437 = VECTOR('',#5438,1.);
#5438 = DIRECTION('',(0.,1.,0.));
#5439 = ORIENTED_EDGE('',*,*,#5440,.F.);
#5440 = EDGE_CURVE('',#5294,#5433,#5441,.T.);
#5441 = LINE('',#5442,#5443);
#5442 = CARTESIAN_POINT('',(-1.,0.585,1.25));
#5443 = VECTOR('',#5444,1.);
#5444 = DIRECTION('',(1.,0.,0.));
#5445 = PLANE('',#5446);
#5446 = AXIS2_PLACEMENT_3D('',#5447,#5448,#5449);
#5447 = CARTESIAN_POINT('',(-1.,-0.625,1.25));
#5448 = DIRECTION('',(0.,0.,1.));
#5449 = DIRECTION('',(1.,0.,-0.));
#5450 = ADVANCED_FACE('',(#5451),#5470,.T.);
#5451 = FACE_BOUND('',#5452,.T.);
#5452 = EDGE_LOOP('',(#5453,#5461,#5468,#5469));
#5453 = ORIENTED_EDGE('',*,*,#5454,.T.);
#5454 = EDGE_CURVE('',#5277,#5455,#5457,.T.);
#5455 = VERTEX_POINT('',#5456);
#5456 = CARTESIAN_POINT('',(-0.6,0.625,4.E-02));
#5457 = LINE('',#5458,#5459);
#5458 = CARTESIAN_POINT('',(-1.,0.625,4.E-02));
#5459 = VECTOR('',#5460,1.);
#5460 = DIRECTION('',(1.,0.,0.));
#5461 = ORIENTED_EDGE('',*,*,#5462,.T.);
#5462 = EDGE_CURVE('',#5455,#5409,#5463,.T.);
#5463 = CIRCLE('',#5464,4.E-02);
#5464 = AXIS2_PLACEMENT_3D('',#5465,#5466,#5467);
#5465 = CARTESIAN_POINT('',(-0.6,0.585,4.E-02));
#5466 = DIRECTION('',(-1.,0.,0.));
#5467 = DIRECTION('',(0.,0.,1.));
#5468 = ORIENTED_EDGE('',*,*,#5416,.F.);
#5469 = ORIENTED_EDGE('',*,*,#5276,.F.);
#5470 = CYLINDRICAL_SURFACE('',#5471,4.E-02);
#5471 = AXIS2_PLACEMENT_3D('',#5472,#5473,#5474);
#5472 = CARTESIAN_POINT('',(-1.,0.585,4.E-02));
#5473 = DIRECTION('',(1.,0.,0.));
#5474 = DIRECTION('',(-0.,1.,0.));
#5475 = ADVANCED_FACE('',(#5476),#5495,.T.);
#5476 = FACE_BOUND('',#5477,.T.);
#5477 = EDGE_LOOP('',(#5478,#5479,#5480,#5489));
#5478 = ORIENTED_EDGE('',*,*,#5293,.T.);
#5479 = ORIENTED_EDGE('',*,*,#5440,.T.);
#5480 = ORIENTED_EDGE('',*,*,#5481,.F.);
#5481 = EDGE_CURVE('',#5482,#5433,#5484,.T.);
#5482 = VERTEX_POINT('',#5483);
#5483 = CARTESIAN_POINT('',(-0.6,0.625,1.21));
#5484 = CIRCLE('',#5485,4.E-02);
#5485 = AXIS2_PLACEMENT_3D('',#5486,#5487,#5488);
#5486 = CARTESIAN_POINT('',(-0.6,0.585,1.21));
#5487 = DIRECTION('',(1.,0.,-0.));
#5488 = DIRECTION('',(0.,0.,1.));
#5489 = ORIENTED_EDGE('',*,*,#5490,.F.);
#5490 = EDGE_CURVE('',#5286,#5482,#5491,.T.);
#5491 = LINE('',#5492,#5493);
#5492 = CARTESIAN_POINT('',(-1.,0.625,1.21));
#5493 = VECTOR('',#5494,1.);
#5494 = DIRECTION('',(1.,0.,0.));
#5495 = CYLINDRICAL_SURFACE('',#5496,4.E-02);
#5496 = AXIS2_PLACEMENT_3D('',#5497,#5498,#5499);
#5497 = CARTESIAN_POINT('',(-1.,0.585,1.21));
#5498 = DIRECTION('',(1.,0.,0.));
#5499 = DIRECTION('',(-0.,1.,0.));
#5500 = ADVANCED_FACE('',(#5501),#5512,.T.);
#5501 = FACE_BOUND('',#5502,.T.);
#5502 = EDGE_LOOP('',(#5503,#5509,#5510,#5511));
#5503 = ORIENTED_EDGE('',*,*,#5504,.F.);
#5504 = EDGE_CURVE('',#5455,#5482,#5505,.T.);
#5505 = LINE('',#5506,#5507);
#5506 = CARTESIAN_POINT('',(-0.6,0.625,0.));
#5507 = VECTOR('',#5508,1.);
#5508 = DIRECTION('',(0.,0.,1.));
#5509 = ORIENTED_EDGE('',*,*,#5454,.F.);
#5510 = ORIENTED_EDGE('',*,*,#5285,.T.);
#5511 = ORIENTED_EDGE('',*,*,#5490,.T.);
#5512 = PLANE('',#5513);
#5513 = AXIS2_PLACEMENT_3D('',#5514,#5515,#5516);
#5514 = CARTESIAN_POINT('',(-1.,0.625,0.));
#5515 = DIRECTION('',(0.,1.,0.));
#5516 = DIRECTION('',(0.,-0.,1.));
#5517 = ADVANCED_FACE('',(#5518,#5528),#5598,.T.);
#5518 = FACE_BOUND('',#5519,.T.);
#5519 = EDGE_LOOP('',(#5520,#5521,#5522,#5523,#5524,#5525,#5526,#5527));
#5520 = ORIENTED_EDGE('',*,*,#5325,.F.);
#5521 = ORIENTED_EDGE('',*,*,#5365,.T.);
#5522 = ORIENTED_EDGE('',*,*,#5408,.T.);
#5523 = ORIENTED_EDGE('',*,*,#5462,.F.);
#5524 = ORIENTED_EDGE('',*,*,#5504,.T.);
#5525 = ORIENTED_EDGE('',*,*,#5481,.T.);
#5526 = ORIENTED_EDGE('',*,*,#5432,.F.);
#5527 = ORIENTED_EDGE('',*,*,#5382,.F.);
#5528 = FACE_BOUND('',#5529,.T.);
#5529 = EDGE_LOOP('',(#5530,#5541,#5549,#5558,#5566,#5575,#5583,#5592));
#5530 = ORIENTED_EDGE('',*,*,#5531,.F.);
#5531 = EDGE_CURVE('',#5532,#5534,#5536,.T.);
#5532 = VERTEX_POINT('',#5533);
#5533 = CARTESIAN_POINT('',(-0.6,-0.585,8.E-02));
#5534 = VERTEX_POINT('',#5535);
#5535 = CARTESIAN_POINT('',(-0.6,-0.545,4.E-02));
#5536 = CIRCLE('',#5537,4.E-02);
#5537 = AXIS2_PLACEMENT_3D('',#5538,#5539,#5540);
#5538 = CARTESIAN_POINT('',(-0.6,-0.545,8.E-02));
#5539 = DIRECTION('',(1.,0.,-0.));
#5540 = DIRECTION('',(0.,0.,1.));
#5541 = ORIENTED_EDGE('',*,*,#5542,.T.);
#5542 = EDGE_CURVE('',#5532,#5543,#5545,.T.);
#5543 = VERTEX_POINT('',#5544);
#5544 = CARTESIAN_POINT('',(-0.6,-0.585,1.17));
#5545 = LINE('',#5546,#5547);
#5546 = CARTESIAN_POINT('',(-0.6,-0.585,4.E-02));
#5547 = VECTOR('',#5548,1.);
#5548 = DIRECTION('',(0.,0.,1.));
#5549 = ORIENTED_EDGE('',*,*,#5550,.T.);
#5550 = EDGE_CURVE('',#5543,#5551,#5553,.T.);
#5551 = VERTEX_POINT('',#5552);
#5552 = CARTESIAN_POINT('',(-0.6,-0.545,1.21));
#5553 = CIRCLE('',#5554,4.E-02);
#5554 = AXIS2_PLACEMENT_3D('',#5555,#5556,#5557);
#5555 = CARTESIAN_POINT('',(-0.6,-0.545,1.17));
#5556 = DIRECTION('',(-1.,0.,0.));
#5557 = DIRECTION('',(0.,0.,1.));
#5558 = ORIENTED_EDGE('',*,*,#5559,.T.);
#5559 = EDGE_CURVE('',#5551,#5560,#5562,.T.);
#5560 = VERTEX_POINT('',#5561);
#5561 = CARTESIAN_POINT('',(-0.6,0.545,1.21));
#5562 = LINE('',#5563,#5564);
#5563 = CARTESIAN_POINT('',(-0.6,-0.585,1.21));
#5564 = VECTOR('',#5565,1.);
#5565 = DIRECTION('',(0.,1.,0.));
#5566 = ORIENTED_EDGE('',*,*,#5567,.F.);
#5567 = EDGE_CURVE('',#5568,#5560,#5570,.T.);
#5568 = VERTEX_POINT('',#5569);
#5569 = CARTESIAN_POINT('',(-0.6,0.585,1.17));
#5570 = CIRCLE('',#5571,4.E-02);
#5571 = AXIS2_PLACEMENT_3D('',#5572,#5573,#5574);
#5572 = CARTESIAN_POINT('',(-0.6,0.545,1.17));
#5573 = DIRECTION('',(1.,0.,-0.));
#5574 = DIRECTION('',(0.,0.,1.));
#5575 = ORIENTED_EDGE('',*,*,#5576,.F.);
#5576 = EDGE_CURVE('',#5577,#5568,#5579,.T.);
#5577 = VERTEX_POINT('',#5578);
#5578 = CARTESIAN_POINT('',(-0.6,0.585,8.E-02));
#5579 = LINE('',#5580,#5581);
#5580 = CARTESIAN_POINT('',(-0.6,0.585,4.E-02));
#5581 = VECTOR('',#5582,1.);
#5582 = DIRECTION('',(0.,0.,1.));
#5583 = ORIENTED_EDGE('',*,*,#5584,.T.);
#5584 = EDGE_CURVE('',#5577,#5585,#5587,.T.);
#5585 = VERTEX_POINT('',#5586);
#5586 = CARTESIAN_POINT('',(-0.6,0.545,4.E-02));
#5587 = CIRCLE('',#5588,4.E-02);
#5588 = AXIS2_PLACEMENT_3D('',#5589,#5590,#5591);
#5589 = CARTESIAN_POINT('',(-0.6,0.545,8.E-02));
#5590 = DIRECTION('',(-1.,0.,0.));
#5591 = DIRECTION('',(0.,0.,1.));
#5592 = ORIENTED_EDGE('',*,*,#5593,.F.);
#5593 = EDGE_CURVE('',#5534,#5585,#5594,.T.);
#5594 = LINE('',#5595,#5596);
#5595 = CARTESIAN_POINT('',(-0.6,-0.585,4.E-02));
#5596 = VECTOR('',#5597,1.);
#5597 = DIRECTION('',(0.,1.,0.));
#5598 = PLANE('',#5599);
#5599 = AXIS2_PLACEMENT_3D('',#5600,#5601,#5602);
#5600 = CARTESIAN_POINT('',(-0.6,-0.625,0.));
#5601 = DIRECTION('',(1.,0.,0.));
#5602 = DIRECTION('',(0.,0.,1.));
#5603 = ADVANCED_FACE('',(#5604),#5630,.T.);
#5604 = FACE_BOUND('',#5605,.T.);
#5605 = EDGE_LOOP('',(#5606,#5607,#5615,#5624));
#5606 = ORIENTED_EDGE('',*,*,#5531,.T.);
#5607 = ORIENTED_EDGE('',*,*,#5608,.T.);
#5608 = EDGE_CURVE('',#5534,#5609,#5611,.T.);
#5609 = VERTEX_POINT('',#5610);
#5610 = CARTESIAN_POINT('',(0.6,-0.545,4.E-02));
#5611 = LINE('',#5612,#5613);
#5612 = CARTESIAN_POINT('',(-0.6,-0.545,4.E-02));
#5613 = VECTOR('',#5614,1.);
#5614 = DIRECTION('',(1.,0.,0.));
#5615 = ORIENTED_EDGE('',*,*,#5616,.F.);
#5616 = EDGE_CURVE('',#5617,#5609,#5619,.T.);
#5617 = VERTEX_POINT('',#5618);
#5618 = CARTESIAN_POINT('',(0.6,-0.585,8.E-02));
#5619 = CIRCLE('',#5620,4.E-02);
#5620 = AXIS2_PLACEMENT_3D('',#5621,#5622,#5623);
#5621 = CARTESIAN_POINT('',(0.6,-0.545,8.E-02));
#5622 = DIRECTION('',(1.,0.,-0.));
#5623 = DIRECTION('',(0.,0.,1.));
#5624 = ORIENTED_EDGE('',*,*,#5625,.F.);
#5625 = EDGE_CURVE('',#5532,#5617,#5626,.T.);
#5626 = LINE('',#5627,#5628);
#5627 = CARTESIAN_POINT('',(-0.6,-0.585,8.E-02));
#5628 = VECTOR('',#5629,1.);
#5629 = DIRECTION('',(1.,0.,0.));
#5630 = CYLINDRICAL_SURFACE('',#5631,4.E-02);
#5631 = AXIS2_PLACEMENT_3D('',#5632,#5633,#5634);
#5632 = CARTESIAN_POINT('',(-0.6,-0.545,8.E-02));
#5633 = DIRECTION('',(1.,0.,0.));
#5634 = DIRECTION('',(0.,-1.,0.));
#5635 = ADVANCED_FACE('',(#5636),#5654,.F.);
#5636 = FACE_BOUND('',#5637,.F.);
#5637 = EDGE_LOOP('',(#5638,#5639,#5640,#5648));
#5638 = ORIENTED_EDGE('',*,*,#5593,.F.);
#5639 = ORIENTED_EDGE('',*,*,#5608,.T.);
#5640 = ORIENTED_EDGE('',*,*,#5641,.T.);
#5641 = EDGE_CURVE('',#5609,#5642,#5644,.T.);
#5642 = VERTEX_POINT('',#5643);
#5643 = CARTESIAN_POINT('',(0.6,0.545,4.E-02));
#5644 = LINE('',#5645,#5646);
#5645 = CARTESIAN_POINT('',(0.6,-0.585,4.E-02));
#5646 = VECTOR('',#5647,1.);
#5647 = DIRECTION('',(0.,1.,0.));
#5648 = ORIENTED_EDGE('',*,*,#5649,.F.);
#5649 = EDGE_CURVE('',#5585,#5642,#5650,.T.);
#5650 = LINE('',#5651,#5652);
#5651 = CARTESIAN_POINT('',(-0.6,0.545,4.E-02));
#5652 = VECTOR('',#5653,1.);
#5653 = DIRECTION('',(1.,0.,0.));
#5654 = PLANE('',#5655);
#5655 = AXIS2_PLACEMENT_3D('',#5656,#5657,#5658);
#5656 = CARTESIAN_POINT('',(-0.6,-0.585,4.E-02));
#5657 = DIRECTION('',(0.,0.,1.));
#5658 = DIRECTION('',(1.,0.,-0.));
#5659 = ADVANCED_FACE('',(#5660),#5679,.T.);
#5660 = FACE_BOUND('',#5661,.T.);
#5661 = EDGE_LOOP('',(#5662,#5670,#5677,#5678));
#5662 = ORIENTED_EDGE('',*,*,#5663,.T.);
#5663 = EDGE_CURVE('',#5577,#5664,#5666,.T.);
#5664 = VERTEX_POINT('',#5665);
#5665 = CARTESIAN_POINT('',(0.6,0.585,8.E-02));
#5666 = LINE('',#5667,#5668);
#5667 = CARTESIAN_POINT('',(-0.6,0.585,8.E-02));
#5668 = VECTOR('',#5669,1.);
#5669 = DIRECTION('',(1.,0.,0.));
#5670 = ORIENTED_EDGE('',*,*,#5671,.T.);
#5671 = EDGE_CURVE('',#5664,#5642,#5672,.T.);
#5672 = CIRCLE('',#5673,4.E-02);
#5673 = AXIS2_PLACEMENT_3D('',#5674,#5675,#5676);
#5674 = CARTESIAN_POINT('',(0.6,0.545,8.E-02));
#5675 = DIRECTION('',(-1.,0.,0.));
#5676 = DIRECTION('',(0.,0.,1.));
#5677 = ORIENTED_EDGE('',*,*,#5649,.F.);
#5678 = ORIENTED_EDGE('',*,*,#5584,.F.);
#5679 = CYLINDRICAL_SURFACE('',#5680,4.E-02);
#5680 = AXIS2_PLACEMENT_3D('',#5681,#5682,#5683);
#5681 = CARTESIAN_POINT('',(-0.6,0.545,8.E-02));
#5682 = DIRECTION('',(1.,0.,0.));
#5683 = DIRECTION('',(-0.,1.,0.));
#5684 = ADVANCED_FACE('',(#5685),#5703,.T.);
#5685 = FACE_BOUND('',#5686,.T.);
#5686 = EDGE_LOOP('',(#5687,#5695,#5696,#5697));
#5687 = ORIENTED_EDGE('',*,*,#5688,.F.);
#5688 = EDGE_CURVE('',#5664,#5689,#5691,.T.);
#5689 = VERTEX_POINT('',#5690);
#5690 = CARTESIAN_POINT('',(0.6,0.585,1.17));
#5691 = LINE('',#5692,#5693);
#5692 = CARTESIAN_POINT('',(0.6,0.585,4.E-02));
#5693 = VECTOR('',#5694,1.);
#5694 = DIRECTION('',(0.,0.,1.));
#5695 = ORIENTED_EDGE('',*,*,#5663,.F.);
#5696 = ORIENTED_EDGE('',*,*,#5576,.T.);
#5697 = ORIENTED_EDGE('',*,*,#5698,.T.);
#5698 = EDGE_CURVE('',#5568,#5689,#5699,.T.);
#5699 = LINE('',#5700,#5701);
#5700 = CARTESIAN_POINT('',(-0.6,0.585,1.17));
#5701 = VECTOR('',#5702,1.);
#5702 = DIRECTION('',(1.,0.,0.));
#5703 = PLANE('',#5704);
#5704 = AXIS2_PLACEMENT_3D('',#5705,#5706,#5707);
#5705 = CARTESIAN_POINT('',(-0.6,0.585,4.E-02));
#5706 = DIRECTION('',(0.,1.,0.));
#5707 = DIRECTION('',(0.,-0.,1.));
#5708 = ADVANCED_FACE('',(#5709),#5728,.T.);
#5709 = FACE_BOUND('',#5710,.T.);
#5710 = EDGE_LOOP('',(#5711,#5712,#5720,#5727));
#5711 = ORIENTED_EDGE('',*,*,#5567,.T.);
#5712 = ORIENTED_EDGE('',*,*,#5713,.T.);
#5713 = EDGE_CURVE('',#5560,#5714,#5716,.T.);
#5714 = VERTEX_POINT('',#5715);
#5715 = CARTESIAN_POINT('',(0.6,0.545,1.21));
#5716 = LINE('',#5717,#5718);
#5717 = CARTESIAN_POINT('',(-0.6,0.545,1.21));
#5718 = VECTOR('',#5719,1.);
#5719 = DIRECTION('',(1.,0.,0.));
#5720 = ORIENTED_EDGE('',*,*,#5721,.F.);
#5721 = EDGE_CURVE('',#5689,#5714,#5722,.T.);
#5722 = CIRCLE('',#5723,4.E-02);
#5723 = AXIS2_PLACEMENT_3D('',#5724,#5725,#5726);
#5724 = CARTESIAN_POINT('',(0.6,0.545,1.17));
#5725 = DIRECTION('',(1.,0.,-0.));
#5726 = DIRECTION('',(0.,0.,1.));
#5727 = ORIENTED_EDGE('',*,*,#5698,.F.);
#5728 = CYLINDRICAL_SURFACE('',#5729,4.E-02);
#5729 = AXIS2_PLACEMENT_3D('',#5730,#5731,#5732);
#5730 = CARTESIAN_POINT('',(-0.6,0.545,1.17));
#5731 = DIRECTION('',(1.,0.,0.));
#5732 = DIRECTION('',(-0.,1.,0.));
#5733 = ADVANCED_FACE('',(#5734),#5752,.T.);
#5734 = FACE_BOUND('',#5735,.T.);
#5735 = EDGE_LOOP('',(#5736,#5737,#5745,#5751));
#5736 = ORIENTED_EDGE('',*,*,#5559,.F.);
#5737 = ORIENTED_EDGE('',*,*,#5738,.T.);
#5738 = EDGE_CURVE('',#5551,#5739,#5741,.T.);
#5739 = VERTEX_POINT('',#5740);
#5740 = CARTESIAN_POINT('',(0.6,-0.545,1.21));
#5741 = LINE('',#5742,#5743);
#5742 = CARTESIAN_POINT('',(-0.6,-0.545,1.21));
#5743 = VECTOR('',#5744,1.);
#5744 = DIRECTION('',(1.,0.,0.));
#5745 = ORIENTED_EDGE('',*,*,#5746,.T.);
#5746 = EDGE_CURVE('',#5739,#5714,#5747,.T.);
#5747 = LINE('',#5748,#5749);
#5748 = CARTESIAN_POINT('',(0.6,-0.585,1.21));
#5749 = VECTOR('',#5750,1.);
#5750 = DIRECTION('',(0.,1.,0.));
#5751 = ORIENTED_EDGE('',*,*,#5713,.F.);
#5752 = PLANE('',#5753);
#5753 = AXIS2_PLACEMENT_3D('',#5754,#5755,#5756);
#5754 = CARTESIAN_POINT('',(-0.6,-0.585,1.21));
#5755 = DIRECTION('',(0.,0.,1.));
#5756 = DIRECTION('',(1.,0.,-0.));
#5757 = ADVANCED_FACE('',(#5758),#5777,.T.);
#5758 = FACE_BOUND('',#5759,.T.);
#5759 = EDGE_LOOP('',(#5760,#5768,#5775,#5776));
#5760 = ORIENTED_EDGE('',*,*,#5761,.T.);
#5761 = EDGE_CURVE('',#5543,#5762,#5764,.T.);
#5762 = VERTEX_POINT('',#5763);
#5763 = CARTESIAN_POINT('',(0.6,-0.585,1.17));
#5764 = LINE('',#5765,#5766);
#5765 = CARTESIAN_POINT('',(-0.6,-0.585,1.17));
#5766 = VECTOR('',#5767,1.);
#5767 = DIRECTION('',(1.,0.,0.));
#5768 = ORIENTED_EDGE('',*,*,#5769,.T.);
#5769 = EDGE_CURVE('',#5762,#5739,#5770,.T.);
#5770 = CIRCLE('',#5771,4.E-02);
#5771 = AXIS2_PLACEMENT_3D('',#5772,#5773,#5774);
#5772 = CARTESIAN_POINT('',(0.6,-0.545,1.17));
#5773 = DIRECTION('',(-1.,0.,0.));
#5774 = DIRECTION('',(0.,0.,1.));
#5775 = ORIENTED_EDGE('',*,*,#5738,.F.);
#5776 = ORIENTED_EDGE('',*,*,#5550,.F.);
#5777 = CYLINDRICAL_SURFACE('',#5778,4.E-02);
#5778 = AXIS2_PLACEMENT_3D('',#5779,#5780,#5781);
#5779 = CARTESIAN_POINT('',(-0.6,-0.545,1.17));
#5780 = DIRECTION('',(1.,0.,0.));
#5781 = DIRECTION('',(0.,-1.,0.));
#5782 = ADVANCED_FACE('',(#5783),#5794,.F.);
#5783 = FACE_BOUND('',#5784,.F.);
#5784 = EDGE_LOOP('',(#5785,#5791,#5792,#5793));
#5785 = ORIENTED_EDGE('',*,*,#5786,.F.);
#5786 = EDGE_CURVE('',#5617,#5762,#5787,.T.);
#5787 = LINE('',#5788,#5789);
#5788 = CARTESIAN_POINT('',(0.6,-0.585,4.E-02));
#5789 = VECTOR('',#5790,1.);
#5790 = DIRECTION('',(0.,0.,1.));
#5791 = ORIENTED_EDGE('',*,*,#5625,.F.);
#5792 = ORIENTED_EDGE('',*,*,#5542,.T.);
#5793 = ORIENTED_EDGE('',*,*,#5761,.T.);
#5794 = PLANE('',#5795);
#5795 = AXIS2_PLACEMENT_3D('',#5796,#5797,#5798);
#5796 = CARTESIAN_POINT('',(-0.6,-0.585,4.E-02));
#5797 = DIRECTION('',(0.,1.,0.));
#5798 = DIRECTION('',(0.,-0.,1.));
#5799 = ADVANCED_FACE('',(#5800,#5870),#5880,.F.);
#5800 = FACE_BOUND('',#5801,.F.);
#5801 = EDGE_LOOP('',(#5802,#5812,#5821,#5829,#5838,#5846,#5855,#5863));
#5802 = ORIENTED_EDGE('',*,*,#5803,.F.);
#5803 = EDGE_CURVE('',#5804,#5806,#5808,.T.);
#5804 = VERTEX_POINT('',#5805);
#5805 = CARTESIAN_POINT('',(0.6,-0.625,4.E-02));
#5806 = VERTEX_POINT('',#5807);
#5807 = CARTESIAN_POINT('',(0.6,-0.625,1.21));
#5808 = LINE('',#5809,#5810);
#5809 = CARTESIAN_POINT('',(0.6,-0.625,0.));
#5810 = VECTOR('',#5811,1.);
#5811 = DIRECTION('',(0.,0.,1.));
#5812 = ORIENTED_EDGE('',*,*,#5813,.T.);
#5813 = EDGE_CURVE('',#5804,#5814,#5816,.T.);
#5814 = VERTEX_POINT('',#5815);
#5815 = CARTESIAN_POINT('',(0.6,-0.585,0.));
#5816 = CIRCLE('',#5817,4.E-02);
#5817 = AXIS2_PLACEMENT_3D('',#5818,#5819,#5820);
#5818 = CARTESIAN_POINT('',(0.6,-0.585,4.E-02));
#5819 = DIRECTION('',(1.,0.,-0.));
#5820 = DIRECTION('',(0.,0.,1.));
#5821 = ORIENTED_EDGE('',*,*,#5822,.T.);
#5822 = EDGE_CURVE('',#5814,#5823,#5825,.T.);
#5823 = VERTEX_POINT('',#5824);
#5824 = CARTESIAN_POINT('',(0.6,0.585,0.));
#5825 = LINE('',#5826,#5827);
#5826 = CARTESIAN_POINT('',(0.6,-0.625,0.));
#5827 = VECTOR('',#5828,1.);
#5828 = DIRECTION('',(0.,1.,0.));
#5829 = ORIENTED_EDGE('',*,*,#5830,.F.);
#5830 = EDGE_CURVE('',#5831,#5823,#5833,.T.);
#5831 = VERTEX_POINT('',#5832);
#5832 = CARTESIAN_POINT('',(0.6,0.625,4.E-02));
#5833 = CIRCLE('',#5834,4.E-02);
#5834 = AXIS2_PLACEMENT_3D('',#5835,#5836,#5837);
#5835 = CARTESIAN_POINT('',(0.6,0.585,4.E-02));
#5836 = DIRECTION('',(-1.,0.,0.));
#5837 = DIRECTION('',(0.,0.,1.));
#5838 = ORIENTED_EDGE('',*,*,#5839,.T.);
#5839 = EDGE_CURVE('',#5831,#5840,#5842,.T.);
#5840 = VERTEX_POINT('',#5841);
#5841 = CARTESIAN_POINT('',(0.6,0.625,1.21));
#5842 = LINE('',#5843,#5844);
#5843 = CARTESIAN_POINT('',(0.6,0.625,0.));
#5844 = VECTOR('',#5845,1.);
#5845 = DIRECTION('',(0.,0.,1.));
#5846 = ORIENTED_EDGE('',*,*,#5847,.T.);
#5847 = EDGE_CURVE('',#5840,#5848,#5850,.T.);
#5848 = VERTEX_POINT('',#5849);
#5849 = CARTESIAN_POINT('',(0.6,0.585,1.25));
#5850 = CIRCLE('',#5851,4.E-02);
#5851 = AXIS2_PLACEMENT_3D('',#5852,#5853,#5854);
#5852 = CARTESIAN_POINT('',(0.6,0.585,1.21));
#5853 = DIRECTION('',(1.,0.,-0.));
#5854 = DIRECTION('',(0.,0.,1.));
#5855 = ORIENTED_EDGE('',*,*,#5856,.F.);
#5856 = EDGE_CURVE('',#5857,#5848,#5859,.T.);
#5857 = VERTEX_POINT('',#5858);
#5858 = CARTESIAN_POINT('',(0.6,-0.585,1.25));
#5859 = LINE('',#5860,#5861);
#5860 = CARTESIAN_POINT('',(0.6,-0.625,1.25));
#5861 = VECTOR('',#5862,1.);
#5862 = DIRECTION('',(0.,1.,0.));
#5863 = ORIENTED_EDGE('',*,*,#5864,.F.);
#5864 = EDGE_CURVE('',#5806,#5857,#5865,.T.);
#5865 = CIRCLE('',#5866,4.E-02);
#5866 = AXIS2_PLACEMENT_3D('',#5867,#5868,#5869);
#5867 = CARTESIAN_POINT('',(0.6,-0.585,1.21));
#5868 = DIRECTION('',(-1.,0.,0.));
#5869 = DIRECTION('',(0.,0.,1.));
#5870 = FACE_BOUND('',#5871,.F.);
#5871 = EDGE_LOOP('',(#5872,#5873,#5874,#5875,#5876,#5877,#5878,#5879));
#5872 = ORIENTED_EDGE('',*,*,#5616,.F.);
#5873 = ORIENTED_EDGE('',*,*,#5786,.T.);
#5874 = ORIENTED_EDGE('',*,*,#5769,.T.);
#5875 = ORIENTED_EDGE('',*,*,#5746,.T.);
#5876 = ORIENTED_EDGE('',*,*,#5721,.F.);
#5877 = ORIENTED_EDGE('',*,*,#5688,.F.);
#5878 = ORIENTED_EDGE('',*,*,#5671,.T.);
#5879 = ORIENTED_EDGE('',*,*,#5641,.F.);
#5880 = PLANE('',#5881);
#5881 = AXIS2_PLACEMENT_3D('',#5882,#5883,#5884);
#5882 = CARTESIAN_POINT('',(0.6,-0.625,0.));
#5883 = DIRECTION('',(1.,0.,0.));
#5884 = DIRECTION('',(0.,0.,1.));
#5885 = ADVANCED_FACE('',(#5886),#5911,.F.);
#5886 = FACE_BOUND('',#5887,.F.);
#5887 = EDGE_LOOP('',(#5888,#5898,#5904,#5905));
#5888 = ORIENTED_EDGE('',*,*,#5889,.F.);
#5889 = EDGE_CURVE('',#5890,#5892,#5894,.T.);
#5890 = VERTEX_POINT('',#5891);
#5891 = CARTESIAN_POINT('',(1.,-0.625,4.E-02));
#5892 = VERTEX_POINT('',#5893);
#5893 = CARTESIAN_POINT('',(1.,-0.625,1.21));
#5894 = LINE('',#5895,#5896);
#5895 = CARTESIAN_POINT('',(1.,-0.625,0.));
#5896 = VECTOR('',#5897,1.);
#5897 = DIRECTION('',(0.,0.,1.));
#5898 = ORIENTED_EDGE('',*,*,#5899,.F.);
#5899 = EDGE_CURVE('',#5804,#5890,#5900,.T.);
#5900 = LINE('',#5901,#5902);
#5901 = CARTESIAN_POINT('',(0.6,-0.625,4.E-02));
#5902 = VECTOR('',#5903,1.);
#5903 = DIRECTION('',(1.,0.,0.));
#5904 = ORIENTED_EDGE('',*,*,#5803,.T.);
#5905 = ORIENTED_EDGE('',*,*,#5906,.T.);
#5906 = EDGE_CURVE('',#5806,#5892,#5907,.T.);
#5907 = LINE('',#5908,#5909);
#5908 = CARTESIAN_POINT('',(0.6,-0.625,1.21));
#5909 = VECTOR('',#5910,1.);
#5910 = DIRECTION('',(1.,0.,0.));
#5911 = PLANE('',#5912);
#5912 = AXIS2_PLACEMENT_3D('',#5913,#5914,#5915);
#5913 = CARTESIAN_POINT('',(0.6,-0.625,0.));
#5914 = DIRECTION('',(0.,1.,0.));
#5915 = DIRECTION('',(0.,-0.,1.));
#5916 = ADVANCED_FACE('',(#5917),#5936,.T.);
#5917 = FACE_BOUND('',#5918,.T.);
#5918 = EDGE_LOOP('',(#5919,#5920,#5928,#5935));
#5919 = ORIENTED_EDGE('',*,*,#5813,.T.);
#5920 = ORIENTED_EDGE('',*,*,#5921,.T.);
#5921 = EDGE_CURVE('',#5814,#5922,#5924,.T.);
#5922 = VERTEX_POINT('',#5923);
#5923 = CARTESIAN_POINT('',(1.,-0.585,0.));
#5924 = LINE('',#5925,#5926);
#5925 = CARTESIAN_POINT('',(0.6,-0.585,0.));
#5926 = VECTOR('',#5927,1.);
#5927 = DIRECTION('',(1.,0.,0.));
#5928 = ORIENTED_EDGE('',*,*,#5929,.F.);
#5929 = EDGE_CURVE('',#5890,#5922,#5930,.T.);
#5930 = CIRCLE('',#5931,4.E-02);
#5931 = AXIS2_PLACEMENT_3D('',#5932,#5933,#5934);
#5932 = CARTESIAN_POINT('',(1.,-0.585,4.E-02));
#5933 = DIRECTION('',(1.,0.,-0.));
#5934 = DIRECTION('',(0.,0.,1.));
#5935 = ORIENTED_EDGE('',*,*,#5899,.F.);
#5936 = CYLINDRICAL_SURFACE('',#5937,4.E-02);
#5937 = AXIS2_PLACEMENT_3D('',#5938,#5939,#5940);
#5938 = CARTESIAN_POINT('',(0.6,-0.585,4.E-02));
#5939 = DIRECTION('',(1.,0.,0.));
#5940 = DIRECTION('',(0.,-1.,0.));
#5941 = ADVANCED_FACE('',(#5942),#5961,.T.);
#5942 = FACE_BOUND('',#5943,.T.);
#5943 = EDGE_LOOP('',(#5944,#5945,#5954,#5960));
#5944 = ORIENTED_EDGE('',*,*,#5906,.T.);
#5945 = ORIENTED_EDGE('',*,*,#5946,.T.);
#5946 = EDGE_CURVE('',#5892,#5947,#5949,.T.);
#5947 = VERTEX_POINT('',#5948);
#5948 = CARTESIAN_POINT('',(1.,-0.585,1.25));
#5949 = CIRCLE('',#5950,4.E-02);
#5950 = AXIS2_PLACEMENT_3D('',#5951,#5952,#5953);
#5951 = CARTESIAN_POINT('',(1.,-0.585,1.21));
#5952 = DIRECTION('',(-1.,0.,0.));
#5953 = DIRECTION('',(0.,0.,1.));
#5954 = ORIENTED_EDGE('',*,*,#5955,.F.);
#5955 = EDGE_CURVE('',#5857,#5947,#5956,.T.);
#5956 = LINE('',#5957,#5958);
#5957 = CARTESIAN_POINT('',(0.6,-0.585,1.25));
#5958 = VECTOR('',#5959,1.);
#5959 = DIRECTION('',(1.,0.,0.));
#5960 = ORIENTED_EDGE('',*,*,#5864,.F.);
#5961 = CYLINDRICAL_SURFACE('',#5962,4.E-02);
#5962 = AXIS2_PLACEMENT_3D('',#5963,#5964,#5965);
#5963 = CARTESIAN_POINT('',(0.6,-0.585,1.21));
#5964 = DIRECTION('',(1.,0.,0.));
#5965 = DIRECTION('',(0.,-1.,0.));
#5966 = ADVANCED_FACE('',(#5967),#5985,.F.);
#5967 = FACE_BOUND('',#5968,.F.);
#5968 = EDGE_LOOP('',(#5969,#5970,#5971,#5979));
#5969 = ORIENTED_EDGE('',*,*,#5822,.F.);
#5970 = ORIENTED_EDGE('',*,*,#5921,.T.);
#5971 = ORIENTED_EDGE('',*,*,#5972,.T.);
#5972 = EDGE_CURVE('',#5922,#5973,#5975,.T.);
#5973 = VERTEX_POINT('',#5974);
#5974 = CARTESIAN_POINT('',(1.,0.585,0.));
#5975 = LINE('',#5976,#5977);
#5976 = CARTESIAN_POINT('',(1.,-0.625,0.));
#5977 = VECTOR('',#5978,1.);
#5978 = DIRECTION('',(0.,1.,0.));
#5979 = ORIENTED_EDGE('',*,*,#5980,.F.);
#5980 = EDGE_CURVE('',#5823,#5973,#5981,.T.);
#5981 = LINE('',#5982,#5983);
#5982 = CARTESIAN_POINT('',(0.6,0.585,0.));
#5983 = VECTOR('',#5984,1.);
#5984 = DIRECTION('',(1.,0.,0.));
#5985 = PLANE('',#5986);
#5986 = AXIS2_PLACEMENT_3D('',#5987,#5988,#5989);
#5987 = CARTESIAN_POINT('',(0.6,-0.625,0.));
#5988 = DIRECTION('',(0.,0.,1.));
#5989 = DIRECTION('',(1.,0.,-0.));
#5990 = ADVANCED_FACE('',(#5991),#6009,.T.);
#5991 = FACE_BOUND('',#5992,.T.);
#5992 = EDGE_LOOP('',(#5993,#5994,#5995,#6003));
#5993 = ORIENTED_EDGE('',*,*,#5856,.F.);
#5994 = ORIENTED_EDGE('',*,*,#5955,.T.);
#5995 = ORIENTED_EDGE('',*,*,#5996,.T.);
#5996 = EDGE_CURVE('',#5947,#5997,#5999,.T.);
#5997 = VERTEX_POINT('',#5998);
#5998 = CARTESIAN_POINT('',(1.,0.585,1.25));
#5999 = LINE('',#6000,#6001);
#6000 = CARTESIAN_POINT('',(1.,-0.625,1.25));
#6001 = VECTOR('',#6002,1.);
#6002 = DIRECTION('',(0.,1.,0.));
#6003 = ORIENTED_EDGE('',*,*,#6004,.F.);
#6004 = EDGE_CURVE('',#5848,#5997,#6005,.T.);
#6005 = LINE('',#6006,#6007);
#6006 = CARTESIAN_POINT('',(0.6,0.585,1.25));
#6007 = VECTOR('',#6008,1.);
#6008 = DIRECTION('',(1.,0.,0.));
#6009 = PLANE('',#6010);
#6010 = AXIS2_PLACEMENT_3D('',#6011,#6012,#6013);
#6011 = CARTESIAN_POINT('',(0.6,-0.625,1.25));
#6012 = DIRECTION('',(0.,0.,1.));
#6013 = DIRECTION('',(1.,0.,-0.));
#6014 = ADVANCED_FACE('',(#6015),#6034,.T.);
#6015 = FACE_BOUND('',#6016,.T.);
#6016 = EDGE_LOOP('',(#6017,#6025,#6032,#6033));
#6017 = ORIENTED_EDGE('',*,*,#6018,.T.);
#6018 = EDGE_CURVE('',#5831,#6019,#6021,.T.);
#6019 = VERTEX_POINT('',#6020);
#6020 = CARTESIAN_POINT('',(1.,0.625,4.E-02));
#6021 = LINE('',#6022,#6023);
#6022 = CARTESIAN_POINT('',(0.6,0.625,4.E-02));
#6023 = VECTOR('',#6024,1.);
#6024 = DIRECTION('',(1.,0.,0.));
#6025 = ORIENTED_EDGE('',*,*,#6026,.T.);
#6026 = EDGE_CURVE('',#6019,#5973,#6027,.T.);
#6027 = CIRCLE('',#6028,4.E-02);
#6028 = AXIS2_PLACEMENT_3D('',#6029,#6030,#6031);
#6029 = CARTESIAN_POINT('',(1.,0.585,4.E-02));
#6030 = DIRECTION('',(-1.,0.,0.));
#6031 = DIRECTION('',(0.,0.,1.));
#6032 = ORIENTED_EDGE('',*,*,#5980,.F.);
#6033 = ORIENTED_EDGE('',*,*,#5830,.F.);
#6034 = CYLINDRICAL_SURFACE('',#6035,4.E-02);
#6035 = AXIS2_PLACEMENT_3D('',#6036,#6037,#6038);
#6036 = CARTESIAN_POINT('',(0.6,0.585,4.E-02));
#6037 = DIRECTION('',(1.,0.,0.));
#6038 = DIRECTION('',(-0.,1.,0.));
#6039 = ADVANCED_FACE('',(#6040),#6059,.T.);
#6040 = FACE_BOUND('',#6041,.T.);
#6041 = EDGE_LOOP('',(#6042,#6043,#6044,#6053));
#6042 = ORIENTED_EDGE('',*,*,#5847,.T.);
#6043 = ORIENTED_EDGE('',*,*,#6004,.T.);
#6044 = ORIENTED_EDGE('',*,*,#6045,.F.);
#6045 = EDGE_CURVE('',#6046,#5997,#6048,.T.);
#6046 = VERTEX_POINT('',#6047);
#6047 = CARTESIAN_POINT('',(1.,0.625,1.21));
#6048 = CIRCLE('',#6049,4.E-02);
#6049 = AXIS2_PLACEMENT_3D('',#6050,#6051,#6052);
#6050 = CARTESIAN_POINT('',(1.,0.585,1.21));
#6051 = DIRECTION('',(1.,0.,-0.));
#6052 = DIRECTION('',(0.,0.,1.));
#6053 = ORIENTED_EDGE('',*,*,#6054,.F.);
#6054 = EDGE_CURVE('',#5840,#6046,#6055,.T.);
#6055 = LINE('',#6056,#6057);
#6056 = CARTESIAN_POINT('',(0.6,0.625,1.21));
#6057 = VECTOR('',#6058,1.);
#6058 = DIRECTION('',(1.,0.,0.));
#6059 = CYLINDRICAL_SURFACE('',#6060,4.E-02);
#6060 = AXIS2_PLACEMENT_3D('',#6061,#6062,#6063);
#6061 = CARTESIAN_POINT('',(0.6,0.585,1.21));
#6062 = DIRECTION('',(1.,0.,0.));
#6063 = DIRECTION('',(-0.,1.,0.));
#6064 = ADVANCED_FACE('',(#6065),#6076,.T.);
#6065 = FACE_BOUND('',#6066,.T.);
#6066 = EDGE_LOOP('',(#6067,#6073,#6074,#6075));
#6067 = ORIENTED_EDGE('',*,*,#6068,.F.);
#6068 = EDGE_CURVE('',#6019,#6046,#6069,.T.);
#6069 = LINE('',#6070,#6071);
#6070 = CARTESIAN_POINT('',(1.,0.625,0.));
#6071 = VECTOR('',#6072,1.);
#6072 = DIRECTION('',(0.,0.,1.));
#6073 = ORIENTED_EDGE('',*,*,#6018,.F.);
#6074 = ORIENTED_EDGE('',*,*,#5839,.T.);
#6075 = ORIENTED_EDGE('',*,*,#6054,.T.);
#6076 = PLANE('',#6077);
#6077 = AXIS2_PLACEMENT_3D('',#6078,#6079,#6080);
#6078 = CARTESIAN_POINT('',(0.6,0.625,0.));
#6079 = DIRECTION('',(0.,1.,0.));
#6080 = DIRECTION('',(0.,-0.,1.));
#6081 = ADVANCED_FACE('',(#6082),#6092,.T.);
#6082 = FACE_BOUND('',#6083,.T.);
#6083 = EDGE_LOOP('',(#6084,#6085,#6086,#6087,#6088,#6089,#6090,#6091));
#6084 = ORIENTED_EDGE('',*,*,#5889,.F.);
#6085 = ORIENTED_EDGE('',*,*,#5929,.T.);
#6086 = ORIENTED_EDGE('',*,*,#5972,.T.);
#6087 = ORIENTED_EDGE('',*,*,#6026,.F.);
#6088 = ORIENTED_EDGE('',*,*,#6068,.T.);
#6089 = ORIENTED_EDGE('',*,*,#6045,.T.);
#6090 = ORIENTED_EDGE('',*,*,#5996,.F.);
#6091 = ORIENTED_EDGE('',*,*,#5946,.F.);
#6092 = PLANE('',#6093);
#6093 = AXIS2_PLACEMENT_3D('',#6094,#6095,#6096);
#6094 = CARTESIAN_POINT('',(1.,-0.625,0.));
#6095 = DIRECTION('',(1.,0.,0.));
#6096 = DIRECTION('',(0.,0.,1.));
#6097 = ( GEOMETRIC_REPRESENTATION_CONTEXT(3) 
GLOBAL_UNCERTAINTY_ASSIGNED_CONTEXT((#6101)) 
GLOBAL_UNIT_ASSIGNED_CONTEXT((#6098,#6099,#6100)) REPRESENTATION_CONTEXT
('Context #1','3D Context with UNIT and UNCERTAINTY') );
#6098 = ( LENGTH_UNIT() NAMED_UNIT(*) SI_UNIT(.MILLI.,.METRE.) );
#6099 = ( NAMED_UNIT(*) PLANE_ANGLE_UNIT() SI_UNIT($,.RADIAN.) );
#6100 = ( NAMED_UNIT(*) SI_UNIT($,.STERADIAN.) SOLID_ANGLE_UNIT() );
#6101 = UNCERTAINTY_MEASURE_WITH_UNIT(LENGTH_MEASURE(1.E-07),#6098,
  'distance_accuracy_value','confusion accuracy');
#6102 = CONTEXT_DEPENDENT_SHAPE_REPRESENTATION(#6103,#6105);
#6103 = ( REPRESENTATION_RELATIONSHIP('','',#5242,#10) 
REPRESENTATION_RELATIONSHIP_WITH_TRANSFORMATION(#6104) 
SHAPE_REPRESENTATION_RELATIONSHIP() );
#6104 = ITEM_DEFINED_TRANSFORMATION('','',#11,#23);
#6105 = PRODUCT_DEFINITION_SHAPE('Placement','Placement of an item',
  #6106);
#6106 = NEXT_ASSEMBLY_USAGE_OCCURRENCE('4','C3','',#5,#5237,$);
#6107 = PRODUCT_RELATED_PRODUCT_CATEGORY('part',$,(#5239));
#6108 = SHAPE_DEFINITION_REPRESENTATION(#6109,#6115);
#6109 = PRODUCT_DEFINITION_SHAPE('','',#6110);
#6110 = PRODUCT_DEFINITION('design','',#6111,#6114);
#6111 = PRODUCT_DEFINITION_FORMATION('','',#6112);
#6112 = PRODUCT('VSSAF3N50-M3_6A','VSSAF3N50-M3_6A','',(#6113));
#6113 = PRODUCT_CONTEXT('',#2,'mechanical');
#6114 = PRODUCT_DEFINITION_CONTEXT('part definition',#2,'design');
#6115 = SHAPE_REPRESENTATION('',(#11,#6116,#6266,#6416,#6962),#7112);
#6116 = MANIFOLD_SOLID_BREP('',#6117);
#6117 = CLOSED_SHELL('',(#6118,#6158,#6189,#6220,#6242,#6254));
#6118 = ADVANCED_FACE('',(#6119),#6153,.F.);
#6119 = FACE_BOUND('',#6120,.T.);
#6120 = EDGE_LOOP('',(#6121,#6131,#6139,#6147));
#6121 = ORIENTED_EDGE('',*,*,#6122,.T.);
#6122 = EDGE_CURVE('',#6123,#6125,#6127,.T.);
#6123 = VERTEX_POINT('',#6124);
#6124 = CARTESIAN_POINT('',(-1.625,0.,0.675));
#6125 = VERTEX_POINT('',#6126);
#6126 = CARTESIAN_POINT('',(-1.625,0.,-0.675));
#6127 = LINE('',#6128,#6129);
#6128 = CARTESIAN_POINT('',(-1.625,0.,0.675));
#6129 = VECTOR('',#6130,1.);
#6130 = DIRECTION('',(0.,0.,-1.));
#6131 = ORIENTED_EDGE('',*,*,#6132,.F.);
#6132 = EDGE_CURVE('',#6133,#6125,#6135,.T.);
#6133 = VERTEX_POINT('',#6134);
#6134 = CARTESIAN_POINT('',(-1.625,0.3,-0.675));
#6135 = LINE('',#6136,#6137);
#6136 = CARTESIAN_POINT('',(-1.625,0.3,-0.675));
#6137 = VECTOR('',#6138,1.);
#6138 = DIRECTION('',(-0.,-1.,-0.));
#6139 = ORIENTED_EDGE('',*,*,#6140,.F.);
#6140 = EDGE_CURVE('',#6141,#6133,#6143,.T.);
#6141 = VERTEX_POINT('',#6142);
#6142 = CARTESIAN_POINT('',(-1.625,0.3,0.675));
#6143 = LINE('',#6144,#6145);
#6144 = CARTESIAN_POINT('',(-1.625,0.3,0.675));
#6145 = VECTOR('',#6146,1.);
#6146 = DIRECTION('',(0.,0.,-1.));
#6147 = ORIENTED_EDGE('',*,*,#6148,.T.);
#6148 = EDGE_CURVE('',#6141,#6123,#6149,.T.);
#6149 = LINE('',#6150,#6151);
#6150 = CARTESIAN_POINT('',(-1.625,0.3,0.675));
#6151 = VECTOR('',#6152,1.);
#6152 = DIRECTION('',(-0.,-1.,-0.));
#6153 = PLANE('',#6154);
#6154 = AXIS2_PLACEMENT_3D('',#6155,#6156,#6157);
#6155 = CARTESIAN_POINT('',(-1.625,0.3,0.675));
#6156 = DIRECTION('',(-1.,0.,0.));
#6157 = DIRECTION('',(0.,0.,1.));
#6158 = ADVANCED_FACE('',(#6159),#6184,.F.);
#6159 = FACE_BOUND('',#6160,.T.);
#6160 = EDGE_LOOP('',(#6161,#6169,#6177,#6183));
#6161 = ORIENTED_EDGE('',*,*,#6162,.T.);
#6162 = EDGE_CURVE('',#6125,#6163,#6165,.T.);
#6163 = VERTEX_POINT('',#6164);
#6164 = CARTESIAN_POINT('',(-2.6,0.,-0.675));
#6165 = LINE('',#6166,#6167);
#6166 = CARTESIAN_POINT('',(-2.6,0.,-0.675));
#6167 = VECTOR('',#6168,1.);
#6168 = DIRECTION('',(-1.,-0.,-0.));
#6169 = ORIENTED_EDGE('',*,*,#6170,.F.);
#6170 = EDGE_CURVE('',#6171,#6163,#6173,.T.);
#6171 = VERTEX_POINT('',#6172);
#6172 = CARTESIAN_POINT('',(-2.6,0.3,-0.675));
#6173 = LINE('',#6174,#6175);
#6174 = CARTESIAN_POINT('',(-2.6,0.3,-0.675));
#6175 = VECTOR('',#6176,1.);
#6176 = DIRECTION('',(-0.,-1.,-0.));
#6177 = ORIENTED_EDGE('',*,*,#6178,.F.);
#6178 = EDGE_CURVE('',#6133,#6171,#6179,.T.);
#6179 = LINE('',#6180,#6181);
#6180 = CARTESIAN_POINT('',(-2.6,0.3,-0.675));
#6181 = VECTOR('',#6182,1.);
#6182 = DIRECTION('',(-1.,-0.,-0.));
#6183 = ORIENTED_EDGE('',*,*,#6132,.T.);
#6184 = PLANE('',#6185);
#6185 = AXIS2_PLACEMENT_3D('',#6186,#6187,#6188);
#6186 = CARTESIAN_POINT('',(-2.6,0.3,-0.675));
#6187 = DIRECTION('',(0.,0.,1.));
#6188 = DIRECTION('',(1.,0.,-0.));
#6189 = ADVANCED_FACE('',(#6190),#6215,.F.);
#6190 = FACE_BOUND('',#6191,.T.);
#6191 = EDGE_LOOP('',(#6192,#6200,#6208,#6214));
#6192 = ORIENTED_EDGE('',*,*,#6193,.T.);
#6193 = EDGE_CURVE('',#6163,#6194,#6196,.T.);
#6194 = VERTEX_POINT('',#6195);
#6195 = CARTESIAN_POINT('',(-2.6,0.,0.675));
#6196 = LINE('',#6197,#6198);
#6197 = CARTESIAN_POINT('',(-2.6,0.,0.675));
#6198 = VECTOR('',#6199,1.);
#6199 = DIRECTION('',(-0.,-0.,1.));
#6200 = ORIENTED_EDGE('',*,*,#6201,.F.);
#6201 = EDGE_CURVE('',#6202,#6194,#6204,.T.);
#6202 = VERTEX_POINT('',#6203);
#6203 = CARTESIAN_POINT('',(-2.6,0.3,0.675));
#6204 = LINE('',#6205,#6206);
#6205 = CARTESIAN_POINT('',(-2.6,0.3,0.675));
#6206 = VECTOR('',#6207,1.);
#6207 = DIRECTION('',(-0.,-1.,-0.));
#6208 = ORIENTED_EDGE('',*,*,#6209,.F.);
#6209 = EDGE_CURVE('',#6171,#6202,#6210,.T.);
#6210 = LINE('',#6211,#6212);
#6211 = CARTESIAN_POINT('',(-2.6,0.3,0.675));
#6212 = VECTOR('',#6213,1.);
#6213 = DIRECTION('',(-0.,-0.,1.));
#6214 = ORIENTED_EDGE('',*,*,#6170,.T.);
#6215 = PLANE('',#6216);
#6216 = AXIS2_PLACEMENT_3D('',#6217,#6218,#6219);
#6217 = CARTESIAN_POINT('',(-2.6,0.3,0.675));
#6218 = DIRECTION('',(1.,-0.,0.));
#6219 = DIRECTION('',(0.,0.,-1.));
#6220 = ADVANCED_FACE('',(#6221),#6237,.F.);
#6221 = FACE_BOUND('',#6222,.T.);
#6222 = EDGE_LOOP('',(#6223,#6229,#6230,#6236));
#6223 = ORIENTED_EDGE('',*,*,#6224,.T.);
#6224 = EDGE_CURVE('',#6194,#6123,#6225,.T.);
#6225 = LINE('',#6226,#6227);
#6226 = CARTESIAN_POINT('',(-2.6,0.,0.675));
#6227 = VECTOR('',#6228,1.);
#6228 = DIRECTION('',(1.,0.,0.));
#6229 = ORIENTED_EDGE('',*,*,#6148,.F.);
#6230 = ORIENTED_EDGE('',*,*,#6231,.F.);
#6231 = EDGE_CURVE('',#6202,#6141,#6232,.T.);
#6232 = LINE('',#6233,#6234);
#6233 = CARTESIAN_POINT('',(-2.6,0.3,0.675));
#6234 = VECTOR('',#6235,1.);
#6235 = DIRECTION('',(1.,0.,0.));
#6236 = ORIENTED_EDGE('',*,*,#6201,.T.);
#6237 = PLANE('',#6238);
#6238 = AXIS2_PLACEMENT_3D('',#6239,#6240,#6241);
#6239 = CARTESIAN_POINT('',(-2.6,0.3,0.675));
#6240 = DIRECTION('',(0.,0.,-1.));
#6241 = DIRECTION('',(-1.,0.,-0.));
#6242 = ADVANCED_FACE('',(#6243),#6249,.F.);
#6243 = FACE_BOUND('',#6244,.T.);
#6244 = EDGE_LOOP('',(#6245,#6246,#6247,#6248));
#6245 = ORIENTED_EDGE('',*,*,#6140,.T.);
#6246 = ORIENTED_EDGE('',*,*,#6178,.T.);
#6247 = ORIENTED_EDGE('',*,*,#6209,.T.);
#6248 = ORIENTED_EDGE('',*,*,#6231,.T.);
#6249 = PLANE('',#6250);
#6250 = AXIS2_PLACEMENT_3D('',#6251,#6252,#6253);
#6251 = CARTESIAN_POINT('',(0.,0.3,0.));
#6252 = DIRECTION('',(0.,-1.,0.));
#6253 = DIRECTION('',(0.,-0.,-1.));
#6254 = ADVANCED_FACE('',(#6255),#6261,.T.);
#6255 = FACE_BOUND('',#6256,.T.);
#6256 = EDGE_LOOP('',(#6257,#6258,#6259,#6260));
#6257 = ORIENTED_EDGE('',*,*,#6122,.F.);
#6258 = ORIENTED_EDGE('',*,*,#6224,.F.);
#6259 = ORIENTED_EDGE('',*,*,#6193,.F.);
#6260 = ORIENTED_EDGE('',*,*,#6162,.F.);
#6261 = PLANE('',#6262);
#6262 = AXIS2_PLACEMENT_3D('',#6263,#6264,#6265);
#6263 = CARTESIAN_POINT('',(0.,0.,0.));
#6264 = DIRECTION('',(0.,-1.,0.));
#6265 = DIRECTION('',(0.,-0.,-1.));
#6266 = MANIFOLD_SOLID_BREP('',#6267);
#6267 = CLOSED_SHELL('',(#6268,#6308,#6339,#6370,#6392,#6404));
#6268 = ADVANCED_FACE('',(#6269),#6303,.F.);
#6269 = FACE_BOUND('',#6270,.T.);
#6270 = EDGE_LOOP('',(#6271,#6281,#6289,#6297));
#6271 = ORIENTED_EDGE('',*,*,#6272,.T.);
#6272 = EDGE_CURVE('',#6273,#6275,#6277,.T.);
#6273 = VERTEX_POINT('',#6274);
#6274 = CARTESIAN_POINT('',(2.6,0.,0.675));
#6275 = VERTEX_POINT('',#6276);
#6276 = CARTESIAN_POINT('',(2.6,0.,-0.675));
#6277 = LINE('',#6278,#6279);
#6278 = CARTESIAN_POINT('',(2.6,0.,0.675));
#6279 = VECTOR('',#6280,1.);
#6280 = DIRECTION('',(-3.854941057726E-15,0.,-1.));
#6281 = ORIENTED_EDGE('',*,*,#6282,.F.);
#6282 = EDGE_CURVE('',#6283,#6275,#6285,.T.);
#6283 = VERTEX_POINT('',#6284);
#6284 = CARTESIAN_POINT('',(2.6,0.3,-0.675));
#6285 = LINE('',#6286,#6287);
#6286 = CARTESIAN_POINT('',(2.6,0.3,-0.675));
#6287 = VECTOR('',#6288,1.);
#6288 = DIRECTION('',(-0.,-1.,-0.));
#6289 = ORIENTED_EDGE('',*,*,#6290,.F.);
#6290 = EDGE_CURVE('',#6291,#6283,#6293,.T.);
#6291 = VERTEX_POINT('',#6292);
#6292 = CARTESIAN_POINT('',(2.6,0.3,0.675));
#6293 = LINE('',#6294,#6295);
#6294 = CARTESIAN_POINT('',(2.6,0.3,0.675));
#6295 = VECTOR('',#6296,1.);
#6296 = DIRECTION('',(-3.854941057726E-15,0.,-1.));
#6297 = ORIENTED_EDGE('',*,*,#6298,.T.);
#6298 = EDGE_CURVE('',#6291,#6273,#6299,.T.);
#6299 = LINE('',#6300,#6301);
#6300 = CARTESIAN_POINT('',(2.6,0.3,0.675));
#6301 = VECTOR('',#6302,1.);
#6302 = DIRECTION('',(-0.,-1.,-0.));
#6303 = PLANE('',#6304);
#6304 = AXIS2_PLACEMENT_3D('',#6305,#6306,#6307);
#6305 = CARTESIAN_POINT('',(2.6,0.3,0.675));
#6306 = DIRECTION('',(-1.,0.,3.854941057726E-15));
#6307 = DIRECTION('',(3.854941057726E-15,0.,1.));
#6308 = ADVANCED_FACE('',(#6309),#6334,.F.);
#6309 = FACE_BOUND('',#6310,.T.);
#6310 = EDGE_LOOP('',(#6311,#6319,#6327,#6333));
#6311 = ORIENTED_EDGE('',*,*,#6312,.T.);
#6312 = EDGE_CURVE('',#6275,#6313,#6315,.T.);
#6313 = VERTEX_POINT('',#6314);
#6314 = CARTESIAN_POINT('',(1.625,0.,-0.675));
#6315 = LINE('',#6316,#6317);
#6316 = CARTESIAN_POINT('',(2.6,0.,-0.675));
#6317 = VECTOR('',#6318,1.);
#6318 = DIRECTION('',(-1.,0.,3.336006684571E-15));
#6319 = ORIENTED_EDGE('',*,*,#6320,.F.);
#6320 = EDGE_CURVE('',#6321,#6313,#6323,.T.);
#6321 = VERTEX_POINT('',#6322);
#6322 = CARTESIAN_POINT('',(1.625,0.3,-0.675));
#6323 = LINE('',#6324,#6325);
#6324 = CARTESIAN_POINT('',(1.625,0.3,-0.675));
#6325 = VECTOR('',#6326,1.);
#6326 = DIRECTION('',(-0.,-1.,-0.));
#6327 = ORIENTED_EDGE('',*,*,#6328,.F.);
#6328 = EDGE_CURVE('',#6283,#6321,#6329,.T.);
#6329 = LINE('',#6330,#6331);
#6330 = CARTESIAN_POINT('',(2.6,0.3,-0.675));
#6331 = VECTOR('',#6332,1.);
#6332 = DIRECTION('',(-1.,0.,3.336006684571E-15));
#6333 = ORIENTED_EDGE('',*,*,#6282,.T.);
#6334 = PLANE('',#6335);
#6335 = AXIS2_PLACEMENT_3D('',#6336,#6337,#6338);
#6336 = CARTESIAN_POINT('',(2.6,0.3,-0.675));
#6337 = DIRECTION('',(3.336006684571E-15,-0.,1.));
#6338 = DIRECTION('',(1.,0.,-3.336006684571E-15));
#6339 = ADVANCED_FACE('',(#6340),#6365,.F.);
#6340 = FACE_BOUND('',#6341,.T.);
#6341 = EDGE_LOOP('',(#6342,#6350,#6358,#6364));
#6342 = ORIENTED_EDGE('',*,*,#6343,.T.);
#6343 = EDGE_CURVE('',#6313,#6344,#6346,.T.);
#6344 = VERTEX_POINT('',#6345);
#6345 = CARTESIAN_POINT('',(1.625,0.,0.675));
#6346 = LINE('',#6347,#6348);
#6347 = CARTESIAN_POINT('',(1.625,0.,0.675));
#6348 = VECTOR('',#6349,1.);
#6349 = DIRECTION('',(3.212450881439E-15,-0.,1.));
#6350 = ORIENTED_EDGE('',*,*,#6351,.F.);
#6351 = EDGE_CURVE('',#6352,#6344,#6354,.T.);
#6352 = VERTEX_POINT('',#6353);
#6353 = CARTESIAN_POINT('',(1.625,0.3,0.675));
#6354 = LINE('',#6355,#6356);
#6355 = CARTESIAN_POINT('',(1.625,0.3,0.675));
#6356 = VECTOR('',#6357,1.);
#6357 = DIRECTION('',(-0.,-1.,-0.));
#6358 = ORIENTED_EDGE('',*,*,#6359,.F.);
#6359 = EDGE_CURVE('',#6321,#6352,#6360,.T.);
#6360 = LINE('',#6361,#6362);
#6361 = CARTESIAN_POINT('',(1.625,0.3,0.675));
#6362 = VECTOR('',#6363,1.);
#6363 = DIRECTION('',(3.212450881439E-15,-0.,1.));
#6364 = ORIENTED_EDGE('',*,*,#6320,.T.);
#6365 = PLANE('',#6366);
#6366 = AXIS2_PLACEMENT_3D('',#6367,#6368,#6369);
#6367 = CARTESIAN_POINT('',(1.625,0.3,0.675));
#6368 = DIRECTION('',(1.,0.,-3.212450881439E-15));
#6369 = DIRECTION('',(-3.212450881439E-15,0.,-1.));
#6370 = ADVANCED_FACE('',(#6371),#6387,.F.);
#6371 = FACE_BOUND('',#6372,.T.);
#6372 = EDGE_LOOP('',(#6373,#6379,#6380,#6386));
#6373 = ORIENTED_EDGE('',*,*,#6374,.T.);
#6374 = EDGE_CURVE('',#6344,#6273,#6375,.T.);
#6375 = LINE('',#6376,#6377);
#6376 = CARTESIAN_POINT('',(2.6,0.,0.675));
#6377 = VECTOR('',#6378,1.);
#6378 = DIRECTION('',(1.,-0.,-3.336006684571E-15));
#6379 = ORIENTED_EDGE('',*,*,#6298,.F.);
#6380 = ORIENTED_EDGE('',*,*,#6381,.F.);
#6381 = EDGE_CURVE('',#6352,#6291,#6382,.T.);
#6382 = LINE('',#6383,#6384);
#6383 = CARTESIAN_POINT('',(2.6,0.3,0.675));
#6384 = VECTOR('',#6385,1.);
#6385 = DIRECTION('',(1.,-0.,-3.336006684571E-15));
#6386 = ORIENTED_EDGE('',*,*,#6351,.T.);
#6387 = PLANE('',#6388);
#6388 = AXIS2_PLACEMENT_3D('',#6389,#6390,#6391);
#6389 = CARTESIAN_POINT('',(2.6,0.3,0.675));
#6390 = DIRECTION('',(-3.336006684571E-15,0.,-1.));
#6391 = DIRECTION('',(-1.,0.,3.336006684571E-15));
#6392 = ADVANCED_FACE('',(#6393),#6399,.T.);
#6393 = FACE_BOUND('',#6394,.T.);
#6394 = EDGE_LOOP('',(#6395,#6396,#6397,#6398));
#6395 = ORIENTED_EDGE('',*,*,#6290,.T.);
#6396 = ORIENTED_EDGE('',*,*,#6328,.T.);
#6397 = ORIENTED_EDGE('',*,*,#6359,.T.);
#6398 = ORIENTED_EDGE('',*,*,#6381,.T.);
#6399 = PLANE('',#6400);
#6400 = AXIS2_PLACEMENT_3D('',#6401,#6402,#6403);
#6401 = CARTESIAN_POINT('',(0.,0.3,0.));
#6402 = DIRECTION('',(0.,1.,0.));
#6403 = DIRECTION('',(0.,-0.,1.));
#6404 = ADVANCED_FACE('',(#6405),#6411,.F.);
#6405 = FACE_BOUND('',#6406,.T.);
#6406 = EDGE_LOOP('',(#6407,#6408,#6409,#6410));
#6407 = ORIENTED_EDGE('',*,*,#6272,.F.);
#6408 = ORIENTED_EDGE('',*,*,#6374,.F.);
#6409 = ORIENTED_EDGE('',*,*,#6343,.F.);
#6410 = ORIENTED_EDGE('',*,*,#6312,.F.);
#6411 = PLANE('',#6412);
#6412 = AXIS2_PLACEMENT_3D('',#6413,#6414,#6415);
#6413 = CARTESIAN_POINT('',(0.,0.,0.));
#6414 = DIRECTION('',(0.,1.,0.));
#6415 = DIRECTION('',(0.,-0.,1.));
#6416 = MANIFOLD_SOLID_BREP('',#6417);
#6417 = CLOSED_SHELL('',(#6418,#6458,#6530,#6593,#6661,#6703,#6745,#6762
    ,#6793,#6810,#6827,#6839,#6870,#6887,#6904,#6916,#6938,#6950));
#6418 = ADVANCED_FACE('',(#6419),#6453,.F.);
#6419 = FACE_BOUND('',#6420,.T.);
#6420 = EDGE_LOOP('',(#6421,#6431,#6439,#6447));
#6421 = ORIENTED_EDGE('',*,*,#6422,.T.);
#6422 = EDGE_CURVE('',#6423,#6425,#6427,.T.);
#6423 = VERTEX_POINT('',#6424);
#6424 = CARTESIAN_POINT('',(-2.081339057091,1.,1.256339057091));
#6425 = VERTEX_POINT('',#6426);
#6426 = CARTESIAN_POINT('',(-1.775,1.,1.256339057091));
#6427 = LINE('',#6428,#6429);
#6428 = CARTESIAN_POINT('',(0.,1.,1.256339057091));
#6429 = VECTOR('',#6430,1.);
#6430 = DIRECTION('',(1.,-0.,-0.));
#6431 = ORIENTED_EDGE('',*,*,#6432,.T.);
#6432 = EDGE_CURVE('',#6425,#6433,#6435,.T.);
#6433 = VERTEX_POINT('',#6434);
#6434 = CARTESIAN_POINT('',(-1.775,1.,-1.256339057091));
#6435 = LINE('',#6436,#6437);
#6436 = CARTESIAN_POINT('',(-1.775,1.,1.480352966278E-16));
#6437 = VECTOR('',#6438,1.);
#6438 = DIRECTION('',(-8.340016711427E-17,0.,-1.));
#6439 = ORIENTED_EDGE('',*,*,#6440,.T.);
#6440 = EDGE_CURVE('',#6433,#6441,#6443,.T.);
#6441 = VERTEX_POINT('',#6442);
#6442 = CARTESIAN_POINT('',(-2.081339057091,1.,-1.256339057091));
#6443 = LINE('',#6444,#6445);
#6444 = CARTESIAN_POINT('',(0.,1.,-1.256339057091));
#6445 = VECTOR('',#6446,1.);
#6446 = DIRECTION('',(-1.,-0.,-0.));
#6447 = ORIENTED_EDGE('',*,*,#6448,.T.);
#6448 = EDGE_CURVE('',#6441,#6423,#6449,.T.);
#6449 = LINE('',#6450,#6451);
#6450 = CARTESIAN_POINT('',(-2.081339057091,1.,0.));
#6451 = VECTOR('',#6452,1.);
#6452 = DIRECTION('',(-0.,-0.,1.));
#6453 = PLANE('',#6454);
#6454 = AXIS2_PLACEMENT_3D('',#6455,#6456,#6457);
#6455 = CARTESIAN_POINT('',(0.,1.,0.));
#6456 = DIRECTION('',(0.,-1.,0.));
#6457 = DIRECTION('',(0.,-0.,-1.));
#6458 = ADVANCED_FACE('',(#6459),#6525,.T.);
#6459 = FACE_BOUND('',#6460,.T.);
#6460 = EDGE_LOOP('',(#6461,#6471,#6479,#6487,#6495,#6503,#6511,#6519));
#6461 = ORIENTED_EDGE('',*,*,#6462,.F.);
#6462 = EDGE_CURVE('',#6463,#6465,#6467,.T.);
#6463 = VERTEX_POINT('',#6464);
#6464 = CARTESIAN_POINT('',(2.125,0.,-0.675));
#6465 = VERTEX_POINT('',#6466);
#6466 = CARTESIAN_POINT('',(2.111901717127,0.3,-0.675));
#6467 = LINE('',#6468,#6469);
#6468 = CARTESIAN_POINT('',(2.125,2.871177386499E-16,-0.675));
#6469 = VECTOR('',#6470,1.);
#6470 = DIRECTION('',(-4.361938736534E-02,0.999048221582,
    1.455145678276E-16));
#6471 = ORIENTED_EDGE('',*,*,#6472,.T.);
#6472 = EDGE_CURVE('',#6463,#6473,#6475,.T.);
#6473 = VERTEX_POINT('',#6474);
#6474 = CARTESIAN_POINT('',(2.125,0.,-1.3));
#6475 = LINE('',#6476,#6477);
#6476 = CARTESIAN_POINT('',(2.125,0.,1.3));
#6477 = VECTOR('',#6478,1.);
#6478 = DIRECTION('',(0.,0.,-1.));
#6479 = ORIENTED_EDGE('',*,*,#6480,.F.);
#6480 = EDGE_CURVE('',#6481,#6473,#6483,.T.);
#6481 = VERTEX_POINT('',#6482);
#6482 = CARTESIAN_POINT('',(2.081339057091,1.,-1.256339057091));
#6483 = LINE('',#6484,#6485);
#6484 = CARTESIAN_POINT('',(2.11692908957,0.184854240242,-1.29192908957)
  );
#6485 = VECTOR('',#6486,1.);
#6486 = DIRECTION('',(4.357795025175E-02,-0.998099155647,
    -4.357795025175E-02));
#6487 = ORIENTED_EDGE('',*,*,#6488,.F.);
#6488 = EDGE_CURVE('',#6489,#6481,#6491,.T.);
#6489 = VERTEX_POINT('',#6490);
#6490 = CARTESIAN_POINT('',(2.081339057091,1.,1.256339057091));
#6491 = LINE('',#6492,#6493);
#6492 = CARTESIAN_POINT('',(2.081339057091,1.,0.));
#6493 = VECTOR('',#6494,1.);
#6494 = DIRECTION('',(0.,-0.,-1.));
#6495 = ORIENTED_EDGE('',*,*,#6496,.T.);
#6496 = EDGE_CURVE('',#6489,#6497,#6499,.T.);
#6497 = VERTEX_POINT('',#6498);
#6498 = CARTESIAN_POINT('',(2.125,0.,1.3));
#6499 = LINE('',#6500,#6501);
#6500 = CARTESIAN_POINT('',(2.125,0.,1.3));
#6501 = VECTOR('',#6502,1.);
#6502 = DIRECTION('',(4.357795025175E-02,-0.998099155647,
    4.357795025175E-02));
#6503 = ORIENTED_EDGE('',*,*,#6504,.T.);
#6504 = EDGE_CURVE('',#6497,#6505,#6507,.T.);
#6505 = VERTEX_POINT('',#6506);
#6506 = CARTESIAN_POINT('',(2.125,0.,0.675));
#6507 = LINE('',#6508,#6509);
#6508 = CARTESIAN_POINT('',(2.125,0.,1.3));
#6509 = VECTOR('',#6510,1.);
#6510 = DIRECTION('',(0.,0.,-1.));
#6511 = ORIENTED_EDGE('',*,*,#6512,.F.);
#6512 = EDGE_CURVE('',#6513,#6505,#6515,.T.);
#6513 = VERTEX_POINT('',#6514);
#6514 = CARTESIAN_POINT('',(2.111901717127,0.3,0.675));
#6515 = LINE('',#6516,#6517);
#6516 = CARTESIAN_POINT('',(2.125,9.086004387654E-17,0.675));
#6517 = VECTOR('',#6518,1.);
#6518 = DIRECTION('',(4.361938736534E-02,-0.999048221582,
    -1.455145678276E-16));
#6519 = ORIENTED_EDGE('',*,*,#6520,.T.);
#6520 = EDGE_CURVE('',#6513,#6465,#6521,.T.);
#6521 = LINE('',#6522,#6523);
#6522 = CARTESIAN_POINT('',(2.111901717127,0.3,1.3));
#6523 = VECTOR('',#6524,1.);
#6524 = DIRECTION('',(-0.,-0.,-1.));
#6525 = PLANE('',#6526);
#6526 = AXIS2_PLACEMENT_3D('',#6527,#6528,#6529);
#6527 = CARTESIAN_POINT('',(2.125,0.,1.3));
#6528 = DIRECTION('',(0.999048221582,4.361938736534E-02,0.));
#6529 = DIRECTION('',(-4.361938736534E-02,0.999048221582,0.));
#6530 = ADVANCED_FACE('',(#6531),#6588,.T.);
#6531 = FACE_BOUND('',#6532,.T.);
#6532 = EDGE_LOOP('',(#6533,#6543,#6551,#6559,#6567,#6573,#6574,#6582));
#6533 = ORIENTED_EDGE('',*,*,#6534,.F.);
#6534 = EDGE_CURVE('',#6535,#6537,#6539,.T.);
#6535 = VERTEX_POINT('',#6536);
#6536 = CARTESIAN_POINT('',(-2.111901717127,0.3,-0.675));
#6537 = VERTEX_POINT('',#6538);
#6538 = CARTESIAN_POINT('',(-2.125,0.,-0.675));
#6539 = LINE('',#6540,#6541);
#6540 = CARTESIAN_POINT('',(-2.125,0.,-0.675));
#6541 = VECTOR('',#6542,1.);
#6542 = DIRECTION('',(-4.361938736534E-02,-0.999048221582,-0.));
#6543 = ORIENTED_EDGE('',*,*,#6544,.F.);
#6544 = EDGE_CURVE('',#6545,#6535,#6547,.T.);
#6545 = VERTEX_POINT('',#6546);
#6546 = CARTESIAN_POINT('',(-2.111901717127,0.3,0.675));
#6547 = LINE('',#6548,#6549);
#6548 = CARTESIAN_POINT('',(-2.111901717127,0.3,1.3));
#6549 = VECTOR('',#6550,1.);
#6550 = DIRECTION('',(-0.,-0.,-1.));
#6551 = ORIENTED_EDGE('',*,*,#6552,.F.);
#6552 = EDGE_CURVE('',#6553,#6545,#6555,.T.);
#6553 = VERTEX_POINT('',#6554);
#6554 = CARTESIAN_POINT('',(-2.125,0.,0.675));
#6555 = LINE('',#6556,#6557);
#6556 = CARTESIAN_POINT('',(-2.125,0.,0.675));
#6557 = VECTOR('',#6558,1.);
#6558 = DIRECTION('',(4.361938736534E-02,0.999048221582,-0.));
#6559 = ORIENTED_EDGE('',*,*,#6560,.T.);
#6560 = EDGE_CURVE('',#6553,#6561,#6563,.T.);
#6561 = VERTEX_POINT('',#6562);
#6562 = CARTESIAN_POINT('',(-2.125,0.,1.3));
#6563 = LINE('',#6564,#6565);
#6564 = CARTESIAN_POINT('',(-2.125,0.,1.3));
#6565 = VECTOR('',#6566,1.);
#6566 = DIRECTION('',(-0.,-0.,1.));
#6567 = ORIENTED_EDGE('',*,*,#6568,.F.);
#6568 = EDGE_CURVE('',#6423,#6561,#6569,.T.);
#6569 = LINE('',#6570,#6571);
#6570 = CARTESIAN_POINT('',(-2.125,0.,1.3));
#6571 = VECTOR('',#6572,1.);
#6572 = DIRECTION('',(-4.357795025175E-02,-0.998099155647,
    4.357795025175E-02));
#6573 = ORIENTED_EDGE('',*,*,#6448,.F.);
#6574 = ORIENTED_EDGE('',*,*,#6575,.T.);
#6575 = EDGE_CURVE('',#6441,#6576,#6578,.T.);
#6576 = VERTEX_POINT('',#6577);
#6577 = CARTESIAN_POINT('',(-2.125,0.,-1.3));
#6578 = LINE('',#6579,#6580);
#6579 = CARTESIAN_POINT('',(-2.120062501855,0.113087299913,
    -1.295062501855));
#6580 = VECTOR('',#6581,1.);
#6581 = DIRECTION('',(-4.357795025175E-02,-0.998099155647,
    -4.357795025175E-02));
#6582 = ORIENTED_EDGE('',*,*,#6583,.T.);
#6583 = EDGE_CURVE('',#6576,#6537,#6584,.T.);
#6584 = LINE('',#6585,#6586);
#6585 = CARTESIAN_POINT('',(-2.125,0.,1.3));
#6586 = VECTOR('',#6587,1.);
#6587 = DIRECTION('',(-0.,-0.,1.));
#6588 = PLANE('',#6589);
#6589 = AXIS2_PLACEMENT_3D('',#6590,#6591,#6592);
#6590 = CARTESIAN_POINT('',(-2.125,0.,1.3));
#6591 = DIRECTION('',(-0.999048221582,4.361938736534E-02,0.));
#6592 = DIRECTION('',(-4.361938736534E-02,-0.999048221582,0.));
#6593 = ADVANCED_FACE('',(#6594),#6656,.T.);
#6594 = FACE_BOUND('',#6595,.T.);
#6595 = EDGE_LOOP('',(#6596,#6606,#6612,#6613,#6619,#6620,#6628,#6636,
    #6642,#6643,#6649,#6650));
#6596 = ORIENTED_EDGE('',*,*,#6597,.T.);
#6597 = EDGE_CURVE('',#6598,#6600,#6602,.T.);
#6598 = VERTEX_POINT('',#6599);
#6599 = CARTESIAN_POINT('',(-1.625,-0.,0.675));
#6600 = VERTEX_POINT('',#6601);
#6601 = CARTESIAN_POINT('',(-1.625,0.,-0.675));
#6602 = LINE('',#6603,#6604);
#6603 = CARTESIAN_POINT('',(-1.625,0.,0.675));
#6604 = VECTOR('',#6605,1.);
#6605 = DIRECTION('',(0.,0.,-1.));
#6606 = ORIENTED_EDGE('',*,*,#6607,.T.);
#6607 = EDGE_CURVE('',#6600,#6537,#6608,.T.);
#6608 = LINE('',#6609,#6610);
#6609 = CARTESIAN_POINT('',(-2.6,0.,-0.675));
#6610 = VECTOR('',#6611,1.);
#6611 = DIRECTION('',(-1.,-0.,-0.));
#6612 = ORIENTED_EDGE('',*,*,#6583,.F.);
#6613 = ORIENTED_EDGE('',*,*,#6614,.F.);
#6614 = EDGE_CURVE('',#6473,#6576,#6615,.T.);
#6615 = LINE('',#6616,#6617);
#6616 = CARTESIAN_POINT('',(-2.125,0.,-1.3));
#6617 = VECTOR('',#6618,1.);
#6618 = DIRECTION('',(-1.,-0.,-0.));
#6619 = ORIENTED_EDGE('',*,*,#6472,.F.);
#6620 = ORIENTED_EDGE('',*,*,#6621,.T.);
#6621 = EDGE_CURVE('',#6463,#6622,#6624,.T.);
#6622 = VERTEX_POINT('',#6623);
#6623 = CARTESIAN_POINT('',(1.625,0.,-0.675));
#6624 = LINE('',#6625,#6626);
#6625 = CARTESIAN_POINT('',(-2.251804512085E-15,-0.,-0.675));
#6626 = VECTOR('',#6627,1.);
#6627 = DIRECTION('',(-1.,0.,3.336006684571E-15));
#6628 = ORIENTED_EDGE('',*,*,#6629,.T.);
#6629 = EDGE_CURVE('',#6622,#6630,#6632,.T.);
#6630 = VERTEX_POINT('',#6631);
#6631 = CARTESIAN_POINT('',(1.625,0.,0.675));
#6632 = LINE('',#6633,#6634);
#6633 = CARTESIAN_POINT('',(1.625,0.,0.675));
#6634 = VECTOR('',#6635,1.);
#6635 = DIRECTION('',(3.212450881439E-15,-0.,1.));
#6636 = ORIENTED_EDGE('',*,*,#6637,.T.);
#6637 = EDGE_CURVE('',#6630,#6505,#6638,.T.);
#6638 = LINE('',#6639,#6640);
#6639 = CARTESIAN_POINT('',(2.6,0.,0.675));
#6640 = VECTOR('',#6641,1.);
#6641 = DIRECTION('',(1.,-0.,-3.336006684571E-15));
#6642 = ORIENTED_EDGE('',*,*,#6504,.F.);
#6643 = ORIENTED_EDGE('',*,*,#6644,.F.);
#6644 = EDGE_CURVE('',#6561,#6497,#6645,.T.);
#6645 = LINE('',#6646,#6647);
#6646 = CARTESIAN_POINT('',(-2.125,0.,1.3));
#6647 = VECTOR('',#6648,1.);
#6648 = DIRECTION('',(1.,0.,0.));
#6649 = ORIENTED_EDGE('',*,*,#6560,.F.);
#6650 = ORIENTED_EDGE('',*,*,#6651,.T.);
#6651 = EDGE_CURVE('',#6553,#6598,#6652,.T.);
#6652 = LINE('',#6653,#6654);
#6653 = CARTESIAN_POINT('',(0.,-0.,0.675));
#6654 = VECTOR('',#6655,1.);
#6655 = DIRECTION('',(1.,0.,0.));
#6656 = PLANE('',#6657);
#6657 = AXIS2_PLACEMENT_3D('',#6658,#6659,#6660);
#6658 = CARTESIAN_POINT('',(0.,0.,0.));
#6659 = DIRECTION('',(0.,-1.,0.));
#6660 = DIRECTION('',(0.,-0.,-1.));
#6661 = ADVANCED_FACE('',(#6662),#6698,.T.);
#6662 = FACE_BOUND('',#6663,.T.);
#6663 = EDGE_LOOP('',(#6664,#6665,#6673,#6681,#6689,#6695,#6696,#6697));
#6664 = ORIENTED_EDGE('',*,*,#6440,.F.);
#6665 = ORIENTED_EDGE('',*,*,#6666,.T.);
#6666 = EDGE_CURVE('',#6433,#6667,#6669,.T.);
#6667 = VERTEX_POINT('',#6668);
#6668 = CARTESIAN_POINT('',(-1.775,0.95,-1.258522104237));
#6669 = LINE('',#6670,#6671);
#6670 = CARTESIAN_POINT('',(-1.775,-1.272040614272E-18,-1.3));
#6671 = VECTOR('',#6672,1.);
#6672 = DIRECTION('',(-3.637864195691E-18,-0.999048221582,
    -4.361938736534E-02));
#6673 = ORIENTED_EDGE('',*,*,#6674,.F.);
#6674 = EDGE_CURVE('',#6675,#6667,#6677,.T.);
#6675 = VERTEX_POINT('',#6676);
#6676 = CARTESIAN_POINT('',(-1.55,0.95,-1.258522104237));
#6677 = LINE('',#6678,#6679);
#6678 = CARTESIAN_POINT('',(-2.125,0.95,-1.258522104237));
#6679 = VECTOR('',#6680,1.);
#6680 = DIRECTION('',(-1.,0.,-0.));
#6681 = ORIENTED_EDGE('',*,*,#6682,.T.);
#6682 = EDGE_CURVE('',#6675,#6683,#6685,.T.);
#6683 = VERTEX_POINT('',#6684);
#6684 = CARTESIAN_POINT('',(-1.55,1.,-1.256339057091));
#6685 = LINE('',#6686,#6687);
#6686 = CARTESIAN_POINT('',(-1.55,-4.179562018321E-18,-1.3));
#6687 = VECTOR('',#6688,1.);
#6688 = DIRECTION('',(7.275728391382E-18,0.999048221582,
    4.361938736534E-02));
#6689 = ORIENTED_EDGE('',*,*,#6690,.F.);
#6690 = EDGE_CURVE('',#6481,#6683,#6691,.T.);
#6691 = LINE('',#6692,#6693);
#6692 = CARTESIAN_POINT('',(0.,1.,-1.256339057091));
#6693 = VECTOR('',#6694,1.);
#6694 = DIRECTION('',(-1.,-0.,-0.));
#6695 = ORIENTED_EDGE('',*,*,#6480,.T.);
#6696 = ORIENTED_EDGE('',*,*,#6614,.T.);
#6697 = ORIENTED_EDGE('',*,*,#6575,.F.);
#6698 = PLANE('',#6699);
#6699 = AXIS2_PLACEMENT_3D('',#6700,#6701,#6702);
#6700 = CARTESIAN_POINT('',(-2.125,0.,-1.3));
#6701 = DIRECTION('',(0.,4.361938736534E-02,-0.999048221582));
#6702 = DIRECTION('',(0.,0.999048221582,4.361938736534E-02));
#6703 = ADVANCED_FACE('',(#6704),#6740,.T.);
#6704 = FACE_BOUND('',#6705,.T.);
#6705 = EDGE_LOOP('',(#6706,#6716,#6722,#6723,#6724,#6725,#6726,#6734));
#6706 = ORIENTED_EDGE('',*,*,#6707,.F.);
#6707 = EDGE_CURVE('',#6708,#6710,#6712,.T.);
#6708 = VERTEX_POINT('',#6709);
#6709 = CARTESIAN_POINT('',(-1.775,0.95,1.258522104237));
#6710 = VERTEX_POINT('',#6711);
#6711 = CARTESIAN_POINT('',(-1.55,0.95,1.258522104237));
#6712 = LINE('',#6713,#6714);
#6713 = CARTESIAN_POINT('',(-2.125,0.95,1.258522104237));
#6714 = VECTOR('',#6715,1.);
#6715 = DIRECTION('',(1.,-0.,-0.));
#6716 = ORIENTED_EDGE('',*,*,#6717,.T.);
#6717 = EDGE_CURVE('',#6708,#6425,#6718,.T.);
#6718 = LINE('',#6719,#6720);
#6719 = CARTESIAN_POINT('',(-1.775,1.272040614272E-18,1.3));
#6720 = VECTOR('',#6721,1.);
#6721 = DIRECTION('',(-3.637864195691E-18,0.999048221582,
    -4.361938736534E-02));
#6722 = ORIENTED_EDGE('',*,*,#6422,.F.);
#6723 = ORIENTED_EDGE('',*,*,#6568,.T.);
#6724 = ORIENTED_EDGE('',*,*,#6644,.T.);
#6725 = ORIENTED_EDGE('',*,*,#6496,.F.);
#6726 = ORIENTED_EDGE('',*,*,#6727,.F.);
#6727 = EDGE_CURVE('',#6728,#6489,#6730,.T.);
#6728 = VERTEX_POINT('',#6729);
#6729 = CARTESIAN_POINT('',(-1.55,1.,1.256339057091));
#6730 = LINE('',#6731,#6732);
#6731 = CARTESIAN_POINT('',(0.,1.,1.256339057091));
#6732 = VECTOR('',#6733,1.);
#6733 = DIRECTION('',(1.,-0.,-0.));
#6734 = ORIENTED_EDGE('',*,*,#6735,.T.);
#6735 = EDGE_CURVE('',#6728,#6710,#6736,.T.);
#6736 = LINE('',#6737,#6738);
#6737 = CARTESIAN_POINT('',(-1.55,4.179562018321E-18,1.3));
#6738 = VECTOR('',#6739,1.);
#6739 = DIRECTION('',(7.275728391382E-18,-0.999048221582,
    4.361938736534E-02));
#6740 = PLANE('',#6741);
#6741 = AXIS2_PLACEMENT_3D('',#6742,#6743,#6744);
#6742 = CARTESIAN_POINT('',(-2.125,0.,1.3));
#6743 = DIRECTION('',(0.,4.361938736534E-02,0.999048221582));
#6744 = DIRECTION('',(0.,-0.999048221582,4.361938736534E-02));
#6745 = ADVANCED_FACE('',(#6746),#6757,.F.);
#6746 = FACE_BOUND('',#6747,.T.);
#6747 = EDGE_LOOP('',(#6748,#6749,#6755,#6756));
#6748 = ORIENTED_EDGE('',*,*,#6690,.T.);
#6749 = ORIENTED_EDGE('',*,*,#6750,.T.);
#6750 = EDGE_CURVE('',#6683,#6728,#6751,.T.);
#6751 = LINE('',#6752,#6753);
#6752 = CARTESIAN_POINT('',(-1.55,1.,2.585405180542E-16));
#6753 = VECTOR('',#6754,1.);
#6754 = DIRECTION('',(1.668003342285E-16,0.,1.));
#6755 = ORIENTED_EDGE('',*,*,#6727,.T.);
#6756 = ORIENTED_EDGE('',*,*,#6488,.T.);
#6757 = PLANE('',#6758);
#6758 = AXIS2_PLACEMENT_3D('',#6759,#6760,#6761);
#6759 = CARTESIAN_POINT('',(0.,1.,0.));
#6760 = DIRECTION('',(0.,-1.,0.));
#6761 = DIRECTION('',(0.,-0.,-1.));
#6762 = ADVANCED_FACE('',(#6763),#6788,.F.);
#6763 = FACE_BOUND('',#6764,.T.);
#6764 = EDGE_LOOP('',(#6765,#6773,#6781,#6787));
#6765 = ORIENTED_EDGE('',*,*,#6766,.F.);
#6766 = EDGE_CURVE('',#6767,#6513,#6769,.T.);
#6767 = VERTEX_POINT('',#6768);
#6768 = CARTESIAN_POINT('',(1.625,0.3,0.675));
#6769 = LINE('',#6770,#6771);
#6770 = CARTESIAN_POINT('',(2.6,0.3,0.675));
#6771 = VECTOR('',#6772,1.);
#6772 = DIRECTION('',(1.,-0.,-3.336006684571E-15));
#6773 = ORIENTED_EDGE('',*,*,#6774,.F.);
#6774 = EDGE_CURVE('',#6775,#6767,#6777,.T.);
#6775 = VERTEX_POINT('',#6776);
#6776 = CARTESIAN_POINT('',(1.625,0.3,-0.675));
#6777 = LINE('',#6778,#6779);
#6778 = CARTESIAN_POINT('',(1.625,0.3,0.675));
#6779 = VECTOR('',#6780,1.);
#6780 = DIRECTION('',(3.212450881439E-15,-0.,1.));
#6781 = ORIENTED_EDGE('',*,*,#6782,.F.);
#6782 = EDGE_CURVE('',#6465,#6775,#6783,.T.);
#6783 = LINE('',#6784,#6785);
#6784 = CARTESIAN_POINT('',(2.6,0.3,-0.675));
#6785 = VECTOR('',#6786,1.);
#6786 = DIRECTION('',(-1.,0.,3.336006684571E-15));
#6787 = ORIENTED_EDGE('',*,*,#6520,.F.);
#6788 = PLANE('',#6789);
#6789 = AXIS2_PLACEMENT_3D('',#6790,#6791,#6792);
#6790 = CARTESIAN_POINT('',(0.,0.3,0.));
#6791 = DIRECTION('',(0.,1.,0.));
#6792 = DIRECTION('',(0.,-0.,1.));
#6793 = ADVANCED_FACE('',(#6794),#6805,.T.);
#6794 = FACE_BOUND('',#6795,.T.);
#6795 = EDGE_LOOP('',(#6796,#6797,#6798,#6804));
#6796 = ORIENTED_EDGE('',*,*,#6462,.T.);
#6797 = ORIENTED_EDGE('',*,*,#6782,.T.);
#6798 = ORIENTED_EDGE('',*,*,#6799,.T.);
#6799 = EDGE_CURVE('',#6775,#6622,#6800,.T.);
#6800 = LINE('',#6801,#6802);
#6801 = CARTESIAN_POINT('',(1.625,0.3,-0.675));
#6802 = VECTOR('',#6803,1.);
#6803 = DIRECTION('',(0.,-1.,0.));
#6804 = ORIENTED_EDGE('',*,*,#6621,.F.);
#6805 = PLANE('',#6806);
#6806 = AXIS2_PLACEMENT_3D('',#6807,#6808,#6809);
#6807 = CARTESIAN_POINT('',(2.6,0.3,-0.675));
#6808 = DIRECTION('',(3.336006684571E-15,0.,1.));
#6809 = DIRECTION('',(1.,0.,-3.336006684571E-15));
#6810 = ADVANCED_FACE('',(#6811),#6822,.T.);
#6811 = FACE_BOUND('',#6812,.T.);
#6812 = EDGE_LOOP('',(#6813,#6814,#6815,#6821));
#6813 = ORIENTED_EDGE('',*,*,#6512,.T.);
#6814 = ORIENTED_EDGE('',*,*,#6637,.F.);
#6815 = ORIENTED_EDGE('',*,*,#6816,.F.);
#6816 = EDGE_CURVE('',#6767,#6630,#6817,.T.);
#6817 = LINE('',#6818,#6819);
#6818 = CARTESIAN_POINT('',(1.625,0.3,0.675));
#6819 = VECTOR('',#6820,1.);
#6820 = DIRECTION('',(0.,-1.,0.));
#6821 = ORIENTED_EDGE('',*,*,#6766,.T.);
#6822 = PLANE('',#6823);
#6823 = AXIS2_PLACEMENT_3D('',#6824,#6825,#6826);
#6824 = CARTESIAN_POINT('',(2.6,0.3,0.675));
#6825 = DIRECTION('',(-3.336006684571E-15,0.,-1.));
#6826 = DIRECTION('',(-1.,0.,3.336006684571E-15));
#6827 = ADVANCED_FACE('',(#6828),#6834,.T.);
#6828 = FACE_BOUND('',#6829,.T.);
#6829 = EDGE_LOOP('',(#6830,#6831,#6832,#6833));
#6830 = ORIENTED_EDGE('',*,*,#6629,.F.);
#6831 = ORIENTED_EDGE('',*,*,#6799,.F.);
#6832 = ORIENTED_EDGE('',*,*,#6774,.T.);
#6833 = ORIENTED_EDGE('',*,*,#6816,.T.);
#6834 = PLANE('',#6835);
#6835 = AXIS2_PLACEMENT_3D('',#6836,#6837,#6838);
#6836 = CARTESIAN_POINT('',(1.625,0.3,0.675));
#6837 = DIRECTION('',(1.,0.,-3.212450881439E-15));
#6838 = DIRECTION('',(-3.212450881439E-15,0.,-1.));
#6839 = ADVANCED_FACE('',(#6840),#6865,.T.);
#6840 = FACE_BOUND('',#6841,.T.);
#6841 = EDGE_LOOP('',(#6842,#6843,#6851,#6859));
#6842 = ORIENTED_EDGE('',*,*,#6544,.T.);
#6843 = ORIENTED_EDGE('',*,*,#6844,.F.);
#6844 = EDGE_CURVE('',#6845,#6535,#6847,.T.);
#6845 = VERTEX_POINT('',#6846);
#6846 = CARTESIAN_POINT('',(-1.625,0.3,-0.675));
#6847 = LINE('',#6848,#6849);
#6848 = CARTESIAN_POINT('',(-2.6,0.3,-0.675));
#6849 = VECTOR('',#6850,1.);
#6850 = DIRECTION('',(-1.,-0.,-0.));
#6851 = ORIENTED_EDGE('',*,*,#6852,.F.);
#6852 = EDGE_CURVE('',#6853,#6845,#6855,.T.);
#6853 = VERTEX_POINT('',#6854);
#6854 = CARTESIAN_POINT('',(-1.625,0.3,0.675));
#6855 = LINE('',#6856,#6857);
#6856 = CARTESIAN_POINT('',(-1.625,0.3,0.675));
#6857 = VECTOR('',#6858,1.);
#6858 = DIRECTION('',(0.,0.,-1.));
#6859 = ORIENTED_EDGE('',*,*,#6860,.F.);
#6860 = EDGE_CURVE('',#6545,#6853,#6861,.T.);
#6861 = LINE('',#6862,#6863);
#6862 = CARTESIAN_POINT('',(-2.6,0.3,0.675));
#6863 = VECTOR('',#6864,1.);
#6864 = DIRECTION('',(1.,0.,0.));
#6865 = PLANE('',#6866);
#6866 = AXIS2_PLACEMENT_3D('',#6867,#6868,#6869);
#6867 = CARTESIAN_POINT('',(0.,0.3,0.));
#6868 = DIRECTION('',(0.,-1.,0.));
#6869 = DIRECTION('',(0.,-0.,-1.));
#6870 = ADVANCED_FACE('',(#6871),#6882,.T.);
#6871 = FACE_BOUND('',#6872,.T.);
#6872 = EDGE_LOOP('',(#6873,#6874,#6875,#6881));
#6873 = ORIENTED_EDGE('',*,*,#6534,.T.);
#6874 = ORIENTED_EDGE('',*,*,#6607,.F.);
#6875 = ORIENTED_EDGE('',*,*,#6876,.F.);
#6876 = EDGE_CURVE('',#6845,#6600,#6877,.T.);
#6877 = LINE('',#6878,#6879);
#6878 = CARTESIAN_POINT('',(-1.625,0.3,-0.675));
#6879 = VECTOR('',#6880,1.);
#6880 = DIRECTION('',(0.,-1.,0.));
#6881 = ORIENTED_EDGE('',*,*,#6844,.T.);
#6882 = PLANE('',#6883);
#6883 = AXIS2_PLACEMENT_3D('',#6884,#6885,#6886);
#6884 = CARTESIAN_POINT('',(-2.6,0.3,-0.675));
#6885 = DIRECTION('',(-0.,0.,1.));
#6886 = DIRECTION('',(1.,0.,0.));
#6887 = ADVANCED_FACE('',(#6888),#6899,.T.);
#6888 = FACE_BOUND('',#6889,.T.);
#6889 = EDGE_LOOP('',(#6890,#6891,#6892,#6898));
#6890 = ORIENTED_EDGE('',*,*,#6552,.T.);
#6891 = ORIENTED_EDGE('',*,*,#6860,.T.);
#6892 = ORIENTED_EDGE('',*,*,#6893,.T.);
#6893 = EDGE_CURVE('',#6853,#6598,#6894,.T.);
#6894 = LINE('',#6895,#6896);
#6895 = CARTESIAN_POINT('',(-1.625,0.3,0.675));
#6896 = VECTOR('',#6897,1.);
#6897 = DIRECTION('',(0.,-1.,0.));
#6898 = ORIENTED_EDGE('',*,*,#6651,.F.);
#6899 = PLANE('',#6900);
#6900 = AXIS2_PLACEMENT_3D('',#6901,#6902,#6903);
#6901 = CARTESIAN_POINT('',(-2.6,0.3,0.675));
#6902 = DIRECTION('',(0.,0.,-1.));
#6903 = DIRECTION('',(-1.,0.,-0.));
#6904 = ADVANCED_FACE('',(#6905),#6911,.T.);
#6905 = FACE_BOUND('',#6906,.T.);
#6906 = EDGE_LOOP('',(#6907,#6908,#6909,#6910));
#6907 = ORIENTED_EDGE('',*,*,#6597,.F.);
#6908 = ORIENTED_EDGE('',*,*,#6893,.F.);
#6909 = ORIENTED_EDGE('',*,*,#6852,.T.);
#6910 = ORIENTED_EDGE('',*,*,#6876,.T.);
#6911 = PLANE('',#6912);
#6912 = AXIS2_PLACEMENT_3D('',#6913,#6914,#6915);
#6913 = CARTESIAN_POINT('',(-1.625,0.3,0.675));
#6914 = DIRECTION('',(-1.,0.,-0.));
#6915 = DIRECTION('',(0.,0.,1.));
#6916 = ADVANCED_FACE('',(#6917),#6933,.T.);
#6917 = FACE_BOUND('',#6918,.T.);
#6918 = EDGE_LOOP('',(#6919,#6920,#6926,#6927));
#6919 = ORIENTED_EDGE('',*,*,#6674,.T.);
#6920 = ORIENTED_EDGE('',*,*,#6921,.T.);
#6921 = EDGE_CURVE('',#6667,#6708,#6922,.T.);
#6922 = LINE('',#6923,#6924);
#6923 = CARTESIAN_POINT('',(-1.775,0.95,-1.3));
#6924 = VECTOR('',#6925,1.);
#6925 = DIRECTION('',(8.340016711427E-17,0.,1.));
#6926 = ORIENTED_EDGE('',*,*,#6707,.T.);
#6927 = ORIENTED_EDGE('',*,*,#6928,.T.);
#6928 = EDGE_CURVE('',#6710,#6675,#6929,.T.);
#6929 = LINE('',#6930,#6931);
#6930 = CARTESIAN_POINT('',(-1.55,0.95,-1.3));
#6931 = VECTOR('',#6932,1.);
#6932 = DIRECTION('',(-1.668003342285E-16,-0.,-1.));
#6933 = PLANE('',#6934);
#6934 = AXIS2_PLACEMENT_3D('',#6935,#6936,#6937);
#6935 = CARTESIAN_POINT('',(0.,0.95,0.));
#6936 = DIRECTION('',(0.,1.,0.));
#6937 = DIRECTION('',(0.,-0.,1.));
#6938 = ADVANCED_FACE('',(#6939),#6945,.F.);
#6939 = FACE_BOUND('',#6940,.T.);
#6940 = EDGE_LOOP('',(#6941,#6942,#6943,#6944));
#6941 = ORIENTED_EDGE('',*,*,#6432,.F.);
#6942 = ORIENTED_EDGE('',*,*,#6717,.F.);
#6943 = ORIENTED_EDGE('',*,*,#6921,.F.);
#6944 = ORIENTED_EDGE('',*,*,#6666,.F.);
#6945 = PLANE('',#6946);
#6946 = AXIS2_PLACEMENT_3D('',#6947,#6948,#6949);
#6947 = CARTESIAN_POINT('',(-1.775,0.95,-1.3));
#6948 = DIRECTION('',(-1.,0.,8.340016711427E-17));
#6949 = DIRECTION('',(8.340016711427E-17,0.,1.));
#6950 = ADVANCED_FACE('',(#6951),#6957,.F.);
#6951 = FACE_BOUND('',#6952,.T.);
#6952 = EDGE_LOOP('',(#6953,#6954,#6955,#6956));
#6953 = ORIENTED_EDGE('',*,*,#6928,.F.);
#6954 = ORIENTED_EDGE('',*,*,#6735,.F.);
#6955 = ORIENTED_EDGE('',*,*,#6750,.F.);
#6956 = ORIENTED_EDGE('',*,*,#6682,.F.);
#6957 = PLANE('',#6958);
#6958 = AXIS2_PLACEMENT_3D('',#6959,#6960,#6961);
#6959 = CARTESIAN_POINT('',(-1.55,0.95,-1.3));
#6960 = DIRECTION('',(1.,0.,-1.668003342285E-16));
#6961 = DIRECTION('',(-1.668003342285E-16,0.,-1.));
#6962 = MANIFOLD_SOLID_BREP('',#6963);
#6963 = CLOSED_SHELL('',(#6964,#7004,#7035,#7066,#7088,#7100));
#6964 = ADVANCED_FACE('',(#6965),#6999,.F.);
#6965 = FACE_BOUND('',#6966,.T.);
#6966 = EDGE_LOOP('',(#6967,#6977,#6985,#6993));
#6967 = ORIENTED_EDGE('',*,*,#6968,.T.);
#6968 = EDGE_CURVE('',#6969,#6971,#6973,.T.);
#6969 = VERTEX_POINT('',#6970);
#6970 = CARTESIAN_POINT('',(-1.775,0.95,-1.258522104237));
#6971 = VERTEX_POINT('',#6972);
#6972 = CARTESIAN_POINT('',(-1.775,1.,-1.256339057091));
#6973 = LINE('',#6974,#6975);
#6974 = CARTESIAN_POINT('',(-1.775,0.95,-1.258522104237));
#6975 = VECTOR('',#6976,1.);
#6976 = DIRECTION('',(0.,0.999048221582,4.361938736534E-02));
#6977 = ORIENTED_EDGE('',*,*,#6978,.F.);
#6978 = EDGE_CURVE('',#6979,#6971,#6981,.T.);
#6979 = VERTEX_POINT('',#6980);
#6980 = CARTESIAN_POINT('',(-1.55,1.,-1.256339057091));
#6981 = LINE('',#6982,#6983);
#6982 = CARTESIAN_POINT('',(-1.55,1.,-1.256339057091));
#6983 = VECTOR('',#6984,1.);
#6984 = DIRECTION('',(-1.,-0.,8.340016711427E-17));
#6985 = ORIENTED_EDGE('',*,*,#6986,.F.);
#6986 = EDGE_CURVE('',#6987,#6979,#6989,.T.);
#6987 = VERTEX_POINT('',#6988);
#6988 = CARTESIAN_POINT('',(-1.55,0.95,-1.258522104237));
#6989 = LINE('',#6990,#6991);
#6990 = CARTESIAN_POINT('',(-1.55,0.95,-1.258522104237));
#6991 = VECTOR('',#6992,1.);
#6992 = DIRECTION('',(0.,0.999048221582,4.361938736534E-02));
#6993 = ORIENTED_EDGE('',*,*,#6994,.T.);
#6994 = EDGE_CURVE('',#6987,#6969,#6995,.T.);
#6995 = LINE('',#6996,#6997);
#6996 = CARTESIAN_POINT('',(-1.55,0.95,-1.258522104237));
#6997 = VECTOR('',#6998,1.);
#6998 = DIRECTION('',(-1.,-0.,8.340016711427E-17));
#6999 = PLANE('',#7000);
#7000 = AXIS2_PLACEMENT_3D('',#7001,#7002,#7003);
#7001 = CARTESIAN_POINT('',(-1.55,0.95,-1.258522104237));
#7002 = DIRECTION('',(8.332078863514E-17,-4.361938736534E-02,
    0.999048221582));
#7003 = DIRECTION('',(0.,-0.999048221582,-4.361938736534E-02));
#7004 = ADVANCED_FACE('',(#7005),#7030,.F.);
#7005 = FACE_BOUND('',#7006,.T.);
#7006 = EDGE_LOOP('',(#7007,#7015,#7023,#7029));
#7007 = ORIENTED_EDGE('',*,*,#7008,.T.);
#7008 = EDGE_CURVE('',#6971,#7009,#7011,.T.);
#7009 = VERTEX_POINT('',#7010);
#7010 = CARTESIAN_POINT('',(-1.775,1.,1.256339057091));
#7011 = LINE('',#7012,#7013);
#7012 = CARTESIAN_POINT('',(-1.775,1.,-1.256339057091));
#7013 = VECTOR('',#7014,1.);
#7014 = DIRECTION('',(0.,0.,1.));
#7015 = ORIENTED_EDGE('',*,*,#7016,.F.);
#7016 = EDGE_CURVE('',#7017,#7009,#7019,.T.);
#7017 = VERTEX_POINT('',#7018);
#7018 = CARTESIAN_POINT('',(-1.55,1.,1.256339057091));
#7019 = LINE('',#7020,#7021);
#7020 = CARTESIAN_POINT('',(-1.55,1.,1.256339057091));
#7021 = VECTOR('',#7022,1.);
#7022 = DIRECTION('',(-1.,-0.,8.340016711427E-17));
#7023 = ORIENTED_EDGE('',*,*,#7024,.F.);
#7024 = EDGE_CURVE('',#6979,#7017,#7025,.T.);
#7025 = LINE('',#7026,#7027);
#7026 = CARTESIAN_POINT('',(-1.55,1.,-1.256339057091));
#7027 = VECTOR('',#7028,1.);
#7028 = DIRECTION('',(0.,0.,1.));
#7029 = ORIENTED_EDGE('',*,*,#6978,.T.);
#7030 = PLANE('',#7031);
#7031 = AXIS2_PLACEMENT_3D('',#7032,#7033,#7034);
#7032 = CARTESIAN_POINT('',(-1.55,1.,-1.256339057091));
#7033 = DIRECTION('',(0.,-1.,0.));
#7034 = DIRECTION('',(0.,-0.,-1.));
#7035 = ADVANCED_FACE('',(#7036),#7061,.F.);
#7036 = FACE_BOUND('',#7037,.T.);
#7037 = EDGE_LOOP('',(#7038,#7046,#7054,#7060));
#7038 = ORIENTED_EDGE('',*,*,#7039,.T.);
#7039 = EDGE_CURVE('',#7009,#7040,#7042,.T.);
#7040 = VERTEX_POINT('',#7041);
#7041 = CARTESIAN_POINT('',(-1.775,0.95,1.258522104237));
#7042 = LINE('',#7043,#7044);
#7043 = CARTESIAN_POINT('',(-1.775,1.,1.256339057091));
#7044 = VECTOR('',#7045,1.);
#7045 = DIRECTION('',(0.,-0.999048221582,4.361938736533E-02));
#7046 = ORIENTED_EDGE('',*,*,#7047,.F.);
#7047 = EDGE_CURVE('',#7048,#7040,#7050,.T.);
#7048 = VERTEX_POINT('',#7049);
#7049 = CARTESIAN_POINT('',(-1.55,0.95,1.258522104237));
#7050 = LINE('',#7051,#7052);
#7051 = CARTESIAN_POINT('',(-1.55,0.95,1.258522104237));
#7052 = VECTOR('',#7053,1.);
#7053 = DIRECTION('',(-1.,-0.,8.340016711427E-17));
#7054 = ORIENTED_EDGE('',*,*,#7055,.F.);
#7055 = EDGE_CURVE('',#7017,#7048,#7056,.T.);
#7056 = LINE('',#7057,#7058);
#7057 = CARTESIAN_POINT('',(-1.55,1.,1.256339057091));
#7058 = VECTOR('',#7059,1.);
#7059 = DIRECTION('',(0.,-0.999048221582,4.361938736533E-02));
#7060 = ORIENTED_EDGE('',*,*,#7016,.T.);
#7061 = PLANE('',#7062);
#7062 = AXIS2_PLACEMENT_3D('',#7063,#7064,#7065);
#7063 = CARTESIAN_POINT('',(-1.55,1.,1.256339057091));
#7064 = DIRECTION('',(-8.332078863514E-17,-4.361938736533E-02,
    -0.999048221582));
#7065 = DIRECTION('',(-1.54074395551E-33,0.999048221582,
    -4.361938736533E-02));
#7066 = ADVANCED_FACE('',(#7067),#7083,.F.);
#7067 = FACE_BOUND('',#7068,.T.);
#7068 = EDGE_LOOP('',(#7069,#7075,#7076,#7082));
#7069 = ORIENTED_EDGE('',*,*,#7070,.T.);
#7070 = EDGE_CURVE('',#7040,#6969,#7071,.T.);
#7071 = LINE('',#7072,#7073);
#7072 = CARTESIAN_POINT('',(-1.775,0.95,1.258522104237));
#7073 = VECTOR('',#7074,1.);
#7074 = DIRECTION('',(0.,0.,-1.));
#7075 = ORIENTED_EDGE('',*,*,#6994,.F.);
#7076 = ORIENTED_EDGE('',*,*,#7077,.F.);
#7077 = EDGE_CURVE('',#7048,#6987,#7078,.T.);
#7078 = LINE('',#7079,#7080);
#7079 = CARTESIAN_POINT('',(-1.55,0.95,1.258522104237));
#7080 = VECTOR('',#7081,1.);
#7081 = DIRECTION('',(0.,0.,-1.));
#7082 = ORIENTED_EDGE('',*,*,#7047,.T.);
#7083 = PLANE('',#7084);
#7084 = AXIS2_PLACEMENT_3D('',#7085,#7086,#7087);
#7085 = CARTESIAN_POINT('',(-1.55,0.95,1.258522104237));
#7086 = DIRECTION('',(0.,1.,0.));
#7087 = DIRECTION('',(0.,-0.,1.));
#7088 = ADVANCED_FACE('',(#7089),#7095,.T.);
#7089 = FACE_BOUND('',#7090,.T.);
#7090 = EDGE_LOOP('',(#7091,#7092,#7093,#7094));
#7091 = ORIENTED_EDGE('',*,*,#6986,.T.);
#7092 = ORIENTED_EDGE('',*,*,#7024,.T.);
#7093 = ORIENTED_EDGE('',*,*,#7055,.T.);
#7094 = ORIENTED_EDGE('',*,*,#7077,.T.);
#7095 = PLANE('',#7096);
#7096 = AXIS2_PLACEMENT_3D('',#7097,#7098,#7099);
#7097 = CARTESIAN_POINT('',(-1.55,0.,-1.876503760071E-17));
#7098 = DIRECTION('',(1.,0.,0.));
#7099 = DIRECTION('',(0.,0.,-1.));
#7100 = ADVANCED_FACE('',(#7101),#7107,.F.);
#7101 = FACE_BOUND('',#7102,.T.);
#7102 = EDGE_LOOP('',(#7103,#7104,#7105,#7106));
#7103 = ORIENTED_EDGE('',*,*,#6968,.F.);
#7104 = ORIENTED_EDGE('',*,*,#7070,.F.);
#7105 = ORIENTED_EDGE('',*,*,#7039,.F.);
#7106 = ORIENTED_EDGE('',*,*,#7008,.F.);
#7107 = PLANE('',#7108);
#7108 = AXIS2_PLACEMENT_3D('',#7109,#7110,#7111);
#7109 = CARTESIAN_POINT('',(-1.775,0.,0.));
#7110 = DIRECTION('',(1.,0.,0.));
#7111 = DIRECTION('',(0.,0.,-1.));
#7112 = ( GEOMETRIC_REPRESENTATION_CONTEXT(3) 
GLOBAL_UNCERTAINTY_ASSIGNED_CONTEXT((#7116)) 
GLOBAL_UNIT_ASSIGNED_CONTEXT((#7113,#7114,#7115)) REPRESENTATION_CONTEXT
('Context #1','3D Context with UNIT and UNCERTAINTY') );
#7113 = ( LENGTH_UNIT() NAMED_UNIT(*) SI_UNIT(.MILLI.,.METRE.) );
#7114 = ( NAMED_UNIT(*) PLANE_ANGLE_UNIT() SI_UNIT($,.RADIAN.) );
#7115 = ( NAMED_UNIT(*) SI_UNIT($,.STERADIAN.) SOLID_ANGLE_UNIT() );
#7116 = UNCERTAINTY_MEASURE_WITH_UNIT(LENGTH_MEASURE(1.E-07),#7113,
  'distance_accuracy_value','confusion accuracy');
#7117 = CONTEXT_DEPENDENT_SHAPE_REPRESENTATION(#7118,#7120);
#7118 = ( REPRESENTATION_RELATIONSHIP('','',#6115,#10) 
REPRESENTATION_RELATIONSHIP_WITH_TRANSFORMATION(#7119) 
SHAPE_REPRESENTATION_RELATIONSHIP() );
#7119 = ITEM_DEFINED_TRANSFORMATION('','',#11,#27);
#7120 = PRODUCT_DEFINITION_SHAPE('Placement','Placement of an item',
  #7121);
#7121 = NEXT_ASSEMBLY_USAGE_OCCURRENCE('5','D1','',#5,#6110,$);
#7122 = PRODUCT_RELATED_PRODUCT_CATEGORY('part',$,(#6112));
#7123 = SHAPE_DEFINITION_REPRESENTATION(#7124,#7130);
#7124 = PRODUCT_DEFINITION_SHAPE('','',#7125);
#7125 = PRODUCT_DEFINITION('design','',#7126,#7129);
#7126 = PRODUCT_DEFINITION_FORMATION('','',#7127);
#7127 = PRODUCT('JST_XH_B3B-XH-A_1x03_P2.50mm_Vertical',
  'JST_XH_B3B-XH-A_1x03_P2.50mm_Vertical','',(#7128));
#7128 = PRODUCT_CONTEXT('',#2,'mechanical');
#7129 = PRODUCT_DEFINITION_CONTEXT('part definition',#2,'design');
#7130 = ADVANCED_BREP_SHAPE_REPRESENTATION('',(#11,#7131),#10652);
#7131 = MANIFOLD_SOLID_BREP('',#7132);
#7132 = CLOSED_SHELL('',(#7133,#7205,#7244,#7268,#7333,#7357,#7477,#7501
    ,#7566,#7591,#7640,#7657,#7681,#7698,#7868,#7892,#8126,#8150,#8183,
    #8207,#8238,#8255,#8288,#8312,#8343,#8360,#8393,#8417,#8448,#8460,
    #8493,#8510,#8527,#8539,#8653,#8670,#8687,#8704,#8721,#8738,#8755,
    #8772,#8789,#8806,#8823,#8840,#8857,#8874,#8891,#8903,#8920,#8937,
    #8954,#9000,#9046,#9092,#9123,#9147,#9171,#9188,#9219,#9243,#9267,
    #9284,#9315,#9339,#9363,#9380,#9443,#9467,#9523,#9540,#9571,#9595,
    #9619,#9636,#9699,#9723,#9779,#9796,#9827,#9851,#9875,#9892,#9923,
    #9947,#9971,#9988,#10019,#10043,#10067,#10084,#10131,#10162,#10174,
    #10191,#10217,#10250,#10281,#10305,#10329,#10346,#10393,#10424,
    #10436,#10453,#10479,#10512,#10524,#10536,#10548,#10565,#10582,
    #10594,#10606,#10623,#10640));
#7133 = ADVANCED_FACE('',(#7134),#7200,.T.);
#7134 = FACE_BOUND('',#7135,.T.);
#7135 = EDGE_LOOP('',(#7136,#7146,#7154,#7162,#7170,#7178,#7186,#7194));
#7136 = ORIENTED_EDGE('',*,*,#7137,.T.);
#7137 = EDGE_CURVE('',#7138,#7140,#7142,.T.);
#7138 = VERTEX_POINT('',#7139);
#7139 = CARTESIAN_POINT('',(-1.8,0.5,7.));
#7140 = VERTEX_POINT('',#7141);
#7141 = CARTESIAN_POINT('',(-2.45,0.5,7.));
#7142 = LINE('',#7143,#7144);
#7143 = CARTESIAN_POINT('',(7.45,0.5,7.));
#7144 = VECTOR('',#7145,1.);
#7145 = DIRECTION('',(-1.,1.224646799147E-16,0.));
#7146 = ORIENTED_EDGE('',*,*,#7147,.T.);
#7147 = EDGE_CURVE('',#7140,#7148,#7150,.T.);
#7148 = VERTEX_POINT('',#7149);
#7149 = CARTESIAN_POINT('',(-2.45,-3.4,7.));
#7150 = LINE('',#7151,#7152);
#7151 = CARTESIAN_POINT('',(-2.45,2.35,7.));
#7152 = VECTOR('',#7153,1.);
#7153 = DIRECTION('',(-1.224646799147E-16,-1.,0.));
#7154 = ORIENTED_EDGE('',*,*,#7155,.T.);
#7155 = EDGE_CURVE('',#7148,#7156,#7158,.T.);
#7156 = VERTEX_POINT('',#7157);
#7157 = CARTESIAN_POINT('',(7.45,-3.4,7.));
#7158 = LINE('',#7159,#7160);
#7159 = CARTESIAN_POINT('',(-2.45,-3.4,7.));
#7160 = VECTOR('',#7161,1.);
#7161 = DIRECTION('',(1.,-1.224646799147E-16,0.));
#7162 = ORIENTED_EDGE('',*,*,#7163,.T.);
#7163 = EDGE_CURVE('',#7156,#7164,#7166,.T.);
#7164 = VERTEX_POINT('',#7165);
#7165 = CARTESIAN_POINT('',(7.45,0.5,7.));
#7166 = LINE('',#7167,#7168);
#7167 = CARTESIAN_POINT('',(7.45,-3.4,7.));
#7168 = VECTOR('',#7169,1.);
#7169 = DIRECTION('',(1.224646799147E-16,1.,0.));
#7170 = ORIENTED_EDGE('',*,*,#7171,.T.);
#7171 = EDGE_CURVE('',#7164,#7172,#7174,.T.);
#7172 = VERTEX_POINT('',#7173);
#7173 = CARTESIAN_POINT('',(6.8,0.5,7.));
#7174 = LINE('',#7175,#7176);
#7175 = CARTESIAN_POINT('',(7.45,0.5,7.));
#7176 = VECTOR('',#7177,1.);
#7177 = DIRECTION('',(-1.,1.224646799147E-16,0.));
#7178 = ORIENTED_EDGE('',*,*,#7179,.F.);
#7179 = EDGE_CURVE('',#7180,#7172,#7182,.T.);
#7180 = VERTEX_POINT('',#7181);
#7181 = CARTESIAN_POINT('',(6.8,-2.85,7.));
#7182 = LINE('',#7183,#7184);
#7183 = CARTESIAN_POINT('',(6.8,-2.65,7.));
#7184 = VECTOR('',#7185,1.);
#7185 = DIRECTION('',(1.224646799147E-16,1.,0.));
#7186 = ORIENTED_EDGE('',*,*,#7187,.F.);
#7187 = EDGE_CURVE('',#7188,#7180,#7190,.T.);
#7188 = VERTEX_POINT('',#7189);
#7189 = CARTESIAN_POINT('',(-1.8,-2.85,7.));
#7190 = LINE('',#7191,#7192);
#7191 = CARTESIAN_POINT('',(-1.6,-2.85,7.));
#7192 = VECTOR('',#7193,1.);
#7193 = DIRECTION('',(1.,-1.224646799147E-16,0.));
#7194 = ORIENTED_EDGE('',*,*,#7195,.F.);
#7195 = EDGE_CURVE('',#7138,#7188,#7196,.T.);
#7196 = LINE('',#7197,#7198);
#7197 = CARTESIAN_POINT('',(-1.8,0.5,7.));
#7198 = VECTOR('',#7199,1.);
#7199 = DIRECTION('',(-1.224646799147E-16,-1.,0.));
#7200 = PLANE('',#7201);
#7201 = AXIS2_PLACEMENT_3D('',#7202,#7203,#7204);
#7202 = CARTESIAN_POINT('',(2.5,-0.525,7.));
#7203 = DIRECTION('',(0.,0.,1.));
#7204 = DIRECTION('',(-1.,1.224646799147E-16,0.));
#7205 = ADVANCED_FACE('',(#7206),#7239,.T.);
#7206 = FACE_BOUND('',#7207,.T.);
#7207 = EDGE_LOOP('',(#7208,#7218,#7226,#7232,#7233));
#7208 = ORIENTED_EDGE('',*,*,#7209,.T.);
#7209 = EDGE_CURVE('',#7210,#7212,#7214,.T.);
#7210 = VERTEX_POINT('',#7211);
#7211 = CARTESIAN_POINT('',(-1.6,0.5,6.8));
#7212 = VERTEX_POINT('',#7213);
#7213 = CARTESIAN_POINT('',(-1.6,0.5,3.65));
#7214 = LINE('',#7215,#7216);
#7215 = CARTESIAN_POINT('',(-1.6,0.5,5.325));
#7216 = VECTOR('',#7217,1.);
#7217 = DIRECTION('',(-0.,0.,-1.));
#7218 = ORIENTED_EDGE('',*,*,#7219,.T.);
#7219 = EDGE_CURVE('',#7212,#7220,#7222,.T.);
#7220 = VERTEX_POINT('',#7221);
#7221 = CARTESIAN_POINT('',(-2.45,0.5,3.65));
#7222 = LINE('',#7223,#7224);
#7223 = CARTESIAN_POINT('',(7.45,0.5,3.65));
#7224 = VECTOR('',#7225,1.);
#7225 = DIRECTION('',(-1.,1.224646799147E-16,0.));
#7226 = ORIENTED_EDGE('',*,*,#7227,.T.);
#7227 = EDGE_CURVE('',#7220,#7140,#7228,.T.);
#7228 = LINE('',#7229,#7230);
#7229 = CARTESIAN_POINT('',(-2.45,0.5,1.825));
#7230 = VECTOR('',#7231,1.);
#7231 = DIRECTION('',(0.,0.,1.));
#7232 = ORIENTED_EDGE('',*,*,#7137,.F.);
#7233 = ORIENTED_EDGE('',*,*,#7234,.T.);
#7234 = EDGE_CURVE('',#7138,#7210,#7235,.T.);
#7235 = LINE('',#7236,#7237);
#7236 = CARTESIAN_POINT('',(1.4,0.5,3.8));
#7237 = VECTOR('',#7238,1.);
#7238 = DIRECTION('',(0.707106781187,-8.659560562349E-17,-0.707106781187
    ));
#7239 = PLANE('',#7240);
#7240 = AXIS2_PLACEMENT_3D('',#7241,#7242,#7243);
#7241 = CARTESIAN_POINT('',(7.45,0.5,3.65));
#7242 = DIRECTION('',(1.224646799147E-16,1.,0.));
#7243 = DIRECTION('',(0.,-0.,1.));
#7244 = ADVANCED_FACE('',(#7245),#7263,.F.);
#7245 = FACE_BOUND('',#7246,.T.);
#7246 = EDGE_LOOP('',(#7247,#7248,#7249,#7257));
#7247 = ORIENTED_EDGE('',*,*,#7234,.F.);
#7248 = ORIENTED_EDGE('',*,*,#7195,.T.);
#7249 = ORIENTED_EDGE('',*,*,#7250,.T.);
#7250 = EDGE_CURVE('',#7188,#7251,#7253,.T.);
#7251 = VERTEX_POINT('',#7252);
#7252 = CARTESIAN_POINT('',(-1.6,-2.65,6.8));
#7253 = LINE('',#7254,#7255);
#7254 = CARTESIAN_POINT('',(-1.141666666667,-2.191666666667,
    6.341666666667));
#7255 = VECTOR('',#7256,1.);
#7256 = DIRECTION('',(0.57735026919,0.57735026919,-0.57735026919));
#7257 = ORIENTED_EDGE('',*,*,#7258,.F.);
#7258 = EDGE_CURVE('',#7210,#7251,#7259,.T.);
#7259 = LINE('',#7260,#7261);
#7260 = CARTESIAN_POINT('',(-1.6,0.5,6.8));
#7261 = VECTOR('',#7262,1.);
#7262 = DIRECTION('',(-1.224646799147E-16,-1.,0.));
#7263 = PLANE('',#7264);
#7264 = AXIS2_PLACEMENT_3D('',#7265,#7266,#7267);
#7265 = CARTESIAN_POINT('',(-1.7,0.5,6.9));
#7266 = DIRECTION('',(-0.707106781187,8.659560562349E-17,-0.707106781187
    ));
#7267 = DIRECTION('',(1.224646799147E-16,1.,-2.105272540809E-29));
#7268 = ADVANCED_FACE('',(#7269),#7328,.F.);
#7269 = FACE_BOUND('',#7270,.F.);
#7270 = EDGE_LOOP('',(#7271,#7281,#7289,#7297,#7305,#7314,#7320,#7321,
    #7322));
#7271 = ORIENTED_EDGE('',*,*,#7272,.F.);
#7272 = EDGE_CURVE('',#7273,#7275,#7277,.T.);
#7273 = VERTEX_POINT('',#7274);
#7274 = CARTESIAN_POINT('',(-2.45,2.35,0.));
#7275 = VERTEX_POINT('',#7276);
#7276 = CARTESIAN_POINT('',(-2.45,-3.4,0.));
#7277 = LINE('',#7278,#7279);
#7278 = CARTESIAN_POINT('',(-2.45,2.35,0.));
#7279 = VECTOR('',#7280,1.);
#7280 = DIRECTION('',(-1.224646799147E-16,-1.,0.));
#7281 = ORIENTED_EDGE('',*,*,#7282,.T.);
#7282 = EDGE_CURVE('',#7273,#7283,#7285,.T.);
#7283 = VERTEX_POINT('',#7284);
#7284 = CARTESIAN_POINT('',(-2.45,2.35,7.));
#7285 = LINE('',#7286,#7287);
#7286 = CARTESIAN_POINT('',(-2.45,2.35,0.));
#7287 = VECTOR('',#7288,1.);
#7288 = DIRECTION('',(0.,0.,1.));
#7289 = ORIENTED_EDGE('',*,*,#7290,.T.);
#7290 = EDGE_CURVE('',#7283,#7291,#7293,.T.);
#7291 = VERTEX_POINT('',#7292);
#7292 = CARTESIAN_POINT('',(-2.45,1.5,7.));
#7293 = LINE('',#7294,#7295);
#7294 = CARTESIAN_POINT('',(-2.45,2.35,7.));
#7295 = VECTOR('',#7296,1.);
#7296 = DIRECTION('',(-1.224646799147E-16,-1.,0.));
#7297 = ORIENTED_EDGE('',*,*,#7298,.T.);
#7298 = EDGE_CURVE('',#7291,#7299,#7301,.T.);
#7299 = VERTEX_POINT('',#7300);
#7300 = CARTESIAN_POINT('',(-2.45,1.5,4.15));
#7301 = LINE('',#7302,#7303);
#7302 = CARTESIAN_POINT('',(-2.45,1.5,3.5));
#7303 = VECTOR('',#7304,1.);
#7304 = DIRECTION('',(-0.,0.,-1.));
#7305 = ORIENTED_EDGE('',*,*,#7306,.F.);
#7306 = EDGE_CURVE('',#7307,#7299,#7309,.T.);
#7307 = VERTEX_POINT('',#7308);
#7308 = CARTESIAN_POINT('',(-2.45,1.,3.65));
#7309 = CIRCLE('',#7310,0.5);
#7310 = AXIS2_PLACEMENT_3D('',#7311,#7312,#7313);
#7311 = CARTESIAN_POINT('',(-2.45,1.,4.15));
#7312 = DIRECTION('',(1.,-1.224646799147E-16,0.));
#7313 = DIRECTION('',(1.224646799147E-16,1.,0.));
#7314 = ORIENTED_EDGE('',*,*,#7315,.T.);
#7315 = EDGE_CURVE('',#7307,#7220,#7316,.T.);
#7316 = LINE('',#7317,#7318);
#7317 = CARTESIAN_POINT('',(-2.45,1.675,3.65));
#7318 = VECTOR('',#7319,1.);
#7319 = DIRECTION('',(-1.224646799147E-16,-1.,0.));
#7320 = ORIENTED_EDGE('',*,*,#7227,.T.);
#7321 = ORIENTED_EDGE('',*,*,#7147,.T.);
#7322 = ORIENTED_EDGE('',*,*,#7323,.F.);
#7323 = EDGE_CURVE('',#7275,#7148,#7324,.T.);
#7324 = LINE('',#7325,#7326);
#7325 = CARTESIAN_POINT('',(-2.45,-3.4,0.));
#7326 = VECTOR('',#7327,1.);
#7327 = DIRECTION('',(0.,0.,1.));
#7328 = PLANE('',#7329);
#7329 = AXIS2_PLACEMENT_3D('',#7330,#7331,#7332);
#7330 = CARTESIAN_POINT('',(-2.45,2.35,0.));
#7331 = DIRECTION('',(1.,-1.224646799147E-16,0.));
#7332 = DIRECTION('',(-1.224646799147E-16,-1.,0.));
#7333 = ADVANCED_FACE('',(#7334),#7352,.F.);
#7334 = FACE_BOUND('',#7335,.T.);
#7335 = EDGE_LOOP('',(#7336,#7337,#7338,#7346));
#7336 = ORIENTED_EDGE('',*,*,#7250,.F.);
#7337 = ORIENTED_EDGE('',*,*,#7187,.T.);
#7338 = ORIENTED_EDGE('',*,*,#7339,.T.);
#7339 = EDGE_CURVE('',#7180,#7340,#7342,.T.);
#7340 = VERTEX_POINT('',#7341);
#7341 = CARTESIAN_POINT('',(6.6,-2.65,6.8));
#7342 = LINE('',#7343,#7344);
#7343 = CARTESIAN_POINT('',(5.3,-1.35,5.5));
#7344 = VECTOR('',#7345,1.);
#7345 = DIRECTION('',(-0.57735026919,0.57735026919,-0.57735026919));
#7346 = ORIENTED_EDGE('',*,*,#7347,.F.);
#7347 = EDGE_CURVE('',#7251,#7340,#7348,.T.);
#7348 = LINE('',#7349,#7350);
#7349 = CARTESIAN_POINT('',(-1.6,-2.65,6.8));
#7350 = VECTOR('',#7351,1.);
#7351 = DIRECTION('',(1.,-1.224646799147E-16,0.));
#7352 = PLANE('',#7353);
#7353 = AXIS2_PLACEMENT_3D('',#7354,#7355,#7356);
#7354 = CARTESIAN_POINT('',(-1.6,-2.75,6.9));
#7355 = DIRECTION('',(-8.659560562349E-17,-0.707106781187,
    -0.707106781187));
#7356 = DIRECTION('',(-1.,1.224646799147E-16,-2.105272540809E-29));
#7357 = ADVANCED_FACE('',(#7358),#7472,.F.);
#7358 = FACE_BOUND('',#7359,.F.);
#7359 = EDGE_LOOP('',(#7360,#7368,#7369,#7370,#7378,#7386,#7394,#7402,
    #7410,#7418,#7426,#7434,#7442,#7450,#7458,#7466));
#7360 = ORIENTED_EDGE('',*,*,#7361,.F.);
#7361 = EDGE_CURVE('',#7275,#7362,#7364,.T.);
#7362 = VERTEX_POINT('',#7363);
#7363 = CARTESIAN_POINT('',(-0.75,-3.4,0.));
#7364 = LINE('',#7365,#7366);
#7365 = CARTESIAN_POINT('',(-2.45,-3.4,0.));
#7366 = VECTOR('',#7367,1.);
#7367 = DIRECTION('',(1.,-1.224646799147E-16,0.));
#7368 = ORIENTED_EDGE('',*,*,#7323,.T.);
#7369 = ORIENTED_EDGE('',*,*,#7155,.T.);
#7370 = ORIENTED_EDGE('',*,*,#7371,.F.);
#7371 = EDGE_CURVE('',#7372,#7156,#7374,.T.);
#7372 = VERTEX_POINT('',#7373);
#7373 = CARTESIAN_POINT('',(7.45,-3.4,0.));
#7374 = LINE('',#7375,#7376);
#7375 = CARTESIAN_POINT('',(7.45,-3.4,0.));
#7376 = VECTOR('',#7377,1.);
#7377 = DIRECTION('',(0.,0.,1.));
#7378 = ORIENTED_EDGE('',*,*,#7379,.F.);
#7379 = EDGE_CURVE('',#7380,#7372,#7382,.T.);
#7380 = VERTEX_POINT('',#7381);
#7381 = CARTESIAN_POINT('',(5.75,-3.4,0.));
#7382 = LINE('',#7383,#7384);
#7383 = CARTESIAN_POINT('',(-2.45,-3.4,0.));
#7384 = VECTOR('',#7385,1.);
#7385 = DIRECTION('',(1.,-1.224646799147E-16,0.));
#7386 = ORIENTED_EDGE('',*,*,#7387,.F.);
#7387 = EDGE_CURVE('',#7388,#7380,#7390,.T.);
#7388 = VERTEX_POINT('',#7389);
#7389 = CARTESIAN_POINT('',(5.75,-3.4,1.));
#7390 = LINE('',#7391,#7392);
#7391 = CARTESIAN_POINT('',(5.75,-3.4,1.));
#7392 = VECTOR('',#7393,1.);
#7393 = DIRECTION('',(-0.,0.,-1.));
#7394 = ORIENTED_EDGE('',*,*,#7395,.T.);
#7395 = EDGE_CURVE('',#7388,#7396,#7398,.T.);
#7396 = VERTEX_POINT('',#7397);
#7397 = CARTESIAN_POINT('',(4.25,-3.4,1.));
#7398 = LINE('',#7399,#7400);
#7399 = CARTESIAN_POINT('',(5.75,-3.4,1.));
#7400 = VECTOR('',#7401,1.);
#7401 = DIRECTION('',(-1.,1.224646799147E-16,0.));
#7402 = ORIENTED_EDGE('',*,*,#7403,.T.);
#7403 = EDGE_CURVE('',#7396,#7404,#7406,.T.);
#7404 = VERTEX_POINT('',#7405);
#7405 = CARTESIAN_POINT('',(4.25,-3.4,0.));
#7406 = LINE('',#7407,#7408);
#7407 = CARTESIAN_POINT('',(4.25,-3.4,1.));
#7408 = VECTOR('',#7409,1.);
#7409 = DIRECTION('',(-0.,0.,-1.));
#7410 = ORIENTED_EDGE('',*,*,#7411,.F.);
#7411 = EDGE_CURVE('',#7412,#7404,#7414,.T.);
#7412 = VERTEX_POINT('',#7413);
#7413 = CARTESIAN_POINT('',(3.25,-3.4,0.));
#7414 = LINE('',#7415,#7416);
#7415 = CARTESIAN_POINT('',(-2.45,-3.4,0.));
#7416 = VECTOR('',#7417,1.);
#7417 = DIRECTION('',(1.,-1.224646799147E-16,0.));
#7418 = ORIENTED_EDGE('',*,*,#7419,.F.);
#7419 = EDGE_CURVE('',#7420,#7412,#7422,.T.);
#7420 = VERTEX_POINT('',#7421);
#7421 = CARTESIAN_POINT('',(3.25,-3.4,1.));
#7422 = LINE('',#7423,#7424);
#7423 = CARTESIAN_POINT('',(3.25,-3.4,1.));
#7424 = VECTOR('',#7425,1.);
#7425 = DIRECTION('',(-0.,0.,-1.));
#7426 = ORIENTED_EDGE('',*,*,#7427,.T.);
#7427 = EDGE_CURVE('',#7420,#7428,#7430,.T.);
#7428 = VERTEX_POINT('',#7429);
#7429 = CARTESIAN_POINT('',(1.75,-3.4,1.));
#7430 = LINE('',#7431,#7432);
#7431 = CARTESIAN_POINT('',(3.25,-3.4,1.));
#7432 = VECTOR('',#7433,1.);
#7433 = DIRECTION('',(-1.,1.224646799147E-16,0.));
#7434 = ORIENTED_EDGE('',*,*,#7435,.T.);
#7435 = EDGE_CURVE('',#7428,#7436,#7438,.T.);
#7436 = VERTEX_POINT('',#7437);
#7437 = CARTESIAN_POINT('',(1.75,-3.4,0.));
#7438 = LINE('',#7439,#7440);
#7439 = CARTESIAN_POINT('',(1.75,-3.4,1.));
#7440 = VECTOR('',#7441,1.);
#7441 = DIRECTION('',(-0.,0.,-1.));
#7442 = ORIENTED_EDGE('',*,*,#7443,.F.);
#7443 = EDGE_CURVE('',#7444,#7436,#7446,.T.);
#7444 = VERTEX_POINT('',#7445);
#7445 = CARTESIAN_POINT('',(0.75,-3.4,0.));
#7446 = LINE('',#7447,#7448);
#7447 = CARTESIAN_POINT('',(-2.45,-3.4,0.));
#7448 = VECTOR('',#7449,1.);
#7449 = DIRECTION('',(1.,-1.224646799147E-16,0.));
#7450 = ORIENTED_EDGE('',*,*,#7451,.F.);
#7451 = EDGE_CURVE('',#7452,#7444,#7454,.T.);
#7452 = VERTEX_POINT('',#7453);
#7453 = CARTESIAN_POINT('',(0.75,-3.4,1.));
#7454 = LINE('',#7455,#7456);
#7455 = CARTESIAN_POINT('',(0.75,-3.4,1.));
#7456 = VECTOR('',#7457,1.);
#7457 = DIRECTION('',(-0.,0.,-1.));
#7458 = ORIENTED_EDGE('',*,*,#7459,.T.);
#7459 = EDGE_CURVE('',#7452,#7460,#7462,.T.);
#7460 = VERTEX_POINT('',#7461);
#7461 = CARTESIAN_POINT('',(-0.75,-3.4,1.));
#7462 = LINE('',#7463,#7464);
#7463 = CARTESIAN_POINT('',(0.75,-3.4,1.));
#7464 = VECTOR('',#7465,1.);
#7465 = DIRECTION('',(-1.,1.224646799147E-16,0.));
#7466 = ORIENTED_EDGE('',*,*,#7467,.T.);
#7467 = EDGE_CURVE('',#7460,#7362,#7468,.T.);
#7468 = LINE('',#7469,#7470);
#7469 = CARTESIAN_POINT('',(-0.75,-3.4,1.));
#7470 = VECTOR('',#7471,1.);
#7471 = DIRECTION('',(-0.,0.,-1.));
#7472 = PLANE('',#7473);
#7473 = AXIS2_PLACEMENT_3D('',#7474,#7475,#7476);
#7474 = CARTESIAN_POINT('',(-2.45,-3.4,0.));
#7475 = DIRECTION('',(1.224646799147E-16,1.,0.));
#7476 = DIRECTION('',(1.,-1.224646799147E-16,0.));
#7477 = ADVANCED_FACE('',(#7478),#7496,.F.);
#7478 = FACE_BOUND('',#7479,.T.);
#7479 = EDGE_LOOP('',(#7480,#7481,#7482,#7490));
#7480 = ORIENTED_EDGE('',*,*,#7339,.F.);
#7481 = ORIENTED_EDGE('',*,*,#7179,.T.);
#7482 = ORIENTED_EDGE('',*,*,#7483,.T.);
#7483 = EDGE_CURVE('',#7172,#7484,#7486,.T.);
#7484 = VERTEX_POINT('',#7485);
#7485 = CARTESIAN_POINT('',(6.6,0.5,6.8));
#7486 = LINE('',#7487,#7488);
#7487 = CARTESIAN_POINT('',(6.075,0.5,6.275));
#7488 = VECTOR('',#7489,1.);
#7489 = DIRECTION('',(-0.707106781187,8.659560562349E-17,-0.707106781187
    ));
#7490 = ORIENTED_EDGE('',*,*,#7491,.F.);
#7491 = EDGE_CURVE('',#7340,#7484,#7492,.T.);
#7492 = LINE('',#7493,#7494);
#7493 = CARTESIAN_POINT('',(6.6,-2.65,6.8));
#7494 = VECTOR('',#7495,1.);
#7495 = DIRECTION('',(1.224646799147E-16,1.,0.));
#7496 = PLANE('',#7497);
#7497 = AXIS2_PLACEMENT_3D('',#7498,#7499,#7500);
#7498 = CARTESIAN_POINT('',(6.7,-2.65,6.9));
#7499 = DIRECTION('',(0.707106781187,-8.659560562349E-17,-0.707106781187
    ));
#7500 = DIRECTION('',(-1.224646799147E-16,-1.,-2.105272540809E-29));
#7501 = ADVANCED_FACE('',(#7502),#7561,.F.);
#7502 = FACE_BOUND('',#7503,.F.);
#7503 = EDGE_LOOP('',(#7504,#7512,#7513,#7514,#7522,#7530,#7539,#7547,
    #7555));
#7504 = ORIENTED_EDGE('',*,*,#7505,.F.);
#7505 = EDGE_CURVE('',#7372,#7506,#7508,.T.);
#7506 = VERTEX_POINT('',#7507);
#7507 = CARTESIAN_POINT('',(7.45,2.35,0.));
#7508 = LINE('',#7509,#7510);
#7509 = CARTESIAN_POINT('',(7.45,-3.4,0.));
#7510 = VECTOR('',#7511,1.);
#7511 = DIRECTION('',(1.224646799147E-16,1.,0.));
#7512 = ORIENTED_EDGE('',*,*,#7371,.T.);
#7513 = ORIENTED_EDGE('',*,*,#7163,.T.);
#7514 = ORIENTED_EDGE('',*,*,#7515,.F.);
#7515 = EDGE_CURVE('',#7516,#7164,#7518,.T.);
#7516 = VERTEX_POINT('',#7517);
#7517 = CARTESIAN_POINT('',(7.45,0.5,3.65));
#7518 = LINE('',#7519,#7520);
#7519 = CARTESIAN_POINT('',(7.45,0.5,3.65));
#7520 = VECTOR('',#7521,1.);
#7521 = DIRECTION('',(0.,0.,1.));
#7522 = ORIENTED_EDGE('',*,*,#7523,.F.);
#7523 = EDGE_CURVE('',#7524,#7516,#7526,.T.);
#7524 = VERTEX_POINT('',#7525);
#7525 = CARTESIAN_POINT('',(7.45,1.,3.65));
#7526 = LINE('',#7527,#7528);
#7527 = CARTESIAN_POINT('',(7.45,1.,3.65));
#7528 = VECTOR('',#7529,1.);
#7529 = DIRECTION('',(-1.224646799147E-16,-1.,0.));
#7530 = ORIENTED_EDGE('',*,*,#7531,.F.);
#7531 = EDGE_CURVE('',#7532,#7524,#7534,.T.);
#7532 = VERTEX_POINT('',#7533);
#7533 = CARTESIAN_POINT('',(7.45,1.5,4.15));
#7534 = CIRCLE('',#7535,0.5);
#7535 = AXIS2_PLACEMENT_3D('',#7536,#7537,#7538);
#7536 = CARTESIAN_POINT('',(7.45,1.,4.15));
#7537 = DIRECTION('',(-1.,1.224646799147E-16,0.));
#7538 = DIRECTION('',(1.224646799147E-16,1.,0.));
#7539 = ORIENTED_EDGE('',*,*,#7540,.F.);
#7540 = EDGE_CURVE('',#7541,#7532,#7543,.T.);
#7541 = VERTEX_POINT('',#7542);
#7542 = CARTESIAN_POINT('',(7.45,1.5,7.));
#7543 = LINE('',#7544,#7545);
#7544 = CARTESIAN_POINT('',(7.45,1.5,7.));
#7545 = VECTOR('',#7546,1.);
#7546 = DIRECTION('',(-0.,0.,-1.));
#7547 = ORIENTED_EDGE('',*,*,#7548,.T.);
#7548 = EDGE_CURVE('',#7541,#7549,#7551,.T.);
#7549 = VERTEX_POINT('',#7550);
#7550 = CARTESIAN_POINT('',(7.45,2.35,7.));
#7551 = LINE('',#7552,#7553);
#7552 = CARTESIAN_POINT('',(7.45,-3.4,7.));
#7553 = VECTOR('',#7554,1.);
#7554 = DIRECTION('',(1.224646799147E-16,1.,0.));
#7555 = ORIENTED_EDGE('',*,*,#7556,.F.);
#7556 = EDGE_CURVE('',#7506,#7549,#7557,.T.);
#7557 = LINE('',#7558,#7559);
#7558 = CARTESIAN_POINT('',(7.45,2.35,0.));
#7559 = VECTOR('',#7560,1.);
#7560 = DIRECTION('',(0.,0.,1.));
#7561 = PLANE('',#7562);
#7562 = AXIS2_PLACEMENT_3D('',#7563,#7564,#7565);
#7563 = CARTESIAN_POINT('',(7.45,-3.4,0.));
#7564 = DIRECTION('',(-1.,1.224646799147E-16,0.));
#7565 = DIRECTION('',(1.224646799147E-16,1.,0.));
#7566 = ADVANCED_FACE('',(#7567),#7586,.T.);
#7567 = FACE_BOUND('',#7568,.T.);
#7568 = EDGE_LOOP('',(#7569,#7570,#7571,#7579,#7585));
#7569 = ORIENTED_EDGE('',*,*,#7171,.F.);
#7570 = ORIENTED_EDGE('',*,*,#7515,.F.);
#7571 = ORIENTED_EDGE('',*,*,#7572,.T.);
#7572 = EDGE_CURVE('',#7516,#7573,#7575,.T.);
#7573 = VERTEX_POINT('',#7574);
#7574 = CARTESIAN_POINT('',(6.6,0.5,3.65));
#7575 = LINE('',#7576,#7577);
#7576 = CARTESIAN_POINT('',(7.45,0.5,3.65));
#7577 = VECTOR('',#7578,1.);
#7578 = DIRECTION('',(-1.,1.224646799147E-16,0.));
#7579 = ORIENTED_EDGE('',*,*,#7580,.T.);
#7580 = EDGE_CURVE('',#7573,#7484,#7581,.T.);
#7581 = LINE('',#7582,#7583);
#7582 = CARTESIAN_POINT('',(6.6,0.5,5.325));
#7583 = VECTOR('',#7584,1.);
#7584 = DIRECTION('',(0.,0.,1.));
#7585 = ORIENTED_EDGE('',*,*,#7483,.F.);
#7586 = PLANE('',#7587);
#7587 = AXIS2_PLACEMENT_3D('',#7588,#7589,#7590);
#7588 = CARTESIAN_POINT('',(7.45,0.5,3.65));
#7589 = DIRECTION('',(1.224646799147E-16,1.,0.));
#7590 = DIRECTION('',(0.,-0.,1.));
#7591 = ADVANCED_FACE('',(#7592),#7635,.F.);
#7592 = FACE_BOUND('',#7593,.F.);
#7593 = EDGE_LOOP('',(#7594,#7595,#7603,#7612,#7620,#7628,#7634));
#7594 = ORIENTED_EDGE('',*,*,#7209,.T.);
#7595 = ORIENTED_EDGE('',*,*,#7596,.T.);
#7596 = EDGE_CURVE('',#7212,#7597,#7599,.T.);
#7597 = VERTEX_POINT('',#7598);
#7598 = CARTESIAN_POINT('',(-1.6,1.,3.65));
#7599 = LINE('',#7600,#7601);
#7600 = CARTESIAN_POINT('',(-1.6,1.25,3.65));
#7601 = VECTOR('',#7602,1.);
#7602 = DIRECTION('',(1.224646799147E-16,1.,0.));
#7603 = ORIENTED_EDGE('',*,*,#7604,.T.);
#7604 = EDGE_CURVE('',#7597,#7605,#7607,.T.);
#7605 = VERTEX_POINT('',#7606);
#7606 = CARTESIAN_POINT('',(-1.6,1.5,4.15));
#7607 = CIRCLE('',#7608,0.5);
#7608 = AXIS2_PLACEMENT_3D('',#7609,#7610,#7611);
#7609 = CARTESIAN_POINT('',(-1.6,1.,4.15));
#7610 = DIRECTION('',(1.,-1.224646799147E-16,0.));
#7611 = DIRECTION('',(1.224646799147E-16,1.,0.));
#7612 = ORIENTED_EDGE('',*,*,#7613,.T.);
#7613 = EDGE_CURVE('',#7605,#7614,#7616,.T.);
#7614 = VERTEX_POINT('',#7615);
#7615 = CARTESIAN_POINT('',(-1.6,1.5,1.85));
#7616 = LINE('',#7617,#7618);
#7617 = CARTESIAN_POINT('',(-1.6,1.5,7.));
#7618 = VECTOR('',#7619,1.);
#7619 = DIRECTION('',(0.,0.,-1.));
#7620 = ORIENTED_EDGE('',*,*,#7621,.T.);
#7621 = EDGE_CURVE('',#7614,#7622,#7624,.T.);
#7622 = VERTEX_POINT('',#7623);
#7623 = CARTESIAN_POINT('',(-1.6,-2.65,1.85));
#7624 = LINE('',#7625,#7626);
#7625 = CARTESIAN_POINT('',(-1.6,1.5,1.85));
#7626 = VECTOR('',#7627,1.);
#7627 = DIRECTION('',(-1.224646799147E-16,-1.,0.));
#7628 = ORIENTED_EDGE('',*,*,#7629,.F.);
#7629 = EDGE_CURVE('',#7251,#7622,#7630,.T.);
#7630 = LINE('',#7631,#7632);
#7631 = CARTESIAN_POINT('',(-1.6,-2.65,7.));
#7632 = VECTOR('',#7633,1.);
#7633 = DIRECTION('',(0.,0.,-1.));
#7634 = ORIENTED_EDGE('',*,*,#7258,.F.);
#7635 = PLANE('',#7636);
#7636 = AXIS2_PLACEMENT_3D('',#7637,#7638,#7639);
#7637 = CARTESIAN_POINT('',(-1.6,1.5,7.));
#7638 = DIRECTION('',(-1.,1.224646799147E-16,0.));
#7639 = DIRECTION('',(-1.224646799147E-16,-1.,0.));
#7640 = ADVANCED_FACE('',(#7641),#7652,.T.);
#7641 = FACE_BOUND('',#7642,.T.);
#7642 = EDGE_LOOP('',(#7643,#7644,#7650,#7651));
#7643 = ORIENTED_EDGE('',*,*,#7596,.T.);
#7644 = ORIENTED_EDGE('',*,*,#7645,.T.);
#7645 = EDGE_CURVE('',#7597,#7307,#7646,.T.);
#7646 = LINE('',#7647,#7648);
#7647 = CARTESIAN_POINT('',(7.45,1.,3.65));
#7648 = VECTOR('',#7649,1.);
#7649 = DIRECTION('',(-1.,1.224646799147E-16,0.));
#7650 = ORIENTED_EDGE('',*,*,#7315,.T.);
#7651 = ORIENTED_EDGE('',*,*,#7219,.F.);
#7652 = PLANE('',#7653);
#7653 = AXIS2_PLACEMENT_3D('',#7654,#7655,#7656);
#7654 = CARTESIAN_POINT('',(7.45,1.,3.65));
#7655 = DIRECTION('',(0.,0.,1.));
#7656 = DIRECTION('',(-1.224646799147E-16,-1.,0.));
#7657 = ADVANCED_FACE('',(#7658),#7676,.F.);
#7658 = FACE_BOUND('',#7659,.F.);
#7659 = EDGE_LOOP('',(#7660,#7661,#7662,#7670));
#7660 = ORIENTED_EDGE('',*,*,#7272,.T.);
#7661 = ORIENTED_EDGE('',*,*,#7361,.T.);
#7662 = ORIENTED_EDGE('',*,*,#7663,.T.);
#7663 = EDGE_CURVE('',#7362,#7664,#7666,.T.);
#7664 = VERTEX_POINT('',#7665);
#7665 = CARTESIAN_POINT('',(-0.75,2.35,0.));
#7666 = LINE('',#7667,#7668);
#7667 = CARTESIAN_POINT('',(-0.75,-3.4,0.));
#7668 = VECTOR('',#7669,1.);
#7669 = DIRECTION('',(1.224646799147E-16,1.,0.));
#7670 = ORIENTED_EDGE('',*,*,#7671,.T.);
#7671 = EDGE_CURVE('',#7664,#7273,#7672,.T.);
#7672 = LINE('',#7673,#7674);
#7673 = CARTESIAN_POINT('',(7.45,2.35,0.));
#7674 = VECTOR('',#7675,1.);
#7675 = DIRECTION('',(-1.,1.224646799147E-16,0.));
#7676 = PLANE('',#7677);
#7677 = AXIS2_PLACEMENT_3D('',#7678,#7679,#7680);
#7678 = CARTESIAN_POINT('',(2.5,-0.525,0.));
#7679 = DIRECTION('',(0.,0.,1.));
#7680 = DIRECTION('',(-1.,1.224646799147E-16,0.));
#7681 = ADVANCED_FACE('',(#7682),#7693,.F.);
#7682 = FACE_BOUND('',#7683,.F.);
#7683 = EDGE_LOOP('',(#7684,#7685,#7686,#7692));
#7684 = ORIENTED_EDGE('',*,*,#7645,.T.);
#7685 = ORIENTED_EDGE('',*,*,#7306,.T.);
#7686 = ORIENTED_EDGE('',*,*,#7687,.F.);
#7687 = EDGE_CURVE('',#7605,#7299,#7688,.T.);
#7688 = LINE('',#7689,#7690);
#7689 = CARTESIAN_POINT('',(7.45,1.5,4.15));
#7690 = VECTOR('',#7691,1.);
#7691 = DIRECTION('',(-1.,1.224646799147E-16,0.));
#7692 = ORIENTED_EDGE('',*,*,#7604,.F.);
#7693 = CYLINDRICAL_SURFACE('',#7694,0.5);
#7694 = AXIS2_PLACEMENT_3D('',#7695,#7696,#7697);
#7695 = CARTESIAN_POINT('',(7.45,1.,4.15));
#7696 = DIRECTION('',(1.,-1.224646799147E-16,-0.));
#7697 = DIRECTION('',(1.224646799147E-16,1.,0.));
#7698 = ADVANCED_FACE('',(#7699),#7863,.T.);
#7699 = FACE_BOUND('',#7700,.T.);
#7700 = EDGE_LOOP('',(#7701,#7702,#7710,#7718,#7726,#7734,#7742,#7751,
    #7759,#7767,#7775,#7783,#7791,#7800,#7808,#7816,#7824,#7832,#7838,
    #7839,#7840,#7841,#7849,#7857));
#7701 = ORIENTED_EDGE('',*,*,#7540,.F.);
#7702 = ORIENTED_EDGE('',*,*,#7703,.T.);
#7703 = EDGE_CURVE('',#7541,#7704,#7706,.T.);
#7704 = VERTEX_POINT('',#7705);
#7705 = CARTESIAN_POINT('',(5.5,1.5,7.));
#7706 = LINE('',#7707,#7708);
#7707 = CARTESIAN_POINT('',(7.45,1.5,7.));
#7708 = VECTOR('',#7709,1.);
#7709 = DIRECTION('',(-1.,1.224646799147E-16,0.));
#7710 = ORIENTED_EDGE('',*,*,#7711,.T.);
#7711 = EDGE_CURVE('',#7704,#7712,#7714,.T.);
#7712 = VERTEX_POINT('',#7713);
#7713 = CARTESIAN_POINT('',(5.5,1.5,6.1));
#7714 = LINE('',#7715,#7716);
#7715 = CARTESIAN_POINT('',(5.5,1.5,5.327450166113));
#7716 = VECTOR('',#7717,1.);
#7717 = DIRECTION('',(-4.93432455389E-16,8.449221308824E-17,-1.));
#7718 = ORIENTED_EDGE('',*,*,#7719,.T.);
#7719 = EDGE_CURVE('',#7712,#7720,#7722,.T.);
#7720 = VERTEX_POINT('',#7721);
#7721 = CARTESIAN_POINT('',(5.25,1.5,5.85));
#7722 = LINE('',#7723,#7724);
#7723 = CARTESIAN_POINT('',(4.238725083056,1.5,4.838725083056));
#7724 = VECTOR('',#7725,1.);
#7725 = DIRECTION('',(-0.707106781187,1.463406224556E-16,-0.707106781187
    ));
#7726 = ORIENTED_EDGE('',*,*,#7727,.T.);
#7727 = EDGE_CURVE('',#7720,#7728,#7730,.T.);
#7728 = VERTEX_POINT('',#7729);
#7729 = CARTESIAN_POINT('',(5.5,1.5,5.6));
#7730 = LINE('',#7731,#7732);
#7731 = CARTESIAN_POINT('',(5.011274916944,1.5,6.088725083056));
#7732 = VECTOR('',#7733,1.);
#7733 = DIRECTION('',(0.707106781187,-2.685058879138E-17,-0.707106781187
    ));
#7734 = ORIENTED_EDGE('',*,*,#7735,.T.);
#7735 = EDGE_CURVE('',#7728,#7736,#7738,.T.);
#7736 = VERTEX_POINT('',#7737);
#7737 = CARTESIAN_POINT('',(5.5,1.5,3.85));
#7738 = LINE('',#7739,#7740);
#7739 = CARTESIAN_POINT('',(5.5,1.5,3.827450166113));
#7740 = VECTOR('',#7741,1.);
#7741 = DIRECTION('',(1.034731183114E-32,8.449221308824E-17,-1.));
#7742 = ORIENTED_EDGE('',*,*,#7743,.F.);
#7743 = EDGE_CURVE('',#7744,#7736,#7746,.T.);
#7744 = VERTEX_POINT('',#7745);
#7745 = CARTESIAN_POINT('',(4.75,1.5,3.1));
#7746 = CIRCLE('',#7747,0.75);
#7747 = AXIS2_PLACEMENT_3D('',#7748,#7749,#7750);
#7748 = CARTESIAN_POINT('',(4.75,1.5,3.85));
#7749 = DIRECTION('',(-1.224646799147E-16,-1.,0.));
#7750 = DIRECTION('',(-0.,0.,-1.));
#7751 = ORIENTED_EDGE('',*,*,#7752,.T.);
#7752 = EDGE_CURVE('',#7744,#7753,#7755,.T.);
#7753 = VERTEX_POINT('',#7754);
#7754 = CARTESIAN_POINT('',(4.,1.5,3.1));
#7755 = LINE('',#7756,#7757);
#7756 = CARTESIAN_POINT('',(3.25,1.5,3.1));
#7757 = VECTOR('',#7758,1.);
#7758 = DIRECTION('',(-1.,1.224646799147E-16,0.));
#7759 = ORIENTED_EDGE('',*,*,#7760,.T.);
#7760 = EDGE_CURVE('',#7753,#7761,#7763,.T.);
#7761 = VERTEX_POINT('',#7762);
#7762 = CARTESIAN_POINT('',(4.,1.5,7.));
#7763 = LINE('',#7764,#7765);
#7764 = CARTESIAN_POINT('',(4.,1.5,5.777450166113));
#7765 = VECTOR('',#7766,1.);
#7766 = DIRECTION('',(-1.034731183114E-32,-8.449221308824E-17,1.));
#7767 = ORIENTED_EDGE('',*,*,#7768,.T.);
#7768 = EDGE_CURVE('',#7761,#7769,#7771,.T.);
#7769 = VERTEX_POINT('',#7770);
#7770 = CARTESIAN_POINT('',(1.,1.5,7.));
#7771 = LINE('',#7772,#7773);
#7772 = CARTESIAN_POINT('',(7.45,1.5,7.));
#7773 = VECTOR('',#7774,1.);
#7774 = DIRECTION('',(-1.,1.224646799147E-16,0.));
#7775 = ORIENTED_EDGE('',*,*,#7776,.F.);
#7776 = EDGE_CURVE('',#7777,#7769,#7779,.T.);
#7777 = VERTEX_POINT('',#7778);
#7778 = CARTESIAN_POINT('',(1.,1.5,3.1));
#7779 = LINE('',#7780,#7781);
#7780 = CARTESIAN_POINT('',(1.,1.5,5.777450166113));
#7781 = VECTOR('',#7782,1.);
#7782 = DIRECTION('',(-1.034731183114E-32,-8.449221308824E-17,1.));
#7783 = ORIENTED_EDGE('',*,*,#7784,.F.);
#7784 = EDGE_CURVE('',#7785,#7777,#7787,.T.);
#7785 = VERTEX_POINT('',#7786);
#7786 = CARTESIAN_POINT('',(0.25,1.5,3.1));
#7787 = LINE('',#7788,#7789);
#7788 = CARTESIAN_POINT('',(1.75,1.5,3.1));
#7789 = VECTOR('',#7790,1.);
#7790 = DIRECTION('',(1.,-1.224646799147E-16,-0.));
#7791 = ORIENTED_EDGE('',*,*,#7792,.F.);
#7792 = EDGE_CURVE('',#7793,#7785,#7795,.T.);
#7793 = VERTEX_POINT('',#7794);
#7794 = CARTESIAN_POINT('',(-0.5,1.5,3.85));
#7795 = CIRCLE('',#7796,0.75);
#7796 = AXIS2_PLACEMENT_3D('',#7797,#7798,#7799);
#7797 = CARTESIAN_POINT('',(0.25,1.5,3.85));
#7798 = DIRECTION('',(-1.224646799147E-16,-1.,0.));
#7799 = DIRECTION('',(-0.,0.,-1.));
#7800 = ORIENTED_EDGE('',*,*,#7801,.F.);
#7801 = EDGE_CURVE('',#7802,#7793,#7804,.T.);
#7802 = VERTEX_POINT('',#7803);
#7803 = CARTESIAN_POINT('',(-0.5,1.5,5.6));
#7804 = LINE('',#7805,#7806);
#7805 = CARTESIAN_POINT('',(-0.5,1.5,3.827450166113));
#7806 = VECTOR('',#7807,1.);
#7807 = DIRECTION('',(1.034731183114E-32,8.449221308824E-17,-1.));
#7808 = ORIENTED_EDGE('',*,*,#7809,.F.);
#7809 = EDGE_CURVE('',#7810,#7802,#7812,.T.);
#7810 = VERTEX_POINT('',#7811);
#7811 = CARTESIAN_POINT('',(-0.25,1.5,5.85));
#7812 = LINE('',#7813,#7814);
#7813 = CARTESIAN_POINT('',(-1.127491694352E-02,1.5,6.088725083056));
#7814 = VECTOR('',#7815,1.);
#7815 = DIRECTION('',(-0.707106781187,1.463406224556E-16,-0.707106781187
    ));
#7816 = ORIENTED_EDGE('',*,*,#7817,.F.);
#7817 = EDGE_CURVE('',#7818,#7810,#7820,.T.);
#7818 = VERTEX_POINT('',#7819);
#7819 = CARTESIAN_POINT('',(-0.5,1.5,6.1));
#7820 = LINE('',#7821,#7822);
#7821 = CARTESIAN_POINT('',(0.761274916944,1.5,4.838725083056));
#7822 = VECTOR('',#7823,1.);
#7823 = DIRECTION('',(0.707106781187,-2.685058879138E-17,-0.707106781187
    ));
#7824 = ORIENTED_EDGE('',*,*,#7825,.F.);
#7825 = EDGE_CURVE('',#7826,#7818,#7828,.T.);
#7826 = VERTEX_POINT('',#7827);
#7827 = CARTESIAN_POINT('',(-0.5,1.5,7.));
#7828 = LINE('',#7829,#7830);
#7829 = CARTESIAN_POINT('',(-0.5,1.5,5.327450166113));
#7830 = VECTOR('',#7831,1.);
#7831 = DIRECTION('',(1.034731183114E-32,8.449221308824E-17,-1.));
#7832 = ORIENTED_EDGE('',*,*,#7833,.T.);
#7833 = EDGE_CURVE('',#7826,#7291,#7834,.T.);
#7834 = LINE('',#7835,#7836);
#7835 = CARTESIAN_POINT('',(7.45,1.5,7.));
#7836 = VECTOR('',#7837,1.);
#7837 = DIRECTION('',(-1.,1.224646799147E-16,0.));
#7838 = ORIENTED_EDGE('',*,*,#7298,.T.);
#7839 = ORIENTED_EDGE('',*,*,#7687,.F.);
#7840 = ORIENTED_EDGE('',*,*,#7613,.T.);
#7841 = ORIENTED_EDGE('',*,*,#7842,.F.);
#7842 = EDGE_CURVE('',#7843,#7614,#7845,.T.);
#7843 = VERTEX_POINT('',#7844);
#7844 = CARTESIAN_POINT('',(6.6,1.5,1.85));
#7845 = LINE('',#7846,#7847);
#7846 = CARTESIAN_POINT('',(6.6,1.5,1.85));
#7847 = VECTOR('',#7848,1.);
#7848 = DIRECTION('',(-1.,1.224646799147E-16,0.));
#7849 = ORIENTED_EDGE('',*,*,#7850,.F.);
#7850 = EDGE_CURVE('',#7851,#7843,#7853,.T.);
#7851 = VERTEX_POINT('',#7852);
#7852 = CARTESIAN_POINT('',(6.6,1.5,4.15));
#7853 = LINE('',#7854,#7855);
#7854 = CARTESIAN_POINT('',(6.6,1.5,7.));
#7855 = VECTOR('',#7856,1.);
#7856 = DIRECTION('',(0.,0.,-1.));
#7857 = ORIENTED_EDGE('',*,*,#7858,.F.);
#7858 = EDGE_CURVE('',#7532,#7851,#7859,.T.);
#7859 = LINE('',#7860,#7861);
#7860 = CARTESIAN_POINT('',(7.45,1.5,4.15));
#7861 = VECTOR('',#7862,1.);
#7862 = DIRECTION('',(-1.,1.224646799147E-16,0.));
#7863 = PLANE('',#7864);
#7864 = AXIS2_PLACEMENT_3D('',#7865,#7866,#7867);
#7865 = CARTESIAN_POINT('',(2.5,1.5,4.554900332226));
#7866 = DIRECTION('',(-1.224646799147E-16,-1.,-8.449221308824E-17));
#7867 = DIRECTION('',(-1.034731183114E-32,-8.449221308824E-17,1.));
#7868 = ADVANCED_FACE('',(#7869),#7887,.T.);
#7869 = FACE_BOUND('',#7870,.T.);
#7870 = EDGE_LOOP('',(#7871,#7872,#7880,#7886));
#7871 = ORIENTED_EDGE('',*,*,#7833,.F.);
#7872 = ORIENTED_EDGE('',*,*,#7873,.F.);
#7873 = EDGE_CURVE('',#7874,#7826,#7876,.T.);
#7874 = VERTEX_POINT('',#7875);
#7875 = CARTESIAN_POINT('',(-0.5,2.35,7.));
#7876 = LINE('',#7877,#7878);
#7877 = CARTESIAN_POINT('',(-0.5,2.35,7.));
#7878 = VECTOR('',#7879,1.);
#7879 = DIRECTION('',(-1.224646799147E-16,-1.,0.));
#7880 = ORIENTED_EDGE('',*,*,#7881,.T.);
#7881 = EDGE_CURVE('',#7874,#7283,#7882,.T.);
#7882 = LINE('',#7883,#7884);
#7883 = CARTESIAN_POINT('',(7.45,2.35,7.));
#7884 = VECTOR('',#7885,1.);
#7885 = DIRECTION('',(-1.,1.224646799147E-16,0.));
#7886 = ORIENTED_EDGE('',*,*,#7290,.T.);
#7887 = PLANE('',#7888);
#7888 = AXIS2_PLACEMENT_3D('',#7889,#7890,#7891);
#7889 = CARTESIAN_POINT('',(2.5,-0.525,7.));
#7890 = DIRECTION('',(0.,0.,1.));
#7891 = DIRECTION('',(-1.,1.224646799147E-16,0.));
#7892 = ADVANCED_FACE('',(#7893),#8121,.F.);
#7893 = FACE_BOUND('',#7894,.F.);
#7894 = EDGE_LOOP('',(#7895,#7903,#7904,#7912,#7920,#7928,#7936,#7944,
    #7953,#7961,#7969,#7977,#7985,#7993,#8002,#8010,#8018,#8026,#8032,
    #8033,#8034,#8035,#8043,#8051,#8059,#8067,#8075,#8083,#8091,#8099,
    #8107,#8115));
#7895 = ORIENTED_EDGE('',*,*,#7896,.F.);
#7896 = EDGE_CURVE('',#7506,#7897,#7899,.T.);
#7897 = VERTEX_POINT('',#7898);
#7898 = CARTESIAN_POINT('',(5.75,2.35,0.));
#7899 = LINE('',#7900,#7901);
#7900 = CARTESIAN_POINT('',(7.45,2.35,0.));
#7901 = VECTOR('',#7902,1.);
#7902 = DIRECTION('',(-1.,1.224646799147E-16,0.));
#7903 = ORIENTED_EDGE('',*,*,#7556,.T.);
#7904 = ORIENTED_EDGE('',*,*,#7905,.T.);
#7905 = EDGE_CURVE('',#7549,#7906,#7908,.T.);
#7906 = VERTEX_POINT('',#7907);
#7907 = CARTESIAN_POINT('',(5.5,2.35,7.));
#7908 = LINE('',#7909,#7910);
#7909 = CARTESIAN_POINT('',(7.45,2.35,7.));
#7910 = VECTOR('',#7911,1.);
#7911 = DIRECTION('',(-1.,1.224646799147E-16,0.));
#7912 = ORIENTED_EDGE('',*,*,#7913,.F.);
#7913 = EDGE_CURVE('',#7914,#7906,#7916,.T.);
#7914 = VERTEX_POINT('',#7915);
#7915 = CARTESIAN_POINT('',(5.5,2.35,6.1));
#7916 = LINE('',#7917,#7918);
#7917 = CARTESIAN_POINT('',(5.5,2.35,6.1));
#7918 = VECTOR('',#7919,1.);
#7919 = DIRECTION('',(4.93432455389E-16,-6.042804770875E-32,1.));
#7920 = ORIENTED_EDGE('',*,*,#7921,.F.);
#7921 = EDGE_CURVE('',#7922,#7914,#7924,.T.);
#7922 = VERTEX_POINT('',#7923);
#7923 = CARTESIAN_POINT('',(5.25,2.35,5.85));
#7924 = LINE('',#7925,#7926);
#7925 = CARTESIAN_POINT('',(5.25,2.35,5.85));
#7926 = VECTOR('',#7927,1.);
#7927 = DIRECTION('',(0.707106781187,-8.659560562349E-17,0.707106781187)
  );
#7928 = ORIENTED_EDGE('',*,*,#7929,.F.);
#7929 = EDGE_CURVE('',#7930,#7922,#7932,.T.);
#7930 = VERTEX_POINT('',#7931);
#7931 = CARTESIAN_POINT('',(5.5,2.35,5.6));
#7932 = LINE('',#7933,#7934);
#7933 = CARTESIAN_POINT('',(5.5,2.35,5.6));
#7934 = VECTOR('',#7935,1.);
#7935 = DIRECTION('',(-0.707106781187,8.659560562349E-17,0.707106781187)
  );
#7936 = ORIENTED_EDGE('',*,*,#7937,.F.);
#7937 = EDGE_CURVE('',#7938,#7930,#7940,.T.);
#7938 = VERTEX_POINT('',#7939);
#7939 = CARTESIAN_POINT('',(5.5,2.35,3.85));
#7940 = LINE('',#7941,#7942);
#7941 = CARTESIAN_POINT('',(5.5,2.35,3.1));
#7942 = VECTOR('',#7943,1.);
#7943 = DIRECTION('',(0.,0.,1.));
#7944 = ORIENTED_EDGE('',*,*,#7945,.F.);
#7945 = EDGE_CURVE('',#7946,#7938,#7948,.T.);
#7946 = VERTEX_POINT('',#7947);
#7947 = CARTESIAN_POINT('',(4.75,2.35,3.1));
#7948 = CIRCLE('',#7949,0.75);
#7949 = AXIS2_PLACEMENT_3D('',#7950,#7951,#7952);
#7950 = CARTESIAN_POINT('',(4.75,2.35,3.85));
#7951 = DIRECTION('',(-1.224646799147E-16,-1.,0.));
#7952 = DIRECTION('',(0.,0.,1.));
#7953 = ORIENTED_EDGE('',*,*,#7954,.F.);
#7954 = EDGE_CURVE('',#7955,#7946,#7957,.T.);
#7955 = VERTEX_POINT('',#7956);
#7956 = CARTESIAN_POINT('',(4.,2.35,3.1));
#7957 = LINE('',#7958,#7959);
#7958 = CARTESIAN_POINT('',(4.,2.35,3.1));
#7959 = VECTOR('',#7960,1.);
#7960 = DIRECTION('',(1.,-1.224646799147E-16,0.));
#7961 = ORIENTED_EDGE('',*,*,#7962,.F.);
#7962 = EDGE_CURVE('',#7963,#7955,#7965,.T.);
#7963 = VERTEX_POINT('',#7964);
#7964 = CARTESIAN_POINT('',(4.,2.35,7.));
#7965 = LINE('',#7966,#7967);
#7966 = CARTESIAN_POINT('',(4.,2.35,7.));
#7967 = VECTOR('',#7968,1.);
#7968 = DIRECTION('',(-0.,0.,-1.));
#7969 = ORIENTED_EDGE('',*,*,#7970,.T.);
#7970 = EDGE_CURVE('',#7963,#7971,#7973,.T.);
#7971 = VERTEX_POINT('',#7972);
#7972 = CARTESIAN_POINT('',(1.,2.35,7.));
#7973 = LINE('',#7974,#7975);
#7974 = CARTESIAN_POINT('',(7.45,2.35,7.));
#7975 = VECTOR('',#7976,1.);
#7976 = DIRECTION('',(-1.,1.224646799147E-16,0.));
#7977 = ORIENTED_EDGE('',*,*,#7978,.T.);
#7978 = EDGE_CURVE('',#7971,#7979,#7981,.T.);
#7979 = VERTEX_POINT('',#7980);
#7980 = CARTESIAN_POINT('',(1.,2.35,3.1));
#7981 = LINE('',#7982,#7983);
#7982 = CARTESIAN_POINT('',(1.,2.35,7.));
#7983 = VECTOR('',#7984,1.);
#7984 = DIRECTION('',(-0.,0.,-1.));
#7985 = ORIENTED_EDGE('',*,*,#7986,.T.);
#7986 = EDGE_CURVE('',#7979,#7987,#7989,.T.);
#7987 = VERTEX_POINT('',#7988);
#7988 = CARTESIAN_POINT('',(0.25,2.35,3.1));
#7989 = LINE('',#7990,#7991);
#7990 = CARTESIAN_POINT('',(1.,2.35,3.1));
#7991 = VECTOR('',#7992,1.);
#7992 = DIRECTION('',(-1.,1.224646799147E-16,0.));
#7993 = ORIENTED_EDGE('',*,*,#7994,.T.);
#7994 = EDGE_CURVE('',#7987,#7995,#7997,.T.);
#7995 = VERTEX_POINT('',#7996);
#7996 = CARTESIAN_POINT('',(-0.5,2.35,3.85));
#7997 = CIRCLE('',#7998,0.75);
#7998 = AXIS2_PLACEMENT_3D('',#7999,#8000,#8001);
#7999 = CARTESIAN_POINT('',(0.25,2.35,3.85));
#8000 = DIRECTION('',(1.224646799147E-16,1.,-0.));
#8001 = DIRECTION('',(0.,0.,1.));
#8002 = ORIENTED_EDGE('',*,*,#8003,.T.);
#8003 = EDGE_CURVE('',#7995,#8004,#8006,.T.);
#8004 = VERTEX_POINT('',#8005);
#8005 = CARTESIAN_POINT('',(-0.5,2.35,5.6));
#8006 = LINE('',#8007,#8008);
#8007 = CARTESIAN_POINT('',(-0.5,2.35,3.1));
#8008 = VECTOR('',#8009,1.);
#8009 = DIRECTION('',(0.,0.,1.));
#8010 = ORIENTED_EDGE('',*,*,#8011,.T.);
#8011 = EDGE_CURVE('',#8004,#8012,#8014,.T.);
#8012 = VERTEX_POINT('',#8013);
#8013 = CARTESIAN_POINT('',(-0.25,2.35,5.85));
#8014 = LINE('',#8015,#8016);
#8015 = CARTESIAN_POINT('',(-0.5,2.35,5.6));
#8016 = VECTOR('',#8017,1.);
#8017 = DIRECTION('',(0.707106781187,-8.659560562349E-17,0.707106781187)
  );
#8018 = ORIENTED_EDGE('',*,*,#8019,.T.);
#8019 = EDGE_CURVE('',#8012,#8020,#8022,.T.);
#8020 = VERTEX_POINT('',#8021);
#8021 = CARTESIAN_POINT('',(-0.5,2.35,6.1));
#8022 = LINE('',#8023,#8024);
#8023 = CARTESIAN_POINT('',(-0.25,2.35,5.85));
#8024 = VECTOR('',#8025,1.);
#8025 = DIRECTION('',(-0.707106781187,8.659560562349E-17,0.707106781187)
  );
#8026 = ORIENTED_EDGE('',*,*,#8027,.T.);
#8027 = EDGE_CURVE('',#8020,#7874,#8028,.T.);
#8028 = LINE('',#8029,#8030);
#8029 = CARTESIAN_POINT('',(-0.5,2.35,6.1));
#8030 = VECTOR('',#8031,1.);
#8031 = DIRECTION('',(0.,0.,1.));
#8032 = ORIENTED_EDGE('',*,*,#7881,.T.);
#8033 = ORIENTED_EDGE('',*,*,#7282,.F.);
#8034 = ORIENTED_EDGE('',*,*,#7671,.F.);
#8035 = ORIENTED_EDGE('',*,*,#8036,.T.);
#8036 = EDGE_CURVE('',#7664,#8037,#8039,.T.);
#8037 = VERTEX_POINT('',#8038);
#8038 = CARTESIAN_POINT('',(-0.75,2.35,1.));
#8039 = LINE('',#8040,#8041);
#8040 = CARTESIAN_POINT('',(-0.75,2.35,0.));
#8041 = VECTOR('',#8042,1.);
#8042 = DIRECTION('',(0.,0.,1.));
#8043 = ORIENTED_EDGE('',*,*,#8044,.F.);
#8044 = EDGE_CURVE('',#8045,#8037,#8047,.T.);
#8045 = VERTEX_POINT('',#8046);
#8046 = CARTESIAN_POINT('',(0.75,2.35,1.));
#8047 = LINE('',#8048,#8049);
#8048 = CARTESIAN_POINT('',(0.75,2.35,1.));
#8049 = VECTOR('',#8050,1.);
#8050 = DIRECTION('',(-1.,1.224646799147E-16,0.));
#8051 = ORIENTED_EDGE('',*,*,#8052,.F.);
#8052 = EDGE_CURVE('',#8053,#8045,#8055,.T.);
#8053 = VERTEX_POINT('',#8054);
#8054 = CARTESIAN_POINT('',(0.75,2.35,0.));
#8055 = LINE('',#8056,#8057);
#8056 = CARTESIAN_POINT('',(0.75,2.35,0.));
#8057 = VECTOR('',#8058,1.);
#8058 = DIRECTION('',(0.,0.,1.));
#8059 = ORIENTED_EDGE('',*,*,#8060,.F.);
#8060 = EDGE_CURVE('',#8061,#8053,#8063,.T.);
#8061 = VERTEX_POINT('',#8062);
#8062 = CARTESIAN_POINT('',(1.75,2.35,0.));
#8063 = LINE('',#8064,#8065);
#8064 = CARTESIAN_POINT('',(7.45,2.35,0.));
#8065 = VECTOR('',#8066,1.);
#8066 = DIRECTION('',(-1.,1.224646799147E-16,0.));
#8067 = ORIENTED_EDGE('',*,*,#8068,.T.);
#8068 = EDGE_CURVE('',#8061,#8069,#8071,.T.);
#8069 = VERTEX_POINT('',#8070);
#8070 = CARTESIAN_POINT('',(1.75,2.35,1.));
#8071 = LINE('',#8072,#8073);
#8072 = CARTESIAN_POINT('',(1.75,2.35,0.));
#8073 = VECTOR('',#8074,1.);
#8074 = DIRECTION('',(0.,0.,1.));
#8075 = ORIENTED_EDGE('',*,*,#8076,.F.);
#8076 = EDGE_CURVE('',#8077,#8069,#8079,.T.);
#8077 = VERTEX_POINT('',#8078);
#8078 = CARTESIAN_POINT('',(3.25,2.35,1.));
#8079 = LINE('',#8080,#8081);
#8080 = CARTESIAN_POINT('',(3.25,2.35,1.));
#8081 = VECTOR('',#8082,1.);
#8082 = DIRECTION('',(-1.,1.224646799147E-16,0.));
#8083 = ORIENTED_EDGE('',*,*,#8084,.F.);
#8084 = EDGE_CURVE('',#8085,#8077,#8087,.T.);
#8085 = VERTEX_POINT('',#8086);
#8086 = CARTESIAN_POINT('',(3.25,2.35,0.));
#8087 = LINE('',#8088,#8089);
#8088 = CARTESIAN_POINT('',(3.25,2.35,0.));
#8089 = VECTOR('',#8090,1.);
#8090 = DIRECTION('',(0.,0.,1.));
#8091 = ORIENTED_EDGE('',*,*,#8092,.F.);
#8092 = EDGE_CURVE('',#8093,#8085,#8095,.T.);
#8093 = VERTEX_POINT('',#8094);
#8094 = CARTESIAN_POINT('',(4.25,2.35,0.));
#8095 = LINE('',#8096,#8097);
#8096 = CARTESIAN_POINT('',(7.45,2.35,0.));
#8097 = VECTOR('',#8098,1.);
#8098 = DIRECTION('',(-1.,1.224646799147E-16,0.));
#8099 = ORIENTED_EDGE('',*,*,#8100,.T.);
#8100 = EDGE_CURVE('',#8093,#8101,#8103,.T.);
#8101 = VERTEX_POINT('',#8102);
#8102 = CARTESIAN_POINT('',(4.25,2.35,1.));
#8103 = LINE('',#8104,#8105);
#8104 = CARTESIAN_POINT('',(4.25,2.35,0.));
#8105 = VECTOR('',#8106,1.);
#8106 = DIRECTION('',(0.,0.,1.));
#8107 = ORIENTED_EDGE('',*,*,#8108,.F.);
#8108 = EDGE_CURVE('',#8109,#8101,#8111,.T.);
#8109 = VERTEX_POINT('',#8110);
#8110 = CARTESIAN_POINT('',(5.75,2.35,1.));
#8111 = LINE('',#8112,#8113);
#8112 = CARTESIAN_POINT('',(5.75,2.35,1.));
#8113 = VECTOR('',#8114,1.);
#8114 = DIRECTION('',(-1.,1.224646799147E-16,0.));
#8115 = ORIENTED_EDGE('',*,*,#8116,.F.);
#8116 = EDGE_CURVE('',#7897,#8109,#8117,.T.);
#8117 = LINE('',#8118,#8119);
#8118 = CARTESIAN_POINT('',(5.75,2.35,0.));
#8119 = VECTOR('',#8120,1.);
#8120 = DIRECTION('',(0.,0.,1.));
#8121 = PLANE('',#8122);
#8122 = AXIS2_PLACEMENT_3D('',#8123,#8124,#8125);
#8123 = CARTESIAN_POINT('',(7.45,2.35,0.));
#8124 = DIRECTION('',(-1.224646799147E-16,-1.,0.));
#8125 = DIRECTION('',(-1.,1.224646799147E-16,0.));
#8126 = ADVANCED_FACE('',(#8127),#8145,.F.);
#8127 = FACE_BOUND('',#8128,.F.);
#8128 = EDGE_LOOP('',(#8129,#8130,#8138,#8144));
#8129 = ORIENTED_EDGE('',*,*,#7629,.T.);
#8130 = ORIENTED_EDGE('',*,*,#8131,.T.);
#8131 = EDGE_CURVE('',#7622,#8132,#8134,.T.);
#8132 = VERTEX_POINT('',#8133);
#8133 = CARTESIAN_POINT('',(6.6,-2.65,1.85));
#8134 = LINE('',#8135,#8136);
#8135 = CARTESIAN_POINT('',(-1.6,-2.65,1.85));
#8136 = VECTOR('',#8137,1.);
#8137 = DIRECTION('',(1.,-1.224646799147E-16,0.));
#8138 = ORIENTED_EDGE('',*,*,#8139,.F.);
#8139 = EDGE_CURVE('',#7340,#8132,#8140,.T.);
#8140 = LINE('',#8141,#8142);
#8141 = CARTESIAN_POINT('',(6.6,-2.65,7.));
#8142 = VECTOR('',#8143,1.);
#8143 = DIRECTION('',(0.,0.,-1.));
#8144 = ORIENTED_EDGE('',*,*,#7347,.F.);
#8145 = PLANE('',#8146);
#8146 = AXIS2_PLACEMENT_3D('',#8147,#8148,#8149);
#8147 = CARTESIAN_POINT('',(-1.6,-2.65,7.));
#8148 = DIRECTION('',(-1.224646799147E-16,-1.,0.));
#8149 = DIRECTION('',(1.,-1.224646799147E-16,0.));
#8150 = ADVANCED_FACE('',(#8151),#8178,.T.);
#8151 = FACE_BOUND('',#8152,.T.);
#8152 = EDGE_LOOP('',(#8153,#8154,#8162,#8170,#8176,#8177));
#8153 = ORIENTED_EDGE('',*,*,#8036,.T.);
#8154 = ORIENTED_EDGE('',*,*,#8155,.T.);
#8155 = EDGE_CURVE('',#8037,#8156,#8158,.T.);
#8156 = VERTEX_POINT('',#8157);
#8157 = CARTESIAN_POINT('',(-0.75,0.5,0.3));
#8158 = LINE('',#8159,#8160);
#8159 = CARTESIAN_POINT('',(-0.75,2.35,1.));
#8160 = VECTOR('',#8161,1.);
#8161 = DIRECTION('',(-1.14539532148E-16,-0.935286257456,-0.353892097416
    ));
#8162 = ORIENTED_EDGE('',*,*,#8163,.T.);
#8163 = EDGE_CURVE('',#8156,#8164,#8166,.T.);
#8164 = VERTEX_POINT('',#8165);
#8165 = CARTESIAN_POINT('',(-0.75,-0.5,0.3));
#8166 = LINE('',#8167,#8168);
#8167 = CARTESIAN_POINT('',(-0.75,0.5,0.3));
#8168 = VECTOR('',#8169,1.);
#8169 = DIRECTION('',(-1.224646799147E-16,-1.,0.));
#8170 = ORIENTED_EDGE('',*,*,#8171,.T.);
#8171 = EDGE_CURVE('',#8164,#7460,#8172,.T.);
#8172 = LINE('',#8173,#8174);
#8173 = CARTESIAN_POINT('',(-0.75,-0.5,0.3));
#8174 = VECTOR('',#8175,1.);
#8175 = DIRECTION('',(-1.190457365237E-16,-0.972082208573,0.234640533104
    ));
#8176 = ORIENTED_EDGE('',*,*,#7467,.T.);
#8177 = ORIENTED_EDGE('',*,*,#7663,.T.);
#8178 = PLANE('',#8179);
#8179 = AXIS2_PLACEMENT_3D('',#8180,#8181,#8182);
#8180 = CARTESIAN_POINT('',(-0.75,-0.515451356496,0.330008245993));
#8181 = DIRECTION('',(1.,-1.224646799147E-16,-1.256256073143E-32));
#8182 = DIRECTION('',(-1.256256073143E-32,1.538469978883E-48,-1.));
#8183 = ADVANCED_FACE('',(#8184),#8202,.F.);
#8184 = FACE_BOUND('',#8185,.F.);
#8185 = EDGE_LOOP('',(#8186,#8194,#8195,#8196));
#8186 = ORIENTED_EDGE('',*,*,#8187,.T.);
#8187 = EDGE_CURVE('',#8188,#8164,#8190,.T.);
#8188 = VERTEX_POINT('',#8189);
#8189 = CARTESIAN_POINT('',(0.75,-0.5,0.3));
#8190 = LINE('',#8191,#8192);
#8191 = CARTESIAN_POINT('',(0.75,-0.5,0.3));
#8192 = VECTOR('',#8193,1.);
#8193 = DIRECTION('',(-1.,1.224646799147E-16,0.));
#8194 = ORIENTED_EDGE('',*,*,#8171,.T.);
#8195 = ORIENTED_EDGE('',*,*,#7459,.F.);
#8196 = ORIENTED_EDGE('',*,*,#8197,.F.);
#8197 = EDGE_CURVE('',#8188,#7452,#8198,.T.);
#8198 = LINE('',#8199,#8200);
#8199 = CARTESIAN_POINT('',(0.75,-0.5,0.3));
#8200 = VECTOR('',#8201,1.);
#8201 = DIRECTION('',(-1.190457365237E-16,-0.972082208573,0.234640533104
    ));
#8202 = PLANE('',#8203);
#8203 = AXIS2_PLACEMENT_3D('',#8204,#8205,#8206);
#8204 = CARTESIAN_POINT('',(0.75,-0.5,0.3));
#8205 = DIRECTION('',(2.87351777816E-17,0.234640533104,0.972082208573));
#8206 = DIRECTION('',(-1.190457365237E-16,-0.972082208573,0.234640533104
    ));
#8207 = ADVANCED_FACE('',(#8208),#8233,.F.);
#8208 = FACE_BOUND('',#8209,.F.);
#8209 = EDGE_LOOP('',(#8210,#8211,#8219,#8225,#8226,#8227));
#8210 = ORIENTED_EDGE('',*,*,#8052,.T.);
#8211 = ORIENTED_EDGE('',*,*,#8212,.T.);
#8212 = EDGE_CURVE('',#8045,#8213,#8215,.T.);
#8213 = VERTEX_POINT('',#8214);
#8214 = CARTESIAN_POINT('',(0.75,0.5,0.3));
#8215 = LINE('',#8216,#8217);
#8216 = CARTESIAN_POINT('',(0.75,2.35,1.));
#8217 = VECTOR('',#8218,1.);
#8218 = DIRECTION('',(-1.14539532148E-16,-0.935286257456,-0.353892097416
    ));
#8219 = ORIENTED_EDGE('',*,*,#8220,.T.);
#8220 = EDGE_CURVE('',#8213,#8188,#8221,.T.);
#8221 = LINE('',#8222,#8223);
#8222 = CARTESIAN_POINT('',(0.75,0.5,0.3));
#8223 = VECTOR('',#8224,1.);
#8224 = DIRECTION('',(-1.224646799147E-16,-1.,0.));
#8225 = ORIENTED_EDGE('',*,*,#8197,.T.);
#8226 = ORIENTED_EDGE('',*,*,#7451,.T.);
#8227 = ORIENTED_EDGE('',*,*,#8228,.T.);
#8228 = EDGE_CURVE('',#7444,#8053,#8229,.T.);
#8229 = LINE('',#8230,#8231);
#8230 = CARTESIAN_POINT('',(0.75,-3.4,0.));
#8231 = VECTOR('',#8232,1.);
#8232 = DIRECTION('',(1.224646799147E-16,1.,0.));
#8233 = PLANE('',#8234);
#8234 = AXIS2_PLACEMENT_3D('',#8235,#8236,#8237);
#8235 = CARTESIAN_POINT('',(0.75,-0.515451356496,0.330008245993));
#8236 = DIRECTION('',(1.,-1.224646799147E-16,-1.256256073143E-32));
#8237 = DIRECTION('',(-1.256256073143E-32,1.538469978883E-48,-1.));
#8238 = ADVANCED_FACE('',(#8239),#8250,.F.);
#8239 = FACE_BOUND('',#8240,.F.);
#8240 = EDGE_LOOP('',(#8241,#8242,#8243,#8249));
#8241 = ORIENTED_EDGE('',*,*,#8228,.F.);
#8242 = ORIENTED_EDGE('',*,*,#7443,.T.);
#8243 = ORIENTED_EDGE('',*,*,#8244,.T.);
#8244 = EDGE_CURVE('',#7436,#8061,#8245,.T.);
#8245 = LINE('',#8246,#8247);
#8246 = CARTESIAN_POINT('',(1.75,-3.4,0.));
#8247 = VECTOR('',#8248,1.);
#8248 = DIRECTION('',(1.224646799147E-16,1.,0.));
#8249 = ORIENTED_EDGE('',*,*,#8060,.T.);
#8250 = PLANE('',#8251);
#8251 = AXIS2_PLACEMENT_3D('',#8252,#8253,#8254);
#8252 = CARTESIAN_POINT('',(2.5,-0.525,0.));
#8253 = DIRECTION('',(0.,0.,1.));
#8254 = DIRECTION('',(-1.,1.224646799147E-16,0.));
#8255 = ADVANCED_FACE('',(#8256),#8283,.T.);
#8256 = FACE_BOUND('',#8257,.T.);
#8257 = EDGE_LOOP('',(#8258,#8259,#8267,#8275,#8281,#8282));
#8258 = ORIENTED_EDGE('',*,*,#8068,.T.);
#8259 = ORIENTED_EDGE('',*,*,#8260,.T.);
#8260 = EDGE_CURVE('',#8069,#8261,#8263,.T.);
#8261 = VERTEX_POINT('',#8262);
#8262 = CARTESIAN_POINT('',(1.75,0.5,0.3));
#8263 = LINE('',#8264,#8265);
#8264 = CARTESIAN_POINT('',(1.75,2.35,1.));
#8265 = VECTOR('',#8266,1.);
#8266 = DIRECTION('',(-1.14539532148E-16,-0.935286257456,-0.353892097416
    ));
#8267 = ORIENTED_EDGE('',*,*,#8268,.T.);
#8268 = EDGE_CURVE('',#8261,#8269,#8271,.T.);
#8269 = VERTEX_POINT('',#8270);
#8270 = CARTESIAN_POINT('',(1.75,-0.5,0.3));
#8271 = LINE('',#8272,#8273);
#8272 = CARTESIAN_POINT('',(1.75,0.5,0.3));
#8273 = VECTOR('',#8274,1.);
#8274 = DIRECTION('',(-1.224646799147E-16,-1.,0.));
#8275 = ORIENTED_EDGE('',*,*,#8276,.T.);
#8276 = EDGE_CURVE('',#8269,#7428,#8277,.T.);
#8277 = LINE('',#8278,#8279);
#8278 = CARTESIAN_POINT('',(1.75,-0.5,0.3));
#8279 = VECTOR('',#8280,1.);
#8280 = DIRECTION('',(-1.190457365237E-16,-0.972082208573,0.234640533104
    ));
#8281 = ORIENTED_EDGE('',*,*,#7435,.T.);
#8282 = ORIENTED_EDGE('',*,*,#8244,.T.);
#8283 = PLANE('',#8284);
#8284 = AXIS2_PLACEMENT_3D('',#8285,#8286,#8287);
#8285 = CARTESIAN_POINT('',(1.75,-0.515451356496,0.330008245993));
#8286 = DIRECTION('',(1.,-1.224646799147E-16,-1.256256073143E-32));
#8287 = DIRECTION('',(-1.256256073143E-32,1.538469978883E-48,-1.));
#8288 = ADVANCED_FACE('',(#8289),#8307,.F.);
#8289 = FACE_BOUND('',#8290,.F.);
#8290 = EDGE_LOOP('',(#8291,#8299,#8300,#8301));
#8291 = ORIENTED_EDGE('',*,*,#8292,.T.);
#8292 = EDGE_CURVE('',#8293,#8269,#8295,.T.);
#8293 = VERTEX_POINT('',#8294);
#8294 = CARTESIAN_POINT('',(3.25,-0.5,0.3));
#8295 = LINE('',#8296,#8297);
#8296 = CARTESIAN_POINT('',(3.25,-0.5,0.3));
#8297 = VECTOR('',#8298,1.);
#8298 = DIRECTION('',(-1.,1.224646799147E-16,0.));
#8299 = ORIENTED_EDGE('',*,*,#8276,.T.);
#8300 = ORIENTED_EDGE('',*,*,#7427,.F.);
#8301 = ORIENTED_EDGE('',*,*,#8302,.F.);
#8302 = EDGE_CURVE('',#8293,#7420,#8303,.T.);
#8303 = LINE('',#8304,#8305);
#8304 = CARTESIAN_POINT('',(3.25,-0.5,0.3));
#8305 = VECTOR('',#8306,1.);
#8306 = DIRECTION('',(-1.190457365237E-16,-0.972082208573,0.234640533104
    ));
#8307 = PLANE('',#8308);
#8308 = AXIS2_PLACEMENT_3D('',#8309,#8310,#8311);
#8309 = CARTESIAN_POINT('',(3.25,-0.5,0.3));
#8310 = DIRECTION('',(2.87351777816E-17,0.234640533104,0.972082208573));
#8311 = DIRECTION('',(-1.190457365237E-16,-0.972082208573,0.234640533104
    ));
#8312 = ADVANCED_FACE('',(#8313),#8338,.F.);
#8313 = FACE_BOUND('',#8314,.F.);
#8314 = EDGE_LOOP('',(#8315,#8316,#8324,#8330,#8331,#8332));
#8315 = ORIENTED_EDGE('',*,*,#8084,.T.);
#8316 = ORIENTED_EDGE('',*,*,#8317,.T.);
#8317 = EDGE_CURVE('',#8077,#8318,#8320,.T.);
#8318 = VERTEX_POINT('',#8319);
#8319 = CARTESIAN_POINT('',(3.25,0.5,0.3));
#8320 = LINE('',#8321,#8322);
#8321 = CARTESIAN_POINT('',(3.25,2.35,1.));
#8322 = VECTOR('',#8323,1.);
#8323 = DIRECTION('',(-1.14539532148E-16,-0.935286257456,-0.353892097416
    ));
#8324 = ORIENTED_EDGE('',*,*,#8325,.T.);
#8325 = EDGE_CURVE('',#8318,#8293,#8326,.T.);
#8326 = LINE('',#8327,#8328);
#8327 = CARTESIAN_POINT('',(3.25,0.5,0.3));
#8328 = VECTOR('',#8329,1.);
#8329 = DIRECTION('',(-1.224646799147E-16,-1.,0.));
#8330 = ORIENTED_EDGE('',*,*,#8302,.T.);
#8331 = ORIENTED_EDGE('',*,*,#7419,.T.);
#8332 = ORIENTED_EDGE('',*,*,#8333,.T.);
#8333 = EDGE_CURVE('',#7412,#8085,#8334,.T.);
#8334 = LINE('',#8335,#8336);
#8335 = CARTESIAN_POINT('',(3.25,-3.4,0.));
#8336 = VECTOR('',#8337,1.);
#8337 = DIRECTION('',(1.224646799147E-16,1.,0.));
#8338 = PLANE('',#8339);
#8339 = AXIS2_PLACEMENT_3D('',#8340,#8341,#8342);
#8340 = CARTESIAN_POINT('',(3.25,-0.515451356496,0.330008245993));
#8341 = DIRECTION('',(1.,-1.224646799147E-16,-1.256256073143E-32));
#8342 = DIRECTION('',(-1.256256073143E-32,1.538469978883E-48,-1.));
#8343 = ADVANCED_FACE('',(#8344),#8355,.F.);
#8344 = FACE_BOUND('',#8345,.F.);
#8345 = EDGE_LOOP('',(#8346,#8347,#8353,#8354));
#8346 = ORIENTED_EDGE('',*,*,#7411,.T.);
#8347 = ORIENTED_EDGE('',*,*,#8348,.T.);
#8348 = EDGE_CURVE('',#7404,#8093,#8349,.T.);
#8349 = LINE('',#8350,#8351);
#8350 = CARTESIAN_POINT('',(4.25,-3.4,0.));
#8351 = VECTOR('',#8352,1.);
#8352 = DIRECTION('',(1.224646799147E-16,1.,0.));
#8353 = ORIENTED_EDGE('',*,*,#8092,.T.);
#8354 = ORIENTED_EDGE('',*,*,#8333,.F.);
#8355 = PLANE('',#8356);
#8356 = AXIS2_PLACEMENT_3D('',#8357,#8358,#8359);
#8357 = CARTESIAN_POINT('',(2.5,-0.525,0.));
#8358 = DIRECTION('',(0.,0.,1.));
#8359 = DIRECTION('',(-1.,1.224646799147E-16,0.));
#8360 = ADVANCED_FACE('',(#8361),#8388,.T.);
#8361 = FACE_BOUND('',#8362,.T.);
#8362 = EDGE_LOOP('',(#8363,#8364,#8372,#8380,#8386,#8387));
#8363 = ORIENTED_EDGE('',*,*,#8100,.T.);
#8364 = ORIENTED_EDGE('',*,*,#8365,.T.);
#8365 = EDGE_CURVE('',#8101,#8366,#8368,.T.);
#8366 = VERTEX_POINT('',#8367);
#8367 = CARTESIAN_POINT('',(4.25,0.5,0.3));
#8368 = LINE('',#8369,#8370);
#8369 = CARTESIAN_POINT('',(4.25,2.35,1.));
#8370 = VECTOR('',#8371,1.);
#8371 = DIRECTION('',(-1.14539532148E-16,-0.935286257456,-0.353892097416
    ));
#8372 = ORIENTED_EDGE('',*,*,#8373,.T.);
#8373 = EDGE_CURVE('',#8366,#8374,#8376,.T.);
#8374 = VERTEX_POINT('',#8375);
#8375 = CARTESIAN_POINT('',(4.25,-0.5,0.3));
#8376 = LINE('',#8377,#8378);
#8377 = CARTESIAN_POINT('',(4.25,0.5,0.3));
#8378 = VECTOR('',#8379,1.);
#8379 = DIRECTION('',(-1.224646799147E-16,-1.,0.));
#8380 = ORIENTED_EDGE('',*,*,#8381,.T.);
#8381 = EDGE_CURVE('',#8374,#7396,#8382,.T.);
#8382 = LINE('',#8383,#8384);
#8383 = CARTESIAN_POINT('',(4.25,-0.5,0.3));
#8384 = VECTOR('',#8385,1.);
#8385 = DIRECTION('',(-1.190457365237E-16,-0.972082208573,0.234640533104
    ));
#8386 = ORIENTED_EDGE('',*,*,#7403,.T.);
#8387 = ORIENTED_EDGE('',*,*,#8348,.T.);
#8388 = PLANE('',#8389);
#8389 = AXIS2_PLACEMENT_3D('',#8390,#8391,#8392);
#8390 = CARTESIAN_POINT('',(4.25,-0.515451356496,0.330008245993));
#8391 = DIRECTION('',(1.,-1.224646799147E-16,-1.256256073143E-32));
#8392 = DIRECTION('',(-1.256256073143E-32,1.538469978883E-48,-1.));
#8393 = ADVANCED_FACE('',(#8394),#8412,.F.);
#8394 = FACE_BOUND('',#8395,.F.);
#8395 = EDGE_LOOP('',(#8396,#8404,#8405,#8406));
#8396 = ORIENTED_EDGE('',*,*,#8397,.T.);
#8397 = EDGE_CURVE('',#8398,#8374,#8400,.T.);
#8398 = VERTEX_POINT('',#8399);
#8399 = CARTESIAN_POINT('',(5.75,-0.5,0.3));
#8400 = LINE('',#8401,#8402);
#8401 = CARTESIAN_POINT('',(5.75,-0.5,0.3));
#8402 = VECTOR('',#8403,1.);
#8403 = DIRECTION('',(-1.,1.224646799147E-16,0.));
#8404 = ORIENTED_EDGE('',*,*,#8381,.T.);
#8405 = ORIENTED_EDGE('',*,*,#7395,.F.);
#8406 = ORIENTED_EDGE('',*,*,#8407,.F.);
#8407 = EDGE_CURVE('',#8398,#7388,#8408,.T.);
#8408 = LINE('',#8409,#8410);
#8409 = CARTESIAN_POINT('',(5.75,-0.5,0.3));
#8410 = VECTOR('',#8411,1.);
#8411 = DIRECTION('',(-1.190457365237E-16,-0.972082208573,0.234640533104
    ));
#8412 = PLANE('',#8413);
#8413 = AXIS2_PLACEMENT_3D('',#8414,#8415,#8416);
#8414 = CARTESIAN_POINT('',(5.75,-0.5,0.3));
#8415 = DIRECTION('',(2.87351777816E-17,0.234640533104,0.972082208573));
#8416 = DIRECTION('',(-1.190457365237E-16,-0.972082208573,0.234640533104
    ));
#8417 = ADVANCED_FACE('',(#8418),#8443,.F.);
#8418 = FACE_BOUND('',#8419,.F.);
#8419 = EDGE_LOOP('',(#8420,#8421,#8429,#8435,#8436,#8437));
#8420 = ORIENTED_EDGE('',*,*,#8116,.T.);
#8421 = ORIENTED_EDGE('',*,*,#8422,.T.);
#8422 = EDGE_CURVE('',#8109,#8423,#8425,.T.);
#8423 = VERTEX_POINT('',#8424);
#8424 = CARTESIAN_POINT('',(5.75,0.5,0.3));
#8425 = LINE('',#8426,#8427);
#8426 = CARTESIAN_POINT('',(5.75,2.35,1.));
#8427 = VECTOR('',#8428,1.);
#8428 = DIRECTION('',(-1.14539532148E-16,-0.935286257456,-0.353892097416
    ));
#8429 = ORIENTED_EDGE('',*,*,#8430,.T.);
#8430 = EDGE_CURVE('',#8423,#8398,#8431,.T.);
#8431 = LINE('',#8432,#8433);
#8432 = CARTESIAN_POINT('',(5.75,0.5,0.3));
#8433 = VECTOR('',#8434,1.);
#8434 = DIRECTION('',(-1.224646799147E-16,-1.,0.));
#8435 = ORIENTED_EDGE('',*,*,#8407,.T.);
#8436 = ORIENTED_EDGE('',*,*,#7387,.T.);
#8437 = ORIENTED_EDGE('',*,*,#8438,.T.);
#8438 = EDGE_CURVE('',#7380,#7897,#8439,.T.);
#8439 = LINE('',#8440,#8441);
#8440 = CARTESIAN_POINT('',(5.75,-3.4,0.));
#8441 = VECTOR('',#8442,1.);
#8442 = DIRECTION('',(1.224646799147E-16,1.,0.));
#8443 = PLANE('',#8444);
#8444 = AXIS2_PLACEMENT_3D('',#8445,#8446,#8447);
#8445 = CARTESIAN_POINT('',(5.75,-0.515451356496,0.330008245993));
#8446 = DIRECTION('',(1.,-1.224646799147E-16,-1.256256073143E-32));
#8447 = DIRECTION('',(-1.256256073143E-32,1.538469978883E-48,-1.));
#8448 = ADVANCED_FACE('',(#8449),#8455,.F.);
#8449 = FACE_BOUND('',#8450,.F.);
#8450 = EDGE_LOOP('',(#8451,#8452,#8453,#8454));
#8451 = ORIENTED_EDGE('',*,*,#7505,.T.);
#8452 = ORIENTED_EDGE('',*,*,#7896,.T.);
#8453 = ORIENTED_EDGE('',*,*,#8438,.F.);
#8454 = ORIENTED_EDGE('',*,*,#7379,.T.);
#8455 = PLANE('',#8456);
#8456 = AXIS2_PLACEMENT_3D('',#8457,#8458,#8459);
#8457 = CARTESIAN_POINT('',(2.5,-0.525,0.));
#8458 = DIRECTION('',(0.,0.,1.));
#8459 = DIRECTION('',(-1.,1.224646799147E-16,0.));
#8460 = ADVANCED_FACE('',(#8461),#8488,.F.);
#8461 = FACE_BOUND('',#8462,.F.);
#8462 = EDGE_LOOP('',(#8463,#8464,#8465,#8466,#8472,#8473,#8482));
#8463 = ORIENTED_EDGE('',*,*,#7580,.T.);
#8464 = ORIENTED_EDGE('',*,*,#7491,.F.);
#8465 = ORIENTED_EDGE('',*,*,#8139,.T.);
#8466 = ORIENTED_EDGE('',*,*,#8467,.T.);
#8467 = EDGE_CURVE('',#8132,#7843,#8468,.T.);
#8468 = LINE('',#8469,#8470);
#8469 = CARTESIAN_POINT('',(6.6,-2.65,1.85));
#8470 = VECTOR('',#8471,1.);
#8471 = DIRECTION('',(1.224646799147E-16,1.,0.));
#8472 = ORIENTED_EDGE('',*,*,#7850,.F.);
#8473 = ORIENTED_EDGE('',*,*,#8474,.F.);
#8474 = EDGE_CURVE('',#8475,#7851,#8477,.T.);
#8475 = VERTEX_POINT('',#8476);
#8476 = CARTESIAN_POINT('',(6.6,1.,3.65));
#8477 = CIRCLE('',#8478,0.5);
#8478 = AXIS2_PLACEMENT_3D('',#8479,#8480,#8481);
#8479 = CARTESIAN_POINT('',(6.6,1.,4.15));
#8480 = DIRECTION('',(1.,-1.224646799147E-16,0.));
#8481 = DIRECTION('',(1.224646799147E-16,1.,0.));
#8482 = ORIENTED_EDGE('',*,*,#8483,.T.);
#8483 = EDGE_CURVE('',#8475,#7573,#8484,.T.);
#8484 = LINE('',#8485,#8486);
#8485 = CARTESIAN_POINT('',(6.6,-0.825,3.65));
#8486 = VECTOR('',#8487,1.);
#8487 = DIRECTION('',(-1.224646799147E-16,-1.,0.));
#8488 = PLANE('',#8489);
#8489 = AXIS2_PLACEMENT_3D('',#8490,#8491,#8492);
#8490 = CARTESIAN_POINT('',(6.6,-2.65,7.));
#8491 = DIRECTION('',(1.,-1.224646799147E-16,0.));
#8492 = DIRECTION('',(1.224646799147E-16,1.,0.));
#8493 = ADVANCED_FACE('',(#8494),#8505,.T.);
#8494 = FACE_BOUND('',#8495,.T.);
#8495 = EDGE_LOOP('',(#8496,#8497,#8498,#8499));
#8496 = ORIENTED_EDGE('',*,*,#7703,.F.);
#8497 = ORIENTED_EDGE('',*,*,#7548,.T.);
#8498 = ORIENTED_EDGE('',*,*,#7905,.T.);
#8499 = ORIENTED_EDGE('',*,*,#8500,.T.);
#8500 = EDGE_CURVE('',#7906,#7704,#8501,.T.);
#8501 = LINE('',#8502,#8503);
#8502 = CARTESIAN_POINT('',(5.5,2.35,7.));
#8503 = VECTOR('',#8504,1.);
#8504 = DIRECTION('',(-1.224646799147E-16,-1.,0.));
#8505 = PLANE('',#8506);
#8506 = AXIS2_PLACEMENT_3D('',#8507,#8508,#8509);
#8507 = CARTESIAN_POINT('',(2.5,-0.525,7.));
#8508 = DIRECTION('',(0.,0.,1.));
#8509 = DIRECTION('',(-1.,1.224646799147E-16,0.));
#8510 = ADVANCED_FACE('',(#8511),#8522,.F.);
#8511 = FACE_BOUND('',#8512,.F.);
#8512 = EDGE_LOOP('',(#8513,#8519,#8520,#8521));
#8513 = ORIENTED_EDGE('',*,*,#8514,.T.);
#8514 = EDGE_CURVE('',#7524,#8475,#8515,.T.);
#8515 = LINE('',#8516,#8517);
#8516 = CARTESIAN_POINT('',(7.45,1.,3.65));
#8517 = VECTOR('',#8518,1.);
#8518 = DIRECTION('',(-1.,1.224646799147E-16,0.));
#8519 = ORIENTED_EDGE('',*,*,#8474,.T.);
#8520 = ORIENTED_EDGE('',*,*,#7858,.F.);
#8521 = ORIENTED_EDGE('',*,*,#7531,.T.);
#8522 = CYLINDRICAL_SURFACE('',#8523,0.5);
#8523 = AXIS2_PLACEMENT_3D('',#8524,#8525,#8526);
#8524 = CARTESIAN_POINT('',(7.45,1.,4.15));
#8525 = DIRECTION('',(1.,-1.224646799147E-16,-0.));
#8526 = DIRECTION('',(1.224646799147E-16,1.,0.));
#8527 = ADVANCED_FACE('',(#8528),#8534,.T.);
#8528 = FACE_BOUND('',#8529,.T.);
#8529 = EDGE_LOOP('',(#8530,#8531,#8532,#8533));
#8530 = ORIENTED_EDGE('',*,*,#7523,.F.);
#8531 = ORIENTED_EDGE('',*,*,#8514,.T.);
#8532 = ORIENTED_EDGE('',*,*,#8483,.T.);
#8533 = ORIENTED_EDGE('',*,*,#7572,.F.);
#8534 = PLANE('',#8535);
#8535 = AXIS2_PLACEMENT_3D('',#8536,#8537,#8538);
#8536 = CARTESIAN_POINT('',(7.45,1.,3.65));
#8537 = DIRECTION('',(0.,0.,1.));
#8538 = DIRECTION('',(-1.224646799147E-16,-1.,0.));
#8539 = ADVANCED_FACE('',(#8540,#8546,#8580,#8614),#8648,.T.);
#8540 = FACE_BOUND('',#8541,.T.);
#8541 = EDGE_LOOP('',(#8542,#8543,#8544,#8545));
#8542 = ORIENTED_EDGE('',*,*,#7842,.T.);
#8543 = ORIENTED_EDGE('',*,*,#7621,.T.);
#8544 = ORIENTED_EDGE('',*,*,#8131,.T.);
#8545 = ORIENTED_EDGE('',*,*,#8467,.T.);
#8546 = FACE_BOUND('',#8547,.T.);
#8547 = EDGE_LOOP('',(#8548,#8558,#8566,#8574));
#8548 = ORIENTED_EDGE('',*,*,#8549,.F.);
#8549 = EDGE_CURVE('',#8550,#8552,#8554,.T.);
#8550 = VERTEX_POINT('',#8551);
#8551 = CARTESIAN_POINT('',(-0.32,0.32,1.85));
#8552 = VERTEX_POINT('',#8553);
#8553 = CARTESIAN_POINT('',(-0.32,-0.32,1.85));
#8554 = LINE('',#8555,#8556);
#8555 = CARTESIAN_POINT('',(-0.32,-0.26920299558,1.85));
#8556 = VECTOR('',#8557,1.);
#8557 = DIRECTION('',(-1.224646799147E-16,-1.,0.));
#8558 = ORIENTED_EDGE('',*,*,#8559,.T.);
#8559 = EDGE_CURVE('',#8550,#8560,#8562,.T.);
#8560 = VERTEX_POINT('',#8561);
#8561 = CARTESIAN_POINT('',(0.32,0.32,1.85));
#8562 = LINE('',#8563,#8564);
#8563 = CARTESIAN_POINT('',(1.41,0.32,1.85));
#8564 = VECTOR('',#8565,1.);
#8565 = DIRECTION('',(1.,-1.224646799147E-16,-7.789680114753E-33));
#8566 = ORIENTED_EDGE('',*,*,#8567,.T.);
#8567 = EDGE_CURVE('',#8560,#8568,#8570,.T.);
#8568 = VERTEX_POINT('',#8569);
#8569 = CARTESIAN_POINT('',(0.32,-0.32,1.85));
#8570 = LINE('',#8571,#8572);
#8571 = CARTESIAN_POINT('',(0.32,-0.26920299558,1.85));
#8572 = VECTOR('',#8573,1.);
#8573 = DIRECTION('',(-1.224646799147E-16,-1.,0.));
#8574 = ORIENTED_EDGE('',*,*,#8575,.T.);
#8575 = EDGE_CURVE('',#8568,#8552,#8576,.T.);
#8576 = LINE('',#8577,#8578);
#8577 = CARTESIAN_POINT('',(1.41,-0.32,1.85));
#8578 = VECTOR('',#8579,1.);
#8579 = DIRECTION('',(-1.,1.224646799147E-16,7.789680114753E-33));
#8580 = FACE_BOUND('',#8581,.T.);
#8581 = EDGE_LOOP('',(#8582,#8592,#8600,#8608));
#8582 = ORIENTED_EDGE('',*,*,#8583,.F.);
#8583 = EDGE_CURVE('',#8584,#8586,#8588,.T.);
#8584 = VERTEX_POINT('',#8585);
#8585 = CARTESIAN_POINT('',(4.68,0.32,1.85));
#8586 = VERTEX_POINT('',#8587);
#8587 = CARTESIAN_POINT('',(4.68,-0.32,1.85));
#8588 = LINE('',#8589,#8590);
#8589 = CARTESIAN_POINT('',(4.68,-0.26920299558,1.85));
#8590 = VECTOR('',#8591,1.);
#8591 = DIRECTION('',(-1.224646799147E-16,-1.,0.));
#8592 = ORIENTED_EDGE('',*,*,#8593,.T.);
#8593 = EDGE_CURVE('',#8584,#8594,#8596,.T.);
#8594 = VERTEX_POINT('',#8595);
#8595 = CARTESIAN_POINT('',(5.32,0.32,1.85));
#8596 = LINE('',#8597,#8598);
#8597 = CARTESIAN_POINT('',(3.91,0.32,1.85));
#8598 = VECTOR('',#8599,1.);
#8599 = DIRECTION('',(1.,-1.224646799147E-16,-7.789680114753E-33));
#8600 = ORIENTED_EDGE('',*,*,#8601,.T.);
#8601 = EDGE_CURVE('',#8594,#8602,#8604,.T.);
#8602 = VERTEX_POINT('',#8603);
#8603 = CARTESIAN_POINT('',(5.32,-0.32,1.85));
#8604 = LINE('',#8605,#8606);
#8605 = CARTESIAN_POINT('',(5.32,-0.26920299558,1.85));
#8606 = VECTOR('',#8607,1.);
#8607 = DIRECTION('',(-1.224646799147E-16,-1.,0.));
#8608 = ORIENTED_EDGE('',*,*,#8609,.T.);
#8609 = EDGE_CURVE('',#8602,#8586,#8610,.T.);
#8610 = LINE('',#8611,#8612);
#8611 = CARTESIAN_POINT('',(3.91,-0.32,1.85));
#8612 = VECTOR('',#8613,1.);
#8613 = DIRECTION('',(-1.,1.224646799147E-16,7.789680114753E-33));
#8614 = FACE_BOUND('',#8615,.T.);
#8615 = EDGE_LOOP('',(#8616,#8626,#8634,#8642));
#8616 = ORIENTED_EDGE('',*,*,#8617,.F.);
#8617 = EDGE_CURVE('',#8618,#8620,#8622,.T.);
#8618 = VERTEX_POINT('',#8619);
#8619 = CARTESIAN_POINT('',(2.18,0.32,1.85));
#8620 = VERTEX_POINT('',#8621);
#8621 = CARTESIAN_POINT('',(2.18,-0.32,1.85));
#8622 = LINE('',#8623,#8624);
#8623 = CARTESIAN_POINT('',(2.18,-0.2875,1.85));
#8624 = VECTOR('',#8625,1.);
#8625 = DIRECTION('',(-1.224646799147E-16,-1.,0.));
#8626 = ORIENTED_EDGE('',*,*,#8627,.T.);
#8627 = EDGE_CURVE('',#8618,#8628,#8630,.T.);
#8628 = VERTEX_POINT('',#8629);
#8629 = CARTESIAN_POINT('',(2.82,0.32,1.85));
#8630 = LINE('',#8631,#8632);
#8631 = CARTESIAN_POINT('',(2.66,0.32,1.85));
#8632 = VECTOR('',#8633,1.);
#8633 = DIRECTION('',(1.,-1.224646799147E-16,-7.789680114753E-33));
#8634 = ORIENTED_EDGE('',*,*,#8635,.T.);
#8635 = EDGE_CURVE('',#8628,#8636,#8638,.T.);
#8636 = VERTEX_POINT('',#8637);
#8637 = CARTESIAN_POINT('',(2.82,-0.32,1.85));
#8638 = LINE('',#8639,#8640);
#8639 = CARTESIAN_POINT('',(2.82,-0.2875,1.85));
#8640 = VECTOR('',#8641,1.);
#8641 = DIRECTION('',(-1.224646799147E-16,-1.,0.));
#8642 = ORIENTED_EDGE('',*,*,#8643,.T.);
#8643 = EDGE_CURVE('',#8636,#8620,#8644,.T.);
#8644 = LINE('',#8645,#8646);
#8645 = CARTESIAN_POINT('',(2.66,-0.32,1.85));
#8646 = VECTOR('',#8647,1.);
#8647 = DIRECTION('',(-1.,1.224646799147E-16,7.789680114753E-33));
#8648 = PLANE('',#8649);
#8649 = AXIS2_PLACEMENT_3D('',#8650,#8651,#8652);
#8650 = CARTESIAN_POINT('',(2.5,-0.575,1.85));
#8651 = DIRECTION('',(7.789680114753E-33,-9.539606818914E-49,1.));
#8652 = DIRECTION('',(-1.,1.224646799147E-16,7.789680114753E-33));
#8653 = ADVANCED_FACE('',(#8654),#8665,.F.);
#8654 = FACE_BOUND('',#8655,.F.);
#8655 = EDGE_LOOP('',(#8656,#8657,#8663,#8664));
#8656 = ORIENTED_EDGE('',*,*,#8027,.F.);
#8657 = ORIENTED_EDGE('',*,*,#8658,.T.);
#8658 = EDGE_CURVE('',#8020,#7818,#8659,.T.);
#8659 = LINE('',#8660,#8661);
#8660 = CARTESIAN_POINT('',(-0.5,2.35,6.1));
#8661 = VECTOR('',#8662,1.);
#8662 = DIRECTION('',(-1.224646799147E-16,-1.,0.));
#8663 = ORIENTED_EDGE('',*,*,#7825,.F.);
#8664 = ORIENTED_EDGE('',*,*,#7873,.F.);
#8665 = PLANE('',#8666);
#8666 = AXIS2_PLACEMENT_3D('',#8667,#8668,#8669);
#8667 = CARTESIAN_POINT('',(-0.5,2.35,6.1));
#8668 = DIRECTION('',(-1.,1.224646799147E-16,0.));
#8669 = DIRECTION('',(0.,0.,1.));
#8670 = ADVANCED_FACE('',(#8671),#8682,.F.);
#8671 = FACE_BOUND('',#8672,.F.);
#8672 = EDGE_LOOP('',(#8673,#8674,#8680,#8681));
#8673 = ORIENTED_EDGE('',*,*,#8019,.F.);
#8674 = ORIENTED_EDGE('',*,*,#8675,.T.);
#8675 = EDGE_CURVE('',#8012,#7810,#8676,.T.);
#8676 = LINE('',#8677,#8678);
#8677 = CARTESIAN_POINT('',(-0.25,2.35,5.85));
#8678 = VECTOR('',#8679,1.);
#8679 = DIRECTION('',(-1.224646799147E-16,-1.,0.));
#8680 = ORIENTED_EDGE('',*,*,#7817,.F.);
#8681 = ORIENTED_EDGE('',*,*,#8658,.F.);
#8682 = PLANE('',#8683);
#8683 = AXIS2_PLACEMENT_3D('',#8684,#8685,#8686);
#8684 = CARTESIAN_POINT('',(-0.25,2.35,5.85));
#8685 = DIRECTION('',(-0.707106781187,8.659560562349E-17,-0.707106781187
    ));
#8686 = DIRECTION('',(-0.707106781187,8.659560562349E-17,0.707106781187)
  );
#8687 = ADVANCED_FACE('',(#8688),#8699,.F.);
#8688 = FACE_BOUND('',#8689,.F.);
#8689 = EDGE_LOOP('',(#8690,#8691,#8697,#8698));
#8690 = ORIENTED_EDGE('',*,*,#8011,.F.);
#8691 = ORIENTED_EDGE('',*,*,#8692,.T.);
#8692 = EDGE_CURVE('',#8004,#7802,#8693,.T.);
#8693 = LINE('',#8694,#8695);
#8694 = CARTESIAN_POINT('',(-0.5,2.35,5.6));
#8695 = VECTOR('',#8696,1.);
#8696 = DIRECTION('',(-1.224646799147E-16,-1.,0.));
#8697 = ORIENTED_EDGE('',*,*,#7809,.F.);
#8698 = ORIENTED_EDGE('',*,*,#8675,.F.);
#8699 = PLANE('',#8700);
#8700 = AXIS2_PLACEMENT_3D('',#8701,#8702,#8703);
#8701 = CARTESIAN_POINT('',(-0.5,2.35,5.6));
#8702 = DIRECTION('',(-0.707106781187,8.659560562349E-17,0.707106781187)
  );
#8703 = DIRECTION('',(0.707106781187,-8.659560562349E-17,0.707106781187)
  );
#8704 = ADVANCED_FACE('',(#8705),#8716,.F.);
#8705 = FACE_BOUND('',#8706,.F.);
#8706 = EDGE_LOOP('',(#8707,#8708,#8714,#8715));
#8707 = ORIENTED_EDGE('',*,*,#8003,.F.);
#8708 = ORIENTED_EDGE('',*,*,#8709,.T.);
#8709 = EDGE_CURVE('',#7995,#7793,#8710,.T.);
#8710 = LINE('',#8711,#8712);
#8711 = CARTESIAN_POINT('',(-0.5,2.35,3.85));
#8712 = VECTOR('',#8713,1.);
#8713 = DIRECTION('',(-1.224646799147E-16,-1.,0.));
#8714 = ORIENTED_EDGE('',*,*,#7801,.F.);
#8715 = ORIENTED_EDGE('',*,*,#8692,.F.);
#8716 = PLANE('',#8717);
#8717 = AXIS2_PLACEMENT_3D('',#8718,#8719,#8720);
#8718 = CARTESIAN_POINT('',(-0.5,2.35,3.1));
#8719 = DIRECTION('',(-1.,1.224646799147E-16,0.));
#8720 = DIRECTION('',(0.,0.,1.));
#8721 = ADVANCED_FACE('',(#8722),#8733,.F.);
#8722 = FACE_BOUND('',#8723,.F.);
#8723 = EDGE_LOOP('',(#8724,#8725,#8726,#8727));
#8724 = ORIENTED_EDGE('',*,*,#7792,.F.);
#8725 = ORIENTED_EDGE('',*,*,#8709,.F.);
#8726 = ORIENTED_EDGE('',*,*,#7994,.F.);
#8727 = ORIENTED_EDGE('',*,*,#8728,.T.);
#8728 = EDGE_CURVE('',#7987,#7785,#8729,.T.);
#8729 = LINE('',#8730,#8731);
#8730 = CARTESIAN_POINT('',(0.25,2.35,3.1));
#8731 = VECTOR('',#8732,1.);
#8732 = DIRECTION('',(-1.224646799147E-16,-1.,0.));
#8733 = CYLINDRICAL_SURFACE('',#8734,0.75);
#8734 = AXIS2_PLACEMENT_3D('',#8735,#8736,#8737);
#8735 = CARTESIAN_POINT('',(0.25,2.35,3.85));
#8736 = DIRECTION('',(-1.224646799147E-16,-1.,0.));
#8737 = DIRECTION('',(-0.,0.,-1.));
#8738 = ADVANCED_FACE('',(#8739),#8750,.F.);
#8739 = FACE_BOUND('',#8740,.F.);
#8740 = EDGE_LOOP('',(#8741,#8742,#8743,#8749));
#8741 = ORIENTED_EDGE('',*,*,#8728,.F.);
#8742 = ORIENTED_EDGE('',*,*,#7986,.F.);
#8743 = ORIENTED_EDGE('',*,*,#8744,.T.);
#8744 = EDGE_CURVE('',#7979,#7777,#8745,.T.);
#8745 = LINE('',#8746,#8747);
#8746 = CARTESIAN_POINT('',(1.,2.35,3.1));
#8747 = VECTOR('',#8748,1.);
#8748 = DIRECTION('',(-1.224646799147E-16,-1.,0.));
#8749 = ORIENTED_EDGE('',*,*,#7784,.F.);
#8750 = PLANE('',#8751);
#8751 = AXIS2_PLACEMENT_3D('',#8752,#8753,#8754);
#8752 = CARTESIAN_POINT('',(1.,2.35,3.1));
#8753 = DIRECTION('',(-0.,0.,-1.));
#8754 = DIRECTION('',(-1.,1.224646799147E-16,0.));
#8755 = ADVANCED_FACE('',(#8756),#8767,.F.);
#8756 = FACE_BOUND('',#8757,.F.);
#8757 = EDGE_LOOP('',(#8758,#8759,#8765,#8766));
#8758 = ORIENTED_EDGE('',*,*,#7978,.F.);
#8759 = ORIENTED_EDGE('',*,*,#8760,.T.);
#8760 = EDGE_CURVE('',#7971,#7769,#8761,.T.);
#8761 = LINE('',#8762,#8763);
#8762 = CARTESIAN_POINT('',(1.,2.35,7.));
#8763 = VECTOR('',#8764,1.);
#8764 = DIRECTION('',(-1.224646799147E-16,-1.,0.));
#8765 = ORIENTED_EDGE('',*,*,#7776,.F.);
#8766 = ORIENTED_EDGE('',*,*,#8744,.F.);
#8767 = PLANE('',#8768);
#8768 = AXIS2_PLACEMENT_3D('',#8769,#8770,#8771);
#8769 = CARTESIAN_POINT('',(1.,2.35,7.));
#8770 = DIRECTION('',(1.,-1.224646799147E-16,0.));
#8771 = DIRECTION('',(0.,-0.,-1.));
#8772 = ADVANCED_FACE('',(#8773),#8784,.T.);
#8773 = FACE_BOUND('',#8774,.T.);
#8774 = EDGE_LOOP('',(#8775,#8776,#8782,#8783));
#8775 = ORIENTED_EDGE('',*,*,#7768,.F.);
#8776 = ORIENTED_EDGE('',*,*,#8777,.F.);
#8777 = EDGE_CURVE('',#7963,#7761,#8778,.T.);
#8778 = LINE('',#8779,#8780);
#8779 = CARTESIAN_POINT('',(4.,2.35,7.));
#8780 = VECTOR('',#8781,1.);
#8781 = DIRECTION('',(-1.224646799147E-16,-1.,0.));
#8782 = ORIENTED_EDGE('',*,*,#7970,.T.);
#8783 = ORIENTED_EDGE('',*,*,#8760,.T.);
#8784 = PLANE('',#8785);
#8785 = AXIS2_PLACEMENT_3D('',#8786,#8787,#8788);
#8786 = CARTESIAN_POINT('',(2.5,-0.525,7.));
#8787 = DIRECTION('',(0.,0.,1.));
#8788 = DIRECTION('',(-1.,1.224646799147E-16,0.));
#8789 = ADVANCED_FACE('',(#8790),#8801,.T.);
#8790 = FACE_BOUND('',#8791,.T.);
#8791 = EDGE_LOOP('',(#8792,#8793,#8794,#8795));
#8792 = ORIENTED_EDGE('',*,*,#7962,.F.);
#8793 = ORIENTED_EDGE('',*,*,#8777,.T.);
#8794 = ORIENTED_EDGE('',*,*,#7760,.F.);
#8795 = ORIENTED_EDGE('',*,*,#8796,.F.);
#8796 = EDGE_CURVE('',#7955,#7753,#8797,.T.);
#8797 = LINE('',#8798,#8799);
#8798 = CARTESIAN_POINT('',(4.,2.35,3.1));
#8799 = VECTOR('',#8800,1.);
#8800 = DIRECTION('',(-1.224646799147E-16,-1.,0.));
#8801 = PLANE('',#8802);
#8802 = AXIS2_PLACEMENT_3D('',#8803,#8804,#8805);
#8803 = CARTESIAN_POINT('',(4.,2.35,7.));
#8804 = DIRECTION('',(1.,-1.224646799147E-16,0.));
#8805 = DIRECTION('',(0.,-0.,-1.));
#8806 = ADVANCED_FACE('',(#8807),#8818,.T.);
#8807 = FACE_BOUND('',#8808,.T.);
#8808 = EDGE_LOOP('',(#8809,#8815,#8816,#8817));
#8809 = ORIENTED_EDGE('',*,*,#8810,.F.);
#8810 = EDGE_CURVE('',#7946,#7744,#8811,.T.);
#8811 = LINE('',#8812,#8813);
#8812 = CARTESIAN_POINT('',(4.75,2.35,3.1));
#8813 = VECTOR('',#8814,1.);
#8814 = DIRECTION('',(-1.224646799147E-16,-1.,0.));
#8815 = ORIENTED_EDGE('',*,*,#7954,.F.);
#8816 = ORIENTED_EDGE('',*,*,#8796,.T.);
#8817 = ORIENTED_EDGE('',*,*,#7752,.F.);
#8818 = PLANE('',#8819);
#8819 = AXIS2_PLACEMENT_3D('',#8820,#8821,#8822);
#8820 = CARTESIAN_POINT('',(4.,2.35,3.1));
#8821 = DIRECTION('',(0.,0.,1.));
#8822 = DIRECTION('',(1.,-1.224646799147E-16,0.));
#8823 = ADVANCED_FACE('',(#8824),#8835,.F.);
#8824 = FACE_BOUND('',#8825,.F.);
#8825 = EDGE_LOOP('',(#8826,#8827,#8828,#8834));
#8826 = ORIENTED_EDGE('',*,*,#8810,.F.);
#8827 = ORIENTED_EDGE('',*,*,#7945,.T.);
#8828 = ORIENTED_EDGE('',*,*,#8829,.T.);
#8829 = EDGE_CURVE('',#7938,#7736,#8830,.T.);
#8830 = LINE('',#8831,#8832);
#8831 = CARTESIAN_POINT('',(5.5,2.35,3.85));
#8832 = VECTOR('',#8833,1.);
#8833 = DIRECTION('',(-1.224646799147E-16,-1.,0.));
#8834 = ORIENTED_EDGE('',*,*,#7743,.F.);
#8835 = CYLINDRICAL_SURFACE('',#8836,0.75);
#8836 = AXIS2_PLACEMENT_3D('',#8837,#8838,#8839);
#8837 = CARTESIAN_POINT('',(4.75,2.35,3.85));
#8838 = DIRECTION('',(-1.224646799147E-16,-1.,0.));
#8839 = DIRECTION('',(0.,-0.,-1.));
#8840 = ADVANCED_FACE('',(#8841),#8852,.T.);
#8841 = FACE_BOUND('',#8842,.T.);
#8842 = EDGE_LOOP('',(#8843,#8844,#8845,#8846));
#8843 = ORIENTED_EDGE('',*,*,#7937,.F.);
#8844 = ORIENTED_EDGE('',*,*,#8829,.T.);
#8845 = ORIENTED_EDGE('',*,*,#7735,.F.);
#8846 = ORIENTED_EDGE('',*,*,#8847,.F.);
#8847 = EDGE_CURVE('',#7930,#7728,#8848,.T.);
#8848 = LINE('',#8849,#8850);
#8849 = CARTESIAN_POINT('',(5.5,2.35,5.6));
#8850 = VECTOR('',#8851,1.);
#8851 = DIRECTION('',(-1.224646799147E-16,-1.,0.));
#8852 = PLANE('',#8853);
#8853 = AXIS2_PLACEMENT_3D('',#8854,#8855,#8856);
#8854 = CARTESIAN_POINT('',(5.5,2.35,3.1));
#8855 = DIRECTION('',(-1.,1.224646799147E-16,0.));
#8856 = DIRECTION('',(0.,0.,1.));
#8857 = ADVANCED_FACE('',(#8858),#8869,.T.);
#8858 = FACE_BOUND('',#8859,.T.);
#8859 = EDGE_LOOP('',(#8860,#8861,#8862,#8863));
#8860 = ORIENTED_EDGE('',*,*,#7929,.F.);
#8861 = ORIENTED_EDGE('',*,*,#8847,.T.);
#8862 = ORIENTED_EDGE('',*,*,#7727,.F.);
#8863 = ORIENTED_EDGE('',*,*,#8864,.F.);
#8864 = EDGE_CURVE('',#7922,#7720,#8865,.T.);
#8865 = LINE('',#8866,#8867);
#8866 = CARTESIAN_POINT('',(5.25,2.35,5.85));
#8867 = VECTOR('',#8868,1.);
#8868 = DIRECTION('',(-1.224646799147E-16,-1.,0.));
#8869 = PLANE('',#8870);
#8870 = AXIS2_PLACEMENT_3D('',#8871,#8872,#8873);
#8871 = CARTESIAN_POINT('',(5.5,2.35,5.6));
#8872 = DIRECTION('',(-0.707106781187,8.659560562349E-17,-0.707106781187
    ));
#8873 = DIRECTION('',(-0.707106781187,8.659560562349E-17,0.707106781187)
  );
#8874 = ADVANCED_FACE('',(#8875),#8886,.T.);
#8875 = FACE_BOUND('',#8876,.T.);
#8876 = EDGE_LOOP('',(#8877,#8878,#8879,#8880));
#8877 = ORIENTED_EDGE('',*,*,#7921,.F.);
#8878 = ORIENTED_EDGE('',*,*,#8864,.T.);
#8879 = ORIENTED_EDGE('',*,*,#7719,.F.);
#8880 = ORIENTED_EDGE('',*,*,#8881,.F.);
#8881 = EDGE_CURVE('',#7914,#7712,#8882,.T.);
#8882 = LINE('',#8883,#8884);
#8883 = CARTESIAN_POINT('',(5.5,2.35,6.1));
#8884 = VECTOR('',#8885,1.);
#8885 = DIRECTION('',(-1.224646799147E-16,-1.,0.));
#8886 = PLANE('',#8887);
#8887 = AXIS2_PLACEMENT_3D('',#8888,#8889,#8890);
#8888 = CARTESIAN_POINT('',(5.25,2.35,5.85));
#8889 = DIRECTION('',(-0.707106781187,8.659560562349E-17,0.707106781187)
  );
#8890 = DIRECTION('',(0.707106781187,-8.659560562349E-17,0.707106781187)
  );
#8891 = ADVANCED_FACE('',(#8892),#8898,.T.);
#8892 = FACE_BOUND('',#8893,.T.);
#8893 = EDGE_LOOP('',(#8894,#8895,#8896,#8897));
#8894 = ORIENTED_EDGE('',*,*,#7913,.F.);
#8895 = ORIENTED_EDGE('',*,*,#8881,.T.);
#8896 = ORIENTED_EDGE('',*,*,#7711,.F.);
#8897 = ORIENTED_EDGE('',*,*,#8500,.F.);
#8898 = PLANE('',#8899);
#8899 = AXIS2_PLACEMENT_3D('',#8900,#8901,#8902);
#8900 = CARTESIAN_POINT('',(5.5,2.35,6.1));
#8901 = DIRECTION('',(-1.,1.224646799147E-16,4.93432455389E-16));
#8902 = DIRECTION('',(4.93432455389E-16,-6.042804770875E-32,1.));
#8903 = ADVANCED_FACE('',(#8904),#8915,.F.);
#8904 = FACE_BOUND('',#8905,.F.);
#8905 = EDGE_LOOP('',(#8906,#8907,#8908,#8914));
#8906 = ORIENTED_EDGE('',*,*,#8108,.T.);
#8907 = ORIENTED_EDGE('',*,*,#8365,.T.);
#8908 = ORIENTED_EDGE('',*,*,#8909,.F.);
#8909 = EDGE_CURVE('',#8423,#8366,#8910,.T.);
#8910 = LINE('',#8911,#8912);
#8911 = CARTESIAN_POINT('',(5.75,0.5,0.3));
#8912 = VECTOR('',#8913,1.);
#8913 = DIRECTION('',(-1.,1.224646799147E-16,0.));
#8914 = ORIENTED_EDGE('',*,*,#8422,.F.);
#8915 = PLANE('',#8916);
#8916 = AXIS2_PLACEMENT_3D('',#8917,#8918,#8919);
#8917 = CARTESIAN_POINT('',(5.75,2.35,1.));
#8918 = DIRECTION('',(-4.33392824344E-17,-0.353892097416,0.935286257456)
  );
#8919 = DIRECTION('',(-1.14539532148E-16,-0.935286257456,-0.353892097416
    ));
#8920 = ADVANCED_FACE('',(#8921),#8932,.F.);
#8921 = FACE_BOUND('',#8922,.F.);
#8922 = EDGE_LOOP('',(#8923,#8924,#8925,#8931));
#8923 = ORIENTED_EDGE('',*,*,#8076,.T.);
#8924 = ORIENTED_EDGE('',*,*,#8260,.T.);
#8925 = ORIENTED_EDGE('',*,*,#8926,.F.);
#8926 = EDGE_CURVE('',#8318,#8261,#8927,.T.);
#8927 = LINE('',#8928,#8929);
#8928 = CARTESIAN_POINT('',(3.25,0.5,0.3));
#8929 = VECTOR('',#8930,1.);
#8930 = DIRECTION('',(-1.,1.224646799147E-16,0.));
#8931 = ORIENTED_EDGE('',*,*,#8317,.F.);
#8932 = PLANE('',#8933);
#8933 = AXIS2_PLACEMENT_3D('',#8934,#8935,#8936);
#8934 = CARTESIAN_POINT('',(3.25,2.35,1.));
#8935 = DIRECTION('',(-4.33392824344E-17,-0.353892097416,0.935286257456)
  );
#8936 = DIRECTION('',(-1.14539532148E-16,-0.935286257456,-0.353892097416
    ));
#8937 = ADVANCED_FACE('',(#8938),#8949,.F.);
#8938 = FACE_BOUND('',#8939,.F.);
#8939 = EDGE_LOOP('',(#8940,#8941,#8942,#8948));
#8940 = ORIENTED_EDGE('',*,*,#8044,.T.);
#8941 = ORIENTED_EDGE('',*,*,#8155,.T.);
#8942 = ORIENTED_EDGE('',*,*,#8943,.F.);
#8943 = EDGE_CURVE('',#8213,#8156,#8944,.T.);
#8944 = LINE('',#8945,#8946);
#8945 = CARTESIAN_POINT('',(0.75,0.5,0.3));
#8946 = VECTOR('',#8947,1.);
#8947 = DIRECTION('',(-1.,1.224646799147E-16,0.));
#8948 = ORIENTED_EDGE('',*,*,#8212,.F.);
#8949 = PLANE('',#8950);
#8950 = AXIS2_PLACEMENT_3D('',#8951,#8952,#8953);
#8951 = CARTESIAN_POINT('',(0.75,2.35,1.));
#8952 = DIRECTION('',(-4.33392824344E-17,-0.353892097416,0.935286257456)
  );
#8953 = DIRECTION('',(-1.14539532148E-16,-0.935286257456,-0.353892097416
    ));
#8954 = ADVANCED_FACE('',(#8955,#8961),#8995,.F.);
#8955 = FACE_BOUND('',#8956,.F.);
#8956 = EDGE_LOOP('',(#8957,#8958,#8959,#8960));
#8957 = ORIENTED_EDGE('',*,*,#8943,.T.);
#8958 = ORIENTED_EDGE('',*,*,#8163,.T.);
#8959 = ORIENTED_EDGE('',*,*,#8187,.F.);
#8960 = ORIENTED_EDGE('',*,*,#8220,.F.);
#8961 = FACE_BOUND('',#8962,.F.);
#8962 = EDGE_LOOP('',(#8963,#8973,#8981,#8989));
#8963 = ORIENTED_EDGE('',*,*,#8964,.F.);
#8964 = EDGE_CURVE('',#8965,#8967,#8969,.T.);
#8965 = VERTEX_POINT('',#8966);
#8966 = CARTESIAN_POINT('',(-0.32,0.32,0.3));
#8967 = VERTEX_POINT('',#8968);
#8968 = CARTESIAN_POINT('',(-0.32,-0.32,0.3));
#8969 = LINE('',#8970,#8971);
#8970 = CARTESIAN_POINT('',(-0.32,0.26829700442,0.3));
#8971 = VECTOR('',#8972,1.);
#8972 = DIRECTION('',(-1.224646799147E-16,-1.,0.));
#8973 = ORIENTED_EDGE('',*,*,#8974,.T.);
#8974 = EDGE_CURVE('',#8965,#8975,#8977,.T.);
#8975 = VERTEX_POINT('',#8976);
#8976 = CARTESIAN_POINT('',(0.32,0.32,0.3));
#8977 = LINE('',#8978,#8979);
#8978 = CARTESIAN_POINT('',(0.535,0.32,0.3));
#8979 = VECTOR('',#8980,1.);
#8980 = DIRECTION('',(1.,-1.224646799147E-16,0.));
#8981 = ORIENTED_EDGE('',*,*,#8982,.T.);
#8982 = EDGE_CURVE('',#8975,#8983,#8985,.T.);
#8983 = VERTEX_POINT('',#8984);
#8984 = CARTESIAN_POINT('',(0.32,-0.32,0.3));
#8985 = LINE('',#8986,#8987);
#8986 = CARTESIAN_POINT('',(0.32,0.26829700442,0.3));
#8987 = VECTOR('',#8988,1.);
#8988 = DIRECTION('',(-1.224646799147E-16,-1.,0.));
#8989 = ORIENTED_EDGE('',*,*,#8990,.T.);
#8990 = EDGE_CURVE('',#8983,#8967,#8991,.T.);
#8991 = LINE('',#8992,#8993);
#8992 = CARTESIAN_POINT('',(0.535,-0.32,0.3));
#8993 = VECTOR('',#8994,1.);
#8994 = DIRECTION('',(-1.,1.224646799147E-16,0.));
#8995 = PLANE('',#8996);
#8996 = AXIS2_PLACEMENT_3D('',#8997,#8998,#8999);
#8997 = CARTESIAN_POINT('',(0.75,0.5,0.3));
#8998 = DIRECTION('',(0.,0.,1.));
#8999 = DIRECTION('',(-1.224646799147E-16,-1.,0.));
#9000 = ADVANCED_FACE('',(#9001,#9007),#9041,.F.);
#9001 = FACE_BOUND('',#9002,.F.);
#9002 = EDGE_LOOP('',(#9003,#9004,#9005,#9006));
#9003 = ORIENTED_EDGE('',*,*,#8926,.T.);
#9004 = ORIENTED_EDGE('',*,*,#8268,.T.);
#9005 = ORIENTED_EDGE('',*,*,#8292,.F.);
#9006 = ORIENTED_EDGE('',*,*,#8325,.F.);
#9007 = FACE_BOUND('',#9008,.F.);
#9008 = EDGE_LOOP('',(#9009,#9019,#9027,#9035));
#9009 = ORIENTED_EDGE('',*,*,#9010,.F.);
#9010 = EDGE_CURVE('',#9011,#9013,#9015,.T.);
#9011 = VERTEX_POINT('',#9012);
#9012 = CARTESIAN_POINT('',(2.18,0.32,0.3));
#9013 = VERTEX_POINT('',#9014);
#9014 = CARTESIAN_POINT('',(2.18,-0.32,0.3));
#9015 = LINE('',#9016,#9017);
#9016 = CARTESIAN_POINT('',(2.18,0.25,0.3));
#9017 = VECTOR('',#9018,1.);
#9018 = DIRECTION('',(-1.224646799147E-16,-1.,0.));
#9019 = ORIENTED_EDGE('',*,*,#9020,.T.);
#9020 = EDGE_CURVE('',#9011,#9021,#9023,.T.);
#9021 = VERTEX_POINT('',#9022);
#9022 = CARTESIAN_POINT('',(2.82,0.32,0.3));
#9023 = LINE('',#9024,#9025);
#9024 = CARTESIAN_POINT('',(3.035,0.32,0.3));
#9025 = VECTOR('',#9026,1.);
#9026 = DIRECTION('',(1.,-1.224646799147E-16,0.));
#9027 = ORIENTED_EDGE('',*,*,#9028,.T.);
#9028 = EDGE_CURVE('',#9021,#9029,#9031,.T.);
#9029 = VERTEX_POINT('',#9030);
#9030 = CARTESIAN_POINT('',(2.82,-0.32,0.3));
#9031 = LINE('',#9032,#9033);
#9032 = CARTESIAN_POINT('',(2.82,0.25,0.3));
#9033 = VECTOR('',#9034,1.);
#9034 = DIRECTION('',(-1.224646799147E-16,-1.,0.));
#9035 = ORIENTED_EDGE('',*,*,#9036,.T.);
#9036 = EDGE_CURVE('',#9029,#9013,#9037,.T.);
#9037 = LINE('',#9038,#9039);
#9038 = CARTESIAN_POINT('',(3.035,-0.32,0.3));
#9039 = VECTOR('',#9040,1.);
#9040 = DIRECTION('',(-1.,1.224646799147E-16,0.));
#9041 = PLANE('',#9042);
#9042 = AXIS2_PLACEMENT_3D('',#9043,#9044,#9045);
#9043 = CARTESIAN_POINT('',(3.25,0.5,0.3));
#9044 = DIRECTION('',(0.,0.,1.));
#9045 = DIRECTION('',(-1.224646799147E-16,-1.,0.));
#9046 = ADVANCED_FACE('',(#9047,#9053),#9087,.F.);
#9047 = FACE_BOUND('',#9048,.F.);
#9048 = EDGE_LOOP('',(#9049,#9050,#9051,#9052));
#9049 = ORIENTED_EDGE('',*,*,#8909,.T.);
#9050 = ORIENTED_EDGE('',*,*,#8373,.T.);
#9051 = ORIENTED_EDGE('',*,*,#8397,.F.);
#9052 = ORIENTED_EDGE('',*,*,#8430,.F.);
#9053 = FACE_BOUND('',#9054,.F.);
#9054 = EDGE_LOOP('',(#9055,#9065,#9073,#9081));
#9055 = ORIENTED_EDGE('',*,*,#9056,.F.);
#9056 = EDGE_CURVE('',#9057,#9059,#9061,.T.);
#9057 = VERTEX_POINT('',#9058);
#9058 = CARTESIAN_POINT('',(4.68,0.32,0.3));
#9059 = VERTEX_POINT('',#9060);
#9060 = CARTESIAN_POINT('',(4.68,-0.32,0.3));
#9061 = LINE('',#9062,#9063);
#9062 = CARTESIAN_POINT('',(4.68,0.26829700442,0.3));
#9063 = VECTOR('',#9064,1.);
#9064 = DIRECTION('',(-1.224646799147E-16,-1.,0.));
#9065 = ORIENTED_EDGE('',*,*,#9066,.T.);
#9066 = EDGE_CURVE('',#9057,#9067,#9069,.T.);
#9067 = VERTEX_POINT('',#9068);
#9068 = CARTESIAN_POINT('',(5.32,0.32,0.3));
#9069 = LINE('',#9070,#9071);
#9070 = CARTESIAN_POINT('',(5.535,0.32,0.3));
#9071 = VECTOR('',#9072,1.);
#9072 = DIRECTION('',(1.,-1.224646799147E-16,0.));
#9073 = ORIENTED_EDGE('',*,*,#9074,.T.);
#9074 = EDGE_CURVE('',#9067,#9075,#9077,.T.);
#9075 = VERTEX_POINT('',#9076);
#9076 = CARTESIAN_POINT('',(5.32,-0.32,0.3));
#9077 = LINE('',#9078,#9079);
#9078 = CARTESIAN_POINT('',(5.32,0.26829700442,0.3));
#9079 = VECTOR('',#9080,1.);
#9080 = DIRECTION('',(-1.224646799147E-16,-1.,0.));
#9081 = ORIENTED_EDGE('',*,*,#9082,.T.);
#9082 = EDGE_CURVE('',#9075,#9059,#9083,.T.);
#9083 = LINE('',#9084,#9085);
#9084 = CARTESIAN_POINT('',(5.535,-0.32,0.3));
#9085 = VECTOR('',#9086,1.);
#9086 = DIRECTION('',(-1.,1.224646799147E-16,0.));
#9087 = PLANE('',#9088);
#9088 = AXIS2_PLACEMENT_3D('',#9089,#9090,#9091);
#9089 = CARTESIAN_POINT('',(5.75,0.5,0.3));
#9090 = DIRECTION('',(0.,0.,1.));
#9091 = DIRECTION('',(-1.224646799147E-16,-1.,0.));
#9092 = ADVANCED_FACE('',(#9093),#9118,.T.);
#9093 = FACE_BOUND('',#9094,.T.);
#9094 = EDGE_LOOP('',(#9095,#9096,#9104,#9112));
#9095 = ORIENTED_EDGE('',*,*,#8549,.T.);
#9096 = ORIENTED_EDGE('',*,*,#9097,.T.);
#9097 = EDGE_CURVE('',#8552,#9098,#9100,.T.);
#9098 = VERTEX_POINT('',#9099);
#9099 = CARTESIAN_POINT('',(-0.32,-0.32,6.3));
#9100 = LINE('',#9101,#9102);
#9101 = CARTESIAN_POINT('',(-0.32,-0.32,-0.9));
#9102 = VECTOR('',#9103,1.);
#9103 = DIRECTION('',(0.,0.,1.));
#9104 = ORIENTED_EDGE('',*,*,#9105,.T.);
#9105 = EDGE_CURVE('',#9098,#9106,#9108,.T.);
#9106 = VERTEX_POINT('',#9107);
#9107 = CARTESIAN_POINT('',(-0.32,0.32,6.3));
#9108 = LINE('',#9109,#9110);
#9109 = CARTESIAN_POINT('',(-0.32,-0.32,6.3));
#9110 = VECTOR('',#9111,1.);
#9111 = DIRECTION('',(1.224646799147E-16,1.,0.));
#9112 = ORIENTED_EDGE('',*,*,#9113,.T.);
#9113 = EDGE_CURVE('',#9106,#8550,#9114,.T.);
#9114 = LINE('',#9115,#9116);
#9115 = CARTESIAN_POINT('',(-0.32,0.32,6.5));
#9116 = VECTOR('',#9117,1.);
#9117 = DIRECTION('',(-0.,0.,-1.));
#9118 = PLANE('',#9119);
#9119 = AXIS2_PLACEMENT_3D('',#9120,#9121,#9122);
#9120 = CARTESIAN_POINT('',(-0.32,3.65940088399E-02,1.522832428212));
#9121 = DIRECTION('',(-1.,1.224646799147E-16,0.));
#9122 = DIRECTION('',(0.,0.,1.));
#9123 = ADVANCED_FACE('',(#9124),#9142,.F.);
#9124 = FACE_BOUND('',#9125,.F.);
#9125 = EDGE_LOOP('',(#9126,#9134,#9135,#9136));
#9126 = ORIENTED_EDGE('',*,*,#9127,.F.);
#9127 = EDGE_CURVE('',#8568,#9128,#9130,.T.);
#9128 = VERTEX_POINT('',#9129);
#9129 = CARTESIAN_POINT('',(0.32,-0.32,6.3));
#9130 = LINE('',#9131,#9132);
#9131 = CARTESIAN_POINT('',(0.32,-0.32,-0.9));
#9132 = VECTOR('',#9133,1.);
#9133 = DIRECTION('',(0.,0.,1.));
#9134 = ORIENTED_EDGE('',*,*,#8575,.T.);
#9135 = ORIENTED_EDGE('',*,*,#9097,.T.);
#9136 = ORIENTED_EDGE('',*,*,#9137,.F.);
#9137 = EDGE_CURVE('',#9128,#9098,#9138,.T.);
#9138 = LINE('',#9139,#9140);
#9139 = CARTESIAN_POINT('',(0.32,-0.32,6.3));
#9140 = VECTOR('',#9141,1.);
#9141 = DIRECTION('',(-1.,1.224646799147E-16,0.));
#9142 = PLANE('',#9143);
#9143 = AXIS2_PLACEMENT_3D('',#9144,#9145,#9146);
#9144 = CARTESIAN_POINT('',(0.32,-0.32,-0.9));
#9145 = DIRECTION('',(1.224646799147E-16,1.,0.));
#9146 = DIRECTION('',(0.,-0.,1.));
#9147 = ADVANCED_FACE('',(#9148),#9166,.F.);
#9148 = FACE_BOUND('',#9149,.F.);
#9149 = EDGE_LOOP('',(#9150,#9151,#9152,#9160));
#9150 = ORIENTED_EDGE('',*,*,#8567,.T.);
#9151 = ORIENTED_EDGE('',*,*,#9127,.T.);
#9152 = ORIENTED_EDGE('',*,*,#9153,.T.);
#9153 = EDGE_CURVE('',#9128,#9154,#9156,.T.);
#9154 = VERTEX_POINT('',#9155);
#9155 = CARTESIAN_POINT('',(0.32,0.32,6.3));
#9156 = LINE('',#9157,#9158);
#9157 = CARTESIAN_POINT('',(0.32,-0.32,6.3));
#9158 = VECTOR('',#9159,1.);
#9159 = DIRECTION('',(1.224646799147E-16,1.,0.));
#9160 = ORIENTED_EDGE('',*,*,#9161,.T.);
#9161 = EDGE_CURVE('',#9154,#8560,#9162,.T.);
#9162 = LINE('',#9163,#9164);
#9163 = CARTESIAN_POINT('',(0.32,0.32,6.5));
#9164 = VECTOR('',#9165,1.);
#9165 = DIRECTION('',(-0.,0.,-1.));
#9166 = PLANE('',#9167);
#9167 = AXIS2_PLACEMENT_3D('',#9168,#9169,#9170);
#9168 = CARTESIAN_POINT('',(0.32,3.65940088399E-02,1.522832428212));
#9169 = DIRECTION('',(-1.,1.224646799147E-16,0.));
#9170 = DIRECTION('',(0.,0.,1.));
#9171 = ADVANCED_FACE('',(#9172),#9183,.F.);
#9172 = FACE_BOUND('',#9173,.F.);
#9173 = EDGE_LOOP('',(#9174,#9175,#9181,#9182));
#9174 = ORIENTED_EDGE('',*,*,#9161,.F.);
#9175 = ORIENTED_EDGE('',*,*,#9176,.T.);
#9176 = EDGE_CURVE('',#9154,#9106,#9177,.T.);
#9177 = LINE('',#9178,#9179);
#9178 = CARTESIAN_POINT('',(0.32,0.32,6.3));
#9179 = VECTOR('',#9180,1.);
#9180 = DIRECTION('',(-1.,1.224646799147E-16,0.));
#9181 = ORIENTED_EDGE('',*,*,#9113,.T.);
#9182 = ORIENTED_EDGE('',*,*,#8559,.T.);
#9183 = PLANE('',#9184);
#9184 = AXIS2_PLACEMENT_3D('',#9185,#9186,#9187);
#9185 = CARTESIAN_POINT('',(0.32,0.32,6.5));
#9186 = DIRECTION('',(-1.224646799147E-16,-1.,0.));
#9187 = DIRECTION('',(-0.,0.,-1.));
#9188 = ADVANCED_FACE('',(#9189),#9214,.T.);
#9189 = FACE_BOUND('',#9190,.T.);
#9190 = EDGE_LOOP('',(#9191,#9192,#9200,#9208));
#9191 = ORIENTED_EDGE('',*,*,#8583,.T.);
#9192 = ORIENTED_EDGE('',*,*,#9193,.T.);
#9193 = EDGE_CURVE('',#8586,#9194,#9196,.T.);
#9194 = VERTEX_POINT('',#9195);
#9195 = CARTESIAN_POINT('',(4.68,-0.32,6.3));
#9196 = LINE('',#9197,#9198);
#9197 = CARTESIAN_POINT('',(4.68,-0.32,-0.9));
#9198 = VECTOR('',#9199,1.);
#9199 = DIRECTION('',(0.,0.,1.));
#9200 = ORIENTED_EDGE('',*,*,#9201,.T.);
#9201 = EDGE_CURVE('',#9194,#9202,#9204,.T.);
#9202 = VERTEX_POINT('',#9203);
#9203 = CARTESIAN_POINT('',(4.68,0.32,6.3));
#9204 = LINE('',#9205,#9206);
#9205 = CARTESIAN_POINT('',(4.68,-0.32,6.3));
#9206 = VECTOR('',#9207,1.);
#9207 = DIRECTION('',(1.224646799147E-16,1.,0.));
#9208 = ORIENTED_EDGE('',*,*,#9209,.T.);
#9209 = EDGE_CURVE('',#9202,#8584,#9210,.T.);
#9210 = LINE('',#9211,#9212);
#9211 = CARTESIAN_POINT('',(4.68,0.32,6.5));
#9212 = VECTOR('',#9213,1.);
#9213 = DIRECTION('',(-0.,0.,-1.));
#9214 = PLANE('',#9215);
#9215 = AXIS2_PLACEMENT_3D('',#9216,#9217,#9218);
#9216 = CARTESIAN_POINT('',(4.68,3.65940088399E-02,1.522832428212));
#9217 = DIRECTION('',(-1.,1.224646799147E-16,0.));
#9218 = DIRECTION('',(0.,0.,1.));
#9219 = ADVANCED_FACE('',(#9220),#9238,.F.);
#9220 = FACE_BOUND('',#9221,.F.);
#9221 = EDGE_LOOP('',(#9222,#9230,#9231,#9232));
#9222 = ORIENTED_EDGE('',*,*,#9223,.F.);
#9223 = EDGE_CURVE('',#8602,#9224,#9226,.T.);
#9224 = VERTEX_POINT('',#9225);
#9225 = CARTESIAN_POINT('',(5.32,-0.32,6.3));
#9226 = LINE('',#9227,#9228);
#9227 = CARTESIAN_POINT('',(5.32,-0.32,-0.9));
#9228 = VECTOR('',#9229,1.);
#9229 = DIRECTION('',(0.,0.,1.));
#9230 = ORIENTED_EDGE('',*,*,#8609,.T.);
#9231 = ORIENTED_EDGE('',*,*,#9193,.T.);
#9232 = ORIENTED_EDGE('',*,*,#9233,.F.);
#9233 = EDGE_CURVE('',#9224,#9194,#9234,.T.);
#9234 = LINE('',#9235,#9236);
#9235 = CARTESIAN_POINT('',(5.32,-0.32,6.3));
#9236 = VECTOR('',#9237,1.);
#9237 = DIRECTION('',(-1.,1.224646799147E-16,0.));
#9238 = PLANE('',#9239);
#9239 = AXIS2_PLACEMENT_3D('',#9240,#9241,#9242);
#9240 = CARTESIAN_POINT('',(5.32,-0.32,-0.9));
#9241 = DIRECTION('',(1.224646799147E-16,1.,0.));
#9242 = DIRECTION('',(0.,-0.,1.));
#9243 = ADVANCED_FACE('',(#9244),#9262,.F.);
#9244 = FACE_BOUND('',#9245,.F.);
#9245 = EDGE_LOOP('',(#9246,#9247,#9248,#9256));
#9246 = ORIENTED_EDGE('',*,*,#8601,.T.);
#9247 = ORIENTED_EDGE('',*,*,#9223,.T.);
#9248 = ORIENTED_EDGE('',*,*,#9249,.T.);
#9249 = EDGE_CURVE('',#9224,#9250,#9252,.T.);
#9250 = VERTEX_POINT('',#9251);
#9251 = CARTESIAN_POINT('',(5.32,0.32,6.3));
#9252 = LINE('',#9253,#9254);
#9253 = CARTESIAN_POINT('',(5.32,-0.32,6.3));
#9254 = VECTOR('',#9255,1.);
#9255 = DIRECTION('',(1.224646799147E-16,1.,0.));
#9256 = ORIENTED_EDGE('',*,*,#9257,.T.);
#9257 = EDGE_CURVE('',#9250,#8594,#9258,.T.);
#9258 = LINE('',#9259,#9260);
#9259 = CARTESIAN_POINT('',(5.32,0.32,6.5));
#9260 = VECTOR('',#9261,1.);
#9261 = DIRECTION('',(-0.,0.,-1.));
#9262 = PLANE('',#9263);
#9263 = AXIS2_PLACEMENT_3D('',#9264,#9265,#9266);
#9264 = CARTESIAN_POINT('',(5.32,3.65940088399E-02,1.522832428212));
#9265 = DIRECTION('',(-1.,1.224646799147E-16,0.));
#9266 = DIRECTION('',(0.,0.,1.));
#9267 = ADVANCED_FACE('',(#9268),#9279,.F.);
#9268 = FACE_BOUND('',#9269,.F.);
#9269 = EDGE_LOOP('',(#9270,#9271,#9277,#9278));
#9270 = ORIENTED_EDGE('',*,*,#9257,.F.);
#9271 = ORIENTED_EDGE('',*,*,#9272,.T.);
#9272 = EDGE_CURVE('',#9250,#9202,#9273,.T.);
#9273 = LINE('',#9274,#9275);
#9274 = CARTESIAN_POINT('',(5.32,0.32,6.3));
#9275 = VECTOR('',#9276,1.);
#9276 = DIRECTION('',(-1.,1.224646799147E-16,0.));
#9277 = ORIENTED_EDGE('',*,*,#9209,.T.);
#9278 = ORIENTED_EDGE('',*,*,#8593,.T.);
#9279 = PLANE('',#9280);
#9280 = AXIS2_PLACEMENT_3D('',#9281,#9282,#9283);
#9281 = CARTESIAN_POINT('',(5.32,0.32,6.5));
#9282 = DIRECTION('',(-1.224646799147E-16,-1.,0.));
#9283 = DIRECTION('',(-0.,0.,-1.));
#9284 = ADVANCED_FACE('',(#9285),#9310,.T.);
#9285 = FACE_BOUND('',#9286,.T.);
#9286 = EDGE_LOOP('',(#9287,#9288,#9296,#9304));
#9287 = ORIENTED_EDGE('',*,*,#8617,.T.);
#9288 = ORIENTED_EDGE('',*,*,#9289,.T.);
#9289 = EDGE_CURVE('',#8620,#9290,#9292,.T.);
#9290 = VERTEX_POINT('',#9291);
#9291 = CARTESIAN_POINT('',(2.18,-0.32,6.3));
#9292 = LINE('',#9293,#9294);
#9293 = CARTESIAN_POINT('',(2.18,-0.32,-3.4));
#9294 = VECTOR('',#9295,1.);
#9295 = DIRECTION('',(0.,0.,1.));
#9296 = ORIENTED_EDGE('',*,*,#9297,.T.);
#9297 = EDGE_CURVE('',#9290,#9298,#9300,.T.);
#9298 = VERTEX_POINT('',#9299);
#9299 = CARTESIAN_POINT('',(2.18,0.32,6.3));
#9300 = LINE('',#9301,#9302);
#9301 = CARTESIAN_POINT('',(2.18,-0.32,6.3));
#9302 = VECTOR('',#9303,1.);
#9303 = DIRECTION('',(1.224646799147E-16,1.,0.));
#9304 = ORIENTED_EDGE('',*,*,#9305,.T.);
#9305 = EDGE_CURVE('',#9298,#8618,#9306,.T.);
#9306 = LINE('',#9307,#9308);
#9307 = CARTESIAN_POINT('',(2.18,0.32,6.5));
#9308 = VECTOR('',#9309,1.);
#9309 = DIRECTION('',(-0.,0.,-1.));
#9310 = PLANE('',#9311);
#9311 = AXIS2_PLACEMENT_3D('',#9312,#9313,#9314);
#9312 = CARTESIAN_POINT('',(2.18,3.918869757272E-17,1.55));
#9313 = DIRECTION('',(-1.,1.224646799147E-16,0.));
#9314 = DIRECTION('',(0.,0.,1.));
#9315 = ADVANCED_FACE('',(#9316),#9334,.F.);
#9316 = FACE_BOUND('',#9317,.F.);
#9317 = EDGE_LOOP('',(#9318,#9326,#9327,#9328));
#9318 = ORIENTED_EDGE('',*,*,#9319,.F.);
#9319 = EDGE_CURVE('',#8636,#9320,#9322,.T.);
#9320 = VERTEX_POINT('',#9321);
#9321 = CARTESIAN_POINT('',(2.82,-0.32,6.3));
#9322 = LINE('',#9323,#9324);
#9323 = CARTESIAN_POINT('',(2.82,-0.32,-3.4));
#9324 = VECTOR('',#9325,1.);
#9325 = DIRECTION('',(0.,0.,1.));
#9326 = ORIENTED_EDGE('',*,*,#8643,.T.);
#9327 = ORIENTED_EDGE('',*,*,#9289,.T.);
#9328 = ORIENTED_EDGE('',*,*,#9329,.F.);
#9329 = EDGE_CURVE('',#9320,#9290,#9330,.T.);
#9330 = LINE('',#9331,#9332);
#9331 = CARTESIAN_POINT('',(2.82,-0.32,6.3));
#9332 = VECTOR('',#9333,1.);
#9333 = DIRECTION('',(-1.,1.224646799147E-16,0.));
#9334 = PLANE('',#9335);
#9335 = AXIS2_PLACEMENT_3D('',#9336,#9337,#9338);
#9336 = CARTESIAN_POINT('',(2.82,-0.32,-3.4));
#9337 = DIRECTION('',(1.224646799147E-16,1.,0.));
#9338 = DIRECTION('',(0.,-0.,1.));
#9339 = ADVANCED_FACE('',(#9340),#9358,.F.);
#9340 = FACE_BOUND('',#9341,.F.);
#9341 = EDGE_LOOP('',(#9342,#9343,#9344,#9352));
#9342 = ORIENTED_EDGE('',*,*,#8635,.T.);
#9343 = ORIENTED_EDGE('',*,*,#9319,.T.);
#9344 = ORIENTED_EDGE('',*,*,#9345,.T.);
#9345 = EDGE_CURVE('',#9320,#9346,#9348,.T.);
#9346 = VERTEX_POINT('',#9347);
#9347 = CARTESIAN_POINT('',(2.82,0.32,6.3));
#9348 = LINE('',#9349,#9350);
#9349 = CARTESIAN_POINT('',(2.82,-0.32,6.3));
#9350 = VECTOR('',#9351,1.);
#9351 = DIRECTION('',(1.224646799147E-16,1.,0.));
#9352 = ORIENTED_EDGE('',*,*,#9353,.T.);
#9353 = EDGE_CURVE('',#9346,#8628,#9354,.T.);
#9354 = LINE('',#9355,#9356);
#9355 = CARTESIAN_POINT('',(2.82,0.32,6.5));
#9356 = VECTOR('',#9357,1.);
#9357 = DIRECTION('',(-0.,0.,-1.));
#9358 = PLANE('',#9359);
#9359 = AXIS2_PLACEMENT_3D('',#9360,#9361,#9362);
#9360 = CARTESIAN_POINT('',(2.82,-3.918869757272E-17,1.55));
#9361 = DIRECTION('',(-1.,1.224646799147E-16,0.));
#9362 = DIRECTION('',(0.,0.,1.));
#9363 = ADVANCED_FACE('',(#9364),#9375,.F.);
#9364 = FACE_BOUND('',#9365,.F.);
#9365 = EDGE_LOOP('',(#9366,#9367,#9373,#9374));
#9366 = ORIENTED_EDGE('',*,*,#9353,.F.);
#9367 = ORIENTED_EDGE('',*,*,#9368,.T.);
#9368 = EDGE_CURVE('',#9346,#9298,#9369,.T.);
#9369 = LINE('',#9370,#9371);
#9370 = CARTESIAN_POINT('',(2.82,0.32,6.3));
#9371 = VECTOR('',#9372,1.);
#9372 = DIRECTION('',(-1.,1.224646799147E-16,0.));
#9373 = ORIENTED_EDGE('',*,*,#9305,.T.);
#9374 = ORIENTED_EDGE('',*,*,#8627,.T.);
#9375 = PLANE('',#9376);
#9376 = AXIS2_PLACEMENT_3D('',#9377,#9378,#9379);
#9377 = CARTESIAN_POINT('',(2.82,0.32,6.5));
#9378 = DIRECTION('',(-1.224646799147E-16,-1.,0.));
#9379 = DIRECTION('',(-0.,0.,-1.));
#9380 = ADVANCED_FACE('',(#9381),#9438,.T.);
#9381 = FACE_BOUND('',#9382,.T.);
#9382 = EDGE_LOOP('',(#9383,#9393,#9401,#9409,#9415,#9416,#9424,#9432));
#9383 = ORIENTED_EDGE('',*,*,#9384,.T.);
#9384 = EDGE_CURVE('',#9385,#9387,#9389,.T.);
#9385 = VERTEX_POINT('',#9386);
#9386 = CARTESIAN_POINT('',(-0.32,0.351578947368,-3.2));
#9387 = VERTEX_POINT('',#9388);
#9388 = CARTESIAN_POINT('',(-0.32,-0.288421052632,-3.2));
#9389 = LINE('',#9390,#9391);
#9390 = CARTESIAN_POINT('',(-0.32,0.32,-3.2));
#9391 = VECTOR('',#9392,1.);
#9392 = DIRECTION('',(-1.224646799147E-16,-1.,0.));
#9393 = ORIENTED_EDGE('',*,*,#9394,.T.);
#9394 = EDGE_CURVE('',#9387,#9395,#9397,.T.);
#9395 = VERTEX_POINT('',#9396);
#9396 = CARTESIAN_POINT('',(-0.32,-2.E-02,-1.5));
#9397 = LINE('',#9398,#9399);
#9398 = CARTESIAN_POINT('',(-0.32,-0.32,-3.4));
#9399 = VECTOR('',#9400,1.);
#9400 = DIRECTION('',(1.909990663905E-17,0.155962573473,0.987762965329)
  );
#9401 = ORIENTED_EDGE('',*,*,#9402,.T.);
#9402 = EDGE_CURVE('',#9395,#9403,#9405,.T.);
#9403 = VERTEX_POINT('',#9404);
#9404 = CARTESIAN_POINT('',(-0.32,-0.32,-0.9));
#9405 = LINE('',#9406,#9407);
#9406 = CARTESIAN_POINT('',(-0.32,-2.E-02,-1.5));
#9407 = VECTOR('',#9408,1.);
#9408 = DIRECTION('',(-5.476786982641E-17,-0.4472135955,0.894427191));
#9409 = ORIENTED_EDGE('',*,*,#9410,.T.);
#9410 = EDGE_CURVE('',#9403,#8967,#9411,.T.);
#9411 = LINE('',#9412,#9413);
#9412 = CARTESIAN_POINT('',(-0.32,-0.32,-0.9));
#9413 = VECTOR('',#9414,1.);
#9414 = DIRECTION('',(0.,0.,1.));
#9415 = ORIENTED_EDGE('',*,*,#8964,.F.);
#9416 = ORIENTED_EDGE('',*,*,#9417,.T.);
#9417 = EDGE_CURVE('',#8965,#9418,#9420,.T.);
#9418 = VERTEX_POINT('',#9419);
#9419 = CARTESIAN_POINT('',(-0.32,0.32,-0.9));
#9420 = LINE('',#9421,#9422);
#9421 = CARTESIAN_POINT('',(-0.32,0.32,6.5));
#9422 = VECTOR('',#9423,1.);
#9423 = DIRECTION('',(-0.,0.,-1.));
#9424 = ORIENTED_EDGE('',*,*,#9425,.T.);
#9425 = EDGE_CURVE('',#9418,#9426,#9428,.T.);
#9426 = VERTEX_POINT('',#9427);
#9427 = CARTESIAN_POINT('',(-0.32,0.62,-1.5));
#9428 = LINE('',#9429,#9430);
#9429 = CARTESIAN_POINT('',(-0.32,0.32,-0.9));
#9430 = VECTOR('',#9431,1.);
#9431 = DIRECTION('',(5.476786982641E-17,0.4472135955,-0.894427191));
#9432 = ORIENTED_EDGE('',*,*,#9433,.T.);
#9433 = EDGE_CURVE('',#9426,#9385,#9434,.T.);
#9434 = LINE('',#9435,#9436);
#9435 = CARTESIAN_POINT('',(-0.32,0.62,-1.5));
#9436 = VECTOR('',#9437,1.);
#9437 = DIRECTION('',(-1.909990663905E-17,-0.155962573473,
    -0.987762965329));
#9438 = PLANE('',#9439);
#9439 = AXIS2_PLACEMENT_3D('',#9440,#9441,#9442);
#9440 = CARTESIAN_POINT('',(-0.32,3.65940088399E-02,1.522832428212));
#9441 = DIRECTION('',(-1.,1.224646799147E-16,0.));
#9442 = DIRECTION('',(0.,0.,1.));
#9443 = ADVANCED_FACE('',(#9444),#9462,.F.);
#9444 = FACE_BOUND('',#9445,.F.);
#9445 = EDGE_LOOP('',(#9446,#9454,#9460,#9461));
#9446 = ORIENTED_EDGE('',*,*,#9447,.F.);
#9447 = EDGE_CURVE('',#9448,#8983,#9450,.T.);
#9448 = VERTEX_POINT('',#9449);
#9449 = CARTESIAN_POINT('',(0.32,-0.32,-0.9));
#9450 = LINE('',#9451,#9452);
#9451 = CARTESIAN_POINT('',(0.32,-0.32,-0.9));
#9452 = VECTOR('',#9453,1.);
#9453 = DIRECTION('',(0.,0.,1.));
#9454 = ORIENTED_EDGE('',*,*,#9455,.T.);
#9455 = EDGE_CURVE('',#9448,#9403,#9456,.T.);
#9456 = LINE('',#9457,#9458);
#9457 = CARTESIAN_POINT('',(0.32,-0.32,-0.9));
#9458 = VECTOR('',#9459,1.);
#9459 = DIRECTION('',(-1.,1.224646799147E-16,0.));
#9460 = ORIENTED_EDGE('',*,*,#9410,.T.);
#9461 = ORIENTED_EDGE('',*,*,#8990,.F.);
#9462 = PLANE('',#9463);
#9463 = AXIS2_PLACEMENT_3D('',#9464,#9465,#9466);
#9464 = CARTESIAN_POINT('',(0.32,-0.32,-0.9));
#9465 = DIRECTION('',(1.224646799147E-16,1.,0.));
#9466 = DIRECTION('',(0.,-0.,1.));
#9467 = ADVANCED_FACE('',(#9468),#9518,.F.);
#9468 = FACE_BOUND('',#9469,.F.);
#9469 = EDGE_LOOP('',(#9470,#9480,#9488,#9494,#9495,#9496,#9504,#9512));
#9470 = ORIENTED_EDGE('',*,*,#9471,.T.);
#9471 = EDGE_CURVE('',#9472,#9474,#9476,.T.);
#9472 = VERTEX_POINT('',#9473);
#9473 = CARTESIAN_POINT('',(0.32,0.351578947368,-3.2));
#9474 = VERTEX_POINT('',#9475);
#9475 = CARTESIAN_POINT('',(0.32,-0.288421052632,-3.2));
#9476 = LINE('',#9477,#9478);
#9477 = CARTESIAN_POINT('',(0.32,0.32,-3.2));
#9478 = VECTOR('',#9479,1.);
#9479 = DIRECTION('',(-1.224646799147E-16,-1.,0.));
#9480 = ORIENTED_EDGE('',*,*,#9481,.T.);
#9481 = EDGE_CURVE('',#9474,#9482,#9484,.T.);
#9482 = VERTEX_POINT('',#9483);
#9483 = CARTESIAN_POINT('',(0.32,-2.E-02,-1.5));
#9484 = LINE('',#9485,#9486);
#9485 = CARTESIAN_POINT('',(0.32,-0.32,-3.4));
#9486 = VECTOR('',#9487,1.);
#9487 = DIRECTION('',(1.909990663905E-17,0.155962573473,0.987762965329)
  );
#9488 = ORIENTED_EDGE('',*,*,#9489,.T.);
#9489 = EDGE_CURVE('',#9482,#9448,#9490,.T.);
#9490 = LINE('',#9491,#9492);
#9491 = CARTESIAN_POINT('',(0.32,-2.E-02,-1.5));
#9492 = VECTOR('',#9493,1.);
#9493 = DIRECTION('',(-5.476786982641E-17,-0.4472135955,0.894427191));
#9494 = ORIENTED_EDGE('',*,*,#9447,.T.);
#9495 = ORIENTED_EDGE('',*,*,#8982,.F.);
#9496 = ORIENTED_EDGE('',*,*,#9497,.T.);
#9497 = EDGE_CURVE('',#8975,#9498,#9500,.T.);
#9498 = VERTEX_POINT('',#9499);
#9499 = CARTESIAN_POINT('',(0.32,0.32,-0.9));
#9500 = LINE('',#9501,#9502);
#9501 = CARTESIAN_POINT('',(0.32,0.32,6.5));
#9502 = VECTOR('',#9503,1.);
#9503 = DIRECTION('',(-0.,0.,-1.));
#9504 = ORIENTED_EDGE('',*,*,#9505,.T.);
#9505 = EDGE_CURVE('',#9498,#9506,#9508,.T.);
#9506 = VERTEX_POINT('',#9507);
#9507 = CARTESIAN_POINT('',(0.32,0.62,-1.5));
#9508 = LINE('',#9509,#9510);
#9509 = CARTESIAN_POINT('',(0.32,0.32,-0.9));
#9510 = VECTOR('',#9511,1.);
#9511 = DIRECTION('',(5.476786982641E-17,0.4472135955,-0.894427191));
#9512 = ORIENTED_EDGE('',*,*,#9513,.T.);
#9513 = EDGE_CURVE('',#9506,#9472,#9514,.T.);
#9514 = LINE('',#9515,#9516);
#9515 = CARTESIAN_POINT('',(0.32,0.62,-1.5));
#9516 = VECTOR('',#9517,1.);
#9517 = DIRECTION('',(-1.909990663905E-17,-0.155962573473,
    -0.987762965329));
#9518 = PLANE('',#9519);
#9519 = AXIS2_PLACEMENT_3D('',#9520,#9521,#9522);
#9520 = CARTESIAN_POINT('',(0.32,3.65940088399E-02,1.522832428212));
#9521 = DIRECTION('',(-1.,1.224646799147E-16,0.));
#9522 = DIRECTION('',(0.,0.,1.));
#9523 = ADVANCED_FACE('',(#9524),#9535,.F.);
#9524 = FACE_BOUND('',#9525,.F.);
#9525 = EDGE_LOOP('',(#9526,#9527,#9528,#9529));
#9526 = ORIENTED_EDGE('',*,*,#9497,.F.);
#9527 = ORIENTED_EDGE('',*,*,#8974,.F.);
#9528 = ORIENTED_EDGE('',*,*,#9417,.T.);
#9529 = ORIENTED_EDGE('',*,*,#9530,.F.);
#9530 = EDGE_CURVE('',#9498,#9418,#9531,.T.);
#9531 = LINE('',#9532,#9533);
#9532 = CARTESIAN_POINT('',(0.32,0.32,-0.9));
#9533 = VECTOR('',#9534,1.);
#9534 = DIRECTION('',(-1.,1.224646799147E-16,0.));
#9535 = PLANE('',#9536);
#9536 = AXIS2_PLACEMENT_3D('',#9537,#9538,#9539);
#9537 = CARTESIAN_POINT('',(0.32,0.32,6.5));
#9538 = DIRECTION('',(-1.224646799147E-16,-1.,0.));
#9539 = DIRECTION('',(-0.,0.,-1.));
#9540 = ADVANCED_FACE('',(#9541),#9566,.T.);
#9541 = FACE_BOUND('',#9542,.T.);
#9542 = EDGE_LOOP('',(#9543,#9553,#9559,#9560));
#9543 = ORIENTED_EDGE('',*,*,#9544,.T.);
#9544 = EDGE_CURVE('',#9545,#9547,#9549,.T.);
#9545 = VERTEX_POINT('',#9546);
#9546 = CARTESIAN_POINT('',(2.18,0.32,-3.2));
#9547 = VERTEX_POINT('',#9548);
#9548 = CARTESIAN_POINT('',(2.18,-0.32,-3.2));
#9549 = LINE('',#9550,#9551);
#9550 = CARTESIAN_POINT('',(2.18,0.32,-3.2));
#9551 = VECTOR('',#9552,1.);
#9552 = DIRECTION('',(-1.224646799147E-16,-1.,0.));
#9553 = ORIENTED_EDGE('',*,*,#9554,.T.);
#9554 = EDGE_CURVE('',#9547,#9013,#9555,.T.);
#9555 = LINE('',#9556,#9557);
#9556 = CARTESIAN_POINT('',(2.18,-0.32,-3.4));
#9557 = VECTOR('',#9558,1.);
#9558 = DIRECTION('',(0.,0.,1.));
#9559 = ORIENTED_EDGE('',*,*,#9010,.F.);
#9560 = ORIENTED_EDGE('',*,*,#9561,.T.);
#9561 = EDGE_CURVE('',#9011,#9545,#9562,.T.);
#9562 = LINE('',#9563,#9564);
#9563 = CARTESIAN_POINT('',(2.18,0.32,6.5));
#9564 = VECTOR('',#9565,1.);
#9565 = DIRECTION('',(-0.,0.,-1.));
#9566 = PLANE('',#9567);
#9567 = AXIS2_PLACEMENT_3D('',#9568,#9569,#9570);
#9568 = CARTESIAN_POINT('',(2.18,3.918869757272E-17,1.55));
#9569 = DIRECTION('',(-1.,1.224646799147E-16,0.));
#9570 = DIRECTION('',(0.,0.,1.));
#9571 = ADVANCED_FACE('',(#9572),#9590,.F.);
#9572 = FACE_BOUND('',#9573,.F.);
#9573 = EDGE_LOOP('',(#9574,#9582,#9588,#9589));
#9574 = ORIENTED_EDGE('',*,*,#9575,.F.);
#9575 = EDGE_CURVE('',#9576,#9029,#9578,.T.);
#9576 = VERTEX_POINT('',#9577);
#9577 = CARTESIAN_POINT('',(2.82,-0.32,-3.2));
#9578 = LINE('',#9579,#9580);
#9579 = CARTESIAN_POINT('',(2.82,-0.32,-3.4));
#9580 = VECTOR('',#9581,1.);
#9581 = DIRECTION('',(0.,0.,1.));
#9582 = ORIENTED_EDGE('',*,*,#9583,.T.);
#9583 = EDGE_CURVE('',#9576,#9547,#9584,.T.);
#9584 = LINE('',#9585,#9586);
#9585 = CARTESIAN_POINT('',(2.82,-0.32,-3.2));
#9586 = VECTOR('',#9587,1.);
#9587 = DIRECTION('',(-1.,1.224646799147E-16,0.));
#9588 = ORIENTED_EDGE('',*,*,#9554,.T.);
#9589 = ORIENTED_EDGE('',*,*,#9036,.F.);
#9590 = PLANE('',#9591);
#9591 = AXIS2_PLACEMENT_3D('',#9592,#9593,#9594);
#9592 = CARTESIAN_POINT('',(2.82,-0.32,-3.4));
#9593 = DIRECTION('',(1.224646799147E-16,1.,0.));
#9594 = DIRECTION('',(0.,-0.,1.));
#9595 = ADVANCED_FACE('',(#9596),#9614,.F.);
#9596 = FACE_BOUND('',#9597,.F.);
#9597 = EDGE_LOOP('',(#9598,#9606,#9607,#9608));
#9598 = ORIENTED_EDGE('',*,*,#9599,.T.);
#9599 = EDGE_CURVE('',#9600,#9576,#9602,.T.);
#9600 = VERTEX_POINT('',#9601);
#9601 = CARTESIAN_POINT('',(2.82,0.32,-3.2));
#9602 = LINE('',#9603,#9604);
#9603 = CARTESIAN_POINT('',(2.82,0.32,-3.2));
#9604 = VECTOR('',#9605,1.);
#9605 = DIRECTION('',(-1.224646799147E-16,-1.,0.));
#9606 = ORIENTED_EDGE('',*,*,#9575,.T.);
#9607 = ORIENTED_EDGE('',*,*,#9028,.F.);
#9608 = ORIENTED_EDGE('',*,*,#9609,.T.);
#9609 = EDGE_CURVE('',#9021,#9600,#9610,.T.);
#9610 = LINE('',#9611,#9612);
#9611 = CARTESIAN_POINT('',(2.82,0.32,6.5));
#9612 = VECTOR('',#9613,1.);
#9613 = DIRECTION('',(-0.,0.,-1.));
#9614 = PLANE('',#9615);
#9615 = AXIS2_PLACEMENT_3D('',#9616,#9617,#9618);
#9616 = CARTESIAN_POINT('',(2.82,-3.918869757272E-17,1.55));
#9617 = DIRECTION('',(-1.,1.224646799147E-16,0.));
#9618 = DIRECTION('',(0.,0.,1.));
#9619 = ADVANCED_FACE('',(#9620),#9631,.F.);
#9620 = FACE_BOUND('',#9621,.F.);
#9621 = EDGE_LOOP('',(#9622,#9623,#9624,#9625));
#9622 = ORIENTED_EDGE('',*,*,#9609,.F.);
#9623 = ORIENTED_EDGE('',*,*,#9020,.F.);
#9624 = ORIENTED_EDGE('',*,*,#9561,.T.);
#9625 = ORIENTED_EDGE('',*,*,#9626,.F.);
#9626 = EDGE_CURVE('',#9600,#9545,#9627,.T.);
#9627 = LINE('',#9628,#9629);
#9628 = CARTESIAN_POINT('',(2.82,0.32,-3.2));
#9629 = VECTOR('',#9630,1.);
#9630 = DIRECTION('',(-1.,1.224646799147E-16,0.));
#9631 = PLANE('',#9632);
#9632 = AXIS2_PLACEMENT_3D('',#9633,#9634,#9635);
#9633 = CARTESIAN_POINT('',(2.82,0.32,6.5));
#9634 = DIRECTION('',(-1.224646799147E-16,-1.,0.));
#9635 = DIRECTION('',(-0.,0.,-1.));
#9636 = ADVANCED_FACE('',(#9637),#9694,.T.);
#9637 = FACE_BOUND('',#9638,.T.);
#9638 = EDGE_LOOP('',(#9639,#9649,#9657,#9665,#9671,#9672,#9680,#9688));
#9639 = ORIENTED_EDGE('',*,*,#9640,.T.);
#9640 = EDGE_CURVE('',#9641,#9643,#9645,.T.);
#9641 = VERTEX_POINT('',#9642);
#9642 = CARTESIAN_POINT('',(4.68,0.351578947368,-3.2));
#9643 = VERTEX_POINT('',#9644);
#9644 = CARTESIAN_POINT('',(4.68,-0.288421052632,-3.2));
#9645 = LINE('',#9646,#9647);
#9646 = CARTESIAN_POINT('',(4.68,0.32,-3.2));
#9647 = VECTOR('',#9648,1.);
#9648 = DIRECTION('',(-1.224646799147E-16,-1.,0.));
#9649 = ORIENTED_EDGE('',*,*,#9650,.T.);
#9650 = EDGE_CURVE('',#9643,#9651,#9653,.T.);
#9651 = VERTEX_POINT('',#9652);
#9652 = CARTESIAN_POINT('',(4.68,-2.E-02,-1.5));
#9653 = LINE('',#9654,#9655);
#9654 = CARTESIAN_POINT('',(4.68,-0.32,-3.4));
#9655 = VECTOR('',#9656,1.);
#9656 = DIRECTION('',(1.909990663905E-17,0.155962573473,0.987762965329)
  );
#9657 = ORIENTED_EDGE('',*,*,#9658,.T.);
#9658 = EDGE_CURVE('',#9651,#9659,#9661,.T.);
#9659 = VERTEX_POINT('',#9660);
#9660 = CARTESIAN_POINT('',(4.68,-0.32,-0.9));
#9661 = LINE('',#9662,#9663);
#9662 = CARTESIAN_POINT('',(4.68,-2.E-02,-1.5));
#9663 = VECTOR('',#9664,1.);
#9664 = DIRECTION('',(-5.476786982641E-17,-0.4472135955,0.894427191));
#9665 = ORIENTED_EDGE('',*,*,#9666,.T.);
#9666 = EDGE_CURVE('',#9659,#9059,#9667,.T.);
#9667 = LINE('',#9668,#9669);
#9668 = CARTESIAN_POINT('',(4.68,-0.32,-0.9));
#9669 = VECTOR('',#9670,1.);
#9670 = DIRECTION('',(0.,0.,1.));
#9671 = ORIENTED_EDGE('',*,*,#9056,.F.);
#9672 = ORIENTED_EDGE('',*,*,#9673,.T.);
#9673 = EDGE_CURVE('',#9057,#9674,#9676,.T.);
#9674 = VERTEX_POINT('',#9675);
#9675 = CARTESIAN_POINT('',(4.68,0.32,-0.9));
#9676 = LINE('',#9677,#9678);
#9677 = CARTESIAN_POINT('',(4.68,0.32,6.5));
#9678 = VECTOR('',#9679,1.);
#9679 = DIRECTION('',(-0.,0.,-1.));
#9680 = ORIENTED_EDGE('',*,*,#9681,.T.);
#9681 = EDGE_CURVE('',#9674,#9682,#9684,.T.);
#9682 = VERTEX_POINT('',#9683);
#9683 = CARTESIAN_POINT('',(4.68,0.62,-1.5));
#9684 = LINE('',#9685,#9686);
#9685 = CARTESIAN_POINT('',(4.68,0.32,-0.9));
#9686 = VECTOR('',#9687,1.);
#9687 = DIRECTION('',(5.476786982641E-17,0.4472135955,-0.894427191));
#9688 = ORIENTED_EDGE('',*,*,#9689,.T.);
#9689 = EDGE_CURVE('',#9682,#9641,#9690,.T.);
#9690 = LINE('',#9691,#9692);
#9691 = CARTESIAN_POINT('',(4.68,0.62,-1.5));
#9692 = VECTOR('',#9693,1.);
#9693 = DIRECTION('',(-1.909990663905E-17,-0.155962573473,
    -0.987762965329));
#9694 = PLANE('',#9695);
#9695 = AXIS2_PLACEMENT_3D('',#9696,#9697,#9698);
#9696 = CARTESIAN_POINT('',(4.68,3.65940088399E-02,1.522832428212));
#9697 = DIRECTION('',(-1.,1.224646799147E-16,0.));
#9698 = DIRECTION('',(0.,0.,1.));
#9699 = ADVANCED_FACE('',(#9700),#9718,.F.);
#9700 = FACE_BOUND('',#9701,.F.);
#9701 = EDGE_LOOP('',(#9702,#9710,#9716,#9717));
#9702 = ORIENTED_EDGE('',*,*,#9703,.F.);
#9703 = EDGE_CURVE('',#9704,#9075,#9706,.T.);
#9704 = VERTEX_POINT('',#9705);
#9705 = CARTESIAN_POINT('',(5.32,-0.32,-0.9));
#9706 = LINE('',#9707,#9708);
#9707 = CARTESIAN_POINT('',(5.32,-0.32,-0.9));
#9708 = VECTOR('',#9709,1.);
#9709 = DIRECTION('',(0.,0.,1.));
#9710 = ORIENTED_EDGE('',*,*,#9711,.T.);
#9711 = EDGE_CURVE('',#9704,#9659,#9712,.T.);
#9712 = LINE('',#9713,#9714);
#9713 = CARTESIAN_POINT('',(5.32,-0.32,-0.9));
#9714 = VECTOR('',#9715,1.);
#9715 = DIRECTION('',(-1.,1.224646799147E-16,0.));
#9716 = ORIENTED_EDGE('',*,*,#9666,.T.);
#9717 = ORIENTED_EDGE('',*,*,#9082,.F.);
#9718 = PLANE('',#9719);
#9719 = AXIS2_PLACEMENT_3D('',#9720,#9721,#9722);
#9720 = CARTESIAN_POINT('',(5.32,-0.32,-0.9));
#9721 = DIRECTION('',(1.224646799147E-16,1.,0.));
#9722 = DIRECTION('',(0.,-0.,1.));
#9723 = ADVANCED_FACE('',(#9724),#9774,.F.);
#9724 = FACE_BOUND('',#9725,.F.);
#9725 = EDGE_LOOP('',(#9726,#9736,#9744,#9750,#9751,#9752,#9760,#9768));
#9726 = ORIENTED_EDGE('',*,*,#9727,.T.);
#9727 = EDGE_CURVE('',#9728,#9730,#9732,.T.);
#9728 = VERTEX_POINT('',#9729);
#9729 = CARTESIAN_POINT('',(5.32,0.351578947368,-3.2));
#9730 = VERTEX_POINT('',#9731);
#9731 = CARTESIAN_POINT('',(5.32,-0.288421052632,-3.2));
#9732 = LINE('',#9733,#9734);
#9733 = CARTESIAN_POINT('',(5.32,0.32,-3.2));
#9734 = VECTOR('',#9735,1.);
#9735 = DIRECTION('',(-1.224646799147E-16,-1.,0.));
#9736 = ORIENTED_EDGE('',*,*,#9737,.T.);
#9737 = EDGE_CURVE('',#9730,#9738,#9740,.T.);
#9738 = VERTEX_POINT('',#9739);
#9739 = CARTESIAN_POINT('',(5.32,-2.E-02,-1.5));
#9740 = LINE('',#9741,#9742);
#9741 = CARTESIAN_POINT('',(5.32,-0.32,-3.4));
#9742 = VECTOR('',#9743,1.);
#9743 = DIRECTION('',(1.909990663905E-17,0.155962573473,0.987762965329)
  );
#9744 = ORIENTED_EDGE('',*,*,#9745,.T.);
#9745 = EDGE_CURVE('',#9738,#9704,#9746,.T.);
#9746 = LINE('',#9747,#9748);
#9747 = CARTESIAN_POINT('',(5.32,-2.E-02,-1.5));
#9748 = VECTOR('',#9749,1.);
#9749 = DIRECTION('',(-5.476786982641E-17,-0.4472135955,0.894427191));
#9750 = ORIENTED_EDGE('',*,*,#9703,.T.);
#9751 = ORIENTED_EDGE('',*,*,#9074,.F.);
#9752 = ORIENTED_EDGE('',*,*,#9753,.T.);
#9753 = EDGE_CURVE('',#9067,#9754,#9756,.T.);
#9754 = VERTEX_POINT('',#9755);
#9755 = CARTESIAN_POINT('',(5.32,0.32,-0.9));
#9756 = LINE('',#9757,#9758);
#9757 = CARTESIAN_POINT('',(5.32,0.32,6.5));
#9758 = VECTOR('',#9759,1.);
#9759 = DIRECTION('',(-0.,0.,-1.));
#9760 = ORIENTED_EDGE('',*,*,#9761,.T.);
#9761 = EDGE_CURVE('',#9754,#9762,#9764,.T.);
#9762 = VERTEX_POINT('',#9763);
#9763 = CARTESIAN_POINT('',(5.32,0.62,-1.5));
#9764 = LINE('',#9765,#9766);
#9765 = CARTESIAN_POINT('',(5.32,0.32,-0.9));
#9766 = VECTOR('',#9767,1.);
#9767 = DIRECTION('',(5.476786982641E-17,0.4472135955,-0.894427191));
#9768 = ORIENTED_EDGE('',*,*,#9769,.T.);
#9769 = EDGE_CURVE('',#9762,#9728,#9770,.T.);
#9770 = LINE('',#9771,#9772);
#9771 = CARTESIAN_POINT('',(5.32,0.62,-1.5));
#9772 = VECTOR('',#9773,1.);
#9773 = DIRECTION('',(-1.909990663905E-17,-0.155962573473,
    -0.987762965329));
#9774 = PLANE('',#9775);
#9775 = AXIS2_PLACEMENT_3D('',#9776,#9777,#9778);
#9776 = CARTESIAN_POINT('',(5.32,3.65940088399E-02,1.522832428212));
#9777 = DIRECTION('',(-1.,1.224646799147E-16,0.));
#9778 = DIRECTION('',(0.,0.,1.));
#9779 = ADVANCED_FACE('',(#9780),#9791,.F.);
#9780 = FACE_BOUND('',#9781,.F.);
#9781 = EDGE_LOOP('',(#9782,#9783,#9784,#9785));
#9782 = ORIENTED_EDGE('',*,*,#9753,.F.);
#9783 = ORIENTED_EDGE('',*,*,#9066,.F.);
#9784 = ORIENTED_EDGE('',*,*,#9673,.T.);
#9785 = ORIENTED_EDGE('',*,*,#9786,.F.);
#9786 = EDGE_CURVE('',#9754,#9674,#9787,.T.);
#9787 = LINE('',#9788,#9789);
#9788 = CARTESIAN_POINT('',(5.32,0.32,-0.9));
#9789 = VECTOR('',#9790,1.);
#9790 = DIRECTION('',(-1.,1.224646799147E-16,0.));
#9791 = PLANE('',#9792);
#9792 = AXIS2_PLACEMENT_3D('',#9793,#9794,#9795);
#9793 = CARTESIAN_POINT('',(5.32,0.32,6.5));
#9794 = DIRECTION('',(-1.224646799147E-16,-1.,0.));
#9795 = DIRECTION('',(-0.,0.,-1.));
#9796 = ADVANCED_FACE('',(#9797),#9822,.F.);
#9797 = FACE_BOUND('',#9798,.T.);
#9798 = EDGE_LOOP('',(#9799,#9807,#9815,#9821));
#9799 = ORIENTED_EDGE('',*,*,#9800,.F.);
#9800 = EDGE_CURVE('',#9801,#9098,#9803,.T.);
#9801 = VERTEX_POINT('',#9802);
#9802 = CARTESIAN_POINT('',(-0.12,-0.12,6.5));
#9803 = LINE('',#9804,#9805);
#9804 = CARTESIAN_POINT('',(-0.146666666667,-0.146666666667,
    6.473333333333));
#9805 = VECTOR('',#9806,1.);
#9806 = DIRECTION('',(-0.57735026919,-0.57735026919,-0.57735026919));
#9807 = ORIENTED_EDGE('',*,*,#9808,.T.);
#9808 = EDGE_CURVE('',#9801,#9809,#9811,.T.);
#9809 = VERTEX_POINT('',#9810);
#9810 = CARTESIAN_POINT('',(-0.12,0.12,6.5));
#9811 = LINE('',#9812,#9813);
#9812 = CARTESIAN_POINT('',(-0.12,-0.32,6.5));
#9813 = VECTOR('',#9814,1.);
#9814 = DIRECTION('',(1.224646799147E-16,1.,0.));
#9815 = ORIENTED_EDGE('',*,*,#9816,.T.);
#9816 = EDGE_CURVE('',#9809,#9106,#9817,.T.);
#9817 = LINE('',#9818,#9819);
#9818 = CARTESIAN_POINT('',(-4.E-02,4.E-02,6.58));
#9819 = VECTOR('',#9820,1.);
#9820 = DIRECTION('',(-0.57735026919,0.57735026919,-0.57735026919));
#9821 = ORIENTED_EDGE('',*,*,#9105,.F.);
#9822 = PLANE('',#9823);
#9823 = AXIS2_PLACEMENT_3D('',#9824,#9825,#9826);
#9824 = CARTESIAN_POINT('',(-0.22,-0.32,6.4));
#9825 = DIRECTION('',(0.707106781187,-8.486018839685E-17,-0.707106781187
    ));
#9826 = DIRECTION('',(-1.212375546256E-16,-1.,-1.227125289196E-18));
#9827 = ADVANCED_FACE('',(#9828),#9846,.T.);
#9828 = FACE_BOUND('',#9829,.F.);
#9829 = EDGE_LOOP('',(#9830,#9838,#9839,#9840));
#9830 = ORIENTED_EDGE('',*,*,#9831,.T.);
#9831 = EDGE_CURVE('',#9832,#9128,#9834,.T.);
#9832 = VERTEX_POINT('',#9833);
#9833 = CARTESIAN_POINT('',(0.12,-0.12,6.5));
#9834 = LINE('',#9835,#9836);
#9835 = CARTESIAN_POINT('',(0.253333333333,-0.253333333333,
    6.366666666667));
#9836 = VECTOR('',#9837,1.);
#9837 = DIRECTION('',(0.57735026919,-0.57735026919,-0.57735026919));
#9838 = ORIENTED_EDGE('',*,*,#9137,.T.);
#9839 = ORIENTED_EDGE('',*,*,#9800,.F.);
#9840 = ORIENTED_EDGE('',*,*,#9841,.F.);
#9841 = EDGE_CURVE('',#9832,#9801,#9842,.T.);
#9842 = LINE('',#9843,#9844);
#9843 = CARTESIAN_POINT('',(0.32,-0.12,6.5));
#9844 = VECTOR('',#9845,1.);
#9845 = DIRECTION('',(-1.,1.224646799147E-16,0.));
#9846 = PLANE('',#9847);
#9847 = AXIS2_PLACEMENT_3D('',#9848,#9849,#9850);
#9848 = CARTESIAN_POINT('',(0.32,-0.22,6.4));
#9849 = DIRECTION('',(-8.833102285013E-17,-0.707106781187,0.707106781187
    ));
#9850 = DIRECTION('',(1.,-1.236918052038E-16,1.227125289097E-18));
#9851 = ADVANCED_FACE('',(#9852),#9870,.T.);
#9852 = FACE_BOUND('',#9853,.F.);
#9853 = EDGE_LOOP('',(#9854,#9855,#9863,#9869));
#9854 = ORIENTED_EDGE('',*,*,#9831,.F.);
#9855 = ORIENTED_EDGE('',*,*,#9856,.T.);
#9856 = EDGE_CURVE('',#9832,#9857,#9859,.T.);
#9857 = VERTEX_POINT('',#9858);
#9858 = CARTESIAN_POINT('',(0.12,0.12,6.5));
#9859 = LINE('',#9860,#9861);
#9860 = CARTESIAN_POINT('',(0.12,-0.32,6.5));
#9861 = VECTOR('',#9862,1.);
#9862 = DIRECTION('',(1.224646799147E-16,1.,0.));
#9863 = ORIENTED_EDGE('',*,*,#9864,.T.);
#9864 = EDGE_CURVE('',#9857,#9154,#9865,.T.);
#9865 = LINE('',#9866,#9867);
#9866 = CARTESIAN_POINT('',(0.146666666667,0.146666666667,6.473333333333
    ));
#9867 = VECTOR('',#9868,1.);
#9868 = DIRECTION('',(0.57735026919,0.57735026919,-0.57735026919));
#9869 = ORIENTED_EDGE('',*,*,#9153,.F.);
#9870 = PLANE('',#9871);
#9871 = AXIS2_PLACEMENT_3D('',#9872,#9873,#9874);
#9872 = CARTESIAN_POINT('',(0.22,-0.32,6.4));
#9873 = DIRECTION('',(0.707106781187,-8.833102285013E-17,0.707106781187)
  );
#9874 = DIRECTION('',(-1.236918052038E-16,-1.,-1.227125289097E-18));
#9875 = ADVANCED_FACE('',(#9876),#9887,.T.);
#9876 = FACE_BOUND('',#9877,.F.);
#9877 = EDGE_LOOP('',(#9878,#9879,#9885,#9886));
#9878 = ORIENTED_EDGE('',*,*,#9864,.F.);
#9879 = ORIENTED_EDGE('',*,*,#9880,.T.);
#9880 = EDGE_CURVE('',#9857,#9809,#9881,.T.);
#9881 = LINE('',#9882,#9883);
#9882 = CARTESIAN_POINT('',(0.32,0.12,6.5));
#9883 = VECTOR('',#9884,1.);
#9884 = DIRECTION('',(-1.,1.224646799147E-16,0.));
#9885 = ORIENTED_EDGE('',*,*,#9816,.T.);
#9886 = ORIENTED_EDGE('',*,*,#9176,.F.);
#9887 = PLANE('',#9888);
#9888 = AXIS2_PLACEMENT_3D('',#9889,#9890,#9891);
#9889 = CARTESIAN_POINT('',(0.32,0.22,6.4));
#9890 = DIRECTION('',(8.833102285013E-17,0.707106781187,0.707106781187)
  );
#9891 = DIRECTION('',(1.,-1.236918052038E-16,-1.227125289097E-18));
#9892 = ADVANCED_FACE('',(#9893),#9918,.F.);
#9893 = FACE_BOUND('',#9894,.T.);
#9894 = EDGE_LOOP('',(#9895,#9903,#9911,#9917));
#9895 = ORIENTED_EDGE('',*,*,#9896,.F.);
#9896 = EDGE_CURVE('',#9897,#9194,#9899,.T.);
#9897 = VERTEX_POINT('',#9898);
#9898 = CARTESIAN_POINT('',(4.88,-0.12,6.5));
#9899 = LINE('',#9900,#9901);
#9900 = CARTESIAN_POINT('',(4.853333333333,-0.146666666667,
    6.473333333333));
#9901 = VECTOR('',#9902,1.);
#9902 = DIRECTION('',(-0.57735026919,-0.57735026919,-0.57735026919));
#9903 = ORIENTED_EDGE('',*,*,#9904,.T.);
#9904 = EDGE_CURVE('',#9897,#9905,#9907,.T.);
#9905 = VERTEX_POINT('',#9906);
#9906 = CARTESIAN_POINT('',(4.88,0.12,6.5));
#9907 = LINE('',#9908,#9909);
#9908 = CARTESIAN_POINT('',(4.88,-0.32,6.5));
#9909 = VECTOR('',#9910,1.);
#9910 = DIRECTION('',(1.224646799147E-16,1.,0.));
#9911 = ORIENTED_EDGE('',*,*,#9912,.T.);
#9912 = EDGE_CURVE('',#9905,#9202,#9913,.T.);
#9913 = LINE('',#9914,#9915);
#9914 = CARTESIAN_POINT('',(4.96,4.E-02,6.58));
#9915 = VECTOR('',#9916,1.);
#9916 = DIRECTION('',(-0.57735026919,0.57735026919,-0.57735026919));
#9917 = ORIENTED_EDGE('',*,*,#9201,.F.);
#9918 = PLANE('',#9919);
#9919 = AXIS2_PLACEMENT_3D('',#9920,#9921,#9922);
#9920 = CARTESIAN_POINT('',(4.78,-0.32,6.4));
#9921 = DIRECTION('',(0.707106781187,-8.486018839685E-17,-0.707106781187
    ));
#9922 = DIRECTION('',(-1.212375546256E-16,-1.,-1.227125289196E-18));
#9923 = ADVANCED_FACE('',(#9924),#9942,.T.);
#9924 = FACE_BOUND('',#9925,.F.);
#9925 = EDGE_LOOP('',(#9926,#9934,#9935,#9936));
#9926 = ORIENTED_EDGE('',*,*,#9927,.T.);
#9927 = EDGE_CURVE('',#9928,#9224,#9930,.T.);
#9928 = VERTEX_POINT('',#9929);
#9929 = CARTESIAN_POINT('',(5.12,-0.12,6.5));
#9930 = LINE('',#9931,#9932);
#9931 = CARTESIAN_POINT('',(5.253333333333,-0.253333333333,
    6.366666666667));
#9932 = VECTOR('',#9933,1.);
#9933 = DIRECTION('',(0.57735026919,-0.57735026919,-0.57735026919));
#9934 = ORIENTED_EDGE('',*,*,#9233,.T.);
#9935 = ORIENTED_EDGE('',*,*,#9896,.F.);
#9936 = ORIENTED_EDGE('',*,*,#9937,.F.);
#9937 = EDGE_CURVE('',#9928,#9897,#9938,.T.);
#9938 = LINE('',#9939,#9940);
#9939 = CARTESIAN_POINT('',(5.32,-0.12,6.5));
#9940 = VECTOR('',#9941,1.);
#9941 = DIRECTION('',(-1.,1.224646799147E-16,0.));
#9942 = PLANE('',#9943);
#9943 = AXIS2_PLACEMENT_3D('',#9944,#9945,#9946);
#9944 = CARTESIAN_POINT('',(5.32,-0.22,6.4));
#9945 = DIRECTION('',(-8.833102285013E-17,-0.707106781187,0.707106781187
    ));
#9946 = DIRECTION('',(1.,-1.236918052038E-16,1.227125289097E-18));
#9947 = ADVANCED_FACE('',(#9948),#9966,.T.);
#9948 = FACE_BOUND('',#9949,.F.);
#9949 = EDGE_LOOP('',(#9950,#9951,#9959,#9965));
#9950 = ORIENTED_EDGE('',*,*,#9927,.F.);
#9951 = ORIENTED_EDGE('',*,*,#9952,.T.);
#9952 = EDGE_CURVE('',#9928,#9953,#9955,.T.);
#9953 = VERTEX_POINT('',#9954);
#9954 = CARTESIAN_POINT('',(5.12,0.12,6.5));
#9955 = LINE('',#9956,#9957);
#9956 = CARTESIAN_POINT('',(5.12,-0.32,6.5));
#9957 = VECTOR('',#9958,1.);
#9958 = DIRECTION('',(1.224646799147E-16,1.,0.));
#9959 = ORIENTED_EDGE('',*,*,#9960,.T.);
#9960 = EDGE_CURVE('',#9953,#9250,#9961,.T.);
#9961 = LINE('',#9962,#9963);
#9962 = CARTESIAN_POINT('',(5.146666666667,0.146666666667,6.473333333333
    ));
#9963 = VECTOR('',#9964,1.);
#9964 = DIRECTION('',(0.57735026919,0.57735026919,-0.57735026919));
#9965 = ORIENTED_EDGE('',*,*,#9249,.F.);
#9966 = PLANE('',#9967);
#9967 = AXIS2_PLACEMENT_3D('',#9968,#9969,#9970);
#9968 = CARTESIAN_POINT('',(5.22,-0.32,6.4));
#9969 = DIRECTION('',(0.707106781187,-8.833102285013E-17,0.707106781187)
  );
#9970 = DIRECTION('',(-1.236918052038E-16,-1.,-1.227125289097E-18));
#9971 = ADVANCED_FACE('',(#9972),#9983,.T.);
#9972 = FACE_BOUND('',#9973,.F.);
#9973 = EDGE_LOOP('',(#9974,#9975,#9981,#9982));
#9974 = ORIENTED_EDGE('',*,*,#9960,.F.);
#9975 = ORIENTED_EDGE('',*,*,#9976,.T.);
#9976 = EDGE_CURVE('',#9953,#9905,#9977,.T.);
#9977 = LINE('',#9978,#9979);
#9978 = CARTESIAN_POINT('',(5.32,0.12,6.5));
#9979 = VECTOR('',#9980,1.);
#9980 = DIRECTION('',(-1.,1.224646799147E-16,0.));
#9981 = ORIENTED_EDGE('',*,*,#9912,.T.);
#9982 = ORIENTED_EDGE('',*,*,#9272,.F.);
#9983 = PLANE('',#9984);
#9984 = AXIS2_PLACEMENT_3D('',#9985,#9986,#9987);
#9985 = CARTESIAN_POINT('',(5.32,0.22,6.4));
#9986 = DIRECTION('',(8.833102285013E-17,0.707106781187,0.707106781187)
  );
#9987 = DIRECTION('',(1.,-1.236918052038E-16,-1.227125289097E-18));
#9988 = ADVANCED_FACE('',(#9989),#10014,.F.);
#9989 = FACE_BOUND('',#9990,.T.);
#9990 = EDGE_LOOP('',(#9991,#9999,#10007,#10013));
#9991 = ORIENTED_EDGE('',*,*,#9992,.F.);
#9992 = EDGE_CURVE('',#9993,#9290,#9995,.T.);
#9993 = VERTEX_POINT('',#9994);
#9994 = CARTESIAN_POINT('',(2.38,-0.12,6.5));
#9995 = LINE('',#9996,#9997);
#9996 = CARTESIAN_POINT('',(2.353333333333,-0.146666666667,
    6.473333333333));
#9997 = VECTOR('',#9998,1.);
#9998 = DIRECTION('',(-0.57735026919,-0.57735026919,-0.57735026919));
#9999 = ORIENTED_EDGE('',*,*,#10000,.T.);
#10000 = EDGE_CURVE('',#9993,#10001,#10003,.T.);
#10001 = VERTEX_POINT('',#10002);
#10002 = CARTESIAN_POINT('',(2.38,0.12,6.5));
#10003 = LINE('',#10004,#10005);
#10004 = CARTESIAN_POINT('',(2.38,-0.32,6.5));
#10005 = VECTOR('',#10006,1.);
#10006 = DIRECTION('',(1.224646799147E-16,1.,0.));
#10007 = ORIENTED_EDGE('',*,*,#10008,.T.);
#10008 = EDGE_CURVE('',#10001,#9298,#10009,.T.);
#10009 = LINE('',#10010,#10011);
#10010 = CARTESIAN_POINT('',(2.46,4.E-02,6.58));
#10011 = VECTOR('',#10012,1.);
#10012 = DIRECTION('',(-0.57735026919,0.57735026919,-0.57735026919));
#10013 = ORIENTED_EDGE('',*,*,#9297,.F.);
#10014 = PLANE('',#10015);
#10015 = AXIS2_PLACEMENT_3D('',#10016,#10017,#10018);
#10016 = CARTESIAN_POINT('',(2.28,-0.32,6.4));
#10017 = DIRECTION('',(0.707106781187,-8.486018839685E-17,
    -0.707106781187));
#10018 = DIRECTION('',(-1.212375546256E-16,-1.,-1.227125289196E-18));
#10019 = ADVANCED_FACE('',(#10020),#10038,.T.);
#10020 = FACE_BOUND('',#10021,.F.);
#10021 = EDGE_LOOP('',(#10022,#10030,#10031,#10032));
#10022 = ORIENTED_EDGE('',*,*,#10023,.F.);
#10023 = EDGE_CURVE('',#9320,#10024,#10026,.T.);
#10024 = VERTEX_POINT('',#10025);
#10025 = CARTESIAN_POINT('',(2.62,-0.12,6.5));
#10026 = LINE('',#10027,#10028);
#10027 = CARTESIAN_POINT('',(2.753333333333,-0.253333333333,
    6.366666666667));
#10028 = VECTOR('',#10029,1.);
#10029 = DIRECTION('',(-0.57735026919,0.57735026919,0.57735026919));
#10030 = ORIENTED_EDGE('',*,*,#9329,.T.);
#10031 = ORIENTED_EDGE('',*,*,#9992,.F.);
#10032 = ORIENTED_EDGE('',*,*,#10033,.F.);
#10033 = EDGE_CURVE('',#10024,#9993,#10034,.T.);
#10034 = LINE('',#10035,#10036);
#10035 = CARTESIAN_POINT('',(2.82,-0.12,6.5));
#10036 = VECTOR('',#10037,1.);
#10037 = DIRECTION('',(-1.,1.224646799147E-16,0.));
#10038 = PLANE('',#10039);
#10039 = AXIS2_PLACEMENT_3D('',#10040,#10041,#10042);
#10040 = CARTESIAN_POINT('',(2.82,-0.22,6.4));
#10041 = DIRECTION('',(-8.833102285013E-17,-0.707106781187,
    0.707106781187));
#10042 = DIRECTION('',(1.,-1.236918052038E-16,1.227125289097E-18));
#10043 = ADVANCED_FACE('',(#10044),#10062,.T.);
#10044 = FACE_BOUND('',#10045,.F.);
#10045 = EDGE_LOOP('',(#10046,#10047,#10055,#10061));
#10046 = ORIENTED_EDGE('',*,*,#10023,.T.);
#10047 = ORIENTED_EDGE('',*,*,#10048,.T.);
#10048 = EDGE_CURVE('',#10024,#10049,#10051,.T.);
#10049 = VERTEX_POINT('',#10050);
#10050 = CARTESIAN_POINT('',(2.62,0.12,6.5));
#10051 = LINE('',#10052,#10053);
#10052 = CARTESIAN_POINT('',(2.62,-0.32,6.5));
#10053 = VECTOR('',#10054,1.);
#10054 = DIRECTION('',(1.224646799147E-16,1.,0.));
#10055 = ORIENTED_EDGE('',*,*,#10056,.T.);
#10056 = EDGE_CURVE('',#10049,#9346,#10057,.T.);
#10057 = LINE('',#10058,#10059);
#10058 = CARTESIAN_POINT('',(2.646666666667,0.146666666667,
    6.473333333333));
#10059 = VECTOR('',#10060,1.);
#10060 = DIRECTION('',(0.57735026919,0.57735026919,-0.57735026919));
#10061 = ORIENTED_EDGE('',*,*,#9345,.F.);
#10062 = PLANE('',#10063);
#10063 = AXIS2_PLACEMENT_3D('',#10064,#10065,#10066);
#10064 = CARTESIAN_POINT('',(2.72,-0.32,6.4));
#10065 = DIRECTION('',(0.707106781187,-8.833102285013E-17,0.707106781187
    ));
#10066 = DIRECTION('',(-1.236918052038E-16,-1.,-1.227125289097E-18));
#10067 = ADVANCED_FACE('',(#10068),#10079,.T.);
#10068 = FACE_BOUND('',#10069,.F.);
#10069 = EDGE_LOOP('',(#10070,#10071,#10077,#10078));
#10070 = ORIENTED_EDGE('',*,*,#10056,.F.);
#10071 = ORIENTED_EDGE('',*,*,#10072,.T.);
#10072 = EDGE_CURVE('',#10049,#10001,#10073,.T.);
#10073 = LINE('',#10074,#10075);
#10074 = CARTESIAN_POINT('',(2.82,0.12,6.5));
#10075 = VECTOR('',#10076,1.);
#10076 = DIRECTION('',(-1.,1.224646799147E-16,0.));
#10077 = ORIENTED_EDGE('',*,*,#10008,.T.);
#10078 = ORIENTED_EDGE('',*,*,#9368,.F.);
#10079 = PLANE('',#10080);
#10080 = AXIS2_PLACEMENT_3D('',#10081,#10082,#10083);
#10081 = CARTESIAN_POINT('',(2.82,0.22,6.4));
#10082 = DIRECTION('',(8.833102285013E-17,0.707106781187,0.707106781187)
  );
#10083 = DIRECTION('',(1.,-1.236918052038E-16,-1.227125289097E-18));
#10084 = ADVANCED_FACE('',(#10085),#10126,.F.);
#10085 = FACE_BOUND('',#10086,.T.);
#10086 = EDGE_LOOP('',(#10087,#10097,#10105,#10113,#10119,#10120));
#10087 = ORIENTED_EDGE('',*,*,#10088,.F.);
#10088 = EDGE_CURVE('',#10089,#10091,#10093,.T.);
#10089 = VERTEX_POINT('',#10090);
#10090 = CARTESIAN_POINT('',(-0.12,0.12,-3.4));
#10091 = VERTEX_POINT('',#10092);
#10092 = CARTESIAN_POINT('',(-0.317552593066,0.351192514695,
    -3.202447406934));
#10093 = LINE('',#10094,#10095);
#10094 = CARTESIAN_POINT('',(-0.153849098111,0.159613036666,
    -3.366150901889));
#10095 = VECTOR('',#10096,1.);
#10096 = DIRECTION('',(-0.544770019249,0.63753529491,0.544770019249));
#10097 = ORIENTED_EDGE('',*,*,#10098,.T.);
#10098 = EDGE_CURVE('',#10089,#10099,#10101,.T.);
#10099 = VERTEX_POINT('',#10100);
#10100 = CARTESIAN_POINT('',(-0.12,-0.12,-3.4));
#10101 = LINE('',#10102,#10103);
#10102 = CARTESIAN_POINT('',(-0.12,0.32,-3.4));
#10103 = VECTOR('',#10104,1.);
#10104 = DIRECTION('',(-1.224646799147E-16,-1.,0.));
#10105 = ORIENTED_EDGE('',*,*,#10106,.T.);
#10106 = EDGE_CURVE('',#10099,#10107,#10109,.T.);
#10107 = VERTEX_POINT('',#10108);
#10108 = CARTESIAN_POINT('',(-0.317552593066,-0.288807485305,
    -3.202447406934));
#10109 = LINE('',#10110,#10111);
#10110 = CARTESIAN_POINT('',(-3.848855660758E-02,-5.034896900541E-02,
    -3.481511443392));
#10111 = VECTOR('',#10112,1.);
#10112 = DIRECTION('',(-0.605209817607,-0.517148096144,0.605209817607));
#10113 = ORIENTED_EDGE('',*,*,#10114,.T.);
#10114 = EDGE_CURVE('',#10107,#9387,#10115,.T.);
#10115 = LINE('',#10116,#10117);
#10116 = CARTESIAN_POINT('',(-8.569083447332E-02,-0.325417236662,
    -3.434309165527));
#10117 = VECTOR('',#10118,1.);
#10118 = DIRECTION('',(-0.702740385383,0.110959008218,0.702740385383));
#10119 = ORIENTED_EDGE('',*,*,#9384,.F.);
#10120 = ORIENTED_EDGE('',*,*,#10121,.F.);
#10121 = EDGE_CURVE('',#10091,#9385,#10122,.T.);
#10122 = LINE('',#10123,#10124);
#10123 = CARTESIAN_POINT('',(-0.541586867305,0.386566347469,
    -2.978413132695));
#10124 = VECTOR('',#10125,1.);
#10125 = DIRECTION('',(-0.702740385383,0.110959008218,0.702740385383));
#10126 = PLANE('',#10127);
#10127 = AXIS2_PLACEMENT_3D('',#10128,#10129,#10130);
#10128 = CARTESIAN_POINT('',(-0.22,0.32,-3.3));
#10129 = DIRECTION('',(0.707106781187,-8.833102285013E-17,0.707106781187
    ));
#10130 = DIRECTION('',(1.236918052038E-16,1.,1.227125289097E-18));
#10131 = ADVANCED_FACE('',(#10132),#10157,.F.);
#10132 = FACE_BOUND('',#10133,.F.);
#10133 = EDGE_LOOP('',(#10134,#10135,#10141,#10142,#10143,#10151));
#10134 = ORIENTED_EDGE('',*,*,#9513,.F.);
#10135 = ORIENTED_EDGE('',*,*,#10136,.T.);
#10136 = EDGE_CURVE('',#9506,#9426,#10137,.T.);
#10137 = LINE('',#10138,#10139);
#10138 = CARTESIAN_POINT('',(0.32,0.62,-1.5));
#10139 = VECTOR('',#10140,1.);
#10140 = DIRECTION('',(-1.,1.224646799147E-16,0.));
#10141 = ORIENTED_EDGE('',*,*,#9433,.T.);
#10142 = ORIENTED_EDGE('',*,*,#10121,.F.);
#10143 = ORIENTED_EDGE('',*,*,#10144,.F.);
#10144 = EDGE_CURVE('',#10145,#10091,#10147,.T.);
#10145 = VERTEX_POINT('',#10146);
#10146 = CARTESIAN_POINT('',(0.317552593066,0.351192514695,
    -3.202447406934));
#10147 = LINE('',#10148,#10149);
#10148 = CARTESIAN_POINT('',(0.32,0.351192514695,-3.202447406934));
#10149 = VECTOR('',#10150,1.);
#10150 = DIRECTION('',(-1.,1.224646799147E-16,0.));
#10151 = ORIENTED_EDGE('',*,*,#10152,.T.);
#10152 = EDGE_CURVE('',#10145,#9472,#10153,.T.);
#10153 = LINE('',#10154,#10155);
#10154 = CARTESIAN_POINT('',(0.699616963064,0.411518467852,
    -2.820383036936));
#10155 = VECTOR('',#10156,1.);
#10156 = DIRECTION('',(0.702740385383,0.110959008218,0.702740385383));
#10157 = PLANE('',#10158);
#10158 = AXIS2_PLACEMENT_3D('',#10159,#10160,#10161);
#10159 = CARTESIAN_POINT('',(0.32,0.62,-1.5));
#10160 = DIRECTION('',(-1.209660753807E-16,-0.987762965329,
    0.155962573473));
#10161 = DIRECTION('',(-1.909990663905E-17,-0.155962573473,
    -0.987762965329));
#10162 = ADVANCED_FACE('',(#10163),#10169,.F.);
#10163 = FACE_BOUND('',#10164,.F.);
#10164 = EDGE_LOOP('',(#10165,#10166,#10167,#10168));
#10165 = ORIENTED_EDGE('',*,*,#9530,.T.);
#10166 = ORIENTED_EDGE('',*,*,#9425,.T.);
#10167 = ORIENTED_EDGE('',*,*,#10136,.F.);
#10168 = ORIENTED_EDGE('',*,*,#9505,.F.);
#10169 = PLANE('',#10170);
#10170 = AXIS2_PLACEMENT_3D('',#10171,#10172,#10173);
#10171 = CARTESIAN_POINT('',(0.32,0.32,-0.9));
#10172 = DIRECTION('',(-1.095357396528E-16,-0.894427191,-0.4472135955));
#10173 = DIRECTION('',(5.476786982641E-17,0.4472135955,-0.894427191));
#10174 = ADVANCED_FACE('',(#10175),#10186,.F.);
#10175 = FACE_BOUND('',#10176,.F.);
#10176 = EDGE_LOOP('',(#10177,#10183,#10184,#10185));
#10177 = ORIENTED_EDGE('',*,*,#10178,.T.);
#10178 = EDGE_CURVE('',#9482,#9395,#10179,.T.);
#10179 = LINE('',#10180,#10181);
#10180 = CARTESIAN_POINT('',(0.32,-2.E-02,-1.5));
#10181 = VECTOR('',#10182,1.);
#10182 = DIRECTION('',(-1.,1.224646799147E-16,0.));
#10183 = ORIENTED_EDGE('',*,*,#9402,.T.);
#10184 = ORIENTED_EDGE('',*,*,#9455,.F.);
#10185 = ORIENTED_EDGE('',*,*,#9489,.F.);
#10186 = PLANE('',#10187);
#10187 = AXIS2_PLACEMENT_3D('',#10188,#10189,#10190);
#10188 = CARTESIAN_POINT('',(0.32,-2.E-02,-1.5));
#10189 = DIRECTION('',(1.095357396528E-16,0.894427191,0.4472135955));
#10190 = DIRECTION('',(-5.476786982641E-17,-0.4472135955,0.894427191));
#10191 = ADVANCED_FACE('',(#10192),#10212,.F.);
#10192 = FACE_BOUND('',#10193,.F.);
#10193 = EDGE_LOOP('',(#10194,#10195,#10203,#10209,#10210,#10211));
#10194 = ORIENTED_EDGE('',*,*,#9481,.F.);
#10195 = ORIENTED_EDGE('',*,*,#10196,.F.);
#10196 = EDGE_CURVE('',#10197,#9474,#10199,.T.);
#10197 = VERTEX_POINT('',#10198);
#10198 = CARTESIAN_POINT('',(0.317552593066,-0.288807485305,
    -3.202447406934));
#10199 = LINE('',#10200,#10201);
#10200 = CARTESIAN_POINT('',(0.243720930233,-0.300465116279,
    -3.276279069767));
#10201 = VECTOR('',#10202,1.);
#10202 = DIRECTION('',(0.702740385383,0.110959008218,0.702740385383));
#10203 = ORIENTED_EDGE('',*,*,#10204,.T.);
#10204 = EDGE_CURVE('',#10197,#10107,#10205,.T.);
#10205 = LINE('',#10206,#10207);
#10206 = CARTESIAN_POINT('',(0.32,-0.288807485305,-3.202447406934));
#10207 = VECTOR('',#10208,1.);
#10208 = DIRECTION('',(-1.,1.224646799147E-16,0.));
#10209 = ORIENTED_EDGE('',*,*,#10114,.T.);
#10210 = ORIENTED_EDGE('',*,*,#9394,.T.);
#10211 = ORIENTED_EDGE('',*,*,#10178,.F.);
#10212 = PLANE('',#10213);
#10213 = AXIS2_PLACEMENT_3D('',#10214,#10215,#10216);
#10214 = CARTESIAN_POINT('',(0.32,-0.32,-3.4));
#10215 = DIRECTION('',(1.209660753807E-16,0.987762965329,-0.155962573473
    ));
#10216 = DIRECTION('',(1.909990663905E-17,0.155962573473,0.987762965329)
  );
#10217 = ADVANCED_FACE('',(#10218),#10245,.T.);
#10218 = FACE_BOUND('',#10219,.F.);
#10219 = EDGE_LOOP('',(#10220,#10228,#10236,#10242,#10243,#10244));
#10220 = ORIENTED_EDGE('',*,*,#10221,.F.);
#10221 = EDGE_CURVE('',#10222,#10145,#10224,.T.);
#10222 = VERTEX_POINT('',#10223);
#10223 = CARTESIAN_POINT('',(0.12,0.12,-3.4));
#10224 = LINE('',#10225,#10226);
#10225 = CARTESIAN_POINT('',(0.24881689775,0.270752273427,-3.27118310225
    ));
#10226 = VECTOR('',#10227,1.);
#10227 = DIRECTION('',(0.544770019249,0.63753529491,0.544770019249));
#10228 = ORIENTED_EDGE('',*,*,#10229,.T.);
#10229 = EDGE_CURVE('',#10222,#10230,#10232,.T.);
#10230 = VERTEX_POINT('',#10231);
#10231 = CARTESIAN_POINT('',(0.12,-0.12,-3.4));
#10232 = LINE('',#10233,#10234);
#10233 = CARTESIAN_POINT('',(0.12,0.32,-3.4));
#10234 = VECTOR('',#10235,1.);
#10235 = DIRECTION('',(-1.224646799147E-16,-1.,0.));
#10236 = ORIENTED_EDGE('',*,*,#10237,.T.);
#10237 = EDGE_CURVE('',#10230,#10197,#10238,.T.);
#10238 = LINE('',#10239,#10240);
#10239 = CARTESIAN_POINT('',(0.155697812072,-0.150503562587,
    -3.364302187928));
#10240 = VECTOR('',#10241,1.);
#10241 = DIRECTION('',(0.605209817607,-0.517148096144,0.605209817607));
#10242 = ORIENTED_EDGE('',*,*,#10196,.T.);
#10243 = ORIENTED_EDGE('',*,*,#9471,.F.);
#10244 = ORIENTED_EDGE('',*,*,#10152,.F.);
#10245 = PLANE('',#10246);
#10246 = AXIS2_PLACEMENT_3D('',#10247,#10248,#10249);
#10247 = CARTESIAN_POINT('',(0.22,0.32,-3.3));
#10248 = DIRECTION('',(0.707106781187,-8.486018839685E-17,
    -0.707106781187));
#10249 = DIRECTION('',(1.212375546256E-16,1.,1.227125289196E-18));
#10250 = ADVANCED_FACE('',(#10251),#10276,.F.);
#10251 = FACE_BOUND('',#10252,.T.);
#10252 = EDGE_LOOP('',(#10253,#10261,#10269,#10275));
#10253 = ORIENTED_EDGE('',*,*,#10254,.F.);
#10254 = EDGE_CURVE('',#10255,#9545,#10257,.T.);
#10255 = VERTEX_POINT('',#10256);
#10256 = CARTESIAN_POINT('',(2.38,0.12,-3.4));
#10257 = LINE('',#10258,#10259);
#10258 = CARTESIAN_POINT('',(2.353333333333,0.146666666667,
    -3.373333333333));
#10259 = VECTOR('',#10260,1.);
#10260 = DIRECTION('',(-0.57735026919,0.57735026919,0.57735026919));
#10261 = ORIENTED_EDGE('',*,*,#10262,.T.);
#10262 = EDGE_CURVE('',#10255,#10263,#10265,.T.);
#10263 = VERTEX_POINT('',#10264);
#10264 = CARTESIAN_POINT('',(2.38,-0.12,-3.4));
#10265 = LINE('',#10266,#10267);
#10266 = CARTESIAN_POINT('',(2.38,0.32,-3.4));
#10267 = VECTOR('',#10268,1.);
#10268 = DIRECTION('',(-1.224646799147E-16,-1.,0.));
#10269 = ORIENTED_EDGE('',*,*,#10270,.T.);
#10270 = EDGE_CURVE('',#10263,#9547,#10271,.T.);
#10271 = LINE('',#10272,#10273);
#10272 = CARTESIAN_POINT('',(2.46,-4.E-02,-3.48));
#10273 = VECTOR('',#10274,1.);
#10274 = DIRECTION('',(-0.57735026919,-0.57735026919,0.57735026919));
#10275 = ORIENTED_EDGE('',*,*,#9544,.F.);
#10276 = PLANE('',#10277);
#10277 = AXIS2_PLACEMENT_3D('',#10278,#10279,#10280);
#10278 = CARTESIAN_POINT('',(2.28,0.32,-3.3));
#10279 = DIRECTION('',(0.707106781187,-8.833102285013E-17,0.707106781187
    ));
#10280 = DIRECTION('',(1.236918052038E-16,1.,1.227125289097E-18));
#10281 = ADVANCED_FACE('',(#10282),#10300,.T.);
#10282 = FACE_BOUND('',#10283,.F.);
#10283 = EDGE_LOOP('',(#10284,#10292,#10298,#10299));
#10284 = ORIENTED_EDGE('',*,*,#10285,.F.);
#10285 = EDGE_CURVE('',#10286,#9576,#10288,.T.);
#10286 = VERTEX_POINT('',#10287);
#10287 = CARTESIAN_POINT('',(2.62,-0.12,-3.4));
#10288 = LINE('',#10289,#10290);
#10289 = CARTESIAN_POINT('',(2.646666666667,-0.146666666667,
    -3.373333333333));
#10290 = VECTOR('',#10291,1.);
#10291 = DIRECTION('',(0.57735026919,-0.57735026919,0.57735026919));
#10292 = ORIENTED_EDGE('',*,*,#10293,.T.);
#10293 = EDGE_CURVE('',#10286,#10263,#10294,.T.);
#10294 = LINE('',#10295,#10296);
#10295 = CARTESIAN_POINT('',(2.82,-0.12,-3.4));
#10296 = VECTOR('',#10297,1.);
#10297 = DIRECTION('',(-1.,1.224646799147E-16,0.));
#10298 = ORIENTED_EDGE('',*,*,#10270,.T.);
#10299 = ORIENTED_EDGE('',*,*,#9583,.F.);
#10300 = PLANE('',#10301);
#10301 = AXIS2_PLACEMENT_3D('',#10302,#10303,#10304);
#10302 = CARTESIAN_POINT('',(2.82,-0.22,-3.3));
#10303 = DIRECTION('',(-8.486018839685E-17,-0.707106781187,
    -0.707106781187));
#10304 = DIRECTION('',(1.,-1.212375546256E-16,1.227125289196E-18));
#10305 = ADVANCED_FACE('',(#10306),#10324,.T.);
#10306 = FACE_BOUND('',#10307,.F.);
#10307 = EDGE_LOOP('',(#10308,#10316,#10322,#10323));
#10308 = ORIENTED_EDGE('',*,*,#10309,.F.);
#10309 = EDGE_CURVE('',#10310,#9600,#10312,.T.);
#10310 = VERTEX_POINT('',#10311);
#10311 = CARTESIAN_POINT('',(2.62,0.12,-3.4));
#10312 = LINE('',#10313,#10314);
#10313 = CARTESIAN_POINT('',(2.753333333333,0.253333333333,
    -3.266666666667));
#10314 = VECTOR('',#10315,1.);
#10315 = DIRECTION('',(0.57735026919,0.57735026919,0.57735026919));
#10316 = ORIENTED_EDGE('',*,*,#10317,.T.);
#10317 = EDGE_CURVE('',#10310,#10286,#10318,.T.);
#10318 = LINE('',#10319,#10320);
#10319 = CARTESIAN_POINT('',(2.62,0.32,-3.4));
#10320 = VECTOR('',#10321,1.);
#10321 = DIRECTION('',(-1.224646799147E-16,-1.,0.));
#10322 = ORIENTED_EDGE('',*,*,#10285,.T.);
#10323 = ORIENTED_EDGE('',*,*,#9599,.F.);
#10324 = PLANE('',#10325);
#10325 = AXIS2_PLACEMENT_3D('',#10326,#10327,#10328);
#10326 = CARTESIAN_POINT('',(2.72,0.32,-3.3));
#10327 = DIRECTION('',(0.707106781187,-8.486018839685E-17,
    -0.707106781187));
#10328 = DIRECTION('',(1.212375546256E-16,1.,1.227125289196E-18));
#10329 = ADVANCED_FACE('',(#10330),#10341,.T.);
#10330 = FACE_BOUND('',#10331,.T.);
#10331 = EDGE_LOOP('',(#10332,#10333,#10339,#10340));
#10332 = ORIENTED_EDGE('',*,*,#10309,.F.);
#10333 = ORIENTED_EDGE('',*,*,#10334,.T.);
#10334 = EDGE_CURVE('',#10310,#10255,#10335,.T.);
#10335 = LINE('',#10336,#10337);
#10336 = CARTESIAN_POINT('',(2.82,0.12,-3.4));
#10337 = VECTOR('',#10338,1.);
#10338 = DIRECTION('',(-1.,1.224646799147E-16,0.));
#10339 = ORIENTED_EDGE('',*,*,#10254,.T.);
#10340 = ORIENTED_EDGE('',*,*,#9626,.F.);
#10341 = PLANE('',#10342);
#10342 = AXIS2_PLACEMENT_3D('',#10343,#10344,#10345);
#10343 = CARTESIAN_POINT('',(2.82,0.22,-3.3));
#10344 = DIRECTION('',(8.486018839685E-17,0.707106781187,-0.707106781187
    ));
#10345 = DIRECTION('',(-1.,1.212375546256E-16,1.227125289196E-18));
#10346 = ADVANCED_FACE('',(#10347),#10388,.F.);
#10347 = FACE_BOUND('',#10348,.T.);
#10348 = EDGE_LOOP('',(#10349,#10359,#10367,#10375,#10381,#10382));
#10349 = ORIENTED_EDGE('',*,*,#10350,.F.);
#10350 = EDGE_CURVE('',#10351,#10353,#10355,.T.);
#10351 = VERTEX_POINT('',#10352);
#10352 = CARTESIAN_POINT('',(4.88,0.12,-3.4));
#10353 = VERTEX_POINT('',#10354);
#10354 = CARTESIAN_POINT('',(4.682447406934,0.351192514695,
    -3.202447406934));
#10355 = LINE('',#10356,#10357);
#10356 = CARTESIAN_POINT('',(4.846150901889,0.159613036666,
    -3.366150901889));
#10357 = VECTOR('',#10358,1.);
#10358 = DIRECTION('',(-0.544770019249,0.63753529491,0.544770019249));
#10359 = ORIENTED_EDGE('',*,*,#10360,.T.);
#10360 = EDGE_CURVE('',#10351,#10361,#10363,.T.);
#10361 = VERTEX_POINT('',#10362);
#10362 = CARTESIAN_POINT('',(4.88,-0.12,-3.4));
#10363 = LINE('',#10364,#10365);
#10364 = CARTESIAN_POINT('',(4.88,0.32,-3.4));
#10365 = VECTOR('',#10366,1.);
#10366 = DIRECTION('',(-1.224646799147E-16,-1.,0.));
#10367 = ORIENTED_EDGE('',*,*,#10368,.T.);
#10368 = EDGE_CURVE('',#10361,#10369,#10371,.T.);
#10369 = VERTEX_POINT('',#10370);
#10370 = CARTESIAN_POINT('',(4.682447406934,-0.288807485305,
    -3.202447406934));
#10371 = LINE('',#10372,#10373);
#10372 = CARTESIAN_POINT('',(4.961511443392,-5.034896900541E-02,
    -3.481511443392));
#10373 = VECTOR('',#10374,1.);
#10374 = DIRECTION('',(-0.605209817607,-0.517148096144,0.605209817607));
#10375 = ORIENTED_EDGE('',*,*,#10376,.T.);
#10376 = EDGE_CURVE('',#10369,#9643,#10377,.T.);
#10377 = LINE('',#10378,#10379);
#10378 = CARTESIAN_POINT('',(4.914309165527,-0.325417236662,
    -3.434309165527));
#10379 = VECTOR('',#10380,1.);
#10380 = DIRECTION('',(-0.702740385383,0.110959008218,0.702740385383));
#10381 = ORIENTED_EDGE('',*,*,#9640,.F.);
#10382 = ORIENTED_EDGE('',*,*,#10383,.F.);
#10383 = EDGE_CURVE('',#10353,#9641,#10384,.T.);
#10384 = LINE('',#10385,#10386);
#10385 = CARTESIAN_POINT('',(4.458413132695,0.386566347469,
    -2.978413132695));
#10386 = VECTOR('',#10387,1.);
#10387 = DIRECTION('',(-0.702740385383,0.110959008218,0.702740385383));
#10388 = PLANE('',#10389);
#10389 = AXIS2_PLACEMENT_3D('',#10390,#10391,#10392);
#10390 = CARTESIAN_POINT('',(4.78,0.32,-3.3));
#10391 = DIRECTION('',(0.707106781187,-8.833102285013E-17,0.707106781187
    ));
#10392 = DIRECTION('',(1.236918052038E-16,1.,1.227125289097E-18));
#10393 = ADVANCED_FACE('',(#10394),#10419,.F.);
#10394 = FACE_BOUND('',#10395,.F.);
#10395 = EDGE_LOOP('',(#10396,#10397,#10403,#10404,#10405,#10413));
#10396 = ORIENTED_EDGE('',*,*,#9769,.F.);
#10397 = ORIENTED_EDGE('',*,*,#10398,.T.);
#10398 = EDGE_CURVE('',#9762,#9682,#10399,.T.);
#10399 = LINE('',#10400,#10401);
#10400 = CARTESIAN_POINT('',(5.32,0.62,-1.5));
#10401 = VECTOR('',#10402,1.);
#10402 = DIRECTION('',(-1.,1.224646799147E-16,0.));
#10403 = ORIENTED_EDGE('',*,*,#9689,.T.);
#10404 = ORIENTED_EDGE('',*,*,#10383,.F.);
#10405 = ORIENTED_EDGE('',*,*,#10406,.F.);
#10406 = EDGE_CURVE('',#10407,#10353,#10409,.T.);
#10407 = VERTEX_POINT('',#10408);
#10408 = CARTESIAN_POINT('',(5.317552593066,0.351192514695,
    -3.202447406934));
#10409 = LINE('',#10410,#10411);
#10410 = CARTESIAN_POINT('',(5.32,0.351192514695,-3.202447406934));
#10411 = VECTOR('',#10412,1.);
#10412 = DIRECTION('',(-1.,1.224646799147E-16,0.));
#10413 = ORIENTED_EDGE('',*,*,#10414,.T.);
#10414 = EDGE_CURVE('',#10407,#9728,#10415,.T.);
#10415 = LINE('',#10416,#10417);
#10416 = CARTESIAN_POINT('',(5.699616963064,0.411518467852,
    -2.820383036936));
#10417 = VECTOR('',#10418,1.);
#10418 = DIRECTION('',(0.702740385383,0.110959008218,0.702740385383));
#10419 = PLANE('',#10420);
#10420 = AXIS2_PLACEMENT_3D('',#10421,#10422,#10423);
#10421 = CARTESIAN_POINT('',(5.32,0.62,-1.5));
#10422 = DIRECTION('',(-1.209660753807E-16,-0.987762965329,
    0.155962573473));
#10423 = DIRECTION('',(-1.909990663905E-17,-0.155962573473,
    -0.987762965329));
#10424 = ADVANCED_FACE('',(#10425),#10431,.F.);
#10425 = FACE_BOUND('',#10426,.F.);
#10426 = EDGE_LOOP('',(#10427,#10428,#10429,#10430));
#10427 = ORIENTED_EDGE('',*,*,#9786,.T.);
#10428 = ORIENTED_EDGE('',*,*,#9681,.T.);
#10429 = ORIENTED_EDGE('',*,*,#10398,.F.);
#10430 = ORIENTED_EDGE('',*,*,#9761,.F.);
#10431 = PLANE('',#10432);
#10432 = AXIS2_PLACEMENT_3D('',#10433,#10434,#10435);
#10433 = CARTESIAN_POINT('',(5.32,0.32,-0.9));
#10434 = DIRECTION('',(-1.095357396528E-16,-0.894427191,-0.4472135955));
#10435 = DIRECTION('',(5.476786982641E-17,0.4472135955,-0.894427191));
#10436 = ADVANCED_FACE('',(#10437),#10448,.F.);
#10437 = FACE_BOUND('',#10438,.F.);
#10438 = EDGE_LOOP('',(#10439,#10445,#10446,#10447));
#10439 = ORIENTED_EDGE('',*,*,#10440,.T.);
#10440 = EDGE_CURVE('',#9738,#9651,#10441,.T.);
#10441 = LINE('',#10442,#10443);
#10442 = CARTESIAN_POINT('',(5.32,-2.E-02,-1.5));
#10443 = VECTOR('',#10444,1.);
#10444 = DIRECTION('',(-1.,1.224646799147E-16,0.));
#10445 = ORIENTED_EDGE('',*,*,#9658,.T.);
#10446 = ORIENTED_EDGE('',*,*,#9711,.F.);
#10447 = ORIENTED_EDGE('',*,*,#9745,.F.);
#10448 = PLANE('',#10449);
#10449 = AXIS2_PLACEMENT_3D('',#10450,#10451,#10452);
#10450 = CARTESIAN_POINT('',(5.32,-2.E-02,-1.5));
#10451 = DIRECTION('',(1.095357396528E-16,0.894427191,0.4472135955));
#10452 = DIRECTION('',(-5.476786982641E-17,-0.4472135955,0.894427191));
#10453 = ADVANCED_FACE('',(#10454),#10474,.F.);
#10454 = FACE_BOUND('',#10455,.F.);
#10455 = EDGE_LOOP('',(#10456,#10457,#10465,#10471,#10472,#10473));
#10456 = ORIENTED_EDGE('',*,*,#9737,.F.);
#10457 = ORIENTED_EDGE('',*,*,#10458,.F.);
#10458 = EDGE_CURVE('',#10459,#9730,#10461,.T.);
#10459 = VERTEX_POINT('',#10460);
#10460 = CARTESIAN_POINT('',(5.317552593066,-0.288807485305,
    -3.202447406934));
#10461 = LINE('',#10462,#10463);
#10462 = CARTESIAN_POINT('',(5.243720930233,-0.300465116279,
    -3.276279069767));
#10463 = VECTOR('',#10464,1.);
#10464 = DIRECTION('',(0.702740385383,0.110959008218,0.702740385383));
#10465 = ORIENTED_EDGE('',*,*,#10466,.T.);
#10466 = EDGE_CURVE('',#10459,#10369,#10467,.T.);
#10467 = LINE('',#10468,#10469);
#10468 = CARTESIAN_POINT('',(5.32,-0.288807485305,-3.202447406934));
#10469 = VECTOR('',#10470,1.);
#10470 = DIRECTION('',(-1.,1.224646799147E-16,0.));
#10471 = ORIENTED_EDGE('',*,*,#10376,.T.);
#10472 = ORIENTED_EDGE('',*,*,#9650,.T.);
#10473 = ORIENTED_EDGE('',*,*,#10440,.F.);
#10474 = PLANE('',#10475);
#10475 = AXIS2_PLACEMENT_3D('',#10476,#10477,#10478);
#10476 = CARTESIAN_POINT('',(5.32,-0.32,-3.4));
#10477 = DIRECTION('',(1.209660753807E-16,0.987762965329,-0.155962573473
    ));
#10478 = DIRECTION('',(1.909990663905E-17,0.155962573473,0.987762965329)
  );
#10479 = ADVANCED_FACE('',(#10480),#10507,.T.);
#10480 = FACE_BOUND('',#10481,.F.);
#10481 = EDGE_LOOP('',(#10482,#10490,#10498,#10504,#10505,#10506));
#10482 = ORIENTED_EDGE('',*,*,#10483,.F.);
#10483 = EDGE_CURVE('',#10484,#10407,#10486,.T.);
#10484 = VERTEX_POINT('',#10485);
#10485 = CARTESIAN_POINT('',(5.12,0.12,-3.4));
#10486 = LINE('',#10487,#10488);
#10487 = CARTESIAN_POINT('',(5.24881689775,0.270752273427,-3.27118310225
    ));
#10488 = VECTOR('',#10489,1.);
#10489 = DIRECTION('',(0.544770019249,0.63753529491,0.544770019249));
#10490 = ORIENTED_EDGE('',*,*,#10491,.T.);
#10491 = EDGE_CURVE('',#10484,#10492,#10494,.T.);
#10492 = VERTEX_POINT('',#10493);
#10493 = CARTESIAN_POINT('',(5.12,-0.12,-3.4));
#10494 = LINE('',#10495,#10496);
#10495 = CARTESIAN_POINT('',(5.12,0.32,-3.4));
#10496 = VECTOR('',#10497,1.);
#10497 = DIRECTION('',(-1.224646799147E-16,-1.,0.));
#10498 = ORIENTED_EDGE('',*,*,#10499,.T.);
#10499 = EDGE_CURVE('',#10492,#10459,#10500,.T.);
#10500 = LINE('',#10501,#10502);
#10501 = CARTESIAN_POINT('',(5.155697812072,-0.150503562587,
    -3.364302187928));
#10502 = VECTOR('',#10503,1.);
#10503 = DIRECTION('',(0.605209817607,-0.517148096144,0.605209817607));
#10504 = ORIENTED_EDGE('',*,*,#10458,.T.);
#10505 = ORIENTED_EDGE('',*,*,#9727,.F.);
#10506 = ORIENTED_EDGE('',*,*,#10414,.F.);
#10507 = PLANE('',#10508);
#10508 = AXIS2_PLACEMENT_3D('',#10509,#10510,#10511);
#10509 = CARTESIAN_POINT('',(5.22,0.32,-3.3));
#10510 = DIRECTION('',(0.707106781187,-8.486018839685E-17,
    -0.707106781187));
#10511 = DIRECTION('',(1.212375546256E-16,1.,1.227125289196E-18));
#10512 = ADVANCED_FACE('',(#10513),#10519,.F.);
#10513 = FACE_BOUND('',#10514,.F.);
#10514 = EDGE_LOOP('',(#10515,#10516,#10517,#10518));
#10515 = ORIENTED_EDGE('',*,*,#9808,.T.);
#10516 = ORIENTED_EDGE('',*,*,#9880,.F.);
#10517 = ORIENTED_EDGE('',*,*,#9856,.F.);
#10518 = ORIENTED_EDGE('',*,*,#9841,.T.);
#10519 = PLANE('',#10520);
#10520 = AXIS2_PLACEMENT_3D('',#10521,#10522,#10523);
#10521 = CARTESIAN_POINT('',(0.32,-0.32,6.5));
#10522 = DIRECTION('',(-0.,0.,-1.));
#10523 = DIRECTION('',(1.224646799147E-16,1.,0.));
#10524 = ADVANCED_FACE('',(#10525),#10531,.F.);
#10525 = FACE_BOUND('',#10526,.F.);
#10526 = EDGE_LOOP('',(#10527,#10528,#10529,#10530));
#10527 = ORIENTED_EDGE('',*,*,#9904,.T.);
#10528 = ORIENTED_EDGE('',*,*,#9976,.F.);
#10529 = ORIENTED_EDGE('',*,*,#9952,.F.);
#10530 = ORIENTED_EDGE('',*,*,#9937,.T.);
#10531 = PLANE('',#10532);
#10532 = AXIS2_PLACEMENT_3D('',#10533,#10534,#10535);
#10533 = CARTESIAN_POINT('',(5.32,-0.32,6.5));
#10534 = DIRECTION('',(-0.,0.,-1.));
#10535 = DIRECTION('',(1.224646799147E-16,1.,0.));
#10536 = ADVANCED_FACE('',(#10537),#10543,.F.);
#10537 = FACE_BOUND('',#10538,.F.);
#10538 = EDGE_LOOP('',(#10539,#10540,#10541,#10542));
#10539 = ORIENTED_EDGE('',*,*,#10072,.F.);
#10540 = ORIENTED_EDGE('',*,*,#10048,.F.);
#10541 = ORIENTED_EDGE('',*,*,#10033,.T.);
#10542 = ORIENTED_EDGE('',*,*,#10000,.T.);
#10543 = PLANE('',#10544);
#10544 = AXIS2_PLACEMENT_3D('',#10545,#10546,#10547);
#10545 = CARTESIAN_POINT('',(2.82,-0.32,6.5));
#10546 = DIRECTION('',(-0.,0.,-1.));
#10547 = DIRECTION('',(1.224646799147E-16,1.,0.));
#10548 = ADVANCED_FACE('',(#10549),#10560,.T.);
#10549 = FACE_BOUND('',#10550,.T.);
#10550 = EDGE_LOOP('',(#10551,#10552,#10558,#10559));
#10551 = ORIENTED_EDGE('',*,*,#10221,.F.);
#10552 = ORIENTED_EDGE('',*,*,#10553,.T.);
#10553 = EDGE_CURVE('',#10222,#10089,#10554,.T.);
#10554 = LINE('',#10555,#10556);
#10555 = CARTESIAN_POINT('',(0.32,0.12,-3.4));
#10556 = VECTOR('',#10557,1.);
#10557 = DIRECTION('',(-1.,1.224646799147E-16,0.));
#10558 = ORIENTED_EDGE('',*,*,#10088,.T.);
#10559 = ORIENTED_EDGE('',*,*,#10144,.F.);
#10560 = PLANE('',#10561);
#10561 = AXIS2_PLACEMENT_3D('',#10562,#10563,#10564);
#10562 = CARTESIAN_POINT('',(0.32,0.235596257347,-3.301223703467));
#10563 = DIRECTION('',(8.302774088379E-17,0.64962967394,-0.760250805153)
  );
#10564 = DIRECTION('',(-1.,1.247195775152E-16,-2.638869166629E-18));
#10565 = ADVANCED_FACE('',(#10566),#10577,.F.);
#10566 = FACE_BOUND('',#10567,.F.);
#10567 = EDGE_LOOP('',(#10568,#10569,#10570,#10576));
#10568 = ORIENTED_EDGE('',*,*,#10553,.T.);
#10569 = ORIENTED_EDGE('',*,*,#10098,.T.);
#10570 = ORIENTED_EDGE('',*,*,#10571,.F.);
#10571 = EDGE_CURVE('',#10230,#10099,#10572,.T.);
#10572 = LINE('',#10573,#10574);
#10573 = CARTESIAN_POINT('',(0.32,-0.12,-3.4));
#10574 = VECTOR('',#10575,1.);
#10575 = DIRECTION('',(-1.,1.224646799147E-16,0.));
#10576 = ORIENTED_EDGE('',*,*,#10229,.F.);
#10577 = PLANE('',#10578);
#10578 = AXIS2_PLACEMENT_3D('',#10579,#10580,#10581);
#10579 = CARTESIAN_POINT('',(0.32,0.32,-3.4));
#10580 = DIRECTION('',(0.,0.,1.));
#10581 = DIRECTION('',(-1.224646799147E-16,-1.,0.));
#10582 = ADVANCED_FACE('',(#10583),#10589,.T.);
#10583 = FACE_BOUND('',#10584,.F.);
#10584 = EDGE_LOOP('',(#10585,#10586,#10587,#10588));
#10585 = ORIENTED_EDGE('',*,*,#10237,.F.);
#10586 = ORIENTED_EDGE('',*,*,#10571,.T.);
#10587 = ORIENTED_EDGE('',*,*,#10106,.T.);
#10588 = ORIENTED_EDGE('',*,*,#10204,.F.);
#10589 = PLANE('',#10590);
#10590 = AXIS2_PLACEMENT_3D('',#10591,#10592,#10593);
#10591 = CARTESIAN_POINT('',(0.32,-0.204403742653,-3.301223703467));
#10592 = DIRECTION('',(-9.310387150808E-17,-0.760250805153,
    -0.64962967394));
#10593 = DIRECTION('',(1.,-1.224646799148E-16,-5.515863360725E-29));
#10594 = ADVANCED_FACE('',(#10595),#10601,.F.);
#10595 = FACE_BOUND('',#10596,.F.);
#10596 = EDGE_LOOP('',(#10597,#10598,#10599,#10600));
#10597 = ORIENTED_EDGE('',*,*,#10317,.F.);
#10598 = ORIENTED_EDGE('',*,*,#10334,.T.);
#10599 = ORIENTED_EDGE('',*,*,#10262,.T.);
#10600 = ORIENTED_EDGE('',*,*,#10293,.F.);
#10601 = PLANE('',#10602);
#10602 = AXIS2_PLACEMENT_3D('',#10603,#10604,#10605);
#10603 = CARTESIAN_POINT('',(2.82,0.32,-3.4));
#10604 = DIRECTION('',(0.,0.,1.));
#10605 = DIRECTION('',(-1.224646799147E-16,-1.,0.));
#10606 = ADVANCED_FACE('',(#10607),#10618,.T.);
#10607 = FACE_BOUND('',#10608,.T.);
#10608 = EDGE_LOOP('',(#10609,#10610,#10616,#10617));
#10609 = ORIENTED_EDGE('',*,*,#10483,.F.);
#10610 = ORIENTED_EDGE('',*,*,#10611,.T.);
#10611 = EDGE_CURVE('',#10484,#10351,#10612,.T.);
#10612 = LINE('',#10613,#10614);
#10613 = CARTESIAN_POINT('',(5.32,0.12,-3.4));
#10614 = VECTOR('',#10615,1.);
#10615 = DIRECTION('',(-1.,1.224646799147E-16,0.));
#10616 = ORIENTED_EDGE('',*,*,#10350,.T.);
#10617 = ORIENTED_EDGE('',*,*,#10406,.F.);
#10618 = PLANE('',#10619);
#10619 = AXIS2_PLACEMENT_3D('',#10620,#10621,#10622);
#10620 = CARTESIAN_POINT('',(5.32,0.235596257347,-3.301223703467));
#10621 = DIRECTION('',(8.302774088379E-17,0.64962967394,-0.760250805153)
  );
#10622 = DIRECTION('',(-1.,1.247195775152E-16,-2.638869166629E-18));
#10623 = ADVANCED_FACE('',(#10624),#10635,.F.);
#10624 = FACE_BOUND('',#10625,.F.);
#10625 = EDGE_LOOP('',(#10626,#10627,#10628,#10634));
#10626 = ORIENTED_EDGE('',*,*,#10611,.T.);
#10627 = ORIENTED_EDGE('',*,*,#10360,.T.);
#10628 = ORIENTED_EDGE('',*,*,#10629,.F.);
#10629 = EDGE_CURVE('',#10492,#10361,#10630,.T.);
#10630 = LINE('',#10631,#10632);
#10631 = CARTESIAN_POINT('',(5.32,-0.12,-3.4));
#10632 = VECTOR('',#10633,1.);
#10633 = DIRECTION('',(-1.,1.224646799147E-16,0.));
#10634 = ORIENTED_EDGE('',*,*,#10491,.F.);
#10635 = PLANE('',#10636);
#10636 = AXIS2_PLACEMENT_3D('',#10637,#10638,#10639);
#10637 = CARTESIAN_POINT('',(5.32,0.32,-3.4));
#10638 = DIRECTION('',(0.,0.,1.));
#10639 = DIRECTION('',(-1.224646799147E-16,-1.,0.));
#10640 = ADVANCED_FACE('',(#10641),#10647,.T.);
#10641 = FACE_BOUND('',#10642,.F.);
#10642 = EDGE_LOOP('',(#10643,#10644,#10645,#10646));
#10643 = ORIENTED_EDGE('',*,*,#10499,.F.);
#10644 = ORIENTED_EDGE('',*,*,#10629,.T.);
#10645 = ORIENTED_EDGE('',*,*,#10368,.T.);
#10646 = ORIENTED_EDGE('',*,*,#10466,.F.);
#10647 = PLANE('',#10648);
#10648 = AXIS2_PLACEMENT_3D('',#10649,#10650,#10651);
#10649 = CARTESIAN_POINT('',(5.32,-0.204403742653,-3.301223703467));
#10650 = DIRECTION('',(-9.310387150808E-17,-0.760250805153,
    -0.64962967394));
#10651 = DIRECTION('',(1.,-1.224646799148E-16,-5.515863360725E-29));
#10652 = ( GEOMETRIC_REPRESENTATION_CONTEXT(3) 
GLOBAL_UNCERTAINTY_ASSIGNED_CONTEXT((#10656)) 
GLOBAL_UNIT_ASSIGNED_CONTEXT((#10653,#10654,#10655)) 
REPRESENTATION_CONTEXT('Context #1',
  '3D Context with UNIT and UNCERTAINTY') );
#10653 = ( LENGTH_UNIT() NAMED_UNIT(*) SI_UNIT(.MILLI.,.METRE.) );
#10654 = ( NAMED_UNIT(*) PLANE_ANGLE_UNIT() SI_UNIT($,.RADIAN.) );
#10655 = ( NAMED_UNIT(*) SI_UNIT($,.STERADIAN.) SOLID_ANGLE_UNIT() );
#10656 = UNCERTAINTY_MEASURE_WITH_UNIT(LENGTH_MEASURE(1.E-07),#10653,
  'distance_accuracy_value','confusion accuracy');
#10657 = CONTEXT_DEPENDENT_SHAPE_REPRESENTATION(#10658,#10660);
#10658 = ( REPRESENTATION_RELATIONSHIP('','',#7130,#10) 
REPRESENTATION_RELATIONSHIP_WITH_TRANSFORMATION(#10659) 
SHAPE_REPRESENTATION_RELATIONSHIP() );
#10659 = ITEM_DEFINED_TRANSFORMATION('','',#11,#31);
#10660 = PRODUCT_DEFINITION_SHAPE('Placement','Placement of an item',
  #10661);
#10661 = NEXT_ASSEMBLY_USAGE_OCCURRENCE('6','J3','',#5,#7125,$);
#10662 = PRODUCT_RELATED_PRODUCT_CATEGORY('part',$,(#7127));
#10663 = SHAPE_DEFINITION_REPRESENTATION(#10664,#10670);
#10664 = PRODUCT_DEFINITION_SHAPE('','',#10665);
#10665 = PRODUCT_DEFINITION('design','',#10666,#10669);
#10666 = PRODUCT_DEFINITION_FORMATION('','',#10667);
#10667 = PRODUCT('CP_Radial_D16.0mm_P7.50mm','CP_Radial_D16.0mm_P7.50mm'
  ,'',(#10668));
#10668 = PRODUCT_CONTEXT('',#2,'mechanical');
#10669 = PRODUCT_DEFINITION_CONTEXT('part definition',#2,'design');
#10670 = ADVANCED_BREP_SHAPE_REPRESENTATION('',(#11,#10671),#13372);
#10671 = BREP_WITH_VOIDS('',#10672,(#13250));
#10672 = CLOSED_SHELL('',(#10673,#10690,#10715,#10764,#10797,#10815,
    #10840,#10872,#10890,#10899,#10937,#10959,#11022,#11107,#11281,
    #11377,#11405,#11501,#11570,#11638,#11692,#11746,#11920,#11952,
    #12032,#12112,#12144,#12210,#12605,#12639,#12654,#12672,#12690,
    #12708,#12726,#12758,#12776,#12919,#12971,#12995,#13019,#13043,
    #13105,#13122,#13146,#13162,#13186,#13198,#13214,#13226,#13238));
#10673 = ADVANCED_FACE('',(#10674),#10685,.F.);
#10674 = FACE_BOUND('',#10675,.F.);
#10675 = EDGE_LOOP('',(#10676));
#10676 = ORIENTED_EDGE('',*,*,#10677,.T.);
#10677 = EDGE_CURVE('',#10678,#10678,#10680,.T.);
#10678 = VERTEX_POINT('',#10679);
#10679 = CARTESIAN_POINT('',(7.05,-4.041334437186E-16,-1.9));
#10680 = CIRCLE('',#10681,0.45);
#10681 = AXIS2_PLACEMENT_3D('',#10682,#10683,#10684);
#10682 = CARTESIAN_POINT('',(7.5,-4.592425496803E-16,-1.9));
#10683 = DIRECTION('',(0.,0.,1.));
#10684 = DIRECTION('',(-1.,1.224646799147E-16,0.));
#10685 = PLANE('',#10686);
#10686 = AXIS2_PLACEMENT_3D('',#10687,#10688,#10689);
#10687 = CARTESIAN_POINT('',(7.5,-5.120936879295E-16,-1.9));
#10688 = DIRECTION('',(-7.608612125974E-33,-2.694472662939E-33,1.));
#10689 = DIRECTION('',(-1.,1.224646799147E-16,-7.608612125974E-33));
#10690 = ADVANCED_FACE('',(#10691),#10710,.T.);
#10691 = FACE_BOUND('',#10692,.T.);
#10692 = EDGE_LOOP('',(#10693,#10702,#10708,#10709));
#10693 = ORIENTED_EDGE('',*,*,#10694,.F.);
#10694 = EDGE_CURVE('',#10695,#10695,#10697,.T.);
#10695 = VERTEX_POINT('',#10696);
#10696 = CARTESIAN_POINT('',(7.05,-4.041334437186E-16,0.2));
#10697 = CIRCLE('',#10698,0.45);
#10698 = AXIS2_PLACEMENT_3D('',#10699,#10700,#10701);
#10699 = CARTESIAN_POINT('',(7.5,-4.592425496803E-16,0.2));
#10700 = DIRECTION('',(0.,0.,1.));
#10701 = DIRECTION('',(-1.,1.224646799147E-16,0.));
#10702 = ORIENTED_EDGE('',*,*,#10703,.T.);
#10703 = EDGE_CURVE('',#10695,#10678,#10704,.T.);
#10704 = LINE('',#10705,#10706);
#10705 = CARTESIAN_POINT('',(7.05,-4.041334437186E-16,0.3));
#10706 = VECTOR('',#10707,1.);
#10707 = DIRECTION('',(0.,0.,-1.));
#10708 = ORIENTED_EDGE('',*,*,#10677,.T.);
#10709 = ORIENTED_EDGE('',*,*,#10703,.F.);
#10710 = CYLINDRICAL_SURFACE('',#10711,0.45);
#10711 = AXIS2_PLACEMENT_3D('',#10712,#10713,#10714);
#10712 = CARTESIAN_POINT('',(7.5,-4.592425496803E-16,0.3));
#10713 = DIRECTION('',(0.,0.,1.));
#10714 = DIRECTION('',(-1.,1.224646799147E-16,0.));
#10715 = ADVANCED_FACE('',(#10716,#10745,#10748),#10759,.F.);
#10716 = FACE_BOUND('',#10717,.F.);
#10717 = EDGE_LOOP('',(#10718,#10729,#10738));
#10718 = ORIENTED_EDGE('',*,*,#10719,.T.);
#10719 = EDGE_CURVE('',#10720,#10722,#10724,.T.);
#10720 = VERTEX_POINT('',#10721);
#10721 = CARTESIAN_POINT('',(-1.85,6.858022075225E-16,0.2));
#10722 = VERTEX_POINT('',#10723);
#10723 = CARTESIAN_POINT('',(8.923725382063,-2.143027221244,0.2));
#10724 = CIRCLE('',#10725,5.6);
#10725 = AXIS2_PLACEMENT_3D('',#10726,#10727,#10728);
#10726 = CARTESIAN_POINT('',(3.75,0.,0.2));
#10727 = DIRECTION('',(0.,0.,1.));
#10728 = DIRECTION('',(-1.,1.224646799147E-16,0.));
#10729 = ORIENTED_EDGE('',*,*,#10730,.T.);
#10730 = EDGE_CURVE('',#10722,#10731,#10733,.T.);
#10731 = VERTEX_POINT('',#10732);
#10732 = CARTESIAN_POINT('',(8.923725382063,2.143027221244,0.2));
#10733 = CIRCLE('',#10734,5.6);
#10734 = AXIS2_PLACEMENT_3D('',#10735,#10736,#10737);
#10735 = CARTESIAN_POINT('',(3.75,0.,0.2));
#10736 = DIRECTION('',(0.,0.,1.));
#10737 = DIRECTION('',(-1.,1.224646799147E-16,0.));
#10738 = ORIENTED_EDGE('',*,*,#10739,.T.);
#10739 = EDGE_CURVE('',#10731,#10720,#10740,.T.);
#10740 = CIRCLE('',#10741,5.6);
#10741 = AXIS2_PLACEMENT_3D('',#10742,#10743,#10744);
#10742 = CARTESIAN_POINT('',(3.75,0.,0.2));
#10743 = DIRECTION('',(0.,0.,1.));
#10744 = DIRECTION('',(-1.,1.224646799147E-16,0.));
#10745 = FACE_BOUND('',#10746,.F.);
#10746 = EDGE_LOOP('',(#10747));
#10747 = ORIENTED_EDGE('',*,*,#10694,.F.);
#10748 = FACE_BOUND('',#10749,.F.);
#10749 = EDGE_LOOP('',(#10750));
#10750 = ORIENTED_EDGE('',*,*,#10751,.F.);
#10751 = EDGE_CURVE('',#10752,#10752,#10754,.T.);
#10752 = VERTEX_POINT('',#10753);
#10753 = CARTESIAN_POINT('',(-0.45,5.143516556419E-16,0.2));
#10754 = CIRCLE('',#10755,0.45);
#10755 = AXIS2_PLACEMENT_3D('',#10756,#10757,#10758);
#10756 = CARTESIAN_POINT('',(0.,4.592425496803E-16,0.2));
#10757 = DIRECTION('',(0.,0.,1.));
#10758 = DIRECTION('',(-1.,1.224646799147E-16,0.));
#10759 = PLANE('',#10760);
#10760 = AXIS2_PLACEMENT_3D('',#10761,#10762,#10763);
#10761 = CARTESIAN_POINT('',(3.75,-2.597707400661E-16,0.2));
#10762 = DIRECTION('',(2.620312849506E-34,-4.277264138146E-35,1.));
#10763 = DIRECTION('',(-1.,1.224646799147E-16,2.620312849506E-34));
#10764 = ADVANCED_FACE('',(#10765),#10792,.F.);
#10765 = FACE_BOUND('',#10766,.F.);
#10766 = EDGE_LOOP('',(#10767,#10775,#10776,#10777,#10785));
#10767 = ORIENTED_EDGE('',*,*,#10768,.F.);
#10768 = EDGE_CURVE('',#10722,#10769,#10771,.T.);
#10769 = VERTEX_POINT('',#10770);
#10770 = CARTESIAN_POINT('',(8.923725382063,-2.143027221245,0.));
#10771 = LINE('',#10772,#10773);
#10772 = CARTESIAN_POINT('',(8.923725382063,-2.143027221245,0.3));
#10773 = VECTOR('',#10774,1.);
#10774 = DIRECTION('',(0.,0.,-1.));
#10775 = ORIENTED_EDGE('',*,*,#10719,.F.);
#10776 = ORIENTED_EDGE('',*,*,#10739,.F.);
#10777 = ORIENTED_EDGE('',*,*,#10778,.T.);
#10778 = EDGE_CURVE('',#10731,#10779,#10781,.T.);
#10779 = VERTEX_POINT('',#10780);
#10780 = CARTESIAN_POINT('',(8.923725382063,2.143027221245,0.));
#10781 = LINE('',#10782,#10783);
#10782 = CARTESIAN_POINT('',(8.923725382063,2.143027221245,0.3));
#10783 = VECTOR('',#10784,1.);
#10784 = DIRECTION('',(0.,0.,-1.));
#10785 = ORIENTED_EDGE('',*,*,#10786,.F.);
#10786 = EDGE_CURVE('',#10769,#10779,#10787,.T.);
#10787 = CIRCLE('',#10788,5.6);
#10788 = AXIS2_PLACEMENT_3D('',#10789,#10790,#10791);
#10789 = CARTESIAN_POINT('',(3.75,0.,0.));
#10790 = DIRECTION('',(0.,-0.,-1.));
#10791 = DIRECTION('',(0.923879532511,-0.382683432365,0.));
#10792 = CYLINDRICAL_SURFACE('',#10793,5.6);
#10793 = AXIS2_PLACEMENT_3D('',#10794,#10795,#10796);
#10794 = CARTESIAN_POINT('',(3.75,0.,0.3));
#10795 = DIRECTION('',(0.,0.,-1.));
#10796 = DIRECTION('',(0.923879532511,-0.382683432365,0.));
#10797 = ADVANCED_FACE('',(#10798),#10810,.F.);
#10798 = FACE_BOUND('',#10799,.F.);
#10799 = EDGE_LOOP('',(#10800,#10801,#10802,#10803));
#10800 = ORIENTED_EDGE('',*,*,#10778,.F.);
#10801 = ORIENTED_EDGE('',*,*,#10730,.F.);
#10802 = ORIENTED_EDGE('',*,*,#10768,.T.);
#10803 = ORIENTED_EDGE('',*,*,#10804,.F.);
#10804 = EDGE_CURVE('',#10779,#10769,#10805,.T.);
#10805 = CIRCLE('',#10806,5.6);
#10806 = AXIS2_PLACEMENT_3D('',#10807,#10808,#10809);
#10807 = CARTESIAN_POINT('',(3.75,0.,0.));
#10808 = DIRECTION('',(0.,0.,-1.));
#10809 = DIRECTION('',(0.923879532511,0.382683432365,0.));
#10810 = CYLINDRICAL_SURFACE('',#10811,5.6);
#10811 = AXIS2_PLACEMENT_3D('',#10812,#10813,#10814);
#10812 = CARTESIAN_POINT('',(3.75,0.,0.3));
#10813 = DIRECTION('',(0.,0.,-1.));
#10814 = DIRECTION('',(0.923879532511,0.382683432365,0.));
#10815 = ADVANCED_FACE('',(#10816),#10835,.T.);
#10816 = FACE_BOUND('',#10817,.T.);
#10817 = EDGE_LOOP('',(#10818,#10819,#10827,#10834));
#10818 = ORIENTED_EDGE('',*,*,#10751,.F.);
#10819 = ORIENTED_EDGE('',*,*,#10820,.T.);
#10820 = EDGE_CURVE('',#10752,#10821,#10823,.T.);
#10821 = VERTEX_POINT('',#10822);
#10822 = CARTESIAN_POINT('',(-0.45,5.143516556419E-16,-2.));
#10823 = LINE('',#10824,#10825);
#10824 = CARTESIAN_POINT('',(-0.45,5.143516556419E-16,0.3));
#10825 = VECTOR('',#10826,1.);
#10826 = DIRECTION('',(0.,0.,-1.));
#10827 = ORIENTED_EDGE('',*,*,#10828,.T.);
#10828 = EDGE_CURVE('',#10821,#10821,#10829,.T.);
#10829 = CIRCLE('',#10830,0.45);
#10830 = AXIS2_PLACEMENT_3D('',#10831,#10832,#10833);
#10831 = CARTESIAN_POINT('',(0.,4.592425496803E-16,-2.));
#10832 = DIRECTION('',(0.,0.,1.));
#10833 = DIRECTION('',(-1.,1.224646799147E-16,0.));
#10834 = ORIENTED_EDGE('',*,*,#10820,.F.);
#10835 = CYLINDRICAL_SURFACE('',#10836,0.45);
#10836 = AXIS2_PLACEMENT_3D('',#10837,#10838,#10839);
#10837 = CARTESIAN_POINT('',(0.,4.592425496803E-16,0.3));
#10838 = DIRECTION('',(0.,0.,1.));
#10839 = DIRECTION('',(-1.,1.224646799147E-16,0.));
#10840 = ADVANCED_FACE('',(#10841),#10867,.T.);
#10841 = FACE_BOUND('',#10842,.F.);
#10842 = EDGE_LOOP('',(#10843,#10844,#10852,#10861));
#10843 = ORIENTED_EDGE('',*,*,#10786,.T.);
#10844 = ORIENTED_EDGE('',*,*,#10845,.T.);
#10845 = EDGE_CURVE('',#10779,#10846,#10848,.T.);
#10846 = VERTEX_POINT('',#10847);
#10847 = CARTESIAN_POINT('',(10.956260353588,2.984930772448,
    -1.387778780781E-17));
#10848 = LINE('',#10849,#10850);
#10849 = CARTESIAN_POINT('',(8.923725382063,2.143027221245,0.));
#10850 = VECTOR('',#10851,1.);
#10851 = DIRECTION('',(0.923879532511,0.382683432365,0.));
#10852 = ORIENTED_EDGE('',*,*,#10853,.F.);
#10853 = EDGE_CURVE('',#10854,#10846,#10856,.T.);
#10854 = VERTEX_POINT('',#10855);
#10855 = CARTESIAN_POINT('',(10.956260353588,-2.984930772448,
    -1.387778780781E-17));
#10856 = CIRCLE('',#10857,7.8);
#10857 = AXIS2_PLACEMENT_3D('',#10858,#10859,#10860);
#10858 = CARTESIAN_POINT('',(3.75,0.,-1.387778780781E-17));
#10859 = DIRECTION('',(0.,-0.,-1.));
#10860 = DIRECTION('',(0.923879532511,-0.382683432365,0.));
#10861 = ORIENTED_EDGE('',*,*,#10862,.F.);
#10862 = EDGE_CURVE('',#10769,#10854,#10863,.T.);
#10863 = LINE('',#10864,#10865);
#10864 = CARTESIAN_POINT('',(8.923725382063,-2.143027221245,0.));
#10865 = VECTOR('',#10866,1.);
#10866 = DIRECTION('',(0.923879532511,-0.382683432365,0.));
#10867 = PLANE('',#10868);
#10868 = AXIS2_PLACEMENT_3D('',#10869,#10870,#10871);
#10869 = CARTESIAN_POINT('',(3.75,0.,0.));
#10870 = DIRECTION('',(0.,0.,-1.));
#10871 = DIRECTION('',(0.923879532511,-0.382683432365,0.));
#10872 = ADVANCED_FACE('',(#10873),#10885,.T.);
#10873 = FACE_BOUND('',#10874,.F.);
#10874 = EDGE_LOOP('',(#10875,#10876,#10877,#10884));
#10875 = ORIENTED_EDGE('',*,*,#10804,.T.);
#10876 = ORIENTED_EDGE('',*,*,#10862,.T.);
#10877 = ORIENTED_EDGE('',*,*,#10878,.F.);
#10878 = EDGE_CURVE('',#10846,#10854,#10879,.T.);
#10879 = CIRCLE('',#10880,7.8);
#10880 = AXIS2_PLACEMENT_3D('',#10881,#10882,#10883);
#10881 = CARTESIAN_POINT('',(3.75,0.,-1.387778780781E-17));
#10882 = DIRECTION('',(0.,0.,-1.));
#10883 = DIRECTION('',(0.923879532511,0.382683432365,0.));
#10884 = ORIENTED_EDGE('',*,*,#10845,.F.);
#10885 = PLANE('',#10886);
#10886 = AXIS2_PLACEMENT_3D('',#10887,#10888,#10889);
#10887 = CARTESIAN_POINT('',(3.75,0.,0.));
#10888 = DIRECTION('',(0.,0.,-1.));
#10889 = DIRECTION('',(0.923879532511,0.382683432365,0.));
#10890 = ADVANCED_FACE('',(#10891),#10894,.F.);
#10891 = FACE_BOUND('',#10892,.F.);
#10892 = EDGE_LOOP('',(#10893));
#10893 = ORIENTED_EDGE('',*,*,#10828,.T.);
#10894 = PLANE('',#10895);
#10895 = AXIS2_PLACEMENT_3D('',#10896,#10897,#10898);
#10896 = CARTESIAN_POINT('',(0.,4.06391411431E-16,-2.));
#10897 = DIRECTION('',(-7.608612125974E-33,-2.694472662939E-33,1.));
#10898 = DIRECTION('',(-1.,1.224646799147E-16,-7.608612125974E-33));
#10899 = ADVANCED_FACE('',(#10900),#10928,.F.);
#10900 = FACE_BOUND('',#10901,.F.);
#10901 = EDGE_LOOP('',(#10902,#10903,#10912,#10921));
#10902 = ORIENTED_EDGE('',*,*,#10853,.T.);
#10903 = ORIENTED_EDGE('',*,*,#10904,.T.);
#10904 = EDGE_CURVE('',#10846,#10905,#10907,.T.);
#10905 = VERTEX_POINT('',#10906);
#10906 = CARTESIAN_POINT('',(11.14103626009,3.061467458921,0.2));
#10907 = CIRCLE('',#10908,0.2);
#10908 = AXIS2_PLACEMENT_3D('',#10909,#10910,#10911);
#10909 = CARTESIAN_POINT('',(10.956260353588,2.984930772448,0.2));
#10910 = DIRECTION('',(0.382683432365,-0.923879532511,
    -1.972152263053E-31));
#10911 = DIRECTION('',(-4.102849315896E-15,-1.699455831017E-15,-1.));
#10912 = ORIENTED_EDGE('',*,*,#10913,.F.);
#10913 = EDGE_CURVE('',#10914,#10905,#10916,.T.);
#10914 = VERTEX_POINT('',#10915);
#10915 = CARTESIAN_POINT('',(11.14103626009,-3.061467458921,0.2));
#10916 = CIRCLE('',#10917,8.);
#10917 = AXIS2_PLACEMENT_3D('',#10918,#10919,#10920);
#10918 = CARTESIAN_POINT('',(3.75,0.,0.2));
#10919 = DIRECTION('',(0.,-0.,-1.));
#10920 = DIRECTION('',(0.923879532511,-0.382683432365,0.));
#10921 = ORIENTED_EDGE('',*,*,#10922,.F.);
#10922 = EDGE_CURVE('',#10854,#10914,#10923,.T.);
#10923 = CIRCLE('',#10924,0.2);
#10924 = AXIS2_PLACEMENT_3D('',#10925,#10926,#10927);
#10925 = CARTESIAN_POINT('',(10.956260353588,-2.984930772448,0.2));
#10926 = DIRECTION('',(-0.382683432365,-0.923879532511,
    1.972152263053E-31));
#10927 = DIRECTION('',(-4.102849315896E-15,1.699455831017E-15,-1.));
#10928 = SURFACE_OF_REVOLUTION('',#10929,#10934);
#10929 = CIRCLE('',#10930,0.2);
#10930 = AXIS2_PLACEMENT_3D('',#10931,#10932,#10933);
#10931 = CARTESIAN_POINT('',(10.956260353588,-2.984930772448,0.2));
#10932 = DIRECTION('',(-0.382683432365,-0.923879532511,0.));
#10933 = DIRECTION('',(-4.102849315896E-15,1.699455831017E-15,-1.));
#10934 = AXIS1_PLACEMENT('',#10935,#10936);
#10935 = CARTESIAN_POINT('',(3.75,0.,0.));
#10936 = DIRECTION('',(0.,0.,-1.));
#10937 = ADVANCED_FACE('',(#10938),#10950,.F.);
#10938 = FACE_BOUND('',#10939,.F.);
#10939 = EDGE_LOOP('',(#10940,#10941,#10942,#10949));
#10940 = ORIENTED_EDGE('',*,*,#10878,.T.);
#10941 = ORIENTED_EDGE('',*,*,#10922,.T.);
#10942 = ORIENTED_EDGE('',*,*,#10943,.F.);
#10943 = EDGE_CURVE('',#10905,#10914,#10944,.T.);
#10944 = CIRCLE('',#10945,8.);
#10945 = AXIS2_PLACEMENT_3D('',#10946,#10947,#10948);
#10946 = CARTESIAN_POINT('',(3.75,0.,0.2));
#10947 = DIRECTION('',(0.,0.,-1.));
#10948 = DIRECTION('',(0.923879532511,0.382683432365,0.));
#10949 = ORIENTED_EDGE('',*,*,#10904,.F.);
#10950 = SURFACE_OF_REVOLUTION('',#10951,#10956);
#10951 = CIRCLE('',#10952,0.2);
#10952 = AXIS2_PLACEMENT_3D('',#10953,#10954,#10955);
#10953 = CARTESIAN_POINT('',(10.956260353588,2.984930772448,0.2));
#10954 = DIRECTION('',(0.382683432365,-0.923879532511,1.972152263054E-31
    ));
#10955 = DIRECTION('',(-4.102849315896E-15,-1.699455831017E-15,-1.));
#10956 = AXIS1_PLACEMENT('',#10957,#10958);
#10957 = CARTESIAN_POINT('',(3.75,0.,0.));
#10958 = DIRECTION('',(0.,0.,-1.));
#10959 = ADVANCED_FACE('',(#10960),#11017,.T.);
#10960 = FACE_BOUND('',#10961,.T.);
#10961 = EDGE_LOOP('',(#10962,#11004,#11010,#11011));
#10962 = ORIENTED_EDGE('',*,*,#10963,.T.);
#10963 = EDGE_CURVE('',#10964,#10966,#10968,.T.);
#10964 = VERTEX_POINT('',#10965);
#10965 = CARTESIAN_POINT('',(11.14103626009,-3.061467458921,
    1.064979142851));
#10966 = VERTEX_POINT('',#10967);
#10967 = CARTESIAN_POINT('',(11.14103626009,3.061467458921,
    1.064979142851));
#10968 = B_SPLINE_CURVE_WITH_KNOTS('',12,(#10969,#10970,#10971,#10972,
    #10973,#10974,#10975,#10976,#10977,#10978,#10979,#10980,#10981,
    #10982,#10983,#10984,#10985,#10986,#10987,#10988,#10989,#10990,
    #10991,#10992,#10993,#10994,#10995,#10996,#10997,#10998,#10999,
    #11000,#11001,#11002,#11003),.UNSPECIFIED.,.F.,.F.,(13,11,11,13),(
    -1.873970053066,-1.063080047787E-15,43.982297150256,45.856267203322)
  ,.UNSPECIFIED.);
#10969 = CARTESIAN_POINT('',(11.858173552147,-1.330144882354,
    1.064979142851));
#10970 = CARTESIAN_POINT('',(11.797997962853,-1.475421606152,
    1.064979142851));
#10971 = CARTESIAN_POINT('',(11.737897673247,-1.62051654042,
    1.064979142851));
#10972 = CARTESIAN_POINT('',(11.677872683331,-1.765429685157,
    1.064979142851));
#10973 = CARTESIAN_POINT('',(11.617922993104,-1.910161040364,
    1.064979142851));
#10974 = CARTESIAN_POINT('',(11.558048602565,-2.054710606041,
    1.064979142851));
#10975 = CARTESIAN_POINT('',(11.498249511716,-2.199078382186,
    1.064979142851));
#10976 = CARTESIAN_POINT('',(11.438525720556,-2.343264368802,
    1.064979142851));
#10977 = CARTESIAN_POINT('',(11.378877229085,-2.487268565887,
    1.064979142851));
#10978 = CARTESIAN_POINT('',(11.319304037303,-2.631090973441,
    1.064979142851));
#10979 = CARTESIAN_POINT('',(11.259806145209,-2.774731591465,
    1.064979142851));
#10980 = CARTESIAN_POINT('',(11.200383552805,-2.918190419958,
    1.064979142851));
#10981 = CARTESIAN_POINT('',(9.748148332674,-6.424196384154,
    1.064979142851));
#10982 = CARTESIAN_POINT('',(6.664218617699,-9.146846434248,
    1.064979179693));
#10983 = CARTESIAN_POINT('',(2.212607902218,-10.22547282872,
    1.064978656632));
#10984 = CARTESIAN_POINT('',(-2.560872724984,-8.822383044901,
    1.064980754713));
#10985 = CARTESIAN_POINT('',(-6.114921061728,-5.320753792362,
    1.064976121759));
#10986 = CARTESIAN_POINT('',(-7.896277410323,1.867839216629E-11,
    1.064982822191));
#10987 = CARTESIAN_POINT('',(-6.114921061727,5.320753792329,
    1.064976121759));
#10988 = CARTESIAN_POINT('',(-2.560872724986,8.822383044924,
    1.064980754714));
#10989 = CARTESIAN_POINT('',(2.212607902218,10.225472828717,
    1.064978656632));
#10990 = CARTESIAN_POINT('',(6.664218617699,9.146846434253,
    1.064979179693));
#10991 = CARTESIAN_POINT('',(9.748148332674,6.424196384153,
    1.064979142851));
#10992 = CARTESIAN_POINT('',(11.200383552805,2.918190419958,
    1.064979142851));
#10993 = CARTESIAN_POINT('',(11.259806145209,2.774731591465,
    1.064979142851));
#10994 = CARTESIAN_POINT('',(11.319304037302,2.631090973441,
    1.064979142851));
#10995 = CARTESIAN_POINT('',(11.378877229085,2.487268565887,
    1.064979142851));
#10996 = CARTESIAN_POINT('',(11.438525720556,2.343264368802,
    1.064979142851));
#10997 = CARTESIAN_POINT('',(11.498249511716,2.199078382187,
    1.064979142851));
#10998 = CARTESIAN_POINT('',(11.558048602565,2.054710606041,
    1.064979142851));
#10999 = CARTESIAN_POINT('',(11.617922993104,1.910161040364,
    1.064979142851));
#11000 = CARTESIAN_POINT('',(11.677872683331,1.765429685158,
    1.064979142851));
#11001 = CARTESIAN_POINT('',(11.737897673247,1.62051654042,
    1.064979142851));
#11002 = CARTESIAN_POINT('',(11.797997962853,1.475421606152,
    1.064979142851));
#11003 = CARTESIAN_POINT('',(11.858173552147,1.330144882354,
    1.064979142851));
#11004 = ORIENTED_EDGE('',*,*,#11005,.F.);
#11005 = EDGE_CURVE('',#10905,#10966,#11006,.T.);
#11006 = LINE('',#11007,#11008);
#11007 = CARTESIAN_POINT('',(11.14103626009,3.061467458921,0.2));
#11008 = VECTOR('',#11009,1.);
#11009 = DIRECTION('',(0.,0.,1.));
#11010 = ORIENTED_EDGE('',*,*,#10913,.F.);
#11011 = ORIENTED_EDGE('',*,*,#11012,.T.);
#11012 = EDGE_CURVE('',#10914,#10964,#11013,.T.);
#11013 = LINE('',#11014,#11015);
#11014 = CARTESIAN_POINT('',(11.14103626009,-3.061467458921,0.2));
#11015 = VECTOR('',#11016,1.);
#11016 = DIRECTION('',(0.,0.,1.));
#11017 = CYLINDRICAL_SURFACE('',#11018,8.);
#11018 = AXIS2_PLACEMENT_3D('',#11019,#11020,#11021);
#11019 = CARTESIAN_POINT('',(3.75,0.,0.2));
#11020 = DIRECTION('',(0.,0.,1.));
#11021 = DIRECTION('',(0.923879532511,-0.382683432365,0.));
#11022 = ADVANCED_FACE('',(#11023),#11102,.T.);
#11023 = FACE_BOUND('',#11024,.T.);
#11024 = EDGE_LOOP('',(#11025,#11044,#11053,#11065,#11082,#11083,#11084,
    #11085));
#11025 = ORIENTED_EDGE('',*,*,#11026,.T.);
#11026 = EDGE_CURVE('',#11027,#11029,#11031,.T.);
#11027 = VERTEX_POINT('',#11028);
#11028 = CARTESIAN_POINT('',(11.748216494738,0.168741837757,
    1.064979142851));
#11029 = VERTEX_POINT('',#11030);
#11030 = CARTESIAN_POINT('',(11.7499999375,9.999999999991E-04,1.));
#11031 = B_SPLINE_CURVE_WITH_KNOTS('',6,(#11032,#11033,#11034,#11035,
    #11036,#11037,#11038,#11039,#11040,#11041,#11042,#11043),
  .UNSPECIFIED.,.F.,.F.,(7,5,7),(0.,0.924566682812,1.),.UNSPECIFIED.);
#11032 = CARTESIAN_POINT('',(11.748220175142,0.168742495984,
    1.064979742851));
#11033 = CARTESIAN_POINT('',(11.748638558029,0.148911566226,
    1.046902995476));
#11034 = CARTESIAN_POINT('',(11.749055302694,0.126360409306,
    1.031041596213));
#11035 = CARTESIAN_POINT('',(11.749435119883,0.101323098753,
    1.017951491949));
#11036 = CARTESIAN_POINT('',(11.749737415675,7.417630517056E-02,
    1.008169375705));
#11037 = CARTESIAN_POINT('',(11.749926619395,4.539697261145E-02,
    1.002180687329));
#11038 = CARTESIAN_POINT('',(11.74998949837,1.318821466276E-02,
    1.0002865688));
#11039 = CARTESIAN_POINT('',(11.749993363737,1.075473991785E-02,
    1.000172054475));
#11040 = CARTESIAN_POINT('',(11.749996344122,8.318208109736E-03,
    1.000086059482));
#11041 = CARTESIAN_POINT('',(11.749998434606,5.879535960399E-03,
    1.000028689124));
#11042 = CARTESIAN_POINT('',(11.749999632531,3.439752686621E-03,1.));
#11043 = CARTESIAN_POINT('',(11.7499999375,1.000000000001E-03,1.));
#11044 = ORIENTED_EDGE('',*,*,#11045,.F.);
#11045 = EDGE_CURVE('',#11046,#11029,#11048,.T.);
#11046 = VERTEX_POINT('',#11047);
#11047 = CARTESIAN_POINT('',(11.7499999375,-1.000000000001E-03,1.));
#11048 = CIRCLE('',#11049,8.);
#11049 = AXIS2_PLACEMENT_3D('',#11050,#11051,#11052);
#11050 = CARTESIAN_POINT('',(3.75,0.,1.));
#11051 = DIRECTION('',(0.,-0.,1.));
#11052 = DIRECTION('',(0.923879532511,0.382683432365,0.));
#11053 = ORIENTED_EDGE('',*,*,#11054,.T.);
#11054 = EDGE_CURVE('',#11046,#11055,#11057,.T.);
#11055 = VERTEX_POINT('',#11056);
#11056 = CARTESIAN_POINT('',(11.748216528778,-0.168741837757,
    1.064979142851));
#11057 = B_SPLINE_CURVE_WITH_KNOTS('',6,(#11058,#11059,#11060,#11061,
    #11062,#11063,#11064),.UNSPECIFIED.,.F.,.F.,(7,7),(0.,1.),
  .PIECEWISE_BEZIER_KNOTS.);
#11058 = CARTESIAN_POINT('',(11.7499999375,-1.000000000001E-03,1.));
#11059 = CARTESIAN_POINT('',(11.749995876026,-3.34917878688E-02,1.));
#11060 = CARTESIAN_POINT('',(11.749833568534,-6.514944124496E-02,
    1.005088554237));
#11061 = CARTESIAN_POINT('',(11.749528326396,-9.509347475645E-02,
    1.014770963615));
#11062 = CARTESIAN_POINT('',(11.749123510813,-0.122655506789,
    1.028455553806));
#11063 = CARTESIAN_POINT('',(11.748672451479,-0.147305050671,
    1.045438587292));
#11064 = CARTESIAN_POINT('',(11.748220175142,-0.168742495984,
    1.064979742851));
#11065 = ORIENTED_EDGE('',*,*,#11066,.T.);
#11066 = EDGE_CURVE('',#11055,#10964,#11067,.T.);
#11067 = B_SPLINE_CURVE_WITH_KNOTS('',5,(#11068,#11069,#11070,#11071,
    #11072,#11073,#11074,#11075,#11076,#11077,#11078,#11079,#11080,
    #11081),.UNSPECIFIED.,.F.,.F.,(6,4,4,6),(-0.38212309917,
    -4.28165546416E-07,6.283185735344,6.665307816687),.UNSPECIFIED.);
#11068 = CARTESIAN_POINT('',(10.994804243843,3.414502775528,
    1.064979142851));
#11069 = CARTESIAN_POINT('',(11.024050655788,3.343895691214,
    1.064979142851));
#11070 = CARTESIAN_POINT('',(11.053297063302,3.273288617596,
    1.064979142851));
#11071 = CARTESIAN_POINT('',(11.082543466386,3.202681554674,
    1.064979142851));
#11072 = CARTESIAN_POINT('',(11.11178986504,3.132074502448,
    1.064979142851));
#11073 = CARTESIAN_POINT('',(11.621930363327,1.900486393708,
    1.064979142851));
#11074 = CARTESIAN_POINT('',(11.874923987305,0.645092022978,
    1.064979142851));
#11075 = CARTESIAN_POINT('',(11.874925732041,-0.645087857169,
    1.064979142851));
#11076 = CARTESIAN_POINT('',(11.621931251104,-1.900484250426,
    1.064979142851));
#11077 = CARTESIAN_POINT('',(11.111789856179,-3.13207452384,
    1.064979142851));
#11078 = CARTESIAN_POINT('',(11.082543453095,-3.202681586762,
    1.064979142851));
#11079 = CARTESIAN_POINT('',(11.053297050011,-3.273288649684,
    1.064979142851));
#11080 = CARTESIAN_POINT('',(11.024050646927,-3.343895712606,
    1.064979142851));
#11081 = CARTESIAN_POINT('',(10.994804243843,-3.414502775528,
    1.064979142851));
#11082 = ORIENTED_EDGE('',*,*,#11012,.F.);
#11083 = ORIENTED_EDGE('',*,*,#10943,.F.);
#11084 = ORIENTED_EDGE('',*,*,#11005,.T.);
#11085 = ORIENTED_EDGE('',*,*,#11086,.T.);
#11086 = EDGE_CURVE('',#10966,#11027,#11087,.T.);
#11087 = B_SPLINE_CURVE_WITH_KNOTS('',5,(#11088,#11089,#11090,#11091,
    #11092,#11093,#11094,#11095,#11096,#11097,#11098,#11099,#11100,
    #11101),.UNSPECIFIED.,.F.,.F.,(6,4,4,6),(-0.38212309917,
    -4.28165546416E-07,6.283185735344,6.665307816687),.UNSPECIFIED.);
#11088 = CARTESIAN_POINT('',(10.994804243843,3.414502775528,
    1.064979142851));
#11089 = CARTESIAN_POINT('',(11.024050655788,3.343895691214,
    1.064979142851));
#11090 = CARTESIAN_POINT('',(11.053297063302,3.273288617596,
    1.064979142851));
#11091 = CARTESIAN_POINT('',(11.082543466386,3.202681554674,
    1.064979142851));
#11092 = CARTESIAN_POINT('',(11.11178986504,3.132074502448,
    1.064979142851));
#11093 = CARTESIAN_POINT('',(11.621930363327,1.900486393708,
    1.064979142851));
#11094 = CARTESIAN_POINT('',(11.874923987305,0.645092022978,
    1.064979142851));
#11095 = CARTESIAN_POINT('',(11.874925732041,-0.645087857169,
    1.064979142851));
#11096 = CARTESIAN_POINT('',(11.621931251104,-1.900484250426,
    1.064979142851));
#11097 = CARTESIAN_POINT('',(11.111789856179,-3.13207452384,
    1.064979142851));
#11098 = CARTESIAN_POINT('',(11.082543453095,-3.202681586762,
    1.064979142851));
#11099 = CARTESIAN_POINT('',(11.053297050011,-3.273288649684,
    1.064979142851));
#11100 = CARTESIAN_POINT('',(11.024050646927,-3.343895712606,
    1.064979142851));
#11101 = CARTESIAN_POINT('',(10.994804243843,-3.414502775528,
    1.064979142851));
#11102 = CYLINDRICAL_SURFACE('',#11103,8.);
#11103 = AXIS2_PLACEMENT_3D('',#11104,#11105,#11106);
#11104 = CARTESIAN_POINT('',(3.75,0.,0.2));
#11105 = DIRECTION('',(0.,0.,1.));
#11106 = DIRECTION('',(0.923879532511,0.382683432365,-0.));
#11107 = ADVANCED_FACE('',(#11108),#11175,.T.);
#11108 = FACE_BOUND('',#11109,.T.);
#11109 = EDGE_LOOP('',(#11110,#11123,#11163,#11174));
#11110 = ORIENTED_EDGE('',*,*,#11111,.T.);
#11111 = EDGE_CURVE('',#10964,#11112,#11114,.T.);
#11112 = VERTEX_POINT('',#11113);
#11113 = CARTESIAN_POINT('',(11.066783967251,-3.030711152189,
    1.269338405373));
#11114 = B_SPLINE_CURVE_WITH_KNOTS('',7,(#11115,#11116,#11117,#11118,
    #11119,#11120,#11121,#11122),.UNSPECIFIED.,.F.,.F.,(8,8),(0.,1.),
  .PIECEWISE_BEZIER_KNOTS.);
#11115 = CARTESIAN_POINT('',(11.14103626009,-3.061467458921,
    1.064979142851));
#11116 = CARTESIAN_POINT('',(11.141036260042,-3.061467458901,
    1.096353648435));
#11117 = CARTESIAN_POINT('',(11.13749920575,-3.060002363042,
    1.128449995953));
#11118 = CARTESIAN_POINT('',(11.13013496019,-3.056951992655,
    1.160459445172));
#11119 = CARTESIAN_POINT('',(11.118893129239,-3.052295473809,
    1.191399530583));
#11120 = CARTESIAN_POINT('',(11.104139521156,-3.046184329247,
    1.220263464344));
#11121 = CARTESIAN_POINT('',(11.086529338691,-3.038889952834,
    1.246369140532));
#11122 = CARTESIAN_POINT('',(11.066783967251,-3.030711152189,
    1.269338405373));
#11123 = ORIENTED_EDGE('',*,*,#11124,.T.);
#11124 = EDGE_CURVE('',#11112,#11125,#11127,.T.);
#11125 = VERTEX_POINT('',#11126);
#11126 = CARTESIAN_POINT('',(11.066783967251,3.030711152189,
    1.269338405373));
#11127 = B_SPLINE_CURVE_WITH_KNOTS('',12,(#11128,#11129,#11130,#11131,
    #11132,#11133,#11134,#11135,#11136,#11137,#11138,#11139,#11140,
    #11141,#11142,#11143,#11144,#11145,#11146,#11147,#11148,#11149,
    #11150,#11151,#11152,#11153,#11154,#11155,#11156,#11157,#11158,
    #11159,#11160,#11161,#11162),.UNSPECIFIED.,.F.,.F.,(13,11,11,13),(
    -1.873970053066,-1.063080047787E-15,43.982297150256,45.856267203322)
  ,.UNSPECIFIED.);
#11128 = CARTESIAN_POINT('',(11.783921259308,-1.299388575622,
    1.269338405373));
#11129 = CARTESIAN_POINT('',(11.723149451513,-1.446104698211,
    1.269338405373));
#11130 = CARTESIAN_POINT('',(11.66256134677,-1.592377322399,
    1.269338405373));
#11131 = CARTESIAN_POINT('',(11.602156945081,-1.738206448185,
    1.269338405373));
#11132 = CARTESIAN_POINT('',(11.541936246444,-1.883592075569,
    1.269338405373));
#11133 = CARTESIAN_POINT('',(11.48189925086,-2.028534204552,
    1.269338405373));
#11134 = CARTESIAN_POINT('',(11.422045958329,-2.173032835133,
    1.269338405373));
#11135 = CARTESIAN_POINT('',(11.36237636885,-2.317087967313,
    1.269338405373));
#11136 = CARTESIAN_POINT('',(11.302890482425,-2.460699601092,
    1.269338405373));
#11137 = CARTESIAN_POINT('',(11.243588299052,-2.603867736468,
    1.269338405373));
#11138 = CARTESIAN_POINT('',(11.184469818732,-2.746592373443,
    1.269338405373));
#11139 = CARTESIAN_POINT('',(11.125535041465,-2.888873512017,
    1.269338405373));
#11140 = CARTESIAN_POINT('',(9.687889358043,-6.359657218821,
    1.269338405373));
#11141 = CARTESIAN_POINT('',(6.634887964771,-9.05514571701,
    1.269338398976));
#11142 = CARTESIAN_POINT('',(2.227658189283,-10.1224557905,
    1.269338489796));
#11143 = CARTESIAN_POINT('',(-2.496508910968,-8.733741237239,
    1.269338125503));
#11144 = CARTESIAN_POINT('',(-6.016722913412,-5.267650204176,
    1.269338929927));
#11145 = CARTESIAN_POINT('',(-7.778557237297,2.631228568362E-11,
    1.269337766527));
#11146 = CARTESIAN_POINT('',(-6.016722913411,5.267650204129,
    1.269338929927));
#11147 = CARTESIAN_POINT('',(-2.49650891097,8.733741237272,
    1.269338125504));
#11148 = CARTESIAN_POINT('',(2.227658189285,10.122455790489,
    1.269338489796));
#11149 = CARTESIAN_POINT('',(6.634887964771,9.055145717016,
    1.269338398976));
#11150 = CARTESIAN_POINT('',(9.687889358043,6.35965721882,1.269338405373
    ));
#11151 = CARTESIAN_POINT('',(11.125535041465,2.888873512017,
    1.269338405373));
#11152 = CARTESIAN_POINT('',(11.184469818732,2.746592373444,
    1.269338405373));
#11153 = CARTESIAN_POINT('',(11.243588299052,2.603867736468,
    1.269338405373));
#11154 = CARTESIAN_POINT('',(11.302890482425,2.460699601092,
    1.269338405373));
#11155 = CARTESIAN_POINT('',(11.36237636885,2.317087967313,
    1.269338405373));
#11156 = CARTESIAN_POINT('',(11.422045958329,2.173032835134,
    1.269338405373));
#11157 = CARTESIAN_POINT('',(11.48189925086,2.028534204552,
    1.269338405373));
#11158 = CARTESIAN_POINT('',(11.541936246444,1.883592075569,
    1.269338405373));
#11159 = CARTESIAN_POINT('',(11.60215694508,1.738206448185,
    1.269338405373));
#11160 = CARTESIAN_POINT('',(11.66256134677,1.592377322399,
    1.269338405373));
#11161 = CARTESIAN_POINT('',(11.723149451512,1.446104698211,
    1.269338405373));
#11162 = CARTESIAN_POINT('',(11.783921259308,1.299388575622,
    1.269338405373));
#11163 = ORIENTED_EDGE('',*,*,#11164,.F.);
#11164 = EDGE_CURVE('',#10966,#11125,#11165,.T.);
#11165 = B_SPLINE_CURVE_WITH_KNOTS('',7,(#11166,#11167,#11168,#11169,
    #11170,#11171,#11172,#11173),.UNSPECIFIED.,.F.,.F.,(8,8),(0.,1.),
  .PIECEWISE_BEZIER_KNOTS.);
#11166 = CARTESIAN_POINT('',(11.14103626009,3.061467458921,
    1.064979142851));
#11167 = CARTESIAN_POINT('',(11.141036260042,3.061467458901,
    1.096353648435));
#11168 = CARTESIAN_POINT('',(11.13749920575,3.060002363042,
    1.128449995953));
#11169 = CARTESIAN_POINT('',(11.13013496019,3.056951992655,
    1.160459445172));
#11170 = CARTESIAN_POINT('',(11.118893129239,3.052295473809,
    1.191399530583));
#11171 = CARTESIAN_POINT('',(11.104139521156,3.046184329247,
    1.220263464344));
#11172 = CARTESIAN_POINT('',(11.086529338691,3.038889952834,
    1.246369140532));
#11173 = CARTESIAN_POINT('',(11.066783967251,3.030711152189,
    1.269338405373));
#11174 = ORIENTED_EDGE('',*,*,#10963,.F.);
#11175 = ( BOUNDED_SURFACE() B_SPLINE_SURFACE(2,12,(
    (#11176,#11177,#11178,#11179,#11180,#11181,#11182,#11183,#11184
      ,#11185,#11186,#11187,#11188,#11189,#11190,#11191,#11192,#11193
      ,#11194,#11195,#11196,#11197,#11198,#11199,#11200,#11201,#11202
      ,#11203,#11204,#11205,#11206,#11207,#11208,#11209,#11210)
    ,(#11211,#11212,#11213,#11214,#11215,#11216,#11217,#11218,#11219
      ,#11220,#11221,#11222,#11223,#11224,#11225,#11226,#11227,#11228
      ,#11229,#11230,#11231,#11232,#11233,#11234,#11235,#11236,#11237
      ,#11238,#11239,#11240,#11241,#11242,#11243,#11244,#11245)
    ,(#11246,#11247,#11248,#11249,#11250,#11251,#11252,#11253,#11254
      ,#11255,#11256,#11257,#11258,#11259,#11260,#11261,#11262,#11263
      ,#11264,#11265,#11266,#11267,#11268,#11269,#11270,#11271,#11272
      ,#11273,#11274,#11275,#11276,#11277,#11278,#11279,#11280
)),.UNSPECIFIED.,.F.,.F.,.F.) B_SPLINE_SURFACE_WITH_KNOTS((3,3),(13,11,
    11,13),(0.,43.982297150256),(-1.873970053066,-1.063080047787E-15,
    43.982297150256,45.856267203322),.UNSPECIFIED.) 
GEOMETRIC_REPRESENTATION_ITEM() RATIONAL_B_SPLINE_SURFACE((
    (1.,1.,1.,1.,1.,1.,1.,1.,1.,1.,1.,1.,1.,1.,1.,1.,1.,1.,1.,1.,1.,1.
      ,1.,1.,1.,1.,1.,1.,1.,1.,1.,1.,1.,1.,1.)
    ,(0.93061798229,0.93061798229,0.93061798229,0.93061798229
      ,0.93061798229,0.93061798229,0.93061798229,0.93061798229
      ,0.93061798229,0.93061798229,0.93061798229,0.93061798229
      ,0.93061798229,0.930618018316,0.930617506831,0.930619558481
      ,0.930615028054,0.930621580206,0.930615028054,0.930619558482
      ,0.93061750683,0.930618018316,0.93061798229,0.93061798229
      ,0.93061798229,0.93061798229,0.93061798229,0.93061798229
      ,0.93061798229,0.93061798229,0.93061798229,0.93061798229
      ,0.93061798229,0.93061798229,0.93061798229)
    ,(1.,1.,1.,1.,1.,1.,1.,1.,1.,1.,1.,1.,1.,1.,1.,1.,1.,1.,1.,1.,1.,1.
,1.,1.,1.,1.,1.,1.,1.,1.,1.,1.,1.,1.,1.
))) REPRESENTATION_ITEM('') SURFACE() );
#11176 = CARTESIAN_POINT('',(11.858173552147,-1.330144882354,
    1.064979142851));
#11177 = CARTESIAN_POINT('',(11.797997962853,-1.475421606152,
    1.064979142851));
#11178 = CARTESIAN_POINT('',(11.737897673247,-1.62051654042,
    1.064979142851));
#11179 = CARTESIAN_POINT('',(11.677872683331,-1.765429685157,
    1.064979142851));
#11180 = CARTESIAN_POINT('',(11.617922993104,-1.910161040364,
    1.064979142851));
#11181 = CARTESIAN_POINT('',(11.558048602565,-2.054710606041,
    1.064979142851));
#11182 = CARTESIAN_POINT('',(11.498249511716,-2.199078382186,
    1.064979142851));
#11183 = CARTESIAN_POINT('',(11.438525720556,-2.343264368802,
    1.064979142851));
#11184 = CARTESIAN_POINT('',(11.378877229085,-2.487268565887,
    1.064979142851));
#11185 = CARTESIAN_POINT('',(11.319304037303,-2.631090973441,
    1.064979142851));
#11186 = CARTESIAN_POINT('',(11.259806145209,-2.774731591465,
    1.064979142851));
#11187 = CARTESIAN_POINT('',(11.200383552805,-2.918190419958,
    1.064979142851));
#11188 = CARTESIAN_POINT('',(9.748148332674,-6.424196384154,
    1.064979142851));
#11189 = CARTESIAN_POINT('',(6.664218617699,-9.146846434248,
    1.064979179693));
#11190 = CARTESIAN_POINT('',(2.212607902218,-10.22547282872,
    1.064978656632));
#11191 = CARTESIAN_POINT('',(-2.560872724984,-8.822383044901,
    1.064980754713));
#11192 = CARTESIAN_POINT('',(-6.114921061728,-5.320753792362,
    1.064976121759));
#11193 = CARTESIAN_POINT('',(-7.896277410323,1.867839216629E-11,
    1.064982822191));
#11194 = CARTESIAN_POINT('',(-6.114921061727,5.320753792329,
    1.064976121759));
#11195 = CARTESIAN_POINT('',(-2.560872724986,8.822383044924,
    1.064980754714));
#11196 = CARTESIAN_POINT('',(2.212607902218,10.225472828717,
    1.064978656632));
#11197 = CARTESIAN_POINT('',(6.664218617699,9.146846434253,
    1.064979179693));
#11198 = CARTESIAN_POINT('',(9.748148332674,6.424196384153,
    1.064979142851));
#11199 = CARTESIAN_POINT('',(11.200383552805,2.918190419958,
    1.064979142851));
#11200 = CARTESIAN_POINT('',(11.259806145209,2.774731591465,
    1.064979142851));
#11201 = CARTESIAN_POINT('',(11.319304037302,2.631090973441,
    1.064979142851));
#11202 = CARTESIAN_POINT('',(11.378877229085,2.487268565887,
    1.064979142851));
#11203 = CARTESIAN_POINT('',(11.438525720556,2.343264368802,
    1.064979142851));
#11204 = CARTESIAN_POINT('',(11.498249511716,2.199078382187,
    1.064979142851));
#11205 = CARTESIAN_POINT('',(11.558048602565,2.054710606041,
    1.064979142851));
#11206 = CARTESIAN_POINT('',(11.617922993104,1.910161040364,
    1.064979142851));
#11207 = CARTESIAN_POINT('',(11.677872683331,1.765429685158,
    1.064979142851));
#11208 = CARTESIAN_POINT('',(11.737897673247,1.62051654042,
    1.064979142851));
#11209 = CARTESIAN_POINT('',(11.797997962853,1.475421606152,
    1.064979142851));
#11210 = CARTESIAN_POINT('',(11.858173552147,1.330144882354,
    1.064979142851));
#11211 = CARTESIAN_POINT('',(11.858173552148,-1.330144882354,
    1.182962690499));
#11212 = CARTESIAN_POINT('',(11.797997962853,-1.475421606152,
    1.182962690499));
#11213 = CARTESIAN_POINT('',(11.737897673248,-1.62051654042,
    1.182962690499));
#11214 = CARTESIAN_POINT('',(11.677872683331,-1.765429685158,
    1.182962690499));
#11215 = CARTESIAN_POINT('',(11.617922993104,-1.910161040364,
    1.182962690499));
#11216 = CARTESIAN_POINT('',(11.558048602566,-2.054710606041,
    1.182962690499));
#11217 = CARTESIAN_POINT('',(11.498249511716,-2.199078382187,
    1.182962690499));
#11218 = CARTESIAN_POINT('',(11.438525720556,-2.343264368802,
    1.182962690499));
#11219 = CARTESIAN_POINT('',(11.378877229085,-2.487268565887,
    1.182962690499));
#11220 = CARTESIAN_POINT('',(11.319304037303,-2.631090973441,
    1.182962690499));
#11221 = CARTESIAN_POINT('',(11.259806145209,-2.774731591465,
    1.182962690499));
#11222 = CARTESIAN_POINT('',(11.200383552805,-2.918190419958,
    1.182962690499));
#11223 = CARTESIAN_POINT('',(9.748148332673,-6.424196384153,
    1.182962690499));
#11224 = CARTESIAN_POINT('',(6.66421819447,-9.146845966594,
    1.182962693243));
#11225 = CARTESIAN_POINT('',(2.212607746913,-10.22547726763,
    1.182962654288));
#11226 = CARTESIAN_POINT('',(-2.560862992761,-8.822370396335,
    1.182962810543));
#11227 = CARTESIAN_POINT('',(-6.114950884122,-5.320768305575,
    1.182962465501));
#11228 = CARTESIAN_POINT('',(-7.896234145785,1.126920778916E-11,
    1.182962964519));
#11229 = CARTESIAN_POINT('',(-6.114950884124,5.320768305557,
    1.182962465501));
#11230 = CARTESIAN_POINT('',(-2.56086299276,8.822370396344,
    1.182962810543));
#11231 = CARTESIAN_POINT('',(2.212607746914,10.225477267634,
    1.182962654288));
#11232 = CARTESIAN_POINT('',(6.664218194469,9.146845966595,
    1.182962693243));
#11233 = CARTESIAN_POINT('',(9.748148332674,6.424196384153,
    1.182962690499));
#11234 = CARTESIAN_POINT('',(11.200383552805,2.918190419958,
    1.182962690499));
#11235 = CARTESIAN_POINT('',(11.259806145209,2.774731591465,
    1.182962690499));
#11236 = CARTESIAN_POINT('',(11.319304037303,2.631090973441,
    1.182962690499));
#11237 = CARTESIAN_POINT('',(11.378877229085,2.487268565887,
    1.182962690499));
#11238 = CARTESIAN_POINT('',(11.438525720556,2.343264368802,
    1.182962690499));
#11239 = CARTESIAN_POINT('',(11.498249511716,2.199078382187,
    1.182962690499));
#11240 = CARTESIAN_POINT('',(11.558048602566,2.054710606041,
    1.182962690499));
#11241 = CARTESIAN_POINT('',(11.617922993104,1.910161040364,
    1.182962690499));
#11242 = CARTESIAN_POINT('',(11.677872683331,1.765429685158,
    1.182962690499));
#11243 = CARTESIAN_POINT('',(11.737897673248,1.62051654042,
    1.182962690499));
#11244 = CARTESIAN_POINT('',(11.797997962853,1.475421606152,
    1.182962690499));
#11245 = CARTESIAN_POINT('',(11.858173552148,1.330144882354,
    1.182962690499));
#11246 = CARTESIAN_POINT('',(11.783921259308,-1.299388575622,
    1.269338405373));
#11247 = CARTESIAN_POINT('',(11.723149451513,-1.446104698211,
    1.269338405373));
#11248 = CARTESIAN_POINT('',(11.66256134677,-1.592377322399,
    1.269338405373));
#11249 = CARTESIAN_POINT('',(11.602156945081,-1.738206448185,
    1.269338405373));
#11250 = CARTESIAN_POINT('',(11.541936246444,-1.883592075569,
    1.269338405373));
#11251 = CARTESIAN_POINT('',(11.48189925086,-2.028534204552,
    1.269338405373));
#11252 = CARTESIAN_POINT('',(11.422045958329,-2.173032835133,
    1.269338405373));
#11253 = CARTESIAN_POINT('',(11.36237636885,-2.317087967313,
    1.269338405373));
#11254 = CARTESIAN_POINT('',(11.302890482425,-2.460699601092,
    1.269338405373));
#11255 = CARTESIAN_POINT('',(11.243588299052,-2.603867736468,
    1.269338405373));
#11256 = CARTESIAN_POINT('',(11.184469818732,-2.746592373443,
    1.269338405373));
#11257 = CARTESIAN_POINT('',(11.125535041465,-2.888873512017,
    1.269338405373));
#11258 = CARTESIAN_POINT('',(9.687889358043,-6.359657218821,
    1.269338405373));
#11259 = CARTESIAN_POINT('',(6.634887964771,-9.05514571701,
    1.269338398976));
#11260 = CARTESIAN_POINT('',(2.227658189283,-10.1224557905,
    1.269338489796));
#11261 = CARTESIAN_POINT('',(-2.496508910968,-8.733741237239,
    1.269338125503));
#11262 = CARTESIAN_POINT('',(-6.016722913412,-5.267650204176,
    1.269338929927));
#11263 = CARTESIAN_POINT('',(-7.778557237297,2.631228568362E-11,
    1.269337766527));
#11264 = CARTESIAN_POINT('',(-6.016722913411,5.267650204129,
    1.269338929927));
#11265 = CARTESIAN_POINT('',(-2.49650891097,8.733741237272,
    1.269338125504));
#11266 = CARTESIAN_POINT('',(2.227658189285,10.122455790489,
    1.269338489796));
#11267 = CARTESIAN_POINT('',(6.634887964771,9.055145717016,
    1.269338398976));
#11268 = CARTESIAN_POINT('',(9.687889358043,6.35965721882,1.269338405373
    ));
#11269 = CARTESIAN_POINT('',(11.125535041465,2.888873512017,
    1.269338405373));
#11270 = CARTESIAN_POINT('',(11.184469818732,2.746592373444,
    1.269338405373));
#11271 = CARTESIAN_POINT('',(11.243588299052,2.603867736468,
    1.269338405373));
#11272 = CARTESIAN_POINT('',(11.302890482425,2.460699601092,
    1.269338405373));
#11273 = CARTESIAN_POINT('',(11.36237636885,2.317087967313,
    1.269338405373));
#11274 = CARTESIAN_POINT('',(11.422045958329,2.173032835134,
    1.269338405373));
#11275 = CARTESIAN_POINT('',(11.48189925086,2.028534204552,
    1.269338405373));
#11276 = CARTESIAN_POINT('',(11.541936246444,1.883592075569,
    1.269338405373));
#11277 = CARTESIAN_POINT('',(11.60215694508,1.738206448185,
    1.269338405373));
#11278 = CARTESIAN_POINT('',(11.66256134677,1.592377322399,
    1.269338405373));
#11279 = CARTESIAN_POINT('',(11.723149451512,1.446104698211,
    1.269338405373));
#11280 = CARTESIAN_POINT('',(11.783921259308,1.299388575622,
    1.269338405373));
#11281 = ADVANCED_FACE('',(#11282),#11334,.T.);
#11282 = FACE_BOUND('',#11283,.T.);
#11283 = EDGE_LOOP('',(#11284,#11285,#11286,#11305,#11315));
#11284 = ORIENTED_EDGE('',*,*,#11086,.F.);
#11285 = ORIENTED_EDGE('',*,*,#11164,.T.);
#11286 = ORIENTED_EDGE('',*,*,#11287,.T.);
#11287 = EDGE_CURVE('',#11125,#11288,#11290,.T.);
#11288 = VERTEX_POINT('',#11289);
#11289 = CARTESIAN_POINT('',(11.665679526558,0.25,1.269338405373));
#11290 = B_SPLINE_CURVE_WITH_KNOTS('',5,(#11291,#11292,#11293,#11294,
    #11295,#11296,#11297,#11298,#11299,#11300,#11301,#11302,#11303,
    #11304),.UNSPECIFIED.,.F.,.F.,(6,4,4,6),(-0.38212309917,
    -4.28165546416E-07,6.283185735344,6.665307816687),.UNSPECIFIED.);
#11291 = CARTESIAN_POINT('',(10.92055195284,3.383746464902,
    1.269338405373));
#11292 = CARTESIAN_POINT('',(10.950092181957,3.312430043078,
    1.269338405373));
#11293 = CARTESIAN_POINT('',(10.979485498038,3.241468300698,
    1.269338405373));
#11294 = CARTESIAN_POINT('',(11.008731901084,3.17086123776,
    1.269338405373));
#11295 = CARTESIAN_POINT('',(11.037831391094,3.100608854265,
    1.269338405373));
#11296 = CARTESIAN_POINT('',(11.542846878889,1.881393613491,
    1.269338405373));
#11297 = CARTESIAN_POINT('',(11.793298869276,0.638611325814,
    1.269338405373));
#11298 = CARTESIAN_POINT('',(11.793300574775,-0.638607268283,
    1.269338405373));
#11299 = CARTESIAN_POINT('',(11.542847775584,-1.881391448677,
    1.269338405373));
#11300 = CARTESIAN_POINT('',(11.037831381238,-3.100608878061,
    1.269338405373));
#11301 = CARTESIAN_POINT('',(11.008731886299,-3.170861273454,
    1.269338405373));
#11302 = CARTESIAN_POINT('',(10.979485483253,-3.241468336392,
    1.269338405373));
#11303 = CARTESIAN_POINT('',(10.9500921721,-3.312430066875,
    1.269338405373));
#11304 = CARTESIAN_POINT('',(10.92055195284,-3.383746464902,
    1.269338405373));
#11305 = ORIENTED_EDGE('',*,*,#11306,.T.);
#11306 = EDGE_CURVE('',#11288,#11307,#11309,.T.);
#11307 = VERTEX_POINT('',#11308);
#11308 = CARTESIAN_POINT('',(11.682989282198,0.25,1.249));
#11309 = B_SPLINE_CURVE_WITH_KNOTS('',4,(#11310,#11311,#11312,#11313,
    #11314),.UNSPECIFIED.,.F.,.F.,(5,5),(0.,1.),
  .PIECEWISE_BEZIER_KNOTS.);
#11310 = CARTESIAN_POINT('',(11.665679526558,0.25,1.269338405373));
#11311 = CARTESIAN_POINT('',(11.670196630658,0.25,1.264486180067));
#11312 = CARTESIAN_POINT('',(11.674595098571,0.25,1.259474792963));
#11313 = CARTESIAN_POINT('',(11.678863021867,0.25,1.2543100202));
#11314 = CARTESIAN_POINT('',(11.682989282198,0.25,1.249));
#11315 = ORIENTED_EDGE('',*,*,#11316,.T.);
#11316 = EDGE_CURVE('',#11307,#11027,#11317,.T.);
#11317 = B_SPLINE_CURVE_WITH_KNOTS('',8,(#11318,#11319,#11320,#11321,
    #11322,#11323,#11324,#11325,#11326,#11327,#11328,#11329,#11330,
    #11331,#11332,#11333),.UNSPECIFIED.,.F.,.F.,(9,7,9),(0.,
    0.551889758043,1.),.UNSPECIFIED.);
#11318 = CARTESIAN_POINT('',(11.682989282198,0.25,1.249));
#11319 = CARTESIAN_POINT('',(11.691585454633,0.2500000003,1.237937719542
    ));
#11320 = CARTESIAN_POINT('',(11.699633151651,0.249438352012,
    1.226385559551));
#11321 = CARTESIAN_POINT('',(11.707087965929,0.24822786257,
    1.214391985023));
#11322 = CARTESIAN_POINT('',(11.71391033559,0.246283121145,
    1.202014600454));
#11323 = CARTESIAN_POINT('',(11.720068313823,0.243520399637,
    1.189318750049));
#11324 = CARTESIAN_POINT('',(11.725539357515,0.23985867117,
    1.176375964103));
#11325 = CARTESIAN_POINT('',(11.73031141547,0.235216058363,
    1.163261809852));
#11326 = CARTESIAN_POINT('',(11.737690029195,0.22485160675,
    1.139327492256));
#11327 = CARTESIAN_POINT('',(11.740533739273,0.219498619679,
    1.128543930831));
#11328 = CARTESIAN_POINT('',(11.742915928165,0.213385317479,
    1.11773956153));
#11329 = CARTESIAN_POINT('',(11.744840566927,0.206451277019,
    1.106956092321));
#11330 = CARTESIAN_POINT('',(11.746315809703,0.198632900884,
    1.096238889117));
#11331 = CARTESIAN_POINT('',(11.747355538862,0.189836091441,
    1.085636613323));
#11332 = CARTESIAN_POINT('',(11.74797997124,0.179953682232,
    1.075199155219));
#11333 = CARTESIAN_POINT('',(11.748216494738,0.168741837757,
    1.064979142851));
#11334 = ( BOUNDED_SURFACE() B_SPLINE_SURFACE(2,5,(
    (#11335,#11336,#11337,#11338,#11339,#11340,#11341,#11342,#11343
      ,#11344,#11345,#11346,#11347,#11348)
    ,(#11349,#11350,#11351,#11352,#11353,#11354,#11355,#11356,#11357
      ,#11358,#11359,#11360,#11361,#11362)
    ,(#11363,#11364,#11365,#11366,#11367,#11368,#11369,#11370,#11371
      ,#11372,#11373,#11374,#11375,#11376
)),.UNSPECIFIED.,.F.,.F.,.F.) B_SPLINE_SURFACE_WITH_KNOTS((3,3),(6,4,4,6
    ),(0.,6.283186163509),(-0.38212309917,-4.28165546416E-07,
    6.283185735344,6.665307816687),.UNSPECIFIED.) 
GEOMETRIC_REPRESENTATION_ITEM() RATIONAL_B_SPLINE_SURFACE((
    (1.,1.,1.,1.,1.,1.,1.,1.,1.,1.,1.,1.,1.,1.)
    ,(0.93061798229,0.93061798229,0.93061798229,0.93061798229
      ,0.93061798229,0.93061798229,0.93061798229,0.93061798229
      ,0.93061798229,0.93061798229,0.93061798229,0.93061798229
      ,0.93061798229,0.93061798229)
,(1.,1.,1.,1.,1.,1.,1.,1.,1.,1.,1.,1.,1.,1.
))) REPRESENTATION_ITEM('') SURFACE() );
#11335 = CARTESIAN_POINT('',(10.994804243843,3.414502775528,
    1.064979142851));
#11336 = CARTESIAN_POINT('',(11.024050655788,3.343895691214,
    1.064979142851));
#11337 = CARTESIAN_POINT('',(11.053297063302,3.273288617596,
    1.064979142851));
#11338 = CARTESIAN_POINT('',(11.082543466386,3.202681554674,
    1.064979142851));
#11339 = CARTESIAN_POINT('',(11.11178986504,3.132074502448,
    1.064979142851));
#11340 = CARTESIAN_POINT('',(11.621930363327,1.900486393708,
    1.064979142851));
#11341 = CARTESIAN_POINT('',(11.874923987305,0.645092022978,
    1.064979142851));
#11342 = CARTESIAN_POINT('',(11.874925732041,-0.645087857169,
    1.064979142851));
#11343 = CARTESIAN_POINT('',(11.621931251104,-1.900484250426,
    1.064979142851));
#11344 = CARTESIAN_POINT('',(11.111789856179,-3.13207452384,
    1.064979142851));
#11345 = CARTESIAN_POINT('',(11.082543453095,-3.202681586762,
    1.064979142851));
#11346 = CARTESIAN_POINT('',(11.053297050011,-3.273288649684,
    1.064979142851));
#11347 = CARTESIAN_POINT('',(11.024050646927,-3.343895712606,
    1.064979142851));
#11348 = CARTESIAN_POINT('',(10.994804243843,-3.414502775528,
    1.064979142851));
#11349 = CARTESIAN_POINT('',(10.994804243843,3.414502775528,
    1.182962690499));
#11350 = CARTESIAN_POINT('',(11.024050655788,3.343895691214,
    1.182962690499));
#11351 = CARTESIAN_POINT('',(11.053297063302,3.273288617596,
    1.182962690499));
#11352 = CARTESIAN_POINT('',(11.082543466386,3.202681554674,
    1.182962690499));
#11353 = CARTESIAN_POINT('',(11.11178986504,3.132074502448,
    1.182962690499));
#11354 = CARTESIAN_POINT('',(11.621930363327,1.900486393708,
    1.182962690499));
#11355 = CARTESIAN_POINT('',(11.874923987305,0.645092022978,
    1.182962690499));
#11356 = CARTESIAN_POINT('',(11.874925732041,-0.645087857169,
    1.182962690499));
#11357 = CARTESIAN_POINT('',(11.621931251104,-1.900484250426,
    1.182962690499));
#11358 = CARTESIAN_POINT('',(11.111789856179,-3.13207452384,
    1.182962690499));
#11359 = CARTESIAN_POINT('',(11.082543453095,-3.202681586762,
    1.182962690499));
#11360 = CARTESIAN_POINT('',(11.053297050011,-3.273288649684,
    1.182962690499));
#11361 = CARTESIAN_POINT('',(11.024050646927,-3.343895712606,
    1.182962690499));
#11362 = CARTESIAN_POINT('',(10.994804243843,-3.414502775528,
    1.182962690499));
#11363 = CARTESIAN_POINT('',(10.92055195284,3.383746464902,
    1.269338405373));
#11364 = CARTESIAN_POINT('',(10.950092181957,3.312430043078,
    1.269338405373));
#11365 = CARTESIAN_POINT('',(10.979485498038,3.241468300698,
    1.269338405373));
#11366 = CARTESIAN_POINT('',(11.008731901084,3.17086123776,
    1.269338405373));
#11367 = CARTESIAN_POINT('',(11.037831391094,3.100608854265,
    1.269338405373));
#11368 = CARTESIAN_POINT('',(11.542846878889,1.881393613491,
    1.269338405373));
#11369 = CARTESIAN_POINT('',(11.793298869276,0.638611325814,
    1.269338405373));
#11370 = CARTESIAN_POINT('',(11.793300574775,-0.638607268283,
    1.269338405373));
#11371 = CARTESIAN_POINT('',(11.542847775584,-1.881391448677,
    1.269338405373));
#11372 = CARTESIAN_POINT('',(11.037831381238,-3.100608878061,
    1.269338405373));
#11373 = CARTESIAN_POINT('',(11.008731886299,-3.170861273454,
    1.269338405373));
#11374 = CARTESIAN_POINT('',(10.979485483253,-3.241468336392,
    1.269338405373));
#11375 = CARTESIAN_POINT('',(10.9500921721,-3.312430066875,
    1.269338405373));
#11376 = CARTESIAN_POINT('',(10.92055195284,-3.383746464902,
    1.269338405373));
#11377 = ADVANCED_FACE('',(#11378),#11400,.T.);
#11378 = FACE_BOUND('',#11379,.T.);
#11379 = EDGE_LOOP('',(#11380,#11381,#11382,#11383));
#11380 = ORIENTED_EDGE('',*,*,#11054,.F.);
#11381 = ORIENTED_EDGE('',*,*,#11045,.T.);
#11382 = ORIENTED_EDGE('',*,*,#11026,.F.);
#11383 = ORIENTED_EDGE('',*,*,#11384,.T.);
#11384 = EDGE_CURVE('',#11027,#11055,#11385,.T.);
#11385 = B_SPLINE_CURVE_WITH_KNOTS('',5,(#11386,#11387,#11388,#11389,
    #11390,#11391,#11392,#11393,#11394,#11395,#11396,#11397,#11398,
    #11399),.UNSPECIFIED.,.F.,.F.,(6,4,4,6),(-0.38212309917,
    -4.28165546416E-07,6.283185735344,6.665307816687),.UNSPECIFIED.);
#11386 = CARTESIAN_POINT('',(10.994804243843,3.414502775528,
    1.064979142851));
#11387 = CARTESIAN_POINT('',(11.024050655788,3.343895691214,
    1.064979142851));
#11388 = CARTESIAN_POINT('',(11.053297063302,3.273288617596,
    1.064979142851));
#11389 = CARTESIAN_POINT('',(11.082543466386,3.202681554674,
    1.064979142851));
#11390 = CARTESIAN_POINT('',(11.11178986504,3.132074502448,
    1.064979142851));
#11391 = CARTESIAN_POINT('',(11.621930363327,1.900486393708,
    1.064979142851));
#11392 = CARTESIAN_POINT('',(11.874923987305,0.645092022978,
    1.064979142851));
#11393 = CARTESIAN_POINT('',(11.874925732041,-0.645087857169,
    1.064979142851));
#11394 = CARTESIAN_POINT('',(11.621931251104,-1.900484250426,
    1.064979142851));
#11395 = CARTESIAN_POINT('',(11.111789856179,-3.13207452384,
    1.064979142851));
#11396 = CARTESIAN_POINT('',(11.082543453095,-3.202681586762,
    1.064979142851));
#11397 = CARTESIAN_POINT('',(11.053297050011,-3.273288649684,
    1.064979142851));
#11398 = CARTESIAN_POINT('',(11.024050646927,-3.343895712606,
    1.064979142851));
#11399 = CARTESIAN_POINT('',(10.994804243843,-3.414502775528,
    1.064979142851));
#11400 = CYLINDRICAL_SURFACE('',#11401,8.);
#11401 = AXIS2_PLACEMENT_3D('',#11402,#11403,#11404);
#11402 = CARTESIAN_POINT('',(3.75,0.,0.2));
#11403 = DIRECTION('',(0.,0.,1.));
#11404 = DIRECTION('',(0.923879532511,0.382683432365,-0.));
#11405 = ADVANCED_FACE('',(#11406),#11458,.T.);
#11406 = FACE_BOUND('',#11407,.T.);
#11407 = EDGE_LOOP('',(#11408,#11409,#11430,#11440,#11457));
#11408 = ORIENTED_EDGE('',*,*,#11066,.F.);
#11409 = ORIENTED_EDGE('',*,*,#11410,.F.);
#11410 = EDGE_CURVE('',#11411,#11055,#11413,.T.);
#11411 = VERTEX_POINT('',#11412);
#11412 = CARTESIAN_POINT('',(11.682989333155,-0.25,1.249));
#11413 = B_SPLINE_CURVE_WITH_KNOTS('',8,(#11414,#11415,#11416,#11417,
    #11418,#11419,#11420,#11421,#11422,#11423,#11424,#11425,#11426,
    #11427,#11428,#11429),.UNSPECIFIED.,.F.,.F.,(9,7,9),(0.,
    0.551903471626,1.),.UNSPECIFIED.);
#11414 = CARTESIAN_POINT('',(11.682989333155,-0.25,1.249));
#11415 = CARTESIAN_POINT('',(11.69158571907,-0.250000000305,
    1.237937444685));
#11416 = CARTESIAN_POINT('',(11.699633601322,-0.249438324137,
    1.226384986632));
#11417 = CARTESIAN_POINT('',(11.707088572052,-0.248227772374,
    1.2143910909));
#11418 = CARTESIAN_POINT('',(11.713911063331,-0.246282927959,
    1.20201337062));
#11419 = CARTESIAN_POINT('',(11.720069127279,-0.243520056575,
    1.189317173996));
#11420 = CARTESIAN_POINT('',(11.725540221441,-0.239858125447,
    1.176374034976));
#11421 = CARTESIAN_POINT('',(11.730312292594,-0.235215251121,
    1.163259529643));
#11422 = CARTESIAN_POINT('',(11.737690683566,-0.224850460248,
    1.139325182559));
#11423 = CARTESIAN_POINT('',(11.740534220802,-0.219497497239,
    1.128541947209));
#11424 = CARTESIAN_POINT('',(11.742916265518,-0.213384256772,
    1.117737911874));
#11425 = CARTESIAN_POINT('',(11.744840788992,-0.206450320164,
    1.106954780887));
#11426 = CARTESIAN_POINT('',(11.746315945118,-0.198632093654,
    1.096237916147));
#11427 = CARTESIAN_POINT('',(11.747355615322,-0.189835486791,
    1.085635974689));
#11428 = CARTESIAN_POINT('',(11.747980014754,-0.179953339091,
    1.075198842434));
#11429 = CARTESIAN_POINT('',(11.748216528778,-0.168741837757,
    1.064979142851));
#11430 = ORIENTED_EDGE('',*,*,#11431,.F.);
#11431 = EDGE_CURVE('',#11432,#11411,#11434,.T.);
#11432 = VERTEX_POINT('',#11433);
#11433 = CARTESIAN_POINT('',(11.665679577756,-0.25,1.269338405373));
#11434 = B_SPLINE_CURVE_WITH_KNOTS('',4,(#11435,#11436,#11437,#11438,
    #11439),.UNSPECIFIED.,.F.,.F.,(5,5),(0.,1.),
  .PIECEWISE_BEZIER_KNOTS.);
#11435 = CARTESIAN_POINT('',(11.665679577756,-0.25,1.269338405373));
#11436 = CARTESIAN_POINT('',(11.670196681793,-0.25,1.264486180067));
#11437 = CARTESIAN_POINT('',(11.674595149644,-0.25,1.259474792963));
#11438 = CARTESIAN_POINT('',(11.678863072881,-0.25,1.2543100202));
#11439 = CARTESIAN_POINT('',(11.682989333155,-0.25,1.249));
#11440 = ORIENTED_EDGE('',*,*,#11441,.T.);
#11441 = EDGE_CURVE('',#11432,#11112,#11442,.T.);
#11442 = B_SPLINE_CURVE_WITH_KNOTS('',5,(#11443,#11444,#11445,#11446,
    #11447,#11448,#11449,#11450,#11451,#11452,#11453,#11454,#11455,
    #11456),.UNSPECIFIED.,.F.,.F.,(6,4,4,6),(-0.38212309917,
    -4.28165546416E-07,6.283185735344,6.665307816687),.UNSPECIFIED.);
#11443 = CARTESIAN_POINT('',(10.92055195284,3.383746464902,
    1.269338405373));
#11444 = CARTESIAN_POINT('',(10.950092181957,3.312430043078,
    1.269338405373));
#11445 = CARTESIAN_POINT('',(10.979485498038,3.241468300698,
    1.269338405373));
#11446 = CARTESIAN_POINT('',(11.008731901084,3.17086123776,
    1.269338405373));
#11447 = CARTESIAN_POINT('',(11.037831391094,3.100608854265,
    1.269338405373));
#11448 = CARTESIAN_POINT('',(11.542846878889,1.881393613491,
    1.269338405373));
#11449 = CARTESIAN_POINT('',(11.793298869276,0.638611325814,
    1.269338405373));
#11450 = CARTESIAN_POINT('',(11.793300574775,-0.638607268283,
    1.269338405373));
#11451 = CARTESIAN_POINT('',(11.542847775584,-1.881391448677,
    1.269338405373));
#11452 = CARTESIAN_POINT('',(11.037831381238,-3.100608878061,
    1.269338405373));
#11453 = CARTESIAN_POINT('',(11.008731886299,-3.170861273454,
    1.269338405373));
#11454 = CARTESIAN_POINT('',(10.979485483253,-3.241468336392,
    1.269338405373));
#11455 = CARTESIAN_POINT('',(10.9500921721,-3.312430066875,
    1.269338405373));
#11456 = CARTESIAN_POINT('',(10.92055195284,-3.383746464902,
    1.269338405373));
#11457 = ORIENTED_EDGE('',*,*,#11111,.F.);
#11458 = ( BOUNDED_SURFACE() B_SPLINE_SURFACE(2,5,(
    (#11459,#11460,#11461,#11462,#11463,#11464,#11465,#11466,#11467
      ,#11468,#11469,#11470,#11471,#11472)
    ,(#11473,#11474,#11475,#11476,#11477,#11478,#11479,#11480,#11481
      ,#11482,#11483,#11484,#11485,#11486)
    ,(#11487,#11488,#11489,#11490,#11491,#11492,#11493,#11494,#11495
      ,#11496,#11497,#11498,#11499,#11500
)),.UNSPECIFIED.,.F.,.F.,.F.) B_SPLINE_SURFACE_WITH_KNOTS((3,3),(6,4,4,6
    ),(0.,6.283186163509),(-0.38212309917,-4.28165546416E-07,
    6.283185735344,6.665307816687),.UNSPECIFIED.) 
GEOMETRIC_REPRESENTATION_ITEM() RATIONAL_B_SPLINE_SURFACE((
    (1.,1.,1.,1.,1.,1.,1.,1.,1.,1.,1.,1.,1.,1.)
    ,(0.93061798229,0.93061798229,0.93061798229,0.93061798229
      ,0.93061798229,0.93061798229,0.93061798229,0.93061798229
      ,0.93061798229,0.93061798229,0.93061798229,0.93061798229
      ,0.93061798229,0.93061798229)
,(1.,1.,1.,1.,1.,1.,1.,1.,1.,1.,1.,1.,1.,1.
))) REPRESENTATION_ITEM('') SURFACE() );
#11459 = CARTESIAN_POINT('',(10.994804243843,3.414502775528,
    1.064979142851));
#11460 = CARTESIAN_POINT('',(11.024050655788,3.343895691214,
    1.064979142851));
#11461 = CARTESIAN_POINT('',(11.053297063302,3.273288617596,
    1.064979142851));
#11462 = CARTESIAN_POINT('',(11.082543466386,3.202681554674,
    1.064979142851));
#11463 = CARTESIAN_POINT('',(11.11178986504,3.132074502448,
    1.064979142851));
#11464 = CARTESIAN_POINT('',(11.621930363327,1.900486393708,
    1.064979142851));
#11465 = CARTESIAN_POINT('',(11.874923987305,0.645092022978,
    1.064979142851));
#11466 = CARTESIAN_POINT('',(11.874925732041,-0.645087857169,
    1.064979142851));
#11467 = CARTESIAN_POINT('',(11.621931251104,-1.900484250426,
    1.064979142851));
#11468 = CARTESIAN_POINT('',(11.111789856179,-3.13207452384,
    1.064979142851));
#11469 = CARTESIAN_POINT('',(11.082543453095,-3.202681586762,
    1.064979142851));
#11470 = CARTESIAN_POINT('',(11.053297050011,-3.273288649684,
    1.064979142851));
#11471 = CARTESIAN_POINT('',(11.024050646927,-3.343895712606,
    1.064979142851));
#11472 = CARTESIAN_POINT('',(10.994804243843,-3.414502775528,
    1.064979142851));
#11473 = CARTESIAN_POINT('',(10.994804243843,3.414502775528,
    1.182962690499));
#11474 = CARTESIAN_POINT('',(11.024050655788,3.343895691214,
    1.182962690499));
#11475 = CARTESIAN_POINT('',(11.053297063302,3.273288617596,
    1.182962690499));
#11476 = CARTESIAN_POINT('',(11.082543466386,3.202681554674,
    1.182962690499));
#11477 = CARTESIAN_POINT('',(11.11178986504,3.132074502448,
    1.182962690499));
#11478 = CARTESIAN_POINT('',(11.621930363327,1.900486393708,
    1.182962690499));
#11479 = CARTESIAN_POINT('',(11.874923987305,0.645092022978,
    1.182962690499));
#11480 = CARTESIAN_POINT('',(11.874925732041,-0.645087857169,
    1.182962690499));
#11481 = CARTESIAN_POINT('',(11.621931251104,-1.900484250426,
    1.182962690499));
#11482 = CARTESIAN_POINT('',(11.111789856179,-3.13207452384,
    1.182962690499));
#11483 = CARTESIAN_POINT('',(11.082543453095,-3.202681586762,
    1.182962690499));
#11484 = CARTESIAN_POINT('',(11.053297050011,-3.273288649684,
    1.182962690499));
#11485 = CARTESIAN_POINT('',(11.024050646927,-3.343895712606,
    1.182962690499));
#11486 = CARTESIAN_POINT('',(10.994804243843,-3.414502775528,
    1.182962690499));
#11487 = CARTESIAN_POINT('',(10.92055195284,3.383746464902,
    1.269338405373));
#11488 = CARTESIAN_POINT('',(10.950092181957,3.312430043078,
    1.269338405373));
#11489 = CARTESIAN_POINT('',(10.979485498038,3.241468300698,
    1.269338405373));
#11490 = CARTESIAN_POINT('',(11.008731901084,3.17086123776,
    1.269338405373));
#11491 = CARTESIAN_POINT('',(11.037831391094,3.100608854265,
    1.269338405373));
#11492 = CARTESIAN_POINT('',(11.542846878889,1.881393613491,
    1.269338405373));
#11493 = CARTESIAN_POINT('',(11.793298869276,0.638611325814,
    1.269338405373));
#11494 = CARTESIAN_POINT('',(11.793300574775,-0.638607268283,
    1.269338405373));
#11495 = CARTESIAN_POINT('',(11.542847775584,-1.881391448677,
    1.269338405373));
#11496 = CARTESIAN_POINT('',(11.037831381238,-3.100608878061,
    1.269338405373));
#11497 = CARTESIAN_POINT('',(11.008731886299,-3.170861273454,
    1.269338405373));
#11498 = CARTESIAN_POINT('',(10.979485483253,-3.241468336392,
    1.269338405373));
#11499 = CARTESIAN_POINT('',(10.9500921721,-3.312430066875,
    1.269338405373));
#11500 = CARTESIAN_POINT('',(10.92055195284,-3.383746464902,
    1.269338405373));
#11501 = ADVANCED_FACE('',(#11502),#11561,.F.);
#11502 = FACE_BOUND('',#11503,.F.);
#11503 = EDGE_LOOP('',(#11504,#11513,#11514,#11523));
#11504 = ORIENTED_EDGE('',*,*,#11505,.F.);
#11505 = EDGE_CURVE('',#11112,#11506,#11508,.T.);
#11506 = VERTEX_POINT('',#11507);
#11507 = CARTESIAN_POINT('',(11.066783967251,-3.030711152189,
    1.930661594627));
#11508 = CIRCLE('',#11509,0.485412195974);
#11509 = AXIS2_PLACEMENT_3D('',#11510,#11511,#11512);
#11510 = CARTESIAN_POINT('',(11.395103131531,-3.166705402821,1.6));
#11511 = DIRECTION('',(0.382683432365,0.923879532511,2.775557561563E-17)
  );
#11512 = DIRECTION('',(-0.523404384043,0.216801194476,-0.824041924199));
#11513 = ORIENTED_EDGE('',*,*,#11124,.T.);
#11514 = ORIENTED_EDGE('',*,*,#11515,.T.);
#11515 = EDGE_CURVE('',#11125,#11516,#11518,.T.);
#11516 = VERTEX_POINT('',#11517);
#11517 = CARTESIAN_POINT('',(11.066783967251,3.030711152189,
    1.930661594627));
#11518 = CIRCLE('',#11519,0.485412195974);
#11519 = AXIS2_PLACEMENT_3D('',#11520,#11521,#11522);
#11520 = CARTESIAN_POINT('',(11.395103131531,3.166705402821,1.6));
#11521 = DIRECTION('',(-0.382683432365,0.923879532511,
    -2.775557561563E-17));
#11522 = DIRECTION('',(-0.523404384043,-0.216801194476,-0.824041924199)
  );
#11523 = ORIENTED_EDGE('',*,*,#11524,.F.);
#11524 = EDGE_CURVE('',#11506,#11516,#11525,.T.);
#11525 = B_SPLINE_CURVE_WITH_KNOTS('',12,(#11526,#11527,#11528,#11529,
    #11530,#11531,#11532,#11533,#11534,#11535,#11536,#11537,#11538,
    #11539,#11540,#11541,#11542,#11543,#11544,#11545,#11546,#11547,
    #11548,#11549,#11550,#11551,#11552,#11553,#11554,#11555,#11556,
    #11557,#11558,#11559,#11560),.UNSPECIFIED.,.F.,.F.,(13,11,11,13),(
    -1.873970053066,-1.058222959368E-15,43.982297150256,45.856267203322)
  ,.UNSPECIFIED.);
#11526 = CARTESIAN_POINT('',(11.783921259308,-1.299388575622,
    1.930661594627));
#11527 = CARTESIAN_POINT('',(11.723149451513,-1.446104698211,
    1.930661594627));
#11528 = CARTESIAN_POINT('',(11.66256134677,-1.592377322399,
    1.930661594627));
#11529 = CARTESIAN_POINT('',(11.602156945081,-1.738206448185,
    1.930661594627));
#11530 = CARTESIAN_POINT('',(11.541936246444,-1.883592075569,
    1.930661594627));
#11531 = CARTESIAN_POINT('',(11.48189925086,-2.028534204552,
    1.930661594627));
#11532 = CARTESIAN_POINT('',(11.422045958329,-2.173032835134,
    1.930661594627));
#11533 = CARTESIAN_POINT('',(11.36237636885,-2.317087967313,
    1.930661594627));
#11534 = CARTESIAN_POINT('',(11.302890482425,-2.460699601092,
    1.930661594627));
#11535 = CARTESIAN_POINT('',(11.243588299052,-2.603867736468,
    1.930661594627));
#11536 = CARTESIAN_POINT('',(11.184469818732,-2.746592373444,
    1.930661594627));
#11537 = CARTESIAN_POINT('',(11.125535041465,-2.888873512017,
    1.930661594627));
#11538 = CARTESIAN_POINT('',(9.687889358043,-6.35965721882,
    1.930661594627));
#11539 = CARTESIAN_POINT('',(6.634887964773,-9.055145717013,
    1.930661601023));
#11540 = CARTESIAN_POINT('',(2.227658189279,-10.12245579049,
    1.930661510207));
#11541 = CARTESIAN_POINT('',(-2.496508910961,-8.733741237252,
    1.930661874491));
#11542 = CARTESIAN_POINT('',(-6.016722913422,-5.267650204157,
    1.93066107008));
#11543 = CARTESIAN_POINT('',(-7.778557237288,5.393907542839E-12,
    1.930662233465));
#11544 = CARTESIAN_POINT('',(-6.016722913418,5.267650204147,
    1.93066107008));
#11545 = CARTESIAN_POINT('',(-2.496508910966,8.733741237259,
    1.930661874492));
#11546 = CARTESIAN_POINT('',(2.227658189282,10.122455790496,
    1.930661510206));
#11547 = CARTESIAN_POINT('',(6.634887964772,9.055145717014,
    1.930661601024));
#11548 = CARTESIAN_POINT('',(9.687889358043,6.35965721882,1.930661594627
    ));
#11549 = CARTESIAN_POINT('',(11.125535041465,2.888873512017,
    1.930661594627));
#11550 = CARTESIAN_POINT('',(11.184469818732,2.746592373444,
    1.930661594627));
#11551 = CARTESIAN_POINT('',(11.243588299052,2.603867736468,
    1.930661594627));
#11552 = CARTESIAN_POINT('',(11.302890482425,2.460699601092,
    1.930661594627));
#11553 = CARTESIAN_POINT('',(11.36237636885,2.317087967313,
    1.930661594627));
#11554 = CARTESIAN_POINT('',(11.422045958329,2.173032835134,
    1.930661594627));
#11555 = CARTESIAN_POINT('',(11.48189925086,2.028534204552,
    1.930661594627));
#11556 = CARTESIAN_POINT('',(11.541936246444,1.883592075569,
    1.930661594627));
#11557 = CARTESIAN_POINT('',(11.60215694508,1.738206448185,
    1.930661594627));
#11558 = CARTESIAN_POINT('',(11.66256134677,1.592377322399,
    1.930661594627));
#11559 = CARTESIAN_POINT('',(11.723149451512,1.446104698211,
    1.930661594627));
#11560 = CARTESIAN_POINT('',(11.783921259308,1.299388575622,
    1.930661594627));
#11561 = SURFACE_OF_REVOLUTION('',#11562,#11567);
#11562 = CIRCLE('',#11563,0.485412195974);
#11563 = AXIS2_PLACEMENT_3D('',#11564,#11565,#11566);
#11564 = CARTESIAN_POINT('',(11.395103131531,-3.166705402821,1.6));
#11565 = DIRECTION('',(0.382683432365,0.923879532511,0.));
#11566 = DIRECTION('',(-0.523404384043,0.216801194476,-0.824041924199));
#11567 = AXIS1_PLACEMENT('',#11568,#11569);
#11568 = CARTESIAN_POINT('',(3.75,0.,0.));
#11569 = DIRECTION('',(0.,0.,-1.));
#11570 = ADVANCED_FACE('',(#11571),#11595,.T.);
#11571 = FACE_BOUND('',#11572,.T.);
#11572 = EDGE_LOOP('',(#11573,#11574,#11575,#11576,#11593,#11594));
#11573 = ORIENTED_EDGE('',*,*,#11384,.F.);
#11574 = ORIENTED_EDGE('',*,*,#11316,.F.);
#11575 = ORIENTED_EDGE('',*,*,#11306,.F.);
#11576 = ORIENTED_EDGE('',*,*,#11577,.T.);
#11577 = EDGE_CURVE('',#11288,#11432,#11578,.T.);
#11578 = B_SPLINE_CURVE_WITH_KNOTS('',5,(#11579,#11580,#11581,#11582,
    #11583,#11584,#11585,#11586,#11587,#11588,#11589,#11590,#11591,
    #11592),.UNSPECIFIED.,.F.,.F.,(6,4,4,6),(-0.38212309917,
    -4.28165546416E-07,6.283185735344,6.665307816687),.UNSPECIFIED.);
#11579 = CARTESIAN_POINT('',(10.92055195284,3.383746464902,
    1.269338405373));
#11580 = CARTESIAN_POINT('',(10.950092181957,3.312430043078,
    1.269338405373));
#11581 = CARTESIAN_POINT('',(10.979485498038,3.241468300698,
    1.269338405373));
#11582 = CARTESIAN_POINT('',(11.008731901084,3.17086123776,
    1.269338405373));
#11583 = CARTESIAN_POINT('',(11.037831391094,3.100608854265,
    1.269338405373));
#11584 = CARTESIAN_POINT('',(11.542846878889,1.881393613491,
    1.269338405373));
#11585 = CARTESIAN_POINT('',(11.793298869276,0.638611325814,
    1.269338405373));
#11586 = CARTESIAN_POINT('',(11.793300574775,-0.638607268283,
    1.269338405373));
#11587 = CARTESIAN_POINT('',(11.542847775584,-1.881391448677,
    1.269338405373));
#11588 = CARTESIAN_POINT('',(11.037831381238,-3.100608878061,
    1.269338405373));
#11589 = CARTESIAN_POINT('',(11.008731886299,-3.170861273454,
    1.269338405373));
#11590 = CARTESIAN_POINT('',(10.979485483253,-3.241468336392,
    1.269338405373));
#11591 = CARTESIAN_POINT('',(10.9500921721,-3.312430066875,
    1.269338405373));
#11592 = CARTESIAN_POINT('',(10.92055195284,-3.383746464902,
    1.269338405373));
#11593 = ORIENTED_EDGE('',*,*,#11431,.T.);
#11594 = ORIENTED_EDGE('',*,*,#11410,.T.);
#11595 = ( BOUNDED_SURFACE() B_SPLINE_SURFACE(2,5,(
    (#11596,#11597,#11598,#11599,#11600,#11601,#11602,#11603,#11604
      ,#11605,#11606,#11607,#11608,#11609)
    ,(#11610,#11611,#11612,#11613,#11614,#11615,#11616,#11617,#11618
      ,#11619,#11620,#11621,#11622,#11623)
    ,(#11624,#11625,#11626,#11627,#11628,#11629,#11630,#11631,#11632
      ,#11633,#11634,#11635,#11636,#11637
)),.UNSPECIFIED.,.F.,.F.,.F.) B_SPLINE_SURFACE_WITH_KNOTS((3,3),(6,4,4,6
    ),(0.,6.283186163509),(-0.38212309917,-4.28165546416E-07,
    6.283185735344,6.665307816687),.UNSPECIFIED.) 
GEOMETRIC_REPRESENTATION_ITEM() RATIONAL_B_SPLINE_SURFACE((
    (1.,1.,1.,1.,1.,1.,1.,1.,1.,1.,1.,1.,1.,1.)
    ,(0.93061798229,0.93061798229,0.93061798229,0.93061798229
      ,0.93061798229,0.93061798229,0.93061798229,0.93061798229
      ,0.93061798229,0.93061798229,0.93061798229,0.93061798229
      ,0.93061798229,0.93061798229)
,(1.,1.,1.,1.,1.,1.,1.,1.,1.,1.,1.,1.,1.,1.
))) REPRESENTATION_ITEM('') SURFACE() );
#11596 = CARTESIAN_POINT('',(10.994804243843,3.414502775528,
    1.064979142851));
#11597 = CARTESIAN_POINT('',(11.024050655788,3.343895691214,
    1.064979142851));
#11598 = CARTESIAN_POINT('',(11.053297063302,3.273288617596,
    1.064979142851));
#11599 = CARTESIAN_POINT('',(11.082543466386,3.202681554674,
    1.064979142851));
#11600 = CARTESIAN_POINT('',(11.11178986504,3.132074502448,
    1.064979142851));
#11601 = CARTESIAN_POINT('',(11.621930363327,1.900486393708,
    1.064979142851));
#11602 = CARTESIAN_POINT('',(11.874923987305,0.645092022978,
    1.064979142851));
#11603 = CARTESIAN_POINT('',(11.874925732041,-0.645087857169,
    1.064979142851));
#11604 = CARTESIAN_POINT('',(11.621931251104,-1.900484250426,
    1.064979142851));
#11605 = CARTESIAN_POINT('',(11.111789856179,-3.13207452384,
    1.064979142851));
#11606 = CARTESIAN_POINT('',(11.082543453095,-3.202681586762,
    1.064979142851));
#11607 = CARTESIAN_POINT('',(11.053297050011,-3.273288649684,
    1.064979142851));
#11608 = CARTESIAN_POINT('',(11.024050646927,-3.343895712606,
    1.064979142851));
#11609 = CARTESIAN_POINT('',(10.994804243843,-3.414502775528,
    1.064979142851));
#11610 = CARTESIAN_POINT('',(10.994804243843,3.414502775528,
    1.182962690499));
#11611 = CARTESIAN_POINT('',(11.024050655788,3.343895691214,
    1.182962690499));
#11612 = CARTESIAN_POINT('',(11.053297063302,3.273288617596,
    1.182962690499));
#11613 = CARTESIAN_POINT('',(11.082543466386,3.202681554674,
    1.182962690499));
#11614 = CARTESIAN_POINT('',(11.11178986504,3.132074502448,
    1.182962690499));
#11615 = CARTESIAN_POINT('',(11.621930363327,1.900486393708,
    1.182962690499));
#11616 = CARTESIAN_POINT('',(11.874923987305,0.645092022978,
    1.182962690499));
#11617 = CARTESIAN_POINT('',(11.874925732041,-0.645087857169,
    1.182962690499));
#11618 = CARTESIAN_POINT('',(11.621931251104,-1.900484250426,
    1.182962690499));
#11619 = CARTESIAN_POINT('',(11.111789856179,-3.13207452384,
    1.182962690499));
#11620 = CARTESIAN_POINT('',(11.082543453095,-3.202681586762,
    1.182962690499));
#11621 = CARTESIAN_POINT('',(11.053297050011,-3.273288649684,
    1.182962690499));
#11622 = CARTESIAN_POINT('',(11.024050646927,-3.343895712606,
    1.182962690499));
#11623 = CARTESIAN_POINT('',(10.994804243843,-3.414502775528,
    1.182962690499));
#11624 = CARTESIAN_POINT('',(10.92055195284,3.383746464902,
    1.269338405373));
#11625 = CARTESIAN_POINT('',(10.950092181957,3.312430043078,
    1.269338405373));
#11626 = CARTESIAN_POINT('',(10.979485498038,3.241468300698,
    1.269338405373));
#11627 = CARTESIAN_POINT('',(11.008731901084,3.17086123776,
    1.269338405373));
#11628 = CARTESIAN_POINT('',(11.037831391094,3.100608854265,
    1.269338405373));
#11629 = CARTESIAN_POINT('',(11.542846878889,1.881393613491,
    1.269338405373));
#11630 = CARTESIAN_POINT('',(11.793298869276,0.638611325814,
    1.269338405373));
#11631 = CARTESIAN_POINT('',(11.793300574775,-0.638607268283,
    1.269338405373));
#11632 = CARTESIAN_POINT('',(11.542847775584,-1.881391448677,
    1.269338405373));
#11633 = CARTESIAN_POINT('',(11.037831381238,-3.100608878061,
    1.269338405373));
#11634 = CARTESIAN_POINT('',(11.008731886299,-3.170861273454,
    1.269338405373));
#11635 = CARTESIAN_POINT('',(10.979485483253,-3.241468336392,
    1.269338405373));
#11636 = CARTESIAN_POINT('',(10.9500921721,-3.312430066875,
    1.269338405373));
#11637 = CARTESIAN_POINT('',(10.92055195284,-3.383746464902,
    1.269338405373));
#11638 = ADVANCED_FACE('',(#11639),#11683,.F.);
#11639 = FACE_BOUND('',#11640,.F.);
#11640 = EDGE_LOOP('',(#11641,#11642,#11643,#11666));
#11641 = ORIENTED_EDGE('',*,*,#11515,.F.);
#11642 = ORIENTED_EDGE('',*,*,#11287,.T.);
#11643 = ORIENTED_EDGE('',*,*,#11644,.T.);
#11644 = EDGE_CURVE('',#11288,#11645,#11647,.T.);
#11645 = VERTEX_POINT('',#11646);
#11646 = CARTESIAN_POINT('',(11.665679526558,0.25,1.930661594627));
#11647 = B_SPLINE_CURVE_WITH_KNOTS('',5,(#11648,#11649,#11650,#11651,
    #11652,#11653,#11654,#11655,#11656,#11657,#11658,#11659,#11660,
    #11661,#11662,#11663,#11664,#11665),.UNSPECIFIED.,.F.,.F.,(6,4,4,4,6
    ),(0.,0.250005042687,0.499000038057,0.751628861734,1.),
  .UNSPECIFIED.);
#11648 = CARTESIAN_POINT('',(11.665683220915,0.25,1.269338192151));
#11649 = CARTESIAN_POINT('',(11.640891909866,0.25,1.295968715368));
#11650 = CARTESIAN_POINT('',(11.618595613161,0.25,1.324921030875));
#11651 = CARTESIAN_POINT('',(11.599085516285,0.25,1.355882907776));
#11652 = CARTESIAN_POINT('',(11.58259191278,0.25,1.388489302899));
#11653 = CARTESIAN_POINT('',(11.556004343263,0.25,1.456059657791));
#11654 = CARTESIAN_POINT('',(11.545884477747,0.25,1.491014349792));
#11655 = CARTESIAN_POINT('',(11.539066362268,0.25,1.526814470806));
#11656 = CARTESIAN_POINT('',(11.53562988172,0.25,1.563041146858));
#11657 = CARTESIAN_POINT('',(11.535520426118,0.25,1.636032546285));
#11658 = CARTESIAN_POINT('',(11.538946888483,0.25,1.672798298708));
#11659 = CARTESIAN_POINT('',(11.54585572897,0.25,1.709129032172));
#11660 = CARTESIAN_POINT('',(11.556163600636,0.25,1.744587067627));
#11661 = CARTESIAN_POINT('',(11.583023863133,0.25,1.81236267398));
#11662 = CARTESIAN_POINT('',(11.599468401276,0.25,1.844723895855));
#11663 = CARTESIAN_POINT('',(11.618887159687,0.25,1.875457311354));
#11664 = CARTESIAN_POINT('',(11.641053933213,0.25,1.90420532813));
#11665 = CARTESIAN_POINT('',(11.665683220915,0.25,1.930661807849));
#11666 = ORIENTED_EDGE('',*,*,#11667,.F.);
#11667 = EDGE_CURVE('',#11516,#11645,#11668,.T.);
#11668 = B_SPLINE_CURVE_WITH_KNOTS('',5,(#11669,#11670,#11671,#11672,
    #11673,#11674,#11675,#11676,#11677,#11678,#11679,#11680,#11681,
    #11682),.UNSPECIFIED.,.F.,.F.,(6,4,4,6),(-0.38212309917,
    -4.281655465086E-07,6.283185735344,6.665307816687),.UNSPECIFIED.);
#11669 = CARTESIAN_POINT('',(10.92055195284,3.383746464902,
    1.930661594627));
#11670 = CARTESIAN_POINT('',(10.950092181957,3.312430043078,
    1.930661594627));
#11671 = CARTESIAN_POINT('',(10.979485498038,3.241468300698,
    1.930661594627));
#11672 = CARTESIAN_POINT('',(11.008731901084,3.17086123776,
    1.930661594627));
#11673 = CARTESIAN_POINT('',(11.037831391094,3.100608854265,
    1.930661594627));
#11674 = CARTESIAN_POINT('',(11.542846878889,1.881393613491,
    1.930661594627));
#11675 = CARTESIAN_POINT('',(11.793298869276,0.638611325814,
    1.930661594627));
#11676 = CARTESIAN_POINT('',(11.793300574775,-0.638607268283,
    1.930661594627));
#11677 = CARTESIAN_POINT('',(11.542847775584,-1.881391448677,
    1.930661594627));
#11678 = CARTESIAN_POINT('',(11.037831381238,-3.100608878061,
    1.930661594627));
#11679 = CARTESIAN_POINT('',(11.008731886299,-3.170861273454,
    1.930661594627));
#11680 = CARTESIAN_POINT('',(10.979485483253,-3.241468336392,
    1.930661594627));
#11681 = CARTESIAN_POINT('',(10.9500921721,-3.312430066875,
    1.930661594627));
#11682 = CARTESIAN_POINT('',(10.92055195284,-3.383746464902,
    1.930661594627));
#11683 = SURFACE_OF_REVOLUTION('',#11684,#11689);
#11684 = CIRCLE('',#11685,0.485412195974);
#11685 = AXIS2_PLACEMENT_3D('',#11686,#11687,#11688);
#11686 = CARTESIAN_POINT('',(11.395103131531,3.166705402821,1.6));
#11687 = DIRECTION('',(-0.382683432365,0.923879532511,0.));
#11688 = DIRECTION('',(-0.523404384043,-0.216801194476,-0.824041924199)
  );
#11689 = AXIS1_PLACEMENT('',#11690,#11691);
#11690 = CARTESIAN_POINT('',(3.75,0.,0.));
#11691 = DIRECTION('',(0.,0.,-1.));
#11692 = ADVANCED_FACE('',(#11693),#11737,.F.);
#11693 = FACE_BOUND('',#11694,.F.);
#11694 = EDGE_LOOP('',(#11695,#11718,#11719,#11720));
#11695 = ORIENTED_EDGE('',*,*,#11696,.F.);
#11696 = EDGE_CURVE('',#11432,#11697,#11699,.T.);
#11697 = VERTEX_POINT('',#11698);
#11698 = CARTESIAN_POINT('',(11.665679577756,-0.25,1.930661594627));
#11699 = B_SPLINE_CURVE_WITH_KNOTS('',5,(#11700,#11701,#11702,#11703,
    #11704,#11705,#11706,#11707,#11708,#11709,#11710,#11711,#11712,
    #11713,#11714,#11715,#11716,#11717),.UNSPECIFIED.,.F.,.F.,(6,4,4,4,6
    ),(0.,0.250005042687,0.499000038056,0.751628861723,1.),
  .UNSPECIFIED.);
#11700 = CARTESIAN_POINT('',(11.665683220915,-0.25,1.269338192151));
#11701 = CARTESIAN_POINT('',(11.640891909866,-0.25,1.295968715368));
#11702 = CARTESIAN_POINT('',(11.618595613161,-0.25,1.324921030875));
#11703 = CARTESIAN_POINT('',(11.599085516285,-0.25,1.355882907776));
#11704 = CARTESIAN_POINT('',(11.58259191278,-0.25,1.388489302899));
#11705 = CARTESIAN_POINT('',(11.556004343263,-0.25,1.456059657791));
#11706 = CARTESIAN_POINT('',(11.545884477747,-0.25,1.491014349792));
#11707 = CARTESIAN_POINT('',(11.539066362268,-0.25,1.526814470806));
#11708 = CARTESIAN_POINT('',(11.53562988172,-0.25,1.563041146858));
#11709 = CARTESIAN_POINT('',(11.535520426118,-0.25,1.636032546284));
#11710 = CARTESIAN_POINT('',(11.538946888483,-0.25,1.672798298705));
#11711 = CARTESIAN_POINT('',(11.545855728969,-0.25,1.709129032167));
#11712 = CARTESIAN_POINT('',(11.556163600634,-0.25,1.744587067621));
#11713 = CARTESIAN_POINT('',(11.58302386313,-0.25,1.812362673975));
#11714 = CARTESIAN_POINT('',(11.599468401273,-0.25,1.844723895851));
#11715 = CARTESIAN_POINT('',(11.618887159685,-0.25,1.875457311351));
#11716 = CARTESIAN_POINT('',(11.641053933212,-0.25,1.904205328128));
#11717 = CARTESIAN_POINT('',(11.665683220915,-0.25,1.930661807849));
#11718 = ORIENTED_EDGE('',*,*,#11441,.T.);
#11719 = ORIENTED_EDGE('',*,*,#11505,.T.);
#11720 = ORIENTED_EDGE('',*,*,#11721,.F.);
#11721 = EDGE_CURVE('',#11697,#11506,#11722,.T.);
#11722 = B_SPLINE_CURVE_WITH_KNOTS('',5,(#11723,#11724,#11725,#11726,
    #11727,#11728,#11729,#11730,#11731,#11732,#11733,#11734,#11735,
    #11736),.UNSPECIFIED.,.F.,.F.,(6,4,4,6),(-0.38212309917,
    -4.281655465086E-07,6.283185735344,6.665307816687),.UNSPECIFIED.);
#11723 = CARTESIAN_POINT('',(10.92055195284,3.383746464902,
    1.930661594627));
#11724 = CARTESIAN_POINT('',(10.950092181957,3.312430043078,
    1.930661594627));
#11725 = CARTESIAN_POINT('',(10.979485498038,3.241468300698,
    1.930661594627));
#11726 = CARTESIAN_POINT('',(11.008731901084,3.17086123776,
    1.930661594627));
#11727 = CARTESIAN_POINT('',(11.037831391094,3.100608854265,
    1.930661594627));
#11728 = CARTESIAN_POINT('',(11.542846878889,1.881393613491,
    1.930661594627));
#11729 = CARTESIAN_POINT('',(11.793298869276,0.638611325814,
    1.930661594627));
#11730 = CARTESIAN_POINT('',(11.793300574775,-0.638607268283,
    1.930661594627));
#11731 = CARTESIAN_POINT('',(11.542847775584,-1.881391448677,
    1.930661594627));
#11732 = CARTESIAN_POINT('',(11.037831381238,-3.100608878061,
    1.930661594627));
#11733 = CARTESIAN_POINT('',(11.008731886299,-3.170861273454,
    1.930661594627));
#11734 = CARTESIAN_POINT('',(10.979485483253,-3.241468336392,
    1.930661594627));
#11735 = CARTESIAN_POINT('',(10.9500921721,-3.312430066875,
    1.930661594627));
#11736 = CARTESIAN_POINT('',(10.92055195284,-3.383746464902,
    1.930661594627));
#11737 = SURFACE_OF_REVOLUTION('',#11738,#11743);
#11738 = CIRCLE('',#11739,0.485412195974);
#11739 = AXIS2_PLACEMENT_3D('',#11740,#11741,#11742);
#11740 = CARTESIAN_POINT('',(11.395103131531,3.166705402821,1.6));
#11741 = DIRECTION('',(-0.382683432365,0.923879532511,0.));
#11742 = DIRECTION('',(-0.523404384043,-0.216801194476,-0.824041924199)
  );
#11743 = AXIS1_PLACEMENT('',#11744,#11745);
#11744 = CARTESIAN_POINT('',(3.75,0.,0.));
#11745 = DIRECTION('',(0.,0.,-1.));
#11746 = ADVANCED_FACE('',(#11747),#11814,.T.);
#11747 = FACE_BOUND('',#11748,.T.);
#11748 = EDGE_LOOP('',(#11749,#11762,#11802,#11813));
#11749 = ORIENTED_EDGE('',*,*,#11750,.T.);
#11750 = EDGE_CURVE('',#11506,#11751,#11753,.T.);
#11751 = VERTEX_POINT('',#11752);
#11752 = CARTESIAN_POINT('',(11.14103626009,-3.061467458921,
    2.135020857149));
#11753 = B_SPLINE_CURVE_WITH_KNOTS('',7,(#11754,#11755,#11756,#11757,
    #11758,#11759,#11760,#11761),.UNSPECIFIED.,.F.,.F.,(8,8),(0.,1.),
  .PIECEWISE_BEZIER_KNOTS.);
#11754 = CARTESIAN_POINT('',(11.066783967251,-3.030711152189,
    1.930661594627));
#11755 = CARTESIAN_POINT('',(11.086529338691,-3.038889952834,
    1.953630859468));
#11756 = CARTESIAN_POINT('',(11.104139521156,-3.046184329247,
    1.979736535656));
#11757 = CARTESIAN_POINT('',(11.118893129239,-3.052295473809,
    2.008600469417));
#11758 = CARTESIAN_POINT('',(11.13013496019,-3.056951992655,
    2.039540554828));
#11759 = CARTESIAN_POINT('',(11.13749920575,-3.060002363042,
    2.071550004048));
#11760 = CARTESIAN_POINT('',(11.141036260042,-3.061467458901,
    2.103646351565));
#11761 = CARTESIAN_POINT('',(11.14103626009,-3.061467458921,
    2.135020857149));
#11762 = ORIENTED_EDGE('',*,*,#11763,.T.);
#11763 = EDGE_CURVE('',#11751,#11764,#11766,.T.);
#11764 = VERTEX_POINT('',#11765);
#11765 = CARTESIAN_POINT('',(11.14103626009,3.061467458921,
    2.135020857149));
#11766 = B_SPLINE_CURVE_WITH_KNOTS('',12,(#11767,#11768,#11769,#11770,
    #11771,#11772,#11773,#11774,#11775,#11776,#11777,#11778,#11779,
    #11780,#11781,#11782,#11783,#11784,#11785,#11786,#11787,#11788,
    #11789,#11790,#11791,#11792,#11793,#11794,#11795,#11796,#11797,
    #11798,#11799,#11800,#11801),.UNSPECIFIED.,.F.,.F.,(13,11,11,13),(
    -1.873970053066,-1.058222959368E-15,43.982297150256,45.856267203322)
  ,.UNSPECIFIED.);
#11767 = CARTESIAN_POINT('',(11.858173552147,-1.330144882354,
    2.135020857149));
#11768 = CARTESIAN_POINT('',(11.797997962853,-1.475421606152,
    2.135020857149));
#11769 = CARTESIAN_POINT('',(11.737897673247,-1.62051654042,
    2.135020857149));
#11770 = CARTESIAN_POINT('',(11.677872683331,-1.765429685157,
    2.135020857149));
#11771 = CARTESIAN_POINT('',(11.617922993104,-1.910161040364,
    2.135020857149));
#11772 = CARTESIAN_POINT('',(11.558048602565,-2.054710606041,
    2.135020857149));
#11773 = CARTESIAN_POINT('',(11.498249511716,-2.199078382186,
    2.135020857149));
#11774 = CARTESIAN_POINT('',(11.438525720556,-2.343264368802,
    2.135020857149));
#11775 = CARTESIAN_POINT('',(11.378877229085,-2.487268565887,
    2.135020857149));
#11776 = CARTESIAN_POINT('',(11.319304037302,-2.631090973441,
    2.135020857149));
#11777 = CARTESIAN_POINT('',(11.259806145209,-2.774731591465,
    2.135020857149));
#11778 = CARTESIAN_POINT('',(11.200383552805,-2.918190419958,
    2.135020857149));
#11779 = CARTESIAN_POINT('',(9.748148332675,-6.424196384155,
    2.135020857149));
#11780 = CARTESIAN_POINT('',(6.664218617697,-9.146846434248,
    2.135020820306));
#11781 = CARTESIAN_POINT('',(2.212607902221,-10.22547282873,
    2.135021343371));
#11782 = CARTESIAN_POINT('',(-2.560872724992,-8.822383044898,
    2.135019245281));
#11783 = CARTESIAN_POINT('',(-6.114921061717,-5.320753792367,
    2.135023878248));
#11784 = CARTESIAN_POINT('',(-7.896277410335,2.371702834125E-11,
    2.135017177801));
#11785 = CARTESIAN_POINT('',(-6.114921061716,5.320753792324,
    2.135023878248));
#11786 = CARTESIAN_POINT('',(-2.560872724993,8.822383044927,
    2.135019245282));
#11787 = CARTESIAN_POINT('',(2.212607902222,10.225472828715,
    2.13502134337));
#11788 = CARTESIAN_POINT('',(6.664218617697,9.146846434254,
    2.135020820307));
#11789 = CARTESIAN_POINT('',(9.748148332675,6.424196384153,
    2.135020857149));
#11790 = CARTESIAN_POINT('',(11.200383552805,2.918190419958,
    2.135020857149));
#11791 = CARTESIAN_POINT('',(11.259806145209,2.774731591465,
    2.135020857149));
#11792 = CARTESIAN_POINT('',(11.319304037302,2.631090973441,
    2.135020857149));
#11793 = CARTESIAN_POINT('',(11.378877229085,2.487268565887,
    2.135020857149));
#11794 = CARTESIAN_POINT('',(11.438525720556,2.343264368802,
    2.135020857149));
#11795 = CARTESIAN_POINT('',(11.498249511716,2.199078382187,
    2.135020857149));
#11796 = CARTESIAN_POINT('',(11.558048602565,2.054710606041,
    2.135020857149));
#11797 = CARTESIAN_POINT('',(11.617922993104,1.910161040364,
    2.135020857149));
#11798 = CARTESIAN_POINT('',(11.677872683331,1.765429685158,
    2.135020857149));
#11799 = CARTESIAN_POINT('',(11.737897673247,1.62051654042,
    2.135020857149));
#11800 = CARTESIAN_POINT('',(11.797997962853,1.475421606152,
    2.135020857149));
#11801 = CARTESIAN_POINT('',(11.858173552147,1.330144882354,
    2.135020857149));
#11802 = ORIENTED_EDGE('',*,*,#11803,.F.);
#11803 = EDGE_CURVE('',#11516,#11764,#11804,.T.);
#11804 = B_SPLINE_CURVE_WITH_KNOTS('',7,(#11805,#11806,#11807,#11808,
    #11809,#11810,#11811,#11812),.UNSPECIFIED.,.F.,.F.,(8,8),(0.,1.),
  .PIECEWISE_BEZIER_KNOTS.);
#11805 = CARTESIAN_POINT('',(11.066783967251,3.030711152189,
    1.930661594627));
#11806 = CARTESIAN_POINT('',(11.086529338691,3.038889952834,
    1.953630859468));
#11807 = CARTESIAN_POINT('',(11.104139521156,3.046184329247,
    1.979736535656));
#11808 = CARTESIAN_POINT('',(11.118893129239,3.052295473809,
    2.008600469417));
#11809 = CARTESIAN_POINT('',(11.13013496019,3.056951992655,
    2.039540554828));
#11810 = CARTESIAN_POINT('',(11.13749920575,3.060002363042,
    2.071550004048));
#11811 = CARTESIAN_POINT('',(11.141036260042,3.061467458901,
    2.103646351565));
#11812 = CARTESIAN_POINT('',(11.14103626009,3.061467458921,
    2.135020857149));
#11813 = ORIENTED_EDGE('',*,*,#11524,.F.);
#11814 = ( BOUNDED_SURFACE() B_SPLINE_SURFACE(2,12,(
    (#11815,#11816,#11817,#11818,#11819,#11820,#11821,#11822,#11823
      ,#11824,#11825,#11826,#11827,#11828,#11829,#11830,#11831,#11832
      ,#11833,#11834,#11835,#11836,#11837,#11838,#11839,#11840,#11841
      ,#11842,#11843,#11844,#11845,#11846,#11847,#11848,#11849)
    ,(#11850,#11851,#11852,#11853,#11854,#11855,#11856,#11857,#11858
      ,#11859,#11860,#11861,#11862,#11863,#11864,#11865,#11866,#11867
      ,#11868,#11869,#11870,#11871,#11872,#11873,#11874,#11875,#11876
      ,#11877,#11878,#11879,#11880,#11881,#11882,#11883,#11884)
    ,(#11885,#11886,#11887,#11888,#11889,#11890,#11891,#11892,#11893
      ,#11894,#11895,#11896,#11897,#11898,#11899,#11900,#11901,#11902
      ,#11903,#11904,#11905,#11906,#11907,#11908,#11909,#11910,#11911
      ,#11912,#11913,#11914,#11915,#11916,#11917,#11918,#11919
)),.UNSPECIFIED.,.F.,.F.,.F.) B_SPLINE_SURFACE_WITH_KNOTS((3,3),(13,11,
    11,13),(0.,43.982297150256),(-1.873970053066,-1.058222959368E-15,
    43.982297150256,45.856267203322),.UNSPECIFIED.) 
GEOMETRIC_REPRESENTATION_ITEM() RATIONAL_B_SPLINE_SURFACE((
    (1.,1.,1.,1.,1.,1.,1.,1.,1.,1.,1.,1.,1.,1.,1.,1.,1.,1.,1.,1.,1.,1.
      ,1.,1.,1.,1.,1.,1.,1.,1.,1.,1.,1.,1.,1.)
    ,(0.93061798229,0.93061798229,0.93061798229,0.93061798229
      ,0.93061798229,0.93061798229,0.93061798229,0.93061798229
      ,0.93061798229,0.93061798229,0.93061798229,0.93061798229
      ,0.93061798229,0.930618018316,0.93061750683,0.930619558482
      ,0.930615028053,0.930621580207,0.930615028053,0.930619558483
      ,0.93061750683,0.930618018316,0.93061798229,0.93061798229
      ,0.93061798229,0.93061798229,0.93061798229,0.93061798229
      ,0.93061798229,0.93061798229,0.93061798229,0.93061798229
      ,0.93061798229,0.93061798229,0.93061798229)
    ,(1.,1.,1.,1.,1.,1.,1.,1.,1.,1.,1.,1.,1.,1.,1.,1.,1.,1.,1.,1.,1.,1.
,1.,1.,1.,1.,1.,1.,1.,1.,1.,1.,1.,1.,1.
))) REPRESENTATION_ITEM('') SURFACE() );
#11815 = CARTESIAN_POINT('',(11.783921259308,-1.299388575622,
    1.930661594627));
#11816 = CARTESIAN_POINT('',(11.723149451513,-1.446104698211,
    1.930661594627));
#11817 = CARTESIAN_POINT('',(11.66256134677,-1.592377322399,
    1.930661594627));
#11818 = CARTESIAN_POINT('',(11.602156945081,-1.738206448185,
    1.930661594627));
#11819 = CARTESIAN_POINT('',(11.541936246444,-1.883592075569,
    1.930661594627));
#11820 = CARTESIAN_POINT('',(11.48189925086,-2.028534204552,
    1.930661594627));
#11821 = CARTESIAN_POINT('',(11.422045958329,-2.173032835134,
    1.930661594627));
#11822 = CARTESIAN_POINT('',(11.36237636885,-2.317087967313,
    1.930661594627));
#11823 = CARTESIAN_POINT('',(11.302890482425,-2.460699601092,
    1.930661594627));
#11824 = CARTESIAN_POINT('',(11.243588299052,-2.603867736468,
    1.930661594627));
#11825 = CARTESIAN_POINT('',(11.184469818732,-2.746592373444,
    1.930661594627));
#11826 = CARTESIAN_POINT('',(11.125535041465,-2.888873512017,
    1.930661594627));
#11827 = CARTESIAN_POINT('',(9.687889358043,-6.35965721882,
    1.930661594627));
#11828 = CARTESIAN_POINT('',(6.634887964773,-9.055145717013,
    1.930661601023));
#11829 = CARTESIAN_POINT('',(2.227658189279,-10.12245579049,
    1.930661510207));
#11830 = CARTESIAN_POINT('',(-2.496508910961,-8.733741237252,
    1.930661874491));
#11831 = CARTESIAN_POINT('',(-6.016722913422,-5.267650204157,
    1.93066107008));
#11832 = CARTESIAN_POINT('',(-7.778557237288,5.393907542839E-12,
    1.930662233465));
#11833 = CARTESIAN_POINT('',(-6.016722913418,5.267650204147,
    1.93066107008));
#11834 = CARTESIAN_POINT('',(-2.496508910966,8.733741237259,
    1.930661874492));
#11835 = CARTESIAN_POINT('',(2.227658189282,10.122455790496,
    1.930661510206));
#11836 = CARTESIAN_POINT('',(6.634887964772,9.055145717014,
    1.930661601024));
#11837 = CARTESIAN_POINT('',(9.687889358043,6.35965721882,1.930661594627
    ));
#11838 = CARTESIAN_POINT('',(11.125535041465,2.888873512017,
    1.930661594627));
#11839 = CARTESIAN_POINT('',(11.184469818732,2.746592373444,
    1.930661594627));
#11840 = CARTESIAN_POINT('',(11.243588299052,2.603867736468,
    1.930661594627));
#11841 = CARTESIAN_POINT('',(11.302890482425,2.460699601092,
    1.930661594627));
#11842 = CARTESIAN_POINT('',(11.36237636885,2.317087967313,
    1.930661594627));
#11843 = CARTESIAN_POINT('',(11.422045958329,2.173032835134,
    1.930661594627));
#11844 = CARTESIAN_POINT('',(11.48189925086,2.028534204552,
    1.930661594627));
#11845 = CARTESIAN_POINT('',(11.541936246444,1.883592075569,
    1.930661594627));
#11846 = CARTESIAN_POINT('',(11.60215694508,1.738206448185,
    1.930661594627));
#11847 = CARTESIAN_POINT('',(11.66256134677,1.592377322399,
    1.930661594627));
#11848 = CARTESIAN_POINT('',(11.723149451512,1.446104698211,
    1.930661594627));
#11849 = CARTESIAN_POINT('',(11.783921259308,1.299388575622,
    1.930661594627));
#11850 = CARTESIAN_POINT('',(11.858173552148,-1.330144882354,
    2.017037309501));
#11851 = CARTESIAN_POINT('',(11.797997962853,-1.475421606152,
    2.017037309501));
#11852 = CARTESIAN_POINT('',(11.737897673248,-1.62051654042,
    2.017037309501));
#11853 = CARTESIAN_POINT('',(11.677872683331,-1.765429685157,
    2.017037309501));
#11854 = CARTESIAN_POINT('',(11.617922993104,-1.910161040364,
    2.017037309501));
#11855 = CARTESIAN_POINT('',(11.558048602566,-2.054710606041,
    2.017037309501));
#11856 = CARTESIAN_POINT('',(11.498249511716,-2.199078382187,
    2.017037309501));
#11857 = CARTESIAN_POINT('',(11.438525720556,-2.343264368802,
    2.017037309501));
#11858 = CARTESIAN_POINT('',(11.378877229085,-2.487268565887,
    2.017037309501));
#11859 = CARTESIAN_POINT('',(11.319304037303,-2.631090973441,
    2.017037309501));
#11860 = CARTESIAN_POINT('',(11.259806145209,-2.774731591465,
    2.017037309501));
#11861 = CARTESIAN_POINT('',(11.200383552805,-2.918190419958,
    2.017037309501));
#11862 = CARTESIAN_POINT('',(9.748148332674,-6.424196384154,
    2.017037309501));
#11863 = CARTESIAN_POINT('',(6.664218194469,-9.146845966591,
    2.017037306757));
#11864 = CARTESIAN_POINT('',(2.212607746912,-10.22547726764,
    2.017037345712));
#11865 = CARTESIAN_POINT('',(-2.560862992755,-8.822370396321,
    2.017037189457));
#11866 = CARTESIAN_POINT('',(-6.114950884135,-5.32076830559,
    2.017037534498));
#11867 = CARTESIAN_POINT('',(-7.896234145768,2.044764357834E-11,
    2.017037035482));
#11868 = CARTESIAN_POINT('',(-6.114950884137,5.320768305556,
    2.017037534498));
#11869 = CARTESIAN_POINT('',(-2.560862992754,8.822370396342,
    2.017037189457));
#11870 = CARTESIAN_POINT('',(2.212607746913,10.225477267636,
    2.017037345712));
#11871 = CARTESIAN_POINT('',(6.664218194468,9.146845966594,
    2.017037306757));
#11872 = CARTESIAN_POINT('',(9.748148332674,6.424196384153,
    2.017037309501));
#11873 = CARTESIAN_POINT('',(11.200383552805,2.918190419958,
    2.017037309501));
#11874 = CARTESIAN_POINT('',(11.259806145209,2.774731591465,
    2.017037309501));
#11875 = CARTESIAN_POINT('',(11.319304037303,2.631090973441,
    2.017037309501));
#11876 = CARTESIAN_POINT('',(11.378877229085,2.487268565887,
    2.017037309501));
#11877 = CARTESIAN_POINT('',(11.438525720556,2.343264368802,
    2.017037309501));
#11878 = CARTESIAN_POINT('',(11.498249511716,2.199078382187,
    2.017037309501));
#11879 = CARTESIAN_POINT('',(11.558048602565,2.054710606041,
    2.017037309501));
#11880 = CARTESIAN_POINT('',(11.617922993104,1.910161040364,
    2.017037309501));
#11881 = CARTESIAN_POINT('',(11.677872683331,1.765429685158,
    2.017037309501));
#11882 = CARTESIAN_POINT('',(11.737897673248,1.62051654042,
    2.017037309501));
#11883 = CARTESIAN_POINT('',(11.797997962853,1.475421606152,
    2.017037309501));
#11884 = CARTESIAN_POINT('',(11.858173552147,1.330144882354,
    2.017037309501));
#11885 = CARTESIAN_POINT('',(11.858173552147,-1.330144882354,
    2.135020857149));
#11886 = CARTESIAN_POINT('',(11.797997962853,-1.475421606152,
    2.135020857149));
#11887 = CARTESIAN_POINT('',(11.737897673247,-1.62051654042,
    2.135020857149));
#11888 = CARTESIAN_POINT('',(11.677872683331,-1.765429685157,
    2.135020857149));
#11889 = CARTESIAN_POINT('',(11.617922993104,-1.910161040364,
    2.135020857149));
#11890 = CARTESIAN_POINT('',(11.558048602565,-2.054710606041,
    2.135020857149));
#11891 = CARTESIAN_POINT('',(11.498249511716,-2.199078382186,
    2.135020857149));
#11892 = CARTESIAN_POINT('',(11.438525720556,-2.343264368802,
    2.135020857149));
#11893 = CARTESIAN_POINT('',(11.378877229085,-2.487268565887,
    2.135020857149));
#11894 = CARTESIAN_POINT('',(11.319304037302,-2.631090973441,
    2.135020857149));
#11895 = CARTESIAN_POINT('',(11.259806145209,-2.774731591465,
    2.135020857149));
#11896 = CARTESIAN_POINT('',(11.200383552805,-2.918190419958,
    2.135020857149));
#11897 = CARTESIAN_POINT('',(9.748148332675,-6.424196384155,
    2.135020857149));
#11898 = CARTESIAN_POINT('',(6.664218617697,-9.146846434248,
    2.135020820306));
#11899 = CARTESIAN_POINT('',(2.212607902221,-10.22547282873,
    2.135021343371));
#11900 = CARTESIAN_POINT('',(-2.560872724992,-8.822383044898,
    2.135019245281));
#11901 = CARTESIAN_POINT('',(-6.114921061717,-5.320753792367,
    2.135023878248));
#11902 = CARTESIAN_POINT('',(-7.896277410335,2.371702834125E-11,
    2.135017177801));
#11903 = CARTESIAN_POINT('',(-6.114921061716,5.320753792324,
    2.135023878248));
#11904 = CARTESIAN_POINT('',(-2.560872724993,8.822383044927,
    2.135019245282));
#11905 = CARTESIAN_POINT('',(2.212607902222,10.225472828715,
    2.13502134337));
#11906 = CARTESIAN_POINT('',(6.664218617697,9.146846434254,
    2.135020820307));
#11907 = CARTESIAN_POINT('',(9.748148332675,6.424196384153,
    2.135020857149));
#11908 = CARTESIAN_POINT('',(11.200383552805,2.918190419958,
    2.135020857149));
#11909 = CARTESIAN_POINT('',(11.259806145209,2.774731591465,
    2.135020857149));
#11910 = CARTESIAN_POINT('',(11.319304037302,2.631090973441,
    2.135020857149));
#11911 = CARTESIAN_POINT('',(11.378877229085,2.487268565887,
    2.135020857149));
#11912 = CARTESIAN_POINT('',(11.438525720556,2.343264368802,
    2.135020857149));
#11913 = CARTESIAN_POINT('',(11.498249511716,2.199078382187,
    2.135020857149));
#11914 = CARTESIAN_POINT('',(11.558048602565,2.054710606041,
    2.135020857149));
#11915 = CARTESIAN_POINT('',(11.617922993104,1.910161040364,
    2.135020857149));
#11916 = CARTESIAN_POINT('',(11.677872683331,1.765429685158,
    2.135020857149));
#11917 = CARTESIAN_POINT('',(11.737897673247,1.62051654042,
    2.135020857149));
#11918 = CARTESIAN_POINT('',(11.797997962853,1.475421606152,
    2.135020857149));
#11919 = CARTESIAN_POINT('',(11.858173552147,1.330144882354,
    2.135020857149));
#11920 = ADVANCED_FACE('',(#11921),#11943,.F.);
#11921 = FACE_BOUND('',#11922,.F.);
#11922 = EDGE_LOOP('',(#11923,#11924,#11925,#11926));
#11923 = ORIENTED_EDGE('',*,*,#11644,.F.);
#11924 = ORIENTED_EDGE('',*,*,#11577,.T.);
#11925 = ORIENTED_EDGE('',*,*,#11696,.T.);
#11926 = ORIENTED_EDGE('',*,*,#11927,.F.);
#11927 = EDGE_CURVE('',#11645,#11697,#11928,.T.);
#11928 = B_SPLINE_CURVE_WITH_KNOTS('',5,(#11929,#11930,#11931,#11932,
    #11933,#11934,#11935,#11936,#11937,#11938,#11939,#11940,#11941,
    #11942),.UNSPECIFIED.,.F.,.F.,(6,4,4,6),(-0.38212309917,
    -4.281655465086E-07,6.283185735344,6.665307816687),.UNSPECIFIED.);
#11929 = CARTESIAN_POINT('',(10.92055195284,3.383746464902,
    1.930661594627));
#11930 = CARTESIAN_POINT('',(10.950092181957,3.312430043078,
    1.930661594627));
#11931 = CARTESIAN_POINT('',(10.979485498038,3.241468300698,
    1.930661594627));
#11932 = CARTESIAN_POINT('',(11.008731901084,3.17086123776,
    1.930661594627));
#11933 = CARTESIAN_POINT('',(11.037831391094,3.100608854265,
    1.930661594627));
#11934 = CARTESIAN_POINT('',(11.542846878889,1.881393613491,
    1.930661594627));
#11935 = CARTESIAN_POINT('',(11.793298869276,0.638611325814,
    1.930661594627));
#11936 = CARTESIAN_POINT('',(11.793300574775,-0.638607268283,
    1.930661594627));
#11937 = CARTESIAN_POINT('',(11.542847775584,-1.881391448677,
    1.930661594627));
#11938 = CARTESIAN_POINT('',(11.037831381238,-3.100608878061,
    1.930661594627));
#11939 = CARTESIAN_POINT('',(11.008731886299,-3.170861273454,
    1.930661594627));
#11940 = CARTESIAN_POINT('',(10.979485483253,-3.241468336392,
    1.930661594627));
#11941 = CARTESIAN_POINT('',(10.9500921721,-3.312430066875,
    1.930661594627));
#11942 = CARTESIAN_POINT('',(10.92055195284,-3.383746464902,
    1.930661594627));
#11943 = SURFACE_OF_REVOLUTION('',#11944,#11949);
#11944 = CIRCLE('',#11945,0.485412195974);
#11945 = AXIS2_PLACEMENT_3D('',#11946,#11947,#11948);
#11946 = CARTESIAN_POINT('',(11.395103131531,3.166705402821,1.6));
#11947 = DIRECTION('',(-0.382683432365,0.923879532511,0.));
#11948 = DIRECTION('',(-0.523404384043,-0.216801194476,-0.824041924199)
  );
#11949 = AXIS1_PLACEMENT('',#11950,#11951);
#11950 = CARTESIAN_POINT('',(3.75,0.,0.));
#11951 = DIRECTION('',(0.,0.,-1.));
#11952 = ADVANCED_FACE('',(#11953),#11989,.T.);
#11953 = FACE_BOUND('',#11954,.T.);
#11954 = EDGE_LOOP('',(#11955,#11956,#11957,#11976));
#11955 = ORIENTED_EDGE('',*,*,#11667,.F.);
#11956 = ORIENTED_EDGE('',*,*,#11803,.T.);
#11957 = ORIENTED_EDGE('',*,*,#11958,.T.);
#11958 = EDGE_CURVE('',#11764,#11959,#11961,.T.);
#11959 = VERTEX_POINT('',#11960);
#11960 = CARTESIAN_POINT('',(11.746089261376,0.25,2.135020857149));
#11961 = B_SPLINE_CURVE_WITH_KNOTS('',5,(#11962,#11963,#11964,#11965,
    #11966,#11967,#11968,#11969,#11970,#11971,#11972,#11973,#11974,
    #11975),.UNSPECIFIED.,.F.,.F.,(6,4,4,6),(-0.38212309917,
    -4.281655465086E-07,6.283185735344,6.665307816687),.UNSPECIFIED.);
#11962 = CARTESIAN_POINT('',(10.994804243843,3.414502775528,
    2.135020857149));
#11963 = CARTESIAN_POINT('',(11.024050655788,3.343895691214,
    2.135020857149));
#11964 = CARTESIAN_POINT('',(11.053297063302,3.273288617596,
    2.135020857149));
#11965 = CARTESIAN_POINT('',(11.082543466386,3.202681554674,
    2.135020857149));
#11966 = CARTESIAN_POINT('',(11.11178986504,3.132074502448,
    2.135020857149));
#11967 = CARTESIAN_POINT('',(11.621930363327,1.900486393708,
    2.135020857149));
#11968 = CARTESIAN_POINT('',(11.874923987305,0.645092022978,
    2.135020857149));
#11969 = CARTESIAN_POINT('',(11.874925732041,-0.645087857169,
    2.135020857149));
#11970 = CARTESIAN_POINT('',(11.621931251104,-1.900484250426,
    2.135020857149));
#11971 = CARTESIAN_POINT('',(11.111789856179,-3.13207452384,
    2.135020857149));
#11972 = CARTESIAN_POINT('',(11.082543453095,-3.202681586762,
    2.135020857149));
#11973 = CARTESIAN_POINT('',(11.053297050011,-3.273288649684,
    2.135020857149));
#11974 = CARTESIAN_POINT('',(11.024050646927,-3.343895712606,
    2.135020857149));
#11975 = CARTESIAN_POINT('',(10.994804243843,-3.414502775528,
    2.135020857149));
#11976 = ORIENTED_EDGE('',*,*,#11977,.T.);
#11977 = EDGE_CURVE('',#11959,#11645,#11978,.T.);
#11978 = B_SPLINE_CURVE_WITH_KNOTS('',5,(#11979,#11980,#11981,#11982,
    #11983,#11984,#11985,#11986,#11987,#11988),.UNSPECIFIED.,.F.,.F.,(6,
    4,6),(0.,0.499632530754,1.),.UNSPECIFIED.);
#11979 = CARTESIAN_POINT('',(11.746089261376,0.25,2.135020857149));
#11980 = CARTESIAN_POINT('',(11.74608926112,0.25,2.113059770292));
#11981 = CARTESIAN_POINT('',(11.744079294892,0.25,2.090730837121));
#11982 = CARTESIAN_POINT('',(11.739921167103,0.25,2.068384311271));
#11983 = CARTESIAN_POINT('',(11.733609493257,0.25,2.046449235018));
#11984 = CARTESIAN_POINT('',(11.716968206865,0.25,2.004121224634));
#11985 = CARTESIAN_POINT('',(11.706632522508,0.25,1.983730152894));
#11986 = CARTESIAN_POINT('',(11.69443350209,0.25,1.964506674097));
#11987 = CARTESIAN_POINT('',(11.68066871182,0.25,1.946762818429));
#11988 = CARTESIAN_POINT('',(11.665679526558,0.25,1.930661594627));
#11989 = ( BOUNDED_SURFACE() B_SPLINE_SURFACE(2,5,(
    (#11990,#11991,#11992,#11993,#11994,#11995,#11996,#11997,#11998
      ,#11999,#12000,#12001,#12002,#12003)
    ,(#12004,#12005,#12006,#12007,#12008,#12009,#12010,#12011,#12012
      ,#12013,#12014,#12015,#12016,#12017)
    ,(#12018,#12019,#12020,#12021,#12022,#12023,#12024,#12025,#12026
      ,#12027,#12028,#12029,#12030,#12031
)),.UNSPECIFIED.,.F.,.F.,.F.) B_SPLINE_SURFACE_WITH_KNOTS((3,3),(6,4,4,6
    ),(0.,6.283186163509),(-0.38212309917,-4.281655465086E-07,
    6.283185735344,6.665307816687),.UNSPECIFIED.) 
GEOMETRIC_REPRESENTATION_ITEM() RATIONAL_B_SPLINE_SURFACE((
    (1.,1.,1.,1.,1.,1.,1.,1.,1.,1.,1.,1.,1.,1.)
    ,(0.93061798229,0.93061798229,0.93061798229,0.93061798229
      ,0.93061798229,0.93061798229,0.93061798229,0.93061798229
      ,0.93061798229,0.93061798229,0.93061798229,0.93061798229
      ,0.93061798229,0.93061798229)
,(1.,1.,1.,1.,1.,1.,1.,1.,1.,1.,1.,1.,1.,1.
))) REPRESENTATION_ITEM('') SURFACE() );
#11990 = CARTESIAN_POINT('',(10.92055195284,3.383746464902,
    1.930661594627));
#11991 = CARTESIAN_POINT('',(10.950092181957,3.312430043078,
    1.930661594627));
#11992 = CARTESIAN_POINT('',(10.979485498038,3.241468300698,
    1.930661594627));
#11993 = CARTESIAN_POINT('',(11.008731901084,3.17086123776,
    1.930661594627));
#11994 = CARTESIAN_POINT('',(11.037831391094,3.100608854265,
    1.930661594627));
#11995 = CARTESIAN_POINT('',(11.542846878889,1.881393613491,
    1.930661594627));
#11996 = CARTESIAN_POINT('',(11.793298869276,0.638611325814,
    1.930661594627));
#11997 = CARTESIAN_POINT('',(11.793300574775,-0.638607268283,
    1.930661594627));
#11998 = CARTESIAN_POINT('',(11.542847775584,-1.881391448677,
    1.930661594627));
#11999 = CARTESIAN_POINT('',(11.037831381238,-3.100608878061,
    1.930661594627));
#12000 = CARTESIAN_POINT('',(11.008731886299,-3.170861273454,
    1.930661594627));
#12001 = CARTESIAN_POINT('',(10.979485483253,-3.241468336392,
    1.930661594627));
#12002 = CARTESIAN_POINT('',(10.9500921721,-3.312430066875,
    1.930661594627));
#12003 = CARTESIAN_POINT('',(10.92055195284,-3.383746464902,
    1.930661594627));
#12004 = CARTESIAN_POINT('',(10.994804243843,3.414502775528,
    2.017037309501));
#12005 = CARTESIAN_POINT('',(11.024050655788,3.343895691214,
    2.017037309501));
#12006 = CARTESIAN_POINT('',(11.053297063302,3.273288617596,
    2.017037309501));
#12007 = CARTESIAN_POINT('',(11.082543466386,3.202681554674,
    2.017037309501));
#12008 = CARTESIAN_POINT('',(11.11178986504,3.132074502448,
    2.017037309501));
#12009 = CARTESIAN_POINT('',(11.621930363327,1.900486393708,
    2.017037309501));
#12010 = CARTESIAN_POINT('',(11.874923987305,0.645092022978,
    2.017037309501));
#12011 = CARTESIAN_POINT('',(11.874925732041,-0.645087857169,
    2.017037309501));
#12012 = CARTESIAN_POINT('',(11.621931251104,-1.900484250426,
    2.017037309501));
#12013 = CARTESIAN_POINT('',(11.111789856179,-3.13207452384,
    2.017037309501));
#12014 = CARTESIAN_POINT('',(11.082543453095,-3.202681586762,
    2.017037309501));
#12015 = CARTESIAN_POINT('',(11.053297050011,-3.273288649684,
    2.017037309501));
#12016 = CARTESIAN_POINT('',(11.024050646927,-3.343895712606,
    2.017037309501));
#12017 = CARTESIAN_POINT('',(10.994804243843,-3.414502775528,
    2.017037309501));
#12018 = CARTESIAN_POINT('',(10.994804243843,3.414502775528,
    2.135020857149));
#12019 = CARTESIAN_POINT('',(11.024050655788,3.343895691214,
    2.135020857149));
#12020 = CARTESIAN_POINT('',(11.053297063302,3.273288617596,
    2.135020857149));
#12021 = CARTESIAN_POINT('',(11.082543466386,3.202681554674,
    2.135020857149));
#12022 = CARTESIAN_POINT('',(11.11178986504,3.132074502448,
    2.135020857149));
#12023 = CARTESIAN_POINT('',(11.621930363327,1.900486393708,
    2.135020857149));
#12024 = CARTESIAN_POINT('',(11.874923987305,0.645092022978,
    2.135020857149));
#12025 = CARTESIAN_POINT('',(11.874925732041,-0.645087857169,
    2.135020857149));
#12026 = CARTESIAN_POINT('',(11.621931251104,-1.900484250426,
    2.135020857149));
#12027 = CARTESIAN_POINT('',(11.111789856179,-3.13207452384,
    2.135020857149));
#12028 = CARTESIAN_POINT('',(11.082543453095,-3.202681586762,
    2.135020857149));
#12029 = CARTESIAN_POINT('',(11.053297050011,-3.273288649684,
    2.135020857149));
#12030 = CARTESIAN_POINT('',(11.024050646927,-3.343895712606,
    2.135020857149));
#12031 = CARTESIAN_POINT('',(10.994804243843,-3.414502775528,
    2.135020857149));
#12032 = ADVANCED_FACE('',(#12033),#12069,.T.);
#12033 = FACE_BOUND('',#12034,.T.);
#12034 = EDGE_LOOP('',(#12035,#12036,#12051,#12068));
#12035 = ORIENTED_EDGE('',*,*,#11721,.F.);
#12036 = ORIENTED_EDGE('',*,*,#12037,.F.);
#12037 = EDGE_CURVE('',#12038,#11697,#12040,.T.);
#12038 = VERTEX_POINT('',#12039);
#12039 = CARTESIAN_POINT('',(11.746089311461,-0.25,2.135020857149));
#12040 = B_SPLINE_CURVE_WITH_KNOTS('',5,(#12041,#12042,#12043,#12044,
    #12045,#12046,#12047,#12048,#12049,#12050),.UNSPECIFIED.,.F.,.F.,(6,
    4,6),(0.,0.499632530714,1.),.UNSPECIFIED.);
#12041 = CARTESIAN_POINT('',(11.746089311461,-0.25,2.135020857149));
#12042 = CARTESIAN_POINT('',(11.746089311205,-0.25,2.113059770295));
#12043 = CARTESIAN_POINT('',(11.744079345005,-0.25,2.090730837128));
#12044 = CARTESIAN_POINT('',(11.739921217275,-0.25,2.068384311281));
#12045 = CARTESIAN_POINT('',(11.733609543517,-0.25,2.046449235032));
#12046 = CARTESIAN_POINT('',(11.716968257357,-0.25,2.004121224647));
#12047 = CARTESIAN_POINT('',(11.706632573142,-0.25,1.983730152904));
#12048 = CARTESIAN_POINT('',(11.694433552892,-0.25,1.964506674105));
#12049 = CARTESIAN_POINT('',(11.680668762812,-0.25,1.946762818432));
#12050 = CARTESIAN_POINT('',(11.665679577756,-0.25,1.930661594627));
#12051 = ORIENTED_EDGE('',*,*,#12052,.T.);
#12052 = EDGE_CURVE('',#12038,#11751,#12053,.T.);
#12053 = B_SPLINE_CURVE_WITH_KNOTS('',5,(#12054,#12055,#12056,#12057,
    #12058,#12059,#12060,#12061,#12062,#12063,#12064,#12065,#12066,
    #12067),.UNSPECIFIED.,.F.,.F.,(6,4,4,6),(-0.38212309917,
    -4.281655465086E-07,6.283185735344,6.665307816687),.UNSPECIFIED.);
#12054 = CARTESIAN_POINT('',(10.994804243843,3.414502775528,
    2.135020857149));
#12055 = CARTESIAN_POINT('',(11.024050655788,3.343895691214,
    2.135020857149));
#12056 = CARTESIAN_POINT('',(11.053297063302,3.273288617596,
    2.135020857149));
#12057 = CARTESIAN_POINT('',(11.082543466386,3.202681554674,
    2.135020857149));
#12058 = CARTESIAN_POINT('',(11.11178986504,3.132074502448,
    2.135020857149));
#12059 = CARTESIAN_POINT('',(11.621930363327,1.900486393708,
    2.135020857149));
#12060 = CARTESIAN_POINT('',(11.874923987305,0.645092022978,
    2.135020857149));
#12061 = CARTESIAN_POINT('',(11.874925732041,-0.645087857169,
    2.135020857149));
#12062 = CARTESIAN_POINT('',(11.621931251104,-1.900484250426,
    2.135020857149));
#12063 = CARTESIAN_POINT('',(11.111789856179,-3.13207452384,
    2.135020857149));
#12064 = CARTESIAN_POINT('',(11.082543453095,-3.202681586762,
    2.135020857149));
#12065 = CARTESIAN_POINT('',(11.053297050011,-3.273288649684,
    2.135020857149));
#12066 = CARTESIAN_POINT('',(11.024050646927,-3.343895712606,
    2.135020857149));
#12067 = CARTESIAN_POINT('',(10.994804243843,-3.414502775528,
    2.135020857149));
#12068 = ORIENTED_EDGE('',*,*,#11750,.F.);
#12069 = ( BOUNDED_SURFACE() B_SPLINE_SURFACE(2,5,(
    (#12070,#12071,#12072,#12073,#12074,#12075,#12076,#12077,#12078
      ,#12079,#12080,#12081,#12082,#12083)
    ,(#12084,#12085,#12086,#12087,#12088,#12089,#12090,#12091,#12092
      ,#12093,#12094,#12095,#12096,#12097)
    ,(#12098,#12099,#12100,#12101,#12102,#12103,#12104,#12105,#12106
      ,#12107,#12108,#12109,#12110,#12111
)),.UNSPECIFIED.,.F.,.F.,.F.) B_SPLINE_SURFACE_WITH_KNOTS((3,3),(6,4,4,6
    ),(0.,6.283186163509),(-0.38212309917,-4.281655465086E-07,
    6.283185735344,6.665307816687),.UNSPECIFIED.) 
GEOMETRIC_REPRESENTATION_ITEM() RATIONAL_B_SPLINE_SURFACE((
    (1.,1.,1.,1.,1.,1.,1.,1.,1.,1.,1.,1.,1.,1.)
    ,(0.93061798229,0.93061798229,0.93061798229,0.93061798229
      ,0.93061798229,0.93061798229,0.93061798229,0.93061798229
      ,0.93061798229,0.93061798229,0.93061798229,0.93061798229
      ,0.93061798229,0.93061798229)
,(1.,1.,1.,1.,1.,1.,1.,1.,1.,1.,1.,1.,1.,1.
))) REPRESENTATION_ITEM('') SURFACE() );
#12070 = CARTESIAN_POINT('',(10.92055195284,3.383746464902,
    1.930661594627));
#12071 = CARTESIAN_POINT('',(10.950092181957,3.312430043078,
    1.930661594627));
#12072 = CARTESIAN_POINT('',(10.979485498038,3.241468300698,
    1.930661594627));
#12073 = CARTESIAN_POINT('',(11.008731901084,3.17086123776,
    1.930661594627));
#12074 = CARTESIAN_POINT('',(11.037831391094,3.100608854265,
    1.930661594627));
#12075 = CARTESIAN_POINT('',(11.542846878889,1.881393613491,
    1.930661594627));
#12076 = CARTESIAN_POINT('',(11.793298869276,0.638611325814,
    1.930661594627));
#12077 = CARTESIAN_POINT('',(11.793300574775,-0.638607268283,
    1.930661594627));
#12078 = CARTESIAN_POINT('',(11.542847775584,-1.881391448677,
    1.930661594627));
#12079 = CARTESIAN_POINT('',(11.037831381238,-3.100608878061,
    1.930661594627));
#12080 = CARTESIAN_POINT('',(11.008731886299,-3.170861273454,
    1.930661594627));
#12081 = CARTESIAN_POINT('',(10.979485483253,-3.241468336392,
    1.930661594627));
#12082 = CARTESIAN_POINT('',(10.9500921721,-3.312430066875,
    1.930661594627));
#12083 = CARTESIAN_POINT('',(10.92055195284,-3.383746464902,
    1.930661594627));
#12084 = CARTESIAN_POINT('',(10.994804243843,3.414502775528,
    2.017037309501));
#12085 = CARTESIAN_POINT('',(11.024050655788,3.343895691214,
    2.017037309501));
#12086 = CARTESIAN_POINT('',(11.053297063302,3.273288617596,
    2.017037309501));
#12087 = CARTESIAN_POINT('',(11.082543466386,3.202681554674,
    2.017037309501));
#12088 = CARTESIAN_POINT('',(11.11178986504,3.132074502448,
    2.017037309501));
#12089 = CARTESIAN_POINT('',(11.621930363327,1.900486393708,
    2.017037309501));
#12090 = CARTESIAN_POINT('',(11.874923987305,0.645092022978,
    2.017037309501));
#12091 = CARTESIAN_POINT('',(11.874925732041,-0.645087857169,
    2.017037309501));
#12092 = CARTESIAN_POINT('',(11.621931251104,-1.900484250426,
    2.017037309501));
#12093 = CARTESIAN_POINT('',(11.111789856179,-3.13207452384,
    2.017037309501));
#12094 = CARTESIAN_POINT('',(11.082543453095,-3.202681586762,
    2.017037309501));
#12095 = CARTESIAN_POINT('',(11.053297050011,-3.273288649684,
    2.017037309501));
#12096 = CARTESIAN_POINT('',(11.024050646927,-3.343895712606,
    2.017037309501));
#12097 = CARTESIAN_POINT('',(10.994804243843,-3.414502775528,
    2.017037309501));
#12098 = CARTESIAN_POINT('',(10.994804243843,3.414502775528,
    2.135020857149));
#12099 = CARTESIAN_POINT('',(11.024050655788,3.343895691214,
    2.135020857149));
#12100 = CARTESIAN_POINT('',(11.053297063302,3.273288617596,
    2.135020857149));
#12101 = CARTESIAN_POINT('',(11.082543466386,3.202681554674,
    2.135020857149));
#12102 = CARTESIAN_POINT('',(11.11178986504,3.132074502448,
    2.135020857149));
#12103 = CARTESIAN_POINT('',(11.621930363327,1.900486393708,
    2.135020857149));
#12104 = CARTESIAN_POINT('',(11.874923987305,0.645092022978,
    2.135020857149));
#12105 = CARTESIAN_POINT('',(11.874925732041,-0.645087857169,
    2.135020857149));
#12106 = CARTESIAN_POINT('',(11.621931251104,-1.900484250426,
    2.135020857149));
#12107 = CARTESIAN_POINT('',(11.111789856179,-3.13207452384,
    2.135020857149));
#12108 = CARTESIAN_POINT('',(11.082543453095,-3.202681586762,
    2.135020857149));
#12109 = CARTESIAN_POINT('',(11.053297050011,-3.273288649684,
    2.135020857149));
#12110 = CARTESIAN_POINT('',(11.024050646927,-3.343895712606,
    2.135020857149));
#12111 = CARTESIAN_POINT('',(10.994804243843,-3.414502775528,
    2.135020857149));
#12112 = ADVANCED_FACE('',(#12113),#12139,.T.);
#12113 = FACE_BOUND('',#12114,.T.);
#12114 = EDGE_LOOP('',(#12115,#12126,#12132,#12133));
#12115 = ORIENTED_EDGE('',*,*,#12116,.T.);
#12116 = EDGE_CURVE('',#12117,#12119,#12121,.T.);
#12117 = VERTEX_POINT('',#12118);
#12118 = CARTESIAN_POINT('',(11.14103626009,-3.061467458921,15.8));
#12119 = VERTEX_POINT('',#12120);
#12120 = CARTESIAN_POINT('',(11.14103626009,3.061467458921,15.8));
#12121 = CIRCLE('',#12122,8.);
#12122 = AXIS2_PLACEMENT_3D('',#12123,#12124,#12125);
#12123 = CARTESIAN_POINT('',(3.75,0.,15.8));
#12124 = DIRECTION('',(0.,-0.,-1.));
#12125 = DIRECTION('',(0.923879532511,-0.382683432365,0.));
#12126 = ORIENTED_EDGE('',*,*,#12127,.F.);
#12127 = EDGE_CURVE('',#11764,#12119,#12128,.T.);
#12128 = LINE('',#12129,#12130);
#12129 = CARTESIAN_POINT('',(11.14103626009,3.061467458921,2.));
#12130 = VECTOR('',#12131,1.);
#12131 = DIRECTION('',(0.,0.,1.));
#12132 = ORIENTED_EDGE('',*,*,#11763,.F.);
#12133 = ORIENTED_EDGE('',*,*,#12134,.T.);
#12134 = EDGE_CURVE('',#11751,#12117,#12135,.T.);
#12135 = LINE('',#12136,#12137);
#12136 = CARTESIAN_POINT('',(11.14103626009,-3.061467458921,2.));
#12137 = VECTOR('',#12138,1.);
#12138 = DIRECTION('',(0.,0.,1.));
#12139 = CYLINDRICAL_SURFACE('',#12140,8.);
#12140 = AXIS2_PLACEMENT_3D('',#12141,#12142,#12143);
#12141 = CARTESIAN_POINT('',(3.75,0.,2.));
#12142 = DIRECTION('',(0.,0.,1.));
#12143 = DIRECTION('',(0.923879532511,-0.382683432365,0.));
#12144 = ADVANCED_FACE('',(#12145),#12167,.T.);
#12145 = FACE_BOUND('',#12146,.T.);
#12146 = EDGE_LOOP('',(#12147,#12148,#12149,#12166));
#12147 = ORIENTED_EDGE('',*,*,#11927,.F.);
#12148 = ORIENTED_EDGE('',*,*,#11977,.F.);
#12149 = ORIENTED_EDGE('',*,*,#12150,.T.);
#12150 = EDGE_CURVE('',#11959,#12038,#12151,.T.);
#12151 = B_SPLINE_CURVE_WITH_KNOTS('',5,(#12152,#12153,#12154,#12155,
    #12156,#12157,#12158,#12159,#12160,#12161,#12162,#12163,#12164,
    #12165),.UNSPECIFIED.,.F.,.F.,(6,4,4,6),(-0.38212309917,
    -4.281655465086E-07,6.283185735344,6.665307816687),.UNSPECIFIED.);
#12152 = CARTESIAN_POINT('',(10.994804243843,3.414502775528,
    2.135020857149));
#12153 = CARTESIAN_POINT('',(11.024050655788,3.343895691214,
    2.135020857149));
#12154 = CARTESIAN_POINT('',(11.053297063302,3.273288617596,
    2.135020857149));
#12155 = CARTESIAN_POINT('',(11.082543466386,3.202681554674,
    2.135020857149));
#12156 = CARTESIAN_POINT('',(11.11178986504,3.132074502448,
    2.135020857149));
#12157 = CARTESIAN_POINT('',(11.621930363327,1.900486393708,
    2.135020857149));
#12158 = CARTESIAN_POINT('',(11.874923987305,0.645092022978,
    2.135020857149));
#12159 = CARTESIAN_POINT('',(11.874925732041,-0.645087857169,
    2.135020857149));
#12160 = CARTESIAN_POINT('',(11.621931251104,-1.900484250426,
    2.135020857149));
#12161 = CARTESIAN_POINT('',(11.111789856179,-3.13207452384,
    2.135020857149));
#12162 = CARTESIAN_POINT('',(11.082543453095,-3.202681586762,
    2.135020857149));
#12163 = CARTESIAN_POINT('',(11.053297050011,-3.273288649684,
    2.135020857149));
#12164 = CARTESIAN_POINT('',(11.024050646927,-3.343895712606,
    2.135020857149));
#12165 = CARTESIAN_POINT('',(10.994804243843,-3.414502775528,
    2.135020857149));
#12166 = ORIENTED_EDGE('',*,*,#12037,.T.);
#12167 = ( BOUNDED_SURFACE() B_SPLINE_SURFACE(2,5,(
    (#12168,#12169,#12170,#12171,#12172,#12173,#12174,#12175,#12176
      ,#12177,#12178,#12179,#12180,#12181)
    ,(#12182,#12183,#12184,#12185,#12186,#12187,#12188,#12189,#12190
      ,#12191,#12192,#12193,#12194,#12195)
    ,(#12196,#12197,#12198,#12199,#12200,#12201,#12202,#12203,#12204
      ,#12205,#12206,#12207,#12208,#12209
)),.UNSPECIFIED.,.F.,.F.,.F.) B_SPLINE_SURFACE_WITH_KNOTS((3,3),(6,4,4,6
    ),(0.,6.283186163509),(-0.38212309917,-4.281655465086E-07,
    6.283185735344,6.665307816687),.UNSPECIFIED.) 
GEOMETRIC_REPRESENTATION_ITEM() RATIONAL_B_SPLINE_SURFACE((
    (1.,1.,1.,1.,1.,1.,1.,1.,1.,1.,1.,1.,1.,1.)
    ,(0.93061798229,0.93061798229,0.93061798229,0.93061798229
      ,0.93061798229,0.93061798229,0.93061798229,0.93061798229
      ,0.93061798229,0.93061798229,0.93061798229,0.93061798229
      ,0.93061798229,0.93061798229)
,(1.,1.,1.,1.,1.,1.,1.,1.,1.,1.,1.,1.,1.,1.
))) REPRESENTATION_ITEM('') SURFACE() );
#12168 = CARTESIAN_POINT('',(10.92055195284,3.383746464902,
    1.930661594627));
#12169 = CARTESIAN_POINT('',(10.950092181957,3.312430043078,
    1.930661594627));
#12170 = CARTESIAN_POINT('',(10.979485498038,3.241468300698,
    1.930661594627));
#12171 = CARTESIAN_POINT('',(11.008731901084,3.17086123776,
    1.930661594627));
#12172 = CARTESIAN_POINT('',(11.037831391094,3.100608854265,
    1.930661594627));
#12173 = CARTESIAN_POINT('',(11.542846878889,1.881393613491,
    1.930661594627));
#12174 = CARTESIAN_POINT('',(11.793298869276,0.638611325814,
    1.930661594627));
#12175 = CARTESIAN_POINT('',(11.793300574775,-0.638607268283,
    1.930661594627));
#12176 = CARTESIAN_POINT('',(11.542847775584,-1.881391448677,
    1.930661594627));
#12177 = CARTESIAN_POINT('',(11.037831381238,-3.100608878061,
    1.930661594627));
#12178 = CARTESIAN_POINT('',(11.008731886299,-3.170861273454,
    1.930661594627));
#12179 = CARTESIAN_POINT('',(10.979485483253,-3.241468336392,
    1.930661594627));
#12180 = CARTESIAN_POINT('',(10.9500921721,-3.312430066875,
    1.930661594627));
#12181 = CARTESIAN_POINT('',(10.92055195284,-3.383746464902,
    1.930661594627));
#12182 = CARTESIAN_POINT('',(10.994804243843,3.414502775528,
    2.017037309501));
#12183 = CARTESIAN_POINT('',(11.024050655788,3.343895691214,
    2.017037309501));
#12184 = CARTESIAN_POINT('',(11.053297063302,3.273288617596,
    2.017037309501));
#12185 = CARTESIAN_POINT('',(11.082543466386,3.202681554674,
    2.017037309501));
#12186 = CARTESIAN_POINT('',(11.11178986504,3.132074502448,
    2.017037309501));
#12187 = CARTESIAN_POINT('',(11.621930363327,1.900486393708,
    2.017037309501));
#12188 = CARTESIAN_POINT('',(11.874923987305,0.645092022978,
    2.017037309501));
#12189 = CARTESIAN_POINT('',(11.874925732041,-0.645087857169,
    2.017037309501));
#12190 = CARTESIAN_POINT('',(11.621931251104,-1.900484250426,
    2.017037309501));
#12191 = CARTESIAN_POINT('',(11.111789856179,-3.13207452384,
    2.017037309501));
#12192 = CARTESIAN_POINT('',(11.082543453095,-3.202681586762,
    2.017037309501));
#12193 = CARTESIAN_POINT('',(11.053297050011,-3.273288649684,
    2.017037309501));
#12194 = CARTESIAN_POINT('',(11.024050646927,-3.343895712606,
    2.017037309501));
#12195 = CARTESIAN_POINT('',(10.994804243843,-3.414502775528,
    2.017037309501));
#12196 = CARTESIAN_POINT('',(10.994804243843,3.414502775528,
    2.135020857149));
#12197 = CARTESIAN_POINT('',(11.024050655788,3.343895691214,
    2.135020857149));
#12198 = CARTESIAN_POINT('',(11.053297063302,3.273288617596,
    2.135020857149));
#12199 = CARTESIAN_POINT('',(11.082543466386,3.202681554674,
    2.135020857149));
#12200 = CARTESIAN_POINT('',(11.11178986504,3.132074502448,
    2.135020857149));
#12201 = CARTESIAN_POINT('',(11.621930363327,1.900486393708,
    2.135020857149));
#12202 = CARTESIAN_POINT('',(11.874923987305,0.645092022978,
    2.135020857149));
#12203 = CARTESIAN_POINT('',(11.874925732041,-0.645087857169,
    2.135020857149));
#12204 = CARTESIAN_POINT('',(11.621931251104,-1.900484250426,
    2.135020857149));
#12205 = CARTESIAN_POINT('',(11.111789856179,-3.13207452384,
    2.135020857149));
#12206 = CARTESIAN_POINT('',(11.082543453095,-3.202681586762,
    2.135020857149));
#12207 = CARTESIAN_POINT('',(11.053297050011,-3.273288649684,
    2.135020857149));
#12208 = CARTESIAN_POINT('',(11.024050646927,-3.343895712606,
    2.135020857149));
#12209 = CARTESIAN_POINT('',(10.994804243843,-3.414502775528,
    2.135020857149));
#12210 = ADVANCED_FACE('',(#12211,#12282,#12388,#12494),#12600,.T.);
#12211 = FACE_BOUND('',#12212,.T.);
#12212 = EDGE_LOOP('',(#12213,#12220,#12221,#12222,#12230,#12244,#12253,
    #12267,#12274,#12280,#12281));
#12213 = ORIENTED_EDGE('',*,*,#12214,.T.);
#12214 = EDGE_CURVE('',#12119,#12117,#12215,.T.);
#12215 = CIRCLE('',#12216,8.);
#12216 = AXIS2_PLACEMENT_3D('',#12217,#12218,#12219);
#12217 = CARTESIAN_POINT('',(3.75,0.,15.8));
#12218 = DIRECTION('',(0.,0.,-1.));
#12219 = DIRECTION('',(0.923879532511,0.382683432365,0.));
#12220 = ORIENTED_EDGE('',*,*,#12134,.F.);
#12221 = ORIENTED_EDGE('',*,*,#12052,.F.);
#12222 = ORIENTED_EDGE('',*,*,#12223,.T.);
#12223 = EDGE_CURVE('',#12038,#12224,#12226,.T.);
#12224 = VERTEX_POINT('',#12225);
#12225 = CARTESIAN_POINT('',(11.74609279586,-0.25,2.751));
#12226 = LINE('',#12227,#12228);
#12227 = CARTESIAN_POINT('',(11.74609279586,-0.25,2.));
#12228 = VECTOR('',#12229,1.);
#12229 = DIRECTION('',(0.,0.,1.));
#12230 = ORIENTED_EDGE('',*,*,#12231,.F.);
#12231 = EDGE_CURVE('',#12232,#12224,#12234,.T.);
#12232 = VERTEX_POINT('',#12233);
#12233 = CARTESIAN_POINT('',(11.7499999375,-1.000000000001E-03,3.));
#12234 = B_SPLINE_CURVE_WITH_KNOTS('',8,(#12235,#12236,#12237,#12238,
    #12239,#12240,#12241,#12242,#12243),.UNSPECIFIED.,.F.,.F.,(9,9),(0.,
    1.),.PIECEWISE_BEZIER_KNOTS.);
#12235 = CARTESIAN_POINT('',(11.7499999375,-1.000000000001E-03,3.));
#12236 = CARTESIAN_POINT('',(11.749993076129,-5.58909673587E-02,3.));
#12237 = CARTESIAN_POINT('',(11.749556103948,-0.107730635742,
    2.986170860099));
#12238 = CARTESIAN_POINT('',(11.748773592036,-0.153582470172,
    2.961202627104));
#12239 = CARTESIAN_POINT('',(11.747850112637,-0.191729906813,
    2.927426886684));
#12240 = CARTESIAN_POINT('',(11.747003174003,-0.220873039193,
    2.887222392653));
#12241 = CARTESIAN_POINT('',(11.746394352986,-0.240356869526,
    2.842936823341));
#12242 = CARTESIAN_POINT('',(11.74609279586,-0.25,2.796838636828));
#12243 = CARTESIAN_POINT('',(11.74609279586,-0.25,2.751));
#12244 = ORIENTED_EDGE('',*,*,#12245,.T.);
#12245 = EDGE_CURVE('',#12232,#12246,#12248,.T.);
#12246 = VERTEX_POINT('',#12247);
#12247 = CARTESIAN_POINT('',(11.7499999375,9.999999999991E-04,3.));
#12248 = CIRCLE('',#12249,8.);
#12249 = AXIS2_PLACEMENT_3D('',#12250,#12251,#12252);
#12250 = CARTESIAN_POINT('',(3.75,0.,3.));
#12251 = DIRECTION('',(0.,-0.,1.));
#12252 = DIRECTION('',(0.923879532511,0.382683432365,0.));
#12253 = ORIENTED_EDGE('',*,*,#12254,.F.);
#12254 = EDGE_CURVE('',#12255,#12246,#12257,.T.);
#12255 = VERTEX_POINT('',#12256);
#12256 = CARTESIAN_POINT('',(11.746092805235,0.249999700147,
    2.751386428451));
#12257 = B_SPLINE_CURVE_WITH_KNOTS('',8,(#12258,#12259,#12260,#12261,
    #12262,#12263,#12264,#12265,#12266),.UNSPECIFIED.,.F.,.F.,(9,9),(0.,
    1.),.PIECEWISE_BEZIER_KNOTS.);
#12258 = CARTESIAN_POINT('',(11.746092805235,0.249999700147,
    2.751386428451));
#12259 = CARTESIAN_POINT('',(11.746095028934,0.249928576453,
    2.797215813919));
#12260 = CARTESIAN_POINT('',(11.746398705367,0.240217886461,
    2.843211047016));
#12261 = CARTESIAN_POINT('',(11.747007218851,0.220731366176,
    2.887399760713));
#12262 = CARTESIAN_POINT('',(11.747853066884,0.191595555781,
    2.927556312695));
#12263 = CARTESIAN_POINT('',(11.748776652499,0.153442234324,
    2.961298856919));
#12264 = CARTESIAN_POINT('',(11.749557644647,0.107587354222,
    2.986220058684));
#12265 = CARTESIAN_POINT('',(11.749993088303,5.579357808432E-02,3.));
#12266 = CARTESIAN_POINT('',(11.7499999375,1.000000000001E-03,3.));
#12267 = ORIENTED_EDGE('',*,*,#12268,.F.);
#12268 = EDGE_CURVE('',#12269,#12255,#12271,.T.);
#12269 = VERTEX_POINT('',#12270);
#12270 = CARTESIAN_POINT('',(11.74609279586,0.25,2.751));
#12271 = B_SPLINE_CURVE_WITH_KNOTS('',1,(#12272,#12273),.UNSPECIFIED.,
  .F.,.F.,(2,2),(0.,1.),.PIECEWISE_BEZIER_KNOTS.);
#12272 = CARTESIAN_POINT('',(11.74609279586,0.25,2.751));
#12273 = CARTESIAN_POINT('',(11.746092805235,0.249999700147,
    2.751386428451));
#12274 = ORIENTED_EDGE('',*,*,#12275,.F.);
#12275 = EDGE_CURVE('',#11959,#12269,#12276,.T.);
#12276 = LINE('',#12277,#12278);
#12277 = CARTESIAN_POINT('',(11.74609279586,0.25,2.));
#12278 = VECTOR('',#12279,1.);
#12279 = DIRECTION('',(0.,0.,1.));
#12280 = ORIENTED_EDGE('',*,*,#11958,.F.);
#12281 = ORIENTED_EDGE('',*,*,#12127,.T.);
#12282 = FACE_BOUND('',#12283,.T.);
#12283 = EDGE_LOOP('',(#12284,#12300,#12307,#12315,#12322,#12336,#12345,
    #12359,#12367,#12381));
#12284 = ORIENTED_EDGE('',*,*,#12285,.F.);
#12285 = EDGE_CURVE('',#12286,#12288,#12290,.T.);
#12286 = VERTEX_POINT('',#12287);
#12287 = CARTESIAN_POINT('',(11.746092805235,0.249999700147,
    14.751386428451));
#12288 = VERTEX_POINT('',#12289);
#12289 = CARTESIAN_POINT('',(11.7499999375,9.999999999991E-04,15.));
#12290 = B_SPLINE_CURVE_WITH_KNOTS('',8,(#12291,#12292,#12293,#12294,
    #12295,#12296,#12297,#12298,#12299),.UNSPECIFIED.,.F.,.F.,(9,9),(0.,
    1.),.PIECEWISE_BEZIER_KNOTS.);
#12291 = CARTESIAN_POINT('',(11.746092805235,0.249999700147,
    14.751386428451));
#12292 = CARTESIAN_POINT('',(11.746095028934,0.249928576453,
    14.797215813918));
#12293 = CARTESIAN_POINT('',(11.746398705367,0.240217886461,
    14.843211047015));
#12294 = CARTESIAN_POINT('',(11.747007218851,0.220731366177,
    14.887399760713));
#12295 = CARTESIAN_POINT('',(11.747853066884,0.191595555779,
    14.927556312696));
#12296 = CARTESIAN_POINT('',(11.748776652499,0.153442234325,
    14.961298856918));
#12297 = CARTESIAN_POINT('',(11.749557644647,0.107587354222,
    14.986220058684));
#12298 = CARTESIAN_POINT('',(11.749993088303,5.579357808522E-02,15.));
#12299 = CARTESIAN_POINT('',(11.7499999375,1.000000000001E-03,15.));
#12300 = ORIENTED_EDGE('',*,*,#12301,.F.);
#12301 = EDGE_CURVE('',#12302,#12286,#12304,.T.);
#12302 = VERTEX_POINT('',#12303);
#12303 = CARTESIAN_POINT('',(11.74609279586,0.25,14.751));
#12304 = B_SPLINE_CURVE_WITH_KNOTS('',1,(#12305,#12306),.UNSPECIFIED.,
  .F.,.F.,(2,2),(0.,1.),.PIECEWISE_BEZIER_KNOTS.);
#12305 = CARTESIAN_POINT('',(11.74609279586,0.25,14.751));
#12306 = CARTESIAN_POINT('',(11.746092805235,0.249999700147,
    14.751386428451));
#12307 = ORIENTED_EDGE('',*,*,#12308,.F.);
#12308 = EDGE_CURVE('',#12309,#12302,#12311,.T.);
#12309 = VERTEX_POINT('',#12310);
#12310 = CARTESIAN_POINT('',(11.74609279586,0.25,13.249));
#12311 = LINE('',#12312,#12313);
#12312 = CARTESIAN_POINT('',(11.74609279586,0.25,2.));
#12313 = VECTOR('',#12314,1.);
#12314 = DIRECTION('',(0.,0.,1.));
#12315 = ORIENTED_EDGE('',*,*,#12316,.T.);
#12316 = EDGE_CURVE('',#12309,#12317,#12319,.T.);
#12317 = VERTEX_POINT('',#12318);
#12318 = CARTESIAN_POINT('',(11.746092805235,0.249999700147,
    13.248613571549));
#12319 = B_SPLINE_CURVE_WITH_KNOTS('',1,(#12320,#12321),.UNSPECIFIED.,
  .F.,.F.,(2,2),(0.,1.),.PIECEWISE_BEZIER_KNOTS.);
#12320 = CARTESIAN_POINT('',(11.74609279586,0.25,13.249));
#12321 = CARTESIAN_POINT('',(11.746092805235,0.249999700147,
    13.248613571549));
#12322 = ORIENTED_EDGE('',*,*,#12323,.T.);
#12323 = EDGE_CURVE('',#12317,#12324,#12326,.T.);
#12324 = VERTEX_POINT('',#12325);
#12325 = CARTESIAN_POINT('',(11.7499999375,9.999999999991E-04,13.));
#12326 = B_SPLINE_CURVE_WITH_KNOTS('',8,(#12327,#12328,#12329,#12330,
    #12331,#12332,#12333,#12334,#12335),.UNSPECIFIED.,.F.,.F.,(9,9),(0.,
    1.),.PIECEWISE_BEZIER_KNOTS.);
#12327 = CARTESIAN_POINT('',(11.746092805235,0.249999700147,
    13.248613571549));
#12328 = CARTESIAN_POINT('',(11.746095028934,0.249928576453,
    13.20278418608));
#12329 = CARTESIAN_POINT('',(11.746398705367,0.240217886461,
    13.156788952985));
#12330 = CARTESIAN_POINT('',(11.747007218851,0.220731366176,
    13.112600239285));
#12331 = CARTESIAN_POINT('',(11.747853066884,0.191595555782,
    13.072443687307));
#12332 = CARTESIAN_POINT('',(11.748776652499,0.153442234324,
    13.03870114308));
#12333 = CARTESIAN_POINT('',(11.749557644647,0.107587354222,
    13.013779941316));
#12334 = CARTESIAN_POINT('',(11.749993088303,5.579357808353E-02,13.));
#12335 = CARTESIAN_POINT('',(11.7499999375,1.000000000001E-03,13.));
#12336 = ORIENTED_EDGE('',*,*,#12337,.F.);
#12337 = EDGE_CURVE('',#12338,#12324,#12340,.T.);
#12338 = VERTEX_POINT('',#12339);
#12339 = CARTESIAN_POINT('',(11.7499999375,-1.000000000001E-03,13.));
#12340 = CIRCLE('',#12341,8.);
#12341 = AXIS2_PLACEMENT_3D('',#12342,#12343,#12344);
#12342 = CARTESIAN_POINT('',(3.75,0.,13.));
#12343 = DIRECTION('',(0.,-0.,1.));
#12344 = DIRECTION('',(0.923879532511,0.382683432365,0.));
#12345 = ORIENTED_EDGE('',*,*,#12346,.T.);
#12346 = EDGE_CURVE('',#12338,#12347,#12349,.T.);
#12347 = VERTEX_POINT('',#12348);
#12348 = CARTESIAN_POINT('',(11.74609279586,-0.25,13.249));
#12349 = B_SPLINE_CURVE_WITH_KNOTS('',8,(#12350,#12351,#12352,#12353,
    #12354,#12355,#12356,#12357,#12358),.UNSPECIFIED.,.F.,.F.,(9,9),(0.,
    1.),.PIECEWISE_BEZIER_KNOTS.);
#12350 = CARTESIAN_POINT('',(11.7499999375,-1.000000000001E-03,13.));
#12351 = CARTESIAN_POINT('',(11.749993076129,-5.589096735831E-02,13.));
#12352 = CARTESIAN_POINT('',(11.749556103948,-0.107730635743,
    13.013829139901));
#12353 = CARTESIAN_POINT('',(11.748773592036,-0.153582470172,
    13.038797372896));
#12354 = CARTESIAN_POINT('',(11.747850112637,-0.191729906813,
    13.072573113316));
#12355 = CARTESIAN_POINT('',(11.747003174003,-0.220873039192,
    13.112777607346));
#12356 = CARTESIAN_POINT('',(11.746394352986,-0.240356869526,
    13.15706317666));
#12357 = CARTESIAN_POINT('',(11.74609279586,-0.25,13.203161363172));
#12358 = CARTESIAN_POINT('',(11.74609279586,-0.25,13.249));
#12359 = ORIENTED_EDGE('',*,*,#12360,.T.);
#12360 = EDGE_CURVE('',#12347,#12361,#12363,.T.);
#12361 = VERTEX_POINT('',#12362);
#12362 = CARTESIAN_POINT('',(11.74609279586,-0.25,14.751));
#12363 = LINE('',#12364,#12365);
#12364 = CARTESIAN_POINT('',(11.74609279586,-0.25,2.));
#12365 = VECTOR('',#12366,1.);
#12366 = DIRECTION('',(0.,0.,1.));
#12367 = ORIENTED_EDGE('',*,*,#12368,.F.);
#12368 = EDGE_CURVE('',#12369,#12361,#12371,.T.);
#12369 = VERTEX_POINT('',#12370);
#12370 = CARTESIAN_POINT('',(11.7499999375,-1.000000000001E-03,15.));
#12371 = B_SPLINE_CURVE_WITH_KNOTS('',8,(#12372,#12373,#12374,#12375,
    #12376,#12377,#12378,#12379,#12380),.UNSPECIFIED.,.F.,.F.,(9,9),(0.,
    1.),.PIECEWISE_BEZIER_KNOTS.);
#12372 = CARTESIAN_POINT('',(11.7499999375,-1.000000000001E-03,15.));
#12373 = CARTESIAN_POINT('',(11.749993076129,-5.589096735892E-02,15.));
#12374 = CARTESIAN_POINT('',(11.749556103948,-0.107730635741,
    14.9861708601));
#12375 = CARTESIAN_POINT('',(11.748773592036,-0.153582470174,
    14.961202627103));
#12376 = CARTESIAN_POINT('',(11.747850112637,-0.191729906811,
    14.927426886685));
#12377 = CARTESIAN_POINT('',(11.747003174003,-0.220873039194,
    14.887222392652));
#12378 = CARTESIAN_POINT('',(11.746394352986,-0.240356869525,
    14.842936823342));
#12379 = CARTESIAN_POINT('',(11.74609279586,-0.25,14.796838636827));
#12380 = CARTESIAN_POINT('',(11.74609279586,-0.25,14.751));
#12381 = ORIENTED_EDGE('',*,*,#12382,.T.);
#12382 = EDGE_CURVE('',#12369,#12288,#12383,.T.);
#12383 = CIRCLE('',#12384,8.);
#12384 = AXIS2_PLACEMENT_3D('',#12385,#12386,#12387);
#12385 = CARTESIAN_POINT('',(3.75,0.,15.));
#12386 = DIRECTION('',(0.,-0.,1.));
#12387 = DIRECTION('',(0.923879532511,0.382683432365,0.));
#12388 = FACE_BOUND('',#12389,.T.);
#12389 = EDGE_LOOP('',(#12390,#12406,#12415,#12429,#12437,#12451,#12460,
    #12474,#12481,#12489));
#12390 = ORIENTED_EDGE('',*,*,#12391,.T.);
#12391 = EDGE_CURVE('',#12392,#12394,#12396,.T.);
#12392 = VERTEX_POINT('',#12393);
#12393 = CARTESIAN_POINT('',(11.746092805235,0.249999700147,
    9.248613571549));
#12394 = VERTEX_POINT('',#12395);
#12395 = CARTESIAN_POINT('',(11.7499999375,9.999999999991E-04,9.));
#12396 = B_SPLINE_CURVE_WITH_KNOTS('',8,(#12397,#12398,#12399,#12400,
    #12401,#12402,#12403,#12404,#12405),.UNSPECIFIED.,.F.,.F.,(9,9),(0.,
    1.),.PIECEWISE_BEZIER_KNOTS.);
#12397 = CARTESIAN_POINT('',(11.746092805235,0.249999700147,
    9.248613571549));
#12398 = CARTESIAN_POINT('',(11.746095028934,0.249928576453,
    9.202784186079));
#12399 = CARTESIAN_POINT('',(11.746398705367,0.240217886461,
    9.156788952986));
#12400 = CARTESIAN_POINT('',(11.747007218851,0.220731366177,
    9.112600239286));
#12401 = CARTESIAN_POINT('',(11.747853066884,0.191595555781,
    9.072443687306));
#12402 = CARTESIAN_POINT('',(11.748776652499,0.153442234325,
    9.038701143081));
#12403 = CARTESIAN_POINT('',(11.749557644647,0.107587354222,
    9.013779941316));
#12404 = CARTESIAN_POINT('',(11.749993088303,5.579357808342E-02,9.));
#12405 = CARTESIAN_POINT('',(11.7499999375,1.000000000001E-03,9.));
#12406 = ORIENTED_EDGE('',*,*,#12407,.F.);
#12407 = EDGE_CURVE('',#12408,#12394,#12410,.T.);
#12408 = VERTEX_POINT('',#12409);
#12409 = CARTESIAN_POINT('',(11.7499999375,-1.000000000001E-03,9.));
#12410 = CIRCLE('',#12411,8.);
#12411 = AXIS2_PLACEMENT_3D('',#12412,#12413,#12414);
#12412 = CARTESIAN_POINT('',(3.75,0.,9.));
#12413 = DIRECTION('',(0.,-0.,1.));
#12414 = DIRECTION('',(0.923879532511,0.382683432365,0.));
#12415 = ORIENTED_EDGE('',*,*,#12416,.T.);
#12416 = EDGE_CURVE('',#12408,#12417,#12419,.T.);
#12417 = VERTEX_POINT('',#12418);
#12418 = CARTESIAN_POINT('',(11.74609279586,-0.25,9.249));
#12419 = B_SPLINE_CURVE_WITH_KNOTS('',8,(#12420,#12421,#12422,#12423,
    #12424,#12425,#12426,#12427,#12428),.UNSPECIFIED.,.F.,.F.,(9,9),(0.,
    1.),.PIECEWISE_BEZIER_KNOTS.);
#12420 = CARTESIAN_POINT('',(11.7499999375,-1.000000000001E-03,9.));
#12421 = CARTESIAN_POINT('',(11.749993076129,-5.589096735842E-02,9.));
#12422 = CARTESIAN_POINT('',(11.749556103948,-0.107730635742,
    9.0138291399));
#12423 = CARTESIAN_POINT('',(11.748773592036,-0.153582470173,
    9.038797372896));
#12424 = CARTESIAN_POINT('',(11.747850112637,-0.191729906811,
    9.072573113316));
#12425 = CARTESIAN_POINT('',(11.747003174003,-0.220873039193,
    9.112777607346));
#12426 = CARTESIAN_POINT('',(11.746394352986,-0.240356869526,
    9.15706317666));
#12427 = CARTESIAN_POINT('',(11.74609279586,-0.25,9.203161363172));
#12428 = CARTESIAN_POINT('',(11.74609279586,-0.25,9.249));
#12429 = ORIENTED_EDGE('',*,*,#12430,.T.);
#12430 = EDGE_CURVE('',#12417,#12431,#12433,.T.);
#12431 = VERTEX_POINT('',#12432);
#12432 = CARTESIAN_POINT('',(11.74609279586,-0.25,10.751));
#12433 = LINE('',#12434,#12435);
#12434 = CARTESIAN_POINT('',(11.74609279586,-0.25,2.));
#12435 = VECTOR('',#12436,1.);
#12436 = DIRECTION('',(0.,0.,1.));
#12437 = ORIENTED_EDGE('',*,*,#12438,.F.);
#12438 = EDGE_CURVE('',#12439,#12431,#12441,.T.);
#12439 = VERTEX_POINT('',#12440);
#12440 = CARTESIAN_POINT('',(11.7499999375,-1.000000000001E-03,11.));
#12441 = B_SPLINE_CURVE_WITH_KNOTS('',8,(#12442,#12443,#12444,#12445,
    #12446,#12447,#12448,#12449,#12450),.UNSPECIFIED.,.F.,.F.,(9,9),(0.,
    1.),.PIECEWISE_BEZIER_KNOTS.);
#12442 = CARTESIAN_POINT('',(11.7499999375,-1.000000000001E-03,11.));
#12443 = CARTESIAN_POINT('',(11.749993076129,-5.589096735892E-02,11.));
#12444 = CARTESIAN_POINT('',(11.749556103948,-0.107730635741,
    10.9861708601));
#12445 = CARTESIAN_POINT('',(11.748773592036,-0.153582470174,
    10.961202627103));
#12446 = CARTESIAN_POINT('',(11.747850112637,-0.191729906811,
    10.927426886685));
#12447 = CARTESIAN_POINT('',(11.747003174003,-0.220873039194,
    10.887222392652));
#12448 = CARTESIAN_POINT('',(11.746394352986,-0.240356869525,
    10.842936823342));
#12449 = CARTESIAN_POINT('',(11.74609279586,-0.25,10.796838636827));
#12450 = CARTESIAN_POINT('',(11.74609279586,-0.25,10.751));
#12451 = ORIENTED_EDGE('',*,*,#12452,.T.);
#12452 = EDGE_CURVE('',#12439,#12453,#12455,.T.);
#12453 = VERTEX_POINT('',#12454);
#12454 = CARTESIAN_POINT('',(11.7499999375,9.999999999991E-04,11.));
#12455 = CIRCLE('',#12456,8.);
#12456 = AXIS2_PLACEMENT_3D('',#12457,#12458,#12459);
#12457 = CARTESIAN_POINT('',(3.75,0.,11.));
#12458 = DIRECTION('',(0.,-0.,1.));
#12459 = DIRECTION('',(0.923879532511,0.382683432365,0.));
#12460 = ORIENTED_EDGE('',*,*,#12461,.F.);
#12461 = EDGE_CURVE('',#12462,#12453,#12464,.T.);
#12462 = VERTEX_POINT('',#12463);
#12463 = CARTESIAN_POINT('',(11.746092805235,0.249999700147,
    10.751386428451));
#12464 = B_SPLINE_CURVE_WITH_KNOTS('',8,(#12465,#12466,#12467,#12468,
    #12469,#12470,#12471,#12472,#12473),.UNSPECIFIED.,.F.,.F.,(9,9),(0.,
    1.),.PIECEWISE_BEZIER_KNOTS.);
#12465 = CARTESIAN_POINT('',(11.746092805235,0.249999700147,
    10.751386428451));
#12466 = CARTESIAN_POINT('',(11.746095028934,0.249928576453,
    10.797215813918));
#12467 = CARTESIAN_POINT('',(11.746398705367,0.240217886461,
    10.843211047015));
#12468 = CARTESIAN_POINT('',(11.747007218851,0.220731366177,
    10.887399760713));
#12469 = CARTESIAN_POINT('',(11.747853066884,0.191595555779,
    10.927556312696));
#12470 = CARTESIAN_POINT('',(11.748776652499,0.153442234325,
    10.961298856918));
#12471 = CARTESIAN_POINT('',(11.749557644647,0.107587354222,
    10.986220058684));
#12472 = CARTESIAN_POINT('',(11.749993088303,5.579357808522E-02,11.));
#12473 = CARTESIAN_POINT('',(11.7499999375,1.000000000001E-03,11.));
#12474 = ORIENTED_EDGE('',*,*,#12475,.F.);
#12475 = EDGE_CURVE('',#12476,#12462,#12478,.T.);
#12476 = VERTEX_POINT('',#12477);
#12477 = CARTESIAN_POINT('',(11.74609279586,0.25,10.751));
#12478 = B_SPLINE_CURVE_WITH_KNOTS('',1,(#12479,#12480),.UNSPECIFIED.,
  .F.,.F.,(2,2),(0.,1.),.PIECEWISE_BEZIER_KNOTS.);
#12479 = CARTESIAN_POINT('',(11.74609279586,0.25,10.751));
#12480 = CARTESIAN_POINT('',(11.746092805235,0.249999700147,
    10.751386428451));
#12481 = ORIENTED_EDGE('',*,*,#12482,.F.);
#12482 = EDGE_CURVE('',#12483,#12476,#12485,.T.);
#12483 = VERTEX_POINT('',#12484);
#12484 = CARTESIAN_POINT('',(11.74609279586,0.25,9.249));
#12485 = LINE('',#12486,#12487);
#12486 = CARTESIAN_POINT('',(11.74609279586,0.25,2.));
#12487 = VECTOR('',#12488,1.);
#12488 = DIRECTION('',(0.,0.,1.));
#12489 = ORIENTED_EDGE('',*,*,#12490,.T.);
#12490 = EDGE_CURVE('',#12483,#12392,#12491,.T.);
#12491 = B_SPLINE_CURVE_WITH_KNOTS('',1,(#12492,#12493),.UNSPECIFIED.,
  .F.,.F.,(2,2),(0.,1.),.PIECEWISE_BEZIER_KNOTS.);
#12492 = CARTESIAN_POINT('',(11.74609279586,0.25,9.249));
#12493 = CARTESIAN_POINT('',(11.746092805235,0.249999700147,
    9.248613571549));
#12494 = FACE_BOUND('',#12495,.T.);
#12495 = EDGE_LOOP('',(#12496,#12512,#12521,#12535,#12543,#12557,#12566,
    #12580,#12587,#12595));
#12496 = ORIENTED_EDGE('',*,*,#12497,.T.);
#12497 = EDGE_CURVE('',#12498,#12500,#12502,.T.);
#12498 = VERTEX_POINT('',#12499);
#12499 = CARTESIAN_POINT('',(11.746092805235,0.249999700147,
    5.248613571549));
#12500 = VERTEX_POINT('',#12501);
#12501 = CARTESIAN_POINT('',(11.7499999375,9.999999999991E-04,5.));
#12502 = B_SPLINE_CURVE_WITH_KNOTS('',8,(#12503,#12504,#12505,#12506,
    #12507,#12508,#12509,#12510,#12511),.UNSPECIFIED.,.F.,.F.,(9,9),(0.,
    1.),.PIECEWISE_BEZIER_KNOTS.);
#12503 = CARTESIAN_POINT('',(11.746092805235,0.249999700147,
    5.248613571549));
#12504 = CARTESIAN_POINT('',(11.746095028934,0.249928576453,
    5.202784186079));
#12505 = CARTESIAN_POINT('',(11.746398705367,0.240217886461,
    5.156788952985));
#12506 = CARTESIAN_POINT('',(11.747007218851,0.220731366176,
    5.112600239287));
#12507 = CARTESIAN_POINT('',(11.747853066884,0.191595555782,
    5.072443687307));
#12508 = CARTESIAN_POINT('',(11.748776652499,0.153442234325,
    5.03870114308));
#12509 = CARTESIAN_POINT('',(11.749557644647,0.107587354221,
    5.013779941316));
#12510 = CARTESIAN_POINT('',(11.749993088303,5.579357808302E-02,5.));
#12511 = CARTESIAN_POINT('',(11.7499999375,1.000000000001E-03,5.));
#12512 = ORIENTED_EDGE('',*,*,#12513,.F.);
#12513 = EDGE_CURVE('',#12514,#12500,#12516,.T.);
#12514 = VERTEX_POINT('',#12515);
#12515 = CARTESIAN_POINT('',(11.7499999375,-1.000000000001E-03,5.));
#12516 = CIRCLE('',#12517,8.);
#12517 = AXIS2_PLACEMENT_3D('',#12518,#12519,#12520);
#12518 = CARTESIAN_POINT('',(3.75,0.,5.));
#12519 = DIRECTION('',(0.,-0.,1.));
#12520 = DIRECTION('',(0.923879532511,0.382683432365,0.));
#12521 = ORIENTED_EDGE('',*,*,#12522,.T.);
#12522 = EDGE_CURVE('',#12514,#12523,#12525,.T.);
#12523 = VERTEX_POINT('',#12524);
#12524 = CARTESIAN_POINT('',(11.74609279586,-0.25,5.249));
#12525 = B_SPLINE_CURVE_WITH_KNOTS('',8,(#12526,#12527,#12528,#12529,
    #12530,#12531,#12532,#12533,#12534),.UNSPECIFIED.,.F.,.F.,(9,9),(0.,
    1.),.PIECEWISE_BEZIER_KNOTS.);
#12526 = CARTESIAN_POINT('',(11.7499999375,-1.000000000001E-03,5.));
#12527 = CARTESIAN_POINT('',(11.749993076129,-5.589096735842E-02,5.));
#12528 = CARTESIAN_POINT('',(11.749556103948,-0.107730635742,
    5.013829139901));
#12529 = CARTESIAN_POINT('',(11.748773592036,-0.153582470172,
    5.038797372896));
#12530 = CARTESIAN_POINT('',(11.747850112637,-0.191729906813,
    5.072573113317));
#12531 = CARTESIAN_POINT('',(11.747003174003,-0.220873039192,
    5.112777607346));
#12532 = CARTESIAN_POINT('',(11.746394352986,-0.240356869526,
    5.157063176659));
#12533 = CARTESIAN_POINT('',(11.74609279586,-0.25,5.203161363172));
#12534 = CARTESIAN_POINT('',(11.74609279586,-0.25,5.249));
#12535 = ORIENTED_EDGE('',*,*,#12536,.T.);
#12536 = EDGE_CURVE('',#12523,#12537,#12539,.T.);
#12537 = VERTEX_POINT('',#12538);
#12538 = CARTESIAN_POINT('',(11.74609279586,-0.25,6.751));
#12539 = LINE('',#12540,#12541);
#12540 = CARTESIAN_POINT('',(11.74609279586,-0.25,2.));
#12541 = VECTOR('',#12542,1.);
#12542 = DIRECTION('',(0.,0.,1.));
#12543 = ORIENTED_EDGE('',*,*,#12544,.F.);
#12544 = EDGE_CURVE('',#12545,#12537,#12547,.T.);
#12545 = VERTEX_POINT('',#12546);
#12546 = CARTESIAN_POINT('',(11.7499999375,-1.000000000001E-03,7.));
#12547 = B_SPLINE_CURVE_WITH_KNOTS('',8,(#12548,#12549,#12550,#12551,
    #12552,#12553,#12554,#12555,#12556),.UNSPECIFIED.,.F.,.F.,(9,9),(0.,
    1.),.PIECEWISE_BEZIER_KNOTS.);
#12548 = CARTESIAN_POINT('',(11.7499999375,-1.000000000001E-03,7.));
#12549 = CARTESIAN_POINT('',(11.749993076129,-5.589096735814E-02,7.));
#12550 = CARTESIAN_POINT('',(11.749556103948,-0.107730635743,
    6.986170860099));
#12551 = CARTESIAN_POINT('',(11.748773592036,-0.153582470171,
    6.961202627105));
#12552 = CARTESIAN_POINT('',(11.747850112637,-0.191729906814,
    6.927426886683));
#12553 = CARTESIAN_POINT('',(11.747003174003,-0.220873039192,
    6.887222392655));
#12554 = CARTESIAN_POINT('',(11.746394352986,-0.240356869526,
    6.84293682334));
#12555 = CARTESIAN_POINT('',(11.74609279586,-0.25,6.796838636828));
#12556 = CARTESIAN_POINT('',(11.74609279586,-0.25,6.751));
#12557 = ORIENTED_EDGE('',*,*,#12558,.T.);
#12558 = EDGE_CURVE('',#12545,#12559,#12561,.T.);
#12559 = VERTEX_POINT('',#12560);
#12560 = CARTESIAN_POINT('',(11.7499999375,9.999999999991E-04,7.));
#12561 = CIRCLE('',#12562,8.);
#12562 = AXIS2_PLACEMENT_3D('',#12563,#12564,#12565);
#12563 = CARTESIAN_POINT('',(3.75,0.,7.));
#12564 = DIRECTION('',(0.,-0.,1.));
#12565 = DIRECTION('',(0.923879532511,0.382683432365,0.));
#12566 = ORIENTED_EDGE('',*,*,#12567,.F.);
#12567 = EDGE_CURVE('',#12568,#12559,#12570,.T.);
#12568 = VERTEX_POINT('',#12569);
#12569 = CARTESIAN_POINT('',(11.746092805235,0.249999700147,
    6.751386428451));
#12570 = B_SPLINE_CURVE_WITH_KNOTS('',8,(#12571,#12572,#12573,#12574,
    #12575,#12576,#12577,#12578,#12579),.UNSPECIFIED.,.F.,.F.,(9,9),(0.,
    1.),.PIECEWISE_BEZIER_KNOTS.);
#12571 = CARTESIAN_POINT('',(11.746092805235,0.249999700147,
    6.751386428451));
#12572 = CARTESIAN_POINT('',(11.746095028934,0.249928576453,
    6.79721581392));
#12573 = CARTESIAN_POINT('',(11.746398705367,0.240217886461,
    6.843211047015));
#12574 = CARTESIAN_POINT('',(11.747007218851,0.220731366176,
    6.887399760713));
#12575 = CARTESIAN_POINT('',(11.747853066884,0.191595555781,
    6.927556312694));
#12576 = CARTESIAN_POINT('',(11.748776652499,0.153442234325,
    6.96129885692));
#12577 = CARTESIAN_POINT('',(11.749557644647,0.107587354221,
    6.986220058684));
#12578 = CARTESIAN_POINT('',(11.749993088303,5.5793578084E-02,7.));
#12579 = CARTESIAN_POINT('',(11.7499999375,1.000000000001E-03,7.));
#12580 = ORIENTED_EDGE('',*,*,#12581,.F.);
#12581 = EDGE_CURVE('',#12582,#12568,#12584,.T.);
#12582 = VERTEX_POINT('',#12583);
#12583 = CARTESIAN_POINT('',(11.74609279586,0.25,6.751));
#12584 = B_SPLINE_CURVE_WITH_KNOTS('',1,(#12585,#12586),.UNSPECIFIED.,
  .F.,.F.,(2,2),(0.,1.),.PIECEWISE_BEZIER_KNOTS.);
#12585 = CARTESIAN_POINT('',(11.74609279586,0.25,6.751));
#12586 = CARTESIAN_POINT('',(11.746092805235,0.249999700147,
    6.751386428451));
#12587 = ORIENTED_EDGE('',*,*,#12588,.F.);
#12588 = EDGE_CURVE('',#12589,#12582,#12591,.T.);
#12589 = VERTEX_POINT('',#12590);
#12590 = CARTESIAN_POINT('',(11.74609279586,0.25,5.249));
#12591 = LINE('',#12592,#12593);
#12592 = CARTESIAN_POINT('',(11.74609279586,0.25,2.));
#12593 = VECTOR('',#12594,1.);
#12594 = DIRECTION('',(0.,0.,1.));
#12595 = ORIENTED_EDGE('',*,*,#12596,.T.);
#12596 = EDGE_CURVE('',#12589,#12498,#12597,.T.);
#12597 = B_SPLINE_CURVE_WITH_KNOTS('',1,(#12598,#12599),.UNSPECIFIED.,
  .F.,.F.,(2,2),(0.,1.),.PIECEWISE_BEZIER_KNOTS.);
#12598 = CARTESIAN_POINT('',(11.74609279586,0.25,5.249));
#12599 = CARTESIAN_POINT('',(11.746092805235,0.249999700147,
    5.248613571549));
#12600 = CYLINDRICAL_SURFACE('',#12601,8.);
#12601 = AXIS2_PLACEMENT_3D('',#12602,#12603,#12604);
#12602 = CARTESIAN_POINT('',(3.75,0.,2.));
#12603 = DIRECTION('',(0.,0.,1.));
#12604 = DIRECTION('',(0.923879532511,0.382683432365,-0.));
#12605 = ADVANCED_FACE('',(#12606),#12634,.T.);
#12606 = FACE_BOUND('',#12607,.T.);
#12607 = EDGE_LOOP('',(#12608,#12617,#12626,#12633));
#12608 = ORIENTED_EDGE('',*,*,#12609,.T.);
#12609 = EDGE_CURVE('',#12117,#12610,#12612,.T.);
#12610 = VERTEX_POINT('',#12611);
#12611 = CARTESIAN_POINT('',(10.956260353588,-2.984930772448,16.));
#12612 = CIRCLE('',#12613,0.2);
#12613 = AXIS2_PLACEMENT_3D('',#12614,#12615,#12616);
#12614 = CARTESIAN_POINT('',(10.956260353588,-2.984930772448,15.8));
#12615 = DIRECTION('',(-0.382683432365,-0.923879532511,
    -3.944304526105E-31));
#12616 = DIRECTION('',(0.923879532511,-0.382683432365,
    -8.881784197004E-15));
#12617 = ORIENTED_EDGE('',*,*,#12618,.T.);
#12618 = EDGE_CURVE('',#12610,#12619,#12621,.T.);
#12619 = VERTEX_POINT('',#12620);
#12620 = CARTESIAN_POINT('',(10.956260353588,2.984930772448,16.));
#12621 = CIRCLE('',#12622,7.8);
#12622 = AXIS2_PLACEMENT_3D('',#12623,#12624,#12625);
#12623 = CARTESIAN_POINT('',(3.75,0.,16.));
#12624 = DIRECTION('',(0.,-0.,-1.));
#12625 = DIRECTION('',(0.923879532511,-0.382683432365,0.));
#12626 = ORIENTED_EDGE('',*,*,#12627,.F.);
#12627 = EDGE_CURVE('',#12119,#12619,#12628,.T.);
#12628 = CIRCLE('',#12629,0.2);
#12629 = AXIS2_PLACEMENT_3D('',#12630,#12631,#12632);
#12630 = CARTESIAN_POINT('',(10.956260353588,2.984930772448,15.8));
#12631 = DIRECTION('',(0.382683432365,-0.923879532511,7.88860905221E-31)
  );
#12632 = DIRECTION('',(0.923879532511,0.382683432365,-8.881784197004E-15
    ));
#12633 = ORIENTED_EDGE('',*,*,#12116,.F.);
#12634 = TOROIDAL_SURFACE('',#12635,7.8,0.2);
#12635 = AXIS2_PLACEMENT_3D('',#12636,#12637,#12638);
#12636 = CARTESIAN_POINT('',(3.75,0.,15.8));
#12637 = DIRECTION('',(0.,0.,1.));
#12638 = DIRECTION('',(0.923879532511,-0.382683432365,0.));
#12639 = ADVANCED_FACE('',(#12640),#12649,.T.);
#12640 = FACE_BOUND('',#12641,.T.);
#12641 = EDGE_LOOP('',(#12642,#12643,#12644,#12645,#12646,#12647,#12648)
  );
#12642 = ORIENTED_EDGE('',*,*,#12268,.T.);
#12643 = ORIENTED_EDGE('',*,*,#12254,.T.);
#12644 = ORIENTED_EDGE('',*,*,#12245,.F.);
#12645 = ORIENTED_EDGE('',*,*,#12231,.T.);
#12646 = ORIENTED_EDGE('',*,*,#12223,.F.);
#12647 = ORIENTED_EDGE('',*,*,#12150,.F.);
#12648 = ORIENTED_EDGE('',*,*,#12275,.T.);
#12649 = CYLINDRICAL_SURFACE('',#12650,8.);
#12650 = AXIS2_PLACEMENT_3D('',#12651,#12652,#12653);
#12651 = CARTESIAN_POINT('',(3.75,0.,2.));
#12652 = DIRECTION('',(0.,0.,1.));
#12653 = DIRECTION('',(0.923879532511,0.382683432365,-0.));
#12654 = ADVANCED_FACE('',(#12655),#12667,.T.);
#12655 = FACE_BOUND('',#12656,.T.);
#12656 = EDGE_LOOP('',(#12657,#12658,#12665,#12666));
#12657 = ORIENTED_EDGE('',*,*,#12627,.T.);
#12658 = ORIENTED_EDGE('',*,*,#12659,.T.);
#12659 = EDGE_CURVE('',#12619,#12610,#12660,.T.);
#12660 = CIRCLE('',#12661,7.8);
#12661 = AXIS2_PLACEMENT_3D('',#12662,#12663,#12664);
#12662 = CARTESIAN_POINT('',(3.75,0.,16.));
#12663 = DIRECTION('',(0.,0.,-1.));
#12664 = DIRECTION('',(0.923879532511,0.382683432365,0.));
#12665 = ORIENTED_EDGE('',*,*,#12609,.F.);
#12666 = ORIENTED_EDGE('',*,*,#12214,.F.);
#12667 = TOROIDAL_SURFACE('',#12668,7.8,0.2);
#12668 = AXIS2_PLACEMENT_3D('',#12669,#12670,#12671);
#12669 = CARTESIAN_POINT('',(3.75,0.,15.8));
#12670 = DIRECTION('',(0.,0.,1.));
#12671 = DIRECTION('',(0.923879532511,0.382683432365,-0.));
#12672 = ADVANCED_FACE('',(#12673),#12685,.T.);
#12673 = FACE_BOUND('',#12674,.T.);
#12674 = EDGE_LOOP('',(#12675,#12676,#12677,#12678,#12679,#12680,#12681,
    #12682,#12683,#12684));
#12675 = ORIENTED_EDGE('',*,*,#12301,.T.);
#12676 = ORIENTED_EDGE('',*,*,#12285,.T.);
#12677 = ORIENTED_EDGE('',*,*,#12382,.F.);
#12678 = ORIENTED_EDGE('',*,*,#12368,.T.);
#12679 = ORIENTED_EDGE('',*,*,#12360,.F.);
#12680 = ORIENTED_EDGE('',*,*,#12346,.F.);
#12681 = ORIENTED_EDGE('',*,*,#12337,.T.);
#12682 = ORIENTED_EDGE('',*,*,#12323,.F.);
#12683 = ORIENTED_EDGE('',*,*,#12316,.F.);
#12684 = ORIENTED_EDGE('',*,*,#12308,.T.);
#12685 = CYLINDRICAL_SURFACE('',#12686,8.);
#12686 = AXIS2_PLACEMENT_3D('',#12687,#12688,#12689);
#12687 = CARTESIAN_POINT('',(3.75,0.,2.));
#12688 = DIRECTION('',(0.,0.,1.));
#12689 = DIRECTION('',(0.923879532511,0.382683432365,-0.));
#12690 = ADVANCED_FACE('',(#12691),#12703,.T.);
#12691 = FACE_BOUND('',#12692,.T.);
#12692 = EDGE_LOOP('',(#12693,#12694,#12695,#12696,#12697,#12698,#12699,
    #12700,#12701,#12702));
#12693 = ORIENTED_EDGE('',*,*,#12475,.T.);
#12694 = ORIENTED_EDGE('',*,*,#12461,.T.);
#12695 = ORIENTED_EDGE('',*,*,#12452,.F.);
#12696 = ORIENTED_EDGE('',*,*,#12438,.T.);
#12697 = ORIENTED_EDGE('',*,*,#12430,.F.);
#12698 = ORIENTED_EDGE('',*,*,#12416,.F.);
#12699 = ORIENTED_EDGE('',*,*,#12407,.T.);
#12700 = ORIENTED_EDGE('',*,*,#12391,.F.);
#12701 = ORIENTED_EDGE('',*,*,#12490,.F.);
#12702 = ORIENTED_EDGE('',*,*,#12482,.T.);
#12703 = CYLINDRICAL_SURFACE('',#12704,8.);
#12704 = AXIS2_PLACEMENT_3D('',#12705,#12706,#12707);
#12705 = CARTESIAN_POINT('',(3.75,0.,2.));
#12706 = DIRECTION('',(0.,0.,1.));
#12707 = DIRECTION('',(0.923879532511,0.382683432365,-0.));
#12708 = ADVANCED_FACE('',(#12709),#12721,.T.);
#12709 = FACE_BOUND('',#12710,.T.);
#12710 = EDGE_LOOP('',(#12711,#12712,#12713,#12714,#12715,#12716,#12717,
    #12718,#12719,#12720));
#12711 = ORIENTED_EDGE('',*,*,#12581,.T.);
#12712 = ORIENTED_EDGE('',*,*,#12567,.T.);
#12713 = ORIENTED_EDGE('',*,*,#12558,.F.);
#12714 = ORIENTED_EDGE('',*,*,#12544,.T.);
#12715 = ORIENTED_EDGE('',*,*,#12536,.F.);
#12716 = ORIENTED_EDGE('',*,*,#12522,.F.);
#12717 = ORIENTED_EDGE('',*,*,#12513,.T.);
#12718 = ORIENTED_EDGE('',*,*,#12497,.F.);
#12719 = ORIENTED_EDGE('',*,*,#12596,.F.);
#12720 = ORIENTED_EDGE('',*,*,#12588,.T.);
#12721 = CYLINDRICAL_SURFACE('',#12722,8.);
#12722 = AXIS2_PLACEMENT_3D('',#12723,#12724,#12725);
#12723 = CARTESIAN_POINT('',(3.75,0.,2.));
#12724 = DIRECTION('',(0.,0.,1.));
#12725 = DIRECTION('',(0.923879532511,0.382683432365,-0.));
#12726 = ADVANCED_FACE('',(#12727),#12753,.F.);
#12727 = FACE_BOUND('',#12728,.F.);
#12728 = EDGE_LOOP('',(#12729,#12730,#12738,#12747));
#12729 = ORIENTED_EDGE('',*,*,#12618,.T.);
#12730 = ORIENTED_EDGE('',*,*,#12731,.T.);
#12731 = EDGE_CURVE('',#12619,#12732,#12734,.T.);
#12732 = VERTEX_POINT('',#12733);
#12733 = CARTESIAN_POINT('',(8.923725382063,2.143027221245,16.));
#12734 = LINE('',#12735,#12736);
#12735 = CARTESIAN_POINT('',(10.956260353588,2.984930772448,16.));
#12736 = VECTOR('',#12737,1.);
#12737 = DIRECTION('',(-0.923879532511,-0.382683432365,0.));
#12738 = ORIENTED_EDGE('',*,*,#12739,.F.);
#12739 = EDGE_CURVE('',#12740,#12732,#12742,.T.);
#12740 = VERTEX_POINT('',#12741);
#12741 = CARTESIAN_POINT('',(8.923725382063,-2.143027221245,16.));
#12742 = CIRCLE('',#12743,5.6);
#12743 = AXIS2_PLACEMENT_3D('',#12744,#12745,#12746);
#12744 = CARTESIAN_POINT('',(3.75,0.,16.));
#12745 = DIRECTION('',(0.,-0.,-1.));
#12746 = DIRECTION('',(0.923879532511,-0.382683432365,0.));
#12747 = ORIENTED_EDGE('',*,*,#12748,.F.);
#12748 = EDGE_CURVE('',#12610,#12740,#12749,.T.);
#12749 = LINE('',#12750,#12751);
#12750 = CARTESIAN_POINT('',(10.956260353588,-2.984930772448,16.));
#12751 = VECTOR('',#12752,1.);
#12752 = DIRECTION('',(-0.923879532511,0.382683432365,0.));
#12753 = PLANE('',#12754);
#12754 = AXIS2_PLACEMENT_3D('',#12755,#12756,#12757);
#12755 = CARTESIAN_POINT('',(3.75,0.,16.));
#12756 = DIRECTION('',(0.,0.,-1.));
#12757 = DIRECTION('',(0.923879532511,-0.382683432365,0.));
#12758 = ADVANCED_FACE('',(#12759),#12771,.F.);
#12759 = FACE_BOUND('',#12760,.F.);
#12760 = EDGE_LOOP('',(#12761,#12762,#12763,#12770));
#12761 = ORIENTED_EDGE('',*,*,#12659,.T.);
#12762 = ORIENTED_EDGE('',*,*,#12748,.T.);
#12763 = ORIENTED_EDGE('',*,*,#12764,.F.);
#12764 = EDGE_CURVE('',#12732,#12740,#12765,.T.);
#12765 = CIRCLE('',#12766,5.6);
#12766 = AXIS2_PLACEMENT_3D('',#12767,#12768,#12769);
#12767 = CARTESIAN_POINT('',(3.75,0.,16.));
#12768 = DIRECTION('',(0.,0.,-1.));
#12769 = DIRECTION('',(0.923879532511,0.382683432365,0.));
#12770 = ORIENTED_EDGE('',*,*,#12731,.F.);
#12771 = PLANE('',#12772);
#12772 = AXIS2_PLACEMENT_3D('',#12773,#12774,#12775);
#12773 = CARTESIAN_POINT('',(3.75,0.,16.));
#12774 = DIRECTION('',(0.,0.,-1.));
#12775 = DIRECTION('',(0.923879532511,0.382683432365,0.));
#12776 = ADVANCED_FACE('',(#12777),#12914,.F.);
#12777 = FACE_BOUND('',#12778,.F.);
#12778 = EDGE_LOOP('',(#12779,#12787,#12788,#12796,#12805,#12813,#12822,
    #12830,#12839,#12847,#12856,#12865,#12873,#12882,#12890,#12899,
    #12907));
#12779 = ORIENTED_EDGE('',*,*,#12780,.F.);
#12780 = EDGE_CURVE('',#12740,#12781,#12783,.T.);
#12781 = VERTEX_POINT('',#12782);
#12782 = CARTESIAN_POINT('',(8.923725382063,-2.143027221244,15.9));
#12783 = LINE('',#12784,#12785);
#12784 = CARTESIAN_POINT('',(8.923725382063,-2.143027221245,16.));
#12785 = VECTOR('',#12786,1.);
#12786 = DIRECTION('',(0.,0.,-1.));
#12787 = ORIENTED_EDGE('',*,*,#12739,.T.);
#12788 = ORIENTED_EDGE('',*,*,#12789,.T.);
#12789 = EDGE_CURVE('',#12732,#12790,#12792,.T.);
#12790 = VERTEX_POINT('',#12791);
#12791 = CARTESIAN_POINT('',(8.923725382063,2.143027221244,15.9));
#12792 = LINE('',#12793,#12794);
#12793 = CARTESIAN_POINT('',(8.923725382063,2.143027221245,16.));
#12794 = VECTOR('',#12795,1.);
#12795 = DIRECTION('',(0.,0.,-1.));
#12796 = ORIENTED_EDGE('',*,*,#12797,.T.);
#12797 = EDGE_CURVE('',#12790,#12798,#12800,.T.);
#12798 = VERTEX_POINT('',#12799);
#12799 = CARTESIAN_POINT('',(3.8,5.599776781265,15.9));
#12800 = CIRCLE('',#12801,5.6);
#12801 = AXIS2_PLACEMENT_3D('',#12802,#12803,#12804);
#12802 = CARTESIAN_POINT('',(3.75,0.,15.9));
#12803 = DIRECTION('',(0.,0.,1.));
#12804 = DIRECTION('',(-1.,1.224646799147E-16,0.));
#12805 = ORIENTED_EDGE('',*,*,#12806,.T.);
#12806 = EDGE_CURVE('',#12798,#12807,#12809,.T.);
#12807 = VERTEX_POINT('',#12808);
#12808 = CARTESIAN_POINT('',(3.8,5.599776781265,15.8));
#12809 = LINE('',#12810,#12811);
#12810 = CARTESIAN_POINT('',(3.8,5.599776781265,15.7));
#12811 = VECTOR('',#12812,1.);
#12812 = DIRECTION('',(0.,0.,-1.));
#12813 = ORIENTED_EDGE('',*,*,#12814,.F.);
#12814 = EDGE_CURVE('',#12815,#12807,#12817,.T.);
#12815 = VERTEX_POINT('',#12816);
#12816 = CARTESIAN_POINT('',(3.7,5.599776781265,15.8));
#12817 = CIRCLE('',#12818,5.6);
#12818 = AXIS2_PLACEMENT_3D('',#12819,#12820,#12821);
#12819 = CARTESIAN_POINT('',(3.75,0.,15.8));
#12820 = DIRECTION('',(0.,0.,-1.));
#12821 = DIRECTION('',(-1.,1.224646799147E-16,0.));
#12822 = ORIENTED_EDGE('',*,*,#12823,.F.);
#12823 = EDGE_CURVE('',#12824,#12815,#12826,.T.);
#12824 = VERTEX_POINT('',#12825);
#12825 = CARTESIAN_POINT('',(3.7,5.599776781265,15.9));
#12826 = LINE('',#12827,#12828);
#12827 = CARTESIAN_POINT('',(3.7,5.599776781265,15.7));
#12828 = VECTOR('',#12829,1.);
#12829 = DIRECTION('',(0.,0.,-1.));
#12830 = ORIENTED_EDGE('',*,*,#12831,.T.);
#12831 = EDGE_CURVE('',#12824,#12832,#12834,.T.);
#12832 = VERTEX_POINT('',#12833);
#12833 = CARTESIAN_POINT('',(-1.849776781265,4.999999999998E-02,15.9));
#12834 = CIRCLE('',#12835,5.6);
#12835 = AXIS2_PLACEMENT_3D('',#12836,#12837,#12838);
#12836 = CARTESIAN_POINT('',(3.75,0.,15.9));
#12837 = DIRECTION('',(0.,0.,1.));
#12838 = DIRECTION('',(-1.,1.224646799147E-16,0.));
#12839 = ORIENTED_EDGE('',*,*,#12840,.T.);
#12840 = EDGE_CURVE('',#12832,#12841,#12843,.T.);
#12841 = VERTEX_POINT('',#12842);
#12842 = CARTESIAN_POINT('',(-1.849776781265,5.E-02,15.8));
#12843 = LINE('',#12844,#12845);
#12844 = CARTESIAN_POINT('',(-1.849776781265,5.E-02,15.7));
#12845 = VECTOR('',#12846,1.);
#12846 = DIRECTION('',(0.,0.,-1.));
#12847 = ORIENTED_EDGE('',*,*,#12848,.F.);
#12848 = EDGE_CURVE('',#12849,#12841,#12851,.T.);
#12849 = VERTEX_POINT('',#12850);
#12850 = CARTESIAN_POINT('',(-1.85,6.858022075225E-16,15.8));
#12851 = CIRCLE('',#12852,5.6);
#12852 = AXIS2_PLACEMENT_3D('',#12853,#12854,#12855);
#12853 = CARTESIAN_POINT('',(3.75,0.,15.8));
#12854 = DIRECTION('',(0.,0.,-1.));
#12855 = DIRECTION('',(-1.,1.224646799147E-16,0.));
#12856 = ORIENTED_EDGE('',*,*,#12857,.F.);
#12857 = EDGE_CURVE('',#12858,#12849,#12860,.T.);
#12858 = VERTEX_POINT('',#12859);
#12859 = CARTESIAN_POINT('',(-1.849776781265,-5.E-02,15.8));
#12860 = CIRCLE('',#12861,5.6);
#12861 = AXIS2_PLACEMENT_3D('',#12862,#12863,#12864);
#12862 = CARTESIAN_POINT('',(3.75,0.,15.8));
#12863 = DIRECTION('',(0.,0.,-1.));
#12864 = DIRECTION('',(-1.,1.224646799147E-16,0.));
#12865 = ORIENTED_EDGE('',*,*,#12866,.F.);
#12866 = EDGE_CURVE('',#12867,#12858,#12869,.T.);
#12867 = VERTEX_POINT('',#12868);
#12868 = CARTESIAN_POINT('',(-1.849776781265,-4.999999999998E-02,15.9));
#12869 = LINE('',#12870,#12871);
#12870 = CARTESIAN_POINT('',(-1.849776781265,-5.E-02,15.7));
#12871 = VECTOR('',#12872,1.);
#12872 = DIRECTION('',(0.,0.,-1.));
#12873 = ORIENTED_EDGE('',*,*,#12874,.T.);
#12874 = EDGE_CURVE('',#12867,#12875,#12877,.T.);
#12875 = VERTEX_POINT('',#12876);
#12876 = CARTESIAN_POINT('',(3.7,-5.599776781265,15.9));
#12877 = CIRCLE('',#12878,5.6);
#12878 = AXIS2_PLACEMENT_3D('',#12879,#12880,#12881);
#12879 = CARTESIAN_POINT('',(3.75,0.,15.9));
#12880 = DIRECTION('',(0.,0.,1.));
#12881 = DIRECTION('',(-1.,1.224646799147E-16,0.));
#12882 = ORIENTED_EDGE('',*,*,#12883,.T.);
#12883 = EDGE_CURVE('',#12875,#12884,#12886,.T.);
#12884 = VERTEX_POINT('',#12885);
#12885 = CARTESIAN_POINT('',(3.7,-5.599776781265,15.8));
#12886 = LINE('',#12887,#12888);
#12887 = CARTESIAN_POINT('',(3.7,-5.599776781265,15.7));
#12888 = VECTOR('',#12889,1.);
#12889 = DIRECTION('',(0.,0.,-1.));
#12890 = ORIENTED_EDGE('',*,*,#12891,.F.);
#12891 = EDGE_CURVE('',#12892,#12884,#12894,.T.);
#12892 = VERTEX_POINT('',#12893);
#12893 = CARTESIAN_POINT('',(3.8,-5.599776781265,15.8));
#12894 = CIRCLE('',#12895,5.6);
#12895 = AXIS2_PLACEMENT_3D('',#12896,#12897,#12898);
#12896 = CARTESIAN_POINT('',(3.75,0.,15.8));
#12897 = DIRECTION('',(0.,0.,-1.));
#12898 = DIRECTION('',(-1.,1.224646799147E-16,0.));
#12899 = ORIENTED_EDGE('',*,*,#12900,.F.);
#12900 = EDGE_CURVE('',#12901,#12892,#12903,.T.);
#12901 = VERTEX_POINT('',#12902);
#12902 = CARTESIAN_POINT('',(3.8,-5.599776781265,15.9));
#12903 = LINE('',#12904,#12905);
#12904 = CARTESIAN_POINT('',(3.8,-5.599776781265,15.7));
#12905 = VECTOR('',#12906,1.);
#12906 = DIRECTION('',(0.,0.,-1.));
#12907 = ORIENTED_EDGE('',*,*,#12908,.T.);
#12908 = EDGE_CURVE('',#12901,#12781,#12909,.T.);
#12909 = CIRCLE('',#12910,5.6);
#12910 = AXIS2_PLACEMENT_3D('',#12911,#12912,#12913);
#12911 = CARTESIAN_POINT('',(3.75,0.,15.9));
#12912 = DIRECTION('',(0.,0.,1.));
#12913 = DIRECTION('',(-1.,1.224646799147E-16,0.));
#12914 = CYLINDRICAL_SURFACE('',#12915,5.6);
#12915 = AXIS2_PLACEMENT_3D('',#12916,#12917,#12918);
#12916 = CARTESIAN_POINT('',(3.75,0.,16.));
#12917 = DIRECTION('',(0.,0.,-1.));
#12918 = DIRECTION('',(0.923879532511,-0.382683432365,0.));
#12919 = ADVANCED_FACE('',(#12920),#12966,.F.);
#12920 = FACE_BOUND('',#12921,.F.);
#12921 = EDGE_LOOP('',(#12922,#12923,#12924,#12925,#12934,#12942,#12951,
    #12959));
#12922 = ORIENTED_EDGE('',*,*,#12789,.F.);
#12923 = ORIENTED_EDGE('',*,*,#12764,.T.);
#12924 = ORIENTED_EDGE('',*,*,#12780,.T.);
#12925 = ORIENTED_EDGE('',*,*,#12926,.T.);
#12926 = EDGE_CURVE('',#12781,#12927,#12929,.T.);
#12927 = VERTEX_POINT('',#12928);
#12928 = CARTESIAN_POINT('',(9.349776781265,-5.000000000015E-02,15.9));
#12929 = CIRCLE('',#12930,5.6);
#12930 = AXIS2_PLACEMENT_3D('',#12931,#12932,#12933);
#12931 = CARTESIAN_POINT('',(3.75,0.,15.9));
#12932 = DIRECTION('',(0.,0.,1.));
#12933 = DIRECTION('',(-1.,1.224646799147E-16,0.));
#12934 = ORIENTED_EDGE('',*,*,#12935,.T.);
#12935 = EDGE_CURVE('',#12927,#12936,#12938,.T.);
#12936 = VERTEX_POINT('',#12937);
#12937 = CARTESIAN_POINT('',(9.349776781265,-5.E-02,15.8));
#12938 = LINE('',#12939,#12940);
#12939 = CARTESIAN_POINT('',(9.349776781265,-5.E-02,15.7));
#12940 = VECTOR('',#12941,1.);
#12941 = DIRECTION('',(0.,0.,-1.));
#12942 = ORIENTED_EDGE('',*,*,#12943,.F.);
#12943 = EDGE_CURVE('',#12944,#12936,#12946,.T.);
#12944 = VERTEX_POINT('',#12945);
#12945 = CARTESIAN_POINT('',(9.349776781265,5.E-02,15.8));
#12946 = CIRCLE('',#12947,5.6);
#12947 = AXIS2_PLACEMENT_3D('',#12948,#12949,#12950);
#12948 = CARTESIAN_POINT('',(3.75,0.,15.8));
#12949 = DIRECTION('',(0.,0.,-1.));
#12950 = DIRECTION('',(-1.,1.224646799147E-16,0.));
#12951 = ORIENTED_EDGE('',*,*,#12952,.F.);
#12952 = EDGE_CURVE('',#12953,#12944,#12955,.T.);
#12953 = VERTEX_POINT('',#12954);
#12954 = CARTESIAN_POINT('',(9.349776781265,5.000000000015E-02,15.9));
#12955 = LINE('',#12956,#12957);
#12956 = CARTESIAN_POINT('',(9.349776781265,5.E-02,15.7));
#12957 = VECTOR('',#12958,1.);
#12958 = DIRECTION('',(0.,0.,-1.));
#12959 = ORIENTED_EDGE('',*,*,#12960,.T.);
#12960 = EDGE_CURVE('',#12953,#12790,#12961,.T.);
#12961 = CIRCLE('',#12962,5.6);
#12962 = AXIS2_PLACEMENT_3D('',#12963,#12964,#12965);
#12963 = CARTESIAN_POINT('',(3.75,0.,15.9));
#12964 = DIRECTION('',(0.,0.,1.));
#12965 = DIRECTION('',(-1.,1.224646799147E-16,0.));
#12966 = CYLINDRICAL_SURFACE('',#12967,5.6);
#12967 = AXIS2_PLACEMENT_3D('',#12968,#12969,#12970);
#12968 = CARTESIAN_POINT('',(3.75,0.,16.));
#12969 = DIRECTION('',(0.,0.,-1.));
#12970 = DIRECTION('',(0.923879532511,0.382683432365,0.));
#12971 = ADVANCED_FACE('',(#12972),#12990,.T.);
#12972 = FACE_BOUND('',#12973,.T.);
#12973 = EDGE_LOOP('',(#12974,#12982,#12983,#12984));
#12974 = ORIENTED_EDGE('',*,*,#12975,.F.);
#12975 = EDGE_CURVE('',#12901,#12976,#12978,.T.);
#12976 = VERTEX_POINT('',#12977);
#12977 = CARTESIAN_POINT('',(3.8,-5.E-02,15.9));
#12978 = LINE('',#12979,#12980);
#12979 = CARTESIAN_POINT('',(3.8,-16.05,15.9));
#12980 = VECTOR('',#12981,1.);
#12981 = DIRECTION('',(1.224646799147E-16,1.,0.));
#12982 = ORIENTED_EDGE('',*,*,#12908,.T.);
#12983 = ORIENTED_EDGE('',*,*,#12926,.T.);
#12984 = ORIENTED_EDGE('',*,*,#12985,.F.);
#12985 = EDGE_CURVE('',#12976,#12927,#12986,.T.);
#12986 = LINE('',#12987,#12988);
#12987 = CARTESIAN_POINT('',(3.8,-5.E-02,15.9));
#12988 = VECTOR('',#12989,1.);
#12989 = DIRECTION('',(1.,-1.224646799147E-16,0.));
#12990 = PLANE('',#12991);
#12991 = AXIS2_PLACEMENT_3D('',#12992,#12993,#12994);
#12992 = CARTESIAN_POINT('',(3.75,-2.597707400661E-16,15.9));
#12993 = DIRECTION('',(-1.677000223684E-32,2.737449048414E-33,1.));
#12994 = DIRECTION('',(-1.,1.224646799147E-16,-1.677000223684E-32));
#12995 = ADVANCED_FACE('',(#12996),#13014,.F.);
#12996 = FACE_BOUND('',#12997,.F.);
#12997 = EDGE_LOOP('',(#12998,#12999,#13000,#13008));
#12998 = ORIENTED_EDGE('',*,*,#12975,.F.);
#12999 = ORIENTED_EDGE('',*,*,#12900,.T.);
#13000 = ORIENTED_EDGE('',*,*,#13001,.T.);
#13001 = EDGE_CURVE('',#12892,#13002,#13004,.T.);
#13002 = VERTEX_POINT('',#13003);
#13003 = CARTESIAN_POINT('',(3.8,-5.E-02,15.8));
#13004 = LINE('',#13005,#13006);
#13005 = CARTESIAN_POINT('',(3.8,-16.05,15.8));
#13006 = VECTOR('',#13007,1.);
#13007 = DIRECTION('',(1.224646799147E-16,1.,0.));
#13008 = ORIENTED_EDGE('',*,*,#13009,.F.);
#13009 = EDGE_CURVE('',#12976,#13002,#13010,.T.);
#13010 = LINE('',#13011,#13012);
#13011 = CARTESIAN_POINT('',(3.8,-5.E-02,15.9));
#13012 = VECTOR('',#13013,1.);
#13013 = DIRECTION('',(1.677000223684E-32,-2.737449048414E-33,-1.));
#13014 = PLANE('',#13015);
#13015 = AXIS2_PLACEMENT_3D('',#13016,#13017,#13018);
#13016 = CARTESIAN_POINT('',(3.8,-16.05,15.9));
#13017 = DIRECTION('',(1.,-1.224646799147E-16,1.677000223684E-32));
#13018 = DIRECTION('',(1.224646799147E-16,1.,0.));
#13019 = ADVANCED_FACE('',(#13020),#13038,.T.);
#13020 = FACE_BOUND('',#13021,.T.);
#13021 = EDGE_LOOP('',(#13022,#13023,#13024,#13032));
#13022 = ORIENTED_EDGE('',*,*,#12960,.T.);
#13023 = ORIENTED_EDGE('',*,*,#12797,.T.);
#13024 = ORIENTED_EDGE('',*,*,#13025,.F.);
#13025 = EDGE_CURVE('',#13026,#12798,#13028,.T.);
#13026 = VERTEX_POINT('',#13027);
#13027 = CARTESIAN_POINT('',(3.8,5.E-02,15.9));
#13028 = LINE('',#13029,#13030);
#13029 = CARTESIAN_POINT('',(3.8,5.E-02,15.9));
#13030 = VECTOR('',#13031,1.);
#13031 = DIRECTION('',(1.224646799147E-16,1.,0.));
#13032 = ORIENTED_EDGE('',*,*,#13033,.F.);
#13033 = EDGE_CURVE('',#12953,#13026,#13034,.T.);
#13034 = LINE('',#13035,#13036);
#13035 = CARTESIAN_POINT('',(19.8,5.E-02,15.9));
#13036 = VECTOR('',#13037,1.);
#13037 = DIRECTION('',(-1.,1.224646799147E-16,0.));
#13038 = PLANE('',#13039);
#13039 = AXIS2_PLACEMENT_3D('',#13040,#13041,#13042);
#13040 = CARTESIAN_POINT('',(3.75,-2.597707400661E-16,15.9));
#13041 = DIRECTION('',(-1.677000223684E-32,2.737449048414E-33,1.));
#13042 = DIRECTION('',(-1.,1.224646799147E-16,-1.677000223684E-32));
#13043 = ADVANCED_FACE('',(#13044),#13100,.T.);
#13044 = FACE_BOUND('',#13045,.T.);
#13045 = EDGE_LOOP('',(#13046,#13054,#13060,#13061,#13062,#13068,#13069,
    #13077,#13083,#13084,#13092,#13098,#13099));
#13046 = ORIENTED_EDGE('',*,*,#13047,.T.);
#13047 = EDGE_CURVE('',#12858,#13048,#13050,.T.);
#13048 = VERTEX_POINT('',#13049);
#13049 = CARTESIAN_POINT('',(3.7,-5.E-02,15.8));
#13050 = LINE('',#13051,#13052);
#13051 = CARTESIAN_POINT('',(-12.3,-5.E-02,15.8));
#13052 = VECTOR('',#13053,1.);
#13053 = DIRECTION('',(1.,-1.78409512015E-16,0.));
#13054 = ORIENTED_EDGE('',*,*,#13055,.T.);
#13055 = EDGE_CURVE('',#13048,#12884,#13056,.T.);
#13056 = LINE('',#13057,#13058);
#13057 = CARTESIAN_POINT('',(3.7,-5.E-02,15.8));
#13058 = VECTOR('',#13059,1.);
#13059 = DIRECTION('',(-1.224646799147E-16,-1.,0.));
#13060 = ORIENTED_EDGE('',*,*,#12891,.F.);
#13061 = ORIENTED_EDGE('',*,*,#13001,.T.);
#13062 = ORIENTED_EDGE('',*,*,#13063,.T.);
#13063 = EDGE_CURVE('',#13002,#12936,#13064,.T.);
#13064 = LINE('',#13065,#13066);
#13065 = CARTESIAN_POINT('',(3.8,-5.E-02,15.8));
#13066 = VECTOR('',#13067,1.);
#13067 = DIRECTION('',(1.,-1.224646799147E-16,0.));
#13068 = ORIENTED_EDGE('',*,*,#12943,.F.);
#13069 = ORIENTED_EDGE('',*,*,#13070,.T.);
#13070 = EDGE_CURVE('',#12944,#13071,#13073,.T.);
#13071 = VERTEX_POINT('',#13072);
#13072 = CARTESIAN_POINT('',(3.8,5.E-02,15.8));
#13073 = LINE('',#13074,#13075);
#13074 = CARTESIAN_POINT('',(19.8,5.E-02,15.8));
#13075 = VECTOR('',#13076,1.);
#13076 = DIRECTION('',(-1.,1.224646799147E-16,0.));
#13077 = ORIENTED_EDGE('',*,*,#13078,.T.);
#13078 = EDGE_CURVE('',#13071,#12807,#13079,.T.);
#13079 = LINE('',#13080,#13081);
#13080 = CARTESIAN_POINT('',(3.8,5.E-02,15.8));
#13081 = VECTOR('',#13082,1.);
#13082 = DIRECTION('',(1.224646799147E-16,1.,0.));
#13083 = ORIENTED_EDGE('',*,*,#12814,.F.);
#13084 = ORIENTED_EDGE('',*,*,#13085,.T.);
#13085 = EDGE_CURVE('',#12815,#13086,#13088,.T.);
#13086 = VERTEX_POINT('',#13087);
#13087 = CARTESIAN_POINT('',(3.7,5.E-02,15.8));
#13088 = LINE('',#13089,#13090);
#13089 = CARTESIAN_POINT('',(3.7,16.05,15.8));
#13090 = VECTOR('',#13091,1.);
#13091 = DIRECTION('',(-1.224646799147E-16,-1.,0.));
#13092 = ORIENTED_EDGE('',*,*,#13093,.T.);
#13093 = EDGE_CURVE('',#13086,#12841,#13094,.T.);
#13094 = LINE('',#13095,#13096);
#13095 = CARTESIAN_POINT('',(3.7,5.E-02,15.8));
#13096 = VECTOR('',#13097,1.);
#13097 = DIRECTION('',(-1.,1.224646799147E-16,0.));
#13098 = ORIENTED_EDGE('',*,*,#12848,.F.);
#13099 = ORIENTED_EDGE('',*,*,#12857,.F.);
#13100 = PLANE('',#13101);
#13101 = AXIS2_PLACEMENT_3D('',#13102,#13103,#13104);
#13102 = CARTESIAN_POINT('',(3.75,-9.986819263567E-17,15.8));
#13103 = DIRECTION('',(2.282407250947E-32,-7.655574320885E-33,1.));
#13104 = DIRECTION('',(-1.,1.224646799147E-16,2.282407250947E-32));
#13105 = ADVANCED_FACE('',(#13106),#13117,.F.);
#13106 = FACE_BOUND('',#13107,.F.);
#13107 = EDGE_LOOP('',(#13108,#13109,#13115,#13116));
#13108 = ORIENTED_EDGE('',*,*,#13025,.F.);
#13109 = ORIENTED_EDGE('',*,*,#13110,.T.);
#13110 = EDGE_CURVE('',#13026,#13071,#13111,.T.);
#13111 = LINE('',#13112,#13113);
#13112 = CARTESIAN_POINT('',(3.8,5.E-02,15.9));
#13113 = VECTOR('',#13114,1.);
#13114 = DIRECTION('',(1.677000223684E-32,-2.737449048414E-33,-1.));
#13115 = ORIENTED_EDGE('',*,*,#13078,.T.);
#13116 = ORIENTED_EDGE('',*,*,#12806,.F.);
#13117 = PLANE('',#13118);
#13118 = AXIS2_PLACEMENT_3D('',#13119,#13120,#13121);
#13119 = CARTESIAN_POINT('',(3.8,5.E-02,15.9));
#13120 = DIRECTION('',(1.,-1.224646799147E-16,1.677000223684E-32));
#13121 = DIRECTION('',(1.224646799147E-16,1.,0.));
#13122 = ADVANCED_FACE('',(#13123),#13141,.F.);
#13123 = FACE_BOUND('',#13124,.F.);
#13124 = EDGE_LOOP('',(#13125,#13133,#13139,#13140));
#13125 = ORIENTED_EDGE('',*,*,#13126,.F.);
#13126 = EDGE_CURVE('',#13127,#12875,#13129,.T.);
#13127 = VERTEX_POINT('',#13128);
#13128 = CARTESIAN_POINT('',(3.7,-5.E-02,15.9));
#13129 = LINE('',#13130,#13131);
#13130 = CARTESIAN_POINT('',(3.7,-5.E-02,15.9));
#13131 = VECTOR('',#13132,1.);
#13132 = DIRECTION('',(-1.224646799147E-16,-1.,0.));
#13133 = ORIENTED_EDGE('',*,*,#13134,.T.);
#13134 = EDGE_CURVE('',#13127,#13048,#13135,.T.);
#13135 = LINE('',#13136,#13137);
#13136 = CARTESIAN_POINT('',(3.7,-5.E-02,15.9));
#13137 = VECTOR('',#13138,1.);
#13138 = DIRECTION('',(1.677000223684E-32,-2.737449048414E-33,-1.));
#13139 = ORIENTED_EDGE('',*,*,#13055,.T.);
#13140 = ORIENTED_EDGE('',*,*,#12883,.F.);
#13141 = PLANE('',#13142);
#13142 = AXIS2_PLACEMENT_3D('',#13143,#13144,#13145);
#13143 = CARTESIAN_POINT('',(3.7,-5.E-02,15.9));
#13144 = DIRECTION('',(-1.,1.224646799147E-16,-1.677000223684E-32));
#13145 = DIRECTION('',(-1.224646799147E-16,-1.,0.));
#13146 = ADVANCED_FACE('',(#13147),#13157,.T.);
#13147 = FACE_BOUND('',#13148,.T.);
#13148 = EDGE_LOOP('',(#13149,#13155,#13156));
#13149 = ORIENTED_EDGE('',*,*,#13150,.F.);
#13150 = EDGE_CURVE('',#12867,#13127,#13151,.T.);
#13151 = LINE('',#13152,#13153);
#13152 = CARTESIAN_POINT('',(-12.3,-5.E-02,15.9));
#13153 = VECTOR('',#13154,1.);
#13154 = DIRECTION('',(1.,-1.78409512015E-16,0.));
#13155 = ORIENTED_EDGE('',*,*,#12874,.T.);
#13156 = ORIENTED_EDGE('',*,*,#13126,.F.);
#13157 = PLANE('',#13158);
#13158 = AXIS2_PLACEMENT_3D('',#13159,#13160,#13161);
#13159 = CARTESIAN_POINT('',(3.75,-2.597707400661E-16,15.9));
#13160 = DIRECTION('',(-1.677000223684E-32,2.737449048414E-33,1.));
#13161 = DIRECTION('',(-1.,1.224646799147E-16,-1.677000223684E-32));
#13162 = ADVANCED_FACE('',(#13163),#13181,.F.);
#13163 = FACE_BOUND('',#13164,.F.);
#13164 = EDGE_LOOP('',(#13165,#13173,#13174,#13175));
#13165 = ORIENTED_EDGE('',*,*,#13166,.F.);
#13166 = EDGE_CURVE('',#12824,#13167,#13169,.T.);
#13167 = VERTEX_POINT('',#13168);
#13168 = CARTESIAN_POINT('',(3.7,5.E-02,15.9));
#13169 = LINE('',#13170,#13171);
#13170 = CARTESIAN_POINT('',(3.7,16.05,15.9));
#13171 = VECTOR('',#13172,1.);
#13172 = DIRECTION('',(-1.224646799147E-16,-1.,0.));
#13173 = ORIENTED_EDGE('',*,*,#12823,.T.);
#13174 = ORIENTED_EDGE('',*,*,#13085,.T.);
#13175 = ORIENTED_EDGE('',*,*,#13176,.F.);
#13176 = EDGE_CURVE('',#13167,#13086,#13177,.T.);
#13177 = LINE('',#13178,#13179);
#13178 = CARTESIAN_POINT('',(3.7,5.E-02,15.9));
#13179 = VECTOR('',#13180,1.);
#13180 = DIRECTION('',(1.677000223684E-32,-2.737449048414E-33,-1.));
#13181 = PLANE('',#13182);
#13182 = AXIS2_PLACEMENT_3D('',#13183,#13184,#13185);
#13183 = CARTESIAN_POINT('',(3.7,16.05,15.9));
#13184 = DIRECTION('',(-1.,1.224646799147E-16,-1.677000223684E-32));
#13185 = DIRECTION('',(-1.224646799147E-16,-1.,0.));
#13186 = ADVANCED_FACE('',(#13187),#13193,.F.);
#13187 = FACE_BOUND('',#13188,.F.);
#13188 = EDGE_LOOP('',(#13189,#13190,#13191,#13192));
#13189 = ORIENTED_EDGE('',*,*,#13150,.F.);
#13190 = ORIENTED_EDGE('',*,*,#12866,.T.);
#13191 = ORIENTED_EDGE('',*,*,#13047,.T.);
#13192 = ORIENTED_EDGE('',*,*,#13134,.F.);
#13193 = PLANE('',#13194);
#13194 = AXIS2_PLACEMENT_3D('',#13195,#13196,#13197);
#13195 = CARTESIAN_POINT('',(-12.3,-5.E-02,15.9));
#13196 = DIRECTION('',(-1.78409512015E-16,-1.,2.737449048413E-33));
#13197 = DIRECTION('',(1.,-1.78409512015E-16,0.));
#13198 = ADVANCED_FACE('',(#13199),#13209,.T.);
#13199 = FACE_BOUND('',#13200,.T.);
#13200 = EDGE_LOOP('',(#13201,#13202,#13208));
#13201 = ORIENTED_EDGE('',*,*,#12831,.T.);
#13202 = ORIENTED_EDGE('',*,*,#13203,.F.);
#13203 = EDGE_CURVE('',#13167,#12832,#13204,.T.);
#13204 = LINE('',#13205,#13206);
#13205 = CARTESIAN_POINT('',(3.7,5.E-02,15.9));
#13206 = VECTOR('',#13207,1.);
#13207 = DIRECTION('',(-1.,1.224646799147E-16,0.));
#13208 = ORIENTED_EDGE('',*,*,#13166,.F.);
#13209 = PLANE('',#13210);
#13210 = AXIS2_PLACEMENT_3D('',#13211,#13212,#13213);
#13211 = CARTESIAN_POINT('',(3.75,-2.597707400661E-16,15.9));
#13212 = DIRECTION('',(-1.677000223684E-32,2.737449048414E-33,1.));
#13213 = DIRECTION('',(-1.,1.224646799147E-16,-1.677000223684E-32));
#13214 = ADVANCED_FACE('',(#13215),#13221,.F.);
#13215 = FACE_BOUND('',#13216,.F.);
#13216 = EDGE_LOOP('',(#13217,#13218,#13219,#13220));
#13217 = ORIENTED_EDGE('',*,*,#13203,.F.);
#13218 = ORIENTED_EDGE('',*,*,#13176,.T.);
#13219 = ORIENTED_EDGE('',*,*,#13093,.T.);
#13220 = ORIENTED_EDGE('',*,*,#12840,.F.);
#13221 = PLANE('',#13222);
#13222 = AXIS2_PLACEMENT_3D('',#13223,#13224,#13225);
#13223 = CARTESIAN_POINT('',(3.7,5.E-02,15.9));
#13224 = DIRECTION('',(1.224646799147E-16,1.,-2.737449048414E-33));
#13225 = DIRECTION('',(-1.,1.224646799147E-16,0.));
#13226 = ADVANCED_FACE('',(#13227),#13233,.F.);
#13227 = FACE_BOUND('',#13228,.F.);
#13228 = EDGE_LOOP('',(#13229,#13230,#13231,#13232));
#13229 = ORIENTED_EDGE('',*,*,#13033,.F.);
#13230 = ORIENTED_EDGE('',*,*,#12952,.T.);
#13231 = ORIENTED_EDGE('',*,*,#13070,.T.);
#13232 = ORIENTED_EDGE('',*,*,#13110,.F.);
#13233 = PLANE('',#13234);
#13234 = AXIS2_PLACEMENT_3D('',#13235,#13236,#13237);
#13235 = CARTESIAN_POINT('',(19.8,5.E-02,15.9));
#13236 = DIRECTION('',(1.224646799147E-16,1.,-2.737449048414E-33));
#13237 = DIRECTION('',(-1.,1.224646799147E-16,0.));
#13238 = ADVANCED_FACE('',(#13239),#13245,.F.);
#13239 = FACE_BOUND('',#13240,.F.);
#13240 = EDGE_LOOP('',(#13241,#13242,#13243,#13244));
#13241 = ORIENTED_EDGE('',*,*,#12985,.F.);
#13242 = ORIENTED_EDGE('',*,*,#13009,.T.);
#13243 = ORIENTED_EDGE('',*,*,#13063,.T.);
#13244 = ORIENTED_EDGE('',*,*,#12935,.F.);
#13245 = PLANE('',#13246);
#13246 = AXIS2_PLACEMENT_3D('',#13247,#13248,#13249);
#13247 = CARTESIAN_POINT('',(3.8,-5.E-02,15.9));
#13248 = DIRECTION('',(-1.224646799147E-16,-1.,2.737449048414E-33));
#13249 = DIRECTION('',(1.,-1.224646799147E-16,0.));
#13250 = ORIENTED_CLOSED_SHELL('',*,#13251,.F.);
#13251 = CLOSED_SHELL('',(#13252,#13285,#13317,#13334,#13361));
#13252 = ADVANCED_FACE('',(#13253),#13280,.T.);
#13253 = FACE_BOUND('',#13254,.T.);
#13254 = EDGE_LOOP('',(#13255,#13266,#13274));
#13255 = ORIENTED_EDGE('',*,*,#13256,.T.);
#13256 = EDGE_CURVE('',#13257,#13259,#13261,.T.);
#13257 = VERTEX_POINT('',#13258);
#13258 = CARTESIAN_POINT('',(8.923725382063,2.143027221245,15.6));
#13259 = VERTEX_POINT('',#13260);
#13260 = CARTESIAN_POINT('',(8.923725382063,-2.143027221245,15.6));
#13261 = CIRCLE('',#13262,5.6);
#13262 = AXIS2_PLACEMENT_3D('',#13263,#13264,#13265);
#13263 = CARTESIAN_POINT('',(3.75,0.,15.6));
#13264 = DIRECTION('',(0.,0.,-1.));
#13265 = DIRECTION('',(0.923879532511,0.382683432365,0.));
#13266 = ORIENTED_EDGE('',*,*,#13267,.T.);
#13267 = EDGE_CURVE('',#13259,#13268,#13270,.T.);
#13268 = VERTEX_POINT('',#13269);
#13269 = CARTESIAN_POINT('',(3.75,0.,15.6));
#13270 = LINE('',#13271,#13272);
#13271 = CARTESIAN_POINT('',(8.923725382063,-2.143027221245,15.6));
#13272 = VECTOR('',#13273,1.);
#13273 = DIRECTION('',(-0.923879532511,0.382683432365,0.));
#13274 = ORIENTED_EDGE('',*,*,#13275,.F.);
#13275 = EDGE_CURVE('',#13257,#13268,#13276,.T.);
#13276 = LINE('',#13277,#13278);
#13277 = CARTESIAN_POINT('',(8.923725382063,2.143027221245,15.6));
#13278 = VECTOR('',#13279,1.);
#13279 = DIRECTION('',(-0.923879532511,-0.382683432365,0.));
#13280 = PLANE('',#13281);
#13281 = AXIS2_PLACEMENT_3D('',#13282,#13283,#13284);
#13282 = CARTESIAN_POINT('',(3.75,0.,15.6));
#13283 = DIRECTION('',(0.,0.,-1.));
#13284 = DIRECTION('',(0.923879532511,0.382683432365,0.));
#13285 = ADVANCED_FACE('',(#13286),#13312,.T.);
#13286 = FACE_BOUND('',#13287,.T.);
#13287 = EDGE_LOOP('',(#13288,#13296,#13305,#13311));
#13288 = ORIENTED_EDGE('',*,*,#13289,.F.);
#13289 = EDGE_CURVE('',#13290,#13257,#13292,.T.);
#13290 = VERTEX_POINT('',#13291);
#13291 = CARTESIAN_POINT('',(8.923725382063,2.143027221244,15.7));
#13292 = LINE('',#13293,#13294);
#13293 = CARTESIAN_POINT('',(8.923725382063,2.143027221245,16.));
#13294 = VECTOR('',#13295,1.);
#13295 = DIRECTION('',(0.,0.,-1.));
#13296 = ORIENTED_EDGE('',*,*,#13297,.F.);
#13297 = EDGE_CURVE('',#13298,#13290,#13300,.T.);
#13298 = VERTEX_POINT('',#13299);
#13299 = CARTESIAN_POINT('',(8.923725382063,-2.143027221244,15.7));
#13300 = CIRCLE('',#13301,5.6);
#13301 = AXIS2_PLACEMENT_3D('',#13302,#13303,#13304);
#13302 = CARTESIAN_POINT('',(3.75,0.,15.7));
#13303 = DIRECTION('',(0.,0.,1.));
#13304 = DIRECTION('',(-1.,1.224646799147E-16,0.));
#13305 = ORIENTED_EDGE('',*,*,#13306,.T.);
#13306 = EDGE_CURVE('',#13298,#13259,#13307,.T.);
#13307 = LINE('',#13308,#13309);
#13308 = CARTESIAN_POINT('',(8.923725382063,-2.143027221245,16.));
#13309 = VECTOR('',#13310,1.);
#13310 = DIRECTION('',(0.,0.,-1.));
#13311 = ORIENTED_EDGE('',*,*,#13256,.F.);
#13312 = CYLINDRICAL_SURFACE('',#13313,5.6);
#13313 = AXIS2_PLACEMENT_3D('',#13314,#13315,#13316);
#13314 = CARTESIAN_POINT('',(3.75,0.,16.));
#13315 = DIRECTION('',(0.,0.,-1.));
#13316 = DIRECTION('',(0.923879532511,0.382683432365,0.));
#13317 = ADVANCED_FACE('',(#13318),#13329,.T.);
#13318 = FACE_BOUND('',#13319,.T.);
#13319 = EDGE_LOOP('',(#13320,#13327,#13328));
#13320 = ORIENTED_EDGE('',*,*,#13321,.T.);
#13321 = EDGE_CURVE('',#13259,#13257,#13322,.T.);
#13322 = CIRCLE('',#13323,5.6);
#13323 = AXIS2_PLACEMENT_3D('',#13324,#13325,#13326);
#13324 = CARTESIAN_POINT('',(3.75,0.,15.6));
#13325 = DIRECTION('',(0.,-0.,-1.));
#13326 = DIRECTION('',(0.923879532511,-0.382683432365,0.));
#13327 = ORIENTED_EDGE('',*,*,#13275,.T.);
#13328 = ORIENTED_EDGE('',*,*,#13267,.F.);
#13329 = PLANE('',#13330);
#13330 = AXIS2_PLACEMENT_3D('',#13331,#13332,#13333);
#13331 = CARTESIAN_POINT('',(3.75,0.,15.6));
#13332 = DIRECTION('',(0.,0.,-1.));
#13333 = DIRECTION('',(0.923879532511,-0.382683432365,0.));
#13334 = ADVANCED_FACE('',(#13335),#13356,.T.);
#13335 = FACE_BOUND('',#13336,.T.);
#13336 = EDGE_LOOP('',(#13337,#13338,#13347,#13354,#13355));
#13337 = ORIENTED_EDGE('',*,*,#13306,.F.);
#13338 = ORIENTED_EDGE('',*,*,#13339,.F.);
#13339 = EDGE_CURVE('',#13340,#13298,#13342,.T.);
#13340 = VERTEX_POINT('',#13341);
#13341 = CARTESIAN_POINT('',(-1.85,6.858022075225E-16,15.7));
#13342 = CIRCLE('',#13343,5.6);
#13343 = AXIS2_PLACEMENT_3D('',#13344,#13345,#13346);
#13344 = CARTESIAN_POINT('',(3.75,0.,15.7));
#13345 = DIRECTION('',(0.,0.,1.));
#13346 = DIRECTION('',(-1.,1.224646799147E-16,0.));
#13347 = ORIENTED_EDGE('',*,*,#13348,.F.);
#13348 = EDGE_CURVE('',#13290,#13340,#13349,.T.);
#13349 = CIRCLE('',#13350,5.6);
#13350 = AXIS2_PLACEMENT_3D('',#13351,#13352,#13353);
#13351 = CARTESIAN_POINT('',(3.75,0.,15.7));
#13352 = DIRECTION('',(0.,0.,1.));
#13353 = DIRECTION('',(-1.,1.224646799147E-16,0.));
#13354 = ORIENTED_EDGE('',*,*,#13289,.T.);
#13355 = ORIENTED_EDGE('',*,*,#13321,.F.);
#13356 = CYLINDRICAL_SURFACE('',#13357,5.6);
#13357 = AXIS2_PLACEMENT_3D('',#13358,#13359,#13360);
#13358 = CARTESIAN_POINT('',(3.75,0.,16.));
#13359 = DIRECTION('',(0.,0.,-1.));
#13360 = DIRECTION('',(0.923879532511,-0.382683432365,0.));
#13361 = ADVANCED_FACE('',(#13362),#13367,.T.);
#13362 = FACE_BOUND('',#13363,.T.);
#13363 = EDGE_LOOP('',(#13364,#13365,#13366));
#13364 = ORIENTED_EDGE('',*,*,#13339,.T.);
#13365 = ORIENTED_EDGE('',*,*,#13297,.T.);
#13366 = ORIENTED_EDGE('',*,*,#13348,.T.);
#13367 = PLANE('',#13368);
#13368 = AXIS2_PLACEMENT_3D('',#13369,#13370,#13371);
#13369 = CARTESIAN_POINT('',(3.75,-2.597707400661E-16,15.7));
#13370 = DIRECTION('',(-1.677000223684E-32,2.737449048414E-33,1.));
#13371 = DIRECTION('',(-1.,1.224646799147E-16,-1.677000223684E-32));
#13372 = ( GEOMETRIC_REPRESENTATION_CONTEXT(3) 
GLOBAL_UNCERTAINTY_ASSIGNED_CONTEXT((#13376)) 
GLOBAL_UNIT_ASSIGNED_CONTEXT((#13373,#13374,#13375)) 
REPRESENTATION_CONTEXT('Context #1',
  '3D Context with UNIT and UNCERTAINTY') );
#13373 = ( LENGTH_UNIT() NAMED_UNIT(*) SI_UNIT(.MILLI.,.METRE.) );
#13374 = ( NAMED_UNIT(*) PLANE_ANGLE_UNIT() SI_UNIT($,.RADIAN.) );
#13375 = ( NAMED_UNIT(*) SI_UNIT($,.STERADIAN.) SOLID_ANGLE_UNIT() );
#13376 = UNCERTAINTY_MEASURE_WITH_UNIT(LENGTH_MEASURE(2.E-06),#13373,
  'distance_accuracy_value','confusion accuracy');
#13377 = CONTEXT_DEPENDENT_SHAPE_REPRESENTATION(#13378,#13380);
#13378 = ( REPRESENTATION_RELATIONSHIP('','',#10670,#10) 
REPRESENTATION_RELATIONSHIP_WITH_TRANSFORMATION(#13379) 
SHAPE_REPRESENTATION_RELATIONSHIP() );
#13379 = ITEM_DEFINED_TRANSFORMATION('','',#11,#35);
#13380 = PRODUCT_DEFINITION_SHAPE('Placement','Placement of an item',
  #13381);
#13381 = NEXT_ASSEMBLY_USAGE_OCCURRENCE('7','C1','',#5,#10665,$);
#13382 = PRODUCT_RELATED_PRODUCT_CATEGORY('part',$,(#10667));
#13383 = CONTEXT_DEPENDENT_SHAPE_REPRESENTATION(#13384,#13386);
#13384 = ( REPRESENTATION_RELATIONSHIP('','',#5242,#10) 
REPRESENTATION_RELATIONSHIP_WITH_TRANSFORMATION(#13385) 
SHAPE_REPRESENTATION_RELATIONSHIP() );
#13385 = ITEM_DEFINED_TRANSFORMATION('','',#11,#39);
#13386 = PRODUCT_DEFINITION_SHAPE('Placement','Placement of an item',
  #13387);
#13387 = NEXT_ASSEMBLY_USAGE_OCCURRENCE('8','C2','',#5,#5237,$);
#13388 = CONTEXT_DEPENDENT_SHAPE_REPRESENTATION(#13389,#13391);
#13389 = ( REPRESENTATION_RELATIONSHIP('','',#5242,#10) 
REPRESENTATION_RELATIONSHIP_WITH_TRANSFORMATION(#13390) 
SHAPE_REPRESENTATION_RELATIONSHIP() );
#13390 = ITEM_DEFINED_TRANSFORMATION('','',#11,#43);
#13391 = PRODUCT_DEFINITION_SHAPE('Placement','Placement of an item',
  #13392);
#13392 = NEXT_ASSEMBLY_USAGE_OCCURRENCE('9','C4','',#5,#5237,$);
#13393 = SHAPE_DEFINITION_REPRESENTATION(#13394,#13400);
#13394 = PRODUCT_DEFINITION_SHAPE('','',#13395);
#13395 = PRODUCT_DEFINITION('design','',#13396,#13399);
#13396 = PRODUCT_DEFINITION_FORMATION('','',#13397);
#13397 = PRODUCT('R_0805_2012Metric','R_0805_2012Metric','',(#13398));
#13398 = PRODUCT_CONTEXT('',#2,'mechanical');
#13399 = PRODUCT_DEFINITION_CONTEXT('part definition',#2,'design');
#13400 = ADVANCED_BREP_SHAPE_REPRESENTATION('',(#11,#13401),#14191);
#13401 = MANIFOLD_SOLID_BREP('',#13402);
#13402 = CLOSED_SHELL('',(#13403,#13443,#13526,#13551,#13576,#13643,
    #13660,#13677,#13726,#13743,#13760,#13809,#13826,#13895,#13926,
    #13950,#14019,#14043,#14060,#14077,#14094,#14111,#14128,#14145,
    #14162,#14179));
#13403 = ADVANCED_FACE('',(#13404),#13438,.F.);
#13404 = FACE_BOUND('',#13405,.F.);
#13405 = EDGE_LOOP('',(#13406,#13416,#13424,#13432));
#13406 = ORIENTED_EDGE('',*,*,#13407,.F.);
#13407 = EDGE_CURVE('',#13408,#13410,#13412,.T.);
#13408 = VERTEX_POINT('',#13409);
#13409 = CARTESIAN_POINT('',(-1.,-0.6,4.5E-02));
#13410 = VERTEX_POINT('',#13411);
#13411 = CARTESIAN_POINT('',(-1.,-0.6,0.405));
#13412 = LINE('',#13413,#13414);
#13413 = CARTESIAN_POINT('',(-1.,-0.6,0.));
#13414 = VECTOR('',#13415,1.);
#13415 = DIRECTION('',(0.,0.,1.));
#13416 = ORIENTED_EDGE('',*,*,#13417,.T.);
#13417 = EDGE_CURVE('',#13408,#13418,#13420,.T.);
#13418 = VERTEX_POINT('',#13419);
#13419 = CARTESIAN_POINT('',(-1.,0.6,4.5E-02));
#13420 = LINE('',#13421,#13422);
#13421 = CARTESIAN_POINT('',(-1.,-0.6,4.5E-02));
#13422 = VECTOR('',#13423,1.);
#13423 = DIRECTION('',(0.,1.,0.));
#13424 = ORIENTED_EDGE('',*,*,#13425,.T.);
#13425 = EDGE_CURVE('',#13418,#13426,#13428,.T.);
#13426 = VERTEX_POINT('',#13427);
#13427 = CARTESIAN_POINT('',(-1.,0.6,0.405));
#13428 = LINE('',#13429,#13430);
#13429 = CARTESIAN_POINT('',(-1.,0.6,0.));
#13430 = VECTOR('',#13431,1.);
#13431 = DIRECTION('',(0.,0.,1.));
#13432 = ORIENTED_EDGE('',*,*,#13433,.F.);
#13433 = EDGE_CURVE('',#13410,#13426,#13434,.T.);
#13434 = LINE('',#13435,#13436);
#13435 = CARTESIAN_POINT('',(-1.,-0.6,0.405));
#13436 = VECTOR('',#13437,1.);
#13437 = DIRECTION('',(0.,1.,0.));
#13438 = PLANE('',#13439);
#13439 = AXIS2_PLACEMENT_3D('',#13440,#13441,#13442);
#13440 = CARTESIAN_POINT('',(-1.,-0.6,0.));
#13441 = DIRECTION('',(1.,0.,0.));
#13442 = DIRECTION('',(0.,0.,1.));
#13443 = ADVANCED_FACE('',(#13444),#13521,.F.);
#13444 = FACE_BOUND('',#13445,.F.);
#13445 = EDGE_LOOP('',(#13446,#13456,#13463,#13464,#13473,#13481,#13490,
    #13498,#13506,#13514));
#13446 = ORIENTED_EDGE('',*,*,#13447,.F.);
#13447 = EDGE_CURVE('',#13448,#13450,#13452,.T.);
#13448 = VERTEX_POINT('',#13449);
#13449 = CARTESIAN_POINT('',(-0.955,-0.6,-2.775557561563E-17));
#13450 = VERTEX_POINT('',#13451);
#13451 = CARTESIAN_POINT('',(-0.745,-0.6,-2.775557561563E-17));
#13452 = LINE('',#13453,#13454);
#13453 = CARTESIAN_POINT('',(-1.,-0.6,0.));
#13454 = VECTOR('',#13455,1.);
#13455 = DIRECTION('',(1.,0.,0.));
#13456 = ORIENTED_EDGE('',*,*,#13457,.F.);
#13457 = EDGE_CURVE('',#13408,#13448,#13458,.T.);
#13458 = CIRCLE('',#13459,4.5E-02);
#13459 = AXIS2_PLACEMENT_3D('',#13460,#13461,#13462);
#13460 = CARTESIAN_POINT('',(-0.955,-0.6,4.5E-02));
#13461 = DIRECTION('',(0.,-1.,0.));
#13462 = DIRECTION('',(0.,0.,1.));
#13463 = ORIENTED_EDGE('',*,*,#13407,.T.);
#13464 = ORIENTED_EDGE('',*,*,#13465,.T.);
#13465 = EDGE_CURVE('',#13410,#13466,#13468,.T.);
#13466 = VERTEX_POINT('',#13467);
#13467 = CARTESIAN_POINT('',(-0.955,-0.6,0.45));
#13468 = CIRCLE('',#13469,4.5E-02);
#13469 = AXIS2_PLACEMENT_3D('',#13470,#13471,#13472);
#13470 = CARTESIAN_POINT('',(-0.955,-0.6,0.405));
#13471 = DIRECTION('',(0.,1.,0.));
#13472 = DIRECTION('',(0.,-0.,1.));
#13473 = ORIENTED_EDGE('',*,*,#13474,.T.);
#13474 = EDGE_CURVE('',#13466,#13475,#13477,.T.);
#13475 = VERTEX_POINT('',#13476);
#13476 = CARTESIAN_POINT('',(-0.745,-0.6,0.45));
#13477 = LINE('',#13478,#13479);
#13478 = CARTESIAN_POINT('',(-1.,-0.6,0.45));
#13479 = VECTOR('',#13480,1.);
#13480 = DIRECTION('',(1.,0.,0.));
#13481 = ORIENTED_EDGE('',*,*,#13482,.F.);
#13482 = EDGE_CURVE('',#13483,#13475,#13485,.T.);
#13483 = VERTEX_POINT('',#13484);
#13484 = CARTESIAN_POINT('',(-0.7,-0.6,0.405));
#13485 = CIRCLE('',#13486,4.5E-02);
#13486 = AXIS2_PLACEMENT_3D('',#13487,#13488,#13489);
#13487 = CARTESIAN_POINT('',(-0.745,-0.6,0.405));
#13488 = DIRECTION('',(0.,-1.,0.));
#13489 = DIRECTION('',(0.,0.,1.));
#13490 = ORIENTED_EDGE('',*,*,#13491,.F.);
#13491 = EDGE_CURVE('',#13492,#13483,#13494,.T.);
#13492 = VERTEX_POINT('',#13493);
#13493 = CARTESIAN_POINT('',(-0.955,-0.6,0.405));
#13494 = LINE('',#13495,#13496);
#13495 = CARTESIAN_POINT('',(-0.955,-0.6,0.405));
#13496 = VECTOR('',#13497,1.);
#13497 = DIRECTION('',(1.,0.,0.));
#13498 = ORIENTED_EDGE('',*,*,#13499,.F.);
#13499 = EDGE_CURVE('',#13500,#13492,#13502,.T.);
#13500 = VERTEX_POINT('',#13501);
#13501 = CARTESIAN_POINT('',(-0.955,-0.6,4.5E-02));
#13502 = LINE('',#13503,#13504);
#13503 = CARTESIAN_POINT('',(-0.955,-0.6,4.5E-02));
#13504 = VECTOR('',#13505,1.);
#13505 = DIRECTION('',(0.,0.,1.));
#13506 = ORIENTED_EDGE('',*,*,#13507,.T.);
#13507 = EDGE_CURVE('',#13500,#13508,#13510,.T.);
#13508 = VERTEX_POINT('',#13509);
#13509 = CARTESIAN_POINT('',(-0.7,-0.6,4.5E-02));
#13510 = LINE('',#13511,#13512);
#13511 = CARTESIAN_POINT('',(-0.955,-0.6,4.5E-02));
#13512 = VECTOR('',#13513,1.);
#13513 = DIRECTION('',(1.,0.,0.));
#13514 = ORIENTED_EDGE('',*,*,#13515,.T.);
#13515 = EDGE_CURVE('',#13508,#13450,#13516,.T.);
#13516 = CIRCLE('',#13517,4.5E-02);
#13517 = AXIS2_PLACEMENT_3D('',#13518,#13519,#13520);
#13518 = CARTESIAN_POINT('',(-0.745,-0.6,4.5E-02));
#13519 = DIRECTION('',(0.,1.,0.));
#13520 = DIRECTION('',(0.,-0.,1.));
#13521 = PLANE('',#13522);
#13522 = AXIS2_PLACEMENT_3D('',#13523,#13524,#13525);
#13523 = CARTESIAN_POINT('',(-1.,-0.6,0.));
#13524 = DIRECTION('',(0.,1.,0.));
#13525 = DIRECTION('',(0.,-0.,1.));
#13526 = ADVANCED_FACE('',(#13527),#13546,.T.);
#13527 = FACE_BOUND('',#13528,.T.);
#13528 = EDGE_LOOP('',(#13529,#13530,#13539,#13545));
#13529 = ORIENTED_EDGE('',*,*,#13417,.T.);
#13530 = ORIENTED_EDGE('',*,*,#13531,.T.);
#13531 = EDGE_CURVE('',#13418,#13532,#13534,.T.);
#13532 = VERTEX_POINT('',#13533);
#13533 = CARTESIAN_POINT('',(-0.955,0.6,-2.775557561563E-17));
#13534 = CIRCLE('',#13535,4.5E-02);
#13535 = AXIS2_PLACEMENT_3D('',#13536,#13537,#13538);
#13536 = CARTESIAN_POINT('',(-0.955,0.6,4.5E-02));
#13537 = DIRECTION('',(0.,-1.,0.));
#13538 = DIRECTION('',(0.,0.,1.));
#13539 = ORIENTED_EDGE('',*,*,#13540,.F.);
#13540 = EDGE_CURVE('',#13448,#13532,#13541,.T.);
#13541 = LINE('',#13542,#13543);
#13542 = CARTESIAN_POINT('',(-0.955,-0.6,-2.775557561563E-17));
#13543 = VECTOR('',#13544,1.);
#13544 = DIRECTION('',(0.,1.,0.));
#13545 = ORIENTED_EDGE('',*,*,#13457,.F.);
#13546 = CYLINDRICAL_SURFACE('',#13547,4.5E-02);
#13547 = AXIS2_PLACEMENT_3D('',#13548,#13549,#13550);
#13548 = CARTESIAN_POINT('',(-0.955,-0.6,4.5E-02));
#13549 = DIRECTION('',(0.,1.,0.));
#13550 = DIRECTION('',(-1.,0.,0.));
#13551 = ADVANCED_FACE('',(#13552),#13571,.T.);
#13552 = FACE_BOUND('',#13553,.T.);
#13553 = EDGE_LOOP('',(#13554,#13555,#13563,#13570));
#13554 = ORIENTED_EDGE('',*,*,#13465,.T.);
#13555 = ORIENTED_EDGE('',*,*,#13556,.T.);
#13556 = EDGE_CURVE('',#13466,#13557,#13559,.T.);
#13557 = VERTEX_POINT('',#13558);
#13558 = CARTESIAN_POINT('',(-0.955,0.6,0.45));
#13559 = LINE('',#13560,#13561);
#13560 = CARTESIAN_POINT('',(-0.955,-0.6,0.45));
#13561 = VECTOR('',#13562,1.);
#13562 = DIRECTION('',(0.,1.,0.));
#13563 = ORIENTED_EDGE('',*,*,#13564,.F.);
#13564 = EDGE_CURVE('',#13426,#13557,#13565,.T.);
#13565 = CIRCLE('',#13566,4.5E-02);
#13566 = AXIS2_PLACEMENT_3D('',#13567,#13568,#13569);
#13567 = CARTESIAN_POINT('',(-0.955,0.6,0.405));
#13568 = DIRECTION('',(0.,1.,0.));
#13569 = DIRECTION('',(0.,-0.,1.));
#13570 = ORIENTED_EDGE('',*,*,#13433,.F.);
#13571 = CYLINDRICAL_SURFACE('',#13572,4.5E-02);
#13572 = AXIS2_PLACEMENT_3D('',#13573,#13574,#13575);
#13573 = CARTESIAN_POINT('',(-0.955,-0.6,0.405));
#13574 = DIRECTION('',(0.,1.,0.));
#13575 = DIRECTION('',(-1.,0.,0.));
#13576 = ADVANCED_FACE('',(#13577),#13638,.T.);
#13577 = FACE_BOUND('',#13578,.T.);
#13578 = EDGE_LOOP('',(#13579,#13587,#13588,#13589,#13590,#13598,#13607,
    #13615,#13623,#13631));
#13579 = ORIENTED_EDGE('',*,*,#13580,.F.);
#13580 = EDGE_CURVE('',#13532,#13581,#13583,.T.);
#13581 = VERTEX_POINT('',#13582);
#13582 = CARTESIAN_POINT('',(-0.745,0.6,-2.775557561563E-17));
#13583 = LINE('',#13584,#13585);
#13584 = CARTESIAN_POINT('',(-1.,0.6,0.));
#13585 = VECTOR('',#13586,1.);
#13586 = DIRECTION('',(1.,0.,0.));
#13587 = ORIENTED_EDGE('',*,*,#13531,.F.);
#13588 = ORIENTED_EDGE('',*,*,#13425,.T.);
#13589 = ORIENTED_EDGE('',*,*,#13564,.T.);
#13590 = ORIENTED_EDGE('',*,*,#13591,.T.);
#13591 = EDGE_CURVE('',#13557,#13592,#13594,.T.);
#13592 = VERTEX_POINT('',#13593);
#13593 = CARTESIAN_POINT('',(-0.745,0.6,0.45));
#13594 = LINE('',#13595,#13596);
#13595 = CARTESIAN_POINT('',(-1.,0.6,0.45));
#13596 = VECTOR('',#13597,1.);
#13597 = DIRECTION('',(1.,0.,0.));
#13598 = ORIENTED_EDGE('',*,*,#13599,.F.);
#13599 = EDGE_CURVE('',#13600,#13592,#13602,.T.);
#13600 = VERTEX_POINT('',#13601);
#13601 = CARTESIAN_POINT('',(-0.7,0.6,0.405));
#13602 = CIRCLE('',#13603,4.5E-02);
#13603 = AXIS2_PLACEMENT_3D('',#13604,#13605,#13606);
#13604 = CARTESIAN_POINT('',(-0.745,0.6,0.405));
#13605 = DIRECTION('',(0.,-1.,0.));
#13606 = DIRECTION('',(0.,0.,1.));
#13607 = ORIENTED_EDGE('',*,*,#13608,.F.);
#13608 = EDGE_CURVE('',#13609,#13600,#13611,.T.);
#13609 = VERTEX_POINT('',#13610);
#13610 = CARTESIAN_POINT('',(-0.955,0.6,0.405));
#13611 = LINE('',#13612,#13613);
#13612 = CARTESIAN_POINT('',(-0.955,0.6,0.405));
#13613 = VECTOR('',#13614,1.);
#13614 = DIRECTION('',(1.,0.,0.));
#13615 = ORIENTED_EDGE('',*,*,#13616,.F.);
#13616 = EDGE_CURVE('',#13617,#13609,#13619,.T.);
#13617 = VERTEX_POINT('',#13618);
#13618 = CARTESIAN_POINT('',(-0.955,0.6,4.5E-02));
#13619 = LINE('',#13620,#13621);
#13620 = CARTESIAN_POINT('',(-0.955,0.6,4.5E-02));
#13621 = VECTOR('',#13622,1.);
#13622 = DIRECTION('',(0.,0.,1.));
#13623 = ORIENTED_EDGE('',*,*,#13624,.T.);
#13624 = EDGE_CURVE('',#13617,#13625,#13627,.T.);
#13625 = VERTEX_POINT('',#13626);
#13626 = CARTESIAN_POINT('',(-0.7,0.6,4.5E-02));
#13627 = LINE('',#13628,#13629);
#13628 = CARTESIAN_POINT('',(-0.955,0.6,4.5E-02));
#13629 = VECTOR('',#13630,1.);
#13630 = DIRECTION('',(1.,0.,0.));
#13631 = ORIENTED_EDGE('',*,*,#13632,.T.);
#13632 = EDGE_CURVE('',#13625,#13581,#13633,.T.);
#13633 = CIRCLE('',#13634,4.5E-02);
#13634 = AXIS2_PLACEMENT_3D('',#13635,#13636,#13637);
#13635 = CARTESIAN_POINT('',(-0.745,0.6,4.5E-02));
#13636 = DIRECTION('',(0.,1.,0.));
#13637 = DIRECTION('',(0.,-0.,1.));
#13638 = PLANE('',#13639);
#13639 = AXIS2_PLACEMENT_3D('',#13640,#13641,#13642);
#13640 = CARTESIAN_POINT('',(-1.,0.6,0.));
#13641 = DIRECTION('',(0.,1.,0.));
#13642 = DIRECTION('',(0.,-0.,1.));
#13643 = ADVANCED_FACE('',(#13644),#13655,.F.);
#13644 = FACE_BOUND('',#13645,.F.);
#13645 = EDGE_LOOP('',(#13646,#13647,#13648,#13649));
#13646 = ORIENTED_EDGE('',*,*,#13580,.F.);
#13647 = ORIENTED_EDGE('',*,*,#13540,.F.);
#13648 = ORIENTED_EDGE('',*,*,#13447,.T.);
#13649 = ORIENTED_EDGE('',*,*,#13650,.T.);
#13650 = EDGE_CURVE('',#13450,#13581,#13651,.T.);
#13651 = LINE('',#13652,#13653);
#13652 = CARTESIAN_POINT('',(-0.745,-0.6,-2.775557561563E-17));
#13653 = VECTOR('',#13654,1.);
#13654 = DIRECTION('',(0.,1.,0.));
#13655 = PLANE('',#13656);
#13656 = AXIS2_PLACEMENT_3D('',#13657,#13658,#13659);
#13657 = CARTESIAN_POINT('',(-1.,-0.6,0.));
#13658 = DIRECTION('',(0.,0.,1.));
#13659 = DIRECTION('',(1.,0.,-0.));
#13660 = ADVANCED_FACE('',(#13661),#13672,.T.);
#13661 = FACE_BOUND('',#13662,.T.);
#13662 = EDGE_LOOP('',(#13663,#13664,#13665,#13666));
#13663 = ORIENTED_EDGE('',*,*,#13515,.T.);
#13664 = ORIENTED_EDGE('',*,*,#13650,.T.);
#13665 = ORIENTED_EDGE('',*,*,#13632,.F.);
#13666 = ORIENTED_EDGE('',*,*,#13667,.F.);
#13667 = EDGE_CURVE('',#13508,#13625,#13668,.T.);
#13668 = LINE('',#13669,#13670);
#13669 = CARTESIAN_POINT('',(-0.7,-0.6,4.5E-02));
#13670 = VECTOR('',#13671,1.);
#13671 = DIRECTION('',(0.,1.,0.));
#13672 = CYLINDRICAL_SURFACE('',#13673,4.5E-02);
#13673 = AXIS2_PLACEMENT_3D('',#13674,#13675,#13676);
#13674 = CARTESIAN_POINT('',(-0.745,-0.6,4.5E-02));
#13675 = DIRECTION('',(0.,1.,0.));
#13676 = DIRECTION('',(1.,0.,0.));
#13677 = ADVANCED_FACE('',(#13678),#13721,.F.);
#13678 = FACE_BOUND('',#13679,.F.);
#13679 = EDGE_LOOP('',(#13680,#13681,#13682,#13683,#13691,#13699,#13707,
    #13715));
#13680 = ORIENTED_EDGE('',*,*,#13507,.F.);
#13681 = ORIENTED_EDGE('',*,*,#13499,.T.);
#13682 = ORIENTED_EDGE('',*,*,#13491,.T.);
#13683 = ORIENTED_EDGE('',*,*,#13684,.T.);
#13684 = EDGE_CURVE('',#13483,#13685,#13687,.T.);
#13685 = VERTEX_POINT('',#13686);
#13686 = CARTESIAN_POINT('',(0.7,-0.6,0.405));
#13687 = LINE('',#13688,#13689);
#13688 = CARTESIAN_POINT('',(-0.7,-0.6,0.405));
#13689 = VECTOR('',#13690,1.);
#13690 = DIRECTION('',(1.,0.,0.));
#13691 = ORIENTED_EDGE('',*,*,#13692,.T.);
#13692 = EDGE_CURVE('',#13685,#13693,#13695,.T.);
#13693 = VERTEX_POINT('',#13694);
#13694 = CARTESIAN_POINT('',(0.955,-0.6,0.405));
#13695 = LINE('',#13696,#13697);
#13696 = CARTESIAN_POINT('',(-0.955,-0.6,0.405));
#13697 = VECTOR('',#13698,1.);
#13698 = DIRECTION('',(1.,0.,0.));
#13699 = ORIENTED_EDGE('',*,*,#13700,.F.);
#13700 = EDGE_CURVE('',#13701,#13693,#13703,.T.);
#13701 = VERTEX_POINT('',#13702);
#13702 = CARTESIAN_POINT('',(0.955,-0.6,4.5E-02));
#13703 = LINE('',#13704,#13705);
#13704 = CARTESIAN_POINT('',(0.955,-0.6,4.5E-02));
#13705 = VECTOR('',#13706,1.);
#13706 = DIRECTION('',(0.,0.,1.));
#13707 = ORIENTED_EDGE('',*,*,#13708,.F.);
#13708 = EDGE_CURVE('',#13709,#13701,#13711,.T.);
#13709 = VERTEX_POINT('',#13710);
#13710 = CARTESIAN_POINT('',(0.7,-0.6,4.5E-02));
#13711 = LINE('',#13712,#13713);
#13712 = CARTESIAN_POINT('',(-0.955,-0.6,4.5E-02));
#13713 = VECTOR('',#13714,1.);
#13714 = DIRECTION('',(1.,0.,0.));
#13715 = ORIENTED_EDGE('',*,*,#13716,.F.);
#13716 = EDGE_CURVE('',#13508,#13709,#13717,.T.);
#13717 = LINE('',#13718,#13719);
#13718 = CARTESIAN_POINT('',(-0.955,-0.6,4.5E-02));
#13719 = VECTOR('',#13720,1.);
#13720 = DIRECTION('',(1.,0.,0.));
#13721 = PLANE('',#13722);
#13722 = AXIS2_PLACEMENT_3D('',#13723,#13724,#13725);
#13723 = CARTESIAN_POINT('',(-0.955,-0.6,4.5E-02));
#13724 = DIRECTION('',(0.,1.,0.));
#13725 = DIRECTION('',(0.,-0.,1.));
#13726 = ADVANCED_FACE('',(#13727),#13738,.T.);
#13727 = FACE_BOUND('',#13728,.T.);
#13728 = EDGE_LOOP('',(#13729,#13730,#13731,#13732));
#13729 = ORIENTED_EDGE('',*,*,#13591,.F.);
#13730 = ORIENTED_EDGE('',*,*,#13556,.F.);
#13731 = ORIENTED_EDGE('',*,*,#13474,.T.);
#13732 = ORIENTED_EDGE('',*,*,#13733,.T.);
#13733 = EDGE_CURVE('',#13475,#13592,#13734,.T.);
#13734 = LINE('',#13735,#13736);
#13735 = CARTESIAN_POINT('',(-0.745,-0.6,0.45));
#13736 = VECTOR('',#13737,1.);
#13737 = DIRECTION('',(0.,1.,0.));
#13738 = PLANE('',#13739);
#13739 = AXIS2_PLACEMENT_3D('',#13740,#13741,#13742);
#13740 = CARTESIAN_POINT('',(-1.,-0.6,0.45));
#13741 = DIRECTION('',(0.,0.,1.));
#13742 = DIRECTION('',(1.,0.,-0.));
#13743 = ADVANCED_FACE('',(#13744),#13755,.T.);
#13744 = FACE_BOUND('',#13745,.T.);
#13745 = EDGE_LOOP('',(#13746,#13752,#13753,#13754));
#13746 = ORIENTED_EDGE('',*,*,#13747,.T.);
#13747 = EDGE_CURVE('',#13483,#13600,#13748,.T.);
#13748 = LINE('',#13749,#13750);
#13749 = CARTESIAN_POINT('',(-0.7,-0.6,0.405));
#13750 = VECTOR('',#13751,1.);
#13751 = DIRECTION('',(0.,1.,0.));
#13752 = ORIENTED_EDGE('',*,*,#13599,.T.);
#13753 = ORIENTED_EDGE('',*,*,#13733,.F.);
#13754 = ORIENTED_EDGE('',*,*,#13482,.F.);
#13755 = CYLINDRICAL_SURFACE('',#13756,4.5E-02);
#13756 = AXIS2_PLACEMENT_3D('',#13757,#13758,#13759);
#13757 = CARTESIAN_POINT('',(-0.745,-0.6,0.405));
#13758 = DIRECTION('',(0.,1.,0.));
#13759 = DIRECTION('',(1.,0.,0.));
#13760 = ADVANCED_FACE('',(#13761),#13804,.T.);
#13761 = FACE_BOUND('',#13762,.T.);
#13762 = EDGE_LOOP('',(#13763,#13764,#13765,#13766,#13774,#13782,#13790,
    #13798));
#13763 = ORIENTED_EDGE('',*,*,#13624,.F.);
#13764 = ORIENTED_EDGE('',*,*,#13616,.T.);
#13765 = ORIENTED_EDGE('',*,*,#13608,.T.);
#13766 = ORIENTED_EDGE('',*,*,#13767,.T.);
#13767 = EDGE_CURVE('',#13600,#13768,#13770,.T.);
#13768 = VERTEX_POINT('',#13769);
#13769 = CARTESIAN_POINT('',(0.7,0.6,0.405));
#13770 = LINE('',#13771,#13772);
#13771 = CARTESIAN_POINT('',(-0.7,0.6,0.405));
#13772 = VECTOR('',#13773,1.);
#13773 = DIRECTION('',(1.,0.,0.));
#13774 = ORIENTED_EDGE('',*,*,#13775,.T.);
#13775 = EDGE_CURVE('',#13768,#13776,#13778,.T.);
#13776 = VERTEX_POINT('',#13777);
#13777 = CARTESIAN_POINT('',(0.955,0.6,0.405));
#13778 = LINE('',#13779,#13780);
#13779 = CARTESIAN_POINT('',(-0.955,0.6,0.405));
#13780 = VECTOR('',#13781,1.);
#13781 = DIRECTION('',(1.,0.,0.));
#13782 = ORIENTED_EDGE('',*,*,#13783,.F.);
#13783 = EDGE_CURVE('',#13784,#13776,#13786,.T.);
#13784 = VERTEX_POINT('',#13785);
#13785 = CARTESIAN_POINT('',(0.955,0.6,4.5E-02));
#13786 = LINE('',#13787,#13788);
#13787 = CARTESIAN_POINT('',(0.955,0.6,4.5E-02));
#13788 = VECTOR('',#13789,1.);
#13789 = DIRECTION('',(0.,0.,1.));
#13790 = ORIENTED_EDGE('',*,*,#13791,.F.);
#13791 = EDGE_CURVE('',#13792,#13784,#13794,.T.);
#13792 = VERTEX_POINT('',#13793);
#13793 = CARTESIAN_POINT('',(0.7,0.6,4.5E-02));
#13794 = LINE('',#13795,#13796);
#13795 = CARTESIAN_POINT('',(-0.955,0.6,4.5E-02));
#13796 = VECTOR('',#13797,1.);
#13797 = DIRECTION('',(1.,0.,0.));
#13798 = ORIENTED_EDGE('',*,*,#13799,.F.);
#13799 = EDGE_CURVE('',#13625,#13792,#13800,.T.);
#13800 = LINE('',#13801,#13802);
#13801 = CARTESIAN_POINT('',(-0.955,0.6,4.5E-02));
#13802 = VECTOR('',#13803,1.);
#13803 = DIRECTION('',(1.,0.,0.));
#13804 = PLANE('',#13805);
#13805 = AXIS2_PLACEMENT_3D('',#13806,#13807,#13808);
#13806 = CARTESIAN_POINT('',(-0.955,0.6,4.5E-02));
#13807 = DIRECTION('',(0.,1.,0.));
#13808 = DIRECTION('',(0.,-0.,1.));
#13809 = ADVANCED_FACE('',(#13810),#13821,.F.);
#13810 = FACE_BOUND('',#13811,.F.);
#13811 = EDGE_LOOP('',(#13812,#13813,#13814,#13820));
#13812 = ORIENTED_EDGE('',*,*,#13667,.F.);
#13813 = ORIENTED_EDGE('',*,*,#13716,.T.);
#13814 = ORIENTED_EDGE('',*,*,#13815,.T.);
#13815 = EDGE_CURVE('',#13709,#13792,#13816,.T.);
#13816 = LINE('',#13817,#13818);
#13817 = CARTESIAN_POINT('',(0.7,-0.6,4.5E-02));
#13818 = VECTOR('',#13819,1.);
#13819 = DIRECTION('',(0.,1.,0.));
#13820 = ORIENTED_EDGE('',*,*,#13799,.F.);
#13821 = PLANE('',#13822);
#13822 = AXIS2_PLACEMENT_3D('',#13823,#13824,#13825);
#13823 = CARTESIAN_POINT('',(-0.955,-0.6,4.5E-02));
#13824 = DIRECTION('',(0.,0.,1.));
#13825 = DIRECTION('',(1.,0.,-0.));
#13826 = ADVANCED_FACE('',(#13827),#13890,.F.);
#13827 = FACE_BOUND('',#13828,.F.);
#13828 = EDGE_LOOP('',(#13829,#13839,#13846,#13847,#13848,#13849,#13858,
    #13866,#13875,#13883));
#13829 = ORIENTED_EDGE('',*,*,#13830,.F.);
#13830 = EDGE_CURVE('',#13831,#13833,#13835,.T.);
#13831 = VERTEX_POINT('',#13832);
#13832 = CARTESIAN_POINT('',(0.745,-0.6,-2.775557561563E-17));
#13833 = VERTEX_POINT('',#13834);
#13834 = CARTESIAN_POINT('',(0.955,-0.6,-2.775557561563E-17));
#13835 = LINE('',#13836,#13837);
#13836 = CARTESIAN_POINT('',(0.7,-0.6,0.));
#13837 = VECTOR('',#13838,1.);
#13838 = DIRECTION('',(1.,0.,0.));
#13839 = ORIENTED_EDGE('',*,*,#13840,.F.);
#13840 = EDGE_CURVE('',#13709,#13831,#13841,.T.);
#13841 = CIRCLE('',#13842,4.5E-02);
#13842 = AXIS2_PLACEMENT_3D('',#13843,#13844,#13845);
#13843 = CARTESIAN_POINT('',(0.745,-0.6,4.5E-02));
#13844 = DIRECTION('',(0.,-1.,0.));
#13845 = DIRECTION('',(0.,0.,1.));
#13846 = ORIENTED_EDGE('',*,*,#13708,.T.);
#13847 = ORIENTED_EDGE('',*,*,#13700,.T.);
#13848 = ORIENTED_EDGE('',*,*,#13692,.F.);
#13849 = ORIENTED_EDGE('',*,*,#13850,.T.);
#13850 = EDGE_CURVE('',#13685,#13851,#13853,.T.);
#13851 = VERTEX_POINT('',#13852);
#13852 = CARTESIAN_POINT('',(0.745,-0.6,0.45));
#13853 = CIRCLE('',#13854,4.5E-02);
#13854 = AXIS2_PLACEMENT_3D('',#13855,#13856,#13857);
#13855 = CARTESIAN_POINT('',(0.745,-0.6,0.405));
#13856 = DIRECTION('',(0.,1.,0.));
#13857 = DIRECTION('',(0.,-0.,1.));
#13858 = ORIENTED_EDGE('',*,*,#13859,.T.);
#13859 = EDGE_CURVE('',#13851,#13860,#13862,.T.);
#13860 = VERTEX_POINT('',#13861);
#13861 = CARTESIAN_POINT('',(0.955,-0.6,0.45));
#13862 = LINE('',#13863,#13864);
#13863 = CARTESIAN_POINT('',(0.7,-0.6,0.45));
#13864 = VECTOR('',#13865,1.);
#13865 = DIRECTION('',(1.,0.,0.));
#13866 = ORIENTED_EDGE('',*,*,#13867,.F.);
#13867 = EDGE_CURVE('',#13868,#13860,#13870,.T.);
#13868 = VERTEX_POINT('',#13869);
#13869 = CARTESIAN_POINT('',(1.,-0.6,0.405));
#13870 = CIRCLE('',#13871,4.5E-02);
#13871 = AXIS2_PLACEMENT_3D('',#13872,#13873,#13874);
#13872 = CARTESIAN_POINT('',(0.955,-0.6,0.405));
#13873 = DIRECTION('',(0.,-1.,0.));
#13874 = DIRECTION('',(0.,0.,1.));
#13875 = ORIENTED_EDGE('',*,*,#13876,.F.);
#13876 = EDGE_CURVE('',#13877,#13868,#13879,.T.);
#13877 = VERTEX_POINT('',#13878);
#13878 = CARTESIAN_POINT('',(1.,-0.6,4.5E-02));
#13879 = LINE('',#13880,#13881);
#13880 = CARTESIAN_POINT('',(1.,-0.6,0.));
#13881 = VECTOR('',#13882,1.);
#13882 = DIRECTION('',(0.,0.,1.));
#13883 = ORIENTED_EDGE('',*,*,#13884,.T.);
#13884 = EDGE_CURVE('',#13877,#13833,#13885,.T.);
#13885 = CIRCLE('',#13886,4.5E-02);
#13886 = AXIS2_PLACEMENT_3D('',#13887,#13888,#13889);
#13887 = CARTESIAN_POINT('',(0.955,-0.6,4.5E-02));
#13888 = DIRECTION('',(0.,1.,0.));
#13889 = DIRECTION('',(0.,-0.,1.));
#13890 = PLANE('',#13891);
#13891 = AXIS2_PLACEMENT_3D('',#13892,#13893,#13894);
#13892 = CARTESIAN_POINT('',(0.7,-0.6,0.));
#13893 = DIRECTION('',(0.,1.,0.));
#13894 = DIRECTION('',(0.,-0.,1.));
#13895 = ADVANCED_FACE('',(#13896),#13921,.F.);
#13896 = FACE_BOUND('',#13897,.F.);
#13897 = EDGE_LOOP('',(#13898,#13899,#13907,#13915));
#13898 = ORIENTED_EDGE('',*,*,#13684,.F.);
#13899 = ORIENTED_EDGE('',*,*,#13900,.T.);
#13900 = EDGE_CURVE('',#13483,#13901,#13903,.T.);
#13901 = VERTEX_POINT('',#13902);
#13902 = CARTESIAN_POINT('',(-0.7,-0.6,0.45));
#13903 = LINE('',#13904,#13905);
#13904 = CARTESIAN_POINT('',(-0.7,-0.6,0.405));
#13905 = VECTOR('',#13906,1.);
#13906 = DIRECTION('',(0.,0.,1.));
#13907 = ORIENTED_EDGE('',*,*,#13908,.T.);
#13908 = EDGE_CURVE('',#13901,#13909,#13911,.T.);
#13909 = VERTEX_POINT('',#13910);
#13910 = CARTESIAN_POINT('',(0.7,-0.6,0.45));
#13911 = LINE('',#13912,#13913);
#13912 = CARTESIAN_POINT('',(-0.7,-0.6,0.45));
#13913 = VECTOR('',#13914,1.);
#13914 = DIRECTION('',(1.,0.,0.));
#13915 = ORIENTED_EDGE('',*,*,#13916,.F.);
#13916 = EDGE_CURVE('',#13685,#13909,#13917,.T.);
#13917 = LINE('',#13918,#13919);
#13918 = CARTESIAN_POINT('',(0.7,-0.6,0.405));
#13919 = VECTOR('',#13920,1.);
#13920 = DIRECTION('',(0.,0.,1.));
#13921 = PLANE('',#13922);
#13922 = AXIS2_PLACEMENT_3D('',#13923,#13924,#13925);
#13923 = CARTESIAN_POINT('',(-0.7,-0.6,0.405));
#13924 = DIRECTION('',(0.,1.,0.));
#13925 = DIRECTION('',(0.,-0.,1.));
#13926 = ADVANCED_FACE('',(#13927),#13945,.F.);
#13927 = FACE_BOUND('',#13928,.F.);
#13928 = EDGE_LOOP('',(#13929,#13930,#13931,#13939));
#13929 = ORIENTED_EDGE('',*,*,#13900,.F.);
#13930 = ORIENTED_EDGE('',*,*,#13747,.T.);
#13931 = ORIENTED_EDGE('',*,*,#13932,.T.);
#13932 = EDGE_CURVE('',#13600,#13933,#13935,.T.);
#13933 = VERTEX_POINT('',#13934);
#13934 = CARTESIAN_POINT('',(-0.7,0.6,0.45));
#13935 = LINE('',#13936,#13937);
#13936 = CARTESIAN_POINT('',(-0.7,0.6,0.405));
#13937 = VECTOR('',#13938,1.);
#13938 = DIRECTION('',(0.,0.,1.));
#13939 = ORIENTED_EDGE('',*,*,#13940,.F.);
#13940 = EDGE_CURVE('',#13901,#13933,#13941,.T.);
#13941 = LINE('',#13942,#13943);
#13942 = CARTESIAN_POINT('',(-0.7,-0.6,0.45));
#13943 = VECTOR('',#13944,1.);
#13944 = DIRECTION('',(0.,1.,0.));
#13945 = PLANE('',#13946);
#13946 = AXIS2_PLACEMENT_3D('',#13947,#13948,#13949);
#13947 = CARTESIAN_POINT('',(-0.7,-0.6,0.405));
#13948 = DIRECTION('',(1.,0.,0.));
#13949 = DIRECTION('',(0.,0.,1.));
#13950 = ADVANCED_FACE('',(#13951),#14014,.T.);
#13951 = FACE_BOUND('',#13952,.T.);
#13952 = EDGE_LOOP('',(#13953,#13963,#13970,#13971,#13972,#13973,#13982,
    #13990,#13999,#14007));
#13953 = ORIENTED_EDGE('',*,*,#13954,.F.);
#13954 = EDGE_CURVE('',#13955,#13957,#13959,.T.);
#13955 = VERTEX_POINT('',#13956);
#13956 = CARTESIAN_POINT('',(0.745,0.6,-2.775557561563E-17));
#13957 = VERTEX_POINT('',#13958);
#13958 = CARTESIAN_POINT('',(0.955,0.6,-2.775557561563E-17));
#13959 = LINE('',#13960,#13961);
#13960 = CARTESIAN_POINT('',(0.7,0.6,0.));
#13961 = VECTOR('',#13962,1.);
#13962 = DIRECTION('',(1.,0.,0.));
#13963 = ORIENTED_EDGE('',*,*,#13964,.F.);
#13964 = EDGE_CURVE('',#13792,#13955,#13965,.T.);
#13965 = CIRCLE('',#13966,4.5E-02);
#13966 = AXIS2_PLACEMENT_3D('',#13967,#13968,#13969);
#13967 = CARTESIAN_POINT('',(0.745,0.6,4.5E-02));
#13968 = DIRECTION('',(0.,-1.,0.));
#13969 = DIRECTION('',(0.,0.,1.));
#13970 = ORIENTED_EDGE('',*,*,#13791,.T.);
#13971 = ORIENTED_EDGE('',*,*,#13783,.T.);
#13972 = ORIENTED_EDGE('',*,*,#13775,.F.);
#13973 = ORIENTED_EDGE('',*,*,#13974,.T.);
#13974 = EDGE_CURVE('',#13768,#13975,#13977,.T.);
#13975 = VERTEX_POINT('',#13976);
#13976 = CARTESIAN_POINT('',(0.745,0.6,0.45));
#13977 = CIRCLE('',#13978,4.5E-02);
#13978 = AXIS2_PLACEMENT_3D('',#13979,#13980,#13981);
#13979 = CARTESIAN_POINT('',(0.745,0.6,0.405));
#13980 = DIRECTION('',(0.,1.,0.));
#13981 = DIRECTION('',(0.,-0.,1.));
#13982 = ORIENTED_EDGE('',*,*,#13983,.T.);
#13983 = EDGE_CURVE('',#13975,#13984,#13986,.T.);
#13984 = VERTEX_POINT('',#13985);
#13985 = CARTESIAN_POINT('',(0.955,0.6,0.45));
#13986 = LINE('',#13987,#13988);
#13987 = CARTESIAN_POINT('',(0.7,0.6,0.45));
#13988 = VECTOR('',#13989,1.);
#13989 = DIRECTION('',(1.,0.,0.));
#13990 = ORIENTED_EDGE('',*,*,#13991,.F.);
#13991 = EDGE_CURVE('',#13992,#13984,#13994,.T.);
#13992 = VERTEX_POINT('',#13993);
#13993 = CARTESIAN_POINT('',(1.,0.6,0.405));
#13994 = CIRCLE('',#13995,4.5E-02);
#13995 = AXIS2_PLACEMENT_3D('',#13996,#13997,#13998);
#13996 = CARTESIAN_POINT('',(0.955,0.6,0.405));
#13997 = DIRECTION('',(0.,-1.,0.));
#13998 = DIRECTION('',(0.,0.,1.));
#13999 = ORIENTED_EDGE('',*,*,#14000,.F.);
#14000 = EDGE_CURVE('',#14001,#13992,#14003,.T.);
#14001 = VERTEX_POINT('',#14002);
#14002 = CARTESIAN_POINT('',(1.,0.6,4.5E-02));
#14003 = LINE('',#14004,#14005);
#14004 = CARTESIAN_POINT('',(1.,0.6,0.));
#14005 = VECTOR('',#14006,1.);
#14006 = DIRECTION('',(0.,0.,1.));
#14007 = ORIENTED_EDGE('',*,*,#14008,.T.);
#14008 = EDGE_CURVE('',#14001,#13957,#14009,.T.);
#14009 = CIRCLE('',#14010,4.5E-02);
#14010 = AXIS2_PLACEMENT_3D('',#14011,#14012,#14013);
#14011 = CARTESIAN_POINT('',(0.955,0.6,4.5E-02));
#14012 = DIRECTION('',(0.,1.,0.));
#14013 = DIRECTION('',(0.,-0.,1.));
#14014 = PLANE('',#14015);
#14015 = AXIS2_PLACEMENT_3D('',#14016,#14017,#14018);
#14016 = CARTESIAN_POINT('',(0.7,0.6,0.));
#14017 = DIRECTION('',(0.,1.,0.));
#14018 = DIRECTION('',(0.,-0.,1.));
#14019 = ADVANCED_FACE('',(#14020),#14038,.T.);
#14020 = FACE_BOUND('',#14021,.T.);
#14021 = EDGE_LOOP('',(#14022,#14023,#14024,#14032));
#14022 = ORIENTED_EDGE('',*,*,#13767,.F.);
#14023 = ORIENTED_EDGE('',*,*,#13932,.T.);
#14024 = ORIENTED_EDGE('',*,*,#14025,.T.);
#14025 = EDGE_CURVE('',#13933,#14026,#14028,.T.);
#14026 = VERTEX_POINT('',#14027);
#14027 = CARTESIAN_POINT('',(0.7,0.6,0.45));
#14028 = LINE('',#14029,#14030);
#14029 = CARTESIAN_POINT('',(-0.7,0.6,0.45));
#14030 = VECTOR('',#14031,1.);
#14031 = DIRECTION('',(1.,0.,0.));
#14032 = ORIENTED_EDGE('',*,*,#14033,.F.);
#14033 = EDGE_CURVE('',#13768,#14026,#14034,.T.);
#14034 = LINE('',#14035,#14036);
#14035 = CARTESIAN_POINT('',(0.7,0.6,0.405));
#14036 = VECTOR('',#14037,1.);
#14037 = DIRECTION('',(0.,0.,1.));
#14038 = PLANE('',#14039);
#14039 = AXIS2_PLACEMENT_3D('',#14040,#14041,#14042);
#14040 = CARTESIAN_POINT('',(-0.7,0.6,0.405));
#14041 = DIRECTION('',(0.,1.,0.));
#14042 = DIRECTION('',(0.,-0.,1.));
#14043 = ADVANCED_FACE('',(#14044),#14055,.T.);
#14044 = FACE_BOUND('',#14045,.T.);
#14045 = EDGE_LOOP('',(#14046,#14047,#14048,#14054));
#14046 = ORIENTED_EDGE('',*,*,#13815,.T.);
#14047 = ORIENTED_EDGE('',*,*,#13964,.T.);
#14048 = ORIENTED_EDGE('',*,*,#14049,.F.);
#14049 = EDGE_CURVE('',#13831,#13955,#14050,.T.);
#14050 = LINE('',#14051,#14052);
#14051 = CARTESIAN_POINT('',(0.745,-0.6,-2.775557561563E-17));
#14052 = VECTOR('',#14053,1.);
#14053 = DIRECTION('',(0.,1.,0.));
#14054 = ORIENTED_EDGE('',*,*,#13840,.F.);
#14055 = CYLINDRICAL_SURFACE('',#14056,4.5E-02);
#14056 = AXIS2_PLACEMENT_3D('',#14057,#14058,#14059);
#14057 = CARTESIAN_POINT('',(0.745,-0.6,4.5E-02));
#14058 = DIRECTION('',(0.,1.,0.));
#14059 = DIRECTION('',(-1.,0.,0.));
#14060 = ADVANCED_FACE('',(#14061),#14072,.F.);
#14061 = FACE_BOUND('',#14062,.F.);
#14062 = EDGE_LOOP('',(#14063,#14064,#14065,#14066));
#14063 = ORIENTED_EDGE('',*,*,#13954,.F.);
#14064 = ORIENTED_EDGE('',*,*,#14049,.F.);
#14065 = ORIENTED_EDGE('',*,*,#13830,.T.);
#14066 = ORIENTED_EDGE('',*,*,#14067,.T.);
#14067 = EDGE_CURVE('',#13833,#13957,#14068,.T.);
#14068 = LINE('',#14069,#14070);
#14069 = CARTESIAN_POINT('',(0.955,-0.6,-2.775557561563E-17));
#14070 = VECTOR('',#14071,1.);
#14071 = DIRECTION('',(0.,1.,0.));
#14072 = PLANE('',#14073);
#14073 = AXIS2_PLACEMENT_3D('',#14074,#14075,#14076);
#14074 = CARTESIAN_POINT('',(0.7,-0.6,0.));
#14075 = DIRECTION('',(0.,0.,1.));
#14076 = DIRECTION('',(1.,0.,-0.));
#14077 = ADVANCED_FACE('',(#14078),#14089,.T.);
#14078 = FACE_BOUND('',#14079,.T.);
#14079 = EDGE_LOOP('',(#14080,#14081,#14082,#14083));
#14080 = ORIENTED_EDGE('',*,*,#13884,.T.);
#14081 = ORIENTED_EDGE('',*,*,#14067,.T.);
#14082 = ORIENTED_EDGE('',*,*,#14008,.F.);
#14083 = ORIENTED_EDGE('',*,*,#14084,.F.);
#14084 = EDGE_CURVE('',#13877,#14001,#14085,.T.);
#14085 = LINE('',#14086,#14087);
#14086 = CARTESIAN_POINT('',(1.,-0.6,4.5E-02));
#14087 = VECTOR('',#14088,1.);
#14088 = DIRECTION('',(0.,1.,0.));
#14089 = CYLINDRICAL_SURFACE('',#14090,4.5E-02);
#14090 = AXIS2_PLACEMENT_3D('',#14091,#14092,#14093);
#14091 = CARTESIAN_POINT('',(0.955,-0.6,4.5E-02));
#14092 = DIRECTION('',(0.,1.,0.));
#14093 = DIRECTION('',(1.,0.,0.));
#14094 = ADVANCED_FACE('',(#14095),#14106,.T.);
#14095 = FACE_BOUND('',#14096,.T.);
#14096 = EDGE_LOOP('',(#14097,#14098,#14099,#14100));
#14097 = ORIENTED_EDGE('',*,*,#13876,.F.);
#14098 = ORIENTED_EDGE('',*,*,#14084,.T.);
#14099 = ORIENTED_EDGE('',*,*,#14000,.T.);
#14100 = ORIENTED_EDGE('',*,*,#14101,.F.);
#14101 = EDGE_CURVE('',#13868,#13992,#14102,.T.);
#14102 = LINE('',#14103,#14104);
#14103 = CARTESIAN_POINT('',(1.,-0.6,0.405));
#14104 = VECTOR('',#14105,1.);
#14105 = DIRECTION('',(0.,1.,0.));
#14106 = PLANE('',#14107);
#14107 = AXIS2_PLACEMENT_3D('',#14108,#14109,#14110);
#14108 = CARTESIAN_POINT('',(1.,-0.6,0.));
#14109 = DIRECTION('',(1.,0.,0.));
#14110 = DIRECTION('',(0.,0.,1.));
#14111 = ADVANCED_FACE('',(#14112),#14123,.T.);
#14112 = FACE_BOUND('',#14113,.T.);
#14113 = EDGE_LOOP('',(#14114,#14115,#14116,#14122));
#14114 = ORIENTED_EDGE('',*,*,#14101,.T.);
#14115 = ORIENTED_EDGE('',*,*,#13991,.T.);
#14116 = ORIENTED_EDGE('',*,*,#14117,.F.);
#14117 = EDGE_CURVE('',#13860,#13984,#14118,.T.);
#14118 = LINE('',#14119,#14120);
#14119 = CARTESIAN_POINT('',(0.955,-0.6,0.45));
#14120 = VECTOR('',#14121,1.);
#14121 = DIRECTION('',(0.,1.,0.));
#14122 = ORIENTED_EDGE('',*,*,#13867,.F.);
#14123 = CYLINDRICAL_SURFACE('',#14124,4.5E-02);
#14124 = AXIS2_PLACEMENT_3D('',#14125,#14126,#14127);
#14125 = CARTESIAN_POINT('',(0.955,-0.6,0.405));
#14126 = DIRECTION('',(0.,1.,0.));
#14127 = DIRECTION('',(1.,0.,0.));
#14128 = ADVANCED_FACE('',(#14129),#14140,.T.);
#14129 = FACE_BOUND('',#14130,.T.);
#14130 = EDGE_LOOP('',(#14131,#14132,#14138,#14139));
#14131 = ORIENTED_EDGE('',*,*,#13983,.F.);
#14132 = ORIENTED_EDGE('',*,*,#14133,.F.);
#14133 = EDGE_CURVE('',#13851,#13975,#14134,.T.);
#14134 = LINE('',#14135,#14136);
#14135 = CARTESIAN_POINT('',(0.745,-0.6,0.45));
#14136 = VECTOR('',#14137,1.);
#14137 = DIRECTION('',(0.,1.,0.));
#14138 = ORIENTED_EDGE('',*,*,#13859,.T.);
#14139 = ORIENTED_EDGE('',*,*,#14117,.T.);
#14140 = PLANE('',#14141);
#14141 = AXIS2_PLACEMENT_3D('',#14142,#14143,#14144);
#14142 = CARTESIAN_POINT('',(0.7,-0.6,0.45));
#14143 = DIRECTION('',(0.,0.,1.));
#14144 = DIRECTION('',(1.,0.,-0.));
#14145 = ADVANCED_FACE('',(#14146),#14157,.T.);
#14146 = FACE_BOUND('',#14147,.T.);
#14147 = EDGE_LOOP('',(#14148,#14149,#14150,#14151));
#14148 = ORIENTED_EDGE('',*,*,#13850,.T.);
#14149 = ORIENTED_EDGE('',*,*,#14133,.T.);
#14150 = ORIENTED_EDGE('',*,*,#13974,.F.);
#14151 = ORIENTED_EDGE('',*,*,#14152,.F.);
#14152 = EDGE_CURVE('',#13685,#13768,#14153,.T.);
#14153 = LINE('',#14154,#14155);
#14154 = CARTESIAN_POINT('',(0.7,-0.6,0.405));
#14155 = VECTOR('',#14156,1.);
#14156 = DIRECTION('',(0.,1.,0.));
#14157 = CYLINDRICAL_SURFACE('',#14158,4.5E-02);
#14158 = AXIS2_PLACEMENT_3D('',#14159,#14160,#14161);
#14159 = CARTESIAN_POINT('',(0.745,-0.6,0.405));
#14160 = DIRECTION('',(0.,1.,0.));
#14161 = DIRECTION('',(-1.,0.,0.));
#14162 = ADVANCED_FACE('',(#14163),#14174,.T.);
#14163 = FACE_BOUND('',#14164,.T.);
#14164 = EDGE_LOOP('',(#14165,#14166,#14167,#14168));
#14165 = ORIENTED_EDGE('',*,*,#13916,.F.);
#14166 = ORIENTED_EDGE('',*,*,#14152,.T.);
#14167 = ORIENTED_EDGE('',*,*,#14033,.T.);
#14168 = ORIENTED_EDGE('',*,*,#14169,.F.);
#14169 = EDGE_CURVE('',#13909,#14026,#14170,.T.);
#14170 = LINE('',#14171,#14172);
#14171 = CARTESIAN_POINT('',(0.7,-0.6,0.45));
#14172 = VECTOR('',#14173,1.);
#14173 = DIRECTION('',(0.,1.,0.));
#14174 = PLANE('',#14175);
#14175 = AXIS2_PLACEMENT_3D('',#14176,#14177,#14178);
#14176 = CARTESIAN_POINT('',(0.7,-0.6,0.405));
#14177 = DIRECTION('',(1.,0.,0.));
#14178 = DIRECTION('',(0.,0.,1.));
#14179 = ADVANCED_FACE('',(#14180),#14186,.T.);
#14180 = FACE_BOUND('',#14181,.T.);
#14181 = EDGE_LOOP('',(#14182,#14183,#14184,#14185));
#14182 = ORIENTED_EDGE('',*,*,#13940,.F.);
#14183 = ORIENTED_EDGE('',*,*,#13908,.T.);
#14184 = ORIENTED_EDGE('',*,*,#14169,.T.);
#14185 = ORIENTED_EDGE('',*,*,#14025,.F.);
#14186 = PLANE('',#14187);
#14187 = AXIS2_PLACEMENT_3D('',#14188,#14189,#14190);
#14188 = CARTESIAN_POINT('',(-0.7,-0.6,0.45));
#14189 = DIRECTION('',(0.,0.,1.));
#14190 = DIRECTION('',(1.,0.,-0.));
#14191 = ( GEOMETRIC_REPRESENTATION_CONTEXT(3) 
GLOBAL_UNCERTAINTY_ASSIGNED_CONTEXT((#14195)) 
GLOBAL_UNIT_ASSIGNED_CONTEXT((#14192,#14193,#14194)) 
REPRESENTATION_CONTEXT('Context #1',
  '3D Context with UNIT and UNCERTAINTY') );
#14192 = ( LENGTH_UNIT() NAMED_UNIT(*) SI_UNIT(.MILLI.,.METRE.) );
#14193 = ( NAMED_UNIT(*) PLANE_ANGLE_UNIT() SI_UNIT($,.RADIAN.) );
#14194 = ( NAMED_UNIT(*) SI_UNIT($,.STERADIAN.) SOLID_ANGLE_UNIT() );
#14195 = UNCERTAINTY_MEASURE_WITH_UNIT(LENGTH_MEASURE(1.E-07),#14192,
  'distance_accuracy_value','confusion accuracy');
#14196 = CONTEXT_DEPENDENT_SHAPE_REPRESENTATION(#14197,#14199);
#14197 = ( REPRESENTATION_RELATIONSHIP('','',#13400,#10) 
REPRESENTATION_RELATIONSHIP_WITH_TRANSFORMATION(#14198) 
SHAPE_REPRESENTATION_RELATIONSHIP() );
#14198 = ITEM_DEFINED_TRANSFORMATION('','',#11,#47);
#14199 = PRODUCT_DEFINITION_SHAPE('Placement','Placement of an item',
  #14200);
#14200 = NEXT_ASSEMBLY_USAGE_OCCURRENCE('10','R1','',#5,#13395,$);
#14201 = PRODUCT_RELATED_PRODUCT_CATEGORY('part',$,(#13397));
#14202 = SHAPE_DEFINITION_REPRESENTATION(#14203,#14209);
#14203 = PRODUCT_DEFINITION_SHAPE('','',#14204);
#14204 = PRODUCT_DEFINITION('design','',#14205,#14208);
#14205 = PRODUCT_DEFINITION_FORMATION('','',#14206);
#14206 = PRODUCT('2_power_board_PCB','2_power_board_PCB','',(#14207));
#14207 = PRODUCT_CONTEXT('',#2,'mechanical');
#14208 = PRODUCT_DEFINITION_CONTEXT('part definition',#2,'design');
#14209 = ADVANCED_BREP_SHAPE_REPRESENTATION('',(#11,#14210),#16652);
#14210 = MANIFOLD_SOLID_BREP('',#14211);
#14211 = CLOSED_SHELL('',(#14212,#14254,#14285,#14316,#14968,#15620,
    #15637,#15654,#15671,#15688,#15700,#15717,#15734,#15751,#15768,
    #15785,#15802,#15819,#15836,#15853,#15870,#15887,#15904,#15921,
    #15938,#15955,#15972,#15994,#16011,#16028,#16040,#16057,#16074,
    #16091,#16108,#16125,#16142,#16159,#16176,#16193,#16210,#16227,
    #16244,#16261,#16278,#16295,#16312,#16329,#16346,#16363,#16380,
    #16402,#16419,#16436,#16448,#16465,#16482,#16499,#16516,#16533,
    #16550,#16567,#16584,#16601,#16618,#16635));
#14212 = ADVANCED_FACE('',(#14213),#14249,.T.);
#14213 = FACE_BOUND('',#14214,.T.);
#14214 = EDGE_LOOP('',(#14215,#14225,#14234,#14242));
#14215 = ORIENTED_EDGE('',*,*,#14216,.T.);
#14216 = EDGE_CURVE('',#14217,#14219,#14221,.T.);
#14217 = VERTEX_POINT('',#14218);
#14218 = CARTESIAN_POINT('',(175.000001,-76.000001,0.));
#14219 = VERTEX_POINT('',#14220);
#14220 = CARTESIAN_POINT('',(175.000001,-76.000001,1.51));
#14221 = LINE('',#14222,#14223);
#14222 = CARTESIAN_POINT('',(175.000001,-76.000001,0.));
#14223 = VECTOR('',#14224,1.);
#14224 = DIRECTION('',(0.,0.,1.));
#14225 = ORIENTED_EDGE('',*,*,#14226,.T.);
#14226 = EDGE_CURVE('',#14219,#14227,#14229,.T.);
#14227 = VERTEX_POINT('',#14228);
#14228 = CARTESIAN_POINT('',(183.000001,-84.000001,1.51));
#14229 = CIRCLE('',#14230,8.00000085182);
#14230 = AXIS2_PLACEMENT_3D('',#14231,#14232,#14233);
#14231 = CARTESIAN_POINT('',(175.00000014818,-84.00000185182,1.51));
#14232 = DIRECTION('',(0.,0.,-1.));
#14233 = DIRECTION('',(1.064775354421E-07,1.,0.));
#14234 = ORIENTED_EDGE('',*,*,#14235,.F.);
#14235 = EDGE_CURVE('',#14236,#14227,#14238,.T.);
#14236 = VERTEX_POINT('',#14237);
#14237 = CARTESIAN_POINT('',(183.000001,-84.000001,0.));
#14238 = LINE('',#14239,#14240);
#14239 = CARTESIAN_POINT('',(183.000001,-84.000001,0.));
#14240 = VECTOR('',#14241,1.);
#14241 = DIRECTION('',(0.,0.,1.));
#14242 = ORIENTED_EDGE('',*,*,#14243,.F.);
#14243 = EDGE_CURVE('',#14217,#14236,#14244,.T.);
#14244 = CIRCLE('',#14245,8.00000085182);
#14245 = AXIS2_PLACEMENT_3D('',#14246,#14247,#14248);
#14246 = CARTESIAN_POINT('',(175.00000014818,-84.00000185182,0.));
#14247 = DIRECTION('',(0.,0.,-1.));
#14248 = DIRECTION('',(1.064775354421E-07,1.,0.));
#14249 = CYLINDRICAL_SURFACE('',#14250,8.00000085182);
#14250 = AXIS2_PLACEMENT_3D('',#14251,#14252,#14253);
#14251 = CARTESIAN_POINT('',(175.00000014818,-84.00000185182,0.));
#14252 = DIRECTION('',(0.,0.,-1.));
#14253 = DIRECTION('',(1.064775354421E-07,1.,0.));
#14254 = ADVANCED_FACE('',(#14255),#14280,.T.);
#14255 = FACE_BOUND('',#14256,.T.);
#14256 = EDGE_LOOP('',(#14257,#14267,#14273,#14274));
#14257 = ORIENTED_EDGE('',*,*,#14258,.T.);
#14258 = EDGE_CURVE('',#14259,#14261,#14263,.T.);
#14259 = VERTEX_POINT('',#14260);
#14260 = CARTESIAN_POINT('',(124.,-76.,0.));
#14261 = VERTEX_POINT('',#14262);
#14262 = CARTESIAN_POINT('',(124.,-76.,1.51));
#14263 = LINE('',#14264,#14265);
#14264 = CARTESIAN_POINT('',(124.,-76.,0.));
#14265 = VECTOR('',#14266,1.);
#14266 = DIRECTION('',(0.,0.,1.));
#14267 = ORIENTED_EDGE('',*,*,#14268,.T.);
#14268 = EDGE_CURVE('',#14261,#14219,#14269,.T.);
#14269 = LINE('',#14270,#14271);
#14270 = CARTESIAN_POINT('',(124.,-76.,1.51));
#14271 = VECTOR('',#14272,1.);
#14272 = DIRECTION('',(1.,-1.960784270328E-08,0.));
#14273 = ORIENTED_EDGE('',*,*,#14216,.F.);
#14274 = ORIENTED_EDGE('',*,*,#14275,.F.);
#14275 = EDGE_CURVE('',#14259,#14217,#14276,.T.);
#14276 = LINE('',#14277,#14278);
#14277 = CARTESIAN_POINT('',(124.,-76.,0.));
#14278 = VECTOR('',#14279,1.);
#14279 = DIRECTION('',(1.,-1.960784270328E-08,0.));
#14280 = PLANE('',#14281);
#14281 = AXIS2_PLACEMENT_3D('',#14282,#14283,#14284);
#14282 = CARTESIAN_POINT('',(124.,-76.,0.));
#14283 = DIRECTION('',(1.960784270328E-08,1.,-0.));
#14284 = DIRECTION('',(1.,-1.960784270328E-08,0.));
#14285 = ADVANCED_FACE('',(#14286),#14311,.T.);
#14286 = FACE_BOUND('',#14287,.T.);
#14287 = EDGE_LOOP('',(#14288,#14289,#14297,#14305));
#14288 = ORIENTED_EDGE('',*,*,#14235,.T.);
#14289 = ORIENTED_EDGE('',*,*,#14290,.T.);
#14290 = EDGE_CURVE('',#14227,#14291,#14293,.T.);
#14291 = VERTEX_POINT('',#14292);
#14292 = CARTESIAN_POINT('',(183.000002,-115.000001,1.51));
#14293 = LINE('',#14294,#14295);
#14294 = CARTESIAN_POINT('',(183.000001,-84.000001,1.51));
#14295 = VECTOR('',#14296,1.);
#14296 = DIRECTION('',(3.225806443469E-08,-1.,0.));
#14297 = ORIENTED_EDGE('',*,*,#14298,.F.);
#14298 = EDGE_CURVE('',#14299,#14291,#14301,.T.);
#14299 = VERTEX_POINT('',#14300);
#14300 = CARTESIAN_POINT('',(183.000002,-115.000001,0.));
#14301 = LINE('',#14302,#14303);
#14302 = CARTESIAN_POINT('',(183.000002,-115.000001,0.));
#14303 = VECTOR('',#14304,1.);
#14304 = DIRECTION('',(0.,0.,1.));
#14305 = ORIENTED_EDGE('',*,*,#14306,.F.);
#14306 = EDGE_CURVE('',#14236,#14299,#14307,.T.);
#14307 = LINE('',#14308,#14309);
#14308 = CARTESIAN_POINT('',(183.000001,-84.000001,0.));
#14309 = VECTOR('',#14310,1.);
#14310 = DIRECTION('',(3.225806443469E-08,-1.,0.));
#14311 = PLANE('',#14312);
#14312 = AXIS2_PLACEMENT_3D('',#14313,#14314,#14315);
#14313 = CARTESIAN_POINT('',(183.000001,-84.000001,0.));
#14314 = DIRECTION('',(1.,3.225806443469E-08,-0.));
#14315 = DIRECTION('',(3.225806443469E-08,-1.,0.));
#14316 = ADVANCED_FACE('',(#14317,#14363,#14374,#14385,#14396,#14407,
    #14418,#14429,#14440,#14451,#14462,#14473,#14484,#14495,#14506,
    #14517,#14528,#14539,#14575,#14586,#14597,#14608,#14619,#14630,
    #14641,#14652,#14663,#14674,#14685,#14696,#14707,#14718,#14729,
    #14740,#14751,#14762,#14773,#14784,#14795,#14831,#14842,#14853,
    #14864,#14875,#14886,#14897,#14908,#14919,#14930,#14941,#14952),
  #14963,.F.);
#14317 = FACE_BOUND('',#14318,.F.);
#14318 = EDGE_LOOP('',(#14319,#14320,#14321,#14330,#14338,#14347,#14355,
    #14362));
#14319 = ORIENTED_EDGE('',*,*,#14243,.F.);
#14320 = ORIENTED_EDGE('',*,*,#14275,.F.);
#14321 = ORIENTED_EDGE('',*,*,#14322,.F.);
#14322 = EDGE_CURVE('',#14323,#14259,#14325,.T.);
#14323 = VERTEX_POINT('',#14324);
#14324 = CARTESIAN_POINT('',(116.,-84.,0.));
#14325 = CIRCLE('',#14326,8.00000085182);
#14326 = AXIS2_PLACEMENT_3D('',#14327,#14328,#14329);
#14327 = CARTESIAN_POINT('',(124.00000085182,-84.00000085182,0.));
#14328 = DIRECTION('',(0.,0.,-1.));
#14329 = DIRECTION('',(-1.,1.064775372185E-07,0.));
#14330 = ORIENTED_EDGE('',*,*,#14331,.F.);
#14331 = EDGE_CURVE('',#14332,#14323,#14334,.T.);
#14332 = VERTEX_POINT('',#14333);
#14333 = CARTESIAN_POINT('',(116.,-115.000001,0.));
#14334 = LINE('',#14335,#14336);
#14335 = CARTESIAN_POINT('',(116.,-115.000001,0.));
#14336 = VECTOR('',#14337,1.);
#14337 = DIRECTION('',(0.,1.,0.));
#14338 = ORIENTED_EDGE('',*,*,#14339,.F.);
#14339 = EDGE_CURVE('',#14340,#14332,#14342,.T.);
#14340 = VERTEX_POINT('',#14341);
#14341 = CARTESIAN_POINT('',(124.,-123.000002,0.));
#14342 = CIRCLE('',#14343,8.00000085182);
#14343 = AXIS2_PLACEMENT_3D('',#14344,#14345,#14346);
#14344 = CARTESIAN_POINT('',(124.00000085182,-115.0000011481,0.));
#14345 = DIRECTION('',(0.,0.,-1.));
#14346 = DIRECTION('',(-1.064775301131E-07,-1.,-0.));
#14347 = ORIENTED_EDGE('',*,*,#14348,.F.);
#14348 = EDGE_CURVE('',#14349,#14340,#14351,.T.);
#14349 = VERTEX_POINT('',#14350);
#14350 = CARTESIAN_POINT('',(175.000001,-123.000002,0.));
#14351 = LINE('',#14352,#14353);
#14352 = CARTESIAN_POINT('',(175.000001,-123.000002,0.));
#14353 = VECTOR('',#14354,1.);
#14354 = DIRECTION('',(-1.,0.,0.));
#14355 = ORIENTED_EDGE('',*,*,#14356,.F.);
#14356 = EDGE_CURVE('',#14299,#14349,#14357,.T.);
#14357 = CIRCLE('',#14358,8.00000085182);
#14358 = AXIS2_PLACEMENT_3D('',#14359,#14360,#14361);
#14359 = CARTESIAN_POINT('',(175.00000114818,-115.0000011481,0.));
#14360 = DIRECTION('',(0.,0.,-1.));
#14361 = DIRECTION('',(1.,1.852246691978E-08,0.));
#14362 = ORIENTED_EDGE('',*,*,#14306,.F.);
#14363 = FACE_BOUND('',#14364,.F.);
#14364 = EDGE_LOOP('',(#14365));
#14365 = ORIENTED_EDGE('',*,*,#14366,.T.);
#14366 = EDGE_CURVE('',#14367,#14367,#14369,.T.);
#14367 = VERTEX_POINT('',#14368);
#14368 = CARTESIAN_POINT('',(124.000001,-117.000001,0.));
#14369 = CIRCLE('',#14370,2.);
#14370 = AXIS2_PLACEMENT_3D('',#14371,#14372,#14373);
#14371 = CARTESIAN_POINT('',(124.000001,-115.000001,0.));
#14372 = DIRECTION('',(-0.,0.,-1.));
#14373 = DIRECTION('',(-0.,-1.,0.));
#14374 = FACE_BOUND('',#14375,.F.);
#14375 = EDGE_LOOP('',(#14376));
#14376 = ORIENTED_EDGE('',*,*,#14377,.T.);
#14377 = EDGE_CURVE('',#14378,#14378,#14380,.T.);
#14378 = VERTEX_POINT('',#14379);
#14379 = CARTESIAN_POINT('',(136.7,-120.275,0.));
#14380 = CIRCLE('',#14381,0.475);
#14381 = AXIS2_PLACEMENT_3D('',#14382,#14383,#14384);
#14382 = CARTESIAN_POINT('',(136.7,-119.8,0.));
#14383 = DIRECTION('',(-0.,0.,-1.));
#14384 = DIRECTION('',(-0.,-1.,0.));
#14385 = FACE_BOUND('',#14386,.F.);
#14386 = EDGE_LOOP('',(#14387));
#14387 = ORIENTED_EDGE('',*,*,#14388,.T.);
#14388 = EDGE_CURVE('',#14389,#14389,#14391,.T.);
#14389 = VERTEX_POINT('',#14390);
#14390 = CARTESIAN_POINT('',(139.2,-120.275,0.));
#14391 = CIRCLE('',#14392,0.475);
#14392 = AXIS2_PLACEMENT_3D('',#14393,#14394,#14395);
#14393 = CARTESIAN_POINT('',(139.2,-119.8,0.));
#14394 = DIRECTION('',(-0.,0.,-1.));
#14395 = DIRECTION('',(-0.,-1.,0.));
#14396 = FACE_BOUND('',#14397,.F.);
#14397 = EDGE_LOOP('',(#14398));
#14398 = ORIENTED_EDGE('',*,*,#14399,.T.);
#14399 = EDGE_CURVE('',#14400,#14400,#14402,.T.);
#14400 = VERTEX_POINT('',#14401);
#14401 = CARTESIAN_POINT('',(141.7,-120.275,0.));
#14402 = CIRCLE('',#14403,0.475);
#14403 = AXIS2_PLACEMENT_3D('',#14404,#14405,#14406);
#14404 = CARTESIAN_POINT('',(141.7,-119.8,0.));
#14405 = DIRECTION('',(-0.,0.,-1.));
#14406 = DIRECTION('',(-0.,-1.,0.));
#14407 = FACE_BOUND('',#14408,.F.);
#14408 = EDGE_LOOP('',(#14409));
#14409 = ORIENTED_EDGE('',*,*,#14410,.T.);
#14410 = EDGE_CURVE('',#14411,#14411,#14413,.T.);
#14411 = VERTEX_POINT('',#14412);
#14412 = CARTESIAN_POINT('',(137.290001,-111.312001,0.));
#14413 = CIRCLE('',#14414,0.4);
#14414 = AXIS2_PLACEMENT_3D('',#14415,#14416,#14417);
#14415 = CARTESIAN_POINT('',(137.290001,-110.912001,0.));
#14416 = DIRECTION('',(-0.,0.,-1.));
#14417 = DIRECTION('',(-7.105427357601E-14,-1.,0.));
#14418 = FACE_BOUND('',#14419,.F.);
#14419 = EDGE_LOOP('',(#14420));
#14420 = ORIENTED_EDGE('',*,*,#14421,.T.);
#14421 = EDGE_CURVE('',#14422,#14422,#14424,.T.);
#14422 = VERTEX_POINT('',#14423);
#14423 = CARTESIAN_POINT('',(139.200001,-111.312001,0.));
#14424 = CIRCLE('',#14425,0.4);
#14425 = AXIS2_PLACEMENT_3D('',#14426,#14427,#14428);
#14426 = CARTESIAN_POINT('',(139.200001,-110.912001,0.));
#14427 = DIRECTION('',(-0.,0.,-1.));
#14428 = DIRECTION('',(-0.,-1.,0.));
#14429 = FACE_BOUND('',#14430,.F.);
#14430 = EDGE_LOOP('',(#14431));
#14431 = ORIENTED_EDGE('',*,*,#14432,.T.);
#14432 = EDGE_CURVE('',#14433,#14433,#14435,.T.);
#14433 = VERTEX_POINT('',#14434);
#14434 = CARTESIAN_POINT('',(141.110001,-111.312001,0.));
#14435 = CIRCLE('',#14436,0.4);
#14436 = AXIS2_PLACEMENT_3D('',#14437,#14438,#14439);
#14437 = CARTESIAN_POINT('',(141.110001,-110.912001,0.));
#14438 = DIRECTION('',(-0.,0.,-1.));
#14439 = DIRECTION('',(-0.,-1.,0.));
#14440 = FACE_BOUND('',#14441,.F.);
#14441 = EDGE_LOOP('',(#14442));
#14442 = ORIENTED_EDGE('',*,*,#14443,.T.);
#14443 = EDGE_CURVE('',#14444,#14444,#14446,.T.);
#14444 = VERTEX_POINT('',#14445);
#14445 = CARTESIAN_POINT('',(157.155001,-118.172501,0.));
#14446 = CIRCLE('',#14447,0.65);
#14447 = AXIS2_PLACEMENT_3D('',#14448,#14449,#14450);
#14448 = CARTESIAN_POINT('',(157.155001,-117.522501,0.));
#14449 = DIRECTION('',(-0.,0.,-1.));
#14450 = DIRECTION('',(-0.,-1.,0.));
#14451 = FACE_BOUND('',#14452,.F.);
#14452 = EDGE_LOOP('',(#14453));
#14453 = ORIENTED_EDGE('',*,*,#14454,.T.);
#14454 = EDGE_CURVE('',#14455,#14455,#14457,.T.);
#14455 = VERTEX_POINT('',#14456);
#14456 = CARTESIAN_POINT('',(162.235001,-118.172501,0.));
#14457 = CIRCLE('',#14458,0.65);
#14458 = AXIS2_PLACEMENT_3D('',#14459,#14460,#14461);
#14459 = CARTESIAN_POINT('',(162.235001,-117.522501,0.));
#14460 = DIRECTION('',(-0.,0.,-1.));
#14461 = DIRECTION('',(-0.,-1.,0.));
#14462 = FACE_BOUND('',#14463,.F.);
#14463 = EDGE_LOOP('',(#14464));
#14464 = ORIENTED_EDGE('',*,*,#14465,.T.);
#14465 = EDGE_CURVE('',#14466,#14466,#14468,.T.);
#14466 = VERTEX_POINT('',#14467);
#14467 = CARTESIAN_POINT('',(175.000001,-117.000001,0.));
#14468 = CIRCLE('',#14469,2.);
#14469 = AXIS2_PLACEMENT_3D('',#14470,#14471,#14472);
#14470 = CARTESIAN_POINT('',(175.000001,-115.000001,0.));
#14471 = DIRECTION('',(-0.,0.,-1.));
#14472 = DIRECTION('',(-0.,-1.,0.));
#14473 = FACE_BOUND('',#14474,.F.);
#14474 = EDGE_LOOP('',(#14475));
#14475 = ORIENTED_EDGE('',*,*,#14476,.T.);
#14476 = EDGE_CURVE('',#14477,#14477,#14479,.T.);
#14477 = VERTEX_POINT('',#14478);
#14478 = CARTESIAN_POINT('',(124.000001,-101.100001,0.));
#14479 = CIRCLE('',#14480,1.6);
#14480 = AXIS2_PLACEMENT_3D('',#14481,#14482,#14483);
#14481 = CARTESIAN_POINT('',(124.000001,-99.500001,0.));
#14482 = DIRECTION('',(-0.,0.,-1.));
#14483 = DIRECTION('',(-0.,-1.,0.));
#14484 = FACE_BOUND('',#14485,.F.);
#14485 = EDGE_LOOP('',(#14486));
#14486 = ORIENTED_EDGE('',*,*,#14487,.T.);
#14487 = EDGE_CURVE('',#14488,#14488,#14490,.T.);
#14488 = VERTEX_POINT('',#14489);
#14489 = CARTESIAN_POINT('',(131.000001,-91.422001,0.));
#14490 = CIRCLE('',#14491,0.25);
#14491 = AXIS2_PLACEMENT_3D('',#14492,#14493,#14494);
#14492 = CARTESIAN_POINT('',(131.000001,-91.172001,0.));
#14493 = DIRECTION('',(-0.,0.,-1.));
#14494 = DIRECTION('',(-0.,-1.,0.));
#14495 = FACE_BOUND('',#14496,.F.);
#14496 = EDGE_LOOP('',(#14497));
#14497 = ORIENTED_EDGE('',*,*,#14498,.T.);
#14498 = EDGE_CURVE('',#14499,#14499,#14501,.T.);
#14499 = VERTEX_POINT('',#14500);
#14500 = CARTESIAN_POINT('',(132.200001,-91.812001,0.));
#14501 = CIRCLE('',#14502,0.25);
#14502 = AXIS2_PLACEMENT_3D('',#14503,#14504,#14505);
#14503 = CARTESIAN_POINT('',(132.200001,-91.562001,0.));
#14504 = DIRECTION('',(-0.,0.,-1.));
#14505 = DIRECTION('',(-0.,-1.,0.));
#14506 = FACE_BOUND('',#14507,.F.);
#14507 = EDGE_LOOP('',(#14508));
#14508 = ORIENTED_EDGE('',*,*,#14509,.T.);
#14509 = EDGE_CURVE('',#14510,#14510,#14512,.T.);
#14510 = VERTEX_POINT('',#14511);
#14511 = CARTESIAN_POINT('',(130.250001,-90.392001,0.));
#14512 = CIRCLE('',#14513,0.25);
#14513 = AXIS2_PLACEMENT_3D('',#14514,#14515,#14516);
#14514 = CARTESIAN_POINT('',(130.250001,-90.142001,0.));
#14515 = DIRECTION('',(-0.,0.,-1.));
#14516 = DIRECTION('',(-0.,-1.,0.));
#14517 = FACE_BOUND('',#14518,.F.);
#14518 = EDGE_LOOP('',(#14519));
#14519 = ORIENTED_EDGE('',*,*,#14520,.T.);
#14520 = EDGE_CURVE('',#14521,#14521,#14523,.T.);
#14521 = VERTEX_POINT('',#14522);
#14522 = CARTESIAN_POINT('',(133.530001,-91.812001,0.));
#14523 = CIRCLE('',#14524,0.25);
#14524 = AXIS2_PLACEMENT_3D('',#14525,#14526,#14527);
#14525 = CARTESIAN_POINT('',(133.530001,-91.562001,0.));
#14526 = DIRECTION('',(-0.,0.,-1.));
#14527 = DIRECTION('',(-0.,-1.,0.));
#14528 = FACE_BOUND('',#14529,.F.);
#14529 = EDGE_LOOP('',(#14530));
#14530 = ORIENTED_EDGE('',*,*,#14531,.T.);
#14531 = EDGE_CURVE('',#14532,#14532,#14534,.T.);
#14532 = VERTEX_POINT('',#14533);
#14533 = CARTESIAN_POINT('',(134.870001,-91.812001,0.));
#14534 = CIRCLE('',#14535,0.25);
#14535 = AXIS2_PLACEMENT_3D('',#14536,#14537,#14538);
#14536 = CARTESIAN_POINT('',(134.870001,-91.562001,0.));
#14537 = DIRECTION('',(-0.,0.,-1.));
#14538 = DIRECTION('',(-0.,-1.,0.));
#14539 = FACE_BOUND('',#14540,.F.);
#14540 = EDGE_LOOP('',(#14541,#14552,#14560,#14569));
#14541 = ORIENTED_EDGE('',*,*,#14542,.T.);
#14542 = EDGE_CURVE('',#14543,#14545,#14547,.T.);
#14543 = VERTEX_POINT('',#14544);
#14544 = CARTESIAN_POINT('',(136.200001,-88.512001,0.));
#14545 = VERTEX_POINT('',#14546);
#14546 = CARTESIAN_POINT('',(136.200001,-90.512001,0.));
#14547 = CIRCLE('',#14548,1.);
#14548 = AXIS2_PLACEMENT_3D('',#14549,#14550,#14551);
#14549 = CARTESIAN_POINT('',(136.200001,-89.512001,0.));
#14550 = DIRECTION('',(-0.,0.,-1.));
#14551 = DIRECTION('',(-0.,-1.,0.));
#14552 = ORIENTED_EDGE('',*,*,#14553,.T.);
#14553 = EDGE_CURVE('',#14545,#14554,#14556,.T.);
#14554 = VERTEX_POINT('',#14555);
#14555 = CARTESIAN_POINT('',(132.200001,-90.512001,0.));
#14556 = LINE('',#14557,#14558);
#14557 = CARTESIAN_POINT('',(66.1000005,-90.512001,0.));
#14558 = VECTOR('',#14559,1.);
#14559 = DIRECTION('',(-1.,0.,0.));
#14560 = ORIENTED_EDGE('',*,*,#14561,.T.);
#14561 = EDGE_CURVE('',#14554,#14562,#14564,.T.);
#14562 = VERTEX_POINT('',#14563);
#14563 = CARTESIAN_POINT('',(132.200001,-88.512001,0.));
#14564 = CIRCLE('',#14565,1.);
#14565 = AXIS2_PLACEMENT_3D('',#14566,#14567,#14568);
#14566 = CARTESIAN_POINT('',(132.200001,-89.512001,0.));
#14567 = DIRECTION('',(-0.,0.,-1.));
#14568 = DIRECTION('',(0.,1.,0.));
#14569 = ORIENTED_EDGE('',*,*,#14570,.T.);
#14570 = EDGE_CURVE('',#14562,#14543,#14571,.T.);
#14571 = LINE('',#14572,#14573);
#14572 = CARTESIAN_POINT('',(68.1000005,-88.512001,0.));
#14573 = VECTOR('',#14574,1.);
#14574 = DIRECTION('',(1.,0.,-0.));
#14575 = FACE_BOUND('',#14576,.F.);
#14576 = EDGE_LOOP('',(#14577));
#14577 = ORIENTED_EDGE('',*,*,#14578,.T.);
#14578 = EDGE_CURVE('',#14579,#14579,#14581,.T.);
#14579 = VERTEX_POINT('',#14580);
#14580 = CARTESIAN_POINT('',(130.250001,-89.132001,0.));
#14581 = CIRCLE('',#14582,0.25);
#14582 = AXIS2_PLACEMENT_3D('',#14583,#14584,#14585);
#14583 = CARTESIAN_POINT('',(130.250001,-88.882001,0.));
#14584 = DIRECTION('',(-0.,0.,-1.));
#14585 = DIRECTION('',(-0.,-1.,0.));
#14586 = FACE_BOUND('',#14587,.F.);
#14587 = EDGE_LOOP('',(#14588));
#14588 = ORIENTED_EDGE('',*,*,#14589,.T.);
#14589 = EDGE_CURVE('',#14590,#14590,#14592,.T.);
#14590 = VERTEX_POINT('',#14591);
#14591 = CARTESIAN_POINT('',(131.000001,-88.102001,0.));
#14592 = CIRCLE('',#14593,0.25);
#14593 = AXIS2_PLACEMENT_3D('',#14594,#14595,#14596);
#14594 = CARTESIAN_POINT('',(131.000001,-87.852001,0.));
#14595 = DIRECTION('',(-0.,0.,-1.));
#14596 = DIRECTION('',(-0.,-1.,0.));
#14597 = FACE_BOUND('',#14598,.F.);
#14598 = EDGE_LOOP('',(#14599));
#14599 = ORIENTED_EDGE('',*,*,#14600,.T.);
#14600 = EDGE_CURVE('',#14601,#14601,#14603,.T.);
#14601 = VERTEX_POINT('',#14602);
#14602 = CARTESIAN_POINT('',(132.200001,-87.712001,0.));
#14603 = CIRCLE('',#14604,0.25);
#14604 = AXIS2_PLACEMENT_3D('',#14605,#14606,#14607);
#14605 = CARTESIAN_POINT('',(132.200001,-87.462001,0.));
#14606 = DIRECTION('',(-0.,0.,-1.));
#14607 = DIRECTION('',(-0.,-1.,0.));
#14608 = FACE_BOUND('',#14609,.F.);
#14609 = EDGE_LOOP('',(#14610));
#14610 = ORIENTED_EDGE('',*,*,#14611,.T.);
#14611 = EDGE_CURVE('',#14612,#14612,#14614,.T.);
#14612 = VERTEX_POINT('',#14613);
#14613 = CARTESIAN_POINT('',(133.530001,-87.712001,0.));
#14614 = CIRCLE('',#14615,0.25);
#14615 = AXIS2_PLACEMENT_3D('',#14616,#14617,#14618);
#14616 = CARTESIAN_POINT('',(133.530001,-87.462001,0.));
#14617 = DIRECTION('',(-0.,0.,-1.));
#14618 = DIRECTION('',(-0.,-1.,0.));
#14619 = FACE_BOUND('',#14620,.F.);
#14620 = EDGE_LOOP('',(#14621));
#14621 = ORIENTED_EDGE('',*,*,#14622,.T.);
#14622 = EDGE_CURVE('',#14623,#14623,#14625,.T.);
#14623 = VERTEX_POINT('',#14624);
#14624 = CARTESIAN_POINT('',(134.870001,-87.712001,0.));
#14625 = CIRCLE('',#14626,0.25);
#14626 = AXIS2_PLACEMENT_3D('',#14627,#14628,#14629);
#14627 = CARTESIAN_POINT('',(134.870001,-87.462001,0.));
#14628 = DIRECTION('',(-0.,0.,-1.));
#14629 = DIRECTION('',(-0.,-1.,0.));
#14630 = FACE_BOUND('',#14631,.F.);
#14631 = EDGE_LOOP('',(#14632));
#14632 = ORIENTED_EDGE('',*,*,#14633,.T.);
#14633 = EDGE_CURVE('',#14634,#14634,#14636,.T.);
#14634 = VERTEX_POINT('',#14635);
#14635 = CARTESIAN_POINT('',(124.000001,-86.000001,0.));
#14636 = CIRCLE('',#14637,2.);
#14637 = AXIS2_PLACEMENT_3D('',#14638,#14639,#14640);
#14638 = CARTESIAN_POINT('',(124.000001,-84.000001,0.));
#14639 = DIRECTION('',(-0.,0.,-1.));
#14640 = DIRECTION('',(-0.,-1.,0.));
#14641 = FACE_BOUND('',#14642,.F.);
#14642 = EDGE_LOOP('',(#14643));
#14643 = ORIENTED_EDGE('',*,*,#14644,.T.);
#14644 = EDGE_CURVE('',#14645,#14645,#14647,.T.);
#14645 = VERTEX_POINT('',#14646);
#14646 = CARTESIAN_POINT('',(136.200001,-91.812001,0.));
#14647 = CIRCLE('',#14648,0.25);
#14648 = AXIS2_PLACEMENT_3D('',#14649,#14650,#14651);
#14649 = CARTESIAN_POINT('',(136.200001,-91.562001,0.));
#14650 = DIRECTION('',(-0.,0.,-1.));
#14651 = DIRECTION('',(-0.,-1.,0.));
#14652 = FACE_BOUND('',#14653,.F.);
#14653 = EDGE_LOOP('',(#14654));
#14654 = ORIENTED_EDGE('',*,*,#14655,.T.);
#14655 = EDGE_CURVE('',#14656,#14656,#14658,.T.);
#14656 = VERTEX_POINT('',#14657);
#14657 = CARTESIAN_POINT('',(137.400001,-91.422001,0.));
#14658 = CIRCLE('',#14659,0.25);
#14659 = AXIS2_PLACEMENT_3D('',#14660,#14661,#14662);
#14660 = CARTESIAN_POINT('',(137.400001,-91.172001,0.));
#14661 = DIRECTION('',(-0.,0.,-1.));
#14662 = DIRECTION('',(-0.,-1.,0.));
#14663 = FACE_BOUND('',#14664,.F.);
#14664 = EDGE_LOOP('',(#14665));
#14665 = ORIENTED_EDGE('',*,*,#14666,.T.);
#14666 = EDGE_CURVE('',#14667,#14667,#14669,.T.);
#14667 = VERTEX_POINT('',#14668);
#14668 = CARTESIAN_POINT('',(138.150001,-90.392001,0.));
#14669 = CIRCLE('',#14670,0.25);
#14670 = AXIS2_PLACEMENT_3D('',#14671,#14672,#14673);
#14671 = CARTESIAN_POINT('',(138.150001,-90.142001,0.));
#14672 = DIRECTION('',(-0.,0.,-1.));
#14673 = DIRECTION('',(-0.,-1.,0.));
#14674 = FACE_BOUND('',#14675,.F.);
#14675 = EDGE_LOOP('',(#14676));
#14676 = ORIENTED_EDGE('',*,*,#14677,.T.);
#14677 = EDGE_CURVE('',#14678,#14678,#14680,.T.);
#14678 = VERTEX_POINT('',#14679);
#14679 = CARTESIAN_POINT('',(141.000001,-91.422001,0.));
#14680 = CIRCLE('',#14681,0.25);
#14681 = AXIS2_PLACEMENT_3D('',#14682,#14683,#14684);
#14682 = CARTESIAN_POINT('',(141.000001,-91.172001,0.));
#14683 = DIRECTION('',(-0.,0.,-1.));
#14684 = DIRECTION('',(-0.,-1.,0.));
#14685 = FACE_BOUND('',#14686,.F.);
#14686 = EDGE_LOOP('',(#14687));
#14687 = ORIENTED_EDGE('',*,*,#14688,.T.);
#14688 = EDGE_CURVE('',#14689,#14689,#14691,.T.);
#14689 = VERTEX_POINT('',#14690);
#14690 = CARTESIAN_POINT('',(142.200001,-91.812001,0.));
#14691 = CIRCLE('',#14692,0.25);
#14692 = AXIS2_PLACEMENT_3D('',#14693,#14694,#14695);
#14693 = CARTESIAN_POINT('',(142.200001,-91.562001,0.));
#14694 = DIRECTION('',(-0.,0.,-1.));
#14695 = DIRECTION('',(-0.,-1.,0.));
#14696 = FACE_BOUND('',#14697,.F.);
#14697 = EDGE_LOOP('',(#14698));
#14698 = ORIENTED_EDGE('',*,*,#14699,.T.);
#14699 = EDGE_CURVE('',#14700,#14700,#14702,.T.);
#14700 = VERTEX_POINT('',#14701);
#14701 = CARTESIAN_POINT('',(140.250001,-90.392001,0.));
#14702 = CIRCLE('',#14703,0.25);
#14703 = AXIS2_PLACEMENT_3D('',#14704,#14705,#14706);
#14704 = CARTESIAN_POINT('',(140.250001,-90.142001,0.));
#14705 = DIRECTION('',(-0.,0.,-1.));
#14706 = DIRECTION('',(-0.,-1.,0.));
#14707 = FACE_BOUND('',#14708,.F.);
#14708 = EDGE_LOOP('',(#14709));
#14709 = ORIENTED_EDGE('',*,*,#14710,.T.);
#14710 = EDGE_CURVE('',#14711,#14711,#14713,.T.);
#14711 = VERTEX_POINT('',#14712);
#14712 = CARTESIAN_POINT('',(138.150001,-89.132001,0.));
#14713 = CIRCLE('',#14714,0.25);
#14714 = AXIS2_PLACEMENT_3D('',#14715,#14716,#14717);
#14715 = CARTESIAN_POINT('',(138.150001,-88.882001,0.));
#14716 = DIRECTION('',(-0.,0.,-1.));
#14717 = DIRECTION('',(-0.,-1.,0.));
#14718 = FACE_BOUND('',#14719,.F.);
#14719 = EDGE_LOOP('',(#14720));
#14720 = ORIENTED_EDGE('',*,*,#14721,.T.);
#14721 = EDGE_CURVE('',#14722,#14722,#14724,.T.);
#14722 = VERTEX_POINT('',#14723);
#14723 = CARTESIAN_POINT('',(136.200001,-87.712001,0.));
#14724 = CIRCLE('',#14725,0.25);
#14725 = AXIS2_PLACEMENT_3D('',#14726,#14727,#14728);
#14726 = CARTESIAN_POINT('',(136.200001,-87.462001,0.));
#14727 = DIRECTION('',(-0.,0.,-1.));
#14728 = DIRECTION('',(-0.,-1.,0.));
#14729 = FACE_BOUND('',#14730,.F.);
#14730 = EDGE_LOOP('',(#14731));
#14731 = ORIENTED_EDGE('',*,*,#14732,.T.);
#14732 = EDGE_CURVE('',#14733,#14733,#14735,.T.);
#14733 = VERTEX_POINT('',#14734);
#14734 = CARTESIAN_POINT('',(137.400001,-88.102001,0.));
#14735 = CIRCLE('',#14736,0.25);
#14736 = AXIS2_PLACEMENT_3D('',#14737,#14738,#14739);
#14737 = CARTESIAN_POINT('',(137.400001,-87.852001,0.));
#14738 = DIRECTION('',(-0.,0.,-1.));
#14739 = DIRECTION('',(-0.,-1.,0.));
#14740 = FACE_BOUND('',#14741,.F.);
#14741 = EDGE_LOOP('',(#14742));
#14742 = ORIENTED_EDGE('',*,*,#14743,.T.);
#14743 = EDGE_CURVE('',#14744,#14744,#14746,.T.);
#14744 = VERTEX_POINT('',#14745);
#14745 = CARTESIAN_POINT('',(140.250001,-89.132001,0.));
#14746 = CIRCLE('',#14747,0.25);
#14747 = AXIS2_PLACEMENT_3D('',#14748,#14749,#14750);
#14748 = CARTESIAN_POINT('',(140.250001,-88.882001,0.));
#14749 = DIRECTION('',(-0.,0.,-1.));
#14750 = DIRECTION('',(-0.,-1.,0.));
#14751 = FACE_BOUND('',#14752,.F.);
#14752 = EDGE_LOOP('',(#14753));
#14753 = ORIENTED_EDGE('',*,*,#14754,.T.);
#14754 = EDGE_CURVE('',#14755,#14755,#14757,.T.);
#14755 = VERTEX_POINT('',#14756);
#14756 = CARTESIAN_POINT('',(141.000001,-88.102001,0.));
#14757 = CIRCLE('',#14758,0.25);
#14758 = AXIS2_PLACEMENT_3D('',#14759,#14760,#14761);
#14759 = CARTESIAN_POINT('',(141.000001,-87.852001,0.));
#14760 = DIRECTION('',(-0.,0.,-1.));
#14761 = DIRECTION('',(-0.,-1.,0.));
#14762 = FACE_BOUND('',#14763,.F.);
#14763 = EDGE_LOOP('',(#14764));
#14764 = ORIENTED_EDGE('',*,*,#14765,.T.);
#14765 = EDGE_CURVE('',#14766,#14766,#14768,.T.);
#14766 = VERTEX_POINT('',#14767);
#14767 = CARTESIAN_POINT('',(142.200001,-87.712001,0.));
#14768 = CIRCLE('',#14769,0.25);
#14769 = AXIS2_PLACEMENT_3D('',#14770,#14771,#14772);
#14770 = CARTESIAN_POINT('',(142.200001,-87.462001,0.));
#14771 = DIRECTION('',(-0.,0.,-1.));
#14772 = DIRECTION('',(-0.,-1.,0.));
#14773 = FACE_BOUND('',#14774,.F.);
#14774 = EDGE_LOOP('',(#14775));
#14775 = ORIENTED_EDGE('',*,*,#14776,.T.);
#14776 = EDGE_CURVE('',#14777,#14777,#14779,.T.);
#14777 = VERTEX_POINT('',#14778);
#14778 = CARTESIAN_POINT('',(143.530001,-91.812001,0.));
#14779 = CIRCLE('',#14780,0.25);
#14780 = AXIS2_PLACEMENT_3D('',#14781,#14782,#14783);
#14781 = CARTESIAN_POINT('',(143.530001,-91.562001,0.));
#14782 = DIRECTION('',(-0.,0.,-1.));
#14783 = DIRECTION('',(-0.,-1.,0.));
#14784 = FACE_BOUND('',#14785,.F.);
#14785 = EDGE_LOOP('',(#14786));
#14786 = ORIENTED_EDGE('',*,*,#14787,.T.);
#14787 = EDGE_CURVE('',#14788,#14788,#14790,.T.);
#14788 = VERTEX_POINT('',#14789);
#14789 = CARTESIAN_POINT('',(144.870001,-91.812001,0.));
#14790 = CIRCLE('',#14791,0.25);
#14791 = AXIS2_PLACEMENT_3D('',#14792,#14793,#14794);
#14792 = CARTESIAN_POINT('',(144.870001,-91.562001,0.));
#14793 = DIRECTION('',(-0.,0.,-1.));
#14794 = DIRECTION('',(-0.,-1.,0.));
#14795 = FACE_BOUND('',#14796,.F.);
#14796 = EDGE_LOOP('',(#14797,#14808,#14816,#14825));
#14797 = ORIENTED_EDGE('',*,*,#14798,.T.);
#14798 = EDGE_CURVE('',#14799,#14801,#14803,.T.);
#14799 = VERTEX_POINT('',#14800);
#14800 = CARTESIAN_POINT('',(146.200001,-88.512001,0.));
#14801 = VERTEX_POINT('',#14802);
#14802 = CARTESIAN_POINT('',(146.200001,-90.512001,0.));
#14803 = CIRCLE('',#14804,1.);
#14804 = AXIS2_PLACEMENT_3D('',#14805,#14806,#14807);
#14805 = CARTESIAN_POINT('',(146.200001,-89.512001,0.));
#14806 = DIRECTION('',(-0.,0.,-1.));
#14807 = DIRECTION('',(-0.,-1.,0.));
#14808 = ORIENTED_EDGE('',*,*,#14809,.T.);
#14809 = EDGE_CURVE('',#14801,#14810,#14812,.T.);
#14810 = VERTEX_POINT('',#14811);
#14811 = CARTESIAN_POINT('',(142.200001,-90.512001,0.));
#14812 = LINE('',#14813,#14814);
#14813 = CARTESIAN_POINT('',(71.1000005,-90.512001,0.));
#14814 = VECTOR('',#14815,1.);
#14815 = DIRECTION('',(-1.,0.,0.));
#14816 = ORIENTED_EDGE('',*,*,#14817,.T.);
#14817 = EDGE_CURVE('',#14810,#14818,#14820,.T.);
#14818 = VERTEX_POINT('',#14819);
#14819 = CARTESIAN_POINT('',(142.200001,-88.512001,0.));
#14820 = CIRCLE('',#14821,1.);
#14821 = AXIS2_PLACEMENT_3D('',#14822,#14823,#14824);
#14822 = CARTESIAN_POINT('',(142.200001,-89.512001,0.));
#14823 = DIRECTION('',(-0.,0.,-1.));
#14824 = DIRECTION('',(0.,1.,0.));
#14825 = ORIENTED_EDGE('',*,*,#14826,.T.);
#14826 = EDGE_CURVE('',#14818,#14799,#14827,.T.);
#14827 = LINE('',#14828,#14829);
#14828 = CARTESIAN_POINT('',(73.1000005,-88.512001,0.));
#14829 = VECTOR('',#14830,1.);
#14830 = DIRECTION('',(1.,0.,-0.));
#14831 = FACE_BOUND('',#14832,.F.);
#14832 = EDGE_LOOP('',(#14833));
#14833 = ORIENTED_EDGE('',*,*,#14834,.T.);
#14834 = EDGE_CURVE('',#14835,#14835,#14837,.T.);
#14835 = VERTEX_POINT('',#14836);
#14836 = CARTESIAN_POINT('',(146.200001,-91.812001,0.));
#14837 = CIRCLE('',#14838,0.25);
#14838 = AXIS2_PLACEMENT_3D('',#14839,#14840,#14841);
#14839 = CARTESIAN_POINT('',(146.200001,-91.562001,0.));
#14840 = DIRECTION('',(-0.,0.,-1.));
#14841 = DIRECTION('',(-0.,-1.,0.));
#14842 = FACE_BOUND('',#14843,.F.);
#14843 = EDGE_LOOP('',(#14844));
#14844 = ORIENTED_EDGE('',*,*,#14845,.T.);
#14845 = EDGE_CURVE('',#14846,#14846,#14848,.T.);
#14846 = VERTEX_POINT('',#14847);
#14847 = CARTESIAN_POINT('',(147.400001,-91.422001,0.));
#14848 = CIRCLE('',#14849,0.25);
#14849 = AXIS2_PLACEMENT_3D('',#14850,#14851,#14852);
#14850 = CARTESIAN_POINT('',(147.400001,-91.172001,0.));
#14851 = DIRECTION('',(-0.,0.,-1.));
#14852 = DIRECTION('',(-0.,-1.,0.));
#14853 = FACE_BOUND('',#14854,.F.);
#14854 = EDGE_LOOP('',(#14855));
#14855 = ORIENTED_EDGE('',*,*,#14856,.T.);
#14856 = EDGE_CURVE('',#14857,#14857,#14859,.T.);
#14857 = VERTEX_POINT('',#14858);
#14858 = CARTESIAN_POINT('',(148.150001,-90.392001,0.));
#14859 = CIRCLE('',#14860,0.25);
#14860 = AXIS2_PLACEMENT_3D('',#14861,#14862,#14863);
#14861 = CARTESIAN_POINT('',(148.150001,-90.142001,0.));
#14862 = DIRECTION('',(-0.,0.,-1.));
#14863 = DIRECTION('',(-0.,-1.,0.));
#14864 = FACE_BOUND('',#14865,.F.);
#14865 = EDGE_LOOP('',(#14866));
#14866 = ORIENTED_EDGE('',*,*,#14867,.T.);
#14867 = EDGE_CURVE('',#14868,#14868,#14870,.T.);
#14868 = VERTEX_POINT('',#14869);
#14869 = CARTESIAN_POINT('',(143.530001,-87.712001,0.));
#14870 = CIRCLE('',#14871,0.25);
#14871 = AXIS2_PLACEMENT_3D('',#14872,#14873,#14874);
#14872 = CARTESIAN_POINT('',(143.530001,-87.462001,0.));
#14873 = DIRECTION('',(-0.,0.,-1.));
#14874 = DIRECTION('',(-0.,-1.,0.));
#14875 = FACE_BOUND('',#14876,.F.);
#14876 = EDGE_LOOP('',(#14877));
#14877 = ORIENTED_EDGE('',*,*,#14878,.T.);
#14878 = EDGE_CURVE('',#14879,#14879,#14881,.T.);
#14879 = VERTEX_POINT('',#14880);
#14880 = CARTESIAN_POINT('',(144.870001,-87.712001,0.));
#14881 = CIRCLE('',#14882,0.25);
#14882 = AXIS2_PLACEMENT_3D('',#14883,#14884,#14885);
#14883 = CARTESIAN_POINT('',(144.870001,-87.462001,0.));
#14884 = DIRECTION('',(-0.,0.,-1.));
#14885 = DIRECTION('',(-0.,-1.,0.));
#14886 = FACE_BOUND('',#14887,.F.);
#14887 = EDGE_LOOP('',(#14888));
#14888 = ORIENTED_EDGE('',*,*,#14889,.T.);
#14889 = EDGE_CURVE('',#14890,#14890,#14892,.T.);
#14890 = VERTEX_POINT('',#14891);
#14891 = CARTESIAN_POINT('',(148.150001,-89.132001,0.));
#14892 = CIRCLE('',#14893,0.25);
#14893 = AXIS2_PLACEMENT_3D('',#14894,#14895,#14896);
#14894 = CARTESIAN_POINT('',(148.150001,-88.882001,0.));
#14895 = DIRECTION('',(-0.,0.,-1.));
#14896 = DIRECTION('',(-0.,-1.,0.));
#14897 = FACE_BOUND('',#14898,.F.);
#14898 = EDGE_LOOP('',(#14899));
#14899 = ORIENTED_EDGE('',*,*,#14900,.T.);
#14900 = EDGE_CURVE('',#14901,#14901,#14903,.T.);
#14901 = VERTEX_POINT('',#14902);
#14902 = CARTESIAN_POINT('',(146.200001,-87.712001,0.));
#14903 = CIRCLE('',#14904,0.25);
#14904 = AXIS2_PLACEMENT_3D('',#14905,#14906,#14907);
#14905 = CARTESIAN_POINT('',(146.200001,-87.462001,0.));
#14906 = DIRECTION('',(-0.,0.,-1.));
#14907 = DIRECTION('',(-0.,-1.,0.));
#14908 = FACE_BOUND('',#14909,.F.);
#14909 = EDGE_LOOP('',(#14910));
#14910 = ORIENTED_EDGE('',*,*,#14911,.T.);
#14911 = EDGE_CURVE('',#14912,#14912,#14914,.T.);
#14912 = VERTEX_POINT('',#14913);
#14913 = CARTESIAN_POINT('',(147.400001,-88.102001,0.));
#14914 = CIRCLE('',#14915,0.25);
#14915 = AXIS2_PLACEMENT_3D('',#14916,#14917,#14918);
#14916 = CARTESIAN_POINT('',(147.400001,-87.852001,0.));
#14917 = DIRECTION('',(-0.,0.,-1.));
#14918 = DIRECTION('',(-0.,-1.,0.));
#14919 = FACE_BOUND('',#14920,.F.);
#14920 = EDGE_LOOP('',(#14921));
#14921 = ORIENTED_EDGE('',*,*,#14922,.T.);
#14922 = EDGE_CURVE('',#14923,#14923,#14925,.T.);
#14923 = VERTEX_POINT('',#14924);
#14924 = CARTESIAN_POINT('',(161.200001,-100.100001,0.));
#14925 = CIRCLE('',#14926,0.6);
#14926 = AXIS2_PLACEMENT_3D('',#14927,#14928,#14929);
#14927 = CARTESIAN_POINT('',(161.200001,-99.500001,0.));
#14928 = DIRECTION('',(-0.,0.,-1.));
#14929 = DIRECTION('',(-0.,-1.,0.));
#14930 = FACE_BOUND('',#14931,.F.);
#14931 = EDGE_LOOP('',(#14932));
#14932 = ORIENTED_EDGE('',*,*,#14933,.T.);
#14933 = EDGE_CURVE('',#14934,#14934,#14936,.T.);
#14934 = VERTEX_POINT('',#14935);
#14935 = CARTESIAN_POINT('',(161.200001,-92.600001,0.));
#14936 = CIRCLE('',#14937,0.6);
#14937 = AXIS2_PLACEMENT_3D('',#14938,#14939,#14940);
#14938 = CARTESIAN_POINT('',(161.200001,-92.000001,0.));
#14939 = DIRECTION('',(-0.,0.,-1.));
#14940 = DIRECTION('',(-0.,-1.,0.));
#14941 = FACE_BOUND('',#14942,.F.);
#14942 = EDGE_LOOP('',(#14943));
#14943 = ORIENTED_EDGE('',*,*,#14944,.T.);
#14944 = EDGE_CURVE('',#14945,#14945,#14947,.T.);
#14945 = VERTEX_POINT('',#14946);
#14946 = CARTESIAN_POINT('',(175.000001,-101.100001,0.));
#14947 = CIRCLE('',#14948,1.6);
#14948 = AXIS2_PLACEMENT_3D('',#14949,#14950,#14951);
#14949 = CARTESIAN_POINT('',(175.000001,-99.500001,0.));
#14950 = DIRECTION('',(-0.,0.,-1.));
#14951 = DIRECTION('',(-0.,-1.,0.));
#14952 = FACE_BOUND('',#14953,.F.);
#14953 = EDGE_LOOP('',(#14954));
#14954 = ORIENTED_EDGE('',*,*,#14955,.T.);
#14955 = EDGE_CURVE('',#14956,#14956,#14958,.T.);
#14956 = VERTEX_POINT('',#14957);
#14957 = CARTESIAN_POINT('',(175.000001,-86.000001,0.));
#14958 = CIRCLE('',#14959,2.);
#14959 = AXIS2_PLACEMENT_3D('',#14960,#14961,#14962);
#14960 = CARTESIAN_POINT('',(175.000001,-84.000001,0.));
#14961 = DIRECTION('',(-0.,0.,-1.));
#14962 = DIRECTION('',(-0.,-1.,0.));
#14963 = PLANE('',#14964);
#14964 = AXIS2_PLACEMENT_3D('',#14965,#14966,#14967);
#14965 = CARTESIAN_POINT('',(0.,0.,0.));
#14966 = DIRECTION('',(0.,0.,1.));
#14967 = DIRECTION('',(1.,0.,-0.));
#14968 = ADVANCED_FACE('',(#14969,#15015,#15026,#15037,#15048,#15059,
    #15070,#15081,#15092,#15103,#15114,#15125,#15136,#15147,#15158,
    #15169,#15180,#15191,#15227,#15238,#15249,#15260,#15271,#15282,
    #15293,#15304,#15315,#15326,#15337,#15348,#15359,#15370,#15381,
    #15392,#15403,#15414,#15425,#15436,#15447,#15483,#15494,#15505,
    #15516,#15527,#15538,#15549,#15560,#15571,#15582,#15593,#15604),
  #15615,.T.);
#14969 = FACE_BOUND('',#14970,.T.);
#14970 = EDGE_LOOP('',(#14971,#14972,#14973,#14982,#14990,#14999,#15007,
    #15014));
#14971 = ORIENTED_EDGE('',*,*,#14226,.F.);
#14972 = ORIENTED_EDGE('',*,*,#14268,.F.);
#14973 = ORIENTED_EDGE('',*,*,#14974,.F.);
#14974 = EDGE_CURVE('',#14975,#14261,#14977,.T.);
#14975 = VERTEX_POINT('',#14976);
#14976 = CARTESIAN_POINT('',(116.,-84.,1.51));
#14977 = CIRCLE('',#14978,8.00000085182);
#14978 = AXIS2_PLACEMENT_3D('',#14979,#14980,#14981);
#14979 = CARTESIAN_POINT('',(124.00000085182,-84.00000085182,1.51));
#14980 = DIRECTION('',(0.,0.,-1.));
#14981 = DIRECTION('',(-1.,1.064775372185E-07,0.));
#14982 = ORIENTED_EDGE('',*,*,#14983,.F.);
#14983 = EDGE_CURVE('',#14984,#14975,#14986,.T.);
#14984 = VERTEX_POINT('',#14985);
#14985 = CARTESIAN_POINT('',(116.,-115.000001,1.51));
#14986 = LINE('',#14987,#14988);
#14987 = CARTESIAN_POINT('',(116.,-115.000001,1.51));
#14988 = VECTOR('',#14989,1.);
#14989 = DIRECTION('',(0.,1.,0.));
#14990 = ORIENTED_EDGE('',*,*,#14991,.F.);
#14991 = EDGE_CURVE('',#14992,#14984,#14994,.T.);
#14992 = VERTEX_POINT('',#14993);
#14993 = CARTESIAN_POINT('',(124.,-123.000002,1.51));
#14994 = CIRCLE('',#14995,8.00000085182);
#14995 = AXIS2_PLACEMENT_3D('',#14996,#14997,#14998);
#14996 = CARTESIAN_POINT('',(124.00000085182,-115.0000011481,1.51));
#14997 = DIRECTION('',(0.,0.,-1.));
#14998 = DIRECTION('',(-1.064775301131E-07,-1.,-0.));
#14999 = ORIENTED_EDGE('',*,*,#15000,.F.);
#15000 = EDGE_CURVE('',#15001,#14992,#15003,.T.);
#15001 = VERTEX_POINT('',#15002);
#15002 = CARTESIAN_POINT('',(175.000001,-123.000002,1.51));
#15003 = LINE('',#15004,#15005);
#15004 = CARTESIAN_POINT('',(175.000001,-123.000002,1.51));
#15005 = VECTOR('',#15006,1.);
#15006 = DIRECTION('',(-1.,0.,0.));
#15007 = ORIENTED_EDGE('',*,*,#15008,.F.);
#15008 = EDGE_CURVE('',#14291,#15001,#15009,.T.);
#15009 = CIRCLE('',#15010,8.00000085182);
#15010 = AXIS2_PLACEMENT_3D('',#15011,#15012,#15013);
#15011 = CARTESIAN_POINT('',(175.00000114818,-115.0000011481,1.51));
#15012 = DIRECTION('',(0.,0.,-1.));
#15013 = DIRECTION('',(1.,1.852246691978E-08,0.));
#15014 = ORIENTED_EDGE('',*,*,#14290,.F.);
#15015 = FACE_BOUND('',#15016,.T.);
#15016 = EDGE_LOOP('',(#15017));
#15017 = ORIENTED_EDGE('',*,*,#15018,.T.);
#15018 = EDGE_CURVE('',#15019,#15019,#15021,.T.);
#15019 = VERTEX_POINT('',#15020);
#15020 = CARTESIAN_POINT('',(124.000001,-117.000001,1.51));
#15021 = CIRCLE('',#15022,2.);
#15022 = AXIS2_PLACEMENT_3D('',#15023,#15024,#15025);
#15023 = CARTESIAN_POINT('',(124.000001,-115.000001,1.51));
#15024 = DIRECTION('',(-0.,0.,-1.));
#15025 = DIRECTION('',(-0.,-1.,0.));
#15026 = FACE_BOUND('',#15027,.T.);
#15027 = EDGE_LOOP('',(#15028));
#15028 = ORIENTED_EDGE('',*,*,#15029,.T.);
#15029 = EDGE_CURVE('',#15030,#15030,#15032,.T.);
#15030 = VERTEX_POINT('',#15031);
#15031 = CARTESIAN_POINT('',(136.7,-120.275,1.51));
#15032 = CIRCLE('',#15033,0.475);
#15033 = AXIS2_PLACEMENT_3D('',#15034,#15035,#15036);
#15034 = CARTESIAN_POINT('',(136.7,-119.8,1.51));
#15035 = DIRECTION('',(-0.,0.,-1.));
#15036 = DIRECTION('',(-0.,-1.,0.));
#15037 = FACE_BOUND('',#15038,.T.);
#15038 = EDGE_LOOP('',(#15039));
#15039 = ORIENTED_EDGE('',*,*,#15040,.T.);
#15040 = EDGE_CURVE('',#15041,#15041,#15043,.T.);
#15041 = VERTEX_POINT('',#15042);
#15042 = CARTESIAN_POINT('',(139.2,-120.275,1.51));
#15043 = CIRCLE('',#15044,0.475);
#15044 = AXIS2_PLACEMENT_3D('',#15045,#15046,#15047);
#15045 = CARTESIAN_POINT('',(139.2,-119.8,1.51));
#15046 = DIRECTION('',(-0.,0.,-1.));
#15047 = DIRECTION('',(-0.,-1.,0.));
#15048 = FACE_BOUND('',#15049,.T.);
#15049 = EDGE_LOOP('',(#15050));
#15050 = ORIENTED_EDGE('',*,*,#15051,.T.);
#15051 = EDGE_CURVE('',#15052,#15052,#15054,.T.);
#15052 = VERTEX_POINT('',#15053);
#15053 = CARTESIAN_POINT('',(141.7,-120.275,1.51));
#15054 = CIRCLE('',#15055,0.475);
#15055 = AXIS2_PLACEMENT_3D('',#15056,#15057,#15058);
#15056 = CARTESIAN_POINT('',(141.7,-119.8,1.51));
#15057 = DIRECTION('',(-0.,0.,-1.));
#15058 = DIRECTION('',(-0.,-1.,0.));
#15059 = FACE_BOUND('',#15060,.T.);
#15060 = EDGE_LOOP('',(#15061));
#15061 = ORIENTED_EDGE('',*,*,#15062,.T.);
#15062 = EDGE_CURVE('',#15063,#15063,#15065,.T.);
#15063 = VERTEX_POINT('',#15064);
#15064 = CARTESIAN_POINT('',(137.290001,-111.312001,1.51));
#15065 = CIRCLE('',#15066,0.4);
#15066 = AXIS2_PLACEMENT_3D('',#15067,#15068,#15069);
#15067 = CARTESIAN_POINT('',(137.290001,-110.912001,1.51));
#15068 = DIRECTION('',(-0.,0.,-1.));
#15069 = DIRECTION('',(-7.105427357601E-14,-1.,0.));
#15070 = FACE_BOUND('',#15071,.T.);
#15071 = EDGE_LOOP('',(#15072));
#15072 = ORIENTED_EDGE('',*,*,#15073,.T.);
#15073 = EDGE_CURVE('',#15074,#15074,#15076,.T.);
#15074 = VERTEX_POINT('',#15075);
#15075 = CARTESIAN_POINT('',(139.200001,-111.312001,1.51));
#15076 = CIRCLE('',#15077,0.4);
#15077 = AXIS2_PLACEMENT_3D('',#15078,#15079,#15080);
#15078 = CARTESIAN_POINT('',(139.200001,-110.912001,1.51));
#15079 = DIRECTION('',(-0.,0.,-1.));
#15080 = DIRECTION('',(-0.,-1.,0.));
#15081 = FACE_BOUND('',#15082,.T.);
#15082 = EDGE_LOOP('',(#15083));
#15083 = ORIENTED_EDGE('',*,*,#15084,.T.);
#15084 = EDGE_CURVE('',#15085,#15085,#15087,.T.);
#15085 = VERTEX_POINT('',#15086);
#15086 = CARTESIAN_POINT('',(141.110001,-111.312001,1.51));
#15087 = CIRCLE('',#15088,0.4);
#15088 = AXIS2_PLACEMENT_3D('',#15089,#15090,#15091);
#15089 = CARTESIAN_POINT('',(141.110001,-110.912001,1.51));
#15090 = DIRECTION('',(-0.,0.,-1.));
#15091 = DIRECTION('',(-0.,-1.,0.));
#15092 = FACE_BOUND('',#15093,.T.);
#15093 = EDGE_LOOP('',(#15094));
#15094 = ORIENTED_EDGE('',*,*,#15095,.T.);
#15095 = EDGE_CURVE('',#15096,#15096,#15098,.T.);
#15096 = VERTEX_POINT('',#15097);
#15097 = CARTESIAN_POINT('',(157.155001,-118.172501,1.51));
#15098 = CIRCLE('',#15099,0.65);
#15099 = AXIS2_PLACEMENT_3D('',#15100,#15101,#15102);
#15100 = CARTESIAN_POINT('',(157.155001,-117.522501,1.51));
#15101 = DIRECTION('',(-0.,0.,-1.));
#15102 = DIRECTION('',(-0.,-1.,0.));
#15103 = FACE_BOUND('',#15104,.T.);
#15104 = EDGE_LOOP('',(#15105));
#15105 = ORIENTED_EDGE('',*,*,#15106,.T.);
#15106 = EDGE_CURVE('',#15107,#15107,#15109,.T.);
#15107 = VERTEX_POINT('',#15108);
#15108 = CARTESIAN_POINT('',(162.235001,-118.172501,1.51));
#15109 = CIRCLE('',#15110,0.65);
#15110 = AXIS2_PLACEMENT_3D('',#15111,#15112,#15113);
#15111 = CARTESIAN_POINT('',(162.235001,-117.522501,1.51));
#15112 = DIRECTION('',(-0.,0.,-1.));
#15113 = DIRECTION('',(-0.,-1.,0.));
#15114 = FACE_BOUND('',#15115,.T.);
#15115 = EDGE_LOOP('',(#15116));
#15116 = ORIENTED_EDGE('',*,*,#15117,.T.);
#15117 = EDGE_CURVE('',#15118,#15118,#15120,.T.);
#15118 = VERTEX_POINT('',#15119);
#15119 = CARTESIAN_POINT('',(175.000001,-117.000001,1.51));
#15120 = CIRCLE('',#15121,2.);
#15121 = AXIS2_PLACEMENT_3D('',#15122,#15123,#15124);
#15122 = CARTESIAN_POINT('',(175.000001,-115.000001,1.51));
#15123 = DIRECTION('',(-0.,0.,-1.));
#15124 = DIRECTION('',(-0.,-1.,0.));
#15125 = FACE_BOUND('',#15126,.T.);
#15126 = EDGE_LOOP('',(#15127));
#15127 = ORIENTED_EDGE('',*,*,#15128,.T.);
#15128 = EDGE_CURVE('',#15129,#15129,#15131,.T.);
#15129 = VERTEX_POINT('',#15130);
#15130 = CARTESIAN_POINT('',(124.000001,-101.100001,1.51));
#15131 = CIRCLE('',#15132,1.6);
#15132 = AXIS2_PLACEMENT_3D('',#15133,#15134,#15135);
#15133 = CARTESIAN_POINT('',(124.000001,-99.500001,1.51));
#15134 = DIRECTION('',(-0.,0.,-1.));
#15135 = DIRECTION('',(-0.,-1.,0.));
#15136 = FACE_BOUND('',#15137,.T.);
#15137 = EDGE_LOOP('',(#15138));
#15138 = ORIENTED_EDGE('',*,*,#15139,.T.);
#15139 = EDGE_CURVE('',#15140,#15140,#15142,.T.);
#15140 = VERTEX_POINT('',#15141);
#15141 = CARTESIAN_POINT('',(131.000001,-91.422001,1.51));
#15142 = CIRCLE('',#15143,0.25);
#15143 = AXIS2_PLACEMENT_3D('',#15144,#15145,#15146);
#15144 = CARTESIAN_POINT('',(131.000001,-91.172001,1.51));
#15145 = DIRECTION('',(-0.,0.,-1.));
#15146 = DIRECTION('',(-0.,-1.,0.));
#15147 = FACE_BOUND('',#15148,.T.);
#15148 = EDGE_LOOP('',(#15149));
#15149 = ORIENTED_EDGE('',*,*,#15150,.T.);
#15150 = EDGE_CURVE('',#15151,#15151,#15153,.T.);
#15151 = VERTEX_POINT('',#15152);
#15152 = CARTESIAN_POINT('',(132.200001,-91.812001,1.51));
#15153 = CIRCLE('',#15154,0.25);
#15154 = AXIS2_PLACEMENT_3D('',#15155,#15156,#15157);
#15155 = CARTESIAN_POINT('',(132.200001,-91.562001,1.51));
#15156 = DIRECTION('',(-0.,0.,-1.));
#15157 = DIRECTION('',(-0.,-1.,0.));
#15158 = FACE_BOUND('',#15159,.T.);
#15159 = EDGE_LOOP('',(#15160));
#15160 = ORIENTED_EDGE('',*,*,#15161,.T.);
#15161 = EDGE_CURVE('',#15162,#15162,#15164,.T.);
#15162 = VERTEX_POINT('',#15163);
#15163 = CARTESIAN_POINT('',(130.250001,-90.392001,1.51));
#15164 = CIRCLE('',#15165,0.25);
#15165 = AXIS2_PLACEMENT_3D('',#15166,#15167,#15168);
#15166 = CARTESIAN_POINT('',(130.250001,-90.142001,1.51));
#15167 = DIRECTION('',(-0.,0.,-1.));
#15168 = DIRECTION('',(-0.,-1.,0.));
#15169 = FACE_BOUND('',#15170,.T.);
#15170 = EDGE_LOOP('',(#15171));
#15171 = ORIENTED_EDGE('',*,*,#15172,.T.);
#15172 = EDGE_CURVE('',#15173,#15173,#15175,.T.);
#15173 = VERTEX_POINT('',#15174);
#15174 = CARTESIAN_POINT('',(133.530001,-91.812001,1.51));
#15175 = CIRCLE('',#15176,0.25);
#15176 = AXIS2_PLACEMENT_3D('',#15177,#15178,#15179);
#15177 = CARTESIAN_POINT('',(133.530001,-91.562001,1.51));
#15178 = DIRECTION('',(-0.,0.,-1.));
#15179 = DIRECTION('',(-0.,-1.,0.));
#15180 = FACE_BOUND('',#15181,.T.);
#15181 = EDGE_LOOP('',(#15182));
#15182 = ORIENTED_EDGE('',*,*,#15183,.T.);
#15183 = EDGE_CURVE('',#15184,#15184,#15186,.T.);
#15184 = VERTEX_POINT('',#15185);
#15185 = CARTESIAN_POINT('',(134.870001,-91.812001,1.51));
#15186 = CIRCLE('',#15187,0.25);
#15187 = AXIS2_PLACEMENT_3D('',#15188,#15189,#15190);
#15188 = CARTESIAN_POINT('',(134.870001,-91.562001,1.51));
#15189 = DIRECTION('',(-0.,0.,-1.));
#15190 = DIRECTION('',(-0.,-1.,0.));
#15191 = FACE_BOUND('',#15192,.T.);
#15192 = EDGE_LOOP('',(#15193,#15204,#15212,#15221));
#15193 = ORIENTED_EDGE('',*,*,#15194,.T.);
#15194 = EDGE_CURVE('',#15195,#15197,#15199,.T.);
#15195 = VERTEX_POINT('',#15196);
#15196 = CARTESIAN_POINT('',(136.200001,-88.512001,1.51));
#15197 = VERTEX_POINT('',#15198);
#15198 = CARTESIAN_POINT('',(136.200001,-90.512001,1.51));
#15199 = CIRCLE('',#15200,1.);
#15200 = AXIS2_PLACEMENT_3D('',#15201,#15202,#15203);
#15201 = CARTESIAN_POINT('',(136.200001,-89.512001,1.51));
#15202 = DIRECTION('',(-0.,0.,-1.));
#15203 = DIRECTION('',(-0.,-1.,0.));
#15204 = ORIENTED_EDGE('',*,*,#15205,.T.);
#15205 = EDGE_CURVE('',#15197,#15206,#15208,.T.);
#15206 = VERTEX_POINT('',#15207);
#15207 = CARTESIAN_POINT('',(132.200001,-90.512001,1.51));
#15208 = LINE('',#15209,#15210);
#15209 = CARTESIAN_POINT('',(66.1000005,-90.512001,1.51));
#15210 = VECTOR('',#15211,1.);
#15211 = DIRECTION('',(-1.,0.,0.));
#15212 = ORIENTED_EDGE('',*,*,#15213,.T.);
#15213 = EDGE_CURVE('',#15206,#15214,#15216,.T.);
#15214 = VERTEX_POINT('',#15215);
#15215 = CARTESIAN_POINT('',(132.200001,-88.512001,1.51));
#15216 = CIRCLE('',#15217,1.);
#15217 = AXIS2_PLACEMENT_3D('',#15218,#15219,#15220);
#15218 = CARTESIAN_POINT('',(132.200001,-89.512001,1.51));
#15219 = DIRECTION('',(-0.,0.,-1.));
#15220 = DIRECTION('',(0.,1.,0.));
#15221 = ORIENTED_EDGE('',*,*,#15222,.T.);
#15222 = EDGE_CURVE('',#15214,#15195,#15223,.T.);
#15223 = LINE('',#15224,#15225);
#15224 = CARTESIAN_POINT('',(68.1000005,-88.512001,1.51));
#15225 = VECTOR('',#15226,1.);
#15226 = DIRECTION('',(1.,0.,-0.));
#15227 = FACE_BOUND('',#15228,.T.);
#15228 = EDGE_LOOP('',(#15229));
#15229 = ORIENTED_EDGE('',*,*,#15230,.T.);
#15230 = EDGE_CURVE('',#15231,#15231,#15233,.T.);
#15231 = VERTEX_POINT('',#15232);
#15232 = CARTESIAN_POINT('',(130.250001,-89.132001,1.51));
#15233 = CIRCLE('',#15234,0.25);
#15234 = AXIS2_PLACEMENT_3D('',#15235,#15236,#15237);
#15235 = CARTESIAN_POINT('',(130.250001,-88.882001,1.51));
#15236 = DIRECTION('',(-0.,0.,-1.));
#15237 = DIRECTION('',(-0.,-1.,0.));
#15238 = FACE_BOUND('',#15239,.T.);
#15239 = EDGE_LOOP('',(#15240));
#15240 = ORIENTED_EDGE('',*,*,#15241,.T.);
#15241 = EDGE_CURVE('',#15242,#15242,#15244,.T.);
#15242 = VERTEX_POINT('',#15243);
#15243 = CARTESIAN_POINT('',(131.000001,-88.102001,1.51));
#15244 = CIRCLE('',#15245,0.25);
#15245 = AXIS2_PLACEMENT_3D('',#15246,#15247,#15248);
#15246 = CARTESIAN_POINT('',(131.000001,-87.852001,1.51));
#15247 = DIRECTION('',(-0.,0.,-1.));
#15248 = DIRECTION('',(-0.,-1.,0.));
#15249 = FACE_BOUND('',#15250,.T.);
#15250 = EDGE_LOOP('',(#15251));
#15251 = ORIENTED_EDGE('',*,*,#15252,.T.);
#15252 = EDGE_CURVE('',#15253,#15253,#15255,.T.);
#15253 = VERTEX_POINT('',#15254);
#15254 = CARTESIAN_POINT('',(132.200001,-87.712001,1.51));
#15255 = CIRCLE('',#15256,0.25);
#15256 = AXIS2_PLACEMENT_3D('',#15257,#15258,#15259);
#15257 = CARTESIAN_POINT('',(132.200001,-87.462001,1.51));
#15258 = DIRECTION('',(-0.,0.,-1.));
#15259 = DIRECTION('',(-0.,-1.,0.));
#15260 = FACE_BOUND('',#15261,.T.);
#15261 = EDGE_LOOP('',(#15262));
#15262 = ORIENTED_EDGE('',*,*,#15263,.T.);
#15263 = EDGE_CURVE('',#15264,#15264,#15266,.T.);
#15264 = VERTEX_POINT('',#15265);
#15265 = CARTESIAN_POINT('',(133.530001,-87.712001,1.51));
#15266 = CIRCLE('',#15267,0.25);
#15267 = AXIS2_PLACEMENT_3D('',#15268,#15269,#15270);
#15268 = CARTESIAN_POINT('',(133.530001,-87.462001,1.51));
#15269 = DIRECTION('',(-0.,0.,-1.));
#15270 = DIRECTION('',(-0.,-1.,0.));
#15271 = FACE_BOUND('',#15272,.T.);
#15272 = EDGE_LOOP('',(#15273));
#15273 = ORIENTED_EDGE('',*,*,#15274,.T.);
#15274 = EDGE_CURVE('',#15275,#15275,#15277,.T.);
#15275 = VERTEX_POINT('',#15276);
#15276 = CARTESIAN_POINT('',(134.870001,-87.712001,1.51));
#15277 = CIRCLE('',#15278,0.25);
#15278 = AXIS2_PLACEMENT_3D('',#15279,#15280,#15281);
#15279 = CARTESIAN_POINT('',(134.870001,-87.462001,1.51));
#15280 = DIRECTION('',(-0.,0.,-1.));
#15281 = DIRECTION('',(-0.,-1.,0.));
#15282 = FACE_BOUND('',#15283,.T.);
#15283 = EDGE_LOOP('',(#15284));
#15284 = ORIENTED_EDGE('',*,*,#15285,.T.);
#15285 = EDGE_CURVE('',#15286,#15286,#15288,.T.);
#15286 = VERTEX_POINT('',#15287);
#15287 = CARTESIAN_POINT('',(124.000001,-86.000001,1.51));
#15288 = CIRCLE('',#15289,2.);
#15289 = AXIS2_PLACEMENT_3D('',#15290,#15291,#15292);
#15290 = CARTESIAN_POINT('',(124.000001,-84.000001,1.51));
#15291 = DIRECTION('',(-0.,0.,-1.));
#15292 = DIRECTION('',(-0.,-1.,0.));
#15293 = FACE_BOUND('',#15294,.T.);
#15294 = EDGE_LOOP('',(#15295));
#15295 = ORIENTED_EDGE('',*,*,#15296,.T.);
#15296 = EDGE_CURVE('',#15297,#15297,#15299,.T.);
#15297 = VERTEX_POINT('',#15298);
#15298 = CARTESIAN_POINT('',(136.200001,-91.812001,1.51));
#15299 = CIRCLE('',#15300,0.25);
#15300 = AXIS2_PLACEMENT_3D('',#15301,#15302,#15303);
#15301 = CARTESIAN_POINT('',(136.200001,-91.562001,1.51));
#15302 = DIRECTION('',(-0.,0.,-1.));
#15303 = DIRECTION('',(-0.,-1.,0.));
#15304 = FACE_BOUND('',#15305,.T.);
#15305 = EDGE_LOOP('',(#15306));
#15306 = ORIENTED_EDGE('',*,*,#15307,.T.);
#15307 = EDGE_CURVE('',#15308,#15308,#15310,.T.);
#15308 = VERTEX_POINT('',#15309);
#15309 = CARTESIAN_POINT('',(137.400001,-91.422001,1.51));
#15310 = CIRCLE('',#15311,0.25);
#15311 = AXIS2_PLACEMENT_3D('',#15312,#15313,#15314);
#15312 = CARTESIAN_POINT('',(137.400001,-91.172001,1.51));
#15313 = DIRECTION('',(-0.,0.,-1.));
#15314 = DIRECTION('',(-0.,-1.,0.));
#15315 = FACE_BOUND('',#15316,.T.);
#15316 = EDGE_LOOP('',(#15317));
#15317 = ORIENTED_EDGE('',*,*,#15318,.T.);
#15318 = EDGE_CURVE('',#15319,#15319,#15321,.T.);
#15319 = VERTEX_POINT('',#15320);
#15320 = CARTESIAN_POINT('',(138.150001,-90.392001,1.51));
#15321 = CIRCLE('',#15322,0.25);
#15322 = AXIS2_PLACEMENT_3D('',#15323,#15324,#15325);
#15323 = CARTESIAN_POINT('',(138.150001,-90.142001,1.51));
#15324 = DIRECTION('',(-0.,0.,-1.));
#15325 = DIRECTION('',(-0.,-1.,0.));
#15326 = FACE_BOUND('',#15327,.T.);
#15327 = EDGE_LOOP('',(#15328));
#15328 = ORIENTED_EDGE('',*,*,#15329,.T.);
#15329 = EDGE_CURVE('',#15330,#15330,#15332,.T.);
#15330 = VERTEX_POINT('',#15331);
#15331 = CARTESIAN_POINT('',(141.000001,-91.422001,1.51));
#15332 = CIRCLE('',#15333,0.25);
#15333 = AXIS2_PLACEMENT_3D('',#15334,#15335,#15336);
#15334 = CARTESIAN_POINT('',(141.000001,-91.172001,1.51));
#15335 = DIRECTION('',(-0.,0.,-1.));
#15336 = DIRECTION('',(-0.,-1.,0.));
#15337 = FACE_BOUND('',#15338,.T.);
#15338 = EDGE_LOOP('',(#15339));
#15339 = ORIENTED_EDGE('',*,*,#15340,.T.);
#15340 = EDGE_CURVE('',#15341,#15341,#15343,.T.);
#15341 = VERTEX_POINT('',#15342);
#15342 = CARTESIAN_POINT('',(142.200001,-91.812001,1.51));
#15343 = CIRCLE('',#15344,0.25);
#15344 = AXIS2_PLACEMENT_3D('',#15345,#15346,#15347);
#15345 = CARTESIAN_POINT('',(142.200001,-91.562001,1.51));
#15346 = DIRECTION('',(-0.,0.,-1.));
#15347 = DIRECTION('',(-0.,-1.,0.));
#15348 = FACE_BOUND('',#15349,.T.);
#15349 = EDGE_LOOP('',(#15350));
#15350 = ORIENTED_EDGE('',*,*,#15351,.T.);
#15351 = EDGE_CURVE('',#15352,#15352,#15354,.T.);
#15352 = VERTEX_POINT('',#15353);
#15353 = CARTESIAN_POINT('',(140.250001,-90.392001,1.51));
#15354 = CIRCLE('',#15355,0.25);
#15355 = AXIS2_PLACEMENT_3D('',#15356,#15357,#15358);
#15356 = CARTESIAN_POINT('',(140.250001,-90.142001,1.51));
#15357 = DIRECTION('',(-0.,0.,-1.));
#15358 = DIRECTION('',(-0.,-1.,0.));
#15359 = FACE_BOUND('',#15360,.T.);
#15360 = EDGE_LOOP('',(#15361));
#15361 = ORIENTED_EDGE('',*,*,#15362,.T.);
#15362 = EDGE_CURVE('',#15363,#15363,#15365,.T.);
#15363 = VERTEX_POINT('',#15364);
#15364 = CARTESIAN_POINT('',(138.150001,-89.132001,1.51));
#15365 = CIRCLE('',#15366,0.25);
#15366 = AXIS2_PLACEMENT_3D('',#15367,#15368,#15369);
#15367 = CARTESIAN_POINT('',(138.150001,-88.882001,1.51));
#15368 = DIRECTION('',(-0.,0.,-1.));
#15369 = DIRECTION('',(-0.,-1.,0.));
#15370 = FACE_BOUND('',#15371,.T.);
#15371 = EDGE_LOOP('',(#15372));
#15372 = ORIENTED_EDGE('',*,*,#15373,.T.);
#15373 = EDGE_CURVE('',#15374,#15374,#15376,.T.);
#15374 = VERTEX_POINT('',#15375);
#15375 = CARTESIAN_POINT('',(136.200001,-87.712001,1.51));
#15376 = CIRCLE('',#15377,0.25);
#15377 = AXIS2_PLACEMENT_3D('',#15378,#15379,#15380);
#15378 = CARTESIAN_POINT('',(136.200001,-87.462001,1.51));
#15379 = DIRECTION('',(-0.,0.,-1.));
#15380 = DIRECTION('',(-0.,-1.,0.));
#15381 = FACE_BOUND('',#15382,.T.);
#15382 = EDGE_LOOP('',(#15383));
#15383 = ORIENTED_EDGE('',*,*,#15384,.T.);
#15384 = EDGE_CURVE('',#15385,#15385,#15387,.T.);
#15385 = VERTEX_POINT('',#15386);
#15386 = CARTESIAN_POINT('',(137.400001,-88.102001,1.51));
#15387 = CIRCLE('',#15388,0.25);
#15388 = AXIS2_PLACEMENT_3D('',#15389,#15390,#15391);
#15389 = CARTESIAN_POINT('',(137.400001,-87.852001,1.51));
#15390 = DIRECTION('',(-0.,0.,-1.));
#15391 = DIRECTION('',(-0.,-1.,0.));
#15392 = FACE_BOUND('',#15393,.T.);
#15393 = EDGE_LOOP('',(#15394));
#15394 = ORIENTED_EDGE('',*,*,#15395,.T.);
#15395 = EDGE_CURVE('',#15396,#15396,#15398,.T.);
#15396 = VERTEX_POINT('',#15397);
#15397 = CARTESIAN_POINT('',(140.250001,-89.132001,1.51));
#15398 = CIRCLE('',#15399,0.25);
#15399 = AXIS2_PLACEMENT_3D('',#15400,#15401,#15402);
#15400 = CARTESIAN_POINT('',(140.250001,-88.882001,1.51));
#15401 = DIRECTION('',(-0.,0.,-1.));
#15402 = DIRECTION('',(-0.,-1.,0.));
#15403 = FACE_BOUND('',#15404,.T.);
#15404 = EDGE_LOOP('',(#15405));
#15405 = ORIENTED_EDGE('',*,*,#15406,.T.);
#15406 = EDGE_CURVE('',#15407,#15407,#15409,.T.);
#15407 = VERTEX_POINT('',#15408);
#15408 = CARTESIAN_POINT('',(141.000001,-88.102001,1.51));
#15409 = CIRCLE('',#15410,0.25);
#15410 = AXIS2_PLACEMENT_3D('',#15411,#15412,#15413);
#15411 = CARTESIAN_POINT('',(141.000001,-87.852001,1.51));
#15412 = DIRECTION('',(-0.,0.,-1.));
#15413 = DIRECTION('',(-0.,-1.,0.));
#15414 = FACE_BOUND('',#15415,.T.);
#15415 = EDGE_LOOP('',(#15416));
#15416 = ORIENTED_EDGE('',*,*,#15417,.T.);
#15417 = EDGE_CURVE('',#15418,#15418,#15420,.T.);
#15418 = VERTEX_POINT('',#15419);
#15419 = CARTESIAN_POINT('',(142.200001,-87.712001,1.51));
#15420 = CIRCLE('',#15421,0.25);
#15421 = AXIS2_PLACEMENT_3D('',#15422,#15423,#15424);
#15422 = CARTESIAN_POINT('',(142.200001,-87.462001,1.51));
#15423 = DIRECTION('',(-0.,0.,-1.));
#15424 = DIRECTION('',(-0.,-1.,0.));
#15425 = FACE_BOUND('',#15426,.T.);
#15426 = EDGE_LOOP('',(#15427));
#15427 = ORIENTED_EDGE('',*,*,#15428,.T.);
#15428 = EDGE_CURVE('',#15429,#15429,#15431,.T.);
#15429 = VERTEX_POINT('',#15430);
#15430 = CARTESIAN_POINT('',(143.530001,-91.812001,1.51));
#15431 = CIRCLE('',#15432,0.25);
#15432 = AXIS2_PLACEMENT_3D('',#15433,#15434,#15435);
#15433 = CARTESIAN_POINT('',(143.530001,-91.562001,1.51));
#15434 = DIRECTION('',(-0.,0.,-1.));
#15435 = DIRECTION('',(-0.,-1.,0.));
#15436 = FACE_BOUND('',#15437,.T.);
#15437 = EDGE_LOOP('',(#15438));
#15438 = ORIENTED_EDGE('',*,*,#15439,.T.);
#15439 = EDGE_CURVE('',#15440,#15440,#15442,.T.);
#15440 = VERTEX_POINT('',#15441);
#15441 = CARTESIAN_POINT('',(144.870001,-91.812001,1.51));
#15442 = CIRCLE('',#15443,0.25);
#15443 = AXIS2_PLACEMENT_3D('',#15444,#15445,#15446);
#15444 = CARTESIAN_POINT('',(144.870001,-91.562001,1.51));
#15445 = DIRECTION('',(-0.,0.,-1.));
#15446 = DIRECTION('',(-0.,-1.,0.));
#15447 = FACE_BOUND('',#15448,.T.);
#15448 = EDGE_LOOP('',(#15449,#15460,#15468,#15477));
#15449 = ORIENTED_EDGE('',*,*,#15450,.T.);
#15450 = EDGE_CURVE('',#15451,#15453,#15455,.T.);
#15451 = VERTEX_POINT('',#15452);
#15452 = CARTESIAN_POINT('',(146.200001,-88.512001,1.51));
#15453 = VERTEX_POINT('',#15454);
#15454 = CARTESIAN_POINT('',(146.200001,-90.512001,1.51));
#15455 = CIRCLE('',#15456,1.);
#15456 = AXIS2_PLACEMENT_3D('',#15457,#15458,#15459);
#15457 = CARTESIAN_POINT('',(146.200001,-89.512001,1.51));
#15458 = DIRECTION('',(-0.,0.,-1.));
#15459 = DIRECTION('',(-0.,-1.,0.));
#15460 = ORIENTED_EDGE('',*,*,#15461,.T.);
#15461 = EDGE_CURVE('',#15453,#15462,#15464,.T.);
#15462 = VERTEX_POINT('',#15463);
#15463 = CARTESIAN_POINT('',(142.200001,-90.512001,1.51));
#15464 = LINE('',#15465,#15466);
#15465 = CARTESIAN_POINT('',(71.1000005,-90.512001,1.51));
#15466 = VECTOR('',#15467,1.);
#15467 = DIRECTION('',(-1.,0.,0.));
#15468 = ORIENTED_EDGE('',*,*,#15469,.T.);
#15469 = EDGE_CURVE('',#15462,#15470,#15472,.T.);
#15470 = VERTEX_POINT('',#15471);
#15471 = CARTESIAN_POINT('',(142.200001,-88.512001,1.51));
#15472 = CIRCLE('',#15473,1.);
#15473 = AXIS2_PLACEMENT_3D('',#15474,#15475,#15476);
#15474 = CARTESIAN_POINT('',(142.200001,-89.512001,1.51));
#15475 = DIRECTION('',(-0.,0.,-1.));
#15476 = DIRECTION('',(0.,1.,0.));
#15477 = ORIENTED_EDGE('',*,*,#15478,.T.);
#15478 = EDGE_CURVE('',#15470,#15451,#15479,.T.);
#15479 = LINE('',#15480,#15481);
#15480 = CARTESIAN_POINT('',(73.1000005,-88.512001,1.51));
#15481 = VECTOR('',#15482,1.);
#15482 = DIRECTION('',(1.,0.,-0.));
#15483 = FACE_BOUND('',#15484,.T.);
#15484 = EDGE_LOOP('',(#15485));
#15485 = ORIENTED_EDGE('',*,*,#15486,.T.);
#15486 = EDGE_CURVE('',#15487,#15487,#15489,.T.);
#15487 = VERTEX_POINT('',#15488);
#15488 = CARTESIAN_POINT('',(146.200001,-91.812001,1.51));
#15489 = CIRCLE('',#15490,0.25);
#15490 = AXIS2_PLACEMENT_3D('',#15491,#15492,#15493);
#15491 = CARTESIAN_POINT('',(146.200001,-91.562001,1.51));
#15492 = DIRECTION('',(-0.,0.,-1.));
#15493 = DIRECTION('',(-0.,-1.,0.));
#15494 = FACE_BOUND('',#15495,.T.);
#15495 = EDGE_LOOP('',(#15496));
#15496 = ORIENTED_EDGE('',*,*,#15497,.T.);
#15497 = EDGE_CURVE('',#15498,#15498,#15500,.T.);
#15498 = VERTEX_POINT('',#15499);
#15499 = CARTESIAN_POINT('',(147.400001,-91.422001,1.51));
#15500 = CIRCLE('',#15501,0.25);
#15501 = AXIS2_PLACEMENT_3D('',#15502,#15503,#15504);
#15502 = CARTESIAN_POINT('',(147.400001,-91.172001,1.51));
#15503 = DIRECTION('',(-0.,0.,-1.));
#15504 = DIRECTION('',(-0.,-1.,0.));
#15505 = FACE_BOUND('',#15506,.T.);
#15506 = EDGE_LOOP('',(#15507));
#15507 = ORIENTED_EDGE('',*,*,#15508,.T.);
#15508 = EDGE_CURVE('',#15509,#15509,#15511,.T.);
#15509 = VERTEX_POINT('',#15510);
#15510 = CARTESIAN_POINT('',(148.150001,-90.392001,1.51));
#15511 = CIRCLE('',#15512,0.25);
#15512 = AXIS2_PLACEMENT_3D('',#15513,#15514,#15515);
#15513 = CARTESIAN_POINT('',(148.150001,-90.142001,1.51));
#15514 = DIRECTION('',(-0.,0.,-1.));
#15515 = DIRECTION('',(-0.,-1.,0.));
#15516 = FACE_BOUND('',#15517,.T.);
#15517 = EDGE_LOOP('',(#15518));
#15518 = ORIENTED_EDGE('',*,*,#15519,.T.);
#15519 = EDGE_CURVE('',#15520,#15520,#15522,.T.);
#15520 = VERTEX_POINT('',#15521);
#15521 = CARTESIAN_POINT('',(143.530001,-87.712001,1.51));
#15522 = CIRCLE('',#15523,0.25);
#15523 = AXIS2_PLACEMENT_3D('',#15524,#15525,#15526);
#15524 = CARTESIAN_POINT('',(143.530001,-87.462001,1.51));
#15525 = DIRECTION('',(-0.,0.,-1.));
#15526 = DIRECTION('',(-0.,-1.,0.));
#15527 = FACE_BOUND('',#15528,.T.);
#15528 = EDGE_LOOP('',(#15529));
#15529 = ORIENTED_EDGE('',*,*,#15530,.T.);
#15530 = EDGE_CURVE('',#15531,#15531,#15533,.T.);
#15531 = VERTEX_POINT('',#15532);
#15532 = CARTESIAN_POINT('',(144.870001,-87.712001,1.51));
#15533 = CIRCLE('',#15534,0.25);
#15534 = AXIS2_PLACEMENT_3D('',#15535,#15536,#15537);
#15535 = CARTESIAN_POINT('',(144.870001,-87.462001,1.51));
#15536 = DIRECTION('',(-0.,0.,-1.));
#15537 = DIRECTION('',(-0.,-1.,0.));
#15538 = FACE_BOUND('',#15539,.T.);
#15539 = EDGE_LOOP('',(#15540));
#15540 = ORIENTED_EDGE('',*,*,#15541,.T.);
#15541 = EDGE_CURVE('',#15542,#15542,#15544,.T.);
#15542 = VERTEX_POINT('',#15543);
#15543 = CARTESIAN_POINT('',(148.150001,-89.132001,1.51));
#15544 = CIRCLE('',#15545,0.25);
#15545 = AXIS2_PLACEMENT_3D('',#15546,#15547,#15548);
#15546 = CARTESIAN_POINT('',(148.150001,-88.882001,1.51));
#15547 = DIRECTION('',(-0.,0.,-1.));
#15548 = DIRECTION('',(-0.,-1.,0.));
#15549 = FACE_BOUND('',#15550,.T.);
#15550 = EDGE_LOOP('',(#15551));
#15551 = ORIENTED_EDGE('',*,*,#15552,.T.);
#15552 = EDGE_CURVE('',#15553,#15553,#15555,.T.);
#15553 = VERTEX_POINT('',#15554);
#15554 = CARTESIAN_POINT('',(146.200001,-87.712001,1.51));
#15555 = CIRCLE('',#15556,0.25);
#15556 = AXIS2_PLACEMENT_3D('',#15557,#15558,#15559);
#15557 = CARTESIAN_POINT('',(146.200001,-87.462001,1.51));
#15558 = DIRECTION('',(-0.,0.,-1.));
#15559 = DIRECTION('',(-0.,-1.,0.));
#15560 = FACE_BOUND('',#15561,.T.);
#15561 = EDGE_LOOP('',(#15562));
#15562 = ORIENTED_EDGE('',*,*,#15563,.T.);
#15563 = EDGE_CURVE('',#15564,#15564,#15566,.T.);
#15564 = VERTEX_POINT('',#15565);
#15565 = CARTESIAN_POINT('',(147.400001,-88.102001,1.51));
#15566 = CIRCLE('',#15567,0.25);
#15567 = AXIS2_PLACEMENT_3D('',#15568,#15569,#15570);
#15568 = CARTESIAN_POINT('',(147.400001,-87.852001,1.51));
#15569 = DIRECTION('',(-0.,0.,-1.));
#15570 = DIRECTION('',(-0.,-1.,0.));
#15571 = FACE_BOUND('',#15572,.T.);
#15572 = EDGE_LOOP('',(#15573));
#15573 = ORIENTED_EDGE('',*,*,#15574,.T.);
#15574 = EDGE_CURVE('',#15575,#15575,#15577,.T.);
#15575 = VERTEX_POINT('',#15576);
#15576 = CARTESIAN_POINT('',(161.200001,-100.100001,1.51));
#15577 = CIRCLE('',#15578,0.6);
#15578 = AXIS2_PLACEMENT_3D('',#15579,#15580,#15581);
#15579 = CARTESIAN_POINT('',(161.200001,-99.500001,1.51));
#15580 = DIRECTION('',(-0.,0.,-1.));
#15581 = DIRECTION('',(-0.,-1.,0.));
#15582 = FACE_BOUND('',#15583,.T.);
#15583 = EDGE_LOOP('',(#15584));
#15584 = ORIENTED_EDGE('',*,*,#15585,.T.);
#15585 = EDGE_CURVE('',#15586,#15586,#15588,.T.);
#15586 = VERTEX_POINT('',#15587);
#15587 = CARTESIAN_POINT('',(161.200001,-92.600001,1.51));
#15588 = CIRCLE('',#15589,0.6);
#15589 = AXIS2_PLACEMENT_3D('',#15590,#15591,#15592);
#15590 = CARTESIAN_POINT('',(161.200001,-92.000001,1.51));
#15591 = DIRECTION('',(-0.,0.,-1.));
#15592 = DIRECTION('',(-0.,-1.,0.));
#15593 = FACE_BOUND('',#15594,.T.);
#15594 = EDGE_LOOP('',(#15595));
#15595 = ORIENTED_EDGE('',*,*,#15596,.T.);
#15596 = EDGE_CURVE('',#15597,#15597,#15599,.T.);
#15597 = VERTEX_POINT('',#15598);
#15598 = CARTESIAN_POINT('',(175.000001,-101.100001,1.51));
#15599 = CIRCLE('',#15600,1.6);
#15600 = AXIS2_PLACEMENT_3D('',#15601,#15602,#15603);
#15601 = CARTESIAN_POINT('',(175.000001,-99.500001,1.51));
#15602 = DIRECTION('',(-0.,0.,-1.));
#15603 = DIRECTION('',(-0.,-1.,0.));
#15604 = FACE_BOUND('',#15605,.T.);
#15605 = EDGE_LOOP('',(#15606));
#15606 = ORIENTED_EDGE('',*,*,#15607,.T.);
#15607 = EDGE_CURVE('',#15608,#15608,#15610,.T.);
#15608 = VERTEX_POINT('',#15609);
#15609 = CARTESIAN_POINT('',(175.000001,-86.000001,1.51));
#15610 = CIRCLE('',#15611,2.);
#15611 = AXIS2_PLACEMENT_3D('',#15612,#15613,#15614);
#15612 = CARTESIAN_POINT('',(175.000001,-84.000001,1.51));
#15613 = DIRECTION('',(-0.,0.,-1.));
#15614 = DIRECTION('',(-0.,-1.,0.));
#15615 = PLANE('',#15616);
#15616 = AXIS2_PLACEMENT_3D('',#15617,#15618,#15619);
#15617 = CARTESIAN_POINT('',(0.,0.,1.51));
#15618 = DIRECTION('',(0.,0.,1.));
#15619 = DIRECTION('',(1.,0.,-0.));
#15620 = ADVANCED_FACE('',(#15621),#15632,.T.);
#15621 = FACE_BOUND('',#15622,.T.);
#15622 = EDGE_LOOP('',(#15623,#15629,#15630,#15631));
#15623 = ORIENTED_EDGE('',*,*,#15624,.T.);
#15624 = EDGE_CURVE('',#14323,#14975,#15625,.T.);
#15625 = LINE('',#15626,#15627);
#15626 = CARTESIAN_POINT('',(116.,-84.,0.));
#15627 = VECTOR('',#15628,1.);
#15628 = DIRECTION('',(0.,0.,1.));
#15629 = ORIENTED_EDGE('',*,*,#14974,.T.);
#15630 = ORIENTED_EDGE('',*,*,#14258,.F.);
#15631 = ORIENTED_EDGE('',*,*,#14322,.F.);
#15632 = CYLINDRICAL_SURFACE('',#15633,8.00000085182);
#15633 = AXIS2_PLACEMENT_3D('',#15634,#15635,#15636);
#15634 = CARTESIAN_POINT('',(124.00000085182,-84.00000085182,0.));
#15635 = DIRECTION('',(0.,0.,-1.));
#15636 = DIRECTION('',(-1.,1.064775372185E-07,0.));
#15637 = ADVANCED_FACE('',(#15638),#15649,.T.);
#15638 = FACE_BOUND('',#15639,.T.);
#15639 = EDGE_LOOP('',(#15640,#15641,#15642,#15648));
#15640 = ORIENTED_EDGE('',*,*,#14298,.T.);
#15641 = ORIENTED_EDGE('',*,*,#15008,.T.);
#15642 = ORIENTED_EDGE('',*,*,#15643,.F.);
#15643 = EDGE_CURVE('',#14349,#15001,#15644,.T.);
#15644 = LINE('',#15645,#15646);
#15645 = CARTESIAN_POINT('',(175.000001,-123.000002,0.));
#15646 = VECTOR('',#15647,1.);
#15647 = DIRECTION('',(0.,0.,1.));
#15648 = ORIENTED_EDGE('',*,*,#14356,.F.);
#15649 = CYLINDRICAL_SURFACE('',#15650,8.00000085182);
#15650 = AXIS2_PLACEMENT_3D('',#15651,#15652,#15653);
#15651 = CARTESIAN_POINT('',(175.00000114818,-115.0000011481,0.));
#15652 = DIRECTION('',(0.,0.,-1.));
#15653 = DIRECTION('',(1.,1.852246691978E-08,0.));
#15654 = ADVANCED_FACE('',(#15655),#15666,.T.);
#15655 = FACE_BOUND('',#15656,.T.);
#15656 = EDGE_LOOP('',(#15657,#15663,#15664,#15665));
#15657 = ORIENTED_EDGE('',*,*,#15658,.T.);
#15658 = EDGE_CURVE('',#14332,#14984,#15659,.T.);
#15659 = LINE('',#15660,#15661);
#15660 = CARTESIAN_POINT('',(116.,-115.000001,0.));
#15661 = VECTOR('',#15662,1.);
#15662 = DIRECTION('',(0.,0.,1.));
#15663 = ORIENTED_EDGE('',*,*,#14983,.T.);
#15664 = ORIENTED_EDGE('',*,*,#15624,.F.);
#15665 = ORIENTED_EDGE('',*,*,#14331,.F.);
#15666 = PLANE('',#15667);
#15667 = AXIS2_PLACEMENT_3D('',#15668,#15669,#15670);
#15668 = CARTESIAN_POINT('',(116.,-115.000001,0.));
#15669 = DIRECTION('',(-1.,0.,0.));
#15670 = DIRECTION('',(0.,1.,0.));
#15671 = ADVANCED_FACE('',(#15672),#15683,.T.);
#15672 = FACE_BOUND('',#15673,.T.);
#15673 = EDGE_LOOP('',(#15674,#15675,#15676,#15682));
#15674 = ORIENTED_EDGE('',*,*,#15643,.T.);
#15675 = ORIENTED_EDGE('',*,*,#15000,.T.);
#15676 = ORIENTED_EDGE('',*,*,#15677,.F.);
#15677 = EDGE_CURVE('',#14340,#14992,#15678,.T.);
#15678 = LINE('',#15679,#15680);
#15679 = CARTESIAN_POINT('',(124.,-123.000002,0.));
#15680 = VECTOR('',#15681,1.);
#15681 = DIRECTION('',(0.,0.,1.));
#15682 = ORIENTED_EDGE('',*,*,#14348,.F.);
#15683 = PLANE('',#15684);
#15684 = AXIS2_PLACEMENT_3D('',#15685,#15686,#15687);
#15685 = CARTESIAN_POINT('',(175.000001,-123.000002,0.));
#15686 = DIRECTION('',(0.,-1.,0.));
#15687 = DIRECTION('',(-1.,0.,0.));
#15688 = ADVANCED_FACE('',(#15689),#15695,.T.);
#15689 = FACE_BOUND('',#15690,.T.);
#15690 = EDGE_LOOP('',(#15691,#15692,#15693,#15694));
#15691 = ORIENTED_EDGE('',*,*,#15677,.T.);
#15692 = ORIENTED_EDGE('',*,*,#14991,.T.);
#15693 = ORIENTED_EDGE('',*,*,#15658,.F.);
#15694 = ORIENTED_EDGE('',*,*,#14339,.F.);
#15695 = CYLINDRICAL_SURFACE('',#15696,8.00000085182);
#15696 = AXIS2_PLACEMENT_3D('',#15697,#15698,#15699);
#15697 = CARTESIAN_POINT('',(124.00000085182,-115.0000011481,0.));
#15698 = DIRECTION('',(0.,0.,-1.));
#15699 = DIRECTION('',(-1.064775301131E-07,-1.,-0.));
#15700 = ADVANCED_FACE('',(#15701),#15712,.F.);
#15701 = FACE_BOUND('',#15702,.T.);
#15702 = EDGE_LOOP('',(#15703,#15704,#15710,#15711));
#15703 = ORIENTED_EDGE('',*,*,#14366,.T.);
#15704 = ORIENTED_EDGE('',*,*,#15705,.T.);
#15705 = EDGE_CURVE('',#14367,#15019,#15706,.T.);
#15706 = LINE('',#15707,#15708);
#15707 = CARTESIAN_POINT('',(124.000001,-117.000001,-4.6E-02));
#15708 = VECTOR('',#15709,1.);
#15709 = DIRECTION('',(0.,0.,1.));
#15710 = ORIENTED_EDGE('',*,*,#15018,.F.);
#15711 = ORIENTED_EDGE('',*,*,#15705,.F.);
#15712 = CYLINDRICAL_SURFACE('',#15713,2.);
#15713 = AXIS2_PLACEMENT_3D('',#15714,#15715,#15716);
#15714 = CARTESIAN_POINT('',(124.000001,-115.000001,-4.6E-02));
#15715 = DIRECTION('',(-0.,-0.,-1.));
#15716 = DIRECTION('',(-0.,-1.,0.));
#15717 = ADVANCED_FACE('',(#15718),#15729,.F.);
#15718 = FACE_BOUND('',#15719,.T.);
#15719 = EDGE_LOOP('',(#15720,#15721,#15727,#15728));
#15720 = ORIENTED_EDGE('',*,*,#14377,.T.);
#15721 = ORIENTED_EDGE('',*,*,#15722,.T.);
#15722 = EDGE_CURVE('',#14378,#15030,#15723,.T.);
#15723 = LINE('',#15724,#15725);
#15724 = CARTESIAN_POINT('',(136.7,-120.275,-4.6E-02));
#15725 = VECTOR('',#15726,1.);
#15726 = DIRECTION('',(0.,0.,1.));
#15727 = ORIENTED_EDGE('',*,*,#15029,.F.);
#15728 = ORIENTED_EDGE('',*,*,#15722,.F.);
#15729 = CYLINDRICAL_SURFACE('',#15730,0.475);
#15730 = AXIS2_PLACEMENT_3D('',#15731,#15732,#15733);
#15731 = CARTESIAN_POINT('',(136.7,-119.8,-4.6E-02));
#15732 = DIRECTION('',(-0.,-0.,-1.));
#15733 = DIRECTION('',(-0.,-1.,0.));
#15734 = ADVANCED_FACE('',(#15735),#15746,.F.);
#15735 = FACE_BOUND('',#15736,.T.);
#15736 = EDGE_LOOP('',(#15737,#15738,#15744,#15745));
#15737 = ORIENTED_EDGE('',*,*,#14388,.T.);
#15738 = ORIENTED_EDGE('',*,*,#15739,.T.);
#15739 = EDGE_CURVE('',#14389,#15041,#15740,.T.);
#15740 = LINE('',#15741,#15742);
#15741 = CARTESIAN_POINT('',(139.2,-120.275,-4.6E-02));
#15742 = VECTOR('',#15743,1.);
#15743 = DIRECTION('',(0.,0.,1.));
#15744 = ORIENTED_EDGE('',*,*,#15040,.F.);
#15745 = ORIENTED_EDGE('',*,*,#15739,.F.);
#15746 = CYLINDRICAL_SURFACE('',#15747,0.475);
#15747 = AXIS2_PLACEMENT_3D('',#15748,#15749,#15750);
#15748 = CARTESIAN_POINT('',(139.2,-119.8,-4.6E-02));
#15749 = DIRECTION('',(-0.,-0.,-1.));
#15750 = DIRECTION('',(-0.,-1.,0.));
#15751 = ADVANCED_FACE('',(#15752),#15763,.F.);
#15752 = FACE_BOUND('',#15753,.T.);
#15753 = EDGE_LOOP('',(#15754,#15755,#15761,#15762));
#15754 = ORIENTED_EDGE('',*,*,#14399,.T.);
#15755 = ORIENTED_EDGE('',*,*,#15756,.T.);
#15756 = EDGE_CURVE('',#14400,#15052,#15757,.T.);
#15757 = LINE('',#15758,#15759);
#15758 = CARTESIAN_POINT('',(141.7,-120.275,-4.6E-02));
#15759 = VECTOR('',#15760,1.);
#15760 = DIRECTION('',(0.,0.,1.));
#15761 = ORIENTED_EDGE('',*,*,#15051,.F.);
#15762 = ORIENTED_EDGE('',*,*,#15756,.F.);
#15763 = CYLINDRICAL_SURFACE('',#15764,0.475);
#15764 = AXIS2_PLACEMENT_3D('',#15765,#15766,#15767);
#15765 = CARTESIAN_POINT('',(141.7,-119.8,-4.6E-02));
#15766 = DIRECTION('',(-0.,-0.,-1.));
#15767 = DIRECTION('',(-0.,-1.,0.));
#15768 = ADVANCED_FACE('',(#15769),#15780,.F.);
#15769 = FACE_BOUND('',#15770,.T.);
#15770 = EDGE_LOOP('',(#15771,#15772,#15778,#15779));
#15771 = ORIENTED_EDGE('',*,*,#14410,.T.);
#15772 = ORIENTED_EDGE('',*,*,#15773,.T.);
#15773 = EDGE_CURVE('',#14411,#15063,#15774,.T.);
#15774 = LINE('',#15775,#15776);
#15775 = CARTESIAN_POINT('',(137.290001,-111.312001,-4.6E-02));
#15776 = VECTOR('',#15777,1.);
#15777 = DIRECTION('',(0.,0.,1.));
#15778 = ORIENTED_EDGE('',*,*,#15062,.F.);
#15779 = ORIENTED_EDGE('',*,*,#15773,.F.);
#15780 = CYLINDRICAL_SURFACE('',#15781,0.4);
#15781 = AXIS2_PLACEMENT_3D('',#15782,#15783,#15784);
#15782 = CARTESIAN_POINT('',(137.290001,-110.912001,-4.6E-02));
#15783 = DIRECTION('',(-0.,-0.,-1.));
#15784 = DIRECTION('',(-7.105427357601E-14,-1.,0.));
#15785 = ADVANCED_FACE('',(#15786),#15797,.F.);
#15786 = FACE_BOUND('',#15787,.T.);
#15787 = EDGE_LOOP('',(#15788,#15789,#15795,#15796));
#15788 = ORIENTED_EDGE('',*,*,#14421,.T.);
#15789 = ORIENTED_EDGE('',*,*,#15790,.T.);
#15790 = EDGE_CURVE('',#14422,#15074,#15791,.T.);
#15791 = LINE('',#15792,#15793);
#15792 = CARTESIAN_POINT('',(139.200001,-111.312001,-4.6E-02));
#15793 = VECTOR('',#15794,1.);
#15794 = DIRECTION('',(0.,0.,1.));
#15795 = ORIENTED_EDGE('',*,*,#15073,.F.);
#15796 = ORIENTED_EDGE('',*,*,#15790,.F.);
#15797 = CYLINDRICAL_SURFACE('',#15798,0.4);
#15798 = AXIS2_PLACEMENT_3D('',#15799,#15800,#15801);
#15799 = CARTESIAN_POINT('',(139.200001,-110.912001,-4.6E-02));
#15800 = DIRECTION('',(-0.,-0.,-1.));
#15801 = DIRECTION('',(-0.,-1.,0.));
#15802 = ADVANCED_FACE('',(#15803),#15814,.F.);
#15803 = FACE_BOUND('',#15804,.T.);
#15804 = EDGE_LOOP('',(#15805,#15806,#15812,#15813));
#15805 = ORIENTED_EDGE('',*,*,#14432,.T.);
#15806 = ORIENTED_EDGE('',*,*,#15807,.T.);
#15807 = EDGE_CURVE('',#14433,#15085,#15808,.T.);
#15808 = LINE('',#15809,#15810);
#15809 = CARTESIAN_POINT('',(141.110001,-111.312001,-4.6E-02));
#15810 = VECTOR('',#15811,1.);
#15811 = DIRECTION('',(0.,0.,1.));
#15812 = ORIENTED_EDGE('',*,*,#15084,.F.);
#15813 = ORIENTED_EDGE('',*,*,#15807,.F.);
#15814 = CYLINDRICAL_SURFACE('',#15815,0.4);
#15815 = AXIS2_PLACEMENT_3D('',#15816,#15817,#15818);
#15816 = CARTESIAN_POINT('',(141.110001,-110.912001,-4.6E-02));
#15817 = DIRECTION('',(-0.,-0.,-1.));
#15818 = DIRECTION('',(-0.,-1.,0.));
#15819 = ADVANCED_FACE('',(#15820),#15831,.F.);
#15820 = FACE_BOUND('',#15821,.T.);
#15821 = EDGE_LOOP('',(#15822,#15823,#15829,#15830));
#15822 = ORIENTED_EDGE('',*,*,#14443,.T.);
#15823 = ORIENTED_EDGE('',*,*,#15824,.T.);
#15824 = EDGE_CURVE('',#14444,#15096,#15825,.T.);
#15825 = LINE('',#15826,#15827);
#15826 = CARTESIAN_POINT('',(157.155001,-118.172501,-4.6E-02));
#15827 = VECTOR('',#15828,1.);
#15828 = DIRECTION('',(0.,0.,1.));
#15829 = ORIENTED_EDGE('',*,*,#15095,.F.);
#15830 = ORIENTED_EDGE('',*,*,#15824,.F.);
#15831 = CYLINDRICAL_SURFACE('',#15832,0.65);
#15832 = AXIS2_PLACEMENT_3D('',#15833,#15834,#15835);
#15833 = CARTESIAN_POINT('',(157.155001,-117.522501,-4.6E-02));
#15834 = DIRECTION('',(-0.,-0.,-1.));
#15835 = DIRECTION('',(-0.,-1.,0.));
#15836 = ADVANCED_FACE('',(#15837),#15848,.F.);
#15837 = FACE_BOUND('',#15838,.T.);
#15838 = EDGE_LOOP('',(#15839,#15840,#15846,#15847));
#15839 = ORIENTED_EDGE('',*,*,#14454,.T.);
#15840 = ORIENTED_EDGE('',*,*,#15841,.T.);
#15841 = EDGE_CURVE('',#14455,#15107,#15842,.T.);
#15842 = LINE('',#15843,#15844);
#15843 = CARTESIAN_POINT('',(162.235001,-118.172501,-4.6E-02));
#15844 = VECTOR('',#15845,1.);
#15845 = DIRECTION('',(0.,0.,1.));
#15846 = ORIENTED_EDGE('',*,*,#15106,.F.);
#15847 = ORIENTED_EDGE('',*,*,#15841,.F.);
#15848 = CYLINDRICAL_SURFACE('',#15849,0.65);
#15849 = AXIS2_PLACEMENT_3D('',#15850,#15851,#15852);
#15850 = CARTESIAN_POINT('',(162.235001,-117.522501,-4.6E-02));
#15851 = DIRECTION('',(-0.,-0.,-1.));
#15852 = DIRECTION('',(-0.,-1.,0.));
#15853 = ADVANCED_FACE('',(#15854),#15865,.F.);
#15854 = FACE_BOUND('',#15855,.T.);
#15855 = EDGE_LOOP('',(#15856,#15857,#15863,#15864));
#15856 = ORIENTED_EDGE('',*,*,#14465,.T.);
#15857 = ORIENTED_EDGE('',*,*,#15858,.T.);
#15858 = EDGE_CURVE('',#14466,#15118,#15859,.T.);
#15859 = LINE('',#15860,#15861);
#15860 = CARTESIAN_POINT('',(175.000001,-117.000001,-4.6E-02));
#15861 = VECTOR('',#15862,1.);
#15862 = DIRECTION('',(0.,0.,1.));
#15863 = ORIENTED_EDGE('',*,*,#15117,.F.);
#15864 = ORIENTED_EDGE('',*,*,#15858,.F.);
#15865 = CYLINDRICAL_SURFACE('',#15866,2.);
#15866 = AXIS2_PLACEMENT_3D('',#15867,#15868,#15869);
#15867 = CARTESIAN_POINT('',(175.000001,-115.000001,-4.6E-02));
#15868 = DIRECTION('',(-0.,-0.,-1.));
#15869 = DIRECTION('',(-0.,-1.,0.));
#15870 = ADVANCED_FACE('',(#15871),#15882,.F.);
#15871 = FACE_BOUND('',#15872,.T.);
#15872 = EDGE_LOOP('',(#15873,#15874,#15880,#15881));
#15873 = ORIENTED_EDGE('',*,*,#14476,.T.);
#15874 = ORIENTED_EDGE('',*,*,#15875,.T.);
#15875 = EDGE_CURVE('',#14477,#15129,#15876,.T.);
#15876 = LINE('',#15877,#15878);
#15877 = CARTESIAN_POINT('',(124.000001,-101.100001,-4.6E-02));
#15878 = VECTOR('',#15879,1.);
#15879 = DIRECTION('',(0.,0.,1.));
#15880 = ORIENTED_EDGE('',*,*,#15128,.F.);
#15881 = ORIENTED_EDGE('',*,*,#15875,.F.);
#15882 = CYLINDRICAL_SURFACE('',#15883,1.6);
#15883 = AXIS2_PLACEMENT_3D('',#15884,#15885,#15886);
#15884 = CARTESIAN_POINT('',(124.000001,-99.500001,-4.6E-02));
#15885 = DIRECTION('',(-0.,-0.,-1.));
#15886 = DIRECTION('',(-0.,-1.,0.));
#15887 = ADVANCED_FACE('',(#15888),#15899,.F.);
#15888 = FACE_BOUND('',#15889,.T.);
#15889 = EDGE_LOOP('',(#15890,#15891,#15897,#15898));
#15890 = ORIENTED_EDGE('',*,*,#14487,.T.);
#15891 = ORIENTED_EDGE('',*,*,#15892,.T.);
#15892 = EDGE_CURVE('',#14488,#15140,#15893,.T.);
#15893 = LINE('',#15894,#15895);
#15894 = CARTESIAN_POINT('',(131.000001,-91.422001,-4.6E-02));
#15895 = VECTOR('',#15896,1.);
#15896 = DIRECTION('',(0.,0.,1.));
#15897 = ORIENTED_EDGE('',*,*,#15139,.F.);
#15898 = ORIENTED_EDGE('',*,*,#15892,.F.);
#15899 = CYLINDRICAL_SURFACE('',#15900,0.25);
#15900 = AXIS2_PLACEMENT_3D('',#15901,#15902,#15903);
#15901 = CARTESIAN_POINT('',(131.000001,-91.172001,-4.6E-02));
#15902 = DIRECTION('',(-0.,-0.,-1.));
#15903 = DIRECTION('',(-0.,-1.,0.));
#15904 = ADVANCED_FACE('',(#15905),#15916,.F.);
#15905 = FACE_BOUND('',#15906,.T.);
#15906 = EDGE_LOOP('',(#15907,#15908,#15914,#15915));
#15907 = ORIENTED_EDGE('',*,*,#14498,.T.);
#15908 = ORIENTED_EDGE('',*,*,#15909,.T.);
#15909 = EDGE_CURVE('',#14499,#15151,#15910,.T.);
#15910 = LINE('',#15911,#15912);
#15911 = CARTESIAN_POINT('',(132.200001,-91.812001,-4.6E-02));
#15912 = VECTOR('',#15913,1.);
#15913 = DIRECTION('',(0.,0.,1.));
#15914 = ORIENTED_EDGE('',*,*,#15150,.F.);
#15915 = ORIENTED_EDGE('',*,*,#15909,.F.);
#15916 = CYLINDRICAL_SURFACE('',#15917,0.25);
#15917 = AXIS2_PLACEMENT_3D('',#15918,#15919,#15920);
#15918 = CARTESIAN_POINT('',(132.200001,-91.562001,-4.6E-02));
#15919 = DIRECTION('',(-0.,-0.,-1.));
#15920 = DIRECTION('',(-0.,-1.,0.));
#15921 = ADVANCED_FACE('',(#15922),#15933,.F.);
#15922 = FACE_BOUND('',#15923,.T.);
#15923 = EDGE_LOOP('',(#15924,#15925,#15931,#15932));
#15924 = ORIENTED_EDGE('',*,*,#14509,.T.);
#15925 = ORIENTED_EDGE('',*,*,#15926,.T.);
#15926 = EDGE_CURVE('',#14510,#15162,#15927,.T.);
#15927 = LINE('',#15928,#15929);
#15928 = CARTESIAN_POINT('',(130.250001,-90.392001,-4.6E-02));
#15929 = VECTOR('',#15930,1.);
#15930 = DIRECTION('',(0.,0.,1.));
#15931 = ORIENTED_EDGE('',*,*,#15161,.F.);
#15932 = ORIENTED_EDGE('',*,*,#15926,.F.);
#15933 = CYLINDRICAL_SURFACE('',#15934,0.25);
#15934 = AXIS2_PLACEMENT_3D('',#15935,#15936,#15937);
#15935 = CARTESIAN_POINT('',(130.250001,-90.142001,-4.6E-02));
#15936 = DIRECTION('',(-0.,-0.,-1.));
#15937 = DIRECTION('',(-0.,-1.,0.));
#15938 = ADVANCED_FACE('',(#15939),#15950,.F.);
#15939 = FACE_BOUND('',#15940,.T.);
#15940 = EDGE_LOOP('',(#15941,#15942,#15948,#15949));
#15941 = ORIENTED_EDGE('',*,*,#14520,.T.);
#15942 = ORIENTED_EDGE('',*,*,#15943,.T.);
#15943 = EDGE_CURVE('',#14521,#15173,#15944,.T.);
#15944 = LINE('',#15945,#15946);
#15945 = CARTESIAN_POINT('',(133.530001,-91.812001,-4.6E-02));
#15946 = VECTOR('',#15947,1.);
#15947 = DIRECTION('',(0.,0.,1.));
#15948 = ORIENTED_EDGE('',*,*,#15172,.F.);
#15949 = ORIENTED_EDGE('',*,*,#15943,.F.);
#15950 = CYLINDRICAL_SURFACE('',#15951,0.25);
#15951 = AXIS2_PLACEMENT_3D('',#15952,#15953,#15954);
#15952 = CARTESIAN_POINT('',(133.530001,-91.562001,-4.6E-02));
#15953 = DIRECTION('',(-0.,-0.,-1.));
#15954 = DIRECTION('',(-0.,-1.,0.));
#15955 = ADVANCED_FACE('',(#15956),#15967,.F.);
#15956 = FACE_BOUND('',#15957,.T.);
#15957 = EDGE_LOOP('',(#15958,#15959,#15965,#15966));
#15958 = ORIENTED_EDGE('',*,*,#14531,.T.);
#15959 = ORIENTED_EDGE('',*,*,#15960,.T.);
#15960 = EDGE_CURVE('',#14532,#15184,#15961,.T.);
#15961 = LINE('',#15962,#15963);
#15962 = CARTESIAN_POINT('',(134.870001,-91.812001,-4.6E-02));
#15963 = VECTOR('',#15964,1.);
#15964 = DIRECTION('',(0.,0.,1.));
#15965 = ORIENTED_EDGE('',*,*,#15183,.F.);
#15966 = ORIENTED_EDGE('',*,*,#15960,.F.);
#15967 = CYLINDRICAL_SURFACE('',#15968,0.25);
#15968 = AXIS2_PLACEMENT_3D('',#15969,#15970,#15971);
#15969 = CARTESIAN_POINT('',(134.870001,-91.562001,-4.6E-02));
#15970 = DIRECTION('',(-0.,-0.,-1.));
#15971 = DIRECTION('',(-0.,-1.,0.));
#15972 = ADVANCED_FACE('',(#15973),#15989,.F.);
#15973 = FACE_BOUND('',#15974,.T.);
#15974 = EDGE_LOOP('',(#15975,#15976,#15982,#15983));
#15975 = ORIENTED_EDGE('',*,*,#14542,.T.);
#15976 = ORIENTED_EDGE('',*,*,#15977,.T.);
#15977 = EDGE_CURVE('',#14545,#15197,#15978,.T.);
#15978 = LINE('',#15979,#15980);
#15979 = CARTESIAN_POINT('',(136.200001,-90.512001,-4.6E-02));
#15980 = VECTOR('',#15981,1.);
#15981 = DIRECTION('',(0.,0.,1.));
#15982 = ORIENTED_EDGE('',*,*,#15194,.F.);
#15983 = ORIENTED_EDGE('',*,*,#15984,.F.);
#15984 = EDGE_CURVE('',#14543,#15195,#15985,.T.);
#15985 = LINE('',#15986,#15987);
#15986 = CARTESIAN_POINT('',(136.200001,-88.512001,-4.6E-02));
#15987 = VECTOR('',#15988,1.);
#15988 = DIRECTION('',(0.,0.,1.));
#15989 = CYLINDRICAL_SURFACE('',#15990,1.);
#15990 = AXIS2_PLACEMENT_3D('',#15991,#15992,#15993);
#15991 = CARTESIAN_POINT('',(136.200001,-89.512001,-4.6E-02));
#15992 = DIRECTION('',(-0.,-0.,-1.));
#15993 = DIRECTION('',(-0.,-1.,0.));
#15994 = ADVANCED_FACE('',(#15995),#16006,.T.);
#15995 = FACE_BOUND('',#15996,.T.);
#15996 = EDGE_LOOP('',(#15997,#15998,#15999,#16000));
#15997 = ORIENTED_EDGE('',*,*,#14570,.T.);
#15998 = ORIENTED_EDGE('',*,*,#15984,.T.);
#15999 = ORIENTED_EDGE('',*,*,#15222,.F.);
#16000 = ORIENTED_EDGE('',*,*,#16001,.F.);
#16001 = EDGE_CURVE('',#14562,#15214,#16002,.T.);
#16002 = LINE('',#16003,#16004);
#16003 = CARTESIAN_POINT('',(132.200001,-88.512001,-4.6E-02));
#16004 = VECTOR('',#16005,1.);
#16005 = DIRECTION('',(0.,0.,1.));
#16006 = PLANE('',#16007);
#16007 = AXIS2_PLACEMENT_3D('',#16008,#16009,#16010);
#16008 = CARTESIAN_POINT('',(136.200001,-88.512001,-4.6E-02));
#16009 = DIRECTION('',(0.,-1.,0.));
#16010 = DIRECTION('',(-1.,0.,0.));
#16011 = ADVANCED_FACE('',(#16012),#16023,.F.);
#16012 = FACE_BOUND('',#16013,.T.);
#16013 = EDGE_LOOP('',(#16014,#16015,#16016,#16017));
#16014 = ORIENTED_EDGE('',*,*,#14561,.T.);
#16015 = ORIENTED_EDGE('',*,*,#16001,.T.);
#16016 = ORIENTED_EDGE('',*,*,#15213,.F.);
#16017 = ORIENTED_EDGE('',*,*,#16018,.F.);
#16018 = EDGE_CURVE('',#14554,#15206,#16019,.T.);
#16019 = LINE('',#16020,#16021);
#16020 = CARTESIAN_POINT('',(132.200001,-90.512001,-4.6E-02));
#16021 = VECTOR('',#16022,1.);
#16022 = DIRECTION('',(0.,0.,1.));
#16023 = CYLINDRICAL_SURFACE('',#16024,1.);
#16024 = AXIS2_PLACEMENT_3D('',#16025,#16026,#16027);
#16025 = CARTESIAN_POINT('',(132.200001,-89.512001,-4.6E-02));
#16026 = DIRECTION('',(-0.,0.,-1.));
#16027 = DIRECTION('',(0.,1.,0.));
#16028 = ADVANCED_FACE('',(#16029),#16035,.T.);
#16029 = FACE_BOUND('',#16030,.T.);
#16030 = EDGE_LOOP('',(#16031,#16032,#16033,#16034));
#16031 = ORIENTED_EDGE('',*,*,#14553,.T.);
#16032 = ORIENTED_EDGE('',*,*,#16018,.T.);
#16033 = ORIENTED_EDGE('',*,*,#15205,.F.);
#16034 = ORIENTED_EDGE('',*,*,#15977,.F.);
#16035 = PLANE('',#16036);
#16036 = AXIS2_PLACEMENT_3D('',#16037,#16038,#16039);
#16037 = CARTESIAN_POINT('',(132.200001,-90.512001,-4.6E-02));
#16038 = DIRECTION('',(0.,1.,0.));
#16039 = DIRECTION('',(1.,0.,0.));
#16040 = ADVANCED_FACE('',(#16041),#16052,.F.);
#16041 = FACE_BOUND('',#16042,.T.);
#16042 = EDGE_LOOP('',(#16043,#16044,#16050,#16051));
#16043 = ORIENTED_EDGE('',*,*,#14578,.T.);
#16044 = ORIENTED_EDGE('',*,*,#16045,.T.);
#16045 = EDGE_CURVE('',#14579,#15231,#16046,.T.);
#16046 = LINE('',#16047,#16048);
#16047 = CARTESIAN_POINT('',(130.250001,-89.132001,-4.6E-02));
#16048 = VECTOR('',#16049,1.);
#16049 = DIRECTION('',(0.,0.,1.));
#16050 = ORIENTED_EDGE('',*,*,#15230,.F.);
#16051 = ORIENTED_EDGE('',*,*,#16045,.F.);
#16052 = CYLINDRICAL_SURFACE('',#16053,0.25);
#16053 = AXIS2_PLACEMENT_3D('',#16054,#16055,#16056);
#16054 = CARTESIAN_POINT('',(130.250001,-88.882001,-4.6E-02));
#16055 = DIRECTION('',(-0.,-0.,-1.));
#16056 = DIRECTION('',(-0.,-1.,0.));
#16057 = ADVANCED_FACE('',(#16058),#16069,.F.);
#16058 = FACE_BOUND('',#16059,.T.);
#16059 = EDGE_LOOP('',(#16060,#16061,#16067,#16068));
#16060 = ORIENTED_EDGE('',*,*,#14589,.T.);
#16061 = ORIENTED_EDGE('',*,*,#16062,.T.);
#16062 = EDGE_CURVE('',#14590,#15242,#16063,.T.);
#16063 = LINE('',#16064,#16065);
#16064 = CARTESIAN_POINT('',(131.000001,-88.102001,-4.6E-02));
#16065 = VECTOR('',#16066,1.);
#16066 = DIRECTION('',(0.,0.,1.));
#16067 = ORIENTED_EDGE('',*,*,#15241,.F.);
#16068 = ORIENTED_EDGE('',*,*,#16062,.F.);
#16069 = CYLINDRICAL_SURFACE('',#16070,0.25);
#16070 = AXIS2_PLACEMENT_3D('',#16071,#16072,#16073);
#16071 = CARTESIAN_POINT('',(131.000001,-87.852001,-4.6E-02));
#16072 = DIRECTION('',(-0.,-0.,-1.));
#16073 = DIRECTION('',(-0.,-1.,0.));
#16074 = ADVANCED_FACE('',(#16075),#16086,.F.);
#16075 = FACE_BOUND('',#16076,.T.);
#16076 = EDGE_LOOP('',(#16077,#16078,#16084,#16085));
#16077 = ORIENTED_EDGE('',*,*,#14600,.T.);
#16078 = ORIENTED_EDGE('',*,*,#16079,.T.);
#16079 = EDGE_CURVE('',#14601,#15253,#16080,.T.);
#16080 = LINE('',#16081,#16082);
#16081 = CARTESIAN_POINT('',(132.200001,-87.712001,-4.6E-02));
#16082 = VECTOR('',#16083,1.);
#16083 = DIRECTION('',(0.,0.,1.));
#16084 = ORIENTED_EDGE('',*,*,#15252,.F.);
#16085 = ORIENTED_EDGE('',*,*,#16079,.F.);
#16086 = CYLINDRICAL_SURFACE('',#16087,0.25);
#16087 = AXIS2_PLACEMENT_3D('',#16088,#16089,#16090);
#16088 = CARTESIAN_POINT('',(132.200001,-87.462001,-4.6E-02));
#16089 = DIRECTION('',(-0.,-0.,-1.));
#16090 = DIRECTION('',(-0.,-1.,0.));
#16091 = ADVANCED_FACE('',(#16092),#16103,.F.);
#16092 = FACE_BOUND('',#16093,.T.);
#16093 = EDGE_LOOP('',(#16094,#16095,#16101,#16102));
#16094 = ORIENTED_EDGE('',*,*,#14611,.T.);
#16095 = ORIENTED_EDGE('',*,*,#16096,.T.);
#16096 = EDGE_CURVE('',#14612,#15264,#16097,.T.);
#16097 = LINE('',#16098,#16099);
#16098 = CARTESIAN_POINT('',(133.530001,-87.712001,-4.6E-02));
#16099 = VECTOR('',#16100,1.);
#16100 = DIRECTION('',(0.,0.,1.));
#16101 = ORIENTED_EDGE('',*,*,#15263,.F.);
#16102 = ORIENTED_EDGE('',*,*,#16096,.F.);
#16103 = CYLINDRICAL_SURFACE('',#16104,0.25);
#16104 = AXIS2_PLACEMENT_3D('',#16105,#16106,#16107);
#16105 = CARTESIAN_POINT('',(133.530001,-87.462001,-4.6E-02));
#16106 = DIRECTION('',(-0.,-0.,-1.));
#16107 = DIRECTION('',(-0.,-1.,0.));
#16108 = ADVANCED_FACE('',(#16109),#16120,.F.);
#16109 = FACE_BOUND('',#16110,.T.);
#16110 = EDGE_LOOP('',(#16111,#16112,#16118,#16119));
#16111 = ORIENTED_EDGE('',*,*,#14622,.T.);
#16112 = ORIENTED_EDGE('',*,*,#16113,.T.);
#16113 = EDGE_CURVE('',#14623,#15275,#16114,.T.);
#16114 = LINE('',#16115,#16116);
#16115 = CARTESIAN_POINT('',(134.870001,-87.712001,-4.6E-02));
#16116 = VECTOR('',#16117,1.);
#16117 = DIRECTION('',(0.,0.,1.));
#16118 = ORIENTED_EDGE('',*,*,#15274,.F.);
#16119 = ORIENTED_EDGE('',*,*,#16113,.F.);
#16120 = CYLINDRICAL_SURFACE('',#16121,0.25);
#16121 = AXIS2_PLACEMENT_3D('',#16122,#16123,#16124);
#16122 = CARTESIAN_POINT('',(134.870001,-87.462001,-4.6E-02));
#16123 = DIRECTION('',(-0.,-0.,-1.));
#16124 = DIRECTION('',(-0.,-1.,0.));
#16125 = ADVANCED_FACE('',(#16126),#16137,.F.);
#16126 = FACE_BOUND('',#16127,.T.);
#16127 = EDGE_LOOP('',(#16128,#16129,#16135,#16136));
#16128 = ORIENTED_EDGE('',*,*,#14633,.T.);
#16129 = ORIENTED_EDGE('',*,*,#16130,.T.);
#16130 = EDGE_CURVE('',#14634,#15286,#16131,.T.);
#16131 = LINE('',#16132,#16133);
#16132 = CARTESIAN_POINT('',(124.000001,-86.000001,-4.6E-02));
#16133 = VECTOR('',#16134,1.);
#16134 = DIRECTION('',(0.,0.,1.));
#16135 = ORIENTED_EDGE('',*,*,#15285,.F.);
#16136 = ORIENTED_EDGE('',*,*,#16130,.F.);
#16137 = CYLINDRICAL_SURFACE('',#16138,2.);
#16138 = AXIS2_PLACEMENT_3D('',#16139,#16140,#16141);
#16139 = CARTESIAN_POINT('',(124.000001,-84.000001,-4.6E-02));
#16140 = DIRECTION('',(-0.,-0.,-1.));
#16141 = DIRECTION('',(-0.,-1.,0.));
#16142 = ADVANCED_FACE('',(#16143),#16154,.F.);
#16143 = FACE_BOUND('',#16144,.T.);
#16144 = EDGE_LOOP('',(#16145,#16146,#16152,#16153));
#16145 = ORIENTED_EDGE('',*,*,#14644,.T.);
#16146 = ORIENTED_EDGE('',*,*,#16147,.T.);
#16147 = EDGE_CURVE('',#14645,#15297,#16148,.T.);
#16148 = LINE('',#16149,#16150);
#16149 = CARTESIAN_POINT('',(136.200001,-91.812001,-4.6E-02));
#16150 = VECTOR('',#16151,1.);
#16151 = DIRECTION('',(0.,0.,1.));
#16152 = ORIENTED_EDGE('',*,*,#15296,.F.);
#16153 = ORIENTED_EDGE('',*,*,#16147,.F.);
#16154 = CYLINDRICAL_SURFACE('',#16155,0.25);
#16155 = AXIS2_PLACEMENT_3D('',#16156,#16157,#16158);
#16156 = CARTESIAN_POINT('',(136.200001,-91.562001,-4.6E-02));
#16157 = DIRECTION('',(-0.,-0.,-1.));
#16158 = DIRECTION('',(-0.,-1.,0.));
#16159 = ADVANCED_FACE('',(#16160),#16171,.F.);
#16160 = FACE_BOUND('',#16161,.T.);
#16161 = EDGE_LOOP('',(#16162,#16163,#16169,#16170));
#16162 = ORIENTED_EDGE('',*,*,#14655,.T.);
#16163 = ORIENTED_EDGE('',*,*,#16164,.T.);
#16164 = EDGE_CURVE('',#14656,#15308,#16165,.T.);
#16165 = LINE('',#16166,#16167);
#16166 = CARTESIAN_POINT('',(137.400001,-91.422001,-4.6E-02));
#16167 = VECTOR('',#16168,1.);
#16168 = DIRECTION('',(0.,0.,1.));
#16169 = ORIENTED_EDGE('',*,*,#15307,.F.);
#16170 = ORIENTED_EDGE('',*,*,#16164,.F.);
#16171 = CYLINDRICAL_SURFACE('',#16172,0.25);
#16172 = AXIS2_PLACEMENT_3D('',#16173,#16174,#16175);
#16173 = CARTESIAN_POINT('',(137.400001,-91.172001,-4.6E-02));
#16174 = DIRECTION('',(-0.,-0.,-1.));
#16175 = DIRECTION('',(-0.,-1.,0.));
#16176 = ADVANCED_FACE('',(#16177),#16188,.F.);
#16177 = FACE_BOUND('',#16178,.T.);
#16178 = EDGE_LOOP('',(#16179,#16180,#16186,#16187));
#16179 = ORIENTED_EDGE('',*,*,#14666,.T.);
#16180 = ORIENTED_EDGE('',*,*,#16181,.T.);
#16181 = EDGE_CURVE('',#14667,#15319,#16182,.T.);
#16182 = LINE('',#16183,#16184);
#16183 = CARTESIAN_POINT('',(138.150001,-90.392001,-4.6E-02));
#16184 = VECTOR('',#16185,1.);
#16185 = DIRECTION('',(0.,0.,1.));
#16186 = ORIENTED_EDGE('',*,*,#15318,.F.);
#16187 = ORIENTED_EDGE('',*,*,#16181,.F.);
#16188 = CYLINDRICAL_SURFACE('',#16189,0.25);
#16189 = AXIS2_PLACEMENT_3D('',#16190,#16191,#16192);
#16190 = CARTESIAN_POINT('',(138.150001,-90.142001,-4.6E-02));
#16191 = DIRECTION('',(-0.,-0.,-1.));
#16192 = DIRECTION('',(-0.,-1.,0.));
#16193 = ADVANCED_FACE('',(#16194),#16205,.F.);
#16194 = FACE_BOUND('',#16195,.T.);
#16195 = EDGE_LOOP('',(#16196,#16197,#16203,#16204));
#16196 = ORIENTED_EDGE('',*,*,#14677,.T.);
#16197 = ORIENTED_EDGE('',*,*,#16198,.T.);
#16198 = EDGE_CURVE('',#14678,#15330,#16199,.T.);
#16199 = LINE('',#16200,#16201);
#16200 = CARTESIAN_POINT('',(141.000001,-91.422001,-4.6E-02));
#16201 = VECTOR('',#16202,1.);
#16202 = DIRECTION('',(0.,0.,1.));
#16203 = ORIENTED_EDGE('',*,*,#15329,.F.);
#16204 = ORIENTED_EDGE('',*,*,#16198,.F.);
#16205 = CYLINDRICAL_SURFACE('',#16206,0.25);
#16206 = AXIS2_PLACEMENT_3D('',#16207,#16208,#16209);
#16207 = CARTESIAN_POINT('',(141.000001,-91.172001,-4.6E-02));
#16208 = DIRECTION('',(-0.,-0.,-1.));
#16209 = DIRECTION('',(-0.,-1.,0.));
#16210 = ADVANCED_FACE('',(#16211),#16222,.F.);
#16211 = FACE_BOUND('',#16212,.T.);
#16212 = EDGE_LOOP('',(#16213,#16214,#16220,#16221));
#16213 = ORIENTED_EDGE('',*,*,#14688,.T.);
#16214 = ORIENTED_EDGE('',*,*,#16215,.T.);
#16215 = EDGE_CURVE('',#14689,#15341,#16216,.T.);
#16216 = LINE('',#16217,#16218);
#16217 = CARTESIAN_POINT('',(142.200001,-91.812001,-4.6E-02));
#16218 = VECTOR('',#16219,1.);
#16219 = DIRECTION('',(0.,0.,1.));
#16220 = ORIENTED_EDGE('',*,*,#15340,.F.);
#16221 = ORIENTED_EDGE('',*,*,#16215,.F.);
#16222 = CYLINDRICAL_SURFACE('',#16223,0.25);
#16223 = AXIS2_PLACEMENT_3D('',#16224,#16225,#16226);
#16224 = CARTESIAN_POINT('',(142.200001,-91.562001,-4.6E-02));
#16225 = DIRECTION('',(-0.,-0.,-1.));
#16226 = DIRECTION('',(-0.,-1.,0.));
#16227 = ADVANCED_FACE('',(#16228),#16239,.F.);
#16228 = FACE_BOUND('',#16229,.T.);
#16229 = EDGE_LOOP('',(#16230,#16231,#16237,#16238));
#16230 = ORIENTED_EDGE('',*,*,#14699,.T.);
#16231 = ORIENTED_EDGE('',*,*,#16232,.T.);
#16232 = EDGE_CURVE('',#14700,#15352,#16233,.T.);
#16233 = LINE('',#16234,#16235);
#16234 = CARTESIAN_POINT('',(140.250001,-90.392001,-4.6E-02));
#16235 = VECTOR('',#16236,1.);
#16236 = DIRECTION('',(0.,0.,1.));
#16237 = ORIENTED_EDGE('',*,*,#15351,.F.);
#16238 = ORIENTED_EDGE('',*,*,#16232,.F.);
#16239 = CYLINDRICAL_SURFACE('',#16240,0.25);
#16240 = AXIS2_PLACEMENT_3D('',#16241,#16242,#16243);
#16241 = CARTESIAN_POINT('',(140.250001,-90.142001,-4.6E-02));
#16242 = DIRECTION('',(-0.,-0.,-1.));
#16243 = DIRECTION('',(-0.,-1.,0.));
#16244 = ADVANCED_FACE('',(#16245),#16256,.F.);
#16245 = FACE_BOUND('',#16246,.T.);
#16246 = EDGE_LOOP('',(#16247,#16248,#16254,#16255));
#16247 = ORIENTED_EDGE('',*,*,#14710,.T.);
#16248 = ORIENTED_EDGE('',*,*,#16249,.T.);
#16249 = EDGE_CURVE('',#14711,#15363,#16250,.T.);
#16250 = LINE('',#16251,#16252);
#16251 = CARTESIAN_POINT('',(138.150001,-89.132001,-4.6E-02));
#16252 = VECTOR('',#16253,1.);
#16253 = DIRECTION('',(0.,0.,1.));
#16254 = ORIENTED_EDGE('',*,*,#15362,.F.);
#16255 = ORIENTED_EDGE('',*,*,#16249,.F.);
#16256 = CYLINDRICAL_SURFACE('',#16257,0.25);
#16257 = AXIS2_PLACEMENT_3D('',#16258,#16259,#16260);
#16258 = CARTESIAN_POINT('',(138.150001,-88.882001,-4.6E-02));
#16259 = DIRECTION('',(-0.,-0.,-1.));
#16260 = DIRECTION('',(-0.,-1.,0.));
#16261 = ADVANCED_FACE('',(#16262),#16273,.F.);
#16262 = FACE_BOUND('',#16263,.T.);
#16263 = EDGE_LOOP('',(#16264,#16265,#16271,#16272));
#16264 = ORIENTED_EDGE('',*,*,#14721,.T.);
#16265 = ORIENTED_EDGE('',*,*,#16266,.T.);
#16266 = EDGE_CURVE('',#14722,#15374,#16267,.T.);
#16267 = LINE('',#16268,#16269);
#16268 = CARTESIAN_POINT('',(136.200001,-87.712001,-4.6E-02));
#16269 = VECTOR('',#16270,1.);
#16270 = DIRECTION('',(0.,0.,1.));
#16271 = ORIENTED_EDGE('',*,*,#15373,.F.);
#16272 = ORIENTED_EDGE('',*,*,#16266,.F.);
#16273 = CYLINDRICAL_SURFACE('',#16274,0.25);
#16274 = AXIS2_PLACEMENT_3D('',#16275,#16276,#16277);
#16275 = CARTESIAN_POINT('',(136.200001,-87.462001,-4.6E-02));
#16276 = DIRECTION('',(-0.,-0.,-1.));
#16277 = DIRECTION('',(-0.,-1.,0.));
#16278 = ADVANCED_FACE('',(#16279),#16290,.F.);
#16279 = FACE_BOUND('',#16280,.T.);
#16280 = EDGE_LOOP('',(#16281,#16282,#16288,#16289));
#16281 = ORIENTED_EDGE('',*,*,#14732,.T.);
#16282 = ORIENTED_EDGE('',*,*,#16283,.T.);
#16283 = EDGE_CURVE('',#14733,#15385,#16284,.T.);
#16284 = LINE('',#16285,#16286);
#16285 = CARTESIAN_POINT('',(137.400001,-88.102001,-4.6E-02));
#16286 = VECTOR('',#16287,1.);
#16287 = DIRECTION('',(0.,0.,1.));
#16288 = ORIENTED_EDGE('',*,*,#15384,.F.);
#16289 = ORIENTED_EDGE('',*,*,#16283,.F.);
#16290 = CYLINDRICAL_SURFACE('',#16291,0.25);
#16291 = AXIS2_PLACEMENT_3D('',#16292,#16293,#16294);
#16292 = CARTESIAN_POINT('',(137.400001,-87.852001,-4.6E-02));
#16293 = DIRECTION('',(-0.,-0.,-1.));
#16294 = DIRECTION('',(-0.,-1.,0.));
#16295 = ADVANCED_FACE('',(#16296),#16307,.F.);
#16296 = FACE_BOUND('',#16297,.T.);
#16297 = EDGE_LOOP('',(#16298,#16299,#16305,#16306));
#16298 = ORIENTED_EDGE('',*,*,#14743,.T.);
#16299 = ORIENTED_EDGE('',*,*,#16300,.T.);
#16300 = EDGE_CURVE('',#14744,#15396,#16301,.T.);
#16301 = LINE('',#16302,#16303);
#16302 = CARTESIAN_POINT('',(140.250001,-89.132001,-4.6E-02));
#16303 = VECTOR('',#16304,1.);
#16304 = DIRECTION('',(0.,0.,1.));
#16305 = ORIENTED_EDGE('',*,*,#15395,.F.);
#16306 = ORIENTED_EDGE('',*,*,#16300,.F.);
#16307 = CYLINDRICAL_SURFACE('',#16308,0.25);
#16308 = AXIS2_PLACEMENT_3D('',#16309,#16310,#16311);
#16309 = CARTESIAN_POINT('',(140.250001,-88.882001,-4.6E-02));
#16310 = DIRECTION('',(-0.,-0.,-1.));
#16311 = DIRECTION('',(-0.,-1.,0.));
#16312 = ADVANCED_FACE('',(#16313),#16324,.F.);
#16313 = FACE_BOUND('',#16314,.T.);
#16314 = EDGE_LOOP('',(#16315,#16316,#16322,#16323));
#16315 = ORIENTED_EDGE('',*,*,#14754,.T.);
#16316 = ORIENTED_EDGE('',*,*,#16317,.T.);
#16317 = EDGE_CURVE('',#14755,#15407,#16318,.T.);
#16318 = LINE('',#16319,#16320);
#16319 = CARTESIAN_POINT('',(141.000001,-88.102001,-4.6E-02));
#16320 = VECTOR('',#16321,1.);
#16321 = DIRECTION('',(0.,0.,1.));
#16322 = ORIENTED_EDGE('',*,*,#15406,.F.);
#16323 = ORIENTED_EDGE('',*,*,#16317,.F.);
#16324 = CYLINDRICAL_SURFACE('',#16325,0.25);
#16325 = AXIS2_PLACEMENT_3D('',#16326,#16327,#16328);
#16326 = CARTESIAN_POINT('',(141.000001,-87.852001,-4.6E-02));
#16327 = DIRECTION('',(-0.,-0.,-1.));
#16328 = DIRECTION('',(-0.,-1.,0.));
#16329 = ADVANCED_FACE('',(#16330),#16341,.F.);
#16330 = FACE_BOUND('',#16331,.T.);
#16331 = EDGE_LOOP('',(#16332,#16333,#16339,#16340));
#16332 = ORIENTED_EDGE('',*,*,#14765,.T.);
#16333 = ORIENTED_EDGE('',*,*,#16334,.T.);
#16334 = EDGE_CURVE('',#14766,#15418,#16335,.T.);
#16335 = LINE('',#16336,#16337);
#16336 = CARTESIAN_POINT('',(142.200001,-87.712001,-4.6E-02));
#16337 = VECTOR('',#16338,1.);
#16338 = DIRECTION('',(0.,0.,1.));
#16339 = ORIENTED_EDGE('',*,*,#15417,.F.);
#16340 = ORIENTED_EDGE('',*,*,#16334,.F.);
#16341 = CYLINDRICAL_SURFACE('',#16342,0.25);
#16342 = AXIS2_PLACEMENT_3D('',#16343,#16344,#16345);
#16343 = CARTESIAN_POINT('',(142.200001,-87.462001,-4.6E-02));
#16344 = DIRECTION('',(-0.,-0.,-1.));
#16345 = DIRECTION('',(-0.,-1.,0.));
#16346 = ADVANCED_FACE('',(#16347),#16358,.F.);
#16347 = FACE_BOUND('',#16348,.T.);
#16348 = EDGE_LOOP('',(#16349,#16350,#16356,#16357));
#16349 = ORIENTED_EDGE('',*,*,#14776,.T.);
#16350 = ORIENTED_EDGE('',*,*,#16351,.T.);
#16351 = EDGE_CURVE('',#14777,#15429,#16352,.T.);
#16352 = LINE('',#16353,#16354);
#16353 = CARTESIAN_POINT('',(143.530001,-91.812001,-4.6E-02));
#16354 = VECTOR('',#16355,1.);
#16355 = DIRECTION('',(0.,0.,1.));
#16356 = ORIENTED_EDGE('',*,*,#15428,.F.);
#16357 = ORIENTED_EDGE('',*,*,#16351,.F.);
#16358 = CYLINDRICAL_SURFACE('',#16359,0.25);
#16359 = AXIS2_PLACEMENT_3D('',#16360,#16361,#16362);
#16360 = CARTESIAN_POINT('',(143.530001,-91.562001,-4.6E-02));
#16361 = DIRECTION('',(-0.,-0.,-1.));
#16362 = DIRECTION('',(-0.,-1.,0.));
#16363 = ADVANCED_FACE('',(#16364),#16375,.F.);
#16364 = FACE_BOUND('',#16365,.T.);
#16365 = EDGE_LOOP('',(#16366,#16367,#16373,#16374));
#16366 = ORIENTED_EDGE('',*,*,#14787,.T.);
#16367 = ORIENTED_EDGE('',*,*,#16368,.T.);
#16368 = EDGE_CURVE('',#14788,#15440,#16369,.T.);
#16369 = LINE('',#16370,#16371);
#16370 = CARTESIAN_POINT('',(144.870001,-91.812001,-4.6E-02));
#16371 = VECTOR('',#16372,1.);
#16372 = DIRECTION('',(0.,0.,1.));
#16373 = ORIENTED_EDGE('',*,*,#15439,.F.);
#16374 = ORIENTED_EDGE('',*,*,#16368,.F.);
#16375 = CYLINDRICAL_SURFACE('',#16376,0.25);
#16376 = AXIS2_PLACEMENT_3D('',#16377,#16378,#16379);
#16377 = CARTESIAN_POINT('',(144.870001,-91.562001,-4.6E-02));
#16378 = DIRECTION('',(-0.,-0.,-1.));
#16379 = DIRECTION('',(-0.,-1.,0.));
#16380 = ADVANCED_FACE('',(#16381),#16397,.F.);
#16381 = FACE_BOUND('',#16382,.T.);
#16382 = EDGE_LOOP('',(#16383,#16384,#16390,#16391));
#16383 = ORIENTED_EDGE('',*,*,#14798,.T.);
#16384 = ORIENTED_EDGE('',*,*,#16385,.T.);
#16385 = EDGE_CURVE('',#14801,#15453,#16386,.T.);
#16386 = LINE('',#16387,#16388);
#16387 = CARTESIAN_POINT('',(146.200001,-90.512001,-4.6E-02));
#16388 = VECTOR('',#16389,1.);
#16389 = DIRECTION('',(0.,0.,1.));
#16390 = ORIENTED_EDGE('',*,*,#15450,.F.);
#16391 = ORIENTED_EDGE('',*,*,#16392,.F.);
#16392 = EDGE_CURVE('',#14799,#15451,#16393,.T.);
#16393 = LINE('',#16394,#16395);
#16394 = CARTESIAN_POINT('',(146.200001,-88.512001,-4.6E-02));
#16395 = VECTOR('',#16396,1.);
#16396 = DIRECTION('',(0.,0.,1.));
#16397 = CYLINDRICAL_SURFACE('',#16398,1.);
#16398 = AXIS2_PLACEMENT_3D('',#16399,#16400,#16401);
#16399 = CARTESIAN_POINT('',(146.200001,-89.512001,-4.6E-02));
#16400 = DIRECTION('',(-0.,-0.,-1.));
#16401 = DIRECTION('',(-0.,-1.,0.));
#16402 = ADVANCED_FACE('',(#16403),#16414,.T.);
#16403 = FACE_BOUND('',#16404,.T.);
#16404 = EDGE_LOOP('',(#16405,#16406,#16407,#16408));
#16405 = ORIENTED_EDGE('',*,*,#14826,.T.);
#16406 = ORIENTED_EDGE('',*,*,#16392,.T.);
#16407 = ORIENTED_EDGE('',*,*,#15478,.F.);
#16408 = ORIENTED_EDGE('',*,*,#16409,.F.);
#16409 = EDGE_CURVE('',#14818,#15470,#16410,.T.);
#16410 = LINE('',#16411,#16412);
#16411 = CARTESIAN_POINT('',(142.200001,-88.512001,-4.6E-02));
#16412 = VECTOR('',#16413,1.);
#16413 = DIRECTION('',(0.,0.,1.));
#16414 = PLANE('',#16415);
#16415 = AXIS2_PLACEMENT_3D('',#16416,#16417,#16418);
#16416 = CARTESIAN_POINT('',(146.200001,-88.512001,-4.6E-02));
#16417 = DIRECTION('',(0.,-1.,0.));
#16418 = DIRECTION('',(-1.,0.,0.));
#16419 = ADVANCED_FACE('',(#16420),#16431,.F.);
#16420 = FACE_BOUND('',#16421,.T.);
#16421 = EDGE_LOOP('',(#16422,#16423,#16424,#16425));
#16422 = ORIENTED_EDGE('',*,*,#14817,.T.);
#16423 = ORIENTED_EDGE('',*,*,#16409,.T.);
#16424 = ORIENTED_EDGE('',*,*,#15469,.F.);
#16425 = ORIENTED_EDGE('',*,*,#16426,.F.);
#16426 = EDGE_CURVE('',#14810,#15462,#16427,.T.);
#16427 = LINE('',#16428,#16429);
#16428 = CARTESIAN_POINT('',(142.200001,-90.512001,-4.6E-02));
#16429 = VECTOR('',#16430,1.);
#16430 = DIRECTION('',(0.,0.,1.));
#16431 = CYLINDRICAL_SURFACE('',#16432,1.);
#16432 = AXIS2_PLACEMENT_3D('',#16433,#16434,#16435);
#16433 = CARTESIAN_POINT('',(142.200001,-89.512001,-4.6E-02));
#16434 = DIRECTION('',(-0.,0.,-1.));
#16435 = DIRECTION('',(0.,1.,0.));
#16436 = ADVANCED_FACE('',(#16437),#16443,.T.);
#16437 = FACE_BOUND('',#16438,.T.);
#16438 = EDGE_LOOP('',(#16439,#16440,#16441,#16442));
#16439 = ORIENTED_EDGE('',*,*,#14809,.T.);
#16440 = ORIENTED_EDGE('',*,*,#16426,.T.);
#16441 = ORIENTED_EDGE('',*,*,#15461,.F.);
#16442 = ORIENTED_EDGE('',*,*,#16385,.F.);
#16443 = PLANE('',#16444);
#16444 = AXIS2_PLACEMENT_3D('',#16445,#16446,#16447);
#16445 = CARTESIAN_POINT('',(142.200001,-90.512001,-4.6E-02));
#16446 = DIRECTION('',(0.,1.,0.));
#16447 = DIRECTION('',(1.,0.,0.));
#16448 = ADVANCED_FACE('',(#16449),#16460,.F.);
#16449 = FACE_BOUND('',#16450,.T.);
#16450 = EDGE_LOOP('',(#16451,#16452,#16458,#16459));
#16451 = ORIENTED_EDGE('',*,*,#14834,.T.);
#16452 = ORIENTED_EDGE('',*,*,#16453,.T.);
#16453 = EDGE_CURVE('',#14835,#15487,#16454,.T.);
#16454 = LINE('',#16455,#16456);
#16455 = CARTESIAN_POINT('',(146.200001,-91.812001,-4.6E-02));
#16456 = VECTOR('',#16457,1.);
#16457 = DIRECTION('',(0.,0.,1.));
#16458 = ORIENTED_EDGE('',*,*,#15486,.F.);
#16459 = ORIENTED_EDGE('',*,*,#16453,.F.);
#16460 = CYLINDRICAL_SURFACE('',#16461,0.25);
#16461 = AXIS2_PLACEMENT_3D('',#16462,#16463,#16464);
#16462 = CARTESIAN_POINT('',(146.200001,-91.562001,-4.6E-02));
#16463 = DIRECTION('',(-0.,-0.,-1.));
#16464 = DIRECTION('',(-0.,-1.,0.));
#16465 = ADVANCED_FACE('',(#16466),#16477,.F.);
#16466 = FACE_BOUND('',#16467,.T.);
#16467 = EDGE_LOOP('',(#16468,#16469,#16475,#16476));
#16468 = ORIENTED_EDGE('',*,*,#14845,.T.);
#16469 = ORIENTED_EDGE('',*,*,#16470,.T.);
#16470 = EDGE_CURVE('',#14846,#15498,#16471,.T.);
#16471 = LINE('',#16472,#16473);
#16472 = CARTESIAN_POINT('',(147.400001,-91.422001,-4.6E-02));
#16473 = VECTOR('',#16474,1.);
#16474 = DIRECTION('',(0.,0.,1.));
#16475 = ORIENTED_EDGE('',*,*,#15497,.F.);
#16476 = ORIENTED_EDGE('',*,*,#16470,.F.);
#16477 = CYLINDRICAL_SURFACE('',#16478,0.25);
#16478 = AXIS2_PLACEMENT_3D('',#16479,#16480,#16481);
#16479 = CARTESIAN_POINT('',(147.400001,-91.172001,-4.6E-02));
#16480 = DIRECTION('',(-0.,-0.,-1.));
#16481 = DIRECTION('',(-0.,-1.,0.));
#16482 = ADVANCED_FACE('',(#16483),#16494,.F.);
#16483 = FACE_BOUND('',#16484,.T.);
#16484 = EDGE_LOOP('',(#16485,#16486,#16492,#16493));
#16485 = ORIENTED_EDGE('',*,*,#14856,.T.);
#16486 = ORIENTED_EDGE('',*,*,#16487,.T.);
#16487 = EDGE_CURVE('',#14857,#15509,#16488,.T.);
#16488 = LINE('',#16489,#16490);
#16489 = CARTESIAN_POINT('',(148.150001,-90.392001,-4.6E-02));
#16490 = VECTOR('',#16491,1.);
#16491 = DIRECTION('',(0.,0.,1.));
#16492 = ORIENTED_EDGE('',*,*,#15508,.F.);
#16493 = ORIENTED_EDGE('',*,*,#16487,.F.);
#16494 = CYLINDRICAL_SURFACE('',#16495,0.25);
#16495 = AXIS2_PLACEMENT_3D('',#16496,#16497,#16498);
#16496 = CARTESIAN_POINT('',(148.150001,-90.142001,-4.6E-02));
#16497 = DIRECTION('',(-0.,-0.,-1.));
#16498 = DIRECTION('',(-0.,-1.,0.));
#16499 = ADVANCED_FACE('',(#16500),#16511,.F.);
#16500 = FACE_BOUND('',#16501,.T.);
#16501 = EDGE_LOOP('',(#16502,#16503,#16509,#16510));
#16502 = ORIENTED_EDGE('',*,*,#14867,.T.);
#16503 = ORIENTED_EDGE('',*,*,#16504,.T.);
#16504 = EDGE_CURVE('',#14868,#15520,#16505,.T.);
#16505 = LINE('',#16506,#16507);
#16506 = CARTESIAN_POINT('',(143.530001,-87.712001,-4.6E-02));
#16507 = VECTOR('',#16508,1.);
#16508 = DIRECTION('',(0.,0.,1.));
#16509 = ORIENTED_EDGE('',*,*,#15519,.F.);
#16510 = ORIENTED_EDGE('',*,*,#16504,.F.);
#16511 = CYLINDRICAL_SURFACE('',#16512,0.25);
#16512 = AXIS2_PLACEMENT_3D('',#16513,#16514,#16515);
#16513 = CARTESIAN_POINT('',(143.530001,-87.462001,-4.6E-02));
#16514 = DIRECTION('',(-0.,-0.,-1.));
#16515 = DIRECTION('',(-0.,-1.,0.));
#16516 = ADVANCED_FACE('',(#16517),#16528,.F.);
#16517 = FACE_BOUND('',#16518,.T.);
#16518 = EDGE_LOOP('',(#16519,#16520,#16526,#16527));
#16519 = ORIENTED_EDGE('',*,*,#14878,.T.);
#16520 = ORIENTED_EDGE('',*,*,#16521,.T.);
#16521 = EDGE_CURVE('',#14879,#15531,#16522,.T.);
#16522 = LINE('',#16523,#16524);
#16523 = CARTESIAN_POINT('',(144.870001,-87.712001,-4.6E-02));
#16524 = VECTOR('',#16525,1.);
#16525 = DIRECTION('',(0.,0.,1.));
#16526 = ORIENTED_EDGE('',*,*,#15530,.F.);
#16527 = ORIENTED_EDGE('',*,*,#16521,.F.);
#16528 = CYLINDRICAL_SURFACE('',#16529,0.25);
#16529 = AXIS2_PLACEMENT_3D('',#16530,#16531,#16532);
#16530 = CARTESIAN_POINT('',(144.870001,-87.462001,-4.6E-02));
#16531 = DIRECTION('',(-0.,-0.,-1.));
#16532 = DIRECTION('',(-0.,-1.,0.));
#16533 = ADVANCED_FACE('',(#16534),#16545,.F.);
#16534 = FACE_BOUND('',#16535,.T.);
#16535 = EDGE_LOOP('',(#16536,#16537,#16543,#16544));
#16536 = ORIENTED_EDGE('',*,*,#14889,.T.);
#16537 = ORIENTED_EDGE('',*,*,#16538,.T.);
#16538 = EDGE_CURVE('',#14890,#15542,#16539,.T.);
#16539 = LINE('',#16540,#16541);
#16540 = CARTESIAN_POINT('',(148.150001,-89.132001,-4.6E-02));
#16541 = VECTOR('',#16542,1.);
#16542 = DIRECTION('',(0.,0.,1.));
#16543 = ORIENTED_EDGE('',*,*,#15541,.F.);
#16544 = ORIENTED_EDGE('',*,*,#16538,.F.);
#16545 = CYLINDRICAL_SURFACE('',#16546,0.25);
#16546 = AXIS2_PLACEMENT_3D('',#16547,#16548,#16549);
#16547 = CARTESIAN_POINT('',(148.150001,-88.882001,-4.6E-02));
#16548 = DIRECTION('',(-0.,-0.,-1.));
#16549 = DIRECTION('',(-0.,-1.,0.));
#16550 = ADVANCED_FACE('',(#16551),#16562,.F.);
#16551 = FACE_BOUND('',#16552,.T.);
#16552 = EDGE_LOOP('',(#16553,#16554,#16560,#16561));
#16553 = ORIENTED_EDGE('',*,*,#14900,.T.);
#16554 = ORIENTED_EDGE('',*,*,#16555,.T.);
#16555 = EDGE_CURVE('',#14901,#15553,#16556,.T.);
#16556 = LINE('',#16557,#16558);
#16557 = CARTESIAN_POINT('',(146.200001,-87.712001,-4.6E-02));
#16558 = VECTOR('',#16559,1.);
#16559 = DIRECTION('',(0.,0.,1.));
#16560 = ORIENTED_EDGE('',*,*,#15552,.F.);
#16561 = ORIENTED_EDGE('',*,*,#16555,.F.);
#16562 = CYLINDRICAL_SURFACE('',#16563,0.25);
#16563 = AXIS2_PLACEMENT_3D('',#16564,#16565,#16566);
#16564 = CARTESIAN_POINT('',(146.200001,-87.462001,-4.6E-02));
#16565 = DIRECTION('',(-0.,-0.,-1.));
#16566 = DIRECTION('',(-0.,-1.,0.));
#16567 = ADVANCED_FACE('',(#16568),#16579,.F.);
#16568 = FACE_BOUND('',#16569,.T.);
#16569 = EDGE_LOOP('',(#16570,#16571,#16577,#16578));
#16570 = ORIENTED_EDGE('',*,*,#14911,.T.);
#16571 = ORIENTED_EDGE('',*,*,#16572,.T.);
#16572 = EDGE_CURVE('',#14912,#15564,#16573,.T.);
#16573 = LINE('',#16574,#16575);
#16574 = CARTESIAN_POINT('',(147.400001,-88.102001,-4.6E-02));
#16575 = VECTOR('',#16576,1.);
#16576 = DIRECTION('',(0.,0.,1.));
#16577 = ORIENTED_EDGE('',*,*,#15563,.F.);
#16578 = ORIENTED_EDGE('',*,*,#16572,.F.);
#16579 = CYLINDRICAL_SURFACE('',#16580,0.25);
#16580 = AXIS2_PLACEMENT_3D('',#16581,#16582,#16583);
#16581 = CARTESIAN_POINT('',(147.400001,-87.852001,-4.6E-02));
#16582 = DIRECTION('',(-0.,-0.,-1.));
#16583 = DIRECTION('',(-0.,-1.,0.));
#16584 = ADVANCED_FACE('',(#16585),#16596,.F.);
#16585 = FACE_BOUND('',#16586,.T.);
#16586 = EDGE_LOOP('',(#16587,#16588,#16594,#16595));
#16587 = ORIENTED_EDGE('',*,*,#14922,.T.);
#16588 = ORIENTED_EDGE('',*,*,#16589,.T.);
#16589 = EDGE_CURVE('',#14923,#15575,#16590,.T.);
#16590 = LINE('',#16591,#16592);
#16591 = CARTESIAN_POINT('',(161.200001,-100.100001,-4.6E-02));
#16592 = VECTOR('',#16593,1.);
#16593 = DIRECTION('',(0.,0.,1.));
#16594 = ORIENTED_EDGE('',*,*,#15574,.F.);
#16595 = ORIENTED_EDGE('',*,*,#16589,.F.);
#16596 = CYLINDRICAL_SURFACE('',#16597,0.6);
#16597 = AXIS2_PLACEMENT_3D('',#16598,#16599,#16600);
#16598 = CARTESIAN_POINT('',(161.200001,-99.500001,-4.6E-02));
#16599 = DIRECTION('',(-0.,-0.,-1.));
#16600 = DIRECTION('',(-0.,-1.,0.));
#16601 = ADVANCED_FACE('',(#16602),#16613,.F.);
#16602 = FACE_BOUND('',#16603,.T.);
#16603 = EDGE_LOOP('',(#16604,#16605,#16611,#16612));
#16604 = ORIENTED_EDGE('',*,*,#14933,.T.);
#16605 = ORIENTED_EDGE('',*,*,#16606,.T.);
#16606 = EDGE_CURVE('',#14934,#15586,#16607,.T.);
#16607 = LINE('',#16608,#16609);
#16608 = CARTESIAN_POINT('',(161.200001,-92.600001,-4.6E-02));
#16609 = VECTOR('',#16610,1.);
#16610 = DIRECTION('',(0.,0.,1.));
#16611 = ORIENTED_EDGE('',*,*,#15585,.F.);
#16612 = ORIENTED_EDGE('',*,*,#16606,.F.);
#16613 = CYLINDRICAL_SURFACE('',#16614,0.6);
#16614 = AXIS2_PLACEMENT_3D('',#16615,#16616,#16617);
#16615 = CARTESIAN_POINT('',(161.200001,-92.000001,-4.6E-02));
#16616 = DIRECTION('',(-0.,-0.,-1.));
#16617 = DIRECTION('',(-0.,-1.,0.));
#16618 = ADVANCED_FACE('',(#16619),#16630,.F.);
#16619 = FACE_BOUND('',#16620,.T.);
#16620 = EDGE_LOOP('',(#16621,#16622,#16628,#16629));
#16621 = ORIENTED_EDGE('',*,*,#14944,.T.);
#16622 = ORIENTED_EDGE('',*,*,#16623,.T.);
#16623 = EDGE_CURVE('',#14945,#15597,#16624,.T.);
#16624 = LINE('',#16625,#16626);
#16625 = CARTESIAN_POINT('',(175.000001,-101.100001,-4.6E-02));
#16626 = VECTOR('',#16627,1.);
#16627 = DIRECTION('',(0.,0.,1.));
#16628 = ORIENTED_EDGE('',*,*,#15596,.F.);
#16629 = ORIENTED_EDGE('',*,*,#16623,.F.);
#16630 = CYLINDRICAL_SURFACE('',#16631,1.6);
#16631 = AXIS2_PLACEMENT_3D('',#16632,#16633,#16634);
#16632 = CARTESIAN_POINT('',(175.000001,-99.500001,-4.6E-02));
#16633 = DIRECTION('',(-0.,-0.,-1.));
#16634 = DIRECTION('',(-0.,-1.,0.));
#16635 = ADVANCED_FACE('',(#16636),#16647,.F.);
#16636 = FACE_BOUND('',#16637,.T.);
#16637 = EDGE_LOOP('',(#16638,#16639,#16645,#16646));
#16638 = ORIENTED_EDGE('',*,*,#14955,.T.);
#16639 = ORIENTED_EDGE('',*,*,#16640,.T.);
#16640 = EDGE_CURVE('',#14956,#15608,#16641,.T.);
#16641 = LINE('',#16642,#16643);
#16642 = CARTESIAN_POINT('',(175.000001,-86.000001,-4.6E-02));
#16643 = VECTOR('',#16644,1.);
#16644 = DIRECTION('',(0.,0.,1.));
#16645 = ORIENTED_EDGE('',*,*,#15607,.F.);
#16646 = ORIENTED_EDGE('',*,*,#16640,.F.);
#16647 = CYLINDRICAL_SURFACE('',#16648,2.);
#16648 = AXIS2_PLACEMENT_3D('',#16649,#16650,#16651);
#16649 = CARTESIAN_POINT('',(175.000001,-84.000001,-4.6E-02));
#16650 = DIRECTION('',(-0.,-0.,-1.));
#16651 = DIRECTION('',(-0.,-1.,0.));
#16652 = ( GEOMETRIC_REPRESENTATION_CONTEXT(3) 
GLOBAL_UNCERTAINTY_ASSIGNED_CONTEXT((#16656)) 
GLOBAL_UNIT_ASSIGNED_CONTEXT((#16653,#16654,#16655)) 
REPRESENTATION_CONTEXT('Context #1',
  '3D Context with UNIT and UNCERTAINTY') );
#16653 = ( LENGTH_UNIT() NAMED_UNIT(*) SI_UNIT(.MILLI.,.METRE.) );
#16654 = ( NAMED_UNIT(*) PLANE_ANGLE_UNIT() SI_UNIT($,.RADIAN.) );
#16655 = ( NAMED_UNIT(*) SI_UNIT($,.STERADIAN.) SOLID_ANGLE_UNIT() );
#16656 = UNCERTAINTY_MEASURE_WITH_UNIT(LENGTH_MEASURE(1.E-07),#16653,
  'distance_accuracy_value','confusion accuracy');
#16657 = CONTEXT_DEPENDENT_SHAPE_REPRESENTATION(#16658,#16660);
#16658 = ( REPRESENTATION_RELATIONSHIP('','',#14209,#10) 
REPRESENTATION_RELATIONSHIP_WITH_TRANSFORMATION(#16659) 
SHAPE_REPRESENTATION_RELATIONSHIP() );
#16659 = ITEM_DEFINED_TRANSFORMATION('','',#11,#51);
#16660 = PRODUCT_DEFINITION_SHAPE('Placement','Placement of an item',
  #16661);
#16661 = NEXT_ASSEMBLY_USAGE_OCCURRENCE('11','=>[0:1:1:9]','',#5,#14204,
  $);
#16662 = PRODUCT_RELATED_PRODUCT_CATEGORY('part',$,(#14206));
#16663 = MECHANICAL_DESIGN_GEOMETRIC_PRESENTATION_REPRESENTATION('',(
    #16664),#16652);
#16664 = STYLED_ITEM('color',(#16665),#14210);
#16665 = PRESENTATION_STYLE_ASSIGNMENT((#16666));
#16666 = SURFACE_STYLE_USAGE(.BOTH.,#16667);
#16667 = SURFACE_SIDE_STYLE('',(#16668));
#16668 = SURFACE_STYLE_FILL_AREA(#16669);
#16669 = FILL_AREA_STYLE('',(#16670));
#16670 = FILL_AREA_STYLE_COLOUR('',#16671);
#16671 = COLOUR_RGB('',0.313304153717,0.484529207832,0.410020903123);
ENDSEC;
END-ISO-10303-21;
