ISO-10303-21;
HEADER;
FILE_DESCRIPTION (( 'STEP AP214' ),
    '1' );
FILE_NAME ('436500227.STEP',
    '2023-10-05T15:36:19',
    ( '' ),
    ( '' ),
    'SwSTEP 2.0',
    'SolidWorks 2021',
    '' );
FILE_SCHEMA (( 'AUTOMOTIVE_DESIGN' ));
ENDSEC;

DATA;
#1 = ORIENTED_EDGE ( 'NONE', *, *, #3004, .F. ) ;
#2 = ORIENTED_EDGE ( 'NONE', *, *, #2092, .F. ) ;
#3 = DIRECTION ( 'NONE',  ( 0.000000000000000000, 0.000000000000000000, -1.000000000000000000 ) ) ;
#4 = DIRECTION ( 'NONE',  ( 0.000000000000000000, 0.000000000000000000, 1.000000000000000000 ) ) ;
#5 = LINE ( 'NONE', #2873, #5416 ) ;
#6 = EDGE_LOOP ( 'NONE', ( #2697, #312, #53, #1277 ) ) ;
#7 = DIRECTION ( 'NONE',  ( 0.000000000000000000, 0.000000000000000000, -1.000000000000000000 ) ) ;
#8 = CARTESIAN_POINT ( 'NONE',  ( -0.02500000000000006384, 1.849999999999999645, 2.429999999999999716 ) ) ;
#9 = EDGE_CURVE ( 'NONE', #4597, #1155, #2972, .T. ) ;
#10 = DIRECTION ( 'NONE',  ( 0.000000000000000000, 0.000000000000000000, -1.000000000000000000 ) ) ;
#11 = FACE_OUTER_BOUND ( 'NONE', #3329, .T. ) ;
#12 = LINE ( 'NONE', #2824, #4978 ) ;
#13 = ORIENTED_EDGE ( 'NONE', *, *, #3568, .T. ) ;
#14 = LINE ( 'NONE', #4971, #4561 ) ;
#15 = VECTOR ( 'NONE', #1363, 1000.000000000000000 ) ;
#16 = DIRECTION ( 'NONE',  ( 1.000000000000000000, 0.000000000000000000, 0.000000000000000000 ) ) ;
#17 = LINE ( 'NONE', #344, #398 ) ;
#18 = CARTESIAN_POINT ( 'NONE',  ( -2.680000000000000160, -8.673617379884035472E-16, 1.270000000000000018 ) ) ;
#19 = VERTEX_POINT ( 'NONE', #3384 ) ;
#20 = AXIS2_PLACEMENT_3D ( 'NONE', #5019, #4552, #5403 ) ;
#21 = CARTESIAN_POINT ( 'NONE',  ( -4.269999999999999574, 9.899999999999998579, 1.250000000000000000 ) ) ;
#22 = CARTESIAN_POINT ( 'NONE',  ( 1.269999999999999796, 9.899999999999998579, -1.250000000000000000 ) ) ;
#23 = EDGE_LOOP ( 'NONE', ( #3572, #637, #1870, #3386 ) ) ;
#24 = VERTEX_POINT ( 'NONE', #2615 ) ;
#25 = ORIENTED_EDGE ( 'NONE', *, *, #2079, .F. ) ;
#26 = DIRECTION ( 'NONE',  ( 0.000000000000000000, -1.000000000000000000, 0.000000000000000000 ) ) ;
#27 = EDGE_CURVE ( 'NONE', #3135, #4803, #1353, .T. ) ;
#28 = CARTESIAN_POINT ( 'NONE',  ( 0.3199999999999999512, -2.580000000000000515, 0.3200000000000000067 ) ) ;
#29 = ORIENTED_EDGE ( 'NONE', *, *, #4982, .T. ) ;
#30 = CARTESIAN_POINT ( 'NONE',  ( 2.674999999999999822, -1.150000000000000799, 2.469999999999999751 ) ) ;
#31 = DIRECTION ( 'NONE',  ( 0.000000000000000000, 0.000000000000000000, -1.000000000000000000 ) ) ;
#32 = FACE_OUTER_BOUND ( 'NONE', #1406, .T. ) ;
#33 = CARTESIAN_POINT ( 'NONE',  ( 0.3199999999999999512, 0.6999999999999992895, -0.8750000000000000000 ) ) ;
#34 = ORIENTED_EDGE ( 'NONE', *, *, #3029, .T. ) ;
#35 = ADVANCED_FACE ( 'NONE', ( #4701 ), #4649, .T. ) ;
#36 = DIRECTION ( 'NONE',  ( 0.000000000000000000, -1.000000000000000000, 0.000000000000000000 ) ) ;
#37 = VERTEX_POINT ( 'NONE', #2229 ) ;
#38 = DIRECTION ( 'NONE',  ( 1.000000000000000000, 0.000000000000000000, 0.000000000000000000 ) ) ;
#39 = DIRECTION ( 'NONE',  ( 0.000000000000000000, -1.000000000000000000, 0.000000000000000000 ) ) ;
#40 = CARTESIAN_POINT ( 'NONE',  ( 3.325000000000000178, 0.6699999999999995959, -0.8750000000000000000 ) ) ;
#41 = EDGE_CURVE ( 'NONE', #1141, #481, #2567, .T. ) ;
#42 = DIRECTION ( 'NONE',  ( 0.000000000000000000, -1.000000000000000000, 0.000000000000000000 ) ) ;
#43 = ORIENTED_EDGE ( 'NONE', *, *, #530, .F. ) ;
#44 = ADVANCED_FACE ( 'NONE', ( #102 ), #3883, .T. ) ;
#45 = LINE ( 'NONE', #21, #5041 ) ;
#46 = LINE ( 'NONE', #2510, #54 ) ;
#47 = VECTOR ( 'NONE', #3768, 1000.000000000000000 ) ;
#48 = AXIS2_PLACEMENT_3D ( 'NONE', #2353, #3144, #3503 ) ;
#49 = ORIENTED_EDGE ( 'NONE', *, *, #3877, .T. ) ;
#50 = ORIENTED_EDGE ( 'NONE', *, *, #1151, .F. ) ;
#51 = EDGE_LOOP ( 'NONE', ( #83, #4237, #4837, #4238, #1426 ) ) ;
#52 = VECTOR ( 'NONE', #2065, 1000.000000000000000 ) ;
#53 = ORIENTED_EDGE ( 'NONE', *, *, #1666, .T. ) ;
#54 = VECTOR ( 'NONE', #3023, 1000.000000000000114 ) ;
#55 = FACE_OUTER_BOUND ( 'NONE', #4291, .T. ) ;
#56 = VECTOR ( 'NONE', #5229, 1000.000000000000000 ) ;
#57 = CARTESIAN_POINT ( 'NONE',  ( -2.680000000000000160, -2.580000000000000515, 0.3200000000000000067 ) ) ;
#58 = EDGE_LOOP ( 'NONE', ( #1092, #2266, #1018, #1437 ) ) ;
#59 = EDGE_CURVE ( 'NONE', #692, #342, #1762, .T. ) ;
#60 = DIRECTION ( 'NONE',  ( 0.000000000000000000, 0.000000000000000000, 1.000000000000000000 ) ) ;
#61 = EDGE_CURVE ( 'NONE', #4592, #3528, #1787, .T. ) ;
#62 = EDGE_CURVE ( 'NONE', #37, #4839, #4726, .T. ) ;
#63 = CARTESIAN_POINT ( 'NONE',  ( -6.325000000000001066, 0.6699999999999995959, -0.8750000000000000000 ) ) ;
#64 = FACE_OUTER_BOUND ( 'NONE', #3592, .T. ) ;
#65 = DIRECTION ( 'NONE',  ( 0.000000000000000000, 0.000000000000000000, -1.000000000000000000 ) ) ;
#66 = ORIENTED_EDGE ( 'NONE', *, *, #215, .T. ) ;
#67 = CARTESIAN_POINT ( 'NONE',  ( -0.02500000000000006384, 9.049999999999998934, 1.930000000000000160 ) ) ;
#68 = EDGE_LOOP ( 'NONE', ( #3580, #3047, #3470, #1384 ) ) ;
#69 = DIRECTION ( 'NONE',  ( 0.000000000000000000, 0.000000000000000000, -1.000000000000000000 ) ) ;
#70 = DIRECTION ( 'NONE',  ( 0.000000000000000000, 0.000000000000000000, -1.000000000000000000 ) ) ;
#71 = CARTESIAN_POINT ( 'NONE',  ( -6.325000000000001066, 0.6699999999999995959, 1.270000000000000018 ) ) ;
#72 = DIRECTION ( 'NONE',  ( 0.000000000000000000, 0.000000000000000000, -1.000000000000000000 ) ) ;
#73 = VERTEX_POINT ( 'NONE', #1563 ) ;
#74 = DIRECTION ( 'NONE',  ( 0.9486832980505238710, -0.3162277660168079652, 0.000000000000000000 ) ) ;
#75 = CARTESIAN_POINT ( 'NONE',  ( 0.3199999999999999512, 0.6999999999999992895, 1.649999999999999911 ) ) ;
#76 = APPLICATION_CONTEXT ( 'automotive_design' ) ;
#77 = ORIENTED_EDGE ( 'NONE', *, *, #720, .T. ) ;
#78 = VERTEX_POINT ( 'NONE', #3236 ) ;
#79 = ORIENTED_EDGE ( 'NONE', *, *, #4645, .T. ) ;
#80 = CIRCLE ( 'NONE', #3925, 0.5000000000000000000 ) ;
#81 = VECTOR ( 'NONE', #3079, 1000.000000000000000 ) ;
#82 =( LENGTH_UNIT ( ) NAMED_UNIT ( * ) SI_UNIT ( .MILLI., .METRE. ) );
#83 = ORIENTED_EDGE ( 'NONE', *, *, #4720, .F. ) ;
#84 = CARTESIAN_POINT ( 'NONE',  ( -6.325000000000001066, 0.6699999999999995959, 1.270000000000000018 ) ) ;
#85 = FACE_OUTER_BOUND ( 'NONE', #4022, .T. ) ;
#86 = EDGE_CURVE ( 'NONE', #4228, #1248, #4367, .T. ) ;
#87 = LINE ( 'NONE', #3949, #5324 ) ;
#88 = EDGE_CURVE ( 'NONE', #5275, #2671, #3982, .T. ) ;
#89 = VECTOR ( 'NONE', #1853, 1000.000000000000000 ) ;
#90 = CARTESIAN_POINT ( 'NONE',  ( -5.389999999999999680, 1.269999999999999352, 0.8750000000000000000 ) ) ;
#91 = EDGE_LOOP ( 'NONE', ( #2042, #3798, #4847, #4713 ) ) ;
#92 = LINE ( 'NONE', #878, #945 ) ;
#93 = LINE ( 'NONE', #1290, #3066 ) ;
#94 = PLANE ( 'NONE',  #800 ) ;
#95 = DIRECTION ( 'NONE',  ( 1.000000000000000000, 0.000000000000000000, 0.000000000000000000 ) ) ;
#96 = DIRECTION ( 'NONE',  ( -1.000000000000000000, 0.000000000000000000, 0.000000000000000000 ) ) ;
#97 = ORIENTED_EDGE ( 'NONE', *, *, #967, .T. ) ;
#98 = VECTOR ( 'NONE', #4124, 1000.000000000000000 ) ;
#99 = FACE_OUTER_BOUND ( 'NONE', #23, .T. ) ;
#100 = DIRECTION ( 'NONE',  ( 0.000000000000000000, -1.000000000000000000, 0.000000000000000000 ) ) ;
#101 = VECTOR ( 'NONE', #868, 1000.000000000000000 ) ;
#102 = FACE_OUTER_BOUND ( 'NONE', #3653, .T. ) ;
#103 = ORIENTED_EDGE ( 'NONE', *, *, #4199, .T. ) ;
#104 = EDGE_CURVE ( 'NONE', #965, #2804, #4420, .T. ) ;
#105 = ORIENTED_EDGE ( 'NONE', *, *, #2066, .T. ) ;
#106 = AXIS2_PLACEMENT_3D ( 'NONE', #1476, #1940, #4766 ) ;
#107 = PLANE ( 'NONE',  #2668 ) ;
#108 = ADVANCED_FACE ( 'NONE', ( #260 ), #3959, .T. ) ;
#109 = DIRECTION ( 'NONE',  ( -0.3015113445777909407, -0.9045340337332726799, 0.3015113445777909407 ) ) ;
#110 = VERTEX_POINT ( 'NONE', #2305 ) ;
#111 = CARTESIAN_POINT ( 'NONE',  ( -2.975000000000000089, 1.849999999999999645, 2.429999999999999716 ) ) ;
#112 = DIRECTION ( 'NONE',  ( 1.000000000000000000, 0.000000000000000000, 0.000000000000000000 ) ) ;
#113 = DIRECTION ( 'NONE',  ( 1.000000000000000000, 0.000000000000000000, 0.000000000000000000 ) ) ;
#114 = CARTESIAN_POINT ( 'NONE',  ( -5.389999999999999680, -8.673617379884035472E-16, 2.469999999999999751 ) ) ;
#115 = EDGE_LOOP ( 'NONE', ( #3049, #1935, #3461, #3025, #351, #1847, #4091, #613 ) ) ;
#116 = DIRECTION ( 'NONE',  ( 1.000000000000000000, 0.000000000000000000, 0.000000000000000000 ) ) ;
#117 = FACE_OUTER_BOUND ( 'NONE', #4476, .T. ) ;
#118 = DIRECTION ( 'NONE',  ( 0.000000000000000000, 0.6401843996644798196, 0.7682212795973758501 ) ) ;
#119 = CARTESIAN_POINT ( 'NONE',  ( -2.680000000000000160, 0.6699999999999995959, 1.270000000000000018 ) ) ;
#120 = CARTESIAN_POINT ( 'NONE',  ( -4.269999999999999574, 9.899999999999998579, -1.250000000000000000 ) ) ;
#121 = ORIENTED_EDGE ( 'NONE', *, *, #1085, .F. ) ;
#122 = EDGE_LOOP ( 'NONE', ( #3515, #4810, #3115 ) ) ;
#123 = ADVANCED_FACE ( 'NONE', ( #2796 ), #2278, .T. ) ;
#124 = EDGE_CURVE ( 'NONE', #4917, #4297, #309, .T. ) ;
#125 = PLANE ( 'NONE',  #2492 ) ;
#126 = FACE_OUTER_BOUND ( 'NONE', #4533, .T. ) ;
#127 = EDGE_CURVE ( 'NONE', #1748, #5007, #1100, .T. ) ;
#128 = DIRECTION ( 'NONE',  ( 0.000000000000000000, 0.000000000000000000, -1.000000000000000000 ) ) ;
#129 = EDGE_LOOP ( 'NONE', ( #3853, #3154, #4190, #4503, #1300 ) ) ;
#130 = VERTEX_POINT ( 'NONE', #4042 ) ;
#131 = DIRECTION ( 'NONE',  ( 0.000000000000000000, 0.000000000000000000, -1.000000000000000000 ) ) ;
#132 = VECTOR ( 'NONE', #2887, 1000.000000000000000 ) ;
#133 = FACE_OUTER_BOUND ( 'NONE', #513, .T. ) ;
#134 = EDGE_CURVE ( 'NONE', #4546, #1748, #1918, .T. ) ;
#135 = ORIENTED_EDGE ( 'NONE', *, *, #4407, .T. ) ;
#136 = DIRECTION ( 'NONE',  ( 0.000000000000000000, -1.000000000000000000, 0.000000000000000000 ) ) ;
#137 = VECTOR ( 'NONE', #3082, 1000.000000000000000 ) ;
#138 = VECTOR ( 'NONE', #4685, 1000.000000000000000 ) ;
#139 = CARTESIAN_POINT ( 'NONE',  ( -1.729999999999999982, 9.899999999999998579, -1.250000000000000000 ) ) ;
#140 = CARTESIAN_POINT ( 'NONE',  ( 3.325000000000000178, 3.299999999999999378, -1.930000000000000160 ) ) ;
#141 = VECTOR ( 'NONE', #2560, 1000.000000000000000 ) ;
#142 = LINE ( 'NONE', #930, #4770 ) ;
#143 = ORIENTED_EDGE ( 'NONE', *, *, #885, .T. ) ;
#144 = PLANE ( 'NONE',  #1644 ) ;
#145 = ADVANCED_FACE ( 'NONE', ( #206 ), #5273, .T. ) ;
#146 = CARTESIAN_POINT ( 'NONE',  ( -0.2199999999999999178, 7.200000000000000178, 0.000000000000000000 ) ) ;
#147 = DIRECTION ( 'NONE',  ( 0.000000000000000000, -1.000000000000000000, 0.000000000000000000 ) ) ;
#148 = CARTESIAN_POINT ( 'NONE',  ( -3.319999999999999840, -2.580000000000000515, -0.3200000000000000067 ) ) ;
#149 = FACE_BOUND ( 'NONE', #5256, .T. ) ;
#150 = ORIENTED_EDGE ( 'NONE', *, *, #4608, .F. ) ;
#151 = VERTEX_POINT ( 'NONE', #1128 ) ;
#152 = CARTESIAN_POINT ( 'NONE',  ( -0.5699999999999999512, 3.299999999999999378, 1.250000000000000000 ) ) ;
#153 = LINE ( 'NONE', #4397, #5392 ) ;
#154 = ADVANCED_FACE ( 'NONE', ( #3153 ), #1508, .T. ) ;
#155 = EDGE_CURVE ( 'NONE', #4003, #386, #2769, .T. ) ;
#156 = ORIENTED_EDGE ( 'NONE', *, *, #124, .F. ) ;
#157 = ORIENTED_EDGE ( 'NONE', *, *, #1258, .T. ) ;
#158 = EDGE_LOOP ( 'NONE', ( #4618, #2369, #1528, #2754 ) ) ;
#159 = PLANE ( 'NONE',  #1349 ) ;
#160 = VECTOR ( 'NONE', #3918, 1000.000000000000000 ) ;
#161 = VERTEX_POINT ( 'NONE', #1071 ) ;
#162 = LINE ( 'NONE', #3619, #2377 ) ;
#163 = ORIENTED_EDGE ( 'NONE', *, *, #4079, .T. ) ;
#164 = VECTOR ( 'NONE', #5401, 1000.000000000000000 ) ;
#165 = DIRECTION ( 'NONE',  ( 0.000000000000000000, 0.000000000000000000, 1.000000000000000000 ) ) ;
#166 = PLANE ( 'NONE',  #4621 ) ;
#167 = CARTESIAN_POINT ( 'NONE',  ( 3.325000000000000178, 1.449999999999999512, 0.1137500000000000039 ) ) ;
#168 = VERTEX_POINT ( 'NONE', #3542 ) ;
#169 = AXIS2_PLACEMENT_3D ( 'NONE', #2051, #1717, #2470 ) ;
#170 = CARTESIAN_POINT ( 'NONE',  ( 3.325000000000000178, 2.487234067916999525, 0.1137500000000000039 ) ) ;
#171 = EDGE_CURVE ( 'NONE', #4071, #4003, #4450, .T. ) ;
#172 = PLANE ( 'NONE',  #3688 ) ;
#173 = CARTESIAN_POINT ( 'NONE',  ( -3.319999999999999840, 0.6699999999999995959, 1.270000000000000018 ) ) ;
#174 = LINE ( 'NONE', #2661, #1782 ) ;
#175 = DIRECTION ( 'NONE',  ( 0.000000000000000000, -1.000000000000000000, 0.000000000000000000 ) ) ;
#176 = ORIENTED_EDGE ( 'NONE', *, *, #4704, .T. ) ;
#177 = VERTEX_POINT ( 'NONE', #690 ) ;
#178 = SURFACE_SIDE_STYLE ('',( #1023 ) ) ;
#179 = CARTESIAN_POINT ( 'NONE',  ( -6.325000000000001066, 1.849999999999999645, 2.469999999999999751 ) ) ;
#180 = ORIENTED_EDGE ( 'NONE', *, *, #5251, .T. ) ;
#181 = ORIENTED_EDGE ( 'NONE', *, *, #2479, .T. ) ;
#182 = VECTOR ( 'NONE', #1067, 1000.000000000000000 ) ;
#183 = VERTEX_POINT ( 'NONE', #1454 ) ;
#184 = ORIENTED_EDGE ( 'NONE', *, *, #4014, .F. ) ;
#185 = EDGE_CURVE ( 'NONE', #2591, #2627, #4801, .T. ) ;
#186 = LINE ( 'NONE', #3442, #1785 ) ;
#187 = VECTOR ( 'NONE', #3687, 1000.000000000000000 ) ;
#188 = ORIENTED_EDGE ( 'NONE', *, *, #650, .T. ) ;
#189 = PLANE ( 'NONE',  #1408 ) ;
#190 = PRODUCT_RELATED_PRODUCT_CATEGORY ( 'part', '', ( #2651 ) ) ;
#191 = VERTEX_POINT ( 'NONE', #4393 ) ;
#192 = AXIS2_PLACEMENT_3D ( 'NONE', #3809, #5095, #60 ) ;
#193 = EDGE_CURVE ( 'NONE', #2231, #2015, #3209, .T. ) ;
#194 = EDGE_CURVE ( 'NONE', #4866, #3983, #4884, .T. ) ;
#195 = CARTESIAN_POINT ( 'NONE',  ( -1.729999999999999982, 3.299999999999999378, -1.250000000000000000 ) ) ;
#196 = DIRECTION ( 'NONE',  ( -1.000000000000000000, 0.000000000000000000, 0.000000000000000000 ) ) ;
#197 = AXIS2_PLACEMENT_3D ( 'NONE', #541, #136, #1743 ) ;
#198 = CARTESIAN_POINT ( 'NONE',  ( 1.939999999999999947, 1.269999999999999352, -0.8750000000000000000 ) ) ;
#199 = ORIENTED_EDGE ( 'NONE', *, *, #3586, .T. ) ;
#200 = CARTESIAN_POINT ( 'NONE',  ( -6.325000000000001066, -8.673617379884035472E-16, 2.469999999999999751 ) ) ;
#201 = FACE_OUTER_BOUND ( 'NONE', #5341, .T. ) ;
#202 = LINE ( 'NONE', #549, #2215 ) ;
#203 = FACE_OUTER_BOUND ( 'NONE', #4867, .T. ) ;
#204 = LINE ( 'NONE', #3485, #4951 ) ;
#205 = EDGE_CURVE ( 'NONE', #3880, #4707, #4065, .T. ) ;
#206 = FACE_OUTER_BOUND ( 'NONE', #2771, .T. ) ;
#207 = ORIENTED_EDGE ( 'NONE', *, *, #3944, .F. ) ;
#208 = ORIENTED_EDGE ( 'NONE', *, *, #4144, .F. ) ;
#209 = DIRECTION ( 'NONE',  ( 1.000000000000000000, 0.000000000000000000, 0.000000000000000000 ) ) ;
#210 = DIRECTION ( 'NONE',  ( 0.000000000000000000, 0.000000000000000000, -1.000000000000000000 ) ) ;
#211 = ORIENTED_EDGE ( 'NONE', *, *, #1224, .T. ) ;
#212 = EDGE_CURVE ( 'NONE', #3431, #4071, #2910, .T. ) ;
#213 = ORIENTED_EDGE ( 'NONE', *, *, #3128, .F. ) ;
#214 = VERTEX_POINT ( 'NONE', #4584 ) ;
#215 = EDGE_CURVE ( 'NONE', #993, #1412, #4969, .T. ) ;
#216 = CARTESIAN_POINT ( 'NONE',  ( -0.2000000000000000944, 9.350000000000001421, -1.935000000000000053 ) ) ;
#217 = VERTEX_POINT ( 'NONE', #3791 ) ;
#218 = DIRECTION ( 'NONE',  ( -0.000000000000000000, -0.7682212795973758501, -0.6401843996644798196 ) ) ;
#219 = ORIENTED_EDGE ( 'NONE', *, *, #4578, .F. ) ;
#220 = CARTESIAN_POINT ( 'NONE',  ( -6.325000000000001066, -8.673617379884035472E-16, -1.930000000000000160 ) ) ;
#221 = LINE ( 'NONE', #3171, #2449 ) ;
#222 = ADVANCED_FACE ( 'NONE', ( #3763 ), #419, .T. ) ;
#223 = CARTESIAN_POINT ( 'NONE',  ( 1.269999999999999796, 3.299999999999999378, -1.250000000000000000 ) ) ;
#224 = VECTOR ( 'NONE', #1323, 1000.000000000000000 ) ;
#225 = ADVANCED_FACE ( 'NONE', ( #2523 ), #1260, .T. ) ;
#226 = VERTEX_POINT ( 'NONE', #5355 ) ;
#227 = VECTOR ( 'NONE', #1219, 1000.000000000000000 ) ;
#228 = ADVANCED_FACE ( 'NONE', ( #850 ), #1594, .T. ) ;
#229 = CARTESIAN_POINT ( 'NONE',  ( -2.799999999999999822, 6.899999999999999467, -1.935000000000000053 ) ) ;
#230 = CARTESIAN_POINT ( 'NONE',  ( -6.325000000000001066, 0.6699999999999995959, 0.8750000000000000000 ) ) ;
#231 = VECTOR ( 'NONE', #4392, 1000.000000000000000 ) ;
#232 = VECTOR ( 'NONE', #4921, 1000.000000000000000 ) ;
#233 = CARTESIAN_POINT ( 'NONE',  ( 3.325000000000000178, 0.6699999999999995959, 0.8750000000000000000 ) ) ;
#234 = CARTESIAN_POINT ( 'NONE',  ( -5.389999999999999680, 1.849999999999999645, 2.469999999999999751 ) ) ;
#235 = VECTOR ( 'NONE', #4471, 1000.000000000000114 ) ;
#236 = CARTESIAN_POINT ( 'NONE',  ( -6.025000000000001243, -1.400000000000000133, 2.169999999999999929 ) ) ;
#237 = ORIENTED_EDGE ( 'NONE', *, *, #5315, .T. ) ;
#238 = VERTEX_POINT ( 'NONE', #3322 ) ;
#239 = FILL_AREA_STYLE ('',( #1924 ) ) ;
#240 = DIRECTION ( 'NONE',  ( 0.000000000000000000, 0.000000000000000000, -1.000000000000000000 ) ) ;
#241 = ORIENTED_EDGE ( 'NONE', *, *, #1085, .T. ) ;
#242 = ORIENTED_EDGE ( 'NONE', *, *, #2333, .F. ) ;
#243 = EDGE_LOOP ( 'NONE', ( #3212, #2689, #2696, #1053 ) ) ;
#244 = CARTESIAN_POINT ( 'NONE',  ( 0.3199999999999999512, 0.6999999999999992895, -1.050000000000000044 ) ) ;
#245 = VERTEX_POINT ( 'NONE', #773 ) ;
#246 = EDGE_LOOP ( 'NONE', ( #4732, #1680, #4400, #29 ) ) ;
#247 = CARTESIAN_POINT ( 'NONE',  ( -1.729999999999999982, 9.899999999999998579, 1.250000000000000000 ) ) ;
#248 = ORIENTED_EDGE ( 'NONE', *, *, #2795, .T. ) ;
#249 = EDGE_LOOP ( 'NONE', ( #2093, #5268, #1682, #1793 ) ) ;
#250 = LINE ( 'NONE', #5287, #1874 ) ;
#251 = CARTESIAN_POINT ( 'NONE',  ( -4.939999999999999503, 1.269999999999999352, -0.8750000000000000000 ) ) ;
#252 = DIRECTION ( 'NONE',  ( 0.000000000000000000, 1.000000000000000000, 0.000000000000000000 ) ) ;
#253 = VECTOR ( 'NONE', #681, 1000.000000000000000 ) ;
#254 = VERTEX_POINT ( 'NONE', #1669 ) ;
#255 = FACE_OUTER_BOUND ( 'NONE', #2152, .T. ) ;
#256 = EDGE_CURVE ( 'NONE', #3984, #5221, #2474, .T. ) ;
#257 = DIRECTION ( 'NONE',  ( 0.000000000000000000, 0.000000000000000000, 1.000000000000000000 ) ) ;
#258 = DIRECTION ( 'NONE',  ( -0.7071067811865474617, -0.7071067811865474617, -0.000000000000000000 ) ) ;
#259 = CARTESIAN_POINT ( 'NONE',  ( -2.879999999999999893, -3.180000000000000604, -0.1200000000000000094 ) ) ;
#260 = FACE_OUTER_BOUND ( 'NONE', #2403, .T. ) ;
#261 = EDGE_LOOP ( 'NONE', ( #4697, #3938, #4634, #2376 ) ) ;
#262 = ORIENTED_EDGE ( 'NONE', *, *, #4342, .F. ) ;
#263 = LINE ( 'NONE', #1977, #2928 ) ;
#264 = FACE_OUTER_BOUND ( 'NONE', #1418, .T. ) ;
#265 = ORIENTED_EDGE ( 'NONE', *, *, #3095, .F. ) ;
#266 = VERTEX_POINT ( 'NONE', #3264 ) ;
#267 = ORIENTED_EDGE ( 'NONE', *, *, #4116, .F. ) ;
#268 = LINE ( 'NONE', #753, #4776 ) ;
#269 = EDGE_CURVE ( 'NONE', #3977, #4433, #4558, .T. ) ;
#270 = EDGE_LOOP ( 'NONE', ( #290, #2764, #1599, #2204 ) ) ;
#271 = CARTESIAN_POINT ( 'NONE',  ( -5.674999999999999822, -1.150000000000000799, 2.469999999999999751 ) ) ;
#272 = VERTEX_POINT ( 'NONE', #825 ) ;
#273 = VECTOR ( 'NONE', #445, 1000.000000000000000 ) ;
#274 = DIRECTION ( 'NONE',  ( 0.000000000000000000, -1.000000000000000000, 0.000000000000000000 ) ) ;
#275 = EDGE_CURVE ( 'NONE', #2905, #346, #4203, .T. ) ;
#276 = DIRECTION ( 'NONE',  ( 1.000000000000000000, 0.000000000000000000, 0.000000000000000000 ) ) ;
#277 = PLANE ( 'NONE',  #4976 ) ;
#278 = VERTEX_POINT ( 'NONE', #2500 ) ;
#279 = DIRECTION ( 'NONE',  ( 0.000000000000000000, -1.000000000000000000, 0.000000000000000000 ) ) ;
#280 = VECTOR ( 'NONE', #1530, 1000.000000000000000 ) ;
#281 = DIRECTION ( 'NONE',  ( 1.000000000000000000, 0.000000000000000000, 0.000000000000000000 ) ) ;
#282 = DIRECTION ( 'NONE',  ( 0.000000000000000000, -1.000000000000000000, 0.000000000000000000 ) ) ;
#283 = DIRECTION ( 'NONE',  ( 0.000000000000000000, 0.000000000000000000, -1.000000000000000000 ) ) ;
#284 = CARTESIAN_POINT ( 'NONE',  ( -2.680000000000000160, 7.500000000000000000, 0.3200000000000000067 ) ) ;
#285 = ORIENTED_EDGE ( 'NONE', *, *, #205, .T. ) ;
#286 = EDGE_LOOP ( 'NONE', ( #5065, #1390, #1044, #671, #1313, #3412, #2201 ) ) ;
#287 = CARTESIAN_POINT ( 'NONE',  ( -2.799999999999999822, 7.399999999999999467, -3.135000000000000231 ) ) ;
#288 = LINE ( 'NONE', #1512, #4077 ) ;
#289 = ORIENTED_EDGE ( 'NONE', *, *, #4116, .T. ) ;
#290 = ORIENTED_EDGE ( 'NONE', *, *, #5238, .F. ) ;
#291 = EDGE_CURVE ( 'NONE', #1513, #1261, #4502, .T. ) ;
#292 = EDGE_CURVE ( 'NONE', #2197, #1843, #4128, .T. ) ;
#293 = EDGE_CURVE ( 'NONE', #2802, #795, #2084, .T. ) ;
#294 = FACE_OUTER_BOUND ( 'NONE', #2085, .T. ) ;
#295 = DIRECTION ( 'NONE',  ( 0.000000000000000000, -1.000000000000000000, 0.000000000000000000 ) ) ;
#296 = ORIENTED_EDGE ( 'NONE', *, *, #454, .F. ) ;
#297 = LINE ( 'NONE', #702, #3718 ) ;
#298 = ORIENTED_EDGE ( 'NONE', *, *, #5250, .T. ) ;
#299 = CARTESIAN_POINT ( 'NONE',  ( -6.325000000000001066, 1.269999999999999352, -0.8750000000000000000 ) ) ;
#300 = LINE ( 'NONE', #1960, #3833 ) ;
#301 = ADVANCED_FACE ( 'NONE', ( #3346 ), #1692, .T. ) ;
#302 = LINE ( 'NONE', #1854, #1812 ) ;
#303 = VERTEX_POINT ( 'NONE', #4997 ) ;
#304 = DIRECTION ( 'NONE',  ( -1.000000000000000000, 0.000000000000000000, 0.000000000000000000 ) ) ;
#305 = CARTESIAN_POINT ( 'NONE',  ( -1.500000000000000000, 4.949999999999999289, 1.680000000000000160 ) ) ;
#306 = DIRECTION ( 'NONE',  ( 0.000000000000000000, 0.000000000000000000, 1.000000000000000000 ) ) ;
#307 = VECTOR ( 'NONE', #3795, 1000.000000000000000 ) ;
#308 = CARTESIAN_POINT ( 'NONE',  ( 3.325000000000000178, -1.150000000000000799, 2.469999999999999751 ) ) ;
#309 = LINE ( 'NONE', #607, #1033 ) ;
#310 = EDGE_CURVE ( 'NONE', #1183, #3672, #12, .T. ) ;
#311 = EDGE_LOOP ( 'NONE', ( #1467, #2340, #1486, #5034, #744, #4452, #1576, #5112 ) ) ;
#312 = ORIENTED_EDGE ( 'NONE', *, *, #1683, .F. ) ;
#313 = VECTOR ( 'NONE', #4366, 1000.000000000000000 ) ;
#314 = VECTOR ( 'NONE', #973, 1000.000000000000000 ) ;
#315 = VECTOR ( 'NONE', #3331, 1000.000000000000000 ) ;
#316 = FACE_OUTER_BOUND ( 'NONE', #3340, .T. ) ;
#317 = CARTESIAN_POINT ( 'NONE',  ( -0.3199999999999999512, 6.899999999999999467, -0.3200000000000000067 ) ) ;
#318 = VECTOR ( 'NONE', #323, 1000.000000000000000 ) ;
#319 = ORIENTED_EDGE ( 'NONE', *, *, #2471, .T. ) ;
#320 = ORIENTED_EDGE ( 'NONE', *, *, #5005, .T. ) ;
#321 = VERTEX_POINT ( 'NONE', #4099 ) ;
#322 = EDGE_CURVE ( 'NONE', #2670, #4592, #4612, .T. ) ;
#323 = DIRECTION ( 'NONE',  ( 0.000000000000000000, 0.000000000000000000, -1.000000000000000000 ) ) ;
#324 = LINE ( 'NONE', #1984, #3899 ) ;
#325 = EDGE_CURVE ( 'NONE', #5329, #1183, #2004, .T. ) ;
#326 = ORIENTED_EDGE ( 'NONE', *, *, #2879, .T. ) ;
#327 = PLANE ( 'NONE',  #2484 ) ;
#328 = VERTEX_POINT ( 'NONE', #904 ) ;
#329 = DIRECTION ( 'NONE',  ( 0.000000000000000000, -1.000000000000000000, 0.000000000000000000 ) ) ;
#330 = DIRECTION ( 'NONE',  ( 1.000000000000000000, 0.000000000000000000, 0.000000000000000000 ) ) ;
#331 = DIRECTION ( 'NONE',  ( 0.000000000000000000, 0.000000000000000000, -1.000000000000000000 ) ) ;
#332 = VERTEX_POINT ( 'NONE', #1314 ) ;
#333 = FACE_OUTER_BOUND ( 'NONE', #5402, .T. ) ;
#334 = CARTESIAN_POINT ( 'NONE',  ( -3.120000000000000107, -3.180000000000000604, -0.1200000000000000094 ) ) ;
#335 = DIRECTION ( 'NONE',  ( 0.000000000000000000, -1.000000000000000000, 0.000000000000000000 ) ) ;
#336 = FACE_OUTER_BOUND ( 'NONE', #730, .T. ) ;
#337 = CARTESIAN_POINT ( 'NONE',  ( 2.389999999999999680, 1.849999999999999645, 1.916979166667000190 ) ) ;
#338 = VECTOR ( 'NONE', #3872, 1000.000000000000000 ) ;
#339 = EDGE_CURVE ( 'NONE', #4642, #2591, #959, .T. ) ;
#340 = CARTESIAN_POINT ( 'NONE',  ( 3.325000000000000178, 0.6699999999999995959, -0.8750000000000000000 ) ) ;
#341 = VERTEX_POINT ( 'NONE', #3479 ) ;
#342 = VERTEX_POINT ( 'NONE', #3068 ) ;
#343 = FACE_OUTER_BOUND ( 'NONE', #5233, .T. ) ;
#344 = CARTESIAN_POINT ( 'NONE',  ( -1.975000000000000089, 9.049999999999998934, 1.930000000000000160 ) ) ;
#345 = CARTESIAN_POINT ( 'NONE',  ( -2.680000000000000160, 0.6999999999999992895, -1.050000000000000044 ) ) ;
#346 = VERTEX_POINT ( 'NONE', #1722 ) ;
#347 = ORIENTED_EDGE ( 'NONE', *, *, #437, .T. ) ;
#348 = CARTESIAN_POINT ( 'NONE',  ( -0.3199999999999999512, 1.349999999999999645, -1.050000000000000044 ) ) ;
#349 = PLANE ( 'NONE',  #1786 ) ;
#350 = VECTOR ( 'NONE', #4849, 1000.000000000000000 ) ;
#351 = ORIENTED_EDGE ( 'NONE', *, *, #310, .T. ) ;
#352 = CARTESIAN_POINT ( 'NONE',  ( 0.3199999999999999512, 0.6999999999999992895, -0.3200000000000000067 ) ) ;
#353 = EDGE_LOOP ( 'NONE', ( #697, #1, #1951, #2318 ) ) ;
#354 = ORIENTED_EDGE ( 'NONE', *, *, #5044, .F. ) ;
#355 = CARTESIAN_POINT ( 'NONE',  ( -6.325000000000001066, 0.6699999999999995959, 1.270000000000000018 ) ) ;
#356 = LINE ( 'NONE', #1171, #1233 ) ;
#357 = DIRECTION ( 'NONE',  ( 0.000000000000000000, 1.000000000000000000, 0.000000000000000000 ) ) ;
#358 = ORIENTED_EDGE ( 'NONE', *, *, #596, .F. ) ;
#359 = CARTESIAN_POINT ( 'NONE',  ( -2.680000000000000160, 1.269999999999999352, -0.8750000000000000000 ) ) ;
#360 = VECTOR ( 'NONE', #1941, 1000.000000000000114 ) ;
#361 = EDGE_CURVE ( 'NONE', #1106, #2802, #1749, .T. ) ;
#362 = EDGE_CURVE ( 'NONE', #2894, #4886, #4330, .T. ) ;
#363 = CARTESIAN_POINT ( 'NONE',  ( 3.274999999999999911, 4.949999999999999289, 0.000000000000000000 ) ) ;
#364 = DIRECTION ( 'NONE',  ( 0.000000000000000000, 0.000000000000000000, 1.000000000000000000 ) ) ;
#365 = EDGE_CURVE ( 'NONE', #5011, #1173, #4663, .T. ) ;
#366 = VECTOR ( 'NONE', #16, 1000.000000000000000 ) ;
#367 = CARTESIAN_POINT ( 'NONE',  ( 1.939999999999999947, 1.699999999999999734, 1.680000000000000160 ) ) ;
#368 = DIRECTION ( 'NONE',  ( 0.000000000000000000, 0.000000000000000000, 1.000000000000000000 ) ) ;
#369 = CARTESIAN_POINT ( 'NONE',  ( -1.025000000000000133, 9.049999999999998934, 1.930000000000000160 ) ) ;
#370 = VECTOR ( 'NONE', #2383, 1000.000000000000000 ) ;
#371 = ORIENTED_EDGE ( 'NONE', *, *, #1021, .T. ) ;
#372 = CARTESIAN_POINT ( 'NONE',  ( -4.925000000000000711, 8.500000000000000000, 0.7500000000000000000 ) ) ;
#373 = CARTESIAN_POINT ( 'NONE',  ( -4.939999999999999503, 0.6699999999999995959, 1.270000000000000018 ) ) ;
#374 = DIRECTION ( 'NONE',  ( 0.000000000000000000, 0.000000000000000000, 1.000000000000000000 ) ) ;
#375 = ADVANCED_FACE ( 'NONE', ( #4253 ), #2960, .T. ) ;
#376 = ORIENTED_EDGE ( 'NONE', *, *, #4874, .F. ) ;
#377 = CARTESIAN_POINT ( 'NONE',  ( -4.925000000000000711, 8.500000000000000000, -1.250000000000000000 ) ) ;
#378 = FACE_OUTER_BOUND ( 'NONE', #588, .T. ) ;
#379 = EDGE_LOOP ( 'NONE', ( #3061, #3099, #4414, #864 ) ) ;
#380 = EDGE_LOOP ( 'NONE', ( #4650, #4129, #1763, #5301, #4025, #553 ) ) ;
#381 = ORIENTED_EDGE ( 'NONE', *, *, #4720, .T. ) ;
#382 = EDGE_CURVE ( 'NONE', #4087, #4270, #497, .T. ) ;
#383 = LINE ( 'NONE', #2044, #1005 ) ;
#384 = DIRECTION ( 'NONE',  ( 1.000000000000000000, 0.000000000000000000, 0.000000000000000000 ) ) ;
#385 = LINE ( 'NONE', #434, #164 ) ;
#386 = VERTEX_POINT ( 'NONE', #4635 ) ;
#387 = LINE ( 'NONE', #736, #2809 ) ;
#388 = DIRECTION ( 'NONE',  ( 4.440892098500999766E-14, -1.000000000000000000, 0.000000000000000000 ) ) ;
#389 = VECTOR ( 'NONE', #4463, 1000.000000000000000 ) ;
#390 = EDGE_CURVE ( 'NONE', #19, #303, #2603, .T. ) ;
#391 = DIRECTION ( 'NONE',  ( 0.000000000000000000, -1.000000000000000000, 0.000000000000000000 ) ) ;
#392 = EDGE_CURVE ( 'NONE', #2352, #3098, #92, .T. ) ;
#393 = ADVANCED_FACE ( 'NONE', ( #4282 ), #144, .T. ) ;
#394 = CARTESIAN_POINT ( 'NONE',  ( -3.319999999999999840, 6.899999999999999467, -0.3200000000000000067 ) ) ;
#395 = DIRECTION ( 'NONE',  ( 0.000000000000000000, 0.000000000000000000, 1.000000000000000000 ) ) ;
#396 = ORIENTED_EDGE ( 'NONE', *, *, #86, .T. ) ;
#397 = LINE ( 'NONE', #2112, #4566 ) ;
#398 = VECTOR ( 'NONE', #448, 1000.000000000000000 ) ;
#399 = FACE_OUTER_BOUND ( 'NONE', #2973, .T. ) ;
#400 = CARTESIAN_POINT ( 'NONE',  ( -2.879999999999999893, 7.500000000000000000, 0.1200000000000000094 ) ) ;
#401 = CARTESIAN_POINT ( 'NONE',  ( -3.319999999999999840, 1.269999999999999352, -0.8750000000000000000 ) ) ;
#402 = VECTOR ( 'NONE', #1181, 1000.000000000000000 ) ;
#403 = VERTEX_POINT ( 'NONE', #3010 ) ;
#404 = VECTOR ( 'NONE', #3170, 1000.000000000000000 ) ;
#405 = LINE ( 'NONE', #1705, #1706 ) ;
#406 = VECTOR ( 'NONE', #3513, 1000.000000000000000 ) ;
#407 = DIRECTION ( 'NONE',  ( 0.000000000000000000, -1.000000000000000000, 0.000000000000000000 ) ) ;
#408 = VECTOR ( 'NONE', #531, 1000.000000000000000 ) ;
#409 = ORIENTED_EDGE ( 'NONE', *, *, #1830, .F. ) ;
#410 = VERTEX_POINT ( 'NONE', #4691 ) ;
#411 = DIRECTION ( 'NONE',  ( 0.000000000000000000, 0.3162277660168079652, 0.9486832980505238710 ) ) ;
#412 = DIRECTION ( 'NONE',  ( -0.6092076990801816860, 0.5076730825667846725, 0.6092076990801816860 ) ) ;
#413 = CARTESIAN_POINT ( 'NONE',  ( -6.325000000000001066, 8.500000000000000000, 0.7500000000000000000 ) ) ;
#414 = ORIENTED_EDGE ( 'NONE', *, *, #4014, .T. ) ;
#415 = PLANE ( 'NONE',  #3956 ) ;
#416 = CARTESIAN_POINT ( 'NONE',  ( 1.925000000000000044, 8.500000000000000000, -1.250000000000000000 ) ) ;
#417 = CARTESIAN_POINT ( 'NONE',  ( -2.680000000000000160, 7.500000000000000000, -0.3200000000000000067 ) ) ;
#418 = DIRECTION ( 'NONE',  ( 1.000000000000000000, 0.000000000000000000, 0.000000000000000000 ) ) ;
#419 = PLANE ( 'NONE',  #1463 ) ;
#420 = ORIENTED_EDGE ( 'NONE', *, *, #4704, .F. ) ;
#421 = CARTESIAN_POINT ( 'NONE',  ( 0.3199999999999999512, 1.349999999999999645, 1.649999999999999911 ) ) ;
#422 = PLANE ( 'NONE',  #2898 ) ;
#423 = CARTESIAN_POINT ( 'NONE',  ( -4.939999999999999503, 1.269999999999999352, 0.8750000000000000000 ) ) ;
#424 = LINE ( 'NONE', #5084, #3284 ) ;
#425 = AXIS2_PLACEMENT_3D ( 'NONE', #1172, #1582, #2924 ) ;
#426 = VERTEX_POINT ( 'NONE', #521 ) ;
#427 = FACE_OUTER_BOUND ( 'NONE', #2825, .T. ) ;
#428 = PRESENTATION_LAYER_ASSIGNMENT (  '', '', ( #2874 ) ) ;
#429 = DIRECTION ( 'NONE',  ( 0.000000000000000000, 1.000000000000000000, 0.000000000000000000 ) ) ;
#430 = ORIENTED_EDGE ( 'NONE', *, *, #2566, .T. ) ;
#431 = ORIENTED_EDGE ( 'NONE', *, *, #1976, .F. ) ;
#432 = PLANE ( 'NONE',  #5352 ) ;
#433 = EDGE_CURVE ( 'NONE', #2015, #2389, #4306, .T. ) ;
#434 = CARTESIAN_POINT ( 'NONE',  ( -0.3199999999999999512, 3.299999999999999378, 0.3200000000000000067 ) ) ;
#435 = ORIENTED_EDGE ( 'NONE', *, *, #2532, .T. ) ;
#436 = PLANE ( 'NONE',  #451 ) ;
#437 = EDGE_CURVE ( 'NONE', #4340, #2670, #5130, .T. ) ;
#438 = DIRECTION ( 'NONE',  ( 1.000000000000000000, 0.000000000000000000, 0.000000000000000000 ) ) ;
#439 = LINE ( 'NONE', #3761, #1562 ) ;
#440 = ADVANCED_FACE ( 'NONE', ( #1773 ), #3039, .T. ) ;
#441 = CARTESIAN_POINT ( 'NONE',  ( -2.680000000000000160, 1.349999999999999645, -1.930000000000000160 ) ) ;
#442 = ORIENTED_EDGE ( 'NONE', *, *, #4578, .T. ) ;
#443 = CARTESIAN_POINT ( 'NONE',  ( 0.3199999999999999512, 0.6999999999999992895, 1.649999999999999911 ) ) ;
#444 = ORIENTED_EDGE ( 'NONE', *, *, #2793, .F. ) ;
#445 = DIRECTION ( 'NONE',  ( 0.000000000000000000, 0.000000000000000000, -1.000000000000000000 ) ) ;
#446 = VECTOR ( 'NONE', #3290, 1000.000000000000000 ) ;
#447 = LINE ( 'NONE', #2061, #3420 ) ;
#448 = DIRECTION ( 'NONE',  ( 0.000000000000000000, 0.000000000000000000, 1.000000000000000000 ) ) ;
#449 = DIRECTION ( 'NONE',  ( 0.000000000000000000, 0.000000000000000000, -1.000000000000000000 ) ) ;
#450 = ORIENTED_EDGE ( 'NONE', *, *, #3816, .T. ) ;
#451 = AXIS2_PLACEMENT_3D ( 'NONE', #84, #1687, #5148 ) ;
#452 = CARTESIAN_POINT ( 'NONE',  ( -0.3199999999999999512, 0.6699999999999995959, 0.8750000000000000000 ) ) ;
#453 = DIRECTION ( 'NONE',  ( 0.000000000000000000, -1.000000000000000000, 0.000000000000000000 ) ) ;
#454 = EDGE_CURVE ( 'NONE', #545, #5394, #1391, .T. ) ;
#455 = VECTOR ( 'NONE', #4221, 1000.000000000000000 ) ;
#456 = ADVANCED_FACE ( 'NONE', ( #2629 ), #3896, .T. ) ;
#457 = ADVANCED_FACE ( 'NONE', ( #3373 ), #4227, .T. ) ;
#458 = ORIENTED_EDGE ( 'NONE', *, *, #707, .F. ) ;
#459 = ORIENTED_EDGE ( 'NONE', *, *, #487, .T. ) ;
#460 = EDGE_CURVE ( 'NONE', #4340, #2231, #3508, .T. ) ;
#461 = CARTESIAN_POINT ( 'NONE',  ( -3.319999999999999840, 6.899999999999999467, 0.3200000000000000067 ) ) ;
#462 = CARTESIAN_POINT ( 'NONE',  ( -2.680000000000000160, 0.6999999999999992895, -0.8750000000000000000 ) ) ;
#463 = ORIENTED_EDGE ( 'NONE', *, *, #5123, .T. ) ;
#464 = DIRECTION ( 'NONE',  ( 0.000000000000000000, -1.000000000000000000, 0.000000000000000000 ) ) ;
#465 = CARTESIAN_POINT ( 'NONE',  ( -0.3199999999999999512, 0.6999999999999992895, -0.8750000000000000000 ) ) ;
#466 = PLANE ( 'NONE',  #3759 ) ;
#467 = DIRECTION ( 'NONE',  ( 0.000000000000000000, 0.000000000000000000, 1.000000000000000000 ) ) ;
#468 = ORIENTED_EDGE ( 'NONE', *, *, #3697, .F. ) ;
#469 = CARTESIAN_POINT ( 'NONE',  ( 2.974999999999999645, -1.400000000000000133, 1.869999999999999885 ) ) ;
#470 = EDGE_LOOP ( 'NONE', ( #4399, #2176, #5155, #5142, #2610, #2258, #3445, #2569, #4999, #4915, #4868, #1871, #3843, #5224, #4764, #4834 ) ) ;
#471 = PLANE ( 'NONE',  #3240 ) ;
#472 = CARTESIAN_POINT ( 'NONE',  ( -6.325000000000001066, -8.673617379884035472E-16, 1.270000000000000018 ) ) ;
#473 = CARTESIAN_POINT ( 'NONE',  ( -0.3199999999999999512, 1.269999999999999352, 0.8750000000000000000 ) ) ;
#474 = DIRECTION ( 'NONE',  ( 0.000000000000000000, -1.000000000000000000, 0.000000000000000000 ) ) ;
#475 = ORIENTED_EDGE ( 'NONE', *, *, #2297, .F. ) ;
#476 = LINE ( 'NONE', #4343, #997 ) ;
#477 = PLANE ( 'NONE',  #1965 ) ;
#478 = VECTOR ( 'NONE', #5198, 1000.000000000000000 ) ;
#479 = VECTOR ( 'NONE', #4119, 1000.000000000000000 ) ;
#480 = ORIENTED_EDGE ( 'NONE', *, *, #1796, .F. ) ;
#481 = VERTEX_POINT ( 'NONE', #3626 ) ;
#482 = ORIENTED_EDGE ( 'NONE', *, *, #4341, .F. ) ;
#483 = EDGE_CURVE ( 'NONE', #3347, #2998, #711, .T. ) ;
#484 = VECTOR ( 'NONE', #4669, 1000.000000000000000 ) ;
#485 = ORIENTED_EDGE ( 'NONE', *, *, #3276, .T. ) ;
#486 = VECTOR ( 'NONE', #100, 1000.000000000000000 ) ;
#487 = EDGE_CURVE ( 'NONE', #4156, #168, #5184, .T. ) ;
#488 = VECTOR ( 'NONE', #4855, 1000.000000000000000 ) ;
#489 = COLOUR_RGB ( '',0.7921568627450980005, 0.8196078431372548767, 0.9333333333333333481 ) ;
#490 = LINE ( 'NONE', #2542, #2605 ) ;
#491 = ORIENTED_EDGE ( 'NONE', *, *, #1401, .T. ) ;
#492 = DIRECTION ( 'NONE',  ( 1.000000000000000000, 0.000000000000000000, 0.000000000000000000 ) ) ;
#493 = CARTESIAN_POINT ( 'NONE',  ( -5.674999999999999822, -1.150000000000000799, 2.469999999999999751 ) ) ;
#494 = CARTESIAN_POINT ( 'NONE',  ( 3.325000000000000178, 1.269999999999999352, 0.8750000000000000000 ) ) ;
#495 = DIRECTION ( 'NONE',  ( -1.000000000000000000, 0.000000000000000000, 0.000000000000000000 ) ) ;
#496 = ORIENTED_EDGE ( 'NONE', *, *, #2946, .F. ) ;
#497 = LINE ( 'NONE', #1338, #4454 ) ;
#498 = CARTESIAN_POINT ( 'NONE',  ( 0.3199999999999999512, 0.6999999999999992895, 0.3200000000000000067 ) ) ;
#499 = CARTESIAN_POINT ( 'NONE',  ( -4.939999999999999503, -8.673617379884035472E-16, -1.270000000000000018 ) ) ;
#500 = CARTESIAN_POINT ( 'NONE',  ( 2.389999999999999680, 1.269999999999999352, 0.8750000000000000000 ) ) ;
#501 = CARTESIAN_POINT ( 'NONE',  ( -5.389999999999999680, 1.849999999999999645, 1.916979166667000190 ) ) ;
#502 = EDGE_CURVE ( 'NONE', #1974, #4802, #2710, .T. ) ;
#503 = ORIENTED_EDGE ( 'NONE', *, *, #3644, .F. ) ;
#504 = AXIS2_PLACEMENT_3D ( 'NONE', #4931, #4167, #4959 ) ;
#505 = CARTESIAN_POINT ( 'NONE',  ( 2.389999999999999680, 0.6699999999999995959, 1.270000000000000018 ) ) ;
#506 = LINE ( 'NONE', #5111, #408 ) ;
#507 = EDGE_LOOP ( 'NONE', ( #4049, #3492, #3745, #2189 ) ) ;
#508 = ORIENTED_EDGE ( 'NONE', *, *, #2793, .T. ) ;
#509 = ORIENTED_EDGE ( 'NONE', *, *, #4820, .T. ) ;
#510 = VECTOR ( 'NONE', #4932, 1000.000000000000000 ) ;
#511 = DIRECTION ( 'NONE',  ( 0.7071067811865475727, 0.7071067811865475727, -0.000000000000000000 ) ) ;
#512 = CARTESIAN_POINT ( 'NONE',  ( 0.3199999999999999512, 1.349999999999999645, -1.930000000000000160 ) ) ;
#513 = EDGE_LOOP ( 'NONE', ( #1027, #915, #1693, #1542 ) ) ;
#514 = DIRECTION ( 'NONE',  ( 0.000000000000000000, 0.000000000000000000, -1.000000000000000000 ) ) ;
#515 = CARTESIAN_POINT ( 'NONE',  ( -1.270000000000000018, 9.899999999999998579, -1.250000000000000000 ) ) ;
#516 = DIRECTION ( 'NONE',  ( 0.000000000000000000, 0.000000000000000000, -1.000000000000000000 ) ) ;
#517 = CARTESIAN_POINT ( 'NONE',  ( -3.319999999999999840, 3.299999999999999378, 0.3200000000000000067 ) ) ;
#518 = ADVANCED_FACE ( 'NONE', ( #2300 ), #3091, .T. ) ;
#519 = EDGE_LOOP ( 'NONE', ( #163, #4477, #4462, #2749 ) ) ;
#520 = EDGE_CURVE ( 'NONE', #4433, #272, #2683, .T. ) ;
#521 = CARTESIAN_POINT ( 'NONE',  ( -2.680000000000000160, -8.673617379884035472E-16, -1.270000000000000018 ) ) ;
#522 = DIRECTION ( 'NONE',  ( 1.000000000000000000, 0.000000000000000000, 0.000000000000000000 ) ) ;
#523 = EDGE_CURVE ( 'NONE', #3911, #1595, #3978, .T. ) ;
#524 = PLANE ( 'NONE',  #2586 ) ;
#525 = CARTESIAN_POINT ( 'NONE',  ( 0.1199999999999998845, 7.500000000000000000, -0.1200000000000000094 ) ) ;
#526 = LINE ( 'NONE', #2634, #1002 ) ;
#527 = ORIENTED_EDGE ( 'NONE', *, *, #1501, .T. ) ;
#528 = ORIENTED_EDGE ( 'NONE', *, *, #171, .F. ) ;
#529 = CARTESIAN_POINT ( 'NONE',  ( -2.799999999999999822, 8.149999999999998579, -3.135000000000000231 ) ) ;
#530 = EDGE_CURVE ( 'NONE', #2280, #5311, #3148, .T. ) ;
#531 = DIRECTION ( 'NONE',  ( 0.000000000000000000, 0.000000000000000000, 1.000000000000000000 ) ) ;
#532 = VECTOR ( 'NONE', #3349, 1000.000000000000000 ) ;
#533 = DIRECTION ( 'NONE',  ( 0.000000000000000000, 0.000000000000000000, 1.000000000000000000 ) ) ;
#534 = ORIENTED_EDGE ( 'NONE', *, *, #502, .T. ) ;
#535 = ORIENTED_EDGE ( 'NONE', *, *, #1276, .T. ) ;
#536 = VECTOR ( 'NONE', #1856, 1000.000000000000000 ) ;
#537 = LINE ( 'NONE', #2701, #3726 ) ;
#538 = CARTESIAN_POINT ( 'NONE',  ( -5.389999999999999680, 1.699999999999999734, 1.680000000000000160 ) ) ;
#539 = ADVANCED_FACE ( 'NONE', ( #4009 ), #1065, .F. ) ;
#540 = EDGE_LOOP ( 'NONE', ( #625, #2525, #3432, #4914, #4374, #5146, #2067, #5038 ) ) ;
#541 = CARTESIAN_POINT ( 'NONE',  ( -6.325000000000001066, 0.6699999999999995959, 1.270000000000000018 ) ) ;
#542 = CARTESIAN_POINT ( 'NONE',  ( -0.3199999999999999512, 0.6999999999999992895, 1.649999999999999911 ) ) ;
#543 = DIRECTION ( 'NONE',  ( -1.000000000000000000, 0.000000000000000000, 0.000000000000000000 ) ) ;
#544 = CARTESIAN_POINT ( 'NONE',  ( 1.939999999999999947, -8.673617379884035472E-16, 1.680000000000000160 ) ) ;
#545 = VERTEX_POINT ( 'NONE', #4824 ) ;
#546 = CARTESIAN_POINT ( 'NONE',  ( 2.389999999999999680, -8.673617379884035472E-16, -1.270000000000000018 ) ) ;
#547 = EDGE_CURVE ( 'NONE', #4962, #4642, #601, .T. ) ;
#548 = DIRECTION ( 'NONE',  ( 0.000000000000000000, 0.000000000000000000, 1.000000000000000000 ) ) ;
#549 = CARTESIAN_POINT ( 'NONE',  ( -5.389999999999999680, 1.849999999999999645, 1.916979166667000190 ) ) ;
#550 = EDGE_CURVE ( 'NONE', #177, #2895, #2737, .T. ) ;
#551 = CARTESIAN_POINT ( 'NONE',  ( -2.680000000000000160, 2.549999999999999822, -0.3200000000000000067 ) ) ;
#552 = LINE ( 'NONE', #1453, #231 ) ;
#553 = ORIENTED_EDGE ( 'NONE', *, *, #698, .F. ) ;
#554 = ORIENTED_EDGE ( 'NONE', *, *, #3040, .F. ) ;
#555 = PRESENTATION_STYLE_ASSIGNMENT (( #3077 ) ) ;
#556 = DIRECTION ( 'NONE',  ( 0.000000000000000000, 0.000000000000000000, -1.000000000000000000 ) ) ;
#557 = DIRECTION ( 'NONE',  ( 0.000000000000000000, 0.000000000000000000, 1.000000000000000000 ) ) ;
#558 = VERTEX_POINT ( 'NONE', #657 ) ;
#559 = ORIENTED_EDGE ( 'NONE', *, *, #4345, .T. ) ;
#560 = CARTESIAN_POINT ( 'NONE',  ( 2.389999999999999680, 1.699999999999999734, -1.930000000000000160 ) ) ;
#561 = AXIS2_PLACEMENT_3D ( 'NONE', #2141, #883, #2581 ) ;
#562 = ADVANCED_FACE ( 'NONE', ( #255 ), #1914, .T. ) ;
#563 = ORIENTED_EDGE ( 'NONE', *, *, #2431, .F. ) ;
#564 = CARTESIAN_POINT ( 'NONE',  ( 1.269999999999999796, 9.899999999999998579, -1.250000000000000000 ) ) ;
#565 = VECTOR ( 'NONE', #2990, 1000.000000000000000 ) ;
#566 = VECTOR ( 'NONE', #3036, 1000.000000000000000 ) ;
#567 = ORIENTED_EDGE ( 'NONE', *, *, #5293, .T. ) ;
#568 = AXIS2_PLACEMENT_3D ( 'NONE', #1225, #1143, #1959 ) ;
#569 = CARTESIAN_POINT ( 'NONE',  ( 3.325000000000000178, -8.673617379884035472E-16, 1.570000000000000062 ) ) ;
#570 = FACE_OUTER_BOUND ( 'NONE', #261, .T. ) ;
#571 = AXIS2_PLACEMENT_3D ( 'NONE', #3744, #908, #96 ) ;
#572 = CARTESIAN_POINT ( 'NONE',  ( -5.365000000000000213, 1.849999999999999645, 1.930000000000000160 ) ) ;
#573 = ORIENTED_EDGE ( 'NONE', *, *, #3758, .F. ) ;
#574 = CARTESIAN_POINT ( 'NONE',  ( 2.389999999999999680, 0.6699999999999995959, -0.8750000000000000000 ) ) ;
#575 = CARTESIAN_POINT ( 'NONE',  ( -6.174999999999999822, -1.275000000000000133, 2.020000000000000018 ) ) ;
#576 = CARTESIAN_POINT ( 'NONE',  ( 2.674999999999999822, -8.673617379884035472E-16, 2.469999999999999751 ) ) ;
#577 = CARTESIAN_POINT ( 'NONE',  ( -5.974999999999999645, -1.400000000000000133, 2.169999999999999929 ) ) ;
#578 = DIRECTION ( 'NONE',  ( 0.000000000000000000, 0.000000000000000000, -1.000000000000000000 ) ) ;
#579 = EDGE_LOOP ( 'NONE', ( #1510, #1736, #3802 ) ) ;
#580 = ORIENTED_EDGE ( 'NONE', *, *, #1654, .T. ) ;
#581 = EDGE_CURVE ( 'NONE', #3026, #4000, #3537, .T. ) ;
#582 = CARTESIAN_POINT ( 'NONE',  ( -0.2000000000000000944, 7.399999999999999467, -2.435000000000000053 ) ) ;
#583 = DIRECTION ( 'NONE',  ( -0.9486832980505238710, 0.3162277660168079652, 0.000000000000000000 ) ) ;
#584 = ORIENTED_EDGE ( 'NONE', *, *, #5051, .F. ) ;
#585 = VERTEX_POINT ( 'NONE', #1447 ) ;
#586 = EDGE_CURVE ( 'NONE', #321, #2324, #3120, .T. ) ;
#587 = EDGE_CURVE ( 'NONE', #2352, #4917, #1504, .T. ) ;
#588 = EDGE_LOOP ( 'NONE', ( #893, #2718, #5220, #1676 ) ) ;
#589 = DIRECTION ( 'NONE',  ( 0.000000000000000000, 0.000000000000000000, 1.000000000000000000 ) ) ;
#590 = SURFACE_SIDE_STYLE ('',( #675 ) ) ;
#591 = EDGE_LOOP ( 'NONE', ( #3478, #3904, #1223, #5334 ) ) ;
#592 = DIRECTION ( 'NONE',  ( -1.000000000000000000, 0.000000000000000000, 0.000000000000000000 ) ) ;
#593 = ORIENTED_EDGE ( 'NONE', *, *, #2486, .F. ) ;
#594 = VECTOR ( 'NONE', #3388, 1000.000000000000000 ) ;
#595 = FACE_OUTER_BOUND ( 'NONE', #3126, .T. ) ;
#596 = EDGE_CURVE ( 'NONE', #3604, #4087, #4446, .T. ) ;
#597 = DIRECTION ( 'NONE',  ( -1.000000000000000000, 0.000000000000000000, 0.000000000000000000 ) ) ;
#598 = DIRECTION ( 'NONE',  ( 0.000000000000000000, -1.000000000000000000, 0.000000000000000000 ) ) ;
#599 = ORIENTED_EDGE ( 'NONE', *, *, #2717, .T. ) ;
#600 = EDGE_CURVE ( 'NONE', #3058, #3884, #3205, .T. ) ;
#601 = LINE ( 'NONE', #4469, #2463 ) ;
#602 = DIRECTION ( 'NONE',  ( -1.000000000000000000, 0.000000000000000000, 0.000000000000000000 ) ) ;
#603 = LINE ( 'NONE', #3876, #5289 ) ;
#604 = DIRECTION ( 'NONE',  ( 0.6401843996644798196, -0.7682212795973758501, 0.000000000000000000 ) ) ;
#605 = EDGE_CURVE ( 'NONE', #1030, #691, #4061, .T. ) ;
#606 = CARTESIAN_POINT ( 'NONE',  ( 3.325000000000000178, -8.673617379884035472E-16, 1.570000000000000062 ) ) ;
#607 = CARTESIAN_POINT ( 'NONE',  ( 0.3199999999999999512, -8.673617379884035472E-16, -1.930000000000000160 ) ) ;
#608 = EDGE_LOOP ( 'NONE', ( #34, #181, #4987, #3486, #1198 ) ) ;
#609 = ORIENTED_EDGE ( 'NONE', *, *, #5005, .F. ) ;
#610 = DIRECTION ( 'NONE',  ( 0.000000000000000000, 0.000000000000000000, 1.000000000000000000 ) ) ;
#611 = CARTESIAN_POINT ( 'NONE',  ( -3.319999999999999840, 0.6999999999999992895, -0.8750000000000000000 ) ) ;
#612 = EDGE_LOOP ( 'NONE', ( #237, #1929, #4946, #2116 ) ) ;
#613 = ORIENTED_EDGE ( 'NONE', *, *, #275, .T. ) ;
#614 = VECTOR ( 'NONE', #4935, 1000.000000000000000 ) ;
#615 = ORIENTED_EDGE ( 'NONE', *, *, #1848, .T. ) ;
#616 = VERTEX_POINT ( 'NONE', #4606 ) ;
#617 = EDGE_CURVE ( 'NONE', #3719, #977, #2414, .T. ) ;
#618 = CARTESIAN_POINT ( 'NONE',  ( 0.3199999999999999512, 6.899999999999999467, 0.3200000000000000067 ) ) ;
#619 = VECTOR ( 'NONE', #2939, 1000.000000000000000 ) ;
#620 = EDGE_CURVE ( 'NONE', #4297, #1141, #2491, .T. ) ;
#621 = EDGE_CURVE ( 'NONE', #1000, #3411, #1148, .T. ) ;
#622 =( NAMED_UNIT ( * ) SI_UNIT ( $, .STERADIAN. ) SOLID_ANGLE_UNIT ( ) );
#623 = ORIENTED_EDGE ( 'NONE', *, *, #3754, .F. ) ;
#624 = CARTESIAN_POINT ( 'NONE',  ( 3.325000000000000178, 8.500000000000000000, -1.250000000000000000 ) ) ;
#625 = ORIENTED_EDGE ( 'NONE', *, *, #1242, .F. ) ;
#626 = ORIENTED_EDGE ( 'NONE', *, *, #1020, .F. ) ;
#627 = LINE ( 'NONE', #2295, #4600 ) ;
#628 = CARTESIAN_POINT ( 'NONE',  ( 1.939999999999999947, 0.6699999999999995959, -1.270000000000000018 ) ) ;
#629 = CARTESIAN_POINT ( 'NONE',  ( -3.319999999999999840, 0.6999999999999992895, -0.3200000000000000067 ) ) ;
#630 = ORIENTED_EDGE ( 'NONE', *, *, #3305, .T. ) ;
#631 = DIRECTION ( 'NONE',  ( 0.000000000000000000, 0.000000000000000000, 1.000000000000000000 ) ) ;
#632 = PLANE ( 'NONE',  #5171 ) ;
#633 = CARTESIAN_POINT ( 'NONE',  ( -2.680000000000000160, -8.673617379884035472E-16, -1.930000000000000160 ) ) ;
#634 = PLANE ( 'NONE',  #5390 ) ;
#635 = CARTESIAN_POINT ( 'NONE',  ( -6.325000000000001066, -8.673617379884035472E-16, 1.570000000000000062 ) ) ;
#636 = ORIENTED_EDGE ( 'NONE', *, *, #4097, .T. ) ;
#637 = ORIENTED_EDGE ( 'NONE', *, *, #275, .F. ) ;
#638 = LINE ( 'NONE', #5332, #4418 ) ;
#639 = FACE_OUTER_BOUND ( 'NONE', #4260, .T. ) ;
#640 = EDGE_LOOP ( 'NONE', ( #1446, #4137, #4138, #1345 ) ) ;
#641 = EDGE_LOOP ( 'NONE', ( #450, #2575, #4044, #655, #3516, #1617 ) ) ;
#642 = ORIENTED_EDGE ( 'NONE', *, *, #5105, .F. ) ;
#643 = AXIS2_PLACEMENT_3D ( 'NONE', #3646, #2838, #4114 ) ;
#644 = DIRECTION ( 'NONE',  ( 0.7071067811865475727, 0.000000000000000000, -0.7071067811865475727 ) ) ;
#645 = ORIENTED_EDGE ( 'NONE', *, *, #3778, .F. ) ;
#646 = ORIENTED_EDGE ( 'NONE', *, *, #433, .F. ) ;
#647 = ADVANCED_FACE ( 'NONE', ( #2077 ), #2876, .T. ) ;
#648 = LINE ( 'NONE', #2320, #3180 ) ;
#649 = ORIENTED_EDGE ( 'NONE', *, *, #2729, .F. ) ;
#650 = EDGE_CURVE ( 'NONE', #2208, #2869, #4172, .T. ) ;
#651 = CARTESIAN_POINT ( 'NONE',  ( -2.680000000000000160, 1.349999999999999645, -1.930000000000000160 ) ) ;
#652 = DIRECTION ( 'NONE',  ( 0.000000000000000000, 0.000000000000000000, -1.000000000000000000 ) ) ;
#653 = DIRECTION ( 'NONE',  ( 1.000000000000000000, 0.000000000000000000, 0.000000000000000000 ) ) ;
#654 = VECTOR ( 'NONE', #589, 1000.000000000000000 ) ;
#655 = ORIENTED_EDGE ( 'NONE', *, *, #1429, .T. ) ;
#656 = VECTOR ( 'NONE', #295, 1000.000000000000000 ) ;
#657 = CARTESIAN_POINT ( 'NONE',  ( -4.939999999999999503, 0.6699999999999995959, -1.270000000000000018 ) ) ;
#658 = LINE ( 'NONE', #4880, #4643 ) ;
#659 = VECTOR ( 'NONE', #4259, 1000.000000000000000 ) ;
#660 = VECTOR ( 'NONE', #2175, 1000.000000000000000 ) ;
#661 = FACE_OUTER_BOUND ( 'NONE', #1631, .T. ) ;
#662 = DIRECTION ( 'NONE',  ( 0.000000000000000000, 0.000000000000000000, 1.000000000000000000 ) ) ;
#663 = AXIS2_PLACEMENT_3D ( 'NONE', #5271, #2336, #4417 ) ;
#664 = DIRECTION ( 'NONE',  ( 1.000000000000000000, 0.000000000000000000, 0.000000000000000000 ) ) ;
#665 = ORIENTED_EDGE ( 'NONE', *, *, #3108, .T. ) ;
#666 = ORIENTED_EDGE ( 'NONE', *, *, #3166, .F. ) ;
#667 = EDGE_CURVE ( 'NONE', #2869, #3984, #4092, .T. ) ;
#668 = PRESENTATION_STYLE_ASSIGNMENT (( #5253 ) ) ;
#669 = DIRECTION ( 'NONE',  ( 0.000000000000000000, 0.000000000000000000, -1.000000000000000000 ) ) ;
#670 = ORIENTED_EDGE ( 'NONE', *, *, #2962, .F. ) ;
#671 = ORIENTED_EDGE ( 'NONE', *, *, #790, .T. ) ;
#672 = EDGE_CURVE ( 'NONE', #4431, #2997, #2517, .T. ) ;
#673 = ORIENTED_EDGE ( 'NONE', *, *, #2329, .F. ) ;
#674 = DIRECTION ( 'NONE',  ( 0.000000000000000000, 0.000000000000000000, -1.000000000000000000 ) ) ;
#675 = SURFACE_STYLE_FILL_AREA ( #1056 ) ;
#676 = ORIENTED_EDGE ( 'NONE', *, *, #4117, .T. ) ;
#677 = DIRECTION ( 'NONE',  ( 0.000000000000000000, 0.000000000000000000, -1.000000000000000000 ) ) ;
#678 = ORIENTED_EDGE ( 'NONE', *, *, #1976, .T. ) ;
#679 = DIRECTION ( 'NONE',  ( 1.000000000000000000, 0.000000000000000000, 0.000000000000000000 ) ) ;
#680 = CARTESIAN_POINT ( 'NONE',  ( -3.319999999999999840, 1.349999999999999645, -1.930000000000000160 ) ) ;
#681 = DIRECTION ( 'NONE',  ( -1.000000000000000000, 0.000000000000000000, 0.000000000000000000 ) ) ;
#682 = VECTOR ( 'NONE', #974, 1000.000000000000000 ) ;
#683 = ORIENTED_EDGE ( 'NONE', *, *, #3364, .T. ) ;
#684 = CARTESIAN_POINT ( 'NONE',  ( -2.680000000000000160, -8.673617379884035472E-16, 1.680000000000000160 ) ) ;
#685 = VECTOR ( 'NONE', #664, 1000.000000000000000 ) ;
#686 = DIRECTION ( 'NONE',  ( -1.000000000000000000, 0.000000000000000000, 0.000000000000000000 ) ) ;
#687 = LINE ( 'NONE', #2360, #2064 ) ;
#688 = EDGE_CURVE ( 'NONE', #795, #2507, #3341, .T. ) ;
#689 = CARTESIAN_POINT ( 'NONE',  ( -1.729999999999999982, 9.899999999999998579, -1.250000000000000000 ) ) ;
#690 = CARTESIAN_POINT ( 'NONE',  ( 3.325000000000000178, -1.150000000000000799, 2.469999999999999751 ) ) ;
#691 = VERTEX_POINT ( 'NONE', #4123 ) ;
#692 = VERTEX_POINT ( 'NONE', #3259 ) ;
#693 = ADVANCED_FACE ( 'NONE', ( #333 ), #415, .T. ) ;
#694 = DIRECTION ( 'NONE',  ( 0.000000000000000000, -1.000000000000000000, 0.000000000000000000 ) ) ;
#695 = CARTESIAN_POINT ( 'NONE',  ( -1.270000000000000018, 9.899999999999998579, 0.5500000000000000444 ) ) ;
#696 = ORIENTED_EDGE ( 'NONE', *, *, #1741, .T. ) ;
#697 = ORIENTED_EDGE ( 'NONE', *, *, #2224, .T. ) ;
#698 = EDGE_CURVE ( 'NONE', #5329, #4721, #765, .T. ) ;
#699 = CARTESIAN_POINT ( 'NONE',  ( -2.680000000000000160, 0.6999999999999992895, 0.3200000000000000067 ) ) ;
#700 = CARTESIAN_POINT ( 'NONE',  ( 2.389999999999999680, -8.673617379884035472E-16, 2.469999999999999751 ) ) ;
#701 = VERTEX_POINT ( 'NONE', #2440 ) ;
#702 = CARTESIAN_POINT ( 'NONE',  ( 1.925000000000000044, 8.500000000000000000, 0.7500000000000000000 ) ) ;
#703 = ORIENTED_EDGE ( 'NONE', *, *, #586, .F. ) ;
#704 = VECTOR ( 'NONE', #4744, 1000.000000000000000 ) ;
#705 = FACE_OUTER_BOUND ( 'NONE', #3106, .T. ) ;
#706 = DIRECTION ( 'NONE',  ( 1.000000000000000000, 0.000000000000000000, 0.000000000000000000 ) ) ;
#707 = EDGE_CURVE ( 'NONE', #2678, #4000, #3678, .T. ) ;
#708 = CARTESIAN_POINT ( 'NONE',  ( -0.5699999999999999512, 9.899999999999998579, 1.250000000000000000 ) ) ;
#709 = VERTEX_POINT ( 'NONE', #3318 ) ;
#710 = VECTOR ( 'NONE', #3419, 1000.000000000000000 ) ;
#711 = LINE ( 'NONE', #4794, #1758 ) ;
#712 = CARTESIAN_POINT ( 'NONE',  ( 3.325000000000000178, 1.449999999999999512, 0.1137500000000000039 ) ) ;
#713 = DIRECTION ( 'NONE',  ( 0.000000000000000000, -1.000000000000000000, 0.000000000000000000 ) ) ;
#714 = VECTOR ( 'NONE', #3945, 1000.000000000000000 ) ;
#715 = DIRECTION ( 'NONE',  ( 1.000000000000000000, 0.000000000000000000, 0.000000000000000000 ) ) ;
#716 = DIRECTION ( 'NONE',  ( -1.000000000000000000, 0.000000000000000000, 0.000000000000000000 ) ) ;
#717 = ORIENTED_EDGE ( 'NONE', *, *, #4318, .T. ) ;
#718 = ORIENTED_EDGE ( 'NONE', *, *, #4557, .T. ) ;
#719 = EDGE_CURVE ( 'NONE', #1514, #410, #387, .T. ) ;
#720 = EDGE_CURVE ( 'NONE', #1261, #1133, #5348, .T. ) ;
#721 = LINE ( 'NONE', #1539, #4595 ) ;
#722 = LINE ( 'NONE', #2391, #1356 ) ;
#723 = ORIENTED_EDGE ( 'NONE', *, *, #1571, .F. ) ;
#724 = ORIENTED_EDGE ( 'NONE', *, *, #1415, .T. ) ;
#725 = ORIENTED_EDGE ( 'NONE', *, *, #4303, .T. ) ;
#726 = LINE ( 'NONE', #4109, #1190 ) ;
#727 = CARTESIAN_POINT ( 'NONE',  ( 0.3199999999999999512, 1.269999999999999352, -0.8750000000000000000 ) ) ;
#728 = ORIENTED_EDGE ( 'NONE', *, *, #2609, .T. ) ;
#729 = CARTESIAN_POINT ( 'NONE',  ( 3.274999999999999911, 1.449999999999999512, -0.04250000000000000305 ) ) ;
#730 = EDGE_LOOP ( 'NONE', ( #2251, #3670, #1287, #1386 ) ) ;
#731 = DIRECTION ( 'NONE',  ( -1.000000000000000000, 0.000000000000000000, 0.000000000000000000 ) ) ;
#732 = CARTESIAN_POINT ( 'NONE',  ( -3.319999999999999840, 1.349999999999999645, -1.930000000000000160 ) ) ;
#733 = EDGE_CURVE ( 'NONE', #1514, #1824, #3705, .T. ) ;
#734 = DIRECTION ( 'NONE',  ( 0.000000000000000000, 0.000000000000000000, 1.000000000000000000 ) ) ;
#735 = EDGE_LOOP ( 'NONE', ( #5313, #5167, #2250, #2023 ) ) ;
#736 = CARTESIAN_POINT ( 'NONE',  ( -0.3199999999999999512, -2.580000000000000515, -0.3200000000000000067 ) ) ;
#737 = CARTESIAN_POINT ( 'NONE',  ( -4.269999999999999574, 3.299999999999999378, 1.250000000000000000 ) ) ;
#738 = FACE_OUTER_BOUND ( 'NONE', #879, .T. ) ;
#739 = VECTOR ( 'NONE', #1756, 1000.000000000000000 ) ;
#740 = CARTESIAN_POINT ( 'NONE',  ( -5.365000000000000213, 1.849999999999999645, 1.930000000000000160 ) ) ;
#741 = VECTOR ( 'NONE', #2901, 1000.000000000000000 ) ;
#742 = DIRECTION ( 'NONE',  ( 0.000000000000000000, 1.000000000000000000, 0.000000000000000000 ) ) ;
#743 = CARTESIAN_POINT ( 'NONE',  ( 0.3199999999999999512, 1.269999999999999352, -0.8750000000000000000 ) ) ;
#744 = ORIENTED_EDGE ( 'NONE', *, *, #59, .F. ) ;
#745 = ORIENTED_EDGE ( 'NONE', *, *, #3179, .F. ) ;
#746 = AXIS2_PLACEMENT_3D ( 'NONE', #4841, #1901, #4401 ) ;
#747 = AXIS2_PLACEMENT_3D ( 'NONE', #3908, #3103, #3490 ) ;
#748 = LINE ( 'NONE', #4205, #3606 ) ;
#749 = PLANE ( 'NONE',  #3903 ) ;
#750 = AXIS2_PLACEMENT_3D ( 'NONE', #1760, #2174, #1838 ) ;
#751 = ORIENTED_EDGE ( 'NONE', *, *, #4012, .F. ) ;
#752 = VERTEX_POINT ( 'NONE', #5371 ) ;
#753 = CARTESIAN_POINT ( 'NONE',  ( -6.325000000000001066, 1.849999999999999645, 2.469999999999999751 ) ) ;
#754 = DIRECTION ( 'NONE',  ( 1.000000000000000000, 0.000000000000000000, 0.000000000000000000 ) ) ;
#755 = ADVANCED_FACE ( 'NONE', ( #1609 ), #1204, .T. ) ;
#756 = EDGE_CURVE ( 'NONE', #3776, #752, #796, .T. ) ;
#757 = VERTEX_POINT ( 'NONE', #1253 ) ;
#758 = DIRECTION ( 'NONE',  ( -0.000000000000000000, 1.000000000000000000, 0.000000000000000000 ) ) ;
#759 = ORIENTED_EDGE ( 'NONE', *, *, #3112, .T. ) ;
#760 = CARTESIAN_POINT ( 'NONE',  ( 0.3199999999999999512, 0.6999999999999992895, -0.8750000000000000000 ) ) ;
#761 = PLANE ( 'NONE',  #504 ) ;
#762 = LINE ( 'NONE', #2437, #2521 ) ;
#763 = ORIENTED_EDGE ( 'NONE', *, *, #617, .T. ) ;
#764 = AXIS2_PLACEMENT_3D ( 'NONE', #4410, #330, #4033 ) ;
#765 = LINE ( 'NONE', #359, #2372 ) ;
#766 = EDGE_CURVE ( 'NONE', #4917, #238, #2927, .T. ) ;
#767 = DIRECTION ( 'NONE',  ( 0.000000000000000000, 0.000000000000000000, 1.000000000000000000 ) ) ;
#768 = ADVANCED_FACE ( 'NONE', ( #1333 ), #953, .F. ) ;
#769 = DIRECTION ( 'NONE',  ( 0.000000000000000000, -1.000000000000000000, 0.000000000000000000 ) ) ;
#770 = DIRECTION ( 'NONE',  ( 1.000000000000000000, 0.000000000000000000, 0.000000000000000000 ) ) ;
#771 = LINE ( 'NONE', #33, #402 ) ;
#772 = VECTOR ( 'NONE', #3296, 1000.000000000000000 ) ;
#773 = CARTESIAN_POINT ( 'NONE',  ( -0.3199999999999999512, 1.349999999999999645, -1.050000000000000044 ) ) ;
#774 = ORIENTED_EDGE ( 'NONE', *, *, #3638, .F. ) ;
#775 = VECTOR ( 'NONE', #252, 1000.000000000000000 ) ;
#776 = DIRECTION ( 'NONE',  ( 0.000000000000000000, 0.000000000000000000, -1.000000000000000000 ) ) ;
#777 = LINE ( 'NONE', #2088, #307 ) ;
#778 = CARTESIAN_POINT ( 'NONE',  ( -5.389999999999999680, -8.673617379884035472E-16, 1.270000000000000018 ) ) ;
#779 = EDGE_CURVE ( 'NONE', #4398, #1025, #3060, .T. ) ;
#780 = ORIENTED_EDGE ( 'NONE', *, *, #1517, .F. ) ;
#781 = ORIENTED_EDGE ( 'NONE', *, *, #5165, .T. ) ;
#782 = CARTESIAN_POINT ( 'NONE',  ( 2.674999999999999822, -1.150000000000000799, 1.570000000000000062 ) ) ;
#783 = LINE ( 'NONE', #4136, #834 ) ;
#784 = VECTOR ( 'NONE', #2407, 1000.000000000000000 ) ;
#785 = EDGE_LOOP ( 'NONE', ( #213, #4353, #4904, #4656, #3278, #4489, #458, #3993 ) ) ;
#786 = ORIENTED_EDGE ( 'NONE', *, *, #3522, .F. ) ;
#787 = ORIENTED_EDGE ( 'NONE', *, *, #61, .F. ) ;
#788 = EDGE_CURVE ( 'NONE', #2507, #272, #4630, .T. ) ;
#789 = EDGE_LOOP ( 'NONE', ( #5274, #4622, #1134, #840 ) ) ;
#790 = EDGE_CURVE ( 'NONE', #4547, #982, #871, .T. ) ;
#791 = EDGE_CURVE ( 'NONE', #2895, #4100, #976, .T. ) ;
#792 = PLANE ( 'NONE',  #4684 ) ;
#793 = CARTESIAN_POINT ( 'NONE',  ( -6.325000000000001066, 1.849999999999999645, 2.469999999999999751 ) ) ;
#794 = DIRECTION ( 'NONE',  ( 1.000000000000000000, 0.000000000000000000, 0.000000000000000000 ) ) ;
#795 = VERTEX_POINT ( 'NONE', #2182 ) ;
#796 = LINE ( 'NONE', #4992, #3511 ) ;
#797 = AXIS2_PLACEMENT_3D ( 'NONE', #363, #1176, #2441 ) ;
#798 = LINE ( 'NONE', #2878, #614 ) ;
#799 = FACE_OUTER_BOUND ( 'NONE', #5043, .T. ) ;
#800 = AXIS2_PLACEMENT_3D ( 'NONE', #1672, #1214, #2886 ) ;
#801 = DIRECTION ( 'NONE',  ( -0.6401843996644798196, -0.7682212795973758501, -0.000000000000000000 ) ) ;
#802 = DIRECTION ( 'NONE',  ( -1.000000000000000000, 0.000000000000000000, 0.000000000000000000 ) ) ;
#803 = CARTESIAN_POINT ( 'NONE',  ( -2.680000000000000160, 4.949999999999999289, 0.000000000000000000 ) ) ;
#804 = AXIS2_PLACEMENT_3D ( 'NONE', #200, #5208, #1094 ) ;
#805 = ORIENTED_EDGE ( 'NONE', *, *, #4046, .F. ) ;
#806 = DIRECTION ( 'NONE',  ( 0.000000000000000000, 0.000000000000000000, -1.000000000000000000 ) ) ;
#807 = DIRECTION ( 'NONE',  ( 1.000000000000000000, 0.000000000000000000, 0.000000000000000000 ) ) ;
#808 = CARTESIAN_POINT ( 'NONE',  ( -6.325000000000001066, 8.500000000000000000, -1.250000000000000000 ) ) ;
#809 = DIRECTION ( 'NONE',  ( -0.3015113445777909407, 0.9045340337332726799, 0.3015113445777909407 ) ) ;
#810 = EDGE_LOOP ( 'NONE', ( #1114, #2858, #3965, #527 ) ) ;
#811 = PLANE ( 'NONE',  #3997 ) ;
#812 = CARTESIAN_POINT ( 'NONE',  ( -5.674999999999999822, -8.673617379884035472E-16, 2.469999999999999751 ) ) ;
#813 = ORIENTED_EDGE ( 'NONE', *, *, #5108, .F. ) ;
#814 = ORIENTED_EDGE ( 'NONE', *, *, #127, .T. ) ;
#815 = CARTESIAN_POINT ( 'NONE',  ( 0.1199999999999998845, -3.180000000000000604, 0.1200000000000000094 ) ) ;
#816 = CARTESIAN_POINT ( 'NONE',  ( 3.325000000000000178, -8.673617379884035472E-16, 1.570000000000000062 ) ) ;
#817 = EDGE_CURVE ( 'NONE', #278, #2070, #4658, .T. ) ;
#818 = CARTESIAN_POINT ( 'NONE',  ( -4.939999999999999503, -8.673617379884035472E-16, 1.680000000000000160 ) ) ;
#819 = ORIENTED_EDGE ( 'NONE', *, *, #3875, .T. ) ;
#820 = ADVANCED_FACE ( 'NONE', ( #4733 ), #1794, .T. ) ;
#821 = CARTESIAN_POINT ( 'NONE',  ( -0.3199999999999999512, -2.580000000000000515, -0.3200000000000000067 ) ) ;
#822 = CARTESIAN_POINT ( 'NONE',  ( 2.974999999999999645, -1.400000000000000133, 2.169999999999999929 ) ) ;
#823 = PLANE ( 'NONE',  #949 ) ;
#824 = CARTESIAN_POINT ( 'NONE',  ( -2.680000000000000160, 0.6999999999999992895, 1.649999999999999911 ) ) ;
#825 = CARTESIAN_POINT ( 'NONE',  ( -0.02500000000000006384, 1.849999999999999645, 2.429999999999999716 ) ) ;
#826 = ORIENTED_EDGE ( 'NONE', *, *, #2728, .T. ) ;
#827 = LINE ( 'NONE', #2503, #3506 ) ;
#828 = VECTOR ( 'NONE', #2686, 1000.000000000000000 ) ;
#829 = CARTESIAN_POINT ( 'NONE',  ( 0.1199999999999998845, -3.180000000000000604, 0.1200000000000000094 ) ) ;
#830 = LINE ( 'NONE', #4207, #1346 ) ;
#831 = LINE ( 'NONE', #3825, #1267 ) ;
#832 = VECTOR ( 'NONE', #1382, 1000.000000000000000 ) ;
#833 = ORIENTED_EDGE ( 'NONE', *, *, #27, .T. ) ;
#834 = VECTOR ( 'NONE', #5391, 1000.000000000000114 ) ;
#835 = EDGE_CURVE ( 'NONE', #1106, #24, #3890, .T. ) ;
#836 = CARTESIAN_POINT ( 'NONE',  ( -0.3199999999999999512, 3.299999999999999378, -0.3200000000000000067 ) ) ;
#837 = VECTOR ( 'NONE', #4945, 1000.000000000000000 ) ;
#838 = LINE ( 'NONE', #3800, #4688 ) ;
#839 = ADVANCED_FACE ( 'NONE', ( #3390 ), #436, .T. ) ;
#840 = ORIENTED_EDGE ( 'NONE', *, *, #3697, .T. ) ;
#841 = ORIENTED_EDGE ( 'NONE', *, *, #3433, .T. ) ;
#842 = LINE ( 'NONE', #4870, #1614 ) ;
#843 = CARTESIAN_POINT ( 'NONE',  ( -1.270000000000000018, 9.899999999999998579, -1.250000000000000000 ) ) ;
#844 = LINE ( 'NONE', #4142, #2348 ) ;
#845 = EDGE_LOOP ( 'NONE', ( #5012, #646, #4984, #2552, #2290, #5163, #1627, #267, #2, #2490, #1981, #2221, #2676, #3081, #4241 ) ) ;
#846 = DIRECTION ( 'NONE',  ( 0.000000000000000000, 1.000000000000000000, 0.000000000000000000 ) ) ;
#847 = DIRECTION ( 'NONE',  ( -1.000000000000000000, 0.000000000000000000, 0.000000000000000000 ) ) ;
#848 = DIRECTION ( 'NONE',  ( 0.000000000000000000, 0.000000000000000000, 1.000000000000000000 ) ) ;
#849 = DIRECTION ( 'NONE',  ( 0.000000000000000000, 0.7071067811865474617, 0.7071067811865474617 ) ) ;
#850 = FACE_OUTER_BOUND ( 'NONE', #877, .T. ) ;
#851 = ORIENTED_EDGE ( 'NONE', *, *, #322, .T. ) ;
#852 = CARTESIAN_POINT ( 'NONE',  ( 0.3199999999999999512, 7.500000000000000000, -0.3200000000000000067 ) ) ;
#853 = EDGE_CURVE ( 'NONE', #3983, #4547, #5045, .T. ) ;
#854 = CARTESIAN_POINT ( 'NONE',  ( -6.325000000000001066, -1.150000000000000799, 1.570000000000000062 ) ) ;
#855 = EDGE_CURVE ( 'NONE', #151, #130, #1281, .T. ) ;
#856 = LINE ( 'NONE', #5383, #47 ) ;
#857 = DIRECTION ( 'NONE',  ( 0.000000000000000000, 0.000000000000000000, -1.000000000000000000 ) ) ;
#858 = ADVANCED_FACE ( 'NONE', ( #4298 ), #1768, .T. ) ;
#859 = VECTOR ( 'NONE', #4467, 1000.000000000000114 ) ;
#860 = ORIENTED_EDGE ( 'NONE', *, *, #855, .F. ) ;
#861 = CLOSED_SHELL ( 'NONE', ( #5147, #2062, #4579, #3797, #456, #4654, #3565 ) ) ;
#862 = DIRECTION ( 'NONE',  ( 1.000000000000000000, 0.000000000000000000, 0.000000000000000000 ) ) ;
#863 = CARTESIAN_POINT ( 'NONE',  ( -0.3199999999999999512, 1.349999999999999645, 1.649999999999999911 ) ) ;
#864 = ORIENTED_EDGE ( 'NONE', *, *, #2333, .T. ) ;
#865 = ORIENTED_EDGE ( 'NONE', *, *, #1066, .T. ) ;
#866 = EDGE_CURVE ( 'NONE', #3058, #3776, #1385, .T. ) ;
#867 = ORIENTED_EDGE ( 'NONE', *, *, #2445, .F. ) ;
#868 = DIRECTION ( 'NONE',  ( 1.000000000000000000, 0.000000000000000000, 0.000000000000000000 ) ) ;
#869 = LINE ( 'NONE', #538, #1553 ) ;
#870 = ORIENTED_EDGE ( 'NONE', *, *, #5078, .F. ) ;
#871 = LINE ( 'NONE', #4272, #710 ) ;
#872 = CARTESIAN_POINT ( 'NONE',  ( -4.269999999999999574, 3.299999999999999378, -1.250000000000000000 ) ) ;
#873 = EDGE_CURVE ( 'NONE', #3984, #341, #2571, .T. ) ;
#874 = LINE ( 'NONE', #4554, #4714 ) ;
#875 = LINE ( 'NONE', #1416, #859 ) ;
#876 = AXIS2_PLACEMENT_3D ( 'NONE', #1505, #1095, #1449 ) ;
#877 = EDGE_LOOP ( 'NONE', ( #2921, #865, #485, #2452 ) ) ;
#878 = CARTESIAN_POINT ( 'NONE',  ( 0.3199999999999999512, -8.673617379884035472E-16, -1.270000000000000018 ) ) ;
#879 = EDGE_LOOP ( 'NONE', ( #4395, #2439, #3698, #2798, #4325, #4347 ) ) ;
#880 = FACE_OUTER_BOUND ( 'NONE', #4031, .T. ) ;
#881 = VECTOR ( 'NONE', #2125, 1000.000000000000114 ) ;
#882 = CARTESIAN_POINT ( 'NONE',  ( 3.325000000000000178, 1.449999999999999512, 0.1137500000000000039 ) ) ;
#883 = DIRECTION ( 'NONE',  ( 0.000000000000000000, 0.000000000000000000, -1.000000000000000000 ) ) ;
#884 = DIRECTION ( 'NONE',  ( -1.000000000000000000, 0.000000000000000000, 0.000000000000000000 ) ) ;
#885 = EDGE_CURVE ( 'NONE', #2894, #982, #4682, .T. ) ;
#886 = EDGE_LOOP ( 'NONE', ( #2561, #1904, #219, #5255 ) ) ;
#887 = EDGE_CURVE ( 'NONE', #1392, #4803, #2129, .T. ) ;
#888 = VECTOR ( 'NONE', #2048, 1000.000000000000000 ) ;
#889 = DIRECTION ( 'NONE',  ( 0.3015113445777909407, 0.9045340337332726799, 0.3015113445777909407 ) ) ;
#890 = LINE ( 'NONE', #22, #2669 ) ;
#891 = AXIS2_PLACEMENT_3D ( 'NONE', #5284, #218, #1411 ) ;
#892 = DIRECTION ( 'NONE',  ( 0.000000000000000000, -1.000000000000000000, 0.000000000000000000 ) ) ;
#893 = ORIENTED_EDGE ( 'NONE', *, *, #392, .T. ) ;
#894 = VERTEX_POINT ( 'NONE', #111 ) ;
#895 = VERTEX_POINT ( 'NONE', #3446 ) ;
#896 = LINE ( 'NONE', #4653, #2981 ) ;
#897 = ORIENTED_EDGE ( 'NONE', *, *, #1448, .T. ) ;
#898 = CARTESIAN_POINT ( 'NONE',  ( -1.975000000000000089, 9.049999999999998934, 2.429999999999999716 ) ) ;
#899 = CARTESIAN_POINT ( 'NONE',  ( -6.325000000000001066, 0.6699999999999995959, -0.8750000000000000000 ) ) ;
#900 = ADVANCED_FACE ( 'NONE', ( #3474 ), #5119, .F. ) ;
#901 = CARTESIAN_POINT ( 'NONE',  ( -5.389999999999999680, 1.269999999999999352, -0.8750000000000000000 ) ) ;
#902 = DIRECTION ( 'NONE',  ( 0.000000000000000000, 0.000000000000000000, 1.000000000000000000 ) ) ;
#903 = ORIENTED_EDGE ( 'NONE', *, *, #587, .F. ) ;
#904 = CARTESIAN_POINT ( 'NONE',  ( -4.269999999999999574, 9.899999999999998579, 1.250000000000000000 ) ) ;
#905 = CARTESIAN_POINT ( 'NONE',  ( -0.3199999999999999512, 0.6999999999999992895, -1.050000000000000044 ) ) ;
#906 = DIRECTION ( 'NONE',  ( 0.000000000000000000, 0.000000000000000000, -1.000000000000000000 ) ) ;
#907 = LINE ( 'NONE', #473, #4683 ) ;
#908 = DIRECTION ( 'NONE',  ( -0.000000000000000000, -0.6428711427641899956, -0.7659743427824879936 ) ) ;
#909 = ORIENTED_EDGE ( 'NONE', *, *, #719, .F. ) ;
#910 = FACE_OUTER_BOUND ( 'NONE', #4170, .T. ) ;
#911 = DIRECTION ( 'NONE',  ( 0.000000000000000000, -1.000000000000000000, 0.000000000000000000 ) ) ;
#912 = AXIS2_PLACEMENT_3D ( 'NONE', #2008, #3350, #5027 ) ;
#913 = VECTOR ( 'NONE', #754, 1000.000000000000000 ) ;
#914 = DIRECTION ( 'NONE',  ( 0.000000000000000000, 0.000000000000000000, 1.000000000000000000 ) ) ;
#915 = ORIENTED_EDGE ( 'NONE', *, *, #4104, .F. ) ;
#916 = ORIENTED_EDGE ( 'NONE', *, *, #1448, .F. ) ;
#917 = AXIS2_PLACEMENT_3D ( 'NONE', #3016, #449, #3352 ) ;
#918 = VECTOR ( 'NONE', #4890, 1000.000000000000000 ) ;
#919 = DIRECTION ( 'NONE',  ( 0.000000000000000000, 0.000000000000000000, -1.000000000000000000 ) ) ;
#920 = EDGE_CURVE ( 'NONE', #3211, #992, #2237, .T. ) ;
#921 = EDGE_CURVE ( 'NONE', #757, #3372, #2648, .T. ) ;
#922 = VECTOR ( 'NONE', #335, 1000.000000000000000 ) ;
#923 = VECTOR ( 'NONE', #4569, 1000.000000000000000 ) ;
#924 = CARTESIAN_POINT ( 'NONE',  ( -0.3199999999999999512, -8.673617379884035472E-16, -1.930000000000000160 ) ) ;
#925 = ORIENTED_EDGE ( 'NONE', *, *, #3711, .F. ) ;
#926 = EDGE_CURVE ( 'NONE', #3277, #3238, #2703, .T. ) ;
#927 = DIRECTION ( 'NONE',  ( -1.000000000000000000, 0.000000000000000000, 0.000000000000000000 ) ) ;
#928 = LINE ( 'NONE', #1309, #2053 ) ;
#929 = FACE_OUTER_BOUND ( 'NONE', #3664, .T. ) ;
#930 = CARTESIAN_POINT ( 'NONE',  ( 0.3199999999999999512, 0.6699999999999995959, 0.8750000000000000000 ) ) ;
#931 = VERTEX_POINT ( 'NONE', #2351 ) ;
#932 = CARTESIAN_POINT ( 'NONE',  ( -3.319999999999999840, -8.673617379884035472E-16, 1.270000000000000018 ) ) ;
#933 = ADVANCED_FACE ( 'NONE', ( #5232 ), #189, .T. ) ;
#934 = FACE_OUTER_BOUND ( 'NONE', #1307, .T. ) ;
#935 = DIRECTION ( 'NONE',  ( 0.000000000000000000, 1.000000000000000000, 0.000000000000000000 ) ) ;
#936 = LINE ( 'NONE', #1777, #1084 ) ;
#937 = DIRECTION ( 'NONE',  ( 0.7071067811865474617, 0.7071067811865474617, 0.000000000000000000 ) ) ;
#938 = ORIENTED_EDGE ( 'NONE', *, *, #155, .F. ) ;
#939 = ORIENTED_EDGE ( 'NONE', *, *, #3941, .F. ) ;
#940 = CARTESIAN_POINT ( 'NONE',  ( -2.680000000000000160, 0.6999999999999992895, -1.050000000000000044 ) ) ;
#941 = ADVANCED_FACE ( 'NONE', ( #4002 ), #1059, .T. ) ;
#942 = PLANE ( 'NONE',  #5211 ) ;
#943 = VECTOR ( 'NONE', #2708, 1000.000000000000000 ) ;
#944 = ORIENTED_EDGE ( 'NONE', *, *, #5064, .T. ) ;
#945 = VECTOR ( 'NONE', #116, 1000.000000000000000 ) ;
#946 = ORIENTED_EDGE ( 'NONE', *, *, #2379, .F. ) ;
#947 = ORIENTED_EDGE ( 'NONE', *, *, #4512, .F. ) ;
#948 = DIRECTION ( 'NONE',  ( 0.000000000000000000, 0.000000000000000000, 1.000000000000000000 ) ) ;
#949 = AXIS2_PLACEMENT_3D ( 'NONE', #4175, #391, #848 ) ;
#950 = PLANE ( 'NONE',  #1468 ) ;
#951 = ORIENTED_EDGE ( 'NONE', *, *, #5228, .F. ) ;
#952 = EDGE_CURVE ( 'NONE', #4721, #1081, #162, .T. ) ;
#953 = PLANE ( 'NONE',  #3071 ) ;
#954 = EDGE_CURVE ( 'NONE', #3431, #5378, #3527, .T. ) ;
#955 = CARTESIAN_POINT ( 'NONE',  ( -2.975000000000000089, 9.049999999999998934, 1.930000000000000160 ) ) ;
#956 = CARTESIAN_POINT ( 'NONE',  ( -2.975000000000000089, 1.849999999999999645, 2.429999999999999716 ) ) ;
#957 = FACE_OUTER_BOUND ( 'NONE', #2412, .T. ) ;
#958 = EDGE_LOOP ( 'NONE', ( #298, #5118, #2313, #285, #2122, #77, #725, #2656 ) ) ;
#959 = LINE ( 'NONE', #469, #2169 ) ;
#960 = CARTESIAN_POINT ( 'NONE',  ( -5.974999999999999645, -1.400000000000000133, 1.869999999999999885 ) ) ;
#961 = CARTESIAN_POINT ( 'NONE',  ( 3.274999999999999911, 2.699999999999999734, 0.1137500000000000039 ) ) ;
#962 = LINE ( 'NONE', #71, #5386 ) ;
#963 = DIRECTION ( 'NONE',  ( 0.000000000000000000, 0.000000000000000000, 1.000000000000000000 ) ) ;
#964 = EDGE_LOOP ( 'NONE', ( #2458, #3310, #2096, #4220, #1979, #5335, #5085, #2636, #2916, #4786, #3885, #780, #946, #3779 ) ) ;
#965 = VERTEX_POINT ( 'NONE', #4029 ) ;
#966 = VECTOR ( 'NONE', #281, 1000.000000000000000 ) ;
#967 = EDGE_CURVE ( 'NONE', #3911, #1816, #4738, .T. ) ;
#968 = DIRECTION ( 'NONE',  ( 0.000000000000000000, 0.000000000000000000, -1.000000000000000000 ) ) ;
#969 = PLANE ( 'NONE',  #2058 ) ;
#970 = ORIENTED_EDGE ( 'NONE', *, *, #605, .F. ) ;
#971 = ORIENTED_EDGE ( 'NONE', *, *, #2772, .F. ) ;
#972 = ORIENTED_EDGE ( 'NONE', *, *, #1721, .F. ) ;
#973 = DIRECTION ( 'NONE',  ( 1.000000000000000000, 0.000000000000000000, 0.000000000000000000 ) ) ;
#974 = DIRECTION ( 'NONE',  ( -1.000000000000000000, 0.000000000000000000, 0.000000000000000000 ) ) ;
#975 = ORIENTED_EDGE ( 'NONE', *, *, #4472, .F. ) ;
#976 = LINE ( 'NONE', #30, #3780 ) ;
#977 = VERTEX_POINT ( 'NONE', #247 ) ;
#978 = CARTESIAN_POINT ( 'NONE',  ( -6.325000000000001066, 0.6699999999999995959, -0.8750000000000000000 ) ) ;
#979 = CARTESIAN_POINT ( 'NONE',  ( -3.319999999999999840, 4.949999999999999289, 0.000000000000000000 ) ) ;
#980 = EDGE_CURVE ( 'NONE', #3801, #4003, #3141, .T. ) ;
#981 = CARTESIAN_POINT ( 'NONE',  ( -4.925000000000000711, 9.899999999999998579, 1.930000000000000160 ) ) ;
#982 = VERTEX_POINT ( 'NONE', #1031 ) ;
#983 = DIRECTION ( 'NONE',  ( -1.000000000000000000, 0.000000000000000000, 0.000000000000000000 ) ) ;
#984 = LINE ( 'NONE', #1724, #2545 ) ;
#985 = CARTESIAN_POINT ( 'NONE',  ( 3.325000000000000178, 0.6699999999999995959, 0.8750000000000000000 ) ) ;
#986 = LINE ( 'NONE', #1370, #4160 ) ;
#987 = DIRECTION ( 'NONE',  ( 0.000000000000000000, 0.000000000000000000, 1.000000000000000000 ) ) ;
#988 = ADVANCED_FACE ( 'NONE', ( #5175 ), #4404, .T. ) ;
#989 = ORIENTED_EDGE ( 'NONE', *, *, #3467, .F. ) ;
#990 = ORIENTED_EDGE ( 'NONE', *, *, #2836, .F. ) ;
#991 = PLANE ( 'NONE',  #2323 ) ;
#992 = VERTEX_POINT ( 'NONE', #271 ) ;
#993 = VERTEX_POINT ( 'NONE', #2731 ) ;
#994 = ADVANCED_FACE ( 'NONE', ( #3084 ), #2677, .F. ) ;
#995 = VERTEX_POINT ( 'NONE', #4379 ) ;
#996 = DIRECTION ( 'NONE',  ( -0.6092076990801816860, -0.5076730825667846725, 0.6092076990801816860 ) ) ;
#997 = VECTOR ( 'NONE', #3828, 1000.000000000000000 ) ;
#998 = EDGE_CURVE ( 'NONE', #4071, #558, #1001, .T. ) ;
#999 =( LENGTH_UNIT ( ) NAMED_UNIT ( * ) SI_UNIT ( .MILLI., .METRE. ) );
#1000 = VERTEX_POINT ( 'NONE', #1849 ) ;
#1001 = LINE ( 'NONE', #1934, #1589 ) ;
#1002 = VECTOR ( 'NONE', #175, 1000.000000000000000 ) ;
#1003 = VECTOR ( 'NONE', #1389, 1000.000000000000000 ) ;
#1004 = EDGE_LOOP ( 'NONE', ( #4852, #2426, #2826, #3186, #4108, #430 ) ) ;
#1005 = VECTOR ( 'NONE', #5316, 1000.000000000000000 ) ;
#1006 = EDGE_CURVE ( 'NONE', #1412, #191, #1438, .T. ) ;
#1007 = CARTESIAN_POINT ( 'NONE',  ( -3.319999999999999840, 1.349999999999999645, -1.930000000000000160 ) ) ;
#1008 = DIRECTION ( 'NONE',  ( 0.000000000000000000, -1.000000000000000000, 0.000000000000000000 ) ) ;
#1009 = AXIS2_PLACEMENT_3D ( 'NONE', #5281, #3248, #674 ) ;
#1010 = CARTESIAN_POINT ( 'NONE',  ( -0.3199999999999999512, -8.673617379884035472E-16, -1.930000000000000160 ) ) ;
#1011 = ORIENTED_EDGE ( 'NONE', *, *, #2691, .T. ) ;
#1012 = CARTESIAN_POINT ( 'NONE',  ( -5.389999999999999680, 1.269999999999999352, -0.8750000000000000000 ) ) ;
#1013 = DIRECTION ( 'NONE',  ( 0.000000000000000000, -1.000000000000000000, 0.000000000000000000 ) ) ;
#1014 = DIRECTION ( 'NONE',  ( 1.000000000000000000, 0.000000000000000000, 0.000000000000000000 ) ) ;
#1015 = DIRECTION ( 'NONE',  ( 0.000000000000000000, 0.000000000000000000, 1.000000000000000000 ) ) ;
#1016 = CARTESIAN_POINT ( 'NONE',  ( -2.680000000000000160, -8.673617379884035472E-16, 1.680000000000000160 ) ) ;
#1017 = DIRECTION ( 'NONE',  ( -1.000000000000000000, 0.000000000000000000, 0.000000000000000000 ) ) ;
#1018 = ORIENTED_EDGE ( 'NONE', *, *, #926, .F. ) ;
#1019 = ORIENTED_EDGE ( 'NONE', *, *, #3875, .F. ) ;
#1020 = EDGE_CURVE ( 'NONE', #2961, #3756, #3114, .T. ) ;
#1021 = EDGE_CURVE ( 'NONE', #130, #1905, #648, .T. ) ;
#1022 = EDGE_CURVE ( 'NONE', #4793, #2280, #3168, .T. ) ;
#1023 = SURFACE_STYLE_FILL_AREA ( #2253 ) ;
#1024 = DIRECTION ( 'NONE',  ( -1.000000000000000000, 0.000000000000000000, 0.000000000000000000 ) ) ;
#1025 = VERTEX_POINT ( 'NONE', #4928 ) ;
#1026 = ORIENTED_EDGE ( 'NONE', *, *, #2660, .F. ) ;
#1027 = ORIENTED_EDGE ( 'NONE', *, *, #2119, .F. ) ;
#1028 = DIRECTION ( 'NONE',  ( 0.6092076990801816860, 0.5076730825667846725, 0.6092076990801816860 ) ) ;
#1029 = AXIS2_PLACEMENT_3D ( 'NONE', #2655, #1801, #3922 ) ;
#1030 = VERTEX_POINT ( 'NONE', #3252 ) ;
#1031 = CARTESIAN_POINT ( 'NONE',  ( 3.274999999999999911, 2.487234067916999525, 0.1137500000000000039 ) ) ;
#1032 = ORIENTED_EDGE ( 'NONE', *, *, #2828, .T. ) ;
#1033 = VECTOR ( 'NONE', #5219, 1000.000000000000000 ) ;
#1034 = FACE_OUTER_BOUND ( 'NONE', #4437, .T. ) ;
#1035 = DIRECTION ( 'NONE',  ( 0.8869140841669709285, -4.726427698110849658E-14, -0.4619344188369849391 ) ) ;
#1036 = PLANE ( 'NONE',  #2779 ) ;
#1037 = VERTEX_POINT ( 'NONE', #729 ) ;
#1038 = CARTESIAN_POINT ( 'NONE',  ( -3.319999999999999840, -8.673617379884035472E-16, -1.270000000000000018 ) ) ;
#1039 = CARTESIAN_POINT ( 'NONE',  ( 3.325000000000000178, -8.673617379884035472E-16, 1.270000000000000018 ) ) ;
#1040 = DIRECTION ( 'NONE',  ( -0.8869140841669709285, 0.000000000000000000, -0.4619344188369849391 ) ) ;
#1041 = VECTOR ( 'NONE', #4494, 1000.000000000000000 ) ;
#1042 = FACE_OUTER_BOUND ( 'NONE', #958, .T. ) ;
#1043 = CARTESIAN_POINT ( 'NONE',  ( -5.974999999999999645, -1.400000000000000133, 2.169999999999999929 ) ) ;
#1044 = ORIENTED_EDGE ( 'NONE', *, *, #853, .T. ) ;
#1045 = ORIENTED_EDGE ( 'NONE', *, *, #523, .F. ) ;
#1046 = DIRECTION ( 'NONE',  ( 0.7071067811865474617, -0.7071067811865474617, 0.000000000000000000 ) ) ;
#1047 = CARTESIAN_POINT ( 'NONE',  ( 0.3199999999999999512, 0.6699999999999995959, 1.270000000000000018 ) ) ;
#1048 = ADVANCED_FACE ( 'NONE', ( #1547 ), #1113, .F. ) ;
#1049 = EDGE_CURVE ( 'NONE', #3399, #2839, #5340, .T. ) ;
#1050 = EDGE_LOOP ( 'NONE', ( #496, #4703, #1857, #1997, #3162 ) ) ;
#1051 = VECTOR ( 'NONE', #4229, 1000.000000000000114 ) ;
#1052 = ORIENTED_EDGE ( 'NONE', *, *, #4637, .T. ) ;
#1053 = ORIENTED_EDGE ( 'NONE', *, *, #926, .T. ) ;
#1054 = DIRECTION ( 'NONE',  ( 0.000000000000000000, 0.000000000000000000, -1.000000000000000000 ) ) ;
#1055 = VECTOR ( 'NONE', #807, 1000.000000000000000 ) ;
#1056 = FILL_AREA_STYLE ('',( #3969 ) ) ;
#1057 = AXIS2_PLACEMENT_3D ( 'NONE', #5292, #631, #2334 ) ;
#1058 = ORIENTED_EDGE ( 'NONE', *, *, #817, .F. ) ;
#1059 = PLANE ( 'NONE',  #5180 ) ;
#1060 = ORIENTED_EDGE ( 'NONE', *, *, #4673, .T. ) ;
#1061 = DIRECTION ( 'NONE',  ( 0.000000000000000000, 0.000000000000000000, 1.000000000000000000 ) ) ;
#1062 = FACE_OUTER_BOUND ( 'NONE', #5091, .T. ) ;
#1063 = LINE ( 'NONE', #708, #3221 ) ;
#1064 = ORIENTED_EDGE ( 'NONE', *, *, #5347, .F. ) ;
#1065 = PLANE ( 'NONE',  #1057 ) ;
#1066 = EDGE_CURVE ( 'NONE', #2345, #403, #5312, .T. ) ;
#1067 = DIRECTION ( 'NONE',  ( -1.000000000000000000, 0.000000000000000000, 0.000000000000000000 ) ) ;
#1068 = FACE_OUTER_BOUND ( 'NONE', #4204, .T. ) ;
#1069 = DIRECTION ( 'NONE',  ( 0.000000000000000000, 0.000000000000000000, 1.000000000000000000 ) ) ;
#1070 = EDGE_CURVE ( 'NONE', #2432, #2507, #2016, .T. ) ;
#1071 = CARTESIAN_POINT ( 'NONE',  ( -0.3199999999999999512, 0.6999999999999992895, 1.649999999999999911 ) ) ;
#1072 = EDGE_LOOP ( 'NONE', ( #1498, #2307, #5053, #4871, #1399, #1950 ) ) ;
#1073 = ORIENTED_EDGE ( 'NONE', *, *, #766, .T. ) ;
#1074 = LINE ( 'NONE', #5222, #3007 ) ;
#1075 = LINE ( 'NONE', #1430, #2848 ) ;
#1076 = EDGE_LOOP ( 'NONE', ( #135, #1651, #50, #3155 ) ) ;
#1077 = ORIENTED_EDGE ( 'NONE', *, *, #2760, .F. ) ;
#1078 = ORIENTED_EDGE ( 'NONE', *, *, #2946, .T. ) ;
#1079 = AXIS2_PLACEMENT_3D ( 'NONE', #2811, #4490, #1986 ) ;
#1080 = CARTESIAN_POINT ( 'NONE',  ( -0.3199999999999999512, 6.899999999999999467, 0.3200000000000000067 ) ) ;
#1081 = VERTEX_POINT ( 'NONE', #4054 ) ;
#1082 = DIRECTION ( 'NONE',  ( 0.000000000000000000, 1.000000000000000000, 0.000000000000000000 ) ) ;
#1083 = ORIENTED_EDGE ( 'NONE', *, *, #756, .T. ) ;
#1084 = VECTOR ( 'NONE', #2559, 1000.000000000000000 ) ;
#1085 = EDGE_CURVE ( 'NONE', #2804, #4074, #297, .T. ) ;
#1086 = ADVANCED_FACE ( 'NONE', ( #2375 ), #327, .F. ) ;
#1087 = PLANE ( 'NONE',  #48 ) ;
#1088 = LINE ( 'NONE', #2296, #1041 ) ;
#1089 = ADVANCED_FACE ( 'NONE', ( #4085 ), #1140, .T. ) ;
#1090 = CARTESIAN_POINT ( 'NONE',  ( -6.325000000000001066, -1.150000000000000799, 1.570000000000000062 ) ) ;
#1091 = VECTOR ( 'NONE', #2003, 1000.000000000000114 ) ;
#1092 = ORIENTED_EDGE ( 'NONE', *, *, #1022, .F. ) ;
#1093 = AXIS2_PLACEMENT_3D ( 'NONE', #1653, #2013, #1197 ) ;
#1094 = DIRECTION ( 'NONE',  ( 0.000000000000000000, 0.000000000000000000, 1.000000000000000000 ) ) ;
#1095 = DIRECTION ( 'NONE',  ( -0.7071067811865475727, 0.7071067811865475727, 0.000000000000000000 ) ) ;
#1096 = VECTOR ( 'NONE', #2386, 1000.000000000000114 ) ;
#1097 = VECTOR ( 'NONE', #210, 1000.000000000000000 ) ;
#1098 = DIRECTION ( 'NONE',  ( -0.3015113445777909407, -0.9045340337332726799, 0.3015113445777909407 ) ) ;
#1099 = DIRECTION ( 'NONE',  ( -1.000000000000000000, 0.000000000000000000, 0.000000000000000000 ) ) ;
#1100 = LINE ( 'NONE', #236, #4112 ) ;
#1101 = ADVANCED_FACE ( 'NONE', ( #3671 ), #4717, .T. ) ;
#1102 = ORIENTED_EDGE ( 'NONE', *, *, #1819, .T. ) ;
#1103 = VERTEX_POINT ( 'NONE', #2606 ) ;
#1104 = LINE ( 'NONE', #287, #3636 ) ;
#1105 = CARTESIAN_POINT ( 'NONE',  ( -1.500000000000000000, -1.400000000000000133, 0.000000000000000000 ) ) ;
#1106 = VERTEX_POINT ( 'NONE', #1859 ) ;
#1107 = VERTEX_POINT ( 'NONE', #961 ) ;
#1108 = ORIENTED_EDGE ( 'NONE', *, *, #4830, .T. ) ;
#1109 = ADVANCED_FACE ( 'NONE', ( #5159 ), #3483, .F. ) ;
#1110 = CARTESIAN_POINT ( 'NONE',  ( -3.319999999999999840, 6.899999999999999467, 0.3200000000000000067 ) ) ;
#1111 = CARTESIAN_POINT ( 'NONE',  ( 1.269999999999999796, 3.299999999999999378, -1.250000000000000000 ) ) ;
#1112 = EDGE_LOOP ( 'NONE', ( #3614, #4624, #3832, #1269 ) ) ;
#1113 = PLANE ( 'NONE',  #643 ) ;
#1114 = ORIENTED_EDGE ( 'NONE', *, *, #2090, .F. ) ;
#1115 = LINE ( 'NONE', #3255, #479 ) ;
#1116 = CARTESIAN_POINT ( 'NONE',  ( 2.364999999999999769, 1.849999999999999645, 1.930000000000000160 ) ) ;
#1117 = EDGE_CURVE ( 'NONE', #5106, #1037, #1394, .T. ) ;
#1118 = LINE ( 'NONE', #4821, #2081 ) ;
#1119 = AXIS2_PLACEMENT_3D ( 'NONE', #924, #5117, #4269 ) ;
#1120 = ORIENTED_EDGE ( 'NONE', *, *, #2092, .T. ) ;
#1121 = ADVANCED_FACE ( 'NONE', ( #1450 ), #1754, .F. ) ;
#1122 = DIRECTION ( 'NONE',  ( -1.000000000000000000, 0.000000000000000000, 0.000000000000000000 ) ) ;
#1123 = VECTOR ( 'NONE', #4858, 1000.000000000000000 ) ;
#1124 = CARTESIAN_POINT ( 'NONE',  ( -3.319999999999999840, 0.6699999999999995959, 0.8750000000000000000 ) ) ;
#1125 = LINE ( 'NONE', #1177, #235 ) ;
#1126 = DIRECTION ( 'NONE',  ( 0.000000000000000000, -0.3162277660168079652, 0.9486832980505238710 ) ) ;
#1127 = VECTOR ( 'NONE', #364, 1000.000000000000000 ) ;
#1128 = CARTESIAN_POINT ( 'NONE',  ( 3.325000000000000178, 8.500000000000000000, 1.430000000000000160 ) ) ;
#1129 = ORIENTED_EDGE ( 'NONE', *, *, #587, .T. ) ;
#1130 = ORIENTED_EDGE ( 'NONE', *, *, #2870, .T. ) ;
#1131 = CARTESIAN_POINT ( 'NONE',  ( -6.325000000000001066, 0.6699999999999995959, 1.270000000000000018 ) ) ;
#1132 = DIRECTION ( 'NONE',  ( -1.000000000000000000, 0.000000000000000000, 0.000000000000000000 ) ) ;
#1133 = VERTEX_POINT ( 'NONE', #3070 ) ;
#1134 = ORIENTED_EDGE ( 'NONE', *, *, #2964, .F. ) ;
#1135 = EDGE_CURVE ( 'NONE', #214, #2447, #202, .T. ) ;
#1136 = ORIENTED_EDGE ( 'NONE', *, *, #124, .T. ) ;
#1137 = PLANE ( 'NONE',  #1009 ) ;
#1138 = CARTESIAN_POINT ( 'NONE',  ( 3.325000000000000178, 2.513829809426999518, 0.2700000000000000178 ) ) ;
#1139 = ORIENTED_EDGE ( 'NONE', *, *, #3345, .F. ) ;
#1140 = PLANE ( 'NONE',  #1079 ) ;
#1141 = VERTEX_POINT ( 'NONE', #3510 ) ;
#1142 = VECTOR ( 'NONE', #31, 1000.000000000000000 ) ;
#1143 = DIRECTION ( 'NONE',  ( -0.4619344188369849946, 0.000000000000000000, 0.8869140841669710396 ) ) ;
#1144 = DIRECTION ( 'NONE',  ( 0.000000000000000000, 0.000000000000000000, -1.000000000000000000 ) ) ;
#1145 = CARTESIAN_POINT ( 'NONE',  ( -6.325000000000001066, 1.849999999999999645, 2.469999999999999751 ) ) ;
#1146 = ORIENTED_EDGE ( 'NONE', *, *, #1755, .T. ) ;
#1147 = VECTOR ( 'NONE', #2025, 1000.000000000000000 ) ;
#1148 = LINE ( 'NONE', #3288, #4301 ) ;
#1149 = PLANE ( 'NONE',  #3947 ) ;
#1150 = PLANE ( 'NONE',  #3021 ) ;
#1151 = EDGE_CURVE ( 'NONE', #1503, #1637, #2246, .T. ) ;
#1152 = VECTOR ( 'NONE', #2980, 1000.000000000000000 ) ;
#1153 = CARTESIAN_POINT ( 'NONE',  ( -3.319999999999999840, 0.6999999999999992895, -0.8750000000000000000 ) ) ;
#1154 = CARTESIAN_POINT ( 'NONE',  ( -2.680000000000000160, -2.580000000000000515, 0.3200000000000000067 ) ) ;
#1155 = VERTEX_POINT ( 'NONE', #3926 ) ;
#1156 = VERTEX_POINT ( 'NONE', #5186 ) ;
#1157 = CARTESIAN_POINT ( 'NONE',  ( -2.680000000000000160, 6.899999999999999467, 0.3200000000000000067 ) ) ;
#1158 = EDGE_CURVE ( 'NONE', #3967, #3977, #603, .T. ) ;
#1159 = EDGE_CURVE ( 'NONE', #1133, #254, #5102, .T. ) ;
#1160 = LINE ( 'NONE', #2830, #3450 ) ;
#1161 = PLANE ( 'NONE',  #1879 ) ;
#1162 = EDGE_LOOP ( 'NONE', ( #3487, #2979, #2783, #3618, #3803 ) ) ;
#1163 = VERTEX_POINT ( 'NONE', #633 ) ;
#1164 = DIRECTION ( 'NONE',  ( 1.000000000000000000, 0.000000000000000000, 0.000000000000000000 ) ) ;
#1165 = LINE ( 'NONE', #812, #1270 ) ;
#1166 = EDGE_CURVE ( 'NONE', #1361, #37, #3043, .T. ) ;
#1167 = EDGE_LOOP ( 'NONE', ( #1844, #1892, #4929, #5225 ) ) ;
#1168 = DIRECTION ( 'NONE',  ( -1.000000000000000000, 0.000000000000000000, 0.000000000000000000 ) ) ;
#1169 = ORIENTED_EDGE ( 'NONE', *, *, #2609, .F. ) ;
#1170 = CARTESIAN_POINT ( 'NONE',  ( 1.925000000000000044, 8.500000000000000000, 0.7500000000000000000 ) ) ;
#1171 = CARTESIAN_POINT ( 'NONE',  ( -6.025000000000001243, -1.400000000000000133, 2.169999999999999929 ) ) ;
#1172 = CARTESIAN_POINT ( 'NONE',  ( -6.325000000000001066, -8.673617379884035472E-16, -1.270000000000000018 ) ) ;
#1173 = VERTEX_POINT ( 'NONE', #173 ) ;
#1174 = DIRECTION ( 'NONE',  ( 0.000000000000000000, 0.000000000000000000, -1.000000000000000000 ) ) ;
#1175 = ADVANCED_FACE ( 'NONE', ( #4772 ), #2274, .T. ) ;
#1176 = DIRECTION ( 'NONE',  ( 1.000000000000000000, 0.000000000000000000, 0.000000000000000000 ) ) ;
#1177 = CARTESIAN_POINT ( 'NONE',  ( 3.274999999999999911, 2.699999999999999734, 0.1137500000000000039 ) ) ;
#1178 = AXIS2_PLACEMENT_3D ( 'NONE', #4047, #4396, #2309 ) ;
#1179 = FACE_OUTER_BOUND ( 'NONE', #2531, .T. ) ;
#1180 = VECTOR ( 'NONE', #3701, 1000.000000000000000 ) ;
#1181 = DIRECTION ( 'NONE',  ( 1.015061051086000057E-14, 0.000000000000000000, -1.000000000000000000 ) ) ;
#1182 = DIRECTION ( 'NONE',  ( 1.000000000000000000, 0.000000000000000000, 0.000000000000000000 ) ) ;
#1183 = VERTEX_POINT ( 'NONE', #4391 ) ;
#1184 = VECTOR ( 'NONE', #987, 1000.000000000000000 ) ;
#1185 = ORIENTED_EDGE ( 'NONE', *, *, #4303, .F. ) ;
#1186 = VECTOR ( 'NONE', #3078, 1000.000000000000000 ) ;
#1187 = DIRECTION ( 'NONE',  ( 0.000000000000000000, -1.000000000000000000, 0.000000000000000000 ) ) ;
#1188 =( NAMED_UNIT ( * ) PLANE_ANGLE_UNIT ( ) SI_UNIT ( $, .RADIAN. ) );
#1189 = DIRECTION ( 'NONE',  ( 0.000000000000000000, 0.000000000000000000, -1.000000000000000000 ) ) ;
#1190 = VECTOR ( 'NONE', #1164, 1000.000000000000000 ) ;
#1191 = EDGE_CURVE ( 'NONE', #3473, #3372, #2685, .T. ) ;
#1192 = ORIENTED_EDGE ( 'NONE', *, *, #4321, .T. ) ;
#1193 = ORIENTED_EDGE ( 'NONE', *, *, #920, .F. ) ;
#1194 = ADVANCED_FACE ( 'NONE', ( #2217 ), #524, .T. ) ;
#1195 = ADVANCED_FACE ( 'NONE', ( #3900 ), #1803, .T. ) ;
#1196 = CARTESIAN_POINT ( 'NONE',  ( -6.325000000000001066, -1.150000000000000799, 2.469999999999999751 ) ) ;
#1197 = DIRECTION ( 'NONE',  ( 1.000000000000000000, 0.000000000000000000, 0.000000000000000000 ) ) ;
#1198 = ORIENTED_EDGE ( 'NONE', *, *, #1848, .F. ) ;
#1199 = ORIENTED_EDGE ( 'NONE', *, *, #3971, .T. ) ;
#1200 = CARTESIAN_POINT ( 'NONE',  ( -1.025000000000000133, 9.049999999999998934, 1.930000000000000160 ) ) ;
#1201 = DIRECTION ( 'NONE',  ( 0.000000000000000000, 0.000000000000000000, -1.000000000000000000 ) ) ;
#1202 = CARTESIAN_POINT ( 'NONE',  ( -4.925000000000000711, 9.899999999999998579, -1.930000000000000160 ) ) ;
#1203 = ORIENTED_EDGE ( 'NONE', *, *, #4262, .F. ) ;
#1204 = PLANE ( 'NONE',  #20 ) ;
#1205 = CARTESIAN_POINT ( 'NONE',  ( -2.680000000000000160, 0.6999999999999992895, 0.8750000000000000000 ) ) ;
#1206 = CARTESIAN_POINT ( 'NONE',  ( 0.3199999999999999512, 6.899999999999999467, 0.3200000000000000067 ) ) ;
#1207 = DIRECTION ( 'NONE',  ( -0.7682212795973758501, 0.6401843996644798196, 0.000000000000000000 ) ) ;
#1208 = CARTESIAN_POINT ( 'NONE',  ( -2.975000000000000089, 9.049999999999998934, 2.429999999999999716 ) ) ;
#1209 = VECTOR ( 'NONE', #4743, 1000.000000000000000 ) ;
#1210 = DIRECTION ( 'NONE',  ( 0.000000000000000000, 0.000000000000000000, 1.000000000000000000 ) ) ;
#1211 = VERTEX_POINT ( 'NONE', #3955 ) ;
#1212 = VECTOR ( 'NONE', #331, 1000.000000000000000 ) ;
#1213 = LINE ( 'NONE', #1262, #273 ) ;
#1214 = DIRECTION ( 'NONE',  ( -0.000000000000000000, 1.000000000000000000, 0.000000000000000000 ) ) ;
#1215 = CARTESIAN_POINT ( 'NONE',  ( -6.325000000000001066, 1.269999999999999352, 1.270000000000000018 ) ) ;
#1216 = ORIENTED_EDGE ( 'NONE', *, *, #3480, .F. ) ;
#1217 = EDGE_CURVE ( 'NONE', #1244, #4760, #2302, .T. ) ;
#1218 = LINE ( 'NONE', #505, #3375 ) ;
#1219 = DIRECTION ( 'NONE',  ( 0.000000000000000000, -1.000000000000000000, 0.000000000000000000 ) ) ;
#1220 = EDGE_CURVE ( 'NONE', #2098, #2345, #3261, .T. ) ;
#1221 = EDGE_LOOP ( 'NONE', ( #3265, #1939, #1975, #4678, #320, #4067, #211, #3597, #25, #1032, #2230, #4526, #5195, #4113 ) ) ;
#1222 = ORIENTED_EDGE ( 'NONE', *, *, #3522, .T. ) ;
#1223 = ORIENTED_EDGE ( 'NONE', *, *, #4350, .T. ) ;
#1224 = EDGE_CURVE ( 'NONE', #692, #2319, #4499, .T. ) ;
#1225 = CARTESIAN_POINT ( 'NONE',  ( -5.844999999999999751, 5.875000000000000000, 1.680000000000000160 ) ) ;
#1226 = LINE ( 'NONE', #816, #2281 ) ;
#1227 = CARTESIAN_POINT ( 'NONE',  ( 3.325000000000000178, 0.6699999999999995959, 1.270000000000000018 ) ) ;
#1228 = ORIENTED_EDGE ( 'NONE', *, *, #1618, .T. ) ;
#1229 = DIRECTION ( 'NONE',  ( 0.000000000000000000, 1.000000000000000000, 0.000000000000000000 ) ) ;
#1230 = VECTOR ( 'NONE', #2987, 1000.000000000000000 ) ;
#1231 = LINE ( 'NONE', #822, #2456 ) ;
#1232 = CARTESIAN_POINT ( 'NONE',  ( 0.3199999999999999512, 6.899999999999999467, 0.3200000000000000067 ) ) ;
#1233 = VECTOR ( 'NONE', #412, 1000.000000000000114 ) ;
#1234 = LINE ( 'NONE', #5048, #3455 ) ;
#1235 = EDGE_CURVE ( 'NONE', #1107, #3983, #1125, .T. ) ;
#1236 = CARTESIAN_POINT ( 'NONE',  ( 3.325000000000000178, 8.500000000000000000, -1.930000000000000160 ) ) ;
#1237 = VECTOR ( 'NONE', #2358, 1000.000000000000000 ) ;
#1238 = ORIENTED_EDGE ( 'NONE', *, *, #4637, .F. ) ;
#1239 = LINE ( 'NONE', #5000, #1487 ) ;
#1240 = DIRECTION ( 'NONE',  ( -1.000000000000000000, 0.000000000000000000, 0.000000000000000000 ) ) ;
#1241 = CARTESIAN_POINT ( 'NONE',  ( 1.925000000000000044, 9.899999999999998579, -1.930000000000000160 ) ) ;
#1242 = EDGE_CURVE ( 'NONE', #254, #410, #2853, .T. ) ;
#1243 = LINE ( 'NONE', #2915, #4332 ) ;
#1244 = VERTEX_POINT ( 'NONE', #4063 ) ;
#1245 = CARTESIAN_POINT ( 'NONE',  ( 0.3199999999999999512, 0.6999999999999992895, -1.050000000000000044 ) ) ;
#1246 = FACE_OUTER_BOUND ( 'NONE', #2969, .T. ) ;
#1247 = EDGE_LOOP ( 'NONE', ( #2401, #4329, #860, #4891, #1807 ) ) ;
#1248 = VERTEX_POINT ( 'NONE', #2767 ) ;
#1249 = DIRECTION ( 'NONE',  ( 0.000000000000000000, -1.000000000000000000, 0.000000000000000000 ) ) ;
#1250 = CARTESIAN_POINT ( 'NONE',  ( -0.3199999999999999512, 0.6699999999999995959, -0.8750000000000000000 ) ) ;
#1251 = DIRECTION ( 'NONE',  ( 1.000000000000000000, 0.000000000000000000, 0.000000000000000000 ) ) ;
#1252 = ORIENTED_EDGE ( 'NONE', *, *, #4199, .F. ) ;
#1253 = CARTESIAN_POINT ( 'NONE',  ( -2.680000000000000160, 0.6999999999999992895, -0.8750000000000000000 ) ) ;
#1254 = EDGE_CURVE ( 'NONE', #3920, #701, #1533, .T. ) ;
#1255 = ADVANCED_FACE ( 'NONE', ( #2385, #4827 ), #5245, .T. ) ;
#1256 = CARTESIAN_POINT ( 'NONE',  ( -1.025000000000000133, 1.849999999999999645, 2.429999999999999716 ) ) ;
#1257 = FACE_OUTER_BOUND ( 'NONE', #4538, .T. ) ;
#1258 = EDGE_CURVE ( 'NONE', #19, #3920, #4095, .T. ) ;
#1259 = LINE ( 'NONE', #4176, #1091 ) ;
#1260 = PLANE ( 'NONE',  #3217 ) ;
#1261 = VERTEX_POINT ( 'NONE', #3234 ) ;
#1262 = CARTESIAN_POINT ( 'NONE',  ( -3.120000000000000107, 7.500000000000000000, 0.1200000000000000094 ) ) ;
#1263 = VECTOR ( 'NONE', #3547, 1000.000000000000000 ) ;
#1264 = FACE_OUTER_BOUND ( 'NONE', #2312, .T. ) ;
#1265 = CARTESIAN_POINT ( 'NONE',  ( -2.680000000000000160, 6.899999999999999467, 0.3200000000000000067 ) ) ;
#1266 = ADVANCED_FACE ( 'NONE', ( #738 ), #1150, .F. ) ;
#1267 = VECTOR ( 'NONE', #5057, 1000.000000000000000 ) ;
#1268 = AXIS2_PLACEMENT_3D ( 'NONE', #1798, #2241, #65 ) ;
#1269 = ORIENTED_EDGE ( 'NONE', *, *, #2966, .T. ) ;
#1270 = VECTOR ( 'NONE', #5364, 1000.000000000000000 ) ;
#1271 = LINE ( 'NONE', #2944, #1969 ) ;
#1272 = STYLED_ITEM ( 'NONE', ( #555 ), #4173 ) ;
#1273 = CARTESIAN_POINT ( 'NONE',  ( 0.3199999999999999512, 3.299999999999999378, -0.3200000000000000067 ) ) ;
#1274 = EDGE_LOOP ( 'NONE', ( #3500, #609, #676, #4665, #1108 ) ) ;
#1275 = ORIENTED_EDGE ( 'NONE', *, *, #155, .T. ) ;
#1276 = EDGE_CURVE ( 'NONE', #2260, #2382, #1887, .T. ) ;
#1277 = ORIENTED_EDGE ( 'NONE', *, *, #3210, .T. ) ;
#1278 = CARTESIAN_POINT ( 'NONE',  ( -3.319999999999999840, 3.299999999999999378, 0.3200000000000000067 ) ) ;
#1279 = DIRECTION ( 'NONE',  ( 0.000000000000000000, 0.000000000000000000, -1.000000000000000000 ) ) ;
#1280 = ORIENTED_EDGE ( 'NONE', *, *, #3518, .F. ) ;
#1281 = LINE ( 'NONE', #2102, #1845 ) ;
#1282 = CARTESIAN_POINT ( 'NONE',  ( 3.325000000000000178, -8.673617379884035472E-16, -1.930000000000000160 ) ) ;
#1283 = ADVANCED_FACE ( 'NONE', ( #2001 ), #1478, .T. ) ;
#1284 = DIRECTION ( 'NONE',  ( 0.000000000000000000, -1.000000000000000000, 0.000000000000000000 ) ) ;
#1285 = ADVANCED_FACE ( 'NONE', ( #1068 ), #1970, .F. ) ;
#1286 = DIRECTION ( 'NONE',  ( 0.000000000000000000, -1.000000000000000000, 0.000000000000000000 ) ) ;
#1287 = ORIENTED_EDGE ( 'NONE', *, *, #4543, .F. ) ;
#1288 = CARTESIAN_POINT ( 'NONE',  ( -2.680000000000000160, 1.269999999999999352, -0.8750000000000000000 ) ) ;
#1289 = ORIENTED_EDGE ( 'NONE', *, *, #4543, .T. ) ;
#1290 = CARTESIAN_POINT ( 'NONE',  ( -3.319999999999999840, 1.349999999999999645, 1.649999999999999911 ) ) ;
#1291 = PLANE ( 'NONE',  #5088 ) ;
#1292 = DIRECTION ( 'NONE',  ( 0.000000000000000000, 0.000000000000000000, -1.000000000000000000 ) ) ;
#1293 = VECTOR ( 'NONE', #1367, 1000.000000000000000 ) ;
#1294 = DIRECTION ( 'NONE',  ( -1.000000000000000000, 0.000000000000000000, 0.000000000000000000 ) ) ;
#1295 = AXIS2_PLACEMENT_3D ( 'NONE', #1685, #4219, #3443 ) ;
#1296 = ORIENTED_EDGE ( 'NONE', *, *, #2706, .T. ) ;
#1297 = CLOSED_SHELL ( 'NONE', ( #941, #2592, #2255, #3987, #4275, #4435, #4118, #5216, #2060, #2105, #2157, #123, #1639, #3413, #5080, #4843, #440, #3774, #1535, #3531, #2159, #2203, #4192, #3076, #933, #1991, #4045, #1464, #3673, #1714, #5385, #4912, #2799, #4255, #1750, #5398, #1175, #2612, #1283, #301, #3804, #2726, #1732, #3501, #4664, #375, #3302, #2993, #2314, #1734, #4408, #3689, #1490, #1089, #4141, #108, #2844, #1419, #3631, #4421, #228, #2142, #4773, #4742, #1322, #4274, #3740, #1675, #1922, #393, #693, #1194, #4582, #5059, #2223, #2244, #4459, #2866, #2699, #4809, #2533, #2392, #1352, #3332, #35, #1923, #539, #1266, #4083, #2294, #1121, #839, #5277, #2889, #858, #2331, #4252, #2304, #755, #3826, #1851, #3873, #3219, #2949, #222, #4271, #4910, #225, #5177, #3160, #2675, #1990, #4034, #4644, #3062, #154, #1509, #768, #2806, #2396, #1626, #3009, #2186, #4185, #900, #457, #994, #5318, #1900, #1086, #5405, #3268, #1321, #44, #2036, #1350, #562, #1719, #3849, #1195, #1800, #5252, #1101, #3394, #1417, #988, #145, #2498, #1285, #1048, #3028, #3494, #1519, #1972, #3502, #1255, #1109, #4767, #3363, #2867, #3615, #647, #2657, #1574, #4442, #1949, #3202, #1471, #3942, #518, #820, #4598, #2991 ) ) ;
#1298 = CARTESIAN_POINT ( 'NONE',  ( -2.680000000000000160, -8.673617379884035472E-16, 1.270000000000000018 ) ) ;
#1299 = DIRECTION ( 'NONE',  ( 0.000000000000000000, 1.000000000000000000, 0.000000000000000000 ) ) ;
#1300 = ORIENTED_EDGE ( 'NONE', *, *, #3775, .T. ) ;
#1301 = ORIENTED_EDGE ( 'NONE', *, *, #3921, .T. ) ;
#1302 = EDGE_CURVE ( 'NONE', #332, #3245, #3656, .T. ) ;
#1303 = ORIENTED_EDGE ( 'NONE', *, *, #5328, .T. ) ;
#1304 = ORIENTED_EDGE ( 'NONE', *, *, #4209, .T. ) ;
#1305 = CARTESIAN_POINT ( 'NONE',  ( 0.3199999999999999512, 0.6999999999999992895, 0.8750000000000000000 ) ) ;
#1306 = DIRECTION ( 'NONE',  ( 1.000000000000000000, 0.000000000000000000, 0.000000000000000000 ) ) ;
#1307 = EDGE_LOOP ( 'NONE', ( #4368, #4060, #3440, #5330, #3083, #5365 ) ) ;
#1308 = DIRECTION ( 'NONE',  ( 0.000000000000000000, -1.000000000000000000, 0.000000000000000000 ) ) ;
#1309 = CARTESIAN_POINT ( 'NONE',  ( -0.3199999999999999512, 1.269999999999999352, -0.8750000000000000000 ) ) ;
#1310 = CARTESIAN_POINT ( 'NONE',  ( 1.939999999999999947, -8.673617379884035472E-16, -1.270000000000000018 ) ) ;
#1311 = CARTESIAN_POINT ( 'NONE',  ( 2.389999999999999680, 1.849999999999999645, 1.916979166667000190 ) ) ;
#1312 = VECTOR ( 'NONE', #1665, 1000.000000000000000 ) ;
#1313 = ORIENTED_EDGE ( 'NONE', *, *, #1911, .T. ) ;
#1314 = CARTESIAN_POINT ( 'NONE',  ( -5.389999999999999680, -8.673617379884035472E-16, -1.930000000000000160 ) ) ;
#1315 = DIRECTION ( 'NONE',  ( 0.000000000000000000, -1.000000000000000000, 0.000000000000000000 ) ) ;
#1316 = VECTOR ( 'NONE', #3742, 1000.000000000000000 ) ;
#1317 = FACE_OUTER_BOUND ( 'NONE', #3381, .T. ) ;
#1318 = PLANE ( 'NONE',  #561 ) ;
#1319 = DIRECTION ( 'NONE',  ( 0.4619344188369849946, 0.000000000000000000, 0.8869140841669710396 ) ) ;
#1320 = EDGE_LOOP ( 'NONE', ( #1136, #3125, #3611, #1129 ) ) ;
#1321 = ADVANCED_FACE ( 'NONE', ( #1942 ), #4011, .T. ) ;
#1322 = ADVANCED_FACE ( 'NONE', ( #661 ), #3207, .T. ) ;
#1323 = DIRECTION ( 'NONE',  ( -1.000000000000000000, 0.000000000000000000, 0.000000000000000000 ) ) ;
#1324 = CARTESIAN_POINT ( 'NONE',  ( -6.325000000000001066, -8.673617379884035472E-16, -1.270000000000000018 ) ) ;
#1325 = EDGE_CURVE ( 'NONE', #2432, #1503, #4936, .T. ) ;
#1326 = ORIENTED_EDGE ( 'NONE', *, *, #4240, .F. ) ;
#1327 = ORIENTED_EDGE ( 'NONE', *, *, #2899, .F. ) ;
#1328 = ORIENTED_EDGE ( 'NONE', *, *, #41, .F. ) ;
#1329 = CARTESIAN_POINT ( 'NONE',  ( -3.000000000000000000, -2.880000000000000782, -0.2200000000000000011 ) ) ;
#1330 = CARTESIAN_POINT ( 'NONE',  ( -0.5699999999999999512, 9.899999999999998579, 1.250000000000000000 ) ) ;
#1331 = EDGE_CURVE ( 'NONE', #5275, #5128, #687, .T. ) ;
#1332 = ORIENTED_EDGE ( 'NONE', *, *, #1242, .T. ) ;
#1333 = FACE_OUTER_BOUND ( 'NONE', #1720, .T. ) ;
#1334 = DIRECTION ( 'NONE',  ( -4.440892098500999766E-14, -1.000000000000000000, -0.000000000000000000 ) ) ;
#1335 = FACE_BOUND ( 'NONE', #2238, .T. ) ;
#1336 = CARTESIAN_POINT ( 'NONE',  ( -3.120000000000000107, 7.500000000000000000, -0.1200000000000000094 ) ) ;
#1337 = ORIENTED_EDGE ( 'NONE', *, *, #791, .F. ) ;
#1338 = CARTESIAN_POINT ( 'NONE',  ( -2.680000000000000160, -8.673617379884035472E-16, 1.270000000000000018 ) ) ;
#1339 = EDGE_CURVE ( 'NONE', #4567, #1884, #2131, .T. ) ;
#1340 = DIRECTION ( 'NONE',  ( 0.000000000000000000, 0.000000000000000000, -1.000000000000000000 ) ) ;
#1341 = DIRECTION ( 'NONE',  ( 0.000000000000000000, 0.000000000000000000, 1.000000000000000000 ) ) ;
#1342 = CARTESIAN_POINT ( 'NONE',  ( -6.325000000000001066, 0.6699999999999995959, -1.270000000000000018 ) ) ;
#1343 = PLANE ( 'NONE',  #571 ) ;
#1344 = ORIENTED_EDGE ( 'NONE', *, *, #2546, .T. ) ;
#1345 = ORIENTED_EDGE ( 'NONE', *, *, #3700, .T. ) ;
#1346 = VECTOR ( 'NONE', #4974, 1000.000000000000000 ) ;
#1347 = DIRECTION ( 'NONE',  ( -0.6635381078444798630, -0.6635381078444798630, -0.3455927645022893180 ) ) ;
#1348 = EDGE_CURVE ( 'NONE', #3098, #4297, #3343, .T. ) ;
#1349 = AXIS2_PLACEMENT_3D ( 'NONE', #1434, #2205, #3940 ) ;
#1350 = ADVANCED_FACE ( 'NONE', ( #799 ), #1641, .T. ) ;
#1351 = AXIS2_PLACEMENT_3D ( 'NONE', #3747, #1545, #1953 ) ;
#1352 = ADVANCED_FACE ( 'NONE', ( #32 ), #823, .T. ) ;
#1353 = LINE ( 'NONE', #5063, #81 ) ;
#1354 = ORIENTED_EDGE ( 'NONE', *, *, #293, .T. ) ;
#1355 = EDGE_LOOP ( 'NONE', ( #2480, #2884, #2524, #5114 ) ) ;
#1356 = VECTOR ( 'NONE', #884, 1000.000000000000000 ) ;
#1357 = VECTOR ( 'NONE', #453, 1000.000000000000000 ) ;
#1358 = CARTESIAN_POINT ( 'NONE',  ( -5.674999999999999822, -8.673617379884035472E-16, 2.469999999999999751 ) ) ;
#1359 = AXIS2_PLACEMENT_3D ( 'NONE', #4448, #1560, #5351 ) ;
#1360 = LINE ( 'NONE', #462, #5067 ) ;
#1361 = VERTEX_POINT ( 'NONE', #3736 ) ;
#1362 = CARTESIAN_POINT ( 'NONE',  ( -3.319999999999999840, -8.673617379884035472E-16, -1.930000000000000160 ) ) ;
#1363 = DIRECTION ( 'NONE',  ( 0.000000000000000000, 1.000000000000000000, 0.000000000000000000 ) ) ;
#1364 = LINE ( 'NONE', #494, #2173 ) ;
#1365 = FACE_OUTER_BOUND ( 'NONE', #640, .T. ) ;
#1366 = EDGE_LOOP ( 'NONE', ( #1354, #2758, #2035, #5035 ) ) ;
#1367 = DIRECTION ( 'NONE',  ( 0.000000000000000000, 1.000000000000000000, 0.000000000000000000 ) ) ;
#1368 = DIRECTION ( 'NONE',  ( -0.3015113445777909407, 0.9045340337332726799, -0.3015113445777909407 ) ) ;
#1369 = DIRECTION ( 'NONE',  ( 0.000000000000000000, -1.000000000000000000, 0.000000000000000000 ) ) ;
#1370 = CARTESIAN_POINT ( 'NONE',  ( -5.389999999999999680, 0.6699999999999995959, -0.8750000000000000000 ) ) ;
#1371 = CARTESIAN_POINT ( 'NONE',  ( -1.729999999999999982, 9.899999999999998579, 1.250000000000000000 ) ) ;
#1372 = ORIENTED_EDGE ( 'NONE', *, *, #5362, .T. ) ;
#1373 = ORIENTED_EDGE ( 'NONE', *, *, #2467, .T. ) ;
#1374 = DIRECTION ( 'NONE',  ( 0.000000000000000000, 0.7071067811865474617, 0.7071067811865474617 ) ) ;
#1375 = CARTESIAN_POINT ( 'NONE',  ( -2.680000000000000160, 3.299999999999999378, -0.3200000000000000067 ) ) ;
#1376 = VECTOR ( 'NONE', #2958, 1000.000000000000000 ) ;
#1377 = CARTESIAN_POINT ( 'NONE',  ( 3.325000000000000178, 0.6699999999999995959, -1.270000000000000018 ) ) ;
#1378 = VECTOR ( 'NONE', #3685, 1000.000000000000000 ) ;
#1379 = ORIENTED_EDGE ( 'NONE', *, *, #3623, .T. ) ;
#1380 = ORIENTED_EDGE ( 'NONE', *, *, #1954, .T. ) ;
#1381 = EDGE_CURVE ( 'NONE', #1163, #4755, #4632, .T. ) ;
#1382 = DIRECTION ( 'NONE',  ( 0.000000000000000000, -1.000000000000000000, 0.000000000000000000 ) ) ;
#1383 = DIRECTION ( 'NONE',  ( 0.000000000000000000, 0.000000000000000000, -1.000000000000000000 ) ) ;
#1384 = ORIENTED_EDGE ( 'NONE', *, *, #1592, .T. ) ;
#1385 = LINE ( 'NONE', #2158, #1152 ) ;
#1386 = ORIENTED_EDGE ( 'NONE', *, *, #2134, .F. ) ;
#1387 = CARTESIAN_POINT ( 'NONE',  ( -0.3199999999999999512, 0.6999999999999992895, -0.8750000000000000000 ) ) ;
#1388 = FACE_OUTER_BOUND ( 'NONE', #3357, .T. ) ;
#1389 = DIRECTION ( 'NONE',  ( 0.000000000000000000, -1.000000000000000000, 0.000000000000000000 ) ) ;
#1390 = ORIENTED_EDGE ( 'NONE', *, *, #1235, .T. ) ;
#1391 = LINE ( 'NONE', #2214, #338 ) ;
#1392 = VERTEX_POINT ( 'NONE', #5406 ) ;
#1393 = CARTESIAN_POINT ( 'NONE',  ( -4.939999999999999503, -8.673617379884035472E-16, -1.930000000000000160 ) ) ;
#1394 = LINE ( 'NONE', #5212, #4590 ) ;
#1395 = DIRECTION ( 'NONE',  ( 0.000000000000000000, -1.000000000000000000, 0.000000000000000000 ) ) ;
#1396 = DIRECTION ( 'NONE',  ( 0.000000000000000000, 0.000000000000000000, -1.000000000000000000 ) ) ;
#1397 = EDGE_CURVE ( 'NONE', #346, #3776, #874, .T. ) ;
#1398 = ORIENTED_EDGE ( 'NONE', *, *, #3161, .F. ) ;
#1399 = ORIENTED_EDGE ( 'NONE', *, *, #5013, .T. ) ;
#1400 = AXIS2_PLACEMENT_3D ( 'NONE', #5025, #4534, #2007 ) ;
#1401 = EDGE_CURVE ( 'NONE', #2744, #3725, #3395, .T. ) ;
#1402 = CARTESIAN_POINT ( 'NONE',  ( 2.364999999999999769, 9.459999999999999076, 1.930000000000000160 ) ) ;
#1403 = CARTESIAN_POINT ( 'NONE',  ( -3.319999999999999840, -8.673617379884035472E-16, 1.680000000000000160 ) ) ;
#1404 = VECTOR ( 'NONE', #2621, 1000.000000000000000 ) ;
#1405 = DIRECTION ( 'NONE',  ( 0.000000000000000000, 1.000000000000000000, 0.000000000000000000 ) ) ;
#1406 = EDGE_LOOP ( 'NONE', ( #4036, #2837, #3992, #4955 ) ) ;
#1407 = ORIENTED_EDGE ( 'NONE', *, *, #4026, .T. ) ;
#1408 = AXIS2_PLACEMENT_3D ( 'NONE', #2756, #4438, #592 ) ;
#1409 = CARTESIAN_POINT ( 'NONE',  ( -4.939999999999999503, 0.6699999999999995959, 1.270000000000000018 ) ) ;
#1410 = ORIENTED_EDGE ( 'NONE', *, *, #5238, .T. ) ;
#1411 = DIRECTION ( 'NONE',  ( -1.000000000000000000, 0.000000000000000000, 0.000000000000000000 ) ) ;
#1412 = VERTEX_POINT ( 'NONE', #4581 ) ;
#1413 = CARTESIAN_POINT ( 'NONE',  ( -4.269999999999999574, 3.299999999999999378, 1.250000000000000000 ) ) ;
#1414 = CARTESIAN_POINT ( 'NONE',  ( -5.674999999999999822, -8.673617379884035472E-16, 1.570000000000000062 ) ) ;
#1415 = EDGE_CURVE ( 'NONE', #1244, #403, #5047, .T. ) ;
#1416 = CARTESIAN_POINT ( 'NONE',  ( 2.364999999999999769, 9.459999999999999076, 1.930000000000000160 ) ) ;
#1417 = ADVANCED_FACE ( 'NONE', ( #1257 ), #2983, .T. ) ;
#1418 = EDGE_LOOP ( 'NONE', ( #1897, #615, #4652, #1828 ) ) ;
#1419 = ADVANCED_FACE ( 'NONE', ( #4966 ), #466, .T. ) ;
#1420 = DIRECTION ( 'NONE',  ( 0.000000000000000000, 0.000000000000000000, 1.000000000000000000 ) ) ;
#1421 = CARTESIAN_POINT ( 'NONE',  ( -5.365000000000000213, 9.459999999999999076, 1.930000000000000160 ) ) ;
#1422 = EDGE_CURVE ( 'NONE', #4156, #3973, #4995, .T. ) ;
#1423 = CARTESIAN_POINT ( 'NONE',  ( -1.975000000000000089, 1.849999999999999645, 1.930000000000000160 ) ) ;
#1424 = CARTESIAN_POINT ( 'NONE',  ( -5.825000000000000178, -1.275000000000000133, 2.020000000000000018 ) ) ;
#1425 = DIRECTION ( 'NONE',  ( 0.000000000000000000, -1.000000000000000000, 0.000000000000000000 ) ) ;
#1426 = ORIENTED_EDGE ( 'NONE', *, *, #5182, .F. ) ;
#1427 = ORIENTED_EDGE ( 'NONE', *, *, #1967, .F. ) ;
#1428 =( LENGTH_UNIT ( ) NAMED_UNIT ( * ) SI_UNIT ( .MILLI., .METRE. ) );
#1429 = EDGE_CURVE ( 'NONE', #2997, #5141, #2080, .T. ) ;
#1430 = CARTESIAN_POINT ( 'NONE',  ( -1.729999999999999982, 3.299999999999999378, 1.250000000000000000 ) ) ;
#1431 = EDGE_LOOP ( 'NONE', ( #2128, #5231, #4758, #5397 ) ) ;
#1432 = EDGE_LOOP ( 'NONE', ( #4348, #2911, #4017, #3932 ) ) ;
#1433 = ORIENTED_EDGE ( 'NONE', *, *, #3127, .T. ) ;
#1434 = CARTESIAN_POINT ( 'NONE',  ( -2.799999999999999822, 9.350000000000001421, -1.935000000000000053 ) ) ;
#1435 = VECTOR ( 'NONE', #919, 1000.000000000000000 ) ;
#1436 = VECTOR ( 'NONE', #2073, 1000.000000000000000 ) ;
#1437 = ORIENTED_EDGE ( 'NONE', *, *, #2226, .T. ) ;
#1438 = LINE ( 'NONE', #624, #4657 ) ;
#1439 = VECTOR ( 'NONE', #3998, 1000.000000000000000 ) ;
#1440 = ORIENTED_EDGE ( 'NONE', *, *, #954, .T. ) ;
#1441 = AXIS2_PLACEMENT_3D ( 'NONE', #1215, #2034, #374 ) ;
#1442 = CARTESIAN_POINT ( 'NONE',  ( -2.680000000000000160, 0.6999999999999992895, 0.3200000000000000067 ) ) ;
#1443 = DIRECTION ( 'NONE',  ( -0.9486832980505238710, -0.3162277660168079652, -0.000000000000000000 ) ) ;
#1444 = AXIS2_PLACEMENT_3D ( 'NONE', #2562, #3354, #3274 ) ;
#1445 = FACE_OUTER_BOUND ( 'NONE', #1162, .T. ) ;
#1446 = ORIENTED_EDGE ( 'NONE', *, *, #873, .T. ) ;
#1447 = CARTESIAN_POINT ( 'NONE',  ( 3.325000000000000178, 2.699999999999999734, 0.1137500000000000039 ) ) ;
#1448 = EDGE_CURVE ( 'NONE', #2744, #3920, #2548, .T. ) ;
#1449 = DIRECTION ( 'NONE',  ( 0.000000000000000000, 0.000000000000000000, -1.000000000000000000 ) ) ;
#1450 = FACE_OUTER_BOUND ( 'NONE', #810, .T. ) ;
#1451 = EDGE_CURVE ( 'NONE', #5141, #217, #439, .T. ) ;
#1452 = CARTESIAN_POINT ( 'NONE',  ( -2.799999999999999822, 7.399999999999999467, -2.435000000000000053 ) ) ;
#1453 = CARTESIAN_POINT ( 'NONE',  ( -4.925000000000000711, 9.899999999999998579, 0.7500000000000000000 ) ) ;
#1454 = CARTESIAN_POINT ( 'NONE',  ( -6.325000000000001066, 1.849999999999999645, 2.469999999999999751 ) ) ;
#1455 = ORIENTED_EDGE ( 'NONE', *, *, #62, .T. ) ;
#1456 = VERTEX_POINT ( 'NONE', #2106 ) ;
#1457 = DIRECTION ( 'NONE',  ( 0.000000000000000000, 0.000000000000000000, -1.000000000000000000 ) ) ;
#1458 = CARTESIAN_POINT ( 'NONE',  ( -6.325000000000001066, 0.6699999999999995959, -1.270000000000000018 ) ) ;
#1459 = VERTEX_POINT ( 'NONE', #4224 ) ;
#1460 = VERTEX_POINT ( 'NONE', #2930 ) ;
#1461 = VERTEX_POINT ( 'NONE', #3813 ) ;
#1462 = CARTESIAN_POINT ( 'NONE',  ( -0.3199999999999999512, 0.6699999999999995959, 1.270000000000000018 ) ) ;
#1463 = AXIS2_PLACEMENT_3D ( 'NONE', #2110, #395, #2883 ) ;
#1464 = ADVANCED_FACE ( 'NONE', ( #64 ), #4660, .T. ) ;
#1465 = EDGE_LOOP ( 'NONE', ( #241, #4782, #4815 ) ) ;
#1466 = DIRECTION ( 'NONE',  ( 0.000000000000000000, -1.000000000000000000, 0.000000000000000000 ) ) ;
#1467 = ORIENTED_EDGE ( 'NONE', *, *, #4345, .F. ) ;
#1468 = AXIS2_PLACEMENT_3D ( 'NONE', #3000, #4680, #1279 ) ;
#1469 = ORIENTED_EDGE ( 'NONE', *, *, #2494, .T. ) ;
#1470 = LINE ( 'NONE', #569, #2497 ) ;
#1471 = ADVANCED_FACE ( 'NONE', ( #5374 ), #4147, .F. ) ;
#1472 = AXIS2_PLACEMENT_3D ( 'NONE', #4200, #1689, #4125 ) ;
#1473 = DIRECTION ( 'NONE',  ( 0.000000000000000000, 0.000000000000000000, 1.000000000000000000 ) ) ;
#1474 = LINE ( 'NONE', #3146, #5150 ) ;
#1475 = VERTEX_POINT ( 'NONE', #3064 ) ;
#1476 = CARTESIAN_POINT ( 'NONE',  ( -3.219999999999999751, -2.880000000000000782, 0.000000000000000000 ) ) ;
#1477 = CARTESIAN_POINT ( 'NONE',  ( 3.325000000000000178, -8.673617379884035472E-16, -1.270000000000000018 ) ) ;
#1478 = PLANE ( 'NONE',  #3289 ) ;
#1479 = VECTOR ( 'NONE', #5265, 1000.000000000000000 ) ;
#1480 = FACE_BOUND ( 'NONE', #5308, .T. ) ;
#1481 = DIRECTION ( 'NONE',  ( 0.000000000000000000, -1.000000000000000000, 0.000000000000000000 ) ) ;
#1482 = ORIENTED_EDGE ( 'NONE', *, *, #3210, .F. ) ;
#1483 = ORIENTED_EDGE ( 'NONE', *, *, #866, .F. ) ;
#1484 = PLANE ( 'NONE',  #3280 ) ;
#1485 = DIRECTION ( 'NONE',  ( 1.000000000000000000, 0.000000000000000000, 0.000000000000000000 ) ) ;
#1486 = ORIENTED_EDGE ( 'NONE', *, *, #256, .F. ) ;
#1487 = VECTOR ( 'NONE', #2912, 1000.000000000000000 ) ;
#1488 = ORIENTED_EDGE ( 'NONE', *, *, #4488, .F. ) ;
#1489 = EDGE_CURVE ( 'NONE', #73, #4567, #1364, .T. ) ;
#1490 = ADVANCED_FACE ( 'NONE', ( #2162 ), #5097, .T. ) ;
#1491 = ORIENTED_EDGE ( 'NONE', *, *, #921, .T. ) ;
#1492 = EDGE_CURVE ( 'NONE', #4983, #214, #3448, .T. ) ;
#1493 = DIRECTION ( 'NONE',  ( 0.000000000000000000, -1.000000000000000000, 0.000000000000000000 ) ) ;
#1494 = AXIS2_PLACEMENT_3D ( 'NONE', #852, #1671, #4505 ) ;
#1495 = VECTOR ( 'NONE', #2765, 1000.000000000000000 ) ;
#1496 = EDGE_LOOP ( 'NONE', ( #5227, #4933, #642, #296 ) ) ;
#1497 = DIRECTION ( 'NONE',  ( -0.8869140841669709285, 0.000000000000000000, 0.4619344188369849391 ) ) ;
#1498 = ORIENTED_EDGE ( 'NONE', *, *, #4182, .F. ) ;
#1499 = DIRECTION ( 'NONE',  ( 0.000000000000000000, 0.000000000000000000, 1.000000000000000000 ) ) ;
#1500 = CARTESIAN_POINT ( 'NONE',  ( -0.2000000000000000944, 6.899999999999999467, -1.935000000000000053 ) ) ;
#1501 = EDGE_CURVE ( 'NONE', #73, #4186, #4686, .T. ) ;
#1502 = DIRECTION ( 'NONE',  ( 0.000000000000000000, 0.6401843996644798196, 0.7682212795973758501 ) ) ;
#1503 = VERTEX_POINT ( 'NONE', #2185 ) ;
#1504 = LINE ( 'NONE', #3174, #1495 ) ;
#1505 = CARTESIAN_POINT ( 'NONE',  ( -5.625000000000000000, 9.199999999999999289, 0.000000000000000000 ) ) ;
#1506 = CARTESIAN_POINT ( 'NONE',  ( -6.325000000000001066, -8.673617379884035472E-16, 1.270000000000000018 ) ) ;
#1507 = LINE ( 'NONE', #4857, #5125 ) ;
#1508 = PLANE ( 'NONE',  #3045 ) ;
#1509 = ADVANCED_FACE ( 'NONE', ( #929 ), #5124, .F. ) ;
#1510 = ORIENTED_EDGE ( 'NONE', *, *, #1006, .T. ) ;
#1511 = ORIENTED_EDGE ( 'NONE', *, *, #1861, .T. ) ;
#1512 = CARTESIAN_POINT ( 'NONE',  ( -2.680000000000000160, 0.6999999999999992895, 0.8750000000000000000 ) ) ;
#1513 = VERTEX_POINT ( 'NONE', #4711 ) ;
#1514 = VERTEX_POINT ( 'NONE', #4355 ) ;
#1515 = ORIENTED_EDGE ( 'NONE', *, *, #4916, .F. ) ;
#1516 = VECTOR ( 'NONE', #2402, 1000.000000000000000 ) ;
#1517 = EDGE_CURVE ( 'NONE', #894, #1637, #1797, .T. ) ;
#1518 = DIRECTION ( 'NONE',  ( 0.000000000000000000, 0.000000000000000000, -1.000000000000000000 ) ) ;
#1519 = ADVANCED_FACE ( 'NONE', ( #570 ), #3087, .F. ) ;
#1520 = ORIENTED_EDGE ( 'NONE', *, *, #3279, .F. ) ;
#1521 = DIRECTION ( 'NONE',  ( -0.7071067811865474617, 0.7071067811865474617, 0.000000000000000000 ) ) ;
#1522 = ORIENTED_EDGE ( 'NONE', *, *, #2072, .T. ) ;
#1523 = AXIS2_PLACEMENT_3D ( 'NONE', #1131, #3963, #3241 ) ;
#1524 = CARTESIAN_POINT ( 'NONE',  ( -3.319999999999999840, 0.6999999999999992895, -0.3200000000000000067 ) ) ;
#1525 = DIRECTION ( 'NONE',  ( 1.000000000000000000, 0.000000000000000000, 0.000000000000000000 ) ) ;
#1526 = CARTESIAN_POINT ( 'NONE',  ( 2.674999999999999822, -8.673617379884035472E-16, 2.469999999999999751 ) ) ;
#1527 = AXIS2_PLACEMENT_3D ( 'NONE', #2823, #2444, #418 ) ;
#1528 = ORIENTED_EDGE ( 'NONE', *, *, #1822, .F. ) ;
#1529 = AXIS2_PLACEMENT_3D ( 'NONE', #4111, #5310, #407 ) ;
#1530 = DIRECTION ( 'NONE',  ( 1.000000000000000000, 0.000000000000000000, 0.000000000000000000 ) ) ;
#1531 = CARTESIAN_POINT ( 'NONE',  ( 2.389999999999999680, 1.269999999999999352, -0.8750000000000000000 ) ) ;
#1532 = AXIS2_PLACEMENT_3D ( 'NONE', #3208, #2854, #770 ) ;
#1533 = LINE ( 'NONE', #1916, #5217 ) ;
#1534 = FACE_OUTER_BOUND ( 'NONE', #4196, .T. ) ;
#1535 = ADVANCED_FACE ( 'NONE', ( #3530 ), #166, .T. ) ;
#1536 = CARTESIAN_POINT ( 'NONE',  ( -4.939999999999999503, 0.6699999999999995959, -0.8750000000000000000 ) ) ;
#1537 = EDGE_LOOP ( 'NONE', ( #2875, #4596, #2536, #1632, #599, #2133 ) ) ;
#1538 = ORIENTED_EDGE ( 'NONE', *, *, #1276, .F. ) ;
#1539 = CARTESIAN_POINT ( 'NONE',  ( 2.389999999999999680, 0.6699999999999995959, -1.270000000000000018 ) ) ;
#1540 = DIRECTION ( 'NONE',  ( 0.000000000000000000, 0.000000000000000000, -1.000000000000000000 ) ) ;
#1541 = ORIENTED_EDGE ( 'NONE', *, *, #3855, .T. ) ;
#1542 = ORIENTED_EDGE ( 'NONE', *, *, #650, .F. ) ;
#1543 = ORIENTED_EDGE ( 'NONE', *, *, #3805, .F. ) ;
#1544 = DIRECTION ( 'NONE',  ( 0.000000000000000000, 1.000000000000000000, 0.000000000000000000 ) ) ;
#1545 = DIRECTION ( 'NONE',  ( 0.000000000000000000, 0.000000000000000000, -1.000000000000000000 ) ) ;
#1546 = ORIENTED_EDGE ( 'NONE', *, *, #5064, .F. ) ;
#1547 = FACE_OUTER_BOUND ( 'NONE', #379, .T. ) ;
#1548 = ORIENTED_EDGE ( 'NONE', *, *, #2827, .F. ) ;
#1549 = DIRECTION ( 'NONE',  ( -1.000000000000000000, 0.000000000000000000, 0.000000000000000000 ) ) ;
#1550 = VECTOR ( 'NONE', #3713, 1000.000000000000000 ) ;
#1551 = FACE_OUTER_BOUND ( 'NONE', #1221, .T. ) ;
#1552 = DIRECTION ( 'NONE',  ( 0.000000000000000000, 0.000000000000000000, 1.000000000000000000 ) ) ;
#1553 = VECTOR ( 'NONE', #1306, 1000.000000000000000 ) ;
#1554 = EDGE_LOOP ( 'NONE', ( #5206, #2213, #371, #3385 ) ) ;
#1555 = CARTESIAN_POINT ( 'NONE',  ( -6.325000000000001066, -8.673617379884035472E-16, 1.570000000000000062 ) ) ;
#1556 = EDGE_CURVE ( 'NONE', #4597, #4287, #87, .T. ) ;
#1557 = EDGE_CURVE ( 'NONE', #4886, #5106, #3839, .T. ) ;
#1558 = LINE ( 'NONE', #3681, #15 ) ;
#1559 = AXIS2_PLACEMENT_3D ( 'NONE', #3617, #5282, #3587 ) ;
#1560 = DIRECTION ( 'NONE',  ( 0.000000000000000000, -1.000000000000000000, 0.000000000000000000 ) ) ;
#1561 = DIRECTION ( 'NONE',  ( 0.000000000000000000, -0.9486832980505238710, -0.3162277660168079652 ) ) ;
#1562 = VECTOR ( 'NONE', #10, 1000.000000000000000 ) ;
#1563 = CARTESIAN_POINT ( 'NONE',  ( 3.325000000000000178, 1.269999999999999352, 0.8750000000000000000 ) ) ;
#1564 = ORIENTED_EDGE ( 'NONE', *, *, #3403, .F. ) ;
#1565 = VERTEX_POINT ( 'NONE', #4762 ) ;
#1566 = EDGE_CURVE ( 'NONE', #2627, #4962, #1745, .T. ) ;
#1567 = CARTESIAN_POINT ( 'NONE',  ( -0.3199999999999999512, -8.673617379884035472E-16, 1.270000000000000018 ) ) ;
#1568 = PLANE ( 'NONE',  #2585 ) ;
#1569 = ORIENTED_EDGE ( 'NONE', *, *, #4675, .T. ) ;
#1570 = ORIENTED_EDGE ( 'NONE', *, *, #3534, .T. ) ;
#1571 = EDGE_CURVE ( 'NONE', #5106, #1738, #4247, .T. ) ;
#1572 = FACE_OUTER_BOUND ( 'NONE', #4754, .T. ) ;
#1573 = CARTESIAN_POINT ( 'NONE',  ( -2.680000000000000160, -3.180000000000000604, -0.3200000000000000067 ) ) ;
#1574 = ADVANCED_FACE ( 'NONE', ( #1335, #1388 ), #5179, .F. ) ;
#1575 = AXIS2_PLACEMENT_3D ( 'NONE', #498, #1775, #3454 ) ;
#1576 = ORIENTED_EDGE ( 'NONE', *, *, #3351, .F. ) ;
#1577 = CARTESIAN_POINT ( 'NONE',  ( -2.680000000000000160, 0.6999999999999992895, 1.649999999999999911 ) ) ;
#1578 = EDGE_LOOP ( 'NONE', ( #3317, #79, #678, #1327 ) ) ;
#1579 = VECTOR ( 'NONE', #3753, 1000.000000000000000 ) ;
#1580 = PLANE ( 'NONE',  #3811 ) ;
#1581 = LINE ( 'NONE', #3145, #4972 ) ;
#1582 = DIRECTION ( 'NONE',  ( 0.000000000000000000, -1.000000000000000000, 0.000000000000000000 ) ) ;
#1583 = EDGE_LOOP ( 'NONE', ( #623, #105, #4425, #5189 ) ) ;
#1584 = VECTOR ( 'NONE', #3033, 1000.000000000000000 ) ;
#1585 = CARTESIAN_POINT ( 'NONE',  ( 0.3199999999999999512, 0.6999999999999992895, 0.8750000000000000000 ) ) ;
#1586 = CARTESIAN_POINT ( 'NONE',  ( -6.325000000000001066, 1.269999999999999352, 1.270000000000000018 ) ) ;
#1587 = EDGE_CURVE ( 'NONE', #2671, #4900, #3504, .T. ) ;
#1588 = DIRECTION ( 'NONE',  ( 1.000000000000000000, 0.000000000000000000, 0.000000000000000000 ) ) ;
#1589 = VECTOR ( 'NONE', #5200, 1000.000000000000000 ) ;
#1590 = EDGE_CURVE ( 'NONE', #1503, #995, #4791, .T. ) ;
#1591 = CARTESIAN_POINT ( 'NONE',  ( 0.3199999999999999512, 3.299999999999999378, 0.3200000000000000067 ) ) ;
#1592 = EDGE_CURVE ( 'NONE', #3431, #3347, #2815, .T. ) ;
#1593 = CARTESIAN_POINT ( 'NONE',  ( 1.939999999999999947, 0.6699999999999995959, -1.270000000000000018 ) ) ;
#1594 = PLANE ( 'NONE',  #3576 ) ;
#1595 = VERTEX_POINT ( 'NONE', #1500 ) ;
#1596 = LINE ( 'NONE', #5410, #4299 ) ;
#1597 = PLANE ( 'NONE',  #3012 ) ;
#1598 = LINE ( 'NONE', #3185, #4518 ) ;
#1599 = ORIENTED_EDGE ( 'NONE', *, *, #4046, .T. ) ;
#1600 = ORIENTED_EDGE ( 'NONE', *, *, #4479, .T. ) ;
#1601 = DIRECTION ( 'NONE',  ( 0.000000000000000000, 0.3162277660168079652, -0.9486832980505238710 ) ) ;
#1602 = CARTESIAN_POINT ( 'NONE',  ( -3.319999999999999840, 3.299999999999999378, 0.3200000000000000067 ) ) ;
#1603 = ORIENTED_EDGE ( 'NONE', *, *, #873, .F. ) ;
#1604 = ORIENTED_EDGE ( 'NONE', *, *, #617, .F. ) ;
#1605 = DIRECTION ( 'NONE',  ( 1.000000000000000000, 0.000000000000000000, 0.000000000000000000 ) ) ;
#1606 = DIRECTION ( 'NONE',  ( 0.000000000000000000, 0.000000000000000000, -1.000000000000000000 ) ) ;
#1607 = DIRECTION ( 'NONE',  ( -1.000000000000000000, 0.000000000000000000, 0.000000000000000000 ) ) ;
#1608 = ORIENTED_EDGE ( 'NONE', *, *, #2090, .T. ) ;
#1609 = FACE_OUTER_BOUND ( 'NONE', #2896, .T. ) ;
#1610 = DIRECTION ( 'NONE',  ( -0.6092076990801816860, 0.5076730825667846725, 0.6092076990801816860 ) ) ;
#1611 = DIRECTION ( 'NONE',  ( 1.000000000000000000, 0.000000000000000000, 0.000000000000000000 ) ) ;
#1612 = VECTOR ( 'NONE', #3044, 1000.000000000000000 ) ;
#1613 = DIRECTION ( 'NONE',  ( 0.000000000000000000, -1.000000000000000000, 0.000000000000000000 ) ) ;
#1614 = VECTOR ( 'NONE', #4461, 1000.000000000000000 ) ;
#1615 = CARTESIAN_POINT ( 'NONE',  ( 1.939999999999999947, 0.6699999999999995959, 1.270000000000000018 ) ) ;
#1616 = CARTESIAN_POINT ( 'NONE',  ( -6.325000000000001066, -8.673617379884035472E-16, -1.270000000000000018 ) ) ;
#1617 = ORIENTED_EDGE ( 'NONE', *, *, #550, .F. ) ;
#1618 = EDGE_CURVE ( 'NONE', #2447, #709, #4006, .T. ) ;
#1619 = VECTOR ( 'NONE', #1613, 1000.000000000000000 ) ;
#1620 = VECTOR ( 'NONE', #669, 1000.000000000000000 ) ;
#1621 = CARTESIAN_POINT ( 'NONE',  ( 1.939999999999999947, 0.6699999999999995959, 0.8750000000000000000 ) ) ;
#1622 = CARTESIAN_POINT ( 'NONE',  ( 0.3199999999999999512, 0.6699999999999995959, -0.8750000000000000000 ) ) ;
#1623 = AXIS2_PLACEMENT_3D ( 'NONE', #2417, #1588, #2792 ) ;
#1624 = CARTESIAN_POINT ( 'NONE',  ( 2.389999999999999680, -8.673617379884035472E-16, 1.270000000000000018 ) ) ;
#1625 = VECTOR ( 'NONE', #3771, 1000.000000000000000 ) ;
#1626 = ADVANCED_FACE ( 'NONE', ( #4902 ), #2787, .F. ) ;
#1627 = ORIENTED_EDGE ( 'NONE', *, *, #1339, .T. ) ;
#1628 = CARTESIAN_POINT ( 'NONE',  ( -1.270000000000000018, 9.899999999999998579, -1.250000000000000000 ) ) ;
#1629 = CARTESIAN_POINT ( 'NONE',  ( -0.3199999999999999512, 0.6699999999999995959, -1.270000000000000018 ) ) ;
#1630 = ORIENTED_EDGE ( 'NONE', *, *, #292, .T. ) ;
#1631 = EDGE_LOOP ( 'NONE', ( #3677, #3831, #2339, #13 ) ) ;
#1632 = ORIENTED_EDGE ( 'NONE', *, *, #4808, .F. ) ;
#1633 = LINE ( 'NONE', #4465, #2139 ) ;
#1634 = LINE ( 'NONE', #4989, #4648 ) ;
#1635 = EDGE_CURVE ( 'NONE', #2998, #5311, #1910, .T. ) ;
#1636 = CARTESIAN_POINT ( 'NONE',  ( 1.269999999999999796, 3.299999999999999378, 1.250000000000000000 ) ) ;
#1637 = VERTEX_POINT ( 'NONE', #4876 ) ;
#1638 = CARTESIAN_POINT ( 'NONE',  ( 1.939999999999999947, -8.673617379884035472E-16, -1.930000000000000160 ) ) ;
#1639 = ADVANCED_FACE ( 'NONE', ( #1062 ), #4057, .T. ) ;
#1640 = CARTESIAN_POINT ( 'NONE',  ( 0.3199999999999999512, 6.899999999999999467, -0.3200000000000000067 ) ) ;
#1641 = PLANE ( 'NONE',  #169 ) ;
#1642 = AXIS2_PLACEMENT_3D ( 'NONE', #4851, #4059, #1962 ) ;
#1643 = FACE_OUTER_BOUND ( 'NONE', #3573, .T. ) ;
#1644 = AXIS2_PLACEMENT_3D ( 'NONE', #3426, #2553, #983 ) ;
#1645 = DIRECTION ( 'NONE',  ( 0.000000000000000000, 0.000000000000000000, -1.000000000000000000 ) ) ;
#1646 = EDGE_LOOP ( 'NONE', ( #4102, #4107, #559, #5361 ) ) ;
#1647 = DIRECTION ( 'NONE',  ( 0.000000000000000000, 0.000000000000000000, 1.000000000000000000 ) ) ;
#1648 = CARTESIAN_POINT ( 'NONE',  ( 1.939999999999999947, -8.673617379884035472E-16, -1.930000000000000160 ) ) ;
#1649 = LINE ( 'NONE', #40, #4947 ) ;
#1650 = FACE_OUTER_BOUND ( 'NONE', #3441, .T. ) ;
#1651 = ORIENTED_EDGE ( 'NONE', *, *, #5418, .F. ) ;
#1652 = LINE ( 'NONE', #2891, #3291 ) ;
#1653 = CARTESIAN_POINT ( 'NONE',  ( -3.319999999999999840, 1.349999999999999645, -1.930000000000000160 ) ) ;
#1654 = EDGE_CURVE ( 'NONE', #3439, #4571, #221, .T. ) ;
#1655 = EDGE_CURVE ( 'NONE', #1869, #3714, #2734, .T. ) ;
#1656 = VERTEX_POINT ( 'NONE', #628 ) ;
#1657 = EDGE_LOOP ( 'NONE', ( #2925, #1515, #2847, #3119 ) ) ;
#1658 = EDGE_CURVE ( 'NONE', #2785, #757, #1088, .T. ) ;
#1659 = CARTESIAN_POINT ( 'NONE',  ( -6.325000000000001066, 8.500000000000000000, -1.250000000000000000 ) ) ;
#1660 = CARTESIAN_POINT ( 'NONE',  ( 3.325000000000000178, 2.699999999999999734, -0.04250000000000000305 ) ) ;
#1661 = DIRECTION ( 'NONE',  ( 0.000000000000000000, -1.000000000000000000, 0.000000000000000000 ) ) ;
#1662 = ORIENTED_EDGE ( 'NONE', *, *, #4986, .T. ) ;
#1663 = CARTESIAN_POINT ( 'NONE',  ( -6.325000000000001066, 8.500000000000000000, 0.7500000000000000000 ) ) ;
#1664 = VECTOR ( 'NONE', #4528, 1000.000000000000000 ) ;
#1665 = DIRECTION ( 'NONE',  ( -1.000000000000000000, 0.000000000000000000, 0.000000000000000000 ) ) ;
#1666 = EDGE_CURVE ( 'NONE', #4741, #3189, #3975, .T. ) ;
#1667 = DIRECTION ( 'NONE',  ( 0.000000000000000000, 0.000000000000000000, 1.000000000000000000 ) ) ;
#1668 = CARTESIAN_POINT ( 'NONE',  ( 3.325000000000000178, -8.673617379884035472E-16, 1.570000000000000062 ) ) ;
#1669 = CARTESIAN_POINT ( 'NONE',  ( -0.3199999999999999512, 0.6999999999999992895, 0.3200000000000000067 ) ) ;
#1670 = ORIENTED_EDGE ( 'NONE', *, *, #4591, .T. ) ;
#1671 = DIRECTION ( 'NONE',  ( -0.000000000000000000, 1.000000000000000000, 0.000000000000000000 ) ) ;
#1672 = CARTESIAN_POINT ( 'NONE',  ( -0.3199999999999999512, 1.349999999999999645, -1.930000000000000160 ) ) ;
#1673 = FACE_OUTER_BOUND ( 'NONE', #3309, .T. ) ;
#1674 = FACE_OUTER_BOUND ( 'NONE', #3563, .T. ) ;
#1675 = ADVANCED_FACE ( 'NONE', ( #3256 ), #1882, .T. ) ;
#1676 = ORIENTED_EDGE ( 'NONE', *, *, #3574, .T. ) ;
#1677 = FACE_OUTER_BOUND ( 'NONE', #4464, .T. ) ;
#1678 = CARTESIAN_POINT ( 'NONE',  ( -2.975000000000000089, 9.049999999999998934, 1.930000000000000160 ) ) ;
#1679 = EDGE_LOOP ( 'NONE', ( #3645, #2357, #2508, #5346, #2164, #1380, #3936, #1060 ) ) ;
#1680 = ORIENTED_EDGE ( 'NONE', *, *, #4916, .T. ) ;
#1681 = EDGE_CURVE ( 'NONE', #3977, #1905, #5343, .T. ) ;
#1682 = ORIENTED_EDGE ( 'NONE', *, *, #2943, .F. ) ;
#1683 = EDGE_CURVE ( 'NONE', #4741, #1781, #4441, .T. ) ;
#1684 = DIRECTION ( 'NONE',  ( 0.000000000000000000, 0.000000000000000000, 1.000000000000000000 ) ) ;
#1685 = CARTESIAN_POINT ( 'NONE',  ( -4.925000000000000711, 8.500000000000000000, -1.250000000000000000 ) ) ;
#1686 = VERTEX_POINT ( 'NONE', #732 ) ;
#1687 = DIRECTION ( 'NONE',  ( 0.000000000000000000, -1.000000000000000000, 0.000000000000000000 ) ) ;
#1688 = DIRECTION ( 'NONE',  ( 0.000000000000000000, 0.000000000000000000, 1.000000000000000000 ) ) ;
#1689 = DIRECTION ( 'NONE',  ( 0.000000000000000000, -1.000000000000000000, 0.000000000000000000 ) ) ;
#1690 = DIRECTION ( 'NONE',  ( 0.000000000000000000, 0.000000000000000000, -1.000000000000000000 ) ) ;
#1691 = ORIENTED_EDGE ( 'NONE', *, *, #3433, .F. ) ;
#1692 = PLANE ( 'NONE',  #2252 ) ;
#1693 = ORIENTED_EDGE ( 'NONE', *, *, #3536, .T. ) ;
#1694 = LINE ( 'NONE', #2963, #1051 ) ;
#1695 = AXIS2_PLACEMENT_3D ( 'NONE', #2967, #4258, #95 ) ;
#1696 = AXIS2_PLACEMENT_3D ( 'NONE', #4736, #4198, #3560 ) ;
#1697 = LINE ( 'NONE', #4206, #1752 ) ;
#1698 = CARTESIAN_POINT ( 'NONE',  ( 2.389999999999999680, 0.6699999999999995959, -0.8750000000000000000 ) ) ;
#1699 = CARTESIAN_POINT ( 'NONE',  ( -2.680000000000000160, 0.6999999999999992895, 0.3200000000000000067 ) ) ;
#1700 = EDGE_CURVE ( 'NONE', #4287, #3272, #1581, .T. ) ;
#1701 = AXIS2_PLACEMENT_3D ( 'NONE', #1971, #1126, #1561 ) ;
#1702 = AXIS2_PLACEMENT_3D ( 'NONE', #5170, #511, #948 ) ;
#1703 = ORIENTED_EDGE ( 'NONE', *, *, #1191, .F. ) ;
#1704 = VECTOR ( 'NONE', #5073, 1000.000000000000000 ) ;
#1705 = CARTESIAN_POINT ( 'NONE',  ( -5.389999999999999680, 1.699999999999999734, -1.930000000000000160 ) ) ;
#1706 = VECTOR ( 'NONE', #3695, 1000.000000000000000 ) ;
#1707 = CARTESIAN_POINT ( 'NONE',  ( -0.1200000000000000927, -3.180000000000000604, -0.1200000000000000094 ) ) ;
#1708 = ORIENTED_EDGE ( 'NONE', *, *, #3679, .F. ) ;
#1709 = ORIENTED_EDGE ( 'NONE', *, *, #88, .T. ) ;
#1710 = ORIENTED_EDGE ( 'NONE', *, *, #2926, .F. ) ;
#1711 = DIRECTION ( 'NONE',  ( 0.000000000000000000, -1.000000000000000000, 0.000000000000000000 ) ) ;
#1712 = FACE_OUTER_BOUND ( 'NONE', #1076, .T. ) ;
#1713 = ORIENTED_EDGE ( 'NONE', *, *, #3304, .F. ) ;
#1714 = ADVANCED_FACE ( 'NONE', ( #4819 ), #2355, .T. ) ;
#1715 = CARTESIAN_POINT ( 'NONE',  ( -0.02500000000000006384, 9.049999999999998934, 1.930000000000000160 ) ) ;
#1716 = LINE ( 'NONE', #493, #4214 ) ;
#1717 = DIRECTION ( 'NONE',  ( 0.000000000000000000, -1.000000000000000000, 0.000000000000000000 ) ) ;
#1718 = CARTESIAN_POINT ( 'NONE',  ( 0.3199999999999999512, -8.673617379884035472E-16, -1.930000000000000160 ) ) ;
#1719 = ADVANCED_FACE ( 'NONE', ( #2380 ), #3675, .T. ) ;
#1720 = EDGE_LOOP ( 'NONE', ( #1252, #2862, #5169, #1737 ) ) ;
#1721 = EDGE_CURVE ( 'NONE', #2516, #2602, #300, .T. ) ;
#1722 = CARTESIAN_POINT ( 'NONE',  ( -2.680000000000000160, -2.580000000000000515, -0.3200000000000000067 ) ) ;
#1723 = ORIENTED_EDGE ( 'NONE', *, *, #2257, .F. ) ;
#1724 = CARTESIAN_POINT ( 'NONE',  ( -0.3199999999999999512, 3.299999999999999378, 0.3200000000000000067 ) ) ;
#1725 = PLANE ( 'NONE',  #2460 ) ;
#1726 = CARTESIAN_POINT ( 'NONE',  ( 2.389999999999999680, 1.849999999999999645, 2.469999999999999751 ) ) ;
#1727 = AXIS2_PLACEMENT_3D ( 'NONE', #5247, #3124, #3659 ) ;
#1728 = FACE_OUTER_BOUND ( 'NONE', #3468, .T. ) ;
#1729 = VECTOR ( 'NONE', #5098, 1000.000000000000114 ) ;
#1730 = VERTEX_POINT ( 'NONE', #5317 ) ;
#1731 = AXIS2_PLACEMENT_3D ( 'NONE', #1973, #1481, #2387 ) ;
#1732 = ADVANCED_FACE ( 'NONE', ( #1551 ), #761, .T. ) ;
#1733 = CARTESIAN_POINT ( 'NONE',  ( -5.389999999999999680, 1.269999999999999352, -0.8750000000000000000 ) ) ;
#1734 = ADVANCED_FACE ( 'NONE', ( #2436 ), #4218, .T. ) ;
#1735 = CARTESIAN_POINT ( 'NONE',  ( 0.3199999999999999512, 1.269999999999999352, 0.8750000000000000000 ) ) ;
#1736 = ORIENTED_EDGE ( 'NONE', *, *, #2631, .F. ) ;
#1737 = ORIENTED_EDGE ( 'NONE', *, *, #5336, .F. ) ;
#1738 = VERTEX_POINT ( 'NONE', #1660 ) ;
#1739 = VECTOR ( 'NONE', #4466, 1000.000000000000000 ) ;
#1740 = LINE ( 'NONE', #3807, #682 ) ;
#1741 = EDGE_CURVE ( 'NONE', #1748, #4813, #356, .T. ) ;
#1742 = ORIENTED_EDGE ( 'NONE', *, *, #1700, .F. ) ;
#1743 = DIRECTION ( 'NONE',  ( 0.000000000000000000, 0.000000000000000000, 1.000000000000000000 ) ) ;
#1744 = CARTESIAN_POINT ( 'NONE',  ( 3.025000000000000355, -1.400000000000000133, 2.169999999999999929 ) ) ;
#1745 = LINE ( 'NONE', #1826, #5062 ) ;
#1746 = LINE ( 'NONE', #1336, #1729 ) ;
#1747 = VECTOR ( 'NONE', #2469, 1000.000000000000000 ) ;
#1748 = VERTEX_POINT ( 'NONE', #2514 ) ;
#1749 = LINE ( 'NONE', #67, #2954 ) ;
#1750 = ADVANCED_FACE ( 'NONE', ( #3337 ), #2074, .T. ) ;
#1751 = LINE ( 'NONE', #2604, #4131 ) ;
#1752 = VECTOR ( 'NONE', #2528, 1000.000000000000000 ) ;
#1753 = EDGE_CURVE ( 'NONE', #2975, #2345, #3358, .T. ) ;
#1754 = PLANE ( 'NONE',  #5373 ) ;
#1755 = EDGE_CURVE ( 'NONE', #1738, #4405, #4549, .T. ) ;
#1756 = DIRECTION ( 'NONE',  ( 0.000000000000000000, -1.000000000000000000, 0.000000000000000000 ) ) ;
#1757 = LINE ( 'NONE', #501, #141 ) ;
#1758 = VECTOR ( 'NONE', #1420, 1000.000000000000000 ) ;
#1759 = ORIENTED_EDGE ( 'NONE', *, *, #3707, .T. ) ;
#1760 = CARTESIAN_POINT ( 'NONE',  ( -4.269999999999999574, 9.899999999999998579, 1.250000000000000000 ) ) ;
#1761 = CARTESIAN_POINT ( 'NONE',  ( 3.274999999999999911, 1.449999999999999512, 0.1137500000000000039 ) ) ;
#1762 = LINE ( 'NONE', #1813, #3929 ) ;
#1763 = ORIENTED_EDGE ( 'NONE', *, *, #1683, .T. ) ;
#1764 = ORIENTED_EDGE ( 'NONE', *, *, #4964, .F. ) ;
#1765 = LINE ( 'NONE', #4756, #4424 ) ;
#1766 = LINE ( 'NONE', #3782, #2957 ) ;
#1767 = ORIENTED_EDGE ( 'NONE', *, *, #5298, .F. ) ;
#1768 = PLANE ( 'NONE',  #197 ) ;
#1769 = LINE ( 'NONE', #4246, #4081 ) ;
#1770 = CARTESIAN_POINT ( 'NONE',  ( -2.680000000000000160, 0.6999999999999992895, 0.3200000000000000067 ) ) ;
#1771 = CARTESIAN_POINT ( 'NONE',  ( -6.325000000000001066, 0.6699999999999995959, 0.8750000000000000000 ) ) ;
#1772 = EDGE_LOOP ( 'NONE', ( #4422, #718, #2672, #3335 ) ) ;
#1773 = FACE_OUTER_BOUND ( 'NONE', #4504, .T. ) ;
#1774 = AXIS2_PLACEMENT_3D ( 'NONE', #2632, #147, #3014 ) ;
#1775 = DIRECTION ( 'NONE',  ( 0.000000000000000000, 0.000000000000000000, 1.000000000000000000 ) ) ;
#1776 = DIRECTION ( 'NONE',  ( 0.000000000000000000, 0.000000000000000000, 1.000000000000000000 ) ) ;
#1777 = CARTESIAN_POINT ( 'NONE',  ( 1.939999999999999947, 1.269999999999999352, 0.8750000000000000000 ) ) ;
#1778 = CARTESIAN_POINT ( 'NONE',  ( -2.680000000000000160, 0.6699999999999995959, 1.270000000000000018 ) ) ;
#1779 = EDGE_CURVE ( 'NONE', #3881, #4760, #2020, .T. ) ;
#1780 = ORIENTED_EDGE ( 'NONE', *, *, #4808, .T. ) ;
#1781 = VERTEX_POINT ( 'NONE', #1250 ) ;
#1782 = VECTOR ( 'NONE', #4336, 1000.000000000000000 ) ;
#1783 = DIRECTION ( 'NONE',  ( 1.000000000000000000, 0.000000000000000000, 0.000000000000000000 ) ) ;
#1784 = DIRECTION ( 'NONE',  ( 0.000000000000000000, 0.000000000000000000, -1.000000000000000000 ) ) ;
#1785 = VECTOR ( 'NONE', #996, 1000.000000000000114 ) ;
#1786 = AXIS2_PLACEMENT_3D ( 'NONE', #1138, #2865, #3721 ) ;
#1787 = LINE ( 'NONE', #1377, #3398 ) ;
#1788 = ORIENTED_EDGE ( 'NONE', *, *, #41, .T. ) ;
#1789 = ORIENTED_EDGE ( 'NONE', *, *, #1397, .T. ) ;
#1790 = VECTOR ( 'NONE', #1396, 1000.000000000000000 ) ;
#1791 = DIRECTION ( 'NONE',  ( -0.3015113445777909407, 0.9045340337332726799, -0.3015113445777909407 ) ) ;
#1792 = PLANE ( 'NONE',  #1295 ) ;
#1793 = ORIENTED_EDGE ( 'NONE', *, *, #3129, .F. ) ;
#1794 = PLANE ( 'NONE',  #192 ) ;
#1795 = DIRECTION ( 'NONE',  ( -1.000000000000000000, 0.000000000000000000, 0.000000000000000000 ) ) ;
#1796 = EDGE_CURVE ( 'NONE', #1361, #3943, #5400, .T. ) ;
#1797 = LINE ( 'NONE', #956, #160 ) ;
#1798 = CARTESIAN_POINT ( 'NONE',  ( -4.925000000000000711, 9.899999999999998579, -1.250000000000000000 ) ) ;
#1799 = ORIENTED_EDGE ( 'NONE', *, *, #2717, .F. ) ;
#1800 = ADVANCED_FACE ( 'NONE', ( #55 ), #2540, .T. ) ;
#1801 = DIRECTION ( 'NONE',  ( 0.000000000000000000, 0.7071067811865475727, -0.7071067811865475727 ) ) ;
#1802 = FACE_OUTER_BOUND ( 'NONE', #540, .T. ) ;
#1803 = PLANE ( 'NONE',  #2326 ) ;
#1804 = LINE ( 'NONE', #4668, #2840 ) ;
#1805 = DIRECTION ( 'NONE',  ( 1.000000000000000000, 0.000000000000000000, 0.000000000000000000 ) ) ;
#1806 = VERTEX_POINT ( 'NONE', #843 ) ;
#1807 = ORIENTED_EDGE ( 'NONE', *, *, #1158, .T. ) ;
#1808 = AXIS2_PLACEMENT_3D ( 'NONE', #1770, #2240, #2680 ) ;
#1809 = VECTOR ( 'NONE', #5299, 1000.000000000000000 ) ;
#1810 =( NAMED_UNIT ( * ) SI_UNIT ( $, .STERADIAN. ) SOLID_ANGLE_UNIT ( ) );
#1811 = DIRECTION ( 'NONE',  ( 1.000000000000000000, 0.000000000000000000, 0.000000000000000000 ) ) ;
#1812 = VECTOR ( 'NONE', #1912, 1000.000000000000114 ) ;
#1813 = CARTESIAN_POINT ( 'NONE',  ( -4.925000000000000711, 9.899999999999998579, 1.930000000000000160 ) ) ;
#1814 = ORIENTED_EDGE ( 'NONE', *, *, #4070, .T. ) ;
#1815 = PRODUCT_DEFINITION_SHAPE ( 'NONE', 'NONE',  #3499 ) ;
#1816 = VERTEX_POINT ( 'NONE', #3315 ) ;
#1817 = PLANE ( 'NONE',  #3362 ) ;
#1818 = EDGE_CURVE ( 'NONE', #4162, #5058, #3806, .T. ) ;
#1819 = EDGE_CURVE ( 'NONE', #3133, #1461, #1634, .T. ) ;
#1820 = VECTOR ( 'NONE', #3788, 1000.000000000000000 ) ;
#1821 = ORIENTED_EDGE ( 'NONE', *, *, #4157, .F. ) ;
#1822 = EDGE_CURVE ( 'NONE', #1730, #3286, #4194, .T. ) ;
#1823 = DIRECTION ( 'NONE',  ( 0.000000000000000000, 0.000000000000000000, 1.000000000000000000 ) ) ;
#1824 = VERTEX_POINT ( 'NONE', #2950 ) ;
#1825 = LINE ( 'NONE', #2679, #4513 ) ;
#1826 = CARTESIAN_POINT ( 'NONE',  ( 3.025000000000000355, -1.400000000000000133, 2.169999999999999929 ) ) ;
#1827 = CARTESIAN_POINT ( 'NONE',  ( -3.319999999999999840, 0.6999999999999992895, 0.3200000000000000067 ) ) ;
#1828 = ORIENTED_EDGE ( 'NONE', *, *, #4472, .T. ) ;
#1829 = CARTESIAN_POINT ( 'NONE',  ( 2.389999999999999680, 0.6699999999999995959, -0.8750000000000000000 ) ) ;
#1830 = EDGE_CURVE ( 'NONE', #3625, #3632, #1226, .T. ) ;
#1831 = CARTESIAN_POINT ( 'NONE',  ( -0.3199999999999999512, 1.349999999999999645, -1.930000000000000160 ) ) ;
#1832 = DIRECTION ( 'NONE',  ( 1.000000000000000000, 0.000000000000000000, 0.000000000000000000 ) ) ;
#1833 = LINE ( 'NONE', #2218, #3985 ) ;
#1834 = LINE ( 'NONE', #2195, #1790 ) ;
#1835 = ORIENTED_EDGE ( 'NONE', *, *, #5165, .F. ) ;
#1836 = ORIENTED_EDGE ( 'NONE', *, *, #605, .T. ) ;
#1837 = AXIS2_PLACEMENT_3D ( 'NONE', #575, #3402, #3924 ) ;
#1838 = DIRECTION ( 'NONE',  ( 0.000000000000000000, 0.000000000000000000, -1.000000000000000000 ) ) ;
#1839 = EDGE_CURVE ( 'NONE', #5311, #3085, #4627, .T. ) ;
#1840 = DIRECTION ( 'NONE',  ( -1.141943682471999995E-14, 0.000000000000000000, -1.000000000000000000 ) ) ;
#1841 = VECTOR ( 'NONE', #2209, 1000.000000000000000 ) ;
#1842 = ORIENTED_EDGE ( 'NONE', *, *, #1401, .F. ) ;
#1843 = VERTEX_POINT ( 'NONE', #2843 ) ;
#1844 = ORIENTED_EDGE ( 'NONE', *, *, #3994, .T. ) ;
#1845 = VECTOR ( 'NONE', #1308, 1000.000000000000000 ) ;
#1846 = DIRECTION ( 'NONE',  ( -1.000000000000000000, 0.000000000000000000, 0.000000000000000000 ) ) ;
#1847 = ORIENTED_EDGE ( 'NONE', *, *, #3444, .T. ) ;
#1848 = EDGE_CURVE ( 'NONE', #3880, #3635, #4524, .T. ) ;
#1849 = CARTESIAN_POINT ( 'NONE',  ( -0.3199999999999999512, 3.299999999999999378, -0.3200000000000000067 ) ) ;
#1850 = ORIENTED_EDGE ( 'NONE', *, *, #4018, .F. ) ;
#1851 = ADVANCED_FACE ( 'NONE', ( #3283 ), #432, .T. ) ;
#1852 = CARTESIAN_POINT ( 'NONE',  ( -6.325000000000001066, -8.673617379884035472E-16, -1.270000000000000018 ) ) ;
#1853 = DIRECTION ( 'NONE',  ( 0.000000000000000000, 1.000000000000000000, 0.000000000000000000 ) ) ;
#1854 = CARTESIAN_POINT ( 'NONE',  ( -0.1200000000000000927, -3.180000000000000604, 0.1200000000000000094 ) ) ;
#1855 = EDGE_LOOP ( 'NONE', ( #4293, #3183, #2279, #2181 ) ) ;
#1856 = DIRECTION ( 'NONE',  ( 0.000000000000000000, 0.000000000000000000, -1.000000000000000000 ) ) ;
#1857 = ORIENTED_EDGE ( 'NONE', *, *, #3709, .F. ) ;
#1858 = LINE ( 'NONE', #4826, #360 ) ;
#1859 = CARTESIAN_POINT ( 'NONE',  ( -0.02500000000000006384, 9.049999999999998934, 1.930000000000000160 ) ) ;
#1860 = CARTESIAN_POINT ( 'NONE',  ( -3.319999999999999840, 1.349999999999999645, -1.050000000000000044 ) ) ;
#1861 = EDGE_CURVE ( 'NONE', #1261, #4511, #3387, .T. ) ;
#1862 = PLANE ( 'NONE',  #3368 ) ;
#1863 = DIRECTION ( 'NONE',  ( -0.000000000000000000, 1.000000000000000000, 0.000000000000000000 ) ) ;
#1864 = VERTEX_POINT ( 'NONE', #5069 ) ;
#1865 = ORIENTED_EDGE ( 'NONE', *, *, #365, .T. ) ;
#1866 = EDGE_CURVE ( 'NONE', #4866, #1211, #896, .T. ) ;
#1867 = CARTESIAN_POINT ( 'NONE',  ( -6.325000000000001066, -8.673617379884035472E-16, 1.270000000000000018 ) ) ;
#1868 = DIRECTION ( 'NONE',  ( 0.000000000000000000, 1.000000000000000000, 0.000000000000000000 ) ) ;
#1869 = VERTEX_POINT ( 'NONE', #2114 ) ;
#1870 = ORIENTED_EDGE ( 'NONE', *, *, #4093, .F. ) ;
#1871 = ORIENTED_EDGE ( 'NONE', *, *, #2428, .T. ) ;
#1872 = PLANE ( 'NONE',  #2150 ) ;
#1873 = AXIS2_PLACEMENT_3D ( 'NONE', #2721, #4920, #694 ) ;
#1874 = VECTOR ( 'NONE', #3200, 1000.000000000000000 ) ;
#1875 = ORIENTED_EDGE ( 'NONE', *, *, #3787, .T. ) ;
#1876 = DIRECTION ( 'NONE',  ( 0.000000000000000000, 1.000000000000000000, 0.000000000000000000 ) ) ;
#1877 = VECTOR ( 'NONE', #2687, 1000.000000000000000 ) ;
#1878 = ORIENTED_EDGE ( 'NONE', *, *, #4161, .F. ) ;
#1879 = AXIS2_PLACEMENT_3D ( 'NONE', #4864, #2861, #4975 ) ;
#1880 = CARTESIAN_POINT ( 'NONE',  ( -2.680000000000000160, 0.6999999999999992895, -0.3200000000000000067 ) ) ;
#1881 = VECTOR ( 'NONE', #935, 1000.000000000000000 ) ;
#1882 = PLANE ( 'NONE',  #3569 ) ;
#1883 = CARTESIAN_POINT ( 'NONE',  ( -1.270000000000000018, 3.299999999999999378, 0.5500000000000000444 ) ) ;
#1884 = VERTEX_POINT ( 'NONE', #2477 ) ;
#1885 = DIRECTION ( 'NONE',  ( 0.000000000000000000, 0.000000000000000000, -1.000000000000000000 ) ) ;
#1886 = CARTESIAN_POINT ( 'NONE',  ( -2.879999999999999893, 7.500000000000000000, -0.1200000000000000094 ) ) ;
#1887 = LINE ( 'NONE', #3567, #5131 ) ;
#1888 = EDGE_CURVE ( 'NONE', #342, #931, #3767, .T. ) ;
#1889 = CARTESIAN_POINT ( 'NONE',  ( -2.680000000000000160, 0.6999999999999992895, 0.8750000000000000000 ) ) ;
#1890 = EDGE_CURVE ( 'NONE', #4251, #691, #4230, .T. ) ;
#1891 = DIRECTION ( 'NONE',  ( 0.000000000000000000, 0.000000000000000000, -1.000000000000000000 ) ) ;
#1892 = ORIENTED_EDGE ( 'NONE', *, *, #1517, .T. ) ;
#1893 = ORIENTED_EDGE ( 'NONE', *, *, #791, .T. ) ;
#1894 = EDGE_CURVE ( 'NONE', #5128, #4900, #5081, .T. ) ;
#1895 = SURFACE_SIDE_STYLE ('',( #3607 ) ) ;
#1896 = CARTESIAN_POINT ( 'NONE',  ( 0.3199999999999999512, 1.349999999999999645, -1.050000000000000044 ) ) ;
#1897 = ORIENTED_EDGE ( 'NONE', *, *, #205, .F. ) ;
#1898 = ORIENTED_EDGE ( 'NONE', *, *, #3438, .T. ) ;
#1899 = EDGE_LOOP ( 'NONE', ( #649, #535, #1296, #4358 ) ) ;
#1900 = ADVANCED_FACE ( 'NONE', ( #2504 ), #94, .F. ) ;
#1901 = DIRECTION ( 'NONE',  ( 0.000000000000000000, 0.000000000000000000, 1.000000000000000000 ) ) ;
#1902 = VECTOR ( 'NONE', #5145, 1000.000000000000000 ) ;
#1903 = VECTOR ( 'NONE', #5077, 1000.000000000000000 ) ;
#1904 = ORIENTED_EDGE ( 'NONE', *, *, #3709, .T. ) ;
#1905 = VERTEX_POINT ( 'NONE', #4181 ) ;
#1906 = CARTESIAN_POINT ( 'NONE',  ( -0.3199999999999999512, -8.673617379884035472E-16, -1.930000000000000160 ) ) ;
#1907 = EDGE_LOOP ( 'NONE', ( #3067, #5291, #2775, #2292 ) ) ;
#1908 = VECTOR ( 'NONE', #2653, 1000.000000000000000 ) ;
#1909 = CARTESIAN_POINT ( 'NONE',  ( -0.3199999999999999512, 0.6999999999999992895, 0.8750000000000000000 ) ) ;
#1910 = LINE ( 'NONE', #3201, #1479 ) ;
#1911 = EDGE_CURVE ( 'NONE', #982, #3140, #1697, .T. ) ;
#1912 = DIRECTION ( 'NONE',  ( -0.3015113445777909407, 0.9045340337332726799, 0.3015113445777909407 ) ) ;
#1913 = ORIENTED_EDGE ( 'NONE', *, *, #4674, .F. ) ;
#1914 = PLANE ( 'NONE',  #804 ) ;
#1915 = CARTESIAN_POINT ( 'NONE',  ( 3.325000000000000178, 0.6699999999999995959, 0.8750000000000000000 ) ) ;
#1916 = CARTESIAN_POINT ( 'NONE',  ( -0.3199999999999999512, 6.899999999999999467, 0.3200000000000000067 ) ) ;
#1917 = FACE_OUTER_BOUND ( 'NONE', #1432, .T. ) ;
#1918 = LINE ( 'NONE', #1043, #1123 ) ;
#1919 = ORIENTED_EDGE ( 'NONE', *, *, #1566, .F. ) ;
#1920 = ORIENTED_EDGE ( 'NONE', *, *, #3574, .F. ) ;
#1921 = EDGE_CURVE ( 'NONE', #3604, #2198, #4667, .T. ) ;
#1922 = ADVANCED_FACE ( 'NONE', ( #1317 ), #422, .T. ) ;
#1923 = ADVANCED_FACE ( 'NONE', ( #5412 ), #1291, .T. ) ;
#1924 = FILL_AREA_STYLE_COLOUR ( '', #3100 ) ;
#1925 = DIRECTION ( 'NONE',  ( 0.000000000000000000, 1.000000000000000000, 0.000000000000000000 ) ) ;
#1926 = ORIENTED_EDGE ( 'NONE', *, *, #3842, .F. ) ;
#1927 = VECTOR ( 'NONE', #4062, 1000.000000000000000 ) ;
#1928 = VERTEX_POINT ( 'NONE', #829 ) ;
#1929 = ORIENTED_EDGE ( 'NONE', *, *, #853, .F. ) ;
#1930 = DIRECTION ( 'NONE',  ( -1.000000000000000000, 0.000000000000000000, 0.000000000000000000 ) ) ;
#1931 = AXIS2_PLACEMENT_3D ( 'NONE', #421, #4560, #3741 ) ;
#1932 = AXIS2_PLACEMENT_3D ( 'NONE', #3757, #304, #4905 ) ;
#1933 = ORIENTED_EDGE ( 'NONE', *, *, #4888, .T. ) ;
#1934 = CARTESIAN_POINT ( 'NONE',  ( -4.939999999999999503, 0.6699999999999995959, -0.8750000000000000000 ) ) ;
#1935 = ORIENTED_EDGE ( 'NONE', *, *, #1658, .T. ) ;
#1936 = DIRECTION ( 'NONE',  ( 0.000000000000000000, 1.000000000000000000, 0.000000000000000000 ) ) ;
#1937 = CARTESIAN_POINT ( 'NONE',  ( 2.674999999999999822, -8.673617379884035472E-16, 1.570000000000000062 ) ) ;
#1938 = CARTESIAN_POINT ( 'NONE',  ( 3.325000000000000178, 2.301063802837999717, 0.2700000000000000178 ) ) ;
#1939 = ORIENTED_EDGE ( 'NONE', *, *, #5344, .F. ) ;
#1940 = DIRECTION ( 'NONE',  ( -0.9486832980505238710, -0.3162277660168079652, -0.000000000000000000 ) ) ;
#1941 = DIRECTION ( 'NONE',  ( 0.000000000000000000, -0.7659742160925780974, 0.6428712937138820749 ) ) ;
#1942 = FACE_OUTER_BOUND ( 'NONE', #1537, .T. ) ;
#1943 = LINE ( 'NONE', #740, #2937 ) ;
#1944 = CARTESIAN_POINT ( 'NONE',  ( -3.319999999999999840, 0.6699999999999995959, -0.8750000000000000000 ) ) ;
#1945 = ORIENTED_EDGE ( 'NONE', *, *, #292, .F. ) ;
#1946 = ORIENTED_EDGE ( 'NONE', *, *, #1571, .T. ) ;
#1947 =( LENGTH_UNIT ( ) NAMED_UNIT ( * ) SI_UNIT ( .MILLI., .METRE. ) );
#1948 = DIRECTION ( 'NONE',  ( 0.000000000000000000, 0.000000000000000000, 1.000000000000000000 ) ) ;
#1949 = ADVANCED_FACE ( 'NONE', ( #2087 ), #4587, .T. ) ;
#1950 = ORIENTED_EDGE ( 'NONE', *, *, #3267, .T. ) ;
#1951 = ORIENTED_EDGE ( 'NONE', *, *, #5347, .T. ) ;
#1952 = CARTESIAN_POINT ( 'NONE',  ( -5.389999999999999680, 1.269999999999999352, 0.8750000000000000000 ) ) ;
#1953 = DIRECTION ( 'NONE',  ( 1.000000000000000000, 0.000000000000000000, 0.000000000000000000 ) ) ;
#1954 = EDGE_CURVE ( 'NONE', #3756, #4755, #4562, .T. ) ;
#1955 = ORIENTED_EDGE ( 'NONE', *, *, #4942, .F. ) ;
#1956 = CARTESIAN_POINT ( 'NONE',  ( -0.3199999999999999512, 1.349999999999999645, -1.930000000000000160 ) ) ;
#1957 = ORIENTED_EDGE ( 'NONE', *, *, #3129, .T. ) ;
#1958 = VECTOR ( 'NONE', #2914, 1000.000000000000000 ) ;
#1959 = DIRECTION ( 'NONE',  ( -0.8869140841669709285, 0.000000000000000000, -0.4619344188369849391 ) ) ;
#1960 = CARTESIAN_POINT ( 'NONE',  ( -6.325000000000001066, 1.269999999999999352, -0.8750000000000000000 ) ) ;
#1961 = AXIS2_PLACEMENT_3D ( 'NONE', #2968, #5028, #72 ) ;
#1962 = DIRECTION ( 'NONE',  ( 1.000000000000000000, 0.000000000000000000, 0.000000000000000000 ) ) ;
#1963 = VECTOR ( 'NONE', #3841, 1000.000000000000000 ) ;
#1964 = ORIENTED_EDGE ( 'NONE', *, *, #134, .F. ) ;
#1965 = AXIS2_PLACEMENT_3D ( 'NONE', #5032, #4189, #2118 ) ;
#1966 = DIRECTION ( 'NONE',  ( 1.000000000000000000, 0.000000000000000000, 0.000000000000000000 ) ) ;
#1967 = EDGE_CURVE ( 'NONE', #4074, #191, #447, .T. ) ;
#1968 = LINE ( 'NONE', #2078, #1664 ) ;
#1969 = VECTOR ( 'NONE', #889, 1000.000000000000114 ) ;
#1970 = PLANE ( 'NONE',  #663 ) ;
#1971 = CARTESIAN_POINT ( 'NONE',  ( 0.000000000000000000, -2.880000000000000782, 0.2200000000000000011 ) ) ;
#1972 = ADVANCED_FACE ( 'NONE', ( #1264 ), #2965, .F. ) ;
#1973 = CARTESIAN_POINT ( 'NONE',  ( 0.3199999999999999512, -3.180000000000000604, 0.3200000000000000067 ) ) ;
#1974 = VERTEX_POINT ( 'NONE', #2140 ) ;
#1975 = ORIENTED_EDGE ( 'NONE', *, *, #269, .F. ) ;
#1976 = EDGE_CURVE ( 'NONE', #4795, #1974, #3823, .T. ) ;
#1977 = CARTESIAN_POINT ( 'NONE',  ( 0.1199999999999998845, 7.500000000000000000, -0.1200000000000000094 ) ) ;
#1978 = CARTESIAN_POINT ( 'NONE',  ( -3.319999999999999840, 1.269999999999999352, -0.8750000000000000000 ) ) ;
#1979 = ORIENTED_EDGE ( 'NONE', *, *, #1681, .F. ) ;
#1980 = ORIENTED_EDGE ( 'NONE', *, *, #2760, .T. ) ;
#1981 = ORIENTED_EDGE ( 'NONE', *, *, #672, .F. ) ;
#1982 = UNCERTAINTY_MEASURE_WITH_UNIT (LENGTH_MEASURE( 1.000000000000000082E-05 ), #1947, 'distance_accuracy_value', 'NONE');
#1983 = LINE ( 'NONE', #699, #3104 ) ;
#1984 = CARTESIAN_POINT ( 'NONE',  ( 3.325000000000000178, 8.500000000000000000, 0.7500000000000000000 ) ) ;
#1985 = ORIENTED_EDGE ( 'NONE', *, *, #2966, .F. ) ;
#1986 = DIRECTION ( 'NONE',  ( 0.000000000000000000, -0.9486832980505238710, -0.3162277660168079652 ) ) ;
#1987 = ORIENTED_EDGE ( 'NONE', *, *, #4209, .F. ) ;
#1988 = EDGE_CURVE ( 'NONE', #3605, #214, #4152, .T. ) ;
#1989 = VECTOR ( 'NONE', #1008, 1000.000000000000000 ) ;
#1990 = ADVANCED_FACE ( 'NONE', ( #399 ), #1725, .F. ) ;
#1991 = ADVANCED_FACE ( 'NONE', ( #5026 ), #4103, .T. ) ;
#1992 = CARTESIAN_POINT ( 'NONE',  ( -4.939999999999999503, 1.699999999999999734, -1.930000000000000160 ) ) ;
#1993 = VECTOR ( 'NONE', #4532, 1000.000000000000000 ) ;
#1994 = DIRECTION ( 'NONE',  ( 0.000000000000000000, 0.000000000000000000, 1.000000000000000000 ) ) ;
#1995 = LINE ( 'NONE', #2075, #2171 ) ;
#1996 = AXIS2_PLACEMENT_3D ( 'NONE', #512, #3057, #2978 ) ;
#1997 = ORIENTED_EDGE ( 'NONE', *, *, #1818, .F. ) ;
#1998 = DIRECTION ( 'NONE',  ( 0.000000000000000000, 0.000000000000000000, 1.000000000000000000 ) ) ;
#1999 = AXIS2_PLACEMENT_3D ( 'NONE', #4676, #3909, #914 ) ;
#2000 = LINE ( 'NONE', #5404, #1312 ) ;
#2001 = FACE_OUTER_BOUND ( 'NONE', #964, .T. ) ;
#2002 = PLANE ( 'NONE',  #2057 ) ;
#2003 = DIRECTION ( 'NONE',  ( -0.7071067811865474617, 0.7071067811865474617, 0.000000000000000000 ) ) ;
#2004 = LINE ( 'NONE', #1288, #5326 ) ;
#2005 = ORIENTED_EDGE ( 'NONE', *, *, #779, .F. ) ;
#2006 = ORIENTED_EDGE ( 'NONE', *, *, #3051, .T. ) ;
#2007 = DIRECTION ( 'NONE',  ( 0.000000000000000000, 0.000000000000000000, 1.000000000000000000 ) ) ;
#2008 = CARTESIAN_POINT ( 'NONE',  ( -2.680000000000000160, 0.6999999999999992895, -1.050000000000000044 ) ) ;
#2009 = LINE ( 'NONE', #3270, #4865 ) ;
#2010 = ORIENTED_EDGE ( 'NONE', *, *, #2828, .F. ) ;
#2011 = ORIENTED_EDGE ( 'NONE', *, *, #4745, .T. ) ;
#2012 = DIRECTION ( 'NONE',  ( 1.000000000000000000, 0.000000000000000000, 0.000000000000000000 ) ) ;
#2013 = DIRECTION ( 'NONE',  ( -0.000000000000000000, 1.000000000000000000, 0.000000000000000000 ) ) ;
#2014 = VECTOR ( 'NONE', #767, 1000.000000000000000 ) ;
#2015 = VERTEX_POINT ( 'NONE', #3266 ) ;
#2016 = LINE ( 'NONE', #2784, #389 ) ;
#2017 = ORIENTED_EDGE ( 'NONE', *, *, #5250, .F. ) ;
#2018 = VECTOR ( 'NONE', #3729, 1000.000000000000114 ) ;
#2019 = LINE ( 'NONE', #2461, #1180 ) ;
#2020 = LINE ( 'NONE', #461, #1579 ) ;
#2021 = EDGE_CURVE ( 'NONE', #4228, #4734, #397, .T. ) ;
#2022 = FACE_OUTER_BOUND ( 'NONE', #641, .T. ) ;
#2023 = ORIENTED_EDGE ( 'NONE', *, *, #4161, .T. ) ;
#2024 = EDGE_CURVE ( 'NONE', #1843, #5011, #748, .T. ) ;
#2025 = DIRECTION ( 'NONE',  ( 0.000000000000000000, 0.000000000000000000, -1.000000000000000000 ) ) ;
#2026 = CARTESIAN_POINT ( 'NONE',  ( -4.939999999999999503, -8.673617379884035472E-16, 1.270000000000000018 ) ) ;
#2027 = CARTESIAN_POINT ( 'NONE',  ( 0.2199999999999999178, 7.200000000000000178, 0.000000000000000000 ) ) ;
#2028 = LINE ( 'NONE', #308, #4769 ) ;
#2029 = CARTESIAN_POINT ( 'NONE',  ( -0.2000000000000000944, 7.399999999999999467, -3.135000000000000231 ) ) ;
#2030 = DIRECTION ( 'NONE',  ( 0.000000000000000000, 0.000000000000000000, 1.000000000000000000 ) ) ;
#2031 = ORIENTED_EDGE ( 'NONE', *, *, #2039, .T. ) ;
#2032 = DIRECTION ( 'NONE',  ( -1.000000000000000000, 0.000000000000000000, 0.000000000000000000 ) ) ;
#2033 = DIRECTION ( 'NONE',  ( 1.000000000000000000, 0.000000000000000000, 0.000000000000000000 ) ) ;
#2034 = DIRECTION ( 'NONE',  ( 0.000000000000000000, -1.000000000000000000, 0.000000000000000000 ) ) ;
#2035 = ORIENTED_EDGE ( 'NONE', *, *, #835, .F. ) ;
#2036 = ADVANCED_FACE ( 'NONE', ( #3239 ), #2885, .T. ) ;
#2037 = DIRECTION ( 'NONE',  ( 0.000000000000000000, -1.000000000000000000, 0.000000000000000000 ) ) ;
#2038 = PLANE ( 'NONE',  #1529 ) ;
#2039 = EDGE_CURVE ( 'NONE', #1816, #3133, #1596, .T. ) ;
#2040 = ORIENTED_EDGE ( 'NONE', *, *, #3612, .T. ) ;
#2041 = VECTOR ( 'NONE', #1168, 1000.000000000000000 ) ;
#2042 = ORIENTED_EDGE ( 'NONE', *, *, #3364, .F. ) ;
#2043 = ORIENTED_EDGE ( 'NONE', *, *, #5415, .F. ) ;
#2044 = CARTESIAN_POINT ( 'NONE',  ( -2.975000000000000089, 1.849999999999999645, 1.930000000000000160 ) ) ;
#2045 = DIRECTION ( 'NONE',  ( 0.000000000000000000, 1.000000000000000000, 0.000000000000000000 ) ) ;
#2046 = PLANE ( 'NONE',  #425 ) ;
#2047 = ORIENTED_EDGE ( 'NONE', *, *, #2479, .F. ) ;
#2048 = DIRECTION ( 'NONE',  ( 0.000000000000000000, -1.000000000000000000, 0.000000000000000000 ) ) ;
#2049 = VECTOR ( 'NONE', #4020, 1000.000000000000000 ) ;
#2050 = LINE ( 'NONE', #1205, #5263 ) ;
#2051 = CARTESIAN_POINT ( 'NONE',  ( -6.325000000000001066, -8.673617379884035472E-16, 2.469999999999999751 ) ) ;
#2052 = AXIS2_PLACEMENT_3D ( 'NONE', #441, #2855, #1690 ) ;
#2053 = VECTOR ( 'NONE', #3786, 1000.000000000000000 ) ;
#2054 = CARTESIAN_POINT ( 'NONE',  ( -4.939999999999999503, -8.673617379884035472E-16, -1.270000000000000018 ) ) ;
#2055 = CARTESIAN_POINT ( 'NONE',  ( -0.02500000000000006384, 1.849999999999999645, 1.930000000000000160 ) ) ;
#2056 = ORIENTED_EDGE ( 'NONE', *, *, #27, .F. ) ;
#2057 = AXIS2_PLACEMENT_3D ( 'NONE', #2740, #4419, #662 ) ;
#2058 = AXIS2_PLACEMENT_3D ( 'NONE', #2640, #240, #1485 ) ;
#2059 = DIRECTION ( 'NONE',  ( 1.000000000000000000, 0.000000000000000000, 0.000000000000000000 ) ) ;
#2060 = ADVANCED_FACE ( 'NONE', ( #4614 ), #3715, .T. ) ;
#2061 = CARTESIAN_POINT ( 'NONE',  ( 1.925000000000000044, 9.899999999999998579, 0.7500000000000000000 ) ) ;
#2062 = ADVANCED_FACE ( 'NONE', ( #343 ), #3325, .F. ) ;
#2063 = CARTESIAN_POINT ( 'NONE',  ( -3.319999999999999840, -8.673617379884035472E-16, 1.680000000000000160 ) ) ;
#2064 = VECTOR ( 'NONE', #4039, 1000.000000000000000 ) ;
#2065 = DIRECTION ( 'NONE',  ( 0.000000000000000000, 0.000000000000000000, -1.000000000000000000 ) ) ;
#2066 = EDGE_CURVE ( 'NONE', #2664, #1459, #1213, .T. ) ;
#2067 = ORIENTED_EDGE ( 'NONE', *, *, #733, .F. ) ;
#2068 = CARTESIAN_POINT ( 'NONE',  ( 0.000000000000000000, 7.200000000000000178, -0.2200000000000000011 ) ) ;
#2069 = DIRECTION ( 'NONE',  ( 0.000000000000000000, 0.000000000000000000, 1.000000000000000000 ) ) ;
#2070 = VERTEX_POINT ( 'NONE', #4586 ) ;
#2071 = ORIENTED_EDGE ( 'NONE', *, *, #1557, .T. ) ;
#2072 = EDGE_CURVE ( 'NONE', #328, #3830, #2859, .T. ) ;
#2073 = DIRECTION ( 'NONE',  ( 0.000000000000000000, 0.000000000000000000, 1.000000000000000000 ) ) ;
#2074 = PLANE ( 'NONE',  #3244 ) ;
#2075 = CARTESIAN_POINT ( 'NONE',  ( 0.3199999999999999512, -2.580000000000000515, -0.3200000000000000067 ) ) ;
#2076 = ORIENTED_EDGE ( 'NONE', *, *, #1666, .F. ) ;
#2077 = FACE_OUTER_BOUND ( 'NONE', #2236, .T. ) ;
#2078 = CARTESIAN_POINT ( 'NONE',  ( -6.325000000000001066, -8.673617379884035472E-16, -1.930000000000000160 ) ) ;
#2079 = EDGE_CURVE ( 'NONE', #5283, #4983, #1239, .T. ) ;
#2080 = LINE ( 'NONE', #3366, #3136 ) ;
#2081 = VECTOR ( 'NONE', #4356, 1000.000000000000000 ) ;
#2082 = CARTESIAN_POINT ( 'NONE',  ( -0.2000000000000000944, 8.149999999999998579, -3.135000000000000231 ) ) ;
#2083 = VECTOR ( 'NONE', #4829, 1000.000000000000000 ) ;
#2084 = LINE ( 'NONE', #369, #3837 ) ;
#2085 = EDGE_LOOP ( 'NONE', ( #2719, #626, #1482, #759 ) ) ;
#2086 = FACE_OUTER_BOUND ( 'NONE', #1004, .T. ) ;
#2087 = FACE_OUTER_BOUND ( 'NONE', #4187, .T. ) ;
#2088 = CARTESIAN_POINT ( 'NONE',  ( -3.319999999999999840, -2.580000000000000515, -0.3200000000000000067 ) ) ;
#2089 = LINE ( 'NONE', #2941, #659 ) ;
#2090 = EDGE_CURVE ( 'NONE', #1884, #4186, #4179, .T. ) ;
#2091 = ORIENTED_EDGE ( 'NONE', *, *, #1861, .F. ) ;
#2092 = EDGE_CURVE ( 'NONE', #4898, #278, #827, .T. ) ;
#2093 = ORIENTED_EDGE ( 'NONE', *, *, #5105, .T. ) ;
#2094 = DIRECTION ( 'NONE',  ( -0.000000000000000000, 1.000000000000000000, 0.000000000000000000 ) ) ;
#2095 = DIRECTION ( 'NONE',  ( 0.000000000000000000, -1.000000000000000000, 0.000000000000000000 ) ) ;
#2096 = ORIENTED_EDGE ( 'NONE', *, *, #1655, .F. ) ;
#2097 = ORIENTED_EDGE ( 'NONE', *, *, #621, .T. ) ;
#2098 = VERTEX_POINT ( 'NONE', #1157 ) ;
#2099 = CARTESIAN_POINT ( 'NONE',  ( -0.5699999999999999512, 3.299999999999999378, 1.250000000000000000 ) ) ;
#2100 = DIRECTION ( 'NONE',  ( 0.000000000000000000, 1.000000000000000000, 0.000000000000000000 ) ) ;
#2101 = ORIENTED_EDGE ( 'NONE', *, *, #4182, .T. ) ;
#2102 = CARTESIAN_POINT ( 'NONE',  ( 3.325000000000000178, 8.500000000000000000, 1.430000000000000160 ) ) ;
#2103 = VECTOR ( 'NONE', #4094, 1000.000000000000000 ) ;
#2104 = CARTESIAN_POINT ( 'NONE',  ( -2.680000000000000160, -8.673617379884035472E-16, -1.930000000000000160 ) ) ;
#2105 = ADVANCED_FACE ( 'NONE', ( #2086 ), #3348, .T. ) ;
#2106 = CARTESIAN_POINT ( 'NONE',  ( -5.389999999999999680, 0.6699999999999995959, 1.270000000000000018 ) ) ;
#2107 = VECTOR ( 'NONE', #464, 1000.000000000000000 ) ;
#2108 = PLANE ( 'NONE',  #3369 ) ;
#2109 = ORIENTED_EDGE ( 'NONE', *, *, #5144, .F. ) ;
#2110 = CARTESIAN_POINT ( 'NONE',  ( -6.325000000000001066, 0.6699999999999995959, -1.270000000000000018 ) ) ;
#2111 = ORIENTED_EDGE ( 'NONE', *, *, #1331, .F. ) ;
#2112 = CARTESIAN_POINT ( 'NONE',  ( -6.325000000000001066, -8.673617379884035472E-16, -1.270000000000000018 ) ) ;
#2113 = AXIS2_PLACEMENT_3D ( 'NONE', #1362, #5261, #2291 ) ;
#2114 = CARTESIAN_POINT ( 'NONE',  ( 2.389999999999999680, 1.849999999999999645, 1.680000000000000160 ) ) ;
#2115 = PLANE ( 'NONE',  #3017 ) ;
#2116 = ORIENTED_EDGE ( 'NONE', *, *, #1866, .T. ) ;
#2117 = DIRECTION ( 'NONE',  ( 1.000000000000000000, 0.000000000000000000, 0.000000000000000000 ) ) ;
#2118 = DIRECTION ( 'NONE',  ( 1.000000000000000000, 0.000000000000000000, 0.000000000000000000 ) ) ;
#2119 = EDGE_CURVE ( 'NONE', #931, #2208, #2829, .T. ) ;
#2120 = ORIENTED_EDGE ( 'NONE', *, *, #1741, .F. ) ;
#2121 = ORIENTED_EDGE ( 'NONE', *, *, #1592, .F. ) ;
#2122 = ORIENTED_EDGE ( 'NONE', *, *, #3097, .T. ) ;
#2123 = VERTEX_POINT ( 'NONE', #1621 ) ;
#2124 = EDGE_CURVE ( 'NONE', #4313, #1183, #3766, .T. ) ;
#2125 = DIRECTION ( 'NONE',  ( -0.7071067811865474617, 0.000000000000000000, -0.7071067811865474617 ) ) ;
#2126 = EDGE_CURVE ( 'NONE', #4793, #3672, #14, .T. ) ;
#2127 = FACE_OUTER_BOUND ( 'NONE', #1679, .T. ) ;
#2128 = ORIENTED_EDGE ( 'NONE', *, *, #4350, .F. ) ;
#2129 = LINE ( 'NONE', #898, #4922 ) ;
#2130 = LINE ( 'NONE', #542, #5207 ) ;
#2131 = LINE ( 'NONE', #2908, #2148 ) ;
#2132 = CARTESIAN_POINT ( 'NONE',  ( 3.325000000000000178, -1.150000000000000799, 1.570000000000000062 ) ) ;
#2133 = ORIENTED_EDGE ( 'NONE', *, *, #1451, .F. ) ;
#2134 = EDGE_CURVE ( 'NONE', #2602, #168, #2476, .T. ) ;
#2135 = CARTESIAN_POINT ( 'NONE',  ( -6.325000000000001066, -8.673617379884035472E-16, -1.930000000000000160 ) ) ;
#2136 = VERTEX_POINT ( 'NONE', #3822 ) ;
#2137 = PLANE ( 'NONE',  #3601 ) ;
#2138 = VECTOR ( 'NONE', #2618, 1000.000000000000000 ) ;
#2139 = VECTOR ( 'NONE', #4088, 1000.000000000000114 ) ;
#2140 = CARTESIAN_POINT ( 'NONE',  ( -3.319999999999999840, -8.673617379884035472E-16, -1.270000000000000018 ) ) ;
#2141 = CARTESIAN_POINT ( 'NONE',  ( -6.325000000000001066, 0.6699999999999995959, -0.8750000000000000000 ) ) ;
#2142 = ADVANCED_FACE ( 'NONE', ( #934 ), #2137, .T. ) ;
#2143 = CARTESIAN_POINT ( 'NONE',  ( -2.680000000000000160, 6.899999999999999467, 0.3200000000000000067 ) ) ;
#2144 = VECTOR ( 'NONE', #4812, 1000.000000000000000 ) ;
#2145 = EDGE_LOOP ( 'NONE', ( #409, #1780, #435, #180, #4066, #5162, #262, #851, #5076, #5094, #4585, #66, #4235, #3107, #5249, #1433, #3414, #2568 ) ) ;
#2146 = VECTOR ( 'NONE', #4069, 1000.000000000000000 ) ;
#2147 = EDGE_CURVE ( 'NONE', #3074, #1514, #3897, .T. ) ;
#2148 = VECTOR ( 'NONE', #1284, 1000.000000000000000 ) ;
#2149 = LINE ( 'NONE', #529, #4254 ) ;
#2150 = AXIS2_PLACEMENT_3D ( 'NONE', #2807, #644, #1493 ) ;
#2151 = LINE ( 'NONE', #863, #3550 ) ;
#2152 = EDGE_LOOP ( 'NONE', ( #2805, #4339, #2812, #1326 ) ) ;
#2153 = ORIENTED_EDGE ( 'NONE', *, *, #437, .F. ) ;
#2154 = ORIENTED_EDGE ( 'NONE', *, *, #291, .T. ) ;
#2155 = EDGE_LOOP ( 'NONE', ( #2642, #3297, #745, #3556 ) ) ;
#2156 = VERTEX_POINT ( 'NONE', #905 ) ;
#2157 = ADVANCED_FACE ( 'NONE', ( #117 ), #2245, .T. ) ;
#2158 = CARTESIAN_POINT ( 'NONE',  ( -2.879999999999999893, -3.180000000000000604, 0.1200000000000000094 ) ) ;
#2159 = ADVANCED_FACE ( 'NONE', ( #2166 ), #2216, .T. ) ;
#2160 = EDGE_CURVE ( 'NONE', #558, #386, #5132, .T. ) ;
#2161 = CARTESIAN_POINT ( 'NONE',  ( -0.3199999999999999512, -8.673617379884035472E-16, 1.270000000000000018 ) ) ;
#2162 = FACE_OUTER_BOUND ( 'NONE', #4572, .T. ) ;
#2163 = CARTESIAN_POINT ( 'NONE',  ( 1.925000000000000044, 9.899999999999998579, -1.930000000000000160 ) ) ;
#2164 = ORIENTED_EDGE ( 'NONE', *, *, #1020, .T. ) ;
#2165 = DIRECTION ( 'NONE',  ( 0.000000000000000000, 0.000000000000000000, 1.000000000000000000 ) ) ;
#2166 = FACE_OUTER_BOUND ( 'NONE', #3407, .T. ) ;
#2167 = DIRECTION ( 'NONE',  ( 0.000000000000000000, 0.000000000000000000, 1.000000000000000000 ) ) ;
#2168 = CARTESIAN_POINT ( 'NONE',  ( 2.389999999999999680, 1.699999999999999734, 1.680000000000000160 ) ) ;
#2169 = VECTOR ( 'NONE', #2986, 1000.000000000000000 ) ;
#2170 = PLANE ( 'NONE',  #5210 ) ;
#2171 = VECTOR ( 'NONE', #3285, 1000.000000000000000 ) ;
#2172 = ORIENTED_EDGE ( 'NONE', *, *, #4540, .F. ) ;
#2173 = VECTOR ( 'NONE', #597, 1000.000000000000000 ) ;
#2174 = DIRECTION ( 'NONE',  ( 1.000000000000000000, 0.000000000000000000, 0.000000000000000000 ) ) ;
#2175 = DIRECTION ( 'NONE',  ( 0.000000000000000000, -1.000000000000000000, 0.000000000000000000 ) ) ;
#2176 = ORIENTED_EDGE ( 'NONE', *, *, #2897, .F. ) ;
#2177 = ORIENTED_EDGE ( 'NONE', *, *, #2816, .F. ) ;
#2178 = VERTEX_POINT ( 'NONE', #1393 ) ;
#2179 = LINE ( 'NONE', #4294, #3898 ) ;
#2180 = CARTESIAN_POINT ( 'NONE',  ( 0.3199999999999999512, -2.580000000000000515, -0.3200000000000000067 ) ) ;
#2181 = ORIENTED_EDGE ( 'NONE', *, *, #2134, .T. ) ;
#2182 = CARTESIAN_POINT ( 'NONE',  ( -1.025000000000000133, 9.049999999999998934, 2.429999999999999716 ) ) ;
#2183 = LINE ( 'NONE', #139, #5121 ) ;
#2184 = EDGE_CURVE ( 'NONE', #5366, #4546, #3376, .T. ) ;
#2185 = CARTESIAN_POINT ( 'NONE',  ( -1.975000000000000089, 1.849999999999999645, 1.930000000000000160 ) ) ;
#2186 = ADVANCED_FACE ( 'NONE', ( #2630 ), #471, .T. ) ;
#2187 = LINE ( 'NONE', #2212, #4362 ) ;
#2188 = AXIS2_PLACEMENT_3D ( 'NONE', #1915, #257, #3509 ) ;
#2189 = ORIENTED_EDGE ( 'NONE', *, *, #3842, .T. ) ;
#2190 = DIRECTION ( 'NONE',  ( 1.000000000000000000, 0.000000000000000000, 0.000000000000000000 ) ) ;
#2191 = DIRECTION ( 'NONE',  ( 0.000000000000000000, 0.000000000000000000, -1.000000000000000000 ) ) ;
#2192 = AXIS2_PLACEMENT_3D ( 'NONE', #4151, #3793, #1647 ) ;
#2193 = DIRECTION ( 'NONE',  ( 1.000000000000000000, 0.000000000000000000, 0.000000000000000000 ) ) ;
#2194 = FACE_OUTER_BOUND ( 'NONE', #3966, .T. ) ;
#2195 = CARTESIAN_POINT ( 'NONE',  ( -5.389999999999999680, 0.6699999999999995959, 1.270000000000000018 ) ) ;
#2196 = VECTOR ( 'NONE', #846, 1000.000000000000000 ) ;
#2197 = VERTEX_POINT ( 'NONE', #5054 ) ;
#2198 = VERTEX_POINT ( 'NONE', #5101 ) ;
#2199 = FACE_OUTER_BOUND ( 'NONE', #1112, .T. ) ;
#2200 = LINE ( 'NONE', #5087, #4334 ) ;
#2201 = ORIENTED_EDGE ( 'NONE', *, *, #3166, .T. ) ;
#2202 = ORIENTED_EDGE ( 'NONE', *, *, #3231, .T. ) ;
#2203 = ADVANCED_FACE ( 'NONE', ( #1802 ), #5158, .F. ) ;
#2204 = ORIENTED_EDGE ( 'NONE', *, *, #5362, .F. ) ;
#2205 = DIRECTION ( 'NONE',  ( 0.000000000000000000, 0.000000000000000000, 1.000000000000000000 ) ) ;
#2206 = EDGE_CURVE ( 'NONE', #701, #1000, #984, .T. ) ;
#2207 = DIRECTION ( 'NONE',  ( -0.6092076990801816860, 0.5076730825667846725, -0.6092076990801816860 ) ) ;
#2208 = VERTEX_POINT ( 'NONE', #2577 ) ;
#2209 = DIRECTION ( 'NONE',  ( 0.000000000000000000, 0.000000000000000000, 1.000000000000000000 ) ) ;
#2210 = FACE_BOUND ( 'NONE', #270, .T. ) ;
#2211 = CARTESIAN_POINT ( 'NONE',  ( 3.325000000000000178, 1.449999999999999512, -0.04250000000000000305 ) ) ;
#2212 = CARTESIAN_POINT ( 'NONE',  ( -5.389999999999999680, -8.673617379884035472E-16, -1.270000000000000018 ) ) ;
#2213 = ORIENTED_EDGE ( 'NONE', *, *, #3127, .F. ) ;
#2214 = CARTESIAN_POINT ( 'NONE',  ( 1.269999999999999796, 9.899999999999998579, 1.250000000000000000 ) ) ;
#2215 = VECTOR ( 'NONE', #1040, 1000.000000000000114 ) ;
#2216 = PLANE ( 'NONE',  #2976 ) ;
#2217 = FACE_OUTER_BOUND ( 'NONE', #5107, .T. ) ;
#2218 = CARTESIAN_POINT ( 'NONE',  ( -2.680000000000000160, -2.580000000000000515, -0.3200000000000000067 ) ) ;
#2219 = DIRECTION ( 'NONE',  ( 0.9486832980505238710, 0.3162277660168079652, -0.000000000000000000 ) ) ;
#2220 = ORIENTED_EDGE ( 'NONE', *, *, #2532, .F. ) ;
#2221 = ORIENTED_EDGE ( 'NONE', *, *, #4941, .F. ) ;
#2222 = VECTOR ( 'NONE', #4747, 1000.000000000000000 ) ;
#2223 = ADVANCED_FACE ( 'NONE', ( #4331 ), #5079, .T. ) ;
#2224 = EDGE_CURVE ( 'NONE', #4900, #5366, #1694, .T. ) ;
#2225 = CARTESIAN_POINT ( 'NONE',  ( -3.319999999999999840, 1.349999999999999645, 1.649999999999999911 ) ) ;
#2226 = EDGE_CURVE ( 'NONE', #3277, #2280, #93, .T. ) ;
#2227 = VECTOR ( 'NONE', #1791, 1000.000000000000114 ) ;
#2228 = VECTOR ( 'NONE', #4523, 1000.000000000000000 ) ;
#2229 = CARTESIAN_POINT ( 'NONE',  ( 1.939999999999999947, -8.673617379884035472E-16, 1.270000000000000018 ) ) ;
#2230 = ORIENTED_EDGE ( 'NONE', *, *, #4308, .F. ) ;
#2231 = VERTEX_POINT ( 'NONE', #4693 ) ;
#2232 = VECTOR ( 'NONE', #4967, 1000.000000000000000 ) ;
#2233 = CARTESIAN_POINT ( 'NONE',  ( 2.389999999999999680, -8.673617379884035472E-16, 2.469999999999999751 ) ) ;
#2234 = SURFACE_STYLE_USAGE ( .BOTH. , #590 ) ;
#2235 = EDGE_CURVE ( 'NONE', #5136, #3661, #1751, .T. ) ;
#2236 = EDGE_LOOP ( 'NONE', ( #728, #2286, #503, #1604 ) ) ;
#2237 = LINE ( 'NONE', #4352, #3784 ) ;
#2238 = EDGE_LOOP ( 'NONE', ( #3197, #2596, #724, #4484 ) ) ;
#2239 = CARTESIAN_POINT ( 'NONE',  ( -3.120000000000000107, 7.500000000000000000, 0.1200000000000000094 ) ) ;
#2240 = DIRECTION ( 'NONE',  ( 0.000000000000000000, 0.000000000000000000, 1.000000000000000000 ) ) ;
#2241 = DIRECTION ( 'NONE',  ( 1.000000000000000000, 0.000000000000000000, 0.000000000000000000 ) ) ;
#2242 = ORIENTED_EDGE ( 'NONE', *, *, #2512, .F. ) ;
#2243 = CARTESIAN_POINT ( 'NONE',  ( 0.2199999999999999178, -2.880000000000000782, 0.000000000000000000 ) ) ;
#2244 = ADVANCED_FACE ( 'NONE', ( #880 ), #2556, .F. ) ;
#2245 = PLANE ( 'NONE',  #1575 ) ;
#2246 = LINE ( 'NONE', #1423, #4411 ) ;
#2247 = DIRECTION ( 'NONE',  ( 0.000000000000000000, 0.000000000000000000, -1.000000000000000000 ) ) ;
#2248 = ADVANCED_BREP_SHAPE_REPRESENTATION ( '436500227', ( #4173, #4276, #1559 ), #4110 ) ;
#2249 = LINE ( 'NONE', #1371, #5306 ) ;
#2250 = ORIENTED_EDGE ( 'NONE', *, *, #4026, .F. ) ;
#2251 = ORIENTED_EDGE ( 'NONE', *, *, #3403, .T. ) ;
#2252 = AXIS2_PLACEMENT_3D ( 'NONE', #2055, #3738, #5408 ) ;
#2253 = FILL_AREA_STYLE ('',( #3022 ) ) ;
#2254 = CARTESIAN_POINT ( 'NONE',  ( -3.219999999999999751, 7.200000000000000178, 0.000000000000000000 ) ) ;
#2255 = ADVANCED_FACE ( 'NONE', ( #3874 ), #4010, .T. ) ;
#2256 = AXIS2_PLACEMENT_3D ( 'NONE', #1145, #3755, #4525 ) ;
#2257 = EDGE_CURVE ( 'NONE', #992, #4813, #658, .T. ) ;
#2258 = ORIENTED_EDGE ( 'NONE', *, *, #4757, .F. ) ;
#2259 = VECTOR ( 'NONE', #5327, 1000.000000000000000 ) ;
#2260 = VERTEX_POINT ( 'NONE', #1531 ) ;
#2261 = VERTEX_POINT ( 'NONE', #1831 ) ;
#2262 = LINE ( 'NONE', #1358, #1435 ) ;
#2263 = AXIS2_PLACEMENT_3D ( 'NONE', #2027, #3708, #1667 ) ;
#2264 = ORIENTED_EDGE ( 'NONE', *, *, #2147, .F. ) ;
#2265 = DIRECTION ( 'NONE',  ( 0.000000000000000000, 0.000000000000000000, 1.000000000000000000 ) ) ;
#2266 = ORIENTED_EDGE ( 'NONE', *, *, #2728, .F. ) ;
#2267 = CARTESIAN_POINT ( 'NONE',  ( 2.389999999999999680, 1.269999999999999352, -0.8750000000000000000 ) ) ;
#2268 = DIRECTION ( 'NONE',  ( -0.3162277660168079652, 0.9486832980505238710, 0.000000000000000000 ) ) ;
#2269 = LINE ( 'NONE', #2735, #943 ) ;
#2270 = ORIENTED_EDGE ( 'NONE', *, *, #4479, .F. ) ;
#2271 = CARTESIAN_POINT ( 'NONE',  ( -3.319999999999999840, 0.6999999999999992895, 1.649999999999999911 ) ) ;
#2272 = EDGE_CURVE ( 'NONE', #977, #328, #2684, .T. ) ;
#2273 = CARTESIAN_POINT ( 'NONE',  ( 2.674999999999999822, -1.150000000000000799, 1.570000000000000062 ) ) ;
#2274 = PLANE ( 'NONE',  #4155 ) ;
#2275 = DIRECTION ( 'NONE',  ( 0.000000000000000000, -1.000000000000000000, 0.000000000000000000 ) ) ;
#2276 = AXIS2_PLACEMENT_3D ( 'NONE', #2791, #2384, #3979 ) ;
#2277 = FACE_OUTER_BOUND ( 'NONE', #158, .T. ) ;
#2278 = PLANE ( 'NONE',  #1731 ) ;
#2279 = ORIENTED_EDGE ( 'NONE', *, *, #1721, .T. ) ;
#2280 = VERTEX_POINT ( 'NONE', #2301 ) ;
#2281 = VECTOR ( 'NONE', #1711, 1000.000000000000000 ) ;
#2282 = DIRECTION ( 'NONE',  ( 0.000000000000000000, 0.000000000000000000, 1.000000000000000000 ) ) ;
#2283 = CARTESIAN_POINT ( 'NONE',  ( -2.680000000000000160, 6.899999999999999467, -0.3200000000000000067 ) ) ;
#2284 = VERTEX_POINT ( 'NONE', #1039 ) ;
#2285 = ORIENTED_EDGE ( 'NONE', *, *, #4318, .F. ) ;
#2286 = ORIENTED_EDGE ( 'NONE', *, *, #2772, .T. ) ;
#2287 = VECTOR ( 'NONE', #4787, 1000.000000000000000 ) ;
#2288 = DIRECTION ( 'NONE',  ( 0.000000000000000000, 0.000000000000000000, -1.000000000000000000 ) ) ;
#2289 = PRODUCT_CONTEXT ( 'NONE', #4833, 'mechanical' ) ;
#2290 = ORIENTED_EDGE ( 'NONE', *, *, #4372, .T. ) ;
#2291 = DIRECTION ( 'NONE',  ( 0.000000000000000000, 1.000000000000000000, 0.000000000000000000 ) ) ;
#2292 = ORIENTED_EDGE ( 'NONE', *, *, #5314, .T. ) ;
#2293 = EDGE_CURVE ( 'NONE', #3528, #2616, #3092, .T. ) ;
#2294 = ADVANCED_FACE ( 'NONE', ( #4768 ), #4470, .F. ) ;
#2295 = CARTESIAN_POINT ( 'NONE',  ( -2.680000000000000160, 1.349999999999999645, 1.649999999999999911 ) ) ;
#2296 = CARTESIAN_POINT ( 'NONE',  ( -2.680000000000000160, 0.6999999999999992895, -0.3200000000000000067 ) ) ;
#2297 = EDGE_CURVE ( 'NONE', #4100, #3632, #3149, .T. ) ;
#2298 = DIRECTION ( 'NONE',  ( 0.000000000000000000, -0.7682212795973758501, 0.6401843996644798196 ) ) ;
#2299 = VERTEX_POINT ( 'NONE', #5209 ) ;
#2300 = FACE_OUTER_BOUND ( 'NONE', #3258, .T. ) ;
#2301 = CARTESIAN_POINT ( 'NONE',  ( -3.319999999999999840, 0.6999999999999992895, 1.649999999999999911 ) ) ;
#2302 = LINE ( 'NONE', #3980, #1881 ) ;
#2303 = CARTESIAN_POINT ( 'NONE',  ( -2.680000000000000160, 6.899999999999999467, -0.3200000000000000067 ) ) ;
#2304 = ADVANCED_FACE ( 'NONE', ( #201 ), #632, .T. ) ;
#2305 = CARTESIAN_POINT ( 'NONE',  ( 0.3199999999999999512, -2.580000000000000515, -0.3200000000000000067 ) ) ;
#2306 = EDGE_CURVE ( 'NONE', #2818, #3218, #3566, .T. ) ;
#2307 = ORIENTED_EDGE ( 'NONE', *, *, #921, .F. ) ;
#2308 = EDGE_LOOP ( 'NONE', ( #833, #4838, #4008, #2868 ) ) ;
#2309 = DIRECTION ( 'NONE',  ( 1.000000000000000000, 0.000000000000000000, 0.000000000000000000 ) ) ;
#2310 = CARTESIAN_POINT ( 'NONE',  ( -5.389999999999999680, 1.699999999999999734, -1.930000000000000160 ) ) ;
#2311 = ORIENTED_EDGE ( 'NONE', *, *, #4981, .F. ) ;
#2312 = EDGE_LOOP ( 'NONE', ( #3905, #1713, #673, #2071 ) ) ;
#2313 = ORIENTED_EDGE ( 'NONE', *, *, #3029, .F. ) ;
#2314 = ADVANCED_FACE ( 'NONE', ( #5270 ), #3954, .T. ) ;
#2315 = LINE ( 'NONE', #2778, #2757 ) ;
#2316 = VECTOR ( 'NONE', #1395, 1000.000000000000000 ) ;
#2317 = AXIS2_PLACEMENT_3D ( 'NONE', #978, #4354, #4005 ) ;
#2318 = ORIENTED_EDGE ( 'NONE', *, *, #1894, .T. ) ;
#2319 = VERTEX_POINT ( 'NONE', #1421 ) ;
#2320 = CARTESIAN_POINT ( 'NONE',  ( 3.325000000000000178, 1.849999999999999645, 1.430000000000000160 ) ) ;
#2321 = AXIS2_PLACEMENT_3D ( 'NONE', #3178, #4500, #4064 ) ;
#2322 = ORIENTED_EDGE ( 'NONE', *, *, #1635, .F. ) ;
#2323 = AXIS2_PLACEMENT_3D ( 'NONE', #2254, #583, #3548 ) ;
#2324 = VERTEX_POINT ( 'NONE', #230 ) ;
#2325 = CARTESIAN_POINT ( 'NONE',  ( 0.3199999999999999512, 6.899999999999999467, 0.3200000000000000067 ) ) ;
#2326 = AXIS2_PLACEMENT_3D ( 'NONE', #576, #4363, #3428 ) ;
#2327 = DIRECTION ( 'NONE',  ( -0.000000000000000000, 1.000000000000000000, 0.000000000000000000 ) ) ;
#2328 = VECTOR ( 'NONE', #4671, 1000.000000000000227 ) ;
#2329 = EDGE_CURVE ( 'NONE', #4886, #3140, #2359, .T. ) ;
#2330 = CARTESIAN_POINT ( 'NONE',  ( -6.000000000000000000, -1.275000000000000133, 2.319999999999999840 ) ) ;
#2331 = ADVANCED_FACE ( 'NONE', ( #5243 ), #172, .T. ) ;
#2332 = ORIENTED_EDGE ( 'NONE', *, *, #5123, .F. ) ;
#2333 = EDGE_CURVE ( 'NONE', #585, #4866, #1858, .T. ) ;
#2334 = DIRECTION ( 'NONE',  ( 0.000000000000000000, -1.000000000000000000, 0.000000000000000000 ) ) ;
#2335 = CARTESIAN_POINT ( 'NONE',  ( -4.939999999999999503, 1.699999999999999734, -1.930000000000000160 ) ) ;
#2336 = DIRECTION ( 'NONE',  ( -0.000000000000000000, 1.000000000000000000, 0.000000000000000000 ) ) ;
#2337 = CARTESIAN_POINT ( 'NONE',  ( -4.269999999999999574, 9.899999999999998579, -1.250000000000000000 ) ) ;
#2338 = CARTESIAN_POINT ( 'NONE',  ( 2.389999999999999680, 0.6699999999999995959, -1.270000000000000018 ) ) ;
#2339 = ORIENTED_EDGE ( 'NONE', *, *, #382, .F. ) ;
#2340 = ORIENTED_EDGE ( 'NONE', *, *, #3175, .F. ) ;
#2341 = VERTEX_POINT ( 'NONE', #3121 ) ;
#2342 = FACE_OUTER_BOUND ( 'NONE', #1496, .T. ) ;
#2343 = PLANE ( 'NONE',  #3733 ) ;
#2344 = ORIENTED_EDGE ( 'NONE', *, *, #1779, .T. ) ;
#2345 = VERTEX_POINT ( 'NONE', #4854 ) ;
#2346 = VERTEX_POINT ( 'NONE', #1124 ) ;
#2347 = CARTESIAN_POINT ( 'NONE',  ( -2.680000000000000160, 0.6699999999999995959, 1.270000000000000018 ) ) ;
#2348 = VECTOR ( 'NONE', #4121, 1000.000000000000000 ) ;
#2349 =( NAMED_UNIT ( * ) PLANE_ANGLE_UNIT ( ) SI_UNIT ( $, .RADIAN. ) );
#2350 = ORIENTED_EDGE ( 'NONE', *, *, #1587, .F. ) ;
#2351 = CARTESIAN_POINT ( 'NONE',  ( -4.925000000000000711, 8.500000000000000000, 0.7500000000000000000 ) ) ;
#2352 = VERTEX_POINT ( 'NONE', #3538 ) ;
#2353 = CARTESIAN_POINT ( 'NONE',  ( -1.025000000000000133, 9.049999999999998934, 1.930000000000000160 ) ) ;
#2354 = VECTOR ( 'NONE', #4609, 1000.000000000000000 ) ;
#2355 = PLANE ( 'NONE',  #764 ) ;
#2356 = LINE ( 'NONE', #4035, #3750 ) ;
#2357 = ORIENTED_EDGE ( 'NONE', *, *, #2541, .F. ) ;
#2358 = DIRECTION ( 'NONE',  ( 0.000000000000000000, 0.000000000000000000, -1.000000000000000000 ) ) ;
#2359 = LINE ( 'NONE', #712, #4040 ) ;
#2360 = CARTESIAN_POINT ( 'NONE',  ( -6.325000000000001066, -8.673617379884035472E-16, 1.570000000000000062 ) ) ;
#2361 = LINE ( 'NONE', #4013, #1096 ) ;
#2362 = CARTESIAN_POINT ( 'NONE',  ( 3.025000000000000355, -1.400000000000000133, 1.869999999999999885 ) ) ;
#2363 = ORIENTED_EDGE ( 'NONE', *, *, #134, .T. ) ;
#2364 = EDGE_LOOP ( 'NONE', ( #2974, #3808, #3649, #1865, #326, #1821, #43, #4233 ) ) ;
#2365 = PLANE ( 'NONE',  #5116 ) ;
#2366 = CARTESIAN_POINT ( 'NONE',  ( 1.939999999999999947, -8.673617379884035472E-16, 1.680000000000000160 ) ) ;
#2367 = ORIENTED_EDGE ( 'NONE', *, *, #3877, .F. ) ;
#2368 = VECTOR ( 'NONE', #2907, 1000.000000000000000 ) ;
#2369 = ORIENTED_EDGE ( 'NONE', *, *, #3680, .F. ) ;
#2370 = CARTESIAN_POINT ( 'NONE',  ( 0.3199999999999999512, 0.6699999999999995959, 1.270000000000000018 ) ) ;
#2371 = PLANE ( 'NONE',  #1351 ) ;
#2372 = VECTOR ( 'NONE', #2849, 1000.000000000000000 ) ;
#2373 = EDGE_CURVE ( 'NONE', #1730, #1459, #4796, .T. ) ;
#2374 = ORIENTED_EDGE ( 'NONE', *, *, #1988, .F. ) ;
#2375 = FACE_OUTER_BOUND ( 'NONE', #5300, .T. ) ;
#2376 = ORIENTED_EDGE ( 'NONE', *, *, #362, .T. ) ;
#2377 = VECTOR ( 'NONE', #1466, 1000.000000000000000 ) ;
#2378 = FACE_OUTER_BOUND ( 'NONE', #5176, .T. ) ;
#2379 = EDGE_CURVE ( 'NONE', #5283, #894, #2738, .T. ) ;
#2380 = FACE_OUTER_BOUND ( 'NONE', #4226, .T. ) ;
#2381 = CARTESIAN_POINT ( 'NONE',  ( -4.939999999999999503, 0.6699999999999995959, 1.270000000000000018 ) ) ;
#2382 = VERTEX_POINT ( 'NONE', #3627 ) ;
#2383 = DIRECTION ( 'NONE',  ( 0.000000000000000000, 0.000000000000000000, -1.000000000000000000 ) ) ;
#2384 = DIRECTION ( 'NONE',  ( 1.000000000000000000, 0.000000000000000000, 0.000000000000000000 ) ) ;
#2385 = FACE_BOUND ( 'NONE', #4662, .T. ) ;
#2386 = DIRECTION ( 'NONE',  ( -0.3015113445777909407, -0.9045340337332726799, 0.3015113445777909407 ) ) ;
#2387 = DIRECTION ( 'NONE',  ( 0.000000000000000000, 0.000000000000000000, 1.000000000000000000 ) ) ;
#2388 = ORIENTED_EDGE ( 'NONE', *, *, #362, .F. ) ;
#2389 = VERTEX_POINT ( 'NONE', #5294 ) ;
#2390 = DIRECTION ( 'NONE',  ( 1.000000000000000000, 0.000000000000000000, 0.000000000000000000 ) ) ;
#2391 = CARTESIAN_POINT ( 'NONE',  ( 0.1199999999999998845, -3.180000000000000604, -0.1200000000000000094 ) ) ;
#2392 = ADVANCED_FACE ( 'NONE', ( #3319 ), #1149, .T. ) ;
#2393 = VERTEX_POINT ( 'NONE', #4906 ) ;
#2394 = ORIENTED_EDGE ( 'NONE', *, *, #3228, .F. ) ;
#2395 = EDGE_CURVE ( 'NONE', #3672, #3026, #2050, .T. ) ;
#2396 = ADVANCED_FACE ( 'NONE', ( #3735 ), #5350, .T. ) ;
#2397 = ORIENTED_EDGE ( 'NONE', *, *, #3613, .F. ) ;
#2398 = EDGE_CURVE ( 'NONE', #5141, #2895, #3233, .T. ) ;
#2399 = CARTESIAN_POINT ( 'NONE',  ( -3.120000000000000107, -3.180000000000000604, 0.1200000000000000094 ) ) ;
#2400 = DIRECTION ( 'NONE',  ( 0.000000000000000000, 0.000000000000000000, -1.000000000000000000 ) ) ;
#2401 = ORIENTED_EDGE ( 'NONE', *, *, #1681, .T. ) ;
#2402 = DIRECTION ( 'NONE',  ( 0.000000000000000000, 0.000000000000000000, -1.000000000000000000 ) ) ;
#2403 = EDGE_LOOP ( 'NONE', ( #3497, #2919, #3303, #199 ) ) ;
#2404 = STYLED_ITEM ( 'NONE', ( #668 ), #4276 ) ;
#2405 = VECTOR ( 'NONE', #679, 1000.000000000000000 ) ;
#2406 = CARTESIAN_POINT ( 'NONE',  ( -6.325000000000001066, 0.6699999999999995959, -0.8750000000000000000 ) ) ;
#2407 = DIRECTION ( 'NONE',  ( 0.000000000000000000, 0.000000000000000000, -1.000000000000000000 ) ) ;
#2408 = EDGE_CURVE ( 'NONE', #1843, #4670, #3260, .T. ) ;
#2409 = AXIS2_PLACEMENT_3D ( 'NONE', #2472, #801, #1207 ) ;
#2410 = CARTESIAN_POINT ( 'NONE',  ( -2.975000000000000089, 1.849999999999999645, 1.930000000000000160 ) ) ;
#2411 = VECTOR ( 'NONE', #467, 1000.000000000000000 ) ;
#2412 = EDGE_LOOP ( 'NONE', ( #5278, #2459, #4265, #5409 ) ) ;
#2413 = VECTOR ( 'NONE', #1299, 1000.000000000000000 ) ;
#2414 = LINE ( 'NONE', #2466, #3608 ) ;
#2415 = FACE_OUTER_BOUND ( 'NONE', #286, .T. ) ;
#2416 = AXIS2_PLACEMENT_3D ( 'NONE', #2068, #1601, #3720 ) ;
#2417 = CARTESIAN_POINT ( 'NONE',  ( 3.325000000000000178, 4.949999999999999289, 0.000000000000000000 ) ) ;
#2418 = CARTESIAN_POINT ( 'NONE',  ( -4.939999999999999503, 1.699999999999999734, 1.680000000000000160 ) ) ;
#2419 = DIRECTION ( 'NONE',  ( -1.000000000000000000, 0.000000000000000000, 0.000000000000000000 ) ) ;
#2420 = DIRECTION ( 'NONE',  ( 0.000000000000000000, -1.000000000000000000, 0.000000000000000000 ) ) ;
#2421 = ORIENTED_EDGE ( 'NONE', *, *, #5328, .F. ) ;
#2422 = ORIENTED_EDGE ( 'NONE', *, *, #339, .F. ) ;
#2423 = CARTESIAN_POINT ( 'NONE',  ( -0.3199999999999999512, 1.269999999999999352, 0.8750000000000000000 ) ) ;
#2424 = CARTESIAN_POINT ( 'NONE',  ( 1.925000000000000044, 9.899999999999998579, 1.930000000000000160 ) ) ;
#2425 = DIRECTION ( 'NONE',  ( 0.000000000000000000, -1.000000000000000000, 0.000000000000000000 ) ) ;
#2426 = ORIENTED_EDGE ( 'NONE', *, *, #1159, .F. ) ;
#2427 = ORIENTED_EDGE ( 'NONE', *, *, #171, .T. ) ;
#2428 = EDGE_CURVE ( 'NONE', #3714, #1103, #798, .T. ) ;
#2429 = CARTESIAN_POINT ( 'NONE',  ( -1.270000000000000018, 3.299999999999999378, -1.250000000000000000 ) ) ;
#2430 = FACE_OUTER_BOUND ( 'NONE', #243, .T. ) ;
#2431 = EDGE_CURVE ( 'NONE', #1686, #226, #2929, .T. ) ;
#2432 = VERTEX_POINT ( 'NONE', #4580 ) ;
#2433 = DIRECTION ( 'NONE',  ( 1.000000000000000000, 0.000000000000000000, 0.000000000000000000 ) ) ;
#2434 = ORIENTED_EDGE ( 'NONE', *, *, #1988, .T. ) ;
#2435 = CARTESIAN_POINT ( 'NONE',  ( 2.674999999999999822, -1.150000000000000799, 2.469999999999999751 ) ) ;
#2436 = FACE_OUTER_BOUND ( 'NONE', #3237, .T. ) ;
#2437 = CARTESIAN_POINT ( 'NONE',  ( -1.025000000000000133, 1.849999999999999645, 1.930000000000000160 ) ) ;
#2438 = VECTOR ( 'NONE', #4990, 1000.000000000000114 ) ;
#2439 = ORIENTED_EDGE ( 'NONE', *, *, #2124, .F. ) ;
#2440 = CARTESIAN_POINT ( 'NONE',  ( -0.3199999999999999512, 3.299999999999999378, 0.3200000000000000067 ) ) ;
#2441 = DIRECTION ( 'NONE',  ( 0.000000000000000000, 0.000000000000000000, -1.000000000000000000 ) ) ;
#2442 = CARTESIAN_POINT ( 'NONE',  ( -0.1200000000000000927, 7.500000000000000000, 0.1200000000000000094 ) ) ;
#2443 = PLANE ( 'NONE',  #2321 ) ;
#2444 = DIRECTION ( 'NONE',  ( 0.000000000000000000, 0.000000000000000000, -1.000000000000000000 ) ) ;
#2445 = EDGE_CURVE ( 'NONE', #3399, #1824, #2000, .T. ) ;
#2446 = DIRECTION ( 'NONE',  ( 0.000000000000000000, 0.000000000000000000, 1.000000000000000000 ) ) ;
#2447 = VERTEX_POINT ( 'NONE', #2820 ) ;
#2448 = CARTESIAN_POINT ( 'NONE',  ( -4.269999999999999574, 9.899999999999998579, 1.250000000000000000 ) ) ;
#2449 = VECTOR ( 'NONE', #1994, 1000.000000000000000 ) ;
#2450 = DIRECTION ( 'NONE',  ( 0.000000000000000000, 0.000000000000000000, 1.000000000000000000 ) ) ;
#2451 = LINE ( 'NONE', #2888, #3815 ) ;
#2452 = ORIENTED_EDGE ( 'NONE', *, *, #3680, .T. ) ;
#2453 = ORIENTED_EDGE ( 'NONE', *, *, #212, .F. ) ;
#2454 = LINE ( 'NONE', #377, #5218 ) ;
#2455 = LINE ( 'NONE', #1111, #3643 ) ;
#2456 = VECTOR ( 'NONE', #1610, 1000.000000000000114 ) ;
#2457 = ORIENTED_EDGE ( 'NONE', *, *, #4412, .F. ) ;
#2458 = ORIENTED_EDGE ( 'NONE', *, *, #1492, .T. ) ;
#2459 = ORIENTED_EDGE ( 'NONE', *, *, #1954, .F. ) ;
#2460 = AXIS2_PLACEMENT_3D ( 'NONE', #1648, #1240, #2913 ) ;
#2461 = CARTESIAN_POINT ( 'NONE',  ( -2.680000000000000160, -8.673617379884035472E-16, 1.680000000000000160 ) ) ;
#2462 = DIRECTION ( 'NONE',  ( 0.000000000000000000, -1.000000000000000000, 0.000000000000000000 ) ) ;
#2463 = VECTOR ( 'NONE', #4415, 1000.000000000000000 ) ;
#2464 = FACE_OUTER_BOUND ( 'NONE', #1320, .T. ) ;
#2465 = ORIENTED_EDGE ( 'NONE', *, *, #620, .T. ) ;
#2466 = CARTESIAN_POINT ( 'NONE',  ( -1.729999999999999982, 9.899999999999998579, -1.250000000000000000 ) ) ;
#2467 = EDGE_CURVE ( 'NONE', #2797, #3411, #4553, .T. ) ;
#2468 = EDGE_CURVE ( 'NONE', #2736, #4216, #4993, .T. ) ;
#2469 = DIRECTION ( 'NONE',  ( 0.000000000000000000, -1.000000000000000000, 0.000000000000000000 ) ) ;
#2470 = DIRECTION ( 'NONE',  ( 0.000000000000000000, 0.000000000000000000, 1.000000000000000000 ) ) ;
#2471 = EDGE_CURVE ( 'NONE', #4962, #2895, #1231, .T. ) ;
#2472 = CARTESIAN_POINT ( 'NONE',  ( 2.824999999999999734, -1.275000000000000133, 2.020000000000000018 ) ) ;
#2473 = CARTESIAN_POINT ( 'NONE',  ( -6.325000000000001066, -1.150000000000000799, 2.469999999999999751 ) ) ;
#2474 = LINE ( 'NONE', #2935, #772 ) ;
#2475 = ORIENTED_EDGE ( 'NONE', *, *, #1422, .F. ) ;
#2476 = LINE ( 'NONE', #2938, #4473 ) ;
#2477 = CARTESIAN_POINT ( 'NONE',  ( 2.389999999999999680, 0.6699999999999995959, 0.8750000000000000000 ) ) ;
#2478 = LINE ( 'NONE', #778, #4953 ) ;
#2479 = EDGE_CURVE ( 'NONE', #2839, #4398, #5372, .T. ) ;
#2480 = ORIENTED_EDGE ( 'NONE', *, *, #4942, .T. ) ;
#2481 = CARTESIAN_POINT ( 'NONE',  ( 1.939999999999999947, 1.699999999999999734, -1.930000000000000160 ) ) ;
#2482 = CARTESIAN_POINT ( 'NONE',  ( -3.319999999999999840, 1.349999999999999645, -1.050000000000000044 ) ) ;
#2483 = ORIENTED_EDGE ( 'NONE', *, *, #4564, .T. ) ;
#2484 = AXIS2_PLACEMENT_3D ( 'NONE', #1956, #758, #2433 ) ;
#2485 = EDGE_LOOP ( 'NONE', ( #444, #2511, #1569, #2422 ) ) ;
#2486 = EDGE_CURVE ( 'NONE', #3038, #2804, #4174, .T. ) ;
#2487 = CARTESIAN_POINT ( 'NONE',  ( 1.939999999999999947, 0.6699999999999995959, -0.8750000000000000000 ) ) ;
#2488 = CARTESIAN_POINT ( 'NONE',  ( -3.319999999999999840, 0.6999999999999992895, 0.8750000000000000000 ) ) ;
#2489 = CARTESIAN_POINT ( 'NONE',  ( -0.3199999999999999512, 0.6999999999999992895, -0.3200000000000000067 ) ) ;
#2490 = ORIENTED_EDGE ( 'NONE', *, *, #4610, .F. ) ;
#2491 = LINE ( 'NONE', #1638, #2196 ) ;
#2492 = AXIS2_PLACEMENT_3D ( 'NONE', #4724, #1783, #968 ) ;
#2493 = CARTESIAN_POINT ( 'NONE',  ( 0.3199999999999999512, 0.6999999999999992895, -0.8750000000000000000 ) ) ;
#2494 = EDGE_CURVE ( 'NONE', #1248, #4831, #1968, .T. ) ;
#2495 = DIRECTION ( 'NONE',  ( -0.000000000000000000, 1.000000000000000000, 0.000000000000000000 ) ) ;
#2496 = VECTOR ( 'NONE', #368, 1000.000000000000000 ) ;
#2497 = VECTOR ( 'NONE', #3086, 1000.000000000000000 ) ;
#2498 = ADVANCED_FACE ( 'NONE', ( #2415 ), #5020, .T. ) ;
#2499 = DIRECTION ( 'NONE',  ( 1.000000000000000000, 0.000000000000000000, 0.000000000000000000 ) ) ;
#2500 = CARTESIAN_POINT ( 'NONE',  ( 2.389999999999999680, 0.6699999999999995959, 1.270000000000000018 ) ) ;
#2501 = ORIENTED_EDGE ( 'NONE', *, *, #9, .F. ) ;
#2502 = AXIS2_PLACEMENT_3D ( 'NONE', #3541, #2219, #4828 ) ;
#2503 = CARTESIAN_POINT ( 'NONE',  ( 2.389999999999999680, -8.673617379884035472E-16, 1.270000000000000018 ) ) ;
#2504 = FACE_OUTER_BOUND ( 'NONE', #4134, .T. ) ;
#2505 = LINE ( 'NONE', #1241, #2748 ) ;
#2506 = CARTESIAN_POINT ( 'NONE',  ( -0.3199999999999999512, 0.6699999999999995959, 1.270000000000000018 ) ) ;
#2507 = VERTEX_POINT ( 'NONE', #1256 ) ;
#2508 = ORIENTED_EDGE ( 'NONE', *, *, #2646, .T. ) ;
#2509 = CARTESIAN_POINT ( 'NONE',  ( -2.975000000000000089, 9.049999999999998934, 2.429999999999999716 ) ) ;
#2510 = CARTESIAN_POINT ( 'NONE',  ( -0.5699999999999999512, 9.899999999999998579, 1.250000000000000000 ) ) ;
#2511 = ORIENTED_EDGE ( 'NONE', *, *, #2297, .T. ) ;
#2512 = EDGE_CURVE ( 'NONE', #272, #24, #3760, .T. ) ;
#2513 = ORIENTED_EDGE ( 'NONE', *, *, #3367, .T. ) ;
#2514 = CARTESIAN_POINT ( 'NONE',  ( -6.025000000000001243, -1.400000000000000133, 2.169999999999999929 ) ) ;
#2515 = LINE ( 'NONE', #818, #4273 ) ;
#2516 = VERTEX_POINT ( 'NONE', #3655 ) ;
#2517 = LINE ( 'NONE', #5321, #888 ) ;
#2518 = VECTOR ( 'NONE', #5377, 1000.000000000000000 ) ;
#2519 = DIRECTION ( 'NONE',  ( 0.000000000000000000, 1.000000000000000000, 0.000000000000000000 ) ) ;
#2520 = DIRECTION ( 'NONE',  ( 1.000000000000000000, 0.000000000000000000, 0.000000000000000000 ) ) ;
#2521 = VECTOR ( 'NONE', #4628, 1000.000000000000000 ) ;
#2522 = DIRECTION ( 'NONE',  ( -0.000000000000000000, -0.3162277660168079652, -0.9486832980505238710 ) ) ;
#2523 = FACE_OUTER_BOUND ( 'NONE', #3790, .T. ) ;
#2524 = ORIENTED_EDGE ( 'NONE', *, *, #4389, .F. ) ;
#2525 = ORIENTED_EDGE ( 'NONE', *, *, #3844, .F. ) ;
#2526 = EDGE_CURVE ( 'NONE', #752, #3884, #3342, .T. ) ;
#2527 = DIRECTION ( 'NONE',  ( 1.000000000000000000, 0.000000000000000000, 0.000000000000000000 ) ) ;
#2528 = DIRECTION ( 'NONE',  ( 0.000000000000000000, -1.000000000000000000, 0.000000000000000000 ) ) ;
#2529 = LINE ( 'NONE', #808, #3187 ) ;
#2530 = DIRECTION ( 'NONE',  ( -1.000000000000000000, 0.000000000000000000, 0.000000000000000000 ) ) ;
#2531 = EDGE_LOOP ( 'NONE', ( #630, #584, #2177, #4406 ) ) ;
#2532 = EDGE_CURVE ( 'NONE', #2284, #2070, #1558, .T. ) ;
#2533 = ADVANCED_FACE ( 'NONE', ( #3838 ), #2955, .F. ) ;
#2534 = FACE_OUTER_BOUND ( 'NONE', #4576, .T. ) ;
#2535 = DIRECTION ( 'NONE',  ( 0.000000000000000000, -1.000000000000000000, 0.000000000000000000 ) ) ;
#2536 = ORIENTED_EDGE ( 'NONE', *, *, #3435, .T. ) ;
#2537 = ORIENTED_EDGE ( 'NONE', *, *, #688, .F. ) ;
#2538 = EDGE_LOOP ( 'NONE', ( #3749, #4806, #2056, #2010 ) ) ;
#2539 = AXIS2_PLACEMENT_3D ( 'NONE', #4256, #522, #2191 ) ;
#2540 = PLANE ( 'NONE',  #2720 ) ;
#2541 = EDGE_CURVE ( 'NONE', #1081, #2156, #3034, .T. ) ;
#2542 = CARTESIAN_POINT ( 'NONE',  ( 0.3199999999999999512, 3.299999999999999378, 0.3200000000000000067 ) ) ;
#2543 = ORIENTED_EDGE ( 'NONE', *, *, #4223, .T. ) ;
#2544 = CARTESIAN_POINT ( 'NONE',  ( 3.325000000000000178, 2.487234067916999525, 0.1137500000000000039 ) ) ;
#2545 = VECTOR ( 'NONE', #69, 1000.000000000000000 ) ;
#2546 = EDGE_CURVE ( 'NONE', #1163, #2704, #4631, .T. ) ;
#2547 = DIRECTION ( 'NONE',  ( -0.6092076990801816860, -0.5076730825667846725, -0.6092076990801816860 ) ) ;
#2548 = LINE ( 'NONE', #1232, #1820 ) ;
#2549 = VECTOR ( 'NONE', #4497, 1000.000000000000000 ) ;
#2550 = EDGE_CURVE ( 'NONE', #4216, #2393, #4277, .T. ) ;
#2551 = CARTESIAN_POINT ( 'NONE',  ( 3.325000000000000178, 2.513829809426999518, 0.2700000000000000178 ) ) ;
#2552 = ORIENTED_EDGE ( 'NONE', *, *, #460, .F. ) ;
#2553 = DIRECTION ( 'NONE',  ( -0.000000000000000000, -0.7682212795973758501, -0.6401843996644798196 ) ) ;
#2554 = EDGE_LOOP ( 'NONE', ( #1703, #2789, #4073, #2394, #3389, #2076, #2043, #1491 ) ) ;
#2555 = ORIENTED_EDGE ( 'NONE', *, *, #586, .T. ) ;
#2556 = PLANE ( 'NONE',  #2539 ) ;
#2557 = AXIS2_PLACEMENT_3D ( 'NONE', #4759, #3972, #2265 ) ;
#2558 = DIRECTION ( 'NONE',  ( 0.000000000000000000, -1.000000000000000000, 0.000000000000000000 ) ) ;
#2559 = DIRECTION ( 'NONE',  ( -1.000000000000000000, 0.000000000000000000, 0.000000000000000000 ) ) ;
#2560 = DIRECTION ( 'NONE',  ( 0.000000000000000000, 0.000000000000000000, -1.000000000000000000 ) ) ;
#2561 = ORIENTED_EDGE ( 'NONE', *, *, #2943, .T. ) ;
#2562 = CARTESIAN_POINT ( 'NONE',  ( 3.325000000000000178, 0.6699999999999995959, 0.8750000000000000000 ) ) ;
#2563 = CARTESIAN_POINT ( 'NONE',  ( 1.269999999999999796, 9.899999999999998579, -1.250000000000000000 ) ) ;
#2564 = EDGE_CURVE ( 'NONE', #4270, #2198, #3891, .T. ) ;
#2565 = EDGE_CURVE ( 'NONE', #992, #4546, #1716, .T. ) ;
#2566 = EDGE_CURVE ( 'NONE', #161, #2678, #2130, .T. ) ;
#2567 = LINE ( 'NONE', #2996, #4799 ) ;
#2568 = ORIENTED_EDGE ( 'NONE', *, *, #4897, .F. ) ;
#2569 = ORIENTED_EDGE ( 'NONE', *, *, #3396, .T. ) ;
#2570 = ORIENTED_EDGE ( 'NONE', *, *, #2698, .F. ) ;
#2571 = LINE ( 'NONE', #2953, #4482 ) ;
#2572 = CARTESIAN_POINT ( 'NONE',  ( 1.925000000000000044, 8.500000000000000000, -1.250000000000000000 ) ) ;
#2573 = CARTESIAN_POINT ( 'NONE',  ( -0.2199999999999999178, -2.880000000000000782, 0.000000000000000000 ) ) ;
#2574 = LINE ( 'NONE', #1311, #1963 ) ;
#2575 = ORIENTED_EDGE ( 'NONE', *, *, #2626, .F. ) ;
#2576 = CARTESIAN_POINT ( 'NONE',  ( 2.625000000000000000, 9.199999999999999289, 0.000000000000000000 ) ) ;
#2577 = CARTESIAN_POINT ( 'NONE',  ( -6.325000000000001066, 8.500000000000000000, 0.7500000000000000000 ) ) ;
#2578 = AXIS2_PLACEMENT_3D ( 'NONE', #2994, #3934, #2587 ) ;
#2579 = AXIS2_PLACEMENT_3D ( 'NONE', #2406, #3, #1605 ) ;
#2580 = DIRECTION ( 'NONE',  ( 0.000000000000000000, 0.000000000000000000, 1.000000000000000000 ) ) ;
#2581 = DIRECTION ( 'NONE',  ( 1.000000000000000000, 0.000000000000000000, 0.000000000000000000 ) ) ;
#2582 = PLANE ( 'NONE',  #1961 ) ;
#2583 = VECTOR ( 'NONE', #3981, 1000.000000000000000 ) ;
#2584 = ORIENTED_EDGE ( 'NONE', *, *, #4493, .T. ) ;
#2585 = AXIS2_PLACEMENT_3D ( 'NONE', #1105, #3609, #5305 ) ;
#2586 = AXIS2_PLACEMENT_3D ( 'NONE', #3457, #2193, #3122 ) ;
#2587 = DIRECTION ( 'NONE',  ( 0.000000000000000000, 1.000000000000000000, 0.000000000000000000 ) ) ;
#2588 = DIRECTION ( 'NONE',  ( 1.000000000000000000, 0.000000000000000000, 0.000000000000000000 ) ) ;
#2589 = ORIENTED_EDGE ( 'NONE', *, *, #1755, .F. ) ;
#2590 = ORIENTED_EDGE ( 'NONE', *, *, #2272, .F. ) ;
#2591 = VERTEX_POINT ( 'NONE', #3867 ) ;
#2592 = ADVANCED_FACE ( 'NONE', ( #85 ), #2598, .T. ) ;
#2593 = EDGE_CURVE ( 'NONE', #4721, #4313, #928, .T. ) ;
#2594 = FACE_OUTER_BOUND ( 'NONE', #845, .T. ) ;
#2595 = CARTESIAN_POINT ( 'NONE',  ( -2.680000000000000160, 1.269999999999999352, -0.8750000000000000000 ) ) ;
#2596 = ORIENTED_EDGE ( 'NONE', *, *, #4964, .T. ) ;
#2597 = CARTESIAN_POINT ( 'NONE',  ( 0.3199999999999999512, 0.6699999999999995959, -0.8750000000000000000 ) ) ;
#2598 = PLANE ( 'NONE',  #4765 ) ;
#2599 = DIRECTION ( 'NONE',  ( 0.000000000000000000, 1.000000000000000000, 0.000000000000000000 ) ) ;
#2600 = CARTESIAN_POINT ( 'NONE',  ( -6.325000000000001066, 1.269999999999999352, -0.8750000000000000000 ) ) ;
#2601 = VECTOR ( 'NONE', #3035, 1000.000000000000114 ) ;
#2602 = VERTEX_POINT ( 'NONE', #63 ) ;
#2603 = LINE ( 'NONE', #5052, #1903 ) ;
#2604 = CARTESIAN_POINT ( 'NONE',  ( -3.319999999999999840, 1.349999999999999645, 1.680000000000000160 ) ) ;
#2605 = VECTOR ( 'NONE', #5042, 1000.000000000000000 ) ;
#2606 = CARTESIAN_POINT ( 'NONE',  ( -5.389999999999999680, 1.699999999999999734, 1.680000000000000160 ) ) ;
#2607 = DIRECTION ( 'NONE',  ( 0.000000000000000000, 0.000000000000000000, -1.000000000000000000 ) ) ;
#2608 = DIRECTION ( 'NONE',  ( 1.000000000000000000, 0.000000000000000000, 0.000000000000000000 ) ) ;
#2609 = EDGE_CURVE ( 'NONE', #3719, #2393, #2183, .T. ) ;
#2610 = ORIENTED_EDGE ( 'NONE', *, *, #4540, .T. ) ;
#2611 = ORIENTED_EDGE ( 'NONE', *, *, #550, .T. ) ;
#2612 = ADVANCED_FACE ( 'NONE', ( #3365 ), #5046, .T. ) ;
#2613 = CARTESIAN_POINT ( 'NONE',  ( -2.780000000000000249, -2.880000000000000782, 0.000000000000000000 ) ) ;
#2614 = FACE_OUTER_BOUND ( 'NONE', #4728, .T. ) ;
#2615 = CARTESIAN_POINT ( 'NONE',  ( -0.02500000000000006384, 9.049999999999998934, 2.429999999999999716 ) ) ;
#2616 = VERTEX_POINT ( 'NONE', #1282 ) ;
#2617 = ORIENTED_EDGE ( 'NONE', *, *, #2565, .F. ) ;
#2618 = DIRECTION ( 'NONE',  ( 0.000000000000000000, 0.000000000000000000, -1.000000000000000000 ) ) ;
#2619 = PLANE ( 'NONE',  #1119 ) ;
#2620 = ORIENTED_EDGE ( 'NONE', *, *, #1587, .T. ) ;
#2621 = DIRECTION ( 'NONE',  ( 0.000000000000000000, 1.000000000000000000, 0.000000000000000000 ) ) ;
#2622 = LINE ( 'NONE', #3393, #1704 ) ;
#2623 = DIRECTION ( 'NONE',  ( 0.000000000000000000, 0.000000000000000000, 1.000000000000000000 ) ) ;
#2624 = LINE ( 'NONE', #2132, #3191 ) ;
#2625 = VECTOR ( 'NONE', #2851, 1000.000000000000000 ) ;
#2626 = EDGE_CURVE ( 'NONE', #4431, #1156, #4222, .T. ) ;
#2627 = VERTEX_POINT ( 'NONE', #1744 ) ;
#2628 = EDGE_CURVE ( 'NONE', #2948, #2346, #2622, .T. ) ;
#2629 = FACE_OUTER_BOUND ( 'NONE', #735, .T. ) ;
#2630 = FACE_OUTER_BOUND ( 'NONE', #58, .T. ) ;
#2631 = EDGE_CURVE ( 'NONE', #3038, #191, #2982, .T. ) ;
#2632 = CARTESIAN_POINT ( 'NONE',  ( 3.325000000000000178, 8.500000000000000000, -1.250000000000000000 ) ) ;
#2633 = FACE_OUTER_BOUND ( 'NONE', #5339, .T. ) ;
#2634 = CARTESIAN_POINT ( 'NONE',  ( -6.325000000000001066, 1.849999999999999645, 2.469999999999999751 ) ) ;
#2635 = VECTOR ( 'NONE', #4934, 1000.000000000000000 ) ;
#2636 = ORIENTED_EDGE ( 'NONE', *, *, #788, .F. ) ;
#2637 = ORIENTED_EDGE ( 'NONE', *, *, #4512, .T. ) ;
#2638 = PLANE ( 'NONE',  #750 ) ;
#2639 = EDGE_CURVE ( 'NONE', #3277, #5136, #1769, .T. ) ;
#2640 = CARTESIAN_POINT ( 'NONE',  ( -6.325000000000001066, -8.673617379884035472E-16, 0.7500000000000000000 ) ) ;
#2641 = ORIENTED_EDGE ( 'NONE', *, *, #3435, .F. ) ;
#2642 = ORIENTED_EDGE ( 'NONE', *, *, #3921, .F. ) ;
#2643 = EDGE_LOOP ( 'NONE', ( #376, #3137, #2322, #4681, #4777, #5280, #482, #4375 ) ) ;
#2644 = CARTESIAN_POINT ( 'NONE',  ( 0.3199999999999999512, -8.673617379884035472E-16, 1.680000000000000160 ) ) ;
#2645 = LINE ( 'NONE', #4296, #5331 ) ;
#2646 = EDGE_CURVE ( 'NONE', #1081, #1781, #5096, .T. ) ;
#2647 = EDGE_LOOP ( 'NONE', ( #4873, #157, #916, #3090 ) ) ;
#2648 = LINE ( 'NONE', #3195, #2813 ) ;
#2649 = ORIENTED_EDGE ( 'NONE', *, *, #4070, .F. ) ;
#2650 = CARTESIAN_POINT ( 'NONE',  ( 0.3199999999999999512, 3.299999999999999378, -0.3200000000000000067 ) ) ;
#2651 = PRODUCT ( '436500227', '436500227', '', ( #2289 ) ) ;
#2652 = CARTESIAN_POINT ( 'NONE',  ( 3.325000000000000178, 1.269999999999999352, 0.8750000000000000000 ) ) ;
#2653 = DIRECTION ( 'NONE',  ( 1.000000000000000000, 0.000000000000000000, 0.000000000000000000 ) ) ;
#2654 = ORIENTED_EDGE ( 'NONE', *, *, #4079, .F. ) ;
#2655 = CARTESIAN_POINT ( 'NONE',  ( -2.799999999999999822, 8.149999999999998579, -3.135000000000000231 ) ) ;
#2656 = ORIENTED_EDGE ( 'NONE', *, *, #5382, .T. ) ;
#2657 = ADVANCED_FACE ( 'NONE', ( #2210, #3003 ), #5122, .F. ) ;
#2658 = CARTESIAN_POINT ( 'NONE',  ( -2.680000000000000160, 0.6999999999999992895, 1.649999999999999911 ) ) ;
#2659 = CARTESIAN_POINT ( 'NONE',  ( 0.3199999999999999512, 0.6999999999999992895, 0.3200000000000000067 ) ) ;
#2660 = EDGE_CURVE ( 'NONE', #1816, #1460, #250, .T. ) ;
#2661 = CARTESIAN_POINT ( 'NONE',  ( 1.939999999999999947, 0.6699999999999995959, 1.270000000000000018 ) ) ;
#2662 = LINE ( 'NONE', #2715, #1184 ) ;
#2663 = VERTEX_POINT ( 'NONE', #1524 ) ;
#2664 = VERTEX_POINT ( 'NONE', #2239 ) ;
#2665 = VECTOR ( 'NONE', #3540, 1000.000000000000000 ) ;
#2666 = LINE ( 'NONE', #5194, #3463 ) ;
#2667 = VECTOR ( 'NONE', #474, 1000.000000000000000 ) ;
#2668 = AXIS2_PLACEMENT_3D ( 'NONE', #560, #4267, #2288 ) ;
#2669 = VECTOR ( 'NONE', #3437, 1000.000000000000000 ) ;
#2670 = VERTEX_POINT ( 'NONE', #5202 ) ;
#2671 = VERTEX_POINT ( 'NONE', #3116 ) ;
#2672 = ORIENTED_EDGE ( 'NONE', *, *, #3367, .F. ) ;
#2673 = VECTOR ( 'NONE', #4289, 1000.000000000000000 ) ;
#2674 = CARTESIAN_POINT ( 'NONE',  ( -2.680000000000000160, -8.673617379884035472E-16, -1.270000000000000018 ) ) ;
#2675 = ADVANCED_FACE ( 'NONE', ( #1034 ), #4848, .T. ) ;
#2676 = ORIENTED_EDGE ( 'NONE', *, *, #4751, .T. ) ;
#2677 = PLANE ( 'NONE',  #3962 ) ;
#2678 = VERTEX_POINT ( 'NONE', #1909 ) ;
#2679 = CARTESIAN_POINT ( 'NONE',  ( -2.879999999999999893, 7.500000000000000000, -0.1200000000000000094 ) ) ;
#2680 = DIRECTION ( 'NONE',  ( 0.000000000000000000, -1.000000000000000000, 0.000000000000000000 ) ) ;
#2681 = CARTESIAN_POINT ( 'NONE',  ( -6.025000000000001243, -1.400000000000000133, 1.869999999999999885 ) ) ;
#2682 = ORIENTED_EDGE ( 'NONE', *, *, #2066, .F. ) ;
#2683 = LINE ( 'NONE', #4359, #2903 ) ;
#2684 = LINE ( 'NONE', #3206, #2714 ) ;
#2685 = LINE ( 'NONE', #4284, #4850 ) ;
#2686 = DIRECTION ( 'NONE',  ( 0.000000000000000000, -1.000000000000000000, 0.000000000000000000 ) ) ;
#2687 = DIRECTION ( 'NONE',  ( 1.000000000000000000, 0.000000000000000000, 0.000000000000000000 ) ) ;
#2688 = DIRECTION ( 'NONE',  ( 0.000000000000000000, -1.000000000000000000, 0.000000000000000000 ) ) ;
#2689 = ORIENTED_EDGE ( 'NONE', *, *, #2235, .F. ) ;
#2690 = ORIENTED_EDGE ( 'NONE', *, *, #382, .T. ) ;
#2691 = EDGE_CURVE ( 'NONE', #3054, #2797, #3916, .T. ) ;
#2692 = VECTOR ( 'NONE', #716, 1000.000000000000000 ) ;
#2693 = FACE_OUTER_BOUND ( 'NONE', #3462, .T. ) ;
#2694 = LINE ( 'NONE', #4725, #3991 ) ;
#2695 = VECTOR ( 'NONE', #4655, 1000.000000000000000 ) ;
#2696 = ORIENTED_EDGE ( 'NONE', *, *, #2639, .F. ) ;
#2697 = ORIENTED_EDGE ( 'NONE', *, *, #3246, .F. ) ;
#2698 = EDGE_CURVE ( 'NONE', #3575, #2905, #4440, .T. ) ;
#2699 = ADVANCED_FACE ( 'NONE', ( #5236 ), #2705, .F. ) ;
#2700 = ORIENTED_EDGE ( 'NONE', *, *, #4240, .T. ) ;
#2701 = CARTESIAN_POINT ( 'NONE',  ( -6.325000000000001066, 8.500000000000000000, 1.430000000000000160 ) ) ;
#2702 = ORIENTED_EDGE ( 'NONE', *, *, #2962, .T. ) ;
#2703 = LINE ( 'NONE', #3498, #714 ) ;
#2704 = VERTEX_POINT ( 'NONE', #651 ) ;
#2705 = PLANE ( 'NONE',  #2317 ) ;
#2706 = EDGE_CURVE ( 'NONE', #2382, #73, #4790, .T. ) ;
#2707 = DIRECTION ( 'NONE',  ( 1.000000000000000000, 0.000000000000000000, 0.000000000000000000 ) ) ;
#2708 = DIRECTION ( 'NONE',  ( 0.000000000000000000, 0.000000000000000000, -1.000000000000000000 ) ) ;
#2709 = ORIENTED_EDGE ( 'NONE', *, *, #1254, .T. ) ;
#2710 = LINE ( 'NONE', #1038, #536 ) ;
#2711 = DIRECTION ( 'NONE',  ( -1.000000000000000000, 0.000000000000000000, 0.000000000000000000 ) ) ;
#2712 = DIRECTION ( 'NONE',  ( -1.000000000000000000, 0.000000000000000000, 0.000000000000000000 ) ) ;
#2713 = EDGE_CURVE ( 'NONE', #1730, #4378, #1825, .T. ) ;
#2714 = VECTOR ( 'NONE', #602, 1000.000000000000000 ) ;
#2715 = CARTESIAN_POINT ( 'NONE',  ( 0.3199999999999999512, 1.349999999999999645, -1.930000000000000160 ) ) ;
#2716 = CARTESIAN_POINT ( 'NONE',  ( -6.325000000000001066, 1.849999999999999645, 1.930000000000000160 ) ) ;
#2717 = EDGE_CURVE ( 'NONE', #3625, #217, #1470, .T. ) ;
#2718 = ORIENTED_EDGE ( 'NONE', *, *, #4840, .F. ) ;
#2719 = ORIENTED_EDGE ( 'NONE', *, *, #4740, .T. ) ;
#2720 = AXIS2_PLACEMENT_3D ( 'NONE', #793, #5016, #2462 ) ;
#2721 = CARTESIAN_POINT ( 'NONE',  ( -6.325000000000001066, 9.899999999999998579, 2.429999999999999716 ) ) ;
#2722 = DIRECTION ( 'NONE',  ( 0.000000000000000000, 0.000000000000000000, -1.000000000000000000 ) ) ;
#2723 = ORIENTED_EDGE ( 'NONE', *, *, #4820, .F. ) ;
#2724 = EDGE_LOOP ( 'NONE', ( #2363, #814, #4403, #2750 ) ) ;
#2725 = ORIENTED_EDGE ( 'NONE', *, *, #4342, .T. ) ;
#2726 = ADVANCED_FACE ( 'NONE', ( #595 ), #1087, .T. ) ;
#2727 = CARTESIAN_POINT ( 'NONE',  ( 3.274999999999999911, 2.513829809426999518, 0.2700000000000000178 ) ) ;
#2728 = EDGE_CURVE ( 'NONE', #3238, #4793, #627, .T. ) ;
#2729 = EDGE_CURVE ( 'NONE', #2260, #4567, #5178, .T. ) ;
#2730 = ORIENTED_EDGE ( 'NONE', *, *, #1348, .T. ) ;
#2731 = CARTESIAN_POINT ( 'NONE',  ( 3.325000000000000178, 8.500000000000000000, -1.930000000000000160 ) ) ;
#2732 = ORIENTED_EDGE ( 'NONE', *, *, #4157, .T. ) ;
#2733 = DIRECTION ( 'NONE',  ( 1.000000000000000000, 0.000000000000000000, 0.000000000000000000 ) ) ;
#2734 = LINE ( 'NONE', #3595, #350 ) ;
#2735 = CARTESIAN_POINT ( 'NONE',  ( -6.325000000000001066, -8.673617379884035472E-16, 1.570000000000000062 ) ) ;
#2736 = VERTEX_POINT ( 'NONE', #1413 ) ;
#2737 = LINE ( 'NONE', #4037, #3158 ) ;
#2738 = LINE ( 'NONE', #4416, #2893 ) ;
#2739 = CARTESIAN_POINT ( 'NONE',  ( -2.680000000000000160, 6.899999999999999467, 0.3200000000000000067 ) ) ;
#2740 = CARTESIAN_POINT ( 'NONE',  ( -6.325000000000001066, 0.6699999999999995959, 1.270000000000000018 ) ) ;
#2741 = VECTOR ( 'NONE', #1832, 1000.000000000000000 ) ;
#2742 = CARTESIAN_POINT ( 'NONE',  ( -6.325000000000001066, -8.673617379884035472E-16, -1.270000000000000018 ) ) ;
#2743 = EDGE_LOOP ( 'NONE', ( #2637, #4781, #2270, #5090 ) ) ;
#2744 = VERTEX_POINT ( 'NONE', #2325 ) ;
#2745 = DIRECTION ( 'NONE',  ( 0.000000000000000000, 0.000000000000000000, 1.000000000000000000 ) ) ;
#2746 = DIRECTION ( 'NONE',  ( 1.000000000000000000, 0.000000000000000000, 0.000000000000000000 ) ) ;
#2747 = EDGE_LOOP ( 'NONE', ( #1483, #5068, #5240, #4369 ) ) ;
#2748 = VECTOR ( 'NONE', #2450, 1000.000000000000000 ) ;
#2749 = ORIENTED_EDGE ( 'NONE', *, *, #2072, .F. ) ;
#2750 = ORIENTED_EDGE ( 'NONE', *, *, #2184, .T. ) ;
#2751 = PLANE ( 'NONE',  #746 ) ;
#2752 = AXIS2_PLACEMENT_3D ( 'NONE', #4148, #2522, #3505 ) ;
#2753 = AXIS2_PLACEMENT_3D ( 'NONE', #955, #1795, #3421 ) ;
#2754 = ORIENTED_EDGE ( 'NONE', *, *, #2713, .T. ) ;
#2755 = EDGE_CURVE ( 'NONE', #4023, #2324, #3621, .T. ) ;
#2756 = CARTESIAN_POINT ( 'NONE',  ( 0.000000000000000000, 7.200000000000000178, 0.2200000000000000011 ) ) ;
#2757 = VECTOR ( 'NONE', #3616, 1000.000000000000000 ) ;
#2758 = ORIENTED_EDGE ( 'NONE', *, *, #5129, .F. ) ;
#2759 = VECTOR ( 'NONE', #2588, 1000.000000000000000 ) ;
#2760 = EDGE_CURVE ( 'NONE', #1686, #2704, #3529, .T. ) ;
#2761 = CARTESIAN_POINT ( 'NONE',  ( 2.674999999999999822, -1.150000000000000799, 1.570000000000000062 ) ) ;
#2762 = DIRECTION ( 'NONE',  ( 1.000000000000000000, 0.000000000000000000, 0.000000000000000000 ) ) ;
#2763 = LINE ( 'NONE', #1010, #775 ) ;
#2764 = ORIENTED_EDGE ( 'NONE', *, *, #2206, .T. ) ;
#2765 = DIRECTION ( 'NONE',  ( 0.000000000000000000, 0.000000000000000000, -1.000000000000000000 ) ) ;
#2766 = DIRECTION ( 'NONE',  ( 0.000000000000000000, 0.000000000000000000, 1.000000000000000000 ) ) ;
#2767 = CARTESIAN_POINT ( 'NONE',  ( -6.325000000000001066, -8.673617379884035472E-16, -1.930000000000000160 ) ) ;
#2768 = LINE ( 'NONE', #4449, #2232 ) ;
#2769 = LINE ( 'NONE', #1944, #2083 ) ;
#2770 = ORIENTED_EDGE ( 'NONE', *, *, #2467, .F. ) ;
#2771 = EDGE_LOOP ( 'NONE', ( #420, #4749, #4605, #5279 ) ) ;
#2772 = EDGE_CURVE ( 'NONE', #2393, #4215, #3948, .T. ) ;
#2773 = LINE ( 'NONE', #3184, #2049 ) ;
#2774 = LINE ( 'NONE', #5333, #918 ) ;
#2775 = ORIENTED_EDGE ( 'NONE', *, *, #5214, .F. ) ;
#2776 = ORIENTED_EDGE ( 'NONE', *, *, #547, .F. ) ;
#2777 = EDGE_CURVE ( 'NONE', #1248, #332, #3974, .T. ) ;
#2778 = CARTESIAN_POINT ( 'NONE',  ( -2.680000000000000160, 1.269999999999999352, -0.8750000000000000000 ) ) ;
#2779 = AXIS2_PLACEMENT_3D ( 'NONE', #3316, #794, #3703 ) ;
#2780 = FACE_OUTER_BOUND ( 'NONE', #507, .T. ) ;
#2781 = AXIS2_PLACEMENT_3D ( 'NONE', #2243, #4715, #3452 ) ;
#2782 = PRESENTATION_STYLE_ASSIGNMENT (( #2234 ) ) ;
#2783 = ORIENTED_EDGE ( 'NONE', *, *, #4488, .T. ) ;
#2784 = CARTESIAN_POINT ( 'NONE',  ( -1.025000000000000133, 1.849999999999999645, 1.930000000000000160 ) ) ;
#2785 = VERTEX_POINT ( 'NONE', #1880 ) ;
#2786 = FACE_OUTER_BOUND ( 'NONE', #380, .T. ) ;
#2787 = PLANE ( 'NONE',  #3854 ) ;
#2788 = FACE_OUTER_BOUND ( 'NONE', #4844, .T. ) ;
#2789 = ORIENTED_EDGE ( 'NONE', *, *, #5082, .F. ) ;
#2790 = DIRECTION ( 'NONE',  ( 0.000000000000000000, 0.000000000000000000, -1.000000000000000000 ) ) ;
#2791 = CARTESIAN_POINT ( 'NONE',  ( -1.270000000000000018, 9.899999999999998579, 0.5500000000000000444 ) ) ;
#2792 = DIRECTION ( 'NONE',  ( 0.000000000000000000, 0.000000000000000000, -1.000000000000000000 ) ) ;
#2793 = EDGE_CURVE ( 'NONE', #4100, #4642, #4409, .T. ) ;
#2794 = FACE_OUTER_BOUND ( 'NONE', #1366, .T. ) ;
#2795 = EDGE_CURVE ( 'NONE', #2516, #4023, #4930, .T. ) ;
#2796 = FACE_OUTER_BOUND ( 'NONE', #2155, .T. ) ;
#2797 = VERTEX_POINT ( 'NONE', #3674 ) ;
#2798 = ORIENTED_EDGE ( 'NONE', *, *, #707, .T. ) ;
#2799 = ADVANCED_FACE ( 'NONE', ( #4875 ), #4988, .T. ) ;
#2800 = DIRECTION ( 'NONE',  ( 1.000000000000000000, 0.000000000000000000, 0.000000000000000000 ) ) ;
#2801 = CARTESIAN_POINT ( 'NONE',  ( -3.120000000000000107, -3.180000000000000604, 0.1200000000000000094 ) ) ;
#2802 = VERTEX_POINT ( 'NONE', #1200 ) ;
#2803 = VECTOR ( 'NONE', #1688, 1000.000000000000000 ) ;
#2804 = VERTEX_POINT ( 'NONE', #1170 ) ;
#2805 = ORIENTED_EDGE ( 'NONE', *, *, #1166, .T. ) ;
#2806 = ADVANCED_FACE ( 'NONE', ( #3751 ), #4166, .F. ) ;
#2807 = CARTESIAN_POINT ( 'NONE',  ( -0.5699999999999999512, 9.899999999999998579, 1.250000000000000000 ) ) ;
#2808 = LINE ( 'NONE', #2482, #227 ) ;
#2809 = VECTOR ( 'NONE', #3734, 1000.000000000000000 ) ;
#2810 = ORIENTED_EDGE ( 'NONE', *, *, #2494, .F. ) ;
#2811 = CARTESIAN_POINT ( 'NONE',  ( -3.000000000000000000, -2.880000000000000782, 0.2200000000000000011 ) ) ;
#2812 = ORIENTED_EDGE ( 'NONE', *, *, #4623, .F. ) ;
#2813 = VECTOR ( 'NONE', #677, 1000.000000000000000 ) ;
#2814 = DIRECTION ( 'NONE',  ( 0.000000000000000000, 0.000000000000000000, -1.000000000000000000 ) ) ;
#2815 = LINE ( 'NONE', #251, #3143 ) ;
#2816 = EDGE_CURVE ( 'NONE', #1928, #4423, #2871, .T. ) ;
#2817 = PLANE ( 'NONE',  #3042 ) ;
#2818 = VERTEX_POINT ( 'NONE', #1992 ) ;
#2819 = CARTESIAN_POINT ( 'NONE',  ( -0.3199999999999999512, 0.6999999999999992895, 0.8750000000000000000 ) ) ;
#2820 = CARTESIAN_POINT ( 'NONE',  ( -6.325000000000001066, 1.849999999999999645, 1.430000000000000160 ) ) ;
#2821 = CARTESIAN_POINT ( 'NONE',  ( -1.025000000000000133, 1.849999999999999645, 1.930000000000000160 ) ) ;
#2822 = DIRECTION ( 'NONE',  ( 0.000000000000000000, 1.000000000000000000, 0.000000000000000000 ) ) ;
#2823 = CARTESIAN_POINT ( 'NONE',  ( -6.325000000000001066, -8.673617379884035472E-16, -1.250000000000000000 ) ) ;
#2824 = CARTESIAN_POINT ( 'NONE',  ( -2.680000000000000160, 1.269999999999999352, 0.8750000000000000000 ) ) ;
#2825 = EDGE_LOOP ( 'NONE', ( #1328, #781, #580, #1543 ) ) ;
#2826 = ORIENTED_EDGE ( 'NONE', *, *, #720, .F. ) ;
#2827 = EDGE_CURVE ( 'NONE', #4251, #321, #5342, .T. ) ;
#2828 = EDGE_CURVE ( 'NONE', #5283, #3135, #383, .T. ) ;
#2829 = LINE ( 'NONE', #372, #3861 ) ;
#2830 = CARTESIAN_POINT ( 'NONE',  ( 0.3199999999999999512, 0.6699999999999995959, -0.8750000000000000000 ) ) ;
#2831 = FACE_OUTER_BOUND ( 'NONE', #2724, .T. ) ;
#2832 = ORIENTED_EDGE ( 'NONE', *, *, #688, .T. ) ;
#2833 = ORIENTED_EDGE ( 'NONE', *, *, #339, .T. ) ;
#2834 = LINE ( 'NONE', #5337, #2845 ) ;
#2835 = PLANE ( 'NONE',  #3013 ) ;
#2836 = EDGE_CURVE ( 'NONE', #4143, #3635, #4492, .T. ) ;
#2837 = ORIENTED_EDGE ( 'NONE', *, *, #698, .T. ) ;
#2838 = DIRECTION ( 'NONE',  ( 0.000000000000000000, 0.6428712937138820749, 0.7659742160925780974 ) ) ;
#2839 = VERTEX_POINT ( 'NONE', #760 ) ;
#2840 = VECTOR ( 'NONE', #4285, 1000.000000000000000 ) ;
#2841 = VECTOR ( 'NONE', #1061, 1000.000000000000000 ) ;
#2842 = DIRECTION ( 'NONE',  ( 0.000000000000000000, 0.000000000000000000, 1.000000000000000000 ) ) ;
#2843 = CARTESIAN_POINT ( 'NONE',  ( -4.939999999999999503, -8.673617379884035472E-16, 1.270000000000000018 ) ) ;
#2844 = ADVANCED_FACE ( 'NONE', ( #3282 ), #792, .T. ) ;
#2845 = VECTOR ( 'NONE', #1054, 1000.000000000000000 ) ;
#2846 = DIRECTION ( 'NONE',  ( 0.000000000000000000, -1.000000000000000000, 0.000000000000000000 ) ) ;
#2847 = ORIENTED_EDGE ( 'NONE', *, *, #4893, .T. ) ;
#2848 = VECTOR ( 'NONE', #1024, 1000.000000000000000 ) ;
#2849 = DIRECTION ( 'NONE',  ( 1.000000000000000000, 0.000000000000000000, 0.000000000000000000 ) ) ;
#2850 = VECTOR ( 'NONE', #3682, 1000.000000000000000 ) ;
#2851 = DIRECTION ( 'NONE',  ( 5.921189464668000530E-14, -1.000000000000000000, 0.000000000000000000 ) ) ;
#2852 = AXIS2_PLACEMENT_3D ( 'NONE', #2613, #74, #4314 ) ;
#2853 = LINE ( 'NONE', #4529, #922 ) ;
#2854 = DIRECTION ( 'NONE',  ( 0.000000000000000000, 0.000000000000000000, -1.000000000000000000 ) ) ;
#2855 = DIRECTION ( 'NONE',  ( 1.000000000000000000, 0.000000000000000000, 0.000000000000000000 ) ) ;
#2856 = CARTESIAN_POINT ( 'NONE',  ( -4.939999999999999503, -8.673617379884035472E-16, 1.680000000000000160 ) ) ;
#2857 = ORIENTED_EDGE ( 'NONE', *, *, #4514, .F. ) ;
#2858 = ORIENTED_EDGE ( 'NONE', *, *, #1339, .F. ) ;
#2859 = LINE ( 'NONE', #2448, #4909 ) ;
#2860 =( NAMED_UNIT ( * ) SI_UNIT ( $, .STERADIAN. ) SOLID_ANGLE_UNIT ( ) );
#2861 = DIRECTION ( 'NONE',  ( 0.000000000000000000, 0.000000000000000000, -1.000000000000000000 ) ) ;
#2862 = ORIENTED_EDGE ( 'NONE', *, *, #4018, .T. ) ;
#2863 = ORIENTED_EDGE ( 'NONE', *, *, #3928, .T. ) ;
#2864 = DIRECTION ( 'NONE',  ( 0.000000000000000000, 0.000000000000000000, -1.000000000000000000 ) ) ;
#2865 = DIRECTION ( 'NONE',  ( 0.000000000000000000, 0.000000000000000000, 1.000000000000000000 ) ) ;
#2866 = ADVANCED_FACE ( 'NONE', ( #2786 ), #3728, .F. ) ;
#2867 = ADVANCED_FACE ( 'NONE', ( #2378 ), #1580, .F. ) ;
#2868 = ORIENTED_EDGE ( 'NONE', *, *, #4308, .T. ) ;
#2869 = VERTEX_POINT ( 'NONE', #1659 ) ;
#2870 = EDGE_CURVE ( 'NONE', #4432, #2797, #1633, .T. ) ;
#2871 = LINE ( 'NONE', #815, #3456 ) ;
#2872 = DIRECTION ( 'NONE',  ( 0.000000000000000000, -1.000000000000000000, 0.000000000000000000 ) ) ;
#2873 = CARTESIAN_POINT ( 'NONE',  ( 0.3199999999999999512, -2.580000000000000515, -0.3200000000000000067 ) ) ;
#2874 = STYLED_ITEM ( 'NONE', ( #2782 ), #2248 ) ;
#2875 = ORIENTED_EDGE ( 'NONE', *, *, #1429, .F. ) ;
#2876 = PLANE ( 'NONE',  #1932 ) ;
#2877 = AXIS2_PLACEMENT_3D ( 'NONE', #5089, #892, #557 ) ;
#2878 = CARTESIAN_POINT ( 'NONE',  ( -5.389999999999999680, 1.849999999999999645, 1.680000000000000160 ) ) ;
#2879 = EDGE_CURVE ( 'NONE', #1173, #2346, #1115, .T. ) ;
#2880 = CARTESIAN_POINT ( 'NONE',  ( -2.680000000000000160, -8.673617379884035472E-16, -1.930000000000000160 ) ) ;
#2881 = FACE_OUTER_BOUND ( 'NONE', #4750, .T. ) ;
#2882 = PLANE ( 'NONE',  #1527 ) ;
#2883 = DIRECTION ( 'NONE',  ( 0.000000000000000000, -1.000000000000000000, 0.000000000000000000 ) ) ;
#2884 = ORIENTED_EDGE ( 'NONE', *, *, #4564, .F. ) ;
#2885 = PLANE ( 'NONE',  #2192 ) ;
#2886 = DIRECTION ( 'NONE',  ( 1.000000000000000000, 0.000000000000000000, 0.000000000000000000 ) ) ;
#2887 = DIRECTION ( 'NONE',  ( 0.000000000000000000, -1.000000000000000000, 0.000000000000000000 ) ) ;
#2888 = CARTESIAN_POINT ( 'NONE',  ( 0.3199999999999999512, -2.580000000000000515, 0.3200000000000000067 ) ) ;
#2889 = ADVANCED_FACE ( 'NONE', ( #705 ), #4901, .T. ) ;
#2890 = ORIENTED_EDGE ( 'NONE', *, *, #193, .T. ) ;
#2891 = CARTESIAN_POINT ( 'NONE',  ( 1.269999999999999796, 9.899999999999998579, 1.250000000000000000 ) ) ;
#2892 = FACE_OUTER_BOUND ( 'NONE', #1465, .T. ) ;
#2893 = VECTOR ( 'NONE', #2766, 1000.000000000000000 ) ;
#2894 = VERTEX_POINT ( 'NONE', #3313 ) ;
#2895 = VERTEX_POINT ( 'NONE', #2435 ) ;
#2896 = EDGE_LOOP ( 'NONE', ( #1058, #289, #1608, #5260 ) ) ;
#2897 = EDGE_CURVE ( 'NONE', #3604, #3661, #2019, .T. ) ;
#2898 = AXIS2_PLACEMENT_3D ( 'NONE', #3794, #3326, #3850 ) ;
#2899 = EDGE_CURVE ( 'NONE', #386, #1974, #5367, .T. ) ;
#2900 = EDGE_CURVE ( 'NONE', #4727, #1595, #3336, .T. ) ;
#2901 = DIRECTION ( 'NONE',  ( 0.000000000000000000, 1.000000000000000000, 0.000000000000000000 ) ) ;
#2902 = DIRECTION ( 'NONE',  ( -1.000000000000000000, 0.000000000000000000, 0.000000000000000000 ) ) ;
#2903 = VECTOR ( 'NONE', #4853, 1000.000000000000000 ) ;
#2904 = FACE_OUTER_BOUND ( 'NONE', #5248, .T. ) ;
#2905 = VERTEX_POINT ( 'NONE', #4601 ) ;
#2906 = DIRECTION ( 'NONE',  ( 0.000000000000000000, -1.000000000000000000, 0.000000000000000000 ) ) ;
#2907 = DIRECTION ( 'NONE',  ( 0.000000000000000000, 0.000000000000000000, 1.000000000000000000 ) ) ;
#2908 = CARTESIAN_POINT ( 'NONE',  ( 2.389999999999999680, 1.269999999999999352, 0.8750000000000000000 ) ) ;
#2909 = DIRECTION ( 'NONE',  ( 0.000000000000000000, 0.000000000000000000, -1.000000000000000000 ) ) ;
#2910 = LINE ( 'NONE', #5023, #1993 ) ;
#2911 = ORIENTED_EDGE ( 'NONE', *, *, #1166, .F. ) ;
#2912 = DIRECTION ( 'NONE',  ( -1.000000000000000000, 0.000000000000000000, 0.000000000000000000 ) ) ;
#2913 = DIRECTION ( 'NONE',  ( 0.000000000000000000, 1.000000000000000000, 0.000000000000000000 ) ) ;
#2914 = DIRECTION ( 'NONE',  ( -1.000000000000000000, 0.000000000000000000, 0.000000000000000000 ) ) ;
#2915 = CARTESIAN_POINT ( 'NONE',  ( -4.925000000000000711, 8.500000000000000000, -1.250000000000000000 ) ) ;
#2916 = ORIENTED_EDGE ( 'NONE', *, *, #1070, .F. ) ;
#2917 = CARTESIAN_POINT ( 'NONE',  ( 0.1199999999999998845, 7.500000000000000000, 0.1200000000000000094 ) ) ;
#2918 = DIRECTION ( 'NONE',  ( 0.000000000000000000, 0.000000000000000000, 1.000000000000000000 ) ) ;
#2919 = ORIENTED_EDGE ( 'NONE', *, *, #1753, .T. ) ;
#2920 = VECTOR ( 'NONE', #4899, 1000.000000000000000 ) ;
#2921 = ORIENTED_EDGE ( 'NONE', *, *, #1220, .T. ) ;
#2922 = CARTESIAN_POINT ( 'NONE',  ( -0.2000000000000000944, 9.350000000000001421, -1.935000000000000053 ) ) ;
#2923 = CARTESIAN_POINT ( 'NONE',  ( 3.325000000000000178, 2.699999999999999734, -0.04250000000000000305 ) ) ;
#2924 = DIRECTION ( 'NONE',  ( 0.000000000000000000, 0.000000000000000000, 1.000000000000000000 ) ) ;
#2925 = ORIENTED_EDGE ( 'NONE', *, *, #2755, .F. ) ;
#2926 = EDGE_CURVE ( 'NONE', #3995, #19, #842, .T. ) ;
#2927 = LINE ( 'NONE', #3361, #1404 ) ;
#2928 = VECTOR ( 'NONE', #2745, 1000.000000000000000 ) ;
#2929 = LINE ( 'NONE', #4146, #2368 ) ;
#2930 = CARTESIAN_POINT ( 'NONE',  ( -0.2000000000000000944, 7.399999999999999467, -2.435000000000000053 ) ) ;
#2931 = VECTOR ( 'NONE', #4126, 1000.000000000000000 ) ;
#2932 = VECTOR ( 'NONE', #849, 1000.000000000000114 ) ;
#2933 = AXIS2_PLACEMENT_3D ( 'NONE', #355, #329, #2842 ) ;
#2934 = DIRECTION ( 'NONE',  ( 0.000000000000000000, 0.000000000000000000, -1.000000000000000000 ) ) ;
#2935 = CARTESIAN_POINT ( 'NONE',  ( -4.925000000000000711, 9.899999999999998579, -1.250000000000000000 ) ) ;
#2936 = ORIENTED_EDGE ( 'NONE', *, *, #322, .F. ) ;
#2937 = VECTOR ( 'NONE', #2822, 1000.000000000000000 ) ;
#2938 = CARTESIAN_POINT ( 'NONE',  ( -6.325000000000001066, 0.6699999999999995959, -0.8750000000000000000 ) ) ;
#2939 = DIRECTION ( 'NONE',  ( 0.000000000000000000, -1.000000000000000000, 0.000000000000000000 ) ) ;
#2940 = LINE ( 'NONE', #373, #5380 ) ;
#2941 = CARTESIAN_POINT ( 'NONE',  ( 0.3199999999999999512, 0.6699999999999995959, -1.270000000000000018 ) ) ;
#2942 = ORIENTED_EDGE ( 'NONE', *, *, #2395, .T. ) ;
#2943 = EDGE_CURVE ( 'NONE', #3915, #5058, #4517, .T. ) ;
#2944 = CARTESIAN_POINT ( 'NONE',  ( -2.879999999999999893, -3.180000000000000604, 0.1200000000000000094 ) ) ;
#2945 = DIRECTION ( 'NONE',  ( 0.000000000000000000, 0.000000000000000000, 1.000000000000000000 ) ) ;
#2946 = EDGE_CURVE ( 'NONE', #5018, #3164, #2455, .T. ) ;
#2947 = ORIENTED_EDGE ( 'NONE', *, *, #1819, .F. ) ;
#2948 = VERTEX_POINT ( 'NONE', #3275 ) ;
#2949 = ADVANCED_FACE ( 'NONE', ( #378 ), #2038, .T. ) ;
#2950 = CARTESIAN_POINT ( 'NONE',  ( -0.3199999999999999512, 0.6999999999999992895, -0.3200000000000000067 ) ) ;
#2951 = FACE_OUTER_BOUND ( 'NONE', #4458, .T. ) ;
#2952 = VERTEX_POINT ( 'NONE', #4487 ) ;
#2953 = CARTESIAN_POINT ( 'NONE',  ( -4.925000000000000711, 9.899999999999998579, -1.250000000000000000 ) ) ;
#2954 = VECTOR ( 'NONE', #5156, 1000.000000000000000 ) ;
#2955 = PLANE ( 'NONE',  #4730 ) ;
#2956 = CARTESIAN_POINT ( 'NONE',  ( -3.319999999999999840, 3.299999999999999378, -0.3200000000000000067 ) ) ;
#2957 = VECTOR ( 'NONE', #2207, 1000.000000000000114 ) ;
#2958 = DIRECTION ( 'NONE',  ( 1.000000000000000000, 0.000000000000000000, 0.000000000000000000 ) ) ;
#2959 = ORIENTED_EDGE ( 'NONE', *, *, #4180, .F. ) ;
#2960 = PLANE ( 'NONE',  #3314 ) ;
#2961 = VERTEX_POINT ( 'NONE', #1629 ) ;
#2962 = EDGE_CURVE ( 'NONE', #226, #1864, #2808, .T. ) ;
#2963 = CARTESIAN_POINT ( 'NONE',  ( -5.674999999999999822, -1.150000000000000799, 1.570000000000000062 ) ) ;
#2964 = EDGE_CURVE ( 'NONE', #616, #4727, #4952, .T. ) ;
#2965 = PLANE ( 'NONE',  #4133 ) ;
#2966 = EDGE_CURVE ( 'NONE', #3920, #3411, #5338, .T. ) ;
#2967 = CARTESIAN_POINT ( 'NONE',  ( -1.729999999999999982, 9.899999999999998579, 1.250000000000000000 ) ) ;
#2968 = CARTESIAN_POINT ( 'NONE',  ( -2.799999999999999822, 4.949999999999999289, 0.000000000000000000 ) ) ;
#2969 = EDGE_LOOP ( 'NONE', ( #2709, #1410, #1842, #897 ) ) ;
#2970 = PLANE ( 'NONE',  #1444 ) ;
#2971 = LINE ( 'NONE', #4647, #2759 ) ;
#2972 = LINE ( 'NONE', #4346, #4365 ) ;
#2973 = EDGE_LOOP ( 'NONE', ( #4178, #567, #1455, #2483, #1691, #2109, #990, #1222, #3251, #2730, #2465, #1788 ) ) ;
#2974 = ORIENTED_EDGE ( 'NONE', *, *, #2639, .T. ) ;
#2975 = VERTEX_POINT ( 'NONE', #1602 ) ;
#2976 = AXIS2_PLACEMENT_3D ( 'NONE', #146, #4638, #4716 ) ;
#2977 = DIRECTION ( 'NONE',  ( 5.921189464668000530E-14, -1.000000000000000000, 0.000000000000000000 ) ) ;
#2978 = DIRECTION ( 'NONE',  ( 0.000000000000000000, 0.000000000000000000, -1.000000000000000000 ) ) ;
#2979 = ORIENTED_EDGE ( 'NONE', *, *, #4144, .T. ) ;
#2980 = DIRECTION ( 'NONE',  ( 0.000000000000000000, 0.000000000000000000, -1.000000000000000000 ) ) ;
#2981 = VECTOR ( 'NONE', #39, 1000.000000000000000 ) ;
#2982 = LINE ( 'NONE', #2572, #138 ) ;
#2983 = PLANE ( 'NONE',  #1472 ) ;
#2984 = DIRECTION ( 'NONE',  ( 1.000000000000000000, 0.000000000000000000, 0.000000000000000000 ) ) ;
#2985 = ORIENTED_EDGE ( 'NONE', *, *, #980, .F. ) ;
#2986 = DIRECTION ( 'NONE',  ( 1.000000000000000000, 0.000000000000000000, 0.000000000000000000 ) ) ;
#2987 = DIRECTION ( 'NONE',  ( 1.000000000000000000, 0.000000000000000000, 0.000000000000000000 ) ) ;
#2988 = DIRECTION ( 'NONE',  ( 0.000000000000000000, 0.3162277660168079652, -0.9486832980505238710 ) ) ;
#2989 = PLANE ( 'NONE',  #1695 ) ;
#2990 = DIRECTION ( 'NONE',  ( 0.000000000000000000, 1.000000000000000000, 0.000000000000000000 ) ) ;
#2991 = ADVANCED_FACE ( 'NONE', ( #2780 ), #2835, .T. ) ;
#2992 = ORIENTED_EDGE ( 'NONE', *, *, #1635, .T. ) ;
#2993 = ADVANCED_FACE ( 'NONE', ( #2892 ), #2371, .T. ) ;
#2994 = CARTESIAN_POINT ( 'NONE',  ( -3.319999999999999840, -8.673617379884035472E-16, -1.930000000000000160 ) ) ;
#2995 = PLANE ( 'NONE',  #5039 ) ;
#2996 = CARTESIAN_POINT ( 'NONE',  ( 1.939999999999999947, 1.699999999999999734, -1.930000000000000160 ) ) ;
#2997 = VERTEX_POINT ( 'NONE', #700 ) ;
#2998 = VERTEX_POINT ( 'NONE', #3669 ) ;
#2999 = DIRECTION ( 'NONE',  ( -0.000000000000000000, -0.3162277660168079652, -0.9486832980505238710 ) ) ;
#3000 = CARTESIAN_POINT ( 'NONE',  ( -1.975000000000000089, 1.849999999999999645, 1.930000000000000160 ) ) ;
#3001 = EDGE_LOOP ( 'NONE', ( #2584, #4651, #1169, #3188 ) ) ;
#3002 = DIRECTION ( 'NONE',  ( 0.000000000000000000, -1.000000000000000000, 0.000000000000000000 ) ) ;
#3003 = FACE_OUTER_BOUND ( 'NONE', #1050, .T. ) ;
#3004 = EDGE_CURVE ( 'NONE', #5007, #5366, #3222, .T. ) ;
#3005 = CARTESIAN_POINT ( 'NONE',  ( -1.975000000000000089, 1.849999999999999645, 1.930000000000000160 ) ) ;
#3006 = LINE ( 'NONE', #1771, #3132 ) ;
#3007 = VECTOR ( 'NONE', #209, 1000.000000000000000 ) ;
#3008 = ORIENTED_EDGE ( 'NONE', *, *, #4893, .F. ) ;
#3009 = ADVANCED_FACE ( 'NONE', ( #2430 ), #4052, .F. ) ;
#3010 = CARTESIAN_POINT ( 'NONE',  ( -2.680000000000000160, 3.299999999999999378, -0.3200000000000000067 ) ) ;
#3011 = DIRECTION ( 'NONE',  ( 0.000000000000000000, -1.000000000000000000, 0.000000000000000000 ) ) ;
#3012 = AXIS2_PLACEMENT_3D ( 'NONE', #3269, #4944, #1292 ) ;
#3013 = AXIS2_PLACEMENT_3D ( 'NONE', #1573, #4542, #4980 ) ;
#3014 = DIRECTION ( 'NONE',  ( 0.000000000000000000, 0.000000000000000000, 1.000000000000000000 ) ) ;
#3015 = CARTESIAN_POINT ( 'NONE',  ( -0.3199999999999999512, 1.349999999999999645, 1.680000000000000160 ) ) ;
#3016 = CARTESIAN_POINT ( 'NONE',  ( 3.325000000000000178, 1.449999999999999512, -0.04250000000000000305 ) ) ;
#3017 = AXIS2_PLACEMENT_3D ( 'NONE', #5414, #857, #5004 ) ;
#3018 = ORIENTED_EDGE ( 'NONE', *, *, #5214, .T. ) ;
#3019 = ORIENTED_EDGE ( 'NONE', *, *, #3179, .T. ) ;
#3020 = VECTOR ( 'NONE', #429, 1000.000000000000000 ) ;
#3021 = AXIS2_PLACEMENT_3D ( 'NONE', #233, #306, #282 ) ;
#3022 = FILL_AREA_STYLE_COLOUR ( '', #489 ) ;
#3023 = DIRECTION ( 'NONE',  ( -0.7071067811865474617, 0.000000000000000000, -0.7071067811865474617 ) ) ;
#3024 = ORIENTED_EDGE ( 'NONE', *, *, #1451, .T. ) ;
#3025 = ORIENTED_EDGE ( 'NONE', *, *, #325, .T. ) ;
#3026 = VERTEX_POINT ( 'NONE', #4896 ) ;
#3027 = FACE_OUTER_BOUND ( 'NONE', #1274, .T. ) ;
#3028 = ADVANCED_FACE ( 'NONE', ( #3307 ), #349, .F. ) ;
#3029 = EDGE_CURVE ( 'NONE', #3880, #2839, #3696, .T. ) ;
#3030 = LINE ( 'NONE', #5070, #2695 ) ;
#3031 = ORIENTED_EDGE ( 'NONE', *, *, #3088, .F. ) ;
#3032 = EDGE_CURVE ( 'NONE', #1928, #266, #783, .T. ) ;
#3033 = DIRECTION ( 'NONE',  ( 0.000000000000000000, 0.000000000000000000, -1.000000000000000000 ) ) ;
#3034 = LINE ( 'NONE', #465, #1142 ) ;
#3035 = DIRECTION ( 'NONE',  ( -0.8869140841669709285, -3.150951798740894815E-14, -0.4619344188369849391 ) ) ;
#3036 = DIRECTION ( 'NONE',  ( 0.000000000000000000, 1.000000000000000000, 0.000000000000000000 ) ) ;
#3037 = AXIS2_PLACEMENT_3D ( 'NONE', #5153, #2623, #4327 ) ;
#3038 = VERTEX_POINT ( 'NONE', #4570 ) ;
#3039 = PLANE ( 'NONE',  #2781 ) ;
#3040 = EDGE_CURVE ( 'NONE', #3211, #1030, #1165, .T. ) ;
#3041 = CARTESIAN_POINT ( 'NONE',  ( -0.1200000000000000927, -3.180000000000000604, -0.1200000000000000094 ) ) ;
#3042 = AXIS2_PLACEMENT_3D ( 'NONE', #4575, #1661, #734 ) ;
#3043 = LINE ( 'NONE', #4694, #2741 ) ;
#3044 = DIRECTION ( 'NONE',  ( 0.000000000000000000, -1.000000000000000000, 0.000000000000000000 ) ) ;
#3045 = AXIS2_PLACEMENT_3D ( 'NONE', #2716, #1863, #3181 ) ;
#3046 = CARTESIAN_POINT ( 'NONE',  ( -2.680000000000000160, 6.899999999999999467, -0.3200000000000000067 ) ) ;
#3047 = ORIENTED_EDGE ( 'NONE', *, *, #3758, .T. ) ;
#3048 = ORIENTED_EDGE ( 'NONE', *, *, #4907, .T. ) ;
#3049 = ORIENTED_EDGE ( 'NONE', *, *, #4445, .T. ) ;
#3050 = FACE_OUTER_BOUND ( 'NONE', #519, .T. ) ;
#3051 = EDGE_CURVE ( 'NONE', #965, #1412, #324, .T. ) ;
#3052 = CARTESIAN_POINT ( 'NONE',  ( -5.674999999999999822, -8.673617379884035472E-16, 2.469999999999999751 ) ) ;
#3053 = DIRECTION ( 'NONE',  ( 0.000000000000000000, -1.000000000000000000, 0.000000000000000000 ) ) ;
#3054 = VERTEX_POINT ( 'NONE', #1273 ) ;
#3055 = ORIENTED_EDGE ( 'NONE', *, *, #4888, .F. ) ;
#3056 = PLANE ( 'NONE',  #1702 ) ;
#3057 = DIRECTION ( 'NONE',  ( 1.000000000000000000, 0.000000000000000000, 0.000000000000000000 ) ) ;
#3058 = VERTEX_POINT ( 'NONE', #3772 ) ;
#3059 = EDGE_CURVE ( 'NONE', #2319, #709, #2200, .T. ) ;
#3060 = LINE ( 'NONE', #2597, #1584 ) ;
#3061 = ORIENTED_EDGE ( 'NONE', *, *, #194, .T. ) ;
#3062 = ADVANCED_FACE ( 'NONE', ( #126 ), #477, .T. ) ;
#3063 = CARTESIAN_POINT ( 'NONE',  ( 2.389999999999999680, 1.849999999999999645, 2.469999999999999751 ) ) ;
#3064 = CARTESIAN_POINT ( 'NONE',  ( -1.270000000000000018, 3.299999999999999378, -1.250000000000000000 ) ) ;
#3065 = CARTESIAN_POINT ( 'NONE',  ( 2.974999999999999645, -1.400000000000000133, 2.169999999999999929 ) ) ;
#3066 = VECTOR ( 'NONE', #3011, 1000.000000000000000 ) ;
#3067 = ORIENTED_EDGE ( 'NONE', *, *, #3453, .T. ) ;
#3068 = CARTESIAN_POINT ( 'NONE',  ( -4.925000000000000711, 9.899999999999998579, 0.7500000000000000000 ) ) ;
#3069 = CARTESIAN_POINT ( 'NONE',  ( -4.939999999999999503, 0.6699999999999995959, -1.270000000000000018 ) ) ;
#3070 = CARTESIAN_POINT ( 'NONE',  ( 0.3199999999999999512, 0.6999999999999992895, 0.3200000000000000067 ) ) ;
#3071 = AXIS2_PLACEMENT_3D ( 'NONE', #4243, #5072, #492 ) ;
#3072 = CARTESIAN_POINT ( 'NONE',  ( 0.3199999999999999512, 1.349999999999999645, 1.649999999999999911 ) ) ;
#3073 = LINE ( 'NONE', #4337, #313 ) ;
#3074 = VERTEX_POINT ( 'NONE', #1707 ) ;
#3075 = ORIENTED_EDGE ( 'NONE', *, *, #4211, .T. ) ;
#3076 = ADVANCED_FACE ( 'NONE', ( #1246 ), #2995, .T. ) ;
#3077 = SURFACE_STYLE_USAGE ( .BOTH. , #178 ) ;
#3078 = DIRECTION ( 'NONE',  ( 0.000000000000000000, -1.000000000000000000, 0.000000000000000000 ) ) ;
#3079 = DIRECTION ( 'NONE',  ( 0.000000000000000000, 0.000000000000000000, 1.000000000000000000 ) ) ;
#3080 = ORIENTED_EDGE ( 'NONE', *, *, #1415, .F. ) ;
#3081 = ORIENTED_EDGE ( 'NONE', *, *, #3292, .F. ) ;
#3082 = DIRECTION ( 'NONE',  ( 0.000000000000000000, 0.000000000000000000, 1.000000000000000000 ) ) ;
#3083 = ORIENTED_EDGE ( 'NONE', *, *, #1022, .T. ) ;
#3084 = FACE_OUTER_BOUND ( 'NONE', #785, .T. ) ;
#3085 = VERTEX_POINT ( 'NONE', #3355 ) ;
#3086 = DIRECTION ( 'NONE',  ( -1.000000000000000000, 0.000000000000000000, 0.000000000000000000 ) ) ;
#3087 = PLANE ( 'NONE',  #3037 ) ;
#3088 = EDGE_CURVE ( 'NONE', #2341, #545, #890, .T. ) ;
#3089 = LINE ( 'NONE', #198, #4709 ) ;
#3090 = ORIENTED_EDGE ( 'NONE', *, *, #4723, .T. ) ;
#3091 = PLANE ( 'NONE',  #106 ) ;
#3092 = LINE ( 'NONE', #1477, #5001 ) ;
#3093 = DIRECTION ( 'NONE',  ( 0.000000000000000000, -1.000000000000000000, 0.000000000000000000 ) ) ;
#3094 = PLANE ( 'NONE',  #5296 ) ;
#3095 = EDGE_CURVE ( 'NONE', #1513, #161, #4700, .T. ) ;
#3096 = CARTESIAN_POINT ( 'NONE',  ( -6.325000000000001066, 9.899999999999998579, -1.930000000000000160 ) ) ;
#3097 = EDGE_CURVE ( 'NONE', #4707, #1261, #3882, .T. ) ;
#3098 = VERTEX_POINT ( 'NONE', #3856 ) ;
#3099 = ORIENTED_EDGE ( 'NONE', *, *, #1235, .F. ) ;
#3100 = COLOUR_RGB ( '',0.7921568627450980005, 0.8196078431372548767, 0.9333333333333333481 ) ;
#3101 = AXIS2_PLACEMENT_3D ( 'NONE', #4056, #3650, #2814 ) ;
#3102 = DIRECTION ( 'NONE',  ( 0.000000000000000000, 0.000000000000000000, -1.000000000000000000 ) ) ;
#3103 = DIRECTION ( 'NONE',  ( 1.000000000000000000, 0.000000000000000000, 0.000000000000000000 ) ) ;
#3104 = VECTOR ( 'NONE', #5309, 1000.000000000000000 ) ;
#3105 = VECTOR ( 'NONE', #1840, 1000.000000000000000 ) ;
#3106 = EDGE_LOOP ( 'NONE', ( #5197, #939, #3770, #819 ) ) ;
#3107 = ORIENTED_EDGE ( 'NONE', *, *, #4785, .T. ) ;
#3108 = EDGE_CURVE ( 'NONE', #4802, #1686, #4594, .T. ) ;
#3109 = ORIENTED_EDGE ( 'NONE', *, *, #2398, .F. ) ;
#3110 = VECTOR ( 'NONE', #2864, 1000.000000000000000 ) ;
#3111 = CARTESIAN_POINT ( 'NONE',  ( -0.3199999999999999512, 1.349999999999999645, -1.930000000000000160 ) ) ;
#3112 = EDGE_CURVE ( 'NONE', #3189, #426, #4290, .T. ) ;
#3113 = ORIENTED_EDGE ( 'NONE', *, *, #256, .T. ) ;
#3114 = LINE ( 'NONE', #3557, #2287 ) ;
#3115 = ORIENTED_EDGE ( 'NONE', *, *, #1888, .T. ) ;
#3116 = CARTESIAN_POINT ( 'NONE',  ( -5.674999999999999822, -8.673617379884035472E-16, 1.570000000000000062 ) ) ;
#3117 = DIRECTION ( 'NONE',  ( 0.000000000000000000, 0.000000000000000000, 1.000000000000000000 ) ) ;
#3118 = DIRECTION ( 'NONE',  ( 0.000000000000000000, 0.000000000000000000, -1.000000000000000000 ) ) ;
#3119 = ORIENTED_EDGE ( 'NONE', *, *, #4960, .F. ) ;
#3120 = LINE ( 'NONE', #5269, #370 ) ;
#3121 = CARTESIAN_POINT ( 'NONE',  ( 1.269999999999999796, 9.899999999999998579, -1.250000000000000000 ) ) ;
#3122 = DIRECTION ( 'NONE',  ( 0.000000000000000000, 0.000000000000000000, -1.000000000000000000 ) ) ;
#3123 = DIRECTION ( 'NONE',  ( 0.000000000000000000, -1.000000000000000000, 0.000000000000000000 ) ) ;
#3124 = DIRECTION ( 'NONE',  ( 0.6401843996644798196, -0.7682212795973758501, 0.000000000000000000 ) ) ;
#3125 = ORIENTED_EDGE ( 'NONE', *, *, #1348, .F. ) ;
#3126 = EDGE_LOOP ( 'NONE', ( #3633, #2537, #3223, #1767 ) ) ;
#3127 = EDGE_CURVE ( 'NONE', #130, #1156, #838, .T. ) ;
#3128 = EDGE_CURVE ( 'NONE', #4597, #161, #2151, .T. ) ;
#3129 = EDGE_CURVE ( 'NONE', #5394, #3915, #46, .T. ) ;
#3130 = DIRECTION ( 'NONE',  ( 1.000000000000000000, 0.000000000000000000, 0.000000000000000000 ) ) ;
#3131 = LINE ( 'NONE', #179, #4171 ) ;
#3132 = VECTOR ( 'NONE', #3919, 1000.000000000000000 ) ;
#3133 = VERTEX_POINT ( 'NONE', #4263 ) ;
#3134 = VECTOR ( 'NONE', #1017, 1000.000000000000000 ) ;
#3135 = VERTEX_POINT ( 'NONE', #1678 ) ;
#3136 = VECTOR ( 'NONE', #2520, 1000.000000000000000 ) ;
#3137 = ORIENTED_EDGE ( 'NONE', *, *, #1839, .F. ) ;
#3138 = PRODUCT_DEFINITION_FORMATION_WITH_SPECIFIED_SOURCE ( 'ANY', '', #2651, .NOT_KNOWN. ) ;
#3139 = CARTESIAN_POINT ( 'NONE',  ( -4.925000000000000711, 9.899999999999998579, -1.250000000000000000 ) ) ;
#3140 = VERTEX_POINT ( 'NONE', #1761 ) ;
#3141 = LINE ( 'NONE', #4324, #3254 ) ;
#3142 = ORIENTED_EDGE ( 'NONE', *, *, #2468, .F. ) ;
#3143 = VECTOR ( 'NONE', #1525, 1000.000000000000000 ) ;
#3144 = DIRECTION ( 'NONE',  ( -1.000000000000000000, 0.000000000000000000, 0.000000000000000000 ) ) ;
#3145 = CARTESIAN_POINT ( 'NONE',  ( 0.3199999999999999512, 1.349999999999999645, 1.649999999999999911 ) ) ;
#3146 = CARTESIAN_POINT ( 'NONE',  ( -2.680000000000000160, 1.349999999999999645, -1.930000000000000160 ) ) ;
#3147 = ORIENTED_EDGE ( 'NONE', *, *, #788, .T. ) ;
#3148 = LINE ( 'NONE', #2271, #3422 ) ;
#3149 = LINE ( 'NONE', #2273, #966 ) ;
#3150 = CARTESIAN_POINT ( 'NONE',  ( -1.025000000000000133, 1.849999999999999645, 1.930000000000000160 ) ) ;
#3151 = VECTOR ( 'NONE', #2519, 1000.000000000000000 ) ;
#3152 = DIRECTION ( 'NONE',  ( 1.000000000000000000, 0.000000000000000000, 0.000000000000000000 ) ) ;
#3153 = FACE_OUTER_BOUND ( 'NONE', #1554, .T. ) ;
#3154 = ORIENTED_EDGE ( 'NONE', *, *, #1618, .F. ) ;
#3155 = ORIENTED_EDGE ( 'NONE', *, *, #1590, .T. ) ;
#3156 = VECTOR ( 'NONE', #2977, 1000.000000000000000 ) ;
#3157 = FACE_OUTER_BOUND ( 'NONE', #1167, .T. ) ;
#3158 = VECTOR ( 'NONE', #3953, 1000.000000000000000 ) ;
#3159 = LINE ( 'NONE', #4021, #5126 ) ;
#3160 = ADVANCED_FACE ( 'NONE', ( #2614 ), #942, .T. ) ;
#3161 = EDGE_CURVE ( 'NONE', #2341, #5018, #4213, .T. ) ;
#3162 = ORIENTED_EDGE ( 'NONE', *, *, #5192, .F. ) ;
#3163 = ORIENTED_EDGE ( 'NONE', *, *, #2486, .T. ) ;
#3164 = VERTEX_POINT ( 'NONE', #3383 ) ;
#3165 = CARTESIAN_POINT ( 'NONE',  ( 0.3199999999999999512, 1.349999999999999645, -1.050000000000000044 ) ) ;
#3166 = EDGE_CURVE ( 'NONE', #1037, #4405, #3829, .T. ) ;
#3167 = ORIENTED_EDGE ( 'NONE', *, *, #520, .F. ) ;
#3168 = LINE ( 'NONE', #1577, #2041 ) ;
#3169 = ORIENTED_EDGE ( 'NONE', *, *, #3108, .F. ) ;
#3170 = DIRECTION ( 'NONE',  ( 0.000000000000000000, -1.000000000000000000, 0.000000000000000000 ) ) ;
#3171 = CARTESIAN_POINT ( 'NONE',  ( 2.389999999999999680, 1.699999999999999734, -1.930000000000000160 ) ) ;
#3172 = LINE ( 'NONE', #1938, #3579 ) ;
#3173 = ORIENTED_EDGE ( 'NONE', *, *, #3787, .F. ) ;
#3174 = CARTESIAN_POINT ( 'NONE',  ( 0.3199999999999999512, -8.673617379884035472E-16, -1.270000000000000018 ) ) ;
#3175 = EDGE_CURVE ( 'NONE', #5221, #4970, #2971, .T. ) ;
#3176 = CARTESIAN_POINT ( 'NONE',  ( -6.325000000000001066, 0.6699999999999995959, 1.270000000000000018 ) ) ;
#3177 = DIRECTION ( 'NONE',  ( 0.000000000000000000, 0.000000000000000000, -1.000000000000000000 ) ) ;
#3178 = CARTESIAN_POINT ( 'NONE',  ( -0.02500000000000006384, 9.049999999999998934, 1.930000000000000160 ) ) ;
#3179 = EDGE_CURVE ( 'NONE', #3074, #4423, #506, .T. ) ;
#3180 = VECTOR ( 'NONE', #1497, 1000.000000000000114 ) ;
#3181 = DIRECTION ( 'NONE',  ( 1.000000000000000000, 0.000000000000000000, 0.000000000000000000 ) ) ;
#3182 = ORIENTED_EDGE ( 'NONE', *, *, #88, .F. ) ;
#3183 = ORIENTED_EDGE ( 'NONE', *, *, #4982, .F. ) ;
#3184 = CARTESIAN_POINT ( 'NONE',  ( 3.274999999999999911, 2.699999999999999734, -0.04250000000000000305 ) ) ;
#3185 = CARTESIAN_POINT ( 'NONE',  ( -0.1200000000000000927, 7.500000000000000000, -0.1200000000000000094 ) ) ;
#3186 = ORIENTED_EDGE ( 'NONE', *, *, #291, .F. ) ;
#3187 = VECTOR ( 'NONE', #4105, 1000.000000000000000 ) ;
#3188 = ORIENTED_EDGE ( 'NONE', *, *, #3612, .F. ) ;
#3189 = VERTEX_POINT ( 'NONE', #3935 ) ;
#3190 = LINE ( 'NONE', #2429, #4692 ) ;
#3191 = VECTOR ( 'NONE', #5127, 1000.000000000000000 ) ;
#3192 = VECTOR ( 'NONE', #2733, 1000.000000000000000 ) ;
#3193 =( NAMED_UNIT ( * ) SI_UNIT ( $, .STERADIAN. ) SOLID_ANGLE_UNIT ( ) );
#3194 = ORIENTED_EDGE ( 'NONE', *, *, #5314, .F. ) ;
#3195 = CARTESIAN_POINT ( 'NONE',  ( -2.680000000000000160, 0.6999999999999992895, -0.8750000000000000000 ) ) ;
#3196 = VECTOR ( 'NONE', #1540, 1000.000000000000000 ) ;
#3197 = ORIENTED_EDGE ( 'NONE', *, *, #1753, .F. ) ;
#3198 = EDGE_CURVE ( 'NONE', #4402, #5011, #3520, .T. ) ;
#3199 = EDGE_CURVE ( 'NONE', #3946, #4053, #5223, .T. ) ;
#3200 = DIRECTION ( 'NONE',  ( 1.000000000000000000, 0.000000000000000000, 0.000000000000000000 ) ) ;
#3201 = CARTESIAN_POINT ( 'NONE',  ( -3.319999999999999840, 1.269999999999999352, 0.8750000000000000000 ) ) ;
#3202 = ADVANCED_FACE ( 'NONE', ( #4752 ), #991, .T. ) ;
#3203 = DIRECTION ( 'NONE',  ( 0.000000000000000000, 0.000000000000000000, 1.000000000000000000 ) ) ;
#3204 = ORIENTED_EDGE ( 'NONE', *, *, #1217, .F. ) ;
#3205 = LINE ( 'NONE', #4879, #3868 ) ;
#3206 = CARTESIAN_POINT ( 'NONE',  ( -1.729999999999999982, 9.899999999999998579, 1.250000000000000000 ) ) ;
#3207 = PLANE ( 'NONE',  #4434 ) ;
#3208 = CARTESIAN_POINT ( 'NONE',  ( -2.799999999999999822, 7.399999999999999467, -3.135000000000000231 ) ) ;
#3209 = LINE ( 'NONE', #2338, #4883 ) ;
#3210 = EDGE_CURVE ( 'NONE', #3189, #2961, #2666, .T. ) ;
#3211 = VERTEX_POINT ( 'NONE', #3052 ) ;
#3212 = ORIENTED_EDGE ( 'NONE', *, *, #4180, .T. ) ;
#3213 = LINE ( 'NONE', #4068, #1263 ) ;
#3214 = FACE_OUTER_BOUND ( 'NONE', #579, .T. ) ;
#3215 = ORIENTED_EDGE ( 'NONE', *, *, #5049, .F. ) ;
#3216 = ORIENTED_EDGE ( 'NONE', *, *, #2428, .F. ) ;
#3217 = AXIS2_PLACEMENT_3D ( 'NONE', #1616, #36, #2446 ) ;
#3218 = VERTEX_POINT ( 'NONE', #4344 ) ;
#3219 = ADVANCED_FACE ( 'NONE', ( #4315 ), #2343, .T. ) ;
#3220 = FACE_OUTER_BOUND ( 'NONE', #249, .T. ) ;
#3221 = VECTOR ( 'NONE', #598, 1000.000000000000000 ) ;
#3222 = LINE ( 'NONE', #5420, #4426 ) ;
#3223 = ORIENTED_EDGE ( 'NONE', *, *, #293, .F. ) ;
#3224 = CARTESIAN_POINT ( 'NONE',  ( -2.680000000000000160, 3.299999999999999378, 0.3200000000000000067 ) ) ;
#3225 = ORIENTED_EDGE ( 'NONE', *, *, #2306, .F. ) ;
#3226 = CARTESIAN_POINT ( 'NONE',  ( 1.925000000000000044, 8.500000000000000000, -1.250000000000000000 ) ) ;
#3227 = CARTESIAN_POINT ( 'NONE',  ( -2.680000000000000160, 0.6699999999999995959, -0.8750000000000000000 ) ) ;
#3228 = EDGE_CURVE ( 'NONE', #426, #1163, #4836, .T. ) ;
#3229 = DIRECTION ( 'NONE',  ( 0.000000000000000000, 0.000000000000000000, -1.000000000000000000 ) ) ;
#3230 = ORIENTED_EDGE ( 'NONE', *, *, #2272, .T. ) ;
#3231 = EDGE_CURVE ( 'NONE', #183, #3605, #3131, .T. ) ;
#3232 = CARTESIAN_POINT ( 'NONE',  ( -5.389999999999999680, -8.673617379884035472E-16, 2.469999999999999751 ) ) ;
#3233 = LINE ( 'NONE', #4607, #1747 ) ;
#3234 = CARTESIAN_POINT ( 'NONE',  ( 0.3199999999999999512, 0.6999999999999992895, 0.8750000000000000000 ) ) ;
#3235 = LINE ( 'NONE', #2418, #1619 ) ;
#3236 = CARTESIAN_POINT ( 'NONE',  ( 1.939999999999999947, 1.269999999999999352, 0.8750000000000000000 ) ) ;
#3237 = EDGE_LOOP ( 'NONE', ( #3113, #1280, #2285, #4305 ) ) ;
#3238 = VERTEX_POINT ( 'NONE', #5139 ) ;
#3239 = FACE_OUTER_BOUND ( 'NONE', #5190, .T. ) ;
#3240 = AXIS2_PLACEMENT_3D ( 'NONE', #4307, #548, #1315 ) ;
#3241 = DIRECTION ( 'NONE',  ( 0.000000000000000000, 0.000000000000000000, 1.000000000000000000 ) ) ;
#3242 = CARTESIAN_POINT ( 'NONE',  ( 1.925000000000000044, 9.899999999999998579, 0.7500000000000000000 ) ) ;
#3243 = ORIENTED_EDGE ( 'NONE', *, *, #920, .T. ) ;
#3244 = AXIS2_PLACEMENT_3D ( 'NONE', #4140, #4, #2872 ) ;
#3245 = VERTEX_POINT ( 'NONE', #2310 ) ;
#3246 = EDGE_CURVE ( 'NONE', #1781, #2961, #2694, .T. ) ;
#3247 = UNCERTAINTY_MEASURE_WITH_UNIT (LENGTH_MEASURE( 1.000000000000000082E-05 ), #82, 'distance_accuracy_value', 'NONE');
#3248 = DIRECTION ( 'NONE',  ( 1.000000000000000000, 0.000000000000000000, 0.000000000000000000 ) ) ;
#3249 = CARTESIAN_POINT ( 'NONE',  ( -0.3199999999999999512, 6.899999999999999467, 0.3200000000000000067 ) ) ;
#3250 = VECTOR ( 'NONE', #1229, 1000.000000000000000 ) ;
#3251 = ORIENTED_EDGE ( 'NONE', *, *, #4840, .T. ) ;
#3252 = CARTESIAN_POINT ( 'NONE',  ( -5.389999999999999680, -8.673617379884035472E-16, 2.469999999999999751 ) ) ;
#3253 = ORIENTED_EDGE ( 'NONE', *, *, #1049, .F. ) ;
#3254 = VECTOR ( 'NONE', #4814, 1000.000000000000000 ) ;
#3255 = CARTESIAN_POINT ( 'NONE',  ( -3.319999999999999840, 0.6699999999999995959, 1.270000000000000018 ) ) ;
#3256 = FACE_OUTER_BOUND ( 'NONE', #1772, .T. ) ;
#3257 = LINE ( 'NONE', #1636, #4279 ) ;
#3258 = EDGE_LOOP ( 'NONE', ( #1913, #5201, #683, #3215 ) ) ;
#3259 = CARTESIAN_POINT ( 'NONE',  ( -4.925000000000000711, 9.899999999999998579, 1.930000000000000160 ) ) ;
#3260 = LINE ( 'NONE', #2026, #2103 ) ;
#3261 = LINE ( 'NONE', #2739, #4954 ) ;
#3262 = CARTESIAN_POINT ( 'NONE',  ( -1.270000000000000018, 3.299999999999999378, 0.5500000000000000444 ) ) ;
#3263 = FACE_OUTER_BOUND ( 'NONE', #2554, .T. ) ;
#3264 = CARTESIAN_POINT ( 'NONE',  ( 0.3199999999999999512, -2.580000000000000515, 0.3200000000000000067 ) ) ;
#3265 = ORIENTED_EDGE ( 'NONE', *, *, #361, .F. ) ;
#3266 = CARTESIAN_POINT ( 'NONE',  ( 2.389999999999999680, -8.673617379884035472E-16, -1.270000000000000018 ) ) ;
#3267 = EDGE_CURVE ( 'NONE', #3801, #1864, #3964, .T. ) ;
#3268 = ADVANCED_FACE ( 'NONE', ( #639 ), #3465, .F. ) ;
#3269 = CARTESIAN_POINT ( 'NONE',  ( -2.680000000000000160, 4.949999999999999289, 0.000000000000000000 ) ) ;
#3270 = CARTESIAN_POINT ( 'NONE',  ( -6.325000000000001066, 0.6699999999999995959, -0.8750000000000000000 ) ) ;
#3271 = EDGE_CURVE ( 'NONE', #4215, #2736, #1075, .T. ) ;
#3272 = VERTEX_POINT ( 'NONE', #4780 ) ;
#3273 = EDGE_LOOP ( 'NONE', ( #265, #2857, #4846, #5168 ) ) ;
#3274 = DIRECTION ( 'NONE',  ( 0.000000000000000000, -1.000000000000000000, 0.000000000000000000 ) ) ;
#3275 = CARTESIAN_POINT ( 'NONE',  ( -4.939999999999999503, 0.6699999999999995959, 0.8750000000000000000 ) ) ;
#3276 = EDGE_CURVE ( 'NONE', #403, #3286, #4371, .T. ) ;
#3277 = VERTEX_POINT ( 'NONE', #2225 ) ;
#3278 = ORIENTED_EDGE ( 'NONE', *, *, #3863, .T. ) ;
#3279 = EDGE_CURVE ( 'NONE', #3943, #4511, #4805, .T. ) ;
#3280 = AXIS2_PLACEMENT_3D ( 'NONE', #1867, #1457, #3130 ) ;
#3281 = VECTOR ( 'NONE', #5015, 1000.000000000000000 ) ;
#3282 = FACE_OUTER_BOUND ( 'NONE', #4677, .T. ) ;
#3283 = FACE_OUTER_BOUND ( 'NONE', #4924, .T. ) ;
#3284 = VECTOR ( 'NONE', #937, 1000.000000000000114 ) ;
#3285 = DIRECTION ( 'NONE',  ( -1.000000000000000000, 0.000000000000000000, 0.000000000000000000 ) ) ;
#3286 = VERTEX_POINT ( 'NONE', #2283 ) ;
#3287 = VECTOR ( 'NONE', #809, 1000.000000000000114 ) ;
#3288 = CARTESIAN_POINT ( 'NONE',  ( -0.3199999999999999512, 3.299999999999999378, -0.3200000000000000067 ) ) ;
#3289 = AXIS2_PLACEMENT_3D ( 'NONE', #3150, #4881, #3600 ) ;
#3290 = DIRECTION ( 'NONE',  ( 0.000000000000000000, 0.000000000000000000, 1.000000000000000000 ) ) ;
#3291 = VECTOR ( 'NONE', #2037, 1000.000000000000000 ) ;
#3292 = EDGE_CURVE ( 'NONE', #4571, #1869, #153, .T. ) ;
#3293 = DIRECTION ( 'NONE',  ( -0.3015113445777909407, -0.9045340337332726799, 0.3015113445777909407 ) ) ;
#3294 = CARTESIAN_POINT ( 'NONE',  ( -6.325000000000001066, -8.673617379884035472E-16, 1.270000000000000018 ) ) ;
#3295 = PLANE ( 'NONE',  #2752 ) ;
#3296 = DIRECTION ( 'NONE',  ( 0.000000000000000000, 0.000000000000000000, -1.000000000000000000 ) ) ;
#3297 = ORIENTED_EDGE ( 'NONE', *, *, #2816, .T. ) ;
#3298 = CARTESIAN_POINT ( 'NONE',  ( -2.799999999999999822, 6.899999999999999467, -2.435000000000000053 ) ) ;
#3299 = DIRECTION ( 'NONE',  ( 1.000000000000000000, 0.000000000000000000, 0.000000000000000000 ) ) ;
#3300 = CARTESIAN_POINT ( 'NONE',  ( 3.274999999999999911, 2.699999999999999734, -0.04250000000000000305 ) ) ;
#3301 = CARTESIAN_POINT ( 'NONE',  ( 2.389999999999999680, 1.699999999999999734, -1.930000000000000160 ) ) ;
#3302 = ADVANCED_FACE ( 'NONE', ( #3989 ), #969, .T. ) ;
#3303 = ORIENTED_EDGE ( 'NONE', *, *, #1220, .F. ) ;
#3304 = EDGE_CURVE ( 'NONE', #3140, #1037, #3159, .T. ) ;
#3305 = EDGE_CURVE ( 'NONE', #266, #410, #2451, .T. ) ;
#3306 = DIRECTION ( 'NONE',  ( 0.000000000000000000, 0.000000000000000000, 1.000000000000000000 ) ) ;
#3307 = FACE_OUTER_BOUND ( 'NONE', #612, .T. ) ;
#3308 = VECTOR ( 'NONE', #3892, 1000.000000000000000 ) ;
#3309 = EDGE_LOOP ( 'NONE', ( #1670, #4519, #2101, #670 ) ) ;
#3310 = ORIENTED_EDGE ( 'NONE', *, *, #3466, .T. ) ;
#3311 = ORIENTED_EDGE ( 'NONE', *, *, #4608, .T. ) ;
#3312 = VECTOR ( 'NONE', #3532, 1000.000000000000000 ) ;
#3313 = CARTESIAN_POINT ( 'NONE',  ( 3.325000000000000178, 2.487234067916999525, 0.1137500000000000039 ) ) ;
#3314 = AXIS2_PLACEMENT_3D ( 'NONE', #2576, #3846, #2165 ) ;
#3315 = CARTESIAN_POINT ( 'NONE',  ( -2.799999999999999822, 7.399999999999999467, -2.435000000000000053 ) ) ;
#3316 = CARTESIAN_POINT ( 'NONE',  ( -0.2000000000000000944, 4.949999999999999289, 0.000000000000000000 ) ) ;
#3317 = ORIENTED_EDGE ( 'NONE', *, *, #2160, .F. ) ;
#3318 = CARTESIAN_POINT ( 'NONE',  ( -6.325000000000001066, 8.500000000000000000, 1.430000000000000160 ) ) ;
#3319 = FACE_OUTER_BOUND ( 'NONE', #68, .T. ) ;
#3320 = DIRECTION ( 'NONE',  ( 1.000000000000000000, 0.000000000000000000, 0.000000000000000000 ) ) ;
#3321 = CARTESIAN_POINT ( 'NONE',  ( 3.325000000000000178, 8.500000000000000000, 0.7500000000000000000 ) ) ;
#3322 = CARTESIAN_POINT ( 'NONE',  ( 0.3199999999999999512, 1.349999999999999645, -1.930000000000000160 ) ) ;
#3323 = EDGE_LOOP ( 'NONE', ( #813, #1303, #1850, #3551, #3401, #1469, #3451, #5286, #3075, #3792, #3543, #1570, #1835, #4859, #156, #1073, #925, #4376, #4457, #1344, #1077, #3169 ) ) ;
#3324 = PRODUCT_DEFINITION_CONTEXT ( 'detailed design', #76, 'design' ) ;
#3325 = CYLINDRICAL_SURFACE ( 'NONE', #3416, 0.5000000000000004441 ) ;
#3326 = DIRECTION ( 'NONE',  ( 0.000000000000000000, 0.000000000000000000, -1.000000000000000000 ) ) ;
#3327 = DIRECTION ( 'NONE',  ( -1.000000000000000000, 0.000000000000000000, 0.000000000000000000 ) ) ;
#3328 = LINE ( 'NONE', #4154, #52 ) ;
#3329 = EDGE_LOOP ( 'NONE', ( #3723, #2942, #1019, #3360, #358, #3637, #2959, #826 ) ) ;
#3330 = CARTESIAN_POINT ( 'NONE',  ( -2.879999999999999893, 7.500000000000000000, 0.1200000000000000094 ) ) ;
#3331 = DIRECTION ( 'NONE',  ( -1.000000000000000000, 0.000000000000000000, 0.000000000000000000 ) ) ;
#3332 = ADVANCED_FACE ( 'NONE', ( #264 ), #3634, .T. ) ;
#3333 = VECTOR ( 'NONE', #1368, 1000.000000000000114 ) ;
#3334 = ORIENTED_EDGE ( 'NONE', *, *, #1556, .T. ) ;
#3335 = ORIENTED_EDGE ( 'NONE', *, *, #1890, .F. ) ;
#3336 = LINE ( 'NONE', #2922, #4949 ) ;
#3337 = FACE_OUTER_BOUND ( 'NONE', #3694, .T. ) ;
#3338 = VECTOR ( 'NONE', #5241, 1000.000000000000000 ) ;
#3339 = LINE ( 'NONE', #5017, #510 ) ;
#3340 = EDGE_LOOP ( 'NONE', ( #786, #2457, #3895, #1379 ) ) ;
#3341 = LINE ( 'NONE', #4527, #4918 ) ;
#3342 = LINE ( 'NONE', #334, #2014 ) ;
#3343 = LINE ( 'NONE', #1310, #3488 ) ;
#3344 = CARTESIAN_POINT ( 'NONE',  ( 0.3199999999999999512, -8.673617379884035472E-16, 1.680000000000000160 ) ) ;
#3345 = EDGE_CURVE ( 'NONE', #303, #3411, #1598, .T. ) ;
#3346 = FACE_OUTER_BOUND ( 'NONE', #3970, .T. ) ;
#3347 = VERTEX_POINT ( 'NONE', #1978 ) ;
#3348 = PLANE ( 'NONE',  #1400 ) ;
#3349 = DIRECTION ( 'NONE',  ( 0.000000000000000000, 0.000000000000000000, -1.000000000000000000 ) ) ;
#3350 = DIRECTION ( 'NONE',  ( 0.000000000000000000, 0.000000000000000000, -1.000000000000000000 ) ) ;
#3351 = EDGE_CURVE ( 'NONE', #4074, #4312, #4565, .T. ) ;
#3352 = DIRECTION ( 'NONE',  ( 1.000000000000000000, 0.000000000000000000, 0.000000000000000000 ) ) ;
#3353 = ORIENTED_EDGE ( 'NONE', *, *, #3613, .T. ) ;
#3354 = DIRECTION ( 'NONE',  ( 0.000000000000000000, 0.000000000000000000, 1.000000000000000000 ) ) ;
#3355 = CARTESIAN_POINT ( 'NONE',  ( -3.319999999999999840, 0.6999999999999992895, 0.3200000000000000067 ) ) ;
#3356 = ORIENTED_EDGE ( 'NONE', *, *, #1566, .T. ) ;
#3357 = EDGE_LOOP ( 'NONE', ( #3704, #3142, #3521, #971 ) ) ;
#3358 = LINE ( 'NONE', #1278, #3693 ) ;
#3359 = LINE ( 'NONE', #2180, #3482 ) ;
#3360 = ORIENTED_EDGE ( 'NONE', *, *, #3568, .F. ) ;
#3361 = CARTESIAN_POINT ( 'NONE',  ( 0.3199999999999999512, -8.673617379884035472E-16, -1.930000000000000160 ) ) ;
#3362 = AXIS2_PLACEMENT_3D ( 'NONE', #1329, #2999, #1846 ) ;
#3363 = ADVANCED_FACE ( 'NONE', ( #3214 ), #1161, .F. ) ;
#3364 = EDGE_CURVE ( 'NONE', #3884, #2136, #3663, .T. ) ;
#3365 = FACE_OUTER_BOUND ( 'NONE', #2538, .T. ) ;
#3366 = CARTESIAN_POINT ( 'NONE',  ( 2.389999999999999680, -8.673617379884035472E-16, 2.469999999999999751 ) ) ;
#3367 = EDGE_CURVE ( 'NONE', #691, #1456, #2478, .T. ) ;
#3368 = AXIS2_PLACEMENT_3D ( 'NONE', #5246, #2608, #578 ) ;
#3369 = AXIS2_PLACEMENT_3D ( 'NONE', #4098, #2934, #5376 ) ;
#3370 = VECTOR ( 'NONE', #4818, 1000.000000000000000 ) ;
#3371 = LINE ( 'NONE', #3344, #3641 ) ;
#3372 = VERTEX_POINT ( 'NONE', #345 ) ;
#3373 = FACE_OUTER_BOUND ( 'NONE', #3323, .T. ) ;
#3374 = ORIENTED_EDGE ( 'NONE', *, *, #3199, .F. ) ;
#3375 = VECTOR ( 'NONE', #3102, 1000.000000000000000 ) ;
#3376 = LINE ( 'NONE', #960, #704 ) ;
#3377 = CARTESIAN_POINT ( 'NONE',  ( -2.680000000000000160, -8.673617379884035472E-16, 1.680000000000000160 ) ) ;
#3378 = PLANE ( 'NONE',  #912 ) ;
#3379 = FACE_OUTER_BOUND ( 'NONE', #4191, .T. ) ;
#3380 = EDGE_CURVE ( 'NONE', #217, #4100, #2774, .T. ) ;
#3381 = EDGE_LOOP ( 'NONE', ( #4753, #2220, #2641, #1120 ) ) ;
#3382 = DIRECTION ( 'NONE',  ( 1.000000000000000000, 0.000000000000000000, 0.000000000000000000 ) ) ;
#3383 = CARTESIAN_POINT ( 'NONE',  ( 1.269999999999999796, 3.299999999999999378, 1.250000000000000000 ) ) ;
#3384 = CARTESIAN_POINT ( 'NONE',  ( -0.1200000000000000927, 7.500000000000000000, 0.1200000000000000094 ) ) ;
#3385 = ORIENTED_EDGE ( 'NONE', *, *, #4941, .T. ) ;
#3386 = ORIENTED_EDGE ( 'NONE', *, *, #866, .T. ) ;
#3387 = LINE ( 'NONE', #1305, #3156 ) ;
#3388 = DIRECTION ( 'NONE',  ( -1.000000000000000000, 0.000000000000000000, 0.000000000000000000 ) ) ;
#3389 = ORIENTED_EDGE ( 'NONE', *, *, #3112, .F. ) ;
#3390 = FACE_OUTER_BOUND ( 'NONE', #6, .T. ) ;
#3391 = AXIS2_PLACEMENT_3D ( 'NONE', #3869, #196, #2599 ) ;
#3392 = AXIS2_PLACEMENT_3D ( 'NONE', #2135, #2790, #3564 ) ;
#3393 = CARTESIAN_POINT ( 'NONE',  ( -4.939999999999999503, 0.6699999999999995959, 0.8750000000000000000 ) ) ;
#3394 = ADVANCED_FACE ( 'NONE', ( #2831 ), #1568, .T. ) ;
#3395 = LINE ( 'NONE', #1206, #2354 ) ;
#3396 = EDGE_CURVE ( 'NONE', #4957, #481, #4536, .T. ) ;
#3397 = LINE ( 'NONE', #4250, #2411 ) ;
#3398 = VECTOR ( 'NONE', #3053, 1000.000000000000000 ) ;
#3399 = VERTEX_POINT ( 'NONE', #4507 ) ;
#3400 = DIRECTION ( 'NONE',  ( 1.000000000000000000, 0.000000000000000000, 0.000000000000000000 ) ) ;
#3401 = ORIENTED_EDGE ( 'NONE', *, *, #2777, .F. ) ;
#3402 = DIRECTION ( 'NONE',  ( -0.6401843996644798196, -0.7682212795973758501, -0.000000000000000000 ) ) ;
#3403 = EDGE_CURVE ( 'NONE', #2602, #1565, #2009, .T. ) ;
#3404 = CARTESIAN_POINT ( 'NONE',  ( -3.000000000000000000, 7.200000000000000178, -0.2200000000000000011 ) ) ;
#3405 = DIRECTION ( 'NONE',  ( 1.000000000000000000, 0.000000000000000000, 0.000000000000000000 ) ) ;
#3406 = LINE ( 'NONE', #18, #565 ) ;
#3407 = EDGE_LOOP ( 'NONE', ( #1985, #3469, #4636, #3610 ) ) ;
#3408 = AXIS2_PLACEMENT_3D ( 'NONE', #4089, #652, #276 ) ;
#3409 = DIRECTION ( 'NONE',  ( 0.000000000000000000, 0.000000000000000000, -1.000000000000000000 ) ) ;
#3410 = CARTESIAN_POINT ( 'NONE',  ( -2.680000000000000160, 0.6699999999999995959, -1.270000000000000018 ) ) ;
#3411 = VERTEX_POINT ( 'NONE', #317 ) ;
#3412 = ORIENTED_EDGE ( 'NONE', *, *, #3304, .T. ) ;
#3413 = ADVANCED_FACE ( 'NONE', ( #4481 ), #749, .T. ) ;
#3414 = ORIENTED_EDGE ( 'NONE', *, *, #3816, .F. ) ;
#3415 = LINE ( 'NONE', #2674, #314 ) ;
#3416 = AXIS2_PLACEMENT_3D ( 'NONE', #3298, #4919, #1187 ) ;
#3417 = CARTESIAN_POINT ( 'NONE',  ( -4.939999999999999503, 1.269999999999999352, 0.8750000000000000000 ) ) ;
#3418 = ORIENTED_EDGE ( 'NONE', *, *, #5344, .T. ) ;
#3419 = DIRECTION ( 'NONE',  ( 0.000000000000000000, 0.7659743427824879936, -0.6428711427641899956 ) ) ;
#3420 = VECTOR ( 'NONE', #906, 1000.000000000000000 ) ;
#3421 = DIRECTION ( 'NONE',  ( 0.000000000000000000, 1.000000000000000000, 0.000000000000000000 ) ) ;
#3422 = VECTOR ( 'NONE', #1885, 1000.000000000000000 ) ;
#3423 = DIRECTION ( 'NONE',  ( 1.000000000000000000, 0.000000000000000000, 0.000000000000000000 ) ) ;
#3424 = CARTESIAN_POINT ( 'NONE',  ( 2.389999999999999680, -8.673617379884035472E-16, 1.270000000000000018 ) ) ;
#3425 = ORIENTED_EDGE ( 'NONE', *, *, #502, .F. ) ;
#3426 = CARTESIAN_POINT ( 'NONE',  ( -6.000000000000000000, -1.275000000000000133, 1.719999999999999973 ) ) ;
#3427 = DIRECTION ( 'NONE',  ( 0.000000000000000000, -1.000000000000000000, 0.000000000000000000 ) ) ;
#3428 = DIRECTION ( 'NONE',  ( 0.000000000000000000, 1.000000000000000000, 0.000000000000000000 ) ) ;
#3429 = LINE ( 'NONE', #4774, #828 ) ;
#3430 = DIRECTION ( 'NONE',  ( -0.3015113445777909407, 0.9045340337332726799, -0.3015113445777909407 ) ) ;
#3431 = VERTEX_POINT ( 'NONE', #5276 ) ;
#3432 = ORIENTED_EDGE ( 'NONE', *, *, #4508, .F. ) ;
#3433 = EDGE_CURVE ( 'NONE', #78, #2123, #4048, .T. ) ;
#3434 = ORIENTED_EDGE ( 'NONE', *, *, #2373, .F. ) ;
#3435 = EDGE_CURVE ( 'NONE', #4898, #2284, #5359, .T. ) ;
#3436 = PLANE ( 'NONE',  #2852 ) ;
#3437 = DIRECTION ( 'NONE',  ( 0.000000000000000000, 0.000000000000000000, 1.000000000000000000 ) ) ;
#3438 = EDGE_CURVE ( 'NONE', #3915, #1806, #4456, .T. ) ;
#3439 = VERTEX_POINT ( 'NONE', #3301 ) ;
#3440 = ORIENTED_EDGE ( 'NONE', *, *, #3444, .F. ) ;
#3441 = EDGE_LOOP ( 'NONE', ( #4317, #805, #2097, #2770 ) ) ;
#3442 = CARTESIAN_POINT ( 'NONE',  ( 3.325000000000000178, -1.150000000000000799, 1.570000000000000062 ) ) ;
#3443 = DIRECTION ( 'NONE',  ( 0.000000000000000000, 0.000000000000000000, 1.000000000000000000 ) ) ;
#3444 = EDGE_CURVE ( 'NONE', #3672, #3575, #288, .T. ) ;
#3445 = ORIENTED_EDGE ( 'NONE', *, *, #4623, .T. ) ;
#3446 = CARTESIAN_POINT ( 'NONE',  ( 0.3199999999999999512, -8.673617379884035472E-16, 1.680000000000000160 ) ) ;
#3447 = DIRECTION ( 'NONE',  ( 0.000000000000000000, 0.000000000000000000, 1.000000000000000000 ) ) ;
#3448 = LINE ( 'NONE', #4737, #2601 ) ;
#3449 = LINE ( 'NONE', #3870, #1003 ) ;
#3450 = VECTOR ( 'NONE', #3690, 1000.000000000000000 ) ;
#3451 = ORIENTED_EDGE ( 'NONE', *, *, #3518, .T. ) ;
#3452 = DIRECTION ( 'NONE',  ( 0.000000000000000000, 0.000000000000000000, 1.000000000000000000 ) ) ;
#3453 = EDGE_CURVE ( 'NONE', #2299, #3074, #722, .T. ) ;
#3454 = DIRECTION ( 'NONE',  ( 0.000000000000000000, -1.000000000000000000, 0.000000000000000000 ) ) ;
#3455 = VECTOR ( 'NONE', #802, 1000.000000000000000 ) ;
#3456 = VECTOR ( 'NONE', #731, 1000.000000000000000 ) ;
#3457 = CARTESIAN_POINT ( 'NONE',  ( -5.674999999999999822, -8.673617379884035472E-16, 1.570000000000000062 ) ) ;
#3458 = CARTESIAN_POINT ( 'NONE',  ( -4.269999999999999574, 9.899999999999998579, -1.250000000000000000 ) ) ;
#3459 = LINE ( 'NONE', #120, #1877 ) ;
#3460 = AXIS2_PLACEMENT_3D ( 'NONE', #4719, #1425, #963 ) ;
#3461 = ORIENTED_EDGE ( 'NONE', *, *, #3906, .F. ) ;
#3462 = EDGE_LOOP ( 'NONE', ( #49, #787, #4977, #2890 ) ) ;
#3463 = VECTOR ( 'NONE', #1811, 1000.000000000000000 ) ;
#3464 = LINE ( 'NONE', #5138, #3545 ) ;
#3465 = PLANE ( 'NONE',  #747 ) ;
#3466 = EDGE_CURVE ( 'NONE', #214, #3714, #1757, .T. ) ;
#3467 = EDGE_CURVE ( 'NONE', #3347, #3801, #4232, .T. ) ;
#3468 = EDGE_LOOP ( 'NONE', ( #1878, #2947, #4823, #4509, #468 ) ) ;
#3469 = ORIENTED_EDGE ( 'NONE', *, *, #1258, .F. ) ;
#3470 = ORIENTED_EDGE ( 'NONE', *, *, #954, .F. ) ;
#3471 = CARTESIAN_POINT ( 'NONE',  ( -5.389999999999999680, -8.673617379884035472E-16, -1.270000000000000018 ) ) ;
#3472 = CARTESIAN_POINT ( 'NONE',  ( -5.974999999999999645, -1.400000000000000133, 1.869999999999999885 ) ) ;
#3473 = VERTEX_POINT ( 'NONE', #4184 ) ;
#3474 = FACE_OUTER_BOUND ( 'NONE', #2364, .T. ) ;
#3475 = DIRECTION ( 'NONE',  ( 1.000000000000000000, 0.000000000000000000, 0.000000000000000000 ) ) ;
#3476 = DIRECTION ( 'NONE',  ( 0.000000000000000000, -1.000000000000000000, 0.000000000000000000 ) ) ;
#3477 = CARTESIAN_POINT ( 'NONE',  ( -5.389999999999999680, 0.6699999999999995959, -1.270000000000000018 ) ) ;
#3478 = ORIENTED_EDGE ( 'NONE', *, *, #2024, .F. ) ;
#3479 = CARTESIAN_POINT ( 'NONE',  ( -4.925000000000000711, 8.500000000000000000, -1.250000000000000000 ) ) ;
#3480 = EDGE_CURVE ( 'NONE', #245, #2156, #3852, .T. ) ;
#3481 = DIRECTION ( 'NONE',  ( 1.000000000000000000, 0.000000000000000000, 0.000000000000000000 ) ) ;
#3482 = VECTOR ( 'NONE', #109, 1000.000000000000114 ) ;
#3483 = PLANE ( 'NONE',  #1774 ) ;
#3484 = DIRECTION ( 'NONE',  ( 0.000000000000000000, -1.000000000000000000, 0.000000000000000000 ) ) ;
#3485 = CARTESIAN_POINT ( 'NONE',  ( -3.319999999999999840, 6.899999999999999467, 0.3200000000000000067 ) ) ;
#3486 = ORIENTED_EDGE ( 'NONE', *, *, #2836, .T. ) ;
#3487 = ORIENTED_EDGE ( 'NONE', *, *, #5228, .T. ) ;
#3488 = VECTOR ( 'NONE', #5074, 1000.000000000000000 ) ;
#3489 = LINE ( 'NONE', #940, #224 ) ;
#3490 = DIRECTION ( 'NONE',  ( 0.000000000000000000, 0.000000000000000000, -1.000000000000000000 ) ) ;
#3491 = CARTESIAN_POINT ( 'NONE',  ( 1.939999999999999947, -8.673617379884035472E-16, 1.270000000000000018 ) ) ;
#3492 = ORIENTED_EDGE ( 'NONE', *, *, #4811, .F. ) ;
#3493 = ORIENTED_EDGE ( 'NONE', *, *, #1921, .F. ) ;
#3494 = ADVANCED_FACE ( 'NONE', ( #1674 ), #1343, .F. ) ;
#3495 = CARTESIAN_POINT ( 'NONE',  ( 2.974999999999999645, -1.400000000000000133, 1.869999999999999885 ) ) ;
#3496 = APPLICATION_PROTOCOL_DEFINITION ( 'draft international standard', 'automotive_design', 1998, #4833 ) ;
#3497 = ORIENTED_EDGE ( 'NONE', *, *, #3638, .T. ) ;
#3498 = CARTESIAN_POINT ( 'NONE',  ( -3.319999999999999840, 1.349999999999999645, 1.649999999999999911 ) ) ;
#3499 = PRODUCT_DEFINITION ( 'UNKNOWN', '', #3138, #3324 ) ;
#3500 = ORIENTED_EDGE ( 'NONE', *, *, #3351, .T. ) ;
#3501 = ADVANCED_FACE ( 'NONE', ( #3796 ), #2170, .T. ) ;
#3502 = ADVANCED_FACE ( 'NONE', ( #3379 ), #4589, .F. ) ;
#3503 = DIRECTION ( 'NONE',  ( 0.000000000000000000, 1.000000000000000000, 0.000000000000000000 ) ) ;
#3504 = LINE ( 'NONE', #1414, #1989 ) ;
#3505 = DIRECTION ( 'NONE',  ( -1.000000000000000000, 0.000000000000000000, 0.000000000000000000 ) ) ;
#3506 = VECTOR ( 'NONE', #5379, 1000.000000000000000 ) ;
#3507 = ORIENTED_EDGE ( 'NONE', *, *, #4557, .F. ) ;
#3508 = LINE ( 'NONE', #1829, #3338 ) ;
#3509 = DIRECTION ( 'NONE',  ( 0.000000000000000000, -1.000000000000000000, 0.000000000000000000 ) ) ;
#3510 = CARTESIAN_POINT ( 'NONE',  ( 1.939999999999999947, 1.699999999999999734, -1.930000000000000160 ) ) ;
#3511 = VECTOR ( 'NONE', #4577, 1000.000000000000000 ) ;
#3512 = DIRECTION ( 'NONE',  ( 0.000000000000000000, 0.000000000000000000, 1.000000000000000000 ) ) ;
#3513 = DIRECTION ( 'NONE',  ( 0.000000000000000000, 0.000000000000000000, 1.000000000000000000 ) ) ;
#3514 = EDGE_CURVE ( 'NONE', #2098, #4378, #4696, .T. ) ;
#3515 = ORIENTED_EDGE ( 'NONE', *, *, #2119, .T. ) ;
#3516 = ORIENTED_EDGE ( 'NONE', *, *, #2398, .T. ) ;
#3517 = VECTOR ( 'NONE', #1823, 1000.000000000000000 ) ;
#3518 = EDGE_CURVE ( 'NONE', #4831, #5221, #424, .T. ) ;
#3519 = CARTESIAN_POINT ( 'NONE',  ( -3.319999999999999840, 0.6999999999999992895, 0.8750000000000000000 ) ) ;
#3520 = LINE ( 'NONE', #1403, #1620 ) ;
#3521 = ORIENTED_EDGE ( 'NONE', *, *, #3271, .F. ) ;
#3522 = EDGE_CURVE ( 'NONE', #4143, #1656, #3328, .T. ) ;
#3523 = ORIENTED_EDGE ( 'NONE', *, *, #2373, .T. ) ;
#3524 = ORIENTED_EDGE ( 'NONE', *, *, #1331, .T. ) ;
#3525 = LINE ( 'NONE', #2233, #2138 ) ;
#3526 = ORIENTED_EDGE ( 'NONE', *, *, #5381, .F. ) ;
#3527 = LINE ( 'NONE', #4845, #3517 ) ;
#3528 = VERTEX_POINT ( 'NONE', #4641 ) ;
#3529 = LINE ( 'NONE', #1007, #2405 ) ;
#3530 = FACE_OUTER_BOUND ( 'NONE', #4885, .T. ) ;
#3531 = ADVANCED_FACE ( 'NONE', ( #1650 ), #2115, .T. ) ;
#3532 = DIRECTION ( 'NONE',  ( 0.000000000000000000, 0.000000000000000000, -1.000000000000000000 ) ) ;
#3533 = AXIS2_PLACEMENT_3D ( 'NONE', #4120, #3702, #1201 ) ;
#3534 = EDGE_CURVE ( 'NONE', #2389, #3439, #831, .T. ) ;
#3535 = ORIENTED_EDGE ( 'NONE', *, *, #185, .T. ) ;
#3536 = EDGE_CURVE ( 'NONE', #341, #2869, #1243, .T. ) ;
#3537 = LINE ( 'NONE', #3598, #280 ) ;
#3538 = CARTESIAN_POINT ( 'NONE',  ( 0.3199999999999999512, -8.673617379884035472E-16, -1.270000000000000018 ) ) ;
#3539 = DIRECTION ( 'NONE',  ( -1.000000000000000000, 0.000000000000000000, 0.000000000000000000 ) ) ;
#3540 = DIRECTION ( 'NONE',  ( 1.000000000000000000, 0.000000000000000000, 0.000000000000000000 ) ) ;
#3541 = CARTESIAN_POINT ( 'NONE',  ( -2.780000000000000249, 7.200000000000000178, 0.000000000000000000 ) ) ;
#3542 = CARTESIAN_POINT ( 'NONE',  ( -5.389999999999999680, 0.6699999999999995959, -0.8750000000000000000 ) ) ;
#3543 = ORIENTED_EDGE ( 'NONE', *, *, #3928, .F. ) ;
#3544 = EDGE_LOOP ( 'NONE', ( #2992, #2732, #3559, #3818, #573 ) ) ;
#3545 = VECTOR ( 'NONE', #610, 1000.000000000000000 ) ;
#3546 = VECTOR ( 'NONE', #1499, 1000.000000000000000 ) ;
#3547 = DIRECTION ( 'NONE',  ( 0.000000000000000000, 0.000000000000000000, 1.000000000000000000 ) ) ;
#3548 = DIRECTION ( 'NONE',  ( 0.000000000000000000, 0.000000000000000000, -1.000000000000000000 ) ) ;
#3549 = VECTOR ( 'NONE', #1805, 1000.000000000000000 ) ;
#3550 = VECTOR ( 'NONE', #2535, 1000.000000000000000 ) ;
#3551 = ORIENTED_EDGE ( 'NONE', *, *, #1302, .F. ) ;
#3552 = ORIENTED_EDGE ( 'NONE', *, *, #3917, .F. ) ;
#3553 = ORIENTED_EDGE ( 'NONE', *, *, #3536, .F. ) ;
#3554 = MECHANICAL_DESIGN_GEOMETRIC_PRESENTATION_REPRESENTATION (  '', ( #1272 ), #4072 ) ;
#3555 = CARTESIAN_POINT ( 'NONE',  ( -1.270000000000000018, 9.899999999999998579, 0.5500000000000000444 ) ) ;
#3556 = ORIENTED_EDGE ( 'NONE', *, *, #3453, .F. ) ;
#3557 = CARTESIAN_POINT ( 'NONE',  ( -0.3199999999999999512, 0.6699999999999995959, -1.270000000000000018 ) ) ;
#3558 = VERTEX_POINT ( 'NONE', #2506 ) ;
#3559 = ORIENTED_EDGE ( 'NONE', *, *, #2628, .F. ) ;
#3560 = DIRECTION ( 'NONE',  ( 0.000000000000000000, 0.000000000000000000, 1.000000000000000000 ) ) ;
#3561 = CARTESIAN_POINT ( 'NONE',  ( -6.325000000000001066, -8.673617379884035472E-16, 1.270000000000000018 ) ) ;
#3562 = DIRECTION ( 'NONE',  ( 0.000000000000000000, 0.7659743427824879936, -0.6428711427641899956 ) ) ;
#3563 = EDGE_LOOP ( 'NONE', ( #143, #4496, #4316, #944 ) ) ;
#3564 = DIRECTION ( 'NONE',  ( 1.000000000000000000, 0.000000000000000000, 0.000000000000000000 ) ) ;
#3565 = ADVANCED_FACE ( 'NONE', ( #1728 ), #2582, .F. ) ;
#3566 = LINE ( 'NONE', #2335, #4382 ) ;
#3567 = CARTESIAN_POINT ( 'NONE',  ( 2.389999999999999680, 1.269999999999999352, -0.8750000000000000000 ) ) ;
#3568 = EDGE_CURVE ( 'NONE', #4087, #4444, #3406, .T. ) ;
#3569 = AXIS2_PLACEMENT_3D ( 'NONE', #3561, #1144, #2762 ) ;
#3570 = FACE_OUTER_BOUND ( 'NONE', #311, .T. ) ;
#3571 = CARTESIAN_POINT ( 'NONE',  ( 3.325000000000000178, 8.500000000000000000, 0.7500000000000000000 ) ) ;
#3572 = ORIENTED_EDGE ( 'NONE', *, *, #1397, .F. ) ;
#3573 = EDGE_LOOP ( 'NONE', ( #4122, #3553, #1603 ) ) ;
#3574 = EDGE_CURVE ( 'NONE', #1025, #2352, #2089, .T. ) ;
#3575 = VERTEX_POINT ( 'NONE', #1699 ) ;
#3576 = AXIS2_PLACEMENT_3D ( 'NONE', #803, #1182, #4939 ) ;
#3577 = PLANE ( 'NONE',  #1178 ) ;
#3578 = CARTESIAN_POINT ( 'NONE',  ( -2.680000000000000160, -8.673617379884035472E-16, -1.270000000000000018 ) ) ;
#3579 = VECTOR ( 'NONE', #3562, 1000.000000000000000 ) ;
#3580 = ORIENTED_EDGE ( 'NONE', *, *, #483, .T. ) ;
#3581 = VECTOR ( 'NONE', #3603, 1000.000000000000000 ) ;
#3582 = ORIENTED_EDGE ( 'NONE', *, *, #3088, .T. ) ;
#3583 = ORIENTED_EDGE ( 'NONE', *, *, #3679, .T. ) ;
#3584 =( GEOMETRIC_REPRESENTATION_CONTEXT ( 3 ) GLOBAL_UNCERTAINTY_ASSIGNED_CONTEXT ( ( #3765 ) ) GLOBAL_UNIT_ASSIGNED_CONTEXT ( ( #999, #2349, #622 ) ) REPRESENTATION_CONTEXT ( 'NONE', 'WORKASPACE' ) );
#3585 = CARTESIAN_POINT ( 'NONE',  ( 3.325000000000000178, 2.699999999999999734, 0.1137500000000000039 ) ) ;
#3586 = EDGE_CURVE ( 'NONE', #2098, #3881, #3769, .T. ) ;
#3587 = DIRECTION ( 'NONE',  ( 1.000000000000000000, 0.000000000000000000, 0.000000000000000000 ) ) ;
#3588 = ORIENTED_EDGE ( 'NONE', *, *, #1117, .F. ) ;
#3589 = ORIENTED_EDGE ( 'NONE', *, *, #5129, .T. ) ;
#3590 = DIRECTION ( 'NONE',  ( 0.000000000000000000, -1.000000000000000000, 0.000000000000000000 ) ) ;
#3591 = ORIENTED_EDGE ( 'NONE', *, *, #2512, .T. ) ;
#3592 = EDGE_LOOP ( 'NONE', ( #4537, #5137, #3173, #5030 ) ) ;
#3593 = DIRECTION ( 'NONE',  ( 0.000000000000000000, -1.000000000000000000, 0.000000000000000000 ) ) ;
#3594 = EDGE_CURVE ( 'NONE', #4444, #3558, #4208, .T. ) ;
#3595 = CARTESIAN_POINT ( 'NONE',  ( 2.389999999999999680, 1.849999999999999645, 1.680000000000000160 ) ) ;
#3596 = LINE ( 'NONE', #629, #4797 ) ;
#3597 = ORIENTED_EDGE ( 'NONE', *, *, #3775, .F. ) ;
#3598 = CARTESIAN_POINT ( 'NONE',  ( -2.680000000000000160, 0.6699999999999995959, 0.8750000000000000000 ) ) ;
#3599 = DIRECTION ( 'NONE',  ( 0.000000000000000000, -1.000000000000000000, 0.000000000000000000 ) ) ;
#3600 = DIRECTION ( 'NONE',  ( 0.000000000000000000, 0.000000000000000000, 1.000000000000000000 ) ) ;
#3601 = AXIS2_PLACEMENT_3D ( 'NONE', #2658, #3427, #4666 ) ;
#3602 = LINE ( 'NONE', #3262, #3990 ) ;
#3603 = DIRECTION ( 'NONE',  ( 0.000000000000000000, 0.000000000000000000, -1.000000000000000000 ) ) ;
#3604 = VERTEX_POINT ( 'NONE', #1016 ) ;
#3605 = VERTEX_POINT ( 'NONE', #234 ) ;
#3606 = VECTOR ( 'NONE', #2059, 1000.000000000000000 ) ;
#3607 = SURFACE_STYLE_FILL_AREA ( #239 ) ;
#3608 = VECTOR ( 'NONE', #1998, 1000.000000000000000 ) ;
#3609 = DIRECTION ( 'NONE',  ( 0.000000000000000000, -1.000000000000000000, 0.000000000000000000 ) ) ;
#3610 = ORIENTED_EDGE ( 'NONE', *, *, #3345, .T. ) ;
#3611 = ORIENTED_EDGE ( 'NONE', *, *, #392, .F. ) ;
#3612 = EDGE_CURVE ( 'NONE', #3830, #3719, #3459, .T. ) ;
#3613 = EDGE_CURVE ( 'NONE', #1456, #2952, #1834, .T. ) ;
#3614 = ORIENTED_EDGE ( 'NONE', *, *, #621, .F. ) ;
#3615 = ADVANCED_FACE ( 'NONE', ( #149, #1480, #3570 ), #634, .T. ) ;
#3616 = DIRECTION ( 'NONE',  ( 0.000000000000000000, -1.000000000000000000, 0.000000000000000000 ) ) ;
#3617 = CARTESIAN_POINT ( 'NONE',  ( -0.001500000000000000031, 0.004949999999999999539, 0.000000000000000000 ) ) ;
#3618 = ORIENTED_EDGE ( 'NONE', *, *, #4842, .T. ) ;
#3619 = CARTESIAN_POINT ( 'NONE',  ( -0.3199999999999999512, 1.269999999999999352, -0.8750000000000000000 ) ) ;
#3620 = EDGE_LOOP ( 'NONE', ( #1203, #509, #5417, #1710 ) ) ;
#3621 = LINE ( 'NONE', #4761, #404 ) ;
#3622 = CARTESIAN_POINT ( 'NONE',  ( -2.680000000000000160, 0.6699999999999995959, -0.8750000000000000000 ) ) ;
#3623 = EDGE_CURVE ( 'NONE', #1025, #1656, #3073, .T. ) ;
#3624 = CARTESIAN_POINT ( 'NONE',  ( 3.325000000000000178, 1.449999999999999512, -0.04250000000000000305 ) ) ;
#3625 = VERTEX_POINT ( 'NONE', #606 ) ;
#3626 = CARTESIAN_POINT ( 'NONE',  ( 1.939999999999999947, 1.699999999999999734, 1.680000000000000160 ) ) ;
#3627 = CARTESIAN_POINT ( 'NONE',  ( 3.325000000000000178, 1.269999999999999352, -0.8750000000000000000 ) ) ;
#3628 = DIRECTION ( 'NONE',  ( 1.000000000000000000, 0.000000000000000000, 0.000000000000000000 ) ) ;
#3629 = CARTESIAN_POINT ( 'NONE',  ( -0.3199999999999999512, -8.673617379884035472E-16, -1.270000000000000018 ) ) ;
#3630 = DIRECTION ( 'NONE',  ( 0.000000000000000000, 0.000000000000000000, 1.000000000000000000 ) ) ;
#3631 = ADVANCED_FACE ( 'NONE', ( #2277 ), #3958, .T. ) ;
#3632 = VERTEX_POINT ( 'NONE', #4286 ) ;
#3633 = ORIENTED_EDGE ( 'NONE', *, *, #1070, .T. ) ;
#3634 = PLANE ( 'NONE',  #1441 ) ;
#3635 = VERTEX_POINT ( 'NONE', #4748 ) ;
#3636 = VECTOR ( 'NONE', #2800, 1000.000000000000000 ) ;
#3637 = ORIENTED_EDGE ( 'NONE', *, *, #2897, .T. ) ;
#3638 = EDGE_CURVE ( 'NONE', #3881, #2975, #204, .T. ) ;
#3639 = LINE ( 'NONE', #3585, #56 ) ;
#3640 = VECTOR ( 'NONE', #2425, 1000.000000000000000 ) ;
#3641 = VECTOR ( 'NONE', #742, 1000.000000000000000 ) ;
#3642 = CARTESIAN_POINT ( 'NONE',  ( -2.799999999999999822, 9.350000000000001421, -1.935000000000000053 ) ) ;
#3643 = VECTOR ( 'NONE', #2069, 1000.000000000000000 ) ;
#3644 = EDGE_CURVE ( 'NONE', #977, #4215, #2249, .T. ) ;
#3645 = ORIENTED_EDGE ( 'NONE', *, *, #3480, .T. ) ;
#3646 = CARTESIAN_POINT ( 'NONE',  ( 3.325000000000000178, 2.699999999999999734, 0.1137500000000000039 ) ) ;
#3647 = VECTOR ( 'NONE', #3409, 1000.000000000000000 ) ;
#3648 = ORIENTED_EDGE ( 'NONE', *, *, #1557, .F. ) ;
#3649 = ORIENTED_EDGE ( 'NONE', *, *, #3198, .T. ) ;
#3650 = DIRECTION ( 'NONE',  ( 1.000000000000000000, 0.000000000000000000, 0.000000000000000000 ) ) ;
#3651 = DIRECTION ( 'NONE',  ( 0.000000000000000000, -1.000000000000000000, 0.000000000000000000 ) ) ;
#3652 = FACE_OUTER_BOUND ( 'NONE', #3001, .T. ) ;
#3653 = EDGE_LOOP ( 'NONE', ( #463, #4394, #970, #554, #3311, #3182 ) ) ;
#3654 = DIRECTION ( 'NONE',  ( 0.000000000000000000, 1.000000000000000000, 0.000000000000000000 ) ) ;
#3655 = CARTESIAN_POINT ( 'NONE',  ( -6.325000000000001066, 1.269999999999999352, -0.8750000000000000000 ) ) ;
#3656 = LINE ( 'NONE', #5323, #2850 ) ;
#3657 = DIRECTION ( 'NONE',  ( 0.000000000000000000, 1.000000000000000000, 0.000000000000000000 ) ) ;
#3658 = EDGE_CURVE ( 'NONE', #238, #3946, #2662, .T. ) ;
#3659 = DIRECTION ( 'NONE',  ( 0.000000000000000000, 0.000000000000000000, 1.000000000000000000 ) ) ;
#3660 = EDGE_LOOP ( 'NONE', ( #2617, #5173, #2120, #1964 ) ) ;
#3661 = VERTEX_POINT ( 'NONE', #3930 ) ;
#3662 = CARTESIAN_POINT ( 'NONE',  ( -4.269999999999999574, 3.299999999999999378, -1.250000000000000000 ) ) ;
#3663 = LINE ( 'NONE', #2801, #3287 ) ;
#3664 = EDGE_LOOP ( 'NONE', ( #5307, #1836, #2513, #3353, #3008, #2475, #459, #1289, #1600, #1662, #4115, #103, #3216, #3952, #2374 ) ) ;
#3665 = VECTOR ( 'NONE', #4302, 1000.000000000000000 ) ;
#3666 = EDGE_LOOP ( 'NONE', ( #989, #2121, #4892, #2427, #2985 ) ) ;
#3667 = LINE ( 'NONE', #2347, #1439 ) ;
#3668 = VECTOR ( 'NONE', #1383, 1000.000000000000000 ) ;
#3669 = CARTESIAN_POINT ( 'NONE',  ( -3.319999999999999840, 1.269999999999999352, 0.8750000000000000000 ) ) ;
#3670 = ORIENTED_EDGE ( 'NONE', *, *, #4242, .T. ) ;
#3671 = FACE_OUTER_BOUND ( 'NONE', #5140, .T. ) ;
#3672 = VERTEX_POINT ( 'NONE', #1889 ) ;
#3673 = ADVANCED_FACE ( 'NONE', ( #1042 ), #1862, .T. ) ;
#3674 = CARTESIAN_POINT ( 'NONE',  ( 0.3199999999999999512, 6.899999999999999467, -0.3200000000000000067 ) ) ;
#3675 = PLANE ( 'NONE',  #5235 ) ;
#3676 = DIRECTION ( 'NONE',  ( -1.000000000000000000, 0.000000000000000000, 0.000000000000000000 ) ) ;
#3677 = ORIENTED_EDGE ( 'NONE', *, *, #3594, .T. ) ;
#3678 = LINE ( 'NONE', #2819, #2549 ) ;
#3679 = EDGE_CURVE ( 'NONE', #183, #4813, #526, .T. ) ;
#3680 = EDGE_CURVE ( 'NONE', #3286, #2098, #3902, .T. ) ;
#3681 = CARTESIAN_POINT ( 'NONE',  ( 3.325000000000000178, -8.673617379884035472E-16, 1.270000000000000018 ) ) ;
#3682 = DIRECTION ( 'NONE',  ( 0.000000000000000000, 1.000000000000000000, 0.000000000000000000 ) ) ;
#3683 = CARTESIAN_POINT ( 'NONE',  ( -0.3199999999999999512, 1.349999999999999645, -1.930000000000000160 ) ) ;
#3684 = LINE ( 'NONE', #337, #4599 ) ;
#3685 = DIRECTION ( 'NONE',  ( 0.000000000000000000, 0.000000000000000000, -1.000000000000000000 ) ) ;
#3686 = ORIENTED_EDGE ( 'NONE', *, *, #3944, .T. ) ;
#3687 = DIRECTION ( 'NONE',  ( -1.000000000000000000, 0.000000000000000000, 0.000000000000000000 ) ) ;
#3688 = AXIS2_PLACEMENT_3D ( 'NONE', #3176, #1013, #4038 ) ;
#3689 = ADVANCED_FACE ( 'NONE', ( #5188 ), #5215, .T. ) ;
#3690 = DIRECTION ( 'NONE',  ( 1.000000000000000000, 0.000000000000000000, 0.000000000000000000 ) ) ;
#3691 = CARTESIAN_POINT ( 'NONE',  ( 1.939999999999999947, 1.269999999999999352, 0.8750000000000000000 ) ) ;
#3692 = ORIENTED_EDGE ( 'NONE', *, *, #4373, .T. ) ;
#3693 = VECTOR ( 'NONE', #384, 1000.000000000000000 ) ;
#3694 = EDGE_LOOP ( 'NONE', ( #3147, #3591, #3589, #2832 ) ) ;
#3695 = DIRECTION ( 'NONE',  ( 1.000000000000000000, 0.000000000000000000, 0.000000000000000000 ) ) ;
#3696 = LINE ( 'NONE', #727, #5303 ) ;
#3697 = EDGE_CURVE ( 'NONE', #616, #3911, #3879, .T. ) ;
#3698 = ORIENTED_EDGE ( 'NONE', *, *, #4508, .T. ) ;
#3699 = ORIENTED_EDGE ( 'NONE', *, *, #3514, .T. ) ;
#3700 = EDGE_CURVE ( 'NONE', #342, #3984, #552, .T. ) ;
#3701 = DIRECTION ( 'NONE',  ( 0.000000000000000000, 1.000000000000000000, 0.000000000000000000 ) ) ;
#3702 = DIRECTION ( 'NONE',  ( -0.7071067811865475727, 0.7071067811865475727, 0.000000000000000000 ) ) ;
#3703 = DIRECTION ( 'NONE',  ( 0.000000000000000000, 0.000000000000000000, -1.000000000000000000 ) ) ;
#3704 = ORIENTED_EDGE ( 'NONE', *, *, #2550, .F. ) ;
#3705 = LINE ( 'NONE', #821, #3250 ) ;
#3706 = DIRECTION ( 'NONE',  ( 0.000000000000000000, 0.000000000000000000, 1.000000000000000000 ) ) ;
#3707 = EDGE_CURVE ( 'NONE', #3286, #4760, #4800, .T. ) ;
#3708 = DIRECTION ( 'NONE',  ( 0.9486832980505238710, 0.3162277660168079652, -0.000000000000000000 ) ) ;
#3709 = EDGE_CURVE ( 'NONE', #5058, #1475, #3602, .T. ) ;
#3710 = PLANE ( 'NONE',  #1701 ) ;
#3711 = EDGE_CURVE ( 'NONE', #2261, #238, #5375, .T. ) ;
#3712 = CARTESIAN_POINT ( 'NONE',  ( -3.319999999999999840, -8.673617379884035472E-16, -1.930000000000000160 ) ) ;
#3713 = DIRECTION ( 'NONE',  ( 0.000000000000000000, 0.000000000000000000, -1.000000000000000000 ) ) ;
#3714 = VERTEX_POINT ( 'NONE', #5325 ) ;
#3715 = PLANE ( 'NONE',  #1931 ) ;
#3716 = LINE ( 'NONE', #423, #132 ) ;
#3717 = CARTESIAN_POINT ( 'NONE',  ( 0.3199999999999999512, 0.6999999999999992895, -0.3200000000000000067 ) ) ;
#3718 = VECTOR ( 'NONE', #4520, 1000.000000000000000 ) ;
#3719 = VERTEX_POINT ( 'NONE', #689 ) ;
#3720 = DIRECTION ( 'NONE',  ( 1.000000000000000000, 0.000000000000000000, 0.000000000000000000 ) ) ;
#3721 = DIRECTION ( 'NONE',  ( 0.000000000000000000, -1.000000000000000000, 0.000000000000000000 ) ) ;
#3722 = VECTOR ( 'NONE', #4183, 1000.000000000000000 ) ;
#3723 = ORIENTED_EDGE ( 'NONE', *, *, #2126, .T. ) ;
#3724 = ORIENTED_EDGE ( 'NONE', *, *, #3380, .T. ) ;
#3725 = VERTEX_POINT ( 'NONE', #1591 ) ;
#3726 = VECTOR ( 'NONE', #131, 1000.000000000000000 ) ;
#3727 = VECTOR ( 'NONE', #1936, 1000.000000000000000 ) ;
#3728 = PLANE ( 'NONE',  #2579 ) ;
#3729 = DIRECTION ( 'NONE',  ( 0.3015113445777909407, -0.9045340337332726799, -0.3015113445777909407 ) ) ;
#3730 = VECTOR ( 'NONE', #5353, 1000.000000000000000 ) ;
#3731 = LINE ( 'NONE', #5319, #4887 ) ;
#3732 = ORIENTED_EDGE ( 'NONE', *, *, #104, .F. ) ;
#3733 = AXIS2_PLACEMENT_3D ( 'NONE', #1458, #5254, #5166 ) ;
#3734 = DIRECTION ( 'NONE',  ( 0.000000000000000000, 0.000000000000000000, 1.000000000000000000 ) ) ;
#3735 = FACE_OUTER_BOUND ( 'NONE', #470, .T. ) ;
#3736 = CARTESIAN_POINT ( 'NONE',  ( 0.3199999999999999512, -8.673617379884035472E-16, 1.270000000000000018 ) ) ;
#3737 = DIRECTION ( 'NONE',  ( 0.000000000000000000, -1.000000000000000000, 0.000000000000000000 ) ) ;
#3738 = DIRECTION ( 'NONE',  ( 1.000000000000000000, 0.000000000000000000, 0.000000000000000000 ) ) ;
#3739 = ORIENTED_EDGE ( 'NONE', *, *, #3097, .F. ) ;
#3740 = ADVANCED_FACE ( 'NONE', ( #1917 ), #4937, .T. ) ;
#3741 = DIRECTION ( 'NONE',  ( 0.000000000000000000, -1.000000000000000000, 0.000000000000000000 ) ) ;
#3742 = DIRECTION ( 'NONE',  ( 1.000000000000000000, 0.000000000000000000, 0.000000000000000000 ) ) ;
#3743 = CARTESIAN_POINT ( 'NONE',  ( -1.975000000000000089, 9.049999999999998934, 1.930000000000000160 ) ) ;
#3744 = CARTESIAN_POINT ( 'NONE',  ( 3.325000000000000178, 2.301063802837999717, 0.2700000000000000178 ) ) ;
#3745 = ORIENTED_EDGE ( 'NONE', *, *, #4445, .F. ) ;
#3746 = CARTESIAN_POINT ( 'NONE',  ( 1.925000000000000044, 9.899999999999998579, 0.7500000000000000000 ) ) ;
#3747 = CARTESIAN_POINT ( 'NONE',  ( -6.325000000000001066, -8.673617379884035472E-16, 0.7500000000000000000 ) ) ;
#3748 = ORIENTED_EDGE ( 'NONE', *, *, #5157, .F. ) ;
#3749 = ORIENTED_EDGE ( 'NONE', *, *, #2379, .T. ) ;
#3750 = VECTOR ( 'NONE', #653, 1000.000000000000000 ) ;
#3751 = FACE_OUTER_BOUND ( 'NONE', #3857, .T. ) ;
#3752 = VECTOR ( 'NONE', #1210, 1000.000000000000000 ) ;
#3753 = DIRECTION ( 'NONE',  ( 0.000000000000000000, 0.000000000000000000, -1.000000000000000000 ) ) ;
#3754 = EDGE_CURVE ( 'NONE', #2664, #3881, #2361, .T. ) ;
#3755 = DIRECTION ( 'NONE',  ( 0.000000000000000000, 0.000000000000000000, 1.000000000000000000 ) ) ;
#3756 = VERTEX_POINT ( 'NONE', #3629 ) ;
#3757 = CARTESIAN_POINT ( 'NONE',  ( -1.729999999999999982, 9.899999999999998579, -1.250000000000000000 ) ) ;
#3758 = EDGE_CURVE ( 'NONE', #2998, #5378, #4530, .T. ) ;
#3759 = AXIS2_PLACEMENT_3D ( 'NONE', #417, #2495, #3320 ) ;
#3760 = LINE ( 'NONE', #8, #98 ) ;
#3761 = CARTESIAN_POINT ( 'NONE',  ( 2.674999999999999822, -8.673617379884035472E-16, 2.469999999999999751 ) ) ;
#3762 = CARTESIAN_POINT ( 'NONE',  ( -6.325000000000001066, 8.500000000000000000, -1.930000000000000160 ) ) ;
#3763 = FACE_OUTER_BOUND ( 'NONE', #2743, .T. ) ;
#3764 = EDGE_LOOP ( 'NONE', ( #3931, #1078, #4351, #3031 ) ) ;
#3765 = UNCERTAINTY_MEASURE_WITH_UNIT (LENGTH_MEASURE( 1.000000000000000082E-05 ), #999, 'distance_accuracy_value', 'NONE');
#3766 = LINE ( 'NONE', #2423, #187 ) ;
#3767 = LINE ( 'NONE', #5055, #619 ) ;
#3768 = DIRECTION ( 'NONE',  ( 1.000000000000000000, 0.000000000000000000, 0.000000000000000000 ) ) ;
#3769 = LINE ( 'NONE', #1265, #4248 ) ;
#3770 = ORIENTED_EDGE ( 'NONE', *, *, #3594, .F. ) ;
#3771 = DIRECTION ( 'NONE',  ( 1.000000000000000000, 0.000000000000000000, 0.000000000000000000 ) ) ;
#3772 = CARTESIAN_POINT ( 'NONE',  ( -2.879999999999999893, -3.180000000000000604, 0.1200000000000000094 ) ) ;
#3773 = VECTOR ( 'NONE', #438, 1000.000000000000000 ) ;
#3774 = ADVANCED_FACE ( 'NONE', ( #1179 ), #3710, .T. ) ;
#3775 = EDGE_CURVE ( 'NONE', #4983, #2319, #1943, .T. ) ;
#3776 = VERTEX_POINT ( 'NONE', #259 ) ;
#3777 = EDGE_LOOP ( 'NONE', ( #491, #1372, #1011, #1875 ) ) ;
#3778 = EDGE_CURVE ( 'NONE', #3218, #2197, #3235, .T. ) ;
#3779 = ORIENTED_EDGE ( 'NONE', *, *, #2079, .T. ) ;
#3780 = VECTOR ( 'NONE', #514, 1000.000000000000000 ) ;
#3781 = CARTESIAN_POINT ( 'NONE',  ( -6.325000000000001066, 0.6699999999999995959, 1.270000000000000018 ) ) ;
#3782 = CARTESIAN_POINT ( 'NONE',  ( -6.025000000000001243, -1.400000000000000133, 1.869999999999999885 ) ) ;
#3783 = ORIENTED_EDGE ( 'NONE', *, *, #2541, .T. ) ;
#3784 = VECTOR ( 'NONE', #3590, 1000.000000000000000 ) ;
#3785 = CARTESIAN_POINT ( 'NONE',  ( -1.025000000000000133, 1.849999999999999645, 2.429999999999999716 ) ) ;
#3786 = DIRECTION ( 'NONE',  ( 0.000000000000000000, 0.000000000000000000, 1.000000000000000000 ) ) ;
#3787 = EDGE_CURVE ( 'NONE', #2797, #2744, #4911, .T. ) ;
#3788 = DIRECTION ( 'NONE',  ( -1.000000000000000000, 0.000000000000000000, 0.000000000000000000 ) ) ;
#3789 = CARTESIAN_POINT ( 'NONE',  ( -2.680000000000000160, 0.6999999999999992895, -0.3200000000000000067 ) ) ;
#3790 = EDGE_LOOP ( 'NONE', ( #431, #3961, #4451, #3425 ) ) ;
#3791 = CARTESIAN_POINT ( 'NONE',  ( 2.674999999999999822, -8.673617379884035472E-16, 1.570000000000000062 ) ) ;
#3792 = ORIENTED_EDGE ( 'NONE', *, *, #5029, .F. ) ;
#3793 = DIRECTION ( 'NONE',  ( 0.000000000000000000, -1.000000000000000000, 0.000000000000000000 ) ) ;
#3794 = CARTESIAN_POINT ( 'NONE',  ( -6.325000000000001066, -8.673617379884035472E-16, 1.270000000000000018 ) ) ;
#3795 = DIRECTION ( 'NONE',  ( 0.000000000000000000, 1.000000000000000000, 0.000000000000000000 ) ) ;
#3796 = FACE_OUTER_BOUND ( 'NONE', #1247, .T. ) ;
#3797 = ADVANCED_FACE ( 'NONE', ( #1534 ), #4474, .T. ) ;
#3798 = ORIENTED_EDGE ( 'NONE', *, *, #600, .F. ) ;
#3799 = LINE ( 'NONE', #836, #1625 ) ;
#3800 = CARTESIAN_POINT ( 'NONE',  ( 3.325000000000000178, 1.849999999999999645, 1.430000000000000160 ) ) ;
#3801 = VERTEX_POINT ( 'NONE', #1153 ) ;
#3802 = ORIENTED_EDGE ( 'NONE', *, *, #4321, .F. ) ;
#3803 = ORIENTED_EDGE ( 'NONE', *, *, #2900, .T. ) ;
#3804 = ADVANCED_FACE ( 'NONE', ( #2794 ), #2443, .T. ) ;
#3805 = EDGE_CURVE ( 'NONE', #481, #4571, #4041, .T. ) ;
#3806 = LINE ( 'NONE', #2099, #881 ) ;
#3807 = CARTESIAN_POINT ( 'NONE',  ( 3.325000000000000178, 2.301063802837999717, 0.2700000000000000178 ) ) ;
#3808 = ORIENTED_EDGE ( 'NONE', *, *, #4082, .F. ) ;
#3809 = CARTESIAN_POINT ( 'NONE',  ( -2.680000000000000160, -3.180000000000000604, 0.3200000000000000067 ) ) ;
#3810 = VECTOR ( 'NONE', #5134, 1000.000000000000000 ) ;
#3811 = AXIS2_PLACEMENT_3D ( 'NONE', #3226, #4573, #4958 ) ;
#3812 = DIRECTION ( 'NONE',  ( 0.000000000000000000, -1.000000000000000000, 0.000000000000000000 ) ) ;
#3813 = CARTESIAN_POINT ( 'NONE',  ( -2.799999999999999822, 8.149999999999998579, -3.135000000000000231 ) ) ;
#3814 = AXIS2_PLACEMENT_3D ( 'NONE', #3294, #4882, #715 ) ;
#3815 = VECTOR ( 'NONE', #1132, 1000.000000000000000 ) ;
#3816 = EDGE_CURVE ( 'NONE', #177, #1156, #2028, .T. ) ;
#3817 = CARTESIAN_POINT ( 'NONE',  ( -5.674999999999999822, -1.150000000000000799, 1.570000000000000062 ) ) ;
#3818 = ORIENTED_EDGE ( 'NONE', *, *, #4373, .F. ) ;
#3819 = DIRECTION ( 'NONE',  ( 0.000000000000000000, 0.000000000000000000, -1.000000000000000000 ) ) ;
#3820 = ORIENTED_EDGE ( 'NONE', *, *, #127, .F. ) ;
#3821 = VECTOR ( 'NONE', #3382, 1000.000000000000000 ) ;
#3822 = CARTESIAN_POINT ( 'NONE',  ( -3.319999999999999840, -2.580000000000000515, 0.3200000000000000067 ) ) ;
#3823 = LINE ( 'NONE', #499, #1055 ) ;
#3824 = LINE ( 'NONE', #1342, #3810 ) ;
#3825 = CARTESIAN_POINT ( 'NONE',  ( 2.389999999999999680, -8.673617379884035472E-16, -1.930000000000000160 ) ) ;
#3826 = ADVANCED_FACE ( 'NONE', ( #336 ), #2002, .T. ) ;
#3827 = ORIENTED_EDGE ( 'NONE', *, *, #2224, .F. ) ;
#3828 = DIRECTION ( 'NONE',  ( 0.000000000000000000, 0.000000000000000000, 1.000000000000000000 ) ) ;
#3829 = LINE ( 'NONE', #5061, #2413 ) ;
#3830 = VERTEX_POINT ( 'NONE', #2337 ) ;
#3831 = ORIENTED_EDGE ( 'NONE', *, *, #3863, .F. ) ;
#3832 = ORIENTED_EDGE ( 'NONE', *, *, #1254, .F. ) ;
#3833 = VECTOR ( 'NONE', #3651, 1000.000000000000000 ) ;
#3834 = PLANE ( 'NONE',  #1996 ) ;
#3835 = ORIENTED_EDGE ( 'NONE', *, *, #3644, .T. ) ;
#3836 = DIRECTION ( 'NONE',  ( 1.000000000000000000, 0.000000000000000000, 0.000000000000000000 ) ) ;
#3837 = VECTOR ( 'NONE', #2030, 1000.000000000000000 ) ;
#3838 = FACE_OUTER_BOUND ( 'NONE', #4288, .T. ) ;
#3839 = LINE ( 'NONE', #5203, #3665 ) ;
#3840 = VECTOR ( 'NONE', #3229, 1000.000000000000000 ) ;
#3841 = DIRECTION ( 'NONE',  ( 0.000000000000000000, 0.000000000000000000, 1.000000000000000000 ) ) ;
#3842 = EDGE_CURVE ( 'NONE', #346, #4483, #1507, .T. ) ;
#3843 = ORIENTED_EDGE ( 'NONE', *, *, #5336, .T. ) ;
#3844 = EDGE_CURVE ( 'NONE', #2678, #254, #2768, .T. ) ;
#3845 = AXIS2_PLACEMENT_3D ( 'NONE', #979, #113, #516 ) ;
#3846 = DIRECTION ( 'NONE',  ( 0.7071067811865475727, 0.7071067811865475727, -0.000000000000000000 ) ) ;
#3847 = MECHANICAL_DESIGN_GEOMETRIC_PRESENTATION_REPRESENTATION (  '', ( #2874 ), #3584 ) ;
#3848 = CARTESIAN_POINT ( 'NONE',  ( -0.3199999999999999512, 4.949999999999999289, 0.000000000000000000 ) ) ;
#3849 = ADVANCED_FACE ( 'NONE', ( #2881 ), #4555, .T. ) ;
#3850 = DIRECTION ( 'NONE',  ( 1.000000000000000000, 0.000000000000000000, 0.000000000000000000 ) ) ;
#3851 = LINE ( 'NONE', #3072, #2316 ) ;
#3852 = LINE ( 'NONE', #5104, #2667 ) ;
#3853 = ORIENTED_EDGE ( 'NONE', *, *, #3059, .T. ) ;
#3854 = AXIS2_PLACEMENT_3D ( 'NONE', #680, #2327, #2707 ) ;
#3855 = EDGE_CURVE ( 'NONE', #3575, #3085, #1983, .T. ) ;
#3856 = CARTESIAN_POINT ( 'NONE',  ( 1.939999999999999947, -8.673617379884035472E-16, -1.270000000000000018 ) ) ;
#3857 = EDGE_LOOP ( 'NONE', ( #2421, #354, #5320, #5199, #2453, #1440, #3692, #870, #4101, #1945, #645, #3225 ) ) ;
#3858 = ORIENTED_EDGE ( 'NONE', *, *, #3380, .F. ) ;
#3859 = ORIENTED_EDGE ( 'NONE', *, *, #3305, .F. ) ;
#3860 = LINE ( 'NONE', #3912, #832 ) ;
#3861 = VECTOR ( 'NONE', #2032, 1000.000000000000000 ) ;
#3862 = CARTESIAN_POINT ( 'NONE',  ( -3.319999999999999840, 0.6999999999999992895, 0.8750000000000000000 ) ) ;
#3863 = EDGE_CURVE ( 'NONE', #4270, #3558, #4925, .T. ) ;
#3864 = ORIENTED_EDGE ( 'NONE', *, *, #2160, .T. ) ;
#3865 = CARTESIAN_POINT ( 'NONE',  ( 2.389999999999999680, 0.6699999999999995959, 1.270000000000000018 ) ) ;
#3866 = AXIS2_PLACEMENT_3D ( 'NONE', #3404, #2988, #5002 ) ;
#3867 = CARTESIAN_POINT ( 'NONE',  ( 3.025000000000000355, -1.400000000000000133, 1.869999999999999885 ) ) ;
#3868 = VECTOR ( 'NONE', #1122, 1000.000000000000000 ) ;
#3869 = CARTESIAN_POINT ( 'NONE',  ( -5.389999999999999680, -8.673617379884035472E-16, -1.930000000000000160 ) ) ;
#3870 = CARTESIAN_POINT ( 'NONE',  ( -5.389999999999999680, 1.269999999999999352, 0.8750000000000000000 ) ) ;
#3871 = ORIENTED_EDGE ( 'NONE', *, *, #4960, .T. ) ;
#3872 = DIRECTION ( 'NONE',  ( -1.000000000000000000, 0.000000000000000000, 0.000000000000000000 ) ) ;
#3873 = ADVANCED_FACE ( 'NONE', ( #294 ), #2751, .T. ) ;
#3874 = FACE_OUTER_BOUND ( 'NONE', #886, .T. ) ;
#3875 = EDGE_CURVE ( 'NONE', #4444, #3026, #3667, .T. ) ;
#3876 = CARTESIAN_POINT ( 'NONE',  ( 2.364999999999999769, 9.459999999999999076, 1.930000000000000160 ) ) ;
#3877 = EDGE_CURVE ( 'NONE', #2015, #3528, #4436, .T. ) ;
#3878 = DIRECTION ( 'NONE',  ( 1.000000000000000000, 0.000000000000000000, 0.000000000000000000 ) ) ;
#3879 = LINE ( 'NONE', #4311, #4603 ) ;
#3880 = VERTEX_POINT ( 'NONE', #4895 ) ;
#3881 = VERTEX_POINT ( 'NONE', #1110 ) ;
#3882 = LINE ( 'NONE', #1735, #660 ) ;
#3883 = PLANE ( 'NONE',  #1999 ) ;
#3884 = VERTEX_POINT ( 'NONE', #2399 ) ;
#3885 = ORIENTED_EDGE ( 'NONE', *, *, #1151, .T. ) ;
#3886 = LINE ( 'NONE', #3111, #137 ) ;
#3887 = AXIS2_PLACEMENT_3D ( 'NONE', #5133, #4798, #118 ) ;
#3888 = LINE ( 'NONE', #57, #594 ) ;
#3889 = ORIENTED_EDGE ( 'NONE', *, *, #454, .T. ) ;
#3890 = LINE ( 'NONE', #1715, #1841 ) ;
#3891 = LINE ( 'NONE', #2161, #2803 ) ;
#3892 = DIRECTION ( 'NONE',  ( 0.000000000000000000, 1.000000000000000000, 0.000000000000000000 ) ) ;
#3893 = LINE ( 'NONE', #981, #1908 ) ;
#3894 = VECTOR ( 'NONE', #3327, 1000.000000000000000 ) ;
#3895 = ORIENTED_EDGE ( 'NONE', *, *, #779, .T. ) ;
#3896 = PLANE ( 'NONE',  #1029 ) ;
#3897 = LINE ( 'NONE', #3041, #3333 ) ;
#3898 = VECTOR ( 'NONE', #1028, 1000.000000000000114 ) ;
#3899 = VECTOR ( 'NONE', #5010, 1000.000000000000000 ) ;
#3900 = FACE_OUTER_BOUND ( 'NONE', #5257, .T. ) ;
#3901 = CARTESIAN_POINT ( 'NONE',  ( -5.389999999999999680, 0.6699999999999995959, -1.270000000000000018 ) ) ;
#3902 = LINE ( 'NONE', #3046, #406 ) ;
#3903 = AXIS2_PLACEMENT_3D ( 'NONE', #3717, #5384, #1948 ) ;
#3904 = ORIENTED_EDGE ( 'NONE', *, *, #2408, .T. ) ;
#3905 = ORIENTED_EDGE ( 'NONE', *, *, #1117, .T. ) ;
#3906 = EDGE_CURVE ( 'NONE', #5329, #757, #2315, .T. ) ;
#3907 = LINE ( 'NONE', #3519, #2673 ) ;
#3908 = CARTESIAN_POINT ( 'NONE',  ( 0.3199999999999999512, 1.349999999999999645, -1.930000000000000160 ) ) ;
#3909 = DIRECTION ( 'NONE',  ( 0.000000000000000000, -1.000000000000000000, 0.000000000000000000 ) ) ;
#3910 = EDGE_LOOP ( 'NONE', ( #3552, #4387, #3253, #3913, #4629, #3783 ) ) ;
#3911 = VERTEX_POINT ( 'NONE', #4460 ) ;
#3912 = CARTESIAN_POINT ( 'NONE',  ( -4.939999999999999503, 0.6699999999999995959, -1.270000000000000018 ) ) ;
#3913 = ORIENTED_EDGE ( 'NONE', *, *, #2445, .T. ) ;
#3914 = DIRECTION ( 'NONE',  ( -1.000000000000000000, 0.000000000000000000, 0.000000000000000000 ) ) ;
#3915 = VERTEX_POINT ( 'NONE', #3555 ) ;
#3916 = LINE ( 'NONE', #2650, #3727 ) ;
#3917 = EDGE_CURVE ( 'NONE', #4053, #2156, #4515, .T. ) ;
#3918 = DIRECTION ( 'NONE',  ( 1.000000000000000000, 0.000000000000000000, 0.000000000000000000 ) ) ;
#3919 = DIRECTION ( 'NONE',  ( 1.000000000000000000, 0.000000000000000000, 0.000000000000000000 ) ) ;
#3920 = VERTEX_POINT ( 'NONE', #1080 ) ;
#3921 = EDGE_CURVE ( 'NONE', #1928, #2299, #2834, .T. ) ;
#3922 = DIRECTION ( 'NONE',  ( 1.000000000000000000, 0.000000000000000000, 0.000000000000000000 ) ) ;
#3923 = VECTOR ( 'NONE', #1645, 1000.000000000000000 ) ;
#3924 = DIRECTION ( 'NONE',  ( -0.7682212795973758501, 0.6401843996644798196, 0.000000000000000000 ) ) ;
#3925 = AXIS2_PLACEMENT_3D ( 'NONE', #5345, #3676, #4195 ) ;
#3926 = CARTESIAN_POINT ( 'NONE',  ( -0.3199999999999999512, 1.349999999999999645, 1.680000000000000160 ) ) ;
#3927 = LINE ( 'NONE', #3015, #2222 ) ;
#3928 = EDGE_CURVE ( 'NONE', #2389, #2616, #726, .T. ) ;
#3929 = VECTOR ( 'NONE', #128, 1000.000000000000000 ) ;
#3930 = CARTESIAN_POINT ( 'NONE',  ( -2.680000000000000160, 1.349999999999999645, 1.680000000000000160 ) ) ;
#3931 = ORIENTED_EDGE ( 'NONE', *, *, #3161, .T. ) ;
#3932 = ORIENTED_EDGE ( 'NONE', *, *, #4389, .T. ) ;
#3933 = VECTOR ( 'NONE', #5021, 1000.000000000000000 ) ;
#3934 = DIRECTION ( 'NONE',  ( -1.000000000000000000, 0.000000000000000000, 0.000000000000000000 ) ) ;
#3935 = CARTESIAN_POINT ( 'NONE',  ( -2.680000000000000160, 0.6699999999999995959, -1.270000000000000018 ) ) ;
#3936 = ORIENTED_EDGE ( 'NONE', *, *, #5014, .T. ) ;
#3937 = ORIENTED_EDGE ( 'NONE', *, *, #4372, .F. ) ;
#3938 = ORIENTED_EDGE ( 'NONE', *, *, #1911, .F. ) ;
#3939 = EDGE_CURVE ( 'NONE', #585, #1107, #3639, .T. ) ;
#3940 = DIRECTION ( 'NONE',  ( 0.000000000000000000, -1.000000000000000000, 0.000000000000000000 ) ) ;
#3941 = EDGE_CURVE ( 'NONE', #3558, #4000, #4027, .T. ) ;
#3942 = ADVANCED_FACE ( 'NONE', ( #1572 ), #1137, .F. ) ;
#3943 = VERTEX_POINT ( 'NONE', #2370 ) ;
#3944 = EDGE_CURVE ( 'NONE', #183, #2447, #268, .T. ) ;
#3945 = DIRECTION ( 'NONE',  ( 1.000000000000000000, 0.000000000000000000, 0.000000000000000000 ) ) ;
#3946 = VERTEX_POINT ( 'NONE', #3165 ) ;
#3947 = AXIS2_PLACEMENT_3D ( 'NONE', #1586, #4498, #5322 ) ;
#3948 = LINE ( 'NONE', #195, #2841 ) ;
#3949 = CARTESIAN_POINT ( 'NONE',  ( -0.3199999999999999512, 1.349999999999999645, 1.649999999999999911 ) ) ;
#3950 = LINE ( 'NONE', #4413, #253 ) ;
#3951 = VECTOR ( 'NONE', #1606, 1000.000000000000000 ) ;
#3952 = ORIENTED_EDGE ( 'NONE', *, *, #3466, .F. ) ;
#3953 = DIRECTION ( 'NONE',  ( -1.000000000000000000, 0.000000000000000000, 0.000000000000000000 ) ) ;
#3954 = PLANE ( 'NONE',  #876 ) ;
#3955 = CARTESIAN_POINT ( 'NONE',  ( 3.325000000000000178, 2.301063802837999717, 0.2700000000000000178 ) ) ;
#3956 = AXIS2_PLACEMENT_3D ( 'NONE', #1555, #1174, #1966 ) ;
#3957 = LINE ( 'NONE', #1860, #2665 ) ;
#3958 = PLANE ( 'NONE',  #2502 ) ;
#3959 = PLANE ( 'NONE',  #4544 ) ;
#3960 = ORIENTED_EDGE ( 'NONE', *, *, #5051, .T. ) ;
#3961 = ORIENTED_EDGE ( 'NONE', *, *, #5044, .T. ) ;
#3962 = AXIS2_PLACEMENT_3D ( 'NONE', #1906, #4872, #1876 ) ;
#3963 = DIRECTION ( 'NONE',  ( 0.000000000000000000, -1.000000000000000000, 0.000000000000000000 ) ) ;
#3964 = LINE ( 'NONE', #611, #3105 ) ;
#3965 = ORIENTED_EDGE ( 'NONE', *, *, #1489, .F. ) ;
#3966 = EDGE_LOOP ( 'NONE', ( #3835, #4702, #2654, #2590 ) ) ;
#3967 = VERTEX_POINT ( 'NONE', #4051 ) ;
#3968 = FACE_OUTER_BOUND ( 'NONE', #789, .T. ) ;
#3969 = FILL_AREA_STYLE_COLOUR ( '', #5244 ) ;
#3970 = EDGE_LOOP ( 'NONE', ( #4860, #2242, #3167, #3418 ) ) ;
#3971 = EDGE_CURVE ( 'NONE', #1475, #5018, #3190, .T. ) ;
#3972 = DIRECTION ( 'NONE',  ( -1.000000000000000000, 0.000000000000000000, 0.000000000000000000 ) ) ;
#3973 = VERTEX_POINT ( 'NONE', #1952 ) ;
#3974 = LINE ( 'NONE', #220, #3192 ) ;
#3975 = LINE ( 'NONE', #3622, #784 ) ;
#3976 = CARTESIAN_POINT ( 'NONE',  ( 3.325000000000000178, -8.673617379884035472E-16, -1.930000000000000160 ) ) ;
#3977 = VERTEX_POINT ( 'NONE', #5258 ) ;
#3978 = LINE ( 'NONE', #229, #5008 ) ;
#3979 = DIRECTION ( 'NONE',  ( 0.000000000000000000, 0.000000000000000000, -1.000000000000000000 ) ) ;
#3980 = CARTESIAN_POINT ( 'NONE',  ( -3.319999999999999840, 3.299999999999999378, -0.3200000000000000067 ) ) ;
#3981 = DIRECTION ( 'NONE',  ( -1.000000000000000000, 0.000000000000000000, 0.000000000000000000 ) ) ;
#3982 = LINE ( 'NONE', #635, #2259 ) ;
#3983 = VERTEX_POINT ( 'NONE', #2727 ) ;
#3984 = VERTEX_POINT ( 'NONE', #3139 ) ;
#3985 = VECTOR ( 'NONE', #4310, 1000.000000000000000 ) ;
#3986 = AXIS2_PLACEMENT_3D ( 'NONE', #1852, #274, #165 ) ;
#3987 = ADVANCED_FACE ( 'NONE', ( #3220 ), #1872, .T. ) ;
#3988 = CARTESIAN_POINT ( 'NONE',  ( 1.939999999999999947, -8.673617379884035472E-16, -1.930000000000000160 ) ) ;
#3989 = FACE_OUTER_BOUND ( 'NONE', #122, .T. ) ;
#3990 = VECTOR ( 'NONE', #283, 1000.000000000000000 ) ;
#3991 = VECTOR ( 'NONE', #556, 1000.000000000000000 ) ;
#3992 = ORIENTED_EDGE ( 'NONE', *, *, #2593, .T. ) ;
#3993 = ORIENTED_EDGE ( 'NONE', *, *, #2566, .F. ) ;
#3994 = EDGE_CURVE ( 'NONE', #4803, #894, #4979, .T. ) ;
#3995 = VERTEX_POINT ( 'NONE', #2917 ) ;
#3996 = VECTOR ( 'NONE', #258, 1000.000000000000114 ) ;
#3997 = AXIS2_PLACEMENT_3D ( 'NONE', #2481, #2094, #862 ) ;
#3998 = DIRECTION ( 'NONE',  ( 0.000000000000000000, 0.000000000000000000, -1.000000000000000000 ) ) ;
#3999 =( NAMED_UNIT ( * ) PLANE_ANGLE_UNIT ( ) SI_UNIT ( $, .RADIAN. ) );
#4000 = VERTEX_POINT ( 'NONE', #452 ) ;
#4001 = ORIENTED_EDGE ( 'NONE', *, *, #3231, .F. ) ;
#4002 = FACE_OUTER_BOUND ( 'NONE', #3764, .T. ) ;
#4003 = VERTEX_POINT ( 'NONE', #5363 ) ;
#4004 = ORIENTED_EDGE ( 'NONE', *, *, #4986, .F. ) ;
#4005 = DIRECTION ( 'NONE',  ( 1.000000000000000000, 0.000000000000000000, 0.000000000000000000 ) ) ;
#4006 = LINE ( 'NONE', #4384, #1739 ) ;
#4007 = CARTESIAN_POINT ( 'NONE',  ( -3.319999999999999840, -8.673617379884035472E-16, 1.270000000000000018 ) ) ;
#4008 = ORIENTED_EDGE ( 'NONE', *, *, #4407, .F. ) ;
#4009 = FACE_OUTER_BOUND ( 'NONE', #3544, .T. ) ;
#4010 = PLANE ( 'NONE',  #2276 ) ;
#4011 = PLANE ( 'NONE',  #1359 ) ;
#4012 = EDGE_CURVE ( 'NONE', #245, #3946, #4158, .T. ) ;
#4013 = CARTESIAN_POINT ( 'NONE',  ( -3.120000000000000107, 7.500000000000000000, 0.1200000000000000094 ) ) ;
#4014 = EDGE_CURVE ( 'NONE', #1806, #2341, #4541, .T. ) ;
#4015 = DIRECTION ( 'NONE',  ( 0.000000000000000000, -1.000000000000000000, 0.000000000000000000 ) ) ;
#4016 = ORIENTED_EDGE ( 'NONE', *, *, #2564, .T. ) ;
#4017 = ORIENTED_EDGE ( 'NONE', *, *, #1796, .T. ) ;
#4018 = EDGE_CURVE ( 'NONE', #3245, #2818, #405, .T. ) ;
#4019 = VECTOR ( 'NONE', #4280, 1000.000000000000000 ) ;
#4020 = DIRECTION ( 'NONE',  ( 0.000000000000000000, 0.000000000000000000, 1.000000000000000000 ) ) ;
#4021 = CARTESIAN_POINT ( 'NONE',  ( 3.274999999999999911, 1.449999999999999512, 0.1137500000000000039 ) ) ;
#4022 = EDGE_LOOP ( 'NONE', ( #442, #1199, #1398, #184 ) ) ;
#4023 = VERTEX_POINT ( 'NONE', #5419 ) ;
#4024 = VECTOR ( 'NONE', #1611, 1000.000000000000000 ) ;
#4025 = ORIENTED_EDGE ( 'NONE', *, *, #952, .F. ) ;
#4026 = EDGE_CURVE ( 'NONE', #1461, #4210, #5060, .T. ) ;
#4027 = LINE ( 'NONE', #1462, #318 ) ;
#4028 = ORIENTED_EDGE ( 'NONE', *, *, #3707, .F. ) ;
#4029 = CARTESIAN_POINT ( 'NONE',  ( 3.325000000000000178, 8.500000000000000000, 0.7500000000000000000 ) ) ;
#4030 = ORIENTED_EDGE ( 'NONE', *, *, #4097, .F. ) ;
#4031 = EDGE_LOOP ( 'NONE', ( #1708, #3686, #1228, #381, #188, #717, #2810, #5191, #947, #1564, #972, #248, #5370, #703, #1548, #2332, #3524, #4030 ) ) ;
#4032 = DIRECTION ( 'NONE',  ( 0.6092076990801816860, -0.5076730825667846725, 0.6092076990801816860 ) ) ;
#4033 = DIRECTION ( 'NONE',  ( 0.000000000000000000, 0.000000000000000000, -1.000000000000000000 ) ) ;
#4034 = ADVANCED_FACE ( 'NONE', ( #427 ), #811, .F. ) ;
#4035 = CARTESIAN_POINT ( 'NONE',  ( -4.939999999999999503, -8.673617379884035472E-16, -1.930000000000000160 ) ) ;
#4036 = ORIENTED_EDGE ( 'NONE', *, *, #325, .F. ) ;
#4037 = CARTESIAN_POINT ( 'NONE',  ( 3.325000000000000178, -1.150000000000000799, 2.469999999999999751 ) ) ;
#4038 = DIRECTION ( 'NONE',  ( 0.000000000000000000, 0.000000000000000000, 1.000000000000000000 ) ) ;
#4039 = DIRECTION ( 'NONE',  ( 0.000000000000000000, -1.000000000000000000, 0.000000000000000000 ) ) ;
#4040 = VECTOR ( 'NONE', #2711, 1000.000000000000000 ) ;
#4041 = LINE ( 'NONE', #367, #4429 ) ;
#4042 = CARTESIAN_POINT ( 'NONE',  ( 3.325000000000000178, 1.849999999999999645, 1.430000000000000160 ) ) ;
#4043 = ORIENTED_EDGE ( 'NONE', *, *, #2293, .F. ) ;
#4044 = ORIENTED_EDGE ( 'NONE', *, *, #672, .T. ) ;
#4045 = ADVANCED_FACE ( 'NONE', ( #2534 ), #4593, .T. ) ;
#4046 = EDGE_CURVE ( 'NONE', #1000, #3054, #3799, .T. ) ;
#4047 = CARTESIAN_POINT ( 'NONE',  ( 1.269999999999999796, 9.899999999999998579, 1.250000000000000000 ) ) ;
#4048 = LINE ( 'NONE', #3691, #3640 ) ;
#4049 = ORIENTED_EDGE ( 'NONE', *, *, #4341, .T. ) ;
#4050 = ORIENTED_EDGE ( 'NONE', *, *, #2021, .F. ) ;
#4051 = CARTESIAN_POINT ( 'NONE',  ( 2.364999999999999769, 9.459999999999999076, 1.930000000000000160 ) ) ;
#4052 = PLANE ( 'NONE',  #1093 ) ;
#4053 = VERTEX_POINT ( 'NONE', #1245 ) ;
#4054 = CARTESIAN_POINT ( 'NONE',  ( -0.3199999999999999512, 0.6999999999999992895, -0.8750000000000000000 ) ) ;
#4055 = ORIENTED_EDGE ( 'NONE', *, *, #4673, .F. ) ;
#4056 = CARTESIAN_POINT ( 'NONE',  ( -4.939999999999999503, 1.699999999999999734, -1.930000000000000160 ) ) ;
#4057 = PLANE ( 'NONE',  #3408 ) ;
#4058 = EDGE_CURVE ( 'NONE', #545, #3164, #1652, .T. ) ;
#4059 = DIRECTION ( 'NONE',  ( 0.000000000000000000, 0.000000000000000000, -1.000000000000000000 ) ) ;
#4060 = ORIENTED_EDGE ( 'NONE', *, *, #3855, .F. ) ;
#4061 = LINE ( 'NONE', #3232, #4568 ) ;
#4062 = DIRECTION ( 'NONE',  ( 0.000000000000000000, 0.000000000000000000, -1.000000000000000000 ) ) ;
#4063 = CARTESIAN_POINT ( 'NONE',  ( -3.319999999999999840, 3.299999999999999378, -0.3200000000000000067 ) ) ;
#4064 = DIRECTION ( 'NONE',  ( 1.000000000000000000, 0.000000000000000000, 0.000000000000000000 ) ) ;
#4065 = LINE ( 'NONE', #743, #2518 ) ;
#4066 = ORIENTED_EDGE ( 'NONE', *, *, #1501, .F. ) ;
#4067 = ORIENTED_EDGE ( 'NONE', *, *, #4994, .F. ) ;
#4068 = CARTESIAN_POINT ( 'NONE',  ( 0.3199999999999999512, -8.673617379884035472E-16, 1.270000000000000018 ) ) ;
#4069 = DIRECTION ( 'NONE',  ( 0.000000000000000000, 0.000000000000000000, 1.000000000000000000 ) ) ;
#4070 = EDGE_CURVE ( 'NONE', #4378, #2664, #5009, .T. ) ;
#4071 = VERTEX_POINT ( 'NONE', #4188 ) ;
#4072 =( GEOMETRIC_REPRESENTATION_CONTEXT ( 3 ) GLOBAL_UNCERTAINTY_ASSIGNED_CONTEXT ( ( #4075 ) ) GLOBAL_UNIT_ASSIGNED_CONTEXT ( ( #1428, #4779, #1810 ) ) REPRESENTATION_CONTEXT ( 'NONE', 'WORKASPACE' ) );
#4073 = ORIENTED_EDGE ( 'NONE', *, *, #2546, .F. ) ;
#4074 = VERTEX_POINT ( 'NONE', #3746 ) ;
#4075 = UNCERTAINTY_MEASURE_WITH_UNIT (LENGTH_MEASURE( 1.000000000000000082E-05 ), #1428, 'distance_accuracy_value', 'NONE');
#4076 = CARTESIAN_POINT ( 'NONE',  ( 2.389999999999999680, -8.673617379884035472E-16, -1.270000000000000018 ) ) ;
#4077 = VECTOR ( 'NONE', #1189, 1000.000000000000000 ) ;
#4078 = VECTOR ( 'NONE', #3737, 1000.000000000000000 ) ;
#4079 = EDGE_CURVE ( 'NONE', #328, #2736, #45, .T. ) ;
#4080 = DIRECTION ( 'NONE',  ( 0.000000000000000000, -1.000000000000000000, 0.000000000000000000 ) ) ;
#4081 = VECTOR ( 'NONE', #3447, 1000.000000000000000 ) ;
#4082 = EDGE_CURVE ( 'NONE', #4402, #5136, #4135, .T. ) ;
#4083 = ADVANCED_FACE ( 'NONE', ( #1677 ), #2970, .F. ) ;
#4084 = ORIENTED_EDGE ( 'NONE', *, *, #980, .T. ) ;
#4085 = FACE_OUTER_BOUND ( 'NONE', #91, .T. ) ;
#4086 = VECTOR ( 'NONE', #2117, 1000.000000000000000 ) ;
#4087 = VERTEX_POINT ( 'NONE', #1298 ) ;
#4088 = DIRECTION ( 'NONE',  ( 0.3015113445777909407, -0.9045340337332726799, -0.3015113445777909407 ) ) ;
#4089 = CARTESIAN_POINT ( 'NONE',  ( 0.3199999999999999512, 0.6999999999999992895, -1.050000000000000044 ) ) ;
#4090 = LINE ( 'NONE', #2489, #1212 ) ;
#4091 = ORIENTED_EDGE ( 'NONE', *, *, #2698, .T. ) ;
#4092 = LINE ( 'NONE', #4145, #4735 ) ;
#4093 = EDGE_CURVE ( 'NONE', #3058, #2905, #1271, .T. ) ;
#4094 = DIRECTION ( 'NONE',  ( 0.000000000000000000, 1.000000000000000000, 0.000000000000000000 ) ) ;
#4095 = LINE ( 'NONE', #2442, #5393 ) ;
#4096 = DIRECTION ( 'NONE',  ( 1.000000000000000000, 0.000000000000000000, 0.000000000000000000 ) ) ;
#4097 = EDGE_CURVE ( 'NONE', #4813, #5128, #4950, .T. ) ;
#4098 = CARTESIAN_POINT ( 'NONE',  ( -6.325000000000001066, 0.6699999999999995959, -0.8750000000000000000 ) ) ;
#4099 = CARTESIAN_POINT ( 'NONE',  ( -6.325000000000001066, 0.6699999999999995959, 1.270000000000000018 ) ) ;
#4100 = VERTEX_POINT ( 'NONE', #782 ) ;
#4101 = ORIENTED_EDGE ( 'NONE', *, *, #2408, .F. ) ;
#4102 = ORIENTED_EDGE ( 'NONE', *, *, #215, .F. ) ;
#4103 = PLANE ( 'NONE',  #1494 ) ;
#4104 = EDGE_CURVE ( 'NONE', #341, #931, #2454, .T. ) ;
#4105 = DIRECTION ( 'NONE',  ( 0.000000000000000000, 0.000000000000000000, -1.000000000000000000 ) ) ;
#4106 = DIRECTION ( 'NONE',  ( -0.3015113445777909407, -0.9045340337332726799, -0.3015113445777909407 ) ) ;
#4107 = ORIENTED_EDGE ( 'NONE', *, *, #4211, .F. ) ;
#4108 = ORIENTED_EDGE ( 'NONE', *, *, #3095, .T. ) ;
#4109 = CARTESIAN_POINT ( 'NONE',  ( 2.389999999999999680, -8.673617379884035472E-16, -1.930000000000000160 ) ) ;
#4110 =( GEOMETRIC_REPRESENTATION_CONTEXT ( 3 ) GLOBAL_UNCERTAINTY_ASSIGNED_CONTEXT ( ( #3247 ) ) GLOBAL_UNIT_ASSIGNED_CONTEXT ( ( #82, #3999, #3193 ) ) REPRESENTATION_CONTEXT ( 'NONE', 'WORKASPACE' ) );
#4111 = CARTESIAN_POINT ( 'NONE',  ( -6.325000000000001066, 0.6699999999999995959, -1.270000000000000018 ) ) ;
#4112 = VECTOR ( 'NONE', #1891, 1000.000000000000000 ) ;
#4113 = ORIENTED_EDGE ( 'NONE', *, *, #5298, .T. ) ;
#4114 = DIRECTION ( 'NONE',  ( -1.000000000000000000, 0.000000000000000000, 0.000000000000000000 ) ) ;
#4115 = ORIENTED_EDGE ( 'NONE', *, *, #1302, .T. ) ;
#4116 = EDGE_CURVE ( 'NONE', #278, #1884, #1218, .T. ) ;
#4117 = EDGE_CURVE ( 'NONE', #3967, #151, #5164, .T. ) ;
#4118 = ADVANCED_FACE ( 'NONE', ( #3050 ), #2638, .T. ) ;
#4119 = DIRECTION ( 'NONE',  ( 0.000000000000000000, 0.000000000000000000, -1.000000000000000000 ) ) ;
#4120 = CARTESIAN_POINT ( 'NONE',  ( -5.625000000000000000, 9.199999999999999289, 0.000000000000000000 ) ) ;
#4121 = DIRECTION ( 'NONE',  ( 0.000000000000000000, 1.000000000000000000, 0.000000000000000000 ) ) ;
#4122 = ORIENTED_EDGE ( 'NONE', *, *, #667, .F. ) ;
#4123 = CARTESIAN_POINT ( 'NONE',  ( -5.389999999999999680, -8.673617379884035472E-16, 1.270000000000000018 ) ) ;
#4124 = DIRECTION ( 'NONE',  ( 0.000000000000000000, 1.000000000000000000, 0.000000000000000000 ) ) ;
#4125 = DIRECTION ( 'NONE',  ( 0.000000000000000000, 0.000000000000000000, 1.000000000000000000 ) ) ;
#4126 = DIRECTION ( 'NONE',  ( 1.000000000000000000, 0.000000000000000000, 0.000000000000000000 ) ) ;
#4127 = PLANE ( 'NONE',  #2052 ) ;
#4128 = LINE ( 'NONE', #2856, #3923 ) ;
#4129 = ORIENTED_EDGE ( 'NONE', *, *, #5415, .T. ) ;
#4130 = CARTESIAN_POINT ( 'NONE',  ( 2.389999999999999680, 0.6699999999999995959, 0.8750000000000000000 ) ) ;
#4131 = VECTOR ( 'NONE', #4283, 1000.000000000000000 ) ;
#4132 = DIRECTION ( 'NONE',  ( 0.000000000000000000, 0.000000000000000000, -1.000000000000000000 ) ) ;
#4133 = AXIS2_PLACEMENT_3D ( 'NONE', #882, #2558, #2580 ) ;
#4134 = EDGE_LOOP ( 'NONE', ( #3334, #4940, #2172, #2501 ) ) ;
#4135 = LINE ( 'NONE', #5031, #4956 ) ;
#4136 = CARTESIAN_POINT ( 'NONE',  ( 0.1199999999999998845, -3.180000000000000604, 0.1200000000000000094 ) ) ;
#4137 = ORIENTED_EDGE ( 'NONE', *, *, #4104, .T. ) ;
#4138 = ORIENTED_EDGE ( 'NONE', *, *, #1888, .F. ) ;
#4139 = CARTESIAN_POINT ( 'NONE',  ( -3.319999999999999840, 0.6699999999999995959, -1.270000000000000018 ) ) ;
#4140 = CARTESIAN_POINT ( 'NONE',  ( -6.325000000000001066, 9.899999999999998579, 2.429999999999999716 ) ) ;
#4141 = ADVANCED_FACE ( 'NONE', ( #99 ), #3436, .T. ) ;
#4142 = CARTESIAN_POINT ( 'NONE',  ( -0.3199999999999999512, -8.673617379884035472E-16, 1.680000000000000160 ) ) ;
#4143 = VERTEX_POINT ( 'NONE', #5109 ) ;
#4144 = EDGE_CURVE ( 'NONE', #1460, #4788, #5193, .T. ) ;
#4145 = CARTESIAN_POINT ( 'NONE',  ( -6.325000000000001066, 8.500000000000000000, -1.250000000000000000 ) ) ;
#4146 = CARTESIAN_POINT ( 'NONE',  ( -3.319999999999999840, 1.349999999999999645, -1.930000000000000160 ) ) ;
#4147 = PLANE ( 'NONE',  #3845 ) ;
#4148 = CARTESIAN_POINT ( 'NONE',  ( 0.000000000000000000, -2.880000000000000782, -0.2200000000000000011 ) ) ;
#4149 = DIRECTION ( 'NONE',  ( -1.000000000000000000, 0.000000000000000000, 0.000000000000000000 ) ) ;
#4150 = ORIENTED_EDGE ( 'NONE', *, *, #4674, .T. ) ;
#4151 = CARTESIAN_POINT ( 'NONE',  ( -6.325000000000001066, -8.673617379884035472E-16, 2.469999999999999751 ) ) ;
#4152 = LINE ( 'NONE', #4615, #4822 ) ;
#4153 = LINE ( 'NONE', #1698, #3722 ) ;
#4154 = CARTESIAN_POINT ( 'NONE',  ( 1.939999999999999947, 0.6699999999999995959, -0.8750000000000000000 ) ) ;
#4155 = AXIS2_PLACEMENT_3D ( 'NONE', #4335, #4309, #1014 ) ;
#4156 = VERTEX_POINT ( 'NONE', #1733 ) ;
#4157 = EDGE_CURVE ( 'NONE', #5311, #2346, #3907, .T. ) ;
#4158 = LINE ( 'NONE', #348, #4086 ) ;
#4159 = CARTESIAN_POINT ( 'NONE',  ( -1.270000000000000018, 9.899999999999998579, 0.5500000000000000444 ) ) ;
#4160 = VECTOR ( 'NONE', #2607, 1000.000000000000000 ) ;
#4161 = EDGE_CURVE ( 'NONE', #1461, #616, #2149, .T. ) ;
#4162 = VERTEX_POINT ( 'NONE', #152 ) ;
#4163 = ORIENTED_EDGE ( 'NONE', *, *, #4239, .F. ) ;
#4164 = AXIS2_PLACEMENT_3D ( 'NONE', #4968, #2499, #5407 ) ;
#4165 = VECTOR ( 'NONE', #4032, 1000.000000000000114 ) ;
#4166 = PLANE ( 'NONE',  #3101 ) ;
#4167 = DIRECTION ( 'NONE',  ( 0.000000000000000000, 0.000000000000000000, 1.000000000000000000 ) ) ;
#4168 = VECTOR ( 'NONE', #1544, 1000.000000000000000 ) ;
#4169 = DIRECTION ( 'NONE',  ( 1.000000000000000000, 0.000000000000000000, 0.000000000000000000 ) ) ;
#4170 = EDGE_LOOP ( 'NONE', ( #4084, #1275, #4439, #534, #665, #5149, #2702, #5196 ) ) ;
#4171 = VECTOR ( 'NONE', #2746, 1000.000000000000000 ) ;
#4172 = LINE ( 'NONE', #1663, #2635 ) ;
#4173 = MANIFOLD_SOLID_BREP ( '436500227.STEP<1>[1]', #1297 ) ;
#4174 = LINE ( 'NONE', #416, #446 ) ;
#4175 = CARTESIAN_POINT ( 'NONE',  ( -6.325000000000001066, 1.269999999999999352, 1.270000000000000018 ) ) ;
#4176 = CARTESIAN_POINT ( 'NONE',  ( 3.325000000000000178, 8.500000000000000000, 0.7500000000000000000 ) ) ;
#4177 = DIRECTION ( 'NONE',  ( 0.000000000000000000, 0.000000000000000000, -1.000000000000000000 ) ) ;
#4178 = ORIENTED_EDGE ( 'NONE', *, *, #3396, .F. ) ;
#4179 = LINE ( 'NONE', #4130, #5086 ) ;
#4180 = EDGE_CURVE ( 'NONE', #3238, #3661, #476, .T. ) ;
#4181 = CARTESIAN_POINT ( 'NONE',  ( 2.389999999999999680, 1.849999999999999645, 1.916979166667000190 ) ) ;
#4182 = EDGE_CURVE ( 'NONE', #3372, #1864, #3489, .T. ) ;
#4183 = DIRECTION ( 'NONE',  ( 0.000000000000000000, 1.000000000000000000, 0.000000000000000000 ) ) ;
#4184 = CARTESIAN_POINT ( 'NONE',  ( -2.680000000000000160, 1.349999999999999645, -1.050000000000000044 ) ) ;
#4185 = ADVANCED_FACE ( 'NONE', ( #910 ), #4699, .F. ) ;
#4186 = VERTEX_POINT ( 'NONE', #4261 ) ;
#4187 = EDGE_LOOP ( 'NONE', ( #2311, #3434, #4319, #1759 ) ) ;
#4188 = CARTESIAN_POINT ( 'NONE',  ( -4.939999999999999503, 0.6699999999999995959, -0.8750000000000000000 ) ) ;
#4189 = DIRECTION ( 'NONE',  ( -0.000000000000000000, 1.000000000000000000, 0.000000000000000000 ) ) ;
#4190 = ORIENTED_EDGE ( 'NONE', *, *, #1135, .F. ) ;
#4191 = EDGE_LOOP ( 'NONE', ( #1146, #666, #3588, #1946 ) ) ;
#4192 = ADVANCED_FACE ( 'NONE', ( #2199 ), #125, .F. ) ;
#4193 = VECTOR ( 'NONE', #3203, 1000.000000000000000 ) ;
#4194 = LINE ( 'NONE', #5040, #2018 ) ;
#4195 = DIRECTION ( 'NONE',  ( 0.000000000000000000, 0.000000000000000000, 1.000000000000000000 ) ) ;
#4196 = EDGE_LOOP ( 'NONE', ( #1407, #1488, #1987, #1102 ) ) ;
#4197 = DIRECTION ( 'NONE',  ( 1.000000000000000000, 0.000000000000000000, 0.000000000000000000 ) ) ;
#4198 = DIRECTION ( 'NONE',  ( 0.000000000000000000, -1.000000000000000000, 0.000000000000000000 ) ) ;
#4199 = EDGE_CURVE ( 'NONE', #3245, #1103, #3464, .T. ) ;
#4200 = CARTESIAN_POINT ( 'NONE',  ( -1.500000000000000000, -1.400000000000000133, 0.000000000000000000 ) ) ;
#4201 = LINE ( 'NONE', #1668, #5120 ) ;
#4202 = ORIENTED_EDGE ( 'NONE', *, *, #4591, .F. ) ;
#4203 = LINE ( 'NONE', #1154, #1378 ) ;
#4204 = EDGE_LOOP ( 'NONE', ( #4991, #4163, #2589, #1052 ) ) ;
#4205 = CARTESIAN_POINT ( 'NONE',  ( -4.939999999999999503, -8.673617379884035472E-16, 1.270000000000000018 ) ) ;
#4206 = CARTESIAN_POINT ( 'NONE',  ( 3.274999999999999911, 2.487234067916999525, 0.1137500000000000039 ) ) ;
#4207 = CARTESIAN_POINT ( 'NONE',  ( 0.3199999999999999512, 0.6999999999999992895, 0.3200000000000000067 ) ) ;
#4208 = LINE ( 'NONE', #1778, #3549 ) ;
#4209 = EDGE_CURVE ( 'NONE', #3133, #4788, #1104, .T. ) ;
#4210 = VERTEX_POINT ( 'NONE', #4480 ) ;
#4211 = EDGE_CURVE ( 'NONE', #4970, #993, #638, .T. ) ;
#4212 = DIRECTION ( 'NONE',  ( 0.000000000000000000, -1.000000000000000000, 0.000000000000000000 ) ) ;
#4213 = LINE ( 'NONE', #2563, #1357 ) ;
#4214 = VECTOR ( 'NONE', #2547, 1000.000000000000114 ) ;
#4215 = VERTEX_POINT ( 'NONE', #5304 ) ;
#4216 = VERTEX_POINT ( 'NONE', #3662 ) ;
#4217 = VECTOR ( 'NONE', #4197, 1000.000000000000000 ) ;
#4218 = PLANE ( 'NONE',  #3533 ) ;
#4219 = DIRECTION ( 'NONE',  ( 0.000000000000000000, -1.000000000000000000, 0.000000000000000000 ) ) ;
#4220 = ORIENTED_EDGE ( 'NONE', *, *, #4751, .F. ) ;
#4221 = DIRECTION ( 'NONE',  ( -1.000000000000000000, 0.000000000000000000, 0.000000000000000000 ) ) ;
#4222 = LINE ( 'NONE', #3063, #4245 ) ;
#4223 = EDGE_CURVE ( 'NONE', #2231, #4592, #721, .T. ) ;
#4224 = CARTESIAN_POINT ( 'NONE',  ( -3.120000000000000107, 7.500000000000000000, -0.1200000000000000094 ) ) ;
#4225 = LINE ( 'NONE', #1827, #4861 ) ;
#4226 = EDGE_LOOP ( 'NONE', ( #3858, #1799, #5066, #475 ) ) ;
#4227 = PLANE ( 'NONE',  #3392 ) ;
#4228 = VERTEX_POINT ( 'NONE', #4835 ) ;
#4229 = DIRECTION ( 'NONE',  ( -0.6092076990801816860, -0.5076730825667846725, 0.6092076990801816860 ) ) ;
#4230 = LINE ( 'NONE', #472, #1316 ) ;
#4231 = LINE ( 'NONE', #3901, #739 ) ;
#4232 = LINE ( 'NONE', #401, #484 ) ;
#4233 = ORIENTED_EDGE ( 'NONE', *, *, #2226, .F. ) ;
#4234 = CARTESIAN_POINT ( 'NONE',  ( 0.3199999999999999512, 7.500000000000000000, 0.3200000000000000067 ) ) ;
#4235 = ORIENTED_EDGE ( 'NONE', *, *, #3051, .F. ) ;
#4236 = ORIENTED_EDGE ( 'NONE', *, *, #433, .T. ) ;
#4237 = ORIENTED_EDGE ( 'NONE', *, *, #3059, .F. ) ;
#4238 = ORIENTED_EDGE ( 'NONE', *, *, #59, .T. ) ;
#4239 = EDGE_CURVE ( 'NONE', #4405, #1107, #2773, .T. ) ;
#4240 = EDGE_CURVE ( 'NONE', #1361, #895, #3213, .T. ) ;
#4241 = ORIENTED_EDGE ( 'NONE', *, *, #1654, .F. ) ;
#4242 = EDGE_CURVE ( 'NONE', #1565, #4878, #1074, .T. ) ;
#4243 = CARTESIAN_POINT ( 'NONE',  ( -5.389999999999999680, 1.699999999999999734, -1.930000000000000160 ) ) ;
#4244 = MECHANICAL_DESIGN_GEOMETRIC_PRESENTATION_REPRESENTATION (  '', ( #2404 ), #4856 ) ;
#4245 = VECTOR ( 'NONE', #112, 1000.000000000000000 ) ;
#4246 = CARTESIAN_POINT ( 'NONE',  ( -3.319999999999999840, 1.349999999999999645, 1.649999999999999911 ) ) ;
#4247 = LINE ( 'NONE', #2211, #3308 ) ;
#4248 = VECTOR ( 'NONE', #2530, 1000.000000000000000 ) ;
#4249 = VECTOR ( 'NONE', #1868, 1000.000000000000000 ) ;
#4250 = CARTESIAN_POINT ( 'NONE',  ( -5.674999999999999822, -1.150000000000000799, 1.570000000000000062 ) ) ;
#4251 = VERTEX_POINT ( 'NONE', #4889 ) ;
#4252 = ADVANCED_FACE ( 'NONE', ( #316 ), #4455, .T. ) ;
#4253 = FACE_OUTER_BOUND ( 'NONE', #1646, .T. ) ;
#4254 = VECTOR ( 'NONE', #1374, 1000.000000000000114 ) ;
#4255 = ADVANCED_FACE ( 'NONE', ( #3157 ), #4863, .T. ) ;
#4256 = CARTESIAN_POINT ( 'NONE',  ( -6.325000000000001066, 4.949999999999999289, 0.000000000000000000 ) ) ;
#4257 = CARTESIAN_POINT ( 'NONE',  ( -0.3199999999999999512, -8.673617379884035472E-16, -1.270000000000000018 ) ) ;
#4258 = DIRECTION ( 'NONE',  ( 0.000000000000000000, 0.000000000000000000, -1.000000000000000000 ) ) ;
#4259 = DIRECTION ( 'NONE',  ( 0.000000000000000000, -1.000000000000000000, 0.000000000000000000 ) ) ;
#4260 = EDGE_LOOP ( 'NONE', ( #4468, #903, #1920, #2005, #2047, #2011, #3374, #4985 ) ) ;
#4261 = CARTESIAN_POINT ( 'NONE',  ( 3.325000000000000178, 0.6699999999999995959, 0.8750000000000000000 ) ) ;
#4262 = EDGE_CURVE ( 'NONE', #4432, #3995, #263, .T. ) ;
#4263 = CARTESIAN_POINT ( 'NONE',  ( -2.799999999999999822, 7.399999999999999467, -3.135000000000000231 ) ) ;
#4264 = DIRECTION ( 'NONE',  ( 0.000000000000000000, 0.000000000000000000, 1.000000000000000000 ) ) ;
#4265 = ORIENTED_EDGE ( 'NONE', *, *, #4740, .F. ) ;
#4266 = ORIENTED_EDGE ( 'NONE', *, *, #3586, .F. ) ;
#4267 = DIRECTION ( 'NONE',  ( 1.000000000000000000, 0.000000000000000000, 0.000000000000000000 ) ) ;
#4268 = VECTOR ( 'NONE', #5237, 1000.000000000000000 ) ;
#4269 = DIRECTION ( 'NONE',  ( 0.000000000000000000, 1.000000000000000000, 0.000000000000000000 ) ) ;
#4270 = VERTEX_POINT ( 'NONE', #1567 ) ;
#4271 = ADVANCED_FACE ( 'NONE', ( #2693 ), #2365, .T. ) ;
#4272 = CARTESIAN_POINT ( 'NONE',  ( 3.274999999999999911, 2.301063802837999717, 0.2700000000000000178 ) ) ;
#4273 = VECTOR ( 'NONE', #1251, 1000.000000000000000 ) ;
#4274 = ADVANCED_FACE ( 'NONE', ( #4804 ), #1484, .T. ) ;
#4275 = ADVANCED_FACE ( 'NONE', ( #2342 ), #3577, .T. ) ;
#4276 = MANIFOLD_SOLID_BREP ( '436500227.STEP<1>[2]', #861 ) ;
#4277 = LINE ( 'NONE', #872, #3773 ) ;
#4278 = DIRECTION ( 'NONE',  ( 0.000000000000000000, -1.000000000000000000, 0.000000000000000000 ) ) ;
#4279 = VECTOR ( 'NONE', #1607, 1000.000000000000000 ) ;
#4280 = DIRECTION ( 'NONE',  ( 0.000000000000000000, 0.000000000000000000, -1.000000000000000000 ) ) ;
#4281 = ORIENTED_EDGE ( 'NONE', *, *, #2024, .T. ) ;
#4282 = FACE_OUTER_BOUND ( 'NONE', #353, .T. ) ;
#4283 = DIRECTION ( 'NONE',  ( 1.000000000000000000, 0.000000000000000000, 0.000000000000000000 ) ) ;
#4284 = CARTESIAN_POINT ( 'NONE',  ( -2.680000000000000160, 1.349999999999999645, -1.050000000000000044 ) ) ;
#4285 = DIRECTION ( 'NONE',  ( 0.000000000000000000, 1.000000000000000000, 0.000000000000000000 ) ) ;
#4286 = CARTESIAN_POINT ( 'NONE',  ( 3.325000000000000178, -1.150000000000000799, 1.570000000000000062 ) ) ;
#4287 = VERTEX_POINT ( 'NONE', #4535 ) ;
#4288 = EDGE_LOOP ( 'NONE', ( #1538, #3937, #347, #2725 ) ) ;
#4289 = DIRECTION ( 'NONE',  ( -5.921189464668000530E-14, -1.000000000000000000, -0.000000000000000000 ) ) ;
#4290 = LINE ( 'NONE', #3410, #486 ) ;
#4291 = EDGE_LOOP ( 'NONE', ( #1193, #4613, #3048, #4001, #3583, #1723 ) ) ;
#4292 = ORIENTED_EDGE ( 'NONE', *, *, #3658, .T. ) ;
#4293 = ORIENTED_EDGE ( 'NONE', *, *, #487, .F. ) ;
#4294 = CARTESIAN_POINT ( 'NONE',  ( 3.025000000000000355, -1.400000000000000133, 2.169999999999999929 ) ) ;
#4295 = VECTOR ( 'NONE', #847, 1000.000000000000000 ) ;
#4296 = CARTESIAN_POINT ( 'NONE',  ( -4.939999999999999503, -8.673617379884035472E-16, -1.930000000000000160 ) ) ;
#4297 = VERTEX_POINT ( 'NONE', #3988 ) ;
#4298 = FACE_OUTER_BOUND ( 'NONE', #1431, .T. ) ;
#4299 = VECTOR ( 'NONE', #4943, 1000.000000000000000 ) ;
#4300 = DIRECTION ( 'NONE',  ( 0.000000000000000000, 0.000000000000000000, -1.000000000000000000 ) ) ;
#4301 = VECTOR ( 'NONE', #3654, 1000.000000000000000 ) ;
#4302 = DIRECTION ( 'NONE',  ( 0.000000000000000000, 0.000000000000000000, -1.000000000000000000 ) ) ;
#4303 = EDGE_CURVE ( 'NONE', #1133, #266, #830, .T. ) ;
#4304 = PLANE ( 'NONE',  #1268 ) ;
#4305 = ORIENTED_EDGE ( 'NONE', *, *, #667, .T. ) ;
#4306 = LINE ( 'NONE', #546, #4360 ) ;
#4307 = CARTESIAN_POINT ( 'NONE',  ( -2.680000000000000160, 1.349999999999999645, 1.649999999999999911 ) ) ;
#4308 = EDGE_CURVE ( 'NONE', #995, #3135, #4588, .T. ) ;
#4309 = DIRECTION ( 'NONE',  ( -0.000000000000000000, 1.000000000000000000, 0.000000000000000000 ) ) ;
#4310 = DIRECTION ( 'NONE',  ( 0.000000000000000000, 1.000000000000000000, 0.000000000000000000 ) ) ;
#4311 = CARTESIAN_POINT ( 'NONE',  ( -2.799999999999999822, 9.350000000000001421, -1.935000000000000053 ) ) ;
#4312 = VERTEX_POINT ( 'NONE', #2424 ) ;
#4313 = VERTEX_POINT ( 'NONE', #4616 ) ;
#4314 = DIRECTION ( 'NONE',  ( 0.000000000000000000, 0.000000000000000000, 1.000000000000000000 ) ) ;
#4315 = FACE_OUTER_BOUND ( 'NONE', #1578, .T. ) ;
#4316 = ORIENTED_EDGE ( 'NONE', *, *, #5315, .F. ) ;
#4317 = ORIENTED_EDGE ( 'NONE', *, *, #2691, .F. ) ;
#4318 = EDGE_CURVE ( 'NONE', #2869, #4831, #2529, .T. ) ;
#4319 = ORIENTED_EDGE ( 'NONE', *, *, #1822, .T. ) ;
#4320 = LINE ( 'NONE', #4705, #654 ) ;
#4321 = EDGE_CURVE ( 'NONE', #1412, #3038, #5413, .T. ) ;
#4322 = LINE ( 'NONE', #4706, #1902 ) ;
#4323 = EDGE_LOOP ( 'NONE', ( #4150, #1926, #1789, #1083 ) ) ;
#4324 = CARTESIAN_POINT ( 'NONE',  ( -3.319999999999999840, 0.6999999999999992895, -0.8750000000000000000 ) ) ;
#4325 = ORIENTED_EDGE ( 'NONE', *, *, #581, .F. ) ;
#4326 = DIRECTION ( 'NONE',  ( 0.000000000000000000, 0.000000000000000000, 1.000000000000000000 ) ) ;
#4327 = DIRECTION ( 'NONE',  ( 0.000000000000000000, -1.000000000000000000, 0.000000000000000000 ) ) ;
#4328 = PLANE ( 'NONE',  #5037 ) ;
#4329 = ORIENTED_EDGE ( 'NONE', *, *, #1021, .F. ) ;
#4330 = LINE ( 'NONE', #170, #1209 ) ;
#4331 = FACE_OUTER_BOUND ( 'NONE', #4948, .T. ) ;
#4332 = VECTOR ( 'NONE', #1294, 1000.000000000000000 ) ;
#4333 = VECTOR ( 'NONE', #495, 1000.000000000000000 ) ;
#4334 = VECTOR ( 'NONE', #1347, 1000.000000000000227 ) ;
#4335 = CARTESIAN_POINT ( 'NONE',  ( -1.975000000000000089, 9.049999999999998934, 1.930000000000000160 ) ) ;
#4336 = DIRECTION ( 'NONE',  ( 0.000000000000000000, 0.000000000000000000, -1.000000000000000000 ) ) ;
#4337 = CARTESIAN_POINT ( 'NONE',  ( 0.3199999999999999512, 0.6699999999999995959, -1.270000000000000018 ) ) ;
#4338 = PRESENTATION_LAYER_ASSIGNMENT (  '', '', ( #1272 ) ) ;
#4339 = ORIENTED_EDGE ( 'NONE', *, *, #5293, .F. ) ;
#4340 = VERTEX_POINT ( 'NONE', #4563 ) ;
#4341 = EDGE_CURVE ( 'NONE', #4483, #2663, #777, .T. ) ;
#4342 = EDGE_CURVE ( 'NONE', #2670, #2382, #1649, .T. ) ;
#4343 = CARTESIAN_POINT ( 'NONE',  ( -2.680000000000000160, 1.349999999999999645, 1.649999999999999911 ) ) ;
#4344 = CARTESIAN_POINT ( 'NONE',  ( -4.939999999999999503, 1.699999999999999734, 1.680000000000000160 ) ) ;
#4345 = EDGE_CURVE ( 'NONE', #4970, #191, #2505, .T. ) ;
#4346 = CARTESIAN_POINT ( 'NONE',  ( -0.3199999999999999512, 1.349999999999999645, 1.649999999999999911 ) ) ;
#4347 = ORIENTED_EDGE ( 'NONE', *, *, #2395, .F. ) ;
#4348 = ORIENTED_EDGE ( 'NONE', *, *, #62, .F. ) ;
#4349 = CARTESIAN_POINT ( 'NONE',  ( -2.680000000000000160, 0.6699999999999995959, -0.8750000000000000000 ) ) ;
#4350 = EDGE_CURVE ( 'NONE', #4670, #1173, #2940, .T. ) ;
#4351 = ORIENTED_EDGE ( 'NONE', *, *, #4058, .F. ) ;
#4352 = CARTESIAN_POINT ( 'NONE',  ( -5.674999999999999822, -8.673617379884035472E-16, 2.469999999999999751 ) ) ;
#4353 = ORIENTED_EDGE ( 'NONE', *, *, #9, .T. ) ;
#4354 = DIRECTION ( 'NONE',  ( 0.000000000000000000, 0.000000000000000000, -1.000000000000000000 ) ) ;
#4355 = CARTESIAN_POINT ( 'NONE',  ( -0.3199999999999999512, -2.580000000000000515, -0.3200000000000000067 ) ) ;
#4356 = DIRECTION ( 'NONE',  ( 0.000000000000000000, 0.000000000000000000, -1.000000000000000000 ) ) ;
#4357 = AXIS2_PLACEMENT_3D ( 'NONE', #140, #3476, #3117 ) ;
#4358 = ORIENTED_EDGE ( 'NONE', *, *, #1489, .T. ) ;
#4359 = CARTESIAN_POINT ( 'NONE',  ( -0.02500000000000006384, 1.849999999999999645, 1.930000000000000160 ) ) ;
#4360 = VECTOR ( 'NONE', #3819, 1000.000000000000000 ) ;
#4361 = DIRECTION ( 'NONE',  ( 0.000000000000000000, 0.000000000000000000, -1.000000000000000000 ) ) ;
#4362 = VECTOR ( 'NONE', #4633, 1000.000000000000000 ) ;
#4363 = DIRECTION ( 'NONE',  ( -1.000000000000000000, 0.000000000000000000, 0.000000000000000000 ) ) ;
#4364 = FACE_OUTER_BOUND ( 'NONE', #5396, .T. ) ;
#4365 = VECTOR ( 'NONE', #533, 1000.000000000000000 ) ;
#4366 = DIRECTION ( 'NONE',  ( 1.000000000000000000, 0.000000000000000000, 0.000000000000000000 ) ) ;
#4367 = LINE ( 'NONE', #2742, #3581 ) ;
#4368 = ORIENTED_EDGE ( 'NONE', *, *, #1839, .T. ) ;
#4369 = ORIENTED_EDGE ( 'NONE', *, *, #756, .F. ) ;
#4370 = CARTESIAN_POINT ( 'NONE',  ( -6.325000000000001066, 0.6699999999999995959, -1.270000000000000018 ) ) ;
#4371 = LINE ( 'NONE', #1375, #4249 ) ;
#4372 = EDGE_CURVE ( 'NONE', #4340, #2260, #4153, .T. ) ;
#4373 = EDGE_CURVE ( 'NONE', #5378, #2948, #3716, .T. ) ;
#4374 = ORIENTED_EDGE ( 'NONE', *, *, #952, .T. ) ;
#4375 = ORIENTED_EDGE ( 'NONE', *, *, #5049, .T. ) ;
#4376 = ORIENTED_EDGE ( 'NONE', *, *, #5014, .F. ) ;
#4377 = CARTESIAN_POINT ( 'NONE',  ( -0.3199999999999999512, 1.269999999999999352, -0.8750000000000000000 ) ) ;
#4378 = VERTEX_POINT ( 'NONE', #400 ) ;
#4379 = CARTESIAN_POINT ( 'NONE',  ( -1.975000000000000089, 9.049999999999998934, 1.930000000000000160 ) ) ;
#4380 = ORIENTED_EDGE ( 'NONE', *, *, #998, .T. ) ;
#4381 = ORIENTED_EDGE ( 'NONE', *, *, #2660, .T. ) ;
#4382 = VECTOR ( 'NONE', #5185, 1000.000000000000000 ) ;
#4383 = CARTESIAN_POINT ( 'NONE',  ( 3.325000000000000178, 1.269999999999999352, -0.8750000000000000000 ) ) ;
#4384 = CARTESIAN_POINT ( 'NONE',  ( -6.325000000000001066, 1.849999999999999645, 1.430000000000000160 ) ) ;
#4385 = CARTESIAN_POINT ( 'NONE',  ( -3.319999999999999840, -2.580000000000000515, -0.3200000000000000067 ) ) ;
#4386 = VECTOR ( 'NONE', #3299, 1000.000000000000000 ) ;
#4387 = ORIENTED_EDGE ( 'NONE', *, *, #4745, .F. ) ;
#4388 = DIRECTION ( 'NONE',  ( 1.000000000000000000, 0.000000000000000000, 0.000000000000000000 ) ) ;
#4389 = EDGE_CURVE ( 'NONE', #3943, #4839, #856, .T. ) ;
#4390 = CARTESIAN_POINT ( 'NONE',  ( -6.325000000000001066, 0.6699999999999995959, 1.270000000000000018 ) ) ;
#4391 = CARTESIAN_POINT ( 'NONE',  ( -2.680000000000000160, 1.269999999999999352, 0.8750000000000000000 ) ) ;
#4392 = DIRECTION ( 'NONE',  ( 0.000000000000000000, 0.000000000000000000, -1.000000000000000000 ) ) ;
#4393 = CARTESIAN_POINT ( 'NONE',  ( 1.925000000000000044, 9.899999999999998579, -1.250000000000000000 ) ) ;
#4394 = ORIENTED_EDGE ( 'NONE', *, *, #1890, .T. ) ;
#4395 = ORIENTED_EDGE ( 'NONE', *, *, #310, .F. ) ;
#4396 = DIRECTION ( 'NONE',  ( 0.000000000000000000, 0.000000000000000000, -1.000000000000000000 ) ) ;
#4397 = CARTESIAN_POINT ( 'NONE',  ( 2.389999999999999680, 1.699999999999999734, 1.680000000000000160 ) ) ;
#4398 = VERTEX_POINT ( 'NONE', #1622 ) ;
#4399 = ORIENTED_EDGE ( 'NONE', *, *, #2235, .T. ) ;
#4400 = ORIENTED_EDGE ( 'NONE', *, *, #2795, .F. ) ;
#4401 = DIRECTION ( 'NONE',  ( 0.000000000000000000, -1.000000000000000000, 0.000000000000000000 ) ) ;
#4402 = VERTEX_POINT ( 'NONE', #2063 ) ;
#4403 = ORIENTED_EDGE ( 'NONE', *, *, #3004, .T. ) ;
#4404 = PLANE ( 'NONE',  #891 ) ;
#4405 = VERTEX_POINT ( 'NONE', #3300 ) ;
#4406 = ORIENTED_EDGE ( 'NONE', *, *, #3032, .T. ) ;
#4407 = EDGE_CURVE ( 'NONE', #995, #1392, #17, .T. ) ;
#4408 = ADVANCED_FACE ( 'NONE', ( #1673 ), #3378, .T. ) ;
#4409 = LINE ( 'NONE', #2761, #4165 ) ;
#4410 = CARTESIAN_POINT ( 'NONE',  ( 0.3199999999999999512, 4.949999999999999289, 0.000000000000000000 ) ) ;
#4411 = VECTOR ( 'NONE', #1341, 1000.000000000000000 ) ;
#4412 = EDGE_CURVE ( 'NONE', #4398, #4143, #1160, .T. ) ;
#4413 = CARTESIAN_POINT ( 'NONE',  ( -0.02500000000000006384, 9.049999999999998934, 2.429999999999999716 ) ) ;
#4414 = ORIENTED_EDGE ( 'NONE', *, *, #3939, .F. ) ;
#4415 = DIRECTION ( 'NONE',  ( 0.000000000000000000, 0.000000000000000000, -1.000000000000000000 ) ) ;
#4416 = CARTESIAN_POINT ( 'NONE',  ( -2.975000000000000089, 1.849999999999999645, 1.930000000000000160 ) ) ;
#4417 = DIRECTION ( 'NONE',  ( 1.000000000000000000, 0.000000000000000000, 0.000000000000000000 ) ) ;
#4418 = VECTOR ( 'NONE', #1046, 1000.000000000000114 ) ;
#4419 = DIRECTION ( 'NONE',  ( 0.000000000000000000, -1.000000000000000000, 0.000000000000000000 ) ) ;
#4420 = LINE ( 'NONE', #3571, #3134 ) ;
#4421 = ADVANCED_FACE ( 'NONE', ( #5358 ), #1597, .T. ) ;
#4422 = ORIENTED_EDGE ( 'NONE', *, *, #2827, .T. ) ;
#4423 = VERTEX_POINT ( 'NONE', #5056 ) ;
#4424 = VECTOR ( 'NONE', #5115, 1000.000000000000114 ) ;
#4425 = ORIENTED_EDGE ( 'NONE', *, *, #4981, .T. ) ;
#4426 = VECTOR ( 'NONE', #4926, 1000.000000000000000 ) ;
#4427 = DIRECTION ( 'NONE',  ( 0.000000000000000000, -1.000000000000000000, 0.000000000000000000 ) ) ;
#4428 = DIRECTION ( 'NONE',  ( 0.000000000000000000, 1.000000000000000000, 0.000000000000000000 ) ) ;
#4429 = VECTOR ( 'NONE', #4096, 1000.000000000000000 ) ;
#4430 = VECTOR ( 'NONE', #2722, 1000.000000000000000 ) ;
#4431 = VERTEX_POINT ( 'NONE', #1726 ) ;
#4432 = VERTEX_POINT ( 'NONE', #525 ) ;
#4433 = VERTEX_POINT ( 'NONE', #4695 ) ;
#4434 = AXIS2_PLACEMENT_3D ( 'NONE', #1506, #3177, #4908 ) ;
#4435 = ADVANCED_FACE ( 'NONE', ( #2194 ), #2989, .T. ) ;
#4436 = LINE ( 'NONE', #4076, #2144 ) ;
#4437 = EDGE_LOOP ( 'NONE', ( #2863, #4043, #2367, #4236 ) ) ;
#4438 = DIRECTION ( 'NONE',  ( 0.000000000000000000, 0.3162277660168079652, 0.9486832980505238710 ) ) ;
#4439 = ORIENTED_EDGE ( 'NONE', *, *, #2899, .T. ) ;
#4440 = LINE ( 'NONE', #1442, #4862 ) ;
#4441 = LINE ( 'NONE', #3227, #4268 ) ;
#4442 = ADVANCED_FACE ( 'NONE', ( #2633 ), #5083, .T. ) ;
#4443 = LINE ( 'NONE', #4385, #4193 ) ;
#4444 = VERTEX_POINT ( 'NONE', #119 ) ;
#4445 = EDGE_CURVE ( 'NONE', #346, #2785, #1833, .T. ) ;
#4446 = LINE ( 'NONE', #684, #1237 ) ;
#4447 = DIRECTION ( 'NONE',  ( 0.000000000000000000, 0.000000000000000000, 1.000000000000000000 ) ) ;
#4448 = CARTESIAN_POINT ( 'NONE',  ( -6.325000000000001066, -8.673617379884035472E-16, 2.469999999999999751 ) ) ;
#4449 = CARTESIAN_POINT ( 'NONE',  ( -0.3199999999999999512, 0.6999999999999992895, 0.8750000000000000000 ) ) ;
#4450 = LINE ( 'NONE', #1536, #685 ) ;
#4451 = ORIENTED_EDGE ( 'NONE', *, *, #5108, .T. ) ;
#4452 = ORIENTED_EDGE ( 'NONE', *, *, #4994, .T. ) ;
#4453 = AXIS2_PLACEMENT_3D ( 'NONE', #4550, #1552, #2846 ) ;
#4454 = VECTOR ( 'NONE', #3400, 1000.000000000000000 ) ;
#4455 = PLANE ( 'NONE',  #1523 ) ;
#4456 = LINE ( 'NONE', #695, #3196 ) ;
#4457 = ORIENTED_EDGE ( 'NONE', *, *, #1381, .F. ) ;
#4458 = EDGE_LOOP ( 'NONE', ( #1511, #1520, #480, #2700, #4927, #1742, #4807, #2154 ) ) ;
#4459 = ADVANCED_FACE ( 'NONE', ( #4640 ), #1318, .F. ) ;
#4460 = CARTESIAN_POINT ( 'NONE',  ( -2.799999999999999822, 6.899999999999999467, -1.935000000000000053 ) ) ;
#4461 = DIRECTION ( 'NONE',  ( -1.000000000000000000, 0.000000000000000000, 0.000000000000000000 ) ) ;
#4462 = ORIENTED_EDGE ( 'NONE', *, *, #4493, .F. ) ;
#4463 = DIRECTION ( 'NONE',  ( 0.000000000000000000, 0.000000000000000000, 1.000000000000000000 ) ) ;
#4464 = EDGE_LOOP ( 'NONE', ( #3739, #975, #841, #1955, #2091 ) ) ;
#4465 = CARTESIAN_POINT ( 'NONE',  ( 0.1199999999999998845, 7.500000000000000000, -0.1200000000000000094 ) ) ;
#4466 = DIRECTION ( 'NONE',  ( 0.000000000000000000, 1.000000000000000000, 0.000000000000000000 ) ) ;
#4467 = DIRECTION ( 'NONE',  ( -0.7071067811865474617, 0.7071067811865474617, 0.000000000000000000 ) ) ;
#4468 = ORIENTED_EDGE ( 'NONE', *, *, #766, .F. ) ;
#4469 = CARTESIAN_POINT ( 'NONE',  ( 2.974999999999999645, -1.400000000000000133, 2.169999999999999929 ) ) ;
#4470 = PLANE ( 'NONE',  #2188 ) ;
#4471 = DIRECTION ( 'NONE',  ( 0.000000000000000000, -0.7659742160925780974, 0.6428712937138820749 ) ) ;
#4472 = EDGE_CURVE ( 'NONE', #78, #4707, #936, .T. ) ;
#4473 = VECTOR ( 'NONE', #2527, 1000.000000000000000 ) ;
#4474 = PLANE ( 'NONE',  #1532 ) ;
#4475 = CARTESIAN_POINT ( 'NONE',  ( 3.325000000000000178, 2.513829809426999518, 0.2700000000000000178 ) ) ;
#4476 = EDGE_LOOP ( 'NONE', ( #1185, #4923, #1332, #3859 ) ) ;
#4477 = ORIENTED_EDGE ( 'NONE', *, *, #2468, .T. ) ;
#4478 = VECTOR ( 'NONE', #3836, 1000.000000000000000 ) ;
#4479 = EDGE_CURVE ( 'NONE', #4878, #4734, #4231, .T. ) ;
#4480 = CARTESIAN_POINT ( 'NONE',  ( -0.2000000000000000944, 8.149999999999998579, -3.135000000000000231 ) ) ;
#4481 = FACE_OUTER_BOUND ( 'NONE', #3910, .T. ) ;
#4482 = VECTOR ( 'NONE', #3002, 1000.000000000000000 ) ;
#4483 = VERTEX_POINT ( 'NONE', #148 ) ;
#4484 = ORIENTED_EDGE ( 'NONE', *, *, #1066, .F. ) ;
#4485 = ORIENTED_EDGE ( 'NONE', *, *, #596, .T. ) ;
#4486 = CARTESIAN_POINT ( 'NONE',  ( -0.3199999999999999512, -8.673617379884035472E-16, 1.270000000000000018 ) ) ;
#4487 = CARTESIAN_POINT ( 'NONE',  ( -5.389999999999999680, 0.6699999999999995959, 0.8750000000000000000 ) ) ;
#4488 = EDGE_CURVE ( 'NONE', #4788, #4210, #1804, .T. ) ;
#4489 = ORIENTED_EDGE ( 'NONE', *, *, #3941, .T. ) ;
#4490 = DIRECTION ( 'NONE',  ( 0.000000000000000000, -0.3162277660168079652, 0.9486832980505238710 ) ) ;
#4491 = ORIENTED_EDGE ( 'NONE', *, *, #2631, .T. ) ;
#4492 = LINE ( 'NONE', #2487, #741 ) ;
#4493 = EDGE_CURVE ( 'NONE', #3830, #4216, #5160, .T. ) ;
#4494 = DIRECTION ( 'NONE',  ( 0.000000000000000000, 0.000000000000000000, -1.000000000000000000 ) ) ;
#4495 = LINE ( 'NONE', #1227, #3840 ) ;
#4496 = ORIENTED_EDGE ( 'NONE', *, *, #790, .F. ) ;
#4497 = DIRECTION ( 'NONE',  ( -5.181040781583999695E-14, -1.000000000000000000, -0.000000000000000000 ) ) ;
#4498 = DIRECTION ( 'NONE',  ( 0.000000000000000000, -1.000000000000000000, 0.000000000000000000 ) ) ;
#4499 = LINE ( 'NONE', #5295, #3996 ) ;
#4500 = DIRECTION ( 'NONE',  ( -0.000000000000000000, 1.000000000000000000, 0.000000000000000000 ) ) ;
#4501 = DIRECTION ( 'NONE',  ( 0.000000000000000000, 0.000000000000000000, -1.000000000000000000 ) ) ;
#4502 = LINE ( 'NONE', #443, #5242 ) ;
#4503 = ORIENTED_EDGE ( 'NONE', *, *, #1492, .F. ) ;
#4504 = EDGE_LOOP ( 'NONE', ( #1301, #3194, #4722, #4698 ) ) ;
#4505 = DIRECTION ( 'NONE',  ( 1.000000000000000000, 0.000000000000000000, 0.000000000000000000 ) ) ;
#4506 = CARTESIAN_POINT ( 'NONE',  ( 3.325000000000000178, 8.500000000000000000, -1.250000000000000000 ) ) ;
#4507 = CARTESIAN_POINT ( 'NONE',  ( 0.3199999999999999512, 0.6999999999999992895, -0.3200000000000000067 ) ) ;
#4508 = EDGE_CURVE ( 'NONE', #4313, #2678, #907, .T. ) ;
#4509 = ORIENTED_EDGE ( 'NONE', *, *, #967, .F. ) ;
#4510 = PRESENTATION_LAYER_ASSIGNMENT (  '', '', ( #2404 ) ) ;
#4511 = VERTEX_POINT ( 'NONE', #5103 ) ;
#4512 = EDGE_CURVE ( 'NONE', #1565, #4228, #3824, .T. ) ;
#4513 = VECTOR ( 'NONE', #4326, 1000.000000000000000 ) ;
#4514 = EDGE_CURVE ( 'NONE', #4287, #1513, #3851, .T. ) ;
#4515 = LINE ( 'NONE', #244, #4516 ) ;
#4516 = VECTOR ( 'NONE', #1930, 1000.000000000000000 ) ;
#4517 = LINE ( 'NONE', #4159, #656 ) ;
#4518 = VECTOR ( 'NONE', #4106, 1000.000000000000114 ) ;
#4519 = ORIENTED_EDGE ( 'NONE', *, *, #1191, .T. ) ;
#4520 = DIRECTION ( 'NONE',  ( 0.000000000000000000, 1.000000000000000000, 0.000000000000000000 ) ) ;
#4521 = VECTOR ( 'NONE', #4646, 1000.000000000000000 ) ;
#4522 = EDGE_LOOP ( 'NONE', ( #1192, #3163, #3732, #2006 ) ) ;
#4523 = DIRECTION ( 'NONE',  ( 0.000000000000000000, 1.000000000000000000, 0.000000000000000000 ) ) ;
#4524 = LINE ( 'NONE', #5368, #101 ) ;
#4525 = DIRECTION ( 'NONE',  ( 0.000000000000000000, -1.000000000000000000, 0.000000000000000000 ) ) ;
#4526 = ORIENTED_EDGE ( 'NONE', *, *, #1590, .F. ) ;
#4527 = CARTESIAN_POINT ( 'NONE',  ( -1.025000000000000133, 9.049999999999998934, 2.429999999999999716 ) ) ;
#4528 = DIRECTION ( 'NONE',  ( 0.000000000000000000, 1.000000000000000000, 0.000000000000000000 ) ) ;
#4529 = CARTESIAN_POINT ( 'NONE',  ( -0.3199999999999999512, 0.6999999999999992895, 0.3200000000000000067 ) ) ;
#4530 = LINE ( 'NONE', #5297, #3730 ) ;
#4531 = LINE ( 'NONE', #3321, #2496 ) ;
#4532 = DIRECTION ( 'NONE',  ( 0.000000000000000000, -1.000000000000000000, 0.000000000000000000 ) ) ;
#4533 = EDGE_LOOP ( 'NONE', ( #4545, #207, #2202, #2434 ) ) ;
#4534 = DIRECTION ( 'NONE',  ( 0.000000000000000000, -1.000000000000000000, 0.000000000000000000 ) ) ;
#4535 = CARTESIAN_POINT ( 'NONE',  ( 0.3199999999999999512, 1.349999999999999645, 1.649999999999999911 ) ) ;
#4536 = LINE ( 'NONE', #2366, #232 ) ;
#4537 = ORIENTED_EDGE ( 'NONE', *, *, #4262, .T. ) ;
#4538 = EDGE_LOOP ( 'NONE', ( #4551, #2833, #3535, #3356 ) ) ;
#4539 = VECTOR ( 'NONE', #4149, 1000.000000000000000 ) ;
#4540 = EDGE_CURVE ( 'NONE', #1155, #3272, #3927, .T. ) ;
#4541 = LINE ( 'NONE', #1628, #3821 ) ;
#4542 = DIRECTION ( 'NONE',  ( 0.000000000000000000, 0.000000000000000000, -1.000000000000000000 ) ) ;
#4543 = EDGE_CURVE ( 'NONE', #168, #4878, #986, .T. ) ;
#4544 = AXIS2_PLACEMENT_3D ( 'NONE', #284, #3630, #2688 ) ;
#4545 = ORIENTED_EDGE ( 'NONE', *, *, #1135, .T. ) ;
#4546 = VERTEX_POINT ( 'NONE', #577 ) ;
#4547 = VERTEX_POINT ( 'NONE', #4718 ) ;
#4548 = CARTESIAN_POINT ( 'NONE',  ( -6.325000000000001066, -8.673617379884035472E-16, 1.270000000000000018 ) ) ;
#4549 = LINE ( 'NONE', #2923, #5006 ) ;
#4550 = CARTESIAN_POINT ( 'NONE',  ( -4.269999999999999574, 9.899999999999998579, -1.250000000000000000 ) ) ;
#4551 = ORIENTED_EDGE ( 'NONE', *, *, #547, .T. ) ;
#4552 = DIRECTION ( 'NONE',  ( 0.000000000000000000, -1.000000000000000000, 0.000000000000000000 ) ) ;
#4553 = LINE ( 'NONE', #1640, #4295 ) ;
#4554 = CARTESIAN_POINT ( 'NONE',  ( -2.680000000000000160, -2.580000000000000515, -0.3200000000000000067 ) ) ;
#4555 = PLANE ( 'NONE',  #2409 ) ;
#4556 = LINE ( 'NONE', #3789, #5302 ) ;
#4557 = EDGE_CURVE ( 'NONE', #321, #1456, #962, .T. ) ;
#4558 = LINE ( 'NONE', #4913, #4539 ) ;
#4559 = ORIENTED_EDGE ( 'NONE', *, *, #2565, .T. ) ;
#4560 = DIRECTION ( 'NONE',  ( 0.000000000000000000, 0.000000000000000000, 1.000000000000000000 ) ) ;
#4561 = VECTOR ( 'NONE', #806, 1000.000000000000000 ) ;
#4562 = LINE ( 'NONE', #4257, #532 ) ;
#4563 = CARTESIAN_POINT ( 'NONE',  ( 2.389999999999999680, 0.6699999999999995959, -0.8750000000000000000 ) ) ;
#4564 = EDGE_CURVE ( 'NONE', #4839, #2123, #174, .T. ) ;
#4565 = LINE ( 'NONE', #3242, #2146 ) ;
#4566 = VECTOR ( 'NONE', #5357, 1000.000000000000000 ) ;
#4567 = VERTEX_POINT ( 'NONE', #500 ) ;
#4568 = VECTOR ( 'NONE', #7, 1000.000000000000000 ) ;
#4569 = DIRECTION ( 'NONE',  ( 0.000000000000000000, -1.000000000000000000, 0.000000000000000000 ) ) ;
#4570 = CARTESIAN_POINT ( 'NONE',  ( 1.925000000000000044, 8.500000000000000000, -1.250000000000000000 ) ) ;
#4571 = VERTEX_POINT ( 'NONE', #2168 ) ;
#4572 = EDGE_LOOP ( 'NONE', ( #2570, #1541, #5234, #3526 ) ) ;
#4573 = DIRECTION ( 'NONE',  ( -1.000000000000000000, 0.000000000000000000, 0.000000000000000000 ) ) ;
#4574 = DIRECTION ( 'NONE',  ( 0.000000000000000000, 1.000000000000000000, 0.000000000000000000 ) ) ;
#4575 = CARTESIAN_POINT ( 'NONE',  ( -6.325000000000001066, 0.6699999999999995959, 1.270000000000000018 ) ) ;
#4576 = EDGE_LOOP ( 'NONE', ( #1373, #1139, #2723, #1130 ) ) ;
#4577 = DIRECTION ( 'NONE',  ( -1.000000000000000000, 0.000000000000000000, 0.000000000000000000 ) ) ;
#4578 = EDGE_CURVE ( 'NONE', #1806, #1475, #3429, .T. ) ;
#4579 = ADVANCED_FACE ( 'NONE', ( #203 ), #3094, .T. ) ;
#4580 = CARTESIAN_POINT ( 'NONE',  ( -1.025000000000000133, 1.849999999999999645, 1.930000000000000160 ) ) ;
#4581 = CARTESIAN_POINT ( 'NONE',  ( 3.325000000000000178, 8.500000000000000000, -1.250000000000000000 ) ) ;
#4582 = ADVANCED_FACE ( 'NONE', ( #4364 ), #5187, .T. ) ;
#4583 = CARTESIAN_POINT ( 'NONE',  ( -0.3199999999999999512, -8.673617379884035472E-16, -1.930000000000000160 ) ) ;
#4584 = CARTESIAN_POINT ( 'NONE',  ( -5.389999999999999680, 1.849999999999999645, 1.916979166667000190 ) ) ;
#4585 = ORIENTED_EDGE ( 'NONE', *, *, #5029, .T. ) ;
#4586 = CARTESIAN_POINT ( 'NONE',  ( 3.325000000000000178, 0.6699999999999995959, 1.270000000000000018 ) ) ;
#4587 = PLANE ( 'NONE',  #3866 ) ;
#4588 = LINE ( 'NONE', #3743, #1958 ) ;
#4589 = PLANE ( 'NONE',  #917 ) ;
#4590 = VECTOR ( 'NONE', #2712, 1000.000000000000000 ) ;
#4591 = EDGE_CURVE ( 'NONE', #226, #3473, #3957, .T. ) ;
#4592 = VERTEX_POINT ( 'NONE', #5213 ) ;
#4593 = PLANE ( 'NONE',  #2416 ) ;
#4594 = LINE ( 'NONE', #4620, #3020 ) ;
#4595 = VECTOR ( 'NONE', #2390, 1000.000000000000000 ) ;
#4596 = ORIENTED_EDGE ( 'NONE', *, *, #4610, .T. ) ;
#4597 = VERTEX_POINT ( 'NONE', #5143 ) ;
#4598 = ADVANCED_FACE ( 'NONE', ( #5092 ), #1817, .T. ) ;
#4599 = VECTOR ( 'NONE', #2909, 1000.000000000000000 ) ;
#4600 = VECTOR ( 'NONE', #5264, 1000.000000000000000 ) ;
#4601 = CARTESIAN_POINT ( 'NONE',  ( -2.680000000000000160, -2.580000000000000515, 0.3200000000000000067 ) ) ;
#4602 = CARTESIAN_POINT ( 'NONE',  ( 0.3199999999999999512, -8.673617379884035472E-16, 1.270000000000000018 ) ) ;
#4603 = VECTOR ( 'NONE', #4775, 1000.000000000000000 ) ;
#4604 = LINE ( 'NONE', #413, #2438 ) ;
#4605 = ORIENTED_EDGE ( 'NONE', *, *, #4675, .F. ) ;
#4606 = CARTESIAN_POINT ( 'NONE',  ( -2.799999999999999822, 9.350000000000001421, -1.935000000000000053 ) ) ;
#4607 = CARTESIAN_POINT ( 'NONE',  ( 2.674999999999999822, -8.673617379884035472E-16, 2.469999999999999751 ) ) ;
#4608 = EDGE_CURVE ( 'NONE', #3211, #2671, #2262, .T. ) ;
#4609 = DIRECTION ( 'NONE',  ( 0.000000000000000000, -1.000000000000000000, 0.000000000000000000 ) ) ;
#4610 = EDGE_CURVE ( 'NONE', #2997, #4898, #3525, .T. ) ;
#4611 = LINE ( 'NONE', #1593, #4078 ) ;
#4612 = LINE ( 'NONE', #340, #1550 ) ;
#4613 = ORIENTED_EDGE ( 'NONE', *, *, #3040, .T. ) ;
#4614 = FACE_OUTER_BOUND ( 'NONE', #3273, .T. ) ;
#4615 = CARTESIAN_POINT ( 'NONE',  ( -5.389999999999999680, 1.849999999999999645, 2.469999999999999751 ) ) ;
#4616 = CARTESIAN_POINT ( 'NONE',  ( -0.3199999999999999512, 1.269999999999999352, 0.8750000000000000000 ) ) ;
#4617 = CARTESIAN_POINT ( 'NONE',  ( 2.844999999999999751, 5.875000000000000000, 1.680000000000000160 ) ) ;
#4618 = ORIENTED_EDGE ( 'NONE', *, *, #3514, .F. ) ;
#4619 = CARTESIAN_POINT ( 'NONE',  ( -2.799999999999999822, 8.149999999999998579, -3.135000000000000231 ) ) ;
#4620 = CARTESIAN_POINT ( 'NONE',  ( -3.319999999999999840, -8.673617379884035472E-16, -1.930000000000000160 ) ) ;
#4621 = AXIS2_PLACEMENT_3D ( 'NONE', #2573, #1443, #2268 ) ;
#4622 = ORIENTED_EDGE ( 'NONE', *, *, #2900, .F. ) ;
#4623 = EDGE_CURVE ( 'NONE', #895, #4957, #4679, .T. ) ;
#4624 = ORIENTED_EDGE ( 'NONE', *, *, #2206, .F. ) ;
#4625 = VECTOR ( 'NONE', #4763, 1000.000000000000000 ) ;
#4626 = VECTOR ( 'NONE', #1405, 1000.000000000000000 ) ;
#4627 = LINE ( 'NONE', #2488, #3951 ) ;
#4628 = DIRECTION ( 'NONE',  ( 0.000000000000000000, 1.000000000000000000, 0.000000000000000000 ) ) ;
#4629 = ORIENTED_EDGE ( 'NONE', *, *, #5174, .T. ) ;
#4630 = LINE ( 'NONE', #3785, #4217 ) ;
#4631 = LINE ( 'NONE', #2104, #3151 ) ;
#4632 = LINE ( 'NONE', #2880, #4024 ) ;
#4633 = DIRECTION ( 'NONE',  ( 0.000000000000000000, 0.000000000000000000, -1.000000000000000000 ) ) ;
#4634 = ORIENTED_EDGE ( 'NONE', *, *, #885, .F. ) ;
#4635 = CARTESIAN_POINT ( 'NONE',  ( -3.319999999999999840, 0.6699999999999995959, -1.270000000000000018 ) ) ;
#4636 = ORIENTED_EDGE ( 'NONE', *, *, #390, .T. ) ;
#4637 = EDGE_CURVE ( 'NONE', #1738, #585, #4320, .T. ) ;
#4638 = DIRECTION ( 'NONE',  ( -0.9486832980505238710, 0.3162277660168079652, 0.000000000000000000 ) ) ;
#4639 = CARTESIAN_POINT ( 'NONE',  ( -6.325000000000001066, 1.269999999999999352, 1.270000000000000018 ) ) ;
#4640 = FACE_OUTER_BOUND ( 'NONE', #3666, .T. ) ;
#4641 = CARTESIAN_POINT ( 'NONE',  ( 3.325000000000000178, -8.673617379884035472E-16, -1.270000000000000018 ) ) ;
#4642 = VERTEX_POINT ( 'NONE', #3495 ) ;
#4643 = VECTOR ( 'NONE', #686, 1000.000000000000000 ) ;
#4644 = ADVANCED_FACE ( 'NONE', ( #2594 ), #107, .F. ) ;
#4645 = EDGE_CURVE ( 'NONE', #558, #4795, #3860, .T. ) ;
#4646 = DIRECTION ( 'NONE',  ( -1.000000000000000000, 0.000000000000000000, 0.000000000000000000 ) ) ;
#4647 = CARTESIAN_POINT ( 'NONE',  ( -4.925000000000000711, 9.899999999999998579, -1.930000000000000160 ) ) ;
#4648 = VECTOR ( 'NONE', #2045, 1000.000000000000000 ) ;
#4649 = PLANE ( 'NONE',  #2877 ) ;
#4650 = ORIENTED_EDGE ( 'NONE', *, *, #3906, .T. ) ;
#4651 = ORIENTED_EDGE ( 'NONE', *, *, #2550, .T. ) ;
#4652 = ORIENTED_EDGE ( 'NONE', *, *, #5144, .T. ) ;
#4653 = CARTESIAN_POINT ( 'NONE',  ( 3.325000000000000178, 2.513829809426999518, 0.2700000000000000178 ) ) ;
#4654 = ADVANCED_FACE ( 'NONE', ( #3968 ), #159, .T. ) ;
#4655 = DIRECTION ( 'NONE',  ( 0.000000000000000000, 1.000000000000000000, 0.000000000000000000 ) ) ;
#4656 = ORIENTED_EDGE ( 'NONE', *, *, #2564, .F. ) ;
#4657 = VECTOR ( 'NONE', #1521, 1000.000000000000114 ) ;
#4658 = LINE ( 'NONE', #3865, #4478 ) ;
#4659 = DIRECTION ( 'NONE',  ( 0.000000000000000000, 0.000000000000000000, -1.000000000000000000 ) ) ;
#4660 = PLANE ( 'NONE',  #2263 ) ;
#4661 = DIRECTION ( 'NONE',  ( 0.000000000000000000, -1.000000000000000000, 0.000000000000000000 ) ) ;
#4662 = EDGE_LOOP ( 'NONE', ( #3648, #2388, #1546, #5285, #242, #1238, #723 ) ) ;
#4663 = LINE ( 'NONE', #932, #1293 ) ;
#4664 = ADVANCED_FACE ( 'NONE', ( #3027 ), #3056, .T. ) ;
#4665 = ORIENTED_EDGE ( 'NONE', *, *, #4785, .F. ) ;
#4666 = DIRECTION ( 'NONE',  ( 0.000000000000000000, 0.000000000000000000, 1.000000000000000000 ) ) ;
#4667 = LINE ( 'NONE', #3377, #4386 ) ;
#4668 = CARTESIAN_POINT ( 'NONE',  ( -0.2000000000000000944, 7.399999999999999467, -3.135000000000000231 ) ) ;
#4669 = DIRECTION ( 'NONE',  ( 0.000000000000000000, -1.000000000000000000, 0.000000000000000000 ) ) ;
#4670 = VERTEX_POINT ( 'NONE', #1409 ) ;
#4671 = DIRECTION ( 'NONE',  ( 0.6635381078444798630, -0.6635381078444798630, -0.3455927645022893180 ) ) ;
#4672 = DIRECTION ( 'NONE',  ( 0.000000000000000000, 0.000000000000000000, 1.000000000000000000 ) ) ;
#4673 = EDGE_CURVE ( 'NONE', #2261, #245, #3886, .T. ) ;
#4674 = EDGE_CURVE ( 'NONE', #752, #4483, #1765, .T. ) ;
#4675 = EDGE_CURVE ( 'NONE', #3632, #2591, #186, .T. ) ;
#4676 = CARTESIAN_POINT ( 'NONE',  ( -6.325000000000001066, -8.673617379884035472E-16, 2.469999999999999751 ) ) ;
#4677 = EDGE_LOOP ( 'NONE', ( #5071, #4266, #3699, #1814 ) ) ;
#4678 = ORIENTED_EDGE ( 'NONE', *, *, #1158, .F. ) ;
#4679 = LINE ( 'NONE', #2644, #478 ) ;
#4680 = DIRECTION ( 'NONE',  ( 1.000000000000000000, 0.000000000000000000, 0.000000000000000000 ) ) ;
#4681 = ORIENTED_EDGE ( 'NONE', *, *, #483, .F. ) ;
#4682 = LINE ( 'NONE', #2544, #455 ) ;
#4683 = VECTOR ( 'NONE', #3484, 1000.000000000000000 ) ;
#4684 = AXIS2_PLACEMENT_3D ( 'NONE', #5399, #411, #1549 ) ;
#4685 = DIRECTION ( 'NONE',  ( 0.000000000000000000, 1.000000000000000000, 0.000000000000000000 ) ) ;
#4686 = LINE ( 'NONE', #2652, #5411 ) ;
#4687 = VECTOR ( 'NONE', #1069, 1000.000000000000000 ) ;
#4688 = VECTOR ( 'NONE', #2918, 1000.000000000000000 ) ;
#4689 = LINE ( 'NONE', #2600, #1376 ) ;
#4690 = ORIENTED_EDGE ( 'NONE', *, *, #2777, .T. ) ;
#4691 = CARTESIAN_POINT ( 'NONE',  ( -0.3199999999999999512, -2.580000000000000515, 0.3200000000000000067 ) ) ;
#4692 = VECTOR ( 'NONE', #4869, 1000.000000000000000 ) ;
#4693 = CARTESIAN_POINT ( 'NONE',  ( 2.389999999999999680, 0.6699999999999995959, -1.270000000000000018 ) ) ;
#4694 = CARTESIAN_POINT ( 'NONE',  ( 0.3199999999999999512, -8.673617379884035472E-16, 1.270000000000000018 ) ) ;
#4695 = CARTESIAN_POINT ( 'NONE',  ( -0.02500000000000006384, 1.849999999999999645, 1.930000000000000160 ) ) ;
#4696 = LINE ( 'NONE', #2143, #5036 ) ;
#4697 = ORIENTED_EDGE ( 'NONE', *, *, #2329, .T. ) ;
#4698 = ORIENTED_EDGE ( 'NONE', *, *, #3032, .F. ) ;
#4699 = PLANE ( 'NONE',  #2578 ) ;
#4700 = LINE ( 'NONE', #75, #315 ) ;
#4701 = FACE_OUTER_BOUND ( 'NONE', #246, .T. ) ;
#4702 = ORIENTED_EDGE ( 'NONE', *, *, #3271, .T. ) ;
#4703 = ORIENTED_EDGE ( 'NONE', *, *, #3971, .F. ) ;
#4704 = EDGE_CURVE ( 'NONE', #2627, #177, #2179, .T. ) ;
#4705 = CARTESIAN_POINT ( 'NONE',  ( 3.325000000000000178, 2.699999999999999734, -0.04250000000000000305 ) ) ;
#4706 = CARTESIAN_POINT ( 'NONE',  ( -0.02500000000000006384, 1.849999999999999645, 1.930000000000000160 ) ) ;
#4707 = VERTEX_POINT ( 'NONE', #4784 ) ;
#4708 = CARTESIAN_POINT ( 'NONE',  ( 3.274999999999999911, 2.513829809426999518, 0.2700000000000000178 ) ) ;
#4709 = VECTOR ( 'NONE', #5204, 1000.000000000000000 ) ;
#4710 = DIRECTION ( 'NONE',  ( 0.000000000000000000, 0.000000000000000000, 1.000000000000000000 ) ) ;
#4711 = CARTESIAN_POINT ( 'NONE',  ( 0.3199999999999999512, 0.6999999999999992895, 1.649999999999999911 ) ) ;
#4712 = LINE ( 'NONE', #114, #566 ) ;
#4713 = ORIENTED_EDGE ( 'NONE', *, *, #5381, .T. ) ;
#4714 = VECTOR ( 'NONE', #3293, 1000.000000000000114 ) ;
#4715 = DIRECTION ( 'NONE',  ( 0.9486832980505238710, -0.3162277660168079652, 0.000000000000000000 ) ) ;
#4716 = DIRECTION ( 'NONE',  ( 0.000000000000000000, 0.000000000000000000, -1.000000000000000000 ) ) ;
#4717 = PLANE ( 'NONE',  #3887 ) ;
#4718 = CARTESIAN_POINT ( 'NONE',  ( 3.274999999999999911, 2.301063802837999717, 0.2700000000000000178 ) ) ;
#4719 = CARTESIAN_POINT ( 'NONE',  ( -2.680000000000000160, 0.6999999999999992895, -0.3200000000000000067 ) ) ;
#4720 = EDGE_CURVE ( 'NONE', #709, #2208, #537, .T. ) ;
#4721 = VERTEX_POINT ( 'NONE', #4377 ) ;
#4722 = ORIENTED_EDGE ( 'NONE', *, *, #5382, .F. ) ;
#4723 = EDGE_CURVE ( 'NONE', #2744, #3995, #4729, .T. ) ;
#4724 = CARTESIAN_POINT ( 'NONE',  ( -0.3199999999999999512, 4.949999999999999289, 0.000000000000000000 ) ) ;
#4725 = CARTESIAN_POINT ( 'NONE',  ( -0.3199999999999999512, 0.6699999999999995959, -0.8750000000000000000 ) ) ;
#4726 = LINE ( 'NONE', #3491, #4626 ) ;
#4727 = VERTEX_POINT ( 'NONE', #216 ) ;
#4728 = EDGE_LOOP ( 'NONE', ( #396, #4690, #4004, #4050 ) ) ;
#4729 = LINE ( 'NONE', #618, #2227 ) ;
#4730 = AXIS2_PLACEMENT_3D ( 'NONE', #899, #4300, #3475 ) ;
#4731 = DIRECTION ( 'NONE',  ( 3.700743415417000193E-14, -1.000000000000000000, 0.000000000000000000 ) ) ;
#4732 = ORIENTED_EDGE ( 'NONE', *, *, #1422, .T. ) ;
#4733 = FACE_OUTER_BOUND ( 'NONE', #2747, .T. ) ;
#4734 = VERTEX_POINT ( 'NONE', #3471 ) ;
#4735 = VECTOR ( 'NONE', #4963, 1000.000000000000114 ) ;
#4736 = CARTESIAN_POINT ( 'NONE',  ( 3.325000000000000178, 3.299999999999999378, -1.930000000000000160 ) ) ;
#4737 = CARTESIAN_POINT ( 'NONE',  ( -5.365000000000000213, 1.849999999999999645, 1.930000000000000160 ) ) ;
#4738 = CIRCLE ( 'NONE', #2557, 0.5000000000000000000 ) ;
#4739 = LINE ( 'NONE', #517, #4019 ) ;
#4740 = EDGE_CURVE ( 'NONE', #426, #3756, #3415, .T. ) ;
#4741 = VERTEX_POINT ( 'NONE', #4349 ) ;
#4742 = ADVANCED_FACE ( 'NONE', ( #11 ), #5022, .F. ) ;
#4743 = DIRECTION ( 'NONE',  ( 0.000000000000000000, -1.000000000000000000, 0.000000000000000000 ) ) ;
#4744 = DIRECTION ( 'NONE',  ( 0.000000000000000000, 0.000000000000000000, 1.000000000000000000 ) ) ;
#4745 = EDGE_CURVE ( 'NONE', #2839, #4053, #771, .T. ) ;
#4746 = DIRECTION ( 'NONE',  ( 0.000000000000000000, -1.000000000000000000, 0.000000000000000000 ) ) ;
#4747 = DIRECTION ( 'NONE',  ( 1.000000000000000000, 0.000000000000000000, 0.000000000000000000 ) ) ;
#4748 = CARTESIAN_POINT ( 'NONE',  ( 1.939999999999999947, 1.269999999999999352, -0.8750000000000000000 ) ) ;
#4749 = ORIENTED_EDGE ( 'NONE', *, *, #185, .F. ) ;
#4750 = EDGE_LOOP ( 'NONE', ( #508, #2776, #319, #1893 ) ) ;
#4751 = EDGE_CURVE ( 'NONE', #1905, #1869, #3684, .T. ) ;
#4752 = FACE_OUTER_BOUND ( 'NONE', #1583, .T. ) ;
#4753 = ORIENTED_EDGE ( 'NONE', *, *, #817, .T. ) ;
#4754 = EDGE_LOOP ( 'NONE', ( #3204, #1764, #774, #2344 ) ) ;
#4755 = VERTEX_POINT ( 'NONE', #4583 ) ;
#4756 = CARTESIAN_POINT ( 'NONE',  ( -3.120000000000000107, -3.180000000000000604, -0.1200000000000000094 ) ) ;
#4757 = EDGE_CURVE ( 'NONE', #895, #3272, #3371, .T. ) ;
#4758 = ORIENTED_EDGE ( 'NONE', *, *, #2628, .T. ) ;
#4759 = CARTESIAN_POINT ( 'NONE',  ( -2.799999999999999822, 6.899999999999999467, -2.435000000000000053 ) ) ;
#4760 = VERTEX_POINT ( 'NONE', #394 ) ;
#4761 = CARTESIAN_POINT ( 'NONE',  ( -6.325000000000001066, 1.269999999999999352, 0.8750000000000000000 ) ) ;
#4762 = CARTESIAN_POINT ( 'NONE',  ( -6.325000000000001066, 0.6699999999999995959, -1.270000000000000018 ) ) ;
#4763 = DIRECTION ( 'NONE',  ( 0.000000000000000000, 1.000000000000000000, 0.000000000000000000 ) ) ;
#4764 = ORIENTED_EDGE ( 'NONE', *, *, #5157, .T. ) ;
#4765 = AXIS2_PLACEMENT_3D ( 'NONE', #515, #4710, #5152 ) ;
#4766 = DIRECTION ( 'NONE',  ( -0.3162277660168079652, 0.9486832980505238710, 0.000000000000000000 ) ) ;
#4767 = ADVANCED_FACE ( 'NONE', ( #1643 ), #2882, .F. ) ;
#4768 = FACE_OUTER_BOUND ( 'NONE', #1657, .T. ) ;
#4769 = VECTOR ( 'NONE', #3657, 1000.000000000000000 ) ;
#4770 = VECTOR ( 'NONE', #2984, 1000.000000000000000 ) ;
#4771 = VECTOR ( 'NONE', #1334, 1000.000000000000000 ) ;
#4772 = FACE_OUTER_BOUND ( 'NONE', #2308, .T. ) ;
#4773 = ADVANCED_FACE ( 'NONE', ( #3263 ), #4127, .F. ) ;
#4774 = CARTESIAN_POINT ( 'NONE',  ( -1.270000000000000018, 9.899999999999998579, -1.250000000000000000 ) ) ;
#4775 = DIRECTION ( 'NONE',  ( 0.000000000000000000, -1.000000000000000000, 0.000000000000000000 ) ) ;
#4776 = VECTOR ( 'NONE', #1518, 1000.000000000000000 ) ;
#4777 = ORIENTED_EDGE ( 'NONE', *, *, #3467, .T. ) ;
#4778 = EDGE_LOOP ( 'NONE', ( #563, #1980, #5113, #4202 ) ) ;
#4779 =( NAMED_UNIT ( * ) PLANE_ANGLE_UNIT ( ) SI_UNIT ( $, .RADIAN. ) );
#4780 = CARTESIAN_POINT ( 'NONE',  ( 0.3199999999999999512, 1.349999999999999645, 1.680000000000000160 ) ) ;
#4781 = ORIENTED_EDGE ( 'NONE', *, *, #2021, .T. ) ;
#4782 = ORIENTED_EDGE ( 'NONE', *, *, #4830, .F. ) ;
#4783 = ORIENTED_EDGE ( 'NONE', *, *, #1217, .T. ) ;
#4784 = CARTESIAN_POINT ( 'NONE',  ( 0.3199999999999999512, 1.269999999999999352, 0.8750000000000000000 ) ) ;
#4785 = EDGE_CURVE ( 'NONE', #965, #151, #4531, .T. ) ;
#4786 = ORIENTED_EDGE ( 'NONE', *, *, #1325, .T. ) ;
#4787 = DIRECTION ( 'NONE',  ( 0.000000000000000000, -1.000000000000000000, 0.000000000000000000 ) ) ;
#4788 = VERTEX_POINT ( 'NONE', #2029 ) ;
#4789 = VECTOR ( 'NONE', #1035, 1000.000000000000114 ) ;
#4790 = LINE ( 'NONE', #4383, #3370 ) ;
#4791 = LINE ( 'NONE', #3005, #89 ) ;
#4792 = LINE ( 'NONE', #2381, #3312 ) ;
#4793 = VERTEX_POINT ( 'NONE', #824 ) ;
#4794 = CARTESIAN_POINT ( 'NONE',  ( -3.319999999999999840, 1.269999999999999352, -0.8750000000000000000 ) ) ;
#4795 = VERTEX_POINT ( 'NONE', #2054 ) ;
#4796 = LINE ( 'NONE', #1886, #182 ) ;
#4797 = VECTOR ( 'NONE', #3118, 1000.000000000000000 ) ;
#4798 = DIRECTION ( 'NONE',  ( 0.000000000000000000, -0.7682212795973758501, 0.6401843996644798196 ) ) ;
#4799 = VECTOR ( 'NONE', #4264, 1000.000000000000000 ) ;
#4800 = LINE ( 'NONE', #2303, #2583 ) ;
#4801 = LINE ( 'NONE', #2362, #1809 ) ;
#4802 = VERTEX_POINT ( 'NONE', #3712 ) ;
#4803 = VERTEX_POINT ( 'NONE', #1208 ) ;
#4804 = FACE_OUTER_BOUND ( 'NONE', #591, .T. ) ;
#4805 = LINE ( 'NONE', #1047, #4430 ) ;
#4806 = ORIENTED_EDGE ( 'NONE', *, *, #3994, .F. ) ;
#4807 = ORIENTED_EDGE ( 'NONE', *, *, #4514, .T. ) ;
#4808 = EDGE_CURVE ( 'NONE', #3625, #2284, #4201, .T. ) ;
#4809 = ADVANCED_FACE ( 'NONE', ( #5354 ), #2108, .F. ) ;
#4810 = ORIENTED_EDGE ( 'NONE', *, *, #5182, .T. ) ;
#4811 = EDGE_CURVE ( 'NONE', #2785, #2663, #4556, .T. ) ;
#4812 = DIRECTION ( 'NONE',  ( 1.000000000000000000, 0.000000000000000000, 0.000000000000000000 ) ) ;
#4813 = VERTEX_POINT ( 'NONE', #2473 ) ;
#4814 = DIRECTION ( 'NONE',  ( -5.921189464668000530E-14, -1.000000000000000000, -0.000000000000000000 ) ) ;
#4815 = ORIENTED_EDGE ( 'NONE', *, *, #104, .T. ) ;
#4816 = ORIENTED_EDGE ( 'NONE', *, *, #3199, .T. ) ;
#4817 = AXIS2_PLACEMENT_3D ( 'NONE', #3848, #3481, #1340 ) ;
#4818 = DIRECTION ( 'NONE',  ( 0.000000000000000000, 0.000000000000000000, 1.000000000000000000 ) ) ;
#4819 = FACE_OUTER_BOUND ( 'NONE', #3777, .T. ) ;
#4820 = EDGE_CURVE ( 'NONE', #4432, #303, #1234, .T. ) ;
#4821 = CARTESIAN_POINT ( 'NONE',  ( -4.939999999999999503, -8.673617379884035472E-16, -1.270000000000000018 ) ) ;
#4822 = VECTOR ( 'NONE', #70, 1000.000000000000000 ) ;
#4823 = ORIENTED_EDGE ( 'NONE', *, *, #2039, .F. ) ;
#4824 = CARTESIAN_POINT ( 'NONE',  ( 1.269999999999999796, 9.899999999999998579, 1.250000000000000000 ) ) ;
#4825 = VECTOR ( 'NONE', #279, 1000.000000000000000 ) ;
#4826 = CARTESIAN_POINT ( 'NONE',  ( 3.325000000000000178, 2.699999999999999734, 0.1137500000000000039 ) ) ;
#4827 = FACE_OUTER_BOUND ( 'NONE', #2145, .T. ) ;
#4828 = DIRECTION ( 'NONE',  ( 0.000000000000000000, 0.000000000000000000, 1.000000000000000000 ) ) ;
#4829 = DIRECTION ( 'NONE',  ( 0.000000000000000000, 0.000000000000000000, -1.000000000000000000 ) ) ;
#4830 = EDGE_CURVE ( 'NONE', #965, #4074, #1259, .T. ) ;
#4831 = VERTEX_POINT ( 'NONE', #3762 ) ;
#4832 = ORIENTED_EDGE ( 'NONE', *, *, #2184, .F. ) ;
#4833 = APPLICATION_CONTEXT ( 'automotive_design' ) ;
#4834 = ORIENTED_EDGE ( 'NONE', *, *, #4082, .T. ) ;
#4835 = CARTESIAN_POINT ( 'NONE',  ( -6.325000000000001066, -8.673617379884035472E-16, -1.270000000000000018 ) ) ;
#4836 = LINE ( 'NONE', #3578, #1097 ) ;
#4837 = ORIENTED_EDGE ( 'NONE', *, *, #1224, .F. ) ;
#4838 = ORIENTED_EDGE ( 'NONE', *, *, #887, .F. ) ;
#4839 = VERTEX_POINT ( 'NONE', #1615 ) ;
#4840 = EDGE_CURVE ( 'NONE', #1656, #3098, #4611, .T. ) ;
#4841 = CARTESIAN_POINT ( 'NONE',  ( -6.325000000000001066, 0.6699999999999995959, -1.270000000000000018 ) ) ;
#4842 = EDGE_CURVE ( 'NONE', #4210, #4727, #4996, .T. ) ;
#4843 = ADVANCED_FACE ( 'NONE', ( #4938 ), #3295, .T. ) ;
#4844 = EDGE_LOOP ( 'NONE', ( #5387, #867, #2017, #3018 ) ) ;
#4845 = CARTESIAN_POINT ( 'NONE',  ( -4.939999999999999503, 1.269999999999999352, -0.8750000000000000000 ) ) ;
#4846 = ORIENTED_EDGE ( 'NONE', *, *, #1556, .F. ) ;
#4847 = ORIENTED_EDGE ( 'NONE', *, *, #4093, .T. ) ;
#4848 = PLANE ( 'NONE',  #3986 ) ;
#4849 = DIRECTION ( 'NONE',  ( -1.000000000000000000, 0.000000000000000000, 0.000000000000000000 ) ) ;
#4850 = VECTOR ( 'NONE', #1369, 1000.000000000000000 ) ;
#4851 = CARTESIAN_POINT ( 'NONE',  ( 0.3199999999999999512, -3.180000000000000604, -0.3200000000000000067 ) ) ;
#4852 = ORIENTED_EDGE ( 'NONE', *, *, #3844, .T. ) ;
#4853 = DIRECTION ( 'NONE',  ( 0.000000000000000000, 0.000000000000000000, 1.000000000000000000 ) ) ;
#4854 = CARTESIAN_POINT ( 'NONE',  ( -2.680000000000000160, 3.299999999999999378, 0.3200000000000000067 ) ) ;
#4855 = DIRECTION ( 'NONE',  ( -1.000000000000000000, 0.000000000000000000, 0.000000000000000000 ) ) ;
#4856 =( GEOMETRIC_REPRESENTATION_CONTEXT ( 3 ) GLOBAL_UNCERTAINTY_ASSIGNED_CONTEXT ( ( #1982 ) ) GLOBAL_UNIT_ASSIGNED_CONTEXT ( ( #1947, #1188, #2860 ) ) REPRESENTATION_CONTEXT ( 'NONE', 'WORKASPACE' ) );
#4857 = CARTESIAN_POINT ( 'NONE',  ( -2.680000000000000160, -2.580000000000000515, -0.3200000000000000067 ) ) ;
#4858 = DIRECTION ( 'NONE',  ( -1.000000000000000000, 0.000000000000000000, 0.000000000000000000 ) ) ;
#4859 = ORIENTED_EDGE ( 'NONE', *, *, #620, .F. ) ;
#4860 = ORIENTED_EDGE ( 'NONE', *, *, #835, .T. ) ;
#4861 = VECTOR ( 'NONE', #4661, 1000.000000000000000 ) ;
#4862 = VECTOR ( 'NONE', #3593, 1000.000000000000000 ) ;
#4863 = PLANE ( 'NONE',  #1873 ) ;
#4864 = CARTESIAN_POINT ( 'NONE',  ( -6.325000000000001066, -8.673617379884035472E-16, -1.250000000000000000 ) ) ;
#4865 = VECTOR ( 'NONE', #4132, 1000.000000000000000 ) ;
#4866 = VERTEX_POINT ( 'NONE', #2551 ) ;
#4867 = EDGE_LOOP ( 'NONE', ( #1304, #208, #1026, #2031 ) ) ;
#4868 = ORIENTED_EDGE ( 'NONE', *, *, #1655, .T. ) ;
#4869 = DIRECTION ( 'NONE',  ( 1.000000000000000000, 0.000000000000000000, 0.000000000000000000 ) ) ;
#4870 = CARTESIAN_POINT ( 'NONE',  ( 0.1199999999999998845, 7.500000000000000000, 0.1200000000000000094 ) ) ;
#4871 = ORIENTED_EDGE ( 'NONE', *, *, #4811, .T. ) ;
#4872 = DIRECTION ( 'NONE',  ( -1.000000000000000000, 0.000000000000000000, 0.000000000000000000 ) ) ;
#4873 = ORIENTED_EDGE ( 'NONE', *, *, #2926, .T. ) ;
#4874 = EDGE_CURVE ( 'NONE', #3085, #2136, #4225, .T. ) ;
#4875 = FACE_OUTER_BOUND ( 'NONE', #129, .T. ) ;
#4876 = CARTESIAN_POINT ( 'NONE',  ( -1.975000000000000089, 1.849999999999999645, 2.429999999999999716 ) ) ;
#4877 = FACE_OUTER_BOUND ( 'NONE', #3660, .T. ) ;
#4878 = VERTEX_POINT ( 'NONE', #3477 ) ;
#4879 = CARTESIAN_POINT ( 'NONE',  ( -2.879999999999999893, -3.180000000000000604, 0.1200000000000000094 ) ) ;
#4880 = CARTESIAN_POINT ( 'NONE',  ( -5.674999999999999822, -1.150000000000000799, 2.469999999999999751 ) ) ;
#4881 = DIRECTION ( 'NONE',  ( 0.000000000000000000, -1.000000000000000000, 0.000000000000000000 ) ) ;
#4882 = DIRECTION ( 'NONE',  ( 0.000000000000000000, 0.000000000000000000, -1.000000000000000000 ) ) ;
#4883 = VECTOR ( 'NONE', #4015, 1000.000000000000000 ) ;
#4884 = LINE ( 'NONE', #4475, #2692 ) ;
#4885 = EDGE_LOOP ( 'NONE', ( #909, #2264, #3019, #3960 ) ) ;
#4886 = VERTEX_POINT ( 'NONE', #167 ) ;
#4887 = VECTOR ( 'NONE', #4169, 1000.000000000000000 ) ;
#4888 = EDGE_CURVE ( 'NONE', #4900, #992, #3397, .T. ) ;
#4889 = CARTESIAN_POINT ( 'NONE',  ( -6.325000000000001066, -8.673617379884035472E-16, 1.270000000000000018 ) ) ;
#4890 = DIRECTION ( 'NONE',  ( 0.000000000000000000, -1.000000000000000000, 0.000000000000000000 ) ) ;
#4891 = ORIENTED_EDGE ( 'NONE', *, *, #4117, .F. ) ;
#4892 = ORIENTED_EDGE ( 'NONE', *, *, #212, .T. ) ;
#4893 = EDGE_CURVE ( 'NONE', #3973, #2952, #3449, .T. ) ;
#4894 = EDGE_LOOP ( 'NONE', ( #5262, #3523, #2682, #2649 ) ) ;
#4895 = CARTESIAN_POINT ( 'NONE',  ( 0.3199999999999999512, 1.269999999999999352, -0.8750000000000000000 ) ) ;
#4896 = CARTESIAN_POINT ( 'NONE',  ( -2.680000000000000160, 0.6699999999999995959, 0.8750000000000000000 ) ) ;
#4897 = EDGE_CURVE ( 'NONE', #3632, #177, #2624, .T. ) ;
#4898 = VERTEX_POINT ( 'NONE', #3424 ) ;
#4899 = DIRECTION ( 'NONE',  ( 0.000000000000000000, 0.000000000000000000, -1.000000000000000000 ) ) ;
#4900 = VERTEX_POINT ( 'NONE', #3817 ) ;
#4901 = PLANE ( 'NONE',  #2933 ) ;
#4902 = FACE_OUTER_BOUND ( 'NONE', #4778, .T. ) ;
#4903 = PLANE ( 'NONE',  #2256 ) ;
#4904 = ORIENTED_EDGE ( 'NONE', *, *, #5226, .F. ) ;
#4905 = DIRECTION ( 'NONE',  ( 0.000000000000000000, 1.000000000000000000, 0.000000000000000000 ) ) ;
#4906 = CARTESIAN_POINT ( 'NONE',  ( -1.729999999999999982, 3.299999999999999378, -1.250000000000000000 ) ) ;
#4907 = EDGE_CURVE ( 'NONE', #1030, #3605, #4712, .T. ) ;
#4908 = DIRECTION ( 'NONE',  ( 1.000000000000000000, 0.000000000000000000, 0.000000000000000000 ) ) ;
#4909 = VECTOR ( 'NONE', #776, 1000.000000000000000 ) ;
#4910 = ADVANCED_FACE ( 'NONE', ( #957 ), #4328, .T. ) ;
#4911 = LINE ( 'NONE', #5272, #4687 ) ;
#4912 = ADVANCED_FACE ( 'NONE', ( #1365 ), #4304, .F. ) ;
#4913 = CARTESIAN_POINT ( 'NONE',  ( 2.364999999999999769, 1.849999999999999645, 1.930000000000000160 ) ) ;
#4914 = ORIENTED_EDGE ( 'NONE', *, *, #2593, .F. ) ;
#4915 = ORIENTED_EDGE ( 'NONE', *, *, #3292, .T. ) ;
#4916 = EDGE_CURVE ( 'NONE', #3973, #4023, #5154, .T. ) ;
#4917 = VERTEX_POINT ( 'NONE', #1718 ) ;
#4918 = VECTOR ( 'NONE', #2906, 1000.000000000000000 ) ;
#4919 = DIRECTION ( 'NONE',  ( 1.000000000000000000, 0.000000000000000000, 0.000000000000000000 ) ) ;
#4920 = DIRECTION ( 'NONE',  ( 0.000000000000000000, 0.000000000000000000, 1.000000000000000000 ) ) ;
#4921 = DIRECTION ( 'NONE',  ( 0.000000000000000000, 1.000000000000000000, 0.000000000000000000 ) ) ;
#4922 = VECTOR ( 'NONE', #927, 1000.000000000000000 ) ;
#4923 = ORIENTED_EDGE ( 'NONE', *, *, #1159, .T. ) ;
#4924 = EDGE_LOOP ( 'NONE', ( #2397, #3507, #2555, #3871 ) ) ;
#4925 = LINE ( 'NONE', #4486, #4168 ) ;
#4926 = DIRECTION ( 'NONE',  ( 1.000000000000000000, 0.000000000000000000, 0.000000000000000000 ) ) ;
#4927 = ORIENTED_EDGE ( 'NONE', *, *, #4757, .T. ) ;
#4928 = CARTESIAN_POINT ( 'NONE',  ( 0.3199999999999999512, 0.6699999999999995959, -1.270000000000000018 ) ) ;
#4929 = ORIENTED_EDGE ( 'NONE', *, *, #5418, .T. ) ;
#4930 = LINE ( 'NONE', #299, #1436 ) ;
#4931 = CARTESIAN_POINT ( 'NONE',  ( -6.325000000000001066, 9.899999999999998579, 1.930000000000000160 ) ) ;
#4932 = DIRECTION ( 'NONE',  ( 0.000000000000000000, 0.000000000000000000, -1.000000000000000000 ) ) ;
#4933 = ORIENTED_EDGE ( 'NONE', *, *, #5192, .T. ) ;
#4934 = DIRECTION ( 'NONE',  ( 0.000000000000000000, 0.000000000000000000, -1.000000000000000000 ) ) ;
#4935 = DIRECTION ( 'NONE',  ( 0.000000000000000000, -1.000000000000000000, 0.000000000000000000 ) ) ;
#4936 = LINE ( 'NONE', #2821, #488 ) ;
#4937 = PLANE ( 'NONE',  #3814 ) ;
#4938 = FACE_OUTER_BOUND ( 'NONE', #1907, .T. ) ;
#4939 = DIRECTION ( 'NONE',  ( 0.000000000000000000, 0.000000000000000000, -1.000000000000000000 ) ) ;
#4940 = ORIENTED_EDGE ( 'NONE', *, *, #1700, .T. ) ;
#4941 = EDGE_CURVE ( 'NONE', #1905, #4431, #2574, .T. ) ;
#4942 = EDGE_CURVE ( 'NONE', #4511, #2123, #142, .T. ) ;
#4943 = DIRECTION ( 'NONE',  ( 0.000000000000000000, 0.000000000000000000, -1.000000000000000000 ) ) ;
#4944 = DIRECTION ( 'NONE',  ( 1.000000000000000000, 0.000000000000000000, 0.000000000000000000 ) ) ;
#4945 = DIRECTION ( 'NONE',  ( 1.000000000000000000, 0.000000000000000000, 0.000000000000000000 ) ) ;
#4946 = ORIENTED_EDGE ( 'NONE', *, *, #194, .F. ) ;
#4947 = VECTOR ( 'NONE', #5003, 1000.000000000000000 ) ;
#4948 = EDGE_LOOP ( 'NONE', ( #1064, #3820, #696, #636 ) ) ;
#4949 = VECTOR ( 'NONE', #1249, 1000.000000000000000 ) ;
#4950 = LINE ( 'NONE', #1196, #3110 ) ;
#4951 = VECTOR ( 'NONE', #5161, 1000.000000000000000 ) ;
#4952 = LINE ( 'NONE', #3642, #913 ) ;
#4953 = VECTOR ( 'NONE', #1925, 1000.000000000000000 ) ;
#4954 = VECTOR ( 'NONE', #713, 1000.000000000000000 ) ;
#4955 = ORIENTED_EDGE ( 'NONE', *, *, #2124, .T. ) ;
#4956 = VECTOR ( 'NONE', #5389, 1000.000000000000000 ) ;
#4957 = VERTEX_POINT ( 'NONE', #544 ) ;
#4958 = DIRECTION ( 'NONE',  ( 0.000000000000000000, 1.000000000000000000, 0.000000000000000000 ) ) ;
#4959 = DIRECTION ( 'NONE',  ( 0.000000000000000000, -1.000000000000000000, 0.000000000000000000 ) ) ;
#4960 = EDGE_CURVE ( 'NONE', #2324, #2952, #3006, .T. ) ;
#4961 = PLANE ( 'NONE',  #4453 ) ;
#4962 = VERTEX_POINT ( 'NONE', #3065 ) ;
#4963 = DIRECTION ( 'NONE',  ( 0.7071067811865474617, 0.7071067811865474617, 0.000000000000000000 ) ) ;
#4964 = EDGE_CURVE ( 'NONE', #2975, #1244, #4739, .T. ) ;
#4965 = DIRECTION ( 'NONE',  ( 0.000000000000000000, -1.000000000000000000, 0.000000000000000000 ) ) ;
#4966 = FACE_OUTER_BOUND ( 'NONE', #4894, .T. ) ;
#4967 = DIRECTION ( 'NONE',  ( 0.000000000000000000, 0.000000000000000000, -1.000000000000000000 ) ) ;
#4968 = CARTESIAN_POINT ( 'NONE',  ( -2.680000000000000160, 1.349999999999999645, -1.930000000000000160 ) ) ;
#4969 = LINE ( 'NONE', #1236, #3752 ) ;
#4970 = VERTEX_POINT ( 'NONE', #2163 ) ;
#4971 = CARTESIAN_POINT ( 'NONE',  ( -2.680000000000000160, 0.6999999999999992895, 1.649999999999999911 ) ) ;
#4972 = VECTOR ( 'NONE', #1473, 1000.000000000000000 ) ;
#4973 = DIRECTION ( 'NONE',  ( 0.000000000000000000, -1.000000000000000000, 0.000000000000000000 ) ) ;
#4974 = DIRECTION ( 'NONE',  ( 0.000000000000000000, -1.000000000000000000, 0.000000000000000000 ) ) ;
#4975 = DIRECTION ( 'NONE',  ( 1.000000000000000000, 0.000000000000000000, 0.000000000000000000 ) ) ;
#4976 = AXIS2_PLACEMENT_3D ( 'NONE', #2330, #2298, #1502 ) ;
#4977 = ORIENTED_EDGE ( 'NONE', *, *, #4223, .F. ) ;
#4978 = VECTOR ( 'NONE', #2420, 1000.000000000000000 ) ;
#4979 = LINE ( 'NONE', #2509, #923 ) ;
#4980 = DIRECTION ( 'NONE',  ( 1.000000000000000000, 0.000000000000000000, 0.000000000000000000 ) ) ;
#4981 = EDGE_CURVE ( 'NONE', #1459, #4760, #1746, .T. ) ;
#4982 = EDGE_CURVE ( 'NONE', #2516, #4156, #4689, .T. ) ;
#4983 = VERTEX_POINT ( 'NONE', #572 ) ;
#4984 = ORIENTED_EDGE ( 'NONE', *, *, #193, .F. ) ;
#4985 = ORIENTED_EDGE ( 'NONE', *, *, #3658, .F. ) ;
#4986 = EDGE_CURVE ( 'NONE', #4734, #332, #2187, .T. ) ;
#4987 = ORIENTED_EDGE ( 'NONE', *, *, #4412, .T. ) ;
#4988 = PLANE ( 'NONE',  #568 ) ;
#4989 = CARTESIAN_POINT ( 'NONE',  ( -2.799999999999999822, 7.399999999999999467, -3.135000000000000231 ) ) ;
#4990 = DIRECTION ( 'NONE',  ( 0.7071067811865474617, 0.7071067811865474617, 0.000000000000000000 ) ) ;
#4991 = ORIENTED_EDGE ( 'NONE', *, *, #3939, .T. ) ;
#4992 = CARTESIAN_POINT ( 'NONE',  ( -2.879999999999999893, -3.180000000000000604, -0.1200000000000000094 ) ) ;
#4993 = LINE ( 'NONE', #737, #1927 ) ;
#4994 = EDGE_CURVE ( 'NONE', #692, #4312, #3893, .T. ) ;
#4995 = LINE ( 'NONE', #901, #1127 ) ;
#4996 = LINE ( 'NONE', #2082, #2932 ) ;
#4997 = CARTESIAN_POINT ( 'NONE',  ( -0.1200000000000000927, 7.500000000000000000, -0.1200000000000000094 ) ) ;
#4998 = ORIENTED_EDGE ( 'NONE', *, *, #3198, .F. ) ;
#4999 = ORIENTED_EDGE ( 'NONE', *, *, #3805, .T. ) ;
#5000 = CARTESIAN_POINT ( 'NONE',  ( -2.975000000000000089, 1.849999999999999645, 1.930000000000000160 ) ) ;
#5001 = VECTOR ( 'NONE', #4361, 1000.000000000000000 ) ;
#5002 = DIRECTION ( 'NONE',  ( 1.000000000000000000, 0.000000000000000000, 0.000000000000000000 ) ) ;
#5003 = DIRECTION ( 'NONE',  ( 0.000000000000000000, 1.000000000000000000, 0.000000000000000000 ) ) ;
#5004 = DIRECTION ( 'NONE',  ( 1.000000000000000000, 0.000000000000000000, 0.000000000000000000 ) ) ;
#5005 = EDGE_CURVE ( 'NONE', #3967, #4312, #875, .T. ) ;
#5006 = VECTOR ( 'NONE', #2902, 1000.000000000000000 ) ;
#5007 = VERTEX_POINT ( 'NONE', #2681 ) ;
#5008 = VECTOR ( 'NONE', #4388, 1000.000000000000000 ) ;
#5009 = LINE ( 'NONE', #3330, #4521 ) ;
#5010 = DIRECTION ( 'NONE',  ( 0.000000000000000000, 0.000000000000000000, -1.000000000000000000 ) ) ;
#5011 = VERTEX_POINT ( 'NONE', #4007 ) ;
#5012 = ORIENTED_EDGE ( 'NONE', *, *, #3534, .F. ) ;
#5013 = EDGE_CURVE ( 'NONE', #2663, #3801, #3596, .T. ) ;
#5014 = EDGE_CURVE ( 'NONE', #4755, #2261, #2763, .T. ) ;
#5015 = DIRECTION ( 'NONE',  ( 0.000000000000000000, -1.000000000000000000, 0.000000000000000000 ) ) ;
#5016 = DIRECTION ( 'NONE',  ( 0.000000000000000000, 0.000000000000000000, 1.000000000000000000 ) ) ;
#5017 = CARTESIAN_POINT ( 'NONE',  ( 1.939999999999999947, -8.673617379884035472E-16, 1.680000000000000160 ) ) ;
#5018 = VERTEX_POINT ( 'NONE', #223 ) ;
#5019 = CARTESIAN_POINT ( 'NONE',  ( -6.325000000000001066, 0.6699999999999995959, 1.270000000000000018 ) ) ;
#5020 = PLANE ( 'NONE',  #797 ) ;
#5021 = DIRECTION ( 'NONE',  ( 1.000000000000000000, 0.000000000000000000, 0.000000000000000000 ) ) ;
#5022 = PLANE ( 'NONE',  #4164 ) ;
#5023 = CARTESIAN_POINT ( 'NONE',  ( -4.939999999999999503, 1.269999999999999352, -0.8750000000000000000 ) ) ;
#5024 = ORIENTED_EDGE ( 'NONE', *, *, #3917, .T. ) ;
#5025 = CARTESIAN_POINT ( 'NONE',  ( 0.3199999999999999512, 0.6999999999999992895, 1.649999999999999911 ) ) ;
#5026 = FACE_OUTER_BOUND ( 'NONE', #3620, .T. ) ;
#5027 = DIRECTION ( 'NONE',  ( 1.000000000000000000, 0.000000000000000000, 0.000000000000000000 ) ) ;
#5028 = DIRECTION ( 'NONE',  ( 1.000000000000000000, 0.000000000000000000, 0.000000000000000000 ) ) ;
#5029 = EDGE_CURVE ( 'NONE', #2616, #993, #5266, .T. ) ;
#5030 = ORIENTED_EDGE ( 'NONE', *, *, #2870, .F. ) ;
#5031 = CARTESIAN_POINT ( 'NONE',  ( -3.319999999999999840, -8.673617379884035472E-16, 1.680000000000000160 ) ) ;
#5032 = CARTESIAN_POINT ( 'NONE',  ( -6.325000000000001066, 1.849999999999999645, 1.930000000000000160 ) ) ;
#5033 = AXIS2_PLACEMENT_3D ( 'NONE', #1424, #604, #1015 ) ;
#5034 = ORIENTED_EDGE ( 'NONE', *, *, #3700, .F. ) ;
#5035 = ORIENTED_EDGE ( 'NONE', *, *, #361, .T. ) ;
#5036 = VECTOR ( 'NONE', #3430, 1000.000000000000114 ) ;
#5037 = AXIS2_PLACEMENT_3D ( 'NONE', #5075, #1286, #902 ) ;
#5038 = ORIENTED_EDGE ( 'NONE', *, *, #719, .T. ) ;
#5039 = AXIS2_PLACEMENT_3D ( 'NONE', #4234, #2945, #2095 ) ;
#5040 = CARTESIAN_POINT ( 'NONE',  ( -2.879999999999999893, 7.500000000000000000, -0.1200000000000000094 ) ) ;
#5041 = VECTOR ( 'NONE', #4212, 1000.000000000000000 ) ;
#5042 = DIRECTION ( 'NONE',  ( 0.000000000000000000, 0.000000000000000000, -1.000000000000000000 ) ) ;
#5043 = EDGE_LOOP ( 'NONE', ( #3748, #1630, #4281, #4998 ) ) ;
#5044 = EDGE_CURVE ( 'NONE', #4795, #2178, #1118, .T. ) ;
#5045 = LINE ( 'NONE', #4708, #2107 ) ;
#5046 = PLANE ( 'NONE',  #2753 ) ;
#5047 = LINE ( 'NONE', #2956, #3933 ) ;
#5048 = CARTESIAN_POINT ( 'NONE',  ( 0.1199999999999998845, 7.500000000000000000, -0.1200000000000000094 ) ) ;
#5049 = EDGE_CURVE ( 'NONE', #4483, #2136, #4443, .T. ) ;
#5050 = ORIENTED_EDGE ( 'NONE', *, *, #2471, .F. ) ;
#5051 = EDGE_CURVE ( 'NONE', #4423, #410, #302, .T. ) ;
#5052 = CARTESIAN_POINT ( 'NONE',  ( -0.1200000000000000927, 7.500000000000000000, 0.1200000000000000094 ) ) ;
#5053 = ORIENTED_EDGE ( 'NONE', *, *, #1658, .F. ) ;
#5054 = CARTESIAN_POINT ( 'NONE',  ( -4.939999999999999503, -8.673617379884035472E-16, 1.680000000000000160 ) ) ;
#5055 = CARTESIAN_POINT ( 'NONE',  ( -4.925000000000000711, 9.899999999999998579, 0.7500000000000000000 ) ) ;
#5056 = CARTESIAN_POINT ( 'NONE',  ( -0.1200000000000000927, -3.180000000000000604, 0.1200000000000000094 ) ) ;
#5057 = DIRECTION ( 'NONE',  ( 0.000000000000000000, 1.000000000000000000, 0.000000000000000000 ) ) ;
#5058 = VERTEX_POINT ( 'NONE', #1883 ) ;
#5059 = ADVANCED_FACE ( 'NONE', ( #4877 ), #277, .T. ) ;
#5060 = LINE ( 'NONE', #4619, #5395 ) ;
#5061 = CARTESIAN_POINT ( 'NONE',  ( 3.274999999999999911, 1.449999999999999512, -0.04250000000000000305 ) ) ;
#5062 = VECTOR ( 'NONE', #543, 1000.000000000000000 ) ;
#5063 = CARTESIAN_POINT ( 'NONE',  ( -2.975000000000000089, 9.049999999999998934, 1.930000000000000160 ) ) ;
#5064 = EDGE_CURVE ( 'NONE', #1211, #2894, #3172, .T. ) ;
#5065 = ORIENTED_EDGE ( 'NONE', *, *, #4239, .T. ) ;
#5066 = ORIENTED_EDGE ( 'NONE', *, *, #1830, .T. ) ;
#5067 = VECTOR ( 'NONE', #4731, 1000.000000000000000 ) ;
#5068 = ORIENTED_EDGE ( 'NONE', *, *, #600, .T. ) ;
#5069 = CARTESIAN_POINT ( 'NONE',  ( -3.319999999999999840, 0.6999999999999992895, -1.050000000000000044 ) ) ;
#5070 = CARTESIAN_POINT ( 'NONE',  ( -1.975000000000000089, 1.849999999999999645, 2.429999999999999716 ) ) ;
#5071 = ORIENTED_EDGE ( 'NONE', *, *, #3754, .T. ) ;
#5072 = DIRECTION ( 'NONE',  ( -0.000000000000000000, 1.000000000000000000, 0.000000000000000000 ) ) ;
#5073 = DIRECTION ( 'NONE',  ( 1.000000000000000000, 0.000000000000000000, 0.000000000000000000 ) ) ;
#5074 = DIRECTION ( 'NONE',  ( 0.000000000000000000, 0.000000000000000000, -1.000000000000000000 ) ) ;
#5075 = CARTESIAN_POINT ( 'NONE',  ( -6.325000000000001066, -8.673617379884035472E-16, -1.270000000000000018 ) ) ;
#5076 = ORIENTED_EDGE ( 'NONE', *, *, #61, .T. ) ;
#5077 = DIRECTION ( 'NONE',  ( 0.000000000000000000, 0.000000000000000000, -1.000000000000000000 ) ) ;
#5078 = EDGE_CURVE ( 'NONE', #4670, #2948, #4792, .T. ) ;
#5079 = PLANE ( 'NONE',  #1837 ) ;
#5080 = ADVANCED_FACE ( 'NONE', ( #2788 ), #5239, .T. ) ;
#5081 = LINE ( 'NONE', #854, #366 ) ;
#5082 = EDGE_CURVE ( 'NONE', #2704, #3473, #1474, .T. ) ;
#5083 = PLANE ( 'NONE',  #5205 ) ;
#5084 = CARTESIAN_POINT ( 'NONE',  ( -6.325000000000001066, 8.500000000000000000, -1.930000000000000160 ) ) ;
#5085 = ORIENTED_EDGE ( 'NONE', *, *, #520, .T. ) ;
#5086 = VECTOR ( 'NONE', #38, 1000.000000000000000 ) ;
#5087 = CARTESIAN_POINT ( 'NONE',  ( -5.365000000000000213, 9.459999999999999076, 1.930000000000000160 ) ) ;
#5088 = AXIS2_PLACEMENT_3D ( 'NONE', #4639, #4973, #2167 ) ;
#5089 = CARTESIAN_POINT ( 'NONE',  ( -6.325000000000001066, 1.269999999999999352, 1.270000000000000018 ) ) ;
#5090 = ORIENTED_EDGE ( 'NONE', *, *, #4242, .F. ) ;
#5091 = EDGE_LOOP ( 'NONE', ( #5259, #4816, #5024, #1216 ) ) ;
#5092 = FACE_OUTER_BOUND ( 'NONE', #4323, .T. ) ;
#5093 = LINE ( 'NONE', #28, #3668 ) ;
#5094 = ORIENTED_EDGE ( 'NONE', *, *, #2293, .T. ) ;
#5095 = DIRECTION ( 'NONE',  ( 0.000000000000000000, -1.000000000000000000, 0.000000000000000000 ) ) ;
#5096 = LINE ( 'NONE', #1387, #4771 ) ;
#5097 = PLANE ( 'NONE',  #1808 ) ;
#5098 = DIRECTION ( 'NONE',  ( -0.3015113445777909407, -0.9045340337332726799, -0.3015113445777909407 ) ) ;
#5099 = ORIENTED_EDGE ( 'NONE', *, *, #1894, .F. ) ;
#5100 = DIRECTION ( 'NONE',  ( 0.000000000000000000, 0.000000000000000000, 1.000000000000000000 ) ) ;
#5101 = CARTESIAN_POINT ( 'NONE',  ( -0.3199999999999999512, -8.673617379884035472E-16, 1.680000000000000160 ) ) ;
#5102 = LINE ( 'NONE', #2659, #5110 ) ;
#5103 = CARTESIAN_POINT ( 'NONE',  ( 0.3199999999999999512, 0.6699999999999995959, 0.8750000000000000000 ) ) ;
#5104 = CARTESIAN_POINT ( 'NONE',  ( -0.3199999999999999512, 1.349999999999999645, -1.050000000000000044 ) ) ;
#5105 = EDGE_CURVE ( 'NONE', #5394, #4162, #1063, .T. ) ;
#5106 = VERTEX_POINT ( 'NONE', #3624 ) ;
#5107 = EDGE_LOOP ( 'NONE', ( #2350, #150, #3243, #3055 ) ) ;
#5108 = EDGE_CURVE ( 'NONE', #2178, #4802, #2356, .T. ) ;
#5109 = CARTESIAN_POINT ( 'NONE',  ( 1.939999999999999947, 0.6699999999999995959, -0.8750000000000000000 ) ) ;
#5110 = VECTOR ( 'NONE', #3539, 1000.000000000000000 ) ;
#5111 = CARTESIAN_POINT ( 'NONE',  ( -0.1200000000000000927, -3.180000000000000604, -0.1200000000000000094 ) ) ;
#5112 = ORIENTED_EDGE ( 'NONE', *, *, #1967, .T. ) ;
#5113 = ORIENTED_EDGE ( 'NONE', *, *, #5082, .T. ) ;
#5114 = ORIENTED_EDGE ( 'NONE', *, *, #3279, .T. ) ;
#5115 = DIRECTION ( 'NONE',  ( -0.3015113445777909407, 0.9045340337332726799, -0.3015113445777909407 ) ) ;
#5116 = AXIS2_PLACEMENT_3D ( 'NONE', #4370, #2282, #4427 ) ;
#5117 = DIRECTION ( 'NONE',  ( -1.000000000000000000, 0.000000000000000000, 0.000000000000000000 ) ) ;
#5118 = ORIENTED_EDGE ( 'NONE', *, *, #1049, .T. ) ;
#5119 = PLANE ( 'NONE',  #2113 ) ;
#5120 = VECTOR ( 'NONE', #4501, 1000.000000000000000 ) ;
#5121 = VECTOR ( 'NONE', #3812, 1000.000000000000000 ) ;
#5122 = PLANE ( 'NONE',  #1696 ) ;
#5123 = EDGE_CURVE ( 'NONE', #5275, #4251, #2269, .T. ) ;
#5124 = PLANE ( 'NONE',  #3391 ) ;
#5125 = VECTOR ( 'NONE', #1099, 1000.000000000000000 ) ;
#5126 = VECTOR ( 'NONE', #1784, 1000.000000000000000 ) ;
#5127 = DIRECTION ( 'NONE',  ( 0.000000000000000000, 0.000000000000000000, 1.000000000000000000 ) ) ;
#5128 = VERTEX_POINT ( 'NONE', #1090 ) ;
#5129 = EDGE_CURVE ( 'NONE', #24, #795, #3950, .T. ) ;
#5130 = LINE ( 'NONE', #574, #5151 ) ;
#5131 = VECTOR ( 'NONE', #3628, 1000.000000000000000 ) ;
#5132 = LINE ( 'NONE', #3069, #1230 ) ;
#5133 = CARTESIAN_POINT ( 'NONE',  ( 2.999999999999999556, -1.275000000000000133, 2.319999999999999840 ) ) ;
#5134 = DIRECTION ( 'NONE',  ( 0.000000000000000000, -1.000000000000000000, 0.000000000000000000 ) ) ;
#5135 = DIRECTION ( 'NONE',  ( -0.000000000000000000, 1.000000000000000000, 0.000000000000000000 ) ) ;
#5136 = VERTEX_POINT ( 'NONE', #5290 ) ;
#5137 = ORIENTED_EDGE ( 'NONE', *, *, #4723, .F. ) ;
#5138 = CARTESIAN_POINT ( 'NONE',  ( -5.389999999999999680, 1.699999999999999734, -1.930000000000000160 ) ) ;
#5139 = CARTESIAN_POINT ( 'NONE',  ( -2.680000000000000160, 1.349999999999999645, 1.649999999999999911 ) ) ;
#5140 = EDGE_LOOP ( 'NONE', ( #5050, #1919, #176, #2611 ) ) ;
#5141 = VERTEX_POINT ( 'NONE', #1526 ) ;
#5142 = ORIENTED_EDGE ( 'NONE', *, *, #5226, .T. ) ;
#5143 = CARTESIAN_POINT ( 'NONE',  ( -0.3199999999999999512, 1.349999999999999645, 1.649999999999999911 ) ) ;
#5144 = EDGE_CURVE ( 'NONE', #3635, #78, #3089, .T. ) ;
#5145 = DIRECTION ( 'NONE',  ( 0.000000000000000000, 1.000000000000000000, 0.000000000000000000 ) ) ;
#5146 = ORIENTED_EDGE ( 'NONE', *, *, #5174, .F. ) ;
#5147 = ADVANCED_FACE ( 'NONE', ( #1445 ), #1036, .T. ) ;
#5148 = DIRECTION ( 'NONE',  ( 0.000000000000000000, 0.000000000000000000, 1.000000000000000000 ) ) ;
#5149 = ORIENTED_EDGE ( 'NONE', *, *, #2431, .T. ) ;
#5150 = VECTOR ( 'NONE', #5181, 1000.000000000000000 ) ;
#5151 = VECTOR ( 'NONE', #2190, 1000.000000000000000 ) ;
#5152 = DIRECTION ( 'NONE',  ( 0.000000000000000000, -1.000000000000000000, 0.000000000000000000 ) ) ;
#5153 = CARTESIAN_POINT ( 'NONE',  ( 3.325000000000000178, 2.487234067916999525, 0.1137500000000000039 ) ) ;
#5154 = LINE ( 'NONE', #90, #4333 ) ;
#5155 = ORIENTED_EDGE ( 'NONE', *, *, #1921, .T. ) ;
#5156 = DIRECTION ( 'NONE',  ( -1.000000000000000000, 0.000000000000000000, 0.000000000000000000 ) ) ;
#5157 = EDGE_CURVE ( 'NONE', #2197, #4402, #2515, .T. ) ;
#5158 = PLANE ( 'NONE',  #4817 ) ;
#5159 = FACE_OUTER_BOUND ( 'NONE', #4522, .T. ) ;
#5160 = LINE ( 'NONE', #3458, #1612 ) ;
#5161 = DIRECTION ( 'NONE',  ( 0.000000000000000000, -1.000000000000000000, 0.000000000000000000 ) ) ;
#5162 = ORIENTED_EDGE ( 'NONE', *, *, #2706, .F. ) ;
#5163 = ORIENTED_EDGE ( 'NONE', *, *, #2729, .T. ) ;
#5164 = LINE ( 'NONE', #1402, #2328 ) ;
#5165 = EDGE_CURVE ( 'NONE', #1141, #3439, #3731, .T. ) ;
#5166 = DIRECTION ( 'NONE',  ( 0.000000000000000000, -1.000000000000000000, 0.000000000000000000 ) ) ;
#5167 = ORIENTED_EDGE ( 'NONE', *, *, #4842, .F. ) ;
#5168 = ORIENTED_EDGE ( 'NONE', *, *, #3128, .T. ) ;
#5169 = ORIENTED_EDGE ( 'NONE', *, *, #2306, .T. ) ;
#5170 = CARTESIAN_POINT ( 'NONE',  ( 2.625000000000000000, 9.199999999999999289, 0.000000000000000000 ) ) ;
#5171 = AXIS2_PLACEMENT_3D ( 'NONE', #4390, #3599, #4447 ) ;
#5172 = SHAPE_DEFINITION_REPRESENTATION ( #1815, #2248 ) ;
#5173 = ORIENTED_EDGE ( 'NONE', *, *, #2257, .T. ) ;
#5174 = EDGE_CURVE ( 'NONE', #1824, #1081, #4090, .T. ) ;
#5175 = FACE_OUTER_BOUND ( 'NONE', #2485, .T. ) ;
#5176 = EDGE_LOOP ( 'NONE', ( #121, #593, #4491, #1427 ) ) ;
#5177 = ADVANCED_FACE ( 'NONE', ( #2464 ), #2046, .T. ) ;
#5178 = LINE ( 'NONE', #2267, #3546 ) ;
#5179 = PLANE ( 'NONE',  #4357 ) ;
#5180 = AXIS2_PLACEMENT_3D ( 'NONE', #564, #3914, #1082 ) ;
#5181 = DIRECTION ( 'NONE',  ( 0.000000000000000000, 0.000000000000000000, 1.000000000000000000 ) ) ;
#5182 = EDGE_CURVE ( 'NONE', #2208, #342, #4604, .T. ) ;
#5183 = ORIENTED_EDGE ( 'NONE', *, *, #460, .T. ) ;
#5184 = LINE ( 'NONE', #1012, #4825 ) ;
#5185 = DIRECTION ( 'NONE',  ( 0.000000000000000000, 0.000000000000000000, 1.000000000000000000 ) ) ;
#5186 = CARTESIAN_POINT ( 'NONE',  ( 3.325000000000000178, 1.849999999999999645, 2.469999999999999751 ) ) ;
#5187 = PLANE ( 'NONE',  #5033 ) ;
#5188 = FACE_OUTER_BOUND ( 'NONE', #1072, .T. ) ;
#5189 = ORIENTED_EDGE ( 'NONE', *, *, #1779, .F. ) ;
#5190 = EDGE_LOOP ( 'NONE', ( #2690, #4016, #3493, #4485 ) ) ;
#5191 = ORIENTED_EDGE ( 'NONE', *, *, #86, .F. ) ;
#5192 = EDGE_CURVE ( 'NONE', #3164, #4162, #3257, .T. ) ;
#5193 = LINE ( 'NONE', #582, #3647 ) ;
#5194 = CARTESIAN_POINT ( 'NONE',  ( -2.680000000000000160, 0.6699999999999995959, -1.270000000000000018 ) ) ;
#5195 = ORIENTED_EDGE ( 'NONE', *, *, #1325, .F. ) ;
#5196 = ORIENTED_EDGE ( 'NONE', *, *, #3267, .F. ) ;
#5197 = ORIENTED_EDGE ( 'NONE', *, *, #581, .T. ) ;
#5198 = DIRECTION ( 'NONE',  ( 1.000000000000000000, 0.000000000000000000, 0.000000000000000000 ) ) ;
#5199 = ORIENTED_EDGE ( 'NONE', *, *, #998, .F. ) ;
#5200 = DIRECTION ( 'NONE',  ( 0.000000000000000000, 0.000000000000000000, -1.000000000000000000 ) ) ;
#5201 = ORIENTED_EDGE ( 'NONE', *, *, #2526, .T. ) ;
#5202 = CARTESIAN_POINT ( 'NONE',  ( 3.325000000000000178, 0.6699999999999995959, -0.8750000000000000000 ) ) ;
#5203 = CARTESIAN_POINT ( 'NONE',  ( 3.325000000000000178, 1.449999999999999512, 0.1137500000000000039 ) ) ;
#5204 = DIRECTION ( 'NONE',  ( 0.000000000000000000, 0.000000000000000000, 1.000000000000000000 ) ) ;
#5205 = AXIS2_PLACEMENT_3D ( 'NONE', #551, #2247, #3878 ) ;
#5206 = ORIENTED_EDGE ( 'NONE', *, *, #2626, .T. ) ;
#5207 = VECTOR ( 'NONE', #4659, 1000.000000000000000 ) ;
#5208 = DIRECTION ( 'NONE',  ( 0.000000000000000000, -1.000000000000000000, 0.000000000000000000 ) ) ;
#5209 = CARTESIAN_POINT ( 'NONE',  ( 0.1199999999999998845, -3.180000000000000604, -0.1200000000000000094 ) ) ;
#5210 = AXIS2_PLACEMENT_3D ( 'NONE', #4617, #1319, #42 ) ;
#5211 = AXIS2_PLACEMENT_3D ( 'NONE', #1324, #911, #4672 ) ;
#5212 = CARTESIAN_POINT ( 'NONE',  ( 3.325000000000000178, 1.449999999999999512, -0.04250000000000000305 ) ) ;
#5213 = CARTESIAN_POINT ( 'NONE',  ( 3.325000000000000178, 0.6699999999999995959, -1.270000000000000018 ) ) ;
#5214 = EDGE_CURVE ( 'NONE', #110, #1514, #1995, .T. ) ;
#5215 = PLANE ( 'NONE',  #3460 ) ;
#5216 = ADVANCED_FACE ( 'NONE', ( #3652 ), #4961, .T. ) ;
#5217 = VECTOR ( 'NONE', #769, 1000.000000000000000 ) ;
#5218 = VECTOR ( 'NONE', #3306, 1000.000000000000000 ) ;
#5219 = DIRECTION ( 'NONE',  ( 1.000000000000000000, 0.000000000000000000, 0.000000000000000000 ) ) ;
#5220 = ORIENTED_EDGE ( 'NONE', *, *, #3623, .F. ) ;
#5221 = VERTEX_POINT ( 'NONE', #1202 ) ;
#5222 = CARTESIAN_POINT ( 'NONE',  ( -6.325000000000001066, 0.6699999999999995959, -1.270000000000000018 ) ) ;
#5223 = LINE ( 'NONE', #1896, #1186 ) ;
#5224 = ORIENTED_EDGE ( 'NONE', *, *, #3778, .T. ) ;
#5225 = ORIENTED_EDGE ( 'NONE', *, *, #887, .T. ) ;
#5226 = EDGE_CURVE ( 'NONE', #2198, #1155, #844, .T. ) ;
#5227 = ORIENTED_EDGE ( 'NONE', *, *, #4058, .T. ) ;
#5228 = EDGE_CURVE ( 'NONE', #1595, #1460, #80, .T. ) ;
#5229 = DIRECTION ( 'NONE',  ( -1.000000000000000000, 0.000000000000000000, 0.000000000000000000 ) ) ;
#5230 = APPLICATION_PROTOCOL_DEFINITION ( 'draft international standard', 'automotive_design', 1998, #76 ) ;
#5231 = ORIENTED_EDGE ( 'NONE', *, *, #5078, .T. ) ;
#5232 = FACE_OUTER_BOUND ( 'NONE', #2647, .T. ) ;
#5233 = EDGE_LOOP ( 'NONE', ( #4381, #951, #1045, #97 ) ) ;
#5234 = ORIENTED_EDGE ( 'NONE', *, *, #4874, .T. ) ;
#5235 = AXIS2_PLACEMENT_3D ( 'NONE', #1937, #5288, #706 ) ;
#5236 = FACE_OUTER_BOUND ( 'NONE', #608, .T. ) ;
#5237 = DIRECTION ( 'NONE',  ( 1.000000000000000000, 0.000000000000000000, 0.000000000000000000 ) ) ;
#5238 = EDGE_CURVE ( 'NONE', #701, #3725, #385, .T. ) ;
#5239 = PLANE ( 'NONE',  #1642 ) ;
#5240 = ORIENTED_EDGE ( 'NONE', *, *, #2526, .F. ) ;
#5241 = DIRECTION ( 'NONE',  ( 0.000000000000000000, 0.000000000000000000, -1.000000000000000000 ) ) ;
#5242 = VECTOR ( 'NONE', #4177, 1000.000000000000000 ) ;
#5243 = FACE_OUTER_BOUND ( 'NONE', #1355, .T. ) ;
#5244 = COLOUR_RGB ( '',0.7921568627450980005, 0.8196078431372548767, 0.9333333333333333481 ) ;
#5245 = PLANE ( 'NONE',  #1623 ) ;
#5246 = CARTESIAN_POINT ( 'NONE',  ( 0.3199999999999999512, 4.949999999999999289, 0.000000000000000000 ) ) ;
#5247 = CARTESIAN_POINT ( 'NONE',  ( 3.175000000000000266, -1.275000000000000133, 2.020000000000000018 ) ) ;
#5248 = EDGE_LOOP ( 'NONE', ( #938, #528, #4380, #3864 ) ) ;
#5249 = ORIENTED_EDGE ( 'NONE', *, *, #855, .T. ) ;
#5250 = EDGE_CURVE ( 'NONE', #110, #3399, #5, .T. ) ;
#5251 = EDGE_CURVE ( 'NONE', #2070, #4186, #4495, .T. ) ;
#5252 = ADVANCED_FACE ( 'NONE', ( #2022 ), #4903, .T. ) ;
#5253 = SURFACE_STYLE_USAGE ( .BOTH. , #1895 ) ;
#5254 = DIRECTION ( 'NONE',  ( 0.000000000000000000, 0.000000000000000000, 1.000000000000000000 ) ) ;
#5255 = ORIENTED_EDGE ( 'NONE', *, *, #3438, .F. ) ;
#5256 = EDGE_LOOP ( 'NONE', ( #1957, #1898, #414, #3582, #3889 ) ) ;
#5257 = EDGE_LOOP ( 'NONE', ( #3109, #3024, #3724, #1337 ) ) ;
#5258 = CARTESIAN_POINT ( 'NONE',  ( 2.364999999999999769, 1.849999999999999645, 1.930000000000000160 ) ) ;
#5259 = ORIENTED_EDGE ( 'NONE', *, *, #4012, .T. ) ;
#5260 = ORIENTED_EDGE ( 'NONE', *, *, #5251, .F. ) ;
#5261 = DIRECTION ( 'NONE',  ( -1.000000000000000000, 0.000000000000000000, 0.000000000000000000 ) ) ;
#5262 = ORIENTED_EDGE ( 'NONE', *, *, #2713, .F. ) ;
#5263 = VECTOR ( 'NONE', #388, 1000.000000000000000 ) ;
#5264 = DIRECTION ( 'NONE',  ( 0.000000000000000000, -1.000000000000000000, 0.000000000000000000 ) ) ;
#5265 = DIRECTION ( 'NONE',  ( 0.000000000000000000, -1.000000000000000000, 0.000000000000000000 ) ) ;
#5266 = LINE ( 'NONE', #3976, #4625 ) ;
#5267 = VECTOR ( 'NONE', #4574, 1000.000000000000000 ) ;
#5268 = ORIENTED_EDGE ( 'NONE', *, *, #1818, .T. ) ;
#5269 = CARTESIAN_POINT ( 'NONE',  ( -6.325000000000001066, 0.6699999999999995959, 1.270000000000000018 ) ) ;
#5270 = FACE_OUTER_BOUND ( 'NONE', #51, .T. ) ;
#5271 = CARTESIAN_POINT ( 'NONE',  ( 3.325000000000000178, 2.699999999999999734, -0.04250000000000000305 ) ) ;
#5272 = CARTESIAN_POINT ( 'NONE',  ( 0.3199999999999999512, 6.899999999999999467, -0.3200000000000000067 ) ) ;
#5273 = PLANE ( 'NONE',  #1727 ) ;
#5274 = ORIENTED_EDGE ( 'NONE', *, *, #523, .T. ) ;
#5275 = VERTEX_POINT ( 'NONE', #5369 ) ;
#5276 = CARTESIAN_POINT ( 'NONE',  ( -4.939999999999999503, 1.269999999999999352, -0.8750000000000000000 ) ) ;
#5277 = ADVANCED_FACE ( 'NONE', ( #2904 ), #2817, .T. ) ;
#5278 = ORIENTED_EDGE ( 'NONE', *, *, #1381, .T. ) ;
#5279 = ORIENTED_EDGE ( 'NONE', *, *, #4897, .T. ) ;
#5280 = ORIENTED_EDGE ( 'NONE', *, *, #5013, .F. ) ;
#5281 = CARTESIAN_POINT ( 'NONE',  ( -3.319999999999999840, 4.949999999999999289, 0.000000000000000000 ) ) ;
#5282 = DIRECTION ( 'NONE',  ( -0.000000000000000000, 1.000000000000000000, 0.000000000000000000 ) ) ;
#5283 = VERTEX_POINT ( 'NONE', #2410 ) ;
#5284 = CARTESIAN_POINT ( 'NONE',  ( 2.999999999999999556, -1.275000000000000133, 1.719999999999999973 ) ) ;
#5285 = ORIENTED_EDGE ( 'NONE', *, *, #1866, .F. ) ;
#5286 = ORIENTED_EDGE ( 'NONE', *, *, #3175, .T. ) ;
#5287 = CARTESIAN_POINT ( 'NONE',  ( -2.799999999999999822, 7.399999999999999467, -2.435000000000000053 ) ) ;
#5288 = DIRECTION ( 'NONE',  ( 0.000000000000000000, 0.000000000000000000, -1.000000000000000000 ) ) ;
#5289 = VECTOR ( 'NONE', #4746, 1000.000000000000000 ) ;
#5290 = CARTESIAN_POINT ( 'NONE',  ( -3.319999999999999840, 1.349999999999999645, 1.680000000000000160 ) ) ;
#5291 = ORIENTED_EDGE ( 'NONE', *, *, #2147, .T. ) ;
#5292 = CARTESIAN_POINT ( 'NONE',  ( 3.325000000000000178, 0.6699999999999995959, 0.8750000000000000000 ) ) ;
#5293 = EDGE_CURVE ( 'NONE', #4957, #37, #3339, .T. ) ;
#5294 = CARTESIAN_POINT ( 'NONE',  ( 2.389999999999999680, -8.673617379884035472E-16, -1.930000000000000160 ) ) ;
#5295 = CARTESIAN_POINT ( 'NONE',  ( -4.925000000000000711, 9.899999999999998579, 1.930000000000000160 ) ) ;
#5296 = AXIS2_PLACEMENT_3D ( 'NONE', #1452, #2275, #3512 ) ;
#5297 = CARTESIAN_POINT ( 'NONE',  ( -3.319999999999999840, 1.269999999999999352, 0.8750000000000000000 ) ) ;
#5298 = EDGE_CURVE ( 'NONE', #2432, #2802, #762, .T. ) ;
#5299 = DIRECTION ( 'NONE',  ( 0.000000000000000000, 0.000000000000000000, 1.000000000000000000 ) ) ;
#5300 = EDGE_LOOP ( 'NONE', ( #5360, #4292, #751, #4055 ) ) ;
#5301 = ORIENTED_EDGE ( 'NONE', *, *, #2646, .F. ) ;
#5302 = VECTOR ( 'NONE', #2419, 1000.000000000000000 ) ;
#5303 = VECTOR ( 'NONE', #4080, 1000.000000000000000 ) ;
#5304 = CARTESIAN_POINT ( 'NONE',  ( -1.729999999999999982, 3.299999999999999378, 1.250000000000000000 ) ) ;
#5305 = DIRECTION ( 'NONE',  ( 0.000000000000000000, 0.000000000000000000, 1.000000000000000000 ) ) ;
#5306 = VECTOR ( 'NONE', #3123, 1000.000000000000000 ) ;
#5307 = ORIENTED_EDGE ( 'NONE', *, *, #4907, .F. ) ;
#5308 = EDGE_LOOP ( 'NONE', ( #3230, #1522, #2040, #763 ) ) ;
#5309 = DIRECTION ( 'NONE',  ( -1.000000000000000000, 0.000000000000000000, 0.000000000000000000 ) ) ;
#5310 = DIRECTION ( 'NONE',  ( 0.000000000000000000, 0.000000000000000000, 1.000000000000000000 ) ) ;
#5311 = VERTEX_POINT ( 'NONE', #3862 ) ;
#5312 = LINE ( 'NONE', #3224, #2920 ) ;
#5313 = ORIENTED_EDGE ( 'NONE', *, *, #2964, .T. ) ;
#5314 = EDGE_CURVE ( 'NONE', #110, #2299, #3359, .T. ) ;
#5315 = EDGE_CURVE ( 'NONE', #1211, #4547, #1740, .T. ) ;
#5316 = DIRECTION ( 'NONE',  ( 0.000000000000000000, 1.000000000000000000, 0.000000000000000000 ) ) ;
#5317 = CARTESIAN_POINT ( 'NONE',  ( -2.879999999999999893, 7.500000000000000000, -0.1200000000000000094 ) ) ;
#5318 = ADVANCED_FACE ( 'NONE', ( #2127 ), #2619, .F. ) ;
#5319 = CARTESIAN_POINT ( 'NONE',  ( 1.939999999999999947, 1.699999999999999734, -1.930000000000000160 ) ) ;
#5320 = ORIENTED_EDGE ( 'NONE', *, *, #4645, .F. ) ;
#5321 = CARTESIAN_POINT ( 'NONE',  ( 2.389999999999999680, 1.849999999999999645, 2.469999999999999751 ) ) ;
#5322 = DIRECTION ( 'NONE',  ( 0.000000000000000000, 0.000000000000000000, 1.000000000000000000 ) ) ;
#5323 = CARTESIAN_POINT ( 'NONE',  ( -5.389999999999999680, -8.673617379884035472E-16, -1.930000000000000160 ) ) ;
#5324 = VECTOR ( 'NONE', #3423, 1000.000000000000000 ) ;
#5325 = CARTESIAN_POINT ( 'NONE',  ( -5.389999999999999680, 1.849999999999999645, 1.680000000000000160 ) ) ;
#5326 = VECTOR ( 'NONE', #5100, 1000.000000000000000 ) ;
#5327 = DIRECTION ( 'NONE',  ( 1.000000000000000000, 0.000000000000000000, 0.000000000000000000 ) ) ;
#5328 = EDGE_CURVE ( 'NONE', #2178, #2818, #2645, .T. ) ;
#5329 = VERTEX_POINT ( 'NONE', #2595 ) ;
#5330 = ORIENTED_EDGE ( 'NONE', *, *, #2126, .F. ) ;
#5331 = VECTOR ( 'NONE', #2100, 1000.000000000000000 ) ;
#5332 = CARTESIAN_POINT ( 'NONE',  ( 1.925000000000000044, 9.899999999999998579, -1.930000000000000160 ) ) ;
#5333 = CARTESIAN_POINT ( 'NONE',  ( 2.674999999999999822, -8.673617379884035472E-16, 1.570000000000000062 ) ) ;
#5334 = ORIENTED_EDGE ( 'NONE', *, *, #365, .F. ) ;
#5335 = ORIENTED_EDGE ( 'NONE', *, *, #269, .T. ) ;
#5336 = EDGE_CURVE ( 'NONE', #1103, #3218, #869, .T. ) ;
#5337 = CARTESIAN_POINT ( 'NONE',  ( 0.1199999999999998845, -3.180000000000000604, 0.1200000000000000094 ) ) ;
#5338 = LINE ( 'NONE', #3249, #5388 ) ;
#5339 = EDGE_LOOP ( 'NONE', ( #5356, #3080, #4783, #4028 ) ) ;
#5340 = LINE ( 'NONE', #352, #1516 ) ;
#5341 = EDGE_LOOP ( 'NONE', ( #2153, #5183, #2543, #2936 ) ) ;
#5342 = LINE ( 'NONE', #4548, #2228 ) ;
#5343 = LINE ( 'NONE', #1116, #4789 ) ;
#5344 = EDGE_CURVE ( 'NONE', #4433, #1106, #4322, .T. ) ;
#5345 = CARTESIAN_POINT ( 'NONE',  ( -0.2000000000000000944, 6.899999999999999467, -2.435000000000000053 ) ) ;
#5346 = ORIENTED_EDGE ( 'NONE', *, *, #3246, .T. ) ;
#5347 = EDGE_CURVE ( 'NONE', #5007, #5128, #1766, .T. ) ;
#5348 = LINE ( 'NONE', #1585, #1147 ) ;
#5349 = AXIS2_PLACEMENT_3D ( 'NONE', #305, #3706, #4965 ) ;
#5350 = PLANE ( 'NONE',  #5349 ) ;
#5351 = DIRECTION ( 'NONE',  ( 0.000000000000000000, 0.000000000000000000, 1.000000000000000000 ) ) ;
#5352 = AXIS2_PLACEMENT_3D ( 'NONE', #3781, #26, #1684 ) ;
#5353 = DIRECTION ( 'NONE',  ( -1.000000000000000000, 0.000000000000000000, 0.000000000000000000 ) ) ;
#5354 = FACE_OUTER_BOUND ( 'NONE', #1855, .T. ) ;
#5355 = CARTESIAN_POINT ( 'NONE',  ( -3.319999999999999840, 1.349999999999999645, -1.050000000000000044 ) ) ;
#5356 = ORIENTED_EDGE ( 'NONE', *, *, #3276, .F. ) ;
#5357 = DIRECTION ( 'NONE',  ( 1.000000000000000000, 0.000000000000000000, 0.000000000000000000 ) ) ;
#5358 = FACE_OUTER_BOUND ( 'NONE', #115, .T. ) ;
#5359 = LINE ( 'NONE', #1624, #837 ) ;
#5360 = ORIENTED_EDGE ( 'NONE', *, *, #3711, .T. ) ;
#5361 = ORIENTED_EDGE ( 'NONE', *, *, #1006, .F. ) ;
#5362 = EDGE_CURVE ( 'NONE', #3725, #3054, #490, .T. ) ;
#5363 = CARTESIAN_POINT ( 'NONE',  ( -3.319999999999999840, 0.6699999999999995959, -0.8750000000000000000 ) ) ;
#5364 = DIRECTION ( 'NONE',  ( 1.000000000000000000, 0.000000000000000000, 0.000000000000000000 ) ) ;
#5365 = ORIENTED_EDGE ( 'NONE', *, *, #530, .T. ) ;
#5366 = VERTEX_POINT ( 'NONE', #3472 ) ;
#5367 = LINE ( 'NONE', #4139, #3281 ) ;
#5368 = CARTESIAN_POINT ( 'NONE',  ( 0.3199999999999999512, 1.269999999999999352, -0.8750000000000000000 ) ) ;
#5369 = CARTESIAN_POINT ( 'NONE',  ( -6.325000000000001066, -8.673617379884035472E-16, 1.570000000000000062 ) ) ;
#5370 = ORIENTED_EDGE ( 'NONE', *, *, #2755, .T. ) ;
#5371 = CARTESIAN_POINT ( 'NONE',  ( -3.120000000000000107, -3.180000000000000604, -0.1200000000000000094 ) ) ;
#5372 = LINE ( 'NONE', #2493, #2625 ) ;
#5373 = AXIS2_PLACEMENT_3D ( 'NONE', #985, #1776, #3093 ) ;
#5374 = FACE_OUTER_BOUND ( 'NONE', #2643, .T. ) ;
#5375 = LINE ( 'NONE', #3683, #2931 ) ;
#5376 = DIRECTION ( 'NONE',  ( 1.000000000000000000, 0.000000000000000000, 0.000000000000000000 ) ) ;
#5377 = DIRECTION ( 'NONE',  ( 0.000000000000000000, 0.000000000000000000, 1.000000000000000000 ) ) ;
#5378 = VERTEX_POINT ( 'NONE', #3417 ) ;
#5379 = DIRECTION ( 'NONE',  ( 0.000000000000000000, 1.000000000000000000, 0.000000000000000000 ) ) ;
#5380 = VECTOR ( 'NONE', #2033, 1000.000000000000000 ) ;
#5381 = EDGE_CURVE ( 'NONE', #2905, #2136, #3888, .T. ) ;
#5382 = EDGE_CURVE ( 'NONE', #266, #110, #5093, .T. ) ;
#5383 = CARTESIAN_POINT ( 'NONE',  ( 0.3199999999999999512, 0.6699999999999995959, 1.270000000000000018 ) ) ;
#5384 = DIRECTION ( 'NONE',  ( 0.000000000000000000, -1.000000000000000000, 0.000000000000000000 ) ) ;
#5385 = ADVANCED_FACE ( 'NONE', ( #133 ), #1792, .F. ) ;
#5386 = VECTOR ( 'NONE', #3405, 1000.000000000000000 ) ;
#5387 = ORIENTED_EDGE ( 'NONE', *, *, #733, .T. ) ;
#5388 = VECTOR ( 'NONE', #2400, 1000.000000000000000 ) ;
#5389 = DIRECTION ( 'NONE',  ( 0.000000000000000000, 1.000000000000000000, 0.000000000000000000 ) ) ;
#5390 = AXIS2_PLACEMENT_3D ( 'NONE', #3096, #5135, #3152 ) ;
#5391 = DIRECTION ( 'NONE',  ( 0.3015113445777909407, 0.9045340337332726799, 0.3015113445777909407 ) ) ;
#5392 = VECTOR ( 'NONE', #4428, 1000.000000000000000 ) ;
#5393 = VECTOR ( 'NONE', #1098, 1000.000000000000114 ) ;
#5394 = VERTEX_POINT ( 'NONE', #1330 ) ;
#5395 = VECTOR ( 'NONE', #2012, 1000.000000000000000 ) ;
#5396 = EDGE_LOOP ( 'NONE', ( #3827, #1933, #4559, #4832 ) ) ;
#5397 = ORIENTED_EDGE ( 'NONE', *, *, #2879, .F. ) ;
#5398 = ADVANCED_FACE ( 'NONE', ( #1712 ), #950, .T. ) ;
#5399 = CARTESIAN_POINT ( 'NONE',  ( -3.000000000000000000, 7.200000000000000178, 0.2200000000000000011 ) ) ;
#5400 = LINE ( 'NONE', #4602, #5267 ) ;
#5401 = DIRECTION ( 'NONE',  ( 1.000000000000000000, 0.000000000000000000, 0.000000000000000000 ) ) ;
#5402 = EDGE_LOOP ( 'NONE', ( #2111, #1709, #2620, #5099 ) ) ;
#5403 = DIRECTION ( 'NONE',  ( 0.000000000000000000, 0.000000000000000000, 1.000000000000000000 ) ) ;
#5404 = CARTESIAN_POINT ( 'NONE',  ( 0.3199999999999999512, 0.6999999999999992895, -0.3200000000000000067 ) ) ;
#5405 = ADVANCED_FACE ( 'NONE', ( #2951 ), #3834, .F. ) ;
#5406 = CARTESIAN_POINT ( 'NONE',  ( -1.975000000000000089, 9.049999999999998934, 2.429999999999999716 ) ) ;
#5407 = DIRECTION ( 'NONE',  ( 0.000000000000000000, 0.000000000000000000, -1.000000000000000000 ) ) ;
#5408 = DIRECTION ( 'NONE',  ( 0.000000000000000000, 0.000000000000000000, -1.000000000000000000 ) ) ;
#5409 = ORIENTED_EDGE ( 'NONE', *, *, #3228, .T. ) ;
#5410 = CARTESIAN_POINT ( 'NONE',  ( -2.799999999999999822, 7.399999999999999467, -2.435000000000000053 ) ) ;
#5411 = VECTOR ( 'NONE', #4278, 1000.000000000000000 ) ;
#5412 = FACE_OUTER_BOUND ( 'NONE', #1899, .T. ) ;
#5413 = LINE ( 'NONE', #4506, #3894 ) ;
#5414 = CARTESIAN_POINT ( 'NONE',  ( 0.3199999999999999512, 2.549999999999999822, -0.3200000000000000067 ) ) ;
#5415 = EDGE_CURVE ( 'NONE', #757, #4741, #1360, .T. ) ;
#5416 = VECTOR ( 'NONE', #357, 1000.000000000000000 ) ;
#5417 = ORIENTED_EDGE ( 'NONE', *, *, #390, .F. ) ;
#5418 = EDGE_CURVE ( 'NONE', #1637, #1392, #3030, .T. ) ;
#5419 = CARTESIAN_POINT ( 'NONE',  ( -6.325000000000001066, 1.269999999999999352, 0.8750000000000000000 ) ) ;
#5420 = CARTESIAN_POINT ( 'NONE',  ( -6.025000000000001243, -1.400000000000000133, 1.869999999999999885 ) ) ;
ENDSEC;
END-ISO-10303-21;
