ISO-10303-21;
HEADER;
FILE_DESCRIPTION (( 'STEP AP214' ),
    '1' );
FILE_NAME ('436500529.STEP',
    '2023-10-05T15:46:35',
    ( '' ),
    ( '' ),
    'SwSTEP 2.0',
    'SolidWorks 2021',
    '' );
FILE_SCHEMA (( 'AUTOMOTIVE_DESIGN' ));
ENDSEC;

DATA;
#1 = LINE ( 'NONE', #3270, #3447 ) ;
#2 = CARTESIAN_POINT ( 'NONE',  ( -14.38500000000000156, 1.699999999999999734, -1.930000000000000160 ) ) ;
#3 = DIRECTION ( 'NONE',  ( 0.000000000000000000, -1.000000000000000000, 0.000000000000000000 ) ) ;
#4 = LINE ( 'NONE', #2842, #4549 ) ;
#5 = DIRECTION ( 'NONE',  ( 0.000000000000000000, -1.000000000000000000, 0.000000000000000000 ) ) ;
#6 = VERTEX_POINT ( 'NONE', #4971 ) ;
#7 = CARTESIAN_POINT ( 'NONE',  ( -5.680000000000001492, 0.6699999999999995959, 1.270000000000000018 ) ) ;
#8 = CARTESIAN_POINT ( 'NONE',  ( -2.880000000000002114, -3.180000000000000604, 0.1200000000000000094 ) ) ;
#9 = DIRECTION ( 'NONE',  ( 1.000000000000000000, 0.000000000000000000, 0.000000000000000000 ) ) ;
#10 = ORIENTED_EDGE ( 'NONE', *, *, #4390, .F. ) ;
#11 = ADVANCED_FACE ( 'NONE', ( #7062 ), #143, .T. ) ;
#12 = EDGE_CURVE ( 'NONE', #8185, #729, #3672, .T. ) ;
#13 = CARTESIAN_POINT ( 'NONE',  ( -15.32000000000000206, 9.899999999999998579, 2.429999999999999716 ) ) ;
#14 = DIRECTION ( 'NONE',  ( 1.000000000000000000, 0.000000000000000000, 0.000000000000000000 ) ) ;
#15 = DIRECTION ( 'NONE',  ( -1.000000000000000000, 0.000000000000000000, 0.000000000000000000 ) ) ;
#16 = PLANE ( 'NONE',  #3064 ) ;
#17 = ORIENTED_EDGE ( 'NONE', *, *, #1760, .T. ) ;
#18 = ORIENTED_EDGE ( 'NONE', *, *, #755, .F. ) ;
#19 = DIRECTION ( 'NONE',  ( -0.3015113445777909407, 0.9045340337332726799, -0.3015113445777909407 ) ) ;
#20 = LINE ( 'NONE', #7771, #3139 ) ;
#21 = EDGE_CURVE ( 'NONE', #8611, #4945, #6413, .T. ) ;
#22 = LINE ( 'NONE', #1548, #4834 ) ;
#23 = LINE ( 'NONE', #7774, #6625 ) ;
#24 = ORIENTED_EDGE ( 'NONE', *, *, #8538, .F. ) ;
#25 = VERTEX_POINT ( 'NONE', #4316 ) ;
#26 = VERTEX_POINT ( 'NONE', #49 ) ;
#27 = LINE ( 'NONE', #2343, #6763 ) ;
#28 = VECTOR ( 'NONE', #650, 1000.000000000000000 ) ;
#29 = EDGE_CURVE ( 'NONE', #2013, #6836, #5748, .T. ) ;
#30 = EDGE_CURVE ( 'NONE', #3178, #768, #4359, .T. ) ;
#31 = ORIENTED_EDGE ( 'NONE', *, *, #7514, .F. ) ;
#32 = EDGE_LOOP ( 'NONE', ( #3788, #4989, #3594, #3059 ) ) ;
#33 = PLANE ( 'NONE',  #1765 ) ;
#34 = AXIS2_PLACEMENT_3D ( 'NONE', #7552, #9175, #2832 ) ;
#35 = EDGE_CURVE ( 'NONE', #433, #4613, #4409, .T. ) ;
#36 = ORIENTED_EDGE ( 'NONE', *, *, #1435, .T. ) ;
#37 = EDGE_CURVE ( 'NONE', #3919, #5413, #8533, .T. ) ;
#38 = CARTESIAN_POINT ( 'NONE',  ( 3.319999999999998508, 8.500000000000000000, 1.430000000000000160 ) ) ;
#39 = LINE ( 'NONE', #7703, #7510 ) ;
#40 = CARTESIAN_POINT ( 'NONE',  ( 2.669999999999998597, -1.150000000000000799, 1.570000000000000062 ) ) ;
#41 = DIRECTION ( 'NONE',  ( 0.000000000000000000, 0.000000000000000000, -1.000000000000000000 ) ) ;
#42 = CARTESIAN_POINT ( 'NONE',  ( -7.300000000000001599, 7.399999999999999467, -3.135000000000000231 ) ) ;
#43 = DIRECTION ( 'NONE',  ( -1.000000000000000000, 0.000000000000000000, 0.000000000000000000 ) ) ;
#44 = DIRECTION ( 'NONE',  ( 0.000000000000000000, 0.000000000000000000, 1.000000000000000000 ) ) ;
#45 = LINE ( 'NONE', #2137, #8102 ) ;
#46 = CARTESIAN_POINT ( 'NONE',  ( -5.680000000000001492, 1.269999999999999352, 0.8750000000000000000 ) ) ;
#47 = ORIENTED_EDGE ( 'NONE', *, *, #1322, .T. ) ;
#48 = DIRECTION ( 'NONE',  ( 1.000000000000000000, 0.000000000000000000, 0.000000000000000000 ) ) ;
#49 = CARTESIAN_POINT ( 'NONE',  ( -8.680000000000001492, 0.6699999999999995959, -1.270000000000000018 ) ) ;
#50 = DIRECTION ( 'NONE',  ( 0.000000000000000000, 0.000000000000000000, -1.000000000000000000 ) ) ;
#51 = EDGE_LOOP ( 'NONE', ( #739, #1972, #7854, #7886 ) ) ;
#52 = EDGE_CURVE ( 'NONE', #1602, #2461, #707, .T. ) ;
#53 = DIRECTION ( 'NONE',  ( 0.000000000000000000, 0.000000000000000000, -1.000000000000000000 ) ) ;
#54 = PLANE ( 'NONE',  #8832 ) ;
#55 = CARTESIAN_POINT ( 'NONE',  ( 2.384999999999998010, 0.6699999999999995959, -1.270000000000000018 ) ) ;
#56 = DIRECTION ( 'NONE',  ( 0.000000000000000000, -1.000000000000000000, 0.000000000000000000 ) ) ;
#57 = ORIENTED_EDGE ( 'NONE', *, *, #198, .T. ) ;
#58 = EDGE_CURVE ( 'NONE', #8024, #1408, #4231, .T. ) ;
#59 = DIRECTION ( 'NONE',  ( 1.000000000000000000, 0.000000000000000000, 0.000000000000000000 ) ) ;
#60 = ORIENTED_EDGE ( 'NONE', *, *, #3730, .T. ) ;
#61 = DIRECTION ( 'NONE',  ( 0.000000000000000000, 0.000000000000000000, -1.000000000000000000 ) ) ;
#62 = EDGE_CURVE ( 'NONE', #4860, #3433, #2846, .T. ) ;
#63 = EDGE_CURVE ( 'NONE', #4795, #7038, #5015, .T. ) ;
#64 = VECTOR ( 'NONE', #4465, 1000.000000000000000 ) ;
#65 = EDGE_CURVE ( 'NONE', #195, #5252, #2103, .T. ) ;
#66 = FACE_OUTER_BOUND ( 'NONE', #4152, .T. ) ;
#67 = PLANE ( 'NONE',  #5005 ) ;
#68 = VERTEX_POINT ( 'NONE', #8 ) ;
#69 = EDGE_LOOP ( 'NONE', ( #8669, #5601, #1511, #5673 ) ) ;
#70 = CARTESIAN_POINT ( 'NONE',  ( -13.92000000000000171, 9.899999999999998579, 0.7500000000000000000 ) ) ;
#71 = EDGE_LOOP ( 'NONE', ( #6245, #4746, #859, #6318, #7466, #1732 ) ) ;
#72 = CARTESIAN_POINT ( 'NONE',  ( -7.300000000000001599, 7.399999999999999467, -2.435000000000000053 ) ) ;
#73 = ORIENTED_EDGE ( 'NONE', *, *, #2639, .T. ) ;
#74 = VERTEX_POINT ( 'NONE', #3585 ) ;
#75 = VECTOR ( 'NONE', #7791, 1000.000000000000000 ) ;
#76 = CARTESIAN_POINT ( 'NONE',  ( -0.1200000000000020495, 7.500000000000000000, 0.1200000000000000094 ) ) ;
#77 = EDGE_LOOP ( 'NONE', ( #7735, #2586, #2001, #6878 ) ) ;
#78 = DIRECTION ( 'NONE',  ( 1.000000000000000000, 0.000000000000000000, 0.000000000000000000 ) ) ;
#79 = CARTESIAN_POINT ( 'NONE',  ( -15.32000000000000206, -8.673617379884035472E-16, -1.270000000000000018 ) ) ;
#80 = CARTESIAN_POINT ( 'NONE',  ( -6.320000000000002061, 0.6699999999999995959, 1.270000000000000018 ) ) ;
#81 = EDGE_CURVE ( 'NONE', #6661, #3567, #2367, .T. ) ;
#82 = CARTESIAN_POINT ( 'NONE',  ( -14.36000000000000121, 1.849999999999999645, 1.930000000000000160 ) ) ;
#83 = CARTESIAN_POINT ( 'NONE',  ( -6.320000000000002061, 6.899999999999999467, 0.3200000000000000067 ) ) ;
#84 = ADVANCED_FACE ( 'NONE', ( #7370 ), #6541, .T. ) ;
#86 = CARTESIAN_POINT ( 'NONE',  ( -11.68000000000000327, 0.6999999999999992895, 1.649999999999999911 ) ) ;
#85 = VECTOR ( 'NONE', #6749, 1000.000000000000114 ) ;
#87 = CARTESIAN_POINT ( 'NONE',  ( -0.3200000000000017275, 6.899999999999999467, 0.3200000000000000067 ) ) ;
#88 = DIRECTION ( 'NONE',  ( -1.000000000000000000, 0.000000000000000000, 0.000000000000000000 ) ) ;
#89 = ORIENTED_EDGE ( 'NONE', *, *, #8590, .F. ) ;
#90 = DIRECTION ( 'NONE',  ( 0.000000000000000000, 1.000000000000000000, 0.000000000000000000 ) ) ;
#91 = ORIENTED_EDGE ( 'NONE', *, *, #6715, .F. ) ;
#92 = DIRECTION ( 'NONE',  ( -0.6092076990801816860, 0.5076730825667846725, -0.6092076990801816860 ) ) ;
#93 = ORIENTED_EDGE ( 'NONE', *, *, #7551, .F. ) ;
#94 = VECTOR ( 'NONE', #4609, 1000.000000000000000 ) ;
#95 = VECTOR ( 'NONE', #296, 1000.000000000000000 ) ;
#96 = CARTESIAN_POINT ( 'NONE',  ( 0.3199999999999982303, 0.6999999999999992895, -0.8750000000000000000 ) ) ;
#97 = ADVANCED_FACE ( 'NONE', ( #321 ), #6676, .T. ) ;
#98 = AXIS2_PLACEMENT_3D ( 'NONE', #6929, #573, #3412 ) ;
#99 = LINE ( 'NONE', #8357, #6330 ) ;
#100 = LINE ( 'NONE', #668, #6032 ) ;
#101 = DIRECTION ( 'NONE',  ( 0.000000000000000000, -1.000000000000000000, 0.000000000000000000 ) ) ;
#102 = EDGE_LOOP ( 'NONE', ( #2069, #1195, #3621, #8309 ) ) ;
#103 = FACE_OUTER_BOUND ( 'NONE', #3131, .T. ) ;
#104 = VERTEX_POINT ( 'NONE', #3800 ) ;
#105 = EDGE_CURVE ( 'NONE', #4594, #7163, #8018, .T. ) ;
#106 = VECTOR ( 'NONE', #5780, 1000.000000000000000 ) ;
#107 = VECTOR ( 'NONE', #2276, 1000.000000000000000 ) ;
#108 = AXIS2_PLACEMENT_3D ( 'NONE', #5844, #5755, #7330 ) ;
#109 = FACE_OUTER_BOUND ( 'NONE', #589, .T. ) ;
#110 = DIRECTION ( 'NONE',  ( 0.000000000000000000, 1.000000000000000000, 0.000000000000000000 ) ) ;
#111 = VECTOR ( 'NONE', #5077, 1000.000000000000000 ) ;
#112 = DIRECTION ( 'NONE',  ( 0.000000000000000000, 1.000000000000000000, 0.000000000000000000 ) ) ;
#113 = ORIENTED_EDGE ( 'NONE', *, *, #7573, .T. ) ;
#114 = CARTESIAN_POINT ( 'NONE',  ( -11.68000000000000327, -2.580000000000000515, 0.3200000000000000067 ) ) ;
#115 = ORIENTED_EDGE ( 'NONE', *, *, #4593, .T. ) ;
#116 = CARTESIAN_POINT ( 'NONE',  ( -1.750000000000001554, 3.299999999999999378, -1.250000000000000000 ) ) ;
#117 = VERTEX_POINT ( 'NONE', #5884 ) ;
#118 = EDGE_CURVE ( 'NONE', #7631, #6759, #5974, .T. ) ;
#119 = ORIENTED_EDGE ( 'NONE', *, *, #5088, .F. ) ;
#120 = CARTESIAN_POINT ( 'NONE',  ( -14.67000000000000171, -1.150000000000000799, 1.570000000000000062 ) ) ;
#121 = AXIS2_PLACEMENT_3D ( 'NONE', #8016, #3154, #5100 ) ;
#122 = AXIS2_PLACEMENT_3D ( 'NONE', #6409, #3494, #7841 ) ;
#123 = VERTEX_POINT ( 'NONE', #5193 ) ;
#124 = EDGE_CURVE ( 'NONE', #7926, #1471, #368, .T. ) ;
#125 = ORIENTED_EDGE ( 'NONE', *, *, #2928, .F. ) ;
#126 = DIRECTION ( 'NONE',  ( 0.000000000000000000, -1.000000000000000000, 0.000000000000000000 ) ) ;
#127 = DIRECTION ( 'NONE',  ( 1.000000000000000000, 0.000000000000000000, 0.000000000000000000 ) ) ;
#128 = AXIS2_PLACEMENT_3D ( 'NONE', #6807, #3877, #1835 ) ;
#129 = DIRECTION ( 'NONE',  ( 0.000000000000000000, 0.000000000000000000, 1.000000000000000000 ) ) ;
#130 = CARTESIAN_POINT ( 'NONE',  ( 3.319999999999998508, -8.673617379884035472E-16, -1.930000000000000160 ) ) ;
#131 = VECTOR ( 'NONE', #2646, 1000.000000000000000 ) ;
#132 = VECTOR ( 'NONE', #8276, 1000.000000000000000 ) ;
#133 = CARTESIAN_POINT ( 'NONE',  ( -6.320000000000002061, 3.299999999999999378, -0.3200000000000000067 ) ) ;
#134 = VECTOR ( 'NONE', #3511, 1000.000000000000000 ) ;
#135 = LINE ( 'NONE', #4270, #8177 ) ;
#136 = EDGE_CURVE ( 'NONE', #243, #6971, #3016, .T. ) ;
#137 = CARTESIAN_POINT ( 'NONE',  ( -11.68000000000000327, 1.269999999999999352, -0.8750000000000000000 ) ) ;
#138 = VECTOR ( 'NONE', #5042, 1000.000000000000000 ) ;
#139 = LINE ( 'NONE', #2972, #6174 ) ;
#140 = EDGE_LOOP ( 'NONE', ( #2371, #8365, #7372, #4085, #1934, #5535, #5790, #7776 ) ) ;
#141 = LINE ( 'NONE', #275, #7226 ) ;
#142 = EDGE_CURVE ( 'NONE', #6830, #9063, #276, .T. ) ;
#143 = PLANE ( 'NONE',  #559 ) ;
#144 = CARTESIAN_POINT ( 'NONE',  ( -12.32000000000000028, 3.299999999999999378, 0.3200000000000000067 ) ) ;
#145 = EDGE_CURVE ( 'NONE', #729, #7474, #5833, .T. ) ;
#146 = VERTEX_POINT ( 'NONE', #2317 ) ;
#147 = EDGE_CURVE ( 'NONE', #1716, #5895, #8805, .T. ) ;
#148 = DIRECTION ( 'NONE',  ( 1.000000000000000000, 0.000000000000000000, 0.000000000000000000 ) ) ;
#149 = DIRECTION ( 'NONE',  ( -0.000000000000000000, 1.000000000000000000, 0.000000000000000000 ) ) ;
#150 = EDGE_CURVE ( 'NONE', #3781, #6837, #2449, .T. ) ;
#151 = DIRECTION ( 'NONE',  ( -1.480297366167000132E-14, 0.000000000000000000, 1.000000000000000000 ) ) ;
#152 = CARTESIAN_POINT ( 'NONE',  ( 1.249999999999998446, 9.899999999999998579, -1.250000000000000000 ) ) ;
#153 = CARTESIAN_POINT ( 'NONE',  ( -5.680000000000001492, 6.899999999999999467, -0.3200000000000000067 ) ) ;
#154 = ADVANCED_FACE ( 'NONE', ( #5149 ), #5232, .F. ) ;
#155 = ORIENTED_EDGE ( 'NONE', *, *, #3388, .T. ) ;
#156 = LINE ( 'NONE', #7158, #1152 ) ;
#157 = VERTEX_POINT ( 'NONE', #8110 ) ;
#158 = CARTESIAN_POINT ( 'NONE',  ( -12.32000000000000028, -8.673617379884035472E-16, 1.680000000000000160 ) ) ;
#159 = EDGE_CURVE ( 'NONE', #494, #7586, #3715, .T. ) ;
#160 = DIRECTION ( 'NONE',  ( 1.000000000000000000, 0.000000000000000000, 0.000000000000000000 ) ) ;
#161 = CARTESIAN_POINT ( 'NONE',  ( -1.750000000000001554, 1.849999999999999645, 2.429999999999999716 ) ) ;
#162 = ORIENTED_EDGE ( 'NONE', *, *, #7752, .T. ) ;
#163 = DIRECTION ( 'NONE',  ( 1.000000000000000000, 0.000000000000000000, 0.000000000000000000 ) ) ;
#164 = VERTEX_POINT ( 'NONE', #1627 ) ;
#166 = EDGE_CURVE ( 'NONE', #6945, #9156, #4454, .T. ) ;
#165 = DIRECTION ( 'NONE',  ( 0.000000000000000000, 0.000000000000000000, -1.000000000000000000 ) ) ;
#167 = ORIENTED_EDGE ( 'NONE', *, *, #885, .T. ) ;
#168 = VERTEX_POINT ( 'NONE', #1709 ) ;
#169 = CARTESIAN_POINT ( 'NONE',  ( -12.12000000000000277, 7.500000000000000000, 0.1200000000000000094 ) ) ;
#170 = CARTESIAN_POINT ( 'NONE',  ( -11.68000000000000327, 1.269999999999999352, -0.8750000000000000000 ) ) ;
#171 = ORIENTED_EDGE ( 'NONE', *, *, #428, .F. ) ;
#172 = ORIENTED_EDGE ( 'NONE', *, *, #8532, .T. ) ;
#173 = CARTESIAN_POINT ( 'NONE',  ( -14.38500000000000156, 1.269999999999999352, -0.8750000000000000000 ) ) ;
#174 = CARTESIAN_POINT ( 'NONE',  ( -2.680000000000001936, 0.6699999999999995959, -0.8750000000000000000 ) ) ;
#175 = EDGE_CURVE ( 'NONE', #3702, #5882, #4492, .T. ) ;
#176 = CARTESIAN_POINT ( 'NONE',  ( -2.680000000000001936, 1.349999999999999645, 1.680000000000000160 ) ) ;
#177 = CARTESIAN_POINT ( 'NONE',  ( -9.120000000000000995, -3.180000000000000604, -0.1200000000000000094 ) ) ;
#178 = VECTOR ( 'NONE', #8737, 1000.000000000000000 ) ;
#179 = EDGE_CURVE ( 'NONE', #5943, #4502, #1021, .T. ) ;
#180 = DIRECTION ( 'NONE',  ( -1.000000000000000000, 0.000000000000000000, 0.000000000000000000 ) ) ;
#181 = DIRECTION ( 'NONE',  ( 0.000000000000000000, 0.000000000000000000, -1.000000000000000000 ) ) ;
#182 = DIRECTION ( 'NONE',  ( 0.000000000000000000, 1.000000000000000000, 0.000000000000000000 ) ) ;
#183 = VERTEX_POINT ( 'NONE', #3850 ) ;
#184 = CARTESIAN_POINT ( 'NONE',  ( -3.120000000000001883, -3.180000000000000604, -0.1200000000000000094 ) ) ;
#185 = CARTESIAN_POINT ( 'NONE',  ( -13.93500000000000050, -8.673617379884035472E-16, -1.930000000000000160 ) ) ;
#186 = FACE_OUTER_BOUND ( 'NONE', #6431, .T. ) ;
#187 = ORIENTED_EDGE ( 'NONE', *, *, #4724, .T. ) ;
#188 = CARTESIAN_POINT ( 'NONE',  ( -12.32000000000000028, 0.6999999999999992895, 1.649999999999999911 ) ) ;
#189 = ORIENTED_EDGE ( 'NONE', *, *, #1939, .T. ) ;
#190 = CARTESIAN_POINT ( 'NONE',  ( -8.680000000000001492, 0.6699999999999995959, 1.270000000000000018 ) ) ;
#191 = FACE_OUTER_BOUND ( 'NONE', #8180, .T. ) ;
#192 = DIRECTION ( 'NONE',  ( 0.000000000000000000, 1.000000000000000000, 0.000000000000000000 ) ) ;
#193 = DIRECTION ( 'NONE',  ( 1.000000000000000000, 0.000000000000000000, 0.000000000000000000 ) ) ;
#194 = CARTESIAN_POINT ( 'NONE',  ( -5.680000000000001492, -8.673617379884035472E-16, 1.270000000000000018 ) ) ;
#195 = VERTEX_POINT ( 'NONE', #1067 ) ;
#196 = CARTESIAN_POINT ( 'NONE',  ( -4.700000000000001954, 6.899999999999999467, -1.935000000000000053 ) ) ;
#197 = ORIENTED_EDGE ( 'NONE', *, *, #5300, .T. ) ;
#198 = EDGE_CURVE ( 'NONE', #327, #8705, #228, .T. ) ;
#199 = LINE ( 'NONE', #4940, #2395 ) ;
#200 = EDGE_CURVE ( 'NONE', #2724, #6608, #4130, .T. ) ;
#201 = SURFACE_STYLE_FILL_AREA ( #6559 ) ;
#202 = DIRECTION ( 'NONE',  ( -1.000000000000000000, 0.000000000000000000, 0.000000000000000000 ) ) ;
#203 = EDGE_CURVE ( 'NONE', #6485, #8840, #1114, .T. ) ;
#204 = VERTEX_POINT ( 'NONE', #6774 ) ;
#205 = DIRECTION ( 'NONE',  ( 0.000000000000000000, 0.000000000000000000, -1.000000000000000000 ) ) ;
#206 = ORIENTED_EDGE ( 'NONE', *, *, #3561, .F. ) ;
#207 = DIRECTION ( 'NONE',  ( 0.000000000000000000, 1.000000000000000000, 0.000000000000000000 ) ) ;
#208 = ORIENTED_EDGE ( 'NONE', *, *, #4755, .T. ) ;
#209 = ORIENTED_EDGE ( 'NONE', *, *, #5138, .F. ) ;
#210 = DIRECTION ( 'NONE',  ( -1.000000000000000000, 0.000000000000000000, 0.000000000000000000 ) ) ;
#211 = DIRECTION ( 'NONE',  ( 0.3015113445777909407, 0.9045340337332726799, 0.3015113445777909407 ) ) ;
#212 = EDGE_LOOP ( 'NONE', ( #3266, #8427, #3782, #4138, #5855, #6916, #5414, #6242, #4456, #8919, #4025, #3124, #2534, #1743, #2004 ) ) ;
#213 = EDGE_CURVE ( 'NONE', #4473, #1588, #6268, .T. ) ;
#214 = AXIS2_PLACEMENT_3D ( 'NONE', #7315, #5827, #3151 ) ;
#215 = VERTEX_POINT ( 'NONE', #8949 ) ;
#216 = CARTESIAN_POINT ( 'NONE',  ( -2.680000000000001936, 0.6999999999999992895, -0.8750000000000000000 ) ) ;
#217 = LINE ( 'NONE', #8010, #1733 ) ;
#218 = VECTOR ( 'NONE', #5016, 1000.000000000000000 ) ;
#219 = VECTOR ( 'NONE', #6014, 1000.000000000000000 ) ;
#220 = PLANE ( 'NONE',  #3860 ) ;
#221 = CARTESIAN_POINT ( 'NONE',  ( -14.97000000000000242, -1.400000000000000133, 2.169999999999999929 ) ) ;
#222 = VECTOR ( 'NONE', #6909, 1000.000000000000000 ) ;
#223 = DIRECTION ( 'NONE',  ( 0.000000000000000000, -1.000000000000000000, 0.000000000000000000 ) ) ;
#224 = EDGE_CURVE ( 'NONE', #6082, #2624, #6170, .T. ) ;
#225 = CARTESIAN_POINT ( 'NONE',  ( -3.320000000000001616, -8.673617379884035472E-16, -1.270000000000000018 ) ) ;
#226 = ORIENTED_EDGE ( 'NONE', *, *, #2438, .F. ) ;
#227 = DIRECTION ( 'NONE',  ( 0.000000000000000000, -1.000000000000000000, 0.000000000000000000 ) ) ;
#228 = LINE ( 'NONE', #7511, #875 ) ;
#229 = DIRECTION ( 'NONE',  ( 1.363988287397000064E-14, 0.000000000000000000, -1.000000000000000000 ) ) ;
#230 = EDGE_LOOP ( 'NONE', ( #2288, #6320, #7898, #2867 ) ) ;
#231 = ADVANCED_FACE ( 'NONE', ( #4078 ), #4870, .T. ) ;
#232 = CARTESIAN_POINT ( 'NONE',  ( -9.000000000000001776, -2.880000000000000782, -0.2200000000000000011 ) ) ;
#233 = ORIENTED_EDGE ( 'NONE', *, *, #3588, .F. ) ;
#234 = DIRECTION ( 'NONE',  ( 1.000000000000000000, 0.000000000000000000, 0.000000000000000000 ) ) ;
#235 = PLANE ( 'NONE',  #5732 ) ;
#236 = ORIENTED_EDGE ( 'NONE', *, *, #5239, .F. ) ;
#237 = PLANE ( 'NONE',  #7093 ) ;
#238 = DIRECTION ( 'NONE',  ( -0.3162277660168079652, 0.9486832980505238710, 0.000000000000000000 ) ) ;
#239 = AXIS2_PLACEMENT_3D ( 'NONE', #7125, #8598, #110 ) ;
#240 = VECTOR ( 'NONE', #182, 1000.000000000000000 ) ;
#241 = ORIENTED_EDGE ( 'NONE', *, *, #3637, .T. ) ;
#242 = CARTESIAN_POINT ( 'NONE',  ( -2.880000000000002114, 7.500000000000000000, -0.1200000000000000094 ) ) ;
#243 = VERTEX_POINT ( 'NONE', #6963 ) ;
#244 = CARTESIAN_POINT ( 'NONE',  ( -8.680000000000001492, -8.673617379884035472E-16, 1.270000000000000018 ) ) ;
#245 = AXIS2_PLACEMENT_3D ( 'NONE', #5350, #1920, #2527 ) ;
#246 = VECTOR ( 'NONE', #3367, 1000.000000000000000 ) ;
#247 = DIRECTION ( 'NONE',  ( 0.000000000000000000, 1.000000000000000000, 0.000000000000000000 ) ) ;
#248 = VECTOR ( 'NONE', #7721, 1000.000000000000000 ) ;
#249 = CARTESIAN_POINT ( 'NONE',  ( -5.680000000000001492, 1.349999999999999645, -1.930000000000000160 ) ) ;
#250 = ORIENTED_EDGE ( 'NONE', *, *, #1742, .F. ) ;
#251 = EDGE_CURVE ( 'NONE', #300, #4058, #601, .T. ) ;
#252 = FACE_OUTER_BOUND ( 'NONE', #4189, .T. ) ;
#253 = EDGE_LOOP ( 'NONE', ( #7117, #4591, #8826, #977 ) ) ;
#254 = VECTOR ( 'NONE', #2988, 1000.000000000000000 ) ;
#255 = DIRECTION ( 'NONE',  ( 0.000000000000000000, -1.000000000000000000, 0.000000000000000000 ) ) ;
#256 = VECTOR ( 'NONE', #6757, 1000.000000000000000 ) ;
#257 = EDGE_CURVE ( 'NONE', #6082, #1156, #3439, .T. ) ;
#258 = ORIENTED_EDGE ( 'NONE', *, *, #7870, .F. ) ;
#259 = ORIENTED_EDGE ( 'NONE', *, *, #5327, .T. ) ;
#260 = ADVANCED_FACE ( 'NONE', ( #2737 ), #2691, .T. ) ;
#261 = PLANE ( 'NONE',  #447 ) ;
#262 = CARTESIAN_POINT ( 'NONE',  ( -11.68000000000000327, 0.6699999999999995959, 1.270000000000000018 ) ) ;
#263 = VECTOR ( 'NONE', #2109, 1000.000000000000000 ) ;
#264 = VERTEX_POINT ( 'NONE', #3940 ) ;
#265 = ORIENTED_EDGE ( 'NONE', *, *, #2474, .F. ) ;
#266 = DIRECTION ( 'NONE',  ( 0.000000000000000000, 0.000000000000000000, -1.000000000000000000 ) ) ;
#267 = CARTESIAN_POINT ( 'NONE',  ( -5.680000000000001492, 7.500000000000000000, 0.3200000000000000067 ) ) ;
#268 = AXIS2_PLACEMENT_3D ( 'NONE', #3849, #5056, #7885 ) ;
#269 = CARTESIAN_POINT ( 'NONE',  ( 1.919999999999998153, 9.899999999999998579, 0.7500000000000000000 ) ) ;
#270 = CARTESIAN_POINT ( 'NONE',  ( -5.680000000000001492, 0.6699999999999995959, -0.8750000000000000000 ) ) ;
#271 = CARTESIAN_POINT ( 'NONE',  ( -6.320000000000002061, 1.349999999999999645, 1.680000000000000160 ) ) ;
#272 = VECTOR ( 'NONE', #4269, 1000.000000000000000 ) ;
#273 = CARTESIAN_POINT ( 'NONE',  ( -11.25000000000000355, 1.849999999999999645, 1.930000000000000160 ) ) ;
#274 = EDGE_LOOP ( 'NONE', ( #3501, #5391, #8957, #5727, #4050, #7488 ) ) ;
#275 = CARTESIAN_POINT ( 'NONE',  ( -3.320000000000001616, 3.299999999999999378, -0.3200000000000000067 ) ) ;
#276 = LINE ( 'NONE', #3109, #2792 ) ;
#277 = CARTESIAN_POINT ( 'NONE',  ( -6.320000000000002061, 0.6999999999999992895, 0.3200000000000000067 ) ) ;
#278 = ORIENTED_EDGE ( 'NONE', *, *, #1796, .F. ) ;
#279 = DIRECTION ( 'NONE',  ( -0.9486832980505238710, 0.3162277660168079652, 0.000000000000000000 ) ) ;
#280 = ORIENTED_EDGE ( 'NONE', *, *, #8526, .F. ) ;
#281 = CARTESIAN_POINT ( 'NONE',  ( -6.320000000000002061, 1.349999999999999645, 1.649999999999999911 ) ) ;
#282 = VECTOR ( 'NONE', #2819, 1000.000000000000000 ) ;
#283 = DIRECTION ( 'NONE',  ( 0.000000000000000000, -1.000000000000000000, 0.000000000000000000 ) ) ;
#284 = EDGE_LOOP ( 'NONE', ( #5619, #6149, #3568, #4760 ) ) ;
#285 = DIRECTION ( 'NONE',  ( 0.000000000000000000, -1.000000000000000000, 0.000000000000000000 ) ) ;
#286 = PLANE ( 'NONE',  #9176 ) ;
#287 = ORIENTED_EDGE ( 'NONE', *, *, #8988, .F. ) ;
#288 = DIRECTION ( 'NONE',  ( 0.000000000000000000, -1.000000000000000000, 0.000000000000000000 ) ) ;
#289 = EDGE_CURVE ( 'NONE', #799, #466, #3345, .T. ) ;
#290 = ORIENTED_EDGE ( 'NONE', *, *, #6976, .T. ) ;
#291 = EDGE_CURVE ( 'NONE', #8483, #2800, #4734, .T. ) ;
#292 = CARTESIAN_POINT ( 'NONE',  ( 1.934999999999997389, 1.699999999999999734, 1.680000000000000160 ) ) ;
#293 = EDGE_CURVE ( 'NONE', #2857, #327, #1948, .T. ) ;
#294 = CARTESIAN_POINT ( 'NONE',  ( -12.32000000000000028, 3.299999999999999378, 0.3200000000000000067 ) ) ;
#295 = EDGE_LOOP ( 'NONE', ( #4951, #6055, #4908, #849 ) ) ;
#296 = DIRECTION ( 'NONE',  ( 0.000000000000000000, 0.000000000000000000, 1.000000000000000000 ) ) ;
#297 = VERTEX_POINT ( 'NONE', #6223 ) ;
#298 = LINE ( 'NONE', #2387, #1279 ) ;
#299 = ORIENTED_EDGE ( 'NONE', *, *, #543, .T. ) ;
#300 = VERTEX_POINT ( 'NONE', #2599 ) ;
#301 = AXIS2_PLACEMENT_3D ( 'NONE', #6362, #129, #5006 ) ;
#302 = PLANE ( 'NONE',  #7993 ) ;
#303 = AXIS2_PLACEMENT_3D ( 'NONE', #8910, #5383, #7467 ) ;
#304 = CARTESIAN_POINT ( 'NONE',  ( -5.680000000000001492, 1.349999999999999645, 1.649999999999999911 ) ) ;
#305 = ADVANCED_FACE ( 'NONE', ( #3297 ), #1903, .T. ) ;
#306 = CARTESIAN_POINT ( 'NONE',  ( -9.320000000000002061, -2.580000000000000515, -0.3200000000000000067 ) ) ;
#307 = EDGE_LOOP ( 'NONE', ( #6566, #1811, #672, #4318, #591, #4887, #8975, #5459 ) ) ;
#308 = ADVANCED_FACE ( 'NONE', ( #8997 ), #8295, .F. ) ;
#309 = ORIENTED_EDGE ( 'NONE', *, *, #1799, .F. ) ;
#310 = EDGE_LOOP ( 'NONE', ( #8417, #6789, #5346, #5681 ) ) ;
#311 = CARTESIAN_POINT ( 'NONE',  ( -2.680000000000001936, 0.6699999999999995959, 0.8750000000000000000 ) ) ;
#312 = LINE ( 'NONE', #4671, #841 ) ;
#313 = DIRECTION ( 'NONE',  ( 0.000000000000000000, 0.3162277660168079652, -0.9486832980505238710 ) ) ;
#314 = LINE ( 'NONE', #463, #7443 ) ;
#315 = ADVANCED_FACE ( 'NONE', ( #9041 ), #4036, .F. ) ;
#316 = CARTESIAN_POINT ( 'NONE',  ( -9.120000000000000995, 7.500000000000000000, -0.1200000000000000094 ) ) ;
#317 = EDGE_CURVE ( 'NONE', #2827, #458, #8340, .T. ) ;
#318 = PLANE ( 'NONE',  #4383 ) ;
#319 = EDGE_LOOP ( 'NONE', ( #7482, #5849, #8346, #7531 ) ) ;
#320 = CARTESIAN_POINT ( 'NONE',  ( 3.319999999999998508, -8.673617379884035472E-16, -1.270000000000000018 ) ) ;
#321 = FACE_OUTER_BOUND ( 'NONE', #7940, .T. ) ;
#322 = CARTESIAN_POINT ( 'NONE',  ( -9.320000000000002061, -2.580000000000000515, -0.3200000000000000067 ) ) ;
#323 = AXIS2_PLACEMENT_3D ( 'NONE', #6558, #5807, #5116 ) ;
#324 = ORIENTED_EDGE ( 'NONE', *, *, #3031, .F. ) ;
#325 = VECTOR ( 'NONE', #2311, 1000.000000000000000 ) ;
#326 = FACE_OUTER_BOUND ( 'NONE', #3898, .T. ) ;
#327 = VERTEX_POINT ( 'NONE', #7646 ) ;
#328 = CARTESIAN_POINT ( 'NONE',  ( -5.680000000000001492, 0.6999999999999992895, -0.3200000000000000067 ) ) ;
#329 = VECTOR ( 'NONE', #3844, 1000.000000000000000 ) ;
#330 = FACE_OUTER_BOUND ( 'NONE', #8108, .T. ) ;
#331 = ORIENTED_EDGE ( 'NONE', *, *, #81, .T. ) ;
#332 = FACE_OUTER_BOUND ( 'NONE', #2686, .T. ) ;
#333 = CARTESIAN_POINT ( 'NONE',  ( -2.680000000000001936, 0.6999999999999992895, 0.3200000000000000067 ) ) ;
#334 = ADVANCED_FACE ( 'NONE', ( #5691 ), #3486, .T. ) ;
#335 = VERTEX_POINT ( 'NONE', #9129 ) ;
#336 = DIRECTION ( 'NONE',  ( -1.000000000000000000, 0.000000000000000000, 0.000000000000000000 ) ) ;
#337 = ORIENTED_EDGE ( 'NONE', *, *, #7288, .F. ) ;
#338 = ORIENTED_EDGE ( 'NONE', *, *, #3366, .T. ) ;
#339 = DIRECTION ( 'NONE',  ( 1.000000000000000000, 0.000000000000000000, 0.000000000000000000 ) ) ;
#340 = PRESENTATION_STYLE_ASSIGNMENT (( #2475 ) ) ;
#341 = ADVANCED_FACE ( 'NONE', ( #4349 ), #2130, .F. ) ;
#342 = DIRECTION ( 'NONE',  ( 0.000000000000000000, 0.000000000000000000, 1.000000000000000000 ) ) ;
#343 = VERTEX_POINT ( 'NONE', #5783 ) ;
#344 = DIRECTION ( 'NONE',  ( 0.000000000000000000, -1.000000000000000000, 0.000000000000000000 ) ) ;
#345 = VERTEX_POINT ( 'NONE', #781 ) ;
#346 = LINE ( 'NONE', #3177, #4984 ) ;
#347 = ORIENTED_EDGE ( 'NONE', *, *, #2839, .F. ) ;
#348 = VERTEX_POINT ( 'NONE', #648 ) ;
#349 = EDGE_CURVE ( 'NONE', #3312, #343, #2836, .T. ) ;
#350 = DIRECTION ( 'NONE',  ( 0.7071067811865475727, 0.7071067811865475727, -0.000000000000000000 ) ) ;
#351 = EDGE_CURVE ( 'NONE', #2492, #7829, #6443, .T. ) ;
#352 = CARTESIAN_POINT ( 'NONE',  ( -13.93500000000000050, 1.699999999999999734, 1.680000000000000160 ) ) ;
#353 = ADVANCED_FACE ( 'NONE', ( #7874 ), #2223, .T. ) ;
#354 = CARTESIAN_POINT ( 'NONE',  ( -8.680000000000001492, 1.349999999999999645, -1.050000000000000044 ) ) ;
#355 = DIRECTION ( 'NONE',  ( 0.000000000000000000, 1.000000000000000000, 0.000000000000000000 ) ) ;
#356 = VERTEX_POINT ( 'NONE', #40 ) ;
#357 = VERTEX_POINT ( 'NONE', #4216 ) ;
#358 = CARTESIAN_POINT ( 'NONE',  ( -7.300000000000001599, 8.149999999999998579, -3.135000000000000231 ) ) ;
#359 = LINE ( 'NONE', #2546, #8996 ) ;
#360 = DIRECTION ( 'NONE',  ( 0.000000000000000000, 0.000000000000000000, 1.000000000000000000 ) ) ;
#361 = CARTESIAN_POINT ( 'NONE',  ( 1.249999999999998446, 3.299999999999999378, -1.250000000000000000 ) ) ;
#362 = LINE ( 'NONE', #3794, #2257 ) ;
#363 = AXIS2_PLACEMENT_3D ( 'NONE', #1082, #3123, #8776 ) ;
#364 = CARTESIAN_POINT ( 'NONE',  ( -8.680000000000001492, 4.949999999999999289, 0.000000000000000000 ) ) ;
#365 = ORIENTED_EDGE ( 'NONE', *, *, #5371, .F. ) ;
#366 = PLANE ( 'NONE',  #6773 ) ;
#367 = ADVANCED_FACE ( 'NONE', ( #4307 ), #7137, .T. ) ;
#368 = LINE ( 'NONE', #6024, #7220 ) ;
#369 = PLANE ( 'NONE',  #7921 ) ;
#370 = VERTEX_POINT ( 'NONE', #80 ) ;
#371 = EDGE_CURVE ( 'NONE', #4496, #2394, #5048, .T. ) ;
#372 = EDGE_CURVE ( 'NONE', #6543, #343, #8614, .T. ) ;
#373 = CARTESIAN_POINT ( 'NONE',  ( -8.680000000000001492, 0.6699999999999995959, 0.8750000000000000000 ) ) ;
#374 = VERTEX_POINT ( 'NONE', #7177 ) ;
#375 = DIRECTION ( 'NONE',  ( 0.000000000000000000, 0.000000000000000000, 1.000000000000000000 ) ) ;
#376 = LINE ( 'NONE', #3207, #2185 ) ;
#377 = ORIENTED_EDGE ( 'NONE', *, *, #5528, .F. ) ;
#378 = PLANE ( 'NONE',  #720 ) ;
#379 = CARTESIAN_POINT ( 'NONE',  ( 0.3199999999999982303, 0.6999999999999992895, 0.3200000000000000067 ) ) ;
#380 = ORIENTED_EDGE ( 'NONE', *, *, #3076, .F. ) ;
#381 = FACE_OUTER_BOUND ( 'NONE', #7405, .T. ) ;
#382 = VERTEX_POINT ( 'NONE', #2092 ) ;
#383 = ORIENTED_EDGE ( 'NONE', *, *, #1905, .T. ) ;
#384 = CARTESIAN_POINT ( 'NONE',  ( -6.320000000000002061, 1.269999999999999352, -0.8750000000000000000 ) ) ;
#385 = PLANE ( 'NONE',  #6691 ) ;
#386 = VECTOR ( 'NONE', #683, 1000.000000000000000 ) ;
#387 = VECTOR ( 'NONE', #7318, 1000.000000000000000 ) ;
#388 = FACE_OUTER_BOUND ( 'NONE', #7736, .T. ) ;
#389 = CARTESIAN_POINT ( 'NONE',  ( -9.120000000000000995, 7.500000000000000000, 0.1200000000000000094 ) ) ;
#390 = ORIENTED_EDGE ( 'NONE', *, *, #933, .F. ) ;
#391 = DIRECTION ( 'NONE',  ( 0.000000000000000000, 0.000000000000000000, 1.000000000000000000 ) ) ;
#392 = EDGE_CURVE ( 'NONE', #6799, #3353, #7747, .T. ) ;
#393 = ORIENTED_EDGE ( 'NONE', *, *, #9101, .F. ) ;
#394 = CARTESIAN_POINT ( 'NONE',  ( -5.680000000000001492, 1.269999999999999352, -0.8750000000000000000 ) ) ;
#395 = ORIENTED_EDGE ( 'NONE', *, *, #4821, .F. ) ;
#396 = ORIENTED_EDGE ( 'NONE', *, *, #8369, .T. ) ;
#397 = VECTOR ( 'NONE', #8462, 1000.000000000000000 ) ;
#398 = AXIS2_PLACEMENT_3D ( 'NONE', #3463, #7577, #8416 ) ;
#399 = CARTESIAN_POINT ( 'NONE',  ( -10.25000000000000178, 9.899999999999998579, 1.250000000000000000 ) ) ;
#400 = LINE ( 'NONE', #3235, #2812 ) ;
#401 = CARTESIAN_POINT ( 'NONE',  ( -15.32000000000000206, 1.849999999999999645, 1.930000000000000160 ) ) ;
#402 = VECTOR ( 'NONE', #3144, 1000.000000000000000 ) ;
#403 = CARTESIAN_POINT ( 'NONE',  ( -9.320000000000002061, 0.6699999999999995959, 0.8750000000000000000 ) ) ;
#404 = AXIS2_PLACEMENT_3D ( 'NONE', #3012, #5788, #2542 ) ;
#405 = ORIENTED_EDGE ( 'NONE', *, *, #8649, .F. ) ;
#406 = ORIENTED_EDGE ( 'NONE', *, *, #4289, .F. ) ;
#407 = DIRECTION ( 'NONE',  ( 0.000000000000000000, 0.000000000000000000, -1.000000000000000000 ) ) ;
#408 = CARTESIAN_POINT ( 'NONE',  ( 3.319999999999998508, 2.513829809426999518, 0.2700000000000000178 ) ) ;
#409 = LINE ( 'NONE', #8901, #3340 ) ;
#410 = DIRECTION ( 'NONE',  ( 0.000000000000000000, -1.000000000000000000, 0.000000000000000000 ) ) ;
#411 = VECTOR ( 'NONE', #7733, 1000.000000000000000 ) ;
#412 = VECTOR ( 'NONE', #8859, 1000.000000000000000 ) ;
#413 = EDGE_CURVE ( 'NONE', #2305, #164, #823, .T. ) ;
#414 = CARTESIAN_POINT ( 'NONE',  ( -8.680000000000001492, -3.180000000000000604, 0.3200000000000000067 ) ) ;
#415 = AXIS2_PLACEMENT_3D ( 'NONE', #2967, #2790, #7790 ) ;
#416 = VECTOR ( 'NONE', #6873, 1000.000000000000000 ) ;
#417 = CARTESIAN_POINT ( 'NONE',  ( 3.319999999999998508, 3.299999999999999378, -1.930000000000000160 ) ) ;
#418 = ORIENTED_EDGE ( 'NONE', *, *, #6531, .F. ) ;
#419 = LINE ( 'NONE', #7508, #2059 ) ;
#420 = CARTESIAN_POINT ( 'NONE',  ( -5.680000000000001492, -8.673617379884035472E-16, 1.680000000000000160 ) ) ;
#421 = CARTESIAN_POINT ( 'NONE',  ( -13.93500000000000050, 0.6699999999999995959, -0.8750000000000000000 ) ) ;
#422 = DIRECTION ( 'NONE',  ( 0.000000000000000000, -1.000000000000000000, 0.000000000000000000 ) ) ;
#423 = VECTOR ( 'NONE', #8906, 1000.000000000000000 ) ;
#424 = VECTOR ( 'NONE', #5848, 1000.000000000000000 ) ;
#425 = DIRECTION ( 'NONE',  ( 0.000000000000000000, 0.000000000000000000, -1.000000000000000000 ) ) ;
#426 = ADVANCED_FACE ( 'NONE', ( #693 ), #2173, .F. ) ;
#427 = LINE ( 'NONE', #6089, #7364 ) ;
#428 = EDGE_CURVE ( 'NONE', #4249, #2210, #7099, .T. ) ;
#429 = VERTEX_POINT ( 'NONE', #7834 ) ;
#430 = DIRECTION ( 'NONE',  ( 0.000000000000000000, -1.000000000000000000, 0.000000000000000000 ) ) ;
#431 = CARTESIAN_POINT ( 'NONE',  ( 1.934999999999997389, 0.6699999999999995959, -1.270000000000000018 ) ) ;
#432 = EDGE_CURVE ( 'NONE', #5223, #4412, #3576, .T. ) ;
#433 = VERTEX_POINT ( 'NONE', #7705 ) ;
#434 = CARTESIAN_POINT ( 'NONE',  ( -9.320000000000002061, 1.349999999999999645, -1.930000000000000160 ) ) ;
#435 = ORIENTED_EDGE ( 'NONE', *, *, #5162, .T. ) ;
#436 = AXIS2_PLACEMENT_3D ( 'NONE', #4799, #2767, #7583 ) ;
#437 = VERTEX_POINT ( 'NONE', #6401 ) ;
#438 = CARTESIAN_POINT ( 'NONE',  ( -7.750000000000001776, 3.299999999999999378, -1.250000000000000000 ) ) ;
#439 = VECTOR ( 'NONE', #2494, 1000.000000000000000 ) ;
#440 = CARTESIAN_POINT ( 'NONE',  ( -7.750000000000001776, 9.899999999999998579, 1.250000000000000000 ) ) ;
#441 = EDGE_CURVE ( 'NONE', #4678, #4753, #5737, .T. ) ;
#442 = EDGE_CURVE ( 'NONE', #2623, #8037, #8099, .T. ) ;
#443 = DIRECTION ( 'NONE',  ( -0.9486832980505238710, 0.3162277660168079652, 0.000000000000000000 ) ) ;
#444 = DIRECTION ( 'NONE',  ( 0.000000000000000000, 0.000000000000000000, -1.000000000000000000 ) ) ;
#445 = ORIENTED_EDGE ( 'NONE', *, *, #5204, .T. ) ;
#446 = DIRECTION ( 'NONE',  ( 0.000000000000000000, 0.000000000000000000, 1.000000000000000000 ) ) ;
#447 = AXIS2_PLACEMENT_3D ( 'NONE', #1689, #2487, #6806 ) ;
#448 = ORIENTED_EDGE ( 'NONE', *, *, #3126, .T. ) ;
#449 = CARTESIAN_POINT ( 'NONE',  ( -3.320000000000001616, 1.269999999999999352, 0.8750000000000000000 ) ) ;
#450 = VERTEX_POINT ( 'NONE', #6668 ) ;
#451 = ORIENTED_EDGE ( 'NONE', *, *, #4483, .F. ) ;
#452 = LINE ( 'NONE', #627, #881 ) ;
#453 = DIRECTION ( 'NONE',  ( 0.000000000000000000, -1.000000000000000000, 0.000000000000000000 ) ) ;
#454 = LINE ( 'NONE', #4933, #2178 ) ;
#455 = DIRECTION ( 'NONE',  ( -0.000000000000000000, 1.000000000000000000, 0.000000000000000000 ) ) ;
#456 = ADVANCED_FACE ( 'NONE', ( #876 ), #1748, .T. ) ;
#457 = CARTESIAN_POINT ( 'NONE',  ( 3.319999999999998508, 3.299999999999999378, -1.930000000000000160 ) ) ;
#458 = VERTEX_POINT ( 'NONE', #176 ) ;
#459 = ORIENTED_EDGE ( 'NONE', *, *, #3626, .T. ) ;
#460 = CARTESIAN_POINT ( 'NONE',  ( -2.680000000000001936, -8.673617379884035472E-16, -1.270000000000000018 ) ) ;
#461 = DIRECTION ( 'NONE',  ( 0.000000000000000000, 0.000000000000000000, -1.000000000000000000 ) ) ;
#462 = LINE ( 'NONE', #8364, #4964 ) ;
#463 = CARTESIAN_POINT ( 'NONE',  ( 3.019999999999998241, -1.400000000000000133, 2.169999999999999929 ) ) ;
#464 = ADVANCED_FACE ( 'NONE', ( #3008 ), #220, .T. ) ;
#465 = CARTESIAN_POINT ( 'NONE',  ( -3.320000000000001616, -2.580000000000000515, -0.3200000000000000067 ) ) ;
#466 = VERTEX_POINT ( 'NONE', #8798 ) ;
#467 = FACE_OUTER_BOUND ( 'NONE', #6463, .T. ) ;
#468 = DIRECTION ( 'NONE',  ( -1.000000000000000000, 0.000000000000000000, 0.000000000000000000 ) ) ;
#469 = DIRECTION ( 'NONE',  ( 0.000000000000000000, -1.000000000000000000, 0.000000000000000000 ) ) ;
#470 = DIRECTION ( 'NONE',  ( 0.000000000000000000, -1.000000000000000000, 0.000000000000000000 ) ) ;
#471 = EDGE_CURVE ( 'NONE', #3216, #1190, #2442, .T. ) ;
#472 = EDGE_CURVE ( 'NONE', #5392, #6661, #4581, .T. ) ;
#473 = CARTESIAN_POINT ( 'NONE',  ( 0.3199999999999982303, 0.6999999999999992895, -0.3200000000000000067 ) ) ;
#474 = PLANE ( 'NONE',  #3661 ) ;
#475 = ORIENTED_EDGE ( 'NONE', *, *, #3163, .F. ) ;
#476 = CARTESIAN_POINT ( 'NONE',  ( -5.680000000000001492, 0.6999999999999992895, 0.8750000000000000000 ) ) ;
#477 = CARTESIAN_POINT ( 'NONE',  ( 2.384999999999998010, -8.673617379884035472E-16, 2.469999999999999751 ) ) ;
#478 = EDGE_LOOP ( 'NONE', ( #8327, #1629, #1833, #2068 ) ) ;
#479 = DIRECTION ( 'NONE',  ( 0.000000000000000000, -1.000000000000000000, 0.000000000000000000 ) ) ;
#480 = PLANE ( 'NONE',  #2433 ) ;
#481 = ORIENTED_EDGE ( 'NONE', *, *, #6927, .F. ) ;
#482 = ORIENTED_EDGE ( 'NONE', *, *, #3598, .F. ) ;
#483 = ADVANCED_BREP_SHAPE_REPRESENTATION ( '436500529', ( #5698, #5531, #1556 ), #6446 ) ;
#484 = CARTESIAN_POINT ( 'NONE',  ( 3.319999999999998508, 2.513829809426999518, 0.2700000000000000178 ) ) ;
#485 = VECTOR ( 'NONE', #8076, 1000.000000000000000 ) ;
#486 = ORIENTED_EDGE ( 'NONE', *, *, #5709, .F. ) ;
#487 = PLANE ( 'NONE',  #8989 ) ;
#488 = CARTESIAN_POINT ( 'NONE',  ( -1.750000000000001554, 3.299999999999999378, 1.250000000000000000 ) ) ;
#489 = VERTEX_POINT ( 'NONE', #3052 ) ;
#490 = CARTESIAN_POINT ( 'NONE',  ( -12.12000000000000277, -3.180000000000000604, -0.1200000000000000094 ) ) ;
#491 = VERTEX_POINT ( 'NONE', #7918 ) ;
#492 = DIRECTION ( 'NONE',  ( 0.000000000000000000, -1.000000000000000000, 0.000000000000000000 ) ) ;
#493 = EDGE_CURVE ( 'NONE', #1644, #2166, #3843, .T. ) ;
#494 = VERTEX_POINT ( 'NONE', #2399 ) ;
#495 = ORIENTED_EDGE ( 'NONE', *, *, #514, .T. ) ;
#496 = EDGE_CURVE ( 'NONE', #799, #429, #7361, .T. ) ;
#497 = CARTESIAN_POINT ( 'NONE',  ( 2.384999999999998010, 0.6699999999999995959, -1.270000000000000018 ) ) ;
#498 = CARTESIAN_POINT ( 'NONE',  ( 3.319999999999998508, -1.150000000000000799, 2.469999999999999751 ) ) ;
#499 = DIRECTION ( 'NONE',  ( 1.000000000000000000, 0.000000000000000000, 0.000000000000000000 ) ) ;
#500 = FACE_OUTER_BOUND ( 'NONE', #6673, .T. ) ;
#501 = ORIENTED_EDGE ( 'NONE', *, *, #1592, .T. ) ;
#502 = ORIENTED_EDGE ( 'NONE', *, *, #1291, .T. ) ;
#503 = CARTESIAN_POINT ( 'NONE',  ( -11.68000000000000327, 3.299999999999999378, 0.3200000000000000067 ) ) ;
#504 = FACE_OUTER_BOUND ( 'NONE', #77, .T. ) ;
#505 = DIRECTION ( 'NONE',  ( 0.000000000000000000, 0.000000000000000000, 1.000000000000000000 ) ) ;
#506 = EDGE_CURVE ( 'NONE', #4623, #5911, #5875, .T. ) ;
#507 = VERTEX_POINT ( 'NONE', #6573 ) ;
#508 = LINE ( 'NONE', #3342, #5275 ) ;
#509 = ORIENTED_EDGE ( 'NONE', *, *, #7458, .F. ) ;
#510 = DIRECTION ( 'NONE',  ( 0.000000000000000000, 0.000000000000000000, 1.000000000000000000 ) ) ;
#511 = DIRECTION ( 'NONE',  ( 0.000000000000000000, 0.000000000000000000, -1.000000000000000000 ) ) ;
#512 = PLANE ( 'NONE',  #814 ) ;
#513 = CARTESIAN_POINT ( 'NONE',  ( -2.680000000000001936, 0.6699999999999995959, -1.270000000000000018 ) ) ;
#514 = EDGE_CURVE ( 'NONE', #6059, #1023, #5967, .T. ) ;
#515 = VECTOR ( 'NONE', #8672, 1000.000000000000000 ) ;
#516 = DIRECTION ( 'NONE',  ( 1.000000000000000000, 0.000000000000000000, 0.000000000000000000 ) ) ;
#517 = CARTESIAN_POINT ( 'NONE',  ( 0.3199999999999982303, 4.949999999999999289, 0.000000000000000000 ) ) ;
#518 = VECTOR ( 'NONE', #2549, 1000.000000000000000 ) ;
#519 = ORIENTED_EDGE ( 'NONE', *, *, #5353, .T. ) ;
#520 = DIRECTION ( 'NONE',  ( 0.000000000000000000, -1.000000000000000000, 0.000000000000000000 ) ) ;
#521 = ORIENTED_EDGE ( 'NONE', *, *, #2565, .F. ) ;
#522 = EDGE_CURVE ( 'NONE', #4437, #4091, #7270, .T. ) ;
#523 = CARTESIAN_POINT ( 'NONE',  ( 0.3199999999999982303, 1.349999999999999645, -1.930000000000000160 ) ) ;
#524 = LINE ( 'NONE', #2658, #6585 ) ;
#525 = VERTEX_POINT ( 'NONE', #2308 ) ;
#526 = EDGE_LOOP ( 'NONE', ( #1284, #5123, #395, #1212 ) ) ;
#527 = DIRECTION ( 'NONE',  ( 1.000000000000000000, 0.000000000000000000, 0.000000000000000000 ) ) ;
#528 = FACE_OUTER_BOUND ( 'NONE', #2079, .T. ) ;
#529 = ORIENTED_EDGE ( 'NONE', *, *, #2392, .F. ) ;
#530 = DIRECTION ( 'NONE',  ( 1.000000000000000000, 0.000000000000000000, 0.000000000000000000 ) ) ;
#531 = ORIENTED_EDGE ( 'NONE', *, *, #8481, .T. ) ;
#532 = ORIENTED_EDGE ( 'NONE', *, *, #5644, .T. ) ;
#533 = ORIENTED_EDGE ( 'NONE', *, *, #1727, .F. ) ;
#534 = CARTESIAN_POINT ( 'NONE',  ( 0.3199999999999982303, 6.899999999999999467, -0.3200000000000000067 ) ) ;
#535 = CARTESIAN_POINT ( 'NONE',  ( -6.320000000000002061, 1.349999999999999645, 1.680000000000000160 ) ) ;
#536 = EDGE_CURVE ( 'NONE', #6389, #2380, #3101, .T. ) ;
#537 = DIRECTION ( 'NONE',  ( 0.000000000000000000, 0.3162277660168079652, -0.9486832980505238710 ) ) ;
#538 = VERTEX_POINT ( 'NONE', #5226 ) ;
#539 = VERTEX_POINT ( 'NONE', #8845 ) ;
#540 = ADVANCED_FACE ( 'NONE', ( #1615 ), #5092, .F. ) ;
#541 = EDGE_LOOP ( 'NONE', ( #8892, #8379, #6211, #3380 ) ) ;
#542 = CARTESIAN_POINT ( 'NONE',  ( -5.680000000000001492, 0.6699999999999995959, -1.270000000000000018 ) ) ;
#543 = EDGE_CURVE ( 'NONE', #3731, #4793, #5184, .T. ) ;
#544 = FACE_OUTER_BOUND ( 'NONE', #3601, .T. ) ;
#545 = AXIS2_PLACEMENT_3D ( 'NONE', #6814, #1696, #6948 ) ;
#546 = AXIS2_PLACEMENT_3D ( 'NONE', #5278, #8623, #5098 ) ;
#547 = EDGE_LOOP ( 'NONE', ( #2212, #390, #1652, #3049 ) ) ;
#548 = ORIENTED_EDGE ( 'NONE', *, *, #5474, .F. ) ;
#549 = LINE ( 'NONE', #7594, #2262 ) ;
#550 = VECTOR ( 'NONE', #4292, 1000.000000000000000 ) ;
#551 = ORIENTED_EDGE ( 'NONE', *, *, #5510, .T. ) ;
#552 = ADVANCED_FACE ( 'NONE', ( #8011 ), #8052, .F. ) ;
#553 = DIRECTION ( 'NONE',  ( 0.000000000000000000, -1.000000000000000000, 0.000000000000000000 ) ) ;
#554 = ORIENTED_EDGE ( 'NONE', *, *, #5396, .T. ) ;
#555 = FACE_OUTER_BOUND ( 'NONE', #4786, .T. ) ;
#556 = VECTOR ( 'NONE', #1544, 1000.000000000000000 ) ;
#557 = CARTESIAN_POINT ( 'NONE',  ( 3.269999999999998685, 1.449999999999999512, -0.04250000000000000305 ) ) ;
#558 = DIRECTION ( 'NONE',  ( 0.000000000000000000, 0.000000000000000000, -1.000000000000000000 ) ) ;
#559 = AXIS2_PLACEMENT_3D ( 'NONE', #3623, #1491, #7928 ) ;
#560 = AXIS2_PLACEMENT_3D ( 'NONE', #6683, #8589, #7247 ) ;
#561 = DIRECTION ( 'NONE',  ( 0.000000000000000000, -1.000000000000000000, 0.000000000000000000 ) ) ;
#562 = DIRECTION ( 'NONE',  ( -0.3015113445777909407, -0.9045340337332726799, -0.3015113445777909407 ) ) ;
#563 = AXIS2_PLACEMENT_3D ( 'NONE', #1271, #4749, #7616 ) ;
#564 = CARTESIAN_POINT ( 'NONE',  ( -13.25000000000000178, 9.899999999999998579, 0.5500000000000000444 ) ) ;
#565 = VERTEX_POINT ( 'NONE', #7312 ) ;
#566 = DIRECTION ( 'NONE',  ( 0.000000000000000000, -1.000000000000000000, 0.000000000000000000 ) ) ;
#567 = VERTEX_POINT ( 'NONE', #961 ) ;
#568 = PLANE ( 'NONE',  #9025 ) ;
#569 = CARTESIAN_POINT ( 'NONE',  ( -8.680000000000001492, -8.673617379884035472E-16, 1.680000000000000160 ) ) ;
#570 = ORIENTED_EDGE ( 'NONE', *, *, #2871, .F. ) ;
#571 = ORIENTED_EDGE ( 'NONE', *, *, #3324, .F. ) ;
#572 = VECTOR ( 'NONE', #7934, 1000.000000000000000 ) ;
#573 = DIRECTION ( 'NONE',  ( 0.000000000000000000, 0.000000000000000000, 1.000000000000000000 ) ) ;
#574 = VECTOR ( 'NONE', #2924, 1000.000000000000000 ) ;
#575 = DIRECTION ( 'NONE',  ( 0.000000000000000000, 1.000000000000000000, 0.000000000000000000 ) ) ;
#576 = ORIENTED_EDGE ( 'NONE', *, *, #4417, .T. ) ;
#577 = FACE_OUTER_BOUND ( 'NONE', #8173, .T. ) ;
#578 = EDGE_LOOP ( 'NONE', ( #3090, #3914, #9049, #6946 ) ) ;
#579 = EDGE_CURVE ( 'NONE', #1716, #1204, #3791, .T. ) ;
#580 = VERTEX_POINT ( 'NONE', #5372 ) ;
#581 = VECTOR ( 'NONE', #4171, 1000.000000000000000 ) ;
#582 = ORIENTED_EDGE ( 'NONE', *, *, #1505, .T. ) ;
#583 = LINE ( 'NONE', #3326, #3701 ) ;
#584 = FACE_OUTER_BOUND ( 'NONE', #1081, .T. ) ;
#585 = VECTOR ( 'NONE', #1098, 1000.000000000000114 ) ;
#586 = EDGE_CURVE ( 'NONE', #4111, #6042, #6291, .T. ) ;
#587 = VECTOR ( 'NONE', #4157, 1000.000000000000000 ) ;
#588 = DIRECTION ( 'NONE',  ( 0.000000000000000000, 0.000000000000000000, 1.000000000000000000 ) ) ;
#589 = EDGE_LOOP ( 'NONE', ( #2669, #1983, #1243, #4605 ) ) ;
#590 = ORIENTED_EDGE ( 'NONE', *, *, #6956, .F. ) ;
#591 = ORIENTED_EDGE ( 'NONE', *, *, #7638, .T. ) ;
#592 = DIRECTION ( 'NONE',  ( 0.000000000000000000, -1.000000000000000000, 0.000000000000000000 ) ) ;
#593 = LINE ( 'NONE', #6899, #4507 ) ;
#594 = ORIENTED_EDGE ( 'NONE', *, *, #7196, .F. ) ;
#595 = VERTEX_POINT ( 'NONE', #3245 ) ;
#596 = EDGE_CURVE ( 'NONE', #264, #3321, #7078, .T. ) ;
#597 = LINE ( 'NONE', #3337, #4777 ) ;
#598 = VERTEX_POINT ( 'NONE', #3981 ) ;
#599 = DIRECTION ( 'NONE',  ( 0.000000000000000000, 0.000000000000000000, 1.000000000000000000 ) ) ;
#600 = LINE ( 'NONE', #5556, #8101 ) ;
#601 = LINE ( 'NONE', #557, #131 ) ;
#602 = CARTESIAN_POINT ( 'NONE',  ( -6.120000000000001883, 7.500000000000000000, 0.1200000000000000094 ) ) ;
#603 = EDGE_CURVE ( 'NONE', #525, #26, #7454, .T. ) ;
#604 = DIRECTION ( 'NONE',  ( 1.000000000000000000, 0.000000000000000000, 0.000000000000000000 ) ) ;
#605 = ADVANCED_FACE ( 'NONE', ( #8468 ), #3559, .F. ) ;
#606 = VECTOR ( 'NONE', #7651, 1000.000000000000000 ) ;
#607 = LINE ( 'NONE', #1951, #2236 ) ;
#608 = EDGE_CURVE ( 'NONE', #8610, #5597, #1104, .T. ) ;
#609 = CARTESIAN_POINT ( 'NONE',  ( -9.320000000000002061, -8.673617379884035472E-16, 1.270000000000000018 ) ) ;
#610 = ORIENTED_EDGE ( 'NONE', *, *, #6087, .F. ) ;
#611 = LINE ( 'NONE', #3584, #3237 ) ;
#612 = ORIENTED_EDGE ( 'NONE', *, *, #7013, .T. ) ;
#613 = CARTESIAN_POINT ( 'NONE',  ( -3.220000000000001972, -2.880000000000000782, 0.000000000000000000 ) ) ;
#614 = LINE ( 'NONE', #3453, #804 ) ;
#615 = VERTEX_POINT ( 'NONE', #6120 ) ;
#616 = ORIENTED_EDGE ( 'NONE', *, *, #5130, .F. ) ;
#617 = LINE ( 'NONE', #3285, #5324 ) ;
#618 = DIRECTION ( 'NONE',  ( 1.000000000000000000, 0.000000000000000000, 0.000000000000000000 ) ) ;
#619 = CARTESIAN_POINT ( 'NONE',  ( -3.320000000000001616, 3.299999999999999378, -0.3200000000000000067 ) ) ;
#620 = ORIENTED_EDGE ( 'NONE', *, *, #5998, .F. ) ;
#621 = PLANE ( 'NONE',  #3953 ) ;
#622 = VERTEX_POINT ( 'NONE', #2817 ) ;
#623 = EDGE_LOOP ( 'NONE', ( #1682, #6902, #2261, #8535, #7184 ) ) ;
#624 = FACE_OUTER_BOUND ( 'NONE', #6323, .T. ) ;
#625 = ORIENTED_EDGE ( 'NONE', *, *, #2640, .T. ) ;
#626 = VECTOR ( 'NONE', #8663, 1000.000000000000000 ) ;
#627 = CARTESIAN_POINT ( 'NONE',  ( 2.384999999999998010, 0.6699999999999995959, 1.270000000000000018 ) ) ;
#628 = VECTOR ( 'NONE', #746, 1000.000000000000000 ) ;
#629 = DIRECTION ( 'NONE',  ( 1.000000000000000000, 0.000000000000000000, 0.000000000000000000 ) ) ;
#630 = CARTESIAN_POINT ( 'NONE',  ( 0.3199999999999982303, -2.580000000000000515, -0.3200000000000000067 ) ) ;
#631 = EDGE_CURVE ( 'NONE', #1018, #1286, #462, .T. ) ;
#632 = AXIS2_PLACEMENT_3D ( 'NONE', #4768, #3385, #3527 ) ;
#633 = DIRECTION ( 'NONE',  ( 0.000000000000000000, -0.7659742160925780974, 0.6428712937138820749 ) ) ;
#634 = ORIENTED_EDGE ( 'NONE', *, *, #8608, .T. ) ;
#635 = ORIENTED_EDGE ( 'NONE', *, *, #7095, .F. ) ;
#636 = ORIENTED_EDGE ( 'NONE', *, *, #4355, .F. ) ;
#637 = DIRECTION ( 'NONE',  ( 1.000000000000000000, 0.000000000000000000, 0.000000000000000000 ) ) ;
#638 = DIRECTION ( 'NONE',  ( 1.000000000000000000, 0.000000000000000000, 0.000000000000000000 ) ) ;
#639 = EDGE_CURVE ( 'NONE', #538, #5633, #3292, .T. ) ;
#640 = ORIENTED_EDGE ( 'NONE', *, *, #3002, .T. ) ;
#641 = EDGE_CURVE ( 'NONE', #7172, #3518, #5586, .T. ) ;
#642 = VERTEX_POINT ( 'NONE', #722 ) ;
#643 = CARTESIAN_POINT ( 'NONE',  ( -6.320000000000002061, 1.349999999999999645, -1.050000000000000044 ) ) ;
#644 = ORIENTED_EDGE ( 'NONE', *, *, #7273, .T. ) ;
#645 = LINE ( 'NONE', #2904, #7349 ) ;
#646 = LINE ( 'NONE', #477, #737 ) ;
#647 = LINE ( 'NONE', #1481, #6023 ) ;
#648 = CARTESIAN_POINT ( 'NONE',  ( -12.32000000000000028, 3.299999999999999378, -0.3200000000000000067 ) ) ;
#649 = DIRECTION ( 'NONE',  ( -0.3015113445777909407, -0.9045340337332726799, 0.3015113445777909407 ) ) ;
#650 = DIRECTION ( 'NONE',  ( 0.000000000000000000, 0.000000000000000000, -1.000000000000000000 ) ) ;
#651 = LINE ( 'NONE', #7102, #272 ) ;
#652 = CARTESIAN_POINT ( 'NONE',  ( 3.319999999999998508, 0.6699999999999995959, -0.8750000000000000000 ) ) ;
#653 = EDGE_CURVE ( 'NONE', #1381, #8976, #2716, .T. ) ;
#654 = FACE_OUTER_BOUND ( 'NONE', #102, .T. ) ;
#655 = CARTESIAN_POINT ( 'NONE',  ( -13.93500000000000050, 1.269999999999999352, -0.8750000000000000000 ) ) ;
#656 = ORIENTED_EDGE ( 'NONE', *, *, #4830, .F. ) ;
#657 = DIRECTION ( 'NONE',  ( 0.000000000000000000, 0.000000000000000000, 1.000000000000000000 ) ) ;
#658 = EDGE_CURVE ( 'NONE', #450, #7813, #2070, .T. ) ;
#659 = ORIENTED_EDGE ( 'NONE', *, *, #2361, .T. ) ;
#660 = DIRECTION ( 'NONE',  ( 1.000000000000000000, 0.000000000000000000, 0.000000000000000000 ) ) ;
#661 = PLANE ( 'NONE',  #7617 ) ;
#662 = EDGE_CURVE ( 'NONE', #3232, #3134, #409, .T. ) ;
#663 = EDGE_LOOP ( 'NONE', ( #3319, #6181, #7540, #4611 ) ) ;
#664 = ORIENTED_EDGE ( 'NONE', *, *, #2777, .T. ) ;
#665 = DIRECTION ( 'NONE',  ( 0.000000000000000000, 0.000000000000000000, 1.000000000000000000 ) ) ;
#666 = VECTOR ( 'NONE', #1800, 1000.000000000000000 ) ;
#667 = PLANE ( 'NONE',  #3651 ) ;
#668 = CARTESIAN_POINT ( 'NONE',  ( -8.680000000000001492, 0.6699999999999995959, 0.8750000000000000000 ) ) ;
#669 = VECTOR ( 'NONE', #7252, 1000.000000000000000 ) ;
#670 = VECTOR ( 'NONE', #7674, 1000.000000000000000 ) ;
#671 = CARTESIAN_POINT ( 'NONE',  ( 2.384999999999998010, -8.673617379884035472E-16, -1.930000000000000160 ) ) ;
#672 = ORIENTED_EDGE ( 'NONE', *, *, #1825, .T. ) ;
#673 = ORIENTED_EDGE ( 'NONE', *, *, #8509, .T. ) ;
#674 = CARTESIAN_POINT ( 'NONE',  ( -8.680000000000001492, 0.6699999999999995959, -0.8750000000000000000 ) ) ;
#675 = LINE ( 'NONE', #9162, #282 ) ;
#676 = PLANE ( 'NONE',  #1323 ) ;
#677 = VECTOR ( 'NONE', #971, 1000.000000000000000 ) ;
#678 =( NAMED_UNIT ( * ) SI_UNIT ( $, .STERADIAN. ) SOLID_ANGLE_UNIT ( ) );
#679 = CARTESIAN_POINT ( 'NONE',  ( -5.680000000000001492, 0.6999999999999992895, 0.3200000000000000067 ) ) ;
#680 = EDGE_LOOP ( 'NONE', ( #907, #2190, #2396, #5057 ) ) ;
#681 = EDGE_LOOP ( 'NONE', ( #5044, #7787, #3519, #6998 ) ) ;
#682 = VERTEX_POINT ( 'NONE', #2497 ) ;
#683 = DIRECTION ( 'NONE',  ( 0.000000000000000000, 0.000000000000000000, 1.000000000000000000 ) ) ;
#684 = ORIENTED_EDGE ( 'NONE', *, *, #392, .T. ) ;
#685 = ORIENTED_EDGE ( 'NONE', *, *, #3045, .F. ) ;
#686 = DIRECTION ( 'NONE',  ( 0.000000000000000000, 0.000000000000000000, 1.000000000000000000 ) ) ;
#687 = VECTOR ( 'NONE', #1142, 1000.000000000000000 ) ;
#688 = VECTOR ( 'NONE', #5079, 1000.000000000000000 ) ;
#689 = ORIENTED_EDGE ( 'NONE', *, *, #4112, .F. ) ;
#690 = DIRECTION ( 'NONE',  ( 0.000000000000000000, 0.000000000000000000, 1.000000000000000000 ) ) ;
#691 = DIRECTION ( 'NONE',  ( 0.000000000000000000, 0.000000000000000000, -1.000000000000000000 ) ) ;
#692 = EDGE_CURVE ( 'NONE', #4883, #7331, #3466, .T. ) ;
#693 = FACE_OUTER_BOUND ( 'NONE', #9064, .T. ) ;
#694 = LINE ( 'NONE', #1837, #3783 ) ;
#695 = CARTESIAN_POINT ( 'NONE',  ( -14.38500000000000156, 1.849999999999999645, 2.469999999999999751 ) ) ;
#696 = DIRECTION ( 'NONE',  ( -0.000000000000000000, -0.7682212795973758501, -0.6401843996644798196 ) ) ;
#697 = VECTOR ( 'NONE', #1496, 1000.000000000000000 ) ;
#698 = VECTOR ( 'NONE', #7895, 1000.000000000000114 ) ;
#699 = DIRECTION ( 'NONE',  ( 0.000000000000000000, -1.000000000000000000, 0.000000000000000000 ) ) ;
#700 = VECTOR ( 'NONE', #53, 1000.000000000000000 ) ;
#701 = CARTESIAN_POINT ( 'NONE',  ( -6.320000000000002061, -8.673617379884035472E-16, -1.930000000000000160 ) ) ;
#702 = AXIS2_PLACEMENT_3D ( 'NONE', #7225, #3790, #1565 ) ;
#703 = DIRECTION ( 'NONE',  ( 0.000000000000000000, 1.000000000000000000, 0.000000000000000000 ) ) ;
#704 = VERTEX_POINT ( 'NONE', #2547 ) ;
#705 = DIRECTION ( 'NONE',  ( 0.000000000000000000, 0.000000000000000000, -1.000000000000000000 ) ) ;
#706 = VECTOR ( 'NONE', #5458, 1000.000000000000000 ) ;
#707 = LINE ( 'NONE', #791, #107 ) ;
#708 = FACE_OUTER_BOUND ( 'NONE', #5494, .T. ) ;
#709 = ORIENTED_EDGE ( 'NONE', *, *, #2705, .T. ) ;
#710 = ADVANCED_FACE ( 'NONE', ( #7729 ), #5325, .F. ) ;
#711 = VECTOR ( 'NONE', #2813, 1000.000000000000000 ) ;
#712 = CARTESIAN_POINT ( 'NONE',  ( 1.919999999999998153, 8.500000000000000000, -1.250000000000000000 ) ) ;
#713 = EDGE_CURVE ( 'NONE', #3920, #6485, #1330, .T. ) ;
#714 = ADVANCED_FACE ( 'NONE', ( #624 ), #2763, .F. ) ;
#715 = EDGE_CURVE ( 'NONE', #3802, #1233, #1843, .T. ) ;
#716 = DIRECTION ( 'NONE',  ( 0.000000000000000000, 0.000000000000000000, 1.000000000000000000 ) ) ;
#717 = DIRECTION ( 'NONE',  ( 0.000000000000000000, -0.7682212795973758501, 0.6401843996644798196 ) ) ;
#718 = CARTESIAN_POINT ( 'NONE',  ( -11.68000000000000327, 1.349999999999999645, 1.649999999999999911 ) ) ;
#719 = ORIENTED_EDGE ( 'NONE', *, *, #8664, .F. ) ;
#720 = AXIS2_PLACEMENT_3D ( 'NONE', #2000, #6091, #1912 ) ;
#721 = ORIENTED_EDGE ( 'NONE', *, *, #1902, .T. ) ;
#722 = CARTESIAN_POINT ( 'NONE',  ( 2.384999999999998010, 0.6699999999999995959, -0.8750000000000000000 ) ) ;
#723 = EDGE_CURVE ( 'NONE', #2483, #2386, #9160, .T. ) ;
#724 = CARTESIAN_POINT ( 'NONE',  ( -5.680000000000001492, 3.299999999999999378, -0.3200000000000000067 ) ) ;
#725 = ADVANCED_FACE ( 'NONE', ( #4982 ), #2858, .F. ) ;
#726 = VECTOR ( 'NONE', #7107, 1000.000000000000000 ) ;
#727 = DIRECTION ( 'NONE',  ( 0.000000000000000000, 1.000000000000000000, 0.000000000000000000 ) ) ;
#728 = CARTESIAN_POINT ( 'NONE',  ( 0.3199999999999982303, -8.673617379884035472E-16, -1.930000000000000160 ) ) ;
#729 = VERTEX_POINT ( 'NONE', #4141 ) ;
#730 = ORIENTED_EDGE ( 'NONE', *, *, #3213, .F. ) ;
#731 = VERTEX_POINT ( 'NONE', #4695 ) ;
#732 = LINE ( 'NONE', #5546, #8077 ) ;
#733 = EDGE_LOOP ( 'NONE', ( #4640, #2833, #6569, #5177 ) ) ;
#734 = ORIENTED_EDGE ( 'NONE', *, *, #2700, .T. ) ;
#735 = VECTOR ( 'NONE', #1003, 1000.000000000000000 ) ;
#736 = CARTESIAN_POINT ( 'NONE',  ( -5.680000000000001492, 0.6999999999999992895, 1.649999999999999911 ) ) ;
#737 = VECTOR ( 'NONE', #4001, 1000.000000000000000 ) ;
#738 = EDGE_CURVE ( 'NONE', #3766, #6479, #6834, .T. ) ;
#739 = ORIENTED_EDGE ( 'NONE', *, *, #2361, .F. ) ;
#740 = LINE ( 'NONE', #38, #4575 ) ;
#741 = CARTESIAN_POINT ( 'NONE',  ( -11.68000000000000327, -2.580000000000000515, -0.3200000000000000067 ) ) ;
#742 = DIRECTION ( 'NONE',  ( 0.000000000000000000, 0.000000000000000000, -1.000000000000000000 ) ) ;
#743 = LINE ( 'NONE', #6363, #7180 ) ;
#744 = CARTESIAN_POINT ( 'NONE',  ( -11.68000000000000327, 0.6699999999999995959, -1.270000000000000018 ) ) ;
#745 = CARTESIAN_POINT ( 'NONE',  ( -0.3200000000000017275, 6.899999999999999467, 0.3200000000000000067 ) ) ;
#746 = DIRECTION ( 'NONE',  ( 0.000000000000000000, -1.000000000000000000, 0.000000000000000000 ) ) ;
#747 = ADVANCED_FACE ( 'NONE', ( #8958 ), #568, .F. ) ;
#748 = PLANE ( 'NONE',  #4109 ) ;
#749 = DIRECTION ( 'NONE',  ( 0.000000000000000000, 0.000000000000000000, 1.000000000000000000 ) ) ;
#750 = EDGE_LOOP ( 'NONE', ( #5928, #31, #2998, #5505, #5191, #6473, #4166, #5685 ) ) ;
#751 = DIRECTION ( 'NONE',  ( -0.000000000000000000, 1.000000000000000000, 0.000000000000000000 ) ) ;
#752 = DIRECTION ( 'NONE',  ( 0.000000000000000000, 1.000000000000000000, 0.000000000000000000 ) ) ;
#753 = CARTESIAN_POINT ( 'NONE',  ( -9.320000000000002061, -2.580000000000000515, -0.3200000000000000067 ) ) ;
#754 = ORIENTED_EDGE ( 'NONE', *, *, #796, .F. ) ;
#755 = EDGE_CURVE ( 'NONE', #8723, #2942, #7525, .T. ) ;
#756 = VECTOR ( 'NONE', #5890, 1000.000000000000000 ) ;
#757 = ADVANCED_FACE ( 'NONE', ( #9009 ), #2657, .T. ) ;
#758 = CARTESIAN_POINT ( 'NONE',  ( -3.320000000000001616, 6.899999999999999467, -0.3200000000000000067 ) ) ;
#759 = DIRECTION ( 'NONE',  ( -0.6092076990801816860, 0.5076730825667846725, 0.6092076990801816860 ) ) ;
#760 = PLANE ( 'NONE',  #5880 ) ;
#761 = FACE_OUTER_BOUND ( 'NONE', #2531, .T. ) ;
#762 = ORIENTED_EDGE ( 'NONE', *, *, #200, .T. ) ;
#763 = VERTEX_POINT ( 'NONE', #7659 ) ;
#764 = FACE_OUTER_BOUND ( 'NONE', #310, .T. ) ;
#765 = CARTESIAN_POINT ( 'NONE',  ( 0.3199999999999982303, 0.6699999999999995959, -0.8750000000000000000 ) ) ;
#766 = CARTESIAN_POINT ( 'NONE',  ( -10.25000000000000178, 1.849999999999999645, 2.429999999999999716 ) ) ;
#767 = ORIENTED_EDGE ( 'NONE', *, *, #8240, .T. ) ;
#768 = VERTEX_POINT ( 'NONE', #8349 ) ;
#769 = EDGE_CURVE ( 'NONE', #2305, #6635, #3452, .T. ) ;
#770 = ORIENTED_EDGE ( 'NONE', *, *, #6996, .F. ) ;
#771 = DIRECTION ( 'NONE',  ( 0.000000000000000000, 0.000000000000000000, 1.000000000000000000 ) ) ;
#772 = VECTOR ( 'NONE', #6838, 1000.000000000000000 ) ;
#773 = EDGE_CURVE ( 'NONE', #3916, #8651, #4004, .T. ) ;
#774 = ORIENTED_EDGE ( 'NONE', *, *, #1159, .F. ) ;
#775 = ORIENTED_EDGE ( 'NONE', *, *, #7489, .F. ) ;
#776 = DIRECTION ( 'NONE',  ( 1.000000000000000000, 0.000000000000000000, 0.000000000000000000 ) ) ;
#777 = VECTOR ( 'NONE', #909, 1000.000000000000000 ) ;
#778 = EDGE_LOOP ( 'NONE', ( #991, #2747, #3558, #1454 ) ) ;
#779 = PLANE ( 'NONE',  #1919 ) ;
#780 = FACE_OUTER_BOUND ( 'NONE', #6150, .T. ) ;
#781 = CARTESIAN_POINT ( 'NONE',  ( 3.319999999999998508, -1.150000000000000799, 1.570000000000000062 ) ) ;
#782 = ADVANCED_FACE ( 'NONE', ( #1364 ), #1223, .T. ) ;
#783 = LINE ( 'NONE', #2918, #8026 ) ;
#784 = CARTESIAN_POINT ( 'NONE',  ( 0.3199999999999982303, 3.299999999999999378, -0.3200000000000000067 ) ) ;
#785 = LINE ( 'NONE', #3709, #4626 ) ;
#786 = CARTESIAN_POINT ( 'NONE',  ( -7.250000000000001776, 9.899999999999998579, -1.250000000000000000 ) ) ;
#787 = ADVANCED_FACE ( 'NONE', ( #3405 ), #7611, .T. ) ;
#788 = CARTESIAN_POINT ( 'NONE',  ( -11.78000000000000291, 7.200000000000000178, 0.000000000000000000 ) ) ;
#789 = ORIENTED_EDGE ( 'NONE', *, *, #1787, .F. ) ;
#790 = DIRECTION ( 'NONE',  ( 1.000000000000000000, 0.000000000000000000, 0.000000000000000000 ) ) ;
#791 = CARTESIAN_POINT ( 'NONE',  ( -8.680000000000001492, 6.899999999999999467, -0.3200000000000000067 ) ) ;
#792 = PLANE ( 'NONE',  #4963 ) ;
#793 = ORIENTED_EDGE ( 'NONE', *, *, #5645, .F. ) ;
#794 = PLANE ( 'NONE',  #7124 ) ;
#795 = FACE_OUTER_BOUND ( 'NONE', #733, .T. ) ;
#796 = EDGE_CURVE ( 'NONE', #2907, #9156, #1264, .T. ) ;
#797 = FACE_OUTER_BOUND ( 'NONE', #5366, .T. ) ;
#798 = DIRECTION ( 'NONE',  ( 0.000000000000000000, -1.000000000000000000, 0.000000000000000000 ) ) ;
#799 = VERTEX_POINT ( 'NONE', #1180 ) ;
#800 = LINE ( 'NONE', #2200, #254 ) ;
#801 = VERTEX_POINT ( 'NONE', #5570 ) ;
#802 = CARTESIAN_POINT ( 'NONE',  ( 3.319999999999998508, 2.301063802837999717, 0.2700000000000000178 ) ) ;
#803 = EDGE_CURVE ( 'NONE', #763, #2995, #8404, .T. ) ;
#804 = VECTOR ( 'NONE', #4696, 1000.000000000000000 ) ;
#805 = CARTESIAN_POINT ( 'NONE',  ( -15.32000000000000206, -1.150000000000000799, 2.469999999999999751 ) ) ;
#806 = LINE ( 'NONE', #679, #7366 ) ;
#807 = ORIENTED_EDGE ( 'NONE', *, *, #7891, .F. ) ;
#808 = VERTEX_POINT ( 'NONE', #3309 ) ;
#809 = CARTESIAN_POINT ( 'NONE',  ( -6.320000000000002061, 1.349999999999999645, -1.930000000000000160 ) ) ;
#810 = ORIENTED_EDGE ( 'NONE', *, *, #349, .T. ) ;
#811 = DIRECTION ( 'NONE',  ( 0.000000000000000000, 0.000000000000000000, 1.000000000000000000 ) ) ;
#812 = VERTEX_POINT ( 'NONE', #523 ) ;
#813 = ORIENTED_EDGE ( 'NONE', *, *, #1159, .T. ) ;
#814 = AXIS2_PLACEMENT_3D ( 'NONE', #7512, #9042, #1115 ) ;
#815 = CARTESIAN_POINT ( 'NONE',  ( -12.32000000000000028, 1.269999999999999352, 0.8750000000000000000 ) ) ;
#816 = EDGE_CURVE ( 'NONE', #4793, #3746, #9052, .T. ) ;
#817 = ADVANCED_FACE ( 'NONE', ( #4884 ), #4744, .T. ) ;
#818 = EDGE_CURVE ( 'NONE', #3508, #3153, #3498, .T. ) ;
#819 = EDGE_CURVE ( 'NONE', #731, #5146, #6182, .T. ) ;
#820 = VERTEX_POINT ( 'NONE', #5389 ) ;
#821 = CARTESIAN_POINT ( 'NONE',  ( -9.320000000000002061, 0.6699999999999995959, -0.8750000000000000000 ) ) ;
#822 = CARTESIAN_POINT ( 'NONE',  ( -8.680000000000001492, 1.269999999999999352, -0.8750000000000000000 ) ) ;
#823 = LINE ( 'NONE', #3615, #4301 ) ;
#824 = LINE ( 'NONE', #5826, #2859 ) ;
#825 = PLANE ( 'NONE',  #3985 ) ;
#827 = CARTESIAN_POINT ( 'NONE',  ( -3.320000000000001616, 1.349999999999999645, -1.930000000000000160 ) ) ;
#826 = VECTOR ( 'NONE', #6522, 1000.000000000000000 ) ;
#828 = VECTOR ( 'NONE', #5421, 1000.000000000000000 ) ;
#829 = ADVANCED_FACE ( 'NONE', ( #8213 ), #1865, .T. ) ;
#830 = LINE ( 'NONE', #87, #5141 ) ;
#831 = DIRECTION ( 'NONE',  ( 0.000000000000000000, 0.000000000000000000, 1.000000000000000000 ) ) ;
#832 = ORIENTED_EDGE ( 'NONE', *, *, #372, .F. ) ;
#833 = CARTESIAN_POINT ( 'NONE',  ( -12.32000000000000028, 0.6999999999999992895, 0.3200000000000000067 ) ) ;
#834 = ORIENTED_EDGE ( 'NONE', *, *, #7436, .F. ) ;
#835 = PLANE ( 'NONE',  #959 ) ;
#836 = EDGE_CURVE ( 'NONE', #9095, #4926, #9152, .T. ) ;
#837 = ORIENTED_EDGE ( 'NONE', *, *, #1699, .F. ) ;
#838 = AXIS2_PLACEMENT_3D ( 'NONE', #5719, #8508, #8552 ) ;
#839 = VECTOR ( 'NONE', #3415, 1000.000000000000000 ) ;
#840 = FACE_OUTER_BOUND ( 'NONE', #7258, .T. ) ;
#841 = VECTOR ( 'NONE', #1795, 1000.000000000000000 ) ;
#842 = ADVANCED_FACE ( 'NONE', ( #1836 ), #7544, .T. ) ;
#843 = VECTOR ( 'NONE', #355, 1000.000000000000000 ) ;
#844 = PLANE ( 'NONE',  #108 ) ;
#845 = CARTESIAN_POINT ( 'NONE',  ( -7.750000000000001776, 9.899999999999998579, 1.250000000000000000 ) ) ;
#846 = LINE ( 'NONE', #896, #7070 ) ;
#847 = ORIENTED_EDGE ( 'NONE', *, *, #289, .T. ) ;
#848 = DIRECTION ( 'NONE',  ( 1.000000000000000000, 0.000000000000000000, 0.000000000000000000 ) ) ;
#849 = ORIENTED_EDGE ( 'NONE', *, *, #3324, .T. ) ;
#850 = AXIS2_PLACEMENT_3D ( 'NONE', #3173, #1681, #5904 ) ;
#851 = AXIS2_PLACEMENT_3D ( 'NONE', #457, #9071, #4024 ) ;
#852 = DIRECTION ( 'NONE',  ( 1.000000000000000000, 0.000000000000000000, 0.000000000000000000 ) ) ;
#853 = VECTOR ( 'NONE', #2553, 1000.000000000000114 ) ;
#854 = EDGE_CURVE ( 'NONE', #1328, #494, #4022, .T. ) ;
#855 = DIRECTION ( 'NONE',  ( 1.000000000000000000, 0.000000000000000000, 0.000000000000000000 ) ) ;
#856 = EDGE_CURVE ( 'NONE', #5027, #3216, #5363, .T. ) ;
#857 = AXIS2_PLACEMENT_3D ( 'NONE', #8956, #7425, #5433 ) ;
#858 = DIRECTION ( 'NONE',  ( 0.000000000000000000, -1.000000000000000000, 0.000000000000000000 ) ) ;
#859 = ORIENTED_EDGE ( 'NONE', *, *, #5359, .T. ) ;
#860 = LINE ( 'NONE', #3692, #2913 ) ;
#861 = ORIENTED_EDGE ( 'NONE', *, *, #5166, .T. ) ;
#862 = LINE ( 'NONE', #5771, #2768 ) ;
#863 = ORIENTED_EDGE ( 'NONE', *, *, #442, .F. ) ;
#864 = ORIENTED_EDGE ( 'NONE', *, *, #3438, .T. ) ;
#865 = EDGE_CURVE ( 'NONE', #6389, #1531, #617, .T. ) ;
#866 = DIRECTION ( 'NONE',  ( 0.000000000000000000, -1.000000000000000000, 0.000000000000000000 ) ) ;
#867 = AXIS2_PLACEMENT_3D ( 'NONE', #7988, #3118, #4462 ) ;
#868 = AXIS2_PLACEMENT_3D ( 'NONE', #6128, #5518, #6172 ) ;
#869 = CARTESIAN_POINT ( 'NONE',  ( -2.680000000000001936, 0.6999999999999992895, -0.3200000000000000067 ) ) ;
#870 = ORIENTED_EDGE ( 'NONE', *, *, #3335, .T. ) ;
#871 = ORIENTED_EDGE ( 'NONE', *, *, #3891, .T. ) ;
#872 = DIRECTION ( 'NONE',  ( -0.7071067811865474617, 0.000000000000000000, 0.7071067811865474617 ) ) ;
#873 = DIRECTION ( 'NONE',  ( 0.000000000000000000, -1.000000000000000000, 0.000000000000000000 ) ) ;
#874 = VECTOR ( 'NONE', #9024, 1000.000000000000000 ) ;
#875 = VECTOR ( 'NONE', #6825, 1000.000000000000114 ) ;
#876 = FACE_OUTER_BOUND ( 'NONE', #4186, .T. ) ;
#877 = DIRECTION ( 'NONE',  ( 0.000000000000000000, -1.000000000000000000, 0.000000000000000000 ) ) ;
#878 = VECTOR ( 'NONE', #4347, 1000.000000000000000 ) ;
#879 = CARTESIAN_POINT ( 'NONE',  ( -15.32000000000000206, -8.673617379884035472E-16, 1.270000000000000018 ) ) ;
#880 = DIRECTION ( 'NONE',  ( 1.000000000000000000, 0.000000000000000000, 0.000000000000000000 ) ) ;
#881 = VECTOR ( 'NONE', #7582, 1000.000000000000000 ) ;
#882 = FACE_OUTER_BOUND ( 'NONE', #8061, .T. ) ;
#883 = ORIENTED_EDGE ( 'NONE', *, *, #8850, .F. ) ;
#884 = LINE ( 'NONE', #6674, #1317 ) ;
#885 = EDGE_CURVE ( 'NONE', #6680, #7524, #6809, .T. ) ;
#886 = CARTESIAN_POINT ( 'NONE',  ( -6.320000000000002061, 3.299999999999999378, 0.3200000000000000067 ) ) ;
#887 = DIRECTION ( 'NONE',  ( -1.000000000000000000, 0.000000000000000000, 0.000000000000000000 ) ) ;
#888 = ORIENTED_EDGE ( 'NONE', *, *, #5244, .T. ) ;
#889 = ADVANCED_FACE ( 'NONE', ( #5628 ), #8411, .F. ) ;
#890 = DIRECTION ( 'NONE',  ( 0.000000000000000000, 0.000000000000000000, -1.000000000000000000 ) ) ;
#891 = EDGE_CURVE ( 'NONE', #3121, #1204, #6284, .T. ) ;
#892 = CARTESIAN_POINT ( 'NONE',  ( 1.249999999999998446, 3.299999999999999378, 0.5500000000000000444 ) ) ;
#893 = CARTESIAN_POINT ( 'NONE',  ( -14.38500000000000156, 1.849999999999999645, 1.916979166667000190 ) ) ;
#894 = DIRECTION ( 'NONE',  ( -0.000000000000000000, -0.7682212795973758501, -0.6401843996644798196 ) ) ;
#895 = PLANE ( 'NONE',  #4733 ) ;
#896 = CARTESIAN_POINT ( 'NONE',  ( -13.93500000000000050, 0.6699999999999995959, -1.270000000000000018 ) ) ;
#897 = ORIENTED_EDGE ( 'NONE', *, *, #7910, .F. ) ;
#898 = CARTESIAN_POINT ( 'NONE',  ( -2.680000000000001936, 0.6999999999999992895, 1.649999999999999911 ) ) ;
#899 = ORIENTED_EDGE ( 'NONE', *, *, #7155, .F. ) ;
#900 = CARTESIAN_POINT ( 'NONE',  ( 2.384999999999998010, 1.699999999999999734, -1.930000000000000160 ) ) ;
#901 = FACE_OUTER_BOUND ( 'NONE', #2127, .T. ) ;
#902 = FACE_OUTER_BOUND ( 'NONE', #3697, .T. ) ;
#903 = ORIENTED_EDGE ( 'NONE', *, *, #30, .F. ) ;
#904 = CARTESIAN_POINT ( 'NONE',  ( -10.25000000000000178, 1.849999999999999645, 1.930000000000000160 ) ) ;
#905 = ORIENTED_EDGE ( 'NONE', *, *, #5235, .F. ) ;
#906 = CARTESIAN_POINT ( 'NONE',  ( 0.3199999999999982303, -2.580000000000000515, 0.3200000000000000067 ) ) ;
#907 = ORIENTED_EDGE ( 'NONE', *, *, #2377, .F. ) ;
#908 = ORIENTED_EDGE ( 'NONE', *, *, #2682, .T. ) ;
#909 = DIRECTION ( 'NONE',  ( 1.000000000000000000, 0.000000000000000000, 0.000000000000000000 ) ) ;
#910 = EDGE_CURVE ( 'NONE', #7219, #8306, #1368, .T. ) ;
#911 = CARTESIAN_POINT ( 'NONE',  ( -5.680000000000001492, 3.299999999999999378, 0.3200000000000000067 ) ) ;
#912 = ORIENTED_EDGE ( 'NONE', *, *, #2280, .T. ) ;
#913 = EDGE_CURVE ( 'NONE', #972, #4826, #454, .T. ) ;
#914 = EDGE_CURVE ( 'NONE', #9011, #2624, #8936, .T. ) ;
#915 = VERTEX_POINT ( 'NONE', #1410 ) ;
#916 = EDGE_CURVE ( 'NONE', #5404, #4299, #4236, .T. ) ;
#917 = CARTESIAN_POINT ( 'NONE',  ( 3.269999999999998685, 2.301063802837999717, 0.2700000000000000178 ) ) ;
#918 = DIRECTION ( 'NONE',  ( 1.000000000000000000, 0.000000000000000000, 0.000000000000000000 ) ) ;
#919 = CARTESIAN_POINT ( 'NONE',  ( -3.000000000000001776, 7.200000000000000178, -0.2200000000000000011 ) ) ;
#920 = DIRECTION ( 'NONE',  ( -0.8869140841670121178, -3.150951798741039965E-14, -0.4619344188369060578 ) ) ;
#921 = VECTOR ( 'NONE', #3770, 1000.000000000000000 ) ;
#922 = CARTESIAN_POINT ( 'NONE',  ( -3.320000000000001616, -8.673617379884035472E-16, -1.270000000000000018 ) ) ;
#923 = FACE_BOUND ( 'NONE', #4442, .T. ) ;
#924 = LINE ( 'NONE', #1573, #3515 ) ;
#925 = EDGE_LOOP ( 'NONE', ( #4932, #6107, #2569, #1625 ) ) ;
#926 = LINE ( 'NONE', #8761, #1607 ) ;
#927 = CARTESIAN_POINT ( 'NONE',  ( 2.384999999999998010, 0.6699999999999995959, 1.270000000000000018 ) ) ;
#928 = CARTESIAN_POINT ( 'NONE',  ( -8.680000000000001492, 0.6999999999999992895, -0.3200000000000000067 ) ) ;
#929 = ORIENTED_EDGE ( 'NONE', *, *, #442, .T. ) ;
#930 = DIRECTION ( 'NONE',  ( 0.000000000000000000, 0.000000000000000000, -1.000000000000000000 ) ) ;
#931 = VERTEX_POINT ( 'NONE', #354 ) ;
#932 = CARTESIAN_POINT ( 'NONE',  ( -12.32000000000000028, 0.6699999999999995959, 1.270000000000000018 ) ) ;
#933 = EDGE_CURVE ( 'NONE', #5195, #300, #6005, .T. ) ;
#934 = ADVANCED_FACE ( 'NONE', ( #9100 ), #3926, .T. ) ;
#935 = LINE ( 'NONE', #3763, #5589 ) ;
#936 = EDGE_CURVE ( 'NONE', #2380, #433, #6066, .T. ) ;
#937 = CARTESIAN_POINT ( 'NONE',  ( -12.32000000000000028, 0.6999999999999992895, 1.649999999999999911 ) ) ;
#938 = DIRECTION ( 'NONE',  ( 1.000000000000000000, 0.000000000000000000, 0.000000000000000000 ) ) ;
#939 = ORIENTED_EDGE ( 'NONE', *, *, #641, .T. ) ;
#940 = CARTESIAN_POINT ( 'NONE',  ( -15.32000000000000206, -8.673617379884035472E-16, -1.270000000000000018 ) ) ;
#941 = ORIENTED_EDGE ( 'NONE', *, *, #81, .F. ) ;
#942 = FACE_OUTER_BOUND ( 'NONE', #4421, .T. ) ;
#943 =( NAMED_UNIT ( * ) PLANE_ANGLE_UNIT ( ) SI_UNIT ( $, .RADIAN. ) );
#944 = CARTESIAN_POINT ( 'NONE',  ( -14.38500000000000156, -8.673617379884035472E-16, -1.930000000000000160 ) ) ;
#945 = ORIENTED_EDGE ( 'NONE', *, *, #2806, .T. ) ;
#946 = CARTESIAN_POINT ( 'NONE',  ( -9.120000000000000995, -3.180000000000000604, -0.1200000000000000094 ) ) ;
#947 = ORIENTED_EDGE ( 'NONE', *, *, #1348, .F. ) ;
#948 = DIRECTION ( 'NONE',  ( 2.960594732334000265E-14, -1.000000000000000000, 0.000000000000000000 ) ) ;
#949 = ORIENTED_EDGE ( 'NONE', *, *, #8353, .T. ) ;
#950 = ORIENTED_EDGE ( 'NONE', *, *, #2438, .T. ) ;
#951 = DIRECTION ( 'NONE',  ( 1.000000000000000000, 0.000000000000000000, 0.000000000000000000 ) ) ;
#952 = VECTOR ( 'NONE', #8534, 1000.000000000000000 ) ;
#953 = CARTESIAN_POINT ( 'NONE',  ( -15.32000000000000206, 0.6699999999999995959, -0.8750000000000000000 ) ) ;
#954 = ORIENTED_EDGE ( 'NONE', *, *, #6606, .F. ) ;
#955 = VECTOR ( 'NONE', #4448, 1000.000000000000000 ) ;
#956 = EDGE_LOOP ( 'NONE', ( #1521, #9019, #7571, #5119 ) ) ;
#957 = PLANE ( 'NONE',  #8439 ) ;
#958 = LINE ( 'NONE', #4348, #8398 ) ;
#959 = AXIS2_PLACEMENT_3D ( 'NONE', #2886, #5665, #5571 ) ;
#960 = VECTOR ( 'NONE', #7967, 1000.000000000000000 ) ;
#961 = CARTESIAN_POINT ( 'NONE',  ( -15.32000000000000206, -8.673617379884035472E-16, -1.930000000000000160 ) ) ;
#962 = LINE ( 'NONE', #4631, #329 ) ;
#963 = VECTOR ( 'NONE', #7100, 1000.000000000000000 ) ;
#964 = CARTESIAN_POINT ( 'NONE',  ( 3.319999999999998508, 0.6699999999999995959, -0.8750000000000000000 ) ) ;
#965 = EDGE_CURVE ( 'NONE', #9169, #7219, #6977, .T. ) ;
#966 = ADVANCED_FACE ( 'NONE', ( #1149 ), #3974, .F. ) ;
#967 = DIRECTION ( 'NONE',  ( 0.000000000000000000, 0.000000000000000000, -1.000000000000000000 ) ) ;
#968 = ORIENTED_EDGE ( 'NONE', *, *, #4355, .T. ) ;
#969 = DIRECTION ( 'NONE',  ( 1.000000000000000000, 0.000000000000000000, 0.000000000000000000 ) ) ;
#970 = CARTESIAN_POINT ( 'NONE',  ( -3.000000000000001776, -2.880000000000000782, 0.2200000000000000011 ) ) ;
#971 = DIRECTION ( 'NONE',  ( 0.000000000000000000, 1.000000000000000000, 0.000000000000000000 ) ) ;
#972 = VERTEX_POINT ( 'NONE', #2145 ) ;
#973 = CARTESIAN_POINT ( 'NONE',  ( -15.32000000000000206, 1.849999999999999645, 2.469999999999999751 ) ) ;
#974 = ORIENTED_EDGE ( 'NONE', *, *, #1939, .F. ) ;
#975 = CARTESIAN_POINT ( 'NONE',  ( 3.319999999999998508, 1.449999999999999512, -0.04250000000000000305 ) ) ;
#976 = CARTESIAN_POINT ( 'NONE',  ( -7.300000000000001599, 8.149999999999998579, -3.135000000000000231 ) ) ;
#977 = ORIENTED_EDGE ( 'NONE', *, *, #5300, .F. ) ;
#978 = CARTESIAN_POINT ( 'NONE',  ( -1.750000000000001554, 9.899999999999998579, -1.250000000000000000 ) ) ;
#979 = DIRECTION ( 'NONE',  ( 0.000000000000000000, 0.000000000000000000, 1.000000000000000000 ) ) ;
#980 = VECTOR ( 'NONE', #771, 1000.000000000000000 ) ;
#981 = VECTOR ( 'NONE', #967, 1000.000000000000000 ) ;
#982 = ORIENTED_EDGE ( 'NONE', *, *, #8369, .F. ) ;
#983 = CARTESIAN_POINT ( 'NONE',  ( -0.3200000000000017275, 6.899999999999999467, -0.3200000000000000067 ) ) ;
#984 = ORIENTED_EDGE ( 'NONE', *, *, #1688, .F. ) ;
#985 = DIRECTION ( 'NONE',  ( -0.000000000000000000, -0.3162277660168079652, -0.9486832980505238710 ) ) ;
#986 = ADVANCED_FACE ( 'NONE', ( #840 ), #1538, .T. ) ;
#987 = VECTOR ( 'NONE', #1506, 1000.000000000000000 ) ;
#988 = PLANE ( 'NONE',  #4541 ) ;
#989 = VECTOR ( 'NONE', #8895, 1000.000000000000000 ) ;
#990 = CARTESIAN_POINT ( 'NONE',  ( -11.68000000000000327, 0.6999999999999992895, 0.8750000000000000000 ) ) ;
#991 = ORIENTED_EDGE ( 'NONE', *, *, #2377, .T. ) ;
#992 = CARTESIAN_POINT ( 'NONE',  ( -11.68000000000000327, -2.580000000000000515, -0.3200000000000000067 ) ) ;
#993 = ORIENTED_EDGE ( 'NONE', *, *, #8538, .T. ) ;
#994 = AXIS2_PLACEMENT_3D ( 'NONE', #8546, #5761, #3428 ) ;
#995 = LINE ( 'NONE', #8183, #2453 ) ;
#996 = VECTOR ( 'NONE', #5982, 1000.000000000000000 ) ;
#997 = EDGE_CURVE ( 'NONE', #4234, #183, #8586, .T. ) ;
#998 = ORIENTED_EDGE ( 'NONE', *, *, #8145, .T. ) ;
#999 = EDGE_LOOP ( 'NONE', ( #2198, #2868, #4740, #2938 ) ) ;
#1000 = VECTOR ( 'NONE', #3257, 1000.000000000000000 ) ;
#1001 = EDGE_CURVE ( 'NONE', #768, #1927, #4363, .T. ) ;
#1002 = LINE ( 'NONE', #4570, #1337 ) ;
#1003 = DIRECTION ( 'NONE',  ( 0.000000000000000000, 0.000000000000000000, -1.000000000000000000 ) ) ;
#1004 = DIRECTION ( 'NONE',  ( 0.000000000000000000, 0.000000000000000000, 1.000000000000000000 ) ) ;
#1005 = VECTOR ( 'NONE', #6560, 1000.000000000000000 ) ;
#1006 = ORIENTED_EDGE ( 'NONE', *, *, #4401, .F. ) ;
#1007 = ORIENTED_EDGE ( 'NONE', *, *, #3787, .T. ) ;
#1008 = ORIENTED_EDGE ( 'NONE', *, *, #7171, .F. ) ;
#1009 = LINE ( 'NONE', #4578, #7386 ) ;
#1010 = CARTESIAN_POINT ( 'NONE',  ( 1.919999999999998153, 9.899999999999998579, 0.7500000000000000000 ) ) ;
#1011 = VECTOR ( 'NONE', #4552, 1000.000000000000000 ) ;
#1012 = DIRECTION ( 'NONE',  ( 1.000000000000000000, 0.000000000000000000, 0.000000000000000000 ) ) ;
#1013 = LINE ( 'NONE', #3102, #3457 ) ;
#1014 = CARTESIAN_POINT ( 'NONE',  ( -10.25000000000000178, 1.849999999999999645, 1.930000000000000160 ) ) ;
#1015 = ADVANCED_FACE ( 'NONE', ( #4976 ), #6379, .F. ) ;
#1016 = VECTOR ( 'NONE', #4924, 1000.000000000000000 ) ;
#1017 = CARTESIAN_POINT ( 'NONE',  ( -6.320000000000002061, 3.299999999999999378, -0.3200000000000000067 ) ) ;
#1018 = VERTEX_POINT ( 'NONE', #8677 ) ;
#1019 = PLANE ( 'NONE',  #8423 ) ;
#1020 = VECTOR ( 'NONE', #6710, 1000.000000000000000 ) ;
#1021 = LINE ( 'NONE', #927, #4876 ) ;
#1022 = FACE_OUTER_BOUND ( 'NONE', #7757, .T. ) ;
#1023 = VERTEX_POINT ( 'NONE', #1456 ) ;
#1024 = FACE_OUTER_BOUND ( 'NONE', #7024, .T. ) ;
#1025 = VECTOR ( 'NONE', #9096, 1000.000000000000000 ) ;
#1026 = EDGE_CURVE ( 'NONE', #2959, #5195, #5753, .T. ) ;
#1027 = ORIENTED_EDGE ( 'NONE', *, *, #8429, .T. ) ;
#1028 = DIRECTION ( 'NONE',  ( 0.000000000000000000, 1.000000000000000000, 0.000000000000000000 ) ) ;
#1029 = AXIS2_PLACEMENT_3D ( 'NONE', #3210, #7381, #238 ) ;
#1030 = FACE_OUTER_BOUND ( 'NONE', #7699, .T. ) ;
#1031 = ORIENTED_EDGE ( 'NONE', *, *, #6437, .T. ) ;
#1032 = LINE ( 'NONE', #5938, #6941 ) ;
#1034 = EDGE_CURVE ( 'NONE', #2611, #7368, #5708, .T. ) ;
#1033 = CARTESIAN_POINT ( 'NONE',  ( -14.38500000000000156, 1.269999999999999352, -0.8750000000000000000 ) ) ;
#1035 = VERTEX_POINT ( 'NONE', #892 ) ;
#1036 = EDGE_CURVE ( 'NONE', #2947, #3745, #7806, .T. ) ;
#1037 = DIRECTION ( 'NONE',  ( 1.000000000000000000, 0.000000000000000000, 0.000000000000000000 ) ) ;
#1038 = EDGE_CURVE ( 'NONE', #4299, #183, #2324, .T. ) ;
#1039 = EDGE_LOOP ( 'NONE', ( #1179, #3852, #6392, #6983 ) ) ;
#1040 = DIRECTION ( 'NONE',  ( 0.7071067811865474617, -0.7071067811865474617, 0.000000000000000000 ) ) ;
#1041 = FACE_OUTER_BOUND ( 'NONE', #4752, .T. ) ;
#1042 = CARTESIAN_POINT ( 'NONE',  ( 1.249999999999998446, 3.299999999999999378, -1.250000000000000000 ) ) ;
#1043 = EDGE_LOOP ( 'NONE', ( #5241, #2344, #7020, #4577 ) ) ;
#1044 = FACE_OUTER_BOUND ( 'NONE', #3448, .T. ) ;
#1045 = VERTEX_POINT ( 'NONE', #2238 ) ;
#1046 = DIRECTION ( 'NONE',  ( 0.000000000000000000, 0.000000000000000000, -1.000000000000000000 ) ) ;
#1047 = ORIENTED_EDGE ( 'NONE', *, *, #372, .T. ) ;
#1048 = ORIENTED_EDGE ( 'NONE', *, *, #1520, .T. ) ;
#1049 = CARTESIAN_POINT ( 'NONE',  ( -6.320000000000002061, 1.269999999999999352, 0.8750000000000000000 ) ) ;
#1050 = VECTOR ( 'NONE', #3492, 1000.000000000000000 ) ;
#1051 = CARTESIAN_POINT ( 'NONE',  ( -2.880000000000002114, -3.180000000000000604, 0.1200000000000000094 ) ) ;
#1052 = CARTESIAN_POINT ( 'NONE',  ( -0.3200000000000017275, 1.349999999999999645, 1.649999999999999911 ) ) ;
#1053 = ADVANCED_FACE ( 'NONE', ( #2193 ), #4280, .F. ) ;
#1054 = ORIENTED_EDGE ( 'NONE', *, *, #6416, .F. ) ;
#1055 = ORIENTED_EDGE ( 'NONE', *, *, #4282, .F. ) ;
#1056 = ADVANCED_FACE ( 'NONE', ( #6417 ), #8632, .T. ) ;
#1057 = LINE ( 'NONE', #8941, #3693 ) ;
#1058 = EDGE_CURVE ( 'NONE', #4089, #2942, #5107, .T. ) ;
#1059 = DIRECTION ( 'NONE',  ( 0.000000000000000000, 1.000000000000000000, 0.000000000000000000 ) ) ;
#1060 = DIRECTION ( 'NONE',  ( 0.000000000000000000, 0.000000000000000000, -1.000000000000000000 ) ) ;
#1061 = DIRECTION ( 'NONE',  ( 0.000000000000000000, 0.000000000000000000, -1.000000000000000000 ) ) ;
#1062 = DIRECTION ( 'NONE',  ( 1.000000000000000000, 0.000000000000000000, 0.000000000000000000 ) ) ;
#1063 = LINE ( 'NONE', #8802, #240 ) ;
#1064 = ORIENTED_EDGE ( 'NONE', *, *, #8638, .T. ) ;
#1065 = DIRECTION ( 'NONE',  ( 0.000000000000000000, 0.000000000000000000, 1.000000000000000000 ) ) ;
#1066 = ADVANCED_FACE ( 'NONE', ( #7932 ), #1582, .T. ) ;
#1067 = CARTESIAN_POINT ( 'NONE',  ( -15.32000000000000206, 1.849999999999999645, 1.430000000000000160 ) ) ;
#1068 = LINE ( 'NONE', #3062, #4362 ) ;
#1069 = VECTOR ( 'NONE', #1504, 1000.000000000000000 ) ;
#1070 = EDGE_LOOP ( 'NONE', ( #4210, #1679, #7980, #8169 ) ) ;
#1071 = VECTOR ( 'NONE', #2500, 1000.000000000000000 ) ;
#1072 = FACE_OUTER_BOUND ( 'NONE', #4904, .T. ) ;
#1073 = VERTEX_POINT ( 'NONE', #712 ) ;
#1074 = DIRECTION ( 'NONE',  ( -1.000000000000000000, 0.000000000000000000, 0.000000000000000000 ) ) ;
#1075 = EDGE_CURVE ( 'NONE', #1325, #8513, #7152, .T. ) ;
#1076 = VECTOR ( 'NONE', #6121, 1000.000000000000000 ) ;
#1077 = CARTESIAN_POINT ( 'NONE',  ( 0.3199999999999982303, -8.673617379884035472E-16, -1.270000000000000018 ) ) ;
#1078 = ORIENTED_EDGE ( 'NONE', *, *, #4498, .T. ) ;
#1079 = DIRECTION ( 'NONE',  ( 0.4619344188369849946, 0.000000000000000000, 0.8869140841669710396 ) ) ;
#1080 = CARTESIAN_POINT ( 'NONE',  ( 2.384999999999998010, 1.699999999999999734, -1.930000000000000160 ) ) ;
#1081 = EDGE_LOOP ( 'NONE', ( #495, #6938, #5937, #3454 ) ) ;
#1082 = CARTESIAN_POINT ( 'NONE',  ( -12.22000000000000242, -2.880000000000000782, 0.000000000000000000 ) ) ;
#1083 = ORIENTED_EDGE ( 'NONE', *, *, #2280, .F. ) ;
#1084 = ORIENTED_EDGE ( 'NONE', *, *, #1075, .T. ) ;
#1085 = DIRECTION ( 'NONE',  ( 0.000000000000000000, 1.000000000000000000, 0.000000000000000000 ) ) ;
#1086 = ADVANCED_FACE ( 'NONE', ( #1495 ), #7067, .T. ) ;
#1087 = FACE_OUTER_BOUND ( 'NONE', #4944, .T. ) ;
#1088 = PLANE ( 'NONE',  #8704 ) ;
#1089 = VERTEX_POINT ( 'NONE', #758 ) ;
#1090 = DIRECTION ( 'NONE',  ( -1.000000000000000000, 0.000000000000000000, 0.000000000000000000 ) ) ;
#1091 = ORIENTED_EDGE ( 'NONE', *, *, #8459, .F. ) ;
#1092 = FACE_OUTER_BOUND ( 'NONE', #8112, .T. ) ;
#1093 = ORIENTED_EDGE ( 'NONE', *, *, #1474, .F. ) ;
#1094 = EDGE_LOOP ( 'NONE', ( #3241, #502, #4431, #5533 ) ) ;
#1095 = ADVANCED_FACE ( 'NONE', ( #4322 ), #794, .T. ) ;
#1096 = CARTESIAN_POINT ( 'NONE',  ( -12.32000000000000028, 1.349999999999999645, -1.050000000000000044 ) ) ;
#1097 = LINE ( 'NONE', #8091, #3252 ) ;
#1098 = DIRECTION ( 'NONE',  ( 0.000000000000000000, 0.7071067811865474617, 0.7071067811865474617 ) ) ;
#1099 = LINE ( 'NONE', #7142, #256 ) ;
#1100 = ORIENTED_EDGE ( 'NONE', *, *, #8066, .F. ) ;
#1101 = EDGE_LOOP ( 'NONE', ( #3854, #2319, #939, #636 ) ) ;
#1102 = DIRECTION ( 'NONE',  ( 0.000000000000000000, -1.000000000000000000, 0.000000000000000000 ) ) ;
#1103 = LINE ( 'NONE', #1010, #4548 ) ;
#1104 = LINE ( 'NONE', #6817, #670 ) ;
#1105 = EDGE_CURVE ( 'NONE', #5597, #6478, #3947, .T. ) ;
#1106 = LINE ( 'NONE', #1749, #3148 ) ;
#1107 = EDGE_CURVE ( 'NONE', #8611, #6124, #6030, .T. ) ;
#1108 = LINE ( 'NONE', #964, #3142 ) ;
#1109 = EDGE_CURVE ( 'NONE', #2483, #2762, #6681, .T. ) ;
#1110 = AXIS2_PLACEMENT_3D ( 'NONE', #6423, #59, #5714 ) ;
#1111 = DIRECTION ( 'NONE',  ( -0.000000000000000000, 1.000000000000000000, 0.000000000000000000 ) ) ;
#1112 = EDGE_LOOP ( 'NONE', ( #6651, #7865, #7692, #226 ) ) ;
#1113 = DIRECTION ( 'NONE',  ( 0.000000000000000000, 0.000000000000000000, 1.000000000000000000 ) ) ;
#1114 = LINE ( 'NONE', #6084, #6928 ) ;
#1115 = DIRECTION ( 'NONE',  ( 0.000000000000000000, 0.000000000000000000, -1.000000000000000000 ) ) ;
#1116 = EDGE_CURVE ( 'NONE', #2623, #2568, #2515, .T. ) ;
#1117 = DIRECTION ( 'NONE',  ( 1.000000000000000000, 0.000000000000000000, 0.000000000000000000 ) ) ;
#1118 = STYLED_ITEM ( 'NONE', ( #3422 ), #483 ) ;
#1119 = ADVANCED_FACE ( 'NONE', ( #2413 ), #7422, .F. ) ;
#1120 = ORIENTED_EDGE ( 'NONE', *, *, #803, .T. ) ;
#1121 = EDGE_CURVE ( 'NONE', #1045, #6353, #5198, .T. ) ;
#1122 = CARTESIAN_POINT ( 'NONE',  ( -11.68000000000000327, 2.549999999999999822, -0.3200000000000000067 ) ) ;
#1123 = CARTESIAN_POINT ( 'NONE',  ( -15.32000000000000206, 0.6699999999999995959, -0.8750000000000000000 ) ) ;
#1124 = EDGE_CURVE ( 'NONE', #567, #9029, #4641, .T. ) ;
#1125 = ORIENTED_EDGE ( 'NONE', *, *, #6756, .T. ) ;
#1126 = DIRECTION ( 'NONE',  ( 0.000000000000000000, -1.000000000000000000, 0.000000000000000000 ) ) ;
#1127 = DIRECTION ( 'NONE',  ( 0.000000000000000000, -1.000000000000000000, 0.000000000000000000 ) ) ;
#1128 = VERTEX_POINT ( 'NONE', #5981 ) ;
#1129 = DIRECTION ( 'NONE',  ( 1.000000000000000000, 0.000000000000000000, 0.000000000000000000 ) ) ;
#1130 = EDGE_LOOP ( 'NONE', ( #6922, #7598, #209, #6904, #6001, #7451 ) ) ;
#1131 = ORIENTED_EDGE ( 'NONE', *, *, #5593, .T. ) ;
#1132 = CARTESIAN_POINT ( 'NONE',  ( -13.93500000000000050, 0.6699999999999995959, -1.270000000000000018 ) ) ;
#1133 = DIRECTION ( 'NONE',  ( 0.000000000000000000, 0.000000000000000000, -1.000000000000000000 ) ) ;
#1134 = ADVANCED_FACE ( 'NONE', ( #8162 ), #8768, .F. ) ;
#1135 = VECTOR ( 'NONE', #8285, 1000.000000000000000 ) ;
#1136 = VECTOR ( 'NONE', #7003, 1000.000000000000000 ) ;
#1137 = CARTESIAN_POINT ( 'NONE',  ( 2.384999999999998010, 1.269999999999999352, 0.8750000000000000000 ) ) ;
#1138 = CARTESIAN_POINT ( 'NONE',  ( -15.32000000000000206, 1.269999999999999352, 0.8750000000000000000 ) ) ;
#1139 = ORIENTED_EDGE ( 'NONE', *, *, #7199, .F. ) ;
#1140 = CARTESIAN_POINT ( 'NONE',  ( -15.32000000000000206, 0.6699999999999995959, 1.270000000000000018 ) ) ;
#1141 = VERTEX_POINT ( 'NONE', #6636 ) ;
#1142 = DIRECTION ( 'NONE',  ( 0.000000000000000000, 0.000000000000000000, 1.000000000000000000 ) ) ;
#1143 = ORIENTED_EDGE ( 'NONE', *, *, #6662, .F. ) ;
#1144 = ORIENTED_EDGE ( 'NONE', *, *, #3323, .T. ) ;
#1145 = VECTOR ( 'NONE', #6795, 1000.000000000000000 ) ;
#1146 = VECTOR ( 'NONE', #2712, 1000.000000000000000 ) ;
#1147 = DIRECTION ( 'NONE',  ( 0.000000000000000000, -1.000000000000000000, 0.000000000000000000 ) ) ;
#1148 = CARTESIAN_POINT ( 'NONE',  ( -4.250000000000001776, 3.299999999999999378, 1.250000000000000000 ) ) ;
#1149 = FACE_OUTER_BOUND ( 'NONE', #6563, .T. ) ;
#1150 = EDGE_CURVE ( 'NONE', #7623, #5733, #4497, .T. ) ;
#1151 =( NAMED_UNIT ( * ) PLANE_ANGLE_UNIT ( ) SI_UNIT ( $, .RADIAN. ) );
#1152 = VECTOR ( 'NONE', #4067, 1000.000000000000000 ) ;
#1153 = DIRECTION ( 'NONE',  ( 1.000000000000000000, 0.000000000000000000, 0.000000000000000000 ) ) ;
#1154 = VECTOR ( 'NONE', #2491, 1000.000000000000000 ) ;
#1155 = EDGE_LOOP ( 'NONE', ( #2925, #1434, #47, #6887 ) ) ;
#1156 = VERTEX_POINT ( 'NONE', #8810 ) ;
#1157 = DIRECTION ( 'NONE',  ( 0.000000000000000000, -1.000000000000000000, 0.000000000000000000 ) ) ;
#1158 = CARTESIAN_POINT ( 'NONE',  ( -2.680000000000001936, 0.6699999999999995959, -0.8750000000000000000 ) ) ;
#1159 = EDGE_CURVE ( 'NONE', #6479, #4213, #4595, .T. ) ;
#1160 = DIRECTION ( 'NONE',  ( 0.000000000000000000, 0.000000000000000000, 1.000000000000000000 ) ) ;
#1161 = DIRECTION ( 'NONE',  ( 0.000000000000000000, -1.000000000000000000, 0.000000000000000000 ) ) ;
#1162 = VECTOR ( 'NONE', #4654, 1000.000000000000000 ) ;
#1163 = VECTOR ( 'NONE', #3757, 1000.000000000000000 ) ;
#1164 = AXIS2_PLACEMENT_3D ( 'NONE', #4825, #1403, #90 ) ;
#1165 = CARTESIAN_POINT ( 'NONE',  ( -15.32000000000000206, 0.6699999999999995959, -1.270000000000000018 ) ) ;
#1166 = ORIENTED_EDGE ( 'NONE', *, *, #5094, .F. ) ;
#1167 = DIRECTION ( 'NONE',  ( 0.000000000000000000, -0.3162277660168079652, 0.9486832980505238710 ) ) ;
#1168 = DIRECTION ( 'NONE',  ( 0.000000000000000000, 0.000000000000000000, -1.000000000000000000 ) ) ;
#1169 = CARTESIAN_POINT ( 'NONE',  ( -14.97000000000000242, -1.400000000000000133, 1.869999999999999885 ) ) ;
#1170 = LINE ( 'NONE', #6086, #4726 ) ;
#1171 = VECTOR ( 'NONE', #1530, 1000.000000000000000 ) ;
#1172 = CARTESIAN_POINT ( 'NONE',  ( -0.3200000000000017275, 0.6699999999999995959, -0.8750000000000000000 ) ) ;
#1173 = ADVANCED_FACE ( 'NONE', ( #8065 ), #4460, .T. ) ;
#1174 = CARTESIAN_POINT ( 'NONE',  ( -3.320000000000001616, 6.899999999999999467, 0.3200000000000000067 ) ) ;
#1175 = ORIENTED_EDGE ( 'NONE', *, *, #7749, .F. ) ;
#1176 = PLANE ( 'NONE',  #5304 ) ;
#1177 = PLANE ( 'NONE',  #1332 ) ;
#1178 = EDGE_CURVE ( 'NONE', #264, #3227, #7286, .T. ) ;
#1179 = ORIENTED_EDGE ( 'NONE', *, *, #5747, .T. ) ;
#1180 = CARTESIAN_POINT ( 'NONE',  ( -5.680000000000001492, -8.673617379884035472E-16, 1.680000000000000160 ) ) ;
#1181 = DIRECTION ( 'NONE',  ( 0.000000000000000000, -1.000000000000000000, 0.000000000000000000 ) ) ;
#1182 = EDGE_LOOP ( 'NONE', ( #7260, #6950, #1333 ) ) ;
#1183 = VECTOR ( 'NONE', #5095, 1000.000000000000114 ) ;
#1184 = VERTEX_POINT ( 'NONE', #3260 ) ;
#1185 = CARTESIAN_POINT ( 'NONE',  ( -6.320000000000002061, -8.673617379884035472E-16, 1.680000000000000160 ) ) ;
#1186 = VECTOR ( 'NONE', #3613, 1000.000000000000000 ) ;
#1187 = VERTEX_POINT ( 'NONE', #932 ) ;
#1188 = DIRECTION ( 'NONE',  ( 0.000000000000000000, -1.000000000000000000, 0.000000000000000000 ) ) ;
#1189 = DIRECTION ( 'NONE',  ( 0.000000000000000000, 1.000000000000000000, 0.000000000000000000 ) ) ;
#1190 = VERTEX_POINT ( 'NONE', #1812 ) ;
#1191 = FACE_OUTER_BOUND ( 'NONE', #2896, .T. ) ;
#1192 = EDGE_LOOP ( 'NONE', ( #6422, #5772, #3685, #1982 ) ) ;
#1193 = DIRECTION ( 'NONE',  ( 1.000000000000000000, 0.000000000000000000, 0.000000000000000000 ) ) ;
#1194 = PRODUCT_DEFINITION_SHAPE ( 'NONE', 'NONE',  #9079 ) ;
#1195 = ORIENTED_EDGE ( 'NONE', *, *, #8022, .F. ) ;
#1196 = ORIENTED_EDGE ( 'NONE', *, *, #7292, .F. ) ;
#1197 = ADVANCED_FACE ( 'NONE', ( #3762 ), #6778, .T. ) ;
#1198 = DIRECTION ( 'NONE',  ( 0.000000000000000000, 0.000000000000000000, 1.000000000000000000 ) ) ;
#1199 = LINE ( 'NONE', #6988, #6366 ) ;
#1200 = DIRECTION ( 'NONE',  ( 0.000000000000000000, -1.000000000000000000, 0.000000000000000000 ) ) ;
#1201 =( LENGTH_UNIT ( ) NAMED_UNIT ( * ) SI_UNIT ( .MILLI., .METRE. ) );
#1202 = DIRECTION ( 'NONE',  ( 1.000000000000000000, 0.000000000000000000, 0.000000000000000000 ) ) ;
#1203 = ORIENTED_EDGE ( 'NONE', *, *, #2444, .T. ) ;
#1204 = VERTEX_POINT ( 'NONE', #2372 ) ;
#1205 = CARTESIAN_POINT ( 'NONE',  ( -13.93500000000000050, -8.673617379884035472E-16, 1.270000000000000018 ) ) ;
#1206 = CARTESIAN_POINT ( 'NONE',  ( -10.25000000000000178, 9.899999999999998579, 1.250000000000000000 ) ) ;
#1207 = EDGE_CURVE ( 'NONE', #2824, #3384, #3115, .T. ) ;
#1208 = CARTESIAN_POINT ( 'NONE',  ( -8.680000000000001492, 0.6699999999999995959, 1.270000000000000018 ) ) ;
#1209 = EDGE_CURVE ( 'NONE', #7474, #3567, #5935, .T. ) ;
#1210 = ORIENTED_EDGE ( 'NONE', *, *, #6261, .T. ) ;
#1211 = LINE ( 'NONE', #6862, #2454 ) ;
#1212 = ORIENTED_EDGE ( 'NONE', *, *, #4766, .T. ) ;
#1213 = DIRECTION ( 'NONE',  ( 0.000000000000000000, 0.000000000000000000, 1.000000000000000000 ) ) ;
#1214 = DIRECTION ( 'NONE',  ( 0.000000000000000000, -1.000000000000000000, 0.000000000000000000 ) ) ;
#1215 = DIRECTION ( 'NONE',  ( 0.000000000000000000, 0.000000000000000000, 1.000000000000000000 ) ) ;
#1216 = PLANE ( 'NONE',  #3982 ) ;
#1217 = DIRECTION ( 'NONE',  ( 0.000000000000000000, 0.000000000000000000, 1.000000000000000000 ) ) ;
#1218 = CARTESIAN_POINT ( 'NONE',  ( -15.32000000000000206, 1.849999999999999645, 2.469999999999999751 ) ) ;
#1219 = VECTOR ( 'NONE', #1568, 1000.000000000000000 ) ;
#1220 = VERTEX_POINT ( 'NONE', #4547 ) ;
#1221 = DIRECTION ( 'NONE',  ( 0.000000000000000000, -1.000000000000000000, 0.000000000000000000 ) ) ;
#1222 = VERTEX_POINT ( 'NONE', #7377 ) ;
#1223 = PLANE ( 'NONE',  #2512 ) ;
#1224 = CARTESIAN_POINT ( 'NONE',  ( -0.3200000000000017275, 0.6999999999999992895, -0.8750000000000000000 ) ) ;
#1225 = VERTEX_POINT ( 'NONE', #1909 ) ;
#1226 = ORIENTED_EDGE ( 'NONE', *, *, #5917, .T. ) ;
#1227 = EDGE_CURVE ( 'NONE', #4518, #1325, #3349, .T. ) ;
#1228 = VECTOR ( 'NONE', #2033, 1000.000000000000000 ) ;
#1229 = EDGE_CURVE ( 'NONE', #1763, #5943, #1306, .T. ) ;
#1230 = EDGE_CURVE ( 'NONE', #8083, #4613, #8952, .T. ) ;
#1231 = CARTESIAN_POINT ( 'NONE',  ( -11.88000000000000256, -3.180000000000000604, -0.1200000000000000094 ) ) ;
#1232 = PLANE ( 'NONE',  #563 ) ;
#1233 = VERTEX_POINT ( 'NONE', #1257 ) ;
#1234 = CARTESIAN_POINT ( 'NONE',  ( -2.680000000000001936, 4.949999999999999289, 0.000000000000000000 ) ) ;
#1235 = VERTEX_POINT ( 'NONE', #4135 ) ;
#1236 = VERTEX_POINT ( 'NONE', #5615 ) ;
#1237 = VERTEX_POINT ( 'NONE', #9138 ) ;
#1238 = DIRECTION ( 'NONE',  ( 0.000000000000000000, -1.000000000000000000, 0.000000000000000000 ) ) ;
#1239 = FACE_OUTER_BOUND ( 'NONE', #578, .T. ) ;
#1240 = DIRECTION ( 'NONE',  ( -0.7682212795973758501, 0.6401843996644798196, 0.000000000000000000 ) ) ;
#1241 = ORIENTED_EDGE ( 'NONE', *, *, #6202, .F. ) ;
#1242 = ORIENTED_EDGE ( 'NONE', *, *, #2720, .T. ) ;
#1243 = ORIENTED_EDGE ( 'NONE', *, *, #3274, .F. ) ;
#1244 = LINE ( 'NONE', #6352, #2614 ) ;
#1245 = CARTESIAN_POINT ( 'NONE',  ( -1.250000000000001998, 3.299999999999999378, 1.250000000000000000 ) ) ;
#1246 = VERTEX_POINT ( 'NONE', #4042 ) ;
#1247 = ADVANCED_FACE ( 'NONE', ( #8394 ), #8300, .T. ) ;
#1248 = EDGE_LOOP ( 'NONE', ( #7909, #8639, #4143, #7769, #2781 ) ) ;
#1249 = LINE ( 'NONE', #2685, #5805 ) ;
#1250 = EDGE_LOOP ( 'NONE', ( #6265, #7344, #6803, #5544 ) ) ;
#1251 = LINE ( 'NONE', #3936, #2769 ) ;
#1252 = ORIENTED_EDGE ( 'NONE', *, *, #8301, .T. ) ;
#1253 = CARTESIAN_POINT ( 'NONE',  ( -3.220000000000001972, 7.200000000000000178, 0.000000000000000000 ) ) ;
#1254 = DIRECTION ( 'NONE',  ( 0.000000000000000000, 0.000000000000000000, -1.000000000000000000 ) ) ;
#1255 = CARTESIAN_POINT ( 'NONE',  ( -4.700000000000001954, 7.399999999999999467, -2.435000000000000053 ) ) ;
#1256 = FACE_OUTER_BOUND ( 'NONE', #7726, .T. ) ;
#1258 = EDGE_CURVE ( 'NONE', #7427, #1089, #607, .T. ) ;
#1257 = CARTESIAN_POINT ( 'NONE',  ( -15.32000000000000206, -1.150000000000000799, 1.570000000000000062 ) ) ;
#1259 = EDGE_CURVE ( 'NONE', #8415, #3095, #4820, .T. ) ;
#1260 = DIRECTION ( 'NONE',  ( 1.000000000000000000, 0.000000000000000000, 0.000000000000000000 ) ) ;
#1261 = VERTEX_POINT ( 'NONE', #2694 ) ;
#1262 = PLANE ( 'NONE',  #9157 ) ;
#1263 = ORIENTED_EDGE ( 'NONE', *, *, #6238, .F. ) ;
#1264 = LINE ( 'NONE', #6972, #1025 ) ;
#1265 = LINE ( 'NONE', #8350, #7176 ) ;
#1266 = ORIENTED_EDGE ( 'NONE', *, *, #608, .T. ) ;
#1267 = EDGE_CURVE ( 'NONE', #4881, #7404, #2795, .T. ) ;
#1268 = AXIS2_PLACEMENT_3D ( 'NONE', #4871, #2837, #5655 ) ;
#1269 = ORIENTED_EDGE ( 'NONE', *, *, #5584, .T. ) ;
#1270 = FACE_OUTER_BOUND ( 'NONE', #3815, .T. ) ;
#1271 = CARTESIAN_POINT ( 'NONE',  ( -6.220000000000001528, -2.880000000000000782, 0.000000000000000000 ) ) ;
#1272 = ORIENTED_EDGE ( 'NONE', *, *, #6967, .T. ) ;
#1273 = CARTESIAN_POINT ( 'NONE',  ( -3.320000000000001616, 0.6999999999999992895, 0.8750000000000000000 ) ) ;
#1274 = VERTEX_POINT ( 'NONE', #6315 ) ;
#1275 = ORIENTED_EDGE ( 'NONE', *, *, #6643, .T. ) ;
#1276 = ORIENTED_EDGE ( 'NONE', *, *, #4350, .T. ) ;
#1277 = LINE ( 'NONE', #2718, #2216 ) ;
#1278 = DIRECTION ( 'NONE',  ( -0.7071067811865474617, 0.000000000000000000, -0.7071067811865474617 ) ) ;
#1279 = VECTOR ( 'NONE', #2532, 1000.000000000000000 ) ;
#1280 = AXIS2_PLACEMENT_3D ( 'NONE', #1140, #344, #7998 ) ;
#1281 = SURFACE_SIDE_STYLE ('',( #4758 ) ) ;
#1282 = CARTESIAN_POINT ( 'NONE',  ( -15.32000000000000206, 0.6699999999999995959, 1.270000000000000018 ) ) ;
#1283 = ORIENTED_EDGE ( 'NONE', *, *, #3531, .F. ) ;
#1284 = ORIENTED_EDGE ( 'NONE', *, *, #8844, .T. ) ;
#1285 = ADVANCED_FACE ( 'NONE', ( #9001 ), #3301, .T. ) ;
#1286 = VERTEX_POINT ( 'NONE', #6130 ) ;
#1287 = LINE ( 'NONE', #1512, #8382 ) ;
#1288 = CARTESIAN_POINT ( 'NONE',  ( 0.3199999999999982303, 6.899999999999999467, -0.3200000000000000067 ) ) ;
#1289 = VECTOR ( 'NONE', #5444, 1000.000000000000000 ) ;
#1290 = VECTOR ( 'NONE', #7343, 1000.000000000000000 ) ;
#1291 = EDGE_CURVE ( 'NONE', #4213, #1784, #2048, .T. ) ;
#1292 = ORIENTED_EDGE ( 'NONE', *, *, #1398, .F. ) ;
#1293 = EDGE_LOOP ( 'NONE', ( #7630, #7149, #4163, #6570 ) ) ;
#1294 = FACE_OUTER_BOUND ( 'NONE', #2378, .T. ) ;
#1295 = VECTOR ( 'NONE', #3116, 1000.000000000000000 ) ;
#1296 = ORIENTED_EDGE ( 'NONE', *, *, #854, .T. ) ;
#1297 = CARTESIAN_POINT ( 'NONE',  ( -2.680000000000001936, 0.6999999999999992895, -1.050000000000000044 ) ) ;
#1298 = ORIENTED_EDGE ( 'NONE', *, *, #4086, .T. ) ;
#1299 = CARTESIAN_POINT ( 'NONE',  ( -11.68000000000000327, -3.180000000000000604, -0.3200000000000000067 ) ) ;
#1300 = AXIS2_PLACEMENT_3D ( 'NONE', #2220, #4394, #6617 ) ;
#1301 = DIRECTION ( 'NONE',  ( 0.000000000000000000, 0.000000000000000000, 1.000000000000000000 ) ) ;
#1302 = CARTESIAN_POINT ( 'NONE',  ( -2.680000000000001936, -2.580000000000000515, 0.3200000000000000067 ) ) ;
#1303 = AXIS2_PLACEMENT_3D ( 'NONE', #970, #8671, #3155 ) ;
#1304 = AXIS2_PLACEMENT_3D ( 'NONE', #3543, #7015, #7839 ) ;
#1305 = DIRECTION ( 'NONE',  ( 0.000000000000000000, 0.000000000000000000, 1.000000000000000000 ) ) ;
#1306 = LINE ( 'NONE', #4687, #1050 ) ;
#1307 = VECTOR ( 'NONE', #8780, 1000.000000000000000 ) ;
#1308 = DIRECTION ( 'NONE',  ( -0.7071067811864980568, 0.7071067811865969777, 0.000000000000000000 ) ) ;
#1309 = VERTEX_POINT ( 'NONE', #1858 ) ;
#1310 = DIRECTION ( 'NONE',  ( -1.000000000000000000, 0.000000000000000000, 0.000000000000000000 ) ) ;
#1311 = ORIENTED_EDGE ( 'NONE', *, *, #8376, .T. ) ;
#1312 = DIRECTION ( 'NONE',  ( 0.7071067811865475727, 0.000000000000000000, -0.7071067811865475727 ) ) ;
#1313 = FACE_OUTER_BOUND ( 'NONE', #2293, .T. ) ;
#1314 = ORIENTED_EDGE ( 'NONE', *, *, #2829, .F. ) ;
#1315 = ORIENTED_EDGE ( 'NONE', *, *, #7373, .F. ) ;
#1316 = EDGE_CURVE ( 'NONE', #2492, #8947, #6914, .T. ) ;
#1317 = VECTOR ( 'NONE', #8670, 1000.000000000000000 ) ;
#1318 = VECTOR ( 'NONE', #3899, 1000.000000000000000 ) ;
#1319 = ADVANCED_FACE ( 'NONE', ( #4737 ), #1996, .F. ) ;
#1320 = ADVANCED_FACE ( 'NONE', ( #7014 ), #9090, .F. ) ;
#1321 = DIRECTION ( 'NONE',  ( 0.000000000000000000, 0.000000000000000000, -1.000000000000000000 ) ) ;
#1322 = EDGE_CURVE ( 'NONE', #763, #345, #6176, .T. ) ;
#1323 = AXIS2_PLACEMENT_3D ( 'NONE', #4158, #7731, #4200 ) ;
#1324 = LINE ( 'NONE', #8221, #3967 ) ;
#1325 = VERTEX_POINT ( 'NONE', #2742 ) ;
#1326 = EDGE_CURVE ( 'NONE', #215, #8700, #5477, .T. ) ;
#1327 = PLANE ( 'NONE',  #398 ) ;
#1328 = VERTEX_POINT ( 'NONE', #652 ) ;
#1329 = VERTEX_POINT ( 'NONE', #6228 ) ;
#1330 = LINE ( 'NONE', #1797, #7046 ) ;
#1331 = AXIS2_PLACEMENT_3D ( 'NONE', #4775, #7558, #1214 ) ;
#1332 = AXIS2_PLACEMENT_3D ( 'NONE', #3307, #1127, #690 ) ;
#1333 = ORIENTED_EDGE ( 'NONE', *, *, #5130, .T. ) ;
#1334 = CARTESIAN_POINT ( 'NONE',  ( 3.319999999999998508, 2.699999999999999734, -0.04250000000000000305 ) ) ;
#1335 = LINE ( 'NONE', #5497, #6064 ) ;
#1336 = VECTOR ( 'NONE', #6137, 1000.000000000000000 ) ;
#1337 = VECTOR ( 'NONE', #4519, 1000.000000000000000 ) ;
#1338 = PLANE ( 'NONE',  #6033 ) ;
#1339 = ORIENTED_EDGE ( 'NONE', *, *, #213, .F. ) ;
#1340 = ORIENTED_EDGE ( 'NONE', *, *, #3482, .F. ) ;
#1341 = ORIENTED_EDGE ( 'NONE', *, *, #5272, .T. ) ;
#1342 = CARTESIAN_POINT ( 'NONE',  ( -10.25000000000000178, 9.899999999999998579, -1.250000000000000000 ) ) ;
#1343 = LINE ( 'NONE', #9076, #4998 ) ;
#1344 = ORIENTED_EDGE ( 'NONE', *, *, #8242, .T. ) ;
#1345 = ORIENTED_EDGE ( 'NONE', *, *, #6715, .T. ) ;
#1346 = DIRECTION ( 'NONE',  ( 1.000000000000000000, 0.000000000000000000, 0.000000000000000000 ) ) ;
#1347 = ADVANCED_FACE ( 'NONE', ( #3993 ), #4400, .T. ) ;
#1348 = EDGE_CURVE ( 'NONE', #5583, #117, #5700, .T. ) ;
#1349 = ADVANCED_FACE ( 'NONE', ( #7838 ), #8620, .T. ) ;
#1350 = VERTEX_POINT ( 'NONE', #3541 ) ;
#1351 = DIRECTION ( 'NONE',  ( 1.000000000000000000, 0.000000000000000000, 0.000000000000000000 ) ) ;
#1352 = DIRECTION ( 'NONE',  ( 0.000000000000000000, -1.000000000000000000, 0.000000000000000000 ) ) ;
#1353 = DIRECTION ( 'NONE',  ( 0.000000000000000000, 0.3162277660168079652, 0.9486832980505238710 ) ) ;
#1354 = CARTESIAN_POINT ( 'NONE',  ( -3.320000000000001616, 6.899999999999999467, 0.3200000000000000067 ) ) ;
#1355 = CARTESIAN_POINT ( 'NONE',  ( -9.320000000000002061, -8.673617379884035472E-16, -1.930000000000000160 ) ) ;
#1356 = CARTESIAN_POINT ( 'NONE',  ( 3.319999999999998508, 1.849999999999999645, 1.430000000000000160 ) ) ;
#1357 = DIRECTION ( 'NONE',  ( 0.000000000000000000, 0.000000000000000000, -1.000000000000000000 ) ) ;
#1358 = CARTESIAN_POINT ( 'NONE',  ( -2.680000000000001936, 1.269999999999999352, -0.8750000000000000000 ) ) ;
#1359 = CARTESIAN_POINT ( 'NONE',  ( -15.32000000000000206, -1.150000000000000799, 2.469999999999999751 ) ) ;
#1360 = FACE_OUTER_BOUND ( 'NONE', #7673, .T. ) ;
#1361 = VERTEX_POINT ( 'NONE', #7057 ) ;
#1362 = DIRECTION ( 'NONE',  ( -1.000000000000000000, 0.000000000000000000, 0.000000000000000000 ) ) ;
#1363 = ORIENTED_EDGE ( 'NONE', *, *, #4009, .T. ) ;
#1364 = FACE_OUTER_BOUND ( 'NONE', #2621, .T. ) ;
#1365 = CARTESIAN_POINT ( 'NONE',  ( -12.32000000000000028, 6.899999999999999467, -0.3200000000000000067 ) ) ;
#1366 = VERTEX_POINT ( 'NONE', #2177 ) ;
#1367 = VERTEX_POINT ( 'NONE', #6447 ) ;
#1368 = LINE ( 'NONE', #7763, #7075 ) ;
#1369 = LINE ( 'NONE', #2852, #3952 ) ;
#1370 = PLANE ( 'NONE',  #7083 ) ;
#1371 = ORIENTED_EDGE ( 'NONE', *, *, #2157, .F. ) ;
#1372 = LINE ( 'NONE', #3555, #2321 ) ;
#1373 = ORIENTED_EDGE ( 'NONE', *, *, #5528, .T. ) ;
#1374 = ORIENTED_EDGE ( 'NONE', *, *, #2112, .T. ) ;
#1375 = DIRECTION ( 'NONE',  ( 0.000000000000000000, 0.000000000000000000, -1.000000000000000000 ) ) ;
#1376 = VECTOR ( 'NONE', #6141, 1000.000000000000000 ) ;
#1377 = CARTESIAN_POINT ( 'NONE',  ( -6.320000000000002061, 1.349999999999999645, -1.050000000000000044 ) ) ;
#1378 = CARTESIAN_POINT ( 'NONE',  ( -4.750000000000001776, 9.899999999999998579, 0.5500000000000000444 ) ) ;
#1379 =( LENGTH_UNIT ( ) NAMED_UNIT ( * ) SI_UNIT ( .MILLI., .METRE. ) );
#1380 = LINE ( 'NONE', #5033, #3081 ) ;
#1381 = VERTEX_POINT ( 'NONE', #7232 ) ;
#1382 = VERTEX_POINT ( 'NONE', #2921 ) ;
#1383 = ORIENTED_EDGE ( 'NONE', *, *, #118, .T. ) ;
#1384 = DIRECTION ( 'NONE',  ( 0.000000000000000000, 0.000000000000000000, 1.000000000000000000 ) ) ;
#1385 = VERTEX_POINT ( 'NONE', #827 ) ;
#1386 = ORIENTED_EDGE ( 'NONE', *, *, #6034, .F. ) ;
#1387 = PLANE ( 'NONE',  #4038 ) ;
#1388 = ORIENTED_EDGE ( 'NONE', *, *, #3444, .F. ) ;
#1389 = VERTEX_POINT ( 'NONE', #86 ) ;
#1390 = CARTESIAN_POINT ( 'NONE',  ( -15.32000000000000206, 0.6699999999999995959, 0.8750000000000000000 ) ) ;
#1391 = CARTESIAN_POINT ( 'NONE',  ( 0.3199999999999982303, 1.269999999999999352, 0.8750000000000000000 ) ) ;
#1392 = ADVANCED_FACE ( 'NONE', ( #5009 ), #2269, .T. ) ;
#1393 = CARTESIAN_POINT ( 'NONE',  ( 2.669999999999998597, -8.673617379884035472E-16, 2.469999999999999751 ) ) ;
#1394 = CARTESIAN_POINT ( 'NONE',  ( 0.3199999999999982303, -8.673617379884035472E-16, 1.270000000000000018 ) ) ;
#1395 = CARTESIAN_POINT ( 'NONE',  ( 0.3199999999999982303, 0.6999999999999992895, -1.050000000000000044 ) ) ;
#1396 = ADVANCED_FACE ( 'NONE', ( #6367 ), #1399, .T. ) ;
#1397 = CARTESIAN_POINT ( 'NONE',  ( -2.680000000000001936, 2.549999999999999822, -0.3200000000000000067 ) ) ;
#1398 = EDGE_CURVE ( 'NONE', #1329, #4564, #8448, .T. ) ;
#1399 = PLANE ( 'NONE',  #3883 ) ;
#1400 = DIRECTION ( 'NONE',  ( 0.000000000000000000, 0.000000000000000000, -1.000000000000000000 ) ) ;
#1401 = CARTESIAN_POINT ( 'NONE',  ( -2.680000000000001936, 0.6999999999999992895, 0.3200000000000000067 ) ) ;
#1402 = ORIENTED_EDGE ( 'NONE', *, *, #5396, .F. ) ;
#1403 = DIRECTION ( 'NONE',  ( -1.000000000000000000, 0.000000000000000000, 0.000000000000000000 ) ) ;
#1404 = EDGE_CURVE ( 'NONE', #4647, #6635, #2227, .T. ) ;
#1405 = VERTEX_POINT ( 'NONE', #2096 ) ;
#1406 = DIRECTION ( 'NONE',  ( 0.000000000000000000, -1.000000000000000000, 0.000000000000000000 ) ) ;
#1407 = DIRECTION ( 'NONE',  ( 8.881784197000999888E-14, -1.000000000000000000, 0.000000000000000000 ) ) ;
#1408 = VERTEX_POINT ( 'NONE', #6492 ) ;
#1409 = EDGE_CURVE ( 'NONE', #8227, #4069, #4922, .T. ) ;
#1410 = CARTESIAN_POINT ( 'NONE',  ( -9.320000000000002061, 3.299999999999999378, -0.3200000000000000067 ) ) ;
#1411 = VECTOR ( 'NONE', #2349, 1000.000000000000000 ) ;
#1412 = LINE ( 'NONE', #7849, #2320 ) ;
#1413 = CARTESIAN_POINT ( 'NONE',  ( -2.680000000000001936, 1.269999999999999352, -0.8750000000000000000 ) ) ;
#1414 = AXIS2_PLACEMENT_3D ( 'NONE', #898, #4142, #4088 ) ;
#1415 = AXIS2_PLACEMENT_3D ( 'NONE', #8713, #2358, #4446 ) ;
#1416 = DIRECTION ( 'NONE',  ( 1.000000000000000000, 0.000000000000000000, 0.000000000000000000 ) ) ;
#1417 = ORIENTED_EDGE ( 'NONE', *, *, #1322, .F. ) ;
#1418 = VERTEX_POINT ( 'NONE', #2136 ) ;
#1419 = CARTESIAN_POINT ( 'NONE',  ( 3.269999999999998685, 2.301063802837999717, 0.2700000000000000178 ) ) ;
#1420 = CARTESIAN_POINT ( 'NONE',  ( -6.120000000000001883, -3.180000000000000604, 0.1200000000000000094 ) ) ;
#1421 = VECTOR ( 'NONE', #6224, 1000.000000000000000 ) ;
#1422 = FACE_OUTER_BOUND ( 'NONE', #3378, .T. ) ;
#1423 = ORIENTED_EDGE ( 'NONE', *, *, #2087, .T. ) ;
#1424 = ORIENTED_EDGE ( 'NONE', *, *, #4501, .F. ) ;
#1425 = ORIENTED_EDGE ( 'NONE', *, *, #2363, .T. ) ;
#1426 = DIRECTION ( 'NONE',  ( 0.000000000000000000, -1.000000000000000000, 0.000000000000000000 ) ) ;
#1427 = ORIENTED_EDGE ( 'NONE', *, *, #7680, .F. ) ;
#1428 = ORIENTED_EDGE ( 'NONE', *, *, #6155, .T. ) ;
#1429 = CARTESIAN_POINT ( 'NONE',  ( -15.32000000000000206, 0.6699999999999995959, 1.270000000000000018 ) ) ;
#1430 = EDGE_CURVE ( 'NONE', #7031, #598, #1444, .T. ) ;
#1431 = EDGE_CURVE ( 'NONE', #6478, #1944, #135, .T. ) ;
#1432 = VECTOR ( 'NONE', #492, 1000.000000000000000 ) ;
#1433 = AXIS2_PLACEMENT_3D ( 'NONE', #4866, #1601, #599 ) ;
#1434 = ORIENTED_EDGE ( 'NONE', *, *, #5162, .F. ) ;
#1435 = EDGE_CURVE ( 'NONE', #1361, #1220, #785, .T. ) ;
#1436 = PLANE ( 'NONE',  #6216 ) ;
#1437 = PLANE ( 'NONE',  #8249 ) ;
#1438 = CARTESIAN_POINT ( 'NONE',  ( 3.319999999999998508, 0.6699999999999995959, 0.8750000000000000000 ) ) ;
#1439 = CARTESIAN_POINT ( 'NONE',  ( -15.32000000000000206, 8.500000000000000000, -1.930000000000000160 ) ) ;
#1440 = DIRECTION ( 'NONE',  ( 1.000000000000000000, 0.000000000000000000, 0.000000000000000000 ) ) ;
#1441 = VECTOR ( 'NONE', #1012, 1000.000000000000000 ) ;
#1442 = PLANE ( 'NONE',  #8269 ) ;
#1443 = VECTOR ( 'NONE', #6190, 1000.000000000000000 ) ;
#1444 = LINE ( 'NONE', #1486, #5064 ) ;
#1445 = VECTOR ( 'NONE', #5316, 1000.000000000000000 ) ;
#1446 = CARTESIAN_POINT ( 'NONE',  ( -2.680000000000001936, 0.6699999999999995959, 1.270000000000000018 ) ) ;
#1447 = AXIS2_PLACEMENT_3D ( 'NONE', #2172, #4215, #4816 ) ;
#1448 = CARTESIAN_POINT ( 'NONE',  ( 1.919999999999998153, 8.500000000000000000, -1.250000000000000000 ) ) ;
#1449 = ORIENTED_EDGE ( 'NONE', *, *, #3184, .T. ) ;
#1450 = CARTESIAN_POINT ( 'NONE',  ( -5.680000000000001492, -2.580000000000000515, -0.3200000000000000067 ) ) ;
#1451 = AXIS2_PLACEMENT_3D ( 'NONE', #1282, #6944, #588 ) ;
#1452 = ORIENTED_EDGE ( 'NONE', *, *, #8355, .F. ) ;
#1453 = DIRECTION ( 'NONE',  ( 0.000000000000000000, 1.000000000000000000, 0.000000000000000000 ) ) ;
#1454 = ORIENTED_EDGE ( 'NONE', *, *, #7011, .T. ) ;
#1455 = VECTOR ( 'NONE', #2862, 1000.000000000000000 ) ;
#1456 = CARTESIAN_POINT ( 'NONE',  ( -0.3200000000000017275, -8.673617379884035472E-16, -1.930000000000000160 ) ) ;
#1457 = EDGE_CURVE ( 'NONE', #1988, #8306, #7141, .T. ) ;
#1458 = ADVANCED_FACE ( 'NONE', ( #3580 ), #3618, .T. ) ;
#1459 = DIRECTION ( 'NONE',  ( 0.000000000000000000, -1.000000000000000000, 0.000000000000000000 ) ) ;
#1460 = LINE ( 'NONE', #8464, #263 ) ;
#1461 = CARTESIAN_POINT ( 'NONE',  ( -9.320000000000002061, 0.6999999999999992895, -0.3200000000000000067 ) ) ;
#1462 = VERTEX_POINT ( 'NONE', #2970 ) ;
#1463 = VECTOR ( 'NONE', #7609, 1000.000000000000114 ) ;
#1464 = VERTEX_POINT ( 'NONE', #5787 ) ;
#1465 = DIRECTION ( 'NONE',  ( 1.000000000000000000, 0.000000000000000000, 0.000000000000000000 ) ) ;
#1466 = AXIS2_PLACEMENT_3D ( 'NONE', #1448, #7143, #703 ) ;
#1467 = LINE ( 'NONE', #3599, #550 ) ;
#1468 = CARTESIAN_POINT ( 'NONE',  ( -0.3200000000000017275, 0.6999999999999992895, 0.3200000000000000067 ) ) ;
#1470 = EDGE_CURVE ( 'NONE', #4546, #1220, #2880, .T. ) ;
#1469 = ORIENTED_EDGE ( 'NONE', *, *, #7961, .F. ) ;
#1471 = VERTEX_POINT ( 'NONE', #6018 ) ;
#1472 = ORIENTED_EDGE ( 'NONE', *, *, #7752, .F. ) ;
#1473 = CARTESIAN_POINT ( 'NONE',  ( -4.250000000000001776, 9.899999999999998579, -1.250000000000000000 ) ) ;
#1474 = EDGE_CURVE ( 'NONE', #7419, #8673, #5142, .T. ) ;
#1475 = ORIENTED_EDGE ( 'NONE', *, *, #7891, .T. ) ;
#1476 = ORIENTED_EDGE ( 'NONE', *, *, #7515, .F. ) ;
#1477 = DIRECTION ( 'NONE',  ( 1.000000000000000000, 0.000000000000000000, 0.000000000000000000 ) ) ;
#1478 = VECTOR ( 'NONE', #7249, 1000.000000000000000 ) ;
#1479 = ORIENTED_EDGE ( 'NONE', *, *, #4593, .F. ) ;
#1480 = CARTESIAN_POINT ( 'NONE',  ( -3.320000000000001616, -2.580000000000000515, 0.3200000000000000067 ) ) ;
#1481 = CARTESIAN_POINT ( 'NONE',  ( -3.320000000000001616, 3.299999999999999378, 0.3200000000000000067 ) ) ;
#1482 = CARTESIAN_POINT ( 'NONE',  ( 3.319999999999998508, -1.150000000000000799, 2.469999999999999751 ) ) ;
#1483 = DIRECTION ( 'NONE',  ( 1.000000000000000000, 0.000000000000000000, 0.000000000000000000 ) ) ;
#1484 = CARTESIAN_POINT ( 'NONE',  ( 2.994999999999997442, -1.275000000000000133, 1.719999999999999973 ) ) ;
#1485 = EDGE_CURVE ( 'NONE', #1328, #8875, #1108, .T. ) ;
#1486 = CARTESIAN_POINT ( 'NONE',  ( 3.319999999999998508, 1.449999999999999512, -0.04250000000000000305 ) ) ;
#1487 = CARTESIAN_POINT ( 'NONE',  ( -12.32000000000000028, -8.673617379884035472E-16, -1.930000000000000160 ) ) ;
#1488 = CARTESIAN_POINT ( 'NONE',  ( -13.25000000000000178, 9.899999999999998579, -1.250000000000000000 ) ) ;
#1489 = VERTEX_POINT ( 'NONE', #7412 ) ;
#1490 = FACE_OUTER_BOUND ( 'NONE', #8777, .T. ) ;
#1491 = DIRECTION ( 'NONE',  ( 0.000000000000000000, 0.000000000000000000, -1.000000000000000000 ) ) ;
#1492 = DIRECTION ( 'NONE',  ( 0.000000000000000000, 0.000000000000000000, -1.000000000000000000 ) ) ;
#1493 = ORIENTED_EDGE ( 'NONE', *, *, #3796, .T. ) ;
#1494 = VECTOR ( 'NONE', #1074, 1000.000000000000000 ) ;
#1495 = FACE_OUTER_BOUND ( 'NONE', #2715, .T. ) ;
#1496 = DIRECTION ( 'NONE',  ( 0.000000000000000000, 0.000000000000000000, -1.000000000000000000 ) ) ;
#1497 = LINE ( 'NONE', #4326, #572 ) ;
#1498 = LINE ( 'NONE', #2110, #698 ) ;
#1499 = EDGE_LOOP ( 'NONE', ( #1292, #9148, #6748, #4508, #4931, #4644 ) ) ;
#1500 = FACE_OUTER_BOUND ( 'NONE', #6374, .T. ) ;
#1501 = ADVANCED_FACE ( 'NONE', ( #7365 ), #5329, .F. ) ;
#1502 = VERTEX_POINT ( 'NONE', #922 ) ;
#1503 = EDGE_CURVE ( 'NONE', #7419, #5770, #8666, .T. ) ;
#1504 = DIRECTION ( 'NONE',  ( 0.000000000000000000, 0.000000000000000000, -1.000000000000000000 ) ) ;
#1505 = EDGE_CURVE ( 'NONE', #6877, #1187, #3846, .T. ) ;
#1506 = DIRECTION ( 'NONE',  ( 0.000000000000000000, 0.000000000000000000, -1.000000000000000000 ) ) ;
#1507 = LINE ( 'NONE', #7162, #1896 ) ;
#1508 = ORIENTED_EDGE ( 'NONE', *, *, #159, .F. ) ;
#1509 = ORIENTED_EDGE ( 'NONE', *, *, #5134, .T. ) ;
#1510 = FACE_OUTER_BOUND ( 'NONE', #6709, .T. ) ;
#1511 = ORIENTED_EDGE ( 'NONE', *, *, #8355, .T. ) ;
#1512 = CARTESIAN_POINT ( 'NONE',  ( 2.384999999999998010, 1.699999999999999734, 1.680000000000000160 ) ) ;
#1513 = VECTOR ( 'NONE', #2116, 1000.000000000000114 ) ;
#1514 = ORIENTED_EDGE ( 'NONE', *, *, #5043, .F. ) ;
#1515 = VECTOR ( 'NONE', #180, 1000.000000000000000 ) ;
#1516 = EDGE_LOOP ( 'NONE', ( #8271, #5340, #6583, #4616 ) ) ;
#1517 = EDGE_CURVE ( 'NONE', #6975, #682, #362, .T. ) ;
#1518 = DIRECTION ( 'NONE',  ( 0.000000000000000000, 0.000000000000000000, -1.000000000000000000 ) ) ;
#1519 = VECTOR ( 'NONE', #6903, 1000.000000000000000 ) ;
#1520 = EDGE_CURVE ( 'NONE', #2568, #3759, #3056, .T. ) ;
#1521 = ORIENTED_EDGE ( 'NONE', *, *, #8629, .F. ) ;
#1522 = EDGE_CURVE ( 'NONE', #7643, #3745, #5228, .T. ) ;
#1523 = CARTESIAN_POINT ( 'NONE',  ( -11.68000000000000327, 1.269999999999999352, 0.8750000000000000000 ) ) ;
#1524 = DIRECTION ( 'NONE',  ( 0.000000000000000000, 0.000000000000000000, -1.000000000000000000 ) ) ;
#1525 = DIRECTION ( 'NONE',  ( 0.000000000000000000, 0.000000000000000000, 1.000000000000000000 ) ) ;
#1526 = CARTESIAN_POINT ( 'NONE',  ( -5.680000000000001492, -8.673617379884035472E-16, -1.930000000000000160 ) ) ;
#1527 = CARTESIAN_POINT ( 'NONE',  ( 0.3199999999999982303, -8.673617379884035472E-16, -1.270000000000000018 ) ) ;
#1528 = CARTESIAN_POINT ( 'NONE',  ( -8.680000000000001492, 1.349999999999999645, 1.649999999999999911 ) ) ;
#1529 = LINE ( 'NONE', #8896, #2473 ) ;
#1530 = DIRECTION ( 'NONE',  ( 1.000000000000000000, 0.000000000000000000, 0.000000000000000000 ) ) ;
#1531 = VERTEX_POINT ( 'NONE', #3104 ) ;
#1532 = FACE_OUTER_BOUND ( 'NONE', #6132, .T. ) ;
#1533 = DIRECTION ( 'NONE',  ( 0.000000000000000000, 0.000000000000000000, -1.000000000000000000 ) ) ;
#1534 = LINE ( 'NONE', #4360, #5989 ) ;
#1535 = ORIENTED_EDGE ( 'NONE', *, *, #2720, .F. ) ;
#1536 = EDGE_CURVE ( 'NONE', #4594, #3341, #3935, .T. ) ;
#1537 = ADVANCED_FACE ( 'NONE', ( #6717 ), #4531, .T. ) ;
#1538 = PLANE ( 'NONE',  #3374 ) ;
#1539 = LINE ( 'NONE', #893, #2035 ) ;
#1540 = DIRECTION ( 'NONE',  ( 0.000000000000000000, -1.000000000000000000, 0.000000000000000000 ) ) ;
#1541 = ADVANCED_FACE ( 'NONE', ( #7457 ), #6768, .T. ) ;
#1542 = CARTESIAN_POINT ( 'NONE',  ( 1.934999999999997389, 0.6699999999999995959, 1.270000000000000018 ) ) ;
#1543 = EDGE_LOOP ( 'NONE', ( #486, #7888, #6739 ) ) ;
#1544 = DIRECTION ( 'NONE',  ( 1.000000000000000000, 0.000000000000000000, 0.000000000000000000 ) ) ;
#1545 = ORIENTED_EDGE ( 'NONE', *, *, #5837, .F. ) ;
#1546 = LINE ( 'NONE', #802, #8319 ) ;
#1547 = AXIS2_PLACEMENT_3D ( 'NONE', #5102, #4410, #3017 ) ;
#1548 = CARTESIAN_POINT ( 'NONE',  ( -6.320000000000002061, 0.6999999999999992895, -0.8750000000000000000 ) ) ;
#1549 = CARTESIAN_POINT ( 'NONE',  ( -5.680000000000001492, -8.673617379884035472E-16, 1.270000000000000018 ) ) ;
#1550 = EDGE_LOOP ( 'NONE', ( #3937, #1091, #2388, #8749 ) ) ;
#1551 = CARTESIAN_POINT ( 'NONE',  ( 2.669999999999998597, -1.150000000000000799, 1.570000000000000062 ) ) ;
#1552 = ORIENTED_EDGE ( 'NONE', *, *, #65, .F. ) ;
#1553 = DIRECTION ( 'NONE',  ( 0.000000000000000000, 0.000000000000000000, 1.000000000000000000 ) ) ;
#1554 = ORIENTED_EDGE ( 'NONE', *, *, #7013, .F. ) ;
#1555 = VERTEX_POINT ( 'NONE', #316 ) ;
#1556 = AXIS2_PLACEMENT_3D ( 'NONE', #3238, #455, #499 ) ;
#1557 = DIRECTION ( 'NONE',  ( 0.000000000000000000, 0.000000000000000000, -1.000000000000000000 ) ) ;
#1558 = LINE ( 'NONE', #8045, #3032 ) ;
#1559 = UNCERTAINTY_MEASURE_WITH_UNIT (LENGTH_MEASURE( 1.000000000000000082E-05 ), #8979, 'distance_accuracy_value', 'NONE');
#1560 = ORIENTED_EDGE ( 'NONE', *, *, #1952, .F. ) ;
#1561 = EDGE_CURVE ( 'NONE', #6456, #1274, #2362, .T. ) ;
#1562 = ORIENTED_EDGE ( 'NONE', *, *, #8482, .F. ) ;
#1563 = EDGE_CURVE ( 'NONE', #2006, #8363, #6670, .T. ) ;
#1564 = CARTESIAN_POINT ( 'NONE',  ( -13.25000000000000178, 9.899999999999998579, 0.5500000000000000444 ) ) ;
#1565 = DIRECTION ( 'NONE',  ( 0.000000000000000000, 0.000000000000000000, 1.000000000000000000 ) ) ;
#1566 = CARTESIAN_POINT ( 'NONE',  ( -5.880000000000001670, -3.180000000000000604, 0.1200000000000000094 ) ) ;
#1567 = ADVANCED_FACE ( 'NONE', ( #8013 ), #4488, .T. ) ;
#1568 = DIRECTION ( 'NONE',  ( 0.000000000000000000, -1.000000000000000000, 0.000000000000000000 ) ) ;
#1570 = CARTESIAN_POINT ( 'NONE',  ( -6.320000000000002061, 1.349999999999999645, -1.050000000000000044 ) ) ;
#1569 = VECTOR ( 'NONE', #2163, 1000.000000000000000 ) ;
#1571 = VECTOR ( 'NONE', #4730, 1000.000000000000114 ) ;
#1572 = LINE ( 'NONE', #2271, #8252 ) ;
#1573 = CARTESIAN_POINT ( 'NONE',  ( -3.320000000000001616, 0.6999999999999992895, -0.3200000000000000067 ) ) ;
#1574 = ORIENTED_EDGE ( 'NONE', *, *, #4975, .F. ) ;
#1575 = DIRECTION ( 'NONE',  ( 0.000000000000000000, 1.000000000000000000, 0.000000000000000000 ) ) ;
#1576 = CARTESIAN_POINT ( 'NONE',  ( -11.68000000000000327, -8.673617379884035472E-16, 1.680000000000000160 ) ) ;
#1577 = CARTESIAN_POINT ( 'NONE',  ( -3.320000000000001616, -2.580000000000000515, -0.3200000000000000067 ) ) ;
#1578 = ORIENTED_EDGE ( 'NONE', *, *, #8481, .F. ) ;
#1579 = VECTOR ( 'NONE', #8541, 1000.000000000000000 ) ;
#1580 = VECTOR ( 'NONE', #798, 1000.000000000000000 ) ;
#1581 = DIRECTION ( 'NONE',  ( -0.3015113445777909407, 0.9045340337332726799, -0.3015113445777909407 ) ) ;
#1582 = PLANE ( 'NONE',  #3806 ) ;
#1583 = VECTOR ( 'NONE', #1059, 1000.000000000000000 ) ;
#1584 = VECTOR ( 'NONE', #7562, 1000.000000000000000 ) ;
#1585 = CARTESIAN_POINT ( 'NONE',  ( 3.319999999999998508, 8.500000000000000000, -1.250000000000000000 ) ) ;
#1586 = CARTESIAN_POINT ( 'NONE',  ( -11.68000000000000327, 6.899999999999999467, -0.3200000000000000067 ) ) ;
#1587 = CARTESIAN_POINT ( 'NONE',  ( -15.32000000000000206, 0.6699999999999995959, -1.270000000000000018 ) ) ;
#1588 = VERTEX_POINT ( 'NONE', #6623 ) ;
#1589 = FACE_OUTER_BOUND ( 'NONE', #7908, .T. ) ;
#1590 = ORIENTED_EDGE ( 'NONE', *, *, #3561, .T. ) ;
#1591 = VECTOR ( 'NONE', #7668, 1000.000000000000000 ) ;
#1592 = EDGE_CURVE ( 'NONE', #3321, #466, #1621, .T. ) ;
#1593 = VECTOR ( 'NONE', #2407, 1000.000000000000000 ) ;
#1594 = DIRECTION ( 'NONE',  ( 1.000000000000000000, 0.000000000000000000, 0.000000000000000000 ) ) ;
#1595 = ADVANCED_FACE ( 'NONE', ( #5969 ), #2445, .F. ) ;
#1596 = EDGE_CURVE ( 'NONE', #6543, #8116, #6079, .T. ) ;
#1597 = PLANE ( 'NONE',  #1726 ) ;
#1598 = VECTOR ( 'NONE', #3306, 1000.000000000000000 ) ;
#1599 = CARTESIAN_POINT ( 'NONE',  ( -5.880000000000001670, -3.180000000000000604, 0.1200000000000000094 ) ) ;
#1600 = ORIENTED_EDGE ( 'NONE', *, *, #150, .F. ) ;
#1601 = DIRECTION ( 'NONE',  ( 0.000000000000000000, -1.000000000000000000, 0.000000000000000000 ) ) ;
#1602 = VERTEX_POINT ( 'NONE', #5375 ) ;
#1603 = LINE ( 'NONE', #4297, #8088 ) ;
#1604 = ORIENTED_EDGE ( 'NONE', *, *, #8003, .T. ) ;
#1605 = ORIENTED_EDGE ( 'NONE', *, *, #145, .T. ) ;
#1606 = LINE ( 'NONE', #736, #138 ) ;
#1607 = VECTOR ( 'NONE', #3756, 1000.000000000000000 ) ;
#1608 = AXIS2_PLACEMENT_3D ( 'NONE', #6544, #5196, #6679 ) ;
#1609 = LINE ( 'NONE', #4440, #8208 ) ;
#1610 = ORIENTED_EDGE ( 'NONE', *, *, #5269, .F. ) ;
#1611 = ORIENTED_EDGE ( 'NONE', *, *, #5445, .T. ) ;
#1612 = FACE_OUTER_BOUND ( 'NONE', #2025, .T. ) ;
#1613 = DIRECTION ( 'NONE',  ( 1.000000000000000000, 0.000000000000000000, 0.000000000000000000 ) ) ;
#1614 = VECTOR ( 'NONE', #1278, 1000.000000000000114 ) ;
#1615 = FACE_OUTER_BOUND ( 'NONE', #3455, .T. ) ;
#1616 = EDGE_CURVE ( 'NONE', #7085, #6708, #8199, .T. ) ;
#1617 = FACE_OUTER_BOUND ( 'NONE', #51, .T. ) ;
#1618 = AXIS2_PLACEMENT_3D ( 'NONE', #7309, #4444, #5090 ) ;
#1619 = EDGE_CURVE ( 'NONE', #2973, #5439, #3785, .T. ) ;
#1620 = EDGE_CURVE ( 'NONE', #7822, #458, #4480, .T. ) ;
#1621 = LINE ( 'NONE', #271, #955 ) ;
#1622 = DIRECTION ( 'NONE',  ( -1.000000000000000000, 0.000000000000000000, 0.000000000000000000 ) ) ;
#1623 = AXIS2_PLACEMENT_3D ( 'NONE', #8090, #5313, #2391 ) ;
#1624 = LINE ( 'NONE', #1017, #4985 ) ;
#1625 = ORIENTED_EDGE ( 'NONE', *, *, #4702, .T. ) ;
#1626 = DIRECTION ( 'NONE',  ( 0.000000000000000000, -1.000000000000000000, 0.000000000000000000 ) ) ;
#1627 = CARTESIAN_POINT ( 'NONE',  ( -0.3200000000000017275, 0.6699999999999995959, 0.8750000000000000000 ) ) ;
#1628 = CARTESIAN_POINT ( 'NONE',  ( -2.680000000000001936, 0.6999999999999992895, 0.8750000000000000000 ) ) ;
#1629 = ORIENTED_EDGE ( 'NONE', *, *, #3098, .F. ) ;
#1630 = LINE ( 'NONE', #2322, #5897 ) ;
#1631 = ORIENTED_EDGE ( 'NONE', *, *, #6805, .F. ) ;
#1632 = CARTESIAN_POINT ( 'NONE',  ( -6.220000000000001528, 7.200000000000000178, 0.000000000000000000 ) ) ;
#1633 = DIRECTION ( 'NONE',  ( -1.000000000000000000, 0.000000000000000000, 0.000000000000000000 ) ) ;
#1634 = LINE ( 'NONE', #3074, #2797 ) ;
#1635 = PLANE ( 'NONE',  #1756 ) ;
#1636 = VERTEX_POINT ( 'NONE', #6660 ) ;
#1637 = LINE ( 'NONE', #5163, #6303 ) ;
#1638 = ORIENTED_EDGE ( 'NONE', *, *, #5562, .F. ) ;
#1639 = DIRECTION ( 'NONE',  ( 0.000000000000000000, -1.000000000000000000, 0.000000000000000000 ) ) ;
#1640 = CARTESIAN_POINT ( 'NONE',  ( -5.680000000000001492, 1.269999999999999352, -0.8750000000000000000 ) ) ;
#1641 = PLANE ( 'NONE',  #850 ) ;
#1642 = ORIENTED_EDGE ( 'NONE', *, *, #8988, .T. ) ;
#1643 = LINE ( 'NONE', #3778, #5132 ) ;
#1644 = VERTEX_POINT ( 'NONE', #869 ) ;
#1645 = DIRECTION ( 'NONE',  ( 1.000000000000000000, 0.000000000000000000, 0.000000000000000000 ) ) ;
#1646 = EDGE_LOOP ( 'NONE', ( #5715, #1083, #1611, #113, #6638, #6390, #9072, #2873 ) ) ;
#1647 = VERTEX_POINT ( 'NONE', #5867 ) ;
#1648 = LINE ( 'NONE', #3972, #3995 ) ;
#1649 = EDGE_CURVE ( 'NONE', #3642, #1246, #3003, .T. ) ;
#1650 = LINE ( 'NONE', #3878, #8823 ) ;
#1651 = EDGE_CURVE ( 'NONE', #437, #2805, #5261, .T. ) ;
#1652 = ORIENTED_EDGE ( 'NONE', *, *, #1026, .F. ) ;
#1653 = ORIENTED_EDGE ( 'NONE', *, *, #2099, .T. ) ;
#1654 = CARTESIAN_POINT ( 'NONE',  ( 3.319999999999998508, 0.6699999999999995959, 0.8750000000000000000 ) ) ;
#1655 = DIRECTION ( 'NONE',  ( -1.000000000000000000, 0.000000000000000000, 0.000000000000000000 ) ) ;
#1656 = CARTESIAN_POINT ( 'NONE',  ( 3.319999999999998508, 0.6699999999999995959, 0.8750000000000000000 ) ) ;
#1657 = CARTESIAN_POINT ( 'NONE',  ( -3.320000000000001616, 1.269999999999999352, 0.8750000000000000000 ) ) ;
#1658 = VECTOR ( 'NONE', #4651, 1000.000000000000000 ) ;
#1659 = CARTESIAN_POINT ( 'NONE',  ( -6.320000000000002061, 4.949999999999999289, 0.000000000000000000 ) ) ;
#1660 = CARTESIAN_POINT ( 'NONE',  ( -11.68000000000000327, 1.269999999999999352, 0.8750000000000000000 ) ) ;
#1661 = ORIENTED_EDGE ( 'NONE', *, *, #1522, .T. ) ;
#1662 = PLANE ( 'NONE',  #2049 ) ;
#1663 = CARTESIAN_POINT ( 'NONE',  ( -5.680000000000001492, -8.673617379884035472E-16, -1.930000000000000160 ) ) ;
#1664 = CARTESIAN_POINT ( 'NONE',  ( 3.319999999999998508, 8.500000000000000000, -1.930000000000000160 ) ) ;
#1665 = VERTEX_POINT ( 'NONE', #911 ) ;
#1666 = ADVANCED_FACE ( 'NONE', ( #8703 ), #8655, .F. ) ;
#1667 = EDGE_CURVE ( 'NONE', #2856, #5113, #7352, .T. ) ;
#1668 = PLANE ( 'NONE',  #5609 ) ;
#1669 = EDGE_LOOP ( 'NONE', ( #9112, #265, #2102, #1911 ) ) ;
#1670 = CARTESIAN_POINT ( 'NONE',  ( -15.32000000000000206, -8.673617379884035472E-16, -1.930000000000000160 ) ) ;
#1671 = ADVANCED_FACE ( 'NONE', ( #3700 ), #3094, .T. ) ;
#1672 = DIRECTION ( 'NONE',  ( -1.000000000000000000, 0.000000000000000000, 0.000000000000000000 ) ) ;
#1673 = EDGE_LOOP ( 'NONE', ( #1897, #93, #1976, #1721 ) ) ;
#1674 = CARTESIAN_POINT ( 'NONE',  ( -4.750000000000001776, 3.299999999999999378, 0.5500000000000000444 ) ) ;
#1675 = FACE_OUTER_BOUND ( 'NONE', #8905, .T. ) ;
#1676 = EDGE_CURVE ( 'NONE', #4058, #4381, #1558, .T. ) ;
#1677 = ORIENTED_EDGE ( 'NONE', *, *, #7199, .T. ) ;
#1678 = DIRECTION ( 'NONE',  ( 0.000000000000000000, 1.000000000000000000, 0.000000000000000000 ) ) ;
#1679 = ORIENTED_EDGE ( 'NONE', *, *, #1783, .T. ) ;
#1680 = FACE_OUTER_BOUND ( 'NONE', #6095, .T. ) ;
#1681 = DIRECTION ( 'NONE',  ( 0.000000000000000000, 0.000000000000000000, 1.000000000000000000 ) ) ;
#1682 = ORIENTED_EDGE ( 'NONE', *, *, #4009, .F. ) ;
#1683 = CARTESIAN_POINT ( 'NONE',  ( -15.32000000000000206, 4.949999999999999289, 0.000000000000000000 ) ) ;
#1684 = VERTEX_POINT ( 'NONE', #5220 ) ;
#1685 = DIRECTION ( 'NONE',  ( -0.000000000000000000, 1.000000000000000000, 0.000000000000000000 ) ) ;
#1686 = ORIENTED_EDGE ( 'NONE', *, *, #2961, .T. ) ;
#1687 = ORIENTED_EDGE ( 'NONE', *, *, #5765, .F. ) ;
#1688 = EDGE_CURVE ( 'NONE', #2278, #1128, #6526, .T. ) ;
#1689 = CARTESIAN_POINT ( 'NONE',  ( -15.32000000000000206, 0.6699999999999995959, 1.270000000000000018 ) ) ;
#1690 = CARTESIAN_POINT ( 'NONE',  ( -7.300000000000001599, 9.350000000000001421, -1.935000000000000053 ) ) ;
#1691 = AXIS2_PLACEMENT_3D ( 'NONE', #4555, #5114, #1678 ) ;
#1692 = DIRECTION ( 'NONE',  ( 0.000000000000000000, 0.000000000000000000, 1.000000000000000000 ) ) ;
#1693 = ORIENTED_EDGE ( 'NONE', *, *, #6547, .F. ) ;
#1694 = ORIENTED_EDGE ( 'NONE', *, *, #913, .F. ) ;
#1695 = ORIENTED_EDGE ( 'NONE', *, *, #5454, .F. ) ;
#1696 = DIRECTION ( 'NONE',  ( 0.000000000000000000, -1.000000000000000000, 0.000000000000000000 ) ) ;
#1697 = CARTESIAN_POINT ( 'NONE',  ( 3.319999999999998508, 2.699999999999999734, 0.1137500000000000039 ) ) ;
#1698 = AXIS2_PLACEMENT_3D ( 'NONE', #5282, #5473, #5516 ) ;
#1699 = EDGE_CURVE ( 'NONE', #931, #1868, #1609, .T. ) ;
#1700 = DIRECTION ( 'NONE',  ( 0.000000000000000000, -1.000000000000000000, 0.000000000000000000 ) ) ;
#1701 = PLANE ( 'NONE',  #7883 ) ;
#1702 = EDGE_CURVE ( 'NONE', #8767, #348, #5914, .T. ) ;
#1703 = DIRECTION ( 'NONE',  ( 0.000000000000000000, 0.000000000000000000, -1.000000000000000000 ) ) ;
#1704 = EDGE_CURVE ( 'NONE', #343, #356, #1740, .T. ) ;
#1705 = EDGE_CURVE ( 'NONE', #3133, #4254, #4522, .T. ) ;
#1706 = DIRECTION ( 'NONE',  ( 0.000000000000000000, -0.9486832980505238710, -0.3162277660168079652 ) ) ;
#1707 = ORIENTED_EDGE ( 'NONE', *, *, #8323, .T. ) ;
#1708 = CARTESIAN_POINT ( 'NONE',  ( -6.320000000000002061, 3.299999999999999378, 0.3200000000000000067 ) ) ;
#1709 = CARTESIAN_POINT ( 'NONE',  ( -3.320000000000001616, 1.349999999999999645, 1.649999999999999911 ) ) ;
#1710 = CARTESIAN_POINT ( 'NONE',  ( -6.320000000000002061, 1.269999999999999352, -0.8750000000000000000 ) ) ;
#1711 = ORIENTED_EDGE ( 'NONE', *, *, #1150, .T. ) ;
#1712 = LINE ( 'NONE', #7325, #7533 ) ;
#1713 = EDGE_LOOP ( 'NONE', ( #8960, #2844, #7285, #6823 ) ) ;
#1714 = DIRECTION ( 'NONE',  ( 0.000000000000000000, 0.000000000000000000, 1.000000000000000000 ) ) ;
#1715 = DIRECTION ( 'NONE',  ( -1.000000000000000000, 0.000000000000000000, 0.000000000000000000 ) ) ;
#1716 = VERTEX_POINT ( 'NONE', #1052 ) ;
#1717 = PLANE ( 'NONE',  #8863 ) ;
#1718 = CARTESIAN_POINT ( 'NONE',  ( 0.1199999999999977196, -3.180000000000000604, -0.1200000000000000094 ) ) ;
#1719 = AXIS2_PLACEMENT_3D ( 'NONE', #8375, #6209, #2027 ) ;
#1720 = VECTOR ( 'NONE', #5467, 1000.000000000000000 ) ;
#1721 = ORIENTED_EDGE ( 'NONE', *, *, #9043, .T. ) ;
#1722 = CARTESIAN_POINT ( 'NONE',  ( -15.32000000000000206, -8.673617379884035472E-16, 1.270000000000000018 ) ) ;
#1723 = ORIENTED_EDGE ( 'NONE', *, *, #9056, .T. ) ;
#1724 = EDGE_CURVE ( 'NONE', #6, #8374, #1650, .T. ) ;
#1725 = FACE_OUTER_BOUND ( 'NONE', #6106, .T. ) ;
#1726 = AXIS2_PLACEMENT_3D ( 'NONE', #3172, #4559, #5853 ) ;
#1727 = EDGE_CURVE ( 'NONE', #8496, #1861, #7306, .T. ) ;
#1728 = LINE ( 'NONE', #3820, #2920 ) ;
#1729 = FACE_OUTER_BOUND ( 'NONE', #6596, .T. ) ;
#1730 = ORIENTED_EDGE ( 'NONE', *, *, #1845, .F. ) ;
#1731 = CARTESIAN_POINT ( 'NONE',  ( -5.680000000000001492, 0.6999999999999992895, -0.3200000000000000067 ) ) ;
#1732 = ORIENTED_EDGE ( 'NONE', *, *, #7118, .F. ) ;
#1733 = VECTOR ( 'NONE', #6487, 1000.000000000000000 ) ;
#1734 = CARTESIAN_POINT ( 'NONE',  ( -9.320000000000002061, 3.299999999999999378, -0.3200000000000000067 ) ) ;
#1735 = AXIS2_PLACEMENT_3D ( 'NONE', #3162, #7520, #7423 ) ;
#1736 = EDGE_LOOP ( 'NONE', ( #7963, #5029, #4046, #2296, #435, #5358 ) ) ;
#1737 = ORIENTED_EDGE ( 'NONE', *, *, #2755, .F. ) ;
#1738 = FACE_OUTER_BOUND ( 'NONE', #4167, .T. ) ;
#1739 = DIRECTION ( 'NONE',  ( 0.000000000000000000, 0.000000000000000000, 1.000000000000000000 ) ) ;
#1740 = LINE ( 'NONE', #8006, #7779 ) ;
#1741 = VECTOR ( 'NONE', #4148, 1000.000000000000000 ) ;
#1742 = EDGE_CURVE ( 'NONE', #8636, #3837, #3835, .T. ) ;
#1743 = ORIENTED_EDGE ( 'NONE', *, *, #6031, .F. ) ;
#1744 = ORIENTED_EDGE ( 'NONE', *, *, #5020, .T. ) ;
#1745 = CARTESIAN_POINT ( 'NONE',  ( -0.3200000000000017275, -8.673617379884035472E-16, -1.930000000000000160 ) ) ;
#1746 = DIRECTION ( 'NONE',  ( 0.000000000000000000, 0.000000000000000000, -1.000000000000000000 ) ) ;
#1747 = VECTOR ( 'NONE', #8542, 1000.000000000000000 ) ;
#1748 = PLANE ( 'NONE',  #7857 ) ;
#1749 = CARTESIAN_POINT ( 'NONE',  ( -5.880000000000001670, -3.180000000000000604, -0.1200000000000000094 ) ) ;
#1750 = ADVANCED_FACE ( 'NONE', ( #5775 ), #8609, .T. ) ;
#1751 = DIRECTION ( 'NONE',  ( 1.000000000000000000, 0.000000000000000000, 0.000000000000000000 ) ) ;
#1752 = AXIS2_PLACEMENT_3D ( 'NONE', #788, #2799, #749 ) ;
#1753 = DIRECTION ( 'NONE',  ( 0.000000000000000000, -1.000000000000000000, 0.000000000000000000 ) ) ;
#1754 = ORIENTED_EDGE ( 'NONE', *, *, #3889, .F. ) ;
#1755 = FACE_OUTER_BOUND ( 'NONE', #3556, .T. ) ;
#1756 = AXIS2_PLACEMENT_3D ( 'NONE', #8773, #6592, #8870 ) ;
#1757 = CARTESIAN_POINT ( 'NONE',  ( 3.319999999999998508, 0.6699999999999995959, -1.270000000000000018 ) ) ;
#1758 = DIRECTION ( 'NONE',  ( -1.000000000000000000, 0.000000000000000000, 0.000000000000000000 ) ) ;
#1759 = ORIENTED_EDGE ( 'NONE', *, *, #3557, .T. ) ;
#1760 = EDGE_CURVE ( 'NONE', #7331, #5195, #6672, .T. ) ;
#1761 = CARTESIAN_POINT ( 'NONE',  ( 1.934999999999997389, 0.6699999999999995959, -1.270000000000000018 ) ) ;
#1762 = AXIS2_PLACEMENT_3D ( 'NONE', #6875, #2002, #479 ) ;
#1763 = VERTEX_POINT ( 'NONE', #4450 ) ;
#1764 = DIRECTION ( 'NONE',  ( 0.000000000000000000, 0.000000000000000000, -1.000000000000000000 ) ) ;
#1765 = AXIS2_PLACEMENT_3D ( 'NONE', #7827, #350, #3234 ) ;
#1766 = CARTESIAN_POINT ( 'NONE',  ( -6.320000000000002061, -2.580000000000000515, 0.3200000000000000067 ) ) ;
#1767 = EDGE_LOOP ( 'NONE', ( #2052, #5133, #1272, #3204 ) ) ;
#1768 = ADVANCED_FACE ( 'NONE', ( #3058 ), #3013, .F. ) ;
#1769 = DIRECTION ( 'NONE',  ( 1.000000000000000000, 0.000000000000000000, 0.000000000000000000 ) ) ;
#1770 = LINE ( 'NONE', #333, #5030 ) ;
#1771 = ORIENTED_EDGE ( 'NONE', *, *, #1178, .F. ) ;
#1772 = PLANE ( 'NONE',  #5840 ) ;
#1773 = EDGE_LOOP ( 'NONE', ( #1314, #6631, #7804, #954, #8046, #6735, #258, #2420 ) ) ;
#1774 = VERTEX_POINT ( 'NONE', #7975 ) ;
#1775 = CARTESIAN_POINT ( 'NONE',  ( -8.680000000000001492, 1.349999999999999645, -1.930000000000000160 ) ) ;
#1776 = LINE ( 'NONE', #2616, #4101 ) ;
#1777 = DIRECTION ( 'NONE',  ( 0.000000000000000000, 0.000000000000000000, -1.000000000000000000 ) ) ;
#1778 = ORIENTED_EDGE ( 'NONE', *, *, #5978, .T. ) ;
#1779 = ADVANCED_FACE ( 'NONE', ( #8759 ), #5970, .F. ) ;
#1780 = DIRECTION ( 'NONE',  ( -0.3015113445777909407, 0.9045340337332726799, -0.3015113445777909407 ) ) ;
#1781 = ORIENTED_EDGE ( 'NONE', *, *, #586, .T. ) ;
#1782 = CARTESIAN_POINT ( 'NONE',  ( -1.750000000000001554, 1.849999999999999645, 1.930000000000000160 ) ) ;
#1783 = EDGE_CURVE ( 'NONE', #4053, #2702, #2272, .T. ) ;
#1784 = VERTEX_POINT ( 'NONE', #2314 ) ;
#1785 = ORIENTED_EDGE ( 'NONE', *, *, #2736, .F. ) ;
#1786 = ADVANCED_FACE ( 'NONE', ( #882 ), #318, .T. ) ;
#1787 = EDGE_CURVE ( 'NONE', #7038, #8840, #1624, .T. ) ;
#1788 = DIRECTION ( 'NONE',  ( 0.000000000000000000, 0.000000000000000000, -1.000000000000000000 ) ) ;
#1789 = LINE ( 'NONE', #6110, #2501 ) ;
#1790 = CARTESIAN_POINT ( 'NONE',  ( 1.249999999999998446, 9.899999999999998579, 0.5500000000000000444 ) ) ;
#1791 = FACE_OUTER_BOUND ( 'NONE', #8650, .T. ) ;
#1792 = ORIENTED_EDGE ( 'NONE', *, *, #4115, .T. ) ;
#1793 = EDGE_LOOP ( 'NONE', ( #8982, #950, #4014, #8360 ) ) ;
#1794 = FACE_OUTER_BOUND ( 'NONE', #1543, .T. ) ;
#1795 = DIRECTION ( 'NONE',  ( 1.000000000000000000, 0.000000000000000000, 0.000000000000000000 ) ) ;
#1796 = EDGE_CURVE ( 'NONE', #2166, #2724, #924, .T. ) ;
#1797 = CARTESIAN_POINT ( 'NONE',  ( -5.680000000000001492, 6.899999999999999467, 0.3200000000000000067 ) ) ;
#1798 = DIRECTION ( 'NONE',  ( 0.000000000000000000, 0.000000000000000000, 1.000000000000000000 ) ) ;
#1799 = EDGE_CURVE ( 'NONE', #8136, #6594, #7925, .T. ) ;
#1800 = DIRECTION ( 'NONE',  ( 1.000000000000000000, 0.000000000000000000, 0.000000000000000000 ) ) ;
#1801 = LINE ( 'NONE', #8904, #7936 ) ;
#1802 = EDGE_LOOP ( 'NONE', ( #3435, #6096, #1252, #347 ) ) ;
#1803 = CARTESIAN_POINT ( 'NONE',  ( -12.12000000000000277, -3.180000000000000604, -0.1200000000000000094 ) ) ;
#1804 = DIRECTION ( 'NONE',  ( 0.000000000000000000, -1.000000000000000000, 0.000000000000000000 ) ) ;
#1805 = FACE_OUTER_BOUND ( 'NONE', #3704, .T. ) ;
#1806 = EDGE_CURVE ( 'NONE', #1502, #6837, #8056, .T. ) ;
#1807 = AXIS2_PLACEMENT_3D ( 'NONE', #2289, #7941, #1594 ) ;
#1808 = ORIENTED_EDGE ( 'NONE', *, *, #4124, .T. ) ;
#1809 = AXIS2_PLACEMENT_3D ( 'NONE', #1528, #7794, #8527 ) ;
#1810 = CARTESIAN_POINT ( 'NONE',  ( -3.120000000000001883, -3.180000000000000604, -0.1200000000000000094 ) ) ;
#1811 = ORIENTED_EDGE ( 'NONE', *, *, #2247, .F. ) ;
#1812 = CARTESIAN_POINT ( 'NONE',  ( -4.700000000000001954, 9.350000000000001421, -1.935000000000000053 ) ) ;
#1813 = AXIS2_PLACEMENT_3D ( 'NONE', #7740, #3480, #686 ) ;
#1814 = LINE ( 'NONE', #1218, #6776 ) ;
#1815 = ORIENTED_EDGE ( 'NONE', *, *, #29, .T. ) ;
#1816 = LINE ( 'NONE', #1450, #6791 ) ;
#1817 = FACE_OUTER_BOUND ( 'NONE', #4057, .T. ) ;
#1818 = ORIENTED_EDGE ( 'NONE', *, *, #8932, .T. ) ;
#1819 = DIRECTION ( 'NONE',  ( 0.000000000000000000, 0.000000000000000000, 1.000000000000000000 ) ) ;
#1820 = EDGE_LOOP ( 'NONE', ( #9099, #4721, #4205, #2467 ) ) ;
#1821 = ORIENTED_EDGE ( 'NONE', *, *, #3045, .T. ) ;
#1822 = ADVANCED_FACE ( 'NONE', ( #2403 ), #5881, .T. ) ;
#1823 = CARTESIAN_POINT ( 'NONE',  ( -15.32000000000000206, 0.6699999999999995959, -0.8750000000000000000 ) ) ;
#1824 = CARTESIAN_POINT ( 'NONE',  ( -15.32000000000000206, -8.673617379884035472E-16, -1.250000000000000000 ) ) ;
#1825 = EDGE_CURVE ( 'NONE', #8513, #215, #5145, .T. ) ;
#1826 = DIRECTION ( 'NONE',  ( 1.000000000000000000, 0.000000000000000000, 0.000000000000000000 ) ) ;
#1827 = PLANE ( 'NONE',  #6936 ) ;
#1828 = ORIENTED_EDGE ( 'NONE', *, *, #7907, .T. ) ;
#1829 = DIRECTION ( 'NONE',  ( 0.000000000000000000, -1.000000000000000000, 0.000000000000000000 ) ) ;
#1830 = ORIENTED_EDGE ( 'NONE', *, *, #3067, .T. ) ;
#1831 = DIRECTION ( 'NONE',  ( 0.000000000000000000, 0.000000000000000000, -1.000000000000000000 ) ) ;
#1832 = ORIENTED_EDGE ( 'NONE', *, *, #8316, .F. ) ;
#1833 = ORIENTED_EDGE ( 'NONE', *, *, #1787, .T. ) ;
#1834 = CARTESIAN_POINT ( 'NONE',  ( -3.120000000000001883, -3.180000000000000604, -0.1200000000000000094 ) ) ;
#1835 = DIRECTION ( 'NONE',  ( 0.000000000000000000, 0.000000000000000000, -1.000000000000000000 ) ) ;
#1836 = FACE_OUTER_BOUND ( 'NONE', #1250, .T. ) ;
#1837 = CARTESIAN_POINT ( 'NONE',  ( -14.38500000000000156, 1.269999999999999352, 0.8750000000000000000 ) ) ;
#1838 = PLANE ( 'NONE',  #4703 ) ;
#1839 = ORIENTED_EDGE ( 'NONE', *, *, #7855, .T. ) ;
#1840 = ORIENTED_EDGE ( 'NONE', *, *, #7603, .T. ) ;
#1841 = LINE ( 'NONE', #3290, #7696 ) ;
#1842 = FACE_OUTER_BOUND ( 'NONE', #2711, .T. ) ;
#1843 = LINE ( 'NONE', #4672, #134 ) ;
#1844 = CARTESIAN_POINT ( 'NONE',  ( -2.680000000000001936, 0.6699999999999995959, -1.270000000000000018 ) ) ;
#1845 = EDGE_CURVE ( 'NONE', #3416, #1408, #3847, .T. ) ;
#1846 = AXIS2_PLACEMENT_3D ( 'NONE', #4633, #8054, #8103 ) ;
#1847 = EDGE_CURVE ( 'NONE', #2995, #4808, #1063, .T. ) ;
#1848 = VECTOR ( 'NONE', #3907, 1000.000000000000000 ) ;
#1849 = VECTOR ( 'NONE', #6765, 1000.000000000000000 ) ;
#1850 = CARTESIAN_POINT ( 'NONE',  ( -4.750000000000001776, 9.899999999999998579, 0.5500000000000000444 ) ) ;
#1851 = EDGE_LOOP ( 'NONE', ( #1955, #5986, #1386, #8244 ) ) ;
#1852 = LINE ( 'NONE', #3988, #7233 ) ;
#1853 = EDGE_CURVE ( 'NONE', #5451, #1555, #2364, .T. ) ;
#1854 = CARTESIAN_POINT ( 'NONE',  ( -12.32000000000000028, 4.949999999999999289, 0.000000000000000000 ) ) ;
#1855 = DIRECTION ( 'NONE',  ( 0.000000000000000000, -1.000000000000000000, 0.000000000000000000 ) ) ;
#1856 = DIRECTION ( 'NONE',  ( 0.000000000000000000, -1.000000000000000000, 0.000000000000000000 ) ) ;
#1857 = VECTOR ( 'NONE', #6723, 1000.000000000000000 ) ;
#1858 = CARTESIAN_POINT ( 'NONE',  ( -15.32000000000000206, 1.269999999999999352, 0.8750000000000000000 ) ) ;
#1859 = CARTESIAN_POINT ( 'NONE',  ( -7.750000000000001776, 9.899999999999998579, -1.250000000000000000 ) ) ;
#1860 = EDGE_CURVE ( 'NONE', #3416, #5588, #139, .T. ) ;
#1861 = VERTEX_POINT ( 'NONE', #1660 ) ;
#1862 = CARTESIAN_POINT ( 'NONE',  ( 2.839999999999998970, 5.875000000000000000, 1.680000000000000160 ) ) ;
#1863 = CARTESIAN_POINT ( 'NONE',  ( -9.320000000000002061, -8.673617379884035472E-16, 1.680000000000000160 ) ) ;
#1864 = ORIENTED_EDGE ( 'NONE', *, *, #1704, .F. ) ;
#1865 = PLANE ( 'NONE',  #7698 ) ;
#1866 = CARTESIAN_POINT ( 'NONE',  ( -0.3200000000000017275, -8.673617379884035472E-16, 1.680000000000000160 ) ) ;
#1867 = ORIENTED_EDGE ( 'NONE', *, *, #5069, .F. ) ;
#1868 = VERTEX_POINT ( 'NONE', #2446 ) ;
#1869 = LINE ( 'NONE', #9132, #7434 ) ;
#1870 = ORIENTED_EDGE ( 'NONE', *, *, #4468, .T. ) ;
#1871 = VECTOR ( 'NONE', #948, 1000.000000000000000 ) ;
#1872 = VECTOR ( 'NONE', #8134, 1000.000000000000000 ) ;
#1873 = DIRECTION ( 'NONE',  ( 1.000000000000000000, 0.000000000000000000, 0.000000000000000000 ) ) ;
#1874 = ADVANCED_FACE ( 'NONE', ( #7367 ), #5927, .T. ) ;
#1875 = CARTESIAN_POINT ( 'NONE',  ( -6.320000000000002061, 0.6999999999999992895, 1.649999999999999911 ) ) ;
#1876 = ORIENTED_EDGE ( 'NONE', *, *, #1230, .T. ) ;
#1877 = DIRECTION ( 'NONE',  ( 0.000000000000000000, 1.000000000000000000, 0.000000000000000000 ) ) ;
#1878 = ORIENTED_EDGE ( 'NONE', *, *, #2740, .F. ) ;
#1879 = CARTESIAN_POINT ( 'NONE',  ( -12.12000000000000277, -3.180000000000000604, -0.1200000000000000094 ) ) ;
#1880 = ORIENTED_EDGE ( 'NONE', *, *, #6731, .T. ) ;
#1881 = ORIENTED_EDGE ( 'NONE', *, *, #2731, .F. ) ;
#1882 = AXIS2_PLACEMENT_3D ( 'NONE', #8361, #4839, #9155 ) ;
#1883 = CARTESIAN_POINT ( 'NONE',  ( 3.319999999999998508, 2.699999999999999734, 0.1137500000000000039 ) ) ;
#1884 = EDGE_CURVE ( 'NONE', #3526, #1382, #4404, .T. ) ;
#1885 = DIRECTION ( 'NONE',  ( 0.000000000000000000, 0.000000000000000000, 1.000000000000000000 ) ) ;
#1886 = DIRECTION ( 'NONE',  ( 0.000000000000000000, -1.000000000000000000, 0.000000000000000000 ) ) ;
#1887 = VECTOR ( 'NONE', #4619, 1000.000000000000000 ) ;
#1888 = VECTOR ( 'NONE', #2727, 1000.000000000000000 ) ;
#1889 = LINE ( 'NONE', #7546, #3231 ) ;
#1890 = AXIS2_PLACEMENT_3D ( 'NONE', #7652, #7755, #2881 ) ;
#1891 = ORIENTED_EDGE ( 'NONE', *, *, #2132, .F. ) ;
#1892 = VERTEX_POINT ( 'NONE', #2687 ) ;
#1893 = LINE ( 'NONE', #2397, #6810 ) ;
#1894 = FACE_OUTER_BOUND ( 'NONE', #5438, .T. ) ;
#1895 = FACE_OUTER_BOUND ( 'NONE', #7823, .T. ) ;
#1896 = VECTOR ( 'NONE', #4293, 1000.000000000000000 ) ;
#1897 = ORIENTED_EDGE ( 'NONE', *, *, #5327, .F. ) ;
#1898 = VECTOR ( 'NONE', #2416, 1000.000000000000000 ) ;
#1899 = CARTESIAN_POINT ( 'NONE',  ( -1.250000000000001998, 9.899999999999998579, 1.250000000000000000 ) ) ;
#1900 = ORIENTED_EDGE ( 'NONE', *, *, #392, .F. ) ;
#1901 = CARTESIAN_POINT ( 'NONE',  ( -8.680000000000001492, 1.349999999999999645, 1.649999999999999911 ) ) ;
#1902 = EDGE_CURVE ( 'NONE', #5955, #2013, #508, .T. ) ;
#1903 = PLANE ( 'NONE',  #1331 ) ;
#1904 = DIRECTION ( 'NONE',  ( 1.000000000000000000, 0.000000000000000000, 0.000000000000000000 ) ) ;
#1905 = EDGE_CURVE ( 'NONE', #7134, #3978, #2643, .T. ) ;
#1906 = ADVANCED_FACE ( 'NONE', ( #8154, #4033 ), #6167, .F. ) ;
#1907 = PLANE ( 'NONE',  #2347 ) ;
#1908 = VECTOR ( 'NONE', #470, 1000.000000000000000 ) ;
#1909 = CARTESIAN_POINT ( 'NONE',  ( -6.120000000000001883, -3.180000000000000604, -0.1200000000000000094 ) ) ;
#1910 = FACE_OUTER_BOUND ( 'NONE', #999, .T. ) ;
#1911 = ORIENTED_EDGE ( 'NONE', *, *, #1724, .T. ) ;
#1912 = DIRECTION ( 'NONE',  ( 0.000000000000000000, 0.000000000000000000, 1.000000000000000000 ) ) ;
#1913 = ORIENTED_EDGE ( 'NONE', *, *, #3828, .F. ) ;
#1914 = DIRECTION ( 'NONE',  ( 0.000000000000000000, 0.000000000000000000, -1.000000000000000000 ) ) ;
#1915 = DIRECTION ( 'NONE',  ( -0.7071067811865474617, -0.7071067811865474617, -0.000000000000000000 ) ) ;
#1916 = ORIENTED_EDGE ( 'NONE', *, *, #7436, .T. ) ;
#1917 = VECTOR ( 'NONE', #6201, 1000.000000000000000 ) ;
#1918 = ORIENTED_EDGE ( 'NONE', *, *, #3388, .F. ) ;
#1919 = AXIS2_PLACEMENT_3D ( 'NONE', #6571, #5046, #7224 ) ;
#1920 = DIRECTION ( 'NONE',  ( 0.000000000000000000, 0.000000000000000000, -1.000000000000000000 ) ) ;
#1921 = ADVANCED_FACE ( 'NONE', ( #5512 ), #3253, .F. ) ;
#1922 = LINE ( 'NONE', #1875, #4557 ) ;
#1923 = ORIENTED_EDGE ( 'NONE', *, *, #3190, .T. ) ;
#1924 = PLANE ( 'NONE',  #1882 ) ;
#1925 = VERTEX_POINT ( 'NONE', #4772 ) ;
#1926 = ORIENTED_EDGE ( 'NONE', *, *, #7231, .T. ) ;
#1927 = VERTEX_POINT ( 'NONE', #8337 ) ;
#1928 = DIRECTION ( 'NONE',  ( 1.000000000000000000, 0.000000000000000000, 0.000000000000000000 ) ) ;
#1929 = DIRECTION ( 'NONE',  ( 0.000000000000000000, 0.000000000000000000, 1.000000000000000000 ) ) ;
#1930 = SHAPE_DEFINITION_REPRESENTATION ( #1194, #483 ) ;
#1931 = DIRECTION ( 'NONE',  ( 1.000000000000000000, 0.000000000000000000, 0.000000000000000000 ) ) ;
#1932 = EDGE_LOOP ( 'NONE', ( #4973, #1661, #1792, #475 ) ) ;
#1933 = ORIENTED_EDGE ( 'NONE', *, *, #2513, .F. ) ;
#1934 = ORIENTED_EDGE ( 'NONE', *, *, #3588, .T. ) ;
#1935 = CARTESIAN_POINT ( 'NONE',  ( -9.320000000000002061, 6.899999999999999467, 0.3200000000000000067 ) ) ;
#1936 = LINE ( 'NONE', #4764, #4397 ) ;
#1937 = ORIENTED_EDGE ( 'NONE', *, *, #2640, .F. ) ;
#1938 = VECTOR ( 'NONE', #5429, 1000.000000000000000 ) ;
#1939 = EDGE_CURVE ( 'NONE', #4793, #6244, #6081, .T. ) ;
#1940 = DIRECTION ( 'NONE',  ( -1.000000000000000000, 0.000000000000000000, 0.000000000000000000 ) ) ;
#1941 = EDGE_CURVE ( 'NONE', #1988, #374, #1801, .T. ) ;
#1942 = EDGE_CURVE ( 'NONE', #3357, #1381, #4814, .T. ) ;
#1943 = EDGE_CURVE ( 'NONE', #8809, #4938, #4677, .T. ) ;
#1944 = VERTEX_POINT ( 'NONE', #8292 ) ;
#1945 = CARTESIAN_POINT ( 'NONE',  ( -0.7500000000000015543, 1.849999999999999645, 2.429999999999999716 ) ) ;
#1946 = ORIENTED_EDGE ( 'NONE', *, *, #4124, .F. ) ;
#1947 = LINE ( 'NONE', #6772, #423 ) ;
#1948 = LINE ( 'NONE', #8203, #4117 ) ;
#1949 = LINE ( 'NONE', #3258, #222 ) ;
#1950 = FACE_OUTER_BOUND ( 'NONE', #681, .T. ) ;
#1951 = CARTESIAN_POINT ( 'NONE',  ( -3.120000000000001883, 7.500000000000000000, -0.1200000000000000094 ) ) ;
#1952 = EDGE_CURVE ( 'NONE', #3567, #6594, #2550, .T. ) ;
#1953 = PLANE ( 'NONE',  #6484 ) ;
#1954 = VECTOR ( 'NONE', #2570, 1000.000000000000000 ) ;
#1955 = ORIENTED_EDGE ( 'NONE', *, *, #639, .T. ) ;
#1957 = ADVANCED_FACE ( 'NONE', ( #8856 ), #5376, .T. ) ;
#1956 = CARTESIAN_POINT ( 'NONE',  ( -12.12000000000000277, -3.180000000000000604, 0.1200000000000000094 ) ) ;
#1958 = ORIENTED_EDGE ( 'NONE', *, *, #9137, .F. ) ;
#1959 = DIRECTION ( 'NONE',  ( 1.000000000000000000, 0.000000000000000000, 0.000000000000000000 ) ) ;
#1960 = CARTESIAN_POINT ( 'NONE',  ( -7.250000000000001776, 3.299999999999999378, -1.250000000000000000 ) ) ;
#1961 = ORIENTED_EDGE ( 'NONE', *, *, #6839, .F. ) ;
#1962 = ORIENTED_EDGE ( 'NONE', *, *, #7645, .F. ) ;
#1963 = VECTOR ( 'NONE', #7170, 1000.000000000000000 ) ;
#1964 = ADVANCED_FACE ( 'NONE', ( #2503 ), #7597, .T. ) ;
#1965 = EDGE_CURVE ( 'NONE', #8651, #6253, #1251, .T. ) ;
#1966 = DIRECTION ( 'NONE',  ( -0.8869140841669709285, 0.000000000000000000, -0.4619344188369849391 ) ) ;
#1967 = CARTESIAN_POINT ( 'NONE',  ( -11.25000000000000355, 9.049999999999998934, 1.930000000000000160 ) ) ;
#1968 = ORIENTED_EDGE ( 'NONE', *, *, #7685, .F. ) ;
#1969 = LINE ( 'NONE', #490, #4693 ) ;
#1970 = EDGE_LOOP ( 'NONE', ( #2675, #1560, #8225, #3549 ) ) ;
#1971 = ORIENTED_EDGE ( 'NONE', *, *, #6703, .F. ) ;
#1972 = ORIENTED_EDGE ( 'NONE', *, *, #2872, .T. ) ;
#1973 = LINE ( 'NONE', #4020, #132 ) ;
#1974 = CARTESIAN_POINT ( 'NONE',  ( -15.32000000000000206, -8.673617379884035472E-16, -1.270000000000000018 ) ) ;
#1975 = CARTESIAN_POINT ( 'NONE',  ( -6.320000000000002061, 4.949999999999999289, 0.000000000000000000 ) ) ;
#1976 = ORIENTED_EDGE ( 'NONE', *, *, #5373, .T. ) ;
#1977 = ORIENTED_EDGE ( 'NONE', *, *, #639, .F. ) ;
#1978 = ORIENTED_EDGE ( 'NONE', *, *, #4180, .F. ) ;
#1979 = DIRECTION ( 'NONE',  ( -1.000000000000000000, 0.000000000000000000, 0.000000000000000000 ) ) ;
#1980 = DIRECTION ( 'NONE',  ( 0.6635381078444798630, -0.6635381078444798630, -0.3455927645022893180 ) ) ;
#1981 = ADVANCED_FACE ( 'NONE', ( #6719 ), #7459, .T. ) ;
#1982 = ORIENTED_EDGE ( 'NONE', *, *, #5470, .T. ) ;
#1983 = ORIENTED_EDGE ( 'NONE', *, *, #1853, .T. ) ;
#1984 = FACE_OUTER_BOUND ( 'NONE', #3735, .T. ) ;
#1985 = ORIENTED_EDGE ( 'NONE', *, *, #8791, .T. ) ;
#1986 = ADVANCED_FACE ( 'NONE', ( #8200 ), #3294, .T. ) ;
#1987 = CARTESIAN_POINT ( 'NONE',  ( 1.249999999999998446, 9.899999999999998579, -1.250000000000000000 ) ) ;
#1988 = VERTEX_POINT ( 'NONE', #1899 ) ;
#1989 = PLANE ( 'NONE',  #7363 ) ;
#1990 = CARTESIAN_POINT ( 'NONE',  ( -3.320000000000001616, 1.349999999999999645, 1.680000000000000160 ) ) ;
#1991 = CARTESIAN_POINT ( 'NONE',  ( -5.450000000000001954, 3.299999999999999378, 1.250000000000000000 ) ) ;
#1992 = CARTESIAN_POINT ( 'NONE',  ( -14.36000000000000121, 9.459999999999999076, 1.930000000000000160 ) ) ;
#1993 = EDGE_CURVE ( 'NONE', #437, #7195, #1211, .T. ) ;
#1994 = EDGE_CURVE ( 'NONE', #3573, #2931, #5037, .T. ) ;
#1995 = VECTOR ( 'NONE', #8405, 1000.000000000000000 ) ;
#1996 = PLANE ( 'NONE',  #2999 ) ;
#1997 = ADVANCED_FACE ( 'NONE', ( #1510 ), #4338, .T. ) ;
#1998 = DIRECTION ( 'NONE',  ( 0.000000000000000000, -1.000000000000000000, 0.000000000000000000 ) ) ;
#1999 = ORIENTED_EDGE ( 'NONE', *, *, #6437, .F. ) ;
#2000 = CARTESIAN_POINT ( 'NONE',  ( -15.32000000000000206, -8.673617379884035472E-16, 2.469999999999999751 ) ) ;
#2001 = ORIENTED_EDGE ( 'NONE', *, *, #7606, .F. ) ;
#2002 = DIRECTION ( 'NONE',  ( 0.000000000000000000, 0.000000000000000000, 1.000000000000000000 ) ) ;
#2003 = DIRECTION ( 'NONE',  ( 0.000000000000000000, 0.000000000000000000, 1.000000000000000000 ) ) ;
#2004 = ORIENTED_EDGE ( 'NONE', *, *, #3663, .F. ) ;
#2005 = PRODUCT_DEFINITION_FORMATION_WITH_SPECIFIED_SOURCE ( 'ANY', '', #6078, .NOT_KNOWN. ) ;
#2006 = VERTEX_POINT ( 'NONE', #904 ) ;
#2007 = PLANE ( 'NONE',  #4692 ) ;
#2008 = LINE ( 'NONE', #7575, #5736 ) ;
#2009 = ORIENTED_EDGE ( 'NONE', *, *, #3895, .T. ) ;
#2010 = LINE ( 'NONE', #4708, #3652 ) ;
#2011 = VERTEX_POINT ( 'NONE', #7864 ) ;
#2012 = EDGE_CURVE ( 'NONE', #1018, #5733, #4126, .T. ) ;
#2013 = VERTEX_POINT ( 'NONE', #70 ) ;
#2014 = DIRECTION ( 'NONE',  ( 1.000000000000000000, 0.000000000000000000, 0.000000000000000000 ) ) ;
#2015 = ORIENTED_EDGE ( 'NONE', *, *, #5445, .F. ) ;
#2016 = ADVANCED_FACE ( 'NONE', ( #3039 ), #2252, .T. ) ;
#2017 = LINE ( 'NONE', #7625, #2822 ) ;
#2018 = PLANE ( 'NONE',  #7693 ) ;
#2019 = EDGE_CURVE ( 'NONE', #1684, #6298, #2948, .T. ) ;
#2020 = VECTOR ( 'NONE', #1553, 1000.000000000000000 ) ;
#2021 = VECTOR ( 'NONE', #5172, 1000.000000000000000 ) ;
#2022 = CARTESIAN_POINT ( 'NONE',  ( 0.1199999999999977196, 7.500000000000000000, -0.1200000000000000094 ) ) ;
#2023 = DIRECTION ( 'NONE',  ( 0.000000000000000000, 0.000000000000000000, -1.000000000000000000 ) ) ;
#2024 = ORIENTED_EDGE ( 'NONE', *, *, #5341, .F. ) ;
#2025 = EDGE_LOOP ( 'NONE', ( #7759, #7346, #2085, #7669, #5479, #1605, #8793, #941, #7266, #8147, #6358, #5666, #8868, #3414 ) ) ;
#2026 = VERTEX_POINT ( 'NONE', #7259 ) ;
#2027 = DIRECTION ( 'NONE',  ( 0.000000000000000000, 0.000000000000000000, 1.000000000000000000 ) ) ;
#2028 = CARTESIAN_POINT ( 'NONE',  ( -5.880000000000001670, 7.500000000000000000, -0.1200000000000000094 ) ) ;
#2029 = VECTOR ( 'NONE', #4051, 1000.000000000000000 ) ;
#2030 = VECTOR ( 'NONE', #7300, 1000.000000000000000 ) ;
#2031 = ORIENTED_EDGE ( 'NONE', *, *, #6069, .T. ) ;
#2032 = ORIENTED_EDGE ( 'NONE', *, *, #1267, .T. ) ;
#2033 = DIRECTION ( 'NONE',  ( 0.000000000000000000, 0.000000000000000000, -1.000000000000000000 ) ) ;
#2034 = VECTOR ( 'NONE', #4306, 1000.000000000000114 ) ;
#2035 = VECTOR ( 'NONE', #5108, 1000.000000000000000 ) ;
#2036 = ORIENTED_EDGE ( 'NONE', *, *, #3420, .T. ) ;
#2037 = LINE ( 'NONE', #809, #3203 ) ;
#2038 = CARTESIAN_POINT ( 'NONE',  ( -12.32000000000000028, 1.349999999999999645, -1.050000000000000044 ) ) ;
#2039 = CARTESIAN_POINT ( 'NONE',  ( -3.000000000000001776, 7.200000000000000178, 0.2200000000000000011 ) ) ;
#2040 = EDGE_CURVE ( 'NONE', #8303, #5377, #8695, .T. ) ;
#2041 = VECTOR ( 'NONE', #6427, 1000.000000000000000 ) ;
#2042 = CARTESIAN_POINT ( 'NONE',  ( -11.68000000000000327, 0.6999999999999992895, -0.3200000000000000067 ) ) ;
#2043 = CARTESIAN_POINT ( 'NONE',  ( -8.680000000000001492, 1.269999999999999352, 0.8750000000000000000 ) ) ;
#2044 = VECTOR ( 'NONE', #7186, 1000.000000000000000 ) ;
#2045 = VECTOR ( 'NONE', #633, 1000.000000000000114 ) ;
#2046 = LINE ( 'NONE', #7010, #1658 ) ;
#2047 = LINE ( 'NONE', #2134, #8570 ) ;
#2048 = LINE ( 'NONE', #7710, #1938 ) ;
#2049 = AXIS2_PLACEMENT_3D ( 'NONE', #2231, #4452, #5791 ) ;
#2050 = LINE ( 'NONE', #564, #8699 ) ;
#2051 = CARTESIAN_POINT ( 'NONE',  ( -15.32000000000000206, -8.673617379884035472E-16, 1.270000000000000018 ) ) ;
#2052 = ORIENTED_EDGE ( 'NONE', *, *, #7006, .F. ) ;
#2053 = DIRECTION ( 'NONE',  ( -0.6092076990801816860, -0.5076730825667846725, -0.6092076990801816860 ) ) ;
#2054 = ORIENTED_EDGE ( 'NONE', *, *, #2245, .T. ) ;
#2055 = CARTESIAN_POINT ( 'NONE',  ( -5.680000000000001492, -2.580000000000000515, 0.3200000000000000067 ) ) ;
#2056 = CARTESIAN_POINT ( 'NONE',  ( -0.3200000000000017275, 0.6699999999999995959, -1.270000000000000018 ) ) ;
#2057 = ORIENTED_EDGE ( 'NONE', *, *, #7122, .T. ) ;
#2058 = VERTEX_POINT ( 'NONE', #7165 ) ;
#2059 = VECTOR ( 'NONE', #7557, 1000.000000000000000 ) ;
#2060 = VECTOR ( 'NONE', #930, 1000.000000000000000 ) ;
#2061 = CARTESIAN_POINT ( 'NONE',  ( 0.3199999999999982303, -8.673617379884035472E-16, 1.270000000000000018 ) ) ;
#2062 = EDGE_CURVE ( 'NONE', #1261, #4437, #4377, .T. ) ;
#2063 = FACE_OUTER_BOUND ( 'NONE', #7039, .T. ) ;
#2064 = VECTOR ( 'NONE', #7351, 1000.000000000000000 ) ;
#2065 = LINE ( 'NONE', #55, #711 ) ;
#2066 = EDGE_LOOP ( 'NONE', ( #172, #91, #8555, #531 ) ) ;
#2067 = DIRECTION ( 'NONE',  ( 0.000000000000000000, 0.000000000000000000, 1.000000000000000000 ) ) ;
#2068 = ORIENTED_EDGE ( 'NONE', *, *, #8754, .F. ) ;
#2069 = ORIENTED_EDGE ( 'NONE', *, *, #5806, .T. ) ;
#2070 = LINE ( 'NONE', #9111, #1849 ) ;
#2071 = VECTOR ( 'NONE', #3333, 1000.000000000000000 ) ;
#2072 = LINE ( 'NONE', #9022, #7254 ) ;
#2073 = CARTESIAN_POINT ( 'NONE',  ( -4.750000000000001776, 9.899999999999998579, 0.5500000000000000444 ) ) ;
#2074 = EDGE_CURVE ( 'NONE', #1471, #7131, #7209, .T. ) ;
#2075 = LINE ( 'NONE', #765, #7355 ) ;
#2076 = AXIS2_PLACEMENT_3D ( 'NONE', #8562, #776, #1557 ) ;
#2077 = LINE ( 'NONE', #2249, #1455 ) ;
#2078 = ORIENTED_EDGE ( 'NONE', *, *, #2082, .T. ) ;
#2079 = EDGE_LOOP ( 'NONE', ( #8656, #3040, #5976, #2031, #2750, #9030, #1554, #8148, #945, #6684, #7739, #659 ) ) ;
#2080 = ORIENTED_EDGE ( 'NONE', *, *, #5110, .T. ) ;
#2081 = FACE_OUTER_BOUND ( 'NONE', #1130, .T. ) ;
#2082 = EDGE_CURVE ( 'NONE', #357, #622, #645, .T. ) ;
#2083 = ADVANCED_FACE ( 'NONE', ( #6474 ), #4170, .T. ) ;
#2084 = EDGE_LOOP ( 'NONE', ( #1778, #2717, #3608, #2213 ) ) ;
#2085 = ORIENTED_EDGE ( 'NONE', *, *, #916, .F. ) ;
#2086 = CARTESIAN_POINT ( 'NONE',  ( -9.320000000000002061, 3.299999999999999378, 0.3200000000000000067 ) ) ;
#2087 = EDGE_CURVE ( 'NONE', #4926, #565, #5813, .T. ) ;
#2088 = ORIENTED_EDGE ( 'NONE', *, *, #6329, .F. ) ;
#2089 = EDGE_CURVE ( 'NONE', #7128, #2278, #2037, .T. ) ;
#2090 = LINE ( 'NONE', #2038, #8128 ) ;
#2091 = CARTESIAN_POINT ( 'NONE',  ( -5.680000000000001492, 3.299999999999999378, -0.3200000000000000067 ) ) ;
#2092 = CARTESIAN_POINT ( 'NONE',  ( -12.55000000000000249, 9.899999999999998579, 1.250000000000000000 ) ) ;
#2093 = CARTESIAN_POINT ( 'NONE',  ( -9.320000000000002061, 4.949999999999999289, 0.000000000000000000 ) ) ;
#2094 = LINE ( 'NONE', #2525, #7000 ) ;
#2095 = DIRECTION ( 'NONE',  ( 0.000000000000000000, 0.000000000000000000, -1.000000000000000000 ) ) ;
#2096 = CARTESIAN_POINT ( 'NONE',  ( -10.75000000000000178, 3.299999999999999378, 1.250000000000000000 ) ) ;
#2097 = DIRECTION ( 'NONE',  ( 0.000000000000000000, 0.000000000000000000, -1.000000000000000000 ) ) ;
#2098 = CARTESIAN_POINT ( 'NONE',  ( -12.32000000000000028, 3.299999999999999378, -0.3200000000000000067 ) ) ;
#2099 = EDGE_CURVE ( 'NONE', #5040, #2305, #3643, .T. ) ;
#2100 = ORIENTED_EDGE ( 'NONE', *, *, #818, .F. ) ;
#2101 = CARTESIAN_POINT ( 'NONE',  ( -15.32000000000000206, -8.673617379884035472E-16, 2.469999999999999751 ) ) ;
#2102 = ORIENTED_EDGE ( 'NONE', *, *, #7553, .F. ) ;
#2103 = LINE ( 'NONE', #3547, #6780 ) ;
#2104 = FACE_OUTER_BOUND ( 'NONE', #6993, .T. ) ;
#2105 = ORIENTED_EDGE ( 'NONE', *, *, #2806, .F. ) ;
#2106 = ORIENTED_EDGE ( 'NONE', *, *, #7754, .T. ) ;
#2107 = DIRECTION ( 'NONE',  ( 0.000000000000000000, 0.000000000000000000, 1.000000000000000000 ) ) ;
#2108 = CARTESIAN_POINT ( 'NONE',  ( -2.680000000000001936, -8.673617379884035472E-16, -1.930000000000000160 ) ) ;
#2109 = DIRECTION ( 'NONE',  ( 0.000000000000000000, 1.000000000000000000, 0.000000000000000000 ) ) ;
#2110 = CARTESIAN_POINT ( 'NONE',  ( -0.1200000000000020495, -3.180000000000000604, 0.1200000000000000094 ) ) ;
#2111 = ORIENTED_EDGE ( 'NONE', *, *, #7019, .T. ) ;
#2112 = EDGE_CURVE ( 'NONE', #3920, #1665, #5723, .T. ) ;
#2113 = EDGE_LOOP ( 'NONE', ( #4523, #4034, #982, #2521, #3893, #762 ) ) ;
#2114 = CARTESIAN_POINT ( 'NONE',  ( -6.320000000000002061, 1.349999999999999645, 1.649999999999999911 ) ) ;
#2115 = VECTOR ( 'NONE', #8506, 1000.000000000000000 ) ;
#2116 = DIRECTION ( 'NONE',  ( 0.3015113445777909407, -0.9045340337332726799, -0.3015113445777909407 ) ) ;
#2117 = EDGE_CURVE ( 'NONE', #356, #5911, #7904, .T. ) ;
#2118 = SURFACE_STYLE_FILL_AREA ( #2771 ) ;
#2119 = LINE ( 'NONE', #4943, #2192 ) ;
#2120 = ORIENTED_EDGE ( 'NONE', *, *, #3078, .F. ) ;
#2121 = ORIENTED_EDGE ( 'NONE', *, *, #891, .T. ) ;
#2122 = ORIENTED_EDGE ( 'NONE', *, *, #9081, .F. ) ;
#2123 = DIRECTION ( 'NONE',  ( 1.000000000000000000, 0.000000000000000000, 0.000000000000000000 ) ) ;
#2124 = EDGE_LOOP ( 'NONE', ( #7636, #8819, #6497, #1961, #2656 ) ) ;
#2125 = ORIENTED_EDGE ( 'NONE', *, *, #3033, .F. ) ;
#2126 = DIRECTION ( 'NONE',  ( 0.000000000000000000, 1.000000000000000000, 0.000000000000000000 ) ) ;
#2127 = EDGE_LOOP ( 'NONE', ( #4425, #2106, #640, #7825 ) ) ;
#2128 = LINE ( 'NONE', #8211, #6653 ) ;
#2129 = PLANE ( 'NONE',  #1447 ) ;
#2130 = PLANE ( 'NONE',  #7222 ) ;
#2131 = CARTESIAN_POINT ( 'NONE',  ( -15.32000000000000206, -8.673617379884035472E-16, 1.270000000000000018 ) ) ;
#2132 = EDGE_CURVE ( 'NONE', #7214, #4860, #860, .T. ) ;
#2133 = CARTESIAN_POINT ( 'NONE',  ( -11.68000000000000327, 0.6699999999999995959, 1.270000000000000018 ) ) ;
#2134 = CARTESIAN_POINT ( 'NONE',  ( -4.250000000000001776, 3.299999999999999378, -1.250000000000000000 ) ) ;
#2135 = EDGE_CURVE ( 'NONE', #4203, #8348, #2295, .T. ) ;
#2136 = CARTESIAN_POINT ( 'NONE',  ( -11.68000000000000327, 0.6999999999999992895, 0.3200000000000000067 ) ) ;
#2137 = CARTESIAN_POINT ( 'NONE',  ( -10.75000000000000178, 9.899999999999998579, -1.250000000000000000 ) ) ;
#2138 = FACE_OUTER_BOUND ( 'NONE', #5161, .T. ) ;
#2139 = ORIENTED_EDGE ( 'NONE', *, *, #8432, .T. ) ;
#2140 = CARTESIAN_POINT ( 'NONE',  ( 3.319999999999998508, 2.699999999999999734, -0.04250000000000000305 ) ) ;
#2141 = ORIENTED_EDGE ( 'NONE', *, *, #8590, .T. ) ;
#2142 = CARTESIAN_POINT ( 'NONE',  ( 0.3199999999999982303, 0.6699999999999995959, 1.270000000000000018 ) ) ;
#2143 = ORIENTED_EDGE ( 'NONE', *, *, #1760, .F. ) ;
#2144 = AXIS2_PLACEMENT_3D ( 'NONE', #5793, #5194, #1758 ) ;
#2145 = CARTESIAN_POINT ( 'NONE',  ( 1.934999999999997389, 0.6699999999999995959, -0.8750000000000000000 ) ) ;
#2146 = EDGE_CURVE ( 'NONE', #1684, #3153, #4432, .T. ) ;
#2147 = AXIS2_PLACEMENT_3D ( 'NONE', #7912, #1692, #5128 ) ;
#2148 = DIRECTION ( 'NONE',  ( 0.000000000000000000, -1.000000000000000000, 0.000000000000000000 ) ) ;
#2149 = FACE_OUTER_BOUND ( 'NONE', #3418, .T. ) ;
#2150 = VECTOR ( 'NONE', #6385, 1000.000000000000000 ) ;
#2151 = DIRECTION ( 'NONE',  ( 0.000000000000000000, 1.000000000000000000, 0.000000000000000000 ) ) ;
#2152 = ORIENTED_EDGE ( 'NONE', *, *, #8353, .F. ) ;
#2153 = ORIENTED_EDGE ( 'NONE', *, *, #4766, .F. ) ;
#2154 = CARTESIAN_POINT ( 'NONE',  ( -11.68000000000000327, 6.899999999999999467, 0.3200000000000000067 ) ) ;
#2155 = LINE ( 'NONE', #4983, #7287 ) ;
#2156 = MECHANICAL_DESIGN_GEOMETRIC_PRESENTATION_REPRESENTATION (  '', ( #1118 ), #6305 ) ;
#2157 = EDGE_CURVE ( 'NONE', #1045, #622, #4612, .T. ) ;
#2158 = DIRECTION ( 'NONE',  ( 0.000000000000000000, 0.000000000000000000, -1.000000000000000000 ) ) ;
#2159 = CARTESIAN_POINT ( 'NONE',  ( -15.32000000000000206, 0.6699999999999995959, 1.270000000000000018 ) ) ;
#2160 = ORIENTED_EDGE ( 'NONE', *, *, #5486, .F. ) ;
#2161 = ORIENTED_EDGE ( 'NONE', *, *, #6455, .F. ) ;
#2162 = EDGE_LOOP ( 'NONE', ( #4796, #7654, #2773, #241 ) ) ;
#2163 = DIRECTION ( 'NONE',  ( 0.000000000000000000, 0.000000000000000000, -1.000000000000000000 ) ) ;
#2164 = EDGE_LOOP ( 'NONE', ( #5941, #6750, #377, #3044 ) ) ;
#2165 = EDGE_CURVE ( 'NONE', #2883, #6042, #4563, .T. ) ;
#2166 = VERTEX_POINT ( 'NONE', #8827 ) ;
#2167 = DIRECTION ( 'NONE',  ( 0.000000000000000000, -1.000000000000000000, 0.000000000000000000 ) ) ;
#2168 = COLOUR_RGB ( '',0.7921568627450980005, 0.8196078431372548767, 0.9333333333333333481 ) ;
#2169 = VECTOR ( 'NONE', #8602, 1000.000000000000000 ) ;
#2170 = ORIENTED_EDGE ( 'NONE', *, *, #5693, .T. ) ;
#2171 = PLANE ( 'NONE',  #5173 ) ;
#2172 = CARTESIAN_POINT ( 'NONE',  ( 0.3199999999999982303, -3.180000000000000604, -0.3200000000000000067 ) ) ;
#2173 = PLANE ( 'NONE',  #301 ) ;
#2174 = DIRECTION ( 'NONE',  ( 0.000000000000000000, 0.000000000000000000, -1.000000000000000000 ) ) ;
#2175 = DIRECTION ( 'NONE',  ( 0.000000000000000000, 1.000000000000000000, 0.000000000000000000 ) ) ;
#2176 = PRESENTATION_LAYER_ASSIGNMENT (  '', '', ( #5577 ) ) ;
#2177 = CARTESIAN_POINT ( 'NONE',  ( -2.680000000000001936, 0.6699999999999995959, 1.270000000000000018 ) ) ;
#2178 = VECTOR ( 'NONE', #4191, 1000.000000000000000 ) ;
#2179 = EDGE_CURVE ( 'NONE', #6045, #8636, #6747, .T. ) ;
#2180 = DIRECTION ( 'NONE',  ( 0.000000000000000000, 0.000000000000000000, 1.000000000000000000 ) ) ;
#2181 = AXIS2_PLACEMENT_3D ( 'NONE', #267, #6533, #873 ) ;
#2182 = LINE ( 'NONE', #3667, #1171 ) ;
#2183 = ORIENTED_EDGE ( 'NONE', *, *, #6742, .F. ) ;
#2184 = CARTESIAN_POINT ( 'NONE',  ( -13.93500000000000050, -8.673617379884035472E-16, -1.270000000000000018 ) ) ;
#2185 = VECTOR ( 'NONE', #6131, 1000.000000000000000 ) ;
#2186 = EDGE_CURVE ( 'NONE', #2469, #8415, #6800, .T. ) ;
#2187 = CARTESIAN_POINT ( 'NONE',  ( -11.68000000000000327, 0.6699999999999995959, -1.270000000000000018 ) ) ;
#2188 = LINE ( 'NONE', #8497, #2290 ) ;
#2189 = EDGE_CURVE ( 'NONE', #8284, #8820, #4472, .T. ) ;
#2190 = ORIENTED_EDGE ( 'NONE', *, *, #7764, .T. ) ;
#2191 = AXIS2_PLACEMENT_3D ( 'NONE', #9087, #5379, #5472 ) ;
#2192 = VECTOR ( 'NONE', #5810, 1000.000000000000000 ) ;
#2193 = FACE_OUTER_BOUND ( 'NONE', #9145, .T. ) ;
#2194 = PLANE ( 'NONE',  #5284 ) ;
#2195 = LINE ( 'NONE', #5024, #4415 ) ;
#2196 = LINE ( 'NONE', #194, #424 ) ;
#2197 = ADVANCED_FACE ( 'NONE', ( #1044 ), #3871, .T. ) ;
#2198 = ORIENTED_EDGE ( 'NONE', *, *, #3889, .T. ) ;
#2199 = AXIS2_PLACEMENT_3D ( 'NONE', #7843, #5014, #1310 ) ;
#2200 = CARTESIAN_POINT ( 'NONE',  ( 2.384999999999998010, 0.6699999999999995959, 0.8750000000000000000 ) ) ;
#2201 = ORIENTED_EDGE ( 'NONE', *, *, #8964, .T. ) ;
#2202 = PLANE ( 'NONE',  #6808 ) ;
#2203 = VECTOR ( 'NONE', #9045, 1000.000000000000000 ) ;
#2204 = SURFACE_SIDE_STYLE ('',( #2118 ) ) ;
#2205 = DIRECTION ( 'NONE',  ( -1.000000000000000000, 0.000000000000000000, 0.000000000000000000 ) ) ;
#2206 = ORIENTED_EDGE ( 'NONE', *, *, #52, .T. ) ;
#2207 = ORIENTED_EDGE ( 'NONE', *, *, #257, .T. ) ;
#2208 = DIRECTION ( 'NONE',  ( 0.000000000000000000, 1.000000000000000000, 0.000000000000000000 ) ) ;
#2209 = VECTOR ( 'NONE', #5406, 1000.000000000000000 ) ;
#2210 = VERTEX_POINT ( 'NONE', #4656 ) ;
#2211 = LINE ( 'NONE', #3695, #826 ) ;
#2212 = ORIENTED_EDGE ( 'NONE', *, *, #4501, .T. ) ;
#2213 = ORIENTED_EDGE ( 'NONE', *, *, #3921, .T. ) ;
#2214 = VECTOR ( 'NONE', #19, 1000.000000000000114 ) ;
#2215 = LINE ( 'NONE', #7264, #5627 ) ;
#2216 = VECTOR ( 'NONE', #4900, 1000.000000000000000 ) ;
#2217 = UNCERTAINTY_MEASURE_WITH_UNIT (LENGTH_MEASURE( 1.000000000000000082E-05 ), #1201, 'distance_accuracy_value', 'NONE');
#2218 = ORIENTED_EDGE ( 'NONE', *, *, #8933, .F. ) ;
#2219 = CARTESIAN_POINT ( 'NONE',  ( -14.62000000000000099, 9.199999999999999289, 0.000000000000000000 ) ) ;
#2220 = CARTESIAN_POINT ( 'NONE',  ( -10.75000000000000178, 9.899999999999998579, -1.250000000000000000 ) ) ;
#2221 = EDGE_CURVE ( 'NONE', #297, #7223, #3915, .T. ) ;
#2222 = EDGE_CURVE ( 'NONE', #168, #2827, #6697, .T. ) ;
#2223 = PLANE ( 'NONE',  #415 ) ;
#2224 = DIRECTION ( 'NONE',  ( 1.000000000000000000, 0.000000000000000000, 0.000000000000000000 ) ) ;
#2225 = DIRECTION ( 'NONE',  ( 1.000000000000000000, 0.000000000000000000, 0.000000000000000000 ) ) ;
#2226 = ADVANCED_FACE ( 'NONE', ( #3226 ), #7393, .T. ) ;
#2227 = LINE ( 'NONE', #7922, #1515 ) ;
#2228 = DIRECTION ( 'NONE',  ( -1.000000000000000000, 0.000000000000000000, 0.000000000000000000 ) ) ;
#2229 = DIRECTION ( 'NONE',  ( -1.000000000000000000, 0.000000000000000000, 0.000000000000000000 ) ) ;
#2230 = ORIENTED_EDGE ( 'NONE', *, *, #8396, .F. ) ;
#2231 = CARTESIAN_POINT ( 'NONE',  ( -8.680000000000001492, 0.6999999999999992895, -1.050000000000000044 ) ) ;
#2232 = EDGE_LOOP ( 'NONE', ( #2350, #8701, #4841, #3761, #1242 ) ) ;
#2233 = DIRECTION ( 'NONE',  ( 0.000000000000000000, 0.000000000000000000, 1.000000000000000000 ) ) ;
#2234 = ORIENTED_EDGE ( 'NONE', *, *, #4032, .T. ) ;
#2235 = VECTOR ( 'NONE', #360, 1000.000000000000000 ) ;
#2236 = VECTOR ( 'NONE', #562, 1000.000000000000114 ) ;
#2237 = ADVANCED_FACE ( 'NONE', ( #252 ), #6056, .T. ) ;
#2238 = CARTESIAN_POINT ( 'NONE',  ( -5.680000000000001492, 0.6999999999999992895, -0.3200000000000000067 ) ) ;
#2239 = PLANE ( 'NONE',  #7807 ) ;
#2240 = PLANE ( 'NONE',  #2335 ) ;
#2241 = DIRECTION ( 'NONE',  ( 0.000000000000000000, 0.000000000000000000, -1.000000000000000000 ) ) ;
#2242 = ORIENTED_EDGE ( 'NONE', *, *, #4821, .T. ) ;
#2243 = LINE ( 'NONE', #6256, #556 ) ;
#2244 = ORIENTED_EDGE ( 'NONE', *, *, #6606, .T. ) ;
#2245 = EDGE_CURVE ( 'NONE', #2931, #6082, #3130, .T. ) ;
#2246 = LINE ( 'NONE', #6516, #2115 ) ;
#2247 = EDGE_CURVE ( 'NONE', #8513, #1647, #3278, .T. ) ;
#2248 = LINE ( 'NONE', #7082, #8094 ) ;
#2249 = CARTESIAN_POINT ( 'NONE',  ( 0.3199999999999982303, 0.6999999999999992895, 0.8750000000000000000 ) ) ;
#2250 = EDGE_CURVE ( 'NONE', #6919, #2013, #8927, .T. ) ;
#2251 = ORIENTED_EDGE ( 'NONE', *, *, #1704, .T. ) ;
#2252 = PLANE ( 'NONE',  #6325 ) ;
#2253 = EDGE_LOOP ( 'NONE', ( #5070, #5680, #1388, #5264 ) ) ;
#2254 = CARTESIAN_POINT ( 'NONE',  ( -8.680000000000001492, 0.6999999999999992895, -0.3200000000000000067 ) ) ;
#2255 = VECTOR ( 'NONE', #2359, 1000.000000000000000 ) ;
#2256 = ORIENTED_EDGE ( 'NONE', *, *, #3842, .F. ) ;
#2257 = VECTOR ( 'NONE', #223, 1000.000000000000000 ) ;
#2258 = ORIENTED_EDGE ( 'NONE', *, *, #3804, .F. ) ;
#2259 = CARTESIAN_POINT ( 'NONE',  ( -13.93500000000000050, -8.673617379884035472E-16, -1.270000000000000018 ) ) ;
#2260 = DIRECTION ( 'NONE',  ( 0.000000000000000000, 0.000000000000000000, 1.000000000000000000 ) ) ;
#2261 = ORIENTED_EDGE ( 'NONE', *, *, #8600, .F. ) ;
#2262 = VECTOR ( 'NONE', #7695, 1000.000000000000000 ) ;
#2263 = ORIENTED_EDGE ( 'NONE', *, *, #2019, .F. ) ;
#2264 = DIRECTION ( 'NONE',  ( -1.000000000000000000, 0.000000000000000000, 0.000000000000000000 ) ) ;
#2265 = FACE_OUTER_BOUND ( 'NONE', #6395, .T. ) ;
#2266 = CARTESIAN_POINT ( 'NONE',  ( -0.1200000000000020495, 7.500000000000000000, 0.1200000000000000094 ) ) ;
#2267 = CARTESIAN_POINT ( 'NONE',  ( -4.250000000000001776, 9.899999999999998579, 1.250000000000000000 ) ) ;
#2268 = LINE ( 'NONE', #6705, #8126 ) ;
#2269 = PLANE ( 'NONE',  #5799 ) ;
#2270 = EDGE_CURVE ( 'NONE', #4881, #437, #3175, .T. ) ;
#2271 = CARTESIAN_POINT ( 'NONE',  ( -15.32000000000000206, 1.849999999999999645, 2.469999999999999751 ) ) ;
#2272 = LINE ( 'NONE', #6496, #7640 ) ;
#2273 = EDGE_CURVE ( 'NONE', #1367, #8840, #1643, .T. ) ;
#2274 = ORIENTED_EDGE ( 'NONE', *, *, #1075, .F. ) ;
#2275 = DIRECTION ( 'NONE',  ( 1.000000000000000000, 0.000000000000000000, 0.000000000000000000 ) ) ;
#2276 = DIRECTION ( 'NONE',  ( -1.000000000000000000, 0.000000000000000000, 0.000000000000000000 ) ) ;
#2277 = LINE ( 'NONE', #6630, #5699 ) ;
#2278 = VERTEX_POINT ( 'NONE', #5997 ) ;
#2279 = ADVANCED_FACE ( 'NONE', ( #2385 ), #5212, .F. ) ;
#2280 = EDGE_CURVE ( 'NONE', #429, #2827, #2426, .T. ) ;
#2281 = CARTESIAN_POINT ( 'NONE',  ( 3.319999999999998508, -1.150000000000000799, 2.469999999999999751 ) ) ;
#2282 = DIRECTION ( 'NONE',  ( 0.000000000000000000, 0.000000000000000000, 1.000000000000000000 ) ) ;
#2283 = CARTESIAN_POINT ( 'NONE',  ( 3.269999999999998685, 2.513829809426999518, 0.2700000000000000178 ) ) ;
#2284 = CARTESIAN_POINT ( 'NONE',  ( -15.32000000000000206, -8.673617379884035472E-16, 2.469999999999999751 ) ) ;
#2285 = LINE ( 'NONE', #2937, #6019 ) ;
#2286 = ORIENTED_EDGE ( 'NONE', *, *, #3459, .F. ) ;
#2287 = PLANE ( 'NONE',  #5105 ) ;
#2288 = ORIENTED_EDGE ( 'NONE', *, *, #865, .T. ) ;
#2289 = CARTESIAN_POINT ( 'NONE',  ( -8.680000000000001492, 7.500000000000000000, -0.3200000000000000067 ) ) ;
#2290 = VECTOR ( 'NONE', #2749, 1000.000000000000000 ) ;
#2291 = CARTESIAN_POINT ( 'NONE',  ( -8.680000000000001492, -8.673617379884035472E-16, -1.270000000000000018 ) ) ;
#2292 = DIRECTION ( 'NONE',  ( -1.000000000000000000, 0.000000000000000000, 0.000000000000000000 ) ) ;
#2293 = EDGE_LOOP ( 'NONE', ( #331, #9172, #6429, #1808 ) ) ;
#2294 = EDGE_CURVE ( 'NONE', #5422, #8288, #5448, .T. ) ;
#2295 = LINE ( 'NONE', #5120, #3795 ) ;
#2296 = ORIENTED_EDGE ( 'NONE', *, *, #803, .F. ) ;
#2297 = CARTESIAN_POINT ( 'NONE',  ( -10.75000000000000178, 9.899999999999998579, 1.250000000000000000 ) ) ;
#2298 = ADVANCED_FACE ( 'NONE', ( #7030 ), #8224, .T. ) ;
#2299 = EDGE_LOOP ( 'NONE', ( #2728, #6197, #582, #3014 ) ) ;
#2300 = EDGE_LOOP ( 'NONE', ( #7595, #1275, #7884, #974 ) ) ;
#2301 = EDGE_CURVE ( 'NONE', #7404, #8037, #5534, .T. ) ;
#2302 = CARTESIAN_POINT ( 'NONE',  ( -0.3200000000000017275, 3.299999999999999378, 0.3200000000000000067 ) ) ;
#2303 = CARTESIAN_POINT ( 'NONE',  ( -3.320000000000001616, 0.6999999999999992895, 0.8750000000000000000 ) ) ;
#2304 = ORIENTED_EDGE ( 'NONE', *, *, #5002, .F. ) ;
#2305 = VERTEX_POINT ( 'NONE', #7536 ) ;
#2306 = LINE ( 'NONE', #4305, #4879 ) ;
#2307 = PLANE ( 'NONE',  #2480 ) ;
#2308 = CARTESIAN_POINT ( 'NONE',  ( -8.680000000000001492, 0.6699999999999995959, -0.8750000000000000000 ) ) ;
#2309 = LINE ( 'NONE', #5093, #3740 ) ;
#2311 = DIRECTION ( 'NONE',  ( 0.000000000000000000, 0.000000000000000000, -1.000000000000000000 ) ) ;
#2310 = AXIS2_PLACEMENT_3D ( 'NONE', #3968, #1685, #6058 ) ;
#2312 = AXIS2_PLACEMENT_3D ( 'NONE', #5086, #4386, #7217 ) ;
#2313 = PLANE ( 'NONE',  #7513 ) ;
#2314 = CARTESIAN_POINT ( 'NONE',  ( -10.25000000000000178, 3.299999999999999378, -1.250000000000000000 ) ) ;
#2315 = VERTEX_POINT ( 'NONE', #4794 ) ;
#2316 = LINE ( 'NONE', #6628, #2496 ) ;
#2317 = CARTESIAN_POINT ( 'NONE',  ( -2.680000000000001936, -8.673617379884035472E-16, -1.270000000000000018 ) ) ;
#2318 = DIRECTION ( 'NONE',  ( 0.000000000000000000, -1.000000000000000000, 0.000000000000000000 ) ) ;
#2319 = ORIENTED_EDGE ( 'NONE', *, *, #5474, .T. ) ;
#2320 = VECTOR ( 'NONE', #759, 1000.000000000000114 ) ;
#2321 = VECTOR ( 'NONE', #4368, 1000.000000000000000 ) ;
#2322 = CARTESIAN_POINT ( 'NONE',  ( -5.880000000000001670, 7.500000000000000000, -0.1200000000000000094 ) ) ;
#2323 = ORIENTED_EDGE ( 'NONE', *, *, #8168, .F. ) ;
#2324 = LINE ( 'NONE', #2934, #4545 ) ;
#2325 = VECTOR ( 'NONE', #5068, 1000.000000000000000 ) ;
#2326 = VECTOR ( 'NONE', #1715, 1000.000000000000000 ) ;
#2327 = CARTESIAN_POINT ( 'NONE',  ( 1.934999999999997389, 0.6699999999999995959, 1.270000000000000018 ) ) ;
#2328 = DIRECTION ( 'NONE',  ( 0.000000000000000000, 0.000000000000000000, 1.000000000000000000 ) ) ;
#2329 = DIRECTION ( 'NONE',  ( 0.000000000000000000, 0.000000000000000000, 1.000000000000000000 ) ) ;
#2330 = CARTESIAN_POINT ( 'NONE',  ( -2.680000000000001936, 0.6699999999999995959, -1.270000000000000018 ) ) ;
#2331 = ORIENTED_EDGE ( 'NONE', *, *, #9005, .F. ) ;
#2332 = DIRECTION ( 'NONE',  ( 0.000000000000000000, 1.000000000000000000, 0.000000000000000000 ) ) ;
#2333 = ADVANCED_FACE ( 'NONE', ( #1191 ), #621, .T. ) ;
#2334 = EDGE_LOOP ( 'NONE', ( #1781, #4016, #5511, #8282 ) ) ;
#2335 = AXIS2_PLACEMENT_3D ( 'NONE', #4978, #717, #3506 ) ;
#2336 = DIRECTION ( 'NONE',  ( 0.000000000000000000, 0.000000000000000000, -1.000000000000000000 ) ) ;
#2337 = CARTESIAN_POINT ( 'NONE',  ( -2.680000000000001936, -2.580000000000000515, -0.3200000000000000067 ) ) ;
#2338 = VECTOR ( 'NONE', #2053, 1000.000000000000114 ) ;
#2339 = CARTESIAN_POINT ( 'NONE',  ( -7.300000000000001599, 7.399999999999999467, -2.435000000000000053 ) ) ;
#2340 = ORIENTED_EDGE ( 'NONE', *, *, #8242, .F. ) ;
#2341 = CARTESIAN_POINT ( 'NONE',  ( 3.319999999999998508, 8.500000000000000000, 0.7500000000000000000 ) ) ;
#2342 = ORIENTED_EDGE ( 'NONE', *, *, #2406, .F. ) ;
#2343 = CARTESIAN_POINT ( 'NONE',  ( -15.32000000000000206, 0.6699999999999995959, -0.8750000000000000000 ) ) ;
#2344 = ORIENTED_EDGE ( 'NONE', *, *, #8565, .F. ) ;
#2345 = ORIENTED_EDGE ( 'NONE', *, *, #662, .F. ) ;
#2346 = DIRECTION ( 'NONE',  ( -1.000000000000000000, 0.000000000000000000, 0.000000000000000000 ) ) ;
#2347 = AXIS2_PLACEMENT_3D ( 'NONE', #4736, #6777, #422 ) ;
#2348 = EDGE_CURVE ( 'NONE', #243, #3570, #6243, .T. ) ;
#2349 = DIRECTION ( 'NONE',  ( 2.960594732334000265E-14, -1.000000000000000000, 0.000000000000000000 ) ) ;
#2350 = ORIENTED_EDGE ( 'NONE', *, *, #8709, .T. ) ;
#2351 = EDGE_CURVE ( 'NONE', #7484, #1187, #7619, .T. ) ;
#2352 = EDGE_CURVE ( 'NONE', #768, #4026, #8272, .T. ) ;
#2353 = EDGE_CURVE ( 'NONE', #2856, #3409, #4195, .T. ) ;
#2354 = ORIENTED_EDGE ( 'NONE', *, *, #3606, .T. ) ;
#2355 = CARTESIAN_POINT ( 'NONE',  ( -1.750000000000001554, 1.849999999999999645, 1.930000000000000160 ) ) ;
#2356 = PLANE ( 'NONE',  #2181 ) ;
#2357 = VECTOR ( 'NONE', #5050, 1000.000000000000000 ) ;
#2358 = DIRECTION ( 'NONE',  ( -1.000000000000000000, 0.000000000000000000, 0.000000000000000000 ) ) ;
#2359 = DIRECTION ( 'NONE',  ( 0.000000000000000000, 1.000000000000000000, 0.000000000000000000 ) ) ;
#2360 = AXIS2_PLACEMENT_3D ( 'NONE', #4867, #8386, #3951 ) ;
#2361 = EDGE_CURVE ( 'NONE', #1236, #74, #4015, .T. ) ;
#2362 = LINE ( 'NONE', #8715, #6151 ) ;
#2363 = EDGE_CURVE ( 'NONE', #4069, #1405, #6981, .T. ) ;
#2364 = LINE ( 'NONE', #5789, #5126 ) ;
#2365 = EDGE_LOOP ( 'NONE', ( #6044, #6351, #6514, #3728 ) ) ;
#2366 = CARTESIAN_POINT ( 'NONE',  ( 2.384999999999998010, 1.269999999999999352, -0.8750000000000000000 ) ) ;
#2367 = LINE ( 'NONE', #6722, #8876 ) ;
#2368 = DIRECTION ( 'NONE',  ( 0.000000000000000000, 0.000000000000000000, -1.000000000000000000 ) ) ;
#2369 = ORIENTED_EDGE ( 'NONE', *, *, #6225, .F. ) ;
#2370 = DIRECTION ( 'NONE',  ( 0.000000000000000000, 0.000000000000000000, -1.000000000000000000 ) ) ;
#2371 = ORIENTED_EDGE ( 'NONE', *, *, #6162, .T. ) ;
#2372 = CARTESIAN_POINT ( 'NONE',  ( -0.3200000000000017275, 0.6999999999999992895, 1.649999999999999911 ) ) ;
#2373 = CARTESIAN_POINT ( 'NONE',  ( -11.68000000000000327, 0.6999999999999992895, -0.3200000000000000067 ) ) ;
#2374 = ORIENTED_EDGE ( 'NONE', *, *, #251, .T. ) ;
#2375 = DIRECTION ( 'NONE',  ( -1.000000000000000000, 0.000000000000000000, 0.000000000000000000 ) ) ;
#2376 = FACE_OUTER_BOUND ( 'NONE', #6090, .T. ) ;
#2377 = EDGE_CURVE ( 'NONE', #5493, #9011, #1969, .T. ) ;
#2378 = EDGE_LOOP ( 'NONE', ( #7424, #1958, #7760, #3755, #60, #5650 ) ) ;
#2379 = CARTESIAN_POINT ( 'NONE',  ( -2.680000000000001936, 0.6999999999999992895, -1.050000000000000044 ) ) ;
#2380 = VERTEX_POINT ( 'NONE', #2620 ) ;
#2381 = LINE ( 'NONE', #3819, #8764 ) ;
#2382 = ADVANCED_FACE ( 'NONE', ( #577 ), #4054, .T. ) ;
#2383 = CARTESIAN_POINT ( 'NONE',  ( -4.750000000000001776, 9.899999999999998579, -1.250000000000000000 ) ) ;
#2384 = ORIENTED_EDGE ( 'NONE', *, *, #1485, .T. ) ;
#2385 = FACE_OUTER_BOUND ( 'NONE', #5034, .T. ) ;
#2386 = VERTEX_POINT ( 'NONE', #5582 ) ;
#2387 = CARTESIAN_POINT ( 'NONE',  ( -11.68000000000000327, 0.6999999999999992895, 0.3200000000000000067 ) ) ;
#2388 = ORIENTED_EDGE ( 'NONE', *, *, #2648, .T. ) ;
#2389 = ORIENTED_EDGE ( 'NONE', *, *, #2270, .F. ) ;
#2390 = ADVANCED_FACE ( 'NONE', ( #4896 ), #1924, .T. ) ;
#2391 = DIRECTION ( 'NONE',  ( 0.000000000000000000, 0.000000000000000000, -1.000000000000000000 ) ) ;
#2392 = EDGE_CURVE ( 'NONE', #264, #6428, #2010, .T. ) ;
#2393 = CARTESIAN_POINT ( 'NONE',  ( -12.32000000000000028, 0.6999999999999992895, -0.8750000000000000000 ) ) ;
#2394 = VERTEX_POINT ( 'NONE', #4151 ) ;
#2395 = VECTOR ( 'NONE', #7816, 1000.000000000000000 ) ;
#2396 = ORIENTED_EDGE ( 'NONE', *, *, #7408, .T. ) ;
#2397 = CARTESIAN_POINT ( 'NONE',  ( -5.680000000000001492, -2.580000000000000515, -0.3200000000000000067 ) ) ;
#2398 = FACE_OUTER_BOUND ( 'NONE', #5905, .T. ) ;
#2399 = CARTESIAN_POINT ( 'NONE',  ( 3.319999999999998508, 0.6699999999999995959, -1.270000000000000018 ) ) ;
#2400 = CARTESIAN_POINT ( 'NONE',  ( -10.75000000000000178, 3.299999999999999378, -1.250000000000000000 ) ) ;
#2401 = VECTOR ( 'NONE', #5551, 1000.000000000000000 ) ;
#2402 = DIRECTION ( 'NONE',  ( 0.000000000000000000, 0.000000000000000000, 1.000000000000000000 ) ) ;
#2403 = FACE_OUTER_BOUND ( 'NONE', #3322, .T. ) ;
#2404 = EDGE_LOOP ( 'NONE', ( #9170, #6254, #7734, #324, #4840, #8333, #4240, #3830 ) ) ;
#2405 = CARTESIAN_POINT ( 'NONE',  ( 2.669999999999998597, -1.150000000000000799, 1.570000000000000062 ) ) ;
#2406 = EDGE_CURVE ( 'NONE', #2026, #1246, #4751, .T. ) ;
#2407 = DIRECTION ( 'NONE',  ( 0.000000000000000000, -1.000000000000000000, 0.000000000000000000 ) ) ;
#2408 = FACE_OUTER_BOUND ( 'NONE', #253, .T. ) ;
#2409 = ORIENTED_EDGE ( 'NONE', *, *, #5830, .F. ) ;
#2410 = ADVANCED_FACE ( 'NONE', ( #7725 ), #1327, .T. ) ;
#2411 = LINE ( 'NONE', #2979, #2060 ) ;
#2412 = ORIENTED_EDGE ( 'NONE', *, *, #3054, .T. ) ;
#2413 = FACE_OUTER_BOUND ( 'NONE', #7593, .T. ) ;
#2414 = DIRECTION ( 'NONE',  ( -1.000000000000000000, 0.000000000000000000, 0.000000000000000000 ) ) ;
#2415 = ORIENTED_EDGE ( 'NONE', *, *, #3348, .F. ) ;
#2416 = DIRECTION ( 'NONE',  ( 1.000000000000000000, 0.000000000000000000, 0.000000000000000000 ) ) ;
#2417 = DIRECTION ( 'NONE',  ( 0.000000000000000000, 0.000000000000000000, -1.000000000000000000 ) ) ;
#2418 = ORIENTED_EDGE ( 'NONE', *, *, #6377, .F. ) ;
#2419 = FACE_OUTER_BOUND ( 'NONE', #2365, .T. ) ;
#2420 = ORIENTED_EDGE ( 'NONE', *, *, #9137, .T. ) ;
#2421 = EDGE_CURVE ( 'NONE', #2805, #491, #1372, .T. ) ;
#2422 = CARTESIAN_POINT ( 'NONE',  ( -1.734723475976807094E-15, -2.880000000000000782, 0.2200000000000000011 ) ) ;
#2423 = LINE ( 'NONE', #2291, #5726 ) ;
#2424 = PLANE ( 'NONE',  #5595 ) ;
#2425 = ORIENTED_EDGE ( 'NONE', *, *, #1596, .T. ) ;
#2426 = LINE ( 'NONE', #8782, #5870 ) ;
#2427 = ORIENTED_EDGE ( 'NONE', *, *, #2392, .T. ) ;
#2428 = LINE ( 'NONE', #8744, #6012 ) ;
#2429 = ORIENTED_EDGE ( 'NONE', *, *, #653, .T. ) ;
#2430 = ORIENTED_EDGE ( 'NONE', *, *, #493, .F. ) ;
#2431 = DIRECTION ( 'NONE',  ( 0.000000000000000000, -0.3162277660168079652, 0.9486832980505238710 ) ) ;
#2432 = DIRECTION ( 'NONE',  ( 0.000000000000000000, 0.000000000000000000, 1.000000000000000000 ) ) ;
#2433 = AXIS2_PLACEMENT_3D ( 'NONE', #4005, #1819, #6835 ) ;
#2434 = DIRECTION ( 'NONE',  ( 0.000000000000000000, 0.000000000000000000, -1.000000000000000000 ) ) ;
#2435 = ORIENTED_EDGE ( 'NONE', *, *, #603, .T. ) ;
#2436 = EDGE_LOOP ( 'NONE', ( #3474, #5388, #8073, #1686 ) ) ;
#2437 = VERTEX_POINT ( 'NONE', #1542 ) ;
#2438 = EDGE_CURVE ( 'NONE', #2469, #3106, #7937, .T. ) ;
#2439 = LINE ( 'NONE', #503, #2071 ) ;
#2440 = PLANE ( 'NONE',  #7950 ) ;
#2441 = PRESENTATION_LAYER_ASSIGNMENT (  '', '', ( #1118 ) ) ;
#2442 = LINE ( 'NONE', #8753, #1441 ) ;
#2443 = PLANE ( 'NONE',  #4632 ) ;
#2444 = EDGE_CURVE ( 'NONE', #6841, #7002, #2285, .T. ) ;
#2445 = PLANE ( 'NONE',  #7323 ) ;
#2446 = CARTESIAN_POINT ( 'NONE',  ( -8.680000000000001492, 0.6999999999999992895, -1.050000000000000044 ) ) ;
#2447 = EDGE_LOOP ( 'NONE', ( #5816, #5309, #5017, #9073, #2587 ) ) ;
#2448 = CARTESIAN_POINT ( 'NONE',  ( -2.680000000000001936, -2.580000000000000515, 0.3200000000000000067 ) ) ;
#2449 = LINE ( 'NONE', #1663, #6348 ) ;
#2450 = DIRECTION ( 'NONE',  ( 1.000000000000000000, 0.000000000000000000, 0.000000000000000000 ) ) ;
#2451 = VERTEX_POINT ( 'NONE', #8592 ) ;
#2452 = CARTESIAN_POINT ( 'NONE',  ( -0.2200000000000014444, 7.200000000000000178, 0.000000000000000000 ) ) ;
#2453 = VECTOR ( 'NONE', #1831, 1000.000000000000000 ) ;
#2454 = VECTOR ( 'NONE', #3603, 1000.000000000000000 ) ;
#2455 = ORIENTED_EDGE ( 'NONE', *, *, #6643, .F. ) ;
#2456 = CARTESIAN_POINT ( 'NONE',  ( -11.68000000000000327, -8.673617379884035472E-16, 1.680000000000000160 ) ) ;
#2457 = ADVANCED_FACE ( 'NONE', ( #8635 ), #3593, .T. ) ;
#2458 = EDGE_CURVE ( 'NONE', #3691, #4083, #2893, .T. ) ;
#2459 = DIRECTION ( 'NONE',  ( 1.000000000000000000, 0.000000000000000000, 0.000000000000000000 ) ) ;
#2460 = EDGE_CURVE ( 'NONE', #729, #5882, #6462, .T. ) ;
#2461 = VERTEX_POINT ( 'NONE', #3631 ) ;
#2462 = CARTESIAN_POINT ( 'NONE',  ( -11.68000000000000327, 1.349999999999999645, -1.930000000000000160 ) ) ;
#2463 = LINE ( 'NONE', #5159, #1478 ) ;
#2464 = VECTOR ( 'NONE', #1826, 1000.000000000000000 ) ;
#2465 = EDGE_CURVE ( 'NONE', #26, #4298, #6382, .T. ) ;
#2466 = VECTOR ( 'NONE', #6934, 1000.000000000000000 ) ;
#2467 = ORIENTED_EDGE ( 'NONE', *, *, #6344, .T. ) ;
#2468 = LINE ( 'NONE', #3729, #669 ) ;
#2469 = VERTEX_POINT ( 'NONE', #8465 ) ;
#2470 = ORIENTED_EDGE ( 'NONE', *, *, #1905, .F. ) ;
#2471 = VECTOR ( 'NONE', #918, 1000.000000000000000 ) ;
#2472 = CARTESIAN_POINT ( 'NONE',  ( -8.680000000000001492, 1.269999999999999352, -0.8750000000000000000 ) ) ;
#2473 = VECTOR ( 'NONE', #2228, 1000.000000000000000 ) ;
#2474 = EDGE_CURVE ( 'NONE', #1464, #2723, #1498, .T. ) ;
#2475 = SURFACE_STYLE_USAGE ( .BOTH. , #3036 ) ;
#2476 = DIRECTION ( 'NONE',  ( 0.000000000000000000, 1.000000000000000000, 0.000000000000000000 ) ) ;
#2477 = ORIENTED_EDGE ( 'NONE', *, *, #4453, .T. ) ;
#2478 = CARTESIAN_POINT ( 'NONE',  ( 0.3199999999999982303, 6.899999999999999467, -0.3200000000000000067 ) ) ;
#2479 = ORIENTED_EDGE ( 'NONE', *, *, #1845, .T. ) ;
#2480 = AXIS2_PLACEMENT_3D ( 'NONE', #1697, #4527, #3706 ) ;
#2481 = DIRECTION ( 'NONE',  ( 0.000000000000000000, 0.000000000000000000, 1.000000000000000000 ) ) ;
#2482 = VECTOR ( 'NONE', #4759, 1000.000000000000000 ) ;
#2483 = VERTEX_POINT ( 'NONE', #4327 ) ;
#2484 = VERTEX_POINT ( 'NONE', #4936 ) ;
#2485 = EDGE_CURVE ( 'NONE', #642, #1328, #7194, .T. ) ;
#2486 = AXIS2_PLACEMENT_3D ( 'NONE', #5515, #6865, #1254 ) ;
#2487 = DIRECTION ( 'NONE',  ( 0.000000000000000000, -1.000000000000000000, 0.000000000000000000 ) ) ;
#2488 = CARTESIAN_POINT ( 'NONE',  ( 0.3199999999999982303, 0.6999999999999992895, 1.649999999999999911 ) ) ;
#2489 = CARTESIAN_POINT ( 'NONE',  ( 3.269999999999998685, 1.449999999999999512, 0.1137500000000000039 ) ) ;
#2490 = VECTOR ( 'NONE', #6191, 1000.000000000000000 ) ;
#2491 = DIRECTION ( 'NONE',  ( 0.000000000000000000, 1.000000000000000000, 0.000000000000000000 ) ) ;
#2492 = VERTEX_POINT ( 'NONE', #4420 ) ;
#2493 = EDGE_LOOP ( 'NONE', ( #4378, #6500, #8785, #3176 ) ) ;
#2494 = DIRECTION ( 'NONE',  ( 0.000000000000000000, 0.000000000000000000, -1.000000000000000000 ) ) ;
#2495 = CARTESIAN_POINT ( 'NONE',  ( -2.680000000000001936, -3.180000000000000604, 0.3200000000000000067 ) ) ;
#2496 = VECTOR ( 'NONE', #3060, 1000.000000000000000 ) ;
#2497 = CARTESIAN_POINT ( 'NONE',  ( 2.384999999999998010, -8.673617379884035472E-16, 2.469999999999999751 ) ) ;
#2498 = AXIS2_PLACEMENT_3D ( 'NONE', #2452, #279, #890 ) ;
#2499 = DIRECTION ( 'NONE',  ( -1.000000000000000000, 0.000000000000000000, 0.000000000000000000 ) ) ;
#2500 = DIRECTION ( 'NONE',  ( -1.000000000000000000, 0.000000000000000000, 0.000000000000000000 ) ) ;
#2501 = VECTOR ( 'NONE', #8835, 1000.000000000000000 ) ;
#2502 = EDGE_CURVE ( 'NONE', #3759, #491, #846, .T. ) ;
#2503 = FACE_OUTER_BOUND ( 'NONE', #3112, .T. ) ;
#2504 = ORIENTED_EDGE ( 'NONE', *, *, #818, .T. ) ;
#2505 = CARTESIAN_POINT ( 'NONE',  ( 0.3199999999999982303, 1.269999999999999352, -0.8750000000000000000 ) ) ;
#2506 = VECTOR ( 'NONE', #511, 1000.000000000000000 ) ;
#2507 = AXIS2_PLACEMENT_3D ( 'NONE', #6486, #2915, #8568 ) ;
#2508 = DIRECTION ( 'NONE',  ( 1.000000000000000000, 0.000000000000000000, 0.000000000000000000 ) ) ;
#2509 = FACE_OUTER_BOUND ( 'NONE', #284, .T. ) ;
#2510 = VERTEX_POINT ( 'NONE', #5801 ) ;
#2511 = CARTESIAN_POINT ( 'NONE',  ( -3.320000000000001616, 0.6699999999999995959, -1.270000000000000018 ) ) ;
#2512 = AXIS2_PLACEMENT_3D ( 'NONE', #4784, #1312, #8262 ) ;
#2513 = EDGE_CURVE ( 'NONE', #491, #4855, #7250, .T. ) ;
#2514 = ORIENTED_EDGE ( 'NONE', *, *, #4153, .T. ) ;
#2515 = LINE ( 'NONE', #8866, #9046 ) ;
#2516 = AXIS2_PLACEMENT_3D ( 'NONE', #4846, #6986, #6199 ) ;
#2517 = PLANE ( 'NONE',  #1735 ) ;
#2518 = ORIENTED_EDGE ( 'NONE', *, *, #6727, .T. ) ;
#2519 = LINE ( 'NONE', #1956, #1463 ) ;
#2520 = DIRECTION ( 'NONE',  ( 0.000000000000000000, -1.000000000000000000, 0.000000000000000000 ) ) ;
#2521 = ORIENTED_EDGE ( 'NONE', *, *, #493, .T. ) ;
#2522 = LINE ( 'NONE', #3355, #5408 ) ;
#2523 = ORIENTED_EDGE ( 'NONE', *, *, #3994, .F. ) ;
#2524 = VERTEX_POINT ( 'NONE', #153 ) ;
#2525 = CARTESIAN_POINT ( 'NONE',  ( -2.680000000000001936, -8.673617379884035472E-16, 1.270000000000000018 ) ) ;
#2526 = CARTESIAN_POINT ( 'NONE',  ( -14.67000000000000171, -8.673617379884035472E-16, 2.469999999999999751 ) ) ;
#2527 = DIRECTION ( 'NONE',  ( 1.000000000000000000, 0.000000000000000000, 0.000000000000000000 ) ) ;
#2528 = LINE ( 'NONE', #8971, #1591 ) ;
#2529 = VERTEX_POINT ( 'NONE', #2986 ) ;
#2530 = DIRECTION ( 'NONE',  ( 1.000000000000000000, 0.000000000000000000, 0.000000000000000000 ) ) ;
#2531 = EDGE_LOOP ( 'NONE', ( #6656, #4659, #1977, #1139 ) ) ;
#2532 = DIRECTION ( 'NONE',  ( 0.000000000000000000, -1.000000000000000000, 0.000000000000000000 ) ) ;
#2533 = ADVANCED_FACE ( 'NONE', ( #3726 ), #6554, .T. ) ;
#2534 = ORIENTED_EDGE ( 'NONE', *, *, #1038, .F. ) ;
#2535 = ORIENTED_EDGE ( 'NONE', *, *, #7071, .F. ) ;
#2536 = EDGE_CURVE ( 'NONE', #3341, #6124, #8543, .T. ) ;
#2537 = FACE_OUTER_BOUND ( 'NONE', #1793, .T. ) ;
#2538 = CARTESIAN_POINT ( 'NONE',  ( -14.38500000000000156, 0.6699999999999995959, -1.270000000000000018 ) ) ;
#2539 = CARTESIAN_POINT ( 'NONE',  ( -3.320000000000001616, 1.349999999999999645, -1.930000000000000160 ) ) ;
#2540 = ADVANCED_FACE ( 'NONE', ( #761 ), #16, .T. ) ;
#2541 = LINE ( 'NONE', #2022, #7627 ) ;
#2542 = DIRECTION ( 'NONE',  ( 0.000000000000000000, 0.000000000000000000, -1.000000000000000000 ) ) ;
#2543 = ORIENTED_EDGE ( 'NONE', *, *, #2700, .F. ) ;
#2544 = ORIENTED_EDGE ( 'NONE', *, *, #536, .T. ) ;
#2545 = DIRECTION ( 'NONE',  ( 0.3015113445777909407, 0.9045340337332726799, 0.3015113445777909407 ) ) ;
#2546 = CARTESIAN_POINT ( 'NONE',  ( -8.680000000000001492, 6.899999999999999467, -0.3200000000000000067 ) ) ;
#2547 = CARTESIAN_POINT ( 'NONE',  ( -6.320000000000002061, 0.6699999999999995959, 0.8750000000000000000 ) ) ;
#2548 = CARTESIAN_POINT ( 'NONE',  ( -2.880000000000002114, 7.500000000000000000, 0.1200000000000000094 ) ) ;
#2549 = DIRECTION ( 'NONE',  ( 0.000000000000000000, 0.000000000000000000, -1.000000000000000000 ) ) ;
#2550 = LINE ( 'NONE', #1945, #4685 ) ;
#2551 = ORIENTED_EDGE ( 'NONE', *, *, #1884, .F. ) ;
#2552 = DIRECTION ( 'NONE',  ( -0.9486832980505238710, 0.3162277660168079652, 0.000000000000000000 ) ) ;
#2553 = DIRECTION ( 'NONE',  ( 0.000000000000000000, -0.7659742160925780974, 0.6428712937138820749 ) ) ;
#2554 = LINE ( 'NONE', #8251, #4235 ) ;
#2555 = VECTOR ( 'NONE', #3636, 1000.000000000000000 ) ;
#2556 = LINE ( 'NONE', #1810, #3093 ) ;
#2557 = DIRECTION ( 'NONE',  ( 0.000000000000000000, 0.000000000000000000, -1.000000000000000000 ) ) ;
#2558 = EDGE_CURVE ( 'NONE', #1636, #9169, #4979, .T. ) ;
#2559 = DIRECTION ( 'NONE',  ( -1.000000000000000000, 0.000000000000000000, 0.000000000000000000 ) ) ;
#2560 = ORIENTED_EDGE ( 'NONE', *, *, #8756, .F. ) ;
#2561 = CARTESIAN_POINT ( 'NONE',  ( -13.92000000000000171, 8.500000000000000000, -1.250000000000000000 ) ) ;
#2563 = EDGE_CURVE ( 'NONE', #3240, #4793, #6421, .T. ) ;
#2562 = CARTESIAN_POINT ( 'NONE',  ( -3.320000000000001616, 3.299999999999999378, 0.3200000000000000067 ) ) ;
#2564 = ORIENTED_EDGE ( 'NONE', *, *, #7624, .T. ) ;
#2565 = EDGE_CURVE ( 'NONE', #6680, #6026, #2196, .T. ) ;
#2566 = DIRECTION ( 'NONE',  ( 0.000000000000000000, 0.000000000000000000, -1.000000000000000000 ) ) ;
#2567 = LINE ( 'NONE', #6876, #3336 ) ;
#2568 = VERTEX_POINT ( 'NONE', #5160 ) ;
#2569 = ORIENTED_EDGE ( 'NONE', *, *, #6455, .T. ) ;
#2570 = DIRECTION ( 'NONE',  ( 0.000000000000000000, -1.000000000000000000, 0.000000000000000000 ) ) ;
#2571 = LINE ( 'NONE', #8877, #4323 ) ;
#2572 = CARTESIAN_POINT ( 'NONE',  ( -0.3200000000000017275, 1.349999999999999645, -1.930000000000000160 ) ) ;
#2573 = CARTESIAN_POINT ( 'NONE',  ( -2.880000000000002114, -3.180000000000000604, -0.1200000000000000094 ) ) ;
#2574 = VERTEX_POINT ( 'NONE', #8684 ) ;
#2575 = CARTESIAN_POINT ( 'NONE',  ( -12.32000000000000028, 1.269999999999999352, -0.8750000000000000000 ) ) ;
#2576 = ORIENTED_EDGE ( 'NONE', *, *, #2485, .F. ) ;
#2577 = PLANE ( 'NONE',  #6460 ) ;
#2578 = ORIENTED_EDGE ( 'NONE', *, *, #8600, .T. ) ;
#2579 = ORIENTED_EDGE ( 'NONE', *, *, #9161, .F. ) ;
#2580 = CARTESIAN_POINT ( 'NONE',  ( 1.919999999999998153, 9.899999999999998579, 0.7500000000000000000 ) ) ;
#2581 = LINE ( 'NONE', #3924, #1183 ) ;
#2582 = DIRECTION ( 'NONE',  ( 0.000000000000000000, 1.000000000000000000, 0.000000000000000000 ) ) ;
#2583 = EDGE_CURVE ( 'NONE', #3956, #146, #3025, .T. ) ;
#2584 = DIRECTION ( 'NONE',  ( -1.000000000000000000, 0.000000000000000000, 0.000000000000000000 ) ) ;
#2585 = LINE ( 'NONE', #5412, #7815 ) ;
#2586 = ORIENTED_EDGE ( 'NONE', *, *, #7551, .T. ) ;
#2587 = ORIENTED_EDGE ( 'NONE', *, *, #3096, .F. ) ;
#2588 = ADVANCED_FACE ( 'NONE', ( #6371 ), #2843, .T. ) ;
#2589 = PLANE ( 'NONE',  #4433 ) ;
#2590 = EDGE_CURVE ( 'NONE', #4813, #1237, #7183, .T. ) ;
#2591 = DIRECTION ( 'NONE',  ( -1.000000000000000000, 0.000000000000000000, 0.000000000000000000 ) ) ;
#2592 = LINE ( 'NONE', #6818, #8769 ) ;
#2593 = VECTOR ( 'NONE', #5179, 1000.000000000000000 ) ;
#2594 = VECTOR ( 'NONE', #50, 1000.000000000000000 ) ;
#2595 = VECTOR ( 'NONE', #4395, 1000.000000000000114 ) ;
#2596 = DIRECTION ( 'NONE',  ( -1.000000000000000000, 0.000000000000000000, 0.000000000000000000 ) ) ;
#2597 = ORIENTED_EDGE ( 'NONE', *, *, #1430, .T. ) ;
#2598 = CARTESIAN_POINT ( 'NONE',  ( -12.00000000000000178, -2.880000000000000782, -0.2200000000000000011 ) ) ;
#2599 = CARTESIAN_POINT ( 'NONE',  ( 3.269999999999998685, 1.449999999999999512, -0.04250000000000000305 ) ) ;
#2600 = CARTESIAN_POINT ( 'NONE',  ( -10.25000000000000178, 9.899999999999998579, 1.250000000000000000 ) ) ;
#2601 = CARTESIAN_POINT ( 'NONE',  ( 1.934999999999997389, 1.269999999999999352, 0.8750000000000000000 ) ) ;
#2602 = AXIS2_PLACEMENT_3D ( 'NONE', #3110, #4590, #8060 ) ;
#2603 = DIRECTION ( 'NONE',  ( -1.000000000000000000, 0.000000000000000000, 0.000000000000000000 ) ) ;
#2604 = PLANE ( 'NONE',  #8999 ) ;
#2605 = ORIENTED_EDGE ( 'NONE', *, *, #7515, .T. ) ;
#2606 = CARTESIAN_POINT ( 'NONE',  ( 1.934999999999997389, -8.673617379884035472E-16, 1.270000000000000018 ) ) ;
#2607 = ORIENTED_EDGE ( 'NONE', *, *, #8255, .T. ) ;
#2608 = DIRECTION ( 'NONE',  ( -0.9486832980505238710, -0.3162277660168079652, -0.000000000000000000 ) ) ;
#2609 = CARTESIAN_POINT ( 'NONE',  ( -15.32000000000000206, 1.269999999999999352, -0.8750000000000000000 ) ) ;
#2610 = ORIENTED_EDGE ( 'NONE', *, *, #9102, .T. ) ;
#2611 = VERTEX_POINT ( 'NONE', #46 ) ;
#2612 = CARTESIAN_POINT ( 'NONE',  ( -8.680000000000001492, 6.899999999999999467, 0.3200000000000000067 ) ) ;
#2613 = VERTEX_POINT ( 'NONE', #6450 ) ;
#2614 = VECTOR ( 'NONE', #2726, 1000.000000000000000 ) ;
#2615 = VECTOR ( 'NONE', #1780, 1000.000000000000114 ) ;
#2616 = CARTESIAN_POINT ( 'NONE',  ( -1.750000000000001554, 1.849999999999999645, 1.930000000000000160 ) ) ;
#2617 = LINE ( 'NONE', #6844, #3818 ) ;
#2618 = EDGE_CURVE ( 'NONE', #4859, #7195, #3544, .T. ) ;
#2619 = VERTEX_POINT ( 'NONE', #2882 ) ;
#2620 = CARTESIAN_POINT ( 'NONE',  ( -13.92000000000000171, 9.899999999999998579, -1.930000000000000160 ) ) ;
#2621 = EDGE_LOOP ( 'NONE', ( #4436, #6732, #5307, #2304 ) ) ;
#2622 = ADVANCED_FACE ( 'NONE', ( #2138 ), #7712, .T. ) ;
#2623 = VERTEX_POINT ( 'NONE', #655 ) ;
#2624 = VERTEX_POINT ( 'NONE', #7882 ) ;
#2625 =( GEOMETRIC_REPRESENTATION_CONTEXT ( 3 ) GLOBAL_UNCERTAINTY_ASSIGNED_CONTEXT ( ( #8486 ) ) GLOBAL_UNIT_ASSIGNED_CONTEXT ( ( #4469, #943, #5209 ) ) REPRESENTATION_CONTEXT ( 'NONE', 'WORKASPACE' ) );
#2626 = DIRECTION ( 'NONE',  ( -1.000000000000000000, 0.000000000000000000, 0.000000000000000000 ) ) ;
#2627 = CARTESIAN_POINT ( 'NONE',  ( 3.019999999999998241, -1.400000000000000133, 2.169999999999999929 ) ) ;
#2628 = VECTOR ( 'NONE', #7984, 1000.000000000000000 ) ;
#2629 = AXIS2_PLACEMENT_3D ( 'NONE', #5920, #5091, #7916 ) ;
#2630 = FACE_OUTER_BOUND ( 'NONE', #7496, .T. ) ;
#2631 = VECTOR ( 'NONE', #6968, 1000.000000000000000 ) ;
#2632 = VERTEX_POINT ( 'NONE', #5702 ) ;
#2633 = ORIENTED_EDGE ( 'NONE', *, *, #5302, .F. ) ;
#2634 = LINE ( 'NONE', #4947, #386 ) ;
#2635 = LINE ( 'NONE', #4028, #8837 ) ;
#2636 = ORIENTED_EDGE ( 'NONE', *, *, #21, .F. ) ;
#2637 = FACE_OUTER_BOUND ( 'NONE', #7253, .T. ) ;
#2638 = VECTOR ( 'NONE', #2710, 1000.000000000000000 ) ;
#2639 = EDGE_CURVE ( 'NONE', #6299, #4053, #2182, .T. ) ;
#2640 = EDGE_CURVE ( 'NONE', #4647, #8374, #8580, .T. ) ;
#2641 = VERTEX_POINT ( 'NONE', #5660 ) ;
#2642 = AXIS2_PLACEMENT_3D ( 'NONE', #3999, #1126, #6179 ) ;
#2643 = LINE ( 'NONE', #1987, #5574 ) ;
#2644 = ORIENTED_EDGE ( 'NONE', *, *, #5470, .F. ) ;
#2645 = LINE ( 'NONE', #6022, #2808 ) ;
#2646 = DIRECTION ( 'NONE',  ( 0.000000000000000000, 1.000000000000000000, 0.000000000000000000 ) ) ;
#2647 = CARTESIAN_POINT ( 'NONE',  ( -2.680000000000001936, -2.580000000000000515, -0.3200000000000000067 ) ) ;
#2648 = EDGE_CURVE ( 'NONE', #8891, #5971, #9092, .T. ) ;
#2649 = CARTESIAN_POINT ( 'NONE',  ( -11.68000000000000327, -2.580000000000000515, -0.3200000000000000067 ) ) ;
#2650 = EDGE_CURVE ( 'NONE', #9169, #1988, #2744, .T. ) ;
#2651 = VECTOR ( 'NONE', #5560, 1000.000000000000000 ) ;
#2652 = CARTESIAN_POINT ( 'NONE',  ( 3.319999999999998508, -8.673617379884035472E-16, 1.570000000000000062 ) ) ;
#2653 = CARTESIAN_POINT ( 'NONE',  ( 3.319999999999998508, 3.299999999999999378, -1.930000000000000160 ) ) ;
#2654 = ORIENTED_EDGE ( 'NONE', *, *, #2460, .T. ) ;
#2655 = LINE ( 'NONE', #8347, #8115 ) ;
#2656 = ORIENTED_EDGE ( 'NONE', *, *, #9040, .F. ) ;
#2657 = PLANE ( 'NONE',  #1762 ) ;
#2658 = CARTESIAN_POINT ( 'NONE',  ( 3.319999999999998508, -8.673617379884035472E-16, -1.270000000000000018 ) ) ;
#2659 = VERTEX_POINT ( 'NONE', #5566 ) ;
#2660 = EDGE_LOOP ( 'NONE', ( #1452, #3857, #406, #3282 ) ) ;
#2661 = VECTOR ( 'NONE', #126, 1000.000000000000000 ) ;
#2662 = ADVANCED_FACE ( 'NONE', ( #1360 ), #4967, .T. ) ;
#2663 = LINE ( 'NONE', #5488, #8392 ) ;
#2664 = CARTESIAN_POINT ( 'NONE',  ( -14.38500000000000156, -8.673617379884035472E-16, 1.270000000000000018 ) ) ;
#2665 = ORIENTED_EDGE ( 'NONE', *, *, #8638, .F. ) ;
#2666 = CARTESIAN_POINT ( 'NONE',  ( -13.93500000000000050, -8.673617379884035472E-16, 1.680000000000000160 ) ) ;
#2667 = VERTEX_POINT ( 'NONE', #2051 ) ;
#2668 = ORIENTED_EDGE ( 'NONE', *, *, #2639, .F. ) ;
#2669 = ORIENTED_EDGE ( 'NONE', *, *, #7700, .F. ) ;
#2670 = LINE ( 'NONE', #3469, #587 ) ;
#2671 = DIRECTION ( 'NONE',  ( 0.000000000000000000, 0.000000000000000000, -1.000000000000000000 ) ) ;
#2672 = EDGE_CURVE ( 'NONE', #1128, #5705, #4880, .T. ) ;
#2673 = DIRECTION ( 'NONE',  ( 0.000000000000000000, -1.000000000000000000, 0.000000000000000000 ) ) ;
#2674 = EDGE_LOOP ( 'NONE', ( #119, #2504, #6906, #6801 ) ) ;
#2675 = ORIENTED_EDGE ( 'NONE', *, *, #1799, .T. ) ;
#2676 = ORIENTED_EDGE ( 'NONE', *, *, #4479, .T. ) ;
#2677 = PLANE ( 'NONE',  #3202 ) ;
#2678 = CARTESIAN_POINT ( 'NONE',  ( -8.880000000000002558, -3.180000000000000604, 0.1200000000000000094 ) ) ;
#2679 = ADVANCED_FACE ( 'NONE', ( #7016 ), #6317, .F. ) ;
#2680 = ORIENTED_EDGE ( 'NONE', *, *, #8323, .F. ) ;
#2681 = VECTOR ( 'NONE', #7329, 1000.000000000000000 ) ;
#2682 = EDGE_CURVE ( 'NONE', #348, #5583, #5618, .T. ) ;
#2683 = VERTEX_POINT ( 'NONE', #1488 ) ;
#2684 = ADVANCED_FACE ( 'NONE', ( #4313 ), #7756, .F. ) ;
#2685 = CARTESIAN_POINT ( 'NONE',  ( 0.3199999999999982303, -2.580000000000000515, -0.3200000000000000067 ) ) ;
#2686 = EDGE_LOOP ( 'NONE', ( #7497, #8028, #4697, #3233 ) ) ;
#2687 = CARTESIAN_POINT ( 'NONE',  ( -8.880000000000002558, -3.180000000000000604, -0.1200000000000000094 ) ) ;
#2688 = APPLICATION_CONTEXT ( 'automotive_design' ) ;
#2689 = EDGE_LOOP ( 'NONE', ( #1642, #4369, #1604, #6951, #9118 ) ) ;
#2690 = DIRECTION ( 'NONE',  ( 0.000000000000000000, -1.000000000000000000, 0.000000000000000000 ) ) ;
#2691 = PLANE ( 'NONE',  #2191 ) ;
#2692 = CARTESIAN_POINT ( 'NONE',  ( 0.3199999999999982303, 3.299999999999999378, 0.3200000000000000067 ) ) ;
#2693 = LINE ( 'NONE', #3259, #2203 ) ;
#2694 = CARTESIAN_POINT ( 'NONE',  ( 3.319999999999998508, 8.500000000000000000, 0.7500000000000000000 ) ) ;
#2695 = EDGE_CURVE ( 'NONE', #3038, #7691, #4273, .T. ) ;
#2696 = DIRECTION ( 'NONE',  ( 0.000000000000000000, 0.000000000000000000, -1.000000000000000000 ) ) ;
#2697 = AXIS2_PLACEMENT_3D ( 'NONE', #1824, #1133, #5852 ) ;
#2698 = ORIENTED_EDGE ( 'NONE', *, *, #6633, .T. ) ;
#2699 = FACE_OUTER_BOUND ( 'NONE', #2300, .T. ) ;
#2700 = EDGE_CURVE ( 'NONE', #5733, #4502, #3582, .T. ) ;
#2701 = VECTOR ( 'NONE', #699, 1000.000000000000000 ) ;
#2702 = VERTEX_POINT ( 'NONE', #5839 ) ;
#2703 = CARTESIAN_POINT ( 'NONE',  ( -5.680000000000001492, 0.6699999999999995959, -0.8750000000000000000 ) ) ;
#2704 = LINE ( 'NONE', #7473, #4070 ) ;
#2705 = EDGE_CURVE ( 'NONE', #3134, #6833, #4458, .T. ) ;
#2706 = ORIENTED_EDGE ( 'NONE', *, *, #7969, .T. ) ;
#2707 = EDGE_LOOP ( 'NONE', ( #2680, #1344, #2258, #7276 ) ) ;
#2708 = AXIS2_PLACEMENT_3D ( 'NONE', #7410, #6766, #7503 ) ;
#2709 = LINE ( 'NONE', #7437, #5434 ) ;
#2710 = DIRECTION ( 'NONE',  ( -1.000000000000000000, 0.000000000000000000, 0.000000000000000000 ) ) ;
#2711 = EDGE_LOOP ( 'NONE', ( #8930, #418, #3208, #5256 ) ) ;
#2712 = DIRECTION ( 'NONE',  ( 0.000000000000000000, 1.000000000000000000, 0.000000000000000000 ) ) ;
#2713 = ORIENTED_EDGE ( 'NONE', *, *, #6896, .F. ) ;
#2714 = EDGE_CURVE ( 'NONE', #1274, #8434, #3853, .T. ) ;
#2715 = EDGE_LOOP ( 'NONE', ( #2057, #6555, #1345, #8057 ) ) ;
#2716 = LINE ( 'NONE', #3933, #5841 ) ;
#2717 = ORIENTED_EDGE ( 'NONE', *, *, #8003, .F. ) ;
#2718 = CARTESIAN_POINT ( 'NONE',  ( -5.680000000000001492, 3.299999999999999378, 0.3200000000000000067 ) ) ;
#2719 = LINE ( 'NONE', #5592, #1614 ) ;
#2720 = EDGE_CURVE ( 'NONE', #374, #7134, #4414, .T. ) ;
#2721 = CARTESIAN_POINT ( 'NONE',  ( -2.680000000000001936, 0.6999999999999992895, 0.8750000000000000000 ) ) ;
#2722 = CARTESIAN_POINT ( 'NONE',  ( -3.120000000000001883, 7.500000000000000000, 0.1200000000000000094 ) ) ;
#2723 = VERTEX_POINT ( 'NONE', #8062 ) ;
#2724 = VERTEX_POINT ( 'NONE', #5153 ) ;
#2725 = ORIENTED_EDGE ( 'NONE', *, *, #2186, .F. ) ;
#2726 = DIRECTION ( 'NONE',  ( 0.000000000000000000, 0.000000000000000000, -1.000000000000000000 ) ) ;
#2727 = DIRECTION ( 'NONE',  ( 0.000000000000000000, 1.000000000000000000, 0.000000000000000000 ) ) ;
#2728 = ORIENTED_EDGE ( 'NONE', *, *, #2910, .F. ) ;
#2729 = ORIENTED_EDGE ( 'NONE', *, *, #2189, .F. ) ;
#2730 = CARTESIAN_POINT ( 'NONE',  ( 0.1199999999999977196, 7.500000000000000000, 0.1200000000000000094 ) ) ;
#2731 = EDGE_CURVE ( 'NONE', #25, #1190, #1712, .T. ) ;
#2732 = ORIENTED_EDGE ( 'NONE', *, *, #7961, .T. ) ;
#2733 = CARTESIAN_POINT ( 'NONE',  ( -8.680000000000001492, -8.673617379884035472E-16, -1.930000000000000160 ) ) ;
#2734 = DIRECTION ( 'NONE',  ( -1.000000000000000000, 0.000000000000000000, 0.000000000000000000 ) ) ;
#2735 = CARTESIAN_POINT ( 'NONE',  ( -8.680000000000001492, 0.6999999999999992895, -0.8750000000000000000 ) ) ;
#2736 = EDGE_CURVE ( 'NONE', #3802, #2667, #2411, .T. ) ;
#2737 = FACE_OUTER_BOUND ( 'NONE', #2334, .T. ) ;
#2738 = DIRECTION ( 'NONE',  ( 1.000000000000000000, 0.000000000000000000, 0.000000000000000000 ) ) ;
#2739 = LINE ( 'NONE', #745, #3246 ) ;
#2740 = EDGE_CURVE ( 'NONE', #1925, #195, #7242, .T. ) ;
#2741 = VECTOR ( 'NONE', #7240, 1000.000000000000000 ) ;
#2742 = CARTESIAN_POINT ( 'NONE',  ( -0.3200000000000017275, 0.6999999999999992895, -0.3200000000000000067 ) ) ;
#2743 = CARTESIAN_POINT ( 'NONE',  ( 3.319999999999998508, 2.301063802837999717, 0.2700000000000000178 ) ) ;
#2744 = LINE ( 'NONE', #8493, #6942 ) ;
#2745 = ORIENTED_EDGE ( 'NONE', *, *, #1847, .T. ) ;
#2746 = LINE ( 'NONE', #3496, #3821 ) ;
#2747 = ORIENTED_EDGE ( 'NONE', *, *, #4453, .F. ) ;
#2748 = DIRECTION ( 'NONE',  ( 0.000000000000000000, 0.000000000000000000, -1.000000000000000000 ) ) ;
#2749 = DIRECTION ( 'NONE',  ( 0.000000000000000000, 1.000000000000000000, 0.000000000000000000 ) ) ;
#2750 = ORIENTED_EDGE ( 'NONE', *, *, #2165, .F. ) ;
#2751 = AXIS2_PLACEMENT_3D ( 'NONE', #2131, #41, #4956 ) ;
#2752 = ORIENTED_EDGE ( 'NONE', *, *, #1409, .T. ) ;
#2753 = EDGE_CURVE ( 'NONE', #4434, #507, #3113, .T. ) ;
#2754 = DIRECTION ( 'NONE',  ( 0.9486832980505238710, 0.3162277660168079652, -0.000000000000000000 ) ) ;
#2755 = EDGE_CURVE ( 'NONE', #3312, #615, #8674, .T. ) ;
#2756 = EDGE_CURVE ( 'NONE', #8303, #1367, #1630, .T. ) ;
#2757 = LINE ( 'NONE', #976, #4252 ) ;
#2758 = LINE ( 'NONE', #6334, #9002 ) ;
#2759 = ORIENTED_EDGE ( 'NONE', *, *, #371, .T. ) ;
#2760 = CARTESIAN_POINT ( 'NONE',  ( -7.250000000000001776, 9.899999999999998579, -1.250000000000000000 ) ) ;
#2761 = ORIENTED_EDGE ( 'NONE', *, *, #7709, .T. ) ;
#2762 = VERTEX_POINT ( 'NONE', #3760 ) ;
#2763 = PLANE ( 'NONE',  #4144 ) ;
#2764 = EDGE_LOOP ( 'NONE', ( #3311, #7237, #6602, #8595, #6301, #6590 ) ) ;
#2765 = EDGE_CURVE ( 'NONE', #3341, #1389, #7931, .T. ) ;
#2766 = CARTESIAN_POINT ( 'NONE',  ( 1.919999999999998153, 8.500000000000000000, -1.250000000000000000 ) ) ;
#2767 = DIRECTION ( 'NONE',  ( 0.000000000000000000, -1.000000000000000000, 0.000000000000000000 ) ) ;
#2768 = VECTOR ( 'NONE', #207, 1000.000000000000000 ) ;
#2769 = VECTOR ( 'NONE', #6905, 1000.000000000000114 ) ;
#2770 = ADVANCED_FACE ( 'NONE', ( #1024 ), #5979, .F. ) ;
#2771 = FILL_AREA_STYLE ('',( #3564 ) ) ;
#2772 = LINE ( 'NONE', #7495, #4851 ) ;
#2773 = ORIENTED_EDGE ( 'NONE', *, *, #2221, .T. ) ;
#2774 = ORIENTED_EDGE ( 'NONE', *, *, #4040, .F. ) ;
#2775 = VERTEX_POINT ( 'NONE', #3720 ) ;
#2776 = FACE_OUTER_BOUND ( 'NONE', #3117, .T. ) ;
#2777 = EDGE_CURVE ( 'NONE', #3920, #5377, #8023, .T. ) ;
#2778 = VECTOR ( 'NONE', #6380, 1000.000000000000000 ) ;
#2779 = AXIS2_PLACEMENT_3D ( 'NONE', #1683, #4514, #5950 ) ;
#2780 = ORIENTED_EDGE ( 'NONE', *, *, #3441, .F. ) ;
#2781 = ORIENTED_EDGE ( 'NONE', *, *, #2301, .F. ) ;
#2782 = DIRECTION ( 'NONE',  ( -0.3015113445777909407, -0.9045340337332726799, 0.3015113445777909407 ) ) ;
#2783 = AXIS2_PLACEMENT_3D ( 'NONE', #3894, #5280, #510 ) ;
#2784 = ADVANCED_FACE ( 'NONE', ( #326 ), #1668, .T. ) ;
#2785 = AXIS2_PLACEMENT_3D ( 'NONE', #517, #9004, #3304 ) ;
#2786 = ORIENTED_EDGE ( 'NONE', *, *, #5303, .F. ) ;
#2787 = FACE_OUTER_BOUND ( 'NONE', #7450, .T. ) ;
#2788 = DIRECTION ( 'NONE',  ( 0.000000000000000000, 0.000000000000000000, -1.000000000000000000 ) ) ;
#2789 = VECTOR ( 'NONE', #444, 1000.000000000000000 ) ;
#2790 = DIRECTION ( 'NONE',  ( 0.000000000000000000, 0.000000000000000000, -1.000000000000000000 ) ) ;
#2791 = PLANE ( 'NONE',  #2751 ) ;
#2792 = VECTOR ( 'NONE', #4637, 1000.000000000000000 ) ;
#2793 = CARTESIAN_POINT ( 'NONE',  ( -0.7500000000000015543, 9.049999999999998934, 2.429999999999999716 ) ) ;
#2794 = CARTESIAN_POINT ( 'NONE',  ( 0.3199999999999982303, -8.673617379884035472E-16, 1.680000000000000160 ) ) ;
#2795 = LINE ( 'NONE', #4875, #606 ) ;
#2796 = ADVANCED_FACE ( 'NONE', ( #1072 ), #8808, .T. ) ;
#2797 = VECTOR ( 'NONE', #192, 1000.000000000000000 ) ;
#2798 = PLANE ( 'NONE',  #3810 ) ;
#2799 = DIRECTION ( 'NONE',  ( 0.9486832980505238710, 0.3162277660168079652, -0.000000000000000000 ) ) ;
#2800 = VERTEX_POINT ( 'NONE', #6632 ) ;
#2801 = CARTESIAN_POINT ( 'NONE',  ( -14.67000000000000171, -1.150000000000000799, 2.469999999999999751 ) ) ;
#2802 = ORIENTED_EDGE ( 'NONE', *, *, #8114, .F. ) ;
#2803 = EDGE_LOOP ( 'NONE', ( #1509, #532, #4833, #8771, #3566, #793 ) ) ;
#2804 = LINE ( 'NONE', #5623, #952 ) ;
#2805 = VERTEX_POINT ( 'NONE', #5285 ) ;
#2806 = EDGE_CURVE ( 'NONE', #4826, #2641, #8113, .T. ) ;
#2807 = ORIENTED_EDGE ( 'NONE', *, *, #1667, .T. ) ;
#2808 = VECTOR ( 'NONE', #5469, 1000.000000000000000 ) ;
#2809 = VECTOR ( 'NONE', #3065, 1000.000000000000000 ) ;
#2810 = DIRECTION ( 'NONE',  ( 0.000000000000000000, 1.000000000000000000, 0.000000000000000000 ) ) ;
#2811 = LINE ( 'NONE', #2108, #6767 ) ;
#2812 = VECTOR ( 'NONE', #7402, 1000.000000000000000 ) ;
#2813 = DIRECTION ( 'NONE',  ( 0.000000000000000000, -1.000000000000000000, 0.000000000000000000 ) ) ;
#2814 = CARTESIAN_POINT ( 'NONE',  ( -12.32000000000000028, 0.6699999999999995959, -1.270000000000000018 ) ) ;
#2815 = ORIENTED_EDGE ( 'NONE', *, *, #4675, .F. ) ;
#2816 = ORIENTED_EDGE ( 'NONE', *, *, #3442, .F. ) ;
#2817 = CARTESIAN_POINT ( 'NONE',  ( -6.320000000000002061, 0.6999999999999992895, -0.3200000000000000067 ) ) ;
#2818 = VECTOR ( 'NONE', #7452, 1000.000000000000000 ) ;
#2819 = DIRECTION ( 'NONE',  ( 1.000000000000000000, 0.000000000000000000, 0.000000000000000000 ) ) ;
#2820 = FACE_OUTER_BOUND ( 'NONE', #69, .T. ) ;
#2821 = DIRECTION ( 'NONE',  ( 1.000000000000000000, 0.000000000000000000, 0.000000000000000000 ) ) ;
#2822 = VECTOR ( 'NONE', #6851, 1000.000000000000000 ) ;
#2823 = CARTESIAN_POINT ( 'NONE',  ( -9.320000000000002061, 0.6999999999999992895, -0.8750000000000000000 ) ) ;
#2824 = VERTEX_POINT ( 'NONE', #8631 ) ;
#2825 = ORIENTED_EDGE ( 'NONE', *, *, #7201, .T. ) ;
#2826 = EDGE_CURVE ( 'NONE', #7163, #539, #5104, .T. ) ;
#2827 = VERTEX_POINT ( 'NONE', #6226 ) ;
#2828 = CARTESIAN_POINT ( 'NONE',  ( 3.319999999999998508, -8.673617379884035472E-16, 1.570000000000000062 ) ) ;
#2829 = EDGE_CURVE ( 'NONE', #3518, #4859, #5476, .T. ) ;
#2830 = EDGE_LOOP ( 'NONE', ( #8378, #3200, #2987, #5572, #7949, #18 ) ) ;
#2831 = ORIENTED_EDGE ( 'NONE', *, *, #6329, .T. ) ;
#2832 = DIRECTION ( 'NONE',  ( 1.000000000000000000, 0.000000000000000000, 0.000000000000000000 ) ) ;
#2833 = ORIENTED_EDGE ( 'NONE', *, *, #4041, .F. ) ;
#2834 = LINE ( 'NONE', #3484, #8574 ) ;
#2835 = CARTESIAN_POINT ( 'NONE',  ( -6.320000000000002061, 0.6999999999999992895, 0.8750000000000000000 ) ) ;
#2836 = LINE ( 'NONE', #1482, #8412 ) ;
#2837 = DIRECTION ( 'NONE',  ( 0.000000000000000000, 0.000000000000000000, 1.000000000000000000 ) ) ;
#2838 = CARTESIAN_POINT ( 'NONE',  ( -8.880000000000002558, -3.180000000000000604, 0.1200000000000000094 ) ) ;
#2839 = EDGE_CURVE ( 'NONE', #1187, #6434, #2693, .T. ) ;
#2840 = LINE ( 'NONE', #3579, #6213 ) ;
#2841 = CARTESIAN_POINT ( 'NONE',  ( -14.67000000000000171, -8.673617379884035472E-16, 2.469999999999999751 ) ) ;
#2842 = CARTESIAN_POINT ( 'NONE',  ( -7.250000000000001776, 9.899999999999998579, -1.250000000000000000 ) ) ;
#2843 = PLANE ( 'NONE',  #1752 ) ;
#2844 = ORIENTED_EDGE ( 'NONE', *, *, #2756, .T. ) ;
#2845 = CARTESIAN_POINT ( 'NONE',  ( -0.7500000000000015543, 1.849999999999999645, 1.930000000000000160 ) ) ;
#2846 = LINE ( 'NONE', #4276, #5148 ) ;
#2847 = CARTESIAN_POINT ( 'NONE',  ( -12.12000000000000277, -3.180000000000000604, 0.1200000000000000094 ) ) ;
#2848 = ORIENTED_EDGE ( 'NONE', *, *, #3606, .F. ) ;
#2849 = EDGE_CURVE ( 'NONE', #8786, #4392, #8205, .T. ) ;
#2850 = DIRECTION ( 'NONE',  ( 0.000000000000000000, 0.000000000000000000, 1.000000000000000000 ) ) ;
#2851 = VECTOR ( 'NONE', #7919, 1000.000000000000000 ) ;
#2852 = CARTESIAN_POINT ( 'NONE',  ( -0.3200000000000017275, 0.6999999999999992895, 1.649999999999999911 ) ) ;
#2853 = ADVANCED_FACE ( 'NONE', ( #8160 ), #6028, .T. ) ;
#2854 = CARTESIAN_POINT ( 'NONE',  ( -6.120000000000001883, 7.500000000000000000, 0.1200000000000000094 ) ) ;
#2855 = CARTESIAN_POINT ( 'NONE',  ( -1.750000000000001554, 9.899999999999998579, -1.250000000000000000 ) ) ;
#2856 = VERTEX_POINT ( 'NONE', #3300 ) ;
#2857 = VERTEX_POINT ( 'NONE', #5336 ) ;
#2858 = PLANE ( 'NONE',  #5757 ) ;
#2859 = VECTOR ( 'NONE', #2174, 1000.000000000000000 ) ;
#2860 = DIRECTION ( 'NONE',  ( -1.000000000000000000, 0.000000000000000000, 0.000000000000000000 ) ) ;
#2861 = CARTESIAN_POINT ( 'NONE',  ( -8.680000000000001492, 0.6999999999999992895, 1.649999999999999911 ) ) ;
#2862 = DIRECTION ( 'NONE',  ( 0.000000000000000000, 0.000000000000000000, -1.000000000000000000 ) ) ;
#2863 = ORIENTED_EDGE ( 'NONE', *, *, #3274, .T. ) ;
#2864 = ORIENTED_EDGE ( 'NONE', *, *, #8664, .T. ) ;
#2865 = EDGE_LOOP ( 'NONE', ( #2078, #1371, #4007, #5886 ) ) ;
#2866 = CARTESIAN_POINT ( 'NONE',  ( -2.680000000000001936, 0.6699999999999995959, 1.270000000000000018 ) ) ;
#2867 = ORIENTED_EDGE ( 'NONE', *, *, #3031, .T. ) ;
#2868 = ORIENTED_EDGE ( 'NONE', *, *, #738, .T. ) ;
#2869 = CARTESIAN_POINT ( 'NONE',  ( -0.7500000000000015543, 1.849999999999999645, 1.930000000000000160 ) ) ;
#2870 = EDGE_CURVE ( 'NONE', #335, #6830, #1170, .T. ) ;
#2871 = EDGE_CURVE ( 'NONE', #3520, #1502, #8951, .T. ) ;
#2872 = EDGE_CURVE ( 'NONE', #1236, #5892, #4819, .T. ) ;
#2873 = ORIENTED_EDGE ( 'NONE', *, *, #7034, .F. ) ;
#2874 = LINE ( 'NONE', #5652, #4137 ) ;
#2875 = DIRECTION ( 'NONE',  ( 0.000000000000000000, 0.000000000000000000, -1.000000000000000000 ) ) ;
#2876 = CARTESIAN_POINT ( 'NONE',  ( -15.32000000000000206, 1.269999999999999352, 1.270000000000000018 ) ) ;
#2877 = CARTESIAN_POINT ( 'NONE',  ( -11.68000000000000327, 0.6999999999999992895, 1.649999999999999911 ) ) ;
#2878 = DIRECTION ( 'NONE',  ( 0.000000000000000000, 1.000000000000000000, 0.000000000000000000 ) ) ;
#2879 = CARTESIAN_POINT ( 'NONE',  ( -13.92000000000000171, 9.899999999999998579, 0.7500000000000000000 ) ) ;
#2880 = LINE ( 'NONE', #1570, #8321 ) ;
#2881 = DIRECTION ( 'NONE',  ( 0.000000000000000000, 0.000000000000000000, -1.000000000000000000 ) ) ;
#2882 = CARTESIAN_POINT ( 'NONE',  ( -12.32000000000000028, -2.580000000000000515, 0.3200000000000000067 ) ) ;
#2883 = VERTEX_POINT ( 'NONE', #2601 ) ;
#2884 = LINE ( 'NONE', #2405, #8564 ) ;
#2885 = EDGE_LOOP ( 'NONE', ( #832, #2425, #3641, #1864 ) ) ;
#2886 = CARTESIAN_POINT ( 'NONE',  ( 3.319999999999998508, 0.6699999999999995959, 0.8750000000000000000 ) ) ;
#2887 = ORIENTED_EDGE ( 'NONE', *, *, #1001, .F. ) ;
#2888 = AXIS2_PLACEMENT_3D ( 'NONE', #5345, #8171, #1181 ) ;
#2889 = CARTESIAN_POINT ( 'NONE',  ( 3.319999999999998508, 1.449999999999999512, 0.1137500000000000039 ) ) ;
#2890 = CARTESIAN_POINT ( 'NONE',  ( -11.68000000000000327, -8.673617379884035472E-16, 1.270000000000000018 ) ) ;
#2891 = CARTESIAN_POINT ( 'NONE',  ( -5.680000000000001492, 0.6999999999999992895, 1.649999999999999911 ) ) ;
#2892 = VECTOR ( 'NONE', #5150, 1000.000000000000000 ) ;
#2893 = LINE ( 'NONE', #1461, #3212 ) ;
#2894 = EDGE_LOOP ( 'NONE', ( #2032, #7379, #863, #519 ) ) ;
#2895 = DIRECTION ( 'NONE',  ( 0.000000000000000000, 0.000000000000000000, -1.000000000000000000 ) ) ;
#2896 = EDGE_LOOP ( 'NONE', ( #2170, #396, #4098, #9142, #5545, #8472, #3356, #2139 ) ) ;
#2897 = DIRECTION ( 'NONE',  ( 0.000000000000000000, 0.000000000000000000, 1.000000000000000000 ) ) ;
#2898 = EDGE_CURVE ( 'NONE', #4336, #8809, #2556, .T. ) ;
#2899 = CARTESIAN_POINT ( 'NONE',  ( -0.3200000000000017275, 0.6699999999999995959, 1.270000000000000018 ) ) ;
#2900 = EDGE_CURVE ( 'NONE', #7521, #5252, #3992, .T. ) ;
#2901 = LINE ( 'NONE', #5720, #7958 ) ;
#2902 = ORIENTED_EDGE ( 'NONE', *, *, #4790, .T. ) ;
#2903 = ORIENTED_EDGE ( 'NONE', *, *, #9003, .T. ) ;
#2904 = CARTESIAN_POINT ( 'NONE',  ( -6.320000000000002061, -2.580000000000000515, -0.3200000000000000067 ) ) ;
#2905 = EDGE_LOOP ( 'NONE', ( #7308, #8015, #4909, #3225 ) ) ;
#2906 = PLANE ( 'NONE',  #4092 ) ;
#2907 = VERTEX_POINT ( 'NONE', #8342 ) ;
#2908 = ADVANCED_FACE ( 'NONE', ( #1256 ), #4683, .T. ) ;
#2909 = ORIENTED_EDGE ( 'NONE', *, *, #6633, .F. ) ;
#2910 = EDGE_CURVE ( 'NONE', #1927, #7484, #6827, .T. ) ;
#2911 = DIRECTION ( 'NONE',  ( 0.000000000000000000, -1.000000000000000000, 0.000000000000000000 ) ) ;
#2912 = VECTOR ( 'NONE', #811, 1000.000000000000000 ) ;
#2913 = VECTOR ( 'NONE', #6520, 1000.000000000000000 ) ;
#2914 = ORIENTED_EDGE ( 'NONE', *, *, #6665, .F. ) ;
#2915 = DIRECTION ( 'NONE',  ( 0.000000000000000000, 0.000000000000000000, -1.000000000000000000 ) ) ;
#2916 = FACE_OUTER_BOUND ( 'NONE', #547, .T. ) ;
#2917 = DIRECTION ( 'NONE',  ( 0.000000000000000000, 0.000000000000000000, 1.000000000000000000 ) ) ;
#2918 = CARTESIAN_POINT ( 'NONE',  ( -11.68000000000000327, -8.673617379884035472E-16, -1.930000000000000160 ) ) ;
#2919 = CARTESIAN_POINT ( 'NONE',  ( -15.32000000000000206, 0.6699999999999995959, 1.270000000000000018 ) ) ;
#2920 = VECTOR ( 'NONE', #5946, 1000.000000000000114 ) ;
#2921 = CARTESIAN_POINT ( 'NONE',  ( -6.320000000000002061, -8.673617379884035472E-16, -1.270000000000000018 ) ) ;
#2922 = DIRECTION ( 'NONE',  ( -0.000000000000000000, 1.000000000000000000, 0.000000000000000000 ) ) ;
#2923 = VECTOR ( 'NONE', #691, 1000.000000000000000 ) ;
#2924 = DIRECTION ( 'NONE',  ( 0.000000000000000000, -1.000000000000000000, 0.000000000000000000 ) ) ;
#2925 = ORIENTED_EDGE ( 'NONE', *, *, #6820, .F. ) ;
#2926 = DIRECTION ( 'NONE',  ( 0.000000000000000000, -1.000000000000000000, 0.000000000000000000 ) ) ;
#2927 = VECTOR ( 'NONE', #4596, 1000.000000000000000 ) ;
#2928 = EDGE_CURVE ( 'NONE', #5248, #5633, #7560, .T. ) ;
#2929 = CARTESIAN_POINT ( 'NONE',  ( 2.359999999999997655, 9.459999999999999076, 1.930000000000000160 ) ) ;
#2930 = DIRECTION ( 'NONE',  ( 0.000000000000000000, -1.000000000000000000, 0.000000000000000000 ) ) ;
#2931 = VERTEX_POINT ( 'NONE', #2649 ) ;
#2932 = EDGE_CURVE ( 'NONE', #799, #6680, #3944, .T. ) ;
#2933 = VECTOR ( 'NONE', #858, 1000.000000000000000 ) ;
#2934 = CARTESIAN_POINT ( 'NONE',  ( -14.38500000000000156, 1.849999999999999645, 1.680000000000000160 ) ) ;
#2935 = FACE_OUTER_BOUND ( 'NONE', #7108, .T. ) ;
#2936 = LINE ( 'NONE', #5065, #8409 ) ;
#2937 = CARTESIAN_POINT ( 'NONE',  ( -2.680000000000001936, -8.673617379884035472E-16, 1.680000000000000160 ) ) ;
#2938 = ORIENTED_EDGE ( 'NONE', *, *, #2221, .F. ) ;
#2939 = VECTOR ( 'NONE', #7470, 1000.000000000000000 ) ;
#2940 = PLANE ( 'NONE',  #5877 ) ;
#2941 = VECTOR ( 'NONE', #56, 1000.000000000000000 ) ;
#2942 = VERTEX_POINT ( 'NONE', #373 ) ;
#2943 = PLANE ( 'NONE',  #1807 ) ;
#2944 = VECTOR ( 'NONE', #148, 1000.000000000000000 ) ;
#2945 = CARTESIAN_POINT ( 'NONE',  ( -2.680000000000001936, 6.899999999999999467, 0.3200000000000000067 ) ) ;
#2946 = CARTESIAN_POINT ( 'NONE',  ( -2.680000000000001936, 0.6999999999999992895, -1.050000000000000044 ) ) ;
#2947 = VERTEX_POINT ( 'NONE', #8254 ) ;
#2948 = LINE ( 'NONE', #2733, #7193 ) ;
#2949 = VECTOR ( 'NONE', #3372, 1000.000000000000000 ) ;
#2950 = ORIENTED_EDGE ( 'NONE', *, *, #8395, .F. ) ;
#2951 = CARTESIAN_POINT ( 'NONE',  ( -10.25000000000000178, 9.899999999999998579, 1.250000000000000000 ) ) ;
#2952 = ORIENTED_EDGE ( 'NONE', *, *, #5956, .T. ) ;
#2953 = ORIENTED_EDGE ( 'NONE', *, *, #58, .T. ) ;
#2954 = VECTOR ( 'NONE', #2566, 1000.000000000000000 ) ;
#2955 = CARTESIAN_POINT ( 'NONE',  ( -8.680000000000001492, -8.673617379884035472E-16, -1.270000000000000018 ) ) ;
#2956 = ADVANCED_FACE ( 'NONE', ( #1950 ), #1907, .T. ) ;
#2957 = DIRECTION ( 'NONE',  ( 0.000000000000000000, 0.000000000000000000, 1.000000000000000000 ) ) ;
#2958 = AXIS2_PLACEMENT_3D ( 'NONE', #6658, #5218, #7401 ) ;
#2959 = VERTEX_POINT ( 'NONE', #4778 ) ;
#2960 = ADVANCED_FACE ( 'NONE', ( #3201 ), #1216, .T. ) ;
#2961 = EDGE_CURVE ( 'NONE', #3956, #8700, #6867, .T. ) ;
#2962 = ORIENTED_EDGE ( 'NONE', *, *, #3482, .T. ) ;
#2963 = ADVANCED_FACE ( 'NONE', ( #4177 ), #8525, .T. ) ;
#2964 = CARTESIAN_POINT ( 'NONE',  ( -11.68000000000000327, 0.6999999999999992895, -1.050000000000000044 ) ) ;
#2965 = CARTESIAN_POINT ( 'NONE',  ( -10.25000000000000178, 9.049999999999998934, 1.930000000000000160 ) ) ;
#2966 = ADVANCED_FACE ( 'NONE', ( #6965 ), #4960, .F. ) ;
#2967 = CARTESIAN_POINT ( 'NONE',  ( -8.680000000000001492, -3.180000000000000604, -0.3200000000000000067 ) ) ;
#2968 = DIRECTION ( 'NONE',  ( 0.000000000000000000, -1.000000000000000000, 0.000000000000000000 ) ) ;
#2969 = CARTESIAN_POINT ( 'NONE',  ( -15.32000000000000206, 1.849999999999999645, 2.469999999999999751 ) ) ;
#2970 = CARTESIAN_POINT ( 'NONE',  ( -14.38500000000000156, 0.6699999999999995959, -0.8750000000000000000 ) ) ;
#2971 = CARTESIAN_POINT ( 'NONE',  ( -13.92000000000000171, 9.899999999999998579, -1.250000000000000000 ) ) ;
#2972 = CARTESIAN_POINT ( 'NONE',  ( -11.25000000000000355, 1.849999999999999645, 1.930000000000000160 ) ) ;
#2973 = VERTEX_POINT ( 'NONE', #2919 ) ;
#2974 = DIRECTION ( 'NONE',  ( 1.000000000000000000, 0.000000000000000000, 0.000000000000000000 ) ) ;
#2975 = DIRECTION ( 'NONE',  ( 0.000000000000000000, -1.000000000000000000, 0.000000000000000000 ) ) ;
#2976 = CARTESIAN_POINT ( 'NONE',  ( -5.680000000000001492, 6.899999999999999467, -0.3200000000000000067 ) ) ;
#2977 = ORIENTED_EDGE ( 'NONE', *, *, #6718, .T. ) ;
#2978 = VECTOR ( 'NONE', #742, 1000.000000000000000 ) ;
#2979 = CARTESIAN_POINT ( 'NONE',  ( -15.32000000000000206, -8.673617379884035472E-16, 1.570000000000000062 ) ) ;
#2980 = CARTESIAN_POINT ( 'NONE',  ( -5.680000000000001492, 1.269999999999999352, 0.8750000000000000000 ) ) ;
#2981 = ADVANCED_FACE ( 'NONE', ( #5613 ), #1442, .T. ) ;
#2982 = EDGE_CURVE ( 'NONE', #2210, #6456, #2739, .T. ) ;
#2983 = CARTESIAN_POINT ( 'NONE',  ( -0.3200000000000017275, -2.580000000000000515, -0.3200000000000000067 ) ) ;
#2984 = EDGE_CURVE ( 'NONE', #5911, #6799, #651, .T. ) ;
#2985 = PLANE ( 'NONE',  #4718 ) ;
#2986 = CARTESIAN_POINT ( 'NONE',  ( -8.680000000000001492, 1.269999999999999352, -0.8750000000000000000 ) ) ;
#2987 = ORIENTED_EDGE ( 'NONE', *, *, #3149, .T. ) ;
#2988 = DIRECTION ( 'NONE',  ( 1.000000000000000000, 0.000000000000000000, 0.000000000000000000 ) ) ;
#2989 = EDGE_LOOP ( 'NONE', ( #2389, #3268, #7304, #8161, #4649 ) ) ;
#2990 = PLANE ( 'NONE',  #323 ) ;
#2991 = CARTESIAN_POINT ( 'NONE',  ( -2.780000000000001581, 7.200000000000000178, 0.000000000000000000 ) ) ;
#2992 = DIRECTION ( 'NONE',  ( 0.000000000000000000, 0.000000000000000000, 1.000000000000000000 ) ) ;
#2993 = ORIENTED_EDGE ( 'NONE', *, *, #3891, .F. ) ;
#2994 = DIRECTION ( 'NONE',  ( 0.000000000000000000, 0.000000000000000000, -1.000000000000000000 ) ) ;
#2995 = VERTEX_POINT ( 'NONE', #5739 ) ;
#2996 = CARTESIAN_POINT ( 'NONE',  ( 0.3199999999999982303, 1.349999999999999645, 1.649999999999999911 ) ) ;
#2997 = VECTOR ( 'NONE', #7081, 1000.000000000000000 ) ;
#2998 = ORIENTED_EDGE ( 'NONE', *, *, #4263, .F. ) ;
#2999 = AXIS2_PLACEMENT_3D ( 'NONE', #4179, #8344, #1217 ) ;
#3000 = ORIENTED_EDGE ( 'NONE', *, *, #2618, .T. ) ;
#3001 = CARTESIAN_POINT ( 'NONE',  ( -14.38500000000000156, 1.269999999999999352, 0.8750000000000000000 ) ) ;
#3002 = EDGE_CURVE ( 'NONE', #2058, #8284, #7793, .T. ) ;
#3003 = LINE ( 'NONE', #262, #4959 ) ;
#3004 = ORIENTED_EDGE ( 'NONE', *, *, #2870, .F. ) ;
#3005 = ORIENTED_EDGE ( 'NONE', *, *, #2765, .F. ) ;
#3006 = FACE_OUTER_BOUND ( 'NONE', #5197, .T. ) ;
#3007 = CARTESIAN_POINT ( 'NONE',  ( -0.3200000000000017275, 1.349999999999999645, 1.649999999999999911 ) ) ;
#3008 = FACE_OUTER_BOUND ( 'NONE', #7469, .T. ) ;
#3009 = DIRECTION ( 'NONE',  ( 0.000000000000000000, 0.000000000000000000, 1.000000000000000000 ) ) ;
#3010 = DIRECTION ( 'NONE',  ( 0.000000000000000000, -1.000000000000000000, 0.000000000000000000 ) ) ;
#3011 = EDGE_CURVE ( 'NONE', #2659, #3409, #2840, .T. ) ;
#3012 = CARTESIAN_POINT ( 'NONE',  ( -1.250000000000001998, 9.899999999999998579, 1.250000000000000000 ) ) ;
#3013 = PLANE ( 'NONE',  #8383 ) ;
#3014 = ORIENTED_EDGE ( 'NONE', *, *, #2351, .F. ) ;
#3015 = FACE_OUTER_BOUND ( 'NONE', #1192, .T. ) ;
#3016 = LINE ( 'NONE', #8720, #3230 ) ;
#3017 = DIRECTION ( 'NONE',  ( 0.000000000000000000, 0.000000000000000000, 1.000000000000000000 ) ) ;
#3018 = VERTEX_POINT ( 'NONE', #7056 ) ;
#3019 = DIRECTION ( 'NONE',  ( 0.000000000000000000, 0.000000000000000000, -1.000000000000000000 ) ) ;
#3020 = EDGE_LOOP ( 'NONE', ( #1923, #4602, #4477, #719, #2120, #7635, #1175, #4204 ) ) ;
#3021 = CARTESIAN_POINT ( 'NONE',  ( -14.38500000000000156, 1.699999999999999734, -1.930000000000000160 ) ) ;
#3022 = DIRECTION ( 'NONE',  ( 0.000000000000000000, -1.000000000000000000, 0.000000000000000000 ) ) ;
#3023 = DIRECTION ( 'NONE',  ( -1.000000000000000000, 0.000000000000000000, 0.000000000000000000 ) ) ;
#3024 = FACE_OUTER_BOUND ( 'NONE', #4993, .T. ) ;
#3025 = LINE ( 'NONE', #2330, #5752 ) ;
#3026 = ORIENTED_EDGE ( 'NONE', *, *, #2984, .T. ) ;
#3027 = CARTESIAN_POINT ( 'NONE',  ( -10.25000000000000178, 1.849999999999999645, 2.429999999999999716 ) ) ;
#3028 = EDGE_CURVE ( 'NONE', #4926, #5760, #6406, .T. ) ;
#3029 = ORIENTED_EDGE ( 'NONE', *, *, #7150, .T. ) ;
#3030 = PLANE ( 'NONE',  #6114 ) ;
#3031 = EDGE_CURVE ( 'NONE', #2013, #6389, #9133, .T. ) ;
#3032 = VECTOR ( 'NONE', #1004, 1000.000000000000000 ) ;
#3033 = EDGE_CURVE ( 'NONE', #5567, #164, #3489, .T. ) ;
#3034 = AXIS2_PLACEMENT_3D ( 'NONE', #434, #3267, #8263 ) ;
#3035 = VECTOR ( 'NONE', #4155, 1000.000000000000000 ) ;
#3036 = SURFACE_SIDE_STYLE ('',( #201 ) ) ;
#3037 = PLANE ( 'NONE',  #3676 ) ;
#3038 = VERTEX_POINT ( 'NONE', #7708 ) ;
#3039 = FACE_OUTER_BOUND ( 'NONE', #2299, .T. ) ;
#3040 = ORIENTED_EDGE ( 'NONE', *, *, #8022, .T. ) ;
#3041 = CARTESIAN_POINT ( 'NONE',  ( -2.680000000000001936, 0.6699999999999995959, -0.8750000000000000000 ) ) ;
#3042 = ADVANCED_FACE ( 'NONE', ( #8447 ), #4921, .F. ) ;
#3043 = ORIENTED_EDGE ( 'NONE', *, *, #9158, .F. ) ;
#3044 = ORIENTED_EDGE ( 'NONE', *, *, #6547, .T. ) ;
#3045 = EDGE_CURVE ( 'NONE', #1868, #507, #7836, .T. ) ;
#3046 = CARTESIAN_POINT ( 'NONE',  ( 0.1199999999999977196, -3.180000000000000604, -0.1200000000000000094 ) ) ;
#3047 = DIRECTION ( 'NONE',  ( 0.000000000000000000, 0.000000000000000000, -1.000000000000000000 ) ) ;
#3048 = ORIENTED_EDGE ( 'NONE', *, *, #6610, .T. ) ;
#3049 = ORIENTED_EDGE ( 'NONE', *, *, #8354, .T. ) ;
#3050 = CARTESIAN_POINT ( 'NONE',  ( -11.68000000000000327, -8.673617379884035472E-16, 1.270000000000000018 ) ) ;
#3051 = LINE ( 'NONE', #5873, #3375 ) ;
#3052 = CARTESIAN_POINT ( 'NONE',  ( -8.680000000000001492, -2.580000000000000515, -0.3200000000000000067 ) ) ;
#3053 = DIRECTION ( 'NONE',  ( 0.000000000000000000, 0.000000000000000000, -1.000000000000000000 ) ) ;
#3054 = EDGE_CURVE ( 'NONE', #1235, #5248, #2047, .T. ) ;
#3056 = LINE ( 'NONE', #8800, #8515 ) ;
#3055 = STYLED_ITEM ( 'NONE', ( #6345 ), #5531 ) ;
#3057 = AXIS2_PLACEMENT_3D ( 'NONE', #5308, #1829, #391 ) ;
#3058 = FACE_OUTER_BOUND ( 'NONE', #1248, .T. ) ;
#3059 = ORIENTED_EDGE ( 'NONE', *, *, #5676, .T. ) ;
#3060 = DIRECTION ( 'NONE',  ( 1.000000000000000000, 0.000000000000000000, 0.000000000000000000 ) ) ;
#3061 = DIRECTION ( 'NONE',  ( -0.000000000000000000, 1.000000000000000000, 0.000000000000000000 ) ) ;
#3062 = CARTESIAN_POINT ( 'NONE',  ( -5.680000000000001492, 0.6999999999999992895, -0.8750000000000000000 ) ) ;
#3063 = ORIENTED_EDGE ( 'NONE', *, *, #1034, .T. ) ;
#3064 = AXIS2_PLACEMENT_3D ( 'NONE', #2855, #8502, #2151 ) ;
#3065 = DIRECTION ( 'NONE',  ( 0.000000000000000000, -1.000000000000000000, 0.000000000000000000 ) ) ;
#3066 = AXIS2_PLACEMENT_3D ( 'NONE', #6457, #3721, #7189 ) ;
#3067 = EDGE_CURVE ( 'NONE', #4234, #6759, #3617, .T. ) ;
#3068 = VERTEX_POINT ( 'NONE', #8490 ) ;
#3069 = DIRECTION ( 'NONE',  ( 1.000000000000000000, 0.000000000000000000, 0.000000000000000000 ) ) ;
#3070 = VECTOR ( 'NONE', #1213, 1000.000000000000000 ) ;
#3071 = VECTOR ( 'NONE', #5701, 1000.000000000000000 ) ;
#3072 = DIRECTION ( 'NONE',  ( 0.000000000000000000, 1.000000000000000000, 0.000000000000000000 ) ) ;
#3073 = ORIENTED_EDGE ( 'NONE', *, *, #1847, .F. ) ;
#3074 = CARTESIAN_POINT ( 'NONE',  ( -15.32000000000000206, -8.673617379884035472E-16, 1.270000000000000018 ) ) ;
#3076 = EDGE_CURVE ( 'NONE', #6485, #4795, #6445, .T. ) ;
#3075 = CARTESIAN_POINT ( 'NONE',  ( 1.919999999999998153, 9.899999999999998579, -1.250000000000000000 ) ) ;
#3077 = ORIENTED_EDGE ( 'NONE', *, *, #3633, .T. ) ;
#3078 = EDGE_CURVE ( 'NONE', #4990, #2613, #7877, .T. ) ;
#3079 = LINE ( 'NONE', #8686, #5690 ) ;
#3080 = ORIENTED_EDGE ( 'NONE', *, *, #4534, .F. ) ;
#3081 = VECTOR ( 'NONE', #4247, 1000.000000000000000 ) ;
#3082 = DIRECTION ( 'NONE',  ( 1.000000000000000000, 0.000000000000000000, 0.000000000000000000 ) ) ;
#3083 = LINE ( 'NONE', #3689, #6918 ) ;
#3084 = VECTOR ( 'NONE', #2375, 1000.000000000000000 ) ;
#3085 = LINE ( 'NONE', #990, #8106 ) ;
#3086 = EDGE_LOOP ( 'NONE', ( #7064, #4357, #5200, #949 ) ) ;
#3087 = DIRECTION ( 'NONE',  ( 0.000000000000000000, 0.000000000000000000, -1.000000000000000000 ) ) ;
#3088 = ORIENTED_EDGE ( 'NONE', *, *, #1121, .T. ) ;
#3089 = DIRECTION ( 'NONE',  ( 1.000000000000000000, 0.000000000000000000, 0.000000000000000000 ) ) ;
#3090 = ORIENTED_EDGE ( 'NONE', *, *, #5381, .F. ) ;
#3091 = VERTEX_POINT ( 'NONE', #9089 ) ;
#3092 = CARTESIAN_POINT ( 'NONE',  ( -9.320000000000002061, 0.6999999999999992895, 1.649999999999999911 ) ) ;
#3093 = VECTOR ( 'NONE', #7465, 1000.000000000000114 ) ;
#3094 = PLANE ( 'NONE',  #2147 ) ;
#3095 = VERTEX_POINT ( 'NONE', #8391 ) ;
#3096 = EDGE_CURVE ( 'NONE', #1222, #4111, #4571, .T. ) ;
#3097 = ORIENTED_EDGE ( 'NONE', *, *, #291, .T. ) ;
#3098 = EDGE_CURVE ( 'NONE', #7038, #3404, #4352, .T. ) ;
#3099 = DIRECTION ( 'NONE',  ( 0.000000000000000000, 0.000000000000000000, -1.000000000000000000 ) ) ;
#3100 = LINE ( 'NONE', #7269, #6482 ) ;
#3101 = LINE ( 'NONE', #5137, #5409 ) ;
#3102 = CARTESIAN_POINT ( 'NONE',  ( -9.120000000000000995, 7.500000000000000000, 0.1200000000000000094 ) ) ;
#3103 = AXIS2_PLACEMENT_3D ( 'NONE', #8795, #3884, #4027 ) ;
#3104 = CARTESIAN_POINT ( 'NONE',  ( -13.92000000000000171, 8.500000000000000000, -1.250000000000000000 ) ) ;
#3105 = DIRECTION ( 'NONE',  ( -1.000000000000000000, 0.000000000000000000, 0.000000000000000000 ) ) ;
#3106 = VERTEX_POINT ( 'NONE', #2538 ) ;
#3107 = LINE ( 'NONE', #7977, #4862 ) ;
#3108 = EDGE_CURVE ( 'NONE', #4906, #2683, #7492, .T. ) ;
#3109 = CARTESIAN_POINT ( 'NONE',  ( -9.320000000000002061, 1.349999999999999645, 1.680000000000000160 ) ) ;
#3110 = CARTESIAN_POINT ( 'NONE',  ( -15.32000000000000206, -8.673617379884035472E-16, 1.270000000000000018 ) ) ;
#3111 = EDGE_CURVE ( 'NONE', #565, #74, #2268, .T. ) ;
#3112 = EDGE_LOOP ( 'NONE', ( #4100, #3370, #3812, #2914, #2121, #1226 ) ) ;
#3113 = LINE ( 'NONE', #7981, #4424 ) ;
#3114 = ORIENTED_EDGE ( 'NONE', *, *, #3598, .T. ) ;
#3115 = LINE ( 'NONE', #8727, #3432 ) ;
#3116 = DIRECTION ( 'NONE',  ( 1.000000000000000000, 0.000000000000000000, 0.000000000000000000 ) ) ;
#3117 = EDGE_LOOP ( 'NONE', ( #4274, #1143, #7263, #8234 ) ) ;
#3118 = DIRECTION ( 'NONE',  ( 0.000000000000000000, 0.000000000000000000, -1.000000000000000000 ) ) ;
#3119 = FACE_OUTER_BOUND ( 'NONE', #5080, .T. ) ;
#3120 = VECTOR ( 'NONE', #7605, 1000.000000000000114 ) ;
#3121 = VERTEX_POINT ( 'NONE', #2488 ) ;
#3122 = EDGE_CURVE ( 'NONE', #7829, #9177, #7179, .T. ) ;
#3123 = DIRECTION ( 'NONE',  ( -0.9486832980505238710, -0.3162277660168079652, -0.000000000000000000 ) ) ;
#3124 = ORIENTED_EDGE ( 'NONE', *, *, #997, .T. ) ;
#3125 = LINE ( 'NONE', #8688, #8480 ) ;
#3126 = EDGE_CURVE ( 'NONE', #3133, #4190, #400, .T. ) ;
#3127 = CARTESIAN_POINT ( 'NONE',  ( -5.680000000000001492, 0.6999999999999992895, -1.050000000000000044 ) ) ;
#3128 = DIRECTION ( 'NONE',  ( -0.7682212795973758501, 0.6401843996644798196, 0.000000000000000000 ) ) ;
#3129 = ORIENTED_EDGE ( 'NONE', *, *, #7573, .F. ) ;
#3130 = LINE ( 'NONE', #992, #9136 ) ;
#3131 = EDGE_LOOP ( 'NONE', ( #7147, #6701, #5671, #6524 ) ) ;
#3132 = DIRECTION ( 'NONE',  ( 0.000000000000000000, 0.000000000000000000, -1.000000000000000000 ) ) ;
#3133 = VERTEX_POINT ( 'NONE', #5959 ) ;
#3134 = VERTEX_POINT ( 'NONE', #3181 ) ;
#3135 = DIRECTION ( 'NONE',  ( 0.000000000000000000, 0.000000000000000000, 1.000000000000000000 ) ) ;
#3136 = CARTESIAN_POINT ( 'NONE',  ( 0.3199999999999982303, 0.6999999999999992895, 0.8750000000000000000 ) ) ;
#3137 = CARTESIAN_POINT ( 'NONE',  ( -2.680000000000001936, 1.349999999999999645, 1.649999999999999911 ) ) ;
#3138 = ORIENTED_EDGE ( 'NONE', *, *, #317, .F. ) ;
#3139 = VECTOR ( 'NONE', #1465, 1000.000000000000000 ) ;
#3140 = VERTEX_POINT ( 'NONE', #1148 ) ;
#3141 = ORIENTED_EDGE ( 'NONE', *, *, #5074, .F. ) ;
#3142 = VECTOR ( 'NONE', #5924, 1000.000000000000000 ) ;
#3143 = CARTESIAN_POINT ( 'NONE',  ( -6.320000000000002061, 0.6999999999999992895, -0.3200000000000000067 ) ) ;
#3144 = DIRECTION ( 'NONE',  ( 0.000000000000000000, 0.000000000000000000, 1.000000000000000000 ) ) ;
#3145 = CARTESIAN_POINT ( 'NONE',  ( -5.680000000000001492, -8.673617379884035472E-16, 1.680000000000000160 ) ) ;
#3146 = ADVANCED_FACE ( 'NONE', ( #3284 ), #825, .T. ) ;
#3147 = CARTESIAN_POINT ( 'NONE',  ( 3.319999999999998508, 2.487234067916999525, 0.1137500000000000039 ) ) ;
#3148 = VECTOR ( 'NONE', #3193, 1000.000000000000000 ) ;
#3149 = EDGE_CURVE ( 'NONE', #4392, #4496, #1789, .T. ) ;
#3150 = ADVANCED_FACE ( 'NONE', ( #5260 ), #5785, .T. ) ;
#3151 = DIRECTION ( 'NONE',  ( 0.000000000000000000, 0.000000000000000000, -1.000000000000000000 ) ) ;
#3152 = DIRECTION ( 'NONE',  ( 0.000000000000000000, -1.000000000000000000, 0.000000000000000000 ) ) ;
#3153 = VERTEX_POINT ( 'NONE', #7447 ) ;
#3154 = DIRECTION ( 'NONE',  ( 0.000000000000000000, -1.000000000000000000, 0.000000000000000000 ) ) ;
#3155 = DIRECTION ( 'NONE',  ( 0.000000000000000000, -0.9486832980505238710, -0.3162277660168079652 ) ) ;
#3156 = FACE_OUTER_BOUND ( 'NONE', #2164, .T. ) ;
#3157 = ORIENTED_EDGE ( 'NONE', *, *, #7292, .T. ) ;
#3158 = DIRECTION ( 'NONE',  ( 0.000000000000000000, 1.000000000000000000, 0.000000000000000000 ) ) ;
#3159 = EDGE_CURVE ( 'NONE', #68, #5971, #6063, .T. ) ;
#3160 = ORIENTED_EDGE ( 'NONE', *, *, #4542, .T. ) ;
#3161 = DIRECTION ( 'NONE',  ( 0.000000000000000000, 1.000000000000000000, 0.000000000000000000 ) ) ;
#3162 = CARTESIAN_POINT ( 'NONE',  ( -14.38500000000000156, 1.699999999999999734, -1.930000000000000160 ) ) ;
#3163 = EDGE_CURVE ( 'NONE', #3384, #1647, #1097, .T. ) ;
#3164 = ORIENTED_EDGE ( 'NONE', *, *, #2458, .F. ) ;
#3165 = CARTESIAN_POINT ( 'NONE',  ( -7.300000000000001599, 6.899999999999999467, -2.435000000000000053 ) ) ;
#3166 = FACE_OUTER_BOUND ( 'NONE', #478, .T. ) ;
#3167 = VERTEX_POINT ( 'NONE', #8187 ) ;
#3168 = CYLINDRICAL_SURFACE ( 'NONE', #4221, 0.5000000000000004441 ) ;
#3169 = ORIENTED_EDGE ( 'NONE', *, *, #6924, .F. ) ;
#3170 = ORIENTED_EDGE ( 'NONE', *, *, #4975, .T. ) ;
#3171 = CARTESIAN_POINT ( 'NONE',  ( -8.680000000000001492, 1.349999999999999645, -1.930000000000000160 ) ) ;
#3172 = CARTESIAN_POINT ( 'NONE',  ( -14.62000000000000099, 9.199999999999999289, 0.000000000000000000 ) ) ;
#3173 = CARTESIAN_POINT ( 'NONE',  ( -11.68000000000000327, 7.500000000000000000, 0.3200000000000000067 ) ) ;
#3174 = ORIENTED_EDGE ( 'NONE', *, *, #166, .T. ) ;
#3175 = LINE ( 'NONE', #2575, #6468 ) ;
#3176 = ORIENTED_EDGE ( 'NONE', *, *, #6105, .F. ) ;
#3177 = CARTESIAN_POINT ( 'NONE',  ( -0.3200000000000017275, -8.673617379884035472E-16, 1.270000000000000018 ) ) ;
#3178 = VERTEX_POINT ( 'NONE', #352 ) ;
#3179 = EDGE_LOOP ( 'NONE', ( #6578, #6664, #775, #3451 ) ) ;
#3180 = PLANE ( 'NONE',  #5328 ) ;
#3181 = CARTESIAN_POINT ( 'NONE',  ( -8.880000000000002558, 7.500000000000000000, 0.1200000000000000094 ) ) ;
#3182 = VECTOR ( 'NONE', #3382, 1000.000000000000114 ) ;
#3183 = CARTESIAN_POINT ( 'NONE',  ( 0.3199999999999982303, 0.6999999999999992895, 1.649999999999999911 ) ) ;
#3184 = EDGE_CURVE ( 'NONE', #1225, #357, #2581, .T. ) ;
#3185 = PLANE ( 'NONE',  #404 ) ;
#3186 = ORIENTED_EDGE ( 'NONE', *, *, #2932, .F. ) ;
#3187 = ORIENTED_EDGE ( 'NONE', *, *, #5584, .F. ) ;
#3188 = DIRECTION ( 'NONE',  ( 0.000000000000000000, 1.000000000000000000, 0.000000000000000000 ) ) ;
#3189 = DIRECTION ( 'NONE',  ( 0.000000000000000000, 0.000000000000000000, -1.000000000000000000 ) ) ;
#3190 = EDGE_CURVE ( 'NONE', #5549, #8723, #4663, .T. ) ;
#3191 = VECTOR ( 'NONE', #5411, 1000.000000000000000 ) ;
#3192 = CARTESIAN_POINT ( 'NONE',  ( -2.680000000000001936, -8.673617379884035472E-16, -1.930000000000000160 ) ) ;
#3193 = DIRECTION ( 'NONE',  ( -1.000000000000000000, 0.000000000000000000, 0.000000000000000000 ) ) ;
#3194 = DIRECTION ( 'NONE',  ( 0.000000000000000000, -1.000000000000000000, 0.000000000000000000 ) ) ;
#3195 = DIRECTION ( 'NONE',  ( 0.000000000000000000, -1.000000000000000000, 0.000000000000000000 ) ) ;
#3196 = ORIENTED_EDGE ( 'NONE', *, *, #179, .T. ) ;
#3197 = DIRECTION ( 'NONE',  ( 0.000000000000000000, -1.000000000000000000, 0.000000000000000000 ) ) ;
#3198 = DIRECTION ( 'NONE',  ( 0.000000000000000000, 0.000000000000000000, 1.000000000000000000 ) ) ;
#3199 = CARTESIAN_POINT ( 'NONE',  ( -8.680000000000001492, 0.6699999999999995959, -0.8750000000000000000 ) ) ;
#3200 = ORIENTED_EDGE ( 'NONE', *, *, #8145, .F. ) ;
#3201 = FACE_OUTER_BOUND ( 'NONE', #6627, .T. ) ;
#3202 = AXIS2_PLACEMENT_3D ( 'NONE', #7737, #4114, #1384 ) ;
#3203 = VECTOR ( 'NONE', #6430, 1000.000000000000000 ) ;
#3204 = ORIENTED_EDGE ( 'NONE', *, *, #4542, .F. ) ;
#3205 = CARTESIAN_POINT ( 'NONE',  ( -15.32000000000000206, 0.6699999999999995959, 1.270000000000000018 ) ) ;
#3206 = ADVANCED_FACE ( 'NONE', ( #5362 ), #6004, .T. ) ;
#3207 = CARTESIAN_POINT ( 'NONE',  ( -3.320000000000001616, 0.6999999999999992895, -0.8750000000000000000 ) ) ;
#3208 = ORIENTED_EDGE ( 'NONE', *, *, #2714, .T. ) ;
#3209 = CARTESIAN_POINT ( 'NONE',  ( -12.32000000000000028, 1.269999999999999352, 0.8750000000000000000 ) ) ;
#3210 = CARTESIAN_POINT ( 'NONE',  ( -0.2200000000000014444, -2.880000000000000782, 0.000000000000000000 ) ) ;
#3211 = AXIS2_PLACEMENT_3D ( 'NONE', #7480, #6879, #1188 ) ;
#3212 = VECTOR ( 'NONE', #2241, 1000.000000000000000 ) ;
#3213 = EDGE_CURVE ( 'NONE', #6139, #1184, #7920, .T. ) ;
#3214 = ORIENTED_EDGE ( 'NONE', *, *, #6529, .F. ) ;
#3215 = DIRECTION ( 'NONE',  ( 0.000000000000000000, 0.000000000000000000, -1.000000000000000000 ) ) ;
#3216 = VERTEX_POINT ( 'NONE', #1690 ) ;
#3217 = ORIENTED_EDGE ( 'NONE', *, *, #8305, .T. ) ;
#3218 = DIRECTION ( 'NONE',  ( -1.000000000000000000, 0.000000000000000000, 0.000000000000000000 ) ) ;
#3219 = EDGE_CURVE ( 'NONE', #4298, #1382, #6491, .T. ) ;
#3220 = VECTOR ( 'NONE', #5416, 1000.000000000000000 ) ;
#3221 = CARTESIAN_POINT ( 'NONE',  ( -6.320000000000002061, 0.6699999999999995959, -1.270000000000000018 ) ) ;
#3222 = VECTOR ( 'NONE', #8667, 1000.000000000000114 ) ;
#3223 = CARTESIAN_POINT ( 'NONE',  ( -11.68000000000000327, 1.349999999999999645, -1.930000000000000160 ) ) ;
#3224 = CARTESIAN_POINT ( 'NONE',  ( -2.680000000000001936, -8.673617379884035472E-16, 1.680000000000000160 ) ) ;
#3225 = ORIENTED_EDGE ( 'NONE', *, *, #8168, .T. ) ;
#3226 = FACE_OUTER_BOUND ( 'NONE', #6663, .T. ) ;
#3227 = VERTEX_POINT ( 'NONE', #304 ) ;
#3228 = AXIS2_PLACEMENT_3D ( 'NONE', #3776, #202, #2476 ) ;
#3229 = CARTESIAN_POINT ( 'NONE',  ( -14.38500000000000156, 0.6699999999999995959, 1.270000000000000018 ) ) ;
#3230 = VECTOR ( 'NONE', #6629, 1000.000000000000000 ) ;
#3231 = VECTOR ( 'NONE', #3329, 1000.000000000000000 ) ;
#3232 = VERTEX_POINT ( 'NONE', #3470 ) ;
#3233 = ORIENTED_EDGE ( 'NONE', *, *, #7011, .F. ) ;
#3234 = DIRECTION ( 'NONE',  ( 0.000000000000000000, 0.000000000000000000, 1.000000000000000000 ) ) ;
#3235 = CARTESIAN_POINT ( 'NONE',  ( -8.680000000000001492, 0.6999999999999992895, 0.3200000000000000067 ) ) ;
#3236 = DIRECTION ( 'NONE',  ( 1.000000000000000000, 0.000000000000000000, 0.000000000000000000 ) ) ;
#3237 = VECTOR ( 'NONE', #9143, 1000.000000000000000 ) ;
#3238 = CARTESIAN_POINT ( 'NONE',  ( -0.006000000000000001860, 0.004949999999999999539, 0.000000000000000000 ) ) ;
#3239 = FACE_OUTER_BOUND ( 'NONE', #6845, .T. ) ;
#3240 = VERTEX_POINT ( 'NONE', #4021 ) ;
#3241 = ORIENTED_EDGE ( 'NONE', *, *, #4401, .T. ) ;
#3242 = CARTESIAN_POINT ( 'NONE',  ( 0.3199999999999982303, 6.899999999999999467, 0.3200000000000000067 ) ) ;
#3243 = CARTESIAN_POINT ( 'NONE',  ( -2.680000000000001936, -3.180000000000000604, -0.3200000000000000067 ) ) ;
#3244 = AXIS2_PLACEMENT_3D ( 'NONE', #1253, #2552, #5423 ) ;
#3245 = CARTESIAN_POINT ( 'NONE',  ( -0.1200000000000020495, 7.500000000000000000, -0.1200000000000000094 ) ) ;
#3246 = VECTOR ( 'NONE', #5657, 1000.000000000000000 ) ;
#3247 = DIRECTION ( 'NONE',  ( 0.000000000000000000, 0.000000000000000000, 1.000000000000000000 ) ) ;
#3248 = ADVANCED_FACE ( 'NONE', ( #584 ), #5455, .T. ) ;
#3249 = EDGE_CURVE ( 'NONE', #489, #5223, #4757, .T. ) ;
#3250 = CARTESIAN_POINT ( 'NONE',  ( -9.320000000000002061, 1.269999999999999352, -0.8750000000000000000 ) ) ;
#3251 = ADVANCED_FACE ( 'NONE', ( #6852 ), #8277, .T. ) ;
#3252 = VECTOR ( 'NONE', #8935, 1000.000000000000000 ) ;
#3253 = PLANE ( 'NONE',  #8683 ) ;
#3254 = ORIENTED_EDGE ( 'NONE', *, *, #4229, .T. ) ;
#3255 = PLANE ( 'NONE',  #7972 ) ;
#3256 = VECTOR ( 'NONE', #3188, 1000.000000000000000 ) ;
#3257 = DIRECTION ( 'NONE',  ( 1.000000000000000000, 0.000000000000000000, 0.000000000000000000 ) ) ;
#3258 = CARTESIAN_POINT ( 'NONE',  ( -0.3200000000000017275, 1.349999999999999645, 1.680000000000000160 ) ) ;
#3259 = CARTESIAN_POINT ( 'NONE',  ( -12.32000000000000028, 0.6699999999999995959, 1.270000000000000018 ) ) ;
#3260 = CARTESIAN_POINT ( 'NONE',  ( 0.3199999999999982303, -8.673617379884035472E-16, -1.930000000000000160 ) ) ;
#3261 = VECTOR ( 'NONE', #6567, 1000.000000000000000 ) ;
#3262 = LINE ( 'NONE', #6177, #7213 ) ;
#3263 = ORIENTED_EDGE ( 'NONE', *, *, #8278, .F. ) ;
#3264 = DIRECTION ( 'NONE',  ( 0.000000000000000000, -1.000000000000000000, 0.000000000000000000 ) ) ;
#3265 = LINE ( 'NONE', #6832, #8879 ) ;
#3266 = ORIENTED_EDGE ( 'NONE', *, *, #2348, .F. ) ;
#3267 = DIRECTION ( 'NONE',  ( -0.000000000000000000, 1.000000000000000000, 0.000000000000000000 ) ) ;
#3268 = ORIENTED_EDGE ( 'NONE', *, *, #5353, .F. ) ;
#3269 = ORIENTED_EDGE ( 'NONE', *, *, #496, .T. ) ;
#3270 = CARTESIAN_POINT ( 'NONE',  ( -8.680000000000001492, 1.269999999999999352, -0.8750000000000000000 ) ) ;
#3271 = ADVANCED_FACE ( 'NONE', ( #1239 ), #2018, .T. ) ;
#3272 = CARTESIAN_POINT ( 'NONE',  ( -5.880000000000001670, 7.500000000000000000, -0.1200000000000000094 ) ) ;
#3273 = EDGE_CURVE ( 'NONE', #8696, #4111, #3373, .T. ) ;
#3274 = EDGE_CURVE ( 'NONE', #6833, #1555, #7542, .T. ) ;
#3275 = CARTESIAN_POINT ( 'NONE',  ( -15.02000000000000135, -1.400000000000000133, 2.169999999999999929 ) ) ;
#3276 = CARTESIAN_POINT ( 'NONE',  ( -3.320000000000001616, 1.269999999999999352, -0.8750000000000000000 ) ) ;
#3277 = ORIENTED_EDGE ( 'NONE', *, *, #2648, .F. ) ;
#3278 = LINE ( 'NONE', #6102, #2030 ) ;
#3279 = EDGE_LOOP ( 'NONE', ( #5399, #570, #5216, #4853 ) ) ;
#3280 = LINE ( 'NONE', #4711, #1871 ) ;
#3281 = ORIENTED_EDGE ( 'NONE', *, *, #4341, .T. ) ;
#3282 = ORIENTED_EDGE ( 'NONE', *, *, #4388, .T. ) ;
#3283 = DIRECTION ( 'NONE',  ( -1.000000000000000000, 0.000000000000000000, 0.000000000000000000 ) ) ;
#3284 = FACE_OUTER_BOUND ( 'NONE', #1499, .T. ) ;
#3285 = CARTESIAN_POINT ( 'NONE',  ( -13.92000000000000171, 9.899999999999998579, -1.250000000000000000 ) ) ;
#3286 = DIRECTION ( 'NONE',  ( 0.000000000000000000, 0.000000000000000000, -1.000000000000000000 ) ) ;
#3287 = LINE ( 'NONE', #2722, #4408 ) ;
#3288 = ORIENTED_EDGE ( 'NONE', *, *, #1470, .T. ) ;
#3289 = ORIENTED_EDGE ( 'NONE', *, *, #2898, .F. ) ;
#3290 = CARTESIAN_POINT ( 'NONE',  ( 0.1199999999999977196, 7.500000000000000000, -0.1200000000000000094 ) ) ;
#3291 = DIRECTION ( 'NONE',  ( -1.000000000000000000, 0.000000000000000000, 0.000000000000000000 ) ) ;
#3292 = LINE ( 'NONE', #8420, #2150 ) ;
#3293 = FACE_OUTER_BOUND ( 'NONE', #7145, .T. ) ;
#3294 = PLANE ( 'NONE',  #7805 ) ;
#3295 = ORIENTED_EDGE ( 'NONE', *, *, #175, .F. ) ;
#3296 = CARTESIAN_POINT ( 'NONE',  ( -6.000000000000001776, 4.949999999999999289, 1.680000000000000160 ) ) ;
#3297 = FACE_OUTER_BOUND ( 'NONE', #9006, .T. ) ;
#3298 = CARTESIAN_POINT ( 'NONE',  ( -0.3200000000000017275, 1.269999999999999352, -0.8750000000000000000 ) ) ;
#3299 = VECTOR ( 'NONE', #4467, 1000.000000000000000 ) ;
#3300 = CARTESIAN_POINT ( 'NONE',  ( -3.320000000000001616, 0.6999999999999992895, 0.8750000000000000000 ) ) ;
#3302 = EDGE_CURVE ( 'NONE', #4287, #8086, #8978, .T. ) ;
#3301 = PLANE ( 'NONE',  #5778 ) ;
#3303 = EDGE_CURVE ( 'NONE', #1462, #3106, #4715, .T. ) ;
#3304 = DIRECTION ( 'NONE',  ( 0.000000000000000000, 0.000000000000000000, -1.000000000000000000 ) ) ;
#3305 = ORIENTED_EDGE ( 'NONE', *, *, #1860, .F. ) ;
#3306 = DIRECTION ( 'NONE',  ( -1.000000000000000000, 0.000000000000000000, 0.000000000000000000 ) ) ;
#3307 = CARTESIAN_POINT ( 'NONE',  ( -15.32000000000000206, 1.269999999999999352, 1.270000000000000018 ) ) ;
#3308 = ORIENTED_EDGE ( 'NONE', *, *, #4569, .T. ) ;
#3309 = CARTESIAN_POINT ( 'NONE',  ( 0.3199999999999982303, 0.6699999999999995959, -1.270000000000000018 ) ) ;
#3310 = LINE ( 'NONE', #7612, #7045 ) ;
#3311 = ORIENTED_EDGE ( 'NONE', *, *, #1034, .F. ) ;
#3312 = VERTEX_POINT ( 'NONE', #498 ) ;
#3313 = DIRECTION ( 'NONE',  ( 0.000000000000000000, 1.000000000000000000, 0.000000000000000000 ) ) ;
#3314 = ORIENTED_EDGE ( 'NONE', *, *, #7880, .F. ) ;
#3315 = PLANE ( 'NONE',  #7504 ) ;
#3316 = CARTESIAN_POINT ( 'NONE',  ( -6.000000000000001776, 7.200000000000000178, 0.2200000000000000011 ) ) ;
#3317 = ORIENTED_EDGE ( 'NONE', *, *, #2502, .F. ) ;
#3318 = DIRECTION ( 'NONE',  ( 0.000000000000000000, -1.000000000000000000, 0.000000000000000000 ) ) ;
#3319 = ORIENTED_EDGE ( 'NONE', *, *, #7205, .F. ) ;
#3320 = LINE ( 'NONE', #7538, #7065 ) ;
#3321 = VERTEX_POINT ( 'NONE', #535 ) ;
#3322 = EDGE_LOOP ( 'NONE', ( #1340, #7683, #299, #189 ) ) ;
#3323 = EDGE_CURVE ( 'NONE', #4568, #6383, #1335, .T. ) ;
#3324 = EDGE_CURVE ( 'NONE', #7017, #4655, #1199, .T. ) ;
#3325 = EDGE_CURVE ( 'NONE', #8976, #2574, #6940, .T. ) ;
#3326 = CARTESIAN_POINT ( 'NONE',  ( -11.68000000000000327, -2.580000000000000515, -0.3200000000000000067 ) ) ;
#3327 = CARTESIAN_POINT ( 'NONE',  ( -5.450000000000001954, 3.299999999999999378, 1.250000000000000000 ) ) ;
#3328 = LINE ( 'NONE', #7681, #6164 ) ;
#3329 = DIRECTION ( 'NONE',  ( 0.000000000000000000, 0.000000000000000000, -1.000000000000000000 ) ) ;
#3330 = ORIENTED_EDGE ( 'NONE', *, *, #4457, .T. ) ;
#3331 = ORIENTED_EDGE ( 'NONE', *, *, #4789, .T. ) ;
#3332 = EDGE_CURVE ( 'NONE', #3357, #7131, #6153, .T. ) ;
#3333 = DIRECTION ( 'NONE',  ( 0.000000000000000000, 0.000000000000000000, -1.000000000000000000 ) ) ;
#3334 = PLANE ( 'NONE',  #7653 ) ;
#3335 = EDGE_CURVE ( 'NONE', #4476, #494, #6294, .T. ) ;
#3336 = VECTOR ( 'NONE', #2003, 1000.000000000000000 ) ;
#3337 = CARTESIAN_POINT ( 'NONE',  ( -11.68000000000000327, -8.673617379884035472E-16, -1.270000000000000018 ) ) ;
#3338 = VECTOR ( 'NONE', #5819, 1000.000000000000000 ) ;
#3339 = COLOUR_RGB ( '',0.7921568627450980005, 0.8196078431372548767, 0.9333333333333333481 ) ;
#3340 = VECTOR ( 'NONE', #8197, 1000.000000000000114 ) ;
#3341 = VERTEX_POINT ( 'NONE', #9068 ) ;
#3342 = CARTESIAN_POINT ( 'NONE',  ( -15.32000000000000206, 8.500000000000000000, 0.7500000000000000000 ) ) ;
#3343 = ORIENTED_EDGE ( 'NONE', *, *, #4115, .F. ) ;
#3344 = PLANE ( 'NONE',  #4843 ) ;
#3345 = LINE ( 'NONE', #420, #7666 ) ;
#3346 = DIRECTION ( 'NONE',  ( 0.000000000000000000, 0.000000000000000000, -1.000000000000000000 ) ) ;
#3347 = DIRECTION ( 'NONE',  ( 0.000000000000000000, 1.000000000000000000, 0.000000000000000000 ) ) ;
#3348 = EDGE_CURVE ( 'NONE', #820, #6103, #2719, .T. ) ;
#3349 = LINE ( 'NONE', #473, #5045 ) ;
#3350 = DIRECTION ( 'NONE',  ( 0.000000000000000000, 0.000000000000000000, 1.000000000000000000 ) ) ;
#3351 = ORIENTED_EDGE ( 'NONE', *, *, #2502, .T. ) ;
#3352 = CARTESIAN_POINT ( 'NONE',  ( 3.269999999999998685, 2.487234067916999525, 0.1137500000000000039 ) ) ;
#3353 = VERTEX_POINT ( 'NONE', #2627 ) ;
#3354 = DIRECTION ( 'NONE',  ( 1.000000000000000000, 0.000000000000000000, 0.000000000000000000 ) ) ;
#3355 = CARTESIAN_POINT ( 'NONE',  ( -10.75000000000000178, 9.899999999999998579, 1.250000000000000000 ) ) ;
#3356 = ORIENTED_EDGE ( 'NONE', *, *, #2695, .T. ) ;
#3357 = VERTEX_POINT ( 'NONE', #1378 ) ;
#3358 = ADVANCED_FACE ( 'NONE', ( #5540 ), #676, .T. ) ;
#3359 = EDGE_CURVE ( 'NONE', #3140, #1235, #7036, .T. ) ;
#3360 = VECTOR ( 'NONE', #3476, 1000.000000000000000 ) ;
#3361 = VECTOR ( 'NONE', #2957, 1000.000000000000000 ) ;
#3362 = LINE ( 'NONE', #3275, #1443 ) ;
#3363 = ADVANCED_FACE ( 'NONE', ( #2820 ), #2202, .T. ) ;
#3364 = DIRECTION ( 'NONE',  ( 0.000000000000000000, 0.000000000000000000, -1.000000000000000000 ) ) ;
#3365 = VERTEX_POINT ( 'NONE', #6386 ) ;
#3366 = EDGE_CURVE ( 'NONE', #4551, #9110, #4372, .T. ) ;
#3367 = DIRECTION ( 'NONE',  ( 0.000000000000000000, 0.000000000000000000, 1.000000000000000000 ) ) ;
#3368 = ORIENTED_EDGE ( 'NONE', *, *, #914, .T. ) ;
#3369 = ORIENTED_EDGE ( 'NONE', *, *, #1431, .T. ) ;
#3370 = ORIENTED_EDGE ( 'NONE', *, *, #1404, .F. ) ;
#3371 = VECTOR ( 'NONE', #8643, 1000.000000000000000 ) ;
#3372 = DIRECTION ( 'NONE',  ( -1.000000000000000000, 0.000000000000000000, 0.000000000000000000 ) ) ;
#3373 = LINE ( 'NONE', #8230, #9174 ) ;
#3374 = AXIS2_PLACEMENT_3D ( 'NONE', #3677, #149, #7245 ) ;
#3375 = VECTOR ( 'NONE', #8711, 1000.000000000000000 ) ;
#3376 = CARTESIAN_POINT ( 'NONE',  ( -7.750000000000001776, 3.299999999999999378, 1.250000000000000000 ) ) ;
#3377 = AXIS2_PLACEMENT_3D ( 'NONE', #1859, #7607, #3996 ) ;
#3378 = EDGE_LOOP ( 'NONE', ( #897, #4765, #3141, #8283 ) ) ;
#3379 = ORIENTED_EDGE ( 'NONE', *, *, #4000, .F. ) ;
#3380 = ORIENTED_EDGE ( 'NONE', *, *, #6377, .T. ) ;
#3381 = LINE ( 'NONE', #4907, #3360 ) ;
#3382 = DIRECTION ( 'NONE',  ( -0.6092076990801816860, -0.5076730825667846725, 0.6092076990801816860 ) ) ;
#3383 = ORIENTED_EDGE ( 'NONE', *, *, #4961, .T. ) ;
#3384 = VERTEX_POINT ( 'NONE', #5031 ) ;
#3385 = DIRECTION ( 'NONE',  ( 0.000000000000000000, -1.000000000000000000, 0.000000000000000000 ) ) ;
#3386 = VECTOR ( 'NONE', #4202, 1000.000000000000000 ) ;
#3387 = EDGE_CURVE ( 'NONE', #8820, #1350, #3597, .T. ) ;
#3388 = EDGE_CURVE ( 'NONE', #8476, #4069, #7255, .T. ) ;
#3389 = ORIENTED_EDGE ( 'NONE', *, *, #4585, .T. ) ;
#3390 = VECTOR ( 'NONE', #4598, 1000.000000000000000 ) ;
#3391 = DIRECTION ( 'NONE',  ( 0.000000000000000000, 0.000000000000000000, -1.000000000000000000 ) ) ;
#3392 = ORIENTED_EDGE ( 'NONE', *, *, #997, .F. ) ;
#3393 = DIRECTION ( 'NONE',  ( 0.000000000000000000, -0.7682212795973758501, 0.6401843996644798196 ) ) ;
#3394 = CARTESIAN_POINT ( 'NONE',  ( -11.68000000000000327, 0.6999999999999992895, -0.3200000000000000067 ) ) ;
#3395 = DIRECTION ( 'NONE',  ( 0.000000000000000000, 0.000000000000000000, -1.000000000000000000 ) ) ;
#3396 = CARTESIAN_POINT ( 'NONE',  ( -6.320000000000002061, 1.269999999999999352, -0.8750000000000000000 ) ) ;
#3397 = VECTOR ( 'NONE', #2095, 1000.000000000000000 ) ;
#3398 = DIRECTION ( 'NONE',  ( 0.000000000000000000, -1.000000000000000000, 0.000000000000000000 ) ) ;
#3399 = EDGE_CURVE ( 'NONE', #3091, #3526, #5073, .T. ) ;
#3400 = FACE_OUTER_BOUND ( 'NONE', #1773, .T. ) ;
#3401 = VECTOR ( 'NONE', #1238, 1000.000000000000000 ) ;
#3402 = ORIENTED_EDGE ( 'NONE', *, *, #2458, .T. ) ;
#3403 = CARTESIAN_POINT ( 'NONE',  ( 0.3199999999999982303, 1.269999999999999352, 0.8750000000000000000 ) ) ;
#3404 = VERTEX_POINT ( 'NONE', #724 ) ;
#3405 = FACE_OUTER_BOUND ( 'NONE', #7762, .T. ) ;
#3406 = DIRECTION ( 'NONE',  ( 0.000000000000000000, 0.000000000000000000, -1.000000000000000000 ) ) ;
#3407 = ORIENTED_EDGE ( 'NONE', *, *, #5000, .T. ) ;
#3408 = VECTOR ( 'NONE', #2107, 1000.000000000000000 ) ;
#3409 = VERTEX_POINT ( 'NONE', #5716 ) ;
#3410 = EDGE_CURVE ( 'NONE', #4473, #4381, #2246, .T. ) ;
#3411 = VECTOR ( 'NONE', #3283, 1000.000000000000000 ) ;
#3412 = DIRECTION ( 'NONE',  ( 0.000000000000000000, -1.000000000000000000, 0.000000000000000000 ) ) ;
#3413 = LINE ( 'NONE', #1138, #2490 ) ;
#3414 = ORIENTED_EDGE ( 'NONE', *, *, #1860, .T. ) ;
#3415 = DIRECTION ( 'NONE',  ( -1.000000000000000000, 0.000000000000000000, 0.000000000000000000 ) ) ;
#3416 = VERTEX_POINT ( 'NONE', #8640 ) ;
#3417 = ORIENTED_EDGE ( 'NONE', *, *, #5782, .T. ) ;
#3418 = EDGE_LOOP ( 'NONE', ( #2345, #6168, #3957, #8938 ) ) ;
#3419 = CARTESIAN_POINT ( 'NONE',  ( 0.3199999999999982303, 0.6999999999999992895, -0.3200000000000000067 ) ) ;
#3420 = EDGE_CURVE ( 'NONE', #595, #8434, #6425, .T. ) ;
#3421 = CARTESIAN_POINT ( 'NONE',  ( -14.67000000000000171, -1.150000000000000799, 1.570000000000000062 ) ) ;
#3422 = PRESENTATION_STYLE_ASSIGNMENT (( #4105 ) ) ;
#3423 = PLANE ( 'NONE',  #5878 ) ;
#3424 = ORIENTED_EDGE ( 'NONE', *, *, #3719, .F. ) ;
#3425 = ORIENTED_EDGE ( 'NONE', *, *, #3325, .T. ) ;
#3426 = ORIENTED_EDGE ( 'NONE', *, *, #5059, .F. ) ;
#3427 = DIRECTION ( 'NONE',  ( 0.000000000000000000, 0.000000000000000000, 1.000000000000000000 ) ) ;
#3428 = DIRECTION ( 'NONE',  ( 0.000000000000000000, 0.000000000000000000, 1.000000000000000000 ) ) ;
#3429 = EDGE_CURVE ( 'NONE', #5892, #4120, #8596, .T. ) ;
#3430 = VECTOR ( 'NONE', #7007, 1000.000000000000000 ) ;
#3431 = ORIENTED_EDGE ( 'NONE', *, *, #7880, .T. ) ;
#3432 = VECTOR ( 'NONE', #1714, 1000.000000000000000 ) ;
#3433 = VERTEX_POINT ( 'NONE', #5764 ) ;
#3434 = LINE ( 'NONE', #643, #1519 ) ;
#3435 = ORIENTED_EDGE ( 'NONE', *, *, #1505, .F. ) ;
#3436 = CARTESIAN_POINT ( 'NONE',  ( -15.32000000000000206, -8.673617379884035472E-16, 1.270000000000000018 ) ) ;
#3437 = LINE ( 'NONE', #7831, #4106 ) ;
#3438 = EDGE_CURVE ( 'NONE', #3227, #466, #2155, .T. ) ;
#3439 = LINE ( 'NONE', #3394, #2506 ) ;
#3440 = CARTESIAN_POINT ( 'NONE',  ( -1.250000000000001998, 3.299999999999999378, -1.250000000000000000 ) ) ;
#3441 = EDGE_CURVE ( 'NONE', #4026, #7484, #3732, .T. ) ;
#3442 = EDGE_CURVE ( 'NONE', #4150, #8610, #7899, .T. ) ;
#3443 = DIRECTION ( 'NONE',  ( -1.000000000000000000, 0.000000000000000000, 0.000000000000000000 ) ) ;
#3444 = EDGE_CURVE ( 'NONE', #3495, #4883, #1546, .T. ) ;
#3445 = DIRECTION ( 'NONE',  ( 1.000000000000000000, 0.000000000000000000, 0.000000000000000000 ) ) ;
#3446 = CARTESIAN_POINT ( 'NONE',  ( -5.680000000000001492, 0.6999999999999992895, -0.8750000000000000000 ) ) ;
#3447 = VECTOR ( 'NONE', #4218, 1000.000000000000000 ) ;
#3448 = EDGE_LOOP ( 'NONE', ( #6158, #5401, #8817, #6287, #554, #8994 ) ) ;
#3449 = DIRECTION ( 'NONE',  ( 0.000000000000000000, 1.000000000000000000, 0.000000000000000000 ) ) ;
#3450 = AXIS2_PLACEMENT_3D ( 'NONE', #6868, #516, #5563 ) ;
#3451 = ORIENTED_EDGE ( 'NONE', *, *, #3387, .T. ) ;
#3452 = LINE ( 'NONE', #5524, #8883 ) ;
#3453 = CARTESIAN_POINT ( 'NONE',  ( -3.320000000000001616, 1.269999999999999352, -0.8750000000000000000 ) ) ;
#3454 = ORIENTED_EDGE ( 'NONE', *, *, #5043, .T. ) ;
#3455 = EDGE_LOOP ( 'NONE', ( #6527, #8293, #3966, #338, #6178, #6142, #8047, #4750 ) ) ;
#3456 = ADVANCED_FACE ( 'NONE', ( #764 ), #2990, .T. ) ;
#3457 = VECTOR ( 'NONE', #8902, 1000.000000000000114 ) ;
#3458 = CARTESIAN_POINT ( 'NONE',  ( 0.2199999999999979750, 7.200000000000000178, 0.000000000000000000 ) ) ;
#3459 = EDGE_CURVE ( 'NONE', #2641, #8123, #199, .T. ) ;
#3460 = DIRECTION ( 'NONE',  ( -0.3015113445777909407, -0.9045340337332726799, 0.3015113445777909407 ) ) ;
#3461 = DIRECTION ( 'NONE',  ( 0.000000000000000000, 1.000000000000000000, 0.000000000000000000 ) ) ;
#3462 = ORIENTED_EDGE ( 'NONE', *, *, #6913, .F. ) ;
#3463 = CARTESIAN_POINT ( 'NONE',  ( -15.32000000000000206, -8.673617379884035472E-16, 1.270000000000000018 ) ) ;
#3464 = ORIENTED_EDGE ( 'NONE', *, *, #6419, .F. ) ;
#3465 = EDGE_LOOP ( 'NONE', ( #4339, #7905, #7812, #250 ) ) ;
#3466 = LINE ( 'NONE', #1419, #7476 ) ;
#3467 = ORIENTED_EDGE ( 'NONE', *, *, #3749, .F. ) ;
#3468 = EDGE_CURVE ( 'NONE', #4968, #164, #20, .T. ) ;
#3469 = CARTESIAN_POINT ( 'NONE',  ( -8.880000000000002558, -3.180000000000000604, -0.1200000000000000094 ) ) ;
#3470 = CARTESIAN_POINT ( 'NONE',  ( -8.680000000000001492, 6.899999999999999467, 0.3200000000000000067 ) ) ;
#3471 = CARTESIAN_POINT ( 'NONE',  ( -1.750000000000001554, 3.299999999999999378, 1.250000000000000000 ) ) ;
#3472 = LINE ( 'NONE', #8426, #7664 ) ;
#3473 = VERTEX_POINT ( 'NONE', #6466 ) ;
#3474 = ORIENTED_EDGE ( 'NONE', *, *, #1326, .F. ) ;
#3475 = ORIENTED_EDGE ( 'NONE', *, *, #3078, .T. ) ;
#3476 = DIRECTION ( 'NONE',  ( 0.000000000000000000, 0.000000000000000000, 1.000000000000000000 ) ) ;
#3477 = FACE_OUTER_BOUND ( 'NONE', #4208, .T. ) ;
#3478 = ORIENTED_EDGE ( 'NONE', *, *, #4149, .F. ) ;
#3479 = EDGE_LOOP ( 'NONE', ( #2825, #8403, #2950, #9034 ) ) ;
#3480 = DIRECTION ( 'NONE',  ( 0.000000000000000000, -1.000000000000000000, 0.000000000000000000 ) ) ;
#3481 = ADVANCED_FACE ( 'NONE', ( #109 ), #2943, .T. ) ;
#3482 = EDGE_CURVE ( 'NONE', #4064, #6244, #4426, .T. ) ;
#3483 = ORIENTED_EDGE ( 'NONE', *, *, #3769, .F. ) ;
#3484 = CARTESIAN_POINT ( 'NONE',  ( 0.3199999999999982303, -2.580000000000000515, -0.3200000000000000067 ) ) ;
#3485 = FACE_OUTER_BOUND ( 'NONE', #9149, .T. ) ;
#3486 = PLANE ( 'NONE',  #8852 ) ;
#3487 = CARTESIAN_POINT ( 'NONE',  ( -14.36000000000000121, 1.849999999999999645, 1.930000000000000160 ) ) ;
#3488 = CARTESIAN_POINT ( 'NONE',  ( -9.320000000000002061, 0.6999999999999992895, -0.3200000000000000067 ) ) ;
#3489 = LINE ( 'NONE', #6313, #3397 ) ;
#3490 = AXIS2_PLACEMENT_3D ( 'NONE', #6183, #3406, #7526 ) ;
#3491 = AXIS2_PLACEMENT_3D ( 'NONE', #5634, #4842, #1375 ) ;
#3492 = DIRECTION ( 'NONE',  ( 0.000000000000000000, 1.000000000000000000, 0.000000000000000000 ) ) ;
#3493 = LINE ( 'NONE', #6316, #2631 ) ;
#3494 = DIRECTION ( 'NONE',  ( 1.000000000000000000, 0.000000000000000000, 0.000000000000000000 ) ) ;
#3495 = VERTEX_POINT ( 'NONE', #5675 ) ;
#3496 = CARTESIAN_POINT ( 'NONE',  ( -2.880000000000002114, -3.180000000000000604, 0.1200000000000000094 ) ) ;
#3497 = ORIENTED_EDGE ( 'NONE', *, *, #6896, .T. ) ;
#3498 = LINE ( 'NONE', #7568, #7388 ) ;
#3499 = CARTESIAN_POINT ( 'NONE',  ( -11.68000000000000327, 0.6699999999999995959, -0.8750000000000000000 ) ) ;
#3500 = ORIENTED_EDGE ( 'NONE', *, *, #6309, .T. ) ;
#3501 = ORIENTED_EDGE ( 'NONE', *, *, #2736, .T. ) ;
#3502 = DIRECTION ( 'NONE',  ( 0.000000000000000000, 1.000000000000000000, 0.000000000000000000 ) ) ;
#3503 = ADVANCED_FACE ( 'NONE', ( #5301 ), #6741, .F. ) ;
#3504 = ADVANCED_FACE ( 'NONE', ( #1725 ), #3030, .T. ) ;
#3505 = LINE ( 'NONE', #4934, #2778 ) ;
#3506 = DIRECTION ( 'NONE',  ( 0.000000000000000000, 0.6401843996644798196, 0.7682212795973758501 ) ) ;
#3507 = DIRECTION ( 'NONE',  ( 1.000000000000000000, 0.000000000000000000, 0.000000000000000000 ) ) ;
#3508 = VERTEX_POINT ( 'NONE', #5349 ) ;
#3509 = ADVANCED_FACE ( 'NONE', ( #1680 ), #4652, .F. ) ;
#3510 = ORIENTED_EDGE ( 'NONE', *, *, #3359, .F. ) ;
#3511 = DIRECTION ( 'NONE',  ( 0.000000000000000000, -1.000000000000000000, 0.000000000000000000 ) ) ;
#3512 = PLANE ( 'NONE',  #1029 ) ;
#3513 = CARTESIAN_POINT ( 'NONE',  ( -4.250000000000001776, 3.299999999999999378, 1.250000000000000000 ) ) ;
#3514 = VECTOR ( 'NONE', #3780, 1000.000000000000000 ) ;
#3515 = VECTOR ( 'NONE', #7414, 1000.000000000000000 ) ;
#3516 = LINE ( 'NONE', #4246, #5273 ) ;
#3517 = DIRECTION ( 'NONE',  ( -1.000000000000000000, 0.000000000000000000, 0.000000000000000000 ) ) ;
#3518 = VERTEX_POINT ( 'NONE', #7433 ) ;
#3519 = ORIENTED_EDGE ( 'NONE', *, *, #4620, .T. ) ;
#3520 = VERTEX_POINT ( 'NONE', #7479 ) ;
#3521 = LINE ( 'NONE', #4066, #4831 ) ;
#3522 = ADVANCED_FACE ( 'NONE', ( #942 ), #5167, .F. ) ;
#3523 = AXIS2_PLACEMENT_3D ( 'NONE', #8824, #6517, #160 ) ;
#3524 = VECTOR ( 'NONE', #6884, 1000.000000000000000 ) ;
#3525 = VERTEX_POINT ( 'NONE', #8034 ) ;
#3526 = VERTEX_POINT ( 'NONE', #3221 ) ;
#3527 = DIRECTION ( 'NONE',  ( 0.000000000000000000, 0.000000000000000000, 1.000000000000000000 ) ) ;
#3528 = AXIS2_PLACEMENT_3D ( 'NONE', #6400, #4953, #5689 ) ;
#3529 = VECTOR ( 'NONE', #2459, 1000.000000000000000 ) ;
#3530 = ORIENTED_EDGE ( 'NONE', *, *, #1435, .F. ) ;
#3531 = EDGE_CURVE ( 'NONE', #5597, #4678, #7296, .T. ) ;
#3532 = DIRECTION ( 'NONE',  ( 0.000000000000000000, -1.000000000000000000, 0.000000000000000000 ) ) ;
#3533 = LINE ( 'NONE', #9128, #3959 ) ;
#3534 = VECTOR ( 'NONE', #5669, 1000.000000000000000 ) ;
#3535 = CARTESIAN_POINT ( 'NONE',  ( -2.680000000000001936, 1.269999999999999352, -0.8750000000000000000 ) ) ;
#3536 = LINE ( 'NONE', #2877, #4073 ) ;
#3537 = VECTOR ( 'NONE', #4589, 1000.000000000000000 ) ;
#3538 = LINE ( 'NONE', #5441, #3879 ) ;
#3539 = CARTESIAN_POINT ( 'NONE',  ( -8.680000000000001492, 0.6999999999999992895, -1.050000000000000044 ) ) ;
#3540 = ADVANCED_FACE ( 'NONE', ( #3910 ), #385, .T. ) ;
#3541 = CARTESIAN_POINT ( 'NONE',  ( 0.1199999999999977196, 7.500000000000000000, 0.1200000000000000094 ) ) ;
#3542 = AXIS2_PLACEMENT_3D ( 'NONE', #2140, #751, #48 ) ;
#3543 = CARTESIAN_POINT ( 'NONE',  ( 3.319999999999998508, 4.949999999999999289, 0.000000000000000000 ) ) ;
#3544 = LINE ( 'NONE', #4356, #8117 ) ;
#3545 = ORIENTED_EDGE ( 'NONE', *, *, #713, .F. ) ;
#3546 = LINE ( 'NONE', #6373, #4125 ) ;
#3547 = CARTESIAN_POINT ( 'NONE',  ( -15.32000000000000206, 1.849999999999999645, 1.430000000000000160 ) ) ;
#3548 = CARTESIAN_POINT ( 'NONE',  ( -8.680000000000001492, -8.673617379884035472E-16, 1.270000000000000018 ) ) ;
#3549 = ORIENTED_EDGE ( 'NONE', *, *, #4320, .T. ) ;
#3550 = VECTOR ( 'NONE', #5382, 1000.000000000000000 ) ;
#3551 = DIRECTION ( 'NONE',  ( 0.000000000000000000, -1.000000000000000000, 0.000000000000000000 ) ) ;
#3552 = FACE_OUTER_BOUND ( 'NONE', #6302, .T. ) ;
#3553 = VECTOR ( 'NONE', #8894, 1000.000000000000000 ) ;
#3554 = PLANE ( 'NONE',  #4710 ) ;
#3555 = CARTESIAN_POINT ( 'NONE',  ( -12.32000000000000028, 0.6699999999999995959, -0.8750000000000000000 ) ) ;
#3556 = EDGE_LOOP ( 'NONE', ( #4376, #5934, #4747, #7716 ) ) ;
#3557 = EDGE_CURVE ( 'NONE', #2529, #4412, #3960, .T. ) ;
#3558 = ORIENTED_EDGE ( 'NONE', *, *, #7910, .T. ) ;
#3559 = PLANE ( 'NONE',  #8962 ) ;
#3560 = VECTOR ( 'NONE', #5688, 1000.000000000000000 ) ;
#3561 = EDGE_CURVE ( 'NONE', #2574, #3864, #4558, .T. ) ;
#3562 = DIRECTION ( 'NONE',  ( -0.3015113445777909407, 0.9045340337332726799, 0.3015113445777909407 ) ) ;
#3563 = EDGE_CURVE ( 'NONE', #1329, #4567, #8880, .T. ) ;
#3564 = FILL_AREA_STYLE_COLOUR ( '', #2168 ) ;
#3565 = FACE_OUTER_BOUND ( 'NONE', #1802, .T. ) ;
#3566 = ORIENTED_EDGE ( 'NONE', *, *, #5106, .F. ) ;
#3567 = VERTEX_POINT ( 'NONE', #8175 ) ;
#3568 = ORIENTED_EDGE ( 'NONE', *, *, #441, .F. ) ;
#3569 = DIRECTION ( 'NONE',  ( 0.000000000000000000, 0.000000000000000000, 1.000000000000000000 ) ) ;
#3570 = VERTEX_POINT ( 'NONE', #6794 ) ;
#3571 = ORIENTED_EDGE ( 'NONE', *, *, #2474, .T. ) ;
#3572 = LINE ( 'NONE', #4439, #7394 ) ;
#3573 = VERTEX_POINT ( 'NONE', #6597 ) ;
#3574 = CARTESIAN_POINT ( 'NONE',  ( 3.319999999999998508, 0.6699999999999995959, 1.270000000000000018 ) ) ;
#3575 = DIRECTION ( 'NONE',  ( 0.000000000000000000, 0.000000000000000000, 1.000000000000000000 ) ) ;
#3576 = LINE ( 'NONE', #5654, #2978 ) ;
#3577 = LINE ( 'NONE', #5558, #4974 ) ;
#3578 = CARTESIAN_POINT ( 'NONE',  ( 0.5499999999999983791, 9.899999999999998579, 1.250000000000000000 ) ) ;
#3579 = CARTESIAN_POINT ( 'NONE',  ( -5.680000000000001492, 0.6699999999999995959, 0.8750000000000000000 ) ) ;
#3580 = FACE_OUTER_BOUND ( 'NONE', #8743, .T. ) ;
#3581 = DIRECTION ( 'NONE',  ( 0.000000000000000000, 0.000000000000000000, 1.000000000000000000 ) ) ;
#3582 = LINE ( 'NONE', #5887, #2809 ) ;
#3583 = ORIENTED_EDGE ( 'NONE', *, *, #30, .T. ) ;
#3584 = CARTESIAN_POINT ( 'NONE',  ( -12.32000000000000028, 0.6999999999999992895, 0.8750000000000000000 ) ) ;
#3585 = CARTESIAN_POINT ( 'NONE',  ( 1.934999999999997389, 1.699999999999999734, 1.680000000000000160 ) ) ;
#3586 = PLANE ( 'NONE',  #8359 ) ;
#3587 = ORIENTED_EDGE ( 'NONE', *, *, #1348, .T. ) ;
#3588 = EDGE_CURVE ( 'NONE', #6837, #1385, #3125, .T. ) ;
#3589 = DIRECTION ( 'NONE',  ( -0.000000000000000000, 1.000000000000000000, 0.000000000000000000 ) ) ;
#3590 = VECTOR ( 'NONE', #8921, 1000.000000000000000 ) ;
#3591 = CARTESIAN_POINT ( 'NONE',  ( -12.32000000000000028, -8.673617379884035472E-16, -1.930000000000000160 ) ) ;
#3592 = DIRECTION ( 'NONE',  ( -1.000000000000000000, 0.000000000000000000, 0.000000000000000000 ) ) ;
#3593 = PLANE ( 'NONE',  #5578 ) ;
#3594 = ORIENTED_EDGE ( 'NONE', *, *, #3219, .F. ) ;
#3595 = ORIENTED_EDGE ( 'NONE', *, *, #5977, .T. ) ;
#3596 = VECTOR ( 'NONE', #1477, 1000.000000000000000 ) ;
#3597 = LINE ( 'NONE', #7856, #7139 ) ;
#3598 = EDGE_CURVE ( 'NONE', #433, #6376, #7387, .T. ) ;
#3599 = CARTESIAN_POINT ( 'NONE',  ( -15.32000000000000206, 8.500000000000000000, 0.7500000000000000000 ) ) ;
#3600 = CARTESIAN_POINT ( 'NONE',  ( -10.25000000000000178, 9.899999999999998579, -1.250000000000000000 ) ) ;
#3601 = EDGE_LOOP ( 'NONE', ( #8783, #3088, #4096, #6646, #3063, #5385, #5180, #5598 ) ) ;
#3602 = ORIENTED_EDGE ( 'NONE', *, *, #8049, .T. ) ;
#3603 = DIRECTION ( 'NONE',  ( -1.015061051086000057E-14, 0.000000000000000000, -1.000000000000000000 ) ) ;
#3604 = ORIENTED_EDGE ( 'NONE', *, *, #6357, .F. ) ;
#3605 = DIRECTION ( 'NONE',  ( -0.3015113445777909407, 0.9045340337332726799, 0.3015113445777909407 ) ) ;
#3606 = EDGE_CURVE ( 'NONE', #2613, #5538, #7338, .T. ) ;
#3607 = ORIENTED_EDGE ( 'NONE', *, *, #6713, .T. ) ;
#3608 = ORIENTED_EDGE ( 'NONE', *, *, #291, .F. ) ;
#3609 = CARTESIAN_POINT ( 'NONE',  ( -2.680000000000001936, 0.6999999999999992895, 1.649999999999999911 ) ) ;
#3610 = EDGE_CURVE ( 'NONE', #3702, #615, #6690, .T. ) ;
#3611 = ORIENTED_EDGE ( 'NONE', *, *, #2421, .T. ) ;
#3612 = EDGE_CURVE ( 'NONE', #6932, #8705, #2381, .T. ) ;
#3613 = DIRECTION ( 'NONE',  ( -1.000000000000000000, 0.000000000000000000, 0.000000000000000000 ) ) ;
#3614 = CARTESIAN_POINT ( 'NONE',  ( 1.934999999999997389, -8.673617379884035472E-16, 1.680000000000000160 ) ) ;
#3615 = CARTESIAN_POINT ( 'NONE',  ( -0.3200000000000017275, 0.6999999999999992895, 0.8750000000000000000 ) ) ;
#3616 = LINE ( 'NONE', #2267, #626 ) ;
#3617 = LINE ( 'NONE', #2, #4874 ) ;
#3618 = PLANE ( 'NONE',  #4325 ) ;
#3619 = CARTESIAN_POINT ( 'NONE',  ( -6.320000000000002061, 1.349999999999999645, -1.930000000000000160 ) ) ;
#3620 = CARTESIAN_POINT ( 'NONE',  ( -15.32000000000000206, 0.6699999999999995959, 0.8750000000000000000 ) ) ;
#3621 = ORIENTED_EDGE ( 'NONE', *, *, #2087, .F. ) ;
#3622 = CARTESIAN_POINT ( 'NONE',  ( 3.319999999999998508, -1.150000000000000799, 1.570000000000000062 ) ) ;
#3623 = CARTESIAN_POINT ( 'NONE',  ( -15.32000000000000206, -8.673617379884035472E-16, 1.570000000000000062 ) ) ;
#3624 = FACE_OUTER_BOUND ( 'NONE', #2764, .T. ) ;
#3625 = ORIENTED_EDGE ( 'NONE', *, *, #891, .F. ) ;
#3626 = EDGE_CURVE ( 'NONE', #74, #4120, #6647, .T. ) ;
#3627 = VECTOR ( 'NONE', #8455, 1000.000000000000000 ) ;
#3628 = CARTESIAN_POINT ( 'NONE',  ( -2.780000000000001581, -2.880000000000000782, 0.000000000000000000 ) ) ;
#3629 = CARTESIAN_POINT ( 'NONE',  ( 2.384999999999998010, 1.269999999999999352, -0.8750000000000000000 ) ) ;
#3630 = CARTESIAN_POINT ( 'NONE',  ( -11.88000000000000256, -3.180000000000000604, -0.1200000000000000094 ) ) ;
#3631 = CARTESIAN_POINT ( 'NONE',  ( -9.320000000000002061, 6.899999999999999467, -0.3200000000000000067 ) ) ;
#3632 = ORIENTED_EDGE ( 'NONE', *, *, #2900, .T. ) ;
#3633 = EDGE_CURVE ( 'NONE', #8303, #2524, #8821, .T. ) ;
#3634 = DIRECTION ( 'NONE',  ( 0.000000000000000000, -1.000000000000000000, 0.000000000000000000 ) ) ;
#3635 = ORIENTED_EDGE ( 'NONE', *, *, #7833, .F. ) ;
#3636 = DIRECTION ( 'NONE',  ( 1.000000000000000000, 0.000000000000000000, 0.000000000000000000 ) ) ;
#3637 = EDGE_CURVE ( 'NONE', #7223, #8218, #6098, .T. ) ;
#3638 = EDGE_CURVE ( 'NONE', #4434, #931, #2571, .T. ) ;
#3639 = ADVANCED_FACE ( 'NONE', ( #4920 ), #7707, .F. ) ;
#3640 = CARTESIAN_POINT ( 'NONE',  ( 0.3199999999999982303, 0.6999999999999992895, -0.3200000000000000067 ) ) ;
#3641 = ORIENTED_EDGE ( 'NONE', *, *, #6820, .T. ) ;
#3642 = VERTEX_POINT ( 'NONE', #2133 ) ;
#3643 = LINE ( 'NONE', #7701, #6609 ) ;
#3644 = ORIENTED_EDGE ( 'NONE', *, *, #7489, .T. ) ;
#3645 = CARTESIAN_POINT ( 'NONE',  ( -14.67000000000000171, -1.150000000000000799, 1.570000000000000062 ) ) ;
#3646 = ORIENTED_EDGE ( 'NONE', *, *, #8848, .T. ) ;
#3647 = ORIENTED_EDGE ( 'NONE', *, *, #413, .T. ) ;
#3648 = VECTOR ( 'NONE', #2545, 1000.000000000000114 ) ;
#3649 = AXIS2_PLACEMENT_3D ( 'NONE', #4535, #8717, #1706 ) ;
#3650 = DIRECTION ( 'NONE',  ( 0.000000000000000000, -1.000000000000000000, 0.000000000000000000 ) ) ;
#3651 = AXIS2_PLACEMENT_3D ( 'NONE', #4237, #1459, #7722 ) ;
#3652 = VECTOR ( 'NONE', #7670, 1000.000000000000000 ) ;
#3653 = ORIENTED_EDGE ( 'NONE', *, *, #63, .T. ) ;
#3654 = DIRECTION ( 'NONE',  ( 0.000000000000000000, -1.000000000000000000, 0.000000000000000000 ) ) ;
#3655 = LINE ( 'NONE', #8569, #7663 ) ;
#3656 = DIRECTION ( 'NONE',  ( -5.921189464668000530E-14, -1.000000000000000000, -0.000000000000000000 ) ) ;
#3657 = EDGE_CURVE ( 'NONE', #8708, #1366, #2094, .T. ) ;
#3658 = LINE ( 'NONE', #82, #4621 ) ;
#3659 = VECTOR ( 'NONE', #8984, 1000.000000000000000 ) ;
#3660 = DIRECTION ( 'NONE',  ( 0.000000000000000000, 0.000000000000000000, -1.000000000000000000 ) ) ;
#3661 = AXIS2_PLACEMENT_3D ( 'NONE', #2653, #4043, #3350 ) ;
#3662 = EDGE_CURVE ( 'NONE', #1588, #6008, #6312, .T. ) ;
#3663 = EDGE_CURVE ( 'NONE', #3570, #4044, #7792, .T. ) ;
#3664 = DIRECTION ( 'NONE',  ( 0.000000000000000000, 0.000000000000000000, 1.000000000000000000 ) ) ;
#3665 = CARTESIAN_POINT ( 'NONE',  ( -15.32000000000000206, 9.899999999999998579, -1.930000000000000160 ) ) ;
#3666 = AXIS2_PLACEMENT_3D ( 'NONE', #4334, #5679, #2992 ) ;
#3667 = CARTESIAN_POINT ( 'NONE',  ( -9.320000000000002061, 3.299999999999999378, 0.3200000000000000067 ) ) ;
#3668 = ORIENTED_EDGE ( 'NONE', *, *, #658, .T. ) ;
#3669 = DIRECTION ( 'NONE',  ( 0.000000000000000000, -1.000000000000000000, 0.000000000000000000 ) ) ;
#3670 = VECTOR ( 'NONE', #5333, 1000.000000000000000 ) ;
#3671 = AXIS2_PLACEMENT_3D ( 'NONE', #6205, #7682, #1240 ) ;
#3672 = LINE ( 'NONE', #2929, #8706 ) ;
#3673 = LINE ( 'NONE', #9097, #1995 ) ;
#3674 = EDGE_LOOP ( 'NONE', ( #5684, #482, #8545, #8807 ) ) ;
#3675 = VECTOR ( 'NONE', #4817, 1000.000000000000000 ) ;
#3676 = AXIS2_PLACEMENT_3D ( 'NONE', #249, #7996, #1777 ) ;
#3677 = CARTESIAN_POINT ( 'NONE',  ( -15.32000000000000206, 1.849999999999999645, 1.930000000000000160 ) ) ;
#3678 = CARTESIAN_POINT ( 'NONE',  ( -11.88000000000000256, 7.500000000000000000, -0.1200000000000000094 ) ) ;
#3679 = CARTESIAN_POINT ( 'NONE',  ( -0.3200000000000017275, 1.269999999999999352, 0.8750000000000000000 ) ) ;
#3680 = DIRECTION ( 'NONE',  ( 1.000000000000000000, 0.000000000000000000, 0.000000000000000000 ) ) ;
#3681 = VERTEX_POINT ( 'NONE', #8965 ) ;
#3682 = VECTOR ( 'NONE', #8121, 1000.000000000000000 ) ;
#3683 = LINE ( 'NONE', #5803, #3182 ) ;
#3684 = AXIS2_PLACEMENT_3D ( 'NONE', #7648, #1305, #561 ) ;
#3685 = ORIENTED_EDGE ( 'NONE', *, *, #5360, .F. ) ;
#3686 = EDGE_CURVE ( 'NONE', #5549, #6372, #5612, .T. ) ;
#3687 = DIRECTION ( 'NONE',  ( 0.000000000000000000, 0.000000000000000000, -1.000000000000000000 ) ) ;
#3688 = VECTOR ( 'NONE', #61, 1000.000000000000000 ) ;
#3689 = CARTESIAN_POINT ( 'NONE',  ( -5.680000000000001492, 0.6999999999999992895, -0.8750000000000000000 ) ) ;
#3690 = CARTESIAN_POINT ( 'NONE',  ( -3.320000000000001616, 0.6999999999999992895, -1.050000000000000044 ) ) ;
#3691 = VERTEX_POINT ( 'NONE', #3488 ) ;
#3692 = CARTESIAN_POINT ( 'NONE',  ( -11.68000000000000327, 0.6699999999999995959, -0.8750000000000000000 ) ) ;
#3693 = VECTOR ( 'NONE', #6858, 1000.000000000000114 ) ;
#3694 = ORIENTED_EDGE ( 'NONE', *, *, #3323, .F. ) ;
#3695 = CARTESIAN_POINT ( 'NONE',  ( -3.320000000000001616, 1.349999999999999645, -1.930000000000000160 ) ) ;
#3696 = ORIENTED_EDGE ( 'NONE', *, *, #7713, .T. ) ;
#3697 = EDGE_LOOP ( 'NONE', ( #4068, #1125, #8233, #3713 ) ) ;
#3698 = VECTOR ( 'NONE', #8916, 1000.000000000000000 ) ;
#3699 = CARTESIAN_POINT ( 'NONE',  ( -14.38500000000000156, 1.699999999999999734, -1.930000000000000160 ) ) ;
#3700 = FACE_OUTER_BOUND ( 'NONE', #5641, .T. ) ;
#3701 = VECTOR ( 'NONE', #9066, 1000.000000000000000 ) ;
#3702 = VERTEX_POINT ( 'NONE', #1356 ) ;
#3703 = EDGE_CURVE ( 'NONE', #8275, #5538, #8174, .T. ) ;
#3704 = EDGE_LOOP ( 'NONE', ( #5181, #813, #1006, #4156 ) ) ;
#3705 = CARTESIAN_POINT ( 'NONE',  ( -12.32000000000000028, -8.673617379884035472E-16, -1.270000000000000018 ) ) ;
#3706 = DIRECTION ( 'NONE',  ( -1.000000000000000000, 0.000000000000000000, 0.000000000000000000 ) ) ;
#3707 = CARTESIAN_POINT ( 'NONE',  ( -13.93500000000000050, 1.269999999999999352, -0.8750000000000000000 ) ) ;
#3708 = DIRECTION ( 'NONE',  ( -0.000000000000000000, 1.000000000000000000, 0.000000000000000000 ) ) ;
#3709 = CARTESIAN_POINT ( 'NONE',  ( -6.320000000000002061, 0.6999999999999992895, -0.8750000000000000000 ) ) ;
#3710 = ADVANCED_FACE ( 'NONE', ( #8219 ), #4176, .F. ) ;
#3711 = LINE ( 'NONE', #786, #5443 ) ;
#3712 = CARTESIAN_POINT ( 'NONE',  ( 3.269999999999998685, 2.487234067916999525, 0.1137500000000000039 ) ) ;
#3713 = ORIENTED_EDGE ( 'NONE', *, *, #8241, .T. ) ;
#3714 = PLANE ( 'NONE',  #121 ) ;
#3715 = LINE ( 'NONE', #1757, #1593 ) ;
#3716 = CARTESIAN_POINT ( 'NONE',  ( 0.3199999999999982303, 6.899999999999999467, 0.3200000000000000067 ) ) ;
#3717 = EDGE_CURVE ( 'NONE', #3232, #4053, #6792, .T. ) ;
#3718 = VERTEX_POINT ( 'NONE', #5348 ) ;
#3719 = EDGE_CURVE ( 'NONE', #1385, #6945, #1869, .T. ) ;
#3720 = CARTESIAN_POINT ( 'NONE',  ( 3.319999999999998508, 2.487234067916999525, 0.1137500000000000039 ) ) ;
#3721 = DIRECTION ( 'NONE',  ( -0.000000000000000000, 1.000000000000000000, 0.000000000000000000 ) ) ;
#3722 = EDGE_CURVE ( 'NONE', #8786, #1361, #8489, .T. ) ;
#3723 = LINE ( 'NONE', #1585, #4259 ) ;
#3724 = DIRECTION ( 'NONE',  ( 0.000000000000000000, 0.000000000000000000, 1.000000000000000000 ) ) ;
#3725 = PLANE ( 'NONE',  #7545 ) ;
#3726 = FACE_OUTER_BOUND ( 'NONE', #4704, .T. ) ;
#3727 = EDGE_CURVE ( 'NONE', #3353, #3312, #3538, .T. ) ;
#3728 = ORIENTED_EDGE ( 'NONE', *, *, #7095, .T. ) ;
#3729 = CARTESIAN_POINT ( 'NONE',  ( -2.680000000000001936, 0.6999999999999992895, -0.3200000000000000067 ) ) ;
#3730 = EDGE_CURVE ( 'NONE', #2624, #437, #2046, .T. ) ;
#3731 = VERTEX_POINT ( 'NONE', #5656 ) ;
#3732 = LINE ( 'NONE', #158, #1069 ) ;
#3733 = FACE_OUTER_BOUND ( 'NONE', #7439, .T. ) ;
#3734 = CARTESIAN_POINT ( 'NONE',  ( 2.384999999999998010, -8.673617379884035472E-16, -1.270000000000000018 ) ) ;
#3735 = EDGE_LOOP ( 'NONE', ( #1918, #807, #2415, #2409, #9051 ) ) ;
#3736 = CARTESIAN_POINT ( 'NONE',  ( -4.750000000000001776, 3.299999999999999378, -1.250000000000000000 ) ) ;
#3737 = ORIENTED_EDGE ( 'NONE', *, *, #3612, .F. ) ;
#3739 = EDGE_CURVE ( 'NONE', #6594, #3681, #5394, .T. ) ;
#3738 = LINE ( 'NONE', #5815, #6173 ) ;
#3740 = VECTOR ( 'NONE', #3751, 1000.000000000000000 ) ;
#3741 = ORIENTED_EDGE ( 'NONE', *, *, #5166, .F. ) ;
#3742 = ORIENTED_EDGE ( 'NONE', *, *, #8754, .T. ) ;
#3743 = CARTESIAN_POINT ( 'NONE',  ( -12.32000000000000028, 1.349999999999999645, -1.050000000000000044 ) ) ;
#3744 = DIRECTION ( 'NONE',  ( 0.000000000000000000, -1.000000000000000000, 0.000000000000000000 ) ) ;
#3745 = VERTEX_POINT ( 'NONE', #1395 ) ;
#3746 = VERTEX_POINT ( 'NONE', #6047 ) ;
#3747 = FACE_OUTER_BOUND ( 'NONE', #5234, .T. ) ;
#3748 = DIRECTION ( 'NONE',  ( 0.000000000000000000, 0.000000000000000000, -1.000000000000000000 ) ) ;
#3749 = EDGE_CURVE ( 'NONE', #2529, #9054, #1, .T. ) ;
#3750 = CARTESIAN_POINT ( 'NONE',  ( -6.000000000000001776, -1.400000000000000133, 0.000000000000000000 ) ) ;
#3751 = DIRECTION ( 'NONE',  ( 0.000000000000000000, -1.000000000000000000, 0.000000000000000000 ) ) ;
#3752 = EDGE_CURVE ( 'NONE', #9146, #4190, #7055, .T. ) ;
#3753 = CARTESIAN_POINT ( 'NONE',  ( -11.88000000000000256, -3.180000000000000604, 0.1200000000000000094 ) ) ;
#3754 = CARTESIAN_POINT ( 'NONE',  ( -0.7500000000000015543, 9.049999999999998934, 1.930000000000000160 ) ) ;
#3755 = ORIENTED_EDGE ( 'NONE', *, *, #224, .T. ) ;
#3756 = DIRECTION ( 'NONE',  ( 0.000000000000000000, -1.000000000000000000, 0.000000000000000000 ) ) ;
#3757 = DIRECTION ( 'NONE',  ( 0.000000000000000000, 0.000000000000000000, 1.000000000000000000 ) ) ;
#3758 = CARTESIAN_POINT ( 'NONE',  ( -0.3200000000000017275, -2.580000000000000515, -0.3200000000000000067 ) ) ;
#3759 = VERTEX_POINT ( 'NONE', #1132 ) ;
#3760 = CARTESIAN_POINT ( 'NONE',  ( -11.68000000000000327, 3.299999999999999378, 0.3200000000000000067 ) ) ;
#3761 = ORIENTED_EDGE ( 'NONE', *, *, #1941, .T. ) ;
#3762 = FACE_OUTER_BOUND ( 'NONE', #6246, .T. ) ;
#3763 = CARTESIAN_POINT ( 'NONE',  ( -3.320000000000001616, -2.580000000000000515, -0.3200000000000000067 ) ) ;
#3764 = CARTESIAN_POINT ( 'NONE',  ( -11.68000000000000327, -3.180000000000000604, 0.3200000000000000067 ) ) ;
#3765 = PLANE ( 'NONE',  #7985 ) ;
#3766 = VERTEX_POINT ( 'NONE', #438 ) ;
#3767 = LINE ( 'NONE', #5896, #5247 ) ;
#3768 = ORIENTED_EDGE ( 'NONE', *, *, #5138, .T. ) ;
#3769 = EDGE_CURVE ( 'NONE', #3759, #7460, #6097, .T. ) ;
#3770 = DIRECTION ( 'NONE',  ( -1.000000000000000000, 0.000000000000000000, 0.000000000000000000 ) ) ;
#3771 = VECTOR ( 'NONE', #7957, 1000.000000000000000 ) ;
#3772 = ADVANCED_FACE ( 'NONE', ( #1617 ), #4396, .F. ) ;
#3773 = VECTOR ( 'NONE', #92, 1000.000000000000114 ) ;
#3774 = AXIS2_PLACEMENT_3D ( 'NONE', #1656, #7227, #4486 ) ;
#3775 = DIRECTION ( 'NONE',  ( 7.956598343147000224E-14, -1.000000000000000000, 0.000000000000000000 ) ) ;
#3776 = CARTESIAN_POINT ( 'NONE',  ( -12.32000000000000028, -8.673617379884035472E-16, -1.930000000000000160 ) ) ;
#3777 = EDGE_LOOP ( 'NONE', ( #9078, #8362, #4767, #2780 ) ) ;
#3778 = CARTESIAN_POINT ( 'NONE',  ( -6.120000000000001883, 7.500000000000000000, -0.1200000000000000094 ) ) ;
#3779 = ORIENTED_EDGE ( 'NONE', *, *, #1702, .F. ) ;
#3780 = DIRECTION ( 'NONE',  ( -1.000000000000000000, 0.000000000000000000, 0.000000000000000000 ) ) ;
#3781 = VERTEX_POINT ( 'NONE', #1526 ) ;
#3782 = ORIENTED_EDGE ( 'NONE', *, *, #8395, .T. ) ;
#3783 = VECTOR ( 'NONE', #8324, 1000.000000000000000 ) ;
#3784 = LINE ( 'NONE', #4478, #8443 ) ;
#3785 = LINE ( 'NONE', #8790, #3771 ) ;
#3786 = ORIENTED_EDGE ( 'NONE', *, *, #2755, .T. ) ;
#3787 = EDGE_CURVE ( 'NONE', #374, #204, #4447, .T. ) ;
#3788 = ORIENTED_EDGE ( 'NONE', *, *, #2019, .T. ) ;
#3789 = LINE ( 'NONE', #173, #878 ) ;
#3790 = DIRECTION ( 'NONE',  ( 0.000000000000000000, -1.000000000000000000, 0.000000000000000000 ) ) ;
#3791 = LINE ( 'NONE', #6619, #8661 ) ;
#3792 = DIRECTION ( 'NONE',  ( 0.000000000000000000, 1.000000000000000000, 0.000000000000000000 ) ) ;
#3794 = CARTESIAN_POINT ( 'NONE',  ( 2.384999999999998010, 1.849999999999999645, 2.469999999999999751 ) ) ;
#3793 = VECTOR ( 'NONE', #3089, 1000.000000000000000 ) ;
#3795 = VECTOR ( 'NONE', #7948, 1000.000000000000000 ) ;
#3796 = EDGE_CURVE ( 'NONE', #348, #8705, #4308, .T. ) ;
#3797 = CARTESIAN_POINT ( 'NONE',  ( -8.680000000000001492, 0.6999999999999992895, -0.3200000000000000067 ) ) ;
#3798 = ORIENTED_EDGE ( 'NONE', *, *, #7048, .T. ) ;
#3799 = CARTESIAN_POINT ( 'NONE',  ( -15.32000000000000206, 0.6699999999999995959, -0.8750000000000000000 ) ) ;
#3800 = CARTESIAN_POINT ( 'NONE',  ( -6.120000000000001883, 7.500000000000000000, 0.1200000000000000094 ) ) ;
#3801 = LINE ( 'NONE', #1628, #8368 ) ;
#3802 = VERTEX_POINT ( 'NONE', #4351 ) ;
#3803 = MECHANICAL_DESIGN_GEOMETRIC_PRESENTATION_REPRESENTATION (  '', ( #5577 ), #2625 ) ;
#3804 = EDGE_CURVE ( 'NONE', #6045, #7686, #5186, .T. ) ;
#3805 = DIRECTION ( 'NONE',  ( -0.000000000000000000, -0.3162277660168079652, -0.9486832980505238710 ) ) ;
#3806 = AXIS2_PLACEMENT_3D ( 'NONE', #1632, #7892, #5667 ) ;
#3807 = ORIENTED_EDGE ( 'NONE', *, *, #5454, .T. ) ;
#3808 = DIRECTION ( 'NONE',  ( 0.9486832980505238710, -0.3162277660168079652, 0.000000000000000000 ) ) ;
#3809 = VECTOR ( 'NONE', #5653, 1000.000000000000000 ) ;
#3810 = AXIS2_PLACEMENT_3D ( 'NONE', #1487, #4823, #4312 ) ;
#3811 = FACE_OUTER_BOUND ( 'NONE', #7044, .T. ) ;
#3812 = ORIENTED_EDGE ( 'NONE', *, *, #6693, .F. ) ;
#3813 = DIRECTION ( 'NONE',  ( 0.000000000000000000, 0.3162277660168079652, -0.9486832980505238710 ) ) ;
#3814 = CARTESIAN_POINT ( 'NONE',  ( -7.300000000000001599, 4.949999999999999289, 0.000000000000000000 ) ) ;
#3815 = EDGE_LOOP ( 'NONE', ( #7592, #721, #1815 ) ) ;
#3816 = FACE_OUTER_BOUND ( 'NONE', #680, .T. ) ;
#3817 = ORIENTED_EDGE ( 'NONE', *, *, #5644, .F. ) ;
#3818 = VECTOR ( 'NONE', #8885, 1000.000000000000000 ) ;
#3819 = CARTESIAN_POINT ( 'NONE',  ( -12.32000000000000028, 6.899999999999999467, 0.3200000000000000067 ) ) ;
#3820 = CARTESIAN_POINT ( 'NONE',  ( -15.32000000000000206, 8.500000000000000000, -1.250000000000000000 ) ) ;
#3821 = VECTOR ( 'NONE', #6412, 1000.000000000000000 ) ;
#3822 = FACE_OUTER_BOUND ( 'NONE', #956, .T. ) ;
#3823 = ORIENTED_EDGE ( 'NONE', *, *, #6394, .F. ) ;
#3824 = EDGE_CURVE ( 'NONE', #6841, #8708, #824, .T. ) ;
#3825 = CARTESIAN_POINT ( 'NONE',  ( -3.320000000000001616, 1.349999999999999645, 1.649999999999999911 ) ) ;
#3826 = ORIENTED_EDGE ( 'NONE', *, *, #6249, .T. ) ;
#3827 = CARTESIAN_POINT ( 'NONE',  ( -12.32000000000000028, 1.349999999999999645, -1.930000000000000160 ) ) ;
#3828 = EDGE_CURVE ( 'NONE', #2315, #9110, #783, .T. ) ;
#3829 = ORIENTED_EDGE ( 'NONE', *, *, #5368, .F. ) ;
#3830 = ORIENTED_EDGE ( 'NONE', *, *, #8163, .T. ) ;
#3831 = ADVANCED_FACE ( 'NONE', ( #7138 ), #7178, .T. ) ;
#3832 = FACE_OUTER_BOUND ( 'NONE', #3179, .T. ) ;
#3833 = CARTESIAN_POINT ( 'NONE',  ( -15.32000000000000206, -8.673617379884035472E-16, 2.469999999999999751 ) ) ;
#3834 = AXIS2_PLACEMENT_3D ( 'NONE', #9141, #4226, #831 ) ;
#3835 = LINE ( 'NONE', #306, #3361 ) ;
#3836 = ORIENTED_EDGE ( 'NONE', *, *, #6957, .F. ) ;
#3837 = VERTEX_POINT ( 'NONE', #5049 ) ;
#3838 = ORIENTED_EDGE ( 'NONE', *, *, #5913, .T. ) ;
#3839 = LINE ( 'NONE', #460, #439 ) ;
#3840 = CARTESIAN_POINT ( 'NONE',  ( -14.38500000000000156, 0.6699999999999995959, -1.270000000000000018 ) ) ;
#3841 = AXIS2_PLACEMENT_3D ( 'NONE', #613, #2608, #6233 ) ;
#3842 = EDGE_CURVE ( 'NONE', #5588, #4044, #3658, .T. ) ;
#3843 = LINE ( 'NONE', #5825, #7784 ) ;
#3844 = DIRECTION ( 'NONE',  ( 0.000000000000000000, 0.000000000000000000, 1.000000000000000000 ) ) ;
#3845 = VECTOR ( 'NONE', #2264, 1000.000000000000000 ) ;
#3846 = LINE ( 'NONE', #6575, #6264 ) ;
#3847 = LINE ( 'NONE', #273, #4832 ) ;
#3848 = ORIENTED_EDGE ( 'NONE', *, *, #5368, .T. ) ;
#3849 = CARTESIAN_POINT ( 'NONE',  ( -15.32000000000000206, 0.6699999999999995959, -0.8750000000000000000 ) ) ;
#3850 = CARTESIAN_POINT ( 'NONE',  ( -14.38500000000000156, 1.699999999999999734, 1.680000000000000160 ) ) ;
#3851 = CARTESIAN_POINT ( 'NONE',  ( -5.680000000000001492, -8.673617379884035472E-16, -1.930000000000000160 ) ) ;
#3852 = ORIENTED_EDGE ( 'NONE', *, *, #7847, .T. ) ;
#3853 = LINE ( 'NONE', #5933, #6952 ) ;
#3854 = ORIENTED_EDGE ( 'NONE', *, *, #4059, .F. ) ;
#3855 = DIRECTION ( 'NONE',  ( 0.000000000000000000, -1.000000000000000000, 0.000000000000000000 ) ) ;
#3856 = CARTESIAN_POINT ( 'NONE',  ( -4.250000000000001776, 9.899999999999998579, 1.250000000000000000 ) ) ;
#3857 = ORIENTED_EDGE ( 'NONE', *, *, #4153, .F. ) ;
#3858 = CARTESIAN_POINT ( 'NONE',  ( -11.68000000000000327, 0.6699999999999995959, -0.8750000000000000000 ) ) ;
#3859 = LINE ( 'NONE', #5894, #5471 ) ;
#3860 = AXIS2_PLACEMENT_3D ( 'NONE', #3750, #1700, #5921 ) ;
#3861 = VECTOR ( 'NONE', #6729, 1000.000000000000000 ) ;
#3862 = ORIENTED_EDGE ( 'NONE', *, *, #4625, .T. ) ;
#3863 = LINE ( 'NONE', #4604, #1848 ) ;
#3864 = VERTEX_POINT ( 'NONE', #6574 ) ;
#3865 = EDGE_CURVE ( 'NONE', #3068, #5283, #3616, .T. ) ;
#3866 = DIRECTION ( 'NONE',  ( 0.000000000000000000, 0.000000000000000000, -1.000000000000000000 ) ) ;
#3867 = EDGE_CURVE ( 'NONE', #1190, #8384, #2309, .T. ) ;
#3868 = CARTESIAN_POINT ( 'NONE',  ( -6.320000000000002061, -8.673617379884035472E-16, -1.930000000000000160 ) ) ;
#3869 = LINE ( 'NONE', #6695, #4265 ) ;
#3870 = ORIENTED_EDGE ( 'NONE', *, *, #4291, .F. ) ;
#3871 = PLANE ( 'NONE',  #3057 ) ;
#3872 = ORIENTED_EDGE ( 'NONE', *, *, #6391, .T. ) ;
#3873 = DIRECTION ( 'NONE',  ( 1.000000000000000000, 0.000000000000000000, 0.000000000000000000 ) ) ;
#3874 = ORIENTED_EDGE ( 'NONE', *, *, #8990, .F. ) ;
#3875 = ORIENTED_EDGE ( 'NONE', *, *, #8356, .T. ) ;
#3876 = PLANE ( 'NONE',  #6819 ) ;
#3877 = DIRECTION ( 'NONE',  ( 1.000000000000000000, 0.000000000000000000, 0.000000000000000000 ) ) ;
#3878 = CARTESIAN_POINT ( 'NONE',  ( 0.1199999999999977196, -3.180000000000000604, 0.1200000000000000094 ) ) ;
#3879 = VECTOR ( 'NONE', #8390, 1000.000000000000114 ) ;
#3880 = CARTESIAN_POINT ( 'NONE',  ( -9.120000000000000995, -3.180000000000000604, 0.1200000000000000094 ) ) ;
#3881 = ORIENTED_EDGE ( 'NONE', *, *, #4032, .F. ) ;
#3882 = ORIENTED_EDGE ( 'NONE', *, *, #4289, .T. ) ;
#3883 = AXIS2_PLACEMENT_3D ( 'NONE', #879, #8491, #5740 ) ;
#3884 = DIRECTION ( 'NONE',  ( 0.000000000000000000, 0.000000000000000000, -1.000000000000000000 ) ) ;
#3885 = DIRECTION ( 'NONE',  ( 0.000000000000000000, 0.000000000000000000, -1.000000000000000000 ) ) ;
#3886 = DIRECTION ( 'NONE',  ( 0.000000000000000000, 0.000000000000000000, 1.000000000000000000 ) ) ;
#3887 = LINE ( 'NONE', #270, #1076 ) ;
#3888 = VECTOR ( 'NONE', #410, 1000.000000000000000 ) ;
#3889 = EDGE_CURVE ( 'NONE', #297, #3766, #6444, .T. ) ;
#3890 = DIRECTION ( 'NONE',  ( 1.000000000000000000, 0.000000000000000000, 0.000000000000000000 ) ) ;
#3891 = EDGE_CURVE ( 'NONE', #8288, #6376, #8012, .T. ) ;
#3892 = CARTESIAN_POINT ( 'NONE',  ( 0.3199999999999982303, 0.6999999999999992895, 1.649999999999999911 ) ) ;
#3893 = ORIENTED_EDGE ( 'NONE', *, *, #1796, .T. ) ;
#3894 = CARTESIAN_POINT ( 'NONE',  ( -2.680000000000001936, 0.6999999999999992895, -0.3200000000000000067 ) ) ;
#3895 = EDGE_CURVE ( 'NONE', #6008, #4883, #4268, .T. ) ;
#3896 = CARTESIAN_POINT ( 'NONE',  ( 2.359999999999997655, 1.849999999999999645, 1.930000000000000160 ) ) ;
#3897 = LINE ( 'NONE', #3199, #1857 ) ;
#3898 = EDGE_LOOP ( 'NONE', ( #7867, #6194, #3595, #7166 ) ) ;
#3899 = DIRECTION ( 'NONE',  ( 0.000000000000000000, -1.000000000000000000, 0.000000000000000000 ) ) ;
#3900 = ORIENTED_EDGE ( 'NONE', *, *, #4661, .T. ) ;
#3901 = CARTESIAN_POINT ( 'NONE',  ( -2.680000000000001936, 6.899999999999999467, 0.3200000000000000067 ) ) ;
#3902 = FACE_OUTER_BOUND ( 'NONE', #2253, .T. ) ;
#3903 = EDGE_LOOP ( 'NONE', ( #5713, #6354, #3389, #1818 ) ) ;
#3904 = CARTESIAN_POINT ( 'NONE',  ( -1.250000000000001998, 3.299999999999999378, 1.250000000000000000 ) ) ;
#3905 = CARTESIAN_POINT ( 'NONE',  ( -15.32000000000000206, 1.269999999999999352, 1.270000000000000018 ) ) ;
#3906 = ORIENTED_EDGE ( 'NONE', *, *, #5084, .F. ) ;
#3907 = DIRECTION ( 'NONE',  ( -1.000000000000000000, 0.000000000000000000, 0.000000000000000000 ) ) ;
#3908 = ORIENTED_EDGE ( 'NONE', *, *, #8104, .F. ) ;
#3909 = ORIENTED_EDGE ( 'NONE', *, *, #6105, .T. ) ;
#3910 = FACE_OUTER_BOUND ( 'NONE', #1669, .T. ) ;
#3911 = LINE ( 'NONE', #2572, #2464 ) ;
#3912 = ADVANCED_FACE ( 'NONE', ( #5876 ), #7101, .T. ) ;
#3913 = DIRECTION ( 'NONE',  ( 0.000000000000000000, 0.000000000000000000, -1.000000000000000000 ) ) ;
#3914 = ORIENTED_EDGE ( 'NONE', *, *, #5925, .T. ) ;
#3915 = LINE ( 'NONE', #7483, #95 ) ;
#3916 = VERTEX_POINT ( 'NONE', #221 ) ;
#3917 = EDGE_CURVE ( 'NONE', #7570, #2619, #5784, .T. ) ;
#3918 = CARTESIAN_POINT ( 'NONE',  ( -11.68000000000000327, 0.6999999999999992895, 1.649999999999999911 ) ) ;
#3919 = VERTEX_POINT ( 'NONE', #744 ) ;
#3920 = VERTEX_POINT ( 'NONE', #7229 ) ;
#3921 = EDGE_CURVE ( 'NONE', #8483, #5027, #6403, .T. ) ;
#3922 = FACE_OUTER_BOUND ( 'NONE', #6545, .T. ) ;
#3923 = ADVANCED_FACE ( 'NONE', ( #5694 ), #5007, .T. ) ;
#3924 = CARTESIAN_POINT ( 'NONE',  ( -6.120000000000001883, -3.180000000000000604, -0.1200000000000000094 ) ) ;
#3925 = VECTOR ( 'NONE', #288, 1000.000000000000000 ) ;
#3926 = PLANE ( 'NONE',  #7360 ) ;
#3927 = CARTESIAN_POINT ( 'NONE',  ( -6.320000000000002061, 0.6999999999999992895, 1.649999999999999911 ) ) ;
#3928 = ORIENTED_EDGE ( 'NONE', *, *, #7956, .T. ) ;
#3929 = ORIENTED_EDGE ( 'NONE', *, *, #9158, .T. ) ;
#3930 = DIRECTION ( 'NONE',  ( 0.000000000000000000, 0.000000000000000000, 1.000000000000000000 ) ) ;
#3931 = CARTESIAN_POINT ( 'NONE',  ( 2.359999999999997655, 9.459999999999999076, 1.930000000000000160 ) ) ;
#3932 = VECTOR ( 'NONE', #6171, 1000.000000000000000 ) ;
#3933 = CARTESIAN_POINT ( 'NONE',  ( -5.450000000000001954, 9.899999999999998579, 1.250000000000000000 ) ) ;
#3934 = LINE ( 'NONE', #3147, #3888 ) ;
#3935 = LINE ( 'NONE', #8758, #666 ) ;
#3936 = CARTESIAN_POINT ( 'NONE',  ( -15.02000000000000135, -1.400000000000000133, 2.169999999999999929 ) ) ;
#3937 = ORIENTED_EDGE ( 'NONE', *, *, #2898, .T. ) ;
#3938 = PLANE ( 'NONE',  #6796 ) ;
#3939 = ADVANCED_FACE ( 'NONE', ( #5326 ), #8198, .T. ) ;
#3940 = CARTESIAN_POINT ( 'NONE',  ( -6.320000000000002061, 1.349999999999999645, 1.649999999999999911 ) ) ;
#3941 = FACE_OUTER_BOUND ( 'NONE', #1094, .T. ) ;
#3942 = EDGE_CURVE ( 'NONE', #2775, #7331, #4529, .T. ) ;
#3943 = EDGE_CURVE ( 'NONE', #2775, #2959, #3934, .T. ) ;
#3944 = LINE ( 'NONE', #5426, #6361 ) ;
#3945 = VECTOR ( 'NONE', #5683, 1000.000000000000000 ) ;
#3946 = VECTOR ( 'NONE', #8646, 1000.000000000000114 ) ;
#3947 = LINE ( 'NONE', #3901, #4304 ) ;
#3948 = LINE ( 'NONE', #5339, #3529 ) ;
#3949 = ORIENTED_EDGE ( 'NONE', *, *, #7621, .F. ) ;
#3950 = DIRECTION ( 'NONE',  ( 1.000000000000000000, 0.000000000000000000, 0.000000000000000000 ) ) ;
#3951 = DIRECTION ( 'NONE',  ( 0.000000000000000000, 1.000000000000000000, 0.000000000000000000 ) ) ;
#3952 = VECTOR ( 'NONE', #5579, 1000.000000000000000 ) ;
#3953 = AXIS2_PLACEMENT_3D ( 'NONE', #1234, #530, #6147 ) ;
#3954 = ORIENTED_EDGE ( 'NONE', *, *, #8141, .F. ) ;
#3955 = FACE_OUTER_BOUND ( 'NONE', #2674, .T. ) ;
#3956 = VERTEX_POINT ( 'NONE', #1844 ) ;
#3957 = ORIENTED_EDGE ( 'NONE', *, *, #7596, .F. ) ;
#3958 = DIRECTION ( 'NONE',  ( 1.000000000000000000, 0.000000000000000000, 0.000000000000000000 ) ) ;
#3959 = VECTOR ( 'NONE', #3575, 1000.000000000000000 ) ;
#3960 = LINE ( 'NONE', #2472, #6548 ) ;
#3961 = VECTOR ( 'NONE', #3581, 1000.000000000000000 ) ;
#3962 = LINE ( 'NONE', #5397, #7649 ) ;
#3963 = CARTESIAN_POINT ( 'NONE',  ( -2.680000000000001936, 0.6999999999999992895, 0.8750000000000000000 ) ) ;
#3964 = VERTEX_POINT ( 'NONE', #2548 ) ;
#3965 = DIRECTION ( 'NONE',  ( 0.000000000000000000, 1.000000000000000000, 0.000000000000000000 ) ) ;
#3966 = ORIENTED_EDGE ( 'NONE', *, *, #8707, .T. ) ;
#3967 = VECTOR ( 'NONE', #6979, 1000.000000000000000 ) ;
#3968 = CARTESIAN_POINT ( 'NONE',  ( -11.68000000000000327, 7.500000000000000000, -0.3200000000000000067 ) ) ;
#3969 = VECTOR ( 'NONE', #6321, 1000.000000000000000 ) ;
#3970 = ORIENTED_EDGE ( 'NONE', *, *, #3399, .T. ) ;
#3971 = ORIENTED_EDGE ( 'NONE', *, *, #5747, .F. ) ;
#3972 = CARTESIAN_POINT ( 'NONE',  ( -12.55000000000000249, 9.899999999999998579, 1.250000000000000000 ) ) ;
#3973 = DIRECTION ( 'NONE',  ( 0.000000000000000000, -1.000000000000000000, 0.000000000000000000 ) ) ;
#3974 = PLANE ( 'NONE',  #8245 ) ;
#3975 = AXIS2_PLACEMENT_3D ( 'NONE', #1862, #1079, #1221 ) ;
#3976 = LINE ( 'NONE', #5498, #2482 ) ;
#3977 = ORIENTED_EDGE ( 'NONE', *, *, #4724, .F. ) ;
#3978 = VERTEX_POINT ( 'NONE', #361 ) ;
#3979 = FACE_OUTER_BOUND ( 'NONE', #8603, .T. ) ;
#3980 = DIRECTION ( 'NONE',  ( 1.000000000000000000, 0.000000000000000000, 0.000000000000000000 ) ) ;
#3981 = CARTESIAN_POINT ( 'NONE',  ( 3.319999999999998508, 2.699999999999999734, -0.04250000000000000305 ) ) ;
#3982 = AXIS2_PLACEMENT_3D ( 'NONE', #8909, #4039, #4080 ) ;
#3983 = ADVANCED_FACE ( 'NONE', ( #4582 ), #1701, .T. ) ;
#3984 = DIRECTION ( 'NONE',  ( 0.9486832980505238710, -0.3162277660168079652, 0.000000000000000000 ) ) ;
#3985 = AXIS2_PLACEMENT_3D ( 'NONE', #2969, #2432, #3973 ) ;
#3986 = CARTESIAN_POINT ( 'NONE',  ( -3.320000000000001616, -8.673617379884035472E-16, -1.930000000000000160 ) ) ;
#3987 = EDGE_LOOP ( 'NONE', ( #8259, #4929, #7091, #1008, #2152 ) ) ;
#3988 = CARTESIAN_POINT ( 'NONE',  ( 0.3199999999999982303, 3.299999999999999378, 0.3200000000000000067 ) ) ;
#3989 = VECTOR ( 'NONE', #6734, 1000.000000000000000 ) ;
#3990 = CARTESIAN_POINT ( 'NONE',  ( -5.680000000000001492, 0.6999999999999992895, -0.3200000000000000067 ) ) ;
#3991 = FACE_OUTER_BOUND ( 'NONE', #4346, .T. ) ;
#3992 = LINE ( 'NONE', #1992, #5305 ) ;
#3993 = FACE_OUTER_BOUND ( 'NONE', #32, .T. ) ;
#3994 = EDGE_CURVE ( 'NONE', #6833, #5211, #1013, .T. ) ;
#3995 = VECTOR ( 'NONE', #6704, 1000.000000000000000 ) ;
#3996 = DIRECTION ( 'NONE',  ( 0.000000000000000000, 1.000000000000000000, 0.000000000000000000 ) ) ;
#3997 = EDGE_CURVE ( 'NONE', #4808, #1286, #8799, .T. ) ;
#3998 = ORIENTED_EDGE ( 'NONE', *, *, #7400, .T. ) ;
#4000 = EDGE_CURVE ( 'NONE', #5500, #2856, #5968, .T. ) ;
#3999 = CARTESIAN_POINT ( 'NONE',  ( 3.319999999999998508, 3.299999999999999378, -1.930000000000000160 ) ) ;
#4001 = DIRECTION ( 'NONE',  ( 0.000000000000000000, 0.000000000000000000, -1.000000000000000000 ) ) ;
#4002 = EDGE_CURVE ( 'NONE', #9011, #2619, #962, .T. ) ;
#4003 = ORIENTED_EDGE ( 'NONE', *, *, #2740, .T. ) ;
#4004 = LINE ( 'NONE', #4187, #3698 ) ;
#4005 = CARTESIAN_POINT ( 'NONE',  ( -4.250000000000001776, 9.899999999999998579, -1.250000000000000000 ) ) ;
#4006 = ORIENTED_EDGE ( 'NONE', *, *, #496, .F. ) ;
#4007 = ORIENTED_EDGE ( 'NONE', *, *, #5051, .F. ) ;
#4008 = DIRECTION ( 'NONE',  ( -1.000000000000000000, 0.000000000000000000, 0.000000000000000000 ) ) ;
#4009 = EDGE_CURVE ( 'NONE', #5252, #5955, #4674, .T. ) ;
#4010 = ORIENTED_EDGE ( 'NONE', *, *, #124, .T. ) ;
#4011 = ADVANCED_FACE ( 'NONE', ( #3293 ), #2443, .T. ) ;
#4012 = CARTESIAN_POINT ( 'NONE',  ( -9.220000000000002416, 7.200000000000000178, 0.000000000000000000 ) ) ;
#4013 = LINE ( 'NONE', #2573, #2638 ) ;
#4014 = ORIENTED_EDGE ( 'NONE', *, *, #3303, .F. ) ;
#4015 = LINE ( 'NONE', #6288, #246 ) ;
#4016 = ORIENTED_EDGE ( 'NONE', *, *, #6069, .F. ) ;
#4017 = PLANE ( 'NONE',  #239 ) ;
#4018 = ORIENTED_EDGE ( 'NONE', *, *, #7034, .T. ) ;
#4019 = EDGE_LOOP ( 'NONE', ( #3467, #6475, #7844, #998 ) ) ;
#4020 = CARTESIAN_POINT ( 'NONE',  ( -2.680000000000001936, 6.899999999999999467, -0.3200000000000000067 ) ) ;
#4021 = CARTESIAN_POINT ( 'NONE',  ( -5.680000000000001492, 0.6999999999999992895, 0.3200000000000000067 ) ) ;
#4022 = LINE ( 'NONE', #6328, #4580 ) ;
#4023 = CARTESIAN_POINT ( 'NONE',  ( -8.880000000000002558, -3.180000000000000604, 0.1200000000000000094 ) ) ;
#4024 = DIRECTION ( 'NONE',  ( 0.000000000000000000, 0.000000000000000000, 1.000000000000000000 ) ) ;
#4025 = ORIENTED_EDGE ( 'NONE', *, *, #6742, .T. ) ;
#4026 = VERTEX_POINT ( 'NONE', #5922 ) ;
#4027 = DIRECTION ( 'NONE',  ( 1.000000000000000000, 0.000000000000000000, 0.000000000000000000 ) ) ;
#4028 = CARTESIAN_POINT ( 'NONE',  ( -9.320000000000002061, 0.6999999999999992895, 0.8750000000000000000 ) ) ;
#4029 = LINE ( 'NONE', #9035, #5215 ) ;
#4030 = VECTOR ( 'NONE', #2968, 1000.000000000000000 ) ;
#4031 = VERTEX_POINT ( 'NONE', #8755 ) ;
#4032 = EDGE_CURVE ( 'NONE', #5538, #370, #2592, .T. ) ;
#4033 = FACE_OUTER_BOUND ( 'NONE', #2124, .T. ) ;
#4034 = ORIENTED_EDGE ( 'NONE', *, *, #4942, .F. ) ;
#4035 = PLANE ( 'NONE',  #2783 ) ;
#4036 = PLANE ( 'NONE',  #2486 ) ;
#4037 = CARTESIAN_POINT ( 'NONE',  ( -6.000000000000001776, 7.200000000000000178, -0.2200000000000000011 ) ) ;
#4038 = AXIS2_PLACEMENT_3D ( 'NONE', #4121, #6304, #6953 ) ;
#4039 = DIRECTION ( 'NONE',  ( 0.000000000000000000, -1.000000000000000000, 0.000000000000000000 ) ) ;
#4040 = EDGE_CURVE ( 'NONE', #3353, #4623, #314, .T. ) ;
#4041 = EDGE_CURVE ( 'NONE', #731, #7127, #3887, .T. ) ;
#4042 = CARTESIAN_POINT ( 'NONE',  ( -11.68000000000000327, 0.6699999999999995959, 0.8750000000000000000 ) ) ;
#4043 = DIRECTION ( 'NONE',  ( 0.000000000000000000, -1.000000000000000000, 0.000000000000000000 ) ) ;
#4044 = VERTEX_POINT ( 'NONE', #5418 ) ;
#4045 = LINE ( 'NONE', #4084, #2939 ) ;
#4046 = ORIENTED_EDGE ( 'NONE', *, *, #8681, .T. ) ;
#4047 = CARTESIAN_POINT ( 'NONE',  ( -8.680000000000001492, 0.6999999999999992895, 0.8750000000000000000 ) ) ;
#4048 = DIRECTION ( 'NONE',  ( 0.000000000000000000, 0.000000000000000000, 1.000000000000000000 ) ) ;
#4049 = ORIENTED_EDGE ( 'NONE', *, *, #2682, .F. ) ;
#4050 = ORIENTED_EDGE ( 'NONE', *, *, #3563, .T. ) ;
#4051 = DIRECTION ( 'NONE',  ( 0.000000000000000000, 0.000000000000000000, 1.000000000000000000 ) ) ;
#4052 = CARTESIAN_POINT ( 'NONE',  ( -13.93500000000000050, 0.6699999999999995959, 1.270000000000000018 ) ) ;
#4053 = VERTEX_POINT ( 'NONE', #4487 ) ;
#4054 = PLANE ( 'NONE',  #7650 ) ;
#4055 = EDGE_LOOP ( 'NONE', ( #2122, #4515, #6337, #6101, #4464, #36 ) ) ;
#4056 = EDGE_CURVE ( 'NONE', #1774, #1225, #1106, .T. ) ;
#4057 = EDGE_LOOP ( 'NONE', ( #5403, #1476, #4607, #2234, #1880, #5206, #8209, #529 ) ) ;
#4058 = VERTEX_POINT ( 'NONE', #7362 ) ;
#4059 = EDGE_CURVE ( 'NONE', #8247, #4227, #6015, .T. ) ;
#4060 = LINE ( 'NONE', #4756, #9180 ) ;
#4061 = DIRECTION ( 'NONE',  ( 0.000000000000000000, -1.000000000000000000, 0.000000000000000000 ) ) ;
#4062 = DIRECTION ( 'NONE',  ( 0.000000000000000000, 0.000000000000000000, -1.000000000000000000 ) ) ;
#4063 = ORIENTED_EDGE ( 'NONE', *, *, #5562, .T. ) ;
#4064 = VERTEX_POINT ( 'NONE', #6620 ) ;
#4065 = ORIENTED_EDGE ( 'NONE', *, *, #2117, .T. ) ;
#4066 = CARTESIAN_POINT ( 'NONE',  ( -0.7500000000000015543, 9.049999999999998934, 1.930000000000000160 ) ) ;
#4067 = DIRECTION ( 'NONE',  ( -1.000000000000000000, 0.000000000000000000, 0.000000000000000000 ) ) ;
#4068 = ORIENTED_EDGE ( 'NONE', *, *, #6394, .T. ) ;
#4069 = VERTEX_POINT ( 'NONE', #2400 ) ;
#4070 = VECTOR ( 'NONE', #1915, 1000.000000000000114 ) ;
#4071 = PLANE ( 'NONE',  #1813 ) ;
#4072 = EDGE_CURVE ( 'NONE', #1329, #243, #5227, .T. ) ;
#4073 = VECTOR ( 'NONE', #7054, 1000.000000000000000 ) ;
#4074 = ORIENTED_EDGE ( 'NONE', *, *, #1651, .T. ) ;
#4075 = DIRECTION ( 'NONE',  ( 0.7071067811865474617, 0.7071067811865474617, 0.000000000000000000 ) ) ;
#4076 = ORIENTED_EDGE ( 'NONE', *, *, #3332, .T. ) ;
#4077 = LINE ( 'NONE', #1803, #3070 ) ;
#4078 = FACE_OUTER_BOUND ( 'NONE', #4055, .T. ) ;
#4079 = CARTESIAN_POINT ( 'NONE',  ( -11.25000000000000355, 1.849999999999999645, 2.429999999999999716 ) ) ;
#4080 = DIRECTION ( 'NONE',  ( 0.000000000000000000, 0.000000000000000000, 1.000000000000000000 ) ) ;
#4081 = DIRECTION ( 'NONE',  ( 0.000000000000000000, 0.000000000000000000, -1.000000000000000000 ) ) ;
#4082 = FACE_OUTER_BOUND ( 'NONE', #5432, .T. ) ;
#4083 = VERTEX_POINT ( 'NONE', #6999 ) ;
#4084 = CARTESIAN_POINT ( 'NONE',  ( 0.3199999999999982303, 0.6699999999999995959, -1.270000000000000018 ) ) ;
#4085 = ORIENTED_EDGE ( 'NONE', *, *, #1806, .T. ) ;
#4086 = EDGE_CURVE ( 'NONE', #6759, #3178, #5603, .T. ) ;
#4087 = DIRECTION ( 'NONE',  ( 0.000000000000000000, 0.000000000000000000, -1.000000000000000000 ) ) ;
#4088 = DIRECTION ( 'NONE',  ( 0.000000000000000000, 0.000000000000000000, 1.000000000000000000 ) ) ;
#4089 = VERTEX_POINT ( 'NONE', #1208 ) ;
#4090 = VECTOR ( 'NONE', #1645, 1000.000000000000000 ) ;
#4091 = VERTEX_POINT ( 'NONE', #7637 ) ;
#4092 = AXIS2_PLACEMENT_3D ( 'NONE', #6393, #7906, #7824 ) ;
#4093 = VECTOR ( 'NONE', #1090, 1000.000000000000000 ) ;
#4094 = PLANE ( 'NONE',  #98 ) ;
#4095 = CARTESIAN_POINT ( 'NONE',  ( -9.320000000000002061, 1.269999999999999352, 0.8750000000000000000 ) ) ;
#4096 = ORIENTED_EDGE ( 'NONE', *, *, #5134, .F. ) ;
#4097 = DIRECTION ( 'NONE',  ( -0.3015113445777909407, 0.9045340337332726799, -0.3015113445777909407 ) ) ;
#4098 = ORIENTED_EDGE ( 'NONE', *, *, #1316, .F. ) ;
#4099 = ORIENTED_EDGE ( 'NONE', *, *, #6257, .F. ) ;
#4100 = ORIENTED_EDGE ( 'NONE', *, *, #769, .T. ) ;
#4101 = VECTOR ( 'NONE', #6051, 1000.000000000000000 ) ;
#4102 = LINE ( 'NONE', #534, #2949 ) ;
#4103 = CARTESIAN_POINT ( 'NONE',  ( -11.68000000000000327, 0.6999999999999992895, 0.3200000000000000067 ) ) ;
#4104 = EDGE_CURVE ( 'NONE', #5413, #4551, #597, .T. ) ;
#4105 = SURFACE_STYLE_USAGE ( .BOTH. , #1281 ) ;
#4106 = VECTOR ( 'NONE', #7644, 1000.000000000000000 ) ;
#4107 = FACE_BOUND ( 'NONE', #8794, .T. ) ;
#4108 = VECTOR ( 'NONE', #5664, 1000.000000000000000 ) ;
#4109 = AXIS2_PLACEMENT_3D ( 'NONE', #8492, #5520, #7796 ) ;
#4110 = ORIENTED_EDGE ( 'NONE', *, *, #6665, .T. ) ;
#4111 = VERTEX_POINT ( 'NONE', #4168 ) ;
#4112 = EDGE_CURVE ( 'NONE', #4546, #1128, #3434, .T. ) ;
#4113 = ORIENTED_EDGE ( 'NONE', *, *, #3442, .T. ) ;
#4114 = DIRECTION ( 'NONE',  ( 0.000000000000000000, -1.000000000000000000, 0.000000000000000000 ) ) ;
#4115 = EDGE_CURVE ( 'NONE', #3745, #1647, #4029, .T. ) ;
#4116 = DIRECTION ( 'NONE',  ( 1.000000000000000000, 0.000000000000000000, 0.000000000000000000 ) ) ;
#4117 = VECTOR ( 'NONE', #6126, 1000.000000000000000 ) ;
#4118 = EDGE_CURVE ( 'NONE', #7460, #7631, #4811, .T. ) ;
#4119 = ORIENTED_EDGE ( 'NONE', *, *, #3663, .T. ) ;
#4120 = VERTEX_POINT ( 'NONE', #4861 ) ;
#4121 = CARTESIAN_POINT ( 'NONE',  ( 3.319999999999998508, 3.299999999999999378, -1.930000000000000160 ) ) ;
#4122 = VECTOR ( 'NONE', #8471, 1000.000000000000000 ) ;
#4123 = VERTEX_POINT ( 'NONE', #8239 ) ;
#4124 = EDGE_CURVE ( 'NONE', #3681, #6661, #549, .T. ) ;
#4125 = VECTOR ( 'NONE', #3449, 1000.000000000000000 ) ;
#4126 = LINE ( 'NONE', #9084, #1136 ) ;
#4127 = EDGE_LOOP ( 'NONE', ( #7902, #8264, #4948, #2953 ) ) ;
#4128 = DIRECTION ( 'NONE',  ( 0.000000000000000000, 0.000000000000000000, 1.000000000000000000 ) ) ;
#4129 = VECTOR ( 'NONE', #8529, 1000.000000000000114 ) ;
#4130 = LINE ( 'NONE', #8907, #7244 ) ;
#4131 = DIRECTION ( 'NONE',  ( -1.000000000000000000, 0.000000000000000000, 0.000000000000000000 ) ) ;
#4132 = CARTESIAN_POINT ( 'NONE',  ( -8.680000000000001492, -8.673617379884035472E-16, 1.680000000000000160 ) ) ;
#4133 = ADVANCED_FACE ( 'NONE', ( #1294 ), #8987, .T. ) ;
#4134 = VECTOR ( 'NONE', #7626, 1000.000000000000000 ) ;
#4135 = CARTESIAN_POINT ( 'NONE',  ( -4.250000000000001776, 3.299999999999999378, -1.250000000000000000 ) ) ;
#4136 = CARTESIAN_POINT ( 'NONE',  ( -9.320000000000002061, 0.6699999999999995959, 1.270000000000000018 ) ) ;
#4137 = VECTOR ( 'NONE', #6785, 1000.000000000000000 ) ;
#4138 = ORIENTED_EDGE ( 'NONE', *, *, #4224, .T. ) ;
#4139 = FACE_OUTER_BOUND ( 'NONE', #8261, .T. ) ;
#4140 = EDGE_LOOP ( 'NONE', ( #789, #5768, #380, #7684 ) ) ;
#4141 = CARTESIAN_POINT ( 'NONE',  ( 2.359999999999997655, 1.849999999999999645, 1.930000000000000160 ) ) ;
#4142 = DIRECTION ( 'NONE',  ( 0.000000000000000000, -1.000000000000000000, 0.000000000000000000 ) ) ;
#4143 = ORIENTED_EDGE ( 'NONE', *, *, #8301, .F. ) ;
#4144 = AXIS2_PLACEMENT_3D ( 'NONE', #4198, #4630, #7033 ) ;
#4145 = ORIENTED_EDGE ( 'NONE', *, *, #2444, .F. ) ;
#4146 = VECTOR ( 'NONE', #5866, 1000.000000000000000 ) ;
#4147 = CARTESIAN_POINT ( 'NONE',  ( -8.680000000000001492, -2.580000000000000515, -0.3200000000000000067 ) ) ;
#4148 = DIRECTION ( 'NONE',  ( 0.000000000000000000, -1.000000000000000000, 0.000000000000000000 ) ) ;
#4149 = EDGE_CURVE ( 'NONE', #5581, #4694, #1249, .T. ) ;
#4150 = VERTEX_POINT ( 'NONE', #5506 ) ;
#4151 = CARTESIAN_POINT ( 'NONE',  ( -6.320000000000002061, 0.6999999999999992895, 0.3200000000000000067 ) ) ;
#4152 = EDGE_LOOP ( 'NONE', ( #8931, #6326, #6439, #1514, #7896, #2802, #8760, #6678 ) ) ;
#4153 = EDGE_CURVE ( 'NONE', #6299, #915, #6355, .T. ) ;
#4154 = ORIENTED_EDGE ( 'NONE', *, *, #1667, .F. ) ;
#4155 = DIRECTION ( 'NONE',  ( 0.000000000000000000, 0.000000000000000000, -1.000000000000000000 ) ) ;
#4156 = ORIENTED_EDGE ( 'NONE', *, *, #3637, .F. ) ;
#4157 = DIRECTION ( 'NONE',  ( -1.000000000000000000, 0.000000000000000000, 0.000000000000000000 ) ) ;
#4158 = CARTESIAN_POINT ( 'NONE',  ( 0.3199999999999982303, 7.500000000000000000, 0.3200000000000000067 ) ) ;
#4159 = ADVANCED_FACE ( 'NONE', ( #2637 ), #4071, .T. ) ;
#4160 = CARTESIAN_POINT ( 'NONE',  ( -4.250000000000001776, 9.899999999999998579, 1.250000000000000000 ) ) ;
#4161 = ORIENTED_EDGE ( 'NONE', *, *, #159, .T. ) ;
#4162 = ORIENTED_EDGE ( 'NONE', *, *, #3249, .T. ) ;
#4163 = ORIENTED_EDGE ( 'NONE', *, *, #2112, .F. ) ;
#4164 = CARTESIAN_POINT ( 'NONE',  ( 0.1199999999999977196, 7.500000000000000000, -0.1200000000000000094 ) ) ;
#4165 = DIRECTION ( 'NONE',  ( 0.000000000000000000, 0.000000000000000000, 1.000000000000000000 ) ) ;
#4166 = ORIENTED_EDGE ( 'NONE', *, *, #914, .F. ) ;
#4167 = EDGE_LOOP ( 'NONE', ( #4660, #571, #3157, #1341 ) ) ;
#4168 = CARTESIAN_POINT ( 'NONE',  ( 0.3199999999999982303, 0.6699999999999995959, 0.8750000000000000000 ) ) ;
#4169 = EDGE_LOOP ( 'NONE', ( #7990, #7262, #4405, #1978 ) ) ;
#4170 = PLANE ( 'NONE',  #1433 ) ;
#4171 = DIRECTION ( 'NONE',  ( 0.000000000000000000, 0.000000000000000000, -1.000000000000000000 ) ) ;
#4172 = CARTESIAN_POINT ( 'NONE',  ( 0.3199999999999982303, 1.349999999999999645, -1.930000000000000160 ) ) ;
#4173 = DIRECTION ( 'NONE',  ( 0.000000000000000000, -1.000000000000000000, 0.000000000000000000 ) ) ;
#4174 = DIRECTION ( 'NONE',  ( 0.000000000000000000, 0.000000000000000000, -1.000000000000000000 ) ) ;
#4175 = ADVANCED_FACE ( 'NONE', ( #1895 ), #6215, .T. ) ;
#4176 = PLANE ( 'NONE',  #4769 ) ;
#4177 = FACE_OUTER_BOUND ( 'NONE', #7959, .T. ) ;
#4178 = ADVANCED_FACE ( 'NONE', ( #8334, #1984 ), #1387, .F. ) ;
#4179 = CARTESIAN_POINT ( 'NONE',  ( -13.92000000000000171, 8.500000000000000000, -1.250000000000000000 ) ) ;
#4180 = EDGE_CURVE ( 'NONE', #1350, #4249, #9123, .T. ) ;
#4181 = CARTESIAN_POINT ( 'NONE',  ( -11.88000000000000256, 7.500000000000000000, -0.1200000000000000094 ) ) ;
#4182 = CARTESIAN_POINT ( 'NONE',  ( 0.3199999999999982303, 0.6999999999999992895, 0.3200000000000000067 ) ) ;
#4183 = AXIS2_PLACEMENT_3D ( 'NONE', #1775, #6048, #2336 ) ;
#4184 = VERTEX_POINT ( 'NONE', #8437 ) ;
#4185 = CARTESIAN_POINT ( 'NONE',  ( -15.32000000000000206, -8.673617379884035472E-16, 1.270000000000000018 ) ) ;
#4186 = EDGE_LOOP ( 'NONE', ( #4194, #4698, #4113, #3160 ) ) ;
#4187 = CARTESIAN_POINT ( 'NONE',  ( -14.97000000000000242, -1.400000000000000133, 2.169999999999999929 ) ) ;
#4188 = CARTESIAN_POINT ( 'NONE',  ( -15.02000000000000135, -1.400000000000000133, 1.869999999999999885 ) ) ;
#4189 = EDGE_LOOP ( 'NONE', ( #2054, #2207, #7060, #5499, #4797, #8315, #7720, #9074 ) ) ;
#4190 = VERTEX_POINT ( 'NONE', #8380 ) ;
#4191 = DIRECTION ( 'NONE',  ( 0.000000000000000000, 0.000000000000000000, -1.000000000000000000 ) ) ;
#4192 = DIRECTION ( 'NONE',  ( 0.000000000000000000, 1.000000000000000000, 0.000000000000000000 ) ) ;
#4193 = DIRECTION ( 'NONE',  ( 0.9486832980505238710, 0.3162277660168079652, -0.000000000000000000 ) ) ;
#4194 = ORIENTED_EDGE ( 'NONE', *, *, #1258, .F. ) ;
#4195 = LINE ( 'NONE', #1273, #3524 ) ;
#4196 = ORIENTED_EDGE ( 'NONE', *, *, #4499, .F. ) ;
#4197 = ORIENTED_EDGE ( 'NONE', *, *, #5373, .F. ) ;
#4198 = CARTESIAN_POINT ( 'NONE',  ( -12.32000000000000028, 1.349999999999999645, -1.930000000000000160 ) ) ;
#4199 = CARTESIAN_POINT ( 'NONE',  ( -9.320000000000002061, -8.673617379884035472E-16, -1.270000000000000018 ) ) ;
#4200 = DIRECTION ( 'NONE',  ( 0.000000000000000000, -1.000000000000000000, 0.000000000000000000 ) ) ;
#4201 = ADVANCED_FACE ( 'NONE', ( #4211 ), #7047, .F. ) ;
#4202 = DIRECTION ( 'NONE',  ( 1.000000000000000000, 0.000000000000000000, 0.000000000000000000 ) ) ;
#4203 = VERTEX_POINT ( 'NONE', #3609 ) ;
#4204 = ORIENTED_EDGE ( 'NONE', *, *, #6956, .T. ) ;
#4205 = ORIENTED_EDGE ( 'NONE', *, *, #543, .F. ) ;
#4206 = LINE ( 'NONE', #8983, #1135 ) ;
#4207 = EDGE_CURVE ( 'NONE', #6456, #8886, #6481, .T. ) ;
#4208 = EDGE_LOOP ( 'NONE', ( #4296, #1744, #3587, #3029 ) ) ;
#4209 = EDGE_CURVE ( 'NONE', #5146, #3520, #5648, .T. ) ;
#4210 = ORIENTED_EDGE ( 'NONE', *, *, #3717, .T. ) ;
#4211 = FACE_OUTER_BOUND ( 'NONE', #5526, .T. ) ;
#4212 = EDGE_LOOP ( 'NONE', ( #2080, #9117, #6886, #4804, #7728, #5155, #8408, #7281 ) ) ;
#4213 = VERTEX_POINT ( 'NONE', #4384 ) ;
#4214 = CARTESIAN_POINT ( 'NONE',  ( -9.220000000000002416, -2.880000000000000782, 0.000000000000000000 ) ) ;
#4215 = DIRECTION ( 'NONE',  ( 0.000000000000000000, 0.000000000000000000, -1.000000000000000000 ) ) ;
#4216 = CARTESIAN_POINT ( 'NONE',  ( -6.320000000000002061, -2.580000000000000515, -0.3200000000000000067 ) ) ;
#4217 = PLANE ( 'NONE',  #5111 ) ;
#4218 = DIRECTION ( 'NONE',  ( 0.000000000000000000, 0.000000000000000000, 1.000000000000000000 ) ) ;
#4219 = AXIS2_PLACEMENT_3D ( 'NONE', #414, #5879, #2402 ) ;
#4220 = DIRECTION ( 'NONE',  ( 0.000000000000000000, 1.000000000000000000, 0.000000000000000000 ) ) ;
#4221 = AXIS2_PLACEMENT_3D ( 'NONE', #5987, #5296, #7939 ) ;
#4222 = VECTOR ( 'NONE', #6712, 1000.000000000000000 ) ;
#4223 = DIRECTION ( 'NONE',  ( 0.000000000000000000, -1.000000000000000000, 0.000000000000000000 ) ) ;
#4224 = EDGE_CURVE ( 'NONE', #5439, #1237, #6435, .T. ) ;
#4225 = LINE ( 'NONE', #6229, #9144 ) ;
#4226 = DIRECTION ( 'NONE',  ( 0.000000000000000000, -1.000000000000000000, 0.000000000000000000 ) ) ;
#4227 = VERTEX_POINT ( 'NONE', #3743 ) ;
#4228 = CARTESIAN_POINT ( 'NONE',  ( -12.32000000000000028, -8.673617379884035472E-16, 1.270000000000000018 ) ) ;
#4229 = EDGE_CURVE ( 'NONE', #7460, #4855, #4256, .T. ) ;
#4230 = EDGE_LOOP ( 'NONE', ( #5495, #8560, #7303, #9108, #7357, #5851, #8741, #861 ) ) ;
#4231 = LINE ( 'NONE', #7801, #5289 ) ;
#4232 = CARTESIAN_POINT ( 'NONE',  ( -15.02000000000000135, -1.400000000000000133, 2.169999999999999929 ) ) ;
#4233 = ADVANCED_FACE ( 'NONE', ( #5686 ), #7216, .T. ) ;
#4234 = VERTEX_POINT ( 'NONE', #3699 ) ;
#4235 = VECTOR ( 'NONE', #469, 1000.000000000000000 ) ;
#4236 = LINE ( 'NONE', #7448, #1887 ) ;
#4237 = CARTESIAN_POINT ( 'NONE',  ( -15.32000000000000206, 0.6699999999999995959, 1.270000000000000018 ) ) ;
#4238 = DIRECTION ( 'NONE',  ( -0.7071067811865475727, 0.000000000000000000, -0.7071067811865475727 ) ) ;
#4239 = DIRECTION ( 'NONE',  ( 0.000000000000000000, 0.000000000000000000, 1.000000000000000000 ) ) ;
#4240 = ORIENTED_EDGE ( 'NONE', *, *, #522, .F. ) ;
#4241 = ORIENTED_EDGE ( 'NONE', *, *, #3796, .F. ) ;
#4242 = DIRECTION ( 'NONE',  ( 0.000000000000000000, -1.000000000000000000, 0.000000000000000000 ) ) ;
#4243 = DIRECTION ( 'NONE',  ( 0.000000000000000000, 0.000000000000000000, -1.000000000000000000 ) ) ;
#4244 = PRESENTATION_LAYER_ASSIGNMENT (  '', '', ( #3055 ) ) ;
#4245 = AXIS2_PLACEMENT_3D ( 'NONE', #3892, #8246, #4634 ) ;
#4246 = CARTESIAN_POINT ( 'NONE',  ( -3.320000000000001616, 0.6699999999999995959, 1.270000000000000018 ) ) ;
#4247 = DIRECTION ( 'NONE',  ( 1.000000000000000000, 0.000000000000000000, 0.000000000000000000 ) ) ;
#4248 = ORIENTED_EDGE ( 'NONE', *, *, #9082, .T. ) ;
#4249 = VERTEX_POINT ( 'NONE', #76 ) ;
#4250 = ORIENTED_EDGE ( 'NONE', *, *, #4770, .F. ) ;
#4251 = CARTESIAN_POINT ( 'NONE',  ( -7.300000000000001599, 6.899999999999999467, -1.935000000000000053 ) ) ;
#4252 = VECTOR ( 'NONE', #8770, 1000.000000000000000 ) ;
#4253 = VECTOR ( 'NONE', #1877, 1000.000000000000000 ) ;
#4254 = VERTEX_POINT ( 'NONE', #8518 ) ;
#4255 = ORIENTED_EDGE ( 'NONE', *, *, #3638, .T. ) ;
#4256 = LINE ( 'NONE', #2259, #1963 ) ;
#4257 = VECTOR ( 'NONE', #6506, 1000.000000000000000 ) ;
#4258 = AXIS2_PLACEMENT_3D ( 'NONE', #408, #5323, #8236 ) ;
#4259 = VECTOR ( 'NONE', #2414, 1000.000000000000000 ) ;
#4260 = ORIENTED_EDGE ( 'NONE', *, *, #2146, .T. ) ;
#4261 = CARTESIAN_POINT ( 'NONE',  ( 0.3199999999999982303, 1.349999999999999645, -1.930000000000000160 ) ) ;
#4262 = FACE_OUTER_BOUND ( 'NONE', #526, .T. ) ;
#4263 = EDGE_CURVE ( 'NONE', #7404, #539, #8653, .T. ) ;
#4264 = ADVANCED_FACE ( 'NONE', ( #4300 ), #5085, .T. ) ;
#4265 = VECTOR ( 'NONE', #8693, 1000.000000000000000 ) ;
#4266 = DIRECTION ( 'NONE',  ( 0.000000000000000000, 0.000000000000000000, -1.000000000000000000 ) ) ;
#4267 = DIRECTION ( 'NONE',  ( -1.000000000000000000, 0.000000000000000000, 0.000000000000000000 ) ) ;
#4268 = LINE ( 'NONE', #7968, #4030 ) ;
#4269 = DIRECTION ( 'NONE',  ( 1.000000000000000000, 0.000000000000000000, 0.000000000000000000 ) ) ;
#4270 = CARTESIAN_POINT ( 'NONE',  ( -2.680000000000001936, 3.299999999999999378, 0.3200000000000000067 ) ) ;
#4271 = VECTOR ( 'NONE', #7715, 1000.000000000000000 ) ;
#4272 = DIRECTION ( 'NONE',  ( 0.3015113445777909407, -0.9045340337332726799, -0.3015113445777909407 ) ) ;
#4273 = LINE ( 'NONE', #1401, #726 ) ;
#4274 = ORIENTED_EDGE ( 'NONE', *, *, #2777, .F. ) ;
#4275 = FACE_OUTER_BOUND ( 'NONE', #2865, .T. ) ;
#4276 = CARTESIAN_POINT ( 'NONE',  ( -9.320000000000002061, 0.6699999999999995959, -0.8750000000000000000 ) ) ;
#4277 = CARTESIAN_POINT ( 'NONE',  ( -2.680000000000001936, -8.673617379884035472E-16, 1.270000000000000018 ) ) ;
#4278 = ORIENTED_EDGE ( 'NONE', *, *, #4282, .T. ) ;
#4279 = VECTOR ( 'NONE', #5795, 1000.000000000000000 ) ;
#4280 = PLANE ( 'NONE',  #5874 ) ;
#4281 = EDGE_CURVE ( 'NONE', #9038, #327, #7133, .T. ) ;
#4282 = EDGE_CURVE ( 'NONE', #1141, #2574, #5774, .T. ) ;
#4283 = LINE ( 'NONE', #3591, #1579 ) ;
#4284 = LINE ( 'NONE', #7115, #5450 ) ;
#4285 = DIRECTION ( 'NONE',  ( 1.000000000000000000, 0.000000000000000000, 0.000000000000000000 ) ) ;
#4286 = ORIENTED_EDGE ( 'NONE', *, *, #8642, .T. ) ;
#4287 = VERTEX_POINT ( 'NONE', #120 ) ;
#4288 = VECTOR ( 'NONE', #1198, 1000.000000000000000 ) ;
#4289 = EDGE_CURVE ( 'NONE', #5211, #6299, #7092, .T. ) ;
#4290 = DIRECTION ( 'NONE',  ( -0.3015113445777909407, 0.9045340337332726799, -0.3015113445777909407 ) ) ;
#4291 = EDGE_CURVE ( 'NONE', #8374, #2723, #2215, .T. ) ;
#4292 = DIRECTION ( 'NONE',  ( 0.000000000000000000, 0.000000000000000000, -1.000000000000000000 ) ) ;
#4293 = DIRECTION ( 'NONE',  ( 0.000000000000000000, 0.000000000000000000, -1.000000000000000000 ) ) ;
#4294 = VERTEX_POINT ( 'NONE', #3001 ) ;
#4295 = ORIENTED_EDGE ( 'NONE', *, *, #1178, .T. ) ;
#4296 = ORIENTED_EDGE ( 'NONE', *, *, #1109, .T. ) ;
#4297 = CARTESIAN_POINT ( 'NONE',  ( -1.750000000000001554, 9.049999999999998934, 1.930000000000000160 ) ) ;
#4298 = VERTEX_POINT ( 'NONE', #2955 ) ;
#4299 = VERTEX_POINT ( 'NONE', #5818 ) ;
#4300 = FACE_OUTER_BOUND ( 'NONE', #2689, .T. ) ;
#4301 = VECTOR ( 'NONE', #3656, 1000.000000000000000 ) ;
#4302 = EDGE_CURVE ( 'NONE', #7112, #7368, #1606, .T. ) ;
#4303 = ORIENTED_EDGE ( 'NONE', *, *, #3657, .T. ) ;
#4304 = VECTOR ( 'NONE', #3855, 1000.000000000000000 ) ;
#4305 = CARTESIAN_POINT ( 'NONE',  ( 2.384999999999998010, -8.673617379884035472E-16, -1.270000000000000018 ) ) ;
#4306 = DIRECTION ( 'NONE',  ( -0.3015113445777909407, -0.9045340337332726799, 0.3015113445777909407 ) ) ;
#4307 = FACE_OUTER_BOUND ( 'NONE', #6002, .T. ) ;
#4308 = LINE ( 'NONE', #8714, #2255 ) ;
#4309 = DIRECTION ( 'NONE',  ( 0.000000000000000000, 0.000000000000000000, -1.000000000000000000 ) ) ;
#4310 = DIRECTION ( 'NONE',  ( 0.000000000000000000, 0.000000000000000000, -1.000000000000000000 ) ) ;
#4311 = ADVANCED_FACE ( 'NONE', ( #8607 ), #4950, .T. ) ;
#4312 = DIRECTION ( 'NONE',  ( 0.000000000000000000, 1.000000000000000000, 0.000000000000000000 ) ) ;
#4313 = FACE_OUTER_BOUND ( 'NONE', #8120, .T. ) ;
#4314 = ORIENTED_EDGE ( 'NONE', *, *, #7638, .F. ) ;
#4315 = PLANE ( 'NONE',  #4560 ) ;
#4316 = CARTESIAN_POINT ( 'NONE',  ( -4.700000000000001954, 8.149999999999998579, -3.135000000000000231 ) ) ;
#4317 = LINE ( 'NONE', #7148, #5550 ) ;
#4318 = ORIENTED_EDGE ( 'NONE', *, *, #1326, .T. ) ;
#4319 = EDGE_CURVE ( 'NONE', #538, #3068, #3572, .T. ) ;
#4320 = EDGE_CURVE ( 'NONE', #7474, #8136, #8478, .T. ) ;
#4321 = ADVANCED_FACE ( 'NONE', ( #6397 ), #33, .T. ) ;
#4322 = FACE_OUTER_BOUND ( 'NONE', #8228, .T. ) ;
#4323 = VECTOR ( 'NONE', #1440, 1000.000000000000000 ) ;
#4324 = CARTESIAN_POINT ( 'NONE',  ( 1.934999999999997389, 1.269999999999999352, -0.8750000000000000000 ) ) ;
#4325 = AXIS2_PLACEMENT_3D ( 'NONE', #6407, #44, #8577 ) ;
#4326 = CARTESIAN_POINT ( 'NONE',  ( -11.25000000000000355, 9.049999999999998934, 2.429999999999999716 ) ) ;
#4327 = CARTESIAN_POINT ( 'NONE',  ( -11.68000000000000327, 6.899999999999999467, 0.3200000000000000067 ) ) ;
#4328 = ORIENTED_EDGE ( 'NONE', *, *, #5978, .F. ) ;
#4329 = PLANE ( 'NONE',  #6621 ) ;
#4330 = EDGE_LOOP ( 'NONE', ( #1078, #3073, #6521, #5602 ) ) ;
#4331 = VECTOR ( 'NONE', #1346, 1000.000000000000000 ) ;
#4332 = CARTESIAN_POINT ( 'NONE',  ( -0.1200000000000020495, 7.500000000000000000, -0.1200000000000000094 ) ) ;
#4333 = PLANE ( 'NONE',  #838 ) ;
#4334 = CARTESIAN_POINT ( 'NONE',  ( -11.78000000000000291, -2.880000000000000782, 0.000000000000000000 ) ) ;
#4335 = ORIENTED_EDGE ( 'NONE', *, *, #224, .F. ) ;
#4336 = VERTEX_POINT ( 'NONE', #1834 ) ;
#4337 = ADVANCED_FACE ( 'NONE', ( #1738 ), #3180, .F. ) ;
#4338 = PLANE ( 'NONE',  #8089 ) ;
#4339 = ORIENTED_EDGE ( 'NONE', *, *, #2179, .F. ) ;
#4340 = CARTESIAN_POINT ( 'NONE',  ( 3.319999999999998508, 8.500000000000000000, 0.7500000000000000000 ) ) ;
#4341 = EDGE_CURVE ( 'NONE', #9054, #8723, #1002, .T. ) ;
#4342 = EDGE_LOOP ( 'NONE', ( #6751, #1878, #7353, #4119 ) ) ;
#4343 = EDGE_LOOP ( 'NONE', ( #8583, #208, #8433, #6901 ) ) ;
#4344 = ADVANCED_FACE ( 'NONE', ( #4662 ), #7350, .T. ) ;
#4345 = DIRECTION ( 'NONE',  ( 0.000000000000000000, 0.000000000000000000, -1.000000000000000000 ) ) ;
#4346 = EDGE_LOOP ( 'NONE', ( #5908, #6725, #3077, #3742 ) ) ;
#4347 = DIRECTION ( 'NONE',  ( 0.000000000000000000, 0.000000000000000000, 1.000000000000000000 ) ) ;
#4348 = CARTESIAN_POINT ( 'NONE',  ( -2.680000000000001936, 1.349999999999999645, -1.050000000000000044 ) ) ;
#4349 = FACE_OUTER_BOUND ( 'NONE', #8986, .T. ) ;
#4350 = EDGE_CURVE ( 'NONE', #1233, #4287, #3784, .T. ) ;
#4351 = CARTESIAN_POINT ( 'NONE',  ( -15.32000000000000206, -8.673617379884035472E-16, 1.570000000000000062 ) ) ;
#4352 = LINE ( 'NONE', #133, #2064 ) ;
#4353 = CARTESIAN_POINT ( 'NONE',  ( -11.68000000000000327, 3.299999999999999378, -0.3200000000000000067 ) ) ;
#4354 = CARTESIAN_POINT ( 'NONE',  ( -12.00000000000000178, 7.200000000000000178, 0.2200000000000000011 ) ) ;
#4355 = EDGE_CURVE ( 'NONE', #4227, #3518, #7446, .T. ) ;
#4356 = CARTESIAN_POINT ( 'NONE',  ( -11.68000000000000327, 0.6999999999999992895, -1.050000000000000044 ) ) ;
#4357 = ORIENTED_EDGE ( 'NONE', *, *, #3867, .F. ) ;
#4358 = CARTESIAN_POINT ( 'NONE',  ( -15.32000000000000206, -8.673617379884035472E-16, -1.270000000000000018 ) ) ;
#4359 = LINE ( 'NONE', #5792, #8436 ) ;
#4360 = CARTESIAN_POINT ( 'NONE',  ( -9.320000000000002061, 1.349999999999999645, 1.649999999999999911 ) ) ;
#4361 = ORIENTED_EDGE ( 'NONE', *, *, #37, .T. ) ;
#4362 = VECTOR ( 'NONE', #229, 1000.000000000000000 ) ;
#4363 = LINE ( 'NONE', #8499, #700 ) ;
#4364 = LINE ( 'NONE', #6550, #1295 ) ;
#4365 = ADVANCED_FACE ( 'NONE', ( #2537 ), #261, .T. ) ;
#4366 = CARTESIAN_POINT ( 'NONE',  ( -4.750000000000001776, 9.899999999999998579, 0.5500000000000000444 ) ) ;
#4367 = AXIS2_PLACEMENT_3D ( 'NONE', #4818, #7647, #7464 ) ;
#4368 = DIRECTION ( 'NONE',  ( 0.000000000000000000, 0.000000000000000000, -1.000000000000000000 ) ) ;
#4369 = ORIENTED_EDGE ( 'NONE', *, *, #8878, .T. ) ;
#4370 = LINE ( 'NONE', #6949, #5731 ) ;
#4371 = EDGE_LOOP ( 'NONE', ( #8974, #9093, #8310, #1241 ) ) ;
#4372 = LINE ( 'NONE', #7200, #3688 ) ;
#4373 = ADVANCED_FACE ( 'NONE', ( #3832 ), #8747, .T. ) ;
#4374 = DIRECTION ( 'NONE',  ( 0.000000000000000000, 0.000000000000000000, -1.000000000000000000 ) ) ;
#4375 = CARTESIAN_POINT ( 'NONE',  ( -9.320000000000002061, 1.269999999999999352, 0.8750000000000000000 ) ) ;
#4376 = ORIENTED_EDGE ( 'NONE', *, *, #2695, .F. ) ;
#4377 = LINE ( 'NONE', #2341, #5428 ) ;
#4378 = ORIENTED_EDGE ( 'NONE', *, *, #6061, .F. ) ;
#4379 = DIRECTION ( 'NONE',  ( -2.368475785867000094E-14, 1.000000000000000000, 0.000000000000000000 ) ) ;
#4380 = ORIENTED_EDGE ( 'NONE', *, *, #2245, .F. ) ;
#4381 = VERTEX_POINT ( 'NONE', #7490 ) ;
#4382 = AXIS2_PLACEMENT_3D ( 'NONE', #5415, #7498, #1157 ) ;
#4383 = AXIS2_PLACEMENT_3D ( 'NONE', #3797, #8014, #8107 ) ;
#4384 = CARTESIAN_POINT ( 'NONE',  ( -10.25000000000000178, 3.299999999999999378, 1.250000000000000000 ) ) ;
#4385 = ADVANCED_FACE ( 'NONE', ( #7305 ), #302, .T. ) ;
#4386 = DIRECTION ( 'NONE',  ( -0.000000000000000000, 1.000000000000000000, 0.000000000000000000 ) ) ;
#4387 = EDGE_LOOP ( 'NONE', ( #1694, #1638, #5794, #5963 ) ) ;
#4388 = EDGE_CURVE ( 'NONE', #5211, #2461, #5957, .T. ) ;
#4389 = AXIS2_PLACEMENT_3D ( 'NONE', #5637, #6470, #7773 ) ;
#4390 = EDGE_CURVE ( 'NONE', #6372, #4568, #6611, .T. ) ;
#4391 = VECTOR ( 'NONE', #3087, 1000.000000000000000 ) ;
#4392 = VERTEX_POINT ( 'NONE', #1049 ) ;
#4393 = FACE_OUTER_BOUND ( 'NONE', #4169, .T. ) ;
#4394 = DIRECTION ( 'NONE',  ( -1.000000000000000000, 0.000000000000000000, 0.000000000000000000 ) ) ;
#4395 = DIRECTION ( 'NONE',  ( 0.3015113445777909407, 0.9045340337332726799, 0.3015113445777909407 ) ) ;
#4396 = PLANE ( 'NONE',  #9065 ) ;
#4397 = VECTOR ( 'NONE', #3291, 1000.000000000000000 ) ;
#4398 = VECTOR ( 'NONE', #6537, 1000.000000000000000 ) ;
#4399 = ADVANCED_FACE ( 'NONE', ( #3922 ), #3876, .T. ) ;
#4400 = PLANE ( 'NONE',  #6692 ) ;
#4401 = EDGE_CURVE ( 'NONE', #8218, #4213, #5912, .T. ) ;
#4402 = LINE ( 'NONE', #6070, #4398 ) ;
#4403 = AXIS2_PLACEMENT_3D ( 'NONE', #2383, #2292, #5118 ) ;
#4404 = LINE ( 'NONE', #9037, #5865 ) ;
#4405 = ORIENTED_EDGE ( 'NONE', *, *, #5973, .F. ) ;
#4406 = LINE ( 'NONE', #184, #6493 ) ;
#4407 = CLOSED_SHELL ( 'NONE', ( #8563, #2540, #8588, #6551, #6436, #3831, #842, #7432, #4385, #7049, #6842, #2382, #4344, #8654, #6195, #1671, #8967, #8940, #757, #1567, #782, #4858, #367, #1964, #1537, #8267, #7314, #5960, #7890, #3504, #1056, #3540, #4600, #8078, #2796, #710, #2679, #3358, #4373, #4914, #7228, #829, #6200, #5649, #1319, #3042, #5838, #1086, #8587, #6259, #1285, #7397, #4863, #3939, #4628, #6080, #1458, #7282, #2662, #4321, #5781, #4311, #4913, #5697, #4438, #8438, #5317, #308, #1320, #4133, #7942, #7690, #7204, #6675, #7727, #3271, #2197, #6341, #5750, #8479, #1053, #7658, #1786, #353, #2784, #1541, #4011, #2956, #4399, #4806, #3363, #817, #5811, #315, #9023, #2908, #8775, #3481, #7089, #3206, #1981, #5188, #540, #2770, #1349, #3509, #3503, #6469, #4742, #5419, #231, #7509, #7491, #3912, #4970, #7283, #1822, #6888, #4686, #8943, #1066, #6499, #1501, #7995, #6987, #1750, #5187, #8335, #4911, #7924, #5643, #4717, #8722, #5863, #6816, #889, #7858, #1997, #7795, #8193, #5035, #8087, #1095, #7800, #84, #787, #2981, #456, #7732, #747, #8881, #3456, #7803, #1957, #5651, #2333, #5900, #8463, #1921, #9131, #97, #5626, #1595, #8458, #2016, #2410, #9109, #8811, #1396, #1247, #7151, #7173, #11, #8853, #4893, #7781, #6781, #2279, #3710, #5559, #8757, #1779, #6129, #1666, #4337, #7572, #334, #5075, #8619, #5475, #2960, #2853, #4822, #4603, #1768, #605, #552, #8675, #341, #4958, #1134, #426, #2083, #1173, #6480, #6724, #2533, #2226, #5898, #8738, #2298, #2457, #260, #4233, #4676, #2622, #4365, #3923, #1986, #6041, #6049, #3983, #4788, #5786, #5856, #305, #7688, #1874, #1347, #7591, #3248, #5991, #4673, #3251, #6900, #3772, #4642, #934, #986, #6762, #6108, #2966, #7772, #1015, #714, #2390, #6754, #6331, #6009, #3639, #5529, #4201, #154, #725, #4725, #5219, #3150, #7962, #7392, #7280, #7697, #7456, #6277, #5672, #6549, #8407, #3146, #8253, #7026, #1392, #464, #2963, #7068, #8287, #7565, #8017, #8189, #6122, #9057, #7971, #1119, #6327, #966, #4962, #3522, #2684, #6378, #7986, #7337, #1906, #6227, #6505, #4178, #2237, #8343, #6840, #6438, #5393, #2588, #6599, #1197 ) ) ;
#4408 = VECTOR ( 'NONE', #5542, 1000.000000000000000 ) ;
#4409 = LINE ( 'NONE', #8627, #4108 ) ;
#4410 = DIRECTION ( 'NONE',  ( 0.000000000000000000, -1.000000000000000000, 0.000000000000000000 ) ) ;
#4411 = EDGE_CURVE ( 'NONE', #382, #820, #1648, .T. ) ;
#4412 = VERTEX_POINT ( 'NONE', #8834 ) ;
#4413 = VECTOR ( 'NONE', #2917, 1000.000000000000000 ) ;
#4414 = LINE ( 'NONE', #4592, #2944 ) ;
#4415 = VECTOR ( 'NONE', #7850, 1000.000000000000000 ) ;
#4416 = DIRECTION ( 'NONE',  ( 0.000000000000000000, 0.000000000000000000, -1.000000000000000000 ) ) ;
#4417 = EDGE_CURVE ( 'NONE', #4694, #7738, #4617, .T. ) ;
#4418 = DIRECTION ( 'NONE',  ( 0.000000000000000000, 0.000000000000000000, 1.000000000000000000 ) ) ;
#4419 = FACE_OUTER_BOUND ( 'NONE', #7613, .T. ) ;
#4420 = CARTESIAN_POINT ( 'NONE',  ( -2.680000000000001936, 1.269999999999999352, -0.8750000000000000000 ) ) ;
#4421 = EDGE_LOOP ( 'NONE', ( #1876, #8630, #8530 ) ) ;
#4422 = AXIS2_PLACEMENT_3D ( 'NONE', #2598, #4679, #4636 ) ;
#4423 = PLANE ( 'NONE',  #1414 ) ;
#4424 = VECTOR ( 'NONE', #7420, 1000.000000000000000 ) ;
#4425 = ORIENTED_EDGE ( 'NONE', *, *, #5069, .T. ) ;
#4426 = LINE ( 'NONE', #1420, #7581 ) ;
#4427 = AXIS2_PLACEMENT_3D ( 'NONE', #1974, #9114, #1929 ) ;
#4428 = DIRECTION ( 'NONE',  ( 0.9486832980505238710, 0.3162277660168079652, -0.000000000000000000 ) ) ;
#4429 = EDGE_CURVE ( 'NONE', #3573, #2619, #8004, .T. ) ;
#4430 = DIRECTION ( 'NONE',  ( -1.000000000000000000, 0.000000000000000000, 0.000000000000000000 ) ) ;
#4431 = ORIENTED_EDGE ( 'NONE', *, *, #6716, .F. ) ;
#4432 = LINE ( 'NONE', #8082, #5268 ) ;
#4433 = AXIS2_PLACEMENT_3D ( 'NONE', #8842, #5369, #8751 ) ;
#4434 = VERTEX_POINT ( 'NONE', #5178 ) ;
#4435 = CARTESIAN_POINT ( 'NONE',  ( -5.680000000000001492, -8.673617379884035472E-16, -1.270000000000000018 ) ) ;
#4436 = ORIENTED_EDGE ( 'NONE', *, *, #4411, .T. ) ;
#4437 = VERTEX_POINT ( 'NONE', #2580 ) ;
#4438 = ADVANCED_FACE ( 'NONE', ( #8421 ), #8229, .T. ) ;
#4439 = CARTESIAN_POINT ( 'NONE',  ( -1.750000000000001554, 9.899999999999998579, 1.250000000000000000 ) ) ;
#4440 = CARTESIAN_POINT ( 'NONE',  ( -8.680000000000001492, 1.349999999999999645, -1.050000000000000044 ) ) ;
#4441 = VECTOR ( 'NONE', #2167, 1000.000000000000000 ) ;
#4442 = EDGE_LOOP ( 'NONE', ( #8182, #1677, #9036, #5599 ) ) ;
#4443 = EDGE_LOOP ( 'NONE', ( #7741, #4513, #4525, #8730, #1064, #3164, #4720, #5621 ) ) ;
#4444 = DIRECTION ( 'NONE',  ( 0.6401843996644798196, -0.7682212795973758501, 0.000000000000000000 ) ) ;
#4445 = LINE ( 'NONE', #4485, #2471 ) ;
#4446 = DIRECTION ( 'NONE',  ( 0.000000000000000000, 1.000000000000000000, 0.000000000000000000 ) ) ;
#4447 = LINE ( 'NONE', #6535, #4925 ) ;
#4448 = DIRECTION ( 'NONE',  ( 1.000000000000000000, 0.000000000000000000, 0.000000000000000000 ) ) ;
#4449 = CARTESIAN_POINT ( 'NONE',  ( -10.25000000000000178, 9.899999999999998579, -1.250000000000000000 ) ) ;
#4450 = CARTESIAN_POINT ( 'NONE',  ( 2.384999999999998010, -8.673617379884035472E-16, 1.270000000000000018 ) ) ;
#4451 = ORIENTED_EDGE ( 'NONE', *, *, #8932, .F. ) ;
#4452 = DIRECTION ( 'NONE',  ( 0.000000000000000000, 0.000000000000000000, -1.000000000000000000 ) ) ;
#4453 = EDGE_CURVE ( 'NONE', #2931, #9011, #583, .T. ) ;
#4454 = LINE ( 'NONE', #8059, #3537 ) ;
#4455 = CARTESIAN_POINT ( 'NONE',  ( -6.320000000000002061, 6.899999999999999467, -0.3200000000000000067 ) ) ;
#4456 = ORIENTED_EDGE ( 'NONE', *, *, #8069, .T. ) ;
#4457 = EDGE_CURVE ( 'NONE', #168, #7822, #2072, .T. ) ;
#4458 = LINE ( 'NONE', #8766, #4869 ) ;
#4459 = ORIENTED_EDGE ( 'NONE', *, *, #738, .F. ) ;
#4460 = PLANE ( 'NONE',  #6671 ) ;
#4461 = FACE_OUTER_BOUND ( 'NONE', #7376, .T. ) ;
#4462 = DIRECTION ( 'NONE',  ( 1.000000000000000000, 0.000000000000000000, 0.000000000000000000 ) ) ;
#4463 = DIRECTION ( 'NONE',  ( 0.000000000000000000, -1.000000000000000000, 0.000000000000000000 ) ) ;
#4464 = ORIENTED_EDGE ( 'NONE', *, *, #5059, .T. ) ;
#4465 = DIRECTION ( 'NONE',  ( 0.000000000000000000, -1.000000000000000000, 0.000000000000000000 ) ) ;
#4466 = ORIENTED_EDGE ( 'NONE', *, *, #142, .T. ) ;
#4467 = DIRECTION ( 'NONE',  ( 0.000000000000000000, 0.000000000000000000, -1.000000000000000000 ) ) ;
#4468 = EDGE_CURVE ( 'NONE', #6298, #7128, #2017, .T. ) ;
#4469 =( LENGTH_UNIT ( ) NAMED_UNIT ( * ) SI_UNIT ( .MILLI., .METRE. ) );
#4470 = DIRECTION ( 'NONE',  ( -1.000000000000000000, 0.000000000000000000, 0.000000000000000000 ) ) ;
#4471 = EDGE_LOOP ( 'NONE', ( #7999, #197, #1916, #4451 ) ) ;
#4472 = LINE ( 'NONE', #2478, #7066 ) ;
#4473 = VERTEX_POINT ( 'NONE', #1883 ) ;
#4474 = LINE ( 'NONE', #7302, #4684 ) ;
#4475 = AXIS2_PLACEMENT_3D ( 'NONE', #4700, #4008, #4957 ) ;
#4476 = VERTEX_POINT ( 'NONE', #497 ) ;
#4477 = ORIENTED_EDGE ( 'NONE', *, *, #1058, .F. ) ;
#4478 = CARTESIAN_POINT ( 'NONE',  ( -15.32000000000000206, -1.150000000000000799, 1.570000000000000062 ) ) ;
#4479 = EDGE_CURVE ( 'NONE', #450, #5889, #4060, .T. ) ;
#4480 = LINE ( 'NONE', #3137, #5835 ) ;
#4481 = ORIENTED_EDGE ( 'NONE', *, *, #2247, .T. ) ;
#4482 = EDGE_LOOP ( 'NONE', ( #162, #634, #4063, #612, #7871 ) ) ;
#4483 = EDGE_CURVE ( 'NONE', #2632, #9029, #6247, .T. ) ;
#4484 = DIRECTION ( 'NONE',  ( 0.000000000000000000, 0.000000000000000000, 1.000000000000000000 ) ) ;
#4485 = CARTESIAN_POINT ( 'NONE',  ( -8.680000000000001492, 0.6699999999999995959, -1.270000000000000018 ) ) ;
#4486 = DIRECTION ( 'NONE',  ( 0.000000000000000000, -1.000000000000000000, 0.000000000000000000 ) ) ;
#4487 = CARTESIAN_POINT ( 'NONE',  ( -8.680000000000001492, 3.299999999999999378, 0.3200000000000000067 ) ) ;
#4488 = PLANE ( 'NONE',  #214 ) ;
#4489 = CARTESIAN_POINT ( 'NONE',  ( 3.319999999999998508, 0.6699999999999995959, 0.8750000000000000000 ) ) ;
#4490 = ORIENTED_EDGE ( 'NONE', *, *, #6793, .T. ) ;
#4491 = PLANE ( 'NONE',  #268 ) ;
#4492 = LINE ( 'NONE', #7278, #7694 ) ;
#4493 = DIRECTION ( 'NONE',  ( -1.000000000000000000, 0.000000000000000000, 0.000000000000000000 ) ) ;
#4494 = ORIENTED_EDGE ( 'NONE', *, *, #8482, .T. ) ;
#4495 = DIRECTION ( 'NONE',  ( -1.000000000000000000, 0.000000000000000000, 0.000000000000000000 ) ) ;
#4496 = VERTEX_POINT ( 'NONE', #9113 ) ;
#4497 = LINE ( 'NONE', #8118, #3861 ) ;
#4498 = EDGE_CURVE ( 'NONE', #5943, #4808, #452, .T. ) ;
#4499 = EDGE_CURVE ( 'NONE', #1665, #3404, #1277, .T. ) ;
#4500 = DIRECTION ( 'NONE',  ( 0.000000000000000000, 0.000000000000000000, 1.000000000000000000 ) ) ;
#4501 = EDGE_CURVE ( 'NONE', #7031, #300, #7676, .T. ) ;
#4502 = VERTEX_POINT ( 'NONE', #5453 ) ;
#4503 = DIRECTION ( 'NONE',  ( -1.000000000000000000, 0.000000000000000000, 0.000000000000000000 ) ) ;
#4504 = CARTESIAN_POINT ( 'NONE',  ( -3.320000000000001616, 6.899999999999999467, 0.3200000000000000067 ) ) ;
#4505 = ORIENTED_EDGE ( 'NONE', *, *, #6036, .T. ) ;
#4506 = CARTESIAN_POINT ( 'NONE',  ( -5.680000000000001492, 0.6999999999999992895, 1.649999999999999911 ) ) ;
#4507 = VECTOR ( 'NONE', #1980, 1000.000000000000227 ) ;
#4508 = ORIENTED_EDGE ( 'NONE', *, *, #6368, .F. ) ;
#4509 = DIRECTION ( 'NONE',  ( 0.000000000000000000, 0.000000000000000000, -1.000000000000000000 ) ) ;
#4510 = VECTOR ( 'NONE', #5189, 1000.000000000000000 ) ;
#4511 = PLANE ( 'NONE',  #7202 ) ;
#4512 = CARTESIAN_POINT ( 'NONE',  ( -14.38500000000000156, -8.673617379884035472E-16, -1.930000000000000160 ) ) ;
#4513 = ORIENTED_EDGE ( 'NONE', *, *, #8105, .F. ) ;
#4514 = DIRECTION ( 'NONE',  ( 1.000000000000000000, 0.000000000000000000, 0.000000000000000000 ) ) ;
#4515 = ORIENTED_EDGE ( 'NONE', *, *, #8734, .F. ) ;
#4516 = DIRECTION ( 'NONE',  ( 0.000000000000000000, -1.000000000000000000, 0.000000000000000000 ) ) ;
#4517 = ORIENTED_EDGE ( 'NONE', *, *, #6261, .F. ) ;
#4518 = VERTEX_POINT ( 'NONE', #3419 ) ;
#4519 = DIRECTION ( 'NONE',  ( 0.000000000000000000, -1.000000000000000000, 0.000000000000000000 ) ) ;
#4520 = CARTESIAN_POINT ( 'NONE',  ( -8.680000000000001492, -8.673617379884035472E-16, -1.270000000000000018 ) ) ;
#4521 = EDGE_CURVE ( 'NONE', #598, #4058, #4714, .T. ) ;
#4522 = LINE ( 'NONE', #4573, #3338 ) ;
#4523 = ORIENTED_EDGE ( 'NONE', *, *, #6727, .F. ) ;
#4524 = ORIENTED_EDGE ( 'NONE', *, *, #2406, .T. ) ;
#4525 = ORIENTED_EDGE ( 'NONE', *, *, #7048, .F. ) ;
#4526 = DIRECTION ( 'NONE',  ( 0.9486832980505238710, -0.3162277660168079652, 0.000000000000000000 ) ) ;
#4527 = DIRECTION ( 'NONE',  ( 0.000000000000000000, 0.6428712937138820749, 0.7659742160925780974 ) ) ;
#4528 = CARTESIAN_POINT ( 'NONE',  ( -1.750000000000001554, 1.849999999999999645, 1.930000000000000160 ) ) ;
#4529 = LINE ( 'NONE', #5271, #9070 ) ;
#4531 = PLANE ( 'NONE',  #1846 ) ;
#4530 = AXIS2_PLACEMENT_3D ( 'NONE', #8330, #4805, #7633 ) ;
#4532 = AXIS2_PLACEMENT_3D ( 'NONE', #364, #6020, #6770 ) ;
#4533 = EDGE_CURVE ( 'NONE', #1892, #6045, #2670, .T. ) ;
#4534 = EDGE_CURVE ( 'NONE', #1073, #7976, #6293, .T. ) ;
#4535 = CARTESIAN_POINT ( 'NONE',  ( -6.000000000000001776, -2.880000000000000782, 0.2200000000000000011 ) ) ;
#4536 = ORIENTED_EDGE ( 'NONE', *, *, #1291, .F. ) ;
#4537 = FACE_OUTER_BOUND ( 'NONE', #5501, .T. ) ;
#4538 = DIRECTION ( 'NONE',  ( 1.000000000000000000, 0.000000000000000000, 0.000000000000000000 ) ) ;
#4539 = CARTESIAN_POINT ( 'NONE',  ( -14.67000000000000171, -8.673617379884035472E-16, 1.570000000000000062 ) ) ;
#4540 = ORIENTED_EDGE ( 'NONE', *, *, #8551, .F. ) ;
#4541 = AXIS2_PLACEMENT_3D ( 'NONE', #2991, #4428, #8691 ) ;
#4542 = EDGE_CURVE ( 'NONE', #8610, #1089, #1973, .T. ) ;
#4543 = DIRECTION ( 'NONE',  ( 0.000000000000000000, -1.000000000000000000, 0.000000000000000000 ) ) ;
#4544 = EDGE_CURVE ( 'NONE', #1636, #1035, #5591, .T. ) ;
#4545 = VECTOR ( 'NONE', #8539, 1000.000000000000000 ) ;
#4546 = VERTEX_POINT ( 'NONE', #1377 ) ;
#4547 = CARTESIAN_POINT ( 'NONE',  ( -6.320000000000002061, 0.6999999999999992895, -1.050000000000000044 ) ) ;
#4548 = VECTOR ( 'NONE', #461, 1000.000000000000000 ) ;
#4549 = VECTOR ( 'NONE', #5659, 1000.000000000000000 ) ;
#4550 = CARTESIAN_POINT ( 'NONE',  ( 1.934999999999997389, 0.6699999999999995959, 0.8750000000000000000 ) ) ;
#4551 = VERTEX_POINT ( 'NONE', #4199 ) ;
#4552 = DIRECTION ( 'NONE',  ( 0.000000000000000000, 0.000000000000000000, -1.000000000000000000 ) ) ;
#4553 = LINE ( 'NONE', #7426, #6507 ) ;
#4554 = ORIENTED_EDGE ( 'NONE', *, *, #2421, .F. ) ;
#4555 = CARTESIAN_POINT ( 'NONE',  ( 2.669999999999998597, -8.673617379884035472E-16, 2.469999999999999751 ) ) ;
#4556 = ORIENTED_EDGE ( 'NONE', *, *, #8565, .T. ) ;
#4557 = VECTOR ( 'NONE', #5398, 1000.000000000000000 ) ;
#4558 = LINE ( 'NONE', #7994, #485 ) ;
#4559 = DIRECTION ( 'NONE',  ( -0.7071067811865475727, 0.7071067811865475727, 0.000000000000000000 ) ) ;
#4560 = AXIS2_PLACEMENT_3D ( 'NONE', #2101, #2926, #6276 ) ;
#4561 = CARTESIAN_POINT ( 'NONE',  ( -13.92000000000000171, 8.500000000000000000, 0.7500000000000000000 ) ) ;
#4562 = ORIENTED_EDGE ( 'NONE', *, *, #6693, .T. ) ;
#4563 = LINE ( 'NONE', #6652, #1872 ) ;
#4564 = VERTEX_POINT ( 'NONE', #6889 ) ;
#4565 = DIRECTION ( 'NONE',  ( 1.000000000000000000, 0.000000000000000000, 0.000000000000000000 ) ) ;
#4566 = EDGE_CURVE ( 'NONE', #8284, #8434, #4102, .T. ) ;
#4567 = VERTEX_POINT ( 'NONE', #5496 ) ;
#4568 = VERTEX_POINT ( 'NONE', #8320 ) ;
#4569 = EDGE_CURVE ( 'NONE', #8348, #2856, #6109, .T. ) ;
#4570 = CARTESIAN_POINT ( 'NONE',  ( -8.680000000000001492, 1.269999999999999352, 0.8750000000000000000 ) ) ;
#4571 = LINE ( 'NONE', #3136, #7982 ) ;
#4572 = VECTOR ( 'NONE', #1117, 1000.000000000000000 ) ;
#4573 = CARTESIAN_POINT ( 'NONE',  ( -8.680000000000001492, 0.6999999999999992895, 0.3200000000000000067 ) ) ;
#4574 = AXIS2_PLACEMENT_3D ( 'NONE', #5610, #8444, #8487 ) ;
#4575 = VECTOR ( 'NONE', #7004, 1000.000000000000000 ) ;
#4576 = ORIENTED_EDGE ( 'NONE', *, *, #1616, .T. ) ;
#4577 = ORIENTED_EDGE ( 'NONE', *, *, #4941, .T. ) ;
#4578 = CARTESIAN_POINT ( 'NONE',  ( 1.249999999999998446, 3.299999999999999378, 0.5500000000000000444 ) ) ;
#4579 = CARTESIAN_POINT ( 'NONE',  ( -9.320000000000002061, -8.673617379884035472E-16, -1.930000000000000160 ) ) ;
#4580 = VECTOR ( 'NONE', #5576, 1000.000000000000000 ) ;
#4581 = LINE ( 'NONE', #4528, #6154 ) ;
#4582 = FACE_OUTER_BOUND ( 'NONE', #3279, .T. ) ;
#4583 = VECTOR ( 'NONE', #2346, 1000.000000000000000 ) ;
#4584 = DIRECTION ( 'NONE',  ( 0.000000000000000000, 0.000000000000000000, -1.000000000000000000 ) ) ;
#4585 = EDGE_CURVE ( 'NONE', #2484, #8086, #8934, .T. ) ;
#4586 = DIRECTION ( 'NONE',  ( 0.000000000000000000, 1.000000000000000000, 0.000000000000000000 ) ) ;
#4587 = ORIENTED_EDGE ( 'NONE', *, *, #6357, .T. ) ;
#4588 = CARTESIAN_POINT ( 'NONE',  ( -2.680000000000001936, 0.6999999999999992895, 0.3200000000000000067 ) ) ;
#4589 = DIRECTION ( 'NONE',  ( 0.000000000000000000, 0.000000000000000000, 1.000000000000000000 ) ) ;
#4590 = DIRECTION ( 'NONE',  ( 0.000000000000000000, 0.000000000000000000, -1.000000000000000000 ) ) ;
#4591 = ORIENTED_EDGE ( 'NONE', *, *, #3563, .F. ) ;
#4592 = CARTESIAN_POINT ( 'NONE',  ( -1.250000000000001998, 9.899999999999998579, -1.250000000000000000 ) ) ;
#4593 = EDGE_CURVE ( 'NONE', #1784, #3766, #675, .T. ) ;
#4594 = VERTEX_POINT ( 'NONE', #6342 ) ;
#4595 = LINE ( 'NONE', #8206, #1494 ) ;
#4596 = DIRECTION ( 'NONE',  ( 0.000000000000000000, -1.000000000000000000, 0.000000000000000000 ) ) ;
#4597 = ORIENTED_EDGE ( 'NONE', *, *, #8241, .F. ) ;
#4598 = DIRECTION ( 'NONE',  ( 0.000000000000000000, 0.000000000000000000, 1.000000000000000000 ) ) ;
#4600 = ADVANCED_FACE ( 'NONE', ( #7035 ), #3512, .T. ) ;
#4599 = FACE_OUTER_BOUND ( 'NONE', #8265, .T. ) ;
#4601 = VECTOR ( 'NONE', #3445, 1000.000000000000000 ) ;
#4602 = ORIENTED_EDGE ( 'NONE', *, *, #755, .T. ) ;
#4603 = ADVANCED_FACE ( 'NONE', ( #3024 ), #3765, .T. ) ;
#4604 = CARTESIAN_POINT ( 'NONE',  ( -2.680000000000001936, -2.580000000000000515, -0.3200000000000000067 ) ) ;
#4605 = ORIENTED_EDGE ( 'NONE', *, *, #2705, .F. ) ;
#4606 = EDGE_CURVE ( 'NONE', #7738, #1464, #3859, .T. ) ;
#4607 = ORIENTED_EDGE ( 'NONE', *, *, #3703, .T. ) ;
#4608 = CARTESIAN_POINT ( 'NONE',  ( -1.734723475976807094E-15, -2.880000000000000782, -0.2200000000000000011 ) ) ;
#4609 = DIRECTION ( 'NONE',  ( 0.000000000000000000, 0.000000000000000000, -1.000000000000000000 ) ) ;
#4610 = CARTESIAN_POINT ( 'NONE',  ( -9.320000000000002061, 1.349999999999999645, 1.680000000000000160 ) ) ;
#4611 = ORIENTED_EDGE ( 'NONE', *, *, #1431, .F. ) ;
#4612 = LINE ( 'NONE', #1731, #4093 ) ;
#4613 = VERTEX_POINT ( 'NONE', #3075 ) ;
#4614 = CARTESIAN_POINT ( 'NONE',  ( -2.880000000000002114, -3.180000000000000604, 0.1200000000000000094 ) ) ;
#4615 = ORIENTED_EDGE ( 'NONE', *, *, #5830, .T. ) ;
#4616 = ORIENTED_EDGE ( 'NONE', *, *, #3865, .F. ) ;
#4617 = LINE ( 'NONE', #3046, #4146 ) ;
#4618 = DIRECTION ( 'NONE',  ( 0.000000000000000000, -1.000000000000000000, 0.000000000000000000 ) ) ;
#4619 = DIRECTION ( 'NONE',  ( -1.000000000000000000, 0.000000000000000000, 0.000000000000000000 ) ) ;
#4620 = EDGE_CURVE ( 'NONE', #4254, #3837, #2463, .T. ) ;
#4621 = VECTOR ( 'NONE', #920, 1000.000000000000114 ) ;
#4622 = DIRECTION ( 'NONE',  ( 1.000000000000000000, 0.000000000000000000, 0.000000000000000000 ) ) ;
#4623 = VERTEX_POINT ( 'NONE', #5202 ) ;
#4624 = ORIENTED_EDGE ( 'NONE', *, *, #7118, .T. ) ;
#4625 = EDGE_CURVE ( 'NONE', #1246, #6383, #6553, .T. ) ;
#4626 = VECTOR ( 'NONE', #6536, 1000.000000000000000 ) ;
#4627 = LINE ( 'NONE', #3143, #2818 ) ;
#4628 = ADVANCED_FACE ( 'NONE', ( #4599 ), #895, .T. ) ;
#4629 = DIRECTION ( 'NONE',  ( 0.000000000000000000, -1.000000000000000000, 0.000000000000000000 ) ) ;
#4630 = DIRECTION ( 'NONE',  ( -0.000000000000000000, 1.000000000000000000, 0.000000000000000000 ) ) ;
#4631 = CARTESIAN_POINT ( 'NONE',  ( -12.32000000000000028, -2.580000000000000515, -0.3200000000000000067 ) ) ;
#4632 = AXIS2_PLACEMENT_3D ( 'NONE', #6714, #3984, #6669 ) ;
#4633 = CARTESIAN_POINT ( 'NONE',  ( 0.3199999999999982303, 0.6999999999999992895, 0.3200000000000000067 ) ) ;
#4634 = DIRECTION ( 'NONE',  ( 0.000000000000000000, 0.000000000000000000, 1.000000000000000000 ) ) ;
#4635 = ORIENTED_EDGE ( 'NONE', *, *, #2870, .T. ) ;
#4636 = DIRECTION ( 'NONE',  ( -1.000000000000000000, 0.000000000000000000, 0.000000000000000000 ) ) ;
#4637 = DIRECTION ( 'NONE',  ( 1.000000000000000000, 0.000000000000000000, 0.000000000000000000 ) ) ;
#4638 = DIRECTION ( 'NONE',  ( 1.000000000000000000, 0.000000000000000000, 0.000000000000000000 ) ) ;
#4639 = CARTESIAN_POINT ( 'NONE',  ( -13.93500000000000050, -8.673617379884035472E-16, 1.270000000000000018 ) ) ;
#4640 = ORIENTED_EDGE ( 'NONE', *, *, #5636, .F. ) ;
#4641 = LINE ( 'NONE', #1670, #8299 ) ;
#4642 = ADVANCED_FACE ( 'NONE', ( #1675 ), #5294, .F. ) ;
#4643 = LINE ( 'NONE', #6871, #996 ) ;
#4644 = ORIENTED_EDGE ( 'NONE', *, *, #6155, .F. ) ;
#4645 = DIRECTION ( 'NONE',  ( 0.000000000000000000, 0.000000000000000000, 1.000000000000000000 ) ) ;
#4646 = PLANE ( 'NONE',  #8280 ) ;
#4647 = VERTEX_POINT ( 'NONE', #379 ) ;
#4648 = LINE ( 'NONE', #1960, #4664 ) ;
#4649 = ORIENTED_EDGE ( 'NONE', *, *, #1651, .F. ) ;
#4650 = ORIENTED_EDGE ( 'NONE', *, *, #8797, .F. ) ;
#4651 = DIRECTION ( 'NONE',  ( 0.000000000000000000, 0.000000000000000000, -1.000000000000000000 ) ) ;
#4652 = PLANE ( 'NONE',  #8020 ) ;
#4653 = DIRECTION ( 'NONE',  ( 0.000000000000000000, 0.000000000000000000, -1.000000000000000000 ) ) ;
#4654 = DIRECTION ( 'NONE',  ( -1.000000000000000000, 0.000000000000000000, 0.000000000000000000 ) ) ;
#4655 = VERTEX_POINT ( 'NONE', #1033 ) ;
#4656 = CARTESIAN_POINT ( 'NONE',  ( -0.3200000000000017275, 6.899999999999999467, 0.3200000000000000067 ) ) ;
#4657 = ORIENTED_EDGE ( 'NONE', *, *, #2012, .F. ) ;
#4658 = DIRECTION ( 'NONE',  ( 0.000000000000000000, -1.000000000000000000, 0.000000000000000000 ) ) ;
#4659 = ORIENTED_EDGE ( 'NONE', *, *, #2928, .T. ) ;
#4660 = ORIENTED_EDGE ( 'NONE', *, *, #8816, .F. ) ;
#4661 = EDGE_CURVE ( 'NONE', #2510, #4678, #8732, .T. ) ;
#4662 = FACE_OUTER_BOUND ( 'NONE', #6166, .T. ) ;
#4663 = LINE ( 'NONE', #5407, #8725 ) ;
#4664 = VECTOR ( 'NONE', #4785, 1000.000000000000000 ) ;
#4665 = VECTOR ( 'NONE', #2014, 1000.000000000000000 ) ;
#4666 = CARTESIAN_POINT ( 'NONE',  ( -13.92000000000000171, 9.899999999999998579, -1.930000000000000160 ) ) ;
#4667 = CARTESIAN_POINT ( 'NONE',  ( -2.680000000000001936, 3.299999999999999378, 0.3200000000000000067 ) ) ;
#4668 = ORIENTED_EDGE ( 'NONE', *, *, #5269, .T. ) ;
#4669 = VERTEX_POINT ( 'NONE', #6686 ) ;
#4670 = FACE_OUTER_BOUND ( 'NONE', #1550, .T. ) ;
#4671 = CARTESIAN_POINT ( 'NONE',  ( -0.3200000000000017275, 1.349999999999999645, -1.050000000000000044 ) ) ;
#4672 = CARTESIAN_POINT ( 'NONE',  ( -15.32000000000000206, -8.673617379884035472E-16, 1.570000000000000062 ) ) ;
#4673 = ADVANCED_FACE ( 'NONE', ( #3119 ), #3725, .T. ) ;
#4674 = LINE ( 'NONE', #8846, #5517 ) ;
#4675 = EDGE_CURVE ( 'NONE', #3038, #5113, #1770, .T. ) ;
#4676 = ADVANCED_FACE ( 'NONE', ( #2376 ), #1635, .T. ) ;
#4677 = LINE ( 'NONE', #465, #828 ) ;
#4678 = VERTEX_POINT ( 'NONE', #4504 ) ;
#4679 = DIRECTION ( 'NONE',  ( -0.000000000000000000, -0.3162277660168079652, -0.9486832980505238710 ) ) ;
#4680 = DIRECTION ( 'NONE',  ( 0.000000000000000000, -1.000000000000000000, 0.000000000000000000 ) ) ;
#4681 = CARTESIAN_POINT ( 'NONE',  ( 3.319999999999998508, 1.269999999999999352, -0.8750000000000000000 ) ) ;
#4682 = ADVANCED_FACE ( 'NONE', ( #7333 ), #8122, .F. ) ;
#4683 = PLANE ( 'NONE',  #3684 ) ;
#4684 = VECTOR ( 'NONE', #255, 1000.000000000000000 ) ;
#4685 = VECTOR ( 'NONE', #7642, 1000.000000000000000 ) ;
#4686 = ADVANCED_FACE ( 'NONE', ( #3166 ), #286, .T. ) ;
#4687 = CARTESIAN_POINT ( 'NONE',  ( 2.384999999999998010, -8.673617379884035472E-16, 1.270000000000000018 ) ) ;
#4688 = PLANE ( 'NONE',  #2785 ) ;
#4689 = ORIENTED_EDGE ( 'NONE', *, *, #3468, .T. ) ;
#4690 = DIRECTION ( 'NONE',  ( 0.000000000000000000, -1.000000000000000000, 0.000000000000000000 ) ) ;
#4691 = PLANE ( 'NONE',  #6955 ) ;
#4692 = AXIS2_PLACEMENT_3D ( 'NONE', #7072, #2148, #716 ) ;
#4693 = VECTOR ( 'NONE', #4097, 1000.000000000000114 ) ;
#4694 = VERTEX_POINT ( 'NONE', #1718 ) ;
#4695 = CARTESIAN_POINT ( 'NONE',  ( -5.680000000000001492, 0.6699999999999995959, -0.8750000000000000000 ) ) ;
#4696 = DIRECTION ( 'NONE',  ( 0.000000000000000000, 0.000000000000000000, 1.000000000000000000 ) ) ;
#4697 = ORIENTED_EDGE ( 'NONE', *, *, #7764, .F. ) ;
#4698 = ORIENTED_EDGE ( 'NONE', *, *, #7103, .F. ) ;
#4699 = AXIS2_PLACEMENT_3D ( 'NONE', #13, #2850, #7113 ) ;
#4700 = CARTESIAN_POINT ( 'NONE',  ( -0.3200000000000017275, -8.673617379884035472E-16, -1.930000000000000160 ) ) ;
#4701 = VECTOR ( 'NONE', #3748, 1000.000000000000000 ) ;
#4702 = EDGE_CURVE ( 'NONE', #8696, #2437, #4553, .T. ) ;
#4703 = AXIS2_PLACEMENT_3D ( 'NONE', #3619, #2922, #6495 ) ;
#4704 = EDGE_LOOP ( 'NONE', ( #7295, #5087, #2435, #5624 ) ) ;
#4705 = PLANE ( 'NONE',  #245 ) ;
#4706 = LINE ( 'NONE', #619, #9150 ) ;
#4707 = ORIENTED_EDGE ( 'NONE', *, *, #5677, .T. ) ;
#4708 = CARTESIAN_POINT ( 'NONE',  ( -6.320000000000002061, 1.349999999999999645, 1.649999999999999911 ) ) ;
#4709 = ORIENTED_EDGE ( 'NONE', *, *, #472, .T. ) ;
#4710 = AXIS2_PLACEMENT_3D ( 'NONE', #4366, #4238, #3461 ) ;
#4711 = CARTESIAN_POINT ( 'NONE',  ( -2.680000000000001936, 0.6999999999999992895, -0.8750000000000000000 ) ) ;
#4712 = EDGE_LOOP ( 'NONE', ( #7050, #7798, #6849, #3829, #1339, #2323, #6192 ) ) ;
#4713 = ORIENTED_EDGE ( 'NONE', *, *, #7122, .F. ) ;
#4714 = LINE ( 'NONE', #1334, #8579 ) ;
#4715 = LINE ( 'NONE', #8367, #874 ) ;
#4716 = DIRECTION ( 'NONE',  ( 0.000000000000000000, 0.000000000000000000, 1.000000000000000000 ) ) ;
#4717 = ADVANCED_FACE ( 'NONE', ( #1817 ), #5607, .F. ) ;
#4718 = AXIS2_PLACEMENT_3D ( 'NONE', #5293, #894, #4503 ) ;
#4719 = PLANE ( 'NONE',  #1451 ) ;
#4720 = ORIENTED_EDGE ( 'NONE', *, *, #8848, .F. ) ;
#4721 = ORIENTED_EDGE ( 'NONE', *, *, #816, .F. ) ;
#4722 = FACE_OUTER_BOUND ( 'NONE', #1820, .T. ) ;
#4723 = LINE ( 'NONE', #6761, #5587 ) ;
#4724 = EDGE_CURVE ( 'NONE', #4227, #7195, #2090, .T. ) ;
#4725 = ADVANCED_FACE ( 'NONE', ( #6399 ), #6359, .F. ) ;
#4726 = VECTOR ( 'NONE', #3347, 1000.000000000000000 ) ;
#4727 = CARTESIAN_POINT ( 'NONE',  ( -7.300000000000001599, 8.149999999999998579, -3.135000000000000231 ) ) ;
#4728 = VECTOR ( 'NONE', #3660, 1000.000000000000000 ) ;
#4729 = ORIENTED_EDGE ( 'NONE', *, *, #1404, .T. ) ;
#4730 = DIRECTION ( 'NONE',  ( -0.7071067811865474617, 0.000000000000000000, 0.7071067811865474617 ) ) ;
#4731 = ORIENTED_EDGE ( 'NONE', *, *, #4229, .F. ) ;
#4732 = FACE_OUTER_BOUND ( 'NONE', #2113, .T. ) ;
#4733 = AXIS2_PLACEMENT_3D ( 'NONE', #5846, #5985, #938 ) ;
#4734 = LINE ( 'NONE', #8250, #1000 ) ;
#4735 = LINE ( 'NONE', #421, #3932 ) ;
#4736 = CARTESIAN_POINT ( 'NONE',  ( -8.680000000000001492, 0.6999999999999992895, 0.3200000000000000067 ) ) ;
#4737 = FACE_OUTER_BOUND ( 'NONE', #8451, .T. ) ;
#4738 = EDGE_CURVE ( 'NONE', #682, #1763, #646, .T. ) ;
#4739 = FACE_OUTER_BOUND ( 'NONE', #8831, .T. ) ;
#4740 = ORIENTED_EDGE ( 'NONE', *, *, #5431, .F. ) ;
#4741 = LINE ( 'NONE', #3904, #8418 ) ;
#4742 = ADVANCED_FACE ( 'NONE', ( #7096 ), #1436, .F. ) ;
#4743 = EDGE_LOOP ( 'NONE', ( #2761, #3478, #905, #5115 ) ) ;
#4744 = PLANE ( 'NONE',  #6217 ) ;
#4745 = DIRECTION ( 'NONE',  ( 0.000000000000000000, 1.000000000000000000, 0.000000000000000000 ) ) ;
#4746 = ORIENTED_EDGE ( 'NONE', *, *, #5507, .T. ) ;
#4747 = ORIENTED_EDGE ( 'NONE', *, *, #6160, .T. ) ;
#4748 = LINE ( 'NONE', #6143, #2029 ) ;
#4749 = DIRECTION ( 'NONE',  ( -0.9486832980505238710, -0.3162277660168079652, -0.000000000000000000 ) ) ;
#4750 = ORIENTED_EDGE ( 'NONE', *, *, #6610, .F. ) ;
#4751 = LINE ( 'NONE', #5400, #7203 ) ;
#4752 = EDGE_LOOP ( 'NONE', ( #1131, #3970, #8828, #888, #1870, #8373, #3288, #3530 ) ) ;
#4753 = VERTEX_POINT ( 'NONE', #2562 ) ;
#4754 = EDGE_LOOP ( 'NONE', ( #1373, #3129, #521, #167 ) ) ;
#4755 = EDGE_CURVE ( 'NONE', #3802, #4567, #2874, .T. ) ;
#4756 = CARTESIAN_POINT ( 'NONE',  ( 0.3199999999999982303, 1.269999999999999352, -0.8750000000000000000 ) ) ;
#4757 = LINE ( 'NONE', #6890, #1917 ) ;
#4758 = SURFACE_STYLE_FILL_AREA ( #6067 ) ;
#4759 = DIRECTION ( 'NONE',  ( 1.000000000000000000, 0.000000000000000000, 0.000000000000000000 ) ) ;
#4760 = ORIENTED_EDGE ( 'NONE', *, *, #6202, .T. ) ;
#4761 = ORIENTED_EDGE ( 'NONE', *, *, #5837, .T. ) ;
#4762 = ORIENTED_EDGE ( 'NONE', *, *, #6471, .T. ) ;
#4763 = DIRECTION ( 'NONE',  ( -1.000000000000000000, 0.000000000000000000, 0.000000000000000000 ) ) ;
#4764 = CARTESIAN_POINT ( 'NONE',  ( -6.320000000000002061, 1.269999999999999352, 0.8750000000000000000 ) ) ;
#4765 = ORIENTED_EDGE ( 'NONE', *, *, #1994, .F. ) ;
#4766 = EDGE_CURVE ( 'NONE', #5581, #4123, #2834, .T. ) ;
#4767 = ORIENTED_EDGE ( 'NONE', *, *, #2910, .T. ) ;
#4768 = CARTESIAN_POINT ( 'NONE',  ( -11.68000000000000327, 0.6999999999999992895, -0.3200000000000000067 ) ) ;
#4769 = AXIS2_PLACEMENT_3D ( 'NONE', #1823, #7750, #6364 ) ;
#4770 = EDGE_CURVE ( 'NONE', #335, #6349, #4952, .T. ) ;
#4771 = ORIENTED_EDGE ( 'NONE', *, *, #3749, .T. ) ;
#4772 = CARTESIAN_POINT ( 'NONE',  ( -15.32000000000000206, 1.849999999999999645, 2.469999999999999751 ) ) ;
#4773 = ORIENTED_EDGE ( 'NONE', *, *, #62, .F. ) ;
#4774 = PLANE ( 'NONE',  #3244 ) ;
#4775 = CARTESIAN_POINT ( 'NONE',  ( -15.32000000000000206, 0.6699999999999995959, -1.270000000000000018 ) ) ;
#4776 = CARTESIAN_POINT ( 'NONE',  ( -7.750000000000001776, 9.899999999999998579, 1.250000000000000000 ) ) ;
#4777 = VECTOR ( 'NONE', #8290, 1000.000000000000000 ) ;
#4778 = CARTESIAN_POINT ( 'NONE',  ( 3.319999999999998508, 1.449999999999999512, 0.1137500000000000039 ) ) ;
#4779 = DIRECTION ( 'NONE',  ( 1.000000000000000000, 0.000000000000000000, 0.000000000000000000 ) ) ;
#4780 = CARTESIAN_POINT ( 'NONE',  ( -3.320000000000001616, 0.6999999999999992895, 0.3200000000000000067 ) ) ;
#4781 = ORIENTED_EDGE ( 'NONE', *, *, #3557, .F. ) ;
#4782 = FACE_OUTER_BOUND ( 'NONE', #8925, .T. ) ;
#4783 = ORIENTED_EDGE ( 'NONE', *, *, #715, .T. ) ;
#4784 = CARTESIAN_POINT ( 'NONE',  ( -12.55000000000000249, 9.899999999999998579, 1.250000000000000000 ) ) ;
#4785 = DIRECTION ( 'NONE',  ( 1.000000000000000000, 0.000000000000000000, 0.000000000000000000 ) ) ;
#4786 = EDGE_LOOP ( 'NONE', ( #834, #1428, #8657, #7768 ) ) ;
#4787 = ORIENTED_EDGE ( 'NONE', *, *, #7019, .F. ) ;
#4788 = ADVANCED_FACE ( 'NONE', ( #2787 ), #4646, .T. ) ;
#4789 = EDGE_CURVE ( 'NONE', #5918, #3702, #740, .T. ) ;
#4790 = EDGE_CURVE ( 'NONE', #3416, #5321, #6092, .T. ) ;
#4791 = PLANE ( 'NONE',  #3211 ) ;
#4792 = DIRECTION ( 'NONE',  ( 0.000000000000000000, 0.000000000000000000, 1.000000000000000000 ) ) ;
#4793 = VERTEX_POINT ( 'NONE', #8914 ) ;
#4794 = CARTESIAN_POINT ( 'NONE',  ( -11.68000000000000327, -8.673617379884035472E-16, -1.930000000000000160 ) ) ;
#4795 = VERTEX_POINT ( 'NONE', #5387 ) ;
#4796 = ORIENTED_EDGE ( 'NONE', *, *, #5258, .T. ) ;
#4797 = ORIENTED_EDGE ( 'NONE', *, *, #4854, .T. ) ;
#4798 = DIRECTION ( 'NONE',  ( 0.000000000000000000, 0.000000000000000000, -1.000000000000000000 ) ) ;
#4799 = CARTESIAN_POINT ( 'NONE',  ( -15.32000000000000206, -8.673617379884035472E-16, -1.270000000000000018 ) ) ;
#4800 = EDGE_CURVE ( 'NONE', #5377, #104, #2128, .T. ) ;
#4801 = DIRECTION ( 'NONE',  ( 1.000000000000000000, 0.000000000000000000, 0.000000000000000000 ) ) ;
#4802 = ORIENTED_EDGE ( 'NONE', *, *, #6839, .T. ) ;
#4803 = ORIENTED_EDGE ( 'NONE', *, *, #5002, .T. ) ;
#4804 = ORIENTED_EDGE ( 'NONE', *, *, #2351, .T. ) ;
#4805 = DIRECTION ( 'NONE',  ( 0.000000000000000000, -1.000000000000000000, 0.000000000000000000 ) ) ;
#4806 = ADVANCED_FACE ( 'NONE', ( #4916 ), #4691, .T. ) ;
#4807 = PLANE ( 'NONE',  #1110 ) ;
#4808 = VERTEX_POINT ( 'NONE', #3574 ) ;
#4809 = ORIENTED_EDGE ( 'NONE', *, *, #2565, .T. ) ;
#4810 = VECTOR ( 'NONE', #6595, 1000.000000000000000 ) ;
#4811 = LINE ( 'NONE', #6860, #6270 ) ;
#4812 = AXIS2_PLACEMENT_3D ( 'NONE', #4539, #2450, #7371 ) ;
#4813 = VERTEX_POINT ( 'NONE', #1390 ) ;
#4814 = LINE ( 'NONE', #1850, #1571 ) ;
#4815 = ORIENTED_EDGE ( 'NONE', *, *, #3997, .T. ) ;
#4816 = DIRECTION ( 'NONE',  ( 1.000000000000000000, 0.000000000000000000, 0.000000000000000000 ) ) ;
#4817 = DIRECTION ( 'NONE',  ( 1.000000000000000000, 0.000000000000000000, 0.000000000000000000 ) ) ;
#4818 = CARTESIAN_POINT ( 'NONE',  ( -4.700000000000001954, 6.899999999999999467, -2.435000000000000053 ) ) ;
#4819 = LINE ( 'NONE', #7602, #6053 ) ;
#4821 = EDGE_CURVE ( 'NONE', #5581, #4518, #7523, .T. ) ;
#4820 = LINE ( 'NONE', #7517, #4601 ) ;
#4822 = ADVANCED_FACE ( 'NONE', ( #6134 ), #1177, .T. ) ;
#4823 = DIRECTION ( 'NONE',  ( -1.000000000000000000, 0.000000000000000000, 0.000000000000000000 ) ) ;
#4824 = EDGE_LOOP ( 'NONE', ( #4010, #5773, #4981, #3874 ) ) ;
#4825 = CARTESIAN_POINT ( 'NONE',  ( 1.249999999999998446, 9.899999999999998579, -1.250000000000000000 ) ) ;
#4826 = VERTEX_POINT ( 'NONE', #431 ) ;
#4827 = DIRECTION ( 'NONE',  ( 0.000000000000000000, 0.000000000000000000, -1.000000000000000000 ) ) ;
#4828 = LINE ( 'NONE', #569, #6442 ) ;
#4829 = ORIENTED_EDGE ( 'NONE', *, *, #6404, .F. ) ;
#4830 = EDGE_CURVE ( 'NONE', #7131, #8976, #3265, .T. ) ;
#4831 = VECTOR ( 'NONE', #7589, 1000.000000000000000 ) ;
#4832 = VECTOR ( 'NONE', #5229, 1000.000000000000000 ) ;
#4833 = ORIENTED_EDGE ( 'NONE', *, *, #4041, .T. ) ;
#4834 = VECTOR ( 'NONE', #6989, 1000.000000000000000 ) ;
#4835 = VECTOR ( 'NONE', #3507, 1000.000000000000000 ) ;
#4836 = LINE ( 'NONE', #6418, #697 ) ;
#4837 = CARTESIAN_POINT ( 'NONE',  ( -8.680000000000001492, 1.349999999999999645, 1.649999999999999911 ) ) ;
#4838 = ORIENTED_EDGE ( 'NONE', *, *, #7855, .F. ) ;
#4839 = DIRECTION ( 'NONE',  ( 0.000000000000000000, 0.000000000000000000, 1.000000000000000000 ) ) ;
#4840 = ORIENTED_EDGE ( 'NONE', *, *, #2250, .F. ) ;
#4841 = ORIENTED_EDGE ( 'NONE', *, *, #2650, .T. ) ;
#4842 = DIRECTION ( 'NONE',  ( 1.000000000000000000, 0.000000000000000000, 0.000000000000000000 ) ) ;
#4843 = AXIS2_PLACEMENT_3D ( 'NONE', #4588, #6721, #3197 ) ;
#4844 = VERTEX_POINT ( 'NONE', #6440 ) ;
#4845 = VECTOR ( 'NONE', #8953, 1000.000000000000000 ) ;
#4846 = CARTESIAN_POINT ( 'NONE',  ( -11.68000000000000327, 0.6999999999999992895, -1.050000000000000044 ) ) ;
#4847 = CARTESIAN_POINT ( 'NONE',  ( -9.120000000000000995, 7.500000000000000000, 0.1200000000000000094 ) ) ;
#4848 = VECTOR ( 'NONE', #9104, 1000.000000000000114 ) ;
#4849 = PLANE ( 'NONE',  #3671 ) ;
#4850 = VECTOR ( 'NONE', #8157, 1000.000000000000000 ) ;
#4851 = VECTOR ( 'NONE', #2673, 1000.000000000000000 ) ;
#4852 = ORIENTED_EDGE ( 'NONE', *, *, #1457, .F. ) ;
#4853 = ORIENTED_EDGE ( 'NONE', *, *, #5564, .T. ) ;
#4854 = EDGE_CURVE ( 'NONE', #1861, #2026, #7872, .T. ) ;
#4855 = VERTEX_POINT ( 'NONE', #3705 ) ;
#4856 = LINE ( 'NONE', #6898, #5864 ) ;
#4857 = CARTESIAN_POINT ( 'NONE',  ( -8.880000000000002558, -3.180000000000000604, 0.1200000000000000094 ) ) ;
#4858 = ADVANCED_FACE ( 'NONE', ( #3747 ), #7174, .T. ) ;
#4859 = VERTEX_POINT ( 'NONE', #2964 ) ;
#4860 = VERTEX_POINT ( 'NONE', #821 ) ;
#4861 = CARTESIAN_POINT ( 'NONE',  ( 2.384999999999998010, 1.699999999999999734, 1.680000000000000160 ) ) ;
#4862 = VECTOR ( 'NONE', #1626, 1000.000000000000000 ) ;
#4863 = ADVANCED_FACE ( 'NONE', ( #1612 ), #957, .T. ) ;
#4864 = ORIENTED_EDGE ( 'NONE', *, *, #2536, .F. ) ;
#4865 = VECTOR ( 'NONE', #5883, 1000.000000000000000 ) ;
#4866 = CARTESIAN_POINT ( 'NONE',  ( -15.32000000000000206, 0.6699999999999995959, 1.270000000000000018 ) ) ;
#4867 = CARTESIAN_POINT ( 'NONE',  ( -6.320000000000002061, -8.673617379884035472E-16, -1.930000000000000160 ) ) ;
#4868 = DIRECTION ( 'NONE',  ( 0.000000000000000000, 0.000000000000000000, 1.000000000000000000 ) ) ;
#4869 = VECTOR ( 'NONE', #7374, 1000.000000000000000 ) ;
#4870 = PLANE ( 'NONE',  #6040 ) ;
#4871 = CARTESIAN_POINT ( 'NONE',  ( 3.319999999999998508, 2.487234067916999525, 0.1137500000000000039 ) ) ;
#4872 = DIRECTION ( 'NONE',  ( 0.000000000000000000, 0.000000000000000000, -1.000000000000000000 ) ) ;
#4873 = CARTESIAN_POINT ( 'NONE',  ( -13.92000000000000171, 9.899999999999998579, -1.250000000000000000 ) ) ;
#4874 = VECTOR ( 'NONE', #2225, 1000.000000000000000 ) ;
#4875 = CARTESIAN_POINT ( 'NONE',  ( -12.32000000000000028, 1.269999999999999352, -0.8750000000000000000 ) ) ;
#4876 = VECTOR ( 'NONE', #6580, 1000.000000000000000 ) ;
#4877 = LINE ( 'NONE', #4966, #3961 ) ;
#4878 = VECTOR ( 'NONE', #468, 1000.000000000000000 ) ;
#4879 = VECTOR ( 'NONE', #5135, 1000.000000000000000 ) ;
#4880 = LINE ( 'NONE', #7059, #7973 ) ;
#4881 = VERTEX_POINT ( 'NONE', #6532 ) ;
#4882 = CARTESIAN_POINT ( 'NONE',  ( -14.36000000000000121, 9.459999999999999076, 1.930000000000000160 ) ) ;
#4883 = VERTEX_POINT ( 'NONE', #917 ) ;
#4884 = FACE_OUTER_BOUND ( 'NONE', #5745, .T. ) ;
#4885 = LINE ( 'NONE', #7063, #3627 ) ;
#4886 = ORIENTED_EDGE ( 'NONE', *, *, #5645, .T. ) ;
#4887 = ORIENTED_EDGE ( 'NONE', *, *, #8381, .T. ) ;
#4888 = AXIS2_PLACEMENT_3D ( 'NONE', #7869, #1518, #7785 ) ;
#4889 = EDGE_CURVE ( 'NONE', #4294, #1309, #6616, .T. ) ;
#4890 = DIRECTION ( 'NONE',  ( -0.7071067811865475727, 0.000000000000000000, -0.7071067811865475727 ) ) ;
#4891 = EDGE_CURVE ( 'NONE', #4655, #4294, #3789, .T. ) ;
#4892 = CARTESIAN_POINT ( 'NONE',  ( -2.680000000000001936, 4.949999999999999289, 0.000000000000000000 ) ) ;
#4893 = ADVANCED_FACE ( 'NONE', ( #8612 ), #5734, .T. ) ;
#4894 = LINE ( 'NONE', #3630, #8855 ) ;
#4895 = ORIENTED_EDGE ( 'NONE', *, *, #7621, .T. ) ;
#4896 = FACE_OUTER_BOUND ( 'NONE', #8558, .T. ) ;
#4897 = ORIENTED_EDGE ( 'NONE', *, *, #2132, .T. ) ;
#4898 = ORIENTED_EDGE ( 'NONE', *, *, #2074, .F. ) ;
#4899 = CARTESIAN_POINT ( 'NONE',  ( 0.3199999999999982303, 0.6699999999999995959, 0.8750000000000000000 ) ) ;
#4900 = DIRECTION ( 'NONE',  ( 0.000000000000000000, 0.000000000000000000, -1.000000000000000000 ) ) ;
#4901 = DIRECTION ( 'NONE',  ( 0.000000000000000000, -1.000000000000000000, 0.000000000000000000 ) ) ;
#4902 = SURFACE_STYLE_USAGE ( .BOTH. , #2204 ) ;
#4903 = CARTESIAN_POINT ( 'NONE',  ( -8.680000000000001492, -2.580000000000000515, 0.3200000000000000067 ) ) ;
#4904 = EDGE_LOOP ( 'NONE', ( #2418, #171, #7548, #2036 ) ) ;
#4905 = ORIENTED_EDGE ( 'NONE', *, *, #4770, .T. ) ;
#4906 = VERTEX_POINT ( 'NONE', #1564 ) ;
#4907 = CARTESIAN_POINT ( 'NONE',  ( -12.32000000000000028, 1.349999999999999645, 1.649999999999999911 ) ) ;
#4908 = ORIENTED_EDGE ( 'NONE', *, *, #8509, .F. ) ;
#4909 = ORIENTED_EDGE ( 'NONE', *, *, #4521, .F. ) ;
#4910 = DIRECTION ( 'NONE',  ( 0.000000000000000000, 0.000000000000000000, -1.000000000000000000 ) ) ;
#4911 = ADVANCED_FACE ( 'NONE', ( #3006 ), #2171, .T. ) ;
#4912 = ORIENTED_EDGE ( 'NONE', *, *, #5860, .F. ) ;
#4913 = ADVANCED_FACE ( 'NONE', ( #7915 ), #5182, .T. ) ;
#4914 = ADVANCED_FACE ( 'NONE', ( #4393 ), #779, .T. ) ;
#4915 = ORIENTED_EDGE ( 'NONE', *, *, #3895, .F. ) ;
#4916 = FACE_OUTER_BOUND ( 'NONE', #3465, .T. ) ;
#4917 = FACE_OUTER_BOUND ( 'NONE', #9098, .T. ) ;
#4918 = DIRECTION ( 'NONE',  ( -1.000000000000000000, 0.000000000000000000, 0.000000000000000000 ) ) ;
#4919 = LINE ( 'NONE', #602, #6593 ) ;
#4920 = FACE_OUTER_BOUND ( 'NONE', #8503, .T. ) ;
#4921 = PLANE ( 'NONE',  #7832 ) ;
#4922 = LINE ( 'NONE', #5658, #9067 ) ;
#4923 = CARTESIAN_POINT ( 'NONE',  ( -9.320000000000002061, 3.299999999999999378, 0.3200000000000000067 ) ) ;
#4924 = DIRECTION ( 'NONE',  ( 1.000000000000000000, 0.000000000000000000, 0.000000000000000000 ) ) ;
#4925 = VECTOR ( 'NONE', #877, 1000.000000000000000 ) ;
#4926 = VERTEX_POINT ( 'NONE', #5003 ) ;
#4927 = CARTESIAN_POINT ( 'NONE',  ( 0.1199999999999977196, 7.500000000000000000, -0.1200000000000000094 ) ) ;
#4928 = ORIENTED_EDGE ( 'NONE', *, *, #3122, .F. ) ;
#4929 = ORIENTED_EDGE ( 'NONE', *, *, #3921, .F. ) ;
#4930 = CARTESIAN_POINT ( 'NONE',  ( -5.680000000000001492, 1.349999999999999645, 1.649999999999999911 ) ) ;
#4931 = ORIENTED_EDGE ( 'NONE', *, *, #6214, .T. ) ;
#4932 = ORIENTED_EDGE ( 'NONE', *, *, #7311, .F. ) ;
#4933 = CARTESIAN_POINT ( 'NONE',  ( 1.934999999999997389, 0.6699999999999995959, -0.8750000000000000000 ) ) ;
#4934 = CARTESIAN_POINT ( 'NONE',  ( -11.68000000000000327, 0.6999999999999992895, 0.3200000000000000067 ) ) ;
#4935 = FACE_OUTER_BOUND ( 'NONE', #7119, .T. ) ;
#4936 = CARTESIAN_POINT ( 'NONE',  ( -15.02000000000000135, -1.400000000000000133, 1.869999999999999885 ) ) ;
#4937 = ORIENTED_EDGE ( 'NONE', *, *, #5276, .F. ) ;
#4938 = VERTEX_POINT ( 'NONE', #1480 ) ;
#4939 = DIRECTION ( 'NONE',  ( 0.000000000000000000, 0.000000000000000000, 1.000000000000000000 ) ) ;
#4940 = CARTESIAN_POINT ( 'NONE',  ( 1.934999999999997389, -8.673617379884035472E-16, -1.270000000000000018 ) ) ;
#4941 = EDGE_CURVE ( 'NONE', #7914, #5422, #2306, .T. ) ;
#4942 = EDGE_CURVE ( 'NONE', #8947, #8419, #7268, .T. ) ;
#4943 = CARTESIAN_POINT ( 'NONE',  ( 1.934999999999997389, 1.269999999999999352, -0.8750000000000000000 ) ) ;
#4944 = EDGE_LOOP ( 'NONE', ( #3632, #1552, #7675, #2256, #2610 ) ) ;
#4945 = VERTEX_POINT ( 'NONE', #3050 ) ;
#4946 = ORIENTED_EDGE ( 'NONE', *, *, #3610, .T. ) ;
#4947 = CARTESIAN_POINT ( 'NONE',  ( -8.680000000000001492, 1.349999999999999645, -1.930000000000000160 ) ) ;
#4948 = ORIENTED_EDGE ( 'NONE', *, *, #8532, .F. ) ;
#4949 = ORIENTED_EDGE ( 'NONE', *, *, #6050, .T. ) ;
#4950 = PLANE ( 'NONE',  #4888 ) ;
#4951 = ORIENTED_EDGE ( 'NONE', *, *, #4891, .T. ) ;
#4952 = LINE ( 'NONE', #1863, #581 ) ;
#4953 = DIRECTION ( 'NONE',  ( -0.000000000000000000, 1.000000000000000000, 0.000000000000000000 ) ) ;
#4954 = VECTOR ( 'NONE', #7111, 1000.000000000000000 ) ;
#4955 = DIRECTION ( 'NONE',  ( 0.000000000000000000, -1.000000000000000000, 0.000000000000000000 ) ) ;
#4956 = DIRECTION ( 'NONE',  ( 1.000000000000000000, 0.000000000000000000, 0.000000000000000000 ) ) ;
#4957 = DIRECTION ( 'NONE',  ( 0.000000000000000000, 1.000000000000000000, 0.000000000000000000 ) ) ;
#4958 = ADVANCED_FACE ( 'NONE', ( #5872 ), #8710, .F. ) ;
#4959 = VECTOR ( 'NONE', #2434, 1000.000000000000000 ) ;
#4960 = PLANE ( 'NONE',  #7098 ) ;
#4961 = EDGE_CURVE ( 'NONE', #4190, #3837, #7830, .T. ) ;
#4962 = ADVANCED_FACE ( 'NONE', ( #1794 ), #7358, .F. ) ;
#4963 = AXIS2_PLACEMENT_3D ( 'NONE', #7802, #1492, #9 ) ;
#4964 = VECTOR ( 'NONE', #8151, 1000.000000000000000 ) ;
#4965 = DIRECTION ( 'NONE',  ( 0.000000000000000000, -1.000000000000000000, 0.000000000000000000 ) ) ;
#4966 = CARTESIAN_POINT ( 'NONE',  ( -6.120000000000001883, -3.180000000000000604, -0.1200000000000000094 ) ) ;
#4967 = PLANE ( 'NONE',  #8424 ) ;
#4968 = VERTEX_POINT ( 'NONE', #311 ) ;
#4969 = CARTESIAN_POINT ( 'NONE',  ( -3.120000000000001883, 7.500000000000000000, -0.1200000000000000094 ) ) ;
#4970 = ADVANCED_FACE ( 'NONE', ( #4722 ), #8149, .T. ) ;
#4971 = CARTESIAN_POINT ( 'NONE',  ( 0.1199999999999977196, -3.180000000000000604, 0.1200000000000000094 ) ) ;
#4972 = CARTESIAN_POINT ( 'NONE',  ( -15.32000000000000206, 1.269999999999999352, 1.270000000000000018 ) ) ;
#4973 = ORIENTED_EDGE ( 'NONE', *, *, #8138, .T. ) ;
#4974 = VECTOR ( 'NONE', #4267, 1000.000000000000000 ) ;
#4975 = EDGE_CURVE ( 'NONE', #642, #4476, #6666, .T. ) ;
#4976 = FACE_OUTER_BOUND ( 'NONE', #1101, .T. ) ;
#4977 = CARTESIAN_POINT ( 'NONE',  ( 2.384999999999998010, 1.849999999999999645, 1.916979166667000190 ) ) ;
#4978 = CARTESIAN_POINT ( 'NONE',  ( 2.994999999999997442, -1.275000000000000133, 2.319999999999999840 ) ) ;
#4979 = LINE ( 'NONE', #5026, #9165 ) ;
#4980 = ORIENTED_EDGE ( 'NONE', *, *, #4086, .F. ) ;
#4981 = ORIENTED_EDGE ( 'NONE', *, *, #3332, .F. ) ;
#4982 = FACE_OUTER_BOUND ( 'NONE', #4994, .T. ) ;
#4983 = CARTESIAN_POINT ( 'NONE',  ( -5.680000000000001492, 1.349999999999999645, 1.649999999999999911 ) ) ;
#4984 = VECTOR ( 'NONE', #8226, 1000.000000000000000 ) ;
#4985 = VECTOR ( 'NONE', #4586, 1000.000000000000000 ) ;
#4986 = EDGE_CURVE ( 'NONE', #1023, #2824, #5265, .T. ) ;
#4987 = CARTESIAN_POINT ( 'NONE',  ( 2.384999999999998010, 1.849999999999999645, 1.916979166667000190 ) ) ;
#4988 = ORIENTED_EDGE ( 'NONE', *, *, #7373, .T. ) ;
#4989 = ORIENTED_EDGE ( 'NONE', *, *, #5244, .F. ) ;
#4990 = VERTEX_POINT ( 'NONE', #6010 ) ;
#4991 = LINE ( 'NONE', #3645, #2020 ) ;
#4992 =( GEOMETRIC_REPRESENTATION_CONTEXT ( 3 ) GLOBAL_UNCERTAINTY_ASSIGNED_CONTEXT ( ( #7746 ) ) GLOBAL_UNIT_ASSIGNED_CONTEXT ( ( #1379, #7900, #678 ) ) REPRESENTATION_CONTEXT ( 'NONE', 'WORKASPACE' ) );
#4993 = EDGE_LOOP ( 'NONE', ( #7157, #3838, #767, #5504 ) ) ;
#4994 = EDGE_LOOP ( 'NONE', ( #5452, #6512, #2161, #7421, #5174, #4937, #4988, #4110 ) ) ;
#4995 = DIRECTION ( 'NONE',  ( 0.000000000000000000, 0.000000000000000000, 1.000000000000000000 ) ) ;
#4996 = AXIS2_PLACEMENT_3D ( 'NONE', #2539, #7027, #6111 ) ;
#4997 = EDGE_CURVE ( 'NONE', #1035, #7219, #1009, .T. ) ;
#4998 = VECTOR ( 'NONE', #5503, 1000.000000000000000 ) ;
#4999 = VECTOR ( 'NONE', #7190, 1000.000000000000000 ) ;
#5000 = EDGE_CURVE ( 'NONE', #7415, #8284, #1841, .T. ) ;
#5001 = ORIENTED_EDGE ( 'NONE', *, *, #596, .F. ) ;
#5002 = EDGE_CURVE ( 'NONE', #382, #4906, #1057, .T. ) ;
#5003 = CARTESIAN_POINT ( 'NONE',  ( 0.3199999999999982303, -8.673617379884035472E-16, 1.680000000000000160 ) ) ;
#5004 = LINE ( 'NONE', #2835, #3809 ) ;
#5005 = AXIS2_PLACEMENT_3D ( 'NONE', #2159, #7037, #7126 ) ;
#5006 = DIRECTION ( 'NONE',  ( 0.000000000000000000, -1.000000000000000000, 0.000000000000000000 ) ) ;
#5007 = PLANE ( 'NONE',  #6700 ) ;
#5008 = DIRECTION ( 'NONE',  ( 0.000000000000000000, 0.000000000000000000, -1.000000000000000000 ) ) ;
#5009 = FACE_OUTER_BOUND ( 'NONE', #3903, .T. ) ;
#5010 = AXIS2_PLACEMENT_3D ( 'NONE', #3165, #3023, #2328 ) ;
#5011 = FACE_OUTER_BOUND ( 'NONE', #6072, .T. ) ;
#5012 = CARTESIAN_POINT ( 'NONE',  ( 2.619999999999997442, 9.199999999999999289, -1.953992523340000041E-14 ) ) ;
#5013 = ORIENTED_EDGE ( 'NONE', *, *, #5593, .F. ) ;
#5014 = DIRECTION ( 'NONE',  ( -0.000000000000000000, -0.3162277660168079652, -0.9486832980505238710 ) ) ;
#5015 = LINE ( 'NONE', #886, #3969 ) ;
#5016 = DIRECTION ( 'NONE',  ( 5.921189464668000530E-14, -1.000000000000000000, 0.000000000000000000 ) ) ;
#5017 = ORIENTED_EDGE ( 'NONE', *, *, #2165, .T. ) ;
#5018 = VECTOR ( 'NONE', #1581, 1000.000000000000114 ) ;
#5019 = CARTESIAN_POINT ( 'NONE',  ( 0.2199999999999979750, -2.880000000000000782, 0.000000000000000000 ) ) ;
#5020 = EDGE_CURVE ( 'NONE', #2762, #5583, #2439, .T. ) ;
#5021 = VECTOR ( 'NONE', #407, 1000.000000000000000 ) ;
#5022 = EDGE_CURVE ( 'NONE', #1927, #6877, #8235, .T. ) ;
#5023 = CARTESIAN_POINT ( 'NONE',  ( 2.384999999999998010, 0.6699999999999995959, 1.270000000000000018 ) ) ;
#5024 = CARTESIAN_POINT ( 'NONE',  ( -8.680000000000001492, -2.580000000000000515, -0.3200000000000000067 ) ) ;
#5025 = VECTOR ( 'NONE', #5482, 1000.000000000000000 ) ;
#5026 = CARTESIAN_POINT ( 'NONE',  ( 1.249999999999998446, 9.899999999999998579, 0.5500000000000000444 ) ) ;
#5027 = VERTEX_POINT ( 'NONE', #358 ) ;
#5028 = CARTESIAN_POINT ( 'NONE',  ( -3.320000000000001616, 0.6999999999999992895, 1.649999999999999911 ) ) ;
#5029 = ORIENTED_EDGE ( 'NONE', *, *, #4738, .T. ) ;
#5030 = VECTOR ( 'NONE', #6039, 1000.000000000000000 ) ;
#5031 = CARTESIAN_POINT ( 'NONE',  ( -0.3200000000000017275, 1.349999999999999645, -1.050000000000000044 ) ) ;
#5032 = CARTESIAN_POINT ( 'NONE',  ( -5.680000000000001492, 0.6699999999999995959, -1.270000000000000018 ) ) ;
#5033 = CARTESIAN_POINT ( 'NONE',  ( -13.25000000000000178, 9.899999999999998579, -1.250000000000000000 ) ) ;
#5035 = ADVANCED_FACE ( 'NONE', ( #4670 ), #2589, .T. ) ;
#5034 = EDGE_LOOP ( 'NONE', ( #7983, #4003, #8021, #1363, #1269, #7094, #6969, #7324, #2725, #6252, #1196, #673, #7632, #8726, #7032, #1785, #4783, #7567 ) ) ;
#5036 = ORIENTED_EDGE ( 'NONE', *, *, #1485, .F. ) ;
#5037 = LINE ( 'NONE', #114, #5718 ) ;
#5038 = ORIENTED_EDGE ( 'NONE', *, *, #1699, .T. ) ;
#5039 = LINE ( 'NONE', #8648, #5125 ) ;
#5040 = VERTEX_POINT ( 'NONE', #5965 ) ;
#5041 = ORIENTED_EDGE ( 'NONE', *, *, #6175, .F. ) ;
#5042 = DIRECTION ( 'NONE',  ( 0.000000000000000000, 0.000000000000000000, -1.000000000000000000 ) ) ;
#5043 = EDGE_CURVE ( 'NONE', #146, #6059, #3839, .T. ) ;
#5044 = ORIENTED_EDGE ( 'NONE', *, *, #3126, .F. ) ;
#5045 = VECTOR ( 'NONE', #2603, 1000.000000000000000 ) ;
#5046 = DIRECTION ( 'NONE',  ( -0.000000000000000000, 1.000000000000000000, 0.000000000000000000 ) ) ;
#5047 = DIRECTION ( 'NONE',  ( 0.000000000000000000, -1.000000000000000000, 0.000000000000000000 ) ) ;
#5048 = LINE ( 'NONE', #6310, #8298 ) ;
#5049 = CARTESIAN_POINT ( 'NONE',  ( -9.320000000000002061, -2.580000000000000515, 0.3200000000000000067 ) ) ;
#5050 = DIRECTION ( 'NONE',  ( 0.000000000000000000, -1.000000000000000000, 0.000000000000000000 ) ) ;
#5051 = EDGE_CURVE ( 'NONE', #3746, #1045, #1893, .T. ) ;
#5052 = CARTESIAN_POINT ( 'NONE',  ( -15.32000000000000206, -8.673617379884035472E-16, -1.270000000000000018 ) ) ;
#5053 = CARTESIAN_POINT ( 'NONE',  ( 2.384999999999998010, -8.673617379884035472E-16, -1.930000000000000160 ) ) ;
#5054 = DIRECTION ( 'NONE',  ( 1.000000000000000000, 0.000000000000000000, 0.000000000000000000 ) ) ;
#5055 = ORIENTED_EDGE ( 'NONE', *, *, #3610, .F. ) ;
#5056 = DIRECTION ( 'NONE',  ( 0.000000000000000000, 0.000000000000000000, -1.000000000000000000 ) ) ;
#5057 = ORIENTED_EDGE ( 'NONE', *, *, #4002, .F. ) ;
#5058 = LINE ( 'NONE', #3499, #2594 ) ;
#5059 = EDGE_CURVE ( 'NONE', #622, #1361, #4627, .T. ) ;
#5060 = ORIENTED_EDGE ( 'NONE', *, *, #819, .F. ) ;
#5061 = CARTESIAN_POINT ( 'NONE',  ( -9.320000000000002061, 1.349999999999999645, -1.930000000000000160 ) ) ;
#5062 = VECTOR ( 'NONE', #7121, 1000.000000000000114 ) ;
#5063 = PLANE ( 'NONE',  #560 ) ;
#5064 = VECTOR ( 'NONE', #7753, 1000.000000000000000 ) ;
#5065 = CARTESIAN_POINT ( 'NONE',  ( -2.680000000000001936, 3.299999999999999378, -0.3200000000000000067 ) ) ;
#5066 = DIRECTION ( 'NONE',  ( 1.000000000000000000, 0.000000000000000000, 0.000000000000000000 ) ) ;
#5067 = ORIENTED_EDGE ( 'NONE', *, *, #4789, .F. ) ;
#5068 = DIRECTION ( 'NONE',  ( -1.000000000000000000, 0.000000000000000000, 0.000000000000000000 ) ) ;
#5069 = EDGE_CURVE ( 'NONE', #8820, #8886, #8050, .T. ) ;
#5070 = ORIENTED_EDGE ( 'NONE', *, *, #3942, .T. ) ;
#5071 = VECTOR ( 'NONE', #8100, 1000.000000000000000 ) ;
#5072 = ADVANCED_FACE ( 'NONE', ( #6760 ), #6073, .T. ) ;
#5073 = LINE ( 'NONE', #8469, #6405 ) ;
#5074 = EDGE_CURVE ( 'NONE', #7419, #3573, #7549, .T. ) ;
#5075 = ADVANCED_FACE ( 'NONE', ( #3979 ), #5224, .T. ) ;
#5076 = LINE ( 'NONE', #805, #6467 ) ;
#5077 = DIRECTION ( 'NONE',  ( -1.015061051086000057E-14, 0.000000000000000000, -1.000000000000000000 ) ) ;
#5078 = EDGE_LOOP ( 'NONE', ( #7040, #5777, #3214, #1562 ) ) ;
#5079 = DIRECTION ( 'NONE',  ( 0.000000000000000000, -1.000000000000000000, 0.000000000000000000 ) ) ;
#5080 = EDGE_LOOP ( 'NONE', ( #3928, #5121, #594, #7168 ) ) ;
#5081 = LINE ( 'NONE', #2951, #1569 ) ;
#5082 = ORIENTED_EDGE ( 'NONE', *, *, #3410, .F. ) ;
#5083 = ORIENTED_EDGE ( 'NONE', *, *, #3994, .T. ) ;
#5084 = EDGE_CURVE ( 'NONE', #8136, #801, #3521, .T. ) ;
#5085 = PLANE ( 'NONE',  #2076 ) ;
#5086 = CARTESIAN_POINT ( 'NONE',  ( -5.680000000000001492, 7.500000000000000000, -0.3200000000000000067 ) ) ;
#5087 = ORIENTED_EDGE ( 'NONE', *, *, #9003, .F. ) ;
#5088 = EDGE_CURVE ( 'NONE', #3508, #4434, #4856, .T. ) ;
#5089 = ORIENTED_EDGE ( 'NONE', *, *, #1783, .F. ) ;
#5090 = DIRECTION ( 'NONE',  ( 0.000000000000000000, 0.000000000000000000, 1.000000000000000000 ) ) ;
#5091 = DIRECTION ( 'NONE',  ( 0.000000000000000000, -1.000000000000000000, 0.000000000000000000 ) ) ;
#5092 = PLANE ( 'NONE',  #1415 ) ;
#5093 = CARTESIAN_POINT ( 'NONE',  ( -4.700000000000001954, 9.350000000000001421, -1.935000000000000053 ) ) ;
#5094 = EDGE_CURVE ( 'NONE', #3153, #931, #2634, .T. ) ;
#5095 = DIRECTION ( 'NONE',  ( -0.3015113445777909407, 0.9045340337332726799, -0.3015113445777909407 ) ) ;
#5096 = DIRECTION ( 'NONE',  ( 0.000000000000000000, 0.000000000000000000, 1.000000000000000000 ) ) ;
#5097 = FACE_BOUND ( 'NONE', #8456, .T. ) ;
#5098 = DIRECTION ( 'NONE',  ( 0.000000000000000000, 0.000000000000000000, 1.000000000000000000 ) ) ;
#5099 = ORIENTED_EDGE ( 'NONE', *, *, #3824, .T. ) ;
#5100 = DIRECTION ( 'NONE',  ( 0.000000000000000000, 0.000000000000000000, 1.000000000000000000 ) ) ;
#5101 = DIRECTION ( 'NONE',  ( -1.000000000000000000, 0.000000000000000000, 0.000000000000000000 ) ) ;
#5102 = CARTESIAN_POINT ( 'NONE',  ( -15.32000000000000206, 0.6699999999999995959, 1.270000000000000018 ) ) ;
#5103 = ORIENTED_EDGE ( 'NONE', *, *, #854, .F. ) ;
#5104 = LINE ( 'NONE', #188, #7679 ) ;
#5105 = AXIS2_PLACEMENT_3D ( 'NONE', #6995, #638, #2895 ) ;
#5106 = EDGE_CURVE ( 'NONE', #6897, #2724, #6994, .T. ) ;
#5107 = LINE ( 'NONE', #190, #2628 ) ;
#5108 = DIRECTION ( 'NONE',  ( 0.000000000000000000, 0.000000000000000000, -1.000000000000000000 ) ) ;
#5109 = FACE_OUTER_BOUND ( 'NONE', #6689, .T. ) ;
#5110 = EDGE_CURVE ( 'NONE', #4594, #4184, #3381, .T. ) ;
#5111 = AXIS2_PLACEMENT_3D ( 'NONE', #8523, #4131, #6964 ) ;
#5112 = CARTESIAN_POINT ( 'NONE',  ( 2.359999999999997655, 1.849999999999999645, 1.930000000000000160 ) ) ;
#5113 = VERTEX_POINT ( 'NONE', #7687 ) ;
#5114 = DIRECTION ( 'NONE',  ( -1.000000000000000000, 0.000000000000000000, 0.000000000000000000 ) ) ;
#5115 = ORIENTED_EDGE ( 'NONE', *, *, #1724, .F. ) ;
#5116 = DIRECTION ( 'NONE',  ( 0.000000000000000000, -1.000000000000000000, 0.000000000000000000 ) ) ;
#5117 = DIRECTION ( 'NONE',  ( -1.000000000000000000, 0.000000000000000000, 0.000000000000000000 ) ) ;
#5118 = DIRECTION ( 'NONE',  ( 0.000000000000000000, 1.000000000000000000, 0.000000000000000000 ) ) ;
#5119 = ORIENTED_EDGE ( 'NONE', *, *, #5590, .T. ) ;
#5120 = CARTESIAN_POINT ( 'NONE',  ( -2.680000000000001936, 0.6999999999999992895, 1.649999999999999911 ) ) ;
#5121 = ORIENTED_EDGE ( 'NONE', *, *, #6225, .T. ) ;
#5122 = LINE ( 'NONE', #3041, #8237 ) ;
#5123 = ORIENTED_EDGE ( 'NONE', *, *, #1227, .F. ) ;
#5124 = VERTEX_POINT ( 'NONE', #1342 ) ;
#5125 = VECTOR ( 'NONE', #5175, 1000.000000000000000 ) ;
#5126 = VECTOR ( 'NONE', #5190, 1000.000000000000000 ) ;
#5127 = CARTESIAN_POINT ( 'NONE',  ( -14.38500000000000156, 0.6699999999999995959, 1.270000000000000018 ) ) ;
#5128 = DIRECTION ( 'NONE',  ( 0.000000000000000000, -1.000000000000000000, 0.000000000000000000 ) ) ;
#5129 = ORIENTED_EDGE ( 'NONE', *, *, #8305, .F. ) ;
#5130 = EDGE_CURVE ( 'NONE', #1261, #7976, #9171, .T. ) ;
#5131 = VECTOR ( 'NONE', #5117, 1000.000000000000000 ) ;
#5132 = VECTOR ( 'NONE', #8742, 1000.000000000000114 ) ;
#5133 = ORIENTED_EDGE ( 'NONE', *, *, #7665, .F. ) ;
#5134 = EDGE_CURVE ( 'NONE', #4031, #6353, #8475, .T. ) ;
#5135 = DIRECTION ( 'NONE',  ( 0.000000000000000000, 0.000000000000000000, -1.000000000000000000 ) ) ;
#5136 = LINE ( 'NONE', #5735, #5140 ) ;
#5137 = CARTESIAN_POINT ( 'NONE',  ( -13.92000000000000171, 9.899999999999998579, -1.250000000000000000 ) ) ;
#5138 = EDGE_CURVE ( 'NONE', #8723, #3133, #1244, .T. ) ;
#5139 = DIRECTION ( 'NONE',  ( 0.000000000000000000, -1.000000000000000000, 0.000000000000000000 ) ) ;
#5140 = VECTOR ( 'NONE', #1655, 1000.000000000000000 ) ;
#5141 = VECTOR ( 'NONE', #181, 1000.000000000000000 ) ;
#5142 = LINE ( 'NONE', #8851, #1071 ) ;
#5143 = DIRECTION ( 'NONE',  ( -0.000000000000000000, 1.000000000000000000, 0.000000000000000000 ) ) ;
#5144 = VECTOR ( 'NONE', #8599, 1000.000000000000000 ) ;
#5145 = LINE ( 'NONE', #6626, #9125 ) ;
#5146 = VERTEX_POINT ( 'NONE', #542 ) ;
#5147 = CARTESIAN_POINT ( 'NONE',  ( -12.32000000000000028, -8.673617379884035472E-16, 1.680000000000000160 ) ) ;
#5148 = VECTOR ( 'NONE', #7110, 1000.000000000000000 ) ;
#5149 = FACE_OUTER_BOUND ( 'NONE', #1039, .T. ) ;
#5150 = DIRECTION ( 'NONE',  ( 0.000000000000000000, 1.000000000000000000, 0.000000000000000000 ) ) ;
#5151 = EDGE_CURVE ( 'NONE', #2451, #8384, #7041, .T. ) ;
#5152 = ORIENTED_EDGE ( 'NONE', *, *, #8649, .T. ) ;
#5153 = CARTESIAN_POINT ( 'NONE',  ( -3.320000000000001616, 0.6999999999999992895, -0.8750000000000000000 ) ) ;
#5154 = VECTOR ( 'NONE', #1575, 1000.000000000000000 ) ;
#5155 = ORIENTED_EDGE ( 'NONE', *, *, #9164, .F. ) ;
#5156 = DIRECTION ( 'NONE',  ( 1.000000000000000000, 0.000000000000000000, 0.000000000000000000 ) ) ;
#5157 = PLANE ( 'NONE',  #6477 ) ;
#5158 = FACE_OUTER_BOUND ( 'NONE', #4330, .T. ) ;
#5159 = CARTESIAN_POINT ( 'NONE',  ( -9.320000000000002061, 0.6999999999999992895, 0.3200000000000000067 ) ) ;
#5160 = CARTESIAN_POINT ( 'NONE',  ( -13.93500000000000050, 0.6699999999999995959, -0.8750000000000000000 ) ) ;
#5161 = EDGE_LOOP ( 'NONE', ( #8291, #3196, #5295, #8338 ) ) ;
#5162 = EDGE_CURVE ( 'NONE', #763, #8116, #6300, .T. ) ;
#5163 = CARTESIAN_POINT ( 'NONE',  ( 3.319999999999998508, 1.449999999999999512, 0.1137500000000000039 ) ) ;
#5164 = VECTOR ( 'NONE', #5054, 1000.000000000000000 ) ;
#5165 = ORIENTED_EDGE ( 'NONE', *, *, #1116, .F. ) ;
#5166 = EDGE_CURVE ( 'NONE', #7822, #4203, #8431, .T. ) ;
#5167 = PLANE ( 'NONE',  #2697 ) ;
#5168 = EDGE_CURVE ( 'NONE', #7415, #1350, #9075, .T. ) ;
#5169 = VECTOR ( 'NONE', #4901, 1000.000000000000000 ) ;
#5170 = LINE ( 'NONE', #294, #7518 ) ;
#5171 = ORIENTED_EDGE ( 'NONE', *, *, #4854, .F. ) ;
#5172 = DIRECTION ( 'NONE',  ( 0.000000000000000000, 0.000000000000000000, 1.000000000000000000 ) ) ;
#5173 = AXIS2_PLACEMENT_3D ( 'NONE', #5823, #78, #266 ) ;
#5174 = ORIENTED_EDGE ( 'NONE', *, *, #3028, .T. ) ;
#5175 = DIRECTION ( 'NONE',  ( 1.000000000000000000, 0.000000000000000000, 0.000000000000000000 ) ) ;
#5176 = ORIENTED_EDGE ( 'NONE', *, *, #351, .F. ) ;
#5177 = ORIENTED_EDGE ( 'NONE', *, *, #4209, .T. ) ;
#5178 = CARTESIAN_POINT ( 'NONE',  ( -9.320000000000002061, 1.349999999999999645, -1.050000000000000044 ) ) ;
#5179 = DIRECTION ( 'NONE',  ( 0.000000000000000000, 0.000000000000000000, 1.000000000000000000 ) ) ;
#5180 = ORIENTED_EDGE ( 'NONE', *, *, #2563, .T. ) ;
#5181 = ORIENTED_EDGE ( 'NONE', *, *, #5431, .T. ) ;
#5182 = PLANE ( 'NONE',  #5617 ) ;
#5183 = DIRECTION ( 'NONE',  ( 1.000000000000000000, 0.000000000000000000, 0.000000000000000000 ) ) ;
#5184 = LINE ( 'NONE', #1566, #2595 ) ;
#5185 = EDGE_CURVE ( 'NONE', #8708, #157, #732, .T. ) ;
#5186 = LINE ( 'NONE', #177, #6854 ) ;
#5187 = ADVANCED_FACE ( 'NONE', ( #2776 ), #6161, .T. ) ;
#5188 = ADVANCED_FACE ( 'NONE', ( #2081 ), #2677, .T. ) ;
#5189 = DIRECTION ( 'NONE',  ( 0.000000000000000000, 0.000000000000000000, 1.000000000000000000 ) ) ;
#5190 = DIRECTION ( 'NONE',  ( -1.000000000000000000, 0.000000000000000000, 0.000000000000000000 ) ) ;
#5191 = ORIENTED_EDGE ( 'NONE', *, *, #2270, .T. ) ;
#5192 = LINE ( 'NONE', #1708, #6046 ) ;
#5193 = CARTESIAN_POINT ( 'NONE',  ( -8.680000000000001492, 1.349999999999999645, 1.649999999999999911 ) ) ;
#5194 = DIRECTION ( 'NONE',  ( 0.000000000000000000, 0.3162277660168079652, 0.9486832980505238710 ) ) ;
#5195 = VERTEX_POINT ( 'NONE', #5461 ) ;
#5196 = DIRECTION ( 'NONE',  ( -1.000000000000000000, 0.000000000000000000, 0.000000000000000000 ) ) ;
#5197 = EDGE_LOOP ( 'NONE', ( #1374, #6720, #5203, #8746 ) ) ;
#5198 = LINE ( 'NONE', #328, #5926 ) ;
#5199 = LINE ( 'NONE', #8027, #6926 ) ;
#5200 = ORIENTED_EDGE ( 'NONE', *, *, #471, .F. ) ;
#5201 = FACE_OUTER_BOUND ( 'NONE', #5286, .T. ) ;
#5202 = CARTESIAN_POINT ( 'NONE',  ( 2.969999999999998863, -1.400000000000000133, 2.169999999999999929 ) ) ;
#5203 = ORIENTED_EDGE ( 'NONE', *, *, #7889, .T. ) ;
#5204 = EDGE_CURVE ( 'NONE', #4855, #8184, #4206, .T. ) ;
#5205 = DIRECTION ( 'NONE',  ( 0.000000000000000000, 0.000000000000000000, -1.000000000000000000 ) ) ;
#5206 = ORIENTED_EDGE ( 'NONE', *, *, #7903, .F. ) ;
#5207 = DIRECTION ( 'NONE',  ( 1.000000000000000000, 0.000000000000000000, 0.000000000000000000 ) ) ;
#5208 = AXIS2_PLACEMENT_3D ( 'NONE', #5738, #8524, #8573 ) ;
#5209 =( NAMED_UNIT ( * ) SI_UNIT ( $, .STERADIAN. ) SOLID_ANGLE_UNIT ( ) );
#5210 = PLANE ( 'NONE',  #3228 ) ;
#5211 = VERTEX_POINT ( 'NONE', #1935 ) ;
#5212 = PLANE ( 'NONE',  #2779 ) ;
#5213 = ORIENTED_EDGE ( 'NONE', *, *, #3787, .F. ) ;
#5214 = CARTESIAN_POINT ( 'NONE',  ( 2.384999999999998010, -8.673617379884035472E-16, -1.930000000000000160 ) ) ;
#5215 = VECTOR ( 'NONE', #1940, 1000.000000000000000 ) ;
#5216 = ORIENTED_EDGE ( 'NONE', *, *, #4209, .F. ) ;
#5217 = ORIENTED_EDGE ( 'NONE', *, *, #8049, .F. ) ;
#5218 = DIRECTION ( 'NONE',  ( 0.000000000000000000, 0.3162277660168079652, 0.9486832980505238710 ) ) ;
#5219 = ADVANCED_FACE ( 'NONE', ( #9031 ), #5502, .T. ) ;
#5220 = CARTESIAN_POINT ( 'NONE',  ( -8.680000000000001492, -8.673617379884035472E-16, -1.930000000000000160 ) ) ;
#5221 = EDGE_CURVE ( 'NONE', #4120, #5404, #1287, .T. ) ;
#5222 = ORIENTED_EDGE ( 'NONE', *, *, #6503, .T. ) ;
#5223 = VERTEX_POINT ( 'NONE', #2254 ) ;
#5224 = PLANE ( 'NONE',  #545 ) ;
#5225 = PLANE ( 'NONE',  #2629 ) ;
#5226 = CARTESIAN_POINT ( 'NONE',  ( -1.750000000000001554, 9.899999999999998579, 1.250000000000000000 ) ) ;
#5227 = LINE ( 'NONE', #6262, #4331 ) ;
#5228 = LINE ( 'NONE', #8153, #5405 ) ;
#5229 = DIRECTION ( 'NONE',  ( 0.000000000000000000, 1.000000000000000000, 0.000000000000000000 ) ) ;
#5230 = ORIENTED_EDGE ( 'NONE', *, *, #6930, .F. ) ;
#5231 = CARTESIAN_POINT ( 'NONE',  ( -8.880000000000002558, 7.500000000000000000, -0.1200000000000000094 ) ) ;
#5232 = PLANE ( 'NONE',  #7519 ) ;
#5233 = PLANE ( 'NONE',  #4812 ) ;
#5234 = EDGE_LOOP ( 'NONE', ( #8477, #4615, #7930, #3836 ) ) ;
#5235 = EDGE_CURVE ( 'NONE', #8374, #5581, #6476, .T. ) ;
#5236 = DIRECTION ( 'NONE',  ( -1.000000000000000000, 0.000000000000000000, 0.000000000000000000 ) ) ;
#5237 = EDGE_LOOP ( 'NONE', ( #5899, #5682, #7938, #3635, #2201, #2274, #8192, #4949 ) ) ;
#5238 = DIRECTION ( 'NONE',  ( 1.000000000000000000, 0.000000000000000000, 0.000000000000000000 ) ) ;
#5239 = EDGE_CURVE ( 'NONE', #1531, #6836, #7167, .T. ) ;
#5240 = CARTESIAN_POINT ( 'NONE',  ( -15.32000000000000206, -8.673617379884035472E-16, -1.270000000000000018 ) ) ;
#5241 = ORIENTED_EDGE ( 'NONE', *, *, #2294, .T. ) ;
#5242 = LINE ( 'NONE', #3679, #3084 ) ;
#5243 = DIRECTION ( 'NONE',  ( 1.000000000000000000, 0.000000000000000000, 0.000000000000000000 ) ) ;
#5244 = EDGE_CURVE ( 'NONE', #1382, #6298, #3738, .T. ) ;
#5245 = ORIENTED_EDGE ( 'NONE', *, *, #6682, .T. ) ;
#5246 = CARTESIAN_POINT ( 'NONE',  ( 0.3199999999999982303, -2.580000000000000515, 0.3200000000000000067 ) ) ;
#5247 = VECTOR ( 'NONE', #8735, 1000.000000000000000 ) ;
#5248 = VERTEX_POINT ( 'NONE', #116 ) ;
#5249 = DIRECTION ( 'NONE',  ( 0.000000000000000000, -0.3162277660168079652, 0.9486832980505238710 ) ) ;
#5250 = VECTOR ( 'NONE', #6113, 1000.000000000000000 ) ;
#5251 = CARTESIAN_POINT ( 'NONE',  ( -2.680000000000001936, 0.6999999999999992895, 1.649999999999999911 ) ) ;
#5252 = VERTEX_POINT ( 'NONE', #6564 ) ;
#5253 = DIRECTION ( 'NONE',  ( 0.000000000000000000, 1.000000000000000000, 0.000000000000000000 ) ) ;
#5254 = ORIENTED_EDGE ( 'NONE', *, *, #910, .T. ) ;
#5255 = LINE ( 'NONE', #3918, #3514 ) ;
#5256 = ORIENTED_EDGE ( 'NONE', *, *, #4566, .F. ) ;
#5257 = ORIENTED_EDGE ( 'NONE', *, *, #5564, .F. ) ;
#5258 = EDGE_CURVE ( 'NONE', #8218, #5124, #5081, .T. ) ;
#5259 = DIRECTION ( 'NONE',  ( 0.000000000000000000, -0.9486832980505238710, -0.3162277660168079652 ) ) ;
#5260 = FACE_OUTER_BOUND ( 'NONE', #274, .T. ) ;
#5261 = LINE ( 'NONE', #2393, #1411 ) ;
#5262 = VERTEX_POINT ( 'NONE', #72 ) ;
#5263 = ORIENTED_EDGE ( 'NONE', *, *, #5235, .T. ) ;
#5264 = ORIENTED_EDGE ( 'NONE', *, *, #6281, .T. ) ;
#5265 = LINE ( 'NONE', #1745, #1020 ) ;
#5266 = CARTESIAN_POINT ( 'NONE',  ( -14.97000000000000242, -1.400000000000000133, 1.869999999999999885 ) ) ;
#5267 = VECTOR ( 'NONE', #637, 1000.000000000000000 ) ;
#5268 = VECTOR ( 'NONE', #8181, 1000.000000000000000 ) ;
#5269 = EDGE_CURVE ( 'NONE', #1261, #5918, #8698, .T. ) ;
#5270 = DIRECTION ( 'NONE',  ( 0.000000000000000000, 0.000000000000000000, 1.000000000000000000 ) ) ;
#5271 = CARTESIAN_POINT ( 'NONE',  ( 3.319999999999998508, 2.487234067916999525, 0.1137500000000000039 ) ) ;
#5272 = EDGE_CURVE ( 'NONE', #7662, #1462, #27, .T. ) ;
#5274 = CARTESIAN_POINT ( 'NONE',  ( -2.680000000000001936, 1.349999999999999645, -1.930000000000000160 ) ) ;
#5273 = VECTOR ( 'NONE', #2158, 1000.000000000000000 ) ;
#5275 = VECTOR ( 'NONE', #4075, 1000.000000000000114 ) ;
#5276 = EDGE_CURVE ( 'NONE', #3525, #5760, #7212, .T. ) ;
#5277 = EDGE_CURVE ( 'NONE', #6841, #458, #862, .T. ) ;
#5278 = CARTESIAN_POINT ( 'NONE',  ( -15.32000000000000206, -8.673617379884035472E-16, -1.270000000000000018 ) ) ;
#5279 = ORIENTED_EDGE ( 'NONE', *, *, #6821, .F. ) ;
#5280 = DIRECTION ( 'NONE',  ( 0.000000000000000000, -1.000000000000000000, 0.000000000000000000 ) ) ;
#5281 = DIRECTION ( 'NONE',  ( 1.000000000000000000, 0.000000000000000000, 0.000000000000000000 ) ) ;
#5282 = CARTESIAN_POINT ( 'NONE',  ( -7.300000000000001599, 7.399999999999999467, -3.135000000000000231 ) ) ;
#5283 = VERTEX_POINT ( 'NONE', #1473 ) ;
#5284 = AXIS2_PLACEMENT_3D ( 'NONE', #8500, #6978, #8413 ) ;
#5285 = CARTESIAN_POINT ( 'NONE',  ( -12.32000000000000028, 0.6699999999999995959, -0.8750000000000000000 ) ) ;
#5286 = EDGE_LOOP ( 'NONE', ( #5831, #6465, #2579, #3407 ) ) ;
#5287 = DIRECTION ( 'NONE',  ( 0.000000000000000000, 0.000000000000000000, 1.000000000000000000 ) ) ;
#5288 = VECTOR ( 'NONE', #5183, 1000.000000000000000 ) ;
#5289 = VECTOR ( 'NONE', #5101, 1000.000000000000000 ) ;
#5290 = VECTOR ( 'NONE', #7711, 1000.000000000000000 ) ;
#5291 = FACE_BOUND ( 'NONE', #8498, .T. ) ;
#5292 = ORIENTED_EDGE ( 'NONE', *, *, #5709, .T. ) ;
#5293 = CARTESIAN_POINT ( 'NONE',  ( -14.99500000000000099, -1.275000000000000133, 1.719999999999999973 ) ) ;
#5294 = PLANE ( 'NONE',  #9026 ) ;
#5295 = ORIENTED_EDGE ( 'NONE', *, *, #8278, .T. ) ;
#5296 = DIRECTION ( 'NONE',  ( 1.000000000000000000, 0.000000000000000000, 0.000000000000000000 ) ) ;
#5297 = ORIENTED_EDGE ( 'NONE', *, *, #6249, .F. ) ;
#5298 = ORIENTED_EDGE ( 'NONE', *, *, #8707, .F. ) ;
#5299 = VECTOR ( 'NONE', #3517, 1000.000000000000000 ) ;
#5300 = EDGE_CURVE ( 'NONE', #4287, #4564, #4991, .T. ) ;
#5301 = FACE_OUTER_BOUND ( 'NONE', #3020, .T. ) ;
#5302 = EDGE_CURVE ( 'NONE', #801, #3681, #1603, .T. ) ;
#5303 = EDGE_CURVE ( 'NONE', #1366, #5567, #6432, .T. ) ;
#5304 = AXIS2_PLACEMENT_3D ( 'NONE', #5522, #8869, #3950 ) ;
#5305 = VECTOR ( 'NONE', #6910, 1000.000000000000227 ) ;
#5306 = FACE_OUTER_BOUND ( 'NONE', #212, .T. ) ;
#5307 = ORIENTED_EDGE ( 'NONE', *, *, #6309, .F. ) ;
#5308 = CARTESIAN_POINT ( 'NONE',  ( -11.68000000000000327, 0.6999999999999992895, 1.649999999999999911 ) ) ;
#5309 = ORIENTED_EDGE ( 'NONE', *, *, #7603, .F. ) ;
#5310 = LINE ( 'NONE', #394, #687 ) ;
#5311 = ORIENTED_EDGE ( 'NONE', *, *, #8990, .T. ) ;
#5312 = ORIENTED_EDGE ( 'NONE', *, *, #2352, .T. ) ;
#5313 = DIRECTION ( 'NONE',  ( 1.000000000000000000, 0.000000000000000000, 0.000000000000000000 ) ) ;
#5314 = CARTESIAN_POINT ( 'NONE',  ( -2.680000000000001936, 1.269999999999999352, 0.8750000000000000000 ) ) ;
#5315 = VECTOR ( 'NONE', #6248, 1000.000000000000000 ) ;
#5316 = DIRECTION ( 'NONE',  ( 0.000000000000000000, 0.000000000000000000, -1.000000000000000000 ) ) ;
#5317 = ADVANCED_FACE ( 'NONE', ( #8514 ), #2906, .T. ) ;
#5318 = AXIS2_PLACEMENT_3D ( 'NONE', #3814, #5343, #6640 ) ;
#5319 = FACE_OUTER_BOUND ( 'NONE', #7267, .T. ) ;
#5320 = EDGE_LOOP ( 'NONE', ( #290, #2105, #7527, #6236 ) ) ;
#5321 = VERTEX_POINT ( 'NONE', #8604 ) ;
#5322 = DIRECTION ( 'NONE',  ( 0.000000000000000000, 1.000000000000000000, 0.000000000000000000 ) ) ;
#5323 = DIRECTION ( 'NONE',  ( 0.000000000000000000, 0.000000000000000000, 1.000000000000000000 ) ) ;
#5324 = VECTOR ( 'NONE', #1200, 1000.000000000000000 ) ;
#5325 = PLANE ( 'NONE',  #3491 ) ;
#5326 = FACE_OUTER_BOUND ( 'NONE', #1970, .T. ) ;
#5327 = EDGE_CURVE ( 'NONE', #5640, #4938, #8559, .T. ) ;
#5328 = AXIS2_PLACEMENT_3D ( 'NONE', #6062, #1788, #8893 ) ;
#5329 = PLANE ( 'NONE',  #7001 ) ;
#5330 = DIRECTION ( 'NONE',  ( 0.000000000000000000, -1.000000000000000000, 0.000000000000000000 ) ) ;
#5331 = ORIENTED_EDGE ( 'NONE', *, *, #6273, .T. ) ;
#5332 = CARTESIAN_POINT ( 'NONE',  ( -12.00000000000000178, -2.880000000000000782, 0.2200000000000000011 ) ) ;
#5333 = DIRECTION ( 'NONE',  ( 0.000000000000000000, -1.000000000000000000, 0.000000000000000000 ) ) ;
#5334 = CARTESIAN_POINT ( 'NONE',  ( -12.32000000000000028, -2.580000000000000515, -0.3200000000000000067 ) ) ;
#5335 = ORIENTED_EDGE ( 'NONE', *, *, #3325, .F. ) ;
#5336 = CARTESIAN_POINT ( 'NONE',  ( -11.88000000000000256, 7.500000000000000000, -0.1200000000000000094 ) ) ;
#5337 = ORIENTED_EDGE ( 'NONE', *, *, #506, .F. ) ;
#5338 = DIRECTION ( 'NONE',  ( 0.000000000000000000, -1.000000000000000000, 0.000000000000000000 ) ) ;
#5339 = CARTESIAN_POINT ( 'NONE',  ( -15.32000000000000206, -8.673617379884035472E-16, -1.930000000000000160 ) ) ;
#5340 = ORIENTED_EDGE ( 'NONE', *, *, #3359, .T. ) ;
#5341 = EDGE_CURVE ( 'NONE', #1385, #2907, #2211, .T. ) ;
#5342 = FACE_OUTER_BOUND ( 'NONE', #3777, .T. ) ;
#5343 = DIRECTION ( 'NONE',  ( 1.000000000000000000, 0.000000000000000000, 0.000000000000000000 ) ) ;
#5344 = ORIENTED_EDGE ( 'NONE', *, *, #5956, .F. ) ;
#5345 = CARTESIAN_POINT ( 'NONE',  ( -15.32000000000000206, 9.899999999999998579, 2.429999999999999716 ) ) ;
#5346 = ORIENTED_EDGE ( 'NONE', *, *, #1105, .F. ) ;
#5347 = ORIENTED_EDGE ( 'NONE', *, *, #2465, .T. ) ;
#5348 = CARTESIAN_POINT ( 'NONE',  ( -3.320000000000001616, 3.299999999999999378, -0.3200000000000000067 ) ) ;
#5349 = CARTESIAN_POINT ( 'NONE',  ( -9.320000000000002061, 1.349999999999999645, -1.930000000000000160 ) ) ;
#5350 = CARTESIAN_POINT ( 'NONE',  ( -15.32000000000000206, -8.673617379884035472E-16, 0.7500000000000000000 ) ) ;
#5351 = FACE_OUTER_BOUND ( 'NONE', #7842, .T. ) ;
#5352 = ORIENTED_EDGE ( 'NONE', *, *, #3727, .F. ) ;
#5353 = EDGE_CURVE ( 'NONE', #2623, #4881, #5039, .T. ) ;
#5354 = DIRECTION ( 'NONE',  ( 0.000000000000000000, 0.000000000000000000, -1.000000000000000000 ) ) ;
#5355 = VERTEX_POINT ( 'NONE', #2297 ) ;
#5356 = CARTESIAN_POINT ( 'NONE',  ( -11.68000000000000327, -8.673617379884035472E-16, -1.270000000000000018 ) ) ;
#5357 = ORIENTED_EDGE ( 'NONE', *, *, #289, .F. ) ;
#5358 = ORIENTED_EDGE ( 'NONE', *, *, #1596, .F. ) ;
#5359 = EDGE_CURVE ( 'NONE', #7953, #215, #5122, .T. ) ;
#5360 = EDGE_CURVE ( 'NONE', #5447, #1502, #8000, .T. ) ;
#5361 = CARTESIAN_POINT ( 'NONE',  ( -1.250000000000001998, 9.899999999999998579, -1.250000000000000000 ) ) ;
#5362 = FACE_OUTER_BOUND ( 'NONE', #7657, .T. ) ;
#5363 = LINE ( 'NONE', #8144, #585 ) ;
#5364 = VECTOR ( 'NONE', #1040, 1000.000000000000114 ) ;
#5365 = DIRECTION ( 'NONE',  ( 0.000000000000000000, 0.3162277660168079652, 0.9486832980505238710 ) ) ;
#5366 = EDGE_LOOP ( 'NONE', ( #4076, #8774, #6306, #6297 ) ) ;
#5367 = ORIENTED_EDGE ( 'NONE', *, *, #7025, .T. ) ;
#5368 = EDGE_CURVE ( 'NONE', #1588, #3495, #4474, .T. ) ;
#5369 = DIRECTION ( 'NONE',  ( -0.000000000000000000, -0.3162277660168079652, -0.9486832980505238710 ) ) ;
#5370 = DIRECTION ( 'NONE',  ( 0.000000000000000000, 0.000000000000000000, 1.000000000000000000 ) ) ;
#5371 = EDGE_CURVE ( 'NONE', #4089, #370, #8890, .T. ) ;
#5372 = CARTESIAN_POINT ( 'NONE',  ( -11.25000000000000355, 9.049999999999998934, 2.429999999999999716 ) ) ;
#5373 = EDGE_CURVE ( 'NONE', #68, #7691, #6655, .T. ) ;
#5374 = DIRECTION ( 'NONE',  ( -1.000000000000000000, 0.000000000000000000, 0.000000000000000000 ) ) ;
#5375 = CARTESIAN_POINT ( 'NONE',  ( -8.680000000000001492, 6.899999999999999467, -0.3200000000000000067 ) ) ;
#5376 = PLANE ( 'NONE',  #8238 ) ;
#5377 = VERTEX_POINT ( 'NONE', #6104 ) ;
#5378 = LINE ( 'NONE', #2505, #6052 ) ;
#5379 = DIRECTION ( 'NONE',  ( 0.000000000000000000, -1.000000000000000000, 0.000000000000000000 ) ) ;
#5380 = LINE ( 'NONE', #4079, #1421 ) ;
#5381 = EDGE_CURVE ( 'NONE', #1418, #3573, #298, .T. ) ;
#5382 = DIRECTION ( 'NONE',  ( 0.000000000000000000, 0.000000000000000000, 1.000000000000000000 ) ) ;
#5383 = DIRECTION ( 'NONE',  ( 0.000000000000000000, 0.000000000000000000, 1.000000000000000000 ) ) ;
#5384 = LINE ( 'NONE', #8207, #4845 ) ;
#5385 = ORIENTED_EDGE ( 'NONE', *, *, #7837, .T. ) ;
#5386 = DIRECTION ( 'NONE',  ( 0.000000000000000000, 0.000000000000000000, 1.000000000000000000 ) ) ;
#5387 = CARTESIAN_POINT ( 'NONE',  ( -6.320000000000002061, 3.299999999999999378, 0.3200000000000000067 ) ) ;
#5388 = ORIENTED_EDGE ( 'NONE', *, *, #5359, .F. ) ;
#5389 = CARTESIAN_POINT ( 'NONE',  ( -12.55000000000000249, 3.299999999999999378, 1.250000000000000000 ) ) ;
#5390 = FACE_OUTER_BOUND ( 'NONE', #1851, .T. ) ;
#5391 = ORIENTED_EDGE ( 'NONE', *, *, #7462, .T. ) ;
#5392 = VERTEX_POINT ( 'NONE', #1782 ) ;
#5393 = ADVANCED_FACE ( 'NONE', ( #8084 ), #8137, .T. ) ;
#5394 = LINE ( 'NONE', #2793, #6263 ) ;
#5395 = DIRECTION ( 'NONE',  ( 0.3015113445777909407, -0.9045340337332726799, -0.3015113445777909407 ) ) ;
#5396 = EDGE_CURVE ( 'NONE', #1389, #7163, #5255, .T. ) ;
#5397 = CARTESIAN_POINT ( 'NONE',  ( 0.3199999999999982303, -8.673617379884035472E-16, 1.270000000000000018 ) ) ;
#5398 = DIRECTION ( 'NONE',  ( 0.000000000000000000, 0.000000000000000000, -1.000000000000000000 ) ) ;
#5399 = ORIENTED_EDGE ( 'NONE', *, *, #5360, .T. ) ;
#5400 = CARTESIAN_POINT ( 'NONE',  ( -11.68000000000000327, 0.6999999999999992895, 0.8750000000000000000 ) ) ;
#5401 = ORIENTED_EDGE ( 'NONE', *, *, #5925, .F. ) ;
#5402 = LINE ( 'NONE', #6699, #7192 ) ;
#5403 = ORIENTED_EDGE ( 'NONE', *, *, #596, .T. ) ;
#5404 = VERTEX_POINT ( 'NONE', #8929 ) ;
#5405 = VECTOR ( 'NONE', #3194, 1000.000000000000000 ) ;
#5406 = DIRECTION ( 'NONE',  ( 1.000000000000000000, 0.000000000000000000, 0.000000000000000000 ) ) ;
#5407 = CARTESIAN_POINT ( 'NONE',  ( -8.680000000000001492, 0.6999999999999992895, 1.649999999999999911 ) ) ;
#5408 = VECTOR ( 'NONE', #8917, 1000.000000000000000 ) ;
#5409 = VECTOR ( 'NONE', #1060, 1000.000000000000000 ) ;
#5410 = DIRECTION ( 'NONE',  ( 0.000000000000000000, -1.000000000000000000, 0.000000000000000000 ) ) ;
#5411 = DIRECTION ( 'NONE',  ( -2.960594732334000265E-14, -1.000000000000000000, -0.000000000000000000 ) ) ;
#5412 = CARTESIAN_POINT ( 'NONE',  ( -11.68000000000000327, 1.269999999999999352, -0.8750000000000000000 ) ) ;
#5413 = VERTEX_POINT ( 'NONE', #5356 ) ;
#5414 = ORIENTED_EDGE ( 'NONE', *, *, #8816, .T. ) ;
#5415 = CARTESIAN_POINT ( 'NONE',  ( -7.300000000000001599, 9.350000000000001421, -1.935000000000000053 ) ) ;
#5416 = DIRECTION ( 'NONE',  ( 0.000000000000000000, 0.000000000000000000, 1.000000000000000000 ) ) ;
#5417 = VECTOR ( 'NONE', #3395, 1000.000000000000000 ) ;
#5418 = CARTESIAN_POINT ( 'NONE',  ( -14.38500000000000156, 1.849999999999999645, 1.916979166667000190 ) ) ;
#5419 = ADVANCED_FACE ( 'NONE', ( #1092 ), #2577, .T. ) ;
#5420 = EDGE_CURVE ( 'NONE', #915, #2702, #8784, .T. ) ;
#5421 = DIRECTION ( 'NONE',  ( 0.000000000000000000, 0.000000000000000000, 1.000000000000000000 ) ) ;
#5422 = VERTEX_POINT ( 'NONE', #5214 ) ;
#5423 = DIRECTION ( 'NONE',  ( 0.000000000000000000, 0.000000000000000000, -1.000000000000000000 ) ) ;
#5424 = DIRECTION ( 'NONE',  ( 0.000000000000000000, 1.000000000000000000, 0.000000000000000000 ) ) ;
#5425 = DIRECTION ( 'NONE',  ( 0.000000000000000000, 0.000000000000000000, 1.000000000000000000 ) ) ;
#5426 = CARTESIAN_POINT ( 'NONE',  ( -5.680000000000001492, -8.673617379884035472E-16, 1.680000000000000160 ) ) ;
#5427 = MECHANICAL_DESIGN_GEOMETRIC_PRESENTATION_REPRESENTATION (  '', ( #3055 ), #4992 ) ;
#5428 = VECTOR ( 'NONE', #5554, 1000.000000000000114 ) ;
#5429 = DIRECTION ( 'NONE',  ( 0.000000000000000000, 0.000000000000000000, -1.000000000000000000 ) ) ;
#5430 = DIRECTION ( 'NONE',  ( 0.000000000000000000, 0.000000000000000000, -1.000000000000000000 ) ) ;
#5431 = EDGE_CURVE ( 'NONE', #7223, #6479, #2428, .T. ) ;
#5432 = EDGE_LOOP ( 'NONE', ( #3392, #1830, #1298, #3949 ) ) ;
#5433 = DIRECTION ( 'NONE',  ( 0.000000000000000000, 1.000000000000000000, 0.000000000000000000 ) ) ;
#5434 = VECTOR ( 'NONE', #8923, 1000.000000000000000 ) ;
#5435 = ORIENTED_EDGE ( 'NONE', *, *, #1036, .T. ) ;
#5436 = CARTESIAN_POINT ( 'NONE',  ( 3.319999999999998508, -8.673617379884035472E-16, 1.570000000000000062 ) ) ;
#5437 = CARTESIAN_POINT ( 'NONE',  ( -7.300000000000001599, 7.399999999999999467, -3.135000000000000231 ) ) ;
#5438 = EDGE_LOOP ( 'NONE', ( #6872, #2430, #6861, #7868 ) ) ;
#5439 = VERTEX_POINT ( 'NONE', #3229 ) ;
#5440 = VECTOR ( 'NONE', #5410, 1000.000000000000000 ) ;
#5441 = CARTESIAN_POINT ( 'NONE',  ( 3.019999999999998241, -1.400000000000000133, 2.169999999999999929 ) ) ;
#5442 = VECTOR ( 'NONE', #2875, 1000.000000000000000 ) ;
#5443 = VECTOR ( 'NONE', #5828, 1000.000000000000000 ) ;
#5444 = DIRECTION ( 'NONE',  ( 1.000000000000000000, 0.000000000000000000, 0.000000000000000000 ) ) ;
#5445 = EDGE_CURVE ( 'NONE', #429, #6026, #5402, .T. ) ;
#5446 = CARTESIAN_POINT ( 'NONE',  ( 1.934999999999997389, -8.673617379884035472E-16, -1.930000000000000160 ) ) ;
#5447 = VERTEX_POINT ( 'NONE', #8040 ) ;
#5448 = LINE ( 'NONE', #671, #4835 ) ;
#5449 = ORIENTED_EDGE ( 'NONE', *, *, #936, .T. ) ;
#5450 = VECTOR ( 'NONE', #3592, 1000.000000000000000 ) ;
#5451 = VERTEX_POINT ( 'NONE', #7345 ) ;
#5452 = ORIENTED_EDGE ( 'NONE', *, *, #3096, .T. ) ;
#5453 = CARTESIAN_POINT ( 'NONE',  ( 2.384999999999998010, 0.6699999999999995959, 0.8750000000000000000 ) ) ;
#5454 = EDGE_CURVE ( 'NONE', #157, #5567, #346, .T. ) ;
#5455 = PLANE ( 'NONE',  #4427 ) ;
#5456 = VECTOR ( 'NONE', #5845, 1000.000000000000000 ) ;
#5457 = PRODUCT_CONTEXT ( 'NONE', #6649, 'mechanical' ) ;
#5458 = DIRECTION ( 'NONE',  ( 0.000000000000000000, -1.000000000000000000, 0.000000000000000000 ) ) ;
#5459 = ORIENTED_EDGE ( 'NONE', *, *, #1207, .T. ) ;
#5460 = ORIENTED_EDGE ( 'NONE', *, *, #8429, .F. ) ;
#5461 = CARTESIAN_POINT ( 'NONE',  ( 3.269999999999998685, 1.449999999999999512, 0.1137500000000000039 ) ) ;
#5462 = LINE ( 'NONE', #1158, #7211 ) ;
#5463 = ORIENTED_EDGE ( 'NONE', *, *, #3662, .T. ) ;
#5464 = VECTOR ( 'NONE', #4220, 1000.000000000000000 ) ;
#5465 = DIRECTION ( 'NONE',  ( 1.000000000000000000, 0.000000000000000000, 0.000000000000000000 ) ) ;
#5466 = ORIENTED_EDGE ( 'NONE', *, *, #1649, .F. ) ;
#5467 = DIRECTION ( 'NONE',  ( -1.000000000000000000, 0.000000000000000000, 0.000000000000000000 ) ) ;
#5468 = ORIENTED_EDGE ( 'NONE', *, *, #965, .T. ) ;
#5469 = DIRECTION ( 'NONE',  ( 0.000000000000000000, 0.000000000000000000, 1.000000000000000000 ) ) ;
#5470 = EDGE_CURVE ( 'NONE', #5447, #3781, #995, .T. ) ;
#5471 = VECTOR ( 'NONE', #8815, 1000.000000000000000 ) ;
#5472 = DIRECTION ( 'NONE',  ( 0.000000000000000000, 0.000000000000000000, 1.000000000000000000 ) ) ;
#5473 = DIRECTION ( 'NONE',  ( 0.000000000000000000, 0.000000000000000000, -1.000000000000000000 ) ) ;
#5474 = EDGE_CURVE ( 'NONE', #8247, #7172, #7486, .T. ) ;
#5475 = ADVANCED_FACE ( 'NONE', ( #5952 ), #6000, .T. ) ;
#5476 = LINE ( 'NONE', #8297, #1908 ) ;
#5477 = LINE ( 'NONE', #1172, #8618 ) ;
#5478 = LINE ( 'NONE', #8302, #7952 ) ;
#5479 = ORIENTED_EDGE ( 'NONE', *, *, #2460, .F. ) ;
#5480 = DIRECTION ( 'NONE',  ( 0.000000000000000000, 0.000000000000000000, -1.000000000000000000 ) ) ;
#5481 = ORIENTED_EDGE ( 'NONE', *, *, #662, .T. ) ;
#5482 = DIRECTION ( 'NONE',  ( 0.000000000000000000, 0.000000000000000000, 1.000000000000000000 ) ) ;
#5483 = PLANE ( 'NONE',  #2888 ) ;
#5484 = ORIENTED_EDGE ( 'NONE', *, *, #3366, .F. ) ;
#5485 = EDGE_LOOP ( 'NONE', ( #7588, #8317, #57, #3737 ) ) ;
#5486 = EDGE_CURVE ( 'NONE', #4031, #2611, #5310, .T. ) ;
#5487 = VECTOR ( 'NONE', #9181, 1000.000000000000114 ) ;
#5488 = CARTESIAN_POINT ( 'NONE',  ( -11.68000000000000327, -8.673617379884035472E-16, 1.680000000000000160 ) ) ;
#5489 = AXIS2_PLACEMENT_3D ( 'NONE', #975, #2557, #5238 ) ;
#5490 = DIRECTION ( 'NONE',  ( 0.000000000000000000, 0.3162277660168079652, 0.9486832980505238710 ) ) ;
#5491 = ORIENTED_EDGE ( 'NONE', *, *, #3438, .F. ) ;
#5492 = CARTESIAN_POINT ( 'NONE',  ( -12.32000000000000028, -8.673617379884035472E-16, 1.270000000000000018 ) ) ;
#5493 = VERTEX_POINT ( 'NONE', #1879 ) ;
#5494 = EDGE_LOOP ( 'NONE', ( #2429, #3425, #1055, #6282 ) ) ;
#5495 = ORIENTED_EDGE ( 'NONE', *, *, #6805, .T. ) ;
#5496 = CARTESIAN_POINT ( 'NONE',  ( -14.67000000000000171, -8.673617379884035472E-16, 1.570000000000000062 ) ) ;
#5497 = CARTESIAN_POINT ( 'NONE',  ( -9.320000000000002061, 0.6999999999999992895, 0.8750000000000000000 ) ) ;
#5498 = CARTESIAN_POINT ( 'NONE',  ( -11.68000000000000327, 0.6699999999999995959, 1.270000000000000018 ) ) ;
#5499 = ORIENTED_EDGE ( 'NONE', *, *, #1727, .T. ) ;
#5500 = VERTEX_POINT ( 'NONE', #449 ) ;
#5501 = EDGE_LOOP ( 'NONE', ( #4255, #5038, #1821, #7547 ) ) ;
#5502 = PLANE ( 'NONE',  #4530 ) ;
#5503 = DIRECTION ( 'NONE',  ( 0.000000000000000000, 0.000000000000000000, 1.000000000000000000 ) ) ;
#5504 = ORIENTED_EDGE ( 'NONE', *, *, #2012, .T. ) ;
#5505 = ORIENTED_EDGE ( 'NONE', *, *, #1267, .F. ) ;
#5506 = CARTESIAN_POINT ( 'NONE',  ( -2.880000000000002114, 7.500000000000000000, -0.1200000000000000094 ) ) ;
#5507 = EDGE_CURVE ( 'NONE', #8947, #7953, #3280, .T. ) ;
#5508 = VECTOR ( 'NONE', #7478, 1000.000000000000114 ) ;
#5509 = VECTOR ( 'NONE', #3398, 1000.000000000000000 ) ;
#5510 = EDGE_CURVE ( 'NONE', #6635, #2723, #6605, .T. ) ;
#5511 = ORIENTED_EDGE ( 'NONE', *, *, #4702, .F. ) ;
#5512 = FACE_OUTER_BOUND ( 'NONE', #140, .T. ) ;
#5513 = ORIENTED_EDGE ( 'NONE', *, *, #145, .F. ) ;
#5514 = CARTESIAN_POINT ( 'NONE',  ( -4.750000000000001776, 9.899999999999998579, -1.250000000000000000 ) ) ;
#5515 = CARTESIAN_POINT ( 'NONE',  ( -9.320000000000002061, 4.949999999999999289, 0.000000000000000000 ) ) ;
#5516 = DIRECTION ( 'NONE',  ( 1.000000000000000000, 0.000000000000000000, 0.000000000000000000 ) ) ;
#5517 = VECTOR ( 'NONE', #1061, 1000.000000000000000 ) ;
#5518 = DIRECTION ( 'NONE',  ( 0.000000000000000000, -1.000000000000000000, 0.000000000000000000 ) ) ;
#5519 = DIRECTION ( 'NONE',  ( -0.000000000000000000, 1.000000000000000000, 0.000000000000000000 ) ) ;
#5520 = DIRECTION ( 'NONE',  ( 0.000000000000000000, -1.000000000000000000, 0.000000000000000000 ) ) ;
#5521 = ORIENTED_EDGE ( 'NONE', *, *, #8141, .T. ) ;
#5522 = CARTESIAN_POINT ( 'NONE',  ( 0.3199999999999982303, 0.6999999999999992895, -1.050000000000000044 ) ) ;
#5523 = ORIENTED_EDGE ( 'NONE', *, *, #1536, .F. ) ;
#5524 = CARTESIAN_POINT ( 'NONE',  ( -0.3200000000000017275, 0.6999999999999992895, 0.8750000000000000000 ) ) ;
#5525 = DIRECTION ( 'NONE',  ( 0.000000000000000000, 0.000000000000000000, -1.000000000000000000 ) ) ;
#5526 = EDGE_LOOP ( 'NONE', ( #2732, #8125, #2218, #7086 ) ) ;
#5527 = ORIENTED_EDGE ( 'NONE', *, *, #5106, .T. ) ;
#5528 = EDGE_CURVE ( 'NONE', #7524, #3167, #3320, .T. ) ;
#5529 = ADVANCED_FACE ( 'NONE', ( #6848 ), #4017, .F. ) ;
#5530 = FACE_OUTER_BOUND ( 'NONE', #1112, .T. ) ;
#5531 = MANIFOLD_SOLID_BREP ( '436500529.STEP<1>[2]', #7960 ) ;
#5532 = LINE ( 'NONE', #4095, #1162 ) ;
#5533 = ORIENTED_EDGE ( 'NONE', *, *, #5258, .F. ) ;
#5534 = LINE ( 'NONE', #6335, #839 ) ;
#5535 = ORIENTED_EDGE ( 'NONE', *, *, #5341, .T. ) ;
#5536 = ORIENTED_EDGE ( 'NONE', *, *, #5913, .F. ) ;
#5537 = DIRECTION ( 'NONE',  ( 0.000000000000000000, 0.7659743427824879936, -0.6428711427641899956 ) ) ;
#5538 = VERTEX_POINT ( 'NONE', #5594 ) ;
#5539 = CARTESIAN_POINT ( 'NONE',  ( -3.320000000000001616, 0.6999999999999992895, 1.649999999999999911 ) ) ;
#5540 = FACE_OUTER_BOUND ( 'NONE', #7992, .T. ) ;
#5541 = LINE ( 'NONE', #6156, #5250 ) ;
#5542 = DIRECTION ( 'NONE',  ( 0.000000000000000000, 0.000000000000000000, -1.000000000000000000 ) ) ;
#5543 = ORIENTED_EDGE ( 'NONE', *, *, #5759, .T. ) ;
#5544 = ORIENTED_EDGE ( 'NONE', *, *, #2558, .F. ) ;
#5545 = ORIENTED_EDGE ( 'NONE', *, *, #3122, .T. ) ;
#5546 = CARTESIAN_POINT ( 'NONE',  ( -2.680000000000001936, -8.673617379884035472E-16, 1.270000000000000018 ) ) ;
#5547 = CARTESIAN_POINT ( 'NONE',  ( -6.320000000000002061, -8.673617379884035472E-16, 1.680000000000000160 ) ) ;
#5548 = EDGE_LOOP ( 'NONE', ( #7913, #5298, #3314, #4361 ) ) ;
#5549 = VERTEX_POINT ( 'NONE', #2861 ) ;
#5550 = VECTOR ( 'NONE', #7022, 1000.000000000000000 ) ;
#5551 = DIRECTION ( 'NONE',  ( -1.000000000000000000, 0.000000000000000000, 0.000000000000000000 ) ) ;
#5552 = ORIENTED_EDGE ( 'NONE', *, *, #3686, .F. ) ;
#5553 = EDGE_CURVE ( 'NONE', #3167, #3409, #3516, .T. ) ;
#5554 = DIRECTION ( 'NONE',  ( -0.7071067811865474617, 0.7071067811865474617, 0.000000000000000000 ) ) ;
#5555 = DIRECTION ( 'NONE',  ( 0.000000000000000000, 0.000000000000000000, 1.000000000000000000 ) ) ;
#5556 = CARTESIAN_POINT ( 'NONE',  ( -11.68000000000000327, 0.6999999999999992895, -0.8750000000000000000 ) ) ;
#5557 = DIRECTION ( 'NONE',  ( -1.015061051086000057E-14, 0.000000000000000000, -1.000000000000000000 ) ) ;
#5558 = CARTESIAN_POINT ( 'NONE',  ( -5.680000000000001492, 0.6999999999999992895, -1.050000000000000044 ) ) ;
#5559 = ADVANCED_FACE ( 'NONE', ( #8425 ), #9166, .F. ) ;
#5560 = DIRECTION ( 'NONE',  ( 0.000000000000000000, 0.000000000000000000, -1.000000000000000000 ) ) ;
#5561 = EDGE_CURVE ( 'NONE', #2702, #1602, #2248, .T. ) ;
#5562 = EDGE_CURVE ( 'NONE', #8792, #972, #2075, .T. ) ;
#5563 = DIRECTION ( 'NONE',  ( 0.000000000000000000, 0.000000000000000000, -1.000000000000000000 ) ) ;
#5564 = EDGE_CURVE ( 'NONE', #5146, #5447, #7818, .T. ) ;
#5565 = LINE ( 'NONE', #8345, #6622 ) ;
#5566 = CARTESIAN_POINT ( 'NONE',  ( -5.680000000000001492, 0.6699999999999995959, 0.8750000000000000000 ) ) ;
#5567 = VERTEX_POINT ( 'NONE', #2899 ) ;
#5568 = LINE ( 'NONE', #8401, #4271 ) ;
#5569 = ORIENTED_EDGE ( 'NONE', *, *, #6344, .F. ) ;
#5570 = CARTESIAN_POINT ( 'NONE',  ( -1.750000000000001554, 9.049999999999998934, 1.930000000000000160 ) ) ;
#5571 = DIRECTION ( 'NONE',  ( 0.000000000000000000, -1.000000000000000000, 0.000000000000000000 ) ) ;
#5572 = ORIENTED_EDGE ( 'NONE', *, *, #7903, .T. ) ;
#5573 = VECTOR ( 'NONE', #7951, 1000.000000000000000 ) ;
#5574 = VECTOR ( 'NONE', #3195, 1000.000000000000000 ) ;
#5575 = ORIENTED_EDGE ( 'NONE', *, *, #6713, .F. ) ;
#5576 = DIRECTION ( 'NONE',  ( 0.000000000000000000, 0.000000000000000000, -1.000000000000000000 ) ) ;
#5577 = STYLED_ITEM ( 'NONE', ( #340 ), #5698 ) ;
#5578 = AXIS2_PLACEMENT_3D ( 'NONE', #5758, #5631, #4239 ) ;
#5579 = DIRECTION ( 'NONE',  ( 0.000000000000000000, 0.000000000000000000, -1.000000000000000000 ) ) ;
#5580 = DIRECTION ( 'NONE',  ( 0.6401843996644798196, -0.7682212795973758501, 0.000000000000000000 ) ) ;
#5581 = VERTEX_POINT ( 'NONE', #630 ) ;
#5582 = CARTESIAN_POINT ( 'NONE',  ( -11.88000000000000256, 7.500000000000000000, 0.1200000000000000094 ) ) ;
#5583 = VERTEX_POINT ( 'NONE', #8470 ) ;
#5584 = EDGE_CURVE ( 'NONE', #5955, #2632, #1467, .T. ) ;
#5585 = EDGE_LOOP ( 'NONE', ( #5552, #590, #6746, #5152 ) ) ;
#5586 = LINE ( 'NONE', #8944, #7327 ) ;
#5587 = VECTOR ( 'NONE', #2591, 1000.000000000000000 ) ;
#5588 = VERTEX_POINT ( 'NONE', #6387 ) ;
#5589 = VECTOR ( 'NONE', #3072, 1000.000000000000000 ) ;
#5590 = EDGE_CURVE ( 'NONE', #6253, #1233, #5076, .T. ) ;
#5591 = LINE ( 'NONE', #7730, #3401 ) ;
#5592 = CARTESIAN_POINT ( 'NONE',  ( -12.55000000000000249, 3.299999999999999378, 1.250000000000000000 ) ) ;
#5593 = EDGE_CURVE ( 'NONE', #1361, #3091, #22, .T. ) ;
#5594 = CARTESIAN_POINT ( 'NONE',  ( -6.320000000000002061, -8.673617379884035472E-16, 1.270000000000000018 ) ) ;
#5595 = AXIS2_PLACEMENT_3D ( 'NONE', #4512, #4470, #7438 ) ;
#5596 = FACE_OUTER_BOUND ( 'NONE', #319, .T. ) ;
#5597 = VERTEX_POINT ( 'NONE', #2945 ) ;
#5598 = ORIENTED_EDGE ( 'NONE', *, *, #816, .T. ) ;
#5599 = ORIENTED_EDGE ( 'NONE', *, *, #3865, .T. ) ;
#5600 = CARTESIAN_POINT ( 'NONE',  ( -3.320000000000001616, 1.269999999999999352, -0.8750000000000000000 ) ) ;
#5601 = ORIENTED_EDGE ( 'NONE', *, *, #5420, .F. ) ;
#5602 = ORIENTED_EDGE ( 'NONE', *, *, #1229, .T. ) ;
#5603 = LINE ( 'NONE', #6165, #7584 ) ;
#5604 = AXIS2_PLACEMENT_3D ( 'NONE', #2284, #4690, #4645 ) ;
#5605 = ORIENTED_EDGE ( 'NONE', *, *, #7680, .T. ) ;
#5606 = VECTOR ( 'NONE', #1065, 1000.000000000000000 ) ;
#5607 = PLANE ( 'NONE',  #2360 ) ;
#5608 = LINE ( 'NONE', #4172, #7079 ) ;
#5609 = AXIS2_PLACEMENT_3D ( 'NONE', #232, #3805, #4495 ) ;
#5610 = CARTESIAN_POINT ( 'NONE',  ( 0.3199999999999982303, 1.349999999999999645, 1.649999999999999911 ) ) ;
#5611 = FACE_OUTER_BOUND ( 'NONE', #1646, .T. ) ;
#5612 = LINE ( 'NONE', #8446, #1376 ) ;
#5613 = FACE_OUTER_BOUND ( 'NONE', #1767, .T. ) ;
#5614 = VECTOR ( 'NONE', #8422, 1000.000000000000000 ) ;
#5615 = CARTESIAN_POINT ( 'NONE',  ( 1.934999999999997389, 1.699999999999999734, -1.930000000000000160 ) ) ;
#5616 = PLANE ( 'NONE',  #8839 ) ;
#5617 = AXIS2_PLACEMENT_3D ( 'NONE', #2219, #8658, #8009 ) ;
#5618 = LINE ( 'NONE', #2098, #1016 ) ;
#5619 = ORIENTED_EDGE ( 'NONE', *, *, #6967, .F. ) ;
#5620 = PLANE ( 'NONE',  #1164 ) ;
#5621 = ORIENTED_EDGE ( 'NONE', *, *, #1742, .T. ) ;
#5622 = ORIENTED_EDGE ( 'NONE', *, *, #2984, .F. ) ;
#5623 = CARTESIAN_POINT ( 'NONE',  ( 1.249999999999998446, 9.899999999999998579, -1.250000000000000000 ) ) ;
#5624 = ORIENTED_EDGE ( 'NONE', *, *, #8066, .T. ) ;
#5625 = ORIENTED_EDGE ( 'NONE', *, *, #3098, .T. ) ;
#5626 = ADVANCED_FACE ( 'NONE', ( #66 ), #4333, .F. ) ;
#5627 = VECTOR ( 'NONE', #6525, 1000.000000000000000 ) ;
#5628 = FACE_OUTER_BOUND ( 'NONE', #6530, .T. ) ;
#5629 = CARTESIAN_POINT ( 'NONE',  ( -0.3200000000000017275, 1.349999999999999645, 1.680000000000000160 ) ) ;
#5630 = DIRECTION ( 'NONE',  ( 0.000000000000000000, 0.000000000000000000, 1.000000000000000000 ) ) ;
#5631 = DIRECTION ( 'NONE',  ( 0.000000000000000000, -1.000000000000000000, 0.000000000000000000 ) ) ;
#5632 = ORIENTED_EDGE ( 'NONE', *, *, #7155, .T. ) ;
#5633 = VERTEX_POINT ( 'NONE', #3471 ) ;
#5634 = CARTESIAN_POINT ( 'NONE',  ( -0.3200000000000017275, 4.949999999999999289, 0.000000000000000000 ) ) ;
#5635 = CARTESIAN_POINT ( 'NONE',  ( -13.25000000000000178, 3.299999999999999378, -1.250000000000000000 ) ) ;
#5636 = EDGE_CURVE ( 'NONE', #7127, #3520, #5766, .T. ) ;
#5637 = CARTESIAN_POINT ( 'NONE',  ( -15.32000000000000206, 0.6699999999999995959, -0.8750000000000000000 ) ) ;
#5638 = LINE ( 'NONE', #6518, #5299 ) ;
#5639 = ORIENTED_EDGE ( 'NONE', *, *, #1470, .F. ) ;
#5640 = VERTEX_POINT ( 'NONE', #7161 ) ;
#5641 = EDGE_LOOP ( 'NONE', ( #8981, #115, #1754, #8991 ) ) ;
#5642 = CARTESIAN_POINT ( 'NONE',  ( 3.319999999999998508, 8.500000000000000000, 0.7500000000000000000 ) ) ;
#5643 = ADVANCED_FACE ( 'NONE', ( #1041 ), #4511, .F. ) ;
#5644 = EDGE_CURVE ( 'NONE', #6353, #731, #3083, .T. ) ;
#5645 = EDGE_CURVE ( 'NONE', #4031, #6897, #7297, .T. ) ;
#5646 = ORIENTED_EDGE ( 'NONE', *, *, #7316, .T. ) ;
#5647 = ORIENTED_EDGE ( 'NONE', *, *, #2590, .F. ) ;
#5648 = LINE ( 'NONE', #7911, #777 ) ;
#5649 = ADVANCED_FACE ( 'NONE', ( #901 ), #5994, .T. ) ;
#5650 = ORIENTED_EDGE ( 'NONE', *, *, #1993, .T. ) ;
#5651 = ADVANCED_FACE ( 'NONE', ( #3733 ), #988, .T. ) ;
#5652 = CARTESIAN_POINT ( 'NONE',  ( -15.32000000000000206, -8.673617379884035472E-16, 1.570000000000000062 ) ) ;
#5653 = DIRECTION ( 'NONE',  ( -3.885780586187999929E-14, -1.000000000000000000, -0.000000000000000000 ) ) ;
#5654 = CARTESIAN_POINT ( 'NONE',  ( -8.680000000000001492, 0.6999999999999992895, -0.3200000000000000067 ) ) ;
#5655 = DIRECTION ( 'NONE',  ( 0.000000000000000000, -1.000000000000000000, 0.000000000000000000 ) ) ;
#5656 = CARTESIAN_POINT ( 'NONE',  ( -5.880000000000001670, -3.180000000000000604, 0.1200000000000000094 ) ) ;
#5657 = DIRECTION ( 'NONE',  ( 0.000000000000000000, -1.000000000000000000, 0.000000000000000000 ) ) ;
#5658 = CARTESIAN_POINT ( 'NONE',  ( -10.75000000000000178, 9.899999999999998579, -1.250000000000000000 ) ) ;
#5659 = DIRECTION ( 'NONE',  ( 1.000000000000000000, 0.000000000000000000, 0.000000000000000000 ) ) ;
#5660 = CARTESIAN_POINT ( 'NONE',  ( 1.934999999999997389, -8.673617379884035472E-16, -1.270000000000000018 ) ) ;
#5661 = VECTOR ( 'NONE', #7530, 1000.000000000000000 ) ;
#5662 = ORIENTED_EDGE ( 'NONE', *, *, #8571, .F. ) ;
#5663 = LINE ( 'NONE', #3622, #6634 ) ;
#5664 = DIRECTION ( 'NONE',  ( 0.000000000000000000, 0.000000000000000000, 1.000000000000000000 ) ) ;
#5665 = DIRECTION ( 'NONE',  ( 0.000000000000000000, 0.000000000000000000, 1.000000000000000000 ) ) ;
#5666 = ORIENTED_EDGE ( 'NONE', *, *, #8926, .F. ) ;
#5667 = DIRECTION ( 'NONE',  ( 0.000000000000000000, 0.000000000000000000, -1.000000000000000000 ) ) ;
#5668 = DIRECTION ( 'NONE',  ( 0.000000000000000000, 0.000000000000000000, 1.000000000000000000 ) ) ;
#5669 = DIRECTION ( 'NONE',  ( 0.000000000000000000, -1.000000000000000000, 0.000000000000000000 ) ) ;
#5670 = DIRECTION ( 'NONE',  ( 0.000000000000000000, 0.000000000000000000, 1.000000000000000000 ) ) ;
#5671 = ORIENTED_EDGE ( 'NONE', *, *, #4606, .F. ) ;
#5672 = ADVANCED_FACE ( 'NONE', ( #5903 ), #6648, .T. ) ;
#5673 = ORIENTED_EDGE ( 'NONE', *, *, #52, .F. ) ;
#5674 = CARTESIAN_POINT ( 'NONE',  ( 0.3199999999999982303, 1.349999999999999645, -1.930000000000000160 ) ) ;
#5675 = CARTESIAN_POINT ( 'NONE',  ( 3.319999999999998508, 2.301063802837999717, 0.2700000000000000178 ) ) ;
#5676 = EDGE_CURVE ( 'NONE', #4298, #1684, #2423, .T. ) ;
#5677 = EDGE_CURVE ( 'NONE', #1381, #1141, #7256, .T. ) ;
#5678 = DIRECTION ( 'NONE',  ( 0.000000000000000000, -1.000000000000000000, 0.000000000000000000 ) ) ;
#5679 = DIRECTION ( 'NONE',  ( 0.9486832980505238710, -0.3162277660168079652, 0.000000000000000000 ) ) ;
#5680 = ORIENTED_EDGE ( 'NONE', *, *, #692, .F. ) ;
#5681 = ORIENTED_EDGE ( 'NONE', *, *, #3531, .T. ) ;
#5682 = ORIENTED_EDGE ( 'NONE', *, *, #769, .F. ) ;
#5683 = DIRECTION ( 'NONE',  ( 1.000000000000000000, 0.000000000000000000, 0.000000000000000000 ) ) ;
#5684 = ORIENTED_EDGE ( 'NONE', *, *, #8789, .F. ) ;
#5685 = ORIENTED_EDGE ( 'NONE', *, *, #4002, .T. ) ;
#5686 = FACE_OUTER_BOUND ( 'NONE', #4387, .T. ) ;
#5687 = ORIENTED_EDGE ( 'NONE', *, *, #4534, .T. ) ;
#5688 = DIRECTION ( 'NONE',  ( 0.000000000000000000, 1.000000000000000000, 0.000000000000000000 ) ) ;
#5689 = DIRECTION ( 'NONE',  ( 1.000000000000000000, 0.000000000000000000, 0.000000000000000000 ) ) ;
#5690 = VECTOR ( 'NONE', #2332, 1000.000000000000000 ) ;
#5691 = FACE_OUTER_BOUND ( 'NONE', #2894, .T. ) ;
#5692 = FACE_OUTER_BOUND ( 'NONE', #4754, .T. ) ;
#5693 = EDGE_CURVE ( 'NONE', #8891, #1644, #7945, .T. ) ;
#5694 = FACE_OUTER_BOUND ( 'NONE', #6258, .T. ) ;
#5695 = VECTOR ( 'NONE', #2260, 1000.000000000000000 ) ;
#5696 = DIRECTION ( 'NONE',  ( 1.000000000000000000, 0.000000000000000000, 0.000000000000000000 ) ) ;
#5697 = ADVANCED_FACE ( 'NONE', ( #6694 ), #1597, .T. ) ;
#5698 = MANIFOLD_SOLID_BREP ( '436500529.STEP<1>[1]', #4407 ) ;
#5699 = VECTOR ( 'NONE', #2318, 1000.000000000000000 ) ;
#5700 = LINE ( 'NONE', #4353, #7878 ) ;
#5701 = DIRECTION ( 'NONE',  ( 0.000000000000000000, 0.000000000000000000, -1.000000000000000000 ) ) ;
#5702 = CARTESIAN_POINT ( 'NONE',  ( -15.32000000000000206, 8.500000000000000000, -1.250000000000000000 ) ) ;
#5703 = EDGE_LOOP ( 'NONE', ( #968, #6184, #3000, #3977 ) ) ;
#5704 = CARTESIAN_POINT ( 'NONE',  ( -0.3200000000000017275, 1.269999999999999352, -0.8750000000000000000 ) ) ;
#5705 = VERTEX_POINT ( 'NONE', #3127 ) ;
#5706 = CARTESIAN_POINT ( 'NONE',  ( -8.680000000000001492, 0.6999999999999992895, 0.8750000000000000000 ) ) ;
#5707 = EDGE_LOOP ( 'NONE', ( #5468, #5254, #4852, #7587 ) ) ;
#5708 = LINE ( 'NONE', #2980, #8544 ) ;
#5709 = EDGE_CURVE ( 'NONE', #2632, #6389, #1728, .T. ) ;
#5710 = CARTESIAN_POINT ( 'NONE',  ( -2.880000000000002114, -3.180000000000000604, -0.1200000000000000094 ) ) ;
#5711 = LINE ( 'NONE', #1413, #1747 ) ;
#5712 = DIRECTION ( 'NONE',  ( 0.000000000000000000, 0.000000000000000000, 1.000000000000000000 ) ) ;
#5713 = ORIENTED_EDGE ( 'NONE', *, *, #773, .T. ) ;
#5714 = DIRECTION ( 'NONE',  ( 0.000000000000000000, 0.000000000000000000, -1.000000000000000000 ) ) ;
#5715 = ORIENTED_EDGE ( 'NONE', *, *, #2222, .T. ) ;
#5716 = CARTESIAN_POINT ( 'NONE',  ( -3.320000000000001616, 0.6699999999999995959, 0.8750000000000000000 ) ) ;
#5717 = VECTOR ( 'NONE', #592, 1000.000000000000000 ) ;
#5718 = VECTOR ( 'NONE', #205, 1000.000000000000000 ) ;
#5719 = CARTESIAN_POINT ( 'NONE',  ( -2.680000000000001936, 1.349999999999999645, -1.930000000000000160 ) ) ;
#5720 = CARTESIAN_POINT ( 'NONE',  ( -6.320000000000002061, 0.6699999999999995959, 1.270000000000000018 ) ) ;
#5721 = ORIENTED_EDGE ( 'NONE', *, *, #7847, .F. ) ;
#5722 = ORIENTED_EDGE ( 'NONE', *, *, #7273, .F. ) ;
#5723 = LINE ( 'NONE', #5769, #688 ) ;
#5724 = ORIENTED_EDGE ( 'NONE', *, *, #349, .F. ) ;
#5725 = DIRECTION ( 'NONE',  ( 0.000000000000000000, 0.000000000000000000, 1.000000000000000000 ) ) ;
#5726 = VECTOR ( 'NONE', #4374, 1000.000000000000000 ) ;
#5727 = ORIENTED_EDGE ( 'NONE', *, *, #4072, .F. ) ;
#5728 = EDGE_CURVE ( 'NONE', #4044, #195, #8079, .T. ) ;
#5729 = ORIENTED_EDGE ( 'NONE', *, *, #3213, .T. ) ;
#5730 = CARTESIAN_POINT ( 'NONE',  ( -9.320000000000002061, 6.899999999999999467, 0.3200000000000000067 ) ) ;
#5731 = VECTOR ( 'NONE', #848, 1000.000000000000000 ) ;
#5732 = AXIS2_PLACEMENT_3D ( 'NONE', #5936, #4418, #3022 ) ;
#5733 = VERTEX_POINT ( 'NONE', #1137 ) ;
#5734 = PLANE ( 'NONE',  #1618 ) ;
#5735 = CARTESIAN_POINT ( 'NONE',  ( -10.25000000000000178, 9.049999999999998934, 2.429999999999999716 ) ) ;
#5736 = VECTOR ( 'NONE', #3364, 1000.000000000000000 ) ;
#5737 = LINE ( 'NONE', #1354, #3430 ) ;
#5738 = CARTESIAN_POINT ( 'NONE',  ( -5.680000000000001492, -3.180000000000000604, 0.3200000000000000067 ) ) ;
#5739 = CARTESIAN_POINT ( 'NONE',  ( 3.319999999999998508, -8.673617379884035472E-16, 1.270000000000000018 ) ) ;
#5740 = DIRECTION ( 'NONE',  ( 1.000000000000000000, 0.000000000000000000, 0.000000000000000000 ) ) ;
#5741 = VECTOR ( 'NONE', #8058, 1000.000000000000114 ) ;
#5742 = EDGE_CURVE ( 'NONE', #5392, #801, #1776, .T. ) ;
#5743 = LINE ( 'NONE', #3880, #3222 ) ;
#5744 = CARTESIAN_POINT ( 'NONE',  ( -2.680000000000001936, -2.580000000000000515, -0.3200000000000000067 ) ) ;
#5745 = EDGE_LOOP ( 'NONE', ( #899, #7023, #9122, #2206 ) ) ;
#5746 = DIRECTION ( 'NONE',  ( -1.000000000000000000, 0.000000000000000000, 0.000000000000000000 ) ) ;
#5747 = EDGE_CURVE ( 'NONE', #2824, #812, #3911, .T. ) ;
#5748 = LINE ( 'NONE', #6453, #6065 ) ;
#5749 = LINE ( 'NONE', #7887, #218 ) ;
#5750 = ADVANCED_FACE ( 'NONE', ( #388 ), #487, .F. ) ;
#5751 = ORIENTED_EDGE ( 'NONE', *, *, #7354, .F. ) ;
#5752 = VECTOR ( 'NONE', #5, 1000.000000000000000 ) ;
#5753 = LINE ( 'NONE', #2889, #4257 ) ;
#5754 = VECTOR ( 'NONE', #7989, 1000.000000000000114 ) ;
#5755 = DIRECTION ( 'NONE',  ( 0.000000000000000000, 0.000000000000000000, -1.000000000000000000 ) ) ;
#5756 = DIRECTION ( 'NONE',  ( 1.000000000000000000, 0.000000000000000000, 0.000000000000000000 ) ) ;
#5757 = AXIS2_PLACEMENT_3D ( 'NONE', #5674, #8505, #8307 ) ;
#5758 = CARTESIAN_POINT ( 'NONE',  ( -15.32000000000000206, 0.6699999999999995959, 1.270000000000000018 ) ) ;
#5759 = EDGE_CURVE ( 'NONE', #146, #2011, #7532, .T. ) ;
#5760 = VERTEX_POINT ( 'NONE', #8178 ) ;
#5761 = DIRECTION ( 'NONE',  ( 0.000000000000000000, -1.000000000000000000, 0.000000000000000000 ) ) ;
#5762 = ORIENTED_EDGE ( 'NONE', *, *, #1026, .T. ) ;
#5763 = VECTOR ( 'NONE', #3650, 1000.000000000000000 ) ;
#5764 = CARTESIAN_POINT ( 'NONE',  ( -9.320000000000002061, 0.6699999999999995959, -1.270000000000000018 ) ) ;
#5765 = EDGE_CURVE ( 'NONE', #7976, #4437, #7615, .T. ) ;
#5766 = LINE ( 'NONE', #7860, #987 ) ;
#5767 = LINE ( 'NONE', #766, #7218 ) ;
#5768 = ORIENTED_EDGE ( 'NONE', *, *, #63, .F. ) ;
#5769 = CARTESIAN_POINT ( 'NONE',  ( -5.680000000000001492, 6.899999999999999467, 0.3200000000000000067 ) ) ;
#5770 = VERTEX_POINT ( 'NONE', #1231 ) ;
#5771 = CARTESIAN_POINT ( 'NONE',  ( -2.680000000000001936, -8.673617379884035472E-16, 1.680000000000000160 ) ) ;
#5772 = ORIENTED_EDGE ( 'NONE', *, *, #1806, .F. ) ;
#5773 = ORIENTED_EDGE ( 'NONE', *, *, #2074, .T. ) ;
#5774 = LINE ( 'NONE', #7955, #4441 ) ;
#5775 = FACE_OUTER_BOUND ( 'NONE', #1713, .T. ) ;
#5776 = ORIENTED_EDGE ( 'NONE', *, *, #1676, .T. ) ;
#5777 = ORIENTED_EDGE ( 'NONE', *, *, #7103, .T. ) ;
#5778 = AXIS2_PLACEMENT_3D ( 'NONE', #7561, #5519, #4779 ) ;
#5779 = CARTESIAN_POINT ( 'NONE',  ( -14.38500000000000156, 1.269999999999999352, 0.8750000000000000000 ) ) ;
#5780 = DIRECTION ( 'NONE',  ( 0.000000000000000000, 0.000000000000000000, -1.000000000000000000 ) ) ;
#5781 = ADVANCED_FACE ( 'NONE', ( #1270 ), #4705, .T. ) ;
#5782 = EDGE_CURVE ( 'NONE', #357, #6244, #4748, .T. ) ;
#5783 = CARTESIAN_POINT ( 'NONE',  ( 2.669999999999998597, -1.150000000000000799, 2.469999999999999751 ) ) ;
#5784 = LINE ( 'NONE', #8615, #1219 ) ;
#5785 = PLANE ( 'NONE',  #7243 ) ;
#5786 = ADVANCED_FACE ( 'NONE', ( #8220 ), #4791, .T. ) ;
#5787 = CARTESIAN_POINT ( 'NONE',  ( -0.1200000000000020495, -3.180000000000000604, 0.1200000000000000094 ) ) ;
#5788 = DIRECTION ( 'NONE',  ( 1.000000000000000000, 0.000000000000000000, 0.000000000000000000 ) ) ;
#5789 = CARTESIAN_POINT ( 'NONE',  ( -8.880000000000002558, 7.500000000000000000, -0.1200000000000000094 ) ) ;
#5790 = ORIENTED_EDGE ( 'NONE', *, *, #7685, .T. ) ;
#5791 = DIRECTION ( 'NONE',  ( 1.000000000000000000, 0.000000000000000000, 0.000000000000000000 ) ) ;
#5792 = CARTESIAN_POINT ( 'NONE',  ( -13.93500000000000050, 1.699999999999999734, 1.680000000000000160 ) ) ;
#5793 = CARTESIAN_POINT ( 'NONE',  ( -9.000000000000001776, 7.200000000000000178, 0.2200000000000000011 ) ) ;
#5794 = ORIENTED_EDGE ( 'NONE', *, *, #6136, .T. ) ;
#5795 = DIRECTION ( 'NONE',  ( 0.000000000000000000, 1.000000000000000000, 0.000000000000000000 ) ) ;
#5796 = DIRECTION ( 'NONE',  ( 1.522591576629000322E-14, 0.000000000000000000, -1.000000000000000000 ) ) ;
#5797 = VECTOR ( 'NONE', #339, 1000.000000000000000 ) ;
#5798 = LINE ( 'NONE', #2327, #6188 ) ;
#5799 = AXIS2_PLACEMENT_3D ( 'NONE', #7181, #4223, #3664 ) ;
#5800 = DIRECTION ( 'NONE',  ( 1.000000000000000000, 0.000000000000000000, 0.000000000000000000 ) ) ;
#5801 = CARTESIAN_POINT ( 'NONE',  ( -3.120000000000001883, 7.500000000000000000, 0.1200000000000000094 ) ) ;
#5802 = ORIENTED_EDGE ( 'NONE', *, *, #6624, .T. ) ;
#5803 = CARTESIAN_POINT ( 'NONE',  ( 3.319999999999998508, -1.150000000000000799, 1.570000000000000062 ) ) ;
#5804 = ORIENTED_EDGE ( 'NONE', *, *, #4118, .T. ) ;
#5805 = VECTOR ( 'NONE', #2782, 1000.000000000000114 ) ;
#5806 = EDGE_CURVE ( 'NONE', #9095, #8897, #3962, .T. ) ;
#5807 = DIRECTION ( 'NONE',  ( 0.000000000000000000, 0.000000000000000000, 1.000000000000000000 ) ) ;
#5808 = EDGE_CURVE ( 'NONE', #8651, #2484, #3362, .T. ) ;
#5809 = CARTESIAN_POINT ( 'NONE',  ( -5.450000000000001954, 9.899999999999998579, 1.250000000000000000 ) ) ;
#5810 = DIRECTION ( 'NONE',  ( 0.000000000000000000, 0.000000000000000000, 1.000000000000000000 ) ) ;
#5811 = ADVANCED_FACE ( 'NONE', ( #9014 ), #3315, .T. ) ;
#5812 = ORIENTED_EDGE ( 'NONE', *, *, #3054, .F. ) ;
#5813 = LINE ( 'NONE', #6266, #6764 ) ;
#5814 = ORIENTED_EDGE ( 'NONE', *, *, #1107, .F. ) ;
#5815 = CARTESIAN_POINT ( 'NONE',  ( -6.320000000000002061, -8.673617379884035472E-16, -1.270000000000000018 ) ) ;
#5816 = ORIENTED_EDGE ( 'NONE', *, *, #7316, .F. ) ;
#5817 = ORIENTED_EDGE ( 'NONE', *, *, #7606, .T. ) ;
#5818 = CARTESIAN_POINT ( 'NONE',  ( -14.38500000000000156, 1.849999999999999645, 1.680000000000000160 ) ) ;
#5819 = DIRECTION ( 'NONE',  ( -1.000000000000000000, 0.000000000000000000, 0.000000000000000000 ) ) ;
#5820 = PRODUCT_DEFINITION_CONTEXT ( 'detailed design', #2688, 'design' ) ;
#5821 = ORIENTED_EDGE ( 'NONE', *, *, #8567, .F. ) ;
#5822 = ORIENTED_EDGE ( 'NONE', *, *, #4224, .F. ) ;
#5823 = CARTESIAN_POINT ( 'NONE',  ( -5.680000000000001492, 4.949999999999999289, 0.000000000000000000 ) ) ;
#5824 = PLANE ( 'NONE',  #702 ) ;
#5825 = CARTESIAN_POINT ( 'NONE',  ( -2.680000000000001936, 0.6999999999999992895, -0.3200000000000000067 ) ) ;
#5826 = CARTESIAN_POINT ( 'NONE',  ( -2.680000000000001936, -8.673617379884035472E-16, 1.680000000000000160 ) ) ;
#5827 = DIRECTION ( 'NONE',  ( 1.000000000000000000, 0.000000000000000000, 0.000000000000000000 ) ) ;
#5828 = DIRECTION ( 'NONE',  ( 0.000000000000000000, -1.000000000000000000, 0.000000000000000000 ) ) ;
#5829 = DIRECTION ( 'NONE',  ( 1.000000000000000000, 0.000000000000000000, 0.000000000000000000 ) ) ;
#5830 = EDGE_CURVE ( 'NONE', #1405, #820, #2709, .T. ) ;
#5831 = ORIENTED_EDGE ( 'NONE', *, *, #4566, .T. ) ;
#5832 = DIRECTION ( 'NONE',  ( 0.000000000000000000, 0.000000000000000000, 1.000000000000000000 ) ) ;
#5833 = LINE ( 'NONE', #3896, #412 ) ;
#5834 = LINE ( 'NONE', #928, #8507 ) ;
#5835 = VECTOR ( 'NONE', #5961, 1000.000000000000000 ) ;
#5836 = EDGE_LOOP ( 'NONE', ( #6557, #2331, #8685, #3571 ) ) ;
#5837 = EDGE_CURVE ( 'NONE', #8611, #335, #2663, .T. ) ;
#5838 = ADVANCED_FACE ( 'NONE', ( #1087 ), #6843, .T. ) ;
#5839 = CARTESIAN_POINT ( 'NONE',  ( -8.680000000000001492, 3.299999999999999378, -0.3200000000000000067 ) ) ;
#5840 = AXIS2_PLACEMENT_3D ( 'NONE', #1722, #7383, #1037 ) ;
#5841 = VECTOR ( 'NONE', #6075, 1000.000000000000000 ) ;
#5842 = ORIENTED_EDGE ( 'NONE', *, *, #4056, .F. ) ;
#5843 = DIRECTION ( 'NONE',  ( 0.000000000000000000, 0.000000000000000000, 1.000000000000000000 ) ) ;
#5844 = CARTESIAN_POINT ( 'NONE',  ( -15.32000000000000206, -8.673617379884035472E-16, -1.930000000000000160 ) ) ;
#5845 = DIRECTION ( 'NONE',  ( 0.000000000000000000, 0.000000000000000000, -1.000000000000000000 ) ) ;
#5846 = CARTESIAN_POINT ( 'NONE',  ( -0.7500000000000015543, 9.049999999999998934, 1.930000000000000160 ) ) ;
#5847 = AXIS2_PLACEMENT_3D ( 'NONE', #4037, #6826, #8998 ) ;
#5848 = DIRECTION ( 'NONE',  ( 1.000000000000000000, 0.000000000000000000, 0.000000000000000000 ) ) ;
#5849 = ORIENTED_EDGE ( 'NONE', *, *, #293, .F. ) ;
#5850 = LINE ( 'NONE', #6043, #64 ) ;
#5851 = ORIENTED_EDGE ( 'NONE', *, *, #5277, .T. ) ;
#5852 = DIRECTION ( 'NONE',  ( 1.000000000000000000, 0.000000000000000000, 0.000000000000000000 ) ) ;
#5853 = DIRECTION ( 'NONE',  ( 0.000000000000000000, 0.000000000000000000, -1.000000000000000000 ) ) ;
#5854 = DIRECTION ( 'NONE',  ( 1.000000000000000000, 0.000000000000000000, 0.000000000000000000 ) ) ;
#5855 = ORIENTED_EDGE ( 'NONE', *, *, #9134, .F. ) ;
#5856 = ADVANCED_FACE ( 'NONE', ( #5530 ), #4094, .T. ) ;
#5857 = DIRECTION ( 'NONE',  ( 0.000000000000000000, 0.000000000000000000, -1.000000000000000000 ) ) ;
#5858 = ORIENTED_EDGE ( 'NONE', *, *, #7230, .F. ) ;
#5859 = DIRECTION ( 'NONE',  ( 1.000000000000000000, 0.000000000000000000, 0.000000000000000000 ) ) ;
#5860 = EDGE_CURVE ( 'NONE', #1141, #4669, #6239, .T. ) ;
#5861 = EDGE_LOOP ( 'NONE', ( #4762, #9062, #4897, #2230, #2665, #9012 ) ) ;
#5862 = ORIENTED_EDGE ( 'NONE', *, *, #7749, .T. ) ;
#5863 = ADVANCED_FACE ( 'NONE', ( #2063 ), #2194, .F. ) ;
#5864 = VECTOR ( 'NONE', #3427, 1000.000000000000000 ) ;
#5865 = VECTOR ( 'NONE', #5330, 1000.000000000000000 ) ;
#5866 = DIRECTION ( 'NONE',  ( -1.000000000000000000, 0.000000000000000000, 0.000000000000000000 ) ) ;
#5867 = CARTESIAN_POINT ( 'NONE',  ( -0.3200000000000017275, 0.6999999999999992895, -1.050000000000000044 ) ) ;
#5868 = ORIENTED_EDGE ( 'NONE', *, *, #1229, .F. ) ;
#5869 = VECTOR ( 'NONE', #3460, 1000.000000000000114 ) ;
#5870 = VECTOR ( 'NONE', #5253, 1000.000000000000000 ) ;
#5871 = EDGE_LOOP ( 'NONE', ( #5463, #6783, #5082, #7299 ) ) ;
#5872 = FACE_OUTER_BOUND ( 'NONE', #2447, .T. ) ;
#5873 = CARTESIAN_POINT ( 'NONE',  ( -8.680000000000001492, 0.6999999999999992895, -0.8750000000000000000 ) ) ;
#5874 = AXIS2_PLACEMENT_3D ( 'NONE', #5061, #3589, #5156 ) ;
#5875 = LINE ( 'NONE', #8662, #4222 ) ;
#5876 = FACE_OUTER_BOUND ( 'NONE', #8601, .T. ) ;
#5877 = AXIS2_PLACEMENT_3D ( 'NONE', #7897, #4165, #3634 ) ;
#5878 = AXIS2_PLACEMENT_3D ( 'NONE', #1975, #1931, #2023 ) ;
#5879 = DIRECTION ( 'NONE',  ( 0.000000000000000000, -1.000000000000000000, 0.000000000000000000 ) ) ;
#5880 = AXIS2_PLACEMENT_3D ( 'NONE', #6381, #5580, #8414 ) ;
#5881 = PLANE ( 'NONE',  #3649 ) ;
#5882 = VERTEX_POINT ( 'NONE', #4977 ) ;
#5883 = DIRECTION ( 'NONE',  ( 0.000000000000000000, 1.000000000000000000, 0.000000000000000000 ) ) ;
#5884 = CARTESIAN_POINT ( 'NONE',  ( -11.68000000000000327, 6.899999999999999467, -0.3200000000000000067 ) ) ;
#5885 = PLANE ( 'NONE',  #1547 ) ;
#5886 = ORIENTED_EDGE ( 'NONE', *, *, #7411, .T. ) ;
#5887 = CARTESIAN_POINT ( 'NONE',  ( 2.384999999999998010, 1.269999999999999352, 0.8750000000000000000 ) ) ;
#5888 = VECTOR ( 'NONE', #566, 1000.000000000000000 ) ;
#5889 = VERTEX_POINT ( 'NONE', #4324 ) ;
#5890 = DIRECTION ( 'NONE',  ( 0.000000000000000000, -1.000000000000000000, 0.000000000000000000 ) ) ;
#5891 = CARTESIAN_POINT ( 'NONE',  ( -9.120000000000000995, -3.180000000000000604, -0.1200000000000000094 ) ) ;
#5892 = VERTEX_POINT ( 'NONE', #7808 ) ;
#5893 = CARTESIAN_POINT ( 'NONE',  ( 0.5499999999999983791, 3.299999999999999378, 1.250000000000000000 ) ) ;
#5894 = CARTESIAN_POINT ( 'NONE',  ( -0.1200000000000020495, -3.180000000000000604, -0.1200000000000000094 ) ) ;
#5895 = VERTEX_POINT ( 'NONE', #5629 ) ;
#5896 = CARTESIAN_POINT ( 'NONE',  ( -0.3200000000000017275, -8.673617379884035472E-16, -1.270000000000000018 ) ) ;
#5897 = VECTOR ( 'NONE', #5236, 1000.000000000000000 ) ;
#5898 = ADVANCED_FACE ( 'NONE', ( #795 ), #667, .T. ) ;
#5899 = ORIENTED_EDGE ( 'NONE', *, *, #5510, .F. ) ;
#5900 = ADVANCED_FACE ( 'NONE', ( #3552 ), #54, .T. ) ;
#5901 = CARTESIAN_POINT ( 'NONE',  ( 3.319999999999998508, 1.849999999999999645, 1.430000000000000160 ) ) ;
#5902 = VECTOR ( 'NONE', #6659, 1000.000000000000000 ) ;
#5903 = FACE_OUTER_BOUND ( 'NONE', #1155, .T. ) ;
#5904 = DIRECTION ( 'NONE',  ( 0.000000000000000000, -1.000000000000000000, 0.000000000000000000 ) ) ;
#5905 = EDGE_LOOP ( 'NONE', ( #2752, #1425, #280, #5297 ) ) ;
#5906 = DIRECTION ( 'NONE',  ( 0.000000000000000000, -1.000000000000000000, 0.000000000000000000 ) ) ;
#5907 = VECTOR ( 'NONE', #8441, 1000.000000000000000 ) ;
#5908 = ORIENTED_EDGE ( 'NONE', *, *, #2273, .F. ) ;
#5909 = CARTESIAN_POINT ( 'NONE',  ( -0.3200000000000017275, 0.6999999999999992895, 0.3200000000000000067 ) ) ;
#5910 = ORIENTED_EDGE ( 'NONE', *, *, #2089, .T. ) ;
#5911 = VERTEX_POINT ( 'NONE', #6285 ) ;
#5912 = LINE ( 'NONE', #399, #6077 ) ;
#5913 = EDGE_CURVE ( 'NONE', #7623, #8875, #7028, .T. ) ;
#5914 = LINE ( 'NONE', #8748, #8954 ) ;
#5915 = ORIENTED_EDGE ( 'NONE', *, *, #603, .F. ) ;
#5916 = EDGE_CURVE ( 'NONE', #8184, #8247, #4283, .T. ) ;
#5917 = EDGE_CURVE ( 'NONE', #1204, #2305, #1369, .T. ) ;
#5918 = VERTEX_POINT ( 'NONE', #9103 ) ;
#5919 = DIRECTION ( 'NONE',  ( 0.000000000000000000, -1.000000000000000000, 0.000000000000000000 ) ) ;
#5920 = CARTESIAN_POINT ( 'NONE',  ( -15.32000000000000206, -8.673617379884035472E-16, 2.469999999999999751 ) ) ;
#5921 = DIRECTION ( 'NONE',  ( 0.000000000000000000, 0.000000000000000000, 1.000000000000000000 ) ) ;
#5922 = CARTESIAN_POINT ( 'NONE',  ( -12.32000000000000028, -8.673617379884035472E-16, 1.680000000000000160 ) ) ;
#5923 = EDGE_CURVE ( 'NONE', #6059, #6945, #2811, .T. ) ;
#5924 = DIRECTION ( 'NONE',  ( 0.000000000000000000, 1.000000000000000000, 0.000000000000000000 ) ) ;
#5925 = EDGE_CURVE ( 'NONE', #1418, #7570, #3505, .T. ) ;
#5926 = VECTOR ( 'NONE', #1764, 1000.000000000000000 ) ;
#5927 = PLANE ( 'NONE',  #546 ) ;
#5928 = ORIENTED_EDGE ( 'NONE', *, *, #3917, .F. ) ;
#5929 = CARTESIAN_POINT ( 'NONE',  ( -5.680000000000001492, 1.349999999999999645, 1.649999999999999911 ) ) ;
#5930 = CARTESIAN_POINT ( 'NONE',  ( -2.680000000000001936, 1.349999999999999645, 1.649999999999999911 ) ) ;
#5931 = CARTESIAN_POINT ( 'NONE',  ( 0.3199999999999982303, 0.6699999999999995959, -0.8750000000000000000 ) ) ;
#5932 = ORIENTED_EDGE ( 'NONE', *, *, #8163, .F. ) ;
#5933 = CARTESIAN_POINT ( 'NONE',  ( -0.3200000000000017275, 3.299999999999999378, -0.3200000000000000067 ) ) ;
#5934 = ORIENTED_EDGE ( 'NONE', *, *, #4675, .T. ) ;
#5935 = LINE ( 'NONE', #8025, #2681 ) ;
#5936 = CARTESIAN_POINT ( 'NONE',  ( -15.32000000000000206, 0.6699999999999995959, -1.270000000000000018 ) ) ;
#5937 = ORIENTED_EDGE ( 'NONE', *, *, #5759, .F. ) ;
#5938 = CARTESIAN_POINT ( 'NONE',  ( -9.120000000000000995, 7.500000000000000000, -0.1200000000000000094 ) ) ;
#5939 = CARTESIAN_POINT ( 'NONE',  ( -5.680000000000001492, 2.549999999999999822, -0.3200000000000000067 ) ) ;
#5940 = EDGE_CURVE ( 'NONE', #9029, #2380, #7114, .T. ) ;
#5941 = ORIENTED_EDGE ( 'NONE', *, *, #3011, .T. ) ;
#5942 = DIRECTION ( 'NONE',  ( 0.000000000000000000, 0.000000000000000000, 1.000000000000000000 ) ) ;
#5943 = VERTEX_POINT ( 'NONE', #5023 ) ;
#5944 = DIRECTION ( 'NONE',  ( 0.000000000000000000, -0.9486832980505238710, -0.3162277660168079652 ) ) ;
#5945 = VECTOR ( 'NONE', #4872, 1000.000000000000000 ) ;
#5946 = DIRECTION ( 'NONE',  ( 0.7071067811865474617, 0.7071067811865474617, 0.000000000000000000 ) ) ;
#5947 = EDGE_CURVE ( 'NONE', #157, #7002, #99, .T. ) ;
#5948 = LINE ( 'NONE', #5251, #6196 ) ;
#5949 = VERTEX_POINT ( 'NONE', #6333 ) ;
#5950 = DIRECTION ( 'NONE',  ( 0.000000000000000000, 0.000000000000000000, -1.000000000000000000 ) ) ;
#5951 = ORIENTED_EDGE ( 'NONE', *, *, #2089, .F. ) ;
#5952 = FACE_OUTER_BOUND ( 'NONE', #5983, .T. ) ;
#5953 = VECTOR ( 'NONE', #4345, 1000.000000000000000 ) ;
#5954 = ORIENTED_EDGE ( 'NONE', *, *, #3219, .T. ) ;
#5955 = VERTEX_POINT ( 'NONE', #7765 ) ;
#5956 = EDGE_CURVE ( 'NONE', #4623, #343, #1412, .T. ) ;
#5957 = LINE ( 'NONE', #8186, #6962 ) ;
#5958 = EDGE_CURVE ( 'NONE', #4945, #6349, #9153, .T. ) ;
#5959 = CARTESIAN_POINT ( 'NONE',  ( -8.680000000000001492, 0.6999999999999992895, 0.3200000000000000067 ) ) ;
#5960 = ADVANCED_FACE ( 'NONE', ( #2935 ), #2007, .T. ) ;
#5961 = DIRECTION ( 'NONE',  ( 0.000000000000000000, 0.000000000000000000, 1.000000000000000000 ) ) ;
#5962 = ORIENTED_EDGE ( 'NONE', *, *, #8170, .F. ) ;
#5963 = ORIENTED_EDGE ( 'NONE', *, *, #8005, .T. ) ;
#5964 = ORIENTED_EDGE ( 'NONE', *, *, #7006, .T. ) ;
#5965 = CARTESIAN_POINT ( 'NONE',  ( -0.3200000000000017275, 1.269999999999999352, 0.8750000000000000000 ) ) ;
#5966 = CARTESIAN_POINT ( 'NONE',  ( -12.32000000000000028, -8.673617379884035472E-16, -1.930000000000000160 ) ) ;
#5967 = LINE ( 'NONE', #3192, #219 ) ;
#5968 = LINE ( 'NONE', #1657, #5071 ) ;
#5969 = FACE_OUTER_BOUND ( 'NONE', #4230, .T. ) ;
#5970 = PLANE ( 'NONE',  #6013 ) ;
#5971 = VERTEX_POINT ( 'NONE', #5710 ) ;
#5972 = LINE ( 'NONE', #5147, #4865 ) ;
#5973 = EDGE_CURVE ( 'NONE', #4249, #595, #4836, .T. ) ;
#5974 = LINE ( 'NONE', #185, #4850 ) ;
#5975 = FACE_OUTER_BOUND ( 'NONE', #2084, .T. ) ;
#5976 = ORIENTED_EDGE ( 'NONE', *, *, #7311, .T. ) ;
#5977 = EDGE_CURVE ( 'NONE', #489, #1892, #7153, .T. ) ;
#5978 = EDGE_CURVE ( 'NONE', #5027, #25, #2757, .T. ) ;
#5979 = PLANE ( 'NONE',  #1608 ) ;
#5980 = ORIENTED_EDGE ( 'NONE', *, *, #6160, .F. ) ;
#5981 = CARTESIAN_POINT ( 'NONE',  ( -5.680000000000001492, 1.349999999999999645, -1.050000000000000044 ) ) ;
#5982 = DIRECTION ( 'NONE',  ( 0.000000000000000000, 0.000000000000000000, -1.000000000000000000 ) ) ;
#5983 = EDGE_LOOP ( 'NONE', ( #2160, #4886, #8857, #8605 ) ) ;
#5984 = LINE ( 'NONE', #7380, #6203 ) ;
#5985 = DIRECTION ( 'NONE',  ( -0.000000000000000000, 1.000000000000000000, 0.000000000000000000 ) ) ;
#5986 = ORIENTED_EDGE ( 'NONE', *, *, #6924, .T. ) ;
#5987 = CARTESIAN_POINT ( 'NONE',  ( -7.300000000000001599, 6.899999999999999467, -2.435000000000000053 ) ) ;
#5988 = ORIENTED_EDGE ( 'NONE', *, *, #3722, .T. ) ;
#5989 = VECTOR ( 'NONE', #7187, 1000.000000000000000 ) ;
#5990 = ORIENTED_EDGE ( 'NONE', *, *, #1227, .T. ) ;
#5991 = ADVANCED_FACE ( 'NONE', ( #330 ), #2239, .T. ) ;
#5992 = CARTESIAN_POINT ( 'NONE',  ( -2.680000000000001936, 6.899999999999999467, 0.3200000000000000067 ) ) ;
#5993 = AXIS2_PLACEMENT_3D ( 'NONE', #2093, #8389, #4174 ) ;
#5994 = PLANE ( 'NONE',  #6614 ) ;
#5995 = LINE ( 'NONE', #3734, #1307 ) ;
#5996 = ORIENTED_EDGE ( 'NONE', *, *, #6927, .T. ) ;
#5997 = CARTESIAN_POINT ( 'NONE',  ( -5.680000000000001492, 1.349999999999999645, -1.930000000000000160 ) ) ;
#5998 = EDGE_CURVE ( 'NONE', #5283, #6856, #4364, .T. ) ;
#5999 = ORIENTED_EDGE ( 'NONE', *, *, #2590, .T. ) ;
#6000 = PLANE ( 'NONE',  #7500 ) ;
#6001 = ORIENTED_EDGE ( 'NONE', *, *, #3686, .T. ) ;
#6002 = EDGE_LOOP ( 'NONE', ( #3625, #1315, #1469, #7429 ) ) ;
#6003 = DIRECTION ( 'NONE',  ( 1.000000000000000000, 0.000000000000000000, 0.000000000000000000 ) ) ;
#6004 = PLANE ( 'NONE',  #128 ) ;
#6005 = LINE ( 'NONE', #2489, #1445 ) ;
#6006 = LINE ( 'NONE', #8190, #1154 ) ;
#6007 = ORIENTED_EDGE ( 'NONE', *, *, #9134, .T. ) ;
#6008 = VERTEX_POINT ( 'NONE', #2283 ) ;
#6009 = ADVANCED_FACE ( 'NONE', ( #191 ), #844, .T. ) ;
#6010 = CARTESIAN_POINT ( 'NONE',  ( -8.680000000000001492, -8.673617379884035472E-16, 1.680000000000000160 ) ) ;
#6011 = DIRECTION ( 'NONE',  ( 0.000000000000000000, 1.000000000000000000, 0.000000000000000000 ) ) ;
#6012 = VECTOR ( 'NONE', #4516, 1000.000000000000000 ) ;
#6013 = AXIS2_PLACEMENT_3D ( 'NONE', #7236, #7275, #5829 ) ;
#6014 = DIRECTION ( 'NONE',  ( 1.000000000000000000, 0.000000000000000000, 0.000000000000000000 ) ) ;
#6015 = LINE ( 'NONE', #8152, #6410 ) ;
#6016 = EDGE_CURVE ( 'NONE', #5500, #2611, #7378, .T. ) ;
#6018 = CARTESIAN_POINT ( 'NONE',  ( -4.750000000000001776, 3.299999999999999378, -1.250000000000000000 ) ) ;
#6017 = VECTOR ( 'NONE', #247, 1000.000000000000000 ) ;
#6019 = VECTOR ( 'NONE', #3680, 1000.000000000000000 ) ;
#6020 = DIRECTION ( 'NONE',  ( 1.000000000000000000, 0.000000000000000000, 0.000000000000000000 ) ) ;
#6021 = ORIENTED_EDGE ( 'NONE', *, *, #4302, .T. ) ;
#6022 = CARTESIAN_POINT ( 'NONE',  ( -8.880000000000002558, 7.500000000000000000, -0.1200000000000000094 ) ) ;
#6023 = VECTOR ( 'NONE', #7005, 1000.000000000000000 ) ;
#6024 = CARTESIAN_POINT ( 'NONE',  ( -4.750000000000001776, 9.899999999999998579, -1.250000000000000000 ) ) ;
#6025 = CARTESIAN_POINT ( 'NONE',  ( -0.1200000000000020495, -3.180000000000000604, -0.1200000000000000094 ) ) ;
#6026 = VERTEX_POINT ( 'NONE', #7933 ) ;
#6027 = VECTOR ( 'NONE', #4622, 1000.000000000000000 ) ;
#6028 = PLANE ( 'NONE',  #868 ) ;
#6029 = ORIENTED_EDGE ( 'NONE', *, *, #3722, .F. ) ;
#6030 = LINE ( 'NONE', #2456, #7859 ) ;
#6031 = EDGE_CURVE ( 'NONE', #4044, #4299, #1539, .T. ) ;
#6032 = VECTOR ( 'NONE', #5756, 1000.000000000000000 ) ;
#6033 = AXIS2_PLACEMENT_3D ( 'NONE', #4160, #4801, #4062 ) ;
#6034 = EDGE_CURVE ( 'NONE', #3068, #3140, #6637, .T. ) ;
#6035 = LINE ( 'NONE', #1174, #1584 ) ;
#6036 = EDGE_CURVE ( 'NONE', #8083, #1073, #3723, .T. ) ;
#6037 = ORIENTED_EDGE ( 'NONE', *, *, #2961, .F. ) ;
#6038 = LINE ( 'NONE', #2561, #1598 ) ;
#6039 = DIRECTION ( 'NONE',  ( -1.000000000000000000, 0.000000000000000000, 0.000000000000000000 ) ) ;
#6040 = AXIS2_PLACEMENT_3D ( 'NONE', #3990, #4680, #1301 ) ;
#6041 = ADVANCED_FACE ( 'NONE', ( #3811 ), #235, .T. ) ;
#6042 = VERTEX_POINT ( 'NONE', #4550 ) ;
#6043 = CARTESIAN_POINT ( 'NONE',  ( -4.250000000000001776, 9.899999999999998579, -1.250000000000000000 ) ) ;
#6044 = ORIENTED_EDGE ( 'NONE', *, *, #6528, .T. ) ;
#6045 = VERTEX_POINT ( 'NONE', #5891 ) ;
#6046 = VECTOR ( 'NONE', #2275, 1000.000000000000000 ) ;
#6047 = CARTESIAN_POINT ( 'NONE',  ( -5.680000000000001492, -2.580000000000000515, -0.3200000000000000067 ) ) ;
#6048 = DIRECTION ( 'NONE',  ( 1.000000000000000000, 0.000000000000000000, 0.000000000000000000 ) ) ;
#6049 = ADVANCED_FACE ( 'NONE', ( #1030 ), #5063, .T. ) ;
#6050 = EDGE_CURVE ( 'NONE', #4123, #2723, #7893, .T. ) ;
#6051 = DIRECTION ( 'NONE',  ( 0.000000000000000000, 1.000000000000000000, 0.000000000000000000 ) ) ;
#6052 = VECTOR ( 'NONE', #6907, 1000.000000000000000 ) ;
#6053 = VECTOR ( 'NONE', #8862, 1000.000000000000000 ) ;
#6054 = CARTESIAN_POINT ( 'NONE',  ( 2.384999999999998010, 1.849999999999999645, 2.469999999999999751 ) ) ;
#6055 = ORIENTED_EDGE ( 'NONE', *, *, #4889, .T. ) ;
#6056 = PLANE ( 'NONE',  #6461 ) ;
#6057 = ORIENTED_EDGE ( 'NONE', *, *, #1517, .F. ) ;
#6058 = DIRECTION ( 'NONE',  ( 1.000000000000000000, 0.000000000000000000, 0.000000000000000000 ) ) ;
#6059 = VERTEX_POINT ( 'NONE', #6508 ) ;
#6060 = ORIENTED_EDGE ( 'NONE', *, *, #3444, .T. ) ;
#6061 = EDGE_CURVE ( 'NONE', #2857, #2386, #8678, .T. ) ;
#6062 = CARTESIAN_POINT ( 'NONE',  ( -15.32000000000000206, 0.6699999999999995959, -0.8750000000000000000 ) ) ;
#6063 = LINE ( 'NONE', #1051, #3553 ) ;
#6064 = VECTOR ( 'NONE', #6343, 1000.000000000000000 ) ;
#6065 = VECTOR ( 'NONE', #1406, 1000.000000000000000 ) ;
#6066 = LINE ( 'NONE', #4666, #989 ) ;
#6067 = FILL_AREA_STYLE ('',( #9069 ) ) ;
#6068 = AXIS2_PLACEMENT_3D ( 'NONE', #4261, #6307, #7702 ) ;
#6069 = EDGE_CURVE ( 'NONE', #2437, #6042, #5798, .T. ) ;
#6070 = CARTESIAN_POINT ( 'NONE',  ( -12.32000000000000028, 6.899999999999999467, 0.3200000000000000067 ) ) ;
#6071 = ORIENTED_EDGE ( 'NONE', *, *, #7566, .T. ) ;
#6072 = EDGE_LOOP ( 'NONE', ( #1417, #1120, #2745, #4815, #8928, #6283, #5036, #1296, #4161, #4556, #871, #6206, #1263, #4668, #3331, #4946, #1737, #8585 ) ) ;
#6073 = PLANE ( 'NONE',  #4382 ) ;
#6074 = LINE ( 'NONE', #3840, #3659 ) ;
#6075 = DIRECTION ( 'NONE',  ( 0.000000000000000000, -1.000000000000000000, 0.000000000000000000 ) ) ;
#6076 = DIRECTION ( 'NONE',  ( 0.000000000000000000, -1.000000000000000000, 0.000000000000000000 ) ) ;
#6077 = VECTOR ( 'NONE', #8142, 1000.000000000000000 ) ;
#6078 = PRODUCT ( '436500529', '436500529', '', ( #5457 ) ) ;
#6079 = LINE ( 'NONE', #8903, #518 ) ;
#6080 = ADVANCED_FACE ( 'NONE', ( #4461 ), #5157, .T. ) ;
#6081 = LINE ( 'NONE', #7555, #1720 ) ;
#6082 = VERTEX_POINT ( 'NONE', #2373 ) ;
#6083 = DIRECTION ( 'NONE',  ( 0.000000000000000000, -0.9486832980505238710, -0.3162277660168079652 ) ) ;
#6084 = CARTESIAN_POINT ( 'NONE',  ( -6.320000000000002061, 6.899999999999999467, 0.3200000000000000067 ) ) ;
#6085 = PLANE ( 'NONE',  #5993 ) ;
#6086 = CARTESIAN_POINT ( 'NONE',  ( -9.320000000000002061, -8.673617379884035472E-16, 1.680000000000000160 ) ) ;
#6087 = EDGE_CURVE ( 'NONE', #8809, #2166, #935, .T. ) ;
#6088 = CARTESIAN_POINT ( 'NONE',  ( -11.68000000000000327, 6.899999999999999467, 0.3200000000000000067 ) ) ;
#6089 = CARTESIAN_POINT ( 'NONE',  ( 2.384999999999998010, -8.673617379884035472E-16, 2.469999999999999751 ) ) ;
#6090 = EDGE_LOOP ( 'NONE', ( #2576, #3170, #870, #5103 ) ) ;
#6091 = DIRECTION ( 'NONE',  ( 0.000000000000000000, -1.000000000000000000, 0.000000000000000000 ) ) ;
#6092 = LINE ( 'NONE', #7788, #5907 ) ;
#6093 = ORIENTED_EDGE ( 'NONE', *, *, #1688, .T. ) ;
#6094 = CARTESIAN_POINT ( 'NONE',  ( -13.25000000000000178, 3.299999999999999378, -1.250000000000000000 ) ) ;
#6095 = EDGE_LOOP ( 'NONE', ( #837, #1166, #8041, #6230, #6613, #5915, #9106, #1839 ) ) ;
#6096 = ORIENTED_EDGE ( 'NONE', *, *, #8567, .T. ) ;
#6097 = LINE ( 'NONE', #8920, #1954 ) ;
#6098 = LINE ( 'NONE', #440, #3590 ) ;
#6099 = DIRECTION ( 'NONE',  ( 0.000000000000000000, 0.000000000000000000, -1.000000000000000000 ) ) ;
#6100 = CARTESIAN_POINT ( 'NONE',  ( -2.680000000000001936, 1.349999999999999645, -1.930000000000000160 ) ) ;
#6101 = ORIENTED_EDGE ( 'NONE', *, *, #2157, .T. ) ;
#6102 = CARTESIAN_POINT ( 'NONE',  ( -0.3200000000000017275, 0.6999999999999992895, -0.8750000000000000000 ) ) ;
#6103 = VERTEX_POINT ( 'NONE', #8729 ) ;
#6104 = CARTESIAN_POINT ( 'NONE',  ( -5.880000000000001670, 7.500000000000000000, 0.1200000000000000094 ) ) ;
#6105 = EDGE_CURVE ( 'NONE', #2386, #9038, #5199, .T. ) ;
#6106 = EDGE_LOOP ( 'NONE', ( #576, #7169, #2153, #6974 ) ) ;
#6107 = ORIENTED_EDGE ( 'NONE', *, *, #5806, .F. ) ;
#6108 = ADVANCED_FACE ( 'NONE', ( #4082 ), #2517, .F. ) ;
#6109 = LINE ( 'NONE', #5539, #8728 ) ;
#6110 = CARTESIAN_POINT ( 'NONE',  ( -6.320000000000002061, 1.269999999999999352, 0.8750000000000000000 ) ) ;
#6111 = DIRECTION ( 'NONE',  ( 1.000000000000000000, 0.000000000000000000, 0.000000000000000000 ) ) ;
#6112 = EDGE_CURVE ( 'NONE', #682, #6543, #427, .T. ) ;
#6113 = DIRECTION ( 'NONE',  ( 1.000000000000000000, 0.000000000000000000, 0.000000000000000000 ) ) ;
#6114 = AXIS2_PLACEMENT_3D ( 'NONE', #4608, #985, #8778 ) ;
#6115 = LINE ( 'NONE', #8980, #8849 ) ;
#6116 = ORIENTED_EDGE ( 'NONE', *, *, #8316, .T. ) ;
#6117 = ORIENTED_EDGE ( 'NONE', *, *, #3769, .T. ) ;
#6118 = DIRECTION ( 'NONE',  ( -0.7071067811865474617, 0.000000000000000000, 0.7071067811865474617 ) ) ;
#6119 = CARTESIAN_POINT ( 'NONE',  ( -9.320000000000002061, 1.349999999999999645, 1.649999999999999911 ) ) ;
#6120 = CARTESIAN_POINT ( 'NONE',  ( 3.319999999999998508, 1.849999999999999645, 2.469999999999999751 ) ) ;
#6121 = DIRECTION ( 'NONE',  ( 1.000000000000000000, 0.000000000000000000, 0.000000000000000000 ) ) ;
#6122 = ADVANCED_FACE ( 'NONE', ( #3902 ), #2604, .F. ) ;
#6123 = DIRECTION ( 'NONE',  ( 0.000000000000000000, 0.000000000000000000, 1.000000000000000000 ) ) ;
#6124 = VERTEX_POINT ( 'NONE', #8164 ) ;
#6125 = DIRECTION ( 'NONE',  ( 0.000000000000000000, 0.000000000000000000, 1.000000000000000000 ) ) ;
#6126 = DIRECTION ( 'NONE',  ( -1.000000000000000000, 0.000000000000000000, 0.000000000000000000 ) ) ;
#6127 = CARTESIAN_POINT ( 'NONE',  ( 1.934999999999997389, -8.673617379884035472E-16, 1.270000000000000018 ) ) ;
#6128 = CARTESIAN_POINT ( 'NONE',  ( -15.32000000000000206, 1.269999999999999352, 1.270000000000000018 ) ) ;
#6129 = ADVANCED_FACE ( 'NONE', ( #7468 ), #1953, .F. ) ;
#6130 = CARTESIAN_POINT ( 'NONE',  ( 3.319999999999998508, 0.6699999999999995959, 0.8750000000000000000 ) ) ;
#6131 = DIRECTION ( 'NONE',  ( -2.960594732334000265E-14, -1.000000000000000000, -0.000000000000000000 ) ) ;
#6132 = EDGE_LOOP ( 'NONE', ( #6604, #5484, #8453, #2244 ) ) ;
#6133 = PLANE ( 'NONE',  #857 ) ;
#6134 = FACE_OUTER_BOUND ( 'NONE', #295, .T. ) ;
#6135 = ORIENTED_EDGE ( 'NONE', *, *, #4457, .F. ) ;
#6136 = EDGE_CURVE ( 'NONE', #8792, #808, #4643, .T. ) ;
#6137 = DIRECTION ( 'NONE',  ( 4.440892098500999766E-14, -1.000000000000000000, 0.000000000000000000 ) ) ;
#6138 = LINE ( 'NONE', #6788, #6881 ) ;
#6139 = VERTEX_POINT ( 'NONE', #1077 ) ;
#6140 = ORIENTED_EDGE ( 'NONE', *, *, #1536, .T. ) ;
#6141 = DIRECTION ( 'NONE',  ( -1.000000000000000000, 0.000000000000000000, 0.000000000000000000 ) ) ;
#6142 = ORIENTED_EDGE ( 'NONE', *, *, #5088, .T. ) ;
#6143 = CARTESIAN_POINT ( 'NONE',  ( -6.320000000000002061, -2.580000000000000515, -0.3200000000000000067 ) ) ;
#6144 = DIRECTION ( 'NONE',  ( -1.000000000000000000, 0.000000000000000000, 0.000000000000000000 ) ) ;
#6145 = VECTOR ( 'NONE', #887, 1000.000000000000000 ) ;
#6146 = ORIENTED_EDGE ( 'NONE', *, *, #7408, .F. ) ;
#6147 = DIRECTION ( 'NONE',  ( 0.000000000000000000, 0.000000000000000000, -1.000000000000000000 ) ) ;
#6148 = EDGE_LOOP ( 'NONE', ( #2902, #4713, #770, #1730 ) ) ;
#6149 = ORIENTED_EDGE ( 'NONE', *, *, #7817, .F. ) ;
#6150 = EDGE_LOOP ( 'NONE', ( #2759, #2455, #9028, #6947, #1027, #8031 ) ) ;
#6151 = VECTOR ( 'NONE', #1703, 1000.000000000000000 ) ;
#6152 = DIRECTION ( 'NONE',  ( 1.000000000000000000, 0.000000000000000000, 0.000000000000000000 ) ) ;
#6153 = LINE ( 'NONE', #2073, #5169 ) ;
#6154 = VECTOR ( 'NONE', #5270, 1000.000000000000000 ) ;
#6155 = EDGE_CURVE ( 'NONE', #4564, #6253, #5384, .T. ) ;
#6156 = CARTESIAN_POINT ( 'NONE',  ( 2.384999999999998010, 1.849999999999999645, 2.469999999999999751 ) ) ;
#6157 = CARTESIAN_POINT ( 'NONE',  ( 2.669999999999998597, -8.673617379884035472E-16, 2.469999999999999751 ) ) ;
#6158 = ORIENTED_EDGE ( 'NONE', *, *, #7514, .T. ) ;
#6159 = ORIENTED_EDGE ( 'NONE', *, *, #796, .T. ) ;
#6160 = EDGE_CURVE ( 'NONE', #5113, #4938, #6730, .T. ) ;
#6161 = PLANE ( 'NONE',  #1719 ) ;
#6162 = EDGE_CURVE ( 'NONE', #2724, #7127, #376, .T. ) ;
#6163 = DIRECTION ( 'NONE',  ( 0.000000000000000000, 0.000000000000000000, 1.000000000000000000 ) ) ;
#6164 = VECTOR ( 'NONE', #3286, 1000.000000000000000 ) ;
#6165 = CARTESIAN_POINT ( 'NONE',  ( -13.93500000000000050, 1.699999999999999734, -1.930000000000000160 ) ) ;
#6166 = EDGE_LOOP ( 'NONE', ( #4278, #1590, #1999, #4912 ) ) ;
#6167 = PLANE ( 'NONE',  #6912 ) ;
#6168 = ORIENTED_EDGE ( 'NONE', *, *, #8222, .F. ) ;
#6169 = DIRECTION ( 'NONE',  ( 0.000000000000000000, 0.000000000000000000, -1.000000000000000000 ) ) ;
#6170 = LINE ( 'NONE', #2042, #4878 ) ;
#6171 = DIRECTION ( 'NONE',  ( 1.000000000000000000, 0.000000000000000000, 0.000000000000000000 ) ) ;
#6172 = DIRECTION ( 'NONE',  ( 0.000000000000000000, 0.000000000000000000, 1.000000000000000000 ) ) ;
#6173 = VECTOR ( 'NONE', #165, 1000.000000000000000 ) ;
#6174 = VECTOR ( 'NONE', #3105, 1000.000000000000000 ) ;
#6175 = EDGE_CURVE ( 'NONE', #6919, #4091, #3262, .T. ) ;
#6176 = LINE ( 'NONE', #2652, #5509 ) ;
#6177 = CARTESIAN_POINT ( 'NONE',  ( -13.92000000000000171, 9.899999999999998579, 1.930000000000000160 ) ) ;
#6178 = ORIENTED_EDGE ( 'NONE', *, *, #8195, .T. ) ;
#6179 = DIRECTION ( 'NONE',  ( 0.000000000000000000, 0.000000000000000000, 1.000000000000000000 ) ) ;
#6180 = AXIS2_PLACEMENT_3D ( 'NONE', #6744, #8311, #1966 ) ;
#6181 = ORIENTED_EDGE ( 'NONE', *, *, #7817, .T. ) ;
#6182 = LINE ( 'NONE', #2703, #2954 ) ;
#6183 = CARTESIAN_POINT ( 'NONE',  ( -1.750000000000001554, 9.899999999999998579, 1.250000000000000000 ) ) ;
#6184 = ORIENTED_EDGE ( 'NONE', *, *, #2829, .T. ) ;
#6185 = EDGE_LOOP ( 'NONE', ( #3646, #6278, #8318, #8718 ) ) ;
#6186 = VECTOR ( 'NONE', #5843, 1000.000000000000000 ) ;
#6187 = AXIS2_PLACEMENT_3D ( 'NONE', #9039, #2690, #4128 ) ;
#6188 = VECTOR ( 'NONE', #8633, 1000.000000000000000 ) ;
#6189 = AXIS2_PLACEMENT_3D ( 'NONE', #1854, #6908, #7600 ) ;
#6190 = DIRECTION ( 'NONE',  ( 0.000000000000000000, 0.000000000000000000, -1.000000000000000000 ) ) ;
#6191 = DIRECTION ( 'NONE',  ( 0.000000000000000000, -1.000000000000000000, 0.000000000000000000 ) ) ;
#6192 = ORIENTED_EDGE ( 'NONE', *, *, #1430, .F. ) ;
#6193 = DIRECTION ( 'NONE',  ( 0.000000000000000000, -1.000000000000000000, 0.000000000000000000 ) ) ;
#6194 = ORIENTED_EDGE ( 'NONE', *, *, #7120, .F. ) ;
#6195 = ADVANCED_FACE ( 'NONE', ( #1910 ), #8812, .T. ) ;
#6196 = VECTOR ( 'NONE', #6745, 1000.000000000000000 ) ;
#6197 = ORIENTED_EDGE ( 'NONE', *, *, #5022, .T. ) ;
#6198 = EDGE_LOOP ( 'NONE', ( #7641, #6260, #2962, #8002 ) ) ;
#6199 = DIRECTION ( 'NONE',  ( 1.000000000000000000, 0.000000000000000000, 0.000000000000000000 ) ) ;
#6200 = ADVANCED_FACE ( 'NONE', ( #4739 ), #4688, .T. ) ;
#6201 = DIRECTION ( 'NONE',  ( 0.000000000000000000, 1.000000000000000000, 0.000000000000000000 ) ) ;
#6202 = EDGE_CURVE ( 'NONE', #4678, #1089, #6035, .T. ) ;
#6203 = VECTOR ( 'NONE', #1769, 1000.000000000000000 ) ;
#6204 = CARTESIAN_POINT ( 'NONE',  ( 0.5499999999999983791, 9.899999999999998579, 1.250000000000000000 ) ) ;
#6205 = CARTESIAN_POINT ( 'NONE',  ( 2.819999999999998064, -1.275000000000000133, 2.020000000000000018 ) ) ;
#6206 = ORIENTED_EDGE ( 'NONE', *, *, #8789, .T. ) ;
#6207 = ORIENTED_EDGE ( 'NONE', *, *, #5022, .F. ) ;
#6208 = EDGE_LOOP ( 'NONE', ( #864, #6696, #5001, #4295 ) ) ;
#6209 = DIRECTION ( 'NONE',  ( 0.9486832980505238710, 0.3162277660168079652, -0.000000000000000000 ) ) ;
#6210 = CARTESIAN_POINT ( 'NONE',  ( -10.75000000000000178, 9.899999999999998579, -1.250000000000000000 ) ) ;
#6211 = ORIENTED_EDGE ( 'NONE', *, *, #2982, .F. ) ;
#6212 = ORIENTED_EDGE ( 'NONE', *, *, #8621, .F. ) ;
#6213 = VECTOR ( 'NONE', #7012, 1000.000000000000000 ) ;
#6214 = EDGE_CURVE ( 'NONE', #1925, #6253, #1814, .T. ) ;
#6215 = PLANE ( 'NONE',  #7009 ) ;
#6216 = AXIS2_PLACEMENT_3D ( 'NONE', #9127, #9178, #9085 ) ;
#6217 = AXIS2_PLACEMENT_3D ( 'NONE', #7717, #7021, #660 ) ;
#6218 = ORIENTED_EDGE ( 'NONE', *, *, #3149, .F. ) ;
#6219 = CARTESIAN_POINT ( 'NONE',  ( -2.680000000000001936, 7.500000000000000000, -0.3200000000000000067 ) ) ;
#6220 = ORIENTED_EDGE ( 'NONE', *, *, #8652, .T. ) ;
#6221 = PLANE ( 'NONE',  #6187 ) ;
#6222 = VECTOR ( 'NONE', #8977, 1000.000000000000000 ) ;
#6223 = CARTESIAN_POINT ( 'NONE',  ( -7.750000000000001776, 9.899999999999998579, -1.250000000000000000 ) ) ;
#6224 = DIRECTION ( 'NONE',  ( 1.000000000000000000, 0.000000000000000000, 0.000000000000000000 ) ) ;
#6225 = EDGE_CURVE ( 'NONE', #567, #5949, #3948, .T. ) ;
#6226 = CARTESIAN_POINT ( 'NONE',  ( -3.320000000000001616, 1.349999999999999645, 1.680000000000000160 ) ) ;
#6227 = ADVANCED_FACE ( 'NONE', ( #5291, #6829 ), #474, .F. ) ;
#6228 = CARTESIAN_POINT ( 'NONE',  ( -14.67000000000000171, -8.673617379884035472E-16, 2.469999999999999751 ) ) ;
#6229 = CARTESIAN_POINT ( 'NONE',  ( -5.880000000000001670, -3.180000000000000604, 0.1200000000000000094 ) ) ;
#6230 = ORIENTED_EDGE ( 'NONE', *, *, #5676, .F. ) ;
#6231 = FACE_OUTER_BOUND ( 'NONE', #7159, .T. ) ;
#6232 = EDGE_LOOP ( 'NONE', ( #5536, #8172, #8593, #2384 ) ) ;
#6233 = DIRECTION ( 'NONE',  ( -0.3162277660168079652, 0.9486832980505238710, 0.000000000000000000 ) ) ;
#6234 = LINE ( 'NONE', #8308, #8961 ) ;
#6235 = ORIENTED_EDGE ( 'NONE', *, *, #5185, .F. ) ;
#6236 = ORIENTED_EDGE ( 'NONE', *, *, #7288, .T. ) ;
#6237 = VECTOR ( 'NONE', #4955, 1000.000000000000000 ) ;
#6238 = EDGE_CURVE ( 'NONE', #1261, #8083, #5478, .T. ) ;
#6239 = LINE ( 'NONE', #9058, #94 ) ;
#6240 = AXIS2_PLACEMENT_3D ( 'NONE', #1122, #425, #3069 ) ;
#6241 = LINE ( 'NONE', #3963, #2789 ) ;
#6242 = ORIENTED_EDGE ( 'NONE', *, *, #3303, .T. ) ;
#6243 = LINE ( 'NONE', #9018, #4253 ) ;
#6244 = VERTEX_POINT ( 'NONE', #1766 ) ;
#6245 = ORIENTED_EDGE ( 'NONE', *, *, #1316, .T. ) ;
#6246 = EDGE_LOOP ( 'NONE', ( #947, #4049, #1493, #1054 ) ) ;
#6247 = LINE ( 'NONE', #8366, #6222 ) ;
#6248 = DIRECTION ( 'NONE',  ( 1.000000000000000000, 0.000000000000000000, 0.000000000000000000 ) ) ;
#6249 = EDGE_CURVE ( 'NONE', #8227, #5355, #45, .T. ) ;
#6250 = LINE ( 'NONE', #6892, #3191 ) ;
#6251 = PLANE ( 'NONE',  #851 ) ;
#6252 = ORIENTED_EDGE ( 'NONE', *, *, #6933, .F. ) ;
#6253 = VERTEX_POINT ( 'NONE', #1359 ) ;
#6254 = ORIENTED_EDGE ( 'NONE', *, *, #936, .F. ) ;
#6255 = DIRECTION ( 'NONE',  ( 0.000000000000000000, -1.000000000000000000, 0.000000000000000000 ) ) ;
#6256 = CARTESIAN_POINT ( 'NONE',  ( -9.320000000000002061, 1.349999999999999645, 1.649999999999999911 ) ) ;
#6257 = EDGE_CURVE ( 'NONE', #1225, #4064, #4877, .T. ) ;
#6258 = EDGE_LOOP ( 'NONE', ( #5822, #7441, #1926, #5999 ) ) ;
#6259 = ADVANCED_FACE ( 'NONE', ( #6274 ), #6408, .T. ) ;
#6260 = ORIENTED_EDGE ( 'NONE', *, *, #6257, .T. ) ;
#6261 = EDGE_CURVE ( 'NONE', #8185, #4091, #5565, .T. ) ;
#6262 = CARTESIAN_POINT ( 'NONE',  ( -14.67000000000000171, -8.673617379884035472E-16, 2.469999999999999751 ) ) ;
#6263 = VECTOR ( 'NONE', #3218, 1000.000000000000000 ) ;
#6264 = VECTOR ( 'NONE', #3890, 1000.000000000000000 ) ;
#6265 = ORIENTED_EDGE ( 'NONE', *, *, #4544, .T. ) ;
#6266 = CARTESIAN_POINT ( 'NONE',  ( 0.3199999999999982303, -8.673617379884035472E-16, 1.680000000000000160 ) ) ;
#6267 = CARTESIAN_POINT ( 'NONE',  ( 1.919999999999998153, 8.500000000000000000, -1.250000000000000000 ) ) ;
#6268 = LINE ( 'NONE', #8388, #853 ) ;
#6269 = CARTESIAN_POINT ( 'NONE',  ( -6.320000000000002061, 1.349999999999999645, -1.930000000000000160 ) ) ;
#6270 = VECTOR ( 'NONE', #4910, 1000.000000000000000 ) ;
#6271 = DIRECTION ( 'NONE',  ( 0.000000000000000000, 0.000000000000000000, -1.000000000000000000 ) ) ;
#6272 = DIRECTION ( 'NONE',  ( 0.000000000000000000, -1.000000000000000000, 0.000000000000000000 ) ) ;
#6273 = EDGE_CURVE ( 'NONE', #1489, #6383, #6369, .T. ) ;
#6274 = FACE_OUTER_BOUND ( 'NONE', #2066, .T. ) ;
#6275 = ORIENTED_EDGE ( 'NONE', *, *, #6869, .T. ) ;
#6276 = DIRECTION ( 'NONE',  ( 0.000000000000000000, 0.000000000000000000, 1.000000000000000000 ) ) ;
#6277 = ADVANCED_FACE ( 'NONE', ( #654 ), #748, .T. ) ;
#6278 = ORIENTED_EDGE ( 'NONE', *, *, #8791, .F. ) ;
#6279 = CARTESIAN_POINT ( 'NONE',  ( -3.320000000000001616, 4.949999999999999289, 0.000000000000000000 ) ) ;
#6280 = DIRECTION ( 'NONE',  ( 0.000000000000000000, 1.000000000000000000, 0.000000000000000000 ) ) ;
#6281 = EDGE_CURVE ( 'NONE', #3495, #2775, #9091, .T. ) ;
#6282 = ORIENTED_EDGE ( 'NONE', *, *, #5677, .F. ) ;
#6283 = ORIENTED_EDGE ( 'NONE', *, *, #8240, .F. ) ;
#6284 = LINE ( 'NONE', #3183, #248 ) ;
#6285 = CARTESIAN_POINT ( 'NONE',  ( 2.969999999999998863, -1.400000000000000133, 1.869999999999999885 ) ) ;
#6286 = DIRECTION ( 'NONE',  ( 0.000000000000000000, 1.000000000000000000, 0.000000000000000000 ) ) ;
#6287 = ORIENTED_EDGE ( 'NONE', *, *, #9044, .F. ) ;
#6288 = CARTESIAN_POINT ( 'NONE',  ( 1.934999999999997389, 1.699999999999999734, -1.930000000000000160 ) ) ;
#6289 = ORIENTED_EDGE ( 'NONE', *, *, #658, .F. ) ;
#6290 = ORIENTED_EDGE ( 'NONE', *, *, #3028, .F. ) ;
#6291 = LINE ( 'NONE', #4899, #4665 ) ;
#6292 = EDGE_LOOP ( 'NONE', ( #6060, #4915, #8687, #3848 ) ) ;
#6293 = LINE ( 'NONE', #2766, #4288 ) ;
#6294 = LINE ( 'NONE', #8322, #5315 ) ;
#6295 = EDGE_CURVE ( 'NONE', #1366, #4968, #8397, .T. ) ;
#6296 = CARTESIAN_POINT ( 'NONE',  ( -0.7500000000000015543, 9.049999999999998934, 2.429999999999999716 ) ) ;
#6297 = ORIENTED_EDGE ( 'NONE', *, *, #1942, .F. ) ;
#6298 = VERTEX_POINT ( 'NONE', #701 ) ;
#6299 = VERTEX_POINT ( 'NONE', #4923 ) ;
#6300 = LINE ( 'NONE', #2828, #8682 ) ;
#6301 = ORIENTED_EDGE ( 'NONE', *, *, #3011, .F. ) ;
#6302 = EDGE_LOOP ( 'NONE', ( #8861, #3369, #5964, #1266 ) ) ;
#6303 = VECTOR ( 'NONE', #5205, 1000.000000000000000 ) ;
#6304 = DIRECTION ( 'NONE',  ( 0.000000000000000000, -1.000000000000000000, 0.000000000000000000 ) ) ;
#6305 =( GEOMETRIC_REPRESENTATION_CONTEXT ( 3 ) GLOBAL_UNCERTAINTY_ASSIGNED_CONTEXT ( ( #1559 ) ) GLOBAL_UNIT_ASSIGNED_CONTEXT ( ( #8979, #1151, #8370 ) ) REPRESENTATION_CONTEXT ( 'NONE', 'WORKASPACE' ) );
#6306 = ORIENTED_EDGE ( 'NONE', *, *, #653, .F. ) ;
#6307 = DIRECTION ( 'NONE',  ( 1.000000000000000000, 0.000000000000000000, 0.000000000000000000 ) ) ;
#6308 = CARTESIAN_POINT ( 'NONE',  ( -2.680000000000001936, 1.269999999999999352, 0.8750000000000000000 ) ) ;
#6309 = EDGE_CURVE ( 'NONE', #4906, #6103, #2050, .T. ) ;
#6310 = CARTESIAN_POINT ( 'NONE',  ( -6.320000000000002061, 0.6999999999999992895, 0.8750000000000000000 ) ) ;
#6311 = CARTESIAN_POINT ( 'NONE',  ( -8.680000000000001492, 1.349999999999999645, 1.680000000000000160 ) ) ;
#6312 = LINE ( 'NONE', #484, #7876 ) ;
#6313 = CARTESIAN_POINT ( 'NONE',  ( -0.3200000000000017275, 0.6699999999999995959, 1.270000000000000018 ) ) ;
#6314 = EDGE_CURVE ( 'NONE', #2857, #117, #7058, .T. ) ;
#6315 = CARTESIAN_POINT ( 'NONE',  ( -0.3200000000000017275, 3.299999999999999378, -0.3200000000000000067 ) ) ;
#6316 = CARTESIAN_POINT ( 'NONE',  ( 2.384999999999998010, 1.849999999999999645, 1.916979166667000190 ) ) ;
#6317 = PLANE ( 'NONE',  #122 ) ;
#6318 = ORIENTED_EDGE ( 'NONE', *, *, #1825, .F. ) ;
#6319 = FACE_OUTER_BOUND ( 'NONE', #2905, .T. ) ;
#6320 = ORIENTED_EDGE ( 'NONE', *, *, #5239, .T. ) ;
#6321 = DIRECTION ( 'NONE',  ( 0.000000000000000000, 0.000000000000000000, -1.000000000000000000 ) ) ;
#6322 = LINE ( 'NONE', #9147, #4954 ) ;
#6323 = EDGE_LOOP ( 'NONE', ( #8645, #5722, #7620, #6140 ) ) ;
#6324 = VECTOR ( 'NONE', #7396, 1000.000000000000000 ) ;
#6325 = AXIS2_PLACEMENT_3D ( 'NONE', #3436, #5857, #1351 ) ;
#6326 = ORIENTED_EDGE ( 'NONE', *, *, #166, .F. ) ;
#6327 = ADVANCED_FACE ( 'NONE', ( #8528, #5011 ), #7105, .T. ) ;
#6328 = CARTESIAN_POINT ( 'NONE',  ( 3.319999999999998508, 0.6699999999999995959, -0.8750000000000000000 ) ) ;
#6329 = EDGE_CURVE ( 'NONE', #5882, #6975, #3493, .T. ) ;
#6330 = VECTOR ( 'NONE', #5668, 1000.000000000000000 ) ;
#6331 = ADVANCED_FACE ( 'NONE', ( #9139 ), #2798, .F. ) ;
#6332 = AXIS2_PLACEMENT_3D ( 'NONE', #6846, #6193, #2067 ) ;
#6333 = CARTESIAN_POINT ( 'NONE',  ( -14.38500000000000156, -8.673617379884035472E-16, -1.930000000000000160 ) ) ;
#6334 = CARTESIAN_POINT ( 'NONE',  ( -9.320000000000002061, 1.269999999999999352, 0.8750000000000000000 ) ) ;
#6335 = CARTESIAN_POINT ( 'NONE',  ( -12.32000000000000028, 1.269999999999999352, 0.8750000000000000000 ) ) ;
#6336 = ORIENTED_EDGE ( 'NONE', *, *, #608, .F. ) ;
#6337 = ORIENTED_EDGE ( 'NONE', *, *, #1121, .F. ) ;
#6338 = DIRECTION ( 'NONE',  ( 0.000000000000000000, -1.000000000000000000, 0.000000000000000000 ) ) ;
#6339 = VECTOR ( 'NONE', #127, 1000.000000000000000 ) ;
#6340 = AXIS2_PLACEMENT_3D ( 'NONE', #3665, #5143, #880 ) ;
#6341 = ADVANCED_FACE ( 'NONE', ( #3400 ), #5616, .F. ) ;
#6342 = CARTESIAN_POINT ( 'NONE',  ( -12.32000000000000028, 1.349999999999999645, 1.649999999999999911 ) ) ;
#6343 = DIRECTION ( 'NONE',  ( -1.480297366167000132E-14, -1.000000000000000000, -0.000000000000000000 ) ) ;
#6344 = EDGE_CURVE ( 'NONE', #3731, #1774, #4225, .T. ) ;
#6345 = PRESENTATION_STYLE_ASSIGNMENT (( #4902 ) ) ;
#6346 = VECTOR ( 'NONE', #4430, 1000.000000000000000 ) ;
#6347 = LINE ( 'NONE', #944, #1005 ) ;
#6348 = VECTOR ( 'NONE', #2508, 1000.000000000000000 ) ;
#6349 = VERTEX_POINT ( 'NONE', #609 ) ;
#6350 = ORIENTED_EDGE ( 'NONE', *, *, #7754, .F. ) ;
#6351 = ORIENTED_EDGE ( 'NONE', *, *, #6391, .F. ) ;
#6352 = CARTESIAN_POINT ( 'NONE',  ( -8.680000000000001492, 0.6999999999999992895, 0.8750000000000000000 ) ) ;
#6353 = VERTEX_POINT ( 'NONE', #3446 ) ;
#6354 = ORIENTED_EDGE ( 'NONE', *, *, #5808, .T. ) ;
#6355 = LINE ( 'NONE', #2086, #1228 ) ;
#6356 = VECTOR ( 'NONE', #520, 1000.000000000000000 ) ;
#6357 = EDGE_CURVE ( 'NONE', #4669, #7926, #4, .T. ) ;
#6358 = ORIENTED_EDGE ( 'NONE', *, *, #1563, .T. ) ;
#6359 = PLANE ( 'NONE',  #6068 ) ;
#6360 = PLANE ( 'NONE',  #3528 ) ;
#6361 = VECTOR ( 'NONE', #7516, 1000.000000000000000 ) ;
#6362 = CARTESIAN_POINT ( 'NONE',  ( 3.319999999999998508, 0.6699999999999995959, 0.8750000000000000000 ) ) ;
#6363 = CARTESIAN_POINT ( 'NONE',  ( -12.12000000000000277, 7.500000000000000000, 0.1200000000000000094 ) ) ;
#6364 = DIRECTION ( 'NONE',  ( 1.000000000000000000, 0.000000000000000000, 0.000000000000000000 ) ) ;
#6365 = DIRECTION ( 'NONE',  ( 1.000000000000000000, 0.000000000000000000, 0.000000000000000000 ) ) ;
#6366 = VECTOR ( 'NONE', #629, 1000.000000000000000 ) ;
#6367 = FACE_OUTER_BOUND ( 'NONE', #925, .T. ) ;
#6368 = EDGE_CURVE ( 'NONE', #1925, #3570, #1572, .T. ) ;
#6369 = LINE ( 'NONE', #4136, #3071 ) ;
#6370 = VECTOR ( 'NONE', #1102, 1000.000000000000000 ) ;
#6371 = FACE_OUTER_BOUND ( 'NONE', #8070, .T. ) ;
#6372 = VERTEX_POINT ( 'NONE', #6707 ) ;
#6373 = CARTESIAN_POINT ( 'NONE',  ( -6.320000000000002061, -8.673617379884035472E-16, 1.680000000000000160 ) ) ;
#6374 = EDGE_LOOP ( 'NONE', ( #5776, #8647, #2009, #7563, #17, #7954, #2374 ) ) ;
#6375 = CARTESIAN_POINT ( 'NONE',  ( -11.68000000000000327, -8.673617379884035472E-16, 1.680000000000000160 ) ) ;
#6376 = VERTEX_POINT ( 'NONE', #6449 ) ;
#6377 = EDGE_CURVE ( 'NONE', #2210, #8434, #830, .T. ) ;
#6378 = ADVANCED_FACE ( 'NONE', ( #923, #8146, #5097, #7235, #7449, #7923 ), #8578, .T. ) ;
#6379 = PLANE ( 'NONE',  #3066 ) ;
#6380 = DIRECTION ( 'NONE',  ( -1.000000000000000000, 0.000000000000000000, 0.000000000000000000 ) ) ;
#6381 = CARTESIAN_POINT ( 'NONE',  ( 3.169999999999997264, -1.275000000000000133, 2.020000000000000018 ) ) ;
#6382 = LINE ( 'NONE', #7851, #8833 ) ;
#6383 = VERTEX_POINT ( 'NONE', #403 ) ;
#6384 = ORIENTED_EDGE ( 'NONE', *, *, #5204, .F. ) ;
#6385 = DIRECTION ( 'NONE',  ( 0.000000000000000000, -1.000000000000000000, 0.000000000000000000 ) ) ;
#6386 = CARTESIAN_POINT ( 'NONE',  ( -4.700000000000001954, 7.399999999999999467, -2.435000000000000053 ) ) ;
#6387 = CARTESIAN_POINT ( 'NONE',  ( -14.36000000000000121, 1.849999999999999645, 1.930000000000000160 ) ) ;
#6388 = PLANE ( 'NONE',  #3666 ) ;
#6389 = VERTEX_POINT ( 'NONE', #2971 ) ;
#6390 = ORIENTED_EDGE ( 'NONE', *, *, #2353, .F. ) ;
#6391 = EDGE_CURVE ( 'NONE', #6349, #1489, #1099, .T. ) ;
#6392 = ORIENTED_EDGE ( 'NONE', *, *, #8138, .F. ) ;
#6393 = CARTESIAN_POINT ( 'NONE',  ( -12.22000000000000242, 7.200000000000000178, 0.000000000000000000 ) ) ;
#6394 = EDGE_CURVE ( 'NONE', #6932, #8767, #4402, .T. ) ;
#6395 = EDGE_LOOP ( 'NONE', ( #6587, #4250, #1545, #8159 ) ) ;
#6396 = EDGE_LOOP ( 'NONE', ( #7164, #8918, #908, #6565 ) ) ;
#6397 = FACE_OUTER_BOUND ( 'NONE', #3674, .T. ) ;
#6398 = ORIENTED_EDGE ( 'NONE', *, *, #2932, .T. ) ;
#6399 = FACE_OUTER_BOUND ( 'NONE', #8517, .T. ) ;
#6400 = CARTESIAN_POINT ( 'NONE',  ( -3.320000000000001616, 1.349999999999999645, -1.930000000000000160 ) ) ;
#6401 = CARTESIAN_POINT ( 'NONE',  ( -12.32000000000000028, 0.6999999999999992895, -0.8750000000000000000 ) ) ;
#6402 = DIRECTION ( 'NONE',  ( 0.000000000000000000, 0.000000000000000000, -1.000000000000000000 ) ) ;
#6403 = LINE ( 'NONE', #42, #8624 ) ;
#6404 = EDGE_CURVE ( 'NONE', #7686, #3837, #5743, .T. ) ;
#6405 = VECTOR ( 'NONE', #3687, 1000.000000000000000 ) ;
#6406 = LINE ( 'NONE', #2794, #7384 ) ;
#6407 = CARTESIAN_POINT ( 'NONE',  ( -15.32000000000000206, 9.899999999999998579, 1.930000000000000160 ) ) ;
#6408 = PLANE ( 'NONE',  #1890 ) ;
#6409 = CARTESIAN_POINT ( 'NONE',  ( -0.3200000000000017275, 4.949999999999999289, 0.000000000000000000 ) ) ;
#6410 = VECTOR ( 'NONE', #7313, 1000.000000000000000 ) ;
#6411 = ORIENTED_EDGE ( 'NONE', *, *, #8035, .F. ) ;
#6412 = DIRECTION ( 'NONE',  ( -1.000000000000000000, 0.000000000000000000, 0.000000000000000000 ) ) ;
#6413 = LINE ( 'NONE', #1576, #9151 ) ;
#6414 = DIRECTION ( 'NONE',  ( 0.000000000000000000, -1.000000000000000000, 0.000000000000000000 ) ) ;
#6415 = ORIENTED_EDGE ( 'NONE', *, *, #506, .T. ) ;
#6416 = EDGE_CURVE ( 'NONE', #117, #8705, #1529, .T. ) ;
#6417 = FACE_OUTER_BOUND ( 'NONE', #4743, .T. ) ;
#6418 = CARTESIAN_POINT ( 'NONE',  ( -0.1200000000000020495, 7.500000000000000000, 0.1200000000000000094 ) ) ;
#6419 = EDGE_CURVE ( 'NONE', #5422, #5892, #7881, .T. ) ;
#6420 = CARTESIAN_POINT ( 'NONE',  ( 1.934999999999997389, 0.6699999999999995959, -0.8750000000000000000 ) ) ;
#6421 = LINE ( 'NONE', #7156, #2941 ) ;
#6422 = ORIENTED_EDGE ( 'NONE', *, *, #150, .T. ) ;
#6423 = CARTESIAN_POINT ( 'NONE',  ( -11.68000000000000327, 4.949999999999999289, 0.000000000000000000 ) ) ;
#6424 = ORIENTED_EDGE ( 'NONE', *, *, #7150, .F. ) ;
#6425 = LINE ( 'NONE', #4332, #5062 ) ;
#6426 = DIRECTION ( 'NONE',  ( 0.000000000000000000, 0.000000000000000000, -1.000000000000000000 ) ) ;
#6427 = DIRECTION ( 'NONE',  ( -1.000000000000000000, 0.000000000000000000, 0.000000000000000000 ) ) ;
#6428 = VERTEX_POINT ( 'NONE', #3927 ) ;
#6429 = ORIENTED_EDGE ( 'NONE', *, *, #3739, .T. ) ;
#6430 = DIRECTION ( 'NONE',  ( 1.000000000000000000, 0.000000000000000000, 0.000000000000000000 ) ) ;
#6431 = EDGE_LOOP ( 'NONE', ( #1759, #9119, #2903, #5013, #6029, #6411 ) ) ;
#6432 = LINE ( 'NONE', #2866, #3945 ) ;
#6433 = ORIENTED_EDGE ( 'NONE', *, *, #5168, .T. ) ;
#6434 = VERTEX_POINT ( 'NONE', #7974 ) ;
#6435 = LINE ( 'NONE', #5127, #5953 ) ;
#6436 = ADVANCED_FACE ( 'NONE', ( #3239 ), #3185, .T. ) ;
#6437 = EDGE_CURVE ( 'NONE', #4669, #3864, #3711, .T. ) ;
#6438 = ADVANCED_FACE ( 'NONE', ( #1791 ), #2313, .T. ) ;
#6439 = ORIENTED_EDGE ( 'NONE', *, *, #5923, .F. ) ;
#6440 = CARTESIAN_POINT ( 'NONE',  ( -9.320000000000002061, 1.349999999999999645, 1.649999999999999911 ) ) ;
#6441 = LINE ( 'NONE', #3614, #4701 ) ;
#6442 = VECTOR ( 'NONE', #1129, 1000.000000000000000 ) ;
#6443 = LINE ( 'NONE', #3535, #4413 ) ;
#6444 = LINE ( 'NONE', #6490, #8922 ) ;
#6445 = LINE ( 'NONE', #83, #2357 ) ;
#6446 =( GEOMETRIC_REPRESENTATION_CONTEXT ( 3 ) GLOBAL_UNCERTAINTY_ASSIGNED_CONTEXT ( ( #2217 ) ) GLOBAL_UNIT_ASSIGNED_CONTEXT ( ( #1201, #7494, #7628 ) ) REPRESENTATION_CONTEXT ( 'NONE', 'WORKASPACE' ) );
#6447 = CARTESIAN_POINT ( 'NONE',  ( -6.120000000000001883, 7.500000000000000000, -0.1200000000000000094 ) ) ;
#6448 = EDGE_CURVE ( 'NONE', #5124, #297, #7182, .T. ) ;
#6449 = CARTESIAN_POINT ( 'NONE',  ( 3.319999999999998508, 8.500000000000000000, -1.930000000000000160 ) ) ;
#6450 = CARTESIAN_POINT ( 'NONE',  ( -8.680000000000001492, -8.673617379884035472E-16, 1.270000000000000018 ) ) ;
#6451 = ORIENTED_EDGE ( 'NONE', *, *, #6295, .T. ) ;
#6452 = CARTESIAN_POINT ( 'NONE',  ( -11.88000000000000256, -3.180000000000000604, 0.1200000000000000094 ) ) ;
#6453 = CARTESIAN_POINT ( 'NONE',  ( -13.92000000000000171, 9.899999999999998579, 0.7500000000000000000 ) ) ;
#6454 = FACE_OUTER_BOUND ( 'NONE', #4019, .T. ) ;
#6455 = EDGE_CURVE ( 'NONE', #9095, #8696, #6006, .T. ) ;
#6456 = VERTEX_POINT ( 'NONE', #8838 ) ;
#6457 = CARTESIAN_POINT ( 'NONE',  ( -12.32000000000000028, 1.349999999999999645, -1.930000000000000160 ) ) ;
#6458 = CARTESIAN_POINT ( 'NONE',  ( -15.32000000000000206, 8.500000000000000000, -1.930000000000000160 ) ) ;
#6459 = CARTESIAN_POINT ( 'NONE',  ( -0.3200000000000017275, -8.673617379884035472E-16, 1.680000000000000160 ) ) ;
#6460 = AXIS2_PLACEMENT_3D ( 'NONE', #7442, #1046, #4565 ) ;
#6461 = AXIS2_PLACEMENT_3D ( 'NONE', #8887, #2530, #5354 ) ;
#6462 = LINE ( 'NONE', #5112, #8690 ) ;
#6463 = EDGE_LOOP ( 'NONE', ( #644, #5814, #4761, #4635, #4466, #509, #993, #2605, #501, #5357, #3269, #912, #8139, #7618, #1203, #8871, #6728, #6290, #1423, #8676, #459, #6937, #8494, #6991, #4895, #3583, #5312, #2564 ) ) ;
#6464 = LINE ( 'NONE', #7853, #1888 ) ;
#6465 = ORIENTED_EDGE ( 'NONE', *, *, #3420, .F. ) ;
#6466 = CARTESIAN_POINT ( 'NONE',  ( -13.93500000000000050, 0.6699999999999995959, 0.8750000000000000000 ) ) ;
#6467 = VECTOR ( 'NONE', #6426, 1000.000000000000000 ) ;
#6468 = VECTOR ( 'NONE', #5906, 1000.000000000000000 ) ;
#6469 = ADVANCED_FACE ( 'NONE', ( #5319 ), #1838, .F. ) ;
#6470 = DIRECTION ( 'NONE',  ( 0.000000000000000000, 0.000000000000000000, -1.000000000000000000 ) ) ;
#6471 = EDGE_CURVE ( 'NONE', #8496, #1156, #8622, .T. ) ;
#6472 = LINE ( 'NONE', #4903, #411 ) ;
#6473 = ORIENTED_EDGE ( 'NONE', *, *, #3730, .F. ) ;
#6474 = FACE_OUTER_BOUND ( 'NONE', #8406, .T. ) ;
#6475 = ORIENTED_EDGE ( 'NONE', *, *, #8035, .T. ) ;
#6476 = LINE ( 'NONE', #906, #5573 ) ;
#6477 = AXIS2_PLACEMENT_3D ( 'NONE', #7987, #1633, #7289 ) ;
#6478 = VERTEX_POINT ( 'NONE', #4667 ) ;
#6479 = VERTEX_POINT ( 'NONE', #3376 ) ;
#6480 = ADVANCED_FACE ( 'NONE', ( #7585 ), #4719, .T. ) ;
#6481 = LINE ( 'NONE', #2302, #3596 ) ;
#6482 = VECTOR ( 'NONE', #7359, 1000.000000000000000 ) ;
#6483 = AXIS2_PLACEMENT_3D ( 'NONE', #5930, #3198, #7417 ) ;
#6484 = AXIS2_PLACEMENT_3D ( 'NONE', #1123, #5430, #6782 ) ;
#6485 = VERTEX_POINT ( 'NONE', #8281 ) ;
#6486 = CARTESIAN_POINT ( 'NONE',  ( -10.75000000000000178, 9.899999999999998579, 1.250000000000000000 ) ) ;
#6487 = DIRECTION ( 'NONE',  ( 1.000000000000000000, 0.000000000000000000, 0.000000000000000000 ) ) ;
#6488 = AXIS2_PLACEMENT_3D ( 'NONE', #5446, #8312, #575 ) ;
#6489 = CARTESIAN_POINT ( 'NONE',  ( 3.019999999999998241, -1.400000000000000133, 1.869999999999999885 ) ) ;
#6490 = CARTESIAN_POINT ( 'NONE',  ( -7.750000000000001776, 9.899999999999998579, -1.250000000000000000 ) ) ;
#6491 = LINE ( 'NONE', #4520, #5902 ) ;
#6492 = CARTESIAN_POINT ( 'NONE',  ( -11.25000000000000355, 9.049999999999998934, 1.930000000000000160 ) ) ;
#6493 = VECTOR ( 'NONE', #5832, 1000.000000000000000 ) ;
#6494 = VECTOR ( 'NONE', #2370, 1000.000000000000000 ) ;
#6495 = DIRECTION ( 'NONE',  ( 1.000000000000000000, 0.000000000000000000, 0.000000000000000000 ) ) ;
#6496 = CARTESIAN_POINT ( 'NONE',  ( -8.680000000000001492, 3.299999999999999378, 0.3200000000000000067 ) ) ;
#6497 = ORIENTED_EDGE ( 'NONE', *, *, #4997, .F. ) ;
#6498 = LINE ( 'NONE', #5231, #5741 ) ;
#6499 = ADVANCED_FACE ( 'NONE', ( #500 ), #3423, .F. ) ;
#6500 = ORIENTED_EDGE ( 'NONE', *, *, #293, .T. ) ;
#6501 = PLANE ( 'NONE',  #6738 ) ;
#6502 = ORIENTED_EDGE ( 'NONE', *, *, #1942, .T. ) ;
#6503 = EDGE_CURVE ( 'NONE', #8496, #7085, #2585, .T. ) ;
#6504 = VECTOR ( 'NONE', #9163, 1000.000000000000000 ) ;
#6505 = ADVANCED_FACE ( 'NONE', ( #4107, #9116 ), #6251, .F. ) ;
#6506 = DIRECTION ( 'NONE',  ( -1.000000000000000000, 0.000000000000000000, 0.000000000000000000 ) ) ;
#6507 = VECTOR ( 'NONE', #8167, 1000.000000000000000 ) ;
#6508 = CARTESIAN_POINT ( 'NONE',  ( -2.680000000000001936, -8.673617379884035472E-16, -1.930000000000000160 ) ) ;
#6509 = PLANE ( 'NONE',  #5604 ) ;
#6510 = VECTOR ( 'NONE', #3502, 1000.000000000000000 ) ;
#6511 = CARTESIAN_POINT ( 'NONE',  ( 2.384999999999998010, 0.6699999999999995959, -0.8750000000000000000 ) ) ;
#6512 = ORIENTED_EDGE ( 'NONE', *, *, #3273, .F. ) ;
#6513 = CARTESIAN_POINT ( 'NONE',  ( -12.32000000000000028, 1.349999999999999645, -1.930000000000000160 ) ) ;
#6514 = ORIENTED_EDGE ( 'NONE', *, *, #5958, .F. ) ;
#6515 = VECTOR ( 'NONE', #8043, 1000.000000000000000 ) ;
#6516 = CARTESIAN_POINT ( 'NONE',  ( 3.319999999999998508, 2.699999999999999734, 0.1137500000000000039 ) ) ;
#6517 = DIRECTION ( 'NONE',  ( 0.000000000000000000, 0.000000000000000000, -1.000000000000000000 ) ) ;
#6518 = CARTESIAN_POINT ( 'NONE',  ( -8.680000000000001492, 6.899999999999999467, 0.3200000000000000067 ) ) ;
#6519 = ORIENTED_EDGE ( 'NONE', *, *, #1124, .T. ) ;
#6520 = DIRECTION ( 'NONE',  ( 1.000000000000000000, 0.000000000000000000, 0.000000000000000000 ) ) ;
#6521 = ORIENTED_EDGE ( 'NONE', *, *, #8681, .F. ) ;
#6522 = DIRECTION ( 'NONE',  ( 0.000000000000000000, 0.000000000000000000, 1.000000000000000000 ) ) ;
#6523 = EDGE_LOOP ( 'NONE', ( #8813, #6804, #6874, #6350 ) ) ;
#6524 = ORIENTED_EDGE ( 'NONE', *, *, #4417, .F. ) ;
#6525 = DIRECTION ( 'NONE',  ( -1.000000000000000000, 0.000000000000000000, 0.000000000000000000 ) ) ;
#6526 = LINE ( 'NONE', #6612, #2593 ) ;
#6527 = ORIENTED_EDGE ( 'NONE', *, *, #8396, .T. ) ;
#6528 = EDGE_CURVE ( 'NONE', #3642, #1489, #3976, .T. ) ;
#6529 = EDGE_CURVE ( 'NONE', #2510, #7427, #3287, .T. ) ;
#6530 = EDGE_LOOP ( 'NONE', ( #2024, #8955, #3174, #754 ) ) ;
#6531 = EDGE_CURVE ( 'NONE', #1274, #2058, #3472, .T. ) ;
#6532 = CARTESIAN_POINT ( 'NONE',  ( -12.32000000000000028, 1.269999999999999352, -0.8750000000000000000 ) ) ;
#6533 = DIRECTION ( 'NONE',  ( 0.000000000000000000, 0.000000000000000000, 1.000000000000000000 ) ) ;
#6534 = DIRECTION ( 'NONE',  ( 1.000000000000000000, 0.000000000000000000, 0.000000000000000000 ) ) ;
#6535 = CARTESIAN_POINT ( 'NONE',  ( -1.250000000000001998, 9.899999999999998579, -1.250000000000000000 ) ) ;
#6536 = DIRECTION ( 'NONE',  ( -1.015061051086000057E-14, 0.000000000000000000, -1.000000000000000000 ) ) ;
#6537 = DIRECTION ( 'NONE',  ( 0.000000000000000000, -1.000000000000000000, 0.000000000000000000 ) ) ;
#6538 = DIRECTION ( 'NONE',  ( -2.960594732334000265E-14, -1.000000000000000000, -0.000000000000000000 ) ) ;
#6539 = ORIENTED_EDGE ( 'NONE', *, *, #3108, .F. ) ;
#6540 = CARTESIAN_POINT ( 'NONE',  ( -3.320000000000001616, -8.673617379884035472E-16, 1.270000000000000018 ) ) ;
#6541 = PLANE ( 'NONE',  #1303 ) ;
#6542 = FACE_OUTER_BOUND ( 'NONE', #8454, .T. ) ;
#6543 = VERTEX_POINT ( 'NONE', #6157 ) ;
#6544 = CARTESIAN_POINT ( 'NONE',  ( -9.320000000000002061, -8.673617379884035472E-16, -1.930000000000000160 ) ) ;
#6545 = EDGE_LOOP ( 'NONE', ( #4829, #2340, #7251, #3383 ) ) ;
#6546 = DIRECTION ( 'NONE',  ( 0.9486832980505238710, -0.3162277660168079652, 0.000000000000000000 ) ) ;
#6547 = EDGE_CURVE ( 'NONE', #7524, #2659, #6115, .T. ) ;
#6548 = VECTOR ( 'NONE', #1639, 1000.000000000000000 ) ;
#6549 = ADVANCED_FACE ( 'NONE', ( #2630 ), #4849, .T. ) ;
#6550 = CARTESIAN_POINT ( 'NONE',  ( -4.250000000000001776, 9.899999999999998579, -1.250000000000000000 ) ) ;
#6551 = ADVANCED_FACE ( 'NONE', ( #8937 ), #1338, .T. ) ;
#6552 = CARTESIAN_POINT ( 'NONE',  ( -3.320000000000001616, 0.6699999999999995959, -0.8750000000000000000 ) ) ;
#6553 = LINE ( 'NONE', #7291, #3989 ) ;
#6554 = PLANE ( 'NONE',  #6769 ) ;
#6555 = ORIENTED_EDGE ( 'NONE', *, *, #8926, .T. ) ;
#6556 = CARTESIAN_POINT ( 'NONE',  ( -9.320000000000002061, 3.299999999999999378, -0.3200000000000000067 ) ) ;
#6557 = ORIENTED_EDGE ( 'NONE', *, *, #6050, .F. ) ;
#6558 = CARTESIAN_POINT ( 'NONE',  ( -2.680000000000001936, 7.500000000000000000, 0.3200000000000000067 ) ) ;
#6559 = FILL_AREA_STYLE ('',( #8739 ) ) ;
#6560 = DIRECTION ( 'NONE',  ( 0.000000000000000000, 1.000000000000000000, 0.000000000000000000 ) ) ;
#6561 = ORIENTED_EDGE ( 'NONE', *, *, #9102, .F. ) ;
#6562 = DIRECTION ( 'NONE',  ( 0.000000000000000000, -1.000000000000000000, 0.000000000000000000 ) ) ;
#6563 = EDGE_LOOP ( 'NONE', ( #4505, #5687, #616, #7537 ) ) ;
#6564 = CARTESIAN_POINT ( 'NONE',  ( -15.32000000000000206, 8.500000000000000000, 1.430000000000000160 ) ) ;
#6565 = ORIENTED_EDGE ( 'NONE', *, *, #5020, .F. ) ;
#6566 = ORIENTED_EDGE ( 'NONE', *, *, #3163, .T. ) ;
#6567 = DIRECTION ( 'NONE',  ( 1.110223024625000030E-14, 0.000000000000000000, -1.000000000000000000 ) ) ;
#6568 = DIRECTION ( 'NONE',  ( 0.000000000000000000, 0.000000000000000000, -1.000000000000000000 ) ) ;
#6569 = ORIENTED_EDGE ( 'NONE', *, *, #819, .T. ) ;
#6570 = ORIENTED_EDGE ( 'NONE', *, *, #713, .T. ) ;
#6571 = CARTESIAN_POINT ( 'NONE',  ( 0.3199999999999982303, 7.500000000000000000, -0.3200000000000000067 ) ) ;
#6572 = CARTESIAN_POINT ( 'NONE',  ( 1.919999999999998153, 8.500000000000000000, 0.7500000000000000000 ) ) ;
#6573 = CARTESIAN_POINT ( 'NONE',  ( -9.320000000000002061, 0.6999999999999992895, -1.050000000000000044 ) ) ;
#6574 = CARTESIAN_POINT ( 'NONE',  ( -7.250000000000001776, 3.299999999999999378, -1.250000000000000000 ) ) ;
#6575 = CARTESIAN_POINT ( 'NONE',  ( -13.93500000000000050, 0.6699999999999995959, 1.270000000000000018 ) ) ;
#6576 = EDGE_CURVE ( 'NONE', #4381, #6008, #6893, .T. ) ;
#6577 = DIRECTION ( 'NONE',  ( 0.000000000000000000, 0.000000000000000000, 1.000000000000000000 ) ) ;
#6578 = ORIENTED_EDGE ( 'NONE', *, *, #4180, .T. ) ;
#6579 = CARTESIAN_POINT ( 'NONE',  ( -9.120000000000000995, -3.180000000000000604, 0.1200000000000000094 ) ) ;
#6580 = DIRECTION ( 'NONE',  ( 0.000000000000000000, 0.000000000000000000, -1.000000000000000000 ) ) ;
#6581 = PLANE ( 'NONE',  #2602 ) ;
#6582 = AXIS2_PLACEMENT_3D ( 'NONE', #953, #3047, #7403 ) ;
#6583 = ORIENTED_EDGE ( 'NONE', *, *, #8356, .F. ) ;
#6584 = CARTESIAN_POINT ( 'NONE',  ( -5.680000000000001492, 6.899999999999999467, 0.3200000000000000067 ) ) ;
#6585 = VECTOR ( 'NONE', #9010, 1000.000000000000000 ) ;
#6586 = VECTOR ( 'NONE', #3886, 1000.000000000000000 ) ;
#6587 = ORIENTED_EDGE ( 'NONE', *, *, #5958, .T. ) ;
#6588 = DIRECTION ( 'NONE',  ( 0.000000000000000000, -1.000000000000000000, 0.000000000000000000 ) ) ;
#6589 = DIRECTION ( 'NONE',  ( 0.000000000000000000, -1.000000000000000000, 0.000000000000000000 ) ) ;
#6590 = ORIENTED_EDGE ( 'NONE', *, *, #8641, .F. ) ;
#6591 = CARTESIAN_POINT ( 'NONE',  ( -12.32000000000000028, 0.6999999999999992895, -1.050000000000000044 ) ) ;
#6592 = DIRECTION ( 'NONE',  ( 0.000000000000000000, -1.000000000000000000, 0.000000000000000000 ) ) ;
#6593 = VECTOR ( 'NONE', #6402, 1000.000000000000000 ) ;
#6594 = VERTEX_POINT ( 'NONE', #6296 ) ;
#6595 = DIRECTION ( 'NONE',  ( 0.000000000000000000, 1.000000000000000000, 0.000000000000000000 ) ) ;
#6596 = EDGE_LOOP ( 'NONE', ( #4074, #3611, #8352, #445, #7399, #6654, #187, #9017 ) ) ;
#6597 = CARTESIAN_POINT ( 'NONE',  ( -11.68000000000000327, -2.580000000000000515, 0.3200000000000000067 ) ) ;
#6598 = EDGE_CURVE ( 'NONE', #8037, #3473, #2772, .T. ) ;
#6599 = ADVANCED_FACE ( 'NONE', ( #5596 ), #7629, .T. ) ;
#6600 = EDGE_CURVE ( 'NONE', #642, #7623, #9027, .T. ) ;
#6601 = CARTESIAN_POINT ( 'NONE',  ( 3.019999999999998241, -1.400000000000000133, 1.869999999999999885 ) ) ;
#6602 = ORIENTED_EDGE ( 'NONE', *, *, #4000, .T. ) ;
#6603 = DIRECTION ( 'NONE',  ( 0.000000000000000000, -1.000000000000000000, 0.000000000000000000 ) ) ;
#6604 = ORIENTED_EDGE ( 'NONE', *, *, #3828, .T. ) ;
#6605 = LINE ( 'NONE', #5909, #1432 ) ;
#6606 = EDGE_CURVE ( 'NONE', #5413, #2315, #1889, .T. ) ;
#6607 = ORIENTED_EDGE ( 'NONE', *, *, #885, .F. ) ;
#6608 = VERTEX_POINT ( 'NONE', #3690 ) ;
#6609 = VECTOR ( 'NONE', #6562, 1000.000000000000000 ) ;
#6610 = EDGE_CURVE ( 'NONE', #4083, #507, #9167, .T. ) ;
#6611 = LINE ( 'NONE', #3092, #6515 ) ;
#6612 = CARTESIAN_POINT ( 'NONE',  ( -5.680000000000001492, 1.349999999999999645, -1.930000000000000160 ) ) ;
#6613 = ORIENTED_EDGE ( 'NONE', *, *, #2465, .F. ) ;
#6614 = AXIS2_PLACEMENT_3D ( 'NONE', #7206, #855, #7340 ) ;
#6615 = EDGE_LOOP ( 'NONE', ( #6289, #2676, #7319, #1840 ) ) ;
#6616 = LINE ( 'NONE', #5779, #3845 ) ;
#6617 = DIRECTION ( 'NONE',  ( 0.000000000000000000, 1.000000000000000000, 0.000000000000000000 ) ) ;
#6618 = VECTOR ( 'NONE', #5796, 1000.000000000000000 ) ;
#6619 = CARTESIAN_POINT ( 'NONE',  ( -0.3200000000000017275, 1.349999999999999645, 1.649999999999999911 ) ) ;
#6620 = CARTESIAN_POINT ( 'NONE',  ( -6.120000000000001883, -3.180000000000000604, 0.1200000000000000094 ) ) ;
#6621 = AXIS2_PLACEMENT_3D ( 'NONE', #8331, #4116, #8377 ) ;
#6622 = VECTOR ( 'NONE', #1308, 1000.000000000000000 ) ;
#6623 = CARTESIAN_POINT ( 'NONE',  ( 3.319999999999998508, 2.513829809426999518, 0.2700000000000000178 ) ) ;
#6624 = EDGE_CURVE ( 'NONE', #3232, #5211, #5638, .T. ) ;
#6625 = VECTOR ( 'NONE', #7901, 1000.000000000000000 ) ;
#6626 = CARTESIAN_POINT ( 'NONE',  ( -0.3200000000000017275, 0.6999999999999992895, -0.8750000000000000000 ) ) ;
#6627 = EDGE_LOOP ( 'NONE', ( #5176, #4624, #8512, #8215 ) ) ;
#6628 = CARTESIAN_POINT ( 'NONE',  ( -14.38500000000000156, 1.699999999999999734, 1.680000000000000160 ) ) ;
#6629 = DIRECTION ( 'NONE',  ( 0.000000000000000000, 0.000000000000000000, -1.000000000000000000 ) ) ;
#6630 = CARTESIAN_POINT ( 'NONE',  ( -14.38500000000000156, 1.269999999999999352, -0.8750000000000000000 ) ) ;
#6631 = ORIENTED_EDGE ( 'NONE', *, *, #641, .F. ) ;
#6632 = CARTESIAN_POINT ( 'NONE',  ( -4.700000000000001954, 7.399999999999999467, -3.135000000000000231 ) ) ;
#6633 = EDGE_CURVE ( 'NONE', #4518, #2947, #7820, .T. ) ;
#6634 = VECTOR ( 'NONE', #657, 1000.000000000000000 ) ;
#6635 = VERTEX_POINT ( 'NONE', #1468 ) ;
#6636 = CARTESIAN_POINT ( 'NONE',  ( -7.250000000000001776, 9.899999999999998579, 1.250000000000000000 ) ) ;
#6637 = LINE ( 'NONE', #3856, #7656 ) ;
#6638 = ORIENTED_EDGE ( 'NONE', *, *, #5553, .T. ) ;
#6639 = DIRECTION ( 'NONE',  ( -0.3015113445777909407, -0.9045340337332726799, -0.3015113445777909407 ) ) ;
#6641 = EDGE_CURVE ( 'NONE', #5889, #2883, #2119, .T. ) ;
#6640 = DIRECTION ( 'NONE',  ( 0.000000000000000000, 0.000000000000000000, -1.000000000000000000 ) ) ;
#6642 = ORIENTED_EDGE ( 'NONE', *, *, #413, .F. ) ;
#6643 = EDGE_CURVE ( 'NONE', #3240, #2394, #806, .T. ) ;
#6644 = PLANE ( 'NONE',  #363 ) ;
#6645 = VECTOR ( 'NONE', #1856, 1000.000000000000000 ) ;
#6646 = ORIENTED_EDGE ( 'NONE', *, *, #5486, .T. ) ;
#6647 = LINE ( 'NONE', #292, #5797 ) ;
#6648 = PLANE ( 'NONE',  #3523 ) ;
#6649 = APPLICATION_CONTEXT ( 'automotive_design' ) ;
#6650 = CARTESIAN_POINT ( 'NONE',  ( -13.93500000000000050, 1.699999999999999734, -1.930000000000000160 ) ) ;
#6651 = ORIENTED_EDGE ( 'NONE', *, *, #2186, .T. ) ;
#6652 = CARTESIAN_POINT ( 'NONE',  ( 1.934999999999997389, 1.269999999999999352, 0.8750000000000000000 ) ) ;
#6653 = VECTOR ( 'NONE', #7471, 1000.000000000000000 ) ;
#6654 = ORIENTED_EDGE ( 'NONE', *, *, #4059, .T. ) ;
#6655 = LINE ( 'NONE', #4614, #85 ) ;
#6656 = ORIENTED_EDGE ( 'NONE', *, *, #8882, .T. ) ;
#6657 = ORIENTED_EDGE ( 'NONE', *, *, #1520, .F. ) ;
#6658 = CARTESIAN_POINT ( 'NONE',  ( -1.734723475976807094E-15, 7.200000000000000178, 0.2200000000000000011 ) ) ;
#6659 = DIRECTION ( 'NONE',  ( 1.000000000000000000, 0.000000000000000000, 0.000000000000000000 ) ) ;
#6660 = CARTESIAN_POINT ( 'NONE',  ( 1.249999999999998446, 9.899999999999998579, 0.5500000000000000444 ) ) ;
#6661 = VERTEX_POINT ( 'NONE', #161 ) ;
#6662 = EDGE_CURVE ( 'NONE', #2524, #3920, #23, .T. ) ;
#6663 = EDGE_LOOP ( 'NONE', ( #5367, #8694, #365, #6980 ) ) ;
#6664 = ORIENTED_EDGE ( 'NONE', *, *, #428, .T. ) ;
#6665 = EDGE_CURVE ( 'NONE', #3121, #1222, #1507, .T. ) ;
#6666 = LINE ( 'NONE', #8097, #5021 ) ;
#6667 = CARTESIAN_POINT ( 'NONE',  ( 3.319999999999998508, 2.699999999999999734, -0.04250000000000000305 ) ) ;
#6668 = CARTESIAN_POINT ( 'NONE',  ( 0.3199999999999982303, 1.269999999999999352, -0.8750000000000000000 ) ) ;
#6669 = DIRECTION ( 'NONE',  ( 0.000000000000000000, 0.000000000000000000, 1.000000000000000000 ) ) ;
#6670 = LINE ( 'NONE', #1014, #4510 ) ;
#6671 = AXIS2_PLACEMENT_3D ( 'NONE', #3205, #6588, #375 ) ;
#6672 = LINE ( 'NONE', #3712, #8985 ) ;
#6673 = EDGE_LOOP ( 'NONE', ( #4650, #7614, #6218, #8336, #5988, #3426, #9008, #3417 ) ) ;
#6674 = CARTESIAN_POINT ( 'NONE',  ( 1.934999999999997389, 1.269999999999999352, 0.8750000000000000000 ) ) ;
#6675 = ADVANCED_FACE ( 'NONE', ( #1422 ), #6388, .T. ) ;
#6676 = PLANE ( 'NONE',  #6483 ) ;
#6677 = DIRECTION ( 'NONE',  ( 0.000000000000000000, 0.000000000000000000, 1.000000000000000000 ) ) ;
#6678 = ORIENTED_EDGE ( 'NONE', *, *, #4942, .T. ) ;
#6679 = DIRECTION ( 'NONE',  ( 0.000000000000000000, 1.000000000000000000, 0.000000000000000000 ) ) ;
#6680 = VERTEX_POINT ( 'NONE', #1549 ) ;
#6681 = LINE ( 'NONE', #6088, #756 ) ;
#6682 = EDGE_CURVE ( 'NONE', #2683, #8227, #1380, .T. ) ;
#6683 = CARTESIAN_POINT ( 'NONE',  ( -15.32000000000000206, 0.6699999999999995959, -1.270000000000000018 ) ) ;
#6684 = ORIENTED_EDGE ( 'NONE', *, *, #3459, .T. ) ;
#6685 = CARTESIAN_POINT ( 'NONE',  ( -14.38500000000000156, -8.673617379884035472E-16, -1.270000000000000018 ) ) ;
#6686 = CARTESIAN_POINT ( 'NONE',  ( -7.250000000000001776, 9.899999999999998579, -1.250000000000000000 ) ) ;
#6687 = ORIENTED_EDGE ( 'NONE', *, *, #2583, .T. ) ;
#6688 = DIRECTION ( 'NONE',  ( 0.000000000000000000, -1.000000000000000000, 0.000000000000000000 ) ) ;
#6689 = EDGE_LOOP ( 'NONE', ( #2354, #8519, #24, #3475 ) ) ;
#6690 = LINE ( 'NONE', #5901, #178 ) ;
#6691 = AXIS2_PLACEMENT_3D ( 'NONE', #2422, #5249, #5944 ) ;
#6692 = AXIS2_PLACEMENT_3D ( 'NONE', #5052, #4965, #5096 ) ;
#6693 = EDGE_CURVE ( 'NONE', #1222, #4647, #2077, .T. ) ;
#6694 = FACE_OUTER_BOUND ( 'NONE', #8963, .T. ) ;
#6695 = CARTESIAN_POINT ( 'NONE',  ( 2.669999999999998597, -8.673617379884035472E-16, 1.570000000000000062 ) ) ;
#6696 = ORIENTED_EDGE ( 'NONE', *, *, #1592, .F. ) ;
#6697 = LINE ( 'NONE', #3825, #1290 ) ;
#6698 = ORIENTED_EDGE ( 'NONE', *, *, #4544, .F. ) ;
#6699 = CARTESIAN_POINT ( 'NONE',  ( -3.320000000000001616, -8.673617379884035472E-16, 1.680000000000000160 ) ) ;
#6700 = AXIS2_PLACEMENT_3D ( 'NONE', #7835, #1161, #1798 ) ;
#6701 = ORIENTED_EDGE ( 'NONE', *, *, #7553, .T. ) ;
#6702 = ORIENTED_EDGE ( 'NONE', *, *, #514, .F. ) ;
#6703 = EDGE_CURVE ( 'NONE', #4190, #489, #6472, .T. ) ;
#6704 = DIRECTION ( 'NONE',  ( 0.000000000000000000, -1.000000000000000000, 0.000000000000000000 ) ) ;
#6705 = CARTESIAN_POINT ( 'NONE',  ( 1.934999999999997389, -8.673617379884035472E-16, 1.680000000000000160 ) ) ;
#6706 = DIRECTION ( 'NONE',  ( 0.000000000000000000, 0.000000000000000000, 1.000000000000000000 ) ) ;
#6707 = CARTESIAN_POINT ( 'NONE',  ( -9.320000000000002061, 0.6999999999999992895, 1.649999999999999911 ) ) ;
#6708 = VERTEX_POINT ( 'NONE', #4375 ) ;
#6709 = EDGE_LOOP ( 'NONE', ( #6159, #2706, #2518, #1968 ) ) ;
#6710 = DIRECTION ( 'NONE',  ( 0.000000000000000000, 1.000000000000000000, 0.000000000000000000 ) ) ;
#6711 = CARTESIAN_POINT ( 'NONE',  ( -0.7500000000000015543, 9.049999999999998934, 1.930000000000000160 ) ) ;
#6712 = DIRECTION ( 'NONE',  ( 0.000000000000000000, 0.000000000000000000, -1.000000000000000000 ) ) ;
#6713 = EDGE_CURVE ( 'NONE', #1184, #8123, #7084, .T. ) ;
#6714 = CARTESIAN_POINT ( 'NONE',  ( -8.780000000000001137, -2.880000000000000782, 0.000000000000000000 ) ) ;
#6715 = EDGE_CURVE ( 'NONE', #8363, #3018, #5767, .T. ) ;
#6716 = EDGE_CURVE ( 'NONE', #5124, #1784, #8510, .T. ) ;
#6717 = FACE_OUTER_BOUND ( 'NONE', #8212, .T. ) ;
#6718 = EDGE_CURVE ( 'NONE', #5882, #5404, #8554, .T. ) ;
#6719 = FACE_OUTER_BOUND ( 'NONE', #1070, .T. ) ;
#6720 = ORIENTED_EDGE ( 'NONE', *, *, #4499, .T. ) ;
#6721 = DIRECTION ( 'NONE',  ( 0.000000000000000000, 0.000000000000000000, 1.000000000000000000 ) ) ;
#6722 = CARTESIAN_POINT ( 'NONE',  ( -1.750000000000001554, 1.849999999999999645, 2.429999999999999716 ) ) ;
#6723 = DIRECTION ( 'NONE',  ( 1.000000000000000000, 0.000000000000000000, 0.000000000000000000 ) ) ;
#6724 = ADVANCED_FACE ( 'NONE', ( #3565 ), #67, .T. ) ;
#6725 = ORIENTED_EDGE ( 'NONE', *, *, #2756, .F. ) ;
#6726 = CARTESIAN_POINT ( 'NONE',  ( -1.750000000000001554, 3.299999999999999378, -1.250000000000000000 ) ) ;
#6727 = EDGE_CURVE ( 'NONE', #8419, #6608, #7207, .T. ) ;
#6728 = ORIENTED_EDGE ( 'NONE', *, *, #8933, .T. ) ;
#6729 = DIRECTION ( 'NONE',  ( 0.000000000000000000, 0.000000000000000000, 1.000000000000000000 ) ) ;
#6730 = LINE ( 'NONE', #4780, #2927 ) ;
#6731 = EDGE_CURVE ( 'NONE', #370, #704, #2901, .T. ) ;
#6732 = ORIENTED_EDGE ( 'NONE', *, *, #3348, .T. ) ;
#6733 = CARTESIAN_POINT ( 'NONE',  ( -5.680000000000001492, 0.6999999999999992895, 0.3200000000000000067 ) ) ;
#6734 = DIRECTION ( 'NONE',  ( 1.000000000000000000, 0.000000000000000000, 0.000000000000000000 ) ) ;
#6735 = ORIENTED_EDGE ( 'NONE', *, *, #8642, .F. ) ;
#6736 = CARTESIAN_POINT ( 'NONE',  ( -7.300000000000001599, 9.350000000000001421, -1.935000000000000053 ) ) ;
#6737 = ORIENTED_EDGE ( 'NONE', *, *, #6419, .T. ) ;
#6738 = AXIS2_PLACEMENT_3D ( 'NONE', #8721, #2368, #7929 ) ;
#6739 = ORIENTED_EDGE ( 'NONE', *, *, #865, .F. ) ;
#6740 = DIRECTION ( 'NONE',  ( -1.000000000000000000, 0.000000000000000000, 0.000000000000000000 ) ) ;
#6741 = PLANE ( 'NONE',  #4183 ) ;
#6742 = EDGE_CURVE ( 'NONE', #5949, #4234, #6347, .T. ) ;
#6743 = AXIS2_PLACEMENT_3D ( 'NONE', #2600, #1904, #3346 ) ;
#6744 = CARTESIAN_POINT ( 'NONE',  ( -14.84000000000000163, 5.875000000000000000, 1.680000000000000160 ) ) ;
#6745 = DIRECTION ( 'NONE',  ( 0.000000000000000000, 0.000000000000000000, -1.000000000000000000 ) ) ;
#6746 = ORIENTED_EDGE ( 'NONE', *, *, #8289, .F. ) ;
#6747 = LINE ( 'NONE', #946, #2615 ) ;
#6748 = ORIENTED_EDGE ( 'NONE', *, *, #2348, .T. ) ;
#6749 = DIRECTION ( 'NONE',  ( 0.3015113445777909407, 0.9045340337332726799, 0.3015113445777909407 ) ) ;
#6750 = ORIENTED_EDGE ( 'NONE', *, *, #5553, .F. ) ;
#6751 = ORIENTED_EDGE ( 'NONE', *, *, #5728, .T. ) ;
#6752 = CARTESIAN_POINT ( 'NONE',  ( -9.000000000000001776, -2.880000000000000782, 0.2200000000000000011 ) ) ;
#6753 = DIRECTION ( 'NONE',  ( 0.000000000000000000, 0.000000000000000000, -1.000000000000000000 ) ) ;
#6754 = ADVANCED_FACE ( 'NONE', ( #1729 ), #5210, .F. ) ;
#6755 = DIRECTION ( 'NONE',  ( -0.000000000000000000, 1.000000000000000000, 0.000000000000000000 ) ) ;
#6756 = EDGE_CURVE ( 'NONE', #8767, #2762, #5170, .T. ) ;
#6757 = DIRECTION ( 'NONE',  ( 0.000000000000000000, 1.000000000000000000, 0.000000000000000000 ) ) ;
#6758 = ORIENTED_EDGE ( 'NONE', *, *, #6112, .T. ) ;
#6759 = VERTEX_POINT ( 'NONE', #6650 ) ;
#6760 = FACE_OUTER_BOUND ( 'NONE', #3086, .T. ) ;
#6761 = CARTESIAN_POINT ( 'NONE',  ( -13.92000000000000171, 8.500000000000000000, 0.7500000000000000000 ) ) ;
#6762 = ADVANCED_FACE ( 'NONE', ( #5306 ), #2424, .F. ) ;
#6763 = VECTOR ( 'NONE', #7261, 1000.000000000000000 ) ;
#6764 = VECTOR ( 'NONE', #8385, 1000.000000000000000 ) ;
#6765 = DIRECTION ( 'NONE',  ( 0.000000000000000000, 0.000000000000000000, 1.000000000000000000 ) ) ;
#6766 = DIRECTION ( 'NONE',  ( 1.000000000000000000, 0.000000000000000000, 0.000000000000000000 ) ) ;
#6768 = PLANE ( 'NONE',  #4219 ) ;
#6767 = VECTOR ( 'NONE', #4192, 1000.000000000000000 ) ;
#6769 = AXIS2_PLACEMENT_3D ( 'NONE', #7116, #7074, #5712 ) ;
#6770 = DIRECTION ( 'NONE',  ( 0.000000000000000000, 0.000000000000000000, -1.000000000000000000 ) ) ;
#6771 = ORIENTED_EDGE ( 'NONE', *, *, #6598, .T. ) ;
#6772 = CARTESIAN_POINT ( 'NONE',  ( 0.1199999999999977196, -3.180000000000000604, 0.1200000000000000094 ) ) ;
#6773 = AXIS2_PLACEMENT_3D ( 'NONE', #8248, #3393, #8804 ) ;
#6774 = CARTESIAN_POINT ( 'NONE',  ( -1.250000000000001998, 3.299999999999999378, -1.250000000000000000 ) ) ;
#6775 = CARTESIAN_POINT ( 'NONE',  ( -4.750000000000001776, 9.899999999999998579, -1.250000000000000000 ) ) ;
#6776 = VECTOR ( 'NONE', #8867, 1000.000000000000000 ) ;
#6777 = DIRECTION ( 'NONE',  ( 0.000000000000000000, 0.000000000000000000, 1.000000000000000000 ) ) ;
#6778 = PLANE ( 'NONE',  #6240 ) ;
#6779 = VECTOR ( 'NONE', #6880, 1000.000000000000000 ) ;
#6780 = VECTOR ( 'NONE', #752, 1000.000000000000000 ) ;
#6781 = ADVANCED_FACE ( 'NONE', ( #3822 ), #1088, .T. ) ;
#6782 = DIRECTION ( 'NONE',  ( 1.000000000000000000, 0.000000000000000000, 0.000000000000000000 ) ) ;
#6783 = ORIENTED_EDGE ( 'NONE', *, *, #6576, .F. ) ;
#6784 = FACE_BOUND ( 'NONE', #663, .T. ) ;
#6785 = DIRECTION ( 'NONE',  ( 1.000000000000000000, 0.000000000000000000, 0.000000000000000000 ) ) ;
#6786 = EDGE_CURVE ( 'NONE', #2026, #1418, #3085, .T. ) ;
#6787 = ORIENTED_EDGE ( 'NONE', *, *, #1457, .T. ) ;
#6788 = CARTESIAN_POINT ( 'NONE',  ( -10.25000000000000178, 1.849999999999999645, 1.930000000000000160 ) ) ;
#6789 = ORIENTED_EDGE ( 'NONE', *, *, #7205, .T. ) ;
#6790 = EDGE_LOOP ( 'NONE', ( #4689, #2125, #2786, #6451 ) ) ;
#6791 = VECTOR ( 'NONE', #1362, 1000.000000000000000 ) ;
#6792 = LINE ( 'NONE', #2612, #5661 ) ;
#6793 = EDGE_CURVE ( 'NONE', #7914, #7586, #5995, .T. ) ;
#6794 = CARTESIAN_POINT ( 'NONE',  ( -14.38500000000000156, 1.849999999999999645, 2.469999999999999751 ) ) ;
#6795 = DIRECTION ( 'NONE',  ( 0.000000000000000000, 1.000000000000000000, 0.000000000000000000 ) ) ;
#6796 = AXIS2_PLACEMENT_3D ( 'NONE', #7599, #8995, #1113 ) ;
#6797 = VECTOR ( 'NONE', #9000, 1000.000000000000000 ) ;
#6798 = FACE_OUTER_BOUND ( 'NONE', #6198, .T. ) ;
#6799 = VERTEX_POINT ( 'NONE', #6601 ) ;
#6800 = LINE ( 'NONE', #7440, #8537 ) ;
#6801 = ORIENTED_EDGE ( 'NONE', *, *, #3638, .F. ) ;
#6802 = CARTESIAN_POINT ( 'NONE',  ( -8.680000000000001492, 0.6699999999999995959, 1.270000000000000018 ) ) ;
#6803 = ORIENTED_EDGE ( 'NONE', *, *, #965, .F. ) ;
#6804 = ORIENTED_EDGE ( 'NONE', *, *, #1561, .T. ) ;
#6805 = EDGE_CURVE ( 'NONE', #4203, #9177, #5948, .T. ) ;
#6806 = DIRECTION ( 'NONE',  ( 0.000000000000000000, 0.000000000000000000, 1.000000000000000000 ) ) ;
#6807 = CARTESIAN_POINT ( 'NONE',  ( -8.680000000000001492, 4.949999999999999289, 0.000000000000000000 ) ) ;
#6808 = AXIS2_PLACEMENT_3D ( 'NONE', #8550, #4243, #852 ) ;
#6809 = LINE ( 'NONE', #8188, #6510 ) ;
#6810 = VECTOR ( 'NONE', #5322, 1000.000000000000000 ) ;
#6811 = CARTESIAN_POINT ( 'NONE',  ( 2.384999999999998010, 0.6699999999999995959, -0.8750000000000000000 ) ) ;
#6812 = ORIENTED_EDGE ( 'NONE', *, *, #124, .F. ) ;
#6813 = ORIENTED_EDGE ( 'NONE', *, *, #12, .T. ) ;
#6814 = CARTESIAN_POINT ( 'NONE',  ( -15.32000000000000206, 1.269999999999999352, 1.270000000000000018 ) ) ;
#6815 = PLANE ( 'NONE',  #8548 ) ;
#6816 = ADVANCED_FACE ( 'NONE', ( #8825 ), #3037, .F. ) ;
#6817 = CARTESIAN_POINT ( 'NONE',  ( -2.680000000000001936, 6.899999999999999467, -0.3200000000000000067 ) ) ;
#6818 = CARTESIAN_POINT ( 'NONE',  ( -6.320000000000002061, -8.673617379884035472E-16, 1.270000000000000018 ) ) ;
#6819 = AXIS2_PLACEMENT_3D ( 'NONE', #6752, #2431, #5259 ) ;
#6820 = EDGE_CURVE ( 'NONE', #8116, #356, #3869, .T. ) ;
#6821 = EDGE_CURVE ( 'NONE', #5262, #3365, #8080, .T. ) ;
#6822 = DIRECTION ( 'NONE',  ( 1.000000000000000000, 0.000000000000000000, 0.000000000000000000 ) ) ;
#6823 = ORIENTED_EDGE ( 'NONE', *, *, #4800, .F. ) ;
#6824 = FACE_OUTER_BOUND ( 'NONE', #778, .T. ) ;
#6825 = DIRECTION ( 'NONE',  ( -0.3015113445777909407, -0.9045340337332726799, -0.3015113445777909407 ) ) ;
#6826 = DIRECTION ( 'NONE',  ( 0.000000000000000000, 0.3162277660168079652, -0.9486832980505238710 ) ) ;
#6827 = LINE ( 'NONE', #4639, #4572 ) ;
#6828 = CARTESIAN_POINT ( 'NONE',  ( -15.32000000000000206, -8.673617379884035472E-16, 1.270000000000000018 ) ) ;
#6829 = FACE_OUTER_BOUND ( 'NONE', #8504, .T. ) ;
#6830 = VERTEX_POINT ( 'NONE', #4610 ) ;
#6831 = LINE ( 'NONE', #8210, #8266 ) ;
#6832 = CARTESIAN_POINT ( 'NONE',  ( -4.750000000000001776, 3.299999999999999378, 0.5500000000000000444 ) ) ;
#6833 = VERTEX_POINT ( 'NONE', #389 ) ;
#6834 = LINE ( 'NONE', #6920, #5025 ) ;
#6835 = DIRECTION ( 'NONE',  ( 0.000000000000000000, -1.000000000000000000, 0.000000000000000000 ) ) ;
#6836 = VERTEX_POINT ( 'NONE', #4561 ) ;
#6837 = VERTEX_POINT ( 'NONE', #7257 ) ;
#6838 = DIRECTION ( 'NONE',  ( 0.000000000000000000, -1.000000000000000000, 0.000000000000000000 ) ) ;
#6839 = EDGE_CURVE ( 'NONE', #3978, #1035, #7390, .T. ) ;
#6840 = ADVANCED_FACE ( 'NONE', ( #902 ), #1641, .T. ) ;
#6841 = VERTEX_POINT ( 'NONE', #3224 ) ;
#6842 = ADVANCED_FACE ( 'NONE', ( #8740 ), #8644, .T. ) ;
#6843 = PLANE ( 'NONE',  #6180 ) ;
#6844 = CARTESIAN_POINT ( 'NONE',  ( 0.3199999999999982303, -8.673617379884035472E-16, -1.270000000000000018 ) ) ;
#6845 = EDGE_LOOP ( 'NONE', ( #6787, #3998, #5213, #8939 ) ) ;
#6846 = CARTESIAN_POINT ( 'NONE',  ( -15.32000000000000206, 0.6699999999999995959, 1.270000000000000018 ) ) ;
#6847 = ORIENTED_EDGE ( 'NONE', *, *, #1943, .F. ) ;
#6848 = FACE_OUTER_BOUND ( 'NONE', #307, .T. ) ;
#6849 = ORIENTED_EDGE ( 'NONE', *, *, #6281, .F. ) ;
#6850 = ORIENTED_EDGE ( 'NONE', *, *, #5916, .F. ) ;
#6851 = DIRECTION ( 'NONE',  ( 0.000000000000000000, 1.000000000000000000, 0.000000000000000000 ) ) ;
#6852 = FACE_OUTER_BOUND ( 'NONE', #1043, .T. ) ;
#6853 = APPLICATION_PROTOCOL_DEFINITION ( 'draft international standard', 'automotive_design', 1998, #6649 ) ;
#6854 = VECTOR ( 'NONE', #3009, 1000.000000000000000 ) ;
#6855 = DIRECTION ( 'NONE',  ( 0.000000000000000000, 0.000000000000000000, -1.000000000000000000 ) ) ;
#6856 = VERTEX_POINT ( 'NONE', #8036 ) ;
#6857 = EDGE_LOOP ( 'NONE', ( #4731, #5804, #5996, #6384 ) ) ;
#6858 = DIRECTION ( 'NONE',  ( -0.7071067811865474617, 0.000000000000000000, -0.7071067811865474617 ) ) ;
#6859 = LINE ( 'NONE', #7499, #8697 ) ;
#6860 = CARTESIAN_POINT ( 'NONE',  ( -13.93500000000000050, -8.673617379884035472E-16, -1.270000000000000018 ) ) ;
#6861 = ORIENTED_EDGE ( 'NONE', *, *, #5693, .F. ) ;
#6862 = CARTESIAN_POINT ( 'NONE',  ( -12.32000000000000028, 0.6999999999999992895, -0.8750000000000000000 ) ) ;
#6863 = ORIENTED_EDGE ( 'NONE', *, *, #6061, .T. ) ;
#6864 = FACE_OUTER_BOUND ( 'NONE', #8064, .T. ) ;
#6865 = DIRECTION ( 'NONE',  ( 1.000000000000000000, 0.000000000000000000, 0.000000000000000000 ) ) ;
#6866 = LINE ( 'NONE', #6025, #7786 ) ;
#6867 = LINE ( 'NONE', #513, #8716 ) ;
#6869 = EDGE_CURVE ( 'NONE', #3731, #4064, #7946, .T. ) ;
#6868 = CARTESIAN_POINT ( 'NONE',  ( -12.32000000000000028, 4.949999999999999289, 0.000000000000000000 ) ) ;
#6870 = EDGE_CURVE ( 'NONE', #5971, #4336, #4013, .T. ) ;
#6871 = CARTESIAN_POINT ( 'NONE',  ( 0.3199999999999982303, 0.6699999999999995959, -0.8750000000000000000 ) ) ;
#6872 = ORIENTED_EDGE ( 'NONE', *, *, #6087, .T. ) ;
#6873 = DIRECTION ( 'NONE',  ( 0.000000000000000000, 1.000000000000000000, 0.000000000000000000 ) ) ;
#6874 = ORIENTED_EDGE ( 'NONE', *, *, #6531, .T. ) ;
#6875 = CARTESIAN_POINT ( 'NONE',  ( -13.25000000000000178, 9.899999999999998579, -1.250000000000000000 ) ) ;
#6876 = CARTESIAN_POINT ( 'NONE',  ( -10.25000000000000178, 9.049999999999998934, 1.930000000000000160 ) ) ;
#6877 = VERTEX_POINT ( 'NONE', #4052 ) ;
#6878 = ORIENTED_EDGE ( 'NONE', *, *, #6870, .F. ) ;
#6879 = DIRECTION ( 'NONE',  ( 0.000000000000000000, 0.000000000000000000, 1.000000000000000000 ) ) ;
#6880 = DIRECTION ( 'NONE',  ( -1.000000000000000000, 0.000000000000000000, 0.000000000000000000 ) ) ;
#6881 = VECTOR ( 'NONE', #4745, 1000.000000000000000 ) ;
#6882 = EDGE_CURVE ( 'NONE', #6428, #4496, #1922, .T. ) ;
#6883 = ORIENTED_EDGE ( 'NONE', *, *, #5742, .T. ) ;
#6884 = DIRECTION ( 'NONE',  ( -2.960594732334000265E-14, -1.000000000000000000, -0.000000000000000000 ) ) ;
#6885 = ORIENTED_EDGE ( 'NONE', *, *, #5940, .T. ) ;
#6886 = ORIENTED_EDGE ( 'NONE', *, *, #3441, .T. ) ;
#6887 = ORIENTED_EDGE ( 'NONE', *, *, #7566, .F. ) ;
#6888 = ADVANCED_FACE ( 'NONE', ( #6798 ), #1232, .T. ) ;
#6889 = CARTESIAN_POINT ( 'NONE',  ( -14.67000000000000171, -1.150000000000000799, 2.469999999999999751 ) ) ;
#6890 = CARTESIAN_POINT ( 'NONE',  ( -8.680000000000001492, -2.580000000000000515, -0.3200000000000000067 ) ) ;
#6891 = CIRCLE ( 'NONE', #4367, 0.5000000000000000000 ) ;
#6892 = CARTESIAN_POINT ( 'NONE',  ( -12.32000000000000028, 0.6999999999999992895, 0.8750000000000000000 ) ) ;
#6893 = LINE ( 'NONE', #6990, #2045 ) ;
#6894 = EDGE_LOOP ( 'NONE', ( #2523, #2863, #5632, #6923 ) ) ;
#6895 = ORIENTED_EDGE ( 'NONE', *, *, #2062, .T. ) ;
#6896 = EDGE_CURVE ( 'NONE', #6708, #1861, #5532, .T. ) ;
#6897 = VERTEX_POINT ( 'NONE', #3276 ) ;
#6898 = CARTESIAN_POINT ( 'NONE',  ( -9.320000000000002061, 1.349999999999999645, -1.930000000000000160 ) ) ;
#6899 = CARTESIAN_POINT ( 'NONE',  ( 2.359999999999997655, 9.459999999999999076, 1.930000000000000160 ) ) ;
#6900 = ADVANCED_FACE ( 'NONE', ( #528 ), #9059, .F. ) ;
#6901 = ORIENTED_EDGE ( 'NONE', *, *, #4350, .F. ) ;
#6902 = ORIENTED_EDGE ( 'NONE', *, *, #2900, .F. ) ;
#6903 = DIRECTION ( 'NONE',  ( 1.000000000000000000, 0.000000000000000000, 0.000000000000000000 ) ) ;
#6904 = ORIENTED_EDGE ( 'NONE', *, *, #3190, .F. ) ;
#6905 = DIRECTION ( 'NONE',  ( -0.6092076990801816860, 0.5076730825667846725, 0.6092076990801816860 ) ) ;
#6906 = ORIENTED_EDGE ( 'NONE', *, *, #5094, .T. ) ;
#6907 = DIRECTION ( 'NONE',  ( 0.000000000000000000, -1.000000000000000000, 0.000000000000000000 ) ) ;
#6908 = DIRECTION ( 'NONE',  ( 1.000000000000000000, 0.000000000000000000, 0.000000000000000000 ) ) ;
#6909 = DIRECTION ( 'NONE',  ( 1.000000000000000000, 0.000000000000000000, 0.000000000000000000 ) ) ;
#6910 = DIRECTION ( 'NONE',  ( -0.6635381078444798630, -0.6635381078444798630, -0.3455927645022893180 ) ) ;
#6911 = VECTOR ( 'NONE', #1426, 1000.000000000000000 ) ;
#6912 = AXIS2_PLACEMENT_3D ( 'NONE', #417, #553, #8993 ) ;
#6913 = EDGE_CURVE ( 'NONE', #1309, #4813, #3413, .T. ) ;
#6914 = LINE ( 'NONE', #1358, #7435 ) ;
#6915 = CARTESIAN_POINT ( 'NONE',  ( 3.319999999999998508, 2.301063802837999717, 0.2700000000000000178 ) ) ;
#6916 = ORIENTED_EDGE ( 'NONE', *, *, #4891, .F. ) ;
#6917 = CARTESIAN_POINT ( 'NONE',  ( -15.32000000000000206, 1.269999999999999352, -0.8750000000000000000 ) ) ;
#6918 = VECTOR ( 'NONE', #3775, 1000.000000000000000 ) ;
#6919 = VERTEX_POINT ( 'NONE', #8358 ) ;
#6920 = CARTESIAN_POINT ( 'NONE',  ( -7.750000000000001776, 3.299999999999999378, -1.250000000000000000 ) ) ;
#6921 = LINE ( 'NONE', #2609, #7783 ) ;
#6922 = ORIENTED_EDGE ( 'NONE', *, *, #8105, .T. ) ;
#6923 = ORIENTED_EDGE ( 'NONE', *, *, #4388, .F. ) ;
#6924 = EDGE_CURVE ( 'NONE', #5633, #3140, #7481, .T. ) ;
#6925 = VECTOR ( 'NONE', #7745, 1000.000000000000000 ) ;
#6926 = VECTOR ( 'NONE', #1672, 1000.000000000000000 ) ;
#6927 = EDGE_CURVE ( 'NONE', #7631, #8184, #2528, .T. ) ;
#6928 = VECTOR ( 'NONE', #1168, 1000.000000000000000 ) ;
#6929 = CARTESIAN_POINT ( 'NONE',  ( -15.32000000000000206, 0.6699999999999995959, -1.270000000000000018 ) ) ;
#6930 = EDGE_CURVE ( 'NONE', #9177, #3038, #6241, .T. ) ;
#6931 = DIRECTION ( 'NONE',  ( -0.3015113445777909407, -0.9045340337332726799, 0.3015113445777909407 ) ) ;
#6932 = VERTEX_POINT ( 'NONE', #8179 ) ;
#6933 = EDGE_CURVE ( 'NONE', #7662, #2469, #2008, .T. ) ;
#6934 = DIRECTION ( 'NONE',  ( 0.000000000000000000, 0.000000000000000000, 1.000000000000000000 ) ) ;
#6935 = ORIENTED_EDGE ( 'NONE', *, *, #2872, .F. ) ;
#6936 = AXIS2_PLACEMENT_3D ( 'NONE', #3316, #5490, #6144 ) ;
#6937 = ORIENTED_EDGE ( 'NONE', *, *, #5221, .T. ) ;
#6938 = ORIENTED_EDGE ( 'NONE', *, *, #8381, .F. ) ;
#6939 = CARTESIAN_POINT ( 'NONE',  ( -15.02000000000000135, -1.400000000000000133, 1.869999999999999885 ) ) ;
#6940 = LINE ( 'NONE', #3327, #4134 ) ;
#6941 = VECTOR ( 'NONE', #6639, 1000.000000000000114 ) ;
#6942 = VECTOR ( 'NONE', #2229, 1000.000000000000000 ) ;
#6943 = CARTESIAN_POINT ( 'NONE',  ( -2.680000000000001936, 1.349999999999999645, -1.050000000000000044 ) ) ;
#6944 = DIRECTION ( 'NONE',  ( 0.000000000000000000, -1.000000000000000000, 0.000000000000000000 ) ) ;
#6945 = VERTEX_POINT ( 'NONE', #6100 ) ;
#6946 = ORIENTED_EDGE ( 'NONE', *, *, #4429, .F. ) ;
#6947 = ORIENTED_EDGE ( 'NONE', *, *, #4302, .F. ) ;
#6948 = DIRECTION ( 'NONE',  ( 0.000000000000000000, 0.000000000000000000, 1.000000000000000000 ) ) ;
#6949 = CARTESIAN_POINT ( 'NONE',  ( -13.93500000000000050, 0.6699999999999995959, 0.8750000000000000000 ) ) ;
#6950 = ORIENTED_EDGE ( 'NONE', *, *, #2062, .F. ) ;
#6951 = ORIENTED_EDGE ( 'NONE', *, *, #2731, .T. ) ;
#6952 = VECTOR ( 'NONE', #3158, 1000.000000000000000 ) ;
#6953 = DIRECTION ( 'NONE',  ( 0.000000000000000000, 0.000000000000000000, 1.000000000000000000 ) ) ;
#6954 = EDGE_CURVE ( 'NONE', #3746, #1774, #9016, .T. ) ;
#6955 = AXIS2_PLACEMENT_3D ( 'NONE', #4214, #8520, #7744 ) ;
#6956 = EDGE_CURVE ( 'NONE', #123, #5549, #7534, .T. ) ;
#6957 = EDGE_CURVE ( 'NONE', #5355, #382, #1324, .T. ) ;
#6958 = VECTOR ( 'NONE', #1914, 1000.000000000000000 ) ;
#6959 = ORIENTED_EDGE ( 'NONE', *, *, #175, .T. ) ;
#6960 = CARTESIAN_POINT ( 'NONE',  ( -5.880000000000001670, 7.500000000000000000, -0.1200000000000000094 ) ) ;
#6961 = DIRECTION ( 'NONE',  ( -1.000000000000000000, 0.000000000000000000, 0.000000000000000000 ) ) ;
#6962 = VECTOR ( 'NONE', #8787, 1000.000000000000000 ) ;
#6963 = CARTESIAN_POINT ( 'NONE',  ( -14.38500000000000156, -8.673617379884035472E-16, 2.469999999999999751 ) ) ;
#6964 = DIRECTION ( 'NONE',  ( 0.000000000000000000, 1.000000000000000000, 0.000000000000000000 ) ) ;
#6965 = FACE_OUTER_BOUND ( 'NONE', #8561, .T. ) ;
#6966 = DIRECTION ( 'NONE',  ( 0.000000000000000000, 0.000000000000000000, -1.000000000000000000 ) ) ;
#6967 = EDGE_CURVE ( 'NONE', #3718, #1089, #4706, .T. ) ;
#6968 = DIRECTION ( 'NONE',  ( 0.000000000000000000, 0.000000000000000000, 1.000000000000000000 ) ) ;
#6969 = ORIENTED_EDGE ( 'NONE', *, *, #1124, .F. ) ;
#6970 = CARTESIAN_POINT ( 'NONE',  ( -5.680000000000001492, -3.180000000000000604, -0.3200000000000000067 ) ) ;
#6971 = VERTEX_POINT ( 'NONE', #2664 ) ;
#6972 = CARTESIAN_POINT ( 'NONE',  ( -3.320000000000001616, 1.349999999999999645, -1.050000000000000044 ) ) ;
#6973 = PLANE ( 'NONE',  #3034 ) ;
#6974 = ORIENTED_EDGE ( 'NONE', *, *, #4149, .T. ) ;
#6975 = VERTEX_POINT ( 'NONE', #6054 ) ;
#6976 = EDGE_CURVE ( 'NONE', #6139, #2641, #2617, .T. ) ;
#6977 = LINE ( 'NONE', #7493, #5440 ) ;
#6978 = DIRECTION ( 'NONE',  ( 1.000000000000000000, 0.000000000000000000, 0.000000000000000000 ) ) ;
#6979 = DIRECTION ( 'NONE',  ( -1.000000000000000000, 0.000000000000000000, 0.000000000000000000 ) ) ;
#6980 = ORIENTED_EDGE ( 'NONE', *, *, #1058, .T. ) ;
#6981 = LINE ( 'NONE', #8314, #2466 ) ;
#6982 = ORIENTED_EDGE ( 'NONE', *, *, #5940, .F. ) ;
#6983 = ORIENTED_EDGE ( 'NONE', *, *, #1207, .F. ) ;
#6984 = DIRECTION ( 'NONE',  ( -1.000000000000000000, 0.000000000000000000, 0.000000000000000000 ) ) ;
#6985 = ORIENTED_EDGE ( 'NONE', *, *, #3717, .F. ) ;
#6986 = DIRECTION ( 'NONE',  ( 0.000000000000000000, 0.000000000000000000, -1.000000000000000000 ) ) ;
#6987 = ADVANCED_FACE ( 'NONE', ( #5351 ), #1827, .T. ) ;
#6988 = CARTESIAN_POINT ( 'NONE',  ( -15.32000000000000206, 1.269999999999999352, -0.8750000000000000000 ) ) ;
#6989 = DIRECTION ( 'NONE',  ( -2.035408878479000325E-14, -1.000000000000000000, -0.000000000000000000 ) ) ;
#6990 = CARTESIAN_POINT ( 'NONE',  ( 3.269999999999998685, 2.699999999999999734, 0.1137500000000000039 ) ) ;
#6991 = ORIENTED_EDGE ( 'NONE', *, *, #1038, .T. ) ;
#6992 = ORIENTED_EDGE ( 'NONE', *, *, #4040, .T. ) ;
#6993 = EDGE_LOOP ( 'NONE', ( #5460, #1427, #1771, #2427 ) ) ;
#6994 = LINE ( 'NONE', #5600, #5717 ) ;
#6995 = CARTESIAN_POINT ( 'NONE',  ( -5.680000000000001492, 4.949999999999999289, 0.000000000000000000 ) ) ;
#6996 = EDGE_CURVE ( 'NONE', #1408, #580, #8270, .T. ) ;
#6997 = ORIENTED_EDGE ( 'NONE', *, *, #7171, .T. ) ;
#6998 = ORIENTED_EDGE ( 'NONE', *, *, #4961, .F. ) ;
#6999 = CARTESIAN_POINT ( 'NONE',  ( -9.320000000000002061, 0.6999999999999992895, -0.8750000000000000000 ) ) ;
#7000 = VECTOR ( 'NONE', #3313, 1000.000000000000000 ) ;
#7001 = AXIS2_PLACEMENT_3D ( 'NONE', #1659, #1062, #7272 ) ;
#7002 = VERTEX_POINT ( 'NONE', #6459 ) ;
#7003 = DIRECTION ( 'NONE',  ( -1.000000000000000000, 0.000000000000000000, 0.000000000000000000 ) ) ;
#7004 = DIRECTION ( 'NONE',  ( 0.000000000000000000, -1.000000000000000000, 0.000000000000000000 ) ) ;
#7005 = DIRECTION ( 'NONE',  ( 0.000000000000000000, 0.000000000000000000, -1.000000000000000000 ) ) ;
#7006 = EDGE_CURVE ( 'NONE', #1944, #8610, #2936, .T. ) ;
#7007 = DIRECTION ( 'NONE',  ( 0.000000000000000000, -1.000000000000000000, 0.000000000000000000 ) ) ;
#7008 = LINE ( 'NONE', #3440, #8063 ) ;
#7009 = AXIS2_PLACEMENT_3D ( 'NONE', #4727, #9080, #5465 ) ;
#7010 = CARTESIAN_POINT ( 'NONE',  ( -12.32000000000000028, 0.6999999999999992895, -0.3200000000000000067 ) ) ;
#7011 = EDGE_CURVE ( 'NONE', #5770, #5493, #4894, .T. ) ;
#7012 = DIRECTION ( 'NONE',  ( 1.000000000000000000, 0.000000000000000000, 0.000000000000000000 ) ) ;
#7013 = EDGE_CURVE ( 'NONE', #972, #5889, #7766, .T. ) ;
#7014 = FACE_OUTER_BOUND ( 'NONE', #8556, .T. ) ;
#7015 = DIRECTION ( 'NONE',  ( 1.000000000000000000, 0.000000000000000000, 0.000000000000000000 ) ) ;
#7016 = FACE_OUTER_BOUND ( 'NONE', #541, .T. ) ;
#7017 = VERTEX_POINT ( 'NONE', #7191 ) ;
#7018 = CARTESIAN_POINT ( 'NONE',  ( -8.680000000000001492, -8.673617379884035472E-16, 1.680000000000000160 ) ) ;
#7019 = EDGE_CURVE ( 'NONE', #104, #6485, #7154, .T. ) ;
#7020 = ORIENTED_EDGE ( 'NONE', *, *, #6793, .F. ) ;
#7021 = DIRECTION ( 'NONE',  ( 0.000000000000000000, 0.3162277660168079652, -0.9486832980505238710 ) ) ;
#7022 = DIRECTION ( 'NONE',  ( 0.000000000000000000, -1.000000000000000000, 0.000000000000000000 ) ) ;
#7023 = ORIENTED_EDGE ( 'NONE', *, *, #1853, .F. ) ;
#7024 = EDGE_LOOP ( 'NONE', ( #5521, #3004, #4905, #3872, #5331, #3694, #10, #405 ) ) ;
#7025 = EDGE_CURVE ( 'NONE', #2942, #704, #100, .T. ) ;
#7026 = ADVANCED_FACE ( 'NONE', ( #8591 ), #2240, .T. ) ;
#7027 = DIRECTION ( 'NONE',  ( -0.000000000000000000, 1.000000000000000000, 0.000000000000000000 ) ) ;
#7028 = LINE ( 'NONE', #3629, #397 ) ;
#7029 = CARTESIAN_POINT ( 'NONE',  ( 3.319999999999998508, 1.449999999999999512, -0.04250000000000000305 ) ) ;
#7030 = FACE_OUTER_BOUND ( 'NONE', #2436, .T. ) ;
#7031 = VERTEX_POINT ( 'NONE', #7029 ) ;
#7032 = ORIENTED_EDGE ( 'NONE', *, *, #7201, .F. ) ;
#7033 = DIRECTION ( 'NONE',  ( 1.000000000000000000, 0.000000000000000000, 0.000000000000000000 ) ) ;
#7034 = EDGE_CURVE ( 'NONE', #168, #8348, #7723, .T. ) ;
#7035 = FACE_OUTER_BOUND ( 'NONE', #5836, .T. ) ;
#7036 = LINE ( 'NONE', #3513, #6504 ) ;
#7037 = DIRECTION ( 'NONE',  ( 0.000000000000000000, -1.000000000000000000, 0.000000000000000000 ) ) ;
#7038 = VERTEX_POINT ( 'NONE', #9154 ) ;
#7039 = EDGE_LOOP ( 'NONE', ( #8096, #984, #2560, #2644, #5257, #5060, #3817, #8889 ) ) ;
#7040 = ORIENTED_EDGE ( 'NONE', *, *, #8376, .F. ) ;
#7041 = LINE ( 'NONE', #4251, #5267 ) ;
#7042 = VECTOR ( 'NONE', #8092, 1000.000000000000000 ) ;
#7043 = ORIENTED_EDGE ( 'NONE', *, *, #5151, .F. ) ;
#7044 = EDGE_LOOP ( 'NONE', ( #3317, #6117, #3254, #1933 ) ) ;
#7045 = VECTOR ( 'NONE', #1407, 1000.000000000000000 ) ;
#7046 = VECTOR ( 'NONE', #6984, 1000.000000000000000 ) ;
#7047 = PLANE ( 'NONE',  #34 ) ;
#7048 = EDGE_CURVE ( 'NONE', #6708, #4568, #2758, .T. ) ;
#7049 = ADVANCED_FACE ( 'NONE', ( #797 ), #3554, .T. ) ;
#7050 = ORIENTED_EDGE ( 'NONE', *, *, #8354, .F. ) ;
#7051 = CARTESIAN_POINT ( 'NONE',  ( 0.3199999999999982303, -2.580000000000000515, -0.3200000000000000067 ) ) ;
#7052 = LINE ( 'NONE', #9179, #2923 ) ;
#7053 = DIRECTION ( 'NONE',  ( 0.000000000000000000, 0.000000000000000000, 1.000000000000000000 ) ) ;
#7054 = DIRECTION ( 'NONE',  ( 0.000000000000000000, 0.000000000000000000, -1.000000000000000000 ) ) ;
#7055 = LINE ( 'NONE', #2838, #5508 ) ;
#7056 = CARTESIAN_POINT ( 'NONE',  ( -10.25000000000000178, 9.049999999999998934, 2.429999999999999716 ) ) ;
#7057 = CARTESIAN_POINT ( 'NONE',  ( -6.320000000000002061, 0.6999999999999992895, -0.8750000000000000000 ) ) ;
#7058 = LINE ( 'NONE', #4181, #8402 ) ;
#7059 = CARTESIAN_POINT ( 'NONE',  ( -5.680000000000001492, 1.349999999999999645, -1.050000000000000044 ) ) ;
#7060 = ORIENTED_EDGE ( 'NONE', *, *, #6471, .F. ) ;
#7061 = PLANE ( 'NONE',  #7375 ) ;
#7062 = FACE_OUTER_BOUND ( 'NONE', #4343, .T. ) ;
#7063 = CARTESIAN_POINT ( 'NONE',  ( -13.25000000000000178, 9.899999999999998579, -1.250000000000000000 ) ) ;
#7064 = ORIENTED_EDGE ( 'NONE', *, *, #5151, .T. ) ;
#7065 = VECTOR ( 'NONE', #1193, 1000.000000000000000 ) ;
#7066 = VECTOR ( 'NONE', #446, 1000.000000000000000 ) ;
#7067 = PLANE ( 'NONE',  #4699 ) ;
#7068 = ADVANCED_FACE ( 'NONE', ( #4935 ), #760, .T. ) ;
#7069 = VECTOR ( 'NONE', #7574, 1000.000000000000114 ) ;
#7070 = VECTOR ( 'NONE', #1416, 1000.000000000000000 ) ;
#7071 = EDGE_CURVE ( 'NONE', #4476, #7914, #2065, .T. ) ;
#7072 = CARTESIAN_POINT ( 'NONE',  ( 0.3199999999999982303, 0.6999999999999992895, -0.3200000000000000067 ) ) ;
#7073 = DIRECTION ( 'NONE',  ( 0.000000000000000000, 1.000000000000000000, 0.000000000000000000 ) ) ;
#7074 = DIRECTION ( 'NONE',  ( 0.000000000000000000, -1.000000000000000000, 0.000000000000000000 ) ) ;
#7075 = VECTOR ( 'NONE', #8836, 1000.000000000000000 ) ;
#7076 = ORIENTED_EDGE ( 'NONE', *, *, #2765, .T. ) ;
#7077 = ORIENTED_EDGE ( 'NONE', *, *, #5420, .T. ) ;
#7078 = LINE ( 'NONE', #2114, #8217 ) ;
#7079 = VECTOR ( 'NONE', #4868, 1000.000000000000000 ) ;
#7080 = VECTOR ( 'NONE', #151, 1000.000000000000000 ) ;
#7081 = DIRECTION ( 'NONE',  ( 0.000000000000000000, 0.000000000000000000, 1.000000000000000000 ) ) ;
#7082 = CARTESIAN_POINT ( 'NONE',  ( -8.680000000000001492, 3.299999999999999378, -0.3200000000000000067 ) ) ;
#7083 = AXIS2_PLACEMENT_3D ( 'NONE', #7809, #4193, #5630 ) ;
#7084 = LINE ( 'NONE', #728, #3386 ) ;
#7085 = VERTEX_POINT ( 'NONE', #8501 ) ;
#7086 = ORIENTED_EDGE ( 'NONE', *, *, #147, .F. ) ;
#7087 = ORIENTED_EDGE ( 'NONE', *, *, #8432, .F. ) ;
#7088 = DIRECTION ( 'NONE',  ( 0.000000000000000000, 0.000000000000000000, 1.000000000000000000 ) ) ;
#7089 = ADVANCED_FACE ( 'NONE', ( #2149 ), #1370, .T. ) ;
#7090 = ORIENTED_EDGE ( 'NONE', *, *, #6976, .F. ) ;
#7091 = ORIENTED_EDGE ( 'NONE', *, *, #7713, .F. ) ;
#7092 = LINE ( 'NONE', #5730, #5763 ) ;
#7093 = AXIS2_PLACEMENT_3D ( 'NONE', #3764, #285, #3724 ) ;
#7094 = ORIENTED_EDGE ( 'NONE', *, *, #4483, .T. ) ;
#7095 = EDGE_CURVE ( 'NONE', #4945, #3642, #1460, .T. ) ;
#7096 = FACE_OUTER_BOUND ( 'NONE', #6208, .T. ) ;
#7097 = LINE ( 'NONE', #741, #2034 ) ;
#7098 = AXIS2_PLACEMENT_3D ( 'NONE', #8575, #604, #1357 ) ;
#7099 = LINE ( 'NONE', #2266, #5487 ) ;
#7100 = DIRECTION ( 'NONE',  ( 0.000000000000000000, 0.000000000000000000, 1.000000000000000000 ) ) ;
#7101 = PLANE ( 'NONE',  #5208 ) ;
#7102 = CARTESIAN_POINT ( 'NONE',  ( 2.969999999999998863, -1.400000000000000133, 1.869999999999999885 ) ) ;
#7103 = EDGE_CURVE ( 'NONE', #4150, #7427, #4284, .T. ) ;
#7104 = CARTESIAN_POINT ( 'NONE',  ( -1.250000000000001998, 9.899999999999998579, 1.250000000000000000 ) ) ;
#7105 = PLANE ( 'NONE',  #1304 ) ;
#7106 = AXIS2_PLACEMENT_3D ( 'NONE', #1654, #4484, #5919 ) ;
#7107 = DIRECTION ( 'NONE',  ( 0.000000000000000000, -1.000000000000000000, 0.000000000000000000 ) ) ;
#7108 = EDGE_LOOP ( 'NONE', ( #3343, #8133, #2909, #5990, #1084, #4481 ) ) ;
#7109 = DIRECTION ( 'NONE',  ( 1.000000000000000000, 0.000000000000000000, 0.000000000000000000 ) ) ;
#7110 = DIRECTION ( 'NONE',  ( 0.000000000000000000, 0.000000000000000000, -1.000000000000000000 ) ) ;
#7111 = DIRECTION ( 'NONE',  ( 0.000000000000000000, -1.000000000000000000, 0.000000000000000000 ) ) ;
#7112 = VERTEX_POINT ( 'NONE', #2891 ) ;
#7113 = DIRECTION ( 'NONE',  ( 0.000000000000000000, -1.000000000000000000, 0.000000000000000000 ) ) ;
#7114 = LINE ( 'NONE', #6458, #9135 ) ;
#7115 = CARTESIAN_POINT ( 'NONE',  ( -2.880000000000002114, 7.500000000000000000, -0.1200000000000000094 ) ) ;
#7116 = CARTESIAN_POINT ( 'NONE',  ( -15.32000000000000206, 0.6699999999999995959, 1.270000000000000018 ) ) ;
#7117 = ORIENTED_EDGE ( 'NONE', *, *, #7604, .F. ) ;
#7118 = EDGE_CURVE ( 'NONE', #2492, #7444, #5711, .T. ) ;
#7119 = EDGE_LOOP ( 'NONE', ( #5352, #1900, #1832, #8606 ) ) ;
#7120 = EDGE_CURVE ( 'NONE', #489, #8636, #2195, .T. ) ;
#7121 = DIRECTION ( 'NONE',  ( -0.3015113445777909407, -0.9045340337332726799, -0.3015113445777909407 ) ) ;
#7122 = EDGE_CURVE ( 'NONE', #580, #5321, #1497, .T. ) ;
#7123 = VECTOR ( 'NONE', #7053, 1000.000000000000000 ) ;
#7124 = AXIS2_PLACEMENT_3D ( 'NONE', #3628, #3808, #5287 ) ;
#7125 = CARTESIAN_POINT ( 'NONE',  ( -0.3200000000000017275, -8.673617379884035472E-16, -1.930000000000000160 ) ) ;
#7126 = DIRECTION ( 'NONE',  ( 0.000000000000000000, 0.000000000000000000, 1.000000000000000000 ) ) ;
#7127 = VERTEX_POINT ( 'NONE', #6552 ) ;
#7128 = VERTEX_POINT ( 'NONE', #7290 ) ;
#7129 = ORIENTED_EDGE ( 'NONE', *, *, #3612, .T. ) ;
#7130 = CARTESIAN_POINT ( 'NONE',  ( -3.120000000000001883, -3.180000000000000604, 0.1200000000000000094 ) ) ;
#7131 = VERTEX_POINT ( 'NONE', #1674 ) ;
#7132 = EDGE_LOOP ( 'NONE', ( #4554, #7826, #1048, #3351 ) ) ;
#7133 = LINE ( 'NONE', #169, #3261 ) ;
#7134 = VERTEX_POINT ( 'NONE', #152 ) ;
#7135 = CARTESIAN_POINT ( 'NONE',  ( -8.680000000000001492, -2.580000000000000515, 0.3200000000000000067 ) ) ;
#7136 = CARTESIAN_POINT ( 'NONE',  ( 2.384999999999998010, -8.673617379884035472E-16, -1.270000000000000018 ) ) ;
#7137 = PLANE ( 'NONE',  #4574 ) ;
#7138 = FACE_OUTER_BOUND ( 'NONE', #5707, .T. ) ;
#7139 = VECTOR ( 'NONE', #4290, 1000.000000000000114 ) ;
#7140 = DIRECTION ( 'NONE',  ( 1.000000000000000000, 0.000000000000000000, 0.000000000000000000 ) ) ;
#7141 = LINE ( 'NONE', #7104, #628 ) ;
#7142 = CARTESIAN_POINT ( 'NONE',  ( -9.320000000000002061, -8.673617379884035472E-16, 1.270000000000000018 ) ) ;
#7143 = DIRECTION ( 'NONE',  ( -1.000000000000000000, 0.000000000000000000, 0.000000000000000000 ) ) ;
#7144 = AXIS2_PLACEMENT_3D ( 'NONE', #1429, #866, #4995 ) ;
#7145 = EDGE_LOOP ( 'NONE', ( #8516, #1971, #8001, #1707 ) ) ;
#7146 = DIRECTION ( 'NONE',  ( 0.000000000000000000, 1.000000000000000000, 0.000000000000000000 ) ) ;
#7147 = ORIENTED_EDGE ( 'NONE', *, *, #7709, .F. ) ;
#7148 = CARTESIAN_POINT ( 'NONE',  ( -9.320000000000002061, 1.269999999999999352, -0.8750000000000000000 ) ) ;
#7149 = ORIENTED_EDGE ( 'NONE', *, *, #7645, .T. ) ;
#7150 = EDGE_CURVE ( 'NONE', #117, #2483, #7248, .T. ) ;
#7151 = ADVANCED_FACE ( 'NONE', ( #5158 ), #8814, .T. ) ;
#7152 = LINE ( 'NONE', #7848, #7811 ) ;
#7153 = LINE ( 'NONE', #4147, #5869 ) ;
#7154 = LINE ( 'NONE', #2854, #4848 ) ;
#7155 = EDGE_CURVE ( 'NONE', #1555, #2461, #1032, .T. ) ;
#7156 = CARTESIAN_POINT ( 'NONE',  ( -5.680000000000001492, 0.6999999999999992895, 0.3200000000000000067 ) ) ;
#7157 = ORIENTED_EDGE ( 'NONE', *, *, #1150, .F. ) ;
#7158 = CARTESIAN_POINT ( 'NONE',  ( -11.68000000000000327, 6.899999999999999467, 0.3200000000000000067 ) ) ;
#7159 = EDGE_LOOP ( 'NONE', ( #3169, #125, #5812, #3510 ) ) ;
#7160 = CARTESIAN_POINT ( 'NONE',  ( -2.880000000000002114, 7.500000000000000000, -0.1200000000000000094 ) ) ;
#7161 = CARTESIAN_POINT ( 'NONE',  ( -3.120000000000001883, -3.180000000000000604, 0.1200000000000000094 ) ) ;
#7162 = CARTESIAN_POINT ( 'NONE',  ( 0.3199999999999982303, 0.6999999999999992895, 1.649999999999999911 ) ) ;
#7163 = VERTEX_POINT ( 'NONE', #937 ) ;
#7164 = ORIENTED_EDGE ( 'NONE', *, *, #6756, .F. ) ;
#7165 = CARTESIAN_POINT ( 'NONE',  ( 0.3199999999999982303, 3.299999999999999378, -0.3200000000000000067 ) ) ;
#7166 = ORIENTED_EDGE ( 'NONE', *, *, #4533, .T. ) ;
#7167 = LINE ( 'NONE', #7866, #980 ) ;
#7168 = ORIENTED_EDGE ( 'NONE', *, *, #1259, .F. ) ;
#7169 = ORIENTED_EDGE ( 'NONE', *, *, #9005, .T. ) ;
#7170 = DIRECTION ( 'NONE',  ( 1.000000000000000000, 0.000000000000000000, 0.000000000000000000 ) ) ;
#7171 = EDGE_CURVE ( 'NONE', #2451, #5262, #7678, .T. ) ;
#7172 = VERTEX_POINT ( 'NONE', #2462 ) ;
#7173 = ADVANCED_FACE ( 'NONE', ( #4419 ), #2985, .T. ) ;
#7174 = PLANE ( 'NONE',  #2507 ) ;
#7175 = LINE ( 'NONE', #822, #6339 ) ;
#7176 = VECTOR ( 'NONE', #8959, 1000.000000000000000 ) ;
#7177 = CARTESIAN_POINT ( 'NONE',  ( -1.250000000000001998, 9.899999999999998579, -1.250000000000000000 ) ) ;
#7178 = PLANE ( 'NONE',  #8616 ) ;
#7179 = LINE ( 'NONE', #5314, #8435 ) ;
#7180 = VECTOR ( 'NONE', #649, 1000.000000000000114 ) ;
#7181 = CARTESIAN_POINT ( 'NONE',  ( -6.000000000000001776, -1.400000000000000133, 0.000000000000000000 ) ) ;
#7182 = LINE ( 'NONE', #4449, #6027 ) ;
#7183 = LINE ( 'NONE', #3620, #5164 ) ;
#7184 = ORIENTED_EDGE ( 'NONE', *, *, #1902, .F. ) ;
#7185 = LINE ( 'NONE', #6540, #5154 ) ;
#7186 = DIRECTION ( 'NONE',  ( 0.000000000000000000, -1.000000000000000000, 0.000000000000000000 ) ) ;
#7187 = DIRECTION ( 'NONE',  ( 0.000000000000000000, -1.000000000000000000, 0.000000000000000000 ) ) ;
#7188 = ORIENTED_EDGE ( 'NONE', *, *, #9044, .T. ) ;
#7189 = DIRECTION ( 'NONE',  ( 1.000000000000000000, 0.000000000000000000, 0.000000000000000000 ) ) ;
#7190 = DIRECTION ( 'NONE',  ( 0.000000000000000000, 0.000000000000000000, 1.000000000000000000 ) ) ;
#7191 = CARTESIAN_POINT ( 'NONE',  ( -15.32000000000000206, 1.269999999999999352, -0.8750000000000000000 ) ) ;
#7192 = VECTOR ( 'NONE', #3132, 1000.000000000000000 ) ;
#7193 = VECTOR ( 'NONE', #163, 1000.000000000000000 ) ;
#7194 = LINE ( 'NONE', #6511, #8393 ) ;
#7195 = VERTEX_POINT ( 'NONE', #6591 ) ;
#7196 = EDGE_CURVE ( 'NONE', #3095, #5949, #7332, .T. ) ;
#7197 = LINE ( 'NONE', #2678, #2325 ) ;
#7198 = ORIENTED_EDGE ( 'NONE', *, *, #8629, .T. ) ;
#7199 = EDGE_CURVE ( 'NONE', #6856, #538, #8772, .T. ) ;
#7200 = CARTESIAN_POINT ( 'NONE',  ( -9.320000000000002061, -8.673617379884035472E-16, -1.270000000000000018 ) ) ;
#7201 = EDGE_CURVE ( 'NONE', #2667, #2973, #1634, .T. ) ;
#7202 = AXIS2_PLACEMENT_3D ( 'NONE', #3868, #8779, #8131 ) ;
#7203 = VECTOR ( 'NONE', #8973, 1000.000000000000000 ) ;
#7204 = ADVANCED_FACE ( 'NONE', ( #332 ), #237, .T. ) ;
#7205 = EDGE_CURVE ( 'NONE', #4753, #6478, #8679, .T. ) ;
#7206 = CARTESIAN_POINT ( 'NONE',  ( 0.3199999999999982303, 4.949999999999999289, 0.000000000000000000 ) ) ;
#7207 = LINE ( 'NONE', #2946, #2041 ) ;
#7208 = EDGE_LOOP ( 'NONE', ( #6433, #8841, #2729, #7391 ) ) ;
#7209 = LINE ( 'NONE', #3736, #2021 ) ;
#7210 = ORIENTED_EDGE ( 'NONE', *, *, #1409, .F. ) ;
#7211 = VECTOR ( 'NONE', #3189, 1000.000000000000000 ) ;
#7212 = LINE ( 'NONE', #2996, #2912 ) ;
#7213 = VECTOR ( 'NONE', #8258, 1000.000000000000000 ) ;
#7214 = VERTEX_POINT ( 'NONE', #3858 ) ;
#7215 = EDGE_LOOP ( 'NONE', ( #5762, #2143, #7507, #9173 ) ) ;
#7216 = PLANE ( 'NONE',  #7144 ) ;
#7217 = DIRECTION ( 'NONE',  ( 1.000000000000000000, 0.000000000000000000, 0.000000000000000000 ) ) ;
#7218 = VECTOR ( 'NONE', #112, 1000.000000000000000 ) ;
#7219 = VERTEX_POINT ( 'NONE', #5893 ) ;
#7220 = VECTOR ( 'NONE', #1804, 1000.000000000000000 ) ;
#7221 = AXIS2_PLACEMENT_3D ( 'NONE', #8232, #537, #1153 ) ;
#7222 = AXIS2_PLACEMENT_3D ( 'NONE', #1438, #1525, #4173 ) ;
#7223 = VERTEX_POINT ( 'NONE', #845 ) ;
#7224 = DIRECTION ( 'NONE',  ( 1.000000000000000000, 0.000000000000000000, 0.000000000000000000 ) ) ;
#7225 = CARTESIAN_POINT ( 'NONE',  ( 3.319999999999998508, 1.449999999999999512, 0.1137500000000000039 ) ) ;
#7226 = VECTOR ( 'NONE', #2974, 1000.000000000000000 ) ;
#7227 = DIRECTION ( 'NONE',  ( 0.000000000000000000, 0.000000000000000000, 1.000000000000000000 ) ) ;
#7228 = ADVANCED_FACE ( 'NONE', ( #5201 ), #1717, .T. ) ;
#7229 = CARTESIAN_POINT ( 'NONE',  ( -5.680000000000001492, 6.899999999999999467, 0.3200000000000000067 ) ) ;
#7230 = EDGE_CURVE ( 'NONE', #5040, #7829, #5242, .T. ) ;
#7231 = EDGE_CURVE ( 'NONE', #2973, #4813, #8634, .T. ) ;
#7232 = CARTESIAN_POINT ( 'NONE',  ( -5.450000000000001954, 9.899999999999998579, 1.250000000000000000 ) ) ;
#7233 = VECTOR ( 'NONE', #6169, 1000.000000000000000 ) ;
#7234 = VECTOR ( 'NONE', #4543, 1000.000000000000000 ) ;
#7235 = FACE_BOUND ( 'NONE', #2162, .T. ) ;
#7236 = CARTESIAN_POINT ( 'NONE',  ( -15.32000000000000206, 0.6699999999999995959, -0.8750000000000000000 ) ) ;
#7237 = ORIENTED_EDGE ( 'NONE', *, *, #6016, .F. ) ;
#7238 = LINE ( 'NONE', #7320, #8712 ) ;
#7239 = DIRECTION ( 'NONE',  ( 0.000000000000000000, -1.000000000000000000, 0.000000000000000000 ) ) ;
#7240 = DIRECTION ( 'NONE',  ( 0.000000000000000000, 1.000000000000000000, 0.000000000000000000 ) ) ;
#7241 = ORIENTED_EDGE ( 'NONE', *, *, #3159, .T. ) ;
#7242 = LINE ( 'NONE', #973, #6494 ) ;
#7243 = AXIS2_PLACEMENT_3D ( 'NONE', #3833, #4618, #1739 ) ;
#7244 = VECTOR ( 'NONE', #5557, 1000.000000000000000 ) ;
#7245 = DIRECTION ( 'NONE',  ( 1.000000000000000000, 0.000000000000000000, 0.000000000000000000 ) ) ;
#7246 = VECTOR ( 'NONE', #3099, 1000.000000000000000 ) ;
#7247 = DIRECTION ( 'NONE',  ( 0.000000000000000000, -1.000000000000000000, 0.000000000000000000 ) ) ;
#7248 = LINE ( 'NONE', #1586, #3390 ) ;
#7249 = DIRECTION ( 'NONE',  ( 0.000000000000000000, -1.000000000000000000, 0.000000000000000000 ) ) ;
#7250 = LINE ( 'NONE', #2814, #1580 ) ;
#7251 = ORIENTED_EDGE ( 'NONE', *, *, #3752, .T. ) ;
#7252 = DIRECTION ( 'NONE',  ( 0.000000000000000000, 0.000000000000000000, -1.000000000000000000 ) ) ;
#7253 = EDGE_LOOP ( 'NONE', ( #3097, #8440, #5279, #3696 ) ) ;
#7254 = VECTOR ( 'NONE', #1928, 1000.000000000000000 ) ;
#7255 = LINE ( 'NONE', #5635, #2555 ) ;
#7256 = LINE ( 'NONE', #5809, #5131 ) ;
#7257 = CARTESIAN_POINT ( 'NONE',  ( -3.320000000000001616, -8.673617379884035472E-16, -1.930000000000000160 ) ) ;
#7258 = EDGE_LOOP ( 'NONE', ( #3929, #5055, #6959, #2831 ) ) ;
#7259 = CARTESIAN_POINT ( 'NONE',  ( -11.68000000000000327, 0.6999999999999992895, 0.8750000000000000000 ) ) ;
#7260 = ORIENTED_EDGE ( 'NONE', *, *, #5765, .T. ) ;
#7261 = DIRECTION ( 'NONE',  ( 1.000000000000000000, 0.000000000000000000, 0.000000000000000000 ) ) ;
#7262 = ORIENTED_EDGE ( 'NONE', *, *, #9161, .T. ) ;
#7263 = ORIENTED_EDGE ( 'NONE', *, *, #3633, .F. ) ;
#7264 = CARTESIAN_POINT ( 'NONE',  ( 0.3199999999999982303, -2.580000000000000515, 0.3200000000000000067 ) ) ;
#7265 = DIRECTION ( 'NONE',  ( 0.000000000000000000, 0.000000000000000000, -1.000000000000000000 ) ) ;
#7266 = ORIENTED_EDGE ( 'NONE', *, *, #472, .F. ) ;
#7267 = EDGE_LOOP ( 'NONE', ( #393, #5910, #6093, #689 ) ) ;
#7268 = LINE ( 'NONE', #216, #7246 ) ;
#7269 = CARTESIAN_POINT ( 'NONE',  ( -4.700000000000001954, 7.399999999999999467, -3.135000000000000231 ) ) ;
#7270 = LINE ( 'NONE', #269, #6586 ) ;
#7271 = DIRECTION ( 'NONE',  ( 1.000000000000000000, 0.000000000000000000, 0.000000000000000000 ) ) ;
#7272 = DIRECTION ( 'NONE',  ( 0.000000000000000000, 0.000000000000000000, -1.000000000000000000 ) ) ;
#7273 = EDGE_CURVE ( 'NONE', #4184, #6124, #5984, .T. ) ;
#7274 = DIRECTION ( 'NONE',  ( 1.000000000000000000, 0.000000000000000000, 0.000000000000000000 ) ) ;
#7275 = DIRECTION ( 'NONE',  ( 0.000000000000000000, 0.000000000000000000, -1.000000000000000000 ) ) ;
#7276 = ORIENTED_EDGE ( 'NONE', *, *, #4533, .F. ) ;
#7277 = LINE ( 'NONE', #5929, #9013 ) ;
#7278 = CARTESIAN_POINT ( 'NONE',  ( 3.319999999999998508, 1.849999999999999645, 1.430000000000000160 ) ) ;
#7279 = PLANE ( 'NONE',  #2144 ) ;
#7280 = ADVANCED_FACE ( 'NONE', ( #5109 ), #6509, .T. ) ;
#7281 = ORIENTED_EDGE ( 'NONE', *, *, #105, .F. ) ;
#7282 = ADVANCED_FACE ( 'NONE', ( #4782 ), #7564, .T. ) ;
#7283 = ADVANCED_FACE ( 'NONE', ( #2699 ), #1262, .T. ) ;
#7284 = CARTESIAN_POINT ( 'NONE',  ( -11.68000000000000327, 1.349999999999999645, 1.649999999999999911 ) ) ;
#7285 = ORIENTED_EDGE ( 'NONE', *, *, #9082, .F. ) ;
#7286 = LINE ( 'NONE', #281, #7413 ) ;
#7287 = VECTOR ( 'NONE', #2897, 1000.000000000000000 ) ;
#7288 = EDGE_CURVE ( 'NONE', #808, #6139, #4045, .T. ) ;
#7289 = DIRECTION ( 'NONE',  ( 0.000000000000000000, 1.000000000000000000, 0.000000000000000000 ) ) ;
#7290 = CARTESIAN_POINT ( 'NONE',  ( -6.320000000000002061, 1.349999999999999645, -1.930000000000000160 ) ) ;
#7291 = CARTESIAN_POINT ( 'NONE',  ( -11.68000000000000327, 0.6699999999999995959, 0.8750000000000000000 ) ) ;
#7292 = EDGE_CURVE ( 'NONE', #7017, #7662, #9050, .T. ) ;
#7293 = ORIENTED_EDGE ( 'NONE', *, *, #3739, .F. ) ;
#7294 = LINE ( 'NONE', #8124, #3925 ) ;
#7295 = ORIENTED_EDGE ( 'NONE', *, *, #3399, .F. ) ;
#7296 = LINE ( 'NONE', #5992, #921 ) ;
#7297 = LINE ( 'NONE', #1640, #3371 ) ;
#7298 = DIRECTION ( 'NONE',  ( 1.000000000000000000, 0.000000000000000000, 0.000000000000000000 ) ) ;
#7299 = ORIENTED_EDGE ( 'NONE', *, *, #213, .T. ) ;
#7300 = DIRECTION ( 'NONE',  ( 0.000000000000000000, 0.000000000000000000, -1.000000000000000000 ) ) ;
#7301 = ORIENTED_EDGE ( 'NONE', *, *, #1620, .T. ) ;
#7302 = CARTESIAN_POINT ( 'NONE',  ( 3.319999999999998508, 2.513829809426999518, 0.2700000000000000178 ) ) ;
#7303 = ORIENTED_EDGE ( 'NONE', *, *, #6295, .F. ) ;
#7304 = ORIENTED_EDGE ( 'NONE', *, *, #1116, .T. ) ;
#7305 = FACE_OUTER_BOUND ( 'NONE', #8912, .T. ) ;
#7306 = LINE ( 'NONE', #170, #7501 ) ;
#7307 = ORIENTED_EDGE ( 'NONE', *, *, #6314, .F. ) ;
#7308 = ORIENTED_EDGE ( 'NONE', *, *, #3410, .T. ) ;
#7309 = CARTESIAN_POINT ( 'NONE',  ( -14.82000000000000206, -1.275000000000000133, 2.020000000000000018 ) ) ;
#7310 = LINE ( 'NONE', #3007, #5288 ) ;
#7311 = EDGE_CURVE ( 'NONE', #8897, #2437, #8260, .T. ) ;
#7312 = CARTESIAN_POINT ( 'NONE',  ( 1.934999999999997389, -8.673617379884035472E-16, 1.680000000000000160 ) ) ;
#7313 = DIRECTION ( 'NONE',  ( 0.000000000000000000, 0.000000000000000000, 1.000000000000000000 ) ) ;
#7314 = ADVANCED_FACE ( 'NONE', ( #7522 ), #1176, .T. ) ;
#7315 = CARTESIAN_POINT ( 'NONE',  ( -13.25000000000000178, 9.899999999999998579, 0.5500000000000000444 ) ) ;
#7316 = EDGE_CURVE ( 'NONE', #7813, #1222, #8913, .T. ) ;
#7317 = VECTOR ( 'NONE', #6677, 1000.000000000000000 ) ;
#7318 = DIRECTION ( 'NONE',  ( 0.000000000000000000, 0.000000000000000000, 1.000000000000000000 ) ) ;
#7319 = ORIENTED_EDGE ( 'NONE', *, *, #6641, .T. ) ;
#7320 = CARTESIAN_POINT ( 'NONE',  ( -14.67000000000000171, -8.673617379884035472E-16, 1.570000000000000062 ) ) ;
#7321 = DIRECTION ( 'NONE',  ( -0.8869140841669709285, 0.000000000000000000, 0.4619344188369849391 ) ) ;
#7322 = LINE ( 'NONE', #3758, #2892 ) ;
#7323 = AXIS2_PLACEMENT_3D ( 'NONE', #5274, #1751, #4584 ) ;
#7324 = ORIENTED_EDGE ( 'NONE', *, *, #7956, .F. ) ;
#7325 = CARTESIAN_POINT ( 'NONE',  ( -4.700000000000001954, 8.149999999999998579, -3.135000000000000231 ) ) ;
#7326 = VECTOR ( 'NONE', #8445, 1000.000000000000000 ) ;
#7327 = VECTOR ( 'NONE', #7770, 1000.000000000000000 ) ;
#7328 = EDGE_LOOP ( 'NONE', ( #4787, #4248, #7947, #7576 ) ) ;
#7329 = DIRECTION ( 'NONE',  ( 0.000000000000000000, 0.000000000000000000, 1.000000000000000000 ) ) ;
#7330 = DIRECTION ( 'NONE',  ( 1.000000000000000000, 0.000000000000000000, 0.000000000000000000 ) ) ;
#7331 = VERTEX_POINT ( 'NONE', #3352 ) ;
#7332 = LINE ( 'NONE', #6685, #5456 ) ;
#7333 = FACE_OUTER_BOUND ( 'NONE', #3987, .T. ) ;
#7334 = ORIENTED_EDGE ( 'NONE', *, *, #4468, .F. ) ;
#7335 = LINE ( 'NONE', #8818, #8660 ) ;
#7336 = ORIENTED_EDGE ( 'NONE', *, *, #6273, .F. ) ;
#7337 = ADVANCED_FACE ( 'NONE', ( #6784, #6231 ), #9007, .F. ) ;
#7338 = LINE ( 'NONE', #244, #8176 ) ;
#7339 = EDGE_CURVE ( 'NONE', #1531, #2632, #6038, .T. ) ;
#7340 = DIRECTION ( 'NONE',  ( 0.000000000000000000, 0.000000000000000000, -1.000000000000000000 ) ) ;
#7341 = CARTESIAN_POINT ( 'NONE',  ( -15.17000000000000171, -1.275000000000000133, 2.020000000000000018 ) ) ;
#7342 = EDGE_LOOP ( 'NONE', ( #4803, #7445, #5245, #3826, #8274 ) ) ;
#7343 = DIRECTION ( 'NONE',  ( 0.000000000000000000, 0.000000000000000000, 1.000000000000000000 ) ) ;
#7344 = ORIENTED_EDGE ( 'NONE', *, *, #4997, .T. ) ;
#7345 = CARTESIAN_POINT ( 'NONE',  ( -8.880000000000002558, 7.500000000000000000, -0.1200000000000000094 ) ) ;
#7346 = ORIENTED_EDGE ( 'NONE', *, *, #6031, .T. ) ;
#7347 = ORIENTED_EDGE ( 'NONE', *, *, #4056, .T. ) ;
#7348 = VECTOR ( 'NONE', #4763, 1000.000000000000000 ) ;
#7349 = VECTOR ( 'NONE', #2208, 1000.000000000000000 ) ;
#7350 = PLANE ( 'NONE',  #1623 ) ;
#7351 = DIRECTION ( 'NONE',  ( 1.000000000000000000, 0.000000000000000000, 0.000000000000000000 ) ) ;
#7352 = LINE ( 'NONE', #2303, #7042 ) ;
#7353 = ORIENTED_EDGE ( 'NONE', *, *, #6368, .T. ) ;
#7354 = EDGE_CURVE ( 'NONE', #5392, #2006, #6831, .T. ) ;
#7355 = VECTOR ( 'NONE', #2821, 1000.000000000000000 ) ;
#7356 = ORIENTED_EDGE ( 'NONE', *, *, #1107, .T. ) ;
#7357 = ORIENTED_EDGE ( 'NONE', *, *, #3824, .F. ) ;
#7358 = PLANE ( 'NONE',  #3103 ) ;
#7359 = DIRECTION ( 'NONE',  ( 0.000000000000000000, 1.000000000000000000, 0.000000000000000000 ) ) ;
#7360 = AXIS2_PLACEMENT_3D ( 'NONE', #401, #6755, #3236 ) ;
#7361 = LINE ( 'NONE', #3145, #960 ) ;
#7362 = CARTESIAN_POINT ( 'NONE',  ( 3.269999999999998685, 2.699999999999999734, -0.04250000000000000305 ) ) ;
#7363 = AXIS2_PLACEMENT_3D ( 'NONE', #1299, #1524, #1613 ) ;
#7364 = VECTOR ( 'NONE', #1260, 1000.000000000000000 ) ;
#7365 = FACE_OUTER_BOUND ( 'NONE', #4140, .T. ) ;
#7366 = VECTOR ( 'NONE', #2205, 1000.000000000000000 ) ;
#7367 = FACE_OUTER_BOUND ( 'NONE', #6857, .T. ) ;
#7368 = VERTEX_POINT ( 'NONE', #476 ) ;
#7369 = DIRECTION ( 'NONE',  ( 0.000000000000000000, -1.000000000000000000, 0.000000000000000000 ) ) ;
#7370 = FACE_OUTER_BOUND ( 'NONE', #1673, .T. ) ;
#7371 = DIRECTION ( 'NONE',  ( 0.000000000000000000, 0.000000000000000000, -1.000000000000000000 ) ) ;
#7372 = ORIENTED_EDGE ( 'NONE', *, *, #2871, .T. ) ;
#7373 = EDGE_CURVE ( 'NONE', #3525, #3121, #2655, .T. ) ;
#7374 = DIRECTION ( 'NONE',  ( -1.000000000000000000, 0.000000000000000000, 0.000000000000000000 ) ) ;
#7375 = AXIS2_PLACEMENT_3D ( 'NONE', #6970, #705, #7109 ) ;
#7376 = EDGE_LOOP ( 'NONE', ( #4709, #1946, #2633, #8736 ) ) ;
#7377 = CARTESIAN_POINT ( 'NONE',  ( 0.3199999999999982303, 0.6999999999999992895, 0.8750000000000000000 ) ) ;
#7378 = LINE ( 'NONE', #8068, #2326 ) ;
#7379 = ORIENTED_EDGE ( 'NONE', *, *, #2301, .T. ) ;
#7380 = CARTESIAN_POINT ( 'NONE',  ( -12.32000000000000028, 1.349999999999999645, 1.680000000000000160 ) ) ;
#7381 = DIRECTION ( 'NONE',  ( -0.9486832980505238710, -0.3162277660168079652, -0.000000000000000000 ) ) ;
#7382 = ORIENTED_EDGE ( 'NONE', *, *, #3429, .F. ) ;
#7383 = DIRECTION ( 'NONE',  ( 0.000000000000000000, 0.000000000000000000, -1.000000000000000000 ) ) ;
#7384 = VECTOR ( 'NONE', #2175, 1000.000000000000000 ) ;
#7385 = ORIENTED_EDGE ( 'NONE', *, *, #6703, .T. ) ;
#7386 = VECTOR ( 'NONE', #6118, 1000.000000000000114 ) ;
#7387 = LINE ( 'NONE', #8129, #5364 ) ;
#7388 = VECTOR ( 'NONE', #3354, 1000.000000000000000 ) ;
#7389 = CARTESIAN_POINT ( 'NONE',  ( -14.38500000000000156, 1.849999999999999645, 1.916979166667000190 ) ) ;
#7390 = LINE ( 'NONE', #1042, #8553 ) ;
#7391 = ORIENTED_EDGE ( 'NONE', *, *, #5000, .F. ) ;
#7392 = ADVANCED_FACE ( 'NONE', ( #5342 ), #378, .T. ) ;
#7393 = PLANE ( 'NONE',  #1280 ) ;
#7394 = VECTOR ( 'NONE', #210, 1000.000000000000000 ) ;
#7395 = ORIENTED_EDGE ( 'NONE', *, *, #6528, .F. ) ;
#7396 = DIRECTION ( 'NONE',  ( 1.000000000000000000, 0.000000000000000000, 0.000000000000000000 ) ) ;
#7397 = ADVANCED_FACE ( 'NONE', ( #8166 ), #6133, .T. ) ;
#7398 = EDGE_LOOP ( 'NONE', ( #3462, #8830, #6007, #5647 ) ) ;
#7399 = ORIENTED_EDGE ( 'NONE', *, *, #5916, .T. ) ;
#7400 = EDGE_CURVE ( 'NONE', #8306, #204, #4741, .T. ) ;
#7401 = DIRECTION ( 'NONE',  ( -1.000000000000000000, 0.000000000000000000, 0.000000000000000000 ) ) ;
#7402 = DIRECTION ( 'NONE',  ( 0.000000000000000000, -1.000000000000000000, 0.000000000000000000 ) ) ;
#7403 = DIRECTION ( 'NONE',  ( 1.000000000000000000, 0.000000000000000000, 0.000000000000000000 ) ) ;
#7404 = VERTEX_POINT ( 'NONE', #3209 ) ;
#7405 = EDGE_LOOP ( 'NONE', ( #8081, #287, #7043, #6997 ) ) ;
#7406 = DIRECTION ( 'NONE',  ( 0.3015113445777909407, -0.9045340337332726799, -0.3015113445777909407 ) ) ;
#7407 = FACE_OUTER_BOUND ( 'NONE', #6292, .T. ) ;
#7408 = EDGE_CURVE ( 'NONE', #8673, #2619, #2519, .T. ) ;
#7409 = DIRECTION ( 'NONE',  ( -1.000000000000000000, 0.000000000000000000, 0.000000000000000000 ) ) ;
#7410 = CARTESIAN_POINT ( 'NONE',  ( -0.7500000000000015543, 1.849999999999999645, 1.930000000000000160 ) ) ;
#7411 = EDGE_CURVE ( 'NONE', #3746, #357, #1816, .T. ) ;
#7412 = CARTESIAN_POINT ( 'NONE',  ( -9.320000000000002061, 0.6699999999999995959, 1.270000000000000018 ) ) ;
#7413 = VECTOR ( 'NONE', #234, 1000.000000000000000 ) ;
#7414 = DIRECTION ( 'NONE',  ( 0.000000000000000000, 0.000000000000000000, -1.000000000000000000 ) ) ;
#7415 = VERTEX_POINT ( 'NONE', #4927 ) ;
#7416 = PLANE ( 'NONE',  #4422 ) ;
#7417 = DIRECTION ( 'NONE',  ( 0.000000000000000000, -1.000000000000000000, 0.000000000000000000 ) ) ;
#7418 = LINE ( 'NONE', #2976, #6145 ) ;
#7419 = VERTEX_POINT ( 'NONE', #6452 ) ;
#7420 = DIRECTION ( 'NONE',  ( 0.000000000000000000, -1.000000000000000000, 0.000000000000000000 ) ) ;
#7421 = ORIENTED_EDGE ( 'NONE', *, *, #836, .T. ) ;
#7422 = PLANE ( 'NONE',  #5489 ) ;
#7423 = DIRECTION ( 'NONE',  ( 1.000000000000000000, 0.000000000000000000, 0.000000000000000000 ) ) ;
#7424 = ORIENTED_EDGE ( 'NONE', *, *, #2618, .F. ) ;
#7425 = DIRECTION ( 'NONE',  ( -1.000000000000000000, 0.000000000000000000, 0.000000000000000000 ) ) ;
#7426 = CARTESIAN_POINT ( 'NONE',  ( 0.3199999999999982303, 0.6699999999999995959, 1.270000000000000018 ) ) ;
#7427 = VERTEX_POINT ( 'NONE', #4969 ) ;
#7428 = LINE ( 'NONE', #6556, #4810 ) ;
#7429 = ORIENTED_EDGE ( 'NONE', *, *, #579, .T. ) ;
#7430 = PRODUCT_RELATED_PRODUCT_CATEGORY ( 'part', '', ( #6078 ) ) ;
#7431 = ORIENTED_EDGE ( 'NONE', *, *, #58, .F. ) ;
#7432 = ADVANCED_FACE ( 'NONE', ( #1490 ), #5620, .T. ) ;
#7433 = CARTESIAN_POINT ( 'NONE',  ( -11.68000000000000327, 1.349999999999999645, -1.050000000000000044 ) ) ;
#7434 = VECTOR ( 'NONE', #3958, 1000.000000000000000 ) ;
#7435 = VECTOR ( 'NONE', #6272, 1000.000000000000000 ) ;
#7436 = EDGE_CURVE ( 'NONE', #4564, #3916, #7799, .T. ) ;
#7437 = CARTESIAN_POINT ( 'NONE',  ( -10.75000000000000178, 3.299999999999999378, 1.250000000000000000 ) ) ;
#7438 = DIRECTION ( 'NONE',  ( 0.000000000000000000, 1.000000000000000000, 0.000000000000000000 ) ) ;
#7439 = EDGE_LOOP ( 'NONE', ( #5217, #6336, #2816, #1311 ) ) ;
#7440 = CARTESIAN_POINT ( 'NONE',  ( -15.32000000000000206, 0.6699999999999995959, -1.270000000000000018 ) ) ;
#7441 = ORIENTED_EDGE ( 'NONE', *, *, #1619, .F. ) ;
#7442 = CARTESIAN_POINT ( 'NONE',  ( -5.680000000000001492, 0.6999999999999992895, -1.050000000000000044 ) ) ;
#7443 = VECTOR ( 'NONE', #2499, 1000.000000000000000 ) ;
#7444 = VERTEX_POINT ( 'NONE', #5704 ) ;
#7445 = ORIENTED_EDGE ( 'NONE', *, *, #3108, .T. ) ;
#7446 = LINE ( 'NONE', #1096, #7704 ) ;
#7447 = CARTESIAN_POINT ( 'NONE',  ( -8.680000000000001492, 1.349999999999999645, -1.930000000000000160 ) ) ;
#7448 = CARTESIAN_POINT ( 'NONE',  ( 2.384999999999998010, 1.849999999999999645, 1.680000000000000160 ) ) ;
#7449 = FACE_BOUND ( 'NONE', #7342, .T. ) ;
#7450 = EDGE_LOOP ( 'NONE', ( #5543, #4314, #6037, #6687 ) ) ;
#7451 = ORIENTED_EDGE ( 'NONE', *, *, #4390, .T. ) ;
#7452 = DIRECTION ( 'NONE',  ( 0.000000000000000000, 0.000000000000000000, -1.000000000000000000 ) ) ;
#7453 = DIRECTION ( 'NONE',  ( 0.000000000000000000, 0.000000000000000000, -1.000000000000000000 ) ) ;
#7454 = LINE ( 'NONE', #674, #3035 ) ;
#7455 = CARTESIAN_POINT ( 'NONE',  ( -15.32000000000000206, 0.6699999999999995959, -1.270000000000000018 ) ) ;
#7456 = ADVANCED_FACE ( 'NONE', ( #7758 ), #4315, .T. ) ;
#7457 = FACE_OUTER_BOUND ( 'NONE', #2707, .T. ) ;
#7458 = EDGE_CURVE ( 'NONE', #4990, #9063, #9094, .T. ) ;
#7459 = PLANE ( 'NONE',  #4532 ) ;
#7460 = VERTEX_POINT ( 'NONE', #2184 ) ;
#7461 = LINE ( 'NONE', #1901, #5606 ) ;
#7462 = EDGE_CURVE ( 'NONE', #2667, #6971, #8452, .T. ) ;
#7463 = CARTESIAN_POINT ( 'NONE',  ( -0.3200000000000017275, 1.349999999999999645, -1.930000000000000160 ) ) ;
#7464 = DIRECTION ( 'NONE',  ( 0.000000000000000000, 0.000000000000000000, 1.000000000000000000 ) ) ;
#7465 = DIRECTION ( 'NONE',  ( -0.3015113445777909407, 0.9045340337332726799, -0.3015113445777909407 ) ) ;
#7466 = ORIENTED_EDGE ( 'NONE', *, *, #8964, .F. ) ;
#7467 = DIRECTION ( 'NONE',  ( 0.000000000000000000, -1.000000000000000000, 0.000000000000000000 ) ) ;
#7468 = FACE_OUTER_BOUND ( 'NONE', #71, .T. ) ;
#7469 = EDGE_LOOP ( 'NONE', ( #6415, #3026, #684, #6992 ) ) ;
#7470 = DIRECTION ( 'NONE',  ( 0.000000000000000000, -1.000000000000000000, 0.000000000000000000 ) ) ;
#7471 = DIRECTION ( 'NONE',  ( -1.000000000000000000, 0.000000000000000000, 0.000000000000000000 ) ) ;
#7472 = ORIENTED_EDGE ( 'NONE', *, *, #432, .T. ) ;
#7473 = CARTESIAN_POINT ( 'NONE',  ( -13.92000000000000171, 9.899999999999998579, 1.930000000000000160 ) ) ;
#7474 = VERTEX_POINT ( 'NONE', #2845 ) ;
#7475 = VECTOR ( 'NONE', #5942, 1000.000000000000000 ) ;
#7476 = VECTOR ( 'NONE', #5537, 1000.000000000000000 ) ;
#7477 = ORIENTED_EDGE ( 'NONE', *, *, #8882, .F. ) ;
#7478 = DIRECTION ( 'NONE',  ( 0.3015113445777909407, 0.9045340337332726799, 0.3015113445777909407 ) ) ;
#7479 = CARTESIAN_POINT ( 'NONE',  ( -3.320000000000001616, 0.6699999999999995959, -1.270000000000000018 ) ) ;
#7480 = CARTESIAN_POINT ( 'NONE',  ( -15.32000000000000206, 0.6699999999999995959, -1.270000000000000018 ) ) ;
#7481 = LINE ( 'NONE', #488, #6779 ) ;
#7482 = ORIENTED_EDGE ( 'NONE', *, *, #198, .F. ) ;
#7483 = CARTESIAN_POINT ( 'NONE',  ( -7.750000000000001776, 9.899999999999998579, -1.250000000000000000 ) ) ;
#7484 = VERTEX_POINT ( 'NONE', #4228 ) ;
#7485 = EDGE_CURVE ( 'NONE', #345, #3312, #5663, .T. ) ;
#7486 = LINE ( 'NONE', #3827, #3793 ) ;
#7487 = ORIENTED_EDGE ( 'NONE', *, *, #5074, .T. ) ;
#7488 = ORIENTED_EDGE ( 'NONE', *, *, #4755, .F. ) ;
#7489 = EDGE_CURVE ( 'NONE', #8820, #2210, #7655, .T. ) ;
#7490 = CARTESIAN_POINT ( 'NONE',  ( 3.269999999999998685, 2.699999999999999734, 0.1137500000000000039 ) ) ;
#7491 = ADVANCED_FACE ( 'NONE', ( #4139 ), #8582, .T. ) ;
#7492 = LINE ( 'NONE', #8788, #735 ) ;
#7493 = CARTESIAN_POINT ( 'NONE',  ( 0.5499999999999983791, 9.899999999999998579, 1.250000000000000000 ) ) ;
#7494 =( NAMED_UNIT ( * ) PLANE_ANGLE_UNIT ( ) SI_UNIT ( $, .RADIAN. ) );
#7495 = CARTESIAN_POINT ( 'NONE',  ( -13.93500000000000050, 1.269999999999999352, 0.8750000000000000000 ) ) ;
#7496 = EDGE_LOOP ( 'NONE', ( #4065, #5337, #2952, #2251 ) ) ;
#7497 = ORIENTED_EDGE ( 'NONE', *, *, #1503, .F. ) ;
#7498 = DIRECTION ( 'NONE',  ( 0.000000000000000000, 0.000000000000000000, 1.000000000000000000 ) ) ;
#7499 = CARTESIAN_POINT ( 'NONE',  ( 1.934999999999997389, -8.673617379884035472E-16, -1.930000000000000160 ) ) ;
#7500 = AXIS2_PLACEMENT_3D ( 'NONE', #8829, #4658, #2481 ) ;
#7501 = VECTOR ( 'NONE', #6706, 1000.000000000000000 ) ;
#7502 = CARTESIAN_POINT ( 'NONE',  ( 3.319999999999998508, 0.6699999999999995959, 0.8750000000000000000 ) ) ;
#7503 = DIRECTION ( 'NONE',  ( 0.000000000000000000, 0.000000000000000000, -1.000000000000000000 ) ) ;
#7504 = AXIS2_PLACEMENT_3D ( 'NONE', #4012, #443, #6099 ) ;
#7505 = VECTOR ( 'NONE', #9107, 1000.000000000000000 ) ;
#7506 = DIRECTION ( 'NONE',  ( 0.000000000000000000, 1.000000000000000000, 0.000000000000000000 ) ) ;
#7507 = ORIENTED_EDGE ( 'NONE', *, *, #3942, .F. ) ;
#7508 = CARTESIAN_POINT ( 'NONE',  ( -7.300000000000001599, 7.399999999999999467, -2.435000000000000053 ) ) ;
#7509 = ADVANCED_FACE ( 'NONE', ( #4275 ), #7061, .T. ) ;
#7510 = VECTOR ( 'NONE', #2788, 1000.000000000000000 ) ;
#7511 = CARTESIAN_POINT ( 'NONE',  ( -12.12000000000000277, 7.500000000000000000, -0.1200000000000000094 ) ) ;
#7512 = CARTESIAN_POINT ( 'NONE',  ( -3.320000000000001616, 4.949999999999999289, 0.000000000000000000 ) ) ;
#7513 = AXIS2_PLACEMENT_3D ( 'NONE', #4354, #5365, #1622 ) ;
#7514 = EDGE_CURVE ( 'NONE', #539, #7570, #611, .T. ) ;
#7515 = EDGE_CURVE ( 'NONE', #8275, #3321, #3546, .T. ) ;
#7516 = DIRECTION ( 'NONE',  ( 0.000000000000000000, 0.000000000000000000, -1.000000000000000000 ) ) ;
#7517 = CARTESIAN_POINT ( 'NONE',  ( -15.32000000000000206, -8.673617379884035472E-16, -1.270000000000000018 ) ) ;
#7518 = VECTOR ( 'NONE', #5854, 1000.000000000000000 ) ;
#7519 = AXIS2_PLACEMENT_3D ( 'NONE', #7463, #3061, #5281 ) ;
#7520 = DIRECTION ( 'NONE',  ( -0.000000000000000000, 1.000000000000000000, 0.000000000000000000 ) ) ;
#7521 = VERTEX_POINT ( 'NONE', #4882 ) ;
#7522 = FACE_OUTER_BOUND ( 'NONE', #1932, .T. ) ;
#7523 = LINE ( 'NONE', #7051, #3560 ) ;
#7524 = VERTEX_POINT ( 'NONE', #7 ) ;
#7525 = LINE ( 'NONE', #4047, #1336 ) ;
#7526 = DIRECTION ( 'NONE',  ( 1.000000000000000000, 0.000000000000000000, 0.000000000000000000 ) ) ;
#7527 = ORIENTED_EDGE ( 'NONE', *, *, #8005, .F. ) ;
#7528 = ORIENTED_EDGE ( 'NONE', *, *, #579, .F. ) ;
#7529 = VECTOR ( 'NONE', #7146, 1000.000000000000000 ) ;
#7530 = DIRECTION ( 'NONE',  ( 0.000000000000000000, -1.000000000000000000, 0.000000000000000000 ) ) ;
#7531 = ORIENTED_EDGE ( 'NONE', *, *, #6416, .T. ) ;
#7532 = LINE ( 'NONE', #8884, #1289 ) ;
#7533 = VECTOR ( 'NONE', #8724, 1000.000000000000114 ) ;
#7534 = LINE ( 'NONE', #4837, #1741 ) ;
#7535 = EDGE_LOOP ( 'NONE', ( #3862, #7336, #7395, #7554 ) ) ;
#7536 = CARTESIAN_POINT ( 'NONE',  ( -0.3200000000000017275, 0.6999999999999992895, 0.8750000000000000000 ) ) ;
#7537 = ORIENTED_EDGE ( 'NONE', *, *, #6238, .T. ) ;
#7538 = CARTESIAN_POINT ( 'NONE',  ( -5.680000000000001492, 0.6699999999999995959, 1.270000000000000018 ) ) ;
#7539 = ORIENTED_EDGE ( 'NONE', *, *, #856, .T. ) ;
#7540 = ORIENTED_EDGE ( 'NONE', *, *, #7665, .T. ) ;
#7541 = CARTESIAN_POINT ( 'NONE',  ( 3.319999999999998508, 1.449999999999999512, -0.04250000000000000305 ) ) ;
#7542 = LINE ( 'NONE', #4847, #5614 ) ;
#7543 = VECTOR ( 'NONE', #6271, 1000.000000000000000 ) ;
#7544 = PLANE ( 'NONE',  #8130 ) ;
#7545 = AXIS2_PLACEMENT_3D ( 'NONE', #8072, #2520, #2329 ) ;
#7546 = CARTESIAN_POINT ( 'NONE',  ( -11.68000000000000327, -8.673617379884035472E-16, -1.270000000000000018 ) ) ;
#7547 = ORIENTED_EDGE ( 'NONE', *, *, #2753, .F. ) ;
#7548 = ORIENTED_EDGE ( 'NONE', *, *, #5973, .T. ) ;
#7549 = LINE ( 'NONE', #8899, #3648 ) ;
#7550 = LINE ( 'NONE', #4579, #1583 ) ;
#7551 = EDGE_CURVE ( 'NONE', #68, #5640, #2746, .T. ) ;
#7552 = CARTESIAN_POINT ( 'NONE',  ( -0.3200000000000017275, 1.349999999999999645, -1.930000000000000160 ) ) ;
#7553 = EDGE_CURVE ( 'NONE', #6, #1464, #5568, .T. ) ;
#7554 = ORIENTED_EDGE ( 'NONE', *, *, #1649, .T. ) ;
#7555 = CARTESIAN_POINT ( 'NONE',  ( -5.680000000000001492, -2.580000000000000515, 0.3200000000000000067 ) ) ;
#7556 = ORIENTED_EDGE ( 'NONE', *, *, #4320, .F. ) ;
#7557 = DIRECTION ( 'NONE',  ( 0.000000000000000000, 0.000000000000000000, -1.000000000000000000 ) ) ;
#7558 = DIRECTION ( 'NONE',  ( 0.000000000000000000, 0.000000000000000000, 1.000000000000000000 ) ) ;
#7559 = LINE ( 'NONE', #6775, #9115 ) ;
#7560 = LINE ( 'NONE', #6726, #3550 ) ;
#7561 = CARTESIAN_POINT ( 'NONE',  ( -10.25000000000000178, 9.049999999999998934, 1.930000000000000160 ) ) ;
#7562 = DIRECTION ( 'NONE',  ( 0.000000000000000000, 0.000000000000000000, -1.000000000000000000 ) ) ;
#7563 = ORIENTED_EDGE ( 'NONE', *, *, #692, .T. ) ;
#7565 = ADVANCED_FACE ( 'NONE', ( #6319 ), #8495, .F. ) ;
#7564 = PLANE ( 'NONE',  #3975 ) ;
#7566 = EDGE_CURVE ( 'NONE', #356, #345, #2884, .T. ) ;
#7567 = ORIENTED_EDGE ( 'NONE', *, *, #5590, .F. ) ;
#7568 = CARTESIAN_POINT ( 'NONE',  ( -9.320000000000002061, 1.349999999999999645, -1.930000000000000160 ) ) ;
#7569 = CARTESIAN_POINT ( 'NONE',  ( -11.68000000000000327, 1.269999999999999352, -0.8750000000000000000 ) ) ;
#7570 = VERTEX_POINT ( 'NONE', #833 ) ;
#7571 = ORIENTED_EDGE ( 'NONE', *, *, #1965, .T. ) ;
#7572 = ADVANCED_FACE ( 'NONE', ( #7927 ), #4491, .F. ) ;
#7573 = EDGE_CURVE ( 'NONE', #6026, #3167, #7185, .T. ) ;
#7574 = DIRECTION ( 'NONE',  ( -0.8869140841669709285, 0.000000000000000000, -0.4619344188369849391 ) ) ;
#7575 = CARTESIAN_POINT ( 'NONE',  ( -15.32000000000000206, 0.6699999999999995959, -0.8750000000000000000 ) ) ;
#7576 = ORIENTED_EDGE ( 'NONE', *, *, #203, .F. ) ;
#7577 = DIRECTION ( 'NONE',  ( 0.000000000000000000, 0.000000000000000000, -1.000000000000000000 ) ) ;
#7578 = ORIENTED_EDGE ( 'NONE', *, *, #7411, .F. ) ;
#7579 = ORIENTED_EDGE ( 'NONE', *, *, #4207, .T. ) ;
#7580 = ORIENTED_EDGE ( 'NONE', *, *, #3468, .F. ) ;
#7581 = VECTOR ( 'NONE', #3562, 1000.000000000000114 ) ;
#7582 = DIRECTION ( 'NONE',  ( 1.000000000000000000, 0.000000000000000000, 0.000000000000000000 ) ) ;
#7583 = DIRECTION ( 'NONE',  ( 0.000000000000000000, 0.000000000000000000, 1.000000000000000000 ) ) ;
#7584 = VECTOR ( 'NONE', #505, 1000.000000000000000 ) ;
#7585 = FACE_OUTER_BOUND ( 'NONE', #7535, .T. ) ;
#7586 = VERTEX_POINT ( 'NONE', #320 ) ;
#7587 = ORIENTED_EDGE ( 'NONE', *, *, #2650, .F. ) ;
#7588 = ORIENTED_EDGE ( 'NONE', *, *, #9056, .F. ) ;
#7589 = DIRECTION ( 'NONE',  ( -1.000000000000000000, 0.000000000000000000, 0.000000000000000000 ) ) ;
#7590 = LINE ( 'NONE', #6736, #8216 ) ;
#7591 = ADVANCED_FACE ( 'NONE', ( #3015 ), #3714, .T. ) ;
#7592 = ORIENTED_EDGE ( 'NONE', *, *, #8170, .T. ) ;
#7593 = EDGE_LOOP ( 'NONE', ( #8095, #8400, #1424, #2597 ) ) ;
#7594 = CARTESIAN_POINT ( 'NONE',  ( -1.750000000000001554, 9.049999999999998934, 2.429999999999999716 ) ) ;
#7595 = ORIENTED_EDGE ( 'NONE', *, *, #2563, .F. ) ;
#7596 = EDGE_CURVE ( 'NONE', #5451, #1602, #6498, .T. ) ;
#7597 = PLANE ( 'NONE',  #4245 ) ;
#7598 = ORIENTED_EDGE ( 'NONE', *, *, #1705, .F. ) ;
#7599 = CARTESIAN_POINT ( 'NONE',  ( -15.32000000000000206, -8.673617379884035472E-16, 2.469999999999999751 ) ) ;
#7600 = DIRECTION ( 'NONE',  ( 0.000000000000000000, 0.000000000000000000, -1.000000000000000000 ) ) ;
#7601 = PLANE ( 'NONE',  #5847 ) ;
#7602 = CARTESIAN_POINT ( 'NONE',  ( 1.934999999999997389, 1.699999999999999734, -1.930000000000000160 ) ) ;
#7603 = EDGE_CURVE ( 'NONE', #2883, #7813, #884, .T. ) ;
#7604 = EDGE_CURVE ( 'NONE', #4567, #4287, #7238, .T. ) ;
#7605 = DIRECTION ( 'NONE',  ( -0.7071067811865474617, 0.7071067811865474617, 0.000000000000000000 ) ) ;
#7606 = EDGE_CURVE ( 'NONE', #4336, #5640, #4406, .T. ) ;
#7607 = DIRECTION ( 'NONE',  ( -1.000000000000000000, 0.000000000000000000, 0.000000000000000000 ) ) ;
#7608 = ORIENTED_EDGE ( 'NONE', *, *, #432, .F. ) ;
#7609 = DIRECTION ( 'NONE',  ( -0.3015113445777909407, 0.9045340337332726799, 0.3015113445777909407 ) ) ;
#7610 = ORIENTED_EDGE ( 'NONE', *, *, #5185, .T. ) ;
#7611 = PLANE ( 'NONE',  #3841 ) ;
#7612 = CARTESIAN_POINT ( 'NONE',  ( 0.3199999999999982303, 0.6999999999999992895, -0.8750000000000000000 ) ) ;
#7613 = EDGE_LOOP ( 'NONE', ( #8625, #7821, #7198, #1276 ) ) ;
#7614 = ORIENTED_EDGE ( 'NONE', *, *, #371, .F. ) ;
#7615 = LINE ( 'NONE', #8268, #1145 ) ;
#7616 = DIRECTION ( 'NONE',  ( -0.3162277660168079652, 0.9486832980505238710, 0.000000000000000000 ) ) ;
#7617 = AXIS2_PLACEMENT_3D ( 'NONE', #4972, #2930, #2233 ) ;
#7618 = ORIENTED_EDGE ( 'NONE', *, *, #5277, .F. ) ;
#7619 = LINE ( 'NONE', #5492, #1146 ) ;
#7620 = ORIENTED_EDGE ( 'NONE', *, *, #5110, .F. ) ;
#7621 = EDGE_CURVE ( 'NONE', #183, #3178, #2316, .T. ) ;
#7622 = ORIENTED_EDGE ( 'NONE', *, *, #4800, .T. ) ;
#7623 = VERTEX_POINT ( 'NONE', #2366 ) ;
#7624 = EDGE_CURVE ( 'NONE', #4026, #4184, #5972, .T. ) ;
#7625 = CARTESIAN_POINT ( 'NONE',  ( -6.320000000000002061, -8.673617379884035472E-16, -1.930000000000000160 ) ) ;
#7626 = DIRECTION ( 'NONE',  ( -1.000000000000000000, 0.000000000000000000, 0.000000000000000000 ) ) ;
#7627 = VECTOR ( 'NONE', #2584, 1000.000000000000000 ) ;
#7628 =( NAMED_UNIT ( * ) SI_UNIT ( $, .STERADIAN. ) SOLID_ANGLE_UNIT ( ) );
#7629 = PLANE ( 'NONE',  #7221 ) ;
#7630 = ORIENTED_EDGE ( 'NONE', *, *, #3076, .T. ) ;
#7631 = VERTEX_POINT ( 'NONE', #8719 ) ;
#7632 = ORIENTED_EDGE ( 'NONE', *, *, #6913, .T. ) ;
#7633 = DIRECTION ( 'NONE',  ( 0.000000000000000000, 0.000000000000000000, 1.000000000000000000 ) ) ;
#7634 = FACE_OUTER_BOUND ( 'NONE', #8165, .T. ) ;
#7635 = ORIENTED_EDGE ( 'NONE', *, *, #7458, .T. ) ;
#7636 = ORIENTED_EDGE ( 'NONE', *, *, #7400, .F. ) ;
#7637 = CARTESIAN_POINT ( 'NONE',  ( 1.919999999999998153, 9.899999999999998579, 1.930000000000000160 ) ) ;
#7638 = EDGE_CURVE ( 'NONE', #8700, #2011, #3107, .T. ) ;
#7639 = VECTOR ( 'NONE', #6255, 1000.000000000000000 ) ;
#7640 = VECTOR ( 'NONE', #8668, 1000.000000000000000 ) ;
#7641 = ORIENTED_EDGE ( 'NONE', *, *, #3184, .F. ) ;
#7642 = DIRECTION ( 'NONE',  ( 0.000000000000000000, 1.000000000000000000, 0.000000000000000000 ) ) ;
#7643 = VERTEX_POINT ( 'NONE', #8626 ) ;
#7644 = DIRECTION ( 'NONE',  ( 1.000000000000000000, 0.000000000000000000, 0.000000000000000000 ) ) ;
#7645 = EDGE_CURVE ( 'NONE', #4795, #1665, #5192, .T. ) ;
#7646 = CARTESIAN_POINT ( 'NONE',  ( -12.12000000000000277, 7.500000000000000000, -0.1200000000000000094 ) ) ;
#7647 = DIRECTION ( 'NONE',  ( -1.000000000000000000, 0.000000000000000000, 0.000000000000000000 ) ) ;
#7648 = CARTESIAN_POINT ( 'NONE',  ( -8.680000000000001492, 7.500000000000000000, 0.3200000000000000067 ) ) ;
#7649 = VECTOR ( 'NONE', #8969, 1000.000000000000000 ) ;
#7650 = AXIS2_PLACEMENT_3D ( 'NONE', #2760, #9061, #3318 ) ;
#7651 = DIRECTION ( 'NONE',  ( 0.000000000000000000, 0.000000000000000000, 1.000000000000000000 ) ) ;
#7652 = CARTESIAN_POINT ( 'NONE',  ( -10.25000000000000178, 1.849999999999999645, 1.930000000000000160 ) ) ;
#7653 = AXIS2_PLACEMENT_3D ( 'NONE', #2495, #4629, #6163 ) ;
#7654 = ORIENTED_EDGE ( 'NONE', *, *, #6448, .T. ) ;
#7655 = LINE ( 'NONE', #8531, #7966 ) ;
#7656 = VECTOR ( 'NONE', #6589, 1000.000000000000000 ) ;
#7657 = EDGE_LOOP ( 'NONE', ( #4162, #7472, #4781, #4771, #3281, #3768, #448, #7385 ) ) ;
#7658 = ADVANCED_FACE ( 'NONE', ( #4537 ), #1662, .T. ) ;
#7659 = CARTESIAN_POINT ( 'NONE',  ( 3.319999999999998508, -8.673617379884035472E-16, 1.570000000000000062 ) ) ;
#7660 = LINE ( 'NONE', #1866, #8055 ) ;
#7661 = ORIENTED_EDGE ( 'NONE', *, *, #3335, .F. ) ;
#7662 = VERTEX_POINT ( 'NONE', #3799 ) ;
#7663 = VECTOR ( 'NONE', #7873, 1000.000000000000114 ) ;
#7664 = VECTOR ( 'NONE', #8371, 1000.000000000000000 ) ;
#7665 = EDGE_CURVE ( 'NONE', #3718, #1944, #141, .T. ) ;
#7666 = VECTOR ( 'NONE', #5424, 1000.000000000000000 ) ;
#7667 = DIRECTION ( 'NONE',  ( 0.7071067811865474617, 0.7071067811865474617, 0.000000000000000000 ) ) ;
#7668 = DIRECTION ( 'NONE',  ( 1.000000000000000000, 0.000000000000000000, 0.000000000000000000 ) ) ;
#7669 = ORIENTED_EDGE ( 'NONE', *, *, #6718, .F. ) ;
#7670 = DIRECTION ( 'NONE',  ( 0.000000000000000000, -1.000000000000000000, 0.000000000000000000 ) ) ;
#7671 = ORIENTED_EDGE ( 'NONE', *, *, #8608, .F. ) ;
#7672 = VECTOR ( 'NONE', #4792, 1000.000000000000000 ) ;
#7673 = EDGE_LOOP ( 'NONE', ( #7743, #4517, #3217, #1610, #6895 ) ) ;
#7674 = DIRECTION ( 'NONE',  ( 0.000000000000000000, 0.000000000000000000, 1.000000000000000000 ) ) ;
#7675 = ORIENTED_EDGE ( 'NONE', *, *, #5728, .F. ) ;
#7676 = LINE ( 'NONE', #7541, #3411 ) ;
#7677 = DIRECTION ( 'NONE',  ( -0.6092076990801816860, -0.5076730825667846725, 0.6092076990801816860 ) ) ;
#7678 = CIRCLE ( 'NONE', #5010, 0.5000000000000000000 ) ;
#7679 = VECTOR ( 'NONE', #3019, 1000.000000000000000 ) ;
#7680 = EDGE_CURVE ( 'NONE', #3227, #7112, #7277, .T. ) ;
#7681 = CARTESIAN_POINT ( 'NONE',  ( -11.68000000000000327, 0.6999999999999992895, -0.8750000000000000000 ) ) ;
#7682 = DIRECTION ( 'NONE',  ( -0.6401843996644798196, -0.7682212795973758501, -0.000000000000000000 ) ) ;
#7683 = ORIENTED_EDGE ( 'NONE', *, *, #6869, .F. ) ;
#7684 = ORIENTED_EDGE ( 'NONE', *, *, #203, .T. ) ;
#7685 = EDGE_CURVE ( 'NONE', #2907, #6608, #926, .T. ) ;
#7686 = VERTEX_POINT ( 'NONE', #6579 ) ;
#7687 = CARTESIAN_POINT ( 'NONE',  ( -3.320000000000001616, 0.6999999999999992895, 0.3200000000000000067 ) ) ;
#7688 = ADVANCED_FACE ( 'NONE', ( #1532 ), #1019, .T. ) ;
#7689 = DIRECTION ( 'NONE',  ( 0.000000000000000000, 0.000000000000000000, -1.000000000000000000 ) ) ;
#7690 = ADVANCED_FACE ( 'NONE', ( #6824 ), #7416, .T. ) ;
#7691 = VERTEX_POINT ( 'NONE', #2448 ) ;
#7692 = ORIENTED_EDGE ( 'NONE', *, *, #8069, .F. ) ;
#7693 = AXIS2_PLACEMENT_3D ( 'NONE', #4103, #1885, #4061 ) ;
#7694 = VECTOR ( 'NONE', #7321, 1000.000000000000114 ) ;
#7695 = DIRECTION ( 'NONE',  ( 0.000000000000000000, -1.000000000000000000, 0.000000000000000000 ) ) ;
#7696 = VECTOR ( 'NONE', #7406, 1000.000000000000114 ) ;
#7697 = ADVANCED_FACE ( 'NONE', ( #8294 ), #3938, .T. ) ;
#7698 = AXIS2_PLACEMENT_3D ( 'NONE', #3458, #2754, #665 ) ;
#7699 = EDGE_LOOP ( 'NONE', ( #5954, #2551, #1100, #5347 ) ) ;
#7700 = EDGE_CURVE ( 'NONE', #5451, #3134, #2645, .T. ) ;
#7701 = CARTESIAN_POINT ( 'NONE',  ( -0.3200000000000017275, 1.269999999999999352, 0.8750000000000000000 ) ) ;
#7702 = DIRECTION ( 'NONE',  ( 0.000000000000000000, 0.000000000000000000, -1.000000000000000000 ) ) ;
#7703 = CARTESIAN_POINT ( 'NONE',  ( -5.680000000000001492, 0.6999999999999992895, 0.8750000000000000000 ) ) ;
#7704 = VECTOR ( 'NONE', #951, 1000.000000000000000 ) ;
#7705 = CARTESIAN_POINT ( 'NONE',  ( 1.919999999999998153, 9.899999999999998579, -1.930000000000000160 ) ) ;
#7706 = LINE ( 'NONE', #6269, #963 ) ;
#7707 = PLANE ( 'NONE',  #4475 ) ;
#7708 = CARTESIAN_POINT ( 'NONE',  ( -2.680000000000001936, 0.6999999999999992895, 0.3200000000000000067 ) ) ;
#7709 = EDGE_CURVE ( 'NONE', #6, #4694, #1947, .T. ) ;
#7710 = CARTESIAN_POINT ( 'NONE',  ( -10.25000000000000178, 3.299999999999999378, 1.250000000000000000 ) ) ;
#7711 = DIRECTION ( 'NONE',  ( 0.000000000000000000, 0.7659743427824879936, -0.6428711427641899956 ) ) ;
#7712 = PLANE ( 'NONE',  #3834 ) ;
#7713 = EDGE_CURVE ( 'NONE', #5262, #8483, #419, .T. ) ;
#7714 = ORIENTED_EDGE ( 'NONE', *, *, #5923, .T. ) ;
#7715 = DIRECTION ( 'NONE',  ( -1.000000000000000000, 0.000000000000000000, 0.000000000000000000 ) ) ;
#7716 = ORIENTED_EDGE ( 'NONE', *, *, #9043, .F. ) ;
#7717 = CARTESIAN_POINT ( 'NONE',  ( -9.000000000000001776, 7.200000000000000178, -0.2200000000000000011 ) ) ;
#7718 = LINE ( 'NONE', #3548, #8801 ) ;
#7719 = ORIENTED_EDGE ( 'NONE', *, *, #8652, .F. ) ;
#7720 = ORIENTED_EDGE ( 'NONE', *, *, #5381, .T. ) ;
#7721 = DIRECTION ( 'NONE',  ( -1.000000000000000000, 0.000000000000000000, 0.000000000000000000 ) ) ;
#7722 = DIRECTION ( 'NONE',  ( 0.000000000000000000, 0.000000000000000000, 1.000000000000000000 ) ) ;
#7723 = LINE ( 'NONE', #7894, #3534 ) ;
#7724 = ORIENTED_EDGE ( 'NONE', *, *, #5860, .T. ) ;
#7725 = FACE_OUTER_BOUND ( 'NONE', #7997, .T. ) ;
#7726 = EDGE_LOOP ( 'NONE', ( #3882, #73, #6985, #5802 ) ) ;
#7727 = ADVANCED_FACE ( 'NONE', ( #6864 ), #3255, .T. ) ;
#7728 = ORIENTED_EDGE ( 'NONE', *, *, #2839, .T. ) ;
#7729 = FACE_OUTER_BOUND ( 'NONE', #5237, .T. ) ;
#7730 = CARTESIAN_POINT ( 'NONE',  ( 1.249999999999998446, 9.899999999999998579, 0.5500000000000000444 ) ) ;
#7731 = DIRECTION ( 'NONE',  ( 0.000000000000000000, 0.000000000000000000, 1.000000000000000000 ) ) ;
#7732 = ADVANCED_FACE ( 'NONE', ( #8948 ), #4774, .T. ) ;
#7733 = DIRECTION ( 'NONE',  ( 0.000000000000000000, 0.000000000000000000, -1.000000000000000000 ) ) ;
#7734 = ORIENTED_EDGE ( 'NONE', *, *, #536, .F. ) ;
#7735 = ORIENTED_EDGE ( 'NONE', *, *, #3159, .F. ) ;
#7736 = EDGE_LOOP ( 'NONE', ( #7188, #4524, #5466, #635, #2636, #7356, #4864, #7076 ) ) ;
#7737 = CARTESIAN_POINT ( 'NONE',  ( -8.680000000000001492, 0.6999999999999992895, 1.649999999999999911 ) ) ;
#7738 = VERTEX_POINT ( 'NONE', #8202 ) ;
#7739 = ORIENTED_EDGE ( 'NONE', *, *, #8104, .T. ) ;
#7740 = CARTESIAN_POINT ( 'NONE',  ( -7.300000000000001599, 7.399999999999999467, -2.435000000000000053 ) ) ;
#7741 = ORIENTED_EDGE ( 'NONE', *, *, #4620, .F. ) ;
#7742 = VECTOR ( 'NONE', #5395, 1000.000000000000114 ) ;
#7743 = ORIENTED_EDGE ( 'NONE', *, *, #522, .T. ) ;
#7744 = DIRECTION ( 'NONE',  ( -0.3162277660168079652, 0.9486832980505238710, 0.000000000000000000 ) ) ;
#7745 = DIRECTION ( 'NONE',  ( 0.000000000000000000, 1.000000000000000000, 0.000000000000000000 ) ) ;
#7746 = UNCERTAINTY_MEASURE_WITH_UNIT (LENGTH_MEASURE( 1.000000000000000082E-05 ), #1379, 'distance_accuracy_value', 'NONE');
#7747 = LINE ( 'NONE', #6489, #7123 ) ;
#7748 = FACE_OUTER_BOUND ( 'NONE', #7215, .T. ) ;
#7749 = EDGE_CURVE ( 'NONE', #123, #9063, #7461, .T. ) ;
#7750 = DIRECTION ( 'NONE',  ( 0.000000000000000000, 0.000000000000000000, -1.000000000000000000 ) ) ;
#7751 = DIRECTION ( 'NONE',  ( 1.000000000000000000, 0.000000000000000000, 0.000000000000000000 ) ) ;
#7752 = EDGE_CURVE ( 'NONE', #450, #2947, #5378, .T. ) ;
#7753 = DIRECTION ( 'NONE',  ( 0.000000000000000000, 1.000000000000000000, 0.000000000000000000 ) ) ;
#7754 = EDGE_CURVE ( 'NONE', #8886, #2058, #1852, .T. ) ;
#7755 = DIRECTION ( 'NONE',  ( 1.000000000000000000, 0.000000000000000000, 0.000000000000000000 ) ) ;
#7756 = PLANE ( 'NONE',  #1466 ) ;
#7757 = EDGE_LOOP ( 'NONE', ( #5083, #8547, #5481, #709 ) ) ;
#7758 = FACE_OUTER_BOUND ( 'NONE', #8351, .T. ) ;
#7759 = ORIENTED_EDGE ( 'NONE', *, *, #3842, .T. ) ;
#7760 = ORIENTED_EDGE ( 'NONE', *, *, #257, .F. ) ;
#7761 = DIRECTION ( 'NONE',  ( 0.000000000000000000, 0.000000000000000000, 1.000000000000000000 ) ) ;
#7762 = EDGE_LOOP ( 'NONE', ( #3289, #5817, #259, #6847 ) ) ;
#7763 = CARTESIAN_POINT ( 'NONE',  ( 0.5499999999999983791, 3.299999999999999378, 1.250000000000000000 ) ) ;
#7764 = EDGE_CURVE ( 'NONE', #5493, #8673, #4077, .T. ) ;
#7765 = CARTESIAN_POINT ( 'NONE',  ( -15.32000000000000206, 8.500000000000000000, 0.7500000000000000000 ) ) ;
#7766 = LINE ( 'NONE', #6420, #8257 ) ;
#7767 = DIRECTION ( 'NONE',  ( 0.8869140841670121178, -4.726427698110061428E-14, -0.4619344188369060578 ) ) ;
#7768 = ORIENTED_EDGE ( 'NONE', *, *, #773, .F. ) ;
#7769 = ORIENTED_EDGE ( 'NONE', *, *, #6598, .F. ) ;
#7770 = DIRECTION ( 'NONE',  ( 0.000000000000000000, 0.000000000000000000, 1.000000000000000000 ) ) ;
#7771 = CARTESIAN_POINT ( 'NONE',  ( -2.680000000000001936, 0.6699999999999995959, 0.8750000000000000000 ) ) ;
#7772 = ADVANCED_FACE ( 'NONE', ( #467 ), #8109, .T. ) ;
#7773 = DIRECTION ( 'NONE',  ( 1.000000000000000000, 0.000000000000000000, 0.000000000000000000 ) ) ;
#7774 = CARTESIAN_POINT ( 'NONE',  ( -5.680000000000001492, 6.899999999999999467, -0.3200000000000000067 ) ) ;
#7775 = ORIENTED_EDGE ( 'NONE', *, *, #8756, .T. ) ;
#7776 = ORIENTED_EDGE ( 'NONE', *, *, #200, .F. ) ;
#7777 = ORIENTED_EDGE ( 'NONE', *, *, #5947, .F. ) ;
#7778 = CARTESIAN_POINT ( 'NONE',  ( -5.680000000000001492, 1.269999999999999352, -0.8750000000000000000 ) ) ;
#7779 = VECTOR ( 'NONE', #6568, 1000.000000000000000 ) ;
#7780 = EDGE_LOOP ( 'NONE', ( #5171, #2713, #3798, #1144, #8457, #2342 ) ) ;
#7781 = ADVANCED_FACE ( 'NONE', ( #555 ), #366, .T. ) ;
#7782 = ORIENTED_EDGE ( 'NONE', *, *, #8641, .T. ) ;
#7783 = VECTOR ( 'NONE', #4048, 1000.000000000000000 ) ;
#7784 = VECTOR ( 'NONE', #7409, 1000.000000000000000 ) ;
#7785 = DIRECTION ( 'NONE',  ( 1.000000000000000000, 0.000000000000000000, 0.000000000000000000 ) ) ;
#7786 = VECTOR ( 'NONE', #8860, 1000.000000000000114 ) ;
#7787 = ORIENTED_EDGE ( 'NONE', *, *, #1705, .T. ) ;
#7788 = CARTESIAN_POINT ( 'NONE',  ( -11.25000000000000355, 1.849999999999999645, 1.930000000000000160 ) ) ;
#7789 = DIRECTION ( 'NONE',  ( 0.000000000000000000, 1.000000000000000000, 0.000000000000000000 ) ) ;
#7790 = DIRECTION ( 'NONE',  ( 1.000000000000000000, 0.000000000000000000, 0.000000000000000000 ) ) ;
#7791 = DIRECTION ( 'NONE',  ( 0.000000000000000000, 1.000000000000000000, 0.000000000000000000 ) ) ;
#7792 = LINE ( 'NONE', #695, #28 ) ;
#7793 = LINE ( 'NONE', #784, #5464 ) ;
#7794 = DIRECTION ( 'NONE',  ( 0.000000000000000000, 0.000000000000000000, 1.000000000000000000 ) ) ;
#7795 = ADVANCED_FACE ( 'NONE', ( #4732 ), #4035, .T. ) ;
#7796 = DIRECTION ( 'NONE',  ( 0.000000000000000000, 0.000000000000000000, 1.000000000000000000 ) ) ;
#7797 = DIRECTION ( 'NONE',  ( 0.000000000000000000, -1.000000000000000000, 0.000000000000000000 ) ) ;
#7798 = ORIENTED_EDGE ( 'NONE', *, *, #3943, .F. ) ;
#7799 = LINE ( 'NONE', #2801, #2338 ) ;
#7800 = ADVANCED_FACE ( 'NONE', ( #1755 ), #3344, .T. ) ;
#7801 = CARTESIAN_POINT ( 'NONE',  ( -10.25000000000000178, 9.049999999999998934, 1.930000000000000160 ) ) ;
#7802 = CARTESIAN_POINT ( 'NONE',  ( -5.450000000000001954, 9.899999999999998579, 1.250000000000000000 ) ) ;
#7803 = ADVANCED_FACE ( 'NONE', ( #3485 ), #1437, .T. ) ;
#7804 = ORIENTED_EDGE ( 'NONE', *, *, #8255, .F. ) ;
#7805 = AXIS2_PLACEMENT_3D ( 'NONE', #1165, #6123, #8946 ) ;
#7806 = LINE ( 'NONE', #96, #6618 ) ;
#7807 = AXIS2_PLACEMENT_3D ( 'NONE', #5240, #283, #4500 ) ;
#7808 = CARTESIAN_POINT ( 'NONE',  ( 2.384999999999998010, 1.699999999999999734, -1.930000000000000160 ) ) ;
#7809 = CARTESIAN_POINT ( 'NONE',  ( -8.780000000000001137, 7.200000000000000178, 0.000000000000000000 ) ) ;
#7810 = DIRECTION ( 'NONE',  ( -0.7071067811865474617, 0.000000000000000000, 0.7071067811865474617 ) ) ;
#7811 = VECTOR ( 'NONE', #4416, 1000.000000000000000 ) ;
#7812 = ORIENTED_EDGE ( 'NONE', *, *, #6404, .T. ) ;
#7813 = VERTEX_POINT ( 'NONE', #1391 ) ;
#7814 = AXIS2_PLACEMENT_3D ( 'NONE', #3296, #6125, #8156 ) ;
#7815 = VECTOR ( 'NONE', #1202, 1000.000000000000000 ) ;
#7816 = DIRECTION ( 'NONE',  ( 0.000000000000000000, 0.000000000000000000, -1.000000000000000000 ) ) ;
#7817 = EDGE_CURVE ( 'NONE', #4753, #3718, #647, .T. ) ;
#7818 = LINE ( 'NONE', #5032, #8540 ) ;
#7819 = VECTOR ( 'NONE', #6931, 1000.000000000000114 ) ;
#7820 = LINE ( 'NONE', #3640, #4122 ) ;
#7821 = ORIENTED_EDGE ( 'NONE', *, *, #4585, .F. ) ;
#7822 = VERTEX_POINT ( 'NONE', #9086 ) ;
#7823 = EDGE_LOOP ( 'NONE', ( #8201, #1881, #4328, #7539 ) ) ;
#7824 = DIRECTION ( 'NONE',  ( 0.000000000000000000, 0.000000000000000000, -1.000000000000000000 ) ) ;
#7825 = ORIENTED_EDGE ( 'NONE', *, *, #2189, .T. ) ;
#7826 = ORIENTED_EDGE ( 'NONE', *, *, #8970, .F. ) ;
#7827 = CARTESIAN_POINT ( 'NONE',  ( 2.619999999999997442, 9.199999999999999289, -1.953992523340000041E-14 ) ) ;
#7828 = VECTOR ( 'NONE', #790, 1000.000000000000000 ) ;
#7829 = VERTEX_POINT ( 'NONE', #6308 ) ;
#7830 = LINE ( 'NONE', #7135, #1186 ) ;
#7831 = CARTESIAN_POINT ( 'NONE',  ( -11.68000000000000327, 0.6699999999999995959, -1.270000000000000018 ) ) ;
#7832 = AXIS2_PLACEMENT_3D ( 'NONE', #4873, #7751, #5008 ) ;
#7833 = EDGE_CURVE ( 'NONE', #7444, #5040, #3533, .T. ) ;
#7834 = CARTESIAN_POINT ( 'NONE',  ( -3.320000000000001616, -8.673617379884035472E-16, 1.680000000000000160 ) ) ;
#7835 = CARTESIAN_POINT ( 'NONE',  ( -15.32000000000000206, 0.6699999999999995959, 1.270000000000000018 ) ) ;
#7836 = LINE ( 'NONE', #3539, #9015 ) ;
#7837 = EDGE_CURVE ( 'NONE', #7368, #3240, #39, .T. ) ;
#7838 = FACE_OUTER_BOUND ( 'NONE', #5585, .T. ) ;
#7839 = DIRECTION ( 'NONE',  ( 0.000000000000000000, 0.000000000000000000, -1.000000000000000000 ) ) ;
#7840 = AXIS2_PLACEMENT_3D ( 'NONE', #8194, #4526, #3930 ) ;
#7841 = DIRECTION ( 'NONE',  ( 0.000000000000000000, 0.000000000000000000, -1.000000000000000000 ) ) ;
#7842 = EDGE_LOOP ( 'NONE', ( #2111, #3545, #664, #7622 ) ) ;
#7843 = CARTESIAN_POINT ( 'NONE',  ( -6.000000000000001776, -2.880000000000000782, -0.2200000000000000011 ) ) ;
#7844 = ORIENTED_EDGE ( 'NONE', *, *, #2849, .T. ) ;
#7845 = CARTESIAN_POINT ( 'NONE',  ( -2.680000000000001936, 6.899999999999999467, -0.3200000000000000067 ) ) ;
#7846 = ORIENTED_EDGE ( 'NONE', *, *, #1517, .T. ) ;
#7847 = EDGE_CURVE ( 'NONE', #812, #7643, #5608, .T. ) ;
#7848 = CARTESIAN_POINT ( 'NONE',  ( -0.3200000000000017275, 0.6999999999999992895, -0.3200000000000000067 ) ) ;
#7849 = CARTESIAN_POINT ( 'NONE',  ( 2.969999999999998863, -1.400000000000000133, 2.169999999999999929 ) ) ;
#7850 = DIRECTION ( 'NONE',  ( -1.000000000000000000, 0.000000000000000000, 0.000000000000000000 ) ) ;
#7851 = CARTESIAN_POINT ( 'NONE',  ( -8.680000000000001492, 0.6699999999999995959, -1.270000000000000018 ) ) ;
#7852 = EDGE_LOOP ( 'NONE', ( #4459, #1479, #4536, #774 ) ) ;
#7853 = CARTESIAN_POINT ( 'NONE',  ( -11.68000000000000327, -8.673617379884035472E-16, -1.930000000000000160 ) ) ;
#7854 = ORIENTED_EDGE ( 'NONE', *, *, #3429, .T. ) ;
#7855 = EDGE_CURVE ( 'NONE', #4412, #1868, #8442, .T. ) ;
#7856 = CARTESIAN_POINT ( 'NONE',  ( 0.3199999999999982303, 6.899999999999999467, 0.3200000000000000067 ) ) ;
#7857 = AXIS2_PLACEMENT_3D ( 'NONE', #919, #313, #6534 ) ;
#7858 = ADVANCED_FACE ( 'NONE', ( #4917 ), #6360, .F. ) ;
#7859 = VECTOR ( 'NONE', #1028, 1000.000000000000000 ) ;
#7860 = CARTESIAN_POINT ( 'NONE',  ( -3.320000000000001616, 0.6699999999999995959, -0.8750000000000000000 ) ) ;
#7861 = DIRECTION ( 'NONE',  ( 0.000000000000000000, 0.000000000000000000, -1.000000000000000000 ) ) ;
#7862 = ORIENTED_EDGE ( 'NONE', *, *, #2135, .F. ) ;
#7863 = ORIENTED_EDGE ( 'NONE', *, *, #4986, .F. ) ;
#7864 = CARTESIAN_POINT ( 'NONE',  ( -0.3200000000000017275, -8.673617379884035472E-16, -1.270000000000000018 ) ) ;
#7865 = ORIENTED_EDGE ( 'NONE', *, *, #1259, .T. ) ;
#7866 = CARTESIAN_POINT ( 'NONE',  ( -13.92000000000000171, 8.500000000000000000, -1.250000000000000000 ) ) ;
#7867 = ORIENTED_EDGE ( 'NONE', *, *, #2179, .T. ) ;
#7868 = ORIENTED_EDGE ( 'NONE', *, *, #8459, .T. ) ;
#7869 = CARTESIAN_POINT ( 'NONE',  ( -15.32000000000000206, -8.673617379884035472E-16, 0.7500000000000000000 ) ) ;
#7870 = EDGE_CURVE ( 'NONE', #1156, #7214, #600, .T. ) ;
#7871 = ORIENTED_EDGE ( 'NONE', *, *, #4479, .F. ) ;
#7872 = LINE ( 'NONE', #1523, #2661 ) ;
#7873 = DIRECTION ( 'NONE',  ( -0.3015113445777909407, 0.9045340337332726799, -0.3015113445777909407 ) ) ;
#7874 = FACE_OUTER_BOUND ( 'NONE', #6185, .T. ) ;
#7875 = CARTESIAN_POINT ( 'NONE',  ( 1.934999999999997389, 1.699999999999999734, -1.930000000000000160 ) ) ;
#7876 = VECTOR ( 'NONE', #6740, 1000.000000000000000 ) ;
#7877 = LINE ( 'NONE', #4132, #7543 ) ;
#7878 = VECTOR ( 'NONE', #7879, 1000.000000000000000 ) ;
#7879 = DIRECTION ( 'NONE',  ( 0.000000000000000000, 1.000000000000000000, 0.000000000000000000 ) ) ;
#7880 = EDGE_CURVE ( 'NONE', #3919, #3433, #3437, .T. ) ;
#7881 = LINE ( 'NONE', #5053, #843 ) ;
#7882 = CARTESIAN_POINT ( 'NONE',  ( -12.32000000000000028, 0.6999999999999992895, -0.3200000000000000067 ) ) ;
#7883 = AXIS2_PLACEMENT_3D ( 'NONE', #7455, #3247, #6076 ) ;
#7884 = ORIENTED_EDGE ( 'NONE', *, *, #8797, .T. ) ;
#7885 = DIRECTION ( 'NONE',  ( 1.000000000000000000, 0.000000000000000000, 0.000000000000000000 ) ) ;
#7886 = ORIENTED_EDGE ( 'NONE', *, *, #3626, .F. ) ;
#7887 = CARTESIAN_POINT ( 'NONE',  ( -5.680000000000001492, 0.6999999999999992895, 0.8750000000000000000 ) ) ;
#7888 = ORIENTED_EDGE ( 'NONE', *, *, #7339, .F. ) ;
#7889 = EDGE_CURVE ( 'NONE', #3404, #2524, #8387, .T. ) ;
#7890 = ADVANCED_FACE ( 'NONE', ( #4262 ), #2129, .T. ) ;
#7891 = EDGE_CURVE ( 'NONE', #6103, #8476, #7052, .T. ) ;
#7892 = DIRECTION ( 'NONE',  ( -0.9486832980505238710, 0.3162277660168079652, 0.000000000000000000 ) ) ;
#7893 = LINE ( 'NONE', #2983, #4999 ) ;
#7894 = CARTESIAN_POINT ( 'NONE',  ( -3.320000000000001616, 1.349999999999999645, 1.649999999999999911 ) ) ;
#7895 = DIRECTION ( 'NONE',  ( -0.3015113445777909407, 0.9045340337332726799, 0.3015113445777909407 ) ) ;
#7896 = ORIENTED_EDGE ( 'NONE', *, *, #2583, .F. ) ;
#7897 = CARTESIAN_POINT ( 'NONE',  ( -15.32000000000000206, 1.849999999999999645, 2.469999999999999751 ) ) ;
#7898 = ORIENTED_EDGE ( 'NONE', *, *, #29, .F. ) ;
#7899 = LINE ( 'NONE', #7160, #1513 ) ;
#7900 =( NAMED_UNIT ( * ) PLANE_ANGLE_UNIT ( ) SI_UNIT ( $, .RADIAN. ) );
#7901 = DIRECTION ( 'NONE',  ( 0.000000000000000000, 0.000000000000000000, 1.000000000000000000 ) ) ;
#7902 = ORIENTED_EDGE ( 'NONE', *, *, #6996, .T. ) ;
#7903 = EDGE_CURVE ( 'NONE', #4496, #704, #5004, .T. ) ;
#7904 = LINE ( 'NONE', #1551, #3946 ) ;
#7905 = ORIENTED_EDGE ( 'NONE', *, *, #3804, .T. ) ;
#7906 = DIRECTION ( 'NONE',  ( -0.9486832980505238710, 0.3162277660168079652, 0.000000000000000000 ) ) ;
#7907 = EDGE_CURVE ( 'NONE', #1073, #4613, #8485, .T. ) ;
#7908 = EDGE_LOOP ( 'NONE', ( #2807, #2815, #5230, #1631, #8329, #3308 ) ) ;
#7909 = ORIENTED_EDGE ( 'NONE', *, *, #4263, .T. ) ;
#7910 = EDGE_CURVE ( 'NONE', #2931, #5770, #7097, .T. ) ;
#7911 = CARTESIAN_POINT ( 'NONE',  ( -5.680000000000001492, 0.6699999999999995959, -1.270000000000000018 ) ) ;
#7912 = CARTESIAN_POINT ( 'NONE',  ( -10.25000000000000178, 9.899999999999998579, -1.250000000000000000 ) ) ;
#7913 = ORIENTED_EDGE ( 'NONE', *, *, #4104, .T. ) ;
#7914 = VERTEX_POINT ( 'NONE', #7136 ) ;
#7915 = FACE_OUTER_BOUND ( 'NONE', #623, .T. ) ;
#7916 = DIRECTION ( 'NONE',  ( 0.000000000000000000, 0.000000000000000000, 1.000000000000000000 ) ) ;
#7917 = VECTOR ( 'NONE', #7689, 1000.000000000000000 ) ;
#7918 = CARTESIAN_POINT ( 'NONE',  ( -12.32000000000000028, 0.6699999999999995959, -1.270000000000000018 ) ) ;
#7919 = DIRECTION ( 'NONE',  ( 0.000000000000000000, 1.000000000000000000, 0.000000000000000000 ) ) ;
#7920 = LINE ( 'NONE', #1527, #4728 ) ;
#7921 = AXIS2_PLACEMENT_3D ( 'NONE', #4776, #558, #4638 ) ;
#7922 = CARTESIAN_POINT ( 'NONE',  ( 0.3199999999999982303, 0.6999999999999992895, 0.3200000000000000067 ) ) ;
#7923 = FACE_OUTER_BOUND ( 'NONE', #2404, .T. ) ;
#7924 = ADVANCED_FACE ( 'NONE', ( #780 ), #6221, .T. ) ;
#7925 = LINE ( 'NONE', #3754, #387 ) ;
#7926 = VERTEX_POINT ( 'NONE', #5514 ) ;
#7927 = FACE_OUTER_BOUND ( 'NONE', #6232, .T. ) ;
#7928 = DIRECTION ( 'NONE',  ( 1.000000000000000000, 0.000000000000000000, 0.000000000000000000 ) ) ;
#7929 = DIRECTION ( 'NONE',  ( 1.000000000000000000, 0.000000000000000000, 0.000000000000000000 ) ) ;
#7930 = ORIENTED_EDGE ( 'NONE', *, *, #4411, .F. ) ;
#7931 = LINE ( 'NONE', #7284, #7234 ) ;
#7932 = FACE_OUTER_BOUND ( 'NONE', #7328, .T. ) ;
#7933 = CARTESIAN_POINT ( 'NONE',  ( -3.320000000000001616, -8.673617379884035472E-16, 1.270000000000000018 ) ) ;
#7934 = DIRECTION ( 'NONE',  ( 0.000000000000000000, -1.000000000000000000, 0.000000000000000000 ) ) ;
#7935 = VECTOR ( 'NONE', #3873, 1000.000000000000000 ) ;
#7936 = VECTOR ( 'NONE', #3391, 1000.000000000000000 ) ;
#7937 = LINE ( 'NONE', #1587, #8243 ) ;
#7938 = ORIENTED_EDGE ( 'NONE', *, *, #2099, .F. ) ;
#7939 = DIRECTION ( 'NONE',  ( 0.000000000000000000, -1.000000000000000000, 0.000000000000000000 ) ) ;
#7940 = EDGE_LOOP ( 'NONE', ( #7862, #3741, #6135, #4018 ) ) ;
#7941 = DIRECTION ( 'NONE',  ( -0.000000000000000000, 1.000000000000000000, 0.000000000000000000 ) ) ;
#7942 = ADVANCED_FACE ( 'NONE', ( #8339 ), #1989, .T. ) ;
#7943 = COLOUR_RGB ( '',0.7921568627450980005, 0.8196078431372548767, 0.9333333333333333481 ) ;
#7944 = VECTOR ( 'NONE', #5670, 1000.000000000000000 ) ;
#7945 = LINE ( 'NONE', #2337, #6017 ) ;
#7946 = LINE ( 'NONE', #1599, #6346 ) ;
#7947 = ORIENTED_EDGE ( 'NONE', *, *, #2273, .T. ) ;
#7948 = DIRECTION ( 'NONE',  ( -1.000000000000000000, 0.000000000000000000, 0.000000000000000000 ) ) ;
#7949 = ORIENTED_EDGE ( 'NONE', *, *, #7025, .F. ) ;
#7950 = AXIS2_PLACEMENT_3D ( 'NONE', #3243, #1746, #8843 ) ;
#7951 = DIRECTION ( 'NONE',  ( 0.000000000000000000, 0.000000000000000000, -1.000000000000000000 ) ) ;
#7952 = VECTOR ( 'NONE', #8119, 1000.000000000000000 ) ;
#7953 = VERTEX_POINT ( 'NONE', #174 ) ;
#7954 = ORIENTED_EDGE ( 'NONE', *, *, #933, .T. ) ;
#7955 = CARTESIAN_POINT ( 'NONE',  ( -7.250000000000001776, 9.899999999999998579, 1.250000000000000000 ) ) ;
#7956 = EDGE_CURVE ( 'NONE', #8415, #567, #8613, .T. ) ;
#7957 = DIRECTION ( 'NONE',  ( 1.000000000000000000, 0.000000000000000000, 0.000000000000000000 ) ) ;
#7958 = VECTOR ( 'NONE', #7861, 1000.000000000000000 ) ;
#7959 = EDGE_LOOP ( 'NONE', ( #8127, #6071, #6116, #5622 ) ) ;
#7960 = CLOSED_SHELL ( 'NONE', ( #4264, #8461, #4159, #8854, #4175, #5072, #4682 ) ) ;
#7961 = EDGE_CURVE ( 'NONE', #1716, #3525, #7310, .T. ) ;
#7962 = ADVANCED_FACE ( 'NONE', ( #2265 ), #5225, .T. ) ;
#7963 = ORIENTED_EDGE ( 'NONE', *, *, #6112, .F. ) ;
#7964 = DIRECTION ( 'NONE',  ( 0.000000000000000000, 0.000000000000000000, 1.000000000000000000 ) ) ;
#7965 = CARTESIAN_POINT ( 'NONE',  ( -13.93500000000000050, 1.269999999999999352, 0.8750000000000000000 ) ) ;
#7966 = VECTOR ( 'NONE', #5746, 1000.000000000000000 ) ;
#7967 = DIRECTION ( 'NONE',  ( 1.000000000000000000, 0.000000000000000000, 0.000000000000000000 ) ) ;
#7968 = CARTESIAN_POINT ( 'NONE',  ( 3.269999999999998685, 2.513829809426999518, 0.2700000000000000178 ) ) ;
#7969 = EDGE_CURVE ( 'NONE', #9156, #8419, #958, .T. ) ;
#7970 = DIRECTION ( 'NONE',  ( 0.000000000000000000, 0.000000000000000000, -1.000000000000000000 ) ) ;
#7971 = ADVANCED_FACE ( 'NONE', ( #2916 ), #5824, .F. ) ;
#7972 = AXIS2_PLACEMENT_3D ( 'NONE', #5332, #1167, #6083 ) ;
#7973 = VECTOR ( 'NONE', #7797, 1000.000000000000000 ) ;
#7974 = CARTESIAN_POINT ( 'NONE',  ( -12.32000000000000028, 0.6699999999999995959, 0.8750000000000000000 ) ) ;
#7975 = CARTESIAN_POINT ( 'NONE',  ( -5.880000000000001670, -3.180000000000000604, -0.1200000000000000094 ) ) ;
#7976 = VERTEX_POINT ( 'NONE', #6572 ) ;
#7977 = CARTESIAN_POINT ( 'NONE',  ( -0.3200000000000017275, 0.6699999999999995959, -1.270000000000000018 ) ) ;
#7978 = CARTESIAN_POINT ( 'NONE',  ( -12.32000000000000028, 1.349999999999999645, 1.649999999999999911 ) ) ;
#7979 = LINE ( 'NONE', #322, #677 ) ;
#7980 = ORIENTED_EDGE ( 'NONE', *, *, #5561, .T. ) ;
#7981 = CARTESIAN_POINT ( 'NONE',  ( -9.320000000000002061, 1.349999999999999645, -1.050000000000000044 ) ) ;
#7982 = VECTOR ( 'NONE', #8617, 1000.000000000000000 ) ;
#7983 = ORIENTED_EDGE ( 'NONE', *, *, #6214, .F. ) ;
#7984 = DIRECTION ( 'NONE',  ( 0.000000000000000000, 0.000000000000000000, -1.000000000000000000 ) ) ;
#7985 = AXIS2_PLACEMENT_3D ( 'NONE', #3905, #4463, #979 ) ;
#7986 = ADVANCED_FACE ( 'NONE', ( #2398 ), #8051, .T. ) ;
#7987 = CARTESIAN_POINT ( 'NONE',  ( -1.750000000000001554, 9.049999999999998934, 1.930000000000000160 ) ) ;
#7988 = CARTESIAN_POINT ( 'NONE',  ( -15.32000000000000206, -8.673617379884035472E-16, 1.270000000000000018 ) ) ;
#7989 = DIRECTION ( 'NONE',  ( -0.3015113445777909407, -0.9045340337332726799, 0.3015113445777909407 ) ) ;
#7990 = ORIENTED_EDGE ( 'NONE', *, *, #5168, .F. ) ;
#7991 = PLANE ( 'NONE',  #1691 ) ;
#7992 = EDGE_LOOP ( 'NONE', ( #9126, #7579, #1867, #3644 ) ) ;
#7993 = AXIS2_PLACEMENT_3D ( 'NONE', #5361, #3135, #1147 ) ;
#7994 = CARTESIAN_POINT ( 'NONE',  ( -7.250000000000001776, 3.299999999999999378, 1.250000000000000000 ) ) ;
#7995 = ADVANCED_FACE ( 'NONE', ( #8659 ), #2356, .T. ) ;
#7996 = DIRECTION ( 'NONE',  ( 1.000000000000000000, 0.000000000000000000, 0.000000000000000000 ) ) ;
#7997 = EDGE_LOOP ( 'NONE', ( #8873, #3881, #2848, #2864 ) ) ;
#7998 = DIRECTION ( 'NONE',  ( 0.000000000000000000, 0.000000000000000000, 1.000000000000000000 ) ) ;
#7999 = ORIENTED_EDGE ( 'NONE', *, *, #3302, .F. ) ;
#8000 = LINE ( 'NONE', #4435, #4090 ) ;
#8001 = ORIENTED_EDGE ( 'NONE', *, *, #3752, .F. ) ;
#8002 = ORIENTED_EDGE ( 'NONE', *, *, #5782, .F. ) ;
#8003 = EDGE_CURVE ( 'NONE', #2800, #25, #3100, .T. ) ;
#8004 = LINE ( 'NONE', #8702, #4583 ) ;
#8005 = EDGE_CURVE ( 'NONE', #808, #4826, #217, .T. ) ;
#8006 = CARTESIAN_POINT ( 'NONE',  ( 2.669999999999998597, -1.150000000000000799, 2.469999999999999751 ) ) ;
#8007 = ORIENTED_EDGE ( 'NONE', *, *, #631, .T. ) ;
#8008 = ORIENTED_EDGE ( 'NONE', *, *, #5303, .T. ) ;
#8009 = DIRECTION ( 'NONE',  ( 0.000000000000000000, 0.000000000000000000, -1.000000000000000000 ) ) ;
#8010 = CARTESIAN_POINT ( 'NONE',  ( 0.3199999999999982303, 0.6699999999999995959, -1.270000000000000018 ) ) ;
#8011 = FACE_OUTER_BOUND ( 'NONE', #2830, .T. ) ;
#8012 = LINE ( 'NONE', #130, #2851 ) ;
#8013 = FACE_OUTER_BOUND ( 'NONE', #8328, .T. ) ;
#8014 = DIRECTION ( 'NONE',  ( 0.000000000000000000, -1.000000000000000000, 0.000000000000000000 ) ) ;
#8015 = ORIENTED_EDGE ( 'NONE', *, *, #1676, .F. ) ;
#8016 = CARTESIAN_POINT ( 'NONE',  ( -15.32000000000000206, -8.673617379884035472E-16, -1.270000000000000018 ) ) ;
#8017 = ADVANCED_FACE ( 'NONE', ( #8752 ), #2307, .F. ) ;
#8018 = LINE ( 'NONE', #7978, #3670 ) ;
#8019 = LINE ( 'NONE', #1664, #7317 ) ;
#8020 = AXIS2_PLACEMENT_3D ( 'NONE', #3171, #5207, #4509 ) ;
#8021 = ORIENTED_EDGE ( 'NONE', *, *, #65, .T. ) ;
#8022 = EDGE_CURVE ( 'NONE', #565, #8897, #6441, .T. ) ;
#8023 = LINE ( 'NONE', #6584, #5018 ) ;
#8024 = VERTEX_POINT ( 'NONE', #2965 ) ;
#8025 = CARTESIAN_POINT ( 'NONE',  ( -0.7500000000000015543, 1.849999999999999645, 1.930000000000000160 ) ) ;
#8026 = VECTOR ( 'NONE', #2224, 1000.000000000000000 ) ;
#8027 = CARTESIAN_POINT ( 'NONE',  ( -11.88000000000000256, 7.500000000000000000, 0.1200000000000000094 ) ) ;
#8028 = ORIENTED_EDGE ( 'NONE', *, *, #1474, .T. ) ;
#8029 = CARTESIAN_POINT ( 'NONE',  ( -3.320000000000001616, 3.299999999999999378, 0.3200000000000000067 ) ) ;
#8030 = DIRECTION ( 'NONE',  ( 0.000000000000000000, 0.000000000000000000, -1.000000000000000000 ) ) ;
#8031 = ORIENTED_EDGE ( 'NONE', *, *, #6882, .T. ) ;
#8032 = FACE_OUTER_BOUND ( 'NONE', #2885, .T. ) ;
#8033 = ORIENTED_EDGE ( 'NONE', *, *, #8289, .T. ) ;
#8034 = CARTESIAN_POINT ( 'NONE',  ( 0.3199999999999982303, 1.349999999999999645, 1.649999999999999911 ) ) ;
#8035 = EDGE_CURVE ( 'NONE', #2529, #8786, #7175, .T. ) ;
#8036 = CARTESIAN_POINT ( 'NONE',  ( -1.750000000000001554, 9.899999999999998579, -1.250000000000000000 ) ) ;
#8037 = VERTEX_POINT ( 'NONE', #7965 ) ;
#8038 = CARTESIAN_POINT ( 'NONE',  ( -13.92000000000000171, 9.899999999999998579, 1.930000000000000160 ) ) ;
#8039 = ORIENTED_EDGE ( 'NONE', *, *, #142, .F. ) ;
#8040 = CARTESIAN_POINT ( 'NONE',  ( -5.680000000000001492, -8.673617379884035472E-16, -1.270000000000000018 ) ) ;
#8041 = ORIENTED_EDGE ( 'NONE', *, *, #2146, .F. ) ;
#8042 = ORIENTED_EDGE ( 'NONE', *, *, #2672, .T. ) ;
#8043 = DIRECTION ( 'NONE',  ( 0.000000000000000000, 0.000000000000000000, -1.000000000000000000 ) ) ;
#8044 = EDGE_CURVE ( 'NONE', #3018, #580, #5136, .T. ) ;
#8045 = CARTESIAN_POINT ( 'NONE',  ( 3.269999999999998685, 2.699999999999999734, -0.04250000000000000305 ) ) ;
#8046 = ORIENTED_EDGE ( 'NONE', *, *, #37, .F. ) ;
#8047 = ORIENTED_EDGE ( 'NONE', *, *, #2753, .T. ) ;
#8048 = ORIENTED_EDGE ( 'NONE', *, *, #4941, .F. ) ;
#8049 = EDGE_CURVE ( 'NONE', #5597, #3964, #3655, .T. ) ;
#8050 = LINE ( 'NONE', #3242, #6370 ) ;
#8051 = PLANE ( 'NONE',  #1300 ) ;
#8052 = PLANE ( 'NONE',  #3774 ) ;
#8053 = CARTESIAN_POINT ( 'NONE',  ( 3.319999999999998508, 0.6699999999999995959, 1.270000000000000018 ) ) ;
#8054 = DIRECTION ( 'NONE',  ( 0.000000000000000000, 0.000000000000000000, 1.000000000000000000 ) ) ;
#8055 = VECTOR ( 'NONE', #6280, 1000.000000000000000 ) ;
#8056 = LINE ( 'NONE', #225, #981 ) ;
#8057 = ORIENTED_EDGE ( 'NONE', *, *, #8044, .T. ) ;
#8058 = DIRECTION ( 'NONE',  ( 0.3015113445777909407, -0.9045340337332726799, -0.3015113445777909407 ) ) ;
#8059 = CARTESIAN_POINT ( 'NONE',  ( -2.680000000000001936, 1.349999999999999645, -1.930000000000000160 ) ) ;
#8060 = DIRECTION ( 'NONE',  ( 1.000000000000000000, 0.000000000000000000, 0.000000000000000000 ) ) ;
#8061 = EDGE_LOOP ( 'NONE', ( #685, #4838, #7608, #1985, #3402, #3048 ) ) ;
#8062 = CARTESIAN_POINT ( 'NONE',  ( -0.3200000000000017275, -2.580000000000000515, 0.3200000000000000067 ) ) ;
#8063 = VECTOR ( 'NONE', #2738, 1000.000000000000000 ) ;
#8064 = EDGE_LOOP ( 'NONE', ( #6146, #1093, #7487, #8075 ) ) ;
#8065 = FACE_OUTER_BOUND ( 'NONE', #7132, .T. ) ;
#8066 = EDGE_CURVE ( 'NONE', #26, #3526, #4445, .T. ) ;
#8067 = EDGE_CURVE ( 'NONE', #4412, #525, #3051, .T. ) ;
#8068 = CARTESIAN_POINT ( 'NONE',  ( -3.320000000000001616, 1.269999999999999352, 0.8750000000000000000 ) ) ;
#8069 = EDGE_CURVE ( 'NONE', #3106, #3095, #6074, .T. ) ;
#8070 = EDGE_LOOP ( 'NONE', ( #8750, #6424, #7307, #6863 ) ) ;
#8071 = CARTESIAN_POINT ( 'NONE',  ( -15.32000000000000206, 0.6699999999999995959, 1.270000000000000018 ) ) ;
#8072 = CARTESIAN_POINT ( 'NONE',  ( -15.32000000000000206, -8.673617379884035472E-16, -1.270000000000000018 ) ) ;
#8073 = ORIENTED_EDGE ( 'NONE', *, *, #8114, .T. ) ;
#8074 = LINE ( 'NONE', #4506, #9105 ) ;
#8075 = ORIENTED_EDGE ( 'NONE', *, *, #4429, .T. ) ;
#8076 = DIRECTION ( 'NONE',  ( 0.000000000000000000, 0.000000000000000000, -1.000000000000000000 ) ) ;
#8077 = VECTOR ( 'NONE', #2123, 1000.000000000000000 ) ;
#8078 = ADVANCED_FACE ( 'NONE', ( #1842 ), #6815, .T. ) ;
#8079 = LINE ( 'NONE', #7389, #7069 ) ;
#8080 = LINE ( 'NONE', #2339, #8847 ) ;
#8081 = ORIENTED_EDGE ( 'NONE', *, *, #6821, .T. ) ;
#8082 = CARTESIAN_POINT ( 'NONE',  ( -8.680000000000001492, -8.673617379884035472E-16, -1.930000000000000160 ) ) ;
#8083 = VERTEX_POINT ( 'NONE', #8942 ) ;
#8084 = FACE_OUTER_BOUND ( 'NONE', #2493, .T. ) ;
#8085 = ORIENTED_EDGE ( 'NONE', *, *, #12, .F. ) ;
#8086 = VERTEX_POINT ( 'NONE', #5266 ) ;
#8087 = ADVANCED_FACE ( 'NONE', ( #504 ), #3334, .T. ) ;
#8088 = VECTOR ( 'NONE', #3569, 1000.000000000000000 ) ;
#8089 = AXIS2_PLACEMENT_3D ( 'NONE', #1297, #2994, #8557 ) ;
#8090 = CARTESIAN_POINT ( 'NONE',  ( -7.250000000000001776, 9.899999999999998579, 1.250000000000000000 ) ) ;
#8091 = CARTESIAN_POINT ( 'NONE',  ( -0.3200000000000017275, 1.349999999999999645, -1.050000000000000044 ) ) ;
#8092 = DIRECTION ( 'NONE',  ( 0.000000000000000000, 0.000000000000000000, -1.000000000000000000 ) ) ;
#8093 = ORIENTED_EDGE ( 'NONE', *, *, #8709, .F. ) ;
#8094 = VECTOR ( 'NONE', #727, 1000.000000000000000 ) ;
#8095 = ORIENTED_EDGE ( 'NONE', *, *, #4521, .T. ) ;
#8096 = ORIENTED_EDGE ( 'NONE', *, *, #2672, .F. ) ;
#8097 = CARTESIAN_POINT ( 'NONE',  ( 2.384999999999998010, 0.6699999999999995959, -0.8750000000000000000 ) ) ;
#8098 = CARTESIAN_POINT ( 'NONE',  ( 2.669999999999998597, -8.673617379884035472E-16, 1.570000000000000062 ) ) ;
#8099 = LINE ( 'NONE', #3707, #2235 ) ;
#8100 = DIRECTION ( 'NONE',  ( 0.000000000000000000, -1.000000000000000000, 0.000000000000000000 ) ) ;
#8101 = VECTOR ( 'NONE', #8521, 1000.000000000000000 ) ;
#8102 = VECTOR ( 'NONE', #2180, 1000.000000000000000 ) ;
#8103 = DIRECTION ( 'NONE',  ( 0.000000000000000000, -1.000000000000000000, 0.000000000000000000 ) ) ;
#8104 = EDGE_CURVE ( 'NONE', #8123, #1236, #6859, .T. ) ;
#8105 = EDGE_CURVE ( 'NONE', #4568, #4254, #2635, .T. ) ;
#8106 = VECTOR ( 'NONE', #3913, 1000.000000000000000 ) ;
#8107 = DIRECTION ( 'NONE',  ( 0.000000000000000000, 0.000000000000000000, 1.000000000000000000 ) ) ;
#8108 = EDGE_LOOP ( 'NONE', ( #3607, #2286, #7090, #5729 ) ) ;
#8109 = PLANE ( 'NONE',  #7814 ) ;
#8110 = CARTESIAN_POINT ( 'NONE',  ( -0.3200000000000017275, -8.673617379884035472E-16, 1.270000000000000018 ) ) ;
#8111 = LINE ( 'NONE', #3851, #2741 ) ;
#8112 = EDGE_LOOP ( 'NONE', ( #8972, #8042, #8765, #5639 ) ) ;
#8113 = LINE ( 'NONE', #1761, #1318 ) ;
#8114 = EDGE_CURVE ( 'NONE', #7953, #3956, #5462, .T. ) ;
#8115 = VECTOR ( 'NONE', #3264, 1000.000000000000000 ) ;
#8116 = VERTEX_POINT ( 'NONE', #8098 ) ;
#8117 = VECTOR ( 'NONE', #88, 1000.000000000000000 ) ;
#8118 = CARTESIAN_POINT ( 'NONE',  ( 2.384999999999998010, 1.269999999999999352, -0.8750000000000000000 ) ) ;
#8119 = DIRECTION ( 'NONE',  ( 0.000000000000000000, 0.000000000000000000, -1.000000000000000000 ) ) ;
#8120 = EDGE_LOOP ( 'NONE', ( #1687, #3080, #1828, #5932 ) ) ;
#8121 = DIRECTION ( 'NONE',  ( 0.000000000000000000, 0.000000000000000000, 1.000000000000000000 ) ) ;
#8122 = PLANE ( 'NONE',  #5318 ) ;
#8123 = VERTEX_POINT ( 'NONE', #8196 ) ;
#8124 = CARTESIAN_POINT ( 'NONE',  ( -9.320000000000002061, 0.6999999999999992895, -0.8750000000000000000 ) ) ;
#8125 = ORIENTED_EDGE ( 'NONE', *, *, #5276, .T. ) ;
#8126 = VECTOR ( 'NONE', #8143, 1000.000000000000000 ) ;
#8127 = ORIENTED_EDGE ( 'NONE', *, *, #2117, .F. ) ;
#8128 = VECTOR ( 'NONE', #3532, 1000.000000000000000 ) ;
#8129 = CARTESIAN_POINT ( 'NONE',  ( 1.919999999999998153, 9.899999999999998579, -1.930000000000000160 ) ) ;
#8130 = AXIS2_PLACEMENT_3D ( 'NONE', #1790, #4890, #2810 ) ;
#8131 = DIRECTION ( 'NONE',  ( 0.000000000000000000, 1.000000000000000000, 0.000000000000000000 ) ) ;
#8132 = DIRECTION ( 'NONE',  ( -0.6401843996644798196, -0.7682212795973758501, -0.000000000000000000 ) ) ;
#8133 = ORIENTED_EDGE ( 'NONE', *, *, #1036, .F. ) ;
#8134 = DIRECTION ( 'NONE',  ( 0.000000000000000000, -1.000000000000000000, 0.000000000000000000 ) ) ;
#8135 = VECTOR ( 'NONE', #2126, 1000.000000000000000 ) ;
#8136 = VERTEX_POINT ( 'NONE', #6711 ) ;
#8137 = PLANE ( 'NONE',  #2310 ) ;
#8138 = EDGE_CURVE ( 'NONE', #3384, #7643, #312, .T. ) ;
#8139 = ORIENTED_EDGE ( 'NONE', *, *, #317, .T. ) ;
#8140 = ORIENTED_EDGE ( 'NONE', *, *, #8195, .F. ) ;
#8141 = EDGE_CURVE ( 'NONE', #4844, #6830, #8796, .T. ) ;
#8142 = DIRECTION ( 'NONE',  ( 0.000000000000000000, -1.000000000000000000, 0.000000000000000000 ) ) ;
#8143 = DIRECTION ( 'NONE',  ( 0.000000000000000000, 1.000000000000000000, 0.000000000000000000 ) ) ;
#8144 = CARTESIAN_POINT ( 'NONE',  ( -7.300000000000001599, 8.149999999999998579, -3.135000000000000231 ) ) ;
#8145 = EDGE_CURVE ( 'NONE', #4392, #9054, #1936, .T. ) ;
#8146 = FACE_BOUND ( 'NONE', #2232, .T. ) ;
#8147 = ORIENTED_EDGE ( 'NONE', *, *, #7354, .T. ) ;
#8148 = ORIENTED_EDGE ( 'NONE', *, *, #913, .T. ) ;
#8149 = PLANE ( 'NONE',  #7840 ) ;
#8150 = PLANE ( 'NONE',  #4258 ) ;
#8151 = DIRECTION ( 'NONE',  ( 0.000000000000000000, -1.000000000000000000, 0.000000000000000000 ) ) ;
#8152 = CARTESIAN_POINT ( 'NONE',  ( -12.32000000000000028, 1.349999999999999645, -1.930000000000000160 ) ) ;
#8153 = CARTESIAN_POINT ( 'NONE',  ( 0.3199999999999982303, 1.349999999999999645, -1.050000000000000044 ) ) ;
#8154 = FACE_BOUND ( 'NONE', #6523, .T. ) ;
#8155 = ORIENTED_EDGE ( 'NONE', *, *, #3727, .T. ) ;
#8156 = DIRECTION ( 'NONE',  ( 0.000000000000000000, -1.000000000000000000, 0.000000000000000000 ) ) ;
#8157 = DIRECTION ( 'NONE',  ( 0.000000000000000000, 1.000000000000000000, 0.000000000000000000 ) ) ;
#8158 = FACE_OUTER_BOUND ( 'NONE', #2660, .T. ) ;
#8159 = ORIENTED_EDGE ( 'NONE', *, *, #21, .T. ) ;
#8160 = FACE_OUTER_BOUND ( 'NONE', #6615, .T. ) ;
#8161 = ORIENTED_EDGE ( 'NONE', *, *, #8970, .T. ) ;
#8162 = FACE_OUTER_BOUND ( 'NONE', #7398, .T. ) ;
#8163 = EDGE_CURVE ( 'NONE', #4437, #4613, #1103, .T. ) ;
#8164 = CARTESIAN_POINT ( 'NONE',  ( -11.68000000000000327, 1.349999999999999645, 1.680000000000000160 ) ) ;
#8165 = EDGE_LOOP ( 'NONE', ( #3786, #3043, #7846, #6758, #1047, #5724 ) ) ;
#8166 = FACE_OUTER_BOUND ( 'NONE', #6148, .T. ) ;
#8168 = EDGE_CURVE ( 'NONE', #598, #4473, #8900, .T. ) ;
#8167 = DIRECTION ( 'NONE',  ( 1.000000000000000000, 0.000000000000000000, 0.000000000000000000 ) ) ;
#8169 = ORIENTED_EDGE ( 'NONE', *, *, #8222, .T. ) ;
#8170 = EDGE_CURVE ( 'NONE', #6836, #5955, #4723, .T. ) ;
#8171 = DIRECTION ( 'NONE',  ( 0.000000000000000000, 0.000000000000000000, 1.000000000000000000 ) ) ;
#8172 = ORIENTED_EDGE ( 'NONE', *, *, #6600, .F. ) ;
#8173 = EDGE_LOOP ( 'NONE', ( #1031, #2141, #6812, #3604 ) ) ;
#8174 = LINE ( 'NONE', #1185, #5945 ) ;
#8175 = CARTESIAN_POINT ( 'NONE',  ( -0.7500000000000015543, 1.849999999999999645, 2.429999999999999716 ) ) ;
#8176 = VECTOR ( 'NONE', #3082, 1000.000000000000000 ) ;
#8177 = VECTOR ( 'NONE', #4310, 1000.000000000000000 ) ;
#8178 = CARTESIAN_POINT ( 'NONE',  ( 0.3199999999999982303, 1.349999999999999645, 1.680000000000000160 ) ) ;
#8179 = CARTESIAN_POINT ( 'NONE',  ( -12.32000000000000028, 6.899999999999999467, 0.3200000000000000067 ) ) ;
#8180 = EDGE_LOOP ( 'NONE', ( #481, #1383, #8223, #2183, #2369, #6519, #6885, #5449, #3114, #2993, #8372, #6737, #6935, #3908, #5575, #8581, #3971, #7863, #6702, #7714, #3424, #233, #1600, #7775, #5951, #7334, #2263, #4260, #2100, #8140, #1913, #2607, #548, #6850 ) ) ;
#8181 = DIRECTION ( 'NONE',  ( 0.000000000000000000, 1.000000000000000000, 0.000000000000000000 ) ) ;
#8182 = ORIENTED_EDGE ( 'NONE', *, *, #5998, .T. ) ;
#8183 = CARTESIAN_POINT ( 'NONE',  ( -5.680000000000001492, -8.673617379884035472E-16, -1.270000000000000018 ) ) ;
#8184 = VERTEX_POINT ( 'NONE', #5966 ) ;
#8185 = VERTEX_POINT ( 'NONE', #3931 ) ;
#8186 = CARTESIAN_POINT ( 'NONE',  ( -9.320000000000002061, 6.899999999999999467, 0.3200000000000000067 ) ) ;
#8187 = CARTESIAN_POINT ( 'NONE',  ( -3.320000000000001616, 0.6699999999999995959, 1.270000000000000018 ) ) ;
#8188 = CARTESIAN_POINT ( 'NONE',  ( -5.680000000000001492, -8.673617379884035472E-16, 1.270000000000000018 ) ) ;
#8189 = ADVANCED_FACE ( 'NONE', ( #7407 ), #8150, .F. ) ;
#8190 = CARTESIAN_POINT ( 'NONE',  ( 0.3199999999999982303, -8.673617379884035472E-16, 1.270000000000000018 ) ) ;
#8191 = ORIENTED_EDGE ( 'NONE', *, *, #9040, .T. ) ;
#8192 = ORIENTED_EDGE ( 'NONE', *, *, #8844, .F. ) ;
#8193 = ADVANCED_FACE ( 'NONE', ( #1894 ), #2440, .T. ) ;
#8194 = CARTESIAN_POINT ( 'NONE',  ( -5.780000000000002025, -2.880000000000000782, 0.000000000000000000 ) ) ;
#8195 = EDGE_CURVE ( 'NONE', #9110, #3508, #7550, .T. ) ;
#8196 = CARTESIAN_POINT ( 'NONE',  ( 1.934999999999997389, -8.673617379884035472E-16, -1.930000000000000160 ) ) ;
#8197 = DIRECTION ( 'NONE',  ( -0.3015113445777909407, 0.9045340337332726799, -0.3015113445777909407 ) ) ;
#8198 = PLANE ( 'NONE',  #2708 ) ;
#8199 = LINE ( 'NONE', #3250, #5695 ) ;
#8200 = FACE_OUTER_BOUND ( 'NONE', #5548, .T. ) ;
#8201 = ORIENTED_EDGE ( 'NONE', *, *, #471, .T. ) ;
#8202 = CARTESIAN_POINT ( 'NONE',  ( -0.1200000000000020495, -3.180000000000000604, -0.1200000000000000094 ) ) ;
#8203 = CARTESIAN_POINT ( 'NONE',  ( -11.88000000000000256, 7.500000000000000000, -0.1200000000000000094 ) ) ;
#8204 = CARTESIAN_POINT ( 'NONE',  ( -2.680000000000001936, 0.6999999999999992895, -0.8750000000000000000 ) ) ;
#8205 = LINE ( 'NONE', #3396, #6797 ) ;
#8206 = CARTESIAN_POINT ( 'NONE',  ( -7.750000000000001776, 3.299999999999999378, 1.250000000000000000 ) ) ;
#8207 = CARTESIAN_POINT ( 'NONE',  ( -14.67000000000000171, -1.150000000000000799, 2.469999999999999751 ) ) ;
#8208 = VECTOR ( 'NONE', #3744, 1000.000000000000000 ) ;
#8209 = ORIENTED_EDGE ( 'NONE', *, *, #6882, .F. ) ;
#8210 = CARTESIAN_POINT ( 'NONE',  ( -1.750000000000001554, 1.849999999999999645, 1.930000000000000160 ) ) ;
#8211 = CARTESIAN_POINT ( 'NONE',  ( -5.880000000000001670, 7.500000000000000000, 0.1200000000000000094 ) ) ;
#8212 = EDGE_LOOP ( 'NONE', ( #1937, #4729, #551, #3870 ) ) ;
#8213 = FACE_OUTER_BOUND ( 'NONE', #7208, .T. ) ;
#8214 = PLANE ( 'NONE',  #3490 ) ;
#8215 = ORIENTED_EDGE ( 'NONE', *, *, #7230, .T. ) ;
#8216 = VECTOR ( 'NONE', #6688, 1000.000000000000000 ) ;
#8217 = VECTOR ( 'NONE', #4939, 1000.000000000000000 ) ;
#8218 = VERTEX_POINT ( 'NONE', #1206 ) ;
#8219 = FACE_OUTER_BOUND ( 'NONE', #2989, .T. ) ;
#8220 = FACE_OUTER_BOUND ( 'NONE', #5320, .T. ) ;
#8221 = CARTESIAN_POINT ( 'NONE',  ( -10.75000000000000178, 9.899999999999998579, 1.250000000000000000 ) ) ;
#8222 = EDGE_CURVE ( 'NONE', #1602, #3232, #359, .T. ) ;
#8223 = ORIENTED_EDGE ( 'NONE', *, *, #3067, .F. ) ;
#8224 = PLANE ( 'NONE',  #6332 ) ;
#8225 = ORIENTED_EDGE ( 'NONE', *, *, #1209, .F. ) ;
#8226 = DIRECTION ( 'NONE',  ( 0.000000000000000000, 1.000000000000000000, 0.000000000000000000 ) ) ;
#8227 = VERTEX_POINT ( 'NONE', #6210 ) ;
#8228 = EDGE_LOOP ( 'NONE', ( #3277, #7087, #4197, #7241 ) ) ;
#8229 = PLANE ( 'NONE',  #2516 ) ;
#8230 = CARTESIAN_POINT ( 'NONE',  ( 0.3199999999999982303, 0.6699999999999995959, 1.270000000000000018 ) ) ;
#8231 = CARTESIAN_POINT ( 'NONE',  ( 3.319999999999998508, 8.500000000000000000, -1.250000000000000000 ) ) ;
#8232 = CARTESIAN_POINT ( 'NONE',  ( -12.00000000000000178, 7.200000000000000178, -0.2200000000000000011 ) ) ;
#8233 = ORIENTED_EDGE ( 'NONE', *, *, #1109, .F. ) ;
#8234 = ORIENTED_EDGE ( 'NONE', *, *, #2040, .T. ) ;
#8235 = LINE ( 'NONE', #1205, #3256 ) ;
#8236 = DIRECTION ( 'NONE',  ( 0.000000000000000000, -1.000000000000000000, 0.000000000000000000 ) ) ;
#8237 = VECTOR ( 'NONE', #5859, 1000.000000000000000 ) ;
#8238 = AXIS2_PLACEMENT_3D ( 'NONE', #6219, #1111, #6822 ) ;
#8239 = CARTESIAN_POINT ( 'NONE',  ( -0.3200000000000017275, -2.580000000000000515, -0.3200000000000000067 ) ) ;
#8240 = EDGE_CURVE ( 'NONE', #8875, #1018, #1343, .T. ) ;
#8241 = EDGE_CURVE ( 'NONE', #2483, #6932, #156, .T. ) ;
#8242 = EDGE_CURVE ( 'NONE', #9146, #7686, #7197, .T. ) ;
#8243 = VECTOR ( 'NONE', #5066, 1000.000000000000000 ) ;
#8244 = ORIENTED_EDGE ( 'NONE', *, *, #4319, .F. ) ;
#8245 = AXIS2_PLACEMENT_3D ( 'NONE', #8231, #1886, #4716 ) ;
#8246 = DIRECTION ( 'NONE',  ( 0.000000000000000000, -1.000000000000000000, 0.000000000000000000 ) ) ;
#8247 = VERTEX_POINT ( 'NONE', #6513 ) ;
#8248 = CARTESIAN_POINT ( 'NONE',  ( -14.99500000000000099, -1.275000000000000133, 2.319999999999999840 ) ) ;
#8249 = AXIS2_PLACEMENT_3D ( 'NONE', #2039, #1353, #6961 ) ;
#8250 = CARTESIAN_POINT ( 'NONE',  ( -7.300000000000001599, 7.399999999999999467, -3.135000000000000231 ) ) ;
#8251 = CARTESIAN_POINT ( 'NONE',  ( -1.750000000000001554, 9.899999999999998579, -1.250000000000000000 ) ) ;
#8252 = VECTOR ( 'NONE', #7274, 1000.000000000000000 ) ;
#8253 = ADVANCED_FACE ( 'NONE', ( #7634 ), #2940, .T. ) ;
#8254 = CARTESIAN_POINT ( 'NONE',  ( 0.3199999999999982303, 0.6999999999999992895, -0.8750000000000000000 ) ) ;
#8255 = EDGE_CURVE ( 'NONE', #2315, #7172, #6464, .T. ) ;
#8256 = DIRECTION ( 'NONE',  ( 1.000000000000000000, 0.000000000000000000, 0.000000000000000000 ) ) ;
#8257 = VECTOR ( 'NONE', #6286, 1000.000000000000000 ) ;
#8258 = DIRECTION ( 'NONE',  ( 1.000000000000000000, 0.000000000000000000, 0.000000000000000000 ) ) ;
#8259 = ORIENTED_EDGE ( 'NONE', *, *, #856, .F. ) ;
#8260 = LINE ( 'NONE', #2606, #416 ) ;
#8261 = EDGE_LOOP ( 'NONE', ( #1449, #7578, #8864, #7347 ) ) ;
#8262 = DIRECTION ( 'NONE',  ( 0.000000000000000000, -1.000000000000000000, 0.000000000000000000 ) ) ;
#8263 = DIRECTION ( 'NONE',  ( 1.000000000000000000, 0.000000000000000000, 0.000000000000000000 ) ) ;
#8264 = ORIENTED_EDGE ( 'NONE', *, *, #8044, .F. ) ;
#8265 = EDGE_LOOP ( 'NONE', ( #9168, #7293, #309, #8733 ) ) ;
#8266 = VECTOR ( 'NONE', #8304, 1000.000000000000000 ) ;
#8267 = ADVANCED_FACE ( 'NONE', ( #103 ), #9032, .T. ) ;
#8268 = CARTESIAN_POINT ( 'NONE',  ( 1.919999999999998153, 8.500000000000000000, 0.7500000000000000000 ) ) ;
#8269 = AXIS2_PLACEMENT_3D ( 'NONE', #1397, #4309, #7140 ) ;
#8270 = LINE ( 'NONE', #1967, #7672 ) ;
#8271 = ORIENTED_EDGE ( 'NONE', *, *, #6034, .T. ) ;
#8272 = LINE ( 'NONE', #2666, #7505 ) ;
#8273 = ORIENTED_EDGE ( 'NONE', *, *, #6600, .T. ) ;
#8274 = ORIENTED_EDGE ( 'NONE', *, *, #6957, .T. ) ;
#8275 = VERTEX_POINT ( 'NONE', #5547 ) ;
#8276 = DIRECTION ( 'NONE',  ( -1.000000000000000000, 0.000000000000000000, 0.000000000000000000 ) ) ;
#8277 = PLANE ( 'NONE',  #436 ) ;
#8278 = EDGE_CURVE ( 'NONE', #4502, #1286, #800, .T. ) ;
#8279 = APPLICATION_PROTOCOL_DEFINITION ( 'draft international standard', 'automotive_design', 1998, #2688 ) ;
#8280 = AXIS2_PLACEMENT_3D ( 'NONE', #8484, #5555, #1352 ) ;
#8281 = CARTESIAN_POINT ( 'NONE',  ( -6.320000000000002061, 6.899999999999999467, 0.3200000000000000067 ) ) ;
#8282 = ORIENTED_EDGE ( 'NONE', *, *, #3273, .T. ) ;
#8283 = ORIENTED_EDGE ( 'NONE', *, *, #1503, .T. ) ;
#8284 = VERTEX_POINT ( 'NONE', #1288 ) ;
#8285 = DIRECTION ( 'NONE',  ( 0.000000000000000000, 0.000000000000000000, -1.000000000000000000 ) ) ;
#8286 = CARTESIAN_POINT ( 'NONE',  ( 0.3199999999999982303, 2.549999999999999822, -0.3200000000000000067 ) ) ;
#8287 = ADVANCED_FACE ( 'NONE', ( #1500 ), #4329, .T. ) ;
#8288 = VERTEX_POINT ( 'NONE', #8594 ) ;
#8289 = EDGE_CURVE ( 'NONE', #4844, #123, #2243, .T. ) ;
#8290 = DIRECTION ( 'NONE',  ( 1.000000000000000000, 0.000000000000000000, 0.000000000000000000 ) ) ;
#8291 = ORIENTED_EDGE ( 'NONE', *, *, #4498, .F. ) ;
#8292 = CARTESIAN_POINT ( 'NONE',  ( -2.680000000000001936, 3.299999999999999378, -0.3200000000000000067 ) ) ;
#8293 = ORIENTED_EDGE ( 'NONE', *, *, #62, .T. ) ;
#8294 = FACE_OUTER_BOUND ( 'NONE', #9121, .T. ) ;
#8295 = PLANE ( 'NONE',  #6189 ) ;
#8296 = LINE ( 'NONE', #1169, #8968 ) ;
#8297 = CARTESIAN_POINT ( 'NONE',  ( -11.68000000000000327, 1.349999999999999645, -1.050000000000000044 ) ) ;
#8298 = VECTOR ( 'NONE', #4266, 1000.000000000000000 ) ;
#8299 = VECTOR ( 'NONE', #3161, 1000.000000000000000 ) ;
#8300 = PLANE ( 'NONE',  #8597 ) ;
#8301 = EDGE_CURVE ( 'NONE', #3473, #6434, #4370, .T. ) ;
#8302 = CARTESIAN_POINT ( 'NONE',  ( 3.319999999999998508, 8.500000000000000000, 0.7500000000000000000 ) ) ;
#8303 = VERTEX_POINT ( 'NONE', #2028 ) ;
#8304 = DIRECTION ( 'NONE',  ( -1.000000000000000000, 0.000000000000000000, 0.000000000000000000 ) ) ;
#8305 = EDGE_CURVE ( 'NONE', #8185, #5918, #593, .T. ) ;
#8306 = VERTEX_POINT ( 'NONE', #1245 ) ;
#8307 = DIRECTION ( 'NONE',  ( 0.000000000000000000, 0.000000000000000000, -1.000000000000000000 ) ) ;
#8308 = CARTESIAN_POINT ( 'NONE',  ( -13.93500000000000050, 0.6699999999999995959, 1.270000000000000018 ) ) ;
#8309 = ORIENTED_EDGE ( 'NONE', *, *, #836, .F. ) ;
#8310 = ORIENTED_EDGE ( 'NONE', *, *, #1258, .T. ) ;
#8311 = DIRECTION ( 'NONE',  ( -0.4619344188369849946, 0.000000000000000000, 0.8869140841669710396 ) ) ;
#8312 = DIRECTION ( 'NONE',  ( -1.000000000000000000, 0.000000000000000000, 0.000000000000000000 ) ) ;
#8313 = ORIENTED_EDGE ( 'NONE', *, *, #179, .F. ) ;
#8314 = CARTESIAN_POINT ( 'NONE',  ( -10.75000000000000178, 3.299999999999999378, -1.250000000000000000 ) ) ;
#8315 = ORIENTED_EDGE ( 'NONE', *, *, #6786, .T. ) ;
#8316 = EDGE_CURVE ( 'NONE', #345, #6799, #3683, .T. ) ;
#8317 = ORIENTED_EDGE ( 'NONE', *, *, #4281, .T. ) ;
#8318 = ORIENTED_EDGE ( 'NONE', *, *, #3249, .F. ) ;
#8319 = VECTOR ( 'NONE', #2860, 1000.000000000000000 ) ;
#8320 = CARTESIAN_POINT ( 'NONE',  ( -9.320000000000002061, 0.6999999999999992895, 0.8750000000000000000 ) ) ;
#8321 = VECTOR ( 'NONE', #3010, 1000.000000000000000 ) ;
#8322 = CARTESIAN_POINT ( 'NONE',  ( 2.384999999999998010, 0.6699999999999995959, -1.270000000000000018 ) ) ;
#8323 = EDGE_CURVE ( 'NONE', #9146, #1892, #8637, .T. ) ;
#8324 = DIRECTION ( 'NONE',  ( 0.000000000000000000, -1.000000000000000000, 0.000000000000000000 ) ) ;
#8325 = VECTOR ( 'NONE', #8945, 1000.000000000000000 ) ;
#8326 = DIRECTION ( 'NONE',  ( 0.000000000000000000, 1.000000000000000000, 0.000000000000000000 ) ) ;
#8327 = ORIENTED_EDGE ( 'NONE', *, *, #7889, .F. ) ;
#8328 = EDGE_LOOP ( 'NONE', ( #3500, #1475, #7719, #6539 ) ) ;
#8329 = ORIENTED_EDGE ( 'NONE', *, *, #2135, .T. ) ;
#8330 = CARTESIAN_POINT ( 'NONE',  ( -15.32000000000000206, -8.673617379884035472E-16, 2.469999999999999751 ) ) ;
#8331 = CARTESIAN_POINT ( 'NONE',  ( 3.269999999999998685, 4.949999999999999289, 0.000000000000000000 ) ) ;
#8332 = ORIENTED_EDGE ( 'NONE', *, *, #6682, .F. ) ;
#8333 = ORIENTED_EDGE ( 'NONE', *, *, #6175, .T. ) ;
#8334 = FACE_BOUND ( 'NONE', #6396, .T. ) ;
#8335 = ADVANCED_FACE ( 'NONE', ( #544 ), #2287, .T. ) ;
#8336 = ORIENTED_EDGE ( 'NONE', *, *, #2849, .F. ) ;
#8337 = CARTESIAN_POINT ( 'NONE',  ( -13.93500000000000050, -8.673617379884035472E-16, 1.270000000000000018 ) ) ;
#8338 = ORIENTED_EDGE ( 'NONE', *, *, #3997, .F. ) ;
#8339 = FACE_OUTER_BOUND ( 'NONE', #8474, .T. ) ;
#8340 = LINE ( 'NONE', #1990, #3675 ) ;
#8341 = LINE ( 'NONE', #3298, #8665 ) ;
#8342 = CARTESIAN_POINT ( 'NONE',  ( -3.320000000000001616, 1.349999999999999645, -1.050000000000000044 ) ) ;
#8343 = ADVANCED_FACE ( 'NONE', ( #3477 ), #4807, .T. ) ;
#8344 = DIRECTION ( 'NONE',  ( 0.000000000000000000, -1.000000000000000000, 0.000000000000000000 ) ) ;
#8345 = CARTESIAN_POINT ( 'NONE',  ( 2.359999999999997655, 9.459999999999999076, 1.930000000000000160 ) ) ;
#8346 = ORIENTED_EDGE ( 'NONE', *, *, #6314, .T. ) ;
#8347 = CARTESIAN_POINT ( 'NONE',  ( 0.3199999999999982303, 1.349999999999999645, 1.649999999999999911 ) ) ;
#8348 = VERTEX_POINT ( 'NONE', #5028 ) ;
#8349 = CARTESIAN_POINT ( 'NONE',  ( -13.93500000000000050, -8.673617379884035472E-16, 1.680000000000000160 ) ) ;
#8350 = CARTESIAN_POINT ( 'NONE',  ( -2.880000000000002114, 7.500000000000000000, 0.1200000000000000094 ) ) ;
#8351 = EDGE_LOOP ( 'NONE', ( #7610, #8466, #4145, #5099 ) ) ;
#8352 = ORIENTED_EDGE ( 'NONE', *, *, #2513, .T. ) ;
#8353 = EDGE_CURVE ( 'NONE', #3216, #2451, #7590, .T. ) ;
#8354 = EDGE_CURVE ( 'NONE', #2959, #7031, #1637, .T. ) ;
#8355 = EDGE_CURVE ( 'NONE', #915, #2461, #7428, .T. ) ;
#8356 = EDGE_CURVE ( 'NONE', #5283, #1235, #5850, .T. ) ;
#8357 = CARTESIAN_POINT ( 'NONE',  ( -0.3200000000000017275, -8.673617379884035472E-16, 1.270000000000000018 ) ) ;
#8358 = CARTESIAN_POINT ( 'NONE',  ( -13.92000000000000171, 9.899999999999998579, 1.930000000000000160 ) ) ;
#8359 = AXIS2_PLACEMENT_3D ( 'NONE', #4930, #7761, #6414 ) ;
#8360 = ORIENTED_EDGE ( 'NONE', *, *, #5272, .F. ) ;
#8361 = CARTESIAN_POINT ( 'NONE',  ( -11.68000000000000327, 1.349999999999999645, 1.649999999999999911 ) ) ;
#8362 = ORIENTED_EDGE ( 'NONE', *, *, #1001, .T. ) ;
#8363 = VERTEX_POINT ( 'NONE', #3027 ) ;
#8364 = CARTESIAN_POINT ( 'NONE',  ( 3.319999999999998508, 1.269999999999999352, 0.8750000000000000000 ) ) ;
#8365 = ORIENTED_EDGE ( 'NONE', *, *, #5636, .T. ) ;
#8366 = CARTESIAN_POINT ( 'NONE',  ( -15.32000000000000206, 8.500000000000000000, -1.250000000000000000 ) ) ;
#8367 = CARTESIAN_POINT ( 'NONE',  ( -14.38500000000000156, 0.6699999999999995959, -0.8750000000000000000 ) ) ;
#8368 = VECTOR ( 'NONE', #8763, 1000.000000000000000 ) ;
#8369 = EDGE_CURVE ( 'NONE', #1644, #8947, #2468, .T. ) ;
#8370 =( NAMED_UNIT ( * ) SI_UNIT ( $, .STERADIAN. ) SOLID_ANGLE_UNIT ( ) );
#8371 = DIRECTION ( 'NONE',  ( 1.000000000000000000, 0.000000000000000000, 0.000000000000000000 ) ) ;
#8372 = ORIENTED_EDGE ( 'NONE', *, *, #2294, .F. ) ;
#8373 = ORIENTED_EDGE ( 'NONE', *, *, #9101, .T. ) ;
#8374 = VERTEX_POINT ( 'NONE', #5246 ) ;
#8375 = CARTESIAN_POINT ( 'NONE',  ( -5.780000000000002025, 7.200000000000000178, 0.000000000000000000 ) ) ;
#8376 = EDGE_CURVE ( 'NONE', #4150, #3964, #8872, .T. ) ;
#8377 = DIRECTION ( 'NONE',  ( 0.000000000000000000, 0.000000000000000000, -1.000000000000000000 ) ) ;
#8378 = ORIENTED_EDGE ( 'NONE', *, *, #4341, .F. ) ;
#8379 = ORIENTED_EDGE ( 'NONE', *, *, #1561, .F. ) ;
#8380 = CARTESIAN_POINT ( 'NONE',  ( -8.680000000000001492, -2.580000000000000515, 0.3200000000000000067 ) ) ;
#8381 = EDGE_CURVE ( 'NONE', #2011, #1023, #3767, .T. ) ;
#8382 = VECTOR ( 'NONE', #4379, 1000.000000000000000 ) ;
#8383 = AXIS2_PLACEMENT_3D ( 'NONE', #4489, #6577, #1753 ) ;
#8384 = VERTEX_POINT ( 'NONE', #196 ) ;
#8385 = DIRECTION ( 'NONE',  ( 1.000000000000000000, 0.000000000000000000, 0.000000000000000000 ) ) ;
#8386 = DIRECTION ( 'NONE',  ( -1.000000000000000000, 0.000000000000000000, 0.000000000000000000 ) ) ;
#8387 = LINE ( 'NONE', #2091, #6925 ) ;
#8388 = CARTESIAN_POINT ( 'NONE',  ( 3.319999999999998508, 2.699999999999999734, 0.1137500000000000039 ) ) ;
#8389 = DIRECTION ( 'NONE',  ( 1.000000000000000000, 0.000000000000000000, 0.000000000000000000 ) ) ;
#8390 = DIRECTION ( 'NONE',  ( 0.6092076990801816860, 0.5076730825667846725, 0.6092076990801816860 ) ) ;
#8391 = CARTESIAN_POINT ( 'NONE',  ( -14.38500000000000156, -8.673617379884035472E-16, -1.270000000000000018 ) ) ;
#8392 = VECTOR ( 'NONE', #1873, 1000.000000000000000 ) ;
#8393 = VECTOR ( 'NONE', #4285, 1000.000000000000000 ) ;
#8395 = EDGE_CURVE ( 'NONE', #6971, #5439, #3079, .T. ) ;
#8394 = FACE_OUTER_BOUND ( 'NONE', #3479, .T. ) ;
#8396 = EDGE_CURVE ( 'NONE', #4083, #4860, #7294, .T. ) ;
#8397 = LINE ( 'NONE', #1446, #8549 ) ;
#8398 = VECTOR ( 'NONE', #5047, 1000.000000000000000 ) ;
#8399 = DIRECTION ( 'NONE',  ( 0.000000000000000000, 0.000000000000000000, 1.000000000000000000 ) ) ;
#8400 = ORIENTED_EDGE ( 'NONE', *, *, #251, .F. ) ;
#8401 = CARTESIAN_POINT ( 'NONE',  ( 0.1199999999999977196, -3.180000000000000604, 0.1200000000000000094 ) ) ;
#8402 = VECTOR ( 'NONE', #4272, 1000.000000000000114 ) ;
#8403 = ORIENTED_EDGE ( 'NONE', *, *, #1619, .T. ) ;
#8404 = LINE ( 'NONE', #5436, #8576 ) ;
#8405 = DIRECTION ( 'NONE',  ( 1.000000000000000000, 0.000000000000000000, 0.000000000000000000 ) ) ;
#8406 = EDGE_LOOP ( 'NONE', ( #4773, #1891, #4286, #3431 ) ) ;
#8407 = ADVANCED_FACE ( 'NONE', ( #8032 ), #7991, .T. ) ;
#8408 = ORIENTED_EDGE ( 'NONE', *, *, #2826, .F. ) ;
#8409 = VECTOR ( 'NONE', #7073, 1000.000000000000000 ) ;
#8410 = VECTOR ( 'NONE', #8326, 1000.000000000000000 ) ;
#8411 = PLANE ( 'NONE',  #4996 ) ;
#8412 = VECTOR ( 'NONE', #4918, 1000.000000000000000 ) ;
#8413 = DIRECTION ( 'NONE',  ( 0.000000000000000000, 0.000000000000000000, -1.000000000000000000 ) ) ;
#8414 = DIRECTION ( 'NONE',  ( 0.000000000000000000, 0.000000000000000000, 1.000000000000000000 ) ) ;
#8415 = VERTEX_POINT ( 'NONE', #940 ) ;
#8416 = DIRECTION ( 'NONE',  ( 1.000000000000000000, 0.000000000000000000, 0.000000000000000000 ) ) ;
#8417 = ORIENTED_EDGE ( 'NONE', *, *, #441, .T. ) ;
#8418 = VECTOR ( 'NONE', #5480, 1000.000000000000000 ) ;
#8419 = VERTEX_POINT ( 'NONE', #2379 ) ;
#8420 = CARTESIAN_POINT ( 'NONE',  ( -1.750000000000001554, 9.899999999999998579, 1.250000000000000000 ) ) ;
#8421 = FACE_OUTER_BOUND ( 'NONE', #5703, .T. ) ;
#8422 = DIRECTION ( 'NONE',  ( 0.000000000000000000, 0.000000000000000000, -1.000000000000000000 ) ) ;
#8423 = AXIS2_PLACEMENT_3D ( 'NONE', #4358, #227, #8858 ) ;
#8424 = AXIS2_PLACEMENT_3D ( 'NONE', #5012, #8450, #8399 ) ;
#8425 = FACE_OUTER_BOUND ( 'NONE', #5861, .T. ) ;
#8426 = CARTESIAN_POINT ( 'NONE',  ( -0.3200000000000017275, 3.299999999999999378, -0.3200000000000000067 ) ) ;
#8427 = ORIENTED_EDGE ( 'NONE', *, *, #136, .T. ) ;
#8428 = ORIENTED_EDGE ( 'NONE', *, *, #5221, .F. ) ;
#8429 = EDGE_CURVE ( 'NONE', #7112, #6428, #8074, .T. ) ;
#8430 = EDGE_LOOP ( 'NONE', ( #6220, #155, #7210, #8332 ) ) ;
#8431 = LINE ( 'NONE', #9120, #6911 ) ;
#8432 = EDGE_CURVE ( 'NONE', #7691, #8891, #7335, .T. ) ;
#8433 = ORIENTED_EDGE ( 'NONE', *, *, #7604, .T. ) ;
#8434 = VERTEX_POINT ( 'NONE', #983 ) ;
#8435 = VECTOR ( 'NONE', #453, 1000.000000000000000 ) ;
#8436 = VECTOR ( 'NONE', #7239, 1000.000000000000000 ) ;
#8437 = CARTESIAN_POINT ( 'NONE',  ( -12.32000000000000028, 1.349999999999999645, 1.680000000000000160 ) ) ;
#8438 = ADVANCED_FACE ( 'NONE', ( #3816 ), #6644, .T. ) ;
#8439 = AXIS2_PLACEMENT_3D ( 'NONE', #2355, #3654, #7964 ) ;
#8440 = ORIENTED_EDGE ( 'NONE', *, *, #8878, .F. ) ;
#8441 = DIRECTION ( 'NONE',  ( 0.000000000000000000, 0.000000000000000000, 1.000000000000000000 ) ) ;
#8442 = LINE ( 'NONE', #2735, #5442 ) ;
#8443 = VECTOR ( 'NONE', #6003, 1000.000000000000000 ) ;
#8444 = DIRECTION ( 'NONE',  ( 0.000000000000000000, 0.000000000000000000, 1.000000000000000000 ) ) ;
#8445 = DIRECTION ( 'NONE',  ( -1.000000000000000000, 0.000000000000000000, 0.000000000000000000 ) ) ;
#8446 = CARTESIAN_POINT ( 'NONE',  ( -8.680000000000001492, 0.6999999999999992895, 1.649999999999999911 ) ) ;
#8447 = FACE_OUTER_BOUND ( 'NONE', #230, .T. ) ;
#8448 = LINE ( 'NONE', #2841, #2701 ) ;
#8449 = CARTESIAN_POINT ( 'NONE',  ( -11.68000000000000327, 1.349999999999999645, -1.930000000000000160 ) ) ;
#8450 = DIRECTION ( 'NONE',  ( 0.7071067811865475727, 0.7071067811865475727, -0.000000000000000000 ) ) ;
#8451 = EDGE_LOOP ( 'NONE', ( #5962, #236, #8898, #3187 ) ) ;
#8452 = LINE ( 'NONE', #4185, #7828 ) ;
#8453 = ORIENTED_EDGE ( 'NONE', *, *, #4104, .F. ) ;
#8454 = EDGE_LOOP ( 'NONE', ( #8008, #1695, #6235, #4303 ) ) ;
#8455 = DIRECTION ( 'NONE',  ( 0.000000000000000000, -1.000000000000000000, 0.000000000000000000 ) ) ;
#8456 = EDGE_LOOP ( 'NONE', ( #7724, #4587, #5311, #6502, #4707 ) ) ;
#8457 = ORIENTED_EDGE ( 'NONE', *, *, #4625, .F. ) ;
#8458 = ADVANCED_FACE ( 'NONE', ( #2419 ), #1772, .T. ) ;
#8459 = EDGE_CURVE ( 'NONE', #8891, #8809, #3863, .T. ) ;
#8460 = CARTESIAN_POINT ( 'NONE',  ( -12.32000000000000028, -2.580000000000000515, -0.3200000000000000067 ) ) ;
#8461 = ADVANCED_FACE ( 'NONE', ( #381 ), #3168, .F. ) ;
#8462 = DIRECTION ( 'NONE',  ( 1.000000000000000000, 0.000000000000000000, 0.000000000000000000 ) ) ;
#8463 = ADVANCED_FACE ( 'NONE', ( #1589 ), #4423, .T. ) ;
#8464 = CARTESIAN_POINT ( 'NONE',  ( -11.68000000000000327, -8.673617379884035472E-16, 1.270000000000000018 ) ) ;
#8465 = CARTESIAN_POINT ( 'NONE',  ( -15.32000000000000206, 0.6699999999999995959, -1.270000000000000018 ) ) ;
#8466 = ORIENTED_EDGE ( 'NONE', *, *, #5947, .T. ) ;
#8467 = ORIENTED_EDGE ( 'NONE', *, *, #3033, .T. ) ;
#8468 = FACE_OUTER_BOUND ( 'NONE', #7780, .T. ) ;
#8469 = CARTESIAN_POINT ( 'NONE',  ( -6.320000000000002061, 0.6699999999999995959, -0.8750000000000000000 ) ) ;
#8470 = CARTESIAN_POINT ( 'NONE',  ( -11.68000000000000327, 3.299999999999999378, -0.3200000000000000067 ) ) ;
#8471 = DIRECTION ( 'NONE',  ( 0.000000000000000000, 0.000000000000000000, -1.000000000000000000 ) ) ;
#8472 = ORIENTED_EDGE ( 'NONE', *, *, #6930, .T. ) ;
#8473 = ORIENTED_EDGE ( 'NONE', *, *, #6136, .F. ) ;
#8474 = EDGE_LOOP ( 'NONE', ( #3368, #4335, #4380, #2477 ) ) ;
#8475 = LINE ( 'NONE', #7778, #7639 ) ;
#8476 = VERTEX_POINT ( 'NONE', #6094 ) ;
#8477 = ORIENTED_EDGE ( 'NONE', *, *, #8526, .T. ) ;
#8478 = LINE ( 'NONE', #2869, #8135 ) ;
#8479 = ADVANCED_FACE ( 'NONE', ( #3955 ), #6973, .F. ) ;
#8480 = VECTOR ( 'NONE', #1085, 1000.000000000000000 ) ;
#8481 = EDGE_CURVE ( 'NONE', #2006, #8024, #6138, .T. ) ;
#8482 = EDGE_CURVE ( 'NONE', #3964, #2510, #1265, .T. ) ;
#8483 = VERTEX_POINT ( 'NONE', #5437 ) ;
#8484 = CARTESIAN_POINT ( 'NONE',  ( -15.32000000000000206, 0.6699999999999995959, -1.270000000000000018 ) ) ;
#8485 = LINE ( 'NONE', #6267, #9140 ) ;
#8486 = UNCERTAINTY_MEASURE_WITH_UNIT (LENGTH_MEASURE( 1.000000000000000082E-05 ), #4469, 'distance_accuracy_value', 'NONE');
#8487 = DIRECTION ( 'NONE',  ( 0.000000000000000000, -1.000000000000000000, 0.000000000000000000 ) ) ;
#8488 = LINE ( 'NONE', #3487, #75 ) ;
#8489 = LINE ( 'NONE', #384, #772 ) ;
#8490 = CARTESIAN_POINT ( 'NONE',  ( -4.250000000000001776, 9.899999999999998579, 1.250000000000000000 ) ) ;
#8491 = DIRECTION ( 'NONE',  ( 0.000000000000000000, 0.000000000000000000, -1.000000000000000000 ) ) ;
#8492 = CARTESIAN_POINT ( 'NONE',  ( -15.32000000000000206, -8.673617379884035472E-16, 2.469999999999999751 ) ) ;
#8493 = CARTESIAN_POINT ( 'NONE',  ( 0.5499999999999983791, 9.899999999999998579, 1.250000000000000000 ) ) ;
#8494 = ORIENTED_EDGE ( 'NONE', *, *, #916, .T. ) ;
#8495 = PLANE ( 'NONE',  #3542 ) ;
#8496 = VERTEX_POINT ( 'NONE', #7569 ) ;
#8497 = CARTESIAN_POINT ( 'NONE',  ( 0.3199999999999982303, -8.673617379884035472E-16, -1.930000000000000160 ) ) ;
#8498 = EDGE_LOOP ( 'NONE', ( #1962, #3653, #5625, #4196 ) ) ;
#8499 = CARTESIAN_POINT ( 'NONE',  ( -13.93500000000000050, -8.673617379884035472E-16, 1.680000000000000160 ) ) ;
#8500 = CARTESIAN_POINT ( 'NONE',  ( -5.680000000000001492, 1.349999999999999645, -1.930000000000000160 ) ) ;
#8501 = CARTESIAN_POINT ( 'NONE',  ( -9.320000000000002061, 1.269999999999999352, -0.8750000000000000000 ) ) ;
#8502 = DIRECTION ( 'NONE',  ( -1.000000000000000000, 0.000000000000000000, 0.000000000000000000 ) ) ;
#8503 = EDGE_LOOP ( 'NONE', ( #7528, #9055, #5662, #7777, #3807, #8467, #6642, #8566 ) ) ;
#8504 = EDGE_LOOP ( 'NONE', ( #656, #4898, #89, #206, #5335 ) ) ;
#8505 = DIRECTION ( 'NONE',  ( 1.000000000000000000, 0.000000000000000000, 0.000000000000000000 ) ) ;
#8506 = DIRECTION ( 'NONE',  ( -1.000000000000000000, 0.000000000000000000, 0.000000000000000000 ) ) ;
#8507 = VECTOR ( 'NONE', #4493, 1000.000000000000000 ) ;
#8508 = DIRECTION ( 'NONE',  ( 1.000000000000000000, 0.000000000000000000, 0.000000000000000000 ) ) ;
#8509 = EDGE_CURVE ( 'NONE', #7017, #1309, #6921, .T. ) ;
#8510 = LINE ( 'NONE', #3600, #2933 ) ;
#8511 = ORIENTED_EDGE ( 'NONE', *, *, #7071, .T. ) ;
#8512 = ORIENTED_EDGE ( 'NONE', *, *, #7833, .T. ) ;
#8513 = VERTEX_POINT ( 'NONE', #1224 ) ;
#8514 = FACE_OUTER_BOUND ( 'NONE', #5485, .T. ) ;
#8515 = VECTOR ( 'NONE', #7970, 1000.000000000000000 ) ;
#8516 = ORIENTED_EDGE ( 'NONE', *, *, #5977, .F. ) ;
#8517 = EDGE_LOOP ( 'NONE', ( #6212, #730, #337, #8473, #7671, #5435, #9077, #5721 ) ) ;
#8518 = CARTESIAN_POINT ( 'NONE',  ( -9.320000000000002061, 0.6999999999999992895, 0.3200000000000000067 ) ) ;
#8519 = ORIENTED_EDGE ( 'NONE', *, *, #3703, .F. ) ;
#8520 = DIRECTION ( 'NONE',  ( -0.9486832980505238710, -0.3162277660168079652, -0.000000000000000000 ) ) ;
#8521 = DIRECTION ( 'NONE',  ( 5.921189464668000530E-14, -1.000000000000000000, 0.000000000000000000 ) ) ;
#8522 = DIRECTION ( 'NONE',  ( 0.000000000000000000, -1.000000000000000000, 0.000000000000000000 ) ) ;
#8523 = CARTESIAN_POINT ( 'NONE',  ( -3.320000000000001616, -8.673617379884035472E-16, -1.930000000000000160 ) ) ;
#8524 = DIRECTION ( 'NONE',  ( 0.000000000000000000, -1.000000000000000000, 0.000000000000000000 ) ) ;
#8525 = PLANE ( 'NONE',  #8865 ) ;
#8526 = EDGE_CURVE ( 'NONE', #5355, #1405, #2522, .T. ) ;
#8527 = DIRECTION ( 'NONE',  ( 0.000000000000000000, -1.000000000000000000, 0.000000000000000000 ) ) ;
#8528 = FACE_BOUND ( 'NONE', #4712, .T. ) ;
#8529 = DIRECTION ( 'NONE',  ( -0.3015113445777909407, -0.9045340337332726799, 0.3015113445777909407 ) ) ;
#8530 = ORIENTED_EDGE ( 'NONE', *, *, #6036, .F. ) ;
#8531 = CARTESIAN_POINT ( 'NONE',  ( 0.3199999999999982303, 6.899999999999999467, 0.3200000000000000067 ) ) ;
#8532 = EDGE_CURVE ( 'NONE', #8024, #3018, #2567, .T. ) ;
#8533 = LINE ( 'NONE', #2187, #2044 ) ;
#8534 = DIRECTION ( 'NONE',  ( 0.000000000000000000, 0.000000000000000000, 1.000000000000000000 ) ) ;
#8535 = ORIENTED_EDGE ( 'NONE', *, *, #2250, .T. ) ;
#8536 = VECTOR ( 'NONE', #7088, 1000.000000000000000 ) ;
#8537 = VECTOR ( 'NONE', #6603, 1000.000000000000000 ) ;
#8538 = EDGE_CURVE ( 'NONE', #4990, #8275, #4828, .T. ) ;
#8539 = DIRECTION ( 'NONE',  ( 1.184237892934000027E-14, -1.000000000000000000, 0.000000000000000000 ) ) ;
#8540 = VECTOR ( 'NONE', #5678, 1000.000000000000000 ) ;
#8541 = DIRECTION ( 'NONE',  ( 0.000000000000000000, 1.000000000000000000, 0.000000000000000000 ) ) ;
#8542 = DIRECTION ( 'NONE',  ( 1.000000000000000000, 0.000000000000000000, 0.000000000000000000 ) ) ;
#8543 = LINE ( 'NONE', #718, #7944 ) ;
#8544 = VECTOR ( 'NONE', #3551, 1000.000000000000000 ) ;
#8545 = ORIENTED_EDGE ( 'NONE', *, *, #35, .T. ) ;
#8546 = CARTESIAN_POINT ( 'NONE',  ( 0.3199999999999982303, -3.180000000000000604, 0.3200000000000000067 ) ) ;
#8547 = ORIENTED_EDGE ( 'NONE', *, *, #6624, .F. ) ;
#8548 = AXIS2_PLACEMENT_3D ( 'NONE', #8286, #3885, #3980 ) ;
#8549 = VECTOR ( 'NONE', #1400, 1000.000000000000000 ) ;
#8550 = CARTESIAN_POINT ( 'NONE',  ( -8.680000000000001492, 2.549999999999999822, -0.3200000000000000067 ) ) ;
#8551 = EDGE_CURVE ( 'NONE', #6897, #5500, #614, .T. ) ;
#8552 = DIRECTION ( 'NONE',  ( 0.000000000000000000, 0.000000000000000000, -1.000000000000000000 ) ) ;
#8553 = VECTOR ( 'NONE', #342, 1000.000000000000000 ) ;
#8554 = LINE ( 'NONE', #4987, #5144 ) ;
#8555 = ORIENTED_EDGE ( 'NONE', *, *, #1563, .F. ) ;
#8556 = EDGE_LOOP ( 'NONE', ( #4241, #3779, #3823, #7129 ) ) ;
#8557 = DIRECTION ( 'NONE',  ( 1.000000000000000000, 0.000000000000000000, 0.000000000000000000 ) ) ;
#8558 = EDGE_LOOP ( 'NONE', ( #1402, #3005, #5523, #9159 ) ) ;
#8559 = LINE ( 'NONE', #7130, #9124 ) ;
#8560 = ORIENTED_EDGE ( 'NONE', *, *, #8850, .T. ) ;
#8561 = EDGE_LOOP ( 'NONE', ( #8966, #8745, #3483, #6657, #5165, #929, #6771, #5821, #6207, #2887, #903, #4980 ) ) ;
#8562 = CARTESIAN_POINT ( 'NONE',  ( -4.700000000000001954, 4.949999999999999289, 0.000000000000000000 ) ) ;
#8563 = ADVANCED_FACE ( 'NONE', ( #5390 ), #8214, .T. ) ;
#8564 = VECTOR ( 'NONE', #969, 1000.000000000000000 ) ;
#8565 = EDGE_CURVE ( 'NONE', #7586, #8288, #524, .T. ) ;
#8566 = ORIENTED_EDGE ( 'NONE', *, *, #5917, .F. ) ;
#8567 = EDGE_CURVE ( 'NONE', #6877, #3473, #6234, .T. ) ;
#8568 = DIRECTION ( 'NONE',  ( 1.000000000000000000, 0.000000000000000000, 0.000000000000000000 ) ) ;
#8569 = CARTESIAN_POINT ( 'NONE',  ( -2.680000000000001936, 6.899999999999999467, 0.3200000000000000067 ) ) ;
#8570 = VECTOR ( 'NONE', #6365, 1000.000000000000000 ) ;
#8571 = EDGE_CURVE ( 'NONE', #7002, #5895, #7660, .T. ) ;
#8572 = DIRECTION ( 'NONE',  ( 0.000000000000000000, 0.000000000000000000, 1.000000000000000000 ) ) ;
#8573 = DIRECTION ( 'NONE',  ( 0.000000000000000000, 0.000000000000000000, 1.000000000000000000 ) ) ;
#8574 = VECTOR ( 'NONE', #2734, 1000.000000000000000 ) ;
#8575 = CARTESIAN_POINT ( 'NONE',  ( -13.93500000000000050, 1.699999999999999734, -1.930000000000000160 ) ) ;
#8576 = VECTOR ( 'NONE', #4087, 1000.000000000000000 ) ;
#8577 = DIRECTION ( 'NONE',  ( 0.000000000000000000, -1.000000000000000000, 0.000000000000000000 ) ) ;
#8578 = PLANE ( 'NONE',  #6340 ) ;
#8579 = VECTOR ( 'NONE', #2626, 1000.000000000000000 ) ;
#8580 = LINE ( 'NONE', #4182, #574 ) ;
#8581 = ORIENTED_EDGE ( 'NONE', *, *, #8621, .T. ) ;
#8582 = PLANE ( 'NONE',  #2199 ) ;
#8583 = ORIENTED_EDGE ( 'NONE', *, *, #715, .F. ) ;
#8584 = LINE ( 'NONE', #4188, #3773 ) ;
#8585 = ORIENTED_EDGE ( 'NONE', *, *, #7485, .F. ) ;
#8586 = LINE ( 'NONE', #3021, #6186 ) ;
#8587 = ADVANCED_FACE ( 'NONE', ( #1313 ), #5483, .T. ) ;
#8588 = ADVANCED_FACE ( 'NONE', ( #9053 ), #480, .T. ) ;
#8589 = DIRECTION ( 'NONE',  ( 0.000000000000000000, 0.000000000000000000, 1.000000000000000000 ) ) ;
#8590 = EDGE_CURVE ( 'NONE', #3864, #1471, #4648, .T. ) ;
#8591 = FACE_OUTER_BOUND ( 'NONE', #8803, .T. ) ;
#8592 = CARTESIAN_POINT ( 'NONE',  ( -7.300000000000001599, 6.899999999999999467, -1.935000000000000053 ) ) ;
#8593 = ORIENTED_EDGE ( 'NONE', *, *, #2485, .T. ) ;
#8594 = CARTESIAN_POINT ( 'NONE',  ( 3.319999999999998508, -8.673617379884035472E-16, -1.930000000000000160 ) ) ;
#8595 = ORIENTED_EDGE ( 'NONE', *, *, #2353, .T. ) ;
#8596 = LINE ( 'NONE', #900, #2997 ) ;
#8597 = AXIS2_PLACEMENT_3D ( 'NONE', #6828, #6966, #8256 ) ;
#8598 = DIRECTION ( 'NONE',  ( -1.000000000000000000, 0.000000000000000000, 0.000000000000000000 ) ) ;
#8599 = DIRECTION ( 'NONE',  ( 0.000000000000000000, 0.000000000000000000, -1.000000000000000000 ) ) ;
#8600 = EDGE_CURVE ( 'NONE', #6919, #7521, #2704, .T. ) ;
#8601 = EDGE_LOOP ( 'NONE', ( #5569, #6275, #4099, #5842 ) ) ;
#8602 = DIRECTION ( 'NONE',  ( 0.000000000000000000, 0.000000000000000000, 1.000000000000000000 ) ) ;
#8603 = EDGE_LOOP ( 'NONE', ( #533, #5222, #4576, #3497 ) ) ;
#8604 = CARTESIAN_POINT ( 'NONE',  ( -11.25000000000000355, 1.849999999999999645, 2.429999999999999716 ) ) ;
#8605 = ORIENTED_EDGE ( 'NONE', *, *, #6016, .T. ) ;
#8606 = ORIENTED_EDGE ( 'NONE', *, *, #7485, .T. ) ;
#8607 = FACE_OUTER_BOUND ( 'NONE', #1182, .T. ) ;
#8608 = EDGE_CURVE ( 'NONE', #2947, #8792, #3310, .T. ) ;
#8609 = PLANE ( 'NONE',  #2312 ) ;
#8610 = VERTEX_POINT ( 'NONE', #7845 ) ;
#8611 = VERTEX_POINT ( 'NONE', #6375 ) ;
#8612 = FACE_OUTER_BOUND ( 'NONE', #4471, .T. ) ;
#8613 = LINE ( 'NONE', #79, #106 ) ;
#8614 = LINE ( 'NONE', #1393, #6237 ) ;
#8615 = CARTESIAN_POINT ( 'NONE',  ( -12.32000000000000028, 0.6999999999999992895, 0.3200000000000000067 ) ) ;
#8616 = AXIS2_PLACEMENT_3D ( 'NONE', #3578, #3053, #7271 ) ;
#8617 = DIRECTION ( 'NONE',  ( 0.000000000000000000, -1.000000000000000000, 0.000000000000000000 ) ) ;
#8618 = VECTOR ( 'NONE', #4081, 1000.000000000000000 ) ;
#8619 = ADVANCED_FACE ( 'NONE', ( #6454 ), #661, .T. ) ;
#8620 = PLANE ( 'NONE',  #1809 ) ;
#8621 = EDGE_CURVE ( 'NONE', #1184, #812, #2188, .T. ) ;
#8622 = LINE ( 'NONE', #137, #706 ) ;
#8623 = DIRECTION ( 'NONE',  ( 0.000000000000000000, -1.000000000000000000, 0.000000000000000000 ) ) ;
#8624 = VECTOR ( 'NONE', #2878, 1000.000000000000000 ) ;
#8625 = ORIENTED_EDGE ( 'NONE', *, *, #3302, .T. ) ;
#8626 = CARTESIAN_POINT ( 'NONE',  ( 0.3199999999999982303, 1.349999999999999645, -1.050000000000000044 ) ) ;
#8627 = CARTESIAN_POINT ( 'NONE',  ( 1.919999999999998153, 9.899999999999998579, -1.930000000000000160 ) ) ;
#8628 = LINE ( 'NONE', #277, #515 ) ;
#8629 = EDGE_CURVE ( 'NONE', #2484, #1233, #8584, .T. ) ;
#8630 = ORIENTED_EDGE ( 'NONE', *, *, #7907, .F. ) ;
#8631 = CARTESIAN_POINT ( 'NONE',  ( -0.3200000000000017275, 1.349999999999999645, -1.930000000000000160 ) ) ;
#8632 = PLANE ( 'NONE',  #8692 ) ;
#8633 = DIRECTION ( 'NONE',  ( 0.000000000000000000, 0.000000000000000000, -1.000000000000000000 ) ) ;
#8634 = LINE ( 'NONE', #8071, #1011 ) ;
#8635 = FACE_OUTER_BOUND ( 'NONE', #6790, .T. ) ;
#8636 = VERTEX_POINT ( 'NONE', #753 ) ;
#8637 = LINE ( 'NONE', #4857, #7917 ) ;
#8638 = EDGE_CURVE ( 'NONE', #7085, #4083, #4317, .T. ) ;
#8639 = ORIENTED_EDGE ( 'NONE', *, *, #9164, .T. ) ;
#8640 = CARTESIAN_POINT ( 'NONE',  ( -11.25000000000000355, 1.849999999999999645, 1.930000000000000160 ) ) ;
#8641 = EDGE_CURVE ( 'NONE', #7368, #2659, #5749, .T. ) ;
#8642 = EDGE_CURVE ( 'NONE', #7214, #3919, #5058, .T. ) ;
#8643 = DIRECTION ( 'NONE',  ( 1.000000000000000000, 0.000000000000000000, 0.000000000000000000 ) ) ;
#8644 = PLANE ( 'NONE',  #4403 ) ;
#8645 = ORIENTED_EDGE ( 'NONE', *, *, #2536, .T. ) ;
#8646 = DIRECTION ( 'NONE',  ( 0.6092076990801816860, -0.5076730825667846725, 0.6092076990801816860 ) ) ;
#8647 = ORIENTED_EDGE ( 'NONE', *, *, #6576, .T. ) ;
#8648 = CARTESIAN_POINT ( 'NONE',  ( -13.93500000000000050, 1.269999999999999352, -0.8750000000000000000 ) ) ;
#8649 = EDGE_CURVE ( 'NONE', #4844, #6372, #1534, .T. ) ;
#8650 = EDGE_LOOP ( 'NONE', ( #1723, #4597, #8781, #3909 ) ) ;
#8651 = VERTEX_POINT ( 'NONE', #4232 ) ;
#8652 = EDGE_CURVE ( 'NONE', #2683, #8476, #4885, .T. ) ;
#8653 = LINE ( 'NONE', #815, #8888 ) ;
#8654 = ADVANCED_FACE ( 'NONE', ( #708 ), #792, .T. ) ;
#8655 = PLANE ( 'NONE',  #6582 ) ;
#8656 = ORIENTED_EDGE ( 'NONE', *, *, #3111, .F. ) ;
#8657 = ORIENTED_EDGE ( 'NONE', *, *, #1965, .F. ) ;
#8658 = DIRECTION ( 'NONE',  ( -0.7071067811865475727, 0.7071067811865475727, 0.000000000000000000 ) ) ;
#8659 = FACE_OUTER_BOUND ( 'NONE', #1293, .T. ) ;
#8660 = VECTOR ( 'NONE', #3215, 1000.000000000000000 ) ;
#8661 = VECTOR ( 'NONE', #4242, 1000.000000000000000 ) ;
#8662 = CARTESIAN_POINT ( 'NONE',  ( 2.969999999999998863, -1.400000000000000133, 2.169999999999999929 ) ) ;
#8663 = DIRECTION ( 'NONE',  ( 0.000000000000000000, 0.000000000000000000, -1.000000000000000000 ) ) ;
#8664 = EDGE_CURVE ( 'NONE', #2613, #4089, #7718, .T. ) ;
#8665 = VECTOR ( 'NONE', #1855, 1000.000000000000000 ) ;
#8666 = LINE ( 'NONE', #3753, #325 ) ;
#8667 = DIRECTION ( 'NONE',  ( -0.3015113445777909407, 0.9045340337332726799, 0.3015113445777909407 ) ) ;
#8668 = DIRECTION ( 'NONE',  ( 0.000000000000000000, 0.000000000000000000, -1.000000000000000000 ) ) ;
#8669 = ORIENTED_EDGE ( 'NONE', *, *, #5561, .F. ) ;
#8670 = DIRECTION ( 'NONE',  ( -1.000000000000000000, 0.000000000000000000, 0.000000000000000000 ) ) ;
#8671 = DIRECTION ( 'NONE',  ( 0.000000000000000000, -0.3162277660168079652, 0.9486832980505238710 ) ) ;
#8672 = DIRECTION ( 'NONE',  ( 0.000000000000000000, -1.000000000000000000, 0.000000000000000000 ) ) ;
#8673 = VERTEX_POINT ( 'NONE', #2847 ) ;
#8674 = LINE ( 'NONE', #2281, #4279 ) ;
#8675 = ADVANCED_FACE ( 'NONE', ( #3624 ), #835, .F. ) ;
#8676 = ORIENTED_EDGE ( 'NONE', *, *, #3111, .T. ) ;
#8677 = CARTESIAN_POINT ( 'NONE',  ( 3.319999999999998508, 1.269999999999999352, 0.8750000000000000000 ) ) ;
#8678 = LINE ( 'NONE', #3678, #7080 ) ;
#8679 = LINE ( 'NONE', #8029, #1898 ) ;
#8681 = EDGE_CURVE ( 'NONE', #1763, #2995, #3673, .T. ) ;
#8680 = CARTESIAN_POINT ( 'NONE',  ( -3.120000000000001883, 7.500000000000000000, 0.1200000000000000094 ) ) ;
#8682 = VECTOR ( 'NONE', #1979, 1000.000000000000000 ) ;
#8683 = AXIS2_PLACEMENT_3D ( 'NONE', #3986, #2596, #7506 ) ;
#8684 = CARTESIAN_POINT ( 'NONE',  ( -7.250000000000001776, 3.299999999999999378, 1.250000000000000000 ) ) ;
#8685 = ORIENTED_EDGE ( 'NONE', *, *, #4606, .T. ) ;
#8686 = CARTESIAN_POINT ( 'NONE',  ( -14.38500000000000156, -8.673617379884035472E-16, 1.270000000000000018 ) ) ;
#8687 = ORIENTED_EDGE ( 'NONE', *, *, #3662, .F. ) ;
#8688 = CARTESIAN_POINT ( 'NONE',  ( -3.320000000000001616, -8.673617379884035472E-16, -1.930000000000000160 ) ) ;
#8689 = VECTOR ( 'NONE', #618, 1000.000000000000000 ) ;
#8690 = VECTOR ( 'NONE', #7767, 1000.000000000000114 ) ;
#8691 = DIRECTION ( 'NONE',  ( 0.000000000000000000, 0.000000000000000000, 1.000000000000000000 ) ) ;
#8692 = AXIS2_PLACEMENT_3D ( 'NONE', #5019, #6546, #2282 ) ;
#8693 = DIRECTION ( 'NONE',  ( 0.000000000000000000, -1.000000000000000000, 0.000000000000000000 ) ) ;
#8694 = ORIENTED_EDGE ( 'NONE', *, *, #6731, .F. ) ;
#8695 = LINE ( 'NONE', #6960, #2169 ) ;
#8696 = VERTEX_POINT ( 'NONE', #2142 ) ;
#8697 = VECTOR ( 'NONE', #6011, 1000.000000000000000 ) ;
#8698 = LINE ( 'NONE', #4340, #8822 ) ;
#8699 = VECTOR ( 'NONE', #1998, 1000.000000000000000 ) ;
#8700 = VERTEX_POINT ( 'NONE', #2056 ) ;
#8701 = ORIENTED_EDGE ( 'NONE', *, *, #2558, .T. ) ;
#8702 = CARTESIAN_POINT ( 'NONE',  ( -11.68000000000000327, -2.580000000000000515, 0.3200000000000000067 ) ) ;
#8703 = FACE_OUTER_BOUND ( 'NONE', #4482, .T. ) ;
#8704 = AXIS2_PLACEMENT_3D ( 'NONE', #7341, #8132, #3128 ) ;
#8705 = VERTEX_POINT ( 'NONE', #1365 ) ;
#8706 = VECTOR ( 'NONE', #2975, 1000.000000000000000 ) ;
#8707 = EDGE_CURVE ( 'NONE', #3433, #4551, #6322, .T. ) ;
#8708 = VERTEX_POINT ( 'NONE', #4277 ) ;
#8709 = EDGE_CURVE ( 'NONE', #7134, #1636, #2804, .T. ) ;
#8710 = PLANE ( 'NONE',  #7106 ) ;
#8711 = DIRECTION ( 'NONE',  ( 5.921189464668000530E-14, -1.000000000000000000, 0.000000000000000000 ) ) ;
#8712 = VECTOR ( 'NONE', #3669, 1000.000000000000000 ) ;
#8713 = CARTESIAN_POINT ( 'NONE',  ( -9.320000000000002061, -8.673617379884035472E-16, -1.930000000000000160 ) ) ;
#8714 = CARTESIAN_POINT ( 'NONE',  ( -12.32000000000000028, 3.299999999999999378, -0.3200000000000000067 ) ) ;
#8715 = CARTESIAN_POINT ( 'NONE',  ( -0.3200000000000017275, 3.299999999999999378, 0.3200000000000000067 ) ) ;
#8716 = VECTOR ( 'NONE', #5696, 1000.000000000000000 ) ;
#8717 = DIRECTION ( 'NONE',  ( 0.000000000000000000, -0.3162277660168079652, 0.9486832980505238710 ) ) ;
#8718 = ORIENTED_EDGE ( 'NONE', *, *, #7120, .T. ) ;
#8719 = CARTESIAN_POINT ( 'NONE',  ( -13.93500000000000050, -8.673617379884035472E-16, -1.930000000000000160 ) ) ;
#8720 = CARTESIAN_POINT ( 'NONE',  ( -14.38500000000000156, -8.673617379884035472E-16, 2.469999999999999751 ) ) ;
#8721 = CARTESIAN_POINT ( 'NONE',  ( -15.32000000000000206, 0.6699999999999995959, -0.8750000000000000000 ) ) ;
#8722 = ADVANCED_FACE ( 'NONE', ( #2104 ), #3586, .T. ) ;
#8723 = VERTEX_POINT ( 'NONE', #5706 ) ;
#8724 = DIRECTION ( 'NONE',  ( 0.000000000000000000, 0.7071067811865474617, 0.7071067811865474617 ) ) ;
#8725 = VECTOR ( 'NONE', #6753, 1000.000000000000000 ) ;
#8726 = ORIENTED_EDGE ( 'NONE', *, *, #7231, .F. ) ;
#8727 = CARTESIAN_POINT ( 'NONE',  ( -0.3200000000000017275, 1.349999999999999645, -1.930000000000000160 ) ) ;
#8728 = VECTOR ( 'NONE', #4798, 1000.000000000000000 ) ;
#8729 = CARTESIAN_POINT ( 'NONE',  ( -13.25000000000000178, 3.299999999999999378, 0.5500000000000000444 ) ) ;
#8730 = ORIENTED_EDGE ( 'NONE', *, *, #1616, .F. ) ;
#8731 = CARTESIAN_POINT ( 'NONE',  ( -1.734723475976807094E-15, 7.200000000000000178, -0.2200000000000000011 ) ) ;
#8732 = LINE ( 'NONE', #8680, #5754 ) ;
#8733 = ORIENTED_EDGE ( 'NONE', *, *, #5084, .T. ) ;
#8734 = EDGE_CURVE ( 'NONE', #6353, #5705, #1068, .T. ) ;
#8735 = DIRECTION ( 'NONE',  ( 0.000000000000000000, 0.000000000000000000, -1.000000000000000000 ) ) ;
#8736 = ORIENTED_EDGE ( 'NONE', *, *, #5742, .F. ) ;
#8737 = DIRECTION ( 'NONE',  ( 0.000000000000000000, 0.000000000000000000, 1.000000000000000000 ) ) ;
#8738 = ADVANCED_FACE ( 'NONE', ( #3156 ), #5885, .T. ) ;
#8739 = FILL_AREA_STYLE_COLOUR ( '', #7943 ) ;
#8740 = FACE_OUTER_BOUND ( 'NONE', #4824, .T. ) ;
#8741 = ORIENTED_EDGE ( 'NONE', *, *, #1620, .F. ) ;
#8742 = DIRECTION ( 'NONE',  ( -0.3015113445777909407, -0.9045340337332726799, -0.3015113445777909407 ) ) ;
#8743 = EDGE_LOOP ( 'NONE', ( #3906, #7556, #5513, #8085, #1210, #5041, #2578, #6561, #3305, #2479, #7431, #1578, #5751, #6883 ) ) ;
#8744 = CARTESIAN_POINT ( 'NONE',  ( -7.750000000000001776, 9.899999999999998579, 1.250000000000000000 ) ) ;
#8745 = ORIENTED_EDGE ( 'NONE', *, *, #4118, .F. ) ;
#8746 = ORIENTED_EDGE ( 'NONE', *, *, #6662, .T. ) ;
#8747 = PLANE ( 'NONE',  #2958 ) ;
#8748 = CARTESIAN_POINT ( 'NONE',  ( -12.32000000000000028, 3.299999999999999378, 0.3200000000000000067 ) ) ;
#8749 = ORIENTED_EDGE ( 'NONE', *, *, #6870, .T. ) ;
#8750 = ORIENTED_EDGE ( 'NONE', *, *, #723, .F. ) ;
#8751 = DIRECTION ( 'NONE',  ( -1.000000000000000000, 0.000000000000000000, 0.000000000000000000 ) ) ;
#8752 = FACE_OUTER_BOUND ( 'NONE', #5871, .T. ) ;
#8753 = CARTESIAN_POINT ( 'NONE',  ( -7.300000000000001599, 9.350000000000001421, -1.935000000000000053 ) ) ;
#8754 = EDGE_CURVE ( 'NONE', #2524, #8840, #7418, .T. ) ;
#8755 = CARTESIAN_POINT ( 'NONE',  ( -5.680000000000001492, 1.269999999999999352, -0.8750000000000000000 ) ) ;
#8756 = EDGE_CURVE ( 'NONE', #3781, #2278, #8111, .T. ) ;
#8757 = ADVANCED_FACE ( 'NONE', ( #186 ), #6501, .F. ) ;
#8758 = CARTESIAN_POINT ( 'NONE',  ( -12.32000000000000028, 1.349999999999999645, 1.649999999999999911 ) ) ;
#8759 = FACE_OUTER_BOUND ( 'NONE', #2803, .T. ) ;
#8760 = ORIENTED_EDGE ( 'NONE', *, *, #5507, .F. ) ;
#8761 = CARTESIAN_POINT ( 'NONE',  ( -3.320000000000001616, 1.349999999999999645, -1.050000000000000044 ) ) ;
#8762 = CARTESIAN_POINT ( 'NONE',  ( -0.3200000000000017275, 1.349999999999999645, 1.649999999999999911 ) ) ;
#8763 = DIRECTION ( 'NONE',  ( 1.480297366167000132E-14, -1.000000000000000000, 0.000000000000000000 ) ) ;
#8764 = VECTOR ( 'NONE', #3866, 1000.000000000000000 ) ;
#8765 = ORIENTED_EDGE ( 'NONE', *, *, #9081, .T. ) ;
#8766 = CARTESIAN_POINT ( 'NONE',  ( -8.880000000000002558, 7.500000000000000000, 0.1200000000000000094 ) ) ;
#8767 = VERTEX_POINT ( 'NONE', #144 ) ;
#8768 = PLANE ( 'NONE',  #303 ) ;
#8769 = VECTOR ( 'NONE', #3792, 1000.000000000000000 ) ;
#8770 = DIRECTION ( 'NONE',  ( 1.000000000000000000, 0.000000000000000000, 0.000000000000000000 ) ) ;
#8771 = ORIENTED_EDGE ( 'NONE', *, *, #6162, .F. ) ;
#8772 = LINE ( 'NONE', #978, #3682 ) ;
#8773 = CARTESIAN_POINT ( 'NONE',  ( -15.32000000000000206, 0.6699999999999995959, 1.270000000000000018 ) ) ;
#8774 = ORIENTED_EDGE ( 'NONE', *, *, #4830, .T. ) ;
#8775 = ADVANCED_FACE ( 'NONE', ( #1022 ), #7279, .T. ) ;
#8776 = DIRECTION ( 'NONE',  ( -0.3162277660168079652, 0.9486832980505238710, 0.000000000000000000 ) ) ;
#8777 = EDGE_LOOP ( 'NONE', ( #383, #4802, #6698, #8093 ) ) ;
#8778 = DIRECTION ( 'NONE',  ( -1.000000000000000000, 0.000000000000000000, 0.000000000000000000 ) ) ;
#8779 = DIRECTION ( 'NONE',  ( -1.000000000000000000, 0.000000000000000000, 0.000000000000000000 ) ) ;
#8780 = DIRECTION ( 'NONE',  ( 1.000000000000000000, 0.000000000000000000, 0.000000000000000000 ) ) ;
#8781 = ORIENTED_EDGE ( 'NONE', *, *, #723, .T. ) ;
#8782 = CARTESIAN_POINT ( 'NONE',  ( -3.320000000000001616, -8.673617379884035472E-16, 1.680000000000000160 ) ) ;
#8783 = ORIENTED_EDGE ( 'NONE', *, *, #5051, .T. ) ;
#8784 = LINE ( 'NONE', #1734, #7935 ) ;
#8785 = ORIENTED_EDGE ( 'NONE', *, *, #4281, .F. ) ;
#8786 = VERTEX_POINT ( 'NONE', #1710 ) ;
#8787 = DIRECTION ( 'NONE',  ( 0.000000000000000000, 0.000000000000000000, -1.000000000000000000 ) ) ;
#8788 = CARTESIAN_POINT ( 'NONE',  ( -13.25000000000000178, 9.899999999999998579, 0.5500000000000000444 ) ) ;
#8789 = EDGE_CURVE ( 'NONE', #6376, #8083, #8019, .T. ) ;
#8790 = CARTESIAN_POINT ( 'NONE',  ( -15.32000000000000206, 0.6699999999999995959, 1.270000000000000018 ) ) ;
#8791 = EDGE_CURVE ( 'NONE', #5223, #3691, #5834, .T. ) ;
#8792 = VERTEX_POINT ( 'NONE', #5931 ) ;
#8793 = ORIENTED_EDGE ( 'NONE', *, *, #1209, .T. ) ;
#8794 = EDGE_LOOP ( 'NONE', ( #2668, #2514, #7077, #5089 ) ) ;
#8795 = CARTESIAN_POINT ( 'NONE',  ( -15.32000000000000206, -8.673617379884035472E-16, -1.250000000000000000 ) ) ;
#8796 = LINE ( 'NONE', #6119, #3220 ) ;
#8797 = EDGE_CURVE ( 'NONE', #2394, #6244, #8628, .T. ) ;
#8798 = CARTESIAN_POINT ( 'NONE',  ( -5.680000000000001492, 1.349999999999999645, 1.680000000000000160 ) ) ;
#8799 = LINE ( 'NONE', #8053, #8325 ) ;
#8800 = CARTESIAN_POINT ( 'NONE',  ( -13.93500000000000050, 0.6699999999999995959, -0.8750000000000000000 ) ) ;
#8801 = VECTOR ( 'NONE', #1453, 1000.000000000000000 ) ;
#8802 = CARTESIAN_POINT ( 'NONE',  ( 3.319999999999998508, -8.673617379884035472E-16, 1.270000000000000018 ) ) ;
#8803 = EDGE_LOOP ( 'NONE', ( #5344, #2774, #8155, #810 ) ) ;
#8804 = DIRECTION ( 'NONE',  ( 0.000000000000000000, 0.6401843996644798196, 0.7682212795973758501 ) ) ;
#8805 = LINE ( 'NONE', #8762, #1163 ) ;
#8806 = PLANE ( 'NONE',  #1698 ) ;
#8807 = ORIENTED_EDGE ( 'NONE', *, *, #1230, .F. ) ;
#8808 = PLANE ( 'NONE',  #2498 ) ;
#8809 = VERTEX_POINT ( 'NONE', #1577 ) ;
#8810 = CARTESIAN_POINT ( 'NONE',  ( -11.68000000000000327, 0.6999999999999992895, -0.8750000000000000000 ) ) ;
#8811 = ADVANCED_FACE ( 'NONE', ( #6542 ), #6581, .T. ) ;
#8812 = PLANE ( 'NONE',  #3377 ) ;
#8813 = ORIENTED_EDGE ( 'NONE', *, *, #4207, .F. ) ;
#8814 = PLANE ( 'NONE',  #867 ) ;
#8815 = DIRECTION ( 'NONE',  ( -1.850371707709000234E-14, 0.000000000000000000, 1.000000000000000000 ) ) ;
#8816 = EDGE_CURVE ( 'NONE', #4655, #1462, #2277, .T. ) ;
#8817 = ORIENTED_EDGE ( 'NONE', *, *, #6786, .F. ) ;
#8818 = CARTESIAN_POINT ( 'NONE',  ( -2.680000000000001936, -2.580000000000000515, 0.3200000000000000067 ) ) ;
#8819 = ORIENTED_EDGE ( 'NONE', *, *, #910, .F. ) ;
#8820 = VERTEX_POINT ( 'NONE', #3716 ) ;
#8821 = LINE ( 'NONE', #3272, #7742 ) ;
#8822 = VECTOR ( 'NONE', #5725, 1000.000000000000000 ) ;
#8823 = VECTOR ( 'NONE', #211, 1000.000000000000114 ) ;
#8824 = CARTESIAN_POINT ( 'NONE',  ( 2.669999999999998597, -8.673617379884035472E-16, 1.570000000000000062 ) ) ;
#8825 = FACE_OUTER_BOUND ( 'NONE', #9020, .T. ) ;
#8826 = ORIENTED_EDGE ( 'NONE', *, *, #1398, .T. ) ;
#8827 = CARTESIAN_POINT ( 'NONE',  ( -3.320000000000001616, 0.6999999999999992895, -0.3200000000000000067 ) ) ;
#8828 = ORIENTED_EDGE ( 'NONE', *, *, #1884, .T. ) ;
#8829 = CARTESIAN_POINT ( 'NONE',  ( -15.32000000000000206, 1.269999999999999352, 1.270000000000000018 ) ) ;
#8830 = ORIENTED_EDGE ( 'NONE', *, *, #4889, .F. ) ;
#8831 = EDGE_LOOP ( 'NONE', ( #2242, #2698, #1472, #3668, #5646, #4562, #625, #5263 ) ) ;
#8832 = AXIS2_PLACEMENT_3D ( 'NONE', #4892, #14, #1321 ) ;
#8833 = VECTOR ( 'NONE', #101, 1000.000000000000000 ) ;
#8834 = CARTESIAN_POINT ( 'NONE',  ( -8.680000000000001492, 0.6999999999999992895, -0.8750000000000000000 ) ) ;
#8835 = DIRECTION ( 'NONE',  ( 0.000000000000000000, -1.000000000000000000, 0.000000000000000000 ) ) ;
#8836 = DIRECTION ( 'NONE',  ( -1.000000000000000000, 0.000000000000000000, 0.000000000000000000 ) ) ;
#8837 = VECTOR ( 'NONE', #7453, 1000.000000000000000 ) ;
#8838 = CARTESIAN_POINT ( 'NONE',  ( -0.3200000000000017275, 3.299999999999999378, 0.3200000000000000067 ) ) ;
#8839 = AXIS2_PLACEMENT_3D ( 'NONE', #8449, #9048, #2097 ) ;
#8840 = VERTEX_POINT ( 'NONE', #4455 ) ;
#8841 = ORIENTED_EDGE ( 'NONE', *, *, #3387, .F. ) ;
#8842 = CARTESIAN_POINT ( 'NONE',  ( -3.000000000000001776, -2.880000000000000782, -0.2200000000000000011 ) ) ;
#8843 = DIRECTION ( 'NONE',  ( 1.000000000000000000, 0.000000000000000000, 0.000000000000000000 ) ) ;
#8844 = EDGE_CURVE ( 'NONE', #4123, #1325, #7322, .T. ) ;
#8845 = CARTESIAN_POINT ( 'NONE',  ( -12.32000000000000028, 0.6999999999999992895, 0.8750000000000000000 ) ) ;
#8846 = CARTESIAN_POINT ( 'NONE',  ( -15.32000000000000206, 8.500000000000000000, 1.430000000000000160 ) ) ;
#8847 = VECTOR ( 'NONE', #7298, 1000.000000000000000 ) ;
#8848 = EDGE_CURVE ( 'NONE', #8636, #3691, #7979, .T. ) ;
#8849 = VECTOR ( 'NONE', #6855, 1000.000000000000000 ) ;
#8850 = EDGE_CURVE ( 'NONE', #9177, #4968, #3801, .T. ) ;
#8851 = CARTESIAN_POINT ( 'NONE',  ( -11.88000000000000256, -3.180000000000000604, 0.1200000000000000094 ) ) ;
#8852 = AXIS2_PLACEMENT_3D ( 'NONE', #2876, #8522, #8572 ) ;
#8853 = ADVANCED_FACE ( 'NONE', ( #2408 ), #5233, .T. ) ;
#8854 = ADVANCED_FACE ( 'NONE', ( #5975 ), #8806, .T. ) ;
#8855 = VECTOR ( 'NONE', #15, 1000.000000000000000 ) ;
#8856 = FACE_OUTER_BOUND ( 'NONE', #5078, .T. ) ;
#8857 = ORIENTED_EDGE ( 'NONE', *, *, #8551, .T. ) ;
#8858 = DIRECTION ( 'NONE',  ( 0.000000000000000000, 0.000000000000000000, 1.000000000000000000 ) ) ;
#8859 = DIRECTION ( 'NONE',  ( -1.000000000000000000, 0.000000000000000000, 0.000000000000000000 ) ) ;
#8860 = DIRECTION ( 'NONE',  ( -0.3015113445777909407, 0.9045340337332726799, -0.3015113445777909407 ) ) ;
#8861 = ORIENTED_EDGE ( 'NONE', *, *, #1105, .T. ) ;
#8862 = DIRECTION ( 'NONE',  ( 1.000000000000000000, 0.000000000000000000, 0.000000000000000000 ) ) ;
#8863 = AXIS2_PLACEMENT_3D ( 'NONE', #8731, #3813, #5800 ) ;
#8864 = ORIENTED_EDGE ( 'NONE', *, *, #6954, .T. ) ;
#8865 = AXIS2_PLACEMENT_3D ( 'NONE', #1484, #696, #43 ) ;
#8866 = CARTESIAN_POINT ( 'NONE',  ( -13.93500000000000050, 1.269999999999999352, -0.8750000000000000000 ) ) ;
#8867 = DIRECTION ( 'NONE',  ( 0.000000000000000000, -1.000000000000000000, 0.000000000000000000 ) ) ;
#8868 = ORIENTED_EDGE ( 'NONE', *, *, #4790, .F. ) ;
#8869 = DIRECTION ( 'NONE',  ( 0.000000000000000000, 0.000000000000000000, -1.000000000000000000 ) ) ;
#8870 = DIRECTION ( 'NONE',  ( 0.000000000000000000, 0.000000000000000000, 1.000000000000000000 ) ) ;
#8871 = ORIENTED_EDGE ( 'NONE', *, *, #8571, .T. ) ;
#8872 = LINE ( 'NONE', #242, #7475 ) ;
#8873 = ORIENTED_EDGE ( 'NONE', *, *, #5371, .T. ) ;
#8874 = VECTOR ( 'NONE', #7677, 1000.000000000000114 ) ;
#8875 = VERTEX_POINT ( 'NONE', #4681 ) ;
#8876 = VECTOR ( 'NONE', #4538, 1000.000000000000000 ) ;
#8877 = CARTESIAN_POINT ( 'NONE',  ( -9.320000000000002061, 1.349999999999999645, -1.050000000000000044 ) ) ;
#8878 = EDGE_CURVE ( 'NONE', #3365, #2800, #8908, .T. ) ;
#8879 = VECTOR ( 'NONE', #872, 1000.000000000000114 ) ;
#8880 = LINE ( 'NONE', #2526, #3299 ) ;
#8881 = ADVANCED_FACE ( 'NONE', ( #2509 ), #512, .F. ) ;
#8882 = EDGE_CURVE ( 'NONE', #6856, #5248, #2554, .T. ) ;
#8883 = VECTOR ( 'NONE', #2748, 1000.000000000000000 ) ;
#8884 = CARTESIAN_POINT ( 'NONE',  ( -2.680000000000001936, -8.673617379884035472E-16, -1.270000000000000018 ) ) ;
#8885 = DIRECTION ( 'NONE',  ( 1.000000000000000000, 0.000000000000000000, 0.000000000000000000 ) ) ;
#8886 = VERTEX_POINT ( 'NONE', #2692 ) ;
#8887 = CARTESIAN_POINT ( 'NONE',  ( -11.68000000000000327, 4.949999999999999289, 0.000000000000000000 ) ) ;
#8888 = VECTOR ( 'NONE', #2911, 1000.000000000000000 ) ;
#8889 = ORIENTED_EDGE ( 'NONE', *, *, #8734, .T. ) ;
#8890 = LINE ( 'NONE', #6802, #6324 ) ;
#8891 = VERTEX_POINT ( 'NONE', #2647 ) ;
#8892 = ORIENTED_EDGE ( 'NONE', *, *, #2714, .F. ) ;
#8893 = DIRECTION ( 'NONE',  ( 1.000000000000000000, 0.000000000000000000, 0.000000000000000000 ) ) ;
#8894 = DIRECTION ( 'NONE',  ( 0.000000000000000000, 0.000000000000000000, -1.000000000000000000 ) ) ;
#8895 = DIRECTION ( 'NONE',  ( 1.000000000000000000, 0.000000000000000000, 0.000000000000000000 ) ) ;
#8896 = CARTESIAN_POINT ( 'NONE',  ( -11.68000000000000327, 6.899999999999999467, -0.3200000000000000067 ) ) ;
#8897 = VERTEX_POINT ( 'NONE', #6127 ) ;
#8898 = ORIENTED_EDGE ( 'NONE', *, *, #7339, .T. ) ;
#8899 = CARTESIAN_POINT ( 'NONE',  ( -11.88000000000000256, -3.180000000000000604, 0.1200000000000000094 ) ) ;
#8900 = LINE ( 'NONE', #6667, #402 ) ;
#8901 = CARTESIAN_POINT ( 'NONE',  ( -8.680000000000001492, 6.899999999999999467, 0.3200000000000000067 ) ) ;
#8902 = DIRECTION ( 'NONE',  ( -0.3015113445777909407, -0.9045340337332726799, 0.3015113445777909407 ) ) ;
#8903 = CARTESIAN_POINT ( 'NONE',  ( 2.669999999999998597, -8.673617379884035472E-16, 2.469999999999999751 ) ) ;
#8904 = CARTESIAN_POINT ( 'NONE',  ( -1.250000000000001998, 9.899999999999998579, 1.250000000000000000 ) ) ;
#8905 = EDGE_LOOP ( 'NONE', ( #3464, #8048, #2535, #1574, #8273, #1711, #734, #8313, #5868, #8915, #6057, #2088, #2977, #8428, #7382 ) ) ;
#8906 = DIRECTION ( 'NONE',  ( 1.480297366167000132E-14, 0.000000000000000000, -1.000000000000000000 ) ) ;
#8907 = CARTESIAN_POINT ( 'NONE',  ( -3.320000000000001616, 0.6999999999999992895, -0.8750000000000000000 ) ) ;
#8908 = LINE ( 'NONE', #1255, #5417 ) ;
#8909 = CARTESIAN_POINT ( 'NONE',  ( -15.32000000000000206, 1.269999999999999352, 1.270000000000000018 ) ) ;
#8910 = CARTESIAN_POINT ( 'NONE',  ( 3.319999999999998508, 0.6699999999999995959, 0.8750000000000000000 ) ) ;
#8911 = DIRECTION ( 'NONE',  ( -0.000000000000000000, -0.6428711427641899956, -0.7659743427824879936 ) ) ;
#8912 = EDGE_LOOP ( 'NONE', ( #1007, #8191, #2470, #1535 ) ) ;
#8913 = LINE ( 'NONE', #3403, #6356 ) ;
#8914 = CARTESIAN_POINT ( 'NONE',  ( -5.680000000000001492, -2.580000000000000515, 0.3200000000000000067 ) ) ;
#8915 = ORIENTED_EDGE ( 'NONE', *, *, #4738, .F. ) ;
#8916 = DIRECTION ( 'NONE',  ( -1.000000000000000000, 0.000000000000000000, 0.000000000000000000 ) ) ;
#8917 = DIRECTION ( 'NONE',  ( 0.000000000000000000, -1.000000000000000000, 0.000000000000000000 ) ) ;
#8918 = ORIENTED_EDGE ( 'NONE', *, *, #1702, .T. ) ;
#8919 = ORIENTED_EDGE ( 'NONE', *, *, #7196, .T. ) ;
#8920 = CARTESIAN_POINT ( 'NONE',  ( -13.93500000000000050, 0.6699999999999995959, -1.270000000000000018 ) ) ;
#8921 = DIRECTION ( 'NONE',  ( -1.000000000000000000, 0.000000000000000000, 0.000000000000000000 ) ) ;
#8922 = VECTOR ( 'NONE', #5139, 1000.000000000000000 ) ;
#8923 = DIRECTION ( 'NONE',  ( -1.000000000000000000, 0.000000000000000000, 0.000000000000000000 ) ) ;
#8924 = CARTESIAN_POINT ( 'NONE',  ( -5.680000000000001492, -2.580000000000000515, -0.3200000000000000067 ) ) ;
#8925 = EDGE_LOOP ( 'NONE', ( #2654, #3295, #5067, #5129, #6813 ) ) ;
#8926 = EDGE_CURVE ( 'NONE', #5321, #8363, #5380, .T. ) ;
#8927 = LINE ( 'NONE', #8038, #4391 ) ;
#8928 = ORIENTED_EDGE ( 'NONE', *, *, #631, .F. ) ;
#8929 = CARTESIAN_POINT ( 'NONE',  ( 2.384999999999998010, 1.849999999999999645, 1.680000000000000160 ) ) ;
#8930 = ORIENTED_EDGE ( 'NONE', *, *, #3002, .F. ) ;
#8931 = ORIENTED_EDGE ( 'NONE', *, *, #7969, .F. ) ;
#8932 = EDGE_CURVE ( 'NONE', #8086, #3916, #8296, .T. ) ;
#8933 = EDGE_CURVE ( 'NONE', #5895, #5760, #1949, .T. ) ;
#8934 = LINE ( 'NONE', #6939, #2209 ) ;
#8935 = DIRECTION ( 'NONE',  ( 0.000000000000000000, -1.000000000000000000, 0.000000000000000000 ) ) ;
#8936 = LINE ( 'NONE', #8460, #8992 ) ;
#8937 = FACE_OUTER_BOUND ( 'NONE', #1516, .T. ) ;
#8938 = ORIENTED_EDGE ( 'NONE', *, *, #7700, .T. ) ;
#8939 = ORIENTED_EDGE ( 'NONE', *, *, #1941, .F. ) ;
#8940 = ADVANCED_FACE ( 'NONE', ( #1805 ), #369, .T. ) ;
#8941 = CARTESIAN_POINT ( 'NONE',  ( -12.55000000000000249, 9.899999999999998579, 1.250000000000000000 ) ) ;
#8942 = CARTESIAN_POINT ( 'NONE',  ( 3.319999999999998508, 8.500000000000000000, -1.250000000000000000 ) ) ;
#8943 = ADVANCED_FACE ( 'NONE', ( #3991 ), #7601, .T. ) ;
#8944 = CARTESIAN_POINT ( 'NONE',  ( -11.68000000000000327, 1.349999999999999645, -1.930000000000000160 ) ) ;
#8945 = DIRECTION ( 'NONE',  ( 0.000000000000000000, 0.000000000000000000, -1.000000000000000000 ) ) ;
#8946 = DIRECTION ( 'NONE',  ( 0.000000000000000000, -1.000000000000000000, 0.000000000000000000 ) ) ;
#8947 = VERTEX_POINT ( 'NONE', #8204 ) ;
#8948 = FACE_OUTER_BOUND ( 'NONE', #4371, .T. ) ;
#8949 = CARTESIAN_POINT ( 'NONE',  ( -0.3200000000000017275, 0.6699999999999995959, -0.8750000000000000000 ) ) ;
#8950 = PLANE ( 'NONE',  #6743 ) ;
#8951 = LINE ( 'NONE', #2511, #6645 ) ;
#8952 = LINE ( 'NONE', #9047, #3120 ) ;
#8953 = DIRECTION ( 'NONE',  ( -1.000000000000000000, 0.000000000000000000, 0.000000000000000000 ) ) ;
#8954 = VECTOR ( 'NONE', #7265, 1000.000000000000000 ) ;
#8955 = ORIENTED_EDGE ( 'NONE', *, *, #3719, .T. ) ;
#8956 = CARTESIAN_POINT ( 'NONE',  ( -11.25000000000000355, 9.049999999999998934, 1.930000000000000160 ) ) ;
#8957 = ORIENTED_EDGE ( 'NONE', *, *, #136, .F. ) ;
#8958 = FACE_OUTER_BOUND ( 'NONE', #9033, .T. ) ;
#8959 = DIRECTION ( 'NONE',  ( -1.000000000000000000, 0.000000000000000000, 0.000000000000000000 ) ) ;
#8960 = ORIENTED_EDGE ( 'NONE', *, *, #2040, .F. ) ;
#8961 = VECTOR ( 'NONE', #5525, 1000.000000000000000 ) ;
#8962 = AXIS2_PLACEMENT_3D ( 'NONE', #7502, #1160, #6338 ) ;
#8963 = EDGE_LOOP ( 'NONE', ( #2544, #6982, #451, #5292 ) ) ;
#8964 = EDGE_CURVE ( 'NONE', #7444, #8513, #8341, .T. ) ;
#8965 = CARTESIAN_POINT ( 'NONE',  ( -1.750000000000001554, 9.049999999999998934, 2.429999999999999716 ) ) ;
#8966 = ORIENTED_EDGE ( 'NONE', *, *, #118, .F. ) ;
#8967 = ADVANCED_FACE ( 'NONE', ( #3941 ), #8950, .T. ) ;
#8968 = VECTOR ( 'NONE', #5425, 1000.000000000000000 ) ;
#8969 = DIRECTION ( 'NONE',  ( 1.000000000000000000, 0.000000000000000000, 0.000000000000000000 ) ) ;
#8970 = EDGE_CURVE ( 'NONE', #2568, #2805, #4735, .T. ) ;
#8971 = CARTESIAN_POINT ( 'NONE',  ( -13.93500000000000050, -8.673617379884035472E-16, -1.930000000000000160 ) ) ;
#8972 = ORIENTED_EDGE ( 'NONE', *, *, #4112, .T. ) ;
#8973 = DIRECTION ( 'NONE',  ( 2.960594732334000265E-14, -1.000000000000000000, 0.000000000000000000 ) ) ;
#8974 = ORIENTED_EDGE ( 'NONE', *, *, #4661, .F. ) ;
#8975 = ORIENTED_EDGE ( 'NONE', *, *, #4986, .T. ) ;
#8976 = VERTEX_POINT ( 'NONE', #1991 ) ;
#8977 = DIRECTION ( 'NONE',  ( 0.000000000000000000, 0.000000000000000000, -1.000000000000000000 ) ) ;
#8978 = LINE ( 'NONE', #3421, #8874 ) ;
#8979 =( LENGTH_UNIT ( ) NAMED_UNIT ( * ) SI_UNIT ( .MILLI., .METRE. ) );
#8980 = CARTESIAN_POINT ( 'NONE',  ( -5.680000000000001492, 0.6699999999999995959, 1.270000000000000018 ) ) ;
#8981 = ORIENTED_EDGE ( 'NONE', *, *, #6716, .T. ) ;
#8982 = ORIENTED_EDGE ( 'NONE', *, *, #6933, .T. ) ;
#8983 = CARTESIAN_POINT ( 'NONE',  ( -12.32000000000000028, -8.673617379884035472E-16, -1.270000000000000018 ) ) ;
#8984 = DIRECTION ( 'NONE',  ( 0.000000000000000000, -1.000000000000000000, 0.000000000000000000 ) ) ;
#8985 = VECTOR ( 'NONE', #3152, 1000.000000000000000 ) ;
#8986 = EDGE_LOOP ( 'NONE', ( #4928, #5858, #1653, #3647, #7580, #883 ) ) ;
#8987 = PLANE ( 'NONE',  #632 ) ;
#8988 = EDGE_CURVE ( 'NONE', #8384, #3365, #6891, .T. ) ;
#8989 = AXIS2_PLACEMENT_3D ( 'NONE', #3223, #527, #4653 ) ;
#8990 = EDGE_CURVE ( 'NONE', #7926, #3357, #7559, .T. ) ;
#8991 = ORIENTED_EDGE ( 'NONE', *, *, #6448, .F. ) ;
#8992 = VECTOR ( 'NONE', #2582, 1000.000000000000000 ) ;
#8993 = DIRECTION ( 'NONE',  ( 0.000000000000000000, 0.000000000000000000, 1.000000000000000000 ) ) ;
#8994 = ORIENTED_EDGE ( 'NONE', *, *, #2826, .T. ) ;
#8995 = DIRECTION ( 'NONE',  ( 0.000000000000000000, -1.000000000000000000, 0.000000000000000000 ) ) ;
#8996 = VECTOR ( 'NONE', #5370, 1000.000000000000000 ) ;
#8997 = FACE_OUTER_BOUND ( 'NONE', #750, .T. ) ;
#8998 = DIRECTION ( 'NONE',  ( 1.000000000000000000, 0.000000000000000000, 0.000000000000000000 ) ) ;
#8999 = AXIS2_PLACEMENT_3D ( 'NONE', #6915, #8911, #2559 ) ;
#9000 = DIRECTION ( 'NONE',  ( 0.000000000000000000, 0.000000000000000000, 1.000000000000000000 ) ) ;
#9001 = FACE_OUTER_BOUND ( 'NONE', #4127, .T. ) ;
#9002 = VECTOR ( 'NONE', #1540, 1000.000000000000000 ) ;
#9003 = EDGE_CURVE ( 'NONE', #525, #3091, #3897, .T. ) ;
#9004 = DIRECTION ( 'NONE',  ( 1.000000000000000000, 0.000000000000000000, 0.000000000000000000 ) ) ;
#9005 = EDGE_CURVE ( 'NONE', #7738, #4123, #6866, .T. ) ;
#9006 = EDGE_LOOP ( 'NONE', ( #4490, #1508, #7661, #8511 ) ) ;
#9007 = PLANE ( 'NONE',  #2642 ) ;
#9008 = ORIENTED_EDGE ( 'NONE', *, *, #2082, .F. ) ;
#9009 = FACE_OUTER_BOUND ( 'NONE', #8430, .T. ) ;
#9010 = DIRECTION ( 'NONE',  ( 0.000000000000000000, 0.000000000000000000, -1.000000000000000000 ) ) ;
#9011 = VERTEX_POINT ( 'NONE', #5334 ) ;
#9012 = ORIENTED_EDGE ( 'NONE', *, *, #6503, .F. ) ;
#9013 = VECTOR ( 'NONE', #7369, 1000.000000000000000 ) ;
#9014 = FACE_OUTER_BOUND ( 'NONE', #6894, .T. ) ;
#9015 = VECTOR ( 'NONE', #3443, 1000.000000000000000 ) ;
#9016 = LINE ( 'NONE', #8924, #7819 ) ;
#9017 = ORIENTED_EDGE ( 'NONE', *, *, #1993, .F. ) ;
#9018 = CARTESIAN_POINT ( 'NONE',  ( -14.38500000000000156, -8.673617379884035472E-16, 2.469999999999999751 ) ) ;
#9019 = ORIENTED_EDGE ( 'NONE', *, *, #5808, .F. ) ;
#9020 = EDGE_LOOP ( 'NONE', ( #6021, #7782, #1693, #6607, #3186, #847, #5491, #5605 ) ) ;
#9021 = ORIENTED_EDGE ( 'NONE', *, *, #1943, .T. ) ;
#9022 = CARTESIAN_POINT ( 'NONE',  ( -3.320000000000001616, 1.349999999999999645, 1.649999999999999911 ) ) ;
#9023 = ADVANCED_FACE ( 'NONE', ( #8158 ), #6085, .F. ) ;
#9024 = DIRECTION ( 'NONE',  ( 0.000000000000000000, 0.000000000000000000, -1.000000000000000000 ) ) ;
#9025 = AXIS2_PLACEMENT_3D ( 'NONE', #6279, #1959, #4827 ) ;
#9026 = AXIS2_PLACEMENT_3D ( 'NONE', #1080, #193, #8030 ) ;
#9027 = LINE ( 'NONE', #6811, #8410 ) ;
#9028 = ORIENTED_EDGE ( 'NONE', *, *, #7837, .F. ) ;
#9029 = VERTEX_POINT ( 'NONE', #1439 ) ;
#9030 = ORIENTED_EDGE ( 'NONE', *, *, #6641, .F. ) ;
#9031 = FACE_OUTER_BOUND ( 'NONE', #1736, .T. ) ;
#9032 = PLANE ( 'NONE',  #994 ) ;
#9033 = EDGE_LOOP ( 'NONE', ( #5980, #4154, #3379, #4540, #5527, #278, #610, #9021 ) ) ;
#9034 = ORIENTED_EDGE ( 'NONE', *, *, #7462, .F. ) ;
#9035 = CARTESIAN_POINT ( 'NONE',  ( 0.3199999999999982303, 0.6999999999999992895, -1.050000000000000044 ) ) ;
#9036 = ORIENTED_EDGE ( 'NONE', *, *, #4319, .T. ) ;
#9037 = CARTESIAN_POINT ( 'NONE',  ( -6.320000000000002061, 0.6699999999999995959, -1.270000000000000018 ) ) ;
#9038 = VERTEX_POINT ( 'NONE', #9088 ) ;
#9039 = CARTESIAN_POINT ( 'NONE',  ( -5.680000000000001492, 0.6999999999999992895, 1.649999999999999911 ) ) ;
#9040 = EDGE_CURVE ( 'NONE', #204, #3978, #7008, .T. ) ;
#9041 = FACE_OUTER_BOUND ( 'NONE', #4443, .T. ) ;
#9042 = DIRECTION ( 'NONE',  ( 1.000000000000000000, 0.000000000000000000, 0.000000000000000000 ) ) ;
#9043 = EDGE_CURVE ( 'NONE', #7691, #4938, #9182, .T. ) ;
#9044 = EDGE_CURVE ( 'NONE', #1389, #2026, #3536, .T. ) ;
#9045 = DIRECTION ( 'NONE',  ( 0.000000000000000000, 0.000000000000000000, -1.000000000000000000 ) ) ;
#9046 = VECTOR ( 'NONE', #5338, 1000.000000000000000 ) ;
#9047 = CARTESIAN_POINT ( 'NONE',  ( 3.319999999999998508, 8.500000000000000000, -1.250000000000000000 ) ) ;
#9048 = DIRECTION ( 'NONE',  ( 1.000000000000000000, 0.000000000000000000, 0.000000000000000000 ) ) ;
#9049 = ORIENTED_EDGE ( 'NONE', *, *, #3917, .T. ) ;
#9050 = LINE ( 'NONE', #6917, #5888 ) ;
#9051 = ORIENTED_EDGE ( 'NONE', *, *, #2363, .F. ) ;
#9052 = LINE ( 'NONE', #2055, #6958 ) ;
#9053 = FACE_OUTER_BOUND ( 'NONE', #9060, .T. ) ;
#9054 = VERTEX_POINT ( 'NONE', #2043 ) ;
#9055 = ORIENTED_EDGE ( 'NONE', *, *, #147, .T. ) ;
#9056 = EDGE_CURVE ( 'NONE', #9038, #6932, #743, .T. ) ;
#9057 = ADVANCED_FACE ( 'NONE', ( #7748 ), #9130, .F. ) ;
#9058 = CARTESIAN_POINT ( 'NONE',  ( -7.250000000000001776, 9.899999999999998579, 1.250000000000000000 ) ) ;
#9059 = PLANE ( 'NONE',  #6488 ) ;
#9060 = EDGE_LOOP ( 'NONE', ( #3875, #2412, #7477, #620 ) ) ;
#9061 = DIRECTION ( 'NONE',  ( 0.000000000000000000, 0.000000000000000000, 1.000000000000000000 ) ) ;
#9062 = ORIENTED_EDGE ( 'NONE', *, *, #7870, .T. ) ;
#9063 = VERTEX_POINT ( 'NONE', #6311 ) ;
#9064 = EDGE_LOOP ( 'NONE', ( #3263, #2543, #4657, #8007 ) ) ;
#9065 = AXIS2_PLACEMENT_3D ( 'NONE', #7875, #3708, #1483 ) ;
#9066 = DIRECTION ( 'NONE',  ( -1.000000000000000000, 0.000000000000000000, 0.000000000000000000 ) ) ;
#9067 = VECTOR ( 'NONE', #3, 1000.000000000000000 ) ;
#9068 = CARTESIAN_POINT ( 'NONE',  ( -11.68000000000000327, 1.349999999999999645, 1.649999999999999911 ) ) ;
#9069 = FILL_AREA_STYLE_COLOUR ( '', #3339 ) ;
#9070 = VECTOR ( 'NONE', #5374, 1000.000000000000000 ) ;
#9071 = DIRECTION ( 'NONE',  ( 0.000000000000000000, -1.000000000000000000, 0.000000000000000000 ) ) ;
#9072 = ORIENTED_EDGE ( 'NONE', *, *, #4569, .F. ) ;
#9073 = ORIENTED_EDGE ( 'NONE', *, *, #586, .F. ) ;
#9074 = ORIENTED_EDGE ( 'NONE', *, *, #1994, .T. ) ;
#9075 = LINE ( 'NONE', #4164, #8536 ) ;
#9076 = CARTESIAN_POINT ( 'NONE',  ( 3.319999999999998508, 1.269999999999999352, -0.8750000000000000000 ) ) ;
#9077 = ORIENTED_EDGE ( 'NONE', *, *, #1522, .F. ) ;
#9078 = ORIENTED_EDGE ( 'NONE', *, *, #2352, .F. ) ;
#9079 = PRODUCT_DEFINITION ( 'UNKNOWN', '', #2005, #5820 ) ;
#9080 = DIRECTION ( 'NONE',  ( 0.000000000000000000, 0.7071067811865475727, -0.7071067811865475727 ) ) ;
#9081 = EDGE_CURVE ( 'NONE', #5705, #1220, #3577, .T. ) ;
#9082 = EDGE_CURVE ( 'NONE', #104, #1367, #4919, .T. ) ;
#9083 = ORIENTED_EDGE ( 'NONE', *, *, #2222, .F. ) ;
#9084 = CARTESIAN_POINT ( 'NONE',  ( 3.319999999999998508, 1.269999999999999352, 0.8750000000000000000 ) ) ;
#9085 = DIRECTION ( 'NONE',  ( 1.000000000000000000, 0.000000000000000000, 0.000000000000000000 ) ) ;
#9086 = CARTESIAN_POINT ( 'NONE',  ( -2.680000000000001936, 1.349999999999999645, 1.649999999999999911 ) ) ;
#9087 = CARTESIAN_POINT ( 'NONE',  ( -15.32000000000000206, 0.6699999999999995959, 1.270000000000000018 ) ) ;
#9088 = CARTESIAN_POINT ( 'NONE',  ( -12.12000000000000277, 7.500000000000000000, 0.1200000000000000094 ) ) ;
#9089 = CARTESIAN_POINT ( 'NONE',  ( -6.320000000000002061, 0.6699999999999995959, -0.8750000000000000000 ) ) ;
#9090 = PLANE ( 'NONE',  #3450 ) ;
#9091 = LINE ( 'NONE', #2743, #5290 ) ;
#9092 = LINE ( 'NONE', #5744, #4129 ) ;
#9093 = ORIENTED_EDGE ( 'NONE', *, *, #6529, .T. ) ;
#9094 = LINE ( 'NONE', #7018, #7529 ) ;
#9095 = VERTEX_POINT ( 'NONE', #1394 ) ;
#9096 = DIRECTION ( 'NONE',  ( 1.000000000000000000, 0.000000000000000000, 0.000000000000000000 ) ) ;
#9097 = CARTESIAN_POINT ( 'NONE',  ( 2.384999999999998010, -8.673617379884035472E-16, 1.270000000000000018 ) ) ;
#9098 = EDGE_LOOP ( 'NONE', ( #7301, #3138, #9083, #3330 ) ) ;
#9099 = ORIENTED_EDGE ( 'NONE', *, *, #6954, .F. ) ;
#9100 = FACE_OUTER_BOUND ( 'NONE', #4342, .T. ) ;
#9101 = EDGE_CURVE ( 'NONE', #7128, #4546, #7706, .T. ) ;
#9102 = EDGE_CURVE ( 'NONE', #5588, #7521, #8488, .T. ) ;
#9103 = CARTESIAN_POINT ( 'NONE',  ( 3.319999999999998508, 8.500000000000000000, 1.430000000000000160 ) ) ;
#9104 = DIRECTION ( 'NONE',  ( -0.3015113445777909407, -0.9045340337332726799, 0.3015113445777909407 ) ) ;
#9105 = VECTOR ( 'NONE', #336, 1000.000000000000000 ) ;
#9106 = ORIENTED_EDGE ( 'NONE', *, *, #8067, .F. ) ;
#9107 = DIRECTION ( 'NONE',  ( 1.000000000000000000, 0.000000000000000000, 0.000000000000000000 ) ) ;
#9108 = ORIENTED_EDGE ( 'NONE', *, *, #3657, .F. ) ;
#9109 = ADVANCED_FACE ( 'NONE', ( #5692 ), #2791, .T. ) ;
#9110 = VERTEX_POINT ( 'NONE', #1355 ) ;
#9111 = CARTESIAN_POINT ( 'NONE',  ( 0.3199999999999982303, 1.269999999999999352, -0.8750000000000000000 ) ) ;
#9112 = ORIENTED_EDGE ( 'NONE', *, *, #4291, .T. ) ;
#9113 = CARTESIAN_POINT ( 'NONE',  ( -6.320000000000002061, 0.6999999999999992895, 0.8750000000000000000 ) ) ;
#9114 = DIRECTION ( 'NONE',  ( 0.000000000000000000, -1.000000000000000000, 0.000000000000000000 ) ) ;
#9115 = VECTOR ( 'NONE', #1215, 1000.000000000000000 ) ;
#9116 = FACE_OUTER_BOUND ( 'NONE', #7852, .T. ) ;
#9117 = ORIENTED_EDGE ( 'NONE', *, *, #7624, .F. ) ;
#9118 = ORIENTED_EDGE ( 'NONE', *, *, #3867, .T. ) ;
#9119 = ORIENTED_EDGE ( 'NONE', *, *, #8067, .T. ) ;
#9120 = CARTESIAN_POINT ( 'NONE',  ( -2.680000000000001936, 1.349999999999999645, 1.649999999999999911 ) ) ;
#9121 = EDGE_LOOP ( 'NONE', ( #4809, #2015, #4006, #6398 ) ) ;
#9122 = ORIENTED_EDGE ( 'NONE', *, *, #7596, .T. ) ;
#9123 = LINE ( 'NONE', #2730, #2401 ) ;
#9124 = VECTOR ( 'NONE', #3605, 1000.000000000000114 ) ;
#9125 = VECTOR ( 'NONE', #6538, 1000.000000000000000 ) ;
#9126 = ORIENTED_EDGE ( 'NONE', *, *, #2982, .T. ) ;
#9127 = CARTESIAN_POINT ( 'NONE',  ( -6.320000000000002061, 1.349999999999999645, -1.930000000000000160 ) ) ;
#9128 = CARTESIAN_POINT ( 'NONE',  ( -0.3200000000000017275, 1.269999999999999352, -0.8750000000000000000 ) ) ;
#9129 = CARTESIAN_POINT ( 'NONE',  ( -9.320000000000002061, -8.673617379884035472E-16, 1.680000000000000160 ) ) ;
#9130 = PLANE ( 'NONE',  #1268 ) ;
#9131 = ADVANCED_FACE ( 'NONE', ( #5611 ), #4217, .F. ) ;
#9132 = CARTESIAN_POINT ( 'NONE',  ( -3.320000000000001616, 1.349999999999999645, -1.930000000000000160 ) ) ;
#9133 = LINE ( 'NONE', #2879, #2651 ) ;
#9134 = EDGE_CURVE ( 'NONE', #4294, #1237, #694, .T. ) ;
#9135 = VECTOR ( 'NONE', #7667, 1000.000000000000114 ) ;
#9136 = VECTOR ( 'NONE', #3965, 1000.000000000000000 ) ;
#9137 = EDGE_CURVE ( 'NONE', #1156, #4859, #3328, .T. ) ;
#9138 = CARTESIAN_POINT ( 'NONE',  ( -14.38500000000000156, 0.6699999999999995959, 0.8750000000000000000 ) ) ;
#9139 = FACE_OUTER_BOUND ( 'NONE', #4212, .T. ) ;
#9140 = VECTOR ( 'NONE', #7789, 1000.000000000000000 ) ;
#9141 = CARTESIAN_POINT ( 'NONE',  ( -15.32000000000000206, 0.6699999999999995959, 1.270000000000000018 ) ) ;
#9142 = ORIENTED_EDGE ( 'NONE', *, *, #351, .T. ) ;
#9143 = DIRECTION ( 'NONE',  ( 0.000000000000000000, 0.000000000000000000, -1.000000000000000000 ) ) ;
#9144 = VECTOR ( 'NONE', #2696, 1000.000000000000000 ) ;
#9145 = EDGE_LOOP ( 'NONE', ( #5862, #8039, #3954, #8033 ) ) ;
#9146 = VERTEX_POINT ( 'NONE', #4023 ) ;
#9147 = CARTESIAN_POINT ( 'NONE',  ( -9.320000000000002061, 0.6699999999999995959, -1.270000000000000018 ) ) ;
#9148 = ORIENTED_EDGE ( 'NONE', *, *, #4072, .T. ) ;
#9149 = EDGE_LOOP ( 'NONE', ( #3900, #1283, #3602, #4494 ) ) ;
#9150 = VECTOR ( 'NONE', #1189, 1000.000000000000000 ) ;
#9151 = VECTOR ( 'NONE', #1533, 1000.000000000000000 ) ;
#9152 = LINE ( 'NONE', #2061, #3408 ) ;
#9153 = LINE ( 'NONE', #2890, #8689 ) ;
#9154 = CARTESIAN_POINT ( 'NONE',  ( -6.320000000000002061, 3.299999999999999378, -0.3200000000000000067 ) ) ;
#9155 = DIRECTION ( 'NONE',  ( 0.000000000000000000, -1.000000000000000000, 0.000000000000000000 ) ) ;
#9156 = VERTEX_POINT ( 'NONE', #6943 ) ;
#9157 = AXIS2_PLACEMENT_3D ( 'NONE', #6733, #5386, #430 ) ;
#9158 = EDGE_CURVE ( 'NONE', #6975, #615, #5541, .T. ) ;
#9159 = ORIENTED_EDGE ( 'NONE', *, *, #105, .T. ) ;
#9160 = LINE ( 'NONE', #2154, #2214 ) ;
#9161 = EDGE_CURVE ( 'NONE', #7415, #595, #2541, .T. ) ;
#9162 = CARTESIAN_POINT ( 'NONE',  ( -10.25000000000000178, 3.299999999999999378, -1.250000000000000000 ) ) ;
#9163 = DIRECTION ( 'NONE',  ( 0.000000000000000000, 0.000000000000000000, -1.000000000000000000 ) ) ;
#9164 = EDGE_CURVE ( 'NONE', #539, #6434, #6250, .T. ) ;
#9165 = VECTOR ( 'NONE', #7810, 1000.000000000000114 ) ;
#9166 = PLANE ( 'NONE',  #4389 ) ;
#9167 = LINE ( 'NONE', #2823, #111 ) ;
#9168 = ORIENTED_EDGE ( 'NONE', *, *, #5302, .T. ) ;
#9169 = VERTEX_POINT ( 'NONE', #6204 ) ;
#9170 = ORIENTED_EDGE ( 'NONE', *, *, #35, .F. ) ;
#9171 = LINE ( 'NONE', #5642, #7348 ) ;
#9172 = ORIENTED_EDGE ( 'NONE', *, *, #1952, .T. ) ;
#9173 = ORIENTED_EDGE ( 'NONE', *, *, #3943, .T. ) ;
#9174 = VECTOR ( 'NONE', #2671, 1000.000000000000000 ) ;
#9175 = DIRECTION ( 'NONE',  ( -0.000000000000000000, 1.000000000000000000, 0.000000000000000000 ) ) ;
#9176 = AXIS2_PLACEMENT_3D ( 'NONE', #5939, #2417, #5243 ) ;
#9177 = VERTEX_POINT ( 'NONE', #2721 ) ;
#9178 = DIRECTION ( 'NONE',  ( -0.000000000000000000, 1.000000000000000000, 0.000000000000000000 ) ) ;
#9179 = CARTESIAN_POINT ( 'NONE',  ( -13.25000000000000178, 3.299999999999999378, 0.5500000000000000444 ) ) ;
#9180 = VECTOR ( 'NONE', #6152, 1000.000000000000000 ) ;
#9181 = DIRECTION ( 'NONE',  ( -0.3015113445777909407, -0.9045340337332726799, 0.3015113445777909407 ) ) ;
#9182 = LINE ( 'NONE', #1302, #7326 ) ;
ENDSEC;
END-ISO-10303-21;
