ISO-10303-21;
HEADER;
FILE_DESCRIPTION (( 'STEP AP214' ),
    '1' );
FILE_NAME ('436500327.STEP',
    '2024-03-24T14:47:01',
    ( 'LENOVO' ),
    ( '' ),
    'SwSTEP 2.0',
    'SolidWorks 2021',
    '' );
FILE_SCHEMA (( 'AUTOMOTIVE_DESIGN' ));
ENDSEC;

DATA;
#1 = VERTEX_POINT ( 'NONE', #4446 ) ;
#2 = DIRECTION ( 'NONE',  ( -0.000000000000000000, 0.000000000000000000, 1.000000000000000000 ) ) ;
#3 = EDGE_CURVE ( 'NONE', #3210, #4570, #1205, .T. ) ;
#4 = VERTEX_POINT ( 'NONE', #359 ) ;
#5 = VECTOR ( 'NONE', #4946, 1000.000000000000000 ) ;
#6 = CARTESIAN_POINT ( 'NONE',  ( 0.000000000000000000, 3.300000000000000711, 0.000000000000000000 ) ) ;
#7 = DIRECTION ( 'NONE',  ( 0.000000000000000000, 0.000000000000000000, -1.000000000000000000 ) ) ;
#8 = AXIS2_PLACEMENT_3D ( 'NONE', #5136, #2460, #2904 ) ;
#9 = EDGE_CURVE ( 'NONE', #2660, #3611, #5129, .T. ) ;
#10 = ORIENTED_EDGE ( 'NONE', *, *, #2983, .F. ) ;
#11 = PLANE ( 'NONE',  #1779 ) ;
#12 = VERTEX_POINT ( 'NONE', #1308 ) ;
#13 = LINE ( 'NONE', #554, #3840 ) ;
#14 = LINE ( 'NONE', #5841, #3860 ) ;
#15 = UNCERTAINTY_MEASURE_WITH_UNIT (LENGTH_MEASURE( 1.000000000000000082E-05 ), #4472, 'distance_accuracy_value', 'NONE');
#16 = LINE ( 'NONE', #5409, #2021 ) ;
#17 = ORIENTED_EDGE ( 'NONE', *, *, #819, .T. ) ;
#18 = EDGE_CURVE ( 'NONE', #666, #2600, #4974, .T. ) ;
#19 = VECTOR ( 'NONE', #5090, 1000.000000000000000 ) ;
#20 = CARTESIAN_POINT ( 'NONE',  ( 4.269999999999999574, 3.300000000000000711, 1.584999999999998632 ) ) ;
#21 = PLANE ( 'NONE',  #4985 ) ;
#22 = DIRECTION ( 'NONE',  ( 0.000000000000000000, 2.744815626545581052E-16, 1.000000000000000000 ) ) ;
#23 = PLANE ( 'NONE',  #2502 ) ;
#24 = ORIENTED_EDGE ( 'NONE', *, *, #1749, .T. ) ;
#25 = LINE ( 'NONE', #2569, #1904 ) ;
#26 = VECTOR ( 'NONE', #4529, 1000.000000000000000 ) ;
#27 = CARTESIAN_POINT ( 'NONE',  ( 3.119999999999998774, -3.180000000000000160, 0.4349999999999975553 ) ) ;
#28 = AXIS2_PLACEMENT_3D ( 'NONE', #1514, #658, #97 ) ;
#29 = ORIENTED_EDGE ( 'NONE', *, *, #5595, .T. ) ;
#30 = MANIFOLD_SOLID_BREP ( 'Chamfer6', #3179 ) ;
#31 = DIRECTION ( 'NONE',  ( 0.000000000000000000, -1.000000000000000000, 0.000000000000000000 ) ) ;
#32 = PLANE ( 'NONE',  #1910 ) ;
#33 = DIRECTION ( 'NONE',  ( 0.000000000000000000, -0.000000000000000000, -1.000000000000000000 ) ) ;
#34 = VERTEX_POINT ( 'NONE', #1044 ) ;
#35 = CARTESIAN_POINT ( 'NONE',  ( -0.3200000000000008393, 7.500000000000001776, 0.6349999999999988987 ) ) ;
#36 = LINE ( 'NONE', #2654, #1914 ) ;
#37 = LINE ( 'NONE', #2940, #5873 ) ;
#38 = CARTESIAN_POINT ( 'NONE',  ( 3.000000000000000000, 3.300000000000000711, 0.000000000000000000 ) ) ;
#39 = ADVANCED_FACE ( 'NONE', ( #1413 ), #3015, .F. ) ;
#40 = ORIENTED_EDGE ( 'NONE', *, *, #2622, .F. ) ;
#41 = EDGE_CURVE ( 'NONE', #4704, #3527, #1296, .T. ) ;
#42 = DIRECTION ( 'NONE',  ( 1.000000000000000000, -0.000000000000000000, -4.494102269369967741E-16 ) ) ;
#43 = ORIENTED_EDGE ( 'NONE', *, *, #4125, .T. ) ;
#44 = LINE ( 'NONE', #2528, #3820 ) ;
#45 = LINE ( 'NONE', #3474, #1850 ) ;
#46 = CARTESIAN_POINT ( 'NONE',  ( 5.674999999999999822, 0.000000000000000000, 2.784999999999999254 ) ) ;
#47 = ORIENTED_EDGE ( 'NONE', *, *, #5689, .T. ) ;
#48 = VECTOR ( 'NONE', #5642, 1000.000000000000000 ) ;
#49 = FILL_AREA_STYLE ('',( #3717 ) ) ;
#50 = CARTESIAN_POINT ( 'NONE',  ( 6.324999999999999289, 8.499999999999996447, 1.774999999999998357 ) ) ;
#51 = CARTESIAN_POINT ( 'NONE',  ( 5.389999999999999680, 1.269999999999999796, -0.5599999999999976108 ) ) ;
#52 = ORIENTED_EDGE ( 'NONE', *, *, #1996, .F. ) ;
#53 = LINE ( 'NONE', #4224, #2017 ) ;
#54 = PRESENTATION_STYLE_ASSIGNMENT (( #5757 ) ) ;
#55 = ORIENTED_EDGE ( 'NONE', *, *, #2783, .T. ) ;
#56 = AXIS2_PLACEMENT_3D ( 'NONE', #4426, #257, #3021 ) ;
#57 = EDGE_CURVE ( 'NONE', #2889, #935, #3274, .T. ) ;
#58 = DIRECTION ( 'NONE',  ( 0.000000000000000000, 0.000000000000000000, -1.000000000000000000 ) ) ;
#59 = CARTESIAN_POINT ( 'NONE',  ( -2.680000000000001048, 0.6699999999999997069, -0.9549999999999939648 ) ) ;
#60 = DIRECTION ( 'NONE',  ( 0.000000000000000000, 0.3162277660168349991, -0.9486832980505148782 ) ) ;
#61 = CARTESIAN_POINT ( 'NONE',  ( 4.924999999999998934, 8.499999999999996447, 1.044999999999998819 ) ) ;
#62 = ORIENTED_EDGE ( 'NONE', *, *, #1762, .T. ) ;
#63 = VECTOR ( 'NONE', #2455, 1000.000000000000000 ) ;
#64 = CARTESIAN_POINT ( 'NONE',  ( -2.680000000000001048, -2.579999999999992966, 0.6349999999999978995 ) ) ;
#65 = DIRECTION ( 'NONE',  ( 0.000000000000000000, 1.000000000000000000, 0.000000000000000000 ) ) ;
#66 = ORIENTED_EDGE ( 'NONE', *, *, #1596, .F. ) ;
#67 = FACE_BOUND ( 'NONE', #5098, .T. ) ;
#68 = PLANE ( 'NONE',  #5724 ) ;
#69 = DIRECTION ( 'NONE',  ( -0.000000000000000000, -0.000000000000000000, 1.000000000000000000 ) ) ;
#70 = ORIENTED_EDGE ( 'NONE', *, *, #5725, .F. ) ;
#71 = DIRECTION ( 'NONE',  ( 0.000000000000000000, -0.000000000000000000, 1.000000000000000000 ) ) ;
#72 = LINE ( 'NONE', #3531, #4146 ) ;
#73 = VECTOR ( 'NONE', #5669, 1000.000000000000000 ) ;
#74 = EDGE_CURVE ( 'NONE', #3189, #3918, #3266, .T. ) ;
#75 = ORIENTED_EDGE ( 'NONE', *, *, #5871, .F. ) ;
#76 = LINE ( 'NONE', #4726, #134 ) ;
#77 = CARTESIAN_POINT ( 'NONE',  ( -0.3200000000000008393, 0.6699999999999998179, 1.190000000000005276 ) ) ;
#78 = EDGE_CURVE ( 'NONE', #1459, #4308, #1306, .T. ) ;
#79 = ORIENTED_EDGE ( 'NONE', *, *, #5414, .F. ) ;
#80 = VECTOR ( 'NONE', #350, 1000.000000000000000 ) ;
#81 = FACE_OUTER_BOUND ( 'NONE', #269, .T. ) ;
#82 = DIRECTION ( 'NONE',  ( 0.000000000000000000, 0.000000000000000000, 1.000000000000000000 ) ) ;
#83 = ADVANCED_FACE ( 'NONE', ( #5211 ), #4703, .F. ) ;
#84 = ORIENTED_EDGE ( 'NONE', *, *, #3051, .F. ) ;
#85 = CARTESIAN_POINT ( 'NONE',  ( 0.3199999999999991185, -2.579999999999992966, 0.6349999999999978995 ) ) ;
#86 = PLANE ( 'NONE',  #246 ) ;
#87 = UNCERTAINTY_MEASURE_WITH_UNIT (LENGTH_MEASURE( 1.000000000000000082E-05 ), #3264, 'distance_accuracy_value', 'NONE');
#88 = DIRECTION ( 'NONE',  ( -4.494102269369967741E-16, 0.000000000000000000, -1.000000000000000000 ) ) ;
#89 = DIRECTION ( 'NONE',  ( 1.000000000000000000, -0.000000000000000000, -4.494102269369967741E-16 ) ) ;
#90 = SURFACE_STYLE_USAGE ( .BOTH. , #126 ) ;
#91 = VERTEX_POINT ( 'NONE', #4287 ) ;
#92 = VECTOR ( 'NONE', #2287, 1000.000000000000000 ) ;
#93 = FACE_OUTER_BOUND ( 'NONE', #4947, .T. ) ;
#94 = AXIS2_PLACEMENT_3D ( 'NONE', #2380, #1085, #1838 ) ;
#95 = EDGE_CURVE ( 'NONE', #1184, #1122, #5153, .T. ) ;
#96 = ORIENTED_EDGE ( 'NONE', *, *, #1202, .F. ) ;
#97 = DIRECTION ( 'NONE',  ( 0.000000000000000000, 0.000000000000000000, 1.000000000000000000 ) ) ;
#98 = DIRECTION ( 'NONE',  ( 0.000000000000000000, -1.801998070613027504E-16, 1.000000000000000000 ) ) ;
#99 = AXIS2_PLACEMENT_3D ( 'NONE', #452, #895, #4075 ) ;
#100 = DIRECTION ( 'NONE',  ( 0.000000000000000000, -1.000000000000000000, 0.000000000000000000 ) ) ;
#101 = ORIENTED_EDGE ( 'NONE', *, *, #3578, .F. ) ;
#102 = COLOUR_RGB ( '',0.7921568627450980005, 0.8196078431372548767, 0.9333333333333333481 ) ;
#103 = VECTOR ( 'NONE', #5447, 1000.000000000000114 ) ;
#104 = CARTESIAN_POINT ( 'NONE',  ( -6.325000000000003730, 0.6699999999999997069, -0.9549999999999922995 ) ) ;
#105 = EDGE_LOOP ( 'NONE', ( #1590, #1042, #897, #3171 ) ) ;
#106 = AXIS2_PLACEMENT_3D ( 'NONE', #4350, #4752, #1515 ) ;
#107 = DIRECTION ( 'NONE',  ( -1.000000000000000000, -0.000000000000000000, 0.000000000000000000 ) ) ;
#108 = CARTESIAN_POINT ( 'NONE',  ( -5.674999999999999822, 0.000000000000000000, 2.785000000000000586 ) ) ;
#109 = ORIENTED_EDGE ( 'NONE', *, *, #4764, .T. ) ;
#110 = CARTESIAN_POINT ( 'NONE',  ( 0.3199999999999991740, 1.350000000000000089, -1.585000000000000409 ) ) ;
#111 = VECTOR ( 'NONE', #398, 1000.000000000000000 ) ;
#112 = VECTOR ( 'NONE', #544, 1000.000000000000000 ) ;
#113 = ORIENTED_EDGE ( 'NONE', *, *, #1400, .T. ) ;
#114 = FACE_OUTER_BOUND ( 'NONE', #382, .T. ) ;
#115 = DIRECTION ( 'NONE',  ( -1.000000000000000000, 0.000000000000000000, 0.000000000000000000 ) ) ;
#116 = EDGE_CURVE ( 'NONE', #3633, #2338, #3201, .T. ) ;
#117 = ORIENTED_EDGE ( 'NONE', *, *, #1470, .F. ) ;
#118 = LINE ( 'NONE', #4966, #4147 ) ;
#119 = CARTESIAN_POINT ( 'NONE',  ( -5.674999999999999822, -1.449999999999999956, 1.884999999999999343 ) ) ;
#120 = VERTEX_POINT ( 'NONE', #4965 ) ;
#121 = CARTESIAN_POINT ( 'NONE',  ( 1.300000000000000044, 9.350000000000001421, -1.584999999999999964 ) ) ;
#122 = DIRECTION ( 'NONE',  ( -0.000000000000000000, -1.000000000000000000, -0.000000000000000000 ) ) ;
#123 = VECTOR ( 'NONE', #1674, 1000.000000000000000 ) ;
#124 = PLANE ( 'NONE',  #3346 ) ;
#125 = DIRECTION ( 'NONE',  ( 0.000000000000000000, -2.995465716473997569E-16, -1.000000000000000000 ) ) ;
#126 = SURFACE_SIDE_STYLE ('',( #346 ) ) ;
#127 = ORIENTED_EDGE ( 'NONE', *, *, #506, .T. ) ;
#128 = LINE ( 'NONE', #697, #141 ) ;
#129 = VECTOR ( 'NONE', #2588, 1000.000000000000000 ) ;
#130 = PLANE ( 'NONE',  #3856 ) ;
#131 = EDGE_CURVE ( 'NONE', #1496, #3611, #5284, .T. ) ;
#132 = ADVANCED_FACE ( 'NONE', ( #1236 ), #3931, .F. ) ;
#133 = ORIENTED_EDGE ( 'NONE', *, *, #5505, .F. ) ;
#134 = VECTOR ( 'NONE', #4193, 1000.000000000000000 ) ;
#135 = CARTESIAN_POINT ( 'NONE',  ( 2.679999999999999272, 0.000000000000000000, 2.024999999999999023 ) ) ;
#136 = VECTOR ( 'NONE', #1312, 1000.000000000000000 ) ;
#137 = PLANE ( 'NONE',  #3610 ) ;
#138 = CARTESIAN_POINT ( 'NONE',  ( -0.3200000000000008393, -2.579999999999992966, -0.005000000000002157233 ) ) ;
#139 = CARTESIAN_POINT ( 'NONE',  ( -0.3200000000000008393, 0.6699999999999997069, 1.585000000000005294 ) ) ;
#140 = ORIENTED_EDGE ( 'NONE', *, *, #4425, .T. ) ;
#141 = VECTOR ( 'NONE', #2025, 1000.000000000000000 ) ;
#142 = VECTOR ( 'NONE', #5137, 1000.000000000000000 ) ;
#143 = DIRECTION ( 'NONE',  ( 1.000000000000000000, -0.000000000000000000, -0.000000000000000000 ) ) ;
#144 = DIRECTION ( 'NONE',  ( -0.3015113445777614087, -0.9045340337332923308, 0.3015113445777614087 ) ) ;
#145 = ORIENTED_EDGE ( 'NONE', *, *, #3520, .F. ) ;
#146 = LINE ( 'NONE', #5366, #2152 ) ;
#147 = EDGE_CURVE ( 'NONE', #3744, #5562, #5340, .T. ) ;
#148 = ORIENTED_EDGE ( 'NONE', *, *, #2622, .T. ) ;
#149 = CARTESIAN_POINT ( 'NONE',  ( 0.3199999999999991185, 1.269999999999999796, 1.190000000000004610 ) ) ;
#150 = VECTOR ( 'NONE', #4545, 1000.000000000000000 ) ;
#151 = ORIENTED_EDGE ( 'NONE', *, *, #1854, .F. ) ;
#152 = CARTESIAN_POINT ( 'NONE',  ( -5.389999999999999680, 1.269999999999999796, 1.190000000000007718 ) ) ;
#153 = ORIENTED_EDGE ( 'NONE', *, *, #3116, .T. ) ;
#154 = EDGE_CURVE ( 'NONE', #1911, #2401, #1276, .T. ) ;
#155 = VECTOR ( 'NONE', #179, 1000.000000000000000 ) ;
#156 = EDGE_LOOP ( 'NONE', ( #145, #2858, #2436, #994 ) ) ;
#157 = LINE ( 'NONE', #2978, #170 ) ;
#158 = LINE ( 'NONE', #2954, #2109 ) ;
#159 = CARTESIAN_POINT ( 'NONE',  ( 6.325000000000001954, 0.6699999999999998179, -0.5599999999999980549 ) ) ;
#160 = EDGE_LOOP ( 'NONE', ( #3023, #490, #701, #4907 ) ) ;
#161 = AXIS2_PLACEMENT_3D ( 'NONE', #2749, #3646, #4921 ) ;
#162 = ORIENTED_EDGE ( 'NONE', *, *, #2763, .F. ) ;
#163 = CARTESIAN_POINT ( 'NONE',  ( -6.325000000000001066, 0.000000000000000000, -1.584999999999999964 ) ) ;
#164 = CARTESIAN_POINT ( 'NONE',  ( -6.325000000000003730, -3.252606517456513302E-16, -0.9549999999999924105 ) ) ;
#165 = LINE ( 'NONE', #224, #2185 ) ;
#166 = CARTESIAN_POINT ( 'NONE',  ( 0.3199999999999991185, 6.899999999999995026, -0.005000000000001097317 ) ) ;
#167 = CARTESIAN_POINT ( 'NONE',  ( -5.389999999999999680, -1.320169249480846743E-15, -1.584999999999999964 ) ) ;
#168 = ORIENTED_EDGE ( 'NONE', *, *, #5818, .T. ) ;
#169 = AXIS2_PLACEMENT_3D ( 'NONE', #4848, #2658, #3117 ) ;
#170 = VECTOR ( 'NONE', #3400, 1000.000000000000000 ) ;
#171 = VECTOR ( 'NONE', #3489, 1000.000000000000000 ) ;
#172 = ORIENTED_EDGE ( 'NONE', *, *, #3599, .T. ) ;
#173 = ADVANCED_FACE ( 'NONE', ( #1255 ), #4862, .F. ) ;
#174 = ORIENTED_EDGE ( 'NONE', *, *, #4940, .T. ) ;
#175 = PLANE ( 'NONE',  #28 ) ;
#176 = DIRECTION ( 'NONE',  ( 1.984809469081015402E-16, -0.000000000000000000, 1.000000000000000000 ) ) ;
#177 = LINE ( 'NONE', #1272, #2175 ) ;
#178 = CARTESIAN_POINT ( 'NONE',  ( 0.1199999999999985800, 7.500000000000001776, 0.000000000000000000 ) ) ;
#179 = DIRECTION ( 'NONE',  ( 1.000000000000000000, -0.000000000000000000, -4.494102269369967741E-16 ) ) ;
#180 = ORIENTED_EDGE ( 'NONE', *, *, #5619, .F. ) ;
#181 = LINE ( 'NONE', #4761, #4129 ) ;
#182 = VECTOR ( 'NONE', #205, 1000.000000000000000 ) ;
#183 = ORIENTED_EDGE ( 'NONE', *, *, #1805, .T. ) ;
#184 = AXIS2_PLACEMENT_3D ( 'NONE', #3957, #3815, #4853 ) ;
#185 = PLANE ( 'NONE',  #4901 ) ;
#186 = DIRECTION ( 'NONE',  ( -1.000000000000000000, 0.000000000000000000, 4.638298064109109804E-16 ) ) ;
#187 = EDGE_CURVE ( 'NONE', #3249, #5484, #1246, .T. ) ;
#188 = CARTESIAN_POINT ( 'NONE',  ( -6.325000000000001066, 8.499999999999996447, -0.9550000000000011813 ) ) ;
#189 = ADVANCED_FACE ( 'NONE', ( #3235 ), #460, .F. ) ;
#190 = ORIENTED_EDGE ( 'NONE', *, *, #1260, .F. ) ;
#191 = LINE ( 'NONE', #1655, #4345 ) ;
#192 = VERTEX_POINT ( 'NONE', #901 ) ;
#193 = LINE ( 'NONE', #434, #92 ) ;
#194 = VECTOR ( 'NONE', #5740, 1000.000000000000000 ) ;
#195 = ORIENTED_EDGE ( 'NONE', *, *, #4556, .T. ) ;
#196 = CARTESIAN_POINT ( 'NONE',  ( 6.325000000000001066, 0.000000000000000000, -1.584999999999999964 ) ) ;
#197 = DIRECTION ( 'NONE',  ( 1.000000000000000000, -0.000000000000000000, -4.494102269369967741E-16 ) ) ;
#198 = CARTESIAN_POINT ( 'NONE',  ( -4.939999999999999503, 0.6699999999999997069, 1.585000000000007736 ) ) ;
#199 = EDGE_LOOP ( 'NONE', ( #5431, #2311, #3777, #1513 ) ) ;
#200 = EDGE_CURVE ( 'NONE', #1117, #5554, #3243, .T. ) ;
#201 = LINE ( 'NONE', #4279, #4288 ) ;
#202 = ORIENTED_EDGE ( 'NONE', *, *, #542, .F. ) ;
#203 = VECTOR ( 'NONE', #4311, 1000.000000000000000 ) ;
#204 = VECTOR ( 'NONE', #580, 1000.000000000000000 ) ;
#205 = DIRECTION ( 'NONE',  ( 0.000000000000000000, 1.000000000000000000, 0.000000000000000000 ) ) ;
#206 = EDGE_LOOP ( 'NONE', ( #3303, #1047, #5801, #3196 ) ) ;
#207 = EDGE_LOOP ( 'NONE', ( #4562, #591, #4698, #2652 ) ) ;
#208 = AXIS2_PLACEMENT_3D ( 'NONE', #4835, #2104, #261 ) ;
#209 = VECTOR ( 'NONE', #1931, 1000.000000000000000 ) ;
#210 = CARTESIAN_POINT ( 'NONE',  ( 0.2618181818181816167, -2.754545454545446415, 0.5768181818181806753 ) ) ;
#211 = LINE ( 'NONE', #3416, #4079 ) ;
#212 = DIRECTION ( 'NONE',  ( -1.000000000000000000, 0.000000000000000000, 0.000000000000000000 ) ) ;
#213 = ORIENTED_EDGE ( 'NONE', *, *, #239, .T. ) ;
#214 = FACE_OUTER_BOUND ( 'NONE', #4650, .T. ) ;
#215 = FACE_OUTER_BOUND ( 'NONE', #5444, .T. ) ;
#216 = ORIENTED_EDGE ( 'NONE', *, *, #4033, .F. ) ;
#217 =( NAMED_UNIT ( * ) SI_UNIT ( $, .STERADIAN. ) SOLID_ANGLE_UNIT ( ) );
#218 = CARTESIAN_POINT ( 'NONE',  ( -6.325000000000001066, 8.499999999999996447, -1.584999999999999742 ) ) ;
#219 = VERTEX_POINT ( 'NONE', #940 ) ;
#220 = DIRECTION ( 'NONE',  ( 1.000000000000000000, -0.000000000000000000, -0.000000000000000000 ) ) ;
#221 = CARTESIAN_POINT ( 'NONE',  ( -5.389999999999997904, 1.849999999999999201, 2.274999999999999023 ) ) ;
#222 = DIRECTION ( 'NONE',  ( -1.000000000000000000, 0.000000000000000000, 0.000000000000000000 ) ) ;
#223 = EDGE_CURVE ( 'NONE', #4998, #1557, #1342, .T. ) ;
#224 = CARTESIAN_POINT ( 'NONE',  ( 0.3199999999999991185, 0.6699999999999998179, 1.190000000000007940 ) ) ;
#225 = ORIENTED_EDGE ( 'NONE', *, *, #4271, .T. ) ;
#226 = VECTOR ( 'NONE', #144, 1000.000000000000114 ) ;
#227 = LINE ( 'NONE', #3575, #150 ) ;
#228 = VERTEX_POINT ( 'NONE', #2176 ) ;
#229 = ADVANCED_FACE ( 'NONE', ( #1284 ), #5374, .F. ) ;
#230 = DIRECTION ( 'NONE',  ( 1.000000000000000000, -0.000000000000000000, -0.000000000000000000 ) ) ;
#231 = EDGE_LOOP ( 'NONE', ( #1534, #5110, #4854, #4834 ) ) ;
#232 = VECTOR ( 'NONE', #2535, 1000.000000000000000 ) ;
#233 =( NAMED_UNIT ( * ) SI_UNIT ( $, .STERADIAN. ) SOLID_ANGLE_UNIT ( ) );
#234 = ORIENTED_EDGE ( 'NONE', *, *, #604, .F. ) ;
#235 = DIRECTION ( 'NONE',  ( 1.000000000000000000, 0.000000000000000000, 0.000000000000000000 ) ) ;
#236 = CARTESIAN_POINT ( 'NONE',  ( -3.757474226804123241, 0.3979381443298937726, -0.03252577319587868221 ) ) ;
#237 = LINE ( 'NONE', #4482, #80 ) ;
#238 = LINE ( 'NONE', #1599, #129 ) ;
#239 = EDGE_CURVE ( 'NONE', #3188, #1136, #5326, .T. ) ;
#240 = ORIENTED_EDGE ( 'NONE', *, *, #1105, .T. ) ;
#241 = CARTESIAN_POINT ( 'NONE',  ( -0.3200000000000008393, 3.300000000000000711, 0.6349999999999988987 ) ) ;
#242 = CARTESIAN_POINT ( 'NONE',  ( -6.325000000000003730, 0.6699999999999998179, -0.5599999999999923928 ) ) ;
#243 = ADVANCED_FACE ( 'NONE', ( #1379 ), #1397, .F. ) ;
#244 = ORIENTED_EDGE ( 'NONE', *, *, #3779, .F. ) ;
#245 = VECTOR ( 'NONE', #5497, 1000.000000000000000 ) ;
#246 = AXIS2_PLACEMENT_3D ( 'NONE', #3645, #1046, #3607 ) ;
#247 = ORIENTED_EDGE ( 'NONE', *, *, #3354, .F. ) ;
#248 = SURFACE_STYLE_FILL_AREA ( #4668 ) ;
#249 = FACE_OUTER_BOUND ( 'NONE', #5161, .T. ) ;
#250 = CARTESIAN_POINT ( 'NONE',  ( 0.000000000000000000, 0.000000000000000000, 0.000000000000000000 ) ) ;
#251 = VERTEX_POINT ( 'NONE', #3476 ) ;
#252 = SURFACE_STYLE_USAGE ( .BOTH. , #4657 ) ;
#253 = ORIENTED_EDGE ( 'NONE', *, *, #5010, .F. ) ;
#254 = FACE_OUTER_BOUND ( 'NONE', #4420, .T. ) ;
#255 = DIRECTION ( 'NONE',  ( 1.000000000000000000, -0.000000000000000000, -4.494102269369967741E-16 ) ) ;
#256 = DIRECTION ( 'NONE',  ( 0.000000000000000000, -1.000000000000000000, 0.000000000000000000 ) ) ;
#257 = DIRECTION ( 'NONE',  ( 0.000000000000000000, 1.000000000000000000, 0.000000000000000000 ) ) ;
#258 = ORIENTED_EDGE ( 'NONE', *, *, #506, .F. ) ;
#259 = FACE_OUTER_BOUND ( 'NONE', #2457, .T. ) ;
#260 = VERTEX_POINT ( 'NONE', #5743 ) ;
#261 = DIRECTION ( 'NONE',  ( 0.000000000000000000, 0.000000000000000000, 1.000000000000000000 ) ) ;
#262 = ORIENTED_EDGE ( 'NONE', *, *, #1114, .F. ) ;
#263 = DIRECTION ( 'NONE',  ( -4.494102269369967741E-16, 1.618212197739558882E-16, -1.000000000000000000 ) ) ;
#264 = CARTESIAN_POINT ( 'NONE',  ( 4.269999999999999574, 3.300000000000000711, 1.584999999999998632 ) ) ;
#265 = AXIS2_PLACEMENT_3D ( 'NONE', #2548, #736, #1605 ) ;
#266 = CARTESIAN_POINT ( 'NONE',  ( -1.300000000000000044, 7.400000000000000355, -2.085000000000000853 ) ) ;
#267 = ORIENTED_EDGE ( 'NONE', *, *, #2181, .T. ) ;
#268 = LINE ( 'NONE', #3591, #328 ) ;
#269 = EDGE_LOOP ( 'NONE', ( #3833, #1665, #4037, #4184 ) ) ;
#270 = DIRECTION ( 'NONE',  ( 0.000000000000000000, -1.000000000000000000, -2.017120320903263949E-16 ) ) ;
#271 = CARTESIAN_POINT ( 'NONE',  ( 4.924999999999999822, 9.900000000000000355, -0.9550000000000011813 ) ) ;
#272 = DIRECTION ( 'NONE',  ( -0.000000000000000000, 1.000000000000000000, -0.000000000000000000 ) ) ;
#273 = CARTESIAN_POINT ( 'NONE',  ( -6.325000000000002842, 1.269999999999999796, 1.190000000000007718 ) ) ;
#274 = VERTEX_POINT ( 'NONE', #2629 ) ;
#275 = VECTOR ( 'NONE', #4152, 1000.000000000000000 ) ;
#276 = DIRECTION ( 'NONE',  ( -1.000000000000000000, -0.000000000000000000, -0.000000000000000000 ) ) ;
#277 = ORIENTED_EDGE ( 'NONE', *, *, #74, .F. ) ;
#278 = CARTESIAN_POINT ( 'NONE',  ( 2.679999999999999272, -7.265096679918780609, -0.005000000000003001176 ) ) ;
#279 = VECTOR ( 'NONE', #1671, 1000.000000000000000 ) ;
#280 = ORIENTED_EDGE ( 'NONE', *, *, #2161, .T. ) ;
#281 = ADVANCED_FACE ( 'NONE', ( #5229 ), #1683, .F. ) ;
#282 = CARTESIAN_POINT ( 'NONE',  ( 4.939999999999999503, 1.699999999999999956, -1.584999999999999964 ) ) ;
#283 = ORIENTED_EDGE ( 'NONE', *, *, #4877, .T. ) ;
#284 = EDGE_CURVE ( 'NONE', #3332, #1610, #1263, .T. ) ;
#285 = ORIENTED_EDGE ( 'NONE', *, *, #2931, .T. ) ;
#286 = VECTOR ( 'NONE', #4844, 1000.000000000000000 ) ;
#287 = VECTOR ( 'NONE', #2107, 1000.000000000000000 ) ;
#288 = DIRECTION ( 'NONE',  ( 0.000000000000000000, 0.000000000000000000, -1.000000000000000000 ) ) ;
#289 = ORIENTED_EDGE ( 'NONE', *, *, #5227, .T. ) ;
#290 = FACE_OUTER_BOUND ( 'NONE', #4335, .T. ) ;
#291 = EDGE_CURVE ( 'NONE', #4565, #3802, #5240, .T. ) ;
#292 = ADVANCED_FACE ( 'NONE', ( #5201 ), #1438, .F. ) ;
#293 = ORIENTED_EDGE ( 'NONE', *, *, #3340, .F. ) ;
#294 = CARTESIAN_POINT ( 'NONE',  ( -4.270000000000001350, 9.900000000000000355, 0.9349999999999978328 ) ) ;
#295 = EDGE_CURVE ( 'NONE', #5157, #644, #1315, .T. ) ;
#296 = ORIENTED_EDGE ( 'NONE', *, *, #3899, .F. ) ;
#297 = LINE ( 'NONE', #5710, #4374 ) ;
#298 = LINE ( 'NONE', #5264, #2303 ) ;
#299 = ORIENTED_EDGE ( 'NONE', *, *, #1658, .F. ) ;
#300 = CARTESIAN_POINT ( 'NONE',  ( -4.939999999999999503, 1.699999999999998623, -1.584999999999999964 ) ) ;
#301 = DIRECTION ( 'NONE',  ( 0.000000000000000000, 2.744815626545581052E-16, 1.000000000000000000 ) ) ;
#302 = VECTOR ( 'NONE', #5064, 1000.000000000000000 ) ;
#303 = VERTEX_POINT ( 'NONE', #5192 ) ;
#304 = EDGE_CURVE ( 'NONE', #974, #3415, #1324, .T. ) ;
#305 = LINE ( 'NONE', #3951, #2370 ) ;
#306 = CARTESIAN_POINT ( 'NONE',  ( 6.325000000000001066, 0.6700000000000004841, -1.584999999999997522 ) ) ;
#307 = DIRECTION ( 'NONE',  ( 1.000000000000000000, -0.000000000000000000, -4.494102269369967741E-16 ) ) ;
#308 = LINE ( 'NONE', #5254, #2418 ) ;
#309 = ORIENTED_EDGE ( 'NONE', *, *, #5464, .T. ) ;
#310 = FACE_OUTER_BOUND ( 'NONE', #1553, .T. ) ;
#311 = ORIENTED_EDGE ( 'NONE', *, *, #18, .F. ) ;
#312 = DIRECTION ( 'NONE',  ( -0.000000000000000000, 1.000000000000000000, 1.618212197739558882E-16 ) ) ;
#313 = CARTESIAN_POINT ( 'NONE',  ( 5.389999999999999680, 1.699999999999999956, -1.584999999999999964 ) ) ;
#314 = ORIENTED_EDGE ( 'NONE', *, *, #744, .F. ) ;
#315 = EDGE_CURVE ( 'NONE', #4670, #5119, #3298, .T. ) ;
#316 = FACE_OUTER_BOUND ( 'NONE', #2177, .T. ) ;
#317 = ORIENTED_EDGE ( 'NONE', *, *, #5871, .T. ) ;
#318 = DIRECTION ( 'NONE',  ( -0.000000000000000000, 1.000000000000000000, 1.801998070613027504E-16 ) ) ;
#319 = LINE ( 'NONE', #5270, #2302 ) ;
#320 = FACE_OUTER_BOUND ( 'NONE', #3571, .T. ) ;
#321 = ORIENTED_EDGE ( 'NONE', *, *, #2090, .T. ) ;
#322 = PLANE ( 'NONE',  #3099 ) ;
#323 = PLANE ( 'NONE',  #2589 ) ;
#324 = AXIS2_PLACEMENT_3D ( 'NONE', #5746, #212, #4464 ) ;
#325 = LINE ( 'NONE', #3566, #439 ) ;
#326 = ORIENTED_EDGE ( 'NONE', *, *, #3533, .T. ) ;
#327 = FACE_OUTER_BOUND ( 'NONE', #2870, .T. ) ;
#328 = VECTOR ( 'NONE', #5658, 1000.000000000000000 ) ;
#329 = VERTEX_POINT ( 'NONE', #5628 ) ;
#330 = VERTEX_POINT ( 'NONE', #4618 ) ;
#331 = CARTESIAN_POINT ( 'NONE',  ( -2.680000000000001048, 0.000000000000000000, 2.024999999999999023 ) ) ;
#332 = CARTESIAN_POINT ( 'NONE',  ( 3.319999999999998952, 3.300000000000000711, -0.005000000000001097317 ) ) ;
#333 = DIRECTION ( 'NONE',  ( -0.000000000000000000, 1.000000000000000000, 1.801998070613027504E-16 ) ) ;
#334 = VECTOR ( 'NONE', #1591, 1000.000000000000000 ) ;
#335 = VECTOR ( 'NONE', #2066, 1000.000000000000000 ) ;
#336 = LINE ( 'NONE', #196, #4628 ) ;
#337 = ORIENTED_EDGE ( 'NONE', *, *, #5574, .T. ) ;
#338 = VECTOR ( 'NONE', #1247, 1000.000000000000000 ) ;
#339 = ADVANCED_FACE ( 'NONE', ( #3353 ), #175, .F. ) ;
#340 = ORIENTED_EDGE ( 'NONE', *, *, #5664, .F. ) ;
#341 = CARTESIAN_POINT ( 'NONE',  ( 4.924999999999999822, 9.900000000000000355, 1.044999999999998819 ) ) ;
#342 = DIRECTION ( 'NONE',  ( -4.494102269369967741E-16, 1.807003620809173892E-16, -1.000000000000000000 ) ) ;
#343 = DIRECTION ( 'NONE',  ( 1.000000000000000000, -0.000000000000000000, -4.494102269369967741E-16 ) ) ;
#344 = DIRECTION ( 'NONE',  ( 0.000000000000000000, -2.744815626545581052E-16, 1.000000000000000000 ) ) ;
#345 = LINE ( 'NONE', #5734, #2310 ) ;
#346 = SURFACE_STYLE_FILL_AREA ( #1539 ) ;
#347 = VECTOR ( 'NONE', #750, 1000.000000000000000 ) ;
#348 = ORIENTED_EDGE ( 'NONE', *, *, #4729, .F. ) ;
#349 = CARTESIAN_POINT ( 'NONE',  ( 2.679999999999999272, -1.318004915248544257E-16, 1.585000000000003961 ) ) ;
#350 = DIRECTION ( 'NONE',  ( 0.000000000000000000, 1.000000000000000000, 0.000000000000000000 ) ) ;
#351 = VECTOR ( 'NONE', #2745, 1000.000000000000000 ) ;
#352 = DIRECTION ( 'NONE',  ( 0.000000000000000000, 1.000000000000000000, 1.618212197739558882E-16 ) ) ;
#353 = LINE ( 'NONE', #2100, #453 ) ;
#354 = ORIENTED_EDGE ( 'NONE', *, *, #3133, .T. ) ;
#355 = EDGE_CURVE ( 'NONE', #3638, #3317, #5253, .T. ) ;
#356 = EDGE_CURVE ( 'NONE', #2203, #5061, #1403, .T. ) ;
#357 = VECTOR ( 'NONE', #547, 1000.000000000000000 ) ;
#358 = DIRECTION ( 'NONE',  ( 0.3015113445777613532, -0.9045340337332925529, 0.3015113445777610757 ) ) ;
#359 = CARTESIAN_POINT ( 'NONE',  ( -3.320000000000000728, 0.000000000000000000, 2.024999999999999023 ) ) ;
#360 =( LENGTH_UNIT ( ) NAMED_UNIT ( * ) SI_UNIT ( .MILLI., .METRE. ) );
#361 = FACE_OUTER_BOUND ( 'NONE', #4254, .T. ) ;
#362 = EDGE_LOOP ( 'NONE', ( #3098, #1903, #1867, #5046 ) ) ;
#363 = DIRECTION ( 'NONE',  ( 0.000000000000000000, 0.000000000000000000, 1.000000000000000000 ) ) ;
#364 = FACE_OUTER_BOUND ( 'NONE', #5847, .T. ) ;
#365 = FACE_OUTER_BOUND ( 'NONE', #2687, .T. ) ;
#366 = VERTEX_POINT ( 'NONE', #1886 ) ;
#367 = EDGE_CURVE ( 'NONE', #2433, #1885, #5294, .T. ) ;
#368 = VECTOR ( 'NONE', #4796, 1000.000000000000000 ) ;
#369 = EDGE_CURVE ( 'NONE', #3950, #2014, #3327, .T. ) ;
#370 = FACE_OUTER_BOUND ( 'NONE', #4702, .T. ) ;
#371 = ORIENTED_EDGE ( 'NONE', *, *, #5416, .T. ) ;
#372 = VECTOR ( 'NONE', #4073, 1000.000000000000000 ) ;
#373 = DIRECTION ( 'NONE',  ( -1.000000000000000000, -0.000000000000000000, -0.000000000000000000 ) ) ;
#374 = ORIENTED_EDGE ( 'NONE', *, *, #1540, .F. ) ;
#375 = EDGE_CURVE ( 'NONE', #4096, #3115, #5365, .T. ) ;
#376 = DIRECTION ( 'NONE',  ( 0.000000000000000000, 1.000000000000000000, 0.000000000000000000 ) ) ;
#377 = CARTESIAN_POINT ( 'NONE',  ( -4.924999999999998934, 9.900000000000000355, -0.9550000000000011813 ) ) ;
#378 = LINE ( 'NONE', #2603, #4233 ) ;
#379 = FACE_OUTER_BOUND ( 'NONE', #3504, .T. ) ;
#380 = LINE ( 'NONE', #5715, #287 ) ;
#381 = EDGE_CURVE ( 'NONE', #2466, #4878, #5357, .T. ) ;
#382 = EDGE_LOOP ( 'NONE', ( #729, #2891, #5427, #3406 ) ) ;
#383 = ADVANCED_FACE ( 'NONE', ( #1456 ), #3553, .F. ) ;
#384 = LINE ( 'NONE', #4609, #302 ) ;
#385 = EDGE_LOOP ( 'NONE', ( #153, #3622, #10 ) ) ;
#386 = PLANE ( 'NONE',  #766 ) ;
#387 = MECHANICAL_DESIGN_GEOMETRIC_PRESENTATION_REPRESENTATION (  '', ( #1760 ), #3138 ) ;
#388 = DIRECTION ( 'NONE',  ( 0.000000000000000000, 1.000000000000000000, -3.236424395479117765E-16 ) ) ;
#389 = CARTESIAN_POINT ( 'NONE',  ( -1.300000000000000044, 6.899999999999999467, -2.085000000000000853 ) ) ;
#390 = CARTESIAN_POINT ( 'NONE',  ( -5.975000000000003197, -1.449999999999999956, 0.000000000000000000 ) ) ;
#391 = LINE ( 'NONE', #4918, #136 ) ;
#392 = FACE_OUTER_BOUND ( 'NONE', #5139, .T. ) ;
#393 = FACE_OUTER_BOUND ( 'NONE', #1715, .T. ) ;
#394 = EDGE_LOOP ( 'NONE', ( #3328, #926, #741, #4723 ) ) ;
#395 = AXIS2_PLACEMENT_3D ( 'NONE', #3841, #4183, #1657 ) ;
#396 = CARTESIAN_POINT ( 'NONE',  ( -0.3200000000000008393, 6.899999999999995026, -0.005000000000001097317 ) ) ;
#397 = EDGE_CURVE ( 'NONE', #5531, #2617, #1446, .T. ) ;
#398 = DIRECTION ( 'NONE',  ( -0.000000000000000000, 1.000000000000000000, -0.000000000000000000 ) ) ;
#399 = LINE ( 'NONE', #3784, #2402 ) ;
#400 = PLANE ( 'NONE',  #3817 ) ;
#401 = ADVANCED_FACE ( 'NONE', ( #5348 ), #1291, .F. ) ;
#402 = ORIENTED_EDGE ( 'NONE', *, *, #3192, .T. ) ;
#403 = DIRECTION ( 'NONE',  ( -1.000000000000000000, 0.000000000000000000, 4.494102269369967741E-16 ) ) ;
#404 = LINE ( 'NONE', #4307, #4094 ) ;
#405 = DIRECTION ( 'NONE',  ( -0.000000000000000000, 0.000000000000000000, 1.000000000000000000 ) ) ;
#406 = DIRECTION ( 'NONE',  ( -0.3015113445777613532, 0.9045340337332925529, 0.3015113445777610757 ) ) ;
#407 = COLOUR_RGB ( '',0.2509803921568627416, 0.2509803921568627416, 0.2509803921568627416 ) ;
#408 = LINE ( 'NONE', #3005, #279 ) ;
#410 = VERTEX_POINT ( 'NONE', #795 ) ;
#409 = EDGE_CURVE ( 'NONE', #3321, #1003, #1434, .T. ) ;
#411 = CARTESIAN_POINT ( 'NONE',  ( 0.3199999999999991185, -2.579999999999992966, -0.005000000000003001176 ) ) ;
#412 = CARTESIAN_POINT ( 'NONE',  ( 0.000000000000000000, 0.000000000000000000, 0.000000000000000000 ) ) ;
#413 = PLANE ( 'NONE',  #3079 ) ;
#414 = FACE_OUTER_BOUND ( 'NONE', #2350, .T. ) ;
#415 = PLANE ( 'NONE',  #99 ) ;
#416 = EDGE_LOOP ( 'NONE', ( #3170, #4408, #4889, #5037 ) ) ;
#417 = AXIS2_PLACEMENT_3D ( 'NONE', #2673, #376, #3656 ) ;
#418 = LINE ( 'NONE', #5692, #2123 ) ;
#419 = VECTOR ( 'NONE', #122, 1000.000000000000000 ) ;
#420 = ORIENTED_EDGE ( 'NONE', *, *, #3520, .T. ) ;
#421 = AXIS2_PLACEMENT_3D ( 'NONE', #918, #4474, #4018 ) ;
#422 = CARTESIAN_POINT ( 'NONE',  ( -6.325000000000002842, 1.269999999999999796, 1.190000000000007718 ) ) ;
#423 = ORIENTED_EDGE ( 'NONE', *, *, #5435, .F. ) ;
#424 = CARTESIAN_POINT ( 'NONE',  ( 5.390000000000000568, 0.6699999999999997069, 1.585000000000002629 ) ) ;
#425 = LINE ( 'NONE', #1166, #4226 ) ;
#426 = ORIENTED_EDGE ( 'NONE', *, *, #886, .T. ) ;
#427 = VECTOR ( 'NONE', #2944, 1000.000000000000000 ) ;
#428 = EDGE_LOOP ( 'NONE', ( #4876, #3074, #1771, #1311, #1087, #3001, #1875, #2982, #3038, #4910, #3732, #1743 ) ) ;
#429 = DIRECTION ( 'NONE',  ( 0.000000000000000000, -0.000000000000000000, 1.000000000000000000 ) ) ;
#430 = LINE ( 'NONE', #3701, #275 ) ;
#431 = CARTESIAN_POINT ( 'NONE',  ( -3.320000000000000728, 7.500000000000001776, 0.6349999999999988987 ) ) ;
#432 = DIRECTION ( 'NONE',  ( -1.000000000000000000, -0.000000000000000000, -0.000000000000000000 ) ) ;
#433 = PRESENTATION_STYLE_ASSIGNMENT (( #1228 ) ) ;
#434 = CARTESIAN_POINT ( 'NONE',  ( -6.325000000000002842, 0.6699999999999997069, 1.585000000000007736 ) ) ;
#435 = VECTOR ( 'NONE', #1091, 1000.000000000000000 ) ;
#436 = CIRCLE ( 'NONE', #3089, 0.5000000000000004441 ) ;
#437 = ORIENTED_EDGE ( 'NONE', *, *, #5232, .F. ) ;
#438 = ADVANCED_FACE ( 'NONE', ( #1309 ), #2142, .F. ) ;
#439 = VECTOR ( 'NONE', #1468, 1000.000000000000000 ) ;
#440 = CARTESIAN_POINT ( 'NONE',  ( -2.680000000000001048, 1.350000000000000089, -1.585000000000000409 ) ) ;
#441 = VERTEX_POINT ( 'NONE', #4792 ) ;
#442 = DIRECTION ( 'NONE',  ( 0.000000000000000000, -0.000000000000000000, -1.000000000000000000 ) ) ;
#443 = EDGE_CURVE ( 'NONE', #1335, #4122, #5300, .T. ) ;
#444 = DIRECTION ( 'NONE',  ( 0.000000000000000000, 0.000000000000000000, 1.000000000000000000 ) ) ;
#445 = DIRECTION ( 'NONE',  ( 1.000000000000000000, 0.000000000000000000, 0.000000000000000000 ) ) ;
#446 = LINE ( 'NONE', #1647, #4299 ) ;
#447 = VECTOR ( 'NONE', #2647, 1000.000000000000000 ) ;
#448 = CARTESIAN_POINT ( 'NONE',  ( -6.325000000000003730, 0.6699999999999998179, -0.5599999999999923928 ) ) ;
#449 = ORIENTED_EDGE ( 'NONE', *, *, #5837, .T. ) ;
#450 = DIRECTION ( 'NONE',  ( 0.000000000000000000, 0.000000000000000000, 1.000000000000000000 ) ) ;
#451 = EDGE_CURVE ( 'NONE', #3418, #4577, #1298, .T. ) ;
#452 = CARTESIAN_POINT ( 'NONE',  ( -0.3200000000000008393, -2.579999999999992966, -0.005000000000002157233 ) ) ;
#453 = VECTOR ( 'NONE', #1164, 1000.000000000000114 ) ;
#454 = ADVANCED_FACE ( 'NONE', ( #5330 ), #1701, .F. ) ;
#455 = ORIENTED_EDGE ( 'NONE', *, *, #3864, .T. ) ;
#456 = LINE ( 'NONE', #3066, #4282 ) ;
#457 = VECTOR ( 'NONE', #3174, 1000.000000000000000 ) ;
#458 = EDGE_CURVE ( 'NONE', #3197, #1061, #3377, .T. ) ;
#459 = ORIENTED_EDGE ( 'NONE', *, *, #1260, .T. ) ;
#460 = PLANE ( 'NONE',  #2724 ) ;
#461 = DIRECTION ( 'NONE',  ( -0.000000000000000000, 1.000000000000000000, 0.000000000000000000 ) ) ;
#462 = AXIS2_PLACEMENT_3D ( 'NONE', #3265, #5508, #450 ) ;
#463 = LINE ( 'NONE', #5028, #4284 ) ;
#464 = DIRECTION ( 'NONE',  ( 0.000000000000000000, -0.000000000000000000, -1.000000000000000000 ) ) ;
#465 = ORIENTED_EDGE ( 'NONE', *, *, #1245, .F. ) ;
#466 = EDGE_CURVE ( 'NONE', #2170, #4570, #1327, .T. ) ;
#467 = CARTESIAN_POINT ( 'NONE',  ( -4.924999999999998934, 9.900000000000000355, 1.044999999999998819 ) ) ;
#468 = CARTESIAN_POINT ( 'NONE',  ( -3.320000000000000728, 6.899999999999995026, -0.005000000000001097317 ) ) ;
#469 = VECTOR ( 'NONE', #3886, 1000.000000000000000 ) ;
#470 = ORIENTED_EDGE ( 'NONE', *, *, #2297, .T. ) ;
#471 = SURFACE_STYLE_FILL_AREA ( #49 ) ;
#472 = VECTOR ( 'NONE', #2315, 1000.000000000000000 ) ;
#473 = ORIENTED_EDGE ( 'NONE', *, *, #3652, .T. ) ;
#474 = DIRECTION ( 'NONE',  ( -0.3015113445777613532, -0.9045340337332925529, 0.3015113445777610757 ) ) ;
#475 = DIRECTION ( 'NONE',  ( 0.000000000000000000, -1.000000000000000000, 3.236424395479117765E-16 ) ) ;
#476 = PLANE ( 'NONE',  #421 ) ;
#477 = CARTESIAN_POINT ( 'NONE',  ( 4.924999999999998934, 8.499999999999996447, -0.9550000000000011813 ) ) ;
#478 = MANIFOLD_SOLID_BREP ( 'LPattern2[2]', #2758 ) ;
#479 = CARTESIAN_POINT ( 'NONE',  ( -3.788917525773188189, -3.313402061855665437, 0.2489175257731888469 ) ) ;
#480 = VECTOR ( 'NONE', #5193, 1000.000000000000000 ) ;
#481 = VERTEX_POINT ( 'NONE', #2106 ) ;
#482 = LINE ( 'NONE', #1240, #2517 ) ;
#483 = CARTESIAN_POINT ( 'NONE',  ( 2.679999999999999272, 0.6699999999999997069, -0.9549999999999962963 ) ) ;
#484 = EDGE_LOOP ( 'NONE', ( #5395, #3484, #5265, #317 ) ) ;
#485 = EDGE_CURVE ( 'NONE', #1496, #2926, #5231, .T. ) ;
#486 = DIRECTION ( 'NONE',  ( 0.000000000000000000, -1.000000000000000000, 0.000000000000000000 ) ) ;
#487 = FACE_OUTER_BOUND ( 'NONE', #3663, .T. ) ;
#488 = FACE_OUTER_BOUND ( 'NONE', #4566, .T. ) ;
#489 = EDGE_LOOP ( 'NONE', ( #568, #881, #2597, #4190 ) ) ;
#490 = ORIENTED_EDGE ( 'NONE', *, *, #5146, .T. ) ;
#491 = ADVANCED_FACE ( 'NONE', ( #1286 ), #3070, .F. ) ;
#492 = CARTESIAN_POINT ( 'NONE',  ( 2.679999999999999272, -2.579999999999992966, -0.005000000000002157233 ) ) ;
#493 = DIRECTION ( 'NONE',  ( 1.000000000000000000, -0.000000000000000000, -4.494102269369967741E-16 ) ) ;
#494 = AXIS2_PLACEMENT_3D ( 'NONE', #5633, #1518, #1958 ) ;
#495 = LINE ( 'NONE', #908, #4465 ) ;
#496 = CARTESIAN_POINT ( 'NONE',  ( -3.320000000000000728, 1.269999999999999796, -0.5599999999999935030 ) ) ;
#497 = VERTEX_POINT ( 'NONE', #2557 ) ;
#498 = CARTESIAN_POINT ( 'NONE',  ( 0.3199999999999991185, -7.265096679918780609, 0.6349999999999970113 ) ) ;
#499 = VERTEX_POINT ( 'NONE', #5385 ) ;
#500 = EDGE_LOOP ( 'NONE', ( #1603, #285, #1831, #168 ) ) ;
#501 = CARTESIAN_POINT ( 'NONE',  ( 0.3199999999999991185, 1.349999999999999645, 0.6349999999999985656 ) ) ;
#502 = LINE ( 'NONE', #4740, #2527 ) ;
#503 = DIRECTION ( 'NONE',  ( 1.000000000000000000, -0.000000000000000000, -4.494102269369967741E-16 ) ) ;
#504 = ORIENTED_EDGE ( 'NONE', *, *, #739, .T. ) ;
#505 = DIRECTION ( 'NONE',  ( -1.000000000000000000, 0.000000000000000000, 0.000000000000000000 ) ) ;
#506 = EDGE_CURVE ( 'NONE', #4540, #1354, #3285, .T. ) ;
#507 = CARTESIAN_POINT ( 'NONE',  ( -2.680000000000001048, 0.000000000000000000, 0.000000000000000000 ) ) ;
#508 = CARTESIAN_POINT ( 'NONE',  ( 0.000000000000000000, 3.300000000000000711, 0.000000000000000000 ) ) ;
#509 = FACE_OUTER_BOUND ( 'NONE', #2611, .T. ) ;
#510 = EDGE_LOOP ( 'NONE', ( #5892, #3877, #3227, #1201 ) ) ;
#511 = ORIENTED_EDGE ( 'NONE', *, *, #3316, .F. ) ;
#512 = VECTOR ( 'NONE', #2636, 1000.000000000000000 ) ;
#513 = ORIENTED_EDGE ( 'NONE', *, *, #3391, .T. ) ;
#514 = DIRECTION ( 'NONE',  ( 1.000000000000000000, -0.000000000000000000, -4.494102269369967741E-16 ) ) ;
#515 = DIRECTION ( 'NONE',  ( -1.000000000000000000, 0.000000000000000000, 0.000000000000000000 ) ) ;
#516 = EDGE_CURVE ( 'NONE', #2007, #3142, #5215, .T. ) ;
#517 = LINE ( 'NONE', #5878, #469 ) ;
#518 = EDGE_CURVE ( 'NONE', #5235, #5566, #3236, .T. ) ;
#519 = CARTESIAN_POINT ( 'NONE',  ( 5.974999999999999645, -1.449999999999999956, 1.884999999999999343 ) ) ;
#520 = VECTOR ( 'NONE', #5751, 1000.000000000000000 ) ;
#521 = ORIENTED_EDGE ( 'NONE', *, *, #5619, .T. ) ;
#522 = ORIENTED_EDGE ( 'NONE', *, *, #4940, .F. ) ;
#523 = LINE ( 'NONE', #3165, #4575 ) ;
#524 = DIRECTION ( 'NONE',  ( 0.000000000000000000, 0.000000000000000000, 1.000000000000000000 ) ) ;
#525 = VECTOR ( 'NONE', #1692, 1000.000000000000000 ) ;
#526 = ORIENTED_EDGE ( 'NONE', *, *, #1477, .F. ) ;
#527 = DIRECTION ( 'NONE',  ( 0.000000000000000000, -2.744815626545581052E-16, -1.000000000000000000 ) ) ;
#528 = VECTOR ( 'NONE', #1273, 1000.000000000000000 ) ;
#529 = EDGE_CURVE ( 'NONE', #3144, #1025, #5222, .T. ) ;
#530 = ORIENTED_EDGE ( 'NONE', *, *, #1334, .F. ) ;
#531 = CARTESIAN_POINT ( 'NONE',  ( -2.680000000000001048, 0.000000000000000000, 2.024999999999999023 ) ) ;
#532 = CARTESIAN_POINT ( 'NONE',  ( -5.389999999999997904, 1.849999999999999201, 2.274999999999999023 ) ) ;
#533 = LINE ( 'NONE', #2713, #2497 ) ;
#534 = LINE ( 'NONE', #241, #728 ) ;
#535 = VERTEX_POINT ( 'NONE', #5422 ) ;
#536 = CARTESIAN_POINT ( 'NONE',  ( 6.000000000000000000, -3.180000000000000160, 0.4349999999999975553 ) ) ;
#537 = VECTOR ( 'NONE', #1126, 1000.000000000000000 ) ;
#538 = ORIENTED_EDGE ( 'NONE', *, *, #1533, .F. ) ;
#539 = ORIENTED_EDGE ( 'NONE', *, *, #5787, .F. ) ;
#540 = ADVANCED_FACE ( 'NONE', ( #1383, #5337 ), #32, .F. ) ;
#541 = VECTOR ( 'NONE', #1442, 1000.000000000000000 ) ;
#542 = EDGE_CURVE ( 'NONE', #1129, #2862, #5288, .T. ) ;
#543 = CARTESIAN_POINT ( 'NONE',  ( 1.269999999999999130, 3.300000000000000711, 1.584999999999998632 ) ) ;
#544 = DIRECTION ( 'NONE',  ( -1.000000000000000000, -0.000000000000000000, -0.000000000000000000 ) ) ;
#545 = VECTOR ( 'NONE', #3898, 1000.000000000000000 ) ;
#546 = VERTEX_POINT ( 'NONE', #3700 ) ;
#547 = DIRECTION ( 'NONE',  ( 1.000000000000000000, -0.000000000000000000, -4.494102269369967741E-16 ) ) ;
#548 = CARTESIAN_POINT ( 'NONE',  ( 0.000000000000000000, -1.449999999999999956, 0.000000000000000000 ) ) ;
#549 = DIRECTION ( 'NONE',  ( 0.000000000000000000, 1.000000000000000000, 0.000000000000000000 ) ) ;
#550 = LINE ( 'NONE', #5623, #537 ) ;
#551 = ORIENTED_EDGE ( 'NONE', *, *, #758, .F. ) ;
#552 = LINE ( 'NONE', #663, #2580 ) ;
#553 = VERTEX_POINT ( 'NONE', #1453 ) ;
#554 = CARTESIAN_POINT ( 'NONE',  ( -1.300000000000000044, 8.149999999999998579, -2.785000000000001030 ) ) ;
#555 = DIRECTION ( 'NONE',  ( 0.000000000000000000, -1.000000000000000000, -3.388131789017201849E-16 ) ) ;
#556 = DIRECTION ( 'NONE',  ( 0.000000000000000000, 0.000000000000000000, -1.000000000000000000 ) ) ;
#557 = CARTESIAN_POINT ( 'NONE',  ( -2.680000000000001048, 1.349999999999999645, 0.6349999999999985656 ) ) ;
#558 = CARTESIAN_POINT ( 'NONE',  ( -4.270000000000001350, 9.900000000000000355, 1.584999999999999076 ) ) ;
#559 = FACE_OUTER_BOUND ( 'NONE', #4510, .T. ) ;
#560 = VERTEX_POINT ( 'NONE', #1863 ) ;
#561 = EDGE_CURVE ( 'NONE', #1766, #4998, #1365, .T. ) ;
#562 = LINE ( 'NONE', #3478, #545 ) ;
#563 = CARTESIAN_POINT ( 'NONE',  ( 1.729999999999998872, 3.300000000000000711, 1.584999999999999076 ) ) ;
#564 = ORIENTED_EDGE ( 'NONE', *, *, #5296, .F. ) ;
#565 = CARTESIAN_POINT ( 'NONE',  ( 0.000000000000000000, 7.500000000000001776, 0.000000000000000000 ) ) ;
#566 =( GEOMETRIC_REPRESENTATION_CONTEXT ( 3 ) GLOBAL_UNCERTAINTY_ASSIGNED_CONTEXT ( ( #3806 ) ) GLOBAL_UNIT_ASSIGNED_CONTEXT ( ( #4993, #767, #233 ) ) REPRESENTATION_CONTEXT ( 'NONE', 'WORKASPACE' ) );
#567 = LINE ( 'NONE', #5705, #4514 ) ;
#568 = ORIENTED_EDGE ( 'NONE', *, *, #5418, .F. ) ;
#569 = VECTOR ( 'NONE', #4753, 1000.000000000000000 ) ;
#570 = DIRECTION ( 'NONE',  ( 0.000000000000000000, 0.000000000000000000, -1.000000000000000000 ) ) ;
#571 = ORIENTED_EDGE ( 'NONE', *, *, #3513, .T. ) ;
#572 = CARTESIAN_POINT ( 'NONE',  ( 0.3199999999999991185, 1.349999999999999645, 0.6349999999999985656 ) ) ;
#573 = PLANE ( 'NONE',  #4191 ) ;
#574 = CARTESIAN_POINT ( 'NONE',  ( 1.250000000000001110, 8.300000000000000711, 2.774999999999999467 ) ) ;
#575 = FACE_OUTER_BOUND ( 'NONE', #4453, .T. ) ;
#576 = VERTEX_POINT ( 'NONE', #4100 ) ;
#577 = ORIENTED_EDGE ( 'NONE', *, *, #3371, .F. ) ;
#578 = EDGE_CURVE ( 'NONE', #441, #3581, #1356, .T. ) ;
#579 = DIRECTION ( 'NONE',  ( 0.000000000000000000, 0.000000000000000000, -1.000000000000000000 ) ) ;
#580 = DIRECTION ( 'NONE',  ( -1.000000000000000000, -0.000000000000000000, -0.000000000000000000 ) ) ;
#581 = FACE_OUTER_BOUND ( 'NONE', #2915, .T. ) ;
#582 = EDGE_CURVE ( 'NONE', #1335, #1560, #1266, .T. ) ;
#583 = DIRECTION ( 'NONE',  ( 1.000000000000000000, -0.000000000000000000, -1.707404996040164018E-16 ) ) ;
#584 = ORIENTED_EDGE ( 'NONE', *, *, #5207, .F. ) ;
#585 = CARTESIAN_POINT ( 'NONE',  ( -3.320000000000000728, 0.6699999999999998179, -0.5599999999999930589 ) ) ;
#586 = EDGE_CURVE ( 'NONE', #2357, #818, #5191, .T. ) ;
#587 = VERTEX_POINT ( 'NONE', #5494 ) ;
#588 = ADVANCED_FACE ( 'NONE', ( #1277 ), #4055, .F. ) ;
#589 = LINE ( 'NONE', #532, #4677 ) ;
#590 = VECTOR ( 'NONE', #4827, 1000.000000000000000 ) ;
#591 = ORIENTED_EDGE ( 'NONE', *, *, #1251, .F. ) ;
#592 = DIRECTION ( 'NONE',  ( 0.000000000000000000, 1.000000000000000000, 0.000000000000000000 ) ) ;
#593 = DIRECTION ( 'NONE',  ( 0.000000000000000000, -1.801998070613027504E-16, 1.000000000000000000 ) ) ;
#594 = PLANE ( 'NONE',  #3199 ) ;
#595 = LINE ( 'NONE', #5768, #4438 ) ;
#596 = LINE ( 'NONE', #3720, #2666 ) ;
#597 = EDGE_CURVE ( 'NONE', #4813, #4, #5167, .T. ) ;
#598 = CARTESIAN_POINT ( 'NONE',  ( -4.939999999999999503, 0.6699999999999997069, 1.585000000000007292 ) ) ;
#599 = VERTEX_POINT ( 'NONE', #916 ) ;
#600 = LINE ( 'NONE', #1063, #4424 ) ;
#601 = PLANE ( 'NONE',  #1873 ) ;
#602 = FACE_OUTER_BOUND ( 'NONE', #1971, .T. ) ;
#603 = ORIENTED_EDGE ( 'NONE', *, *, #3612, .T. ) ;
#604 = EDGE_CURVE ( 'NONE', #2534, #4195, #5203, .T. ) ;
#605 = DIRECTION ( 'NONE',  ( 0.000000000000000000, 0.000000000000000000, 1.000000000000000000 ) ) ;
#606 = DIRECTION ( 'NONE',  ( -4.494102269369967741E-16, 1.807003620809173892E-16, -1.000000000000000000 ) ) ;
#607 = LINE ( 'NONE', #2345, #4525 ) ;
#608 = ORIENTED_EDGE ( 'NONE', *, *, #4912, .T. ) ;
#609 = CARTESIAN_POINT ( 'NONE',  ( 0.2618181818181816167, -2.754545454545446415, 0.05318181818181508258 ) ) ;
#610 = LINE ( 'NONE', #424, #4617 ) ;
#611 = CARTESIAN_POINT ( 'NONE',  ( 2.879999999999999893, 7.500000000000001776, 0.000000000000000000 ) ) ;
#612 = CLOSED_SHELL ( 'NONE', ( #5166, #891, #3017, #939, #3683, #3672, #2532, #4128, #4236, #540, #5252, #5481, #3101, #1801, #4185, #4987, #5822, #838, #491, #5261, #4070, #792, #1594, #3971, #5404, #3006, #3624, #2970, #2566, #1628, #1233, #4884, #132, #2928, #401, #3588, #438, #2618, #5200, #2479, #2827, #4748, #3157, #5111, #675, #3509, #454, #2720, #83, #5389, #5897, #2115, #229, #189, #747, #1748, #243, #5492, #4035, #3364, #4805, #3202, #2683, #3939, #5019, #4021, #1896, #3187, #4277, #3238, #5616, #1377, #3398, #5851, #3715, #1733, #2013, #2882, #4404, #5437, #1552, #3325, #5034, #1637, #3496, #1165, #4492, #1681, #5667, #4589, #2737, #4926, #5214, #5861, #1317, #1218, #3114, #1116, #383, #1837, #2067, #3896, #3761, #4894, #5449, #1852, #731, #3854, #2216, #5347, #4346, #292, #5524, #1925, #4705, #1182, #5077, #1781, #5723, #3545, #4842, #5318, #3068, #3411, #2515, #5761, #4543, #1037, #3463, #1366, #3143, #5774, #1579, #1280, #1884, #5063, #2149, #639, #2670 ) ) ;
#613 = CARTESIAN_POINT ( 'NONE',  ( 3.319999999999998952, 6.899999999999995026, 0.6349999999999988987 ) ) ;
#614 = EDGE_CURVE ( 'NONE', #2946, #4972, #3319, .T. ) ;
#615 = CARTESIAN_POINT ( 'NONE',  ( -4.939999999999999503, 0.6699999999999997069, -0.9549999999999929656 ) ) ;
#616 = LINE ( 'NONE', #167, #628 ) ;
#617 = VERTEX_POINT ( 'NONE', #5012 ) ;
#618 = LINE ( 'NONE', #5541, #2606 ) ;
#619 = DIRECTION ( 'NONE',  ( 0.000000000000000000, -0.000000000000000000, 1.000000000000000000 ) ) ;
#620 = FACE_OUTER_BOUND ( 'NONE', #156, .T. ) ;
#621 = LINE ( 'NONE', #2579, #2628 ) ;
#622 = PLANE ( 'NONE',  #1728 ) ;
#623 = ORIENTED_EDGE ( 'NONE', *, *, #2244, .F. ) ;
#624 = AXIS2_PLACEMENT_3D ( 'NONE', #2989, #4836, #5233 ) ;
#625 = CARTESIAN_POINT ( 'NONE',  ( 6.325000000000000178, -1.199999999999999734, 2.784999999999999254 ) ) ;
#626 = DIRECTION ( 'NONE',  ( -0.000000000000000000, 1.000000000000000000, -0.000000000000000000 ) ) ;
#627 = AXIS2_PLACEMENT_3D ( 'NONE', #4883, #1188, #3505 ) ;
#628 = VECTOR ( 'NONE', #695, 1000.000000000000000 ) ;
#629 = EDGE_LOOP ( 'NONE', ( #4683, #1572, #4996, #938 ) ) ;
#630 = LINE ( 'NONE', #5632, #2679 ) ;
#631 = ORIENTED_EDGE ( 'NONE', *, *, #4026, .F. ) ;
#632 = PLANE ( 'NONE',  #5814 ) ;
#633 = EDGE_CURVE ( 'NONE', #4932, #746, #1374, .T. ) ;
#634 = DIRECTION ( 'NONE',  ( 0.000000000000000000, 0.000000000000000000, -1.000000000000000000 ) ) ;
#635 = LINE ( 'NONE', #2126, #528 ) ;
#636 = ORIENTED_EDGE ( 'NONE', *, *, #4822, .T. ) ;
#637 = CARTESIAN_POINT ( 'NONE',  ( 3.000000000000000000, 7.500000000000001776, 0.1949999999999994238 ) ) ;
#638 = ORIENTED_EDGE ( 'NONE', *, *, #2199, .T. ) ;
#639 = ADVANCED_FACE ( 'NONE', ( #3350 ), #3173, .T. ) ;
#640 = VECTOR ( 'NONE', #5411, 1000.000000000000000 ) ;
#641 = VERTEX_POINT ( 'NONE', #1410 ) ;
#642 = CARTESIAN_POINT ( 'NONE',  ( -2.680000000000001048, 0.6699999999999998179, -0.5599999999999923928 ) ) ;
#643 = LINE ( 'NONE', #5590, #4590 ) ;
#644 = VERTEX_POINT ( 'NONE', #108 ) ;
#645 = PLANE ( 'NONE',  #3596 ) ;
#646 = DIRECTION ( 'NONE',  ( 0.000000000000000000, -1.000000000000000000, 0.000000000000000000 ) ) ;
#647 = CARTESIAN_POINT ( 'NONE',  ( 3.319999999999998952, 0.6699999999999998179, -0.5599999999999930589 ) ) ;
#648 = LINE ( 'NONE', #5890, #4509 ) ;
#649 = CARTESIAN_POINT ( 'NONE',  ( 6.325000000000001066, 0.000000000000000000, 1.884999999999999343 ) ) ;
#650 = VERTEX_POINT ( 'NONE', #4517 ) ;
#651 = DIRECTION ( 'NONE',  ( 1.707404996040164265E-16, 0.000000000000000000, 1.000000000000000000 ) ) ;
#652 = EDGE_CURVE ( 'NONE', #852, #1016, #3383, .T. ) ;
#653 = EDGE_CURVE ( 'NONE', #1783, #4924, #3356, .T. ) ;
#654 = LINE ( 'NONE', #5149, #4452 ) ;
#655 = VERTEX_POINT ( 'NONE', #2278 ) ;
#656 = EDGE_LOOP ( 'NONE', ( #2942, #5083, #774, #2833 ) ) ;
#657 = LINE ( 'NONE', #1469, #689 ) ;
#658 = DIRECTION ( 'NONE',  ( -1.000000000000000000, -0.000000000000000000, 0.000000000000000000 ) ) ;
#659 = VECTOR ( 'NONE', #1891, 1000.000000000000000 ) ;
#660 = VECTOR ( 'NONE', #2794, 1000.000000000000000 ) ;
#661 = ORIENTED_EDGE ( 'NONE', *, *, #5296, .T. ) ;
#662 = DIRECTION ( 'NONE',  ( -1.000000000000000000, 0.000000000000000000, 0.000000000000000000 ) ) ;
#663 = CARTESIAN_POINT ( 'NONE',  ( 3.319999999999998952, 0.6699999999999997069, -0.9549999999999966294 ) ) ;
#664 = CARTESIAN_POINT ( 'NONE',  ( -0.3200000000000008948, -1.081363123647112731E-15, -1.584999999999999964 ) ) ;
#665 = DIRECTION ( 'NONE',  ( 0.7071067811865483499, 0.7071067811865466846, 3.177810190017360389E-16 ) ) ;
#666 = VERTEX_POINT ( 'NONE', #3214 ) ;
#667 = DIRECTION ( 'NONE',  ( 0.000000000000000000, 1.000000000000000000, 0.000000000000000000 ) ) ;
#668 = VERTEX_POINT ( 'NONE', #4558 ) ;
#669 = LINE ( 'NONE', #163, #4442 ) ;
#670 = LINE ( 'NONE', #1714, #4639 ) ;
#671 = ORIENTED_EDGE ( 'NONE', *, *, #2094, .T. ) ;
#672 =( NAMED_UNIT ( * ) PLANE_ANGLE_UNIT ( ) SI_UNIT ( $, .RADIAN. ) );
#673 = EDGE_CURVE ( 'NONE', #1734, #5119, #1395, .T. ) ;
#674 = CARTESIAN_POINT ( 'NONE',  ( 3.319999999999998952, -7.265096679918780609, 0.6349999999999970113 ) ) ;
#675 = ADVANCED_FACE ( 'NONE', ( #1573 ), #3324, .F. ) ;
#676 = DIRECTION ( 'NONE',  ( 1.000000000000000000, -0.000000000000000000, -4.494102269369967741E-16 ) ) ;
#677 = LINE ( 'NONE', #5107, #2561 ) ;
#678 = ORIENTED_EDGE ( 'NONE', *, *, #3693, .T. ) ;
#679 = PLANE ( 'NONE',  #3011 ) ;
#680 = ORIENTED_EDGE ( 'NONE', *, *, #1968, .T. ) ;
#681 = LINE ( 'NONE', #210, #590 ) ;
#682 = EDGE_LOOP ( 'NONE', ( #4430, #2512, #2943, #2756 ) ) ;
#683 = CARTESIAN_POINT ( 'NONE',  ( -3.320000000000000728, 6.899999999999995026, 0.6349999999999988987 ) ) ;
#684 = CARTESIAN_POINT ( 'NONE',  ( -0.1200000000000003147, -3.180000000000000160, 0.000000000000000000 ) ) ;
#685 = LINE ( 'NONE', #1051, #2693 ) ;
#686 = ORIENTED_EDGE ( 'NONE', *, *, #1883, .T. ) ;
#687 = EDGE_LOOP ( 'NONE', ( #5804, #3653, #5386, #2277 ) ) ;
#688 = ADVANCED_FACE ( 'NONE', ( #1494 ), #4855, .F. ) ;
#689 = VECTOR ( 'NONE', #1387, 1000.000000000000000 ) ;
#690 = CARTESIAN_POINT ( 'NONE',  ( 5.499240397477539233, 9.325759602522458280, 2.205083126313776454 ) ) ;
#691 = FACE_OUTER_BOUND ( 'NONE', #4693, .T. ) ;
#692 = EDGE_CURVE ( 'NONE', #5258, #5794, #3519, .T. ) ;
#693 = CARTESIAN_POINT ( 'NONE',  ( 2.250000000000001332, 8.300000000000000711, 2.274999999999999467 ) ) ;
#694 = VERTEX_POINT ( 'NONE', #4733 ) ;
#695 = DIRECTION ( 'NONE',  ( -0.000000000000000000, -1.000000000000000000, -0.000000000000000000 ) ) ;
#696 = ORIENTED_EDGE ( 'NONE', *, *, #4880, .F. ) ;
#697 = CARTESIAN_POINT ( 'NONE',  ( 3.261818181818181728, -2.754545454545446415, 0.5768181818181806753 ) ) ;
#698 = VECTOR ( 'NONE', #976, 1000.000000000000000 ) ;
#699 = ORIENTED_EDGE ( 'NONE', *, *, #561, .T. ) ;
#700 = CARTESIAN_POINT ( 'NONE',  ( -5.389999999999997904, 1.850000000000000089, 2.785000000000000586 ) ) ;
#701 = ORIENTED_EDGE ( 'NONE', *, *, #5905, .T. ) ;
#702 = CARTESIAN_POINT ( 'NONE',  ( 6.835927835051544221, -0.7742268041237121423, 1.374072164948453745 ) ) ;
#703 = EDGE_CURVE ( 'NONE', #4675, #5448, #1592, .T. ) ;
#704 = PLANE ( 'NONE',  #4407 ) ;
#705 = VECTOR ( 'NONE', #5826, 1000.000000000000000 ) ;
#706 = ORIENTED_EDGE ( 'NONE', *, *, #1036, .F. ) ;
#707 = DIRECTION ( 'NONE',  ( 0.000000000000000000, 2.744815626545581052E-16, -1.000000000000000000 ) ) ;
#708 = ORIENTED_EDGE ( 'NONE', *, *, #980, .F. ) ;
#709 = AXIS2_PLACEMENT_3D ( 'NONE', #1546, #3414, #3836 ) ;
#710 = DIRECTION ( 'NONE',  ( 0.000000000000000000, -2.017120320903263949E-16, 1.000000000000000000 ) ) ;
#711 = VECTOR ( 'NONE', #333, 1000.000000000000000 ) ;
#712 = ORIENTED_EDGE ( 'NONE', *, *, #3081, .T. ) ;
#713 = DIRECTION ( 'NONE',  ( -1.000000000000000000, -0.000000000000000000, -0.000000000000000000 ) ) ;
#714 = ORIENTED_EDGE ( 'NONE', *, *, #653, .F. ) ;
#715 = LINE ( 'NONE', #2489, #2792 ) ;
#716 = VECTOR ( 'NONE', #5474, 1000.000000000000000 ) ;
#717 = ORIENTED_EDGE ( 'NONE', *, *, #2981, .F. ) ;
#718 = FILL_AREA_STYLE ('',( #1711 ) ) ;
#719 = ORIENTED_EDGE ( 'NONE', *, *, #980, .T. ) ;
#720 = CARTESIAN_POINT ( 'NONE',  ( 5.389999999999999680, 1.699999999999999956, -1.584999999999999964 ) ) ;
#721 = DIRECTION ( 'NONE',  ( -0.000000000000000000, -0.000000000000000000, 1.000000000000000000 ) ) ;
#722 = LINE ( 'NONE', #5314, #520 ) ;
#723 = VERTEX_POINT ( 'NONE', #2049 ) ;
#724 = DIRECTION ( 'NONE',  ( 1.000000000000000000, -0.000000000000000000, -4.494102269369967741E-16 ) ) ;
#725 = ORIENTED_EDGE ( 'NONE', *, *, #3104, .T. ) ;
#726 = AXIS2_PLACEMENT_3D ( 'NONE', #5236, #1172, #4262 ) ;
#727 = LINE ( 'NONE', #3660, #4638 ) ;
#728 = VECTOR ( 'NONE', #721, 1000.000000000000000 ) ;
#729 = ORIENTED_EDGE ( 'NONE', *, *, #5053, .F. ) ;
#730 = ORIENTED_EDGE ( 'NONE', *, *, #5842, .F. ) ;
#731 = ADVANCED_FACE ( 'NONE', ( #5394 ), #2500, .F. ) ;
#732 = ORIENTED_EDGE ( 'NONE', *, *, #529, .F. ) ;
#733 = VERTEX_POINT ( 'NONE', #5648 ) ;
#734 =( GEOMETRIC_REPRESENTATION_CONTEXT ( 3 ) GLOBAL_UNCERTAINTY_ASSIGNED_CONTEXT ( ( #1519 ) ) GLOBAL_UNIT_ASSIGNED_CONTEXT ( ( #1985, #1508, #5591 ) ) REPRESENTATION_CONTEXT ( 'NONE', 'WORKASPACE' ) );
#735 = LINE ( 'NONE', #3244, #4475 ) ;
#736 = DIRECTION ( 'NONE',  ( 0.000000000000000000, 1.000000000000000000, 0.000000000000000000 ) ) ;
#737 = DIRECTION ( 'NONE',  ( 0.7071067811865513475, -0.000000000000000000, 0.7071067811865436870 ) ) ;
#738 = LINE ( 'NONE', #3036, #776 ) ;
#739 = EDGE_CURVE ( 'NONE', #497, #1536, #3458, .T. ) ;
#740 = CARTESIAN_POINT ( 'NONE',  ( -6.324999999999998401, 1.850000000000000089, 2.785000000000001030 ) ) ;
#741 = ORIENTED_EDGE ( 'NONE', *, *, #2714, .F. ) ;
#742 = ORIENTED_EDGE ( 'NONE', *, *, #5779, .T. ) ;
#743 = ORIENTED_EDGE ( 'NONE', *, *, #5140, .F. ) ;
#744 = EDGE_CURVE ( 'NONE', #5448, #1162, #1558, .T. ) ;
#745 = PLANE ( 'NONE',  #5789 ) ;
#746 = VERTEX_POINT ( 'NONE', #4695 ) ;
#747 = ADVANCED_FACE ( 'NONE', ( #3436 ), #679, .F. ) ;
#748 = VECTOR ( 'NONE', #4232, 1000.000000000000000 ) ;
#749 = CARTESIAN_POINT ( 'NONE',  ( 2.679999999999999272, 0.6699999999999998179, -0.5599999999999923928 ) ) ;
#750 = DIRECTION ( 'NONE',  ( 0.000000000000000000, -1.000000000000000000, 0.000000000000000000 ) ) ;
#751 = FACE_OUTER_BOUND ( 'NONE', #806, .T. ) ;
#752 = FACE_OUTER_BOUND ( 'NONE', #1257, .T. ) ;
#753 = CARTESIAN_POINT ( 'NONE',  ( -1.730000000000000870, 9.900000000000000355, -0.9550000000000011813 ) ) ;
#754 = VERTEX_POINT ( 'NONE', #1559 ) ;
#755 = EDGE_CURVE ( 'NONE', #2551, #754, #5456, .T. ) ;
#756 = DIRECTION ( 'NONE',  ( -0.000000000000000000, 1.000000000000000000, 1.801998070613027504E-16 ) ) ;
#757 = ORIENTED_EDGE ( 'NONE', *, *, #5548, .T. ) ;
#758 = EDGE_CURVE ( 'NONE', #4770, #3378, #3542, .T. ) ;
#759 = DIRECTION ( 'NONE',  ( 0.000000000000000000, 0.000000000000000000, 1.000000000000000000 ) ) ;
#760 = DIRECTION ( 'NONE',  ( -4.638298064109109804E-16, 0.000000000000000000, -1.000000000000000000 ) ) ;
#761 = ORIENTED_EDGE ( 'NONE', *, *, #842, .T. ) ;
#762 = ORIENTED_EDGE ( 'NONE', *, *, #5850, .T. ) ;
#763 = EDGE_CURVE ( 'NONE', #2250, #4858, #5503, .T. ) ;
#764 = LINE ( 'NONE', #5764, #2903 ) ;
#765 = ORIENTED_EDGE ( 'NONE', *, *, #5148, .F. ) ;
#766 = AXIS2_PLACEMENT_3D ( 'NONE', #4632, #2771, #2321 ) ;
#767 =( NAMED_UNIT ( * ) PLANE_ANGLE_UNIT ( ) SI_UNIT ( $, .RADIAN. ) );
#768 = ORIENTED_EDGE ( 'NONE', *, *, #3258, .T. ) ;
#769 = EDGE_CURVE ( 'NONE', #1104, #818, #5410, .T. ) ;
#770 = DIRECTION ( 'NONE',  ( 0.000000000000000000, 0.000000000000000000, 1.000000000000000000 ) ) ;
#771 = CARTESIAN_POINT ( 'NONE',  ( -0.3200000000000008393, 6.899999999999995026, 0.6349999999999988987 ) ) ;
#772 = VERTEX_POINT ( 'NONE', #5773 ) ;
#773 = CARTESIAN_POINT ( 'NONE',  ( -4.939999999999999503, 0.6699999999999998179, 1.190000000000007940 ) ) ;
#774 = ORIENTED_EDGE ( 'NONE', *, *, #466, .F. ) ;
#775 = VECTOR ( 'NONE', #1097, 1000.000000000000000 ) ;
#776 = VECTOR ( 'NONE', #3803, 1000.000000000000000 ) ;
#777 = ORIENTED_EDGE ( 'NONE', *, *, #5808, .T. ) ;
#778 = AXIS2_PLACEMENT_3D ( 'NONE', #637, #5297, #1073 ) ;
#779 = ORIENTED_EDGE ( 'NONE', *, *, #5095, .T. ) ;
#780 = CARTESIAN_POINT ( 'NONE',  ( 4.939999999999999503, 0.6699999999999997069, 1.585000000000007736 ) ) ;
#781 = DIRECTION ( 'NONE',  ( -1.000000000000000000, 0.000000000000000000, -0.000000000000000000 ) ) ;
#782 = EDGE_LOOP ( 'NONE', ( #1638, #2182, #4414, #2461 ) ) ;
#783 = CARTESIAN_POINT ( 'NONE',  ( -4.939999999999999503, -1.081363123647112731E-15, 1.585000000000007514 ) ) ;
#784 = CARTESIAN_POINT ( 'NONE',  ( -6.325000000000003730, -3.252606517456513302E-16, -0.9549999999999924105 ) ) ;
#785 = VECTOR ( 'NONE', #4804, 1000.000000000000000 ) ;
#786 = LINE ( 'NONE', #164, #4893 ) ;
#787 = ORIENTED_EDGE ( 'NONE', *, *, #4480, .T. ) ;
#788 = CARTESIAN_POINT ( 'NONE',  ( 3.137727272727271366, 7.446818181818184001, 0.1772727272727269987 ) ) ;
#789 = ORIENTED_EDGE ( 'NONE', *, *, #5772, .T. ) ;
#790 = PRODUCT_DEFINITION_CONTEXT ( 'detailed design', #5292, 'design' ) ;
#791 = EDGE_CURVE ( 'NONE', #5794, #260, #1500, .T. ) ;
#792 = ADVANCED_FACE ( 'NONE', ( #5493 ), #934, .F. ) ;
#793 = CARTESIAN_POINT ( 'NONE',  ( 4.939999999999999503, 1.269999999999999796, 1.190000000000002611 ) ) ;
#794 = ORIENTED_EDGE ( 'NONE', *, *, #2409, .F. ) ;
#795 = CARTESIAN_POINT ( 'NONE',  ( 0.1199999999999985800, 7.500000000000001776, 0.4349999999999983324 ) ) ;
#796 = DIRECTION ( 'NONE',  ( 0.4619344188369658988, 0.000000000000000000, -0.8869140841669810316 ) ) ;
#797 = LINE ( 'NONE', #2571, #919 ) ;
#798 = PLANE ( 'NONE',  #2748 ) ;
#799 = ORIENTED_EDGE ( 'NONE', *, *, #4710, .T. ) ;
#800 = AXIS2_PLACEMENT_3D ( 'NONE', #3083, #235, #5397 ) ;
#801 = ORIENTED_EDGE ( 'NONE', *, *, #3776, .F. ) ;
#802 = EDGE_CURVE ( 'NONE', #1986, #3409, #3426, .T. ) ;
#803 = DIRECTION ( 'NONE',  ( 0.000000000000000000, 0.000000000000000000, -1.000000000000000000 ) ) ;
#804 = CARTESIAN_POINT ( 'NONE',  ( 2.679999999999999272, 1.350000000000000089, -1.585000000000000409 ) ) ;
#805 = PLANE ( 'NONE',  #1751 ) ;
#806 = EDGE_LOOP ( 'NONE', ( #2723, #4823, #3361, #4739 ) ) ;
#807 = ADVANCED_FACE ( 'NONE', ( #1529 ), #1389, .F. ) ;
#808 = LINE ( 'NONE', #3498, #2721 ) ;
#809 = ORIENTED_EDGE ( 'NONE', *, *, #4502, .F. ) ;
#810 = DIRECTION ( 'NONE',  ( 1.000000000000000000, 0.000000000000000000, -4.494102269369967741E-16 ) ) ;
#811 = ORIENTED_EDGE ( 'NONE', *, *, #147, .T. ) ;
#812 = DIRECTION ( 'NONE',  ( 1.000000000000000000, 0.000000000000000000, 0.000000000000000000 ) ) ;
#813 = PLANE ( 'NONE',  #627 ) ;
#814 = CARTESIAN_POINT ( 'NONE',  ( -4.924999999999998934, 9.900000000000000355, -0.9550000000000011813 ) ) ;
#815 = VERTEX_POINT ( 'NONE', #3924 ) ;
#816 = LINE ( 'NONE', #5637, #4757 ) ;
#817 = ORIENTED_EDGE ( 'NONE', *, *, #4887, .T. ) ;
#818 = VERTEX_POINT ( 'NONE', #4034 ) ;
#819 = EDGE_CURVE ( 'NONE', #5677, #1610, #1449, .T. ) ;
#820 = CARTESIAN_POINT ( 'NONE',  ( -6.325000000000002842, 0.6699999999999997069, 1.585000000000007736 ) ) ;
#821 = EDGE_CURVE ( 'NONE', #3999, #1557, #1584, .T. ) ;
#822 = EDGE_LOOP ( 'NONE', ( #5108, #3261, #5884, #1153 ) ) ;
#823 = PLANE ( 'NONE',  #2129 ) ;
#824 = VECTOR ( 'NONE', #1224, 1000.000000000000000 ) ;
#825 = CARTESIAN_POINT ( 'NONE',  ( 3.319999999999998952, 0.000000000000000000, 2.024999999999999023 ) ) ;
#826 = VERTEX_POINT ( 'NONE', #1844 ) ;
#827 = DIRECTION ( 'NONE',  ( 0.000000000000000000, 1.000000000000000000, -3.614007241618347785E-16 ) ) ;
#828 = ORIENTED_EDGE ( 'NONE', *, *, #5247, .F. ) ;
#829 = EDGE_LOOP ( 'NONE', ( #3122, #1195, #3113, #2972 ) ) ;
#830 = VECTOR ( 'NONE', #4727, 1000.000000000000000 ) ;
#831 = DIRECTION ( 'NONE',  ( 0.000000000000000000, 1.000000000000000000, 0.000000000000000000 ) ) ;
#832 = CARTESIAN_POINT ( 'NONE',  ( -5.674999999999999822, -1.449999999999999956, 1.884999999999999343 ) ) ;
#833 = DIRECTION ( 'NONE',  ( 1.984809469081015648E-16, 0.000000000000000000, 1.000000000000000000 ) ) ;
#834 = VECTOR ( 'NONE', #5084, 1000.000000000000000 ) ;
#835 = CARTESIAN_POINT ( 'NONE',  ( 5.389999999999999680, 0.000000000000000000, 2.784999999999999254 ) ) ;
#836 = ORIENTED_EDGE ( 'NONE', *, *, #4139, .T. ) ;
#837 = ORIENTED_EDGE ( 'NONE', *, *, #4764, .F. ) ;
#838 = ADVANCED_FACE ( 'NONE', ( #3564 ), #5033, .F. ) ;
#839 = DIRECTION ( 'NONE',  ( 1.000000000000000000, 0.000000000000000000, 0.000000000000000000 ) ) ;
#840 = DIRECTION ( 'NONE',  ( 1.000000000000000000, -0.000000000000000000, -0.000000000000000000 ) ) ;
#841 = FACE_OUTER_BOUND ( 'NONE', #1144, .T. ) ;
#842 = EDGE_CURVE ( 'NONE', #1002, #5005, #3549, .T. ) ;
#843 = ORIENTED_EDGE ( 'NONE', *, *, #3384, .F. ) ;
#844 = ORIENTED_EDGE ( 'NONE', *, *, #3403, .T. ) ;
#845 = DIRECTION ( 'NONE',  ( 0.000000000000000000, 1.000000000000000000, -3.614007241618347785E-16 ) ) ;
#846 = DIRECTION ( 'NONE',  ( -0.6092076990801711389, 0.5076730825668098745, -0.6092076990801714720 ) ) ;
#847 =( NAMED_UNIT ( * ) SI_UNIT ( $, .STERADIAN. ) SOLID_ANGLE_UNIT ( ) );
#848 = DIRECTION ( 'NONE',  ( 0.000000000000000000, 2.744815626545581052E-16, 1.000000000000000000 ) ) ;
#849 = DIRECTION ( 'NONE',  ( -0.000000000000000000, -0.000000000000000000, 1.000000000000000000 ) ) ;
#850 = AXIS2_PLACEMENT_3D ( 'NONE', #5335, #5184, #88 ) ;
#851 = DIRECTION ( 'NONE',  ( -1.000000000000000000, 0.000000000000000000, 0.000000000000000000 ) ) ;
#852 = VERTEX_POINT ( 'NONE', #4537 ) ;
#853 = ADVANCED_FACE ( 'NONE', ( #3535 ), #415, .F. ) ;
#854 = LINE ( 'NONE', #313, #785 ) ;
#855 = ORIENTED_EDGE ( 'NONE', *, *, #2470, .F. ) ;
#856 = VERTEX_POINT ( 'NONE', #3959 ) ;
#857 = UNCERTAINTY_MEASURE_WITH_UNIT (LENGTH_MEASURE( 1.000000000000000082E-05 ), #1128, 'distance_accuracy_value', 'NONE');
#858 = CARTESIAN_POINT ( 'NONE',  ( -0.3200000000000008948, 1.350000000000000089, -1.585000000000000409 ) ) ;
#859 = CARTESIAN_POINT ( 'NONE',  ( 0.3199999999999991185, 3.300000000000000711, 0.6349999999999988987 ) ) ;
#860 = ORIENTED_EDGE ( 'NONE', *, *, #1361, .T. ) ;
#861 = FACE_OUTER_BOUND ( 'NONE', #4902, .T. ) ;
#862 = ORIENTED_EDGE ( 'NONE', *, *, #739, .F. ) ;
#863 = DIRECTION ( 'NONE',  ( 0.000000000000000000, 1.000000000000000000, -3.236424395479117765E-16 ) ) ;
#864 = FACE_OUTER_BOUND ( 'NONE', #2146, .T. ) ;
#865 = DIRECTION ( 'NONE',  ( 0.000000000000000000, 0.000000000000000000, 1.000000000000000000 ) ) ;
#866 = PRESENTATION_LAYER_ASSIGNMENT (  '', '', ( #3289 ) ) ;
#867 = ORIENTED_EDGE ( 'NONE', *, *, #4647, .T. ) ;
#868 = PLANE ( 'NONE',  #5500 ) ;
#869 = ORIENTED_EDGE ( 'NONE', *, *, #4951, .T. ) ;
#870 = AXIS2_PLACEMENT_3D ( 'NONE', #5821, #3691, #464 ) ;
#871 = ORIENTED_EDGE ( 'NONE', *, *, #5664, .T. ) ;
#872 = CARTESIAN_POINT ( 'NONE',  ( 1.250000000000001110, 8.300000000000000711, 2.274999999999999467 ) ) ;
#873 = DIRECTION ( 'NONE',  ( 0.000000000000000000, -1.000000000000000000, 0.000000000000000000 ) ) ;
#874 = ORIENTED_EDGE ( 'NONE', *, *, #1178, .T. ) ;
#875 = CARTESIAN_POINT ( 'NONE',  ( -4.939999999999999503, -1.081363123647112731E-15, -1.584999999999999964 ) ) ;
#876 = VECTOR ( 'NONE', #42, 1000.000000000000000 ) ;
#877 = CARTESIAN_POINT ( 'NONE',  ( -3.320000000000000728, 3.300000000000000711, 0.6349999999999988987 ) ) ;
#878 = ORIENTED_EDGE ( 'NONE', *, *, #887, .T. ) ;
#879 = CARTESIAN_POINT ( 'NONE',  ( -5.389999999999997904, 1.850000000000000089, 2.785000000000000586 ) ) ;
#880 = CARTESIAN_POINT ( 'NONE',  ( 3.319999999999998952, 6.899999999999995026, -0.005000000000001097317 ) ) ;
#881 = ORIENTED_EDGE ( 'NONE', *, *, #4468, .T. ) ;
#882 = VECTOR ( 'NONE', #4674, 1000.000000000000000 ) ;
#883 = ORIENTED_EDGE ( 'NONE', *, *, #4351, .T. ) ;
#884 = AXIS2_PLACEMENT_3D ( 'NONE', #3132, #5785, #4743 ) ;
#885 = FACE_OUTER_BOUND ( 'NONE', #5378, .T. ) ;
#886 = EDGE_CURVE ( 'NONE', #1056, #5634, #5535, .T. ) ;
#887 = EDGE_CURVE ( 'NONE', #3415, #228, #3483, .T. ) ;
#888 = ORIENTED_EDGE ( 'NONE', *, *, #3330, .F. ) ;
#889 = CARTESIAN_POINT ( 'NONE',  ( -6.325000000000001066, 0.000000000000000000, -1.584999999999999964 ) ) ;
#890 = CARTESIAN_POINT ( 'NONE',  ( 3.000000000000000000, 7.500000000000001776, 0.4349999999999983324 ) ) ;
#891 = ADVANCED_FACE ( 'NONE', ( #3528 ), #4886, .T. ) ;
#892 = DIRECTION ( 'NONE',  ( 0.3015113445777613532, -0.9045340337332925529, 0.3015113445777610757 ) ) ;
#893 = DIRECTION ( 'NONE',  ( 1.000000000000000000, 0.000000000000000000, -0.000000000000000000 ) ) ;
#894 = EDGE_CURVE ( 'NONE', #5794, #617, #1521, .T. ) ;
#895 = DIRECTION ( 'NONE',  ( 0.000000000000000000, 0.3162277660168349991, 0.9486832980505148782 ) ) ;
#896 = EDGE_LOOP ( 'NONE', ( #2664, #504, #636, #2477 ) ) ;
#897 = ORIENTED_EDGE ( 'NONE', *, *, #5333, .F. ) ;
#898 = VECTOR ( 'NONE', #5428, 1000.000000000000000 ) ;
#899 = VERTEX_POINT ( 'NONE', #649 ) ;
#900 = EDGE_CURVE ( 'NONE', #5484, #2366, #5420, .T. ) ;
#901 = CARTESIAN_POINT ( 'NONE',  ( -6.325000000000001066, 0.000000000000000000, -1.584999999999999964 ) ) ;
#902 = DIRECTION ( 'NONE',  ( -1.000000000000000000, 0.000000000000000000, 0.000000000000000000 ) ) ;
#903 = DIRECTION ( 'NONE',  ( 0.000000000000000000, -0.000000000000000000, 1.000000000000000000 ) ) ;
#904 = VERTEX_POINT ( 'NONE', #496 ) ;
#905 = ADVANCED_FACE ( 'NONE', ( #3570 ), #4251, .F. ) ;
#906 = EDGE_CURVE ( 'NONE', #1035, #91, #1542, .T. ) ;
#907 = EDGE_LOOP ( 'NONE', ( #4222, #2959, #2564, #2494 ) ) ;
#908 = CARTESIAN_POINT ( 'NONE',  ( 1.269999999999999130, 3.300000000000000711, -0.9550000000000011813 ) ) ;
#909 = VECTOR ( 'NONE', #5202, 1000.000000000000000 ) ;
#910 = DIRECTION ( 'NONE',  ( 1.000000000000000000, -0.000000000000000000, -1.707404996040164018E-16 ) ) ;
#911 = CARTESIAN_POINT ( 'NONE',  ( -3.120000000000000551, 7.500000000000001776, 0.000000000000000000 ) ) ;
#912 = ORIENTED_EDGE ( 'NONE', *, *, #3225, .F. ) ;
#913 = EDGE_CURVE ( 'NONE', #441, #2885, #3511, .T. ) ;
#914 = ORIENTED_EDGE ( 'NONE', *, *, #3769, .F. ) ;
#915 = CARTESIAN_POINT ( 'NONE',  ( -1.250000000000001110, 1.849999999999999201, 2.274999999999999023 ) ) ;
#916 = CARTESIAN_POINT ( 'NONE',  ( -5.389999999999999680, 0.6699999999999997069, -0.9549999999999927436 ) ) ;
#917 = ORIENTED_EDGE ( 'NONE', *, *, #4582, .T. ) ;
#918 = CARTESIAN_POINT ( 'NONE',  ( 1.250000000000001110, 8.300000000000000711, 2.774999999999999467 ) ) ;
#919 = VECTOR ( 'NONE', #5681, 1000.000000000000000 ) ;
#920 = CARTESIAN_POINT ( 'NONE',  ( 5.389999999999999680, 1.850000000000000089, 2.784999999999999254 ) ) ;
#921 = ORIENTED_EDGE ( 'NONE', *, *, #3370, .F. ) ;
#922 = AXIS2_PLACEMENT_3D ( 'NONE', #38, #3431, #2935 ) ;
#923 = EDGE_CURVE ( 'NONE', #4565, #3115, #5442, .T. ) ;
#924 = CARTESIAN_POINT ( 'NONE',  ( 0.000000000000000000, 0.000000000000000000, 0.000000000000000000 ) ) ;
#925 = EDGE_LOOP ( 'NONE', ( #3521, #4102, #2577, #860 ) ) ;
#926 = ORIENTED_EDGE ( 'NONE', *, *, #1043, .F. ) ;
#927 = PLANE ( 'NONE',  #4455 ) ;
#928 = PRESENTATION_LAYER_ASSIGNMENT (  '', '', ( #5582 ) ) ;
#929 = ORIENTED_EDGE ( 'NONE', *, *, #5895, .F. ) ;
#930 = CARTESIAN_POINT ( 'NONE',  ( 0.000000000000000000, 7.500000000000001776, 0.4349999999999983324 ) ) ;
#931 = DIRECTION ( 'NONE',  ( 4.494102269369967741E-16, 3.236424395479117765E-16, 1.000000000000000000 ) ) ;
#932 = DIRECTION ( 'NONE',  ( 0.000000000000000000, -1.801998070613027504E-16, 1.000000000000000000 ) ) ;
#933 = DIRECTION ( 'NONE',  ( -1.000000000000000000, -0.000000000000000000, -0.000000000000000000 ) ) ;
#934 = PLANE ( 'NONE',  #2423 ) ;
#935 = VERTEX_POINT ( 'NONE', #166 ) ;
#936 = EDGE_LOOP ( 'NONE', ( #1586, #2091, #1574, #2229 ) ) ;
#937 = AXIS2_PLACEMENT_3D ( 'NONE', #1975, #2462, #5176 ) ;
#938 = ORIENTED_EDGE ( 'NONE', *, *, #5565, .T. ) ;
#939 = ADVANCED_FACE ( 'NONE', ( #5362 ), #124, .T. ) ;
#940 = CARTESIAN_POINT ( 'NONE',  ( -0.3200000000000008393, 0.6699999999999997069, 1.585000000000007292 ) ) ;
#941 = DIRECTION ( 'NONE',  ( 0.000000000000000000, -0.000000000000000000, 1.000000000000000000 ) ) ;
#942 = AXIS2_PLACEMENT_3D ( 'NONE', #3888, #4917, #2662 ) ;
#943 = ORIENTED_EDGE ( 'NONE', *, *, #4528, .T. ) ;
#944 = DIRECTION ( 'NONE',  ( -1.000000000000000000, 0.000000000000000000, 0.000000000000000000 ) ) ;
#945 = ORIENTED_EDGE ( 'NONE', *, *, #5765, .T. ) ;
#946 = EDGE_LOOP ( 'NONE', ( #5536, #1871, #1774, #5777 ) ) ;
#947 = CARTESIAN_POINT ( 'NONE',  ( -6.325000000000003730, 1.269999999999999796, -0.5599999999999922817 ) ) ;
#948 = CARTESIAN_POINT ( 'NONE',  ( -3.320000000000000728, 1.269999999999999796, -0.5599999999999935030 ) ) ;
#949 = CARTESIAN_POINT ( 'NONE',  ( -6.325000000000002842, 1.269999999999999796, 1.190000000000007718 ) ) ;
#950 = VERTEX_POINT ( 'NONE', #4292 ) ;
#951 = VERTEX_POINT ( 'NONE', #4783 ) ;
#952 = VERTEX_POINT ( 'NONE', #3718 ) ;
#953 = ADVANCED_FACE ( 'NONE', ( #5370 ), #2510, .F. ) ;
#954 = DIRECTION ( 'NONE',  ( -0.7071067811865467956, 0.7071067811865483499, 0.000000000000000000 ) ) ;
#955 = CARTESIAN_POINT ( 'NONE',  ( 1.250000000000001110, 1.849999999999999201, 2.774999999999998135 ) ) ;
#956 = ORIENTED_EDGE ( 'NONE', *, *, #4922, .F. ) ;
#957 = CARTESIAN_POINT ( 'NONE',  ( -6.325000000000002842, 0.6699999999999997069, 1.585000000000007736 ) ) ;
#958 = LINE ( 'NONE', #5869, #1032 ) ;
#959 = PLANE ( 'NONE',  #4167 ) ;
#960 = EDGE_LOOP ( 'NONE', ( #1750, #2210, #4013, #5353 ) ) ;
#961 = EDGE_CURVE ( 'NONE', #3317, #3091, #5450, .T. ) ;
#962 = EDGE_LOOP ( 'NONE', ( #2711, #2747, #5419, #4736, #2830, #2586, #623, #2820 ) ) ;
#963 = CARTESIAN_POINT ( 'NONE',  ( -3.320000000000000728, 0.6699999999999998179, 1.190000000000006608 ) ) ;
#964 = ORIENTED_EDGE ( 'NONE', *, *, #906, .F. ) ;
#965 = ORIENTED_EDGE ( 'NONE', *, *, #1533, .T. ) ;
#966 = DIRECTION ( 'NONE',  ( 0.000000000000000000, 1.000000000000000000, 2.017120320903263949E-16 ) ) ;
#967 = EDGE_CURVE ( 'NONE', #5092, #3176, #1535, .T. ) ;
#968 = ORIENTED_EDGE ( 'NONE', *, *, #2537, .T. ) ;
#969 = DIRECTION ( 'NONE',  ( 1.000000000000000000, 0.000000000000000000, 0.000000000000000000 ) ) ;
#970 = CARTESIAN_POINT ( 'NONE',  ( 2.680000000000000160, 0.6699999999999998179, 1.190000000000007940 ) ) ;
#971 = CARTESIAN_POINT ( 'NONE',  ( -2.680000000000001048, 0.6699999999999997069, -0.9549999999999939648 ) ) ;
#972 = VERTEX_POINT ( 'NONE', #1471 ) ;
#973 = DIRECTION ( 'NONE',  ( 0.000000000000000000, 0.000000000000000000, 1.000000000000000000 ) ) ;
#974 = VERTEX_POINT ( 'NONE', #2945 ) ;
#975 = ORIENTED_EDGE ( 'NONE', *, *, #4422, .T. ) ;
#976 = DIRECTION ( 'NONE',  ( -0.000000000000000000, -0.000000000000000000, -1.000000000000000000 ) ) ;
#977 = CARTESIAN_POINT ( 'NONE',  ( 6.325000000000001066, 8.499999999999996447, -1.584999999999999964 ) ) ;
#978 = LINE ( 'NONE', #4111, #987 ) ;
#979 = ORIENTED_EDGE ( 'NONE', *, *, #3562, .T. ) ;
#980 = EDGE_CURVE ( 'NONE', #4377, #3714, #3417, .T. ) ;
#981 = PLANE ( 'NONE',  #2899 ) ;
#982 = ORIENTED_EDGE ( 'NONE', *, *, #291, .T. ) ;
#983 = DIRECTION ( 'NONE',  ( -0.000000000000000000, 1.000000000000000000, 0.000000000000000000 ) ) ;
#984 = VERTEX_POINT ( 'NONE', #3366 ) ;
#985 = ORIENTED_EDGE ( 'NONE', *, *, #4744, .T. ) ;
#986 = CARTESIAN_POINT ( 'NONE',  ( -0.3200000000000008393, 3.300000000000000711, -0.005000000000001097317 ) ) ;
#987 = VECTOR ( 'NONE', #4024, 1000.000000000000000 ) ;
#988 = EDGE_CURVE ( 'NONE', #5120, #4565, #5376, .T. ) ;
#989 = CARTESIAN_POINT ( 'NONE',  ( 3.319999999999998952, 3.300000000000000711, 0.6349999999999988987 ) ) ;
#990 = ORIENTED_EDGE ( 'NONE', *, *, #375, .F. ) ;
#991 = AXIS2_PLACEMENT_3D ( 'NONE', #5836, #3448, #2949 ) ;
#992 = ADVANCED_FACE ( 'NONE', ( #3473 ), #5542, .F. ) ;
#993 = EDGE_LOOP ( 'NONE', ( #522, #1725, #183, #2505 ) ) ;
#994 = ORIENTED_EDGE ( 'NONE', *, *, #4522, .T. ) ;
#995 = DIRECTION ( 'NONE',  ( 0.000000000000000000, 1.000000000000000000, 0.000000000000000000 ) ) ;
#996 = DIRECTION ( 'NONE',  ( -0.000000000000000000, 1.000000000000000000, -0.000000000000000000 ) ) ;
#997 = ORIENTED_EDGE ( 'NONE', *, *, #3042, .T. ) ;
#998 = PLANE ( 'NONE',  #3419 ) ;
#999 = ORIENTED_EDGE ( 'NONE', *, *, #4040, .F. ) ;
#1000 = ORIENTED_EDGE ( 'NONE', *, *, #409, .T. ) ;
#1001 = DIRECTION ( 'NONE',  ( 0.000000000000000000, -1.000000000000000000, -1.618212197739558882E-16 ) ) ;
#1002 = VERTEX_POINT ( 'NONE', #5781 ) ;
#1003 = VERTEX_POINT ( 'NONE', #5702 ) ;
#1004 = EDGE_CURVE ( 'NONE', #1122, #655, #3502, .T. ) ;
#1005 = DIRECTION ( 'NONE',  ( 0.000000000000000000, 0.000000000000000000, -1.000000000000000000 ) ) ;
#1006 = ORIENTED_EDGE ( 'NONE', *, *, #3441, .F. ) ;
#1007 = CARTESIAN_POINT ( 'NONE',  ( 4.939999999999999503, 1.285879139104722704E-16, 1.585000000000003073 ) ) ;
#1008 = CARTESIAN_POINT ( 'NONE',  ( 0.3199999999999991185, 3.300000000000000711, -0.005000000000001097317 ) ) ;
#1009 = AXIS2_PLACEMENT_3D ( 'NONE', #2267, #2215, #3654 ) ;
#1010 = ORIENTED_EDGE ( 'NONE', *, *, #2879, .T. ) ;
#1011 = ORIENTED_EDGE ( 'NONE', *, *, #2297, .F. ) ;
#1012 = VECTOR ( 'NONE', #846, 1000.000000000000000 ) ;
#1013 = DIRECTION ( 'NONE',  ( -0.3015113445777614087, 0.9045340337332923308, 0.3015113445777614087 ) ) ;
#1014 = ORIENTED_EDGE ( 'NONE', *, *, #3047, .T. ) ;
#1015 = VECTOR ( 'NONE', #4209, 1000.000000000000000 ) ;
#1016 = VERTEX_POINT ( 'NONE', #2715 ) ;
#1017 = ORIENTED_EDGE ( 'NONE', *, *, #1937, .T. ) ;
#1018 = EDGE_LOOP ( 'NONE', ( #3829, #3774, #5015, #3107 ) ) ;
#1019 = DIRECTION ( 'NONE',  ( 1.000000000000000000, -0.000000000000000000, 0.000000000000000000 ) ) ;
#1020 = EDGE_CURVE ( 'NONE', #3740, #4798, #1551, .T. ) ;
#1021 = CARTESIAN_POINT ( 'NONE',  ( -3.320000000000000728, -7.265096679918780609, 0.6349999999999970113 ) ) ;
#1022 = LINE ( 'NONE', #625, #775 ) ;
#1023 = ORIENTED_EDGE ( 'NONE', *, *, #1593, .T. ) ;
#1024 = LINE ( 'NONE', #1121, #1179 ) ;
#1025 = VERTEX_POINT ( 'NONE', #1729 ) ;
#1026 = ORIENTED_EDGE ( 'NONE', *, *, #3769, .T. ) ;
#1027 = DIRECTION ( 'NONE',  ( 0.000000000000000000, 0.000000000000000000, 1.000000000000000000 ) ) ;
#1028 = DIRECTION ( 'NONE',  ( 1.000000000000000000, -0.000000000000000000, -4.494102269369967741E-16 ) ) ;
#1029 = VERTEX_POINT ( 'NONE', #2674 ) ;
#1030 = CARTESIAN_POINT ( 'NONE',  ( 1.250000000000001110, 1.849999999999999201, 2.774999999999998135 ) ) ;
#1031 = MECHANICAL_DESIGN_GEOMETRIC_PRESENTATION_REPRESENTATION (  '', ( #2388 ), #734 ) ;
#1032 = VECTOR ( 'NONE', #3600, 1000.000000000000000 ) ;
#1033 = CARTESIAN_POINT ( 'NONE',  ( 0.3199999999999991185, 1.269999999999999796, 1.190000000000007718 ) ) ;
#1034 = DIRECTION ( 'NONE',  ( 0.6092076990801716940, 0.5076730825668080982, -0.6092076990801722491 ) ) ;
#1035 = VERTEX_POINT ( 'NONE', #3967 ) ;
#1036 = EDGE_CURVE ( 'NONE', #329, #3270, #3733, .T. ) ;
#1037 = ADVANCED_FACE ( 'NONE', ( #5651 ), #2549, .T. ) ;
#1038 = EDGE_LOOP ( 'NONE', ( #1314, #3293, #1231, #1934 ) ) ;
#1039 = CARTESIAN_POINT ( 'NONE',  ( 1.300000000000000044, 7.400000000000000355, -2.085000000000000853 ) ) ;
#1040 = EDGE_LOOP ( 'NONE', ( #267, #1385, #3934, #3446 ) ) ;
#1041 = ORIENTED_EDGE ( 'NONE', *, *, #1826, .T. ) ;
#1042 = ORIENTED_EDGE ( 'NONE', *, *, #1450, .F. ) ;
#1043 = EDGE_CURVE ( 'NONE', #4798, #3893, #5674, .T. ) ;
#1044 = CARTESIAN_POINT ( 'NONE',  ( 4.939999999999999503, 1.285879139104722704E-16, 2.024999999999999023 ) ) ;
#1045 = DIRECTION ( 'NONE',  ( -1.000000000000000000, 0.000000000000000000, 0.000000000000000000 ) ) ;
#1046 = DIRECTION ( 'NONE',  ( -1.000000000000000000, 0.000000000000000000, -0.000000000000000000 ) ) ;
#1047 = ORIENTED_EDGE ( 'NONE', *, *, #5275, .F. ) ;
#1048 = CARTESIAN_POINT ( 'NONE',  ( -2.880000000000001670, 7.500000000000001776, 0.000000000000000000 ) ) ;
#1049 = EDGE_LOOP ( 'NONE', ( #4923, #3780, #1278, #5716 ) ) ;
#1050 = VERTEX_POINT ( 'NONE', #3019 ) ;
#1051 = CARTESIAN_POINT ( 'NONE',  ( 3.319999999999998952, -2.579999999999992966, -0.005000000000003001176 ) ) ;
#1052 = EDGE_CURVE ( 'NONE', #2672, #2727, #5578, .T. ) ;
#1053 = LINE ( 'NONE', #3634, #1064 ) ;
#1054 = LINE ( 'NONE', #558, #3072 ) ;
#1055 = AXIS2_PLACEMENT_3D ( 'NONE', #890, #3642, #4491 ) ;
#1056 = VERTEX_POINT ( 'NONE', #3059 ) ;
#1057 = EDGE_CURVE ( 'NONE', #4444, #3220, #5640, .T. ) ;
#1058 = CARTESIAN_POINT ( 'NONE',  ( -0.3200000000000008393, 1.269999999999999796, 1.190000000000005054 ) ) ;
#1059 = CARTESIAN_POINT ( 'NONE',  ( 0.3199999999999991185, -2.579999999999992966, -0.005000000000002157233 ) ) ;
#1060 = ORIENTED_EDGE ( 'NONE', *, *, #3195, .F. ) ;
#1061 = VERTEX_POINT ( 'NONE', #1203 ) ;
#1062 = ORIENTED_EDGE ( 'NONE', *, *, #3684, .T. ) ;
#1063 = CARTESIAN_POINT ( 'NONE',  ( 4.269999999999999574, 3.300000000000000711, -0.9550000000000011813 ) ) ;
#1064 = VECTOR ( 'NONE', #5097, 1000.000000000000000 ) ;
#1065 = LINE ( 'NONE', #3320, #5142 ) ;
#1066 = ORIENTED_EDGE ( 'NONE', *, *, #3908, .T. ) ;
#1067 = ORIENTED_EDGE ( 'NONE', *, *, #5561, .F. ) ;
#1068 = ORIENTED_EDGE ( 'NONE', *, *, #4822, .F. ) ;
#1069 = VERTEX_POINT ( 'NONE', #4929 ) ;
#1070 = CARTESIAN_POINT ( 'NONE',  ( 6.325000000000001066, 9.900000000000000355, -1.584999999999999964 ) ) ;
#1071 = DIRECTION ( 'NONE',  ( 1.000000000000000000, -0.000000000000000000, -0.000000000000000000 ) ) ;
#1072 = VERTEX_POINT ( 'NONE', #1690 ) ;
#1073 = DIRECTION ( 'NONE',  ( -1.000000000000000000, 0.000000000000000000, 0.000000000000000000 ) ) ;
#1074 = ORIENTED_EDGE ( 'NONE', *, *, #1826, .F. ) ;
#1075 = DIRECTION ( 'NONE',  ( 0.000000000000000000, -1.801998070613027504E-16, 1.000000000000000000 ) ) ;
#1076 = ORIENTED_EDGE ( 'NONE', *, *, #1251, .T. ) ;
#1077 = ORIENTED_EDGE ( 'NONE', *, *, #5622, .F. ) ;
#1078 = LINE ( 'NONE', #5806, #3058 ) ;
#1079 = PLANE ( 'NONE',  #1786 ) ;
#1080 =( GEOMETRIC_REPRESENTATION_CONTEXT ( 3 ) GLOBAL_UNCERTAINTY_ASSIGNED_CONTEXT ( ( #87 ) ) GLOBAL_UNIT_ASSIGNED_CONTEXT ( ( #3264, #4994, #4165 ) ) REPRESENTATION_CONTEXT ( 'NONE', 'WORKASPACE' ) );
#1081 = ORIENTED_EDGE ( 'NONE', *, *, #3152, .F. ) ;
#1082 = FACE_OUTER_BOUND ( 'NONE', #2951, .T. ) ;
#1083 = EDGE_CURVE ( 'NONE', #772, #4976, #5718, .T. ) ;
#1084 = ADVANCED_FACE ( 'NONE', ( #3640 ), #4009, .F. ) ;
#1085 = DIRECTION ( 'NONE',  ( 0.000000000000000000, 1.000000000000000000, 1.801998070613027504E-16 ) ) ;
#1086 = CARTESIAN_POINT ( 'NONE',  ( 0.000000000000000000, 0.000000000000000000, 2.024999999999999023 ) ) ;
#1087 = ORIENTED_EDGE ( 'NONE', *, *, #1186, .T. ) ;
#1088 = VERTEX_POINT ( 'NONE', #3900 ) ;
#1089 = VERTEX_POINT ( 'NONE', #4508 ) ;
#1090 = CARTESIAN_POINT ( 'NONE',  ( -6.325000000000003730, 0.6699999999999998179, -0.5599999999999923928 ) ) ;
#1091 = DIRECTION ( 'NONE',  ( 0.000000000000000000, -1.000000000000000000, -1.618212197739558882E-16 ) ) ;
#1092 = ORIENTED_EDGE ( 'NONE', *, *, #578, .T. ) ;
#1093 = DIRECTION ( 'NONE',  ( -1.000000000000000000, 0.000000000000000000, 0.000000000000000000 ) ) ;
#1094 = VERTEX_POINT ( 'NONE', #294 ) ;
#1095 = CARTESIAN_POINT ( 'NONE',  ( 3.000000000000000000, 1.349999999999999867, 4.573977915173221831E-16 ) ) ;
#1096 = ORIENTED_EDGE ( 'NONE', *, *, #4964, .T. ) ;
#1097 = DIRECTION ( 'NONE',  ( 1.000000000000000000, 0.000000000000000000, 0.000000000000000000 ) ) ;
#1098 = ORIENTED_EDGE ( 'NONE', *, *, #692, .F. ) ;
#1099 = DIRECTION ( 'NONE',  ( 0.000000000000000000, -1.801998070613027504E-16, 1.000000000000000000 ) ) ;
#1100 = VERTEX_POINT ( 'NONE', #332 ) ;
#1101 = CARTESIAN_POINT ( 'NONE',  ( 2.879999999999999893, 7.500000000000001776, 0.4349999999999983324 ) ) ;
#1102 = DIRECTION ( 'NONE',  ( 1.000000000000000000, -0.000000000000000000, -4.494102269369967741E-16 ) ) ;
#1103 = ORIENTED_EDGE ( 'NONE', *, *, #5154, .F. ) ;
#1104 = VERTEX_POINT ( 'NONE', #4970 ) ;
#1105 = EDGE_CURVE ( 'NONE', #951, #4670, #5563, .T. ) ;
#1106 = ORIENTED_EDGE ( 'NONE', *, *, #4015, .T. ) ;
#1107 = DIRECTION ( 'NONE',  ( 0.000000000000000000, -0.000000000000000000, 1.000000000000000000 ) ) ;
#1108 = CARTESIAN_POINT ( 'NONE',  ( 0.3199999999999991185, -3.252606517456513302E-16, -0.9549999999999954081 ) ) ;
#1109 = ORIENTED_EDGE ( 'NONE', *, *, #4826, .F. ) ;
#1110 = EDGE_CURVE ( 'NONE', #1184, #3176, #1746, .T. ) ;
#1111 = VERTEX_POINT ( 'NONE', #693 ) ;
#1112 = ORIENTED_EDGE ( 'NONE', *, *, #5154, .T. ) ;
#1113 = AXIS2_PLACEMENT_3D ( 'NONE', #3745, #5576, #4199 ) ;
#1114 = EDGE_CURVE ( 'NONE', #5150, #3962, #1724, .T. ) ;
#1115 = DIRECTION ( 'NONE',  ( -0.3015113445777613532, 0.9045340337332925529, 0.3015113445777610757 ) ) ;
#1116 = ADVANCED_FACE ( 'NONE', ( #3621 ), #1606, .F. ) ;
#1117 = VERTEX_POINT ( 'NONE', #3442 ) ;
#1118 = VECTOR ( 'NONE', #5065, 1000.000000000000000 ) ;
#1119 = DIRECTION ( 'NONE',  ( 0.000000000000000000, 1.000000000000000000, -3.212450881438528789E-16 ) ) ;
#1120 = CARTESIAN_POINT ( 'NONE',  ( -1.250000000000001110, 8.300000000000000711, 2.774999999999999467 ) ) ;
#1121 = CARTESIAN_POINT ( 'NONE',  ( -0.3200000000000008393, -7.265096679918780609, -0.005000000000003001176 ) ) ;
#1122 = VERTEX_POINT ( 'NONE', #3865 ) ;
#1123 = CARTESIAN_POINT ( 'NONE',  ( 4.924999999999999822, 9.900000000000000355, 2.213345367664709038E-15 ) ) ;
#1124 = ORIENTED_EDGE ( 'NONE', *, *, #2699, .F. ) ;
#1125 = VERTEX_POINT ( 'NONE', #4828 ) ;
#1126 = DIRECTION ( 'NONE',  ( 3.969618938162030311E-16, -0.000000000000000000, 1.000000000000000000 ) ) ;
#1127 = EDGE_CURVE ( 'NONE', #5061, #2881, #1765, .T. ) ;
#1128 =( LENGTH_UNIT ( ) NAMED_UNIT ( * ) SI_UNIT ( .MILLI., .METRE. ) );
#1129 = VERTEX_POINT ( 'NONE', #3516 ) ;
#1130 = ADVANCED_FACE ( 'NONE', ( #5749 ), #5345, .F. ) ;
#1131 = DIRECTION ( 'NONE',  ( 0.000000000000000000, 0.000000000000000000, -1.000000000000000000 ) ) ;
#1132 = ORIENTED_EDGE ( 'NONE', *, *, #3128, .F. ) ;
#1133 = CARTESIAN_POINT ( 'NONE',  ( -0.3200000000000008393, -7.265096679918780609, 0.6349999999999970113 ) ) ;
#1134 = ORIENTED_EDGE ( 'NONE', *, *, #2239, .T. ) ;
#1135 = AXIS2_PLACEMENT_3D ( 'NONE', #1445, #1892, #5489 ) ;
#1136 = VERTEX_POINT ( 'NONE', #2272 ) ;
#1137 = DIRECTION ( 'NONE',  ( 0.000000000000000000, 1.000000000000000000, 0.000000000000000000 ) ) ;
#1138 = DIRECTION ( 'NONE',  ( 1.000000000000000000, 0.000000000000000000, 0.000000000000000000 ) ) ;
#1139 = ORIENTED_EDGE ( 'NONE', *, *, #3464, .F. ) ;
#1140 = DIRECTION ( 'NONE',  ( -4.494102269369967741E-16, 0.000000000000000000, 1.000000000000000000 ) ) ;
#1141 = CARTESIAN_POINT ( 'NONE',  ( 0.000000000000000000, 0.000000000000000000, 0.000000000000000000 ) ) ;
#1142 = CARTESIAN_POINT ( 'NONE',  ( -3.320000000000000728, 1.349999999999999423, 2.024999999999999023 ) ) ;
#1143 = VERTEX_POINT ( 'NONE', #5118 ) ;
#1144 = EDGE_LOOP ( 'NONE', ( #929, #5009, #1827, #1010 ) ) ;
#1145 = ORIENTED_EDGE ( 'NONE', *, *, #4710, .F. ) ;
#1146 = PRODUCT_CONTEXT ( 'NONE', #1625, 'mechanical' ) ;
#1147 = CARTESIAN_POINT ( 'NONE',  ( -1.270000000000001128, 3.300000000000000711, -0.9550000000000008482 ) ) ;
#1148 = CARTESIAN_POINT ( 'NONE',  ( 2.250000000000001332, 0.000000000000000000, -0.000000000000000000 ) ) ;
#1149 = VERTEX_POINT ( 'NONE', #2400 ) ;
#1150 = CARTESIAN_POINT ( 'NONE',  ( 3.319999999999998508, 1.269999999999999796, 1.190000000000003277 ) ) ;
#1151 = DIRECTION ( 'NONE',  ( 1.233548213626064722E-31, 1.000000000000000000, 2.744815626545581052E-16 ) ) ;
#1152 = DIRECTION ( 'NONE',  ( 0.000000000000000000, -1.000000000000000000, -2.017120320903263949E-16 ) ) ;
#1153 = ORIENTED_EDGE ( 'NONE', *, *, #4447, .F. ) ;
#1154 = ORIENTED_EDGE ( 'NONE', *, *, #5850, .F. ) ;
#1155 = ORIENTED_EDGE ( 'NONE', *, *, #2632, .T. ) ;
#1156 = DIRECTION ( 'NONE',  ( 1.000000000000000000, 0.000000000000000000, 0.000000000000000000 ) ) ;
#1157 = ORIENTED_EDGE ( 'NONE', *, *, #1340, .F. ) ;
#1158 = DIRECTION ( 'NONE',  ( 0.000000000000000000, 1.000000000000000000, 1.344746880602175966E-16 ) ) ;
#1159 = DIRECTION ( 'NONE',  ( 1.000000000000000000, 0.000000000000000000, -0.000000000000000000 ) ) ;
#1160 = ORIENTED_EDGE ( 'NONE', *, *, #597, .F. ) ;
#1161 = DIRECTION ( 'NONE',  ( -0.3015113445777614087, -0.9045340337332923308, -0.3015113445777614087 ) ) ;
#1162 = VERTEX_POINT ( 'NONE', #1360 ) ;
#1163 = EDGE_LOOP ( 'NONE', ( #3363, #3248, #3819, #1820 ) ) ;
#1164 = DIRECTION ( 'NONE',  ( -0.3015113445777614087, 0.9045340337332923308, -0.3015113445777614087 ) ) ;
#1165 = ADVANCED_FACE ( 'NONE', ( #1785 ), #185, .T. ) ;
#1166 = CARTESIAN_POINT ( 'NONE',  ( 1.250000000000001110, 8.300000000000000711, 2.774999999999999467 ) ) ;
#1167 = VERTEX_POINT ( 'NONE', #1485 ) ;
#1168 = EDGE_CURVE ( 'NONE', #1072, #1029, #3696, .T. ) ;
#1169 = DIRECTION ( 'NONE',  ( -0.6092076990801714720, -0.5076730825668097635, 0.6092076990801712499 ) ) ;
#1170 = CARTESIAN_POINT ( 'NONE',  ( -0.3200000000000008948, 0.000000000000000000, 0.000000000000000000 ) ) ;
#1171 = ORIENTED_EDGE ( 'NONE', *, *, #2769, .F. ) ;
#1172 = DIRECTION ( 'NONE',  ( 1.000000000000000000, 0.000000000000000000, 0.000000000000000000 ) ) ;
#1173 = ORIENTED_EDGE ( 'NONE', *, *, #1391, .T. ) ;
#1174 = ORIENTED_EDGE ( 'NONE', *, *, #3180, .T. ) ;
#1175 = CARTESIAN_POINT ( 'NONE',  ( -2.680000000000001048, 0.6699999999999997069, 1.585000000000007292 ) ) ;
#1176 = ORIENTED_EDGE ( 'NONE', *, *, #4619, .T. ) ;
#1177 = CARTESIAN_POINT ( 'NONE',  ( 1.250000000000001110, 8.300000000000000711, 2.774999999999999467 ) ) ;
#1178 = EDGE_CURVE ( 'NONE', #2250, #3376, #1736, .T. ) ;
#1179 = VECTOR ( 'NONE', #2016, 1000.000000000000000 ) ;
#1180 = DIRECTION ( 'NONE',  ( 1.233548213626064722E-31, 1.000000000000000000, 2.744815626545581052E-16 ) ) ;
#1181 = CARTESIAN_POINT ( 'NONE',  ( 3.319999999999998952, 1.349999999999999645, 0.6349999999999985656 ) ) ;
#1182 = ADVANCED_FACE ( 'NONE', ( #1829 ), #1676, .F. ) ;
#1183 = EDGE_LOOP ( 'NONE', ( #1096, #1486, #4624, #1134 ) ) ;
#1184 = VERTEX_POINT ( 'NONE', #467 ) ;
#1185 = ORIENTED_EDGE ( 'NONE', *, *, #443, .F. ) ;
#1186 = EDGE_CURVE ( 'NONE', #904, #5501, #3687, .T. ) ;
#1187 = CARTESIAN_POINT ( 'NONE',  ( -6.325000000000002842, 0.6699999999999998179, 1.190000000000007940 ) ) ;
#1188 = DIRECTION ( 'NONE',  ( -1.000000000000000000, 0.000000000000000000, 0.000000000000000000 ) ) ;
#1189 = ORIENTED_EDGE ( 'NONE', *, *, #1393, .T. ) ;
#1190 = DIRECTION ( 'NONE',  ( -1.000000000000000000, -0.000000000000000000, -0.000000000000000000 ) ) ;
#1191 = CARTESIAN_POINT ( 'NONE',  ( 2.680000000000000160, 1.269999999999999796, 1.190000000000007718 ) ) ;
#1192 = EDGE_CURVE ( 'NONE', #1089, #3188, #3712, .T. ) ;
#1193 = ORIENTED_EDGE ( 'NONE', *, *, #1987, .T. ) ;
#1194 = EDGE_LOOP ( 'NONE', ( #2927, #765, #4860, #2810 ) ) ;
#1195 = ORIENTED_EDGE ( 'NONE', *, *, #3033, .T. ) ;
#1196 = VERTEX_POINT ( 'NONE', #3420 ) ;
#1197 = DIRECTION ( 'NONE',  ( -0.7071067811865523467, -0.000000000000000000, -0.7071067811865426878 ) ) ;
#1198 = CARTESIAN_POINT ( 'NONE',  ( 1.269999999999999130, 3.300000000000000711, -0.9550000000000011813 ) ) ;
#1199 = CARTESIAN_POINT ( 'NONE',  ( 6.325000000000000178, 1.850000000000000089, 2.784999999999999254 ) ) ;
#1200 = AXIS2_PLACEMENT_3D ( 'NONE', #1969, #5399, #1271 ) ;
#1201 = ORIENTED_EDGE ( 'NONE', *, *, #4480, .F. ) ;
#1202 = EDGE_CURVE ( 'NONE', #3277, #2881, #1809, .T. ) ;
#1203 = CARTESIAN_POINT ( 'NONE',  ( 2.679999999999999272, 1.349999999999999423, 2.024999999999999023 ) ) ;
#1204 = EDGE_LOOP ( 'NONE', ( #5696, #2173, #162 ) ) ;
#1205 = LINE ( 'NONE', #2337, #3193 ) ;
#1206 = DIRECTION ( 'NONE',  ( 0.000000000000000000, 1.000000000000000000, -3.236424395479117765E-16 ) ) ;
#1207 = FACE_OUTER_BOUND ( 'NONE', #206, .T. ) ;
#1208 = DIRECTION ( 'NONE',  ( 1.000000000000000000, 0.000000000000000000, 0.000000000000000000 ) ) ;
#1209 = VERTEX_POINT ( 'NONE', #1402 ) ;
#1210 = AXIS2_PLACEMENT_3D ( 'NONE', #5539, #2976, #4204 ) ;
#1211 = DIRECTION ( 'NONE',  ( 0.000000000000000000, -1.801998070613027504E-16, 1.000000000000000000 ) ) ;
#1212 = CARTESIAN_POINT ( 'NONE',  ( -2.250000000000001332, 8.300000000000000711, 2.274999999999999467 ) ) ;
#1213 = ORIENTED_EDGE ( 'NONE', *, *, #5291, .T. ) ;
#1214 = DIRECTION ( 'NONE',  ( -1.000000000000000000, 0.000000000000000000, 0.000000000000000000 ) ) ;
#1215 = VERTEX_POINT ( 'NONE', #61 ) ;
#1216 = CARTESIAN_POINT ( 'NONE',  ( -0.3200000000000008393, -7.265096679918780609, -0.005000000000003001176 ) ) ;
#1217 = AXIS2_PLACEMENT_3D ( 'NONE', #4870, #5156, #1131 ) ;
#1218 = ADVANCED_FACE ( 'NONE', ( #3583 ), #23, .F. ) ;
#1219 = AXIS2_PLACEMENT_3D ( 'NONE', #3766, #1099, #5159 ) ;
#1220 = DIRECTION ( 'NONE',  ( 1.000000000000000000, -0.000000000000000000, -4.494102269369967741E-16 ) ) ;
#1221 = ORIENTED_EDGE ( 'NONE', *, *, #1544, .T. ) ;
#1222 = CARTESIAN_POINT ( 'NONE',  ( -2.250000000000001332, 1.849999999999999201, 2.774999999999998135 ) ) ;
#1223 = EDGE_CURVE ( 'NONE', #1254, #3317, #5544, .T. ) ;
#1224 = DIRECTION ( 'NONE',  ( -1.000000000000000000, -0.000000000000000000, -0.000000000000000000 ) ) ;
#1225 = ORIENTED_EDGE ( 'NONE', *, *, #2122, .F. ) ;
#1226 = EDGE_LOOP ( 'NONE', ( #5663, #3791, #2245, #5607 ) ) ;
#1227 = AXIS2_PLACEMENT_3D ( 'NONE', #4793, #4396, #619 ) ;
#1228 = SURFACE_STYLE_USAGE ( .BOTH. , #4273 ) ;
#1229 = CARTESIAN_POINT ( 'NONE',  ( 0.3199999999999991185, 3.300000000000000711, 0.6349999999999988987 ) ) ;
#1230 = VECTOR ( 'NONE', #220, 1000.000000000000000 ) ;
#1231 = ORIENTED_EDGE ( 'NONE', *, *, #4826, .T. ) ;
#1232 = CARTESIAN_POINT ( 'NONE',  ( -6.325000000000001066, 0.000000000000000000, -1.584999999999999964 ) ) ;
#1233 = ADVANCED_FACE ( 'NONE', ( #1773 ), #4309, .F. ) ;
#1234 = VERTEX_POINT ( 'NONE', #2762 ) ;
#1235 = ORIENTED_EDGE ( 'NONE', *, *, #4808, .T. ) ;
#1236 = FACE_OUTER_BOUND ( 'NONE', #4061, .T. ) ;
#1237 = VECTOR ( 'NONE', #1169, 999.9999999999998863 ) ;
#1238 = ORIENTED_EDGE ( 'NONE', *, *, #3040, .T. ) ;
#1239 = CARTESIAN_POINT ( 'NONE',  ( 0.000000000000000000, 0.000000000000000000, 0.000000000000000000 ) ) ;
#1240 = CARTESIAN_POINT ( 'NONE',  ( -5.389999999999999680, 1.699999999999998623, -1.584999999999999964 ) ) ;
#1242 = ORIENTED_EDGE ( 'NONE', *, *, #2485, .T. ) ;
#1241 = EDGE_CURVE ( 'NONE', #3714, #5613, #5704, .T. ) ;
#1243 = DIRECTION ( 'NONE',  ( -1.000000000000000000, 0.000000000000000000, -0.000000000000000000 ) ) ;
#1244 = EDGE_LOOP ( 'NONE', ( #4809, #4942, #4395, #2261 ) ) ;
#1245 = EDGE_CURVE ( 'NONE', #2170, #1072, #1685, .T. ) ;
#1246 = LINE ( 'NONE', #5887, #3282 ) ;
#1247 = DIRECTION ( 'NONE',  ( 0.000000000000000000, 0.000000000000000000, -1.000000000000000000 ) ) ;
#1248 = VECTOR ( 'NONE', #5534, 1000.000000000000000 ) ;
#1249 = DIRECTION ( 'NONE',  ( -0.000000000000000000, -0.000000000000000000, 1.000000000000000000 ) ) ;
#1250 = VERTEX_POINT ( 'NONE', #5239 ) ;
#1251 = EDGE_CURVE ( 'NONE', #4725, #5838, #5556, .T. ) ;
#1252 = ORIENTED_EDGE ( 'NONE', *, *, #375, .T. ) ;
#1253 = DIRECTION ( 'NONE',  ( 0.6401843996644784873, -0.7682212795973769603, 0.000000000000000000 ) ) ;
#1254 = VERTEX_POINT ( 'NONE', #5044 ) ;
#1255 = FACE_OUTER_BOUND ( 'NONE', #925, .T. ) ;
#1256 = VECTOR ( 'NONE', #1211, 1000.000000000000000 ) ;
#1257 = EDGE_LOOP ( 'NONE', ( #3512, #326, #4084, #2111 ) ) ;
#1258 = CARTESIAN_POINT ( 'NONE',  ( 6.024999999999999467, -1.449999999999999956, 2.184999999999999609 ) ) ;
#1259 = PLANE ( 'NONE',  #4145 ) ;
#1260 = EDGE_CURVE ( 'NONE', #1056, #4577, #3603, .T. ) ;
#1261 = ORIENTED_EDGE ( 'NONE', *, *, #1668, .F. ) ;
#1262 = ORIENTED_EDGE ( 'NONE', *, *, #1388, .F. ) ;
#1263 = LINE ( 'NONE', #5112, #5190 ) ;
#1264 = CARTESIAN_POINT ( 'NONE',  ( -2.919545454545455332, 7.618636363636364095, 0.3954545454545445593 ) ) ;
#1265 = DIRECTION ( 'NONE',  ( -1.000000000000000000, 0.000000000000000000, 4.494102269369967741E-16 ) ) ;
#1266 = LINE ( 'NONE', #955, #1345 ) ;
#1267 = EDGE_CURVE ( 'NONE', #1072, #1035, #5695, .T. ) ;
#1268 = CARTESIAN_POINT ( 'NONE',  ( 2.679999999999999272, 3.300000000000000711, -0.005000000000001097317 ) ) ;
#1269 = ADVANCED_FACE ( 'NONE', ( #1799 ), #4140, .F. ) ;
#1270 = ORIENTED_EDGE ( 'NONE', *, *, #5548, .F. ) ;
#1271 = DIRECTION ( 'NONE',  ( 0.000000000000000000, -0.000000000000000000, 1.000000000000000000 ) ) ;
#1272 = CARTESIAN_POINT ( 'NONE',  ( 5.389999999999999680, 0.000000000000000000, -1.584999999999999964 ) ) ;
#1273 = DIRECTION ( 'NONE',  ( -0.000000000000000000, -1.000000000000000000, -0.000000000000000000 ) ) ;
#1274 = ORIENTED_EDGE ( 'NONE', *, *, #2879, .F. ) ;
#1275 = AXIS2_PLACEMENT_3D ( 'NONE', #4891, #5307, #5820 ) ;
#1276 = LINE ( 'NONE', #4044, #5164 ) ;
#1277 = FACE_OUTER_BOUND ( 'NONE', #4230, .T. ) ;
#1278 = ORIENTED_EDGE ( 'NONE', *, *, #1689, .F. ) ;
#1279 = EDGE_CURVE ( 'NONE', #1143, #904, #1646, .T. ) ;
#1280 = ADVANCED_FACE ( 'NONE', ( #5661 ), #1656, .T. ) ;
#1281 = PLANE ( 'NONE',  #5339 ) ;
#1282 = ORIENTED_EDGE ( 'NONE', *, *, #5275, .T. ) ;
#1283 = CARTESIAN_POINT ( 'NONE',  ( 3.319999999999998952, 1.349999999999999867, -0.005000000000001448598 ) ) ;
#1284 = FACE_OUTER_BOUND ( 'NONE', #3110, .T. ) ;
#1285 = PLANE ( 'NONE',  #2221 ) ;
#1286 = FACE_OUTER_BOUND ( 'NONE', #2950, .T. ) ;
#1287 = EDGE_CURVE ( 'NONE', #4588, #1215, #1758, .T. ) ;
#1288 = ORIENTED_EDGE ( 'NONE', *, *, #894, .F. ) ;
#1289 = VECTOR ( 'NONE', #4661, 1000.000000000000000 ) ;
#1290 = CARTESIAN_POINT ( 'NONE',  ( -4.270000000000001350, 3.300000000000000711, 0.9349999999999978328 ) ) ;
#1291 = PLANE ( 'NONE',  #3540 ) ;
#1292 = CARTESIAN_POINT ( 'NONE',  ( 3.319999999999998952, 1.349999999999999867, -0.005000000000001448598 ) ) ;
#1293 = VERTEX_POINT ( 'NONE', #1175 ) ;
#1294 = DIRECTION ( 'NONE',  ( 1.984809469081015402E-16, -0.000000000000000000, 1.000000000000000000 ) ) ;
#1295 = AXIS2_PLACEMENT_3D ( 'NONE', #2884, #944, #4672 ) ;
#1296 = LINE ( 'NONE', #2507, #3375 ) ;
#1297 = EDGE_CURVE ( 'NONE', #5901, #4932, #1696, .T. ) ;
#1298 = LINE ( 'NONE', #2646, #3329 ) ;
#1299 = ORIENTED_EDGE ( 'NONE', *, *, #2228, .F. ) ;
#1300 = UNCERTAINTY_MEASURE_WITH_UNIT (LENGTH_MEASURE( 1.000000000000000082E-05 ), #360, 'distance_accuracy_value', 'NONE');
#1301 = CARTESIAN_POINT ( 'NONE',  ( -4.939999999999999503, 1.699999999999998623, 2.024999999999999023 ) ) ;
#1302 = CARTESIAN_POINT ( 'NONE',  ( -6.325000000000002842, 1.269999999999999796, 1.190000000000007718 ) ) ;
#1303 = DIRECTION ( 'NONE',  ( 0.000000000000000000, -0.000000000000000000, 1.000000000000000000 ) ) ;
#1304 = EDGE_LOOP ( 'NONE', ( #4105, #2333, #4161, #5817 ) ) ;
#1305 = CARTESIAN_POINT ( 'NONE',  ( -3.320000000000000728, -7.265096679918780609, -0.005000000000003001176 ) ) ;
#1306 = LINE ( 'NONE', #684, #1422 ) ;
#1307 = DIRECTION ( 'NONE',  ( 0.000000000000000000, 0.000000000000000000, -1.000000000000000000 ) ) ;
#1308 = CARTESIAN_POINT ( 'NONE',  ( 3.319999999999998508, 1.269999999999999796, 1.190000000000007052 ) ) ;
#1309 = FACE_OUTER_BOUND ( 'NONE', #5653, .T. ) ;
#1310 = EDGE_CURVE ( 'NONE', #1459, #1254, #5727, .T. ) ;
#1311 = ORIENTED_EDGE ( 'NONE', *, *, #5059, .T. ) ;
#1312 = DIRECTION ( 'NONE',  ( -1.000000000000000000, -0.000000000000000000, -0.000000000000000000 ) ) ;
#1313 = DIRECTION ( 'NONE',  ( 0.000000000000000000, 0.000000000000000000, -1.000000000000000000 ) ) ;
#1314 = ORIENTED_EDGE ( 'NONE', *, *, #1186, .F. ) ;
#1315 = LINE ( 'NONE', #1952, #3291 ) ;
#1316 = VECTOR ( 'NONE', #3139, 1000.000000000000114 ) ;
#1317 = ADVANCED_FACE ( 'NONE', ( #3742 ), #3460, .T. ) ;
#1318 = VERTEX_POINT ( 'NONE', #1899 ) ;
#1319 = DIRECTION ( 'NONE',  ( 1.000000000000000000, -0.000000000000000000, -0.000000000000000000 ) ) ;
#1320 = EDGE_CURVE ( 'NONE', #754, #3219, #3758, .T. ) ;
#1321 = DIRECTION ( 'NONE',  ( 4.494102269369967741E-16, 0.000000000000000000, -1.000000000000000000 ) ) ;
#1322 = ORIENTED_EDGE ( 'NONE', *, *, #1608, .T. ) ;
#1323 = DIRECTION ( 'NONE',  ( 0.000000000000000000, -0.000000000000000000, 1.000000000000000000 ) ) ;
#1324 = LINE ( 'NONE', #20, #3345 ) ;
#1325 = DIRECTION ( 'NONE',  ( 1.000000000000000000, 0.000000000000000000, -1.984809469081015648E-16 ) ) ;
#1326 = EDGE_CURVE ( 'NONE', #650, #2203, #3895, .T. ) ;
#1327 = LINE ( 'NONE', #3873, #1316 ) ;
#1328 = ORIENTED_EDGE ( 'NONE', *, *, #4083, .F. ) ;
#1329 = ADVANCED_FACE ( 'NONE', ( #1859 ), #2856, .F. ) ;
#1330 = DIRECTION ( 'NONE',  ( -0.3015113445777614087, -0.9045340337332923308, 0.3015113445777614087 ) ) ;
#1331 = CARTESIAN_POINT ( 'NONE',  ( -1.730000000000000870, 9.900000000000000355, -0.9550000000000011813 ) ) ;
#1332 = ORIENTED_EDGE ( 'NONE', *, *, #791, .T. ) ;
#1333 = VECTOR ( 'NONE', #1848, 1000.000000000000000 ) ;
#1334 = EDGE_CURVE ( 'NONE', #4577, #4882, #1992, .T. ) ;
#1335 = VERTEX_POINT ( 'NONE', #1030 ) ;
#1336 = DIRECTION ( 'NONE',  ( -1.000000000000000000, -0.000000000000000000, -0.000000000000000000 ) ) ;
#1337 = DIRECTION ( 'NONE',  ( 1.000000000000000000, 0.000000000000000000, -4.494102269369967741E-16 ) ) ;
#1338 = AXIS2_PLACEMENT_3D ( 'NONE', #5280, #5675, #4370 ) ;
#1339 = ORIENTED_EDGE ( 'NONE', *, *, #2224, .F. ) ;
#1340 = EDGE_CURVE ( 'NONE', #1050, #1293, #1915, .T. ) ;
#1341 = DIRECTION ( 'NONE',  ( 0.000000000000000000, -0.000000000000000000, -1.000000000000000000 ) ) ;
#1342 = LINE ( 'NONE', #3574, #5179 ) ;
#1343 = CARTESIAN_POINT ( 'NONE',  ( 2.679999999999999272, 3.300000000000000711, 0.6349999999999988987 ) ) ;
#1344 = CARTESIAN_POINT ( 'NONE',  ( -3.320000000000000728, 7.500000000000001776, -0.005000000000001097317 ) ) ;
#1345 = VECTOR ( 'NONE', #1898, 1000.000000000000000 ) ;
#1346 = ORIENTED_EDGE ( 'NONE', *, *, #2041, .F. ) ;
#1347 = DIRECTION ( 'NONE',  ( 0.000000000000000000, 2.744815626545581052E-16, -1.000000000000000000 ) ) ;
#1348 = DIRECTION ( 'NONE',  ( -0.000000000000000000, -1.000000000000000000, -0.000000000000000000 ) ) ;
#1349 = AXIS2_PLACEMENT_3D ( 'NONE', #4774, #3469, #5735 ) ;
#1350 = CARTESIAN_POINT ( 'NONE',  ( -6.325000000000003730, 1.269999999999999796, -0.5599999999999922817 ) ) ;
#1351 = PLANE ( 'NONE',  #4806 ) ;
#1352 = EDGE_LOOP ( 'NONE', ( #1026, #4057, #4879, #4383 ) ) ;
#1353 = VECTOR ( 'NONE', #3614, 1000.000000000000000 ) ;
#1354 = VERTEX_POINT ( 'NONE', #4605 ) ;
#1355 = VECTOR ( 'NONE', #5027, 1000.000000000000000 ) ;
#1356 = LINE ( 'NONE', #3627, #3224 ) ;
#1357 = ORIENTED_EDGE ( 'NONE', *, *, #2332, .T. ) ;
#1358 = CARTESIAN_POINT ( 'NONE',  ( -6.325000000000001066, 8.499999999999996447, 1.044999999999998819 ) ) ;
#1359 = CARTESIAN_POINT ( 'NONE',  ( 5.389999999999999680, 1.699999999999999956, -1.584999999999999964 ) ) ;
#1360 = CARTESIAN_POINT ( 'NONE',  ( -3.320000000000000728, 1.349999999999999867, -0.005000000000001448598 ) ) ;
#1361 = EDGE_CURVE ( 'NONE', #91, #1029, #3880, .T. ) ;
#1362 = VECTOR ( 'NONE', #2868, 1000.000000000000000 ) ;
#1363 = CARTESIAN_POINT ( 'NONE',  ( -5.364999999999991331, 1.849999999999999201, 2.274999999999999023 ) ) ;
#1364 = EDGE_LOOP ( 'NONE', ( #4399, #603, #4607, #2706 ) ) ;
#1365 = LINE ( 'NONE', #5088, #5263 ) ;
#1366 = ADVANCED_FACE ( 'NONE', ( #3813 ), #927, .F. ) ;
#1367 = ORIENTED_EDGE ( 'NONE', *, *, #1052, .F. ) ;
#1368 = MECHANICAL_DESIGN_GEOMETRIC_PRESENTATION_REPRESENTATION (  '', ( #5121 ), #5182 ) ;
#1369 = CARTESIAN_POINT ( 'NONE',  ( -5.389999999999999680, 1.269999999999999796, -0.5599999999999927258 ) ) ;
#1370 = CARTESIAN_POINT ( 'NONE',  ( 0.3199999999999991740, 0.000000000000000000, 2.024999999999999023 ) ) ;
#1371 = DIRECTION ( 'NONE',  ( 0.000000000000000000, 2.744815626545581052E-16, -1.000000000000000000 ) ) ;
#1372 = DIRECTION ( 'NONE',  ( -0.000000000000000000, -1.000000000000000000, -0.000000000000000000 ) ) ;
#1373 = ORIENTED_EDGE ( 'NONE', *, *, #3168, .F. ) ;
#1374 = LINE ( 'NONE', #2855, #5274 ) ;
#1375 = ORIENTED_EDGE ( 'NONE', *, *, #2458, .T. ) ;
#1376 = CARTESIAN_POINT ( 'NONE',  ( 5.674999999999999822, 0.000000000000000000, 1.884999999999999343 ) ) ;
#1377 = ADVANCED_FACE ( 'NONE', ( #3904 ), #1378, .F. ) ;
#1378 = PLANE ( 'NONE',  #4759 ) ;
#1379 = FACE_OUTER_BOUND ( 'NONE', #1839, .T. ) ;
#1380 = ORIENTED_EDGE ( 'NONE', *, *, #2668, .F. ) ;
#1381 = DIRECTION ( 'NONE',  ( 0.000000000000000000, 0.000000000000000000, 1.000000000000000000 ) ) ;
#1382 = FILL_AREA_STYLE_COLOUR ( '', #3037 ) ;
#1383 = FACE_BOUND ( 'NONE', #682, .T. ) ;
#1384 = DIRECTION ( 'NONE',  ( -1.233548213626064722E-31, 1.000000000000000000, -2.744815626545581052E-16 ) ) ;
#1385 = ORIENTED_EDGE ( 'NONE', *, *, #2692, .T. ) ;
#1386 = PLANE ( 'NONE',  #4327 ) ;
#1387 = DIRECTION ( 'NONE',  ( 0.000000000000000000, 1.000000000000000000, 0.000000000000000000 ) ) ;
#1388 = EDGE_CURVE ( 'NONE', #1986, #2306, #3781, .T. ) ;
#1389 = PLANE ( 'NONE',  #2649 ) ;
#1390 = DIRECTION ( 'NONE',  ( -0.6092076990801720271, -0.5076730825668082092, -0.6092076990801720271 ) ) ;
#1391 = EDGE_CURVE ( 'NONE', #2524, #1766, #5904, .T. ) ;
#1392 = VECTOR ( 'NONE', #781, 1000.000000000000000 ) ;
#1393 = EDGE_CURVE ( 'NONE', #1234, #2326, #5834, .T. ) ;
#1394 = EDGE_LOOP ( 'NONE', ( #4971, #4967, #943, #5020 ) ) ;
#1395 = LINE ( 'NONE', #2813, #5143 ) ;
#1396 = EDGE_LOOP ( 'NONE', ( #3902, #5194, #3255, #5216 ) ) ;
#1397 = PLANE ( 'NONE',  #5030 ) ;
#1398 = CARTESIAN_POINT ( 'NONE',  ( 3.319999999999998952, 1.350000000000000089, -1.585000000000000409 ) ) ;
#1399 = DIRECTION ( 'NONE',  ( 1.000000000000000000, 0.000000000000000000, -4.638298064109109804E-16 ) ) ;
#1400 = EDGE_CURVE ( 'NONE', #4725, #4885, #2009, .T. ) ;
#1401 = CARTESIAN_POINT ( 'NONE',  ( -2.880000000000001670, 7.500000000000001776, 0.4349999999999983324 ) ) ;
#1402 = CARTESIAN_POINT ( 'NONE',  ( 0.3199999999999991185, 0.6699999999999998179, -0.5599999999999930589 ) ) ;
#1403 = LINE ( 'NONE', #5074, #3315 ) ;
#1404 = CARTESIAN_POINT ( 'NONE',  ( 4.940000000000000391, 0.6699999999999998179, -0.5599999999999923928 ) ) ;
#1405 = EDGE_LOOP ( 'NONE', ( #190, #2379, #914, #530 ) ) ;
#1406 = VECTOR ( 'NONE', #4633, 1000.000000000000000 ) ;
#1407 = EDGE_CURVE ( 'NONE', #2639, #4158, #3852, .T. ) ;
#1408 = ORIENTED_EDGE ( 'NONE', *, *, #3974, .T. ) ;
#1409 = CARTESIAN_POINT ( 'NONE',  ( -6.325000000000001066, 8.499999999999996447, -0.9550000000000011813 ) ) ;
#1410 = CARTESIAN_POINT ( 'NONE',  ( 5.674999999999999822, 0.000000000000000000, 2.784999999999999254 ) ) ;
#1411 = DIRECTION ( 'NONE',  ( 0.000000000000000000, 1.000000000000000000, -3.212450881438528789E-16 ) ) ;
#1412 = CARTESIAN_POINT ( 'NONE',  ( 4.925000000000000711, 9.900000000000000355, -1.585000000000000409 ) ) ;
#1413 = FACE_OUTER_BOUND ( 'NONE', #2768, .T. ) ;
#1414 = ORIENTED_EDGE ( 'NONE', *, *, #1626, .T. ) ;
#1415 = LINE ( 'NONE', #1344, #1355 ) ;
#1416 = VECTOR ( 'NONE', #2896, 1000.000000000000000 ) ;
#1417 = ADVANCED_FACE ( 'NONE', ( #5894 ), #5874, .F. ) ;
#1418 = ORIENTED_EDGE ( 'NONE', *, *, #3776, .T. ) ;
#1419 = EDGE_CURVE ( 'NONE', #303, #1129, #1888, .T. ) ;
#1420 = CARTESIAN_POINT ( 'NONE',  ( -2.250000000000001332, 8.300000000000000711, 2.774999999999999467 ) ) ;
#1421 = CARTESIAN_POINT ( 'NONE',  ( -6.325000000000003730, 0.6699999999999998179, -0.5599999999999923928 ) ) ;
#1422 = VECTOR ( 'NONE', #1601, 1000.000000000000000 ) ;
#1423 = AXIS2_PLACEMENT_3D ( 'NONE', #1021, #1138, #5452 ) ;
#1424 = EDGE_LOOP ( 'NONE', ( #5726, #3094, #982, #2992 ) ) ;
#1425 = PLANE ( 'NONE',  #4245 ) ;
#1426 = VECTOR ( 'NONE', #4978, 1000.000000000000000 ) ;
#1427 = ORIENTED_EDGE ( 'NONE', *, *, #2409, .T. ) ;
#1428 = VECTOR ( 'NONE', #493, 1000.000000000000000 ) ;
#1429 = CARTESIAN_POINT ( 'NONE',  ( 1.300000000000000044, 6.899999999999999467, -2.085000000000000853 ) ) ;
#1430 = CARTESIAN_POINT ( 'NONE',  ( -6.325000000000002842, 0.6699999999999998179, 1.190000000000007940 ) ) ;
#1431 = CARTESIAN_POINT ( 'NONE',  ( -4.924999999999998934, 8.499999999999996447, 1.044999999999998819 ) ) ;
#1432 = DIRECTION ( 'NONE',  ( 0.000000000000000000, -1.000000000000000000, 0.000000000000000000 ) ) ;
#1433 = PRODUCT_RELATED_PRODUCT_CATEGORY ( 'part', '', ( #5690 ) ) ;
#1434 = LINE ( 'NONE', #832, #5155 ) ;
#1435 = ORIENTED_EDGE ( 'NONE', *, *, #1057, .T. ) ;
#1436 = VECTOR ( 'NONE', #2383, 1000.000000000000000 ) ;
#1437 = ORIENTED_EDGE ( 'NONE', *, *, #1320, .F. ) ;
#1438 = PLANE ( 'NONE',  #5381 ) ;
#1439 = EDGE_CURVE ( 'NONE', #4308, #852, #3821, .T. ) ;
#1440 = CARTESIAN_POINT ( 'NONE',  ( -5.389999999999997904, 1.849999999999999201, 2.024999999999999023 ) ) ;
#1441 = CARTESIAN_POINT ( 'NONE',  ( -4.924999999999999822, 9.900000000000000355, -1.584999999999999964 ) ) ;
#1442 = DIRECTION ( 'NONE',  ( -0.000000000000000000, -0.000000000000000000, 1.000000000000000000 ) ) ;
#1443 = VECTOR ( 'NONE', #3073, 1000.000000000000000 ) ;
#1444 = CARTESIAN_POINT ( 'NONE',  ( 5.390000000000000568, 0.6699999999999998179, 1.190000000000007940 ) ) ;
#1445 = CARTESIAN_POINT ( 'NONE',  ( 0.000000000000000000, 0.000000000000000000, 0.000000000000000000 ) ) ;
#1446 = LINE ( 'NONE', #749, #3381 ) ;
#1447 = CARTESIAN_POINT ( 'NONE',  ( -3.320000000000000728, 0.000000000000000000, 2.024999999999999023 ) ) ;
#1448 = ORIENTED_EDGE ( 'NONE', *, *, #2470, .T. ) ;
#1449 = LINE ( 'NONE', #4494, #5405 ) ;
#1450 = EDGE_CURVE ( 'NONE', #1149, #4972, #1964, .T. ) ;
#1451 = ORIENTED_EDGE ( 'NONE', *, *, #1460, .F. ) ;
#1452 = CARTESIAN_POINT ( 'NONE',  ( -6.324999999999999289, 8.499999999999996447, 1.774999999999998579 ) ) ;
#1453 = CARTESIAN_POINT ( 'NONE',  ( -1.300000000000000044, 9.350000000000001421, -1.585000000000000187 ) ) ;
#1454 = CARTESIAN_POINT ( 'NONE',  ( -1.250000000000001110, 1.849999999999999201, 2.774999999999998135 ) ) ;
#1455 = CARTESIAN_POINT ( 'NONE',  ( -5.389999999999997904, 0.000000000000000000, 2.785000000000000586 ) ) ;
#1456 = FACE_OUTER_BOUND ( 'NONE', #3397, .T. ) ;
#1457 = ORIENTED_EDGE ( 'NONE', *, *, #1498, .F. ) ;
#1458 = VECTOR ( 'NONE', #2343, 1000.000000000000000 ) ;
#1459 = VERTEX_POINT ( 'NONE', #1752 ) ;
#1460 = EDGE_CURVE ( 'NONE', #2852, #303, #14, .T. ) ;
#1461 = EDGE_CURVE ( 'NONE', #4540, #2939, #3870, .T. ) ;
#1462 = CARTESIAN_POINT ( 'NONE',  ( -1.250000000000001110, 8.300000000000000711, 2.274999999999999467 ) ) ;
#1463 = DIRECTION ( 'NONE',  ( -1.000000000000000000, 0.000000000000000000, 1.280553747030123075E-16 ) ) ;
#1464 = EDGE_LOOP ( 'NONE', ( #1262, #4908, #809, #2811, #5308 ) ) ;
#1465 = VECTOR ( 'NONE', #3754, 1000.000000000000000 ) ;
#1466 = ADVANCED_FACE ( 'NONE', ( #3947 ), #2785, .T. ) ;
#1467 = ORIENTED_EDGE ( 'NONE', *, *, #819, .F. ) ;
#1468 = DIRECTION ( 'NONE',  ( 0.000000000000000000, 2.744815626545581052E-16, 1.000000000000000000 ) ) ;
#1469 = CARTESIAN_POINT ( 'NONE',  ( 5.389999999999999680, 0.000000000000000000, -1.584999999999999964 ) ) ;
#1470 = EDGE_CURVE ( 'NONE', #641, #4138, #5840, .T. ) ;
#1471 = CARTESIAN_POINT ( 'NONE',  ( 3.319999999999998508, 0.6699999999999997069, 1.585000000000007292 ) ) ;
#1472 = LINE ( 'NONE', #1974, #1506 ) ;
#1473 = PLANE ( 'NONE',  #1643 ) ;
#1474 = CARTESIAN_POINT ( 'NONE',  ( 6.325000000000001066, 9.900000000000000355, -1.584999999999999964 ) ) ;
#1475 = ORIENTED_EDGE ( 'NONE', *, *, #4387, .F. ) ;
#1476 = VECTOR ( 'NONE', #1677, 1000.000000000000000 ) ;
#1477 = EDGE_CURVE ( 'NONE', #4406, #650, #1878, .T. ) ;
#1478 = AXIS2_PLACEMENT_3D ( 'NONE', #4587, #3548, #4012 ) ;
#1479 = ORIENTED_EDGE ( 'NONE', *, *, #5779, .F. ) ;
#1480 = CARTESIAN_POINT ( 'NONE',  ( -6.325000000000002842, 0.6699999999999998179, 1.190000000000007940 ) ) ;
#1481 = DIRECTION ( 'NONE',  ( 0.000000000000000000, -1.000000000000000000, -1.618212197739558882E-16 ) ) ;
#1482 = LINE ( 'NONE', #4601, #3544 ) ;
#1483 = DIRECTION ( 'NONE',  ( -0.3015113445777614087, -0.9045340337332923308, -0.3015113445777614087 ) ) ;
#1484 = EDGE_CURVE ( 'NONE', #3752, #1056, #1905, .T. ) ;
#1485 = CARTESIAN_POINT ( 'NONE',  ( 6.325000000000001066, -3.252606517456513302E-16, 1.585000000000002407 ) ) ;
#1486 = ORIENTED_EDGE ( 'NONE', *, *, #1460, .T. ) ;
#1487 = VECTOR ( 'NONE', #3433, 1000.000000000000000 ) ;
#1488 = VERTEX_POINT ( 'NONE', #3149 ) ;
#1489 = CARTESIAN_POINT ( 'NONE',  ( -2.680000000000001048, 0.6699999999999997069, 1.585000000000006182 ) ) ;
#1490 = CARTESIAN_POINT ( 'NONE',  ( 0.000000000000000000, 0.000000000000000000, 0.000000000000000000 ) ) ;
#1491 = AXIS2_PLACEMENT_3D ( 'NONE', #2960, #1180, #2153 ) ;
#1492 = EDGE_CURVE ( 'NONE', #2880, #1162, #1895, .T. ) ;
#1493 = ORIENTED_EDGE ( 'NONE', *, *, #1407, .T. ) ;
#1494 = FACE_OUTER_BOUND ( 'NONE', #416, .T. ) ;
#1495 = DIRECTION ( 'NONE',  ( -4.494102269369967741E-16, 1.618212197739558882E-16, -1.000000000000000000 ) ) ;
#1496 = VERTEX_POINT ( 'NONE', #3561 ) ;
#1497 = FACE_OUTER_BOUND ( 'NONE', #2424, .T. ) ;
#1498 = EDGE_CURVE ( 'NONE', #694, #1122, #1928, .T. ) ;
#1499 = ORIENTED_EDGE ( 'NONE', *, *, #1652, .T. ) ;
#1500 = LINE ( 'NONE', #773, #1476 ) ;
#1501 = ORIENTED_EDGE ( 'NONE', *, *, #1634, .T. ) ;
#1502 = DIRECTION ( 'NONE',  ( 1.000000000000000000, 0.000000000000000000, 0.000000000000000000 ) ) ;
#1503 = CARTESIAN_POINT ( 'NONE',  ( -3.320000000000000728, 1.269999999999999796, 1.190000000000006386 ) ) ;
#1504 = AXIS2_PLACEMENT_3D ( 'NONE', #1216, #4839, #3493 ) ;
#1505 = CARTESIAN_POINT ( 'NONE',  ( -6.325000000000002842, 1.269999999999999796, 1.190000000000007718 ) ) ;
#1506 = VECTOR ( 'NONE', #5174, 1000.000000000000000 ) ;
#1507 = CARTESIAN_POINT ( 'NONE',  ( -3.320000000000000728, 1.350000000000000089, -1.585000000000000409 ) ) ;
#1508 =( NAMED_UNIT ( * ) PLANE_ANGLE_UNIT ( ) SI_UNIT ( $, .RADIAN. ) );
#1509 = AXIS2_PLACEMENT_3D ( 'NONE', #5654, #4244, #3747 ) ;
#1510 = ORIENTED_EDGE ( 'NONE', *, *, #5426, .T. ) ;
#1511 = VECTOR ( 'NONE', #2428, 1000.000000000000000 ) ;
#1512 = ADVANCED_FACE ( 'NONE', ( #5849 ), #4988, .F. ) ;
#1513 = ORIENTED_EDGE ( 'NONE', *, *, #561, .F. ) ;
#1514 = CARTESIAN_POINT ( 'NONE',  ( 3.319999999999998952, -7.265096679918780609, -0.005000000000003001176 ) ) ;
#1515 = DIRECTION ( 'NONE',  ( 0.000000000000000000, 0.000000000000000000, -1.000000000000000000 ) ) ;
#1516 = CARTESIAN_POINT ( 'NONE',  ( 0.000000000000000000, 0.000000000000000000, 0.000000000000000000 ) ) ;
#1517 = FACE_OUTER_BOUND ( 'NONE', #1405, .T. ) ;
#1518 = DIRECTION ( 'NONE',  ( 0.000000000000000000, 1.000000000000000000, 0.000000000000000000 ) ) ;
#1519 = UNCERTAINTY_MEASURE_WITH_UNIT (LENGTH_MEASURE( 1.000000000000000082E-05 ), #1985, 'distance_accuracy_value', 'NONE');
#1520 = ORIENTED_EDGE ( 'NONE', *, *, #1083, .T. ) ;
#1521 = LINE ( 'NONE', #3785, #1622 ) ;
#1522 = ORIENTED_EDGE ( 'NONE', *, *, #3323, .T. ) ;
#1523 = CARTESIAN_POINT ( 'NONE',  ( -2.880000000000001670, 7.500000000000001776, 0.000000000000000000 ) ) ;
#1524 = LINE ( 'NONE', #1039, #3552 ) ;
#1525 = CARTESIAN_POINT ( 'NONE',  ( -6.325000000000003730, 0.6699999999999997069, -0.9549999999999922995 ) ) ;
#1526 = EDGE_CURVE ( 'NONE', #2170, #3910, #3956, .T. ) ;
#1527 = PLANE ( 'NONE',  #1200 ) ;
#1528 = ORIENTED_EDGE ( 'NONE', *, *, #5514, .F. ) ;
#1529 = FACE_OUTER_BOUND ( 'NONE', #1352, .T. ) ;
#1530 = CARTESIAN_POINT ( 'NONE',  ( -2.680000000000001048, 3.300000000000000711, 0.6349999999999988987 ) ) ;
#1531 = EDGE_LOOP ( 'NONE', ( #225, #1437, #2217, #5786 ) ) ;
#1532 = CARTESIAN_POINT ( 'NONE',  ( -1.300000000000000044, 7.400000000000000355, -2.785000000000001030 ) ) ;
#1533 = EDGE_CURVE ( 'NONE', #4506, #2732, #1936, .T. ) ;
#1534 = ORIENTED_EDGE ( 'NONE', *, *, #1749, .F. ) ;
#1535 = LINE ( 'NONE', #1431, #1458 ) ;
#1536 = VERTEX_POINT ( 'NONE', #4776 ) ;
#1537 = CARTESIAN_POINT ( 'NONE',  ( -2.680000000000001048, 1.269999999999999796, 1.190000000000005942 ) ) ;
#1538 = VECTOR ( 'NONE', #5717, 1000.000000000000000 ) ;
#1539 = FILL_AREA_STYLE ('',( #3338 ) ) ;
#1540 = EDGE_CURVE ( 'NONE', #5634, #3418, #3921, .T. ) ;
#1541 = ORIENTED_EDGE ( 'NONE', *, *, #2026, .T. ) ;
#1542 = LINE ( 'NONE', #1879, #1436 ) ;
#1543 = ORIENTED_EDGE ( 'NONE', *, *, #4368, .F. ) ;
#1544 = EDGE_CURVE ( 'NONE', #2696, #4473, #37, .T. ) ;
#1545 = CARTESIAN_POINT ( 'NONE',  ( -6.325000000000003730, 1.269999999999999796, -0.5599999999999922817 ) ) ;
#1546 = CARTESIAN_POINT ( 'NONE',  ( 4.939999999999999503, 1.285879139104722704E-16, -1.584999999999999964 ) ) ;
#1547 = FACE_OUTER_BOUND ( 'NONE', #5099, .T. ) ;
#1548 = MECHANICAL_DESIGN_GEOMETRIC_PRESENTATION_REPRESENTATION (  '', ( #5582 ), #3471 ) ;
#1549 = ORIENTED_EDGE ( 'NONE', *, *, #2614, .F. ) ;
#1550 = CARTESIAN_POINT ( 'NONE',  ( 2.679999999999999272, 1.349999999999999423, 2.024999999999999023 ) ) ;
#1551 = LINE ( 'NONE', #3546, #3705 ) ;
#1552 = ADVANCED_FACE ( 'NONE', ( #2029 ), #2011, .F. ) ;
#1553 = EDGE_LOOP ( 'NONE', ( #2752, #789, #2838, #4664, #4890, #2803, #4780, #743, #4925, #4747, #5368, #1629, #5350, #4496, #5342 ) ) ;
#1554 = LINE ( 'NONE', #264, #3514 ) ;
#1555 = DIRECTION ( 'NONE',  ( 0.000000000000000000, -2.744815626545581052E-16, 1.000000000000000000 ) ) ;
#1556 = PLANE ( 'NONE',  #1830 ) ;
#1557 = VERTEX_POINT ( 'NONE', #159 ) ;
#1558 = LINE ( 'NONE', #5693, #3445 ) ;
#1559 = CARTESIAN_POINT ( 'NONE',  ( -1.250000000000001110, 1.849999999999999201, 2.774999999999998135 ) ) ;
#1560 = VERTEX_POINT ( 'NONE', #2092 ) ;
#1561 = EDGE_CURVE ( 'NONE', #1184, #5092, #45, .T. ) ;
#1562 = LINE ( 'NONE', #178, #3690 ) ;
#1563 = DIRECTION ( 'NONE',  ( 1.000000000000000000, -0.000000000000000000, -4.494102269369967741E-16 ) ) ;
#1564 = AXIS2_PLACEMENT_3D ( 'NONE', #4817, #5811, #2207 ) ;
#1565 = ORIENTED_EDGE ( 'NONE', *, *, #1419, .T. ) ;
#1566 = CARTESIAN_POINT ( 'NONE',  ( -6.325000000000003730, 1.269999999999999796, -0.5599999999999922817 ) ) ;
#1567 = VECTOR ( 'NONE', #2168, 1000.000000000000000 ) ;
#1568 = ORIENTED_EDGE ( 'NONE', *, *, #5187, .F. ) ;
#1569 = CARTESIAN_POINT ( 'NONE',  ( -1.730000000000000870, 9.900000000000000355, 1.584999999999998632 ) ) ;
#1570 = DIRECTION ( 'NONE',  ( -4.494102269369967741E-16, 0.000000000000000000, 1.000000000000000000 ) ) ;
#1571 = CARTESIAN_POINT ( 'NONE',  ( 3.319999999999998508, 0.6699999999999997069, 1.585000000000003517 ) ) ;
#1572 = ORIENTED_EDGE ( 'NONE', *, *, #4110, .F. ) ;
#1573 = FACE_OUTER_BOUND ( 'NONE', #960, .T. ) ;
#1574 = ORIENTED_EDGE ( 'NONE', *, *, #4556, .F. ) ;
#1575 = DIRECTION ( 'NONE',  ( -0.000000000000000000, 1.000000000000000000, -0.000000000000000000 ) ) ;
#1576 = CARTESIAN_POINT ( 'NONE',  ( 3.000000000000000000, 7.500000000000001776, 0.1949999999999994238 ) ) ;
#1577 = CARTESIAN_POINT ( 'NONE',  ( 0.000000000000000000, 7.500000000000001776, 0.1949999999999994238 ) ) ;
#1578 = CARTESIAN_POINT ( 'NONE',  ( 4.939999999999999503, 1.285879139104722704E-16, -1.584999999999999964 ) ) ;
#1579 = ADVANCED_FACE ( 'NONE', ( #1945 ), #1079, .F. ) ;
#1580 = DIRECTION ( 'NONE',  ( 0.000000000000000000, 1.000000000000000000, -3.212450881438528789E-16 ) ) ;
#1581 = CARTESIAN_POINT ( 'NONE',  ( 0.3199999999999991740, 0.000000000000000000, 2.024999999999999023 ) ) ;
#1582 = ORIENTED_EDGE ( 'NONE', *, *, #3842, .T. ) ;
#1583 = DIRECTION ( 'NONE',  ( 0.000000000000000000, -0.000000000000000000, 1.000000000000000000 ) ) ;
#1584 = LINE ( 'NONE', #1800, #3557 ) ;
#1585 = CARTESIAN_POINT ( 'NONE',  ( -6.325000000000003730, 0.6699999999999998179, -0.5599999999999923928 ) ) ;
#1586 = ORIENTED_EDGE ( 'NONE', *, *, #1596, .T. ) ;
#1587 = APPLICATION_PROTOCOL_DEFINITION ( 'draft international standard', 'automotive_design', 1998, #1625 ) ;
#1588 = CARTESIAN_POINT ( 'NONE',  ( 3.319999999999998952, 1.349999999999999645, 0.6349999999999985656 ) ) ;
#1589 = DIRECTION ( 'NONE',  ( -1.000000000000000000, 0.000000000000000000, 0.000000000000000000 ) ) ;
#1590 = ORIENTED_EDGE ( 'NONE', *, *, #614, .T. ) ;
#1591 = DIRECTION ( 'NONE',  ( 1.000000000000000000, -0.000000000000000000, -0.000000000000000000 ) ) ;
#1592 = LINE ( 'NONE', #5572, #5429 ) ;
#1593 = EDGE_CURVE ( 'NONE', #5554, #2059, #5767, .T. ) ;
#1594 = ADVANCED_FACE ( 'NONE', ( #3891 ), #2907, .F. ) ;
#1595 = ORIENTED_EDGE ( 'NONE', *, *, #2835, .F. ) ;
#1596 = EDGE_CURVE ( 'NONE', #1610, #546, #3800, .T. ) ;
#1597 = VECTOR ( 'NONE', #4945, 1000.000000000000000 ) ;
#1598 = EDGE_CURVE ( 'NONE', #2488, #3962, #2073, .T. ) ;
#1599 = CARTESIAN_POINT ( 'NONE',  ( -1.730000000000000870, 3.300000000000000711, -0.9550000000000011813 ) ) ;
#1600 = ORIENTED_EDGE ( 'NONE', *, *, #187, .T. ) ;
#1601 = DIRECTION ( 'NONE',  ( 0.000000000000000000, 0.000000000000000000, -1.000000000000000000 ) ) ;
#1602 = VECTOR ( 'NONE', #4235, 1000.000000000000000 ) ;
#1603 = ORIENTED_EDGE ( 'NONE', *, *, #1287, .T. ) ;
#1604 = CARTESIAN_POINT ( 'NONE',  ( -3.320000000000000728, 1.269999999999999796, 1.190000000000007052 ) ) ;
#1605 = DIRECTION ( 'NONE',  ( 0.000000000000000000, -0.000000000000000000, 1.000000000000000000 ) ) ;
#1606 = PLANE ( 'NONE',  #3998 ) ;
#1607 = CARTESIAN_POINT ( 'NONE',  ( -1.250000000000001110, 1.849999999999999201, 2.774999999999998135 ) ) ;
#1608 = EDGE_CURVE ( 'NONE', #5273, #952, #238, .T. ) ;
#1609 = CARTESIAN_POINT ( 'NONE',  ( -5.389999999999999680, 0.6699999999999998179, 1.190000000000007496 ) ) ;
#1610 = VERTEX_POINT ( 'NONE', #2055 ) ;
#1611 = VECTOR ( 'NONE', #2912, 1000.000000000000000 ) ;
#1612 = PLANE ( 'NONE',  #2563 ) ;
#1613 = VERTEX_POINT ( 'NONE', #2544 ) ;
#1614 = SURFACE_STYLE_USAGE ( .BOTH. , #3976 ) ;
#1615 = CARTESIAN_POINT ( 'NONE',  ( 6.324999999999999289, 9.900000000000000355, 1.774999999999998357 ) ) ;
#1616 = CARTESIAN_POINT ( 'NONE',  ( -6.325000000000002842, -3.252606517456513302E-16, 1.585000000000007958 ) ) ;
#1617 =( GEOMETRIC_REPRESENTATION_CONTEXT ( 3 ) GLOBAL_UNCERTAINTY_ASSIGNED_CONTEXT ( ( #2237 ) ) GLOBAL_UNIT_ASSIGNED_CONTEXT ( ( #5221, #5657, #3713 ) ) REPRESENTATION_CONTEXT ( 'NONE', 'WORKASPACE' ) );
#1618 = PLANE ( 'NONE',  #5313 ) ;
#1619 = FACE_OUTER_BOUND ( 'NONE', #2369, .T. ) ;
#1620 = CARTESIAN_POINT ( 'NONE',  ( -0.3200000000000008393, 1.349999999999999867, -0.005000000000001448598 ) ) ;
#1621 = ORIENTED_EDGE ( 'NONE', *, *, #3081, .F. ) ;
#1622 = VECTOR ( 'NONE', #4741, 1000.000000000000000 ) ;
#1623 = CARTESIAN_POINT ( 'NONE',  ( -3.320000000000000728, 0.6699999999999997069, -0.9549999999999936318 ) ) ;
#1624 = EDGE_LOOP ( 'NONE', ( #283, #2392, #4462, #423 ) ) ;
#1625 = APPLICATION_CONTEXT ( 'automotive_design' ) ;
#1626 = EDGE_CURVE ( 'NONE', #329, #2885, #4003, .T. ) ;
#1627 = CARTESIAN_POINT ( 'NONE',  ( -1.270000000000001128, 9.900000000000000355, 1.584999999999999076 ) ) ;
#1628 = ADVANCED_FACE ( 'NONE', ( #2220 ), #5697, .F. ) ;
#1629 = ORIENTED_EDGE ( 'NONE', *, *, #1450, .T. ) ;
#1630 = VECTOR ( 'NONE', #4801, 1000.000000000000000 ) ;
#1631 = ORIENTED_EDGE ( 'NONE', *, *, #284, .F. ) ;
#1632 = FACE_OUTER_BOUND ( 'NONE', #1759, .T. ) ;
#1633 = LINE ( 'NONE', #4560, #1741 ) ;
#1634 = EDGE_CURVE ( 'NONE', #818, #5531, #2158, .T. ) ;
#1635 = ORIENTED_EDGE ( 'NONE', *, *, #1544, .F. ) ;
#1636 = VECTOR ( 'NONE', #4679, 1000.000000000000000 ) ;
#1637 = ADVANCED_FACE ( 'NONE', ( #2212 ), #1939, .F. ) ;
#1638 = ORIENTED_EDGE ( 'NONE', *, *, #3204, .T. ) ;
#1639 = DIRECTION ( 'NONE',  ( -0.3015113445777613532, -0.9045340337332925529, 0.3015113445777610757 ) ) ;
#1640 = LINE ( 'NONE', #4006, #1720 ) ;
#1641 = VECTOR ( 'NONE', #432, 1000.000000000000000 ) ;
#1642 = DIRECTION ( 'NONE',  ( 0.000000000000000000, -2.744815626545581052E-16, -1.000000000000000000 ) ) ;
#1643 = AXIS2_PLACEMENT_3D ( 'NONE', #2877, #1984, #2947 ) ;
#1644 = EDGE_CURVE ( 'NONE', #3802, #3633, #4116, .T. ) ;
#1645 = ORIENTED_EDGE ( 'NONE', *, *, #295, .T. ) ;
#1646 = LINE ( 'NONE', #5679, #5606 ) ;
#1647 = CARTESIAN_POINT ( 'NONE',  ( 2.879999999999999893, -3.180000000000000160, 0.000000000000000000 ) ) ;
#1648 = EDGE_LOOP ( 'NONE', ( #1367, #5311, #2187, #3459, #4069 ) ) ;
#1649 = CARTESIAN_POINT ( 'NONE',  ( 5.389999999999999680, 1.850000000000000089, 2.784999999999999254 ) ) ;
#1650 = LINE ( 'NONE', #859, #5819 ) ;
#1651 = CARTESIAN_POINT ( 'NONE',  ( -0.3200000000000008948, -8.926487835092493566E-16, -0.9549999999999949640 ) ) ;
#1652 = EDGE_CURVE ( 'NONE', #2064, #3065, #4155, .T. ) ;
#1653 = DIRECTION ( 'NONE',  ( 0.000000000000000000, 1.000000000000000000, 0.000000000000000000 ) ) ;
#1654 = VECTOR ( 'NONE', #344, 1000.000000000000000 ) ;
#1655 = CARTESIAN_POINT ( 'NONE',  ( 3.319999999999998952, 7.500000000000001776, -0.005000000000001097317 ) ) ;
#1656 = PLANE ( 'NONE',  #5652 ) ;
#1657 = DIRECTION ( 'NONE',  ( 1.000000000000000000, 0.000000000000000000, -4.494102269369967741E-16 ) ) ;
#1658 = EDGE_CURVE ( 'NONE', #3950, #3724, #2097, .T. ) ;
#1659 = ORIENTED_EDGE ( 'NONE', *, *, #4296, .T. ) ;
#1660 = PLANE ( 'NONE',  #1491 ) ;
#1661 = VECTOR ( 'NONE', #2684, 1000.000000000000000 ) ;
#1662 = VECTOR ( 'NONE', #3097, 1000.000000000000000 ) ;
#1663 = EDGE_CURVE ( 'NONE', #2997, #2366, #227, .T. ) ;
#1664 = PLANE ( 'NONE',  #1713 ) ;
#1665 = ORIENTED_EDGE ( 'NONE', *, *, #2329, .T. ) ;
#1666 = VECTOR ( 'NONE', #307, 1000.000000000000000 ) ;
#1667 =( LENGTH_UNIT ( ) NAMED_UNIT ( * ) SI_UNIT ( .MILLI., .METRE. ) );
#1668 = EDGE_CURVE ( 'NONE', #2853, #2223, #2234, .T. ) ;
#1669 = CARTESIAN_POINT ( 'NONE',  ( 0.3199999999999991185, 1.349999999999999867, -0.005000000000001448598 ) ) ;
#1670 = CARTESIAN_POINT ( 'NONE',  ( -6.325000000000003730, 0.6699999999999997069, -0.9549999999999922995 ) ) ;
#1671 = DIRECTION ( 'NONE',  ( 1.000000000000000000, -0.000000000000000000, -4.494102269369967741E-16 ) ) ;
#1672 = DIRECTION ( 'NONE',  ( 0.000000000000000000, 0.000000000000000000, -1.000000000000000000 ) ) ;
#1673 = ORIENTED_EDGE ( 'NONE', *, *, #2865, .T. ) ;
#1674 = DIRECTION ( 'NONE',  ( -1.984809469081015402E-16, 0.000000000000000000, -1.000000000000000000 ) ) ;
#1675 = FACE_OUTER_BOUND ( 'NONE', #3788, .T. ) ;
#1676 = CYLINDRICAL_SURFACE ( 'NONE', #5100, 0.5000000000000004441 ) ;
#1677 = DIRECTION ( 'NONE',  ( 0.000000000000000000, 2.744815626545581052E-16, -1.000000000000000000 ) ) ;
#1678 = ORIENTED_EDGE ( 'NONE', *, *, #1168, .T. ) ;
#1679 = EDGE_CURVE ( 'NONE', #12, #5901, #118, .T. ) ;
#1680 = VECTOR ( 'NONE', #7, 1000.000000000000000 ) ;
#1681 = ADVANCED_FACE ( 'NONE', ( #4031 ), #981, .T. ) ;
#1682 = ORIENTED_EDGE ( 'NONE', *, *, #614, .F. ) ;
#1683 = PLANE ( 'NONE',  #5454 ) ;
#1684 = VECTOR ( 'NONE', #3172, 1000.000000000000000 ) ;
#1685 = LINE ( 'NONE', #4585, #1630 ) ;
#1686 = ORIENTED_EDGE ( 'NONE', *, *, #1127, .T. ) ;
#1687 = PLANE ( 'NONE',  #2893 ) ;
#1688 = VECTOR ( 'NONE', #358, 1000.000000000000000 ) ;
#1689 = EDGE_CURVE ( 'NONE', #366, #2816, #2053, .T. ) ;
#1690 = CARTESIAN_POINT ( 'NONE',  ( 2.679999999999999272, 6.899999999999995026, 0.6349999999999988987 ) ) ;
#1691 = LINE ( 'NONE', #1412, #3587 ) ;
#1692 = DIRECTION ( 'NONE',  ( 0.000000000000000000, 0.000000000000000000, -1.000000000000000000 ) ) ;
#1693 = CARTESIAN_POINT ( 'NONE',  ( -3.320000000000000728, 3.300000000000000711, 0.6349999999999988987 ) ) ;
#1694 = EDGE_LOOP ( 'NONE', ( #4052, #127, #1238, #5208 ) ) ;
#1695 = VECTOR ( 'NONE', #831, 1000.000000000000000 ) ;
#1696 = LINE ( 'NONE', #2567, #5621 ) ;
#1697 = AXIS2_PLACEMENT_3D ( 'NONE', #4281, #4820, #5213 ) ;
#1698 = CARTESIAN_POINT ( 'NONE',  ( 6.325000000000001066, 8.499999999999996447, -0.9550000000000011813 ) ) ;
#1699 = ADVANCED_FACE ( 'NONE', ( #93 ), #21, .F. ) ;
#1700 = VERTEX_POINT ( 'NONE', #5888 ) ;
#1701 = PLANE ( 'NONE',  #3734 ) ;
#1702 = CARTESIAN_POINT ( 'NONE',  ( -0.1200000000000003147, 7.500000000000001776, 0.1949999999999994238 ) ) ;
#1703 = VECTOR ( 'NONE', #2659, 1000.000000000000000 ) ;
#1704 = CARTESIAN_POINT ( 'NONE',  ( -4.924999999999999822, 9.900000000000000355, -0.9550000000000011813 ) ) ;
#1705 = ORIENTED_EDGE ( 'NONE', *, *, #5845, .T. ) ;
#1706 = DIRECTION ( 'NONE',  ( -1.000000000000000000, -0.000000000000000000, -0.000000000000000000 ) ) ;
#1707 = VECTOR ( 'NONE', #910, 1000.000000000000000 ) ;
#1708 = ORIENTED_EDGE ( 'NONE', *, *, #1267, .F. ) ;
#1709 = EDGE_CURVE ( 'NONE', #3378, #950, #2083, .T. ) ;
#1710 = AXIS2_PLACEMENT_3D ( 'NONE', #250, #4202, #4861 ) ;
#1711 = FILL_AREA_STYLE_COLOUR ( '', #2584 ) ;
#1712 = PLANE ( 'NONE',  #2665 ) ;
#1713 = AXIS2_PLACEMENT_3D ( 'NONE', #273, #667, #1303 ) ;
#1714 = CARTESIAN_POINT ( 'NONE',  ( -6.325000000000003730, 0.6699999999999998179, -0.5599999999999923928 ) ) ;
#1715 = EDGE_LOOP ( 'NONE', ( #3008, #4272, #2314, #2900 ) ) ;
#1716 = DIRECTION ( 'NONE',  ( 1.000000000000000000, -0.000000000000000000, -1.707404996040164018E-16 ) ) ;
#1717 = VECTOR ( 'NONE', #5720, 1000.000000000000000 ) ;
#1718 = DIRECTION ( 'NONE',  ( -1.000000000000000000, 0.000000000000000000, 4.494102269369967741E-16 ) ) ;
#1719 = ORIENTED_EDGE ( 'NONE', *, *, #1110, .F. ) ;
#1720 = VECTOR ( 'NONE', #5485, 1000.000000000000000 ) ;
#1721 = VECTOR ( 'NONE', #3765, 1000.000000000000000 ) ;
#1722 = ORIENTED_EDGE ( 'NONE', *, *, #4513, .T. ) ;
#1723 = LINE ( 'NONE', #2743, #3661 ) ;
#1724 = LINE ( 'NONE', #4338, #5683 ) ;
#1725 = ORIENTED_EDGE ( 'NONE', *, *, #3004, .F. ) ;
#1726 = CARTESIAN_POINT ( 'NONE',  ( 6.000000000000000000, 7.500000000000001776, 0.1949999999999994238 ) ) ;
#1727 = LINE ( 'NONE', #1834, #3644 ) ;
#1728 = AXIS2_PLACEMENT_3D ( 'NONE', #1095, #3374, #2520 ) ;
#1729 = CARTESIAN_POINT ( 'NONE',  ( 6.325000000000000178, -1.199999999999999734, 2.784999999999999254 ) ) ;
#1730 = EDGE_CURVE ( 'NONE', #3538, #3999, #4023, .T. ) ;
#1731 = LINE ( 'NONE', #920, #3735 ) ;
#1732 = CARTESIAN_POINT ( 'NONE',  ( 2.879999999999999893, -3.180000000000000160, 0.1949999999999981470 ) ) ;
#1733 = ADVANCED_FACE ( 'NONE', ( #249 ), #4501, .F. ) ;
#1734 = VERTEX_POINT ( 'NONE', #780 ) ;
#1735 = VECTOR ( 'NONE', #3137, 1000.000000000000000 ) ;
#1736 = LINE ( 'NONE', #2313, #5631 ) ;
#1737 = ORIENTED_EDGE ( 'NONE', *, *, #4271, .F. ) ;
#1738 = DIRECTION ( 'NONE',  ( 1.000000000000000000, 0.000000000000000000, 0.000000000000000000 ) ) ;
#1739 = VECTOR ( 'NONE', #3467, 1000.000000000000000 ) ;
#1740 = CARTESIAN_POINT ( 'NONE',  ( -6.325000000000001066, 0.000000000000000000, -1.584999999999999964 ) ) ;
#1741 = VECTOR ( 'NONE', #4103, 1000.000000000000000 ) ;
#1742 = DIRECTION ( 'NONE',  ( -1.000000000000000000, -0.000000000000000000, -0.000000000000000000 ) ) ;
#1743 = ORIENTED_EDGE ( 'NONE', *, *, #3578, .T. ) ;
#1744 = DIRECTION ( 'NONE',  ( 1.000000000000000000, -0.000000000000000000, -4.494102269369967741E-16 ) ) ;
#1745 = VECTOR ( 'NONE', #31, 1000.000000000000000 ) ;
#1746 = LINE ( 'NONE', #5415, #1662 ) ;
#1747 = CARTESIAN_POINT ( 'NONE',  ( 0.1199999999999985800, 7.500000000000001776, 0.000000000000000000 ) ) ;
#1748 = ADVANCED_FACE ( 'NONE', ( #81 ), #4579, .F. ) ;
#1750 = ORIENTED_EDGE ( 'NONE', *, *, #2356, .F. ) ;
#1749 = EDGE_CURVE ( 'NONE', #2534, #587, #158, .T. ) ;
#1751 = AXIS2_PLACEMENT_3D ( 'NONE', #1585, #4403, #2114 ) ;
#1752 = CARTESIAN_POINT ( 'NONE',  ( -0.1200000000000003147, -3.180000000000000160, 0.4349999999999975553 ) ) ;
#1753 = VECTOR ( 'NONE', #3555, 1000.000000000000000 ) ;
#1754 = CARTESIAN_POINT ( 'NONE',  ( -6.324999999999999289, 9.900000000000000355, 2.274999999999999023 ) ) ;
#1755 =( NAMED_UNIT ( * ) PLANE_ANGLE_UNIT ( ) SI_UNIT ( $, .RADIAN. ) );
#1756 = EDGE_CURVE ( 'NONE', #2816, #641, #4186, .T. ) ;
#1757 = ORIENTED_EDGE ( 'NONE', *, *, #2546, .T. ) ;
#1758 = LINE ( 'NONE', #2077, #3662 ) ;
#1759 = EDGE_LOOP ( 'NONE', ( #4838, #2825, #402, #4364 ) ) ;
#1760 = STYLED_ITEM ( 'NONE', ( #2082 ), #3304 ) ;
#1761 = FACE_OUTER_BOUND ( 'NONE', #5168, .T. ) ;
#1762 = EDGE_CURVE ( 'NONE', #2116, #2939, #2128, .T. ) ;
#1763 = ORIENTED_EDGE ( 'NONE', *, *, #4528, .F. ) ;
#1764 = VECTOR ( 'NONE', #2728, 999.9999999999998863 ) ;
#1765 = LINE ( 'NONE', #5266, #5738 ) ;
#1766 = VERTEX_POINT ( 'NONE', #2481 ) ;
#1767 = CARTESIAN_POINT ( 'NONE',  ( 2.679999999999999272, 1.350000000000000089, -1.585000000000000409 ) ) ;
#1768 = DIRECTION ( 'NONE',  ( 0.000000000000000000, 1.000000000000000000, 0.000000000000000000 ) ) ;
#1769 = PLANE ( 'NONE',  #3846 ) ;
#1770 = EDGE_CURVE ( 'NONE', #1184, #666, #2247, .T. ) ;
#1771 = ORIENTED_EDGE ( 'NONE', *, *, #2349, .T. ) ;
#1772 = VECTOR ( 'NONE', #514, 1000.000000000000000 ) ;
#1773 = FACE_OUTER_BOUND ( 'NONE', #4819, .T. ) ;
#1774 = ORIENTED_EDGE ( 'NONE', *, *, #5430, .F. ) ;
#1775 = CARTESIAN_POINT ( 'NONE',  ( 4.924999999999998934, 9.900000000000000355, 1.044999999999998819 ) ) ;
#1776 = CARTESIAN_POINT ( 'NONE',  ( -5.389999999999997904, 0.000000000000000000, 2.024999999999999023 ) ) ;
#1777 = DIRECTION ( 'NONE',  ( 1.000000000000000000, -0.000000000000000000, 0.000000000000000000 ) ) ;
#1778 = CARTESIAN_POINT ( 'NONE',  ( -5.674999999999999822, 0.000000000000000000, 1.884999999999999343 ) ) ;
#1779 = AXIS2_PLACEMENT_3D ( 'NONE', #1912, #2873, #5400 ) ;
#1780 = LINE ( 'NONE', #2325, #1815 ) ;
#1781 = ADVANCED_FACE ( 'NONE', ( #4043 ), #4261, .F. ) ;
#1782 = PLANE ( 'NONE',  #1967 ) ;
#1783 = VERTEX_POINT ( 'NONE', #1059 ) ;
#1784 = VECTOR ( 'NONE', #474, 1000.000000000000000 ) ;
#1785 = FACE_OUTER_BOUND ( 'NONE', #5408, .T. ) ;
#1786 = AXIS2_PLACEMENT_3D ( 'NONE', #4330, #1156, #288 ) ;
#1787 = PLANE ( 'NONE',  #8 ) ;
#1788 = ORIENTED_EDGE ( 'NONE', *, *, #4807, .T. ) ;
#1789 = VECTOR ( 'NONE', #4027, 1000.000000000000000 ) ;
#1790 = CARTESIAN_POINT ( 'NONE',  ( -5.389999999999999680, 1.699999999999998623, -1.584999999999999964 ) ) ;
#1791 = VECTOR ( 'NONE', #3175, 1000.000000000000000 ) ;
#1792 = CARTESIAN_POINT ( 'NONE',  ( 5.389999999999999680, 0.000000000000000000, 2.784999999999999254 ) ) ;
#1793 = CARTESIAN_POINT ( 'NONE',  ( -3.619999999999993001, 3.300000000000000711, 1.584999999999998854 ) ) ;
#1794 = EDGE_CURVE ( 'NONE', #4112, #1911, #4063, .T. ) ;
#1795 = ORIENTED_EDGE ( 'NONE', *, *, #3145, .T. ) ;
#1796 = CARTESIAN_POINT ( 'NONE',  ( -3.320000000000000728, 1.350000000000000089, -1.585000000000000409 ) ) ;
#1797 = CARTESIAN_POINT ( 'NONE',  ( 0.3199999999999991185, -7.265096679918780609, -0.005000000000003001176 ) ) ;
#1798 = LINE ( 'NONE', #872, #1684 ) ;
#1799 = FACE_OUTER_BOUND ( 'NONE', #3080, .T. ) ;
#1800 = CARTESIAN_POINT ( 'NONE',  ( -6.325000000000003730, 0.6699999999999998179, -0.5599999999999923928 ) ) ;
#1801 = ADVANCED_FACE ( 'NONE', ( #259 ), #5596, .F. ) ;
#1802 = ORIENTED_EDGE ( 'NONE', *, *, #147, .F. ) ;
#1803 = LINE ( 'NONE', #4849, #1688 ) ;
#1804 = AXIS2_PLACEMENT_3D ( 'NONE', #498, #2429, #5478 ) ;
#1805 = EDGE_CURVE ( 'NONE', #3288, #1335, #2117, .T. ) ;
#1806 = ORIENTED_EDGE ( 'NONE', *, *, #5045, .F. ) ;
#1807 = DIRECTION ( 'NONE',  ( 4.494102269369967741E-16, 3.236424395479117765E-16, 1.000000000000000000 ) ) ;
#1808 = VECTOR ( 'NONE', #2812, 1000.000000000000000 ) ;
#1809 = LINE ( 'NONE', #2034, #1707 ) ;
#1810 = EDGE_CURVE ( 'NONE', #4427, #4878, #4130, .T. ) ;
#1811 = CARTESIAN_POINT ( 'NONE',  ( 6.324999999999999289, -1.199999999999999734, 1.884999999999999565 ) ) ;
#1812 = ORIENTED_EDGE ( 'NONE', *, *, #755, .T. ) ;
#1813 = CARTESIAN_POINT ( 'NONE',  ( 4.924999999999998934, 9.900000000000000355, 1.044999999999998819 ) ) ;
#1814 = DIRECTION ( 'NONE',  ( -1.000000000000000000, -0.000000000000000000, -0.000000000000000000 ) ) ;
#1815 = VECTOR ( 'NONE', #3943, 1000.000000000000000 ) ;
#1816 = CARTESIAN_POINT ( 'NONE',  ( -2.680000000000001048, 0.6699999999999998179, 1.190000000000007940 ) ) ;
#1817 = ORIENTED_EDGE ( 'NONE', *, *, #3485, .T. ) ;
#1818 = VECTOR ( 'NONE', #5521, 1000.000000000000000 ) ;
#1819 = EDGE_CURVE ( 'NONE', #303, #4713, #2135, .T. ) ;
#1820 = ORIENTED_EDGE ( 'NONE', *, *, #2556, .T. ) ;
#1821 = CARTESIAN_POINT ( 'NONE',  ( -4.939999999999999503, -1.081363123647112731E-15, -1.584999999999999964 ) ) ;
#1822 = CARTESIAN_POINT ( 'NONE',  ( 0.3199999999999991185, -7.265096679918780609, -0.005000000000003001176 ) ) ;
#1823 = DIRECTION ( 'NONE',  ( 0.000000000000000000, 0.000000000000000000, -1.000000000000000000 ) ) ;
#1824 = VECTOR ( 'NONE', #3536, 1000.000000000000000 ) ;
#1825 = DIRECTION ( 'NONE',  ( -0.000000000000000000, 0.000000000000000000, -1.000000000000000000 ) ) ;
#1826 = EDGE_CURVE ( 'NONE', #2660, #2926, #4072, .T. ) ;
#1827 = ORIENTED_EDGE ( 'NONE', *, *, #116, .T. ) ;
#1828 = LINE ( 'NONE', #1821, #1695 ) ;
#1829 = FACE_OUTER_BOUND ( 'NONE', #1226, .T. ) ;
#1830 = AXIS2_PLACEMENT_3D ( 'NONE', #3428, #3386, #2578 ) ;
#1831 = ORIENTED_EDGE ( 'NONE', *, *, #802, .T. ) ;
#1832 = EDGE_CURVE ( 'NONE', #3111, #1, #2257, .T. ) ;
#1833 = LINE ( 'NONE', #3028, #3708 ) ;
#1834 = CARTESIAN_POINT ( 'NONE',  ( 5.674999999999999822, -1.199999999999999734, 2.784999999999999254 ) ) ;
#1835 = FILL_AREA_STYLE ('',( #1382 ) ) ;
#1836 = CARTESIAN_POINT ( 'NONE',  ( 3.319999999999998952, 1.269999999999999796, -0.5599999999999966116 ) ) ;
#1837 = ADVANCED_FACE ( 'NONE', ( #215 ), #3453, .F. ) ;
#1838 = DIRECTION ( 'NONE',  ( 0.000000000000000000, -1.801998070613027504E-16, 1.000000000000000000 ) ) ;
#1839 = EDGE_LOOP ( 'NONE', ( #84, #240, #5504, #2240 ) ) ;
#1840 = CARTESIAN_POINT ( 'NONE',  ( -2.680000000000001048, 7.500000000000001776, 0.6349999999999988987 ) ) ;
#1841 = PLANE ( 'NONE',  #462 ) ;
#1842 = VECTOR ( 'NONE', #3658, 1000.000000000000000 ) ;
#1843 = AXIS2_PLACEMENT_3D ( 'NONE', #5714, #5756, #4301 ) ;
#1844 = CARTESIAN_POINT ( 'NONE',  ( 6.024999999999999467, -1.449999999999999956, 2.484999999999999432 ) ) ;
#1845 = ORIENTED_EDGE ( 'NONE', *, *, #4678, .F. ) ;
#1846 = LINE ( 'NONE', #2602, #1721 ) ;
#1847 = ORIENTED_EDGE ( 'NONE', *, *, #2051, .T. ) ;
#1848 = DIRECTION ( 'NONE',  ( -1.000000000000000000, 0.000000000000000000, 0.000000000000000000 ) ) ;
#1849 = MANIFOLD_SOLID_BREP ( 'LPattern4[1]', #3030 ) ;
#1850 = VECTOR ( 'NONE', #5580, 1000.000000000000000 ) ;
#1851 = CARTESIAN_POINT ( 'NONE',  ( -2.880000000000001670, 7.500000000000001776, 0.1949999999999994238 ) ) ;
#1852 = ADVANCED_FACE ( 'NONE', ( #370 ), #704, .T. ) ;
#1853 = ORIENTED_EDGE ( 'NONE', *, *, #1419, .F. ) ;
#1854 = EDGE_CURVE ( 'NONE', #2357, #1209, #380, .T. ) ;
#1855 = LINE ( 'NONE', #3427, #232 ) ;
#1856 = DIRECTION ( 'NONE',  ( 0.000000000000000000, -2.744815626545581052E-16, -1.000000000000000000 ) ) ;
#1857 = ORIENTED_EDGE ( 'NONE', *, *, #2556, .F. ) ;
#1858 = AXIS2_PLACEMENT_3D ( 'NONE', #1429, #1876, #4118 ) ;
#1859 = FACE_OUTER_BOUND ( 'NONE', #1364, .T. ) ;
#1860 = EDGE_LOOP ( 'NONE', ( #2200, #4497, #5513, #2849 ) ) ;
#1861 = EDGE_CURVE ( 'NONE', #2306, #2852, #4393, .T. ) ;
#1862 = CARTESIAN_POINT ( 'NONE',  ( 1.729999999999998872, 3.300000000000000711, 1.584999999999999076 ) ) ;
#1863 = CARTESIAN_POINT ( 'NONE',  ( 2.680000000000000160, 0.6699999999999997069, 1.585000000000007292 ) ) ;
#1864 = CARTESIAN_POINT ( 'NONE',  ( -5.364999999999991331, 9.900000000000000355, 2.274999999999999023 ) ) ;
#1865 = VECTOR ( 'NONE', #503, 1000.000000000000000 ) ;
#1866 = DIRECTION ( 'NONE',  ( 4.494102269369967741E-16, 0.000000000000000000, -1.000000000000000000 ) ) ;
#1867 = ORIENTED_EDGE ( 'NONE', *, *, #9, .F. ) ;
#1868 = FACE_OUTER_BOUND ( 'NONE', #5024, .T. ) ;
#1869 = VECTOR ( 'NONE', #2824, 1000.000000000000227 ) ;
#1870 = DIRECTION ( 'NONE',  ( -1.000000000000000000, 0.000000000000000000, -0.000000000000000000 ) ) ;
#1871 = ORIENTED_EDGE ( 'NONE', *, *, #4781, .F. ) ;
#1872 = VECTOR ( 'NONE', #4134, 1000.000000000000000 ) ;
#1873 = AXIS2_PLACEMENT_3D ( 'NONE', #4241, #1075, #4734 ) ;
#1874 = CARTESIAN_POINT ( 'NONE',  ( -1.250000000000001110, 8.300000000000000711, 2.774999999999999467 ) ) ;
#1875 = ORIENTED_EDGE ( 'NONE', *, *, #4051, .T. ) ;
#1876 = DIRECTION ( 'NONE',  ( -1.000000000000000000, -0.000000000000000000, -0.000000000000000000 ) ) ;
#1877 = FACE_OUTER_BOUND ( 'NONE', #1204, .T. ) ;
#1878 = LINE ( 'NONE', #3226, #1955 ) ;
#1879 = CARTESIAN_POINT ( 'NONE',  ( 2.679999999999999272, 7.500000000000001776, -0.005000000000001097317 ) ) ;
#1880 = VERTEX_POINT ( 'NONE', #1212 ) ;
#1881 = CARTESIAN_POINT ( 'NONE',  ( 5.674999999999999822, -1.199999999999999734, 1.884999999999999343 ) ) ;
#1882 = LINE ( 'NONE', #4503, #1959 ) ;
#1883 = EDGE_CURVE ( 'NONE', #4158, #3189, #4238, .T. ) ;
#1884 = ADVANCED_FACE ( 'NONE', ( #393 ), #476, .T. ) ;
#1885 = VERTEX_POINT ( 'NONE', #957 ) ;
#1886 = CARTESIAN_POINT ( 'NONE',  ( 5.974999999999999645, -1.449999999999999956, 2.484999999999999432 ) ) ;
#1887 = LINE ( 'NONE', #271, #1972 ) ;
#1888 = LINE ( 'NONE', #5432, #1869 ) ;
#1889 = CARTESIAN_POINT ( 'NONE',  ( -6.325000000000002842, 0.6699999999999998179, 1.190000000000007940 ) ) ;
#1890 = ORIENTED_EDGE ( 'NONE', *, *, #2356, .T. ) ;
#1891 = DIRECTION ( 'NONE',  ( 0.000000000000000000, 2.744815626545581052E-16, -1.000000000000000000 ) ) ;
#1892 = DIRECTION ( 'NONE',  ( 0.000000000000000000, 1.000000000000000000, 0.000000000000000000 ) ) ;
#1893 = ORIENTED_EDGE ( 'NONE', *, *, #5725, .T. ) ;
#1894 = VECTOR ( 'NONE', #4278, 1000.000000000000114 ) ;
#1895 = LINE ( 'NONE', #1305, #1973 ) ;
#1896 = ADVANCED_FACE ( 'NONE', ( #310 ), #5900, .F. ) ;
#1897 = VERTEX_POINT ( 'NONE', #3140 ) ;
#1898 = DIRECTION ( 'NONE',  ( 0.000000000000000000, 0.000000000000000000, -1.000000000000000000 ) ) ;
#1899 = CARTESIAN_POINT ( 'NONE',  ( 5.389999999999999680, 1.699999999999999956, -1.584999999999999964 ) ) ;
#1900 = VECTOR ( 'NONE', #1045, 1000.000000000000000 ) ;
#1901 = DIRECTION ( 'NONE',  ( 0.000000000000000000, 1.000000000000000000, 0.000000000000000000 ) ) ;
#1902 = EDGE_CURVE ( 'NONE', #1557, #2064, #4206, .T. ) ;
#1903 = ORIENTED_EDGE ( 'NONE', *, *, #4951, .F. ) ;
#1904 = VECTOR ( 'NONE', #5163, 1000.000000000000000 ) ;
#1905 = LINE ( 'NONE', #2866, #5803 ) ;
#1906 = DIRECTION ( 'NONE',  ( -1.000000000000000000, -0.000000000000000000, -0.000000000000000000 ) ) ;
#1907 = ORIENTED_EDGE ( 'NONE', *, *, #2790, .T. ) ;
#1908 = LINE ( 'NONE', #2840, #1995 ) ;
#1909 = DIRECTION ( 'NONE',  ( 0.000000000000000000, -1.000000000000000000, 0.000000000000000000 ) ) ;
#1910 = AXIS2_PLACEMENT_3D ( 'NONE', #2772, #3737, #2407 ) ;
#1911 = VERTEX_POINT ( 'NONE', #1702 ) ;
#1912 = CARTESIAN_POINT ( 'NONE',  ( 6.025000000000000355, -1.449999999999999956, 2.707696617295405786E-15 ) ) ;
#1913 = PLANE ( 'NONE',  #4060 ) ;
#1914 = VECTOR ( 'NONE', #1742, 1000.000000000000000 ) ;
#1915 = LINE ( 'NONE', #1489, #3938 ) ;
#1916 = DIRECTION ( 'NONE',  ( 0.9486832980505146562, -0.3162277660168354432, 0.000000000000000000 ) ) ;
#1917 = DIRECTION ( 'NONE',  ( 0.000000000000000000, 0.000000000000000000, 1.000000000000000000 ) ) ;
#1918 = ORIENTED_EDGE ( 'NONE', *, *, #1241, .F. ) ;
#1919 = EDGE_CURVE ( 'NONE', #2317, #4187, #2431, .T. ) ;
#1920 = VECTOR ( 'NONE', #5609, 1000.000000000000000 ) ;
#1921 = VECTOR ( 'NONE', #4652, 1000.000000000000000 ) ;
#1922 = LINE ( 'NONE', #3616, #3861 ) ;
#1923 = CARTESIAN_POINT ( 'NONE',  ( 1.300000000000000044, 6.899999999999999467, -2.085000000000000853 ) ) ;
#1924 = AXIS2_PLACEMENT_3D ( 'NONE', #2759, #3933, #22 ) ;
#1925 = ADVANCED_FACE ( 'NONE', ( #4382 ), #3977, .F. ) ;
#1926 = ORIENTED_EDGE ( 'NONE', *, *, #988, .T. ) ;
#1927 = VECTOR ( 'NONE', #197, 1000.000000000000000 ) ;
#1928 = LINE ( 'NONE', #4487, #2018 ) ;
#1929 = CARTESIAN_POINT ( 'NONE',  ( 2.879999999999999893, 7.500000000000001776, 0.000000000000000000 ) ) ;
#1930 = DIRECTION ( 'NONE',  ( 0.000000000000000000, 0.000000000000000000, -1.000000000000000000 ) ) ;
#1931 = DIRECTION ( 'NONE',  ( -0.000000000000000000, -0.000000000000000000, 1.000000000000000000 ) ) ;
#1932 = DIRECTION ( 'NONE',  ( -1.000000000000000000, 0.000000000000000000, 4.494102269369967741E-16 ) ) ;
#1933 = AXIS2_PLACEMENT_3D ( 'NONE', #64, #3278, #2806 ) ;
#1934 = ORIENTED_EDGE ( 'NONE', *, *, #2769, .T. ) ;
#1935 = VECTOR ( 'NONE', #3322, 1000.000000000000000 ) ;
#1936 = LINE ( 'NONE', #4286, #1982 ) ;
#1937 = EDGE_CURVE ( 'NONE', #2889, #5460, #4375, .T. ) ;
#1938 = CARTESIAN_POINT ( 'NONE',  ( -6.325000000000003730, 0.6699999999999998179, -0.5599999999999923928 ) ) ;
#1939 = PLANE ( 'NONE',  #2282 ) ;
#1940 = EDGE_CURVE ( 'NONE', #1069, #5613, #4259, .T. ) ;
#1941 = DIRECTION ( 'NONE',  ( 4.956352788505164254E-16, -0.000000000000000000, 1.000000000000000000 ) ) ;
#1942 = ORIENTED_EDGE ( 'NONE', *, *, #988, .F. ) ;
#1943 = DIRECTION ( 'NONE',  ( 0.000000000000000000, -0.000000000000000000, 1.000000000000000000 ) ) ;
#1944 = FACE_OUTER_BOUND ( 'NONE', #105, .T. ) ;
#1945 = FACE_OUTER_BOUND ( 'NONE', #2268, .T. ) ;
#1946 = DIRECTION ( 'NONE',  ( 1.000000000000000000, -0.000000000000000000, -4.494102269369967741E-16 ) ) ;
#1947 = EDGE_CURVE ( 'NONE', #2007, #1143, #2484, .T. ) ;
#1948 = DIRECTION ( 'NONE',  ( -1.000000000000000000, 0.000000000000000000, 0.000000000000000000 ) ) ;
#1949 = CARTESIAN_POINT ( 'NONE',  ( -6.325000000000002842, 1.269999999999999796, 1.190000000000007718 ) ) ;
#1950 = EDGE_CURVE ( 'NONE', #120, #5677, #436, .T. ) ;
#1951 = ORIENTED_EDGE ( 'NONE', *, *, #3225, .T. ) ;
#1952 = CARTESIAN_POINT ( 'NONE',  ( -5.674999999999999822, -1.449999999999999956, 2.784999999999999254 ) ) ;
#1953 = DIRECTION ( 'NONE',  ( 1.000000000000000000, 0.000000000000000000, 0.000000000000000000 ) ) ;
#1954 = LINE ( 'NONE', #2193, #3859 ) ;
#1955 = VECTOR ( 'NONE', #1463, 1000.000000000000000 ) ;
#1956 = DIRECTION ( 'NONE',  ( 1.000000000000000000, 0.000000000000000000, 0.000000000000000000 ) ) ;
#1957 = DIRECTION ( 'NONE',  ( 0.000000000000000000, 0.000000000000000000, -1.000000000000000000 ) ) ;
#1958 = DIRECTION ( 'NONE',  ( 0.000000000000000000, -0.000000000000000000, 1.000000000000000000 ) ) ;
#1959 = VECTOR ( 'NONE', #4968, 1000.000000000000000 ) ;
#1960 = EDGE_CURVE ( 'NONE', #5150, #1088, #2354, .T. ) ;
#1961 = DIRECTION ( 'NONE',  ( -1.000000000000000000, 0.000000000000000000, 4.494102269369967741E-16 ) ) ;
#1962 = ORIENTED_EDGE ( 'NONE', *, *, #3832, .T. ) ;
#1963 = LINE ( 'NONE', #1929, #3830 ) ;
#1964 = LINE ( 'NONE', #1790, #26 ) ;
#1965 = DIRECTION ( 'NONE',  ( 0.000000000000000000, 0.000000000000000000, -1.000000000000000000 ) ) ;
#1966 = DIRECTION ( 'NONE',  ( 0.000000000000000000, 1.000000000000000000, 1.801998070613027504E-16 ) ) ;
#1967 = AXIS2_PLACEMENT_3D ( 'NONE', #3983, #2242, #3598 ) ;
#1968 = EDGE_CURVE ( 'NONE', #2958, #4041, #4300, .T. ) ;
#1969 = CARTESIAN_POINT ( 'NONE',  ( 0.000000000000000000, 0.000000000000000000, 0.000000000000000000 ) ) ;
#1970 = ADVANCED_FACE ( 'NONE', ( #4315 ), #2323, .F. ) ;
#1971 = EDGE_LOOP ( 'NONE', ( #174, #4151, #354, #4047 ) ) ;
#1972 = VECTOR ( 'NONE', #3421, 1000.000000000000000 ) ;
#1973 = VECTOR ( 'NONE', #2201, 1000.000000000000000 ) ;
#1974 = CARTESIAN_POINT ( 'NONE',  ( 4.939999999999999503, 0.000000000000000000, 2.024999999999999023 ) ) ;
#1975 = CARTESIAN_POINT ( 'NONE',  ( 0.3199999999999991185, 7.500000000000001776, 0.6349999999999988987 ) ) ;
#1976 = DIRECTION ( 'NONE',  ( -1.000000000000000000, 0.000000000000000000, 4.494102269369967741E-16 ) ) ;
#1977 = ORIENTED_EDGE ( 'NONE', *, *, #4064, .F. ) ;
#1978 = AXIS2_PLACEMENT_3D ( 'NONE', #5039, #263, #4717 ) ;
#1979 = PLANE ( 'NONE',  #265 ) ;
#1980 = CARTESIAN_POINT ( 'NONE',  ( -1.730000000000000870, 9.900000000000000355, 1.584999999999998632 ) ) ;
#1981 = VECTOR ( 'NONE', #4481, 1000.000000000000000 ) ;
#1982 = VECTOR ( 'NONE', #2422, 1000.000000000000000 ) ;
#1983 = DIRECTION ( 'NONE',  ( -0.9486832980505147672, 0.3162277660168352766, 0.000000000000000000 ) ) ;
#1984 = DIRECTION ( 'NONE',  ( 0.9486832980505147672, 0.3162277660168352766, -0.000000000000000000 ) ) ;
#1985 =( LENGTH_UNIT ( ) NAMED_UNIT ( * ) SI_UNIT ( .MILLI., .METRE. ) );
#1986 = VERTEX_POINT ( 'NONE', #4101 ) ;
#1987 = EDGE_CURVE ( 'NONE', #4461, #2000, #4419, .T. ) ;
#1988 = FILL_AREA_STYLE_COLOUR ( '', #102 ) ;
#1989 = VERTEX_POINT ( 'NONE', #5423 ) ;
#1990 = DIRECTION ( 'NONE',  ( -1.000000000000000000, -0.000000000000000000, -0.000000000000000000 ) ) ;
#1991 = FACE_OUTER_BOUND ( 'NONE', #1464, .T. ) ;
#1992 = LINE ( 'NONE', #4635, #3930 ) ;
#1993 = CARTESIAN_POINT ( 'NONE',  ( -2.680000000000001048, 1.350000000000000089, -1.585000000000000409 ) ) ;
#1994 = CARTESIAN_POINT ( 'NONE',  ( -6.325000000000002842, 1.269999999999999796, 1.190000000000007718 ) ) ;
#1995 = VECTOR ( 'NONE', #373, 1000.000000000000000 ) ;
#1996 = EDGE_CURVE ( 'NONE', #617, #4270, #2442, .T. ) ;
#1997 = CLOSED_SHELL ( 'NONE', ( #1512, #3280, #1699, #4788, #1329, #3050, #688, #2262, #4087, #2631 ) ) ;
#1998 = DIRECTION ( 'NONE',  ( 0.000000000000000000, -1.000000000000000000, 0.000000000000000000 ) ) ;
#1999 = DIRECTION ( 'NONE',  ( 0.9486832980505146562, -0.3162277660168354432, 0.000000000000000000 ) ) ;
#2000 = VERTEX_POINT ( 'NONE', #5863 ) ;
#2001 = VECTOR ( 'NONE', #4113, 1000.000000000000000 ) ;
#2002 = CARTESIAN_POINT ( 'NONE',  ( 5.389999999999999680, 1.849999999999999201, 2.024999999999999023 ) ) ;
#2003 = ORIENTED_EDGE ( 'NONE', *, *, #1105, .F. ) ;
#2004 = DIRECTION ( 'NONE',  ( 0.000000000000000000, 0.000000000000000000, -1.000000000000000000 ) ) ;
#2005 = EDGE_CURVE ( 'NONE', #3115, #3678, #2347, .T. ) ;
#2006 = DIRECTION ( 'NONE',  ( 0.000000000000000000, 0.000000000000000000, -1.000000000000000000 ) ) ;
#2007 = VERTEX_POINT ( 'NONE', #4979 ) ;
#2008 = VECTOR ( 'NONE', #839, 1000.000000000000000 ) ;
#2009 = LINE ( 'NONE', #5506, #5867 ) ;
#2010 = ORIENTED_EDGE ( 'NONE', *, *, #2573, .T. ) ;
#2011 = PLANE ( 'NONE',  #5267 ) ;
#2012 = DIRECTION ( 'NONE',  ( 0.000000000000000000, -2.744815626545581052E-16, -1.000000000000000000 ) ) ;
#2013 = ADVANCED_FACE ( 'NONE', ( #2399 ), #2188, .F. ) ;
#2014 = VERTEX_POINT ( 'NONE', #2279 ) ;
#2015 = DIRECTION ( 'NONE',  ( 0.000000000000000000, -2.995465716473997569E-16, -1.000000000000000000 ) ) ;
#2016 = DIRECTION ( 'NONE',  ( -0.000000000000000000, 1.000000000000000000, 1.801998070613027504E-16 ) ) ;
#2017 = VECTOR ( 'NONE', #143, 1000.000000000000000 ) ;
#2018 = VECTOR ( 'NONE', #2739, 1000.000000000000000 ) ;
#2019 = DIRECTION ( 'NONE',  ( -0.3015113445777614087, 0.9045340337332923308, 0.3015113445777614087 ) ) ;
#2020 = EDGE_CURVE ( 'NONE', #3078, #2534, #4197, .T. ) ;
#2021 = VECTOR ( 'NONE', #1481, 1000.000000000000000 ) ;
#2022 = AXIS2_PLACEMENT_3D ( 'NONE', #911, #1999, #3208 ) ;
#2023 = ORIENTED_EDGE ( 'NONE', *, *, #3384, .T. ) ;
#2024 = VECTOR ( 'NONE', #3807, 1000.000000000000000 ) ;
#2025 = DIRECTION ( 'NONE',  ( 0.3015113445777613532, 0.9045340337332925529, 0.3015113445777610757 ) ) ;
#2026 = EDGE_CURVE ( 'NONE', #4195, #1136, #268, .T. ) ;
#2027 = ORIENTED_EDGE ( 'NONE', *, *, #4180, .F. ) ;
#2028 = LINE ( 'NONE', #1581, #3963 ) ;
#2029 = FACE_OUTER_BOUND ( 'NONE', #3613, .T. ) ;
#2030 = DIRECTION ( 'NONE',  ( 0.000000000000000000, -1.000000000000000000, 3.236424395479117765E-16 ) ) ;
#2031 = PLANE ( 'NONE',  #494 ) ;
#2032 = VERTEX_POINT ( 'NONE', #2980 ) ;
#2033 = FACE_OUTER_BOUND ( 'NONE', #5747, .T. ) ;
#2034 = CARTESIAN_POINT ( 'NONE',  ( 1.269999999999999130, 3.300000000000000711, 1.584999999999998632 ) ) ;
#2035 = CARTESIAN_POINT ( 'NONE',  ( 4.924999999999999822, 9.900000000000000355, 2.213345367664709038E-15 ) ) ;
#2036 = CARTESIAN_POINT ( 'NONE',  ( -6.325000000000003730, 1.269999999999999796, -0.5599999999999922817 ) ) ;
#2037 = PLANE ( 'NONE',  #3551 ) ;
#2038 = ORIENTED_EDGE ( 'NONE', *, *, #4513, .F. ) ;
#2039 = LINE ( 'NONE', #4802, #3982 ) ;
#2040 = COLOUR_RGB ( '',0.7921568627450980005, 0.8196078431372548767, 0.9333333333333333481 ) ;
#2041 = EDGE_CURVE ( 'NONE', #2862, #2306, #4334, .T. ) ;
#2042 = APPLICATION_PROTOCOL_DEFINITION ( 'draft international standard', 'automotive_design', 1998, #5292 ) ;
#2043 = DIRECTION ( 'NONE',  ( -0.4619344188369658988, -0.000000000000000000, -0.8869140841669810316 ) ) ;
#2044 = CARTESIAN_POINT ( 'NONE',  ( -5.389999999999997904, 1.849999999999999201, 2.024999999999999023 ) ) ;
#2045 = EDGE_LOOP ( 'NONE', ( #117, #3296, #5225, #1357, #5138, #3438 ) ) ;
#2046 = FACE_BOUND ( 'NONE', #4228, .T. ) ;
#2047 = DIRECTION ( 'NONE',  ( -1.000000000000000000, -0.000000000000000000, -0.000000000000000000 ) ) ;
#2048 = PLANE ( 'NONE',  #5603 ) ;
#2049 = CARTESIAN_POINT ( 'NONE',  ( -0.3200000000000008393, -2.579999999999992966, -0.005000000000002157233 ) ) ;
#2050 = EDGE_LOOP ( 'NONE', ( #3184, #3936, #3429, #3263, #1501, #5864, #5133, #1213, #109, #5424, #1951, #62 ) ) ;
#2051 = EDGE_CURVE ( 'NONE', #5094, #1700, #2271, .T. ) ;
#2052 = LINE ( 'NONE', #1177, #3955 ) ;
#2053 = LINE ( 'NONE', #2394, #103 ) ;
#2054 = VERTEX_POINT ( 'NONE', #1980 ) ;
#2055 = CARTESIAN_POINT ( 'NONE',  ( -1.300000000000000044, 7.400000000000000355, -2.785000000000001030 ) ) ;
#2056 = ADVANCED_FACE ( 'NONE', ( #4249 ), #5181, .F. ) ;
#2057 = AXIS2_PLACEMENT_3D ( 'NONE', #2202, #2695, #405 ) ;
#2058 = CARTESIAN_POINT ( 'NONE',  ( -4.924999999999998934, 9.900000000000000355, -0.9550000000000011813 ) ) ;
#2059 = VERTEX_POINT ( 'NONE', #4852 ) ;
#2060 = DIRECTION ( 'NONE',  ( -1.000000000000000000, -0.000000000000000000, -0.000000000000000000 ) ) ;
#2061 = FACE_OUTER_BOUND ( 'NONE', #4934, .T. ) ;
#2062 = DIRECTION ( 'NONE',  ( -0.000000000000000000, 0.000000000000000000, 1.000000000000000000 ) ) ;
#2063 = DIRECTION ( 'NONE',  ( 1.000000000000000000, 0.000000000000000000, -1.707404996040164265E-16 ) ) ;
#2064 = VERTEX_POINT ( 'NONE', #2496 ) ;
#2065 = DIRECTION ( 'NONE',  ( 0.000000000000000000, 0.000000000000000000, 1.000000000000000000 ) ) ;
#2066 = DIRECTION ( 'NONE',  ( -4.494102269369967741E-16, 0.000000000000000000, -1.000000000000000000 ) ) ;
#2067 = ADVANCED_FACE ( 'NONE', ( #2312 ), #5209, .F. ) ;
#2068 = EDGE_CURVE ( 'NONE', #3538, #4998, #408, .T. ) ;
#2069 = ORIENTED_EDGE ( 'NONE', *, *, #2349, .F. ) ;
#2070 = DIRECTION ( 'NONE',  ( -1.000000000000000000, 0.000000000000000000, 4.494102269369967741E-16 ) ) ;
#2071 = FILL_AREA_STYLE_COLOUR ( '', #2040 ) ;
#2072 = VECTOR ( 'NONE', #1158, 1000.000000000000000 ) ;
#2073 = LINE ( 'NONE', #683, #142 ) ;
#2074 = CARTESIAN_POINT ( 'NONE',  ( 2.679999999999999272, 1.349999999999999645, 0.6349999999999985656 ) ) ;
#2075 = ORIENTED_EDGE ( 'NONE', *, *, #1810, .F. ) ;
#2076 = VECTOR ( 'NONE', #3002, 1000.000000000000000 ) ;
#2077 = CARTESIAN_POINT ( 'NONE',  ( 4.924999999999998934, 8.499999999999996447, -0.9550000000000011813 ) ) ;
#2078 = DIRECTION ( 'NONE',  ( 0.000000000000000000, 2.744815626545581052E-16, -1.000000000000000000 ) ) ;
#2079 = CARTESIAN_POINT ( 'NONE',  ( 2.679999999999999272, 1.349999999999999867, -0.005000000000001448598 ) ) ;
#2080 = DIRECTION ( 'NONE',  ( 1.000000000000000000, 0.000000000000000000, -4.494102269369967741E-16 ) ) ;
#2081 = EDGE_LOOP ( 'NONE', ( #1067, #4981, #3798, #4936 ) ) ;
#2082 = PRESENTATION_STYLE_ASSIGNMENT (( #4297 ) ) ;
#2083 = LINE ( 'NONE', #4005, #112 ) ;
#2084 = DIRECTION ( 'NONE',  ( -0.000000000000000000, -0.000000000000000000, 1.000000000000000000 ) ) ;
#2085 = ORIENTED_EDGE ( 'NONE', *, *, #1526, .F. ) ;
#2086 = CARTESIAN_POINT ( 'NONE',  ( -1.730000000000000870, 3.300000000000000711, 1.584999999999998632 ) ) ;
#2087 = EDGE_LOOP ( 'NONE', ( #4486, #3543, #420, #4348 ) ) ;
#2088 = LINE ( 'NONE', #411, #2108 ) ;
#2089 = VECTOR ( 'NONE', #176, 1000.000000000000000 ) ;
#2090 = EDGE_CURVE ( 'NONE', #2672, #5092, #4363, .T. ) ;
#2091 = ORIENTED_EDGE ( 'NONE', *, *, #5356, .F. ) ;
#2092 = CARTESIAN_POINT ( 'NONE',  ( 1.250000000000001110, 1.849999999999999201, 2.274999999999999023 ) ) ;
#2093 = DIRECTION ( 'NONE',  ( 0.000000000000000000, 1.000000000000000000, 0.000000000000000000 ) ) ;
#2094 = EDGE_CURVE ( 'NONE', #5838, #3194, #2292, .T. ) ;
#2095 = ORIENTED_EDGE ( 'NONE', *, *, #5002, .T. ) ;
#2096 = DIRECTION ( 'NONE',  ( -0.000000000000000000, 0.000000000000000000, -1.000000000000000000 ) ) ;
#2097 = LINE ( 'NONE', #2837, #2189 ) ;
#2098 = DIRECTION ( 'NONE',  ( -0.000000000000000000, 1.000000000000000000, -0.000000000000000000 ) ) ;
#2099 = PRESENTATION_LAYER_ASSIGNMENT (  '', '', ( #5853 ) ) ;
#2100 = CARTESIAN_POINT ( 'NONE',  ( 0.08045454545454458484, 7.618636363636364095, 0.3954545454545445593 ) ) ;
#2101 = ORIENTED_EDGE ( 'NONE', *, *, #3133, .F. ) ;
#2102 = EDGE_CURVE ( 'NONE', #2778, #2651, #298, .T. ) ;
#2103 = ADVANCED_FACE ( 'NONE', ( #320 ), #4385, .F. ) ;
#2104 = DIRECTION ( 'NONE',  ( 0.000000000000000000, 1.000000000000000000, -0.000000000000000000 ) ) ;
#2105 = ORIENTED_EDGE ( 'NONE', *, *, #2068, .F. ) ;
#2106 = CARTESIAN_POINT ( 'NONE',  ( -0.3200000000000008393, 0.6699999999999997069, -0.9549999999999950751 ) ) ;
#2107 = DIRECTION ( 'NONE',  ( 0.000000000000000000, -1.000000000000000000, -1.807003620809173892E-16 ) ) ;
#2108 = VECTOR ( 'NONE', #1672, 1000.000000000000000 ) ;
#2109 = VECTOR ( 'NONE', #5321, 1000.000000000000000 ) ;
#2110 = DIRECTION ( 'NONE',  ( 0.000000000000000000, -0.000000000000000000, 1.000000000000000000 ) ) ;
#2111 = ORIENTED_EDGE ( 'NONE', *, *, #5187, .T. ) ;
#2112 = FACE_OUTER_BOUND ( 'NONE', #5630, .T. ) ;
#2113 = CARTESIAN_POINT ( 'NONE',  ( -6.325000000000002842, 1.269999999999999796, 1.190000000000007718 ) ) ;
#2114 = DIRECTION ( 'NONE',  ( 0.000000000000000000, 2.744815626545581052E-16, 1.000000000000000000 ) ) ;
#2115 = ADVANCED_FACE ( 'NONE', ( #2331 ), #322, .F. ) ;
#2116 = VERTEX_POINT ( 'NONE', #5646 ) ;
#2117 = LINE ( 'NONE', #2990, #2172 ) ;
#2118 = DIRECTION ( 'NONE',  ( -1.000000000000000000, 0.000000000000000000, 0.000000000000000000 ) ) ;
#2119 = PLANE ( 'NONE',  #2057 ) ;
#2120 = DIRECTION ( 'NONE',  ( -4.494102269369967741E-16, 1.618212197739558882E-16, -1.000000000000000000 ) ) ;
#2121 = EDGE_LOOP ( 'NONE', ( #538, #777, #3443, #844 ) ) ;
#2122 = EDGE_CURVE ( 'NONE', #3065, #5094, #336, .T. ) ;
#2123 = VECTOR ( 'NONE', #3922, 1000.000000000000000 ) ;
#2124 = DIRECTION ( 'NONE',  ( 1.000000000000000000, 0.000000000000000000, 0.000000000000000000 ) ) ;
#2125 = DIRECTION ( 'NONE',  ( -4.494102269369967741E-16, 1.807003620809173892E-16, -1.000000000000000000 ) ) ;
#2126 = CARTESIAN_POINT ( 'NONE',  ( -3.320000000000000728, 7.500000000000001776, 0.6349999999999988987 ) ) ;
#2127 = EDGE_LOOP ( 'NONE', ( #564, #4982, #4613, #4526 ) ) ;
#2128 = LINE ( 'NONE', #135, #171 ) ;
#2129 = AXIS2_PLACEMENT_3D ( 'NONE', #947, #3129, #4584 ) ;
#2130 = ORIENTED_EDGE ( 'NONE', *, *, #2888, .T. ) ;
#2131 = LINE ( 'NONE', #282, #2396 ) ;
#2132 = DIRECTION ( 'NONE',  ( 4.494102269369967741E-16, 3.614007241618347785E-16, 1.000000000000000000 ) ) ;
#2133 = DIRECTION ( 'NONE',  ( 0.000000000000000000, 2.744815626545581052E-16, -1.000000000000000000 ) ) ;
#2134 = CARTESIAN_POINT ( 'NONE',  ( -5.975000000000003197, -1.449999999999999956, 2.185000000000002718 ) ) ;
#2135 = LINE ( 'NONE', #1649, #2089 ) ;
#2136 = DIRECTION ( 'NONE',  ( 0.000000000000000000, -1.000000000000000000, 0.000000000000000000 ) ) ;
#2137 = CARTESIAN_POINT ( 'NONE',  ( -2.680000000000001048, 1.269999999999999796, -0.5599999999999938360 ) ) ;
#2138 = ORIENTED_EDGE ( 'NONE', *, *, #4120, .F. ) ;
#2139 = FACE_OUTER_BOUND ( 'NONE', #4955, .T. ) ;
#2140 = CARTESIAN_POINT ( 'NONE',  ( 4.269999999999999574, 9.900000000000000355, 1.584999999999998632 ) ) ;
#2141 = ORIENTED_EDGE ( 'NONE', *, *, #1202, .T. ) ;
#2142 = PLANE ( 'NONE',  #624 ) ;
#2143 = DIRECTION ( 'NONE',  ( 0.000000000000000000, 0.000000000000000000, -1.000000000000000000 ) ) ;
#2144 = VECTOR ( 'NONE', #1953, 1000.000000000000000 ) ;
#2145 = DIRECTION ( 'NONE',  ( 0.000000000000000000, 0.000000000000000000, -1.000000000000000000 ) ) ;
#2146 = EDGE_LOOP ( 'NONE', ( #3558, #4117, #4207, #4132 ) ) ;
#2147 = ORIENTED_EDGE ( 'NONE', *, *, #542, .T. ) ;
#2148 = FACE_OUTER_BOUND ( 'NONE', #510, .T. ) ;
#2149 = ADVANCED_FACE ( 'NONE', ( #602 ), #3919, .F. ) ;
#2150 = CARTESIAN_POINT ( 'NONE',  ( -3.320000000000000728, -2.579999999999992966, -0.005000000000002157233 ) ) ;
#2151 = EDGE_CURVE ( 'NONE', #935, #4112, #621, .T. ) ;
#2152 = VECTOR ( 'NONE', #363, 1000.000000000000000 ) ;
#2153 = DIRECTION ( 'NONE',  ( 0.000000000000000000, -2.744815626545581052E-16, 1.000000000000000000 ) ) ;
#2154 = EDGE_CURVE ( 'NONE', #2059, #441, #4531, .T. ) ;
#2155 = DIRECTION ( 'NONE',  ( 0.000000000000000000, -1.000000000000000000, -1.618212197739558882E-16 ) ) ;
#2156 = ORIENTED_EDGE ( 'NONE', *, *, #4619, .F. ) ;
#2157 = LINE ( 'NONE', #5223, #2072 ) ;
#2158 = LINE ( 'NONE', #5304, #194 ) ;
#2159 = ORIENTED_EDGE ( 'NONE', *, *, #4239, .F. ) ;
#2160 =( NAMED_UNIT ( * ) SI_UNIT ( $, .STERADIAN. ) SOLID_ANGLE_UNIT ( ) );
#2161 = EDGE_CURVE ( 'NONE', #1100, #91, #2708, .T. ) ;
#2162 = DIRECTION ( 'NONE',  ( -0.3015113445777614087, 0.9045340337332923308, -0.3015113445777614087 ) ) ;
#2163 = ORIENTED_EDGE ( 'NONE', *, *, #5550, .T. ) ;
#2164 = DIRECTION ( 'NONE',  ( 0.000000000000000000, 1.000000000000000000, 0.000000000000000000 ) ) ;
#2166 = CARTESIAN_POINT ( 'NONE',  ( -2.250000000000001332, 1.849999999999999201, 2.274999999999999023 ) ) ;
#2165 = LINE ( 'NONE', #1232, #2344 ) ;
#2167 = DIRECTION ( 'NONE',  ( 1.000000000000000000, 0.000000000000000000, 0.000000000000000000 ) ) ;
#2168 = DIRECTION ( 'NONE',  ( 0.000000000000000000, 0.000000000000000000, -1.000000000000000000 ) ) ;
#2169 = ADVANCED_FACE ( 'NONE', ( #752 ), #813, .F. ) ;
#2170 = VERTEX_POINT ( 'NONE', #4410 ) ;
#2171 = LINE ( 'NONE', #479, #4106 ) ;
#2172 = VECTOR ( 'NONE', #5234, 1000.000000000000000 ) ;
#2173 = ORIENTED_EDGE ( 'NONE', *, *, #2783, .F. ) ;
#2174 = ORIENTED_EDGE ( 'NONE', *, *, #2761, .F. ) ;
#2175 = VECTOR ( 'NONE', #3432, 1000.000000000000000 ) ;
#2176 = CARTESIAN_POINT ( 'NONE',  ( 4.269999999999999574, 9.900000000000000355, -0.9550000000000011813 ) ) ;
#2177 = EDGE_LOOP ( 'NONE', ( #661, #2678, #5392, #2688 ) ) ;
#2178 = DIRECTION ( 'NONE',  ( 0.000000000000000000, 0.000000000000000000, -1.000000000000000000 ) ) ;
#2179 = VECTOR ( 'NONE', #1706, 1000.000000000000000 ) ;
#2180 = VECTOR ( 'NONE', #1093, 1000.000000000000000 ) ;
#2181 = EDGE_CURVE ( 'NONE', #4158, #3517, #670, .T. ) ;
#2182 = ORIENTED_EDGE ( 'NONE', *, *, #2819, .F. ) ;
#2183 = CARTESIAN_POINT ( 'NONE',  ( 2.679999999999999272, -7.265096679918780609, 0.6349999999999970113 ) ) ;
#2184 = ORIENTED_EDGE ( 'NONE', *, *, #381, .T. ) ;
#2185 = VECTOR ( 'NONE', #707, 1000.000000000000000 ) ;
#2186 = AXIS2_PLACEMENT_3D ( 'NONE', #4626, #5081, #3881 ) ;
#2187 = ORIENTED_EDGE ( 'NONE', *, *, #5855, .F. ) ;
#2188 = PLANE ( 'NONE',  #3359 ) ;
#2189 = VECTOR ( 'NONE', #2266, 1000.000000000000000 ) ;
#2190 = CARTESIAN_POINT ( 'NONE',  ( -4.924999999999998934, 9.900000000000000355, 1.044999999999998819 ) ) ;
#2191 = ORIENTED_EDGE ( 'NONE', *, *, #3810, .F. ) ;
#2192 = ORIENTED_EDGE ( 'NONE', *, *, #3192, .F. ) ;
#2193 = CARTESIAN_POINT ( 'NONE',  ( -6.324999999999999289, 9.900000000000000355, 1.774999999999998357 ) ) ;
#2194 = LINE ( 'NONE', #4323, #4124 ) ;
#2195 = DIRECTION ( 'NONE',  ( 0.000000000000000000, 0.000000000000000000, -1.000000000000000000 ) ) ;
#2196 = ORIENTED_EDGE ( 'NONE', *, *, #3116, .F. ) ;
#2197 = LINE ( 'NONE', #5680, #286 ) ;
#2198 = VECTOR ( 'NONE', #98, 1000.000000000000000 ) ;
#2200 = ORIENTED_EDGE ( 'NONE', *, *, #1937, .F. ) ;
#2199 = EDGE_CURVE ( 'NONE', #5460, #3194, #534, .T. ) ;
#2201 = DIRECTION ( 'NONE',  ( -0.000000000000000000, 1.000000000000000000, 1.801998070613027504E-16 ) ) ;
#2202 = CARTESIAN_POINT ( 'NONE',  ( 5.974999999999999645, -1.449999999999999956, 0.000000000000000000 ) ) ;
#2203 = VERTEX_POINT ( 'NONE', #1627 ) ;
#2204 = LINE ( 'NONE', #4319, #245 ) ;
#2205 = ADVANCED_FACE ( 'NONE', ( #4598 ), #4371, .F. ) ;
#2206 = LINE ( 'NONE', #1578, #368 ) ;
#2207 = DIRECTION ( 'NONE',  ( 0.000000000000000000, -0.7071067811865477948, -0.7071067811865473507 ) ) ;
#2208 = AXIS2_PLACEMENT_3D ( 'NONE', #814, #3045, #2620 ) ;
#2209 = EDGE_CURVE ( 'NONE', #3418, #5448, #4654, .T. ) ;
#2210 = ORIENTED_EDGE ( 'NONE', *, *, #4922, .T. ) ;
#2211 = FACE_OUTER_BOUND ( 'NONE', #3822, .T. ) ;
#2212 = FACE_OUTER_BOUND ( 'NONE', #2421, .T. ) ;
#2213 = ORIENTED_EDGE ( 'NONE', *, *, #4576, .F. ) ;
#2214 = ORIENTED_EDGE ( 'NONE', *, *, #1192, .T. ) ;
#2215 = DIRECTION ( 'NONE',  ( 1.233548213626064722E-31, 1.000000000000000000, 2.744815626545581052E-16 ) ) ;
#2216 = ADVANCED_FACE ( 'NONE', ( #2722 ), #86, .F. ) ;
#2217 = ORIENTED_EDGE ( 'NONE', *, *, #755, .F. ) ;
#2218 = CARTESIAN_POINT ( 'NONE',  ( 6.325000000000001066, 0.000000000000000000, -1.584999999999999964 ) ) ;
#2219 = VECTOR ( 'NONE', #1998, 1000.000000000000000 ) ;
#2220 = FACE_OUTER_BOUND ( 'NONE', #2781, .T. ) ;
#2221 = AXIS2_PLACEMENT_3D ( 'NONE', #5185, #4899, #4341 ) ;
#2222 = DIRECTION ( 'NONE',  ( 0.000000000000000000, -2.995465716473997569E-16, -1.000000000000000000 ) ) ;
#2223 = VERTEX_POINT ( 'NONE', #3997 ) ;
#2224 = EDGE_CURVE ( 'NONE', #481, #4473, #4520, .T. ) ;
#2225 = DIRECTION ( 'NONE',  ( 0.000000000000000000, 1.000000000000000000, 1.801998070613027504E-16 ) ) ;
#2226 = EDGE_LOOP ( 'NONE', ( #3053, #2669, #4594, #4959 ) ) ;
#2227 = LINE ( 'NONE', #110, #4123 ) ;
#2228 = EDGE_CURVE ( 'NONE', #4825, #4778, #4666, .T. ) ;
#2229 = ORIENTED_EDGE ( 'NONE', *, *, #284, .T. ) ;
#2230 = CARTESIAN_POINT ( 'NONE',  ( 1.300000000000000044, 8.149999999999998579, -2.785000000000001030 ) ) ;
#2231 = CARTESIAN_POINT ( 'NONE',  ( -6.325000000000003730, 1.269999999999999796, -0.5599999999999922817 ) ) ;
#2232 = DIRECTION ( 'NONE',  ( 0.000000000000000000, 0.000000000000000000, -1.000000000000000000 ) ) ;
#2233 = LINE ( 'NONE', #1302, #4173 ) ;
#2234 = LINE ( 'NONE', #1398, #2198 ) ;
#2235 = CARTESIAN_POINT ( 'NONE',  ( -2.680000000000001048, 6.899999999999995026, 0.6349999999999988987 ) ) ;
#2236 = ORIENTED_EDGE ( 'NONE', *, *, #4818, .F. ) ;
#2237 = UNCERTAINTY_MEASURE_WITH_UNIT (LENGTH_MEASURE( 1.000000000000000082E-05 ), #5221, 'distance_accuracy_value', 'NONE');
#2238 = EDGE_CURVE ( 'NONE', #576, #4867, #786, .T. ) ;
#2239 = EDGE_CURVE ( 'NONE', #4713, #3144, #2964, .T. ) ;
#2240 = ORIENTED_EDGE ( 'NONE', *, *, #5622, .T. ) ;
#2241 = LINE ( 'NONE', #1147, #4182 ) ;
#2242 = DIRECTION ( 'NONE',  ( -0.000000000000000000, 1.000000000000000000, 0.000000000000000000 ) ) ;
#2243 = PLANE ( 'NONE',  #3522 ) ;
#2244 = EDGE_CURVE ( 'NONE', #535, #5455, #4920, .T. ) ;
#2245 = ORIENTED_EDGE ( 'NONE', *, *, #5227, .F. ) ;
#2246 = FACE_OUTER_BOUND ( 'NONE', #4164, .T. ) ;
#2247 = LINE ( 'NONE', #3793, #73 ) ;
#2248 = ORIENTED_EDGE ( 'NONE', *, *, #3354, .T. ) ;
#2249 = DIRECTION ( 'NONE',  ( -0.8869140841669809205, -0.000000000000000000, 0.4619344188369658433 ) ) ;
#2250 = VERTEX_POINT ( 'NONE', #647 ) ;
#2251 = EDGE_CURVE ( 'NONE', #723, #3091, #1024, .T. ) ;
#2252 = DIRECTION ( 'NONE',  ( 0.000000000000000000, 1.000000000000000000, 0.000000000000000000 ) ) ;
#2253 = DIRECTION ( 'NONE',  ( 0.000000000000000000, 0.000000000000000000, 1.000000000000000000 ) ) ;
#2254 = CARTESIAN_POINT ( 'NONE',  ( 0.000000000000000000, 1.699999999999999956, 2.024999999999999023 ) ) ;
#2255 = VERTEX_POINT ( 'NONE', #3402 ) ;
#2256 = FACE_OUTER_BOUND ( 'NONE', #484, .T. ) ;
#2257 = LINE ( 'NONE', #221, #204 ) ;
#2258 = CARTESIAN_POINT ( 'NONE',  ( -5.674999999999999822, -1.449999999999999956, 2.784999999999999254 ) ) ;
#2259 = ORIENTED_EDGE ( 'NONE', *, *, #95, .T. ) ;
#2260 = LINE ( 'NONE', #4953, #2367 ) ;
#2261 = ORIENTED_EDGE ( 'NONE', *, *, #1960, .F. ) ;
#2262 = ADVANCED_FACE ( 'NONE', ( #3185 ), #4074, .F. ) ;
#2263 = AXIS2_PLACEMENT_3D ( 'NONE', #2895, #5124, #3318 ) ;
#2264 = EDGE_CURVE ( 'NONE', #2798, #5273, #5135, .T. ) ;
#2265 = CARTESIAN_POINT ( 'NONE',  ( -6.325000000000000178, -1.449999999999999956, 2.484999999999997655 ) ) ;
#2266 = DIRECTION ( 'NONE',  ( 0.000000000000000000, 1.000000000000000000, 0.000000000000000000 ) ) ;
#2267 = CARTESIAN_POINT ( 'NONE',  ( -6.325000000000002842, 0.6699999999999998179, 1.190000000000007940 ) ) ;
#2268 = EDGE_LOOP ( 'NONE', ( #1737, #4290, #2587, #2191 ) ) ;
#2269 = CARTESIAN_POINT ( 'NONE',  ( 5.389999999999999680, 0.000000000000000000, -0.9549999999999976286 ) ) ;
#2270 = LINE ( 'NONE', #2872, #4081 ) ;
#2271 = LINE ( 'NONE', #5701, #2420 ) ;
#2272 = CARTESIAN_POINT ( 'NONE',  ( 0.3199999999999991740, 1.350000000000000089, -1.585000000000000409 ) ) ;
#2273 = ORIENTED_EDGE ( 'NONE', *, *, #3764, .F. ) ;
#2274 = CARTESIAN_POINT ( 'NONE',  ( 0.3199999999999991185, 0.6699999999999998179, -0.5599999999999923928 ) ) ;
#2275 = EDGE_LOOP ( 'NONE', ( #2105, #5070, #5707, #3369 ) ) ;
#2276 = ADVANCED_FACE ( 'NONE', ( #1082 ), #413, .F. ) ;
#2277 = ORIENTED_EDGE ( 'NONE', *, *, #3585, .T. ) ;
#2278 = CARTESIAN_POINT ( 'NONE',  ( -4.924999999999998934, 8.499999999999996447, -0.9550000000000011813 ) ) ;
#2279 = CARTESIAN_POINT ( 'NONE',  ( 1.269999999999999130, 3.300000000000000711, -0.9550000000000011813 ) ) ;
#2280 = LINE ( 'NONE', #5327, #2179 ) ;
#2281 = VECTOR ( 'NONE', #3667, 1000.000000000000000 ) ;
#2282 = AXIS2_PLACEMENT_3D ( 'NONE', #119, #605, #4133 ) ;
#2283 = DIRECTION ( 'NONE',  ( 0.000000000000000000, 1.000000000000000000, 0.000000000000000000 ) ) ;
#2284 = ORIENTED_EDGE ( 'NONE', *, *, #2839, .T. ) ;
#2285 = AXIS2_PLACEMENT_3D ( 'NONE', #1994, #1137, #4137 ) ;
#2286 = LINE ( 'NONE', #970, #4242 ) ;
#2287 = DIRECTION ( 'NONE',  ( 1.000000000000000000, -0.000000000000000000, -4.494102269369967741E-16 ) ) ;
#2288 = EDGE_LOOP ( 'NONE', ( #1081, #4863, #3757, #4984 ) ) ;
#2289 = AXIS2_PLACEMENT_3D ( 'NONE', #4432, #5013, #833 ) ;
#2290 = DIRECTION ( 'NONE',  ( 1.000000000000000000, -0.000000000000000000, -4.494102269369967741E-16 ) ) ;
#2291 = ORIENTED_EDGE ( 'NONE', *, *, #4721, .F. ) ;
#2292 = LINE ( 'NONE', #3057, #419 ) ;
#2293 = ORIENTED_EDGE ( 'NONE', *, *, #4108, .F. ) ;
#2294 = LINE ( 'NONE', #492, #4304 ) ;
#2295 = FILL_AREA_STYLE ('',( #4992 ) ) ;
#2296 = ORIENTED_EDGE ( 'NONE', *, *, #5132, .T. ) ;
#2297 = EDGE_CURVE ( 'NONE', #4577, #4675, #5032, .T. ) ;
#2298 = DIRECTION ( 'NONE',  ( 0.000000000000000000, 0.000000000000000000, -1.000000000000000000 ) ) ;
#2299 = CARTESIAN_POINT ( 'NONE',  ( -5.389999999999999680, 0.6699999999999997069, -0.9549999999999927436 ) ) ;
#2300 = ORIENTED_EDGE ( 'NONE', *, *, #2244, .T. ) ;
#2301 = DIRECTION ( 'NONE',  ( 0.000000000000000000, 2.744815626545581052E-16, 1.000000000000000000 ) ) ;
#2302 = VECTOR ( 'NONE', #1013, 1000.000000000000114 ) ;
#2303 = VECTOR ( 'NONE', #737, 1000.000000000000000 ) ;
#2304 = ORIENTED_EDGE ( 'NONE', *, *, #4203, .T. ) ;
#2305 = LINE ( 'NONE', #5507, #2390 ) ;
#2306 = VERTEX_POINT ( 'NONE', #50 ) ;
#2307 = EDGE_CURVE ( 'NONE', #935, #2377, #5041, .T. ) ;
#2308 = DIRECTION ( 'NONE',  ( 1.000000000000000000, -0.000000000000000000, -1.707404996040164018E-16 ) ) ;
#2309 = DIRECTION ( 'NONE',  ( -0.6092076990801712499, -0.5076730825668098745, -0.6092076990801712499 ) ) ;
#2310 = VECTOR ( 'NONE', #676, 1000.000000000000000 ) ;
#2311 = ORIENTED_EDGE ( 'NONE', *, *, #2981, .T. ) ;
#2312 = FACE_OUTER_BOUND ( 'NONE', #822, .T. ) ;
#2313 = CARTESIAN_POINT ( 'NONE',  ( 3.319999999999998952, 0.6699999999999998179, -0.5599999999999923928 ) ) ;
#2314 = ORIENTED_EDGE ( 'NONE', *, *, #3316, .T. ) ;
#2315 = DIRECTION ( 'NONE',  ( 1.000000000000000000, 0.000000000000000000, -0.000000000000000000 ) ) ;
#2316 = FACE_OUTER_BOUND ( 'NONE', #5289, .T. ) ;
#2317 = VERTEX_POINT ( 'NONE', #5029 ) ;
#2318 = ADVANCED_FACE ( 'NONE', ( #3228 ), #1913, .F. ) ;
#2319 = VECTOR ( 'NONE', #3876, 1000.000000000000000 ) ;
#2320 = ORIENTED_EDGE ( 'NONE', *, *, #5430, .T. ) ;
#2321 = DIRECTION ( 'NONE',  ( 1.000000000000000000, 0.000000000000000000, 0.000000000000000000 ) ) ;
#2322 = DIRECTION ( 'NONE',  ( -0.000000000000000000, 1.000000000000000000, 1.801998070613027504E-16 ) ) ;
#2323 = PLANE ( 'NONE',  #5750 ) ;
#2324 = LINE ( 'NONE', #1693, #4392 ) ;
#2325 = CARTESIAN_POINT ( 'NONE',  ( 3.319999999999998952, 1.349999999999999423, 2.024999999999999023 ) ) ;
#2326 = VERTEX_POINT ( 'NONE', #4166 ) ;
#2327 = VECTOR ( 'NONE', #5048, 1000.000000000000000 ) ;
#2328 = ORIENTED_EDGE ( 'NONE', *, *, #653, .T. ) ;
#2329 = EDGE_CURVE ( 'NONE', #4867, #599, #5173, .T. ) ;
#2330 = LINE ( 'NONE', #5771, #123 ) ;
#2331 = FACE_OUTER_BOUND ( 'NONE', #5813, .T. ) ;
#2332 = EDGE_CURVE ( 'NONE', #499, #1167, #3253, .T. ) ;
#2333 = ORIENTED_EDGE ( 'NONE', *, *, #3969, .F. ) ;
#2334 = CARTESIAN_POINT ( 'NONE',  ( -4.939999999999999503, 0.6699999999999998179, -0.5599999999999923928 ) ) ;
#2335 = LINE ( 'NONE', #3155, #4229 ) ;
#2336 = VECTOR ( 'NONE', #2019, 1000.000000000000114 ) ;
#2337 = CARTESIAN_POINT ( 'NONE',  ( 6.000000000000000000, 7.500000000000001776, 0.4349999999999983324 ) ) ;
#2338 = VERTEX_POINT ( 'NONE', #971 ) ;
#2339 = VECTOR ( 'NONE', #5729, 1000.000000000000000 ) ;
#2340 = DIRECTION ( 'NONE',  ( 1.000000000000000000, 0.000000000000000000, 0.000000000000000000 ) ) ;
#2341 = DIRECTION ( 'NONE',  ( 0.000000000000000000, 0.000000000000000000, 1.000000000000000000 ) ) ;
#2342 = AXIS2_PLACEMENT_3D ( 'NONE', #565, #1909, #1341 ) ;
#2343 = DIRECTION ( 'NONE',  ( 1.000000000000000000, -0.000000000000000000, -0.000000000000000000 ) ) ;
#2344 = VECTOR ( 'NONE', #1190, 1000.000000000000000 ) ;
#2345 = CARTESIAN_POINT ( 'NONE',  ( 3.000000000000000000, 7.500000000000001776, 0.4349999999999983324 ) ) ;
#2346 = LINE ( 'NONE', #793, #2472 ) ;
#2347 = LINE ( 'NONE', #4904, #2452 ) ;
#2348 = ORIENTED_EDGE ( 'NONE', *, *, #5550, .F. ) ;
#2349 = EDGE_CURVE ( 'NONE', #4270, #3142, #5372, .T. ) ;
#2350 = EDGE_LOOP ( 'NONE', ( #2986, #2966, #5004, #1806 ) ) ;
#2351 = CARTESIAN_POINT ( 'NONE',  ( 6.325000000000001066, 9.900000000000000355, -0.9549999999999965183 ) ) ;
#2352 = VECTOR ( 'NONE', #100, 1000.000000000000000 ) ;
#2353 = CARTESIAN_POINT ( 'NONE',  ( 3.319999999999998952, -1.081363123647112731E-15, -1.584999999999999964 ) ) ;
#2354 = LINE ( 'NONE', #4595, #447 ) ;
#2355 = CARTESIAN_POINT ( 'NONE',  ( -2.738181818181818272, -2.754545454545446415, 0.5768181818181806753 ) ) ;
#2357 = VERTEX_POINT ( 'NONE', #4536 ) ;
#2356 = EDGE_CURVE ( 'NONE', #3103, #2524, #5302, .T. ) ;
#2358 = CARTESIAN_POINT ( 'NONE',  ( 4.924999999999997158, 9.900000000000000355, -1.584999999999999964 ) ) ;
#2359 = EDGE_LOOP ( 'NONE', ( #1621, #5101, #3148, #3136 ) ) ;
#2360 = AXIS2_PLACEMENT_3D ( 'NONE', #3286, #2043, #5567 ) ;
#2361 = FACE_OUTER_BOUND ( 'NONE', #1018, .T. ) ;
#2362 = DIRECTION ( 'NONE',  ( 0.000000000000000000, 3.388131789017201849E-16, -1.000000000000000000 ) ) ;
#2363 = DIRECTION ( 'NONE',  ( 1.000000000000000000, 0.000000000000000000, 0.000000000000000000 ) ) ;
#2364 = VECTOR ( 'NONE', #2143, 1000.000000000000000 ) ;
#2365 = CARTESIAN_POINT ( 'NONE',  ( 0.000000000000000000, 9.900000000000000355, 0.000000000000000000 ) ) ;
#2366 = VERTEX_POINT ( 'NONE', #4995 ) ;
#2367 = VECTOR ( 'NONE', #3679, 1000.000000000000000 ) ;
#2368 = PLANE ( 'NONE',  #2878 ) ;
#2369 = EDGE_LOOP ( 'NONE', ( #3556, #997, #965, #2962 ) ) ;
#2370 = VECTOR ( 'NONE', #3916, 1000.000000000000000 ) ;
#2371 = ADVANCED_FACE ( 'NONE', ( #3312 ), #1841, .F. ) ;
#2372 = DIRECTION ( 'NONE',  ( -0.7071067811865426878, -0.000000000000000000, 0.7071067811865522357 ) ) ;
#2373 = LINE ( 'NONE', #3457, #2319 ) ;
#2374 = LINE ( 'NONE', #615, #435 ) ;
#2375 = VECTOR ( 'NONE', #3554, 1000.000000000000000 ) ;
#2376 = EDGE_CURVE ( 'NONE', #1560, #2753, #589, .T. ) ;
#2377 = VERTEX_POINT ( 'NONE', #1008 ) ;
#2378 = CARTESIAN_POINT ( 'NONE',  ( -0.3200000000000008393, 6.899999999999995026, -0.005000000000001097317 ) ) ;
#2379 = ORIENTED_EDGE ( 'NONE', *, *, #1484, .F. ) ;
#2380 = CARTESIAN_POINT ( 'NONE',  ( -3.320000000000000728, 1.350000000000000089, -1.585000000000000409 ) ) ;
#2381 = CARTESIAN_POINT ( 'NONE',  ( -3.120000000000000551, 7.500000000000001776, 0.1949999999999994238 ) ) ;
#2382 = DIRECTION ( 'NONE',  ( 0.000000000000000000, 1.000000000000000000, 1.618212197739558882E-16 ) ) ;
#2383 = DIRECTION ( 'NONE',  ( -0.000000000000000000, -1.000000000000000000, -0.000000000000000000 ) ) ;
#2384 = VECTOR ( 'NONE', #3730, 1000.000000000000000 ) ;
#2385 = CARTESIAN_POINT ( 'NONE',  ( -4.924999999999998934, 8.499999999999996447, -0.9550000000000011813 ) ) ;
#2386 = LINE ( 'NONE', #4615, #4413 ) ;
#2387 = VECTOR ( 'NONE', #5352, 1000.000000000000000 ) ;
#2388 = STYLED_ITEM ( 'NONE', ( #2491 ), #3500 ) ;
#2389 = VERTEX_POINT ( 'NONE', #2427 ) ;
#2390 = VECTOR ( 'NONE', #2298, 1000.000000000000000 ) ;
#2391 = EDGE_CURVE ( 'NONE', #1700, #1318, #657, .T. ) ;
#2392 = ORIENTED_EDGE ( 'NONE', *, *, #3726, .F. ) ;
#2393 = VECTOR ( 'NONE', #318, 1000.000000000000000 ) ;
#2394 = CARTESIAN_POINT ( 'NONE',  ( 3.757474226804124129, 0.3979381443298981025, 4.702525773195874059 ) ) ;
#2395 = CARTESIAN_POINT ( 'NONE',  ( 1.300000000000000044, 7.400000000000000355, -2.085000000000000853 ) ) ;
#2396 = VECTOR ( 'NONE', #849, 1000.000000000000000 ) ;
#2397 = EDGE_CURVE ( 'NONE', #497, #2958, #735, .T. ) ;
#2398 = DIRECTION ( 'NONE',  ( 0.000000000000000000, -1.000000000000000000, -1.618212197739558882E-16 ) ) ;
#2399 = FACE_OUTER_BOUND ( 'NONE', #3120, .T. ) ;
#2400 = CARTESIAN_POINT ( 'NONE',  ( -5.389999999999999680, 1.699999999999998623, -1.584999999999999964 ) ) ;
#2401 = VERTEX_POINT ( 'NONE', #2874 ) ;
#2402 = VECTOR ( 'NONE', #4706, 1000.000000000000000 ) ;
#2403 = EDGE_CURVE ( 'NONE', #3927, #3475, #2526, .T. ) ;
#2404 = ORIENTED_EDGE ( 'NONE', *, *, #4360, .T. ) ;
#2405 = VECTOR ( 'NONE', #1483, 1000.000000000000114 ) ;
#2406 = CARTESIAN_POINT ( 'NONE',  ( -2.680000000000001048, -7.265096679918780609, -0.005000000000003001176 ) ) ;
#2407 = DIRECTION ( 'NONE',  ( 1.000000000000000000, 0.000000000000000000, -0.000000000000000000 ) ) ;
#2408 = VECTOR ( 'NONE', #3440, 1000.000000000000227 ) ;
#2409 = EDGE_CURVE ( 'NONE', #2054, #4461, #618, .T. ) ;
#2410 = DIRECTION ( 'NONE',  ( -0.000000000000000000, 1.000000000000000000, -0.000000000000000000 ) ) ;
#2411 = ORIENTED_EDGE ( 'NONE', *, *, #4791, .T. ) ;
#2412 = CARTESIAN_POINT ( 'NONE',  ( -3.619999999999993001, 9.900000000000000355, 1.584999999999998854 ) ) ;
#2413 = AXIS2_PLACEMENT_3D ( 'NONE', #674, #2898, #1966 ) ;
#2414 = LINE ( 'NONE', #1569, #4378 ) ;
#2415 = ORIENTED_EDGE ( 'NONE', *, *, #2209, .T. ) ;
#2416 = EDGE_CURVE ( 'NONE', #274, #3277, #2565, .T. ) ;
#2417 = CARTESIAN_POINT ( 'NONE',  ( 4.924999999999998934, 9.900000000000000355, 2.274999999999999023 ) ) ;
#2418 = VECTOR ( 'NONE', #2167, 1000.000000000000000 ) ;
#2419 = VECTOR ( 'NONE', #3790, 1000.000000000000000 ) ;
#2420 = VECTOR ( 'NONE', #5585, 1000.000000000000000 ) ;
#2421 = EDGE_LOOP ( 'NONE', ( #5703, #4991, #1092, #4928 ) ) ;
#2422 = DIRECTION ( 'NONE',  ( 1.000000000000000000, -0.000000000000000000, -4.494102269369967741E-16 ) ) ;
#2423 = AXIS2_PLACEMENT_3D ( 'NONE', #1350, #2125, #1718 ) ;
#2424 = EDGE_LOOP ( 'NONE', ( #883, #1373, #3347, #1520 ) ) ;
#2425 = CARTESIAN_POINT ( 'NONE',  ( -0.3200000000000008393, 1.269999999999999796, 1.190000000000007052 ) ) ;
#2426 = DIRECTION ( 'NONE',  ( -0.7071067811865483499, 0.7071067811865466846, 3.177810190017360389E-16 ) ) ;
#2427 = CARTESIAN_POINT ( 'NONE',  ( -3.320000000000000728, 0.6699999999999997069, -0.9549999999999936318 ) ) ;
#2428 = DIRECTION ( 'NONE',  ( -0.000000000000000000, -1.000000000000000000, -0.000000000000000000 ) ) ;
#2429 = DIRECTION ( 'NONE',  ( 0.000000000000000000, 1.801998070613027504E-16, -1.000000000000000000 ) ) ;
#2430 = FACE_OUTER_BOUND ( 'NONE', #687, .T. ) ;
#2431 = LINE ( 'NONE', #3628, #4227 ) ;
#2432 = DIRECTION ( 'NONE',  ( -0.000000000000000000, 0.000000000000000000, 1.000000000000000000 ) ) ;
#2433 = VERTEX_POINT ( 'NONE', #5197 ) ;
#2434 = DIRECTION ( 'NONE',  ( 1.000000000000000000, 0.000000000000000000, 0.000000000000000000 ) ) ;
#2435 = LINE ( 'NONE', #2979, #2445 ) ;
#2436 = ORIENTED_EDGE ( 'NONE', *, *, #2640, .T. ) ;
#2437 = DIRECTION ( 'NONE',  ( 0.000000000000000000, 1.000000000000000000, -3.614007241618347785E-16 ) ) ;
#2438 = EDGE_CURVE ( 'NONE', #5258, #4813, #630, .T. ) ;
#2439 = DIRECTION ( 'NONE',  ( 0.000000000000000000, 0.000000000000000000, -1.000000000000000000 ) ) ;
#2440 = CARTESIAN_POINT ( 'NONE',  ( 3.163636363636359139, 8.350909090909087951, 0.4786363636363589746 ) ) ;
#2441 = LINE ( 'NONE', #300, #4381 ) ;
#2442 = LINE ( 'NONE', #3941, #4217 ) ;
#2443 = ORIENTED_EDGE ( 'NONE', *, *, #3, .F. ) ;
#2444 = AXIS2_PLACEMENT_3D ( 'NONE', #1133, #1956, #3454 ) ;
#2445 = VECTOR ( 'NONE', #646, 1000.000000000000000 ) ;
#2446 = LINE ( 'NONE', #788, #2336 ) ;
#2447 = ORIENTED_EDGE ( 'NONE', *, *, #744, .T. ) ;
#2448 = LINE ( 'NONE', #5686, #4400 ) ;
#2449 = SURFACE_STYLE_FILL_AREA ( #718 ) ;
#2450 = CARTESIAN_POINT ( 'NONE',  ( 6.325000000000000178, 1.850000000000000089, 1.774999999999998357 ) ) ;
#2451 = VECTOR ( 'NONE', #3872, 1000.000000000000000 ) ;
#2452 = VECTOR ( 'NONE', #1823, 1000.000000000000000 ) ;
#2453 = EDGE_LOOP ( 'NONE', ( #3843, #1418, #148, #5086 ) ) ;
#2454 = CARTESIAN_POINT ( 'NONE',  ( 4.924999999999998934, 9.900000000000000355, 2.274999999999999023 ) ) ;
#2455 = DIRECTION ( 'NONE',  ( 0.000000000000000000, 0.000000000000000000, -1.000000000000000000 ) ) ;
#2456 = LINE ( 'NONE', #3407, #525 ) ;
#2457 = EDGE_LOOP ( 'NONE', ( #828, #1635, #2909, #730 ) ) ;
#2458 = EDGE_CURVE ( 'NONE', #1989, #5677, #4636, .T. ) ;
#2459 = EDGE_CURVE ( 'NONE', #1162, #4742, #2554, .T. ) ;
#2460 = DIRECTION ( 'NONE',  ( 1.233548213626064722E-31, 1.000000000000000000, 2.744815626545581052E-16 ) ) ;
#2461 = ORIENTED_EDGE ( 'NONE', *, *, #5765, .F. ) ;
#2462 = DIRECTION ( 'NONE',  ( -1.000000000000000000, 0.000000000000000000, 0.000000000000000000 ) ) ;
#2463 = LINE ( 'NONE', #531, #351 ) ;
#2464 = LINE ( 'NONE', #1816, #4306 ) ;
#2465 = PLANE ( 'NONE',  #4214 ) ;
#2466 = VERTEX_POINT ( 'NONE', #5487 ) ;
#2467 = CARTESIAN_POINT ( 'NONE',  ( -1.730000000000000870, 3.300000000000000711, -0.9550000000000011813 ) ) ;
#2468 = DIRECTION ( 'NONE',  ( 0.000000000000000000, 0.000000000000000000, -1.000000000000000000 ) ) ;
#2469 = LINE ( 'NONE', #5205, #4428 ) ;
#2470 = EDGE_CURVE ( 'NONE', #856, #192, #2850, .T. ) ;
#2471 = CARTESIAN_POINT ( 'NONE',  ( -6.325000000000002842, 0.6699999999999997069, 1.585000000000007736 ) ) ;
#2472 = VECTOR ( 'NONE', #5272, 1000.000000000000000 ) ;
#2473 = EDGE_LOOP ( 'NONE', ( #817, #4631, #975, #2735 ) ) ;
#2474 = PLANE ( 'NONE',  #4957 ) ;
#2475 = VECTOR ( 'NONE', #932, 1000.000000000000000 ) ;
#2476 = LINE ( 'NONE', #2716, #834 ) ;
#2477 = ORIENTED_EDGE ( 'NONE', *, *, #4930, .T. ) ;
#2478 = EDGE_CURVE ( 'NONE', #2926, #826, #2817, .T. ) ;
#2479 = ADVANCED_FACE ( 'NONE', ( #2916 ), #4263, .F. ) ;
#2480 = DIRECTION ( 'NONE',  ( 1.707404996040164265E-16, 0.000000000000000000, 1.000000000000000000 ) ) ;
#2481 = CARTESIAN_POINT ( 'NONE',  ( 6.324999999999999289, 1.269999999999999796, 1.190000000000001945 ) ) ;
#2482 = CARTESIAN_POINT ( 'NONE',  ( 1.729999999999998872, 9.900000000000000355, 1.584999999999999076 ) ) ;
#2483 = CARTESIAN_POINT ( 'NONE',  ( 6.024999999999999467, -1.449999999999999956, 2.784999999999999254 ) ) ;
#2484 = LINE ( 'NONE', #2814, #2364 ) ;
#2485 = EDGE_CURVE ( 'NONE', #2338, #2696, #4811, .T. ) ;
#2486 = ORIENTED_EDGE ( 'NONE', *, *, #4440, .F. ) ;
#2487 = VECTOR ( 'NONE', #2845, 1000.000000000000000 ) ;
#2488 = VERTEX_POINT ( 'NONE', #2923 ) ;
#2489 = CARTESIAN_POINT ( 'NONE',  ( 3.319999999999998952, 0.000000000000000000, 2.024999999999999023 ) ) ;
#2490 = FACE_OUTER_BOUND ( 'NONE', #2453, .T. ) ;
#2491 = PRESENTATION_STYLE_ASSIGNMENT (( #90 ) ) ;
#2492 = EDGE_LOOP ( 'NONE', ( #1068, #4416, #678, #1435 ) ) ;
#2493 = CARTESIAN_POINT ( 'NONE',  ( -2.680000000000001048, 3.300000000000000711, 0.6349999999999988987 ) ) ;
#2494 = ORIENTED_EDGE ( 'NONE', *, *, #4500, .F. ) ;
#2495 = EDGE_CURVE ( 'NONE', #1783, #723, #4962, .T. ) ;
#2496 = CARTESIAN_POINT ( 'NONE',  ( 6.325000000000001954, 0.6699999999999997069, -0.9549999999999979616 ) ) ;
#2497 = VECTOR ( 'NONE', #4507, 1000.000000000000000 ) ;
#2498 = FACE_OUTER_BOUND ( 'NONE', #4532, .T. ) ;
#2499 = ORIENTED_EDGE ( 'NONE', *, *, #5706, .F. ) ;
#2500 = PLANE ( 'NONE',  #1697 ) ;
#2501 = FACE_OUTER_BOUND ( 'NONE', #3669, .T. ) ;
#2502 = AXIS2_PLACEMENT_3D ( 'NONE', #507, #3310, #3247 ) ;
#2503 = LINE ( 'NONE', #700, #2451 ) ;
#2504 = ORIENTED_EDGE ( 'NONE', *, *, #2573, .F. ) ;
#2505 = ORIENTED_EDGE ( 'NONE', *, *, #443, .T. ) ;
#2506 = FACE_OUTER_BOUND ( 'NONE', #3124, .T. ) ;
#2507 = CARTESIAN_POINT ( 'NONE',  ( -3.320000000000000728, -1.081363123647112731E-15, -1.584999999999999964 ) ) ;
#2508 = ORIENTED_EDGE ( 'NONE', *, *, #5522, .F. ) ;
#2509 = DIRECTION ( 'NONE',  ( 1.000000000000000000, 0.000000000000000000, 0.000000000000000000 ) ) ;
#2510 = PLANE ( 'NONE',  #4391 ) ;
#2511 = SHAPE_DEFINITION_REPRESENTATION ( #5498, #4646 ) ;
#2512 = ORIENTED_EDGE ( 'NONE', *, *, #518, .F. ) ;
#2513 = ORIENTED_EDGE ( 'NONE', *, *, #2859, .T. ) ;
#2514 = EDGE_CURVE ( 'NONE', #2816, #1025, #1022, .T. ) ;
#2515 = ADVANCED_FACE ( 'NONE', ( #4756 ), #1618, .T. ) ;
#2516 = SURFACE_SIDE_STYLE ('',( #248 ) ) ;
#2517 = VECTOR ( 'NONE', #5224, 1000.000000000000000 ) ;
#2518 = ORIENTED_EDGE ( 'NONE', *, *, #3523, .T. ) ;
#2519 = DIRECTION ( 'NONE',  ( 0.000000000000000000, -2.744815626545581052E-16, -1.000000000000000000 ) ) ;
#2520 = DIRECTION ( 'NONE',  ( 0.000000000000000000, 3.388131789017201849E-16, -1.000000000000000000 ) ) ;
#2521 = DIRECTION ( 'NONE',  ( -0.000000000000000000, -0.000000000000000000, 1.000000000000000000 ) ) ;
#2522 = CARTESIAN_POINT ( 'NONE',  ( 2.919545454545453556, 7.618636363636364095, 0.3954545454545445593 ) ) ;
#2523 = VECTOR ( 'NONE', #3867, 1000.000000000000000 ) ;
#2524 = VERTEX_POINT ( 'NONE', #5237 ) ;
#2525 = ORIENTED_EDGE ( 'NONE', *, *, #2161, .F. ) ;
#2526 = LINE ( 'NONE', #5104, #4616 ) ;
#2527 = VECTOR ( 'NONE', #4291, 1000.000000000000000 ) ;
#2528 = CARTESIAN_POINT ( 'NONE',  ( -6.325000000000002842, 0.6699999999999997069, 1.585000000000007736 ) ) ;
#2529 = PLANE ( 'NONE',  #3395 ) ;
#2530 = ORIENTED_EDGE ( 'NONE', *, *, #578, .F. ) ;
#2531 = CARTESIAN_POINT ( 'NONE',  ( 5.389999999999999680, 0.6699999999999998179, -0.5599999999999923928 ) ) ;
#2532 = ADVANCED_FACE ( 'NONE', ( #2890 ), #3031, .F. ) ;
#2533 = LINE ( 'NONE', #3935, #2574 ) ;
#2534 = VERTEX_POINT ( 'NONE', #1108 ) ;
#2535 = DIRECTION ( 'NONE',  ( 0.000000000000000000, 1.000000000000000000, 1.807003620809173892E-16 ) ) ;
#2536 = ORIENTED_EDGE ( 'NONE', *, *, #4500, .T. ) ;
#2537 = EDGE_CURVE ( 'NONE', #3510, #3321, #4952, .T. ) ;
#2538 = VECTOR ( 'NONE', #5519, 1000.000000000000114 ) ;
#2539 = EDGE_CURVE ( 'NONE', #2032, #1196, #4688, .T. ) ;
#2540 = DIRECTION ( 'NONE',  ( 1.233548213626064722E-31, 1.000000000000000000, 2.744815626545581052E-16 ) ) ;
#2541 = ORIENTED_EDGE ( 'NONE', *, *, #5522, .T. ) ;
#2542 = VECTOR ( 'NONE', #827, 1000.000000000000000 ) ;
#2543 = ORIENTED_EDGE ( 'NONE', *, *, #451, .F. ) ;
#2544 = CARTESIAN_POINT ( 'NONE',  ( 1.250000000000001110, 8.300000000000000711, 2.274999999999999467 ) ) ;
#2545 = VECTOR ( 'NONE', #2924, 1000.000000000000000 ) ;
#2546 = EDGE_CURVE ( 'NONE', #5250, #733, #2754, .T. ) ;
#2547 = VERTEX_POINT ( 'NONE', #2412 ) ;
#2548 = CARTESIAN_POINT ( 'NONE',  ( -6.325000000000002842, 1.269999999999999796, 1.190000000000007718 ) ) ;
#2549 = PLANE ( 'NONE',  #324 ) ;
#2550 = DIRECTION ( 'NONE',  ( 1.000000000000000000, -0.000000000000000000, -4.494102269369967741E-16 ) ) ;
#2551 = VERTEX_POINT ( 'NONE', #3003 ) ;
#2552 = EDGE_CURVE ( 'NONE', #4924, #3638, #2860, .T. ) ;
#2553 = ORIENTED_EDGE ( 'NONE', *, *, #2307, .F. ) ;
#2554 = LINE ( 'NONE', #4305, #569 ) ;
#2555 = VERTEX_POINT ( 'NONE', #4851 ) ;
#2556 = EDGE_CURVE ( 'NONE', #3197, #2853, #2789, .T. ) ;
#2557 = CARTESIAN_POINT ( 'NONE',  ( 3.319999999999998952, -2.579999999999992966, -0.005000000000002157233 ) ) ;
#2558 =( NAMED_UNIT ( * ) PLANE_ANGLE_UNIT ( ) SI_UNIT ( $, .RADIAN. ) );
#2559 = PLANE ( 'NONE',  #106 ) ;
#2560 = DIRECTION ( 'NONE',  ( -0.000000000000000000, -1.000000000000000000, -0.000000000000000000 ) ) ;
#2561 = VECTOR ( 'NONE', #2797, 1000.000000000000000 ) ;
#2562 = VERTEX_POINT ( 'NONE', #5730 ) ;
#2563 = AXIS2_PLACEMENT_3D ( 'NONE', #5754, #4790, #301 ) ;
#2564 = ORIENTED_EDGE ( 'NONE', *, *, #4896, .F. ) ;
#2565 = LINE ( 'NONE', #4718, #541 ) ;
#2566 = ADVANCED_FACE ( 'NONE', ( #861 ), #1556, .F. ) ;
#2567 = CARTESIAN_POINT ( 'NONE',  ( -6.325000000000003730, 1.269999999999999796, -0.5599999999999922817 ) ) ;
#2568 = LINE ( 'NONE', #4969, #640 ) ;
#2569 = CARTESIAN_POINT ( 'NONE',  ( 5.390000000000000568, 1.269999999999999796, 1.190000000000007718 ) ) ;
#2570 = EDGE_LOOP ( 'NONE', ( #5016, #3044, #4754, #3154 ) ) ;
#2571 = CARTESIAN_POINT ( 'NONE',  ( -0.3200000000000008948, 1.350000000000000089, -1.585000000000000409 ) ) ;
#2572 = AXIS2_PLACEMENT_3D ( 'NONE', #3530, #3948, #4437 ) ;
#2573 = EDGE_CURVE ( 'NONE', #2000, #1094, #1054, .T. ) ;
#2574 = VECTOR ( 'NONE', #2550, 1000.000000000000000 ) ;
#2575 = DIRECTION ( 'NONE',  ( -0.8869140841669809205, 0.000000000000000000, -0.4619344188369658433 ) ) ;
#2576 = CARTESIAN_POINT ( 'NONE',  ( -5.389999999999999680, -1.320169249480846743E-15, -0.9549999999999927436 ) ) ;
#2577 = ORIENTED_EDGE ( 'NONE', *, *, #906, .T. ) ;
#2578 = DIRECTION ( 'NONE',  ( -1.000000000000000000, 0.000000000000000000, 4.494102269369967741E-16 ) ) ;
#2579 = CARTESIAN_POINT ( 'NONE',  ( 0.1377272727272711439, 7.446818181818184001, 0.1772727272727269987 ) ) ;
#2580 = VECTOR ( 'NONE', #5198, 1000.000000000000000 ) ;
#2581 = CARTESIAN_POINT ( 'NONE',  ( -0.3200000000000008948, 1.349999999999999423, 2.024999999999999023 ) ) ;
#2582 = ORIENTED_EDGE ( 'NONE', *, *, #1057, .F. ) ;
#2583 = ADVANCED_FACE ( 'NONE', ( #3223 ), #5643, .F. ) ;
#2584 = COLOUR_RGB ( '',0.7921568627450980005, 0.8196078431372548767, 0.9333333333333333481 ) ;
#2585 = LINE ( 'NONE', #1571, #2624 ) ;
#2586 = ORIENTED_EDGE ( 'NONE', *, *, #4502, .T. ) ;
#2587 = ORIENTED_EDGE ( 'NONE', *, *, #4376, .F. ) ;
#2588 = DIRECTION ( 'NONE',  ( -1.000000000000000000, 0.000000000000000000, 1.280553747030123075E-16 ) ) ;
#2589 = AXIS2_PLACEMENT_3D ( 'NONE', #3506, #3468, #4411 ) ;
#2590 = LINE ( 'NONE', #4384, #2681 ) ;
#2591 = DIRECTION ( 'NONE',  ( 0.000000000000000000, -0.000000000000000000, 1.000000000000000000 ) ) ;
#2592 = ORIENTED_EDGE ( 'NONE', *, *, #1987, .F. ) ;
#2593 = CARTESIAN_POINT ( 'NONE',  ( 4.269999999999999574, 3.300000000000000711, -0.9550000000000011813 ) ) ;
#2594 = CARTESIAN_POINT ( 'NONE',  ( 6.000000000000000000, -3.180000000000000160, 0.000000000000000000 ) ) ;
#2595 = AXIS2_PLACEMENT_3D ( 'NONE', #1440, #461, #941 ) ;
#2596 = VECTOR ( 'NONE', #3368, 1000.000000000000000 ) ;
#2597 = ORIENTED_EDGE ( 'NONE', *, *, #1492, .T. ) ;
#2598 = VECTOR ( 'NONE', #1639, 1000.000000000000000 ) ;
#2599 = VECTOR ( 'NONE', #5618, 1000.000000000000000 ) ;
#2600 = VERTEX_POINT ( 'NONE', #2454 ) ;
#2601 = DIRECTION ( 'NONE',  ( 1.000000000000000000, -0.000000000000000000, -4.494102269369967741E-16 ) ) ;
#2602 = CARTESIAN_POINT ( 'NONE',  ( -6.325000000000001066, 0.000000000000000000, -1.584999999999999964 ) ) ;
#2603 = CARTESIAN_POINT ( 'NONE',  ( 3.319999999999998952, -7.265096679918780609, 0.6349999999999970113 ) ) ;
#2604 = LINE ( 'NONE', #3267, #4663 ) ;
#2605 = ORIENTED_EDGE ( 'NONE', *, *, #1940, .F. ) ;
#2606 = VECTOR ( 'NONE', #1957, 1000.000000000000000 ) ;
#2607 = DIRECTION ( 'NONE',  ( 1.000000000000000000, -0.000000000000000000, -4.494102269369967741E-16 ) ) ;
#2608 = VECTOR ( 'NONE', #3837, 1000.000000000000000 ) ;
#2609 = CARTESIAN_POINT ( 'NONE',  ( 5.390000000000000568, 1.269999999999999796, 1.190000000000007718 ) ) ;
#2610 = DIRECTION ( 'NONE',  ( 0.000000000000000000, 1.000000000000000000, -3.614007241618347785E-16 ) ) ;
#2611 = EDGE_LOOP ( 'NONE', ( #4746, #2667, #5109, #4758, #4470, #4634, #3161, #2518, #1510, #3125, #521, #1173, #699, #2694, #4515, #1499, #2625, #4591 ) ) ;
#2612 = CARTESIAN_POINT ( 'NONE',  ( 0.000000000000000000, -3.180000000000000160, 0.000000000000000000 ) ) ;
#2613 = VECTOR ( 'NONE', #276, 1000.000000000000000 ) ;
#2614 = EDGE_CURVE ( 'NONE', #535, #3927, #1065, .T. ) ;
#2615 = FACE_OUTER_BOUND ( 'NONE', #1694, .T. ) ;
#2616 = DIRECTION ( 'NONE',  ( 0.000000000000000000, -2.744815626545581052E-16, 1.000000000000000000 ) ) ;
#2617 = VERTEX_POINT ( 'NONE', #4690 ) ;
#2618 = ADVANCED_FACE ( 'NONE', ( #1207 ), #594, .F. ) ;
#2619 = LINE ( 'NONE', #1726, #4597 ) ;
#2620 = DIRECTION ( 'NONE',  ( 1.000000000000000000, 0.000000000000000000, -0.000000000000000000 ) ) ;
#2621 = ORIENTED_EDGE ( 'NONE', *, *, #2391, .F. ) ;
#2622 = EDGE_CURVE ( 'NONE', #1488, #2064, #5050, .T. ) ;
#2623 = EDGE_CURVE ( 'NONE', #4435, #1125, #1078, .T. ) ;
#2624 = VECTOR ( 'NONE', #1206, 1000.000000000000000 ) ;
#2625 = ORIENTED_EDGE ( 'NONE', *, *, #2122, .T. ) ;
#2626 = ORIENTED_EDGE ( 'NONE', *, *, #1968, .F. ) ;
#2627 = LINE ( 'NONE', #2218, #4456 ) ;
#2628 = VECTOR ( 'NONE', #3850, 1000.000000000000114 ) ;
#2629 = CARTESIAN_POINT ( 'NONE',  ( -1.270000000000001128, 3.300000000000000711, -0.9550000000000008482 ) ) ;
#2630 = ORIENTED_EDGE ( 'NONE', *, *, #5007, .F. ) ;
#2631 = ADVANCED_FACE ( 'NONE', ( #5369 ), #2788, .F. ) ;
#2632 = EDGE_CURVE ( 'NONE', #4138, #899, #3268, .T. ) ;
#2633 = DIRECTION ( 'NONE',  ( -1.000000000000000000, 0.000000000000000000, -0.000000000000000000 ) ) ;
#2634 = DIRECTION ( 'NONE',  ( 1.000000000000000000, -0.000000000000000000, -0.000000000000000000 ) ) ;
#2635 = DIRECTION ( 'NONE',  ( 1.000000000000000000, 0.000000000000000000, -0.000000000000000000 ) ) ;
#2636 = DIRECTION ( 'NONE',  ( 1.000000000000000000, -0.000000000000000000, -0.000000000000000000 ) ) ;
#2637 = LINE ( 'NONE', #4785, #4340 ) ;
#2638 = ORIENTED_EDGE ( 'NONE', *, *, #3937, .T. ) ;
#2639 = VERTEX_POINT ( 'NONE', #1670 ) ;
#2640 = EDGE_CURVE ( 'NONE', #3962, #950, #1415, .T. ) ;
#2641 = FACE_OUTER_BOUND ( 'NONE', #1040, .T. ) ;
#2642 = VECTOR ( 'NONE', #2047, 1000.000000000000000 ) ;
#2643 = EDGE_LOOP ( 'NONE', ( #1339, #1274, #1242, #1221 ) ) ;
#2644 = MANIFOLD_SOLID_BREP ( 'LPattern2[1]', #1997 ) ;
#2645 = CARTESIAN_POINT ( 'NONE',  ( -3.320000000000000728, -2.579999999999992966, 0.6349999999999978995 ) ) ;
#2646 = CARTESIAN_POINT ( 'NONE',  ( -2.680000000000001048, -2.579999999999992966, 0.6349999999999978995 ) ) ;
#2647 = DIRECTION ( 'NONE',  ( 0.000000000000000000, 0.000000000000000000, 1.000000000000000000 ) ) ;
#2648 = DIRECTION ( 'NONE',  ( 1.000000000000000000, -0.000000000000000000, -0.000000000000000000 ) ) ;
#2649 = AXIS2_PLACEMENT_3D ( 'NONE', #5882, #2700, #851 ) ;
#2650 = LINE ( 'NONE', #2385, #698 ) ;
#2651 = VERTEX_POINT ( 'NONE', #1793 ) ;
#2652 = ORIENTED_EDGE ( 'NONE', *, *, #3612, .F. ) ;
#2653 = LINE ( 'NONE', #3203, #2689 ) ;
#2654 = CARTESIAN_POINT ( 'NONE',  ( -6.325000000000001066, 0.000000000000000000, -1.584999999999999964 ) ) ;
#2655 = EDGE_LOOP ( 'NONE', ( #4431, #465, #4775, #2443 ) ) ;
#2656 = CARTESIAN_POINT ( 'NONE',  ( -4.270000000000001350, 3.300000000000000711, -0.9550000000000008482 ) ) ;
#2657 = LINE ( 'NONE', #536, #2596 ) ;
#2658 = DIRECTION ( 'NONE',  ( 0.000000000000000000, 0.000000000000000000, 1.000000000000000000 ) ) ;
#2659 = DIRECTION ( 'NONE',  ( 4.494102269369967741E-16, 0.000000000000000000, 1.000000000000000000 ) ) ;
#2660 = VERTEX_POINT ( 'NONE', #3230 ) ;
#2661 = CARTESIAN_POINT ( 'NONE',  ( 5.674999999999999822, 0.000000000000000000, 1.884999999999999343 ) ) ;
#2662 = DIRECTION ( 'NONE',  ( 1.000000000000000000, 0.000000000000000000, -1.707404996040164265E-16 ) ) ;
#2663 = LINE ( 'NONE', #609, #2598 ) ;
#2664 = ORIENTED_EDGE ( 'NONE', *, *, #2397, .F. ) ;
#2665 = AXIS2_PLACEMENT_3D ( 'NONE', #3503, #3151, #1307 ) ;
#2666 = VECTOR ( 'NONE', #89, 1000.000000000000000 ) ;
#2667 = ORIENTED_EDGE ( 'NONE', *, *, #802, .F. ) ;
#2668 = EDGE_CURVE ( 'NONE', #666, #2727, #1723, .T. ) ;
#2669 = ORIENTED_EDGE ( 'NONE', *, *, #3845, .T. ) ;
#2670 = ADVANCED_FACE ( 'NONE', ( #1868 ), #2465, .T. ) ;
#2671 = LINE ( 'NONE', #2522, #2538 ) ;
#2672 = VERTEX_POINT ( 'NONE', #1452 ) ;
#2673 = CARTESIAN_POINT ( 'NONE',  ( 0.000000000000000000, 0.000000000000000000, 0.000000000000000000 ) ) ;
#2674 = CARTESIAN_POINT ( 'NONE',  ( 2.679999999999999272, 3.300000000000000711, 0.6349999999999988987 ) ) ;
#2675 = CARTESIAN_POINT ( 'NONE',  ( 0.3199999999999991740, 1.349999999999999423, 2.024999999999999023 ) ) ;
#2676 = FACE_OUTER_BOUND ( 'NONE', #4126, .T. ) ;
#2677 = ORIENTED_EDGE ( 'NONE', *, *, #913, .T. ) ;
#2678 = ORIENTED_EDGE ( 'NONE', *, *, #5146, .F. ) ;
#2679 = VECTOR ( 'NONE', #2521, 1000.000000000000000 ) ;
#2680 = EDGE_CURVE ( 'NONE', #2059, #3510, #5748, .T. ) ;
#2681 = VECTOR ( 'NONE', #2133, 1000.000000000000000 ) ;
#2682 = ORIENTED_EDGE ( 'NONE', *, *, #5257, .F. ) ;
#2683 = ADVANCED_FACE ( 'NONE', ( #5577 ), #2854, .T. ) ;
#2684 = DIRECTION ( 'NONE',  ( 0.000000000000000000, 1.000000000000000000, 1.807003620809173892E-16 ) ) ;
#2685 = CARTESIAN_POINT ( 'NONE',  ( 1.250000000000001110, 1.849999999999999201, 2.774999999999998135 ) ) ;
#2686 = CARTESIAN_POINT ( 'NONE',  ( -2.680000000000001048, 1.269999999999999796, 1.190000000000007052 ) ) ;
#2687 = EDGE_LOOP ( 'NONE', ( #5827, #1479, #3495, #213 ) ) ;
#2688 = ORIENTED_EDGE ( 'NONE', *, *, #4656, .F. ) ;
#2689 = VECTOR ( 'NONE', #2178, 1000.000000000000000 ) ;
#2690 = CARTESIAN_POINT ( 'NONE',  ( -6.325000000000003730, 0.6699999999999997069, -0.9549999999999922995 ) ) ;
#2691 = ORIENTED_EDGE ( 'NONE', *, *, #3964, .T. ) ;
#2692 = EDGE_CURVE ( 'NONE', #3517, #4265, #5588, .T. ) ;
#2693 = VECTOR ( 'NONE', #3337, 1000.000000000000000 ) ;
#2694 = ORIENTED_EDGE ( 'NONE', *, *, #223, .T. ) ;
#2695 = DIRECTION ( 'NONE',  ( -0.6401843996644802637, -0.7682212795973755171, 0.000000000000000000 ) ) ;
#2696 = VERTEX_POINT ( 'NONE', #5898 ) ;
#2697 = PLANE ( 'NONE',  #184 ) ;
#2698 = EDGE_LOOP ( 'NONE', ( #3961, #1719, #2259, #4109 ) ) ;
#2699 = EDGE_CURVE ( 'NONE', #3724, #4406, #3620, .T. ) ;
#2700 = DIRECTION ( 'NONE',  ( 0.000000000000000000, 0.3162277660168349991, 0.9486832980505148782 ) ) ;
#2701 = EDGE_LOOP ( 'NONE', ( #1103, #5026, #3677, #3048, #1132, #3685, #5023, #3209, #3218, #1942, #5127, #1157 ) ) ;
#2702 = DIRECTION ( 'NONE',  ( -1.000000000000000000, 0.000000000000000000, 0.000000000000000000 ) ) ;
#2703 = UNCERTAINTY_MEASURE_WITH_UNIT (LENGTH_MEASURE( 1.000000000000000082E-05 ), #3835, 'distance_accuracy_value', 'NONE');
#2704 = LINE ( 'NONE', #2183, #711 ) ;
#2705 = ORIENTED_EDGE ( 'NONE', *, *, #304, .F. ) ;
#2706 = ORIENTED_EDGE ( 'NONE', *, *, #1794, .T. ) ;
#2707 = LINE ( 'NONE', #188, #2828 ) ;
#2708 = LINE ( 'NONE', #1268, #2642 ) ;
#2709 = CARTESIAN_POINT ( 'NONE',  ( 0.3199999999999991740, 1.349999999999999423, 2.024999999999999023 ) ) ;
#2710 = CARTESIAN_POINT ( 'NONE',  ( 0.000000000000000000, -1.449999999999999956, 2.185000000000002718 ) ) ;
#2711 = ORIENTED_EDGE ( 'NONE', *, *, #4095, .T. ) ;
#2712 = ORIENTED_EDGE ( 'NONE', *, *, #2403, .F. ) ;
#2713 = CARTESIAN_POINT ( 'NONE',  ( -2.680000000000001048, -7.265096679918780609, -0.005000000000003001176 ) ) ;
#2714 = EDGE_CURVE ( 'NONE', #497, #4798, #3704, .T. ) ;
#2715 = CARTESIAN_POINT ( 'NONE',  ( 0.1199999999999985800, -3.180000000000000160, 0.4349999999999975553 ) ) ;
#2716 = CARTESIAN_POINT ( 'NONE',  ( 5.389999999999999680, 1.849999999999999201, 2.024999999999999023 ) ) ;
#2717 = FACE_OUTER_BOUND ( 'NONE', #2359, .T. ) ;
#2718 = VERTEX_POINT ( 'NONE', #1409 ) ;
#2719 = ORIENTED_EDGE ( 'NONE', *, *, #2251, .T. ) ;
#2720 = ADVANCED_FACE ( 'NONE', ( #1675 ), #3665, .F. ) ;
#2721 = VECTOR ( 'NONE', #352, 1000.000000000000000 ) ;
#2722 = FACE_OUTER_BOUND ( 'NONE', #1304, .T. ) ;
#2723 = ORIENTED_EDGE ( 'NONE', *, *, #3449, .T. ) ;
#2724 = AXIS2_PLACEMENT_3D ( 'NONE', #820, #1807, #3126 ) ;
#2725 = LINE ( 'NONE', #4948, #5560 ) ;
#2726 = AXIS2_PLACEMENT_3D ( 'NONE', #3567, #5844, #2341 ) ;
#2727 = VERTEX_POINT ( 'NONE', #3699 ) ;
#2728 = DIRECTION ( 'NONE',  ( 0.000000000000000000, 0.7071067811865477948, 0.7071067811865473507 ) ) ;
#2729 = DIRECTION ( 'NONE',  ( 0.000000000000000000, -0.000000000000000000, 1.000000000000000000 ) ) ;
#2730 = CARTESIAN_POINT ( 'NONE',  ( 0.3199999999999991185, 0.6699999999999997069, -0.9549999999999952971 ) ) ;
#2731 = CARTESIAN_POINT ( 'NONE',  ( -6.325000000000002842, 0.6699999999999998179, 1.190000000000007940 ) ) ;
#2732 = VERTEX_POINT ( 'NONE', #4149 ) ;
#2733 = ORIENTED_EDGE ( 'NONE', *, *, #4669, .F. ) ;
#2734 = FACE_OUTER_BOUND ( 'NONE', #1244, .T. ) ;
#2735 = ORIENTED_EDGE ( 'NONE', *, *, #5309, .T. ) ;
#2736 = CARTESIAN_POINT ( 'NONE',  ( -5.975000000000003197, -1.449999999999999956, 2.784999999999999254 ) ) ;
#2737 = ADVANCED_FACE ( 'NONE', ( #3631 ), #386, .T. ) ;
#2738 = ORIENTED_EDGE ( 'NONE', *, *, #3254, .T. ) ;
#2739 = DIRECTION ( 'NONE',  ( 4.494102269369967741E-16, 0.000000000000000000, 1.000000000000000000 ) ) ;
#2740 = VERTEX_POINT ( 'NONE', #3250 ) ;
#2741 = CARTESIAN_POINT ( 'NONE',  ( 1.729999999999998872, 3.300000000000000711, 1.584999999999999076 ) ) ;
#2742 = CLOSED_SHELL ( 'NONE', ( #2779, #4975, #5361, #1970, #1417, #1466, #2056, #3928, #905, #4937 ) ) ;
#2743 = CARTESIAN_POINT ( 'NONE',  ( -4.924999999999998934, 9.900000000000000355, 2.274999999999999023 ) ) ;
#2744 = LINE ( 'NONE', #1447, #2883 ) ;
#2745 = DIRECTION ( 'NONE',  ( 0.000000000000000000, -2.995465716473997569E-16, -1.000000000000000000 ) ) ;
#2746 = CARTESIAN_POINT ( 'NONE',  ( -6.325000000000002842, -3.252606517456513302E-16, 1.585000000000007958 ) ) ;
#2747 = ORIENTED_EDGE ( 'NONE', *, *, #1498, .T. ) ;
#2748 = AXIS2_PLACEMENT_3D ( 'NONE', #390, #1253, #2145 ) ;
#2749 = CARTESIAN_POINT ( 'NONE',  ( -6.325000000000002842, 1.269999999999999796, 1.190000000000007718 ) ) ;
#2750 = ORIENTED_EDGE ( 'NONE', *, *, #3254, .F. ) ;
#2751 = EDGE_CURVE ( 'NONE', #2401, #5838, #5660, .T. ) ;
#2752 = ORIENTED_EDGE ( 'NONE', *, *, #4194, .T. ) ;
#2753 = VERTEX_POINT ( 'NONE', #915 ) ;
#2754 = LINE ( 'NONE', #2044, #830 ) ;
#2755 = LINE ( 'NONE', #1623, #4768 ) ;
#2756 = ORIENTED_EDGE ( 'NONE', *, *, #5744, .T. ) ;
#2757 = CARTESIAN_POINT ( 'NONE',  ( -3.320000000000000728, 1.269999999999999796, 1.190000000000007718 ) ) ;
#2758 = CLOSED_SHELL ( 'NONE', ( #2169, #2276, #173, #1269, #3889, #5810, #4643, #953, #4856, #4504 ) ) ;
#2759 = CARTESIAN_POINT ( 'NONE',  ( -6.325000000000003730, 0.6699999999999998179, -0.5599999999999923928 ) ) ;
#2760 = AXIS2_PLACEMENT_3D ( 'NONE', #2471, #4121, #4614 ) ;
#2761 = EDGE_CURVE ( 'NONE', #1560, #1613, #1798, .T. ) ;
#2762 = CARTESIAN_POINT ( 'NONE',  ( -4.939999999999999503, 0.6699999999999998179, -0.5599999999999923928 ) ) ;
#2763 = EDGE_CURVE ( 'NONE', #1986, #5455, #3639, .T. ) ;
#2764 = DIRECTION ( 'NONE',  ( 0.000000000000000000, -2.995465716473997569E-16, -1.000000000000000000 ) ) ;
#2765 = ORIENTED_EDGE ( 'NONE', *, *, #5829, .F. ) ;
#2766 = ORIENTED_EDGE ( 'NONE', *, *, #355, .F. ) ;
#2767 = LINE ( 'NONE', #5287, #824 ) ;
#2768 = EDGE_LOOP ( 'NONE', ( #314, #4914, #2936, #4389 ) ) ;
#2769 = EDGE_CURVE ( 'NONE', #1234, #5501, #3686, .T. ) ;
#2770 = ORIENTED_EDGE ( 'NONE', *, *, #1561, .T. ) ;
#2771 = DIRECTION ( 'NONE',  ( 0.000000000000000000, -0.7682212795973755171, 0.6401843996644802637 ) ) ;
#2772 = CARTESIAN_POINT ( 'NONE',  ( -6.325000000000001066, 9.900000000000000355, -1.584999999999999964 ) ) ;
#2773 = CARTESIAN_POINT ( 'NONE',  ( -6.325000000000003730, -3.252606517456513302E-16, -0.9549999999999924105 ) ) ;
#2774 = DIRECTION ( 'NONE',  ( -0.6401843996644783763, -0.7682212795973770714, 2.877054163347382867E-16 ) ) ;
#2775 = EDGE_CURVE ( 'NONE', #4467, #4583, #1828, .T. ) ;
#2776 = ORIENTED_EDGE ( 'NONE', *, *, #2438, .T. ) ;
#2777 = EDGE_CURVE ( 'NONE', #4265, #3060, #3650, .T. ) ;
#2778 = VERTEX_POINT ( 'NONE', #1290 ) ;
#2779 = ADVANCED_FACE ( 'NONE', ( #5650 ), #3975, .F. ) ;
#2780 = LINE ( 'NONE', #5393, #2861 ) ;
#2781 = EDGE_LOOP ( 'NONE', ( #101, #1160, #5246, #5091 ) ) ;
#2782 = CARTESIAN_POINT ( 'NONE',  ( -6.325000000000003730, 0.6699999999999997069, -0.9549999999999922995 ) ) ;
#2783 = EDGE_CURVE ( 'NONE', #5455, #1215, #3741, .T. ) ;
#2784 = ORIENTED_EDGE ( 'NONE', *, *, #5416, .F. ) ;
#2785 = PLANE ( 'NONE',  #4085 ) ;
#2786 = CARTESIAN_POINT ( 'NONE',  ( 2.250000000000001332, 8.300000000000000711, 2.774999999999999467 ) ) ;
#2787 = VERTEX_POINT ( 'NONE', #1862 ) ;
#2788 = PLANE ( 'NONE',  #1055 ) ;
#2789 = LINE ( 'NONE', #2933, #4797 ) ;
#2790 = EDGE_CURVE ( 'NONE', #2255, #5235, #5673, .T. ) ;
#2791 = CARTESIAN_POINT ( 'NONE',  ( -6.325000000000002842, 0.6699999999999997069, 1.585000000000007736 ) ) ;
#2792 = VECTOR ( 'NONE', #2961, 1000.000000000000000 ) ;
#2793 = CARTESIAN_POINT ( 'NONE',  ( -2.680000000000001048, 0.6699999999999998179, 1.190000000000006164 ) ) ;
#2794 = DIRECTION ( 'NONE',  ( 0.000000000000000000, -1.000000000000000000, -1.618212197739558882E-16 ) ) ;
#2795 = ORIENTED_EDGE ( 'NONE', *, *, #1819, .F. ) ;
#2796 = ORIENTED_EDGE ( 'NONE', *, *, #5207, .T. ) ;
#2797 = DIRECTION ( 'NONE',  ( -0.000000000000000000, 1.000000000000000000, -0.000000000000000000 ) ) ;
#2798 = VERTEX_POINT ( 'NONE', #3589 ) ;
#2799 = LINE ( 'NONE', #4933, #705 ) ;
#2800 = EDGE_CURVE ( 'NONE', #733, #251, #3750, .T. ) ;
#2801 = CARTESIAN_POINT ( 'NONE',  ( 1.269999999999999130, 3.300000000000000711, 1.584999999999998632 ) ) ;
#2802 = DIRECTION ( 'NONE',  ( 7.272411110183514588E-32, -1.000000000000000000, -1.618212197739558882E-16 ) ) ;
#2803 = ORIENTED_EDGE ( 'NONE', *, *, #2777, .F. ) ;
#2804 = ORIENTED_EDGE ( 'NONE', *, *, #1919, .T. ) ;
#2805 = DIRECTION ( 'NONE',  ( 0.000000000000000000, -1.801998070613027504E-16, 1.000000000000000000 ) ) ;
#2806 = DIRECTION ( 'NONE',  ( 1.000000000000000000, -0.000000000000000000, 0.000000000000000000 ) ) ;
#2807 = AXIS2_PLACEMENT_3D ( 'NONE', #4210, #1983, #2468 ) ;
#2808 = EDGE_LOOP ( 'NONE', ( #855, #5162, #3547, #5008, #985, #1847, #3156, #4840, #719, #4716, #757, #1857, #837, #3534, #1541, #3055, #5057, #2952, #2804, #5587, #4709, #2955, #3849, #2894, #5597, #1106 ) ) ;
#2809 = LINE ( 'NONE', #2656, #909 ) ;
#2810 = ORIENTED_EDGE ( 'NONE', *, *, #3568, .F. ) ;
#2811 = ORIENTED_EDGE ( 'NONE', *, *, #4203, .F. ) ;
#2812 = DIRECTION ( 'NONE',  ( 0.000000000000000000, -0.000000000000000000, 1.000000000000000000 ) ) ;
#2813 = CARTESIAN_POINT ( 'NONE',  ( 4.939999999999999503, 0.6699999999999997069, 1.585000000000002851 ) ) ;
#2814 = CARTESIAN_POINT ( 'NONE',  ( -4.939999999999999503, 1.269999999999999796, 1.190000000000007718 ) ) ;
#2815 = DIRECTION ( 'NONE',  ( 0.000000000000000000, 0.000000000000000000, 1.000000000000000000 ) ) ;
#2816 = VERTEX_POINT ( 'NONE', #4977 ) ;
#2817 = LINE ( 'NONE', #2483, #882 ) ;
#2818 = FACE_OUTER_BOUND ( 'NONE', #5592, .T. ) ;
#2819 = EDGE_CURVE ( 'NONE', #5694, #2488, #5792, .T. ) ;
#2820 = ORIENTED_EDGE ( 'NONE', *, *, #2614, .T. ) ;
#2821 = CARTESIAN_POINT ( 'NONE',  ( 0.1199999999999985800, 7.500000000000001776, 0.1949999999999994238 ) ) ;
#2822 = ORIENTED_EDGE ( 'NONE', *, *, #582, .T. ) ;
#2823 = AXIS2_PLACEMENT_3D ( 'NONE', #1747, #4846, #2195 ) ;
#2824 = DIRECTION ( 'NONE',  ( -0.8869140841669809205, -0.000000000000000000, 0.4619344188369658433 ) ) ;
#2825 = ORIENTED_EDGE ( 'NONE', *, *, #5232, .T. ) ;
#2826 = VECTOR ( 'NONE', #1034, 1000.000000000000114 ) ;
#2827 = ADVANCED_FACE ( 'NONE', ( #5825 ), #3736, .F. ) ;
#2828 = VECTOR ( 'NONE', #3461, 1000.000000000000000 ) ;
#2829 = CARTESIAN_POINT ( 'NONE',  ( -0.3200000000000008393, 0.6699999999999997069, -0.9549999999999950751 ) ) ;
#2830 = ORIENTED_EDGE ( 'NONE', *, *, #18, .T. ) ;
#2831 = ORIENTED_EDGE ( 'NONE', *, *, #3964, .F. ) ;
#2832 = CARTESIAN_POINT ( 'NONE',  ( -6.325000000000001066, 0.000000000000000000, 1.884999999999999343 ) ) ;
#2833 = ORIENTED_EDGE ( 'NONE', *, *, #3533, .F. ) ;
#2834 = LINE ( 'NONE', #5006, #4653 ) ;
#2835 = EDGE_CURVE ( 'NONE', #4225, #3210, #1963, .T. ) ;
#2836 = DIRECTION ( 'NONE',  ( 0.000000000000000000, -2.744815626545581052E-16, 1.000000000000000000 ) ) ;
#2837 = CARTESIAN_POINT ( 'NONE',  ( 1.269999999999999130, 9.900000000000000355, 0.9349999999999940581 ) ) ;
#2838 = ORIENTED_EDGE ( 'NONE', *, *, #381, .F. ) ;
#2839 = EDGE_CURVE ( 'NONE', #546, #553, #13, .T. ) ;
#2840 = CARTESIAN_POINT ( 'NONE',  ( -0.3200000000000008393, 3.300000000000000711, -0.005000000000001097317 ) ) ;
#2841 = ADVANCED_FACE ( 'NONE', ( #3812 ), #68, .F. ) ;
#2842 = DIRECTION ( 'NONE',  ( -0.7071067811865513475, 0.000000000000000000, -0.7071067811865436870 ) ) ;
#2843 = ORIENTED_EDGE ( 'NONE', *, *, #673, .T. ) ;
#2844 = DIRECTION ( 'NONE',  ( 0.000000000000000000, -0.000000000000000000, 1.000000000000000000 ) ) ;
#2845 = DIRECTION ( 'NONE',  ( -1.000000000000000000, -0.000000000000000000, -0.000000000000000000 ) ) ;
#2846 = DIRECTION ( 'NONE',  ( 0.000000000000000000, 0.000000000000000000, -1.000000000000000000 ) ) ;
#2847 = PLANE ( 'NONE',  #2022 ) ;
#2848 = EDGE_CURVE ( 'NONE', #5375, #5105, #5872, .T. ) ;
#2849 = ORIENTED_EDGE ( 'NONE', *, *, #5010, .T. ) ;
#2850 = LINE ( 'NONE', #5079, #2901 ) ;
#2851 = LINE ( 'NONE', #3949, #4737 ) ;
#2852 = VERTEX_POINT ( 'NONE', #2450 ) ;
#2853 = VERTEX_POINT ( 'NONE', #5528 ) ;
#2854 = PLANE ( 'NONE',  #2934 ) ;
#2855 = CARTESIAN_POINT ( 'NONE',  ( 4.939999999999999503, 1.269999999999999796, 1.190000000000007718 ) ) ;
#2856 = PLANE ( 'NONE',  #3399 ) ;
#2857 = DIRECTION ( 'NONE',  ( 0.000000000000000000, 1.000000000000000000, 0.000000000000000000 ) ) ;
#2858 = ORIENTED_EDGE ( 'NONE', *, *, #1598, .T. ) ;
#2859 = EDGE_CURVE ( 'NONE', #5838, #2889, #5858, .T. ) ;
#2860 = LINE ( 'NONE', #3848, #4699 ) ;
#2861 = VECTOR ( 'NONE', #2290, 1000.000000000000000 ) ;
#2862 = VERTEX_POINT ( 'NONE', #5325 ) ;
#2863 = CARTESIAN_POINT ( 'NONE',  ( 4.269999999999999574, 3.300000000000000711, -0.9550000000000011813 ) ) ;
#2864 = ORIENTED_EDGE ( 'NONE', *, *, #4735, .F. ) ;
#2865 = EDGE_CURVE ( 'NONE', #1129, #330, #3894, .T. ) ;
#2866 = CARTESIAN_POINT ( 'NONE',  ( -2.880000000000001670, -3.180000000000000160, 0.000000000000000000 ) ) ;
#2867 = EDGE_LOOP ( 'NONE', ( #2192, #2536, #2296, #4201 ) ) ;
#2868 = DIRECTION ( 'NONE',  ( 1.000000000000000000, 0.000000000000000000, 0.000000000000000000 ) ) ;
#2869 = PRESENTATION_LAYER_ASSIGNMENT (  '', '', ( #1760 ) ) ;
#2870 = EDGE_LOOP ( 'NONE', ( #5824, #2974, #3020, #3014 ) ) ;
#2871 = LINE ( 'NONE', #4986, #2910 ) ;
#2872 = CARTESIAN_POINT ( 'NONE',  ( 4.924999999999998934, 9.900000000000000355, -0.9550000000000011813 ) ) ;
#2873 = DIRECTION ( 'NONE',  ( 0.6401843996644801527, -0.7682212795973756281, 2.877054163347390756E-16 ) ) ;
#2874 = CARTESIAN_POINT ( 'NONE',  ( -0.1200000000000003147, 7.500000000000001776, 0.4349999999999983324 ) ) ;
#2875 = VERTEX_POINT ( 'NONE', #3559 ) ;
#2876 = EDGE_LOOP ( 'NONE', ( #5766, #4888, #5790, #4931 ) ) ;
#2877 = CARTESIAN_POINT ( 'NONE',  ( 2.679999999999999272, -2.579999999999992966, 0.6349999999999970113 ) ) ;
#2878 = AXIS2_PLACEMENT_3D ( 'NONE', #2967, #3743, #3814 ) ;
#2879 = EDGE_CURVE ( 'NONE', #2338, #481, #5893, .T. ) ;
#2880 = VERTEX_POINT ( 'NONE', #2150 ) ;
#2881 = VERTEX_POINT ( 'NONE', #4875 ) ;
#2882 = ADVANCED_FACE ( 'NONE', ( #1944 ), #1782, .F. ) ;
#2883 = VECTOR ( 'NONE', #2764, 1000.000000000000000 ) ;
#2884 = CARTESIAN_POINT ( 'NONE',  ( 1.250000000000001110, 0.000000000000000000, 0.000000000000000000 ) ) ;
#2885 = VERTEX_POINT ( 'NONE', #5390 ) ;
#2886 = CARTESIAN_POINT ( 'NONE',  ( -3.120000000000000551, -3.180000000000000160, 0.4349999999999975553 ) ) ;
#2887 = DIRECTION ( 'NONE',  ( 0.000000000000000000, 0.000000000000000000, 1.000000000000000000 ) ) ;
#2888 = EDGE_CURVE ( 'NONE', #668, #2551, #5885, .T. ) ;
#2889 = VERTEX_POINT ( 'NONE', #396 ) ;
#2890 = FACE_OUTER_BOUND ( 'NONE', #3206, .T. ) ;
#2891 = ORIENTED_EDGE ( 'NONE', *, *, #1679, .T. ) ;
#2892 = FACE_OUTER_BOUND ( 'NONE', #3382, .T. ) ;
#2893 = AXIS2_PLACEMENT_3D ( 'NONE', #1086, #5745, #5310 ) ;
#2894 = ORIENTED_EDGE ( 'NONE', *, *, #5333, .T. ) ;
#2895 = CARTESIAN_POINT ( 'NONE',  ( 0.000000000000000000, 0.000000000000000000, 0.000000000000000000 ) ) ;
#2896 = DIRECTION ( 'NONE',  ( 0.000000000000000000, -2.995465716473997569E-16, -1.000000000000000000 ) ) ;
#2897 = DIRECTION ( 'NONE',  ( -1.000000000000000000, 0.000000000000000000, -0.000000000000000000 ) ) ;
#2898 = DIRECTION ( 'NONE',  ( 0.000000000000000000, 1.801998070613027504E-16, -1.000000000000000000 ) ) ;
#2899 = AXIS2_PLACEMENT_3D ( 'NONE', #2710, #4177, #902 ) ;
#2900 = ORIENTED_EDGE ( 'NONE', *, *, #3004, .T. ) ;
#2901 = VECTOR ( 'NONE', #2956, 1000.000000000000000 ) ;
#2902 = ORIENTED_EDGE ( 'NONE', *, *, #2239, .F. ) ;
#2903 = VECTOR ( 'NONE', #3423, 1000.000000000000000 ) ;
#2904 = DIRECTION ( 'NONE',  ( 0.000000000000000000, -2.744815626545581052E-16, 1.000000000000000000 ) ) ;
#2905 = VERTEX_POINT ( 'NONE', #2609 ) ;
#2906 = EDGE_CURVE ( 'NONE', #576, #2639, #3890, .T. ) ;
#2907 = PLANE ( 'NONE',  #1509 ) ;
#2908 = ORIENTED_EDGE ( 'NONE', *, *, #1960, .T. ) ;
#2909 = ORIENTED_EDGE ( 'NONE', *, *, #3128, .T. ) ;
#2910 = VECTOR ( 'NONE', #2372, 1000.000000000000114 ) ;
#2911 = CARTESIAN_POINT ( 'NONE',  ( 0.3199999999999991185, 7.500000000000001776, -0.005000000000001097317 ) ) ;
#2912 = DIRECTION ( 'NONE',  ( 1.000000000000000000, 0.000000000000000000, 0.000000000000000000 ) ) ;
#2913 = EDGE_LOOP ( 'NONE', ( #5344, #309, #1890, #180 ) ) ;
#2914 = DIRECTION ( 'NONE',  ( -1.233548213626064722E-31, 1.000000000000000000, -2.744815626545581052E-16 ) ) ;
#2915 = EDGE_LOOP ( 'NONE', ( #5510, #5533, #1112, #1066 ) ) ;
#2916 = FACE_OUTER_BOUND ( 'NONE', #2045, .T. ) ;
#2917 = ORIENTED_EDGE ( 'NONE', *, *, #1730, .F. ) ;
#2918 = VECTOR ( 'NONE', #1856, 1000.000000000000000 ) ;
#2919 = CARTESIAN_POINT ( 'NONE',  ( -5.389999999999999680, 0.6699999999999997069, 1.585000000000007514 ) ) ;
#2920 = CARTESIAN_POINT ( 'NONE',  ( 6.325000000000001066, -1.449999999999999956, 2.184999999999999609 ) ) ;
#2921 = DIRECTION ( 'NONE',  ( -0.000000000000000000, 1.000000000000000000, -0.000000000000000000 ) ) ;
#2922 = ORIENTED_EDGE ( 'NONE', *, *, #2680, .T. ) ;
#2923 = CARTESIAN_POINT ( 'NONE',  ( -3.320000000000000728, 6.899999999999995026, 0.6349999999999988987 ) ) ;
#2924 = DIRECTION ( 'NONE',  ( 1.000000000000000000, 0.000000000000000000, 0.000000000000000000 ) ) ;
#2925 = EDGE_CURVE ( 'NONE', #5076, #4195, #36, .T. ) ;
#2926 = VERTEX_POINT ( 'NONE', #1258 ) ;
#2927 = ORIENTED_EDGE ( 'NONE', *, *, #3307, .T. ) ;
#2928 = ADVANCED_FACE ( 'NONE', ( #5833 ), #3109, .F. ) ;
#2929 = VECTOR ( 'NONE', #3290, 1000.000000000000000 ) ;
#2930 = EDGE_LOOP ( 'NONE', ( #337, #2184, #2075, #1543 ) ) ;
#2931 = EDGE_CURVE ( 'NONE', #1215, #1986, #3911, .T. ) ;
#2932 = DIRECTION ( 'NONE',  ( -1.000000000000000000, 0.000000000000000000, 0.000000000000000000 ) ) ;
#2933 = CARTESIAN_POINT ( 'NONE',  ( 2.679999999999999272, 1.350000000000000089, -1.585000000000000409 ) ) ;
#2934 = AXIS2_PLACEMENT_3D ( 'NONE', #4471, #5862, #429 ) ;
#2935 = DIRECTION ( 'NONE',  ( 0.000000000000000000, -0.000000000000000000, -1.000000000000000000 ) ) ;
#2936 = ORIENTED_EDGE ( 'NONE', *, *, #4791, .F. ) ;
#2937 = DIRECTION ( 'NONE',  ( -1.000000000000000000, 0.000000000000000000, 0.000000000000000000 ) ) ;
#2938 = ORIENTED_EDGE ( 'NONE', *, *, #1052, .T. ) ;
#2939 = VERTEX_POINT ( 'NONE', #349 ) ;
#2940 = CARTESIAN_POINT ( 'NONE',  ( -6.325000000000003730, -3.252606517456513302E-16, -0.9549999999999924105 ) ) ;
#2941 = EDGE_LOOP ( 'NONE', ( #5403, #3618, #3355, #799 ) ) ;
#2942 = ORIENTED_EDGE ( 'NONE', *, *, #3779, .T. ) ;
#2943 = ORIENTED_EDGE ( 'NONE', *, *, #4108, .T. ) ;
#2944 = DIRECTION ( 'NONE',  ( 1.000000000000000000, -0.000000000000000000, -4.494102269369967741E-16 ) ) ;
#2945 = CARTESIAN_POINT ( 'NONE',  ( 4.269999999999999574, 3.300000000000000711, 1.584999999999998632 ) ) ;
#2946 = VERTEX_POINT ( 'NONE', #1301 ) ;
#2947 = DIRECTION ( 'NONE',  ( 0.000000000000000000, 0.000000000000000000, 1.000000000000000000 ) ) ;
#2948 = DIRECTION ( 'NONE',  ( -1.000000000000000000, 0.000000000000000000, -0.000000000000000000 ) ) ;
#2949 = DIRECTION ( 'NONE',  ( 1.000000000000000000, 0.000000000000000000, -0.000000000000000000 ) ) ;
#2950 = EDGE_LOOP ( 'NONE', ( #3043, #3868, #3064, #1060 ) ) ;
#2951 = EDGE_LOOP ( 'NONE', ( #964, #871, #47, #280 ) ) ;
#2952 = ORIENTED_EDGE ( 'NONE', *, *, #5842, .T. ) ;
#2953 = EDGE_CURVE ( 'NONE', #2555, #2672, #1954, .T. ) ;
#2954 = CARTESIAN_POINT ( 'NONE',  ( -6.325000000000003730, -3.252606517456513302E-16, -0.9549999999999924105 ) ) ;
#2955 = ORIENTED_EDGE ( 'NONE', *, *, #5303, .T. ) ;
#2956 = DIRECTION ( 'NONE',  ( -0.000000000000000000, -1.000000000000000000, -0.000000000000000000 ) ) ;
#2957 = AXIS2_PLACEMENT_3D ( 'NONE', #4548, #4089, #2633 ) ;
#2958 = VERTEX_POINT ( 'NONE', #1283 ) ;
#2959 = ORIENTED_EDGE ( 'NONE', *, *, #2848, .F. ) ;
#2960 = CARTESIAN_POINT ( 'NONE',  ( -6.325000000000002842, 0.6699999999999998179, 1.190000000000007940 ) ) ;
#2961 = DIRECTION ( 'NONE',  ( 0.000000000000000000, -2.995465716473997569E-16, -1.000000000000000000 ) ) ;
#2962 = ORIENTED_EDGE ( 'NONE', *, *, #4735, .T. ) ;
#2963 = EDGE_LOOP ( 'NONE', ( #2003, #2038, #1261, #1270, #4080, #5199, #5115, #5228, #4144, #5172, #5301, #5870 ) ) ;
#2964 = LINE ( 'NONE', #1199, #2984 ) ;
#2965 = CARTESIAN_POINT ( 'NONE',  ( 3.000000000000000000, -3.180000000000000160, 0.4349999999999975553 ) ) ;
#2966 = ORIENTED_EDGE ( 'NONE', *, *, #2478, .F. ) ;
#2967 = CARTESIAN_POINT ( 'NONE',  ( 4.924999999999998934, 9.900000000000000355, 1.044999999999998819 ) ) ;
#2968 = ORIENTED_EDGE ( 'NONE', *, *, #961, .F. ) ;
#2969 = ORIENTED_EDGE ( 'NONE', *, *, #304, .T. ) ;
#2970 = ADVANCED_FACE ( 'NONE', ( #3851 ), #3480, .F. ) ;
#2971 = EDGE_CURVE ( 'NONE', #1911, #2889, #3946, .T. ) ;
#2972 = ORIENTED_EDGE ( 'NONE', *, *, #1762, .F. ) ;
#2973 = DIRECTION ( 'NONE',  ( -0.000000000000000000, -1.000000000000000000, -0.000000000000000000 ) ) ;
#2974 = ORIENTED_EDGE ( 'NONE', *, *, #5645, .T. ) ;
#2975 = ORIENTED_EDGE ( 'NONE', *, *, #1361, .F. ) ;
#2976 = DIRECTION ( 'NONE',  ( 0.000000000000000000, -1.000000000000000000, -3.388131789017201849E-16 ) ) ;
#2977 = ORIENTED_EDGE ( 'NONE', *, *, #4422, .F. ) ;
#2978 = CARTESIAN_POINT ( 'NONE',  ( -2.680000000000001048, 0.000000000000000000, 2.024999999999999023 ) ) ;
#2979 = CARTESIAN_POINT ( 'NONE',  ( -5.389999999999997904, 1.849999999999999201, 2.024999999999999023 ) ) ;
#2980 = CARTESIAN_POINT ( 'NONE',  ( 5.390000000000000568, 0.6699999999999997069, 1.585000000000007736 ) ) ;
#2981 = EDGE_CURVE ( 'NONE', #2905, #3538, #25, .T. ) ;
#2982 = ORIENTED_EDGE ( 'NONE', *, *, #3915, .T. ) ;
#2983 = EDGE_CURVE ( 'NONE', #535, #3409, #1887, .T. ) ;
#2984 = VECTOR ( 'NONE', #2634, 1000.000000000000000 ) ;
#2985 = CARTESIAN_POINT ( 'NONE',  ( -0.3200000000000008393, 1.269999999999999796, -0.5599999999999949463 ) ) ;
#2986 = ORIENTED_EDGE ( 'NONE', *, *, #5072, .T. ) ;
#2987 = EDGE_CURVE ( 'NONE', #1613, #1111, #53, .T. ) ;
#2988 = EDGE_LOOP ( 'NONE', ( #1176, #4248, #3697, #5278 ) ) ;
#2989 = CARTESIAN_POINT ( 'NONE',  ( -6.325000000000002842, 0.6699999999999997069, 1.585000000000007736 ) ) ;
#2990 = CARTESIAN_POINT ( 'NONE',  ( 1.250000000000001110, 8.300000000000000711, 2.774999999999999467 ) ) ;
#2991 = CARTESIAN_POINT ( 'NONE',  ( 1.269999999999999130, 9.900000000000000355, -0.9550000000000011813 ) ) ;
#2992 = ORIENTED_EDGE ( 'NONE', *, *, #3641, .T. ) ;
#2993 = CARTESIAN_POINT ( 'NONE',  ( 1.300000000000000044, 7.400000000000000355, -2.085000000000000853 ) ) ;
#2994 = PLANE ( 'NONE',  #1219 ) ;
#2995 = CARTESIAN_POINT ( 'NONE',  ( -0.3200000000000008393, -7.265096679918780609, 0.6349999999999970113 ) ) ;
#2996 = EDGE_LOOP ( 'NONE', ( #4379, #4212, #2415, #2447 ) ) ;
#2997 = VERTEX_POINT ( 'NONE', #4760 ) ;
#2998 = CARTESIAN_POINT ( 'NONE',  ( -0.3200000000000008948, 1.350000000000000089, -1.585000000000000409 ) ) ;
#2999 = PLANE ( 'NONE',  #3100 ) ;
#3000 = ORIENTED_EDGE ( 'NONE', *, *, #5483, .F. ) ;
#3001 = ORIENTED_EDGE ( 'NONE', *, *, #5069, .T. ) ;
#3002 = DIRECTION ( 'NONE',  ( -0.000000000000000000, -1.000000000000000000, -0.000000000000000000 ) ) ;
#3003 = CARTESIAN_POINT ( 'NONE',  ( -1.250000000000001110, 8.300000000000000711, 2.774999999999999467 ) ) ;
#3004 = EDGE_CURVE ( 'NONE', #3288, #5178, #2052, .T. ) ;
#3005 = CARTESIAN_POINT ( 'NONE',  ( -6.325000000000003730, 1.269999999999999796, -0.5599999999999922817 ) ) ;
#3006 = ADVANCED_FACE ( 'NONE', ( #3920 ), #3801, .F. ) ;
#3007 = ORIENTED_EDGE ( 'NONE', *, *, #4692, .T. ) ;
#3008 = ORIENTED_EDGE ( 'NONE', *, *, #4218, .F. ) ;
#3009 = PLANE ( 'NONE',  #1564 ) ;
#3010 = EDGE_LOOP ( 'NONE', ( #4215, #1802, #348, #5558, #234, #5685, #296, #151, #5769, #1845, #5363, #258 ) ) ;
#3011 = AXIS2_PLACEMENT_3D ( 'NONE', #5610, #1495, #1932 ) ;
#3012 = ORIENTED_EDGE ( 'NONE', *, *, #4749, .T. ) ;
#3013 = CARTESIAN_POINT ( 'NONE',  ( -6.324999999999998401, 1.850000000000000089, 2.785000000000001030 ) ) ;
#3014 = ORIENTED_EDGE ( 'NONE', *, *, #5219, .F. ) ;
#3015 = PLANE ( 'NONE',  #1210 ) ;
#3016 = VECTOR ( 'NONE', #445, 1000.000000000000000 ) ;
#3017 = ADVANCED_FACE ( 'NONE', ( #1991 ), #4357, .T. ) ;
#3018 = PLANE ( 'NONE',  #4980 ) ;
#3019 = CARTESIAN_POINT ( 'NONE',  ( -2.680000000000001048, -1.318004915248537601E-16, 1.585000000000006182 ) ) ;
#3020 = ORIENTED_EDGE ( 'NONE', *, *, #3917, .T. ) ;
#3021 = DIRECTION ( 'NONE',  ( 0.000000000000000000, -0.000000000000000000, 1.000000000000000000 ) ) ;
#3022 = EDGE_LOOP ( 'NONE', ( #2553, #449, #113, #5479 ) ) ;
#3023 = ORIENTED_EDGE ( 'NONE', *, *, #1223, .F. ) ;
#3024 = DIRECTION ( 'NONE',  ( 0.000000000000000000, 1.000000000000000000, 1.801998070613027504E-16 ) ) ;
#3025 = ORIENTED_EDGE ( 'NONE', *, *, #2775, .F. ) ;
#3026 = CARTESIAN_POINT ( 'NONE',  ( 0.3199999999999991185, 0.6699999999999997069, 1.585000000000004849 ) ) ;
#3027 = DIRECTION ( 'NONE',  ( 1.000000000000000000, -0.000000000000000000, -4.494102269369967741E-16 ) ) ;
#3028 = CARTESIAN_POINT ( 'NONE',  ( -1.730000000000000870, 3.300000000000000711, 1.584999999999998632 ) ) ;
#3029 = AXIS2_PLACEMENT_3D ( 'NONE', #412, #2252, #1943 ) ;
#3030 = CLOSED_SHELL ( 'NONE', ( #4390, #3539, #2318, #5709, #4451, #2103, #992, #853, #5655, #2371 ) ) ;
#3031 = PLANE ( 'NONE',  #1338 ) ;
#3032 = CARTESIAN_POINT ( 'NONE',  ( -2.680000000000001048, 6.899999999999995026, 0.6349999999999988987 ) ) ;
#3033 = EDGE_CURVE ( 'NONE', #5562, #4540, #2028, .T. ) ;
#3034 = CARTESIAN_POINT ( 'NONE',  ( -0.2618181818181833931, -2.754545454545446415, 0.5768181818181806753 ) ) ;
#3035 = ORIENTED_EDGE ( 'NONE', *, *, #2199, .F. ) ;
#3036 = CARTESIAN_POINT ( 'NONE',  ( 3.119999999999998774, 7.500000000000001776, 0.000000000000000000 ) ) ;
#3037 = COLOUR_RGB ( '',0.7921568627450980005, 0.8196078431372548767, 0.9333333333333333481 ) ;
#3038 = ORIENTED_EDGE ( 'NONE', *, *, #41, .T. ) ;
#3039 = PLANE ( 'NONE',  #800 ) ;
#3040 = EDGE_CURVE ( 'NONE', #1354, #560, #44, .T. ) ;
#3041 = DIRECTION ( 'NONE',  ( 0.000000000000000000, -0.000000000000000000, 1.000000000000000000 ) ) ;
#3042 = EDGE_CURVE ( 'NONE', #972, #4506, #2039, .T. ) ;
#3043 = ORIENTED_EDGE ( 'NONE', *, *, #3917, .F. ) ;
#3044 = ORIENTED_EDGE ( 'NONE', *, *, #5148, .T. ) ;
#3045 = DIRECTION ( 'NONE',  ( 0.000000000000000000, 0.000000000000000000, 1.000000000000000000 ) ) ;
#3046 = VERTEX_POINT ( 'NONE', #5721 ) ;
#3047 = EDGE_CURVE ( 'NONE', #5157, #3321, #5802, .T. ) ;
#3048 = ORIENTED_EDGE ( 'NONE', *, *, #1919, .F. ) ;
#3049 = CARTESIAN_POINT ( 'NONE',  ( -3.261818181818183504, -2.754545454545446415, 0.5768181818181806753 ) ) ;
#3050 = ADVANCED_FACE ( 'NONE', ( #2061 ), #3389, .T. ) ;
#3052 = ORIENTED_EDGE ( 'NONE', *, *, #9, .T. ) ;
#3051 = EDGE_CURVE ( 'NONE', #951, #34, #3995, .T. ) ;
#3053 = ORIENTED_EDGE ( 'NONE', *, *, #2251, .F. ) ;
#3054 = CARTESIAN_POINT ( 'NONE',  ( -6.325000000000002842, 1.269999999999999796, 1.190000000000007718 ) ) ;
#3055 = ORIENTED_EDGE ( 'NONE', *, *, #239, .F. ) ;
#3056 = CARTESIAN_POINT ( 'NONE',  ( -6.325000000000003730, 0.6699999999999997069, -0.9549999999999922995 ) ) ;
#3057 = CARTESIAN_POINT ( 'NONE',  ( -0.3200000000000008393, 7.500000000000001776, 0.6349999999999988987 ) ) ;
#3058 = VECTOR ( 'NONE', #406, 1000.000000000000000 ) ;
#3059 = CARTESIAN_POINT ( 'NONE',  ( -2.880000000000001670, -3.180000000000000160, 0.4349999999999975553 ) ) ;
#3060 = VERTEX_POINT ( 'NONE', #152 ) ;
#3061 = CARTESIAN_POINT ( 'NONE',  ( 3.319999999999998952, -1.081363123647112731E-15, -1.584999999999999964 ) ) ;
#3062 = EDGE_CURVE ( 'NONE', #366, #2660, #3799, .T. ) ;
#3063 = CARTESIAN_POINT ( 'NONE',  ( 3.319999999999998952, 0.6699999999999997069, -0.9549999999999966294 ) ) ;
#3064 = ORIENTED_EDGE ( 'NONE', *, *, #3441, .T. ) ;
#3065 = VERTEX_POINT ( 'NONE', #4322 ) ;
#3066 = CARTESIAN_POINT ( 'NONE',  ( -6.325000000000002842, -3.252606517456513302E-16, 1.585000000000007958 ) ) ;
#3067 = PRESENTATION_STYLE_ASSIGNMENT (( #252 ) ) ;
#3068 = ADVANCED_FACE ( 'NONE', ( #1877 ), #2368, .T. ) ;
#3069 = EDGE_CURVE ( 'NONE', #2881, #3950, #5839, .T. ) ;
#3070 = PLANE ( 'NONE',  #5324 ) ;
#3071 = DIRECTION ( 'NONE',  ( -0.000000000000000000, 1.000000000000000000, -0.000000000000000000 ) ) ;
#3072 = VECTOR ( 'NONE', #3808, 1000.000000000000000 ) ;
#3073 = DIRECTION ( 'NONE',  ( -0.000000000000000000, 1.000000000000000000, 1.344746880602175966E-16 ) ) ;
#3074 = ORIENTED_EDGE ( 'NONE', *, *, #1996, .T. ) ;
#3075 = PLANE ( 'NONE',  #1504 ) ;
#3076 = CARTESIAN_POINT ( 'NONE',  ( -6.325000000000003730, 0.6699999999999997069, -0.9549999999999922995 ) ) ;
#3077 = ORIENTED_EDGE ( 'NONE', *, *, #5002, .F. ) ;
#3078 = VERTEX_POINT ( 'NONE', #4771 ) ;
#3079 = AXIS2_PLACEMENT_3D ( 'NONE', #4032, #3680, #893 ) ;
#3080 = EDGE_LOOP ( 'NONE', ( #2085, #4316, #1678, #4342 ) ) ;
#3081 = EDGE_CURVE ( 'NONE', #3376, #4115, #5848, .T. ) ;
#3082 = ORIENTED_EDGE ( 'NONE', *, *, #5565, .F. ) ;
#3083 = CARTESIAN_POINT ( 'NONE',  ( -1.300000000000000044, 6.899999999999999467, -2.085000000000000853 ) ) ;
#3084 = EDGE_LOOP ( 'NONE', ( #1235, #4547, #4489, #5056 ) ) ;
#3085 = ORIENTED_EDGE ( 'NONE', *, *, #2151, .T. ) ;
#3086 = AXIS2_PLACEMENT_3D ( 'NONE', #4927, #4380, #3198 ) ;
#3087 = ORIENTED_EDGE ( 'NONE', *, *, #5290, .T. ) ;
#3088 = ORIENTED_EDGE ( 'NONE', *, *, #3762, .F. ) ;
#3089 = AXIS2_PLACEMENT_3D ( 'NONE', #389, #4056, #5459 ) ;
#3090 = EDGE_LOOP ( 'NONE', ( #5382, #5441, #732, #2902, #4681, #917 ) ) ;
#3091 = VERTEX_POINT ( 'NONE', #4641 ) ;
#3092 = CARTESIAN_POINT ( 'NONE',  ( 3.319999999999998952, -2.579999999999992966, 0.6349999999999978995 ) ) ;
#3093 = EDGE_CURVE ( 'NONE', #1880, #3046, #3869, .T. ) ;
#3094 = ORIENTED_EDGE ( 'NONE', *, *, #923, .F. ) ;
#3095 = LINE ( 'NONE', #2736, #2929 ) ;
#3096 = DIRECTION ( 'NONE',  ( 0.000000000000000000, 1.000000000000000000, 1.801998070613027504E-16 ) ) ;
#3097 = DIRECTION ( 'NONE',  ( 0.000000000000000000, -1.000000000000000000, 0.000000000000000000 ) ) ;
#3098 = ORIENTED_EDGE ( 'NONE', *, *, #1689, .T. ) ;
#3099 = AXIS2_PLACEMENT_3D ( 'NONE', #3388, #4276, #848 ) ;
#3100 = AXIS2_PLACEMENT_3D ( 'NONE', #5243, #4313, #5329 ) ;
#3101 = ADVANCED_FACE ( 'NONE', ( #4030 ), #1527, .F. ) ;
#3102 = ORIENTED_EDGE ( 'NONE', *, *, #1439, .T. ) ;
#3103 = VERTEX_POINT ( 'NONE', #4372 ) ;
#3104 = EDGE_CURVE ( 'NONE', #4960, #1783, #2088, .T. ) ;
#3105 = DIRECTION ( 'NONE',  ( 0.000000000000000000, 1.000000000000000000, 0.000000000000000000 ) ) ;
#3106 = DIRECTION ( 'NONE',  ( 0.000000000000000000, -3.388131789017201849E-16, 1.000000000000000000 ) ) ;
#3107 = ORIENTED_EDGE ( 'NONE', *, *, #5095, .F. ) ;
#3108 = VECTOR ( 'NONE', #1348, 1000.000000000000000 ) ;
#3109 = PLANE ( 'NONE',  #2572 ) ;
#3110 = EDGE_LOOP ( 'NONE', ( #3605, #371, #3529, #4198 ) ) ;
#3111 = VERTEX_POINT ( 'NONE', #2166 ) ;
#3112 = DIRECTION ( 'NONE',  ( 0.000000000000000000, 1.000000000000000000, 0.000000000000000000 ) ) ;
#3113 = ORIENTED_EDGE ( 'NONE', *, *, #1461, .T. ) ;
#3114 = ADVANCED_FACE ( 'NONE', ( #214 ), #5438, .F. ) ;
#3115 = VERTEX_POINT ( 'NONE', #2425 ) ;
#3116 = EDGE_CURVE ( 'NONE', #535, #4588, #2270, .T. ) ;
#3117 = DIRECTION ( 'NONE',  ( 1.000000000000000000, 0.000000000000000000, 0.000000000000000000 ) ) ;
#3118 = CARTESIAN_POINT ( 'NONE',  ( 5.390000000000000568, 1.269999999999999796, 1.190000000000002389 ) ) ;
#3119 = DIRECTION ( 'NONE',  ( 4.494102269369967741E-16, -0.000000000000000000, -1.000000000000000000 ) ) ;
#3120 = EDGE_LOOP ( 'NONE', ( #2776, #768, #921, #3025, #5758, #888, #3563, #1109, #3659, #3088, #5073, #1098 ) ) ;
#3121 = CARTESIAN_POINT ( 'NONE',  ( -0.3200000000000008393, 3.300000000000000711, 0.6349999999999988987 ) ) ;
#3122 = ORIENTED_EDGE ( 'NONE', *, *, #3180, .F. ) ;
#3123 = ORIENTED_EDGE ( 'NONE', *, *, #894, .T. ) ;
#3124 = EDGE_LOOP ( 'NONE', ( #1763, #5737, #1062, #4892 ) ) ;
#3125 = ORIENTED_EDGE ( 'NONE', *, *, #4459, .T. ) ;
#3126 = DIRECTION ( 'NONE',  ( 1.000000000000000000, 0.000000000000000000, -4.494102269369967741E-16 ) ) ;
#3127 = ORIENTED_EDGE ( 'NONE', *, *, #3657, .T. ) ;
#3128 = EDGE_CURVE ( 'NONE', #2696, #2317, #157, .T. ) ;
#3129 = DIRECTION ( 'NONE',  ( -4.494102269369967741E-16, 1.807003620809173892E-16, -1.000000000000000000 ) ) ;
#3130 = DIRECTION ( 'NONE',  ( 0.6635381078444697600, 0.6635381078444710923, 0.3455927645023255113 ) ) ;
#3131 = ORIENTED_EDGE ( 'NONE', *, *, #3762, .T. ) ;
#3132 = CARTESIAN_POINT ( 'NONE',  ( 2.679999999999999272, 0.000000000000000000, 0.000000000000000000 ) ) ;
#3133 = EDGE_CURVE ( 'NONE', #330, #1111, #2157, .T. ) ;
#3134 = EDGE_LOOP ( 'NONE', ( #1011, #4830, #4318, #2411 ) ) ;
#3135 = ORIENTED_EDGE ( 'NONE', *, *, #2751, .F. ) ;
#3136 = ORIENTED_EDGE ( 'NONE', *, *, #4040, .T. ) ;
#3137 = DIRECTION ( 'NONE',  ( 0.000000000000000000, 0.000000000000000000, -1.000000000000000000 ) ) ;
#3138 =( GEOMETRIC_REPRESENTATION_CONTEXT ( 3 ) GLOBAL_UNCERTAINTY_ASSIGNED_CONTEXT ( ( #857 ) ) GLOBAL_UNIT_ASSIGNED_CONTEXT ( ( #1128, #5188, #217 ) ) REPRESENTATION_CONTEXT ( 'NONE', 'WORKASPACE' ) );
#3139 = DIRECTION ( 'NONE',  ( -0.3015113445777614087, 0.9045340337332923308, -0.3015113445777614087 ) ) ;
#3140 = CARTESIAN_POINT ( 'NONE',  ( -5.389999999999999680, -1.320169249480846743E-15, -1.584999999999999964 ) ) ;
#3141 = PLANE ( 'NONE',  #3352 ) ;
#3142 = VERTEX_POINT ( 'NONE', #1604 ) ;
#3143 = ADVANCED_FACE ( 'NONE', ( #2256 ), #645, .F. ) ;
#3144 = VERTEX_POINT ( 'NONE', #5387 ) ;
#3145 = EDGE_CURVE ( 'NONE', #972, #1734, #193, .T. ) ;
#3146 = ORIENTED_EDGE ( 'NONE', *, *, #4656, .T. ) ;
#3147 = CARTESIAN_POINT ( 'NONE',  ( -5.389999999999999680, 1.269999999999999796, -0.5599999999999927258 ) ) ;
#3148 = ORIENTED_EDGE ( 'NONE', *, *, #1940, .T. ) ;
#3149 = CARTESIAN_POINT ( 'NONE',  ( 5.389999999999999680, 0.6699999999999997069, -0.9549999999999976286 ) ) ;
#3150 = EDGE_LOOP ( 'NONE', ( #2908, #945, #4441, #2404 ) ) ;
#3151 = DIRECTION ( 'NONE',  ( -0.9486832980505146562, -0.3162277660168354432, -0.000000000000000000 ) ) ;
#3152 = EDGE_CURVE ( 'NONE', #2885, #5554, #2171, .T. ) ;
#3153 = ORIENTED_EDGE ( 'NONE', *, *, #3915, .F. ) ;
#3154 = ORIENTED_EDGE ( 'NONE', *, *, #4669, .T. ) ;
#3155 = CARTESIAN_POINT ( 'NONE',  ( 4.269999999999999574, 9.900000000000000355, -0.9550000000000011813 ) ) ;
#3156 = ORIENTED_EDGE ( 'NONE', *, *, #2391, .T. ) ;
#3157 = ADVANCED_FACE ( 'NONE', ( #4002 ), #1660, .F. ) ;
#3158 = AXIS2_PLACEMENT_3D ( 'NONE', #4433, #4905, #5354 ) ;
#3159 = VERTEX_POINT ( 'NONE', #3497 ) ;
#3160 = ORIENTED_EDGE ( 'NONE', *, *, #5140, .T. ) ;
#3161 = ORIENTED_EDGE ( 'NONE', *, *, #5045, .T. ) ;
#3162 = DIRECTION ( 'NONE',  ( 0.000000000000000000, -1.000000000000000000, 0.000000000000000000 ) ) ;
#3163 = PLANE ( 'NONE',  #4707 ) ;
#3164 = ORIENTED_EDGE ( 'NONE', *, *, #2800, .F. ) ;
#3165 = CARTESIAN_POINT ( 'NONE',  ( -3.320000000000000728, 0.6699999999999997069, 1.585000000000006626 ) ) ;
#3166 = ORIENTED_EDGE ( 'NONE', *, *, #3684, .F. ) ;
#3167 = PLANE ( 'NONE',  #1933 ) ;
#3168 = EDGE_CURVE ( 'NONE', #2787, #5177, #181, .T. ) ;
#3169 = ORIENTED_EDGE ( 'NONE', *, *, #4731, .F. ) ;
#3170 = ORIENTED_EDGE ( 'NONE', *, *, #2151, .F. ) ;
#3171 = ORIENTED_EDGE ( 'NONE', *, *, #3370, .T. ) ;
#3172 = DIRECTION ( 'NONE',  ( 0.000000000000000000, 1.000000000000000000, 1.344746880602175966E-16 ) ) ;
#3173 = PLANE ( 'NONE',  #3926 ) ;
#3174 = DIRECTION ( 'NONE',  ( 0.000000000000000000, -1.000000000000000000, -1.618212197739558882E-16 ) ) ;
#3175 = DIRECTION ( 'NONE',  ( 1.000000000000000000, -0.000000000000000000, -4.494102269369967741E-16 ) ) ;
#3176 = VERTEX_POINT ( 'NONE', #5241 ) ;
#3178 = EDGE_LOOP ( 'NONE', ( #4479, #513, #5516, #4649 ) ) ;
#3177 = EDGE_CURVE ( 'NONE', #2551, #3046, #2280, .T. ) ;
#3179 = CLOSED_SHELL ( 'NONE', ( #39, #3447, #2841, #5573, #1130, #3986, #4289, #807, #3839, #2205 ) ) ;
#3180 = EDGE_CURVE ( 'NONE', #5562, #2116, #4022, .T. ) ;
#3181 = CARTESIAN_POINT ( 'NONE',  ( 2.250000000000001332, 1.849999999999999201, 2.774999999999998135 ) ) ;
#3182 = ORIENTED_EDGE ( 'NONE', *, *, #4159, .T. ) ;
#3183 = CARTESIAN_POINT ( 'NONE',  ( 2.679999999999999272, 3.300000000000000711, 0.6349999999999988987 ) ) ;
#3184 = ORIENTED_EDGE ( 'NONE', *, *, #5210, .T. ) ;
#3185 = FACE_OUTER_BOUND ( 'NONE', #5526, .T. ) ;
#3186 = DIRECTION ( 'NONE',  ( -0.7071067811865467956, -0.7071067811865483499, 0.000000000000000000 ) ) ;
#3187 = ADVANCED_FACE ( 'NONE', ( #2246 ), #5763, .F. ) ;
#3188 = VERTEX_POINT ( 'NONE', #2998 ) ;
#3189 = VERTEX_POINT ( 'NONE', #2036 ) ;
#3190 = DIRECTION ( 'NONE',  ( -4.494102269369967741E-16, 0.000000000000000000, -1.000000000000000000 ) ) ;
#3191 = CARTESIAN_POINT ( 'NONE',  ( -1.730000000000000870, 3.300000000000000711, 1.584999999999998632 ) ) ;
#3192 = EDGE_CURVE ( 'NONE', #4025, #3378, #2197, .T. ) ;
#3193 = VECTOR ( 'NONE', #3992, 1000.000000000000000 ) ;
#3194 = VERTEX_POINT ( 'NONE', #3422 ) ;
#3195 = EDGE_CURVE ( 'NONE', #1250, #1104, #72, .T. ) ;
#3196 = ORIENTED_EDGE ( 'NONE', *, *, #2228, .T. ) ;
#3197 = VERTEX_POINT ( 'NONE', #804 ) ;
#3198 = DIRECTION ( 'NONE',  ( 0.000000000000000000, 0.000000000000000000, -1.000000000000000000 ) ) ;
#3199 = AXIS2_PLACEMENT_3D ( 'NONE', #1525, #2120, #1265 ) ;
#3200 = CARTESIAN_POINT ( 'NONE',  ( 6.325000000000001066, 0.000000000000000000, -1.584999999999999964 ) ) ;
#3201 = LINE ( 'NONE', #642, #5141 ) ;
#3202 = ADVANCED_FACE ( 'NONE', ( #2211 ), #1259, .F. ) ;
#3203 = CARTESIAN_POINT ( 'NONE',  ( 2.250000000000001332, 1.849999999999999201, 2.774999999999998135 ) ) ;
#3204 = EDGE_CURVE ( 'NONE', #1088, #2488, #4042, .T. ) ;
#3205 = DIRECTION ( 'NONE',  ( -1.000000000000000000, 0.000000000000000000, 0.000000000000000000 ) ) ;
#3206 = EDGE_LOOP ( 'NONE', ( #878, #1528, #2977, #2969 ) ) ;
#3207 = VECTOR ( 'NONE', #570, 1000.000000000000000 ) ;
#3208 = DIRECTION ( 'NONE',  ( 0.000000000000000000, 0.000000000000000000, 1.000000000000000000 ) ) ;
#3209 = ORIENTED_EDGE ( 'NONE', *, *, #1644, .F. ) ;
#3210 = VERTEX_POINT ( 'NONE', #1101 ) ;
#3211 = AXIS2_PLACEMENT_3D ( 'NONE', #4593, #555, #2362 ) ;
#3212 = VECTOR ( 'NONE', #5615, 1000.000000000000000 ) ;
#3213 = DIRECTION ( 'NONE',  ( -1.000000000000000000, 0.000000000000000000, 0.000000000000000000 ) ) ;
#3214 = CARTESIAN_POINT ( 'NONE',  ( -4.924999999999998934, 9.900000000000000355, 2.274999999999999023 ) ) ;
#3215 = VECTOR ( 'NONE', #3993, 1000.000000000000000 ) ;
#3216 = SURFACE_STYLE_FILL_AREA ( #3940 ) ;
#3217 = CARTESIAN_POINT ( 'NONE',  ( 6.000000000000000000, 7.500000000000001776, 0.4349999999999983324 ) ) ;
#3218 = ORIENTED_EDGE ( 'NONE', *, *, #291, .F. ) ;
#3219 = VERTEX_POINT ( 'NONE', #1222 ) ;
#3220 = VERTEX_POINT ( 'NONE', #2079 ) ;
#3221 = DIRECTION ( 'NONE',  ( -1.000000000000000000, 0.000000000000000000, 1.280553747030123322E-16 ) ) ;
#3222 = VECTOR ( 'NONE', #3162, 1000.000000000000000 ) ;
#3223 = FACE_OUTER_BOUND ( 'NONE', #2570, .T. ) ;
#3224 = VECTOR ( 'NONE', #996, 1000.000000000000000 ) ;
#3225 = EDGE_CURVE ( 'NONE', #1061, #2116, #4062, .T. ) ;
#3226 = CARTESIAN_POINT ( 'NONE',  ( 1.269999999999999130, 9.900000000000000355, -0.9550000000000011813 ) ) ;
#3227 = ORIENTED_EDGE ( 'NONE', *, *, #2238, .F. ) ;
#3228 = FACE_OUTER_BOUND ( 'NONE', #3945, .T. ) ;
#3229 = CARTESIAN_POINT ( 'NONE',  ( -5.389999999999999680, 1.699999999999998623, 2.024999999999999023 ) ) ;
#3230 = CARTESIAN_POINT ( 'NONE',  ( 5.974999999999999645, -1.449999999999999956, 2.184999999999999609 ) ) ;
#3231 = PLANE ( 'NONE',  #5402 ) ;
#3232 = ORIENTED_EDGE ( 'NONE', *, *, #3623, .T. ) ;
#3233 = ORIENTED_EDGE ( 'NONE', *, *, #5160, .T. ) ;
#3234 = AXIS2_PLACEMENT_3D ( 'NONE', #1359, #5377, #4895 ) ;
#3235 = FACE_OUTER_BOUND ( 'NONE', #2930, .T. ) ;
#3236 = LINE ( 'NONE', #5320, #3246 ) ;
#3237 = ORIENTED_EDGE ( 'NONE', *, *, #5755, .T. ) ;
#3238 = ADVANCED_FACE ( 'NONE', ( #4162 ), #2529, .F. ) ;
#3239 = ORIENTED_EDGE ( 'NONE', *, *, #2020, .T. ) ;
#3240 = ORIENTED_EDGE ( 'NONE', *, *, #4194, .F. ) ;
#3241 = DIRECTION ( 'NONE',  ( 0.000000000000000000, 0.000000000000000000, -1.000000000000000000 ) ) ;
#3242 = CARTESIAN_POINT ( 'NONE',  ( 6.325000000000000178, 1.850000000000000089, 2.784999999999999254 ) ) ;
#3243 = LINE ( 'NONE', #2265, #1353 ) ;
#3244 = CARTESIAN_POINT ( 'NONE',  ( 3.319999999999998952, -7.265096679918780609, -0.005000000000003001176 ) ) ;
#3245 = PLANE ( 'NONE',  #417 ) ;
#3246 = VECTOR ( 'NONE', #873, 1000.000000000000000 ) ;
#3247 = DIRECTION ( 'NONE',  ( 0.000000000000000000, 0.000000000000000000, -1.000000000000000000 ) ) ;
#3248 = ORIENTED_EDGE ( 'NONE', *, *, #4011, .F. ) ;
#3249 = VERTEX_POINT ( 'NONE', #3984 ) ;
#3250 = CARTESIAN_POINT ( 'NONE',  ( -3.320000000000000728, -1.318004915248536369E-16, 1.585000000000006626 ) ) ;
#3251 = DIRECTION ( 'NONE',  ( -1.000000000000000000, 0.000000000000000000, -0.000000000000000000 ) ) ;
#3252 = ORIENTED_EDGE ( 'NONE', *, *, #5359, .T. ) ;
#3253 = LINE ( 'NONE', #2746, #1428 ) ;
#3254 = EDGE_CURVE ( 'NONE', #3611, #4138, #4071, .T. ) ;
#3255 = ORIENTED_EDGE ( 'NONE', *, *, #1947, .T. ) ;
#3256 = PLANE ( 'NONE',  #3262 ) ;
#3257 = VECTOR ( 'NONE', #5552, 1000.000000000000000 ) ;
#3258 = EDGE_CURVE ( 'NONE', #4813, #2946, #237, .T. ) ;
#3259 = VECTOR ( 'NONE', #4686, 1000.000000000000000 ) ;
#3260 = CARTESIAN_POINT ( 'NONE',  ( -6.325000000000002842, -3.252606517456513302E-16, 1.585000000000007958 ) ) ;
#3261 = ORIENTED_EDGE ( 'NONE', *, *, #5787, .T. ) ;
#3262 = AXIS2_PLACEMENT_3D ( 'NONE', #924, #3674, #3985 ) ;
#3263 = ORIENTED_EDGE ( 'NONE', *, *, #769, .T. ) ;
#3264 =( LENGTH_UNIT ( ) NAMED_UNIT ( * ) SI_UNIT ( .MILLI., .METRE. ) );
#3265 = CARTESIAN_POINT ( 'NONE',  ( -0.3200000000000008393, -2.579999999999992966, 0.6349999999999970113 ) ) ;
#3266 = LINE ( 'NONE', #3295, #5316 ) ;
#3267 = CARTESIAN_POINT ( 'NONE',  ( -5.364999999999991331, 9.900000000000000355, 2.274999999999999023 ) ) ;
#3268 = LINE ( 'NONE', #2661, #5262 ) ;
#3269 = VECTOR ( 'NONE', #1028, 1000.000000000000000 ) ;
#3270 = VERTEX_POINT ( 'NONE', #879 ) ;
#3271 = ORIENTED_EDGE ( 'NONE', *, *, #5069, .F. ) ;
#3272 = EDGE_CURVE ( 'NONE', #2905, #1766, #2233, .T. ) ;
#3273 = DIRECTION ( 'NONE',  ( -1.000000000000000000, 0.000000000000000000, -0.000000000000000000 ) ) ;
#3274 = LINE ( 'NONE', #2378, #1362 ) ;
#3275 = CARTESIAN_POINT ( 'NONE',  ( -6.325000000000002842, 0.6699999999999998179, 1.190000000000007940 ) ) ;
#3276 = PRESENTATION_STYLE_ASSIGNMENT (( #1614 ) ) ;
#3277 = VERTEX_POINT ( 'NONE', #5391 ) ;
#3278 = DIRECTION ( 'NONE',  ( 0.000000000000000000, 0.3162277660168349991, -0.9486832980505148782 ) ) ;
#3279 = AXIS2_PLACEMENT_3D ( 'NONE', #5282, #2363, #1930 ) ;
#3280 = ADVANCED_FACE ( 'NONE', ( #4216 ), #3560, .F. ) ;
#3281 = EDGE_LOOP ( 'NONE', ( #5331, #1686, #96, #5739 ) ) ;
#3282 = VECTOR ( 'NONE', #5852, 1000.000000000000000 ) ;
#3283 = DIRECTION ( 'NONE',  ( 0.000000000000000000, -0.000000000000000000, 1.000000000000000000 ) ) ;
#3284 = CARTESIAN_POINT ( 'NONE',  ( 3.000000000000000000, 7.500000000000001776, 0.000000000000000000 ) ) ;
#3285 = LINE ( 'NONE', #3026, #5343 ) ;
#3286 = CARTESIAN_POINT ( 'NONE',  ( 6.324999999999999289, 9.900000000000000355, 1.774999999999998357 ) ) ;
#3287 = ORIENTED_EDGE ( 'NONE', *, *, #516, .T. ) ;
#3288 = VERTEX_POINT ( 'NONE', #574 ) ;
#3289 = STYLED_ITEM ( 'NONE', ( #3067 ), #30 ) ;
#3290 = DIRECTION ( 'NONE',  ( 0.000000000000000000, 0.000000000000000000, 1.000000000000000000 ) ) ;
#3291 = VECTOR ( 'NONE', #4750, 1000.000000000000000 ) ;
#3292 = DIRECTION ( 'NONE',  ( 1.624171814607651409E-31, 1.000000000000000000, -3.614007241618348278E-16 ) ) ;
#3293 = ORIENTED_EDGE ( 'NONE', *, *, #1279, .F. ) ;
#3294 = AXIS2_PLACEMENT_3D ( 'NONE', #3753, #4208, #3579 ) ;
#3295 = CARTESIAN_POINT ( 'NONE',  ( -6.325000000000002842, 1.269999999999999796, 1.190000000000007718 ) ) ;
#3296 = ORIENTED_EDGE ( 'NONE', *, *, #4582, .F. ) ;
#3297 = DIRECTION ( 'NONE',  ( -0.000000000000000000, -1.000000000000000000, -0.000000000000000000 ) ) ;
#3298 = LINE ( 'NONE', #3342, #3335 ) ;
#3299 = DIRECTION ( 'NONE',  ( -0.000000000000000000, 1.000000000000000000, -0.000000000000000000 ) ) ;
#3300 = COLOUR_RGB ( '',0.7921568627450980005, 0.8196078431372548767, 0.9333333333333333481 ) ;
#3301 = VECTOR ( 'NONE', #515, 1000.000000000000000 ) ;
#3302 = DIRECTION ( 'NONE',  ( 1.000000000000000000, -0.000000000000000000, -4.494102269369967741E-16 ) ) ;
#3303 = ORIENTED_EDGE ( 'NONE', *, *, #4051, .F. ) ;
#3304 = MANIFOLD_SOLID_BREP ( 'Chamfer5', #2742 ) ;
#3305 = AXIS2_PLACEMENT_3D ( 'NONE', #3901, #651, #2063 ) ;
#3306 = EDGE_LOOP ( 'NONE', ( #4847, #4872, #3550, #539 ) ) ;
#3307 = EDGE_CURVE ( 'NONE', #3893, #984, #128, .T. ) ;
#3308 = CARTESIAN_POINT ( 'NONE',  ( 0.6200000000000032152, 9.900000000000000355, 1.584999999999998854 ) ) ;
#3309 = CARTESIAN_POINT ( 'NONE',  ( 2.679999999999999272, 6.899999999999995026, -0.005000000000001097317 ) ) ;
#3310 = DIRECTION ( 'NONE',  ( 1.000000000000000000, 0.000000000000000000, 0.000000000000000000 ) ) ;
#3311 = ORIENTED_EDGE ( 'NONE', *, *, #1663, .T. ) ;
#3312 = FACE_OUTER_BOUND ( 'NONE', #3084, .T. ) ;
#3313 = DIRECTION ( 'NONE',  ( -0.3015113445777614087, -0.9045340337332923308, -0.3015113445777614087 ) ) ;
#3314 = VERTEX_POINT ( 'NONE', #1609 ) ;
#3315 = VECTOR ( 'NONE', #2308, 1000.000000000000000 ) ;
#3316 = EDGE_CURVE ( 'NONE', #1613, #3288, #425, .T. ) ;
#3317 = VERTEX_POINT ( 'NONE', #3871 ) ;
#3318 = DIRECTION ( 'NONE',  ( 0.000000000000000000, -0.000000000000000000, 1.000000000000000000 ) ) ;
#3319 = LINE ( 'NONE', #4189, #3301 ) ;
#3320 = CARTESIAN_POINT ( 'NONE',  ( 4.925000000000000711, 9.900000000000000355, -1.585000000000000409 ) ) ;
#3321 = VERTEX_POINT ( 'NONE', #5549 ) ;
#3322 = DIRECTION ( 'NONE',  ( -0.000000000000000000, -0.000000000000000000, 1.000000000000000000 ) ) ;
#3323 = EDGE_CURVE ( 'NONE', #3060, #3314, #4268, .T. ) ;
#3324 = PLANE ( 'NONE',  #1349 ) ;
#3325 = ADVANCED_FACE ( 'NONE', ( #4325 ), #130, .F. ) ;
#3326 = ORIENTED_EDGE ( 'NONE', *, *, #3623, .F. ) ;
#3327 = LINE ( 'NONE', #2801, #5306 ) ;
#3328 = ORIENTED_EDGE ( 'NONE', *, *, #3307, .F. ) ;
#3329 = VECTOR ( 'NONE', #1738, 1000.000000000000000 ) ;
#3330 = EDGE_CURVE ( 'NONE', #2326, #4825, #2374, .T. ) ;
#3331 = DIRECTION ( 'NONE',  ( 0.000000000000000000, 0.000000000000000000, -1.000000000000000000 ) ) ;
#3332 = VERTEX_POINT ( 'NONE', #5625 ) ;
#3333 = PLANE ( 'NONE',  #3294 ) ;
#3334 = CARTESIAN_POINT ( 'NONE',  ( 4.924999999999998934, 9.900000000000000355, -0.9550000000000011813 ) ) ;
#3335 = VECTOR ( 'NONE', #4131, 1000.000000000000000 ) ;
#3336 = EDGE_LOOP ( 'NONE', ( #1893, #5269, #3237, #3981, #1322 ) ) ;
#3337 = DIRECTION ( 'NONE',  ( 0.000000000000000000, 0.000000000000000000, -1.000000000000000000 ) ) ;
#3338 = FILL_AREA_STYLE_COLOUR ( '', #407 ) ;
#3339 = ORIENTED_EDGE ( 'NONE', *, *, #1608, .F. ) ;
#3340 = EDGE_CURVE ( 'NONE', #4025, #5105, #319, .T. ) ;
#3341 = CARTESIAN_POINT ( 'NONE',  ( 5.674999999999999822, -1.449999999999999956, 1.884999999999999343 ) ) ;
#3342 = CARTESIAN_POINT ( 'NONE',  ( -6.325000000000002842, -3.252606517456513302E-16, 1.585000000000007958 ) ) ;
#3343 = DIRECTION ( 'NONE',  ( 0.000000000000000000, 0.000000000000000000, 1.000000000000000000 ) ) ;
#3344 = CARTESIAN_POINT ( 'NONE',  ( -4.939999999999999503, -1.081363123647112731E-15, -1.584999999999999964 ) ) ;
#3345 = VECTOR ( 'NONE', #4175, 1000.000000000000000 ) ;
#3346 = AXIS2_PLACEMENT_3D ( 'NONE', #1123, #5147, #1570 ) ;
#3347 = ORIENTED_EDGE ( 'NONE', *, *, #4887, .F. ) ;
#3348 = DIRECTION ( 'NONE',  ( 0.000000000000000000, 1.000000000000000000, -3.236424395479117765E-16 ) ) ;
#3349 = PRESENTATION_STYLE_ASSIGNMENT (( #3952 ) ) ;
#3350 = FACE_OUTER_BOUND ( 'NONE', #3306, .T. ) ;
#3351 = EDGE_LOOP ( 'NONE', ( #4599, #4439, #4989, #4552 ) ) ;
#3352 = AXIS2_PLACEMENT_3D ( 'NONE', #2190, #1825, #4596 ) ;
#3353 = FACE_OUTER_BOUND ( 'NONE', #5040, .T. ) ;
#3354 = EDGE_CURVE ( 'NONE', #5469, #3065, #297, .T. ) ;
#3355 = ORIENTED_EDGE ( 'NONE', *, *, #763, .T. ) ;
#3356 = LINE ( 'NONE', #1822, #5319 ) ;
#3357 = DIRECTION ( 'NONE',  ( -1.000000000000000000, 0.000000000000000000, 0.000000000000000000 ) ) ;
#3358 = ORIENTED_EDGE ( 'NONE', *, *, #1004, .F. ) ;
#3359 = AXIS2_PLACEMENT_3D ( 'NONE', #875, #1777, #2232 ) ;
#3360 = PLANE ( 'NONE',  #1113 ) ;
#3361 = ORIENTED_EDGE ( 'NONE', *, *, #3764, .T. ) ;
#3362 = DIRECTION ( 'NONE',  ( 1.000000000000000000, 0.000000000000000000, 0.000000000000000000 ) ) ;
#3363 = ORIENTED_EDGE ( 'NONE', *, *, #1668, .T. ) ;
#3364 = ADVANCED_FACE ( 'NONE', ( #509 ), #2474, .F. ) ;
#3365 = CARTESIAN_POINT ( 'NONE',  ( 2.679999999999999272, 0.000000000000000000, 2.024999999999999023 ) ) ;
#3366 = CARTESIAN_POINT ( 'NONE',  ( 3.319999999999998952, -2.579999999999992966, 0.6349999999999978995 ) ) ;
#3367 = ORIENTED_EDGE ( 'NONE', *, *, #1626, .F. ) ;
#3368 = DIRECTION ( 'NONE',  ( -1.000000000000000000, 0.000000000000000000, 0.000000000000000000 ) ) ;
#3369 = ORIENTED_EDGE ( 'NONE', *, *, #223, .F. ) ;
#3370 = EDGE_CURVE ( 'NONE', #4583, #2946, #2441, .T. ) ;
#3371 = EDGE_CURVE ( 'NONE', #2562, #4770, #2324, .T. ) ;
#3372 = DIRECTION ( 'NONE',  ( 1.000000000000000000, 0.000000000000000000, -1.707404996040164265E-16 ) ) ;
#3373 = CARTESIAN_POINT ( 'NONE',  ( 1.300000000000000044, 7.400000000000000355, -2.785000000000001030 ) ) ;
#3374 = DIRECTION ( 'NONE',  ( 0.000000000000000000, -1.000000000000000000, -3.388131789017201849E-16 ) ) ;
#3375 = VECTOR ( 'NONE', #1119, 1000.000000000000000 ) ;
#3376 = VERTEX_POINT ( 'NONE', #3063 ) ;
#3377 = LINE ( 'NONE', #3834, #1256 ) ;
#3378 = VERTEX_POINT ( 'NONE', #3905 ) ;
#3379 = CARTESIAN_POINT ( 'NONE',  ( -6.324999999999998401, 1.850000000000000089, 2.785000000000001030 ) ) ;
#3380 = DIRECTION ( 'NONE',  ( 1.000000000000000000, -0.000000000000000000, -0.000000000000000000 ) ) ;
#3381 = VECTOR ( 'NONE', #2519, 1000.000000000000000 ) ;
#3382 = EDGE_LOOP ( 'NONE', ( #1006, #3007, #4919, #5670 ) ) ;
#3383 = LINE ( 'NONE', #5458, #1426 ) ;
#3384 = EDGE_CURVE ( 'NONE', #2718, #856, #4258, .T. ) ;
#3385 = CARTESIAN_POINT ( 'NONE',  ( -3.320000000000000728, -8.926487835092489621E-16, -0.9549999999999936318 ) ) ;
#3386 = DIRECTION ( 'NONE',  ( -4.494102269369967741E-16, 1.618212197739558882E-16, -1.000000000000000000 ) ) ;
#3387 = EDGE_LOOP ( 'NONE', ( #3271, #1171, #1189, #1282 ) ) ;
#3388 = CARTESIAN_POINT ( 'NONE',  ( -6.325000000000003730, 0.6699999999999998179, -0.5599999999999923928 ) ) ;
#3389 = PLANE ( 'NONE',  #922 ) ;
#3390 = PLANE ( 'NONE',  #2208 ) ;
#3391 = EDGE_CURVE ( 'NONE', #4435, #3740, #446, .T. ) ;
#3392 = VECTOR ( 'NONE', #2437, 1000.000000000000000 ) ;
#3393 = ORIENTED_EDGE ( 'NONE', *, *, #4721, .T. ) ;
#3394 = VECTOR ( 'NONE', #4662, 1000.000000000000000 ) ;
#3395 = AXIS2_PLACEMENT_3D ( 'NONE', #2113, #5358, #1337 ) ;
#3396 = CARTESIAN_POINT ( 'NONE',  ( 5.674999999999999822, -1.449999999999999956, 2.784999999999999254 ) ) ;
#3397 = EDGE_LOOP ( 'NONE', ( #1193, #1977, #3339, #3232 ) ) ;
#3398 = ADVANCED_FACE ( 'NONE', ( #361 ), #1612, .F. ) ;
#3399 = AXIS2_PLACEMENT_3D ( 'NONE', #3284, #4150, #33 ) ;
#3400 = DIRECTION ( 'NONE',  ( 0.000000000000000000, -2.995465716473997569E-16, -1.000000000000000000 ) ) ;
#3401 = PLANE ( 'NONE',  #4553 ) ;
#3402 = CARTESIAN_POINT ( 'NONE',  ( 1.300000000000000044, 8.149999999999998579, -2.785000000000001030 ) ) ;
#3403 = EDGE_CURVE ( 'NONE', #746, #2732, #2346, .T. ) ;
#3404 = DIRECTION ( 'NONE',  ( 0.000000000000000000, 0.000000000000000000, -1.000000000000000000 ) ) ;
#3405 = VECTOR ( 'NONE', #3763, 1000.000000000000000 ) ;
#3406 = ORIENTED_EDGE ( 'NONE', *, *, #633, .T. ) ;
#3407 = CARTESIAN_POINT ( 'NONE',  ( -2.250000000000001332, 1.849999999999999201, 2.774999999999998135 ) ) ;
#3408 = VECTOR ( 'NONE', #4708, 1000.000000000000000 ) ;
#3409 = VERTEX_POINT ( 'NONE', #1698 ) ;
#3410 = FACE_OUTER_BOUND ( 'NONE', #3782, .T. ) ;
#3411 = ADVANCED_FACE ( 'NONE', ( #4237 ), #745, .T. ) ;
#3412 = DIRECTION ( 'NONE',  ( 0.000000000000000000, -0.000000000000000000, 1.000000000000000000 ) ) ;
#3413 = FILL_AREA_STYLE ('',( #2071 ) ) ;
#3414 = DIRECTION ( 'NONE',  ( -1.000000000000000000, 0.000000000000000000, 0.000000000000000000 ) ) ;
#3415 = VERTEX_POINT ( 'NONE', #2140 ) ;
#3416 = CARTESIAN_POINT ( 'NONE',  ( -6.325000000000002842, 0.6699999999999997069, 1.585000000000007736 ) ) ;
#3417 = LINE ( 'NONE', #5509, #1511 ) ;
#3418 = VERTEX_POINT ( 'NONE', #2645 ) ;
#3419 = AXIS2_PLACEMENT_3D ( 'NONE', #2365, #2857, #71 ) ;
#3420 = CARTESIAN_POINT ( 'NONE',  ( 6.324999999999999289, 0.6699999999999997069, 1.585000000000002185 ) ) ;
#3421 = DIRECTION ( 'NONE',  ( 0.7071067811865467956, -0.7071067811865483499, 0.000000000000000000 ) ) ;
#3422 = CARTESIAN_POINT ( 'NONE',  ( -0.3200000000000008393, 3.300000000000000711, 0.6349999999999988987 ) ) ;
#3423 = DIRECTION ( 'NONE',  ( -0.000000000000000000, 1.000000000000000000, -0.000000000000000000 ) ) ;
#3424 = VECTOR ( 'NONE', #1001, 1000.000000000000000 ) ;
#3425 = ORIENTED_EDGE ( 'NONE', *, *, #5018, .F. ) ;
#3426 = LINE ( 'NONE', #5812, #3466 ) ;
#3427 = CARTESIAN_POINT ( 'NONE',  ( 4.940000000000000391, 1.269999999999999796, -0.5599999999999973888 ) ) ;
#3428 = CARTESIAN_POINT ( 'NONE',  ( -6.325000000000003730, 0.6699999999999997069, -0.9549999999999922995 ) ) ;
#3429 = ORIENTED_EDGE ( 'NONE', *, *, #3195, .T. ) ;
#3430 = DIRECTION ( 'NONE',  ( -0.6092076990801721381, 0.5076730825668078761, -0.6092076990801720271 ) ) ;
#3431 = DIRECTION ( 'NONE',  ( 0.000000000000000000, -1.000000000000000000, 0.000000000000000000 ) ) ;
#3432 = DIRECTION ( 'NONE',  ( -0.000000000000000000, -0.000000000000000000, 1.000000000000000000 ) ) ;
#3433 = DIRECTION ( 'NONE',  ( -1.000000000000000000, 0.000000000000000000, 0.000000000000000000 ) ) ;
#3434 = FACE_OUTER_BOUND ( 'NONE', #4283, .T. ) ;
#3435 = ORIENTED_EDGE ( 'NONE', *, *, #5022, .F. ) ;
#3436 = FACE_OUTER_BOUND ( 'NONE', #5728, .T. ) ;
#3437 = DIRECTION ( 'NONE',  ( -0.000000000000000000, -1.000000000000000000, -0.000000000000000000 ) ) ;
#3438 = ORIENTED_EDGE ( 'NONE', *, *, #2632, .F. ) ;
#3439 = PRESENTATION_LAYER_ASSIGNMENT (  '', '', ( #2388 ) ) ;
#3440 = DIRECTION ( 'NONE',  ( 0.6635381078444697600, -0.6635381078444710923, -0.3455927645023255113 ) ) ;
#3441 = EDGE_CURVE ( 'NONE', #5782, #1104, #4362, .T. ) ;
#3442 = CARTESIAN_POINT ( 'NONE',  ( -5.975000000000003197, -1.449999999999999956, 2.484999999999997655 ) ) ;
#3443 = ORIENTED_EDGE ( 'NONE', *, *, #5053, .T. ) ;
#3444 = CARTESIAN_POINT ( 'NONE',  ( -6.325000000000003730, 0.6699999999999997069, -0.9549999999999922995 ) ) ;
#3445 = VECTOR ( 'NONE', #4196, 1000.000000000000000 ) ;
#3446 = ORIENTED_EDGE ( 'NONE', *, *, #1883, .F. ) ;
#3447 = ADVANCED_FACE ( 'NONE', ( #379 ), #5712, .F. ) ;
#3448 = DIRECTION ( 'NONE',  ( 0.000000000000000000, 0.000000000000000000, 1.000000000000000000 ) ) ;
#3449 = EDGE_CURVE ( 'NONE', #3270, #251, #2503, .T. ) ;
#3450 = CARTESIAN_POINT ( 'NONE',  ( -2.680000000000001048, -7.265096679918780609, 0.6349999999999970113 ) ) ;
#3451 = LINE ( 'NONE', #483, #3424 ) ;
#3452 = FILL_AREA_STYLE_COLOUR ( '', #5256 ) ;
#3453 = PLANE ( 'NONE',  #1217 ) ;
#3454 = DIRECTION ( 'NONE',  ( 0.000000000000000000, 0.000000000000000000, -1.000000000000000000 ) ) ;
#3455 = ORIENTED_EDGE ( 'NONE', *, *, #5217, .T. ) ;
#3456 = CARTESIAN_POINT ( 'NONE',  ( 0.000000000000000000, 8.499999999999996447, 0.000000000000000000 ) ) ;
#3457 = CARTESIAN_POINT ( 'NONE',  ( 3.319999999999998952, 1.269999999999999796, -0.5599999999999966116 ) ) ;
#3458 = LINE ( 'NONE', #5255, #1487 ) ;
#3459 = ORIENTED_EDGE ( 'NONE', *, *, #3842, .F. ) ;
#3460 = PLANE ( 'NONE',  #3279 ) ;
#3461 = DIRECTION ( 'NONE',  ( 0.000000000000000000, 0.000000000000000000, 1.000000000000000000 ) ) ;
#3462 = VECTOR ( 'NONE', #2030, 1000.000000000000000 ) ;
#3463 = ADVANCED_FACE ( 'NONE', ( #2430 ), #3486, .T. ) ;
#3464 = EDGE_CURVE ( 'NONE', #5258, #2740, #456, .T. ) ;
#3465 = ORIENTED_EDGE ( 'NONE', *, *, #887, .F. ) ;
#3466 = VECTOR ( 'NONE', #3608, 1000.000000000000000 ) ;
#3467 = DIRECTION ( 'NONE',  ( -0.000000000000000000, -0.000000000000000000, 1.000000000000000000 ) ) ;
#3468 = DIRECTION ( 'NONE',  ( 0.000000000000000000, -1.000000000000000000, 0.000000000000000000 ) ) ;
#3469 = DIRECTION ( 'NONE',  ( 4.494102269369967741E-16, 3.614007241618347785E-16, 1.000000000000000000 ) ) ;
#3470 = FACE_OUTER_BOUND ( 'NONE', #896, .T. ) ;
#3471 =( GEOMETRIC_REPRESENTATION_CONTEXT ( 3 ) GLOBAL_UNCERTAINTY_ASSIGNED_CONTEXT ( ( #15 ) ) GLOBAL_UNIT_ASSIGNED_CONTEXT ( ( #4472, #3524, #4938 ) ) REPRESENTATION_CONTEXT ( 'NONE', 'WORKASPACE' ) );
#3472 = ORIENTED_EDGE ( 'NONE', *, *, #1020, .F. ) ;
#3473 = FACE_OUTER_BOUND ( 'NONE', #2127, .T. ) ;
#3474 = CARTESIAN_POINT ( 'NONE',  ( -4.924999999999999822, 9.900000000000000355, 1.044999999999998819 ) ) ;
#3475 = VERTEX_POINT ( 'NONE', #977 ) ;
#3476 = CARTESIAN_POINT ( 'NONE',  ( -5.389999999999997904, 1.849999999999999201, 2.261979166666661989 ) ) ;
#3477 = VECTOR ( 'NONE', #5367, 1000.000000000000000 ) ;
#3478 = CARTESIAN_POINT ( 'NONE',  ( 1.300000000000000044, 8.149999999999998579, -2.785000000000001030 ) ) ;
#3479 = CARTESIAN_POINT ( 'NONE',  ( -4.270000000000001350, 3.300000000000000711, 1.584999999999999076 ) ) ;
#3480 = PLANE ( 'NONE',  #5245 ) ;
#3481 = ORIENTED_EDGE ( 'NONE', *, *, #763, .F. ) ;
#3482 = DIRECTION ( 'NONE',  ( -0.3015113445777613532, -0.9045340337332925529, 0.3015113445777610757 ) ) ;
#3483 = LINE ( 'NONE', #5475, #3494 ) ;
#3484 = ORIENTED_EDGE ( 'NONE', *, *, #3177, .F. ) ;
#3485 = EDGE_CURVE ( 'NONE', #826, #366, #2386, .T. ) ;
#3486 = PLANE ( 'NONE',  #208 ) ;
#3487 = VECTOR ( 'NONE', #115, 1000.000000000000000 ) ;
#3488 = CARTESIAN_POINT ( 'NONE',  ( -6.325000000000002842, 1.269999999999999796, 1.190000000000007718 ) ) ;
#3489 = DIRECTION ( 'NONE',  ( 0.000000000000000000, -2.995465716473997569E-16, -1.000000000000000000 ) ) ;
#3490 = DIRECTION ( 'NONE',  ( 0.000000000000000000, 0.000000000000000000, -1.000000000000000000 ) ) ;
#3491 = AXIS2_PLACEMENT_3D ( 'NONE', #35, #5206, #2897 ) ;
#3492 = ORIENTED_EDGE ( 'NONE', *, *, #4296, .F. ) ;
#3493 = DIRECTION ( 'NONE',  ( 0.000000000000000000, -1.000000000000000000, -1.801998070613027504E-16 ) ) ;
#3494 = VECTOR ( 'NONE', #1313, 1000.000000000000000 ) ;
#3495 = ORIENTED_EDGE ( 'NONE', *, *, #3974, .F. ) ;
#3496 = ADVANCED_FACE ( 'NONE', ( #392 ), #1351, .F. ) ;
#3497 = CARTESIAN_POINT ( 'NONE',  ( -0.3200000000000008393, 0.6699999999999998179, -0.5599999999999930589 ) ) ;
#3498 = CARTESIAN_POINT ( 'NONE',  ( 4.940000000000000391, 0.6699999999999997069, -0.9549999999999974065 ) ) ;
#3499 = LINE ( 'NONE', #4696, #3487 ) ;
#3500 = MANIFOLD_SOLID_BREP ( '3 ', #612 ) ;
#3501 = ORIENTED_EDGE ( 'NONE', *, *, #4026, .T. ) ;
#3502 = LINE ( 'NONE', #377, #5468 ) ;
#3503 = CARTESIAN_POINT ( 'NONE',  ( 3.119999999999998774, 7.500000000000001776, 0.000000000000000000 ) ) ;
#3504 = EDGE_LOOP ( 'NONE', ( #4518, #4243, #470, #4295 ) ) ;
#3505 = DIRECTION ( 'NONE',  ( 0.000000000000000000, 0.000000000000000000, 1.000000000000000000 ) ) ;
#3506 = CARTESIAN_POINT ( 'NONE',  ( 6.000000000000000000, 3.300000000000000711, 0.000000000000000000 ) ) ;
#3507 = CARTESIAN_POINT ( 'NONE',  ( -4.270000000000001350, 3.300000000000000711, 0.9349999999999978328 ) ) ;
#3508 = LINE ( 'NONE', #4794, #3462 ) ;
#3509 = ADVANCED_FACE ( 'NONE', ( #488 ), #573, .F. ) ;
#3510 = VERTEX_POINT ( 'NONE', #2134 ) ;
#3511 = LINE ( 'NONE', #5067, #3394 ) ;
#3512 = ORIENTED_EDGE ( 'NONE', *, *, #5689, .F. ) ;
#3513 = EDGE_CURVE ( 'NONE', #2547, #1094, #4602, .T. ) ;
#3514 = VECTOR ( 'NONE', #3490, 1000.000000000000000 ) ;
#3515 = CARTESIAN_POINT ( 'NONE',  ( 1.300000000000000044, 6.899999999999999467, -1.585000000000000187 ) ) ;
#3516 = CARTESIAN_POINT ( 'NONE',  ( 5.364999999999992220, 1.849999999999999201, 2.274999999999999023 ) ) ;
#3517 = VERTEX_POINT ( 'NONE', #5078 ) ;
#3518 = PLANE ( 'NONE',  #56 ) ;
#3519 = LINE ( 'NONE', #598, #1602 ) ;
#3520 = EDGE_CURVE ( 'NONE', #2488, #2562, #635, .T. ) ;
#3521 = ORIENTED_EDGE ( 'NONE', *, *, #1168, .F. ) ;
#3522 = AXIS2_PLACEMENT_3D ( 'NONE', #563, #1870, #2 ) ;
#3523 = EDGE_CURVE ( 'NONE', #1496, #899, #4495, .T. ) ;
#3524 =( NAMED_UNIT ( * ) PLANE_ANGLE_UNIT ( ) SI_UNIT ( $, .RADIAN. ) );
#3525 = DIRECTION ( 'NONE',  ( 0.000000000000000000, -1.000000000000000000, 0.000000000000000000 ) ) ;
#3526 = PLANE ( 'NONE',  #3158 ) ;
#3527 = VERTEX_POINT ( 'NONE', #1507 ) ;
#3528 = FACE_OUTER_BOUND ( 'NONE', #5017, .T. ) ;
#3529 = ORIENTED_EDGE ( 'NONE', *, *, #2539, .T. ) ;
#3530 = CARTESIAN_POINT ( 'NONE',  ( -6.325000000000002842, 1.269999999999999796, 1.190000000000007718 ) ) ;
#3531 = CARTESIAN_POINT ( 'NONE',  ( 2.680000000000000160, 1.269999999999999796, 1.190000000000003499 ) ) ;
#3532 = DIRECTION ( 'NONE',  ( 0.000000000000000000, -0.000000000000000000, 1.000000000000000000 ) ) ;
#3533 = EDGE_CURVE ( 'NONE', #4154, #2170, #4622, .T. ) ;
#3534 = ORIENTED_EDGE ( 'NONE', *, *, #2925, .T. ) ;
#3535 = FACE_OUTER_BOUND ( 'NONE', #3351, .T. ) ;
#3536 = DIRECTION ( 'NONE',  ( -1.000000000000000000, 0.000000000000000000, 0.000000000000000000 ) ) ;
#3537 = DIRECTION ( 'NONE',  ( 1.000000000000000000, 0.000000000000000000, 0.000000000000000000 ) ) ;
#3538 = VERTEX_POINT ( 'NONE', #51 ) ;
#3539 = ADVANCED_FACE ( 'NONE', ( #4538 ), #4076, .F. ) ;
#3540 = AXIS2_PLACEMENT_3D ( 'NONE', #5668, #342, #2070 ) ;
#3541 = ORIENTED_EDGE ( 'NONE', *, *, #5627, .F. ) ;
#3542 = LINE ( 'NONE', #1530, #5511 ) ;
#3543 = ORIENTED_EDGE ( 'NONE', *, *, #2819, .T. ) ;
#3544 = VECTOR ( 'NONE', #524, 1000.000000000000000 ) ;
#3545 = ADVANCED_FACE ( 'NONE', ( #2676 ), #4712, .T. ) ;
#3546 = CARTESIAN_POINT ( 'NONE',  ( 6.000000000000000000, -3.180000000000000160, 0.1949999999999981470 ) ) ;
#3547 = ORIENTED_EDGE ( 'NONE', *, *, #4095, .F. ) ;
#3548 = DIRECTION ( 'NONE',  ( 0.000000000000000000, -1.000000000000000000, 0.000000000000000000 ) ) ;
#3549 = LINE ( 'NONE', #2254, #5518 ) ;
#3550 = ORIENTED_EDGE ( 'NONE', *, *, #3513, .F. ) ;
#3551 = AXIS2_PLACEMENT_3D ( 'NONE', #2612, #3112, #3532 ) ;
#3552 = VECTOR ( 'NONE', #5502, 1000.000000000000000 ) ;
#3553 = PLANE ( 'NONE',  #1843 ) ;
#3554 = DIRECTION ( 'NONE',  ( -0.000000000000000000, -1.000000000000000000, -0.000000000000000000 ) ) ;
#3555 = DIRECTION ( 'NONE',  ( 0.7071067811865467956, 0.7071067811865483499, -0.000000000000000000 ) ) ;
#3556 = ORIENTED_EDGE ( 'NONE', *, *, #3145, .F. ) ;
#3557 = VECTOR ( 'NONE', #4956, 1000.000000000000000 ) ;
#3558 = ORIENTED_EDGE ( 'NONE', *, *, #2835, .T. ) ;
#3559 = CARTESIAN_POINT ( 'NONE',  ( -0.3200000000000008948, -1.318004915248540313E-16, 1.585000000000005294 ) ) ;
#3560 = PLANE ( 'NONE',  #991 ) ;
#3561 = CARTESIAN_POINT ( 'NONE',  ( 6.325000000000001066, -1.199999999999999734, 1.884999999999999343 ) ) ;
#3562 = EDGE_CURVE ( 'NONE', #5157, #1117, #654, .T. ) ;
#3563 = ORIENTED_EDGE ( 'NONE', *, *, #1393, .F. ) ;
#3564 = FACE_OUTER_BOUND ( 'NONE', #4999, .T. ) ;
#3565 = ORIENTED_EDGE ( 'NONE', *, *, #2987, .T. ) ;
#3566 = CARTESIAN_POINT ( 'NONE',  ( -5.389999999999999680, 0.6699999999999998179, -0.5599999999999923928 ) ) ;
#3567 = CARTESIAN_POINT ( 'NONE',  ( -0.1200000000000003147, 7.500000000000001776, 0.000000000000000000 ) ) ;
#3568 = EDGE_CURVE ( 'NONE', #3893, #4435, #2657, .T. ) ;
#3569 = ORIENTED_EDGE ( 'NONE', *, *, #3403, .F. ) ;
#3570 = FACE_OUTER_BOUND ( 'NONE', #907, .T. ) ;
#3571 = EDGE_LOOP ( 'NONE', ( #3146, #4539, #3102, #4604 ) ) ;
#3572 = ADVANCED_FACE ( 'NONE', ( #575 ), #4168, .F. ) ;
#3573 = LINE ( 'NONE', #720, #1824 ) ;
#3574 = CARTESIAN_POINT ( 'NONE',  ( 6.325000000000000178, 9.900000000000000355, -0.5599999999999965006 ) ) ;
#3575 = CARTESIAN_POINT ( 'NONE',  ( -0.3200000000000008948, 1.349999999999999423, 2.024999999999999023 ) ) ;
#3576 = LINE ( 'NONE', #3507, #3477 ) ;
#3577 = PLANE ( 'NONE',  #1295 ) ;
#3578 = EDGE_CURVE ( 'NONE', #4, #2740, #643, .T. ) ;
#3579 = DIRECTION ( 'NONE',  ( 0.000000000000000000, 0.000000000000000000, -1.000000000000000000 ) ) ;
#3580 = CARTESIAN_POINT ( 'NONE',  ( 3.119999999999998774, -3.180000000000000160, 0.000000000000000000 ) ) ;
#3581 = VERTEX_POINT ( 'NONE', #2832 ) ;
#3582 = DIRECTION ( 'NONE',  ( 0.000000000000000000, 2.744815626545581052E-16, -1.000000000000000000 ) ) ;
#3583 = FACE_OUTER_BOUND ( 'NONE', #2701, .T. ) ;
#3584 = ORIENTED_EDGE ( 'NONE', *, *, #1407, .F. ) ;
#3585 = EDGE_CURVE ( 'NONE', #3176, #655, #2650, .T. ) ;
#3586 = LINE ( 'NONE', #1264, #3725 ) ;
#3587 = VECTOR ( 'NONE', #1866, 1000.000000000000000 ) ;
#3588 = ADVANCED_FACE ( 'NONE', ( #4612 ), #5035, .F. ) ;
#3589 = CARTESIAN_POINT ( 'NONE',  ( -1.730000000000000870, 3.300000000000000711, 1.584999999999998632 ) ) ;
#3590 = CARTESIAN_POINT ( 'NONE',  ( 6.325000000000000178, 1.850000000000000089, 2.784999999999999254 ) ) ;
#3591 = CARTESIAN_POINT ( 'NONE',  ( 0.3199999999999991740, -1.081363123647112731E-15, -1.584999999999999964 ) ) ;
#3592 = CARTESIAN_POINT ( 'NONE',  ( 0.3199999999999991740, -1.318004915248541546E-16, 1.585000000000004849 ) ) ;
#3593 = ORIENTED_EDGE ( 'NONE', *, *, #2376, .T. ) ;
#3594 = VECTOR ( 'NONE', #865, 1000.000000000000000 ) ;
#3595 = ORIENTED_EDGE ( 'NONE', *, *, #1658, .T. ) ;
#3596 = AXIS2_PLACEMENT_3D ( 'NONE', #1120, #3797, #5868 ) ;
#3597 = FACE_OUTER_BOUND ( 'NONE', #629, .T. ) ;
#3598 = DIRECTION ( 'NONE',  ( 0.000000000000000000, -0.000000000000000000, 1.000000000000000000 ) ) ;
#3599 = EDGE_CURVE ( 'NONE', #2727, #1, #2604, .T. ) ;
#3600 = DIRECTION ( 'NONE',  ( -4.494102269369967741E-16, -0.000000000000000000, 1.000000000000000000 ) ) ;
#3601 = FACE_OUTER_BOUND ( 'NONE', #4944, .T. ) ;
#3602 = ORIENTED_EDGE ( 'NONE', *, *, #1083, .F. ) ;
#3603 = LINE ( 'NONE', #2355, #5612 ) ;
#3604 = CARTESIAN_POINT ( 'NONE',  ( 2.679999999999999272, 1.349999999999999867, -0.005000000000001448598 ) ) ;
#3605 = ORIENTED_EDGE ( 'NONE', *, *, #2332, .F. ) ;
#3606 = CARTESIAN_POINT ( 'NONE',  ( 2.250000000000001332, 8.300000000000000711, 2.774999999999999467 ) ) ;
#3607 = DIRECTION ( 'NONE',  ( -0.000000000000000000, 0.000000000000000000, 1.000000000000000000 ) ) ;
#3608 = DIRECTION ( 'NONE',  ( -0.000000000000000000, -0.000000000000000000, -1.000000000000000000 ) ) ;
#3609 = VECTOR ( 'NONE', #5462, 1000.000000000000000 ) ;
#3610 = AXIS2_PLACEMENT_3D ( 'NONE', #5014, #2774, #4476 ) ;
#3611 = VERTEX_POINT ( 'NONE', #1881 ) ;
#3612 = EDGE_CURVE ( 'NONE', #2401, #410, #607, .T. ) ;
#3613 = EDGE_LOOP ( 'NONE', ( #2750, #869, #4789, #5466 ) ) ;
#3614 = DIRECTION ( 'NONE',  ( -1.000000000000000000, 0.000000000000000000, 4.638298064109109804E-16 ) ) ;
#3615 = VECTOR ( 'NONE', #3357, 1000.000000000000000 ) ;
#3616 = CARTESIAN_POINT ( 'NONE',  ( -5.674999999999999822, -1.199999999999997957, 2.785000000000000586 ) ) ;
#3617 = DIRECTION ( 'NONE',  ( 0.3015113445777613532, 0.9045340337332925529, 0.3015113445777610757 ) ) ;
#3618 = ORIENTED_EDGE ( 'NONE', *, *, #5713, .T. ) ;
#3619 = CARTESIAN_POINT ( 'NONE',  ( 5.389999999999999680, 1.850000000000000089, 2.784999999999999254 ) ) ;
#3620 = LINE ( 'NONE', #3626, #1735 ) ;
#3621 = FACE_OUTER_BOUND ( 'NONE', #4941, .T. ) ;
#3622 = ORIENTED_EDGE ( 'NONE', *, *, #5818, .F. ) ;
#3623 = EDGE_CURVE ( 'NONE', #5273, #4461, #677, .T. ) ;
#3624 = ADVANCED_FACE ( 'NONE', ( #2615 ), #5512, .F. ) ;
#3625 = LINE ( 'NONE', #877, #5626 ) ;
#3626 = CARTESIAN_POINT ( 'NONE',  ( 1.269999999999999130, 9.900000000000000355, 1.584999999999998632 ) ) ;
#3627 = CARTESIAN_POINT ( 'NONE',  ( -6.325000000000001066, -1.449999999999999956, 1.884999999999999343 ) ) ;
#3628 = CARTESIAN_POINT ( 'NONE',  ( -2.680000000000001048, -1.081363123647112731E-15, -1.584999999999999964 ) ) ;
#3629 = CARTESIAN_POINT ( 'NONE',  ( 1.300000000000000044, 7.400000000000000355, -2.785000000000001030 ) ) ;
#3630 = ORIENTED_EDGE ( 'NONE', *, *, #3810, .T. ) ;
#3631 = FACE_OUTER_BOUND ( 'NONE', #1049, .T. ) ;
#3632 = VECTOR ( 'NONE', #1580, 1000.000000000000000 ) ;
#3633 = VERTEX_POINT ( 'NONE', #5443 ) ;
#3634 = CARTESIAN_POINT ( 'NONE',  ( -5.389999999999997904, 1.850000000000000089, 2.785000000000000586 ) ) ;
#3635 = FACE_OUTER_BOUND ( 'NONE', #2655, .T. ) ;
#3636 = ADVANCED_FACE ( 'NONE', ( #4505 ), #1473, .F. ) ;
#3637 = DIRECTION ( 'NONE',  ( 0.000000000000000000, 2.017120320903263949E-16, -1.000000000000000000 ) ) ;
#3638 = VERTEX_POINT ( 'NONE', #572 ) ;
#3639 = LINE ( 'NONE', #341, #5605 ) ;
#3640 = FACE_OUTER_BOUND ( 'NONE', #3178, .T. ) ;
#3641 = EDGE_CURVE ( 'NONE', #3802, #3678, #596, .T. ) ;
#3642 = DIRECTION ( 'NONE',  ( 0.000000000000000000, -0.3162277660168354432, -0.9486832980505146562 ) ) ;
#3643 = ORIENTED_EDGE ( 'NONE', *, *, #2839, .F. ) ;
#3644 = VECTOR ( 'NONE', #1381, 1000.000000000000000 ) ;
#3645 = CARTESIAN_POINT ( 'NONE',  ( -1.270000000000001128, 3.300000000000000711, 1.584999999999999076 ) ) ;
#3646 = DIRECTION ( 'NONE',  ( 4.494102269369967741E-16, 3.614007241618347785E-16, 1.000000000000000000 ) ) ;
#3647 = VECTOR ( 'NONE', #1294, 1000.000000000000000 ) ;
#3648 = DIRECTION ( 'NONE',  ( 0.000000000000000000, 0.000000000000000000, -1.000000000000000000 ) ) ;
#3649 = ORIENTED_EDGE ( 'NONE', *, *, #131, .T. ) ;
#3650 = LINE ( 'NONE', #4099, #1808 ) ;
#3651 = VECTOR ( 'NONE', #3130, 1000.000000000000227 ) ;
#3653 = ORIENTED_EDGE ( 'NONE', *, *, #4033, .T. ) ;
#3652 = EDGE_CURVE ( 'NONE', #984, #497, #685, .T. ) ;
#3654 = DIRECTION ( 'NONE',  ( 0.000000000000000000, -2.744815626545581052E-16, 1.000000000000000000 ) ) ;
#3655 = DIRECTION ( 'NONE',  ( 0.000000000000000000, -1.000000000000000000, 0.000000000000000000 ) ) ;
#3656 = DIRECTION ( 'NONE',  ( 0.000000000000000000, -0.000000000000000000, 1.000000000000000000 ) ) ;
#3657 = EDGE_CURVE ( 'NONE', #3633, #3159, #2533, .T. ) ;
#3658 = DIRECTION ( 'NONE',  ( -0.000000000000000000, -1.000000000000000000, -0.000000000000000000 ) ) ;
#3659 = ORIENTED_EDGE ( 'NONE', *, *, #1947, .F. ) ;
#3660 = CARTESIAN_POINT ( 'NONE',  ( -6.325000000000002842, -3.252606517456513302E-16, 1.585000000000007958 ) ) ;
#3661 = VECTOR ( 'NONE', #3186, 1000.000000000000000 ) ;
#3662 = VECTOR ( 'NONE', #759, 1000.000000000000000 ) ;
#3663 = EDGE_LOOP ( 'NONE', ( #4850, #5049, #1795, #2843 ) ) ;
#3664 = VECTOR ( 'NONE', #2815, 1000.000000000000000 ) ;
#3665 = PLANE ( 'NONE',  #3723 ) ;
#3666 = CARTESIAN_POINT ( 'NONE',  ( 5.364999999999991331, 9.900000000000000355, 2.274999999999999023 ) ) ;
#3667 = DIRECTION ( 'NONE',  ( 4.494102269369967741E-16, -2.744815626545581052E-16, -1.000000000000000000 ) ) ;
#3668 = CARTESIAN_POINT ( 'NONE',  ( 3.119999999999998774, 7.500000000000001776, 0.4349999999999983324 ) ) ;
#3669 = EDGE_LOOP ( 'NONE', ( #3052, #5649, #3694, #1074 ) ) ;
#3670 = VECTOR ( 'NONE', #3731, 1000.000000000000000 ) ;
#3671 = ORIENTED_EDGE ( 'NONE', *, *, #2953, .T. ) ;
#3672 = ADVANCED_FACE ( 'NONE', ( #559 ), #3827, .F. ) ;
#3673 = FACE_OUTER_BOUND ( 'NONE', #2963, .T. ) ;
#3674 = DIRECTION ( 'NONE',  ( 0.000000000000000000, 1.000000000000000000, 0.000000000000000000 ) ) ;
#3675 = LINE ( 'NONE', #5323, #1666 ) ;
#3676 = CARTESIAN_POINT ( 'NONE',  ( -6.325000000000003730, 1.269999999999999796, -0.5599999999999922817 ) ) ;
#3677 = ORIENTED_EDGE ( 'NONE', *, *, #4425, .F. ) ;
#3678 = VERTEX_POINT ( 'NONE', #2985 ) ;
#3679 = DIRECTION ( 'NONE',  ( 1.000000000000000000, -0.000000000000000000, -1.707404996040164018E-16 ) ) ;
#3680 = DIRECTION ( 'NONE',  ( 0.000000000000000000, 0.000000000000000000, 1.000000000000000000 ) ) ;
#3681 = AXIS2_PLACEMENT_3D ( 'NONE', #4534, #5684, #2118 ) ;
#3682 = LINE ( 'NONE', #5279, #3719 ) ;
#3683 = ADVANCED_FACE ( 'NONE', ( #4630 ), #3518, .T. ) ;
#3684 = EDGE_CURVE ( 'NONE', #3078, #2617, #4554, .T. ) ;
#3685 = ORIENTED_EDGE ( 'NONE', *, *, #2485, .F. ) ;
#3686 = LINE ( 'NONE', #4016, #1772 ) ;
#3687 = LINE ( 'NONE', #948, #1818 ) ;
#3688 = ORIENTED_EDGE ( 'NONE', *, *, #1127, .F. ) ;
#3689 = CARTESIAN_POINT ( 'NONE',  ( -2.680000000000001048, 1.269999999999999796, 1.190000000000007718 ) ) ;
#3690 = VECTOR ( 'NONE', #2439, 1000.000000000000000 ) ;
#3691 = DIRECTION ( 'NONE',  ( 0.000000000000000000, -1.000000000000000000, 0.000000000000000000 ) ) ;
#3692 = CARTESIAN_POINT ( 'NONE',  ( -6.325000000000002842, 1.269999999999999796, 1.190000000000007718 ) ) ;
#3693 = EDGE_CURVE ( 'NONE', #1125, #4444, #2704, .T. ) ;
#3694 = ORIENTED_EDGE ( 'NONE', *, *, #485, .T. ) ;
#3695 = DIRECTION ( 'NONE',  ( -0.8869140841669809205, -0.000000000000000000, -0.4619344188369658433 ) ) ;
#3696 = LINE ( 'NONE', #5003, #1842 ) ;
#3697 = ORIENTED_EDGE ( 'NONE', *, *, #5574, .F. ) ;
#3698 = FACE_OUTER_BOUND ( 'NONE', #2226, .T. ) ;
#3699 = CARTESIAN_POINT ( 'NONE',  ( -5.364999999999991331, 9.460000000000006182, 2.274999999999999023 ) ) ;
#3700 = CARTESIAN_POINT ( 'NONE',  ( -1.300000000000000044, 8.149999999999998579, -2.785000000000001030 ) ) ;
#3701 = CARTESIAN_POINT ( 'NONE',  ( -0.3200000000000008948, 0.000000000000000000, 2.024999999999999023 ) ) ;
#3702 = EDGE_CURVE ( 'NONE', #1149, #1897, #616, .T. ) ;
#3703 = ORIENTED_EDGE ( 'NONE', *, *, #295, .F. ) ;
#3704 = LINE ( 'NONE', #5384, #1784 ) ;
#3705 = VECTOR ( 'NONE', #2635, 1000.000000000000000 ) ;
#3706 = ORIENTED_EDGE ( 'NONE', *, *, #5845, .F. ) ;
#3707 = CARTESIAN_POINT ( 'NONE',  ( -6.324999999999998401, 0.000000000000000000, 2.785000000000001030 ) ) ;
#3708 = VECTOR ( 'NONE', #2921, 1000.000000000000000 ) ;
#3709 = CARTESIAN_POINT ( 'NONE',  ( 6.324999999999999289, 8.499999999999996447, 2.274999999999998579 ) ) ;
#3710 = ORIENTED_EDGE ( 'NONE', *, *, #3641, .F. ) ;
#3711 = VECTOR ( 'NONE', #5054, 1000.000000000000000 ) ;
#3712 = LINE ( 'NONE', #664, #3632 ) ;
#3713 =( NAMED_UNIT ( * ) SI_UNIT ( $, .STERADIAN. ) SOLID_ANGLE_UNIT ( ) );
#3714 = VERTEX_POINT ( 'NONE', #3786 ) ;
#3715 = ADVANCED_FACE ( 'NONE', ( #2717 ), #1285, .F. ) ;
#3716 = LINE ( 'NONE', #2741, #1739 ) ;
#3717 = FILL_AREA_STYLE_COLOUR ( '', #4339 ) ;
#3718 = CARTESIAN_POINT ( 'NONE',  ( -4.270000000000001350, 3.300000000000000711, -0.9550000000000008482 ) ) ;
#3719 = VECTOR ( 'NONE', #1214, 1000.000000000000000 ) ;
#3720 = CARTESIAN_POINT ( 'NONE',  ( -6.325000000000003730, 1.269999999999999796, -0.5599999999999922817 ) ) ;
#3721 = VERTEX_POINT ( 'NONE', #3061 ) ;
#3722 = VECTOR ( 'NONE', #5823, 1000.000000000000000 ) ;
#3723 = AXIS2_PLACEMENT_3D ( 'NONE', #4557, #995, #3283 ) ;
#3724 = VERTEX_POINT ( 'NONE', #5346 ) ;
#3725 = VECTOR ( 'NONE', #2162, 1000.000000000000114 ) ;
#3726 = EDGE_CURVE ( 'NONE', #5634, #5620, #722, .T. ) ;
#3727 = DIRECTION ( 'NONE',  ( 1.000000000000000000, -0.000000000000000000, 0.000000000000000000 ) ) ;
#3728 = LINE ( 'NONE', #3629, #5656 ) ;
#3729 = PLANE ( 'NONE',  #4477 ) ;
#3730 = DIRECTION ( 'NONE',  ( 1.000000000000000000, 0.000000000000000000, 0.000000000000000000 ) ) ;
#3731 = DIRECTION ( 'NONE',  ( -0.000000000000000000, 1.000000000000000000, 1.801998070613027504E-16 ) ) ;
#3732 = ORIENTED_EDGE ( 'NONE', *, *, #5627, .T. ) ;
#3733 = LINE ( 'NONE', #740, #3722 ) ;
#3734 = AXIS2_PLACEMENT_3D ( 'NONE', #5276, #3105, #3412 ) ;
#3735 = VECTOR ( 'NONE', #1372, 1000.000000000000000 ) ;
#3736 = PLANE ( 'NONE',  #2263 ) ;
#3737 = DIRECTION ( 'NONE',  ( 0.000000000000000000, 0.000000000000000000, 1.000000000000000000 ) ) ;
#3738 = PLANE ( 'NONE',  #3491 ) ;
#3739 = DIRECTION ( 'NONE',  ( 4.494102269369967741E-16, 0.000000000000000000, -1.000000000000000000 ) ) ;
#3740 = VERTEX_POINT ( 'NONE', #1732 ) ;
#3741 = LINE ( 'NONE', #1775, #1745 ) ;
#3742 = FACE_OUTER_BOUND ( 'NONE', #428, .T. ) ;
#3743 = DIRECTION ( 'NONE',  ( 0.000000000000000000, 0.000000000000000000, -1.000000000000000000 ) ) ;
#3744 = VERTEX_POINT ( 'NONE', #2675 ) ;
#3745 = CARTESIAN_POINT ( 'NONE',  ( -2.680000000000001048, -2.579999999999992966, -0.005000000000003001176 ) ) ;
#3746 = LINE ( 'NONE', #835, #3647 ) ;
#3747 = DIRECTION ( 'NONE',  ( -1.000000000000000000, 0.000000000000000000, 4.494102269369967741E-16 ) ) ;
#3748 = VERTEX_POINT ( 'NONE', #4253 ) ;
#3749 = PRESENTATION_LAYER_ASSIGNMENT (  '', '', ( #5121 ) ) ;
#3750 = LINE ( 'NONE', #4516, #3711 ) ;
#3751 = VECTOR ( 'NONE', #3205, 1000.000000000000000 ) ;
#3752 = VERTEX_POINT ( 'NONE', #4294 ) ;
#3753 = CARTESIAN_POINT ( 'NONE',  ( -3.320000000000000728, 7.500000000000001776, 0.6349999999999988987 ) ) ;
#3754 = DIRECTION ( 'NONE',  ( 0.000000000000000000, 1.000000000000000000, -3.614007241618347785E-16 ) ) ;
#3755 = VECTOR ( 'NONE', #2932, 1000.000000000000000 ) ;
#3756 = DIRECTION ( 'NONE',  ( 0.000000000000000000, 0.3162277660168349991, 0.9486832980505148782 ) ) ;
#3757 = ORIENTED_EDGE ( 'NONE', *, *, #2154, .F. ) ;
#3758 = LINE ( 'NONE', #1454, #5793 ) ;
#3759 = DIRECTION ( 'NONE',  ( -1.000000000000000000, 0.000000000000000000, -4.494102269369967741E-16 ) ) ;
#3760 = ORIENTED_EDGE ( 'NONE', *, *, #3069, .T. ) ;
#3761 = ADVANCED_FACE ( 'NONE', ( #4460 ), #5268, .T. ) ;
#3762 = EDGE_CURVE ( 'NONE', #260, #2007, #4469, .T. ) ;
#3763 = DIRECTION ( 'NONE',  ( 0.000000000000000000, -1.000000000000000000, 3.236424395479117765E-16 ) ) ;
#3764 = EDGE_CURVE ( 'NONE', #2555, #329, #550, .T. ) ;
#3765 = DIRECTION ( 'NONE',  ( 4.494102269369967741E-16, 0.000000000000000000, 1.000000000000000000 ) ) ;
#3766 = CARTESIAN_POINT ( 'NONE',  ( -3.320000000000000728, -7.265096679918780609, -0.005000000000003001176 ) ) ;
#3767 = EDGE_LOOP ( 'NONE', ( #714, #4329, #2719, #2541 ) ) ;
#3768 = VECTOR ( 'NONE', #2098, 1000.000000000000000 ) ;
#3769 = EDGE_CURVE ( 'NONE', #4882, #3752, #567, .T. ) ;
#3770 = CARTESIAN_POINT ( 'NONE',  ( 0.1636363636363588614, 8.350909090909087951, 0.4786363636363589746 ) ) ;
#3771 = ORIENTED_EDGE ( 'NONE', *, *, #2224, .T. ) ;
#3772 = LINE ( 'NONE', #3875, #5691 ) ;
#3773 = EDGE_CURVE ( 'NONE', #4670, #972, #2585, .T. ) ;
#3774 = ORIENTED_EDGE ( 'NONE', *, *, #200, .F. ) ;
#3775 = VECTOR ( 'NONE', #4423, 1000.000000000000000 ) ;
#3777 = ORIENTED_EDGE ( 'NONE', *, *, #2068, .T. ) ;
#3776 = EDGE_CURVE ( 'NONE', #3999, #1488, #2637, .T. ) ;
#3778 = CARTESIAN_POINT ( 'NONE',  ( -0.1200000000000003147, -3.180000000000000160, 0.1949999999999981470 ) ) ;
#3779 = EDGE_CURVE ( 'NONE', #4154, #4257, #2446, .T. ) ;
#3780 = ORIENTED_EDGE ( 'NONE', *, *, #2514, .F. ) ;
#3781 = LINE ( 'NONE', #3709, #5 ) ;
#3782 = EDGE_LOOP ( 'NONE', ( #3942, #3595, #4240, #5338 ) ) ;
#3783 = LINE ( 'NONE', #1811, #5770 ) ;
#3784 = CARTESIAN_POINT ( 'NONE',  ( -0.3200000000000008948, 0.000000000000000000, 2.024999999999999023 ) ) ;
#3785 = CARTESIAN_POINT ( 'NONE',  ( -6.325000000000002842, 0.6699999999999997069, 1.585000000000007736 ) ) ;
#3786 = CARTESIAN_POINT ( 'NONE',  ( 4.939999999999999503, 1.285879139104722704E-16, -1.584999999999999964 ) ) ;
#3787 = EDGE_CURVE ( 'NONE', #4725, #410, #353, .T. ) ;
#3788 = EDGE_LOOP ( 'NONE', ( #5371, #5719, #4205, #277 ) ) ;
#3789 = VECTOR ( 'NONE', #3818, 1000.000000000000000 ) ;
#3790 = DIRECTION ( 'NONE',  ( 0.000000000000000000, -1.000000000000000000, 3.614007241618347785E-16 ) ) ;
#3791 = ORIENTED_EDGE ( 'NONE', *, *, #2458, .F. ) ;
#3792 = LINE ( 'NONE', #2757, #1872 ) ;
#3793 = CARTESIAN_POINT ( 'NONE',  ( -4.924999999999998934, 9.900000000000000355, 2.274999999999998135 ) ) ;
#3794 = PLANE ( 'NONE',  #709 ) ;
#3795 = AXIS2_PLACEMENT_3D ( 'NONE', #2594, #1768, #1323 ) ;
#3796 = DIRECTION ( 'NONE',  ( 4.494102269369967741E-16, 2.744815626545581052E-16, -1.000000000000000000 ) ) ;
#3797 = DIRECTION ( 'NONE',  ( 0.000000000000000000, -1.000000000000000000, 0.000000000000000000 ) ) ;
#3798 = ORIENTED_EDGE ( 'NONE', *, *, #1340, .T. ) ;
#3799 = LINE ( 'NONE', #519, #5783 ) ;
#3800 = LINE ( 'NONE', #1532, #182 ) ;
#3801 = PLANE ( 'NONE',  #395 ) ;
#3802 = VERTEX_POINT ( 'NONE', #2137 ) ;
#3803 = DIRECTION ( 'NONE',  ( 0.000000000000000000, 0.000000000000000000, -1.000000000000000000 ) ) ;
#3804 = FACE_OUTER_BOUND ( 'NONE', #5317, .T. ) ;
#3805 = PRODUCT_DEFINITION ( 'UNKNOWN', '', #5800, #790 ) ;
#3806 = UNCERTAINTY_MEASURE_WITH_UNIT (LENGTH_MEASURE( 1.000000000000000082E-05 ), #4993, 'distance_accuracy_value', 'NONE');
#3807 = DIRECTION ( 'NONE',  ( 0.000000000000000000, 0.000000000000000000, -1.000000000000000000 ) ) ;
#3808 = DIRECTION ( 'NONE',  ( -0.000000000000000000, -0.000000000000000000, 1.000000000000000000 ) ) ;
#3809 = ORIENTED_EDGE ( 'NONE', *, *, #4247, .F. ) ;
#3810 = EDGE_CURVE ( 'NONE', #3219, #3111, #2456, .T. ) ;
#3811 = CARTESIAN_POINT ( 'NONE',  ( 0.000000000000000000, 7.500000000000001776, 0.1949999999999994238 ) ) ;
#3812 = FACE_OUTER_BOUND ( 'NONE', #3134, .T. ) ;
#3813 = FACE_OUTER_BOUND ( 'NONE', #1531, .T. ) ;
#3814 = DIRECTION ( 'NONE',  ( -1.000000000000000000, 0.000000000000000000, -0.000000000000000000 ) ) ;
#3815 = DIRECTION ( 'NONE',  ( 1.000000000000000000, 0.000000000000000000, 0.000000000000000000 ) ) ;
#3816 = ORIENTED_EDGE ( 'NONE', *, *, #967, .F. ) ;
#3817 = AXIS2_PLACEMENT_3D ( 'NONE', #2863, #4564, #3221 ) ;
#3818 = DIRECTION ( 'NONE',  ( -4.494102269369967741E-16, 0.000000000000000000, -1.000000000000000000 ) ) ;
#3819 = ORIENTED_EDGE ( 'NONE', *, *, #458, .F. ) ;
#3820 = VECTOR ( 'NONE', #4310, 1000.000000000000000 ) ;
#3821 = LINE ( 'NONE', #5470, #1921 ) ;
#3822 = EDGE_LOOP ( 'NONE', ( #2605, #2638, #4458, #4555 ) ) ;
#3823 = FACE_OUTER_BOUND ( 'NONE', #2988, .T. ) ;
#3824 = PLANE ( 'NONE',  #3944 ) ;
#3825 = CARTESIAN_POINT ( 'NONE',  ( -6.325000000000001066, 8.499999999999996447, -1.584999999999999742 ) ) ;
#3826 = LINE ( 'NONE', #149, #19 ) ;
#3827 = PLANE ( 'NONE',  #3305 ) ;
#3828 = EDGE_CURVE ( 'NONE', #754, #2753, #4443, .T. ) ;
#3829 = ORIENTED_EDGE ( 'NONE', *, *, #3152, .T. ) ;
#3830 = VECTOR ( 'NONE', #4188, 1000.000000000000000 ) ;
#3831 = VECTOR ( 'NONE', #2973, 1000.000000000000000 ) ;
#3832 = EDGE_CURVE ( 'NONE', #3527, #4187, #4293, .T. ) ;
#3833 = ORIENTED_EDGE ( 'NONE', *, *, #2238, .T. ) ;
#3834 = CARTESIAN_POINT ( 'NONE',  ( 2.679999999999999272, 1.350000000000000089, -1.585000000000000409 ) ) ;
#3835 =( LENGTH_UNIT ( ) NAMED_UNIT ( * ) SI_UNIT ( .MILLI., .METRE. ) );
#3836 = DIRECTION ( 'NONE',  ( 0.000000000000000000, 0.000000000000000000, 1.000000000000000000 ) ) ;
#3837 = DIRECTION ( 'NONE',  ( 0.000000000000000000, 1.000000000000000000, -3.212450881438528789E-16 ) ) ;
#3838 = EDGE_LOOP ( 'NONE', ( #17, #1631, #2159, #1375 ) ) ;
#3839 = ADVANCED_FACE ( 'NONE', ( #2498 ), #3167, .F. ) ;
#3840 = VECTOR ( 'NONE', #4685, 999.9999999999998863 ) ;
#3841 = CARTESIAN_POINT ( 'NONE',  ( -6.325000000000002842, 0.6699999999999997069, 1.585000000000007736 ) ) ;
#3842 = EDGE_CURVE ( 'NONE', #1, #251, #4466, .T. ) ;
#3843 = ORIENTED_EDGE ( 'NONE', *, *, #821, .F. ) ;
#3844 = VECTOR ( 'NONE', #4045, 1000.000000000000000 ) ;
#3845 = EDGE_CURVE ( 'NONE', #723, #1254, #4353, .T. ) ;
#3846 = AXIS2_PLACEMENT_3D ( 'NONE', #5417, #2225, #5490 ) ;
#3847 = PLANE ( 'NONE',  #2360 ) ;
#3848 = CARTESIAN_POINT ( 'NONE',  ( 0.3199999999999991185, 1.349999999999999867, -0.005000000000001448598 ) ) ;
#3849 = ORIENTED_EDGE ( 'NONE', *, *, #2775, .T. ) ;
#3850 = DIRECTION ( 'NONE',  ( -0.3015113445777614087, 0.9045340337332923308, 0.3015113445777614087 ) ) ;
#3851 = FACE_OUTER_BOUND ( 'NONE', #2643, .T. ) ;
#3852 = LINE ( 'NONE', #1421, #5776 ) ;
#3853 = CARTESIAN_POINT ( 'NONE',  ( -5.389999999999997904, 0.000000000000000000, 2.024999999999999023 ) ) ;
#3854 = ADVANCED_FACE ( 'NONE', ( #365 ), #1769, .F. ) ;
#3855 = EDGE_CURVE ( 'NONE', #1293, #5120, #2464, .T. ) ;
#3856 = AXIS2_PLACEMENT_3D ( 'NONE', #3341, #4714, #2434 ) ;
#3857 = CARTESIAN_POINT ( 'NONE',  ( 3.319999999999998952, 7.500000000000001776, 0.6349999999999988987 ) ) ;
#3858 = ORIENTED_EDGE ( 'NONE', *, *, #1320, .T. ) ;
#3859 = VECTOR ( 'NONE', #65, 1000.000000000000000 ) ;
#3860 = VECTOR ( 'NONE', #2249, 1000.000000000000227 ) ;
#3861 = VECTOR ( 'NONE', #1399, 1000.000000000000000 ) ;
#3862 = DIRECTION ( 'NONE',  ( 1.000000000000000000, -0.000000000000000000, -1.707404996040164018E-16 ) ) ;
#3863 = AXIS2_PLACEMENT_3D ( 'NONE', #2035, #665, #1140 ) ;
#3864 = EDGE_CURVE ( 'NONE', #5620, #3752, #4328, .T. ) ;
#3865 = CARTESIAN_POINT ( 'NONE',  ( -4.924999999999998934, 9.900000000000000355, -0.9550000000000011813 ) ) ;
#3866 = LINE ( 'NONE', #1033, #2024 ) ;
#3867 = DIRECTION ( 'NONE',  ( 1.000000000000000000, -0.000000000000000000, -4.494102269369967741E-16 ) ) ;
#3868 = ORIENTED_EDGE ( 'NONE', *, *, #4678, .T. ) ;
#3869 = LINE ( 'NONE', #5093, #1935 ) ;
#3870 = LINE ( 'NONE', #3260, #2001 ) ;
#3871 = CARTESIAN_POINT ( 'NONE',  ( -0.3200000000000008393, 1.349999999999999645, 0.6349999999999985656 ) ) ;
#3872 = DIRECTION ( 'NONE',  ( -1.984809469081015402E-16, 0.000000000000000000, -1.000000000000000000 ) ) ;
#3873 = CARTESIAN_POINT ( 'NONE',  ( 3.080454545454544668, 7.618636363636364095, 0.3954545454545445593 ) ) ;
#3874 = CARTESIAN_POINT ( 'NONE',  ( -6.325000000000002842, -3.252606517456513302E-16, 1.585000000000007958 ) ) ;
#3875 = CARTESIAN_POINT ( 'NONE',  ( 6.324999999999999289, 9.900000000000002132, 1.584999999999999076 ) ) ;
#3876 = DIRECTION ( 'NONE',  ( 0.000000000000000000, -1.000000000000000000, -1.807003620809173892E-16 ) ) ;
#3877 = ORIENTED_EDGE ( 'NONE', *, *, #4833, .T. ) ;
#3878 = AXIS2_PLACEMENT_3D ( 'NONE', #3909, #4873, #5281 ) ;
#3879 = VECTOR ( 'NONE', #3213, 1000.000000000000000 ) ;
#3880 = LINE ( 'NONE', #3183, #5784 ) ;
#3881 = DIRECTION ( 'NONE',  ( -1.000000000000000000, 0.000000000000000000, -0.000000000000000000 ) ) ;
#3882 = UNCERTAINTY_MEASURE_WITH_UNIT (LENGTH_MEASURE( 1.000000000000000082E-05 ), #1667, 'distance_accuracy_value', 'NONE');
#3883 = EDGE_CURVE ( 'NONE', #1002, #5250, #2476, .T. ) ;
#3884 = LINE ( 'NONE', #422, #1865 ) ;
#3885 = AXIS2_PLACEMENT_3D ( 'NONE', #3811, #4448, #4769 ) ;
#3886 = DIRECTION ( 'NONE',  ( 0.000000000000000000, -2.744815626545581052E-16, -1.000000000000000000 ) ) ;
#3887 = EDGE_LOOP ( 'NONE', ( #5328, #631, #2621, #1705, #3435, #801, #2917, #717, #956, #4485, #2784, #867, #5491, #2795, #4629 ) ) ;
#3888 = CARTESIAN_POINT ( 'NONE',  ( -1.730000000000000870, 3.300000000000000711, 1.584999999999998632 ) ) ;
#3889 = ADVANCED_FACE ( 'NONE', ( #864 ), #5523, .F. ) ;
#3890 = LINE ( 'NONE', #3076, #5866 ) ;
#3891 = FACE_OUTER_BOUND ( 'NONE', #1394, .T. ) ;
#3892 = DIRECTION ( 'NONE',  ( 0.000000000000000000, 1.000000000000000000, -3.614007241618347785E-16 ) ) ;
#3893 = VERTEX_POINT ( 'NONE', #27 ) ;
#3894 = LINE ( 'NONE', #3913, #5903 ) ;
#3895 = LINE ( 'NONE', #5530, #5759 ) ;
#3896 = ADVANCED_FACE ( 'NONE', ( #4722 ), #5896, .T. ) ;
#3897 = FACE_OUTER_BOUND ( 'NONE', #3838, .T. ) ;
#3898 = DIRECTION ( 'NONE',  ( -1.000000000000000000, -0.000000000000000000, -0.000000000000000000 ) ) ;
#3899 = EDGE_CURVE ( 'NONE', #1209, #3078, #4745, .T. ) ;
#3900 = CARTESIAN_POINT ( 'NONE',  ( -3.120000000000000551, 7.500000000000001776, 0.4349999999999983324 ) ) ;
#3901 = CARTESIAN_POINT ( 'NONE',  ( 4.269999999999999574, 3.300000000000000711, 1.584999999999998632 ) ) ;
#3902 = ORIENTED_EDGE ( 'NONE', *, *, #5059, .F. ) ;
#3903 = VECTOR ( 'NONE', #4402, 1000.000000000000000 ) ;
#3904 = FACE_OUTER_BOUND ( 'NONE', #2941, .T. ) ;
#3905 = CARTESIAN_POINT ( 'NONE',  ( -2.680000000000001048, 3.300000000000000711, -0.005000000000001097317 ) ) ;
#3906 = DIRECTION ( 'NONE',  ( 4.494102269369967741E-16, 3.614007241618347785E-16, 1.000000000000000000 ) ) ;
#3907 = CARTESIAN_POINT ( 'NONE',  ( 2.879999999999999893, -3.180000000000000160, 0.4349999999999975553 ) ) ;
#3908 = EDGE_CURVE ( 'NONE', #1050, #2875, #727, .T. ) ;
#3909 = CARTESIAN_POINT ( 'NONE',  ( 1.152617068931111338E-15, -1.449999999999999956, 2.484999999999994547 ) ) ;
#3910 = VERTEX_POINT ( 'NONE', #989 ) ;
#3911 = LINE ( 'NONE', #5796, #2008 ) ;
#3912 = VECTOR ( 'NONE', #3292, 1000.000000000000000 ) ;
#3913 = CARTESIAN_POINT ( 'NONE',  ( -5.389999999999997904, 1.849999999999999201, 2.274999999999999023 ) ) ;
#3914 = DIRECTION ( 'NONE',  ( 0.000000000000000000, 2.744815626545581052E-16, 1.000000000000000000 ) ) ;
#3915 = EDGE_CURVE ( 'NONE', #4778, #4704, #2744, .T. ) ;
#3916 = DIRECTION ( 'NONE',  ( 0.3015113445777613532, -0.9045340337332925529, 0.3015113445777610757 ) ) ;
#3917 = EDGE_CURVE ( 'NONE', #3748, #1250, #2799, .T. ) ;
#3918 = VERTEX_POINT ( 'NONE', #949 ) ;
#3919 = PLANE ( 'NONE',  #5736 ) ;
#3920 = FACE_OUTER_BOUND ( 'NONE', #2081, .T. ) ;
#3921 = LINE ( 'NONE', #3049, #5859 ) ;
#3922 = DIRECTION ( 'NONE',  ( -0.000000000000000000, -0.000000000000000000, 1.000000000000000000 ) ) ;
#3923 = DIRECTION ( 'NONE',  ( 0.000000000000000000, -2.744815626545581052E-16, 1.000000000000000000 ) ) ;
#3924 = CARTESIAN_POINT ( 'NONE',  ( -3.320000000000000728, 1.349999999999999423, 2.024999999999999023 ) ) ;
#3925 = EDGE_LOOP ( 'NONE', ( #2504, #2592, #794, #2682, #571 ) ) ;
#3926 = AXIS2_PLACEMENT_3D ( 'NONE', #5564, #5899, #4017 ) ;
#3927 = VERTEX_POINT ( 'NONE', #2358 ) ;
#3928 = ADVANCED_FACE ( 'NONE', ( #2734 ), #2847, .F. ) ;
#3929 = VECTOR ( 'NONE', #803, 1000.000000000000000 ) ;
#3930 = VECTOR ( 'NONE', #556, 1000.000000000000000 ) ;
#3931 = PLANE ( 'NONE',  #5860 ) ;
#3932 = LINE ( 'NONE', #1441, #3844 ) ;
#3933 = DIRECTION ( 'NONE',  ( -1.233548213626064722E-31, 1.000000000000000000, -2.744815626545581052E-16 ) ) ;
#3934 = ORIENTED_EDGE ( 'NONE', *, *, #4578, .F. ) ;
#3935 = CARTESIAN_POINT ( 'NONE',  ( -6.325000000000003730, 0.6699999999999998179, -0.5599999999999923928 ) ) ;
#3936 = ORIENTED_EDGE ( 'NONE', *, *, #5219, .T. ) ;
#3937 = EDGE_CURVE ( 'NONE', #1069, #3721, #715, .T. ) ;
#3938 = VECTOR ( 'NONE', #3990, 1000.000000000000000 ) ;
#3939 = ADVANCED_FACE ( 'NONE', ( #4691 ), #868, .F. ) ;
#3940 = FILL_AREA_STYLE ('',( #3452 ) ) ;
#3941 = CARTESIAN_POINT ( 'NONE',  ( -3.320000000000000728, 0.6699999999999998179, 1.190000000000007940 ) ) ;
#3942 = ORIENTED_EDGE ( 'NONE', *, *, #369, .F. ) ;
#3943 = DIRECTION ( 'NONE',  ( 0.000000000000000000, -1.000000000000000000, 0.000000000000000000 ) ) ;
#3944 = AXIS2_PLACEMENT_3D ( 'NONE', #4782, #1159, #2096 ) ;
#3945 = EDGE_LOOP ( 'NONE', ( #4574, #725, #2328, #4765 ) ) ;
#3946 = LINE ( 'NONE', #3770, #5815 ) ;
#3947 = FACE_OUTER_BOUND ( 'NONE', #4148, .T. ) ;
#3948 = DIRECTION ( 'NONE',  ( 0.000000000000000000, 1.000000000000000000, 0.000000000000000000 ) ) ;
#3949 = CARTESIAN_POINT ( 'NONE',  ( 2.679999999999999272, 1.349999999999999423, 2.024999999999999023 ) ) ;
#3950 = VERTEX_POINT ( 'NONE', #4551 ) ;
#3951 = CARTESIAN_POINT ( 'NONE',  ( -0.3200000000000008393, -2.579999999999992966, -0.005000000000002157233 ) ) ;
#3952 = SURFACE_STYLE_USAGE ( .BOTH. , #4950 ) ;
#3953 = EDGE_CURVE ( 'NONE', #2014, #4406, #2834, .T. ) ;
#3954 = EDGE_LOOP ( 'NONE', ( #4260, #4234, #3643, #66, #1467 ) ) ;
#3955 = VECTOR ( 'NONE', #230, 1000.000000000000000 ) ;
#3956 = LINE ( 'NONE', #3857, #3831 ) ;
#3957 = CARTESIAN_POINT ( 'NONE',  ( -1.250000000000001110, 0.000000000000000000, 0.000000000000000000 ) ) ;
#3958 = DIRECTION ( 'NONE',  ( 4.494102269369967741E-16, 3.614007241618347785E-16, 1.000000000000000000 ) ) ;
#3959 = CARTESIAN_POINT ( 'NONE',  ( -6.325000000000001066, 8.499999999999996447, -1.584999999999999964 ) ) ;
#3960 = FACE_OUTER_BOUND ( 'NONE', #5682, .T. ) ;
#3961 = ORIENTED_EDGE ( 'NONE', *, *, #3585, .F. ) ;
#3962 = VERTEX_POINT ( 'NONE', #468 ) ;
#3963 = VECTOR ( 'NONE', #4843, 1000.000000000000000 ) ;
#3964 = EDGE_CURVE ( 'NONE', #4115, #4858, #4777, .T. ) ;
#3965 = PLANE ( 'NONE',  #1924 ) ;
#3966 = ORIENTED_EDGE ( 'NONE', *, *, #1652, .F. ) ;
#3967 = CARTESIAN_POINT ( 'NONE',  ( 2.679999999999999272, 6.899999999999995026, -0.005000000000001097317 ) ) ;
#3968 = CARTESIAN_POINT ( 'NONE',  ( 0.000000000000000000, -3.180000000000000160, 0.1949999999999981470 ) ) ;
#3969 = EDGE_CURVE ( 'NONE', #3277, #2203, #764, .T. ) ;
#3970 = EDGE_LOOP ( 'NONE', ( #247, #3706, #5145, #1225 ) ) ;
#3971 = ADVANCED_FACE ( 'NONE', ( #841 ), #805, .F. ) ;
#3972 = VECTOR ( 'NONE', #1965, 1000.000000000000000 ) ;
#3973 = SURFACE_STYLE_FILL_AREA ( #3413 ) ;
#3974 = EDGE_CURVE ( 'NONE', #3188, #2997, #797, .T. ) ;
#3975 = PLANE ( 'NONE',  #4386 ) ;
#3976 = SURFACE_SIDE_STYLE ('',( #3216 ) ) ;
#3977 = PLANE ( 'NONE',  #5461 ) ;
#3978 = ORIENTED_EDGE ( 'NONE', *, *, #1832, .F. ) ;
#3979 = FACE_BOUND ( 'NONE', #3925, .T. ) ;
#3980 = CARTESIAN_POINT ( 'NONE',  ( 6.325000000000000178, 0.000000000000000000, 2.784999999999999254 ) ) ;
#3981 = ORIENTED_EDGE ( 'NONE', *, *, #2264, .T. ) ;
#3982 = VECTOR ( 'NONE', #2078, 1000.000000000000000 ) ;
#3983 = CARTESIAN_POINT ( 'NONE',  ( -5.389999999999999680, 1.699999999999998623, -1.584999999999999964 ) ) ;
#3984 = CARTESIAN_POINT ( 'NONE',  ( -2.680000000000001048, 1.349999999999999423, 2.024999999999999023 ) ) ;
#3985 = DIRECTION ( 'NONE',  ( 0.000000000000000000, -0.000000000000000000, 1.000000000000000000 ) ) ;
#3986 = ADVANCED_FACE ( 'NONE', ( #4680 ), #2037, .F. ) ;
#3987 = ORIENTED_EDGE ( 'NONE', *, *, #3069, .F. ) ;
#3988 = EDGE_CURVE ( 'NONE', #4570, #4257, #738, .T. ) ;
#3989 = FACE_OUTER_BOUND ( 'NONE', #962, .T. ) ;
#3990 = DIRECTION ( 'NONE',  ( 0.000000000000000000, 1.000000000000000000, -3.236424395479117765E-16 ) ) ;
#3991 = CARTESIAN_POINT ( 'NONE',  ( 3.319999999999998952, 0.000000000000000000, 0.000000000000000000 ) ) ;
#3992 = DIRECTION ( 'NONE',  ( 1.000000000000000000, 0.000000000000000000, 0.000000000000000000 ) ) ;
#3993 = DIRECTION ( 'NONE',  ( 1.000000000000000000, -0.000000000000000000, -4.494102269369967741E-16 ) ) ;
#3994 = ORIENTED_EDGE ( 'NONE', *, *, #4344, .T. ) ;
#3995 = LINE ( 'NONE', #3853, #1920 ) ;
#3996 = DIRECTION ( 'NONE',  ( -1.000000000000000000, 0.000000000000000000, 1.280553747030123075E-16 ) ) ;
#3997 = CARTESIAN_POINT ( 'NONE',  ( 3.319999999999998952, 1.349999999999999423, 2.024999999999999023 ) ) ;
#3998 = AXIS2_PLACEMENT_3D ( 'NONE', #3479, #1243, #2062 ) ;
#3999 = VERTEX_POINT ( 'NONE', #2531 ) ;
#4000 = LINE ( 'NONE', #4275, #4010 ) ;
#4001 = ORIENTED_EDGE ( 'NONE', *, *, #5797, .F. ) ;
#4002 = FACE_OUTER_BOUND ( 'NONE', #2913, .T. ) ;
#4003 = LINE ( 'NONE', #3013, #4097 ) ;
#4004 = DIRECTION ( 'NONE',  ( 8.120859073038257045E-32, -1.000000000000000000, -1.807003620809174139E-16 ) ) ;
#4005 = CARTESIAN_POINT ( 'NONE',  ( -3.320000000000000728, 3.300000000000000711, -0.005000000000001097317 ) ) ;
#4006 = CARTESIAN_POINT ( 'NONE',  ( -0.3200000000000008393, 1.269999999999999796, -0.5599999999999949463 ) ) ;
#4007 = DIRECTION ( 'NONE',  ( 4.494102269369967741E-16, -0.000000000000000000, -1.000000000000000000 ) ) ;
#4008 = ORIENTED_EDGE ( 'NONE', *, *, #1861, .F. ) ;
#4009 = PLANE ( 'NONE',  #3795 ) ;
#4010 = VECTOR ( 'NONE', #4231, 1000.000000000000000 ) ;
#4011 = EDGE_CURVE ( 'NONE', #1061, #2223, #2851, .T. ) ;
#4012 = DIRECTION ( 'NONE',  ( 0.000000000000000000, -0.000000000000000000, -1.000000000000000000 ) ) ;
#4013 = ORIENTED_EDGE ( 'NONE', *, *, #3272, .T. ) ;
#4014 = AXIS2_PLACEMENT_3D ( 'NONE', #4676, #60, #1019 ) ;
#4015 = EDGE_CURVE ( 'NONE', #1897, #192, #816, .T. ) ;
#4016 = CARTESIAN_POINT ( 'NONE',  ( -6.325000000000003730, 0.6699999999999998179, -0.5599999999999923928 ) ) ;
#4017 = DIRECTION ( 'NONE',  ( 0.000000000000000000, -1.000000000000000000, 0.000000000000000000 ) ) ;
#4018 = DIRECTION ( 'NONE',  ( 0.000000000000000000, 0.000000000000000000, 1.000000000000000000 ) ) ;
#4019 = EDGE_LOOP ( 'NONE', ( #5602, #4176, #3565, #2101, #5496, #2147, #2304, #311, #5641, #172, #3978, #5520, #75, #5488 ) ) ;
#4020 = ORIENTED_EDGE ( 'NONE', *, *, #4600, .F. ) ;
#4021 = ADVANCED_FACE ( 'NONE', ( #751 ), #2999, .T. ) ;
#4022 = LINE ( 'NONE', #4358, #203 ) ;
#4023 = LINE ( 'NONE', #5114, #4174 ) ;
#4024 = DIRECTION ( 'NONE',  ( -0.000000000000000000, -0.000000000000000000, 1.000000000000000000 ) ) ;
#4025 = VERTEX_POINT ( 'NONE', #4911 ) ;
#4026 = EDGE_CURVE ( 'NONE', #1318, #1002, #854, .T. ) ;
#4027 = DIRECTION ( 'NONE',  ( 1.000000000000000000, 0.000000000000000000, 0.000000000000000000 ) ) ;
#4028 = ORIENTED_EDGE ( 'NONE', *, *, #5772, .F. ) ;
#4029 = DIRECTION ( 'NONE',  ( -0.000000000000000000, 1.000000000000000000, 1.801998070613027504E-16 ) ) ;
#4030 = FACE_OUTER_BOUND ( 'NONE', #829, .T. ) ;
#4031 = FACE_OUTER_BOUND ( 'NONE', #2876, .T. ) ;
#4032 = CARTESIAN_POINT ( 'NONE',  ( 2.679999999999999272, 7.500000000000001776, -0.005000000000001097317 ) ) ;
#4033 = EDGE_CURVE ( 'NONE', #2718, #5092, #2707, .T. ) ;
#4034 = CARTESIAN_POINT ( 'NONE',  ( 2.679999999999999272, 1.269999999999999796, -0.5599999999999962785 ) ) ;
#4035 = ADVANCED_FACE ( 'NONE', ( #4728 ), #4763, .F. ) ;
#4036 = DIRECTION ( 'NONE',  ( 1.000000000000000000, 0.000000000000000000, 0.000000000000000000 ) ) ;
#4037 = ORIENTED_EDGE ( 'NONE', *, *, #4125, .F. ) ;
#4038 = VECTOR ( 'NONE', #1555, 1000.000000000000000 ) ;
#4039 = FACE_OUTER_BOUND ( 'NONE', #5001, .T. ) ;
#4040 = EDGE_CURVE ( 'NONE', #5613, #4115, #808, .T. ) ;
#4041 = VERTEX_POINT ( 'NONE', #1181 ) ;
#4042 = LINE ( 'NONE', #5165, #226 ) ;
#4043 = FACE_OUTER_BOUND ( 'NONE', #936, .T. ) ;
#4044 = CARTESIAN_POINT ( 'NONE',  ( -0.1200000000000003147, 7.500000000000001776, 0.000000000000000000 ) ) ;
#4045 = DIRECTION ( 'NONE',  ( 0.7071067811865467956, 0.7071067811865483499, -0.000000000000000000 ) ) ;
#4046 = PLANE ( 'NONE',  #2957 ) ;
#4047 = ORIENTED_EDGE ( 'NONE', *, *, #4218, .T. ) ;
#4048 = CARTESIAN_POINT ( 'NONE',  ( 2.679999999999999272, 6.899999999999995026, 0.6349999999999988987 ) ) ;
#4049 = LINE ( 'NONE', #3692, #357 ) ;
#4050 = DIRECTION ( 'NONE',  ( -1.984809469081015648E-16, 0.000000000000000000, -1.000000000000000000 ) ) ;
#4051 = EDGE_CURVE ( 'NONE', #2389, #4778, #2755, .T. ) ;
#4052 = ORIENTED_EDGE ( 'NONE', *, *, #1461, .F. ) ;
#4053 = VECTOR ( 'NONE', #3071, 1000.000000000000000 ) ;
#4054 = CARTESIAN_POINT ( 'NONE',  ( -3.320000000000000728, 6.899999999999995026, 0.6349999999999988987 ) ) ;
#4055 = PLANE ( 'NONE',  #3211 ) ;
#4056 = DIRECTION ( 'NONE',  ( -1.000000000000000000, -0.000000000000000000, -0.000000000000000000 ) ) ;
#4057 = ORIENTED_EDGE ( 'NONE', *, *, #3864, .F. ) ;
#4058 = DIRECTION ( 'NONE',  ( -0.000000000000000000, -0.000000000000000000, 1.000000000000000000 ) ) ;
#4059 = FACE_OUTER_BOUND ( 'NONE', #4066, .T. ) ;
#4060 = AXIS2_PLACEMENT_3D ( 'NONE', #1797, #5440, #2253 ) ;
#4061 = EDGE_LOOP ( 'NONE', ( #2069, #4001, #3131, #3287 ) ) ;
#4062 = LINE ( 'NONE', #1550, #2219 ) ;
#4063 = LINE ( 'NONE', #1576, #2180 ) ;
#4064 = EDGE_CURVE ( 'NONE', #952, #2000, #2809, .T. ) ;
#4065 = CARTESIAN_POINT ( 'NONE',  ( 0.3199999999999991740, -1.081363123647112731E-15, -1.584999999999999964 ) ) ;
#4066 = EDGE_LOOP ( 'NONE', ( #1568, #2236, #2975, #2525 ) ) ;
#4067 = CARTESIAN_POINT ( 'NONE',  ( 6.325000000000000178, 9.900000000000002132, 1.189999999999998836 ) ) ;
#4068 = LINE ( 'NONE', #1150, #4324 ) ;
#4069 = ORIENTED_EDGE ( 'NONE', *, *, #3599, .F. ) ;
#4070 = ADVANCED_FACE ( 'NONE', ( #2892 ), #1664, .F. ) ;
#4071 = LINE ( 'NONE', #5798, #111 ) ;
#4072 = LINE ( 'NONE', #2920, #2144 ) ;
#4073 = DIRECTION ( 'NONE',  ( 0.000000000000000000, 1.000000000000000000, -3.236424395479117765E-16 ) ) ;
#4074 = PLANE ( 'NONE',  #2726 ) ;
#4075 = DIRECTION ( 'NONE',  ( -1.000000000000000000, 0.000000000000000000, 0.000000000000000000 ) ) ;
#4076 = PLANE ( 'NONE',  #1804 ) ;
#4077 = ORIENTED_EDGE ( 'NONE', *, *, #4522, .F. ) ;
#4078 =( GEOMETRIC_REPRESENTATION_CONTEXT ( 3 ) GLOBAL_UNCERTAINTY_ASSIGNED_CONTEXT ( ( #2703 ) ) GLOBAL_UNIT_ASSIGNED_CONTEXT ( ( #3835, #2558, #4837 ) ) REPRESENTATION_CONTEXT ( 'NONE', 'WORKASPACE' ) );
#4079 = VECTOR ( 'NONE', #4720, 1000.000000000000000 ) ;
#4080 = ORIENTED_EDGE ( 'NONE', *, *, #3937, .F. ) ;
#4081 = VECTOR ( 'NONE', #4659, 1000.000000000000000 ) ;
#4082 = VECTOR ( 'NONE', #5075, 1000.000000000000000 ) ;
#4084 = ORIENTED_EDGE ( 'NONE', *, *, #1526, .T. ) ;
#4083 = EDGE_CURVE ( 'NONE', #815, #3249, #4799, .T. ) ;
#4085 = AXIS2_PLACEMENT_3D ( 'NONE', #6, #486, #442 ) ;
#4086 = DIRECTION ( 'NONE',  ( 0.000000000000000000, 0.000000000000000000, -1.000000000000000000 ) ) ;
#4087 = ADVANCED_FACE ( 'NONE', ( #2818 ), #4361, .F. ) ;
#4088 = CARTESIAN_POINT ( 'NONE',  ( -3.619999999999993001, 9.900000000000000355, 1.584999999999998854 ) ) ;
#4089 = DIRECTION ( 'NONE',  ( 0.000000000000000000, 0.000000000000000000, -1.000000000000000000 ) ) ;
#4090 = ORIENTED_EDGE ( 'NONE', *, *, #5356, .T. ) ;
#4091 = CARTESIAN_POINT ( 'NONE',  ( -0.3200000000000008393, 6.899999999999995026, 0.6349999999999988987 ) ) ;
#4092 = AXIS2_PLACEMENT_3D ( 'NONE', #5799, #2080, #4267 ) ;
#4093 = LINE ( 'NONE', #2002, #209 ) ;
#4094 = VECTOR ( 'NONE', #3796, 1000.000000000000000 ) ;
#4095 = EDGE_CURVE ( 'NONE', #3927, #694, #2767, .T. ) ;
#4096 = VERTEX_POINT ( 'NONE', #77 ) ;
#4097 = VECTOR ( 'NONE', #3437, 1000.000000000000000 ) ;
#4098 = ORIENTED_EDGE ( 'NONE', *, *, #369, .T. ) ;
#4099 = CARTESIAN_POINT ( 'NONE',  ( -5.389999999999999680, 1.269999999999999796, 1.190000000000007718 ) ) ;
#4100 = CARTESIAN_POINT ( 'NONE',  ( -6.325000000000001066, 0.000000000000000000, -0.9549999999999924105 ) ) ;
#4101 = CARTESIAN_POINT ( 'NONE',  ( 6.325000000000000178, 8.499999999999996447, 1.044999999999998819 ) ) ;
#4102 = ORIENTED_EDGE ( 'NONE', *, *, #1267, .T. ) ;
#4103 = DIRECTION ( 'NONE',  ( 1.000000000000000000, -0.000000000000000000, -4.494102269369967741E-16 ) ) ;
#4104 = VECTOR ( 'NONE', #1716, 1000.000000000000000 ) ;
#4105 = ORIENTED_EDGE ( 'NONE', *, *, #1326, .T. ) ;
#4106 = VECTOR ( 'NONE', #4563, 1000.000000000000114 ) ;
#4107 = VECTOR ( 'NONE', #3027, 1000.000000000000000 ) ;
#4108 = EDGE_CURVE ( 'NONE', #5235, #553, #4786, .T. ) ;
#4109 = ORIENTED_EDGE ( 'NONE', *, *, #1004, .T. ) ;
#4110 = EDGE_CURVE ( 'NONE', #1293, #219, #2780, .T. ) ;
#4111 = CARTESIAN_POINT ( 'NONE',  ( -4.939999999999999503, -1.081363123647112731E-15, -1.584999999999999964 ) ) ;
#4112 = VERTEX_POINT ( 'NONE', #2821 ) ;
#4113 = DIRECTION ( 'NONE',  ( 1.000000000000000000, -0.000000000000000000, -4.494102269369967741E-16 ) ) ;
#4114 = LINE ( 'NONE', #3275, #155 ) ;
#4115 = VERTEX_POINT ( 'NONE', #4157 ) ;
#4116 = LINE ( 'NONE', #4620, #4082 ) ;
#4117 = ORIENTED_EDGE ( 'NONE', *, *, #3, .T. ) ;
#4118 = DIRECTION ( 'NONE',  ( 0.000000000000000000, 0.000000000000000000, -1.000000000000000000 ) ) ;
#4119 = CARTESIAN_POINT ( 'NONE',  ( -2.680000000000001048, -7.265096679918780609, 0.6349999999999970113 ) ) ;
#4120 = EDGE_CURVE ( 'NONE', #3724, #5061, #2871, .T. ) ;
#4121 = DIRECTION ( 'NONE',  ( 4.494102269369967741E-16, 3.236424395479117765E-16, 1.000000000000000000 ) ) ;
#4122 = VERTEX_POINT ( 'NONE', #3181 ) ;
#4123 = VECTOR ( 'NONE', #593, 1000.000000000000000 ) ;
#4124 = VECTOR ( 'NONE', #5212, 1000.000000000000000 ) ;
#4125 = EDGE_CURVE ( 'NONE', #2639, #599, #4814, .T. ) ;
#4126 = EDGE_LOOP ( 'NONE', ( #289, #5760, #195, #1907, #5322 ) ) ;
#4127 = AXIS2_PLACEMENT_3D ( 'NONE', #508, #549, #4973 ) ;
#4128 = ADVANCED_FACE ( 'NONE', ( #885 ), #400, .F. ) ;
#4129 = VECTOR ( 'NONE', #272, 1000.000000000000000 ) ;
#4130 = LINE ( 'NONE', #3874, #4107 ) ;
#4131 = DIRECTION ( 'NONE',  ( 1.000000000000000000, -0.000000000000000000, -4.494102269369967741E-16 ) ) ;
#4132 = ORIENTED_EDGE ( 'NONE', *, *, #5445, .T. ) ;
#4133 = DIRECTION ( 'NONE',  ( 1.000000000000000000, 0.000000000000000000, -0.000000000000000000 ) ) ;
#4134 = DIRECTION ( 'NONE',  ( 0.000000000000000000, 0.000000000000000000, -1.000000000000000000 ) ) ;
#4135 = VECTOR ( 'NONE', #3297, 1000.000000000000000 ) ;
#4136 = DIRECTION ( 'NONE',  ( -1.000000000000000000, -0.000000000000000000, -0.000000000000000000 ) ) ;
#4137 = DIRECTION ( 'NONE',  ( 0.000000000000000000, -0.000000000000000000, 1.000000000000000000 ) ) ;
#4138 = VERTEX_POINT ( 'NONE', #1376 ) ;
#4139 = EDGE_CURVE ( 'NONE', #644, #4673, #4832, .T. ) ;
#4140 = PLANE ( 'NONE',  #2186 ) ;
#4141 = LINE ( 'NONE', #1070, #2076 ) ;
#4142 = FACE_OUTER_BOUND ( 'NONE', #489, .T. ) ;
#4143 = CARTESIAN_POINT ( 'NONE',  ( -0.3200000000000008393, -2.579999999999992966, 0.6349999999999970113 ) ) ;
#4144 = ORIENTED_EDGE ( 'NONE', *, *, #1679, .F. ) ;
#4145 = AXIS2_PLACEMENT_3D ( 'NONE', #1141, #5285, #1583 ) ;
#4146 = VECTOR ( 'NONE', #2610, 1000.000000000000000 ) ;
#4147 = VECTOR ( 'NONE', #3241, 1000.000000000000000 ) ;
#4148 = EDGE_LOOP ( 'NONE', ( #551, #577, #4077, #4821 ) ) ;
#4149 = CARTESIAN_POINT ( 'NONE',  ( 4.939999999999999503, 0.6699999999999998179, 1.190000000000002833 ) ) ;
#4150 = DIRECTION ( 'NONE',  ( 0.000000000000000000, -1.000000000000000000, 0.000000000000000000 ) ) ;
#4151 = ORIENTED_EDGE ( 'NONE', *, *, #5482, .T. ) ;
#4152 = DIRECTION ( 'NONE',  ( 0.000000000000000000, -2.995465716473997569E-16, -1.000000000000000000 ) ) ;
#4153 = EDGE_CURVE ( 'NONE', #3475, #3409, #958, .T. ) ;
#4154 = VERTEX_POINT ( 'NONE', #880 ) ;
#4155 = LINE ( 'NONE', #2351, #4163 ) ;
#4156 = ORIENTED_EDGE ( 'NONE', *, *, #5022, .T. ) ;
#4157 = CARTESIAN_POINT ( 'NONE',  ( 4.940000000000000391, 0.6699999999999997069, -0.9549999999999974065 ) ) ;
#4158 = VERTEX_POINT ( 'NONE', #1938 ) ;
#4159 = EDGE_CURVE ( 'NONE', #3510, #1117, #3095, .T. ) ;
#4160 = DIRECTION ( 'NONE',  ( -0.000000000000000000, 2.744815626545581052E-16, 1.000000000000000000 ) ) ;
#4161 = ORIENTED_EDGE ( 'NONE', *, *, #2416, .F. ) ;
#4162 = FACE_OUTER_BOUND ( 'NONE', #2121, .T. ) ;
#4163 = VECTOR ( 'NONE', #2802, 1000.000000000000000 ) ;
#4164 = EDGE_LOOP ( 'NONE', ( #1414, #779, #1645, #836, #3240, #706 ) ) ;
#4165 =( NAMED_UNIT ( * ) SI_UNIT ( $, .STERADIAN. ) SOLID_ANGLE_UNIT ( ) );
#4166 = CARTESIAN_POINT ( 'NONE',  ( -4.939999999999999503, 0.6699999999999997069, -0.9549999999999929656 ) ) ;
#4167 = AXIS2_PLACEMENT_3D ( 'NONE', #3217, #5425, #5832 ) ;
#4168 = PLANE ( 'NONE',  #4644 ) ;
#4169 = ORIENTED_EDGE ( 'NONE', *, *, #2416, .T. ) ;
#4170 = LINE ( 'NONE', #5169, #4038 ) ;
#4171 = DIRECTION ( 'NONE',  ( -4.494102269369967741E-16, 0.000000000000000000, 1.000000000000000000 ) ) ;
#4172 = ORIENTED_EDGE ( 'NONE', *, *, #5247, .T. ) ;
#4173 = VECTOR ( 'NONE', #1744, 1000.000000000000000 ) ;
#4174 = VECTOR ( 'NONE', #5553, 1000.000000000000000 ) ;
#4175 = DIRECTION ( 'NONE',  ( -0.000000000000000000, 1.000000000000000000, -0.000000000000000000 ) ) ;
#4176 = ORIENTED_EDGE ( 'NONE', *, *, #2761, .T. ) ;
#4177 = DIRECTION ( 'NONE',  ( -0.000000000000000000, -0.7682212795973771824, -0.6401843996644782653 ) ) ;
#4178 = CARTESIAN_POINT ( 'NONE',  ( 1.729999999999998872, 9.900000000000000355, -0.9550000000000008482 ) ) ;
#4179 = ORIENTED_EDGE ( 'NONE', *, *, #2971, .T. ) ;
#4180 = EDGE_CURVE ( 'NONE', #4467, #4825, #978, .T. ) ;
#4181 = CARTESIAN_POINT ( 'NONE',  ( 4.939999999999999503, 1.285879139104722704E-16, -1.584999999999999964 ) ) ;
#4182 = VECTOR ( 'NONE', #2410, 1000.000000000000000 ) ;
#4183 = DIRECTION ( 'NONE',  ( 4.494102269369967741E-16, 3.236424395479117765E-16, 1.000000000000000000 ) ) ;
#4184 = ORIENTED_EDGE ( 'NONE', *, *, #2906, .F. ) ;
#4185 = ADVANCED_FACE ( 'NONE', ( #4961 ), #3256, .F. ) ;
#4186 = LINE ( 'NONE', #4349, #4053 ) ;
#4187 = VERTEX_POINT ( 'NONE', #440 ) ;
#4188 = DIRECTION ( 'NONE',  ( 0.000000000000000000, 0.000000000000000000, 1.000000000000000000 ) ) ;
#4189 = CARTESIAN_POINT ( 'NONE',  ( 0.000000000000000000, 1.699999999999998623, 2.024999999999999023 ) ) ;
#4190 = ORIENTED_EDGE ( 'NONE', *, *, #2459, .T. ) ;
#4191 = AXIS2_PLACEMENT_3D ( 'NONE', #1949, #3958, #4772 ) ;
#4192 = LINE ( 'NONE', #4767, #48 ) ;
#4193 = DIRECTION ( 'NONE',  ( -0.000000000000000000, -0.000000000000000000, 1.000000000000000000 ) ) ;
#4194 = EDGE_CURVE ( 'NONE', #3270, #4673, #1053, .T. ) ;
#4195 = VERTEX_POINT ( 'NONE', #4065 ) ;
#4196 = DIRECTION ( 'NONE',  ( 0.000000000000000000, 3.388131789017201849E-16, -1.000000000000000000 ) ) ;
#4197 = LINE ( 'NONE', #2730, #457 ) ;
#4198 = ORIENTED_EDGE ( 'NONE', *, *, #4459, .F. ) ;
#4199 = DIRECTION ( 'NONE',  ( 0.000000000000000000, 0.000000000000000000, -1.000000000000000000 ) ) ;
#4200 = LINE ( 'NONE', #85, #4398 ) ;
#4201 = ORIENTED_EDGE ( 'NONE', *, *, #758, .T. ) ;
#4202 = DIRECTION ( 'NONE',  ( 0.000000000000000000, 1.000000000000000000, 0.000000000000000000 ) ) ;
#4203 = EDGE_CURVE ( 'NONE', #2862, #2600, #5242, .T. ) ;
#4204 = DIRECTION ( 'NONE',  ( 0.000000000000000000, 3.388131789017201849E-16, -1.000000000000000000 ) ) ;
#4205 = ORIENTED_EDGE ( 'NONE', *, *, #5595, .F. ) ;
#4206 = LINE ( 'NONE', #306, #2281 ) ;
#4207 = ORIENTED_EDGE ( 'NONE', *, *, #3988, .T. ) ;
#4208 = DIRECTION ( 'NONE',  ( 1.000000000000000000, -0.000000000000000000, 0.000000000000000000 ) ) ;
#4209 = DIRECTION ( 'NONE',  ( 0.000000000000000000, 0.000000000000000000, 1.000000000000000000 ) ) ;
#4210 = CARTESIAN_POINT ( 'NONE',  ( 0.3199999999999991185, -2.579999999999992966, -0.005000000000003001176 ) ) ;
#4211 = CIRCLE ( 'NONE', #1858, 0.5000000000000004441 ) ;
#4212 = ORIENTED_EDGE ( 'NONE', *, *, #5435, .T. ) ;
#4213 = EDGE_CURVE ( 'NONE', #2753, #668, #5130, .T. ) ;
#4214 = AXIS2_PLACEMENT_3D ( 'NONE', #4332, #1197, #3655 ) ;
#4215 = ORIENTED_EDGE ( 'NONE', *, *, #3033, .F. ) ;
#4216 = FACE_OUTER_BOUND ( 'NONE', #1860, .T. ) ;
#4217 = VECTOR ( 'NONE', #1371, 1000.000000000000000 ) ;
#4218 = EDGE_CURVE ( 'NONE', #1111, #5178, #1482, .T. ) ;
#4219 = ORIENTED_EDGE ( 'NONE', *, *, #1805, .F. ) ;
#4220 = DIRECTION ( 'NONE',  ( 0.000000000000000000, 0.000000000000000000, -1.000000000000000000 ) ) ;
#4221 = CARTESIAN_POINT ( 'NONE',  ( 2.679999999999999272, 0.6699999999999998179, -0.5599999999999930589 ) ) ;
#4222 = ORIENTED_EDGE ( 'NONE', *, *, #3340, .T. ) ;
#4223 = MECHANICAL_DESIGN_GEOMETRIC_PRESENTATION_REPRESENTATION (  '', ( #3289 ), #1617 ) ;
#4224 = CARTESIAN_POINT ( 'NONE',  ( 1.250000000000001110, 8.300000000000000711, 2.274999999999999467 ) ) ;
#4225 = VERTEX_POINT ( 'NONE', #5021 ) ;
#4226 = VECTOR ( 'NONE', #2065, 1000.000000000000000 ) ;
#4227 = VECTOR ( 'NONE', #1411, 1000.000000000000000 ) ;
#4228 = EDGE_LOOP ( 'NONE', ( #5171, #526, #1124, #4640, #5298 ) ) ;
#4229 = VECTOR ( 'NONE', #3996, 1000.000000000000000 ) ;
#4230 = EDGE_LOOP ( 'NONE', ( #2582, #2733, #2626, #4521 ) ) ;
#4231 = DIRECTION ( 'NONE',  ( 0.000000000000000000, -1.000000000000000000, 3.614007241618347785E-16 ) ) ;
#4232 = DIRECTION ( 'NONE',  ( 1.000000000000000000, -0.000000000000000000, -4.494102269369967741E-16 ) ) ;
#4233 = VECTOR ( 'NONE', #756, 1000.000000000000000 ) ;
#4234 = ORIENTED_EDGE ( 'NONE', *, *, #5744, .F. ) ;
#4235 = DIRECTION ( 'NONE',  ( 0.000000000000000000, 1.000000000000000000, -3.236424395479117765E-16 ) ) ;
#4236 = ADVANCED_FACE ( 'NONE', ( #1497 ), #2243, .F. ) ;
#4237 = FACE_OUTER_BOUND ( 'NONE', #385, .T. ) ;
#4238 = LINE ( 'NONE', #1545, #480 ) ;
#4240 = ORIENTED_EDGE ( 'NONE', *, *, #2699, .T. ) ;
#4239 = EDGE_CURVE ( 'NONE', #1989, #3332, #1524, .T. ) ;
#4241 = CARTESIAN_POINT ( 'NONE',  ( 2.679999999999999272, -7.265096679918780609, -0.005000000000003001176 ) ) ;
#4242 = VECTOR ( 'NONE', #1347, 1000.000000000000000 ) ;
#4243 = ORIENTED_EDGE ( 'NONE', *, *, #451, .T. ) ;
#4244 = DIRECTION ( 'NONE',  ( -4.494102269369967741E-16, 1.807003620809173892E-16, -1.000000000000000000 ) ) ;
#4245 = AXIS2_PLACEMENT_3D ( 'NONE', #5433, #444, #4571 ) ;
#4246 = LINE ( 'NONE', #3121, #4418 ) ;
#4247 = EDGE_CURVE ( 'NONE', #2617, #587, #3451, .T. ) ;
#4248 = ORIENTED_EDGE ( 'NONE', *, *, #4645, .T. ) ;
#4249 = FACE_OUTER_BOUND ( 'NONE', #4719, .T. ) ;
#4250 = EDGE_LOOP ( 'NONE', ( #3077, #3710, #5638, #3127 ) ) ;
#4251 = PLANE ( 'NONE',  #5175 ) ;
#4252 = LINE ( 'NONE', #3056, #427 ) ;
#4253 = CARTESIAN_POINT ( 'NONE',  ( 0.3199999999999991185, 0.6699999999999998179, 1.190000000000004832 ) ) ;
#4254 = EDGE_LOOP ( 'NONE', ( #3481, #874, #712, #2691 ) ) ;
#4255 = LINE ( 'NONE', #1343, #2339 ) ;
#4256 = LINE ( 'NONE', #2581, #334 ) ;
#4257 = VERTEX_POINT ( 'NONE', #4483 ) ;
#4258 = LINE ( 'NONE', #218, #335 ) ;
#4259 = LINE ( 'NONE', #2773, #4405 ) ;
#4260 = ORIENTED_EDGE ( 'NONE', *, *, #1950, .F. ) ;
#4261 = PLANE ( 'NONE',  #5189 ) ;
#4262 = DIRECTION ( 'NONE',  ( 0.000000000000000000, 0.000000000000000000, -1.000000000000000000 ) ) ;
#4263 = PLANE ( 'NONE',  #4829 ) ;
#4264 = CARTESIAN_POINT ( 'NONE',  ( -3.120000000000000551, -3.180000000000000160, 0.1949999999999981470 ) ) ;
#4265 = VERTEX_POINT ( 'NONE', #3147 ) ;
#4266 = LINE ( 'NONE', #139, #4333 ) ;
#4267 = DIRECTION ( 'NONE',  ( -4.494102269369967741E-16, 0.000000000000000000, -1.000000000000000000 ) ) ;
#4268 = LINE ( 'NONE', #4343, #2419 ) ;
#4269 = VECTOR ( 'NONE', #3106, 1000.000000000000000 ) ;
#4270 = VERTEX_POINT ( 'NONE', #963 ) ;
#4271 = EDGE_CURVE ( 'NONE', #3046, #3219, #5515, .T. ) ;
#4272 = ORIENTED_EDGE ( 'NONE', *, *, #2987, .F. ) ;
#4273 = SURFACE_SIDE_STYLE ('',( #2449 ) ) ;
#4274 = LINE ( 'NONE', #278, #2393 ) ;
#4275 = CARTESIAN_POINT ( 'NONE',  ( -6.325000000000002842, 1.269999999999999796, 1.190000000000007718 ) ) ;
#4276 = DIRECTION ( 'NONE',  ( -1.233548213626064722E-31, 1.000000000000000000, -2.744815626545581052E-16 ) ) ;
#4277 = ADVANCED_FACE ( 'NONE', ( #1619 ), #1787, .F. ) ;
#4278 = DIRECTION ( 'NONE',  ( 0.7071067811865426878, -0.000000000000000000, -0.7071067811865522357 ) ) ;
#4279 = CARTESIAN_POINT ( 'NONE',  ( -3.619999999999993001, 9.900000000000000355, 1.584999999999998854 ) ) ;
#4280 = LINE ( 'NONE', #3309, #2384 ) ;
#4281 = CARTESIAN_POINT ( 'NONE',  ( 0.3199999999999991740, 0.000000000000000000, 0.000000000000000000 ) ) ;
#4282 = VECTOR ( 'NONE', #3302, 1000.000000000000000 ) ;
#4283 = EDGE_LOOP ( 'NONE', ( #2968, #2766, #4687, #2508 ) ) ;
#4284 = VECTOR ( 'NONE', #2340, 1000.000000000000000 ) ;
#4285 = ORIENTED_EDGE ( 'NONE', *, *, #5837, .F. ) ;
#4286 = CARTESIAN_POINT ( 'NONE',  ( -6.325000000000002842, 0.6699999999999998179, 1.190000000000007940 ) ) ;
#4287 = CARTESIAN_POINT ( 'NONE',  ( 2.679999999999999272, 3.300000000000000711, -0.005000000000001097317 ) ) ;
#4288 = VECTOR ( 'NONE', #4449, 1000.000000000000000 ) ;
#4289 = ADVANCED_FACE ( 'NONE', ( #1517 ), #3360, .F. ) ;
#4290 = ORIENTED_EDGE ( 'NONE', *, *, #3093, .F. ) ;
#4291 = DIRECTION ( 'NONE',  ( -1.000000000000000000, 0.000000000000000000, 1.280553747030123075E-16 ) ) ;
#4292 = CARTESIAN_POINT ( 'NONE',  ( -3.320000000000000728, 3.300000000000000711, -0.005000000000001097317 ) ) ;
#4293 = LINE ( 'NONE', #5226, #512 ) ;
#4294 = CARTESIAN_POINT ( 'NONE',  ( -2.880000000000001670, -3.180000000000000160, 0.1949999999999981470 ) ) ;
#4295 = ORIENTED_EDGE ( 'NONE', *, *, #703, .T. ) ;
#4296 = EDGE_CURVE ( 'NONE', #5005, #34, #1472, .T. ) ;
#4297 = SURFACE_STYLE_USAGE ( .BOTH. , #2516 ) ;
#4298 = FACE_OUTER_BOUND ( 'NONE', #3767, .T. ) ;
#4299 = VECTOR ( 'NONE', #5349, 1000.000000000000000 ) ;
#4300 = LINE ( 'NONE', #1292, #4269 ) ;
#4301 = DIRECTION ( 'NONE',  ( -1.000000000000000000, 0.000000000000000000, 1.280553747030123322E-16 ) ) ;
#4302 = ORIENTED_EDGE ( 'NONE', *, *, #2181, .F. ) ;
#4303 = CARTESIAN_POINT ( 'NONE',  ( 4.939999999999999503, 1.699999999999999956, -1.584999999999999964 ) ) ;
#4304 = VECTOR ( 'NONE', #892, 1000.000000000000000 ) ;
#4305 = CARTESIAN_POINT ( 'NONE',  ( -3.320000000000000728, 1.349999999999999867, -0.005000000000001448598 ) ) ;
#4306 = VECTOR ( 'NONE', #3582, 1000.000000000000000 ) ;
#4307 = CARTESIAN_POINT ( 'NONE',  ( 6.325000000000001066, 0.6700000000000004841, -1.585000000000002629 ) ) ;
#4308 = VERTEX_POINT ( 'NONE', #3778 ) ;
#4309 = PLANE ( 'NONE',  #1135 ) ;
#4310 = DIRECTION ( 'NONE',  ( 1.000000000000000000, -0.000000000000000000, -4.494102269369967741E-16 ) ) ;
#4311 = DIRECTION ( 'NONE',  ( 1.000000000000000000, 0.000000000000000000, 0.000000000000000000 ) ) ;
#4312 = LINE ( 'NONE', #2086, #4104 ) ;
#4313 = DIRECTION ( 'NONE',  ( 0.000000000000000000, 1.000000000000000000, 0.000000000000000000 ) ) ;
#4314 = VECTOR ( 'NONE', #2601, 1000.000000000000000 ) ;
#4315 = FACE_OUTER_BOUND ( 'NONE', #2087, .T. ) ;
#4316 = ORIENTED_EDGE ( 'NONE', *, *, #1245, .T. ) ;
#4317 = LINE ( 'NONE', #1796, #2475 ) ;
#4318 = ORIENTED_EDGE ( 'NONE', *, *, #5418, .T. ) ;
#4319 = CARTESIAN_POINT ( 'NONE',  ( 2.679999999999999272, -1.081363123647112731E-15, -1.584999999999999964 ) ) ;
#4320 = EDGE_CURVE ( 'NONE', #3321, #441, #3499, .T. ) ;
#4321 = CARTESIAN_POINT ( 'NONE',  ( -6.835927835051544221, -0.7742268041237122533, 1.374072164948454411 ) ) ;
#4322 = CARTESIAN_POINT ( 'NONE',  ( 6.325000000000001954, -3.252606517456513302E-16, -0.9549999999999980727 ) ) ;
#4323 = CARTESIAN_POINT ( 'NONE',  ( -1.300000000000000044, 9.350000000000001421, -1.585000000000000187 ) ) ;
#4324 = VECTOR ( 'NONE', #3892, 1000.000000000000000 ) ;
#4325 = FACE_OUTER_BOUND ( 'NONE', #4724, .T. ) ;
#4326 = ORIENTED_EDGE ( 'NONE', *, *, #3828, .T. ) ;
#4327 = AXIS2_PLACEMENT_3D ( 'NONE', #5473, #2426, #3190 ) ;
#4328 = LINE ( 'NONE', #3968, #472 ) ;
#4329 = ORIENTED_EDGE ( 'NONE', *, *, #2495, .T. ) ;
#4330 = CARTESIAN_POINT ( 'NONE',  ( -2.250000000000001332, 0.000000000000000000, 0.000000000000000000 ) ) ;
#4331 = ADVANCED_FACE ( 'NONE', ( #3470 ), #601, .F. ) ;
#4332 = CARTESIAN_POINT ( 'NONE',  ( 1.269999999999999130, 3.300000000000000711, 0.9349999999999940581 ) ) ;
#4333 = VECTOR ( 'NONE', #3348, 1000.000000000000000 ) ;
#4334 = LINE ( 'NONE', #690, #2408 ) ;
#4335 = EDGE_LOOP ( 'NONE', ( #843, #4916, #1457, #3425 ) ) ;
#4336 = DIRECTION ( 'NONE',  ( -1.280553747030123322E-16, 0.000000000000000000, -1.000000000000000000 ) ) ;
#4337 = DIRECTION ( 'NONE',  ( -4.494102269369967741E-16, 0.000000000000000000, -1.000000000000000000 ) ) ;
#4338 = CARTESIAN_POINT ( 'NONE',  ( -2.836363636363641305, 8.350909090909087951, 0.4786363636363589746 ) ) ;
#4339 = COLOUR_RGB ( '',0.7921568627450980005, 0.8196078431372548767, 0.9333333333333333481 ) ;
#4340 = VECTOR ( 'NONE', #1642, 1000.000000000000000 ) ;
#4341 = DIRECTION ( 'NONE',  ( -1.000000000000000000, 0.000000000000000000, 4.494102269369967741E-16 ) ) ;
#4342 = ORIENTED_EDGE ( 'NONE', *, *, #4818, .T. ) ;
#4343 = CARTESIAN_POINT ( 'NONE',  ( -5.389999999999999680, 1.269999999999999796, 1.190000000000007274 ) ) ;
#4344 = EDGE_CURVE ( 'NONE', #1094, #2778, #3576, .T. ) ;
#4345 = VECTOR ( 'NONE', #2560, 1000.000000000000000 ) ;
#4346 = ADVANCED_FACE ( 'NONE', ( #3410 ), #5158, .F. ) ;
#4347 = VECTOR ( 'NONE', #4337, 1000.000000000000000 ) ;
#4348 = ORIENTED_EDGE ( 'NONE', *, *, #3371, .T. ) ;
#4349 = CARTESIAN_POINT ( 'NONE',  ( 5.674999999999999822, -1.449999999999999956, 2.784999999999999254 ) ) ;
#4350 = CARTESIAN_POINT ( 'NONE',  ( 3.319999999999998952, -2.579999999999992966, -0.005000000000003001176 ) ) ;
#4351 = EDGE_CURVE ( 'NONE', #4976, #5177, #5434, .T. ) ;
#4352 = FACE_OUTER_BOUND ( 'NONE', #1424, .T. ) ;
#4353 = LINE ( 'NONE', #4143, #2327 ) ;
#4354 = PLANE ( 'NONE',  #3878 ) ;
#4355 = ORIENTED_EDGE ( 'NONE', *, *, #900, .T. ) ;
#4356 = CARTESIAN_POINT ( 'NONE',  ( 1.250000000000001110, 8.300000000000000711, 2.774999999999999467 ) ) ;
#4357 = PLANE ( 'NONE',  #3863 ) ;
#4358 = CARTESIAN_POINT ( 'NONE',  ( -5.389999999999997904, 0.000000000000000000, 2.024999999999999023 ) ) ;
#4359 = LINE ( 'NONE', #5117, #2352 ) ;
#4360 = EDGE_CURVE ( 'NONE', #5105, #5150, #5538, .T. ) ;
#4361 = PLANE ( 'NONE',  #2823 ) ;
#4362 = LINE ( 'NONE', #5666, #4314 ) ;
#4363 = LINE ( 'NONE', #3825, #4347 ) ;
#4364 = ORIENTED_EDGE ( 'NONE', *, *, #1709, .T. ) ;
#4365 = LINE ( 'NONE', #5439, #372 ) ;
#4366 = ORIENTED_EDGE ( 'NONE', *, *, #4213, .T. ) ;
#4367 = DIRECTION ( 'NONE',  ( 0.000000000000000000, 2.744815626545581052E-16, 1.000000000000000000 ) ) ;
#4368 = EDGE_CURVE ( 'NONE', #1885, #4427, #3508, .T. ) ;
#4369 = PLANE ( 'NONE',  #4857 ) ;
#4370 = DIRECTION ( 'NONE',  ( 0.000000000000000000, 0.000000000000000000, -1.000000000000000000 ) ) ;
#4371 = PLANE ( 'NONE',  #5102 ) ;
#4372 = CARTESIAN_POINT ( 'NONE',  ( 5.390000000000000568, 0.6699999999999998179, 1.190000000000002611 ) ) ;
#4373 = CARTESIAN_POINT ( 'NONE',  ( -6.325000000000002842, 0.6699999999999998179, 1.190000000000007940 ) ) ;
#4374 = VECTOR ( 'NONE', #5152, 1000.000000000000000 ) ;
#4375 = LINE ( 'NONE', #5830, #2375 ) ;
#4376 = EDGE_CURVE ( 'NONE', #3111, #1880, #5472, .T. ) ;
#4377 = VERTEX_POINT ( 'NONE', #4303 ) ;
#4378 = VECTOR ( 'NONE', #3862, 1000.000000000000000 ) ;
#4379 = ORIENTED_EDGE ( 'NONE', *, *, #1492, .F. ) ;
#4380 = DIRECTION ( 'NONE',  ( 1.000000000000000000, -0.000000000000000000, 0.000000000000000000 ) ) ;
#4381 = VECTOR ( 'NONE', #1249, 1000.000000000000000 ) ;
#4382 = FACE_OUTER_BOUND ( 'NONE', #1648, .T. ) ;
#4383 = ORIENTED_EDGE ( 'NONE', *, *, #4468, .F. ) ;
#4384 = CARTESIAN_POINT ( 'NONE',  ( -0.3200000000000008393, 0.6699999999999998179, 1.190000000000007940 ) ) ;
#4385 = PLANE ( 'NONE',  #5465 ) ;
#4386 = AXIS2_PLACEMENT_3D ( 'NONE', #4592, #5421, #5011 ) ;
#4387 = EDGE_CURVE ( 'NONE', #2787, #974, #5463, .T. ) ;
#4388 = CARTESIAN_POINT ( 'NONE',  ( 1.729999999999998872, 3.300000000000000711, -0.9550000000000008482 ) ) ;
#4389 = ORIENTED_EDGE ( 'NONE', *, *, #2459, .F. ) ;
#4390 = ADVANCED_FACE ( 'NONE', ( #3434 ), #622, .F. ) ;
#4391 = AXIS2_PLACEMENT_3D ( 'NONE', #611, #1916, #973 ) ;
#4392 = VECTOR ( 'NONE', #1208, 1000.000000000000000 ) ;
#4393 = LINE ( 'NONE', #1615, #347 ) ;
#4394 = CARTESIAN_POINT ( 'NONE',  ( -6.325000000000002842, 1.269999999999999796, 1.190000000000007718 ) ) ;
#4395 = ORIENTED_EDGE ( 'NONE', *, *, #3204, .F. ) ;
#4396 = DIRECTION ( 'NONE',  ( 0.000000000000000000, 1.000000000000000000, 0.000000000000000000 ) ) ;
#4397 = PLANE ( 'NONE',  #2444 ) ;
#4398 = VECTOR ( 'NONE', #1502, 1000.000000000000000 ) ;
#4399 = ORIENTED_EDGE ( 'NONE', *, *, #154, .T. ) ;
#4400 = VECTOR ( 'NONE', #4445, 1000.000000000000000 ) ;
#4401 = MECHANICAL_DESIGN_GEOMETRIC_PRESENTATION_REPRESENTATION (  '', ( #5741 ), #4078 ) ;
#4402 = DIRECTION ( 'NONE',  ( 1.000000000000000000, -0.000000000000000000, -4.494102269369967741E-16 ) ) ;
#4403 = DIRECTION ( 'NONE',  ( -1.233548213626064722E-31, 1.000000000000000000, -2.744815626545581052E-16 ) ) ;
#4404 = ADVANCED_FACE ( 'NONE', ( #1547 ), #3794, .F. ) ;
#4405 = VECTOR ( 'NONE', #343, 1000.000000000000000 ) ;
#4406 = VERTEX_POINT ( 'NONE', #2991 ) ;
#4407 = AXIS2_PLACEMENT_3D ( 'NONE', #1170, #5277, #4220 ) ;
#4408 = ORIENTED_EDGE ( 'NONE', *, *, #57, .F. ) ;
#4409 = CARTESIAN_POINT ( 'NONE',  ( -5.389999999999999680, -1.320169249480846743E-15, 1.585000000000007514 ) ) ;
#4410 = CARTESIAN_POINT ( 'NONE',  ( 3.319999999999998952, 6.899999999999995026, 0.6349999999999988987 ) ) ;
#4411 = DIRECTION ( 'NONE',  ( 0.000000000000000000, -0.000000000000000000, -1.000000000000000000 ) ) ;
#4412 = DIRECTION ( 'NONE',  ( 0.000000000000000000, 0.000000000000000000, -1.000000000000000000 ) ) ;
#4413 = VECTOR ( 'NONE', #2702, 1000.000000000000000 ) ;
#4414 = ORIENTED_EDGE ( 'NONE', *, *, #4896, .T. ) ;
#4415 = PRESENTATION_STYLE_ASSIGNMENT (( #5843 ) ) ;
#4416 = ORIENTED_EDGE ( 'NONE', *, *, #5483, .T. ) ;
#4417 = DIRECTION ( 'NONE',  ( 0.000000000000000000, 0.3162277660168349991, -0.9486832980505148782 ) ) ;
#4418 = VECTOR ( 'NONE', #2124, 1000.000000000000000 ) ;
#4419 = LINE ( 'NONE', #1331, #2387 ) ;
#4420 = EDGE_LOOP ( 'NONE', ( #4499, #1076, #671, #762 ) ) ;
#4421 = CARTESIAN_POINT ( 'NONE',  ( -3.320000000000000728, 1.349999999999999645, 0.6349999999999985656 ) ) ;
#4422 = EDGE_CURVE ( 'NONE', #974, #5259, #1554, .T. ) ;
#4423 = DIRECTION ( 'NONE',  ( 0.000000000000000000, 3.388131789017201849E-16, -1.000000000000000000 ) ) ;
#4424 = VECTOR ( 'NONE', #626, 1000.000000000000000 ) ;
#4425 = EDGE_CURVE ( 'NONE', #4187, #3249, #5480, .T. ) ;
#4426 = CARTESIAN_POINT ( 'NONE',  ( 6.000000000000000000, 3.300000000000000711, 0.000000000000000000 ) ) ;
#4427 = VERTEX_POINT ( 'NONE', #1616 ) ;
#4428 = VECTOR ( 'NONE', #4029, 1000.000000000000000 ) ;
#4429 = DIRECTION ( 'NONE',  ( 0.000000000000000000, 1.801998070613027504E-16, -1.000000000000000000 ) ) ;
#4430 = ORIENTED_EDGE ( 'NONE', *, *, #5499, .F. ) ;
#4431 = ORIENTED_EDGE ( 'NONE', *, *, #5505, .T. ) ;
#4432 = CARTESIAN_POINT ( 'NONE',  ( -5.389999999999997904, 1.850000000000000089, 2.785000000000000586 ) ) ;
#4433 = CARTESIAN_POINT ( 'NONE',  ( 6.000000000000000000, 7.500000000000001776, 0.1949999999999994238 ) ) ;
#4434 = LINE ( 'NONE', #1444, #659 ) ;
#4435 = VERTEX_POINT ( 'NONE', #3907 ) ;
#4436 = ADVANCED_FACE ( 'NONE', ( #5380 ), #2559, .F. ) ;
#4437 = DIRECTION ( 'NONE',  ( 0.000000000000000000, -0.000000000000000000, 1.000000000000000000 ) ) ;
#4438 = VECTOR ( 'NONE', #2575, 1000.000000000000227 ) ;
#4439 = ORIENTED_EDGE ( 'NONE', *, *, #1439, .F. ) ;
#4440 = EDGE_CURVE ( 'NONE', #410, #4112, #1562, .T. ) ;
#4441 = ORIENTED_EDGE ( 'NONE', *, *, #2848, .T. ) ;
#4442 = VECTOR ( 'NONE', #2060, 1000.000000000000000 ) ;
#4443 = LINE ( 'NONE', #1607, #338 ) ;
#4444 = VERTEX_POINT ( 'NONE', #2074 ) ;
#4445 = DIRECTION ( 'NONE',  ( 0.000000000000000000, -1.000000000000000000, -1.807003620809173892E-16 ) ) ;
#4446 = CARTESIAN_POINT ( 'NONE',  ( -5.364999999999991331, 1.849999999999999201, 2.274999999999999023 ) ) ;
#4447 = EDGE_CURVE ( 'NONE', #2798, #2054, #1833, .T. ) ;
#4448 = DIRECTION ( 'NONE',  ( 0.000000000000000000, -0.3162277660168354432, 0.9486832980505146562 ) ) ;
#4449 = DIRECTION ( 'NONE',  ( 0.000000000000000000, 1.000000000000000000, 0.000000000000000000 ) ) ;
#4450 = CARTESIAN_POINT ( 'NONE',  ( 0.000000000000000000, -3.180000000000000160, 0.4349999999999975553 ) ) ;
#4451 = ADVANCED_FACE ( 'NONE', ( #3698 ), #4397, .F. ) ;
#4452 = VECTOR ( 'NONE', #1390, 1000.000000000000000 ) ;
#4453 = EDGE_LOOP ( 'NONE', ( #4667, #3472, #4866, #862 ) ) ;
#4454 = ORIENTED_EDGE ( 'NONE', *, *, #886, .F. ) ;
#4455 = AXIS2_PLACEMENT_3D ( 'NONE', #1874, #3637, #966 ) ;
#4456 = VECTOR ( 'NONE', #4007, 1000.000000000000000 ) ;
#4457 = VECTOR ( 'NONE', #3695, 1000.000000000000227 ) ;
#4458 = ORIENTED_EDGE ( 'NONE', *, *, #4511, .F. ) ;
#4459 = EDGE_CURVE ( 'NONE', #1167, #1196, #3772, .T. ) ;
#4460 = FACE_OUTER_BOUND ( 'NONE', #2050, .T. ) ;
#4461 = VERTEX_POINT ( 'NONE', #753 ) ;
#4462 = ORIENTED_EDGE ( 'NONE', *, *, #1540, .T. ) ;
#4463 = DIRECTION ( 'NONE',  ( 0.000000000000000000, 0.000000000000000000, 1.000000000000000000 ) ) ;
#4464 = DIRECTION ( 'NONE',  ( 0.000000000000000000, 0.000000000000000000, 1.000000000000000000 ) ) ;
#4465 = VECTOR ( 'NONE', #5780, 1000.000000000000000 ) ;
#4466 = LINE ( 'NONE', #1363, #4457 ) ;
#4467 = VERTEX_POINT ( 'NONE', #3344 ) ;
#4468 = EDGE_CURVE ( 'NONE', #4882, #2880, #3682, .T. ) ;
#4469 = LINE ( 'NONE', #5662, #2542 ) ;
#4470 = ORIENTED_EDGE ( 'NONE', *, *, #4964, .F. ) ;
#4471 = CARTESIAN_POINT ( 'NONE',  ( 0.000000000000000000, 1.850000000000000089, 0.000000000000000000 ) ) ;
#4472 =( LENGTH_UNIT ( ) NAMED_UNIT ( * ) SI_UNIT ( .MILLI., .METRE. ) );
#4473 = VERTEX_POINT ( 'NONE', #1651 ) ;
#4474 = DIRECTION ( 'NONE',  ( 0.000000000000000000, 1.000000000000000000, -0.000000000000000000 ) ) ;
#4475 = VECTOR ( 'NONE', #4954, 1000.000000000000000 ) ;
#4476 = DIRECTION ( 'NONE',  ( 4.494102269369967741E-16, 0.000000000000000000, 1.000000000000000000 ) ) ;
#4477 = AXIS2_PLACEMENT_3D ( 'NONE', #2395, #983, #903 ) ;
#4478 = LINE ( 'NONE', #1620, #2545 ) ;
#4479 = ORIENTED_EDGE ( 'NONE', *, *, #3568, .T. ) ;
#4480 = EDGE_CURVE ( 'NONE', #192, #576, #1846, .T. ) ;
#4481 = DIRECTION ( 'NONE',  ( -0.000000000000000000, -0.000000000000000000, 1.000000000000000000 ) ) ;
#4482 = CARTESIAN_POINT ( 'NONE',  ( -4.939999999999999503, 0.000000000000000000, 2.024999999999999023 ) ) ;
#4483 = CARTESIAN_POINT ( 'NONE',  ( 3.119999999999998774, 7.500000000000001776, 0.1949999999999994238 ) ) ;
#4484 = VECTOR ( 'NONE', #2842, 1000.000000000000000 ) ;
#4485 = ORIENTED_EDGE ( 'NONE', *, *, #5464, .F. ) ;
#4486 = ORIENTED_EDGE ( 'NONE', *, *, #5132, .F. ) ;
#4487 = CARTESIAN_POINT ( 'NONE',  ( -4.924999999999998934, 9.900000000000000355, 2.274999999999998135 ) ) ;
#4488 = FACE_OUTER_BOUND ( 'NONE', #5128, .T. ) ;
#4489 = ORIENTED_EDGE ( 'NONE', *, *, #1310, .T. ) ;
#4490 = CARTESIAN_POINT ( 'NONE',  ( -4.939999999999999503, -1.081363123647112731E-15, -0.9549999999999929656 ) ) ;
#4491 = DIRECTION ( 'NONE',  ( 1.000000000000000000, 0.000000000000000000, 0.000000000000000000 ) ) ;
#4492 = ADVANCED_FACE ( 'NONE', ( #5753 ), #137, .T. ) ;
#4493 = PLANE ( 'NONE',  #3029 ) ;
#4494 = CARTESIAN_POINT ( 'NONE',  ( -1.300000000000000044, 7.400000000000000355, -2.085000000000000853 ) ) ;
#4495 = LINE ( 'NONE', #5545, #4573 ) ;
#4496 = ORIENTED_EDGE ( 'NONE', *, *, #2800, .T. ) ;
#4497 = ORIENTED_EDGE ( 'NONE', *, *, #57, .T. ) ;
#4498 = FACE_OUTER_BOUND ( 'NONE', #4623, .T. ) ;
#4499 = ORIENTED_EDGE ( 'NONE', *, *, #1400, .F. ) ;
#4500 = EDGE_CURVE ( 'NONE', #4025, #5694, #5583, .T. ) ;
#4501 = PLANE ( 'NONE',  #2595 ) ;
#4502 = EDGE_CURVE ( 'NONE', #2600, #5455, #1691, .T. ) ;
#4503 = CARTESIAN_POINT ( 'NONE',  ( -3.320000000000000728, 0.6699999999999998179, -0.5599999999999923928 ) ) ;
#4504 = ADVANCED_FACE ( 'NONE', ( #3635 ), #959, .F. ) ;
#4505 = FACE_OUTER_BOUND ( 'NONE', #4697, .T. ) ;
#4506 = VERTEX_POINT ( 'NONE', #5865 ) ;
#4507 = DIRECTION ( 'NONE',  ( -0.000000000000000000, 1.000000000000000000, 1.801998070613027504E-16 ) ) ;
#4508 = CARTESIAN_POINT ( 'NONE',  ( -0.3200000000000008948, -1.081363123647112731E-15, -1.584999999999999964 ) ) ;
#4509 = VECTOR ( 'NONE', #4463, 1000.000000000000000 ) ;
#4510 = EDGE_LOOP ( 'NONE', ( #2796, #2705, #1475, #4730 ) ) ;
#4511 = EDGE_CURVE ( 'NONE', #3714, #3721, #5551, .T. ) ;
#4512 = LINE ( 'NONE', #4810, #2613 ) ;
#4513 = EDGE_CURVE ( 'NONE', #2223, #951, #1780, .T. ) ;
#4514 = VECTOR ( 'NONE', #3482, 1000.000000000000000 ) ;
#4515 = ORIENTED_EDGE ( 'NONE', *, *, #1902, .T. ) ;
#4516 = CARTESIAN_POINT ( 'NONE',  ( -5.389999999999997904, 1.849999999999999201, 2.024999999999999023 ) ) ;
#4517 = CARTESIAN_POINT ( 'NONE',  ( -1.270000000000001128, 9.900000000000000355, -0.9550000000000008482 ) ) ;
#4518 = ORIENTED_EDGE ( 'NONE', *, *, #2209, .F. ) ;
#4519 = LINE ( 'NONE', #2353, #2608 ) ;
#4520 = LINE ( 'NONE', #2829, #660 ) ;
#4521 = ORIENTED_EDGE ( 'NONE', *, *, #4930, .F. ) ;
#4522 = EDGE_CURVE ( 'NONE', #950, #2562, #3625, .T. ) ;
#4523 =( GEOMETRIC_REPRESENTATION_CONTEXT ( 3 ) GLOBAL_UNCERTAINTY_ASSIGNED_CONTEXT ( ( #1300 ) ) GLOBAL_UNIT_ASSIGNED_CONTEXT ( ( #360, #1755, #847 ) ) REPRESENTATION_CONTEXT ( 'NONE', 'WORKASPACE' ) );
#4524 = CARTESIAN_POINT ( 'NONE',  ( 1.300000000000000044, 9.350000000000001421, -1.585000000000000187 ) ) ;
#4525 = VECTOR ( 'NONE', #5883, 1000.000000000000000 ) ;
#4526 = ORIENTED_EDGE ( 'NONE', *, *, #3104, .F. ) ;
#4527 = ORIENTED_EDGE ( 'NONE', *, *, #4360, .F. ) ;
#4528 = EDGE_CURVE ( 'NONE', #1209, #5531, #3675, .T. ) ;
#4529 = DIRECTION ( 'NONE',  ( -0.000000000000000000, -0.000000000000000000, 1.000000000000000000 ) ) ;
#4530 = FACE_OUTER_BOUND ( 'NONE', #1163, .T. ) ;
#4531 = LINE ( 'NONE', #4321, #4569 ) ;
#4532 = EDGE_LOOP ( 'NONE', ( #459, #2543, #374, #4454 ) ) ;
#4533 = DIRECTION ( 'NONE',  ( 0.000000000000000000, -0.3162277660168354432, -0.9486832980505146562 ) ) ;
#4534 = CARTESIAN_POINT ( 'NONE',  ( 0.000000000000000000, -1.449999999999999956, 2.184999999999999609 ) ) ;
#4535 = CARTESIAN_POINT ( 'NONE',  ( -5.674999999999999822, -1.199999999999997957, 2.784999999999999254 ) ) ;
#4536 = CARTESIAN_POINT ( 'NONE',  ( 0.3199999999999991185, 1.269999999999999796, -0.5599999999999952793 ) ) ;
#4537 = CARTESIAN_POINT ( 'NONE',  ( 0.1199999999999985800, -3.180000000000000160, 0.1949999999999981470 ) ) ;
#4538 = FACE_OUTER_BOUND ( 'NONE', #160, .T. ) ;
#4539 = ORIENTED_EDGE ( 'NONE', *, *, #78, .T. ) ;
#4540 = VERTEX_POINT ( 'NONE', #3592 ) ;
#4541 = FACE_OUTER_BOUND ( 'NONE', #2492, .T. ) ;
#4542 = ORIENTED_EDGE ( 'NONE', *, *, #154, .F. ) ;
#4543 = ADVANCED_FACE ( 'NONE', ( #5636 ), #3141, .T. ) ;
#4544 = CARTESIAN_POINT ( 'NONE',  ( 5.674999999999999822, -1.199999999999999734, 1.884999999999999343 ) ) ;
#4545 = DIRECTION ( 'NONE',  ( 0.000000000000000000, -1.000000000000000000, 0.000000000000000000 ) ) ;
#4546 = CARTESIAN_POINT ( 'NONE',  ( 2.679999999999999272, -1.081363123647112731E-15, -1.584999999999999964 ) ) ;
#4547 = ORIENTED_EDGE ( 'NONE', *, *, #78, .F. ) ;
#4548 = CARTESIAN_POINT ( 'NONE',  ( -6.324999999999999289, 9.900000000000000355, 2.274999999999999023 ) ) ;
#4549 = EDGE_CURVE ( 'NONE', #4713, #4831, #1731, .T. ) ;
#4550 = LINE ( 'NONE', #2440, #2405 ) ;
#4551 = CARTESIAN_POINT ( 'NONE',  ( 1.269999999999999130, 3.300000000000000711, 0.9349999999999940581 ) ) ;
#4552 = ORIENTED_EDGE ( 'NONE', *, *, #2495, .F. ) ;
#4553 = AXIS2_PLACEMENT_3D ( 'NONE', #5584, #2509, #5617 ) ;
#4554 = LINE ( 'NONE', #3444, #2523 ) ;
#4555 = ORIENTED_EDGE ( 'NONE', *, *, #1241, .T. ) ;
#4556 = EDGE_CURVE ( 'NONE', #3332, #2255, #3728, .T. ) ;
#4557 = CARTESIAN_POINT ( 'NONE',  ( -6.325000000000002842, 1.269999999999999796, 1.190000000000007718 ) ) ;
#4558 = CARTESIAN_POINT ( 'NONE',  ( -1.250000000000001110, 8.300000000000000711, 2.274999999999999467 ) ) ;
#4559 = ORIENTED_EDGE ( 'NONE', *, *, #3787, .F. ) ;
#4560 = CARTESIAN_POINT ( 'NONE',  ( -6.325000000000003730, 1.269999999999999796, -0.5599999999999922817 ) ) ;
#4561 = VECTOR ( 'NONE', #2015, 1000.000000000000000 ) ;
#4562 = ORIENTED_EDGE ( 'NONE', *, *, #2751, .T. ) ;
#4563 = DIRECTION ( 'NONE',  ( 0.6092076990801718051, -0.5076730825668079872, -0.6092076990801722491 ) ) ;
#4564 = DIRECTION ( 'NONE',  ( -1.280553747030123322E-16, 0.000000000000000000, -1.000000000000000000 ) ) ;
#4565 = VERTEX_POINT ( 'NONE', #2686 ) ;
#4566 = EDGE_LOOP ( 'NONE', ( #29, #1522, #2156, #2291 ) ) ;
#4567 = DIRECTION ( 'NONE',  ( -0.000000000000000000, -0.000000000000000000, 1.000000000000000000 ) ) ;
#4568 = FACE_OUTER_BOUND ( 'NONE', #946, .T. ) ;
#4569 = VECTOR ( 'NONE', #3430, 1000.000000000000114 ) ;
#4570 = VERTEX_POINT ( 'NONE', #3668 ) ;
#4571 = DIRECTION ( 'NONE',  ( 1.000000000000000000, 0.000000000000000000, -0.000000000000000000 ) ) ;
#4572 = DIRECTION ( 'NONE',  ( -1.000000000000000000, 0.000000000000000000, 0.000000000000000000 ) ) ;
#4573 = VECTOR ( 'NONE', #3299, 1000.000000000000000 ) ;
#4574 = ORIENTED_EDGE ( 'NONE', *, *, #5905, .F. ) ;
#4575 = VECTOR ( 'NONE', #5043, 1000.000000000000000 ) ;
#4576 = EDGE_CURVE ( 'NONE', #2718, #1122, #5647, .T. ) ;
#4577 = VERTEX_POINT ( 'NONE', #4939 ) ;
#4578 = EDGE_CURVE ( 'NONE', #3189, #4265, #1633, .T. ) ;
#4579 = PLANE ( 'NONE',  #1978 ) ;
#4580 = PLANE ( 'NONE',  #4779 ) ;
#4581 = ORIENTED_EDGE ( 'NONE', *, *, #367, .T. ) ;
#4582 = EDGE_CURVE ( 'NONE', #4831, #641, #5699, .T. ) ;
#4583 = VERTEX_POINT ( 'NONE', #5902 ) ;
#4584 = DIRECTION ( 'NONE',  ( -1.000000000000000000, 0.000000000000000000, 4.494102269369967741E-16 ) ) ;
#4585 = CARTESIAN_POINT ( 'NONE',  ( 2.679999999999999272, 6.899999999999995026, 0.6349999999999988987 ) ) ;
#4586 = LINE ( 'NONE', #3365, #4561 ) ;
#4587 = CARTESIAN_POINT ( 'NONE',  ( 6.000000000000000000, 7.500000000000001776, 0.000000000000000000 ) ) ;
#4588 = VERTEX_POINT ( 'NONE', #477 ) ;
#4589 = ADVANCED_FACE ( 'NONE', ( #3601 ), #798, .T. ) ;
#4590 = VECTOR ( 'NONE', #125, 1000.000000000000000 ) ;
#4591 = ORIENTED_EDGE ( 'NONE', *, *, #4744, .F. ) ;
#4592 = CARTESIAN_POINT ( 'NONE',  ( -2.680000000000001048, 7.500000000000001776, 0.6349999999999988987 ) ) ;
#4593 = CARTESIAN_POINT ( 'NONE',  ( 6.000000000000000000, 1.349999999999999867, 4.573977915173221831E-16 ) ) ;
#4594 = ORIENTED_EDGE ( 'NONE', *, *, #1223, .T. ) ;
#4595 = CARTESIAN_POINT ( 'NONE',  ( -3.120000000000000551, 7.500000000000001776, 0.000000000000000000 ) ) ;
#4596 = DIRECTION ( 'NONE',  ( -1.000000000000000000, 0.000000000000000000, 0.000000000000000000 ) ) ;
#4597 = VECTOR ( 'NONE', #505, 1000.000000000000000 ) ;
#4598 = FACE_OUTER_BOUND ( 'NONE', #1624, .T. ) ;
#4599 = ORIENTED_EDGE ( 'NONE', *, *, #5315, .T. ) ;
#4600 = EDGE_CURVE ( 'NONE', #3581, #1003, #5594, .T. ) ;
#4601 = CARTESIAN_POINT ( 'NONE',  ( 2.250000000000001332, 8.300000000000000711, 2.774999999999999467 ) ) ;
#4602 = LINE ( 'NONE', #4088, #4484 ) ;
#4603 = ORIENTED_EDGE ( 'NONE', *, *, #4368, .T. ) ;
#4604 = ORIENTED_EDGE ( 'NONE', *, *, #652, .T. ) ;
#4605 = CARTESIAN_POINT ( 'NONE',  ( 0.3199999999999991185, 0.6699999999999997069, 1.585000000000007292 ) ) ;
#4606 = FACE_OUTER_BOUND ( 'NONE', #4019, .T. ) ;
#4607 = ORIENTED_EDGE ( 'NONE', *, *, #4440, .T. ) ;
#4608 = AXIS2_PLACEMENT_3D ( 'NONE', #1566, #606, #1976 ) ;
#4609 = CARTESIAN_POINT ( 'NONE',  ( -3.320000000000000728, 6.899999999999995026, -0.005000000000001097317 ) ) ;
#4610 = CARTESIAN_POINT ( 'NONE',  ( -3.320000000000000728, -7.265096679918780609, 0.6349999999999970113 ) ) ;
#4611 = CARTESIAN_POINT ( 'NONE',  ( -5.389999999999997904, 0.000000000000000000, 2.024999999999999023 ) ) ;
#4612 = FACE_OUTER_BOUND ( 'NONE', #3387, .T. ) ;
#4613 = ORIENTED_EDGE ( 'NONE', *, *, #5315, .F. ) ;
#4614 = DIRECTION ( 'NONE',  ( 1.000000000000000000, 0.000000000000000000, -4.494102269369967741E-16 ) ) ;
#4615 = CARTESIAN_POINT ( 'NONE',  ( 5.674999999999999822, -1.449999999999999956, 2.484999999999999432 ) ) ;
#4616 = VECTOR ( 'NONE', #5401, 1000.000000000000000 ) ;
#4617 = VECTOR ( 'NONE', #863, 1000.000000000000000 ) ;
#4618 = CARTESIAN_POINT ( 'NONE',  ( 2.250000000000001332, 1.849999999999999201, 2.274999999999998579 ) ) ;
#4619 = EDGE_CURVE ( 'NONE', #2433, #3314, #5571, .T. ) ;
#4620 = CARTESIAN_POINT ( 'NONE',  ( -2.680000000000001048, 1.269999999999999796, -0.5599999999999938360 ) ) ;
#4621 = CARTESIAN_POINT ( 'NONE',  ( 4.939999999999999503, 1.699999999999999956, 2.024999999999999023 ) ) ;
#4622 = LINE ( 'NONE', #613, #4648 ) ;
#4623 = EDGE_LOOP ( 'NONE', ( #5406, #2196, #2300, #55 ) ) ;
#4624 = ORIENTED_EDGE ( 'NONE', *, *, #1819, .T. ) ;
#4625 = PLANE ( 'NONE',  #4014 ) ;
#4626 = CARTESIAN_POINT ( 'NONE',  ( 2.679999999999999272, 7.500000000000001776, 0.6349999999999988987 ) ) ;
#4627 = LINE ( 'NONE', #3515, #2487 ) ;
#4628 = VECTOR ( 'NONE', #3119, 1000.000000000000000 ) ;
#4629 = ORIENTED_EDGE ( 'NONE', *, *, #4749, .F. ) ;
#4630 = FACE_OUTER_BOUND ( 'NONE', #2473, .T. ) ;
#4631 = ORIENTED_EDGE ( 'NONE', *, *, #4387, .T. ) ;
#4632 = CARTESIAN_POINT ( 'NONE',  ( 0.000000000000000000, -1.449999999999999956, 2.484999999999999432 ) ) ;
#4633 = DIRECTION ( 'NONE',  ( -0.000000000000000000, -1.000000000000000000, -0.000000000000000000 ) ) ;
#4634 = ORIENTED_EDGE ( 'NONE', *, *, #529, .T. ) ;
#4635 = CARTESIAN_POINT ( 'NONE',  ( -2.680000000000001048, -2.579999999999992966, -0.005000000000003001176 ) ) ;
#4636 = LINE ( 'NONE', #2993, #4651 ) ;
#4637 = CARTESIAN_POINT ( 'NONE',  ( 3.119999999999998774, -3.180000000000000160, 0.1949999999999981470 ) ) ;
#4638 = VECTOR ( 'NONE', #1102, 1000.000000000000000 ) ;
#4639 = VECTOR ( 'NONE', #5251, 1000.000000000000000 ) ;
#4640 = ORIENTED_EDGE ( 'NONE', *, *, #4120, .T. ) ;
#4641 = CARTESIAN_POINT ( 'NONE',  ( -0.3200000000000008393, 1.349999999999999867, -0.005000000000001448598 ) ) ;
#4642 = ORIENTED_EDGE ( 'NONE', *, *, #3051, .T. ) ;
#4643 = ADVANCED_FACE ( 'NONE', ( #1761 ), #3526, .F. ) ;
#4644 = AXIS2_PLACEMENT_3D ( 'NONE', #4997, #3756, #1948 ) ;
#4645 = EDGE_CURVE ( 'NONE', #3314, #2466, #5711, .T. ) ;
#4646 = ADVANCED_BREP_SHAPE_REPRESENTATION ( '436500327', ( #3304, #30, #2644, #1849, #5196, #3500, #478, #169 ), #566 ) ;
#4647 = EDGE_CURVE ( 'NONE', #499, #4831, #3746, .T. ) ;
#4648 = VECTOR ( 'NONE', #1917, 1000.000000000000000 ) ;
#4649 = ORIENTED_EDGE ( 'NONE', *, *, #1043, .T. ) ;
#4650 = EDGE_LOOP ( 'NONE', ( #140, #1328, #5123, #1962 ) ) ;
#4651 = VECTOR ( 'NONE', #4136, 1000.000000000000000 ) ;
#4652 = DIRECTION ( 'NONE',  ( 1.000000000000000000, 0.000000000000000000, -0.000000000000000000 ) ) ;
#4653 = VECTOR ( 'NONE', #5453, 1000.000000000000000 ) ;
#4654 = LINE ( 'NONE', #4610, #716 ) ;
#4655 = ORIENTED_EDGE ( 'NONE', *, *, #74, .T. ) ;
#4656 = EDGE_CURVE ( 'NONE', #1016, #1459, #5722, .T. ) ;
#4657 = SURFACE_SIDE_STYLE ('',( #4983 ) ) ;
#4658 = ORIENTED_EDGE ( 'NONE', *, *, #2090, .F. ) ;
#4659 = DIRECTION ( 'NONE',  ( 0.000000000000000000, -1.000000000000000000, 0.000000000000000000 ) ) ;
#4660 = CARTESIAN_POINT ( 'NONE',  ( -4.924999999999998934, 8.499999999999996447, -0.9550000000000011813 ) ) ;
#4661 = DIRECTION ( 'NONE',  ( 0.000000000000000000, 1.000000000000000000, -3.614007241618347785E-16 ) ) ;
#4662 = DIRECTION ( 'NONE',  ( 4.494102269369967741E-16, 0.000000000000000000, 1.000000000000000000 ) ) ;
#4663 = VECTOR ( 'NONE', #1432, 1000.000000000000000 ) ;
#4664 = ORIENTED_EDGE ( 'NONE', *, *, #4645, .F. ) ;
#4665 = CARTESIAN_POINT ( 'NONE',  ( 1.300000000000000044, 6.899999999999999467, -2.085000000000000853 ) ) ;
#4666 = LINE ( 'NONE', #784, #2599 ) ;
#4667 = ORIENTED_EDGE ( 'NONE', *, *, #2714, .T. ) ;
#4668 = FILL_AREA_STYLE ('',( #1988 ) ) ;
#4669 = EDGE_CURVE ( 'NONE', #4041, #4444, #5733, .T. ) ;
#4670 = VERTEX_POINT ( 'NONE', #4689 ) ;
#4671 = DIRECTION ( 'NONE',  ( 0.000000000000000000, 0.000000000000000000, -1.000000000000000000 ) ) ;
#4672 = DIRECTION ( 'NONE',  ( 0.000000000000000000, 0.000000000000000000, -1.000000000000000000 ) ) ;
#4673 = VERTEX_POINT ( 'NONE', #1455 ) ;
#4674 = DIRECTION ( 'NONE',  ( -4.494102269369967741E-16, 0.000000000000000000, 1.000000000000000000 ) ) ;
#4675 = VERTEX_POINT ( 'NONE', #557 ) ;
#4676 = CARTESIAN_POINT ( 'NONE',  ( 0.3199999999999991185, -2.579999999999992966, 0.6349999999999978995 ) ) ;
#4677 = VECTOR ( 'NONE', #933, 1000.000000000000000 ) ;
#4678 = EDGE_CURVE ( 'NONE', #3748, #5782, #3826, .T. ) ;
#4679 = DIRECTION ( 'NONE',  ( -0.000000000000000000, -0.000000000000000000, 1.000000000000000000 ) ) ;
#4680 = FACE_OUTER_BOUND ( 'NONE', #4874, .T. ) ;
#4681 = ORIENTED_EDGE ( 'NONE', *, *, #4549, .T. ) ;
#4682 = CARTESIAN_POINT ( 'NONE',  ( -5.674999999999999822, -1.199999999999997957, 1.884999999999999343 ) ) ;
#4683 = ORIENTED_EDGE ( 'NONE', *, *, #5359, .F. ) ;
#4684 = ORIENTED_EDGE ( 'NONE', *, *, #3258, .F. ) ;
#4685 = DIRECTION ( 'NONE',  ( 0.000000000000000000, 0.7071067811865477948, 0.7071067811865473507 ) ) ;
#4686 = DIRECTION ( 'NONE',  ( 1.000000000000000000, 0.000000000000000000, 0.000000000000000000 ) ) ;
#4687 = ORIENTED_EDGE ( 'NONE', *, *, #2552, .F. ) ;
#4688 = LINE ( 'NONE', #5126, #748 ) ;
#4689 = CARTESIAN_POINT ( 'NONE',  ( 3.319999999999998952, -1.318004915248545490E-16, 1.585000000000003517 ) ) ;
#4690 = CARTESIAN_POINT ( 'NONE',  ( 2.679999999999999272, 0.6699999999999997069, -0.9549999999999962963 ) ) ;
#4691 = FACE_OUTER_BOUND ( 'NONE', #3887, .T. ) ;
#4692 = EDGE_CURVE ( 'NONE', #5782, #2357, #3866, .T. ) ;
#4693 = EDGE_LOOP ( 'NONE', ( #761, #2765, #696, #3501 ) ) ;
#4694 = ORIENTED_EDGE ( 'NONE', *, *, #2478, .T. ) ;
#4695 = CARTESIAN_POINT ( 'NONE',  ( 4.939999999999999503, 1.269999999999999796, 1.190000000000007718 ) ) ;
#4696 = CARTESIAN_POINT ( 'NONE',  ( -6.325000000000001066, -1.199999999999997957, 1.884999999999999343 ) ) ;
#4697 = EDGE_LOOP ( 'NONE', ( #3455, #5575, #5286, #3000 ) ) ;
#4698 = ORIENTED_EDGE ( 'NONE', *, *, #3787, .T. ) ;
#4699 = VECTOR ( 'NONE', #5687, 1000.000000000000000 ) ;
#4700 = CARTESIAN_POINT ( 'NONE',  ( -6.024999999999995914, -1.449999999999999956, 1.884999999999999343 ) ) ;
#4701 = VECTOR ( 'NONE', #3380, 1000.000000000000000 ) ;
#4702 = EDGE_LOOP ( 'NONE', ( #5082, #3252, #1252, #5183, #2095, #5238, #3771, #4172, #2214, #1408, #3311, #1788 ) ) ;
#4703 = PLANE ( 'NONE',  #4608 ) ;
#4704 = VERTEX_POINT ( 'NONE', #5532 ) ;
#4705 = ADVANCED_FACE ( 'NONE', ( #2033 ), #3847, .F. ) ;
#4706 = DIRECTION ( 'NONE',  ( 0.000000000000000000, -2.995465716473997569E-16, -1.000000000000000000 ) ) ;
#4707 = AXIS2_PLACEMENT_3D ( 'NONE', #3242, #4086, #3273 ) ;
#4708 = DIRECTION ( 'NONE',  ( 0.000000000000000000, 3.388131789017201849E-16, -1.000000000000000000 ) ) ;
#4709 = ORIENTED_EDGE ( 'NONE', *, *, #41, .F. ) ;
#4710 = EDGE_CURVE ( 'NONE', #4858, #4932, #1855, .T. ) ;
#4711 = EDGE_LOOP ( 'NONE', ( #1549, #5336, #4900, #2712 ) ) ;
#4712 = PLANE ( 'NONE',  #5068 ) ;
#4713 = VERTEX_POINT ( 'NONE', #5125 ) ;
#4714 = DIRECTION ( 'NONE',  ( -0.000000000000000000, 0.000000000000000000, 1.000000000000000000 ) ) ;
#4715 = PRESENTATION_LAYER_ASSIGNMENT (  '', '', ( #5741 ) ) ;
#4716 = ORIENTED_EDGE ( 'NONE', *, *, #4511, .T. ) ;
#4717 = DIRECTION ( 'NONE',  ( -1.000000000000000000, 0.000000000000000000, 4.494102269369967741E-16 ) ) ;
#4718 = CARTESIAN_POINT ( 'NONE',  ( -1.270000000000001128, 3.300000000000000711, 1.584999999999999076 ) ) ;
#4719 = EDGE_LOOP ( 'NONE', ( #293, #437, #262, #4527 ) ) ;
#4720 = DIRECTION ( 'NONE',  ( 1.000000000000000000, -0.000000000000000000, -4.494102269369967741E-16 ) ) ;
#4721 = EDGE_CURVE ( 'NONE', #3918, #2433, #4000, .T. ) ;
#4722 = FACE_OUTER_BOUND ( 'NONE', #3336, .T. ) ;
#4723 = ORIENTED_EDGE ( 'NONE', *, *, #3652, .F. ) ;
#4724 = EDGE_LOOP ( 'NONE', ( #4845, #3649, #2738, #1155 ) ) ;
#4725 = VERTEX_POINT ( 'NONE', #5055 ) ;
#4726 = CARTESIAN_POINT ( 'NONE',  ( -5.674999999999999822, 0.000000000000000000, 2.784999999999999254 ) ) ;
#4727 = DIRECTION ( 'NONE',  ( -1.000000000000000000, -0.000000000000000000, -0.000000000000000000 ) ) ;
#4728 = FACE_OUTER_BOUND ( 'NONE', #5604, .T. ) ;
#4729 = EDGE_CURVE ( 'NONE', #1136, #3744, #2227, .T. ) ;
#4730 = ORIENTED_EDGE ( 'NONE', *, *, #3168, .T. ) ;
#4731 = EDGE_CURVE ( 'NONE', #1003, #644, #76, .T. ) ;
#4732 = ORIENTED_EDGE ( 'NONE', *, *, #3828, .F. ) ;
#4733 = CARTESIAN_POINT ( 'NONE',  ( -4.925000000000000711, 9.900000000000000355, -1.584999999999999964 ) ) ;
#4734 = DIRECTION ( 'NONE',  ( 0.000000000000000000, -1.000000000000000000, -1.801998070613027504E-16 ) ) ;
#4735 = EDGE_CURVE ( 'NONE', #2732, #1734, #4170, .T. ) ;
#4736 = ORIENTED_EDGE ( 'NONE', *, *, #1770, .T. ) ;
#4737 = VECTOR ( 'NONE', #840, 1000.000000000000000 ) ;
#4738 = ORIENTED_EDGE ( 'NONE', *, *, #1770, .F. ) ;
#4739 = ORIENTED_EDGE ( 'NONE', *, *, #1036, .T. ) ;
#4740 = CARTESIAN_POINT ( 'NONE',  ( 4.269999999999999574, 3.300000000000000711, -0.9550000000000011813 ) ) ;
#4741 = DIRECTION ( 'NONE',  ( 1.000000000000000000, -0.000000000000000000, -4.494102269369967741E-16 ) ) ;
#4742 = VERTEX_POINT ( 'NONE', #5608 ) ;
#4743 = DIRECTION ( 'NONE',  ( 0.000000000000000000, 0.000000000000000000, -1.000000000000000000 ) ) ;
#4744 = EDGE_CURVE ( 'NONE', #3475, #5094, #4141, .T. ) ;
#4745 = LINE ( 'NONE', #2274, #2918 ) ;
#4746 = ORIENTED_EDGE ( 'NONE', *, *, #4153, .T. ) ;
#4747 = ORIENTED_EDGE ( 'NONE', *, *, #4833, .F. ) ;
#4748 = ADVANCED_FACE ( 'NONE', ( #2148 ), #632, .F. ) ;
#4749 = EDGE_CURVE ( 'NONE', #5250, #303, #4093, .T. ) ;
#4750 = DIRECTION ( 'NONE',  ( -0.000000000000000000, 1.000000000000000000, -0.000000000000000000 ) ) ;
#4751 = SURFACE_SIDE_STYLE ('',( #3973 ) ) ;
#4752 = DIRECTION ( 'NONE',  ( -0.9486832980505147672, 0.3162277660168352766, 0.000000000000000000 ) ) ;
#4753 = DIRECTION ( 'NONE',  ( 1.000000000000000000, 0.000000000000000000, 0.000000000000000000 ) ) ;
#4754 = ORIENTED_EDGE ( 'NONE', *, *, #5706, .T. ) ;
#4755 = CARTESIAN_POINT ( 'NONE',  ( 0.3199999999999991740, 0.000000000000000000, 2.024999999999999023 ) ) ;
#4756 = FACE_OUTER_BOUND ( 'NONE', #500, .T. ) ;
#4757 = VECTOR ( 'NONE', #713, 1000.000000000000000 ) ;
#4758 = ORIENTED_EDGE ( 'NONE', *, *, #1861, .T. ) ;
#4759 = AXIS2_PLACEMENT_3D ( 'NONE', #3676, #5060, #403 ) ;
#4760 = CARTESIAN_POINT ( 'NONE',  ( -0.3200000000000008948, 1.349999999999999423, 2.024999999999999023 ) ) ;
#4761 = CARTESIAN_POINT ( 'NONE',  ( 1.729999999999998872, 3.300000000000000711, 1.584999999999999076 ) ) ;
#4762 = ORIENTED_EDGE ( 'NONE', *, *, #5514, .T. ) ;
#4763 = PLANE ( 'NONE',  #4092 ) ;
#4764 = EDGE_CURVE ( 'NONE', #5076, #3197, #2204, .T. ) ;
#4765 = ORIENTED_EDGE ( 'NONE', *, *, #2552, .T. ) ;
#4766 = PLANE ( 'NONE',  #3681 ) ;
#4767 = CARTESIAN_POINT ( 'NONE',  ( -2.680000000000001048, 1.349999999999999867, -0.005000000000001448598 ) ) ;
#4768 = VECTOR ( 'NONE', #2155, 1000.000000000000000 ) ;
#4769 = DIRECTION ( 'NONE',  ( -1.000000000000000000, 0.000000000000000000, 0.000000000000000000 ) ) ;
#4770 = VERTEX_POINT ( 'NONE', #2493 ) ;
#4771 = CARTESIAN_POINT ( 'NONE',  ( 0.3199999999999991185, 0.6699999999999997069, -0.9549999999999952971 ) ) ;
#4772 = DIRECTION ( 'NONE',  ( 1.000000000000000000, 0.000000000000000000, -4.494102269369967741E-16 ) ) ;
#4773 = ORIENTED_EDGE ( 'NONE', *, *, #1663, .F. ) ;
#4774 = CARTESIAN_POINT ( 'NONE',  ( -6.325000000000002842, 1.269999999999999796, 1.190000000000007718 ) ) ;
#4775 = ORIENTED_EDGE ( 'NONE', *, *, #466, .T. ) ;
#4776 = CARTESIAN_POINT ( 'NONE',  ( 2.679999999999999272, -2.579999999999992966, -0.005000000000002157233 ) ) ;
#4777 = LINE ( 'NONE', #1404, #4824 ) ;
#4778 = VERTEX_POINT ( 'NONE', #3385 ) ;
#4779 = AXIS2_PLACEMENT_3D ( 'NONE', #1889, #1151, #3923 ) ;
#4780 = ORIENTED_EDGE ( 'NONE', *, *, #2692, .F. ) ;
#4781 = EDGE_CURVE ( 'NONE', #274, #650, #2241, .T. ) ;
#4782 = CARTESIAN_POINT ( 'NONE',  ( 4.924999999999998934, 9.900000000000000355, -0.9550000000000011813 ) ) ;
#4783 = CARTESIAN_POINT ( 'NONE',  ( 3.319999999999998952, 0.000000000000000000, 2.024999999999999023 ) ) ;
#4784 = ORIENTED_EDGE ( 'NONE', *, *, #2094, .F. ) ;
#4785 = CARTESIAN_POINT ( 'NONE',  ( 5.389999999999999680, 0.6699999999999998179, -0.5599999999999923928 ) ) ;
#4786 = LINE ( 'NONE', #4524, #4841 ) ;
#4787 = ORIENTED_EDGE ( 'NONE', *, *, #5309, .F. ) ;
#4788 = ADVANCED_FACE ( 'NONE', ( #254 ), #3738, .F. ) ;
#4789 = ORIENTED_EDGE ( 'NONE', *, *, #1756, .T. ) ;
#4790 = DIRECTION ( 'NONE',  ( -1.233548213626064722E-31, 1.000000000000000000, -2.744815626545581052E-16 ) ) ;
#4791 = EDGE_CURVE ( 'NONE', #4742, #4675, #4192, .T. ) ;
#4792 = CARTESIAN_POINT ( 'NONE',  ( -6.325000000000001066, -1.199999999999997957, 1.884999999999999343 ) ) ;
#4793 = CARTESIAN_POINT ( 'NONE',  ( 0.000000000000000000, 0.000000000000000000, 0.000000000000000000 ) ) ;
#4794 = CARTESIAN_POINT ( 'NONE',  ( -6.325000000000002842, 0.6699999999999997069, 1.585000000000007736 ) ) ;
#4795 = ORIENTED_EDGE ( 'NONE', *, *, #582, .F. ) ;
#4796 = DIRECTION ( 'NONE',  ( -0.000000000000000000, -0.000000000000000000, 1.000000000000000000 ) ) ;
#4797 = VECTOR ( 'NONE', #1071, 1000.000000000000000 ) ;
#4798 = VERTEX_POINT ( 'NONE', #4637 ) ;
#4799 = LINE ( 'NONE', #1142, #4701 ) ;
#4800 = ORIENTED_EDGE ( 'NONE', *, *, #4351, .F. ) ;
#4801 = DIRECTION ( 'NONE',  ( -1.000000000000000000, 0.000000000000000000, 0.000000000000000000 ) ) ;
#4802 = CARTESIAN_POINT ( 'NONE',  ( 3.319999999999998508, 0.6699999999999998179, 1.190000000000007940 ) ) ;
#4803 = ORIENTED_EDGE ( 'NONE', *, *, #597, .T. ) ;
#4804 = DIRECTION ( 'NONE',  ( -0.000000000000000000, -0.000000000000000000, 1.000000000000000000 ) ) ;
#4805 = ADVANCED_FACE ( 'NONE', ( #2046, #3979, #3989, #67 ), #998, .T. ) ;
#4806 = AXIS2_PLACEMENT_3D ( 'NONE', #2258, #2948, #2432 ) ;
#4807 = EDGE_CURVE ( 'NONE', #2366, #2875, #430, .T. ) ;
#4808 = EDGE_CURVE ( 'NONE', #723, #4308, #305, .T. ) ;
#4809 = ORIENTED_EDGE ( 'NONE', *, *, #1114, .T. ) ;
#4810 = CARTESIAN_POINT ( 'NONE',  ( -1.250000000000001110, 8.300000000000000711, 2.274999999999999467 ) ) ;
#4811 = LINE ( 'NONE', #59, #4859 ) ;
#4812 = CARTESIAN_POINT ( 'NONE',  ( 4.940000000000000391, 1.269999999999999796, -0.5599999999999973888 ) ) ;
#4813 = VERTEX_POINT ( 'NONE', #5249 ) ;
#4814 = LINE ( 'NONE', #2782, #876 ) ;
#4815 = CLOSED_SHELL ( 'NONE', ( #588, #2583, #339, #4331, #5305, #1084, #4436, #3572, #281, #3636 ) ) ;
#4816 = CARTESIAN_POINT ( 'NONE',  ( -6.325000000000003730, 0.6699999999999997069, -0.9549999999999922995 ) ) ;
#4817 = CARTESIAN_POINT ( 'NONE',  ( 1.300000000000000044, 8.149999999999998579, -2.785000000000001030 ) ) ;
#4818 = EDGE_CURVE ( 'NONE', #1029, #3910, #4255, .T. ) ;
#4819 = EDGE_LOOP ( 'NONE', ( #3153, #1299, #2027, #5218 ) ) ;
#4820 = DIRECTION ( 'NONE',  ( 1.000000000000000000, 0.000000000000000000, 0.000000000000000000 ) ) ;
#4821 = ORIENTED_EDGE ( 'NONE', *, *, #1709, .F. ) ;
#4822 = EDGE_CURVE ( 'NONE', #1536, #3220, #4274, .T. ) ;
#4823 = ORIENTED_EDGE ( 'NONE', *, *, #5855, .T. ) ;
#4824 = VECTOR ( 'NONE', #3914, 1000.000000000000000 ) ;
#4825 = VERTEX_POINT ( 'NONE', #4490 ) ;
#4826 = EDGE_CURVE ( 'NONE', #1143, #1234, #2448, .T. ) ;
#4827 = DIRECTION ( 'NONE',  ( 0.3015113445777613532, 0.9045340337332925529, 0.3015113445777610757 ) ) ;
#4828 = CARTESIAN_POINT ( 'NONE',  ( 2.679999999999999272, -2.579999999999992966, 0.6349999999999978995 ) ) ;
#4829 = AXIS2_PLACEMENT_3D ( 'NONE', #1516, #5600, #2844 ) ;
#4830 = ORIENTED_EDGE ( 'NONE', *, *, #1334, .T. ) ;
#4831 = VERTEX_POINT ( 'NONE', #1792 ) ;
#4832 = LINE ( 'NONE', #3707, #898 ) ;
#4833 = EDGE_CURVE ( 'NONE', #1897, #4867, #2725, .T. ) ;
#4834 = ORIENTED_EDGE ( 'NONE', *, *, #5291, .F. ) ;
#4835 = CARTESIAN_POINT ( 'NONE',  ( 0.000000000000000000, 8.499999999999996447, 0.000000000000000000 ) ) ;
#4836 = DIRECTION ( 'NONE',  ( 4.494102269369967741E-16, 3.236424395479117765E-16, 1.000000000000000000 ) ) ;
#4837 =( NAMED_UNIT ( * ) SI_UNIT ( $, .STERADIAN. ) SOLID_ANGLE_UNIT ( ) );
#4838 = ORIENTED_EDGE ( 'NONE', *, *, #2640, .F. ) ;
#4839 = DIRECTION ( 'NONE',  ( 0.000000000000000000, -1.801998070613027504E-16, 1.000000000000000000 ) ) ;
#4840 = ORIENTED_EDGE ( 'NONE', *, *, #4880, .T. ) ;
#4841 = VECTOR ( 'NONE', #1906, 1000.000000000000000 ) ;
#4842 = ADVANCED_FACE ( 'NONE', ( #5635 ), #3039, .F. ) ;
#4843 = DIRECTION ( 'NONE',  ( 0.000000000000000000, -2.995465716473997569E-16, -1.000000000000000000 ) ) ;
#4844 = DIRECTION ( 'NONE',  ( -0.000000000000000000, -1.000000000000000000, -0.000000000000000000 ) ) ;
#4845 = ORIENTED_EDGE ( 'NONE', *, *, #3523, .F. ) ;
#4846 = DIRECTION ( 'NONE',  ( -0.9486832980505146562, -0.3162277660168354432, -0.000000000000000000 ) ) ;
#4847 = ORIENTED_EDGE ( 'NONE', *, *, #2102, .F. ) ;
#4848 = CARTESIAN_POINT ( 'NONE',  ( 0.000000000000000000, 0.000000000000000000, 0.000000000000000000 ) ) ;
#4849 = CARTESIAN_POINT ( 'NONE',  ( -3.320000000000000728, -2.579999999999992966, -0.005000000000002157233 ) ) ;
#4850 = ORIENTED_EDGE ( 'NONE', *, *, #315, .F. ) ;
#4851 = CARTESIAN_POINT ( 'NONE',  ( -6.324999999999999289, 1.850000000000000089, 1.774999999999998357 ) ) ;
#4852 = CARTESIAN_POINT ( 'NONE',  ( -6.024999999999995914, -1.449999999999999956, 2.185000000000002718 ) ) ;
#4853 = DIRECTION ( 'NONE',  ( 0.000000000000000000, 0.000000000000000000, -1.000000000000000000 ) ) ;
#4854 = ORIENTED_EDGE ( 'NONE', *, *, #2925, .F. ) ;
#4855 = PLANE ( 'NONE',  #778 ) ;
#4856 = ADVANCED_FACE ( 'NONE', ( #5708 ), #1712, .F. ) ;
#4857 = AXIS2_PLACEMENT_3D ( 'NONE', #3991, #812, #5332 ) ;
#4858 = VERTEX_POINT ( 'NONE', #5805 ) ;
#4859 = VECTOR ( 'NONE', #2398, 1000.000000000000000 ) ;
#4860 = ORIENTED_EDGE ( 'NONE', *, *, #2623, .F. ) ;
#4861 = DIRECTION ( 'NONE',  ( 0.000000000000000000, -0.000000000000000000, 1.000000000000000000 ) ) ;
#4862 = PLANE ( 'NONE',  #3086 ) ;
#4863 = ORIENTED_EDGE ( 'NONE', *, *, #913, .F. ) ;
#4864 = CARTESIAN_POINT ( 'NONE',  ( 2.679999999999999272, 1.349999999999999645, 0.6349999999999985656 ) ) ;
#4865 = ORIENTED_EDGE ( 'NONE', *, *, #3726, .T. ) ;
#4866 = ORIENTED_EDGE ( 'NONE', *, *, #5217, .F. ) ;
#4867 = VERTEX_POINT ( 'NONE', #2576 ) ;
#4868 = CARTESIAN_POINT ( 'NONE',  ( 4.924999999999998934, 9.900000000000000355, -0.9550000000000011813 ) ) ;
#4869 = DIRECTION ( 'NONE',  ( 1.000000000000000000, -0.000000000000000000, -4.494102269369967741E-16 ) ) ;
#4870 = CARTESIAN_POINT ( 'NONE',  ( -1.730000000000000870, 3.300000000000000711, 1.584999999999998632 ) ) ;
#4871 = DIRECTION ( 'NONE',  ( 1.454482222036702918E-31, 1.000000000000000000, -3.236424395479117765E-16 ) ) ;
#4872 = ORIENTED_EDGE ( 'NONE', *, *, #4344, .F. ) ;
#4873 = DIRECTION ( 'NONE',  ( 2.969366061636602772E-16, -0.7682212795973770714, 0.6401843996644783763 ) ) ;
#4874 = EDGE_LOOP ( 'NONE', ( #426, #4865, #455, #4898 ) ) ;
#4875 = CARTESIAN_POINT ( 'NONE',  ( 0.6200000000000032152, 3.300000000000000711, 1.584999999999998854 ) ) ;
#4876 = ORIENTED_EDGE ( 'NONE', *, *, #5414, .T. ) ;
#4877 = EDGE_CURVE ( 'NONE', #2880, #5620, #1803, .T. ) ;
#4878 = VERTEX_POINT ( 'NONE', #4409 ) ;
#4879 = ORIENTED_EDGE ( 'NONE', *, *, #4877, .F. ) ;
#4880 = EDGE_CURVE ( 'NONE', #1318, #4377, #3573, .T. ) ;
#4881 = PLANE ( 'NONE',  #5672 ) ;
#4882 = VERTEX_POINT ( 'NONE', #4915 ) ;
#4883 = CARTESIAN_POINT ( 'NONE',  ( 3.319999999999998952, 7.500000000000001776, 0.6349999999999988987 ) ) ;
#4884 = ADVANCED_FACE ( 'NONE', ( #5731 ), #4881, .F. ) ;
#4885 = VERTEX_POINT ( 'NONE', #1229 ) ;
#4886 = PLANE ( 'NONE',  #850 ) ;
#4887 = EDGE_CURVE ( 'NONE', #772, #2787, #3716, .T. ) ;
#4888 = ORIENTED_EDGE ( 'NONE', *, *, #4320, .F. ) ;
#4889 = ORIENTED_EDGE ( 'NONE', *, *, #2971, .F. ) ;
#4890 = ORIENTED_EDGE ( 'NONE', *, *, #3323, .F. ) ;
#4891 = CARTESIAN_POINT ( 'NONE',  ( -6.325000000000002842, 0.6699999999999997069, 1.585000000000007736 ) ) ;
#4892 = ORIENTED_EDGE ( 'NONE', *, *, #397, .F. ) ;
#4893 = VECTOR ( 'NONE', #255, 1000.000000000000000 ) ;
#4894 = ADVANCED_FACE ( 'NONE', ( #3673 ), #4369, .F. ) ;
#4895 = DIRECTION ( 'NONE',  ( 0.000000000000000000, -0.000000000000000000, 1.000000000000000000 ) ) ;
#4896 = EDGE_CURVE ( 'NONE', #5694, #5375, #3586, .T. ) ;
#4897 = ORIENTED_EDGE ( 'NONE', *, *, #923, .T. ) ;
#4898 = ORIENTED_EDGE ( 'NONE', *, *, #1484, .T. ) ;
#4899 = DIRECTION ( 'NONE',  ( -4.494102269369967741E-16, 1.618212197739558882E-16, -1.000000000000000000 ) ) ;
#4900 = ORIENTED_EDGE ( 'NONE', *, *, #4153, .F. ) ;
#4901 = AXIS2_PLACEMENT_3D ( 'NONE', #548, #5856, #5891 ) ;
#4902 = EDGE_LOOP ( 'NONE', ( #3166, #3239, #24, #3809 ) ) ;
#4903 = DIRECTION ( 'NONE',  ( -0.000000000000000000, 0.000000000000000000, 1.000000000000000000 ) ) ;
#4904 = CARTESIAN_POINT ( 'NONE',  ( -0.3200000000000008393, 1.269999999999999796, 1.190000000000007718 ) ) ;
#4905 = DIRECTION ( 'NONE',  ( 0.000000000000000000, -0.3162277660168354432, 0.9486832980505146562 ) ) ;
#4906 = ORIENTED_EDGE ( 'NONE', *, *, #200, .T. ) ;
#4907 = ORIENTED_EDGE ( 'NONE', *, *, #355, .T. ) ;
#4908 = ORIENTED_EDGE ( 'NONE', *, *, #2763, .T. ) ;
#4909 = CARTESIAN_POINT ( 'NONE',  ( -0.3200000000000008393, 6.899999999999995026, 0.6349999999999988987 ) ) ;
#4910 = ORIENTED_EDGE ( 'NONE', *, *, #5134, .T. ) ;
#4911 = CARTESIAN_POINT ( 'NONE',  ( -2.680000000000001048, 6.899999999999995026, -0.005000000000001097317 ) ) ;
#4912 = EDGE_CURVE ( 'NONE', #4427, #3581, #5688, .T. ) ;
#4913 = ORIENTED_EDGE ( 'NONE', *, *, #4731, .T. ) ;
#4914 = ORIENTED_EDGE ( 'NONE', *, *, #703, .F. ) ;
#4915 = CARTESIAN_POINT ( 'NONE',  ( -2.680000000000001048, -2.579999999999992966, -0.005000000000002157233 ) ) ;
#4916 = ORIENTED_EDGE ( 'NONE', *, *, #4576, .T. ) ;
#4917 = DIRECTION ( 'NONE',  ( 1.707404996040164265E-16, 0.000000000000000000, 1.000000000000000000 ) ) ;
#4918 = CARTESIAN_POINT ( 'NONE',  ( 4.924999999999998934, 8.499999999999996447, -0.9550000000000011813 ) ) ;
#4919 = ORIENTED_EDGE ( 'NONE', *, *, #586, .T. ) ;
#4920 = LINE ( 'NONE', #3334, #1015 ) ;
#4921 = DIRECTION ( 'NONE',  ( 1.000000000000000000, 0.000000000000000000, -4.494102269369967741E-16 ) ) ;
#4922 = EDGE_CURVE ( 'NONE', #3103, #2905, #5678, .T. ) ;
#4923 = ORIENTED_EDGE ( 'NONE', *, *, #5072, .F. ) ;
#4924 = VERTEX_POINT ( 'NONE', #1669 ) ;
#4925 = ORIENTED_EDGE ( 'NONE', *, *, #2329, .F. ) ;
#4926 = ADVANCED_FACE ( 'NONE', ( #5644 ), #2119, .T. ) ;
#4927 = CARTESIAN_POINT ( 'NONE',  ( 2.679999999999999272, 7.500000000000001776, 0.6349999999999988987 ) ) ;
#4928 = ORIENTED_EDGE ( 'NONE', *, *, #4600, .T. ) ;
#4929 = CARTESIAN_POINT ( 'NONE',  ( 3.319999999999998952, -3.252606517456513302E-16, -0.9549999999999967404 ) ) ;
#4930 = EDGE_CURVE ( 'NONE', #3220, #2958, #5698, .T. ) ;
#4931 = ORIENTED_EDGE ( 'NONE', *, *, #2680, .F. ) ;
#4932 = VERTEX_POINT ( 'NONE', #4812 ) ;
#4933 = CARTESIAN_POINT ( 'NONE',  ( -6.325000000000002842, 0.6699999999999998179, 1.190000000000007940 ) ) ;
#4934 = EDGE_LOOP ( 'NONE', ( #2630, #1154, #3035, #253 ) ) ;
#4935 = VECTOR ( 'NONE', #662, 1000.000000000000000 ) ;
#4936 = ORIENTED_EDGE ( 'NONE', *, *, #4110, .T. ) ;
#4937 = ADVANCED_FACE ( 'NONE', ( #5581 ), #5471, .F. ) ;
#4938 =( NAMED_UNIT ( * ) SI_UNIT ( $, .STERADIAN. ) SOLID_ANGLE_UNIT ( ) );
#4939 = CARTESIAN_POINT ( 'NONE',  ( -2.680000000000001048, -2.579999999999992966, 0.6349999999999978995 ) ) ;
#4941 = EDGE_LOOP ( 'NONE', ( #2010, #3994, #70, #5857 ) ) ;
#4940 = EDGE_CURVE ( 'NONE', #5178, #4122, #5593, .T. ) ;
#4942 = ORIENTED_EDGE ( 'NONE', *, *, #1598, .F. ) ;
#4943 = ORIENTED_EDGE ( 'NONE', *, *, #842, .F. ) ;
#4944 = EDGE_LOOP ( 'NONE', ( #968, #5036, #979, #4958 ) ) ;
#4945 = DIRECTION ( 'NONE',  ( 0.000000000000000000, -1.000000000000000000, -2.017120320903263949E-16 ) ) ;
#4946 = DIRECTION ( 'NONE',  ( -4.494102269369967741E-16, -0.000000000000000000, 1.000000000000000000 ) ) ;
#4947 = EDGE_LOOP ( 'NONE', ( #4784, #2513, #1017, #638 ) ) ;
#4948 = CARTESIAN_POINT ( 'NONE',  ( -5.389999999999999680, -1.320169249480846743E-15, -1.584999999999999964 ) ) ;
#4949 = ORIENTED_EDGE ( 'NONE', *, *, #5482, .F. ) ;
#4950 = SURFACE_SIDE_STYLE ('',( #5299 ) ) ;
#4951 = EDGE_CURVE ( 'NONE', #3611, #2816, #1727, .T. ) ;
#4952 = LINE ( 'NONE', #236, #2826 ) ;
#4953 = CARTESIAN_POINT ( 'NONE',  ( 4.269999999999999574, 9.900000000000000355, 1.584999999999998632 ) ) ;
#4954 = DIRECTION ( 'NONE',  ( -0.000000000000000000, 1.000000000000000000, 1.801998070613027504E-16 ) ) ;
#4955 = EDGE_LOOP ( 'NONE', ( #5579, #3358, #2213 ) ) ;
#4956 = DIRECTION ( 'NONE',  ( 1.000000000000000000, -0.000000000000000000, -4.494102269369967741E-16 ) ) ;
#4957 = AXIS2_PLACEMENT_3D ( 'NONE', #1474, #3759, #4171 ) ;
#4958 = ORIENTED_EDGE ( 'NONE', *, *, #4159, .F. ) ;
#4959 = ORIENTED_EDGE ( 'NONE', *, *, #961, .T. ) ;
#4960 = VERTEX_POINT ( 'NONE', #5025 ) ;
#4961 = FACE_OUTER_BOUND ( 'NONE', #231, .T. ) ;
#4962 = LINE ( 'NONE', #138, #4935 ) ;
#4963 = AXIS2_PLACEMENT_3D ( 'NONE', #3379, #760, #186 ) ;
#4964 = EDGE_CURVE ( 'NONE', #3144, #2852, #5614, .T. ) ;
#4965 = CARTESIAN_POINT ( 'NONE',  ( -1.300000000000000044, 6.899999999999999467, -1.584999999999999964 ) ) ;
#4966 = CARTESIAN_POINT ( 'NONE',  ( 3.319999999999998508, 1.269999999999999796, 1.190000000000007718 ) ) ;
#4967 = ORIENTED_EDGE ( 'NONE', *, *, #1854, .T. ) ;
#4968 = DIRECTION ( 'NONE',  ( 0.000000000000000000, -2.744815626545581052E-16, -1.000000000000000000 ) ) ;
#4969 = CARTESIAN_POINT ( 'NONE',  ( -3.320000000000000728, -2.579999999999992966, 0.6349999999999970113 ) ) ;
#4970 = CARTESIAN_POINT ( 'NONE',  ( 2.680000000000000160, 1.269999999999999796, 1.190000000000007052 ) ) ;
#4971 = ORIENTED_EDGE ( 'NONE', *, *, #586, .F. ) ;
#4972 = VERTEX_POINT ( 'NONE', #3229 ) ;
#4973 = DIRECTION ( 'NONE',  ( 0.000000000000000000, -0.000000000000000000, 1.000000000000000000 ) ) ;
#4974 = LINE ( 'NONE', #1754, #3016 ) ;
#4975 = ADVANCED_FACE ( 'NONE', ( #1632 ), #1425, .F. ) ;
#4976 = VERTEX_POINT ( 'NONE', #4178 ) ;
#4977 = CARTESIAN_POINT ( 'NONE',  ( 5.674999999999999822, -1.199999999999999734, 2.784999999999999254 ) ) ;
#4978 = DIRECTION ( 'NONE',  ( 0.000000000000000000, 0.000000000000000000, 1.000000000000000000 ) ) ;
#4979 = CARTESIAN_POINT ( 'NONE',  ( -4.939999999999999503, 1.269999999999999796, 1.190000000000007718 ) ) ;
#4980 = AXIS2_PLACEMENT_3D ( 'NONE', #1198, #4336, #5700 ) ;
#4981 = ORIENTED_EDGE ( 'NONE', *, *, #3908, .F. ) ;
#4982 = ORIENTED_EDGE ( 'NONE', *, *, #652, .F. ) ;
#4983 = SURFACE_STYLE_FILL_AREA ( #1835 ) ;
#4984 = ORIENTED_EDGE ( 'NONE', *, *, #1593, .F. ) ;
#4985 = AXIS2_PLACEMENT_3D ( 'NONE', #5000, #3727, #4671 ) ;
#4986 = CARTESIAN_POINT ( 'NONE',  ( 1.269999999999999130, 9.900000000000000355, 0.9349999999999940581 ) ) ;
#4987 = ADVANCED_FACE ( 'NONE', ( #3597 ), #5042, .F. ) ;
#4988 = PLANE ( 'NONE',  #937 ) ;
#4989 = ORIENTED_EDGE ( 'NONE', *, *, #4808, .F. ) ;
#4990 = CARTESIAN_POINT ( 'NONE',  ( 6.325000000000000178, 1.850000000000000089, 2.784999999999999254 ) ) ;
#4991 = ORIENTED_EDGE ( 'NONE', *, *, #4320, .T. ) ;
#4992 = FILL_AREA_STYLE_COLOUR ( '', #3300 ) ;
#4993 =( LENGTH_UNIT ( ) NAMED_UNIT ( * ) SI_UNIT ( .MILLI., .METRE. ) );
#4994 =( NAMED_UNIT ( * ) PLANE_ANGLE_UNIT ( ) SI_UNIT ( $, .RADIAN. ) );
#4995 = CARTESIAN_POINT ( 'NONE',  ( -0.3200000000000008948, 0.000000000000000000, 2.024999999999999023 ) ) ;
#4996 = ORIENTED_EDGE ( 'NONE', *, *, #3855, .T. ) ;
#4997 = CARTESIAN_POINT ( 'NONE',  ( 2.679999999999999272, -2.579999999999992966, -0.005000000000002157233 ) ) ;
#4998 = VERTEX_POINT ( 'NONE', #5517 ) ;
#4999 = EDGE_LOOP ( 'NONE', ( #990, #3082, #1926, #4897 ) ) ;
#5000 = CARTESIAN_POINT ( 'NONE',  ( -0.3200000000000008393, 7.500000000000001776, 0.6349999999999988987 ) ) ;
#5001 = EDGE_LOOP ( 'NONE', ( #2284, #2293, #5413, #4090 ) ) ;
#5002 = EDGE_CURVE ( 'NONE', #3678, #3159, #1640, .T. ) ;
#5003 = CARTESIAN_POINT ( 'NONE',  ( 2.679999999999999272, 7.500000000000001776, 0.6349999999999988987 ) ) ;
#5004 = ORIENTED_EDGE ( 'NONE', *, *, #485, .F. ) ;
#5005 = VERTEX_POINT ( 'NONE', #4621 ) ;
#5006 = CARTESIAN_POINT ( 'NONE',  ( 1.269999999999999130, 3.300000000000000711, -0.9550000000000011813 ) ) ;
#5007 = EDGE_CURVE ( 'NONE', #4885, #2377, #1650, .T. ) ;
#5008 = ORIENTED_EDGE ( 'NONE', *, *, #2403, .T. ) ;
#5009 = ORIENTED_EDGE ( 'NONE', *, *, #3657, .F. ) ;
#5010 = EDGE_CURVE ( 'NONE', #2377, #5460, #1908, .T. ) ;
#5011 = DIRECTION ( 'NONE',  ( 0.000000000000000000, 0.000000000000000000, 1.000000000000000000 ) ) ;
#5012 = CARTESIAN_POINT ( 'NONE',  ( -3.320000000000000728, 0.6699999999999997069, 1.585000000000007292 ) ) ;
#5013 = DIRECTION ( 'NONE',  ( -1.000000000000000000, 0.000000000000000000, 1.984809469081015648E-16 ) ) ;
#5014 = CARTESIAN_POINT ( 'NONE',  ( -6.024999999999996803, -1.449999999999999956, 2.707696617295404208E-15 ) ) ;
#5015 = ORIENTED_EDGE ( 'NONE', *, *, #3562, .F. ) ;
#5016 = ORIENTED_EDGE ( 'NONE', *, *, #3693, .F. ) ;
#5017 = EDGE_LOOP ( 'NONE', ( #4738, #2770, #4658, #2938, #1380 ) ) ;
#5018 = EDGE_CURVE ( 'NONE', #856, #694, #3932, .T. ) ;
#5019 = ADVANCED_FACE ( 'NONE', ( #5778 ), #3163, .F. ) ;
#5020 = ORIENTED_EDGE ( 'NONE', *, *, #1634, .F. ) ;
#5021 = CARTESIAN_POINT ( 'NONE',  ( 2.879999999999999893, 7.500000000000001776, 0.1949999999999994238 ) ) ;
#5022 = EDGE_CURVE ( 'NONE', #1488, #5469, #16, .T. ) ;
#5023 = ORIENTED_EDGE ( 'NONE', *, *, #116, .F. ) ;
#5024 = EDGE_LOOP ( 'NONE', ( #3987, #3688, #2138, #299 ) ) ;
#5025 = CARTESIAN_POINT ( 'NONE',  ( 0.3199999999999991185, -2.579999999999992966, 0.6349999999999978995 ) ) ;
#5026 = ORIENTED_EDGE ( 'NONE', *, *, #187, .F. ) ;
#5027 = DIRECTION ( 'NONE',  ( -0.000000000000000000, -1.000000000000000000, -0.000000000000000000 ) ) ;
#5028 = CARTESIAN_POINT ( 'NONE',  ( 3.319999999999998952, -2.579999999999992966, 0.6349999999999978995 ) ) ;
#5029 = CARTESIAN_POINT ( 'NONE',  ( -2.680000000000001048, -1.081363123647112731E-15, -1.584999999999999964 ) ) ;
#5030 = AXIS2_PLACEMENT_3D ( 'NONE', #1239, #2093, #2591 ) ;
#5031 = ORIENTED_EDGE ( 'NONE', *, *, #4011, .T. ) ;
#5032 = LINE ( 'NONE', #4119, #1118 ) ;
#5033 = PLANE ( 'NONE',  #161 ) ;
#5034 = ADVANCED_FACE ( 'NONE', ( #3960 ), #5889, .T. ) ;
#5035 = PLANE ( 'NONE',  #5412 ) ;
#5036 = ORIENTED_EDGE ( 'NONE', *, *, #3047, .F. ) ;
#5037 = ORIENTED_EDGE ( 'NONE', *, *, #1794, .F. ) ;
#5038 = ORIENTED_EDGE ( 'NONE', *, *, #3883, .T. ) ;
#5039 = CARTESIAN_POINT ( 'NONE',  ( -6.325000000000003730, 0.6699999999999997069, -0.9549999999999922995 ) ) ;
#5040 = EDGE_LOOP ( 'NONE', ( #2499, #473, #5151, #680 ) ) ;
#5041 = LINE ( 'NONE', #2911, #3108 ) ;
#5042 = PLANE ( 'NONE',  #1009 ) ;
#5043 = DIRECTION ( 'NONE',  ( 0.000000000000000000, 1.000000000000000000, -3.236424395479117765E-16 ) ) ;
#5044 = CARTESIAN_POINT ( 'NONE',  ( -0.3200000000000008393, -2.579999999999992966, 0.6349999999999978995 ) ) ;
#5045 = EDGE_CURVE ( 'NONE', #1025, #1496, #3783, .T. ) ;
#5046 = ORIENTED_EDGE ( 'NONE', *, *, #3062, .F. ) ;
#5047 = ORIENTED_EDGE ( 'NONE', *, *, #5160, .F. ) ;
#5048 = DIRECTION ( 'NONE',  ( 0.000000000000000000, 0.000000000000000000, 1.000000000000000000 ) ) ;
#5049 = ORIENTED_EDGE ( 'NONE', *, *, #3773, .T. ) ;
#5050 = LINE ( 'NONE', #5398, #3215 ) ;
#5051 = AXIS2_PLACEMENT_3D ( 'NONE', #2791, #931, #810 ) ;
#5052 = EDGE_LOOP ( 'NONE', ( #52, #1288, #1332, #5058 ) ) ;
#5053 = EDGE_CURVE ( 'NONE', #12, #746, #3884, .T. ) ;
#5054 = DIRECTION ( 'NONE',  ( -0.000000000000000000, -0.000000000000000000, 1.000000000000000000 ) ) ;
#5055 = CARTESIAN_POINT ( 'NONE',  ( 0.3199999999999991185, 6.899999999999995026, 0.6349999999999988987 ) ) ;
#5056 = ORIENTED_EDGE ( 'NONE', *, *, #3845, .F. ) ;
#5057 = ORIENTED_EDGE ( 'NONE', *, *, #1192, .F. ) ;
#5058 = ORIENTED_EDGE ( 'NONE', *, *, #5797, .T. ) ;
#5059 = EDGE_CURVE ( 'NONE', #3142, #904, #3792, .T. ) ;
#5060 = DIRECTION ( 'NONE',  ( -4.494102269369967741E-16, 1.807003620809173892E-16, -1.000000000000000000 ) ) ;
#5061 = VERTEX_POINT ( 'NONE', #3308 ) ;
#5062 = ORIENTED_EDGE ( 'NONE', *, *, #4083, .T. ) ;
#5063 = ADVANCED_FACE ( 'NONE', ( #3804 ), #3577, .T. ) ;
#5064 = DIRECTION ( 'NONE',  ( 1.000000000000000000, 0.000000000000000000, 0.000000000000000000 ) ) ;
#5065 = DIRECTION ( 'NONE',  ( -0.000000000000000000, 1.000000000000000000, 1.801998070613027504E-16 ) ) ;
#5066 = ORIENTED_EDGE ( 'NONE', *, *, #4139, .F. ) ;
#5067 = CARTESIAN_POINT ( 'NONE',  ( -6.324999999999999289, -1.199999999999997957, 2.784999999999999254 ) ) ;
#5068 = AXIS2_PLACEMENT_3D ( 'NONE', #4665, #4036, #3648 ) ;
#5070 = ORIENTED_EDGE ( 'NONE', *, *, #1730, .T. ) ;
#5069 = EDGE_CURVE ( 'NONE', #5501, #2389, #1882, .T. ) ;
#5071 = ORIENTED_EDGE ( 'NONE', *, *, #2859, .F. ) ;
#5072 = EDGE_CURVE ( 'NONE', #1025, #826, #5828, .T. ) ;
#5073 = ORIENTED_EDGE ( 'NONE', *, *, #791, .F. ) ;
#5074 = CARTESIAN_POINT ( 'NONE',  ( 1.269999999999999130, 9.900000000000000355, 1.584999999999998632 ) ) ;
#5075 = DIRECTION ( 'NONE',  ( 0.000000000000000000, -1.000000000000000000, -1.807003620809173892E-16 ) ) ;
#5076 = VERTEX_POINT ( 'NONE', #4546 ) ;
#5077 = ADVANCED_FACE ( 'NONE', ( #3897 ), #3729, .F. ) ;
#5078 = CARTESIAN_POINT ( 'NONE',  ( -5.389999999999999680, 0.6699999999999998179, -0.5599999999999923928 ) ) ;
#5079 = CARTESIAN_POINT ( 'NONE',  ( -6.325000000000001066, 9.900000000000000355, -1.584999999999999964 ) ) ;
#5080 = PLANE ( 'NONE',  #2285 ) ;
#5081 = DIRECTION ( 'NONE',  ( 0.000000000000000000, 0.000000000000000000, -1.000000000000000000 ) ) ;
#5082 = ORIENTED_EDGE ( 'NONE', *, *, #5561, .T. ) ;
#5083 = ORIENTED_EDGE ( 'NONE', *, *, #3988, .F. ) ;
#5084 = DIRECTION ( 'NONE',  ( -0.000000000000000000, 1.000000000000000000, -0.000000000000000000 ) ) ;
#5085 = ORIENTED_EDGE ( 'NONE', *, *, #2546, .F. ) ;
#5086 = ORIENTED_EDGE ( 'NONE', *, *, #1902, .F. ) ;
#5087 = CARTESIAN_POINT ( 'NONE',  ( -0.08045454545454631956, 7.618636363636364095, 0.3954545454545445593 ) ) ;
#5088 = CARTESIAN_POINT ( 'NONE',  ( 6.325000000000001066, 1.270000000000002016, -1.584999999999999964 ) ) ;
#5089 = DIRECTION ( 'NONE',  ( -1.000000000000000000, -0.000000000000000000, -0.000000000000000000 ) ) ;
#5090 = DIRECTION ( 'NONE',  ( 0.000000000000000000, 1.000000000000000000, -3.614007241618347785E-16 ) ) ;
#5091 = ORIENTED_EDGE ( 'NONE', *, *, #3464, .T. ) ;
#5092 = VERTEX_POINT ( 'NONE', #1358 ) ;
#5093 = CARTESIAN_POINT ( 'NONE',  ( -2.250000000000001332, 8.300000000000000711, 2.774999999999999467 ) ) ;
#5094 = VERTEX_POINT ( 'NONE', #3200 ) ;
#5095 = EDGE_CURVE ( 'NONE', #2885, #5157, #1922, .T. ) ;
#5096 = ORIENTED_EDGE ( 'NONE', *, *, #4447, .T. ) ;
#5097 = DIRECTION ( 'NONE',  ( -0.000000000000000000, -1.000000000000000000, -0.000000000000000000 ) ) ;
#5098 = EDGE_LOOP ( 'NONE', ( #4800, #5047, #3465, #584 ) ) ;
#5099 = EDGE_LOOP ( 'NONE', ( #2864, #3569, #5659, #1145, #2831, #999, #1918, #708, #5122, #1659, #1077, #5543 ) ) ;
#5100 = AXIS2_PLACEMENT_3D ( 'NONE', #1923, #1814, #2887 ) ;
#5101 = ORIENTED_EDGE ( 'NONE', *, *, #5537, .T. ) ;
#5102 = AXIS2_PLACEMENT_3D ( 'NONE', #5293, #5732, #770 ) ;
#5103 = VECTOR ( 'NONE', #5467, 1000.000000000000000 ) ;
#5104 = CARTESIAN_POINT ( 'NONE',  ( 4.924999999999999822, 9.900000000000000355, -1.584999999999999964 ) ) ;
#5105 = VERTEX_POINT ( 'NONE', #1851 ) ;
#5106 = CARTESIAN_POINT ( 'NONE',  ( -0.3200000000000008393, 1.349999999999999645, 0.6349999999999985656 ) ) ;
#5107 = CARTESIAN_POINT ( 'NONE',  ( -1.730000000000000870, 3.300000000000000711, -0.9550000000000011813 ) ) ;
#5108 = ORIENTED_EDGE ( 'NONE', *, *, #5755, .F. ) ;
#5109 = ORIENTED_EDGE ( 'NONE', *, *, #1388, .T. ) ;
#5110 = ORIENTED_EDGE ( 'NONE', *, *, #604, .T. ) ;
#5111 = ADVANCED_FACE ( 'NONE', ( #3823 ), #4580, .F. ) ;
#5112 = CARTESIAN_POINT ( 'NONE',  ( 1.300000000000000044, 7.400000000000000355, -2.785000000000001030 ) ) ;
#5113 = EDGE_CURVE ( 'NONE', #655, #2718, #5807, .T. ) ;
#5114 = CARTESIAN_POINT ( 'NONE',  ( 5.389999999999999680, 1.269999999999999796, -0.5599999999999976108 ) ) ;
#5115 = ORIENTED_EDGE ( 'NONE', *, *, #1178, .F. ) ;
#5116 = CARTESIAN_POINT ( 'NONE',  ( 5.102731958762888098, -2.218556701030927059, 1.562731958762888063 ) ) ;
#5117 = CARTESIAN_POINT ( 'NONE',  ( -3.320000000000000728, 1.349999999999999423, 2.024999999999999023 ) ) ;
#5118 = CARTESIAN_POINT ( 'NONE',  ( -4.939999999999999503, 1.269999999999999796, -0.5599999999999929479 ) ) ;
#5119 = VERTEX_POINT ( 'NONE', #1007 ) ;
#5120 = VERTEX_POINT ( 'NONE', #2793 ) ;
#5121 = STYLED_ITEM ( 'NONE', ( #433 ), #4646 ) ;
#5122 = ORIENTED_EDGE ( 'NONE', *, *, #5829, .T. ) ;
#5123 = ORIENTED_EDGE ( 'NONE', *, *, #5134, .F. ) ;
#5124 = DIRECTION ( 'NONE',  ( 0.000000000000000000, 1.000000000000000000, 0.000000000000000000 ) ) ;
#5125 = CARTESIAN_POINT ( 'NONE',  ( 5.389999999999999680, 1.850000000000000089, 2.784999999999999254 ) ) ;
#5126 = CARTESIAN_POINT ( 'NONE',  ( -6.325000000000002842, 0.6699999999999997069, 1.585000000000007736 ) ) ;
#5127 = ORIENTED_EDGE ( 'NONE', *, *, #3855, .F. ) ;
#5128 = EDGE_LOOP ( 'NONE', ( #2141, #3760, #4098, #2320, #4169 ) ) ;
#5129 = LINE ( 'NONE', #5876, #1012 ) ;
#5130 = LINE ( 'NONE', #1462, #1248 ) ;
#5131 = CARTESIAN_POINT ( 'NONE',  ( -1.250000000000001110, 8.300000000000000711, 2.774999999999999467 ) ) ;
#5132 = EDGE_CURVE ( 'NONE', #5694, #4770, #5877, .T. ) ;
#5133 = ORIENTED_EDGE ( 'NONE', *, *, #4247, .T. ) ;
#5134 = EDGE_CURVE ( 'NONE', #3527, #815, #4317, .T. ) ;
#5135 = LINE ( 'NONE', #3191, #3207 ) ;
#5136 = CARTESIAN_POINT ( 'NONE',  ( -6.325000000000002842, 0.6699999999999998179, 1.190000000000007940 ) ) ;
#5137 = DIRECTION ( 'NONE',  ( 0.000000000000000000, 0.000000000000000000, -1.000000000000000000 ) ) ;
#5138 = ORIENTED_EDGE ( 'NONE', *, *, #5426, .F. ) ;
#5139 = EDGE_LOOP ( 'NONE', ( #3703, #1014, #1000, #4913 ) ) ;
#5140 = EDGE_CURVE ( 'NONE', #599, #3517, #325, .T. ) ;
#5141 = VECTOR ( 'NONE', #2012, 1000.000000000000000 ) ;
#5142 = VECTOR ( 'NONE', #3739, 1000.000000000000000 ) ;
#5143 = VECTOR ( 'NONE', #475, 1000.000000000000000 ) ;
#5144 = CARTESIAN_POINT ( 'NONE',  ( 5.389999999999999680, 1.849999999999999201, 2.024999999999999023 ) ) ;
#5145 = ORIENTED_EDGE ( 'NONE', *, *, #2051, .F. ) ;
#5146 = EDGE_CURVE ( 'NONE', #1254, #4960, #4200, .T. ) ;
#5147 = DIRECTION ( 'NONE',  ( 0.7071067811865483499, 0.7071067811865466846, 3.177810190017360389E-16 ) ) ;
#5148 = EDGE_CURVE ( 'NONE', #1125, #984, #463, .T. ) ;
#5149 = CARTESIAN_POINT ( 'NONE',  ( -3.757474226804121908, 0.3979381443298946053, 4.702525773195877612 ) ) ;
#5150 = VERTEX_POINT ( 'NONE', #2381 ) ;
#5151 = ORIENTED_EDGE ( 'NONE', *, *, #2397, .T. ) ;
#5152 = DIRECTION ( 'NONE',  ( 1.000000000000000000, -0.000000000000000000, -4.494102269369967741E-16 ) ) ;
#5153 = LINE ( 'NONE', #2058, #3212 ) ;
#5154 = EDGE_CURVE ( 'NONE', #5484, #1050, #2463, .T. ) ;
#5155 = VECTOR ( 'NONE', #1575, 1000.000000000000000 ) ;
#5156 = DIRECTION ( 'NONE',  ( 1.000000000000000000, 0.000000000000000000, 0.000000000000000000 ) ) ;
#5157 = VERTEX_POINT ( 'NONE', #4535 ) ;
#5158 = PLANE ( 'NONE',  #726 ) ;
#5159 = DIRECTION ( 'NONE',  ( 0.000000000000000000, -1.000000000000000000, -1.801998070613027504E-16 ) ) ;
#5160 = EDGE_CURVE ( 'NONE', #228, #4976, #2335, .T. ) ;
#5161 = EDGE_LOOP ( 'NONE', ( #3012, #1565, #1673, #4949, #1185, #2822, #3593, #4732, #3858, #3630, #5476, #1582, #3164, #5085 ) ) ;
#5162 = ORIENTED_EDGE ( 'NONE', *, *, #5018, .T. ) ;
#5163 = DIRECTION ( 'NONE',  ( 0.000000000000000000, 0.000000000000000000, -1.000000000000000000 ) ) ;
#5164 = VECTOR ( 'NONE', #5446, 1000.000000000000000 ) ;
#5165 = CARTESIAN_POINT ( 'NONE',  ( -3.080454545454546444, 7.618636363636364095, 0.3954545454545445593 ) ) ;
#5166 = ADVANCED_FACE ( 'NONE', ( #290 ), #1386, .T. ) ;
#5167 = LINE ( 'NONE', #1776, #3259 ) ;
#5168 = EDGE_LOOP ( 'NONE', ( #244, #340, #2348, #5546 ) ) ;
#5169 = CARTESIAN_POINT ( 'NONE',  ( 4.939999999999999503, 0.6699999999999998179, 1.190000000000007940 ) ) ;
#5170 = ORIENTED_EDGE ( 'NONE', *, *, #2264, .F. ) ;
#5171 = ORIENTED_EDGE ( 'NONE', *, *, #1326, .F. ) ;
#5172 = ORIENTED_EDGE ( 'NONE', *, *, #5808, .F. ) ;
#5173 = LINE ( 'NONE', #2299, #5248 ) ;
#5174 = DIRECTION ( 'NONE',  ( 0.000000000000000000, -1.000000000000000000, 0.000000000000000000 ) ) ;
#5175 = AXIS2_PLACEMENT_3D ( 'NONE', #1048, #5586, #3404 ) ;
#5176 = DIRECTION ( 'NONE',  ( 0.000000000000000000, 0.000000000000000000, 1.000000000000000000 ) ) ;
#5177 = VERTEX_POINT ( 'NONE', #5540 ) ;
#5178 = VERTEX_POINT ( 'NONE', #3606 ) ;
#5179 = VECTOR ( 'NONE', #4004, 1000.000000000000000 ) ;
#5180 = VECTOR ( 'NONE', #4869, 1000.000000000000000 ) ;
#5181 = PLANE ( 'NONE',  #3885 ) ;
#5182 =( GEOMETRIC_REPRESENTATION_CONTEXT ( 3 ) GLOBAL_UNCERTAINTY_ASSIGNED_CONTEXT ( ( #3882 ) ) GLOBAL_UNIT_ASSIGNED_CONTEXT ( ( #1667, #672, #2160 ) ) REPRESENTATION_CONTEXT ( 'NONE', 'WORKASPACE' ) );
#5183 = ORIENTED_EDGE ( 'NONE', *, *, #2005, .T. ) ;
#5184 = DIRECTION ( 'NONE',  ( -0.7071067811865483499, 0.7071067811865466846, 3.177810190017360389E-16 ) ) ;
#5185 = CARTESIAN_POINT ( 'NONE',  ( -6.325000000000003730, 0.6699999999999997069, -0.9549999999999922995 ) ) ;
#5186 = ORIENTED_EDGE ( 'NONE', *, *, #4912, .F. ) ;
#5187 = EDGE_CURVE ( 'NONE', #3910, #1100, #2305, .T. ) ;
#5188 =( NAMED_UNIT ( * ) PLANE_ANGLE_UNIT ( ) SI_UNIT ( $, .RADIAN. ) );
#5189 = AXIS2_PLACEMENT_3D ( 'NONE', #3373, #3343, #5629 ) ;
#5190 = VECTOR ( 'NONE', #1990, 1000.000000000000000 ) ;
#5191 = LINE ( 'NONE', #2231, #3269 ) ;
#5192 = CARTESIAN_POINT ( 'NONE',  ( 5.389999999999999680, 1.849999999999999201, 2.261979166666661101 ) ) ;
#5193 = DIRECTION ( 'NONE',  ( -0.000000000000000000, 1.000000000000000000, 1.807003620809173892E-16 ) ) ;
#5194 = ORIENTED_EDGE ( 'NONE', *, *, #516, .F. ) ;
#5195 = CARTESIAN_POINT ( 'NONE',  ( -2.250000000000001332, 8.300000000000000711, 2.274999999999999467 ) ) ;
#5196 = MANIFOLD_SOLID_BREP ( 'LPattern4[2]', #4815 ) ;
#5197 = CARTESIAN_POINT ( 'NONE',  ( -6.325000000000002842, 0.6699999999999998179, 1.190000000000007940 ) ) ;
#5198 = DIRECTION ( 'NONE',  ( 0.000000000000000000, -1.000000000000000000, -1.618212197739558882E-16 ) ) ;
#5199 = ORIENTED_EDGE ( 'NONE', *, *, #5537, .F. ) ;
#5200 = ADVANCED_FACE ( 'NONE', ( #364 ), #4493, .F. ) ;
#5201 = FACE_OUTER_BOUND ( 'NONE', #3281, .T. ) ;
#5202 = DIRECTION ( 'NONE',  ( -0.000000000000000000, 1.000000000000000000, -0.000000000000000000 ) ) ;
#5203 = LINE ( 'NONE', #1370, #1416 ) ;
#5204 = ORIENTED_EDGE ( 'NONE', *, *, #1810, .T. ) ;
#5205 = CARTESIAN_POINT ( 'NONE',  ( 0.3199999999999991185, -7.265096679918780609, 0.6349999999999970113 ) ) ;
#5206 = DIRECTION ( 'NONE',  ( 0.000000000000000000, 0.000000000000000000, -1.000000000000000000 ) ) ;
#5208 = ORIENTED_EDGE ( 'NONE', *, *, #5210, .F. ) ;
#5207 = EDGE_CURVE ( 'NONE', #5177, #3415, #2260, .T. ) ;
#5209 = PLANE ( 'NONE',  #942 ) ;
#5210 = EDGE_CURVE ( 'NONE', #2939, #560, #4365, .T. ) ;
#5211 = FACE_OUTER_BOUND ( 'NONE', #2275, .T. ) ;
#5212 = DIRECTION ( 'NONE',  ( 0.000000000000000000, -1.000000000000000000, 0.000000000000000000 ) ) ;
#5213 = DIRECTION ( 'NONE',  ( 0.000000000000000000, 0.000000000000000000, -1.000000000000000000 ) ) ;
#5214 = ADVANCED_FACE ( 'NONE', ( #414 ), #11, .T. ) ;
#5215 = LINE ( 'NONE', #4394, #5180 ) ;
#5216 = ORIENTED_EDGE ( 'NONE', *, *, #1279, .T. ) ;
#5217 = EDGE_CURVE ( 'NONE', #1536, #3740, #2294, .T. ) ;
#5218 = ORIENTED_EDGE ( 'NONE', *, *, #5303, .F. ) ;
#5219 = EDGE_CURVE ( 'NONE', #560, #1250, #2286, .T. ) ;
#5220 = VECTOR ( 'NONE', #1319, 1000.000000000000000 ) ;
#5221 =( LENGTH_UNIT ( ) NAMED_UNIT ( * ) SI_UNIT ( .MILLI., .METRE. ) );
#5222 = LINE ( 'NONE', #3590, #1406 ) ;
#5223 = CARTESIAN_POINT ( 'NONE',  ( 2.250000000000001332, 8.300000000000000711, 2.274999999999999467 ) ) ;
#5224 = DIRECTION ( 'NONE',  ( -1.000000000000000000, -0.000000000000000000, -0.000000000000000000 ) ) ;
#5225 = ORIENTED_EDGE ( 'NONE', *, *, #4647, .F. ) ;
#5226 = CARTESIAN_POINT ( 'NONE',  ( -3.320000000000000728, 1.350000000000000089, -1.585000000000000409 ) ) ;
#5227 = EDGE_CURVE ( 'NONE', #5566, #1989, #4211, .T. ) ;
#5228 = ORIENTED_EDGE ( 'NONE', *, *, #5713, .F. ) ;
#5229 = FACE_OUTER_BOUND ( 'NONE', #1194, .T. ) ;
#5230 = DIRECTION ( 'NONE',  ( 1.000000000000000000, 0.000000000000000000, 0.000000000000000000 ) ) ;
#5231 = LINE ( 'NONE', #702, #1237 ) ;
#5232 = EDGE_CURVE ( 'NONE', #3962, #4025, #384, .T. ) ;
#5233 = DIRECTION ( 'NONE',  ( 1.000000000000000000, 0.000000000000000000, -4.494102269369967741E-16 ) ) ;
#5234 = DIRECTION ( 'NONE',  ( -0.000000000000000000, -1.000000000000000000, -2.017120320903263949E-16 ) ) ;
#5235 = VERTEX_POINT ( 'NONE', #121 ) ;
#5236 = CARTESIAN_POINT ( 'NONE',  ( 1.269999999999999130, 3.300000000000000711, 1.584999999999998632 ) ) ;
#5237 = CARTESIAN_POINT ( 'NONE',  ( 6.324999999999999289, 0.6699999999999998179, 1.190000000000002167 ) ) ;
#5238 = ORIENTED_EDGE ( 'NONE', *, *, #5895, .T. ) ;
#5239 = CARTESIAN_POINT ( 'NONE',  ( 2.680000000000000160, 0.6699999999999998179, 1.190000000000003721 ) ) ;
#5240 = LINE ( 'NONE', #3689, #3257 ) ;
#5241 = CARTESIAN_POINT ( 'NONE',  ( -4.924999999999998934, 8.499999999999996447, 1.044999999999998819 ) ) ;
#5242 = LINE ( 'NONE', #2417, #5103 ) ;
#5243 = CARTESIAN_POINT ( 'NONE',  ( 0.000000000000000000, 1.850000000000000089, 0.000000000000000000 ) ) ;
#5244 = VECTOR ( 'NONE', #592, 1000.000000000000000 ) ;
#5245 = AXIS2_PLACEMENT_3D ( 'NONE', #104, #5283, #1961 ) ;
#5246 = ORIENTED_EDGE ( 'NONE', *, *, #2438, .F. ) ;
#5247 = EDGE_CURVE ( 'NONE', #4473, #1089, #399, .T. ) ;
#5248 = VECTOR ( 'NONE', #2382, 1000.000000000000000 ) ;
#5249 = CARTESIAN_POINT ( 'NONE',  ( -4.939999999999999503, 0.000000000000000000, 2.024999999999999023 ) ) ;
#5250 = VERTEX_POINT ( 'NONE', #5144 ) ;
#5251 = DIRECTION ( 'NONE',  ( 1.000000000000000000, -0.000000000000000000, -4.494102269369967741E-16 ) ) ;
#5252 = ADVANCED_FACE ( 'NONE', ( #2316 ), #1687, .T. ) ;
#5253 = LINE ( 'NONE', #501, #1333 ) ;
#5254 = CARTESIAN_POINT ( 'NONE',  ( 0.000000000000000000, 7.500000000000001776, 0.4349999999999983324 ) ) ;
#5255 = CARTESIAN_POINT ( 'NONE',  ( 2.679999999999999272, -2.579999999999992966, -0.005000000000002157233 ) ) ;
#5256 = COLOUR_RGB ( '',0.7921568627450980005, 0.8196078431372548767, 0.9333333333333333481 ) ;
#5257 = EDGE_CURVE ( 'NONE', #2547, #2054, #2414, .T. ) ;
#5258 = VERTEX_POINT ( 'NONE', #783 ) ;
#5259 = VERTEX_POINT ( 'NONE', #2593 ) ;
#5260 = PRESENTATION_LAYER_ASSIGNMENT (  '', '', ( #5525 ) ) ;
#5261 = ADVANCED_FACE ( 'NONE', ( #4352 ), #1979, .F. ) ;
#5262 = VECTOR ( 'NONE', #3537, 1000.000000000000000 ) ;
#5263 = VECTOR ( 'NONE', #5529, 1000.000000000000000 ) ;
#5264 = CARTESIAN_POINT ( 'NONE',  ( -2.602499999999976499, 3.300000000000000711, 2.602500000000004476 ) ) ;
#5265 = ORIENTED_EDGE ( 'NONE', *, *, #2888, .F. ) ;
#5266 = CARTESIAN_POINT ( 'NONE',  ( 0.6200000000000032152, 3.300000000000000711, 1.584999999999998854 ) ) ;
#5267 = AXIS2_PLACEMENT_3D ( 'NONE', #3396, #3362, #3331 ) ;
#5268 = PLANE ( 'NONE',  #884 ) ;
#5269 = ORIENTED_EDGE ( 'NONE', *, *, #2102, .T. ) ;
#5270 = CARTESIAN_POINT ( 'NONE',  ( -2.862272727272729078, 7.446818181818184001, 0.1772727272727269987 ) ) ;
#5271 = VECTOR ( 'NONE', #2836, 1000.000000000000000 ) ;
#5272 = DIRECTION ( 'NONE',  ( 0.000000000000000000, -1.000000000000000000, 3.614007241618347785E-16 ) ) ;
#5273 = VERTEX_POINT ( 'NONE', #2467 ) ;
#5274 = VECTOR ( 'NONE', #2729, 1000.000000000000000 ) ;
#5275 = EDGE_CURVE ( 'NONE', #2326, #2389, #4252, .T. ) ;
#5276 = CARTESIAN_POINT ( 'NONE',  ( -6.325000000000002842, 1.269999999999999796, 1.190000000000007718 ) ) ;
#5277 = DIRECTION ( 'NONE',  ( 1.000000000000000000, 0.000000000000000000, 0.000000000000000000 ) ) ;
#5278 = ORIENTED_EDGE ( 'NONE', *, *, #367, .F. ) ;
#5279 = CARTESIAN_POINT ( 'NONE',  ( -3.320000000000000728, -2.579999999999992966, -0.005000000000002157233 ) ) ;
#5280 = CARTESIAN_POINT ( 'NONE',  ( 4.269999999999999574, 3.300000000000000711, 1.584999999999998632 ) ) ;
#5281 = DIRECTION ( 'NONE',  ( 1.000000000000000000, 0.000000000000000000, -4.638298064109109804E-16 ) ) ;
#5282 = CARTESIAN_POINT ( 'NONE',  ( -3.320000000000000728, 0.000000000000000000, 0.000000000000000000 ) ) ;
#5283 = DIRECTION ( 'NONE',  ( -4.494102269369967741E-16, 1.618212197739558882E-16, -1.000000000000000000 ) ) ;
#5284 = LINE ( 'NONE', #4544, #1392 ) ;
#5285 = DIRECTION ( 'NONE',  ( 0.000000000000000000, 1.000000000000000000, 0.000000000000000000 ) ) ;
#5286 = ORIENTED_EDGE ( 'NONE', *, *, #2623, .T. ) ;
#5287 = CARTESIAN_POINT ( 'NONE',  ( -6.325000000000001066, 9.900000000000000355, -1.584999999999999964 ) ) ;
#5288 = LINE ( 'NONE', #3666, #5244 ) ;
#5289 = EDGE_LOOP ( 'NONE', ( #4355, #4773, #742, #811, #1174, #912, #5031, #1722, #4642, #3492, #4943, #5038, #1757, #3087, #1682, #4684, #4803, #3541, #5062, #1600 ) ) ;
#5290 = EDGE_CURVE ( 'NONE', #733, #4972, #2435, .T. ) ;
#5291 = EDGE_CURVE ( 'NONE', #587, #5076, #4586, .T. ) ;
#5292 = APPLICATION_CONTEXT ( 'automotive_design' ) ;
#5293 = CARTESIAN_POINT ( 'NONE',  ( -3.320000000000000728, -2.579999999999992966, 0.6349999999999970113 ) ) ;
#5294 = LINE ( 'NONE', #1480, #5271 ) ;
#5295 = CARTESIAN_POINT ( 'NONE',  ( 0.3199999999999991185, 1.269999999999999796, 1.190000000000007052 ) ) ;
#5296 = EDGE_CURVE ( 'NONE', #1016, #4960, #681, .T. ) ;
#5297 = DIRECTION ( 'NONE',  ( 0.000000000000000000, -0.3162277660168354432, 0.9486832980505146562 ) ) ;
#5298 = ORIENTED_EDGE ( 'NONE', *, *, #356, .F. ) ;
#5299 = SURFACE_STYLE_FILL_AREA ( #2295 ) ;
#5300 = LINE ( 'NONE', #2685, #1230 ) ;
#5301 = ORIENTED_EDGE ( 'NONE', *, *, #3042, .F. ) ;
#5302 = LINE ( 'NONE', #1430, #5379 ) ;
#5303 = EDGE_CURVE ( 'NONE', #4704, #4467, #669, .T. ) ;
#5304 = CARTESIAN_POINT ( 'NONE',  ( 2.679999999999999272, 1.269999999999999796, -0.5599999999999962785 ) ) ;
#5305 = ADVANCED_FACE ( 'NONE', ( #4541 ), #3401, .F. ) ;
#5306 = VECTOR ( 'NONE', #579, 1000.000000000000000 ) ;
#5307 = DIRECTION ( 'NONE',  ( 4.494102269369967741E-16, 3.236424395479117765E-16, 1.000000000000000000 ) ) ;
#5308 = ORIENTED_EDGE ( 'NONE', *, *, #2041, .T. ) ;
#5309 = EDGE_CURVE ( 'NONE', #5259, #772, #502, .T. ) ;
#5310 = DIRECTION ( 'NONE',  ( 1.000000000000000000, 0.000000000000000000, 0.000000000000000000 ) ) ;
#5311 = ORIENTED_EDGE ( 'NONE', *, *, #2953, .F. ) ;
#5312 = CARTESIAN_POINT ( 'NONE',  ( -5.499240397477539233, 9.325759602522458280, 2.205083126313776454 ) ) ;
#5313 = AXIS2_PLACEMENT_3D ( 'NONE', #3456, #1653, #2110 ) ;
#5314 = CARTESIAN_POINT ( 'NONE',  ( -3.120000000000000551, -3.180000000000000160, 0.000000000000000000 ) ) ;
#5315 = EDGE_CURVE ( 'NONE', #1783, #852, #2663, .T. ) ;
#5316 = VECTOR ( 'NONE', #1941, 1000.000000000000000 ) ;
#5317 = EDGE_LOOP ( 'NONE', ( #4219, #511, #2174, #4795 ) ) ;
#5318 = ADVANCED_FACE ( 'NONE', ( #4498 ), #3824, .T. ) ;
#5319 = VECTOR ( 'NONE', #2322, 1000.000000000000000 ) ;
#5320 = CARTESIAN_POINT ( 'NONE',  ( 1.300000000000000044, 9.350000000000001421, -1.585000000000000187 ) ) ;
#5321 = DIRECTION ( 'NONE',  ( 1.000000000000000000, -0.000000000000000000, -4.494102269369967741E-16 ) ) ;
#5322 = ORIENTED_EDGE ( 'NONE', *, *, #518, .T. ) ;
#5323 = CARTESIAN_POINT ( 'NONE',  ( -6.325000000000003730, 0.6699999999999998179, -0.5599999999999923928 ) ) ;
#5324 = AXIS2_PLACEMENT_3D ( 'NONE', #3488, #3906, #5351 ) ;
#5325 = CARTESIAN_POINT ( 'NONE',  ( 5.364999999999991331, 9.460000000000006182, 2.274999999999999023 ) ) ;
#5326 = LINE ( 'NONE', #858, #5220 ) ;
#5327 = CARTESIAN_POINT ( 'NONE',  ( -1.250000000000001110, 8.300000000000000711, 2.774999999999999467 ) ) ;
#5328 = ORIENTED_EDGE ( 'NONE', *, *, #3883, .F. ) ;
#5329 = DIRECTION ( 'NONE',  ( 0.000000000000000000, -0.000000000000000000, 1.000000000000000000 ) ) ;
#5330 = FACE_OUTER_BOUND ( 'NONE', #199, .T. ) ;
#5331 = ORIENTED_EDGE ( 'NONE', *, *, #356, .T. ) ;
#5332 = DIRECTION ( 'NONE',  ( 0.000000000000000000, 0.000000000000000000, -1.000000000000000000 ) ) ;
#5333 = EDGE_CURVE ( 'NONE', #4583, #1149, #482, .T. ) ;
#5334 = DIRECTION ( 'NONE',  ( 0.000000000000000000, -2.744815626545581052E-16, 1.000000000000000000 ) ) ;
#5335 = CARTESIAN_POINT ( 'NONE',  ( -4.924999999999999822, 9.900000000000000355, 2.213345367664709038E-15 ) ) ;
#5336 = ORIENTED_EDGE ( 'NONE', *, *, #2983, .T. ) ;
#5337 = FACE_OUTER_BOUND ( 'NONE', #2808, .T. ) ;
#5338 = ORIENTED_EDGE ( 'NONE', *, *, #3953, .F. ) ;
#5339 = AXIS2_PLACEMENT_3D ( 'NONE', #1767, #3096, #2805 ) ;
#5340 = LINE ( 'NONE', #2709, #3222 ) ;
#5341 = DIRECTION ( 'NONE',  ( 1.000000000000000000, -0.000000000000000000, 0.000000000000000000 ) ) ;
#5342 = ORIENTED_EDGE ( 'NONE', *, *, #3449, .F. ) ;
#5343 = VECTOR ( 'NONE', #388, 1000.000000000000000 ) ;
#5344 = ORIENTED_EDGE ( 'NONE', *, *, #2539, .F. ) ;
#5345 = PLANE ( 'NONE',  #1423 ) ;
#5346 = CARTESIAN_POINT ( 'NONE',  ( 1.269999999999999130, 9.900000000000000355, 0.9349999999999940581 ) ) ;
#5347 = ADVANCED_FACE ( 'NONE', ( #4568 ), #3018, .F. ) ;
#5348 = FACE_OUTER_BOUND ( 'NONE', #1038, .T. ) ;
#5349 = DIRECTION ( 'NONE',  ( 0.000000000000000000, 0.000000000000000000, -1.000000000000000000 ) ) ;
#5350 = ORIENTED_EDGE ( 'NONE', *, *, #5290, .F. ) ;
#5351 = DIRECTION ( 'NONE',  ( 1.000000000000000000, 0.000000000000000000, -4.494102269369967741E-16 ) ) ;
#5352 = DIRECTION ( 'NONE',  ( -1.000000000000000000, 0.000000000000000000, 1.280553747030123075E-16 ) ) ;
#5353 = ORIENTED_EDGE ( 'NONE', *, *, #1391, .F. ) ;
#5354 = DIRECTION ( 'NONE',  ( -1.000000000000000000, 0.000000000000000000, 0.000000000000000000 ) ) ;
#5355 = VECTOR ( 'NONE', #222, 1000.000000000000000 ) ;
#5356 = EDGE_CURVE ( 'NONE', #2255, #546, #562, .T. ) ;
#5357 = LINE ( 'NONE', #2919, #3405 ) ;
#5358 = DIRECTION ( 'NONE',  ( 4.494102269369967741E-16, 3.614007241618347785E-16, 1.000000000000000000 ) ) ;
#5359 = EDGE_CURVE ( 'NONE', #219, #4096, #2590, .T. ) ;
#5360 = ORIENTED_EDGE ( 'NONE', *, *, #2906, .T. ) ;
#5361 = ADVANCED_FACE ( 'NONE', ( #620 ), #3333, .F. ) ;
#5362 = FACE_OUTER_BOUND ( 'NONE', #4711, .T. ) ;
#5363 = ORIENTED_EDGE ( 'NONE', *, *, #5645, .F. ) ;
#5364 = DIRECTION ( 'NONE',  ( 1.233548213626064722E-31, 1.000000000000000000, 2.744815626545581052E-16 ) ) ;
#5365 = LINE ( 'NONE', #1058, #3392 ) ;
#5366 = CARTESIAN_POINT ( 'NONE',  ( 0.3199999999999991185, 6.899999999999995026, 0.6349999999999988987 ) ) ;
#5367 = DIRECTION ( 'NONE',  ( 0.000000000000000000, -1.000000000000000000, 0.000000000000000000 ) ) ;
#5368 = ORIENTED_EDGE ( 'NONE', *, *, #3702, .F. ) ;
#5369 = FACE_OUTER_BOUND ( 'NONE', #207, .T. ) ;
#5370 = FACE_OUTER_BOUND ( 'NONE', #5831, .T. ) ;
#5371 = ORIENTED_EDGE ( 'NONE', *, *, #4578, .T. ) ;
#5372 = LINE ( 'NONE', #1503, #1289 ) ;
#5373 = VECTOR ( 'NONE', #5671, 1000.000000000000000 ) ;
#5374 = PLANE ( 'NONE',  #1275 ) ;
#5375 = VERTEX_POINT ( 'NONE', #1401 ) ;
#5376 = LINE ( 'NONE', #1537, #1465 ) ;
#5377 = DIRECTION ( 'NONE',  ( 0.000000000000000000, 1.000000000000000000, 0.000000000000000000 ) ) ;
#5378 = EDGE_LOOP ( 'NONE', ( #3233, #3602, #4787, #4762 ) ) ;
#5379 = VECTOR ( 'NONE', #5880, 1000.000000000000000 ) ;
#5380 = FACE_OUTER_BOUND ( 'NONE', #394, .T. ) ;
#5381 = AXIS2_PLACEMENT_3D ( 'NONE', #543, #2480, #3372 ) ;
#5382 = ORIENTED_EDGE ( 'NONE', *, *, #1756, .F. ) ;
#5383 = VECTOR ( 'NONE', #1152, 1000.000000000000000 ) ;
#5384 = CARTESIAN_POINT ( 'NONE',  ( 3.261818181818181728, -2.754545454545446415, 0.05318181818181508258 ) ) ;
#5385 = CARTESIAN_POINT ( 'NONE',  ( 5.389999999999999680, 0.000000000000000000, 1.585000000000003073 ) ) ;
#5386 = ORIENTED_EDGE ( 'NONE', *, *, #967, .T. ) ;
#5387 = CARTESIAN_POINT ( 'NONE',  ( 6.325000000000000178, 1.850000000000000089, 2.784999999999999254 ) ) ;
#5388 = VECTOR ( 'NONE', #583, 1000.000000000000000 ) ;
#5389 = ADVANCED_FACE ( 'NONE', ( #2641 ), #823, .F. ) ;
#5390 = CARTESIAN_POINT ( 'NONE',  ( -6.324999999999998401, -1.199999999999997957, 2.785000000000001030 ) ) ;
#5391 = CARTESIAN_POINT ( 'NONE',  ( -1.270000000000001128, 3.300000000000000711, 1.584999999999999076 ) ) ;
#5392 = ORIENTED_EDGE ( 'NONE', *, *, #1310, .F. ) ;
#5393 = CARTESIAN_POINT ( 'NONE',  ( -6.325000000000002842, 0.6699999999999997069, 1.585000000000007736 ) ) ;
#5394 = FACE_OUTER_BOUND ( 'NONE', #3010, .T. ) ;
#5395 = ORIENTED_EDGE ( 'NONE', *, *, #3093, .T. ) ;
#5396 = DIRECTION ( 'NONE',  ( -0.000000000000000000, -1.000000000000000000, -0.000000000000000000 ) ) ;
#5397 = DIRECTION ( 'NONE',  ( 0.000000000000000000, 0.000000000000000000, -1.000000000000000000 ) ) ;
#5398 = CARTESIAN_POINT ( 'NONE',  ( -6.325000000000003730, 0.6699999999999997069, -0.9549999999999922995 ) ) ;
#5399 = DIRECTION ( 'NONE',  ( 0.000000000000000000, 1.000000000000000000, 0.000000000000000000 ) ) ;
#5400 = DIRECTION ( 'NONE',  ( 4.494102269369967741E-16, 0.000000000000000000, -1.000000000000000000 ) ) ;
#5401 = DIRECTION ( 'NONE',  ( 0.7071067811865467956, -0.7071067811865483499, 0.000000000000000000 ) ) ;
#5402 = AXIS2_PLACEMENT_3D ( 'NONE', #448, #1384, #4367 ) ;
#5403 = ORIENTED_EDGE ( 'NONE', *, *, #1297, .F. ) ;
#5404 = ADVANCED_FACE ( 'NONE', ( #2506 ), #3965, .F. ) ;
#5405 = VECTOR ( 'NONE', #4412, 1000.000000000000000 ) ;
#5406 = ORIENTED_EDGE ( 'NONE', *, *, #1287, .F. ) ;
#5407 = DIRECTION ( 'NONE',  ( 1.000000000000000000, 0.000000000000000000, -4.494102269369967741E-16 ) ) ;
#5408 = EDGE_LOOP ( 'NONE', ( #2922, #3182, #4906, #1023 ) ) ;
#5409 = CARTESIAN_POINT ( 'NONE',  ( 5.389999999999999680, 0.6699999999999997069, -0.9549999999999976286 ) ) ;
#5410 = LINE ( 'NONE', #1191, #1567 ) ;
#5411 = DIRECTION ( 'NONE',  ( 0.000000000000000000, 0.000000000000000000, 1.000000000000000000 ) ) ;
#5412 = AXIS2_PLACEMENT_3D ( 'NONE', #1090, #2914, #2301 ) ;
#5413 = ORIENTED_EDGE ( 'NONE', *, *, #2790, .F. ) ;
#5414 = EDGE_CURVE ( 'NONE', #2740, #617, #523, .T. ) ;
#5415 = CARTESIAN_POINT ( 'NONE',  ( -4.924999999999998934, 9.900000000000000355, 1.044999999999998819 ) ) ;
#5416 = EDGE_CURVE ( 'NONE', #499, #2032, #610, .T. ) ;
#5417 = CARTESIAN_POINT ( 'NONE',  ( -0.3200000000000008948, 1.350000000000000089, -1.585000000000000409 ) ) ;
#5418 = EDGE_CURVE ( 'NONE', #4882, #4742, #533, .T. ) ;
#5419 = ORIENTED_EDGE ( 'NONE', *, *, #95, .F. ) ;
#5420 = LINE ( 'NONE', #4611, #1611 ) ;
#5421 = DIRECTION ( 'NONE',  ( -1.000000000000000000, 0.000000000000000000, 0.000000000000000000 ) ) ;
#5422 = CARTESIAN_POINT ( 'NONE',  ( 4.924999999999998934, 9.900000000000000355, -0.9550000000000011813 ) ) ;
#5423 = CARTESIAN_POINT ( 'NONE',  ( 1.300000000000000044, 7.400000000000000355, -2.085000000000000853 ) ) ;
#5424 = ORIENTED_EDGE ( 'NONE', *, *, #458, .T. ) ;
#5425 = DIRECTION ( 'NONE',  ( 0.000000000000000000, -0.3162277660168354432, -0.9486832980505146562 ) ) ;
#5426 = EDGE_CURVE ( 'NONE', #899, #1167, #2627, .T. ) ;
#5427 = ORIENTED_EDGE ( 'NONE', *, *, #1297, .T. ) ;
#5428 = DIRECTION ( 'NONE',  ( 1.000000000000000000, 0.000000000000000000, -4.638298064109109804E-16 ) ) ;
#5429 = VECTOR ( 'NONE', #2937, 1000.000000000000000 ) ;
#5430 = EDGE_CURVE ( 'NONE', #2014, #274, #495, .T. ) ;
#5431 = ORIENTED_EDGE ( 'NONE', *, *, #3272, .F. ) ;
#5432 = CARTESIAN_POINT ( 'NONE',  ( 6.324999999999999289, 1.849999999999999201, 1.774999999999998357 ) ) ;
#5433 = CARTESIAN_POINT ( 'NONE',  ( -3.320000000000000728, 7.500000000000001776, -0.005000000000001097317 ) ) ;
#5434 = LINE ( 'NONE', #2482, #1538 ) ;
#5435 = EDGE_CURVE ( 'NONE', #2880, #3418, #2568, .T. ) ;
#5436 = PLANE ( 'NONE',  #5051 ) ;
#5437 = ADVANCED_FACE ( 'NONE', ( #691 ), #5854, .F. ) ;
#5438 = PLANE ( 'NONE',  #94 ) ;
#5439 = CARTESIAN_POINT ( 'NONE',  ( 2.680000000000000160, 0.6699999999999997069, 1.585000000000003739 ) ) ;
#5440 = DIRECTION ( 'NONE',  ( -1.000000000000000000, -0.000000000000000000, 0.000000000000000000 ) ) ;
#5441 = ORIENTED_EDGE ( 'NONE', *, *, #2514, .T. ) ;
#5442 = LINE ( 'NONE', #1505, #5477 ) ;
#5443 = CARTESIAN_POINT ( 'NONE',  ( -2.680000000000001048, 0.6699999999999998179, -0.5599999999999930589 ) ) ;
#5444 = EDGE_LOOP ( 'NONE', ( #1427, #3326, #5170, #5096 ) ) ;
#5445 = EDGE_CURVE ( 'NONE', #4257, #4225, #2619, .T. ) ;
#5446 = DIRECTION ( 'NONE',  ( 0.000000000000000000, 0.000000000000000000, 1.000000000000000000 ) ) ;
#5447 = DIRECTION ( 'NONE',  ( -0.6092076990801712499, 0.5076730825668099856, 0.6092076990801711389 ) ) ;
#5448 = VERTEX_POINT ( 'NONE', #4421 ) ;
#5449 = ADVANCED_FACE ( 'NONE', ( #4530 ), #1281, .F. ) ;
#5450 = LINE ( 'NONE', #5106, #3408 ) ;
#5451 = ORIENTED_EDGE ( 'NONE', *, *, #1561, .F. ) ;
#5452 = DIRECTION ( 'NONE',  ( 0.000000000000000000, 0.000000000000000000, -1.000000000000000000 ) ) ;
#5453 = DIRECTION ( 'NONE',  ( -0.000000000000000000, 1.000000000000000000, -0.000000000000000000 ) ) ;
#5454 = AXIS2_PLACEMENT_3D ( 'NONE', #3092, #4417, #5341 ) ;
#5455 = VERTEX_POINT ( 'NONE', #1813 ) ;
#5456 = LINE ( 'NONE', #5131, #5383 ) ;
#5457 = CARTESIAN_POINT ( 'NONE',  ( -5.674999999999999822, -1.449999999999999956, 2.185000000000002718 ) ) ;
#5458 = CARTESIAN_POINT ( 'NONE',  ( 0.1199999999999985800, -3.180000000000000160, 0.000000000000000000 ) ) ;
#5459 = DIRECTION ( 'NONE',  ( 0.000000000000000000, 0.000000000000000000, -1.000000000000000000 ) ) ;
#5460 = VERTEX_POINT ( 'NONE', #986 ) ;
#5461 = AXIS2_PLACEMENT_3D ( 'NONE', #1864, #796, #3525 ) ;
#5462 = DIRECTION ( 'NONE',  ( 1.000000000000000000, -0.000000000000000000, -0.000000000000000000 ) ) ;
#5463 = LINE ( 'NONE', #5555, #5388 ) ;
#5464 = EDGE_CURVE ( 'NONE', #2032, #3103, #4434, .T. ) ;
#5465 = AXIS2_PLACEMENT_3D ( 'NONE', #5809, #2164, #3041 ) ;
#5466 = ORIENTED_EDGE ( 'NONE', *, *, #1470, .T. ) ;
#5467 = DIRECTION ( 'NONE',  ( -0.7071067811865467956, 0.7071067811865483499, 0.000000000000000000 ) ) ;
#5468 = VECTOR ( 'NONE', #256, 1000.000000000000000 ) ;
#5469 = VERTEX_POINT ( 'NONE', #2269 ) ;
#5470 = CARTESIAN_POINT ( 'NONE',  ( 3.000000000000000000, -3.180000000000000160, 0.1949999999999981470 ) ) ;
#5471 = PLANE ( 'NONE',  #5742 ) ;
#5472 = LINE ( 'NONE', #5195, #1443 ) ;
#5473 = CARTESIAN_POINT ( 'NONE',  ( -4.924999999999999822, 9.900000000000000355, 2.213345367664709038E-15 ) ) ;
#5474 = DIRECTION ( 'NONE',  ( -0.000000000000000000, 1.000000000000000000, 1.801998070613027504E-16 ) ) ;
#5475 = CARTESIAN_POINT ( 'NONE',  ( 4.269999999999999574, 9.900000000000000355, 1.584999999999998632 ) ) ;
#5476 = ORIENTED_EDGE ( 'NONE', *, *, #1832, .T. ) ;
#5477 = VECTOR ( 'NONE', #1946, 1000.000000000000000 ) ;
#5478 = DIRECTION ( 'NONE',  ( 0.000000000000000000, 1.000000000000000000, 1.801998070613027504E-16 ) ) ;
#5479 = ORIENTED_EDGE ( 'NONE', *, *, #5007, .T. ) ;
#5480 = LINE ( 'NONE', #1993, #5373 ) ;
#5481 = ADVANCED_FACE ( 'NONE', ( #581 ), #3245, .F. ) ;
#5482 = EDGE_CURVE ( 'NONE', #4122, #330, #2653, .T. ) ;
#5483 = EDGE_CURVE ( 'NONE', #1536, #1125, #648, .T. ) ;
#5484 = VERTEX_POINT ( 'NONE', #331 ) ;
#5485 = DIRECTION ( 'NONE',  ( 0.000000000000000000, -1.000000000000000000, -1.807003620809173892E-16 ) ) ;
#5486 = VECTOR ( 'NONE', #724, 1000.000000000000000 ) ;
#5487 = CARTESIAN_POINT ( 'NONE',  ( -5.389999999999999680, 0.6699999999999997069, 1.585000000000007736 ) ) ;
#5488 = ORIENTED_EDGE ( 'NONE', *, *, #4213, .F. ) ;
#5489 = DIRECTION ( 'NONE',  ( 0.000000000000000000, -0.000000000000000000, 1.000000000000000000 ) ) ;
#5490 = DIRECTION ( 'NONE',  ( 0.000000000000000000, -1.801998070613027504E-16, 1.000000000000000000 ) ) ;
#5491 = ORIENTED_EDGE ( 'NONE', *, *, #4549, .F. ) ;
#5492 = ADVANCED_FACE ( 'NONE', ( #4606 ), #4046, .F. ) ;
#5493 = FACE_OUTER_BOUND ( 'NONE', #4250, .T. ) ;
#5494 = CARTESIAN_POINT ( 'NONE',  ( 2.679999999999999272, -8.926487835092499482E-16, -0.9549999999999966294 ) ) ;
#5495 = DIRECTION ( 'NONE',  ( 0.000000000000000000, 0.000000000000000000, -1.000000000000000000 ) ) ;
#5496 = ORIENTED_EDGE ( 'NONE', *, *, #2865, .F. ) ;
#5497 = DIRECTION ( 'NONE',  ( 0.000000000000000000, 1.000000000000000000, -3.212450881438528789E-16 ) ) ;
#5498 = PRODUCT_DEFINITION_SHAPE ( 'NONE', 'NONE',  #3805 ) ;
#5499 = EDGE_CURVE ( 'NONE', #5566, #120, #4627, .T. ) ;
#5500 = AXIS2_PLACEMENT_3D ( 'NONE', #3619, #1325, #4050 ) ;
#5501 = VERTEX_POINT ( 'NONE', #585 ) ;
#5502 = DIRECTION ( 'NONE',  ( 0.000000000000000000, 0.000000000000000000, -1.000000000000000000 ) ) ;
#5503 = LINE ( 'NONE', #242, #5486 ) ;
#5504 = ORIENTED_EDGE ( 'NONE', *, *, #315, .T. ) ;
#5505 = EDGE_CURVE ( 'NONE', #3210, #1072, #2671, .T. ) ;
#5506 = CARTESIAN_POINT ( 'NONE',  ( 0.3199999999999991185, 7.500000000000001776, 0.6349999999999988987 ) ) ;
#5507 = CARTESIAN_POINT ( 'NONE',  ( 3.319999999999998952, 3.300000000000000711, 0.6349999999999988987 ) ) ;
#5508 = DIRECTION ( 'NONE',  ( 0.9486832980505147672, 0.3162277660168352766, -0.000000000000000000 ) ) ;
#5509 = CARTESIAN_POINT ( 'NONE',  ( 4.939999999999999503, 1.285879139104722704E-16, -1.584999999999999964 ) ) ;
#5510 = ORIENTED_EDGE ( 'NONE', *, *, #4807, .F. ) ;
#5511 = VECTOR ( 'NONE', #2006, 1000.000000000000000 ) ;
#5512 = PLANE ( 'NONE',  #2760 ) ;
#5513 = ORIENTED_EDGE ( 'NONE', *, *, #2307, .T. ) ;
#5514 = EDGE_CURVE ( 'NONE', #5259, #228, #600, .T. ) ;
#5515 = LINE ( 'NONE', #1420, #1597 ) ;
#5516 = ORIENTED_EDGE ( 'NONE', *, *, #1020, .T. ) ;
#5517 = CARTESIAN_POINT ( 'NONE',  ( 6.325000000000000178, 1.269999999999999796, -0.5599999999999979439 ) ) ;
#5518 = VECTOR ( 'NONE', #5846, 1000.000000000000000 ) ;
#5519 = DIRECTION ( 'NONE',  ( -0.3015113445777614087, -0.9045340337332923308, 0.3015113445777614087 ) ) ;
#5520 = ORIENTED_EDGE ( 'NONE', *, *, #4376, .T. ) ;
#5521 = DIRECTION ( 'NONE',  ( 0.000000000000000000, -1.000000000000000000, -1.807003620809173892E-16 ) ) ;
#5522 = EDGE_CURVE ( 'NONE', #3091, #4924, #4478, .T. ) ;
#5523 = PLANE ( 'NONE',  #1478 ) ;
#5524 = ADVANCED_FACE ( 'NONE', ( #4488 ), #2031, .T. ) ;
#5525 = STYLED_ITEM ( 'NONE', ( #4415 ), #5196 ) ;
#5526 = EDGE_LOOP ( 'NONE', ( #4179, #5071, #3135, #4542 ) ) ;
#5527 = VECTOR ( 'NONE', #4572, 1000.000000000000000 ) ;
#5528 = CARTESIAN_POINT ( 'NONE',  ( 3.319999999999998952, 1.350000000000000089, -1.585000000000000409 ) ) ;
#5529 = DIRECTION ( 'NONE',  ( 4.494102269369967741E-16, 0.000000000000000000, -1.000000000000000000 ) ) ;
#5530 = CARTESIAN_POINT ( 'NONE',  ( -1.270000000000001128, 9.900000000000000355, 1.584999999999999076 ) ) ;
#5531 = VERTEX_POINT ( 'NONE', #4221 ) ;
#5532 = CARTESIAN_POINT ( 'NONE',  ( -3.320000000000000728, -1.081363123647112731E-15, -1.584999999999999964 ) ) ;
#5533 = ORIENTED_EDGE ( 'NONE', *, *, #900, .F. ) ;
#5534 = DIRECTION ( 'NONE',  ( -0.000000000000000000, 1.000000000000000000, 1.344746880602175966E-16 ) ) ;
#5535 = LINE ( 'NONE', #4450, #5527 ) ;
#5536 = ORIENTED_EDGE ( 'NONE', *, *, #1477, .T. ) ;
#5537 = EDGE_CURVE ( 'NONE', #3376, #1069, #552, .T. ) ;
#5538 = LINE ( 'NONE', #1577, #5355 ) ;
#5539 = CARTESIAN_POINT ( 'NONE',  ( 0.000000000000000000, 1.349999999999999867, 4.573977915173221831E-16 ) ) ;
#5540 = CARTESIAN_POINT ( 'NONE',  ( 1.729999999999998872, 9.900000000000000355, 1.584999999999999076 ) ) ;
#5541 = CARTESIAN_POINT ( 'NONE',  ( -1.730000000000000870, 9.900000000000000355, 1.584999999999998632 ) ) ;
#5542 = PLANE ( 'NONE',  #2807 ) ;
#5543 = ORIENTED_EDGE ( 'NONE', *, *, #673, .F. ) ;
#5544 = LINE ( 'NONE', #2995, #3670 ) ;
#5545 = CARTESIAN_POINT ( 'NONE',  ( 6.325000000000001066, -1.449999999999999956, 1.884999999999999343 ) ) ;
#5546 = ORIENTED_EDGE ( 'NONE', *, *, #5445, .F. ) ;
#5547 = VECTOR ( 'NONE', #5875, 1000.000000000000000 ) ;
#5548 = EDGE_CURVE ( 'NONE', #3721, #2853, #4519, .T. ) ;
#5549 = CARTESIAN_POINT ( 'NONE',  ( -5.674999999999999822, -1.199999999999997957, 1.884999999999999343 ) ) ;
#5550 = EDGE_CURVE ( 'NONE', #4225, #1035, #4550, .T. ) ;
#5551 = LINE ( 'NONE', #1740, #1641 ) ;
#5552 = DIRECTION ( 'NONE',  ( 0.000000000000000000, 0.000000000000000000, -1.000000000000000000 ) ) ;
#5553 = DIRECTION ( 'NONE',  ( 0.000000000000000000, -1.000000000000000000, -1.807003620809173892E-16 ) ) ;
#5554 = VERTEX_POINT ( 'NONE', #5557 ) ;
#5555 = CARTESIAN_POINT ( 'NONE',  ( 4.269999999999999574, 3.300000000000000711, 1.584999999999998632 ) ) ;
#5556 = LINE ( 'NONE', #4091, #3751 ) ;
#5557 = CARTESIAN_POINT ( 'NONE',  ( -6.024999999999995914, -1.449999999999999956, 2.484999999999997655 ) ) ;
#5558 = ORIENTED_EDGE ( 'NONE', *, *, #2026, .F. ) ;
#5559 = DIRECTION ( 'NONE',  ( 0.000000000000000000, -2.744815626545581052E-16, -1.000000000000000000 ) ) ;
#5560 = VECTOR ( 'NONE', #2084, 1000.000000000000000 ) ;
#5561 = EDGE_CURVE ( 'NONE', #2875, #219, #4266, .T. ) ;
#5562 = VERTEX_POINT ( 'NONE', #4755 ) ;
#5563 = LINE ( 'NONE', #825, #5589 ) ;
#5564 = CARTESIAN_POINT ( 'NONE',  ( -3.619999999999993001, 3.300000000000000711, 1.584999999999998854 ) ) ;
#5566 = VERTEX_POINT ( 'NONE', #5676 ) ;
#5565 = EDGE_CURVE ( 'NONE', #5120, #4096, #4114, .T. ) ;
#5567 = DIRECTION ( 'NONE',  ( 0.000000000000000000, -1.000000000000000000, 0.000000000000000000 ) ) ;
#5568 = VECTOR ( 'NONE', #845, 1000.000000000000000 ) ;
#5569 = MECHANICAL_DESIGN_GEOMETRIC_PRESENTATION_REPRESENTATION (  '', ( #5853 ), #4523 ) ;
#5570 = CARTESIAN_POINT ( 'NONE',  ( 2.602499999999984936, 3.300000000000000711, -0.3975000000000097344 ) ) ;
#5571 = LINE ( 'NONE', #2731, #1791 ) ;
#5572 = CARTESIAN_POINT ( 'NONE',  ( -2.680000000000001048, 1.349999999999999645, 0.6349999999999985656 ) ) ;
#5573 = ADVANCED_FACE ( 'NONE', ( #4142 ), #2994, .F. ) ;
#5574 = EDGE_CURVE ( 'NONE', #1885, #2466, #211, .T. ) ;
#5575 = ORIENTED_EDGE ( 'NONE', *, *, #3391, .F. ) ;
#5576 = DIRECTION ( 'NONE',  ( -0.9486832980505147672, 0.3162277660168352766, 0.000000000000000000 ) ) ;
#5577 = FACE_OUTER_BOUND ( 'NONE', #1183, .T. ) ;
#5578 = LINE ( 'NONE', #5312, #3651 ) ;
#5579 = ORIENTED_EDGE ( 'NONE', *, *, #5113, .F. ) ;
#5580 = DIRECTION ( 'NONE',  ( -0.7071067811865467956, -0.7071067811865483499, 0.000000000000000000 ) ) ;
#5581 = FACE_OUTER_BOUND ( 'NONE', #782, .T. ) ;
#5582 = STYLED_ITEM ( 'NONE', ( #3276 ), #478 ) ;
#5583 = LINE ( 'NONE', #2235, #3664 ) ;
#5584 = CARTESIAN_POINT ( 'NONE',  ( 2.679999999999999272, -7.265096679918780609, 0.6349999999999970113 ) ) ;
#5585 = DIRECTION ( 'NONE',  ( -1.000000000000000000, -0.000000000000000000, -0.000000000000000000 ) ) ;
#5586 = DIRECTION ( 'NONE',  ( -0.9486832980505146562, -0.3162277660168354432, -0.000000000000000000 ) ) ;
#5587 = ORIENTED_EDGE ( 'NONE', *, *, #3832, .F. ) ;
#5588 = LINE ( 'NONE', #1369, #1661 ) ;
#5589 = VECTOR ( 'NONE', #2222, 1000.000000000000000 ) ;
#5590 = CARTESIAN_POINT ( 'NONE',  ( -3.320000000000000728, 0.000000000000000000, 2.024999999999999023 ) ) ;
#5591 =( NAMED_UNIT ( * ) SI_UNIT ( $, .STERADIAN. ) SOLID_ANGLE_UNIT ( ) );
#5592 = EDGE_LOOP ( 'NONE', ( #3085, #2486, #4559, #4285 ) ) ;
#5593 = LINE ( 'NONE', #2786, #5547 ) ;
#5594 = LINE ( 'NONE', #1778, #5665 ) ;
#5595 = EDGE_CURVE ( 'NONE', #3918, #3060, #4049, .T. ) ;
#5596 = PLANE ( 'NONE',  #1227 ) ;
#5597 = ORIENTED_EDGE ( 'NONE', *, *, #3702, .T. ) ;
#5598 = VECTOR ( 'NONE', #1330, 1000.000000000000114 ) ;
#5599 = VECTOR ( 'NONE', #2846, 1000.000000000000000 ) ;
#5600 = DIRECTION ( 'NONE',  ( 0.000000000000000000, 1.000000000000000000, 0.000000000000000000 ) ) ;
#5601 = CARTESIAN_POINT ( 'NONE',  ( 4.939999999999999503, 1.285879139104722704E-16, -0.9549999999999975175 ) ) ;
#5602 = ORIENTED_EDGE ( 'NONE', *, *, #2376, .F. ) ;
#5603 = AXIS2_PLACEMENT_3D ( 'NONE', #4373, #2540, #5334 ) ;
#5604 = EDGE_LOOP ( 'NONE', ( #2273, #3671, #321, #216, #2023, #1448, #787, #5360, #1493, #686, #4655, #3393, #4581, #4603, #608, #2530, #2677, #3367 ) ) ;
#5605 = VECTOR ( 'NONE', #954, 1000.000000000000000 ) ;
#5606 = VECTOR ( 'NONE', #2607, 1000.000000000000000 ) ;
#5607 = ORIENTED_EDGE ( 'NONE', *, *, #5499, .T. ) ;
#5608 = CARTESIAN_POINT ( 'NONE',  ( -2.680000000000001048, 1.349999999999999867, -0.005000000000001448598 ) ) ;
#5609 = DIRECTION ( 'NONE',  ( 1.000000000000000000, 0.000000000000000000, 0.000000000000000000 ) ) ;
#5610 = CARTESIAN_POINT ( 'NONE',  ( -6.325000000000003730, 0.6699999999999997069, -0.9549999999999922995 ) ) ;
#5611 = ORIENTED_EDGE ( 'NONE', *, *, #3062, .T. ) ;
#5612 = VECTOR ( 'NONE', #3617, 1000.000000000000000 ) ;
#5613 = VERTEX_POINT ( 'NONE', #5601 ) ;
#5614 = LINE ( 'NONE', #4990, #1680 ) ;
#5615 = DIRECTION ( 'NONE',  ( -0.000000000000000000, -0.000000000000000000, -1.000000000000000000 ) ) ;
#5616 = ADVANCED_FACE ( 'NONE', ( #114 ), #5080, .F. ) ;
#5617 = DIRECTION ( 'NONE',  ( 0.000000000000000000, 0.000000000000000000, -1.000000000000000000 ) ) ;
#5618 = DIRECTION ( 'NONE',  ( 1.000000000000000000, -0.000000000000000000, -4.494102269369967741E-16 ) ) ;
#5619 = EDGE_CURVE ( 'NONE', #1196, #2524, #404, .T. ) ;
#5620 = VERTEX_POINT ( 'NONE', #4264 ) ;
#5621 = VECTOR ( 'NONE', #1220, 1000.000000000000000 ) ;
#5622 = EDGE_CURVE ( 'NONE', #5119, #34, #2206, .T. ) ;
#5623 = CARTESIAN_POINT ( 'NONE',  ( -6.324999999999998401, 1.850000000000000089, 2.785000000000001030 ) ) ;
#5624 = EDGE_LOOP ( 'NONE', ( #5752, #3816, #5451 ) ) ;
#5625 = CARTESIAN_POINT ( 'NONE',  ( 1.300000000000000044, 7.400000000000000355, -2.785000000000001030 ) ) ;
#5626 = VECTOR ( 'NONE', #4058, 1000.000000000000000 ) ;
#5627 = EDGE_CURVE ( 'NONE', #815, #4, #4359, .T. ) ;
#5628 = CARTESIAN_POINT ( 'NONE',  ( -6.324999999999998401, 1.850000000000000089, 2.785000000000001030 ) ) ;
#5629 = DIRECTION ( 'NONE',  ( 1.000000000000000000, 0.000000000000000000, -0.000000000000000000 ) ) ;
#5630 = EDGE_LOOP ( 'NONE', ( #1812, #4326, #4366, #2130 ) ) ;
#5631 = VECTOR ( 'NONE', #5559, 1000.000000000000000 ) ;
#5632 = CARTESIAN_POINT ( 'NONE',  ( -4.939999999999999503, -1.081363123647112731E-15, -1.584999999999999964 ) ) ;
#5633 = CARTESIAN_POINT ( 'NONE',  ( 3.000000000000000000, 3.300000000000000711, 0.000000000000000000 ) ) ;
#5634 = VERTEX_POINT ( 'NONE', #2886 ) ;
#5635 = FACE_OUTER_BOUND ( 'NONE', #3954, .T. ) ;
#5636 = FACE_OUTER_BOUND ( 'NONE', #5624, .T. ) ;
#5637 = CARTESIAN_POINT ( 'NONE',  ( -6.325000000000001066, 0.000000000000000000, -1.584999999999999964 ) ) ;
#5638 = ORIENTED_EDGE ( 'NONE', *, *, #1644, .T. ) ;
#5639 = VECTOR ( 'NONE', #5788, 1000.000000000000000 ) ;
#5640 = LINE ( 'NONE', #4864, #3775 ) ;
#5641 = ORIENTED_EDGE ( 'NONE', *, *, #2668, .T. ) ;
#5642 = DIRECTION ( 'NONE',  ( 0.000000000000000000, -3.388131789017201849E-16, 1.000000000000000000 ) ) ;
#5643 = PLANE ( 'NONE',  #2413 ) ;
#5644 = FACE_OUTER_BOUND ( 'NONE', #362, .T. ) ;
#5645 = EDGE_CURVE ( 'NONE', #1354, #3748, #165, .T. ) ;
#5646 = CARTESIAN_POINT ( 'NONE',  ( 2.679999999999999272, 0.000000000000000000, 2.024999999999999023 ) ) ;
#5647 = LINE ( 'NONE', #1704, #1753 ) ;
#5648 = CARTESIAN_POINT ( 'NONE',  ( -5.389999999999997904, 1.849999999999999201, 2.024999999999999023 ) ) ;
#5649 = ORIENTED_EDGE ( 'NONE', *, *, #131, .F. ) ;
#5650 = FACE_OUTER_BOUND ( 'NONE', #2867, .T. ) ;
#5651 = FACE_OUTER_BOUND ( 'NONE', #2698, .T. ) ;
#5652 = AXIS2_PLACEMENT_3D ( 'NONE', #4356, #710, #270 ) ;
#5653 = EDGE_LOOP ( 'NONE', ( #79, #1139, #5775, #3123 ) ) ;
#5654 = CARTESIAN_POINT ( 'NONE',  ( -6.325000000000003730, 1.269999999999999796, -0.5599999999999922817 ) ) ;
#5655 = ADVANCED_FACE ( 'NONE', ( #316 ), #4625, .F. ) ;
#5656 = VECTOR ( 'NONE', #2283, 1000.000000000000000 ) ;
#5657 =( NAMED_UNIT ( * ) PLANE_ANGLE_UNIT ( ) SI_UNIT ( $, .RADIAN. ) );
#5658 = DIRECTION ( 'NONE',  ( 0.000000000000000000, 1.000000000000000000, -3.212450881438528789E-16 ) ) ;
#5659 = ORIENTED_EDGE ( 'NONE', *, *, #633, .F. ) ;
#5660 = LINE ( 'NONE', #5087, #5598 ) ;
#5661 = FACE_OUTER_BOUND ( 'NONE', #993, .T. ) ;
#5662 = CARTESIAN_POINT ( 'NONE',  ( -4.939999999999999503, 1.269999999999999796, 1.190000000000007052 ) ) ;
#5663 = ORIENTED_EDGE ( 'NONE', *, *, #1950, .T. ) ;
#5664 = EDGE_CURVE ( 'NONE', #1035, #4154, #4280, .T. ) ;
#5665 = VECTOR ( 'NONE', #2648, 1000.000000000000000 ) ;
#5666 = CARTESIAN_POINT ( 'NONE',  ( -6.325000000000002842, 1.269999999999999796, 1.190000000000007718 ) ) ;
#5667 = ADVANCED_FACE ( 'NONE', ( #2361 ), #4354, .T. ) ;
#5668 = CARTESIAN_POINT ( 'NONE',  ( -6.325000000000003730, 1.269999999999999796, -0.5599999999999922817 ) ) ;
#5669 = DIRECTION ( 'NONE',  ( 4.494102269369967741E-16, 0.000000000000000000, 1.000000000000000000 ) ) ;
#5670 = ORIENTED_EDGE ( 'NONE', *, *, #769, .F. ) ;
#5671 = DIRECTION ( 'NONE',  ( 0.000000000000000000, -1.801998070613027504E-16, 1.000000000000000000 ) ) ;
#5672 = AXIS2_PLACEMENT_3D ( 'NONE', #1187, #5364, #2616 ) ;
#5673 = LINE ( 'NONE', #2230, #1764 ) ;
#5674 = LINE ( 'NONE', #3580, #3594 ) ;
#5675 = DIRECTION ( 'NONE',  ( 1.000000000000000000, 0.000000000000000000, 0.000000000000000000 ) ) ;
#5676 = CARTESIAN_POINT ( 'NONE',  ( 1.300000000000000044, 6.899999999999999467, -1.585000000000000187 ) ) ;
#5677 = VERTEX_POINT ( 'NONE', #266 ) ;
#5678 = LINE ( 'NONE', #3118, #5568 ) ;
#5679 = CARTESIAN_POINT ( 'NONE',  ( -6.325000000000003730, 1.269999999999999796, -0.5599999999999922817 ) ) ;
#5680 = CARTESIAN_POINT ( 'NONE',  ( -2.680000000000001048, 7.500000000000001776, -0.005000000000001097317 ) ) ;
#5681 = DIRECTION ( 'NONE',  ( 0.000000000000000000, -1.801998070613027504E-16, 1.000000000000000000 ) ) ;
#5682 = EDGE_LOOP ( 'NONE', ( #5611, #1041, #4694, #1817 ) ) ;
#5683 = VECTOR ( 'NONE', #1161, 1000.000000000000114 ) ;
#5684 = DIRECTION ( 'NONE',  ( -0.000000000000000000, -0.7682212795973757391, -0.6401843996644799306 ) ) ;
#5685 = ORIENTED_EDGE ( 'NONE', *, *, #2020, .F. ) ;
#5686 = CARTESIAN_POINT ( 'NONE',  ( -4.939999999999999503, 1.269999999999999796, -0.5599999999999929479 ) ) ;
#5687 = DIRECTION ( 'NONE',  ( 0.000000000000000000, -3.388131789017201849E-16, 1.000000000000000000 ) ) ;
#5688 = LINE ( 'NONE', #889, #1703 ) ;
#5689 = EDGE_CURVE ( 'NONE', #4154, #1100, #191, .T. ) ;
#5690 = PRODUCT ( '436500327', '436500327', '', ( #1146 ) ) ;
#5691 = VECTOR ( 'NONE', #4871, 1000.000000000000000 ) ;
#5692 = CARTESIAN_POINT ( 'NONE',  ( -4.270000000000001350, 3.300000000000000711, 1.584999999999999076 ) ) ;
#5693 = CARTESIAN_POINT ( 'NONE',  ( -3.320000000000000728, 1.349999999999999645, 0.6349999999999985656 ) ) ;
#5694 = VERTEX_POINT ( 'NONE', #3032 ) ;
#5695 = LINE ( 'NONE', #4048, #5599 ) ;
#5696 = ORIENTED_EDGE ( 'NONE', *, *, #2931, .F. ) ;
#5697 = PLANE ( 'NONE',  #1710 ) ;
#5698 = LINE ( 'NONE', #3604, #1789 ) ;
#5699 = LINE ( 'NONE', #3980, #3609 ) ;
#5700 = DIRECTION ( 'NONE',  ( -1.000000000000000000, 0.000000000000000000, 1.280553747030123322E-16 ) ) ;
#5701 = CARTESIAN_POINT ( 'NONE',  ( -6.325000000000001066, 0.000000000000000000, -1.584999999999999964 ) ) ;
#5702 = CARTESIAN_POINT ( 'NONE',  ( -5.674999999999999822, 0.000000000000000000, 1.884999999999999343 ) ) ;
#5703 = ORIENTED_EDGE ( 'NONE', *, *, #409, .F. ) ;
#5704 = LINE ( 'NONE', #4181, #1636 ) ;
#5705 = CARTESIAN_POINT ( 'NONE',  ( -2.738181818181818272, -2.754545454545446415, 0.05318181818181508258 ) ) ;
#5707 = ORIENTED_EDGE ( 'NONE', *, *, #821, .T. ) ;
#5706 = EDGE_CURVE ( 'NONE', #984, #4041, #378, .T. ) ;
#5708 = FACE_OUTER_BOUND ( 'NONE', #656, .T. ) ;
#5709 = ADVANCED_FACE ( 'NONE', ( #4298 ), #3075, .F. ) ;
#5710 = CARTESIAN_POINT ( 'NONE',  ( -6.325000000000003730, -3.252606517456513302E-16, -0.9549999999999924105 ) ) ;
#5711 = LINE ( 'NONE', #5791, #1654 ) ;
#5712 = PLANE ( 'NONE',  #5835 ) ;
#5713 = EDGE_CURVE ( 'NONE', #5901, #2250, #2373, .T. ) ;
#5714 = CARTESIAN_POINT ( 'NONE',  ( -1.730000000000000870, 3.300000000000000711, -0.9550000000000011813 ) ) ;
#5715 = CARTESIAN_POINT ( 'NONE',  ( 0.3199999999999991185, 1.269999999999999796, -0.5599999999999952793 ) ) ;
#5716 = ORIENTED_EDGE ( 'NONE', *, *, #3485, .F. ) ;
#5717 = DIRECTION ( 'NONE',  ( -0.000000000000000000, -0.000000000000000000, 1.000000000000000000 ) ) ;
#5718 = LINE ( 'NONE', #4388, #3768 ) ;
#5719 = ORIENTED_EDGE ( 'NONE', *, *, #2777, .T. ) ;
#5720 = DIRECTION ( 'NONE',  ( -0.3015113445777613532, 0.9045340337332925529, 0.3015113445777610757 ) ) ;
#5721 = CARTESIAN_POINT ( 'NONE',  ( -2.250000000000001332, 8.300000000000000711, 2.774999999999999467 ) ) ;
#5722 = LINE ( 'NONE', #2965, #3755 ) ;
#5723 = ADVANCED_FACE ( 'NONE', ( #4039 ), #3009, .F. ) ;
#5724 = AXIS2_PLACEMENT_3D ( 'NONE', #2406, #107, #1027 ) ;
#5725 = EDGE_CURVE ( 'NONE', #952, #2778, #418, .T. ) ;
#5726 = ORIENTED_EDGE ( 'NONE', *, *, #2005, .F. ) ;
#5727 = LINE ( 'NONE', #3034, #1717 ) ;
#5728 = EDGE_LOOP ( 'NONE', ( #40, #4156, #2248, #3966 ) ) ;
#5729 = DIRECTION ( 'NONE',  ( 1.000000000000000000, 0.000000000000000000, 0.000000000000000000 ) ) ;
#5730 = CARTESIAN_POINT ( 'NONE',  ( -3.320000000000000728, 3.300000000000000711, 0.6349999999999988987 ) ) ;
#5731 = FACE_OUTER_BOUND ( 'NONE', #5052, .T. ) ;
#5732 = DIRECTION ( 'NONE',  ( 0.9486832980505147672, 0.3162277660168352766, -0.000000000000000000 ) ) ;
#5733 = LINE ( 'NONE', #1588, #3615 ) ;
#5734 = CARTESIAN_POINT ( 'NONE',  ( -6.325000000000002842, 0.6699999999999998179, 1.190000000000007940 ) ) ;
#5735 = DIRECTION ( 'NONE',  ( 1.000000000000000000, 0.000000000000000000, -4.494102269369967741E-16 ) ) ;
#5736 = AXIS2_PLACEMENT_3D ( 'NONE', #1148, #1589, #2004 ) ;
#5737 = ORIENTED_EDGE ( 'NONE', *, *, #3899, .T. ) ;
#5738 = VECTOR ( 'NONE', #2136, 1000.000000000000000 ) ;
#5739 = ORIENTED_EDGE ( 'NONE', *, *, #3969, .T. ) ;
#5740 = DIRECTION ( 'NONE',  ( 0.000000000000000000, -1.000000000000000000, -1.807003620809173892E-16 ) ) ;
#5741 = STYLED_ITEM ( 'NONE', ( #54 ), #1849 ) ;
#5742 = AXIS2_PLACEMENT_3D ( 'NONE', #930, #4533, #969 ) ;
#5743 = CARTESIAN_POINT ( 'NONE',  ( -4.939999999999999503, 0.6699999999999998179, 1.190000000000007274 ) ) ;
#5744 = EDGE_CURVE ( 'NONE', #553, #120, #2194, .T. ) ;
#5745 = DIRECTION ( 'NONE',  ( -0.000000000000000000, 0.000000000000000000, 1.000000000000000000 ) ) ;
#5746 = CARTESIAN_POINT ( 'NONE',  ( -4.924999999999998934, 9.900000000000000355, -0.9550000000000011813 ) ) ;
#5747 = EDGE_LOOP ( 'NONE', ( #1346, #202, #1853, #1451, #4008 ) ) ;
#5748 = LINE ( 'NONE', #5457, #5639 ) ;
#5749 = FACE_OUTER_BOUND ( 'NONE', #2996, .T. ) ;
#5750 = AXIS2_PLACEMENT_3D ( 'NONE', #431, #5495, #3251 ) ;
#5751 = DIRECTION ( 'NONE',  ( 0.000000000000000000, 0.000000000000000000, -1.000000000000000000 ) ) ;
#5752 = ORIENTED_EDGE ( 'NONE', *, *, #1110, .T. ) ;
#5753 = FACE_OUTER_BOUND ( 'NONE', #2288, .T. ) ;
#5754 = CARTESIAN_POINT ( 'NONE',  ( -6.325000000000003730, 0.6699999999999998179, -0.5599999999999923928 ) ) ;
#5755 = EDGE_CURVE ( 'NONE', #2651, #2798, #4312, .T. ) ;
#5756 = DIRECTION ( 'NONE',  ( -1.280553747030123322E-16, 0.000000000000000000, -1.000000000000000000 ) ) ;
#5757 = SURFACE_STYLE_USAGE ( .BOTH. , #4751 ) ;
#5758 = ORIENTED_EDGE ( 'NONE', *, *, #4180, .T. ) ;
#5759 = VECTOR ( 'NONE', #69, 1000.000000000000000 ) ;
#5760 = ORIENTED_EDGE ( 'NONE', *, *, #4239, .T. ) ;
#5761 = ADVANCED_FACE ( 'NONE', ( #2139 ), #3390, .T. ) ;
#5762 = CARTESIAN_POINT ( 'NONE',  ( -1.250000000000001110, 8.300000000000000711, 2.774999999999999467 ) ) ;
#5763 = PLANE ( 'NONE',  #4963 ) ;
#5764 = CARTESIAN_POINT ( 'NONE',  ( -1.270000000000001128, 3.300000000000000711, 1.584999999999999076 ) ) ;
#5765 = EDGE_CURVE ( 'NONE', #1088, #5375, #308, .T. ) ;
#5766 = ORIENTED_EDGE ( 'NONE', *, *, #2154, .T. ) ;
#5767 = LINE ( 'NONE', #4700, #3789 ) ;
#5768 = CARTESIAN_POINT ( 'NONE',  ( -5.364999999999991331, 1.849999999999999201, 2.274999999999999023 ) ) ;
#5769 = ORIENTED_EDGE ( 'NONE', *, *, #4692, .F. ) ;
#5770 = VECTOR ( 'NONE', #1321, 1000.000000000000000 ) ;
#5771 = CARTESIAN_POINT ( 'NONE',  ( -5.389999999999997904, 0.000000000000000000, 2.785000000000000586 ) ) ;
#5772 = EDGE_CURVE ( 'NONE', #4673, #4878, #2330, .T. ) ;
#5773 = CARTESIAN_POINT ( 'NONE',  ( 1.729999999999998872, 3.300000000000000711, -0.9550000000000008482 ) ) ;
#5774 = ADVANCED_FACE ( 'NONE', ( #2112 ), #2697, .T. ) ;
#5775 = ORIENTED_EDGE ( 'NONE', *, *, #692, .T. ) ;
#5776 = VECTOR ( 'NONE', #4160, 1000.000000000000000 ) ;
#5777 = ORIENTED_EDGE ( 'NONE', *, *, #3953, .T. ) ;
#5778 = FACE_OUTER_BOUND ( 'NONE', #3090, .T. ) ;
#5779 = EDGE_CURVE ( 'NONE', #2997, #3744, #4256, .T. ) ;
#5780 = DIRECTION ( 'NONE',  ( -1.000000000000000000, 0.000000000000000000, 1.280553747030123075E-16 ) ) ;
#5781 = CARTESIAN_POINT ( 'NONE',  ( 5.389999999999999680, 1.699999999999999956, 2.024999999999999023 ) ) ;
#5782 = VERTEX_POINT ( 'NONE', #5295 ) ;
#5783 = VECTOR ( 'NONE', #634, 1000.000000000000000 ) ;
#5784 = VECTOR ( 'NONE', #4567, 1000.000000000000000 ) ;
#5785 = DIRECTION ( 'NONE',  ( 1.000000000000000000, 0.000000000000000000, 0.000000000000000000 ) ) ;
#5786 = ORIENTED_EDGE ( 'NONE', *, *, #3177, .T. ) ;
#5787 = EDGE_CURVE ( 'NONE', #2651, #2547, #201, .T. ) ;
#5788 = DIRECTION ( 'NONE',  ( 1.000000000000000000, 0.000000000000000000, 0.000000000000000000 ) ) ;
#5789 = AXIS2_PLACEMENT_3D ( 'NONE', #4868, #4903, #5230 ) ;
#5790 = ORIENTED_EDGE ( 'NONE', *, *, #2537, .F. ) ;
#5791 = CARTESIAN_POINT ( 'NONE',  ( -5.389999999999999680, 0.6699999999999998179, 1.190000000000007940 ) ) ;
#5792 = LINE ( 'NONE', #4054, #3879 ) ;
#5793 = VECTOR ( 'NONE', #5089, 1000.000000000000000 ) ;
#5794 = VERTEX_POINT ( 'NONE', #198 ) ;
#5795 = VECTOR ( 'NONE', #2309, 999.9999999999998863 ) ;
#5796 = CARTESIAN_POINT ( 'NONE',  ( 4.924999999999998934, 8.499999999999996447, 1.044999999999998819 ) ) ;
#5797 = EDGE_CURVE ( 'NONE', #260, #4270, #345, .T. ) ;
#5798 = CARTESIAN_POINT ( 'NONE',  ( 5.674999999999999822, -1.449999999999999956, 1.884999999999999343 ) ) ;
#5799 = CARTESIAN_POINT ( 'NONE',  ( -6.325000000000001066, 9.900000000000000355, -1.584999999999999964 ) ) ;
#5800 = PRODUCT_DEFINITION_FORMATION_WITH_SPECIFIED_SOURCE ( 'ANY', '', #5690, .NOT_KNOWN. ) ;
#5801 = ORIENTED_EDGE ( 'NONE', *, *, #3330, .T. ) ;
#5802 = LINE ( 'NONE', #4682, #63 ) ;
#5803 = VECTOR ( 'NONE', #82, 1000.000000000000000 ) ;
#5804 = ORIENTED_EDGE ( 'NONE', *, *, #5113, .T. ) ;
#5805 = CARTESIAN_POINT ( 'NONE',  ( 4.940000000000000391, 0.6699999999999998179, -0.5599999999999923928 ) ) ;
#5806 = CARTESIAN_POINT ( 'NONE',  ( 2.738181818181816496, -2.754545454545446415, 0.5768181818181806753 ) ) ;
#5807 = LINE ( 'NONE', #4660, #1900 ) ;
#5808 = EDGE_CURVE ( 'NONE', #4506, #12, #4068, .T. ) ;
#5809 = CARTESIAN_POINT ( 'NONE',  ( 3.000000000000000000, -3.180000000000000160, 0.000000000000000000 ) ) ;
#5810 = ADVANCED_FACE ( 'NONE', ( #4059 ), #323, .T. ) ;
#5811 = DIRECTION ( 'NONE',  ( 0.000000000000000000, -0.7071067811865473507, 0.7071067811865477948 ) ) ;
#5812 = CARTESIAN_POINT ( 'NONE',  ( 6.325000000000001066, 8.499999999999996447, -0.9550000000000011813 ) ) ;
#5813 = EDGE_LOOP ( 'NONE', ( #43, #3160, #4302, #3584 ) ) ;
#5814 = AXIS2_PLACEMENT_3D ( 'NONE', #1490, #1901, #1107 ) ;
#5815 = VECTOR ( 'NONE', #3313, 1000.000000000000114 ) ;
#5816 = VECTOR ( 'NONE', #1005, 1000.000000000000000 ) ;
#5817 = ORIENTED_EDGE ( 'NONE', *, *, #4781, .T. ) ;
#5818 = EDGE_CURVE ( 'NONE', #3409, #4588, #391, .T. ) ;
#5819 = VECTOR ( 'NONE', #58, 1000.000000000000000 ) ;
#5820 = DIRECTION ( 'NONE',  ( 1.000000000000000000, 0.000000000000000000, -4.494102269369967741E-16 ) ) ;
#5821 = CARTESIAN_POINT ( 'NONE',  ( 0.000000000000000000, -1.449999999999999956, 0.000000000000000000 ) ) ;
#5822 = ADVANCED_FACE ( 'NONE', ( #327 ), #2048, .F. ) ;
#5823 = DIRECTION ( 'NONE',  ( 1.000000000000000000, 0.000000000000000000, -4.638298064109109804E-16 ) ) ;
#5824 = ORIENTED_EDGE ( 'NONE', *, *, #3040, .F. ) ;
#5825 = FACE_OUTER_BOUND ( 'NONE', #3970, .T. ) ;
#5826 = DIRECTION ( 'NONE',  ( 1.000000000000000000, -0.000000000000000000, -4.494102269369967741E-16 ) ) ;
#5827 = ORIENTED_EDGE ( 'NONE', *, *, #4729, .T. ) ;
#5828 = LINE ( 'NONE', #5116, #5795 ) ;
#5829 = EDGE_CURVE ( 'NONE', #4377, #5005, #2131, .T. ) ;
#5830 = CARTESIAN_POINT ( 'NONE',  ( -0.3200000000000008393, 7.500000000000001776, -0.005000000000001097317 ) ) ;
#5831 = EDGE_LOOP ( 'NONE', ( #2163, #1708, #133, #1595 ) ) ;
#5832 = DIRECTION ( 'NONE',  ( 1.000000000000000000, 0.000000000000000000, 0.000000000000000000 ) ) ;
#5833 = FACE_OUTER_BOUND ( 'NONE', #1396, .T. ) ;
#5834 = LINE ( 'NONE', #2334, #5886 ) ;
#5835 = AXIS2_PLACEMENT_3D ( 'NONE', #3450, #4429, #3024 ) ;
#5836 = CARTESIAN_POINT ( 'NONE',  ( -0.3200000000000008393, 7.500000000000001776, -0.005000000000001097317 ) ) ;
#5837 = EDGE_CURVE ( 'NONE', #935, #4725, #146, .T. ) ;
#5838 = VERTEX_POINT ( 'NONE', #771 ) ;
#5839 = LINE ( 'NONE', #5570, #1894 ) ;
#5840 = LINE ( 'NONE', #46, #5816 ) ;
#5841 = CARTESIAN_POINT ( 'NONE',  ( 6.324999999999999289, 1.849999999999999201, 1.774999999999998357 ) ) ;
#5842 = EDGE_CURVE ( 'NONE', #1089, #2317, #2165, .T. ) ;
#5843 = SURFACE_STYLE_USAGE ( .BOTH. , #5879 ) ;
#5844 = DIRECTION ( 'NONE',  ( 0.9486832980505146562, -0.3162277660168354432, 0.000000000000000000 ) ) ;
#5845 = EDGE_CURVE ( 'NONE', #1700, #5469, #177, .T. ) ;
#5846 = DIRECTION ( 'NONE',  ( -1.000000000000000000, 0.000000000000000000, -0.000000000000000000 ) ) ;
#5847 = EDGE_LOOP ( 'NONE', ( #4020, #5186, #5204, #4028, #5066, #3169 ) ) ;
#5848 = LINE ( 'NONE', #4816, #1927 ) ;
#5849 = FACE_OUTER_BOUND ( 'NONE', #3022, .T. ) ;
#5850 = EDGE_CURVE ( 'NONE', #3194, #4885, #4246, .T. ) ;
#5851 = ADVANCED_FACE ( 'NONE', ( #487 ), #5436, .F. ) ;
#5852 = DIRECTION ( 'NONE',  ( 0.000000000000000000, -1.000000000000000000, 0.000000000000000000 ) ) ;
#5853 = STYLED_ITEM ( 'NONE', ( #3349 ), #2644 ) ;
#5854 = PLANE ( 'NONE',  #3234 ) ;
#5855 = EDGE_CURVE ( 'NONE', #251, #2555, #595, .T. ) ;
#5856 = DIRECTION ( 'NONE',  ( 0.000000000000000000, -1.000000000000000000, 0.000000000000000000 ) ) ;
#5857 = ORIENTED_EDGE ( 'NONE', *, *, #4064, .T. ) ;
#5858 = LINE ( 'NONE', #4909, #3929 ) ;
#5859 = VECTOR ( 'NONE', #1115, 1000.000000000000000 ) ;
#5860 = AXIS2_PLACEMENT_3D ( 'NONE', #3054, #2132, #5407 ) ;
#5861 = ADVANCED_FACE ( 'NONE', ( #2501 ), #4766, .T. ) ;
#5862 = DIRECTION ( 'NONE',  ( 0.000000000000000000, 1.000000000000000000, 0.000000000000000000 ) ) ;
#5863 = CARTESIAN_POINT ( 'NONE',  ( -4.270000000000001350, 9.900000000000000355, -0.9550000000000008482 ) ) ;
#5864 = ORIENTED_EDGE ( 'NONE', *, *, #397, .T. ) ;
#5865 = CARTESIAN_POINT ( 'NONE',  ( 3.319999999999998508, 0.6699999999999998179, 1.190000000000003499 ) ) ;
#5866 = VECTOR ( 'NONE', #312, 1000.000000000000000 ) ;
#5867 = VECTOR ( 'NONE', #5396, 1000.000000000000000 ) ;
#5868 = DIRECTION ( 'NONE',  ( 0.000000000000000000, -0.000000000000000000, -1.000000000000000000 ) ) ;
#5869 = CARTESIAN_POINT ( 'NONE',  ( 6.324999999999999289, 8.499999999999996447, 2.274999999999998579 ) ) ;
#5870 = ORIENTED_EDGE ( 'NONE', *, *, #3773, .F. ) ;
#5871 = EDGE_CURVE ( 'NONE', #668, #1880, #4512, .T. ) ;
#5872 = LINE ( 'NONE', #1523, #3972 ) ;
#5873 = VECTOR ( 'NONE', #1563, 1000.000000000000000 ) ;
#5874 = PLANE ( 'NONE',  #2342 ) ;
#5875 = DIRECTION ( 'NONE',  ( -0.000000000000000000, -1.000000000000000000, -2.017120320903263949E-16 ) ) ;
#5876 = CARTESIAN_POINT ( 'NONE',  ( 5.164072164948454002, -0.7742268041237110321, 1.374072164948452857 ) ) ;
#5877 = LINE ( 'NONE', #1840, #4135 ) ;
#5878 = CARTESIAN_POINT ( 'NONE',  ( -0.3200000000000008393, 0.6699999999999998179, -0.5599999999999923928 ) ) ;
#5879 = SURFACE_SIDE_STYLE ('',( #471 ) ) ;
#5880 = DIRECTION ( 'NONE',  ( 1.000000000000000000, -0.000000000000000000, -4.494102269369967741E-16 ) ) ;
#5881 = MECHANICAL_DESIGN_GEOMETRIC_PRESENTATION_REPRESENTATION (  '', ( #5525 ), #1080 ) ;
#5882 = CARTESIAN_POINT ( 'NONE',  ( -3.320000000000000728, -2.579999999999992966, -0.005000000000002157233 ) ) ;
#5883 = DIRECTION ( 'NONE',  ( 1.000000000000000000, 0.000000000000000000, 0.000000000000000000 ) ) ;
#5884 = ORIENTED_EDGE ( 'NONE', *, *, #5257, .T. ) ;
#5885 = LINE ( 'NONE', #5762, #1981 ) ;
#5886 = VECTOR ( 'NONE', #527, 1000.000000000000000 ) ;
#5887 = CARTESIAN_POINT ( 'NONE',  ( -2.680000000000001048, 1.349999999999999423, 2.024999999999999023 ) ) ;
#5888 = CARTESIAN_POINT ( 'NONE',  ( 5.389999999999999680, 0.000000000000000000, -1.584999999999999964 ) ) ;
#5889 = PLANE ( 'NONE',  #870 ) ;
#5890 = CARTESIAN_POINT ( 'NONE',  ( 2.679999999999999272, -2.579999999999992966, 0.6349999999999970113 ) ) ;
#5891 = DIRECTION ( 'NONE',  ( 0.000000000000000000, -0.000000000000000000, -1.000000000000000000 ) ) ;
#5892 = ORIENTED_EDGE ( 'NONE', *, *, #4015, .F. ) ;
#5893 = LINE ( 'NONE', #2690, #3903 ) ;
#5894 = FACE_OUTER_BOUND ( 'NONE', #3150, .T. ) ;
#5895 = EDGE_CURVE ( 'NONE', #3159, #481, #517, .T. ) ;
#5896 = PLANE ( 'NONE',  #4127 ) ;
#5897 = ADVANCED_FACE ( 'NONE', ( #2490 ), #3231, .F. ) ;
#5898 = CARTESIAN_POINT ( 'NONE',  ( -2.680000000000001048, -8.926487835092491593E-16, -0.9549999999999940758 ) ) ;
#5899 = DIRECTION ( 'NONE',  ( 0.7071067811865436870, 0.000000000000000000, -0.7071067811865513475 ) ) ;
#5900 = PLANE ( 'NONE',  #2289 ) ;
#5901 = VERTEX_POINT ( 'NONE', #1836 ) ;
#5902 = CARTESIAN_POINT ( 'NONE',  ( -4.939999999999999503, 1.699999999999998623, -1.584999999999999964 ) ) ;
#5903 = VECTOR ( 'NONE', #1336, 1000.000000000000000 ) ;
#5904 = LINE ( 'NONE', #4067, #3912 ) ;
#5905 = EDGE_CURVE ( 'NONE', #4960, #3638, #2469, .T. ) ;
ENDSEC;
END-ISO-10303-21;
