  0
SECTION
  2
HEADER
  9
$ANGBASE
  50
0.0
  9
$ANGDIR
  70
1
  9
$MEASUREMENT
  70
1
  0
ENDSEC
  0
SECTION
  2
TABLES
  0
TABLE
  2
LTYPE
  70
4
  0
LTYPE
  5
40F
  2
CONTINUOUS
  70
0
  3
Solid line
  72
65
  73
0
  40
0.0
  0
LTYPE
  5
410
  2
DASHDOT
 70
0
  3
Dash Dot ____ _ ____ _
 72
65
 73
4
 40
2.0
 49
1.25
 49
-0.25
 49
0.25
 49
-0.25
  0
LTYPE
  5
411
  2
DASHED
 70
0
  3
Dashed __ __ __ __ __
 72
65
 73
2
 40
0.75
 49
0.5
 49
-0.25
  0
LTYPE
  5
43B
  2
DOTTED
 70
0
  3
Dotted .  .  .  .
 72
65
 73
2
 40
0.2
 49
0.0
 49
-0.2
  0
ENDTAB
  0
TABLE
  2
STYLE
  70
4
  0
STYLE
  2
KICAD
  70
0
  40
0
  41
1
  42
1
  50
0
  71
0
  3
isocp.shx
  0
STYLE
  2
KICADB
  70
0
  40
0
  41
1
  42
1
  50
0
  71
0
  3
isocp.shx
  0
STYLE
  2
KICADI
  70
0
  40
0
  41
1
  42
1
  50
15
  71
0
  3
isocp.shx
  0
STYLE
  2
KICADBI
  70
0
  40
0
  41
1
  42
1
  50
15
  71
0
  3
isocp.shx
  0
ENDTAB
  0
TABLE
  2
LAYER
  70
1
  0
LAYER
  2
BLACK
  70
0
  62
7
  6
CONTINUOUS
  0
ENDTAB
  0
ENDSEC
  0
SECTION
  2
ENTITIES
0
LINE
8
BLACK
6
CONTINUOUS
10
165.645670999999993
20
-116.5190300000000008
11
165.7267769999999985
21
-116.5732229999999987
0
LINE
8
BLACK
6
CONTINUOUS
10
165.7267769999999985
20
-116.5732229999999987
11
165.7809699999999964
21
-116.6543289999999899
0
LINE
8
BLACK
6
CONTINUOUS
10
165.7809699999999964
20
-116.6543289999999899
11
165.7999999999999829
21
-116.75
0
LINE
8
BLACK
6
CONTINUOUS
10
165.7999999999999829
20
-116.75
11
165.7999999999999829
21
-117.6499999999999915
0
LINE
8
BLACK
6
CONTINUOUS
10
165.7999999999999829
20
-117.6499999999999915
11
165.7809699999999964
21
-117.7456710000000015
0
LINE
8
BLACK
6
CONTINUOUS
10
165.7809699999999964
20
-117.7456710000000015
11
165.7267769999999985
21
-117.8267769999999928
0
LINE
8
BLACK
6
CONTINUOUS
10
165.7267769999999985
20
-117.8267769999999928
11
165.645670999999993
21
-117.8809699999999907
0
LINE
8
BLACK
6
CONTINUOUS
10
165.645670999999993
20
-117.8809699999999907
11
165.5499999999999829
21
-117.8999999999999915
0
LINE
8
BLACK
6
CONTINUOUS
10
165.5499999999999829
20
-117.8999999999999915
11
164.8499999999999943
21
-117.8999999999999915
0
LINE
8
BLACK
6
CONTINUOUS
10
164.8499999999999943
20
-117.8999999999999915
11
164.7543289999999843
21
-117.8809699999999907
0
LINE
8
BLACK
6
CONTINUOUS
10
164.7543289999999843
20
-117.8809699999999907
11
164.6732229999999788
21
-117.8267769999999928
0
LINE
8
BLACK
6
CONTINUOUS
10
164.6732229999999788
20
-117.8267769999999928
11
164.6190299999999809
21
-117.7456710000000015
0
LINE
8
BLACK
6
CONTINUOUS
10
164.6190299999999809
20
-117.7456710000000015
11
164.5999999999999943
21
-117.6499999999999915
0
LINE
8
BLACK
6
CONTINUOUS
10
164.5999999999999943
20
-117.6499999999999915
11
164.5999999999999943
21
-116.75
0
LINE
8
BLACK
6
CONTINUOUS
10
164.5999999999999943
20
-116.75
11
164.6190299999999809
21
-116.6543289999999899
0
LINE
8
BLACK
6
CONTINUOUS
10
164.6190299999999809
20
-116.6543289999999899
11
164.6732229999999788
21
-116.5732229999999987
0
LINE
8
BLACK
6
CONTINUOUS
10
164.6732229999999788
20
-116.5732229999999987
11
164.7543289999999843
21
-116.5190300000000008
0
LINE
8
BLACK
6
CONTINUOUS
10
164.7543289999999843
20
-116.5190300000000008
11
164.8499999999999943
21
-116.5
0
LINE
8
BLACK
6
CONTINUOUS
10
164.8499999999999943
20
-116.5
11
165.5499999999999829
21
-116.5
0
LINE
8
BLACK
6
CONTINUOUS
10
165.5499999999999829
20
-116.5
11
165.645670999999993
21
-116.5190300000000008
0
LINE
8
BLACK
6
CONTINUOUS
10
167.645670999999993
20
-116.5190300000000008
11
167.7267769999999985
21
-116.5732229999999987
0
LINE
8
BLACK
6
CONTINUOUS
10
167.7267769999999985
20
-116.5732229999999987
11
167.7809699999999964
21
-116.6543289999999899
0
LINE
8
BLACK
6
CONTINUOUS
10
167.7809699999999964
20
-116.6543289999999899
11
167.7999999999999829
21
-116.75
0
LINE
8
BLACK
6
CONTINUOUS
10
167.7999999999999829
20
-116.75
11
167.7999999999999829
21
-117.6499999999999915
0
LINE
8
BLACK
6
CONTINUOUS
10
167.7999999999999829
20
-117.6499999999999915
11
167.7809699999999964
21
-117.7456710000000015
0
LINE
8
BLACK
6
CONTINUOUS
10
167.7809699999999964
20
-117.7456710000000015
11
167.7267769999999985
21
-117.8267769999999928
0
LINE
8
BLACK
6
CONTINUOUS
10
167.7267769999999985
20
-117.8267769999999928
11
167.645670999999993
21
-117.8809699999999907
0
LINE
8
BLACK
6
CONTINUOUS
10
167.645670999999993
20
-117.8809699999999907
11
167.5499999999999829
21
-117.8999999999999915
0
LINE
8
BLACK
6
CONTINUOUS
10
167.5499999999999829
20
-117.8999999999999915
11
166.8499999999999943
21
-117.8999999999999915
0
LINE
8
BLACK
6
CONTINUOUS
10
166.8499999999999943
20
-117.8999999999999915
11
166.7543289999999843
21
-117.8809699999999907
0
LINE
8
BLACK
6
CONTINUOUS
10
166.7543289999999843
20
-117.8809699999999907
11
166.6732229999999788
21
-117.8267769999999928
0
LINE
8
BLACK
6
CONTINUOUS
10
166.6732229999999788
20
-117.8267769999999928
11
166.6190299999999809
21
-117.7456710000000015
0
LINE
8
BLACK
6
CONTINUOUS
10
166.6190299999999809
20
-117.7456710000000015
11
166.5999999999999943
21
-117.6499999999999915
0
LINE
8
BLACK
6
CONTINUOUS
10
166.5999999999999943
20
-117.6499999999999915
11
166.5999999999999943
21
-116.75
0
LINE
8
BLACK
6
CONTINUOUS
10
166.5999999999999943
20
-116.75
11
166.6190299999999809
21
-116.6543289999999899
0
LINE
8
BLACK
6
CONTINUOUS
10
166.6190299999999809
20
-116.6543289999999899
11
166.6732229999999788
21
-116.5732229999999987
0
LINE
8
BLACK
6
CONTINUOUS
10
166.6732229999999788
20
-116.5732229999999987
11
166.7543289999999843
21
-116.5190300000000008
0
LINE
8
BLACK
6
CONTINUOUS
10
166.7543289999999843
20
-116.5190300000000008
11
166.8499999999999943
21
-116.5
0
LINE
8
BLACK
6
CONTINUOUS
10
166.8499999999999943
20
-116.5
11
167.5499999999999829
21
-116.5
0
LINE
8
BLACK
6
CONTINUOUS
10
167.5499999999999829
20
-116.5
11
167.645670999999993
21
-116.5190300000000008
0
LINE
8
BLACK
6
CONTINUOUS
10
174.0456709999999987
20
-116.5190300000000008
11
174.1267770000000041
21
-116.5732229999999987
0
LINE
8
BLACK
6
CONTINUOUS
10
174.1267770000000041
20
-116.5732229999999987
11
174.1809700000000021
21
-116.6543289999999899
0
LINE
8
BLACK
6
CONTINUOUS
10
174.1809700000000021
20
-116.6543289999999899
11
174.1999999999999886
21
-116.75
0
LINE
8
BLACK
6
CONTINUOUS
10
174.1999999999999886
20
-116.75
11
174.1999999999999886
21
-117.6499999999999915
0
LINE
8
BLACK
6
CONTINUOUS
10
174.1999999999999886
20
-117.6499999999999915
11
174.1809700000000021
21
-117.7456710000000015
0
LINE
8
BLACK
6
CONTINUOUS
10
174.1809700000000021
20
-117.7456710000000015
11
174.1267770000000041
21
-117.8267769999999928
0
LINE
8
BLACK
6
CONTINUOUS
10
174.1267770000000041
20
-117.8267769999999928
11
174.0456709999999987
21
-117.8809699999999907
0
LINE
8
BLACK
6
CONTINUOUS
10
174.0456709999999987
20
-117.8809699999999907
11
173.9499999999999886
21
-117.8999999999999915
0
LINE
8
BLACK
6
CONTINUOUS
10
173.9499999999999886
20
-117.8999999999999915
11
173.25
21
-117.8999999999999915
0
LINE
8
BLACK
6
CONTINUOUS
10
173.25
20
-117.8999999999999915
11
173.1543289999999899
21
-117.8809699999999907
0
LINE
8
BLACK
6
CONTINUOUS
10
173.1543289999999899
20
-117.8809699999999907
11
173.0732229999999845
21
-117.8267769999999928
0
LINE
8
BLACK
6
CONTINUOUS
10
173.0732229999999845
20
-117.8267769999999928
11
173.0190299999999866
21
-117.7456710000000015
0
LINE
8
BLACK
6
CONTINUOUS
10
173.0190299999999866
20
-117.7456710000000015
11
173.
21
-117.6499999999999915
0
LINE
8
BLACK
6
CONTINUOUS
10
173.
20
-117.6499999999999915
11
173.
21
-116.75
0
LINE
8
BLACK
6
CONTINUOUS
10
173.
20
-116.75
11
173.0190299999999866
21
-116.6543289999999899
0
LINE
8
BLACK
6
CONTINUOUS
10
173.0190299999999866
20
-116.6543289999999899
11
173.0732229999999845
21
-116.5732229999999987
0
LINE
8
BLACK
6
CONTINUOUS
10
173.0732229999999845
20
-116.5732229999999987
11
173.1543289999999899
21
-116.5190300000000008
0
LINE
8
BLACK
6
CONTINUOUS
10
173.1543289999999899
20
-116.5190300000000008
11
173.25
21
-116.5
0
LINE
8
BLACK
6
CONTINUOUS
10
173.25
20
-116.5
11
173.9499999999999886
21
-116.5
0
LINE
8
BLACK
6
CONTINUOUS
10
173.9499999999999886
20
-116.5
11
174.0456709999999987
21
-116.5190300000000008
0
LINE
8
BLACK
6
CONTINUOUS
10
176.0456709999999987
20
-116.5190300000000008
11
176.1267770000000041
21
-116.5732229999999987
0
LINE
8
BLACK
6
CONTINUOUS
10
176.1267770000000041
20
-116.5732229999999987
11
176.1809700000000021
21
-116.6543289999999899
0
LINE
8
BLACK
6
CONTINUOUS
10
176.1809700000000021
20
-116.6543289999999899
11
176.1999999999999886
21
-116.75
0
LINE
8
BLACK
6
CONTINUOUS
10
176.1999999999999886
20
-116.75
11
176.1999999999999886
21
-117.6499999999999915
0
LINE
8
BLACK
6
CONTINUOUS
10
176.1999999999999886
20
-117.6499999999999915
11
176.1809700000000021
21
-117.7456710000000015
0
LINE
8
BLACK
6
CONTINUOUS
10
176.1809700000000021
20
-117.7456710000000015
11
176.1267770000000041
21
-117.8267769999999928
0
LINE
8
BLACK
6
CONTINUOUS
10
176.1267770000000041
20
-117.8267769999999928
11
176.0456709999999987
21
-117.8809699999999907
0
LINE
8
BLACK
6
CONTINUOUS
10
176.0456709999999987
20
-117.8809699999999907
11
175.9499999999999886
21
-117.8999999999999915
0
LINE
8
BLACK
6
CONTINUOUS
10
175.9499999999999886
20
-117.8999999999999915
11
175.25
21
-117.8999999999999915
0
LINE
8
BLACK
6
CONTINUOUS
10
175.25
20
-117.8999999999999915
11
175.1543289999999899
21
-117.8809699999999907
0
LINE
8
BLACK
6
CONTINUOUS
10
175.1543289999999899
20
-117.8809699999999907
11
175.0732229999999845
21
-117.8267769999999928
0
LINE
8
BLACK
6
CONTINUOUS
10
175.0732229999999845
20
-117.8267769999999928
11
175.0190299999999866
21
-117.7456710000000015
0
LINE
8
BLACK
6
CONTINUOUS
10
175.0190299999999866
20
-117.7456710000000015
11
175.
21
-117.6499999999999915
0
LINE
8
BLACK
6
CONTINUOUS
10
175.
20
-117.6499999999999915
11
175.
21
-116.75
0
LINE
8
BLACK
6
CONTINUOUS
10
175.
20
-116.75
11
175.0190299999999866
21
-116.6543289999999899
0
LINE
8
BLACK
6
CONTINUOUS
10
175.0190299999999866
20
-116.6543289999999899
11
175.0732229999999845
21
-116.5732229999999987
0
LINE
8
BLACK
6
CONTINUOUS
10
175.0732229999999845
20
-116.5732229999999987
11
175.1543289999999899
21
-116.5190300000000008
0
LINE
8
BLACK
6
CONTINUOUS
10
175.1543289999999899
20
-116.5190300000000008
11
175.25
21
-116.5
0
LINE
8
BLACK
6
CONTINUOUS
10
175.25
20
-116.5
11
175.9499999999999886
21
-116.5
0
LINE
8
BLACK
6
CONTINUOUS
10
175.9499999999999886
20
-116.5
11
176.0456709999999987
21
-116.5190300000000008
0
LINE
8
BLACK
6
CONTINUOUS
10
167.7956709999999987
20
-114.2940299999999922
11
167.8767770000000041
21
-114.3482229999999902
0
LINE
8
BLACK
6
CONTINUOUS
10
167.8767770000000041
20
-114.3482229999999902
11
167.9309700000000021
21
-114.4293289999999956
0
LINE
8
BLACK
6
CONTINUOUS
10
167.9309700000000021
20
-114.4293289999999956
11
167.9499999999999886
21
-114.5249999999999915
0
LINE
8
BLACK
6
CONTINUOUS
10
167.9499999999999886
20
-114.5249999999999915
11
167.9499999999999886
21
-115.4749999999999943
0
LINE
8
BLACK
6
CONTINUOUS
10
167.9499999999999886
20
-115.4749999999999943
11
167.9309700000000021
21
-115.5706709999999902
0
LINE
8
BLACK
6
CONTINUOUS
10
167.9309700000000021
20
-115.5706709999999902
11
167.8767770000000041
21
-115.6517769999999956
0
LINE
8
BLACK
6
CONTINUOUS
10
167.8767770000000041
20
-115.6517769999999956
11
167.7956709999999987
21
-115.7059699999999935
0
LINE
8
BLACK
6
CONTINUOUS
10
167.7956709999999987
20
-115.7059699999999935
11
167.6999999999999886
21
-115.7249999999999943
0
LINE
8
BLACK
6
CONTINUOUS
10
167.6999999999999886
20
-115.7249999999999943
11
167.0250000000000057
21
-115.7249999999999943
0
LINE
8
BLACK
6
CONTINUOUS
10
167.0250000000000057
20
-115.7249999999999943
11
166.9293289999999956
21
-115.7059699999999935
0
LINE
8
BLACK
6
CONTINUOUS
10
166.9293289999999956
20
-115.7059699999999935
11
166.8482229999999902
21
-115.6517769999999956
0
LINE
8
BLACK
6
CONTINUOUS
10
166.8482229999999902
20
-115.6517769999999956
11
166.7940299999999922
21
-115.5706709999999902
0
LINE
8
BLACK
6
CONTINUOUS
10
166.7940299999999922
20
-115.5706709999999902
11
166.7750000000000057
21
-115.4749999999999943
0
LINE
8
BLACK
6
CONTINUOUS
10
166.7750000000000057
20
-115.4749999999999943
11
166.7750000000000057
21
-114.5249999999999915
0
LINE
8
BLACK
6
CONTINUOUS
10
166.7750000000000057
20
-114.5249999999999915
11
166.7940299999999922
21
-114.4293289999999956
0
LINE
8
BLACK
6
CONTINUOUS
10
166.7940299999999922
20
-114.4293289999999956
11
166.8482229999999902
21
-114.3482229999999902
0
LINE
8
BLACK
6
CONTINUOUS
10
166.8482229999999902
20
-114.3482229999999902
11
166.9293289999999956
21
-114.2940299999999922
0
LINE
8
BLACK
6
CONTINUOUS
10
166.9293289999999956
20
-114.2940299999999922
11
167.0250000000000057
21
-114.2749999999999915
0
LINE
8
BLACK
6
CONTINUOUS
10
167.0250000000000057
20
-114.2749999999999915
11
167.6999999999999886
21
-114.2749999999999915
0
LINE
8
BLACK
6
CONTINUOUS
10
167.6999999999999886
20
-114.2749999999999915
11
167.7956709999999987
21
-114.2940299999999922
0
LINE
8
BLACK
6
CONTINUOUS
10
169.8706709999999873
20
-114.2940299999999922
11
169.9517769999999928
21
-114.3482229999999902
0
LINE
8
BLACK
6
CONTINUOUS
10
169.9517769999999928
20
-114.3482229999999902
11
170.0059699999999907
21
-114.4293289999999956
0
LINE
8
BLACK
6
CONTINUOUS
10
170.0059699999999907
20
-114.4293289999999956
11
170.0250000000000057
21
-114.5249999999999915
0
LINE
8
BLACK
6
CONTINUOUS
10
170.0250000000000057
20
-114.5249999999999915
11
170.0250000000000057
21
-115.4749999999999943
0
LINE
8
BLACK
6
CONTINUOUS
10
170.0250000000000057
20
-115.4749999999999943
11
170.0059699999999907
21
-115.5706709999999902
0
LINE
8
BLACK
6
CONTINUOUS
10
170.0059699999999907
20
-115.5706709999999902
11
169.9517769999999928
21
-115.6517769999999956
0
LINE
8
BLACK
6
CONTINUOUS
10
169.9517769999999928
20
-115.6517769999999956
11
169.8706709999999873
21
-115.7059699999999935
0
LINE
8
BLACK
6
CONTINUOUS
10
169.8706709999999873
20
-115.7059699999999935
11
169.7750000000000057
21
-115.7249999999999943
0
LINE
8
BLACK
6
CONTINUOUS
10
169.7750000000000057
20
-115.7249999999999943
11
169.0999999999999943
21
-115.7249999999999943
0
LINE
8
BLACK
6
CONTINUOUS
10
169.0999999999999943
20
-115.7249999999999943
11
169.0043289999999843
21
-115.7059699999999935
0
LINE
8
BLACK
6
CONTINUOUS
10
169.0043289999999843
20
-115.7059699999999935
11
168.9232229999999788
21
-115.6517769999999956
0
LINE
8
BLACK
6
CONTINUOUS
10
168.9232229999999788
20
-115.6517769999999956
11
168.8690299999999809
21
-115.5706709999999902
0
LINE
8
BLACK
6
CONTINUOUS
10
168.8690299999999809
20
-115.5706709999999902
11
168.8499999999999943
21
-115.4749999999999943
0
LINE
8
BLACK
6
CONTINUOUS
10
168.8499999999999943
20
-115.4749999999999943
11
168.8499999999999943
21
-114.5249999999999915
0
LINE
8
BLACK
6
CONTINUOUS
10
168.8499999999999943
20
-114.5249999999999915
11
168.8690299999999809
21
-114.4293289999999956
0
LINE
8
BLACK
6
CONTINUOUS
10
168.8690299999999809
20
-114.4293289999999956
11
168.9232229999999788
21
-114.3482229999999902
0
LINE
8
BLACK
6
CONTINUOUS
10
168.9232229999999788
20
-114.3482229999999902
11
169.0043289999999843
21
-114.2940299999999922
0
LINE
8
BLACK
6
CONTINUOUS
10
169.0043289999999843
20
-114.2940299999999922
11
169.0999999999999943
21
-114.2749999999999915
0
LINE
8
BLACK
6
CONTINUOUS
10
169.0999999999999943
20
-114.2749999999999915
11
169.7750000000000057
21
-114.2749999999999915
0
LINE
8
BLACK
6
CONTINUOUS
10
169.7750000000000057
20
-114.2749999999999915
11
169.8706709999999873
21
-114.2940299999999922
0
LINE
8
BLACK
6
CONTINUOUS
10
171.7956709999999987
20
-114.2940299999999922
11
171.8767770000000041
21
-114.3482229999999902
0
LINE
8
BLACK
6
CONTINUOUS
10
171.8767770000000041
20
-114.3482229999999902
11
171.9309700000000021
21
-114.4293289999999956
0
LINE
8
BLACK
6
CONTINUOUS
10
171.9309700000000021
20
-114.4293289999999956
11
171.9499999999999886
21
-114.5249999999999915
0
LINE
8
BLACK
6
CONTINUOUS
10
171.9499999999999886
20
-114.5249999999999915
11
171.9499999999999886
21
-115.4749999999999943
0
LINE
8
BLACK
6
CONTINUOUS
10
171.9499999999999886
20
-115.4749999999999943
11
171.9309700000000021
21
-115.5706709999999902
0
LINE
8
BLACK
6
CONTINUOUS
10
171.9309700000000021
20
-115.5706709999999902
11
171.8767770000000041
21
-115.6517769999999956
0
LINE
8
BLACK
6
CONTINUOUS
10
171.8767770000000041
20
-115.6517769999999956
11
171.7956709999999987
21
-115.7059699999999935
0
LINE
8
BLACK
6
CONTINUOUS
10
171.7956709999999987
20
-115.7059699999999935
11
171.6999999999999886
21
-115.7249999999999943
0
LINE
8
BLACK
6
CONTINUOUS
10
171.6999999999999886
20
-115.7249999999999943
11
171.0250000000000057
21
-115.7249999999999943
0
LINE
8
BLACK
6
CONTINUOUS
10
171.0250000000000057
20
-115.7249999999999943
11
170.9293289999999956
21
-115.7059699999999935
0
LINE
8
BLACK
6
CONTINUOUS
10
170.9293289999999956
20
-115.7059699999999935
11
170.8482229999999902
21
-115.6517769999999956
0
LINE
8
BLACK
6
CONTINUOUS
10
170.8482229999999902
20
-115.6517769999999956
11
170.7940299999999922
21
-115.5706709999999902
0
LINE
8
BLACK
6
CONTINUOUS
10
170.7940299999999922
20
-115.5706709999999902
11
170.7750000000000057
21
-115.4749999999999943
0
LINE
8
BLACK
6
CONTINUOUS
10
170.7750000000000057
20
-115.4749999999999943
11
170.7750000000000057
21
-114.5249999999999915
0
LINE
8
BLACK
6
CONTINUOUS
10
170.7750000000000057
20
-114.5249999999999915
11
170.7940299999999922
21
-114.4293289999999956
0
LINE
8
BLACK
6
CONTINUOUS
10
170.7940299999999922
20
-114.4293289999999956
11
170.8482229999999902
21
-114.3482229999999902
0
LINE
8
BLACK
6
CONTINUOUS
10
170.8482229999999902
20
-114.3482229999999902
11
170.9293289999999956
21
-114.2940299999999922
0
LINE
8
BLACK
6
CONTINUOUS
10
170.9293289999999956
20
-114.2940299999999922
11
171.0250000000000057
21
-114.2749999999999915
0
LINE
8
BLACK
6
CONTINUOUS
10
171.0250000000000057
20
-114.2749999999999915
11
171.6999999999999886
21
-114.2749999999999915
0
LINE
8
BLACK
6
CONTINUOUS
10
171.6999999999999886
20
-114.2749999999999915
11
171.7956709999999987
21
-114.2940299999999922
0
LINE
8
BLACK
6
CONTINUOUS
10
173.8706709999999873
20
-114.2940299999999922
11
173.9517769999999928
21
-114.3482229999999902
0
LINE
8
BLACK
6
CONTINUOUS
10
173.9517769999999928
20
-114.3482229999999902
11
174.0059699999999907
21
-114.4293289999999956
0
LINE
8
BLACK
6
CONTINUOUS
10
174.0059699999999907
20
-114.4293289999999956
11
174.0250000000000057
21
-114.5249999999999915
0
LINE
8
BLACK
6
CONTINUOUS
10
174.0250000000000057
20
-114.5249999999999915
11
174.0250000000000057
21
-115.4749999999999943
0
LINE
8
BLACK
6
CONTINUOUS
10
174.0250000000000057
20
-115.4749999999999943
11
174.0059699999999907
21
-115.5706709999999902
0
LINE
8
BLACK
6
CONTINUOUS
10
174.0059699999999907
20
-115.5706709999999902
11
173.9517769999999928
21
-115.6517769999999956
0
LINE
8
BLACK
6
CONTINUOUS
10
173.9517769999999928
20
-115.6517769999999956
11
173.8706709999999873
21
-115.7059699999999935
0
LINE
8
BLACK
6
CONTINUOUS
10
173.8706709999999873
20
-115.7059699999999935
11
173.7750000000000057
21
-115.7249999999999943
0
LINE
8
BLACK
6
CONTINUOUS
10
173.7750000000000057
20
-115.7249999999999943
11
173.0999999999999943
21
-115.7249999999999943
0
LINE
8
BLACK
6
CONTINUOUS
10
173.0999999999999943
20
-115.7249999999999943
11
173.0043289999999843
21
-115.7059699999999935
0
LINE
8
BLACK
6
CONTINUOUS
10
173.0043289999999843
20
-115.7059699999999935
11
172.9232229999999788
21
-115.6517769999999956
0
LINE
8
BLACK
6
CONTINUOUS
10
172.9232229999999788
20
-115.6517769999999956
11
172.8690299999999809
21
-115.5706709999999902
0
LINE
8
BLACK
6
CONTINUOUS
10
172.8690299999999809
20
-115.5706709999999902
11
172.8499999999999943
21
-115.4749999999999943
0
LINE
8
BLACK
6
CONTINUOUS
10
172.8499999999999943
20
-115.4749999999999943
11
172.8499999999999943
21
-114.5249999999999915
0
LINE
8
BLACK
6
CONTINUOUS
10
172.8499999999999943
20
-114.5249999999999915
11
172.8690299999999809
21
-114.4293289999999956
0
LINE
8
BLACK
6
CONTINUOUS
10
172.8690299999999809
20
-114.4293289999999956
11
172.9232229999999788
21
-114.3482229999999902
0
LINE
8
BLACK
6
CONTINUOUS
10
172.9232229999999788
20
-114.3482229999999902
11
173.0043289999999843
21
-114.2940299999999922
0
LINE
8
BLACK
6
CONTINUOUS
10
173.0043289999999843
20
-114.2940299999999922
11
173.0999999999999943
21
-114.2749999999999915
0
LINE
8
BLACK
6
CONTINUOUS
10
173.0999999999999943
20
-114.2749999999999915
11
173.7750000000000057
21
-114.2749999999999915
0
LINE
8
BLACK
6
CONTINUOUS
10
173.7750000000000057
20
-114.2749999999999915
11
173.8706709999999873
21
-114.2940299999999922
0
LINE
8
BLACK
6
CONTINUOUS
10
125.9706709999999958
20
-113.8690299999999951
11
126.0517770000000013
21
-113.923222999999993
0
LINE
8
BLACK
6
CONTINUOUS
10
126.0517770000000013
20
-113.923222999999993
11
126.1059699999999992
21
-114.0043289999999985
0
LINE
8
BLACK
6
CONTINUOUS
10
126.1059699999999992
20
-114.0043289999999985
11
126.125
21
-114.0999999999999943
0
LINE
8
BLACK
6
CONTINUOUS
10
126.125
20
-114.0999999999999943
11
126.125
21
-114.7749999999999915
0
LINE
8
BLACK
6
CONTINUOUS
10
126.125
20
-114.7749999999999915
11
126.1059699999999992
21
-114.8706710000000015
0
LINE
8
BLACK
6
CONTINUOUS
10
126.1059699999999992
20
-114.8706710000000015
11
126.0517770000000013
21
-114.9517769999999928
0
LINE
8
BLACK
6
CONTINUOUS
10
126.0517770000000013
20
-114.9517769999999928
11
125.9706709999999958
21
-115.0059699999999907
0
LINE
8
BLACK
6
CONTINUOUS
10
125.9706709999999958
20
-115.0059699999999907
11
125.875
21
-115.0249999999999915
0
LINE
8
BLACK
6
CONTINUOUS
10
125.875
20
-115.0249999999999915
11
124.9249999999999972
21
-115.0249999999999915
0
LINE
8
BLACK
6
CONTINUOUS
10
124.9249999999999972
20
-115.0249999999999915
11
124.8293290000000013
21
-115.0059699999999907
0
LINE
8
BLACK
6
CONTINUOUS
10
124.8293290000000013
20
-115.0059699999999907
11
124.7482229999999959
21
-114.9517769999999928
0
LINE
8
BLACK
6
CONTINUOUS
10
124.7482229999999959
20
-114.9517769999999928
11
124.6940299999999979
21
-114.8706710000000015
0
LINE
8
BLACK
6
CONTINUOUS
10
124.6940299999999979
20
-114.8706710000000015
11
124.6749999999999972
21
-114.7749999999999915
0
LINE
8
BLACK
6
CONTINUOUS
10
124.6749999999999972
20
-114.7749999999999915
11
124.6749999999999972
21
-114.0999999999999943
0
LINE
8
BLACK
6
CONTINUOUS
10
124.6749999999999972
20
-114.0999999999999943
11
124.6940299999999979
21
-114.0043289999999985
0
LINE
8
BLACK
6
CONTINUOUS
10
124.6940299999999979
20
-114.0043289999999985
11
124.7482229999999959
21
-113.923222999999993
0
LINE
8
BLACK
6
CONTINUOUS
10
124.7482229999999959
20
-113.923222999999993
11
124.8293290000000013
21
-113.8690299999999951
0
LINE
8
BLACK
6
CONTINUOUS
10
124.8293290000000013
20
-113.8690299999999951
11
124.9249999999999972
21
-113.8499999999999943
0
LINE
8
BLACK
6
CONTINUOUS
10
124.9249999999999972
20
-113.8499999999999943
11
125.875
21
-113.8499999999999943
0
LINE
8
BLACK
6
CONTINUOUS
10
125.875
20
-113.8499999999999943
11
125.9706709999999958
21
-113.8690299999999951
0
LINE
8
BLACK
6
CONTINUOUS
10
131.5706710000000044
20
-113.8690299999999951
11
131.6517769999999814
21
-113.923222999999993
0
LINE
8
BLACK
6
CONTINUOUS
10
131.6517769999999814
20
-113.923222999999993
11
131.7059700000000078
21
-114.0043289999999985
0
LINE
8
BLACK
6
CONTINUOUS
10
131.7059700000000078
20
-114.0043289999999985
11
131.7249999999999943
21
-114.0999999999999943
0
LINE
8
BLACK
6
CONTINUOUS
10
131.7249999999999943
20
-114.0999999999999943
11
131.7249999999999943
21
-114.7749999999999915
0
LINE
8
BLACK
6
CONTINUOUS
10
131.7249999999999943
20
-114.7749999999999915
11
131.7059700000000078
21
-114.8706710000000015
0
LINE
8
BLACK
6
CONTINUOUS
10
131.7059700000000078
20
-114.8706710000000015
11
131.6517769999999814
21
-114.9517769999999928
0
LINE
8
BLACK
6
CONTINUOUS
10
131.6517769999999814
20
-114.9517769999999928
11
131.5706710000000044
21
-115.0059699999999907
0
LINE
8
BLACK
6
CONTINUOUS
10
131.5706710000000044
20
-115.0059699999999907
11
131.4749999999999943
21
-115.0249999999999915
0
LINE
8
BLACK
6
CONTINUOUS
10
131.4749999999999943
20
-115.0249999999999915
11
130.5250000000000057
21
-115.0249999999999915
0
LINE
8
BLACK
6
CONTINUOUS
10
130.5250000000000057
20
-115.0249999999999915
11
130.4293289999999956
21
-115.0059699999999907
0
LINE
8
BLACK
6
CONTINUOUS
10
130.4293289999999956
20
-115.0059699999999907
11
130.3482229999999902
21
-114.9517769999999928
0
LINE
8
BLACK
6
CONTINUOUS
10
130.3482229999999902
20
-114.9517769999999928
11
130.2940299999999922
21
-114.8706710000000015
0
LINE
8
BLACK
6
CONTINUOUS
10
130.2940299999999922
20
-114.8706710000000015
11
130.2750000000000057
21
-114.7749999999999915
0
LINE
8
BLACK
6
CONTINUOUS
10
130.2750000000000057
20
-114.7749999999999915
11
130.2750000000000057
21
-114.0999999999999943
0
LINE
8
BLACK
6
CONTINUOUS
10
130.2750000000000057
20
-114.0999999999999943
11
130.2940299999999922
21
-114.0043289999999985
0
LINE
8
BLACK
6
CONTINUOUS
10
130.2940299999999922
20
-114.0043289999999985
11
130.3482229999999902
21
-113.923222999999993
0
LINE
8
BLACK
6
CONTINUOUS
10
130.3482229999999902
20
-113.923222999999993
11
130.4293289999999956
21
-113.8690299999999951
0
LINE
8
BLACK
6
CONTINUOUS
10
130.4293289999999956
20
-113.8690299999999951
11
130.5250000000000057
21
-113.8499999999999943
0
LINE
8
BLACK
6
CONTINUOUS
10
130.5250000000000057
20
-113.8499999999999943
11
131.4749999999999943
21
-113.8499999999999943
0
LINE
8
BLACK
6
CONTINUOUS
10
131.4749999999999943
20
-113.8499999999999943
11
131.5706710000000044
21
-113.8690299999999951
0
LINE
8
BLACK
6
CONTINUOUS
10
149.9706709999999816
20
-113.8690299999999951
11
150.0517769999999871
21
-113.923222999999993
0
LINE
8
BLACK
6
CONTINUOUS
10
150.0517769999999871
20
-113.923222999999993
11
150.105969999999985
21
-114.0043289999999985
0
LINE
8
BLACK
6
CONTINUOUS
10
150.105969999999985
20
-114.0043289999999985
11
150.125
21
-114.0999999999999943
0
LINE
8
BLACK
6
CONTINUOUS
10
150.125
20
-114.0999999999999943
11
150.125
21
-114.7749999999999915
0
LINE
8
BLACK
6
CONTINUOUS
10
150.125
20
-114.7749999999999915
11
150.105969999999985
21
-114.8706710000000015
0
LINE
8
BLACK
6
CONTINUOUS
10
150.105969999999985
20
-114.8706710000000015
11
150.0517769999999871
21
-114.9517769999999928
0
LINE
8
BLACK
6
CONTINUOUS
10
150.0517769999999871
20
-114.9517769999999928
11
149.9706709999999816
21
-115.0059699999999907
0
LINE
8
BLACK
6
CONTINUOUS
10
149.9706709999999816
20
-115.0059699999999907
11
149.875
21
-115.0249999999999915
0
LINE
8
BLACK
6
CONTINUOUS
10
149.875
20
-115.0249999999999915
11
148.9249999999999829
21
-115.0249999999999915
0
LINE
8
BLACK
6
CONTINUOUS
10
148.9249999999999829
20
-115.0249999999999915
11
148.8293290000000013
21
-115.0059699999999907
0
LINE
8
BLACK
6
CONTINUOUS
10
148.8293290000000013
20
-115.0059699999999907
11
148.7482229999999959
21
-114.9517769999999928
0
LINE
8
BLACK
6
CONTINUOUS
10
148.7482229999999959
20
-114.9517769999999928
11
148.6940299999999979
21
-114.8706710000000015
0
LINE
8
BLACK
6
CONTINUOUS
10
148.6940299999999979
20
-114.8706710000000015
11
148.6749999999999829
21
-114.7749999999999915
0
LINE
8
BLACK
6
CONTINUOUS
10
148.6749999999999829
20
-114.7749999999999915
11
148.6749999999999829
21
-114.0999999999999943
0
LINE
8
BLACK
6
CONTINUOUS
10
148.6749999999999829
20
-114.0999999999999943
11
148.6940299999999979
21
-114.0043289999999985
0
LINE
8
BLACK
6
CONTINUOUS
10
148.6940299999999979
20
-114.0043289999999985
11
148.7482229999999959
21
-113.923222999999993
0
LINE
8
BLACK
6
CONTINUOUS
10
148.7482229999999959
20
-113.923222999999993
11
148.8293290000000013
21
-113.8690299999999951
0
LINE
8
BLACK
6
CONTINUOUS
10
148.8293290000000013
20
-113.8690299999999951
11
148.9249999999999829
21
-113.8499999999999943
0
LINE
8
BLACK
6
CONTINUOUS
10
148.9249999999999829
20
-113.8499999999999943
11
149.875
21
-113.8499999999999943
0
LINE
8
BLACK
6
CONTINUOUS
10
149.875
20
-113.8499999999999943
11
149.9706709999999816
21
-113.8690299999999951
0
LINE
8
BLACK
6
CONTINUOUS
10
155.5706710000000044
20
-113.8690299999999951
11
155.6517769999999814
21
-113.923222999999993
0
LINE
8
BLACK
6
CONTINUOUS
10
155.6517769999999814
20
-113.923222999999993
11
155.7059699999999793
21
-114.0043289999999985
0
LINE
8
BLACK
6
CONTINUOUS
10
155.7059699999999793
20
-114.0043289999999985
11
155.7249999999999943
21
-114.0999999999999943
0
LINE
8
BLACK
6
CONTINUOUS
10
155.7249999999999943
20
-114.0999999999999943
11
155.7249999999999943
21
-114.7749999999999915
0
LINE
8
BLACK
6
CONTINUOUS
10
155.7249999999999943
20
-114.7749999999999915
11
155.7059699999999793
21
-114.8706710000000015
0
LINE
8
BLACK
6
CONTINUOUS
10
155.7059699999999793
20
-114.8706710000000015
11
155.6517769999999814
21
-114.9517769999999928
0
LINE
8
BLACK
6
CONTINUOUS
10
155.6517769999999814
20
-114.9517769999999928
11
155.5706710000000044
21
-115.0059699999999907
0
LINE
8
BLACK
6
CONTINUOUS
10
155.5706710000000044
20
-115.0059699999999907
11
155.4749999999999943
21
-115.0249999999999915
0
LINE
8
BLACK
6
CONTINUOUS
10
155.4749999999999943
20
-115.0249999999999915
11
154.5250000000000057
21
-115.0249999999999915
0
LINE
8
BLACK
6
CONTINUOUS
10
154.5250000000000057
20
-115.0249999999999915
11
154.4293289999999956
21
-115.0059699999999907
0
LINE
8
BLACK
6
CONTINUOUS
10
154.4293289999999956
20
-115.0059699999999907
11
154.3482229999999902
21
-114.9517769999999928
0
LINE
8
BLACK
6
CONTINUOUS
10
154.3482229999999902
20
-114.9517769999999928
11
154.2940299999999922
21
-114.8706710000000015
0
LINE
8
BLACK
6
CONTINUOUS
10
154.2940299999999922
20
-114.8706710000000015
11
154.2750000000000057
21
-114.7749999999999915
0
LINE
8
BLACK
6
CONTINUOUS
10
154.2750000000000057
20
-114.7749999999999915
11
154.2750000000000057
21
-114.0999999999999943
0
LINE
8
BLACK
6
CONTINUOUS
10
154.2750000000000057
20
-114.0999999999999943
11
154.2940299999999922
21
-114.0043289999999985
0
LINE
8
BLACK
6
CONTINUOUS
10
154.2940299999999922
20
-114.0043289999999985
11
154.3482229999999902
21
-113.923222999999993
0
LINE
8
BLACK
6
CONTINUOUS
10
154.3482229999999902
20
-113.923222999999993
11
154.4293289999999956
21
-113.8690299999999951
0
LINE
8
BLACK
6
CONTINUOUS
10
154.4293289999999956
20
-113.8690299999999951
11
154.5250000000000057
21
-113.8499999999999943
0
LINE
8
BLACK
6
CONTINUOUS
10
154.5250000000000057
20
-113.8499999999999943
11
155.4749999999999943
21
-113.8499999999999943
0
LINE
8
BLACK
6
CONTINUOUS
10
155.4749999999999943
20
-113.8499999999999943
11
155.5706710000000044
21
-113.8690299999999951
0
LINE
8
BLACK
6
CONTINUOUS
10
168.607403000000005
20
-112.4164179999999931
11
168.6560659999999814
21
-112.4489339999999942
0
LINE
8
BLACK
6
CONTINUOUS
10
168.6560659999999814
20
-112.4489339999999942
11
168.6885819999999967
21
-112.497596999999999
0
LINE
8
BLACK
6
CONTINUOUS
10
168.6885819999999967
20
-112.497596999999999
11
168.6999999999999886
21
-112.5549999999999926
0
LINE
8
BLACK
6
CONTINUOUS
10
168.6999999999999886
20
-112.5549999999999926
11
168.6999999999999886
21
-112.8549999999999898
0
LINE
8
BLACK
6
CONTINUOUS
10
168.6999999999999886
20
-112.8549999999999898
11
168.6885819999999967
21
-112.9124029999999976
0
LINE
8
BLACK
6
CONTINUOUS
10
168.6885819999999967
20
-112.9124029999999976
11
168.6560659999999814
21
-112.9610659999999882
0
LINE
8
BLACK
6
CONTINUOUS
10
168.6560659999999814
20
-112.9610659999999882
11
168.607403000000005
21
-112.9935819999999893
0
LINE
8
BLACK
6
CONTINUOUS
10
168.607403000000005
20
-112.9935819999999893
11
168.5499999999999829
21
-113.0049999999999955
0
LINE
8
BLACK
6
CONTINUOUS
10
168.5499999999999829
20
-113.0049999999999955
11
167.0999999999999943
21
-113.0049999999999955
0
LINE
8
BLACK
6
CONTINUOUS
10
167.0999999999999943
20
-113.0049999999999955
11
167.0425970000000007
21
-112.9935819999999893
0
LINE
8
BLACK
6
CONTINUOUS
10
167.0425970000000007
20
-112.9935819999999893
11
166.9939339999999959
21
-112.9610659999999882
0
LINE
8
BLACK
6
CONTINUOUS
10
166.9939339999999959
20
-112.9610659999999882
11
166.9614179999999806
21
-112.9124029999999976
0
LINE
8
BLACK
6
CONTINUOUS
10
166.9614179999999806
20
-112.9124029999999976
11
166.9499999999999886
21
-112.8549999999999898
0
LINE
8
BLACK
6
CONTINUOUS
10
166.9499999999999886
20
-112.8549999999999898
11
166.9499999999999886
21
-112.5549999999999926
0
LINE
8
BLACK
6
CONTINUOUS
10
166.9499999999999886
20
-112.5549999999999926
11
166.9614179999999806
21
-112.497596999999999
0
LINE
8
BLACK
6
CONTINUOUS
10
166.9614179999999806
20
-112.497596999999999
11
166.9939339999999959
21
-112.4489339999999942
0
LINE
8
BLACK
6
CONTINUOUS
10
166.9939339999999959
20
-112.4489339999999942
11
167.0425970000000007
21
-112.4164179999999931
0
LINE
8
BLACK
6
CONTINUOUS
10
167.0425970000000007
20
-112.4164179999999931
11
167.0999999999999943
21
-112.4050000000000011
0
LINE
8
BLACK
6
CONTINUOUS
10
167.0999999999999943
20
-112.4050000000000011
11
168.5499999999999829
21
-112.4050000000000011
0
LINE
8
BLACK
6
CONTINUOUS
10
168.5499999999999829
20
-112.4050000000000011
11
168.607403000000005
21
-112.4164179999999931
0
LINE
8
BLACK
6
CONTINUOUS
10
173.7574029999999823
20
-112.4164179999999931
11
173.8060659999999871
21
-112.4489339999999942
0
LINE
8
BLACK
6
CONTINUOUS
10
173.8060659999999871
20
-112.4489339999999942
11
173.8385820000000024
21
-112.497596999999999
0
LINE
8
BLACK
6
CONTINUOUS
10
173.8385820000000024
20
-112.497596999999999
11
173.8499999999999943
21
-112.5549999999999926
0
LINE
8
BLACK
6
CONTINUOUS
10
173.8499999999999943
20
-112.5549999999999926
11
173.8499999999999943
21
-112.8549999999999898
0
LINE
8
BLACK
6
CONTINUOUS
10
173.8499999999999943
20
-112.8549999999999898
11
173.8385820000000024
21
-112.9124029999999976
0
LINE
8
BLACK
6
CONTINUOUS
10
173.8385820000000024
20
-112.9124029999999976
11
173.8060659999999871
21
-112.9610659999999882
0
LINE
8
BLACK
6
CONTINUOUS
10
173.8060659999999871
20
-112.9610659999999882
11
173.7574029999999823
21
-112.9935819999999893
0
LINE
8
BLACK
6
CONTINUOUS
10
173.7574029999999823
20
-112.9935819999999893
11
173.6999999999999886
21
-113.0049999999999955
0
LINE
8
BLACK
6
CONTINUOUS
10
173.6999999999999886
20
-113.0049999999999955
11
172.25
21
-113.0049999999999955
0
LINE
8
BLACK
6
CONTINUOUS
10
172.25
20
-113.0049999999999955
11
172.1925970000000063
21
-112.9935819999999893
0
LINE
8
BLACK
6
CONTINUOUS
10
172.1925970000000063
20
-112.9935819999999893
11
172.1439340000000016
21
-112.9610659999999882
0
LINE
8
BLACK
6
CONTINUOUS
10
172.1439340000000016
20
-112.9610659999999882
11
172.1114179999999863
21
-112.9124029999999976
0
LINE
8
BLACK
6
CONTINUOUS
10
172.1114179999999863
20
-112.9124029999999976
11
172.0999999999999943
21
-112.8549999999999898
0
LINE
8
BLACK
6
CONTINUOUS
10
172.0999999999999943
20
-112.8549999999999898
11
172.0999999999999943
21
-112.5549999999999926
0
LINE
8
BLACK
6
CONTINUOUS
10
172.0999999999999943
20
-112.5549999999999926
11
172.1114179999999863
21
-112.497596999999999
0
LINE
8
BLACK
6
CONTINUOUS
10
172.1114179999999863
20
-112.497596999999999
11
172.1439340000000016
21
-112.4489339999999942
0
LINE
8
BLACK
6
CONTINUOUS
10
172.1439340000000016
20
-112.4489339999999942
11
172.1925970000000063
21
-112.4164179999999931
0
LINE
8
BLACK
6
CONTINUOUS
10
172.1925970000000063
20
-112.4164179999999931
11
172.25
21
-112.4050000000000011
0
LINE
8
BLACK
6
CONTINUOUS
10
172.25
20
-112.4050000000000011
11
173.6999999999999886
21
-112.4050000000000011
0
LINE
8
BLACK
6
CONTINUOUS
10
173.6999999999999886
20
-112.4050000000000011
11
173.7574029999999823
21
-112.4164179999999931
0
LINE
8
BLACK
6
CONTINUOUS
10
125.9706709999999958
20
-111.7940299999999922
11
126.0517770000000013
21
-111.8482229999999902
0
LINE
8
BLACK
6
CONTINUOUS
10
126.0517770000000013
20
-111.8482229999999902
11
126.1059699999999992
21
-111.9293289999999956
0
LINE
8
BLACK
6
CONTINUOUS
10
126.1059699999999992
20
-111.9293289999999956
11
126.125
21
-112.0249999999999915
0
LINE
8
BLACK
6
CONTINUOUS
10
126.125
20
-112.0249999999999915
11
126.125
21
-112.6999999999999886
0
LINE
8
BLACK
6
CONTINUOUS
10
126.125
20
-112.6999999999999886
11
126.1059699999999992
21
-112.7956709999999987
0
LINE
8
BLACK
6
CONTINUOUS
10
126.1059699999999992
20
-112.7956709999999987
11
126.0517770000000013
21
-112.8767769999999899
0
LINE
8
BLACK
6
CONTINUOUS
10
126.0517770000000013
20
-112.8767769999999899
11
125.9706709999999958
21
-112.9309699999999879
0
LINE
8
BLACK
6
CONTINUOUS
10
125.9706709999999958
20
-112.9309699999999879
11
125.875
21
-112.9499999999999886
0
LINE
8
BLACK
6
CONTINUOUS
10
125.875
20
-112.9499999999999886
11
124.9249999999999972
21
-112.9499999999999886
0
LINE
8
BLACK
6
CONTINUOUS
10
124.9249999999999972
20
-112.9499999999999886
11
124.8293290000000013
21
-112.9309699999999879
0
LINE
8
BLACK
6
CONTINUOUS
10
124.8293290000000013
20
-112.9309699999999879
11
124.7482229999999959
21
-112.8767769999999899
0
LINE
8
BLACK
6
CONTINUOUS
10
124.7482229999999959
20
-112.8767769999999899
11
124.6940299999999979
21
-112.7956709999999987
0
LINE
8
BLACK
6
CONTINUOUS
10
124.6940299999999979
20
-112.7956709999999987
11
124.6749999999999972
21
-112.6999999999999886
0
LINE
8
BLACK
6
CONTINUOUS
10
124.6749999999999972
20
-112.6999999999999886
11
124.6749999999999972
21
-112.0249999999999915
0
LINE
8
BLACK
6
CONTINUOUS
10
124.6749999999999972
20
-112.0249999999999915
11
124.6940299999999979
21
-111.9293289999999956
0
LINE
8
BLACK
6
CONTINUOUS
10
124.6940299999999979
20
-111.9293289999999956
11
124.7482229999999959
21
-111.8482229999999902
0
LINE
8
BLACK
6
CONTINUOUS
10
124.7482229999999959
20
-111.8482229999999902
11
124.8293290000000013
21
-111.7940299999999922
0
LINE
8
BLACK
6
CONTINUOUS
10
124.8293290000000013
20
-111.7940299999999922
11
124.9249999999999972
21
-111.7749999999999915
0
LINE
8
BLACK
6
CONTINUOUS
10
124.9249999999999972
20
-111.7749999999999915
11
125.875
21
-111.7749999999999915
0
LINE
8
BLACK
6
CONTINUOUS
10
125.875
20
-111.7749999999999915
11
125.9706709999999958
21
-111.7940299999999922
0
LINE
8
BLACK
6
CONTINUOUS
10
131.5706710000000044
20
-111.7940299999999922
11
131.6517769999999814
21
-111.8482229999999902
0
LINE
8
BLACK
6
CONTINUOUS
10
131.6517769999999814
20
-111.8482229999999902
11
131.7059700000000078
21
-111.9293289999999956
0
LINE
8
BLACK
6
CONTINUOUS
10
131.7059700000000078
20
-111.9293289999999956
11
131.7249999999999943
21
-112.0249999999999915
0
LINE
8
BLACK
6
CONTINUOUS
10
131.7249999999999943
20
-112.0249999999999915
11
131.7249999999999943
21
-112.6999999999999886
0
LINE
8
BLACK
6
CONTINUOUS
10
131.7249999999999943
20
-112.6999999999999886
11
131.7059700000000078
21
-112.7956709999999987
0
LINE
8
BLACK
6
CONTINUOUS
10
131.7059700000000078
20
-112.7956709999999987
11
131.6517769999999814
21
-112.8767769999999899
0
LINE
8
BLACK
6
CONTINUOUS
10
131.6517769999999814
20
-112.8767769999999899
11
131.5706710000000044
21
-112.9309699999999879
0
LINE
8
BLACK
6
CONTINUOUS
10
131.5706710000000044
20
-112.9309699999999879
11
131.4749999999999943
21
-112.9499999999999886
0
LINE
8
BLACK
6
CONTINUOUS
10
131.4749999999999943
20
-112.9499999999999886
11
130.5250000000000057
21
-112.9499999999999886
0
LINE
8
BLACK
6
CONTINUOUS
10
130.5250000000000057
20
-112.9499999999999886
11
130.4293289999999956
21
-112.9309699999999879
0
LINE
8
BLACK
6
CONTINUOUS
10
130.4293289999999956
20
-112.9309699999999879
11
130.3482229999999902
21
-112.8767769999999899
0
LINE
8
BLACK
6
CONTINUOUS
10
130.3482229999999902
20
-112.8767769999999899
11
130.2940299999999922
21
-112.7956709999999987
0
LINE
8
BLACK
6
CONTINUOUS
10
130.2940299999999922
20
-112.7956709999999987
11
130.2750000000000057
21
-112.6999999999999886
0
LINE
8
BLACK
6
CONTINUOUS
10
130.2750000000000057
20
-112.6999999999999886
11
130.2750000000000057
21
-112.0249999999999915
0
LINE
8
BLACK
6
CONTINUOUS
10
130.2750000000000057
20
-112.0249999999999915
11
130.2940299999999922
21
-111.9293289999999956
0
LINE
8
BLACK
6
CONTINUOUS
10
130.2940299999999922
20
-111.9293289999999956
11
130.3482229999999902
21
-111.8482229999999902
0
LINE
8
BLACK
6
CONTINUOUS
10
130.3482229999999902
20
-111.8482229999999902
11
130.4293289999999956
21
-111.7940299999999922
0
LINE
8
BLACK
6
CONTINUOUS
10
130.4293289999999956
20
-111.7940299999999922
11
130.5250000000000057
21
-111.7749999999999915
0
LINE
8
BLACK
6
CONTINUOUS
10
130.5250000000000057
20
-111.7749999999999915
11
131.4749999999999943
21
-111.7749999999999915
0
LINE
8
BLACK
6
CONTINUOUS
10
131.4749999999999943
20
-111.7749999999999915
11
131.5706710000000044
21
-111.7940299999999922
0
LINE
8
BLACK
6
CONTINUOUS
10
149.9706709999999816
20
-111.7940299999999922
11
150.0517769999999871
21
-111.8482229999999902
0
LINE
8
BLACK
6
CONTINUOUS
10
150.0517769999999871
20
-111.8482229999999902
11
150.105969999999985
21
-111.9293289999999956
0
LINE
8
BLACK
6
CONTINUOUS
10
150.105969999999985
20
-111.9293289999999956
11
150.125
21
-112.0249999999999915
0
LINE
8
BLACK
6
CONTINUOUS
10
150.125
20
-112.0249999999999915
11
150.125
21
-112.6999999999999886
0
LINE
8
BLACK
6
CONTINUOUS
10
150.125
20
-112.6999999999999886
11
150.105969999999985
21
-112.7956709999999987
0
LINE
8
BLACK
6
CONTINUOUS
10
150.105969999999985
20
-112.7956709999999987
11
150.0517769999999871
21
-112.8767769999999899
0
LINE
8
BLACK
6
CONTINUOUS
10
150.0517769999999871
20
-112.8767769999999899
11
149.9706709999999816
21
-112.9309699999999879
0
LINE
8
BLACK
6
CONTINUOUS
10
149.9706709999999816
20
-112.9309699999999879
11
149.875
21
-112.9499999999999886
0
LINE
8
BLACK
6
CONTINUOUS
10
149.875
20
-112.9499999999999886
11
148.9249999999999829
21
-112.9499999999999886
0
LINE
8
BLACK
6
CONTINUOUS
10
148.9249999999999829
20
-112.9499999999999886
11
148.8293290000000013
21
-112.9309699999999879
0
LINE
8
BLACK
6
CONTINUOUS
10
148.8293290000000013
20
-112.9309699999999879
11
148.7482229999999959
21
-112.8767769999999899
0
LINE
8
BLACK
6
CONTINUOUS
10
148.7482229999999959
20
-112.8767769999999899
11
148.6940299999999979
21
-112.7956709999999987
0
LINE
8
BLACK
6
CONTINUOUS
10
148.6940299999999979
20
-112.7956709999999987
11
148.6749999999999829
21
-112.6999999999999886
0
LINE
8
BLACK
6
CONTINUOUS
10
148.6749999999999829
20
-112.6999999999999886
11
148.6749999999999829
21
-112.0249999999999915
0
LINE
8
BLACK
6
CONTINUOUS
10
148.6749999999999829
20
-112.0249999999999915
11
148.6940299999999979
21
-111.9293289999999956
0
LINE
8
BLACK
6
CONTINUOUS
10
148.6940299999999979
20
-111.9293289999999956
11
148.7482229999999959
21
-111.8482229999999902
0
LINE
8
BLACK
6
CONTINUOUS
10
148.7482229999999959
20
-111.8482229999999902
11
148.8293290000000013
21
-111.7940299999999922
0
LINE
8
BLACK
6
CONTINUOUS
10
148.8293290000000013
20
-111.7940299999999922
11
148.9249999999999829
21
-111.7749999999999915
0
LINE
8
BLACK
6
CONTINUOUS
10
148.9249999999999829
20
-111.7749999999999915
11
149.875
21
-111.7749999999999915
0
LINE
8
BLACK
6
CONTINUOUS
10
149.875
20
-111.7749999999999915
11
149.9706709999999816
21
-111.7940299999999922
0
LINE
8
BLACK
6
CONTINUOUS
10
155.5706710000000044
20
-111.7940299999999922
11
155.6517769999999814
21
-111.8482229999999902
0
LINE
8
BLACK
6
CONTINUOUS
10
155.6517769999999814
20
-111.8482229999999902
11
155.7059699999999793
21
-111.9293289999999956
0
LINE
8
BLACK
6
CONTINUOUS
10
155.7059699999999793
20
-111.9293289999999956
11
155.7249999999999943
21
-112.0249999999999915
0
LINE
8
BLACK
6
CONTINUOUS
10
155.7249999999999943
20
-112.0249999999999915
11
155.7249999999999943
21
-112.6999999999999886
0
LINE
8
BLACK
6
CONTINUOUS
10
155.7249999999999943
20
-112.6999999999999886
11
155.7059699999999793
21
-112.7956709999999987
0
LINE
8
BLACK
6
CONTINUOUS
10
155.7059699999999793
20
-112.7956709999999987
11
155.6517769999999814
21
-112.8767769999999899
0
LINE
8
BLACK
6
CONTINUOUS
10
155.6517769999999814
20
-112.8767769999999899
11
155.5706710000000044
21
-112.9309699999999879
0
LINE
8
BLACK
6
CONTINUOUS
10
155.5706710000000044
20
-112.9309699999999879
11
155.4749999999999943
21
-112.9499999999999886
0
LINE
8
BLACK
6
CONTINUOUS
10
155.4749999999999943
20
-112.9499999999999886
11
154.5250000000000057
21
-112.9499999999999886
0
LINE
8
BLACK
6
CONTINUOUS
10
154.5250000000000057
20
-112.9499999999999886
11
154.4293289999999956
21
-112.9309699999999879
0
LINE
8
BLACK
6
CONTINUOUS
10
154.4293289999999956
20
-112.9309699999999879
11
154.3482229999999902
21
-112.8767769999999899
0
LINE
8
BLACK
6
CONTINUOUS
10
154.3482229999999902
20
-112.8767769999999899
11
154.2940299999999922
21
-112.7956709999999987
0
LINE
8
BLACK
6
CONTINUOUS
10
154.2940299999999922
20
-112.7956709999999987
11
154.2750000000000057
21
-112.6999999999999886
0
LINE
8
BLACK
6
CONTINUOUS
10
154.2750000000000057
20
-112.6999999999999886
11
154.2750000000000057
21
-112.0249999999999915
0
LINE
8
BLACK
6
CONTINUOUS
10
154.2750000000000057
20
-112.0249999999999915
11
154.2940299999999922
21
-111.9293289999999956
0
LINE
8
BLACK
6
CONTINUOUS
10
154.2940299999999922
20
-111.9293289999999956
11
154.3482229999999902
21
-111.8482229999999902
0
LINE
8
BLACK
6
CONTINUOUS
10
154.3482229999999902
20
-111.8482229999999902
11
154.4293289999999956
21
-111.7940299999999922
0
LINE
8
BLACK
6
CONTINUOUS
10
154.4293289999999956
20
-111.7940299999999922
11
154.5250000000000057
21
-111.7749999999999915
0
LINE
8
BLACK
6
CONTINUOUS
10
154.5250000000000057
20
-111.7749999999999915
11
155.4749999999999943
21
-111.7749999999999915
0
LINE
8
BLACK
6
CONTINUOUS
10
155.4749999999999943
20
-111.7749999999999915
11
155.5706710000000044
21
-111.7940299999999922
0
LINE
8
BLACK
6
CONTINUOUS
10
165.5706710000000044
20
-110.6690299999999922
11
165.6517769999999814
21
-110.7232229999999902
0
LINE
8
BLACK
6
CONTINUOUS
10
165.6517769999999814
20
-110.7232229999999902
11
165.7059699999999793
21
-110.8043289999999956
0
LINE
8
BLACK
6
CONTINUOUS
10
165.7059699999999793
20
-110.8043289999999956
11
165.7249999999999943
21
-110.8999999999999915
0
LINE
8
BLACK
6
CONTINUOUS
10
165.7249999999999943
20
-110.8999999999999915
11
165.7249999999999943
21
-111.5749999999999886
0
LINE
8
BLACK
6
CONTINUOUS
10
165.7249999999999943
20
-111.5749999999999886
11
165.7059699999999793
21
-111.6706709999999987
0
LINE
8
BLACK
6
CONTINUOUS
10
165.7059699999999793
20
-111.6706709999999987
11
165.6517769999999814
21
-111.7517769999999899
0
LINE
8
BLACK
6
CONTINUOUS
10
165.6517769999999814
20
-111.7517769999999899
11
165.5706710000000044
21
-111.8059699999999879
0
LINE
8
BLACK
6
CONTINUOUS
10
165.5706710000000044
20
-111.8059699999999879
11
165.4749999999999943
21
-111.8249999999999886
0
LINE
8
BLACK
6
CONTINUOUS
10
165.4749999999999943
20
-111.8249999999999886
11
164.5250000000000057
21
-111.8249999999999886
0
LINE
8
BLACK
6
CONTINUOUS
10
164.5250000000000057
20
-111.8249999999999886
11
164.4293289999999956
21
-111.8059699999999879
0
LINE
8
BLACK
6
CONTINUOUS
10
164.4293289999999956
20
-111.8059699999999879
11
164.3482229999999902
21
-111.7517769999999899
0
LINE
8
BLACK
6
CONTINUOUS
10
164.3482229999999902
20
-111.7517769999999899
11
164.2940299999999922
21
-111.6706709999999987
0
LINE
8
BLACK
6
CONTINUOUS
10
164.2940299999999922
20
-111.6706709999999987
11
164.2750000000000057
21
-111.5749999999999886
0
LINE
8
BLACK
6
CONTINUOUS
10
164.2750000000000057
20
-111.5749999999999886
11
164.2750000000000057
21
-110.8999999999999915
0
LINE
8
BLACK
6
CONTINUOUS
10
164.2750000000000057
20
-110.8999999999999915
11
164.2940299999999922
21
-110.8043289999999956
0
LINE
8
BLACK
6
CONTINUOUS
10
164.2940299999999922
20
-110.8043289999999956
11
164.3482229999999902
21
-110.7232229999999902
0
LINE
8
BLACK
6
CONTINUOUS
10
164.3482229999999902
20
-110.7232229999999902
11
164.4293289999999956
21
-110.6690299999999922
0
LINE
8
BLACK
6
CONTINUOUS
10
164.4293289999999956
20
-110.6690299999999922
11
164.5250000000000057
21
-110.6499999999999915
0
LINE
8
BLACK
6
CONTINUOUS
10
164.5250000000000057
20
-110.6499999999999915
11
165.4749999999999943
21
-110.6499999999999915
0
LINE
8
BLACK
6
CONTINUOUS
10
165.4749999999999943
20
-110.6499999999999915
11
165.5706710000000044
21
-110.6690299999999922
0
LINE
8
BLACK
6
CONTINUOUS
10
168.607403000000005
20
-111.1464179999999971
11
168.6560659999999814
21
-111.1789339999999982
0
LINE
8
BLACK
6
CONTINUOUS
10
168.6560659999999814
20
-111.1789339999999982
11
168.6885819999999967
21
-111.2275969999999887
0
LINE
8
BLACK
6
CONTINUOUS
10
168.6885819999999967
20
-111.2275969999999887
11
168.6999999999999886
21
-111.2849999999999966
0
LINE
8
BLACK
6
CONTINUOUS
10
168.6999999999999886
20
-111.2849999999999966
11
168.6999999999999886
21
-111.5849999999999937
0
LINE
8
BLACK
6
CONTINUOUS
10
168.6999999999999886
20
-111.5849999999999937
11
168.6885819999999967
21
-111.6424030000000016
0
LINE
8
BLACK
6
CONTINUOUS
10
168.6885819999999967
20
-111.6424030000000016
11
168.6560659999999814
21
-111.6910659999999922
0
LINE
8
BLACK
6
CONTINUOUS
10
168.6560659999999814
20
-111.6910659999999922
11
168.607403000000005
21
-111.7235819999999933
0
LINE
8
BLACK
6
CONTINUOUS
10
168.607403000000005
20
-111.7235819999999933
11
168.5499999999999829
21
-111.7349999999999994
0
LINE
8
BLACK
6
CONTINUOUS
10
168.5499999999999829
20
-111.7349999999999994
11
167.0999999999999943
21
-111.7349999999999994
0
LINE
8
BLACK
6
CONTINUOUS
10
167.0999999999999943
20
-111.7349999999999994
11
167.0425970000000007
21
-111.7235819999999933
0
LINE
8
BLACK
6
CONTINUOUS
10
167.0425970000000007
20
-111.7235819999999933
11
166.9939339999999959
21
-111.6910659999999922
0
LINE
8
BLACK
6
CONTINUOUS
10
166.9939339999999959
20
-111.6910659999999922
11
166.9614179999999806
21
-111.6424030000000016
0
LINE
8
BLACK
6
CONTINUOUS
10
166.9614179999999806
20
-111.6424030000000016
11
166.9499999999999886
21
-111.5849999999999937
0
LINE
8
BLACK
6
CONTINUOUS
10
166.9499999999999886
20
-111.5849999999999937
11
166.9499999999999886
21
-111.2849999999999966
0
LINE
8
BLACK
6
CONTINUOUS
10
166.9499999999999886
20
-111.2849999999999966
11
166.9614179999999806
21
-111.2275969999999887
0
LINE
8
BLACK
6
CONTINUOUS
10
166.9614179999999806
20
-111.2275969999999887
11
166.9939339999999959
21
-111.1789339999999982
0
LINE
8
BLACK
6
CONTINUOUS
10
166.9939339999999959
20
-111.1789339999999982
11
167.0425970000000007
21
-111.1464179999999971
0
LINE
8
BLACK
6
CONTINUOUS
10
167.0425970000000007
20
-111.1464179999999971
11
167.0999999999999943
21
-111.1349999999999909
0
LINE
8
BLACK
6
CONTINUOUS
10
167.0999999999999943
20
-111.1349999999999909
11
168.5499999999999829
21
-111.1349999999999909
0
LINE
8
BLACK
6
CONTINUOUS
10
168.5499999999999829
20
-111.1349999999999909
11
168.607403000000005
21
-111.1464179999999971
0
LINE
8
BLACK
6
CONTINUOUS
10
173.7574029999999823
20
-111.1464179999999971
11
173.8060659999999871
21
-111.1789339999999982
0
LINE
8
BLACK
6
CONTINUOUS
10
173.8060659999999871
20
-111.1789339999999982
11
173.8385820000000024
21
-111.2275969999999887
0
LINE
8
BLACK
6
CONTINUOUS
10
173.8385820000000024
20
-111.2275969999999887
11
173.8499999999999943
21
-111.2849999999999966
0
LINE
8
BLACK
6
CONTINUOUS
10
173.8499999999999943
20
-111.2849999999999966
11
173.8499999999999943
21
-111.5849999999999937
0
LINE
8
BLACK
6
CONTINUOUS
10
173.8499999999999943
20
-111.5849999999999937
11
173.8385820000000024
21
-111.6424030000000016
0
LINE
8
BLACK
6
CONTINUOUS
10
173.8385820000000024
20
-111.6424030000000016
11
173.8060659999999871
21
-111.6910659999999922
0
LINE
8
BLACK
6
CONTINUOUS
10
173.8060659999999871
20
-111.6910659999999922
11
173.7574029999999823
21
-111.7235819999999933
0
LINE
8
BLACK
6
CONTINUOUS
10
173.7574029999999823
20
-111.7235819999999933
11
173.6999999999999886
21
-111.7349999999999994
0
LINE
8
BLACK
6
CONTINUOUS
10
173.6999999999999886
20
-111.7349999999999994
11
172.25
21
-111.7349999999999994
0
LINE
8
BLACK
6
CONTINUOUS
10
172.25
20
-111.7349999999999994
11
172.1925970000000063
21
-111.7235819999999933
0
LINE
8
BLACK
6
CONTINUOUS
10
172.1925970000000063
20
-111.7235819999999933
11
172.1439340000000016
21
-111.6910659999999922
0
LINE
8
BLACK
6
CONTINUOUS
10
172.1439340000000016
20
-111.6910659999999922
11
172.1114179999999863
21
-111.6424030000000016
0
LINE
8
BLACK
6
CONTINUOUS
10
172.1114179999999863
20
-111.6424030000000016
11
172.0999999999999943
21
-111.5849999999999937
0
LINE
8
BLACK
6
CONTINUOUS
10
172.0999999999999943
20
-111.5849999999999937
11
172.0999999999999943
21
-111.2849999999999966
0
LINE
8
BLACK
6
CONTINUOUS
10
172.0999999999999943
20
-111.2849999999999966
11
172.1114179999999863
21
-111.2275969999999887
0
LINE
8
BLACK
6
CONTINUOUS
10
172.1114179999999863
20
-111.2275969999999887
11
172.1439340000000016
21
-111.1789339999999982
0
LINE
8
BLACK
6
CONTINUOUS
10
172.1439340000000016
20
-111.1789339999999982
11
172.1925970000000063
21
-111.1464179999999971
0
LINE
8
BLACK
6
CONTINUOUS
10
172.1925970000000063
20
-111.1464179999999971
11
172.25
21
-111.1349999999999909
0
LINE
8
BLACK
6
CONTINUOUS
10
172.25
20
-111.1349999999999909
11
173.6999999999999886
21
-111.1349999999999909
0
LINE
8
BLACK
6
CONTINUOUS
10
173.6999999999999886
20
-111.1349999999999909
11
173.7574029999999823
21
-111.1464179999999971
0
LINE
8
BLACK
6
CONTINUOUS
10
176.3706709999999873
20
-109.4690299999999894
11
176.4517769999999928
21
-109.5232230000000015
0
LINE
8
BLACK
6
CONTINUOUS
10
176.4517769999999928
20
-109.5232230000000015
11
176.5059699999999907
21
-109.6043289999999928
0
LINE
8
BLACK
6
CONTINUOUS
10
176.5059699999999907
20
-109.6043289999999928
11
176.5250000000000057
21
-109.6999999999999886
0
LINE
8
BLACK
6
CONTINUOUS
10
176.5250000000000057
20
-109.6999999999999886
11
176.5250000000000057
21
-110.375
0
LINE
8
BLACK
6
CONTINUOUS
10
176.5250000000000057
20
-110.375
11
176.5059699999999907
21
-110.4706709999999958
0
LINE
8
BLACK
6
CONTINUOUS
10
176.5059699999999907
20
-110.4706709999999958
11
176.4517769999999928
21
-110.5517770000000013
0
LINE
8
BLACK
6
CONTINUOUS
10
176.4517769999999928
20
-110.5517770000000013
11
176.3706709999999873
21
-110.6059699999999992
0
LINE
8
BLACK
6
CONTINUOUS
10
176.3706709999999873
20
-110.6059699999999992
11
176.2750000000000057
21
-110.625
0
LINE
8
BLACK
6
CONTINUOUS
10
176.2750000000000057
20
-110.625
11
175.3249999999999886
21
-110.625
0
LINE
8
BLACK
6
CONTINUOUS
10
175.3249999999999886
20
-110.625
11
175.2293289999999786
21
-110.6059699999999992
0
LINE
8
BLACK
6
CONTINUOUS
10
175.2293289999999786
20
-110.6059699999999992
11
175.1482230000000015
21
-110.5517770000000013
0
LINE
8
BLACK
6
CONTINUOUS
10
175.1482230000000015
20
-110.5517770000000013
11
175.0940300000000036
21
-110.4706709999999958
0
LINE
8
BLACK
6
CONTINUOUS
10
175.0940300000000036
20
-110.4706709999999958
11
175.0749999999999886
21
-110.375
0
LINE
8
BLACK
6
CONTINUOUS
10
175.0749999999999886
20
-110.375
11
175.0749999999999886
21
-109.6999999999999886
0
LINE
8
BLACK
6
CONTINUOUS
10
175.0749999999999886
20
-109.6999999999999886
11
175.0940300000000036
21
-109.6043289999999928
0
LINE
8
BLACK
6
CONTINUOUS
10
175.0940300000000036
20
-109.6043289999999928
11
175.1482230000000015
21
-109.5232230000000015
0
LINE
8
BLACK
6
CONTINUOUS
10
175.1482230000000015
20
-109.5232230000000015
11
175.2293289999999786
21
-109.4690299999999894
0
LINE
8
BLACK
6
CONTINUOUS
10
175.2293289999999786
20
-109.4690299999999894
11
175.3249999999999886
21
-109.4499999999999886
0
LINE
8
BLACK
6
CONTINUOUS
10
175.3249999999999886
20
-109.4499999999999886
11
176.2750000000000057
21
-109.4499999999999886
0
LINE
8
BLACK
6
CONTINUOUS
10
176.2750000000000057
20
-109.4499999999999886
11
176.3706709999999873
21
-109.4690299999999894
0
LINE
8
BLACK
6
CONTINUOUS
10
168.607403000000005
20
-109.876418000000001
11
168.6560659999999814
21
-109.9089340000000021
0
LINE
8
BLACK
6
CONTINUOUS
10
168.6560659999999814
20
-109.9089340000000021
11
168.6885819999999967
21
-109.9575969999999927
0
LINE
8
BLACK
6
CONTINUOUS
10
168.6885819999999967
20
-109.9575969999999927
11
168.6999999999999886
21
-110.0150000000000006
0
LINE
8
BLACK
6
CONTINUOUS
10
168.6999999999999886
20
-110.0150000000000006
11
168.6999999999999886
21
-110.3149999999999977
0
LINE
8
BLACK
6
CONTINUOUS
10
168.6999999999999886
20
-110.3149999999999977
11
168.6885819999999967
21
-110.3724029999999914
0
LINE
8
BLACK
6
CONTINUOUS
10
168.6885819999999967
20
-110.3724029999999914
11
168.6560659999999814
21
-110.4210659999999962
0
LINE
8
BLACK
6
CONTINUOUS
10
168.6560659999999814
20
-110.4210659999999962
11
168.607403000000005
21
-110.4535819999999973
0
LINE
8
BLACK
6
CONTINUOUS
10
168.607403000000005
20
-110.4535819999999973
11
168.5499999999999829
21
-110.4649999999999892
0
LINE
8
BLACK
6
CONTINUOUS
10
168.5499999999999829
20
-110.4649999999999892
11
167.0999999999999943
21
-110.4649999999999892
0
LINE
8
BLACK
6
CONTINUOUS
10
167.0999999999999943
20
-110.4649999999999892
11
167.0425970000000007
21
-110.4535819999999973
0
LINE
8
BLACK
6
CONTINUOUS
10
167.0425970000000007
20
-110.4535819999999973
11
166.9939339999999959
21
-110.4210659999999962
0
LINE
8
BLACK
6
CONTINUOUS
10
166.9939339999999959
20
-110.4210659999999962
11
166.9614179999999806
21
-110.3724029999999914
0
LINE
8
BLACK
6
CONTINUOUS
10
166.9614179999999806
20
-110.3724029999999914
11
166.9499999999999886
21
-110.3149999999999977
0
LINE
8
BLACK
6
CONTINUOUS
10
166.9499999999999886
20
-110.3149999999999977
11
166.9499999999999886
21
-110.0150000000000006
0
LINE
8
BLACK
6
CONTINUOUS
10
166.9499999999999886
20
-110.0150000000000006
11
166.9614179999999806
21
-109.9575969999999927
0
LINE
8
BLACK
6
CONTINUOUS
10
166.9614179999999806
20
-109.9575969999999927
11
166.9939339999999959
21
-109.9089340000000021
0
LINE
8
BLACK
6
CONTINUOUS
10
166.9939339999999959
20
-109.9089340000000021
11
167.0425970000000007
21
-109.876418000000001
0
LINE
8
BLACK
6
CONTINUOUS
10
167.0425970000000007
20
-109.876418000000001
11
167.0999999999999943
21
-109.8649999999999949
0
LINE
8
BLACK
6
CONTINUOUS
10
167.0999999999999943
20
-109.8649999999999949
11
168.5499999999999829
21
-109.8649999999999949
0
LINE
8
BLACK
6
CONTINUOUS
10
168.5499999999999829
20
-109.8649999999999949
11
168.607403000000005
21
-109.876418000000001
0
LINE
8
BLACK
6
CONTINUOUS
10
173.7574029999999823
20
-109.876418000000001
11
173.8060659999999871
21
-109.9089340000000021
0
LINE
8
BLACK
6
CONTINUOUS
10
173.8060659999999871
20
-109.9089340000000021
11
173.8385820000000024
21
-109.9575969999999927
0
LINE
8
BLACK
6
CONTINUOUS
10
173.8385820000000024
20
-109.9575969999999927
11
173.8499999999999943
21
-110.0150000000000006
0
LINE
8
BLACK
6
CONTINUOUS
10
173.8499999999999943
20
-110.0150000000000006
11
173.8499999999999943
21
-110.3149999999999977
0
LINE
8
BLACK
6
CONTINUOUS
10
173.8499999999999943
20
-110.3149999999999977
11
173.8385820000000024
21
-110.3724029999999914
0
LINE
8
BLACK
6
CONTINUOUS
10
173.8385820000000024
20
-110.3724029999999914
11
173.8060659999999871
21
-110.4210659999999962
0
LINE
8
BLACK
6
CONTINUOUS
10
173.8060659999999871
20
-110.4210659999999962
11
173.7574029999999823
21
-110.4535819999999973
0
LINE
8
BLACK
6
CONTINUOUS
10
173.7574029999999823
20
-110.4535819999999973
11
173.6999999999999886
21
-110.4649999999999892
0
LINE
8
BLACK
6
CONTINUOUS
10
173.6999999999999886
20
-110.4649999999999892
11
172.25
21
-110.4649999999999892
0
LINE
8
BLACK
6
CONTINUOUS
10
172.25
20
-110.4649999999999892
11
172.1925970000000063
21
-110.4535819999999973
0
LINE
8
BLACK
6
CONTINUOUS
10
172.1925970000000063
20
-110.4535819999999973
11
172.1439340000000016
21
-110.4210659999999962
0
LINE
8
BLACK
6
CONTINUOUS
10
172.1439340000000016
20
-110.4210659999999962
11
172.1114179999999863
21
-110.3724029999999914
0
LINE
8
BLACK
6
CONTINUOUS
10
172.1114179999999863
20
-110.3724029999999914
11
172.0999999999999943
21
-110.3149999999999977
0
LINE
8
BLACK
6
CONTINUOUS
10
172.0999999999999943
20
-110.3149999999999977
11
172.0999999999999943
21
-110.0150000000000006
0
LINE
8
BLACK
6
CONTINUOUS
10
172.0999999999999943
20
-110.0150000000000006
11
172.1114179999999863
21
-109.9575969999999927
0
LINE
8
BLACK
6
CONTINUOUS
10
172.1114179999999863
20
-109.9575969999999927
11
172.1439340000000016
21
-109.9089340000000021
0
LINE
8
BLACK
6
CONTINUOUS
10
172.1439340000000016
20
-109.9089340000000021
11
172.1925970000000063
21
-109.876418000000001
0
LINE
8
BLACK
6
CONTINUOUS
10
172.1925970000000063
20
-109.876418000000001
11
172.25
21
-109.8649999999999949
0
LINE
8
BLACK
6
CONTINUOUS
10
172.25
20
-109.8649999999999949
11
173.6999999999999886
21
-109.8649999999999949
0
LINE
8
BLACK
6
CONTINUOUS
10
173.6999999999999886
20
-109.8649999999999949
11
173.7574029999999823
21
-109.876418000000001
0
LINE
8
BLACK
6
CONTINUOUS
10
165.5706710000000044
20
-108.5940299999999894
11
165.6517769999999814
21
-108.6482230000000015
0
LINE
8
BLACK
6
CONTINUOUS
10
165.6517769999999814
20
-108.6482230000000015
11
165.7059699999999793
21
-108.7293289999999928
0
LINE
8
BLACK
6
CONTINUOUS
10
165.7059699999999793
20
-108.7293289999999928
11
165.7249999999999943
21
-108.8249999999999886
0
LINE
8
BLACK
6
CONTINUOUS
10
165.7249999999999943
20
-108.8249999999999886
11
165.7249999999999943
21
-109.5
0
LINE
8
BLACK
6
CONTINUOUS
10
165.7249999999999943
20
-109.5
11
165.7059699999999793
21
-109.5956709999999958
0
LINE
8
BLACK
6
CONTINUOUS
10
165.7059699999999793
20
-109.5956709999999958
11
165.6517769999999814
21
-109.6767770000000013
0
LINE
8
BLACK
6
CONTINUOUS
10
165.6517769999999814
20
-109.6767770000000013
11
165.5706710000000044
21
-109.7309699999999992
0
LINE
8
BLACK
6
CONTINUOUS
10
165.5706710000000044
20
-109.7309699999999992
11
165.4749999999999943
21
-109.75
0
LINE
8
BLACK
6
CONTINUOUS
10
165.4749999999999943
20
-109.75
11
164.5250000000000057
21
-109.75
0
LINE
8
BLACK
6
CONTINUOUS
10
164.5250000000000057
20
-109.75
11
164.4293289999999956
21
-109.7309699999999992
0
LINE
8
BLACK
6
CONTINUOUS
10
164.4293289999999956
20
-109.7309699999999992
11
164.3482229999999902
21
-109.6767770000000013
0
LINE
8
BLACK
6
CONTINUOUS
10
164.3482229999999902
20
-109.6767770000000013
11
164.2940299999999922
21
-109.5956709999999958
0
LINE
8
BLACK
6
CONTINUOUS
10
164.2940299999999922
20
-109.5956709999999958
11
164.2750000000000057
21
-109.5
0
LINE
8
BLACK
6
CONTINUOUS
10
164.2750000000000057
20
-109.5
11
164.2750000000000057
21
-108.8249999999999886
0
LINE
8
BLACK
6
CONTINUOUS
10
164.2750000000000057
20
-108.8249999999999886
11
164.2940299999999922
21
-108.7293289999999928
0
LINE
8
BLACK
6
CONTINUOUS
10
164.2940299999999922
20
-108.7293289999999928
11
164.3482229999999902
21
-108.6482230000000015
0
LINE
8
BLACK
6
CONTINUOUS
10
164.3482229999999902
20
-108.6482230000000015
11
164.4293289999999956
21
-108.5940299999999894
0
LINE
8
BLACK
6
CONTINUOUS
10
164.4293289999999956
20
-108.5940299999999894
11
164.5250000000000057
21
-108.5749999999999886
0
LINE
8
BLACK
6
CONTINUOUS
10
164.5250000000000057
20
-108.5749999999999886
11
165.4749999999999943
21
-108.5749999999999886
0
LINE
8
BLACK
6
CONTINUOUS
10
165.4749999999999943
20
-108.5749999999999886
11
165.5706710000000044
21
-108.5940299999999894
0
LINE
8
BLACK
6
CONTINUOUS
10
168.607403000000005
20
-108.6064179999999908
11
168.6560659999999814
21
-108.6389339999999919
0
LINE
8
BLACK
6
CONTINUOUS
10
168.6560659999999814
20
-108.6389339999999919
11
168.6885819999999967
21
-108.6875969999999967
0
LINE
8
BLACK
6
CONTINUOUS
10
168.6885819999999967
20
-108.6875969999999967
11
168.6999999999999886
21
-108.7449999999999903
0
LINE
8
BLACK
6
CONTINUOUS
10
168.6999999999999886
20
-108.7449999999999903
11
168.6999999999999886
21
-109.0450000000000017
0
LINE
8
BLACK
6
CONTINUOUS
10
168.6999999999999886
20
-109.0450000000000017
11
168.6885819999999967
21
-109.1024029999999954
0
LINE
8
BLACK
6
CONTINUOUS
10
168.6885819999999967
20
-109.1024029999999954
11
168.6560659999999814
21
-109.1510660000000001
0
LINE
8
BLACK
6
CONTINUOUS
10
168.6560659999999814
20
-109.1510660000000001
11
168.607403000000005
21
-109.1835820000000012
0
LINE
8
BLACK
6
CONTINUOUS
10
168.607403000000005
20
-109.1835820000000012
11
168.5499999999999829
21
-109.1949999999999932
0
LINE
8
BLACK
6
CONTINUOUS
10
168.5499999999999829
20
-109.1949999999999932
11
167.0999999999999943
21
-109.1949999999999932
0
LINE
8
BLACK
6
CONTINUOUS
10
167.0999999999999943
20
-109.1949999999999932
11
167.0425970000000007
21
-109.1835820000000012
0
LINE
8
BLACK
6
CONTINUOUS
10
167.0425970000000007
20
-109.1835820000000012
11
166.9939339999999959
21
-109.1510660000000001
0
LINE
8
BLACK
6
CONTINUOUS
10
166.9939339999999959
20
-109.1510660000000001
11
166.9614179999999806
21
-109.1024029999999954
0
LINE
8
BLACK
6
CONTINUOUS
10
166.9614179999999806
20
-109.1024029999999954
11
166.9499999999999886
21
-109.0450000000000017
0
LINE
8
BLACK
6
CONTINUOUS
10
166.9499999999999886
20
-109.0450000000000017
11
166.9499999999999886
21
-108.7449999999999903
0
LINE
8
BLACK
6
CONTINUOUS
10
166.9499999999999886
20
-108.7449999999999903
11
166.9614179999999806
21
-108.6875969999999967
0
LINE
8
BLACK
6
CONTINUOUS
10
166.9614179999999806
20
-108.6875969999999967
11
166.9939339999999959
21
-108.6389339999999919
0
LINE
8
BLACK
6
CONTINUOUS
10
166.9939339999999959
20
-108.6389339999999919
11
167.0425970000000007
21
-108.6064179999999908
0
LINE
8
BLACK
6
CONTINUOUS
10
167.0425970000000007
20
-108.6064179999999908
11
167.0999999999999943
21
-108.5949999999999989
0
LINE
8
BLACK
6
CONTINUOUS
10
167.0999999999999943
20
-108.5949999999999989
11
168.5499999999999829
21
-108.5949999999999989
0
LINE
8
BLACK
6
CONTINUOUS
10
168.5499999999999829
20
-108.5949999999999989
11
168.607403000000005
21
-108.6064179999999908
0
LINE
8
BLACK
6
CONTINUOUS
10
173.7574029999999823
20
-108.6064179999999908
11
173.8060659999999871
21
-108.6389339999999919
0
LINE
8
BLACK
6
CONTINUOUS
10
173.8060659999999871
20
-108.6389339999999919
11
173.8385820000000024
21
-108.6875969999999967
0
LINE
8
BLACK
6
CONTINUOUS
10
173.8385820000000024
20
-108.6875969999999967
11
173.8499999999999943
21
-108.7449999999999903
0
LINE
8
BLACK
6
CONTINUOUS
10
173.8499999999999943
20
-108.7449999999999903
11
173.8499999999999943
21
-109.0450000000000017
0
LINE
8
BLACK
6
CONTINUOUS
10
173.8499999999999943
20
-109.0450000000000017
11
173.8385820000000024
21
-109.1024029999999954
0
LINE
8
BLACK
6
CONTINUOUS
10
173.8385820000000024
20
-109.1024029999999954
11
173.8060659999999871
21
-109.1510660000000001
0
LINE
8
BLACK
6
CONTINUOUS
10
173.8060659999999871
20
-109.1510660000000001
11
173.7574029999999823
21
-109.1835820000000012
0
LINE
8
BLACK
6
CONTINUOUS
10
173.7574029999999823
20
-109.1835820000000012
11
173.6999999999999886
21
-109.1949999999999932
0
LINE
8
BLACK
6
CONTINUOUS
10
173.6999999999999886
20
-109.1949999999999932
11
172.25
21
-109.1949999999999932
0
LINE
8
BLACK
6
CONTINUOUS
10
172.25
20
-109.1949999999999932
11
172.1925970000000063
21
-109.1835820000000012
0
LINE
8
BLACK
6
CONTINUOUS
10
172.1925970000000063
20
-109.1835820000000012
11
172.1439340000000016
21
-109.1510660000000001
0
LINE
8
BLACK
6
CONTINUOUS
10
172.1439340000000016
20
-109.1510660000000001
11
172.1114179999999863
21
-109.1024029999999954
0
LINE
8
BLACK
6
CONTINUOUS
10
172.1114179999999863
20
-109.1024029999999954
11
172.0999999999999943
21
-109.0450000000000017
0
LINE
8
BLACK
6
CONTINUOUS
10
172.0999999999999943
20
-109.0450000000000017
11
172.0999999999999943
21
-108.7449999999999903
0
LINE
8
BLACK
6
CONTINUOUS
10
172.0999999999999943
20
-108.7449999999999903
11
172.1114179999999863
21
-108.6875969999999967
0
LINE
8
BLACK
6
CONTINUOUS
10
172.1114179999999863
20
-108.6875969999999967
11
172.1439340000000016
21
-108.6389339999999919
0
LINE
8
BLACK
6
CONTINUOUS
10
172.1439340000000016
20
-108.6389339999999919
11
172.1925970000000063
21
-108.6064179999999908
0
LINE
8
BLACK
6
CONTINUOUS
10
172.1925970000000063
20
-108.6064179999999908
11
172.25
21
-108.5949999999999989
0
LINE
8
BLACK
6
CONTINUOUS
10
172.25
20
-108.5949999999999989
11
173.6999999999999886
21
-108.5949999999999989
0
LINE
8
BLACK
6
CONTINUOUS
10
173.6999999999999886
20
-108.5949999999999989
11
173.7574029999999823
21
-108.6064179999999908
0
LINE
8
BLACK
6
CONTINUOUS
10
176.3706709999999873
20
-107.3940300000000008
11
176.4517769999999928
21
-107.4482229999999987
0
LINE
8
BLACK
6
CONTINUOUS
10
176.4517769999999928
20
-107.4482229999999987
11
176.5059699999999907
21
-107.5293289999999899
0
LINE
8
BLACK
6
CONTINUOUS
10
176.5059699999999907
20
-107.5293289999999899
11
176.5250000000000057
21
-107.625
0
LINE
8
BLACK
6
CONTINUOUS
10
176.5250000000000057
20
-107.625
11
176.5250000000000057
21
-108.2999999999999972
0
LINE
8
BLACK
6
CONTINUOUS
10
176.5250000000000057
20
-108.2999999999999972
11
176.5059699999999907
21
-108.395670999999993
0
LINE
8
BLACK
6
CONTINUOUS
10
176.5059699999999907
20
-108.395670999999993
11
176.4517769999999928
21
-108.4767769999999985
0
LINE
8
BLACK
6
CONTINUOUS
10
176.4517769999999928
20
-108.4767769999999985
11
176.3706709999999873
21
-108.5309699999999964
0
LINE
8
BLACK
6
CONTINUOUS
10
176.3706709999999873
20
-108.5309699999999964
11
176.2750000000000057
21
-108.5499999999999972
0
LINE
8
BLACK
6
CONTINUOUS
10
176.2750000000000057
20
-108.5499999999999972
11
175.3249999999999886
21
-108.5499999999999972
0
LINE
8
BLACK
6
CONTINUOUS
10
175.3249999999999886
20
-108.5499999999999972
11
175.2293289999999786
21
-108.5309699999999964
0
LINE
8
BLACK
6
CONTINUOUS
10
175.2293289999999786
20
-108.5309699999999964
11
175.1482230000000015
21
-108.4767769999999985
0
LINE
8
BLACK
6
CONTINUOUS
10
175.1482230000000015
20
-108.4767769999999985
11
175.0940300000000036
21
-108.395670999999993
0
LINE
8
BLACK
6
CONTINUOUS
10
175.0940300000000036
20
-108.395670999999993
11
175.0749999999999886
21
-108.2999999999999972
0
LINE
8
BLACK
6
CONTINUOUS
10
175.0749999999999886
20
-108.2999999999999972
11
175.0749999999999886
21
-107.625
0
LINE
8
BLACK
6
CONTINUOUS
10
175.0749999999999886
20
-107.625
11
175.0940300000000036
21
-107.5293289999999899
0
LINE
8
BLACK
6
CONTINUOUS
10
175.0940300000000036
20
-107.5293289999999899
11
175.1482230000000015
21
-107.4482229999999987
0
LINE
8
BLACK
6
CONTINUOUS
10
175.1482230000000015
20
-107.4482229999999987
11
175.2293289999999786
21
-107.3940300000000008
0
LINE
8
BLACK
6
CONTINUOUS
10
175.2293289999999786
20
-107.3940300000000008
11
175.3249999999999886
21
-107.375
0
LINE
8
BLACK
6
CONTINUOUS
10
175.3249999999999886
20
-107.375
11
176.2750000000000057
21
-107.375
0
LINE
8
BLACK
6
CONTINUOUS
10
176.2750000000000057
20
-107.375
11
176.3706709999999873
21
-107.3940300000000008
0
LINE
8
BLACK
6
CONTINUOUS
10
167.9956709999999873
20
-106.2940299999999922
11
168.0767769999999928
21
-106.3482229999999902
0
LINE
8
BLACK
6
CONTINUOUS
10
168.0767769999999928
20
-106.3482229999999902
11
168.1309699999999907
21
-106.4293289999999956
0
LINE
8
BLACK
6
CONTINUOUS
10
168.1309699999999907
20
-106.4293289999999956
11
168.1500000000000057
21
-106.5249999999999915
0
LINE
8
BLACK
6
CONTINUOUS
10
168.1500000000000057
20
-106.5249999999999915
11
168.1500000000000057
21
-107.4749999999999943
0
LINE
8
BLACK
6
CONTINUOUS
10
168.1500000000000057
20
-107.4749999999999943
11
168.1309699999999907
21
-107.5706709999999902
0
LINE
8
BLACK
6
CONTINUOUS
10
168.1309699999999907
20
-107.5706709999999902
11
168.0767769999999928
21
-107.6517769999999956
0
LINE
8
BLACK
6
CONTINUOUS
10
168.0767769999999928
20
-107.6517769999999956
11
167.9956709999999873
21
-107.7059699999999935
0
LINE
8
BLACK
6
CONTINUOUS
10
167.9956709999999873
20
-107.7059699999999935
11
167.9000000000000057
21
-107.7249999999999943
0
LINE
8
BLACK
6
CONTINUOUS
10
167.9000000000000057
20
-107.7249999999999943
11
167.2249999999999943
21
-107.7249999999999943
0
LINE
8
BLACK
6
CONTINUOUS
10
167.2249999999999943
20
-107.7249999999999943
11
167.1293289999999843
21
-107.7059699999999935
0
LINE
8
BLACK
6
CONTINUOUS
10
167.1293289999999843
20
-107.7059699999999935
11
167.0482229999999788
21
-107.6517769999999956
0
LINE
8
BLACK
6
CONTINUOUS
10
167.0482229999999788
20
-107.6517769999999956
11
166.9940299999999809
21
-107.5706709999999902
0
LINE
8
BLACK
6
CONTINUOUS
10
166.9940299999999809
20
-107.5706709999999902
11
166.9749999999999943
21
-107.4749999999999943
0
LINE
8
BLACK
6
CONTINUOUS
10
166.9749999999999943
20
-107.4749999999999943
11
166.9749999999999943
21
-106.5249999999999915
0
LINE
8
BLACK
6
CONTINUOUS
10
166.9749999999999943
20
-106.5249999999999915
11
166.9940299999999809
21
-106.4293289999999956
0
LINE
8
BLACK
6
CONTINUOUS
10
166.9940299999999809
20
-106.4293289999999956
11
167.0482229999999788
21
-106.3482229999999902
0
LINE
8
BLACK
6
CONTINUOUS
10
167.0482229999999788
20
-106.3482229999999902
11
167.1293289999999843
21
-106.2940299999999922
0
LINE
8
BLACK
6
CONTINUOUS
10
167.1293289999999843
20
-106.2940299999999922
11
167.2249999999999943
21
-106.2749999999999915
0
LINE
8
BLACK
6
CONTINUOUS
10
167.2249999999999943
20
-106.2749999999999915
11
167.9000000000000057
21
-106.2749999999999915
0
LINE
8
BLACK
6
CONTINUOUS
10
167.9000000000000057
20
-106.2749999999999915
11
167.9956709999999873
21
-106.2940299999999922
0
LINE
8
BLACK
6
CONTINUOUS
10
170.0706710000000044
20
-106.2940299999999922
11
170.1517769999999814
21
-106.3482229999999902
0
LINE
8
BLACK
6
CONTINUOUS
10
170.1517769999999814
20
-106.3482229999999902
11
170.2059699999999793
21
-106.4293289999999956
0
LINE
8
BLACK
6
CONTINUOUS
10
170.2059699999999793
20
-106.4293289999999956
11
170.2249999999999943
21
-106.5249999999999915
0
LINE
8
BLACK
6
CONTINUOUS
10
170.2249999999999943
20
-106.5249999999999915
11
170.2249999999999943
21
-107.4749999999999943
0
LINE
8
BLACK
6
CONTINUOUS
10
170.2249999999999943
20
-107.4749999999999943
11
170.2059699999999793
21
-107.5706709999999902
0
LINE
8
BLACK
6
CONTINUOUS
10
170.2059699999999793
20
-107.5706709999999902
11
170.1517769999999814
21
-107.6517769999999956
0
LINE
8
BLACK
6
CONTINUOUS
10
170.1517769999999814
20
-107.6517769999999956
11
170.0706710000000044
21
-107.7059699999999935
0
LINE
8
BLACK
6
CONTINUOUS
10
170.0706710000000044
20
-107.7059699999999935
11
169.9749999999999943
21
-107.7249999999999943
0
LINE
8
BLACK
6
CONTINUOUS
10
169.9749999999999943
20
-107.7249999999999943
11
169.2999999999999829
21
-107.7249999999999943
0
LINE
8
BLACK
6
CONTINUOUS
10
169.2999999999999829
20
-107.7249999999999943
11
169.2043290000000013
21
-107.7059699999999935
0
LINE
8
BLACK
6
CONTINUOUS
10
169.2043290000000013
20
-107.7059699999999935
11
169.1232229999999959
21
-107.6517769999999956
0
LINE
8
BLACK
6
CONTINUOUS
10
169.1232229999999959
20
-107.6517769999999956
11
169.0690299999999979
21
-107.5706709999999902
0
LINE
8
BLACK
6
CONTINUOUS
10
169.0690299999999979
20
-107.5706709999999902
11
169.0499999999999829
21
-107.4749999999999943
0
LINE
8
BLACK
6
CONTINUOUS
10
169.0499999999999829
20
-107.4749999999999943
11
169.0499999999999829
21
-106.5249999999999915
0
LINE
8
BLACK
6
CONTINUOUS
10
169.0499999999999829
20
-106.5249999999999915
11
169.0690299999999979
21
-106.4293289999999956
0
LINE
8
BLACK
6
CONTINUOUS
10
169.0690299999999979
20
-106.4293289999999956
11
169.1232229999999959
21
-106.3482229999999902
0
LINE
8
BLACK
6
CONTINUOUS
10
169.1232229999999959
20
-106.3482229999999902
11
169.2043290000000013
21
-106.2940299999999922
0
LINE
8
BLACK
6
CONTINUOUS
10
169.2043290000000013
20
-106.2940299999999922
11
169.2999999999999829
21
-106.2749999999999915
0
LINE
8
BLACK
6
CONTINUOUS
10
169.2999999999999829
20
-106.2749999999999915
11
169.9749999999999943
21
-106.2749999999999915
0
LINE
8
BLACK
6
CONTINUOUS
10
169.9749999999999943
20
-106.2749999999999915
11
170.0706710000000044
21
-106.2940299999999922
0
LINE
8
BLACK
6
CONTINUOUS
10
167.9956709999999873
20
-104.2940299999999922
11
168.0767769999999928
21
-104.3482229999999902
0
LINE
8
BLACK
6
CONTINUOUS
10
168.0767769999999928
20
-104.3482229999999902
11
168.1309699999999907
21
-104.4293289999999956
0
LINE
8
BLACK
6
CONTINUOUS
10
168.1309699999999907
20
-104.4293289999999956
11
168.1500000000000057
21
-104.5249999999999915
0
LINE
8
BLACK
6
CONTINUOUS
10
168.1500000000000057
20
-104.5249999999999915
11
168.1500000000000057
21
-105.4749999999999943
0
LINE
8
BLACK
6
CONTINUOUS
10
168.1500000000000057
20
-105.4749999999999943
11
168.1309699999999907
21
-105.5706709999999902
0
LINE
8
BLACK
6
CONTINUOUS
10
168.1309699999999907
20
-105.5706709999999902
11
168.0767769999999928
21
-105.6517769999999956
0
LINE
8
BLACK
6
CONTINUOUS
10
168.0767769999999928
20
-105.6517769999999956
11
167.9956709999999873
21
-105.7059699999999935
0
LINE
8
BLACK
6
CONTINUOUS
10
167.9956709999999873
20
-105.7059699999999935
11
167.9000000000000057
21
-105.7249999999999943
0
LINE
8
BLACK
6
CONTINUOUS
10
167.9000000000000057
20
-105.7249999999999943
11
167.2249999999999943
21
-105.7249999999999943
0
LINE
8
BLACK
6
CONTINUOUS
10
167.2249999999999943
20
-105.7249999999999943
11
167.1293289999999843
21
-105.7059699999999935
0
LINE
8
BLACK
6
CONTINUOUS
10
167.1293289999999843
20
-105.7059699999999935
11
167.0482229999999788
21
-105.6517769999999956
0
LINE
8
BLACK
6
CONTINUOUS
10
167.0482229999999788
20
-105.6517769999999956
11
166.9940299999999809
21
-105.5706709999999902
0
LINE
8
BLACK
6
CONTINUOUS
10
166.9940299999999809
20
-105.5706709999999902
11
166.9749999999999943
21
-105.4749999999999943
0
LINE
8
BLACK
6
CONTINUOUS
10
166.9749999999999943
20
-105.4749999999999943
11
166.9749999999999943
21
-104.5249999999999915
0
LINE
8
BLACK
6
CONTINUOUS
10
166.9749999999999943
20
-104.5249999999999915
11
166.9940299999999809
21
-104.4293289999999956
0
LINE
8
BLACK
6
CONTINUOUS
10
166.9940299999999809
20
-104.4293289999999956
11
167.0482229999999788
21
-104.3482229999999902
0
LINE
8
BLACK
6
CONTINUOUS
10
167.0482229999999788
20
-104.3482229999999902
11
167.1293289999999843
21
-104.2940299999999922
0
LINE
8
BLACK
6
CONTINUOUS
10
167.1293289999999843
20
-104.2940299999999922
11
167.2249999999999943
21
-104.2749999999999915
0
LINE
8
BLACK
6
CONTINUOUS
10
167.2249999999999943
20
-104.2749999999999915
11
167.9000000000000057
21
-104.2749999999999915
0
LINE
8
BLACK
6
CONTINUOUS
10
167.9000000000000057
20
-104.2749999999999915
11
167.9956709999999873
21
-104.2940299999999922
0
LINE
8
BLACK
6
CONTINUOUS
10
170.0706710000000044
20
-104.2940299999999922
11
170.1517769999999814
21
-104.3482229999999902
0
LINE
8
BLACK
6
CONTINUOUS
10
170.1517769999999814
20
-104.3482229999999902
11
170.2059699999999793
21
-104.4293289999999956
0
LINE
8
BLACK
6
CONTINUOUS
10
170.2059699999999793
20
-104.4293289999999956
11
170.2249999999999943
21
-104.5249999999999915
0
LINE
8
BLACK
6
CONTINUOUS
10
170.2249999999999943
20
-104.5249999999999915
11
170.2249999999999943
21
-105.4749999999999943
0
LINE
8
BLACK
6
CONTINUOUS
10
170.2249999999999943
20
-105.4749999999999943
11
170.2059699999999793
21
-105.5706709999999902
0
LINE
8
BLACK
6
CONTINUOUS
10
170.2059699999999793
20
-105.5706709999999902
11
170.1517769999999814
21
-105.6517769999999956
0
LINE
8
BLACK
6
CONTINUOUS
10
170.1517769999999814
20
-105.6517769999999956
11
170.0706710000000044
21
-105.7059699999999935
0
LINE
8
BLACK
6
CONTINUOUS
10
170.0706710000000044
20
-105.7059699999999935
11
169.9749999999999943
21
-105.7249999999999943
0
LINE
8
BLACK
6
CONTINUOUS
10
169.9749999999999943
20
-105.7249999999999943
11
169.2999999999999829
21
-105.7249999999999943
0
LINE
8
BLACK
6
CONTINUOUS
10
169.2999999999999829
20
-105.7249999999999943
11
169.2043290000000013
21
-105.7059699999999935
0
LINE
8
BLACK
6
CONTINUOUS
10
169.2043290000000013
20
-105.7059699999999935
11
169.1232229999999959
21
-105.6517769999999956
0
LINE
8
BLACK
6
CONTINUOUS
10
169.1232229999999959
20
-105.6517769999999956
11
169.0690299999999979
21
-105.5706709999999902
0
LINE
8
BLACK
6
CONTINUOUS
10
169.0690299999999979
20
-105.5706709999999902
11
169.0499999999999829
21
-105.4749999999999943
0
LINE
8
BLACK
6
CONTINUOUS
10
169.0499999999999829
20
-105.4749999999999943
11
169.0499999999999829
21
-104.5249999999999915
0
LINE
8
BLACK
6
CONTINUOUS
10
169.0499999999999829
20
-104.5249999999999915
11
169.0690299999999979
21
-104.4293289999999956
0
LINE
8
BLACK
6
CONTINUOUS
10
169.0690299999999979
20
-104.4293289999999956
11
169.1232229999999959
21
-104.3482229999999902
0
LINE
8
BLACK
6
CONTINUOUS
10
169.1232229999999959
20
-104.3482229999999902
11
169.2043290000000013
21
-104.2940299999999922
0
LINE
8
BLACK
6
CONTINUOUS
10
169.2043290000000013
20
-104.2940299999999922
11
169.2999999999999829
21
-104.2749999999999915
0
LINE
8
BLACK
6
CONTINUOUS
10
169.2999999999999829
20
-104.2749999999999915
11
169.9749999999999943
21
-104.2749999999999915
0
LINE
8
BLACK
6
CONTINUOUS
10
169.9749999999999943
20
-104.2749999999999915
11
170.0706710000000044
21
-104.2940299999999922
0
LINE
8
BLACK
6
CONTINUOUS
10
144.9706709999999816
20
-103.0690299999999979
11
145.0517769999999871
21
-103.1232229999999959
0
LINE
8
BLACK
6
CONTINUOUS
10
145.0517769999999871
20
-103.1232229999999959
11
145.105969999999985
21
-103.2043290000000013
0
LINE
8
BLACK
6
CONTINUOUS
10
145.105969999999985
20
-103.2043290000000013
11
145.125
21
-103.2999999999999972
0
LINE
8
BLACK
6
CONTINUOUS
10
145.125
20
-103.2999999999999972
11
145.125
21
-103.9749999999999943
0
LINE
8
BLACK
6
CONTINUOUS
10
145.125
20
-103.9749999999999943
11
145.105969999999985
21
-104.0706709999999902
0
LINE
8
BLACK
6
CONTINUOUS
10
145.105969999999985
20
-104.0706709999999902
11
145.0517769999999871
21
-104.1517769999999956
0
LINE
8
BLACK
6
CONTINUOUS
10
145.0517769999999871
20
-104.1517769999999956
11
144.9706709999999816
21
-104.2059699999999935
0
LINE
8
BLACK
6
CONTINUOUS
10
144.9706709999999816
20
-104.2059699999999935
11
144.875
21
-104.2249999999999943
0
LINE
8
BLACK
6
CONTINUOUS
10
144.875
20
-104.2249999999999943
11
143.9249999999999829
21
-104.2249999999999943
0
LINE
8
BLACK
6
CONTINUOUS
10
143.9249999999999829
20
-104.2249999999999943
11
143.8293290000000013
21
-104.2059699999999935
0
LINE
8
BLACK
6
CONTINUOUS
10
143.8293290000000013
20
-104.2059699999999935
11
143.7482229999999959
21
-104.1517769999999956
0
LINE
8
BLACK
6
CONTINUOUS
10
143.7482229999999959
20
-104.1517769999999956
11
143.6940299999999979
21
-104.0706709999999902
0
LINE
8
BLACK
6
CONTINUOUS
10
143.6940299999999979
20
-104.0706709999999902
11
143.6749999999999829
21
-103.9749999999999943
0
LINE
8
BLACK
6
CONTINUOUS
10
143.6749999999999829
20
-103.9749999999999943
11
143.6749999999999829
21
-103.2999999999999972
0
LINE
8
BLACK
6
CONTINUOUS
10
143.6749999999999829
20
-103.2999999999999972
11
143.6940299999999979
21
-103.2043290000000013
0
LINE
8
BLACK
6
CONTINUOUS
10
143.6940299999999979
20
-103.2043290000000013
11
143.7482229999999959
21
-103.1232229999999959
0
LINE
8
BLACK
6
CONTINUOUS
10
143.7482229999999959
20
-103.1232229999999959
11
143.8293290000000013
21
-103.0690299999999979
0
LINE
8
BLACK
6
CONTINUOUS
10
143.8293290000000013
20
-103.0690299999999979
11
143.9249999999999829
21
-103.0499999999999972
0
LINE
8
BLACK
6
CONTINUOUS
10
143.9249999999999829
20
-103.0499999999999972
11
144.875
21
-103.0499999999999972
0
LINE
8
BLACK
6
CONTINUOUS
10
144.875
20
-103.0499999999999972
11
144.9706709999999816
21
-103.0690299999999979
0
LINE
8
BLACK
6
CONTINUOUS
10
155.770670999999993
20
-103.0690299999999979
11
155.8517769999999985
21
-103.1232229999999959
0
LINE
8
BLACK
6
CONTINUOUS
10
155.8517769999999985
20
-103.1232229999999959
11
155.9059699999999964
21
-103.2043290000000013
0
LINE
8
BLACK
6
CONTINUOUS
10
155.9059699999999964
20
-103.2043290000000013
11
155.9249999999999829
21
-103.2999999999999972
0
LINE
8
BLACK
6
CONTINUOUS
10
155.9249999999999829
20
-103.2999999999999972
11
155.9249999999999829
21
-103.9749999999999943
0
LINE
8
BLACK
6
CONTINUOUS
10
155.9249999999999829
20
-103.9749999999999943
11
155.9059699999999964
21
-104.0706709999999902
0
LINE
8
BLACK
6
CONTINUOUS
10
155.9059699999999964
20
-104.0706709999999902
11
155.8517769999999985
21
-104.1517769999999956
0
LINE
8
BLACK
6
CONTINUOUS
10
155.8517769999999985
20
-104.1517769999999956
11
155.770670999999993
21
-104.2059699999999935
0
LINE
8
BLACK
6
CONTINUOUS
10
155.770670999999993
20
-104.2059699999999935
11
155.6749999999999829
21
-104.2249999999999943
0
LINE
8
BLACK
6
CONTINUOUS
10
155.6749999999999829
20
-104.2249999999999943
11
154.7249999999999943
21
-104.2249999999999943
0
LINE
8
BLACK
6
CONTINUOUS
10
154.7249999999999943
20
-104.2249999999999943
11
154.6293289999999843
21
-104.2059699999999935
0
LINE
8
BLACK
6
CONTINUOUS
10
154.6293289999999843
20
-104.2059699999999935
11
154.5482229999999788
21
-104.1517769999999956
0
LINE
8
BLACK
6
CONTINUOUS
10
154.5482229999999788
20
-104.1517769999999956
11
154.4940299999999809
21
-104.0706709999999902
0
LINE
8
BLACK
6
CONTINUOUS
10
154.4940299999999809
20
-104.0706709999999902
11
154.4749999999999943
21
-103.9749999999999943
0
LINE
8
BLACK
6
CONTINUOUS
10
154.4749999999999943
20
-103.9749999999999943
11
154.4749999999999943
21
-103.2999999999999972
0
LINE
8
BLACK
6
CONTINUOUS
10
154.4749999999999943
20
-103.2999999999999972
11
154.4940299999999809
21
-103.2043290000000013
0
LINE
8
BLACK
6
CONTINUOUS
10
154.4940299999999809
20
-103.2043290000000013
11
154.5482229999999788
21
-103.1232229999999959
0
LINE
8
BLACK
6
CONTINUOUS
10
154.5482229999999788
20
-103.1232229999999959
11
154.6293289999999843
21
-103.0690299999999979
0
LINE
8
BLACK
6
CONTINUOUS
10
154.6293289999999843
20
-103.0690299999999979
11
154.7249999999999943
21
-103.0499999999999972
0
LINE
8
BLACK
6
CONTINUOUS
10
154.7249999999999943
20
-103.0499999999999972
11
155.6749999999999829
21
-103.0499999999999972
0
LINE
8
BLACK
6
CONTINUOUS
10
155.6749999999999829
20
-103.0499999999999972
11
155.770670999999993
21
-103.0690299999999979
0
LINE
8
BLACK
6
CONTINUOUS
10
164.1706709999999987
20
-103.0690299999999979
11
164.2517770000000041
21
-103.1232229999999959
0
LINE
8
BLACK
6
CONTINUOUS
10
164.2517770000000041
20
-103.1232229999999959
11
164.3059700000000021
21
-103.2043290000000013
0
LINE
8
BLACK
6
CONTINUOUS
10
164.3059700000000021
20
-103.2043290000000013
11
164.3249999999999886
21
-103.2999999999999972
0
LINE
8
BLACK
6
CONTINUOUS
10
164.3249999999999886
20
-103.2999999999999972
11
164.3249999999999886
21
-103.9749999999999943
0
LINE
8
BLACK
6
CONTINUOUS
10
164.3249999999999886
20
-103.9749999999999943
11
164.3059700000000021
21
-104.0706709999999902
0
LINE
8
BLACK
6
CONTINUOUS
10
164.3059700000000021
20
-104.0706709999999902
11
164.2517770000000041
21
-104.1517769999999956
0
LINE
8
BLACK
6
CONTINUOUS
10
164.2517770000000041
20
-104.1517769999999956
11
164.1706709999999987
21
-104.2059699999999935
0
LINE
8
BLACK
6
CONTINUOUS
10
164.1706709999999987
20
-104.2059699999999935
11
164.0749999999999886
21
-104.2249999999999943
0
LINE
8
BLACK
6
CONTINUOUS
10
164.0749999999999886
20
-104.2249999999999943
11
163.125
21
-104.2249999999999943
0
LINE
8
BLACK
6
CONTINUOUS
10
163.125
20
-104.2249999999999943
11
163.0293289999999899
21
-104.2059699999999935
0
LINE
8
BLACK
6
CONTINUOUS
10
163.0293289999999899
20
-104.2059699999999935
11
162.9482229999999845
21
-104.1517769999999956
0
LINE
8
BLACK
6
CONTINUOUS
10
162.9482229999999845
20
-104.1517769999999956
11
162.8940299999999866
21
-104.0706709999999902
0
LINE
8
BLACK
6
CONTINUOUS
10
162.8940299999999866
20
-104.0706709999999902
11
162.875
21
-103.9749999999999943
0
LINE
8
BLACK
6
CONTINUOUS
10
162.875
20
-103.9749999999999943
11
162.875
21
-103.2999999999999972
0
LINE
8
BLACK
6
CONTINUOUS
10
162.875
20
-103.2999999999999972
11
162.8940299999999866
21
-103.2043290000000013
0
LINE
8
BLACK
6
CONTINUOUS
10
162.8940299999999866
20
-103.2043290000000013
11
162.9482229999999845
21
-103.1232229999999959
0
LINE
8
BLACK
6
CONTINUOUS
10
162.9482229999999845
20
-103.1232229999999959
11
163.0293289999999899
21
-103.0690299999999979
0
LINE
8
BLACK
6
CONTINUOUS
10
163.0293289999999899
20
-103.0690299999999979
11
163.125
21
-103.0499999999999972
0
LINE
8
BLACK
6
CONTINUOUS
10
163.125
20
-103.0499999999999972
11
164.0749999999999886
21
-103.0499999999999972
0
LINE
8
BLACK
6
CONTINUOUS
10
164.0749999999999886
20
-103.0499999999999972
11
164.1706709999999987
21
-103.0690299999999979
0
LINE
8
BLACK
6
CONTINUOUS
10
125.770670999999993
20
-102.8690299999999951
11
125.8517769999999985
21
-102.923222999999993
0
LINE
8
BLACK
6
CONTINUOUS
10
125.8517769999999985
20
-102.923222999999993
11
125.9059699999999964
21
-103.0043289999999985
0
LINE
8
BLACK
6
CONTINUOUS
10
125.9059699999999964
20
-103.0043289999999985
11
125.9249999999999972
21
-103.0999999999999943
0
LINE
8
BLACK
6
CONTINUOUS
10
125.9249999999999972
20
-103.0999999999999943
11
125.9249999999999972
21
-103.7749999999999915
0
LINE
8
BLACK
6
CONTINUOUS
10
125.9249999999999972
20
-103.7749999999999915
11
125.9059699999999964
21
-103.8706710000000015
0
LINE
8
BLACK
6
CONTINUOUS
10
125.9059699999999964
20
-103.8706710000000015
11
125.8517769999999985
21
-103.9517769999999928
0
LINE
8
BLACK
6
CONTINUOUS
10
125.8517769999999985
20
-103.9517769999999928
11
125.770670999999993
21
-104.0059699999999907
0
LINE
8
BLACK
6
CONTINUOUS
10
125.770670999999993
20
-104.0059699999999907
11
125.6749999999999972
21
-104.0249999999999915
0
LINE
8
BLACK
6
CONTINUOUS
10
125.6749999999999972
20
-104.0249999999999915
11
124.7249999999999943
21
-104.0249999999999915
0
LINE
8
BLACK
6
CONTINUOUS
10
124.7249999999999943
20
-104.0249999999999915
11
124.6293289999999985
21
-104.0059699999999907
0
LINE
8
BLACK
6
CONTINUOUS
10
124.6293289999999985
20
-104.0059699999999907
11
124.548222999999993
21
-103.9517769999999928
0
LINE
8
BLACK
6
CONTINUOUS
10
124.548222999999993
20
-103.9517769999999928
11
124.4940299999999951
21
-103.8706710000000015
0
LINE
8
BLACK
6
CONTINUOUS
10
124.4940299999999951
20
-103.8706710000000015
11
124.4749999999999943
21
-103.7749999999999915
0
LINE
8
BLACK
6
CONTINUOUS
10
124.4749999999999943
20
-103.7749999999999915
11
124.4749999999999943
21
-103.0999999999999943
0
LINE
8
BLACK
6
CONTINUOUS
10
124.4749999999999943
20
-103.0999999999999943
11
124.4940299999999951
21
-103.0043289999999985
0
LINE
8
BLACK
6
CONTINUOUS
10
124.4940299999999951
20
-103.0043289999999985
11
124.548222999999993
21
-102.923222999999993
0
LINE
8
BLACK
6
CONTINUOUS
10
124.548222999999993
20
-102.923222999999993
11
124.6293289999999985
21
-102.8690299999999951
0
LINE
8
BLACK
6
CONTINUOUS
10
124.6293289999999985
20
-102.8690299999999951
11
124.7249999999999943
21
-102.8499999999999943
0
LINE
8
BLACK
6
CONTINUOUS
10
124.7249999999999943
20
-102.8499999999999943
11
125.6749999999999972
21
-102.8499999999999943
0
LINE
8
BLACK
6
CONTINUOUS
10
125.6749999999999972
20
-102.8499999999999943
11
125.770670999999993
21
-102.8690299999999951
0
LINE
8
BLACK
6
CONTINUOUS
10
136.5706710000000044
20
-102.8690299999999951
11
136.6517769999999814
21
-102.923222999999993
0
LINE
8
BLACK
6
CONTINUOUS
10
136.6517769999999814
20
-102.923222999999993
11
136.7059700000000078
21
-103.0043289999999985
0
LINE
8
BLACK
6
CONTINUOUS
10
136.7059700000000078
20
-103.0043289999999985
11
136.7249999999999943
21
-103.0999999999999943
0
LINE
8
BLACK
6
CONTINUOUS
10
136.7249999999999943
20
-103.0999999999999943
11
136.7249999999999943
21
-103.7749999999999915
0
LINE
8
BLACK
6
CONTINUOUS
10
136.7249999999999943
20
-103.7749999999999915
11
136.7059700000000078
21
-103.8706710000000015
0
LINE
8
BLACK
6
CONTINUOUS
10
136.7059700000000078
20
-103.8706710000000015
11
136.6517769999999814
21
-103.9517769999999928
0
LINE
8
BLACK
6
CONTINUOUS
10
136.6517769999999814
20
-103.9517769999999928
11
136.5706710000000044
21
-104.0059699999999907
0
LINE
8
BLACK
6
CONTINUOUS
10
136.5706710000000044
20
-104.0059699999999907
11
136.4749999999999943
21
-104.0249999999999915
0
LINE
8
BLACK
6
CONTINUOUS
10
136.4749999999999943
20
-104.0249999999999915
11
135.5250000000000057
21
-104.0249999999999915
0
LINE
8
BLACK
6
CONTINUOUS
10
135.5250000000000057
20
-104.0249999999999915
11
135.4293289999999956
21
-104.0059699999999907
0
LINE
8
BLACK
6
CONTINUOUS
10
135.4293289999999956
20
-104.0059699999999907
11
135.3482229999999902
21
-103.9517769999999928
0
LINE
8
BLACK
6
CONTINUOUS
10
135.3482229999999902
20
-103.9517769999999928
11
135.2940299999999922
21
-103.8706710000000015
0
LINE
8
BLACK
6
CONTINUOUS
10
135.2940299999999922
20
-103.8706710000000015
11
135.2750000000000057
21
-103.7749999999999915
0
LINE
8
BLACK
6
CONTINUOUS
10
135.2750000000000057
20
-103.7749999999999915
11
135.2750000000000057
21
-103.0999999999999943
0
LINE
8
BLACK
6
CONTINUOUS
10
135.2750000000000057
20
-103.0999999999999943
11
135.2940299999999922
21
-103.0043289999999985
0
LINE
8
BLACK
6
CONTINUOUS
10
135.2940299999999922
20
-103.0043289999999985
11
135.3482229999999902
21
-102.923222999999993
0
LINE
8
BLACK
6
CONTINUOUS
10
135.3482229999999902
20
-102.923222999999993
11
135.4293289999999956
21
-102.8690299999999951
0
LINE
8
BLACK
6
CONTINUOUS
10
135.4293289999999956
20
-102.8690299999999951
11
135.5250000000000057
21
-102.8499999999999943
0
LINE
8
BLACK
6
CONTINUOUS
10
135.5250000000000057
20
-102.8499999999999943
11
136.4749999999999943
21
-102.8499999999999943
0
LINE
8
BLACK
6
CONTINUOUS
10
136.4749999999999943
20
-102.8499999999999943
11
136.5706710000000044
21
-102.8690299999999951
0
LINE
8
BLACK
6
CONTINUOUS
10
175.3706709999999873
20
-101.8690299999999951
11
175.4517769999999928
21
-101.923222999999993
0
LINE
8
BLACK
6
CONTINUOUS
10
175.4517769999999928
20
-101.923222999999993
11
175.5059699999999907
21
-102.0043289999999985
0
LINE
8
BLACK
6
CONTINUOUS
10
175.5059699999999907
20
-102.0043289999999985
11
175.5250000000000057
21
-102.0999999999999943
0
LINE
8
BLACK
6
CONTINUOUS
10
175.5250000000000057
20
-102.0999999999999943
11
175.5250000000000057
21
-102.7749999999999915
0
LINE
8
BLACK
6
CONTINUOUS
10
175.5250000000000057
20
-102.7749999999999915
11
175.5059699999999907
21
-102.8706710000000015
0
LINE
8
BLACK
6
CONTINUOUS
10
175.5059699999999907
20
-102.8706710000000015
11
175.4517769999999928
21
-102.9517769999999928
0
LINE
8
BLACK
6
CONTINUOUS
10
175.4517769999999928
20
-102.9517769999999928
11
175.3706709999999873
21
-103.0059699999999907
0
LINE
8
BLACK
6
CONTINUOUS
10
175.3706709999999873
20
-103.0059699999999907
11
175.2750000000000057
21
-103.0249999999999915
0
LINE
8
BLACK
6
CONTINUOUS
10
175.2750000000000057
20
-103.0249999999999915
11
174.3249999999999886
21
-103.0249999999999915
0
LINE
8
BLACK
6
CONTINUOUS
10
174.3249999999999886
20
-103.0249999999999915
11
174.2293289999999786
21
-103.0059699999999907
0
LINE
8
BLACK
6
CONTINUOUS
10
174.2293289999999786
20
-103.0059699999999907
11
174.1482230000000015
21
-102.9517769999999928
0
LINE
8
BLACK
6
CONTINUOUS
10
174.1482230000000015
20
-102.9517769999999928
11
174.0940300000000036
21
-102.8706710000000015
0
LINE
8
BLACK
6
CONTINUOUS
10
174.0940300000000036
20
-102.8706710000000015
11
174.0749999999999886
21
-102.7749999999999915
0
LINE
8
BLACK
6
CONTINUOUS
10
174.0749999999999886
20
-102.7749999999999915
11
174.0749999999999886
21
-102.0999999999999943
0
LINE
8
BLACK
6
CONTINUOUS
10
174.0749999999999886
20
-102.0999999999999943
11
174.0940300000000036
21
-102.0043289999999985
0
LINE
8
BLACK
6
CONTINUOUS
10
174.0940300000000036
20
-102.0043289999999985
11
174.1482230000000015
21
-101.923222999999993
0
LINE
8
BLACK
6
CONTINUOUS
10
174.1482230000000015
20
-101.923222999999993
11
174.2293289999999786
21
-101.8690299999999951
0
LINE
8
BLACK
6
CONTINUOUS
10
174.2293289999999786
20
-101.8690299999999951
11
174.3249999999999886
21
-101.8499999999999943
0
LINE
8
BLACK
6
CONTINUOUS
10
174.3249999999999886
20
-101.8499999999999943
11
175.2750000000000057
21
-101.8499999999999943
0
LINE
8
BLACK
6
CONTINUOUS
10
175.2750000000000057
20
-101.8499999999999943
11
175.3706709999999873
21
-101.8690299999999951
0
LINE
8
BLACK
6
CONTINUOUS
10
144.9706709999999816
20
-100.9940299999999951
11
145.0517769999999871
21
-101.048222999999993
0
LINE
8
BLACK
6
CONTINUOUS
10
145.0517769999999871
20
-101.048222999999993
11
145.105969999999985
21
-101.1293289999999985
0
LINE
8
BLACK
6
CONTINUOUS
10
145.105969999999985
20
-101.1293289999999985
11
145.125
21
-101.2249999999999943
0
LINE
8
BLACK
6
CONTINUOUS
10
145.125
20
-101.2249999999999943
11
145.125
21
-101.8999999999999915
0
LINE
8
BLACK
6
CONTINUOUS
10
145.125
20
-101.8999999999999915
11
145.105969999999985
21
-101.9956710000000015
0
LINE
8
BLACK
6
CONTINUOUS
10
145.105969999999985
20
-101.9956710000000015
11
145.0517769999999871
21
-102.0767769999999928
0
LINE
8
BLACK
6
CONTINUOUS
10
145.0517769999999871
20
-102.0767769999999928
11
144.9706709999999816
21
-102.1309699999999907
0
LINE
8
BLACK
6
CONTINUOUS
10
144.9706709999999816
20
-102.1309699999999907
11
144.875
21
-102.1499999999999915
0
LINE
8
BLACK
6
CONTINUOUS
10
144.875
20
-102.1499999999999915
11
143.9249999999999829
21
-102.1499999999999915
0
LINE
8
BLACK
6
CONTINUOUS
10
143.9249999999999829
20
-102.1499999999999915
11
143.8293290000000013
21
-102.1309699999999907
0
LINE
8
BLACK
6
CONTINUOUS
10
143.8293290000000013
20
-102.1309699999999907
11
143.7482229999999959
21
-102.0767769999999928
0
LINE
8
BLACK
6
CONTINUOUS
10
143.7482229999999959
20
-102.0767769999999928
11
143.6940299999999979
21
-101.9956710000000015
0
LINE
8
BLACK
6
CONTINUOUS
10
143.6940299999999979
20
-101.9956710000000015
11
143.6749999999999829
21
-101.8999999999999915
0
LINE
8
BLACK
6
CONTINUOUS
10
143.6749999999999829
20
-101.8999999999999915
11
143.6749999999999829
21
-101.2249999999999943
0
LINE
8
BLACK
6
CONTINUOUS
10
143.6749999999999829
20
-101.2249999999999943
11
143.6940299999999979
21
-101.1293289999999985
0
LINE
8
BLACK
6
CONTINUOUS
10
143.6940299999999979
20
-101.1293289999999985
11
143.7482229999999959
21
-101.048222999999993
0
LINE
8
BLACK
6
CONTINUOUS
10
143.7482229999999959
20
-101.048222999999993
11
143.8293290000000013
21
-100.9940299999999951
0
LINE
8
BLACK
6
CONTINUOUS
10
143.8293290000000013
20
-100.9940299999999951
11
143.9249999999999829
21
-100.9749999999999943
0
LINE
8
BLACK
6
CONTINUOUS
10
143.9249999999999829
20
-100.9749999999999943
11
144.875
21
-100.9749999999999943
0
LINE
8
BLACK
6
CONTINUOUS
10
144.875
20
-100.9749999999999943
11
144.9706709999999816
21
-100.9940299999999951
0
LINE
8
BLACK
6
CONTINUOUS
10
155.770670999999993
20
-100.9940299999999951
11
155.8517769999999985
21
-101.048222999999993
0
LINE
8
BLACK
6
CONTINUOUS
10
155.8517769999999985
20
-101.048222999999993
11
155.9059699999999964
21
-101.1293289999999985
0
LINE
8
BLACK
6
CONTINUOUS
10
155.9059699999999964
20
-101.1293289999999985
11
155.9249999999999829
21
-101.2249999999999943
0
LINE
8
BLACK
6
CONTINUOUS
10
155.9249999999999829
20
-101.2249999999999943
11
155.9249999999999829
21
-101.8999999999999915
0
LINE
8
BLACK
6
CONTINUOUS
10
155.9249999999999829
20
-101.8999999999999915
11
155.9059699999999964
21
-101.9956710000000015
0
LINE
8
BLACK
6
CONTINUOUS
10
155.9059699999999964
20
-101.9956710000000015
11
155.8517769999999985
21
-102.0767769999999928
0
LINE
8
BLACK
6
CONTINUOUS
10
155.8517769999999985
20
-102.0767769999999928
11
155.770670999999993
21
-102.1309699999999907
0
LINE
8
BLACK
6
CONTINUOUS
10
155.770670999999993
20
-102.1309699999999907
11
155.6749999999999829
21
-102.1499999999999915
0
LINE
8
BLACK
6
CONTINUOUS
10
155.6749999999999829
20
-102.1499999999999915
11
154.7249999999999943
21
-102.1499999999999915
0
LINE
8
BLACK
6
CONTINUOUS
10
154.7249999999999943
20
-102.1499999999999915
11
154.6293289999999843
21
-102.1309699999999907
0
LINE
8
BLACK
6
CONTINUOUS
10
154.6293289999999843
20
-102.1309699999999907
11
154.5482229999999788
21
-102.0767769999999928
0
LINE
8
BLACK
6
CONTINUOUS
10
154.5482229999999788
20
-102.0767769999999928
11
154.4940299999999809
21
-101.9956710000000015
0
LINE
8
BLACK
6
CONTINUOUS
10
154.4940299999999809
20
-101.9956710000000015
11
154.4749999999999943
21
-101.8999999999999915
0
LINE
8
BLACK
6
CONTINUOUS
10
154.4749999999999943
20
-101.8999999999999915
11
154.4749999999999943
21
-101.2249999999999943
0
LINE
8
BLACK
6
CONTINUOUS
10
154.4749999999999943
20
-101.2249999999999943
11
154.4940299999999809
21
-101.1293289999999985
0
LINE
8
BLACK
6
CONTINUOUS
10
154.4940299999999809
20
-101.1293289999999985
11
154.5482229999999788
21
-101.048222999999993
0
LINE
8
BLACK
6
CONTINUOUS
10
154.5482229999999788
20
-101.048222999999993
11
154.6293289999999843
21
-100.9940299999999951
0
LINE
8
BLACK
6
CONTINUOUS
10
154.6293289999999843
20
-100.9940299999999951
11
154.7249999999999943
21
-100.9749999999999943
0
LINE
8
BLACK
6
CONTINUOUS
10
154.7249999999999943
20
-100.9749999999999943
11
155.6749999999999829
21
-100.9749999999999943
0
LINE
8
BLACK
6
CONTINUOUS
10
155.6749999999999829
20
-100.9749999999999943
11
155.770670999999993
21
-100.9940299999999951
0
LINE
8
BLACK
6
CONTINUOUS
10
164.1706709999999987
20
-100.9940299999999951
11
164.2517770000000041
21
-101.048222999999993
0
LINE
8
BLACK
6
CONTINUOUS
10
164.2517770000000041
20
-101.048222999999993
11
164.3059700000000021
21
-101.1293289999999985
0
LINE
8
BLACK
6
CONTINUOUS
10
164.3059700000000021
20
-101.1293289999999985
11
164.3249999999999886
21
-101.2249999999999943
0
LINE
8
BLACK
6
CONTINUOUS
10
164.3249999999999886
20
-101.2249999999999943
11
164.3249999999999886
21
-101.8999999999999915
0
LINE
8
BLACK
6
CONTINUOUS
10
164.3249999999999886
20
-101.8999999999999915
11
164.3059700000000021
21
-101.9956710000000015
0
LINE
8
BLACK
6
CONTINUOUS
10
164.3059700000000021
20
-101.9956710000000015
11
164.2517770000000041
21
-102.0767769999999928
0
LINE
8
BLACK
6
CONTINUOUS
10
164.2517770000000041
20
-102.0767769999999928
11
164.1706709999999987
21
-102.1309699999999907
0
LINE
8
BLACK
6
CONTINUOUS
10
164.1706709999999987
20
-102.1309699999999907
11
164.0749999999999886
21
-102.1499999999999915
0
LINE
8
BLACK
6
CONTINUOUS
10
164.0749999999999886
20
-102.1499999999999915
11
163.125
21
-102.1499999999999915
0
LINE
8
BLACK
6
CONTINUOUS
10
163.125
20
-102.1499999999999915
11
163.0293289999999899
21
-102.1309699999999907
0
LINE
8
BLACK
6
CONTINUOUS
10
163.0293289999999899
20
-102.1309699999999907
11
162.9482229999999845
21
-102.0767769999999928
0
LINE
8
BLACK
6
CONTINUOUS
10
162.9482229999999845
20
-102.0767769999999928
11
162.8940299999999866
21
-101.9956710000000015
0
LINE
8
BLACK
6
CONTINUOUS
10
162.8940299999999866
20
-101.9956710000000015
11
162.875
21
-101.8999999999999915
0
LINE
8
BLACK
6
CONTINUOUS
10
162.875
20
-101.8999999999999915
11
162.875
21
-101.2249999999999943
0
LINE
8
BLACK
6
CONTINUOUS
10
162.875
20
-101.2249999999999943
11
162.8940299999999866
21
-101.1293289999999985
0
LINE
8
BLACK
6
CONTINUOUS
10
162.8940299999999866
20
-101.1293289999999985
11
162.9482229999999845
21
-101.048222999999993
0
LINE
8
BLACK
6
CONTINUOUS
10
162.9482229999999845
20
-101.048222999999993
11
163.0293289999999899
21
-100.9940299999999951
0
LINE
8
BLACK
6
CONTINUOUS
10
163.0293289999999899
20
-100.9940299999999951
11
163.125
21
-100.9749999999999943
0
LINE
8
BLACK
6
CONTINUOUS
10
163.125
20
-100.9749999999999943
11
164.0749999999999886
21
-100.9749999999999943
0
LINE
8
BLACK
6
CONTINUOUS
10
164.0749999999999886
20
-100.9749999999999943
11
164.1706709999999987
21
-100.9940299999999951
0
LINE
8
BLACK
6
CONTINUOUS
10
125.770670999999993
20
-100.7940299999999922
11
125.8517769999999985
21
-100.8482229999999902
0
LINE
8
BLACK
6
CONTINUOUS
10
125.8517769999999985
20
-100.8482229999999902
11
125.9059699999999964
21
-100.9293289999999956
0
LINE
8
BLACK
6
CONTINUOUS
10
125.9059699999999964
20
-100.9293289999999956
11
125.9249999999999972
21
-101.0249999999999915
0
LINE
8
BLACK
6
CONTINUOUS
10
125.9249999999999972
20
-101.0249999999999915
11
125.9249999999999972
21
-101.6999999999999886
0
LINE
8
BLACK
6
CONTINUOUS
10
125.9249999999999972
20
-101.6999999999999886
11
125.9059699999999964
21
-101.7956709999999987
0
LINE
8
BLACK
6
CONTINUOUS
10
125.9059699999999964
20
-101.7956709999999987
11
125.8517769999999985
21
-101.8767769999999899
0
LINE
8
BLACK
6
CONTINUOUS
10
125.8517769999999985
20
-101.8767769999999899
11
125.770670999999993
21
-101.9309700000000021
0
LINE
8
BLACK
6
CONTINUOUS
10
125.770670999999993
20
-101.9309700000000021
11
125.6749999999999972
21
-101.9499999999999886
0
LINE
8
BLACK
6
CONTINUOUS
10
125.6749999999999972
20
-101.9499999999999886
11
124.7249999999999943
21
-101.9499999999999886
0
LINE
8
BLACK
6
CONTINUOUS
10
124.7249999999999943
20
-101.9499999999999886
11
124.6293289999999985
21
-101.9309700000000021
0
LINE
8
BLACK
6
CONTINUOUS
10
124.6293289999999985
20
-101.9309700000000021
11
124.548222999999993
21
-101.8767769999999899
0
LINE
8
BLACK
6
CONTINUOUS
10
124.548222999999993
20
-101.8767769999999899
11
124.4940299999999951
21
-101.7956709999999987
0
LINE
8
BLACK
6
CONTINUOUS
10
124.4940299999999951
20
-101.7956709999999987
11
124.4749999999999943
21
-101.6999999999999886
0
LINE
8
BLACK
6
CONTINUOUS
10
124.4749999999999943
20
-101.6999999999999886
11
124.4749999999999943
21
-101.0249999999999915
0
LINE
8
BLACK
6
CONTINUOUS
10
124.4749999999999943
20
-101.0249999999999915
11
124.4940299999999951
21
-100.9293289999999956
0
LINE
8
BLACK
6
CONTINUOUS
10
124.4940299999999951
20
-100.9293289999999956
11
124.548222999999993
21
-100.8482229999999902
0
LINE
8
BLACK
6
CONTINUOUS
10
124.548222999999993
20
-100.8482229999999902
11
124.6293289999999985
21
-100.7940299999999922
0
LINE
8
BLACK
6
CONTINUOUS
10
124.6293289999999985
20
-100.7940299999999922
11
124.7249999999999943
21
-100.7749999999999915
0
LINE
8
BLACK
6
CONTINUOUS
10
124.7249999999999943
20
-100.7749999999999915
11
125.6749999999999972
21
-100.7749999999999915
0
LINE
8
BLACK
6
CONTINUOUS
10
125.6749999999999972
20
-100.7749999999999915
11
125.770670999999993
21
-100.7940299999999922
0
LINE
8
BLACK
6
CONTINUOUS
10
136.5706710000000044
20
-100.7940299999999922
11
136.6517769999999814
21
-100.8482229999999902
0
LINE
8
BLACK
6
CONTINUOUS
10
136.6517769999999814
20
-100.8482229999999902
11
136.7059700000000078
21
-100.9293289999999956
0
LINE
8
BLACK
6
CONTINUOUS
10
136.7059700000000078
20
-100.9293289999999956
11
136.7249999999999943
21
-101.0249999999999915
0
LINE
8
BLACK
6
CONTINUOUS
10
136.7249999999999943
20
-101.0249999999999915
11
136.7249999999999943
21
-101.6999999999999886
0
LINE
8
BLACK
6
CONTINUOUS
10
136.7249999999999943
20
-101.6999999999999886
11
136.7059700000000078
21
-101.7956709999999987
0
LINE
8
BLACK
6
CONTINUOUS
10
136.7059700000000078
20
-101.7956709999999987
11
136.6517769999999814
21
-101.8767769999999899
0
LINE
8
BLACK
6
CONTINUOUS
10
136.6517769999999814
20
-101.8767769999999899
11
136.5706710000000044
21
-101.9309700000000021
0
LINE
8
BLACK
6
CONTINUOUS
10
136.5706710000000044
20
-101.9309700000000021
11
136.4749999999999943
21
-101.9499999999999886
0
LINE
8
BLACK
6
CONTINUOUS
10
136.4749999999999943
20
-101.9499999999999886
11
135.5250000000000057
21
-101.9499999999999886
0
LINE
8
BLACK
6
CONTINUOUS
10
135.5250000000000057
20
-101.9499999999999886
11
135.4293289999999956
21
-101.9309700000000021
0
LINE
8
BLACK
6
CONTINUOUS
10
135.4293289999999956
20
-101.9309700000000021
11
135.3482229999999902
21
-101.8767769999999899
0
LINE
8
BLACK
6
CONTINUOUS
10
135.3482229999999902
20
-101.8767769999999899
11
135.2940299999999922
21
-101.7956709999999987
0
LINE
8
BLACK
6
CONTINUOUS
10
135.2940299999999922
20
-101.7956709999999987
11
135.2750000000000057
21
-101.6999999999999886
0
LINE
8
BLACK
6
CONTINUOUS
10
135.2750000000000057
20
-101.6999999999999886
11
135.2750000000000057
21
-101.0249999999999915
0
LINE
8
BLACK
6
CONTINUOUS
10
135.2750000000000057
20
-101.0249999999999915
11
135.2940299999999922
21
-100.9293289999999956
0
LINE
8
BLACK
6
CONTINUOUS
10
135.2940299999999922
20
-100.9293289999999956
11
135.3482229999999902
21
-100.8482229999999902
0
LINE
8
BLACK
6
CONTINUOUS
10
135.3482229999999902
20
-100.8482229999999902
11
135.4293289999999956
21
-100.7940299999999922
0
LINE
8
BLACK
6
CONTINUOUS
10
135.4293289999999956
20
-100.7940299999999922
11
135.5250000000000057
21
-100.7749999999999915
0
LINE
8
BLACK
6
CONTINUOUS
10
135.5250000000000057
20
-100.7749999999999915
11
136.4749999999999943
21
-100.7749999999999915
0
LINE
8
BLACK
6
CONTINUOUS
10
136.4749999999999943
20
-100.7749999999999915
11
136.5706710000000044
21
-100.7940299999999922
0
LINE
8
BLACK
6
CONTINUOUS
10
148.0074029999999823
20
-101.0164180000000016
11
148.0560659999999871
21
-101.0489339999999885
0
LINE
8
BLACK
6
CONTINUOUS
10
148.0560659999999871
20
-101.0489339999999885
11
148.0885820000000024
21
-101.0975969999999933
0
LINE
8
BLACK
6
CONTINUOUS
10
148.0885820000000024
20
-101.0975969999999933
11
148.0999999999999943
21
-101.1550000000000011
0
LINE
8
BLACK
6
CONTINUOUS
10
148.0999999999999943
20
-101.1550000000000011
11
148.0999999999999943
21
-101.4549999999999983
0
LINE
8
BLACK
6
CONTINUOUS
10
148.0999999999999943
20
-101.4549999999999983
11
148.0885820000000024
21
-101.5124029999999919
0
LINE
8
BLACK
6
CONTINUOUS
10
148.0885820000000024
20
-101.5124029999999919
11
148.0560659999999871
21
-101.5610659999999967
0
LINE
8
BLACK
6
CONTINUOUS
10
148.0560659999999871
20
-101.5610659999999967
11
148.0074029999999823
21
-101.5935819999999978
0
LINE
8
BLACK
6
CONTINUOUS
10
148.0074029999999823
20
-101.5935819999999978
11
147.9499999999999886
21
-101.6049999999999898
0
LINE
8
BLACK
6
CONTINUOUS
10
147.9499999999999886
20
-101.6049999999999898
11
146.5
21
-101.6049999999999898
0
LINE
8
BLACK
6
CONTINUOUS
10
146.5
20
-101.6049999999999898
11
146.4425970000000063
21
-101.5935819999999978
0
LINE
8
BLACK
6
CONTINUOUS
10
146.4425970000000063
20
-101.5935819999999978
11
146.3939340000000016
21
-101.5610659999999967
0
LINE
8
BLACK
6
CONTINUOUS
10
146.3939340000000016
20
-101.5610659999999967
11
146.3614179999999863
21
-101.5124029999999919
0
LINE
8
BLACK
6
CONTINUOUS
10
146.3614179999999863
20
-101.5124029999999919
11
146.3499999999999943
21
-101.4549999999999983
0
LINE
8
BLACK
6
CONTINUOUS
10
146.3499999999999943
20
-101.4549999999999983
11
146.3499999999999943
21
-101.1550000000000011
0
LINE
8
BLACK
6
CONTINUOUS
10
146.3499999999999943
20
-101.1550000000000011
11
146.3614179999999863
21
-101.0975969999999933
0
LINE
8
BLACK
6
CONTINUOUS
10
146.3614179999999863
20
-101.0975969999999933
11
146.3939340000000016
21
-101.0489339999999885
0
LINE
8
BLACK
6
CONTINUOUS
10
146.3939340000000016
20
-101.0489339999999885
11
146.4425970000000063
21
-101.0164180000000016
0
LINE
8
BLACK
6
CONTINUOUS
10
146.4425970000000063
20
-101.0164180000000016
11
146.5
21
-101.0049999999999955
0
LINE
8
BLACK
6
CONTINUOUS
10
146.5
20
-101.0049999999999955
11
147.9499999999999886
21
-101.0049999999999955
0
LINE
8
BLACK
6
CONTINUOUS
10
147.9499999999999886
20
-101.0049999999999955
11
148.0074029999999823
21
-101.0164180000000016
0
LINE
8
BLACK
6
CONTINUOUS
10
153.157402999999988
20
-101.0164180000000016
11
153.2060659999999928
21
-101.0489339999999885
0
LINE
8
BLACK
6
CONTINUOUS
10
153.2060659999999928
20
-101.0489339999999885
11
153.2385819999999796
21
-101.0975969999999933
0
LINE
8
BLACK
6
CONTINUOUS
10
153.2385819999999796
20
-101.0975969999999933
11
153.25
21
-101.1550000000000011
0
LINE
8
BLACK
6
CONTINUOUS
10
153.25
20
-101.1550000000000011
11
153.25
21
-101.4549999999999983
0
LINE
8
BLACK
6
CONTINUOUS
10
153.25
20
-101.4549999999999983
11
153.2385819999999796
21
-101.5124029999999919
0
LINE
8
BLACK
6
CONTINUOUS
10
153.2385819999999796
20
-101.5124029999999919
11
153.2060659999999928
21
-101.5610659999999967
0
LINE
8
BLACK
6
CONTINUOUS
10
153.2060659999999928
20
-101.5610659999999967
11
153.157402999999988
21
-101.5935819999999978
0
LINE
8
BLACK
6
CONTINUOUS
10
153.157402999999988
20
-101.5935819999999978
11
153.0999999999999943
21
-101.6049999999999898
0
LINE
8
BLACK
6
CONTINUOUS
10
153.0999999999999943
20
-101.6049999999999898
11
151.6500000000000057
21
-101.6049999999999898
0
LINE
8
BLACK
6
CONTINUOUS
10
151.6500000000000057
20
-101.6049999999999898
11
151.5925969999999836
21
-101.5935819999999978
0
LINE
8
BLACK
6
CONTINUOUS
10
151.5925969999999836
20
-101.5935819999999978
11
151.5439340000000072
21
-101.5610659999999967
0
LINE
8
BLACK
6
CONTINUOUS
10
151.5439340000000072
20
-101.5610659999999967
11
151.5114179999999919
21
-101.5124029999999919
0
LINE
8
BLACK
6
CONTINUOUS
10
151.5114179999999919
20
-101.5124029999999919
11
151.5
21
-101.4549999999999983
0
LINE
8
BLACK
6
CONTINUOUS
10
151.5
20
-101.4549999999999983
11
151.5
21
-101.1550000000000011
0
LINE
8
BLACK
6
CONTINUOUS
10
151.5
20
-101.1550000000000011
11
151.5114179999999919
21
-101.0975969999999933
0
LINE
8
BLACK
6
CONTINUOUS
10
151.5114179999999919
20
-101.0975969999999933
11
151.5439340000000072
21
-101.0489339999999885
0
LINE
8
BLACK
6
CONTINUOUS
10
151.5439340000000072
20
-101.0489339999999885
11
151.5925969999999836
21
-101.0164180000000016
0
LINE
8
BLACK
6
CONTINUOUS
10
151.5925969999999836
20
-101.0164180000000016
11
151.6500000000000057
21
-101.0049999999999955
0
LINE
8
BLACK
6
CONTINUOUS
10
151.6500000000000057
20
-101.0049999999999955
11
153.0999999999999943
21
-101.0049999999999955
0
LINE
8
BLACK
6
CONTINUOUS
10
153.0999999999999943
20
-101.0049999999999955
11
153.157402999999988
21
-101.0164180000000016
0
LINE
8
BLACK
6
CONTINUOUS
10
167.2074029999999993
20
-101.0164180000000016
11
167.2560660000000041
21
-101.0489339999999885
0
LINE
8
BLACK
6
CONTINUOUS
10
167.2560660000000041
20
-101.0489339999999885
11
167.288581999999991
21
-101.0975969999999933
0
LINE
8
BLACK
6
CONTINUOUS
10
167.288581999999991
20
-101.0975969999999933
11
167.2999999999999829
21
-101.1550000000000011
0
LINE
8
BLACK
6
CONTINUOUS
10
167.2999999999999829
20
-101.1550000000000011
11
167.2999999999999829
21
-101.4549999999999983
0
LINE
8
BLACK
6
CONTINUOUS
10
167.2999999999999829
20
-101.4549999999999983
11
167.288581999999991
21
-101.5124029999999919
0
LINE
8
BLACK
6
CONTINUOUS
10
167.288581999999991
20
-101.5124029999999919
11
167.2560660000000041
21
-101.5610659999999967
0
LINE
8
BLACK
6
CONTINUOUS
10
167.2560660000000041
20
-101.5610659999999967
11
167.2074029999999993
21
-101.5935819999999978
0
LINE
8
BLACK
6
CONTINUOUS
10
167.2074029999999993
20
-101.5935819999999978
11
167.1500000000000057
21
-101.6049999999999898
0
LINE
8
BLACK
6
CONTINUOUS
10
167.1500000000000057
20
-101.6049999999999898
11
165.6999999999999886
21
-101.6049999999999898
0
LINE
8
BLACK
6
CONTINUOUS
10
165.6999999999999886
20
-101.6049999999999898
11
165.642596999999995
21
-101.5935819999999978
0
LINE
8
BLACK
6
CONTINUOUS
10
165.642596999999995
20
-101.5935819999999978
11
165.5939339999999902
21
-101.5610659999999967
0
LINE
8
BLACK
6
CONTINUOUS
10
165.5939339999999902
20
-101.5610659999999967
11
165.5614180000000033
21
-101.5124029999999919
0
LINE
8
BLACK
6
CONTINUOUS
10
165.5614180000000033
20
-101.5124029999999919
11
165.5499999999999829
21
-101.4549999999999983
0
LINE
8
BLACK
6
CONTINUOUS
10
165.5499999999999829
20
-101.4549999999999983
11
165.5499999999999829
21
-101.1550000000000011
0
LINE
8
BLACK
6
CONTINUOUS
10
165.5499999999999829
20
-101.1550000000000011
11
165.5614180000000033
21
-101.0975969999999933
0
LINE
8
BLACK
6
CONTINUOUS
10
165.5614180000000033
20
-101.0975969999999933
11
165.5939339999999902
21
-101.0489339999999885
0
LINE
8
BLACK
6
CONTINUOUS
10
165.5939339999999902
20
-101.0489339999999885
11
165.642596999999995
21
-101.0164180000000016
0
LINE
8
BLACK
6
CONTINUOUS
10
165.642596999999995
20
-101.0164180000000016
11
165.6999999999999886
21
-101.0049999999999955
0
LINE
8
BLACK
6
CONTINUOUS
10
165.6999999999999886
20
-101.0049999999999955
11
167.1500000000000057
21
-101.0049999999999955
0
LINE
8
BLACK
6
CONTINUOUS
10
167.1500000000000057
20
-101.0049999999999955
11
167.2074029999999993
21
-101.0164180000000016
0
LINE
8
BLACK
6
CONTINUOUS
10
172.357403000000005
20
-101.0164180000000016
11
172.4060659999999814
21
-101.0489339999999885
0
LINE
8
BLACK
6
CONTINUOUS
10
172.4060659999999814
20
-101.0489339999999885
11
172.4385819999999967
21
-101.0975969999999933
0
LINE
8
BLACK
6
CONTINUOUS
10
172.4385819999999967
20
-101.0975969999999933
11
172.4499999999999886
21
-101.1550000000000011
0
LINE
8
BLACK
6
CONTINUOUS
10
172.4499999999999886
20
-101.1550000000000011
11
172.4499999999999886
21
-101.4549999999999983
0
LINE
8
BLACK
6
CONTINUOUS
10
172.4499999999999886
20
-101.4549999999999983
11
172.4385819999999967
21
-101.5124029999999919
0
LINE
8
BLACK
6
CONTINUOUS
10
172.4385819999999967
20
-101.5124029999999919
11
172.4060659999999814
21
-101.5610659999999967
0
LINE
8
BLACK
6
CONTINUOUS
10
172.4060659999999814
20
-101.5610659999999967
11
172.357403000000005
21
-101.5935819999999978
0
LINE
8
BLACK
6
CONTINUOUS
10
172.357403000000005
20
-101.5935819999999978
11
172.2999999999999829
21
-101.6049999999999898
0
LINE
8
BLACK
6
CONTINUOUS
10
172.2999999999999829
20
-101.6049999999999898
11
170.8499999999999943
21
-101.6049999999999898
0
LINE
8
BLACK
6
CONTINUOUS
10
170.8499999999999943
20
-101.6049999999999898
11
170.7925970000000007
21
-101.5935819999999978
0
LINE
8
BLACK
6
CONTINUOUS
10
170.7925970000000007
20
-101.5935819999999978
11
170.7439339999999959
21
-101.5610659999999967
0
LINE
8
BLACK
6
CONTINUOUS
10
170.7439339999999959
20
-101.5610659999999967
11
170.7114179999999806
21
-101.5124029999999919
0
LINE
8
BLACK
6
CONTINUOUS
10
170.7114179999999806
20
-101.5124029999999919
11
170.6999999999999886
21
-101.4549999999999983
0
LINE
8
BLACK
6
CONTINUOUS
10
170.6999999999999886
20
-101.4549999999999983
11
170.6999999999999886
21
-101.1550000000000011
0
LINE
8
BLACK
6
CONTINUOUS
10
170.6999999999999886
20
-101.1550000000000011
11
170.7114179999999806
21
-101.0975969999999933
0
LINE
8
BLACK
6
CONTINUOUS
10
170.7114179999999806
20
-101.0975969999999933
11
170.7439339999999959
21
-101.0489339999999885
0
LINE
8
BLACK
6
CONTINUOUS
10
170.7439339999999959
20
-101.0489339999999885
11
170.7925970000000007
21
-101.0164180000000016
0
LINE
8
BLACK
6
CONTINUOUS
10
170.7925970000000007
20
-101.0164180000000016
11
170.8499999999999943
21
-101.0049999999999955
0
LINE
8
BLACK
6
CONTINUOUS
10
170.8499999999999943
20
-101.0049999999999955
11
172.2999999999999829
21
-101.0049999999999955
0
LINE
8
BLACK
6
CONTINUOUS
10
172.2999999999999829
20
-101.0049999999999955
11
172.357403000000005
21
-101.0164180000000016
0
LINE
8
BLACK
6
CONTINUOUS
10
128.8074029999999937
20
-100.8164179999999988
11
128.8560659999999984
21
-100.8489339999999999
0
LINE
8
BLACK
6
CONTINUOUS
10
128.8560659999999984
20
-100.8489339999999999
11
128.8885819999999853
21
-100.8975969999999904
0
LINE
8
BLACK
6
CONTINUOUS
10
128.8885819999999853
20
-100.8975969999999904
11
128.9000000000000057
21
-100.9549999999999983
0
LINE
8
BLACK
6
CONTINUOUS
10
128.9000000000000057
20
-100.9549999999999983
11
128.9000000000000057
21
-101.2549999999999955
0
LINE
8
BLACK
6
CONTINUOUS
10
128.9000000000000057
20
-101.2549999999999955
11
128.8885819999999853
21
-101.3124029999999891
0
LINE
8
BLACK
6
CONTINUOUS
10
128.8885819999999853
20
-101.3124029999999891
11
128.8560659999999984
21
-101.3610659999999939
0
LINE
8
BLACK
6
CONTINUOUS
10
128.8560659999999984
20
-101.3610659999999939
11
128.8074029999999937
21
-101.393581999999995
0
LINE
8
BLACK
6
CONTINUOUS
10
128.8074029999999937
20
-101.393581999999995
11
128.75
21
-101.4050000000000011
0
LINE
8
BLACK
6
CONTINUOUS
10
128.75
20
-101.4050000000000011
11
127.2999999999999972
21
-101.4050000000000011
0
LINE
8
BLACK
6
CONTINUOUS
10
127.2999999999999972
20
-101.4050000000000011
11
127.2425969999999893
21
-101.393581999999995
0
LINE
8
BLACK
6
CONTINUOUS
10
127.2425969999999893
20
-101.393581999999995
11
127.1939339999999987
21
-101.3610659999999939
0
LINE
8
BLACK
6
CONTINUOUS
10
127.1939339999999987
20
-101.3610659999999939
11
127.1614179999999976
21
-101.3124029999999891
0
LINE
8
BLACK
6
CONTINUOUS
10
127.1614179999999976
20
-101.3124029999999891
11
127.1499999999999915
21
-101.2549999999999955
0
LINE
8
BLACK
6
CONTINUOUS
10
127.1499999999999915
20
-101.2549999999999955
11
127.1499999999999915
21
-100.9549999999999983
0
LINE
8
BLACK
6
CONTINUOUS
10
127.1499999999999915
20
-100.9549999999999983
11
127.1614179999999976
21
-100.8975969999999904
0
LINE
8
BLACK
6
CONTINUOUS
10
127.1614179999999976
20
-100.8975969999999904
11
127.1939339999999987
21
-100.8489339999999999
0
LINE
8
BLACK
6
CONTINUOUS
10
127.1939339999999987
20
-100.8489339999999999
11
127.2425969999999893
21
-100.8164179999999988
0
LINE
8
BLACK
6
CONTINUOUS
10
127.2425969999999893
20
-100.8164179999999988
11
127.2999999999999972
21
-100.8049999999999926
0
LINE
8
BLACK
6
CONTINUOUS
10
127.2999999999999972
20
-100.8049999999999926
11
128.75
21
-100.8049999999999926
0
LINE
8
BLACK
6
CONTINUOUS
10
128.75
20
-100.8049999999999926
11
128.8074029999999937
21
-100.8164179999999988
0
LINE
8
BLACK
6
CONTINUOUS
10
133.9574029999999993
20
-100.8164179999999988
11
134.0060660000000041
21
-100.8489339999999999
0
LINE
8
BLACK
6
CONTINUOUS
10
134.0060660000000041
20
-100.8489339999999999
11
134.038581999999991
21
-100.8975969999999904
0
LINE
8
BLACK
6
CONTINUOUS
10
134.038581999999991
20
-100.8975969999999904
11
134.0499999999999829
21
-100.9549999999999983
0
LINE
8
BLACK
6
CONTINUOUS
10
134.0499999999999829
20
-100.9549999999999983
11
134.0499999999999829
21
-101.2549999999999955
0
LINE
8
BLACK
6
CONTINUOUS
10
134.0499999999999829
20
-101.2549999999999955
11
134.038581999999991
21
-101.3124029999999891
0
LINE
8
BLACK
6
CONTINUOUS
10
134.038581999999991
20
-101.3124029999999891
11
134.0060660000000041
21
-101.3610659999999939
0
LINE
8
BLACK
6
CONTINUOUS
10
134.0060660000000041
20
-101.3610659999999939
11
133.9574029999999993
21
-101.393581999999995
0
LINE
8
BLACK
6
CONTINUOUS
10
133.9574029999999993
20
-101.393581999999995
11
133.9000000000000057
21
-101.4050000000000011
0
LINE
8
BLACK
6
CONTINUOUS
10
133.9000000000000057
20
-101.4050000000000011
11
132.4499999999999886
21
-101.4050000000000011
0
LINE
8
BLACK
6
CONTINUOUS
10
132.4499999999999886
20
-101.4050000000000011
11
132.392596999999995
21
-101.393581999999995
0
LINE
8
BLACK
6
CONTINUOUS
10
132.392596999999995
20
-101.393581999999995
11
132.3439339999999902
21
-101.3610659999999939
0
LINE
8
BLACK
6
CONTINUOUS
10
132.3439339999999902
20
-101.3610659999999939
11
132.3114180000000033
21
-101.3124029999999891
0
LINE
8
BLACK
6
CONTINUOUS
10
132.3114180000000033
20
-101.3124029999999891
11
132.2999999999999829
21
-101.2549999999999955
0
LINE
8
BLACK
6
CONTINUOUS
10
132.2999999999999829
20
-101.2549999999999955
11
132.2999999999999829
21
-100.9549999999999983
0
LINE
8
BLACK
6
CONTINUOUS
10
132.2999999999999829
20
-100.9549999999999983
11
132.3114180000000033
21
-100.8975969999999904
0
LINE
8
BLACK
6
CONTINUOUS
10
132.3114180000000033
20
-100.8975969999999904
11
132.3439339999999902
21
-100.8489339999999999
0
LINE
8
BLACK
6
CONTINUOUS
10
132.3439339999999902
20
-100.8489339999999999
11
132.392596999999995
21
-100.8164179999999988
0
LINE
8
BLACK
6
CONTINUOUS
10
132.392596999999995
20
-100.8164179999999988
11
132.4499999999999886
21
-100.8049999999999926
0
LINE
8
BLACK
6
CONTINUOUS
10
132.4499999999999886
20
-100.8049999999999926
11
133.9000000000000057
21
-100.8049999999999926
0
LINE
8
BLACK
6
CONTINUOUS
10
133.9000000000000057
20
-100.8049999999999926
11
133.9574029999999993
21
-100.8164179999999988
0
LINE
8
BLACK
6
CONTINUOUS
10
175.3706709999999873
20
-99.7940299999999922
11
175.4517769999999928
21
-99.8482229999999902
0
LINE
8
BLACK
6
CONTINUOUS
10
175.4517769999999928
20
-99.8482229999999902
11
175.5059699999999907
21
-99.9293289999999956
0
LINE
8
BLACK
6
CONTINUOUS
10
175.5059699999999907
20
-99.9293289999999956
11
175.5250000000000057
21
-100.0249999999999915
0
LINE
8
BLACK
6
CONTINUOUS
10
175.5250000000000057
20
-100.0249999999999915
11
175.5250000000000057
21
-100.6999999999999886
0
LINE
8
BLACK
6
CONTINUOUS
10
175.5250000000000057
20
-100.6999999999999886
11
175.5059699999999907
21
-100.7956709999999987
0
LINE
8
BLACK
6
CONTINUOUS
10
175.5059699999999907
20
-100.7956709999999987
11
175.4517769999999928
21
-100.8767769999999899
0
LINE
8
BLACK
6
CONTINUOUS
10
175.4517769999999928
20
-100.8767769999999899
11
175.3706709999999873
21
-100.9309700000000021
0
LINE
8
BLACK
6
CONTINUOUS
10
175.3706709999999873
20
-100.9309700000000021
11
175.2750000000000057
21
-100.9499999999999886
0
LINE
8
BLACK
6
CONTINUOUS
10
175.2750000000000057
20
-100.9499999999999886
11
174.3249999999999886
21
-100.9499999999999886
0
LINE
8
BLACK
6
CONTINUOUS
10
174.3249999999999886
20
-100.9499999999999886
11
174.2293289999999786
21
-100.9309700000000021
0
LINE
8
BLACK
6
CONTINUOUS
10
174.2293289999999786
20
-100.9309700000000021
11
174.1482230000000015
21
-100.8767769999999899
0
LINE
8
BLACK
6
CONTINUOUS
10
174.1482230000000015
20
-100.8767769999999899
11
174.0940300000000036
21
-100.7956709999999987
0
LINE
8
BLACK
6
CONTINUOUS
10
174.0940300000000036
20
-100.7956709999999987
11
174.0749999999999886
21
-100.6999999999999886
0
LINE
8
BLACK
6
CONTINUOUS
10
174.0749999999999886
20
-100.6999999999999886
11
174.0749999999999886
21
-100.0249999999999915
0
LINE
8
BLACK
6
CONTINUOUS
10
174.0749999999999886
20
-100.0249999999999915
11
174.0940300000000036
21
-99.9293289999999956
0
LINE
8
BLACK
6
CONTINUOUS
10
174.0940300000000036
20
-99.9293289999999956
11
174.1482230000000015
21
-99.8482229999999902
0
LINE
8
BLACK
6
CONTINUOUS
10
174.1482230000000015
20
-99.8482229999999902
11
174.2293289999999786
21
-99.7940299999999922
0
LINE
8
BLACK
6
CONTINUOUS
10
174.2293289999999786
20
-99.7940299999999922
11
174.3249999999999886
21
-99.7749999999999915
0
LINE
8
BLACK
6
CONTINUOUS
10
174.3249999999999886
20
-99.7749999999999915
11
175.2750000000000057
21
-99.7749999999999915
0
LINE
8
BLACK
6
CONTINUOUS
10
175.2750000000000057
20
-99.7749999999999915
11
175.3706709999999873
21
-99.7940299999999922
0
LINE
8
BLACK
6
CONTINUOUS
10
148.0074029999999823
20
-99.7464179999999914
11
148.0560659999999871
21
-99.7789339999999925
0
LINE
8
BLACK
6
CONTINUOUS
10
148.0560659999999871
20
-99.7789339999999925
11
148.0885820000000024
21
-99.8275969999999973
0
LINE
8
BLACK
6
CONTINUOUS
10
148.0885820000000024
20
-99.8275969999999973
11
148.0999999999999943
21
-99.8849999999999909
0
LINE
8
BLACK
6
CONTINUOUS
10
148.0999999999999943
20
-99.8849999999999909
11
148.0999999999999943
21
-100.1850000000000023
0
LINE
8
BLACK
6
CONTINUOUS
10
148.0999999999999943
20
-100.1850000000000023
11
148.0885820000000024
21
-100.2424029999999959
0
LINE
8
BLACK
6
CONTINUOUS
10
148.0885820000000024
20
-100.2424029999999959
11
148.0560659999999871
21
-100.2910660000000007
0
LINE
8
BLACK
6
CONTINUOUS
10
148.0560659999999871
20
-100.2910660000000007
11
148.0074029999999823
21
-100.3235820000000018
0
LINE
8
BLACK
6
CONTINUOUS
10
148.0074029999999823
20
-100.3235820000000018
11
147.9499999999999886
21
-100.3349999999999937
0
LINE
8
BLACK
6
CONTINUOUS
10
147.9499999999999886
20
-100.3349999999999937
11
146.5
21
-100.3349999999999937
0
LINE
8
BLACK
6
CONTINUOUS
10
146.5
20
-100.3349999999999937
11
146.4425970000000063
21
-100.3235820000000018
0
LINE
8
BLACK
6
CONTINUOUS
10
146.4425970000000063
20
-100.3235820000000018
11
146.3939340000000016
21
-100.2910660000000007
0
LINE
8
BLACK
6
CONTINUOUS
10
146.3939340000000016
20
-100.2910660000000007
11
146.3614179999999863
21
-100.2424029999999959
0
LINE
8
BLACK
6
CONTINUOUS
10
146.3614179999999863
20
-100.2424029999999959
11
146.3499999999999943
21
-100.1850000000000023
0
LINE
8
BLACK
6
CONTINUOUS
10
146.3499999999999943
20
-100.1850000000000023
11
146.3499999999999943
21
-99.8849999999999909
0
LINE
8
BLACK
6
CONTINUOUS
10
146.3499999999999943
20
-99.8849999999999909
11
146.3614179999999863
21
-99.8275969999999973
0
LINE
8
BLACK
6
CONTINUOUS
10
146.3614179999999863
20
-99.8275969999999973
11
146.3939340000000016
21
-99.7789339999999925
0
LINE
8
BLACK
6
CONTINUOUS
10
146.3939340000000016
20
-99.7789339999999925
11
146.4425970000000063
21
-99.7464179999999914
0
LINE
8
BLACK
6
CONTINUOUS
10
146.4425970000000063
20
-99.7464179999999914
11
146.5
21
-99.7349999999999994
0
LINE
8
BLACK
6
CONTINUOUS
10
146.5
20
-99.7349999999999994
11
147.9499999999999886
21
-99.7349999999999994
0
LINE
8
BLACK
6
CONTINUOUS
10
147.9499999999999886
20
-99.7349999999999994
11
148.0074029999999823
21
-99.7464179999999914
0
LINE
8
BLACK
6
CONTINUOUS
10
153.157402999999988
20
-99.7464179999999914
11
153.2060659999999928
21
-99.7789339999999925
0
LINE
8
BLACK
6
CONTINUOUS
10
153.2060659999999928
20
-99.7789339999999925
11
153.2385819999999796
21
-99.8275969999999973
0
LINE
8
BLACK
6
CONTINUOUS
10
153.2385819999999796
20
-99.8275969999999973
11
153.25
21
-99.8849999999999909
0
LINE
8
BLACK
6
CONTINUOUS
10
153.25
20
-99.8849999999999909
11
153.25
21
-100.1850000000000023
0
LINE
8
BLACK
6
CONTINUOUS
10
153.25
20
-100.1850000000000023
11
153.2385819999999796
21
-100.2424029999999959
0
LINE
8
BLACK
6
CONTINUOUS
10
153.2385819999999796
20
-100.2424029999999959
11
153.2060659999999928
21
-100.2910660000000007
0
LINE
8
BLACK
6
CONTINUOUS
10
153.2060659999999928
20
-100.2910660000000007
11
153.157402999999988
21
-100.3235820000000018
0
LINE
8
BLACK
6
CONTINUOUS
10
153.157402999999988
20
-100.3235820000000018
11
153.0999999999999943
21
-100.3349999999999937
0
LINE
8
BLACK
6
CONTINUOUS
10
153.0999999999999943
20
-100.3349999999999937
11
151.6500000000000057
21
-100.3349999999999937
0
LINE
8
BLACK
6
CONTINUOUS
10
151.6500000000000057
20
-100.3349999999999937
11
151.5925969999999836
21
-100.3235820000000018
0
LINE
8
BLACK
6
CONTINUOUS
10
151.5925969999999836
20
-100.3235820000000018
11
151.5439340000000072
21
-100.2910660000000007
0
LINE
8
BLACK
6
CONTINUOUS
10
151.5439340000000072
20
-100.2910660000000007
11
151.5114179999999919
21
-100.2424029999999959
0
LINE
8
BLACK
6
CONTINUOUS
10
151.5114179999999919
20
-100.2424029999999959
11
151.5
21
-100.1850000000000023
0
LINE
8
BLACK
6
CONTINUOUS
10
151.5
20
-100.1850000000000023
11
151.5
21
-99.8849999999999909
0
LINE
8
BLACK
6
CONTINUOUS
10
151.5
20
-99.8849999999999909
11
151.5114179999999919
21
-99.8275969999999973
0
LINE
8
BLACK
6
CONTINUOUS
10
151.5114179999999919
20
-99.8275969999999973
11
151.5439340000000072
21
-99.7789339999999925
0
LINE
8
BLACK
6
CONTINUOUS
10
151.5439340000000072
20
-99.7789339999999925
11
151.5925969999999836
21
-99.7464179999999914
0
LINE
8
BLACK
6
CONTINUOUS
10
151.5925969999999836
20
-99.7464179999999914
11
151.6500000000000057
21
-99.7349999999999994
0
LINE
8
BLACK
6
CONTINUOUS
10
151.6500000000000057
20
-99.7349999999999994
11
153.0999999999999943
21
-99.7349999999999994
0
LINE
8
BLACK
6
CONTINUOUS
10
153.0999999999999943
20
-99.7349999999999994
11
153.157402999999988
21
-99.7464179999999914
0
LINE
8
BLACK
6
CONTINUOUS
10
167.2074029999999993
20
-99.7464179999999914
11
167.2560660000000041
21
-99.7789339999999925
0
LINE
8
BLACK
6
CONTINUOUS
10
167.2560660000000041
20
-99.7789339999999925
11
167.288581999999991
21
-99.8275969999999973
0
LINE
8
BLACK
6
CONTINUOUS
10
167.288581999999991
20
-99.8275969999999973
11
167.2999999999999829
21
-99.8849999999999909
0
LINE
8
BLACK
6
CONTINUOUS
10
167.2999999999999829
20
-99.8849999999999909
11
167.2999999999999829
21
-100.1850000000000023
0
LINE
8
BLACK
6
CONTINUOUS
10
167.2999999999999829
20
-100.1850000000000023
11
167.288581999999991
21
-100.2424029999999959
0
LINE
8
BLACK
6
CONTINUOUS
10
167.288581999999991
20
-100.2424029999999959
11
167.2560660000000041
21
-100.2910660000000007
0
LINE
8
BLACK
6
CONTINUOUS
10
167.2560660000000041
20
-100.2910660000000007
11
167.2074029999999993
21
-100.3235820000000018
0
LINE
8
BLACK
6
CONTINUOUS
10
167.2074029999999993
20
-100.3235820000000018
11
167.1500000000000057
21
-100.3349999999999937
0
LINE
8
BLACK
6
CONTINUOUS
10
167.1500000000000057
20
-100.3349999999999937
11
165.6999999999999886
21
-100.3349999999999937
0
LINE
8
BLACK
6
CONTINUOUS
10
165.6999999999999886
20
-100.3349999999999937
11
165.642596999999995
21
-100.3235820000000018
0
LINE
8
BLACK
6
CONTINUOUS
10
165.642596999999995
20
-100.3235820000000018
11
165.5939339999999902
21
-100.2910660000000007
0
LINE
8
BLACK
6
CONTINUOUS
10
165.5939339999999902
20
-100.2910660000000007
11
165.5614180000000033
21
-100.2424029999999959
0
LINE
8
BLACK
6
CONTINUOUS
10
165.5614180000000033
20
-100.2424029999999959
11
165.5499999999999829
21
-100.1850000000000023
0
LINE
8
BLACK
6
CONTINUOUS
10
165.5499999999999829
20
-100.1850000000000023
11
165.5499999999999829
21
-99.8849999999999909
0
LINE
8
BLACK
6
CONTINUOUS
10
165.5499999999999829
20
-99.8849999999999909
11
165.5614180000000033
21
-99.8275969999999973
0
LINE
8
BLACK
6
CONTINUOUS
10
165.5614180000000033
20
-99.8275969999999973
11
165.5939339999999902
21
-99.7789339999999925
0
LINE
8
BLACK
6
CONTINUOUS
10
165.5939339999999902
20
-99.7789339999999925
11
165.642596999999995
21
-99.7464179999999914
0
LINE
8
BLACK
6
CONTINUOUS
10
165.642596999999995
20
-99.7464179999999914
11
165.6999999999999886
21
-99.7349999999999994
0
LINE
8
BLACK
6
CONTINUOUS
10
165.6999999999999886
20
-99.7349999999999994
11
167.1500000000000057
21
-99.7349999999999994
0
LINE
8
BLACK
6
CONTINUOUS
10
167.1500000000000057
20
-99.7349999999999994
11
167.2074029999999993
21
-99.7464179999999914
0
LINE
8
BLACK
6
CONTINUOUS
10
172.357403000000005
20
-99.7464179999999914
11
172.4060659999999814
21
-99.7789339999999925
0
LINE
8
BLACK
6
CONTINUOUS
10
172.4060659999999814
20
-99.7789339999999925
11
172.4385819999999967
21
-99.8275969999999973
0
LINE
8
BLACK
6
CONTINUOUS
10
172.4385819999999967
20
-99.8275969999999973
11
172.4499999999999886
21
-99.8849999999999909
0
LINE
8
BLACK
6
CONTINUOUS
10
172.4499999999999886
20
-99.8849999999999909
11
172.4499999999999886
21
-100.1850000000000023
0
LINE
8
BLACK
6
CONTINUOUS
10
172.4499999999999886
20
-100.1850000000000023
11
172.4385819999999967
21
-100.2424029999999959
0
LINE
8
BLACK
6
CONTINUOUS
10
172.4385819999999967
20
-100.2424029999999959
11
172.4060659999999814
21
-100.2910660000000007
0
LINE
8
BLACK
6
CONTINUOUS
10
172.4060659999999814
20
-100.2910660000000007
11
172.357403000000005
21
-100.3235820000000018
0
LINE
8
BLACK
6
CONTINUOUS
10
172.357403000000005
20
-100.3235820000000018
11
172.2999999999999829
21
-100.3349999999999937
0
LINE
8
BLACK
6
CONTINUOUS
10
172.2999999999999829
20
-100.3349999999999937
11
170.8499999999999943
21
-100.3349999999999937
0
LINE
8
BLACK
6
CONTINUOUS
10
170.8499999999999943
20
-100.3349999999999937
11
170.7925970000000007
21
-100.3235820000000018
0
LINE
8
BLACK
6
CONTINUOUS
10
170.7925970000000007
20
-100.3235820000000018
11
170.7439339999999959
21
-100.2910660000000007
0
LINE
8
BLACK
6
CONTINUOUS
10
170.7439339999999959
20
-100.2910660000000007
11
170.7114179999999806
21
-100.2424029999999959
0
LINE
8
BLACK
6
CONTINUOUS
10
170.7114179999999806
20
-100.2424029999999959
11
170.6999999999999886
21
-100.1850000000000023
0
LINE
8
BLACK
6
CONTINUOUS
10
170.6999999999999886
20
-100.1850000000000023
11
170.6999999999999886
21
-99.8849999999999909
0
LINE
8
BLACK
6
CONTINUOUS
10
170.6999999999999886
20
-99.8849999999999909
11
170.7114179999999806
21
-99.8275969999999973
0
LINE
8
BLACK
6
CONTINUOUS
10
170.7114179999999806
20
-99.8275969999999973
11
170.7439339999999959
21
-99.7789339999999925
0
LINE
8
BLACK
6
CONTINUOUS
10
170.7439339999999959
20
-99.7789339999999925
11
170.7925970000000007
21
-99.7464179999999914
0
LINE
8
BLACK
6
CONTINUOUS
10
170.7925970000000007
20
-99.7464179999999914
11
170.8499999999999943
21
-99.7349999999999994
0
LINE
8
BLACK
6
CONTINUOUS
10
170.8499999999999943
20
-99.7349999999999994
11
172.2999999999999829
21
-99.7349999999999994
0
LINE
8
BLACK
6
CONTINUOUS
10
172.2999999999999829
20
-99.7349999999999994
11
172.357403000000005
21
-99.7464179999999914
0
LINE
8
BLACK
6
CONTINUOUS
10
144.9456710000000044
20
-99.0190300000000008
11
145.0267769999999814
21
-99.0732229999999987
0
LINE
8
BLACK
6
CONTINUOUS
10
145.0267769999999814
20
-99.0732229999999987
11
145.0809699999999793
21
-99.1543289999999899
0
LINE
8
BLACK
6
CONTINUOUS
10
145.0809699999999793
20
-99.1543289999999899
11
145.0999999999999943
21
-99.25
0
LINE
8
BLACK
6
CONTINUOUS
10
145.0999999999999943
20
-99.25
11
145.0999999999999943
21
-99.9499999999999886
0
LINE
8
BLACK
6
CONTINUOUS
10
145.0999999999999943
20
-99.9499999999999886
11
145.0809699999999793
21
-100.0456709999999987
0
LINE
8
BLACK
6
CONTINUOUS
10
145.0809699999999793
20
-100.0456709999999987
11
145.0267769999999814
21
-100.1267769999999899
0
LINE
8
BLACK
6
CONTINUOUS
10
145.0267769999999814
20
-100.1267769999999899
11
144.9456710000000044
21
-100.1809700000000021
0
LINE
8
BLACK
6
CONTINUOUS
10
144.9456710000000044
20
-100.1809700000000021
11
144.8499999999999943
21
-100.1999999999999886
0
LINE
8
BLACK
6
CONTINUOUS
10
144.8499999999999943
20
-100.1999999999999886
11
143.9499999999999886
21
-100.1999999999999886
0
LINE
8
BLACK
6
CONTINUOUS
10
143.9499999999999886
20
-100.1999999999999886
11
143.854329000000007
21
-100.1809700000000021
0
LINE
8
BLACK
6
CONTINUOUS
10
143.854329000000007
20
-100.1809700000000021
11
143.7732230000000015
21
-100.1267769999999899
0
LINE
8
BLACK
6
CONTINUOUS
10
143.7732230000000015
20
-100.1267769999999899
11
143.7190300000000036
21
-100.0456709999999987
0
LINE
8
BLACK
6
CONTINUOUS
10
143.7190300000000036
20
-100.0456709999999987
11
143.6999999999999886
21
-99.9499999999999886
0
LINE
8
BLACK
6
CONTINUOUS
10
143.6999999999999886
20
-99.9499999999999886
11
143.6999999999999886
21
-99.25
0
LINE
8
BLACK
6
CONTINUOUS
10
143.6999999999999886
20
-99.25
11
143.7190300000000036
21
-99.1543289999999899
0
LINE
8
BLACK
6
CONTINUOUS
10
143.7190300000000036
20
-99.1543289999999899
11
143.7732230000000015
21
-99.0732229999999987
0
LINE
8
BLACK
6
CONTINUOUS
10
143.7732230000000015
20
-99.0732229999999987
11
143.854329000000007
21
-99.0190300000000008
0
LINE
8
BLACK
6
CONTINUOUS
10
143.854329000000007
20
-99.0190300000000008
11
143.9499999999999886
21
-99.
0
LINE
8
BLACK
6
CONTINUOUS
10
143.9499999999999886
20
-99.
11
144.8499999999999943
21
-99.
0
LINE
8
BLACK
6
CONTINUOUS
10
144.8499999999999943
20
-99.
11
144.9456710000000044
21
-99.0190300000000008
0
LINE
8
BLACK
6
CONTINUOUS
10
155.7456709999999873
20
-99.0190300000000008
11
155.8267769999999928
21
-99.0732229999999987
0
LINE
8
BLACK
6
CONTINUOUS
10
155.8267769999999928
20
-99.0732229999999987
11
155.8809699999999907
21
-99.1543289999999899
0
LINE
8
BLACK
6
CONTINUOUS
10
155.8809699999999907
20
-99.1543289999999899
11
155.9000000000000057
21
-99.25
0
LINE
8
BLACK
6
CONTINUOUS
10
155.9000000000000057
20
-99.25
11
155.9000000000000057
21
-99.9499999999999886
0
LINE
8
BLACK
6
CONTINUOUS
10
155.9000000000000057
20
-99.9499999999999886
11
155.8809699999999907
21
-100.0456709999999987
0
LINE
8
BLACK
6
CONTINUOUS
10
155.8809699999999907
20
-100.0456709999999987
11
155.8267769999999928
21
-100.1267769999999899
0
LINE
8
BLACK
6
CONTINUOUS
10
155.8267769999999928
20
-100.1267769999999899
11
155.7456709999999873
21
-100.1809700000000021
0
LINE
8
BLACK
6
CONTINUOUS
10
155.7456709999999873
20
-100.1809700000000021
11
155.6500000000000057
21
-100.1999999999999886
0
LINE
8
BLACK
6
CONTINUOUS
10
155.6500000000000057
20
-100.1999999999999886
11
154.75
21
-100.1999999999999886
0
LINE
8
BLACK
6
CONTINUOUS
10
154.75
20
-100.1999999999999886
11
154.6543289999999899
21
-100.1809700000000021
0
LINE
8
BLACK
6
CONTINUOUS
10
154.6543289999999899
20
-100.1809700000000021
11
154.5732229999999845
21
-100.1267769999999899
0
LINE
8
BLACK
6
CONTINUOUS
10
154.5732229999999845
20
-100.1267769999999899
11
154.5190299999999866
21
-100.0456709999999987
0
LINE
8
BLACK
6
CONTINUOUS
10
154.5190299999999866
20
-100.0456709999999987
11
154.5
21
-99.9499999999999886
0
LINE
8
BLACK
6
CONTINUOUS
10
154.5
20
-99.9499999999999886
11
154.5
21
-99.25
0
LINE
8
BLACK
6
CONTINUOUS
10
154.5
20
-99.25
11
154.5190299999999866
21
-99.1543289999999899
0
LINE
8
BLACK
6
CONTINUOUS
10
154.5190299999999866
20
-99.1543289999999899
11
154.5732229999999845
21
-99.0732229999999987
0
LINE
8
BLACK
6
CONTINUOUS
10
154.5732229999999845
20
-99.0732229999999987
11
154.6543289999999899
21
-99.0190300000000008
0
LINE
8
BLACK
6
CONTINUOUS
10
154.6543289999999899
20
-99.0190300000000008
11
154.75
21
-99.
0
LINE
8
BLACK
6
CONTINUOUS
10
154.75
20
-99.
11
155.6500000000000057
21
-99.
0
LINE
8
BLACK
6
CONTINUOUS
10
155.6500000000000057
20
-99.
11
155.7456709999999873
21
-99.0190300000000008
0
LINE
8
BLACK
6
CONTINUOUS
10
164.145670999999993
20
-99.0190300000000008
11
164.2267769999999985
21
-99.0732229999999987
0
LINE
8
BLACK
6
CONTINUOUS
10
164.2267769999999985
20
-99.0732229999999987
11
164.2809699999999964
21
-99.1543289999999899
0
LINE
8
BLACK
6
CONTINUOUS
10
164.2809699999999964
20
-99.1543289999999899
11
164.2999999999999829
21
-99.25
0
LINE
8
BLACK
6
CONTINUOUS
10
164.2999999999999829
20
-99.25
11
164.2999999999999829
21
-99.9499999999999886
0
LINE
8
BLACK
6
CONTINUOUS
10
164.2999999999999829
20
-99.9499999999999886
11
164.2809699999999964
21
-100.0456709999999987
0
LINE
8
BLACK
6
CONTINUOUS
10
164.2809699999999964
20
-100.0456709999999987
11
164.2267769999999985
21
-100.1267769999999899
0
LINE
8
BLACK
6
CONTINUOUS
10
164.2267769999999985
20
-100.1267769999999899
11
164.145670999999993
21
-100.1809700000000021
0
LINE
8
BLACK
6
CONTINUOUS
10
164.145670999999993
20
-100.1809700000000021
11
164.0499999999999829
21
-100.1999999999999886
0
LINE
8
BLACK
6
CONTINUOUS
10
164.0499999999999829
20
-100.1999999999999886
11
163.1500000000000057
21
-100.1999999999999886
0
LINE
8
BLACK
6
CONTINUOUS
10
163.1500000000000057
20
-100.1999999999999886
11
163.0543289999999956
21
-100.1809700000000021
0
LINE
8
BLACK
6
CONTINUOUS
10
163.0543289999999956
20
-100.1809700000000021
11
162.9732229999999902
21
-100.1267769999999899
0
LINE
8
BLACK
6
CONTINUOUS
10
162.9732229999999902
20
-100.1267769999999899
11
162.9190299999999922
21
-100.0456709999999987
0
LINE
8
BLACK
6
CONTINUOUS
10
162.9190299999999922
20
-100.0456709999999987
11
162.9000000000000057
21
-99.9499999999999886
0
LINE
8
BLACK
6
CONTINUOUS
10
162.9000000000000057
20
-99.9499999999999886
11
162.9000000000000057
21
-99.25
0
LINE
8
BLACK
6
CONTINUOUS
10
162.9000000000000057
20
-99.25
11
162.9190299999999922
21
-99.1543289999999899
0
LINE
8
BLACK
6
CONTINUOUS
10
162.9190299999999922
20
-99.1543289999999899
11
162.9732229999999902
21
-99.0732229999999987
0
LINE
8
BLACK
6
CONTINUOUS
10
162.9732229999999902
20
-99.0732229999999987
11
163.0543289999999956
21
-99.0190300000000008
0
LINE
8
BLACK
6
CONTINUOUS
10
163.0543289999999956
20
-99.0190300000000008
11
163.1500000000000057
21
-99.
0
LINE
8
BLACK
6
CONTINUOUS
10
163.1500000000000057
20
-99.
11
164.0499999999999829
21
-99.
0
LINE
8
BLACK
6
CONTINUOUS
10
164.0499999999999829
20
-99.
11
164.145670999999993
21
-99.0190300000000008
0
LINE
8
BLACK
6
CONTINUOUS
10
128.8074029999999937
20
-99.5464179999999885
11
128.8560659999999984
21
-99.5789339999999896
0
LINE
8
BLACK
6
CONTINUOUS
10
128.8560659999999984
20
-99.5789339999999896
11
128.8885819999999853
21
-99.6275969999999944
0
LINE
8
BLACK
6
CONTINUOUS
10
128.8885819999999853
20
-99.6275969999999944
11
128.9000000000000057
21
-99.6850000000000023
0
LINE
8
BLACK
6
CONTINUOUS
10
128.9000000000000057
20
-99.6850000000000023
11
128.9000000000000057
21
-99.9849999999999994
0
LINE
8
BLACK
6
CONTINUOUS
10
128.9000000000000057
20
-99.9849999999999994
11
128.8885819999999853
21
-100.0424029999999931
0
LINE
8
BLACK
6
CONTINUOUS
10
128.8885819999999853
20
-100.0424029999999931
11
128.8560659999999984
21
-100.0910659999999979
0
LINE
8
BLACK
6
CONTINUOUS
10
128.8560659999999984
20
-100.0910659999999979
11
128.8074029999999937
21
-100.123581999999999
0
LINE
8
BLACK
6
CONTINUOUS
10
128.8074029999999937
20
-100.123581999999999
11
128.75
21
-100.1349999999999909
0
LINE
8
BLACK
6
CONTINUOUS
10
128.75
20
-100.1349999999999909
11
127.2999999999999972
21
-100.1349999999999909
0
LINE
8
BLACK
6
CONTINUOUS
10
127.2999999999999972
20
-100.1349999999999909
11
127.2425969999999893
21
-100.123581999999999
0
LINE
8
BLACK
6
CONTINUOUS
10
127.2425969999999893
20
-100.123581999999999
11
127.1939339999999987
21
-100.0910659999999979
0
LINE
8
BLACK
6
CONTINUOUS
10
127.1939339999999987
20
-100.0910659999999979
11
127.1614179999999976
21
-100.0424029999999931
0
LINE
8
BLACK
6
CONTINUOUS
10
127.1614179999999976
20
-100.0424029999999931
11
127.1499999999999915
21
-99.9849999999999994
0
LINE
8
BLACK
6
CONTINUOUS
10
127.1499999999999915
20
-99.9849999999999994
11
127.1499999999999915
21
-99.6850000000000023
0
LINE
8
BLACK
6
CONTINUOUS
10
127.1499999999999915
20
-99.6850000000000023
11
127.1614179999999976
21
-99.6275969999999944
0
LINE
8
BLACK
6
CONTINUOUS
10
127.1614179999999976
20
-99.6275969999999944
11
127.1939339999999987
21
-99.5789339999999896
0
LINE
8
BLACK
6
CONTINUOUS
10
127.1939339999999987
20
-99.5789339999999896
11
127.2425969999999893
21
-99.5464179999999885
0
LINE
8
BLACK
6
CONTINUOUS
10
127.2425969999999893
20
-99.5464179999999885
11
127.2999999999999972
21
-99.5349999999999966
0
LINE
8
BLACK
6
CONTINUOUS
10
127.2999999999999972
20
-99.5349999999999966
11
128.75
21
-99.5349999999999966
0
LINE
8
BLACK
6
CONTINUOUS
10
128.75
20
-99.5349999999999966
11
128.8074029999999937
21
-99.5464179999999885
0
LINE
8
BLACK
6
CONTINUOUS
10
133.9574029999999993
20
-99.5464179999999885
11
134.0060660000000041
21
-99.5789339999999896
0
LINE
8
BLACK
6
CONTINUOUS
10
134.0060660000000041
20
-99.5789339999999896
11
134.038581999999991
21
-99.6275969999999944
0
LINE
8
BLACK
6
CONTINUOUS
10
134.038581999999991
20
-99.6275969999999944
11
134.0499999999999829
21
-99.6850000000000023
0
LINE
8
BLACK
6
CONTINUOUS
10
134.0499999999999829
20
-99.6850000000000023
11
134.0499999999999829
21
-99.9849999999999994
0
LINE
8
BLACK
6
CONTINUOUS
10
134.0499999999999829
20
-99.9849999999999994
11
134.038581999999991
21
-100.0424029999999931
0
LINE
8
BLACK
6
CONTINUOUS
10
134.038581999999991
20
-100.0424029999999931
11
134.0060660000000041
21
-100.0910659999999979
0
LINE
8
BLACK
6
CONTINUOUS
10
134.0060660000000041
20
-100.0910659999999979
11
133.9574029999999993
21
-100.123581999999999
0
LINE
8
BLACK
6
CONTINUOUS
10
133.9574029999999993
20
-100.123581999999999
11
133.9000000000000057
21
-100.1349999999999909
0
LINE
8
BLACK
6
CONTINUOUS
10
133.9000000000000057
20
-100.1349999999999909
11
132.4499999999999886
21
-100.1349999999999909
0
LINE
8
BLACK
6
CONTINUOUS
10
132.4499999999999886
20
-100.1349999999999909
11
132.392596999999995
21
-100.123581999999999
0
LINE
8
BLACK
6
CONTINUOUS
10
132.392596999999995
20
-100.123581999999999
11
132.3439339999999902
21
-100.0910659999999979
0
LINE
8
BLACK
6
CONTINUOUS
10
132.3439339999999902
20
-100.0910659999999979
11
132.3114180000000033
21
-100.0424029999999931
0
LINE
8
BLACK
6
CONTINUOUS
10
132.3114180000000033
20
-100.0424029999999931
11
132.2999999999999829
21
-99.9849999999999994
0
LINE
8
BLACK
6
CONTINUOUS
10
132.2999999999999829
20
-99.9849999999999994
11
132.2999999999999829
21
-99.6850000000000023
0
LINE
8
BLACK
6
CONTINUOUS
10
132.2999999999999829
20
-99.6850000000000023
11
132.3114180000000033
21
-99.6275969999999944
0
LINE
8
BLACK
6
CONTINUOUS
10
132.3114180000000033
20
-99.6275969999999944
11
132.3439339999999902
21
-99.5789339999999896
0
LINE
8
BLACK
6
CONTINUOUS
10
132.3439339999999902
20
-99.5789339999999896
11
132.392596999999995
21
-99.5464179999999885
0
LINE
8
BLACK
6
CONTINUOUS
10
132.392596999999995
20
-99.5464179999999885
11
132.4499999999999886
21
-99.5349999999999966
0
LINE
8
BLACK
6
CONTINUOUS
10
132.4499999999999886
20
-99.5349999999999966
11
133.9000000000000057
21
-99.5349999999999966
0
LINE
8
BLACK
6
CONTINUOUS
10
133.9000000000000057
20
-99.5349999999999966
11
133.9574029999999993
21
-99.5464179999999885
0
LINE
8
BLACK
6
CONTINUOUS
10
125.7456709999999873
20
-98.8190299999999979
11
125.8267769999999928
21
-98.8732229999999959
0
LINE
8
BLACK
6
CONTINUOUS
10
125.8267769999999928
20
-98.8732229999999959
11
125.8809699999999907
21
-98.9543290000000013
0
LINE
8
BLACK
6
CONTINUOUS
10
125.8809699999999907
20
-98.9543290000000013
11
125.8999999999999915
21
-99.0499999999999972
0
LINE
8
BLACK
6
CONTINUOUS
10
125.8999999999999915
20
-99.0499999999999972
11
125.8999999999999915
21
-99.75
0
LINE
8
BLACK
6
CONTINUOUS
10
125.8999999999999915
20
-99.75
11
125.8809699999999907
21
-99.8456709999999958
0
LINE
8
BLACK
6
CONTINUOUS
10
125.8809699999999907
20
-99.8456709999999958
11
125.8267769999999928
21
-99.9267770000000013
0
LINE
8
BLACK
6
CONTINUOUS
10
125.8267769999999928
20
-99.9267770000000013
11
125.7456709999999873
21
-99.9809699999999992
0
LINE
8
BLACK
6
CONTINUOUS
10
125.7456709999999873
20
-99.9809699999999992
11
125.6499999999999915
21
-100.
0
LINE
8
BLACK
6
CONTINUOUS
10
125.6499999999999915
20
-100.
11
124.75
21
-100.
0
LINE
8
BLACK
6
CONTINUOUS
10
124.75
20
-100.
11
124.6543289999999899
21
-99.9809699999999992
0
LINE
8
BLACK
6
CONTINUOUS
10
124.6543289999999899
20
-99.9809699999999992
11
124.5732229999999987
21
-99.9267770000000013
0
LINE
8
BLACK
6
CONTINUOUS
10
124.5732229999999987
20
-99.9267770000000013
11
124.5190300000000008
21
-99.8456709999999958
0
LINE
8
BLACK
6
CONTINUOUS
10
124.5190300000000008
20
-99.8456709999999958
11
124.5
21
-99.75
0
LINE
8
BLACK
6
CONTINUOUS
10
124.5
20
-99.75
11
124.5
21
-99.0499999999999972
0
LINE
8
BLACK
6
CONTINUOUS
10
124.5
20
-99.0499999999999972
11
124.5190300000000008
21
-98.9543290000000013
0
LINE
8
BLACK
6
CONTINUOUS
10
124.5190300000000008
20
-98.9543290000000013
11
124.5732229999999987
21
-98.8732229999999959
0
LINE
8
BLACK
6
CONTINUOUS
10
124.5732229999999987
20
-98.8732229999999959
11
124.6543289999999899
21
-98.8190299999999979
0
LINE
8
BLACK
6
CONTINUOUS
10
124.6543289999999899
20
-98.8190299999999979
11
124.75
21
-98.7999999999999972
0
LINE
8
BLACK
6
CONTINUOUS
10
124.75
20
-98.7999999999999972
11
125.6499999999999915
21
-98.7999999999999972
0
LINE
8
BLACK
6
CONTINUOUS
10
125.6499999999999915
20
-98.7999999999999972
11
125.7456709999999873
21
-98.8190299999999979
0
LINE
8
BLACK
6
CONTINUOUS
10
136.5456709999999987
20
-98.8190299999999979
11
136.6267770000000041
21
-98.8732229999999959
0
LINE
8
BLACK
6
CONTINUOUS
10
136.6267770000000041
20
-98.8732229999999959
11
136.6809700000000021
21
-98.9543290000000013
0
LINE
8
BLACK
6
CONTINUOUS
10
136.6809700000000021
20
-98.9543290000000013
11
136.6999999999999886
21
-99.0499999999999972
0
LINE
8
BLACK
6
CONTINUOUS
10
136.6999999999999886
20
-99.0499999999999972
11
136.6999999999999886
21
-99.75
0
LINE
8
BLACK
6
CONTINUOUS
10
136.6999999999999886
20
-99.75
11
136.6809700000000021
21
-99.8456709999999958
0
LINE
8
BLACK
6
CONTINUOUS
10
136.6809700000000021
20
-99.8456709999999958
11
136.6267770000000041
21
-99.9267770000000013
0
LINE
8
BLACK
6
CONTINUOUS
10
136.6267770000000041
20
-99.9267770000000013
11
136.5456709999999987
21
-99.9809699999999992
0
LINE
8
BLACK
6
CONTINUOUS
10
136.5456709999999987
20
-99.9809699999999992
11
136.4499999999999886
21
-100.
0
LINE
8
BLACK
6
CONTINUOUS
10
136.4499999999999886
20
-100.
11
135.5499999999999829
21
-100.
0
LINE
8
BLACK
6
CONTINUOUS
10
135.5499999999999829
20
-100.
11
135.4543290000000013
21
-99.9809699999999992
0
LINE
8
BLACK
6
CONTINUOUS
10
135.4543290000000013
20
-99.9809699999999992
11
135.3732229999999959
21
-99.9267770000000013
0
LINE
8
BLACK
6
CONTINUOUS
10
135.3732229999999959
20
-99.9267770000000013
11
135.3190299999999979
21
-99.8456709999999958
0
LINE
8
BLACK
6
CONTINUOUS
10
135.3190299999999979
20
-99.8456709999999958
11
135.2999999999999829
21
-99.75
0
LINE
8
BLACK
6
CONTINUOUS
10
135.2999999999999829
20
-99.75
11
135.2999999999999829
21
-99.0499999999999972
0
LINE
8
BLACK
6
CONTINUOUS
10
135.2999999999999829
20
-99.0499999999999972
11
135.3190299999999979
21
-98.9543290000000013
0
LINE
8
BLACK
6
CONTINUOUS
10
135.3190299999999979
20
-98.9543290000000013
11
135.3732229999999959
21
-98.8732229999999959
0
LINE
8
BLACK
6
CONTINUOUS
10
135.3732229999999959
20
-98.8732229999999959
11
135.4543290000000013
21
-98.8190299999999979
0
LINE
8
BLACK
6
CONTINUOUS
10
135.4543290000000013
20
-98.8190299999999979
11
135.5499999999999829
21
-98.7999999999999972
0
LINE
8
BLACK
6
CONTINUOUS
10
135.5499999999999829
20
-98.7999999999999972
11
136.4499999999999886
21
-98.7999999999999972
0
LINE
8
BLACK
6
CONTINUOUS
10
136.4499999999999886
20
-98.7999999999999972
11
136.5456709999999987
21
-98.8190299999999979
0
LINE
8
BLACK
6
CONTINUOUS
10
148.0074029999999823
20
-98.4764179999999953
11
148.0560659999999871
21
-98.5089339999999964
0
LINE
8
BLACK
6
CONTINUOUS
10
148.0560659999999871
20
-98.5089339999999964
11
148.0885820000000024
21
-98.5575970000000012
0
LINE
8
BLACK
6
CONTINUOUS
10
148.0885820000000024
20
-98.5575970000000012
11
148.0999999999999943
21
-98.6149999999999949
0
LINE
8
BLACK
6
CONTINUOUS
10
148.0999999999999943
20
-98.6149999999999949
11
148.0999999999999943
21
-98.914999999999992
0
LINE
8
BLACK
6
CONTINUOUS
10
148.0999999999999943
20
-98.914999999999992
11
148.0885820000000024
21
-98.9724029999999999
0
LINE
8
BLACK
6
CONTINUOUS
10
148.0885820000000024
20
-98.9724029999999999
11
148.0560659999999871
21
-99.0210659999999905
0
LINE
8
BLACK
6
CONTINUOUS
10
148.0560659999999871
20
-99.0210659999999905
11
148.0074029999999823
21
-99.0535819999999916
0
LINE
8
BLACK
6
CONTINUOUS
10
148.0074029999999823
20
-99.0535819999999916
11
147.9499999999999886
21
-99.0649999999999977
0
LINE
8
BLACK
6
CONTINUOUS
10
147.9499999999999886
20
-99.0649999999999977
11
146.5
21
-99.0649999999999977
0
LINE
8
BLACK
6
CONTINUOUS
10
146.5
20
-99.0649999999999977
11
146.4425970000000063
21
-99.0535819999999916
0
LINE
8
BLACK
6
CONTINUOUS
10
146.4425970000000063
20
-99.0535819999999916
11
146.3939340000000016
21
-99.0210659999999905
0
LINE
8
BLACK
6
CONTINUOUS
10
146.3939340000000016
20
-99.0210659999999905
11
146.3614179999999863
21
-98.9724029999999999
0
LINE
8
BLACK
6
CONTINUOUS
10
146.3614179999999863
20
-98.9724029999999999
11
146.3499999999999943
21
-98.914999999999992
0
LINE
8
BLACK
6
CONTINUOUS
10
146.3499999999999943
20
-98.914999999999992
11
146.3499999999999943
21
-98.6149999999999949
0
LINE
8
BLACK
6
CONTINUOUS
10
146.3499999999999943
20
-98.6149999999999949
11
146.3614179999999863
21
-98.5575970000000012
0
LINE
8
BLACK
6
CONTINUOUS
10
146.3614179999999863
20
-98.5575970000000012
11
146.3939340000000016
21
-98.5089339999999964
0
LINE
8
BLACK
6
CONTINUOUS
10
146.3939340000000016
20
-98.5089339999999964
11
146.4425970000000063
21
-98.4764179999999953
0
LINE
8
BLACK
6
CONTINUOUS
10
146.4425970000000063
20
-98.4764179999999953
11
146.5
21
-98.4649999999999892
0
LINE
8
BLACK
6
CONTINUOUS
10
146.5
20
-98.4649999999999892
11
147.9499999999999886
21
-98.4649999999999892
0
LINE
8
BLACK
6
CONTINUOUS
10
147.9499999999999886
20
-98.4649999999999892
11
148.0074029999999823
21
-98.4764179999999953
0
LINE
8
BLACK
6
CONTINUOUS
10
153.157402999999988
20
-98.4764179999999953
11
153.2060659999999928
21
-98.5089339999999964
0
LINE
8
BLACK
6
CONTINUOUS
10
153.2060659999999928
20
-98.5089339999999964
11
153.2385819999999796
21
-98.5575970000000012
0
LINE
8
BLACK
6
CONTINUOUS
10
153.2385819999999796
20
-98.5575970000000012
11
153.25
21
-98.6149999999999949
0
LINE
8
BLACK
6
CONTINUOUS
10
153.25
20
-98.6149999999999949
11
153.25
21
-98.914999999999992
0
LINE
8
BLACK
6
CONTINUOUS
10
153.25
20
-98.914999999999992
11
153.2385819999999796
21
-98.9724029999999999
0
LINE
8
BLACK
6
CONTINUOUS
10
153.2385819999999796
20
-98.9724029999999999
11
153.2060659999999928
21
-99.0210659999999905
0
LINE
8
BLACK
6
CONTINUOUS
10
153.2060659999999928
20
-99.0210659999999905
11
153.157402999999988
21
-99.0535819999999916
0
LINE
8
BLACK
6
CONTINUOUS
10
153.157402999999988
20
-99.0535819999999916
11
153.0999999999999943
21
-99.0649999999999977
0
LINE
8
BLACK
6
CONTINUOUS
10
153.0999999999999943
20
-99.0649999999999977
11
151.6500000000000057
21
-99.0649999999999977
0
LINE
8
BLACK
6
CONTINUOUS
10
151.6500000000000057
20
-99.0649999999999977
11
151.5925969999999836
21
-99.0535819999999916
0
LINE
8
BLACK
6
CONTINUOUS
10
151.5925969999999836
20
-99.0535819999999916
11
151.5439340000000072
21
-99.0210659999999905
0
LINE
8
BLACK
6
CONTINUOUS
10
151.5439340000000072
20
-99.0210659999999905
11
151.5114179999999919
21
-98.9724029999999999
0
LINE
8
BLACK
6
CONTINUOUS
10
151.5114179999999919
20
-98.9724029999999999
11
151.5
21
-98.914999999999992
0
LINE
8
BLACK
6
CONTINUOUS
10
151.5
20
-98.914999999999992
11
151.5
21
-98.6149999999999949
0
LINE
8
BLACK
6
CONTINUOUS
10
151.5
20
-98.6149999999999949
11
151.5114179999999919
21
-98.5575970000000012
0
LINE
8
BLACK
6
CONTINUOUS
10
151.5114179999999919
20
-98.5575970000000012
11
151.5439340000000072
21
-98.5089339999999964
0
LINE
8
BLACK
6
CONTINUOUS
10
151.5439340000000072
20
-98.5089339999999964
11
151.5925969999999836
21
-98.4764179999999953
0
LINE
8
BLACK
6
CONTINUOUS
10
151.5925969999999836
20
-98.4764179999999953
11
151.6500000000000057
21
-98.4649999999999892
0
LINE
8
BLACK
6
CONTINUOUS
10
151.6500000000000057
20
-98.4649999999999892
11
153.0999999999999943
21
-98.4649999999999892
0
LINE
8
BLACK
6
CONTINUOUS
10
153.0999999999999943
20
-98.4649999999999892
11
153.157402999999988
21
-98.4764179999999953
0
LINE
8
BLACK
6
CONTINUOUS
10
167.2074029999999993
20
-98.4764179999999953
11
167.2560660000000041
21
-98.5089339999999964
0
LINE
8
BLACK
6
CONTINUOUS
10
167.2560660000000041
20
-98.5089339999999964
11
167.288581999999991
21
-98.5575970000000012
0
LINE
8
BLACK
6
CONTINUOUS
10
167.288581999999991
20
-98.5575970000000012
11
167.2999999999999829
21
-98.6149999999999949
0
LINE
8
BLACK
6
CONTINUOUS
10
167.2999999999999829
20
-98.6149999999999949
11
167.2999999999999829
21
-98.914999999999992
0
LINE
8
BLACK
6
CONTINUOUS
10
167.2999999999999829
20
-98.914999999999992
11
167.288581999999991
21
-98.9724029999999999
0
LINE
8
BLACK
6
CONTINUOUS
10
167.288581999999991
20
-98.9724029999999999
11
167.2560660000000041
21
-99.0210659999999905
0
LINE
8
BLACK
6
CONTINUOUS
10
167.2560660000000041
20
-99.0210659999999905
11
167.2074029999999993
21
-99.0535819999999916
0
LINE
8
BLACK
6
CONTINUOUS
10
167.2074029999999993
20
-99.0535819999999916
11
167.1500000000000057
21
-99.0649999999999977
0
LINE
8
BLACK
6
CONTINUOUS
10
167.1500000000000057
20
-99.0649999999999977
11
165.6999999999999886
21
-99.0649999999999977
0
LINE
8
BLACK
6
CONTINUOUS
10
165.6999999999999886
20
-99.0649999999999977
11
165.642596999999995
21
-99.0535819999999916
0
LINE
8
BLACK
6
CONTINUOUS
10
165.642596999999995
20
-99.0535819999999916
11
165.5939339999999902
21
-99.0210659999999905
0
LINE
8
BLACK
6
CONTINUOUS
10
165.5939339999999902
20
-99.0210659999999905
11
165.5614180000000033
21
-98.9724029999999999
0
LINE
8
BLACK
6
CONTINUOUS
10
165.5614180000000033
20
-98.9724029999999999
11
165.5499999999999829
21
-98.914999999999992
0
LINE
8
BLACK
6
CONTINUOUS
10
165.5499999999999829
20
-98.914999999999992
11
165.5499999999999829
21
-98.6149999999999949
0
LINE
8
BLACK
6
CONTINUOUS
10
165.5499999999999829
20
-98.6149999999999949
11
165.5614180000000033
21
-98.5575970000000012
0
LINE
8
BLACK
6
CONTINUOUS
10
165.5614180000000033
20
-98.5575970000000012
11
165.5939339999999902
21
-98.5089339999999964
0
LINE
8
BLACK
6
CONTINUOUS
10
165.5939339999999902
20
-98.5089339999999964
11
165.642596999999995
21
-98.4764179999999953
0
LINE
8
BLACK
6
CONTINUOUS
10
165.642596999999995
20
-98.4764179999999953
11
165.6999999999999886
21
-98.4649999999999892
0
LINE
8
BLACK
6
CONTINUOUS
10
165.6999999999999886
20
-98.4649999999999892
11
167.1500000000000057
21
-98.4649999999999892
0
LINE
8
BLACK
6
CONTINUOUS
10
167.1500000000000057
20
-98.4649999999999892
11
167.2074029999999993
21
-98.4764179999999953
0
LINE
8
BLACK
6
CONTINUOUS
10
172.357403000000005
20
-98.4764179999999953
11
172.4060659999999814
21
-98.5089339999999964
0
LINE
8
BLACK
6
CONTINUOUS
10
172.4060659999999814
20
-98.5089339999999964
11
172.4385819999999967
21
-98.5575970000000012
0
LINE
8
BLACK
6
CONTINUOUS
10
172.4385819999999967
20
-98.5575970000000012
11
172.4499999999999886
21
-98.6149999999999949
0
LINE
8
BLACK
6
CONTINUOUS
10
172.4499999999999886
20
-98.6149999999999949
11
172.4499999999999886
21
-98.914999999999992
0
LINE
8
BLACK
6
CONTINUOUS
10
172.4499999999999886
20
-98.914999999999992
11
172.4385819999999967
21
-98.9724029999999999
0
LINE
8
BLACK
6
CONTINUOUS
10
172.4385819999999967
20
-98.9724029999999999
11
172.4060659999999814
21
-99.0210659999999905
0
LINE
8
BLACK
6
CONTINUOUS
10
172.4060659999999814
20
-99.0210659999999905
11
172.357403000000005
21
-99.0535819999999916
0
LINE
8
BLACK
6
CONTINUOUS
10
172.357403000000005
20
-99.0535819999999916
11
172.2999999999999829
21
-99.0649999999999977
0
LINE
8
BLACK
6
CONTINUOUS
10
172.2999999999999829
20
-99.0649999999999977
11
170.8499999999999943
21
-99.0649999999999977
0
LINE
8
BLACK
6
CONTINUOUS
10
170.8499999999999943
20
-99.0649999999999977
11
170.7925970000000007
21
-99.0535819999999916
0
LINE
8
BLACK
6
CONTINUOUS
10
170.7925970000000007
20
-99.0535819999999916
11
170.7439339999999959
21
-99.0210659999999905
0
LINE
8
BLACK
6
CONTINUOUS
10
170.7439339999999959
20
-99.0210659999999905
11
170.7114179999999806
21
-98.9724029999999999
0
LINE
8
BLACK
6
CONTINUOUS
10
170.7114179999999806
20
-98.9724029999999999
11
170.6999999999999886
21
-98.914999999999992
0
LINE
8
BLACK
6
CONTINUOUS
10
170.6999999999999886
20
-98.914999999999992
11
170.6999999999999886
21
-98.6149999999999949
0
LINE
8
BLACK
6
CONTINUOUS
10
170.6999999999999886
20
-98.6149999999999949
11
170.7114179999999806
21
-98.5575970000000012
0
LINE
8
BLACK
6
CONTINUOUS
10
170.7114179999999806
20
-98.5575970000000012
11
170.7439339999999959
21
-98.5089339999999964
0
LINE
8
BLACK
6
CONTINUOUS
10
170.7439339999999959
20
-98.5089339999999964
11
170.7925970000000007
21
-98.4764179999999953
0
LINE
8
BLACK
6
CONTINUOUS
10
170.7925970000000007
20
-98.4764179999999953
11
170.8499999999999943
21
-98.4649999999999892
0
LINE
8
BLACK
6
CONTINUOUS
10
170.8499999999999943
20
-98.4649999999999892
11
172.2999999999999829
21
-98.4649999999999892
0
LINE
8
BLACK
6
CONTINUOUS
10
172.2999999999999829
20
-98.4649999999999892
11
172.357403000000005
21
-98.4764179999999953
0
LINE
8
BLACK
6
CONTINUOUS
10
128.8074029999999937
20
-98.2764179999999925
11
128.8560659999999984
21
-98.3089339999999936
0
LINE
8
BLACK
6
CONTINUOUS
10
128.8560659999999984
20
-98.3089339999999936
11
128.8885819999999853
21
-98.3575969999999984
0
LINE
8
BLACK
6
CONTINUOUS
10
128.8885819999999853
20
-98.3575969999999984
11
128.9000000000000057
21
-98.414999999999992
0
LINE
8
BLACK
6
CONTINUOUS
10
128.9000000000000057
20
-98.414999999999992
11
128.9000000000000057
21
-98.7149999999999892
0
LINE
8
BLACK
6
CONTINUOUS
10
128.9000000000000057
20
-98.7149999999999892
11
128.8885819999999853
21
-98.7724029999999971
0
LINE
8
BLACK
6
CONTINUOUS
10
128.8885819999999853
20
-98.7724029999999971
11
128.8560659999999984
21
-98.8210660000000018
0
LINE
8
BLACK
6
CONTINUOUS
10
128.8560659999999984
20
-98.8210660000000018
11
128.8074029999999937
21
-98.8535819999999887
0
LINE
8
BLACK
6
CONTINUOUS
10
128.8074029999999937
20
-98.8535819999999887
11
128.75
21
-98.8649999999999949
0
LINE
8
BLACK
6
CONTINUOUS
10
128.75
20
-98.8649999999999949
11
127.2999999999999972
21
-98.8649999999999949
0
LINE
8
BLACK
6
CONTINUOUS
10
127.2999999999999972
20
-98.8649999999999949
11
127.2425969999999893
21
-98.8535819999999887
0
LINE
8
BLACK
6
CONTINUOUS
10
127.2425969999999893
20
-98.8535819999999887
11
127.1939339999999987
21
-98.8210660000000018
0
LINE
8
BLACK
6
CONTINUOUS
10
127.1939339999999987
20
-98.8210660000000018
11
127.1614179999999976
21
-98.7724029999999971
0
LINE
8
BLACK
6
CONTINUOUS
10
127.1614179999999976
20
-98.7724029999999971
11
127.1499999999999915
21
-98.7149999999999892
0
LINE
8
BLACK
6
CONTINUOUS
10
127.1499999999999915
20
-98.7149999999999892
11
127.1499999999999915
21
-98.414999999999992
0
LINE
8
BLACK
6
CONTINUOUS
10
127.1499999999999915
20
-98.414999999999992
11
127.1614179999999976
21
-98.3575969999999984
0
LINE
8
BLACK
6
CONTINUOUS
10
127.1614179999999976
20
-98.3575969999999984
11
127.1939339999999987
21
-98.3089339999999936
0
LINE
8
BLACK
6
CONTINUOUS
10
127.1939339999999987
20
-98.3089339999999936
11
127.2425969999999893
21
-98.2764179999999925
0
LINE
8
BLACK
6
CONTINUOUS
10
127.2425969999999893
20
-98.2764179999999925
11
127.2999999999999972
21
-98.2650000000000006
0
LINE
8
BLACK
6
CONTINUOUS
10
127.2999999999999972
20
-98.2650000000000006
11
128.75
21
-98.2650000000000006
0
LINE
8
BLACK
6
CONTINUOUS
10
128.75
20
-98.2650000000000006
11
128.8074029999999937
21
-98.2764179999999925
0
LINE
8
BLACK
6
CONTINUOUS
10
133.9574029999999993
20
-98.2764179999999925
11
134.0060660000000041
21
-98.3089339999999936
0
LINE
8
BLACK
6
CONTINUOUS
10
134.0060660000000041
20
-98.3089339999999936
11
134.038581999999991
21
-98.3575969999999984
0
LINE
8
BLACK
6
CONTINUOUS
10
134.038581999999991
20
-98.3575969999999984
11
134.0499999999999829
21
-98.414999999999992
0
LINE
8
BLACK
6
CONTINUOUS
10
134.0499999999999829
20
-98.414999999999992
11
134.0499999999999829
21
-98.7149999999999892
0
LINE
8
BLACK
6
CONTINUOUS
10
134.0499999999999829
20
-98.7149999999999892
11
134.038581999999991
21
-98.7724029999999971
0
LINE
8
BLACK
6
CONTINUOUS
10
134.038581999999991
20
-98.7724029999999971
11
134.0060660000000041
21
-98.8210660000000018
0
LINE
8
BLACK
6
CONTINUOUS
10
134.0060660000000041
20
-98.8210660000000018
11
133.9574029999999993
21
-98.8535819999999887
0
LINE
8
BLACK
6
CONTINUOUS
10
133.9574029999999993
20
-98.8535819999999887
11
133.9000000000000057
21
-98.8649999999999949
0
LINE
8
BLACK
6
CONTINUOUS
10
133.9000000000000057
20
-98.8649999999999949
11
132.4499999999999886
21
-98.8649999999999949
0
LINE
8
BLACK
6
CONTINUOUS
10
132.4499999999999886
20
-98.8649999999999949
11
132.392596999999995
21
-98.8535819999999887
0
LINE
8
BLACK
6
CONTINUOUS
10
132.392596999999995
20
-98.8535819999999887
11
132.3439339999999902
21
-98.8210660000000018
0
LINE
8
BLACK
6
CONTINUOUS
10
132.3439339999999902
20
-98.8210660000000018
11
132.3114180000000033
21
-98.7724029999999971
0
LINE
8
BLACK
6
CONTINUOUS
10
132.3114180000000033
20
-98.7724029999999971
11
132.2999999999999829
21
-98.7149999999999892
0
LINE
8
BLACK
6
CONTINUOUS
10
132.2999999999999829
20
-98.7149999999999892
11
132.2999999999999829
21
-98.414999999999992
0
LINE
8
BLACK
6
CONTINUOUS
10
132.2999999999999829
20
-98.414999999999992
11
132.3114180000000033
21
-98.3575969999999984
0
LINE
8
BLACK
6
CONTINUOUS
10
132.3114180000000033
20
-98.3575969999999984
11
132.3439339999999902
21
-98.3089339999999936
0
LINE
8
BLACK
6
CONTINUOUS
10
132.3439339999999902
20
-98.3089339999999936
11
132.392596999999995
21
-98.2764179999999925
0
LINE
8
BLACK
6
CONTINUOUS
10
132.392596999999995
20
-98.2764179999999925
11
132.4499999999999886
21
-98.2650000000000006
0
LINE
8
BLACK
6
CONTINUOUS
10
132.4499999999999886
20
-98.2650000000000006
11
133.9000000000000057
21
-98.2650000000000006
0
LINE
8
BLACK
6
CONTINUOUS
10
133.9000000000000057
20
-98.2650000000000006
11
133.9574029999999993
21
-98.2764179999999925
0
LINE
8
BLACK
6
CONTINUOUS
10
144.9456710000000044
20
-97.0190300000000008
11
145.0267769999999814
21
-97.0732229999999987
0
LINE
8
BLACK
6
CONTINUOUS
10
145.0267769999999814
20
-97.0732229999999987
11
145.0809699999999793
21
-97.1543289999999899
0
LINE
8
BLACK
6
CONTINUOUS
10
145.0809699999999793
20
-97.1543289999999899
11
145.0999999999999943
21
-97.25
0
LINE
8
BLACK
6
CONTINUOUS
10
145.0999999999999943
20
-97.25
11
145.0999999999999943
21
-97.9499999999999886
0
LINE
8
BLACK
6
CONTINUOUS
10
145.0999999999999943
20
-97.9499999999999886
11
145.0809699999999793
21
-98.0456709999999987
0
LINE
8
BLACK
6
CONTINUOUS
10
145.0809699999999793
20
-98.0456709999999987
11
145.0267769999999814
21
-98.1267769999999899
0
LINE
8
BLACK
6
CONTINUOUS
10
145.0267769999999814
20
-98.1267769999999899
11
144.9456710000000044
21
-98.1809700000000021
0
LINE
8
BLACK
6
CONTINUOUS
10
144.9456710000000044
20
-98.1809700000000021
11
144.8499999999999943
21
-98.1999999999999886
0
LINE
8
BLACK
6
CONTINUOUS
10
144.8499999999999943
20
-98.1999999999999886
11
143.9499999999999886
21
-98.1999999999999886
0
LINE
8
BLACK
6
CONTINUOUS
10
143.9499999999999886
20
-98.1999999999999886
11
143.854329000000007
21
-98.1809700000000021
0
LINE
8
BLACK
6
CONTINUOUS
10
143.854329000000007
20
-98.1809700000000021
11
143.7732230000000015
21
-98.1267769999999899
0
LINE
8
BLACK
6
CONTINUOUS
10
143.7732230000000015
20
-98.1267769999999899
11
143.7190300000000036
21
-98.0456709999999987
0
LINE
8
BLACK
6
CONTINUOUS
10
143.7190300000000036
20
-98.0456709999999987
11
143.6999999999999886
21
-97.9499999999999886
0
LINE
8
BLACK
6
CONTINUOUS
10
143.6999999999999886
20
-97.9499999999999886
11
143.6999999999999886
21
-97.25
0
LINE
8
BLACK
6
CONTINUOUS
10
143.6999999999999886
20
-97.25
11
143.7190300000000036
21
-97.1543289999999899
0
LINE
8
BLACK
6
CONTINUOUS
10
143.7190300000000036
20
-97.1543289999999899
11
143.7732230000000015
21
-97.0732229999999987
0
LINE
8
BLACK
6
CONTINUOUS
10
143.7732230000000015
20
-97.0732229999999987
11
143.854329000000007
21
-97.0190300000000008
0
LINE
8
BLACK
6
CONTINUOUS
10
143.854329000000007
20
-97.0190300000000008
11
143.9499999999999886
21
-97.
0
LINE
8
BLACK
6
CONTINUOUS
10
143.9499999999999886
20
-97.
11
144.8499999999999943
21
-97.
0
LINE
8
BLACK
6
CONTINUOUS
10
144.8499999999999943
20
-97.
11
144.9456710000000044
21
-97.0190300000000008
0
LINE
8
BLACK
6
CONTINUOUS
10
155.7456709999999873
20
-97.0190300000000008
11
155.8267769999999928
21
-97.0732229999999987
0
LINE
8
BLACK
6
CONTINUOUS
10
155.8267769999999928
20
-97.0732229999999987
11
155.8809699999999907
21
-97.1543289999999899
0
LINE
8
BLACK
6
CONTINUOUS
10
155.8809699999999907
20
-97.1543289999999899
11
155.9000000000000057
21
-97.25
0
LINE
8
BLACK
6
CONTINUOUS
10
155.9000000000000057
20
-97.25
11
155.9000000000000057
21
-97.9499999999999886
0
LINE
8
BLACK
6
CONTINUOUS
10
155.9000000000000057
20
-97.9499999999999886
11
155.8809699999999907
21
-98.0456709999999987
0
LINE
8
BLACK
6
CONTINUOUS
10
155.8809699999999907
20
-98.0456709999999987
11
155.8267769999999928
21
-98.1267769999999899
0
LINE
8
BLACK
6
CONTINUOUS
10
155.8267769999999928
20
-98.1267769999999899
11
155.7456709999999873
21
-98.1809700000000021
0
LINE
8
BLACK
6
CONTINUOUS
10
155.7456709999999873
20
-98.1809700000000021
11
155.6500000000000057
21
-98.1999999999999886
0
LINE
8
BLACK
6
CONTINUOUS
10
155.6500000000000057
20
-98.1999999999999886
11
154.75
21
-98.1999999999999886
0
LINE
8
BLACK
6
CONTINUOUS
10
154.75
20
-98.1999999999999886
11
154.6543289999999899
21
-98.1809700000000021
0
LINE
8
BLACK
6
CONTINUOUS
10
154.6543289999999899
20
-98.1809700000000021
11
154.5732229999999845
21
-98.1267769999999899
0
LINE
8
BLACK
6
CONTINUOUS
10
154.5732229999999845
20
-98.1267769999999899
11
154.5190299999999866
21
-98.0456709999999987
0
LINE
8
BLACK
6
CONTINUOUS
10
154.5190299999999866
20
-98.0456709999999987
11
154.5
21
-97.9499999999999886
0
LINE
8
BLACK
6
CONTINUOUS
10
154.5
20
-97.9499999999999886
11
154.5
21
-97.25
0
LINE
8
BLACK
6
CONTINUOUS
10
154.5
20
-97.25
11
154.5190299999999866
21
-97.1543289999999899
0
LINE
8
BLACK
6
CONTINUOUS
10
154.5190299999999866
20
-97.1543289999999899
11
154.5732229999999845
21
-97.0732229999999987
0
LINE
8
BLACK
6
CONTINUOUS
10
154.5732229999999845
20
-97.0732229999999987
11
154.6543289999999899
21
-97.0190300000000008
0
LINE
8
BLACK
6
CONTINUOUS
10
154.6543289999999899
20
-97.0190300000000008
11
154.75
21
-97.
0
LINE
8
BLACK
6
CONTINUOUS
10
154.75
20
-97.
11
155.6500000000000057
21
-97.
0
LINE
8
BLACK
6
CONTINUOUS
10
155.6500000000000057
20
-97.
11
155.7456709999999873
21
-97.0190300000000008
0
LINE
8
BLACK
6
CONTINUOUS
10
164.145670999999993
20
-97.0190300000000008
11
164.2267769999999985
21
-97.0732229999999987
0
LINE
8
BLACK
6
CONTINUOUS
10
164.2267769999999985
20
-97.0732229999999987
11
164.2809699999999964
21
-97.1543289999999899
0
LINE
8
BLACK
6
CONTINUOUS
10
164.2809699999999964
20
-97.1543289999999899
11
164.2999999999999829
21
-97.25
0
LINE
8
BLACK
6
CONTINUOUS
10
164.2999999999999829
20
-97.25
11
164.2999999999999829
21
-97.9499999999999886
0
LINE
8
BLACK
6
CONTINUOUS
10
164.2999999999999829
20
-97.9499999999999886
11
164.2809699999999964
21
-98.0456709999999987
0
LINE
8
BLACK
6
CONTINUOUS
10
164.2809699999999964
20
-98.0456709999999987
11
164.2267769999999985
21
-98.1267769999999899
0
LINE
8
BLACK
6
CONTINUOUS
10
164.2267769999999985
20
-98.1267769999999899
11
164.145670999999993
21
-98.1809700000000021
0
LINE
8
BLACK
6
CONTINUOUS
10
164.145670999999993
20
-98.1809700000000021
11
164.0499999999999829
21
-98.1999999999999886
0
LINE
8
BLACK
6
CONTINUOUS
10
164.0499999999999829
20
-98.1999999999999886
11
163.1500000000000057
21
-98.1999999999999886
0
LINE
8
BLACK
6
CONTINUOUS
10
163.1500000000000057
20
-98.1999999999999886
11
163.0543289999999956
21
-98.1809700000000021
0
LINE
8
BLACK
6
CONTINUOUS
10
163.0543289999999956
20
-98.1809700000000021
11
162.9732229999999902
21
-98.1267769999999899
0
LINE
8
BLACK
6
CONTINUOUS
10
162.9732229999999902
20
-98.1267769999999899
11
162.9190299999999922
21
-98.0456709999999987
0
LINE
8
BLACK
6
CONTINUOUS
10
162.9190299999999922
20
-98.0456709999999987
11
162.9000000000000057
21
-97.9499999999999886
0
LINE
8
BLACK
6
CONTINUOUS
10
162.9000000000000057
20
-97.9499999999999886
11
162.9000000000000057
21
-97.25
0
LINE
8
BLACK
6
CONTINUOUS
10
162.9000000000000057
20
-97.25
11
162.9190299999999922
21
-97.1543289999999899
0
LINE
8
BLACK
6
CONTINUOUS
10
162.9190299999999922
20
-97.1543289999999899
11
162.9732229999999902
21
-97.0732229999999987
0
LINE
8
BLACK
6
CONTINUOUS
10
162.9732229999999902
20
-97.0732229999999987
11
163.0543289999999956
21
-97.0190300000000008
0
LINE
8
BLACK
6
CONTINUOUS
10
163.0543289999999956
20
-97.0190300000000008
11
163.1500000000000057
21
-97.
0
LINE
8
BLACK
6
CONTINUOUS
10
163.1500000000000057
20
-97.
11
164.0499999999999829
21
-97.
0
LINE
8
BLACK
6
CONTINUOUS
10
164.0499999999999829
20
-97.
11
164.145670999999993
21
-97.0190300000000008
0
LINE
8
BLACK
6
CONTINUOUS
10
125.7456709999999873
20
-96.8190299999999979
11
125.8267769999999928
21
-96.8732229999999959
0
LINE
8
BLACK
6
CONTINUOUS
10
125.8267769999999928
20
-96.8732229999999959
11
125.8809699999999907
21
-96.9543290000000013
0
LINE
8
BLACK
6
CONTINUOUS
10
125.8809699999999907
20
-96.9543290000000013
11
125.8999999999999915
21
-97.0499999999999972
0
LINE
8
BLACK
6
CONTINUOUS
10
125.8999999999999915
20
-97.0499999999999972
11
125.8999999999999915
21
-97.75
0
LINE
8
BLACK
6
CONTINUOUS
10
125.8999999999999915
20
-97.75
11
125.8809699999999907
21
-97.8456709999999958
0
LINE
8
BLACK
6
CONTINUOUS
10
125.8809699999999907
20
-97.8456709999999958
11
125.8267769999999928
21
-97.9267770000000013
0
LINE
8
BLACK
6
CONTINUOUS
10
125.8267769999999928
20
-97.9267770000000013
11
125.7456709999999873
21
-97.9809699999999992
0
LINE
8
BLACK
6
CONTINUOUS
10
125.7456709999999873
20
-97.9809699999999992
11
125.6499999999999915
21
-98.
0
LINE
8
BLACK
6
CONTINUOUS
10
125.6499999999999915
20
-98.
11
124.75
21
-98.
0
LINE
8
BLACK
6
CONTINUOUS
10
124.75
20
-98.
11
124.6543289999999899
21
-97.9809699999999992
0
LINE
8
BLACK
6
CONTINUOUS
10
124.6543289999999899
20
-97.9809699999999992
11
124.5732229999999987
21
-97.9267770000000013
0
LINE
8
BLACK
6
CONTINUOUS
10
124.5732229999999987
20
-97.9267770000000013
11
124.5190300000000008
21
-97.8456709999999958
0
LINE
8
BLACK
6
CONTINUOUS
10
124.5190300000000008
20
-97.8456709999999958
11
124.5
21
-97.75
0
LINE
8
BLACK
6
CONTINUOUS
10
124.5
20
-97.75
11
124.5
21
-97.0499999999999972
0
LINE
8
BLACK
6
CONTINUOUS
10
124.5
20
-97.0499999999999972
11
124.5190300000000008
21
-96.9543290000000013
0
LINE
8
BLACK
6
CONTINUOUS
10
124.5190300000000008
20
-96.9543290000000013
11
124.5732229999999987
21
-96.8732229999999959
0
LINE
8
BLACK
6
CONTINUOUS
10
124.5732229999999987
20
-96.8732229999999959
11
124.6543289999999899
21
-96.8190299999999979
0
LINE
8
BLACK
6
CONTINUOUS
10
124.6543289999999899
20
-96.8190299999999979
11
124.75
21
-96.7999999999999972
0
LINE
8
BLACK
6
CONTINUOUS
10
124.75
20
-96.7999999999999972
11
125.6499999999999915
21
-96.7999999999999972
0
LINE
8
BLACK
6
CONTINUOUS
10
125.6499999999999915
20
-96.7999999999999972
11
125.7456709999999873
21
-96.8190299999999979
0
LINE
8
BLACK
6
CONTINUOUS
10
136.5456709999999987
20
-96.8190299999999979
11
136.6267770000000041
21
-96.8732229999999959
0
LINE
8
BLACK
6
CONTINUOUS
10
136.6267770000000041
20
-96.8732229999999959
11
136.6809700000000021
21
-96.9543290000000013
0
LINE
8
BLACK
6
CONTINUOUS
10
136.6809700000000021
20
-96.9543290000000013
11
136.6999999999999886
21
-97.0499999999999972
0
LINE
8
BLACK
6
CONTINUOUS
10
136.6999999999999886
20
-97.0499999999999972
11
136.6999999999999886
21
-97.75
0
LINE
8
BLACK
6
CONTINUOUS
10
136.6999999999999886
20
-97.75
11
136.6809700000000021
21
-97.8456709999999958
0
LINE
8
BLACK
6
CONTINUOUS
10
136.6809700000000021
20
-97.8456709999999958
11
136.6267770000000041
21
-97.9267770000000013
0
LINE
8
BLACK
6
CONTINUOUS
10
136.6267770000000041
20
-97.9267770000000013
11
136.5456709999999987
21
-97.9809699999999992
0
LINE
8
BLACK
6
CONTINUOUS
10
136.5456709999999987
20
-97.9809699999999992
11
136.4499999999999886
21
-98.
0
LINE
8
BLACK
6
CONTINUOUS
10
136.4499999999999886
20
-98.
11
135.5499999999999829
21
-98.
0
LINE
8
BLACK
6
CONTINUOUS
10
135.5499999999999829
20
-98.
11
135.4543290000000013
21
-97.9809699999999992
0
LINE
8
BLACK
6
CONTINUOUS
10
135.4543290000000013
20
-97.9809699999999992
11
135.3732229999999959
21
-97.9267770000000013
0
LINE
8
BLACK
6
CONTINUOUS
10
135.3732229999999959
20
-97.9267770000000013
11
135.3190299999999979
21
-97.8456709999999958
0
LINE
8
BLACK
6
CONTINUOUS
10
135.3190299999999979
20
-97.8456709999999958
11
135.2999999999999829
21
-97.75
0
LINE
8
BLACK
6
CONTINUOUS
10
135.2999999999999829
20
-97.75
11
135.2999999999999829
21
-97.0499999999999972
0
LINE
8
BLACK
6
CONTINUOUS
10
135.2999999999999829
20
-97.0499999999999972
11
135.3190299999999979
21
-96.9543290000000013
0
LINE
8
BLACK
6
CONTINUOUS
10
135.3190299999999979
20
-96.9543290000000013
11
135.3732229999999959
21
-96.8732229999999959
0
LINE
8
BLACK
6
CONTINUOUS
10
135.3732229999999959
20
-96.8732229999999959
11
135.4543290000000013
21
-96.8190299999999979
0
LINE
8
BLACK
6
CONTINUOUS
10
135.4543290000000013
20
-96.8190299999999979
11
135.5499999999999829
21
-96.7999999999999972
0
LINE
8
BLACK
6
CONTINUOUS
10
135.5499999999999829
20
-96.7999999999999972
11
136.4499999999999886
21
-96.7999999999999972
0
LINE
8
BLACK
6
CONTINUOUS
10
136.4499999999999886
20
-96.7999999999999972
11
136.5456709999999987
21
-96.8190299999999979
0
LINE
8
BLACK
6
CONTINUOUS
10
148.0074029999999823
20
-97.2064179999999993
11
148.0560659999999871
21
-97.2389340000000004
0
LINE
8
BLACK
6
CONTINUOUS
10
148.0560659999999871
20
-97.2389340000000004
11
148.0885820000000024
21
-97.287596999999991
0
LINE
8
BLACK
6
CONTINUOUS
10
148.0885820000000024
20
-97.287596999999991
11
148.0999999999999943
21
-97.3449999999999989
0
LINE
8
BLACK
6
CONTINUOUS
10
148.0999999999999943
20
-97.3449999999999989
11
148.0999999999999943
21
-97.644999999999996
0
LINE
8
BLACK
6
CONTINUOUS
10
148.0999999999999943
20
-97.644999999999996
11
148.0885820000000024
21
-97.7024029999999897
0
LINE
8
BLACK
6
CONTINUOUS
10
148.0885820000000024
20
-97.7024029999999897
11
148.0560659999999871
21
-97.7510659999999945
0
LINE
8
BLACK
6
CONTINUOUS
10
148.0560659999999871
20
-97.7510659999999945
11
148.0074029999999823
21
-97.7835819999999956
0
LINE
8
BLACK
6
CONTINUOUS
10
148.0074029999999823
20
-97.7835819999999956
11
147.9499999999999886
21
-97.7950000000000017
0
LINE
8
BLACK
6
CONTINUOUS
10
147.9499999999999886
20
-97.7950000000000017
11
146.5
21
-97.7950000000000017
0
LINE
8
BLACK
6
CONTINUOUS
10
146.5
20
-97.7950000000000017
11
146.4425970000000063
21
-97.7835819999999956
0
LINE
8
BLACK
6
CONTINUOUS
10
146.4425970000000063
20
-97.7835819999999956
11
146.3939340000000016
21
-97.7510659999999945
0
LINE
8
BLACK
6
CONTINUOUS
10
146.3939340000000016
20
-97.7510659999999945
11
146.3614179999999863
21
-97.7024029999999897
0
LINE
8
BLACK
6
CONTINUOUS
10
146.3614179999999863
20
-97.7024029999999897
11
146.3499999999999943
21
-97.644999999999996
0
LINE
8
BLACK
6
CONTINUOUS
10
146.3499999999999943
20
-97.644999999999996
11
146.3499999999999943
21
-97.3449999999999989
0
LINE
8
BLACK
6
CONTINUOUS
10
146.3499999999999943
20
-97.3449999999999989
11
146.3614179999999863
21
-97.287596999999991
0
LINE
8
BLACK
6
CONTINUOUS
10
146.3614179999999863
20
-97.287596999999991
11
146.3939340000000016
21
-97.2389340000000004
0
LINE
8
BLACK
6
CONTINUOUS
10
146.3939340000000016
20
-97.2389340000000004
11
146.4425970000000063
21
-97.2064179999999993
0
LINE
8
BLACK
6
CONTINUOUS
10
146.4425970000000063
20
-97.2064179999999993
11
146.5
21
-97.1949999999999932
0
LINE
8
BLACK
6
CONTINUOUS
10
146.5
20
-97.1949999999999932
11
147.9499999999999886
21
-97.1949999999999932
0
LINE
8
BLACK
6
CONTINUOUS
10
147.9499999999999886
20
-97.1949999999999932
11
148.0074029999999823
21
-97.2064179999999993
0
LINE
8
BLACK
6
CONTINUOUS
10
153.157402999999988
20
-97.2064179999999993
11
153.2060659999999928
21
-97.2389340000000004
0
LINE
8
BLACK
6
CONTINUOUS
10
153.2060659999999928
20
-97.2389340000000004
11
153.2385819999999796
21
-97.287596999999991
0
LINE
8
BLACK
6
CONTINUOUS
10
153.2385819999999796
20
-97.287596999999991
11
153.25
21
-97.3449999999999989
0
LINE
8
BLACK
6
CONTINUOUS
10
153.25
20
-97.3449999999999989
11
153.25
21
-97.644999999999996
0
LINE
8
BLACK
6
CONTINUOUS
10
153.25
20
-97.644999999999996
11
153.2385819999999796
21
-97.7024029999999897
0
LINE
8
BLACK
6
CONTINUOUS
10
153.2385819999999796
20
-97.7024029999999897
11
153.2060659999999928
21
-97.7510659999999945
0
LINE
8
BLACK
6
CONTINUOUS
10
153.2060659999999928
20
-97.7510659999999945
11
153.157402999999988
21
-97.7835819999999956
0
LINE
8
BLACK
6
CONTINUOUS
10
153.157402999999988
20
-97.7835819999999956
11
153.0999999999999943
21
-97.7950000000000017
0
LINE
8
BLACK
6
CONTINUOUS
10
153.0999999999999943
20
-97.7950000000000017
11
151.6500000000000057
21
-97.7950000000000017
0
LINE
8
BLACK
6
CONTINUOUS
10
151.6500000000000057
20
-97.7950000000000017
11
151.5925969999999836
21
-97.7835819999999956
0
LINE
8
BLACK
6
CONTINUOUS
10
151.5925969999999836
20
-97.7835819999999956
11
151.5439340000000072
21
-97.7510659999999945
0
LINE
8
BLACK
6
CONTINUOUS
10
151.5439340000000072
20
-97.7510659999999945
11
151.5114179999999919
21
-97.7024029999999897
0
LINE
8
BLACK
6
CONTINUOUS
10
151.5114179999999919
20
-97.7024029999999897
11
151.5
21
-97.644999999999996
0
LINE
8
BLACK
6
CONTINUOUS
10
151.5
20
-97.644999999999996
11
151.5
21
-97.3449999999999989
0
LINE
8
BLACK
6
CONTINUOUS
10
151.5
20
-97.3449999999999989
11
151.5114179999999919
21
-97.287596999999991
0
LINE
8
BLACK
6
CONTINUOUS
10
151.5114179999999919
20
-97.287596999999991
11
151.5439340000000072
21
-97.2389340000000004
0
LINE
8
BLACK
6
CONTINUOUS
10
151.5439340000000072
20
-97.2389340000000004
11
151.5925969999999836
21
-97.2064179999999993
0
LINE
8
BLACK
6
CONTINUOUS
10
151.5925969999999836
20
-97.2064179999999993
11
151.6500000000000057
21
-97.1949999999999932
0
LINE
8
BLACK
6
CONTINUOUS
10
151.6500000000000057
20
-97.1949999999999932
11
153.0999999999999943
21
-97.1949999999999932
0
LINE
8
BLACK
6
CONTINUOUS
10
153.0999999999999943
20
-97.1949999999999932
11
153.157402999999988
21
-97.2064179999999993
0
LINE
8
BLACK
6
CONTINUOUS
10
167.2074029999999993
20
-97.2064179999999993
11
167.2560660000000041
21
-97.2389340000000004
0
LINE
8
BLACK
6
CONTINUOUS
10
167.2560660000000041
20
-97.2389340000000004
11
167.288581999999991
21
-97.287596999999991
0
LINE
8
BLACK
6
CONTINUOUS
10
167.288581999999991
20
-97.287596999999991
11
167.2999999999999829
21
-97.3449999999999989
0
LINE
8
BLACK
6
CONTINUOUS
10
167.2999999999999829
20
-97.3449999999999989
11
167.2999999999999829
21
-97.644999999999996
0
LINE
8
BLACK
6
CONTINUOUS
10
167.2999999999999829
20
-97.644999999999996
11
167.288581999999991
21
-97.7024029999999897
0
LINE
8
BLACK
6
CONTINUOUS
10
167.288581999999991
20
-97.7024029999999897
11
167.2560660000000041
21
-97.7510659999999945
0
LINE
8
BLACK
6
CONTINUOUS
10
167.2560660000000041
20
-97.7510659999999945
11
167.2074029999999993
21
-97.7835819999999956
0
LINE
8
BLACK
6
CONTINUOUS
10
167.2074029999999993
20
-97.7835819999999956
11
167.1500000000000057
21
-97.7950000000000017
0
LINE
8
BLACK
6
CONTINUOUS
10
167.1500000000000057
20
-97.7950000000000017
11
165.6999999999999886
21
-97.7950000000000017
0
LINE
8
BLACK
6
CONTINUOUS
10
165.6999999999999886
20
-97.7950000000000017
11
165.642596999999995
21
-97.7835819999999956
0
LINE
8
BLACK
6
CONTINUOUS
10
165.642596999999995
20
-97.7835819999999956
11
165.5939339999999902
21
-97.7510659999999945
0
LINE
8
BLACK
6
CONTINUOUS
10
165.5939339999999902
20
-97.7510659999999945
11
165.5614180000000033
21
-97.7024029999999897
0
LINE
8
BLACK
6
CONTINUOUS
10
165.5614180000000033
20
-97.7024029999999897
11
165.5499999999999829
21
-97.644999999999996
0
LINE
8
BLACK
6
CONTINUOUS
10
165.5499999999999829
20
-97.644999999999996
11
165.5499999999999829
21
-97.3449999999999989
0
LINE
8
BLACK
6
CONTINUOUS
10
165.5499999999999829
20
-97.3449999999999989
11
165.5614180000000033
21
-97.287596999999991
0
LINE
8
BLACK
6
CONTINUOUS
10
165.5614180000000033
20
-97.287596999999991
11
165.5939339999999902
21
-97.2389340000000004
0
LINE
8
BLACK
6
CONTINUOUS
10
165.5939339999999902
20
-97.2389340000000004
11
165.642596999999995
21
-97.2064179999999993
0
LINE
8
BLACK
6
CONTINUOUS
10
165.642596999999995
20
-97.2064179999999993
11
165.6999999999999886
21
-97.1949999999999932
0
LINE
8
BLACK
6
CONTINUOUS
10
165.6999999999999886
20
-97.1949999999999932
11
167.1500000000000057
21
-97.1949999999999932
0
LINE
8
BLACK
6
CONTINUOUS
10
167.1500000000000057
20
-97.1949999999999932
11
167.2074029999999993
21
-97.2064179999999993
0
LINE
8
BLACK
6
CONTINUOUS
10
172.357403000000005
20
-97.2064179999999993
11
172.4060659999999814
21
-97.2389340000000004
0
LINE
8
BLACK
6
CONTINUOUS
10
172.4060659999999814
20
-97.2389340000000004
11
172.4385819999999967
21
-97.287596999999991
0
LINE
8
BLACK
6
CONTINUOUS
10
172.4385819999999967
20
-97.287596999999991
11
172.4499999999999886
21
-97.3449999999999989
0
LINE
8
BLACK
6
CONTINUOUS
10
172.4499999999999886
20
-97.3449999999999989
11
172.4499999999999886
21
-97.644999999999996
0
LINE
8
BLACK
6
CONTINUOUS
10
172.4499999999999886
20
-97.644999999999996
11
172.4385819999999967
21
-97.7024029999999897
0
LINE
8
BLACK
6
CONTINUOUS
10
172.4385819999999967
20
-97.7024029999999897
11
172.4060659999999814
21
-97.7510659999999945
0
LINE
8
BLACK
6
CONTINUOUS
10
172.4060659999999814
20
-97.7510659999999945
11
172.357403000000005
21
-97.7835819999999956
0
LINE
8
BLACK
6
CONTINUOUS
10
172.357403000000005
20
-97.7835819999999956
11
172.2999999999999829
21
-97.7950000000000017
0
LINE
8
BLACK
6
CONTINUOUS
10
172.2999999999999829
20
-97.7950000000000017
11
170.8499999999999943
21
-97.7950000000000017
0
LINE
8
BLACK
6
CONTINUOUS
10
170.8499999999999943
20
-97.7950000000000017
11
170.7925970000000007
21
-97.7835819999999956
0
LINE
8
BLACK
6
CONTINUOUS
10
170.7925970000000007
20
-97.7835819999999956
11
170.7439339999999959
21
-97.7510659999999945
0
LINE
8
BLACK
6
CONTINUOUS
10
170.7439339999999959
20
-97.7510659999999945
11
170.7114179999999806
21
-97.7024029999999897
0
LINE
8
BLACK
6
CONTINUOUS
10
170.7114179999999806
20
-97.7024029999999897
11
170.6999999999999886
21
-97.644999999999996
0
LINE
8
BLACK
6
CONTINUOUS
10
170.6999999999999886
20
-97.644999999999996
11
170.6999999999999886
21
-97.3449999999999989
0
LINE
8
BLACK
6
CONTINUOUS
10
170.6999999999999886
20
-97.3449999999999989
11
170.7114179999999806
21
-97.287596999999991
0
LINE
8
BLACK
6
CONTINUOUS
10
170.7114179999999806
20
-97.287596999999991
11
170.7439339999999959
21
-97.2389340000000004
0
LINE
8
BLACK
6
CONTINUOUS
10
170.7439339999999959
20
-97.2389340000000004
11
170.7925970000000007
21
-97.2064179999999993
0
LINE
8
BLACK
6
CONTINUOUS
10
170.7925970000000007
20
-97.2064179999999993
11
170.8499999999999943
21
-97.1949999999999932
0
LINE
8
BLACK
6
CONTINUOUS
10
170.8499999999999943
20
-97.1949999999999932
11
172.2999999999999829
21
-97.1949999999999932
0
LINE
8
BLACK
6
CONTINUOUS
10
172.2999999999999829
20
-97.1949999999999932
11
172.357403000000005
21
-97.2064179999999993
0
LINE
8
BLACK
6
CONTINUOUS
10
128.8074029999999937
20
-97.0064179999999965
11
128.8560659999999984
21
-97.0389339999999976
0
LINE
8
BLACK
6
CONTINUOUS
10
128.8560659999999984
20
-97.0389339999999976
11
128.8885819999999853
21
-97.0875970000000024
0
LINE
8
BLACK
6
CONTINUOUS
10
128.8885819999999853
20
-97.0875970000000024
11
128.9000000000000057
21
-97.144999999999996
0
LINE
8
BLACK
6
CONTINUOUS
10
128.9000000000000057
20
-97.144999999999996
11
128.9000000000000057
21
-97.4449999999999932
0
LINE
8
BLACK
6
CONTINUOUS
10
128.9000000000000057
20
-97.4449999999999932
11
128.8885819999999853
21
-97.502403000000001
0
LINE
8
BLACK
6
CONTINUOUS
10
128.8885819999999853
20
-97.502403000000001
11
128.8560659999999984
21
-97.5510659999999916
0
LINE
8
BLACK
6
CONTINUOUS
10
128.8560659999999984
20
-97.5510659999999916
11
128.8074029999999937
21
-97.5835819999999927
0
LINE
8
BLACK
6
CONTINUOUS
10
128.8074029999999937
20
-97.5835819999999927
11
128.75
21
-97.5949999999999989
0
LINE
8
BLACK
6
CONTINUOUS
10
128.75
20
-97.5949999999999989
11
127.2999999999999972
21
-97.5949999999999989
0
LINE
8
BLACK
6
CONTINUOUS
10
127.2999999999999972
20
-97.5949999999999989
11
127.2425969999999893
21
-97.5835819999999927
0
LINE
8
BLACK
6
CONTINUOUS
10
127.2425969999999893
20
-97.5835819999999927
11
127.1939339999999987
21
-97.5510659999999916
0
LINE
8
BLACK
6
CONTINUOUS
10
127.1939339999999987
20
-97.5510659999999916
11
127.1614179999999976
21
-97.502403000000001
0
LINE
8
BLACK
6
CONTINUOUS
10
127.1614179999999976
20
-97.502403000000001
11
127.1499999999999915
21
-97.4449999999999932
0
LINE
8
BLACK
6
CONTINUOUS
10
127.1499999999999915
20
-97.4449999999999932
11
127.1499999999999915
21
-97.144999999999996
0
LINE
8
BLACK
6
CONTINUOUS
10
127.1499999999999915
20
-97.144999999999996
11
127.1614179999999976
21
-97.0875970000000024
0
LINE
8
BLACK
6
CONTINUOUS
10
127.1614179999999976
20
-97.0875970000000024
11
127.1939339999999987
21
-97.0389339999999976
0
LINE
8
BLACK
6
CONTINUOUS
10
127.1939339999999987
20
-97.0389339999999976
11
127.2425969999999893
21
-97.0064179999999965
0
LINE
8
BLACK
6
CONTINUOUS
10
127.2425969999999893
20
-97.0064179999999965
11
127.2999999999999972
21
-96.9949999999999903
0
LINE
8
BLACK
6
CONTINUOUS
10
127.2999999999999972
20
-96.9949999999999903
11
128.75
21
-96.9949999999999903
0
LINE
8
BLACK
6
CONTINUOUS
10
128.75
20
-96.9949999999999903
11
128.8074029999999937
21
-97.0064179999999965
0
LINE
8
BLACK
6
CONTINUOUS
10
133.9574029999999993
20
-97.0064179999999965
11
134.0060660000000041
21
-97.0389339999999976
0
LINE
8
BLACK
6
CONTINUOUS
10
134.0060660000000041
20
-97.0389339999999976
11
134.038581999999991
21
-97.0875970000000024
0
LINE
8
BLACK
6
CONTINUOUS
10
134.038581999999991
20
-97.0875970000000024
11
134.0499999999999829
21
-97.144999999999996
0
LINE
8
BLACK
6
CONTINUOUS
10
134.0499999999999829
20
-97.144999999999996
11
134.0499999999999829
21
-97.4449999999999932
0
LINE
8
BLACK
6
CONTINUOUS
10
134.0499999999999829
20
-97.4449999999999932
11
134.038581999999991
21
-97.502403000000001
0
LINE
8
BLACK
6
CONTINUOUS
10
134.038581999999991
20
-97.502403000000001
11
134.0060660000000041
21
-97.5510659999999916
0
LINE
8
BLACK
6
CONTINUOUS
10
134.0060660000000041
20
-97.5510659999999916
11
133.9574029999999993
21
-97.5835819999999927
0
LINE
8
BLACK
6
CONTINUOUS
10
133.9574029999999993
20
-97.5835819999999927
11
133.9000000000000057
21
-97.5949999999999989
0
LINE
8
BLACK
6
CONTINUOUS
10
133.9000000000000057
20
-97.5949999999999989
11
132.4499999999999886
21
-97.5949999999999989
0
LINE
8
BLACK
6
CONTINUOUS
10
132.4499999999999886
20
-97.5949999999999989
11
132.392596999999995
21
-97.5835819999999927
0
LINE
8
BLACK
6
CONTINUOUS
10
132.392596999999995
20
-97.5835819999999927
11
132.3439339999999902
21
-97.5510659999999916
0
LINE
8
BLACK
6
CONTINUOUS
10
132.3439339999999902
20
-97.5510659999999916
11
132.3114180000000033
21
-97.502403000000001
0
LINE
8
BLACK
6
CONTINUOUS
10
132.3114180000000033
20
-97.502403000000001
11
132.2999999999999829
21
-97.4449999999999932
0
LINE
8
BLACK
6
CONTINUOUS
10
132.2999999999999829
20
-97.4449999999999932
11
132.2999999999999829
21
-97.144999999999996
0
LINE
8
BLACK
6
CONTINUOUS
10
132.2999999999999829
20
-97.144999999999996
11
132.3114180000000033
21
-97.0875970000000024
0
LINE
8
BLACK
6
CONTINUOUS
10
132.3114180000000033
20
-97.0875970000000024
11
132.3439339999999902
21
-97.0389339999999976
0
LINE
8
BLACK
6
CONTINUOUS
10
132.3439339999999902
20
-97.0389339999999976
11
132.392596999999995
21
-97.0064179999999965
0
LINE
8
BLACK
6
CONTINUOUS
10
132.392596999999995
20
-97.0064179999999965
11
132.4499999999999886
21
-96.9949999999999903
0
LINE
8
BLACK
6
CONTINUOUS
10
132.4499999999999886
20
-96.9949999999999903
11
133.9000000000000057
21
-96.9949999999999903
0
LINE
8
BLACK
6
CONTINUOUS
10
133.9000000000000057
20
-96.9949999999999903
11
133.9574029999999993
21
-97.0064179999999965
0
LINE
8
BLACK
6
CONTINUOUS
10
148.5956709999999816
20
-94.8940300000000008
11
148.6767769999999871
21
-94.9482229999999987
0
LINE
8
BLACK
6
CONTINUOUS
10
148.6767769999999871
20
-94.9482229999999987
11
148.730969999999985
21
-95.0293289999999899
0
LINE
8
BLACK
6
CONTINUOUS
10
148.730969999999985
20
-95.0293289999999899
11
148.75
21
-95.125
0
LINE
8
BLACK
6
CONTINUOUS
10
148.75
20
-95.125
11
148.75
21
-96.0749999999999886
0
LINE
8
BLACK
6
CONTINUOUS
10
148.75
20
-96.0749999999999886
11
148.730969999999985
21
-96.1706709999999987
0
LINE
8
BLACK
6
CONTINUOUS
10
148.730969999999985
20
-96.1706709999999987
11
148.6767769999999871
21
-96.2517769999999899
0
LINE
8
BLACK
6
CONTINUOUS
10
148.6767769999999871
20
-96.2517769999999899
11
148.5956709999999816
21
-96.3059700000000021
0
LINE
8
BLACK
6
CONTINUOUS
10
148.5956709999999816
20
-96.3059700000000021
11
148.5
21
-96.3249999999999886
0
LINE
8
BLACK
6
CONTINUOUS
10
148.5
20
-96.3249999999999886
11
147.8249999999999886
21
-96.3249999999999886
0
LINE
8
BLACK
6
CONTINUOUS
10
147.8249999999999886
20
-96.3249999999999886
11
147.729329000000007
21
-96.3059700000000021
0
LINE
8
BLACK
6
CONTINUOUS
10
147.729329000000007
20
-96.3059700000000021
11
147.6482230000000015
21
-96.2517769999999899
0
LINE
8
BLACK
6
CONTINUOUS
10
147.6482230000000015
20
-96.2517769999999899
11
147.5940300000000036
21
-96.1706709999999987
0
LINE
8
BLACK
6
CONTINUOUS
10
147.5940300000000036
20
-96.1706709999999987
11
147.5749999999999886
21
-96.0749999999999886
0
LINE
8
BLACK
6
CONTINUOUS
10
147.5749999999999886
20
-96.0749999999999886
11
147.5749999999999886
21
-95.125
0
LINE
8
BLACK
6
CONTINUOUS
10
147.5749999999999886
20
-95.125
11
147.5940300000000036
21
-95.0293289999999899
0
LINE
8
BLACK
6
CONTINUOUS
10
147.5940300000000036
20
-95.0293289999999899
11
147.6482230000000015
21
-94.9482229999999987
0
LINE
8
BLACK
6
CONTINUOUS
10
147.6482230000000015
20
-94.9482229999999987
11
147.729329000000007
21
-94.8940300000000008
0
LINE
8
BLACK
6
CONTINUOUS
10
147.729329000000007
20
-94.8940300000000008
11
147.8249999999999886
21
-94.875
0
LINE
8
BLACK
6
CONTINUOUS
10
147.8249999999999886
20
-94.875
11
148.5
21
-94.875
0
LINE
8
BLACK
6
CONTINUOUS
10
148.5
20
-94.875
11
148.5956709999999816
21
-94.8940300000000008
0
LINE
8
BLACK
6
CONTINUOUS
10
150.6706709999999987
20
-94.8940300000000008
11
150.7517770000000041
21
-94.9482229999999987
0
LINE
8
BLACK
6
CONTINUOUS
10
150.7517770000000041
20
-94.9482229999999987
11
150.8059700000000021
21
-95.0293289999999899
0
LINE
8
BLACK
6
CONTINUOUS
10
150.8059700000000021
20
-95.0293289999999899
11
150.8249999999999886
21
-95.125
0
LINE
8
BLACK
6
CONTINUOUS
10
150.8249999999999886
20
-95.125
11
150.8249999999999886
21
-96.0749999999999886
0
LINE
8
BLACK
6
CONTINUOUS
10
150.8249999999999886
20
-96.0749999999999886
11
150.8059700000000021
21
-96.1706709999999987
0
LINE
8
BLACK
6
CONTINUOUS
10
150.8059700000000021
20
-96.1706709999999987
11
150.7517770000000041
21
-96.2517769999999899
0
LINE
8
BLACK
6
CONTINUOUS
10
150.7517770000000041
20
-96.2517769999999899
11
150.6706709999999987
21
-96.3059700000000021
0
LINE
8
BLACK
6
CONTINUOUS
10
150.6706709999999987
20
-96.3059700000000021
11
150.5749999999999886
21
-96.3249999999999886
0
LINE
8
BLACK
6
CONTINUOUS
10
150.5749999999999886
20
-96.3249999999999886
11
149.9000000000000057
21
-96.3249999999999886
0
LINE
8
BLACK
6
CONTINUOUS
10
149.9000000000000057
20
-96.3249999999999886
11
149.8043289999999956
21
-96.3059700000000021
0
LINE
8
BLACK
6
CONTINUOUS
10
149.8043289999999956
20
-96.3059700000000021
11
149.7232229999999902
21
-96.2517769999999899
0
LINE
8
BLACK
6
CONTINUOUS
10
149.7232229999999902
20
-96.2517769999999899
11
149.6690299999999922
21
-96.1706709999999987
0
LINE
8
BLACK
6
CONTINUOUS
10
149.6690299999999922
20
-96.1706709999999987
11
149.6500000000000057
21
-96.0749999999999886
0
LINE
8
BLACK
6
CONTINUOUS
10
149.6500000000000057
20
-96.0749999999999886
11
149.6500000000000057
21
-95.125
0
LINE
8
BLACK
6
CONTINUOUS
10
149.6500000000000057
20
-95.125
11
149.6690299999999922
21
-95.0293289999999899
0
LINE
8
BLACK
6
CONTINUOUS
10
149.6690299999999922
20
-95.0293289999999899
11
149.7232229999999902
21
-94.9482229999999987
0
LINE
8
BLACK
6
CONTINUOUS
10
149.7232229999999902
20
-94.9482229999999987
11
149.8043289999999956
21
-94.8940300000000008
0
LINE
8
BLACK
6
CONTINUOUS
10
149.8043289999999956
20
-94.8940300000000008
11
149.9000000000000057
21
-94.875
0
LINE
8
BLACK
6
CONTINUOUS
10
149.9000000000000057
20
-94.875
11
150.5749999999999886
21
-94.875
0
LINE
8
BLACK
6
CONTINUOUS
10
150.5749999999999886
20
-94.875
11
150.6706709999999987
21
-94.8940300000000008
0
LINE
8
BLACK
6
CONTINUOUS
10
167.9956709999999873
20
-94.8940300000000008
11
168.0767769999999928
21
-94.9482229999999987
0
LINE
8
BLACK
6
CONTINUOUS
10
168.0767769999999928
20
-94.9482229999999987
11
168.1309699999999907
21
-95.0293289999999899
0
LINE
8
BLACK
6
CONTINUOUS
10
168.1309699999999907
20
-95.0293289999999899
11
168.1500000000000057
21
-95.125
0
LINE
8
BLACK
6
CONTINUOUS
10
168.1500000000000057
20
-95.125
11
168.1500000000000057
21
-96.0749999999999886
0
LINE
8
BLACK
6
CONTINUOUS
10
168.1500000000000057
20
-96.0749999999999886
11
168.1309699999999907
21
-96.1706709999999987
0
LINE
8
BLACK
6
CONTINUOUS
10
168.1309699999999907
20
-96.1706709999999987
11
168.0767769999999928
21
-96.2517769999999899
0
LINE
8
BLACK
6
CONTINUOUS
10
168.0767769999999928
20
-96.2517769999999899
11
167.9956709999999873
21
-96.3059700000000021
0
LINE
8
BLACK
6
CONTINUOUS
10
167.9956709999999873
20
-96.3059700000000021
11
167.9000000000000057
21
-96.3249999999999886
0
LINE
8
BLACK
6
CONTINUOUS
10
167.9000000000000057
20
-96.3249999999999886
11
167.2249999999999943
21
-96.3249999999999886
0
LINE
8
BLACK
6
CONTINUOUS
10
167.2249999999999943
20
-96.3249999999999886
11
167.1293289999999843
21
-96.3059700000000021
0
LINE
8
BLACK
6
CONTINUOUS
10
167.1293289999999843
20
-96.3059700000000021
11
167.0482229999999788
21
-96.2517769999999899
0
LINE
8
BLACK
6
CONTINUOUS
10
167.0482229999999788
20
-96.2517769999999899
11
166.9940299999999809
21
-96.1706709999999987
0
LINE
8
BLACK
6
CONTINUOUS
10
166.9940299999999809
20
-96.1706709999999987
11
166.9749999999999943
21
-96.0749999999999886
0
LINE
8
BLACK
6
CONTINUOUS
10
166.9749999999999943
20
-96.0749999999999886
11
166.9749999999999943
21
-95.125
0
LINE
8
BLACK
6
CONTINUOUS
10
166.9749999999999943
20
-95.125
11
166.9940299999999809
21
-95.0293289999999899
0
LINE
8
BLACK
6
CONTINUOUS
10
166.9940299999999809
20
-95.0293289999999899
11
167.0482229999999788
21
-94.9482229999999987
0
LINE
8
BLACK
6
CONTINUOUS
10
167.0482229999999788
20
-94.9482229999999987
11
167.1293289999999843
21
-94.8940300000000008
0
LINE
8
BLACK
6
CONTINUOUS
10
167.1293289999999843
20
-94.8940300000000008
11
167.2249999999999943
21
-94.875
0
LINE
8
BLACK
6
CONTINUOUS
10
167.2249999999999943
20
-94.875
11
167.9000000000000057
21
-94.875
0
LINE
8
BLACK
6
CONTINUOUS
10
167.9000000000000057
20
-94.875
11
167.9956709999999873
21
-94.8940300000000008
0
LINE
8
BLACK
6
CONTINUOUS
10
170.0706710000000044
20
-94.8940300000000008
11
170.1517769999999814
21
-94.9482229999999987
0
LINE
8
BLACK
6
CONTINUOUS
10
170.1517769999999814
20
-94.9482229999999987
11
170.2059699999999793
21
-95.0293289999999899
0
LINE
8
BLACK
6
CONTINUOUS
10
170.2059699999999793
20
-95.0293289999999899
11
170.2249999999999943
21
-95.125
0
LINE
8
BLACK
6
CONTINUOUS
10
170.2249999999999943
20
-95.125
11
170.2249999999999943
21
-96.0749999999999886
0
LINE
8
BLACK
6
CONTINUOUS
10
170.2249999999999943
20
-96.0749999999999886
11
170.2059699999999793
21
-96.1706709999999987
0
LINE
8
BLACK
6
CONTINUOUS
10
170.2059699999999793
20
-96.1706709999999987
11
170.1517769999999814
21
-96.2517769999999899
0
LINE
8
BLACK
6
CONTINUOUS
10
170.1517769999999814
20
-96.2517769999999899
11
170.0706710000000044
21
-96.3059700000000021
0
LINE
8
BLACK
6
CONTINUOUS
10
170.0706710000000044
20
-96.3059700000000021
11
169.9749999999999943
21
-96.3249999999999886
0
LINE
8
BLACK
6
CONTINUOUS
10
169.9749999999999943
20
-96.3249999999999886
11
169.2999999999999829
21
-96.3249999999999886
0
LINE
8
BLACK
6
CONTINUOUS
10
169.2999999999999829
20
-96.3249999999999886
11
169.2043290000000013
21
-96.3059700000000021
0
LINE
8
BLACK
6
CONTINUOUS
10
169.2043290000000013
20
-96.3059700000000021
11
169.1232229999999959
21
-96.2517769999999899
0
LINE
8
BLACK
6
CONTINUOUS
10
169.1232229999999959
20
-96.2517769999999899
11
169.0690299999999979
21
-96.1706709999999987
0
LINE
8
BLACK
6
CONTINUOUS
10
169.0690299999999979
20
-96.1706709999999987
11
169.0499999999999829
21
-96.0749999999999886
0
LINE
8
BLACK
6
CONTINUOUS
10
169.0499999999999829
20
-96.0749999999999886
11
169.0499999999999829
21
-95.125
0
LINE
8
BLACK
6
CONTINUOUS
10
169.0499999999999829
20
-95.125
11
169.0690299999999979
21
-95.0293289999999899
0
LINE
8
BLACK
6
CONTINUOUS
10
169.0690299999999979
20
-95.0293289999999899
11
169.1232229999999959
21
-94.9482229999999987
0
LINE
8
BLACK
6
CONTINUOUS
10
169.1232229999999959
20
-94.9482229999999987
11
169.2043290000000013
21
-94.8940300000000008
0
LINE
8
BLACK
6
CONTINUOUS
10
169.2043290000000013
20
-94.8940300000000008
11
169.2999999999999829
21
-94.875
0
LINE
8
BLACK
6
CONTINUOUS
10
169.2999999999999829
20
-94.875
11
169.9749999999999943
21
-94.875
0
LINE
8
BLACK
6
CONTINUOUS
10
169.9749999999999943
20
-94.875
11
170.0706710000000044
21
-94.8940300000000008
0
LINE
8
BLACK
6
CONTINUOUS
10
144.645670999999993
20
-94.9190299999999922
11
144.7267769999999985
21
-94.9732229999999902
0
LINE
8
BLACK
6
CONTINUOUS
10
144.7267769999999985
20
-94.9732229999999902
11
144.7809699999999964
21
-95.0543289999999956
0
LINE
8
BLACK
6
CONTINUOUS
10
144.7809699999999964
20
-95.0543289999999956
11
144.7999999999999829
21
-95.1499999999999915
0
LINE
8
BLACK
6
CONTINUOUS
10
144.7999999999999829
20
-95.1499999999999915
11
144.7999999999999829
21
-96.0499999999999972
0
LINE
8
BLACK
6
CONTINUOUS
10
144.7999999999999829
20
-96.0499999999999972
11
144.7809699999999964
21
-96.145670999999993
0
LINE
8
BLACK
6
CONTINUOUS
10
144.7809699999999964
20
-96.145670999999993
11
144.7267769999999985
21
-96.2267769999999985
0
LINE
8
BLACK
6
CONTINUOUS
10
144.7267769999999985
20
-96.2267769999999985
11
144.645670999999993
21
-96.2809699999999964
0
LINE
8
BLACK
6
CONTINUOUS
10
144.645670999999993
20
-96.2809699999999964
11
144.5499999999999829
21
-96.2999999999999972
0
LINE
8
BLACK
6
CONTINUOUS
10
144.5499999999999829
20
-96.2999999999999972
11
143.8499999999999943
21
-96.2999999999999972
0
LINE
8
BLACK
6
CONTINUOUS
10
143.8499999999999943
20
-96.2999999999999972
11
143.7543289999999843
21
-96.2809699999999964
0
LINE
8
BLACK
6
CONTINUOUS
10
143.7543289999999843
20
-96.2809699999999964
11
143.6732230000000072
21
-96.2267769999999985
0
LINE
8
BLACK
6
CONTINUOUS
10
143.6732230000000072
20
-96.2267769999999985
11
143.6190299999999809
21
-96.145670999999993
0
LINE
8
BLACK
6
CONTINUOUS
10
143.6190299999999809
20
-96.145670999999993
11
143.5999999999999943
21
-96.0499999999999972
0
LINE
8
BLACK
6
CONTINUOUS
10
143.5999999999999943
20
-96.0499999999999972
11
143.5999999999999943
21
-95.1499999999999915
0
LINE
8
BLACK
6
CONTINUOUS
10
143.5999999999999943
20
-95.1499999999999915
11
143.6190299999999809
21
-95.0543289999999956
0
LINE
8
BLACK
6
CONTINUOUS
10
143.6190299999999809
20
-95.0543289999999956
11
143.6732230000000072
21
-94.9732229999999902
0
LINE
8
BLACK
6
CONTINUOUS
10
143.6732230000000072
20
-94.9732229999999902
11
143.7543289999999843
21
-94.9190299999999922
0
LINE
8
BLACK
6
CONTINUOUS
10
143.7543289999999843
20
-94.9190299999999922
11
143.8499999999999943
21
-94.8999999999999915
0
LINE
8
BLACK
6
CONTINUOUS
10
143.8499999999999943
20
-94.8999999999999915
11
144.5499999999999829
21
-94.8999999999999915
0
LINE
8
BLACK
6
CONTINUOUS
10
144.5499999999999829
20
-94.8999999999999915
11
144.645670999999993
21
-94.9190299999999922
0
LINE
8
BLACK
6
CONTINUOUS
10
146.645670999999993
20
-94.9190299999999922
11
146.7267769999999985
21
-94.9732229999999902
0
LINE
8
BLACK
6
CONTINUOUS
10
146.7267769999999985
20
-94.9732229999999902
11
146.7809699999999964
21
-95.0543289999999956
0
LINE
8
BLACK
6
CONTINUOUS
10
146.7809699999999964
20
-95.0543289999999956
11
146.7999999999999829
21
-95.1499999999999915
0
LINE
8
BLACK
6
CONTINUOUS
10
146.7999999999999829
20
-95.1499999999999915
11
146.7999999999999829
21
-96.0499999999999972
0
LINE
8
BLACK
6
CONTINUOUS
10
146.7999999999999829
20
-96.0499999999999972
11
146.7809699999999964
21
-96.145670999999993
0
LINE
8
BLACK
6
CONTINUOUS
10
146.7809699999999964
20
-96.145670999999993
11
146.7267769999999985
21
-96.2267769999999985
0
LINE
8
BLACK
6
CONTINUOUS
10
146.7267769999999985
20
-96.2267769999999985
11
146.645670999999993
21
-96.2809699999999964
0
LINE
8
BLACK
6
CONTINUOUS
10
146.645670999999993
20
-96.2809699999999964
11
146.5499999999999829
21
-96.2999999999999972
0
LINE
8
BLACK
6
CONTINUOUS
10
146.5499999999999829
20
-96.2999999999999972
11
145.8499999999999943
21
-96.2999999999999972
0
LINE
8
BLACK
6
CONTINUOUS
10
145.8499999999999943
20
-96.2999999999999972
11
145.7543289999999843
21
-96.2809699999999964
0
LINE
8
BLACK
6
CONTINUOUS
10
145.7543289999999843
20
-96.2809699999999964
11
145.6732230000000072
21
-96.2267769999999985
0
LINE
8
BLACK
6
CONTINUOUS
10
145.6732230000000072
20
-96.2267769999999985
11
145.6190299999999809
21
-96.145670999999993
0
LINE
8
BLACK
6
CONTINUOUS
10
145.6190299999999809
20
-96.145670999999993
11
145.5999999999999943
21
-96.0499999999999972
0
LINE
8
BLACK
6
CONTINUOUS
10
145.5999999999999943
20
-96.0499999999999972
11
145.5999999999999943
21
-95.1499999999999915
0
LINE
8
BLACK
6
CONTINUOUS
10
145.5999999999999943
20
-95.1499999999999915
11
145.6190299999999809
21
-95.0543289999999956
0
LINE
8
BLACK
6
CONTINUOUS
10
145.6190299999999809
20
-95.0543289999999956
11
145.6732230000000072
21
-94.9732229999999902
0
LINE
8
BLACK
6
CONTINUOUS
10
145.6732230000000072
20
-94.9732229999999902
11
145.7543289999999843
21
-94.9190299999999922
0
LINE
8
BLACK
6
CONTINUOUS
10
145.7543289999999843
20
-94.9190299999999922
11
145.8499999999999943
21
-94.8999999999999915
0
LINE
8
BLACK
6
CONTINUOUS
10
145.8499999999999943
20
-94.8999999999999915
11
146.5499999999999829
21
-94.8999999999999915
0
LINE
8
BLACK
6
CONTINUOUS
10
146.5499999999999829
20
-94.8999999999999915
11
146.645670999999993
21
-94.9190299999999922
0
LINE
8
BLACK
6
CONTINUOUS
10
153.8456709999999816
20
-94.9190299999999922
11
153.9267769999999871
21
-94.9732229999999902
0
LINE
8
BLACK
6
CONTINUOUS
10
153.9267769999999871
20
-94.9732229999999902
11
153.980969999999985
21
-95.0543289999999956
0
LINE
8
BLACK
6
CONTINUOUS
10
153.980969999999985
20
-95.0543289999999956
11
154.
21
-95.1499999999999915
0
LINE
8
BLACK
6
CONTINUOUS
10
154.
20
-95.1499999999999915
11
154.
21
-96.0499999999999972
0
LINE
8
BLACK
6
CONTINUOUS
10
154.
20
-96.0499999999999972
11
153.980969999999985
21
-96.145670999999993
0
LINE
8
BLACK
6
CONTINUOUS
10
153.980969999999985
20
-96.145670999999993
11
153.9267769999999871
21
-96.2267769999999985
0
LINE
8
BLACK
6
CONTINUOUS
10
153.9267769999999871
20
-96.2267769999999985
11
153.8456709999999816
21
-96.2809699999999964
0
LINE
8
BLACK
6
CONTINUOUS
10
153.8456709999999816
20
-96.2809699999999964
11
153.75
21
-96.2999999999999972
0
LINE
8
BLACK
6
CONTINUOUS
10
153.75
20
-96.2999999999999972
11
153.0499999999999829
21
-96.2999999999999972
0
LINE
8
BLACK
6
CONTINUOUS
10
153.0499999999999829
20
-96.2999999999999972
11
152.9543290000000013
21
-96.2809699999999964
0
LINE
8
BLACK
6
CONTINUOUS
10
152.9543290000000013
20
-96.2809699999999964
11
152.8732229999999959
21
-96.2267769999999985
0
LINE
8
BLACK
6
CONTINUOUS
10
152.8732229999999959
20
-96.2267769999999985
11
152.8190299999999979
21
-96.145670999999993
0
LINE
8
BLACK
6
CONTINUOUS
10
152.8190299999999979
20
-96.145670999999993
11
152.7999999999999829
21
-96.0499999999999972
0
LINE
8
BLACK
6
CONTINUOUS
10
152.7999999999999829
20
-96.0499999999999972
11
152.7999999999999829
21
-95.1499999999999915
0
LINE
8
BLACK
6
CONTINUOUS
10
152.7999999999999829
20
-95.1499999999999915
11
152.8190299999999979
21
-95.0543289999999956
0
LINE
8
BLACK
6
CONTINUOUS
10
152.8190299999999979
20
-95.0543289999999956
11
152.8732229999999959
21
-94.9732229999999902
0
LINE
8
BLACK
6
CONTINUOUS
10
152.8732229999999959
20
-94.9732229999999902
11
152.9543290000000013
21
-94.9190299999999922
0
LINE
8
BLACK
6
CONTINUOUS
10
152.9543290000000013
20
-94.9190299999999922
11
153.0499999999999829
21
-94.8999999999999915
0
LINE
8
BLACK
6
CONTINUOUS
10
153.0499999999999829
20
-94.8999999999999915
11
153.75
21
-94.8999999999999915
0
LINE
8
BLACK
6
CONTINUOUS
10
153.75
20
-94.8999999999999915
11
153.8456709999999816
21
-94.9190299999999922
0
LINE
8
BLACK
6
CONTINUOUS
10
155.8456709999999816
20
-94.9190299999999922
11
155.9267769999999871
21
-94.9732229999999902
0
LINE
8
BLACK
6
CONTINUOUS
10
155.9267769999999871
20
-94.9732229999999902
11
155.980969999999985
21
-95.0543289999999956
0
LINE
8
BLACK
6
CONTINUOUS
10
155.980969999999985
20
-95.0543289999999956
11
156.
21
-95.1499999999999915
0
LINE
8
BLACK
6
CONTINUOUS
10
156.
20
-95.1499999999999915
11
156.
21
-96.0499999999999972
0
LINE
8
BLACK
6
CONTINUOUS
10
156.
20
-96.0499999999999972
11
155.980969999999985
21
-96.145670999999993
0
LINE
8
BLACK
6
CONTINUOUS
10
155.980969999999985
20
-96.145670999999993
11
155.9267769999999871
21
-96.2267769999999985
0
LINE
8
BLACK
6
CONTINUOUS
10
155.9267769999999871
20
-96.2267769999999985
11
155.8456709999999816
21
-96.2809699999999964
0
LINE
8
BLACK
6
CONTINUOUS
10
155.8456709999999816
20
-96.2809699999999964
11
155.75
21
-96.2999999999999972
0
LINE
8
BLACK
6
CONTINUOUS
10
155.75
20
-96.2999999999999972
11
155.0499999999999829
21
-96.2999999999999972
0
LINE
8
BLACK
6
CONTINUOUS
10
155.0499999999999829
20
-96.2999999999999972
11
154.9543290000000013
21
-96.2809699999999964
0
LINE
8
BLACK
6
CONTINUOUS
10
154.9543290000000013
20
-96.2809699999999964
11
154.8732229999999959
21
-96.2267769999999985
0
LINE
8
BLACK
6
CONTINUOUS
10
154.8732229999999959
20
-96.2267769999999985
11
154.8190299999999979
21
-96.145670999999993
0
LINE
8
BLACK
6
CONTINUOUS
10
154.8190299999999979
20
-96.145670999999993
11
154.7999999999999829
21
-96.0499999999999972
0
LINE
8
BLACK
6
CONTINUOUS
10
154.7999999999999829
20
-96.0499999999999972
11
154.7999999999999829
21
-95.1499999999999915
0
LINE
8
BLACK
6
CONTINUOUS
10
154.7999999999999829
20
-95.1499999999999915
11
154.8190299999999979
21
-95.0543289999999956
0
LINE
8
BLACK
6
CONTINUOUS
10
154.8190299999999979
20
-95.0543289999999956
11
154.8732229999999959
21
-94.9732229999999902
0
LINE
8
BLACK
6
CONTINUOUS
10
154.8732229999999959
20
-94.9732229999999902
11
154.9543290000000013
21
-94.9190299999999922
0
LINE
8
BLACK
6
CONTINUOUS
10
154.9543290000000013
20
-94.9190299999999922
11
155.0499999999999829
21
-94.8999999999999915
0
LINE
8
BLACK
6
CONTINUOUS
10
155.0499999999999829
20
-94.8999999999999915
11
155.75
21
-94.8999999999999915
0
LINE
8
BLACK
6
CONTINUOUS
10
155.75
20
-94.8999999999999915
11
155.8456709999999816
21
-94.9190299999999922
0
LINE
8
BLACK
6
CONTINUOUS
10
164.0456709999999987
20
-94.9190299999999922
11
164.1267770000000041
21
-94.9732229999999902
0
LINE
8
BLACK
6
CONTINUOUS
10
164.1267770000000041
20
-94.9732229999999902
11
164.1809700000000021
21
-95.0543289999999956
0
LINE
8
BLACK
6
CONTINUOUS
10
164.1809700000000021
20
-95.0543289999999956
11
164.1999999999999886
21
-95.1499999999999915
0
LINE
8
BLACK
6
CONTINUOUS
10
164.1999999999999886
20
-95.1499999999999915
11
164.1999999999999886
21
-96.0499999999999972
0
LINE
8
BLACK
6
CONTINUOUS
10
164.1999999999999886
20
-96.0499999999999972
11
164.1809700000000021
21
-96.145670999999993
0
LINE
8
BLACK
6
CONTINUOUS
10
164.1809700000000021
20
-96.145670999999993
11
164.1267770000000041
21
-96.2267769999999985
0
LINE
8
BLACK
6
CONTINUOUS
10
164.1267770000000041
20
-96.2267769999999985
11
164.0456709999999987
21
-96.2809699999999964
0
LINE
8
BLACK
6
CONTINUOUS
10
164.0456709999999987
20
-96.2809699999999964
11
163.9499999999999886
21
-96.2999999999999972
0
LINE
8
BLACK
6
CONTINUOUS
10
163.9499999999999886
20
-96.2999999999999972
11
163.25
21
-96.2999999999999972
0
LINE
8
BLACK
6
CONTINUOUS
10
163.25
20
-96.2999999999999972
11
163.1543289999999899
21
-96.2809699999999964
0
LINE
8
BLACK
6
CONTINUOUS
10
163.1543289999999899
20
-96.2809699999999964
11
163.0732229999999845
21
-96.2267769999999985
0
LINE
8
BLACK
6
CONTINUOUS
10
163.0732229999999845
20
-96.2267769999999985
11
163.0190299999999866
21
-96.145670999999993
0
LINE
8
BLACK
6
CONTINUOUS
10
163.0190299999999866
20
-96.145670999999993
11
163.
21
-96.0499999999999972
0
LINE
8
BLACK
6
CONTINUOUS
10
163.
20
-96.0499999999999972
11
163.
21
-95.1499999999999915
0
LINE
8
BLACK
6
CONTINUOUS
10
163.
20
-95.1499999999999915
11
163.0190299999999866
21
-95.0543289999999956
0
LINE
8
BLACK
6
CONTINUOUS
10
163.0190299999999866
20
-95.0543289999999956
11
163.0732229999999845
21
-94.9732229999999902
0
LINE
8
BLACK
6
CONTINUOUS
10
163.0732229999999845
20
-94.9732229999999902
11
163.1543289999999899
21
-94.9190299999999922
0
LINE
8
BLACK
6
CONTINUOUS
10
163.1543289999999899
20
-94.9190299999999922
11
163.25
21
-94.8999999999999915
0
LINE
8
BLACK
6
CONTINUOUS
10
163.25
20
-94.8999999999999915
11
163.9499999999999886
21
-94.8999999999999915
0
LINE
8
BLACK
6
CONTINUOUS
10
163.9499999999999886
20
-94.8999999999999915
11
164.0456709999999987
21
-94.9190299999999922
0
LINE
8
BLACK
6
CONTINUOUS
10
166.0456709999999987
20
-94.9190299999999922
11
166.1267770000000041
21
-94.9732229999999902
0
LINE
8
BLACK
6
CONTINUOUS
10
166.1267770000000041
20
-94.9732229999999902
11
166.1809700000000021
21
-95.0543289999999956
0
LINE
8
BLACK
6
CONTINUOUS
10
166.1809700000000021
20
-95.0543289999999956
11
166.1999999999999886
21
-95.1499999999999915
0
LINE
8
BLACK
6
CONTINUOUS
10
166.1999999999999886
20
-95.1499999999999915
11
166.1999999999999886
21
-96.0499999999999972
0
LINE
8
BLACK
6
CONTINUOUS
10
166.1999999999999886
20
-96.0499999999999972
11
166.1809700000000021
21
-96.145670999999993
0
LINE
8
BLACK
6
CONTINUOUS
10
166.1809700000000021
20
-96.145670999999993
11
166.1267770000000041
21
-96.2267769999999985
0
LINE
8
BLACK
6
CONTINUOUS
10
166.1267770000000041
20
-96.2267769999999985
11
166.0456709999999987
21
-96.2809699999999964
0
LINE
8
BLACK
6
CONTINUOUS
10
166.0456709999999987
20
-96.2809699999999964
11
165.9499999999999886
21
-96.2999999999999972
0
LINE
8
BLACK
6
CONTINUOUS
10
165.9499999999999886
20
-96.2999999999999972
11
165.25
21
-96.2999999999999972
0
LINE
8
BLACK
6
CONTINUOUS
10
165.25
20
-96.2999999999999972
11
165.1543289999999899
21
-96.2809699999999964
0
LINE
8
BLACK
6
CONTINUOUS
10
165.1543289999999899
20
-96.2809699999999964
11
165.0732229999999845
21
-96.2267769999999985
0
LINE
8
BLACK
6
CONTINUOUS
10
165.0732229999999845
20
-96.2267769999999985
11
165.0190299999999866
21
-96.145670999999993
0
LINE
8
BLACK
6
CONTINUOUS
10
165.0190299999999866
20
-96.145670999999993
11
165.
21
-96.0499999999999972
0
LINE
8
BLACK
6
CONTINUOUS
10
165.
20
-96.0499999999999972
11
165.
21
-95.1499999999999915
0
LINE
8
BLACK
6
CONTINUOUS
10
165.
20
-95.1499999999999915
11
165.0190299999999866
21
-95.0543289999999956
0
LINE
8
BLACK
6
CONTINUOUS
10
165.0190299999999866
20
-95.0543289999999956
11
165.0732229999999845
21
-94.9732229999999902
0
LINE
8
BLACK
6
CONTINUOUS
10
165.0732229999999845
20
-94.9732229999999902
11
165.1543289999999899
21
-94.9190299999999922
0
LINE
8
BLACK
6
CONTINUOUS
10
165.1543289999999899
20
-94.9190299999999922
11
165.25
21
-94.8999999999999915
0
LINE
8
BLACK
6
CONTINUOUS
10
165.25
20
-94.8999999999999915
11
165.9499999999999886
21
-94.8999999999999915
0
LINE
8
BLACK
6
CONTINUOUS
10
165.9499999999999886
20
-94.8999999999999915
11
166.0456709999999987
21
-94.9190299999999922
0
LINE
8
BLACK
6
CONTINUOUS
10
174.0456709999999987
20
-94.9190299999999922
11
174.1267770000000041
21
-94.9732229999999902
0
LINE
8
BLACK
6
CONTINUOUS
10
174.1267770000000041
20
-94.9732229999999902
11
174.1809700000000021
21
-95.0543289999999956
0
LINE
8
BLACK
6
CONTINUOUS
10
174.1809700000000021
20
-95.0543289999999956
11
174.1999999999999886
21
-95.1499999999999915
0
LINE
8
BLACK
6
CONTINUOUS
10
174.1999999999999886
20
-95.1499999999999915
11
174.1999999999999886
21
-96.0499999999999972
0
LINE
8
BLACK
6
CONTINUOUS
10
174.1999999999999886
20
-96.0499999999999972
11
174.1809700000000021
21
-96.145670999999993
0
LINE
8
BLACK
6
CONTINUOUS
10
174.1809700000000021
20
-96.145670999999993
11
174.1267770000000041
21
-96.2267769999999985
0
LINE
8
BLACK
6
CONTINUOUS
10
174.1267770000000041
20
-96.2267769999999985
11
174.0456709999999987
21
-96.2809699999999964
0
LINE
8
BLACK
6
CONTINUOUS
10
174.0456709999999987
20
-96.2809699999999964
11
173.9499999999999886
21
-96.2999999999999972
0
LINE
8
BLACK
6
CONTINUOUS
10
173.9499999999999886
20
-96.2999999999999972
11
173.25
21
-96.2999999999999972
0
LINE
8
BLACK
6
CONTINUOUS
10
173.25
20
-96.2999999999999972
11
173.1543289999999899
21
-96.2809699999999964
0
LINE
8
BLACK
6
CONTINUOUS
10
173.1543289999999899
20
-96.2809699999999964
11
173.0732229999999845
21
-96.2267769999999985
0
LINE
8
BLACK
6
CONTINUOUS
10
173.0732229999999845
20
-96.2267769999999985
11
173.0190299999999866
21
-96.145670999999993
0
LINE
8
BLACK
6
CONTINUOUS
10
173.0190299999999866
20
-96.145670999999993
11
173.
21
-96.0499999999999972
0
LINE
8
BLACK
6
CONTINUOUS
10
173.
20
-96.0499999999999972
11
173.
21
-95.1499999999999915
0
LINE
8
BLACK
6
CONTINUOUS
10
173.
20
-95.1499999999999915
11
173.0190299999999866
21
-95.0543289999999956
0
LINE
8
BLACK
6
CONTINUOUS
10
173.0190299999999866
20
-95.0543289999999956
11
173.0732229999999845
21
-94.9732229999999902
0
LINE
8
BLACK
6
CONTINUOUS
10
173.0732229999999845
20
-94.9732229999999902
11
173.1543289999999899
21
-94.9190299999999922
0
LINE
8
BLACK
6
CONTINUOUS
10
173.1543289999999899
20
-94.9190299999999922
11
173.25
21
-94.8999999999999915
0
LINE
8
BLACK
6
CONTINUOUS
10
173.25
20
-94.8999999999999915
11
173.9499999999999886
21
-94.8999999999999915
0
LINE
8
BLACK
6
CONTINUOUS
10
173.9499999999999886
20
-94.8999999999999915
11
174.0456709999999987
21
-94.9190299999999922
0
LINE
8
BLACK
6
CONTINUOUS
10
176.0456709999999987
20
-94.9190299999999922
11
176.1267770000000041
21
-94.9732229999999902
0
LINE
8
BLACK
6
CONTINUOUS
10
176.1267770000000041
20
-94.9732229999999902
11
176.1809700000000021
21
-95.0543289999999956
0
LINE
8
BLACK
6
CONTINUOUS
10
176.1809700000000021
20
-95.0543289999999956
11
176.1999999999999886
21
-95.1499999999999915
0
LINE
8
BLACK
6
CONTINUOUS
10
176.1999999999999886
20
-95.1499999999999915
11
176.1999999999999886
21
-96.0499999999999972
0
LINE
8
BLACK
6
CONTINUOUS
10
176.1999999999999886
20
-96.0499999999999972
11
176.1809700000000021
21
-96.145670999999993
0
LINE
8
BLACK
6
CONTINUOUS
10
176.1809700000000021
20
-96.145670999999993
11
176.1267770000000041
21
-96.2267769999999985
0
LINE
8
BLACK
6
CONTINUOUS
10
176.1267770000000041
20
-96.2267769999999985
11
176.0456709999999987
21
-96.2809699999999964
0
LINE
8
BLACK
6
CONTINUOUS
10
176.0456709999999987
20
-96.2809699999999964
11
175.9499999999999886
21
-96.2999999999999972
0
LINE
8
BLACK
6
CONTINUOUS
10
175.9499999999999886
20
-96.2999999999999972
11
175.25
21
-96.2999999999999972
0
LINE
8
BLACK
6
CONTINUOUS
10
175.25
20
-96.2999999999999972
11
175.1543289999999899
21
-96.2809699999999964
0
LINE
8
BLACK
6
CONTINUOUS
10
175.1543289999999899
20
-96.2809699999999964
11
175.0732229999999845
21
-96.2267769999999985
0
LINE
8
BLACK
6
CONTINUOUS
10
175.0732229999999845
20
-96.2267769999999985
11
175.0190299999999866
21
-96.145670999999993
0
LINE
8
BLACK
6
CONTINUOUS
10
175.0190299999999866
20
-96.145670999999993
11
175.
21
-96.0499999999999972
0
LINE
8
BLACK
6
CONTINUOUS
10
175.
20
-96.0499999999999972
11
175.
21
-95.1499999999999915
0
LINE
8
BLACK
6
CONTINUOUS
10
175.
20
-95.1499999999999915
11
175.0190299999999866
21
-95.0543289999999956
0
LINE
8
BLACK
6
CONTINUOUS
10
175.0190299999999866
20
-95.0543289999999956
11
175.0732229999999845
21
-94.9732229999999902
0
LINE
8
BLACK
6
CONTINUOUS
10
175.0732229999999845
20
-94.9732229999999902
11
175.1543289999999899
21
-94.9190299999999922
0
LINE
8
BLACK
6
CONTINUOUS
10
175.1543289999999899
20
-94.9190299999999922
11
175.25
21
-94.8999999999999915
0
LINE
8
BLACK
6
CONTINUOUS
10
175.25
20
-94.8999999999999915
11
175.9499999999999886
21
-94.8999999999999915
0
LINE
8
BLACK
6
CONTINUOUS
10
175.9499999999999886
20
-94.8999999999999915
11
176.0456709999999987
21
-94.9190299999999922
0
LINE
8
BLACK
6
CONTINUOUS
10
129.395670999999993
20
-94.6940299999999979
11
129.4767769999999985
21
-94.7482229999999959
0
LINE
8
BLACK
6
CONTINUOUS
10
129.4767769999999985
20
-94.7482229999999959
11
129.5309699999999964
21
-94.8293290000000013
0
LINE
8
BLACK
6
CONTINUOUS
10
129.5309699999999964
20
-94.8293290000000013
11
129.5499999999999829
21
-94.9249999999999972
0
LINE
8
BLACK
6
CONTINUOUS
10
129.5499999999999829
20
-94.9249999999999972
11
129.5499999999999829
21
-95.875
0
LINE
8
BLACK
6
CONTINUOUS
10
129.5499999999999829
20
-95.875
11
129.5309699999999964
21
-95.9706709999999958
0
LINE
8
BLACK
6
CONTINUOUS
10
129.5309699999999964
20
-95.9706709999999958
11
129.4767769999999985
21
-96.0517770000000013
0
LINE
8
BLACK
6
CONTINUOUS
10
129.4767769999999985
20
-96.0517770000000013
11
129.395670999999993
21
-96.1059699999999992
0
LINE
8
BLACK
6
CONTINUOUS
10
129.395670999999993
20
-96.1059699999999992
11
129.2999999999999829
21
-96.125
0
LINE
8
BLACK
6
CONTINUOUS
10
129.2999999999999829
20
-96.125
11
128.625
21
-96.125
0
LINE
8
BLACK
6
CONTINUOUS
10
128.625
20
-96.125
11
128.5293289999999899
21
-96.1059699999999992
0
LINE
8
BLACK
6
CONTINUOUS
10
128.5293289999999899
20
-96.1059699999999992
11
128.4482229999999845
21
-96.0517770000000013
0
LINE
8
BLACK
6
CONTINUOUS
10
128.4482229999999845
20
-96.0517770000000013
11
128.3940299999999866
21
-95.9706709999999958
0
LINE
8
BLACK
6
CONTINUOUS
10
128.3940299999999866
20
-95.9706709999999958
11
128.375
21
-95.875
0
LINE
8
BLACK
6
CONTINUOUS
10
128.375
20
-95.875
11
128.375
21
-94.9249999999999972
0
LINE
8
BLACK
6
CONTINUOUS
10
128.375
20
-94.9249999999999972
11
128.3940299999999866
21
-94.8293290000000013
0
LINE
8
BLACK
6
CONTINUOUS
10
128.3940299999999866
20
-94.8293290000000013
11
128.4482229999999845
21
-94.7482229999999959
0
LINE
8
BLACK
6
CONTINUOUS
10
128.4482229999999845
20
-94.7482229999999959
11
128.5293289999999899
21
-94.6940299999999979
0
LINE
8
BLACK
6
CONTINUOUS
10
128.5293289999999899
20
-94.6940299999999979
11
128.625
21
-94.6749999999999972
0
LINE
8
BLACK
6
CONTINUOUS
10
128.625
20
-94.6749999999999972
11
129.2999999999999829
21
-94.6749999999999972
0
LINE
8
BLACK
6
CONTINUOUS
10
129.2999999999999829
20
-94.6749999999999972
11
129.395670999999993
21
-94.6940299999999979
0
LINE
8
BLACK
6
CONTINUOUS
10
131.4706709999999816
20
-94.6940299999999979
11
131.5517769999999871
21
-94.7482229999999959
0
LINE
8
BLACK
6
CONTINUOUS
10
131.5517769999999871
20
-94.7482229999999959
11
131.605969999999985
21
-94.8293290000000013
0
LINE
8
BLACK
6
CONTINUOUS
10
131.605969999999985
20
-94.8293290000000013
11
131.625
21
-94.9249999999999972
0
LINE
8
BLACK
6
CONTINUOUS
10
131.625
20
-94.9249999999999972
11
131.625
21
-95.875
0
LINE
8
BLACK
6
CONTINUOUS
10
131.625
20
-95.875
11
131.605969999999985
21
-95.9706709999999958
0
LINE
8
BLACK
6
CONTINUOUS
10
131.605969999999985
20
-95.9706709999999958
11
131.5517769999999871
21
-96.0517770000000013
0
LINE
8
BLACK
6
CONTINUOUS
10
131.5517769999999871
20
-96.0517770000000013
11
131.4706709999999816
21
-96.1059699999999992
0
LINE
8
BLACK
6
CONTINUOUS
10
131.4706709999999816
20
-96.1059699999999992
11
131.375
21
-96.125
0
LINE
8
BLACK
6
CONTINUOUS
10
131.375
20
-96.125
11
130.6999999999999886
21
-96.125
0
LINE
8
BLACK
6
CONTINUOUS
10
130.6999999999999886
20
-96.125
11
130.604329000000007
21
-96.1059699999999992
0
LINE
8
BLACK
6
CONTINUOUS
10
130.604329000000007
20
-96.1059699999999992
11
130.5232230000000015
21
-96.0517770000000013
0
LINE
8
BLACK
6
CONTINUOUS
10
130.5232230000000015
20
-96.0517770000000013
11
130.4690300000000036
21
-95.9706709999999958
0
LINE
8
BLACK
6
CONTINUOUS
10
130.4690300000000036
20
-95.9706709999999958
11
130.4499999999999886
21
-95.875
0
LINE
8
BLACK
6
CONTINUOUS
10
130.4499999999999886
20
-95.875
11
130.4499999999999886
21
-94.9249999999999972
0
LINE
8
BLACK
6
CONTINUOUS
10
130.4499999999999886
20
-94.9249999999999972
11
130.4690300000000036
21
-94.8293290000000013
0
LINE
8
BLACK
6
CONTINUOUS
10
130.4690300000000036
20
-94.8293290000000013
11
130.5232230000000015
21
-94.7482229999999959
0
LINE
8
BLACK
6
CONTINUOUS
10
130.5232230000000015
20
-94.7482229999999959
11
130.604329000000007
21
-94.6940299999999979
0
LINE
8
BLACK
6
CONTINUOUS
10
130.604329000000007
20
-94.6940299999999979
11
130.6999999999999886
21
-94.6749999999999972
0
LINE
8
BLACK
6
CONTINUOUS
10
130.6999999999999886
20
-94.6749999999999972
11
131.375
21
-94.6749999999999972
0
LINE
8
BLACK
6
CONTINUOUS
10
131.375
20
-94.6749999999999972
11
131.4706709999999816
21
-94.6940299999999979
0
LINE
8
BLACK
6
CONTINUOUS
10
125.4456709999999902
20
-94.7190299999999894
11
125.5267769999999956
21
-94.7732230000000015
0
LINE
8
BLACK
6
CONTINUOUS
10
125.5267769999999956
20
-94.7732230000000015
11
125.5809699999999935
21
-94.8543289999999928
0
LINE
8
BLACK
6
CONTINUOUS
10
125.5809699999999935
20
-94.8543289999999928
11
125.5999999999999943
21
-94.9499999999999886
0
LINE
8
BLACK
6
CONTINUOUS
10
125.5999999999999943
20
-94.9499999999999886
11
125.5999999999999943
21
-95.8499999999999943
0
LINE
8
BLACK
6
CONTINUOUS
10
125.5999999999999943
20
-95.8499999999999943
11
125.5809699999999935
21
-95.9456709999999902
0
LINE
8
BLACK
6
CONTINUOUS
10
125.5809699999999935
20
-95.9456709999999902
11
125.5267769999999956
21
-96.0267769999999956
0
LINE
8
BLACK
6
CONTINUOUS
10
125.5267769999999956
20
-96.0267769999999956
11
125.4456709999999902
21
-96.0809699999999935
0
LINE
8
BLACK
6
CONTINUOUS
10
125.4456709999999902
20
-96.0809699999999935
11
125.3499999999999943
21
-96.0999999999999943
0
LINE
8
BLACK
6
CONTINUOUS
10
125.3499999999999943
20
-96.0999999999999943
11
124.6499999999999915
21
-96.0999999999999943
0
LINE
8
BLACK
6
CONTINUOUS
10
124.6499999999999915
20
-96.0999999999999943
11
124.5543289999999956
21
-96.0809699999999935
0
LINE
8
BLACK
6
CONTINUOUS
10
124.5543289999999956
20
-96.0809699999999935
11
124.4732229999999902
21
-96.0267769999999956
0
LINE
8
BLACK
6
CONTINUOUS
10
124.4732229999999902
20
-96.0267769999999956
11
124.4190299999999922
21
-95.9456709999999902
0
LINE
8
BLACK
6
CONTINUOUS
10
124.4190299999999922
20
-95.9456709999999902
11
124.3999999999999915
21
-95.8499999999999943
0
LINE
8
BLACK
6
CONTINUOUS
10
124.3999999999999915
20
-95.8499999999999943
11
124.3999999999999915
21
-94.9499999999999886
0
LINE
8
BLACK
6
CONTINUOUS
10
124.3999999999999915
20
-94.9499999999999886
11
124.4190299999999922
21
-94.8543289999999928
0
LINE
8
BLACK
6
CONTINUOUS
10
124.4190299999999922
20
-94.8543289999999928
11
124.4732229999999902
21
-94.7732230000000015
0
LINE
8
BLACK
6
CONTINUOUS
10
124.4732229999999902
20
-94.7732230000000015
11
124.5543289999999956
21
-94.7190299999999894
0
LINE
8
BLACK
6
CONTINUOUS
10
124.5543289999999956
20
-94.7190299999999894
11
124.6499999999999915
21
-94.6999999999999886
0
LINE
8
BLACK
6
CONTINUOUS
10
124.6499999999999915
20
-94.6999999999999886
11
125.3499999999999943
21
-94.6999999999999886
0
LINE
8
BLACK
6
CONTINUOUS
10
125.3499999999999943
20
-94.6999999999999886
11
125.4456709999999902
21
-94.7190299999999894
0
LINE
8
BLACK
6
CONTINUOUS
10
127.4456709999999902
20
-94.7190299999999894
11
127.5267769999999956
21
-94.7732230000000015
0
LINE
8
BLACK
6
CONTINUOUS
10
127.5267769999999956
20
-94.7732230000000015
11
127.5809699999999935
21
-94.8543289999999928
0
LINE
8
BLACK
6
CONTINUOUS
10
127.5809699999999935
20
-94.8543289999999928
11
127.5999999999999943
21
-94.9499999999999886
0
LINE
8
BLACK
6
CONTINUOUS
10
127.5999999999999943
20
-94.9499999999999886
11
127.5999999999999943
21
-95.8499999999999943
0
LINE
8
BLACK
6
CONTINUOUS
10
127.5999999999999943
20
-95.8499999999999943
11
127.5809699999999935
21
-95.9456709999999902
0
LINE
8
BLACK
6
CONTINUOUS
10
127.5809699999999935
20
-95.9456709999999902
11
127.5267769999999956
21
-96.0267769999999956
0
LINE
8
BLACK
6
CONTINUOUS
10
127.5267769999999956
20
-96.0267769999999956
11
127.4456709999999902
21
-96.0809699999999935
0
LINE
8
BLACK
6
CONTINUOUS
10
127.4456709999999902
20
-96.0809699999999935
11
127.3499999999999943
21
-96.0999999999999943
0
LINE
8
BLACK
6
CONTINUOUS
10
127.3499999999999943
20
-96.0999999999999943
11
126.6499999999999915
21
-96.0999999999999943
0
LINE
8
BLACK
6
CONTINUOUS
10
126.6499999999999915
20
-96.0999999999999943
11
126.5543289999999956
21
-96.0809699999999935
0
LINE
8
BLACK
6
CONTINUOUS
10
126.5543289999999956
20
-96.0809699999999935
11
126.4732229999999902
21
-96.0267769999999956
0
LINE
8
BLACK
6
CONTINUOUS
10
126.4732229999999902
20
-96.0267769999999956
11
126.4190299999999922
21
-95.9456709999999902
0
LINE
8
BLACK
6
CONTINUOUS
10
126.4190299999999922
20
-95.9456709999999902
11
126.3999999999999915
21
-95.8499999999999943
0
LINE
8
BLACK
6
CONTINUOUS
10
126.3999999999999915
20
-95.8499999999999943
11
126.3999999999999915
21
-94.9499999999999886
0
LINE
8
BLACK
6
CONTINUOUS
10
126.3999999999999915
20
-94.9499999999999886
11
126.4190299999999922
21
-94.8543289999999928
0
LINE
8
BLACK
6
CONTINUOUS
10
126.4190299999999922
20
-94.8543289999999928
11
126.4732229999999902
21
-94.7732230000000015
0
LINE
8
BLACK
6
CONTINUOUS
10
126.4732229999999902
20
-94.7732230000000015
11
126.5543289999999956
21
-94.7190299999999894
0
LINE
8
BLACK
6
CONTINUOUS
10
126.5543289999999956
20
-94.7190299999999894
11
126.6499999999999915
21
-94.6999999999999886
0
LINE
8
BLACK
6
CONTINUOUS
10
126.6499999999999915
20
-94.6999999999999886
11
127.3499999999999943
21
-94.6999999999999886
0
LINE
8
BLACK
6
CONTINUOUS
10
127.3499999999999943
20
-94.6999999999999886
11
127.4456709999999902
21
-94.7190299999999894
0
LINE
8
BLACK
6
CONTINUOUS
10
134.4456710000000044
20
-94.7190299999999894
11
134.5267769999999814
21
-94.7732230000000015
0
LINE
8
BLACK
6
CONTINUOUS
10
134.5267769999999814
20
-94.7732230000000015
11
134.5809700000000078
21
-94.8543289999999928
0
LINE
8
BLACK
6
CONTINUOUS
10
134.5809700000000078
20
-94.8543289999999928
11
134.5999999999999943
21
-94.9499999999999886
0
LINE
8
BLACK
6
CONTINUOUS
10
134.5999999999999943
20
-94.9499999999999886
11
134.5999999999999943
21
-95.8499999999999943
0
LINE
8
BLACK
6
CONTINUOUS
10
134.5999999999999943
20
-95.8499999999999943
11
134.5809700000000078
21
-95.9456709999999902
0
LINE
8
BLACK
6
CONTINUOUS
10
134.5809700000000078
20
-95.9456709999999902
11
134.5267769999999814
21
-96.0267769999999956
0
LINE
8
BLACK
6
CONTINUOUS
10
134.5267769999999814
20
-96.0267769999999956
11
134.4456710000000044
21
-96.0809699999999935
0
LINE
8
BLACK
6
CONTINUOUS
10
134.4456710000000044
20
-96.0809699999999935
11
134.3499999999999943
21
-96.0999999999999943
0
LINE
8
BLACK
6
CONTINUOUS
10
134.3499999999999943
20
-96.0999999999999943
11
133.6500000000000057
21
-96.0999999999999943
0
LINE
8
BLACK
6
CONTINUOUS
10
133.6500000000000057
20
-96.0999999999999943
11
133.5543289999999956
21
-96.0809699999999935
0
LINE
8
BLACK
6
CONTINUOUS
10
133.5543289999999956
20
-96.0809699999999935
11
133.4732229999999902
21
-96.0267769999999956
0
LINE
8
BLACK
6
CONTINUOUS
10
133.4732229999999902
20
-96.0267769999999956
11
133.4190299999999922
21
-95.9456709999999902
0
LINE
8
BLACK
6
CONTINUOUS
10
133.4190299999999922
20
-95.9456709999999902
11
133.4000000000000057
21
-95.8499999999999943
0
LINE
8
BLACK
6
CONTINUOUS
10
133.4000000000000057
20
-95.8499999999999943
11
133.4000000000000057
21
-94.9499999999999886
0
LINE
8
BLACK
6
CONTINUOUS
10
133.4000000000000057
20
-94.9499999999999886
11
133.4190299999999922
21
-94.8543289999999928
0
LINE
8
BLACK
6
CONTINUOUS
10
133.4190299999999922
20
-94.8543289999999928
11
133.4732229999999902
21
-94.7732230000000015
0
LINE
8
BLACK
6
CONTINUOUS
10
133.4732229999999902
20
-94.7732230000000015
11
133.5543289999999956
21
-94.7190299999999894
0
LINE
8
BLACK
6
CONTINUOUS
10
133.5543289999999956
20
-94.7190299999999894
11
133.6500000000000057
21
-94.6999999999999886
0
LINE
8
BLACK
6
CONTINUOUS
10
133.6500000000000057
20
-94.6999999999999886
11
134.3499999999999943
21
-94.6999999999999886
0
LINE
8
BLACK
6
CONTINUOUS
10
134.3499999999999943
20
-94.6999999999999886
11
134.4456710000000044
21
-94.7190299999999894
0
LINE
8
BLACK
6
CONTINUOUS
10
136.4456710000000044
20
-94.7190299999999894
11
136.5267769999999814
21
-94.7732230000000015
0
LINE
8
BLACK
6
CONTINUOUS
10
136.5267769999999814
20
-94.7732230000000015
11
136.5809700000000078
21
-94.8543289999999928
0
LINE
8
BLACK
6
CONTINUOUS
10
136.5809700000000078
20
-94.8543289999999928
11
136.5999999999999943
21
-94.9499999999999886
0
LINE
8
BLACK
6
CONTINUOUS
10
136.5999999999999943
20
-94.9499999999999886
11
136.5999999999999943
21
-95.8499999999999943
0
LINE
8
BLACK
6
CONTINUOUS
10
136.5999999999999943
20
-95.8499999999999943
11
136.5809700000000078
21
-95.9456709999999902
0
LINE
8
BLACK
6
CONTINUOUS
10
136.5809700000000078
20
-95.9456709999999902
11
136.5267769999999814
21
-96.0267769999999956
0
LINE
8
BLACK
6
CONTINUOUS
10
136.5267769999999814
20
-96.0267769999999956
11
136.4456710000000044
21
-96.0809699999999935
0
LINE
8
BLACK
6
CONTINUOUS
10
136.4456710000000044
20
-96.0809699999999935
11
136.3499999999999943
21
-96.0999999999999943
0
LINE
8
BLACK
6
CONTINUOUS
10
136.3499999999999943
20
-96.0999999999999943
11
135.6500000000000057
21
-96.0999999999999943
0
LINE
8
BLACK
6
CONTINUOUS
10
135.6500000000000057
20
-96.0999999999999943
11
135.5543289999999956
21
-96.0809699999999935
0
LINE
8
BLACK
6
CONTINUOUS
10
135.5543289999999956
20
-96.0809699999999935
11
135.4732229999999902
21
-96.0267769999999956
0
LINE
8
BLACK
6
CONTINUOUS
10
135.4732229999999902
20
-96.0267769999999956
11
135.4190299999999922
21
-95.9456709999999902
0
LINE
8
BLACK
6
CONTINUOUS
10
135.4190299999999922
20
-95.9456709999999902
11
135.4000000000000057
21
-95.8499999999999943
0
LINE
8
BLACK
6
CONTINUOUS
10
135.4000000000000057
20
-95.8499999999999943
11
135.4000000000000057
21
-94.9499999999999886
0
LINE
8
BLACK
6
CONTINUOUS
10
135.4000000000000057
20
-94.9499999999999886
11
135.4190299999999922
21
-94.8543289999999928
0
LINE
8
BLACK
6
CONTINUOUS
10
135.4190299999999922
20
-94.8543289999999928
11
135.4732229999999902
21
-94.7732230000000015
0
LINE
8
BLACK
6
CONTINUOUS
10
135.4732229999999902
20
-94.7732230000000015
11
135.5543289999999956
21
-94.7190299999999894
0
LINE
8
BLACK
6
CONTINUOUS
10
135.5543289999999956
20
-94.7190299999999894
11
135.6500000000000057
21
-94.6999999999999886
0
LINE
8
BLACK
6
CONTINUOUS
10
135.6500000000000057
20
-94.6999999999999886
11
136.3499999999999943
21
-94.6999999999999886
0
LINE
8
BLACK
6
CONTINUOUS
10
136.3499999999999943
20
-94.6999999999999886
11
136.4456710000000044
21
-94.7190299999999894
0
LINE
8
BLACK
6
CONTINUOUS
10
144.5956709999999816
20
-92.8940300000000008
11
144.6767769999999871
21
-92.9482229999999987
0
LINE
8
BLACK
6
CONTINUOUS
10
144.6767769999999871
20
-92.9482229999999987
11
144.730969999999985
21
-93.0293289999999899
0
LINE
8
BLACK
6
CONTINUOUS
10
144.730969999999985
20
-93.0293289999999899
11
144.75
21
-93.125
0
LINE
8
BLACK
6
CONTINUOUS
10
144.75
20
-93.125
11
144.75
21
-94.0750000000000028
0
LINE
8
BLACK
6
CONTINUOUS
10
144.75
20
-94.0750000000000028
11
144.730969999999985
21
-94.1706709999999987
0
LINE
8
BLACK
6
CONTINUOUS
10
144.730969999999985
20
-94.1706709999999987
11
144.6767769999999871
21
-94.2517769999999899
0
LINE
8
BLACK
6
CONTINUOUS
10
144.6767769999999871
20
-94.2517769999999899
11
144.5956709999999816
21
-94.3059700000000021
0
LINE
8
BLACK
6
CONTINUOUS
10
144.5956709999999816
20
-94.3059700000000021
11
144.5
21
-94.3249999999999886
0
LINE
8
BLACK
6
CONTINUOUS
10
144.5
20
-94.3249999999999886
11
143.8249999999999886
21
-94.3249999999999886
0
LINE
8
BLACK
6
CONTINUOUS
10
143.8249999999999886
20
-94.3249999999999886
11
143.729329000000007
21
-94.3059700000000021
0
LINE
8
BLACK
6
CONTINUOUS
10
143.729329000000007
20
-94.3059700000000021
11
143.6482230000000015
21
-94.2517769999999899
0
LINE
8
BLACK
6
CONTINUOUS
10
143.6482230000000015
20
-94.2517769999999899
11
143.5940300000000036
21
-94.1706709999999987
0
LINE
8
BLACK
6
CONTINUOUS
10
143.5940300000000036
20
-94.1706709999999987
11
143.5749999999999886
21
-94.0750000000000028
0
LINE
8
BLACK
6
CONTINUOUS
10
143.5749999999999886
20
-94.0750000000000028
11
143.5749999999999886
21
-93.125
0
LINE
8
BLACK
6
CONTINUOUS
10
143.5749999999999886
20
-93.125
11
143.5940300000000036
21
-93.0293289999999899
0
LINE
8
BLACK
6
CONTINUOUS
10
143.5940300000000036
20
-93.0293289999999899
11
143.6482230000000015
21
-92.9482229999999987
0
LINE
8
BLACK
6
CONTINUOUS
10
143.6482230000000015
20
-92.9482229999999987
11
143.729329000000007
21
-92.8940300000000008
0
LINE
8
BLACK
6
CONTINUOUS
10
143.729329000000007
20
-92.8940300000000008
11
143.8249999999999886
21
-92.875
0
LINE
8
BLACK
6
CONTINUOUS
10
143.8249999999999886
20
-92.875
11
144.5
21
-92.875
0
LINE
8
BLACK
6
CONTINUOUS
10
144.5
20
-92.875
11
144.5956709999999816
21
-92.8940300000000008
0
LINE
8
BLACK
6
CONTINUOUS
10
146.6706709999999987
20
-92.8940300000000008
11
146.7517770000000041
21
-92.9482229999999987
0
LINE
8
BLACK
6
CONTINUOUS
10
146.7517770000000041
20
-92.9482229999999987
11
146.8059700000000021
21
-93.0293289999999899
0
LINE
8
BLACK
6
CONTINUOUS
10
146.8059700000000021
20
-93.0293289999999899
11
146.8249999999999886
21
-93.125
0
LINE
8
BLACK
6
CONTINUOUS
10
146.8249999999999886
20
-93.125
11
146.8249999999999886
21
-94.0750000000000028
0
LINE
8
BLACK
6
CONTINUOUS
10
146.8249999999999886
20
-94.0750000000000028
11
146.8059700000000021
21
-94.1706709999999987
0
LINE
8
BLACK
6
CONTINUOUS
10
146.8059700000000021
20
-94.1706709999999987
11
146.7517770000000041
21
-94.2517769999999899
0
LINE
8
BLACK
6
CONTINUOUS
10
146.7517770000000041
20
-94.2517769999999899
11
146.6706709999999987
21
-94.3059700000000021
0
LINE
8
BLACK
6
CONTINUOUS
10
146.6706709999999987
20
-94.3059700000000021
11
146.5749999999999886
21
-94.3249999999999886
0
LINE
8
BLACK
6
CONTINUOUS
10
146.5749999999999886
20
-94.3249999999999886
11
145.9000000000000057
21
-94.3249999999999886
0
LINE
8
BLACK
6
CONTINUOUS
10
145.9000000000000057
20
-94.3249999999999886
11
145.8043289999999956
21
-94.3059700000000021
0
LINE
8
BLACK
6
CONTINUOUS
10
145.8043289999999956
20
-94.3059700000000021
11
145.7232229999999902
21
-94.2517769999999899
0
LINE
8
BLACK
6
CONTINUOUS
10
145.7232229999999902
20
-94.2517769999999899
11
145.6690299999999922
21
-94.1706709999999987
0
LINE
8
BLACK
6
CONTINUOUS
10
145.6690299999999922
20
-94.1706709999999987
11
145.6500000000000057
21
-94.0750000000000028
0
LINE
8
BLACK
6
CONTINUOUS
10
145.6500000000000057
20
-94.0750000000000028
11
145.6500000000000057
21
-93.125
0
LINE
8
BLACK
6
CONTINUOUS
10
145.6500000000000057
20
-93.125
11
145.6690299999999922
21
-93.0293289999999899
0
LINE
8
BLACK
6
CONTINUOUS
10
145.6690299999999922
20
-93.0293289999999899
11
145.7232229999999902
21
-92.9482229999999987
0
LINE
8
BLACK
6
CONTINUOUS
10
145.7232229999999902
20
-92.9482229999999987
11
145.8043289999999956
21
-92.8940300000000008
0
LINE
8
BLACK
6
CONTINUOUS
10
145.8043289999999956
20
-92.8940300000000008
11
145.9000000000000057
21
-92.875
0
LINE
8
BLACK
6
CONTINUOUS
10
145.9000000000000057
20
-92.875
11
146.5749999999999886
21
-92.875
0
LINE
8
BLACK
6
CONTINUOUS
10
146.5749999999999886
20
-92.875
11
146.6706709999999987
21
-92.8940300000000008
0
LINE
8
BLACK
6
CONTINUOUS
10
148.5956709999999816
20
-92.8940300000000008
11
148.6767769999999871
21
-92.9482229999999987
0
LINE
8
BLACK
6
CONTINUOUS
10
148.6767769999999871
20
-92.9482229999999987
11
148.730969999999985
21
-93.0293289999999899
0
LINE
8
BLACK
6
CONTINUOUS
10
148.730969999999985
20
-93.0293289999999899
11
148.75
21
-93.125
0
LINE
8
BLACK
6
CONTINUOUS
10
148.75
20
-93.125
11
148.75
21
-94.0750000000000028
0
LINE
8
BLACK
6
CONTINUOUS
10
148.75
20
-94.0750000000000028
11
148.730969999999985
21
-94.1706709999999987
0
LINE
8
BLACK
6
CONTINUOUS
10
148.730969999999985
20
-94.1706709999999987
11
148.6767769999999871
21
-94.2517769999999899
0
LINE
8
BLACK
6
CONTINUOUS
10
148.6767769999999871
20
-94.2517769999999899
11
148.5956709999999816
21
-94.3059700000000021
0
LINE
8
BLACK
6
CONTINUOUS
10
148.5956709999999816
20
-94.3059700000000021
11
148.5
21
-94.3249999999999886
0
LINE
8
BLACK
6
CONTINUOUS
10
148.5
20
-94.3249999999999886
11
147.8249999999999886
21
-94.3249999999999886
0
LINE
8
BLACK
6
CONTINUOUS
10
147.8249999999999886
20
-94.3249999999999886
11
147.729329000000007
21
-94.3059700000000021
0
LINE
8
BLACK
6
CONTINUOUS
10
147.729329000000007
20
-94.3059700000000021
11
147.6482230000000015
21
-94.2517769999999899
0
LINE
8
BLACK
6
CONTINUOUS
10
147.6482230000000015
20
-94.2517769999999899
11
147.5940300000000036
21
-94.1706709999999987
0
LINE
8
BLACK
6
CONTINUOUS
10
147.5940300000000036
20
-94.1706709999999987
11
147.5749999999999886
21
-94.0750000000000028
0
LINE
8
BLACK
6
CONTINUOUS
10
147.5749999999999886
20
-94.0750000000000028
11
147.5749999999999886
21
-93.125
0
LINE
8
BLACK
6
CONTINUOUS
10
147.5749999999999886
20
-93.125
11
147.5940300000000036
21
-93.0293289999999899
0
LINE
8
BLACK
6
CONTINUOUS
10
147.5940300000000036
20
-93.0293289999999899
11
147.6482230000000015
21
-92.9482229999999987
0
LINE
8
BLACK
6
CONTINUOUS
10
147.6482230000000015
20
-92.9482229999999987
11
147.729329000000007
21
-92.8940300000000008
0
LINE
8
BLACK
6
CONTINUOUS
10
147.729329000000007
20
-92.8940300000000008
11
147.8249999999999886
21
-92.875
0
LINE
8
BLACK
6
CONTINUOUS
10
147.8249999999999886
20
-92.875
11
148.5
21
-92.875
0
LINE
8
BLACK
6
CONTINUOUS
10
148.5
20
-92.875
11
148.5956709999999816
21
-92.8940300000000008
0
LINE
8
BLACK
6
CONTINUOUS
10
150.6706709999999987
20
-92.8940300000000008
11
150.7517770000000041
21
-92.9482229999999987
0
LINE
8
BLACK
6
CONTINUOUS
10
150.7517770000000041
20
-92.9482229999999987
11
150.8059700000000021
21
-93.0293289999999899
0
LINE
8
BLACK
6
CONTINUOUS
10
150.8059700000000021
20
-93.0293289999999899
11
150.8249999999999886
21
-93.125
0
LINE
8
BLACK
6
CONTINUOUS
10
150.8249999999999886
20
-93.125
11
150.8249999999999886
21
-94.0750000000000028
0
LINE
8
BLACK
6
CONTINUOUS
10
150.8249999999999886
20
-94.0750000000000028
11
150.8059700000000021
21
-94.1706709999999987
0
LINE
8
BLACK
6
CONTINUOUS
10
150.8059700000000021
20
-94.1706709999999987
11
150.7517770000000041
21
-94.2517769999999899
0
LINE
8
BLACK
6
CONTINUOUS
10
150.7517770000000041
20
-94.2517769999999899
11
150.6706709999999987
21
-94.3059700000000021
0
LINE
8
BLACK
6
CONTINUOUS
10
150.6706709999999987
20
-94.3059700000000021
11
150.5749999999999886
21
-94.3249999999999886
0
LINE
8
BLACK
6
CONTINUOUS
10
150.5749999999999886
20
-94.3249999999999886
11
149.9000000000000057
21
-94.3249999999999886
0
LINE
8
BLACK
6
CONTINUOUS
10
149.9000000000000057
20
-94.3249999999999886
11
149.8043289999999956
21
-94.3059700000000021
0
LINE
8
BLACK
6
CONTINUOUS
10
149.8043289999999956
20
-94.3059700000000021
11
149.7232229999999902
21
-94.2517769999999899
0
LINE
8
BLACK
6
CONTINUOUS
10
149.7232229999999902
20
-94.2517769999999899
11
149.6690299999999922
21
-94.1706709999999987
0
LINE
8
BLACK
6
CONTINUOUS
10
149.6690299999999922
20
-94.1706709999999987
11
149.6500000000000057
21
-94.0750000000000028
0
LINE
8
BLACK
6
CONTINUOUS
10
149.6500000000000057
20
-94.0750000000000028
11
149.6500000000000057
21
-93.125
0
LINE
8
BLACK
6
CONTINUOUS
10
149.6500000000000057
20
-93.125
11
149.6690299999999922
21
-93.0293289999999899
0
LINE
8
BLACK
6
CONTINUOUS
10
149.6690299999999922
20
-93.0293289999999899
11
149.7232229999999902
21
-92.9482229999999987
0
LINE
8
BLACK
6
CONTINUOUS
10
149.7232229999999902
20
-92.9482229999999987
11
149.8043289999999956
21
-92.8940300000000008
0
LINE
8
BLACK
6
CONTINUOUS
10
149.8043289999999956
20
-92.8940300000000008
11
149.9000000000000057
21
-92.875
0
LINE
8
BLACK
6
CONTINUOUS
10
149.9000000000000057
20
-92.875
11
150.5749999999999886
21
-92.875
0
LINE
8
BLACK
6
CONTINUOUS
10
150.5749999999999886
20
-92.875
11
150.6706709999999987
21
-92.8940300000000008
0
LINE
8
BLACK
6
CONTINUOUS
10
153.7956709999999987
20
-92.8940300000000008
11
153.8767770000000041
21
-92.9482229999999987
0
LINE
8
BLACK
6
CONTINUOUS
10
153.8767770000000041
20
-92.9482229999999987
11
153.9309700000000021
21
-93.0293289999999899
0
LINE
8
BLACK
6
CONTINUOUS
10
153.9309700000000021
20
-93.0293289999999899
11
153.9499999999999886
21
-93.125
0
LINE
8
BLACK
6
CONTINUOUS
10
153.9499999999999886
20
-93.125
11
153.9499999999999886
21
-94.0750000000000028
0
LINE
8
BLACK
6
CONTINUOUS
10
153.9499999999999886
20
-94.0750000000000028
11
153.9309700000000021
21
-94.1706709999999987
0
LINE
8
BLACK
6
CONTINUOUS
10
153.9309700000000021
20
-94.1706709999999987
11
153.8767770000000041
21
-94.2517769999999899
0
LINE
8
BLACK
6
CONTINUOUS
10
153.8767770000000041
20
-94.2517769999999899
11
153.7956709999999987
21
-94.3059700000000021
0
LINE
8
BLACK
6
CONTINUOUS
10
153.7956709999999987
20
-94.3059700000000021
11
153.6999999999999886
21
-94.3249999999999886
0
LINE
8
BLACK
6
CONTINUOUS
10
153.6999999999999886
20
-94.3249999999999886
11
153.0250000000000057
21
-94.3249999999999886
0
LINE
8
BLACK
6
CONTINUOUS
10
153.0250000000000057
20
-94.3249999999999886
11
152.9293289999999956
21
-94.3059700000000021
0
LINE
8
BLACK
6
CONTINUOUS
10
152.9293289999999956
20
-94.3059700000000021
11
152.8482229999999902
21
-94.2517769999999899
0
LINE
8
BLACK
6
CONTINUOUS
10
152.8482229999999902
20
-94.2517769999999899
11
152.7940299999999922
21
-94.1706709999999987
0
LINE
8
BLACK
6
CONTINUOUS
10
152.7940299999999922
20
-94.1706709999999987
11
152.7750000000000057
21
-94.0750000000000028
0
LINE
8
BLACK
6
CONTINUOUS
10
152.7750000000000057
20
-94.0750000000000028
11
152.7750000000000057
21
-93.125
0
LINE
8
BLACK
6
CONTINUOUS
10
152.7750000000000057
20
-93.125
11
152.7940299999999922
21
-93.0293289999999899
0
LINE
8
BLACK
6
CONTINUOUS
10
152.7940299999999922
20
-93.0293289999999899
11
152.8482229999999902
21
-92.9482229999999987
0
LINE
8
BLACK
6
CONTINUOUS
10
152.8482229999999902
20
-92.9482229999999987
11
152.9293289999999956
21
-92.8940300000000008
0
LINE
8
BLACK
6
CONTINUOUS
10
152.9293289999999956
20
-92.8940300000000008
11
153.0250000000000057
21
-92.875
0
LINE
8
BLACK
6
CONTINUOUS
10
153.0250000000000057
20
-92.875
11
153.6999999999999886
21
-92.875
0
LINE
8
BLACK
6
CONTINUOUS
10
153.6999999999999886
20
-92.875
11
153.7956709999999987
21
-92.8940300000000008
0
LINE
8
BLACK
6
CONTINUOUS
10
155.8706709999999873
20
-92.8940300000000008
11
155.9517769999999928
21
-92.9482229999999987
0
LINE
8
BLACK
6
CONTINUOUS
10
155.9517769999999928
20
-92.9482229999999987
11
156.0059699999999907
21
-93.0293289999999899
0
LINE
8
BLACK
6
CONTINUOUS
10
156.0059699999999907
20
-93.0293289999999899
11
156.0250000000000057
21
-93.125
0
LINE
8
BLACK
6
CONTINUOUS
10
156.0250000000000057
20
-93.125
11
156.0250000000000057
21
-94.0750000000000028
0
LINE
8
BLACK
6
CONTINUOUS
10
156.0250000000000057
20
-94.0750000000000028
11
156.0059699999999907
21
-94.1706709999999987
0
LINE
8
BLACK
6
CONTINUOUS
10
156.0059699999999907
20
-94.1706709999999987
11
155.9517769999999928
21
-94.2517769999999899
0
LINE
8
BLACK
6
CONTINUOUS
10
155.9517769999999928
20
-94.2517769999999899
11
155.8706709999999873
21
-94.3059700000000021
0
LINE
8
BLACK
6
CONTINUOUS
10
155.8706709999999873
20
-94.3059700000000021
11
155.7750000000000057
21
-94.3249999999999886
0
LINE
8
BLACK
6
CONTINUOUS
10
155.7750000000000057
20
-94.3249999999999886
11
155.0999999999999943
21
-94.3249999999999886
0
LINE
8
BLACK
6
CONTINUOUS
10
155.0999999999999943
20
-94.3249999999999886
11
155.0043289999999843
21
-94.3059700000000021
0
LINE
8
BLACK
6
CONTINUOUS
10
155.0043289999999843
20
-94.3059700000000021
11
154.9232229999999788
21
-94.2517769999999899
0
LINE
8
BLACK
6
CONTINUOUS
10
154.9232229999999788
20
-94.2517769999999899
11
154.8690299999999809
21
-94.1706709999999987
0
LINE
8
BLACK
6
CONTINUOUS
10
154.8690299999999809
20
-94.1706709999999987
11
154.8499999999999943
21
-94.0750000000000028
0
LINE
8
BLACK
6
CONTINUOUS
10
154.8499999999999943
20
-94.0750000000000028
11
154.8499999999999943
21
-93.125
0
LINE
8
BLACK
6
CONTINUOUS
10
154.8499999999999943
20
-93.125
11
154.8690299999999809
21
-93.0293289999999899
0
LINE
8
BLACK
6
CONTINUOUS
10
154.8690299999999809
20
-93.0293289999999899
11
154.9232229999999788
21
-92.9482229999999987
0
LINE
8
BLACK
6
CONTINUOUS
10
154.9232229999999788
20
-92.9482229999999987
11
155.0043289999999843
21
-92.8940300000000008
0
LINE
8
BLACK
6
CONTINUOUS
10
155.0043289999999843
20
-92.8940300000000008
11
155.0999999999999943
21
-92.875
0
LINE
8
BLACK
6
CONTINUOUS
10
155.0999999999999943
20
-92.875
11
155.7750000000000057
21
-92.875
0
LINE
8
BLACK
6
CONTINUOUS
10
155.7750000000000057
20
-92.875
11
155.8706709999999873
21
-92.8940300000000008
0
LINE
8
BLACK
6
CONTINUOUS
10
125.395670999999993
20
-92.6940299999999979
11
125.4767769999999985
21
-92.7482229999999959
0
LINE
8
BLACK
6
CONTINUOUS
10
125.4767769999999985
20
-92.7482229999999959
11
125.5309699999999964
21
-92.8293290000000013
0
LINE
8
BLACK
6
CONTINUOUS
10
125.5309699999999964
20
-92.8293290000000013
11
125.5499999999999972
21
-92.9249999999999972
0
LINE
8
BLACK
6
CONTINUOUS
10
125.5499999999999972
20
-92.9249999999999972
11
125.5499999999999972
21
-93.875
0
LINE
8
BLACK
6
CONTINUOUS
10
125.5499999999999972
20
-93.875
11
125.5309699999999964
21
-93.9706709999999958
0
LINE
8
BLACK
6
CONTINUOUS
10
125.5309699999999964
20
-93.9706709999999958
11
125.4767769999999985
21
-94.0517770000000013
0
LINE
8
BLACK
6
CONTINUOUS
10
125.4767769999999985
20
-94.0517770000000013
11
125.395670999999993
21
-94.1059699999999992
0
LINE
8
BLACK
6
CONTINUOUS
10
125.395670999999993
20
-94.1059699999999992
11
125.2999999999999972
21
-94.125
0
LINE
8
BLACK
6
CONTINUOUS
10
125.2999999999999972
20
-94.125
11
124.625
21
-94.125
0
LINE
8
BLACK
6
CONTINUOUS
10
124.625
20
-94.125
11
124.5293289999999899
21
-94.1059699999999992
0
LINE
8
BLACK
6
CONTINUOUS
10
124.5293289999999899
20
-94.1059699999999992
11
124.4482229999999987
21
-94.0517770000000013
0
LINE
8
BLACK
6
CONTINUOUS
10
124.4482229999999987
20
-94.0517770000000013
11
124.3940300000000008
21
-93.9706709999999958
0
LINE
8
BLACK
6
CONTINUOUS
10
124.3940300000000008
20
-93.9706709999999958
11
124.375
21
-93.875
0
LINE
8
BLACK
6
CONTINUOUS
10
124.375
20
-93.875
11
124.375
21
-92.9249999999999972
0
LINE
8
BLACK
6
CONTINUOUS
10
124.375
20
-92.9249999999999972
11
124.3940300000000008
21
-92.8293290000000013
0
LINE
8
BLACK
6
CONTINUOUS
10
124.3940300000000008
20
-92.8293290000000013
11
124.4482229999999987
21
-92.7482229999999959
0
LINE
8
BLACK
6
CONTINUOUS
10
124.4482229999999987
20
-92.7482229999999959
11
124.5293289999999899
21
-92.6940299999999979
0
LINE
8
BLACK
6
CONTINUOUS
10
124.5293289999999899
20
-92.6940299999999979
11
124.625
21
-92.6749999999999972
0
LINE
8
BLACK
6
CONTINUOUS
10
124.625
20
-92.6749999999999972
11
125.2999999999999972
21
-92.6749999999999972
0
LINE
8
BLACK
6
CONTINUOUS
10
125.2999999999999972
20
-92.6749999999999972
11
125.395670999999993
21
-92.6940299999999979
0
LINE
8
BLACK
6
CONTINUOUS
10
127.4706709999999958
20
-92.6940299999999979
11
127.5517770000000013
21
-92.7482229999999959
0
LINE
8
BLACK
6
CONTINUOUS
10
127.5517770000000013
20
-92.7482229999999959
11
127.6059699999999992
21
-92.8293290000000013
0
LINE
8
BLACK
6
CONTINUOUS
10
127.6059699999999992
20
-92.8293290000000013
11
127.625
21
-92.9249999999999972
0
LINE
8
BLACK
6
CONTINUOUS
10
127.625
20
-92.9249999999999972
11
127.625
21
-93.875
0
LINE
8
BLACK
6
CONTINUOUS
10
127.625
20
-93.875
11
127.6059699999999992
21
-93.9706709999999958
0
LINE
8
BLACK
6
CONTINUOUS
10
127.6059699999999992
20
-93.9706709999999958
11
127.5517770000000013
21
-94.0517770000000013
0
LINE
8
BLACK
6
CONTINUOUS
10
127.5517770000000013
20
-94.0517770000000013
11
127.4706709999999958
21
-94.1059699999999992
0
LINE
8
BLACK
6
CONTINUOUS
10
127.4706709999999958
20
-94.1059699999999992
11
127.375
21
-94.125
0
LINE
8
BLACK
6
CONTINUOUS
10
127.375
20
-94.125
11
126.6999999999999886
21
-94.125
0
LINE
8
BLACK
6
CONTINUOUS
10
126.6999999999999886
20
-94.125
11
126.6043289999999928
21
-94.1059699999999992
0
LINE
8
BLACK
6
CONTINUOUS
10
126.6043289999999928
20
-94.1059699999999992
11
126.5232229999999873
21
-94.0517770000000013
0
LINE
8
BLACK
6
CONTINUOUS
10
126.5232229999999873
20
-94.0517770000000013
11
126.4690299999999894
21
-93.9706709999999958
0
LINE
8
BLACK
6
CONTINUOUS
10
126.4690299999999894
20
-93.9706709999999958
11
126.4499999999999886
21
-93.875
0
LINE
8
BLACK
6
CONTINUOUS
10
126.4499999999999886
20
-93.875
11
126.4499999999999886
21
-92.9249999999999972
0
LINE
8
BLACK
6
CONTINUOUS
10
126.4499999999999886
20
-92.9249999999999972
11
126.4690299999999894
21
-92.8293290000000013
0
LINE
8
BLACK
6
CONTINUOUS
10
126.4690299999999894
20
-92.8293290000000013
11
126.5232229999999873
21
-92.7482229999999959
0
LINE
8
BLACK
6
CONTINUOUS
10
126.5232229999999873
20
-92.7482229999999959
11
126.6043289999999928
21
-92.6940299999999979
0
LINE
8
BLACK
6
CONTINUOUS
10
126.6043289999999928
20
-92.6940299999999979
11
126.6999999999999886
21
-92.6749999999999972
0
LINE
8
BLACK
6
CONTINUOUS
10
126.6999999999999886
20
-92.6749999999999972
11
127.375
21
-92.6749999999999972
0
LINE
8
BLACK
6
CONTINUOUS
10
127.375
20
-92.6749999999999972
11
127.4706709999999958
21
-92.6940299999999979
0
LINE
8
BLACK
6
CONTINUOUS
10
129.395670999999993
20
-92.6940299999999979
11
129.4767769999999985
21
-92.7482229999999959
0
LINE
8
BLACK
6
CONTINUOUS
10
129.4767769999999985
20
-92.7482229999999959
11
129.5309699999999964
21
-92.8293290000000013
0
LINE
8
BLACK
6
CONTINUOUS
10
129.5309699999999964
20
-92.8293290000000013
11
129.5499999999999829
21
-92.9249999999999972
0
LINE
8
BLACK
6
CONTINUOUS
10
129.5499999999999829
20
-92.9249999999999972
11
129.5499999999999829
21
-93.875
0
LINE
8
BLACK
6
CONTINUOUS
10
129.5499999999999829
20
-93.875
11
129.5309699999999964
21
-93.9706709999999958
0
LINE
8
BLACK
6
CONTINUOUS
10
129.5309699999999964
20
-93.9706709999999958
11
129.4767769999999985
21
-94.0517770000000013
0
LINE
8
BLACK
6
CONTINUOUS
10
129.4767769999999985
20
-94.0517770000000013
11
129.395670999999993
21
-94.1059699999999992
0
LINE
8
BLACK
6
CONTINUOUS
10
129.395670999999993
20
-94.1059699999999992
11
129.2999999999999829
21
-94.125
0
LINE
8
BLACK
6
CONTINUOUS
10
129.2999999999999829
20
-94.125
11
128.625
21
-94.125
0
LINE
8
BLACK
6
CONTINUOUS
10
128.625
20
-94.125
11
128.5293289999999899
21
-94.1059699999999992
0
LINE
8
BLACK
6
CONTINUOUS
10
128.5293289999999899
20
-94.1059699999999992
11
128.4482229999999845
21
-94.0517770000000013
0
LINE
8
BLACK
6
CONTINUOUS
10
128.4482229999999845
20
-94.0517770000000013
11
128.3940299999999866
21
-93.9706709999999958
0
LINE
8
BLACK
6
CONTINUOUS
10
128.3940299999999866
20
-93.9706709999999958
11
128.375
21
-93.875
0
LINE
8
BLACK
6
CONTINUOUS
10
128.375
20
-93.875
11
128.375
21
-92.9249999999999972
0
LINE
8
BLACK
6
CONTINUOUS
10
128.375
20
-92.9249999999999972
11
128.3940299999999866
21
-92.8293290000000013
0
LINE
8
BLACK
6
CONTINUOUS
10
128.3940299999999866
20
-92.8293290000000013
11
128.4482229999999845
21
-92.7482229999999959
0
LINE
8
BLACK
6
CONTINUOUS
10
128.4482229999999845
20
-92.7482229999999959
11
128.5293289999999899
21
-92.6940299999999979
0
LINE
8
BLACK
6
CONTINUOUS
10
128.5293289999999899
20
-92.6940299999999979
11
128.625
21
-92.6749999999999972
0
LINE
8
BLACK
6
CONTINUOUS
10
128.625
20
-92.6749999999999972
11
129.2999999999999829
21
-92.6749999999999972
0
LINE
8
BLACK
6
CONTINUOUS
10
129.2999999999999829
20
-92.6749999999999972
11
129.395670999999993
21
-92.6940299999999979
0
LINE
8
BLACK
6
CONTINUOUS
10
131.4706709999999816
20
-92.6940299999999979
11
131.5517769999999871
21
-92.7482229999999959
0
LINE
8
BLACK
6
CONTINUOUS
10
131.5517769999999871
20
-92.7482229999999959
11
131.605969999999985
21
-92.8293290000000013
0
LINE
8
BLACK
6
CONTINUOUS
10
131.605969999999985
20
-92.8293290000000013
11
131.625
21
-92.9249999999999972
0
LINE
8
BLACK
6
CONTINUOUS
10
131.625
20
-92.9249999999999972
11
131.625
21
-93.875
0
LINE
8
BLACK
6
CONTINUOUS
10
131.625
20
-93.875
11
131.605969999999985
21
-93.9706709999999958
0
LINE
8
BLACK
6
CONTINUOUS
10
131.605969999999985
20
-93.9706709999999958
11
131.5517769999999871
21
-94.0517770000000013
0
LINE
8
BLACK
6
CONTINUOUS
10
131.5517769999999871
20
-94.0517770000000013
11
131.4706709999999816
21
-94.1059699999999992
0
LINE
8
BLACK
6
CONTINUOUS
10
131.4706709999999816
20
-94.1059699999999992
11
131.375
21
-94.125
0
LINE
8
BLACK
6
CONTINUOUS
10
131.375
20
-94.125
11
130.6999999999999886
21
-94.125
0
LINE
8
BLACK
6
CONTINUOUS
10
130.6999999999999886
20
-94.125
11
130.604329000000007
21
-94.1059699999999992
0
LINE
8
BLACK
6
CONTINUOUS
10
130.604329000000007
20
-94.1059699999999992
11
130.5232230000000015
21
-94.0517770000000013
0
LINE
8
BLACK
6
CONTINUOUS
10
130.5232230000000015
20
-94.0517770000000013
11
130.4690300000000036
21
-93.9706709999999958
0
LINE
8
BLACK
6
CONTINUOUS
10
130.4690300000000036
20
-93.9706709999999958
11
130.4499999999999886
21
-93.875
0
LINE
8
BLACK
6
CONTINUOUS
10
130.4499999999999886
20
-93.875
11
130.4499999999999886
21
-92.9249999999999972
0
LINE
8
BLACK
6
CONTINUOUS
10
130.4499999999999886
20
-92.9249999999999972
11
130.4690300000000036
21
-92.8293290000000013
0
LINE
8
BLACK
6
CONTINUOUS
10
130.4690300000000036
20
-92.8293290000000013
11
130.5232230000000015
21
-92.7482229999999959
0
LINE
8
BLACK
6
CONTINUOUS
10
130.5232230000000015
20
-92.7482229999999959
11
130.604329000000007
21
-92.6940299999999979
0
LINE
8
BLACK
6
CONTINUOUS
10
130.604329000000007
20
-92.6940299999999979
11
130.6999999999999886
21
-92.6749999999999972
0
LINE
8
BLACK
6
CONTINUOUS
10
130.6999999999999886
20
-92.6749999999999972
11
131.375
21
-92.6749999999999972
0
LINE
8
BLACK
6
CONTINUOUS
10
131.375
20
-92.6749999999999972
11
131.4706709999999816
21
-92.6940299999999979
0
LINE
8
BLACK
6
CONTINUOUS
10
134.395670999999993
20
-92.6940299999999979
11
134.4767769999999985
21
-92.7482229999999959
0
LINE
8
BLACK
6
CONTINUOUS
10
134.4767769999999985
20
-92.7482229999999959
11
134.5309699999999964
21
-92.8293290000000013
0
LINE
8
BLACK
6
CONTINUOUS
10
134.5309699999999964
20
-92.8293290000000013
11
134.5499999999999829
21
-92.9249999999999972
0
LINE
8
BLACK
6
CONTINUOUS
10
134.5499999999999829
20
-92.9249999999999972
11
134.5499999999999829
21
-93.875
0
LINE
8
BLACK
6
CONTINUOUS
10
134.5499999999999829
20
-93.875
11
134.5309699999999964
21
-93.9706709999999958
0
LINE
8
BLACK
6
CONTINUOUS
10
134.5309699999999964
20
-93.9706709999999958
11
134.4767769999999985
21
-94.0517770000000013
0
LINE
8
BLACK
6
CONTINUOUS
10
134.4767769999999985
20
-94.0517770000000013
11
134.395670999999993
21
-94.1059699999999992
0
LINE
8
BLACK
6
CONTINUOUS
10
134.395670999999993
20
-94.1059699999999992
11
134.2999999999999829
21
-94.125
0
LINE
8
BLACK
6
CONTINUOUS
10
134.2999999999999829
20
-94.125
11
133.625
21
-94.125
0
LINE
8
BLACK
6
CONTINUOUS
10
133.625
20
-94.125
11
133.5293289999999899
21
-94.1059699999999992
0
LINE
8
BLACK
6
CONTINUOUS
10
133.5293289999999899
20
-94.1059699999999992
11
133.4482229999999845
21
-94.0517770000000013
0
LINE
8
BLACK
6
CONTINUOUS
10
133.4482229999999845
20
-94.0517770000000013
11
133.3940299999999866
21
-93.9706709999999958
0
LINE
8
BLACK
6
CONTINUOUS
10
133.3940299999999866
20
-93.9706709999999958
11
133.375
21
-93.875
0
LINE
8
BLACK
6
CONTINUOUS
10
133.375
20
-93.875
11
133.375
21
-92.9249999999999972
0
LINE
8
BLACK
6
CONTINUOUS
10
133.375
20
-92.9249999999999972
11
133.3940299999999866
21
-92.8293290000000013
0
LINE
8
BLACK
6
CONTINUOUS
10
133.3940299999999866
20
-92.8293290000000013
11
133.4482229999999845
21
-92.7482229999999959
0
LINE
8
BLACK
6
CONTINUOUS
10
133.4482229999999845
20
-92.7482229999999959
11
133.5293289999999899
21
-92.6940299999999979
0
LINE
8
BLACK
6
CONTINUOUS
10
133.5293289999999899
20
-92.6940299999999979
11
133.625
21
-92.6749999999999972
0
LINE
8
BLACK
6
CONTINUOUS
10
133.625
20
-92.6749999999999972
11
134.2999999999999829
21
-92.6749999999999972
0
LINE
8
BLACK
6
CONTINUOUS
10
134.2999999999999829
20
-92.6749999999999972
11
134.395670999999993
21
-92.6940299999999979
0
LINE
8
BLACK
6
CONTINUOUS
10
136.4706709999999816
20
-92.6940299999999979
11
136.5517769999999871
21
-92.7482229999999959
0
LINE
8
BLACK
6
CONTINUOUS
10
136.5517769999999871
20
-92.7482229999999959
11
136.605969999999985
21
-92.8293290000000013
0
LINE
8
BLACK
6
CONTINUOUS
10
136.605969999999985
20
-92.8293290000000013
11
136.625
21
-92.9249999999999972
0
LINE
8
BLACK
6
CONTINUOUS
10
136.625
20
-92.9249999999999972
11
136.625
21
-93.875
0
LINE
8
BLACK
6
CONTINUOUS
10
136.625
20
-93.875
11
136.605969999999985
21
-93.9706709999999958
0
LINE
8
BLACK
6
CONTINUOUS
10
136.605969999999985
20
-93.9706709999999958
11
136.5517769999999871
21
-94.0517770000000013
0
LINE
8
BLACK
6
CONTINUOUS
10
136.5517769999999871
20
-94.0517770000000013
11
136.4706709999999816
21
-94.1059699999999992
0
LINE
8
BLACK
6
CONTINUOUS
10
136.4706709999999816
20
-94.1059699999999992
11
136.375
21
-94.125
0
LINE
8
BLACK
6
CONTINUOUS
10
136.375
20
-94.125
11
135.6999999999999886
21
-94.125
0
LINE
8
BLACK
6
CONTINUOUS
10
135.6999999999999886
20
-94.125
11
135.604329000000007
21
-94.1059699999999992
0
LINE
8
BLACK
6
CONTINUOUS
10
135.604329000000007
20
-94.1059699999999992
11
135.5232230000000015
21
-94.0517770000000013
0
LINE
8
BLACK
6
CONTINUOUS
10
135.5232230000000015
20
-94.0517770000000013
11
135.4690300000000036
21
-93.9706709999999958
0
LINE
8
BLACK
6
CONTINUOUS
10
135.4690300000000036
20
-93.9706709999999958
11
135.4499999999999886
21
-93.875
0
LINE
8
BLACK
6
CONTINUOUS
10
135.4499999999999886
20
-93.875
11
135.4499999999999886
21
-92.9249999999999972
0
LINE
8
BLACK
6
CONTINUOUS
10
135.4499999999999886
20
-92.9249999999999972
11
135.4690300000000036
21
-92.8293290000000013
0
LINE
8
BLACK
6
CONTINUOUS
10
135.4690300000000036
20
-92.8293290000000013
11
135.5232230000000015
21
-92.7482229999999959
0
LINE
8
BLACK
6
CONTINUOUS
10
135.5232230000000015
20
-92.7482229999999959
11
135.604329000000007
21
-92.6940299999999979
0
LINE
8
BLACK
6
CONTINUOUS
10
135.604329000000007
20
-92.6940299999999979
11
135.6999999999999886
21
-92.6749999999999972
0
LINE
8
BLACK
6
CONTINUOUS
10
135.6999999999999886
20
-92.6749999999999972
11
136.375
21
-92.6749999999999972
0
LINE
8
BLACK
6
CONTINUOUS
10
136.375
20
-92.6749999999999972
11
136.4706709999999816
21
-92.6940299999999979
0
LINE
8
BLACK
6
CONTINUOUS
10
163.9956709999999873
20
-92.6940299999999979
11
164.0767769999999928
21
-92.7482229999999959
0
LINE
8
BLACK
6
CONTINUOUS
10
164.0767769999999928
20
-92.7482229999999959
11
164.1309699999999907
21
-92.8293290000000013
0
LINE
8
BLACK
6
CONTINUOUS
10
164.1309699999999907
20
-92.8293290000000013
11
164.1500000000000057
21
-92.9249999999999972
0
LINE
8
BLACK
6
CONTINUOUS
10
164.1500000000000057
20
-92.9249999999999972
11
164.1500000000000057
21
-93.875
0
LINE
8
BLACK
6
CONTINUOUS
10
164.1500000000000057
20
-93.875
11
164.1309699999999907
21
-93.9706709999999958
0
LINE
8
BLACK
6
CONTINUOUS
10
164.1309699999999907
20
-93.9706709999999958
11
164.0767769999999928
21
-94.0517770000000013
0
LINE
8
BLACK
6
CONTINUOUS
10
164.0767769999999928
20
-94.0517770000000013
11
163.9956709999999873
21
-94.1059699999999992
0
LINE
8
BLACK
6
CONTINUOUS
10
163.9956709999999873
20
-94.1059699999999992
11
163.9000000000000057
21
-94.125
0
LINE
8
BLACK
6
CONTINUOUS
10
163.9000000000000057
20
-94.125
11
163.2249999999999943
21
-94.125
0
LINE
8
BLACK
6
CONTINUOUS
10
163.2249999999999943
20
-94.125
11
163.1293289999999843
21
-94.1059699999999992
0
LINE
8
BLACK
6
CONTINUOUS
10
163.1293289999999843
20
-94.1059699999999992
11
163.0482229999999788
21
-94.0517770000000013
0
LINE
8
BLACK
6
CONTINUOUS
10
163.0482229999999788
20
-94.0517770000000013
11
162.9940299999999809
21
-93.9706709999999958
0
LINE
8
BLACK
6
CONTINUOUS
10
162.9940299999999809
20
-93.9706709999999958
11
162.9749999999999943
21
-93.875
0
LINE
8
BLACK
6
CONTINUOUS
10
162.9749999999999943
20
-93.875
11
162.9749999999999943
21
-92.9249999999999972
0
LINE
8
BLACK
6
CONTINUOUS
10
162.9749999999999943
20
-92.9249999999999972
11
162.9940299999999809
21
-92.8293290000000013
0
LINE
8
BLACK
6
CONTINUOUS
10
162.9940299999999809
20
-92.8293290000000013
11
163.0482229999999788
21
-92.7482229999999959
0
LINE
8
BLACK
6
CONTINUOUS
10
163.0482229999999788
20
-92.7482229999999959
11
163.1293289999999843
21
-92.6940299999999979
0
LINE
8
BLACK
6
CONTINUOUS
10
163.1293289999999843
20
-92.6940299999999979
11
163.2249999999999943
21
-92.6749999999999972
0
LINE
8
BLACK
6
CONTINUOUS
10
163.2249999999999943
20
-92.6749999999999972
11
163.9000000000000057
21
-92.6749999999999972
0
LINE
8
BLACK
6
CONTINUOUS
10
163.9000000000000057
20
-92.6749999999999972
11
163.9956709999999873
21
-92.6940299999999979
0
LINE
8
BLACK
6
CONTINUOUS
10
166.0706710000000044
20
-92.6940299999999979
11
166.1517769999999814
21
-92.7482229999999959
0
LINE
8
BLACK
6
CONTINUOUS
10
166.1517769999999814
20
-92.7482229999999959
11
166.2059699999999793
21
-92.8293290000000013
0
LINE
8
BLACK
6
CONTINUOUS
10
166.2059699999999793
20
-92.8293290000000013
11
166.2249999999999943
21
-92.9249999999999972
0
LINE
8
BLACK
6
CONTINUOUS
10
166.2249999999999943
20
-92.9249999999999972
11
166.2249999999999943
21
-93.875
0
LINE
8
BLACK
6
CONTINUOUS
10
166.2249999999999943
20
-93.875
11
166.2059699999999793
21
-93.9706709999999958
0
LINE
8
BLACK
6
CONTINUOUS
10
166.2059699999999793
20
-93.9706709999999958
11
166.1517769999999814
21
-94.0517770000000013
0
LINE
8
BLACK
6
CONTINUOUS
10
166.1517769999999814
20
-94.0517770000000013
11
166.0706710000000044
21
-94.1059699999999992
0
LINE
8
BLACK
6
CONTINUOUS
10
166.0706710000000044
20
-94.1059699999999992
11
165.9749999999999943
21
-94.125
0
LINE
8
BLACK
6
CONTINUOUS
10
165.9749999999999943
20
-94.125
11
165.2999999999999829
21
-94.125
0
LINE
8
BLACK
6
CONTINUOUS
10
165.2999999999999829
20
-94.125
11
165.2043290000000013
21
-94.1059699999999992
0
LINE
8
BLACK
6
CONTINUOUS
10
165.2043290000000013
20
-94.1059699999999992
11
165.1232229999999959
21
-94.0517770000000013
0
LINE
8
BLACK
6
CONTINUOUS
10
165.1232229999999959
20
-94.0517770000000013
11
165.0690299999999979
21
-93.9706709999999958
0
LINE
8
BLACK
6
CONTINUOUS
10
165.0690299999999979
20
-93.9706709999999958
11
165.0499999999999829
21
-93.875
0
LINE
8
BLACK
6
CONTINUOUS
10
165.0499999999999829
20
-93.875
11
165.0499999999999829
21
-92.9249999999999972
0
LINE
8
BLACK
6
CONTINUOUS
10
165.0499999999999829
20
-92.9249999999999972
11
165.0690299999999979
21
-92.8293290000000013
0
LINE
8
BLACK
6
CONTINUOUS
10
165.0690299999999979
20
-92.8293290000000013
11
165.1232229999999959
21
-92.7482229999999959
0
LINE
8
BLACK
6
CONTINUOUS
10
165.1232229999999959
20
-92.7482229999999959
11
165.2043290000000013
21
-92.6940299999999979
0
LINE
8
BLACK
6
CONTINUOUS
10
165.2043290000000013
20
-92.6940299999999979
11
165.2999999999999829
21
-92.6749999999999972
0
LINE
8
BLACK
6
CONTINUOUS
10
165.2999999999999829
20
-92.6749999999999972
11
165.9749999999999943
21
-92.6749999999999972
0
LINE
8
BLACK
6
CONTINUOUS
10
165.9749999999999943
20
-92.6749999999999972
11
166.0706710000000044
21
-92.6940299999999979
0
LINE
8
BLACK
6
CONTINUOUS
10
167.9956709999999873
20
-92.6940299999999979
11
168.0767769999999928
21
-92.7482229999999959
0
LINE
8
BLACK
6
CONTINUOUS
10
168.0767769999999928
20
-92.7482229999999959
11
168.1309699999999907
21
-92.8293290000000013
0
LINE
8
BLACK
6
CONTINUOUS
10
168.1309699999999907
20
-92.8293290000000013
11
168.1500000000000057
21
-92.9249999999999972
0
LINE
8
BLACK
6
CONTINUOUS
10
168.1500000000000057
20
-92.9249999999999972
11
168.1500000000000057
21
-93.875
0
LINE
8
BLACK
6
CONTINUOUS
10
168.1500000000000057
20
-93.875
11
168.1309699999999907
21
-93.9706709999999958
0
LINE
8
BLACK
6
CONTINUOUS
10
168.1309699999999907
20
-93.9706709999999958
11
168.0767769999999928
21
-94.0517770000000013
0
LINE
8
BLACK
6
CONTINUOUS
10
168.0767769999999928
20
-94.0517770000000013
11
167.9956709999999873
21
-94.1059699999999992
0
LINE
8
BLACK
6
CONTINUOUS
10
167.9956709999999873
20
-94.1059699999999992
11
167.9000000000000057
21
-94.125
0
LINE
8
BLACK
6
CONTINUOUS
10
167.9000000000000057
20
-94.125
11
167.2249999999999943
21
-94.125
0
LINE
8
BLACK
6
CONTINUOUS
10
167.2249999999999943
20
-94.125
11
167.1293289999999843
21
-94.1059699999999992
0
LINE
8
BLACK
6
CONTINUOUS
10
167.1293289999999843
20
-94.1059699999999992
11
167.0482229999999788
21
-94.0517770000000013
0
LINE
8
BLACK
6
CONTINUOUS
10
167.0482229999999788
20
-94.0517770000000013
11
166.9940299999999809
21
-93.9706709999999958
0
LINE
8
BLACK
6
CONTINUOUS
10
166.9940299999999809
20
-93.9706709999999958
11
166.9749999999999943
21
-93.875
0
LINE
8
BLACK
6
CONTINUOUS
10
166.9749999999999943
20
-93.875
11
166.9749999999999943
21
-92.9249999999999972
0
LINE
8
BLACK
6
CONTINUOUS
10
166.9749999999999943
20
-92.9249999999999972
11
166.9940299999999809
21
-92.8293290000000013
0
LINE
8
BLACK
6
CONTINUOUS
10
166.9940299999999809
20
-92.8293290000000013
11
167.0482229999999788
21
-92.7482229999999959
0
LINE
8
BLACK
6
CONTINUOUS
10
167.0482229999999788
20
-92.7482229999999959
11
167.1293289999999843
21
-92.6940299999999979
0
LINE
8
BLACK
6
CONTINUOUS
10
167.1293289999999843
20
-92.6940299999999979
11
167.2249999999999943
21
-92.6749999999999972
0
LINE
8
BLACK
6
CONTINUOUS
10
167.2249999999999943
20
-92.6749999999999972
11
167.9000000000000057
21
-92.6749999999999972
0
LINE
8
BLACK
6
CONTINUOUS
10
167.9000000000000057
20
-92.6749999999999972
11
167.9956709999999873
21
-92.6940299999999979
0
LINE
8
BLACK
6
CONTINUOUS
10
170.0706710000000044
20
-92.6940299999999979
11
170.1517769999999814
21
-92.7482229999999959
0
LINE
8
BLACK
6
CONTINUOUS
10
170.1517769999999814
20
-92.7482229999999959
11
170.2059699999999793
21
-92.8293290000000013
0
LINE
8
BLACK
6
CONTINUOUS
10
170.2059699999999793
20
-92.8293290000000013
11
170.2249999999999943
21
-92.9249999999999972
0
LINE
8
BLACK
6
CONTINUOUS
10
170.2249999999999943
20
-92.9249999999999972
11
170.2249999999999943
21
-93.875
0
LINE
8
BLACK
6
CONTINUOUS
10
170.2249999999999943
20
-93.875
11
170.2059699999999793
21
-93.9706709999999958
0
LINE
8
BLACK
6
CONTINUOUS
10
170.2059699999999793
20
-93.9706709999999958
11
170.1517769999999814
21
-94.0517770000000013
0
LINE
8
BLACK
6
CONTINUOUS
10
170.1517769999999814
20
-94.0517770000000013
11
170.0706710000000044
21
-94.1059699999999992
0
LINE
8
BLACK
6
CONTINUOUS
10
170.0706710000000044
20
-94.1059699999999992
11
169.9749999999999943
21
-94.125
0
LINE
8
BLACK
6
CONTINUOUS
10
169.9749999999999943
20
-94.125
11
169.2999999999999829
21
-94.125
0
LINE
8
BLACK
6
CONTINUOUS
10
169.2999999999999829
20
-94.125
11
169.2043290000000013
21
-94.1059699999999992
0
LINE
8
BLACK
6
CONTINUOUS
10
169.2043290000000013
20
-94.1059699999999992
11
169.1232229999999959
21
-94.0517770000000013
0
LINE
8
BLACK
6
CONTINUOUS
10
169.1232229999999959
20
-94.0517770000000013
11
169.0690299999999979
21
-93.9706709999999958
0
LINE
8
BLACK
6
CONTINUOUS
10
169.0690299999999979
20
-93.9706709999999958
11
169.0499999999999829
21
-93.875
0
LINE
8
BLACK
6
CONTINUOUS
10
169.0499999999999829
20
-93.875
11
169.0499999999999829
21
-92.9249999999999972
0
LINE
8
BLACK
6
CONTINUOUS
10
169.0499999999999829
20
-92.9249999999999972
11
169.0690299999999979
21
-92.8293290000000013
0
LINE
8
BLACK
6
CONTINUOUS
10
169.0690299999999979
20
-92.8293290000000013
11
169.1232229999999959
21
-92.7482229999999959
0
LINE
8
BLACK
6
CONTINUOUS
10
169.1232229999999959
20
-92.7482229999999959
11
169.2043290000000013
21
-92.6940299999999979
0
LINE
8
BLACK
6
CONTINUOUS
10
169.2043290000000013
20
-92.6940299999999979
11
169.2999999999999829
21
-92.6749999999999972
0
LINE
8
BLACK
6
CONTINUOUS
10
169.2999999999999829
20
-92.6749999999999972
11
169.9749999999999943
21
-92.6749999999999972
0
LINE
8
BLACK
6
CONTINUOUS
10
169.9749999999999943
20
-92.6749999999999972
11
170.0706710000000044
21
-92.6940299999999979
0
LINE
8
BLACK
6
CONTINUOUS
10
171.9956709999999873
20
-92.6940299999999979
11
172.0767769999999928
21
-92.7482229999999959
0
LINE
8
BLACK
6
CONTINUOUS
10
172.0767769999999928
20
-92.7482229999999959
11
172.1309699999999907
21
-92.8293290000000013
0
LINE
8
BLACK
6
CONTINUOUS
10
172.1309699999999907
20
-92.8293290000000013
11
172.1500000000000057
21
-92.9249999999999972
0
LINE
8
BLACK
6
CONTINUOUS
10
172.1500000000000057
20
-92.9249999999999972
11
172.1500000000000057
21
-93.875
0
LINE
8
BLACK
6
CONTINUOUS
10
172.1500000000000057
20
-93.875
11
172.1309699999999907
21
-93.9706709999999958
0
LINE
8
BLACK
6
CONTINUOUS
10
172.1309699999999907
20
-93.9706709999999958
11
172.0767769999999928
21
-94.0517770000000013
0
LINE
8
BLACK
6
CONTINUOUS
10
172.0767769999999928
20
-94.0517770000000013
11
171.9956709999999873
21
-94.1059699999999992
0
LINE
8
BLACK
6
CONTINUOUS
10
171.9956709999999873
20
-94.1059699999999992
11
171.9000000000000057
21
-94.125
0
LINE
8
BLACK
6
CONTINUOUS
10
171.9000000000000057
20
-94.125
11
171.2249999999999943
21
-94.125
0
LINE
8
BLACK
6
CONTINUOUS
10
171.2249999999999943
20
-94.125
11
171.1293289999999843
21
-94.1059699999999992
0
LINE
8
BLACK
6
CONTINUOUS
10
171.1293289999999843
20
-94.1059699999999992
11
171.0482229999999788
21
-94.0517770000000013
0
LINE
8
BLACK
6
CONTINUOUS
10
171.0482229999999788
20
-94.0517770000000013
11
170.9940299999999809
21
-93.9706709999999958
0
LINE
8
BLACK
6
CONTINUOUS
10
170.9940299999999809
20
-93.9706709999999958
11
170.9749999999999943
21
-93.875
0
LINE
8
BLACK
6
CONTINUOUS
10
170.9749999999999943
20
-93.875
11
170.9749999999999943
21
-92.9249999999999972
0
LINE
8
BLACK
6
CONTINUOUS
10
170.9749999999999943
20
-92.9249999999999972
11
170.9940299999999809
21
-92.8293290000000013
0
LINE
8
BLACK
6
CONTINUOUS
10
170.9940299999999809
20
-92.8293290000000013
11
171.0482229999999788
21
-92.7482229999999959
0
LINE
8
BLACK
6
CONTINUOUS
10
171.0482229999999788
20
-92.7482229999999959
11
171.1293289999999843
21
-92.6940299999999979
0
LINE
8
BLACK
6
CONTINUOUS
10
171.1293289999999843
20
-92.6940299999999979
11
171.2249999999999943
21
-92.6749999999999972
0
LINE
8
BLACK
6
CONTINUOUS
10
171.2249999999999943
20
-92.6749999999999972
11
171.9000000000000057
21
-92.6749999999999972
0
LINE
8
BLACK
6
CONTINUOUS
10
171.9000000000000057
20
-92.6749999999999972
11
171.9956709999999873
21
-92.6940299999999979
0
LINE
8
BLACK
6
CONTINUOUS
10
174.0706710000000044
20
-92.6940299999999979
11
174.1517769999999814
21
-92.7482229999999959
0
LINE
8
BLACK
6
CONTINUOUS
10
174.1517769999999814
20
-92.7482229999999959
11
174.2059699999999793
21
-92.8293290000000013
0
LINE
8
BLACK
6
CONTINUOUS
10
174.2059699999999793
20
-92.8293290000000013
11
174.2249999999999943
21
-92.9249999999999972
0
LINE
8
BLACK
6
CONTINUOUS
10
174.2249999999999943
20
-92.9249999999999972
11
174.2249999999999943
21
-93.875
0
LINE
8
BLACK
6
CONTINUOUS
10
174.2249999999999943
20
-93.875
11
174.2059699999999793
21
-93.9706709999999958
0
LINE
8
BLACK
6
CONTINUOUS
10
174.2059699999999793
20
-93.9706709999999958
11
174.1517769999999814
21
-94.0517770000000013
0
LINE
8
BLACK
6
CONTINUOUS
10
174.1517769999999814
20
-94.0517770000000013
11
174.0706710000000044
21
-94.1059699999999992
0
LINE
8
BLACK
6
CONTINUOUS
10
174.0706710000000044
20
-94.1059699999999992
11
173.9749999999999943
21
-94.125
0
LINE
8
BLACK
6
CONTINUOUS
10
173.9749999999999943
20
-94.125
11
173.2999999999999829
21
-94.125
0
LINE
8
BLACK
6
CONTINUOUS
10
173.2999999999999829
20
-94.125
11
173.2043290000000013
21
-94.1059699999999992
0
LINE
8
BLACK
6
CONTINUOUS
10
173.2043290000000013
20
-94.1059699999999992
11
173.1232229999999959
21
-94.0517770000000013
0
LINE
8
BLACK
6
CONTINUOUS
10
173.1232229999999959
20
-94.0517770000000013
11
173.0690299999999979
21
-93.9706709999999958
0
LINE
8
BLACK
6
CONTINUOUS
10
173.0690299999999979
20
-93.9706709999999958
11
173.0499999999999829
21
-93.875
0
LINE
8
BLACK
6
CONTINUOUS
10
173.0499999999999829
20
-93.875
11
173.0499999999999829
21
-92.9249999999999972
0
LINE
8
BLACK
6
CONTINUOUS
10
173.0499999999999829
20
-92.9249999999999972
11
173.0690299999999979
21
-92.8293290000000013
0
LINE
8
BLACK
6
CONTINUOUS
10
173.0690299999999979
20
-92.8293290000000013
11
173.1232229999999959
21
-92.7482229999999959
0
LINE
8
BLACK
6
CONTINUOUS
10
173.1232229999999959
20
-92.7482229999999959
11
173.2043290000000013
21
-92.6940299999999979
0
LINE
8
BLACK
6
CONTINUOUS
10
173.2043290000000013
20
-92.6940299999999979
11
173.2999999999999829
21
-92.6749999999999972
0
LINE
8
BLACK
6
CONTINUOUS
10
173.2999999999999829
20
-92.6749999999999972
11
173.9749999999999943
21
-92.6749999999999972
0
LINE
8
BLACK
6
CONTINUOUS
10
173.9749999999999943
20
-92.6749999999999972
11
174.0706710000000044
21
-92.6940299999999979
0
LINE
8
BLACK
6
CONTINUOUS
10
125.5956709999999958
20
-88.2940299999999922
11
125.6767770000000013
21
-88.3482229999999902
0
LINE
8
BLACK
6
CONTINUOUS
10
125.6767770000000013
20
-88.3482229999999902
11
125.7309699999999992
21
-88.4293289999999956
0
LINE
8
BLACK
6
CONTINUOUS
10
125.7309699999999992
20
-88.4293289999999956
11
125.75
21
-88.5249999999999915
0
LINE
8
BLACK
6
CONTINUOUS
10
125.75
20
-88.5249999999999915
11
125.75
21
-89.4749999999999943
0
LINE
8
BLACK
6
CONTINUOUS
10
125.75
20
-89.4749999999999943
11
125.7309699999999992
21
-89.5706709999999902
0
LINE
8
BLACK
6
CONTINUOUS
10
125.7309699999999992
20
-89.5706709999999902
11
125.6767770000000013
21
-89.6517769999999956
0
LINE
8
BLACK
6
CONTINUOUS
10
125.6767770000000013
20
-89.6517769999999956
11
125.5956709999999958
21
-89.7059699999999935
0
LINE
8
BLACK
6
CONTINUOUS
10
125.5956709999999958
20
-89.7059699999999935
11
125.5
21
-89.7249999999999943
0
LINE
8
BLACK
6
CONTINUOUS
10
125.5
20
-89.7249999999999943
11
124.8249999999999886
21
-89.7249999999999943
0
LINE
8
BLACK
6
CONTINUOUS
10
124.8249999999999886
20
-89.7249999999999943
11
124.7293289999999928
21
-89.7059699999999935
0
LINE
8
BLACK
6
CONTINUOUS
10
124.7293289999999928
20
-89.7059699999999935
11
124.6482229999999873
21
-89.6517769999999956
0
LINE
8
BLACK
6
CONTINUOUS
10
124.6482229999999873
20
-89.6517769999999956
11
124.5940299999999894
21
-89.5706709999999902
0
LINE
8
BLACK
6
CONTINUOUS
10
124.5940299999999894
20
-89.5706709999999902
11
124.5749999999999886
21
-89.4749999999999943
0
LINE
8
BLACK
6
CONTINUOUS
10
124.5749999999999886
20
-89.4749999999999943
11
124.5749999999999886
21
-88.5249999999999915
0
LINE
8
BLACK
6
CONTINUOUS
10
124.5749999999999886
20
-88.5249999999999915
11
124.5940299999999894
21
-88.4293289999999956
0
LINE
8
BLACK
6
CONTINUOUS
10
124.5940299999999894
20
-88.4293289999999956
11
124.6482229999999873
21
-88.3482229999999902
0
LINE
8
BLACK
6
CONTINUOUS
10
124.6482229999999873
20
-88.3482229999999902
11
124.7293289999999928
21
-88.2940299999999922
0
LINE
8
BLACK
6
CONTINUOUS
10
124.7293289999999928
20
-88.2940299999999922
11
124.8249999999999886
21
-88.2749999999999915
0
LINE
8
BLACK
6
CONTINUOUS
10
124.8249999999999886
20
-88.2749999999999915
11
125.5
21
-88.2749999999999915
0
LINE
8
BLACK
6
CONTINUOUS
10
125.5
20
-88.2749999999999915
11
125.5956709999999958
21
-88.2940299999999922
0
LINE
8
BLACK
6
CONTINUOUS
10
127.6706709999999987
20
-88.2940299999999922
11
127.7517769999999899
21
-88.3482229999999902
0
LINE
8
BLACK
6
CONTINUOUS
10
127.7517769999999899
20
-88.3482229999999902
11
127.8059699999999879
21
-88.4293289999999956
0
LINE
8
BLACK
6
CONTINUOUS
10
127.8059699999999879
20
-88.4293289999999956
11
127.8249999999999886
21
-88.5249999999999915
0
LINE
8
BLACK
6
CONTINUOUS
10
127.8249999999999886
20
-88.5249999999999915
11
127.8249999999999886
21
-89.4749999999999943
0
LINE
8
BLACK
6
CONTINUOUS
10
127.8249999999999886
20
-89.4749999999999943
11
127.8059699999999879
21
-89.5706709999999902
0
LINE
8
BLACK
6
CONTINUOUS
10
127.8059699999999879
20
-89.5706709999999902
11
127.7517769999999899
21
-89.6517769999999956
0
LINE
8
BLACK
6
CONTINUOUS
10
127.7517769999999899
20
-89.6517769999999956
11
127.6706709999999987
21
-89.7059699999999935
0
LINE
8
BLACK
6
CONTINUOUS
10
127.6706709999999987
20
-89.7059699999999935
11
127.5749999999999886
21
-89.7249999999999943
0
LINE
8
BLACK
6
CONTINUOUS
10
127.5749999999999886
20
-89.7249999999999943
11
126.8999999999999915
21
-89.7249999999999943
0
LINE
8
BLACK
6
CONTINUOUS
10
126.8999999999999915
20
-89.7249999999999943
11
126.8043289999999956
21
-89.7059699999999935
0
LINE
8
BLACK
6
CONTINUOUS
10
126.8043289999999956
20
-89.7059699999999935
11
126.7232229999999902
21
-89.6517769999999956
0
LINE
8
BLACK
6
CONTINUOUS
10
126.7232229999999902
20
-89.6517769999999956
11
126.6690299999999922
21
-89.5706709999999902
0
LINE
8
BLACK
6
CONTINUOUS
10
126.6690299999999922
20
-89.5706709999999902
11
126.6499999999999915
21
-89.4749999999999943
0
LINE
8
BLACK
6
CONTINUOUS
10
126.6499999999999915
20
-89.4749999999999943
11
126.6499999999999915
21
-88.5249999999999915
0
LINE
8
BLACK
6
CONTINUOUS
10
126.6499999999999915
20
-88.5249999999999915
11
126.6690299999999922
21
-88.4293289999999956
0
LINE
8
BLACK
6
CONTINUOUS
10
126.6690299999999922
20
-88.4293289999999956
11
126.7232229999999902
21
-88.3482229999999902
0
LINE
8
BLACK
6
CONTINUOUS
10
126.7232229999999902
20
-88.3482229999999902
11
126.8043289999999956
21
-88.2940299999999922
0
LINE
8
BLACK
6
CONTINUOUS
10
126.8043289999999956
20
-88.2940299999999922
11
126.8999999999999915
21
-88.2749999999999915
0
LINE
8
BLACK
6
CONTINUOUS
10
126.8999999999999915
20
-88.2749999999999915
11
127.5749999999999886
21
-88.2749999999999915
0
LINE
8
BLACK
6
CONTINUOUS
10
127.5749999999999886
20
-88.2749999999999915
11
127.6706709999999987
21
-88.2940299999999922
0
LINE
8
BLACK
6
CONTINUOUS
10
130.5956709999999816
20
-88.2940299999999922
11
130.6767769999999871
21
-88.3482229999999902
0
LINE
8
BLACK
6
CONTINUOUS
10
130.6767769999999871
20
-88.3482229999999902
11
130.730969999999985
21
-88.4293289999999956
0
LINE
8
BLACK
6
CONTINUOUS
10
130.730969999999985
20
-88.4293289999999956
11
130.75
21
-88.5249999999999915
0
LINE
8
BLACK
6
CONTINUOUS
10
130.75
20
-88.5249999999999915
11
130.75
21
-89.4749999999999943
0
LINE
8
BLACK
6
CONTINUOUS
10
130.75
20
-89.4749999999999943
11
130.730969999999985
21
-89.5706709999999902
0
LINE
8
BLACK
6
CONTINUOUS
10
130.730969999999985
20
-89.5706709999999902
11
130.6767769999999871
21
-89.6517769999999956
0
LINE
8
BLACK
6
CONTINUOUS
10
130.6767769999999871
20
-89.6517769999999956
11
130.5956709999999816
21
-89.7059699999999935
0
LINE
8
BLACK
6
CONTINUOUS
10
130.5956709999999816
20
-89.7059699999999935
11
130.5
21
-89.7249999999999943
0
LINE
8
BLACK
6
CONTINUOUS
10
130.5
20
-89.7249999999999943
11
129.8249999999999886
21
-89.7249999999999943
0
LINE
8
BLACK
6
CONTINUOUS
10
129.8249999999999886
20
-89.7249999999999943
11
129.729329000000007
21
-89.7059699999999935
0
LINE
8
BLACK
6
CONTINUOUS
10
129.729329000000007
20
-89.7059699999999935
11
129.6482230000000015
21
-89.6517769999999956
0
LINE
8
BLACK
6
CONTINUOUS
10
129.6482230000000015
20
-89.6517769999999956
11
129.5940300000000036
21
-89.5706709999999902
0
LINE
8
BLACK
6
CONTINUOUS
10
129.5940300000000036
20
-89.5706709999999902
11
129.5749999999999886
21
-89.4749999999999943
0
LINE
8
BLACK
6
CONTINUOUS
10
129.5749999999999886
20
-89.4749999999999943
11
129.5749999999999886
21
-88.5249999999999915
0
LINE
8
BLACK
6
CONTINUOUS
10
129.5749999999999886
20
-88.5249999999999915
11
129.5940300000000036
21
-88.4293289999999956
0
LINE
8
BLACK
6
CONTINUOUS
10
129.5940300000000036
20
-88.4293289999999956
11
129.6482230000000015
21
-88.3482229999999902
0
LINE
8
BLACK
6
CONTINUOUS
10
129.6482230000000015
20
-88.3482229999999902
11
129.729329000000007
21
-88.2940299999999922
0
LINE
8
BLACK
6
CONTINUOUS
10
129.729329000000007
20
-88.2940299999999922
11
129.8249999999999886
21
-88.2749999999999915
0
LINE
8
BLACK
6
CONTINUOUS
10
129.8249999999999886
20
-88.2749999999999915
11
130.5
21
-88.2749999999999915
0
LINE
8
BLACK
6
CONTINUOUS
10
130.5
20
-88.2749999999999915
11
130.5956709999999816
21
-88.2940299999999922
0
LINE
8
BLACK
6
CONTINUOUS
10
132.6706709999999987
20
-88.2940299999999922
11
132.7517770000000041
21
-88.3482229999999902
0
LINE
8
BLACK
6
CONTINUOUS
10
132.7517770000000041
20
-88.3482229999999902
11
132.8059700000000021
21
-88.4293289999999956
0
LINE
8
BLACK
6
CONTINUOUS
10
132.8059700000000021
20
-88.4293289999999956
11
132.8249999999999886
21
-88.5249999999999915
0
LINE
8
BLACK
6
CONTINUOUS
10
132.8249999999999886
20
-88.5249999999999915
11
132.8249999999999886
21
-89.4749999999999943
0
LINE
8
BLACK
6
CONTINUOUS
10
132.8249999999999886
20
-89.4749999999999943
11
132.8059700000000021
21
-89.5706709999999902
0
LINE
8
BLACK
6
CONTINUOUS
10
132.8059700000000021
20
-89.5706709999999902
11
132.7517770000000041
21
-89.6517769999999956
0
LINE
8
BLACK
6
CONTINUOUS
10
132.7517770000000041
20
-89.6517769999999956
11
132.6706709999999987
21
-89.7059699999999935
0
LINE
8
BLACK
6
CONTINUOUS
10
132.6706709999999987
20
-89.7059699999999935
11
132.5749999999999886
21
-89.7249999999999943
0
LINE
8
BLACK
6
CONTINUOUS
10
132.5749999999999886
20
-89.7249999999999943
11
131.9000000000000057
21
-89.7249999999999943
0
LINE
8
BLACK
6
CONTINUOUS
10
131.9000000000000057
20
-89.7249999999999943
11
131.8043289999999956
21
-89.7059699999999935
0
LINE
8
BLACK
6
CONTINUOUS
10
131.8043289999999956
20
-89.7059699999999935
11
131.7232229999999902
21
-89.6517769999999956
0
LINE
8
BLACK
6
CONTINUOUS
10
131.7232229999999902
20
-89.6517769999999956
11
131.6690299999999922
21
-89.5706709999999902
0
LINE
8
BLACK
6
CONTINUOUS
10
131.6690299999999922
20
-89.5706709999999902
11
131.6500000000000057
21
-89.4749999999999943
0
LINE
8
BLACK
6
CONTINUOUS
10
131.6500000000000057
20
-89.4749999999999943
11
131.6500000000000057
21
-88.5249999999999915
0
LINE
8
BLACK
6
CONTINUOUS
10
131.6500000000000057
20
-88.5249999999999915
11
131.6690299999999922
21
-88.4293289999999956
0
LINE
8
BLACK
6
CONTINUOUS
10
131.6690299999999922
20
-88.4293289999999956
11
131.7232229999999902
21
-88.3482229999999902
0
LINE
8
BLACK
6
CONTINUOUS
10
131.7232229999999902
20
-88.3482229999999902
11
131.8043289999999956
21
-88.2940299999999922
0
LINE
8
BLACK
6
CONTINUOUS
10
131.8043289999999956
20
-88.2940299999999922
11
131.9000000000000057
21
-88.2749999999999915
0
LINE
8
BLACK
6
CONTINUOUS
10
131.9000000000000057
20
-88.2749999999999915
11
132.5749999999999886
21
-88.2749999999999915
0
LINE
8
BLACK
6
CONTINUOUS
10
132.5749999999999886
20
-88.2749999999999915
11
132.6706709999999987
21
-88.2940299999999922
0
LINE
8
BLACK
6
CONTINUOUS
10
134.5956709999999816
20
-88.2940299999999922
11
134.6767769999999871
21
-88.3482229999999902
0
LINE
8
BLACK
6
CONTINUOUS
10
134.6767769999999871
20
-88.3482229999999902
11
134.730969999999985
21
-88.4293289999999956
0
LINE
8
BLACK
6
CONTINUOUS
10
134.730969999999985
20
-88.4293289999999956
11
134.75
21
-88.5249999999999915
0
LINE
8
BLACK
6
CONTINUOUS
10
134.75
20
-88.5249999999999915
11
134.75
21
-89.4749999999999943
0
LINE
8
BLACK
6
CONTINUOUS
10
134.75
20
-89.4749999999999943
11
134.730969999999985
21
-89.5706709999999902
0
LINE
8
BLACK
6
CONTINUOUS
10
134.730969999999985
20
-89.5706709999999902
11
134.6767769999999871
21
-89.6517769999999956
0
LINE
8
BLACK
6
CONTINUOUS
10
134.6767769999999871
20
-89.6517769999999956
11
134.5956709999999816
21
-89.7059699999999935
0
LINE
8
BLACK
6
CONTINUOUS
10
134.5956709999999816
20
-89.7059699999999935
11
134.5
21
-89.7249999999999943
0
LINE
8
BLACK
6
CONTINUOUS
10
134.5
20
-89.7249999999999943
11
133.8249999999999886
21
-89.7249999999999943
0
LINE
8
BLACK
6
CONTINUOUS
10
133.8249999999999886
20
-89.7249999999999943
11
133.729329000000007
21
-89.7059699999999935
0
LINE
8
BLACK
6
CONTINUOUS
10
133.729329000000007
20
-89.7059699999999935
11
133.6482230000000015
21
-89.6517769999999956
0
LINE
8
BLACK
6
CONTINUOUS
10
133.6482230000000015
20
-89.6517769999999956
11
133.5940300000000036
21
-89.5706709999999902
0
LINE
8
BLACK
6
CONTINUOUS
10
133.5940300000000036
20
-89.5706709999999902
11
133.5749999999999886
21
-89.4749999999999943
0
LINE
8
BLACK
6
CONTINUOUS
10
133.5749999999999886
20
-89.4749999999999943
11
133.5749999999999886
21
-88.5249999999999915
0
LINE
8
BLACK
6
CONTINUOUS
10
133.5749999999999886
20
-88.5249999999999915
11
133.5940300000000036
21
-88.4293289999999956
0
LINE
8
BLACK
6
CONTINUOUS
10
133.5940300000000036
20
-88.4293289999999956
11
133.6482230000000015
21
-88.3482229999999902
0
LINE
8
BLACK
6
CONTINUOUS
10
133.6482230000000015
20
-88.3482229999999902
11
133.729329000000007
21
-88.2940299999999922
0
LINE
8
BLACK
6
CONTINUOUS
10
133.729329000000007
20
-88.2940299999999922
11
133.8249999999999886
21
-88.2749999999999915
0
LINE
8
BLACK
6
CONTINUOUS
10
133.8249999999999886
20
-88.2749999999999915
11
134.5
21
-88.2749999999999915
0
LINE
8
BLACK
6
CONTINUOUS
10
134.5
20
-88.2749999999999915
11
134.5956709999999816
21
-88.2940299999999922
0
LINE
8
BLACK
6
CONTINUOUS
10
136.6706709999999987
20
-88.2940299999999922
11
136.7517770000000041
21
-88.3482229999999902
0
LINE
8
BLACK
6
CONTINUOUS
10
136.7517770000000041
20
-88.3482229999999902
11
136.8059700000000021
21
-88.4293289999999956
0
LINE
8
BLACK
6
CONTINUOUS
10
136.8059700000000021
20
-88.4293289999999956
11
136.8249999999999886
21
-88.5249999999999915
0
LINE
8
BLACK
6
CONTINUOUS
10
136.8249999999999886
20
-88.5249999999999915
11
136.8249999999999886
21
-89.4749999999999943
0
LINE
8
BLACK
6
CONTINUOUS
10
136.8249999999999886
20
-89.4749999999999943
11
136.8059700000000021
21
-89.5706709999999902
0
LINE
8
BLACK
6
CONTINUOUS
10
136.8059700000000021
20
-89.5706709999999902
11
136.7517770000000041
21
-89.6517769999999956
0
LINE
8
BLACK
6
CONTINUOUS
10
136.7517770000000041
20
-89.6517769999999956
11
136.6706709999999987
21
-89.7059699999999935
0
LINE
8
BLACK
6
CONTINUOUS
10
136.6706709999999987
20
-89.7059699999999935
11
136.5749999999999886
21
-89.7249999999999943
0
LINE
8
BLACK
6
CONTINUOUS
10
136.5749999999999886
20
-89.7249999999999943
11
135.9000000000000057
21
-89.7249999999999943
0
LINE
8
BLACK
6
CONTINUOUS
10
135.9000000000000057
20
-89.7249999999999943
11
135.8043289999999956
21
-89.7059699999999935
0
LINE
8
BLACK
6
CONTINUOUS
10
135.8043289999999956
20
-89.7059699999999935
11
135.7232229999999902
21
-89.6517769999999956
0
LINE
8
BLACK
6
CONTINUOUS
10
135.7232229999999902
20
-89.6517769999999956
11
135.6690299999999922
21
-89.5706709999999902
0
LINE
8
BLACK
6
CONTINUOUS
10
135.6690299999999922
20
-89.5706709999999902
11
135.6500000000000057
21
-89.4749999999999943
0
LINE
8
BLACK
6
CONTINUOUS
10
135.6500000000000057
20
-89.4749999999999943
11
135.6500000000000057
21
-88.5249999999999915
0
LINE
8
BLACK
6
CONTINUOUS
10
135.6500000000000057
20
-88.5249999999999915
11
135.6690299999999922
21
-88.4293289999999956
0
LINE
8
BLACK
6
CONTINUOUS
10
135.6690299999999922
20
-88.4293289999999956
11
135.7232229999999902
21
-88.3482229999999902
0
LINE
8
BLACK
6
CONTINUOUS
10
135.7232229999999902
20
-88.3482229999999902
11
135.8043289999999956
21
-88.2940299999999922
0
LINE
8
BLACK
6
CONTINUOUS
10
135.8043289999999956
20
-88.2940299999999922
11
135.9000000000000057
21
-88.2749999999999915
0
LINE
8
BLACK
6
CONTINUOUS
10
135.9000000000000057
20
-88.2749999999999915
11
136.5749999999999886
21
-88.2749999999999915
0
LINE
8
BLACK
6
CONTINUOUS
10
136.5749999999999886
20
-88.2749999999999915
11
136.6706709999999987
21
-88.2940299999999922
0
LINE
8
BLACK
6
CONTINUOUS
10
144.7956709999999987
20
-88.2940299999999922
11
144.8767770000000041
21
-88.3482229999999902
0
LINE
8
BLACK
6
CONTINUOUS
10
144.8767770000000041
20
-88.3482229999999902
11
144.9309700000000021
21
-88.4293289999999956
0
LINE
8
BLACK
6
CONTINUOUS
10
144.9309700000000021
20
-88.4293289999999956
11
144.9499999999999886
21
-88.5249999999999915
0
LINE
8
BLACK
6
CONTINUOUS
10
144.9499999999999886
20
-88.5249999999999915
11
144.9499999999999886
21
-89.4749999999999943
0
LINE
8
BLACK
6
CONTINUOUS
10
144.9499999999999886
20
-89.4749999999999943
11
144.9309700000000021
21
-89.5706709999999902
0
LINE
8
BLACK
6
CONTINUOUS
10
144.9309700000000021
20
-89.5706709999999902
11
144.8767770000000041
21
-89.6517769999999956
0
LINE
8
BLACK
6
CONTINUOUS
10
144.8767770000000041
20
-89.6517769999999956
11
144.7956709999999987
21
-89.7059699999999935
0
LINE
8
BLACK
6
CONTINUOUS
10
144.7956709999999987
20
-89.7059699999999935
11
144.6999999999999886
21
-89.7249999999999943
0
LINE
8
BLACK
6
CONTINUOUS
10
144.6999999999999886
20
-89.7249999999999943
11
144.0250000000000057
21
-89.7249999999999943
0
LINE
8
BLACK
6
CONTINUOUS
10
144.0250000000000057
20
-89.7249999999999943
11
143.9293289999999956
21
-89.7059699999999935
0
LINE
8
BLACK
6
CONTINUOUS
10
143.9293289999999956
20
-89.7059699999999935
11
143.8482229999999902
21
-89.6517769999999956
0
LINE
8
BLACK
6
CONTINUOUS
10
143.8482229999999902
20
-89.6517769999999956
11
143.7940299999999922
21
-89.5706709999999902
0
LINE
8
BLACK
6
CONTINUOUS
10
143.7940299999999922
20
-89.5706709999999902
11
143.7750000000000057
21
-89.4749999999999943
0
LINE
8
BLACK
6
CONTINUOUS
10
143.7750000000000057
20
-89.4749999999999943
11
143.7750000000000057
21
-88.5249999999999915
0
LINE
8
BLACK
6
CONTINUOUS
10
143.7750000000000057
20
-88.5249999999999915
11
143.7940299999999922
21
-88.4293289999999956
0
LINE
8
BLACK
6
CONTINUOUS
10
143.7940299999999922
20
-88.4293289999999956
11
143.8482229999999902
21
-88.3482229999999902
0
LINE
8
BLACK
6
CONTINUOUS
10
143.8482229999999902
20
-88.3482229999999902
11
143.9293289999999956
21
-88.2940299999999922
0
LINE
8
BLACK
6
CONTINUOUS
10
143.9293289999999956
20
-88.2940299999999922
11
144.0250000000000057
21
-88.2749999999999915
0
LINE
8
BLACK
6
CONTINUOUS
10
144.0250000000000057
20
-88.2749999999999915
11
144.6999999999999886
21
-88.2749999999999915
0
LINE
8
BLACK
6
CONTINUOUS
10
144.6999999999999886
20
-88.2749999999999915
11
144.7956709999999987
21
-88.2940299999999922
0
LINE
8
BLACK
6
CONTINUOUS
10
146.8706709999999873
20
-88.2940299999999922
11
146.9517769999999928
21
-88.3482229999999902
0
LINE
8
BLACK
6
CONTINUOUS
10
146.9517769999999928
20
-88.3482229999999902
11
147.0059699999999907
21
-88.4293289999999956
0
LINE
8
BLACK
6
CONTINUOUS
10
147.0059699999999907
20
-88.4293289999999956
11
147.0250000000000057
21
-88.5249999999999915
0
LINE
8
BLACK
6
CONTINUOUS
10
147.0250000000000057
20
-88.5249999999999915
11
147.0250000000000057
21
-89.4749999999999943
0
LINE
8
BLACK
6
CONTINUOUS
10
147.0250000000000057
20
-89.4749999999999943
11
147.0059699999999907
21
-89.5706709999999902
0
LINE
8
BLACK
6
CONTINUOUS
10
147.0059699999999907
20
-89.5706709999999902
11
146.9517769999999928
21
-89.6517769999999956
0
LINE
8
BLACK
6
CONTINUOUS
10
146.9517769999999928
20
-89.6517769999999956
11
146.8706709999999873
21
-89.7059699999999935
0
LINE
8
BLACK
6
CONTINUOUS
10
146.8706709999999873
20
-89.7059699999999935
11
146.7750000000000057
21
-89.7249999999999943
0
LINE
8
BLACK
6
CONTINUOUS
10
146.7750000000000057
20
-89.7249999999999943
11
146.0999999999999943
21
-89.7249999999999943
0
LINE
8
BLACK
6
CONTINUOUS
10
146.0999999999999943
20
-89.7249999999999943
11
146.0043289999999843
21
-89.7059699999999935
0
LINE
8
BLACK
6
CONTINUOUS
10
146.0043289999999843
20
-89.7059699999999935
11
145.9232230000000072
21
-89.6517769999999956
0
LINE
8
BLACK
6
CONTINUOUS
10
145.9232230000000072
20
-89.6517769999999956
11
145.8690299999999809
21
-89.5706709999999902
0
LINE
8
BLACK
6
CONTINUOUS
10
145.8690299999999809
20
-89.5706709999999902
11
145.8499999999999943
21
-89.4749999999999943
0
LINE
8
BLACK
6
CONTINUOUS
10
145.8499999999999943
20
-89.4749999999999943
11
145.8499999999999943
21
-88.5249999999999915
0
LINE
8
BLACK
6
CONTINUOUS
10
145.8499999999999943
20
-88.5249999999999915
11
145.8690299999999809
21
-88.4293289999999956
0
LINE
8
BLACK
6
CONTINUOUS
10
145.8690299999999809
20
-88.4293289999999956
11
145.9232230000000072
21
-88.3482229999999902
0
LINE
8
BLACK
6
CONTINUOUS
10
145.9232230000000072
20
-88.3482229999999902
11
146.0043289999999843
21
-88.2940299999999922
0
LINE
8
BLACK
6
CONTINUOUS
10
146.0043289999999843
20
-88.2940299999999922
11
146.0999999999999943
21
-88.2749999999999915
0
LINE
8
BLACK
6
CONTINUOUS
10
146.0999999999999943
20
-88.2749999999999915
11
146.7750000000000057
21
-88.2749999999999915
0
LINE
8
BLACK
6
CONTINUOUS
10
146.7750000000000057
20
-88.2749999999999915
11
146.8706709999999873
21
-88.2940299999999922
0
LINE
8
BLACK
6
CONTINUOUS
10
149.7956709999999987
20
-88.2940299999999922
11
149.8767770000000041
21
-88.3482229999999902
0
LINE
8
BLACK
6
CONTINUOUS
10
149.8767770000000041
20
-88.3482229999999902
11
149.9309700000000021
21
-88.4293289999999956
0
LINE
8
BLACK
6
CONTINUOUS
10
149.9309700000000021
20
-88.4293289999999956
11
149.9499999999999886
21
-88.5249999999999915
0
LINE
8
BLACK
6
CONTINUOUS
10
149.9499999999999886
20
-88.5249999999999915
11
149.9499999999999886
21
-89.4749999999999943
0
LINE
8
BLACK
6
CONTINUOUS
10
149.9499999999999886
20
-89.4749999999999943
11
149.9309700000000021
21
-89.5706709999999902
0
LINE
8
BLACK
6
CONTINUOUS
10
149.9309700000000021
20
-89.5706709999999902
11
149.8767770000000041
21
-89.6517769999999956
0
LINE
8
BLACK
6
CONTINUOUS
10
149.8767770000000041
20
-89.6517769999999956
11
149.7956709999999987
21
-89.7059699999999935
0
LINE
8
BLACK
6
CONTINUOUS
10
149.7956709999999987
20
-89.7059699999999935
11
149.6999999999999886
21
-89.7249999999999943
0
LINE
8
BLACK
6
CONTINUOUS
10
149.6999999999999886
20
-89.7249999999999943
11
149.0250000000000057
21
-89.7249999999999943
0
LINE
8
BLACK
6
CONTINUOUS
10
149.0250000000000057
20
-89.7249999999999943
11
148.9293289999999956
21
-89.7059699999999935
0
LINE
8
BLACK
6
CONTINUOUS
10
148.9293289999999956
20
-89.7059699999999935
11
148.8482229999999902
21
-89.6517769999999956
0
LINE
8
BLACK
6
CONTINUOUS
10
148.8482229999999902
20
-89.6517769999999956
11
148.7940299999999922
21
-89.5706709999999902
0
LINE
8
BLACK
6
CONTINUOUS
10
148.7940299999999922
20
-89.5706709999999902
11
148.7750000000000057
21
-89.4749999999999943
0
LINE
8
BLACK
6
CONTINUOUS
10
148.7750000000000057
20
-89.4749999999999943
11
148.7750000000000057
21
-88.5249999999999915
0
LINE
8
BLACK
6
CONTINUOUS
10
148.7750000000000057
20
-88.5249999999999915
11
148.7940299999999922
21
-88.4293289999999956
0
LINE
8
BLACK
6
CONTINUOUS
10
148.7940299999999922
20
-88.4293289999999956
11
148.8482229999999902
21
-88.3482229999999902
0
LINE
8
BLACK
6
CONTINUOUS
10
148.8482229999999902
20
-88.3482229999999902
11
148.9293289999999956
21
-88.2940299999999922
0
LINE
8
BLACK
6
CONTINUOUS
10
148.9293289999999956
20
-88.2940299999999922
11
149.0250000000000057
21
-88.2749999999999915
0
LINE
8
BLACK
6
CONTINUOUS
10
149.0250000000000057
20
-88.2749999999999915
11
149.6999999999999886
21
-88.2749999999999915
0
LINE
8
BLACK
6
CONTINUOUS
10
149.6999999999999886
20
-88.2749999999999915
11
149.7956709999999987
21
-88.2940299999999922
0
LINE
8
BLACK
6
CONTINUOUS
10
151.8706709999999873
20
-88.2940299999999922
11
151.9517769999999928
21
-88.3482229999999902
0
LINE
8
BLACK
6
CONTINUOUS
10
151.9517769999999928
20
-88.3482229999999902
11
152.0059699999999907
21
-88.4293289999999956
0
LINE
8
BLACK
6
CONTINUOUS
10
152.0059699999999907
20
-88.4293289999999956
11
152.0250000000000057
21
-88.5249999999999915
0
LINE
8
BLACK
6
CONTINUOUS
10
152.0250000000000057
20
-88.5249999999999915
11
152.0250000000000057
21
-89.4749999999999943
0
LINE
8
BLACK
6
CONTINUOUS
10
152.0250000000000057
20
-89.4749999999999943
11
152.0059699999999907
21
-89.5706709999999902
0
LINE
8
BLACK
6
CONTINUOUS
10
152.0059699999999907
20
-89.5706709999999902
11
151.9517769999999928
21
-89.6517769999999956
0
LINE
8
BLACK
6
CONTINUOUS
10
151.9517769999999928
20
-89.6517769999999956
11
151.8706709999999873
21
-89.7059699999999935
0
LINE
8
BLACK
6
CONTINUOUS
10
151.8706709999999873
20
-89.7059699999999935
11
151.7750000000000057
21
-89.7249999999999943
0
LINE
8
BLACK
6
CONTINUOUS
10
151.7750000000000057
20
-89.7249999999999943
11
151.0999999999999943
21
-89.7249999999999943
0
LINE
8
BLACK
6
CONTINUOUS
10
151.0999999999999943
20
-89.7249999999999943
11
151.0043289999999843
21
-89.7059699999999935
0
LINE
8
BLACK
6
CONTINUOUS
10
151.0043289999999843
20
-89.7059699999999935
11
150.9232230000000072
21
-89.6517769999999956
0
LINE
8
BLACK
6
CONTINUOUS
10
150.9232230000000072
20
-89.6517769999999956
11
150.8690299999999809
21
-89.5706709999999902
0
LINE
8
BLACK
6
CONTINUOUS
10
150.8690299999999809
20
-89.5706709999999902
11
150.8499999999999943
21
-89.4749999999999943
0
LINE
8
BLACK
6
CONTINUOUS
10
150.8499999999999943
20
-89.4749999999999943
11
150.8499999999999943
21
-88.5249999999999915
0
LINE
8
BLACK
6
CONTINUOUS
10
150.8499999999999943
20
-88.5249999999999915
11
150.8690299999999809
21
-88.4293289999999956
0
LINE
8
BLACK
6
CONTINUOUS
10
150.8690299999999809
20
-88.4293289999999956
11
150.9232230000000072
21
-88.3482229999999902
0
LINE
8
BLACK
6
CONTINUOUS
10
150.9232230000000072
20
-88.3482229999999902
11
151.0043289999999843
21
-88.2940299999999922
0
LINE
8
BLACK
6
CONTINUOUS
10
151.0043289999999843
20
-88.2940299999999922
11
151.0999999999999943
21
-88.2749999999999915
0
LINE
8
BLACK
6
CONTINUOUS
10
151.0999999999999943
20
-88.2749999999999915
11
151.7750000000000057
21
-88.2749999999999915
0
LINE
8
BLACK
6
CONTINUOUS
10
151.7750000000000057
20
-88.2749999999999915
11
151.8706709999999873
21
-88.2940299999999922
0
LINE
8
BLACK
6
CONTINUOUS
10
153.7956709999999987
20
-88.2940299999999922
11
153.8767770000000041
21
-88.3482229999999902
0
LINE
8
BLACK
6
CONTINUOUS
10
153.8767770000000041
20
-88.3482229999999902
11
153.9309700000000021
21
-88.4293289999999956
0
LINE
8
BLACK
6
CONTINUOUS
10
153.9309700000000021
20
-88.4293289999999956
11
153.9499999999999886
21
-88.5249999999999915
0
LINE
8
BLACK
6
CONTINUOUS
10
153.9499999999999886
20
-88.5249999999999915
11
153.9499999999999886
21
-89.4749999999999943
0
LINE
8
BLACK
6
CONTINUOUS
10
153.9499999999999886
20
-89.4749999999999943
11
153.9309700000000021
21
-89.5706709999999902
0
LINE
8
BLACK
6
CONTINUOUS
10
153.9309700000000021
20
-89.5706709999999902
11
153.8767770000000041
21
-89.6517769999999956
0
LINE
8
BLACK
6
CONTINUOUS
10
153.8767770000000041
20
-89.6517769999999956
11
153.7956709999999987
21
-89.7059699999999935
0
LINE
8
BLACK
6
CONTINUOUS
10
153.7956709999999987
20
-89.7059699999999935
11
153.6999999999999886
21
-89.7249999999999943
0
LINE
8
BLACK
6
CONTINUOUS
10
153.6999999999999886
20
-89.7249999999999943
11
153.0250000000000057
21
-89.7249999999999943
0
LINE
8
BLACK
6
CONTINUOUS
10
153.0250000000000057
20
-89.7249999999999943
11
152.9293289999999956
21
-89.7059699999999935
0
LINE
8
BLACK
6
CONTINUOUS
10
152.9293289999999956
20
-89.7059699999999935
11
152.8482229999999902
21
-89.6517769999999956
0
LINE
8
BLACK
6
CONTINUOUS
10
152.8482229999999902
20
-89.6517769999999956
11
152.7940299999999922
21
-89.5706709999999902
0
LINE
8
BLACK
6
CONTINUOUS
10
152.7940299999999922
20
-89.5706709999999902
11
152.7750000000000057
21
-89.4749999999999943
0
LINE
8
BLACK
6
CONTINUOUS
10
152.7750000000000057
20
-89.4749999999999943
11
152.7750000000000057
21
-88.5249999999999915
0
LINE
8
BLACK
6
CONTINUOUS
10
152.7750000000000057
20
-88.5249999999999915
11
152.7940299999999922
21
-88.4293289999999956
0
LINE
8
BLACK
6
CONTINUOUS
10
152.7940299999999922
20
-88.4293289999999956
11
152.8482229999999902
21
-88.3482229999999902
0
LINE
8
BLACK
6
CONTINUOUS
10
152.8482229999999902
20
-88.3482229999999902
11
152.9293289999999956
21
-88.2940299999999922
0
LINE
8
BLACK
6
CONTINUOUS
10
152.9293289999999956
20
-88.2940299999999922
11
153.0250000000000057
21
-88.2749999999999915
0
LINE
8
BLACK
6
CONTINUOUS
10
153.0250000000000057
20
-88.2749999999999915
11
153.6999999999999886
21
-88.2749999999999915
0
LINE
8
BLACK
6
CONTINUOUS
10
153.6999999999999886
20
-88.2749999999999915
11
153.7956709999999987
21
-88.2940299999999922
0
LINE
8
BLACK
6
CONTINUOUS
10
155.8706709999999873
20
-88.2940299999999922
11
155.9517769999999928
21
-88.3482229999999902
0
LINE
8
BLACK
6
CONTINUOUS
10
155.9517769999999928
20
-88.3482229999999902
11
156.0059699999999907
21
-88.4293289999999956
0
LINE
8
BLACK
6
CONTINUOUS
10
156.0059699999999907
20
-88.4293289999999956
11
156.0250000000000057
21
-88.5249999999999915
0
LINE
8
BLACK
6
CONTINUOUS
10
156.0250000000000057
20
-88.5249999999999915
11
156.0250000000000057
21
-89.4749999999999943
0
LINE
8
BLACK
6
CONTINUOUS
10
156.0250000000000057
20
-89.4749999999999943
11
156.0059699999999907
21
-89.5706709999999902
0
LINE
8
BLACK
6
CONTINUOUS
10
156.0059699999999907
20
-89.5706709999999902
11
155.9517769999999928
21
-89.6517769999999956
0
LINE
8
BLACK
6
CONTINUOUS
10
155.9517769999999928
20
-89.6517769999999956
11
155.8706709999999873
21
-89.7059699999999935
0
LINE
8
BLACK
6
CONTINUOUS
10
155.8706709999999873
20
-89.7059699999999935
11
155.7750000000000057
21
-89.7249999999999943
0
LINE
8
BLACK
6
CONTINUOUS
10
155.7750000000000057
20
-89.7249999999999943
11
155.0999999999999943
21
-89.7249999999999943
0
LINE
8
BLACK
6
CONTINUOUS
10
155.0999999999999943
20
-89.7249999999999943
11
155.0043289999999843
21
-89.7059699999999935
0
LINE
8
BLACK
6
CONTINUOUS
10
155.0043289999999843
20
-89.7059699999999935
11
154.9232229999999788
21
-89.6517769999999956
0
LINE
8
BLACK
6
CONTINUOUS
10
154.9232229999999788
20
-89.6517769999999956
11
154.8690299999999809
21
-89.5706709999999902
0
LINE
8
BLACK
6
CONTINUOUS
10
154.8690299999999809
20
-89.5706709999999902
11
154.8499999999999943
21
-89.4749999999999943
0
LINE
8
BLACK
6
CONTINUOUS
10
154.8499999999999943
20
-89.4749999999999943
11
154.8499999999999943
21
-88.5249999999999915
0
LINE
8
BLACK
6
CONTINUOUS
10
154.8499999999999943
20
-88.5249999999999915
11
154.8690299999999809
21
-88.4293289999999956
0
LINE
8
BLACK
6
CONTINUOUS
10
154.8690299999999809
20
-88.4293289999999956
11
154.9232229999999788
21
-88.3482229999999902
0
LINE
8
BLACK
6
CONTINUOUS
10
154.9232229999999788
20
-88.3482229999999902
11
155.0043289999999843
21
-88.2940299999999922
0
LINE
8
BLACK
6
CONTINUOUS
10
155.0043289999999843
20
-88.2940299999999922
11
155.0999999999999943
21
-88.2749999999999915
0
LINE
8
BLACK
6
CONTINUOUS
10
155.0999999999999943
20
-88.2749999999999915
11
155.7750000000000057
21
-88.2749999999999915
0
LINE
8
BLACK
6
CONTINUOUS
10
155.7750000000000057
20
-88.2749999999999915
11
155.8706709999999873
21
-88.2940299999999922
0
LINE
8
BLACK
6
CONTINUOUS
10
163.9956709999999873
20
-88.2940299999999922
11
164.0767769999999928
21
-88.3482229999999902
0
LINE
8
BLACK
6
CONTINUOUS
10
164.0767769999999928
20
-88.3482229999999902
11
164.1309699999999907
21
-88.4293289999999956
0
LINE
8
BLACK
6
CONTINUOUS
10
164.1309699999999907
20
-88.4293289999999956
11
164.1500000000000057
21
-88.5249999999999915
0
LINE
8
BLACK
6
CONTINUOUS
10
164.1500000000000057
20
-88.5249999999999915
11
164.1500000000000057
21
-89.4749999999999943
0
LINE
8
BLACK
6
CONTINUOUS
10
164.1500000000000057
20
-89.4749999999999943
11
164.1309699999999907
21
-89.5706709999999902
0
LINE
8
BLACK
6
CONTINUOUS
10
164.1309699999999907
20
-89.5706709999999902
11
164.0767769999999928
21
-89.6517769999999956
0
LINE
8
BLACK
6
CONTINUOUS
10
164.0767769999999928
20
-89.6517769999999956
11
163.9956709999999873
21
-89.7059699999999935
0
LINE
8
BLACK
6
CONTINUOUS
10
163.9956709999999873
20
-89.7059699999999935
11
163.9000000000000057
21
-89.7249999999999943
0
LINE
8
BLACK
6
CONTINUOUS
10
163.9000000000000057
20
-89.7249999999999943
11
163.2249999999999943
21
-89.7249999999999943
0
LINE
8
BLACK
6
CONTINUOUS
10
163.2249999999999943
20
-89.7249999999999943
11
163.1293289999999843
21
-89.7059699999999935
0
LINE
8
BLACK
6
CONTINUOUS
10
163.1293289999999843
20
-89.7059699999999935
11
163.0482229999999788
21
-89.6517769999999956
0
LINE
8
BLACK
6
CONTINUOUS
10
163.0482229999999788
20
-89.6517769999999956
11
162.9940299999999809
21
-89.5706709999999902
0
LINE
8
BLACK
6
CONTINUOUS
10
162.9940299999999809
20
-89.5706709999999902
11
162.9749999999999943
21
-89.4749999999999943
0
LINE
8
BLACK
6
CONTINUOUS
10
162.9749999999999943
20
-89.4749999999999943
11
162.9749999999999943
21
-88.5249999999999915
0
LINE
8
BLACK
6
CONTINUOUS
10
162.9749999999999943
20
-88.5249999999999915
11
162.9940299999999809
21
-88.4293289999999956
0
LINE
8
BLACK
6
CONTINUOUS
10
162.9940299999999809
20
-88.4293289999999956
11
163.0482229999999788
21
-88.3482229999999902
0
LINE
8
BLACK
6
CONTINUOUS
10
163.0482229999999788
20
-88.3482229999999902
11
163.1293289999999843
21
-88.2940299999999922
0
LINE
8
BLACK
6
CONTINUOUS
10
163.1293289999999843
20
-88.2940299999999922
11
163.2249999999999943
21
-88.2749999999999915
0
LINE
8
BLACK
6
CONTINUOUS
10
163.2249999999999943
20
-88.2749999999999915
11
163.9000000000000057
21
-88.2749999999999915
0
LINE
8
BLACK
6
CONTINUOUS
10
163.9000000000000057
20
-88.2749999999999915
11
163.9956709999999873
21
-88.2940299999999922
0
LINE
8
BLACK
6
CONTINUOUS
10
166.0706710000000044
20
-88.2940299999999922
11
166.1517769999999814
21
-88.3482229999999902
0
LINE
8
BLACK
6
CONTINUOUS
10
166.1517769999999814
20
-88.3482229999999902
11
166.2059699999999793
21
-88.4293289999999956
0
LINE
8
BLACK
6
CONTINUOUS
10
166.2059699999999793
20
-88.4293289999999956
11
166.2249999999999943
21
-88.5249999999999915
0
LINE
8
BLACK
6
CONTINUOUS
10
166.2249999999999943
20
-88.5249999999999915
11
166.2249999999999943
21
-89.4749999999999943
0
LINE
8
BLACK
6
CONTINUOUS
10
166.2249999999999943
20
-89.4749999999999943
11
166.2059699999999793
21
-89.5706709999999902
0
LINE
8
BLACK
6
CONTINUOUS
10
166.2059699999999793
20
-89.5706709999999902
11
166.1517769999999814
21
-89.6517769999999956
0
LINE
8
BLACK
6
CONTINUOUS
10
166.1517769999999814
20
-89.6517769999999956
11
166.0706710000000044
21
-89.7059699999999935
0
LINE
8
BLACK
6
CONTINUOUS
10
166.0706710000000044
20
-89.7059699999999935
11
165.9749999999999943
21
-89.7249999999999943
0
LINE
8
BLACK
6
CONTINUOUS
10
165.9749999999999943
20
-89.7249999999999943
11
165.2999999999999829
21
-89.7249999999999943
0
LINE
8
BLACK
6
CONTINUOUS
10
165.2999999999999829
20
-89.7249999999999943
11
165.2043290000000013
21
-89.7059699999999935
0
LINE
8
BLACK
6
CONTINUOUS
10
165.2043290000000013
20
-89.7059699999999935
11
165.1232229999999959
21
-89.6517769999999956
0
LINE
8
BLACK
6
CONTINUOUS
10
165.1232229999999959
20
-89.6517769999999956
11
165.0690299999999979
21
-89.5706709999999902
0
LINE
8
BLACK
6
CONTINUOUS
10
165.0690299999999979
20
-89.5706709999999902
11
165.0499999999999829
21
-89.4749999999999943
0
LINE
8
BLACK
6
CONTINUOUS
10
165.0499999999999829
20
-89.4749999999999943
11
165.0499999999999829
21
-88.5249999999999915
0
LINE
8
BLACK
6
CONTINUOUS
10
165.0499999999999829
20
-88.5249999999999915
11
165.0690299999999979
21
-88.4293289999999956
0
LINE
8
BLACK
6
CONTINUOUS
10
165.0690299999999979
20
-88.4293289999999956
11
165.1232229999999959
21
-88.3482229999999902
0
LINE
8
BLACK
6
CONTINUOUS
10
165.1232229999999959
20
-88.3482229999999902
11
165.2043290000000013
21
-88.2940299999999922
0
LINE
8
BLACK
6
CONTINUOUS
10
165.2043290000000013
20
-88.2940299999999922
11
165.2999999999999829
21
-88.2749999999999915
0
LINE
8
BLACK
6
CONTINUOUS
10
165.2999999999999829
20
-88.2749999999999915
11
165.9749999999999943
21
-88.2749999999999915
0
LINE
8
BLACK
6
CONTINUOUS
10
165.9749999999999943
20
-88.2749999999999915
11
166.0706710000000044
21
-88.2940299999999922
0
LINE
8
BLACK
6
CONTINUOUS
10
168.9956709999999873
20
-88.2940299999999922
11
169.0767769999999928
21
-88.3482229999999902
0
LINE
8
BLACK
6
CONTINUOUS
10
169.0767769999999928
20
-88.3482229999999902
11
169.1309699999999907
21
-88.4293289999999956
0
LINE
8
BLACK
6
CONTINUOUS
10
169.1309699999999907
20
-88.4293289999999956
11
169.1500000000000057
21
-88.5249999999999915
0
LINE
8
BLACK
6
CONTINUOUS
10
169.1500000000000057
20
-88.5249999999999915
11
169.1500000000000057
21
-89.4749999999999943
0
LINE
8
BLACK
6
CONTINUOUS
10
169.1500000000000057
20
-89.4749999999999943
11
169.1309699999999907
21
-89.5706709999999902
0
LINE
8
BLACK
6
CONTINUOUS
10
169.1309699999999907
20
-89.5706709999999902
11
169.0767769999999928
21
-89.6517769999999956
0
LINE
8
BLACK
6
CONTINUOUS
10
169.0767769999999928
20
-89.6517769999999956
11
168.9956709999999873
21
-89.7059699999999935
0
LINE
8
BLACK
6
CONTINUOUS
10
168.9956709999999873
20
-89.7059699999999935
11
168.9000000000000057
21
-89.7249999999999943
0
LINE
8
BLACK
6
CONTINUOUS
10
168.9000000000000057
20
-89.7249999999999943
11
168.2249999999999943
21
-89.7249999999999943
0
LINE
8
BLACK
6
CONTINUOUS
10
168.2249999999999943
20
-89.7249999999999943
11
168.1293289999999843
21
-89.7059699999999935
0
LINE
8
BLACK
6
CONTINUOUS
10
168.1293289999999843
20
-89.7059699999999935
11
168.0482229999999788
21
-89.6517769999999956
0
LINE
8
BLACK
6
CONTINUOUS
10
168.0482229999999788
20
-89.6517769999999956
11
167.9940299999999809
21
-89.5706709999999902
0
LINE
8
BLACK
6
CONTINUOUS
10
167.9940299999999809
20
-89.5706709999999902
11
167.9749999999999943
21
-89.4749999999999943
0
LINE
8
BLACK
6
CONTINUOUS
10
167.9749999999999943
20
-89.4749999999999943
11
167.9749999999999943
21
-88.5249999999999915
0
LINE
8
BLACK
6
CONTINUOUS
10
167.9749999999999943
20
-88.5249999999999915
11
167.9940299999999809
21
-88.4293289999999956
0
LINE
8
BLACK
6
CONTINUOUS
10
167.9940299999999809
20
-88.4293289999999956
11
168.0482229999999788
21
-88.3482229999999902
0
LINE
8
BLACK
6
CONTINUOUS
10
168.0482229999999788
20
-88.3482229999999902
11
168.1293289999999843
21
-88.2940299999999922
0
LINE
8
BLACK
6
CONTINUOUS
10
168.1293289999999843
20
-88.2940299999999922
11
168.2249999999999943
21
-88.2749999999999915
0
LINE
8
BLACK
6
CONTINUOUS
10
168.2249999999999943
20
-88.2749999999999915
11
168.9000000000000057
21
-88.2749999999999915
0
LINE
8
BLACK
6
CONTINUOUS
10
168.9000000000000057
20
-88.2749999999999915
11
168.9956709999999873
21
-88.2940299999999922
0
LINE
8
BLACK
6
CONTINUOUS
10
171.0706710000000044
20
-88.2940299999999922
11
171.1517769999999814
21
-88.3482229999999902
0
LINE
8
BLACK
6
CONTINUOUS
10
171.1517769999999814
20
-88.3482229999999902
11
171.2059699999999793
21
-88.4293289999999956
0
LINE
8
BLACK
6
CONTINUOUS
10
171.2059699999999793
20
-88.4293289999999956
11
171.2249999999999943
21
-88.5249999999999915
0
LINE
8
BLACK
6
CONTINUOUS
10
171.2249999999999943
20
-88.5249999999999915
11
171.2249999999999943
21
-89.4749999999999943
0
LINE
8
BLACK
6
CONTINUOUS
10
171.2249999999999943
20
-89.4749999999999943
11
171.2059699999999793
21
-89.5706709999999902
0
LINE
8
BLACK
6
CONTINUOUS
10
171.2059699999999793
20
-89.5706709999999902
11
171.1517769999999814
21
-89.6517769999999956
0
LINE
8
BLACK
6
CONTINUOUS
10
171.1517769999999814
20
-89.6517769999999956
11
171.0706710000000044
21
-89.7059699999999935
0
LINE
8
BLACK
6
CONTINUOUS
10
171.0706710000000044
20
-89.7059699999999935
11
170.9749999999999943
21
-89.7249999999999943
0
LINE
8
BLACK
6
CONTINUOUS
10
170.9749999999999943
20
-89.7249999999999943
11
170.2999999999999829
21
-89.7249999999999943
0
LINE
8
BLACK
6
CONTINUOUS
10
170.2999999999999829
20
-89.7249999999999943
11
170.2043290000000013
21
-89.7059699999999935
0
LINE
8
BLACK
6
CONTINUOUS
10
170.2043290000000013
20
-89.7059699999999935
11
170.1232229999999959
21
-89.6517769999999956
0
LINE
8
BLACK
6
CONTINUOUS
10
170.1232229999999959
20
-89.6517769999999956
11
170.0690299999999979
21
-89.5706709999999902
0
LINE
8
BLACK
6
CONTINUOUS
10
170.0690299999999979
20
-89.5706709999999902
11
170.0499999999999829
21
-89.4749999999999943
0
LINE
8
BLACK
6
CONTINUOUS
10
170.0499999999999829
20
-89.4749999999999943
11
170.0499999999999829
21
-88.5249999999999915
0
LINE
8
BLACK
6
CONTINUOUS
10
170.0499999999999829
20
-88.5249999999999915
11
170.0690299999999979
21
-88.4293289999999956
0
LINE
8
BLACK
6
CONTINUOUS
10
170.0690299999999979
20
-88.4293289999999956
11
170.1232229999999959
21
-88.3482229999999902
0
LINE
8
BLACK
6
CONTINUOUS
10
170.1232229999999959
20
-88.3482229999999902
11
170.2043290000000013
21
-88.2940299999999922
0
LINE
8
BLACK
6
CONTINUOUS
10
170.2043290000000013
20
-88.2940299999999922
11
170.2999999999999829
21
-88.2749999999999915
0
LINE
8
BLACK
6
CONTINUOUS
10
170.2999999999999829
20
-88.2749999999999915
11
170.9749999999999943
21
-88.2749999999999915
0
LINE
8
BLACK
6
CONTINUOUS
10
170.9749999999999943
20
-88.2749999999999915
11
171.0706710000000044
21
-88.2940299999999922
0
LINE
8
BLACK
6
CONTINUOUS
10
172.9956709999999873
20
-88.2940299999999922
11
173.0767769999999928
21
-88.3482229999999902
0
LINE
8
BLACK
6
CONTINUOUS
10
173.0767769999999928
20
-88.3482229999999902
11
173.1309699999999907
21
-88.4293289999999956
0
LINE
8
BLACK
6
CONTINUOUS
10
173.1309699999999907
20
-88.4293289999999956
11
173.1500000000000057
21
-88.5249999999999915
0
LINE
8
BLACK
6
CONTINUOUS
10
173.1500000000000057
20
-88.5249999999999915
11
173.1500000000000057
21
-89.4749999999999943
0
LINE
8
BLACK
6
CONTINUOUS
10
173.1500000000000057
20
-89.4749999999999943
11
173.1309699999999907
21
-89.5706709999999902
0
LINE
8
BLACK
6
CONTINUOUS
10
173.1309699999999907
20
-89.5706709999999902
11
173.0767769999999928
21
-89.6517769999999956
0
LINE
8
BLACK
6
CONTINUOUS
10
173.0767769999999928
20
-89.6517769999999956
11
172.9956709999999873
21
-89.7059699999999935
0
LINE
8
BLACK
6
CONTINUOUS
10
172.9956709999999873
20
-89.7059699999999935
11
172.9000000000000057
21
-89.7249999999999943
0
LINE
8
BLACK
6
CONTINUOUS
10
172.9000000000000057
20
-89.7249999999999943
11
172.2249999999999943
21
-89.7249999999999943
0
LINE
8
BLACK
6
CONTINUOUS
10
172.2249999999999943
20
-89.7249999999999943
11
172.1293289999999843
21
-89.7059699999999935
0
LINE
8
BLACK
6
CONTINUOUS
10
172.1293289999999843
20
-89.7059699999999935
11
172.0482229999999788
21
-89.6517769999999956
0
LINE
8
BLACK
6
CONTINUOUS
10
172.0482229999999788
20
-89.6517769999999956
11
171.9940299999999809
21
-89.5706709999999902
0
LINE
8
BLACK
6
CONTINUOUS
10
171.9940299999999809
20
-89.5706709999999902
11
171.9749999999999943
21
-89.4749999999999943
0
LINE
8
BLACK
6
CONTINUOUS
10
171.9749999999999943
20
-89.4749999999999943
11
171.9749999999999943
21
-88.5249999999999915
0
LINE
8
BLACK
6
CONTINUOUS
10
171.9749999999999943
20
-88.5249999999999915
11
171.9940299999999809
21
-88.4293289999999956
0
LINE
8
BLACK
6
CONTINUOUS
10
171.9940299999999809
20
-88.4293289999999956
11
172.0482229999999788
21
-88.3482229999999902
0
LINE
8
BLACK
6
CONTINUOUS
10
172.0482229999999788
20
-88.3482229999999902
11
172.1293289999999843
21
-88.2940299999999922
0
LINE
8
BLACK
6
CONTINUOUS
10
172.1293289999999843
20
-88.2940299999999922
11
172.2249999999999943
21
-88.2749999999999915
0
LINE
8
BLACK
6
CONTINUOUS
10
172.2249999999999943
20
-88.2749999999999915
11
172.9000000000000057
21
-88.2749999999999915
0
LINE
8
BLACK
6
CONTINUOUS
10
172.9000000000000057
20
-88.2749999999999915
11
172.9956709999999873
21
-88.2940299999999922
0
LINE
8
BLACK
6
CONTINUOUS
10
175.0706710000000044
20
-88.2940299999999922
11
175.1517769999999814
21
-88.3482229999999902
0
LINE
8
BLACK
6
CONTINUOUS
10
175.1517769999999814
20
-88.3482229999999902
11
175.2059699999999793
21
-88.4293289999999956
0
LINE
8
BLACK
6
CONTINUOUS
10
175.2059699999999793
20
-88.4293289999999956
11
175.2249999999999943
21
-88.5249999999999915
0
LINE
8
BLACK
6
CONTINUOUS
10
175.2249999999999943
20
-88.5249999999999915
11
175.2249999999999943
21
-89.4749999999999943
0
LINE
8
BLACK
6
CONTINUOUS
10
175.2249999999999943
20
-89.4749999999999943
11
175.2059699999999793
21
-89.5706709999999902
0
LINE
8
BLACK
6
CONTINUOUS
10
175.2059699999999793
20
-89.5706709999999902
11
175.1517769999999814
21
-89.6517769999999956
0
LINE
8
BLACK
6
CONTINUOUS
10
175.1517769999999814
20
-89.6517769999999956
11
175.0706710000000044
21
-89.7059699999999935
0
LINE
8
BLACK
6
CONTINUOUS
10
175.0706710000000044
20
-89.7059699999999935
11
174.9749999999999943
21
-89.7249999999999943
0
LINE
8
BLACK
6
CONTINUOUS
10
174.9749999999999943
20
-89.7249999999999943
11
174.2999999999999829
21
-89.7249999999999943
0
LINE
8
BLACK
6
CONTINUOUS
10
174.2999999999999829
20
-89.7249999999999943
11
174.2043290000000013
21
-89.7059699999999935
0
LINE
8
BLACK
6
CONTINUOUS
10
174.2043290000000013
20
-89.7059699999999935
11
174.1232229999999959
21
-89.6517769999999956
0
LINE
8
BLACK
6
CONTINUOUS
10
174.1232229999999959
20
-89.6517769999999956
11
174.0690299999999979
21
-89.5706709999999902
0
LINE
8
BLACK
6
CONTINUOUS
10
174.0690299999999979
20
-89.5706709999999902
11
174.0499999999999829
21
-89.4749999999999943
0
LINE
8
BLACK
6
CONTINUOUS
10
174.0499999999999829
20
-89.4749999999999943
11
174.0499999999999829
21
-88.5249999999999915
0
LINE
8
BLACK
6
CONTINUOUS
10
174.0499999999999829
20
-88.5249999999999915
11
174.0690299999999979
21
-88.4293289999999956
0
LINE
8
BLACK
6
CONTINUOUS
10
174.0690299999999979
20
-88.4293289999999956
11
174.1232229999999959
21
-88.3482229999999902
0
LINE
8
BLACK
6
CONTINUOUS
10
174.1232229999999959
20
-88.3482229999999902
11
174.2043290000000013
21
-88.2940299999999922
0
LINE
8
BLACK
6
CONTINUOUS
10
174.2043290000000013
20
-88.2940299999999922
11
174.2999999999999829
21
-88.2749999999999915
0
LINE
8
BLACK
6
CONTINUOUS
10
174.2999999999999829
20
-88.2749999999999915
11
174.9749999999999943
21
-88.2749999999999915
0
LINE
8
BLACK
6
CONTINUOUS
10
174.9749999999999943
20
-88.2749999999999915
11
175.0706710000000044
21
-88.2940299999999922
0
LINE
8
BLACK
6
CONTINUOUS
10
130.5956709999999816
20
-86.2940299999999922
11
130.6767769999999871
21
-86.3482229999999902
0
LINE
8
BLACK
6
CONTINUOUS
10
130.6767769999999871
20
-86.3482229999999902
11
130.730969999999985
21
-86.4293289999999956
0
LINE
8
BLACK
6
CONTINUOUS
10
130.730969999999985
20
-86.4293289999999956
11
130.75
21
-86.5249999999999915
0
LINE
8
BLACK
6
CONTINUOUS
10
130.75
20
-86.5249999999999915
11
130.75
21
-87.4749999999999943
0
LINE
8
BLACK
6
CONTINUOUS
10
130.75
20
-87.4749999999999943
11
130.730969999999985
21
-87.5706709999999902
0
LINE
8
BLACK
6
CONTINUOUS
10
130.730969999999985
20
-87.5706709999999902
11
130.6767769999999871
21
-87.6517769999999956
0
LINE
8
BLACK
6
CONTINUOUS
10
130.6767769999999871
20
-87.6517769999999956
11
130.5956709999999816
21
-87.7059699999999935
0
LINE
8
BLACK
6
CONTINUOUS
10
130.5956709999999816
20
-87.7059699999999935
11
130.5
21
-87.7249999999999943
0
LINE
8
BLACK
6
CONTINUOUS
10
130.5
20
-87.7249999999999943
11
129.8249999999999886
21
-87.7249999999999943
0
LINE
8
BLACK
6
CONTINUOUS
10
129.8249999999999886
20
-87.7249999999999943
11
129.729329000000007
21
-87.7059699999999935
0
LINE
8
BLACK
6
CONTINUOUS
10
129.729329000000007
20
-87.7059699999999935
11
129.6482230000000015
21
-87.6517769999999956
0
LINE
8
BLACK
6
CONTINUOUS
10
129.6482230000000015
20
-87.6517769999999956
11
129.5940300000000036
21
-87.5706709999999902
0
LINE
8
BLACK
6
CONTINUOUS
10
129.5940300000000036
20
-87.5706709999999902
11
129.5749999999999886
21
-87.4749999999999943
0
LINE
8
BLACK
6
CONTINUOUS
10
129.5749999999999886
20
-87.4749999999999943
11
129.5749999999999886
21
-86.5249999999999915
0
LINE
8
BLACK
6
CONTINUOUS
10
129.5749999999999886
20
-86.5249999999999915
11
129.5940300000000036
21
-86.4293289999999956
0
LINE
8
BLACK
6
CONTINUOUS
10
129.5940300000000036
20
-86.4293289999999956
11
129.6482230000000015
21
-86.3482229999999902
0
LINE
8
BLACK
6
CONTINUOUS
10
129.6482230000000015
20
-86.3482229999999902
11
129.729329000000007
21
-86.2940299999999922
0
LINE
8
BLACK
6
CONTINUOUS
10
129.729329000000007
20
-86.2940299999999922
11
129.8249999999999886
21
-86.2749999999999915
0
LINE
8
BLACK
6
CONTINUOUS
10
129.8249999999999886
20
-86.2749999999999915
11
130.5
21
-86.2749999999999915
0
LINE
8
BLACK
6
CONTINUOUS
10
130.5
20
-86.2749999999999915
11
130.5956709999999816
21
-86.2940299999999922
0
LINE
8
BLACK
6
CONTINUOUS
10
132.6706709999999987
20
-86.2940299999999922
11
132.7517770000000041
21
-86.3482229999999902
0
LINE
8
BLACK
6
CONTINUOUS
10
132.7517770000000041
20
-86.3482229999999902
11
132.8059700000000021
21
-86.4293289999999956
0
LINE
8
BLACK
6
CONTINUOUS
10
132.8059700000000021
20
-86.4293289999999956
11
132.8249999999999886
21
-86.5249999999999915
0
LINE
8
BLACK
6
CONTINUOUS
10
132.8249999999999886
20
-86.5249999999999915
11
132.8249999999999886
21
-87.4749999999999943
0
LINE
8
BLACK
6
CONTINUOUS
10
132.8249999999999886
20
-87.4749999999999943
11
132.8059700000000021
21
-87.5706709999999902
0
LINE
8
BLACK
6
CONTINUOUS
10
132.8059700000000021
20
-87.5706709999999902
11
132.7517770000000041
21
-87.6517769999999956
0
LINE
8
BLACK
6
CONTINUOUS
10
132.7517770000000041
20
-87.6517769999999956
11
132.6706709999999987
21
-87.7059699999999935
0
LINE
8
BLACK
6
CONTINUOUS
10
132.6706709999999987
20
-87.7059699999999935
11
132.5749999999999886
21
-87.7249999999999943
0
LINE
8
BLACK
6
CONTINUOUS
10
132.5749999999999886
20
-87.7249999999999943
11
131.9000000000000057
21
-87.7249999999999943
0
LINE
8
BLACK
6
CONTINUOUS
10
131.9000000000000057
20
-87.7249999999999943
11
131.8043289999999956
21
-87.7059699999999935
0
LINE
8
BLACK
6
CONTINUOUS
10
131.8043289999999956
20
-87.7059699999999935
11
131.7232229999999902
21
-87.6517769999999956
0
LINE
8
BLACK
6
CONTINUOUS
10
131.7232229999999902
20
-87.6517769999999956
11
131.6690299999999922
21
-87.5706709999999902
0
LINE
8
BLACK
6
CONTINUOUS
10
131.6690299999999922
20
-87.5706709999999902
11
131.6500000000000057
21
-87.4749999999999943
0
LINE
8
BLACK
6
CONTINUOUS
10
131.6500000000000057
20
-87.4749999999999943
11
131.6500000000000057
21
-86.5249999999999915
0
LINE
8
BLACK
6
CONTINUOUS
10
131.6500000000000057
20
-86.5249999999999915
11
131.6690299999999922
21
-86.4293289999999956
0
LINE
8
BLACK
6
CONTINUOUS
10
131.6690299999999922
20
-86.4293289999999956
11
131.7232229999999902
21
-86.3482229999999902
0
LINE
8
BLACK
6
CONTINUOUS
10
131.7232229999999902
20
-86.3482229999999902
11
131.8043289999999956
21
-86.2940299999999922
0
LINE
8
BLACK
6
CONTINUOUS
10
131.8043289999999956
20
-86.2940299999999922
11
131.9000000000000057
21
-86.2749999999999915
0
LINE
8
BLACK
6
CONTINUOUS
10
131.9000000000000057
20
-86.2749999999999915
11
132.5749999999999886
21
-86.2749999999999915
0
LINE
8
BLACK
6
CONTINUOUS
10
132.5749999999999886
20
-86.2749999999999915
11
132.6706709999999987
21
-86.2940299999999922
0
LINE
8
BLACK
6
CONTINUOUS
10
149.7956709999999987
20
-86.2940299999999922
11
149.8767770000000041
21
-86.3482229999999902
0
LINE
8
BLACK
6
CONTINUOUS
10
149.8767770000000041
20
-86.3482229999999902
11
149.9309700000000021
21
-86.4293289999999956
0
LINE
8
BLACK
6
CONTINUOUS
10
149.9309700000000021
20
-86.4293289999999956
11
149.9499999999999886
21
-86.5249999999999915
0
LINE
8
BLACK
6
CONTINUOUS
10
149.9499999999999886
20
-86.5249999999999915
11
149.9499999999999886
21
-87.4749999999999943
0
LINE
8
BLACK
6
CONTINUOUS
10
149.9499999999999886
20
-87.4749999999999943
11
149.9309700000000021
21
-87.5706709999999902
0
LINE
8
BLACK
6
CONTINUOUS
10
149.9309700000000021
20
-87.5706709999999902
11
149.8767770000000041
21
-87.6517769999999956
0
LINE
8
BLACK
6
CONTINUOUS
10
149.8767770000000041
20
-87.6517769999999956
11
149.7956709999999987
21
-87.7059699999999935
0
LINE
8
BLACK
6
CONTINUOUS
10
149.7956709999999987
20
-87.7059699999999935
11
149.6999999999999886
21
-87.7249999999999943
0
LINE
8
BLACK
6
CONTINUOUS
10
149.6999999999999886
20
-87.7249999999999943
11
149.0250000000000057
21
-87.7249999999999943
0
LINE
8
BLACK
6
CONTINUOUS
10
149.0250000000000057
20
-87.7249999999999943
11
148.9293289999999956
21
-87.7059699999999935
0
LINE
8
BLACK
6
CONTINUOUS
10
148.9293289999999956
20
-87.7059699999999935
11
148.8482229999999902
21
-87.6517769999999956
0
LINE
8
BLACK
6
CONTINUOUS
10
148.8482229999999902
20
-87.6517769999999956
11
148.7940299999999922
21
-87.5706709999999902
0
LINE
8
BLACK
6
CONTINUOUS
10
148.7940299999999922
20
-87.5706709999999902
11
148.7750000000000057
21
-87.4749999999999943
0
LINE
8
BLACK
6
CONTINUOUS
10
148.7750000000000057
20
-87.4749999999999943
11
148.7750000000000057
21
-86.5249999999999915
0
LINE
8
BLACK
6
CONTINUOUS
10
148.7750000000000057
20
-86.5249999999999915
11
148.7940299999999922
21
-86.4293289999999956
0
LINE
8
BLACK
6
CONTINUOUS
10
148.7940299999999922
20
-86.4293289999999956
11
148.8482229999999902
21
-86.3482229999999902
0
LINE
8
BLACK
6
CONTINUOUS
10
148.8482229999999902
20
-86.3482229999999902
11
148.9293289999999956
21
-86.2940299999999922
0
LINE
8
BLACK
6
CONTINUOUS
10
148.9293289999999956
20
-86.2940299999999922
11
149.0250000000000057
21
-86.2749999999999915
0
LINE
8
BLACK
6
CONTINUOUS
10
149.0250000000000057
20
-86.2749999999999915
11
149.6999999999999886
21
-86.2749999999999915
0
LINE
8
BLACK
6
CONTINUOUS
10
149.6999999999999886
20
-86.2749999999999915
11
149.7956709999999987
21
-86.2940299999999922
0
LINE
8
BLACK
6
CONTINUOUS
10
151.8706709999999873
20
-86.2940299999999922
11
151.9517769999999928
21
-86.3482229999999902
0
LINE
8
BLACK
6
CONTINUOUS
10
151.9517769999999928
20
-86.3482229999999902
11
152.0059699999999907
21
-86.4293289999999956
0
LINE
8
BLACK
6
CONTINUOUS
10
152.0059699999999907
20
-86.4293289999999956
11
152.0250000000000057
21
-86.5249999999999915
0
LINE
8
BLACK
6
CONTINUOUS
10
152.0250000000000057
20
-86.5249999999999915
11
152.0250000000000057
21
-87.4749999999999943
0
LINE
8
BLACK
6
CONTINUOUS
10
152.0250000000000057
20
-87.4749999999999943
11
152.0059699999999907
21
-87.5706709999999902
0
LINE
8
BLACK
6
CONTINUOUS
10
152.0059699999999907
20
-87.5706709999999902
11
151.9517769999999928
21
-87.6517769999999956
0
LINE
8
BLACK
6
CONTINUOUS
10
151.9517769999999928
20
-87.6517769999999956
11
151.8706709999999873
21
-87.7059699999999935
0
LINE
8
BLACK
6
CONTINUOUS
10
151.8706709999999873
20
-87.7059699999999935
11
151.7750000000000057
21
-87.7249999999999943
0
LINE
8
BLACK
6
CONTINUOUS
10
151.7750000000000057
20
-87.7249999999999943
11
151.0999999999999943
21
-87.7249999999999943
0
LINE
8
BLACK
6
CONTINUOUS
10
151.0999999999999943
20
-87.7249999999999943
11
151.0043289999999843
21
-87.7059699999999935
0
LINE
8
BLACK
6
CONTINUOUS
10
151.0043289999999843
20
-87.7059699999999935
11
150.9232230000000072
21
-87.6517769999999956
0
LINE
8
BLACK
6
CONTINUOUS
10
150.9232230000000072
20
-87.6517769999999956
11
150.8690299999999809
21
-87.5706709999999902
0
LINE
8
BLACK
6
CONTINUOUS
10
150.8690299999999809
20
-87.5706709999999902
11
150.8499999999999943
21
-87.4749999999999943
0
LINE
8
BLACK
6
CONTINUOUS
10
150.8499999999999943
20
-87.4749999999999943
11
150.8499999999999943
21
-86.5249999999999915
0
LINE
8
BLACK
6
CONTINUOUS
10
150.8499999999999943
20
-86.5249999999999915
11
150.8690299999999809
21
-86.4293289999999956
0
LINE
8
BLACK
6
CONTINUOUS
10
150.8690299999999809
20
-86.4293289999999956
11
150.9232230000000072
21
-86.3482229999999902
0
LINE
8
BLACK
6
CONTINUOUS
10
150.9232230000000072
20
-86.3482229999999902
11
151.0043289999999843
21
-86.2940299999999922
0
LINE
8
BLACK
6
CONTINUOUS
10
151.0043289999999843
20
-86.2940299999999922
11
151.0999999999999943
21
-86.2749999999999915
0
LINE
8
BLACK
6
CONTINUOUS
10
151.0999999999999943
20
-86.2749999999999915
11
151.7750000000000057
21
-86.2749999999999915
0
LINE
8
BLACK
6
CONTINUOUS
10
151.7750000000000057
20
-86.2749999999999915
11
151.8706709999999873
21
-86.2940299999999922
0
LINE
8
BLACK
6
CONTINUOUS
10
168.9956709999999873
20
-86.2940299999999922
11
169.0767769999999928
21
-86.3482229999999902
0
LINE
8
BLACK
6
CONTINUOUS
10
169.0767769999999928
20
-86.3482229999999902
11
169.1309699999999907
21
-86.4293289999999956
0
LINE
8
BLACK
6
CONTINUOUS
10
169.1309699999999907
20
-86.4293289999999956
11
169.1500000000000057
21
-86.5249999999999915
0
LINE
8
BLACK
6
CONTINUOUS
10
169.1500000000000057
20
-86.5249999999999915
11
169.1500000000000057
21
-87.4749999999999943
0
LINE
8
BLACK
6
CONTINUOUS
10
169.1500000000000057
20
-87.4749999999999943
11
169.1309699999999907
21
-87.5706709999999902
0
LINE
8
BLACK
6
CONTINUOUS
10
169.1309699999999907
20
-87.5706709999999902
11
169.0767769999999928
21
-87.6517769999999956
0
LINE
8
BLACK
6
CONTINUOUS
10
169.0767769999999928
20
-87.6517769999999956
11
168.9956709999999873
21
-87.7059699999999935
0
LINE
8
BLACK
6
CONTINUOUS
10
168.9956709999999873
20
-87.7059699999999935
11
168.9000000000000057
21
-87.7249999999999943
0
LINE
8
BLACK
6
CONTINUOUS
10
168.9000000000000057
20
-87.7249999999999943
11
168.2249999999999943
21
-87.7249999999999943
0
LINE
8
BLACK
6
CONTINUOUS
10
168.2249999999999943
20
-87.7249999999999943
11
168.1293289999999843
21
-87.7059699999999935
0
LINE
8
BLACK
6
CONTINUOUS
10
168.1293289999999843
20
-87.7059699999999935
11
168.0482229999999788
21
-87.6517769999999956
0
LINE
8
BLACK
6
CONTINUOUS
10
168.0482229999999788
20
-87.6517769999999956
11
167.9940299999999809
21
-87.5706709999999902
0
LINE
8
BLACK
6
CONTINUOUS
10
167.9940299999999809
20
-87.5706709999999902
11
167.9749999999999943
21
-87.4749999999999943
0
LINE
8
BLACK
6
CONTINUOUS
10
167.9749999999999943
20
-87.4749999999999943
11
167.9749999999999943
21
-86.5249999999999915
0
LINE
8
BLACK
6
CONTINUOUS
10
167.9749999999999943
20
-86.5249999999999915
11
167.9940299999999809
21
-86.4293289999999956
0
LINE
8
BLACK
6
CONTINUOUS
10
167.9940299999999809
20
-86.4293289999999956
11
168.0482229999999788
21
-86.3482229999999902
0
LINE
8
BLACK
6
CONTINUOUS
10
168.0482229999999788
20
-86.3482229999999902
11
168.1293289999999843
21
-86.2940299999999922
0
LINE
8
BLACK
6
CONTINUOUS
10
168.1293289999999843
20
-86.2940299999999922
11
168.2249999999999943
21
-86.2749999999999915
0
LINE
8
BLACK
6
CONTINUOUS
10
168.2249999999999943
20
-86.2749999999999915
11
168.9000000000000057
21
-86.2749999999999915
0
LINE
8
BLACK
6
CONTINUOUS
10
168.9000000000000057
20
-86.2749999999999915
11
168.9956709999999873
21
-86.2940299999999922
0
LINE
8
BLACK
6
CONTINUOUS
10
171.0706710000000044
20
-86.2940299999999922
11
171.1517769999999814
21
-86.3482229999999902
0
LINE
8
BLACK
6
CONTINUOUS
10
171.1517769999999814
20
-86.3482229999999902
11
171.2059699999999793
21
-86.4293289999999956
0
LINE
8
BLACK
6
CONTINUOUS
10
171.2059699999999793
20
-86.4293289999999956
11
171.2249999999999943
21
-86.5249999999999915
0
LINE
8
BLACK
6
CONTINUOUS
10
171.2249999999999943
20
-86.5249999999999915
11
171.2249999999999943
21
-87.4749999999999943
0
LINE
8
BLACK
6
CONTINUOUS
10
171.2249999999999943
20
-87.4749999999999943
11
171.2059699999999793
21
-87.5706709999999902
0
LINE
8
BLACK
6
CONTINUOUS
10
171.2059699999999793
20
-87.5706709999999902
11
171.1517769999999814
21
-87.6517769999999956
0
LINE
8
BLACK
6
CONTINUOUS
10
171.1517769999999814
20
-87.6517769999999956
11
171.0706710000000044
21
-87.7059699999999935
0
LINE
8
BLACK
6
CONTINUOUS
10
171.0706710000000044
20
-87.7059699999999935
11
170.9749999999999943
21
-87.7249999999999943
0
LINE
8
BLACK
6
CONTINUOUS
10
170.9749999999999943
20
-87.7249999999999943
11
170.2999999999999829
21
-87.7249999999999943
0
LINE
8
BLACK
6
CONTINUOUS
10
170.2999999999999829
20
-87.7249999999999943
11
170.2043290000000013
21
-87.7059699999999935
0
LINE
8
BLACK
6
CONTINUOUS
10
170.2043290000000013
20
-87.7059699999999935
11
170.1232229999999959
21
-87.6517769999999956
0
LINE
8
BLACK
6
CONTINUOUS
10
170.1232229999999959
20
-87.6517769999999956
11
170.0690299999999979
21
-87.5706709999999902
0
LINE
8
BLACK
6
CONTINUOUS
10
170.0690299999999979
20
-87.5706709999999902
11
170.0499999999999829
21
-87.4749999999999943
0
LINE
8
BLACK
6
CONTINUOUS
10
170.0499999999999829
20
-87.4749999999999943
11
170.0499999999999829
21
-86.5249999999999915
0
LINE
8
BLACK
6
CONTINUOUS
10
170.0499999999999829
20
-86.5249999999999915
11
170.0690299999999979
21
-86.4293289999999956
0
LINE
8
BLACK
6
CONTINUOUS
10
170.0690299999999979
20
-86.4293289999999956
11
170.1232229999999959
21
-86.3482229999999902
0
LINE
8
BLACK
6
CONTINUOUS
10
170.1232229999999959
20
-86.3482229999999902
11
170.2043290000000013
21
-86.2940299999999922
0
LINE
8
BLACK
6
CONTINUOUS
10
170.2043290000000013
20
-86.2940299999999922
11
170.2999999999999829
21
-86.2749999999999915
0
LINE
8
BLACK
6
CONTINUOUS
10
170.2999999999999829
20
-86.2749999999999915
11
170.9749999999999943
21
-86.2749999999999915
0
LINE
8
BLACK
6
CONTINUOUS
10
170.9749999999999943
20
-86.2749999999999915
11
171.0706710000000044
21
-86.2940299999999922
0
LINE
8
BLACK
6
CONTINUOUS
10
125.645670999999993
20
-86.3190299999999979
11
125.7267769999999985
21
-86.3732229999999959
0
LINE
8
BLACK
6
CONTINUOUS
10
125.7267769999999985
20
-86.3732229999999959
11
125.7809699999999964
21
-86.4543290000000013
0
LINE
8
BLACK
6
CONTINUOUS
10
125.7809699999999964
20
-86.4543290000000013
11
125.7999999999999972
21
-86.5499999999999972
0
LINE
8
BLACK
6
CONTINUOUS
10
125.7999999999999972
20
-86.5499999999999972
11
125.7999999999999972
21
-87.4500000000000028
0
LINE
8
BLACK
6
CONTINUOUS
10
125.7999999999999972
20
-87.4500000000000028
11
125.7809699999999964
21
-87.5456709999999987
0
LINE
8
BLACK
6
CONTINUOUS
10
125.7809699999999964
20
-87.5456709999999987
11
125.7267769999999985
21
-87.6267769999999899
0
LINE
8
BLACK
6
CONTINUOUS
10
125.7267769999999985
20
-87.6267769999999899
11
125.645670999999993
21
-87.6809700000000021
0
LINE
8
BLACK
6
CONTINUOUS
10
125.645670999999993
20
-87.6809700000000021
11
125.5499999999999972
21
-87.7000000000000028
0
LINE
8
BLACK
6
CONTINUOUS
10
125.5499999999999972
20
-87.7000000000000028
11
124.8499999999999943
21
-87.7000000000000028
0
LINE
8
BLACK
6
CONTINUOUS
10
124.8499999999999943
20
-87.7000000000000028
11
124.7543289999999985
21
-87.6809700000000021
0
LINE
8
BLACK
6
CONTINUOUS
10
124.7543289999999985
20
-87.6809700000000021
11
124.673222999999993
21
-87.6267769999999899
0
LINE
8
BLACK
6
CONTINUOUS
10
124.673222999999993
20
-87.6267769999999899
11
124.6190299999999951
21
-87.5456709999999987
0
LINE
8
BLACK
6
CONTINUOUS
10
124.6190299999999951
20
-87.5456709999999987
11
124.5999999999999943
21
-87.4500000000000028
0
LINE
8
BLACK
6
CONTINUOUS
10
124.5999999999999943
20
-87.4500000000000028
11
124.5999999999999943
21
-86.5499999999999972
0
LINE
8
BLACK
6
CONTINUOUS
10
124.5999999999999943
20
-86.5499999999999972
11
124.6190299999999951
21
-86.4543290000000013
0
LINE
8
BLACK
6
CONTINUOUS
10
124.6190299999999951
20
-86.4543290000000013
11
124.673222999999993
21
-86.3732229999999959
0
LINE
8
BLACK
6
CONTINUOUS
10
124.673222999999993
20
-86.3732229999999959
11
124.7543289999999985
21
-86.3190299999999979
0
LINE
8
BLACK
6
CONTINUOUS
10
124.7543289999999985
20
-86.3190299999999979
11
124.8499999999999943
21
-86.2999999999999972
0
LINE
8
BLACK
6
CONTINUOUS
10
124.8499999999999943
20
-86.2999999999999972
11
125.5499999999999972
21
-86.2999999999999972
0
LINE
8
BLACK
6
CONTINUOUS
10
125.5499999999999972
20
-86.2999999999999972
11
125.645670999999993
21
-86.3190299999999979
0
LINE
8
BLACK
6
CONTINUOUS
10
127.645670999999993
20
-86.3190299999999979
11
127.7267769999999985
21
-86.3732229999999959
0
LINE
8
BLACK
6
CONTINUOUS
10
127.7267769999999985
20
-86.3732229999999959
11
127.7809699999999964
21
-86.4543290000000013
0
LINE
8
BLACK
6
CONTINUOUS
10
127.7809699999999964
20
-86.4543290000000013
11
127.7999999999999972
21
-86.5499999999999972
0
LINE
8
BLACK
6
CONTINUOUS
10
127.7999999999999972
20
-86.5499999999999972
11
127.7999999999999972
21
-87.4500000000000028
0
LINE
8
BLACK
6
CONTINUOUS
10
127.7999999999999972
20
-87.4500000000000028
11
127.7809699999999964
21
-87.5456709999999987
0
LINE
8
BLACK
6
CONTINUOUS
10
127.7809699999999964
20
-87.5456709999999987
11
127.7267769999999985
21
-87.6267769999999899
0
LINE
8
BLACK
6
CONTINUOUS
10
127.7267769999999985
20
-87.6267769999999899
11
127.645670999999993
21
-87.6809700000000021
0
LINE
8
BLACK
6
CONTINUOUS
10
127.645670999999993
20
-87.6809700000000021
11
127.5499999999999972
21
-87.7000000000000028
0
LINE
8
BLACK
6
CONTINUOUS
10
127.5499999999999972
20
-87.7000000000000028
11
126.8499999999999943
21
-87.7000000000000028
0
LINE
8
BLACK
6
CONTINUOUS
10
126.8499999999999943
20
-87.7000000000000028
11
126.7543289999999985
21
-87.6809700000000021
0
LINE
8
BLACK
6
CONTINUOUS
10
126.7543289999999985
20
-87.6809700000000021
11
126.673222999999993
21
-87.6267769999999899
0
LINE
8
BLACK
6
CONTINUOUS
10
126.673222999999993
20
-87.6267769999999899
11
126.6190299999999951
21
-87.5456709999999987
0
LINE
8
BLACK
6
CONTINUOUS
10
126.6190299999999951
20
-87.5456709999999987
11
126.5999999999999943
21
-87.4500000000000028
0
LINE
8
BLACK
6
CONTINUOUS
10
126.5999999999999943
20
-87.4500000000000028
11
126.5999999999999943
21
-86.5499999999999972
0
LINE
8
BLACK
6
CONTINUOUS
10
126.5999999999999943
20
-86.5499999999999972
11
126.6190299999999951
21
-86.4543290000000013
0
LINE
8
BLACK
6
CONTINUOUS
10
126.6190299999999951
20
-86.4543290000000013
11
126.673222999999993
21
-86.3732229999999959
0
LINE
8
BLACK
6
CONTINUOUS
10
126.673222999999993
20
-86.3732229999999959
11
126.7543289999999985
21
-86.3190299999999979
0
LINE
8
BLACK
6
CONTINUOUS
10
126.7543289999999985
20
-86.3190299999999979
11
126.8499999999999943
21
-86.2999999999999972
0
LINE
8
BLACK
6
CONTINUOUS
10
126.8499999999999943
20
-86.2999999999999972
11
127.5499999999999972
21
-86.2999999999999972
0
LINE
8
BLACK
6
CONTINUOUS
10
127.5499999999999972
20
-86.2999999999999972
11
127.645670999999993
21
-86.3190299999999979
0
LINE
8
BLACK
6
CONTINUOUS
10
134.645670999999993
20
-86.3190299999999979
11
134.7267769999999985
21
-86.3732229999999959
0
LINE
8
BLACK
6
CONTINUOUS
10
134.7267769999999985
20
-86.3732229999999959
11
134.7809699999999964
21
-86.4543290000000013
0
LINE
8
BLACK
6
CONTINUOUS
10
134.7809699999999964
20
-86.4543290000000013
11
134.7999999999999829
21
-86.5499999999999972
0
LINE
8
BLACK
6
CONTINUOUS
10
134.7999999999999829
20
-86.5499999999999972
11
134.7999999999999829
21
-87.4500000000000028
0
LINE
8
BLACK
6
CONTINUOUS
10
134.7999999999999829
20
-87.4500000000000028
11
134.7809699999999964
21
-87.5456709999999987
0
LINE
8
BLACK
6
CONTINUOUS
10
134.7809699999999964
20
-87.5456709999999987
11
134.7267769999999985
21
-87.6267769999999899
0
LINE
8
BLACK
6
CONTINUOUS
10
134.7267769999999985
20
-87.6267769999999899
11
134.645670999999993
21
-87.6809700000000021
0
LINE
8
BLACK
6
CONTINUOUS
10
134.645670999999993
20
-87.6809700000000021
11
134.5499999999999829
21
-87.7000000000000028
0
LINE
8
BLACK
6
CONTINUOUS
10
134.5499999999999829
20
-87.7000000000000028
11
133.8499999999999943
21
-87.7000000000000028
0
LINE
8
BLACK
6
CONTINUOUS
10
133.8499999999999943
20
-87.7000000000000028
11
133.7543289999999843
21
-87.6809700000000021
0
LINE
8
BLACK
6
CONTINUOUS
10
133.7543289999999843
20
-87.6809700000000021
11
133.6732230000000072
21
-87.6267769999999899
0
LINE
8
BLACK
6
CONTINUOUS
10
133.6732230000000072
20
-87.6267769999999899
11
133.6190299999999809
21
-87.5456709999999987
0
LINE
8
BLACK
6
CONTINUOUS
10
133.6190299999999809
20
-87.5456709999999987
11
133.5999999999999943
21
-87.4500000000000028
0
LINE
8
BLACK
6
CONTINUOUS
10
133.5999999999999943
20
-87.4500000000000028
11
133.5999999999999943
21
-86.5499999999999972
0
LINE
8
BLACK
6
CONTINUOUS
10
133.5999999999999943
20
-86.5499999999999972
11
133.6190299999999809
21
-86.4543290000000013
0
LINE
8
BLACK
6
CONTINUOUS
10
133.6190299999999809
20
-86.4543290000000013
11
133.6732230000000072
21
-86.3732229999999959
0
LINE
8
BLACK
6
CONTINUOUS
10
133.6732230000000072
20
-86.3732229999999959
11
133.7543289999999843
21
-86.3190299999999979
0
LINE
8
BLACK
6
CONTINUOUS
10
133.7543289999999843
20
-86.3190299999999979
11
133.8499999999999943
21
-86.2999999999999972
0
LINE
8
BLACK
6
CONTINUOUS
10
133.8499999999999943
20
-86.2999999999999972
11
134.5499999999999829
21
-86.2999999999999972
0
LINE
8
BLACK
6
CONTINUOUS
10
134.5499999999999829
20
-86.2999999999999972
11
134.645670999999993
21
-86.3190299999999979
0
LINE
8
BLACK
6
CONTINUOUS
10
136.645670999999993
20
-86.3190299999999979
11
136.7267769999999985
21
-86.3732229999999959
0
LINE
8
BLACK
6
CONTINUOUS
10
136.7267769999999985
20
-86.3732229999999959
11
136.7809699999999964
21
-86.4543290000000013
0
LINE
8
BLACK
6
CONTINUOUS
10
136.7809699999999964
20
-86.4543290000000013
11
136.7999999999999829
21
-86.5499999999999972
0
LINE
8
BLACK
6
CONTINUOUS
10
136.7999999999999829
20
-86.5499999999999972
11
136.7999999999999829
21
-87.4500000000000028
0
LINE
8
BLACK
6
CONTINUOUS
10
136.7999999999999829
20
-87.4500000000000028
11
136.7809699999999964
21
-87.5456709999999987
0
LINE
8
BLACK
6
CONTINUOUS
10
136.7809699999999964
20
-87.5456709999999987
11
136.7267769999999985
21
-87.6267769999999899
0
LINE
8
BLACK
6
CONTINUOUS
10
136.7267769999999985
20
-87.6267769999999899
11
136.645670999999993
21
-87.6809700000000021
0
LINE
8
BLACK
6
CONTINUOUS
10
136.645670999999993
20
-87.6809700000000021
11
136.5499999999999829
21
-87.7000000000000028
0
LINE
8
BLACK
6
CONTINUOUS
10
136.5499999999999829
20
-87.7000000000000028
11
135.8499999999999943
21
-87.7000000000000028
0
LINE
8
BLACK
6
CONTINUOUS
10
135.8499999999999943
20
-87.7000000000000028
11
135.7543289999999843
21
-87.6809700000000021
0
LINE
8
BLACK
6
CONTINUOUS
10
135.7543289999999843
20
-87.6809700000000021
11
135.6732230000000072
21
-87.6267769999999899
0
LINE
8
BLACK
6
CONTINUOUS
10
135.6732230000000072
20
-87.6267769999999899
11
135.6190299999999809
21
-87.5456709999999987
0
LINE
8
BLACK
6
CONTINUOUS
10
135.6190299999999809
20
-87.5456709999999987
11
135.5999999999999943
21
-87.4500000000000028
0
LINE
8
BLACK
6
CONTINUOUS
10
135.5999999999999943
20
-87.4500000000000028
11
135.5999999999999943
21
-86.5499999999999972
0
LINE
8
BLACK
6
CONTINUOUS
10
135.5999999999999943
20
-86.5499999999999972
11
135.6190299999999809
21
-86.4543290000000013
0
LINE
8
BLACK
6
CONTINUOUS
10
135.6190299999999809
20
-86.4543290000000013
11
135.6732230000000072
21
-86.3732229999999959
0
LINE
8
BLACK
6
CONTINUOUS
10
135.6732230000000072
20
-86.3732229999999959
11
135.7543289999999843
21
-86.3190299999999979
0
LINE
8
BLACK
6
CONTINUOUS
10
135.7543289999999843
20
-86.3190299999999979
11
135.8499999999999943
21
-86.2999999999999972
0
LINE
8
BLACK
6
CONTINUOUS
10
135.8499999999999943
20
-86.2999999999999972
11
136.5499999999999829
21
-86.2999999999999972
0
LINE
8
BLACK
6
CONTINUOUS
10
136.5499999999999829
20
-86.2999999999999972
11
136.645670999999993
21
-86.3190299999999979
0
LINE
8
BLACK
6
CONTINUOUS
10
144.8456709999999816
20
-86.3190299999999979
11
144.9267769999999871
21
-86.3732229999999959
0
LINE
8
BLACK
6
CONTINUOUS
10
144.9267769999999871
20
-86.3732229999999959
11
144.980969999999985
21
-86.4543290000000013
0
LINE
8
BLACK
6
CONTINUOUS
10
144.980969999999985
20
-86.4543290000000013
11
145.
21
-86.5499999999999972
0
LINE
8
BLACK
6
CONTINUOUS
10
145.
20
-86.5499999999999972
11
145.
21
-87.4500000000000028
0
LINE
8
BLACK
6
CONTINUOUS
10
145.
20
-87.4500000000000028
11
144.980969999999985
21
-87.5456709999999987
0
LINE
8
BLACK
6
CONTINUOUS
10
144.980969999999985
20
-87.5456709999999987
11
144.9267769999999871
21
-87.6267769999999899
0
LINE
8
BLACK
6
CONTINUOUS
10
144.9267769999999871
20
-87.6267769999999899
11
144.8456709999999816
21
-87.6809700000000021
0
LINE
8
BLACK
6
CONTINUOUS
10
144.8456709999999816
20
-87.6809700000000021
11
144.75
21
-87.7000000000000028
0
LINE
8
BLACK
6
CONTINUOUS
10
144.75
20
-87.7000000000000028
11
144.0499999999999829
21
-87.7000000000000028
0
LINE
8
BLACK
6
CONTINUOUS
10
144.0499999999999829
20
-87.7000000000000028
11
143.9543290000000013
21
-87.6809700000000021
0
LINE
8
BLACK
6
CONTINUOUS
10
143.9543290000000013
20
-87.6809700000000021
11
143.8732229999999959
21
-87.6267769999999899
0
LINE
8
BLACK
6
CONTINUOUS
10
143.8732229999999959
20
-87.6267769999999899
11
143.8190299999999979
21
-87.5456709999999987
0
LINE
8
BLACK
6
CONTINUOUS
10
143.8190299999999979
20
-87.5456709999999987
11
143.7999999999999829
21
-87.4500000000000028
0
LINE
8
BLACK
6
CONTINUOUS
10
143.7999999999999829
20
-87.4500000000000028
11
143.7999999999999829
21
-86.5499999999999972
0
LINE
8
BLACK
6
CONTINUOUS
10
143.7999999999999829
20
-86.5499999999999972
11
143.8190299999999979
21
-86.4543290000000013
0
LINE
8
BLACK
6
CONTINUOUS
10
143.8190299999999979
20
-86.4543290000000013
11
143.8732229999999959
21
-86.3732229999999959
0
LINE
8
BLACK
6
CONTINUOUS
10
143.8732229999999959
20
-86.3732229999999959
11
143.9543290000000013
21
-86.3190299999999979
0
LINE
8
BLACK
6
CONTINUOUS
10
143.9543290000000013
20
-86.3190299999999979
11
144.0499999999999829
21
-86.2999999999999972
0
LINE
8
BLACK
6
CONTINUOUS
10
144.0499999999999829
20
-86.2999999999999972
11
144.75
21
-86.2999999999999972
0
LINE
8
BLACK
6
CONTINUOUS
10
144.75
20
-86.2999999999999972
11
144.8456709999999816
21
-86.3190299999999979
0
LINE
8
BLACK
6
CONTINUOUS
10
146.8456709999999816
20
-86.3190299999999979
11
146.9267769999999871
21
-86.3732229999999959
0
LINE
8
BLACK
6
CONTINUOUS
10
146.9267769999999871
20
-86.3732229999999959
11
146.980969999999985
21
-86.4543290000000013
0
LINE
8
BLACK
6
CONTINUOUS
10
146.980969999999985
20
-86.4543290000000013
11
147.
21
-86.5499999999999972
0
LINE
8
BLACK
6
CONTINUOUS
10
147.
20
-86.5499999999999972
11
147.
21
-87.4500000000000028
0
LINE
8
BLACK
6
CONTINUOUS
10
147.
20
-87.4500000000000028
11
146.980969999999985
21
-87.5456709999999987
0
LINE
8
BLACK
6
CONTINUOUS
10
146.980969999999985
20
-87.5456709999999987
11
146.9267769999999871
21
-87.6267769999999899
0
LINE
8
BLACK
6
CONTINUOUS
10
146.9267769999999871
20
-87.6267769999999899
11
146.8456709999999816
21
-87.6809700000000021
0
LINE
8
BLACK
6
CONTINUOUS
10
146.8456709999999816
20
-87.6809700000000021
11
146.75
21
-87.7000000000000028
0
LINE
8
BLACK
6
CONTINUOUS
10
146.75
20
-87.7000000000000028
11
146.0499999999999829
21
-87.7000000000000028
0
LINE
8
BLACK
6
CONTINUOUS
10
146.0499999999999829
20
-87.7000000000000028
11
145.9543290000000013
21
-87.6809700000000021
0
LINE
8
BLACK
6
CONTINUOUS
10
145.9543290000000013
20
-87.6809700000000021
11
145.8732229999999959
21
-87.6267769999999899
0
LINE
8
BLACK
6
CONTINUOUS
10
145.8732229999999959
20
-87.6267769999999899
11
145.8190299999999979
21
-87.5456709999999987
0
LINE
8
BLACK
6
CONTINUOUS
10
145.8190299999999979
20
-87.5456709999999987
11
145.7999999999999829
21
-87.4500000000000028
0
LINE
8
BLACK
6
CONTINUOUS
10
145.7999999999999829
20
-87.4500000000000028
11
145.7999999999999829
21
-86.5499999999999972
0
LINE
8
BLACK
6
CONTINUOUS
10
145.7999999999999829
20
-86.5499999999999972
11
145.8190299999999979
21
-86.4543290000000013
0
LINE
8
BLACK
6
CONTINUOUS
10
145.8190299999999979
20
-86.4543290000000013
11
145.8732229999999959
21
-86.3732229999999959
0
LINE
8
BLACK
6
CONTINUOUS
10
145.8732229999999959
20
-86.3732229999999959
11
145.9543290000000013
21
-86.3190299999999979
0
LINE
8
BLACK
6
CONTINUOUS
10
145.9543290000000013
20
-86.3190299999999979
11
146.0499999999999829
21
-86.2999999999999972
0
LINE
8
BLACK
6
CONTINUOUS
10
146.0499999999999829
20
-86.2999999999999972
11
146.75
21
-86.2999999999999972
0
LINE
8
BLACK
6
CONTINUOUS
10
146.75
20
-86.2999999999999972
11
146.8456709999999816
21
-86.3190299999999979
0
LINE
8
BLACK
6
CONTINUOUS
10
153.8456709999999816
20
-86.3190299999999979
11
153.9267769999999871
21
-86.3732229999999959
0
LINE
8
BLACK
6
CONTINUOUS
10
153.9267769999999871
20
-86.3732229999999959
11
153.980969999999985
21
-86.4543290000000013
0
LINE
8
BLACK
6
CONTINUOUS
10
153.980969999999985
20
-86.4543290000000013
11
154.
21
-86.5499999999999972
0
LINE
8
BLACK
6
CONTINUOUS
10
154.
20
-86.5499999999999972
11
154.
21
-87.4500000000000028
0
LINE
8
BLACK
6
CONTINUOUS
10
154.
20
-87.4500000000000028
11
153.980969999999985
21
-87.5456709999999987
0
LINE
8
BLACK
6
CONTINUOUS
10
153.980969999999985
20
-87.5456709999999987
11
153.9267769999999871
21
-87.6267769999999899
0
LINE
8
BLACK
6
CONTINUOUS
10
153.9267769999999871
20
-87.6267769999999899
11
153.8456709999999816
21
-87.6809700000000021
0
LINE
8
BLACK
6
CONTINUOUS
10
153.8456709999999816
20
-87.6809700000000021
11
153.75
21
-87.7000000000000028
0
LINE
8
BLACK
6
CONTINUOUS
10
153.75
20
-87.7000000000000028
11
153.0499999999999829
21
-87.7000000000000028
0
LINE
8
BLACK
6
CONTINUOUS
10
153.0499999999999829
20
-87.7000000000000028
11
152.9543290000000013
21
-87.6809700000000021
0
LINE
8
BLACK
6
CONTINUOUS
10
152.9543290000000013
20
-87.6809700000000021
11
152.8732229999999959
21
-87.6267769999999899
0
LINE
8
BLACK
6
CONTINUOUS
10
152.8732229999999959
20
-87.6267769999999899
11
152.8190299999999979
21
-87.5456709999999987
0
LINE
8
BLACK
6
CONTINUOUS
10
152.8190299999999979
20
-87.5456709999999987
11
152.7999999999999829
21
-87.4500000000000028
0
LINE
8
BLACK
6
CONTINUOUS
10
152.7999999999999829
20
-87.4500000000000028
11
152.7999999999999829
21
-86.5499999999999972
0
LINE
8
BLACK
6
CONTINUOUS
10
152.7999999999999829
20
-86.5499999999999972
11
152.8190299999999979
21
-86.4543290000000013
0
LINE
8
BLACK
6
CONTINUOUS
10
152.8190299999999979
20
-86.4543290000000013
11
152.8732229999999959
21
-86.3732229999999959
0
LINE
8
BLACK
6
CONTINUOUS
10
152.8732229999999959
20
-86.3732229999999959
11
152.9543290000000013
21
-86.3190299999999979
0
LINE
8
BLACK
6
CONTINUOUS
10
152.9543290000000013
20
-86.3190299999999979
11
153.0499999999999829
21
-86.2999999999999972
0
LINE
8
BLACK
6
CONTINUOUS
10
153.0499999999999829
20
-86.2999999999999972
11
153.75
21
-86.2999999999999972
0
LINE
8
BLACK
6
CONTINUOUS
10
153.75
20
-86.2999999999999972
11
153.8456709999999816
21
-86.3190299999999979
0
LINE
8
BLACK
6
CONTINUOUS
10
155.8456709999999816
20
-86.3190299999999979
11
155.9267769999999871
21
-86.3732229999999959
0
LINE
8
BLACK
6
CONTINUOUS
10
155.9267769999999871
20
-86.3732229999999959
11
155.980969999999985
21
-86.4543290000000013
0
LINE
8
BLACK
6
CONTINUOUS
10
155.980969999999985
20
-86.4543290000000013
11
156.
21
-86.5499999999999972
0
LINE
8
BLACK
6
CONTINUOUS
10
156.
20
-86.5499999999999972
11
156.
21
-87.4500000000000028
0
LINE
8
BLACK
6
CONTINUOUS
10
156.
20
-87.4500000000000028
11
155.980969999999985
21
-87.5456709999999987
0
LINE
8
BLACK
6
CONTINUOUS
10
155.980969999999985
20
-87.5456709999999987
11
155.9267769999999871
21
-87.6267769999999899
0
LINE
8
BLACK
6
CONTINUOUS
10
155.9267769999999871
20
-87.6267769999999899
11
155.8456709999999816
21
-87.6809700000000021
0
LINE
8
BLACK
6
CONTINUOUS
10
155.8456709999999816
20
-87.6809700000000021
11
155.75
21
-87.7000000000000028
0
LINE
8
BLACK
6
CONTINUOUS
10
155.75
20
-87.7000000000000028
11
155.0499999999999829
21
-87.7000000000000028
0
LINE
8
BLACK
6
CONTINUOUS
10
155.0499999999999829
20
-87.7000000000000028
11
154.9543290000000013
21
-87.6809700000000021
0
LINE
8
BLACK
6
CONTINUOUS
10
154.9543290000000013
20
-87.6809700000000021
11
154.8732229999999959
21
-87.6267769999999899
0
LINE
8
BLACK
6
CONTINUOUS
10
154.8732229999999959
20
-87.6267769999999899
11
154.8190299999999979
21
-87.5456709999999987
0
LINE
8
BLACK
6
CONTINUOUS
10
154.8190299999999979
20
-87.5456709999999987
11
154.7999999999999829
21
-87.4500000000000028
0
LINE
8
BLACK
6
CONTINUOUS
10
154.7999999999999829
20
-87.4500000000000028
11
154.7999999999999829
21
-86.5499999999999972
0
LINE
8
BLACK
6
CONTINUOUS
10
154.7999999999999829
20
-86.5499999999999972
11
154.8190299999999979
21
-86.4543290000000013
0
LINE
8
BLACK
6
CONTINUOUS
10
154.8190299999999979
20
-86.4543290000000013
11
154.8732229999999959
21
-86.3732229999999959
0
LINE
8
BLACK
6
CONTINUOUS
10
154.8732229999999959
20
-86.3732229999999959
11
154.9543290000000013
21
-86.3190299999999979
0
LINE
8
BLACK
6
CONTINUOUS
10
154.9543290000000013
20
-86.3190299999999979
11
155.0499999999999829
21
-86.2999999999999972
0
LINE
8
BLACK
6
CONTINUOUS
10
155.0499999999999829
20
-86.2999999999999972
11
155.75
21
-86.2999999999999972
0
LINE
8
BLACK
6
CONTINUOUS
10
155.75
20
-86.2999999999999972
11
155.8456709999999816
21
-86.3190299999999979
0
LINE
8
BLACK
6
CONTINUOUS
10
164.0456709999999987
20
-86.3190299999999979
11
164.1267770000000041
21
-86.3732229999999959
0
LINE
8
BLACK
6
CONTINUOUS
10
164.1267770000000041
20
-86.3732229999999959
11
164.1809700000000021
21
-86.4543290000000013
0
LINE
8
BLACK
6
CONTINUOUS
10
164.1809700000000021
20
-86.4543290000000013
11
164.1999999999999886
21
-86.5499999999999972
0
LINE
8
BLACK
6
CONTINUOUS
10
164.1999999999999886
20
-86.5499999999999972
11
164.1999999999999886
21
-87.4500000000000028
0
LINE
8
BLACK
6
CONTINUOUS
10
164.1999999999999886
20
-87.4500000000000028
11
164.1809700000000021
21
-87.5456709999999987
0
LINE
8
BLACK
6
CONTINUOUS
10
164.1809700000000021
20
-87.5456709999999987
11
164.1267770000000041
21
-87.6267769999999899
0
LINE
8
BLACK
6
CONTINUOUS
10
164.1267770000000041
20
-87.6267769999999899
11
164.0456709999999987
21
-87.6809700000000021
0
LINE
8
BLACK
6
CONTINUOUS
10
164.0456709999999987
20
-87.6809700000000021
11
163.9499999999999886
21
-87.7000000000000028
0
LINE
8
BLACK
6
CONTINUOUS
10
163.9499999999999886
20
-87.7000000000000028
11
163.25
21
-87.7000000000000028
0
LINE
8
BLACK
6
CONTINUOUS
10
163.25
20
-87.7000000000000028
11
163.1543289999999899
21
-87.6809700000000021
0
LINE
8
BLACK
6
CONTINUOUS
10
163.1543289999999899
20
-87.6809700000000021
11
163.0732229999999845
21
-87.6267769999999899
0
LINE
8
BLACK
6
CONTINUOUS
10
163.0732229999999845
20
-87.6267769999999899
11
163.0190299999999866
21
-87.5456709999999987
0
LINE
8
BLACK
6
CONTINUOUS
10
163.0190299999999866
20
-87.5456709999999987
11
163.
21
-87.4500000000000028
0
LINE
8
BLACK
6
CONTINUOUS
10
163.
20
-87.4500000000000028
11
163.
21
-86.5499999999999972
0
LINE
8
BLACK
6
CONTINUOUS
10
163.
20
-86.5499999999999972
11
163.0190299999999866
21
-86.4543290000000013
0
LINE
8
BLACK
6
CONTINUOUS
10
163.0190299999999866
20
-86.4543290000000013
11
163.0732229999999845
21
-86.3732229999999959
0
LINE
8
BLACK
6
CONTINUOUS
10
163.0732229999999845
20
-86.3732229999999959
11
163.1543289999999899
21
-86.3190299999999979
0
LINE
8
BLACK
6
CONTINUOUS
10
163.1543289999999899
20
-86.3190299999999979
11
163.25
21
-86.2999999999999972
0
LINE
8
BLACK
6
CONTINUOUS
10
163.25
20
-86.2999999999999972
11
163.9499999999999886
21
-86.2999999999999972
0
LINE
8
BLACK
6
CONTINUOUS
10
163.9499999999999886
20
-86.2999999999999972
11
164.0456709999999987
21
-86.3190299999999979
0
LINE
8
BLACK
6
CONTINUOUS
10
166.0456709999999987
20
-86.3190299999999979
11
166.1267770000000041
21
-86.3732229999999959
0
LINE
8
BLACK
6
CONTINUOUS
10
166.1267770000000041
20
-86.3732229999999959
11
166.1809700000000021
21
-86.4543290000000013
0
LINE
8
BLACK
6
CONTINUOUS
10
166.1809700000000021
20
-86.4543290000000013
11
166.1999999999999886
21
-86.5499999999999972
0
LINE
8
BLACK
6
CONTINUOUS
10
166.1999999999999886
20
-86.5499999999999972
11
166.1999999999999886
21
-87.4500000000000028
0
LINE
8
BLACK
6
CONTINUOUS
10
166.1999999999999886
20
-87.4500000000000028
11
166.1809700000000021
21
-87.5456709999999987
0
LINE
8
BLACK
6
CONTINUOUS
10
166.1809700000000021
20
-87.5456709999999987
11
166.1267770000000041
21
-87.6267769999999899
0
LINE
8
BLACK
6
CONTINUOUS
10
166.1267770000000041
20
-87.6267769999999899
11
166.0456709999999987
21
-87.6809700000000021
0
LINE
8
BLACK
6
CONTINUOUS
10
166.0456709999999987
20
-87.6809700000000021
11
165.9499999999999886
21
-87.7000000000000028
0
LINE
8
BLACK
6
CONTINUOUS
10
165.9499999999999886
20
-87.7000000000000028
11
165.25
21
-87.7000000000000028
0
LINE
8
BLACK
6
CONTINUOUS
10
165.25
20
-87.7000000000000028
11
165.1543289999999899
21
-87.6809700000000021
0
LINE
8
BLACK
6
CONTINUOUS
10
165.1543289999999899
20
-87.6809700000000021
11
165.0732229999999845
21
-87.6267769999999899
0
LINE
8
BLACK
6
CONTINUOUS
10
165.0732229999999845
20
-87.6267769999999899
11
165.0190299999999866
21
-87.5456709999999987
0
LINE
8
BLACK
6
CONTINUOUS
10
165.0190299999999866
20
-87.5456709999999987
11
165.
21
-87.4500000000000028
0
LINE
8
BLACK
6
CONTINUOUS
10
165.
20
-87.4500000000000028
11
165.
21
-86.5499999999999972
0
LINE
8
BLACK
6
CONTINUOUS
10
165.
20
-86.5499999999999972
11
165.0190299999999866
21
-86.4543290000000013
0
LINE
8
BLACK
6
CONTINUOUS
10
165.0190299999999866
20
-86.4543290000000013
11
165.0732229999999845
21
-86.3732229999999959
0
LINE
8
BLACK
6
CONTINUOUS
10
165.0732229999999845
20
-86.3732229999999959
11
165.1543289999999899
21
-86.3190299999999979
0
LINE
8
BLACK
6
CONTINUOUS
10
165.1543289999999899
20
-86.3190299999999979
11
165.25
21
-86.2999999999999972
0
LINE
8
BLACK
6
CONTINUOUS
10
165.25
20
-86.2999999999999972
11
165.9499999999999886
21
-86.2999999999999972
0
LINE
8
BLACK
6
CONTINUOUS
10
165.9499999999999886
20
-86.2999999999999972
11
166.0456709999999987
21
-86.3190299999999979
0
LINE
8
BLACK
6
CONTINUOUS
10
173.0456709999999987
20
-86.3190299999999979
11
173.1267770000000041
21
-86.3732229999999959
0
LINE
8
BLACK
6
CONTINUOUS
10
173.1267770000000041
20
-86.3732229999999959
11
173.1809700000000021
21
-86.4543290000000013
0
LINE
8
BLACK
6
CONTINUOUS
10
173.1809700000000021
20
-86.4543290000000013
11
173.1999999999999886
21
-86.5499999999999972
0
LINE
8
BLACK
6
CONTINUOUS
10
173.1999999999999886
20
-86.5499999999999972
11
173.1999999999999886
21
-87.4500000000000028
0
LINE
8
BLACK
6
CONTINUOUS
10
173.1999999999999886
20
-87.4500000000000028
11
173.1809700000000021
21
-87.5456709999999987
0
LINE
8
BLACK
6
CONTINUOUS
10
173.1809700000000021
20
-87.5456709999999987
11
173.1267770000000041
21
-87.6267769999999899
0
LINE
8
BLACK
6
CONTINUOUS
10
173.1267770000000041
20
-87.6267769999999899
11
173.0456709999999987
21
-87.6809700000000021
0
LINE
8
BLACK
6
CONTINUOUS
10
173.0456709999999987
20
-87.6809700000000021
11
172.9499999999999886
21
-87.7000000000000028
0
LINE
8
BLACK
6
CONTINUOUS
10
172.9499999999999886
20
-87.7000000000000028
11
172.25
21
-87.7000000000000028
0
LINE
8
BLACK
6
CONTINUOUS
10
172.25
20
-87.7000000000000028
11
172.1543289999999899
21
-87.6809700000000021
0
LINE
8
BLACK
6
CONTINUOUS
10
172.1543289999999899
20
-87.6809700000000021
11
172.0732229999999845
21
-87.6267769999999899
0
LINE
8
BLACK
6
CONTINUOUS
10
172.0732229999999845
20
-87.6267769999999899
11
172.0190299999999866
21
-87.5456709999999987
0
LINE
8
BLACK
6
CONTINUOUS
10
172.0190299999999866
20
-87.5456709999999987
11
172.
21
-87.4500000000000028
0
LINE
8
BLACK
6
CONTINUOUS
10
172.
20
-87.4500000000000028
11
172.
21
-86.5499999999999972
0
LINE
8
BLACK
6
CONTINUOUS
10
172.
20
-86.5499999999999972
11
172.0190299999999866
21
-86.4543290000000013
0
LINE
8
BLACK
6
CONTINUOUS
10
172.0190299999999866
20
-86.4543290000000013
11
172.0732229999999845
21
-86.3732229999999959
0
LINE
8
BLACK
6
CONTINUOUS
10
172.0732229999999845
20
-86.3732229999999959
11
172.1543289999999899
21
-86.3190299999999979
0
LINE
8
BLACK
6
CONTINUOUS
10
172.1543289999999899
20
-86.3190299999999979
11
172.25
21
-86.2999999999999972
0
LINE
8
BLACK
6
CONTINUOUS
10
172.25
20
-86.2999999999999972
11
172.9499999999999886
21
-86.2999999999999972
0
LINE
8
BLACK
6
CONTINUOUS
10
172.9499999999999886
20
-86.2999999999999972
11
173.0456709999999987
21
-86.3190299999999979
0
LINE
8
BLACK
6
CONTINUOUS
10
175.0456709999999987
20
-86.3190299999999979
11
175.1267770000000041
21
-86.3732229999999959
0
LINE
8
BLACK
6
CONTINUOUS
10
175.1267770000000041
20
-86.3732229999999959
11
175.1809700000000021
21
-86.4543290000000013
0
LINE
8
BLACK
6
CONTINUOUS
10
175.1809700000000021
20
-86.4543290000000013
11
175.1999999999999886
21
-86.5499999999999972
0
LINE
8
BLACK
6
CONTINUOUS
10
175.1999999999999886
20
-86.5499999999999972
11
175.1999999999999886
21
-87.4500000000000028
0
LINE
8
BLACK
6
CONTINUOUS
10
175.1999999999999886
20
-87.4500000000000028
11
175.1809700000000021
21
-87.5456709999999987
0
LINE
8
BLACK
6
CONTINUOUS
10
175.1809700000000021
20
-87.5456709999999987
11
175.1267770000000041
21
-87.6267769999999899
0
LINE
8
BLACK
6
CONTINUOUS
10
175.1267770000000041
20
-87.6267769999999899
11
175.0456709999999987
21
-87.6809700000000021
0
LINE
8
BLACK
6
CONTINUOUS
10
175.0456709999999987
20
-87.6809700000000021
11
174.9499999999999886
21
-87.7000000000000028
0
LINE
8
BLACK
6
CONTINUOUS
10
174.9499999999999886
20
-87.7000000000000028
11
174.25
21
-87.7000000000000028
0
LINE
8
BLACK
6
CONTINUOUS
10
174.25
20
-87.7000000000000028
11
174.1543289999999899
21
-87.6809700000000021
0
LINE
8
BLACK
6
CONTINUOUS
10
174.1543289999999899
20
-87.6809700000000021
11
174.0732229999999845
21
-87.6267769999999899
0
LINE
8
BLACK
6
CONTINUOUS
10
174.0732229999999845
20
-87.6267769999999899
11
174.0190299999999866
21
-87.5456709999999987
0
LINE
8
BLACK
6
CONTINUOUS
10
174.0190299999999866
20
-87.5456709999999987
11
174.
21
-87.4500000000000028
0
LINE
8
BLACK
6
CONTINUOUS
10
174.
20
-87.4500000000000028
11
174.
21
-86.5499999999999972
0
LINE
8
BLACK
6
CONTINUOUS
10
174.
20
-86.5499999999999972
11
174.0190299999999866
21
-86.4543290000000013
0
LINE
8
BLACK
6
CONTINUOUS
10
174.0190299999999866
20
-86.4543290000000013
11
174.0732229999999845
21
-86.3732229999999959
0
LINE
8
BLACK
6
CONTINUOUS
10
174.0732229999999845
20
-86.3732229999999959
11
174.1543289999999899
21
-86.3190299999999979
0
LINE
8
BLACK
6
CONTINUOUS
10
174.1543289999999899
20
-86.3190299999999979
11
174.25
21
-86.2999999999999972
0
LINE
8
BLACK
6
CONTINUOUS
10
174.25
20
-86.2999999999999972
11
174.9499999999999886
21
-86.2999999999999972
0
LINE
8
BLACK
6
CONTINUOUS
10
174.9499999999999886
20
-86.2999999999999972
11
175.0456709999999987
21
-86.3190299999999979
0
LINE
8
BLACK
6
CONTINUOUS
10
125.7456709999999873
20
-84.4190299999999922
11
125.8267769999999928
21
-84.4732229999999902
0
LINE
8
BLACK
6
CONTINUOUS
10
125.8267769999999928
20
-84.4732229999999902
11
125.8809699999999907
21
-84.5543289999999956
0
LINE
8
BLACK
6
CONTINUOUS
10
125.8809699999999907
20
-84.5543289999999956
11
125.8999999999999915
21
-84.6499999999999915
0
LINE
8
BLACK
6
CONTINUOUS
10
125.8999999999999915
20
-84.6499999999999915
11
125.8999999999999915
21
-85.3499999999999943
0
LINE
8
BLACK
6
CONTINUOUS
10
125.8999999999999915
20
-85.3499999999999943
11
125.8809699999999907
21
-85.4456709999999902
0
LINE
8
BLACK
6
CONTINUOUS
10
125.8809699999999907
20
-85.4456709999999902
11
125.8267769999999928
21
-85.5267769999999956
0
LINE
8
BLACK
6
CONTINUOUS
10
125.8267769999999928
20
-85.5267769999999956
11
125.7456709999999873
21
-85.5809699999999935
0
LINE
8
BLACK
6
CONTINUOUS
10
125.7456709999999873
20
-85.5809699999999935
11
125.6499999999999915
21
-85.5999999999999943
0
LINE
8
BLACK
6
CONTINUOUS
10
125.6499999999999915
20
-85.5999999999999943
11
124.75
21
-85.5999999999999943
0
LINE
8
BLACK
6
CONTINUOUS
10
124.75
20
-85.5999999999999943
11
124.6543289999999899
21
-85.5809699999999935
0
LINE
8
BLACK
6
CONTINUOUS
10
124.6543289999999899
20
-85.5809699999999935
11
124.5732229999999987
21
-85.5267769999999956
0
LINE
8
BLACK
6
CONTINUOUS
10
124.5732229999999987
20
-85.5267769999999956
11
124.5190300000000008
21
-85.4456709999999902
0
LINE
8
BLACK
6
CONTINUOUS
10
124.5190300000000008
20
-85.4456709999999902
11
124.5
21
-85.3499999999999943
0
LINE
8
BLACK
6
CONTINUOUS
10
124.5
20
-85.3499999999999943
11
124.5
21
-84.6499999999999915
0
LINE
8
BLACK
6
CONTINUOUS
10
124.5
20
-84.6499999999999915
11
124.5190300000000008
21
-84.5543289999999956
0
LINE
8
BLACK
6
CONTINUOUS
10
124.5190300000000008
20
-84.5543289999999956
11
124.5732229999999987
21
-84.4732229999999902
0
LINE
8
BLACK
6
CONTINUOUS
10
124.5732229999999987
20
-84.4732229999999902
11
124.6543289999999899
21
-84.4190299999999922
0
LINE
8
BLACK
6
CONTINUOUS
10
124.6543289999999899
20
-84.4190299999999922
11
124.75
21
-84.3999999999999915
0
LINE
8
BLACK
6
CONTINUOUS
10
124.75
20
-84.3999999999999915
11
125.6499999999999915
21
-84.3999999999999915
0
LINE
8
BLACK
6
CONTINUOUS
10
125.6499999999999915
20
-84.3999999999999915
11
125.7456709999999873
21
-84.4190299999999922
0
LINE
8
BLACK
6
CONTINUOUS
10
136.5456709999999987
20
-84.4190299999999922
11
136.6267770000000041
21
-84.4732229999999902
0
LINE
8
BLACK
6
CONTINUOUS
10
136.6267770000000041
20
-84.4732229999999902
11
136.6809700000000021
21
-84.5543289999999956
0
LINE
8
BLACK
6
CONTINUOUS
10
136.6809700000000021
20
-84.5543289999999956
11
136.6999999999999886
21
-84.6499999999999915
0
LINE
8
BLACK
6
CONTINUOUS
10
136.6999999999999886
20
-84.6499999999999915
11
136.6999999999999886
21
-85.3499999999999943
0
LINE
8
BLACK
6
CONTINUOUS
10
136.6999999999999886
20
-85.3499999999999943
11
136.6809700000000021
21
-85.4456709999999902
0
LINE
8
BLACK
6
CONTINUOUS
10
136.6809700000000021
20
-85.4456709999999902
11
136.6267770000000041
21
-85.5267769999999956
0
LINE
8
BLACK
6
CONTINUOUS
10
136.6267770000000041
20
-85.5267769999999956
11
136.5456709999999987
21
-85.5809699999999935
0
LINE
8
BLACK
6
CONTINUOUS
10
136.5456709999999987
20
-85.5809699999999935
11
136.4499999999999886
21
-85.5999999999999943
0
LINE
8
BLACK
6
CONTINUOUS
10
136.4499999999999886
20
-85.5999999999999943
11
135.5499999999999829
21
-85.5999999999999943
0
LINE
8
BLACK
6
CONTINUOUS
10
135.5499999999999829
20
-85.5999999999999943
11
135.4543290000000013
21
-85.5809699999999935
0
LINE
8
BLACK
6
CONTINUOUS
10
135.4543290000000013
20
-85.5809699999999935
11
135.3732229999999959
21
-85.5267769999999956
0
LINE
8
BLACK
6
CONTINUOUS
10
135.3732229999999959
20
-85.5267769999999956
11
135.3190299999999979
21
-85.4456709999999902
0
LINE
8
BLACK
6
CONTINUOUS
10
135.3190299999999979
20
-85.4456709999999902
11
135.2999999999999829
21
-85.3499999999999943
0
LINE
8
BLACK
6
CONTINUOUS
10
135.2999999999999829
20
-85.3499999999999943
11
135.2999999999999829
21
-84.6499999999999915
0
LINE
8
BLACK
6
CONTINUOUS
10
135.2999999999999829
20
-84.6499999999999915
11
135.3190299999999979
21
-84.5543289999999956
0
LINE
8
BLACK
6
CONTINUOUS
10
135.3190299999999979
20
-84.5543289999999956
11
135.3732229999999959
21
-84.4732229999999902
0
LINE
8
BLACK
6
CONTINUOUS
10
135.3732229999999959
20
-84.4732229999999902
11
135.4543290000000013
21
-84.4190299999999922
0
LINE
8
BLACK
6
CONTINUOUS
10
135.4543290000000013
20
-84.4190299999999922
11
135.5499999999999829
21
-84.3999999999999915
0
LINE
8
BLACK
6
CONTINUOUS
10
135.5499999999999829
20
-84.3999999999999915
11
136.4499999999999886
21
-84.3999999999999915
0
LINE
8
BLACK
6
CONTINUOUS
10
136.4499999999999886
20
-84.3999999999999915
11
136.5456709999999987
21
-84.4190299999999922
0
LINE
8
BLACK
6
CONTINUOUS
10
144.9456710000000044
20
-84.4190299999999922
11
145.0267769999999814
21
-84.4732229999999902
0
LINE
8
BLACK
6
CONTINUOUS
10
145.0267769999999814
20
-84.4732229999999902
11
145.0809699999999793
21
-84.5543289999999956
0
LINE
8
BLACK
6
CONTINUOUS
10
145.0809699999999793
20
-84.5543289999999956
11
145.0999999999999943
21
-84.6499999999999915
0
LINE
8
BLACK
6
CONTINUOUS
10
145.0999999999999943
20
-84.6499999999999915
11
145.0999999999999943
21
-85.3499999999999943
0
LINE
8
BLACK
6
CONTINUOUS
10
145.0999999999999943
20
-85.3499999999999943
11
145.0809699999999793
21
-85.4456709999999902
0
LINE
8
BLACK
6
CONTINUOUS
10
145.0809699999999793
20
-85.4456709999999902
11
145.0267769999999814
21
-85.5267769999999956
0
LINE
8
BLACK
6
CONTINUOUS
10
145.0267769999999814
20
-85.5267769999999956
11
144.9456710000000044
21
-85.5809699999999935
0
LINE
8
BLACK
6
CONTINUOUS
10
144.9456710000000044
20
-85.5809699999999935
11
144.8499999999999943
21
-85.5999999999999943
0
LINE
8
BLACK
6
CONTINUOUS
10
144.8499999999999943
20
-85.5999999999999943
11
143.9499999999999886
21
-85.5999999999999943
0
LINE
8
BLACK
6
CONTINUOUS
10
143.9499999999999886
20
-85.5999999999999943
11
143.854329000000007
21
-85.5809699999999935
0
LINE
8
BLACK
6
CONTINUOUS
10
143.854329000000007
20
-85.5809699999999935
11
143.7732230000000015
21
-85.5267769999999956
0
LINE
8
BLACK
6
CONTINUOUS
10
143.7732230000000015
20
-85.5267769999999956
11
143.7190300000000036
21
-85.4456709999999902
0
LINE
8
BLACK
6
CONTINUOUS
10
143.7190300000000036
20
-85.4456709999999902
11
143.6999999999999886
21
-85.3499999999999943
0
LINE
8
BLACK
6
CONTINUOUS
10
143.6999999999999886
20
-85.3499999999999943
11
143.6999999999999886
21
-84.6499999999999915
0
LINE
8
BLACK
6
CONTINUOUS
10
143.6999999999999886
20
-84.6499999999999915
11
143.7190300000000036
21
-84.5543289999999956
0
LINE
8
BLACK
6
CONTINUOUS
10
143.7190300000000036
20
-84.5543289999999956
11
143.7732230000000015
21
-84.4732229999999902
0
LINE
8
BLACK
6
CONTINUOUS
10
143.7732230000000015
20
-84.4732229999999902
11
143.854329000000007
21
-84.4190299999999922
0
LINE
8
BLACK
6
CONTINUOUS
10
143.854329000000007
20
-84.4190299999999922
11
143.9499999999999886
21
-84.3999999999999915
0
LINE
8
BLACK
6
CONTINUOUS
10
143.9499999999999886
20
-84.3999999999999915
11
144.8499999999999943
21
-84.3999999999999915
0
LINE
8
BLACK
6
CONTINUOUS
10
144.8499999999999943
20
-84.3999999999999915
11
144.9456710000000044
21
-84.4190299999999922
0
LINE
8
BLACK
6
CONTINUOUS
10
155.7456709999999873
20
-84.4190299999999922
11
155.8267769999999928
21
-84.4732229999999902
0
LINE
8
BLACK
6
CONTINUOUS
10
155.8267769999999928
20
-84.4732229999999902
11
155.8809699999999907
21
-84.5543289999999956
0
LINE
8
BLACK
6
CONTINUOUS
10
155.8809699999999907
20
-84.5543289999999956
11
155.9000000000000057
21
-84.6499999999999915
0
LINE
8
BLACK
6
CONTINUOUS
10
155.9000000000000057
20
-84.6499999999999915
11
155.9000000000000057
21
-85.3499999999999943
0
LINE
8
BLACK
6
CONTINUOUS
10
155.9000000000000057
20
-85.3499999999999943
11
155.8809699999999907
21
-85.4456709999999902
0
LINE
8
BLACK
6
CONTINUOUS
10
155.8809699999999907
20
-85.4456709999999902
11
155.8267769999999928
21
-85.5267769999999956
0
LINE
8
BLACK
6
CONTINUOUS
10
155.8267769999999928
20
-85.5267769999999956
11
155.7456709999999873
21
-85.5809699999999935
0
LINE
8
BLACK
6
CONTINUOUS
10
155.7456709999999873
20
-85.5809699999999935
11
155.6500000000000057
21
-85.5999999999999943
0
LINE
8
BLACK
6
CONTINUOUS
10
155.6500000000000057
20
-85.5999999999999943
11
154.75
21
-85.5999999999999943
0
LINE
8
BLACK
6
CONTINUOUS
10
154.75
20
-85.5999999999999943
11
154.6543289999999899
21
-85.5809699999999935
0
LINE
8
BLACK
6
CONTINUOUS
10
154.6543289999999899
20
-85.5809699999999935
11
154.5732229999999845
21
-85.5267769999999956
0
LINE
8
BLACK
6
CONTINUOUS
10
154.5732229999999845
20
-85.5267769999999956
11
154.5190299999999866
21
-85.4456709999999902
0
LINE
8
BLACK
6
CONTINUOUS
10
154.5190299999999866
20
-85.4456709999999902
11
154.5
21
-85.3499999999999943
0
LINE
8
BLACK
6
CONTINUOUS
10
154.5
20
-85.3499999999999943
11
154.5
21
-84.6499999999999915
0
LINE
8
BLACK
6
CONTINUOUS
10
154.5
20
-84.6499999999999915
11
154.5190299999999866
21
-84.5543289999999956
0
LINE
8
BLACK
6
CONTINUOUS
10
154.5190299999999866
20
-84.5543289999999956
11
154.5732229999999845
21
-84.4732229999999902
0
LINE
8
BLACK
6
CONTINUOUS
10
154.5732229999999845
20
-84.4732229999999902
11
154.6543289999999899
21
-84.4190299999999922
0
LINE
8
BLACK
6
CONTINUOUS
10
154.6543289999999899
20
-84.4190299999999922
11
154.75
21
-84.3999999999999915
0
LINE
8
BLACK
6
CONTINUOUS
10
154.75
20
-84.3999999999999915
11
155.6500000000000057
21
-84.3999999999999915
0
LINE
8
BLACK
6
CONTINUOUS
10
155.6500000000000057
20
-84.3999999999999915
11
155.7456709999999873
21
-84.4190299999999922
0
LINE
8
BLACK
6
CONTINUOUS
10
164.145670999999993
20
-84.4190299999999922
11
164.2267769999999985
21
-84.4732229999999902
0
LINE
8
BLACK
6
CONTINUOUS
10
164.2267769999999985
20
-84.4732229999999902
11
164.2809699999999964
21
-84.5543289999999956
0
LINE
8
BLACK
6
CONTINUOUS
10
164.2809699999999964
20
-84.5543289999999956
11
164.2999999999999829
21
-84.6499999999999915
0
LINE
8
BLACK
6
CONTINUOUS
10
164.2999999999999829
20
-84.6499999999999915
11
164.2999999999999829
21
-85.3499999999999943
0
LINE
8
BLACK
6
CONTINUOUS
10
164.2999999999999829
20
-85.3499999999999943
11
164.2809699999999964
21
-85.4456709999999902
0
LINE
8
BLACK
6
CONTINUOUS
10
164.2809699999999964
20
-85.4456709999999902
11
164.2267769999999985
21
-85.5267769999999956
0
LINE
8
BLACK
6
CONTINUOUS
10
164.2267769999999985
20
-85.5267769999999956
11
164.145670999999993
21
-85.5809699999999935
0
LINE
8
BLACK
6
CONTINUOUS
10
164.145670999999993
20
-85.5809699999999935
11
164.0499999999999829
21
-85.5999999999999943
0
LINE
8
BLACK
6
CONTINUOUS
10
164.0499999999999829
20
-85.5999999999999943
11
163.1500000000000057
21
-85.5999999999999943
0
LINE
8
BLACK
6
CONTINUOUS
10
163.1500000000000057
20
-85.5999999999999943
11
163.0543289999999956
21
-85.5809699999999935
0
LINE
8
BLACK
6
CONTINUOUS
10
163.0543289999999956
20
-85.5809699999999935
11
162.9732229999999902
21
-85.5267769999999956
0
LINE
8
BLACK
6
CONTINUOUS
10
162.9732229999999902
20
-85.5267769999999956
11
162.9190299999999922
21
-85.4456709999999902
0
LINE
8
BLACK
6
CONTINUOUS
10
162.9190299999999922
20
-85.4456709999999902
11
162.9000000000000057
21
-85.3499999999999943
0
LINE
8
BLACK
6
CONTINUOUS
10
162.9000000000000057
20
-85.3499999999999943
11
162.9000000000000057
21
-84.6499999999999915
0
LINE
8
BLACK
6
CONTINUOUS
10
162.9000000000000057
20
-84.6499999999999915
11
162.9190299999999922
21
-84.5543289999999956
0
LINE
8
BLACK
6
CONTINUOUS
10
162.9190299999999922
20
-84.5543289999999956
11
162.9732229999999902
21
-84.4732229999999902
0
LINE
8
BLACK
6
CONTINUOUS
10
162.9732229999999902
20
-84.4732229999999902
11
163.0543289999999956
21
-84.4190299999999922
0
LINE
8
BLACK
6
CONTINUOUS
10
163.0543289999999956
20
-84.4190299999999922
11
163.1500000000000057
21
-84.3999999999999915
0
LINE
8
BLACK
6
CONTINUOUS
10
163.1500000000000057
20
-84.3999999999999915
11
164.0499999999999829
21
-84.3999999999999915
0
LINE
8
BLACK
6
CONTINUOUS
10
164.0499999999999829
20
-84.3999999999999915
11
164.145670999999993
21
-84.4190299999999922
0
LINE
8
BLACK
6
CONTINUOUS
10
174.9456710000000044
20
-84.4190299999999922
11
175.0267769999999814
21
-84.4732229999999902
0
LINE
8
BLACK
6
CONTINUOUS
10
175.0267769999999814
20
-84.4732229999999902
11
175.0809699999999793
21
-84.5543289999999956
0
LINE
8
BLACK
6
CONTINUOUS
10
175.0809699999999793
20
-84.5543289999999956
11
175.0999999999999943
21
-84.6499999999999915
0
LINE
8
BLACK
6
CONTINUOUS
10
175.0999999999999943
20
-84.6499999999999915
11
175.0999999999999943
21
-85.3499999999999943
0
LINE
8
BLACK
6
CONTINUOUS
10
175.0999999999999943
20
-85.3499999999999943
11
175.0809699999999793
21
-85.4456709999999902
0
LINE
8
BLACK
6
CONTINUOUS
10
175.0809699999999793
20
-85.4456709999999902
11
175.0267769999999814
21
-85.5267769999999956
0
LINE
8
BLACK
6
CONTINUOUS
10
175.0267769999999814
20
-85.5267769999999956
11
174.9456710000000044
21
-85.5809699999999935
0
LINE
8
BLACK
6
CONTINUOUS
10
174.9456710000000044
20
-85.5809699999999935
11
174.8499999999999943
21
-85.5999999999999943
0
LINE
8
BLACK
6
CONTINUOUS
10
174.8499999999999943
20
-85.5999999999999943
11
173.9499999999999886
21
-85.5999999999999943
0
LINE
8
BLACK
6
CONTINUOUS
10
173.9499999999999886
20
-85.5999999999999943
11
173.8543289999999786
21
-85.5809699999999935
0
LINE
8
BLACK
6
CONTINUOUS
10
173.8543289999999786
20
-85.5809699999999935
11
173.7732230000000015
21
-85.5267769999999956
0
LINE
8
BLACK
6
CONTINUOUS
10
173.7732230000000015
20
-85.5267769999999956
11
173.7190300000000036
21
-85.4456709999999902
0
LINE
8
BLACK
6
CONTINUOUS
10
173.7190300000000036
20
-85.4456709999999902
11
173.6999999999999886
21
-85.3499999999999943
0
LINE
8
BLACK
6
CONTINUOUS
10
173.6999999999999886
20
-85.3499999999999943
11
173.6999999999999886
21
-84.6499999999999915
0
LINE
8
BLACK
6
CONTINUOUS
10
173.6999999999999886
20
-84.6499999999999915
11
173.7190300000000036
21
-84.5543289999999956
0
LINE
8
BLACK
6
CONTINUOUS
10
173.7190300000000036
20
-84.5543289999999956
11
173.7732230000000015
21
-84.4732229999999902
0
LINE
8
BLACK
6
CONTINUOUS
10
173.7732230000000015
20
-84.4732229999999902
11
173.8543289999999786
21
-84.4190299999999922
0
LINE
8
BLACK
6
CONTINUOUS
10
173.8543289999999786
20
-84.4190299999999922
11
173.9499999999999886
21
-84.3999999999999915
0
LINE
8
BLACK
6
CONTINUOUS
10
173.9499999999999886
20
-84.3999999999999915
11
174.8499999999999943
21
-84.3999999999999915
0
LINE
8
BLACK
6
CONTINUOUS
10
174.8499999999999943
20
-84.3999999999999915
11
174.9456710000000044
21
-84.4190299999999922
0
LINE
8
BLACK
6
CONTINUOUS
10
129.0074029999999823
20
-84.8164179999999988
11
129.0560659999999871
21
-84.8489339999999999
0
LINE
8
BLACK
6
CONTINUOUS
10
129.0560659999999871
20
-84.8489339999999999
11
129.0885820000000024
21
-84.8975969999999904
0
LINE
8
BLACK
6
CONTINUOUS
10
129.0885820000000024
20
-84.8975969999999904
11
129.0999999999999943
21
-84.9549999999999983
0
LINE
8
BLACK
6
CONTINUOUS
10
129.0999999999999943
20
-84.9549999999999983
11
129.0999999999999943
21
-85.2549999999999955
0
LINE
8
BLACK
6
CONTINUOUS
10
129.0999999999999943
20
-85.2549999999999955
11
129.0885820000000024
21
-85.3124029999999891
0
LINE
8
BLACK
6
CONTINUOUS
10
129.0885820000000024
20
-85.3124029999999891
11
129.0560659999999871
21
-85.3610659999999939
0
LINE
8
BLACK
6
CONTINUOUS
10
129.0560659999999871
20
-85.3610659999999939
11
129.0074029999999823
21
-85.393581999999995
0
LINE
8
BLACK
6
CONTINUOUS
10
129.0074029999999823
20
-85.393581999999995
11
128.9499999999999886
21
-85.4050000000000011
0
LINE
8
BLACK
6
CONTINUOUS
10
128.9499999999999886
20
-85.4050000000000011
11
127.2999999999999972
21
-85.4050000000000011
0
LINE
8
BLACK
6
CONTINUOUS
10
127.2999999999999972
20
-85.4050000000000011
11
127.2425969999999893
21
-85.393581999999995
0
LINE
8
BLACK
6
CONTINUOUS
10
127.2425969999999893
20
-85.393581999999995
11
127.1939339999999987
21
-85.3610659999999939
0
LINE
8
BLACK
6
CONTINUOUS
10
127.1939339999999987
20
-85.3610659999999939
11
127.1614179999999976
21
-85.3124029999999891
0
LINE
8
BLACK
6
CONTINUOUS
10
127.1614179999999976
20
-85.3124029999999891
11
127.1499999999999915
21
-85.2549999999999955
0
LINE
8
BLACK
6
CONTINUOUS
10
127.1499999999999915
20
-85.2549999999999955
11
127.1499999999999915
21
-84.9549999999999983
0
LINE
8
BLACK
6
CONTINUOUS
10
127.1499999999999915
20
-84.9549999999999983
11
127.1614179999999976
21
-84.8975969999999904
0
LINE
8
BLACK
6
CONTINUOUS
10
127.1614179999999976
20
-84.8975969999999904
11
127.1939339999999987
21
-84.8489339999999999
0
LINE
8
BLACK
6
CONTINUOUS
10
127.1939339999999987
20
-84.8489339999999999
11
127.2425969999999893
21
-84.8164179999999988
0
LINE
8
BLACK
6
CONTINUOUS
10
127.2425969999999893
20
-84.8164179999999988
11
127.2999999999999972
21
-84.8049999999999926
0
LINE
8
BLACK
6
CONTINUOUS
10
127.2999999999999972
20
-84.8049999999999926
11
128.9499999999999886
21
-84.8049999999999926
0
LINE
8
BLACK
6
CONTINUOUS
10
128.9499999999999886
20
-84.8049999999999926
11
129.0074029999999823
21
-84.8164179999999988
0
LINE
8
BLACK
6
CONTINUOUS
10
133.9574029999999993
20
-84.8164179999999988
11
134.0060660000000041
21
-84.8489339999999999
0
LINE
8
BLACK
6
CONTINUOUS
10
134.0060660000000041
20
-84.8489339999999999
11
134.038581999999991
21
-84.8975969999999904
0
LINE
8
BLACK
6
CONTINUOUS
10
134.038581999999991
20
-84.8975969999999904
11
134.0499999999999829
21
-84.9549999999999983
0
LINE
8
BLACK
6
CONTINUOUS
10
134.0499999999999829
20
-84.9549999999999983
11
134.0499999999999829
21
-85.2549999999999955
0
LINE
8
BLACK
6
CONTINUOUS
10
134.0499999999999829
20
-85.2549999999999955
11
134.038581999999991
21
-85.3124029999999891
0
LINE
8
BLACK
6
CONTINUOUS
10
134.038581999999991
20
-85.3124029999999891
11
134.0060660000000041
21
-85.3610659999999939
0
LINE
8
BLACK
6
CONTINUOUS
10
134.0060660000000041
20
-85.3610659999999939
11
133.9574029999999993
21
-85.393581999999995
0
LINE
8
BLACK
6
CONTINUOUS
10
133.9574029999999993
20
-85.393581999999995
11
133.9000000000000057
21
-85.4050000000000011
0
LINE
8
BLACK
6
CONTINUOUS
10
133.9000000000000057
20
-85.4050000000000011
11
132.25
21
-85.4050000000000011
0
LINE
8
BLACK
6
CONTINUOUS
10
132.25
20
-85.4050000000000011
11
132.1925970000000063
21
-85.393581999999995
0
LINE
8
BLACK
6
CONTINUOUS
10
132.1925970000000063
20
-85.393581999999995
11
132.1439340000000016
21
-85.3610659999999939
0
LINE
8
BLACK
6
CONTINUOUS
10
132.1439340000000016
20
-85.3610659999999939
11
132.1114179999999863
21
-85.3124029999999891
0
LINE
8
BLACK
6
CONTINUOUS
10
132.1114179999999863
20
-85.3124029999999891
11
132.0999999999999943
21
-85.2549999999999955
0
LINE
8
BLACK
6
CONTINUOUS
10
132.0999999999999943
20
-85.2549999999999955
11
132.0999999999999943
21
-84.9549999999999983
0
LINE
8
BLACK
6
CONTINUOUS
10
132.0999999999999943
20
-84.9549999999999983
11
132.1114179999999863
21
-84.8975969999999904
0
LINE
8
BLACK
6
CONTINUOUS
10
132.1114179999999863
20
-84.8975969999999904
11
132.1439340000000016
21
-84.8489339999999999
0
LINE
8
BLACK
6
CONTINUOUS
10
132.1439340000000016
20
-84.8489339999999999
11
132.1925970000000063
21
-84.8164179999999988
0
LINE
8
BLACK
6
CONTINUOUS
10
132.1925970000000063
20
-84.8164179999999988
11
132.25
21
-84.8049999999999926
0
LINE
8
BLACK
6
CONTINUOUS
10
132.25
20
-84.8049999999999926
11
133.9000000000000057
21
-84.8049999999999926
0
LINE
8
BLACK
6
CONTINUOUS
10
133.9000000000000057
20
-84.8049999999999926
11
133.9574029999999993
21
-84.8164179999999988
0
LINE
8
BLACK
6
CONTINUOUS
10
148.0074029999999823
20
-84.8164179999999988
11
148.0560659999999871
21
-84.8489339999999999
0
LINE
8
BLACK
6
CONTINUOUS
10
148.0560659999999871
20
-84.8489339999999999
11
148.0885820000000024
21
-84.8975969999999904
0
LINE
8
BLACK
6
CONTINUOUS
10
148.0885820000000024
20
-84.8975969999999904
11
148.0999999999999943
21
-84.9549999999999983
0
LINE
8
BLACK
6
CONTINUOUS
10
148.0999999999999943
20
-84.9549999999999983
11
148.0999999999999943
21
-85.2549999999999955
0
LINE
8
BLACK
6
CONTINUOUS
10
148.0999999999999943
20
-85.2549999999999955
11
148.0885820000000024
21
-85.3124029999999891
0
LINE
8
BLACK
6
CONTINUOUS
10
148.0885820000000024
20
-85.3124029999999891
11
148.0560659999999871
21
-85.3610659999999939
0
LINE
8
BLACK
6
CONTINUOUS
10
148.0560659999999871
20
-85.3610659999999939
11
148.0074029999999823
21
-85.393581999999995
0
LINE
8
BLACK
6
CONTINUOUS
10
148.0074029999999823
20
-85.393581999999995
11
147.9499999999999886
21
-85.4050000000000011
0
LINE
8
BLACK
6
CONTINUOUS
10
147.9499999999999886
20
-85.4050000000000011
11
146.5
21
-85.4050000000000011
0
LINE
8
BLACK
6
CONTINUOUS
10
146.5
20
-85.4050000000000011
11
146.4425970000000063
21
-85.393581999999995
0
LINE
8
BLACK
6
CONTINUOUS
10
146.4425970000000063
20
-85.393581999999995
11
146.3939340000000016
21
-85.3610659999999939
0
LINE
8
BLACK
6
CONTINUOUS
10
146.3939340000000016
20
-85.3610659999999939
11
146.3614179999999863
21
-85.3124029999999891
0
LINE
8
BLACK
6
CONTINUOUS
10
146.3614179999999863
20
-85.3124029999999891
11
146.3499999999999943
21
-85.2549999999999955
0
LINE
8
BLACK
6
CONTINUOUS
10
146.3499999999999943
20
-85.2549999999999955
11
146.3499999999999943
21
-84.9549999999999983
0
LINE
8
BLACK
6
CONTINUOUS
10
146.3499999999999943
20
-84.9549999999999983
11
146.3614179999999863
21
-84.8975969999999904
0
LINE
8
BLACK
6
CONTINUOUS
10
146.3614179999999863
20
-84.8975969999999904
11
146.3939340000000016
21
-84.8489339999999999
0
LINE
8
BLACK
6
CONTINUOUS
10
146.3939340000000016
20
-84.8489339999999999
11
146.4425970000000063
21
-84.8164179999999988
0
LINE
8
BLACK
6
CONTINUOUS
10
146.4425970000000063
20
-84.8164179999999988
11
146.5
21
-84.8049999999999926
0
LINE
8
BLACK
6
CONTINUOUS
10
146.5
20
-84.8049999999999926
11
147.9499999999999886
21
-84.8049999999999926
0
LINE
8
BLACK
6
CONTINUOUS
10
147.9499999999999886
20
-84.8049999999999926
11
148.0074029999999823
21
-84.8164179999999988
0
LINE
8
BLACK
6
CONTINUOUS
10
153.157402999999988
20
-84.8164179999999988
11
153.2060659999999928
21
-84.8489339999999999
0
LINE
8
BLACK
6
CONTINUOUS
10
153.2060659999999928
20
-84.8489339999999999
11
153.2385819999999796
21
-84.8975969999999904
0
LINE
8
BLACK
6
CONTINUOUS
10
153.2385819999999796
20
-84.8975969999999904
11
153.25
21
-84.9549999999999983
0
LINE
8
BLACK
6
CONTINUOUS
10
153.25
20
-84.9549999999999983
11
153.25
21
-85.2549999999999955
0
LINE
8
BLACK
6
CONTINUOUS
10
153.25
20
-85.2549999999999955
11
153.2385819999999796
21
-85.3124029999999891
0
LINE
8
BLACK
6
CONTINUOUS
10
153.2385819999999796
20
-85.3124029999999891
11
153.2060659999999928
21
-85.3610659999999939
0
LINE
8
BLACK
6
CONTINUOUS
10
153.2060659999999928
20
-85.3610659999999939
11
153.157402999999988
21
-85.393581999999995
0
LINE
8
BLACK
6
CONTINUOUS
10
153.157402999999988
20
-85.393581999999995
11
153.0999999999999943
21
-85.4050000000000011
0
LINE
8
BLACK
6
CONTINUOUS
10
153.0999999999999943
20
-85.4050000000000011
11
151.6500000000000057
21
-85.4050000000000011
0
LINE
8
BLACK
6
CONTINUOUS
10
151.6500000000000057
20
-85.4050000000000011
11
151.5925969999999836
21
-85.393581999999995
0
LINE
8
BLACK
6
CONTINUOUS
10
151.5925969999999836
20
-85.393581999999995
11
151.5439340000000072
21
-85.3610659999999939
0
LINE
8
BLACK
6
CONTINUOUS
10
151.5439340000000072
20
-85.3610659999999939
11
151.5114179999999919
21
-85.3124029999999891
0
LINE
8
BLACK
6
CONTINUOUS
10
151.5114179999999919
20
-85.3124029999999891
11
151.5
21
-85.2549999999999955
0
LINE
8
BLACK
6
CONTINUOUS
10
151.5
20
-85.2549999999999955
11
151.5
21
-84.9549999999999983
0
LINE
8
BLACK
6
CONTINUOUS
10
151.5
20
-84.9549999999999983
11
151.5114179999999919
21
-84.8975969999999904
0
LINE
8
BLACK
6
CONTINUOUS
10
151.5114179999999919
20
-84.8975969999999904
11
151.5439340000000072
21
-84.8489339999999999
0
LINE
8
BLACK
6
CONTINUOUS
10
151.5439340000000072
20
-84.8489339999999999
11
151.5925969999999836
21
-84.8164179999999988
0
LINE
8
BLACK
6
CONTINUOUS
10
151.5925969999999836
20
-84.8164179999999988
11
151.6500000000000057
21
-84.8049999999999926
0
LINE
8
BLACK
6
CONTINUOUS
10
151.6500000000000057
20
-84.8049999999999926
11
153.0999999999999943
21
-84.8049999999999926
0
LINE
8
BLACK
6
CONTINUOUS
10
153.0999999999999943
20
-84.8049999999999926
11
153.157402999999988
21
-84.8164179999999988
0
LINE
8
BLACK
6
CONTINUOUS
10
167.2074029999999993
20
-84.8164179999999988
11
167.2560660000000041
21
-84.8489339999999999
0
LINE
8
BLACK
6
CONTINUOUS
10
167.2560660000000041
20
-84.8489339999999999
11
167.288581999999991
21
-84.8975969999999904
0
LINE
8
BLACK
6
CONTINUOUS
10
167.288581999999991
20
-84.8975969999999904
11
167.2999999999999829
21
-84.9549999999999983
0
LINE
8
BLACK
6
CONTINUOUS
10
167.2999999999999829
20
-84.9549999999999983
11
167.2999999999999829
21
-85.2549999999999955
0
LINE
8
BLACK
6
CONTINUOUS
10
167.2999999999999829
20
-85.2549999999999955
11
167.288581999999991
21
-85.3124029999999891
0
LINE
8
BLACK
6
CONTINUOUS
10
167.288581999999991
20
-85.3124029999999891
11
167.2560660000000041
21
-85.3610659999999939
0
LINE
8
BLACK
6
CONTINUOUS
10
167.2560660000000041
20
-85.3610659999999939
11
167.2074029999999993
21
-85.393581999999995
0
LINE
8
BLACK
6
CONTINUOUS
10
167.2074029999999993
20
-85.393581999999995
11
167.1500000000000057
21
-85.4050000000000011
0
LINE
8
BLACK
6
CONTINUOUS
10
167.1500000000000057
20
-85.4050000000000011
11
165.6999999999999886
21
-85.4050000000000011
0
LINE
8
BLACK
6
CONTINUOUS
10
165.6999999999999886
20
-85.4050000000000011
11
165.642596999999995
21
-85.393581999999995
0
LINE
8
BLACK
6
CONTINUOUS
10
165.642596999999995
20
-85.393581999999995
11
165.5939339999999902
21
-85.3610659999999939
0
LINE
8
BLACK
6
CONTINUOUS
10
165.5939339999999902
20
-85.3610659999999939
11
165.5614180000000033
21
-85.3124029999999891
0
LINE
8
BLACK
6
CONTINUOUS
10
165.5614180000000033
20
-85.3124029999999891
11
165.5499999999999829
21
-85.2549999999999955
0
LINE
8
BLACK
6
CONTINUOUS
10
165.5499999999999829
20
-85.2549999999999955
11
165.5499999999999829
21
-84.9549999999999983
0
LINE
8
BLACK
6
CONTINUOUS
10
165.5499999999999829
20
-84.9549999999999983
11
165.5614180000000033
21
-84.8975969999999904
0
LINE
8
BLACK
6
CONTINUOUS
10
165.5614180000000033
20
-84.8975969999999904
11
165.5939339999999902
21
-84.8489339999999999
0
LINE
8
BLACK
6
CONTINUOUS
10
165.5939339999999902
20
-84.8489339999999999
11
165.642596999999995
21
-84.8164179999999988
0
LINE
8
BLACK
6
CONTINUOUS
10
165.642596999999995
20
-84.8164179999999988
11
165.6999999999999886
21
-84.8049999999999926
0
LINE
8
BLACK
6
CONTINUOUS
10
165.6999999999999886
20
-84.8049999999999926
11
167.1500000000000057
21
-84.8049999999999926
0
LINE
8
BLACK
6
CONTINUOUS
10
167.1500000000000057
20
-84.8049999999999926
11
167.2074029999999993
21
-84.8164179999999988
0
LINE
8
BLACK
6
CONTINUOUS
10
172.357403000000005
20
-84.8164179999999988
11
172.4060659999999814
21
-84.8489339999999999
0
LINE
8
BLACK
6
CONTINUOUS
10
172.4060659999999814
20
-84.8489339999999999
11
172.4385819999999967
21
-84.8975969999999904
0
LINE
8
BLACK
6
CONTINUOUS
10
172.4385819999999967
20
-84.8975969999999904
11
172.4499999999999886
21
-84.9549999999999983
0
LINE
8
BLACK
6
CONTINUOUS
10
172.4499999999999886
20
-84.9549999999999983
11
172.4499999999999886
21
-85.2549999999999955
0
LINE
8
BLACK
6
CONTINUOUS
10
172.4499999999999886
20
-85.2549999999999955
11
172.4385819999999967
21
-85.3124029999999891
0
LINE
8
BLACK
6
CONTINUOUS
10
172.4385819999999967
20
-85.3124029999999891
11
172.4060659999999814
21
-85.3610659999999939
0
LINE
8
BLACK
6
CONTINUOUS
10
172.4060659999999814
20
-85.3610659999999939
11
172.357403000000005
21
-85.393581999999995
0
LINE
8
BLACK
6
CONTINUOUS
10
172.357403000000005
20
-85.393581999999995
11
172.2999999999999829
21
-85.4050000000000011
0
LINE
8
BLACK
6
CONTINUOUS
10
172.2999999999999829
20
-85.4050000000000011
11
170.8499999999999943
21
-85.4050000000000011
0
LINE
8
BLACK
6
CONTINUOUS
10
170.8499999999999943
20
-85.4050000000000011
11
170.7925970000000007
21
-85.393581999999995
0
LINE
8
BLACK
6
CONTINUOUS
10
170.7925970000000007
20
-85.393581999999995
11
170.7439339999999959
21
-85.3610659999999939
0
LINE
8
BLACK
6
CONTINUOUS
10
170.7439339999999959
20
-85.3610659999999939
11
170.7114179999999806
21
-85.3124029999999891
0
LINE
8
BLACK
6
CONTINUOUS
10
170.7114179999999806
20
-85.3124029999999891
11
170.6999999999999886
21
-85.2549999999999955
0
LINE
8
BLACK
6
CONTINUOUS
10
170.6999999999999886
20
-85.2549999999999955
11
170.6999999999999886
21
-84.9549999999999983
0
LINE
8
BLACK
6
CONTINUOUS
10
170.6999999999999886
20
-84.9549999999999983
11
170.7114179999999806
21
-84.8975969999999904
0
LINE
8
BLACK
6
CONTINUOUS
10
170.7114179999999806
20
-84.8975969999999904
11
170.7439339999999959
21
-84.8489339999999999
0
LINE
8
BLACK
6
CONTINUOUS
10
170.7439339999999959
20
-84.8489339999999999
11
170.7925970000000007
21
-84.8164179999999988
0
LINE
8
BLACK
6
CONTINUOUS
10
170.7925970000000007
20
-84.8164179999999988
11
170.8499999999999943
21
-84.8049999999999926
0
LINE
8
BLACK
6
CONTINUOUS
10
170.8499999999999943
20
-84.8049999999999926
11
172.2999999999999829
21
-84.8049999999999926
0
LINE
8
BLACK
6
CONTINUOUS
10
172.2999999999999829
20
-84.8049999999999926
11
172.357403000000005
21
-84.8164179999999988
0
LINE
8
BLACK
6
CONTINUOUS
10
129.0074029999999823
20
-83.5464180000000027
11
129.0560659999999871
21
-83.5789339999999896
0
LINE
8
BLACK
6
CONTINUOUS
10
129.0560659999999871
20
-83.5789339999999896
11
129.0885820000000024
21
-83.6275969999999944
0
LINE
8
BLACK
6
CONTINUOUS
10
129.0885820000000024
20
-83.6275969999999944
11
129.0999999999999943
21
-83.6850000000000023
0
LINE
8
BLACK
6
CONTINUOUS
10
129.0999999999999943
20
-83.6850000000000023
11
129.0999999999999943
21
-83.9849999999999994
0
LINE
8
BLACK
6
CONTINUOUS
10
129.0999999999999943
20
-83.9849999999999994
11
129.0885820000000024
21
-84.0424029999999931
0
LINE
8
BLACK
6
CONTINUOUS
10
129.0885820000000024
20
-84.0424029999999931
11
129.0560659999999871
21
-84.0910659999999979
0
LINE
8
BLACK
6
CONTINUOUS
10
129.0560659999999871
20
-84.0910659999999979
11
129.0074029999999823
21
-84.123581999999999
0
LINE
8
BLACK
6
CONTINUOUS
10
129.0074029999999823
20
-84.123581999999999
11
128.9499999999999886
21
-84.1349999999999909
0
LINE
8
BLACK
6
CONTINUOUS
10
128.9499999999999886
20
-84.1349999999999909
11
127.2999999999999972
21
-84.1349999999999909
0
LINE
8
BLACK
6
CONTINUOUS
10
127.2999999999999972
20
-84.1349999999999909
11
127.2425969999999893
21
-84.123581999999999
0
LINE
8
BLACK
6
CONTINUOUS
10
127.2425969999999893
20
-84.123581999999999
11
127.1939339999999987
21
-84.0910659999999979
0
LINE
8
BLACK
6
CONTINUOUS
10
127.1939339999999987
20
-84.0910659999999979
11
127.1614179999999976
21
-84.0424029999999931
0
LINE
8
BLACK
6
CONTINUOUS
10
127.1614179999999976
20
-84.0424029999999931
11
127.1499999999999915
21
-83.9849999999999994
0
LINE
8
BLACK
6
CONTINUOUS
10
127.1499999999999915
20
-83.9849999999999994
11
127.1499999999999915
21
-83.6850000000000023
0
LINE
8
BLACK
6
CONTINUOUS
10
127.1499999999999915
20
-83.6850000000000023
11
127.1614179999999976
21
-83.6275969999999944
0
LINE
8
BLACK
6
CONTINUOUS
10
127.1614179999999976
20
-83.6275969999999944
11
127.1939339999999987
21
-83.5789339999999896
0
LINE
8
BLACK
6
CONTINUOUS
10
127.1939339999999987
20
-83.5789339999999896
11
127.2425969999999893
21
-83.5464180000000027
0
LINE
8
BLACK
6
CONTINUOUS
10
127.2425969999999893
20
-83.5464180000000027
11
127.2999999999999972
21
-83.5349999999999966
0
LINE
8
BLACK
6
CONTINUOUS
10
127.2999999999999972
20
-83.5349999999999966
11
128.9499999999999886
21
-83.5349999999999966
0
LINE
8
BLACK
6
CONTINUOUS
10
128.9499999999999886
20
-83.5349999999999966
11
129.0074029999999823
21
-83.5464180000000027
0
LINE
8
BLACK
6
CONTINUOUS
10
133.9574029999999993
20
-83.5464180000000027
11
134.0060660000000041
21
-83.5789339999999896
0
LINE
8
BLACK
6
CONTINUOUS
10
134.0060660000000041
20
-83.5789339999999896
11
134.038581999999991
21
-83.6275969999999944
0
LINE
8
BLACK
6
CONTINUOUS
10
134.038581999999991
20
-83.6275969999999944
11
134.0499999999999829
21
-83.6850000000000023
0
LINE
8
BLACK
6
CONTINUOUS
10
134.0499999999999829
20
-83.6850000000000023
11
134.0499999999999829
21
-83.9849999999999994
0
LINE
8
BLACK
6
CONTINUOUS
10
134.0499999999999829
20
-83.9849999999999994
11
134.038581999999991
21
-84.0424029999999931
0
LINE
8
BLACK
6
CONTINUOUS
10
134.038581999999991
20
-84.0424029999999931
11
134.0060660000000041
21
-84.0910659999999979
0
LINE
8
BLACK
6
CONTINUOUS
10
134.0060660000000041
20
-84.0910659999999979
11
133.9574029999999993
21
-84.123581999999999
0
LINE
8
BLACK
6
CONTINUOUS
10
133.9574029999999993
20
-84.123581999999999
11
133.9000000000000057
21
-84.1349999999999909
0
LINE
8
BLACK
6
CONTINUOUS
10
133.9000000000000057
20
-84.1349999999999909
11
132.25
21
-84.1349999999999909
0
LINE
8
BLACK
6
CONTINUOUS
10
132.25
20
-84.1349999999999909
11
132.1925970000000063
21
-84.123581999999999
0
LINE
8
BLACK
6
CONTINUOUS
10
132.1925970000000063
20
-84.123581999999999
11
132.1439340000000016
21
-84.0910659999999979
0
LINE
8
BLACK
6
CONTINUOUS
10
132.1439340000000016
20
-84.0910659999999979
11
132.1114179999999863
21
-84.0424029999999931
0
LINE
8
BLACK
6
CONTINUOUS
10
132.1114179999999863
20
-84.0424029999999931
11
132.0999999999999943
21
-83.9849999999999994
0
LINE
8
BLACK
6
CONTINUOUS
10
132.0999999999999943
20
-83.9849999999999994
11
132.0999999999999943
21
-83.6850000000000023
0
LINE
8
BLACK
6
CONTINUOUS
10
132.0999999999999943
20
-83.6850000000000023
11
132.1114179999999863
21
-83.6275969999999944
0
LINE
8
BLACK
6
CONTINUOUS
10
132.1114179999999863
20
-83.6275969999999944
11
132.1439340000000016
21
-83.5789339999999896
0
LINE
8
BLACK
6
CONTINUOUS
10
132.1439340000000016
20
-83.5789339999999896
11
132.1925970000000063
21
-83.5464180000000027
0
LINE
8
BLACK
6
CONTINUOUS
10
132.1925970000000063
20
-83.5464180000000027
11
132.25
21
-83.5349999999999966
0
LINE
8
BLACK
6
CONTINUOUS
10
132.25
20
-83.5349999999999966
11
133.9000000000000057
21
-83.5349999999999966
0
LINE
8
BLACK
6
CONTINUOUS
10
133.9000000000000057
20
-83.5349999999999966
11
133.9574029999999993
21
-83.5464180000000027
0
LINE
8
BLACK
6
CONTINUOUS
10
148.0074029999999823
20
-83.5464180000000027
11
148.0560659999999871
21
-83.5789339999999896
0
LINE
8
BLACK
6
CONTINUOUS
10
148.0560659999999871
20
-83.5789339999999896
11
148.0885820000000024
21
-83.6275969999999944
0
LINE
8
BLACK
6
CONTINUOUS
10
148.0885820000000024
20
-83.6275969999999944
11
148.0999999999999943
21
-83.6850000000000023
0
LINE
8
BLACK
6
CONTINUOUS
10
148.0999999999999943
20
-83.6850000000000023
11
148.0999999999999943
21
-83.9849999999999994
0
LINE
8
BLACK
6
CONTINUOUS
10
148.0999999999999943
20
-83.9849999999999994
11
148.0885820000000024
21
-84.0424029999999931
0
LINE
8
BLACK
6
CONTINUOUS
10
148.0885820000000024
20
-84.0424029999999931
11
148.0560659999999871
21
-84.0910659999999979
0
LINE
8
BLACK
6
CONTINUOUS
10
148.0560659999999871
20
-84.0910659999999979
11
148.0074029999999823
21
-84.123581999999999
0
LINE
8
BLACK
6
CONTINUOUS
10
148.0074029999999823
20
-84.123581999999999
11
147.9499999999999886
21
-84.1349999999999909
0
LINE
8
BLACK
6
CONTINUOUS
10
147.9499999999999886
20
-84.1349999999999909
11
146.5
21
-84.1349999999999909
0
LINE
8
BLACK
6
CONTINUOUS
10
146.5
20
-84.1349999999999909
11
146.4425970000000063
21
-84.123581999999999
0
LINE
8
BLACK
6
CONTINUOUS
10
146.4425970000000063
20
-84.123581999999999
11
146.3939340000000016
21
-84.0910659999999979
0
LINE
8
BLACK
6
CONTINUOUS
10
146.3939340000000016
20
-84.0910659999999979
11
146.3614179999999863
21
-84.0424029999999931
0
LINE
8
BLACK
6
CONTINUOUS
10
146.3614179999999863
20
-84.0424029999999931
11
146.3499999999999943
21
-83.9849999999999994
0
LINE
8
BLACK
6
CONTINUOUS
10
146.3499999999999943
20
-83.9849999999999994
11
146.3499999999999943
21
-83.6850000000000023
0
LINE
8
BLACK
6
CONTINUOUS
10
146.3499999999999943
20
-83.6850000000000023
11
146.3614179999999863
21
-83.6275969999999944
0
LINE
8
BLACK
6
CONTINUOUS
10
146.3614179999999863
20
-83.6275969999999944
11
146.3939340000000016
21
-83.5789339999999896
0
LINE
8
BLACK
6
CONTINUOUS
10
146.3939340000000016
20
-83.5789339999999896
11
146.4425970000000063
21
-83.5464180000000027
0
LINE
8
BLACK
6
CONTINUOUS
10
146.4425970000000063
20
-83.5464180000000027
11
146.5
21
-83.5349999999999966
0
LINE
8
BLACK
6
CONTINUOUS
10
146.5
20
-83.5349999999999966
11
147.9499999999999886
21
-83.5349999999999966
0
LINE
8
BLACK
6
CONTINUOUS
10
147.9499999999999886
20
-83.5349999999999966
11
148.0074029999999823
21
-83.5464180000000027
0
LINE
8
BLACK
6
CONTINUOUS
10
153.157402999999988
20
-83.5464180000000027
11
153.2060659999999928
21
-83.5789339999999896
0
LINE
8
BLACK
6
CONTINUOUS
10
153.2060659999999928
20
-83.5789339999999896
11
153.2385819999999796
21
-83.6275969999999944
0
LINE
8
BLACK
6
CONTINUOUS
10
153.2385819999999796
20
-83.6275969999999944
11
153.25
21
-83.6850000000000023
0
LINE
8
BLACK
6
CONTINUOUS
10
153.25
20
-83.6850000000000023
11
153.25
21
-83.9849999999999994
0
LINE
8
BLACK
6
CONTINUOUS
10
153.25
20
-83.9849999999999994
11
153.2385819999999796
21
-84.0424029999999931
0
LINE
8
BLACK
6
CONTINUOUS
10
153.2385819999999796
20
-84.0424029999999931
11
153.2060659999999928
21
-84.0910659999999979
0
LINE
8
BLACK
6
CONTINUOUS
10
153.2060659999999928
20
-84.0910659999999979
11
153.157402999999988
21
-84.123581999999999
0
LINE
8
BLACK
6
CONTINUOUS
10
153.157402999999988
20
-84.123581999999999
11
153.0999999999999943
21
-84.1349999999999909
0
LINE
8
BLACK
6
CONTINUOUS
10
153.0999999999999943
20
-84.1349999999999909
11
151.6500000000000057
21
-84.1349999999999909
0
LINE
8
BLACK
6
CONTINUOUS
10
151.6500000000000057
20
-84.1349999999999909
11
151.5925969999999836
21
-84.123581999999999
0
LINE
8
BLACK
6
CONTINUOUS
10
151.5925969999999836
20
-84.123581999999999
11
151.5439340000000072
21
-84.0910659999999979
0
LINE
8
BLACK
6
CONTINUOUS
10
151.5439340000000072
20
-84.0910659999999979
11
151.5114179999999919
21
-84.0424029999999931
0
LINE
8
BLACK
6
CONTINUOUS
10
151.5114179999999919
20
-84.0424029999999931
11
151.5
21
-83.9849999999999994
0
LINE
8
BLACK
6
CONTINUOUS
10
151.5
20
-83.9849999999999994
11
151.5
21
-83.6850000000000023
0
LINE
8
BLACK
6
CONTINUOUS
10
151.5
20
-83.6850000000000023
11
151.5114179999999919
21
-83.6275969999999944
0
LINE
8
BLACK
6
CONTINUOUS
10
151.5114179999999919
20
-83.6275969999999944
11
151.5439340000000072
21
-83.5789339999999896
0
LINE
8
BLACK
6
CONTINUOUS
10
151.5439340000000072
20
-83.5789339999999896
11
151.5925969999999836
21
-83.5464180000000027
0
LINE
8
BLACK
6
CONTINUOUS
10
151.5925969999999836
20
-83.5464180000000027
11
151.6500000000000057
21
-83.5349999999999966
0
LINE
8
BLACK
6
CONTINUOUS
10
151.6500000000000057
20
-83.5349999999999966
11
153.0999999999999943
21
-83.5349999999999966
0
LINE
8
BLACK
6
CONTINUOUS
10
153.0999999999999943
20
-83.5349999999999966
11
153.157402999999988
21
-83.5464180000000027
0
LINE
8
BLACK
6
CONTINUOUS
10
167.2074029999999993
20
-83.5464180000000027
11
167.2560660000000041
21
-83.5789339999999896
0
LINE
8
BLACK
6
CONTINUOUS
10
167.2560660000000041
20
-83.5789339999999896
11
167.288581999999991
21
-83.6275969999999944
0
LINE
8
BLACK
6
CONTINUOUS
10
167.288581999999991
20
-83.6275969999999944
11
167.2999999999999829
21
-83.6850000000000023
0
LINE
8
BLACK
6
CONTINUOUS
10
167.2999999999999829
20
-83.6850000000000023
11
167.2999999999999829
21
-83.9849999999999994
0
LINE
8
BLACK
6
CONTINUOUS
10
167.2999999999999829
20
-83.9849999999999994
11
167.288581999999991
21
-84.0424029999999931
0
LINE
8
BLACK
6
CONTINUOUS
10
167.288581999999991
20
-84.0424029999999931
11
167.2560660000000041
21
-84.0910659999999979
0
LINE
8
BLACK
6
CONTINUOUS
10
167.2560660000000041
20
-84.0910659999999979
11
167.2074029999999993
21
-84.123581999999999
0
LINE
8
BLACK
6
CONTINUOUS
10
167.2074029999999993
20
-84.123581999999999
11
167.1500000000000057
21
-84.1349999999999909
0
LINE
8
BLACK
6
CONTINUOUS
10
167.1500000000000057
20
-84.1349999999999909
11
165.6999999999999886
21
-84.1349999999999909
0
LINE
8
BLACK
6
CONTINUOUS
10
165.6999999999999886
20
-84.1349999999999909
11
165.642596999999995
21
-84.123581999999999
0
LINE
8
BLACK
6
CONTINUOUS
10
165.642596999999995
20
-84.123581999999999
11
165.5939339999999902
21
-84.0910659999999979
0
LINE
8
BLACK
6
CONTINUOUS
10
165.5939339999999902
20
-84.0910659999999979
11
165.5614180000000033
21
-84.0424029999999931
0
LINE
8
BLACK
6
CONTINUOUS
10
165.5614180000000033
20
-84.0424029999999931
11
165.5499999999999829
21
-83.9849999999999994
0
LINE
8
BLACK
6
CONTINUOUS
10
165.5499999999999829
20
-83.9849999999999994
11
165.5499999999999829
21
-83.6850000000000023
0
LINE
8
BLACK
6
CONTINUOUS
10
165.5499999999999829
20
-83.6850000000000023
11
165.5614180000000033
21
-83.6275969999999944
0
LINE
8
BLACK
6
CONTINUOUS
10
165.5614180000000033
20
-83.6275969999999944
11
165.5939339999999902
21
-83.5789339999999896
0
LINE
8
BLACK
6
CONTINUOUS
10
165.5939339999999902
20
-83.5789339999999896
11
165.642596999999995
21
-83.5464180000000027
0
LINE
8
BLACK
6
CONTINUOUS
10
165.642596999999995
20
-83.5464180000000027
11
165.6999999999999886
21
-83.5349999999999966
0
LINE
8
BLACK
6
CONTINUOUS
10
165.6999999999999886
20
-83.5349999999999966
11
167.1500000000000057
21
-83.5349999999999966
0
LINE
8
BLACK
6
CONTINUOUS
10
167.1500000000000057
20
-83.5349999999999966
11
167.2074029999999993
21
-83.5464180000000027
0
LINE
8
BLACK
6
CONTINUOUS
10
172.357403000000005
20
-83.5464180000000027
11
172.4060659999999814
21
-83.5789339999999896
0
LINE
8
BLACK
6
CONTINUOUS
10
172.4060659999999814
20
-83.5789339999999896
11
172.4385819999999967
21
-83.6275969999999944
0
LINE
8
BLACK
6
CONTINUOUS
10
172.4385819999999967
20
-83.6275969999999944
11
172.4499999999999886
21
-83.6850000000000023
0
LINE
8
BLACK
6
CONTINUOUS
10
172.4499999999999886
20
-83.6850000000000023
11
172.4499999999999886
21
-83.9849999999999994
0
LINE
8
BLACK
6
CONTINUOUS
10
172.4499999999999886
20
-83.9849999999999994
11
172.4385819999999967
21
-84.0424029999999931
0
LINE
8
BLACK
6
CONTINUOUS
10
172.4385819999999967
20
-84.0424029999999931
11
172.4060659999999814
21
-84.0910659999999979
0
LINE
8
BLACK
6
CONTINUOUS
10
172.4060659999999814
20
-84.0910659999999979
11
172.357403000000005
21
-84.123581999999999
0
LINE
8
BLACK
6
CONTINUOUS
10
172.357403000000005
20
-84.123581999999999
11
172.2999999999999829
21
-84.1349999999999909
0
LINE
8
BLACK
6
CONTINUOUS
10
172.2999999999999829
20
-84.1349999999999909
11
170.8499999999999943
21
-84.1349999999999909
0
LINE
8
BLACK
6
CONTINUOUS
10
170.8499999999999943
20
-84.1349999999999909
11
170.7925970000000007
21
-84.123581999999999
0
LINE
8
BLACK
6
CONTINUOUS
10
170.7925970000000007
20
-84.123581999999999
11
170.7439339999999959
21
-84.0910659999999979
0
LINE
8
BLACK
6
CONTINUOUS
10
170.7439339999999959
20
-84.0910659999999979
11
170.7114179999999806
21
-84.0424029999999931
0
LINE
8
BLACK
6
CONTINUOUS
10
170.7114179999999806
20
-84.0424029999999931
11
170.6999999999999886
21
-83.9849999999999994
0
LINE
8
BLACK
6
CONTINUOUS
10
170.6999999999999886
20
-83.9849999999999994
11
170.6999999999999886
21
-83.6850000000000023
0
LINE
8
BLACK
6
CONTINUOUS
10
170.6999999999999886
20
-83.6850000000000023
11
170.7114179999999806
21
-83.6275969999999944
0
LINE
8
BLACK
6
CONTINUOUS
10
170.7114179999999806
20
-83.6275969999999944
11
170.7439339999999959
21
-83.5789339999999896
0
LINE
8
BLACK
6
CONTINUOUS
10
170.7439339999999959
20
-83.5789339999999896
11
170.7925970000000007
21
-83.5464180000000027
0
LINE
8
BLACK
6
CONTINUOUS
10
170.7925970000000007
20
-83.5464180000000027
11
170.8499999999999943
21
-83.5349999999999966
0
LINE
8
BLACK
6
CONTINUOUS
10
170.8499999999999943
20
-83.5349999999999966
11
172.2999999999999829
21
-83.5349999999999966
0
LINE
8
BLACK
6
CONTINUOUS
10
172.2999999999999829
20
-83.5349999999999966
11
172.357403000000005
21
-83.5464180000000027
0
LINE
8
BLACK
6
CONTINUOUS
10
125.7456709999999873
20
-82.4190299999999922
11
125.8267769999999928
21
-82.4732229999999902
0
LINE
8
BLACK
6
CONTINUOUS
10
125.8267769999999928
20
-82.4732229999999902
11
125.8809699999999907
21
-82.5543289999999956
0
LINE
8
BLACK
6
CONTINUOUS
10
125.8809699999999907
20
-82.5543289999999956
11
125.8999999999999915
21
-82.6499999999999915
0
LINE
8
BLACK
6
CONTINUOUS
10
125.8999999999999915
20
-82.6499999999999915
11
125.8999999999999915
21
-83.3499999999999943
0
LINE
8
BLACK
6
CONTINUOUS
10
125.8999999999999915
20
-83.3499999999999943
11
125.8809699999999907
21
-83.4456709999999902
0
LINE
8
BLACK
6
CONTINUOUS
10
125.8809699999999907
20
-83.4456709999999902
11
125.8267769999999928
21
-83.5267769999999956
0
LINE
8
BLACK
6
CONTINUOUS
10
125.8267769999999928
20
-83.5267769999999956
11
125.7456709999999873
21
-83.5809699999999935
0
LINE
8
BLACK
6
CONTINUOUS
10
125.7456709999999873
20
-83.5809699999999935
11
125.6499999999999915
21
-83.5999999999999943
0
LINE
8
BLACK
6
CONTINUOUS
10
125.6499999999999915
20
-83.5999999999999943
11
124.75
21
-83.5999999999999943
0
LINE
8
BLACK
6
CONTINUOUS
10
124.75
20
-83.5999999999999943
11
124.6543289999999899
21
-83.5809699999999935
0
LINE
8
BLACK
6
CONTINUOUS
10
124.6543289999999899
20
-83.5809699999999935
11
124.5732229999999987
21
-83.5267769999999956
0
LINE
8
BLACK
6
CONTINUOUS
10
124.5732229999999987
20
-83.5267769999999956
11
124.5190300000000008
21
-83.4456709999999902
0
LINE
8
BLACK
6
CONTINUOUS
10
124.5190300000000008
20
-83.4456709999999902
11
124.5
21
-83.3499999999999943
0
LINE
8
BLACK
6
CONTINUOUS
10
124.5
20
-83.3499999999999943
11
124.5
21
-82.6499999999999915
0
LINE
8
BLACK
6
CONTINUOUS
10
124.5
20
-82.6499999999999915
11
124.5190300000000008
21
-82.5543289999999956
0
LINE
8
BLACK
6
CONTINUOUS
10
124.5190300000000008
20
-82.5543289999999956
11
124.5732229999999987
21
-82.4732229999999902
0
LINE
8
BLACK
6
CONTINUOUS
10
124.5732229999999987
20
-82.4732229999999902
11
124.6543289999999899
21
-82.4190299999999922
0
LINE
8
BLACK
6
CONTINUOUS
10
124.6543289999999899
20
-82.4190299999999922
11
124.75
21
-82.3999999999999915
0
LINE
8
BLACK
6
CONTINUOUS
10
124.75
20
-82.3999999999999915
11
125.6499999999999915
21
-82.3999999999999915
0
LINE
8
BLACK
6
CONTINUOUS
10
125.6499999999999915
20
-82.3999999999999915
11
125.7456709999999873
21
-82.4190299999999922
0
LINE
8
BLACK
6
CONTINUOUS
10
136.5456709999999987
20
-82.4190299999999922
11
136.6267770000000041
21
-82.4732229999999902
0
LINE
8
BLACK
6
CONTINUOUS
10
136.6267770000000041
20
-82.4732229999999902
11
136.6809700000000021
21
-82.5543289999999956
0
LINE
8
BLACK
6
CONTINUOUS
10
136.6809700000000021
20
-82.5543289999999956
11
136.6999999999999886
21
-82.6499999999999915
0
LINE
8
BLACK
6
CONTINUOUS
10
136.6999999999999886
20
-82.6499999999999915
11
136.6999999999999886
21
-83.3499999999999943
0
LINE
8
BLACK
6
CONTINUOUS
10
136.6999999999999886
20
-83.3499999999999943
11
136.6809700000000021
21
-83.4456709999999902
0
LINE
8
BLACK
6
CONTINUOUS
10
136.6809700000000021
20
-83.4456709999999902
11
136.6267770000000041
21
-83.5267769999999956
0
LINE
8
BLACK
6
CONTINUOUS
10
136.6267770000000041
20
-83.5267769999999956
11
136.5456709999999987
21
-83.5809699999999935
0
LINE
8
BLACK
6
CONTINUOUS
10
136.5456709999999987
20
-83.5809699999999935
11
136.4499999999999886
21
-83.5999999999999943
0
LINE
8
BLACK
6
CONTINUOUS
10
136.4499999999999886
20
-83.5999999999999943
11
135.5499999999999829
21
-83.5999999999999943
0
LINE
8
BLACK
6
CONTINUOUS
10
135.5499999999999829
20
-83.5999999999999943
11
135.4543290000000013
21
-83.5809699999999935
0
LINE
8
BLACK
6
CONTINUOUS
10
135.4543290000000013
20
-83.5809699999999935
11
135.3732229999999959
21
-83.5267769999999956
0
LINE
8
BLACK
6
CONTINUOUS
10
135.3732229999999959
20
-83.5267769999999956
11
135.3190299999999979
21
-83.4456709999999902
0
LINE
8
BLACK
6
CONTINUOUS
10
135.3190299999999979
20
-83.4456709999999902
11
135.2999999999999829
21
-83.3499999999999943
0
LINE
8
BLACK
6
CONTINUOUS
10
135.2999999999999829
20
-83.3499999999999943
11
135.2999999999999829
21
-82.6499999999999915
0
LINE
8
BLACK
6
CONTINUOUS
10
135.2999999999999829
20
-82.6499999999999915
11
135.3190299999999979
21
-82.5543289999999956
0
LINE
8
BLACK
6
CONTINUOUS
10
135.3190299999999979
20
-82.5543289999999956
11
135.3732229999999959
21
-82.4732229999999902
0
LINE
8
BLACK
6
CONTINUOUS
10
135.3732229999999959
20
-82.4732229999999902
11
135.4543290000000013
21
-82.4190299999999922
0
LINE
8
BLACK
6
CONTINUOUS
10
135.4543290000000013
20
-82.4190299999999922
11
135.5499999999999829
21
-82.3999999999999915
0
LINE
8
BLACK
6
CONTINUOUS
10
135.5499999999999829
20
-82.3999999999999915
11
136.4499999999999886
21
-82.3999999999999915
0
LINE
8
BLACK
6
CONTINUOUS
10
136.4499999999999886
20
-82.3999999999999915
11
136.5456709999999987
21
-82.4190299999999922
0
LINE
8
BLACK
6
CONTINUOUS
10
144.9456710000000044
20
-82.4190299999999922
11
145.0267769999999814
21
-82.4732229999999902
0
LINE
8
BLACK
6
CONTINUOUS
10
145.0267769999999814
20
-82.4732229999999902
11
145.0809699999999793
21
-82.5543289999999956
0
LINE
8
BLACK
6
CONTINUOUS
10
145.0809699999999793
20
-82.5543289999999956
11
145.0999999999999943
21
-82.6499999999999915
0
LINE
8
BLACK
6
CONTINUOUS
10
145.0999999999999943
20
-82.6499999999999915
11
145.0999999999999943
21
-83.3499999999999943
0
LINE
8
BLACK
6
CONTINUOUS
10
145.0999999999999943
20
-83.3499999999999943
11
145.0809699999999793
21
-83.4456709999999902
0
LINE
8
BLACK
6
CONTINUOUS
10
145.0809699999999793
20
-83.4456709999999902
11
145.0267769999999814
21
-83.5267769999999956
0
LINE
8
BLACK
6
CONTINUOUS
10
145.0267769999999814
20
-83.5267769999999956
11
144.9456710000000044
21
-83.5809699999999935
0
LINE
8
BLACK
6
CONTINUOUS
10
144.9456710000000044
20
-83.5809699999999935
11
144.8499999999999943
21
-83.5999999999999943
0
LINE
8
BLACK
6
CONTINUOUS
10
144.8499999999999943
20
-83.5999999999999943
11
143.9499999999999886
21
-83.5999999999999943
0
LINE
8
BLACK
6
CONTINUOUS
10
143.9499999999999886
20
-83.5999999999999943
11
143.854329000000007
21
-83.5809699999999935
0
LINE
8
BLACK
6
CONTINUOUS
10
143.854329000000007
20
-83.5809699999999935
11
143.7732230000000015
21
-83.5267769999999956
0
LINE
8
BLACK
6
CONTINUOUS
10
143.7732230000000015
20
-83.5267769999999956
11
143.7190300000000036
21
-83.4456709999999902
0
LINE
8
BLACK
6
CONTINUOUS
10
143.7190300000000036
20
-83.4456709999999902
11
143.6999999999999886
21
-83.3499999999999943
0
LINE
8
BLACK
6
CONTINUOUS
10
143.6999999999999886
20
-83.3499999999999943
11
143.6999999999999886
21
-82.6499999999999915
0
LINE
8
BLACK
6
CONTINUOUS
10
143.6999999999999886
20
-82.6499999999999915
11
143.7190300000000036
21
-82.5543289999999956
0
LINE
8
BLACK
6
CONTINUOUS
10
143.7190300000000036
20
-82.5543289999999956
11
143.7732230000000015
21
-82.4732229999999902
0
LINE
8
BLACK
6
CONTINUOUS
10
143.7732230000000015
20
-82.4732229999999902
11
143.854329000000007
21
-82.4190299999999922
0
LINE
8
BLACK
6
CONTINUOUS
10
143.854329000000007
20
-82.4190299999999922
11
143.9499999999999886
21
-82.3999999999999915
0
LINE
8
BLACK
6
CONTINUOUS
10
143.9499999999999886
20
-82.3999999999999915
11
144.8499999999999943
21
-82.3999999999999915
0
LINE
8
BLACK
6
CONTINUOUS
10
144.8499999999999943
20
-82.3999999999999915
11
144.9456710000000044
21
-82.4190299999999922
0
LINE
8
BLACK
6
CONTINUOUS
10
155.7456709999999873
20
-82.4190299999999922
11
155.8267769999999928
21
-82.4732229999999902
0
LINE
8
BLACK
6
CONTINUOUS
10
155.8267769999999928
20
-82.4732229999999902
11
155.8809699999999907
21
-82.5543289999999956
0
LINE
8
BLACK
6
CONTINUOUS
10
155.8809699999999907
20
-82.5543289999999956
11
155.9000000000000057
21
-82.6499999999999915
0
LINE
8
BLACK
6
CONTINUOUS
10
155.9000000000000057
20
-82.6499999999999915
11
155.9000000000000057
21
-83.3499999999999943
0
LINE
8
BLACK
6
CONTINUOUS
10
155.9000000000000057
20
-83.3499999999999943
11
155.8809699999999907
21
-83.4456709999999902
0
LINE
8
BLACK
6
CONTINUOUS
10
155.8809699999999907
20
-83.4456709999999902
11
155.8267769999999928
21
-83.5267769999999956
0
LINE
8
BLACK
6
CONTINUOUS
10
155.8267769999999928
20
-83.5267769999999956
11
155.7456709999999873
21
-83.5809699999999935
0
LINE
8
BLACK
6
CONTINUOUS
10
155.7456709999999873
20
-83.5809699999999935
11
155.6500000000000057
21
-83.5999999999999943
0
LINE
8
BLACK
6
CONTINUOUS
10
155.6500000000000057
20
-83.5999999999999943
11
154.75
21
-83.5999999999999943
0
LINE
8
BLACK
6
CONTINUOUS
10
154.75
20
-83.5999999999999943
11
154.6543289999999899
21
-83.5809699999999935
0
LINE
8
BLACK
6
CONTINUOUS
10
154.6543289999999899
20
-83.5809699999999935
11
154.5732229999999845
21
-83.5267769999999956
0
LINE
8
BLACK
6
CONTINUOUS
10
154.5732229999999845
20
-83.5267769999999956
11
154.5190299999999866
21
-83.4456709999999902
0
LINE
8
BLACK
6
CONTINUOUS
10
154.5190299999999866
20
-83.4456709999999902
11
154.5
21
-83.3499999999999943
0
LINE
8
BLACK
6
CONTINUOUS
10
154.5
20
-83.3499999999999943
11
154.5
21
-82.6499999999999915
0
LINE
8
BLACK
6
CONTINUOUS
10
154.5
20
-82.6499999999999915
11
154.5190299999999866
21
-82.5543289999999956
0
LINE
8
BLACK
6
CONTINUOUS
10
154.5190299999999866
20
-82.5543289999999956
11
154.5732229999999845
21
-82.4732229999999902
0
LINE
8
BLACK
6
CONTINUOUS
10
154.5732229999999845
20
-82.4732229999999902
11
154.6543289999999899
21
-82.4190299999999922
0
LINE
8
BLACK
6
CONTINUOUS
10
154.6543289999999899
20
-82.4190299999999922
11
154.75
21
-82.3999999999999915
0
LINE
8
BLACK
6
CONTINUOUS
10
154.75
20
-82.3999999999999915
11
155.6500000000000057
21
-82.3999999999999915
0
LINE
8
BLACK
6
CONTINUOUS
10
155.6500000000000057
20
-82.3999999999999915
11
155.7456709999999873
21
-82.4190299999999922
0
LINE
8
BLACK
6
CONTINUOUS
10
164.145670999999993
20
-82.4190299999999922
11
164.2267769999999985
21
-82.4732229999999902
0
LINE
8
BLACK
6
CONTINUOUS
10
164.2267769999999985
20
-82.4732229999999902
11
164.2809699999999964
21
-82.5543289999999956
0
LINE
8
BLACK
6
CONTINUOUS
10
164.2809699999999964
20
-82.5543289999999956
11
164.2999999999999829
21
-82.6499999999999915
0
LINE
8
BLACK
6
CONTINUOUS
10
164.2999999999999829
20
-82.6499999999999915
11
164.2999999999999829
21
-83.3499999999999943
0
LINE
8
BLACK
6
CONTINUOUS
10
164.2999999999999829
20
-83.3499999999999943
11
164.2809699999999964
21
-83.4456709999999902
0
LINE
8
BLACK
6
CONTINUOUS
10
164.2809699999999964
20
-83.4456709999999902
11
164.2267769999999985
21
-83.5267769999999956
0
LINE
8
BLACK
6
CONTINUOUS
10
164.2267769999999985
20
-83.5267769999999956
11
164.145670999999993
21
-83.5809699999999935
0
LINE
8
BLACK
6
CONTINUOUS
10
164.145670999999993
20
-83.5809699999999935
11
164.0499999999999829
21
-83.5999999999999943
0
LINE
8
BLACK
6
CONTINUOUS
10
164.0499999999999829
20
-83.5999999999999943
11
163.1500000000000057
21
-83.5999999999999943
0
LINE
8
BLACK
6
CONTINUOUS
10
163.1500000000000057
20
-83.5999999999999943
11
163.0543289999999956
21
-83.5809699999999935
0
LINE
8
BLACK
6
CONTINUOUS
10
163.0543289999999956
20
-83.5809699999999935
11
162.9732229999999902
21
-83.5267769999999956
0
LINE
8
BLACK
6
CONTINUOUS
10
162.9732229999999902
20
-83.5267769999999956
11
162.9190299999999922
21
-83.4456709999999902
0
LINE
8
BLACK
6
CONTINUOUS
10
162.9190299999999922
20
-83.4456709999999902
11
162.9000000000000057
21
-83.3499999999999943
0
LINE
8
BLACK
6
CONTINUOUS
10
162.9000000000000057
20
-83.3499999999999943
11
162.9000000000000057
21
-82.6499999999999915
0
LINE
8
BLACK
6
CONTINUOUS
10
162.9000000000000057
20
-82.6499999999999915
11
162.9190299999999922
21
-82.5543289999999956
0
LINE
8
BLACK
6
CONTINUOUS
10
162.9190299999999922
20
-82.5543289999999956
11
162.9732229999999902
21
-82.4732229999999902
0
LINE
8
BLACK
6
CONTINUOUS
10
162.9732229999999902
20
-82.4732229999999902
11
163.0543289999999956
21
-82.4190299999999922
0
LINE
8
BLACK
6
CONTINUOUS
10
163.0543289999999956
20
-82.4190299999999922
11
163.1500000000000057
21
-82.3999999999999915
0
LINE
8
BLACK
6
CONTINUOUS
10
163.1500000000000057
20
-82.3999999999999915
11
164.0499999999999829
21
-82.3999999999999915
0
LINE
8
BLACK
6
CONTINUOUS
10
164.0499999999999829
20
-82.3999999999999915
11
164.145670999999993
21
-82.4190299999999922
0
LINE
8
BLACK
6
CONTINUOUS
10
174.9456710000000044
20
-82.4190299999999922
11
175.0267769999999814
21
-82.4732229999999902
0
LINE
8
BLACK
6
CONTINUOUS
10
175.0267769999999814
20
-82.4732229999999902
11
175.0809699999999793
21
-82.5543289999999956
0
LINE
8
BLACK
6
CONTINUOUS
10
175.0809699999999793
20
-82.5543289999999956
11
175.0999999999999943
21
-82.6499999999999915
0
LINE
8
BLACK
6
CONTINUOUS
10
175.0999999999999943
20
-82.6499999999999915
11
175.0999999999999943
21
-83.3499999999999943
0
LINE
8
BLACK
6
CONTINUOUS
10
175.0999999999999943
20
-83.3499999999999943
11
175.0809699999999793
21
-83.4456709999999902
0
LINE
8
BLACK
6
CONTINUOUS
10
175.0809699999999793
20
-83.4456709999999902
11
175.0267769999999814
21
-83.5267769999999956
0
LINE
8
BLACK
6
CONTINUOUS
10
175.0267769999999814
20
-83.5267769999999956
11
174.9456710000000044
21
-83.5809699999999935
0
LINE
8
BLACK
6
CONTINUOUS
10
174.9456710000000044
20
-83.5809699999999935
11
174.8499999999999943
21
-83.5999999999999943
0
LINE
8
BLACK
6
CONTINUOUS
10
174.8499999999999943
20
-83.5999999999999943
11
173.9499999999999886
21
-83.5999999999999943
0
LINE
8
BLACK
6
CONTINUOUS
10
173.9499999999999886
20
-83.5999999999999943
11
173.8543289999999786
21
-83.5809699999999935
0
LINE
8
BLACK
6
CONTINUOUS
10
173.8543289999999786
20
-83.5809699999999935
11
173.7732230000000015
21
-83.5267769999999956
0
LINE
8
BLACK
6
CONTINUOUS
10
173.7732230000000015
20
-83.5267769999999956
11
173.7190300000000036
21
-83.4456709999999902
0
LINE
8
BLACK
6
CONTINUOUS
10
173.7190300000000036
20
-83.4456709999999902
11
173.6999999999999886
21
-83.3499999999999943
0
LINE
8
BLACK
6
CONTINUOUS
10
173.6999999999999886
20
-83.3499999999999943
11
173.6999999999999886
21
-82.6499999999999915
0
LINE
8
BLACK
6
CONTINUOUS
10
173.6999999999999886
20
-82.6499999999999915
11
173.7190300000000036
21
-82.5543289999999956
0
LINE
8
BLACK
6
CONTINUOUS
10
173.7190300000000036
20
-82.5543289999999956
11
173.7732230000000015
21
-82.4732229999999902
0
LINE
8
BLACK
6
CONTINUOUS
10
173.7732230000000015
20
-82.4732229999999902
11
173.8543289999999786
21
-82.4190299999999922
0
LINE
8
BLACK
6
CONTINUOUS
10
173.8543289999999786
20
-82.4190299999999922
11
173.9499999999999886
21
-82.3999999999999915
0
LINE
8
BLACK
6
CONTINUOUS
10
173.9499999999999886
20
-82.3999999999999915
11
174.8499999999999943
21
-82.3999999999999915
0
LINE
8
BLACK
6
CONTINUOUS
10
174.8499999999999943
20
-82.3999999999999915
11
174.9456710000000044
21
-82.4190299999999922
0
LINE
8
BLACK
6
CONTINUOUS
10
129.0074029999999823
20
-82.2764179999999925
11
129.0560659999999871
21
-82.3089339999999936
0
LINE
8
BLACK
6
CONTINUOUS
10
129.0560659999999871
20
-82.3089339999999936
11
129.0885820000000024
21
-82.3575969999999984
0
LINE
8
BLACK
6
CONTINUOUS
10
129.0885820000000024
20
-82.3575969999999984
11
129.0999999999999943
21
-82.414999999999992
0
LINE
8
BLACK
6
CONTINUOUS
10
129.0999999999999943
20
-82.414999999999992
11
129.0999999999999943
21
-82.7149999999999892
0
LINE
8
BLACK
6
CONTINUOUS
10
129.0999999999999943
20
-82.7149999999999892
11
129.0885820000000024
21
-82.7724029999999971
0
LINE
8
BLACK
6
CONTINUOUS
10
129.0885820000000024
20
-82.7724029999999971
11
129.0560659999999871
21
-82.8210660000000018
0
LINE
8
BLACK
6
CONTINUOUS
10
129.0560659999999871
20
-82.8210660000000018
11
129.0074029999999823
21
-82.8535820000000029
0
LINE
8
BLACK
6
CONTINUOUS
10
129.0074029999999823
20
-82.8535820000000029
11
128.9499999999999886
21
-82.8649999999999949
0
LINE
8
BLACK
6
CONTINUOUS
10
128.9499999999999886
20
-82.8649999999999949
11
127.2999999999999972
21
-82.8649999999999949
0
LINE
8
BLACK
6
CONTINUOUS
10
127.2999999999999972
20
-82.8649999999999949
11
127.2425969999999893
21
-82.8535820000000029
0
LINE
8
BLACK
6
CONTINUOUS
10
127.2425969999999893
20
-82.8535820000000029
11
127.1939339999999987
21
-82.8210660000000018
0
LINE
8
BLACK
6
CONTINUOUS
10
127.1939339999999987
20
-82.8210660000000018
11
127.1614179999999976
21
-82.7724029999999971
0
LINE
8
BLACK
6
CONTINUOUS
10
127.1614179999999976
20
-82.7724029999999971
11
127.1499999999999915
21
-82.7149999999999892
0
LINE
8
BLACK
6
CONTINUOUS
10
127.1499999999999915
20
-82.7149999999999892
11
127.1499999999999915
21
-82.414999999999992
0
LINE
8
BLACK
6
CONTINUOUS
10
127.1499999999999915
20
-82.414999999999992
11
127.1614179999999976
21
-82.3575969999999984
0
LINE
8
BLACK
6
CONTINUOUS
10
127.1614179999999976
20
-82.3575969999999984
11
127.1939339999999987
21
-82.3089339999999936
0
LINE
8
BLACK
6
CONTINUOUS
10
127.1939339999999987
20
-82.3089339999999936
11
127.2425969999999893
21
-82.2764179999999925
0
LINE
8
BLACK
6
CONTINUOUS
10
127.2425969999999893
20
-82.2764179999999925
11
127.2999999999999972
21
-82.2650000000000006
0
LINE
8
BLACK
6
CONTINUOUS
10
127.2999999999999972
20
-82.2650000000000006
11
128.9499999999999886
21
-82.2650000000000006
0
LINE
8
BLACK
6
CONTINUOUS
10
128.9499999999999886
20
-82.2650000000000006
11
129.0074029999999823
21
-82.2764179999999925
0
LINE
8
BLACK
6
CONTINUOUS
10
133.9574029999999993
20
-82.2764179999999925
11
134.0060660000000041
21
-82.3089339999999936
0
LINE
8
BLACK
6
CONTINUOUS
10
134.0060660000000041
20
-82.3089339999999936
11
134.038581999999991
21
-82.3575969999999984
0
LINE
8
BLACK
6
CONTINUOUS
10
134.038581999999991
20
-82.3575969999999984
11
134.0499999999999829
21
-82.414999999999992
0
LINE
8
BLACK
6
CONTINUOUS
10
134.0499999999999829
20
-82.414999999999992
11
134.0499999999999829
21
-82.7149999999999892
0
LINE
8
BLACK
6
CONTINUOUS
10
134.0499999999999829
20
-82.7149999999999892
11
134.038581999999991
21
-82.7724029999999971
0
LINE
8
BLACK
6
CONTINUOUS
10
134.038581999999991
20
-82.7724029999999971
11
134.0060660000000041
21
-82.8210660000000018
0
LINE
8
BLACK
6
CONTINUOUS
10
134.0060660000000041
20
-82.8210660000000018
11
133.9574029999999993
21
-82.8535820000000029
0
LINE
8
BLACK
6
CONTINUOUS
10
133.9574029999999993
20
-82.8535820000000029
11
133.9000000000000057
21
-82.8649999999999949
0
LINE
8
BLACK
6
CONTINUOUS
10
133.9000000000000057
20
-82.8649999999999949
11
132.25
21
-82.8649999999999949
0
LINE
8
BLACK
6
CONTINUOUS
10
132.25
20
-82.8649999999999949
11
132.1925970000000063
21
-82.8535820000000029
0
LINE
8
BLACK
6
CONTINUOUS
10
132.1925970000000063
20
-82.8535820000000029
11
132.1439340000000016
21
-82.8210660000000018
0
LINE
8
BLACK
6
CONTINUOUS
10
132.1439340000000016
20
-82.8210660000000018
11
132.1114179999999863
21
-82.7724029999999971
0
LINE
8
BLACK
6
CONTINUOUS
10
132.1114179999999863
20
-82.7724029999999971
11
132.0999999999999943
21
-82.7149999999999892
0
LINE
8
BLACK
6
CONTINUOUS
10
132.0999999999999943
20
-82.7149999999999892
11
132.0999999999999943
21
-82.414999999999992
0
LINE
8
BLACK
6
CONTINUOUS
10
132.0999999999999943
20
-82.414999999999992
11
132.1114179999999863
21
-82.3575969999999984
0
LINE
8
BLACK
6
CONTINUOUS
10
132.1114179999999863
20
-82.3575969999999984
11
132.1439340000000016
21
-82.3089339999999936
0
LINE
8
BLACK
6
CONTINUOUS
10
132.1439340000000016
20
-82.3089339999999936
11
132.1925970000000063
21
-82.2764179999999925
0
LINE
8
BLACK
6
CONTINUOUS
10
132.1925970000000063
20
-82.2764179999999925
11
132.25
21
-82.2650000000000006
0
LINE
8
BLACK
6
CONTINUOUS
10
132.25
20
-82.2650000000000006
11
133.9000000000000057
21
-82.2650000000000006
0
LINE
8
BLACK
6
CONTINUOUS
10
133.9000000000000057
20
-82.2650000000000006
11
133.9574029999999993
21
-82.2764179999999925
0
LINE
8
BLACK
6
CONTINUOUS
10
148.0074029999999823
20
-82.2764179999999925
11
148.0560659999999871
21
-82.3089339999999936
0
LINE
8
BLACK
6
CONTINUOUS
10
148.0560659999999871
20
-82.3089339999999936
11
148.0885820000000024
21
-82.3575969999999984
0
LINE
8
BLACK
6
CONTINUOUS
10
148.0885820000000024
20
-82.3575969999999984
11
148.0999999999999943
21
-82.414999999999992
0
LINE
8
BLACK
6
CONTINUOUS
10
148.0999999999999943
20
-82.414999999999992
11
148.0999999999999943
21
-82.7149999999999892
0
LINE
8
BLACK
6
CONTINUOUS
10
148.0999999999999943
20
-82.7149999999999892
11
148.0885820000000024
21
-82.7724029999999971
0
LINE
8
BLACK
6
CONTINUOUS
10
148.0885820000000024
20
-82.7724029999999971
11
148.0560659999999871
21
-82.8210660000000018
0
LINE
8
BLACK
6
CONTINUOUS
10
148.0560659999999871
20
-82.8210660000000018
11
148.0074029999999823
21
-82.8535820000000029
0
LINE
8
BLACK
6
CONTINUOUS
10
148.0074029999999823
20
-82.8535820000000029
11
147.9499999999999886
21
-82.8649999999999949
0
LINE
8
BLACK
6
CONTINUOUS
10
147.9499999999999886
20
-82.8649999999999949
11
146.5
21
-82.8649999999999949
0
LINE
8
BLACK
6
CONTINUOUS
10
146.5
20
-82.8649999999999949
11
146.4425970000000063
21
-82.8535820000000029
0
LINE
8
BLACK
6
CONTINUOUS
10
146.4425970000000063
20
-82.8535820000000029
11
146.3939340000000016
21
-82.8210660000000018
0
LINE
8
BLACK
6
CONTINUOUS
10
146.3939340000000016
20
-82.8210660000000018
11
146.3614179999999863
21
-82.7724029999999971
0
LINE
8
BLACK
6
CONTINUOUS
10
146.3614179999999863
20
-82.7724029999999971
11
146.3499999999999943
21
-82.7149999999999892
0
LINE
8
BLACK
6
CONTINUOUS
10
146.3499999999999943
20
-82.7149999999999892
11
146.3499999999999943
21
-82.414999999999992
0
LINE
8
BLACK
6
CONTINUOUS
10
146.3499999999999943
20
-82.414999999999992
11
146.3614179999999863
21
-82.3575969999999984
0
LINE
8
BLACK
6
CONTINUOUS
10
146.3614179999999863
20
-82.3575969999999984
11
146.3939340000000016
21
-82.3089339999999936
0
LINE
8
BLACK
6
CONTINUOUS
10
146.3939340000000016
20
-82.3089339999999936
11
146.4425970000000063
21
-82.2764179999999925
0
LINE
8
BLACK
6
CONTINUOUS
10
146.4425970000000063
20
-82.2764179999999925
11
146.5
21
-82.2650000000000006
0
LINE
8
BLACK
6
CONTINUOUS
10
146.5
20
-82.2650000000000006
11
147.9499999999999886
21
-82.2650000000000006
0
LINE
8
BLACK
6
CONTINUOUS
10
147.9499999999999886
20
-82.2650000000000006
11
148.0074029999999823
21
-82.2764179999999925
0
LINE
8
BLACK
6
CONTINUOUS
10
153.157402999999988
20
-82.2764179999999925
11
153.2060659999999928
21
-82.3089339999999936
0
LINE
8
BLACK
6
CONTINUOUS
10
153.2060659999999928
20
-82.3089339999999936
11
153.2385819999999796
21
-82.3575969999999984
0
LINE
8
BLACK
6
CONTINUOUS
10
153.2385819999999796
20
-82.3575969999999984
11
153.25
21
-82.414999999999992
0
LINE
8
BLACK
6
CONTINUOUS
10
153.25
20
-82.414999999999992
11
153.25
21
-82.7149999999999892
0
LINE
8
BLACK
6
CONTINUOUS
10
153.25
20
-82.7149999999999892
11
153.2385819999999796
21
-82.7724029999999971
0
LINE
8
BLACK
6
CONTINUOUS
10
153.2385819999999796
20
-82.7724029999999971
11
153.2060659999999928
21
-82.8210660000000018
0
LINE
8
BLACK
6
CONTINUOUS
10
153.2060659999999928
20
-82.8210660000000018
11
153.157402999999988
21
-82.8535820000000029
0
LINE
8
BLACK
6
CONTINUOUS
10
153.157402999999988
20
-82.8535820000000029
11
153.0999999999999943
21
-82.8649999999999949
0
LINE
8
BLACK
6
CONTINUOUS
10
153.0999999999999943
20
-82.8649999999999949
11
151.6500000000000057
21
-82.8649999999999949
0
LINE
8
BLACK
6
CONTINUOUS
10
151.6500000000000057
20
-82.8649999999999949
11
151.5925969999999836
21
-82.8535820000000029
0
LINE
8
BLACK
6
CONTINUOUS
10
151.5925969999999836
20
-82.8535820000000029
11
151.5439340000000072
21
-82.8210660000000018
0
LINE
8
BLACK
6
CONTINUOUS
10
151.5439340000000072
20
-82.8210660000000018
11
151.5114179999999919
21
-82.7724029999999971
0
LINE
8
BLACK
6
CONTINUOUS
10
151.5114179999999919
20
-82.7724029999999971
11
151.5
21
-82.7149999999999892
0
LINE
8
BLACK
6
CONTINUOUS
10
151.5
20
-82.7149999999999892
11
151.5
21
-82.414999999999992
0
LINE
8
BLACK
6
CONTINUOUS
10
151.5
20
-82.414999999999992
11
151.5114179999999919
21
-82.3575969999999984
0
LINE
8
BLACK
6
CONTINUOUS
10
151.5114179999999919
20
-82.3575969999999984
11
151.5439340000000072
21
-82.3089339999999936
0
LINE
8
BLACK
6
CONTINUOUS
10
151.5439340000000072
20
-82.3089339999999936
11
151.5925969999999836
21
-82.2764179999999925
0
LINE
8
BLACK
6
CONTINUOUS
10
151.5925969999999836
20
-82.2764179999999925
11
151.6500000000000057
21
-82.2650000000000006
0
LINE
8
BLACK
6
CONTINUOUS
10
151.6500000000000057
20
-82.2650000000000006
11
153.0999999999999943
21
-82.2650000000000006
0
LINE
8
BLACK
6
CONTINUOUS
10
153.0999999999999943
20
-82.2650000000000006
11
153.157402999999988
21
-82.2764179999999925
0
LINE
8
BLACK
6
CONTINUOUS
10
167.2074029999999993
20
-82.2764179999999925
11
167.2560660000000041
21
-82.3089339999999936
0
LINE
8
BLACK
6
CONTINUOUS
10
167.2560660000000041
20
-82.3089339999999936
11
167.288581999999991
21
-82.3575969999999984
0
LINE
8
BLACK
6
CONTINUOUS
10
167.288581999999991
20
-82.3575969999999984
11
167.2999999999999829
21
-82.414999999999992
0
LINE
8
BLACK
6
CONTINUOUS
10
167.2999999999999829
20
-82.414999999999992
11
167.2999999999999829
21
-82.7149999999999892
0
LINE
8
BLACK
6
CONTINUOUS
10
167.2999999999999829
20
-82.7149999999999892
11
167.288581999999991
21
-82.7724029999999971
0
LINE
8
BLACK
6
CONTINUOUS
10
167.288581999999991
20
-82.7724029999999971
11
167.2560660000000041
21
-82.8210660000000018
0
LINE
8
BLACK
6
CONTINUOUS
10
167.2560660000000041
20
-82.8210660000000018
11
167.2074029999999993
21
-82.8535820000000029
0
LINE
8
BLACK
6
CONTINUOUS
10
167.2074029999999993
20
-82.8535820000000029
11
167.1500000000000057
21
-82.8649999999999949
0
LINE
8
BLACK
6
CONTINUOUS
10
167.1500000000000057
20
-82.8649999999999949
11
165.6999999999999886
21
-82.8649999999999949
0
LINE
8
BLACK
6
CONTINUOUS
10
165.6999999999999886
20
-82.8649999999999949
11
165.642596999999995
21
-82.8535820000000029
0
LINE
8
BLACK
6
CONTINUOUS
10
165.642596999999995
20
-82.8535820000000029
11
165.5939339999999902
21
-82.8210660000000018
0
LINE
8
BLACK
6
CONTINUOUS
10
165.5939339999999902
20
-82.8210660000000018
11
165.5614180000000033
21
-82.7724029999999971
0
LINE
8
BLACK
6
CONTINUOUS
10
165.5614180000000033
20
-82.7724029999999971
11
165.5499999999999829
21
-82.7149999999999892
0
LINE
8
BLACK
6
CONTINUOUS
10
165.5499999999999829
20
-82.7149999999999892
11
165.5499999999999829
21
-82.414999999999992
0
LINE
8
BLACK
6
CONTINUOUS
10
165.5499999999999829
20
-82.414999999999992
11
165.5614180000000033
21
-82.3575969999999984
0
LINE
8
BLACK
6
CONTINUOUS
10
165.5614180000000033
20
-82.3575969999999984
11
165.5939339999999902
21
-82.3089339999999936
0
LINE
8
BLACK
6
CONTINUOUS
10
165.5939339999999902
20
-82.3089339999999936
11
165.642596999999995
21
-82.2764179999999925
0
LINE
8
BLACK
6
CONTINUOUS
10
165.642596999999995
20
-82.2764179999999925
11
165.6999999999999886
21
-82.2650000000000006
0
LINE
8
BLACK
6
CONTINUOUS
10
165.6999999999999886
20
-82.2650000000000006
11
167.1500000000000057
21
-82.2650000000000006
0
LINE
8
BLACK
6
CONTINUOUS
10
167.1500000000000057
20
-82.2650000000000006
11
167.2074029999999993
21
-82.2764179999999925
0
LINE
8
BLACK
6
CONTINUOUS
10
172.357403000000005
20
-82.2764179999999925
11
172.4060659999999814
21
-82.3089339999999936
0
LINE
8
BLACK
6
CONTINUOUS
10
172.4060659999999814
20
-82.3089339999999936
11
172.4385819999999967
21
-82.3575969999999984
0
LINE
8
BLACK
6
CONTINUOUS
10
172.4385819999999967
20
-82.3575969999999984
11
172.4499999999999886
21
-82.414999999999992
0
LINE
8
BLACK
6
CONTINUOUS
10
172.4499999999999886
20
-82.414999999999992
11
172.4499999999999886
21
-82.7149999999999892
0
LINE
8
BLACK
6
CONTINUOUS
10
172.4499999999999886
20
-82.7149999999999892
11
172.4385819999999967
21
-82.7724029999999971
0
LINE
8
BLACK
6
CONTINUOUS
10
172.4385819999999967
20
-82.7724029999999971
11
172.4060659999999814
21
-82.8210660000000018
0
LINE
8
BLACK
6
CONTINUOUS
10
172.4060659999999814
20
-82.8210660000000018
11
172.357403000000005
21
-82.8535820000000029
0
LINE
8
BLACK
6
CONTINUOUS
10
172.357403000000005
20
-82.8535820000000029
11
172.2999999999999829
21
-82.8649999999999949
0
LINE
8
BLACK
6
CONTINUOUS
10
172.2999999999999829
20
-82.8649999999999949
11
170.8499999999999943
21
-82.8649999999999949
0
LINE
8
BLACK
6
CONTINUOUS
10
170.8499999999999943
20
-82.8649999999999949
11
170.7925970000000007
21
-82.8535820000000029
0
LINE
8
BLACK
6
CONTINUOUS
10
170.7925970000000007
20
-82.8535820000000029
11
170.7439339999999959
21
-82.8210660000000018
0
LINE
8
BLACK
6
CONTINUOUS
10
170.7439339999999959
20
-82.8210660000000018
11
170.7114179999999806
21
-82.7724029999999971
0
LINE
8
BLACK
6
CONTINUOUS
10
170.7114179999999806
20
-82.7724029999999971
11
170.6999999999999886
21
-82.7149999999999892
0
LINE
8
BLACK
6
CONTINUOUS
10
170.6999999999999886
20
-82.7149999999999892
11
170.6999999999999886
21
-82.414999999999992
0
LINE
8
BLACK
6
CONTINUOUS
10
170.6999999999999886
20
-82.414999999999992
11
170.7114179999999806
21
-82.3575969999999984
0
LINE
8
BLACK
6
CONTINUOUS
10
170.7114179999999806
20
-82.3575969999999984
11
170.7439339999999959
21
-82.3089339999999936
0
LINE
8
BLACK
6
CONTINUOUS
10
170.7439339999999959
20
-82.3089339999999936
11
170.7925970000000007
21
-82.2764179999999925
0
LINE
8
BLACK
6
CONTINUOUS
10
170.7925970000000007
20
-82.2764179999999925
11
170.8499999999999943
21
-82.2650000000000006
0
LINE
8
BLACK
6
CONTINUOUS
10
170.8499999999999943
20
-82.2650000000000006
11
172.2999999999999829
21
-82.2650000000000006
0
LINE
8
BLACK
6
CONTINUOUS
10
172.2999999999999829
20
-82.2650000000000006
11
172.357403000000005
21
-82.2764179999999925
0
LINE
8
BLACK
6
CONTINUOUS
10
125.770670999999993
20
-80.4690299999999894
11
125.8517769999999985
21
-80.5232230000000015
0
LINE
8
BLACK
6
CONTINUOUS
10
125.8517769999999985
20
-80.5232230000000015
11
125.9059699999999964
21
-80.6043289999999928
0
LINE
8
BLACK
6
CONTINUOUS
10
125.9059699999999964
20
-80.6043289999999928
11
125.9249999999999972
21
-80.7000000000000028
0
LINE
8
BLACK
6
CONTINUOUS
10
125.9249999999999972
20
-80.7000000000000028
11
125.9249999999999972
21
-81.375
0
LINE
8
BLACK
6
CONTINUOUS
10
125.9249999999999972
20
-81.375
11
125.9059699999999964
21
-81.4706709999999958
0
LINE
8
BLACK
6
CONTINUOUS
10
125.9059699999999964
20
-81.4706709999999958
11
125.8517769999999985
21
-81.5517770000000013
0
LINE
8
BLACK
6
CONTINUOUS
10
125.8517769999999985
20
-81.5517770000000013
11
125.770670999999993
21
-81.6059699999999992
0
LINE
8
BLACK
6
CONTINUOUS
10
125.770670999999993
20
-81.6059699999999992
11
125.6749999999999972
21
-81.625
0
LINE
8
BLACK
6
CONTINUOUS
10
125.6749999999999972
20
-81.625
11
124.7249999999999943
21
-81.625
0
LINE
8
BLACK
6
CONTINUOUS
10
124.7249999999999943
20
-81.625
11
124.6293289999999985
21
-81.6059699999999992
0
LINE
8
BLACK
6
CONTINUOUS
10
124.6293289999999985
20
-81.6059699999999992
11
124.548222999999993
21
-81.5517770000000013
0
LINE
8
BLACK
6
CONTINUOUS
10
124.548222999999993
20
-81.5517770000000013
11
124.4940299999999951
21
-81.4706709999999958
0
LINE
8
BLACK
6
CONTINUOUS
10
124.4940299999999951
20
-81.4706709999999958
11
124.4749999999999943
21
-81.375
0
LINE
8
BLACK
6
CONTINUOUS
10
124.4749999999999943
20
-81.375
11
124.4749999999999943
21
-80.7000000000000028
0
LINE
8
BLACK
6
CONTINUOUS
10
124.4749999999999943
20
-80.7000000000000028
11
124.4940299999999951
21
-80.6043289999999928
0
LINE
8
BLACK
6
CONTINUOUS
10
124.4940299999999951
20
-80.6043289999999928
11
124.548222999999993
21
-80.5232230000000015
0
LINE
8
BLACK
6
CONTINUOUS
10
124.548222999999993
20
-80.5232230000000015
11
124.6293289999999985
21
-80.4690299999999894
0
LINE
8
BLACK
6
CONTINUOUS
10
124.6293289999999985
20
-80.4690299999999894
11
124.7249999999999943
21
-80.4500000000000028
0
LINE
8
BLACK
6
CONTINUOUS
10
124.7249999999999943
20
-80.4500000000000028
11
125.6749999999999972
21
-80.4500000000000028
0
LINE
8
BLACK
6
CONTINUOUS
10
125.6749999999999972
20
-80.4500000000000028
11
125.770670999999993
21
-80.4690299999999894
0
LINE
8
BLACK
6
CONTINUOUS
10
136.5706710000000044
20
-80.4690299999999894
11
136.6517769999999814
21
-80.5232230000000015
0
LINE
8
BLACK
6
CONTINUOUS
10
136.6517769999999814
20
-80.5232230000000015
11
136.7059700000000078
21
-80.6043289999999928
0
LINE
8
BLACK
6
CONTINUOUS
10
136.7059700000000078
20
-80.6043289999999928
11
136.7249999999999943
21
-80.7000000000000028
0
LINE
8
BLACK
6
CONTINUOUS
10
136.7249999999999943
20
-80.7000000000000028
11
136.7249999999999943
21
-81.375
0
LINE
8
BLACK
6
CONTINUOUS
10
136.7249999999999943
20
-81.375
11
136.7059700000000078
21
-81.4706709999999958
0
LINE
8
BLACK
6
CONTINUOUS
10
136.7059700000000078
20
-81.4706709999999958
11
136.6517769999999814
21
-81.5517770000000013
0
LINE
8
BLACK
6
CONTINUOUS
10
136.6517769999999814
20
-81.5517770000000013
11
136.5706710000000044
21
-81.6059699999999992
0
LINE
8
BLACK
6
CONTINUOUS
10
136.5706710000000044
20
-81.6059699999999992
11
136.4749999999999943
21
-81.625
0
LINE
8
BLACK
6
CONTINUOUS
10
136.4749999999999943
20
-81.625
11
135.5250000000000057
21
-81.625
0
LINE
8
BLACK
6
CONTINUOUS
10
135.5250000000000057
20
-81.625
11
135.4293289999999956
21
-81.6059699999999992
0
LINE
8
BLACK
6
CONTINUOUS
10
135.4293289999999956
20
-81.6059699999999992
11
135.3482229999999902
21
-81.5517770000000013
0
LINE
8
BLACK
6
CONTINUOUS
10
135.3482229999999902
20
-81.5517770000000013
11
135.2940299999999922
21
-81.4706709999999958
0
LINE
8
BLACK
6
CONTINUOUS
10
135.2940299999999922
20
-81.4706709999999958
11
135.2750000000000057
21
-81.375
0
LINE
8
BLACK
6
CONTINUOUS
10
135.2750000000000057
20
-81.375
11
135.2750000000000057
21
-80.7000000000000028
0
LINE
8
BLACK
6
CONTINUOUS
10
135.2750000000000057
20
-80.7000000000000028
11
135.2940299999999922
21
-80.6043289999999928
0
LINE
8
BLACK
6
CONTINUOUS
10
135.2940299999999922
20
-80.6043289999999928
11
135.3482229999999902
21
-80.5232230000000015
0
LINE
8
BLACK
6
CONTINUOUS
10
135.3482229999999902
20
-80.5232230000000015
11
135.4293289999999956
21
-80.4690299999999894
0
LINE
8
BLACK
6
CONTINUOUS
10
135.4293289999999956
20
-80.4690299999999894
11
135.5250000000000057
21
-80.4500000000000028
0
LINE
8
BLACK
6
CONTINUOUS
10
135.5250000000000057
20
-80.4500000000000028
11
136.4749999999999943
21
-80.4500000000000028
0
LINE
8
BLACK
6
CONTINUOUS
10
136.4749999999999943
20
-80.4500000000000028
11
136.5706710000000044
21
-80.4690299999999894
0
LINE
8
BLACK
6
CONTINUOUS
10
144.9706709999999816
20
-80.4690299999999894
11
145.0517769999999871
21
-80.5232230000000015
0
LINE
8
BLACK
6
CONTINUOUS
10
145.0517769999999871
20
-80.5232230000000015
11
145.105969999999985
21
-80.6043289999999928
0
LINE
8
BLACK
6
CONTINUOUS
10
145.105969999999985
20
-80.6043289999999928
11
145.125
21
-80.7000000000000028
0
LINE
8
BLACK
6
CONTINUOUS
10
145.125
20
-80.7000000000000028
11
145.125
21
-81.375
0
LINE
8
BLACK
6
CONTINUOUS
10
145.125
20
-81.375
11
145.105969999999985
21
-81.4706709999999958
0
LINE
8
BLACK
6
CONTINUOUS
10
145.105969999999985
20
-81.4706709999999958
11
145.0517769999999871
21
-81.5517770000000013
0
LINE
8
BLACK
6
CONTINUOUS
10
145.0517769999999871
20
-81.5517770000000013
11
144.9706709999999816
21
-81.6059699999999992
0
LINE
8
BLACK
6
CONTINUOUS
10
144.9706709999999816
20
-81.6059699999999992
11
144.875
21
-81.625
0
LINE
8
BLACK
6
CONTINUOUS
10
144.875
20
-81.625
11
143.9249999999999829
21
-81.625
0
LINE
8
BLACK
6
CONTINUOUS
10
143.9249999999999829
20
-81.625
11
143.8293290000000013
21
-81.6059699999999992
0
LINE
8
BLACK
6
CONTINUOUS
10
143.8293290000000013
20
-81.6059699999999992
11
143.7482229999999959
21
-81.5517770000000013
0
LINE
8
BLACK
6
CONTINUOUS
10
143.7482229999999959
20
-81.5517770000000013
11
143.6940299999999979
21
-81.4706709999999958
0
LINE
8
BLACK
6
CONTINUOUS
10
143.6940299999999979
20
-81.4706709999999958
11
143.6749999999999829
21
-81.375
0
LINE
8
BLACK
6
CONTINUOUS
10
143.6749999999999829
20
-81.375
11
143.6749999999999829
21
-80.7000000000000028
0
LINE
8
BLACK
6
CONTINUOUS
10
143.6749999999999829
20
-80.7000000000000028
11
143.6940299999999979
21
-80.6043289999999928
0
LINE
8
BLACK
6
CONTINUOUS
10
143.6940299999999979
20
-80.6043289999999928
11
143.7482229999999959
21
-80.5232230000000015
0
LINE
8
BLACK
6
CONTINUOUS
10
143.7482229999999959
20
-80.5232230000000015
11
143.8293290000000013
21
-80.4690299999999894
0
LINE
8
BLACK
6
CONTINUOUS
10
143.8293290000000013
20
-80.4690299999999894
11
143.9249999999999829
21
-80.4500000000000028
0
LINE
8
BLACK
6
CONTINUOUS
10
143.9249999999999829
20
-80.4500000000000028
11
144.875
21
-80.4500000000000028
0
LINE
8
BLACK
6
CONTINUOUS
10
144.875
20
-80.4500000000000028
11
144.9706709999999816
21
-80.4690299999999894
0
LINE
8
BLACK
6
CONTINUOUS
10
164.1706709999999987
20
-80.4690299999999894
11
164.2517770000000041
21
-80.5232230000000015
0
LINE
8
BLACK
6
CONTINUOUS
10
164.2517770000000041
20
-80.5232230000000015
11
164.3059700000000021
21
-80.6043289999999928
0
LINE
8
BLACK
6
CONTINUOUS
10
164.3059700000000021
20
-80.6043289999999928
11
164.3249999999999886
21
-80.7000000000000028
0
LINE
8
BLACK
6
CONTINUOUS
10
164.3249999999999886
20
-80.7000000000000028
11
164.3249999999999886
21
-81.375
0
LINE
8
BLACK
6
CONTINUOUS
10
164.3249999999999886
20
-81.375
11
164.3059700000000021
21
-81.4706709999999958
0
LINE
8
BLACK
6
CONTINUOUS
10
164.3059700000000021
20
-81.4706709999999958
11
164.2517770000000041
21
-81.5517770000000013
0
LINE
8
BLACK
6
CONTINUOUS
10
164.2517770000000041
20
-81.5517770000000013
11
164.1706709999999987
21
-81.6059699999999992
0
LINE
8
BLACK
6
CONTINUOUS
10
164.1706709999999987
20
-81.6059699999999992
11
164.0749999999999886
21
-81.625
0
LINE
8
BLACK
6
CONTINUOUS
10
164.0749999999999886
20
-81.625
11
163.125
21
-81.625
0
LINE
8
BLACK
6
CONTINUOUS
10
163.125
20
-81.625
11
163.0293289999999899
21
-81.6059699999999992
0
LINE
8
BLACK
6
CONTINUOUS
10
163.0293289999999899
20
-81.6059699999999992
11
162.9482229999999845
21
-81.5517770000000013
0
LINE
8
BLACK
6
CONTINUOUS
10
162.9482229999999845
20
-81.5517770000000013
11
162.8940299999999866
21
-81.4706709999999958
0
LINE
8
BLACK
6
CONTINUOUS
10
162.8940299999999866
20
-81.4706709999999958
11
162.875
21
-81.375
0
LINE
8
BLACK
6
CONTINUOUS
10
162.875
20
-81.375
11
162.875
21
-80.7000000000000028
0
LINE
8
BLACK
6
CONTINUOUS
10
162.875
20
-80.7000000000000028
11
162.8940299999999866
21
-80.6043289999999928
0
LINE
8
BLACK
6
CONTINUOUS
10
162.8940299999999866
20
-80.6043289999999928
11
162.9482229999999845
21
-80.5232230000000015
0
LINE
8
BLACK
6
CONTINUOUS
10
162.9482229999999845
20
-80.5232230000000015
11
163.0293289999999899
21
-80.4690299999999894
0
LINE
8
BLACK
6
CONTINUOUS
10
163.0293289999999899
20
-80.4690299999999894
11
163.125
21
-80.4500000000000028
0
LINE
8
BLACK
6
CONTINUOUS
10
163.125
20
-80.4500000000000028
11
164.0749999999999886
21
-80.4500000000000028
0
LINE
8
BLACK
6
CONTINUOUS
10
164.0749999999999886
20
-80.4500000000000028
11
164.1706709999999987
21
-80.4690299999999894
0
LINE
8
BLACK
6
CONTINUOUS
10
174.9706709999999816
20
-80.4690299999999894
11
175.0517769999999871
21
-80.5232230000000015
0
LINE
8
BLACK
6
CONTINUOUS
10
175.0517769999999871
20
-80.5232230000000015
11
175.105969999999985
21
-80.6043289999999928
0
LINE
8
BLACK
6
CONTINUOUS
10
175.105969999999985
20
-80.6043289999999928
11
175.125
21
-80.7000000000000028
0
LINE
8
BLACK
6
CONTINUOUS
10
175.125
20
-80.7000000000000028
11
175.125
21
-81.375
0
LINE
8
BLACK
6
CONTINUOUS
10
175.125
20
-81.375
11
175.105969999999985
21
-81.4706709999999958
0
LINE
8
BLACK
6
CONTINUOUS
10
175.105969999999985
20
-81.4706709999999958
11
175.0517769999999871
21
-81.5517770000000013
0
LINE
8
BLACK
6
CONTINUOUS
10
175.0517769999999871
20
-81.5517770000000013
11
174.9706709999999816
21
-81.6059699999999992
0
LINE
8
BLACK
6
CONTINUOUS
10
174.9706709999999816
20
-81.6059699999999992
11
174.875
21
-81.625
0
LINE
8
BLACK
6
CONTINUOUS
10
174.875
20
-81.625
11
173.9249999999999829
21
-81.625
0
LINE
8
BLACK
6
CONTINUOUS
10
173.9249999999999829
20
-81.625
11
173.8293290000000013
21
-81.6059699999999992
0
LINE
8
BLACK
6
CONTINUOUS
10
173.8293290000000013
20
-81.6059699999999992
11
173.7482229999999959
21
-81.5517770000000013
0
LINE
8
BLACK
6
CONTINUOUS
10
173.7482229999999959
20
-81.5517770000000013
11
173.6940299999999979
21
-81.4706709999999958
0
LINE
8
BLACK
6
CONTINUOUS
10
173.6940299999999979
20
-81.4706709999999958
11
173.6749999999999829
21
-81.375
0
LINE
8
BLACK
6
CONTINUOUS
10
173.6749999999999829
20
-81.375
11
173.6749999999999829
21
-80.7000000000000028
0
LINE
8
BLACK
6
CONTINUOUS
10
173.6749999999999829
20
-80.7000000000000028
11
173.6940299999999979
21
-80.6043289999999928
0
LINE
8
BLACK
6
CONTINUOUS
10
173.6940299999999979
20
-80.6043289999999928
11
173.7482229999999959
21
-80.5232230000000015
0
LINE
8
BLACK
6
CONTINUOUS
10
173.7482229999999959
20
-80.5232230000000015
11
173.8293290000000013
21
-80.4690299999999894
0
LINE
8
BLACK
6
CONTINUOUS
10
173.8293290000000013
20
-80.4690299999999894
11
173.9249999999999829
21
-80.4500000000000028
0
LINE
8
BLACK
6
CONTINUOUS
10
173.9249999999999829
20
-80.4500000000000028
11
174.875
21
-80.4500000000000028
0
LINE
8
BLACK
6
CONTINUOUS
10
174.875
20
-80.4500000000000028
11
174.9706709999999816
21
-80.4690299999999894
0
LINE
8
BLACK
6
CONTINUOUS
10
129.0074029999999823
20
-81.0064179999999965
11
129.0560659999999871
21
-81.0389339999999976
0
LINE
8
BLACK
6
CONTINUOUS
10
129.0560659999999871
20
-81.0389339999999976
11
129.0885820000000024
21
-81.0875970000000024
0
LINE
8
BLACK
6
CONTINUOUS
10
129.0885820000000024
20
-81.0875970000000024
11
129.0999999999999943
21
-81.144999999999996
0
LINE
8
BLACK
6
CONTINUOUS
10
129.0999999999999943
20
-81.144999999999996
11
129.0999999999999943
21
-81.4449999999999932
0
LINE
8
BLACK
6
CONTINUOUS
10
129.0999999999999943
20
-81.4449999999999932
11
129.0885820000000024
21
-81.502403000000001
0
LINE
8
BLACK
6
CONTINUOUS
10
129.0885820000000024
20
-81.502403000000001
11
129.0560659999999871
21
-81.5510659999999916
0
LINE
8
BLACK
6
CONTINUOUS
10
129.0560659999999871
20
-81.5510659999999916
11
129.0074029999999823
21
-81.5835819999999927
0
LINE
8
BLACK
6
CONTINUOUS
10
129.0074029999999823
20
-81.5835819999999927
11
128.9499999999999886
21
-81.5949999999999989
0
LINE
8
BLACK
6
CONTINUOUS
10
128.9499999999999886
20
-81.5949999999999989
11
127.2999999999999972
21
-81.5949999999999989
0
LINE
8
BLACK
6
CONTINUOUS
10
127.2999999999999972
20
-81.5949999999999989
11
127.2425969999999893
21
-81.5835819999999927
0
LINE
8
BLACK
6
CONTINUOUS
10
127.2425969999999893
20
-81.5835819999999927
11
127.1939339999999987
21
-81.5510659999999916
0
LINE
8
BLACK
6
CONTINUOUS
10
127.1939339999999987
20
-81.5510659999999916
11
127.1614179999999976
21
-81.502403000000001
0
LINE
8
BLACK
6
CONTINUOUS
10
127.1614179999999976
20
-81.502403000000001
11
127.1499999999999915
21
-81.4449999999999932
0
LINE
8
BLACK
6
CONTINUOUS
10
127.1499999999999915
20
-81.4449999999999932
11
127.1499999999999915
21
-81.144999999999996
0
LINE
8
BLACK
6
CONTINUOUS
10
127.1499999999999915
20
-81.144999999999996
11
127.1614179999999976
21
-81.0875970000000024
0
LINE
8
BLACK
6
CONTINUOUS
10
127.1614179999999976
20
-81.0875970000000024
11
127.1939339999999987
21
-81.0389339999999976
0
LINE
8
BLACK
6
CONTINUOUS
10
127.1939339999999987
20
-81.0389339999999976
11
127.2425969999999893
21
-81.0064179999999965
0
LINE
8
BLACK
6
CONTINUOUS
10
127.2425969999999893
20
-81.0064179999999965
11
127.2999999999999972
21
-80.9949999999999903
0
LINE
8
BLACK
6
CONTINUOUS
10
127.2999999999999972
20
-80.9949999999999903
11
128.9499999999999886
21
-80.9949999999999903
0
LINE
8
BLACK
6
CONTINUOUS
10
128.9499999999999886
20
-80.9949999999999903
11
129.0074029999999823
21
-81.0064179999999965
0
LINE
8
BLACK
6
CONTINUOUS
10
133.9574029999999993
20
-81.0064179999999965
11
134.0060660000000041
21
-81.0389339999999976
0
LINE
8
BLACK
6
CONTINUOUS
10
134.0060660000000041
20
-81.0389339999999976
11
134.038581999999991
21
-81.0875970000000024
0
LINE
8
BLACK
6
CONTINUOUS
10
134.038581999999991
20
-81.0875970000000024
11
134.0499999999999829
21
-81.144999999999996
0
LINE
8
BLACK
6
CONTINUOUS
10
134.0499999999999829
20
-81.144999999999996
11
134.0499999999999829
21
-81.4449999999999932
0
LINE
8
BLACK
6
CONTINUOUS
10
134.0499999999999829
20
-81.4449999999999932
11
134.038581999999991
21
-81.502403000000001
0
LINE
8
BLACK
6
CONTINUOUS
10
134.038581999999991
20
-81.502403000000001
11
134.0060660000000041
21
-81.5510659999999916
0
LINE
8
BLACK
6
CONTINUOUS
10
134.0060660000000041
20
-81.5510659999999916
11
133.9574029999999993
21
-81.5835819999999927
0
LINE
8
BLACK
6
CONTINUOUS
10
133.9574029999999993
20
-81.5835819999999927
11
133.9000000000000057
21
-81.5949999999999989
0
LINE
8
BLACK
6
CONTINUOUS
10
133.9000000000000057
20
-81.5949999999999989
11
132.25
21
-81.5949999999999989
0
LINE
8
BLACK
6
CONTINUOUS
10
132.25
20
-81.5949999999999989
11
132.1925970000000063
21
-81.5835819999999927
0
LINE
8
BLACK
6
CONTINUOUS
10
132.1925970000000063
20
-81.5835819999999927
11
132.1439340000000016
21
-81.5510659999999916
0
LINE
8
BLACK
6
CONTINUOUS
10
132.1439340000000016
20
-81.5510659999999916
11
132.1114179999999863
21
-81.502403000000001
0
LINE
8
BLACK
6
CONTINUOUS
10
132.1114179999999863
20
-81.502403000000001
11
132.0999999999999943
21
-81.4449999999999932
0
LINE
8
BLACK
6
CONTINUOUS
10
132.0999999999999943
20
-81.4449999999999932
11
132.0999999999999943
21
-81.144999999999996
0
LINE
8
BLACK
6
CONTINUOUS
10
132.0999999999999943
20
-81.144999999999996
11
132.1114179999999863
21
-81.0875970000000024
0
LINE
8
BLACK
6
CONTINUOUS
10
132.1114179999999863
20
-81.0875970000000024
11
132.1439340000000016
21
-81.0389339999999976
0
LINE
8
BLACK
6
CONTINUOUS
10
132.1439340000000016
20
-81.0389339999999976
11
132.1925970000000063
21
-81.0064179999999965
0
LINE
8
BLACK
6
CONTINUOUS
10
132.1925970000000063
20
-81.0064179999999965
11
132.25
21
-80.9949999999999903
0
LINE
8
BLACK
6
CONTINUOUS
10
132.25
20
-80.9949999999999903
11
133.9000000000000057
21
-80.9949999999999903
0
LINE
8
BLACK
6
CONTINUOUS
10
133.9000000000000057
20
-80.9949999999999903
11
133.9574029999999993
21
-81.0064179999999965
0
LINE
8
BLACK
6
CONTINUOUS
10
148.0074029999999823
20
-81.0064179999999965
11
148.0560659999999871
21
-81.0389339999999976
0
LINE
8
BLACK
6
CONTINUOUS
10
148.0560659999999871
20
-81.0389339999999976
11
148.0885820000000024
21
-81.0875970000000024
0
LINE
8
BLACK
6
CONTINUOUS
10
148.0885820000000024
20
-81.0875970000000024
11
148.0999999999999943
21
-81.144999999999996
0
LINE
8
BLACK
6
CONTINUOUS
10
148.0999999999999943
20
-81.144999999999996
11
148.0999999999999943
21
-81.4449999999999932
0
LINE
8
BLACK
6
CONTINUOUS
10
148.0999999999999943
20
-81.4449999999999932
11
148.0885820000000024
21
-81.502403000000001
0
LINE
8
BLACK
6
CONTINUOUS
10
148.0885820000000024
20
-81.502403000000001
11
148.0560659999999871
21
-81.5510659999999916
0
LINE
8
BLACK
6
CONTINUOUS
10
148.0560659999999871
20
-81.5510659999999916
11
148.0074029999999823
21
-81.5835819999999927
0
LINE
8
BLACK
6
CONTINUOUS
10
148.0074029999999823
20
-81.5835819999999927
11
147.9499999999999886
21
-81.5949999999999989
0
LINE
8
BLACK
6
CONTINUOUS
10
147.9499999999999886
20
-81.5949999999999989
11
146.5
21
-81.5949999999999989
0
LINE
8
BLACK
6
CONTINUOUS
10
146.5
20
-81.5949999999999989
11
146.4425970000000063
21
-81.5835819999999927
0
LINE
8
BLACK
6
CONTINUOUS
10
146.4425970000000063
20
-81.5835819999999927
11
146.3939340000000016
21
-81.5510659999999916
0
LINE
8
BLACK
6
CONTINUOUS
10
146.3939340000000016
20
-81.5510659999999916
11
146.3614179999999863
21
-81.502403000000001
0
LINE
8
BLACK
6
CONTINUOUS
10
146.3614179999999863
20
-81.502403000000001
11
146.3499999999999943
21
-81.4449999999999932
0
LINE
8
BLACK
6
CONTINUOUS
10
146.3499999999999943
20
-81.4449999999999932
11
146.3499999999999943
21
-81.144999999999996
0
LINE
8
BLACK
6
CONTINUOUS
10
146.3499999999999943
20
-81.144999999999996
11
146.3614179999999863
21
-81.0875970000000024
0
LINE
8
BLACK
6
CONTINUOUS
10
146.3614179999999863
20
-81.0875970000000024
11
146.3939340000000016
21
-81.0389339999999976
0
LINE
8
BLACK
6
CONTINUOUS
10
146.3939340000000016
20
-81.0389339999999976
11
146.4425970000000063
21
-81.0064179999999965
0
LINE
8
BLACK
6
CONTINUOUS
10
146.4425970000000063
20
-81.0064179999999965
11
146.5
21
-80.9949999999999903
0
LINE
8
BLACK
6
CONTINUOUS
10
146.5
20
-80.9949999999999903
11
147.9499999999999886
21
-80.9949999999999903
0
LINE
8
BLACK
6
CONTINUOUS
10
147.9499999999999886
20
-80.9949999999999903
11
148.0074029999999823
21
-81.0064179999999965
0
LINE
8
BLACK
6
CONTINUOUS
10
153.157402999999988
20
-81.0064179999999965
11
153.2060659999999928
21
-81.0389339999999976
0
LINE
8
BLACK
6
CONTINUOUS
10
153.2060659999999928
20
-81.0389339999999976
11
153.2385819999999796
21
-81.0875970000000024
0
LINE
8
BLACK
6
CONTINUOUS
10
153.2385819999999796
20
-81.0875970000000024
11
153.25
21
-81.144999999999996
0
LINE
8
BLACK
6
CONTINUOUS
10
153.25
20
-81.144999999999996
11
153.25
21
-81.4449999999999932
0
LINE
8
BLACK
6
CONTINUOUS
10
153.25
20
-81.4449999999999932
11
153.2385819999999796
21
-81.502403000000001
0
LINE
8
BLACK
6
CONTINUOUS
10
153.2385819999999796
20
-81.502403000000001
11
153.2060659999999928
21
-81.5510659999999916
0
LINE
8
BLACK
6
CONTINUOUS
10
153.2060659999999928
20
-81.5510659999999916
11
153.157402999999988
21
-81.5835819999999927
0
LINE
8
BLACK
6
CONTINUOUS
10
153.157402999999988
20
-81.5835819999999927
11
153.0999999999999943
21
-81.5949999999999989
0
LINE
8
BLACK
6
CONTINUOUS
10
153.0999999999999943
20
-81.5949999999999989
11
151.6500000000000057
21
-81.5949999999999989
0
LINE
8
BLACK
6
CONTINUOUS
10
151.6500000000000057
20
-81.5949999999999989
11
151.5925969999999836
21
-81.5835819999999927
0
LINE
8
BLACK
6
CONTINUOUS
10
151.5925969999999836
20
-81.5835819999999927
11
151.5439340000000072
21
-81.5510659999999916
0
LINE
8
BLACK
6
CONTINUOUS
10
151.5439340000000072
20
-81.5510659999999916
11
151.5114179999999919
21
-81.502403000000001
0
LINE
8
BLACK
6
CONTINUOUS
10
151.5114179999999919
20
-81.502403000000001
11
151.5
21
-81.4449999999999932
0
LINE
8
BLACK
6
CONTINUOUS
10
151.5
20
-81.4449999999999932
11
151.5
21
-81.144999999999996
0
LINE
8
BLACK
6
CONTINUOUS
10
151.5
20
-81.144999999999996
11
151.5114179999999919
21
-81.0875970000000024
0
LINE
8
BLACK
6
CONTINUOUS
10
151.5114179999999919
20
-81.0875970000000024
11
151.5439340000000072
21
-81.0389339999999976
0
LINE
8
BLACK
6
CONTINUOUS
10
151.5439340000000072
20
-81.0389339999999976
11
151.5925969999999836
21
-81.0064179999999965
0
LINE
8
BLACK
6
CONTINUOUS
10
151.5925969999999836
20
-81.0064179999999965
11
151.6500000000000057
21
-80.9949999999999903
0
LINE
8
BLACK
6
CONTINUOUS
10
151.6500000000000057
20
-80.9949999999999903
11
153.0999999999999943
21
-80.9949999999999903
0
LINE
8
BLACK
6
CONTINUOUS
10
153.0999999999999943
20
-80.9949999999999903
11
153.157402999999988
21
-81.0064179999999965
0
LINE
8
BLACK
6
CONTINUOUS
10
167.2074029999999993
20
-81.0064179999999965
11
167.2560660000000041
21
-81.0389339999999976
0
LINE
8
BLACK
6
CONTINUOUS
10
167.2560660000000041
20
-81.0389339999999976
11
167.288581999999991
21
-81.0875970000000024
0
LINE
8
BLACK
6
CONTINUOUS
10
167.288581999999991
20
-81.0875970000000024
11
167.2999999999999829
21
-81.144999999999996
0
LINE
8
BLACK
6
CONTINUOUS
10
167.2999999999999829
20
-81.144999999999996
11
167.2999999999999829
21
-81.4449999999999932
0
LINE
8
BLACK
6
CONTINUOUS
10
167.2999999999999829
20
-81.4449999999999932
11
167.288581999999991
21
-81.502403000000001
0
LINE
8
BLACK
6
CONTINUOUS
10
167.288581999999991
20
-81.502403000000001
11
167.2560660000000041
21
-81.5510659999999916
0
LINE
8
BLACK
6
CONTINUOUS
10
167.2560660000000041
20
-81.5510659999999916
11
167.2074029999999993
21
-81.5835819999999927
0
LINE
8
BLACK
6
CONTINUOUS
10
167.2074029999999993
20
-81.5835819999999927
11
167.1500000000000057
21
-81.5949999999999989
0
LINE
8
BLACK
6
CONTINUOUS
10
167.1500000000000057
20
-81.5949999999999989
11
165.6999999999999886
21
-81.5949999999999989
0
LINE
8
BLACK
6
CONTINUOUS
10
165.6999999999999886
20
-81.5949999999999989
11
165.642596999999995
21
-81.5835819999999927
0
LINE
8
BLACK
6
CONTINUOUS
10
165.642596999999995
20
-81.5835819999999927
11
165.5939339999999902
21
-81.5510659999999916
0
LINE
8
BLACK
6
CONTINUOUS
10
165.5939339999999902
20
-81.5510659999999916
11
165.5614180000000033
21
-81.502403000000001
0
LINE
8
BLACK
6
CONTINUOUS
10
165.5614180000000033
20
-81.502403000000001
11
165.5499999999999829
21
-81.4449999999999932
0
LINE
8
BLACK
6
CONTINUOUS
10
165.5499999999999829
20
-81.4449999999999932
11
165.5499999999999829
21
-81.144999999999996
0
LINE
8
BLACK
6
CONTINUOUS
10
165.5499999999999829
20
-81.144999999999996
11
165.5614180000000033
21
-81.0875970000000024
0
LINE
8
BLACK
6
CONTINUOUS
10
165.5614180000000033
20
-81.0875970000000024
11
165.5939339999999902
21
-81.0389339999999976
0
LINE
8
BLACK
6
CONTINUOUS
10
165.5939339999999902
20
-81.0389339999999976
11
165.642596999999995
21
-81.0064179999999965
0
LINE
8
BLACK
6
CONTINUOUS
10
165.642596999999995
20
-81.0064179999999965
11
165.6999999999999886
21
-80.9949999999999903
0
LINE
8
BLACK
6
CONTINUOUS
10
165.6999999999999886
20
-80.9949999999999903
11
167.1500000000000057
21
-80.9949999999999903
0
LINE
8
BLACK
6
CONTINUOUS
10
167.1500000000000057
20
-80.9949999999999903
11
167.2074029999999993
21
-81.0064179999999965
0
LINE
8
BLACK
6
CONTINUOUS
10
172.357403000000005
20
-81.0064179999999965
11
172.4060659999999814
21
-81.0389339999999976
0
LINE
8
BLACK
6
CONTINUOUS
10
172.4060659999999814
20
-81.0389339999999976
11
172.4385819999999967
21
-81.0875970000000024
0
LINE
8
BLACK
6
CONTINUOUS
10
172.4385819999999967
20
-81.0875970000000024
11
172.4499999999999886
21
-81.144999999999996
0
LINE
8
BLACK
6
CONTINUOUS
10
172.4499999999999886
20
-81.144999999999996
11
172.4499999999999886
21
-81.4449999999999932
0
LINE
8
BLACK
6
CONTINUOUS
10
172.4499999999999886
20
-81.4449999999999932
11
172.4385819999999967
21
-81.502403000000001
0
LINE
8
BLACK
6
CONTINUOUS
10
172.4385819999999967
20
-81.502403000000001
11
172.4060659999999814
21
-81.5510659999999916
0
LINE
8
BLACK
6
CONTINUOUS
10
172.4060659999999814
20
-81.5510659999999916
11
172.357403000000005
21
-81.5835819999999927
0
LINE
8
BLACK
6
CONTINUOUS
10
172.357403000000005
20
-81.5835819999999927
11
172.2999999999999829
21
-81.5949999999999989
0
LINE
8
BLACK
6
CONTINUOUS
10
172.2999999999999829
20
-81.5949999999999989
11
170.8499999999999943
21
-81.5949999999999989
0
LINE
8
BLACK
6
CONTINUOUS
10
170.8499999999999943
20
-81.5949999999999989
11
170.7925970000000007
21
-81.5835819999999927
0
LINE
8
BLACK
6
CONTINUOUS
10
170.7925970000000007
20
-81.5835819999999927
11
170.7439339999999959
21
-81.5510659999999916
0
LINE
8
BLACK
6
CONTINUOUS
10
170.7439339999999959
20
-81.5510659999999916
11
170.7114179999999806
21
-81.502403000000001
0
LINE
8
BLACK
6
CONTINUOUS
10
170.7114179999999806
20
-81.502403000000001
11
170.6999999999999886
21
-81.4449999999999932
0
LINE
8
BLACK
6
CONTINUOUS
10
170.6999999999999886
20
-81.4449999999999932
11
170.6999999999999886
21
-81.144999999999996
0
LINE
8
BLACK
6
CONTINUOUS
10
170.6999999999999886
20
-81.144999999999996
11
170.7114179999999806
21
-81.0875970000000024
0
LINE
8
BLACK
6
CONTINUOUS
10
170.7114179999999806
20
-81.0875970000000024
11
170.7439339999999959
21
-81.0389339999999976
0
LINE
8
BLACK
6
CONTINUOUS
10
170.7439339999999959
20
-81.0389339999999976
11
170.7925970000000007
21
-81.0064179999999965
0
LINE
8
BLACK
6
CONTINUOUS
10
170.7925970000000007
20
-81.0064179999999965
11
170.8499999999999943
21
-80.9949999999999903
0
LINE
8
BLACK
6
CONTINUOUS
10
170.8499999999999943
20
-80.9949999999999903
11
172.2999999999999829
21
-80.9949999999999903
0
LINE
8
BLACK
6
CONTINUOUS
10
172.2999999999999829
20
-80.9949999999999903
11
172.357403000000005
21
-81.0064179999999965
0
LINE
8
BLACK
6
CONTINUOUS
10
155.770670999999993
20
-80.4315299999999951
11
155.8517769999999985
21
-80.485722999999993
0
LINE
8
BLACK
6
CONTINUOUS
10
155.8517769999999985
20
-80.485722999999993
11
155.9059699999999964
21
-80.5668289999999985
0
LINE
8
BLACK
6
CONTINUOUS
10
155.9059699999999964
20
-80.5668289999999985
11
155.9249999999999829
21
-80.6624999999999943
0
LINE
8
BLACK
6
CONTINUOUS
10
155.9249999999999829
20
-80.6624999999999943
11
155.9249999999999829
21
-81.3374999999999915
0
LINE
8
BLACK
6
CONTINUOUS
10
155.9249999999999829
20
-81.3374999999999915
11
155.9059699999999964
21
-81.4331710000000015
0
LINE
8
BLACK
6
CONTINUOUS
10
155.9059699999999964
20
-81.4331710000000015
11
155.8517769999999985
21
-81.5142769999999928
0
LINE
8
BLACK
6
CONTINUOUS
10
155.8517769999999985
20
-81.5142769999999928
11
155.770670999999993
21
-81.5684699999999907
0
LINE
8
BLACK
6
CONTINUOUS
10
155.770670999999993
20
-81.5684699999999907
11
155.6749999999999829
21
-81.5874999999999915
0
LINE
8
BLACK
6
CONTINUOUS
10
155.6749999999999829
20
-81.5874999999999915
11
154.7249999999999943
21
-81.5874999999999915
0
LINE
8
BLACK
6
CONTINUOUS
10
154.7249999999999943
20
-81.5874999999999915
11
154.6293289999999843
21
-81.5684699999999907
0
LINE
8
BLACK
6
CONTINUOUS
10
154.6293289999999843
20
-81.5684699999999907
11
154.5482229999999788
21
-81.5142769999999928
0
LINE
8
BLACK
6
CONTINUOUS
10
154.5482229999999788
20
-81.5142769999999928
11
154.4940299999999809
21
-81.4331710000000015
0
LINE
8
BLACK
6
CONTINUOUS
10
154.4940299999999809
20
-81.4331710000000015
11
154.4749999999999943
21
-81.3374999999999915
0
LINE
8
BLACK
6
CONTINUOUS
10
154.4749999999999943
20
-81.3374999999999915
11
154.4749999999999943
21
-80.6624999999999943
0
LINE
8
BLACK
6
CONTINUOUS
10
154.4749999999999943
20
-80.6624999999999943
11
154.4940299999999809
21
-80.5668289999999985
0
LINE
8
BLACK
6
CONTINUOUS
10
154.4940299999999809
20
-80.5668289999999985
11
154.5482229999999788
21
-80.485722999999993
0
LINE
8
BLACK
6
CONTINUOUS
10
154.5482229999999788
20
-80.485722999999993
11
154.6293289999999843
21
-80.4315299999999951
0
LINE
8
BLACK
6
CONTINUOUS
10
154.6293289999999843
20
-80.4315299999999951
11
154.7249999999999943
21
-80.4124999999999943
0
LINE
8
BLACK
6
CONTINUOUS
10
154.7249999999999943
20
-80.4124999999999943
11
155.6749999999999829
21
-80.4124999999999943
0
LINE
8
BLACK
6
CONTINUOUS
10
155.6749999999999829
20
-80.4124999999999943
11
155.770670999999993
21
-80.4315299999999951
0
LINE
8
BLACK
6
CONTINUOUS
10
125.770670999999993
20
-78.3940300000000008
11
125.8517769999999985
21
-78.4482229999999987
0
LINE
8
BLACK
6
CONTINUOUS
10
125.8517769999999985
20
-78.4482229999999987
11
125.9059699999999964
21
-78.5293289999999899
0
LINE
8
BLACK
6
CONTINUOUS
10
125.9059699999999964
20
-78.5293289999999899
11
125.9249999999999972
21
-78.625
0
LINE
8
BLACK
6
CONTINUOUS
10
125.9249999999999972
20
-78.625
11
125.9249999999999972
21
-79.2999999999999972
0
LINE
8
BLACK
6
CONTINUOUS
10
125.9249999999999972
20
-79.2999999999999972
11
125.9059699999999964
21
-79.395670999999993
0
LINE
8
BLACK
6
CONTINUOUS
10
125.9059699999999964
20
-79.395670999999993
11
125.8517769999999985
21
-79.4767769999999985
0
LINE
8
BLACK
6
CONTINUOUS
10
125.8517769999999985
20
-79.4767769999999985
11
125.770670999999993
21
-79.5309699999999964
0
LINE
8
BLACK
6
CONTINUOUS
10
125.770670999999993
20
-79.5309699999999964
11
125.6749999999999972
21
-79.5499999999999972
0
LINE
8
BLACK
6
CONTINUOUS
10
125.6749999999999972
20
-79.5499999999999972
11
124.7249999999999943
21
-79.5499999999999972
0
LINE
8
BLACK
6
CONTINUOUS
10
124.7249999999999943
20
-79.5499999999999972
11
124.6293289999999985
21
-79.5309699999999964
0
LINE
8
BLACK
6
CONTINUOUS
10
124.6293289999999985
20
-79.5309699999999964
11
124.548222999999993
21
-79.4767769999999985
0
LINE
8
BLACK
6
CONTINUOUS
10
124.548222999999993
20
-79.4767769999999985
11
124.4940299999999951
21
-79.395670999999993
0
LINE
8
BLACK
6
CONTINUOUS
10
124.4940299999999951
20
-79.395670999999993
11
124.4749999999999943
21
-79.2999999999999972
0
LINE
8
BLACK
6
CONTINUOUS
10
124.4749999999999943
20
-79.2999999999999972
11
124.4749999999999943
21
-78.625
0
LINE
8
BLACK
6
CONTINUOUS
10
124.4749999999999943
20
-78.625
11
124.4940299999999951
21
-78.5293289999999899
0
LINE
8
BLACK
6
CONTINUOUS
10
124.4940299999999951
20
-78.5293289999999899
11
124.548222999999993
21
-78.4482229999999987
0
LINE
8
BLACK
6
CONTINUOUS
10
124.548222999999993
20
-78.4482229999999987
11
124.6293289999999985
21
-78.3940300000000008
0
LINE
8
BLACK
6
CONTINUOUS
10
124.6293289999999985
20
-78.3940300000000008
11
124.7249999999999943
21
-78.375
0
LINE
8
BLACK
6
CONTINUOUS
10
124.7249999999999943
20
-78.375
11
125.6749999999999972
21
-78.375
0
LINE
8
BLACK
6
CONTINUOUS
10
125.6749999999999972
20
-78.375
11
125.770670999999993
21
-78.3940300000000008
0
LINE
8
BLACK
6
CONTINUOUS
10
136.5706710000000044
20
-78.3940300000000008
11
136.6517769999999814
21
-78.4482229999999987
0
LINE
8
BLACK
6
CONTINUOUS
10
136.6517769999999814
20
-78.4482229999999987
11
136.7059700000000078
21
-78.5293289999999899
0
LINE
8
BLACK
6
CONTINUOUS
10
136.7059700000000078
20
-78.5293289999999899
11
136.7249999999999943
21
-78.625
0
LINE
8
BLACK
6
CONTINUOUS
10
136.7249999999999943
20
-78.625
11
136.7249999999999943
21
-79.2999999999999972
0
LINE
8
BLACK
6
CONTINUOUS
10
136.7249999999999943
20
-79.2999999999999972
11
136.7059700000000078
21
-79.395670999999993
0
LINE
8
BLACK
6
CONTINUOUS
10
136.7059700000000078
20
-79.395670999999993
11
136.6517769999999814
21
-79.4767769999999985
0
LINE
8
BLACK
6
CONTINUOUS
10
136.6517769999999814
20
-79.4767769999999985
11
136.5706710000000044
21
-79.5309699999999964
0
LINE
8
BLACK
6
CONTINUOUS
10
136.5706710000000044
20
-79.5309699999999964
11
136.4749999999999943
21
-79.5499999999999972
0
LINE
8
BLACK
6
CONTINUOUS
10
136.4749999999999943
20
-79.5499999999999972
11
135.5250000000000057
21
-79.5499999999999972
0
LINE
8
BLACK
6
CONTINUOUS
10
135.5250000000000057
20
-79.5499999999999972
11
135.4293289999999956
21
-79.5309699999999964
0
LINE
8
BLACK
6
CONTINUOUS
10
135.4293289999999956
20
-79.5309699999999964
11
135.3482229999999902
21
-79.4767769999999985
0
LINE
8
BLACK
6
CONTINUOUS
10
135.3482229999999902
20
-79.4767769999999985
11
135.2940299999999922
21
-79.395670999999993
0
LINE
8
BLACK
6
CONTINUOUS
10
135.2940299999999922
20
-79.395670999999993
11
135.2750000000000057
21
-79.2999999999999972
0
LINE
8
BLACK
6
CONTINUOUS
10
135.2750000000000057
20
-79.2999999999999972
11
135.2750000000000057
21
-78.625
0
LINE
8
BLACK
6
CONTINUOUS
10
135.2750000000000057
20
-78.625
11
135.2940299999999922
21
-78.5293289999999899
0
LINE
8
BLACK
6
CONTINUOUS
10
135.2940299999999922
20
-78.5293289999999899
11
135.3482229999999902
21
-78.4482229999999987
0
LINE
8
BLACK
6
CONTINUOUS
10
135.3482229999999902
20
-78.4482229999999987
11
135.4293289999999956
21
-78.3940300000000008
0
LINE
8
BLACK
6
CONTINUOUS
10
135.4293289999999956
20
-78.3940300000000008
11
135.5250000000000057
21
-78.375
0
LINE
8
BLACK
6
CONTINUOUS
10
135.5250000000000057
20
-78.375
11
136.4749999999999943
21
-78.375
0
LINE
8
BLACK
6
CONTINUOUS
10
136.4749999999999943
20
-78.375
11
136.5706710000000044
21
-78.3940300000000008
0
LINE
8
BLACK
6
CONTINUOUS
10
144.9706709999999816
20
-78.3940300000000008
11
145.0517769999999871
21
-78.4482229999999987
0
LINE
8
BLACK
6
CONTINUOUS
10
145.0517769999999871
20
-78.4482229999999987
11
145.105969999999985
21
-78.5293289999999899
0
LINE
8
BLACK
6
CONTINUOUS
10
145.105969999999985
20
-78.5293289999999899
11
145.125
21
-78.625
0
LINE
8
BLACK
6
CONTINUOUS
10
145.125
20
-78.625
11
145.125
21
-79.2999999999999972
0
LINE
8
BLACK
6
CONTINUOUS
10
145.125
20
-79.2999999999999972
11
145.105969999999985
21
-79.395670999999993
0
LINE
8
BLACK
6
CONTINUOUS
10
145.105969999999985
20
-79.395670999999993
11
145.0517769999999871
21
-79.4767769999999985
0
LINE
8
BLACK
6
CONTINUOUS
10
145.0517769999999871
20
-79.4767769999999985
11
144.9706709999999816
21
-79.5309699999999964
0
LINE
8
BLACK
6
CONTINUOUS
10
144.9706709999999816
20
-79.5309699999999964
11
144.875
21
-79.5499999999999972
0
LINE
8
BLACK
6
CONTINUOUS
10
144.875
20
-79.5499999999999972
11
143.9249999999999829
21
-79.5499999999999972
0
LINE
8
BLACK
6
CONTINUOUS
10
143.9249999999999829
20
-79.5499999999999972
11
143.8293290000000013
21
-79.5309699999999964
0
LINE
8
BLACK
6
CONTINUOUS
10
143.8293290000000013
20
-79.5309699999999964
11
143.7482229999999959
21
-79.4767769999999985
0
LINE
8
BLACK
6
CONTINUOUS
10
143.7482229999999959
20
-79.4767769999999985
11
143.6940299999999979
21
-79.395670999999993
0
LINE
8
BLACK
6
CONTINUOUS
10
143.6940299999999979
20
-79.395670999999993
11
143.6749999999999829
21
-79.2999999999999972
0
LINE
8
BLACK
6
CONTINUOUS
10
143.6749999999999829
20
-79.2999999999999972
11
143.6749999999999829
21
-78.625
0
LINE
8
BLACK
6
CONTINUOUS
10
143.6749999999999829
20
-78.625
11
143.6940299999999979
21
-78.5293289999999899
0
LINE
8
BLACK
6
CONTINUOUS
10
143.6940299999999979
20
-78.5293289999999899
11
143.7482229999999959
21
-78.4482229999999987
0
LINE
8
BLACK
6
CONTINUOUS
10
143.7482229999999959
20
-78.4482229999999987
11
143.8293290000000013
21
-78.3940300000000008
0
LINE
8
BLACK
6
CONTINUOUS
10
143.8293290000000013
20
-78.3940300000000008
11
143.9249999999999829
21
-78.375
0
LINE
8
BLACK
6
CONTINUOUS
10
143.9249999999999829
20
-78.375
11
144.875
21
-78.375
0
LINE
8
BLACK
6
CONTINUOUS
10
144.875
20
-78.375
11
144.9706709999999816
21
-78.3940300000000008
0
LINE
8
BLACK
6
CONTINUOUS
10
164.1706709999999987
20
-78.3940300000000008
11
164.2517770000000041
21
-78.4482229999999987
0
LINE
8
BLACK
6
CONTINUOUS
10
164.2517770000000041
20
-78.4482229999999987
11
164.3059700000000021
21
-78.5293289999999899
0
LINE
8
BLACK
6
CONTINUOUS
10
164.3059700000000021
20
-78.5293289999999899
11
164.3249999999999886
21
-78.625
0
LINE
8
BLACK
6
CONTINUOUS
10
164.3249999999999886
20
-78.625
11
164.3249999999999886
21
-79.2999999999999972
0
LINE
8
BLACK
6
CONTINUOUS
10
164.3249999999999886
20
-79.2999999999999972
11
164.3059700000000021
21
-79.395670999999993
0
LINE
8
BLACK
6
CONTINUOUS
10
164.3059700000000021
20
-79.395670999999993
11
164.2517770000000041
21
-79.4767769999999985
0
LINE
8
BLACK
6
CONTINUOUS
10
164.2517770000000041
20
-79.4767769999999985
11
164.1706709999999987
21
-79.5309699999999964
0
LINE
8
BLACK
6
CONTINUOUS
10
164.1706709999999987
20
-79.5309699999999964
11
164.0749999999999886
21
-79.5499999999999972
0
LINE
8
BLACK
6
CONTINUOUS
10
164.0749999999999886
20
-79.5499999999999972
11
163.125
21
-79.5499999999999972
0
LINE
8
BLACK
6
CONTINUOUS
10
163.125
20
-79.5499999999999972
11
163.0293289999999899
21
-79.5309699999999964
0
LINE
8
BLACK
6
CONTINUOUS
10
163.0293289999999899
20
-79.5309699999999964
11
162.9482229999999845
21
-79.4767769999999985
0
LINE
8
BLACK
6
CONTINUOUS
10
162.9482229999999845
20
-79.4767769999999985
11
162.8940299999999866
21
-79.395670999999993
0
LINE
8
BLACK
6
CONTINUOUS
10
162.8940299999999866
20
-79.395670999999993
11
162.875
21
-79.2999999999999972
0
LINE
8
BLACK
6
CONTINUOUS
10
162.875
20
-79.2999999999999972
11
162.875
21
-78.625
0
LINE
8
BLACK
6
CONTINUOUS
10
162.875
20
-78.625
11
162.8940299999999866
21
-78.5293289999999899
0
LINE
8
BLACK
6
CONTINUOUS
10
162.8940299999999866
20
-78.5293289999999899
11
162.9482229999999845
21
-78.4482229999999987
0
LINE
8
BLACK
6
CONTINUOUS
10
162.9482229999999845
20
-78.4482229999999987
11
163.0293289999999899
21
-78.3940300000000008
0
LINE
8
BLACK
6
CONTINUOUS
10
163.0293289999999899
20
-78.3940300000000008
11
163.125
21
-78.375
0
LINE
8
BLACK
6
CONTINUOUS
10
163.125
20
-78.375
11
164.0749999999999886
21
-78.375
0
LINE
8
BLACK
6
CONTINUOUS
10
164.0749999999999886
20
-78.375
11
164.1706709999999987
21
-78.3940300000000008
0
LINE
8
BLACK
6
CONTINUOUS
10
174.9706709999999816
20
-78.3940300000000008
11
175.0517769999999871
21
-78.4482229999999987
0
LINE
8
BLACK
6
CONTINUOUS
10
175.0517769999999871
20
-78.4482229999999987
11
175.105969999999985
21
-78.5293289999999899
0
LINE
8
BLACK
6
CONTINUOUS
10
175.105969999999985
20
-78.5293289999999899
11
175.125
21
-78.625
0
LINE
8
BLACK
6
CONTINUOUS
10
175.125
20
-78.625
11
175.125
21
-79.2999999999999972
0
LINE
8
BLACK
6
CONTINUOUS
10
175.125
20
-79.2999999999999972
11
175.105969999999985
21
-79.395670999999993
0
LINE
8
BLACK
6
CONTINUOUS
10
175.105969999999985
20
-79.395670999999993
11
175.0517769999999871
21
-79.4767769999999985
0
LINE
8
BLACK
6
CONTINUOUS
10
175.0517769999999871
20
-79.4767769999999985
11
174.9706709999999816
21
-79.5309699999999964
0
LINE
8
BLACK
6
CONTINUOUS
10
174.9706709999999816
20
-79.5309699999999964
11
174.875
21
-79.5499999999999972
0
LINE
8
BLACK
6
CONTINUOUS
10
174.875
20
-79.5499999999999972
11
173.9249999999999829
21
-79.5499999999999972
0
LINE
8
BLACK
6
CONTINUOUS
10
173.9249999999999829
20
-79.5499999999999972
11
173.8293290000000013
21
-79.5309699999999964
0
LINE
8
BLACK
6
CONTINUOUS
10
173.8293290000000013
20
-79.5309699999999964
11
173.7482229999999959
21
-79.4767769999999985
0
LINE
8
BLACK
6
CONTINUOUS
10
173.7482229999999959
20
-79.4767769999999985
11
173.6940299999999979
21
-79.395670999999993
0
LINE
8
BLACK
6
CONTINUOUS
10
173.6940299999999979
20
-79.395670999999993
11
173.6749999999999829
21
-79.2999999999999972
0
LINE
8
BLACK
6
CONTINUOUS
10
173.6749999999999829
20
-79.2999999999999972
11
173.6749999999999829
21
-78.625
0
LINE
8
BLACK
6
CONTINUOUS
10
173.6749999999999829
20
-78.625
11
173.6940299999999979
21
-78.5293289999999899
0
LINE
8
BLACK
6
CONTINUOUS
10
173.6940299999999979
20
-78.5293289999999899
11
173.7482229999999959
21
-78.4482229999999987
0
LINE
8
BLACK
6
CONTINUOUS
10
173.7482229999999959
20
-78.4482229999999987
11
173.8293290000000013
21
-78.3940300000000008
0
LINE
8
BLACK
6
CONTINUOUS
10
173.8293290000000013
20
-78.3940300000000008
11
173.9249999999999829
21
-78.375
0
LINE
8
BLACK
6
CONTINUOUS
10
173.9249999999999829
20
-78.375
11
174.875
21
-78.375
0
LINE
8
BLACK
6
CONTINUOUS
10
174.875
20
-78.375
11
174.9706709999999816
21
-78.3940300000000008
0
LINE
8
BLACK
6
CONTINUOUS
10
155.770670999999993
20
-78.3565299999999922
11
155.8517769999999985
21
-78.4107229999999902
0
LINE
8
BLACK
6
CONTINUOUS
10
155.8517769999999985
20
-78.4107229999999902
11
155.9059699999999964
21
-78.4918289999999956
0
LINE
8
BLACK
6
CONTINUOUS
10
155.9059699999999964
20
-78.4918289999999956
11
155.9249999999999829
21
-78.5874999999999915
0
LINE
8
BLACK
6
CONTINUOUS
10
155.9249999999999829
20
-78.5874999999999915
11
155.9249999999999829
21
-79.2625000000000028
0
LINE
8
BLACK
6
CONTINUOUS
10
155.9249999999999829
20
-79.2625000000000028
11
155.9059699999999964
21
-79.3581709999999987
0
LINE
8
BLACK
6
CONTINUOUS
10
155.9059699999999964
20
-79.3581709999999987
11
155.8517769999999985
21
-79.4392769999999899
0
LINE
8
BLACK
6
CONTINUOUS
10
155.8517769999999985
20
-79.4392769999999899
11
155.770670999999993
21
-79.4934700000000021
0
LINE
8
BLACK
6
CONTINUOUS
10
155.770670999999993
20
-79.4934700000000021
11
155.6749999999999829
21
-79.5125000000000028
0
LINE
8
BLACK
6
CONTINUOUS
10
155.6749999999999829
20
-79.5125000000000028
11
154.7249999999999943
21
-79.5125000000000028
0
LINE
8
BLACK
6
CONTINUOUS
10
154.7249999999999943
20
-79.5125000000000028
11
154.6293289999999843
21
-79.4934700000000021
0
LINE
8
BLACK
6
CONTINUOUS
10
154.6293289999999843
20
-79.4934700000000021
11
154.5482229999999788
21
-79.4392769999999899
0
LINE
8
BLACK
6
CONTINUOUS
10
154.5482229999999788
20
-79.4392769999999899
11
154.4940299999999809
21
-79.3581709999999987
0
LINE
8
BLACK
6
CONTINUOUS
10
154.4940299999999809
20
-79.3581709999999987
11
154.4749999999999943
21
-79.2625000000000028
0
LINE
8
BLACK
6
CONTINUOUS
10
154.4749999999999943
20
-79.2625000000000028
11
154.4749999999999943
21
-78.5874999999999915
0
LINE
8
BLACK
6
CONTINUOUS
10
154.4749999999999943
20
-78.5874999999999915
11
154.4940299999999809
21
-78.4918289999999956
0
LINE
8
BLACK
6
CONTINUOUS
10
154.4940299999999809
20
-78.4918289999999956
11
154.5482229999999788
21
-78.4107229999999902
0
LINE
8
BLACK
6
CONTINUOUS
10
154.5482229999999788
20
-78.4107229999999902
11
154.6293289999999843
21
-78.3565299999999922
0
LINE
8
BLACK
6
CONTINUOUS
10
154.6293289999999843
20
-78.3565299999999922
11
154.7249999999999943
21
-78.3374999999999915
0
LINE
8
BLACK
6
CONTINUOUS
10
154.7249999999999943
20
-78.3374999999999915
11
155.6749999999999829
21
-78.3374999999999915
0
LINE
8
BLACK
6
CONTINUOUS
10
155.6749999999999829
20
-78.3374999999999915
11
155.770670999999993
21
-78.3565299999999922
  0
ENDSEC
  0
EOF
