( pcb2gcode 2.5.0 )
( Software-independent Gcode )

G94 ( Millimeters per minute feed rate. )
G21 ( Units == Millimeters. )

G90 ( Absolute coordinates. )
G00 S10000 ( RPM spindle speed. )
G01 F300.00000 ( Feedrate. )


G00 Z30.00000 (Retract to tool change height)
T1
M5      (Spindle stop.)
G04 P1.00000 (Wait for spindle to stop)
(MSG, Change tool bit to mill diameter 0.20000mm)
M6      (Tool change.)
M0      (Temporary machine stop.)
M3 ( Spindle on clockwise. )
G04 P1.00000 (Wait for spindle to get up to speed)
G04 P0 ( dwell for no time -- G64 should not smooth over this point )
G00 Z5.00000 ( retract )

G00 X-1.12545 Y1.64950 ( rapid move to begin. )
G01 F150.00000
( Mill infeed pass 1/1 )
G01 Z-0.06000
G04 P0 ( dwell for no time -- G64 should not smooth over this point )
G01 F300.00000
G01 X-1.12545 Y1.64950
G01 X-1.12545 Y46.40052
G01 X-1.12954 Y46.45746
G01 X-1.14168 Y46.51324
G01 X-1.16137 Y46.58027
G01 X-1.18961 Y46.65083
G01 X-1.23071 Y46.71479
G01 X-1.28316 Y46.76983
G01 X-1.33597 Y46.81560
G01 X-1.38974 Y46.85487
G01 X-1.44930 Y46.88466
G01 X-1.51296 Y46.90420
G01 X-1.56447 Y46.91540
G01 X-1.60673 Y46.92223
G01 X-1.64948 Y46.92454
G01 X-66.90048 Y46.92454
G01 X-66.95738 Y46.92045
G01 X-67.01313 Y46.90834
G01 X-67.08019 Y46.88865
G01 X-67.15082 Y46.86038
G01 X-67.21481 Y46.81926
G01 X-67.26985 Y46.76676
G01 X-67.31559 Y46.71395
G01 X-67.35484 Y46.66018
G01 X-67.38463 Y46.60067
G01 X-67.40414 Y46.53704
G01 X-67.41534 Y46.48553
G01 X-67.42217 Y46.44326
G01 X-67.42448 Y46.40052
G01 X-67.42448 Y1.64950
G01 X-67.42039 Y1.59258
G01 X-67.40825 Y1.53680
G01 X-67.38857 Y1.46977
G01 X-67.36030 Y1.39916
G01 X-67.31917 Y1.33517
G01 X-67.26670 Y1.28016
G01 X-67.21389 Y1.23441
G01 X-67.16012 Y1.19517
G01 X-67.10061 Y1.16538
G01 X-67.03698 Y1.14587
G01 X-66.98547 Y1.13467
G01 X-66.94320 Y1.12783
G01 X-66.90048 Y1.12552
G01 X-1.64948 Y1.12552
G01 X-1.59253 Y1.12961
G01 X-1.53676 Y1.14175
G01 X-1.46973 Y1.16144
G01 X-1.39911 Y1.18971
G01 X-1.33513 Y1.23083
G01 X-1.28011 Y1.28331
G01 X-1.23437 Y1.33611
G01 X-1.19515 Y1.38981
G01 X-1.16538 Y1.44925
G01 X-1.14588 Y1.51280
G01 X-1.13465 Y1.56428
G01 X-1.12777 Y1.60665
G01 X-1.12545 Y1.64950
G01 X-1.22545 Y1.64950
G01 X-1.22545 Y46.40052
G01 X-1.22853 Y46.44324
G01 X-1.23762 Y46.48507
G01 X-1.25731 Y46.55210
G01 X-1.27849 Y46.60501
G01 X-1.30932 Y46.65299
G01 X-1.34867 Y46.69427
G01 X-1.40148 Y46.74004
G01 X-1.44181 Y46.76948
G01 X-1.48646 Y46.79183
G01 X-1.53422 Y46.80648
G01 X-1.58573 Y46.81768
G01 X-1.61740 Y46.82282
G01 X-1.64948 Y46.82454
G01 X-66.90048 Y46.82454
G01 X-66.94315 Y46.82147
G01 X-66.98496 Y46.81238
G01 X-67.05202 Y46.79269
G01 X-67.10500 Y46.77151
G01 X-67.15298 Y46.74065
G01 X-67.19428 Y46.70128
G01 X-67.24003 Y46.64847
G01 X-67.26944 Y46.60816
G01 X-67.29179 Y46.56351
G01 X-67.30642 Y46.51578
G01 X-67.31763 Y46.46427
G01 X-67.32276 Y46.43260
G01 X-67.32448 Y46.40052
G01 X-67.32448 Y1.64950
G01 X-67.32141 Y1.60680
G01 X-67.31232 Y1.56497
G01 X-67.29263 Y1.49794
G01 X-67.27142 Y1.44500
G01 X-67.24059 Y1.39700
G01 X-67.20122 Y1.35572
G01 X-67.14841 Y1.30998
G01 X-67.10810 Y1.28057
G01 X-67.06345 Y1.25821
G01 X-67.01572 Y1.24358
G01 X-66.96421 Y1.23238
G01 X-66.93254 Y1.22725
G01 X-66.90048 Y1.22552
G01 X-1.64948 Y1.22552
G01 X-1.60676 Y1.22860
G01 X-1.56492 Y1.23769
G01 X-1.49789 Y1.25737
G01 X-1.44496 Y1.27858
G01 X-1.39695 Y1.30942
G01 X-1.35568 Y1.34879
G01 X-1.30993 Y1.40160
G01 X-1.28055 Y1.44185
G01 X-1.25822 Y1.48646
G01 X-1.24359 Y1.53411
G01 X-1.23236 Y1.58559
G01 X-1.22718 Y1.61737
G01 X-1.22545 Y1.64950
G01 X-1.32545 Y1.64950
G01 X-1.32545 Y46.40052
G01 X-1.32751 Y46.42899
G01 X-1.33358 Y46.45688
G01 X-1.35327 Y46.52391
G01 X-1.36739 Y46.55919
G01 X-1.38794 Y46.59117
G01 X-1.41415 Y46.61870
G01 X-1.46696 Y46.66447
G01 X-1.49386 Y46.68411
G01 X-1.52362 Y46.69899
G01 X-1.55545 Y46.70877
G01 X-1.60696 Y46.71997
G01 X-1.62809 Y46.72337
G01 X-1.64948 Y46.72454
G01 X-66.90048 Y46.72454
G01 X-66.92893 Y46.72249
G01 X-66.95679 Y46.71644
G01 X-67.02385 Y46.69676
G01 X-67.05918 Y46.68261
G01 X-67.09116 Y46.66206
G01 X-67.11869 Y46.63580
G01 X-67.16444 Y46.58299
G01 X-67.18405 Y46.55612
G01 X-67.19896 Y46.52635
G01 X-67.20871 Y46.49455
G01 X-67.21991 Y46.44303
G01 X-67.22331 Y46.42190
G01 X-67.22448 Y46.40052
G01 X-67.22448 Y1.64950
G01 X-67.22243 Y1.62105
G01 X-67.21636 Y1.59316
G01 X-67.19667 Y1.52613
G01 X-67.18255 Y1.49083
G01 X-67.16197 Y1.45882
G01 X-67.13574 Y1.43131
G01 X-67.08293 Y1.38557
G01 X-67.05606 Y1.36596
G01 X-67.02629 Y1.35105
G01 X-66.99449 Y1.34130
G01 X-66.94298 Y1.33010
G01 X-66.92184 Y1.32669
G01 X-66.90048 Y1.32552
G01 X-1.64948 Y1.32552
G01 X-1.62101 Y1.32758
G01 X-1.59312 Y1.33365
G01 X-1.52609 Y1.35334
G01 X-1.49078 Y1.36746
G01 X-1.45878 Y1.38803
G01 X-1.43127 Y1.41427
G01 X-1.38552 Y1.46708
G01 X-1.36592 Y1.49393
G01 X-1.35103 Y1.52364
G01 X-1.34128 Y1.55542
G01 X-1.33005 Y1.60690
G01 X-1.32662 Y1.62809
G01 X-1.32545 Y1.64950
G01 X-1.42545 Y1.64950
G01 X-1.42604 Y1.63881
G01 X-1.42776 Y1.62821
G01 X-1.43899 Y1.57673
G01 X-1.44387 Y1.56083
G01 X-1.45131 Y1.54597
G01 X-1.46111 Y1.53256
G01 X-1.50686 Y1.47975
G01 X-1.52060 Y1.46662
G01 X-1.53660 Y1.45633
G01 X-1.55426 Y1.44927
G01 X-1.62129 Y1.42959
G01 X-1.63523 Y1.42656
G01 X-1.64948 Y1.42552
G01 X-66.90048 Y1.42552
G01 X-66.91115 Y1.42611
G01 X-66.92172 Y1.42781
G01 X-66.97323 Y1.43901
G01 X-66.98913 Y1.44389
G01 X-67.00401 Y1.45135
G01 X-67.01745 Y1.46116
G01 X-67.07025 Y1.50690
G01 X-67.08339 Y1.52065
G01 X-67.09367 Y1.53665
G01 X-67.10073 Y1.55430
G01 X-67.12042 Y1.62133
G01 X-67.12344 Y1.63528
G01 X-67.12448 Y1.64950
G01 X-67.12448 Y46.40052
G01 X-67.12390 Y46.41121
G01 X-67.12220 Y46.42178
G01 X-67.11100 Y46.47329
G01 X-67.10612 Y46.48919
G01 X-67.09865 Y46.50407
G01 X-67.08885 Y46.51751
G01 X-67.04310 Y46.57031
G01 X-67.02934 Y46.58345
G01 X-67.01336 Y46.59373
G01 X-66.99568 Y46.60079
G01 X-66.92862 Y46.62048
G01 X-66.91470 Y46.62350
G01 X-66.90048 Y46.62454
G01 X-1.64948 Y46.62454
G01 X-1.63879 Y46.62396
G01 X-1.62822 Y46.62226
G01 X-1.57671 Y46.61106
G01 X-1.56078 Y46.60615
G01 X-1.54590 Y46.59871
G01 X-1.53246 Y46.58891
G01 X-1.47966 Y46.54314
G01 X-1.46655 Y46.52937
G01 X-1.45626 Y46.51337
G01 X-1.44920 Y46.49574
G01 X-1.42952 Y46.42871
G01 X-1.42649 Y46.41476
G01 X-1.42545 Y46.40052
G01 X-1.42545 Y1.64950
G04 P0 ( dwell for no time -- G64 should not smooth over this point )
G00 Z5.00000 ( retract )

G00 X-17.70627 Y13.48796 ( rapid move to begin. )
G01 F150.00000
( Mill infeed pass 1/1 )
G01 Z-0.06000
G04 P0 ( dwell for no time -- G64 should not smooth over this point )
G01 F300.00000
G01 X-17.70627 Y13.48796
G01 X-17.71569 Y13.48463
G01 X-17.74025 Y13.47805
G01 X-17.77498 Y13.47500
G01 X-18.21295 Y13.47500
G01 X-18.21419 Y13.47914
G01 X-18.21295 Y13.47500
G01 X-19.59547 Y12.56459
G01 X-19.59577 Y12.56500
G01 X-19.59547 Y12.56459
G01 X-21.72998 Y10.43005
G01 X-21.74454 Y10.41687
G01 X-21.82031 Y10.35469
G01 X-21.83608 Y10.34303
G01 X-21.85290 Y10.33292
G01 X-21.87311 Y10.32210
G01 X-21.83923 Y10.33061
G01 X-21.78962 Y10.34567
G01 X-21.69328 Y10.38014
G01 X-21.66361 Y10.39162
G01 X-21.60113 Y10.41748
G01 X-19.57688 Y12.44176
G01 X-19.57436 Y12.44798
G01 X-19.55656 Y12.48400
G01 X-19.55407 Y12.48842
G01 X-19.53553 Y12.51801
G01 X-19.53151 Y12.52352
G01 X-19.42143 Y12.65509
G01 X-19.41625 Y12.66043
G01 X-19.36342 Y12.70724
G01 X-19.36067 Y12.70950
G01 X-19.30284 Y12.75385
G01 X-19.29992 Y12.75593
G01 X-18.30924 Y13.40833
G01 X-18.30601 Y13.41028
G01 X-18.24074 Y13.44653
G01 X-18.23751 Y13.44816
G01 X-18.21544 Y13.45837
G01 X-18.20863 Y13.46096
G01 X-18.20152 Y13.46251
G01 X-18.15572 Y13.46914
G01 X-18.15219 Y13.46947
G01 X-18.08023 Y13.47465
G01 X-18.07665 Y13.47477
G01 X-17.77581 Y13.47477
G01 X-17.74485 Y13.47584
G01 X-17.73774 Y13.47681
G01 X-17.70627 Y13.48796
G01 X-17.69954 Y13.49035
G01 X-17.67498 Y13.50180
G01 X-17.66520 Y13.50866
G01 X-17.64277 Y13.52545
G01 X-17.62532 Y13.54290
G01 X-17.60889 Y13.56487
G01 X-17.60177 Y13.57500
G01 X-17.59301 Y13.59382
G01 X-17.58760 Y13.60848
G01 X-17.58364 Y13.61928
G01 X-17.57802 Y13.64028
G01 X-17.57498 Y13.67500
G01 X-17.57472 Y13.67587
G01 X-17.57579 Y13.64490
G01 X-17.57673 Y13.63812
G01 X-17.58364 Y13.61928
G01 X-17.58760 Y13.60848
G01 X-17.59860 Y13.57858
G01 X-17.63281 Y13.53289
G01 X-17.64277 Y13.52545
G01 X-17.66520 Y13.50866
G01 X-17.67988 Y13.49769
G01 X-17.68382 Y13.49593
G01 X-17.69954 Y13.49035
G01 X-17.70627 Y13.48796
G01 X-17.73774 Y13.47681
G01 X-17.74485 Y13.47584
G01 X-17.77581 Y13.47477
G01 X-18.07665 Y13.47477
G01 X-18.08023 Y13.47465
G01 X-18.08026 Y13.47498
G01 X-18.08023 Y13.47465
G01 X-18.15219 Y13.46947
G01 X-18.15572 Y13.46914
G01 X-18.20152 Y13.46251
G01 X-18.20863 Y13.46096
G01 X-18.21544 Y13.45837
G01 X-18.23751 Y13.44816
G01 X-18.23830 Y13.45014
G01 X-18.23751 Y13.44816
G01 X-18.24074 Y13.44653
G01 X-18.30601 Y13.41028
G01 X-18.30924 Y13.40833
G01 X-19.29992 Y12.75593
G01 X-19.30284 Y12.75385
G01 X-19.36067 Y12.70950
G01 X-19.36342 Y12.70724
G01 X-19.41625 Y12.66043
G01 X-19.42143 Y12.65509
G01 X-19.42171 Y12.65537
G01 X-19.42143 Y12.65509
G01 X-19.53151 Y12.52352
G01 X-19.53189 Y12.52377
G01 X-19.53151 Y12.52352
G01 X-19.53553 Y12.51801
G01 X-19.55407 Y12.48842
G01 X-19.55656 Y12.48400
G01 X-19.57436 Y12.44798
G01 X-19.57703 Y12.44138
G01 X-19.64398 Y12.23729
G01 X-19.74744 Y12.16411
G01 X-19.75376 Y12.15880
G01 X-19.75397 Y12.15908
G01 X-19.75376 Y12.15880
G01 X-19.85399 Y12.05939
G01 X-19.85425 Y12.05964
G01 X-19.85399 Y12.05939
G01 X-19.85938 Y12.05309
G01 X-19.94289 Y11.93698
G01 X-19.94696 Y11.93028
G01 X-21.35975 Y10.51750
G01 X-21.60113 Y10.41748
G01 X-21.66361 Y10.39162
G01 X-21.69328 Y10.38014
G01 X-21.78962 Y10.34567
G01 X-21.83923 Y10.33061
G01 X-21.87311 Y10.32210
G01 X-21.93484 Y10.30663
G01 X-21.97720 Y10.29817
G01 X-22.07276 Y10.28400
G01 X-22.11091 Y10.28024
G01 X-22.20710 Y10.27549
G01 X-22.22554 Y10.27509
G01 X-37.22439 Y10.27509
G01 X-37.24283 Y10.27549
G01 X-37.33897 Y10.28024
G01 X-37.37715 Y10.28400
G01 X-37.47270 Y10.29817
G01 X-37.51507 Y10.30663
G01 X-37.57677 Y10.32208
G01 X-37.61067 Y10.33061
G01 X-37.66028 Y10.34567
G01 X-37.75662 Y10.38014
G01 X-37.78629 Y10.39162
G01 X-37.84877 Y10.41745
G01 X-38.76566 Y11.33434
G01 X-38.78542 Y11.35616
G01 X-38.84760 Y11.43198
G01 X-38.86515 Y11.45558
G01 X-38.88027 Y11.48082
G01 X-38.92647 Y11.56729
G01 X-38.94900 Y11.62162
G01 X-38.97745 Y11.71542
G01 X-38.98459 Y11.74397
G01 X-38.98890 Y11.77308
G01 X-38.99853 Y11.87066
G01 X-38.99998 Y11.90005
G01 X-38.99988 Y13.83647
G01 X-39.07376 Y14.64785
G01 X-39.07498 Y14.67500
G01 X-39.07498 Y15.57502
G01 X-39.07427 Y15.59570
G01 X-39.05903 Y15.81640
G01 X-39.04814 Y15.82097
G01 X-39.05903 Y15.81640
G01 X-39.46180 Y16.16253
G01 X-39.45949 Y16.16875
G01 X-39.46180 Y16.16253
G01 X-39.65382 Y16.16250
G01 X-39.65426 Y16.16250
G01 X-39.65504 Y16.16268
G01 X-39.72218 Y16.17606
G01 X-39.72464 Y16.17650
G01 X-39.77366 Y16.18376
G01 X-39.77437 Y16.18386
G01 X-39.79332 Y16.18640
G01 X-39.79406 Y16.18648
G01 X-39.83764 Y16.19166
G01 X-39.88433 Y16.19900
G01 X-39.91354 Y16.20474
G01 X-39.97823 Y16.22250
G01 X-39.97928 Y16.22278
G01 X-39.97933 Y16.22326
G01 X-39.99467 Y16.34497
G01 X-39.99868 Y16.39735
G01 X-40.00005 Y16.45041
G01 X-40.00020 Y16.46298
G01 X-40.00020 Y17.83667
G01 X-39.99914 Y17.86768
G01 X-39.99807 Y17.87555
G01 X-39.98926 Y17.89928
G01 X-39.98138 Y17.92033
G01 X-39.97638 Y17.93387
G01 X-39.96863 Y17.94418
G01 X-39.96393 Y17.95048
G01 X-39.95558 Y17.96166
G01 X-39.94211 Y17.97967
G01 X-39.92406 Y17.99318
G01 X-39.92113 Y17.99537
G01 X-39.90671 Y18.00613
G01 X-39.89639 Y18.01388
G01 X-39.88309 Y18.01876
G01 X-39.87920 Y18.02018
G01 X-39.85956 Y18.02742
G01 X-39.83691 Y18.03578
G01 X-39.83010 Y18.03672
G01 X-39.79904 Y18.03776
G01 X-38.65091 Y18.03776
G01 X-38.61984 Y18.03672
G01 X-38.61303 Y18.03578
G01 X-38.59023 Y18.02737
G01 X-38.56696 Y18.01881
G01 X-38.55355 Y18.01388
G01 X-38.54311 Y18.00606
G01 X-38.52629 Y17.99349
G01 X-38.50783 Y17.97967
G01 X-38.49401 Y17.96120
G01 X-38.48144 Y17.94439
G01 X-38.47361 Y17.93395
G01 X-38.46866 Y17.92051
G01 X-38.46013 Y17.89732
G01 X-38.45174 Y17.87449
G01 X-38.45078 Y17.86763
G01 X-38.44974 Y17.83659
G01 X-38.44974 Y17.63093
G01 X-38.44959 Y17.62734
G01 X-38.44443 Y17.55539
G01 X-38.44405 Y17.55186
G01 X-38.43386 Y17.48109
G01 X-38.43224 Y17.47380
G01 X-38.42954 Y17.46679
G01 X-38.42586 Y17.46029
G01 X-38.37410 Y17.38343
G01 X-38.37140 Y17.37980
G01 X-38.35975 Y17.36547
G01 X-38.35916 Y17.36473
G01 X-38.34682 Y17.35015
G01 X-38.34621 Y17.34944
G01 X-37.92022 Y16.86402
G01 X-37.91779 Y16.86141
G01 X-37.86594 Y16.81025
G01 X-37.86333 Y16.80786
G01 X-37.80971 Y16.76197
G01 X-37.80521 Y16.75854
G01 X-37.69935 Y16.68691
G01 X-37.69477 Y16.68417
G01 X-37.69414 Y16.68384
G01 X-37.69114 Y16.68236
G01 X-37.65208 Y16.66484
G01 X-37.65060 Y16.66420
G01 X-37.63894 Y16.65943
G01 X-37.61410 Y16.64866
G01 X-37.58629 Y16.63593
G01 X-37.58230 Y16.63413
G01 X-37.58080 Y16.63347
G01 X-37.53292 Y16.61345
G01 X-37.53145 Y16.61287
G01 X-37.46305 Y16.58678
G01 X-37.46178 Y16.58633
G01 X-37.42602 Y16.57380
G01 X-37.42111 Y16.56316
G01 X-37.42091 Y16.56273
G01 X-37.37006 Y16.45516
G01 X-37.36970 Y16.45442
G01 X-37.35683 Y16.42831
G01 X-37.35647 Y16.42760
G01 X-37.34773 Y16.41061
G01 X-37.33549 Y16.37291
G01 X-37.31718 Y16.29661
G01 X-37.30735 Y16.23464
G01 X-37.30120 Y16.15641
G01 X-37.29996 Y16.12504
G01 X-37.29996 Y15.87556
G01 X-37.30140 Y15.87530
G01 X-37.29996 Y15.87556
G01 X-37.29124 Y15.85925
G01 X-37.26125 Y15.78681
G01 X-37.24702 Y15.73990
G01 X-37.23747 Y15.70182
G01 X-37.23171 Y15.66298
G01 X-37.22691 Y15.61422
G01 X-37.22498 Y15.57502
G01 X-37.22498 Y14.67500
G01 X-37.22663 Y14.63881
G01 X-37.29996 Y13.83195
G01 X-37.29996 Y12.27285
G01 X-37.30758 Y12.26967
G01 X-37.29996 Y12.27285
G01 X-36.85218 Y11.82504
G01 X-36.85533 Y11.81742
G01 X-36.85218 Y11.82504
G01 X-30.12837 Y11.82504
G01 X-29.88697 Y11.72507
G01 X-29.82400 Y11.69896
G01 X-29.82286 Y11.69850
G01 X-29.79205 Y11.68667
G01 X-29.79088 Y11.68618
G01 X-29.69286 Y11.65116
G01 X-29.69057 Y11.65034
G01 X-29.63860 Y11.63454
G01 X-29.63619 Y11.63388
G01 X-29.60091 Y11.62505
G01 X-29.63619 Y11.63388
G01 X-29.63860 Y11.63454
G01 X-29.69057 Y11.65034
G01 X-29.69286 Y11.65116
G01 X-29.79088 Y11.68618
G01 X-29.79205 Y11.68667
G01 X-29.82286 Y11.69850
G01 X-29.82400 Y11.69896
G01 X-29.88697 Y11.72507
G01 X-36.89358 Y11.72507
G01 X-36.89676 Y11.71743
G01 X-36.89358 Y11.72507
G01 X-37.39996 Y12.23142
G01 X-37.40758 Y12.22824
G01 X-37.39996 Y12.23142
G01 X-37.39996 Y13.83647
G01 X-37.32622 Y14.64785
G01 X-37.32497 Y14.67500
G01 X-37.32497 Y15.57502
G01 X-37.32642 Y15.60441
G01 X-37.33122 Y15.65318
G01 X-37.33557 Y15.68231
G01 X-37.34270 Y15.71086
G01 X-37.35693 Y15.75778
G01 X-37.37943 Y15.81211
G01 X-37.39996 Y15.85051
G01 X-37.40153 Y15.85016
G01 X-37.39996 Y15.85051
G01 X-37.39996 Y16.12504
G01 X-37.40090 Y16.14856
G01 X-37.40704 Y16.22679
G01 X-37.41441 Y16.27327
G01 X-37.43272 Y16.34957
G01 X-37.44728 Y16.39435
G01 X-37.47730 Y16.46682
G01 X-37.49869 Y16.50878
G01 X-37.53968 Y16.57568
G01 X-37.56734 Y16.61376
G01 X-37.58629 Y16.63593
G01 X-37.61410 Y16.64866
G01 X-37.63894 Y16.65943
G01 X-37.65060 Y16.66420
G01 X-37.65208 Y16.66484
G01 X-37.69114 Y16.68236
G01 X-37.69414 Y16.68384
G01 X-37.69477 Y16.68417
G01 X-37.69935 Y16.68691
G01 X-37.69962 Y16.68643
G01 X-37.69935 Y16.68691
G01 X-37.80521 Y16.75854
G01 X-37.80971 Y16.76197
G01 X-37.86333 Y16.80786
G01 X-37.86594 Y16.81025
G01 X-37.86630 Y16.80985
G01 X-37.86594 Y16.81025
G01 X-37.91779 Y16.86141
G01 X-37.92022 Y16.86402
G01 X-38.34621 Y17.34944
G01 X-38.34682 Y17.35015
G01 X-38.35916 Y17.36473
G01 X-38.35975 Y17.36547
G01 X-38.37140 Y17.37980
G01 X-38.37410 Y17.38343
G01 X-38.37440 Y17.38320
G01 X-38.37410 Y17.38343
G01 X-38.42586 Y17.46029
G01 X-38.42954 Y17.46679
G01 X-38.43224 Y17.47380
G01 X-38.43386 Y17.48109
G01 X-38.43699 Y17.48015
G01 X-38.43386 Y17.48109
G01 X-38.44405 Y17.55186
G01 X-38.44443 Y17.55539
G01 X-38.44959 Y17.62734
G01 X-38.44974 Y17.63093
G01 X-38.44974 Y17.83659
G01 X-38.45078 Y17.86763
G01 X-38.45174 Y17.87449
G01 X-38.46013 Y17.89732
G01 X-38.46866 Y17.92051
G01 X-38.48144 Y17.94439
G01 X-38.49401 Y17.96120
G01 X-38.50856 Y17.97893
G01 X-38.52629 Y17.99349
G01 X-38.54311 Y18.00606
G01 X-38.56696 Y18.01881
G01 X-38.59023 Y18.02737
G01 X-38.61098 Y18.03367
G01 X-38.64999 Y18.03750
G01 X-39.79998 Y18.03750
G01 X-39.83902 Y18.03367
G01 X-39.85956 Y18.02742
G01 X-39.87920 Y18.02018
G01 X-39.88309 Y18.01876
G01 X-39.90671 Y18.00613
G01 X-39.92113 Y17.99537
G01 X-39.92406 Y17.99318
G01 X-39.94140 Y17.97893
G01 X-39.95558 Y17.96166
G01 X-39.96393 Y17.95048
G01 X-39.96863 Y17.94418
G01 X-39.98138 Y17.92033
G01 X-39.98926 Y17.89928
G01 X-39.99614 Y17.87652
G01 X-39.99998 Y17.83750
G01 X-39.99998 Y16.46250
G01 X-39.99695 Y16.42778
G01 X-39.98794 Y16.39410
G01 X-39.97320 Y16.36250
G01 X-39.95319 Y16.33395
G01 X-39.92855 Y16.30931
G01 X-39.89998 Y16.28930
G01 X-39.86838 Y16.27457
G01 X-39.83472 Y16.26555
G01 X-39.79998 Y16.26250
G01 X-39.42474 Y16.26253
G01 X-39.42246 Y16.26860
G01 X-39.42474 Y16.26253
G01 X-38.95581 Y15.85956
G01 X-38.94489 Y15.86413
G01 X-38.95581 Y15.85956
G01 X-38.97450 Y15.58879
G01 X-38.97498 Y15.57502
G01 X-38.97498 Y14.67500
G01 X-38.97417 Y14.65689
G01 X-38.90011 Y13.84254
G01 X-38.89988 Y13.84180
G01 X-38.89998 Y11.90005
G01 X-38.89901 Y11.88044
G01 X-38.88939 Y11.78288
G01 X-38.88652 Y11.76348
G01 X-38.88174 Y11.74445
G01 X-38.85329 Y11.65067
G01 X-38.83828 Y11.61443
G01 X-38.79208 Y11.52802
G01 X-38.78200 Y11.51115
G01 X-38.77031 Y11.49540
G01 X-38.70813 Y11.41961
G01 X-38.69495 Y11.40506
G01 X-37.71994 Y10.43005
G01 X-37.70539 Y10.41687
G01 X-37.62962 Y10.35469
G01 X-37.61385 Y10.34303
G01 X-37.59703 Y10.33292
G01 X-37.57677 Y10.32208
G01 X-37.61067 Y10.33061
G01 X-37.66028 Y10.34567
G01 X-37.75662 Y10.38014
G01 X-37.78629 Y10.39162
G01 X-37.84877 Y10.41745
G01 X-38.09018 Y10.51750
G01 X-38.83635 Y11.26365
G01 X-38.86272 Y11.29274
G01 X-38.92490 Y11.36856
G01 X-38.94829 Y11.40003
G01 X-38.96848 Y11.43376
G01 X-39.01468 Y11.52014
G01 X-39.04468 Y11.59258
G01 X-39.07313 Y11.68639
G01 X-39.08268 Y11.72446
G01 X-39.08842 Y11.76332
G01 X-39.09805 Y11.86083
G01 X-39.09998 Y11.90005
G01 X-39.09988 Y13.83195
G01 X-39.17333 Y14.63878
G01 X-39.17496 Y14.67467
G01 X-39.17496 Y15.57548
G01 X-39.17404 Y15.60258
G01 X-39.16223 Y15.77325
G01 X-39.15383 Y15.77627
G01 X-39.16223 Y15.77325
G01 X-39.22243 Y15.82499
G01 X-39.22429 Y15.82778
G01 X-39.22566 Y15.82979
G01 X-39.27727 Y15.90116
G01 X-39.27877 Y15.90312
G01 X-39.30998 Y15.94203
G01 X-39.31156 Y15.94388
G01 X-39.36559 Y16.00492
G01 X-39.36726 Y16.00672
G01 X-39.40165 Y16.04190
G01 X-39.40341 Y16.04360
G01 X-39.46094 Y16.09694
G01 X-39.46279 Y16.09857
G01 X-39.46642 Y16.10162
G01 X-39.47369 Y16.10670
G01 X-39.47183 Y16.10964
G01 X-39.47369 Y16.10670
G01 X-39.48174 Y16.11043
G01 X-39.52599 Y16.12626
G01 X-39.52827 Y16.12702
G01 X-39.60125 Y16.14922
G01 X-39.60363 Y16.14988
G01 X-39.65261 Y16.16232
G01 X-39.65382 Y16.16250
G01 X-39.65504 Y16.16268
G01 X-39.72218 Y16.17606
G01 X-39.72464 Y16.17650
G01 X-39.77366 Y16.18376
G01 X-39.77437 Y16.18386
G01 X-39.79332 Y16.18640
G01 X-39.79406 Y16.18648
G01 X-39.83764 Y16.19166
G01 X-39.88433 Y16.19900
G01 X-39.91354 Y16.20474
G01 X-39.97823 Y16.22250
G01 X-39.97933 Y16.22326
G01 X-39.97823 Y16.22250
G01 X-39.97933 Y16.22326
G01 X-39.99467 Y16.34497
G01 X-39.99868 Y16.39735
G01 X-40.00005 Y16.45041
G01 X-40.00020 Y16.46298
G01 X-40.00020 Y17.83667
G01 X-39.99914 Y17.86768
G01 X-39.99807 Y17.87555
G01 X-39.98926 Y17.89928
G01 X-39.98138 Y17.92033
G01 X-39.96863 Y17.94418
G01 X-39.96393 Y17.95048
G01 X-39.95558 Y17.96166
G01 X-39.94140 Y17.97893
G01 X-39.92406 Y17.99318
G01 X-39.92113 Y17.99537
G01 X-39.90671 Y18.00613
G01 X-39.88309 Y18.01876
G01 X-39.87920 Y18.02018
G01 X-39.85956 Y18.02742
G01 X-39.83902 Y18.03367
G01 X-39.79998 Y18.03750
G01 X-38.64999 Y18.03750
G01 X-38.61098 Y18.03367
G01 X-38.59023 Y18.02737
G01 X-38.56696 Y18.01881
G01 X-38.54311 Y18.00606
G01 X-38.52629 Y17.99349
G01 X-38.50856 Y17.97893
G01 X-38.49401 Y17.96120
G01 X-38.48144 Y17.94439
G01 X-38.46866 Y17.92051
G01 X-38.46013 Y17.89732
G01 X-38.45383 Y17.87654
G01 X-38.44999 Y17.83750
G01 X-38.44999 Y17.46351
G01 X-38.45627 Y17.46110
G01 X-38.44999 Y17.46351
G01 X-37.74674 Y16.66214
G01 X-37.74568 Y16.66067
G01 X-37.70498 Y16.62001
G01 X-37.69434 Y16.60847
G01 X-37.64339 Y16.54881
G01 X-37.62492 Y16.52341
G01 X-37.58393 Y16.45653
G01 X-37.56968 Y16.42857
G01 X-37.53966 Y16.35607
G01 X-37.52995 Y16.32623
G01 X-37.51164 Y16.24993
G01 X-37.50674 Y16.21894
G01 X-37.50059 Y16.14071
G01 X-37.49996 Y16.12504
G01 X-37.49996 Y15.82359
G01 X-37.50189 Y15.82316
G01 X-37.49996 Y15.82359
G01 X-37.49074 Y15.80820
G01 X-37.46762 Y15.76497
G01 X-37.45264 Y15.72875
G01 X-37.43841 Y15.68183
G01 X-37.43364 Y15.66281
G01 X-37.43077 Y15.64340
G01 X-37.42594 Y15.59461
G01 X-37.42497 Y15.57502
G01 X-37.42497 Y14.67500
G01 X-37.42581 Y14.65692
G01 X-37.49983 Y13.84259
G01 X-37.49996 Y13.84180
G01 X-37.49996 Y12.18999
G01 X-37.50758 Y12.18684
G01 X-37.49996 Y12.18999
G01 X-36.93501 Y11.62505
G01 X-36.93816 Y11.61743
G01 X-36.93501 Y11.62505
G01 X-29.60091 Y11.62505
G01 X-29.53820 Y11.60935
G01 X-29.53581 Y11.60879
G01 X-29.49106 Y11.59987
G01 X-29.48862 Y11.59944
G01 X-29.39060 Y11.58491
G01 X-29.38819 Y11.58466
G01 X-29.34760 Y11.58062
G01 X-29.34513 Y11.58047
G01 X-29.24714 Y11.57562
G01 X-29.24590 Y11.57554
G01 X-29.22621 Y11.57506
G01 X-29.22499 Y11.57503
G01 X-24.42495 Y11.57501
G01 X-24.42373 Y11.57506
G01 X-24.40405 Y11.57554
G01 X-24.40283 Y11.57562
G01 X-24.30478 Y11.58047
G01 X-24.30232 Y11.58062
G01 X-24.26173 Y11.58466
G01 X-24.25929 Y11.58468
G01 X-24.16130 Y11.59944
G01 X-24.15886 Y11.59987
G01 X-24.11410 Y11.60879
G01 X-24.11172 Y11.60935
G01 X-24.04900 Y11.62505
G01 X-24.01372 Y11.63388
G01 X-24.01131 Y11.63454
G01 X-23.95934 Y11.65034
G01 X-23.95706 Y11.65116
G01 X-23.85904 Y11.68618
G01 X-23.85787 Y11.68667
G01 X-23.82706 Y11.69850
G01 X-23.82592 Y11.69896
G01 X-23.76287 Y11.72507
G01 X-23.52155 Y11.82504
G01 X-22.59775 Y11.82504
G01 X-22.59460 Y11.81742
G01 X-22.59775 Y11.82504
G01 X-20.74124 Y13.68156
G01 X-20.74083 Y13.68123
G01 X-20.74124 Y13.68156
G01 X-19.87500 Y14.99700
G01 X-19.87078 Y14.99573
G01 X-19.87500 Y14.99700
G01 X-19.87500 Y15.37500
G01 X-19.86890 Y15.44447
G01 X-19.85861 Y15.48290
G01 X-19.78061 Y15.59133
G01 X-19.68628 Y15.68488
G01 X-19.59689 Y15.74810
G01 X-19.52709 Y15.71135
G01 X-19.50022 Y15.69565
G01 X-19.49496 Y15.69298
G01 X-19.45376 Y15.67502
G01 X-19.33393 Y15.62275
G01 X-19.32775 Y15.62052
G01 X-19.25790 Y15.60045
G01 X-19.25803 Y15.59989
G01 X-19.25790 Y15.60045
G01 X-19.25285 Y15.59926
G01 X-19.14236 Y15.57957
G01 X-19.13703 Y15.57891
G01 X-19.10309 Y15.57657
G01 X-19.10312 Y15.57629
G01 X-19.10309 Y15.57657
G01 X-19.10139 Y15.57650
G01 X-19.06692 Y15.57530
G01 X-19.06522 Y15.57528
G01 X-17.77581 Y15.57528
G01 X-17.74485 Y15.57421
G01 X-17.73802 Y15.57327
G01 X-17.71508 Y15.56484
G01 X-17.69199 Y15.55633
G01 X-17.67856 Y15.55140
G01 X-17.66807 Y15.54355
G01 X-17.65140 Y15.53108
G01 X-17.65120 Y15.53090
G01 X-17.63284 Y15.51716
G01 X-17.61892 Y15.49860
G01 X-17.60642 Y15.48188
G01 X-17.59860 Y15.47144
G01 X-17.58516 Y15.43489
G01 X-17.57673 Y15.41196
G01 X-17.57579 Y15.40515
G01 X-17.57472 Y15.37419
G01 X-17.57472 Y13.67587
G01 X-17.57498 Y13.67500
G01 X-17.67498 Y13.67500
G01 X-17.67498 Y15.37502
G01 X-17.67691 Y15.39453
G01 X-17.68260 Y15.41328
G01 X-17.69184 Y15.43057
G01 X-17.70429 Y15.44571
G01 X-17.71943 Y15.45816
G01 X-17.73672 Y15.46740
G01 X-17.75547 Y15.47309
G01 X-17.77498 Y15.47502
G01 X-19.47500 Y15.47502
G01 X-19.49235 Y15.47350
G01 X-19.50919 Y15.46898
G01 X-19.52499 Y15.46161
G01 X-19.53926 Y15.45161
G01 X-19.55160 Y15.43929
G01 X-19.56159 Y15.42501
G01 X-19.56895 Y15.40921
G01 X-19.57347 Y15.39237
G01 X-19.57500 Y15.37500
G01 X-19.57497 Y14.90708
G01 X-20.50751 Y13.49108
G01 X-22.47349 Y11.52505
G01 X-36.97644 Y11.52505
G01 X-37.59996 Y12.14859
G01 X-37.59996 Y13.84856
G01 X-37.59942 Y13.85163
G01 X-37.52541 Y14.66596
G01 X-37.52500 Y14.67500
G01 X-37.52500 Y15.57502
G01 X-37.52546 Y15.58480
G01 X-37.53028 Y15.63360
G01 X-37.53171 Y15.64330
G01 X-37.53409 Y15.65282
G01 X-37.54832 Y15.69971
G01 X-37.55584 Y15.71782
G01 X-37.57892 Y15.76105
G01 X-37.58398 Y15.76946
G01 X-37.58982 Y15.77734
G01 X-37.59996 Y15.78971
G01 X-37.59996 Y16.12504
G01 X-37.60029 Y16.13286
G01 X-37.60643 Y16.21109
G01 X-37.60890 Y16.22659
G01 X-37.62721 Y16.30289
G01 X-37.63206 Y16.31780
G01 X-37.66208 Y16.39029
G01 X-37.66920 Y16.40428
G01 X-37.71019 Y16.47116
G01 X-37.71941 Y16.48386
G01 X-37.77039 Y16.54353
G01 X-37.77570 Y16.54929
G01 X-37.82002 Y16.59362
G01 X-37.82190 Y16.59618
G01 X-38.54999 Y17.42587
G01 X-38.54999 Y17.83750
G01 X-38.55190 Y17.85701
G01 X-38.55761 Y17.87578
G01 X-38.56683 Y17.89308
G01 X-38.57928 Y17.90822
G01 X-38.59444 Y17.92066
G01 X-38.61171 Y17.92991
G01 X-38.63048 Y17.93560
G01 X-38.64999 Y17.93750
G01 X-39.79998 Y17.93750
G01 X-39.81951 Y17.93560
G01 X-39.83825 Y17.92991
G01 X-39.85555 Y17.92066
G01 X-39.87069 Y17.90822
G01 X-39.88314 Y17.89308
G01 X-39.89238 Y17.87578
G01 X-39.89807 Y17.85701
G01 X-39.89998 Y17.83750
G01 X-39.89998 Y16.46250
G01 X-39.89848 Y16.44515
G01 X-39.89396 Y16.42831
G01 X-39.88659 Y16.41251
G01 X-39.87658 Y16.39824
G01 X-39.86426 Y16.38592
G01 X-39.84999 Y16.37591
G01 X-39.83419 Y16.36855
G01 X-39.81735 Y16.36402
G01 X-39.79998 Y16.36250
G01 X-39.38768 Y16.36253
G01 X-38.85258 Y15.90271
G01 X-38.87430 Y15.58811
G01 X-38.87427 Y15.58717
G01 X-38.87450 Y15.58473
G01 X-38.87498 Y15.57502
G01 X-38.87498 Y14.67500
G01 X-38.87458 Y14.66596
G01 X-38.80051 Y13.85163
G01 X-38.79995 Y13.84874
G01 X-38.79998 Y11.90005
G01 X-38.79950 Y11.89025
G01 X-38.78987 Y11.79271
G01 X-38.78845 Y11.78301
G01 X-38.78606 Y11.77348
G01 X-38.75761 Y11.67973
G01 X-38.75009 Y11.66155
G01 X-38.70389 Y11.57513
G01 X-38.69886 Y11.56675
G01 X-38.69299 Y11.55883
G01 X-38.63081 Y11.48303
G01 X-38.62424 Y11.47577
G01 X-37.64923 Y10.50076
G01 X-37.64197 Y10.49419
G01 X-37.56620 Y10.43201
G01 X-37.55830 Y10.42614
G01 X-37.54989 Y10.42114
G01 X-37.46346 Y10.37491
G01 X-37.44532 Y10.36739
G01 X-37.35154 Y10.33894
G01 X-37.34202 Y10.33658
G01 X-37.33232 Y10.33513
G01 X-37.23475 Y10.32550
G01 X-37.22498 Y10.32502
G01 X-22.22498 Y10.32502
G01 X-22.21518 Y10.32550
G01 X-22.11761 Y10.33513
G01 X-22.10791 Y10.33658
G01 X-22.09839 Y10.33894
G01 X-22.00461 Y10.36739
G01 X-21.98647 Y10.37491
G01 X-21.90004 Y10.42114
G01 X-21.89163 Y10.42614
G01 X-21.88373 Y10.43201
G01 X-21.80796 Y10.49419
G01 X-21.80070 Y10.50076
G01 X-19.65897 Y12.64249
G01 X-18.24292 Y13.57500
G01 X-17.77498 Y13.57500
G01 X-17.75763 Y13.57653
G01 X-17.74079 Y13.58105
G01 X-17.72499 Y13.58841
G01 X-17.71071 Y13.59840
G01 X-17.69839 Y13.61074
G01 X-17.68839 Y13.62504
G01 X-17.68102 Y13.64087
G01 X-17.67650 Y13.65765
G01 X-17.67498 Y13.67500
G01 X-17.57498 Y13.67500
G01 X-17.57498 Y15.37502
G01 X-17.57884 Y15.41404
G01 X-17.58516 Y15.43489
G01 X-17.59367 Y15.45801
G01 X-17.60642 Y15.48188
G01 X-17.61892 Y15.49860
G01 X-17.63357 Y15.51643
G01 X-17.65120 Y15.53090
G01 X-17.65140 Y15.53108
G01 X-17.66807 Y15.54355
G01 X-17.69199 Y15.55633
G01 X-17.71508 Y15.56484
G01 X-17.73596 Y15.57116
G01 X-17.77498 Y15.57502
G01 X-19.47500 Y15.57502
G01 X-19.50972 Y15.57198
G01 X-19.54340 Y15.56296
G01 X-19.57500 Y15.54823
G01 X-19.60355 Y15.52821
G01 X-19.62819 Y15.50357
G01 X-19.64820 Y15.47500
G01 X-19.66293 Y15.44343
G01 X-19.67195 Y15.40975
G01 X-19.67500 Y15.37500
G01 X-19.67497 Y14.93705
G01 X-19.67088 Y14.93581
G01 X-19.67497 Y14.93705
G01 X-20.58541 Y13.55453
G01 X-20.58500 Y13.55420
G01 X-20.58541 Y13.55453
G01 X-22.51492 Y11.62505
G01 X-22.51177 Y11.61743
G01 X-22.51492 Y11.62505
G01 X-24.04900 Y11.62505
G01 X-24.01372 Y11.63388
G01 X-24.01131 Y11.63454
G01 X-23.95934 Y11.65034
G01 X-23.95706 Y11.65116
G01 X-23.85904 Y11.68618
G01 X-23.85787 Y11.68667
G01 X-23.82706 Y11.69850
G01 X-23.82592 Y11.69896
G01 X-23.76287 Y11.72507
G01 X-22.55635 Y11.72507
G01 X-22.55317 Y11.71743
G01 X-22.55635 Y11.72507
G01 X-20.66331 Y13.61811
G01 X-20.66293 Y13.61778
G01 X-20.66331 Y13.61811
G01 X-19.77500 Y14.96705
G01 X-19.77093 Y14.96578
G01 X-19.77500 Y14.96705
G01 X-19.77500 Y15.37500
G01 X-19.77043 Y15.42709
G01 X-19.75689 Y15.47762
G01 X-19.73479 Y15.52501
G01 X-19.70479 Y15.56784
G01 X-19.66783 Y15.60482
G01 X-19.62498 Y15.63482
G01 X-19.57759 Y15.65691
G01 X-19.52709 Y15.67045
G01 X-19.47500 Y15.67502
G01 X-19.45376 Y15.67502
G04 P0 ( dwell for no time -- G64 should not smooth over this point )
G00 Z5.00000 ( retract )

G00 X-17.70914 Y17.08704 ( rapid move to begin. )
G01 F150.00000
( Mill infeed pass 1/1 )
G01 Z-0.06000
G04 P0 ( dwell for no time -- G64 should not smooth over this point )
G01 F300.00000
G01 X-17.70914 Y17.08704
G01 X-17.71673 Y17.08434
G01 X-17.74025 Y17.07804
G01 X-17.77498 Y17.07502
G01 X-18.21300 Y17.07502
G01 X-18.21424 Y17.07914
G01 X-18.21300 Y17.07502
G01 X-19.59539 Y16.16466
G01 X-19.59572 Y16.16507
G01 X-19.59539 Y16.16466
G01 X-23.92998 Y11.83005
G01 X-23.94453 Y11.81692
G01 X-24.02030 Y11.75469
G01 X-24.03608 Y11.74300
G01 X-24.05289 Y11.73292
G01 X-24.07313 Y11.72207
G01 X-24.03923 Y11.73058
G01 X-23.98959 Y11.74567
G01 X-23.89330 Y11.78011
G01 X-23.86364 Y11.79157
G01 X-23.80118 Y11.81745
G01 X-19.57688 Y16.04175
G01 X-19.57436 Y16.04792
G01 X-19.55651 Y16.08409
G01 X-19.55402 Y16.08851
G01 X-19.53555 Y16.11800
G01 X-19.53154 Y16.12351
G01 X-19.42143 Y16.25508
G01 X-19.41625 Y16.26042
G01 X-19.36342 Y16.30726
G01 X-19.36067 Y16.30952
G01 X-19.30284 Y16.35386
G01 X-19.29992 Y16.35592
G01 X-18.30924 Y17.00832
G01 X-18.30601 Y17.01028
G01 X-18.24074 Y17.04650
G01 X-18.23751 Y17.04815
G01 X-18.21539 Y17.05838
G01 X-18.20860 Y17.06095
G01 X-18.20149 Y17.06252
G01 X-18.15572 Y17.06910
G01 X-18.15219 Y17.06948
G01 X-18.08023 Y17.07464
G01 X-18.07665 Y17.07479
G01 X-17.77581 Y17.07479
G01 X-17.74485 Y17.07583
G01 X-17.73782 Y17.07680
G01 X-17.70914 Y17.08704
G01 X-17.69817 Y17.09097
G01 X-17.67498 Y17.10182
G01 X-17.66510 Y17.10873
G01 X-17.64282 Y17.12539
G01 X-17.62534 Y17.14289
G01 X-17.60883 Y17.16494
G01 X-17.60177 Y17.17502
G01 X-17.59301 Y17.19384
G01 X-17.58369 Y17.21919
G01 X-17.57802 Y17.24027
G01 X-17.57498 Y17.27502
G01 X-17.57472 Y17.27588
G01 X-17.57579 Y17.24490
G01 X-17.57673 Y17.23809
G01 X-17.59860 Y17.17860
G01 X-17.63284 Y17.13288
G01 X-17.64282 Y17.12539
G01 X-17.66510 Y17.10873
G01 X-17.67990 Y17.09765
G01 X-17.68130 Y17.09702
G01 X-17.69817 Y17.09097
G01 X-17.70914 Y17.08704
G01 X-17.73782 Y17.07680
G01 X-17.74485 Y17.07583
G01 X-17.77581 Y17.07479
G01 X-18.07665 Y17.07479
G01 X-18.08023 Y17.07464
G01 X-18.08026 Y17.07497
G01 X-18.08023 Y17.07464
G01 X-18.15219 Y17.06948
G01 X-18.15572 Y17.06910
G01 X-18.20149 Y17.06252
G01 X-18.20860 Y17.06095
G01 X-18.21539 Y17.05838
G01 X-18.23751 Y17.04815
G01 X-18.23830 Y17.05018
G01 X-18.23751 Y17.04815
G01 X-18.24074 Y17.04650
G01 X-18.30601 Y17.01028
G01 X-18.30924 Y17.00832
G01 X-19.29992 Y16.35592
G01 X-19.30284 Y16.35386
G01 X-19.36067 Y16.30952
G01 X-19.36342 Y16.30726
G01 X-19.36392 Y16.30784
G01 X-19.36342 Y16.30726
G01 X-19.41625 Y16.26042
G01 X-19.42143 Y16.25508
G01 X-19.53154 Y16.12351
G01 X-19.53210 Y16.12392
G01 X-19.53154 Y16.12351
G01 X-19.53555 Y16.11800
G01 X-19.55402 Y16.08851
G01 X-19.55651 Y16.08409
G01 X-19.57436 Y16.04792
G01 X-19.57703 Y16.04137
G01 X-19.64398 Y15.83728
G01 X-19.74741 Y15.76413
G01 X-19.75376 Y15.75879
G01 X-19.75397 Y15.75905
G01 X-19.75376 Y15.75879
G01 X-19.85397 Y15.65940
G01 X-19.85425 Y15.65963
G01 X-19.85397 Y15.65940
G01 X-19.85935 Y15.65310
G01 X-19.94287 Y15.53700
G01 X-19.94696 Y15.53030
G01 X-23.55975 Y11.91745
G01 X-23.86364 Y11.79157
G01 X-23.89330 Y11.78011
G01 X-23.98959 Y11.74567
G01 X-24.03923 Y11.73058
G01 X-24.07313 Y11.72207
G01 X-24.13483 Y11.70668
G01 X-24.17720 Y11.69817
G01 X-24.27280 Y11.68400
G01 X-24.31095 Y11.68024
G01 X-24.40712 Y11.67551
G01 X-24.42556 Y11.67506
G01 X-29.22438 Y11.67506
G01 X-29.24277 Y11.67551
G01 X-29.33896 Y11.68024
G01 X-29.37714 Y11.68400
G01 X-29.47272 Y11.69817
G01 X-29.51508 Y11.70668
G01 X-29.57678 Y11.72207
G01 X-29.61069 Y11.73058
G01 X-29.66030 Y11.74567
G01 X-29.75661 Y11.78011
G01 X-29.78628 Y11.79157
G01 X-29.84879 Y11.81745
G01 X-31.56568 Y13.53434
G01 X-31.58544 Y13.55616
G01 X-31.64762 Y13.63192
G01 X-31.66517 Y13.65557
G01 X-31.68028 Y13.68082
G01 X-31.72648 Y13.76728
G01 X-31.74901 Y13.82161
G01 X-31.77746 Y13.91541
G01 X-31.78460 Y13.94396
G01 X-31.78892 Y13.97307
G01 X-31.79854 Y14.07066
G01 X-31.79999 Y14.10005
G01 X-31.79989 Y15.83644
G01 X-31.87375 Y16.64784
G01 X-31.87500 Y16.67502
G01 X-31.87500 Y17.57502
G01 X-31.87426 Y17.59567
G01 X-31.85902 Y17.81640
G01 X-31.84815 Y17.82097
G01 X-31.85902 Y17.81640
G01 X-32.26182 Y18.16252
G01 X-32.25950 Y18.16875
G01 X-32.26182 Y18.16252
G01 X-32.45389 Y18.16252
G01 X-32.45425 Y18.16252
G01 X-32.45503 Y18.16270
G01 X-32.52214 Y18.17609
G01 X-32.52458 Y18.17649
G01 X-32.57357 Y18.18376
G01 X-32.57431 Y18.18386
G01 X-32.59336 Y18.18642
G01 X-32.59410 Y18.18650
G01 X-32.63771 Y18.19168
G01 X-32.68429 Y18.19900
G01 X-32.71353 Y18.20474
G01 X-32.77807 Y18.22244
G01 X-32.77926 Y18.22277
G01 X-32.77934 Y18.22348
G01 X-32.77807 Y18.22244
G01 X-32.77934 Y18.22348
G01 X-32.79468 Y18.34495
G01 X-32.79870 Y18.39732
G01 X-32.80007 Y18.45051
G01 X-32.80022 Y18.46283
G01 X-32.80022 Y19.83666
G01 X-32.79915 Y19.86765
G01 X-32.79806 Y19.87555
G01 X-32.78925 Y19.89925
G01 X-32.78724 Y19.90463
G01 X-32.78140 Y19.92030
G01 X-32.77637 Y19.93389
G01 X-32.76862 Y19.94423
G01 X-32.75557 Y19.96168
G01 X-32.74210 Y19.97966
G01 X-32.72430 Y19.99297
G01 X-32.70670 Y20.00613
G01 X-32.69638 Y20.01388
G01 X-32.68310 Y20.01878
G01 X-32.67030 Y20.02345
G01 X-32.65950 Y20.02744
G01 X-32.63690 Y20.03577
G01 X-32.63009 Y20.03671
G01 X-32.59908 Y20.03775
G01 X-31.45087 Y20.03775
G01 X-31.41986 Y20.03671
G01 X-31.41305 Y20.03577
G01 X-31.39026 Y20.02739
G01 X-31.38935 Y20.02703
G01 X-31.36695 Y20.01881
G01 X-31.35354 Y20.01388
G01 X-31.34310 Y20.00605
G01 X-31.33827 Y20.00245
G01 X-31.32631 Y19.99351
G01 X-31.32608 Y19.99330
G01 X-31.30784 Y19.97966
G01 X-31.29408 Y19.96127
G01 X-31.28143 Y19.94438
G01 X-31.27360 Y19.93394
G01 X-31.26868 Y19.92056
G01 X-31.26009 Y19.89719
G01 X-31.25173 Y19.87446
G01 X-31.25079 Y19.86765
G01 X-31.24973 Y19.83666
G01 X-31.24973 Y19.63092
G01 X-31.24960 Y19.62734
G01 X-31.24442 Y19.55538
G01 X-31.24404 Y19.55185
G01 X-31.23388 Y19.48109
G01 X-31.23698 Y19.48012
G01 X-31.23388 Y19.48109
G01 X-31.23225 Y19.47377
G01 X-31.22956 Y19.46679
G01 X-31.22585 Y19.46026
G01 X-31.17391 Y19.38320
G01 X-31.17424 Y19.38297
G01 X-31.17391 Y19.38320
G01 X-31.17124 Y19.37956
G01 X-31.15956 Y19.36524
G01 X-31.15897 Y19.36450
G01 X-31.14681 Y19.35013
G01 X-31.14622 Y19.34944
G01 X-30.72021 Y18.86402
G01 X-30.71777 Y18.86140
G01 X-30.66588 Y18.81020
G01 X-30.66624 Y18.80979
G01 X-30.66588 Y18.81020
G01 X-30.66327 Y18.80778
G01 X-30.60962 Y18.76191
G01 X-30.60515 Y18.75851
G01 X-30.49933 Y18.68693
G01 X-30.49961 Y18.68642
G01 X-30.49933 Y18.68693
G01 X-30.49476 Y18.68416
G01 X-30.49387 Y18.68371
G01 X-30.49088 Y18.68223
G01 X-30.45217 Y18.66488
G01 X-30.45069 Y18.66425
G01 X-30.43909 Y18.65947
G01 X-30.40789 Y18.64576
G01 X-30.38778 Y18.63631
G01 X-30.38288 Y18.63402
G01 X-30.38054 Y18.63301
G01 X-30.30424 Y18.60184
G01 X-30.30198 Y18.60098
G01 X-30.22651 Y18.57431
G01 X-30.19329 Y18.50359
G01 X-30.19225 Y18.50151
G01 X-30.19055 Y18.49831
G01 X-30.16946 Y18.45556
G01 X-30.15557 Y18.42529
G01 X-30.15491 Y18.42391
G01 X-30.14914 Y18.41226
G01 X-30.12682 Y18.33867
G01 X-30.11150 Y18.26176
G01 X-30.10190 Y18.16422
G01 X-30.09997 Y18.12501
G01 X-30.10000 Y17.87558
G01 X-30.10142 Y17.87532
G01 X-30.10000 Y17.87558
G01 X-30.09126 Y17.85925
G01 X-30.06124 Y17.78681
G01 X-30.04701 Y17.73989
G01 X-30.03749 Y17.70182
G01 X-30.03172 Y17.66298
G01 X-30.02692 Y17.61421
G01 X-30.02499 Y17.57502
G01 X-30.02499 Y16.67502
G01 X-30.02664 Y16.63880
G01 X-30.09997 Y15.83189
G01 X-30.09997 Y14.47287
G01 X-30.10759 Y14.46967
G01 X-30.09997 Y14.47287
G01 X-28.85220 Y13.22504
G01 X-28.85534 Y13.21742
G01 X-28.85220 Y13.22504
G01 X-24.79775 Y13.22504
G01 X-24.79460 Y13.21742
G01 X-24.79775 Y13.22504
G01 X-20.74129 Y17.28150
G01 X-20.74088 Y17.28117
G01 X-20.74129 Y17.28150
G01 X-19.87500 Y18.59699
G01 X-19.87078 Y18.59572
G01 X-19.87500 Y18.59699
G01 X-19.87500 Y18.97502
G01 X-19.86890 Y19.04446
G01 X-19.85861 Y19.08289
G01 X-19.78061 Y19.19132
G01 X-19.68630 Y19.28487
G01 X-19.59689 Y19.34812
G01 X-19.52712 Y19.31136
G01 X-19.50022 Y19.29564
G01 X-19.49496 Y19.29298
G01 X-19.45379 Y19.27502
G01 X-19.33393 Y19.22274
G01 X-19.32775 Y19.22051
G01 X-19.32791 Y19.22008
G01 X-19.32775 Y19.22051
G01 X-19.25790 Y19.20044
G01 X-19.25285 Y19.19925
G01 X-19.14216 Y19.17956
G01 X-19.13680 Y19.17890
G01 X-19.13687 Y19.17834
G01 X-19.13680 Y19.17890
G01 X-19.10289 Y19.17657
G01 X-19.10119 Y19.17649
G01 X-19.06692 Y19.17532
G01 X-19.06522 Y19.17527
G01 X-17.77581 Y19.17527
G01 X-17.74485 Y19.17420
G01 X-17.73804 Y19.17326
G01 X-17.71518 Y19.16486
G01 X-17.69197 Y19.15632
G01 X-17.67856 Y19.15140
G01 X-17.66809 Y19.14357
G01 X-17.65570 Y19.13428
G01 X-17.65133 Y19.13100
G01 X-17.63284 Y19.11716
G01 X-17.61897 Y19.09864
G01 X-17.61750 Y19.09668
G01 X-17.60645 Y19.08190
G01 X-17.59860 Y19.07144
G01 X-17.59365 Y19.05800
G01 X-17.58554 Y19.03598
G01 X-17.58516 Y19.03489
G01 X-17.57673 Y19.01195
G01 X-17.57579 Y19.00514
G01 X-17.57472 Y18.97418
G01 X-17.57472 Y17.27588
G01 X-17.57498 Y17.27502
G01 X-17.67498 Y17.27502
G01 X-17.67498 Y18.97502
G01 X-17.67691 Y18.99452
G01 X-17.68260 Y19.01327
G01 X-17.69184 Y19.03057
G01 X-17.70429 Y19.04573
G01 X-17.71943 Y19.05815
G01 X-17.73672 Y19.06740
G01 X-17.75547 Y19.07309
G01 X-17.77498 Y19.07502
G01 X-19.47500 Y19.07502
G01 X-19.49235 Y19.07349
G01 X-19.50919 Y19.06897
G01 X-19.52499 Y19.06161
G01 X-19.53926 Y19.05162
G01 X-19.55160 Y19.03928
G01 X-19.56159 Y19.02500
G01 X-19.56895 Y19.00921
G01 X-19.57347 Y18.99237
G01 X-19.57500 Y18.97502
G01 X-19.57497 Y18.50707
G01 X-20.50753 Y17.09097
G01 X-24.67349 Y12.92507
G01 X-28.97645 Y12.92507
G01 X-30.39997 Y14.34859
G01 X-30.39997 Y15.84853
G01 X-30.39944 Y15.85161
G01 X-30.32540 Y16.66595
G01 X-30.32499 Y16.67502
G01 X-30.32499 Y17.57502
G01 X-30.32547 Y17.58483
G01 X-30.33027 Y17.63359
G01 X-30.33172 Y17.64330
G01 X-30.33411 Y17.65282
G01 X-30.34833 Y17.69971
G01 X-30.35582 Y17.71782
G01 X-30.37894 Y17.76105
G01 X-30.38397 Y17.76946
G01 X-30.38981 Y17.77736
G01 X-30.40000 Y17.78973
G01 X-30.39997 Y18.12501
G01 X-30.40045 Y18.13481
G01 X-30.41008 Y18.23237
G01 X-30.41389 Y18.25160
G01 X-30.44234 Y18.34538
G01 X-30.44986 Y18.36349
G01 X-30.49606 Y18.44995
G01 X-30.50695 Y18.46623
G01 X-30.56913 Y18.54200
G01 X-30.57571 Y18.54929
G01 X-30.61996 Y18.59354
G01 X-30.62189 Y18.59618
G01 X-31.34998 Y19.42587
G01 X-31.34998 Y19.83753
G01 X-31.35191 Y19.85703
G01 X-31.35760 Y19.87578
G01 X-31.36685 Y19.89308
G01 X-31.37927 Y19.90821
G01 X-31.39443 Y19.92066
G01 X-31.41173 Y19.92991
G01 X-31.43047 Y19.93560
G01 X-31.44998 Y19.93750
G01 X-32.59999 Y19.93750
G01 X-32.61950 Y19.93560
G01 X-32.63824 Y19.92991
G01 X-32.65554 Y19.92066
G01 X-32.67070 Y19.90821
G01 X-32.68312 Y19.89308
G01 X-32.69237 Y19.87578
G01 X-32.69806 Y19.85703
G01 X-32.69999 Y19.83750
G01 X-32.69999 Y18.46252
G01 X-32.69806 Y18.44301
G01 X-32.69237 Y18.42424
G01 X-32.68312 Y18.40695
G01 X-32.67070 Y18.39181
G01 X-32.65554 Y18.37936
G01 X-32.63827 Y18.37012
G01 X-32.61950 Y18.36443
G01 X-32.59999 Y18.36252
G01 X-32.18770 Y18.36252
G01 X-31.65260 Y17.90271
G01 X-31.67431 Y17.58813
G01 X-31.67429 Y17.58703
G01 X-31.67452 Y17.58483
G01 X-31.67500 Y17.57502
G01 X-31.67500 Y16.67502
G01 X-31.67457 Y16.66595
G01 X-31.60053 Y15.85161
G01 X-31.59999 Y15.84807
G01 X-31.59999 Y14.10005
G01 X-31.59951 Y14.09024
G01 X-31.58988 Y13.99271
G01 X-31.58846 Y13.98300
G01 X-31.58607 Y13.97350
G01 X-31.55763 Y13.87973
G01 X-31.55011 Y13.86154
G01 X-31.50390 Y13.77513
G01 X-31.49888 Y13.76675
G01 X-31.49301 Y13.75882
G01 X-31.43083 Y13.68303
G01 X-31.42425 Y13.67576
G01 X-29.64925 Y11.90076
G01 X-29.64198 Y11.89421
G01 X-29.56621 Y11.83200
G01 X-29.55832 Y11.82614
G01 X-29.54991 Y11.82111
G01 X-29.46347 Y11.77496
G01 X-29.44534 Y11.76739
G01 X-29.35156 Y11.73896
G01 X-29.34203 Y11.73655
G01 X-29.33233 Y11.73513
G01 X-29.23477 Y11.72550
G01 X-29.22499 Y11.72502
G01 X-24.42498 Y11.72502
G01 X-24.41517 Y11.72550
G01 X-24.31761 Y11.73513
G01 X-24.30791 Y11.73655
G01 X-24.29838 Y11.73896
G01 X-24.20460 Y11.76739
G01 X-24.18647 Y11.77496
G01 X-24.10003 Y11.82111
G01 X-24.09163 Y11.82614
G01 X-24.08373 Y11.83200
G01 X-24.00796 Y11.89421
G01 X-24.00069 Y11.90076
G01 X-19.65889 Y16.24256
G01 X-18.24295 Y17.17502
G01 X-17.77498 Y17.17502
G01 X-17.75763 Y17.17652
G01 X-17.74079 Y17.18104
G01 X-17.72499 Y17.18841
G01 X-17.71071 Y17.19841
G01 X-17.69839 Y17.21073
G01 X-17.68839 Y17.22501
G01 X-17.68102 Y17.24081
G01 X-17.67650 Y17.25765
G01 X-17.67498 Y17.27502
G01 X-17.57498 Y17.27502
G01 X-17.57498 Y18.97502
G01 X-17.57884 Y19.01403
G01 X-17.58516 Y19.03489
G01 X-17.58554 Y19.03598
G01 X-17.59365 Y19.05800
G01 X-17.60645 Y19.08190
G01 X-17.61750 Y19.09668
G01 X-17.61897 Y19.09864
G01 X-17.63357 Y19.11644
G01 X-17.65133 Y19.13100
G01 X-17.65570 Y19.13428
G01 X-17.66809 Y19.14357
G01 X-17.69197 Y19.15632
G01 X-17.71518 Y19.16486
G01 X-17.73596 Y19.17118
G01 X-17.77498 Y19.17502
G01 X-19.47500 Y19.17502
G01 X-19.50972 Y19.17197
G01 X-19.54340 Y19.16295
G01 X-19.57500 Y19.14822
G01 X-19.60355 Y19.12823
G01 X-19.62819 Y19.10357
G01 X-19.64820 Y19.07502
G01 X-19.66293 Y19.04342
G01 X-19.67195 Y19.00974
G01 X-19.67500 Y18.97502
G01 X-19.67497 Y18.53705
G01 X-19.67088 Y18.53580
G01 X-19.67497 Y18.53705
G01 X-20.58546 Y17.15447
G01 X-20.58505 Y17.15417
G01 X-20.58546 Y17.15447
G01 X-24.71492 Y13.02504
G01 X-24.71177 Y13.01742
G01 X-24.71492 Y13.02504
G01 X-28.93502 Y13.02504
G01 X-28.93817 Y13.01742
G01 X-28.93502 Y13.02504
G01 X-30.29997 Y14.38999
G01 X-30.30759 Y14.38684
G01 X-30.29997 Y14.38999
G01 X-30.29997 Y15.84175
G01 X-30.29984 Y15.84256
G01 X-30.22580 Y16.65691
G01 X-30.22499 Y16.67502
G01 X-30.22499 Y17.57502
G01 X-30.22595 Y17.59460
G01 X-30.23075 Y17.64340
G01 X-30.23363 Y17.66280
G01 X-30.23840 Y17.68185
G01 X-30.25262 Y17.72874
G01 X-30.26764 Y17.76496
G01 X-30.29072 Y17.80819
G01 X-30.30000 Y17.82361
G01 X-30.30182 Y17.82320
G01 X-30.30000 Y17.82361
G01 X-30.29997 Y18.12501
G01 X-30.30094 Y18.14462
G01 X-30.31056 Y18.24218
G01 X-30.31821 Y18.28061
G01 X-30.34666 Y18.37441
G01 X-30.36167 Y18.41063
G01 X-30.40787 Y18.49709
G01 X-30.42964 Y18.52968
G01 X-30.49182 Y18.60545
G01 X-30.50500 Y18.61998
G01 X-30.54561 Y18.66059
G01 X-30.54673 Y18.66214
G01 X-31.24998 Y19.46354
G01 X-31.25615 Y19.46117
G01 X-31.24998 Y19.46354
G01 X-31.24998 Y19.83753
G01 X-31.25384 Y19.87654
G01 X-31.26009 Y19.89719
G01 X-31.26868 Y19.92056
G01 X-31.28143 Y19.94438
G01 X-31.29408 Y19.96127
G01 X-31.30858 Y19.97893
G01 X-31.32608 Y19.99330
G01 X-31.32631 Y19.99351
G01 X-31.33827 Y20.00245
G01 X-31.34310 Y20.00605
G01 X-31.36695 Y20.01881
G01 X-31.38935 Y20.02703
G01 X-31.39026 Y20.02739
G01 X-31.41097 Y20.03366
G01 X-31.44998 Y20.03753
G01 X-32.59999 Y20.03753
G01 X-32.63901 Y20.03366
G01 X-32.65950 Y20.02744
G01 X-32.67030 Y20.02345
G01 X-32.68310 Y20.01878
G01 X-32.70670 Y20.00613
G01 X-32.72430 Y19.99297
G01 X-32.74142 Y19.97893
G01 X-32.75557 Y19.96168
G01 X-32.76862 Y19.94423
G01 X-32.78140 Y19.92030
G01 X-32.78724 Y19.90463
G01 X-32.78925 Y19.89925
G01 X-32.79615 Y19.87654
G01 X-32.79999 Y19.83750
G01 X-32.79999 Y18.46252
G01 X-32.79615 Y18.42348
G01 X-32.78478 Y18.38597
G01 X-32.76628 Y18.35140
G01 X-32.74142 Y18.32109
G01 X-32.71109 Y18.29623
G01 X-32.67652 Y18.27774
G01 X-32.63901 Y18.26636
G01 X-32.59999 Y18.26252
G01 X-32.22476 Y18.26252
G01 X-32.22247 Y18.26857
G01 X-32.22476 Y18.26252
G01 X-31.75582 Y17.85955
G01 X-31.74490 Y17.86412
G01 X-31.75582 Y17.85955
G01 X-31.77452 Y17.58879
G01 X-31.77500 Y17.57502
G01 X-31.77500 Y16.67502
G01 X-31.77416 Y16.65691
G01 X-31.70012 Y15.84256
G01 X-31.69989 Y15.84165
G01 X-31.69999 Y14.10005
G01 X-31.69903 Y14.08044
G01 X-31.68940 Y13.98288
G01 X-31.68653 Y13.96350
G01 X-31.68176 Y13.94445
G01 X-31.65331 Y13.85067
G01 X-31.63830 Y13.81442
G01 X-31.59209 Y13.72801
G01 X-31.58201 Y13.71115
G01 X-31.57033 Y13.69540
G01 X-31.50815 Y13.61961
G01 X-31.49496 Y13.60505
G01 X-29.71996 Y11.83005
G01 X-29.70541 Y11.81692
G01 X-29.62964 Y11.75469
G01 X-29.61387 Y11.74300
G01 X-29.59705 Y11.73292
G01 X-29.57678 Y11.72207
G01 X-29.61069 Y11.73058
G01 X-29.66030 Y11.74567
G01 X-29.75661 Y11.78011
G01 X-29.78628 Y11.79157
G01 X-29.84879 Y11.81745
G01 X-30.09019 Y11.91745
G01 X-31.63637 Y13.46365
G01 X-31.66273 Y13.49273
G01 X-31.72491 Y13.56855
G01 X-31.74830 Y13.60002
G01 X-31.76850 Y13.63375
G01 X-31.81470 Y13.72014
G01 X-31.84470 Y13.79258
G01 X-31.87314 Y13.88638
G01 X-31.88269 Y13.92446
G01 X-31.88844 Y13.96332
G01 X-31.89806 Y14.06083
G01 X-31.89999 Y14.10005
G01 X-31.89989 Y15.83189
G01 X-31.97335 Y16.63880
G01 X-31.97500 Y16.67497
G01 X-31.97500 Y17.57505
G01 X-31.97403 Y17.60258
G01 X-31.96225 Y17.77324
G01 X-31.95384 Y17.77626
G01 X-31.96225 Y17.77324
G01 X-32.02247 Y17.82501
G01 X-32.02430 Y17.82778
G01 X-32.02565 Y17.82978
G01 X-32.07716 Y17.90098
G01 X-32.07866 Y17.90296
G01 X-32.10985 Y17.94187
G01 X-32.11142 Y17.94373
G01 X-32.16557 Y18.00489
G01 X-32.16728 Y18.00672
G01 X-32.20164 Y18.04187
G01 X-32.20340 Y18.04360
G01 X-32.26105 Y18.09704
G01 X-32.26288 Y18.09867
G01 X-32.26644 Y18.10164
G01 X-32.27370 Y18.10672
G01 X-32.27187 Y18.10967
G01 X-32.27370 Y18.10672
G01 X-32.28175 Y18.11043
G01 X-32.32613 Y18.12630
G01 X-32.32841 Y18.12706
G01 X-32.40124 Y18.14921
G01 X-32.40365 Y18.14987
G01 X-32.45262 Y18.16232
G01 X-32.45389 Y18.16252
G01 X-32.45503 Y18.16270
G01 X-32.52214 Y18.17609
G01 X-32.52458 Y18.17649
G01 X-32.57357 Y18.18376
G01 X-32.57431 Y18.18386
G01 X-32.59336 Y18.18642
G01 X-32.59410 Y18.18650
G01 X-32.63771 Y18.19168
G01 X-32.68429 Y18.19900
G01 X-32.71353 Y18.20474
G01 X-32.77807 Y18.22244
G01 X-32.77934 Y18.22348
G01 X-32.79468 Y18.34495
G01 X-32.79870 Y18.39732
G01 X-32.80007 Y18.45051
G01 X-32.80022 Y18.46283
G01 X-32.80022 Y19.83666
G01 X-32.79915 Y19.86765
G01 X-32.79806 Y19.87555
G01 X-32.78925 Y19.89925
G01 X-32.78724 Y19.90463
G01 X-32.78140 Y19.92030
G01 X-32.76862 Y19.94423
G01 X-32.75557 Y19.96168
G01 X-32.74142 Y19.97893
G01 X-32.72430 Y19.99297
G01 X-32.72407 Y19.99318
G01 X-32.70670 Y20.00613
G01 X-32.68310 Y20.01878
G01 X-32.67030 Y20.02345
G01 X-32.65950 Y20.02744
G01 X-32.63901 Y20.03366
G01 X-32.59999 Y20.03753
G01 X-31.44998 Y20.03753
G01 X-31.41097 Y20.03366
G01 X-31.39026 Y20.02739
G01 X-31.38935 Y20.02703
G01 X-31.36695 Y20.01881
G01 X-31.34310 Y20.00605
G01 X-31.33827 Y20.00245
G01 X-31.32631 Y19.99351
G01 X-31.32608 Y19.99330
G01 X-31.30858 Y19.97893
G01 X-31.29408 Y19.96127
G01 X-31.28143 Y19.94438
G01 X-31.26868 Y19.92056
G01 X-31.26009 Y19.89719
G01 X-31.25173 Y19.87446
G01 X-31.25079 Y19.86765
G01 X-31.24973 Y19.83666
G01 X-31.24973 Y19.63092
G01 X-31.24960 Y19.62734
G01 X-31.24442 Y19.55538
G01 X-31.24404 Y19.55185
G01 X-31.23388 Y19.48109
G01 X-31.23225 Y19.47377
G01 X-31.22956 Y19.46679
G01 X-31.22585 Y19.46026
G01 X-31.17391 Y19.38320
G01 X-31.17124 Y19.37956
G01 X-31.15956 Y19.36524
G01 X-31.15897 Y19.36450
G01 X-31.14681 Y19.35013
G01 X-31.14622 Y19.34944
G01 X-30.72021 Y18.86402
G01 X-30.71777 Y18.86140
G01 X-30.66588 Y18.81020
G01 X-30.66327 Y18.80778
G01 X-30.60962 Y18.76191
G01 X-30.60515 Y18.75851
G01 X-30.49933 Y18.68693
G01 X-30.49476 Y18.68416
G01 X-30.49387 Y18.68371
G01 X-30.49088 Y18.68223
G01 X-30.45217 Y18.66488
G01 X-30.45069 Y18.66425
G01 X-30.43909 Y18.65947
G01 X-30.40789 Y18.64576
G01 X-30.38778 Y18.63631
G01 X-30.35234 Y18.59313
G01 X-30.31966 Y18.54421
G01 X-30.27345 Y18.45777
G01 X-30.25095 Y18.40344
G01 X-30.22250 Y18.30964
G01 X-30.21104 Y18.25196
G01 X-30.20142 Y18.15442
G01 X-30.19997 Y18.12501
G01 X-30.20000 Y17.85053
G01 X-30.20188 Y17.85015
G01 X-30.20000 Y17.85053
G01 X-30.17945 Y17.81210
G01 X-30.15694 Y17.75777
G01 X-30.14272 Y17.71086
G01 X-30.13556 Y17.68231
G01 X-30.13124 Y17.65320
G01 X-30.12644 Y17.60441
G01 X-30.12499 Y17.57502
G01 X-30.12499 Y16.67502
G01 X-30.12621 Y16.64784
G01 X-30.19997 Y15.83644
G01 X-30.19997 Y14.43141
G01 X-30.20759 Y14.42824
G01 X-30.19997 Y14.43141
G01 X-28.89360 Y13.12504
G01 X-28.89677 Y13.11745
G01 X-28.89360 Y13.12504
G01 X-24.75634 Y13.12504
G01 X-24.75317 Y13.11745
G01 X-24.75634 Y13.12504
G01 X-20.66339 Y17.21800
G01 X-20.66298 Y17.21767
G01 X-20.66339 Y17.21800
G01 X-19.77500 Y18.56702
G01 X-19.77093 Y18.56577
G01 X-19.77500 Y18.56702
G01 X-19.77500 Y18.97502
G01 X-19.77043 Y19.02711
G01 X-19.75689 Y19.07761
G01 X-19.73479 Y19.12500
G01 X-19.70479 Y19.16785
G01 X-19.66783 Y19.20484
G01 X-19.62498 Y19.23481
G01 X-19.57759 Y19.25693
G01 X-19.52709 Y19.27045
G01 X-19.47500 Y19.27502
G01 X-19.45379 Y19.27502
G04 P0 ( dwell for no time -- G64 should not smooth over this point )
G00 Z5.00000 ( retract )

G00 X-19.57688 Y19.64174 ( rapid move to begin. )
G01 F150.00000
( Mill infeed pass 1/1 )
G01 Z-0.06000
G04 P0 ( dwell for no time -- G64 should not smooth over this point )
G01 F300.00000
G01 X-19.57688 Y19.64174
G01 X-19.57436 Y19.64789
G01 X-19.55656 Y19.68401
G01 X-19.55407 Y19.68843
G01 X-19.53555 Y19.71799
G01 X-19.53154 Y19.72351
G01 X-19.53189 Y19.72378
G01 X-19.53154 Y19.72351
G01 X-19.42143 Y19.85510
G01 X-19.42171 Y19.85538
G01 X-19.42143 Y19.85510
G01 X-19.41625 Y19.86044
G01 X-19.36342 Y19.90725
G01 X-19.36067 Y19.90951
G01 X-19.30284 Y19.95386
G01 X-19.29992 Y19.95594
G01 X-18.31135 Y20.60694
G01 X-18.31109 Y20.60712
G01 X-18.30573 Y20.61060
G01 X-18.30258 Y20.61248
G01 X-18.24058 Y20.64659
G01 X-18.23751 Y20.64814
G01 X-18.21539 Y20.65838
G01 X-18.21579 Y20.65952
G01 X-18.21539 Y20.65838
G01 X-18.20860 Y20.66094
G01 X-18.20149 Y20.66252
G01 X-18.15572 Y20.66910
G01 X-18.15575 Y20.66940
G01 X-18.15572 Y20.66910
G01 X-18.15219 Y20.66948
G01 X-18.08023 Y20.67463
G01 X-18.07665 Y20.67479
G01 X-17.77584 Y20.67479
G01 X-17.74490 Y20.67583
G01 X-17.73802 Y20.67679
G01 X-17.71452 Y20.68535
G01 X-17.73596 Y20.67885
G01 X-17.77498 Y20.67501
G01 X-18.21297 Y20.67501
G01 X-18.21419 Y20.67890
G01 X-18.21297 Y20.67501
G01 X-19.59542 Y19.76463
G01 X-19.59575 Y19.76503
G01 X-19.59542 Y19.76463
G01 X-20.72999 Y18.63004
G01 X-20.74152 Y18.61939
G01 X-20.80118 Y18.56844
G01 X-20.82658 Y18.54997
G01 X-20.89346 Y18.50898
G01 X-20.92143 Y18.49473
G01 X-20.99392 Y18.46471
G01 X-21.02376 Y18.45500
G01 X-21.10006 Y18.43669
G01 X-21.13105 Y18.43179
G01 X-21.20928 Y18.42564
G01 X-21.22496 Y18.42501
G01 X-22.63791 Y18.42501
G01 X-23.15277 Y18.36219
G01 X-23.15393 Y18.36519
G01 X-23.15277 Y18.36219
G01 X-23.17133 Y18.34362
G01 X-23.20920 Y18.31253
G01 X-23.22498 Y18.30085
G01 X-23.24182 Y18.29077
G01 X-23.28505 Y18.26765
G01 X-23.32127 Y18.25267
G01 X-23.36816 Y18.23842
G01 X-23.38721 Y18.23367
G01 X-23.40661 Y18.23077
G01 X-23.45538 Y18.22597
G01 X-23.47499 Y18.22501
G01 X-24.12498 Y18.22501
G01 X-24.14458 Y18.22597
G01 X-24.19335 Y18.23077
G01 X-24.21278 Y18.23367
G01 X-24.23181 Y18.23842
G01 X-24.27872 Y18.25267
G01 X-24.31494 Y18.26765
G01 X-24.35815 Y18.29077
G01 X-24.37499 Y18.30085
G01 X-24.39076 Y18.31253
G01 X-24.42863 Y18.34362
G01 X-24.45637 Y18.37136
G01 X-24.48746 Y18.40923
G01 X-24.49914 Y18.42501
G01 X-24.50923 Y18.44185
G01 X-24.53234 Y18.48505
G01 X-24.54735 Y18.52130
G01 X-24.56158 Y18.56819
G01 X-24.56635 Y18.58721
G01 X-24.56922 Y18.60664
G01 X-24.57402 Y18.65541
G01 X-24.57499 Y18.67502
G01 X-24.57499 Y19.57502
G01 X-24.57451 Y19.58881
G01 X-24.55581 Y19.85957
G01 X-24.54489 Y19.86414
G01 X-24.55581 Y19.85957
G01 X-25.02475 Y20.26252
G01 X-25.02246 Y20.26859
G01 X-25.02475 Y20.26252
G01 X-25.39998 Y20.26252
G01 X-25.43473 Y20.26554
G01 X-25.46838 Y20.27458
G01 X-25.49998 Y20.28932
G01 X-25.52855 Y20.30931
G01 X-25.55319 Y20.33394
G01 X-25.57318 Y20.36252
G01 X-25.58791 Y20.39412
G01 X-25.59696 Y20.42777
G01 X-25.59998 Y20.46252
G01 X-25.59998 Y21.83752
G01 X-25.59614 Y21.87654
G01 X-25.58990 Y21.89708
G01 X-25.58121 Y21.92068
G01 X-25.56864 Y21.94420
G01 X-25.55543 Y21.96183
G01 X-25.54141 Y21.97892
G01 X-25.52391 Y21.99330
G01 X-25.50679 Y22.00610
G01 X-25.48306 Y22.01880
G01 X-25.48258 Y22.01895
G01 X-25.45949 Y22.02744
G01 X-25.43899 Y22.03366
G01 X-25.39998 Y22.03752
G01 X-24.24999 Y22.03752
G01 X-24.21525 Y22.03447
G01 X-24.19409 Y22.02881
G01 X-24.17308 Y22.02109
G01 X-24.16889 Y22.01954
G01 X-24.14999 Y22.01072
G01 X-24.13956 Y22.00341
G01 X-24.11794 Y21.98723
G01 X-24.10026 Y21.96958
G01 X-24.11794 Y21.98723
G01 X-24.10026 Y21.96958
G01 X-24.08652 Y21.95119
G01 X-24.08406 Y21.94788
G01 X-24.07679 Y21.93752
G01 X-24.06798 Y21.91862
G01 X-24.05866 Y21.89330
G01 X-24.05302 Y21.87224
G01 X-24.05000 Y21.83752
G01 X-24.05000 Y21.46353
G01 X-24.05632 Y21.46112
G01 X-24.05000 Y21.46353
G01 X-23.34675 Y20.66214
G01 X-23.34568 Y20.66069
G01 X-23.30499 Y20.62000
G01 X-23.29181 Y20.60544
G01 X-23.22963 Y20.52968
G01 X-23.20786 Y20.49709
G01 X-23.16166 Y20.41063
G01 X-23.15325 Y20.39290
G01 X-23.14664 Y20.37441
G01 X-23.11820 Y20.28063
G01 X-23.11517 Y20.26854
G01 X-23.11238 Y20.25449
G01 X-23.11055 Y20.24217
G01 X-23.10092 Y20.14461
G01 X-23.09996 Y20.12500
G01 X-23.09998 Y19.88152
G01 X-23.12350 Y19.86006
G01 X-23.09998 Y19.88152
G01 X-22.63770 Y19.82503
G01 X-21.51492 Y19.82503
G01 X-21.51177 Y19.81741
G01 X-21.51492 Y19.82503
G01 X-20.58544 Y20.75452
G01 X-20.58503 Y20.75419
G01 X-20.58544 Y20.75452
G01 X-19.67497 Y22.13706
G01 X-19.67088 Y22.13582
G01 X-19.67497 Y22.13706
G01 X-19.67500 Y22.57501
G01 X-19.67195 Y22.60973
G01 X-19.66636 Y22.63056
G01 X-19.66255 Y22.64092
G01 X-19.65686 Y22.65642
G01 X-19.64820 Y22.67501
G01 X-19.64114 Y22.68509
G01 X-19.62463 Y22.70714
G01 X-19.60710 Y22.72464
G01 X-19.62463 Y22.70714
G01 X-19.60710 Y22.72464
G01 X-19.58495 Y22.74123
G01 X-19.57500 Y22.74821
G01 X-19.55623 Y22.75698
G01 X-19.53065 Y22.76635
G01 X-19.50972 Y22.77196
G01 X-19.47500 Y22.77501
G01 X-17.77498 Y22.77501
G01 X-17.73596 Y22.77117
G01 X-17.71524 Y22.76488
G01 X-17.69916 Y22.75896
G01 X-17.69192 Y22.75629
G01 X-17.66812 Y22.74357
G01 X-17.65514 Y22.73384
G01 X-17.65125 Y22.73094
G01 X-17.63357 Y22.71644
G01 X-17.61892 Y22.69858
G01 X-17.61155 Y22.68875
G01 X-17.60642 Y22.68189
G01 X-17.59365 Y22.65799
G01 X-17.58638 Y22.63823
G01 X-17.58516 Y22.63490
G01 X-17.57884 Y22.61403
G01 X-17.57498 Y22.57501
G01 X-17.57498 Y20.87501
G01 X-17.57472 Y20.87588
G01 X-17.57498 Y20.87501
G01 X-17.67498 Y20.87501
G01 X-17.67691 Y20.85551
G01 X-17.68260 Y20.83674
G01 X-17.69184 Y20.81946
G01 X-17.70429 Y20.80430
G01 X-17.71943 Y20.79185
G01 X-17.73672 Y20.78263
G01 X-17.75547 Y20.77694
G01 X-17.77498 Y20.77501
G01 X-18.24295 Y20.77501
G01 X-19.65892 Y19.84253
G01 X-20.80070 Y18.70075
G01 X-20.80647 Y18.69541
G01 X-20.86613 Y18.64446
G01 X-20.87883 Y18.63524
G01 X-20.94573 Y18.59425
G01 X-20.95970 Y18.58713
G01 X-21.03220 Y18.55711
G01 X-21.04711 Y18.55226
G01 X-21.12341 Y18.53395
G01 X-21.13890 Y18.53148
G01 X-21.21713 Y18.52534
G01 X-21.22496 Y18.52501
G01 X-22.64586 Y18.52501
G01 X-22.64812 Y18.52452
G01 X-23.20293 Y18.45671
G01 X-23.22091 Y18.43479
G01 X-23.23478 Y18.42094
G01 X-23.27265 Y18.38985
G01 X-23.28053 Y18.38401
G01 X-23.28896 Y18.37896
G01 X-23.33217 Y18.35584
G01 X-23.35028 Y18.34835
G01 X-23.39719 Y18.33413
G01 X-23.40671 Y18.33174
G01 X-23.41642 Y18.33029
G01 X-23.46519 Y18.32549
G01 X-23.47499 Y18.32501
G01 X-24.12498 Y18.32501
G01 X-24.13478 Y18.32549
G01 X-24.18357 Y18.33029
G01 X-24.19328 Y18.33174
G01 X-24.20278 Y18.33413
G01 X-24.24969 Y18.34835
G01 X-24.26780 Y18.35584
G01 X-24.31103 Y18.37896
G01 X-24.31944 Y18.38401
G01 X-24.32731 Y18.38985
G01 X-24.36521 Y18.42094
G01 X-24.37908 Y18.43479
G01 X-24.41017 Y18.47268
G01 X-24.41601 Y18.48056
G01 X-24.42104 Y18.48899
G01 X-24.44415 Y18.53219
G01 X-24.45165 Y18.55030
G01 X-24.46587 Y18.59722
G01 X-24.46826 Y18.60674
G01 X-24.46970 Y18.61645
G01 X-24.47451 Y18.66521
G01 X-24.47499 Y18.67502
G01 X-24.47499 Y19.57502
G01 X-24.47451 Y19.58480
G01 X-24.47428 Y19.58713
G01 X-24.47430 Y19.58812
G01 X-24.45259 Y19.90270
G01 X-24.98769 Y20.36252
G01 X-25.39998 Y20.36252
G01 X-25.41735 Y20.36404
G01 X-25.43419 Y20.36854
G01 X-25.44999 Y20.37590
G01 X-25.46427 Y20.38591
G01 X-25.47659 Y20.39823
G01 X-25.48659 Y20.41251
G01 X-25.49396 Y20.42830
G01 X-25.49846 Y20.44514
G01 X-25.49998 Y20.46252
G01 X-25.49998 Y21.83752
G01 X-25.49807 Y21.85703
G01 X-25.49238 Y21.87577
G01 X-25.48314 Y21.89307
G01 X-25.47069 Y21.90824
G01 X-25.45555 Y21.92066
G01 X-25.43826 Y21.92990
G01 X-25.41949 Y21.93559
G01 X-25.39998 Y21.93752
G01 X-24.24999 Y21.93752
G01 X-24.23262 Y21.93600
G01 X-24.21578 Y21.93148
G01 X-24.19998 Y21.92411
G01 X-24.18571 Y21.91413
G01 X-24.17339 Y21.90178
G01 X-24.16338 Y21.88751
G01 X-24.15601 Y21.87171
G01 X-24.15152 Y21.85487
G01 X-24.14999 Y21.83752
G01 X-24.14999 Y21.42589
G01 X-23.42190 Y20.59617
G01 X-23.42002 Y20.59361
G01 X-23.37570 Y20.54928
G01 X-23.36912 Y20.54202
G01 X-23.30694 Y20.46625
G01 X-23.29605 Y20.44995
G01 X-23.24984 Y20.36351
G01 X-23.24565 Y20.35462
G01 X-23.24233 Y20.34537
G01 X-23.21388 Y20.25160
G01 X-23.21149 Y20.24207
G01 X-23.21007 Y20.23237
G01 X-23.20044 Y20.13481
G01 X-23.19996 Y20.12500
G01 X-23.19998 Y19.79300
G01 X-22.64812 Y19.72554
G01 X-22.64558 Y19.72503
G01 X-21.47350 Y19.72503
G01 X-20.50753 Y20.69099
G01 X-19.57497 Y22.10709
G01 X-19.57500 Y22.57501
G01 X-19.57347 Y22.59238
G01 X-19.56895 Y22.60922
G01 X-19.56159 Y22.62502
G01 X-19.55160 Y22.63930
G01 X-19.53926 Y22.65162
G01 X-19.52499 Y22.66162
G01 X-19.50919 Y22.66899
G01 X-19.49235 Y22.67349
G01 X-19.47500 Y22.67501
G01 X-17.77498 Y22.67501
G01 X-17.75547 Y22.67308
G01 X-17.73672 Y22.66739
G01 X-17.71943 Y22.65817
G01 X-17.70429 Y22.64572
G01 X-17.69184 Y22.63056
G01 X-17.68260 Y22.61329
G01 X-17.67691 Y22.59452
G01 X-17.67498 Y22.57501
G01 X-17.67498 Y20.87501
G01 X-17.57498 Y20.87501
G01 X-17.57884 Y20.83600
G01 X-17.58509 Y20.81532
G01 X-17.58643 Y20.81167
G01 X-17.59370 Y20.79198
G01 X-17.60640 Y20.76818
G01 X-17.61912 Y20.75119
G01 X-17.63357 Y20.73359
G01 X-17.65100 Y20.71929
G01 X-17.66822 Y20.70641
G01 X-17.69253 Y20.69338
G01 X-17.71452 Y20.68535
G01 X-17.69253 Y20.69338
G01 X-17.67899 Y20.69833
G01 X-17.63281 Y20.73290
G01 X-17.59860 Y20.77860
G01 X-17.58643 Y20.81167
G01 X-17.58509 Y20.81532
G01 X-17.57673 Y20.83808
G01 X-17.57579 Y20.84489
G01 X-17.57472 Y20.87588
G01 X-17.57472 Y22.57417
G01 X-17.57579 Y22.60516
G01 X-17.57673 Y22.61197
G01 X-17.58516 Y22.63490
G01 X-17.58638 Y22.63823
G01 X-17.59365 Y22.65799
G01 X-17.59860 Y22.67145
G01 X-17.60642 Y22.68189
G01 X-17.61155 Y22.68875
G01 X-17.61892 Y22.69858
G01 X-17.63281 Y22.71715
G01 X-17.65125 Y22.73094
G01 X-17.65514 Y22.73384
G01 X-17.66812 Y22.74357
G01 X-17.67856 Y22.75139
G01 X-17.69192 Y22.75629
G01 X-17.69916 Y22.75896
G01 X-17.71524 Y22.76488
G01 X-17.73807 Y22.77328
G01 X-17.74485 Y22.77422
G01 X-17.77581 Y22.77526
G01 X-19.47413 Y22.77526
G01 X-19.50510 Y22.77422
G01 X-19.51188 Y22.77328
G01 X-19.53065 Y22.76635
G01 X-19.55623 Y22.75698
G01 X-19.57139 Y22.75139
G01 X-19.58495 Y22.74123
G01 X-19.60710 Y22.72464
G01 X-19.61714 Y22.71715
G01 X-19.62463 Y22.70714
G01 X-19.64114 Y22.68509
G01 X-19.65132 Y22.67151
G01 X-19.65686 Y22.65642
G01 X-19.66255 Y22.64092
G01 X-19.66636 Y22.63056
G01 X-19.67322 Y22.61197
G01 X-19.67416 Y22.60516
G01 X-19.67523 Y22.57415
G01 X-19.67525 Y22.26734
G01 X-19.67540 Y22.26338
G01 X-19.67502 Y22.26335
G01 X-19.67540 Y22.26338
G01 X-19.68097 Y22.19325
G01 X-19.68137 Y22.18982
G01 X-19.68757 Y22.14829
G01 X-19.68917 Y22.14120
G01 X-19.69176 Y22.13442
G01 X-19.70395 Y22.10849
G01 X-19.70210 Y22.10775
G01 X-19.70395 Y22.10849
G01 X-19.70558 Y22.10531
G01 X-19.74122 Y22.04171
G01 X-19.74307 Y22.03864
G01 X-20.57728 Y20.77189
G01 X-20.57766 Y20.77133
G01 X-20.58531 Y20.76003
G01 X-20.58490 Y20.75970
G01 X-20.58531 Y20.76003
G01 X-20.58919 Y20.75502
G01 X-20.59712 Y20.74603
G01 X-20.59753 Y20.74558
G01 X-20.61439 Y20.72691
G01 X-20.61525 Y20.72599
G01 X-20.63281 Y20.70753
G01 X-20.63370 Y20.70661
G01 X-21.39077 Y19.94954
G01 X-21.39173 Y19.94860
G01 X-21.41121 Y19.93011
G01 X-21.41205 Y19.92904
G01 X-21.43197 Y19.91147
G01 X-21.43557 Y19.90852
G01 X-21.51261 Y19.85134
G01 X-21.51962 Y19.84697
G01 X-21.51843 Y19.84423
G01 X-21.51962 Y19.84697
G01 X-21.52724 Y19.84385
G01 X-21.53527 Y19.84200
G01 X-21.61165 Y19.83097
G01 X-21.61520 Y19.83059
G01 X-21.61518 Y19.83024
G01 X-21.61520 Y19.83059
G01 X-21.68716 Y19.82541
G01 X-21.69077 Y19.82528
G01 X-22.57265 Y19.82528
G01 X-22.57354 Y19.82528
G01 X-22.59165 Y19.82561
G01 X-22.59254 Y19.82564
G01 X-22.61048 Y19.82630
G01 X-22.61139 Y19.82632
G01 X-22.62953 Y19.82731
G01 X-22.63026 Y19.82737
G01 X-22.63811 Y19.82790
G01 X-22.63816 Y19.82752
G01 X-22.63811 Y19.82790
G01 X-22.64075 Y19.82815
G01 X-22.73267 Y19.83938
G01 X-22.73336 Y19.83948
G01 X-22.74733 Y19.84139
G01 X-22.74802 Y19.84149
G01 X-22.76153 Y19.84352
G01 X-22.76575 Y19.84433
G01 X-22.85132 Y19.86486
G01 X-22.85147 Y19.86432
G01 X-22.85132 Y19.86486
G01 X-22.85536 Y19.86602
G01 X-22.92302 Y19.88840
G01 X-22.92686 Y19.88985
G01 X-23.01555 Y19.92749
G01 X-23.02317 Y19.93156
G01 X-23.03001 Y19.93684
G01 X-23.03646 Y19.93049
G01 X-23.03001 Y19.93684
G01 X-23.03580 Y19.94324
G01 X-23.04042 Y19.95053
G01 X-23.04370 Y19.95851
G01 X-23.06674 Y20.03168
G01 X-23.06760 Y20.03478
G01 X-23.06790 Y20.03468
G01 X-23.06760 Y20.03478
G01 X-23.08477 Y20.10466
G01 X-23.08487 Y20.10504
G01 X-23.08685 Y20.11345
G01 X-23.08695 Y20.11385
G01 X-23.09272 Y20.13913
G01 X-23.09313 Y20.14100
G01 X-23.10049 Y20.18004
G01 X-23.10080 Y20.18198
G01 X-23.10923 Y20.23867
G01 X-23.11238 Y20.25449
G01 X-23.11517 Y20.26854
G01 X-23.11832 Y20.28441
G01 X-23.12935 Y20.32848
G01 X-23.14482 Y20.37164
G01 X-23.15475 Y20.39709
G01 X-23.16221 Y20.41370
G01 X-23.18192 Y20.45538
G01 X-23.20524 Y20.49432
G01 X-23.23120 Y20.53316
G01 X-23.25825 Y20.56960
G01 X-23.28934 Y20.60389
G01 X-23.29742 Y20.61261
G01 X-23.31479 Y20.63087
G01 X-23.31525 Y20.63135
G01 X-23.32401 Y20.64083
G01 X-23.32444 Y20.64128
G01 X-23.34278 Y20.66160
G01 X-23.34390 Y20.66287
G01 X-23.34809 Y20.66785
G01 X-23.94624 Y21.34946
G01 X-23.94685 Y21.35017
G01 X-23.95896 Y21.36450
G01 X-23.95955 Y21.36523
G01 X-23.97123 Y21.37956
G01 X-23.97390 Y21.38319
G01 X-24.02584 Y21.46031
G01 X-24.02955 Y21.46681
G01 X-24.03247 Y21.46569
G01 X-24.02955 Y21.46681
G01 X-24.03227 Y21.47379
G01 X-24.03387 Y21.48111
G01 X-24.04405 Y21.55185
G01 X-24.04443 Y21.55538
G01 X-24.04959 Y21.62734
G01 X-24.04974 Y21.63092
G01 X-24.04974 Y21.83668
G01 X-24.05078 Y21.86765
G01 X-24.05172 Y21.87445
G01 X-24.05866 Y21.89330
G01 X-24.06798 Y21.91862
G01 X-24.07362 Y21.93394
G01 X-24.08406 Y21.94788
G01 X-24.08652 Y21.95119
G01 X-24.10026 Y21.96958
G01 X-24.10783 Y21.97966
G01 X-24.11794 Y21.98723
G01 X-24.13956 Y22.00341
G01 X-24.15355 Y22.01390
G01 X-24.16889 Y22.01954
G01 X-24.17308 Y22.02109
G01 X-24.19409 Y22.02881
G01 X-24.21304 Y22.03577
G01 X-24.21984 Y22.03671
G01 X-24.25083 Y22.03778
G01 X-25.39912 Y22.03778
G01 X-25.43010 Y22.03671
G01 X-25.43691 Y22.03577
G01 X-25.45949 Y22.02744
G01 X-25.48258 Y22.01895
G01 X-25.48306 Y22.01880
G01 X-25.49640 Y22.01390
G01 X-25.50679 Y22.00610
G01 X-25.52391 Y21.99330
G01 X-25.54209 Y21.97969
G01 X-25.55543 Y21.96183
G01 X-25.56864 Y21.94420
G01 X-25.57633 Y21.93394
G01 X-25.58121 Y21.92068
G01 X-25.58990 Y21.89708
G01 X-25.59820 Y21.87455
G01 X-25.59917 Y21.86767
G01 X-25.60021 Y21.83668
G01 X-25.60021 Y20.46287
G01 X-25.60006 Y20.45053
G01 X-25.59868 Y20.39732
G01 X-25.59467 Y20.34494
G01 X-25.57930 Y20.22322
G01 X-25.57824 Y20.22249
G01 X-25.57930 Y20.22322
G01 X-25.57925 Y20.22277
G01 X-25.57824 Y20.22249
G01 X-25.51354 Y20.20473
G01 X-25.48433 Y20.19902
G01 X-25.43767 Y20.19168
G01 X-25.39409 Y20.18650
G01 X-25.39335 Y20.18642
G01 X-25.37430 Y20.18385
G01 X-25.37356 Y20.18375
G01 X-25.32457 Y20.17649
G01 X-25.32213 Y20.17608
G01 X-25.25520 Y20.16272
G01 X-25.25423 Y20.16252
G01 X-25.25380 Y20.16252
G01 X-25.06180 Y20.16252
G01 X-25.05949 Y20.16874
G01 X-25.06180 Y20.16252
G01 X-24.65904 Y19.81642
G01 X-24.64814 Y19.82096
G01 X-24.65904 Y19.81642
G01 X-24.67428 Y19.59569
G01 X-24.67499 Y19.57502
G01 X-24.67499 Y18.67502
G01 X-24.67354 Y18.64561
G01 X-24.66874 Y18.59684
G01 X-24.66442 Y18.56770
G01 X-24.65726 Y18.53915
G01 X-24.64303 Y18.49227
G01 X-24.62053 Y18.43793
G01 X-24.59744 Y18.39470
G01 X-24.58230 Y18.36946
G01 X-24.56475 Y18.34581
G01 X-24.53366 Y18.30791
G01 X-24.49208 Y18.26633
G01 X-24.45419 Y18.23524
G01 X-24.43056 Y18.21772
G01 X-24.40529 Y18.20258
G01 X-24.36208 Y18.17946
G01 X-24.30775 Y18.15696
G01 X-24.26084 Y18.14274
G01 X-24.23229 Y18.13557
G01 X-24.20316 Y18.13126
G01 X-24.15439 Y18.12645
G01 X-24.12498 Y18.12501
G01 X-23.47499 Y18.12501
G01 X-23.44558 Y18.12645
G01 X-23.39681 Y18.13126
G01 X-23.36767 Y18.13557
G01 X-23.33913 Y18.14274
G01 X-23.29224 Y18.15696
G01 X-23.23791 Y18.17946
G01 X-23.19468 Y18.20258
G01 X-23.16943 Y18.21772
G01 X-23.14578 Y18.23524
G01 X-23.10788 Y18.26633
G01 X-23.10720 Y18.26702
G01 X-23.10819 Y18.26966
G01 X-23.10720 Y18.26702
G01 X-22.63184 Y18.32501
G01 X-21.22496 Y18.32501
G01 X-21.20144 Y18.32595
G01 X-21.12320 Y18.33209
G01 X-21.07672 Y18.33946
G01 X-21.00042 Y18.35777
G01 X-20.95567 Y18.37233
G01 X-20.88317 Y18.40235
G01 X-20.84121 Y18.42371
G01 X-20.77434 Y18.46471
G01 X-20.73624 Y18.49239
G01 X-20.67657 Y18.54334
G01 X-20.65927 Y18.55935
G01 X-19.57688 Y19.64174
G01 X-19.57706 Y19.64136
G01 X-19.64401 Y19.43727
G01 X-19.74744 Y19.36412
G01 X-19.75376 Y19.35881
G01 X-19.75397 Y19.35904
G01 X-19.75376 Y19.35881
G01 X-19.85399 Y19.25940
G01 X-19.85425 Y19.25962
G01 X-19.85399 Y19.25940
G01 X-19.85938 Y19.25310
G01 X-19.94287 Y19.13699
G01 X-19.94696 Y19.13029
G01 X-20.58856 Y18.48863
G01 X-20.61162 Y18.46730
G01 X-20.67129 Y18.41634
G01 X-20.72206 Y18.37946
G01 X-20.78897 Y18.33847
G01 X-20.84490 Y18.30997
G01 X-20.91739 Y18.27995
G01 X-20.97708 Y18.26054
G01 X-21.05338 Y18.24223
G01 X-21.11536 Y18.23240
G01 X-21.19359 Y18.22625
G01 X-21.22496 Y18.22501
G01 X-22.62574 Y18.22501
G01 X-23.06608 Y18.17129
G01 X-23.06666 Y18.17311
G01 X-23.06608 Y18.17129
G01 X-23.08233 Y18.15795
G01 X-23.11388 Y18.13456
G01 X-23.14753 Y18.11436
G01 X-23.19076 Y18.09128
G01 X-23.26320 Y18.06128
G01 X-23.31009 Y18.04703
G01 X-23.34817 Y18.03750
G01 X-23.38700 Y18.03174
G01 X-23.43577 Y18.02694
G01 X-23.47499 Y18.02501
G01 X-24.12498 Y18.02501
G01 X-24.16419 Y18.02694
G01 X-24.21296 Y18.03174
G01 X-24.25180 Y18.03750
G01 X-24.28987 Y18.04703
G01 X-24.33676 Y18.06128
G01 X-24.40923 Y18.09128
G01 X-24.45243 Y18.11436
G01 X-24.48611 Y18.13456
G01 X-24.51763 Y18.15795
G01 X-24.55553 Y18.18904
G01 X-24.61098 Y18.24449
G01 X-24.64207 Y18.28236
G01 X-24.66544 Y18.31388
G01 X-24.68563 Y18.34756
G01 X-24.70872 Y18.39079
G01 X-24.73874 Y18.46323
G01 X-24.75297 Y18.51012
G01 X-24.76249 Y18.54820
G01 X-24.76826 Y18.58703
G01 X-24.77306 Y18.63580
G01 X-24.77496 Y18.67474
G01 X-24.77496 Y19.57537
G01 X-24.77405 Y19.60258
G01 X-24.76224 Y19.77326
G01 X-24.75383 Y19.77626
G01 X-24.76224 Y19.77326
G01 X-24.82246 Y19.82500
G01 X-24.82429 Y19.82777
G01 X-24.82566 Y19.82978
G01 X-24.87727 Y19.90115
G01 X-24.87877 Y19.90311
G01 X-24.90999 Y19.94202
G01 X-24.91156 Y19.94388
G01 X-24.96549 Y20.00481
G01 X-24.96716 Y20.00661
G01 X-25.00156 Y20.04179
G01 X-25.00333 Y20.04352
G01 X-25.06097 Y20.09696
G01 X-25.06279 Y20.09859
G01 X-25.06643 Y20.10163
G01 X-25.07369 Y20.10671
G01 X-25.07186 Y20.10966
G01 X-25.07369 Y20.10671
G01 X-25.08174 Y20.11042
G01 X-25.12599 Y20.12627
G01 X-25.12830 Y20.12703
G01 X-25.20140 Y20.14926
G01 X-25.20382 Y20.14992
G01 X-25.25279 Y20.16237
G01 X-25.25380 Y20.16252
G01 X-25.25520 Y20.16272
G01 X-25.25380 Y20.16252
G01 X-25.60887 Y20.12719
G01 X-25.63092 Y20.12500
G01 X-25.69917 Y20.09386
G01 X-25.70554 Y20.09145
G01 X-25.86825 Y20.04261
G01 X-25.87552 Y20.04100
G01 X-25.87534 Y20.04009
G01 X-25.87552 Y20.04100
G01 X-25.94539 Y20.03095
G01 X-25.94892 Y20.03057
G01 X-26.02088 Y20.02541
G01 X-26.02449 Y20.02526
G01 X-26.17437 Y20.02526
G01 X-26.19772 Y20.02470
G01 X-26.20846 Y20.02416
G01 X-26.24275 Y20.02074
G01 X-26.26447 Y20.01797
G01 X-26.28210 Y20.01281
G01 X-26.32804 Y19.99823
G01 X-26.33404 Y19.99628
G01 X-26.37087 Y19.98225
G01 X-26.37407 Y19.98088
G01 X-26.37488 Y19.98055
G01 X-26.39139 Y19.97380
G01 X-26.39221 Y19.97347
G01 X-26.40879 Y19.96704
G01 X-26.40920 Y19.96689
G01 X-26.41776 Y19.96364
G01 X-26.41819 Y19.96348
G01 X-26.47455 Y19.94278
G01 X-26.48385 Y19.94034
G01 X-26.49342 Y19.93974
G01 X-26.49330 Y19.93509
G01 X-26.49342 Y19.93974
G01 X-26.50295 Y19.94098
G01 X-26.53048 Y19.94728
G01 X-26.53175 Y19.94758
G01 X-26.60010 Y19.96511
G01 X-26.60351 Y19.96613
G01 X-26.67265 Y19.98919
G01 X-26.67600 Y19.99043
G01 X-26.90777 Y20.08675
G01 X-26.91004 Y20.08774
G01 X-26.91021 Y20.08736
G01 X-26.91004 Y20.08774
G01 X-26.95489 Y20.10903
G01 X-26.95708 Y20.11012
G01 X-26.97084 Y20.11748
G01 X-26.97602 Y20.12071
G01 X-26.98080 Y20.12452
G01 X-26.98331 Y20.12678
G01 X-27.00417 Y20.14466
G01 X-27.01997 Y20.15744
G01 X-27.02103 Y20.15833
G01 X-27.04250 Y20.17672
G01 X-27.04356 Y20.17763
G01 X-27.04537 Y20.17928
G01 X-27.05456 Y20.18584
G01 X-27.09391 Y20.21111
G01 X-27.13422 Y20.23427
G01 X-27.17282 Y20.24852
G01 X-27.21788 Y20.26282
G01 X-27.23551 Y20.26798
G01 X-27.25723 Y20.27075
G01 X-27.29149 Y20.27418
G01 X-27.30224 Y20.27471
G01 X-27.32560 Y20.27527
G01 X-29.52436 Y20.27527
G01 X-29.54772 Y20.27471
G01 X-29.55844 Y20.27418
G01 X-29.59276 Y20.27075
G01 X-29.61445 Y20.26798
G01 X-29.63210 Y20.26282
G01 X-29.67716 Y20.24852
G01 X-29.71574 Y20.23427
G01 X-29.75603 Y20.21113
G01 X-29.79530 Y20.18589
G01 X-29.80452 Y20.17931
G01 X-29.82639 Y20.15952
G01 X-29.83784 Y20.14807
G01 X-29.82865 Y20.15640
G01 X-29.79075 Y20.18749
G01 X-29.75816 Y20.20925
G01 X-29.71493 Y20.23237
G01 X-29.69720 Y20.24075
G01 X-29.67871 Y20.24738
G01 X-29.63182 Y20.26160
G01 X-29.59337 Y20.26925
G01 X-29.54460 Y20.27405
G01 X-29.52499 Y20.27502
G01 X-27.32499 Y20.27502
G01 X-27.30539 Y20.27405
G01 X-27.25662 Y20.26925
G01 X-27.21816 Y20.26160
G01 X-27.17125 Y20.24738
G01 X-27.15278 Y20.24075
G01 X-27.13503 Y20.23237
G01 X-27.09182 Y20.20925
G01 X-27.05921 Y20.18749
G01 X-27.02134 Y20.15640
G01 X-27.00678 Y20.14321
G01 X-26.99360 Y20.12866
G01 X-26.98207 Y20.11461
G01 X-26.98298 Y20.11322
G01 X-26.98207 Y20.11461
G01 X-26.47930 Y19.90572
G01 X-26.47798 Y19.89234
G01 X-26.47930 Y19.90572
G01 X-26.47864 Y19.90639
G01 X-26.44077 Y19.93747
G01 X-26.42500 Y19.94918
G01 X-26.40816 Y19.95927
G01 X-26.36493 Y19.98236
G01 X-26.32871 Y19.99737
G01 X-26.28182 Y20.01159
G01 X-26.26277 Y20.01637
G01 X-26.24336 Y20.01924
G01 X-26.19459 Y20.02404
G01 X-26.17498 Y20.02500
G01 X-25.52500 Y20.02500
G01 X-25.50539 Y20.02404
G01 X-25.45662 Y20.01924
G01 X-25.43719 Y20.01637
G01 X-25.41817 Y20.01159
G01 X-25.37125 Y19.99737
G01 X-25.33503 Y19.98236
G01 X-25.29183 Y19.95927
G01 X-25.27499 Y19.94918
G01 X-25.25921 Y19.93747
G01 X-25.22134 Y19.90639
G01 X-25.19360 Y19.87867
G01 X-25.16252 Y19.84078
G01 X-25.15083 Y19.82503
G01 X-25.14075 Y19.80819
G01 X-25.11763 Y19.76496
G01 X-25.10262 Y19.72874
G01 X-25.08840 Y19.68185
G01 X-25.08362 Y19.66280
G01 X-25.08075 Y19.64339
G01 X-25.07595 Y19.59463
G01 X-25.07499 Y19.57502
G01 X-25.07499 Y18.67502
G01 X-24.97499 Y18.67502
G01 X-24.87499 Y18.67502
G01 X-24.97499 Y18.67502
G01 X-25.07499 Y18.67502
G01 X-25.17499 Y18.67502
G01 X-25.17547 Y18.66521
G01 X-25.18027 Y18.61645
G01 X-25.18172 Y18.60674
G01 X-25.18411 Y18.59722
G01 X-25.19833 Y18.55030
G01 X-25.20582 Y18.53219
G01 X-25.22894 Y18.48899
G01 X-25.23397 Y18.48056
G01 X-25.23981 Y18.47268
G01 X-25.27090 Y18.43479
G01 X-25.28477 Y18.42094
G01 X-25.32266 Y18.38985
G01 X-25.33054 Y18.38401
G01 X-25.33894 Y18.37896
G01 X-25.38217 Y18.35584
G01 X-25.40028 Y18.34835
G01 X-25.44720 Y18.33413
G01 X-25.45670 Y18.33174
G01 X-25.46640 Y18.33029
G01 X-25.51519 Y18.32549
G01 X-25.52500 Y18.32501
G01 X-26.17498 Y18.32501
G01 X-26.18479 Y18.32549
G01 X-26.23356 Y18.33029
G01 X-26.24326 Y18.33174
G01 X-26.25278 Y18.33413
G01 X-26.29970 Y18.34835
G01 X-26.31781 Y18.35584
G01 X-26.36101 Y18.37896
G01 X-26.36945 Y18.38401
G01 X-26.37732 Y18.38985
G01 X-26.41519 Y18.42094
G01 X-26.42906 Y18.43479
G01 X-26.44704 Y18.45671
G01 X-26.80760 Y18.50077
G01 X-27.31605 Y18.47535
G01 X-27.31720 Y18.47540
G01 X-27.32499 Y18.47502
G01 X-27.60290 Y18.47502
G01 X-27.74465 Y18.04977
G01 X-27.48547 Y17.42028
G01 X-27.48433 Y17.41652
G01 X-27.48260 Y17.41327
G01 X-27.47691 Y17.39453
G01 X-27.47498 Y17.37502
G01 X-27.47498 Y15.67502
G01 X-27.47691 Y15.65549
G01 X-27.48260 Y15.63675
G01 X-27.49185 Y15.61945
G01 X-27.50427 Y15.60431
G01 X-27.51943 Y15.59186
G01 X-27.53673 Y15.58262
G01 X-27.55547 Y15.57693
G01 X-27.57498 Y15.57502
G01 X-29.27498 Y15.57502
G01 X-29.29449 Y15.57693
G01 X-29.31326 Y15.58262
G01 X-29.33055 Y15.59186
G01 X-29.34569 Y15.60431
G01 X-29.35814 Y15.61945
G01 X-29.36738 Y15.63675
G01 X-29.37307 Y15.65549
G01 X-29.37498 Y15.67502
G01 X-29.37498 Y17.37502
G01 X-29.37307 Y17.39453
G01 X-29.36738 Y17.41327
G01 X-29.36596 Y17.41594
G01 X-29.36449 Y17.42031
G01 X-29.10528 Y18.04975
G01 X-29.24704 Y18.47502
G01 X-29.52499 Y18.47502
G01 X-29.53480 Y18.47550
G01 X-29.58356 Y18.48030
G01 X-29.59327 Y18.48175
G01 X-29.60279 Y18.48411
G01 X-29.64968 Y18.49836
G01 X-29.65892 Y18.50166
G01 X-29.66779 Y18.50585
G01 X-29.71102 Y18.52894
G01 X-29.72733 Y18.53984
G01 X-29.76520 Y18.57093
G01 X-29.77246 Y18.57753
G01 X-29.77907 Y18.58480
G01 X-29.81016 Y18.62267
G01 X-29.81600 Y18.63057
G01 X-29.82105 Y18.63898
G01 X-29.84414 Y18.68221
G01 X-29.85166 Y18.70032
G01 X-29.86588 Y18.74721
G01 X-29.86969 Y18.76643
G01 X-29.87449 Y18.81520
G01 X-29.87498 Y18.82501
G01 X-29.87498 Y19.82500
G01 X-29.87449 Y19.83481
G01 X-29.86969 Y19.88358
G01 X-29.86588 Y19.90280
G01 X-29.85166 Y19.94972
G01 X-29.84414 Y19.96783
G01 X-29.82105 Y20.01103
G01 X-29.81600 Y20.01947
G01 X-29.81016 Y20.02734
G01 X-29.77907 Y20.06524
G01 X-29.77246 Y20.07250
G01 X-29.76520 Y20.07908
G01 X-29.72733 Y20.11017
G01 X-29.71102 Y20.12107
G01 X-29.66779 Y20.14418
G01 X-29.65892 Y20.14837
G01 X-29.64968 Y20.15167
G01 X-29.60279 Y20.16590
G01 X-29.59327 Y20.16828
G01 X-29.58356 Y20.16973
G01 X-29.53480 Y20.17453
G01 X-29.52499 Y20.17502
G01 X-27.32499 Y20.17502
G01 X-27.31519 Y20.17453
G01 X-27.26642 Y20.16973
G01 X-27.25669 Y20.16828
G01 X-27.24719 Y20.16590
G01 X-27.20028 Y20.15167
G01 X-27.19104 Y20.14837
G01 X-27.18217 Y20.14418
G01 X-27.13897 Y20.12107
G01 X-27.12266 Y20.11017
G01 X-27.08476 Y20.07908
G01 X-27.07750 Y20.07250
G01 X-27.07092 Y20.06524
G01 X-27.04354 Y20.03186
G01 X-26.46439 Y19.79125
G01 X-26.44702 Y19.79335
G01 X-26.42906 Y19.81522
G01 X-26.41519 Y19.82909
G01 X-26.37732 Y19.86018
G01 X-26.36945 Y19.86602
G01 X-26.36101 Y19.87108
G01 X-26.31781 Y19.89417
G01 X-26.29970 Y19.90169
G01 X-26.25278 Y19.91591
G01 X-26.24326 Y19.91830
G01 X-26.23356 Y19.91972
G01 X-26.18479 Y19.92452
G01 X-26.17498 Y19.92500
G01 X-25.52500 Y19.92500
G01 X-25.51519 Y19.92452
G01 X-25.46640 Y19.91972
G01 X-25.45670 Y19.91830
G01 X-25.44720 Y19.91591
G01 X-25.40028 Y19.90169
G01 X-25.38217 Y19.89417
G01 X-25.33894 Y19.87108
G01 X-25.33054 Y19.86602
G01 X-25.32266 Y19.86018
G01 X-25.28477 Y19.82909
G01 X-25.27090 Y19.81522
G01 X-25.23981 Y19.77735
G01 X-25.23397 Y19.76945
G01 X-25.22894 Y19.76105
G01 X-25.20582 Y19.71782
G01 X-25.19833 Y19.69971
G01 X-25.18411 Y19.65282
G01 X-25.18172 Y19.64329
G01 X-25.18027 Y19.63359
G01 X-25.17547 Y19.58482
G01 X-25.17499 Y19.57502
G01 X-25.17499 Y18.67502
G01 X-25.07499 Y18.67502
G01 X-25.07595 Y18.65541
G01 X-25.08075 Y18.60664
G01 X-25.08362 Y18.58721
G01 X-25.08840 Y18.56819
G01 X-25.10262 Y18.52130
G01 X-25.11763 Y18.48505
G01 X-25.14075 Y18.44185
G01 X-25.15083 Y18.42501
G01 X-25.16252 Y18.40923
G01 X-25.19360 Y18.37136
G01 X-25.22134 Y18.34362
G01 X-25.25921 Y18.31253
G01 X-25.27499 Y18.30085
G01 X-25.29183 Y18.29077
G01 X-25.33503 Y18.26765
G01 X-25.37125 Y18.25267
G01 X-25.41817 Y18.23842
G01 X-25.43719 Y18.23367
G01 X-25.45662 Y18.23077
G01 X-25.50539 Y18.22597
G01 X-25.52500 Y18.22501
G01 X-26.17498 Y18.22501
G01 X-26.19459 Y18.22597
G01 X-26.24336 Y18.23077
G01 X-26.26277 Y18.23367
G01 X-26.28182 Y18.23842
G01 X-26.32871 Y18.25267
G01 X-26.36493 Y18.26765
G01 X-26.40816 Y18.29077
G01 X-26.42500 Y18.30085
G01 X-26.44077 Y18.31253
G01 X-26.47864 Y18.34362
G01 X-26.49708 Y18.36206
G01 X-26.49591 Y18.36506
G01 X-26.49708 Y18.36206
G01 X-26.81118 Y18.40047
G01 X-26.81118 Y18.40077
G01 X-26.81118 Y18.40047
G01 X-27.31499 Y18.37527
G01 X-27.32499 Y18.37502
G01 X-27.53084 Y18.37502
G01 X-27.54384 Y18.39242
G01 X-27.53084 Y18.37502
G01 X-27.63802 Y18.05343
G01 X-27.64470 Y18.05320
G01 X-27.63802 Y18.05343
G01 X-27.39302 Y17.45836
G01 X-27.39190 Y17.45470
G01 X-27.39022 Y17.45155
G01 X-27.37882 Y17.41404
G01 X-27.37498 Y17.37502
G01 X-27.37498 Y15.67502
G01 X-27.37882 Y15.63598
G01 X-27.39022 Y15.59847
G01 X-27.40869 Y15.56390
G01 X-27.43355 Y15.53360
G01 X-27.46388 Y15.50873
G01 X-27.49845 Y15.49024
G01 X-27.53597 Y15.47886
G01 X-27.57498 Y15.47502
G01 X-29.27498 Y15.47502
G01 X-29.31399 Y15.47886
G01 X-29.35153 Y15.49024
G01 X-29.38610 Y15.50873
G01 X-29.41641 Y15.53360
G01 X-29.44127 Y15.56390
G01 X-29.45976 Y15.59847
G01 X-29.47114 Y15.63598
G01 X-29.47498 Y15.67502
G01 X-29.47498 Y17.37502
G01 X-29.47114 Y17.41404
G01 X-29.46550 Y17.43263
G01 X-29.46533 Y17.43354
G01 X-29.46436 Y17.43641
G01 X-29.45976 Y17.45155
G01 X-29.45839 Y17.45412
G01 X-29.45694 Y17.45838
G01 X-29.21194 Y18.05343
G01 X-29.20533 Y18.05320
G01 X-29.21194 Y18.05343
G01 X-29.31912 Y18.37502
G01 X-29.30586 Y18.39300
G01 X-29.31912 Y18.37502
G01 X-29.52499 Y18.37502
G01 X-29.54460 Y18.37598
G01 X-29.59337 Y18.38078
G01 X-29.63182 Y18.38843
G01 X-29.67871 Y18.40265
G01 X-29.69720 Y18.40926
G01 X-29.71493 Y18.41767
G01 X-29.75816 Y18.44075
G01 X-29.79075 Y18.46255
G01 X-29.82865 Y18.49364
G01 X-29.84318 Y18.50682
G01 X-29.85636 Y18.52135
G01 X-29.88745 Y18.55925
G01 X-29.89916 Y18.57502
G01 X-29.90924 Y18.59183
G01 X-29.93233 Y18.63506
G01 X-29.94734 Y18.67128
G01 X-29.96157 Y18.71817
G01 X-29.96921 Y18.75663
G01 X-29.97401 Y18.80540
G01 X-29.97498 Y18.82501
G01 X-29.97498 Y19.82500
G01 X-29.97401 Y19.84461
G01 X-29.96921 Y19.89338
G01 X-29.96157 Y19.93184
G01 X-29.94734 Y19.97875
G01 X-29.93233 Y20.01497
G01 X-29.90924 Y20.05818
G01 X-29.90243 Y20.06953
G01 X-29.89728 Y20.07750
G01 X-29.88745 Y20.09079
G01 X-29.85636 Y20.12866
G01 X-29.84803 Y20.13788
G01 X-29.83784 Y20.14807
G01 X-29.84803 Y20.13788
G01 X-29.85943 Y20.12648
G01 X-29.87927 Y20.10458
G01 X-29.88580 Y20.09544
G01 X-29.89728 Y20.07750
G01 X-29.90243 Y20.06953
G01 X-29.91112 Y20.05599
G01 X-29.93424 Y20.01578
G01 X-29.94846 Y19.97723
G01 X-29.96276 Y19.93217
G01 X-29.96792 Y19.91454
G01 X-29.97068 Y19.89277
G01 X-29.97411 Y19.85853
G01 X-29.97465 Y19.84774
G01 X-29.97521 Y19.82439
G01 X-29.97521 Y19.14548
G01 X-29.97523 Y19.14461
G01 X-29.97554 Y19.12732
G01 X-29.97554 Y19.12645
G01 X-29.97612 Y19.10954
G01 X-29.97584 Y19.10951
G01 X-29.97612 Y19.10954
G01 X-29.97648 Y19.10509
G01 X-29.98768 Y19.01505
G01 X-29.98841 Y19.01076
G01 X-30.00337 Y18.94088
G01 X-30.00294 Y18.94078
G01 X-30.00337 Y18.94088
G01 X-30.00482 Y18.93555
G01 X-30.04694 Y18.80921
G01 X-30.04881 Y18.80441
G01 X-30.06370 Y18.77151
G01 X-30.06393 Y18.77098
G01 X-30.06987 Y18.75825
G01 X-30.07155 Y18.75467
G01 X-30.07178 Y18.75416
G01 X-30.08846 Y18.71937
G01 X-30.10574 Y18.68106
G01 X-30.12509 Y18.63517
G01 X-30.12547 Y18.63428
G01 X-30.13459 Y18.61383
G01 X-30.10327 Y18.54715
G01 X-30.10180 Y18.54439
G01 X-30.10116 Y18.54314
G01 X-30.07947 Y18.49917
G01 X-30.07889 Y18.49793
G01 X-30.06502 Y18.46770
G01 X-30.05842 Y18.45442
G01 X-30.04206 Y18.43237
G01 X-30.01097 Y18.39448
G01 X-29.98460 Y18.36539
G01 X-29.95552 Y18.33903
G01 X-29.91765 Y18.30794
G01 X-29.85245 Y18.26438
G01 X-29.80922 Y18.24126
G01 X-29.77373 Y18.22450
G01 X-29.73678 Y18.21127
G01 X-29.68986 Y18.19704
G01 X-29.61298 Y18.18175
G01 X-29.56418 Y18.17695
G01 X-29.52499 Y18.17502
G01 X-29.46327 Y18.17502
G01 X-29.45128 Y18.19006
G01 X-29.46327 Y18.17502
G01 X-29.42519 Y18.06077
G01 X-29.41849 Y18.06054
G01 X-29.42519 Y18.06077
G01 X-29.64188 Y17.53453
G01 X-29.64323 Y17.53052
G01 X-29.64455 Y17.52808
G01 X-29.64887 Y17.51383
G01 X-29.65862 Y17.48485
G01 X-29.66042 Y17.47573
G01 X-29.66731 Y17.45305
G01 X-29.67498 Y17.37502
G01 X-29.67498 Y15.67502
G01 X-29.66731 Y15.59697
G01 X-29.64455 Y15.52194
G01 X-29.60757 Y15.45277
G01 X-29.55783 Y15.39217
G01 X-29.49720 Y15.34244
G01 X-29.42806 Y15.30545
G01 X-29.35303 Y15.28270
G01 X-29.27498 Y15.27503
G01 X-27.57498 Y15.27503
G01 X-27.49695 Y15.28270
G01 X-27.42192 Y15.30545
G01 X-27.35276 Y15.34244
G01 X-27.29215 Y15.39217
G01 X-27.24239 Y15.45277
G01 X-27.20544 Y15.52194
G01 X-27.18268 Y15.59697
G01 X-27.17498 Y15.67502
G01 X-27.17498 Y17.37502
G01 X-27.18268 Y17.45305
G01 X-27.20544 Y17.52808
G01 X-27.20701 Y17.53105
G01 X-27.20808 Y17.53451
G01 X-27.42477 Y18.06077
G01 X-27.43145 Y18.06054
G01 X-27.42477 Y18.06077
G01 X-27.38667 Y18.17502
G01 X-27.39954 Y18.19209
G01 X-27.38667 Y18.17502
G01 X-27.32499 Y18.17502
G01 X-27.30501 Y18.17550
G01 X-26.81837 Y18.19986
G01 X-26.81837 Y18.20019
G01 X-26.81837 Y18.19986
G01 X-26.58377 Y18.17118
G01 X-26.58319 Y18.17299
G01 X-26.58377 Y18.17118
G01 X-26.56764 Y18.15795
G01 X-26.53610 Y18.13456
G01 X-26.50244 Y18.11436
G01 X-26.45921 Y18.09128
G01 X-26.38677 Y18.06128
G01 X-26.33988 Y18.04703
G01 X-26.30181 Y18.03750
G01 X-26.26297 Y18.03174
G01 X-26.21420 Y18.02694
G01 X-26.17498 Y18.02501
G01 X-25.52500 Y18.02501
G01 X-25.48578 Y18.02694
G01 X-25.43701 Y18.03174
G01 X-25.39818 Y18.03750
G01 X-25.36010 Y18.04703
G01 X-25.31321 Y18.06128
G01 X-25.24075 Y18.09128
G01 X-25.19754 Y18.11436
G01 X-25.16386 Y18.13456
G01 X-25.13234 Y18.15795
G01 X-25.09444 Y18.18904
G01 X-25.03899 Y18.24449
G01 X-25.00791 Y18.28236
G01 X-24.98454 Y18.31388
G01 X-24.96434 Y18.34756
G01 X-24.94126 Y18.39079
G01 X-24.91123 Y18.46323
G01 X-24.89701 Y18.51012
G01 X-24.88748 Y18.54820
G01 X-24.88172 Y18.58703
G01 X-24.87692 Y18.63580
G01 X-24.87499 Y18.67502
G01 X-24.87499 Y19.57502
G01 X-24.87692 Y19.61421
G01 X-24.88172 Y19.66300
G01 X-24.88748 Y19.70181
G01 X-24.89701 Y19.73989
G01 X-24.90628 Y19.77047
G01 X-24.90740 Y19.77217
G01 X-24.95759 Y19.84154
G01 X-24.98723 Y19.87850
G01 X-25.03955 Y19.93760
G01 X-25.07222 Y19.97103
G01 X-25.12452 Y20.01952
G01 X-25.15855 Y20.03171
G01 X-25.22932 Y20.05322
G01 X-25.27593 Y20.06491
G01 X-25.27811 Y20.06534
G01 X-25.34047 Y20.07776
G01 X-25.38786 Y20.08479
G01 X-25.40623 Y20.08723
G01 X-25.45042 Y20.09249
G01 X-25.45228 Y20.09274
G01 X-25.50079 Y20.10036
G01 X-25.50265 Y20.10070
G01 X-25.53460 Y20.10697
G01 X-25.53821 Y20.10781
G01 X-25.60092 Y20.12500
G01 X-25.60887 Y20.12719
G01 X-25.61992 Y20.13024
G01 X-25.62845 Y20.12615
G01 X-25.62929 Y20.12576
G01 X-25.63092 Y20.12500
G01 X-25.60092 Y20.12500
G01 X-25.53821 Y20.10781
G01 X-25.53460 Y20.10697
G01 X-25.50265 Y20.10070
G01 X-25.50079 Y20.10036
G01 X-25.45228 Y20.09274
G01 X-25.45042 Y20.09249
G01 X-25.40623 Y20.08723
G01 X-25.38786 Y20.08479
G01 X-25.34047 Y20.07776
G01 X-25.27811 Y20.06534
G01 X-25.24468 Y20.04746
G01 X-25.21941 Y20.03232
G01 X-25.19579 Y20.01479
G01 X-25.15789 Y19.98370
G01 X-25.11631 Y19.94210
G01 X-25.08522 Y19.90423
G01 X-25.06767 Y19.88058
G01 X-25.05253 Y19.85533
G01 X-25.02944 Y19.81210
G01 X-25.00694 Y19.75777
G01 X-24.99272 Y19.71088
G01 X-24.98555 Y19.68231
G01 X-24.98124 Y19.65320
G01 X-24.97643 Y19.60443
G01 X-24.97499 Y19.57502
G01 X-24.97499 Y18.67502
G01 X-24.97643 Y18.64561
G01 X-24.98124 Y18.59684
G01 X-24.98555 Y18.56770
G01 X-24.99272 Y18.53915
G01 X-25.00694 Y18.49227
G01 X-25.02944 Y18.43793
G01 X-25.05253 Y18.39470
G01 X-25.06767 Y18.36946
G01 X-25.08522 Y18.34581
G01 X-25.11631 Y18.30791
G01 X-25.15789 Y18.26633
G01 X-25.19579 Y18.23524
G01 X-25.21941 Y18.21772
G01 X-25.24468 Y18.20258
G01 X-25.28789 Y18.17946
G01 X-25.34222 Y18.15696
G01 X-25.38913 Y18.14274
G01 X-25.41768 Y18.13557
G01 X-25.44682 Y18.13126
G01 X-25.49559 Y18.12645
G01 X-25.52500 Y18.12501
G01 X-26.17498 Y18.12501
G01 X-26.20440 Y18.12645
G01 X-26.25317 Y18.13126
G01 X-26.28230 Y18.13557
G01 X-26.31085 Y18.14274
G01 X-26.35774 Y18.15696
G01 X-26.41207 Y18.17946
G01 X-26.45530 Y18.20258
G01 X-26.48055 Y18.21772
G01 X-26.50419 Y18.23524
G01 X-26.54209 Y18.26633
G01 X-26.54265 Y18.26689
G01 X-26.54140 Y18.27004
G01 X-26.54265 Y18.26689
G01 X-26.81479 Y18.30017
G01 X-26.81476 Y18.30050
G01 X-26.81479 Y18.30017
G01 X-27.31001 Y18.27537
G01 X-27.32499 Y18.27502
G01 X-27.45875 Y18.27502
G01 X-27.47171 Y18.29227
G01 X-27.45875 Y18.27502
G01 X-27.53140 Y18.05711
G01 X-27.53808 Y18.05688
G01 X-27.53140 Y18.05711
G01 X-27.30053 Y17.49643
G01 X-27.29944 Y17.49288
G01 X-27.29782 Y17.48983
G01 X-27.28075 Y17.43354
G01 X-27.27498 Y17.37502
G01 X-27.27498 Y15.67502
G01 X-27.28075 Y15.61648
G01 X-27.29782 Y15.56022
G01 X-27.32555 Y15.50835
G01 X-27.36287 Y15.46288
G01 X-27.40831 Y15.42557
G01 X-27.46017 Y15.39786
G01 X-27.51646 Y15.38077
G01 X-27.57498 Y15.37502
G01 X-29.27498 Y15.37502
G01 X-29.33353 Y15.38077
G01 X-29.38979 Y15.39786
G01 X-29.44165 Y15.42557
G01 X-29.48712 Y15.46288
G01 X-29.52443 Y15.50835
G01 X-29.55214 Y15.56022
G01 X-29.56921 Y15.61648
G01 X-29.57498 Y15.67502
G01 X-29.57498 Y17.37502
G01 X-29.56921 Y17.43354
G01 X-29.56296 Y17.45419
G01 X-29.56197 Y17.45920
G01 X-29.55661 Y17.47512
G01 X-29.55214 Y17.48983
G01 X-29.55082 Y17.49232
G01 X-29.54943 Y17.49646
G01 X-29.31856 Y18.05709
G01 X-29.31186 Y18.05686
G01 X-29.31856 Y18.05709
G01 X-29.39118 Y18.27502
G01 X-29.37831 Y18.29209
G01 X-29.39118 Y18.27502
G01 X-29.52499 Y18.27502
G01 X-29.55440 Y18.27647
G01 X-29.60317 Y18.28127
G01 X-29.63228 Y18.28559
G01 X-29.66086 Y18.29272
G01 X-29.70774 Y18.30697
G01 X-29.73545 Y18.31688
G01 X-29.76207 Y18.32948
G01 X-29.80531 Y18.35257
G01 X-29.85420 Y18.38523
G01 X-29.89207 Y18.41634
G01 X-29.91389 Y18.43611
G01 X-29.93368 Y18.45792
G01 X-29.96477 Y18.49580
G01 X-29.98229 Y18.51944
G01 X-29.99743 Y18.54469
G01 X-30.02054 Y18.58792
G01 X-30.04305 Y18.64225
G01 X-30.05727 Y18.68917
G01 X-30.06873 Y18.74682
G01 X-30.06987 Y18.75825
G04 P0 ( dwell for no time -- G64 should not smooth over this point )
G00 Z5.00000 ( retract )

G00 X-31.04998 Y21.57001 ( rapid move to begin. )
G01 F150.00000
( Mill infeed pass 1/1 )
G01 Z-0.06000
G04 P0 ( dwell for no time -- G64 should not smooth over this point )
G01 F300.00000
G01 X-31.04998 Y21.57001
G01 X-31.05445 Y21.52830
G01 X-31.09527 Y21.41885
G01 X-31.16423 Y21.32678
G01 X-31.25631 Y21.25784
G01 X-31.36578 Y21.21700
G01 X-31.40751 Y21.21250
G01 X-31.67497 Y21.21253
G01 X-31.67497 Y21.51250
G01 X-31.44998 Y21.51250
G01 X-31.43047 Y21.51443
G01 X-31.41173 Y21.52012
G01 X-31.39443 Y21.52937
G01 X-31.37927 Y21.54181
G01 X-31.36685 Y21.55695
G01 X-31.35760 Y21.57425
G01 X-31.35191 Y21.59300
G01 X-31.34998 Y21.61250
G01 X-31.34998 Y21.70001
G01 X-31.04998 Y21.70001
G01 X-31.04998 Y21.57001
G01 X-31.10015 Y21.63869
G01 X-31.14998 Y21.60001
G01 X-31.14998 Y21.57539
G01 X-31.15255 Y21.55149
G01 X-31.18394 Y21.46727
G01 X-31.18219 Y21.46643
G01 X-31.18394 Y21.46727
G01 X-31.23566 Y21.39823
G01 X-31.23492 Y21.39752
G01 X-31.23566 Y21.39823
G01 X-31.30472 Y21.34651
G01 X-31.30424 Y21.34563
G01 X-31.30472 Y21.34651
G01 X-31.38897 Y21.31509
G01 X-31.38869 Y21.31362
G01 X-31.38897 Y21.31509
G01 X-31.41285 Y21.31253
G01 X-31.57500 Y21.31253
G01 X-31.60477 Y21.28233
G01 X-31.57500 Y21.31253
G01 X-31.57500 Y21.41250
G01 X-31.60167 Y21.43724
G01 X-31.57500 Y21.41250
G01 X-31.44998 Y21.41250
G01 X-31.41097 Y21.41636
G01 X-31.37345 Y21.42774
G01 X-31.33888 Y21.44621
G01 X-31.30855 Y21.47110
G01 X-31.28369 Y21.50140
G01 X-31.26522 Y21.53597
G01 X-31.25384 Y21.57349
G01 X-31.25123 Y21.60001
G01 X-31.26494 Y21.61901
G01 X-31.25123 Y21.60001
G01 X-31.14998 Y21.60001
G04 P0 ( dwell for no time -- G64 should not smooth over this point )
G00 Z5.00000 ( retract )

G00 X-31.04998 Y22.90000 ( rapid move to begin. )
G01 F150.00000
( Mill infeed pass 1/1 )
G01 Z-0.06000
G04 P0 ( dwell for no time -- G64 should not smooth over this point )
G01 F300.00000
G01 X-31.04998 Y22.90000
G01 X-31.34998 Y22.90000
G01 X-31.34998 Y22.98751
G01 X-31.35150 Y23.00488
G01 X-31.35603 Y23.02172
G01 X-31.36339 Y23.03752
G01 X-31.37337 Y23.05179
G01 X-31.38572 Y23.06411
G01 X-31.39999 Y23.07412
G01 X-31.41579 Y23.08149
G01 X-31.43263 Y23.08598
G01 X-31.44998 Y23.08751
G01 X-31.67500 Y23.08751
G01 X-31.67497 Y23.38751
G01 X-31.40751 Y23.38753
G01 X-31.36578 Y23.38304
G01 X-31.25628 Y23.34219
G01 X-31.16423 Y23.27328
G01 X-31.09527 Y23.18118
G01 X-31.05445 Y23.07173
G01 X-31.04998 Y23.03005
G01 X-31.04998 Y22.90000
G01 X-31.10015 Y22.96132
G01 X-31.14998 Y23.00000
G01 X-31.14998 Y23.02467
G01 X-31.15255 Y23.04857
G01 X-31.18394 Y23.13277
G01 X-31.18219 Y23.13361
G01 X-31.18394 Y23.13277
G01 X-31.23566 Y23.20183
G01 X-31.23492 Y23.20257
G01 X-31.23566 Y23.20183
G01 X-31.30472 Y23.25355
G01 X-31.30424 Y23.25444
G01 X-31.30472 Y23.25355
G01 X-31.38894 Y23.28494
G01 X-31.38869 Y23.28641
G01 X-31.38894 Y23.28494
G01 X-31.41285 Y23.28751
G01 X-31.57500 Y23.28751
G01 X-31.60477 Y23.31771
G01 X-31.57500 Y23.28751
G01 X-31.57497 Y23.18751
G01 X-31.60360 Y23.15944
G01 X-31.57497 Y23.18751
G01 X-31.44998 Y23.18751
G01 X-31.41526 Y23.18448
G01 X-31.38158 Y23.17544
G01 X-31.34998 Y23.16071
G01 X-31.32143 Y23.14072
G01 X-31.29677 Y23.11608
G01 X-31.27678 Y23.08751
G01 X-31.26205 Y23.05591
G01 X-31.25303 Y23.02225
G01 X-31.25107 Y23.00000
G01 X-31.26601 Y22.98006
G01 X-31.25107 Y23.00000
G01 X-31.14998 Y23.00000
G04 P0 ( dwell for no time -- G64 should not smooth over this point )
G00 Z5.00000 ( retract )

G00 X-30.10325 Y23.35535 ( rapid move to begin. )
G01 F150.00000
( Mill infeed pass 1/1 )
G01 Z-0.06000
G04 P0 ( dwell for no time -- G64 should not smooth over this point )
G01 F300.00000
G01 X-30.10325 Y23.35535
G01 X-30.05722 Y23.48273
G01 X-29.97048 Y23.56947
G01 X-29.96190 Y23.56612
G01 X-29.86248 Y23.53605
G01 X-29.86588 Y23.54722
G01 X-29.86969 Y23.56645
G01 X-29.87449 Y23.61522
G01 X-29.87498 Y23.62502
G01 X-29.87498 Y23.77503
G01 X-30.17495 Y23.77503
G01 X-30.17498 Y23.58019
G01 X-30.16611 Y23.49337
G01 X-30.11808 Y23.34844
G01 X-30.09212 Y23.30640
G01 X-29.86248 Y23.53605
G01 X-29.96190 Y23.56612
G01 X-29.97048 Y23.56947
G01 X-29.97401 Y23.60541
G01 X-29.97498 Y23.62502
G01 X-29.97498 Y23.67503
G01 X-29.94836 Y23.70282
G01 X-29.97498 Y23.67503
G01 X-30.07495 Y23.67501
G01 X-30.11071 Y23.70762
G01 X-30.07495 Y23.67501
G01 X-30.07495 Y23.58517
G01 X-30.06774 Y23.51445
G01 X-30.05722 Y23.48273
G04 P0 ( dwell for no time -- G64 should not smooth over this point )
G00 Z5.00000 ( retract )

G00 X-26.81184 Y23.42502 ( rapid move to begin. )
G01 F150.00000
( Mill infeed pass 1/1 )
G01 Z-0.06000
G04 P0 ( dwell for no time -- G64 should not smooth over this point )
G01 F300.00000
G01 X-26.81184 Y23.42502
G01 X-26.92299 Y23.42502
G01 X-26.92914 Y23.43663
G01 X-26.92299 Y23.42502
G01 X-26.94074 Y23.39185
G01 X-26.95083 Y23.37501
G01 X-26.96251 Y23.35924
G01 X-26.99360 Y23.32136
G01 X-27.00678 Y23.30681
G01 X-27.02134 Y23.29363
G01 X-27.05921 Y23.26254
G01 X-27.09182 Y23.24077
G01 X-27.13503 Y23.21766
G01 X-27.15278 Y23.20927
G01 X-27.17125 Y23.20264
G01 X-27.21816 Y23.18842
G01 X-27.25662 Y23.18078
G01 X-27.30539 Y23.17597
G01 X-27.32499 Y23.17501
G01 X-27.97496 Y23.17501
G01 X-28.00427 Y23.20430
G01 X-27.97496 Y23.17501
G01 X-27.97496 Y23.07501
G01 X-28.00427 Y23.04572
G01 X-27.97496 Y23.07501
G01 X-27.28517 Y23.07488
G01 X-27.21440 Y23.08225
G01 X-27.21430 Y23.08166
G01 X-27.21440 Y23.08225
G01 X-27.09096 Y23.12317
G01 X-27.09068 Y23.12256
G01 X-27.09096 Y23.12317
G01 X-26.98151 Y23.19066
G01 X-26.98110 Y23.19012
G01 X-26.98151 Y23.19066
G01 X-26.89060 Y23.28156
G01 X-26.88979 Y23.28095
G01 X-26.89060 Y23.28156
G01 X-26.82312 Y23.39099
G01 X-26.81184 Y23.42502
G01 X-26.72888 Y23.47409
G01 X-26.68060 Y23.52505
G01 X-26.68382 Y23.49340
G01 X-26.73185 Y23.34844
G01 X-26.81164 Y23.21913
G01 X-26.91908 Y23.11169
G01 X-27.04841 Y23.03193
G01 X-27.19335 Y22.98387
G01 X-27.28006 Y22.97504
G01 X-28.07496 Y22.97504
G01 X-28.07496 Y23.27501
G01 X-27.32499 Y23.27501
G01 X-27.31519 Y23.27549
G01 X-27.26642 Y23.28029
G01 X-27.25669 Y23.28174
G01 X-27.24719 Y23.28413
G01 X-27.20028 Y23.29835
G01 X-27.19104 Y23.30165
G01 X-27.18217 Y23.30584
G01 X-27.13897 Y23.32896
G01 X-27.12266 Y23.33986
G01 X-27.08476 Y23.37094
G01 X-27.07750 Y23.37752
G01 X-27.07092 Y23.38479
G01 X-27.03983 Y23.42268
G01 X-27.03396 Y23.43056
G01 X-27.02893 Y23.43899
G01 X-27.00582 Y23.48220
G01 X-26.99833 Y23.50031
G01 X-26.99083 Y23.52502
G01 X-26.68060 Y23.52505
G04 P0 ( dwell for no time -- G64 should not smooth over this point )
G00 Z5.00000 ( retract )

G00 X-25.77831 Y23.48227 ( rapid move to begin. )
G01 F150.00000
( Mill infeed pass 1/1 )
G01 Z-0.06000
G04 P0 ( dwell for no time -- G64 should not smooth over this point )
G01 F300.00000
G01 X-25.77831 Y23.48227
G01 X-25.63437 Y23.42505
G01 X-25.61431 Y23.39822
G01 X-25.54522 Y23.34654
G01 X-25.54611 Y23.34506
G01 X-25.54522 Y23.34654
G01 X-25.46099 Y23.31509
G01 X-25.46124 Y23.31364
G01 X-25.46099 Y23.31509
G01 X-25.43704 Y23.31250
G01 X-25.27499 Y23.31252
G01 X-25.24519 Y23.28232
G01 X-25.17499 Y23.21253
G01 X-25.17499 Y23.51252
G01 X-25.39998 Y23.51252
G01 X-25.41735 Y23.51402
G01 X-25.43419 Y23.51854
G01 X-25.44811 Y23.52505
G01 X-25.79426 Y23.52505
G01 X-25.77831 Y23.48227
G01 X-25.75467 Y23.41885
G01 X-25.68573 Y23.32677
G01 X-25.59363 Y23.25784
G01 X-25.48416 Y23.21702
G01 X-25.44237 Y23.21250
G01 X-25.17499 Y23.21253
G01 X-25.24519 Y23.28232
G01 X-25.27499 Y23.31252
G01 X-25.27499 Y23.41252
G01 X-25.24692 Y23.43963
G01 X-25.27499 Y23.41252
G01 X-25.39998 Y23.41252
G01 X-25.43473 Y23.41555
G01 X-25.46838 Y23.42456
G01 X-25.46937 Y23.42505
G01 X-25.63437 Y23.42505
G04 P0 ( dwell for no time -- G64 should not smooth over this point )
G00 Z5.00000 ( retract )

G00 X-23.95000 Y23.57539 ( rapid move to begin. )
G01 F150.00000
( Mill infeed pass 1/1 )
G01 Z-0.06000
G04 P0 ( dwell for no time -- G64 should not smooth over this point )
G01 F300.00000
G01 X-23.95000 Y23.57539
G01 X-23.95256 Y23.55149
G01 X-23.95104 Y23.55121
G01 X-23.95256 Y23.55149
G01 X-23.98398 Y23.46729
G01 X-23.98307 Y23.46678
G01 X-23.98398 Y23.46729
G01 X-24.03567 Y23.39820
G01 X-24.03493 Y23.39749
G01 X-24.03567 Y23.39820
G01 X-24.10471 Y23.34654
G01 X-24.10420 Y23.34562
G01 X-24.10471 Y23.34654
G01 X-24.18893 Y23.31512
G01 X-24.18865 Y23.31364
G01 X-24.18893 Y23.31512
G01 X-24.21283 Y23.31255
G01 X-24.37496 Y23.31252
G01 X-24.40476 Y23.28232
G01 X-24.37496 Y23.31252
G01 X-24.37496 Y23.41252
G01 X-24.40359 Y23.44059
G01 X-24.37496 Y23.41252
G01 X-24.24999 Y23.41252
G01 X-24.21525 Y23.41555
G01 X-24.18159 Y23.42456
G01 X-24.14999 Y23.43930
G01 X-24.12142 Y23.45931
G01 X-24.09678 Y23.48395
G01 X-24.07679 Y23.51252
G01 X-24.06206 Y23.54410
G01 X-24.05302 Y23.57778
G01 X-24.05000 Y23.61252
G01 X-24.05000 Y23.85001
G01 X-24.07857 Y23.87892
G01 X-24.05000 Y23.85001
G01 X-23.95000 Y23.85001
G01 X-23.92013 Y23.87963
G01 X-23.95000 Y23.85001
G01 X-23.95000 Y23.57539
G01 X-23.84997 Y23.57006
G01 X-23.85000 Y23.95001
G01 X-24.14999 Y23.95004
G01 X-24.14999 Y23.61252
G01 X-24.15152 Y23.59515
G01 X-24.15601 Y23.57831
G01 X-24.16338 Y23.56251
G01 X-24.17339 Y23.54824
G01 X-24.18571 Y23.53592
G01 X-24.19998 Y23.52591
G01 X-24.21578 Y23.51854
G01 X-24.23262 Y23.51402
G01 X-24.24999 Y23.51252
G01 X-24.47496 Y23.51252
G01 X-24.47496 Y23.21253
G01 X-24.20750 Y23.21253
G01 X-24.16577 Y23.21702
G01 X-24.05629 Y23.25784
G01 X-23.96422 Y23.32677
G01 X-23.89531 Y23.41885
G01 X-23.85447 Y23.52832
G01 X-23.84997 Y23.57006
G04 P0 ( dwell for no time -- G64 should not smooth over this point )
G00 Z5.00000 ( retract )

G00 X-19.24906 Y26.72504 ( rapid move to begin. )
G01 F150.00000
( Mill infeed pass 1/1 )
G01 Z-0.06000
G04 P0 ( dwell for no time -- G64 should not smooth over this point )
G01 F300.00000
G01 X-19.24906 Y26.72504
G01 X-19.22095 Y26.70619
G01 X-19.21858 Y26.70472
G01 X-19.12549 Y26.64968
G01 X-19.12176 Y26.64770
G01 X-19.07243 Y26.62392
G01 X-19.02572 Y26.60096
G01 X-19.02364 Y26.60000
G01 X-18.98074 Y26.58130
G01 X-18.97861 Y26.58044
G01 X-18.96956 Y26.57698
G01 X-18.93591 Y26.56261
G01 X-18.89463 Y26.54307
G01 X-18.85570 Y26.51973
G01 X-18.84226 Y26.51077
G01 X-18.83629 Y26.50678
G01 X-18.83032 Y26.50279
G01 X-18.81688 Y26.49382
G01 X-18.77723 Y26.46441
G01 X-18.77530 Y26.46306
G01 X-18.73568 Y26.43645
G01 X-18.73390 Y26.43530
G01 X-18.71688 Y26.42489
G01 X-18.71020 Y26.42146
G01 X-18.70309 Y26.41907
G01 X-18.70385 Y26.41704
G01 X-18.70309 Y26.41907
G01 X-18.65732 Y26.40749
G01 X-18.65455 Y26.40688
G01 X-18.59791 Y26.39588
G01 X-18.59509 Y26.39542
G01 X-18.46809 Y26.37823
G01 X-18.46487 Y26.37790
G01 X-18.45681 Y26.37734
G01 X-18.45603 Y26.37729
G01 X-18.43825 Y26.37632
G01 X-18.43827 Y26.37602
G01 X-18.43825 Y26.37632
G01 X-18.43738 Y26.37627
G01 X-18.41953 Y26.37564
G01 X-18.41861 Y26.37561
G01 X-18.40043 Y26.37528
G01 X-18.39951 Y26.37526
G01 X-17.77581 Y26.37526
G01 X-17.74485 Y26.37422
G01 X-17.73804 Y26.37328
G01 X-17.71915 Y26.36632
G01 X-17.71216 Y26.36375
G01 X-17.69372 Y26.35694
G01 X-17.67856 Y26.35138
G01 X-17.66464 Y26.34097
G01 X-17.64292 Y26.32471
G01 X-17.62527 Y26.30706
G01 X-17.64292 Y26.32471
G01 X-17.63284 Y26.31717
G01 X-17.62527 Y26.30706
G01 X-17.60896 Y26.28526
G01 X-17.59862 Y26.27145
G01 X-17.59296 Y26.25608
G01 X-17.58511 Y26.23474
G01 X-17.58371 Y26.23093
G01 X-17.57673 Y26.21196
G01 X-17.57579 Y26.20515
G01 X-17.57472 Y26.17417
G01 X-17.57472 Y24.47587
G01 X-17.57498 Y24.47501
G01 X-17.67498 Y24.47501
G01 X-17.67691 Y24.45550
G01 X-17.68260 Y24.43675
G01 X-17.69184 Y24.41946
G01 X-17.70429 Y24.40429
G01 X-17.71943 Y24.39187
G01 X-17.73672 Y24.38263
G01 X-17.75547 Y24.37694
G01 X-17.77498 Y24.37501
G01 X-19.47500 Y24.37501
G01 X-19.49235 Y24.37653
G01 X-19.50919 Y24.38105
G01 X-19.52499 Y24.38842
G01 X-19.53926 Y24.39840
G01 X-19.55160 Y24.41074
G01 X-19.56159 Y24.42502
G01 X-19.56895 Y24.44082
G01 X-19.57347 Y24.45766
G01 X-19.57500 Y24.47501
G01 X-19.57500 Y24.67673
G01 X-20.36090 Y25.32502
G01 X-39.77646 Y25.32502
G01 X-40.80071 Y24.30076
G01 X-40.80798 Y24.29418
G01 X-40.88374 Y24.23200
G01 X-40.89164 Y24.22614
G01 X-40.90005 Y24.22111
G01 X-40.98649 Y24.17491
G01 X-41.00462 Y24.16739
G01 X-41.09840 Y24.13894
G01 X-41.10792 Y24.13655
G01 X-41.11763 Y24.13513
G01 X-41.21519 Y24.12550
G01 X-41.22499 Y24.12502
G01 X-44.02499 Y24.12502
G01 X-44.03477 Y24.12550
G01 X-44.13233 Y24.13513
G01 X-44.14203 Y24.13655
G01 X-44.15156 Y24.13894
G01 X-44.24533 Y24.16739
G01 X-44.26347 Y24.17491
G01 X-44.34990 Y24.22111
G01 X-44.35831 Y24.22614
G01 X-44.36621 Y24.23200
G01 X-44.44198 Y24.29418
G01 X-44.44924 Y24.30076
G01 X-45.82425 Y25.67577
G01 X-45.83083 Y25.68303
G01 X-45.89300 Y25.75880
G01 X-45.90390 Y25.77511
G01 X-45.95010 Y25.86154
G01 X-45.95429 Y25.87043
G01 X-45.95762 Y25.87968
G01 X-45.98607 Y25.97345
G01 X-45.98846 Y25.98298
G01 X-45.98988 Y25.99268
G01 X-45.99951 Y26.09024
G01 X-45.99999 Y26.10005
G01 X-45.99996 Y26.84808
G01 X-46.00052 Y26.85161
G01 X-46.07456 Y27.66596
G01 X-46.07500 Y27.67500
G01 X-46.07500 Y28.57502
G01 X-46.07451 Y28.58478
G01 X-46.07428 Y28.58709
G01 X-46.07431 Y28.58810
G01 X-46.05259 Y28.90271
G01 X-46.58769 Y29.36253
G01 X-46.99999 Y29.36250
G01 X-47.01736 Y29.36402
G01 X-47.03420 Y29.36855
G01 X-47.04997 Y29.37591
G01 X-47.06427 Y29.38592
G01 X-47.07659 Y29.39824
G01 X-47.08660 Y29.41251
G01 X-47.09397 Y29.42831
G01 X-47.09846 Y29.44515
G01 X-47.09999 Y29.46250
G01 X-47.09999 Y30.83750
G01 X-47.09806 Y30.85701
G01 X-47.09237 Y30.87578
G01 X-47.08312 Y30.89308
G01 X-47.07070 Y30.90822
G01 X-47.05554 Y30.92066
G01 X-47.03827 Y30.92991
G01 X-47.01949 Y30.93560
G01 X-46.99999 Y30.93750
G01 X-45.84998 Y30.93750
G01 X-45.83047 Y30.93560
G01 X-45.81172 Y30.92991
G01 X-45.79443 Y30.92066
G01 X-45.77929 Y30.90822
G01 X-45.76684 Y30.89308
G01 X-45.75760 Y30.87578
G01 X-45.75191 Y30.85701
G01 X-45.74998 Y30.83750
G01 X-45.74998 Y30.42587
G01 X-45.02189 Y29.59618
G01 X-45.01996 Y29.59354
G01 X-44.97571 Y29.54929
G01 X-44.96913 Y29.54203
G01 X-44.90695 Y29.46626
G01 X-44.89605 Y29.44995
G01 X-44.84985 Y29.36352
G01 X-44.84566 Y29.35463
G01 X-44.84233 Y29.34538
G01 X-44.81389 Y29.25160
G01 X-44.81150 Y29.24208
G01 X-44.81008 Y29.23238
G01 X-44.80045 Y29.13481
G01 X-44.79997 Y29.12501
G01 X-44.79997 Y28.78973
G01 X-44.78981 Y28.77733
G01 X-44.78396 Y28.76946
G01 X-44.77894 Y28.76105
G01 X-44.75582 Y28.71782
G01 X-44.74833 Y28.69971
G01 X-44.73410 Y28.65282
G01 X-44.73172 Y28.64330
G01 X-44.73027 Y28.63360
G01 X-44.72547 Y28.58480
G01 X-44.72499 Y28.57502
G01 X-44.72499 Y27.67500
G01 X-44.72539 Y27.66596
G01 X-44.79943 Y26.85161
G01 X-44.79999 Y26.84851
G01 X-44.79999 Y26.34856
G01 X-43.77645 Y25.32502
G01 X-41.47351 Y25.32502
G01 X-40.44925 Y26.34930
G01 X-40.44199 Y26.35588
G01 X-40.36622 Y26.41806
G01 X-40.35832 Y26.42392
G01 X-40.34991 Y26.42895
G01 X-40.26348 Y26.47516
G01 X-40.24534 Y26.48267
G01 X-40.15156 Y26.51112
G01 X-40.14204 Y26.51351
G01 X-40.13234 Y26.51493
G01 X-40.03477 Y26.52456
G01 X-40.02499 Y26.52504
G01 X-19.22499 Y26.52504
G01 X-19.21518 Y26.52456
G01 X-19.11762 Y26.51493
G01 X-19.10792 Y26.51351
G01 X-19.09839 Y26.51112
G01 X-19.00462 Y26.48267
G01 X-18.98648 Y26.47516
G01 X-18.90004 Y26.42895
G01 X-18.89164 Y26.42392
G01 X-18.88374 Y26.41806
G01 X-18.80797 Y26.35588
G01 X-18.80070 Y26.34930
G01 X-18.76631 Y26.31491
G01 X-18.47663 Y26.27569
G01 X-18.47340 Y26.27500
G01 X-17.77498 Y26.27500
G01 X-17.75763 Y26.27350
G01 X-17.74079 Y26.26898
G01 X-17.72499 Y26.26162
G01 X-17.71071 Y26.25161
G01 X-17.69839 Y26.23929
G01 X-17.68839 Y26.22502
G01 X-17.68102 Y26.20922
G01 X-17.67650 Y26.19238
G01 X-17.67498 Y26.17500
G01 X-17.67498 Y24.47501
G01 X-17.57498 Y24.47501
G01 X-17.57472 Y24.47587
G01 X-17.57579 Y24.44491
G01 X-17.57673 Y24.43810
G01 X-17.59860 Y24.37861
G01 X-17.60637 Y24.36820
G01 X-17.61917 Y24.35111
G01 X-17.61945 Y24.35072
G01 X-17.63284 Y24.33289
G01 X-17.65092 Y24.31933
G01 X-17.65392 Y24.31710
G01 X-17.66822 Y24.30640
G01 X-17.69179 Y24.29378
G01 X-17.69230 Y24.29357
G01 X-17.73802 Y24.27679
G01 X-17.74488 Y24.27585
G01 X-17.77581 Y24.27478
G01 X-19.47413 Y24.27478
G01 X-19.50507 Y24.27585
G01 X-19.51193 Y24.27679
G01 X-19.53045 Y24.28359
G01 X-19.55643 Y24.29314
G01 X-19.57139 Y24.29865
G01 X-19.58427 Y24.30828
G01 X-19.58450 Y24.30846
G01 X-19.60723 Y24.32548
G01 X-19.62453 Y24.34280
G01 X-19.60723 Y24.32548
G01 X-19.61711 Y24.33289
G01 X-19.62453 Y24.34280
G01 X-19.62920 Y24.34902
G01 X-19.64152 Y24.36548
G01 X-19.65135 Y24.37861
G01 X-19.65679 Y24.39345
G01 X-19.66636 Y24.41943
G01 X-19.67314 Y24.43790
G01 X-19.67523 Y24.45392
G01 X-19.67756 Y24.47955
G01 X-19.67764 Y24.48037
G01 X-19.67942 Y24.49700
G01 X-19.67967 Y24.49893
G01 X-19.68333 Y24.52377
G01 X-19.68351 Y24.52497
G01 X-19.69537 Y24.59393
G01 X-19.69544 Y24.59441
G01 X-19.69732 Y24.60480
G01 X-19.69974 Y24.61349
G01 X-19.69664 Y24.61504
G01 X-19.69974 Y24.61349
G01 X-19.70367 Y24.62162
G01 X-19.70901 Y24.62891
G01 X-19.77467 Y24.70348
G01 X-19.77799 Y24.70688
G01 X-19.80116 Y24.72863
G01 X-19.80093 Y24.72888
G01 X-19.80116 Y24.72863
G01 X-19.80233 Y24.72969
G01 X-19.82666 Y24.75110
G01 X-19.82788 Y24.75215
G01 X-20.28561 Y25.12972
G01 X-20.28846 Y25.13190
G01 X-20.34782 Y25.17412
G01 X-20.34759 Y25.17442
G01 X-20.34782 Y25.17412
G01 X-20.35079 Y25.17605
G01 X-20.39425 Y25.20251
G01 X-20.40195 Y25.20635
G01 X-20.41020 Y25.20881
G01 X-20.40964 Y25.21051
G01 X-20.41020 Y25.20881
G01 X-20.42971 Y25.21280
G01 X-20.43392 Y25.21349
G01 X-20.52191 Y25.22380
G01 X-20.52625 Y25.22433
G01 X-20.54096 Y25.22454
G01 X-20.54167 Y25.22456
G01 X-20.55643 Y25.22476
G01 X-20.55716 Y25.22479
G01 X-23.62599 Y25.22479
G01 X-23.62957 Y25.22464
G01 X-23.70153 Y25.21948
G01 X-23.70506 Y25.21910
G01 X-23.77494 Y25.20904
G01 X-23.77501 Y25.20947
G01 X-23.77494 Y25.20904
G01 X-23.78220 Y25.20744
G01 X-23.94499 Y25.15855
G01 X-23.94687 Y25.15786
G01 X-24.07634 Y25.22474
G01 X-24.07700 Y25.22502
G01 X-24.08337 Y25.22771
G01 X-24.09079 Y25.22959
G01 X-24.24149 Y25.25555
G01 X-24.24997 Y25.25629
G01 X-24.24994 Y25.25667
G01 X-24.24997 Y25.25629
G01 X-25.39998 Y25.25629
G01 X-25.40001 Y25.25667
G01 X-25.39998 Y25.25629
G01 X-25.40841 Y25.25555
G01 X-25.55860 Y25.22977
G01 X-25.56602 Y25.22791
G01 X-25.57285 Y25.22502
G01 X-25.70346 Y25.15781
G01 X-25.76416 Y25.18044
G01 X-25.76996 Y25.18222
G01 X-25.90580 Y25.21483
G01 X-25.91212 Y25.21592
G01 X-25.96483 Y25.22159
G01 X-25.96475 Y25.22227
G01 X-25.96483 Y25.22159
G01 X-25.96749 Y25.22182
G01 X-26.02129 Y25.22471
G01 X-26.02398 Y25.22479
G01 X-26.46353 Y25.22479
G01 X-26.46714 Y25.22464
G01 X-26.53909 Y25.21948
G01 X-26.54262 Y25.21910
G01 X-26.61250 Y25.20904
G01 X-26.61976 Y25.20744
G01 X-26.61989 Y25.20805
G01 X-26.61976 Y25.20744
G01 X-26.78248 Y25.15860
G01 X-26.78885 Y25.15618
G01 X-26.85710 Y25.12502
G01 X-26.92070 Y25.12502
G01 X-26.85710 Y25.12502
G01 X-26.85873 Y25.12428
G01 X-26.86017 Y25.12360
G01 X-26.88481 Y25.11140
G01 X-26.90676 Y25.11999
G01 X-26.90816 Y25.12052
G01 X-26.92070 Y25.12502
G01 X-26.95715 Y25.13807
G01 X-26.95946 Y25.13884
G01 X-27.02329 Y25.15824
G01 X-27.02571 Y25.15893
G01 X-27.07473 Y25.17120
G01 X-27.07709 Y25.17173
G01 X-27.13516 Y25.18329
G01 X-27.13759 Y25.18372
G01 X-27.13754 Y25.18410
G01 X-27.13759 Y25.18372
G01 X-27.18662 Y25.19098
G01 X-27.18905 Y25.19129
G01 X-27.24407 Y25.19672
G01 X-27.24651 Y25.19690
G01 X-27.29553 Y25.19931
G01 X-27.29675 Y25.19934
G01 X-27.32375 Y25.20000
G01 X-27.32497 Y25.20013
G01 X-29.52499 Y25.20002
G01 X-29.52621 Y25.20000
G01 X-29.55321 Y25.19934
G01 X-29.55443 Y25.19931
G01 X-29.60345 Y25.19690
G01 X-29.60589 Y25.19672
G01 X-29.66096 Y25.19129
G01 X-29.66340 Y25.19098
G01 X-29.71239 Y25.18372
G01 X-29.71244 Y25.18405
G01 X-29.71239 Y25.18372
G01 X-29.71483 Y25.18329
G01 X-29.77284 Y25.17173
G01 X-29.77521 Y25.17120
G01 X-29.82423 Y25.15893
G01 X-29.82662 Y25.15827
G01 X-29.89034 Y25.13889
G01 X-29.89266 Y25.13812
G01 X-29.92921 Y25.12502
G01 X-29.99423 Y25.12502
G01 X-29.92921 Y25.12502
G01 X-29.94168 Y25.12057
G01 X-29.94313 Y25.12001
G01 X-29.96609 Y25.11100
G01 X-29.99423 Y25.12502
G01 X-30.02849 Y25.14209
G01 X-30.03477 Y25.14470
G01 X-30.20256 Y25.20150
G01 X-30.20243 Y25.20211
G01 X-30.20256 Y25.20150
G01 X-30.20980 Y25.20338
G01 X-30.27970 Y25.21585
G01 X-30.28364 Y25.21641
G01 X-30.36484 Y25.22433
G01 X-30.36885 Y25.22456
G01 X-30.37731 Y25.22471
G01 X-30.37769 Y25.22492
G01 X-30.38600 Y25.22476
G01 X-30.38643 Y25.22479
G01 X-39.55921 Y25.22479
G01 X-39.56279 Y25.22464
G01 X-39.63475 Y25.21948
G01 X-39.63831 Y25.21910
G01 X-39.71466 Y25.20808
G01 X-39.72268 Y25.20622
G01 X-39.72383 Y25.20924
G01 X-39.72268 Y25.20622
G01 X-39.73030 Y25.20307
G01 X-39.73731 Y25.19873
G01 X-39.81438 Y25.14153
G01 X-39.81461 Y25.14181
G01 X-39.81438 Y25.14153
G01 X-39.81798 Y25.13858
G01 X-39.83775 Y25.12083
G01 X-39.83874 Y25.11994
G01 X-39.85822 Y25.10145
G01 X-39.85918 Y25.10051
G01 X-40.72936 Y24.23033
G01 X-40.74633 Y24.21417
G01 X-40.78039 Y24.18331
G01 X-40.81681 Y24.15631
G01 X-40.83020 Y24.14732
G01 X-40.84221 Y24.13932
G01 X-40.85568 Y24.13033
G01 X-40.89464 Y24.10699
G01 X-40.93561 Y24.08761
G01 X-40.97882 Y24.06970
G01 X-41.02154 Y24.05443
G01 X-41.06617 Y24.04323
G01 X-41.08839 Y24.03825
G01 X-41.11067 Y24.03439
G01 X-41.15626 Y24.02761
G01 X-41.20208 Y24.02535
G01 X-41.22560 Y24.02479
G01 X-44.02435 Y24.02479
G01 X-44.04787 Y24.02535
G01 X-44.09369 Y24.02761
G01 X-44.13919 Y24.03437
G01 X-44.16156 Y24.03825
G01 X-44.18369 Y24.04323
G01 X-44.22844 Y24.05443
G01 X-44.27114 Y24.06970
G01 X-44.31434 Y24.08761
G01 X-44.35531 Y24.10699
G01 X-44.39425 Y24.13033
G01 X-44.40759 Y24.13924
G01 X-44.41973 Y24.14735
G01 X-44.43309 Y24.15626
G01 X-44.46956 Y24.18331
G01 X-44.50365 Y24.21423
G01 X-44.52062 Y24.23038
G01 X-45.89468 Y25.60444
G01 X-45.91078 Y25.62136
G01 X-45.94170 Y25.65545
G01 X-45.96875 Y25.69192
G01 X-45.99468 Y25.73076
G01 X-46.01802 Y25.76967
G01 X-46.03740 Y25.81067
G01 X-46.04352 Y25.82545
G01 X-46.04444 Y25.82763
G01 X-46.04916 Y25.83909
G01 X-46.05531 Y25.85390
G01 X-46.07060 Y25.89662
G01 X-46.08162 Y25.94064
G01 X-46.08472 Y25.95626
G01 X-46.08561 Y25.96070
G01 X-46.08759 Y25.97071
G01 X-46.09072 Y25.98638
G01 X-46.09740 Y26.03134
G01 X-46.09966 Y26.07714
G01 X-46.10022 Y26.10066
G01 X-46.10022 Y26.78399
G01 X-46.10017 Y26.78547
G01 X-46.10108 Y26.81463
G01 X-46.10116 Y26.81607
G01 X-46.10261 Y26.84122
G01 X-46.10283 Y26.84368
G01 X-46.10388 Y26.85336
G01 X-46.12216 Y27.05473
G01 X-46.12244 Y27.05831
G01 X-46.13441 Y27.13025
G01 X-46.13512 Y27.13373
G01 X-46.15145 Y27.20241
G01 X-46.15371 Y27.20949
G01 X-46.15313 Y27.20967
G01 X-46.15371 Y27.20949
G01 X-46.21767 Y27.36860
G01 X-46.22064 Y27.37475
G01 X-46.25427 Y27.43360
G01 X-46.27375 Y27.64785
G01 X-46.27500 Y27.67500
G01 X-46.27500 Y28.57502
G01 X-46.27428 Y28.59567
G01 X-46.25902 Y28.81640
G01 X-46.24815 Y28.82097
G01 X-46.25902 Y28.81640
G01 X-46.66181 Y29.16253
G01 X-46.65950 Y29.16875
G01 X-46.66181 Y29.16253
G01 X-46.85399 Y29.16253
G01 X-46.85427 Y29.16253
G01 X-46.85503 Y29.16268
G01 X-46.85399 Y29.16253
G01 X-46.85262 Y29.16232
G01 X-46.80365 Y29.14988
G01 X-46.80126 Y29.14922
G01 X-46.72828 Y29.12702
G01 X-46.72600 Y29.12625
G01 X-46.68175 Y29.11043
G01 X-46.67370 Y29.10670
G01 X-46.67184 Y29.10964
G01 X-46.67370 Y29.10670
G01 X-46.66643 Y29.10162
G01 X-46.66280 Y29.09857
G01 X-46.66097 Y29.09697
G01 X-46.60354 Y29.04370
G01 X-46.60179 Y29.04200
G01 X-46.56737 Y29.00685
G01 X-46.56570 Y29.00502
G01 X-46.51142 Y28.94373
G01 X-46.50984 Y28.94188
G01 X-46.47865 Y28.90296
G01 X-46.47715 Y28.90098
G01 X-46.42564 Y28.82979
G01 X-46.42430 Y28.82778
G01 X-46.42247 Y28.82501
G01 X-46.36224 Y28.77325
G01 X-46.35384 Y28.77627
G01 X-46.36224 Y28.77325
G01 X-46.37403 Y28.60258
G01 X-46.37497 Y28.57518
G01 X-46.37497 Y27.67487
G01 X-46.37334 Y27.63878
G01 X-46.36898 Y27.59075
G01 X-46.26199 Y27.44640
G01 X-46.25874 Y27.44142
G01 X-46.25427 Y27.43360
G01 X-46.25874 Y27.44142
G01 X-46.26199 Y27.44640
G01 X-46.36898 Y27.59075
G01 X-46.37334 Y27.63878
G01 X-46.37497 Y27.67487
G01 X-46.37497 Y28.57518
G01 X-46.37403 Y28.60258
G01 X-46.36224 Y28.77325
G01 X-46.42247 Y28.82501
G01 X-46.42430 Y28.82778
G01 X-46.42564 Y28.82979
G01 X-46.47715 Y28.90098
G01 X-46.47865 Y28.90296
G01 X-46.50984 Y28.94188
G01 X-46.51142 Y28.94373
G01 X-46.56570 Y29.00502
G01 X-46.56737 Y29.00685
G01 X-46.60179 Y29.04200
G01 X-46.60354 Y29.04370
G01 X-46.66097 Y29.09697
G01 X-46.66280 Y29.09857
G01 X-46.66643 Y29.10162
G01 X-46.67370 Y29.10670
G01 X-46.68175 Y29.11043
G01 X-46.72600 Y29.12625
G01 X-46.72828 Y29.12702
G01 X-46.80126 Y29.14922
G01 X-46.80365 Y29.14988
G01 X-46.85262 Y29.16232
G01 X-46.85399 Y29.16253
G01 X-46.85503 Y29.16268
G01 X-46.92214 Y29.17606
G01 X-46.92457 Y29.17650
G01 X-46.97360 Y29.18376
G01 X-46.97431 Y29.18386
G01 X-46.99333 Y29.18640
G01 X-46.99407 Y29.18650
G01 X-47.03771 Y29.19169
G01 X-47.08432 Y29.19900
G01 X-47.11353 Y29.20474
G01 X-47.17822 Y29.22247
G01 X-47.17934 Y29.22326
G01 X-47.17822 Y29.22247
G01 X-47.17929 Y29.22277
G01 X-47.17934 Y29.22326
G01 X-47.19468 Y29.34492
G01 X-47.19869 Y29.39735
G01 X-47.20006 Y29.45056
G01 X-47.20022 Y29.46293
G01 X-47.20022 Y30.83667
G01 X-47.19917 Y30.86760
G01 X-47.19806 Y30.87558
G01 X-47.18919 Y30.89940
G01 X-47.18145 Y30.92021
G01 X-47.17639 Y30.93387
G01 X-47.16862 Y30.94423
G01 X-47.15556 Y30.96166
G01 X-47.14213 Y30.97967
G01 X-47.12399 Y30.99323
G01 X-47.12257 Y30.99427
G01 X-47.10672 Y31.00613
G01 X-47.09638 Y31.01388
G01 X-47.08310 Y31.01878
G01 X-47.07286 Y31.02252
G01 X-47.05958 Y31.02742
G01 X-47.03692 Y31.03578
G01 X-47.03011 Y31.03672
G01 X-46.99912 Y31.03776
G01 X-45.85082 Y31.03776
G01 X-45.81983 Y31.03672
G01 X-45.81305 Y31.03578
G01 X-45.79024 Y31.02739
G01 X-45.76692 Y31.01878
G01 X-45.75356 Y31.01388
G01 X-45.74312 Y31.00608
G01 X-45.72737 Y30.99427
G01 X-45.72630 Y30.99348
G01 X-45.70784 Y30.97967
G01 X-45.69400 Y30.96118
G01 X-45.68145 Y30.94441
G01 X-45.67360 Y30.93395
G01 X-45.65173 Y30.87449
G01 X-45.65079 Y30.86760
G01 X-45.64972 Y30.83667
G01 X-45.64972 Y30.63093
G01 X-45.64960 Y30.62734
G01 X-45.64441 Y30.55539
G01 X-45.64403 Y30.55186
G01 X-45.63387 Y30.48109
G01 X-45.63697 Y30.48013
G01 X-45.63387 Y30.48109
G01 X-45.63225 Y30.47378
G01 X-45.62956 Y30.46679
G01 X-45.62585 Y30.46026
G01 X-45.57390 Y30.38320
G01 X-45.57423 Y30.38297
G01 X-45.57390 Y30.38320
G01 X-45.57124 Y30.37957
G01 X-45.55955 Y30.36524
G01 X-45.55897 Y30.36450
G01 X-45.54680 Y30.35013
G01 X-45.54622 Y30.34944
G01 X-45.12021 Y29.86402
G01 X-45.11777 Y29.86141
G01 X-45.06593 Y29.81025
G01 X-45.06629 Y29.80985
G01 X-45.06593 Y29.81025
G01 X-45.06331 Y29.80786
G01 X-45.00969 Y29.76197
G01 X-45.00520 Y29.75854
G01 X-44.89933 Y29.68691
G01 X-44.89961 Y29.68643
G01 X-44.89933 Y29.68691
G01 X-44.89476 Y29.68417
G01 X-44.89387 Y29.68368
G01 X-44.89087 Y29.68224
G01 X-44.85204 Y29.66481
G01 X-44.85056 Y29.66420
G01 X-44.83906 Y29.65945
G01 X-44.80792 Y29.64576
G01 X-44.78780 Y29.63634
G01 X-44.78275 Y29.63398
G01 X-44.78041 Y29.63296
G01 X-44.70423 Y29.60184
G01 X-44.70197 Y29.60098
G01 X-44.62651 Y29.57431
G01 X-44.59329 Y29.50360
G01 X-44.59225 Y29.50151
G01 X-44.59054 Y29.49829
G01 X-44.56951 Y29.45564
G01 X-44.55557 Y29.42529
G01 X-44.55491 Y29.42392
G01 X-44.54912 Y29.41226
G01 X-44.52681 Y29.33867
G01 X-44.51726 Y29.30060
G01 X-44.51152 Y29.26176
G01 X-44.50190 Y29.16423
G01 X-44.49997 Y29.12501
G01 X-44.49997 Y28.87558
G01 X-44.50147 Y28.87530
G01 X-44.49997 Y28.87558
G01 X-44.49125 Y28.85925
G01 X-44.46123 Y28.78681
G01 X-44.44701 Y28.73990
G01 X-44.43748 Y28.70182
G01 X-44.43172 Y28.66298
G01 X-44.42692 Y28.61422
G01 X-44.42499 Y28.57502
G01 X-44.42499 Y27.67500
G01 X-44.42664 Y27.63881
G01 X-44.49999 Y26.83187
G01 X-44.49997 Y26.47282
G01 X-44.50759 Y26.46967
G01 X-44.49997 Y26.47282
G01 X-43.65219 Y25.62504
G01 X-43.65534 Y25.61742
G01 X-43.65219 Y25.62504
G01 X-41.59776 Y25.62504
G01 X-41.59464 Y25.61745
G01 X-41.59776 Y25.62504
G01 X-40.66137 Y26.56141
G01 X-40.63228 Y26.58778
G01 X-40.55652 Y26.64996
G01 X-40.52499 Y26.67335
G01 X-40.49131 Y26.69354
G01 X-40.40488 Y26.73975
G01 X-40.33244 Y26.76974
G01 X-40.23863 Y26.79819
G01 X-40.16172 Y26.81348
G01 X-40.06419 Y26.82311
G01 X-40.02499 Y26.82504
G01 X-37.92835 Y26.82504
G01 X-37.68695 Y26.72504
G01 X-37.62398 Y26.69895
G01 X-37.62284 Y26.69850
G01 X-37.59203 Y26.68661
G01 X-37.59086 Y26.68618
G01 X-37.49284 Y26.65110
G01 X-37.49056 Y26.65034
G01 X-37.43859 Y26.63454
G01 X-37.43618 Y26.63388
G01 X-37.40090 Y26.62504
G01 X-37.33818 Y26.60932
G01 X-37.33580 Y26.60878
G01 X-37.29104 Y26.59987
G01 X-37.28860 Y26.59944
G01 X-37.19058 Y26.58491
G01 X-37.18817 Y26.58460
G01 X-37.14758 Y26.58059
G01 X-37.14512 Y26.58041
G01 X-37.04712 Y26.57559
G01 X-37.04588 Y26.57554
G01 X-37.02619 Y26.57505
G01 X-37.02498 Y26.57503
G01 X-20.22496 Y26.57500
G01 X-20.22374 Y26.57505
G01 X-20.20405 Y26.57554
G01 X-20.20283 Y26.57559
G01 X-20.10479 Y26.58041
G01 X-20.10233 Y26.58059
G01 X-20.06174 Y26.58460
G01 X-20.05930 Y26.58468
G01 X-19.96131 Y26.59944
G01 X-19.95887 Y26.59987
G01 X-19.91411 Y26.60878
G01 X-19.91173 Y26.60932
G01 X-19.84899 Y26.62504
G01 X-19.81373 Y26.63388
G01 X-19.81132 Y26.63454
G01 X-19.75935 Y26.65034
G01 X-19.75706 Y26.65110
G01 X-19.65905 Y26.68618
G01 X-19.65788 Y26.68661
G01 X-19.62707 Y26.69850
G01 X-19.62592 Y26.69895
G01 X-19.56293 Y26.72504
G01 X-19.45737 Y26.76878
G01 X-19.35691 Y26.79888
G01 X-19.29252 Y26.75283
G01 X-19.29024 Y26.75128
G01 X-19.25219 Y26.72712
G01 X-19.24906 Y26.72504
G01 X-19.56293 Y26.72504
G01 X-19.62592 Y26.69895
G01 X-19.62707 Y26.69850
G01 X-19.65788 Y26.68661
G01 X-19.65905 Y26.68618
G01 X-19.75706 Y26.65110
G01 X-19.75935 Y26.65034
G01 X-19.81132 Y26.63454
G01 X-19.81373 Y26.63388
G01 X-19.84899 Y26.62504
G01 X-19.22499 Y26.62504
G01 X-19.20538 Y26.62408
G01 X-19.10782 Y26.61445
G01 X-19.06936 Y26.60680
G01 X-18.97558 Y26.57836
G01 X-18.93936 Y26.56334
G01 X-18.85290 Y26.51714
G01 X-18.84226 Y26.51077
G01 X-18.83629 Y26.50678
G01 X-18.83032 Y26.50279
G01 X-18.82031 Y26.49537
G01 X-18.74454 Y26.43319
G01 X-18.72999 Y26.42001
G01 X-18.71947 Y26.40947
G01 X-18.72115 Y26.40571
G01 X-18.71947 Y26.40947
G01 X-18.46489 Y26.37500
G01 X-17.77498 Y26.37500
G01 X-17.74025 Y26.37198
G01 X-17.71915 Y26.36632
G01 X-17.71216 Y26.36375
G01 X-17.69372 Y26.35694
G01 X-17.67498 Y26.34821
G01 X-17.66464 Y26.34097
G01 X-17.64292 Y26.32471
G01 X-17.62527 Y26.30706
G01 X-17.60896 Y26.28526
G01 X-17.60177 Y26.27500
G01 X-17.59296 Y26.25608
G01 X-17.58511 Y26.23474
G01 X-17.58371 Y26.23093
G01 X-17.57802 Y26.20975
G01 X-17.57498 Y26.17500
G01 X-17.57498 Y24.47501
G01 X-17.57884 Y24.43599
G01 X-17.58511 Y24.41532
G01 X-17.59370 Y24.39197
G01 X-17.60637 Y24.36820
G01 X-17.61917 Y24.35111
G01 X-17.61945 Y24.35072
G01 X-17.63357 Y24.33358
G01 X-17.65092 Y24.31933
G01 X-17.65392 Y24.31710
G01 X-17.67856 Y24.29865
G01 X-17.69179 Y24.29378
G01 X-17.69230 Y24.29357
G01 X-17.71562 Y24.28504
G01 X-17.73596 Y24.27887
G01 X-17.77498 Y24.27501
G01 X-19.47500 Y24.27501
G01 X-19.50972 Y24.27806
G01 X-19.53045 Y24.28359
G01 X-19.55643 Y24.29314
G01 X-19.57500 Y24.30180
G01 X-19.58427 Y24.30828
G01 X-19.58450 Y24.30846
G01 X-19.60723 Y24.32548
G01 X-19.62453 Y24.34280
G01 X-19.62920 Y24.34902
G01 X-19.64152 Y24.36548
G01 X-19.64820 Y24.37501
G01 X-19.65679 Y24.39345
G01 X-19.66636 Y24.41943
G01 X-19.67195 Y24.44028
G01 X-19.67500 Y24.47501
G01 X-19.67500 Y24.62959
G01 X-19.66545 Y24.63409
G01 X-19.67500 Y24.62959
G01 X-20.39681 Y25.22502
G01 X-20.39471 Y25.23091
G01 X-20.39681 Y25.22502
G01 X-24.07700 Y25.22502
G01 X-24.08337 Y25.22771
G01 X-24.09079 Y25.22959
G01 X-24.24149 Y25.25555
G01 X-24.24997 Y25.25629
G01 X-25.39998 Y25.25629
G01 X-25.40841 Y25.25555
G01 X-25.55860 Y25.22977
G01 X-25.56602 Y25.22791
G01 X-25.57285 Y25.22502
G01 X-39.73503 Y25.22502
G01 X-39.73818 Y25.23264
G01 X-39.73503 Y25.22502
G01 X-40.73000 Y24.23005
G01 X-40.74455 Y24.21687
G01 X-40.82032 Y24.15469
G01 X-40.83020 Y24.14732
G01 X-40.84221 Y24.13932
G01 X-40.85291 Y24.13292
G01 X-40.93937 Y24.08672
G01 X-40.97559 Y24.07171
G01 X-41.06937 Y24.04326
G01 X-41.10782 Y24.03561
G01 X-41.20538 Y24.02599
G01 X-41.22499 Y24.02502
G01 X-44.02499 Y24.02502
G01 X-44.04457 Y24.02599
G01 X-44.14213 Y24.03561
G01 X-44.18059 Y24.04326
G01 X-44.27436 Y24.07171
G01 X-44.31058 Y24.08672
G01 X-44.39705 Y24.13292
G01 X-44.40759 Y24.13924
G01 X-44.41973 Y24.14735
G01 X-44.42963 Y24.15469
G01 X-44.50540 Y24.21687
G01 X-44.51996 Y24.23005
G01 X-45.89496 Y25.60505
G01 X-45.90814 Y25.61961
G01 X-45.97032 Y25.69538
G01 X-45.99209 Y25.72796
G01 X-46.03829 Y25.81442
G01 X-46.04352 Y25.82545
G01 X-46.04444 Y25.82763
G01 X-46.04916 Y25.83909
G01 X-46.05330 Y25.85065
G01 X-46.08175 Y25.94442
G01 X-46.08472 Y25.95626
G01 X-46.08561 Y25.96070
G01 X-46.08759 Y25.97071
G01 X-46.08940 Y25.98288
G01 X-46.09902 Y26.08044
G01 X-46.09999 Y26.10005
G01 X-46.09989 Y26.84165
G01 X-46.10012 Y26.84254
G01 X-46.17416 Y27.65689
G01 X-46.17500 Y27.67500
G01 X-46.17500 Y28.57502
G01 X-46.17451 Y28.58879
G01 X-46.15582 Y28.85955
G01 X-46.14490 Y28.86413
G01 X-46.15582 Y28.85955
G01 X-46.62475 Y29.26253
G01 X-46.62247 Y29.26860
G01 X-46.62475 Y29.26253
G01 X-46.99999 Y29.26250
G01 X-47.03471 Y29.26555
G01 X-47.06839 Y29.27457
G01 X-47.09999 Y29.28930
G01 X-47.12854 Y29.30931
G01 X-47.15320 Y29.33395
G01 X-47.17319 Y29.36250
G01 X-47.18792 Y29.39410
G01 X-47.19694 Y29.42778
G01 X-47.19999 Y29.46250
G01 X-47.19999 Y30.83750
G01 X-47.19615 Y30.87654
G01 X-47.18919 Y30.89940
G01 X-47.18145 Y30.92021
G01 X-47.16862 Y30.94423
G01 X-47.15556 Y30.96166
G01 X-47.14141 Y30.97893
G01 X-47.12399 Y30.99323
G01 X-47.12257 Y30.99427
G01 X-47.10672 Y31.00613
G01 X-47.08310 Y31.01878
G01 X-47.07286 Y31.02252
G01 X-47.05958 Y31.02742
G01 X-47.03900 Y31.03367
G01 X-46.99999 Y31.03750
G01 X-45.84998 Y31.03750
G01 X-45.81096 Y31.03367
G01 X-45.79024 Y31.02739
G01 X-45.76692 Y31.01878
G01 X-45.74312 Y31.00608
G01 X-45.72737 Y30.99427
G01 X-45.72630 Y30.99348
G01 X-45.70858 Y30.97893
G01 X-45.69400 Y30.96118
G01 X-45.68145 Y30.94441
G01 X-45.66867 Y30.92051
G01 X-45.66016 Y30.89737
G01 X-45.65384 Y30.87654
G01 X-45.64998 Y30.83750
G01 X-45.64998 Y30.46354
G01 X-45.65640 Y30.46110
G01 X-45.64998 Y30.46354
G01 X-44.94673 Y29.66214
G01 X-44.94561 Y29.66059
G01 X-44.90500 Y29.62001
G01 X-44.89181 Y29.60545
G01 X-44.82963 Y29.52968
G01 X-44.80787 Y29.49709
G01 X-44.76166 Y29.41063
G01 X-44.75326 Y29.39290
G01 X-44.74665 Y29.37441
G01 X-44.71820 Y29.28064
G01 X-44.71343 Y29.26159
G01 X-44.71056 Y29.24218
G01 X-44.70093 Y29.14462
G01 X-44.69997 Y29.12501
G01 X-44.69997 Y28.82361
G01 X-44.70177 Y28.82321
G01 X-44.69997 Y28.82361
G01 X-44.69075 Y28.80820
G01 X-44.66763 Y28.76497
G01 X-44.65262 Y28.72874
G01 X-44.63840 Y28.68183
G01 X-44.63362 Y28.66281
G01 X-44.63075 Y28.64340
G01 X-44.62595 Y28.59461
G01 X-44.62499 Y28.57502
G01 X-44.62499 Y27.67500
G01 X-44.62580 Y27.65692
G01 X-44.69984 Y26.84257
G01 X-44.69999 Y26.84175
G01 X-44.69997 Y26.38999
G01 X-44.70759 Y26.38684
G01 X-44.69997 Y26.38999
G01 X-43.73502 Y25.42502
G01 X-43.73817 Y25.41742
G01 X-43.73502 Y25.42502
G01 X-41.51493 Y25.42502
G01 X-41.51186 Y25.41755
G01 X-41.51493 Y25.42502
G01 X-40.51996 Y26.42001
G01 X-40.50541 Y26.43319
G01 X-40.42964 Y26.49537
G01 X-40.41387 Y26.50706
G01 X-40.39705 Y26.51714
G01 X-40.31059 Y26.56334
G01 X-40.27437 Y26.57836
G01 X-40.18060 Y26.60680
G01 X-40.14214 Y26.61445
G01 X-40.04458 Y26.62408
G01 X-40.02499 Y26.62504
G01 X-37.40090 Y26.62504
G01 X-37.43618 Y26.63388
G01 X-37.43859 Y26.63454
G01 X-37.49056 Y26.65034
G01 X-37.49284 Y26.65110
G01 X-37.59086 Y26.68618
G01 X-37.59203 Y26.68661
G01 X-37.62284 Y26.69850
G01 X-37.62398 Y26.69895
G01 X-37.68695 Y26.72504
G01 X-40.02499 Y26.72504
G01 X-40.05438 Y26.72359
G01 X-40.15194 Y26.71397
G01 X-40.18105 Y26.70965
G01 X-40.20960 Y26.70251
G01 X-40.30340 Y26.67406
G01 X-40.35773 Y26.65153
G01 X-40.44420 Y26.60533
G01 X-40.46944 Y26.59022
G01 X-40.49309 Y26.57267
G01 X-40.56886 Y26.51049
G01 X-40.59068 Y26.49073
G01 X-41.55636 Y25.52502
G01 X-41.55321 Y25.51742
G01 X-41.55636 Y25.52502
G01 X-43.69359 Y25.52502
G01 X-43.69674 Y25.51742
G01 X-43.69359 Y25.52502
G01 X-44.59997 Y26.43142
G01 X-44.60759 Y26.42827
G01 X-44.59997 Y26.43142
G01 X-44.59999 Y26.83642
G01 X-44.52623 Y27.64785
G01 X-44.52499 Y27.67500
G01 X-44.52499 Y28.57502
G01 X-44.52643 Y28.60441
G01 X-44.53123 Y28.65318
G01 X-44.53555 Y28.68231
G01 X-44.54272 Y28.71086
G01 X-44.55694 Y28.75778
G01 X-44.57944 Y28.81211
G01 X-44.59997 Y28.85054
G01 X-44.60152 Y28.85018
G01 X-44.59997 Y28.85054
G01 X-44.59997 Y29.12501
G01 X-44.60141 Y29.15442
G01 X-44.61104 Y29.25198
G01 X-44.61536 Y29.28109
G01 X-44.62250 Y29.30964
G01 X-44.65094 Y29.40345
G01 X-44.66088 Y29.43118
G01 X-44.67347 Y29.45778
G01 X-44.71968 Y29.54424
G01 X-44.75234 Y29.59313
G01 X-44.78780 Y29.63634
G01 X-44.65635 Y29.69092
G01 X-44.61610 Y29.67670
G01 X-44.60025 Y29.71421
G01 X-44.59763 Y29.72046
G01 X-44.59717 Y29.72153
G01 X-44.57949 Y29.76077
G01 X-44.57899 Y29.76189
G01 X-44.56220 Y29.79684
G01 X-44.55488 Y29.81254
G01 X-44.54099 Y29.84330
G01 X-44.50063 Y29.96433
G01 X-44.48663 Y30.02966
G01 X-44.47601 Y30.11508
G01 X-44.47551 Y30.12961
G01 X-44.47523 Y30.14548
G01 X-44.47523 Y30.82501
G01 X-44.47520 Y30.82625
G01 X-44.47459 Y30.85097
G01 X-44.47457 Y30.85218
G01 X-44.47393 Y30.86471
G01 X-44.47467 Y30.86478
G01 X-44.47393 Y30.86471
G01 X-44.47375 Y30.86722
G01 X-44.47010 Y30.90354
G01 X-44.46994 Y30.90484
G01 X-44.46662 Y30.93108
G01 X-44.46509 Y30.93849
G01 X-44.46050 Y30.95457
G01 X-44.46009 Y30.95592
G01 X-44.44345 Y31.00852
G01 X-44.44269 Y31.01073
G01 X-44.42659 Y31.05434
G01 X-44.42765 Y31.05480
G01 X-44.42659 Y31.05434
G01 X-44.42303 Y31.06194
G01 X-44.39720 Y31.10692
G01 X-44.39590 Y31.10903
G01 X-44.36933 Y31.15041
G01 X-44.36796 Y31.15244
G01 X-44.35897 Y31.16504
G01 X-44.35950 Y31.16547
G01 X-44.35897 Y31.16504
G01 X-44.35531 Y31.16958
G01 X-44.33276 Y31.19448
G01 X-44.33106 Y31.19625
G01 X-44.29621 Y31.23110
G01 X-44.29443 Y31.23280
G01 X-44.26954 Y31.25536
G01 X-44.26994 Y31.25587
G01 X-44.26954 Y31.25536
G01 X-44.26499 Y31.25902
G01 X-44.25239 Y31.26801
G01 X-44.25039 Y31.26938
G01 X-44.20909 Y31.29590
G01 X-44.20698 Y31.29717
G01 X-44.16192 Y31.32308
G01 X-44.16220 Y31.32363
G01 X-44.16192 Y31.32308
G01 X-44.15432 Y31.32663
G01 X-44.11069 Y31.34273
G01 X-44.10850 Y31.34350
G01 X-44.06177 Y31.35833
G01 X-44.06189 Y31.35889
G01 X-44.06177 Y31.35833
G01 X-44.06067 Y31.35866
G01 X-44.03873 Y31.36506
G01 X-44.03101 Y31.36669
G01 X-44.00467 Y31.37001
G01 X-44.00335 Y31.37017
G01 X-43.96718 Y31.37380
G01 X-43.96464 Y31.37398
G01 X-43.95201 Y31.37461
G01 X-43.95077 Y31.37466
G01 X-43.92621 Y31.37525
G01 X-43.92499 Y31.37527
G01 X-41.72499 Y31.37527
G01 X-41.72375 Y31.37525
G01 X-41.69919 Y31.37466
G01 X-41.69794 Y31.37461
G01 X-41.68532 Y31.37398
G01 X-41.68278 Y31.37380
G01 X-41.68268 Y31.37456
G01 X-41.68278 Y31.37380
G01 X-41.64661 Y31.37017
G01 X-41.64529 Y31.37001
G01 X-41.61895 Y31.36669
G01 X-41.61120 Y31.36506
G01 X-41.58928 Y31.35866
G01 X-41.58819 Y31.35833
G01 X-41.54145 Y31.34350
G01 X-41.53927 Y31.34273
G01 X-41.49563 Y31.32663
G01 X-41.49494 Y31.32813
G01 X-41.49563 Y31.32663
G01 X-41.48801 Y31.32308
G01 X-41.44298 Y31.29717
G01 X-41.44087 Y31.29590
G01 X-41.39957 Y31.26938
G01 X-41.39756 Y31.26801
G01 X-41.38491 Y31.25897
G01 X-41.38039 Y31.25533
G01 X-41.37663 Y31.25193
G01 X-41.35654 Y31.23476
G01 X-41.34079 Y31.22203
G01 X-41.33970 Y31.22112
G01 X-41.31841 Y31.20286
G01 X-41.31072 Y31.19872
G01 X-41.26815 Y31.17857
G01 X-41.03937 Y31.08350
G01 X-40.97351 Y31.06153
G01 X-40.90770 Y31.04464
G01 X-40.89507 Y31.04177
G01 X-40.85321 Y31.05711
G01 X-40.84491 Y31.06029
G01 X-40.82944 Y31.06628
G01 X-40.81316 Y31.07291
G01 X-40.80945 Y31.07451
G01 X-40.80754 Y31.07530
G01 X-40.76843 Y31.09021
G01 X-40.76609 Y31.09102
G01 X-40.75885 Y31.09338
G01 X-40.75850 Y31.09348
G01 X-40.71176 Y31.10832
G01 X-40.71067 Y31.10865
G01 X-40.68872 Y31.11507
G01 X-40.68100 Y31.11668
G01 X-40.68120 Y31.11777
G01 X-40.68100 Y31.11668
G01 X-40.65466 Y31.12003
G01 X-40.65337 Y31.12018
G01 X-40.61717 Y31.12381
G01 X-40.61463 Y31.12399
G01 X-40.60201 Y31.12460
G01 X-40.60076 Y31.12465
G01 X-40.57620 Y31.12526
G01 X-40.57496 Y31.12529
G01 X-40.42634 Y31.12526
G01 X-40.35776 Y31.13021
G01 X-40.29352 Y31.13943
G01 X-40.13754 Y31.18625
G01 X-40.07884 Y31.21307
G01 X-40.09403 Y31.33364
G01 X-40.09429 Y31.33608
G01 X-40.09848 Y31.39094
G01 X-40.09860 Y31.39346
G01 X-40.10003 Y31.44822
G01 X-40.10005 Y31.44888
G01 X-40.10020 Y31.46189
G01 X-40.10023 Y31.46252
G01 X-40.10023 Y32.83755
G01 X-40.10018 Y32.83925
G01 X-40.09901 Y32.87367
G01 X-40.09858 Y32.87877
G01 X-40.09655 Y32.89346
G01 X-40.09802 Y32.89371
G01 X-40.09655 Y32.89346
G01 X-40.09507 Y32.90044
G01 X-40.09413 Y32.90372
G01 X-40.09294 Y32.90732
G01 X-40.06762 Y32.97547
G01 X-40.06464 Y32.98200
G01 X-40.06561 Y32.98253
G01 X-40.06464 Y32.98200
G01 X-40.06076 Y32.98802
G01 X-40.01786 Y33.04535
G01 X-40.01318 Y33.05073
G01 X-40.01392 Y33.05147
G01 X-40.01318 Y33.05073
G01 X-40.00780 Y33.05541
G01 X-39.95047 Y33.09833
G01 X-39.94438 Y33.10224
G01 X-39.94488 Y33.10316
G01 X-39.94438 Y33.10224
G01 X-39.93777 Y33.10522
G01 X-39.86637 Y33.13150
G01 X-39.86122 Y33.13308
G01 X-39.86150 Y33.13460
G01 X-39.86122 Y33.13308
G01 X-39.85593 Y33.13410
G01 X-39.84120 Y33.13613
G01 X-39.83610 Y33.13656
G01 X-39.80168 Y33.13775
G01 X-39.79998 Y33.13778
G01 X-38.64997 Y33.13778
G01 X-38.64826 Y33.13775
G01 X-38.64824 Y33.13801
G01 X-38.64826 Y33.13775
G01 X-38.61385 Y33.13656
G01 X-38.60874 Y33.13613
G01 X-38.59401 Y33.13410
G01 X-38.58873 Y33.13308
G01 X-38.58357 Y33.13150
G01 X-38.51217 Y33.10522
G01 X-38.50557 Y33.10224
G01 X-38.50447 Y33.10400
G01 X-38.50381 Y33.10527
G01 X-38.50447 Y33.10400
G01 X-38.50557 Y33.10224
G01 X-38.49947 Y33.09833
G01 X-38.44214 Y33.05541
G01 X-38.43676 Y33.05073
G01 X-38.43208 Y33.04535
G01 X-38.43140 Y33.04601
G01 X-38.43208 Y33.04535
G01 X-38.38918 Y32.98802
G01 X-38.38527 Y32.98192
G01 X-38.38441 Y32.98238
G01 X-38.38527 Y32.98192
G01 X-38.38228 Y32.97532
G01 X-38.35601 Y32.90392
G01 X-38.35469 Y32.90417
G01 X-38.35601 Y32.90392
G01 X-38.35444 Y32.89876
G01 X-38.35340 Y32.89348
G01 X-38.35136 Y32.87872
G01 X-38.35093 Y32.87362
G01 X-38.34976 Y32.83925
G01 X-38.34971 Y32.83755
G01 X-38.34971 Y32.63252
G01 X-38.34479 Y32.56422
G01 X-38.33650 Y32.50666
G01 X-38.29241 Y32.44116
G01 X-38.28217 Y32.42853
G01 X-38.27082 Y32.41515
G01 X-37.84621 Y31.93128
G01 X-37.79696 Y31.88269
G01 X-37.74682 Y31.83976
G01 X-37.64667 Y31.77202
G01 X-37.61205 Y31.75648
G01 X-37.60049 Y31.75175
G01 X-37.59935 Y31.75127
G01 X-37.56706 Y31.73707
G01 X-37.56597 Y31.73656
G01 X-37.54809 Y31.72818
G01 X-37.50519 Y31.73252
G01 X-37.45055 Y31.74893
G01 X-37.40001 Y31.77540
G01 X-37.36008 Y31.80143
G01 X-37.35474 Y31.81289
G01 X-37.36008 Y31.80143
G01 X-37.40001 Y31.77540
G01 X-37.45055 Y31.74893
G01 X-37.50519 Y31.73252
G01 X-37.54809 Y31.72818
G01 X-37.54156 Y31.72511
G01 X-37.46757 Y31.69488
G01 X-37.41611 Y31.67669
G01 X-37.39764 Y31.72048
G01 X-37.39716 Y31.72158
G01 X-37.37943 Y31.76097
G01 X-37.37890 Y31.76209
G01 X-37.36193 Y31.79742
G01 X-37.35474 Y31.81289
G01 X-37.34100 Y31.84322
G01 X-37.30057 Y31.96455
G01 X-37.28667 Y32.02937
G01 X-37.27598 Y32.11563
G01 X-37.27550 Y32.12988
G01 X-37.27522 Y32.14548
G01 X-37.27524 Y32.82500
G01 X-37.27522 Y32.82625
G01 X-37.27461 Y32.85081
G01 X-37.27456 Y32.85203
G01 X-37.27395 Y32.86468
G01 X-37.27468 Y32.86475
G01 X-37.27395 Y32.86468
G01 X-37.27377 Y32.86722
G01 X-37.27011 Y32.90341
G01 X-37.26998 Y32.90473
G01 X-37.26663 Y32.93105
G01 X-37.26503 Y32.93877
G01 X-37.25858 Y32.96077
G01 X-37.25825 Y32.96186
G01 X-37.24344 Y33.00857
G01 X-37.24268 Y33.01075
G01 X-37.22658 Y33.05439
G01 X-37.22767 Y33.05482
G01 X-37.22658 Y33.05439
G01 X-37.22302 Y33.06198
G01 X-37.19716 Y33.10699
G01 X-37.19587 Y33.10910
G01 X-37.16927 Y33.15050
G01 X-37.16790 Y33.15254
G01 X-37.15899 Y33.16503
G01 X-37.15952 Y33.16546
G01 X-37.15899 Y33.16503
G01 X-37.15533 Y33.16958
G01 X-37.13267 Y33.19455
G01 X-37.13100 Y33.19633
G01 X-37.09627 Y33.23105
G01 X-37.09450 Y33.23272
G01 X-37.06953 Y33.25538
G01 X-37.06993 Y33.25589
G01 X-37.06953 Y33.25538
G01 X-37.06498 Y33.25904
G01 X-37.05248 Y33.26795
G01 X-37.05045 Y33.26933
G01 X-37.00905 Y33.29592
G01 X-37.00694 Y33.29721
G01 X-36.96193 Y33.32307
G01 X-36.96221 Y33.32366
G01 X-36.96193 Y33.32307
G01 X-36.95434 Y33.32663
G01 X-36.91070 Y33.34273
G01 X-36.90852 Y33.34349
G01 X-36.86181 Y33.35830
G01 X-36.86193 Y33.35886
G01 X-36.86181 Y33.35830
G01 X-36.86071 Y33.35863
G01 X-36.83872 Y33.36508
G01 X-36.83100 Y33.36668
G01 X-36.80468 Y33.37004
G01 X-36.80336 Y33.37016
G01 X-36.76714 Y33.37382
G01 X-36.76460 Y33.37400
G01 X-36.75198 Y33.37461
G01 X-36.75076 Y33.37466
G01 X-36.72620 Y33.37527
G01 X-36.72498 Y33.37529
G01 X-34.52498 Y33.37529
G01 X-34.52374 Y33.37527
G01 X-34.49917 Y33.37466
G01 X-34.49793 Y33.37461
G01 X-34.48533 Y33.37400
G01 X-34.48279 Y33.37382
G01 X-34.48269 Y33.37456
G01 X-34.48279 Y33.37382
G01 X-34.44657 Y33.37016
G01 X-34.44528 Y33.37004
G01 X-34.41899 Y33.36668
G01 X-34.41126 Y33.36508
G01 X-34.38924 Y33.35863
G01 X-34.38815 Y33.35830
G01 X-34.34144 Y33.34349
G01 X-34.33926 Y33.34273
G01 X-34.29562 Y33.32663
G01 X-34.29506 Y33.32790
G01 X-34.29562 Y33.32663
G01 X-34.28800 Y33.32307
G01 X-34.24302 Y33.29721
G01 X-34.24091 Y33.29592
G01 X-34.19950 Y33.26933
G01 X-34.19747 Y33.26795
G01 X-34.18498 Y33.25904
G01 X-34.18045 Y33.25538
G01 X-34.17682 Y33.25210
G01 X-34.15650 Y33.23470
G01 X-34.14075 Y33.22198
G01 X-34.13966 Y33.22107
G01 X-34.11838 Y33.20283
G01 X-34.11096 Y33.19887
G01 X-34.06847 Y33.17870
G01 X-33.83936 Y33.08350
G01 X-33.77367 Y33.06158
G01 X-33.70756 Y33.04461
G01 X-33.69511 Y33.04177
G01 X-33.65262 Y33.05736
G01 X-33.64457 Y33.06041
G01 X-33.62920 Y33.06638
G01 X-33.61279 Y33.07308
G01 X-33.60926 Y33.07458
G01 X-33.60735 Y33.07537
G01 X-33.56847 Y33.09018
G01 X-33.56616 Y33.09099
G01 X-33.55889 Y33.09338
G01 X-33.55851 Y33.09348
G01 X-33.51180 Y33.10831
G01 X-33.51071 Y33.10864
G01 X-33.48874 Y33.11507
G01 X-33.48099 Y33.11667
G01 X-33.48119 Y33.11776
G01 X-33.48099 Y33.11667
G01 X-33.45468 Y33.12002
G01 X-33.45338 Y33.12018
G01 X-33.41719 Y33.12381
G01 X-33.41464 Y33.12399
G01 X-33.40202 Y33.12460
G01 X-33.40078 Y33.12465
G01 X-33.37621 Y33.12526
G01 X-33.37500 Y33.12528
G01 X-33.22633 Y33.12526
G01 X-33.15800 Y33.13016
G01 X-33.09336 Y33.13945
G01 X-32.93746 Y33.18629
G01 X-32.87883 Y33.21306
G01 X-32.89405 Y33.33364
G01 X-32.89430 Y33.33608
G01 X-32.89849 Y33.39094
G01 X-32.89862 Y33.39345
G01 X-32.90004 Y33.44822
G01 X-32.90007 Y33.44888
G01 X-32.90022 Y33.46188
G01 X-32.90024 Y33.46254
G01 X-32.90022 Y34.83755
G01 X-32.90019 Y34.83925
G01 X-32.89900 Y34.87367
G01 X-32.89857 Y34.87877
G01 X-32.89654 Y34.89345
G01 X-32.89801 Y34.89371
G01 X-32.89654 Y34.89345
G01 X-32.89506 Y34.90044
G01 X-32.89412 Y34.90371
G01 X-32.89293 Y34.90732
G01 X-32.86761 Y34.97549
G01 X-32.86463 Y34.98200
G01 X-32.86562 Y34.98253
G01 X-32.86463 Y34.98200
G01 X-32.86077 Y34.98804
G01 X-32.81785 Y35.04534
G01 X-32.81317 Y35.05073
G01 X-32.81391 Y35.05147
G01 X-32.81317 Y35.05073
G01 X-32.80779 Y35.05540
G01 X-32.75046 Y35.09833
G01 X-32.74436 Y35.10224
G01 X-32.74487 Y35.10315
G01 X-32.74436 Y35.10224
G01 X-32.73776 Y35.10521
G01 X-32.66634 Y35.13150
G01 X-32.66120 Y35.13308
G01 X-32.66148 Y35.13462
G01 X-32.66120 Y35.13308
G01 X-32.65592 Y35.13409
G01 X-32.64119 Y35.13612
G01 X-32.63608 Y35.13656
G01 X-32.60169 Y35.13775
G01 X-32.59999 Y35.13777
G01 X-31.44998 Y35.13777
G01 X-31.44825 Y35.13775
G01 X-31.44823 Y35.13800
G01 X-31.44825 Y35.13775
G01 X-31.41384 Y35.13656
G01 X-31.40873 Y35.13612
G01 X-31.39402 Y35.13409
G01 X-31.38874 Y35.13308
G01 X-31.38358 Y35.13150
G01 X-31.31216 Y35.10521
G01 X-31.30556 Y35.10224
G01 X-31.30446 Y35.10397
G01 X-31.30380 Y35.10526
G01 X-31.30446 Y35.10397
G01 X-31.30556 Y35.10224
G01 X-31.29946 Y35.09833
G01 X-31.24216 Y35.05543
G01 X-31.23677 Y35.05075
G01 X-31.23210 Y35.04537
G01 X-31.23141 Y35.04603
G01 X-31.23210 Y35.04537
G01 X-31.18917 Y34.98804
G01 X-31.18526 Y34.98192
G01 X-31.18442 Y34.98238
G01 X-31.18526 Y34.98192
G01 X-31.18229 Y34.97532
G01 X-31.15600 Y34.90389
G01 X-31.15471 Y34.90417
G01 X-31.15600 Y34.90389
G01 X-31.15443 Y34.89876
G01 X-31.15341 Y34.89348
G01 X-31.15138 Y34.87875
G01 X-31.15095 Y34.87364
G01 X-31.14975 Y34.83925
G01 X-31.14973 Y34.83752
G01 X-31.14973 Y34.63252
G01 X-31.14480 Y34.56422
G01 X-31.13652 Y34.50669
G01 X-31.09227 Y34.44098
G01 X-31.08229 Y34.42871
G01 X-31.07081 Y34.41512
G01 X-30.64622 Y33.93127
G01 X-30.59695 Y33.88266
G01 X-30.54671 Y33.83968
G01 X-30.44655 Y33.77194
G01 X-30.41176 Y33.75637
G01 X-30.40050 Y33.75175
G01 X-30.39936 Y33.75126
G01 X-30.36708 Y33.73707
G01 X-30.36598 Y33.73656
G01 X-30.34805 Y33.72815
G01 X-30.30518 Y33.73252
G01 X-30.25054 Y33.74893
G01 X-30.20000 Y33.77539
G01 X-30.16007 Y33.80143
G01 X-30.15471 Y33.81291
G01 X-30.16007 Y33.80143
G01 X-30.20000 Y33.77539
G01 X-30.25054 Y33.74893
G01 X-30.30518 Y33.73252
G01 X-30.34805 Y33.72815
G01 X-30.34158 Y33.72510
G01 X-30.26743 Y33.69483
G01 X-30.21610 Y33.67669
G01 X-30.19763 Y33.72048
G01 X-30.19715 Y33.72157
G01 X-30.17942 Y33.76097
G01 X-30.17889 Y33.76208
G01 X-30.16217 Y33.79691
G01 X-30.15471 Y33.81291
G01 X-30.14097 Y33.84326
G01 X-30.10055 Y33.96455
G01 X-30.08664 Y34.02965
G01 X-30.07599 Y34.11527
G01 X-30.07551 Y34.12957
G01 X-30.07521 Y34.14636
G01 X-30.07523 Y34.82502
G01 X-30.07521 Y34.82627
G01 X-30.07460 Y34.85083
G01 X-30.07454 Y34.85208
G01 X-30.07498 Y34.85210
G01 X-30.07454 Y34.85208
G01 X-30.07394 Y34.86470
G01 X-30.07376 Y34.86724
G01 X-30.07013 Y34.90343
G01 X-30.06997 Y34.90473
G01 X-30.06662 Y34.93104
G01 X-30.06502 Y34.93877
G01 X-30.05859 Y34.96079
G01 X-30.05826 Y34.96185
G01 X-30.04343 Y35.00856
G01 X-30.04401 Y35.00874
G01 X-30.04343 Y35.00856
G01 X-30.04267 Y35.01077
G01 X-30.02659 Y35.05439
G01 X-30.02303 Y35.06196
G01 X-29.99723 Y35.10686
G01 X-29.99766 Y35.10712
G01 X-29.99723 Y35.10686
G01 X-29.99596 Y35.10900
G01 X-29.96929 Y35.15050
G01 X-29.96792 Y35.15253
G01 X-29.95895 Y35.16508
G01 X-29.95532 Y35.16960
G01 X-29.93269 Y35.19454
G01 X-29.93101 Y35.19632
G01 X-29.93137 Y35.19665
G01 X-29.93101 Y35.19632
G01 X-29.89621 Y35.23109
G01 X-29.89443 Y35.23280
G01 X-29.86952 Y35.25538
G01 X-29.86500 Y35.25901
G01 X-29.85240 Y35.26800
G01 X-29.85039 Y35.26937
G01 X-29.85085 Y35.27006
G01 X-29.85039 Y35.26937
G01 X-29.80904 Y35.29594
G01 X-29.80693 Y35.29721
G01 X-29.76192 Y35.32307
G01 X-29.75433 Y35.32662
G01 X-29.71069 Y35.34273
G01 X-29.70851 Y35.34349
G01 X-29.70868 Y35.34405
G01 X-29.70851 Y35.34349
G01 X-29.66180 Y35.35830
G01 X-29.66070 Y35.35863
G01 X-29.63871 Y35.36508
G01 X-29.63098 Y35.36668
G01 X-29.60467 Y35.37003
G01 X-29.60338 Y35.37016
G01 X-29.56715 Y35.37382
G01 X-29.56461 Y35.37399
G01 X-29.55202 Y35.37460
G01 X-29.55077 Y35.37465
G01 X-29.52621 Y35.37526
G01 X-29.52624 Y35.37552
G01 X-29.52621 Y35.37526
G01 X-29.52499 Y35.37529
G01 X-27.32499 Y35.37529
G01 X-27.32375 Y35.37526
G01 X-27.29919 Y35.37465
G01 X-27.29794 Y35.37460
G01 X-27.28532 Y35.37399
G01 X-27.28278 Y35.37379
G01 X-27.28268 Y35.37455
G01 X-27.28278 Y35.37379
G01 X-27.24659 Y35.37016
G01 X-27.24529 Y35.37003
G01 X-27.21895 Y35.36668
G01 X-27.21123 Y35.36508
G01 X-27.18928 Y35.35865
G01 X-27.18819 Y35.35832
G01 X-27.14145 Y35.34349
G01 X-27.13927 Y35.34275
G01 X-27.09561 Y35.32662
G01 X-27.09495 Y35.32812
G01 X-27.09561 Y35.32662
G01 X-27.08801 Y35.32307
G01 X-27.04300 Y35.29721
G01 X-27.04090 Y35.29591
G01 X-26.99949 Y35.26932
G01 X-26.99746 Y35.26795
G01 X-26.98497 Y35.25903
G01 X-26.98042 Y35.25538
G01 X-26.97671 Y35.25200
G01 X-26.95692 Y35.23506
G01 X-26.94074 Y35.22198
G01 X-26.93965 Y35.22106
G01 X-26.91837 Y35.20282
G01 X-26.91095 Y35.19886
G01 X-26.86795 Y35.17849
G01 X-26.63945 Y35.08355
G01 X-26.57351 Y35.06152
G01 X-26.50770 Y35.04466
G01 X-26.49510 Y35.04176
G01 X-26.45268 Y35.05736
G01 X-26.44529 Y35.06015
G01 X-26.42901 Y35.06645
G01 X-26.41296 Y35.07303
G01 X-26.40935 Y35.07455
G01 X-26.40742 Y35.07534
G01 X-26.36848 Y35.09017
G01 X-26.36617 Y35.09099
G01 X-26.35886 Y35.09338
G01 X-26.35850 Y35.09348
G01 X-26.31176 Y35.10831
G01 X-26.31067 Y35.10864
G01 X-26.28873 Y35.11507
G01 X-26.28893 Y35.11603
G01 X-26.28873 Y35.11507
G01 X-26.28100 Y35.11667
G01 X-26.25479 Y35.11999
G01 X-26.25350 Y35.12015
G01 X-26.21717 Y35.12380
G01 X-26.21466 Y35.12398
G01 X-26.20214 Y35.12462
G01 X-26.20092 Y35.12464
G01 X-26.17620 Y35.12525
G01 X-26.17496 Y35.12528
G01 X-26.02634 Y35.12528
G01 X-25.95776 Y35.13021
G01 X-25.89353 Y35.13945
G01 X-25.73757 Y35.18626
G01 X-25.67882 Y35.21309
G01 X-25.69404 Y35.33363
G01 X-25.69429 Y35.33607
G01 X-25.69848 Y35.39094
G01 X-25.69861 Y35.39345
G01 X-25.70003 Y35.44821
G01 X-25.70006 Y35.44887
G01 X-25.70021 Y35.46188
G01 X-25.70023 Y35.46251
G01 X-25.70023 Y36.83754
G01 X-25.70018 Y36.83924
G01 X-25.69901 Y36.87366
G01 X-25.69858 Y36.87877
G01 X-25.69978 Y36.87894
G01 X-25.69858 Y36.87877
G01 X-25.69655 Y36.89345
G01 X-25.69434 Y36.90272
G01 X-25.67778 Y36.95149
G01 X-25.67641 Y36.95504
G01 X-25.66671 Y36.97772
G01 X-25.66787 Y36.97833
G01 X-25.66671 Y36.97772
G01 X-25.66404 Y36.98306
G01 X-25.66076 Y36.98804
G01 X-25.61786 Y37.04537
G01 X-25.61319 Y37.05075
G01 X-25.61397 Y37.05151
G01 X-25.61319 Y37.05075
G01 X-25.60780 Y37.05542
G01 X-25.55050 Y37.09830
G01 X-25.54440 Y37.10221
G01 X-25.54489 Y37.10312
G01 X-25.54440 Y37.10221
G01 X-25.53780 Y37.10521
G01 X-25.46630 Y37.13150
G01 X-25.46117 Y37.13310
G01 X-25.46145 Y37.13462
G01 X-25.46117 Y37.13310
G01 X-25.45589 Y37.13411
G01 X-25.44115 Y37.13614
G01 X-25.43605 Y37.13658
G01 X-25.40168 Y37.13775
G01 X-25.39998 Y37.13780
G01 X-24.24997 Y37.13780
G01 X-24.24827 Y37.13775
G01 X-24.21390 Y37.13658
G01 X-24.21372 Y37.13777
G01 X-24.21390 Y37.13658
G01 X-24.20880 Y37.13614
G01 X-24.19406 Y37.13411
G01 X-24.18878 Y37.13310
G01 X-24.18365 Y37.13150
G01 X-24.11217 Y37.10521
G01 X-24.10557 Y37.10224
G01 X-24.10494 Y37.10346
G01 X-24.10557 Y37.10224
G01 X-24.09947 Y37.09832
G01 X-24.04215 Y37.05540
G01 X-24.04149 Y37.05608
G01 X-24.04215 Y37.05540
G01 X-24.03676 Y37.05072
G01 X-24.03209 Y37.04534
G01 X-23.98919 Y36.98801
G01 X-23.98528 Y36.98192
G01 X-23.98418 Y36.98250
G01 X-23.98528 Y36.98192
G01 X-23.98228 Y36.97531
G01 X-23.95602 Y36.90389
G01 X-23.95441 Y36.89876
G01 X-23.95340 Y36.89345
G01 X-23.95228 Y36.89368
G01 X-23.95340 Y36.89345
G01 X-23.95137 Y36.87874
G01 X-23.95094 Y36.87364
G01 X-23.94977 Y36.83924
G01 X-23.94972 Y36.83754
G01 X-23.94972 Y36.63256
G01 X-23.94479 Y36.56426
G01 X-23.93653 Y36.50668
G01 X-23.89203 Y36.44069
G01 X-23.88246 Y36.42891
G01 X-23.87095 Y36.41529
G01 X-23.27260 Y35.73346
G01 X-23.27197 Y35.73272
G01 X-23.26808 Y35.72810
G01 X-23.25066 Y35.70879
G01 X-23.24189 Y35.69932
G01 X-23.21954 Y35.67577
G01 X-23.21911 Y35.67529
G01 X-23.18243 Y35.63564
G01 X-23.17928 Y35.63186
G01 X-23.16447 Y35.61232
G01 X-23.16333 Y35.61072
G01 X-23.14083 Y35.57841
G01 X-23.13971 Y35.57679
G01 X-23.13928 Y35.57707
G01 X-23.13971 Y35.57679
G01 X-23.09470 Y35.50640
G01 X-23.09165 Y35.50092
G01 X-23.08398 Y35.48474
G01 X-23.08327 Y35.48316
G01 X-23.07669 Y35.46800
G01 X-23.07636 Y35.46724
G01 X-23.04634 Y35.39477
G01 X-23.04570 Y35.39317
G01 X-23.03361 Y35.36086
G01 X-23.03295 Y35.36112
G01 X-23.03361 Y35.36086
G01 X-23.03161 Y35.35406
G01 X-23.01368 Y35.27247
G01 X-23.01329 Y35.27051
G01 X-23.00639 Y35.23183
G01 X-23.00608 Y35.22990
G01 X-23.00156 Y35.19734
G01 X-22.99396 Y35.15578
G01 X-22.98749 Y35.12784
G01 X-22.97090 Y35.06025
G01 X-22.95526 Y35.01055
G01 X-22.88967 Y34.98271
G01 X-22.82602 Y34.96163
G01 X-22.74451 Y34.94209
G01 X-22.73311 Y34.94037
G01 X-22.71980 Y34.93856
G01 X-22.62991 Y34.92759
G01 X-22.62406 Y34.92716
G01 X-22.60628 Y34.92619
G01 X-22.58985 Y34.92561
G01 X-22.57265 Y34.92528
G01 X-21.09262 Y34.92528
G01 X-21.02409 Y34.93021
G01 X-20.96207 Y34.93915
G01 X-20.89699 Y34.98746
G01 X-20.87964 Y35.00305
G01 X-20.86092 Y35.02081
G01 X-20.70492 Y35.17681
G01 X-20.68831 Y35.19426
G01 X-20.67213 Y35.21217
G01 X-20.66631 Y35.21877
G01 X-20.66082 Y35.22685
G01 X-19.82752 Y36.49220
G01 X-19.79367 Y36.55268
G01 X-19.78539 Y36.57031
G01 X-19.78051 Y36.60290
G01 X-19.77525 Y36.66934
G01 X-19.77523 Y36.97501
G01 X-19.77520 Y36.97673
G01 X-19.77401 Y37.01115
G01 X-19.77357 Y37.01626
G01 X-19.77154 Y37.03099
G01 X-19.77053 Y37.03627
G01 X-19.77203 Y37.03658
G01 X-19.77053 Y37.03627
G01 X-19.76895 Y37.04143
G01 X-19.74266 Y37.11283
G01 X-19.73969 Y37.11943
G01 X-19.73578 Y37.12553
G01 X-19.73662 Y37.12601
G01 X-19.73578 Y37.12553
G01 X-19.69285 Y37.18286
G01 X-19.68818 Y37.18824
G01 X-19.68887 Y37.18895
G01 X-19.68818 Y37.18824
G01 X-19.68280 Y37.19291
G01 X-19.62547 Y37.23581
G01 X-19.61937 Y37.23973
G01 X-19.62024 Y37.24155
G01 X-19.62112 Y37.24277
G01 X-19.62024 Y37.24155
G01 X-19.61937 Y37.23973
G01 X-19.61277 Y37.24272
G01 X-19.54134 Y37.26899
G01 X-19.53621 Y37.27059
G01 X-19.53090 Y37.27160
G01 X-19.51620 Y37.27363
G01 X-19.51109 Y37.27407
G01 X-19.47670 Y37.27524
G01 X-19.47673 Y37.27551
G01 X-19.47670 Y37.27524
G01 X-19.47500 Y37.27529
G01 X-17.77498 Y37.27529
G01 X-17.77325 Y37.27524
G01 X-17.77322 Y37.27551
G01 X-17.77325 Y37.27524
G01 X-17.73886 Y37.27407
G01 X-17.73375 Y37.27363
G01 X-17.71905 Y37.27160
G01 X-17.71376 Y37.27059
G01 X-17.70861 Y37.26899
G01 X-17.63718 Y37.24272
G01 X-17.63652 Y37.24407
G01 X-17.63718 Y37.24272
G01 X-17.63058 Y37.23973
G01 X-17.62448 Y37.23581
G01 X-17.56715 Y37.19291
G01 X-17.56174 Y37.18824
G01 X-17.56083 Y37.18915
G01 X-17.56174 Y37.18824
G01 X-17.55707 Y37.18283
G01 X-17.51417 Y37.12553
G01 X-17.51026 Y37.11943
G01 X-17.50729 Y37.11283
G01 X-17.50589 Y37.11346
G01 X-17.50729 Y37.11283
G01 X-17.48100 Y37.04143
G01 X-17.47942 Y37.03627
G01 X-17.47841 Y37.03099
G01 X-17.47637 Y37.01626
G01 X-17.47594 Y37.01115
G01 X-17.47475 Y36.97673
G01 X-17.47449 Y36.97676
G01 X-17.47475 Y36.97673
G01 X-17.47472 Y36.97503
G01 X-17.47472 Y35.27504
G01 X-17.47475 Y35.27331
G01 X-17.47449 Y35.27328
G01 X-17.47475 Y35.27331
G01 X-17.47594 Y35.23889
G01 X-17.47637 Y35.23379
G01 X-17.47841 Y35.21908
G01 X-17.47942 Y35.21377
G01 X-17.48100 Y35.20864
G01 X-17.50726 Y35.13724
G01 X-17.51026 Y35.13064
G01 X-17.50843 Y35.12977
G01 X-17.50723 Y35.12888
G01 X-17.50843 Y35.12977
G01 X-17.51026 Y35.13064
G01 X-17.51417 Y35.12454
G01 X-17.55709 Y35.06721
G01 X-17.56177 Y35.06183
G01 X-17.56106 Y35.06112
G01 X-17.56177 Y35.06183
G01 X-17.56715 Y35.05715
G01 X-17.62446 Y35.01423
G01 X-17.62397 Y35.01339
G01 X-17.62446 Y35.01423
G01 X-17.62915 Y35.01110
G01 X-17.63418 Y35.00854
G01 X-17.64503 Y35.00374
G01 X-17.64856 Y35.00234
G01 X-17.70922 Y34.98085
G01 X-17.71409 Y34.97941
G01 X-17.71379 Y34.97788
G01 X-17.71409 Y34.97941
G01 X-17.71907 Y34.97844
G01 X-17.73380 Y34.97641
G01 X-17.73891 Y34.97598
G01 X-17.77325 Y34.97481
G01 X-17.77498 Y34.97476
G01 X-18.07505 Y34.97476
G01 X-18.14335 Y34.96983
G01 X-18.18000 Y34.96457
G01 X-18.19392 Y34.95812
G01 X-18.25280 Y34.92571
G01 X-18.25661 Y34.92327
G01 X-19.24332 Y34.27346
G01 X-19.29834 Y34.23130
G01 X-19.34711 Y34.18809
G01 X-19.45260 Y34.06206
G01 X-19.46801 Y34.03745
G01 X-19.48313 Y34.00684
G01 X-19.48592 Y33.99828
G01 X-19.48722 Y33.96287
G01 X-19.47845 Y33.90651
G01 X-19.45920 Y33.85279
G01 X-19.42946 Y33.78957
G01 X-19.41660 Y33.76790
G01 X-19.42946 Y33.78957
G01 X-19.45920 Y33.85279
G01 X-19.47845 Y33.90651
G01 X-19.48722 Y33.96287
G01 X-19.48592 Y33.99828
G01 X-19.52366 Y33.88319
G01 X-19.54066 Y33.83150
G01 X-19.49895 Y33.80953
G01 X-19.47952 Y33.79932
G01 X-19.47756 Y33.79823
G01 X-19.45242 Y33.78352
G01 X-19.41660 Y33.76790
G01 X-19.29707 Y33.71576
G01 X-19.23273 Y33.69724
G01 X-19.12725 Y33.67847
G01 X-19.09674 Y33.67639
G01 X-19.06466 Y33.67529
G01 X-17.77498 Y33.67529
G01 X-17.77325 Y33.67524
G01 X-17.73891 Y33.67407
G01 X-17.73380 Y33.67364
G01 X-17.71907 Y33.67161
G01 X-17.71882 Y33.67308
G01 X-17.71907 Y33.67161
G01 X-17.71379 Y33.67059
G01 X-17.70866 Y33.66899
G01 X-17.63716 Y33.64270
G01 X-17.63055 Y33.63973
G01 X-17.63002 Y33.64070
G01 X-17.63055 Y33.63973
G01 X-17.62446 Y33.63582
G01 X-17.56715 Y33.59292
G01 X-17.56177 Y33.58825
G01 X-17.56103 Y33.58898
G01 X-17.56177 Y33.58825
G01 X-17.55709 Y33.58286
G01 X-17.51417 Y33.52553
G01 X-17.51026 Y33.51944
G01 X-17.50934 Y33.51992
G01 X-17.51026 Y33.51944
G01 X-17.50729 Y33.51283
G01 X-17.48100 Y33.44141
G01 X-17.47942 Y33.43628
G01 X-17.47787 Y33.43656
G01 X-17.47942 Y33.43628
G01 X-17.47841 Y33.43097
G01 X-17.47637 Y33.41624
G01 X-17.47594 Y33.41113
G01 X-17.47475 Y33.37674
G01 X-17.47472 Y33.37501
G01 X-17.47472 Y31.67502
G01 X-17.47467 Y31.67332
G01 X-17.47594 Y31.63890
G01 X-17.47637 Y31.63379
G01 X-17.47841 Y31.61906
G01 X-17.47942 Y31.61378
G01 X-17.47835 Y31.61355
G01 X-17.47942 Y31.61378
G01 X-17.48100 Y31.60862
G01 X-17.50729 Y31.53722
G01 X-17.51026 Y31.53062
G01 X-17.51417 Y31.52452
G01 X-17.51333 Y31.52404
G01 X-17.51417 Y31.52452
G01 X-17.55707 Y31.46722
G01 X-17.56174 Y31.46181
G01 X-17.56108 Y31.46115
G01 X-17.56174 Y31.46181
G01 X-17.56715 Y31.45714
G01 X-17.62451 Y31.41421
G01 X-17.62402 Y31.41337
G01 X-17.62451 Y31.41421
G01 X-17.62921 Y31.41109
G01 X-17.63423 Y31.40852
G01 X-17.64508 Y31.40372
G01 X-17.64861 Y31.40232
G01 X-17.70916 Y31.38086
G01 X-17.71404 Y31.37941
G01 X-17.71374 Y31.37789
G01 X-17.71404 Y31.37941
G01 X-17.71905 Y31.37845
G01 X-17.73375 Y31.37642
G01 X-17.73886 Y31.37598
G01 X-17.77325 Y31.37482
G01 X-17.77498 Y31.37476
G01 X-18.07477 Y31.37476
G01 X-18.14335 Y31.36984
G01 X-18.18000 Y31.36458
G01 X-18.19375 Y31.35820
G01 X-18.25587 Y31.32371
G01 X-19.24348 Y30.67337
G01 X-19.29847 Y30.63118
G01 X-19.34713 Y30.58808
G01 X-19.45265 Y30.46196
G01 X-19.46796 Y30.43753
G01 X-19.48313 Y30.40680
G01 X-19.48592 Y30.39824
G01 X-19.48722 Y30.36290
G01 X-19.47848 Y30.30654
G01 X-19.45922 Y30.25285
G01 X-19.42948 Y30.18960
G01 X-19.41660 Y30.16791
G01 X-19.42948 Y30.18960
G01 X-19.45922 Y30.25285
G01 X-19.47848 Y30.30654
G01 X-19.48722 Y30.36290
G01 X-19.48592 Y30.39824
G01 X-19.54063 Y30.23151
G01 X-19.47954 Y30.19933
G01 X-19.47761 Y30.19826
G01 X-19.45221 Y30.18343
G01 X-19.41660 Y30.16791
G01 X-19.29699 Y30.11574
G01 X-19.23286 Y30.09730
G01 X-19.12760 Y30.07850
G01 X-19.09745 Y30.07642
G01 X-19.06408 Y30.07528
G01 X-17.77498 Y30.07528
G01 X-17.77325 Y30.07525
G01 X-17.73886 Y30.07406
G01 X-17.73375 Y30.07362
G01 X-17.71902 Y30.07159
G01 X-17.71877 Y30.07307
G01 X-17.71902 Y30.07159
G01 X-17.71374 Y30.07058
G01 X-17.70861 Y30.06900
G01 X-17.63718 Y30.04271
G01 X-17.63058 Y30.03974
G01 X-17.63004 Y30.04071
G01 X-17.63058 Y30.03974
G01 X-17.62448 Y30.03583
G01 X-17.56715 Y29.99290
G01 X-17.56177 Y29.98823
G01 X-17.56103 Y29.98897
G01 X-17.56177 Y29.98823
G01 X-17.55709 Y29.98284
G01 X-17.51417 Y29.92552
G01 X-17.51026 Y29.91942
G01 X-17.50937 Y29.91990
G01 X-17.51026 Y29.91942
G01 X-17.50729 Y29.91282
G01 X-17.48100 Y29.84139
G01 X-17.47942 Y29.84170
G01 X-17.48100 Y29.84139
G01 X-17.47942 Y29.83626
G01 X-17.47841 Y29.83098
G01 X-17.47637 Y29.81625
G01 X-17.47594 Y29.81114
G01 X-17.47475 Y29.77675
G01 X-17.47472 Y29.77505
G01 X-17.47465 Y28.07502
G01 X-17.47475 Y28.07332
G01 X-17.47594 Y28.03891
G01 X-17.47637 Y28.03380
G01 X-17.47841 Y28.01907
G01 X-17.47942 Y28.01379
G01 X-17.47846 Y28.01358
G01 X-17.47942 Y28.01379
G01 X-17.48100 Y28.00863
G01 X-17.50729 Y27.93723
G01 X-17.51026 Y27.93063
G01 X-17.50934 Y27.93012
G01 X-17.51026 Y27.93063
G01 X-17.51417 Y27.92453
G01 X-17.55709 Y27.86720
G01 X-17.56177 Y27.86182
G01 X-17.56106 Y27.86111
G01 X-17.56177 Y27.86182
G01 X-17.56715 Y27.85714
G01 X-17.62448 Y27.81424
G01 X-17.62400 Y27.81338
G01 X-17.62448 Y27.81424
G01 X-17.63058 Y27.81033
G01 X-17.63718 Y27.80733
G01 X-17.70861 Y27.78107
G01 X-17.71374 Y27.77947
G01 X-17.71346 Y27.77797
G01 X-17.71374 Y27.77947
G01 X-17.71905 Y27.77845
G01 X-17.73375 Y27.77642
G01 X-17.73886 Y27.77599
G01 X-17.77322 Y27.77482
G01 X-17.77495 Y27.77477
G01 X-18.07505 Y27.77477
G01 X-18.14335 Y27.76984
G01 X-18.17998 Y27.76459
G01 X-18.19395 Y27.75811
G01 X-18.25587 Y27.72372
G01 X-18.98557 Y27.24320
G01 X-19.04076 Y27.20088
G01 X-19.08945 Y27.15773
G01 X-19.19494 Y27.03167
G01 X-19.22778 Y26.97924
G01 X-19.22948 Y26.93261
G01 X-19.22074 Y26.87627
G01 X-19.20149 Y26.82260
G01 X-19.19529 Y26.80937
G01 X-19.20149 Y26.82260
G01 X-19.22074 Y26.87627
G01 X-19.22948 Y26.93261
G01 X-19.22778 Y26.97924
G01 X-19.23258 Y26.97162
G01 X-19.28389 Y26.86959
G01 X-19.23558 Y26.83502
G01 X-19.19816 Y26.81127
G01 X-19.19717 Y26.81061
G01 X-19.19529 Y26.80937
G01 X-19.16646 Y26.79006
G01 X-19.07645 Y26.73685
G01 X-19.02885 Y26.71392
G01 X-19.02849 Y26.71374
G01 X-18.98254 Y26.69118
G01 X-18.94190 Y26.67345
G01 X-18.93299 Y26.67005
G01 X-18.93118 Y26.66934
G01 X-18.89573 Y26.65420
G01 X-18.89397 Y26.65341
G01 X-18.84965 Y26.63243
G01 X-18.84533 Y26.63012
G01 X-18.84518 Y26.63037
G01 X-18.84533 Y26.63012
G01 X-18.80322 Y26.60487
G01 X-18.80114 Y26.60358
G01 X-18.76027 Y26.57625
G01 X-18.75826 Y26.57485
G01 X-18.71848 Y26.54536
G01 X-18.68089 Y26.52009
G01 X-18.67119 Y26.51417
G01 X-18.63408 Y26.50475
G01 X-18.58036 Y26.49436
G01 X-18.45615 Y26.47752
G01 X-18.45064 Y26.47714
G01 X-18.43337 Y26.47620
G01 X-18.41612 Y26.47559
G01 X-18.39862 Y26.47526
G01 X-17.77498 Y26.47528
G01 X-17.77325 Y26.47523
G01 X-17.73886 Y26.47406
G01 X-17.73375 Y26.47363
G01 X-17.71905 Y26.47160
G01 X-17.71874 Y26.47317
G01 X-17.71905 Y26.47160
G01 X-17.71374 Y26.47058
G01 X-17.70861 Y26.46898
G01 X-17.63718 Y26.44272
G01 X-17.63058 Y26.43972
G01 X-17.62448 Y26.43581
G01 X-17.62397 Y26.43673
G01 X-17.62448 Y26.43581
G01 X-17.56715 Y26.39291
G01 X-17.56177 Y26.38824
G01 X-17.56106 Y26.38895
G01 X-17.56177 Y26.38824
G01 X-17.55709 Y26.38285
G01 X-17.51417 Y26.32552
G01 X-17.51026 Y26.31943
G01 X-17.50845 Y26.32029
G01 X-17.50723 Y26.32118
G01 X-17.50845 Y26.32029
G01 X-17.51026 Y26.31943
G01 X-17.50729 Y26.31282
G01 X-17.48100 Y26.24142
G01 X-17.47942 Y26.23627
G01 X-17.47841 Y26.23098
G01 X-17.47637 Y26.21625
G01 X-17.47594 Y26.21115
G01 X-17.47475 Y26.17673
G01 X-17.47449 Y26.17676
G01 X-17.47475 Y26.17673
G01 X-17.47472 Y26.17500
G01 X-17.47472 Y24.47501
G01 X-17.47475 Y24.47330
G01 X-17.47449 Y24.47328
G01 X-17.47475 Y24.47330
G01 X-17.47594 Y24.43891
G01 X-17.47449 Y24.43823
G01 X-17.47333 Y24.43767
G01 X-17.37449 Y24.43251
G01 X-17.37449 Y26.21755
G01 X-17.37896 Y26.25936
G01 X-17.41983 Y26.36893
G01 X-17.48887 Y26.46113
G01 X-17.58105 Y26.53015
G01 X-17.69067 Y26.57104
G01 X-17.73246 Y26.57551
G01 X-18.39954 Y26.57551
G01 X-18.40678 Y26.57579
G01 X-18.42458 Y26.57709
G01 X-18.43078 Y26.57772
G01 X-18.56791 Y26.59634
G01 X-18.57904 Y26.59850
G01 X-18.58983 Y26.60190
G01 X-18.64208 Y26.62166
G01 X-18.65247 Y26.62629
G01 X-18.66227 Y26.63205
G01 X-18.79844 Y26.72303
G01 X-18.89321 Y26.76233
G01 X-18.90337 Y26.76723
G01 X-18.91292 Y26.77325
G01 X-18.95829 Y26.80556
G01 X-18.97129 Y26.81661
G01 X-18.98224 Y26.82969
G01 X-18.99077 Y26.84447
G01 X-19.02049 Y26.90769
G01 X-19.02692 Y26.92557
G01 X-19.02984 Y26.94434
G01 X-19.02913 Y26.96334
G01 X-19.01996 Y27.03261
G01 X-19.01569 Y27.05113
G01 X-19.00799 Y27.06852
G01 X-18.99715 Y27.08412
G01 X-18.95199 Y27.13743
G01 X-18.94200 Y27.14765
G01 X-18.93068 Y27.15633
G01 X-18.19867 Y27.63837
G01 X-18.18572 Y27.64559
G01 X-18.17185 Y27.65079
G01 X-18.10482 Y27.67048
G01 X-18.09088 Y27.67350
G01 X-18.07665 Y27.67454
G01 X-17.73246 Y27.67454
G01 X-17.69067 Y27.67901
G01 X-17.58105 Y27.71991
G01 X-17.48887 Y27.78892
G01 X-17.41983 Y27.88112
G01 X-17.37896 Y27.99070
G01 X-17.37449 Y28.03251
G01 X-17.37449 Y29.81754
G01 X-17.37896 Y29.85935
G01 X-17.41986 Y29.96893
G01 X-17.48887 Y30.06113
G01 X-17.58107 Y30.13016
G01 X-17.69067 Y30.17103
G01 X-17.73246 Y30.17550
G01 X-19.06522 Y30.17550
G01 X-19.07891 Y30.17647
G01 X-19.11251 Y30.18112
G01 X-19.12628 Y30.18401
G01 X-19.13951 Y30.18881
G01 X-19.15194 Y30.19544
G01 X-19.21112 Y30.23255
G01 X-19.22618 Y30.24413
G01 X-19.23880 Y30.25836
G01 X-19.24848 Y30.27472
G01 X-19.27822 Y30.33796
G01 X-19.28465 Y30.35587
G01 X-19.28757 Y30.37464
G01 X-19.28686 Y30.39364
G01 X-19.27769 Y30.46290
G01 X-19.27342 Y30.48145
G01 X-19.26573 Y30.49882
G01 X-19.25486 Y30.51444
G01 X-19.20969 Y30.56773
G01 X-19.19971 Y30.57792
G01 X-19.18841 Y30.58660
G01 X-18.19867 Y31.23837
G01 X-18.18572 Y31.24558
G01 X-18.17185 Y31.25079
G01 X-18.10482 Y31.27047
G01 X-18.09088 Y31.27349
G01 X-18.07665 Y31.27454
G01 X-17.73246 Y31.27451
G01 X-17.69067 Y31.27901
G01 X-17.58107 Y31.31993
G01 X-17.48884 Y31.38894
G01 X-17.41983 Y31.48111
G01 X-17.37896 Y31.59069
G01 X-17.37449 Y31.63250
G01 X-17.37449 Y33.41748
G01 X-17.37896 Y33.45934
G01 X-17.41983 Y33.56892
G01 X-17.48884 Y33.66115
G01 X-17.58105 Y33.73013
G01 X-17.69070 Y33.77103
G01 X-17.73246 Y33.77552
G01 X-19.06522 Y33.77552
G01 X-19.07883 Y33.77646
G01 X-19.11244 Y33.78108
G01 X-19.12626 Y33.78401
G01 X-19.13951 Y33.78881
G01 X-19.15196 Y33.79546
G01 X-19.21114 Y33.83260
G01 X-19.22621 Y33.84415
G01 X-19.23880 Y33.85838
G01 X-19.24848 Y33.87471
G01 X-19.27822 Y33.93793
G01 X-19.28465 Y33.95584
G01 X-19.28757 Y33.97463
G01 X-19.28686 Y33.99363
G01 X-19.27769 Y34.06290
G01 X-19.27342 Y34.08141
G01 X-19.26573 Y34.09881
G01 X-19.25488 Y34.11441
G01 X-19.20972 Y34.16772
G01 X-19.19974 Y34.17793
G01 X-19.18841 Y34.18662
G01 X-18.19867 Y34.83836
G01 X-18.18572 Y34.84557
G01 X-18.17185 Y34.85078
G01 X-18.10482 Y34.87046
G01 X-18.09088 Y34.87349
G01 X-18.07665 Y34.87453
G01 X-17.73246 Y34.87453
G01 X-17.69070 Y34.87902
G01 X-17.58107 Y34.91992
G01 X-17.48887 Y34.98893
G01 X-17.41986 Y35.08111
G01 X-17.37896 Y35.19071
G01 X-17.37449 Y35.23249
G01 X-17.37449 Y37.01755
G01 X-17.37896 Y37.05934
G01 X-17.41983 Y37.16894
G01 X-17.48884 Y37.26111
G01 X-17.58107 Y37.33012
G01 X-17.69067 Y37.37104
G01 X-17.73246 Y37.37551
G01 X-19.51749 Y37.37551
G01 X-19.55930 Y37.37104
G01 X-19.66888 Y37.33018
G01 X-19.76108 Y37.26114
G01 X-19.83012 Y37.16894
G01 X-19.87098 Y37.05934
G01 X-19.87548 Y37.01755
G01 X-19.87548 Y36.67196
G01 X-19.87660 Y36.65718
G01 X-19.87985 Y36.64275
G01 X-19.90027 Y36.57595
G01 X-19.90543 Y36.56261
G01 X-19.91239 Y36.55017
G01 X-20.74660 Y35.28339
G01 X-20.75259 Y35.27524
G01 X-20.76847 Y35.25576
G01 X-20.77530 Y35.24821
G01 X-20.93237 Y35.09114
G01 X-20.94035 Y35.08398
G01 X-20.96100 Y35.06734
G01 X-20.97738 Y35.05660
G01 X-20.99554 Y35.04926
G01 X-21.06257 Y35.02957
G01 X-21.07652 Y35.02655
G01 X-21.09077 Y35.02551
G01 X-22.57265 Y35.02551
G01 X-22.57987 Y35.02579
G01 X-22.59775 Y35.02708
G01 X-22.60522 Y35.02789
G01 X-22.61233 Y35.02896
G01 X-22.70804 Y35.04062
G01 X-22.71357 Y35.04146
G01 X-22.72704 Y35.04387
G01 X-22.74344 Y35.04829
G01 X-22.75886 Y35.05540
G01 X-22.81959 Y35.08997
G01 X-22.83516 Y35.10092
G01 X-22.84837 Y35.11458
G01 X-22.85874 Y35.13054
G01 X-22.89112 Y35.19246
G01 X-22.89681 Y35.20554
G01 X-22.90059 Y35.21931
G01 X-22.93407 Y35.38768
G01 X-23.00194 Y35.55154
G01 X-23.10052 Y35.69906
G01 X-23.15467 Y35.75324
G01 X-23.15820 Y35.75692
G01 X-23.16671 Y35.76635
G01 X-23.17004 Y35.77026
G01 X-23.19351 Y35.79906
G01 X-23.79384 Y36.48321
G01 X-23.79846 Y36.48890
G01 X-23.80958 Y36.50363
G01 X-23.81911 Y36.51895
G01 X-23.82574 Y36.53574
G01 X-23.84542 Y36.60280
G01 X-23.84845 Y36.61671
G01 X-23.84949 Y36.63094
G01 X-23.84949 Y36.88004
G01 X-23.85396 Y36.92184
G01 X-23.89483 Y37.03142
G01 X-23.96386 Y37.12362
G01 X-24.05604 Y37.19263
G01 X-24.16569 Y37.23353
G01 X-24.20745 Y37.23802
G01 X-25.44250 Y37.23802
G01 X-25.48426 Y37.23353
G01 X-25.59391 Y37.19263
G01 X-25.68609 Y37.12365
G01 X-25.75510 Y37.03145
G01 X-25.79599 Y36.92182
G01 X-25.80046 Y36.88006
G01 X-25.80046 Y35.44951
G01 X-25.80105 Y35.43884
G01 X-25.80275 Y35.42827
G01 X-25.81395 Y35.37676
G01 X-25.81885 Y35.36084
G01 X-25.82629 Y35.34595
G01 X-25.83610 Y35.33252
G01 X-25.88187 Y35.27971
G01 X-25.89564 Y35.26660
G01 X-25.91164 Y35.25632
G01 X-25.92926 Y35.24926
G01 X-25.99630 Y35.22957
G01 X-26.01024 Y35.22655
G01 X-26.02449 Y35.22551
G01 X-26.21992 Y35.22551
G01 X-26.30673 Y35.21667
G01 X-26.44181 Y35.17189
G01 X-26.44867 Y35.16988
G01 X-26.46579 Y35.16554
G01 X-26.48339 Y35.16272
G01 X-26.50120 Y35.16307
G01 X-26.57064 Y35.17062
G01 X-26.58466 Y35.17316
G01 X-26.59820 Y35.17768
G01 X-26.82997 Y35.27397
G01 X-26.84720 Y35.28319
G01 X-26.88730 Y35.31001
G01 X-26.90242 Y35.32243
G01 X-26.91877 Y35.33876
G01 X-27.04819 Y35.41860
G01 X-27.19325 Y35.46665
G01 X-27.28006 Y35.47552
G01 X-29.56987 Y35.47552
G01 X-29.65669 Y35.46665
G01 X-29.80177 Y35.41860
G01 X-29.93119 Y35.33876
G01 X-30.03871 Y35.23125
G01 X-30.11854 Y35.10181
G01 X-30.16662 Y34.95677
G01 X-30.17546 Y34.86998
G01 X-30.17546 Y34.14547
G01 X-30.17571 Y34.13856
G01 X-30.17688 Y34.12170
G01 X-30.17965 Y34.10432
G01 X-30.18542 Y34.08769
G01 X-30.21402 Y34.02396
G01 X-30.22341 Y34.00742
G01 X-30.23576 Y33.99297
G01 X-30.25064 Y33.98111
G01 X-30.30919 Y33.94296
G01 X-30.32603 Y33.93414
G01 X-30.34424 Y33.92866
G01 X-30.36317 Y33.92675
G01 X-30.43304 Y33.92632
G01 X-30.45196 Y33.92800
G01 X-30.47025 Y33.93323
G01 X-30.48719 Y33.94184
G01 X-30.54620 Y33.97923
G01 X-30.55768 Y33.98771
G01 X-30.56784 Y33.99775
G01 X-30.99385 Y34.48319
G01 X-30.99852 Y34.48896
G01 X-31.00965 Y34.50371
G01 X-31.01915 Y34.51898
G01 X-31.02575 Y34.53572
G01 X-31.04543 Y34.60275
G01 X-31.04846 Y34.61669
G01 X-31.04950 Y34.63092
G01 X-31.04950 Y34.88004
G01 X-31.05397 Y34.92182
G01 X-31.09484 Y35.03142
G01 X-31.16387 Y35.12363
G01 X-31.25605 Y35.19266
G01 X-31.36565 Y35.23353
G01 X-31.40744 Y35.23800
G01 X-32.64249 Y35.23800
G01 X-32.68429 Y35.23353
G01 X-32.79389 Y35.19264
G01 X-32.88607 Y35.12363
G01 X-32.95511 Y35.03142
G01 X-32.99598 Y34.92182
G01 X-33.00045 Y34.88012
G01 X-33.00047 Y33.44951
G01 X-33.00106 Y33.43884
G01 X-33.00276 Y33.42828
G01 X-33.01396 Y33.37677
G01 X-33.01884 Y33.36087
G01 X-33.02630 Y33.34598
G01 X-33.03611 Y33.33255
G01 X-33.08185 Y33.27974
G01 X-33.09560 Y33.26661
G01 X-33.11160 Y33.25632
G01 X-33.12925 Y33.24926
G01 X-33.19628 Y33.22957
G01 X-33.21023 Y33.22655
G01 X-33.22448 Y33.22551
G01 X-33.41985 Y33.22554
G01 X-33.50672 Y33.21667
G01 X-33.64180 Y33.17189
G01 X-33.64853 Y33.16993
G01 X-33.66565 Y33.16557
G01 X-33.68333 Y33.16270
G01 X-33.70121 Y33.16305
G01 X-33.77068 Y33.17062
G01 X-33.78470 Y33.17316
G01 X-33.79821 Y33.17768
G01 X-34.02999 Y33.27397
G01 X-34.04721 Y33.28319
G01 X-34.08731 Y33.31002
G01 X-34.09521 Y33.31586
G01 X-34.10248 Y33.32246
G01 X-34.11876 Y33.33877
G01 X-34.24820 Y33.41858
G01 X-34.39326 Y33.46666
G01 X-34.48007 Y33.47552
G01 X-36.76988 Y33.47552
G01 X-36.85670 Y33.46666
G01 X-37.00176 Y33.41860
G01 X-37.13115 Y33.33879
G01 X-37.23872 Y33.23123
G01 X-37.31855 Y33.10181
G01 X-37.36661 Y32.95675
G01 X-37.37547 Y32.86994
G01 X-37.37547 Y32.14548
G01 X-37.37572 Y32.13872
G01 X-37.37687 Y32.12185
G01 X-37.37961 Y32.10438
G01 X-37.38540 Y32.08764
G01 X-37.41403 Y32.02391
G01 X-37.42343 Y32.00740
G01 X-37.43580 Y31.99295
G01 X-37.45065 Y31.98111
G01 X-37.50920 Y31.94296
G01 X-37.52604 Y31.93415
G01 X-37.54425 Y31.92866
G01 X-37.56318 Y31.92676
G01 X-37.63305 Y31.92633
G01 X-37.65197 Y31.92800
G01 X-37.67026 Y31.93323
G01 X-37.68720 Y31.94184
G01 X-37.74621 Y31.97923
G01 X-37.75769 Y31.98772
G01 X-37.76785 Y31.99775
G01 X-38.19386 Y32.48319
G01 X-38.19861 Y32.48904
G01 X-38.20971 Y32.50379
G01 X-38.21916 Y32.51903
G01 X-38.22574 Y32.53572
G01 X-38.24542 Y32.60275
G01 X-38.24844 Y32.61670
G01 X-38.24948 Y32.63092
G01 X-38.24948 Y32.88004
G01 X-38.25395 Y32.92183
G01 X-38.29482 Y33.03140
G01 X-38.36386 Y33.12363
G01 X-38.45606 Y33.19264
G01 X-38.56564 Y33.23354
G01 X-38.60745 Y33.23801
G01 X-39.84250 Y33.23801
G01 X-39.88430 Y33.23354
G01 X-39.99388 Y33.19264
G01 X-40.08608 Y33.12363
G01 X-40.15512 Y33.03143
G01 X-40.19599 Y32.92183
G01 X-40.20046 Y32.88007
G01 X-40.20046 Y31.44952
G01 X-40.20104 Y31.43885
G01 X-40.20274 Y31.42828
G01 X-40.21395 Y31.37677
G01 X-40.21885 Y31.36085
G01 X-40.22629 Y31.34596
G01 X-40.23609 Y31.33252
G01 X-40.28187 Y31.27972
G01 X-40.29563 Y31.26661
G01 X-40.31163 Y31.25632
G01 X-40.32926 Y31.24926
G01 X-40.39629 Y31.22958
G01 X-40.41024 Y31.22656
G01 X-40.42449 Y31.22551
G01 X-40.61984 Y31.22554
G01 X-40.70673 Y31.21667
G01 X-40.84181 Y31.17189
G01 X-40.84867 Y31.16986
G01 X-40.86579 Y31.16552
G01 X-40.88339 Y31.16270
G01 X-40.90119 Y31.16306
G01 X-40.97064 Y31.17060
G01 X-40.98466 Y31.17314
G01 X-40.99820 Y31.17766
G01 X-41.23000 Y31.27398
G01 X-41.24724 Y31.28322
G01 X-41.28732 Y31.31005
G01 X-41.30239 Y31.32239
G01 X-41.31874 Y31.33875
G01 X-41.44818 Y31.41858
G01 X-41.59324 Y31.46666
G01 X-41.68003 Y31.47550
G01 X-43.96992 Y31.47550
G01 X-44.05671 Y31.46666
G01 X-44.20175 Y31.41858
G01 X-44.33118 Y31.33875
G01 X-44.43870 Y31.23123
G01 X-44.51853 Y31.10179
G01 X-44.56662 Y30.95678
G01 X-44.57546 Y30.86996
G01 X-44.57546 Y30.14548
G01 X-44.57571 Y30.13857
G01 X-44.57688 Y30.12171
G01 X-44.57965 Y30.10431
G01 X-44.58541 Y30.08767
G01 X-44.61404 Y30.02392
G01 X-44.62344 Y30.00738
G01 X-44.63581 Y29.99293
G01 X-44.65067 Y29.98109
G01 X-44.70919 Y29.94297
G01 X-44.72603 Y29.93415
G01 X-44.74424 Y29.92869
G01 X-44.76314 Y29.92676
G01 X-44.83301 Y29.92630
G01 X-44.85196 Y29.92798
G01 X-44.87025 Y29.93321
G01 X-44.88722 Y29.94185
G01 X-44.94622 Y29.97926
G01 X-44.95767 Y29.98772
G01 X-44.96783 Y29.99775
G01 X-45.39384 Y30.48320
G01 X-45.39852 Y30.48896
G01 X-45.40964 Y30.50372
G01 X-45.41914 Y30.51899
G01 X-45.42575 Y30.53573
G01 X-45.44543 Y30.60276
G01 X-45.44845 Y30.61670
G01 X-45.44950 Y30.63093
G01 X-45.44947 Y30.88005
G01 X-45.45397 Y30.92186
G01 X-45.49483 Y31.03143
G01 X-45.56387 Y31.12363
G01 X-45.65605 Y31.19265
G01 X-45.76565 Y31.23354
G01 X-45.80746 Y31.23801
G01 X-47.04248 Y31.23801
G01 X-47.08429 Y31.23354
G01 X-47.19389 Y31.19265
G01 X-47.28609 Y31.12363
G01 X-47.35508 Y31.03146
G01 X-47.39597 Y30.92183
G01 X-47.40047 Y30.88000
G01 X-47.40047 Y29.44952
G01 X-47.40105 Y29.43885
G01 X-47.40276 Y29.42829
G01 X-47.41396 Y29.37677
G01 X-47.41883 Y29.36087
G01 X-47.42630 Y29.34599
G01 X-47.43611 Y29.33255
G01 X-47.48185 Y29.27975
G01 X-47.49562 Y29.26662
G01 X-47.51159 Y29.25633
G01 X-47.52927 Y29.24927
G01 X-47.59633 Y29.22958
G01 X-47.61025 Y29.22656
G01 X-47.62450 Y29.22552
G01 X-47.81987 Y29.22554
G01 X-47.90672 Y29.21665
G01 X-48.04179 Y29.17187
G01 X-48.04865 Y29.16987
G01 X-48.06577 Y29.16552
G01 X-48.08337 Y29.16270
G01 X-48.10118 Y29.16306
G01 X-48.17065 Y29.17060
G01 X-48.18467 Y29.17314
G01 X-48.19821 Y29.17766
G01 X-48.42998 Y29.27398
G01 X-48.44720 Y29.28320
G01 X-48.48731 Y29.31002
G01 X-48.50242 Y29.32244
G01 X-48.51873 Y29.33875
G01 X-48.64819 Y29.41858
G01 X-48.79325 Y29.46667
G01 X-48.88002 Y29.47550
G01 X-51.16991 Y29.47550
G01 X-51.25670 Y29.46667
G01 X-51.40176 Y29.41858
G01 X-51.53122 Y29.33873
G01 X-51.62497 Y29.24497
G01 X-51.62497 Y27.40507
G01 X-51.53119 Y27.31130
G01 X-51.40178 Y27.23147
G01 X-51.24199 Y27.17853
G01 X-51.23043 Y27.17386
G01 X-51.21951 Y27.16781
G01 X-51.16795 Y27.13479
G01 X-51.15388 Y27.12390
G01 X-51.14197 Y27.11066
G01 X-51.13257 Y27.09555
G01 X-51.10115 Y27.03314
G01 X-51.09424 Y27.01541
G01 X-51.09084 Y26.99672
G01 X-51.09101 Y26.97769
G01 X-51.09833 Y26.90820
G01 X-51.10084 Y26.89415
G01 X-51.10531 Y26.88059
G01 X-51.24425 Y26.54325
G01 X-51.25083 Y26.51714
G01 X-51.25230 Y26.51193
G01 X-51.25632 Y26.49903
G01 X-51.25812 Y26.49377
G01 X-51.27097 Y26.45931
G01 X-51.27336 Y26.43713
G01 X-51.27394 Y26.43271
G01 X-51.27519 Y26.42453
G01 X-51.27559 Y26.41785
G01 X-51.27565 Y26.41524
G01 X-51.27577 Y26.41226
G01 X-51.27750 Y26.37879
G01 X-51.27704 Y26.37455
G01 X-51.27575 Y26.35664
G01 X-51.27547 Y26.34940
G01 X-51.27547 Y24.63251
G01 X-51.27097 Y24.59073
G01 X-51.23008 Y24.48110
G01 X-51.16107 Y24.38890
G01 X-51.06891 Y24.31991
G01 X-50.95931 Y24.27902
G01 X-50.91751 Y24.27455
G01 X-49.13244 Y24.27455
G01 X-49.09064 Y24.27902
G01 X-48.98106 Y24.31989
G01 X-48.88888 Y24.38890
G01 X-48.81987 Y24.48113
G01 X-48.77895 Y24.59073
G01 X-48.77448 Y24.63251
G01 X-48.77448 Y26.31696
G01 X-48.77436 Y26.32156
G01 X-48.77443 Y26.32532
G01 X-48.77448 Y26.32773
G01 X-48.77446 Y26.41755
G01 X-48.77895 Y26.45933
G01 X-48.78269 Y26.46929
G01 X-48.78370 Y26.47218
G01 X-48.78624 Y26.47968
G01 X-48.78728 Y26.48290
G01 X-48.80486 Y26.54120
G01 X-48.93986 Y26.86908
G01 X-48.94314 Y26.87830
G01 X-48.95020 Y26.90175
G01 X-48.95396 Y26.92062
G01 X-48.95403 Y26.93985
G01 X-48.94756 Y27.00942
G01 X-48.94400 Y27.02811
G01 X-48.93697 Y27.04579
G01 X-48.92670 Y27.06182
G01 X-48.88363 Y27.11684
G01 X-48.87054 Y27.13060
G01 X-48.85510 Y27.14165
G01 X-48.83783 Y27.14960
G01 X-48.77187 Y27.17261
G01 X-48.75810 Y27.17635
G01 X-48.74393 Y27.17807
G01 X-48.43783 Y27.19339
G01 X-48.42925 Y27.19344
G01 X-48.40801 Y27.19268
G01 X-48.39948 Y27.19199
G01 X-48.23801 Y27.17226
G01 X-48.22739 Y27.17038
G01 X-48.21703 Y27.16738
G01 X-48.16699 Y27.14983
G01 X-48.15706 Y27.14572
G01 X-48.14761 Y27.14056
G01 X-48.05178 Y27.08145
G01 X-47.90669 Y27.03340
G01 X-47.81987 Y27.02453
G01 X-47.08007 Y27.02453
G01 X-46.99323 Y27.03340
G01 X-46.84817 Y27.08145
G01 X-46.71878 Y27.16126
G01 X-46.70560 Y27.17447
G01 X-46.69519 Y27.18354
G01 X-46.68360 Y27.19111
G01 X-46.62460 Y27.22405
G01 X-46.60751 Y27.23159
G01 X-46.58932 Y27.23583
G01 X-46.57065 Y27.23660
G01 X-46.50088 Y27.23296
G01 X-46.48206 Y27.23017
G01 X-46.46412 Y27.22387
G01 X-46.44769 Y27.21430
G01 X-46.39097 Y27.17350
G01 X-46.37667 Y27.16098
G01 X-46.36499 Y27.14599
G01 X-46.35635 Y27.12908
G01 X-46.33067 Y27.06410
G01 X-46.32638 Y27.05047
G01 X-46.32409 Y27.03639
G01 X-46.30512 Y26.82773
G01 X-46.30451 Y26.82430
G01 X-46.30116 Y26.79563
G01 X-46.30047 Y26.78399
G01 X-46.30050 Y26.01135
G01 X-46.26588 Y25.83736
G01 X-46.19798 Y25.67348
G01 X-46.09946 Y25.52598
G01 X-44.59903 Y24.02555
G01 X-44.45153 Y23.92700
G01 X-44.33190 Y23.87745
G01 X-44.28765 Y23.85913
G01 X-44.11366 Y23.82454
G01 X-41.13630 Y23.82454
G01 X-40.96231 Y23.85913
G01 X-40.79842 Y23.92700
G01 X-40.65095 Y24.02555
G01 X-39.71758 Y24.95890
G01 X-39.70960 Y24.96607
G01 X-39.68895 Y24.98270
G01 X-39.67257 Y24.99345
G01 X-39.65441 Y25.00079
G01 X-39.58738 Y25.02047
G01 X-39.57343 Y25.02349
G01 X-39.55921 Y25.02454
G01 X-30.38643 Y25.02454
G01 X-30.38310 Y25.02446
G01 X-30.37467 Y25.02418
G01 X-30.35877 Y25.02238
G01 X-30.34335 Y25.01806
G01 X-30.27780 Y24.99385
G01 X-30.26068 Y24.98560
G01 X-30.24541 Y24.97427
G01 X-30.23258 Y24.96025
G01 X-30.19052 Y24.90447
G01 X-30.18056 Y24.88826
G01 X-30.17386 Y24.87046
G01 X-30.17063 Y24.85169
G01 X-30.16764 Y24.81128
G01 X-30.16687 Y24.80909
G01 X-30.16405 Y24.79182
G01 X-30.16431 Y24.77432
G01 X-30.17498 Y24.66988
G01 X-30.17495 Y24.47503
G01 X-29.87498 Y24.47501
G01 X-29.87498 Y24.62502
G01 X-29.87449 Y24.63482
G01 X-29.86969 Y24.68359
G01 X-29.86588 Y24.70282
G01 X-29.85166 Y24.74971
G01 X-29.84414 Y24.76782
G01 X-29.82105 Y24.81105
G01 X-29.81600 Y24.81946
G01 X-29.81016 Y24.82736
G01 X-29.77907 Y24.86523
G01 X-29.77246 Y24.87249
G01 X-29.76520 Y24.87910
G01 X-29.72733 Y24.91018
G01 X-29.71102 Y24.92108
G01 X-29.66779 Y24.94417
G01 X-29.65892 Y24.94836
G01 X-29.64968 Y24.95169
G01 X-29.60279 Y24.96591
G01 X-29.59327 Y24.96830
G01 X-29.58356 Y24.96972
G01 X-29.53480 Y24.97452
G01 X-29.52499 Y24.97501
G01 X-27.32499 Y24.97501
G01 X-27.31519 Y24.97452
G01 X-27.26642 Y24.96972
G01 X-27.25669 Y24.96830
G01 X-27.24719 Y24.96591
G01 X-27.20028 Y24.95169
G01 X-27.19104 Y24.94836
G01 X-27.18217 Y24.94417
G01 X-27.13897 Y24.92108
G01 X-27.12266 Y24.91018
G01 X-27.08476 Y24.87910
G01 X-27.07750 Y24.87249
G01 X-27.07092 Y24.86523
G01 X-27.03983 Y24.82736
G01 X-27.03396 Y24.81946
G01 X-27.02893 Y24.81105
G01 X-27.00582 Y24.76782
G01 X-26.99833 Y24.74971
G01 X-26.99083 Y24.72504
G01 X-26.68060 Y24.72504
G01 X-26.68471 Y24.76520
G01 X-26.68507 Y24.76901
G01 X-26.68626 Y24.78113
G01 X-26.68527 Y24.79708
G01 X-26.67534 Y24.86624
G01 X-26.67084 Y24.88473
G01 X-26.66294 Y24.90203
G01 X-26.65192 Y24.91753
G01 X-26.60615 Y24.97033
G01 X-26.59238 Y24.98344
G01 X-26.57638 Y24.99373
G01 X-26.55875 Y25.00079
G01 X-26.49172 Y25.02047
G01 X-26.47778 Y25.02349
G01 X-26.46355 Y25.02454
G01 X-26.02398 Y25.02454
G01 X-26.01329 Y25.02395
G01 X-26.00272 Y25.02225
G01 X-25.95121 Y25.01105
G01 X-25.93531 Y25.00617
G01 X-25.92043 Y24.99870
G01 X-25.90699 Y24.98890
G01 X-25.85418 Y24.94315
G01 X-25.84105 Y24.92939
G01 X-25.83076 Y24.91341
G01 X-25.82370 Y24.89573
G01 X-25.80402 Y24.82868
G01 X-25.80099 Y24.81476
G01 X-25.79995 Y24.80051
G01 X-25.79995 Y24.72504
G01 X-25.49998 Y24.72504
G01 X-25.49998 Y24.98750
G01 X-25.49807 Y25.00701
G01 X-25.49238 Y25.02578
G01 X-25.48314 Y25.04308
G01 X-25.47069 Y25.05822
G01 X-25.45555 Y25.07066
G01 X-25.43826 Y25.07991
G01 X-25.41949 Y25.08560
G01 X-25.39998 Y25.08750
G01 X-24.24999 Y25.08750
G01 X-24.23049 Y25.08560
G01 X-24.21172 Y25.07991
G01 X-24.19442 Y25.07066
G01 X-24.17928 Y25.05822
G01 X-24.16684 Y25.04308
G01 X-24.15759 Y25.02578
G01 X-24.15190 Y25.00701
G01 X-24.14999 Y24.98750
G01 X-24.14999 Y24.65001
G01 X-23.85000 Y24.65001
G01 X-23.85000 Y24.80051
G01 X-23.84941 Y24.81123
G01 X-23.84768 Y24.82182
G01 X-23.83646 Y24.87333
G01 X-23.83158 Y24.88923
G01 X-23.82414 Y24.90409
G01 X-23.81433 Y24.91750
G01 X-23.76859 Y24.97031
G01 X-23.75485 Y24.98344
G01 X-23.73885 Y24.99373
G01 X-23.72119 Y25.00079
G01 X-23.65416 Y25.02047
G01 X-23.64022 Y25.02349
G01 X-23.62599 Y25.02454
G01 X-20.55716 Y25.02454
G01 X-20.55127 Y25.02436
G01 X-20.53662 Y25.02349
G01 X-20.51955 Y25.02098
G01 X-20.50316 Y25.01559
G01 X-20.43893 Y24.98811
G01 X-20.42625 Y24.98158
G01 X-20.41462 Y24.97333
G01 X-19.95689 Y24.59576
G01 X-19.94756 Y24.58700
G01 X-19.92587 Y24.56386
G01 X-19.91716 Y24.55316
G01 X-19.91000 Y24.54138
G01 X-19.90454 Y24.52873
G01 X-19.88130 Y24.46281
G01 X-19.87751 Y24.44902
G01 X-19.87604 Y24.43785
G01 X-19.87098 Y24.39070
G01 X-19.83009 Y24.28110
G01 X-19.76108 Y24.18893
G01 X-19.66888 Y24.11989
G01 X-19.55930 Y24.07902
G01 X-19.51749 Y24.07455
G01 X-17.73246 Y24.07455
G01 X-17.69065 Y24.07902
G01 X-17.58107 Y24.11991
G01 X-17.48887 Y24.18893
G01 X-17.41986 Y24.28110
G01 X-17.37896 Y24.39070
G01 X-17.37449 Y24.43251
G01 X-17.47333 Y24.43767
G01 X-17.47449 Y24.43782
G01 X-17.47333 Y24.43767
G01 X-17.47449 Y24.43823
G01 X-17.47594 Y24.43891
G01 X-17.47637 Y24.43381
G01 X-17.47841 Y24.41908
G01 X-17.47942 Y24.41379
G01 X-17.48100 Y24.40866
G01 X-17.50729 Y24.33724
G01 X-17.50589 Y24.33660
G01 X-17.50729 Y24.33724
G01 X-17.51026 Y24.33063
G01 X-17.51417 Y24.32454
G01 X-17.55709 Y24.26721
G01 X-17.56177 Y24.26182
G01 X-17.56093 Y24.26101
G01 X-17.56177 Y24.26182
G01 X-17.56715 Y24.25715
G01 X-17.62448 Y24.21423
G01 X-17.63058 Y24.21031
G01 X-17.62992 Y24.20904
G01 X-17.63058 Y24.21031
G01 X-17.63718 Y24.20734
G01 X-17.70858 Y24.18108
G01 X-17.71374 Y24.17948
G01 X-17.71902 Y24.17846
G01 X-17.73375 Y24.17643
G01 X-17.73888 Y24.17600
G01 X-17.73868 Y24.17480
G01 X-17.73888 Y24.17600
G01 X-17.77325 Y24.17480
G01 X-17.77498 Y24.17478
G01 X-19.47500 Y24.17478
G01 X-19.47670 Y24.17480
G01 X-19.51109 Y24.17600
G01 X-19.51620 Y24.17643
G01 X-19.53093 Y24.17846
G01 X-19.53621 Y24.17948
G01 X-19.53652 Y24.17778
G01 X-19.53621 Y24.17948
G01 X-19.54134 Y24.18105
G01 X-19.61277 Y24.20734
G01 X-19.61937 Y24.21031
G01 X-19.62547 Y24.21423
G01 X-19.62595 Y24.21339
G01 X-19.62547 Y24.21423
G01 X-19.68280 Y24.25715
G01 X-19.68818 Y24.26182
G01 X-19.68887 Y24.26114
G01 X-19.68818 Y24.26182
G01 X-19.69285 Y24.26721
G01 X-19.73578 Y24.32454
G01 X-19.73662 Y24.32405
G01 X-19.73578 Y24.32454
G01 X-19.73969 Y24.33063
G01 X-19.74266 Y24.33724
G01 X-19.76895 Y24.40866
G01 X-19.77058 Y24.41400
G01 X-19.77121 Y24.41382
G01 X-19.77058 Y24.41400
G01 X-19.77159 Y24.41948
G01 X-19.77451 Y24.44194
G01 X-19.77472 Y24.44387
G01 X-19.77711 Y24.47013
G01 X-19.77876 Y24.48540
G01 X-19.78213 Y24.50843
G01 X-19.79329 Y24.57328
G01 X-19.84817 Y24.63561
G01 X-19.86895 Y24.65512
G01 X-19.89217 Y24.67557
G01 X-20.34795 Y25.05151
G01 X-20.40421 Y25.09152
G01 X-20.43885 Y25.11260
G01 X-20.44751 Y25.11438
G01 X-20.53151 Y25.12421
G01 X-20.54322 Y25.12456
G01 X-20.55716 Y25.12454
G01 X-23.62599 Y25.12454
G01 X-23.65444 Y25.12248
G01 X-23.68233 Y25.11641
G01 X-23.74936 Y25.09672
G01 X-23.78467 Y25.08260
G01 X-23.81667 Y25.06203
G01 X-23.84418 Y25.03579
G01 X-23.88992 Y24.98298
G01 X-23.90953 Y24.95613
G01 X-23.92442 Y24.92642
G01 X-23.93417 Y24.89461
G01 X-23.94540 Y24.84310
G01 X-23.94883 Y24.82195
G01 X-23.95000 Y24.80051
G01 X-23.95000 Y24.75004
G01 X-23.92708 Y24.72449
G01 X-23.95000 Y24.75004
G01 X-24.05000 Y24.75004
G01 X-24.07839 Y24.72123
G01 X-24.05000 Y24.75004
G01 X-24.05000 Y24.98750
G01 X-24.05383 Y25.02654
G01 X-24.06521 Y25.06406
G01 X-24.08370 Y25.09863
G01 X-24.10844 Y25.12878
G01 X-24.11535 Y25.13236
G01 X-24.25434 Y25.15626
G01 X-25.39569 Y25.15626
G01 X-25.53407 Y25.13251
G01 X-25.54166 Y25.12863
G01 X-25.67745 Y25.05870
G01 X-25.68522 Y25.05550
G01 X-25.69343 Y25.05364
G01 X-25.70181 Y25.05319
G01 X-25.70120 Y25.04696
G01 X-25.70181 Y25.05319
G01 X-25.71016 Y25.05413
G01 X-25.71824 Y25.05646
G01 X-25.72965 Y25.06086
G01 X-25.79632 Y25.08570
G01 X-25.92599 Y25.11684
G01 X-25.97402 Y25.12202
G01 X-26.02512 Y25.12476
G01 X-26.46193 Y25.12476
G01 X-26.53028 Y25.11984
G01 X-26.59452 Y25.11059
G01 X-26.75035 Y25.06385
G01 X-26.81225 Y25.03558
G01 X-26.83615 Y25.00203
G01 X-26.85984 Y24.95014
G01 X-26.86548 Y24.92690
G01 X-26.85512 Y24.84585
G01 X-26.86548 Y24.92690
G01 X-26.86767 Y24.93058
G01 X-26.88522 Y24.95423
G01 X-26.91631 Y24.99210
G01 X-26.93607 Y25.01392
G01 X-26.95499 Y25.03106
G01 X-26.94250 Y25.02659
G01 X-26.90071 Y25.01021
G01 X-26.89274 Y25.00782
G01 X-26.88448 Y25.00681
G01 X-26.88415 Y25.00023
G01 X-26.88448 Y25.00681
G01 X-26.87615 Y25.00716
G01 X-26.86802 Y25.00889
G01 X-26.86028 Y25.01196
G01 X-26.81633 Y25.03373
G01 X-26.81225 Y25.03558
G01 X-26.81633 Y25.03373
G01 X-26.86028 Y25.01196
G01 X-26.86802 Y25.00889
G01 X-26.87615 Y25.00716
G01 X-26.88448 Y25.00681
G01 X-26.89274 Y25.00782
G01 X-26.90071 Y25.01021
G01 X-26.94250 Y25.02659
G01 X-26.95499 Y25.03106
G01 X-26.98989 Y25.04356
G01 X-27.05111 Y25.06218
G01 X-27.09787 Y25.07389
G01 X-27.15337 Y25.08496
G01 X-27.19990 Y25.09187
G01 X-27.25260 Y25.09708
G01 X-27.29998 Y25.09939
G01 X-27.32538 Y25.10002
G01 X-29.52458 Y25.10002
G01 X-29.54998 Y25.09939
G01 X-29.59736 Y25.09708
G01 X-29.64965 Y25.09192
G01 X-29.69624 Y25.08501
G01 X-29.75209 Y25.07389
G01 X-29.79883 Y25.06218
G01 X-29.86007 Y25.04356
G01 X-29.89497 Y25.03106
G01 X-29.91389 Y25.01392
G01 X-29.93368 Y24.99210
G01 X-29.96477 Y24.95423
G01 X-29.98229 Y24.93058
G01 X-29.98318 Y24.92908
G01 X-29.99215 Y24.85187
G01 X-29.98318 Y24.92908
G01 X-30.00096 Y24.97625
G01 X-30.03083 Y25.02489
G01 X-30.03883 Y25.03551
G01 X-30.00360 Y25.01796
G01 X-29.99133 Y25.01171
G01 X-29.98351 Y25.00853
G01 X-29.97526 Y25.00670
G01 X-29.96682 Y25.00630
G01 X-29.96698 Y25.00053
G01 X-29.96682 Y25.00630
G01 X-29.95844 Y25.00731
G01 X-29.95036 Y25.00973
G01 X-29.90690 Y25.02682
G01 X-29.89497 Y25.03106
G01 X-29.90690 Y25.02682
G01 X-29.95036 Y25.00973
G01 X-29.95844 Y25.00731
G01 X-29.96682 Y25.00630
G01 X-29.97526 Y25.00670
G01 X-29.98351 Y25.00853
G01 X-29.99133 Y25.01171
G01 X-30.00360 Y25.01796
G01 X-30.03883 Y25.03551
G01 X-30.07002 Y25.05105
G01 X-30.23109 Y25.10559
G01 X-30.29547 Y25.11709
G01 X-30.37254 Y25.12461
G01 X-30.37896 Y25.12471
G01 X-30.38684 Y25.12479
G01 X-39.55758 Y25.12476
G01 X-39.62581 Y25.11986
G01 X-39.68786 Y25.11090
G01 X-39.75283 Y25.06269
G01 X-39.77031 Y25.04699
G01 X-39.78905 Y25.02923
G01 X-40.65911 Y24.15918
G01 X-40.65997 Y24.15832
G01 X-40.67780 Y24.14135
G01 X-40.67869 Y24.14051
G01 X-40.71506 Y24.10757
G01 X-40.71476 Y24.10719
G01 X-40.71506 Y24.10757
G01 X-40.71885 Y24.10445
G01 X-40.75824 Y24.07524
G01 X-40.76025 Y24.07381
G01 X-40.80114 Y24.04651
G01 X-40.80323 Y24.04519
G01 X-40.84531 Y24.01994
G01 X-40.84963 Y24.01763
G01 X-40.84940 Y24.01720
G01 X-40.84963 Y24.01763
G01 X-40.89398 Y23.99667
G01 X-40.89621 Y23.99568
G01 X-40.94168 Y23.97684
G01 X-40.94397 Y23.97597
G01 X-40.99017 Y23.95944
G01 X-40.99487 Y23.95802
G01 X-40.99467 Y23.95728
G01 X-40.99487 Y23.95802
G01 X-41.04247 Y23.94610
G01 X-41.04366 Y23.94580
G01 X-41.06766 Y23.94041
G01 X-41.07005 Y23.93993
G01 X-41.09423 Y23.93574
G01 X-41.09545 Y23.93554
G01 X-41.14402 Y23.92835
G01 X-41.14889 Y23.92787
G01 X-41.19789 Y23.92545
G01 X-41.19911 Y23.92540
G01 X-41.22375 Y23.92479
G01 X-41.22497 Y23.92454
G01 X-44.10380 Y23.92454
G01 X-44.10390 Y23.92385
G01 X-44.10380 Y23.92454
G01 X-44.25846 Y23.95530
G01 X-44.29364 Y23.96985
G01 X-44.29372 Y23.96955
G01 X-44.29364 Y23.96985
G01 X-44.40413 Y24.01562
G01 X-44.40436 Y24.01519
G01 X-44.40413 Y24.01562
G01 X-44.53530 Y24.10325
G01 X-44.53560 Y24.10287
G01 X-44.53530 Y24.10325
G01 X-46.02178 Y25.58976
G01 X-46.02216 Y25.58943
G01 X-46.02178 Y25.58976
G01 X-46.10939 Y25.72088
G01 X-46.10982 Y25.72065
G01 X-46.10939 Y25.72088
G01 X-46.16971 Y25.86652
G01 X-46.17017 Y25.86637
G01 X-46.16971 Y25.86652
G01 X-46.20050 Y26.02121
G01 X-46.20098 Y26.02116
G01 X-46.20050 Y26.02121
G01 X-46.20047 Y26.78399
G01 X-46.20184 Y26.80723
G01 X-46.20520 Y26.83591
G01 X-46.20573 Y26.83893
G01 X-46.22450 Y27.04544
G01 X-46.22910 Y27.07360
G01 X-46.23768 Y27.10086
G01 X-46.26336 Y27.16583
G01 X-46.28061 Y27.19969
G01 X-46.30398 Y27.22966
G01 X-46.33258 Y27.25468
G01 X-46.38930 Y27.29547
G01 X-46.42216 Y27.31465
G01 X-46.45805 Y27.32725
G01 X-46.49567 Y27.33284
G01 X-46.56544 Y27.33647
G01 X-46.60278 Y27.33492
G01 X-46.63916 Y27.32644
G01 X-46.67334 Y27.31137
G01 X-46.73235 Y27.27843
G01 X-46.75551 Y27.26329
G01 X-46.77637 Y27.24513
G01 X-46.78124 Y27.24023
G01 X-46.89072 Y27.17272
G01 X-46.89031 Y27.17190
G01 X-46.89072 Y27.17272
G01 X-47.01431 Y27.13177
G01 X-47.01411 Y27.13058
G01 X-47.01431 Y27.13177
G01 X-47.08513 Y27.12453
G01 X-47.81482 Y27.12453
G01 X-47.88563 Y27.13177
G01 X-47.88576 Y27.13119
G01 X-47.88563 Y27.13177
G01 X-48.00923 Y27.17272
G01 X-48.00948 Y27.17213
G01 X-48.00923 Y27.17272
G01 X-48.09511 Y27.22567
G01 X-48.11401 Y27.23599
G01 X-48.13389 Y27.24419
G01 X-48.18393 Y27.26174
G01 X-48.20463 Y27.26776
G01 X-48.22587 Y27.27152
G01 X-48.38734 Y27.29126
G01 X-48.40443 Y27.29260
G01 X-48.42566 Y27.29337
G01 X-48.44283 Y27.29326
G01 X-48.74893 Y27.27795
G01 X-48.77725 Y27.27449
G01 X-48.80481 Y27.26703
G01 X-48.87077 Y27.24401
G01 X-48.90529 Y27.22814
G01 X-48.93620 Y27.20604
G01 X-48.96237 Y27.17848
G01 X-49.00544 Y27.12346
G01 X-49.02594 Y27.09141
G01 X-49.04001 Y27.05608
G01 X-49.04713 Y27.01869
G01 X-49.05360 Y26.94912
G01 X-49.05345 Y26.91066
G01 X-49.04596 Y26.87292
G01 X-49.03890 Y26.84947
G01 X-49.03232 Y26.83101
G01 X-48.89899 Y26.50772
G01 X-48.88302 Y26.45405
G01 X-48.87943 Y26.44325
G01 X-48.87712 Y26.43693
G01 X-48.87448 Y26.41221
G01 X-48.87367 Y26.41232
G01 X-48.87448 Y26.41221
G01 X-48.87448 Y26.41140
G01 X-48.87593 Y26.41115
G01 X-48.87448 Y26.41140
G01 X-48.87448 Y26.41221
G01 X-48.87448 Y26.41140
G01 X-48.87448 Y24.63785
G01 X-48.87331 Y24.63767
G01 X-48.87448 Y24.63785
G01 X-48.87705 Y24.61392
G01 X-48.90852 Y24.52954
G01 X-48.90725 Y24.52888
G01 X-48.90852 Y24.52954
G01 X-48.96031 Y24.46035
G01 X-48.95957 Y24.45964
G01 X-48.96031 Y24.46035
G01 X-49.02947 Y24.40856
G01 X-49.02881 Y24.40729
G01 X-49.02947 Y24.40856
G01 X-49.11383 Y24.37712
G01 X-49.13783 Y24.37455
G01 X-49.13765 Y24.37338
G01 X-49.13783 Y24.37455
G01 X-50.91212 Y24.37455
G01 X-50.93612 Y24.37712
G01 X-50.93640 Y24.37554
G01 X-50.93612 Y24.37712
G01 X-51.02048 Y24.40856
G01 X-51.02099 Y24.40767
G01 X-51.02048 Y24.40856
G01 X-51.08964 Y24.46035
G01 X-51.09038 Y24.45964
G01 X-51.08964 Y24.46035
G01 X-51.14143 Y24.52954
G01 X-51.14270 Y24.52888
G01 X-51.14143 Y24.52954
G01 X-51.14405 Y24.53658
G01 X-51.14265 Y24.53721
G01 X-51.14405 Y24.53658
G01 X-51.17290 Y24.61394
G01 X-51.17547 Y24.63790
G01 X-51.17664 Y24.63772
G01 X-51.17547 Y24.63790
G01 X-51.17547 Y26.34940
G01 X-51.17600 Y26.36385
G01 X-51.17725 Y26.38107
G01 X-51.17554 Y26.41371
G01 X-51.17402 Y26.41346
G01 X-51.17554 Y26.41371
G01 X-51.17549 Y26.41486
G01 X-51.17712 Y26.41516
G01 X-51.17549 Y26.41486
G01 X-51.17554 Y26.41371
G01 X-51.17549 Y26.41486
G01 X-51.17509 Y26.41760
G01 X-51.17394 Y26.42641
G01 X-51.17290 Y26.43614
G01 X-51.16442 Y26.45882
G01 X-51.16084 Y26.46934
G01 X-51.15682 Y26.48224
G01 X-51.15388 Y26.49263
G01 X-51.14905 Y26.51178
G01 X-51.01286 Y26.84252
G01 X-51.00389 Y26.86962
G01 X-50.99889 Y26.89773
G01 X-50.99157 Y26.96723
G01 X-50.99119 Y27.00525
G01 X-50.99802 Y27.04267
G01 X-51.01184 Y27.07810
G01 X-51.04326 Y27.14051
G01 X-51.06203 Y27.17076
G01 X-51.08588 Y27.19720
G01 X-51.11403 Y27.21899
G01 X-51.16559 Y27.25201
G01 X-51.18741 Y27.26413
G01 X-51.21055 Y27.27345
G01 X-51.35921 Y27.32273
G01 X-51.35949 Y27.32214
G01 X-51.35921 Y27.32273
G01 X-51.40712 Y27.35227
G01 X-51.40681 Y27.35278
G01 X-51.40712 Y27.35227
G01 X-51.46876 Y27.39027
G01 X-51.46917 Y27.38973
G01 X-51.46876 Y27.39027
G01 X-51.51446 Y27.43596
G01 X-51.51395 Y27.43634
G01 X-51.51446 Y27.43596
G01 X-51.52500 Y27.44650
G01 X-51.52751 Y27.44498
G01 X-51.52500 Y27.44650
G01 X-51.52500 Y27.45857
G01 X-51.53282 Y27.47858
G01 X-51.53335 Y27.48000
G01 X-51.55091 Y27.52903
G01 X-51.55167 Y27.53131
G01 X-51.56442 Y27.57327
G01 X-51.56508 Y27.57569
G01 X-51.57737 Y27.62468
G01 X-51.57791 Y27.62705
G01 X-51.58545 Y27.66484
G01 X-51.58573 Y27.66479
G01 X-51.58545 Y27.66484
G01 X-51.58588 Y27.66730
G01 X-51.59315 Y27.71633
G01 X-51.59342 Y27.71874
G01 X-51.59690 Y27.75392
G01 X-51.59708 Y27.75638
G01 X-51.59950 Y27.80538
G01 X-51.59955 Y27.80662
G01 X-51.59995 Y27.82379
G01 X-51.59998 Y27.82504
G01 X-51.59998 Y28.82501
G01 X-51.59995 Y28.82626
G01 X-51.59955 Y28.84343
G01 X-51.59950 Y28.84467
G01 X-51.59708 Y28.89367
G01 X-51.59690 Y28.89613
G01 X-51.59342 Y28.93131
G01 X-51.59315 Y28.93372
G01 X-51.59386 Y28.93382
G01 X-51.59315 Y28.93372
G01 X-51.58588 Y28.98274
G01 X-51.58545 Y28.98521
G01 X-51.57791 Y29.02300
G01 X-51.57737 Y29.02537
G01 X-51.56508 Y29.07436
G01 X-51.56442 Y29.07678
G01 X-51.55167 Y29.11874
G01 X-51.55091 Y29.12102
G01 X-51.53335 Y29.17004
G01 X-51.53282 Y29.17147
G01 X-51.52500 Y29.19148
G01 X-51.52500 Y29.20355
G01 X-51.52822 Y29.20538
G01 X-51.52500 Y29.20355
G01 X-51.49581 Y29.23271
G01 X-51.49518 Y29.23210
G01 X-51.49581 Y29.23271
G01 X-51.46876 Y29.25976
G01 X-51.46919 Y29.26029
G01 X-51.46876 Y29.25976
G01 X-51.35921 Y29.32735
G01 X-51.35949 Y29.32796
G01 X-51.35921 Y29.32735
G01 X-51.23567 Y29.36829
G01 X-51.23579 Y29.36888
G01 X-51.23567 Y29.36829
G01 X-51.16480 Y29.37551
G01 X-48.88512 Y29.37551
G01 X-48.81431 Y29.36829
G01 X-48.81411 Y29.36954
G01 X-48.81431 Y29.36829
G01 X-48.69074 Y29.32735
G01 X-48.69038 Y29.32811
G01 X-48.69074 Y29.32735
G01 X-48.58119 Y29.25978
G01 X-48.57314 Y29.25173
G01 X-48.54291 Y29.22689
G01 X-48.50280 Y29.20007
G01 X-48.46836 Y29.18163
G01 X-48.23659 Y29.08531
G01 X-48.20951 Y29.07627
G01 X-48.18144 Y29.07119
G01 X-48.11197 Y29.06364
G01 X-48.07636 Y29.06296
G01 X-48.04118 Y29.06860
G01 X-48.02406 Y29.07294
G01 X-48.01035 Y29.07695
G01 X-47.88563 Y29.11828
G01 X-47.88579 Y29.11924
G01 X-47.88563 Y29.11828
G01 X-47.81482 Y29.12552
G01 X-47.62450 Y29.12552
G01 X-47.59602 Y29.12758
G01 X-47.56816 Y29.13362
G01 X-47.50110 Y29.15331
G01 X-47.46577 Y29.16745
G01 X-47.43379 Y29.18800
G01 X-47.40626 Y29.21427
G01 X-47.36051 Y29.26707
G01 X-47.34091 Y29.29395
G01 X-47.32600 Y29.32371
G01 X-47.31624 Y29.35552
G01 X-47.30504 Y29.40703
G01 X-47.30164 Y29.42816
G01 X-47.30047 Y29.44952
G01 X-47.30047 Y30.87466
G01 X-47.29790 Y30.89864
G01 X-47.29945 Y30.89892
G01 X-47.29790 Y30.89864
G01 X-47.26643 Y30.98302
G01 X-47.26732 Y30.98350
G01 X-47.26643 Y30.98302
G01 X-47.21464 Y31.05221
G01 X-47.21538 Y31.05292
G01 X-47.21464 Y31.05221
G01 X-47.14548 Y31.10397
G01 X-47.14596 Y31.10489
G01 X-47.14548 Y31.10397
G01 X-47.06113 Y31.13545
G01 X-47.06140 Y31.13702
G01 X-47.06113 Y31.13545
G01 X-47.03715 Y31.13801
G01 X-45.84822 Y31.13801
G01 X-45.84825 Y31.13773
G01 X-45.84822 Y31.13801
G01 X-45.81277 Y31.13801
G01 X-45.81259 Y31.13920
G01 X-45.81277 Y31.13801
G01 X-45.78886 Y31.13545
G01 X-45.70449 Y31.10400
G01 X-45.70383 Y31.10527
G01 X-45.70449 Y31.10400
G01 X-45.70558 Y31.10222
G01 X-45.70449 Y31.10400
G01 X-45.63530 Y31.05218
G01 X-45.63459 Y31.05292
G01 X-45.63530 Y31.05218
G01 X-45.58353 Y30.98302
G01 X-45.58262 Y30.98353
G01 X-45.58353 Y30.98302
G01 X-45.55206 Y30.89867
G01 X-45.55061 Y30.89895
G01 X-45.55206 Y30.89867
G01 X-45.54949 Y30.87471
G01 X-45.54949 Y30.63093
G01 X-45.54744 Y30.60248
G01 X-45.54137 Y30.57459
G01 X-45.52168 Y30.50756
G01 X-45.50850 Y30.47408
G01 X-45.48950 Y30.44352
G01 X-45.47837 Y30.42877
G01 X-45.46900 Y30.41724
G01 X-45.04299 Y29.93179
G01 X-45.02270 Y29.91175
G01 X-44.99976 Y29.89481
G01 X-44.94076 Y29.85739
G01 X-44.90682 Y29.84015
G01 X-44.87025 Y29.82966
G01 X-44.83235 Y29.82630
G01 X-44.76248 Y29.82676
G01 X-44.72468 Y29.83062
G01 X-44.68828 Y29.84154
G01 X-44.65460 Y29.85917
G01 X-44.59608 Y29.89730
G01 X-44.56634 Y29.92100
G01 X-44.54162 Y29.94990
G01 X-44.52280 Y29.98295
G01 X-44.49418 Y30.04670
G01 X-44.48264 Y30.08000
G01 X-44.47711 Y30.11480
G01 X-44.47594 Y30.13166
G01 X-44.47523 Y30.14548
G01 X-44.47546 Y30.86486
G01 X-44.46824 Y30.93570
G01 X-44.46883 Y30.93583
G01 X-44.46824 Y30.93570
G01 X-44.42730 Y31.05925
G01 X-44.42791 Y31.05953
G01 X-44.42730 Y31.05925
G01 X-44.35973 Y31.16880
G01 X-44.36027 Y31.16920
G01 X-44.35973 Y31.16880
G01 X-44.26875 Y31.25978
G01 X-44.26916 Y31.26031
G01 X-44.26875 Y31.25978
G01 X-44.15920 Y31.32734
G01 X-44.15948 Y31.32795
G01 X-44.15920 Y31.32734
G01 X-44.03566 Y31.36829
G01 X-44.03586 Y31.36953
G01 X-44.03566 Y31.36829
G01 X-43.96481 Y31.37550
G01 X-41.68511 Y31.37565
G01 X-41.61427 Y31.36829
G01 X-41.61417 Y31.36887
G01 X-41.61427 Y31.36829
G01 X-41.49073 Y31.32732
G01 X-41.49035 Y31.32810
G01 X-41.49073 Y31.32732
G01 X-41.38118 Y31.25975
G01 X-41.37305 Y31.25165
G01 X-41.34295 Y31.22694
G01 X-41.30287 Y31.20011
G01 X-41.26838 Y31.18162
G01 X-41.03658 Y31.08531
G01 X-41.00950 Y31.07626
G01 X-40.98143 Y31.07118
G01 X-40.91199 Y31.06364
G01 X-40.87638 Y31.06295
G01 X-40.84120 Y31.06859
G01 X-40.82408 Y31.07294
G01 X-40.81034 Y31.07697
G01 X-40.68565 Y31.11830
G01 X-40.68578 Y31.11909
G01 X-40.68565 Y31.11830
G01 X-40.61481 Y31.12551
G01 X-40.42449 Y31.12551
G01 X-40.39601 Y31.12757
G01 X-40.36812 Y31.13364
G01 X-40.30109 Y31.15333
G01 X-40.26581 Y31.16745
G01 X-40.23383 Y31.18800
G01 X-40.20630 Y31.21421
G01 X-40.16053 Y31.26702
G01 X-40.14090 Y31.29392
G01 X-40.12601 Y31.32369
G01 X-40.11623 Y31.35551
G01 X-40.10503 Y31.40702
G01 X-40.10163 Y31.42816
G01 X-40.10046 Y31.44952
G01 X-40.10046 Y32.87466
G01 X-40.09789 Y32.89866
G01 X-40.09947 Y32.89897
G01 X-40.09789 Y32.89866
G01 X-40.06645 Y32.98302
G01 X-40.06734 Y32.98350
G01 X-40.06645 Y32.98302
G01 X-40.01463 Y33.05221
G01 X-40.01537 Y33.05292
G01 X-40.01463 Y33.05221
G01 X-39.94547 Y33.10400
G01 X-39.94595 Y33.10489
G01 X-39.94547 Y33.10400
G01 X-39.86111 Y33.13544
G01 X-39.86139 Y33.13702
G01 X-39.86111 Y33.13544
G01 X-39.83711 Y33.13801
G01 X-38.64824 Y33.13801
G01 X-38.61283 Y33.13801
G01 X-38.61265 Y33.13920
G01 X-38.61283 Y33.13801
G01 X-38.58883 Y33.13544
G01 X-38.50447 Y33.10400
G01 X-38.43531 Y33.05221
G01 X-38.43457 Y33.05292
G01 X-38.43531 Y33.05221
G01 X-38.38349 Y32.98302
G01 X-38.38261 Y32.98350
G01 X-38.38349 Y32.98302
G01 X-38.35205 Y32.89866
G01 X-38.35060 Y32.89894
G01 X-38.35205 Y32.89866
G01 X-38.34946 Y32.87466
G01 X-38.34948 Y32.63092
G01 X-38.34743 Y32.60247
G01 X-38.34136 Y32.57458
G01 X-38.32167 Y32.50755
G01 X-38.30854 Y32.47418
G01 X-38.28962 Y32.44367
G01 X-38.27852 Y32.42892
G01 X-38.26902 Y32.41723
G01 X-37.84301 Y31.93179
G01 X-37.82269 Y31.91172
G01 X-37.79973 Y31.89475
G01 X-37.74072 Y31.85736
G01 X-37.70684 Y31.84017
G01 X-37.67029 Y31.82970
G01 X-37.63244 Y31.82633
G01 X-37.56257 Y31.82676
G01 X-37.52472 Y31.83059
G01 X-37.48830 Y31.84154
G01 X-37.45462 Y31.85917
G01 X-37.39607 Y31.89732
G01 X-37.36633 Y31.92102
G01 X-37.34161 Y31.94990
G01 X-37.32282 Y31.98294
G01 X-37.29419 Y32.04667
G01 X-37.28258 Y32.08012
G01 X-37.27710 Y32.11510
G01 X-37.27595 Y32.13196
G01 X-37.27522 Y32.14548
G01 X-37.27547 Y32.86488
G01 X-37.26823 Y32.93570
G01 X-37.26882 Y32.93582
G01 X-37.26823 Y32.93570
G01 X-37.22729 Y33.05927
G01 X-37.22792 Y33.05957
G01 X-37.22729 Y33.05927
G01 X-37.15975 Y33.16879
G01 X-37.16028 Y33.16920
G01 X-37.15975 Y33.16879
G01 X-37.06871 Y33.25980
G01 X-37.06915 Y33.26033
G01 X-37.06871 Y33.25980
G01 X-36.95924 Y33.32734
G01 X-36.95952 Y33.32797
G01 X-36.95924 Y33.32734
G01 X-36.83564 Y33.36828
G01 X-36.83585 Y33.36953
G01 X-36.83564 Y33.36828
G01 X-36.76473 Y33.37552
G01 X-34.48513 Y33.37567
G01 X-34.41434 Y33.36828
G01 X-34.41421 Y33.36887
G01 X-34.41434 Y33.36828
G01 X-34.29072 Y33.32731
G01 X-34.29034 Y33.32808
G01 X-34.29072 Y33.32731
G01 X-34.18124 Y33.25983
G01 X-34.17322 Y33.25180
G01 X-34.15869 Y33.23859
G01 X-34.14291 Y33.22688
G01 X-34.10281 Y33.20006
G01 X-34.06834 Y33.18162
G01 X-33.83656 Y33.08533
G01 X-33.80954 Y33.07629
G01 X-33.78150 Y33.07121
G01 X-33.71203 Y33.06364
G01 X-33.67626 Y33.06295
G01 X-33.64093 Y33.06866
G01 X-33.62381 Y33.07303
G01 X-33.61035 Y33.07697
G01 X-33.48566 Y33.11830
G01 X-33.48579 Y33.11906
G01 X-33.48566 Y33.11830
G01 X-33.41482 Y33.12551
G01 X-33.22448 Y33.12551
G01 X-33.19600 Y33.12757
G01 X-33.16811 Y33.13364
G01 X-33.10108 Y33.15332
G01 X-33.06578 Y33.16745
G01 X-33.03377 Y33.18802
G01 X-33.00626 Y33.21426
G01 X-32.96052 Y33.26706
G01 X-32.94091 Y33.29394
G01 X-32.92600 Y33.32371
G01 X-32.91625 Y33.35551
G01 X-32.90504 Y33.40702
G01 X-32.90164 Y33.42815
G01 X-32.90047 Y33.44951
G01 X-32.90045 Y34.87471
G01 X-32.89788 Y34.89866
G01 X-32.89946 Y34.89894
G01 X-32.89788 Y34.89866
G01 X-32.86641 Y34.98301
G01 X-32.86733 Y34.98352
G01 X-32.86641 Y34.98301
G01 X-32.81465 Y35.05218
G01 X-32.81536 Y35.05291
G01 X-32.81465 Y35.05218
G01 X-32.74546 Y35.10399
G01 X-32.74594 Y35.10488
G01 X-32.74546 Y35.10399
G01 X-32.66110 Y35.13544
G01 X-32.66138 Y35.13701
G01 X-32.66110 Y35.13544
G01 X-32.63710 Y35.13800
G01 X-31.44823 Y35.13800
G01 X-31.41285 Y35.13800
G01 X-31.41267 Y35.13920
G01 X-31.41285 Y35.13800
G01 X-31.38884 Y35.13544
G01 X-31.30446 Y35.10397
G01 X-31.23532 Y35.05220
G01 X-31.23459 Y35.05291
G01 X-31.23532 Y35.05220
G01 X-31.18351 Y34.98301
G01 X-31.18262 Y34.98349
G01 X-31.18351 Y34.98301
G01 X-31.15206 Y34.89866
G01 X-31.15062 Y34.89894
G01 X-31.15206 Y34.89866
G01 X-31.14947 Y34.87466
G01 X-31.14950 Y34.63092
G01 X-31.14744 Y34.60247
G01 X-31.14137 Y34.57458
G01 X-31.12169 Y34.50755
G01 X-31.10850 Y34.47407
G01 X-31.08950 Y34.44352
G01 X-31.07838 Y34.42876
G01 X-31.06901 Y34.41723
G01 X-30.64300 Y33.93178
G01 X-30.62268 Y33.91172
G01 X-30.59972 Y33.89475
G01 X-30.54071 Y33.85736
G01 X-30.50683 Y33.84016
G01 X-30.47028 Y33.82970
G01 X-30.43243 Y33.82632
G01 X-30.36256 Y33.82675
G01 X-30.32471 Y33.83059
G01 X-30.28829 Y33.84154
G01 X-30.25461 Y33.85916
G01 X-30.19606 Y33.89731
G01 X-30.16629 Y33.92104
G01 X-30.14158 Y33.94994
G01 X-30.12278 Y33.98301
G01 X-30.09418 Y34.04674
G01 X-30.08265 Y34.08002
G01 X-30.07711 Y34.11479
G01 X-30.07594 Y34.13166
G01 X-30.07546 Y34.14547
G01 X-30.07548 Y34.86483
G01 X-30.06825 Y34.93569
G01 X-30.06883 Y34.93582
G01 X-30.06825 Y34.93569
G01 X-30.04401 Y35.00874
G01 X-30.02730 Y35.05926
G01 X-30.02791 Y35.05954
G01 X-30.02730 Y35.05926
G01 X-29.95974 Y35.16881
G01 X-29.96027 Y35.16922
G01 X-29.95974 Y35.16881
G01 X-29.86873 Y35.25980
G01 X-29.86916 Y35.26033
G01 X-29.86873 Y35.25980
G01 X-29.75923 Y35.32733
G01 X-29.75951 Y35.32797
G01 X-29.75923 Y35.32733
G01 X-29.70868 Y35.34405
G01 X-29.63563 Y35.36828
G01 X-29.63584 Y35.36952
G01 X-29.63563 Y35.36828
G01 X-29.56482 Y35.37552
G01 X-29.52624 Y35.37552
G01 X-27.28512 Y35.37567
G01 X-27.21430 Y35.36828
G01 X-27.21417 Y35.36886
G01 X-27.21430 Y35.36828
G01 X-27.09073 Y35.32733
G01 X-27.09035 Y35.32812
G01 X-27.09073 Y35.32733
G01 X-26.98121 Y35.25980
G01 X-26.97313 Y35.25172
G01 X-26.94290 Y35.22688
G01 X-26.90280 Y35.20006
G01 X-26.86833 Y35.18161
G01 X-26.63655 Y35.08532
G01 X-26.60950 Y35.07628
G01 X-26.58144 Y35.07120
G01 X-26.51199 Y35.06366
G01 X-26.47638 Y35.06297
G01 X-26.44120 Y35.06861
G01 X-26.42408 Y35.07295
G01 X-26.41037 Y35.07697
G01 X-26.28568 Y35.11829
G01 X-26.28580 Y35.11905
G01 X-26.28568 Y35.11829
G01 X-26.21481 Y35.12551
G01 X-26.02449 Y35.12551
G01 X-25.99602 Y35.12756
G01 X-25.96813 Y35.13363
G01 X-25.90110 Y35.15332
G01 X-25.86582 Y35.16744
G01 X-25.83384 Y35.18799
G01 X-25.80630 Y35.21420
G01 X-25.76053 Y35.26701
G01 X-25.74090 Y35.29391
G01 X-25.72601 Y35.32368
G01 X-25.71624 Y35.35550
G01 X-25.70503 Y35.40701
G01 X-25.70163 Y35.42815
G01 X-25.70046 Y35.44951
G01 X-25.70046 Y36.87473
G01 X-25.69790 Y36.89863
G01 X-25.69947 Y36.89891
G01 X-25.69790 Y36.89863
G01 X-25.66643 Y36.98303
G01 X-25.66731 Y36.98352
G01 X-25.66643 Y36.98303
G01 X-25.61464 Y37.05220
G01 X-25.61537 Y37.05293
G01 X-25.61464 Y37.05220
G01 X-25.54550 Y37.10396
G01 X-25.54598 Y37.10488
G01 X-25.54550 Y37.10396
G01 X-25.46109 Y37.13546
G01 X-25.46137 Y37.13701
G01 X-25.46109 Y37.13546
G01 X-25.43704 Y37.13802
G01 X-24.21291 Y37.13802
G01 X-24.21273 Y37.13922
G01 X-24.21291 Y37.13802
G01 X-24.18886 Y37.13546
G01 X-24.10448 Y37.10399
G01 X-24.10382 Y37.10526
G01 X-24.10448 Y37.10399
G01 X-24.03529 Y37.05220
G01 X-24.03458 Y37.05291
G01 X-24.03529 Y37.05220
G01 X-23.98350 Y36.98301
G01 X-23.98261 Y36.98349
G01 X-23.98350 Y36.98301
G01 X-23.95205 Y36.89865
G01 X-23.95061 Y36.89893
G01 X-23.95205 Y36.89865
G01 X-23.94949 Y36.87470
G01 X-23.94949 Y36.63094
G01 X-23.94743 Y36.60249
G01 X-23.94138 Y36.57463
G01 X-23.92170 Y36.50757
G01 X-23.90844 Y36.47399
G01 X-23.88939 Y36.44336
G01 X-23.87827 Y36.42863
G01 X-23.86899 Y36.41725
G01 X-23.26986 Y35.73447
G01 X-23.24761 Y35.70714
G01 X-23.24093 Y35.69932
G01 X-23.23242 Y35.68989
G01 X-23.22538 Y35.68253
G01 X-23.17804 Y35.63544
G01 X-23.09056 Y35.50417
G01 X-23.09013 Y35.50440
G01 X-23.09056 Y35.50417
G01 X-23.03024 Y35.35853
G01 X-23.02983 Y35.35865
G01 X-23.03024 Y35.35853
G01 X-22.99866 Y35.19980
G01 X-22.99112 Y35.17227
G01 X-22.97974 Y35.14613
G01 X-22.94736 Y35.08421
G01 X-22.92660 Y35.05230
G01 X-22.90019 Y35.02495
G01 X-22.86907 Y35.00305
G01 X-22.80834 Y34.96848
G01 X-22.77748 Y34.95426
G01 X-22.74469 Y34.94545
G01 X-22.73123 Y34.94303
G01 X-22.72015 Y34.94136
G01 X-22.62582 Y34.92988
G01 X-22.61990 Y34.92899
G01 X-22.60496 Y34.92734
G01 X-22.58708 Y34.92604
G01 X-22.57265 Y34.92528
G01 X-21.09077 Y34.92551
G01 X-21.06229 Y34.92756
G01 X-21.03441 Y34.93363
G01 X-20.96737 Y34.95332
G01 X-20.93103 Y34.96798
G01 X-20.89826 Y34.98946
G01 X-20.87761 Y35.00610
G01 X-20.86166 Y35.02043
G01 X-20.70459 Y35.17750
G01 X-20.69095 Y35.19259
G01 X-20.67507 Y35.21207
G01 X-20.66308 Y35.22840
G01 X-19.82887 Y36.49518
G01 X-19.81493 Y36.52007
G01 X-19.80464 Y36.54671
G01 X-19.78422 Y36.61351
G01 X-19.77769 Y36.64239
G01 X-19.77548 Y36.67196
G01 X-19.77548 Y37.01217
G01 X-19.77289 Y37.03617
G01 X-19.77436 Y37.03645
G01 X-19.77289 Y37.03617
G01 X-19.74142 Y37.12052
G01 X-19.74233 Y37.12103
G01 X-19.74142 Y37.12052
G01 X-19.68965 Y37.18969
G01 X-19.69036 Y37.19042
G01 X-19.68965 Y37.18969
G01 X-19.62024 Y37.24155
G01 X-19.53609 Y37.27295
G01 X-19.51218 Y37.27551
G01 X-19.51234 Y37.27668
G01 X-19.51218 Y37.27551
G01 X-19.47673 Y37.27551
G01 X-17.77322 Y37.27551
G01 X-17.73779 Y37.27551
G01 X-17.73761 Y37.27668
G01 X-17.73779 Y37.27551
G01 X-17.71386 Y37.27295
G01 X-17.63652 Y37.24407
G01 X-17.62951 Y37.24148
G01 X-17.62885 Y37.24277
G01 X-17.62951 Y37.24148
G01 X-17.56032 Y37.18969
G01 X-17.55958 Y37.19042
G01 X-17.56032 Y37.18969
G01 X-17.50850 Y37.12052
G01 X-17.50723 Y37.12118
G01 X-17.50850 Y37.12052
G01 X-17.47706 Y37.03617
G01 X-17.47449 Y37.01222
G01 X-17.47333 Y37.01240
G01 X-17.47449 Y37.01222
G01 X-17.47449 Y36.97676
G01 X-17.47449 Y35.27328
G01 X-17.47449 Y35.23782
G01 X-17.47333 Y35.23765
G01 X-17.47449 Y35.23782
G01 X-17.47706 Y35.21390
G01 X-17.50843 Y35.12977
G01 X-17.56032 Y35.06036
G01 X-17.55958 Y35.05964
G01 X-17.56032 Y35.06036
G01 X-17.62948 Y35.00859
G01 X-17.62898 Y35.00768
G01 X-17.62948 Y35.00859
G01 X-17.71389 Y34.97709
G01 X-17.71361 Y34.97562
G01 X-17.71389 Y34.97709
G01 X-17.73784 Y34.97453
G01 X-18.07665 Y34.97453
G01 X-18.10510 Y34.97247
G01 X-18.13299 Y34.96640
G01 X-18.20002 Y34.94672
G01 X-18.22776 Y34.93630
G01 X-18.25366 Y34.92187
G01 X-19.24340 Y34.27014
G01 X-19.26606 Y34.25276
G01 X-19.28602 Y34.23237
G01 X-19.33118 Y34.17905
G01 X-19.35287 Y34.14783
G01 X-19.36829 Y34.11306
G01 X-19.37683 Y34.07603
G01 X-19.38600 Y34.00676
G01 X-19.38739 Y33.96874
G01 X-19.38155 Y33.93117
G01 X-19.36870 Y33.89536
G01 X-19.33896 Y33.83214
G01 X-19.31960 Y33.79947
G01 X-19.29440 Y33.77103
G01 X-19.26431 Y33.74789
G01 X-19.20512 Y33.71075
G01 X-19.18021 Y33.69747
G01 X-19.15369 Y33.68784
G01 X-19.12608 Y33.68202
G01 X-19.09247 Y33.67740
G01 X-19.06522 Y33.67552
G01 X-17.73784 Y33.67552
G01 X-17.73766 Y33.67666
G01 X-17.73784 Y33.67552
G01 X-17.71389 Y33.67296
G01 X-17.62946 Y33.64146
G01 X-17.62882 Y33.64276
G01 X-17.62946 Y33.64146
G01 X-17.56030 Y33.58970
G01 X-17.55958 Y33.59043
G01 X-17.56030 Y33.58970
G01 X-17.50850 Y33.52051
G01 X-17.50723 Y33.52117
G01 X-17.50850 Y33.52051
G01 X-17.47706 Y33.43618
G01 X-17.47449 Y33.41223
G01 X-17.47333 Y33.41240
G01 X-17.47449 Y33.41223
G01 X-17.47449 Y31.63783
G01 X-17.47706 Y31.61388
G01 X-17.47548 Y31.61360
G01 X-17.47706 Y31.61388
G01 X-17.50850 Y31.52953
G01 X-17.50762 Y31.52904
G01 X-17.50850 Y31.52953
G01 X-17.56032 Y31.46036
G01 X-17.55958 Y31.45963
G01 X-17.56032 Y31.46036
G01 X-17.62948 Y31.40857
G01 X-17.62882 Y31.40730
G01 X-17.62948 Y31.40857
G01 X-17.71386 Y31.37710
G01 X-17.73779 Y31.37454
G01 X-17.73761 Y31.37342
G01 X-17.73779 Y31.37454
G01 X-18.07665 Y31.37454
G01 X-18.10510 Y31.37248
G01 X-18.13299 Y31.36641
G01 X-18.20002 Y31.34672
G01 X-18.22776 Y31.33631
G01 X-18.25366 Y31.32188
G01 X-19.24340 Y30.67012
G01 X-19.26603 Y30.65277
G01 X-19.28600 Y30.63237
G01 X-19.33116 Y30.57908
G01 X-19.35287 Y30.54787
G01 X-19.36829 Y30.51309
G01 X-19.37683 Y30.47604
G01 X-19.38600 Y30.40677
G01 X-19.38739 Y30.36877
G01 X-19.38155 Y30.33121
G01 X-19.36872 Y30.29542
G01 X-19.33898 Y30.23217
G01 X-19.31960 Y30.19946
G01 X-19.29438 Y30.17101
G01 X-19.26423 Y30.14782
G01 X-19.20505 Y30.11071
G01 X-19.18021 Y30.09747
G01 X-19.15376 Y30.08785
G01 X-19.12621 Y30.08206
G01 X-19.09260 Y30.07741
G01 X-19.06522 Y30.07550
G01 X-17.73784 Y30.07550
G01 X-17.71384 Y30.07294
G01 X-17.71353 Y30.07451
G01 X-17.71384 Y30.07294
G01 X-17.62948 Y30.04149
G01 X-17.62900 Y30.04238
G01 X-17.62948 Y30.04149
G01 X-17.56030 Y29.98970
G01 X-17.55958 Y29.99041
G01 X-17.56030 Y29.98970
G01 X-17.50850 Y29.92051
G01 X-17.50762 Y29.92100
G01 X-17.50850 Y29.92051
G01 X-17.47706 Y29.83616
G01 X-17.47548 Y29.83644
G01 X-17.47706 Y29.83616
G01 X-17.47449 Y29.81221
G01 X-17.47449 Y28.03784
G01 X-17.47333 Y28.03766
G01 X-17.47449 Y28.03784
G01 X-17.47706 Y28.01389
G01 X-17.50850 Y27.92953
G01 X-17.50723 Y27.92887
G01 X-17.50850 Y27.92953
G01 X-17.56030 Y27.86034
G01 X-17.55958 Y27.85963
G01 X-17.56030 Y27.86034
G01 X-17.62948 Y27.80855
G01 X-17.62900 Y27.80766
G01 X-17.62948 Y27.80855
G01 X-17.71384 Y27.77711
G01 X-17.71356 Y27.77564
G01 X-17.71384 Y27.77711
G01 X-17.73784 Y27.77452
G01 X-18.07665 Y27.77454
G01 X-18.10510 Y27.77249
G01 X-18.13299 Y27.76642
G01 X-18.20002 Y27.74673
G01 X-18.22776 Y27.73632
G01 X-18.25366 Y27.72189
G01 X-18.98567 Y27.23985
G01 X-19.00832 Y27.22247
G01 X-19.02829 Y27.20208
G01 X-19.07345 Y27.14876
G01 X-19.09514 Y27.11755
G01 X-19.11056 Y27.08277
G01 X-19.11909 Y27.04574
G01 X-19.12826 Y26.97647
G01 X-19.12966 Y26.93848
G01 X-19.12384 Y26.90094
G01 X-19.11099 Y26.86515
G01 X-19.08127 Y26.80193
G01 X-19.06418 Y26.77239
G01 X-19.04231 Y26.74620
G01 X-19.01630 Y26.72410
G01 X-18.97093 Y26.69179
G01 X-18.95183 Y26.67975
G01 X-18.93151 Y26.66995
G01 X-18.84581 Y26.63441
G01 X-18.84566 Y26.63469
G01 X-18.84581 Y26.63441
G01 X-18.71782 Y26.54889
G01 X-18.69824 Y26.53736
G01 X-18.67746 Y26.52814
G01 X-18.62522 Y26.50838
G01 X-18.60360 Y26.50157
G01 X-18.58138 Y26.49725
G01 X-18.44424 Y26.47863
G01 X-18.43185 Y26.47734
G01 X-18.41404 Y26.47604
G01 X-18.39954 Y26.47551
G01 X-17.73779 Y26.47551
G01 X-17.71384 Y26.47295
G01 X-17.71356 Y26.47449
G01 X-17.71384 Y26.47295
G01 X-17.62948 Y26.44150
G01 X-17.62900 Y26.44239
G01 X-17.62948 Y26.44150
G01 X-17.56030 Y26.38971
G01 X-17.55958 Y26.39042
G01 X-17.56030 Y26.38971
G01 X-17.50845 Y26.32029
G01 X-17.47706 Y26.23617
G01 X-17.47449 Y26.21221
G01 X-17.47333 Y26.21239
G01 X-17.47449 Y26.21221
G01 X-17.47449 Y26.17676
G01 X-17.47449 Y24.47328
G01 X-17.47449 Y24.43823
G01 X-17.47449 Y24.43782
G01 X-17.47706 Y24.41392
G01 X-17.50850 Y24.32954
G01 X-17.50723 Y24.32888
G01 X-17.50850 Y24.32954
G01 X-17.56030 Y24.26035
G01 X-17.55958 Y24.25964
G01 X-17.56030 Y24.26035
G01 X-17.62948 Y24.20859
G01 X-17.62882 Y24.20729
G01 X-17.62948 Y24.20859
G01 X-17.71384 Y24.17712
G01 X-17.73779 Y24.17455
G01 X-17.73761 Y24.17338
G01 X-17.73779 Y24.17455
G01 X-19.51216 Y24.17455
G01 X-19.53611 Y24.17712
G01 X-19.53639 Y24.17554
G01 X-19.53611 Y24.17712
G01 X-19.62046 Y24.20859
G01 X-19.62097 Y24.20767
G01 X-19.62046 Y24.20859
G01 X-19.68965 Y24.26038
G01 X-19.69036 Y24.25964
G01 X-19.68965 Y24.26038
G01 X-19.74142 Y24.32952
G01 X-19.74284 Y24.32880
G01 X-19.74142 Y24.32952
G01 X-19.77281 Y24.41372
G01 X-19.77670 Y24.45050
G01 X-19.78051 Y24.47358
G01 X-19.78699 Y24.49606
G01 X-19.81023 Y24.56198
G01 X-19.82117 Y24.58730
G01 X-19.83550 Y24.61087
G01 X-19.85292 Y24.63226
G01 X-19.87462 Y24.65540
G01 X-19.89326 Y24.67290
G01 X-20.35099 Y25.05047
G01 X-20.37423 Y25.06700
G01 X-20.39958 Y25.08006
G01 X-20.46382 Y25.10754
G01 X-20.49659 Y25.11831
G01 X-20.53072 Y25.12332
G01 X-20.54538 Y25.12418
G01 X-20.55716 Y25.12454
G01 X-23.62437 Y25.12476
G01 X-23.69269 Y25.11984
G01 X-23.75708 Y25.11059
G01 X-23.91296 Y25.06375
G01 X-23.92782 Y25.05697
G01 X-23.93636 Y25.05397
G01 X-23.94527 Y25.05258
G01 X-23.94578 Y25.04539
G01 X-23.94527 Y25.05258
G01 X-23.95431 Y25.05278
G01 X-23.96315 Y25.05463
G01 X-23.97153 Y25.05804
G01 X-24.10844 Y25.12878
G01 X-24.11535 Y25.13236
G01 X-24.25434 Y25.15626
G01 X-25.39569 Y25.15626
G01 X-25.53407 Y25.13251
G01 X-25.54166 Y25.12863
G01 X-25.56627 Y25.09863
G01 X-25.58476 Y25.06406
G01 X-25.59614 Y25.02654
G01 X-25.59998 Y24.98750
G01 X-25.59998 Y24.82504
G01 X-25.57191 Y24.79642
G01 X-25.59998 Y24.82504
G01 X-25.70173 Y24.82504
G01 X-25.71646 Y24.80526
G01 X-25.70173 Y24.82504
G01 X-25.70201 Y24.82898
G01 X-25.70806 Y24.85684
G01 X-25.72774 Y24.92390
G01 X-25.74189 Y24.95923
G01 X-25.76244 Y24.99121
G01 X-25.78870 Y25.01874
G01 X-25.84151 Y25.06449
G01 X-25.86838 Y25.08410
G01 X-25.89815 Y25.09901
G01 X-25.92995 Y25.10876
G01 X-25.98146 Y25.11996
G01 X-26.00259 Y25.12337
G01 X-26.02398 Y25.12454
G01 X-26.46355 Y25.12454
G01 X-26.49200 Y25.12248
G01 X-26.51989 Y25.11641
G01 X-26.58692 Y25.09672
G01 X-26.62220 Y25.08260
G01 X-26.65418 Y25.06205
G01 X-26.68171 Y25.03584
G01 X-26.72749 Y24.98303
G01 X-26.74953 Y24.95204
G01 X-26.76536 Y24.91742
G01 X-26.77432 Y24.88047
G01 X-26.78227 Y24.82504
G01 X-26.76294 Y24.80185
G01 X-26.78227 Y24.82504
G01 X-26.92301 Y24.82504
G01 X-26.92878 Y24.81387
G01 X-26.92301 Y24.82504
G01 X-26.94074 Y24.85819
G01 X-26.95083 Y24.87503
G01 X-26.96251 Y24.89078
G01 X-26.99360 Y24.92868
G01 X-27.00678 Y24.94320
G01 X-27.02134 Y24.95639
G01 X-27.05921 Y24.98748
G01 X-27.09182 Y25.00927
G01 X-27.13503 Y25.03236
G01 X-27.15278 Y25.04077
G01 X-27.17125 Y25.04737
G01 X-27.21816 Y25.06159
G01 X-27.25662 Y25.06924
G01 X-27.30539 Y25.07404
G01 X-27.32499 Y25.07501
G01 X-29.52499 Y25.07501
G01 X-29.54460 Y25.07404
G01 X-29.59337 Y25.06924
G01 X-29.63182 Y25.06159
G01 X-29.67871 Y25.04737
G01 X-29.69720 Y25.04077
G01 X-29.71493 Y25.03236
G01 X-29.75816 Y25.00927
G01 X-29.79075 Y24.98748
G01 X-29.82865 Y24.95639
G01 X-29.84318 Y24.94320
G01 X-29.85636 Y24.92868
G01 X-29.88745 Y24.89078
G01 X-29.89916 Y24.87503
G01 X-29.90924 Y24.85819
G01 X-29.93233 Y24.81496
G01 X-29.94734 Y24.77874
G01 X-29.96157 Y24.73185
G01 X-29.96921 Y24.69340
G01 X-29.97401 Y24.64463
G01 X-29.97498 Y24.62502
G01 X-29.97498 Y24.57501
G01 X-29.94871 Y24.54742
G01 X-29.97498 Y24.57501
G01 X-30.07495 Y24.57501
G01 X-30.10746 Y24.54402
G01 X-30.07495 Y24.57501
G01 X-30.07495 Y24.66485
G01 X-30.06482 Y24.76416
G01 X-30.06433 Y24.79916
G01 X-30.06825 Y24.82322
G01 X-30.07091 Y24.85913
G01 X-30.07734 Y24.89665
G01 X-30.09078 Y24.93226
G01 X-30.11069 Y24.96467
G01 X-30.15275 Y25.02045
G01 X-30.17841 Y25.04849
G01 X-30.20891 Y25.07117
G01 X-30.24315 Y25.08765
G01 X-30.30871 Y25.11186
G01 X-30.33954 Y25.12052
G01 X-30.37137 Y25.12413
G01 X-30.37980 Y25.12441
G01 X-30.38643 Y25.12454
G01 X-39.55921 Y25.12454
G01 X-39.58766 Y25.12248
G01 X-39.61555 Y25.11641
G01 X-39.68258 Y25.09672
G01 X-39.71892 Y25.08207
G01 X-39.75169 Y25.06058
G01 X-39.77234 Y25.04394
G01 X-39.78829 Y25.02962
G01 X-40.71468 Y24.10325
G01 X-40.71438 Y24.10287
G01 X-40.71468 Y24.10325
G01 X-40.84580 Y24.01562
G01 X-40.84557 Y24.01519
G01 X-40.84580 Y24.01562
G01 X-40.99149 Y23.95530
G01 X-40.99134 Y23.95484
G01 X-40.99149 Y23.95530
G01 X-41.14615 Y23.92454
G01 X-41.14610 Y23.92406
G01 X-41.14615 Y23.92454
G01 X-41.22497 Y23.92454
G01 X-44.02496 Y23.92477
G01 X-44.02621 Y23.92479
G01 X-44.05084 Y23.92540
G01 X-44.05206 Y23.92545
G01 X-44.10109 Y23.92787
G01 X-44.10596 Y23.92835
G01 X-44.10601 Y23.92787
G01 X-44.10596 Y23.92835
G01 X-44.15450 Y23.93554
G01 X-44.15570 Y23.93574
G01 X-44.17990 Y23.93996
G01 X-44.18229 Y23.94041
G01 X-44.20627 Y23.94580
G01 X-44.20746 Y23.94608
G01 X-44.25511 Y23.95802
G01 X-44.25521 Y23.95769
G01 X-44.25511 Y23.95802
G01 X-44.25981 Y23.95944
G01 X-44.30596 Y23.97595
G01 X-44.30825 Y23.97684
G01 X-44.35371 Y23.99566
G01 X-44.35392 Y23.99528
G01 X-44.35371 Y23.99566
G01 X-44.35595 Y23.99667
G01 X-44.40030 Y24.01763
G01 X-44.40462 Y24.01994
G01 X-44.44670 Y24.04519
G01 X-44.44879 Y24.04648
G01 X-44.48968 Y24.07381
G01 X-44.49169 Y24.07524
G01 X-44.53111 Y24.10447
G01 X-44.53489 Y24.10757
G01 X-44.53530 Y24.10706
G01 X-44.53489 Y24.10757
G01 X-44.57124 Y24.14051
G01 X-44.57213 Y24.14135
G01 X-44.58996 Y24.15832
G01 X-44.59082 Y24.15918
G01 X-45.96583 Y25.53419
G01 X-45.96669 Y25.53505
G01 X-45.98366 Y25.55288
G01 X-45.98450 Y25.55377
G01 X-46.01744 Y25.59012
G01 X-46.02054 Y25.59390
G01 X-46.04977 Y25.63332
G01 X-46.05120 Y25.63533
G01 X-46.05165 Y25.63502
G01 X-46.05120 Y25.63533
G01 X-46.07853 Y25.67622
G01 X-46.07982 Y25.67831
G01 X-46.10504 Y25.72039
G01 X-46.10736 Y25.72471
G01 X-46.12834 Y25.76906
G01 X-46.12933 Y25.77130
G01 X-46.14817 Y25.81676
G01 X-46.14904 Y25.81905
G01 X-46.14982 Y25.81877
G01 X-46.14904 Y25.81905
G01 X-46.16557 Y25.86523
G01 X-46.16699 Y25.86992
G01 X-46.17893 Y25.91755
G01 X-46.17947 Y25.91994
G01 X-46.18904 Y25.96809
G01 X-46.18945 Y25.97051
G01 X-46.19666 Y26.01910
G01 X-46.19732 Y26.01902
G01 X-46.19666 Y26.01910
G01 X-46.19714 Y26.02398
G01 X-46.19956 Y26.07295
G01 X-46.19961 Y26.07417
G01 X-46.20022 Y26.09880
G01 X-46.20024 Y26.10005
G01 X-46.20022 Y26.78323
G01 X-46.20103 Y26.81092
G01 X-46.20238 Y26.83416
G01 X-46.20334 Y26.84305
G01 X-46.20342 Y26.84389
G01 X-46.22160 Y27.04386
G01 X-46.23278 Y27.11224
G01 X-46.24789 Y27.17571
G01 X-46.30921 Y27.32814
G01 X-46.33992 Y27.38191
G01 X-46.38020 Y27.40540
G01 X-46.43402 Y27.42433
G01 X-46.49046 Y27.43271
G01 X-46.54167 Y27.43535
G01 X-46.49046 Y27.43271
G01 X-46.43402 Y27.42433
G01 X-46.38020 Y27.40540
G01 X-46.33992 Y27.38191
G01 X-46.34413 Y27.38928
G01 X-46.43524 Y27.51221
G01 X-46.45483 Y27.49738
G01 X-46.45556 Y27.49684
G01 X-46.48528 Y27.47513
G01 X-46.48599 Y27.47462
G01 X-46.53687 Y27.43883
G01 X-46.54167 Y27.43535
G01 X-46.59615 Y27.39621
G01 X-46.63682 Y27.36436
G01 X-46.67395 Y27.33263
G01 X-46.67436 Y27.33228
G01 X-46.71718 Y27.29646
G01 X-46.71769 Y27.29603
G01 X-46.72770 Y27.28788
G01 X-46.72818 Y27.28750
G01 X-46.75668 Y27.26484
G01 X-46.78167 Y27.24361
G01 X-46.78490 Y27.24086
G01 X-46.79747 Y27.23210
G01 X-46.79951 Y27.23073
G01 X-46.84091 Y27.20411
G01 X-46.84302 Y27.20284
G01 X-46.88802 Y27.17698
G01 X-46.88757 Y27.17592
G01 X-46.88802 Y27.17698
G01 X-46.89562 Y27.17343
G01 X-46.93926 Y27.15732
G01 X-46.94144 Y27.15656
G01 X-46.98815 Y27.14175
G01 X-46.98924 Y27.14142
G01 X-47.01124 Y27.13497
G01 X-47.01896 Y27.13337
G01 X-47.04528 Y27.13002
G01 X-47.04657 Y27.12989
G01 X-47.08279 Y27.12623
G01 X-47.08269 Y27.12540
G01 X-47.08279 Y27.12623
G01 X-47.08533 Y27.12606
G01 X-47.09793 Y27.12545
G01 X-47.09917 Y27.12540
G01 X-47.12374 Y27.12479
G01 X-47.12498 Y27.12476
G01 X-47.77499 Y27.12476
G01 X-47.77621 Y27.12479
G01 X-47.80077 Y27.12540
G01 X-47.80202 Y27.12545
G01 X-47.81464 Y27.12606
G01 X-47.81718 Y27.12623
G01 X-47.85338 Y27.12987
G01 X-47.85388 Y27.12994
G01 X-47.86432 Y27.13108
G01 X-47.86564 Y27.13126
G01 X-47.86580 Y27.13022
G01 X-47.86564 Y27.13126
G01 X-47.88147 Y27.13342
G01 X-47.88868 Y27.13497
G01 X-47.91070 Y27.14142
G01 X-47.91180 Y27.14175
G01 X-47.95851 Y27.15656
G01 X-47.96069 Y27.15732
G01 X-48.00433 Y27.17343
G01 X-48.00463 Y27.17272
G01 X-48.00433 Y27.17343
G01 X-48.01192 Y27.17698
G01 X-48.05693 Y27.20284
G01 X-48.05876 Y27.20396
G01 X-48.09503 Y27.22692
G01 X-48.09684 Y27.22811
G01 X-48.10087 Y27.23093
G01 X-48.14019 Y27.25557
G01 X-48.14454 Y27.25808
G01 X-48.17537 Y27.26527
G01 X-48.22711 Y27.27447
G01 X-48.38701 Y27.29403
G01 X-48.40677 Y27.29598
G01 X-48.41477 Y27.29662
G01 X-48.42295 Y27.29657
G01 X-48.44342 Y27.29598
G01 X-48.74725 Y27.28079
G01 X-48.81601 Y27.27238
G01 X-48.88294 Y27.25930
G01 X-48.89721 Y27.25633
G01 X-48.91111 Y27.25311
G01 X-49.01230 Y27.21785
G01 X-49.04055 Y27.16530
G01 X-49.08591 Y27.05041
G01 X-49.08388 Y27.03390
G01 X-49.07357 Y26.96520
G01 X-49.05028 Y26.87162
G01 X-49.04301 Y26.85118
G01 X-49.03460 Y26.82928
G01 X-48.90270 Y26.50896
G01 X-48.90181 Y26.50663
G01 X-48.89638 Y26.49131
G01 X-48.89594 Y26.48996
G01 X-48.88452 Y26.45463
G01 X-48.88393 Y26.45273
G01 X-48.87987 Y26.43820
G01 X-48.87850 Y26.43159
G01 X-48.87639 Y26.41628
G01 X-48.87593 Y26.41115
G01 X-48.87476 Y26.37673
G01 X-48.87471 Y26.37500
G01 X-48.87471 Y24.67501
G01 X-48.87469 Y24.67330
G01 X-48.87593 Y24.63891
G01 X-48.87636 Y24.63381
G01 X-48.87839 Y24.61910
G01 X-48.87941 Y24.61382
G01 X-48.87837 Y24.61359
G01 X-48.87941 Y24.61382
G01 X-48.88101 Y24.60866
G01 X-48.90727 Y24.53724
G01 X-48.91027 Y24.53063
G01 X-48.91418 Y24.52454
G01 X-48.91334 Y24.52405
G01 X-48.91418 Y24.52454
G01 X-48.95708 Y24.46721
G01 X-48.96176 Y24.46180
G01 X-48.96110 Y24.46114
G01 X-48.96176 Y24.46180
G01 X-48.96717 Y24.45713
G01 X-49.02447 Y24.41422
G01 X-49.02383 Y24.41306
G01 X-49.02447 Y24.41422
G01 X-49.03057 Y24.41031
G01 X-49.03717 Y24.40734
G01 X-49.10857 Y24.38108
G01 X-49.11370 Y24.37948
G01 X-49.11901 Y24.37846
G01 X-49.13374 Y24.37643
G01 X-49.13887 Y24.37600
G01 X-49.13864 Y24.37468
G01 X-49.13887 Y24.37600
G01 X-49.17326 Y24.37480
G01 X-49.17496 Y24.37478
G01 X-50.87496 Y24.37478
G01 X-50.87669 Y24.37480
G01 X-50.91110 Y24.37600
G01 X-50.91621 Y24.37643
G01 X-50.93094 Y24.37846
G01 X-50.93120 Y24.37699
G01 X-50.93094 Y24.37846
G01 X-50.93623 Y24.37948
G01 X-50.94138 Y24.38105
G01 X-51.01278 Y24.40734
G01 X-51.01938 Y24.41031
G01 X-51.01999 Y24.40925
G01 X-51.01938 Y24.41031
G01 X-51.02548 Y24.41422
G01 X-51.08278 Y24.45713
G01 X-51.08819 Y24.46180
G01 X-51.09287 Y24.46721
G01 X-51.09365 Y24.46645
G01 X-51.09287 Y24.46721
G01 X-51.13577 Y24.52451
G01 X-51.13968 Y24.53061
G01 X-51.14265 Y24.53721
G01 X-51.16894 Y24.60871
G01 X-51.17054 Y24.61384
G01 X-51.17156 Y24.61913
G01 X-51.17359 Y24.63383
G01 X-51.17402 Y24.63894
G01 X-51.17519 Y24.67330
G01 X-51.17524 Y24.67501
G01 X-51.17521 Y26.34851
G01 X-51.17554 Y26.36629
G01 X-51.17600 Y26.37996
G01 X-51.17593 Y26.38468
G01 X-51.17450 Y26.40752
G01 X-51.17443 Y26.40866
G01 X-51.17402 Y26.41346
G01 X-51.17366 Y26.41651
G01 X-51.17148 Y26.43139
G01 X-51.16985 Y26.43860
G01 X-51.16472 Y26.45555
G01 X-51.16447 Y26.45638
G01 X-51.16018 Y26.46967
G01 X-51.15997 Y26.47033
G01 X-51.15566 Y26.48313
G01 X-51.15543 Y26.48377
G01 X-51.15304 Y26.49052
G01 X-51.14628 Y26.51094
G01 X-51.14506 Y26.51425
G01 X-51.01103 Y26.83975
G01 X-50.98921 Y26.90581
G01 X-50.97290 Y26.97035
G01 X-50.95967 Y27.05217
G01 X-50.97694 Y27.10139
G01 X-51.00254 Y27.16296
G01 X-51.03391 Y27.22481
G01 X-51.08372 Y27.24272
G01 X-51.13904 Y27.25892
G01 X-51.13940 Y27.25902
G01 X-51.16389 Y27.26639
G01 X-51.20496 Y27.27696
G01 X-51.20915 Y27.27785
G01 X-51.21156 Y27.27843
G01 X-51.25947 Y27.29105
G01 X-51.26180 Y27.29174
G01 X-51.30851 Y27.30657
G01 X-51.31072 Y27.30734
G01 X-51.31082 Y27.30706
G01 X-51.31072 Y27.30734
G01 X-51.35433 Y27.32341
G01 X-51.36190 Y27.32697
G01 X-51.40681 Y27.35278
G01 X-51.40894 Y27.35405
G01 X-51.45045 Y27.38072
G01 X-51.45248 Y27.38209
G01 X-51.46503 Y27.39105
G01 X-51.46955 Y27.39469
G01 X-51.49449 Y27.41732
G01 X-51.49518 Y27.41795
G01 X-51.50897 Y27.43093
G01 X-51.51395 Y27.43634
G01 X-51.51806 Y27.44244
G01 X-51.52124 Y27.44907
G01 X-51.53282 Y27.47858
G01 X-51.53335 Y27.48000
G01 X-51.55091 Y27.52903
G01 X-51.55167 Y27.53131
G01 X-51.56442 Y27.57327
G01 X-51.56508 Y27.57569
G01 X-51.57737 Y27.62468
G01 X-51.57791 Y27.62705
G01 X-51.58545 Y27.66484
G01 X-51.58588 Y27.66730
G01 X-51.59315 Y27.71633
G01 X-51.59342 Y27.71874
G01 X-51.59690 Y27.75392
G01 X-51.59708 Y27.75638
G01 X-51.59950 Y27.80538
G01 X-51.59955 Y27.80662
G01 X-51.59995 Y27.82379
G01 X-51.59998 Y27.82504
G01 X-51.59998 Y28.82501
G01 X-51.59995 Y28.82626
G01 X-51.59955 Y28.84343
G01 X-51.59950 Y28.84467
G01 X-51.59708 Y28.89367
G01 X-51.59690 Y28.89613
G01 X-51.59342 Y28.93131
G01 X-51.59315 Y28.93372
G01 X-51.58588 Y28.98274
G01 X-51.58545 Y28.98521
G01 X-51.57791 Y29.02300
G01 X-51.57737 Y29.02537
G01 X-51.56508 Y29.07436
G01 X-51.56442 Y29.07678
G01 X-51.55167 Y29.11874
G01 X-51.55091 Y29.12102
G01 X-51.53335 Y29.17004
G01 X-51.53282 Y29.17147
G01 X-51.52124 Y29.20098
G01 X-51.51806 Y29.20761
G01 X-51.51395 Y29.21371
G01 X-51.50897 Y29.21912
G01 X-51.49518 Y29.23210
G01 X-51.49449 Y29.23273
G01 X-51.46955 Y29.25536
G01 X-51.46503 Y29.25900
G01 X-51.45248 Y29.26796
G01 X-51.45045 Y29.26933
G01 X-51.40894 Y29.29600
G01 X-51.40681 Y29.29727
G01 X-51.36190 Y29.32308
G01 X-51.35433 Y29.32664
G01 X-51.35494 Y29.32801
G01 X-51.35433 Y29.32664
G01 X-51.31072 Y29.34271
G01 X-51.30851 Y29.34348
G01 X-51.26180 Y29.35831
G01 X-51.26074 Y29.35864
G01 X-51.23874 Y29.36507
G01 X-51.23099 Y29.36667
G01 X-51.20480 Y29.36999
G01 X-51.20351 Y29.37015
G01 X-51.16716 Y29.37380
G01 X-51.16465 Y29.37398
G01 X-51.16472 Y29.37474
G01 X-51.16465 Y29.37398
G01 X-51.15215 Y29.37462
G01 X-51.15093 Y29.37464
G01 X-51.12622 Y29.37525
G01 X-51.12497 Y29.37528
G01 X-48.92495 Y29.37528
G01 X-48.92373 Y29.37525
G01 X-48.89902 Y29.37464
G01 X-48.89780 Y29.37462
G01 X-48.88528 Y29.37398
G01 X-48.88276 Y29.37380
G01 X-48.84644 Y29.37015
G01 X-48.84629 Y29.37119
G01 X-48.84644 Y29.37015
G01 X-48.84514 Y29.36999
G01 X-48.81896 Y29.36667
G01 X-48.81124 Y29.36507
G01 X-48.78921 Y29.35864
G01 X-48.78815 Y29.35831
G01 X-48.74144 Y29.34348
G01 X-48.73923 Y29.34271
G01 X-48.69562 Y29.32664
G01 X-48.68805 Y29.32308
G01 X-48.68759 Y29.32404
G01 X-48.68805 Y29.32308
G01 X-48.64314 Y29.29727
G01 X-48.64101 Y29.29600
G01 X-48.59950 Y29.26933
G01 X-48.59747 Y29.26796
G01 X-48.58492 Y29.25900
G01 X-48.58040 Y29.25536
G01 X-48.57712 Y29.25237
G01 X-48.55650 Y29.23471
G01 X-48.54075 Y29.22199
G01 X-48.53966 Y29.22107
G01 X-48.51837 Y29.20284
G01 X-48.51065 Y29.19870
G01 X-48.46849 Y29.17871
G01 X-48.23938 Y29.08351
G01 X-48.17349 Y29.06154
G01 X-48.10766 Y29.04464
G01 X-48.09511 Y29.04177
G01 X-48.05274 Y29.05732
G01 X-48.04487 Y29.06029
G01 X-48.02942 Y29.06629
G01 X-48.01279 Y29.07307
G01 X-47.99800 Y29.07929
G01 X-47.99554 Y29.08023
G01 X-47.96029 Y29.09288
G01 X-47.95851 Y29.09349
G01 X-47.91180 Y29.10830
G01 X-47.91070 Y29.10863
G01 X-47.88871 Y29.11508
G01 X-47.88891 Y29.11604
G01 X-47.88871 Y29.11508
G01 X-47.88099 Y29.11668
G01 X-47.85467 Y29.12003
G01 X-47.85338 Y29.12016
G01 X-47.81716 Y29.12382
G01 X-47.81462 Y29.12399
G01 X-47.80202 Y29.12460
G01 X-47.80077 Y29.12465
G01 X-47.77621 Y29.12526
G01 X-47.77499 Y29.12529
G01 X-47.62610 Y29.12529
G01 X-47.55780 Y29.13022
G01 X-47.49341 Y29.13946
G01 X-47.33748 Y29.18630
G01 X-47.27883 Y29.21307
G01 X-47.29404 Y29.33365
G01 X-47.29430 Y29.33608
G01 X-47.29849 Y29.39095
G01 X-47.29862 Y29.39346
G01 X-47.30004 Y29.44823
G01 X-47.30006 Y29.44889
G01 X-47.30022 Y29.46186
G01 X-47.30024 Y29.46250
G01 X-47.30024 Y30.83753
G01 X-47.30019 Y30.83923
G01 X-47.29902 Y30.87362
G01 X-47.29859 Y30.87873
G01 X-47.29983 Y30.87893
G01 X-47.29859 Y30.87873
G01 X-47.29653 Y30.89351
G01 X-47.29506 Y30.90047
G01 X-47.29412 Y30.90375
G01 X-47.29293 Y30.90738
G01 X-47.26760 Y30.97550
G01 X-47.26463 Y30.98200
G01 X-47.26582 Y30.98261
G01 X-47.26463 Y30.98200
G01 X-47.26077 Y30.98802
G01 X-47.21787 Y31.04535
G01 X-47.21319 Y31.05074
G01 X-47.21391 Y31.05147
G01 X-47.21319 Y31.05074
G01 X-47.20778 Y31.05541
G01 X-47.15046 Y31.09831
G01 X-47.14436 Y31.10222
G01 X-47.14489 Y31.10321
G01 X-47.14436 Y31.10222
G01 X-47.13776 Y31.10522
G01 X-47.06636 Y31.13148
G01 X-47.06123 Y31.13306
G01 X-47.05592 Y31.13410
G01 X-47.05617 Y31.13555
G01 X-47.05592 Y31.13410
G01 X-47.04119 Y31.13613
G01 X-47.03608 Y31.13656
G01 X-47.00169 Y31.13773
G01 X-46.99999 Y31.13778
G01 X-45.84998 Y31.13778
G01 X-45.84825 Y31.13773
G01 X-45.81383 Y31.13656
G01 X-45.80873 Y31.13613
G01 X-45.79405 Y31.13410
G01 X-45.78876 Y31.13308
G01 X-45.78361 Y31.13148
G01 X-45.71218 Y31.10522
G01 X-45.70558 Y31.10222
G01 X-45.69948 Y31.09831
G01 X-45.64215 Y31.05541
G01 X-45.63677 Y31.05074
G01 X-45.63210 Y31.04535
G01 X-45.63141 Y31.04601
G01 X-45.63210 Y31.04535
G01 X-45.58917 Y30.98802
G01 X-45.58526 Y30.98193
G01 X-45.58442 Y30.98239
G01 X-45.58526 Y30.98193
G01 X-45.58229 Y30.97532
G01 X-45.55602 Y30.90395
G01 X-45.55470 Y30.90420
G01 X-45.55602 Y30.90395
G01 X-45.55442 Y30.89879
G01 X-45.55341 Y30.89351
G01 X-45.55137 Y30.87873
G01 X-45.55094 Y30.87362
G01 X-45.54975 Y30.83923
G01 X-45.54972 Y30.83753
G01 X-45.54972 Y30.63255
G01 X-45.54480 Y30.56423
G01 X-45.53652 Y30.50667
G01 X-45.49227 Y30.44098
G01 X-45.48229 Y30.42872
G01 X-45.47045 Y30.41470
G01 X-45.04635 Y29.93143
G01 X-44.99715 Y29.88284
G01 X-44.94675 Y29.83972
G01 X-44.84655 Y29.77195
G01 X-44.81193 Y29.75643
G01 X-44.80053 Y29.75176
G01 X-44.79938 Y29.75127
G01 X-44.76710 Y29.73707
G01 X-44.76598 Y29.73657
G01 X-44.74805 Y29.72816
G01 X-44.70512 Y29.73255
G01 X-44.65054 Y29.74896
G01 X-44.60002 Y29.77538
G01 X-44.56009 Y29.80141
G01 X-44.55488 Y29.81254
G01 X-44.56009 Y29.80141
G01 X-44.60002 Y29.77538
G01 X-44.65054 Y29.74896
G01 X-44.70512 Y29.73255
G01 X-44.74805 Y29.72816
G01 X-44.76598 Y29.73657
G01 X-44.74144 Y29.72503
G01 X-44.66758 Y29.69488
G01 X-44.65635 Y29.69092
G01 X-44.60025 Y29.71421
G01 X-44.46403 Y29.77081
G01 X-44.46377 Y29.77134
G01 X-44.44881 Y29.80441
G01 X-44.44693 Y29.80921
G01 X-44.40484 Y29.93547
G01 X-44.40340 Y29.94081
G01 X-44.40296 Y29.94071
G01 X-44.40340 Y29.94081
G01 X-44.38844 Y30.01071
G01 X-44.38770 Y30.01500
G01 X-44.37650 Y30.10509
G01 X-44.37614 Y30.10954
G01 X-44.37586 Y30.10951
G01 X-44.37614 Y30.10954
G01 X-44.37556 Y30.12646
G01 X-44.37553 Y30.12732
G01 X-44.37523 Y30.14462
G01 X-44.37523 Y30.14548
G01 X-44.37523 Y30.82440
G01 X-44.37464 Y30.84789
G01 X-44.37414 Y30.85848
G01 X-44.37066 Y30.89290
G01 X-44.36789 Y30.91467
G01 X-44.36453 Y30.92643
G01 X-44.34846 Y30.97720
G01 X-44.33423 Y31.01579
G01 X-44.31109 Y31.05602
G01 X-44.30271 Y31.06905
G01 X-44.30256 Y31.06933
G01 X-44.29783 Y31.07664
G01 X-44.29733 Y31.07746
G01 X-44.28745 Y31.09079
G01 X-44.25636 Y31.12866
G01 X-44.24805 Y31.13783
G01 X-44.24292 Y31.14294
G01 X-44.23771 Y31.14817
G01 X-44.22864 Y31.15640
G01 X-44.19075 Y31.18749
G01 X-44.15816 Y31.20926
G01 X-44.11493 Y31.23237
G01 X-44.09720 Y31.24075
G01 X-44.07871 Y31.24736
G01 X-44.03182 Y31.26161
G01 X-43.99336 Y31.26925
G01 X-43.94460 Y31.27405
G01 X-43.92499 Y31.27502
G01 X-41.72499 Y31.27502
G01 X-41.70538 Y31.27405
G01 X-41.65661 Y31.26925
G01 X-41.61816 Y31.26161
G01 X-41.57127 Y31.24736
G01 X-41.55278 Y31.24075
G01 X-41.53502 Y31.23237
G01 X-41.49182 Y31.20926
G01 X-41.45921 Y31.18749
G01 X-41.42133 Y31.15640
G01 X-41.40678 Y31.14322
G01 X-41.39360 Y31.12866
G01 X-41.38209 Y31.11462
G01 X-41.38301 Y31.11322
G01 X-41.38209 Y31.11462
G01 X-40.87930 Y30.90573
G01 X-40.87798 Y30.89234
G01 X-40.87930 Y30.90573
G01 X-40.87864 Y30.90639
G01 X-40.84077 Y30.93748
G01 X-40.82499 Y30.94916
G01 X-40.80815 Y30.95927
G01 X-40.76495 Y30.98236
G01 X-40.72873 Y30.99737
G01 X-40.68181 Y31.01160
G01 X-40.66279 Y31.01637
G01 X-40.64336 Y31.01924
G01 X-40.59459 Y31.02404
G01 X-40.57498 Y31.02501
G01 X-39.92500 Y31.02501
G01 X-39.90539 Y31.02404
G01 X-39.85662 Y31.01924
G01 X-39.83719 Y31.01637
G01 X-39.81816 Y31.01160
G01 X-39.77125 Y30.99737
G01 X-39.73503 Y30.98236
G01 X-39.69182 Y30.95927
G01 X-39.67498 Y30.94916
G01 X-39.65921 Y30.93748
G01 X-39.62134 Y30.90639
G01 X-39.59360 Y30.87868
G01 X-39.56251 Y30.84078
G01 X-39.55083 Y30.82501
G01 X-39.54074 Y30.80819
G01 X-39.51763 Y30.76496
G01 X-39.50262 Y30.72874
G01 X-39.48839 Y30.68185
G01 X-39.48364 Y30.66280
G01 X-39.48075 Y30.64340
G01 X-39.47595 Y30.59463
G01 X-39.47498 Y30.57502
G01 X-39.47498 Y29.67502
G01 X-39.37498 Y29.67502
G01 X-39.27498 Y29.67502
G01 X-39.37498 Y29.67502
G01 X-39.47498 Y29.67502
G01 X-39.57498 Y29.67502
G01 X-39.57547 Y29.66522
G01 X-39.58027 Y29.61645
G01 X-39.58171 Y29.60672
G01 X-39.58410 Y29.59722
G01 X-39.59833 Y29.55031
G01 X-39.60582 Y29.53220
G01 X-39.62893 Y29.48899
G01 X-39.63396 Y29.48056
G01 X-39.63983 Y29.47269
G01 X-39.67092 Y29.43479
G01 X-39.68476 Y29.42095
G01 X-39.72266 Y29.38986
G01 X-39.73053 Y29.38399
G01 X-39.73897 Y29.37896
G01 X-39.78217 Y29.35585
G01 X-39.80028 Y29.34835
G01 X-39.84719 Y29.33413
G01 X-39.85669 Y29.33174
G01 X-39.86642 Y29.33029
G01 X-39.91519 Y29.32549
G01 X-39.92500 Y29.32501
G01 X-40.57498 Y29.32501
G01 X-40.58479 Y29.32549
G01 X-40.63355 Y29.33029
G01 X-40.64326 Y29.33174
G01 X-40.65278 Y29.33413
G01 X-40.69970 Y29.34835
G01 X-40.71781 Y29.35585
G01 X-40.76101 Y29.37896
G01 X-40.76944 Y29.38399
G01 X-40.77732 Y29.38986
G01 X-40.81521 Y29.42095
G01 X-40.82906 Y29.43479
G01 X-40.84704 Y29.45671
G01 X-41.20752 Y29.50078
G01 X-41.71605 Y29.47533
G01 X-41.71742 Y29.47538
G01 X-41.72499 Y29.47502
G01 X-42.00289 Y29.47502
G01 X-42.14465 Y29.04978
G01 X-41.88547 Y28.42029
G01 X-41.88433 Y28.41650
G01 X-41.88260 Y28.41328
G01 X-41.87691 Y28.39453
G01 X-41.87498 Y28.37502
G01 X-41.87498 Y26.67500
G01 X-41.87691 Y26.65550
G01 X-41.88260 Y26.63675
G01 X-41.89184 Y26.61945
G01 X-41.90426 Y26.60431
G01 X-41.91943 Y26.59187
G01 X-41.93673 Y26.58262
G01 X-41.95547 Y26.57693
G01 X-41.97498 Y26.57500
G01 X-43.67497 Y26.57500
G01 X-43.69451 Y26.57693
G01 X-43.71325 Y26.58262
G01 X-43.73055 Y26.59187
G01 X-43.74569 Y26.60431
G01 X-43.75813 Y26.61945
G01 X-43.76738 Y26.63675
G01 X-43.77307 Y26.65550
G01 X-43.77497 Y26.67500
G01 X-43.77497 Y28.37502
G01 X-43.77307 Y28.39453
G01 X-43.76738 Y28.41328
G01 X-43.76596 Y28.41594
G01 X-43.76448 Y28.42031
G01 X-43.50528 Y29.04975
G01 X-43.64703 Y29.47502
G01 X-43.92499 Y29.47502
G01 X-43.93479 Y29.47550
G01 X-43.98356 Y29.48031
G01 X-43.99326 Y29.48173
G01 X-44.00279 Y29.48412
G01 X-44.04968 Y29.49834
G01 X-44.05892 Y29.50167
G01 X-44.06779 Y29.50586
G01 X-44.11102 Y29.52895
G01 X-44.12732 Y29.53984
G01 X-44.16519 Y29.57093
G01 X-44.17248 Y29.57754
G01 X-44.17906 Y29.58480
G01 X-44.21015 Y29.62267
G01 X-44.21599 Y29.63057
G01 X-44.22105 Y29.63898
G01 X-44.24414 Y29.68221
G01 X-44.25166 Y29.70032
G01 X-44.26588 Y29.74721
G01 X-44.26969 Y29.76644
G01 X-44.27452 Y29.81520
G01 X-44.27500 Y29.82501
G01 X-44.27500 Y30.82501
G01 X-44.27452 Y30.83481
G01 X-44.26969 Y30.88358
G01 X-44.26588 Y30.90281
G01 X-44.25166 Y30.94972
G01 X-44.24414 Y30.96783
G01 X-44.22105 Y31.01104
G01 X-44.21599 Y31.01947
G01 X-44.21015 Y31.02734
G01 X-44.17906 Y31.06524
G01 X-44.17248 Y31.07250
G01 X-44.16519 Y31.07908
G01 X-44.12732 Y31.11017
G01 X-44.11102 Y31.12107
G01 X-44.06779 Y31.14418
G01 X-44.05892 Y31.14837
G01 X-44.04968 Y31.15168
G01 X-44.00279 Y31.16590
G01 X-43.99326 Y31.16829
G01 X-43.98356 Y31.16974
G01 X-43.93479 Y31.17454
G01 X-43.92499 Y31.17502
G01 X-41.72499 Y31.17502
G01 X-41.71519 Y31.17454
G01 X-41.66642 Y31.16974
G01 X-41.65672 Y31.16829
G01 X-41.64719 Y31.16590
G01 X-41.60028 Y31.15168
G01 X-41.59106 Y31.14837
G01 X-41.58217 Y31.14418
G01 X-41.53896 Y31.12107
G01 X-41.52266 Y31.11017
G01 X-41.48478 Y31.07908
G01 X-41.47749 Y31.07250
G01 X-41.47092 Y31.06524
G01 X-41.44353 Y31.03186
G01 X-40.86439 Y30.79125
G01 X-40.84702 Y30.79336
G01 X-40.82906 Y30.81523
G01 X-40.81521 Y30.82910
G01 X-40.77732 Y30.86019
G01 X-40.76944 Y30.86603
G01 X-40.76101 Y30.87108
G01 X-40.71781 Y30.89417
G01 X-40.69970 Y30.90166
G01 X-40.65278 Y30.91591
G01 X-40.64326 Y30.91828
G01 X-40.63355 Y30.91972
G01 X-40.58479 Y30.92452
G01 X-40.57498 Y30.92501
G01 X-39.92500 Y30.92501
G01 X-39.91519 Y30.92452
G01 X-39.86642 Y30.91972
G01 X-39.85669 Y30.91828
G01 X-39.84719 Y30.91591
G01 X-39.80028 Y30.90166
G01 X-39.78217 Y30.89417
G01 X-39.73897 Y30.87108
G01 X-39.73053 Y30.86603
G01 X-39.72266 Y30.86019
G01 X-39.68476 Y30.82910
G01 X-39.67092 Y30.81523
G01 X-39.63983 Y30.77736
G01 X-39.63396 Y30.76946
G01 X-39.62893 Y30.76105
G01 X-39.60582 Y30.71782
G01 X-39.59833 Y30.69971
G01 X-39.58410 Y30.65282
G01 X-39.58171 Y30.64330
G01 X-39.58027 Y30.63359
G01 X-39.57547 Y30.58482
G01 X-39.57498 Y30.57502
G01 X-39.57498 Y29.67502
G01 X-39.47498 Y29.67502
G01 X-39.47595 Y29.65541
G01 X-39.48075 Y29.60665
G01 X-39.48364 Y29.58721
G01 X-39.48839 Y29.56819
G01 X-39.50262 Y29.52128
G01 X-39.51763 Y29.48506
G01 X-39.54074 Y29.44185
G01 X-39.55083 Y29.42501
G01 X-39.56251 Y29.40924
G01 X-39.59360 Y29.37136
G01 X-39.62134 Y29.34363
G01 X-39.65921 Y29.31254
G01 X-39.67498 Y29.30085
G01 X-39.69182 Y29.29077
G01 X-39.73503 Y29.26766
G01 X-39.77125 Y29.25265
G01 X-39.81816 Y29.23842
G01 X-39.83719 Y29.23367
G01 X-39.85662 Y29.23078
G01 X-39.90539 Y29.22598
G01 X-39.92500 Y29.22501
G01 X-40.57498 Y29.22501
G01 X-40.59459 Y29.22598
G01 X-40.64336 Y29.23078
G01 X-40.66279 Y29.23367
G01 X-40.68181 Y29.23842
G01 X-40.72873 Y29.25265
G01 X-40.76495 Y29.26766
G01 X-40.80815 Y29.29077
G01 X-40.82499 Y29.30085
G01 X-40.84077 Y29.31254
G01 X-40.87864 Y29.34363
G01 X-40.89708 Y29.36207
G01 X-40.89594 Y29.36507
G01 X-40.89708 Y29.36207
G01 X-41.21110 Y29.40045
G01 X-41.21110 Y29.40078
G01 X-41.21110 Y29.40045
G01 X-41.71501 Y29.37525
G01 X-41.72499 Y29.37502
G01 X-41.93083 Y29.37502
G01 X-41.94384 Y29.39242
G01 X-41.93083 Y29.37502
G01 X-42.03802 Y29.05343
G01 X-42.04470 Y29.05320
G01 X-42.03802 Y29.05343
G01 X-41.79301 Y28.45836
G01 X-41.79187 Y28.45468
G01 X-41.79022 Y28.45155
G01 X-41.77884 Y28.41404
G01 X-41.77498 Y28.37502
G01 X-41.77498 Y26.67500
G01 X-41.77884 Y26.63599
G01 X-41.79022 Y26.59847
G01 X-41.80868 Y26.56390
G01 X-41.83358 Y26.53360
G01 X-41.86388 Y26.50871
G01 X-41.89845 Y26.49024
G01 X-41.93596 Y26.47886
G01 X-41.97498 Y26.47500
G01 X-43.67497 Y26.47500
G01 X-43.71401 Y26.47886
G01 X-43.75153 Y26.49024
G01 X-43.78610 Y26.50871
G01 X-43.81640 Y26.53360
G01 X-43.84127 Y26.56390
G01 X-43.85976 Y26.59847
G01 X-43.87114 Y26.63599
G01 X-43.87500 Y26.67500
G01 X-43.87500 Y28.37502
G01 X-43.87114 Y28.41404
G01 X-43.86550 Y28.43268
G01 X-43.86532 Y28.43357
G01 X-43.86436 Y28.43642
G01 X-43.85976 Y28.45155
G01 X-43.85839 Y28.45415
G01 X-43.85694 Y28.45839
G01 X-43.61193 Y29.05343
G01 X-43.60533 Y29.05320
G01 X-43.61193 Y29.05343
G01 X-43.71912 Y29.37502
G01 X-43.70586 Y29.39301
G01 X-43.71912 Y29.37502
G01 X-43.92499 Y29.37502
G01 X-43.94460 Y29.37599
G01 X-43.99336 Y29.38079
G01 X-44.03182 Y29.38843
G01 X-44.07871 Y29.40266
G01 X-44.09720 Y29.40926
G01 X-44.11493 Y29.41767
G01 X-44.15816 Y29.44076
G01 X-44.19075 Y29.46255
G01 X-44.22864 Y29.49364
G01 X-44.24317 Y29.50682
G01 X-44.25636 Y29.52135
G01 X-44.28745 Y29.55925
G01 X-44.29915 Y29.57500
G01 X-44.30924 Y29.59184
G01 X-44.33235 Y29.63507
G01 X-44.34734 Y29.67129
G01 X-44.36156 Y29.71818
G01 X-44.36923 Y29.75663
G01 X-44.37403 Y29.80540
G01 X-44.37500 Y29.82501
G01 X-44.37500 Y30.82501
G01 X-44.37403 Y30.84462
G01 X-44.36923 Y30.89338
G01 X-44.36156 Y30.93184
G01 X-44.34734 Y30.97875
G01 X-44.33235 Y31.01497
G01 X-44.30924 Y31.05818
G01 X-44.30271 Y31.06905
G01 X-44.29783 Y31.07664
G01 X-44.29733 Y31.07746
G01 X-44.28584 Y31.09534
G01 X-44.27927 Y31.10458
G01 X-44.25945 Y31.12643
G01 X-44.24805 Y31.13783
G01 X-44.24292 Y31.14294
G01 X-44.23771 Y31.14817
G01 X-44.22638 Y31.15952
G01 X-44.20454 Y31.17931
G01 X-44.19529 Y31.18589
G01 X-44.15608 Y31.21109
G01 X-44.11574 Y31.23428
G01 X-44.07713 Y31.24853
G01 X-44.03205 Y31.26283
G01 X-44.01447 Y31.26798
G01 X-43.99270 Y31.27075
G01 X-43.95846 Y31.27418
G01 X-43.94769 Y31.27469
G01 X-43.92435 Y31.27527
G01 X-41.72560 Y31.27527
G01 X-41.70226 Y31.27469
G01 X-41.69149 Y31.27418
G01 X-41.65722 Y31.27073
G01 X-41.63548 Y31.26798
G01 X-41.61788 Y31.26283
G01 X-41.57279 Y31.24853
G01 X-41.53421 Y31.23428
G01 X-41.49388 Y31.21111
G01 X-41.45466 Y31.18589
G01 X-41.44536 Y31.17926
G01 X-41.44356 Y31.17763
G01 X-41.44249 Y31.17670
G01 X-41.42111 Y31.15838
G01 X-41.42001 Y31.15749
G01 X-41.40424 Y31.14472
G01 X-41.38326 Y31.12673
G01 X-41.38082 Y31.12452
G01 X-41.37605 Y31.12071
G01 X-41.37084 Y31.11749
G01 X-41.35717 Y31.11017
G01 X-41.35499 Y31.10905
G01 X-41.31003 Y31.08774
G01 X-41.31023 Y31.08736
G01 X-41.31003 Y31.08774
G01 X-41.30780 Y31.08675
G01 X-41.07600 Y30.99044
G01 X-41.07264 Y30.98919
G01 X-41.00350 Y30.96613
G01 X-41.00010 Y30.96511
G01 X-40.93175 Y30.94759
G01 X-40.93048 Y30.94728
G01 X-40.90292 Y30.94098
G01 X-40.89340 Y30.93974
G01 X-40.89327 Y30.93509
G01 X-40.89340 Y30.93974
G01 X-40.88382 Y30.94035
G01 X-40.87452 Y30.94279
G01 X-40.81831 Y30.96344
G01 X-40.81788 Y30.96359
G01 X-40.80955 Y30.96674
G01 X-40.80914 Y30.96689
G01 X-40.79256 Y30.97332
G01 X-40.79172 Y30.97365
G01 X-40.77475 Y30.98058
G01 X-40.77391 Y30.98094
G01 X-40.77094 Y30.98223
G01 X-40.73396 Y30.99633
G01 X-40.72807 Y30.99823
G01 X-40.68207 Y31.01284
G01 X-40.66447 Y31.01797
G01 X-40.64272 Y31.02074
G01 X-40.60846 Y31.02417
G01 X-40.59771 Y31.02470
G01 X-40.57435 Y31.02526
G01 X-40.42449 Y31.02526
G01 X-40.42088 Y31.02541
G01 X-40.34892 Y31.03057
G01 X-40.34539 Y31.03095
G01 X-40.27552 Y31.04101
G01 X-40.27534 Y31.04009
G01 X-40.27552 Y31.04101
G01 X-40.26825 Y31.04261
G01 X-40.10554 Y31.09145
G01 X-40.09916 Y31.09387
G01 X-40.03091 Y31.12501
G01 X-40.00089 Y31.12501
G01 X-40.03091 Y31.12501
G01 X-40.02929 Y31.12577
G01 X-40.02845 Y31.12615
G01 X-40.01991 Y31.13024
G01 X-40.00089 Y31.12501
G01 X-39.93820 Y31.10781
G01 X-39.93460 Y31.10697
G01 X-39.90264 Y31.10070
G01 X-39.90079 Y31.10037
G01 X-39.85230 Y31.09275
G01 X-39.85042 Y31.09249
G01 X-39.80622 Y31.08724
G01 X-39.78794 Y31.08480
G01 X-39.74054 Y31.07776
G01 X-39.67811 Y31.06532
G01 X-39.67577 Y31.06486
G01 X-39.62914 Y31.05318
G01 X-39.55855 Y31.03169
G01 X-39.52451 Y31.01952
G01 X-39.47232 Y30.97111
G01 X-39.43963 Y30.93768
G01 X-39.38723 Y30.87850
G01 X-39.35756 Y30.84152
G01 X-39.30737 Y30.77215
G01 X-39.30630 Y30.77050
G01 X-39.29701 Y30.73989
G01 X-39.28748 Y30.70182
G01 X-39.28171 Y30.66298
G01 X-39.27691 Y30.61421
G01 X-39.27498 Y30.57502
G01 X-39.27498 Y29.67502
G01 X-39.27691 Y29.63580
G01 X-39.28171 Y29.58704
G01 X-39.28748 Y29.54820
G01 X-39.29701 Y29.51013
G01 X-39.31123 Y29.46324
G01 X-39.34125 Y29.39080
G01 X-39.36434 Y29.34756
G01 X-39.38453 Y29.31388
G01 X-39.40793 Y29.28236
G01 X-39.43902 Y29.24447
G01 X-39.49447 Y29.18904
G01 X-39.53234 Y29.15793
G01 X-39.56386 Y29.13456
G01 X-39.59754 Y29.11437
G01 X-39.64077 Y29.09128
G01 X-39.71321 Y29.06126
G01 X-39.76010 Y29.04703
G01 X-39.79817 Y29.03751
G01 X-39.83701 Y29.03174
G01 X-39.88578 Y29.02694
G01 X-39.92500 Y29.02501
G01 X-40.57498 Y29.02501
G01 X-40.61420 Y29.02694
G01 X-40.66297 Y29.03174
G01 X-40.70180 Y29.03751
G01 X-40.73988 Y29.04703
G01 X-40.78677 Y29.06126
G01 X-40.85921 Y29.09128
G01 X-40.90244 Y29.11437
G01 X-40.93612 Y29.13456
G01 X-40.96764 Y29.15793
G01 X-40.98377 Y29.17119
G01 X-40.98318 Y29.17299
G01 X-40.98377 Y29.17119
G01 X-41.21831 Y29.19984
G01 X-41.21829 Y29.20019
G01 X-41.21831 Y29.19984
G01 X-41.70500 Y29.17551
G01 X-41.72499 Y29.17502
G01 X-41.78666 Y29.17502
G01 X-41.79954 Y29.19209
G01 X-41.78666 Y29.17502
G01 X-41.82476 Y29.06077
G01 X-41.83144 Y29.06055
G01 X-41.82476 Y29.06077
G01 X-41.60808 Y28.53451
G01 X-41.60701 Y28.53103
G01 X-41.60543 Y28.52808
G01 X-41.58268 Y28.45305
G01 X-41.57498 Y28.37502
G01 X-41.57498 Y26.67500
G01 X-41.58268 Y26.59697
G01 X-41.60543 Y26.52194
G01 X-41.64239 Y26.45278
G01 X-41.69215 Y26.39217
G01 X-41.75275 Y26.34241
G01 X-41.82192 Y26.30546
G01 X-41.89695 Y26.28270
G01 X-41.97498 Y26.27500
G01 X-43.67497 Y26.27500
G01 X-43.75303 Y26.28270
G01 X-43.82806 Y26.30546
G01 X-43.89722 Y26.34241
G01 X-43.95783 Y26.39217
G01 X-44.00756 Y26.45278
G01 X-44.04455 Y26.52194
G01 X-44.06730 Y26.59697
G01 X-44.07500 Y26.67500
G01 X-44.07500 Y28.37502
G01 X-44.06730 Y28.45305
G01 X-44.06039 Y28.47579
G01 X-44.05862 Y28.48490
G01 X-44.04886 Y28.51381
G01 X-44.04455 Y28.52808
G01 X-44.04322 Y28.53052
G01 X-44.04188 Y28.53454
G01 X-43.82519 Y29.06077
G01 X-43.81848 Y29.06055
G01 X-43.82519 Y29.06077
G01 X-43.86327 Y29.17502
G01 X-43.85128 Y29.19006
G01 X-43.86327 Y29.17502
G01 X-43.92499 Y29.17502
G01 X-43.96420 Y29.17693
G01 X-44.01297 Y29.18175
G01 X-44.08988 Y29.19704
G01 X-44.13677 Y29.21127
G01 X-44.17373 Y29.22450
G01 X-44.20921 Y29.24127
G01 X-44.25244 Y29.26438
G01 X-44.31765 Y29.30794
G01 X-44.35552 Y29.33903
G01 X-44.38460 Y29.36540
G01 X-44.41097 Y29.39448
G01 X-44.44206 Y29.43235
G01 X-44.45841 Y29.45440
G01 X-44.46502 Y29.46771
G01 X-44.47888 Y29.49793
G01 X-44.47947 Y29.49918
G01 X-44.50116 Y29.54315
G01 X-44.50180 Y29.54439
G01 X-44.50327 Y29.54718
G01 X-44.53459 Y29.61383
G01 X-44.52547 Y29.63428
G01 X-44.52509 Y29.63517
G01 X-44.50573 Y29.68104
G01 X-44.48856 Y29.71917
G01 X-44.47180 Y29.75409
G01 X-44.47157 Y29.75460
G01 X-44.46984 Y29.75823
G01 X-44.46403 Y29.77081
G01 X-44.46984 Y29.75823
G01 X-44.46875 Y29.74683
G01 X-44.45727 Y29.68914
G01 X-44.44305 Y29.64226
G01 X-44.42054 Y29.58793
G01 X-44.39743 Y29.54469
G01 X-44.38229 Y29.51945
G01 X-44.36476 Y29.49580
G01 X-44.33367 Y29.45793
G01 X-44.31389 Y29.43611
G01 X-44.29209 Y29.41632
G01 X-44.25420 Y29.38523
G01 X-44.20530 Y29.35257
G01 X-44.16207 Y29.32945
G01 X-44.13545 Y29.31688
G01 X-44.10774 Y29.30695
G01 X-44.06085 Y29.29273
G01 X-44.03228 Y29.28559
G01 X-44.00317 Y29.28127
G01 X-43.95440 Y29.27645
G01 X-43.92499 Y29.27502
G01 X-43.79118 Y29.27502
G01 X-43.77830 Y29.29209
G01 X-43.79118 Y29.27502
G01 X-43.71856 Y29.05709
G01 X-43.71186 Y29.05686
G01 X-43.71856 Y29.05709
G01 X-43.94942 Y28.49646
G01 X-43.95082 Y28.49232
G01 X-43.95214 Y28.48981
G01 X-43.95661 Y28.47510
G01 X-43.96197 Y28.45925
G01 X-43.96293 Y28.45422
G01 X-43.96923 Y28.43355
G01 X-43.97500 Y28.37502
G01 X-43.97500 Y26.67500
G01 X-43.96923 Y26.61648
G01 X-43.95214 Y26.56022
G01 X-43.92443 Y26.50835
G01 X-43.88712 Y26.46289
G01 X-43.84165 Y26.42557
G01 X-43.78978 Y26.39784
G01 X-43.73352 Y26.38077
G01 X-43.67497 Y26.37500
G01 X-41.97498 Y26.37500
G01 X-41.91646 Y26.38077
G01 X-41.86017 Y26.39784
G01 X-41.80830 Y26.42557
G01 X-41.76286 Y26.46289
G01 X-41.72555 Y26.50835
G01 X-41.69781 Y26.56022
G01 X-41.68074 Y26.61648
G01 X-41.67498 Y26.67500
G01 X-41.67498 Y28.37502
G01 X-41.68074 Y28.43355
G01 X-41.69781 Y28.48981
G01 X-41.69944 Y28.49286
G01 X-41.70053 Y28.49644
G01 X-41.93139 Y29.05712
G01 X-41.93807 Y29.05689
G01 X-41.93139 Y29.05712
G01 X-41.85875 Y29.27502
G01 X-41.87170 Y29.29227
G01 X-41.85875 Y29.27502
G01 X-41.72499 Y29.27502
G01 X-41.71001 Y29.27538
G01 X-41.21471 Y29.30017
G01 X-41.21468 Y29.30047
G01 X-41.21471 Y29.30017
G01 X-40.94265 Y29.26689
G01 X-40.94140 Y29.27004
G01 X-40.94265 Y29.26689
G01 X-40.94209 Y29.26634
G01 X-40.90419 Y29.23525
G01 X-40.88054 Y29.21769
G01 X-40.85530 Y29.20256
G01 X-40.81206 Y29.17947
G01 X-40.75773 Y29.15696
G01 X-40.71085 Y29.14274
G01 X-40.68230 Y29.13558
G01 X-40.65316 Y29.13126
G01 X-40.60439 Y29.12646
G01 X-40.57498 Y29.12501
G01 X-39.92500 Y29.12501
G01 X-39.89558 Y29.12646
G01 X-39.84681 Y29.13126
G01 X-39.81768 Y29.13558
G01 X-39.78913 Y29.14274
G01 X-39.74224 Y29.15696
G01 X-39.68789 Y29.17947
G01 X-39.64468 Y29.20256
G01 X-39.61943 Y29.21769
G01 X-39.59579 Y29.23525
G01 X-39.55789 Y29.26634
G01 X-39.51631 Y29.30792
G01 X-39.48522 Y29.34581
G01 X-39.46767 Y29.36946
G01 X-39.45256 Y29.39471
G01 X-39.42944 Y29.43791
G01 X-39.40694 Y29.49227
G01 X-39.39271 Y29.53916
G01 X-39.38555 Y29.56771
G01 X-39.38123 Y29.59684
G01 X-39.37643 Y29.64561
G01 X-39.37498 Y29.67502
G01 X-39.37498 Y30.57502
G01 X-39.37643 Y30.60441
G01 X-39.38123 Y30.65320
G01 X-39.38555 Y30.68231
G01 X-39.39271 Y30.71086
G01 X-39.40694 Y30.75777
G01 X-39.42944 Y30.81210
G01 X-39.45256 Y30.85533
G01 X-39.46767 Y30.88058
G01 X-39.48522 Y30.90423
G01 X-39.51631 Y30.94210
G01 X-39.55789 Y30.98368
G01 X-39.59579 Y31.01480
G01 X-39.61943 Y31.03232
G01 X-39.64468 Y31.04746
G01 X-39.67811 Y31.06532
G04 P0 ( dwell for no time -- G64 should not smooth over this point )
G00 Z5.00000 ( retract )

G00 X-39.65502 Y31.16270 ( rapid move to begin. )
G01 F150.00000
( Mill infeed pass 1/1 )
G01 Z-0.06000
G04 P0 ( dwell for no time -- G64 should not smooth over this point )
G01 F300.00000
G01 X-39.65502 Y31.16270
G01 X-39.65388 Y31.16252
G01 X-39.65261 Y31.16232
G01 X-39.60363 Y31.14987
G01 X-39.60122 Y31.14921
G01 X-39.52827 Y31.12701
G01 X-39.52599 Y31.12625
G01 X-39.48174 Y31.11043
G01 X-39.47369 Y31.10672
G01 X-39.47186 Y31.10964
G01 X-39.47369 Y31.10672
G01 X-39.46642 Y31.10164
G01 X-39.46279 Y31.09856
G01 X-39.46094 Y31.09694
G01 X-39.40341 Y31.04360
G01 X-39.40165 Y31.04190
G01 X-39.36726 Y31.00672
G01 X-39.36559 Y31.00492
G01 X-39.31156 Y30.94388
G01 X-39.30998 Y30.94202
G01 X-39.27877 Y30.90311
G01 X-39.27727 Y30.90116
G01 X-39.22566 Y30.82978
G01 X-39.22429 Y30.82778
G01 X-39.22243 Y30.82498
G01 X-39.16223 Y30.77324
G01 X-39.15383 Y30.77626
G01 X-39.16223 Y30.77324
G01 X-39.17404 Y30.60258
G01 X-39.17498 Y30.57548
G01 X-39.17498 Y29.67467
G01 X-39.17333 Y29.63878
G01 X-39.09988 Y28.83189
G01 X-39.09998 Y28.50004
G01 X-39.09805 Y28.46083
G01 X-39.08842 Y28.36329
G01 X-39.08268 Y28.32445
G01 X-39.07313 Y28.28638
G01 X-39.04468 Y28.19258
G01 X-39.03145 Y28.15562
G01 X-39.01468 Y28.12014
G01 X-38.96848 Y28.03370
G01 X-38.92490 Y27.96850
G01 X-38.86272 Y27.89273
G01 X-38.83635 Y27.86365
G01 X-37.89018 Y26.91745
G01 X-37.58626 Y26.79156
G01 X-37.55655 Y26.78011
G01 X-37.46033 Y26.74567
G01 X-37.41067 Y26.73058
G01 X-37.37677 Y26.72207
G01 X-37.39703 Y26.73291
G01 X-37.41385 Y26.74300
G01 X-37.42962 Y26.75468
G01 X-37.50539 Y26.81686
G01 X-37.51995 Y26.83004
G01 X-38.69495 Y28.00505
G01 X-38.70813 Y28.01960
G01 X-38.77031 Y28.09537
G01 X-38.79208 Y28.12796
G01 X-38.83828 Y28.21442
G01 X-38.84669 Y28.23215
G01 X-38.85329 Y28.25064
G01 X-38.88174 Y28.34442
G01 X-38.88652 Y28.36347
G01 X-38.88939 Y28.38287
G01 X-38.89901 Y28.48043
G01 X-38.89998 Y28.50004
G01 X-38.89988 Y28.84180
G01 X-38.90011 Y28.84254
G01 X-38.97417 Y29.65691
G01 X-38.97498 Y29.67502
G01 X-38.97498 Y30.57502
G01 X-38.97450 Y30.58881
G01 X-38.95581 Y30.85955
G01 X-38.94489 Y30.86412
G01 X-38.95581 Y30.85955
G01 X-39.42474 Y31.26252
G01 X-39.42246 Y31.26859
G01 X-39.42474 Y31.26252
G01 X-39.79998 Y31.26252
G01 X-39.83472 Y31.26554
G01 X-39.86838 Y31.27456
G01 X-39.89998 Y31.28932
G01 X-39.92855 Y31.30931
G01 X-39.95319 Y31.33395
G01 X-39.97320 Y31.36252
G01 X-39.98794 Y31.39412
G01 X-39.99695 Y31.42777
G01 X-39.99998 Y31.46252
G01 X-39.99998 Y32.83752
G01 X-39.99614 Y32.87654
G01 X-39.98923 Y32.89930
G01 X-39.98372 Y32.91411
G01 X-39.98143 Y32.92023
G01 X-39.96861 Y32.94426
G01 X-39.95565 Y32.96158
G01 X-39.94140 Y32.97893
G01 X-39.92390 Y32.99330
G01 X-39.90671 Y33.00616
G01 X-39.88303 Y33.01880
G01 X-39.85951 Y33.02744
G01 X-39.83902 Y33.03366
G01 X-39.79998 Y33.03752
G01 X-38.64999 Y33.03752
G01 X-38.61098 Y33.03366
G01 X-38.59010 Y33.02734
G01 X-38.57087 Y33.02025
G01 X-38.56701 Y33.01883
G01 X-38.54306 Y33.00605
G01 X-38.52639 Y32.99358
G01 X-38.52604 Y32.99330
G01 X-38.50783 Y32.97966
G01 X-38.49414 Y32.96135
G01 X-38.49393 Y32.96112
G01 X-38.48136 Y32.94431
G01 X-38.46866 Y32.92051
G01 X-38.46010 Y32.89722
G01 X-38.45383 Y32.87654
G01 X-38.44999 Y32.83752
G01 X-38.44999 Y32.46351
G01 X-38.45642 Y32.46110
G01 X-38.44999 Y32.46351
G01 X-37.74674 Y31.66214
G01 X-37.74568 Y31.66067
G01 X-37.70498 Y31.62000
G01 X-37.69180 Y31.60545
G01 X-37.62962 Y31.52968
G01 X-37.60785 Y31.49709
G01 X-37.56165 Y31.41063
G01 X-37.55324 Y31.39290
G01 X-37.54664 Y31.37441
G01 X-37.51819 Y31.28063
G01 X-37.51342 Y31.26158
G01 X-37.51055 Y31.24218
G01 X-37.50092 Y31.14462
G01 X-37.49996 Y31.12503
G01 X-37.49996 Y30.82358
G01 X-37.50173 Y30.82318
G01 X-37.49996 Y30.82358
G01 X-37.49074 Y30.80819
G01 X-37.46762 Y30.76496
G01 X-37.45264 Y30.72874
G01 X-37.43841 Y30.68185
G01 X-37.43364 Y30.66280
G01 X-37.43077 Y30.64340
G01 X-37.42594 Y30.59463
G01 X-37.42497 Y30.57502
G01 X-37.42497 Y29.67502
G01 X-37.42581 Y29.65691
G01 X-37.49983 Y28.84256
G01 X-37.49996 Y28.84177
G01 X-37.49996 Y28.78998
G01 X-37.50961 Y28.78645
G01 X-37.49996 Y28.78998
G01 X-36.73501 Y28.02504
G01 X-36.73816 Y28.01742
G01 X-36.73501 Y28.02504
G01 X-20.53900 Y28.02504
G01 X-20.53255 Y28.01307
G01 X-20.53900 Y28.02504
G01 X-19.67497 Y29.33705
G01 X-19.67088 Y29.33580
G01 X-19.67497 Y29.33705
G01 X-19.67500 Y29.77502
G01 X-19.67195 Y29.80974
G01 X-19.66293 Y29.84342
G01 X-19.64820 Y29.87502
G01 X-19.62819 Y29.90357
G01 X-19.60355 Y29.92821
G01 X-19.57500 Y29.94822
G01 X-19.54340 Y29.96296
G01 X-19.50972 Y29.97197
G01 X-19.47500 Y29.97502
G01 X-17.77498 Y29.97502
G01 X-17.73596 Y29.97116
G01 X-17.71513 Y29.96484
G01 X-17.70518 Y29.96118
G01 X-17.69189 Y29.95630
G01 X-17.66807 Y29.94355
G01 X-17.65140 Y29.93108
G01 X-17.65120 Y29.93090
G01 X-17.63357 Y29.91642
G01 X-17.61894 Y29.89862
G01 X-17.60642 Y29.88188
G01 X-17.59365 Y29.85798
G01 X-17.58511 Y29.83476
G01 X-17.57884 Y29.81404
G01 X-17.57498 Y29.77502
G01 X-17.57498 Y28.07502
G01 X-17.67498 Y28.07502
G01 X-17.67691 Y28.05549
G01 X-17.68260 Y28.03675
G01 X-17.69184 Y28.01945
G01 X-17.70429 Y28.00431
G01 X-17.71943 Y27.99187
G01 X-17.73672 Y27.98262
G01 X-17.75547 Y27.97693
G01 X-17.77498 Y27.97503
G01 X-18.24292 Y27.97500
G01 X-19.65889 Y27.04257
G01 X-19.80070 Y26.90076
G01 X-19.80797 Y26.89418
G01 X-19.88373 Y26.83200
G01 X-19.89163 Y26.82613
G01 X-19.90004 Y26.82110
G01 X-19.98648 Y26.77490
G01 X-20.00461 Y26.76738
G01 X-20.09839 Y26.73893
G01 X-20.10792 Y26.73655
G01 X-20.11762 Y26.73512
G01 X-20.21518 Y26.72550
G01 X-20.22498 Y26.72501
G01 X-37.02498 Y26.72501
G01 X-37.03475 Y26.72550
G01 X-37.13232 Y26.73512
G01 X-37.14202 Y26.73655
G01 X-37.15154 Y26.73893
G01 X-37.24532 Y26.76738
G01 X-37.26346 Y26.77490
G01 X-37.34989 Y26.82110
G01 X-37.35830 Y26.82613
G01 X-37.36620 Y26.83200
G01 X-37.44197 Y26.89418
G01 X-37.44923 Y26.90076
G01 X-38.62424 Y28.07576
G01 X-38.63081 Y28.08303
G01 X-38.69299 Y28.15879
G01 X-38.70389 Y28.17510
G01 X-38.75009 Y28.26154
G01 X-38.75428 Y28.27043
G01 X-38.75761 Y28.27967
G01 X-38.78606 Y28.37345
G01 X-38.78845 Y28.38297
G01 X-38.78987 Y28.39268
G01 X-38.79950 Y28.49024
G01 X-38.79998 Y28.50004
G01 X-38.79998 Y28.84871
G01 X-38.80051 Y28.85160
G01 X-38.87458 Y29.66595
G01 X-38.87498 Y29.67502
G01 X-38.87498 Y30.57502
G01 X-38.87450 Y30.58475
G01 X-38.87427 Y30.58719
G01 X-38.87430 Y30.58813
G01 X-38.85258 Y30.90271
G01 X-39.38768 Y31.36252
G01 X-39.79998 Y31.36252
G01 X-39.81735 Y31.36402
G01 X-39.83419 Y31.36854
G01 X-39.84999 Y31.37591
G01 X-39.86426 Y31.38591
G01 X-39.87658 Y31.39823
G01 X-39.88659 Y31.41251
G01 X-39.89396 Y31.42831
G01 X-39.89848 Y31.44515
G01 X-39.89998 Y31.46252
G01 X-39.89998 Y32.83752
G01 X-39.89807 Y32.85703
G01 X-39.89238 Y32.87578
G01 X-39.88314 Y32.89307
G01 X-39.87069 Y32.90821
G01 X-39.85555 Y32.92066
G01 X-39.83825 Y32.92990
G01 X-39.81951 Y32.93559
G01 X-39.79998 Y32.93752
G01 X-38.64999 Y32.93752
G01 X-38.63048 Y32.93559
G01 X-38.61171 Y32.92990
G01 X-38.59444 Y32.92066
G01 X-38.57928 Y32.90821
G01 X-38.56683 Y32.89307
G01 X-38.55761 Y32.87578
G01 X-38.55190 Y32.85703
G01 X-38.54999 Y32.83752
G01 X-38.54999 Y32.42587
G01 X-37.82190 Y31.59618
G01 X-37.82005 Y31.59361
G01 X-37.77570 Y31.54929
G01 X-37.76912 Y31.54202
G01 X-37.70694 Y31.46626
G01 X-37.69604 Y31.44995
G01 X-37.64984 Y31.36351
G01 X-37.64565 Y31.35462
G01 X-37.64232 Y31.34538
G01 X-37.61387 Y31.25160
G01 X-37.61149 Y31.24207
G01 X-37.61006 Y31.23237
G01 X-37.60044 Y31.13481
G01 X-37.59996 Y31.12503
G01 X-37.59996 Y30.78970
G01 X-37.58982 Y30.77736
G01 X-37.58398 Y30.76946
G01 X-37.57892 Y30.76105
G01 X-37.55584 Y30.71782
G01 X-37.54832 Y30.69971
G01 X-37.53409 Y30.65282
G01 X-37.53171 Y30.64330
G01 X-37.53028 Y30.63359
G01 X-37.52546 Y30.58482
G01 X-37.52500 Y30.57502
G01 X-37.52500 Y29.67502
G01 X-37.52541 Y29.66595
G01 X-37.59942 Y28.85160
G01 X-37.59996 Y28.84853
G01 X-37.59996 Y28.74856
G01 X-36.77644 Y27.92504
G01 X-20.48513 Y27.92504
G01 X-19.57497 Y29.30708
G01 X-19.57500 Y29.77502
G01 X-19.57347 Y29.79237
G01 X-19.56895 Y29.80921
G01 X-19.56159 Y29.82501
G01 X-19.55160 Y29.83928
G01 X-19.53926 Y29.85163
G01 X-19.52499 Y29.86161
G01 X-19.50919 Y29.86898
G01 X-19.49235 Y29.87350
G01 X-19.47500 Y29.87502
G01 X-17.77498 Y29.87502
G01 X-17.75547 Y29.87309
G01 X-17.73672 Y29.86740
G01 X-17.71943 Y29.85816
G01 X-17.70429 Y29.84574
G01 X-17.69184 Y29.83057
G01 X-17.68260 Y29.81327
G01 X-17.67691 Y29.79453
G01 X-17.67498 Y29.77502
G01 X-17.67498 Y28.07502
G01 X-17.57498 Y28.07502
G01 X-17.57472 Y28.07589
G01 X-17.57472 Y29.77418
G01 X-17.57579 Y29.80515
G01 X-17.57673 Y29.81195
G01 X-17.58511 Y29.83476
G01 X-17.59365 Y29.85798
G01 X-17.59860 Y29.87144
G01 X-17.60642 Y29.88188
G01 X-17.61894 Y29.89862
G01 X-17.63284 Y29.91716
G01 X-17.65120 Y29.93090
G01 X-17.65140 Y29.93108
G01 X-17.66807 Y29.94355
G01 X-17.67856 Y29.95140
G01 X-17.69189 Y29.95630
G01 X-17.70518 Y29.96118
G01 X-17.71513 Y29.96484
G01 X-17.73804 Y29.97327
G01 X-17.74485 Y29.97421
G01 X-17.77581 Y29.97528
G01 X-19.06522 Y29.97528
G01 X-19.06692 Y29.97530
G01 X-19.10139 Y29.97649
G01 X-19.10309 Y29.97657
G01 X-19.13703 Y29.97891
G01 X-19.13708 Y29.97835
G01 X-19.13703 Y29.97891
G01 X-19.14236 Y29.97957
G01 X-19.25285 Y29.99925
G01 X-19.25790 Y30.00045
G01 X-19.32775 Y30.02051
G01 X-19.32791 Y30.02008
G01 X-19.32775 Y30.02051
G01 X-19.33393 Y30.02275
G01 X-19.45379 Y30.07502
G01 X-19.49496 Y30.09298
G01 X-19.50022 Y30.09565
G01 X-19.52712 Y30.11137
G01 X-19.59689 Y30.14810
G01 X-19.68630 Y30.08488
G01 X-19.78061 Y29.99133
G01 X-19.85861 Y29.88290
G01 X-19.86890 Y29.84447
G01 X-19.87500 Y29.77502
G01 X-19.87500 Y29.39699
G01 X-19.87078 Y29.39572
G01 X-19.87500 Y29.39699
G01 X-20.64678 Y28.22504
G01 X-20.64032 Y28.21307
G01 X-20.64678 Y28.22504
G01 X-34.57200 Y28.22504
G01 X-34.76877 Y28.20042
G01 X-34.77497 Y28.19987
G01 X-36.47496 Y28.20004
G01 X-36.47969 Y28.20027
G01 X-36.64024 Y28.21544
G01 X-36.64941 Y28.21716
G01 X-36.65071 Y28.21373
G01 X-36.64941 Y28.21716
G01 X-36.65810 Y28.22059
G01 X-36.66600 Y28.22555
G01 X-36.77110 Y28.30629
G01 X-36.77136 Y28.30601
G01 X-36.77110 Y28.30629
G01 X-36.77684 Y28.31147
G01 X-36.86747 Y28.40670
G01 X-36.87115 Y28.41104
G01 X-36.87169 Y28.41066
G01 X-36.87115 Y28.41104
G01 X-36.87433 Y28.41579
G01 X-36.91939 Y28.49225
G01 X-37.29655 Y28.86941
G01 X-37.30631 Y28.86588
G01 X-37.29655 Y28.86941
G01 X-37.22663 Y29.63880
G01 X-37.22498 Y29.67502
G01 X-37.22498 Y30.57502
G01 X-37.22691 Y30.61421
G01 X-37.23171 Y30.66298
G01 X-37.23747 Y30.70182
G01 X-37.24702 Y30.73989
G01 X-37.26125 Y30.78681
G01 X-37.29124 Y30.85925
G01 X-37.29996 Y30.87555
G01 X-37.30145 Y30.87530
G01 X-37.29996 Y30.87555
G01 X-37.29996 Y31.12503
G01 X-37.30189 Y31.16422
G01 X-37.31151 Y31.26176
G01 X-37.31725 Y31.30060
G01 X-37.32680 Y31.33867
G01 X-37.34913 Y31.41225
G01 X-37.35490 Y31.42391
G01 X-37.35556 Y31.42529
G01 X-37.36937 Y31.45536
G01 X-37.39043 Y31.49808
G01 X-37.39223 Y31.50148
G01 X-37.39328 Y31.50359
G01 X-37.42650 Y31.57431
G01 X-37.50196 Y31.60098
G01 X-37.50422 Y31.60184
G01 X-37.58055 Y31.63301
G01 X-37.58289 Y31.63405
G01 X-37.58779 Y31.63633
G01 X-37.60785 Y31.64576
G01 X-37.63905 Y31.65947
G01 X-37.65070 Y31.66427
G01 X-37.65218 Y31.66491
G01 X-37.69114 Y31.68236
G01 X-37.69411 Y31.68383
G01 X-37.69477 Y31.68416
G01 X-37.69932 Y31.68691
G01 X-37.69962 Y31.68642
G01 X-37.69932 Y31.68691
G01 X-37.80516 Y31.75851
G01 X-37.80963 Y31.76191
G01 X-37.86328 Y31.80778
G01 X-37.86587 Y31.81020
G01 X-37.86625 Y31.80979
G01 X-37.86587 Y31.81020
G01 X-37.91776 Y31.86140
G01 X-37.92022 Y31.86402
G01 X-38.34621 Y32.34944
G01 X-38.34682 Y32.35015
G01 X-38.35916 Y32.36473
G01 X-38.35975 Y32.36547
G01 X-38.37140 Y32.37979
G01 X-38.37410 Y32.38342
G01 X-38.37440 Y32.38320
G01 X-38.37410 Y32.38342
G01 X-38.42586 Y32.46028
G01 X-38.42954 Y32.46679
G01 X-38.43224 Y32.47380
G01 X-38.43386 Y32.48109
G01 X-38.43701 Y32.48015
G01 X-38.43386 Y32.48109
G01 X-38.44405 Y32.55185
G01 X-38.44443 Y32.55538
G01 X-38.44959 Y32.62734
G01 X-38.44974 Y32.63092
G01 X-38.44974 Y32.83669
G01 X-38.45078 Y32.86762
G01 X-38.45174 Y32.87448
G01 X-38.46010 Y32.89722
G01 X-38.46866 Y32.92051
G01 X-38.47361 Y32.93394
G01 X-38.48136 Y32.94431
G01 X-38.49393 Y32.96112
G01 X-38.49414 Y32.96135
G01 X-38.50856 Y32.97893
G01 X-38.52604 Y32.99330
G01 X-38.52639 Y32.99358
G01 X-38.54306 Y33.00605
G01 X-38.55355 Y33.01388
G01 X-38.56701 Y33.01883
G01 X-38.57087 Y33.02025
G01 X-38.59010 Y33.02734
G01 X-38.61303 Y33.03577
G01 X-38.61984 Y33.03671
G01 X-38.65083 Y33.03778
G01 X-39.79911 Y33.03778
G01 X-39.83010 Y33.03671
G01 X-39.83691 Y33.03577
G01 X-39.85951 Y33.02744
G01 X-39.88303 Y33.01880
G01 X-39.89639 Y33.01388
G01 X-39.90671 Y33.00616
G01 X-39.92390 Y32.99330
G01 X-39.94211 Y32.97966
G01 X-39.95565 Y32.96158
G01 X-39.96861 Y32.94426
G01 X-39.97638 Y32.93389
G01 X-39.98143 Y32.92023
G01 X-39.98372 Y32.91411
G01 X-39.98923 Y32.89930
G01 X-39.99807 Y32.87552
G01 X-39.99916 Y32.86767
G01 X-40.00020 Y32.83669
G01 X-40.00020 Y31.46283
G01 X-40.00005 Y31.45043
G01 X-39.99868 Y31.39737
G01 X-39.99467 Y31.34497
G01 X-39.97930 Y31.22323
G01 X-39.97826 Y31.22249
G01 X-39.97930 Y31.22323
G01 X-39.97925 Y31.22277
G01 X-39.97826 Y31.22249
G01 X-39.91354 Y31.20474
G01 X-39.88430 Y31.19902
G01 X-39.83770 Y31.19168
G01 X-39.79406 Y31.18650
G01 X-39.79335 Y31.18642
G01 X-39.77437 Y31.18388
G01 X-39.77364 Y31.18378
G01 X-39.72461 Y31.17652
G01 X-39.72218 Y31.17609
G01 X-39.65502 Y31.16270
G01 X-39.65423 Y31.16252
G01 X-39.65388 Y31.16252
G01 X-39.46180 Y31.16252
G01 X-39.45949 Y31.16875
G01 X-39.46180 Y31.16252
G01 X-39.05903 Y30.81640
G01 X-39.04814 Y30.82097
G01 X-39.05903 Y30.81640
G01 X-39.07427 Y30.59570
G01 X-39.07498 Y30.57502
G01 X-39.07498 Y29.67502
G01 X-39.07376 Y29.64784
G01 X-38.99988 Y28.83644
G01 X-38.99998 Y28.50004
G01 X-38.99853 Y28.47063
G01 X-38.98890 Y28.37307
G01 X-38.98459 Y28.34396
G01 X-38.97745 Y28.31541
G01 X-38.94900 Y28.22161
G01 X-38.93907 Y28.19387
G01 X-38.92647 Y28.16728
G01 X-38.88027 Y28.08082
G01 X-38.84760 Y28.03192
G01 X-38.78542 Y27.95615
G01 X-38.76566 Y27.93433
G01 X-37.64877 Y26.81747
G01 X-37.58626 Y26.79156
G01 X-37.55655 Y26.78011
G01 X-37.46033 Y26.74567
G01 X-37.41067 Y26.73058
G01 X-37.37677 Y26.72207
G01 X-37.31504 Y26.70663
G01 X-37.27270 Y26.69817
G01 X-37.17712 Y26.68399
G01 X-37.13897 Y26.68023
G01 X-37.04281 Y26.67548
G01 X-37.02437 Y26.67505
G01 X-20.22557 Y26.67505
G01 X-20.20713 Y26.67548
G01 X-20.11094 Y26.68023
G01 X-20.07279 Y26.68399
G01 X-19.97721 Y26.69817
G01 X-19.93486 Y26.70663
G01 X-19.87317 Y26.72207
G01 X-19.83923 Y26.73058
G01 X-19.78958 Y26.74567
G01 X-19.69336 Y26.78011
G01 X-19.66362 Y26.79159
G01 X-19.49329 Y26.86212
G01 X-19.48851 Y26.86383
G01 X-19.38277 Y26.89553
G01 X-19.32095 Y27.01851
G01 X-19.31864 Y27.02263
G01 X-19.31376 Y27.03037
G01 X-19.27782 Y27.08770
G01 X-19.27380 Y27.09324
G01 X-19.16370 Y27.22481
G01 X-19.16413 Y27.22524
G01 X-19.16370 Y27.22481
G01 X-19.15851 Y27.23014
G01 X-19.10568 Y27.27698
G01 X-19.10294 Y27.27922
G01 X-19.04510 Y27.32357
G01 X-19.04218 Y27.32565
G01 X-18.30924 Y27.80832
G01 X-18.30601 Y27.81028
G01 X-18.24074 Y27.84650
G01 X-18.23751 Y27.84813
G01 X-18.21539 Y27.85839
G01 X-18.21579 Y27.85953
G01 X-18.21539 Y27.85839
G01 X-18.20860 Y27.86095
G01 X-18.20149 Y27.86250
G01 X-18.15572 Y27.86908
G01 X-18.15575 Y27.86941
G01 X-18.15572 Y27.86908
G01 X-18.15219 Y27.86946
G01 X-18.08023 Y27.87464
G01 X-18.07665 Y27.87477
G01 X-17.77581 Y27.87480
G01 X-17.74485 Y27.87584
G01 X-17.73804 Y27.87678
G01 X-17.70835 Y27.88767
G01 X-17.69174 Y27.89380
G01 X-17.67856 Y27.89867
G01 X-17.65981 Y27.91267
G01 X-17.65085 Y27.91940
G01 X-17.63284 Y27.93289
G01 X-17.61143 Y27.96146
G01 X-17.60635 Y27.96824
G01 X-17.59860 Y27.97861
G01 X-17.57673 Y28.03809
G01 X-17.57579 Y28.04490
G01 X-17.57472 Y28.07589
G01 X-17.57498 Y28.07502
G01 X-17.57884 Y28.03599
G01 X-17.58511 Y28.01534
G01 X-17.59370 Y27.99197
G01 X-17.60635 Y27.96824
G01 X-17.61143 Y27.96146
G01 X-17.61925 Y27.95105
G01 X-17.63357 Y27.93360
G01 X-17.65085 Y27.91940
G01 X-17.65981 Y27.91267
G01 X-17.66825 Y27.90639
G01 X-17.69174 Y27.89380
G01 X-17.70835 Y27.88767
G01 X-17.73804 Y27.87678
G01 X-17.74485 Y27.87584
G01 X-17.77581 Y27.87480
G01 X-18.07665 Y27.87477
G01 X-18.08023 Y27.87464
G01 X-18.15219 Y27.86946
G01 X-18.15572 Y27.86908
G01 X-18.20149 Y27.86250
G01 X-18.20860 Y27.86095
G01 X-18.21539 Y27.85839
G01 X-18.23751 Y27.84813
G01 X-18.24074 Y27.84650
G01 X-18.30601 Y27.81028
G01 X-18.30924 Y27.80832
G01 X-19.04218 Y27.32565
G01 X-19.04510 Y27.32357
G01 X-19.10294 Y27.27922
G01 X-19.10568 Y27.27698
G01 X-19.15851 Y27.23014
G01 X-19.16370 Y27.22481
G01 X-19.27380 Y27.09324
G01 X-19.27782 Y27.08770
G01 X-19.31376 Y27.03037
G01 X-19.53187 Y26.88676
G01 X-19.53220 Y26.88717
G01 X-19.53187 Y26.88676
G01 X-19.60119 Y26.81745
G01 X-19.66362 Y26.79159
G01 X-19.69336 Y26.78011
G01 X-19.78958 Y26.74567
G01 X-19.83923 Y26.73058
G01 X-19.87317 Y26.72207
G01 X-19.85290 Y26.73291
G01 X-19.83608 Y26.74300
G01 X-19.82031 Y26.75468
G01 X-19.74454 Y26.81686
G01 X-19.72999 Y26.83004
G01 X-19.59537 Y26.96466
G01 X-19.59570 Y26.96504
G01 X-19.59537 Y26.96466
G01 X-18.21295 Y27.87500
G01 X-18.21419 Y27.87909
G01 X-18.21295 Y27.87500
G01 X-17.77498 Y27.87503
G01 X-17.73596 Y27.87886
G01 X-17.71569 Y27.88501
G01 X-17.70835 Y27.88767
G01 X-17.69174 Y27.89380
G01 X-17.66825 Y27.90639
G01 X-17.65981 Y27.91267
G01 X-17.65085 Y27.91940
G01 X-17.63357 Y27.93360
G01 X-17.61925 Y27.95105
G01 X-17.61143 Y27.96146
G01 X-17.60635 Y27.96824
G01 X-17.59370 Y27.99197
G01 X-17.58511 Y28.01534
G01 X-17.57884 Y28.03599
G01 X-17.57498 Y28.07502
G01 X-17.57498 Y29.77502
G01 X-17.57884 Y29.81404
G01 X-17.58511 Y29.83476
G01 X-17.59365 Y29.85798
G01 X-17.60642 Y29.88188
G01 X-17.61894 Y29.89862
G01 X-17.63357 Y29.91642
G01 X-17.65120 Y29.93090
G01 X-17.65140 Y29.93108
G01 X-17.66807 Y29.94355
G01 X-17.69189 Y29.95630
G01 X-17.70518 Y29.96118
G01 X-17.71513 Y29.96484
G01 X-17.73804 Y29.97327
G01 X-17.74485 Y29.97421
G01 X-17.77581 Y29.97528
G01 X-19.06522 Y29.97528
G01 X-19.06692 Y29.97530
G01 X-19.10139 Y29.97649
G01 X-19.10309 Y29.97657
G01 X-19.13703 Y29.97891
G01 X-19.14236 Y29.97957
G01 X-19.25285 Y29.99925
G01 X-19.25790 Y30.00045
G01 X-19.32775 Y30.02051
G01 X-19.33393 Y30.02275
G01 X-19.45379 Y30.07502
G01 X-19.47500 Y30.07502
G01 X-19.52709 Y30.07045
G01 X-19.57759 Y30.05691
G01 X-19.62498 Y30.03481
G01 X-19.66783 Y30.00482
G01 X-19.70479 Y29.96786
G01 X-19.73479 Y29.92501
G01 X-19.75689 Y29.87761
G01 X-19.77043 Y29.82712
G01 X-19.77500 Y29.77502
G01 X-19.77500 Y29.36702
G01 X-19.77093 Y29.36578
G01 X-19.77500 Y29.36702
G01 X-20.59288 Y28.12504
G01 X-20.58645 Y28.11307
G01 X-20.59288 Y28.12504
G01 X-36.69358 Y28.12504
G01 X-36.69676 Y28.11742
G01 X-36.69358 Y28.12504
G01 X-37.39996 Y28.83139
G01 X-37.40971 Y28.82786
G01 X-37.39996 Y28.83139
G01 X-37.39996 Y28.83647
G01 X-37.32622 Y29.64787
G01 X-37.32497 Y29.67502
G01 X-37.32497 Y30.57502
G01 X-37.32642 Y30.60441
G01 X-37.33122 Y30.65320
G01 X-37.33557 Y30.68231
G01 X-37.34270 Y30.71086
G01 X-37.35693 Y30.75777
G01 X-37.37943 Y30.81210
G01 X-37.39996 Y30.85051
G01 X-37.40158 Y30.85015
G01 X-37.39996 Y30.85051
G01 X-37.39996 Y31.12503
G01 X-37.40140 Y31.15442
G01 X-37.41103 Y31.25198
G01 X-37.41535 Y31.28109
G01 X-37.42249 Y31.30964
G01 X-37.45093 Y31.40344
G01 X-37.46086 Y31.43118
G01 X-37.47346 Y31.45777
G01 X-37.51967 Y31.54423
G01 X-37.55233 Y31.59313
G01 X-37.58779 Y31.63633
G04 P0 ( dwell for no time -- G64 should not smooth over this point )
G00 Z5.00000 ( retract )

G00 X-37.04804 Y33.13785 ( rapid move to begin. )
G01 F150.00000
( Mill infeed pass 1/1 )
G01 Z-0.06000
G04 P0 ( dwell for no time -- G64 should not smooth over this point )
G01 F300.00000
G01 X-37.04804 Y33.13785
G01 X-37.05942 Y33.12648
G01 X-37.07928 Y33.10456
G01 X-37.08581 Y33.09544
G01 X-37.09739 Y33.07738
G01 X-37.10239 Y33.06958
G01 X-37.11108 Y33.05609
G01 X-37.13422 Y33.01581
G01 X-37.14847 Y32.97722
G01 X-37.16277 Y32.93217
G01 X-37.16793 Y32.91451
G01 X-37.17070 Y32.89277
G01 X-37.17412 Y32.85851
G01 X-37.17466 Y32.84776
G01 X-37.17522 Y32.82439
G01 X-37.17522 Y32.14548
G01 X-37.17524 Y32.14464
G01 X-37.17552 Y32.12770
G01 X-37.17555 Y32.12686
G01 X-37.17611 Y32.10994
G01 X-37.17646 Y32.10550
G01 X-37.18769 Y32.01497
G01 X-37.18842 Y32.01065
G01 X-37.20339 Y31.94080
G01 X-37.20486 Y31.93547
G01 X-37.24695 Y31.80921
G01 X-37.24883 Y31.80441
G01 X-37.26371 Y31.77151
G01 X-37.26394 Y31.77098
G01 X-37.26986 Y31.75828
G01 X-37.27156 Y31.75467
G01 X-37.27179 Y31.75416
G01 X-37.28850 Y31.71937
G01 X-37.30575 Y31.68106
G01 X-37.32510 Y31.63517
G01 X-37.32548 Y31.63428
G01 X-37.33460 Y31.61383
G01 X-37.30328 Y31.54718
G01 X-37.30171 Y31.54421
G01 X-37.30107 Y31.54296
G01 X-37.27938 Y31.49897
G01 X-37.27880 Y31.49773
G01 X-37.26501 Y31.46773
G01 X-37.25838 Y31.45437
G01 X-37.24207 Y31.43237
G01 X-37.21098 Y31.39447
G01 X-37.18461 Y31.36539
G01 X-37.15553 Y31.33903
G01 X-37.11763 Y31.30794
G01 X-37.05243 Y31.26438
G01 X-37.00923 Y31.24126
G01 X-36.97374 Y31.22450
G01 X-36.93676 Y31.21126
G01 X-36.88987 Y31.19704
G01 X-36.81296 Y31.18175
G01 X-36.76419 Y31.17695
G01 X-36.72498 Y31.17502
G01 X-36.66328 Y31.17502
G01 X-36.65127 Y31.19006
G01 X-36.66328 Y31.17502
G01 X-36.62518 Y31.06077
G01 X-36.61873 Y31.06059
G01 X-36.62518 Y31.06077
G01 X-36.84187 Y30.53451
G01 X-36.84321 Y30.53060
G01 X-36.84453 Y30.52808
G01 X-36.84898 Y30.51342
G01 X-36.85861 Y30.48488
G01 X-36.86038 Y30.47588
G01 X-36.86729 Y30.45305
G01 X-36.87499 Y30.37502
G01 X-36.87499 Y28.67502
G01 X-36.86775 Y28.60159
G01 X-36.79109 Y28.47149
G01 X-36.70709 Y28.38323
G01 X-36.61649 Y28.31363
G01 X-36.47263 Y28.30004
G01 X-34.77809 Y28.30004
G01 X-34.58746 Y28.32387
G01 X-34.55277 Y28.34244
G01 X-34.49214 Y28.39217
G01 X-34.44241 Y28.45277
G01 X-34.40542 Y28.52194
G01 X-34.38266 Y28.59697
G01 X-34.37499 Y28.67502
G01 X-34.37499 Y30.37502
G01 X-34.38266 Y30.45305
G01 X-34.40542 Y30.52808
G01 X-34.40705 Y30.53110
G01 X-34.40809 Y30.53451
G01 X-34.62475 Y31.06074
G01 X-34.63146 Y31.06052
G01 X-34.62475 Y31.06074
G01 X-34.58668 Y31.17502
G01 X-34.59955 Y31.19209
G01 X-34.58668 Y31.17502
G01 X-34.52498 Y31.17502
G01 X-34.50499 Y31.17550
G01 X-34.01838 Y31.19986
G01 X-34.01835 Y31.20019
G01 X-34.01838 Y31.19986
G01 X-33.78376 Y31.17118
G01 X-33.78317 Y31.17299
G01 X-33.78376 Y31.17118
G01 X-33.76763 Y31.15795
G01 X-33.73611 Y31.13456
G01 X-33.70243 Y31.11439
G01 X-33.65922 Y31.09128
G01 X-33.58678 Y31.06128
G01 X-33.53987 Y31.04703
G01 X-33.50179 Y31.03750
G01 X-33.46296 Y31.03174
G01 X-33.41419 Y31.02694
G01 X-33.37500 Y31.02501
G01 X-32.72498 Y31.02501
G01 X-32.68579 Y31.02694
G01 X-32.63700 Y31.03174
G01 X-32.59819 Y31.03750
G01 X-32.56011 Y31.04703
G01 X-32.51320 Y31.06128
G01 X-32.44076 Y31.09128
G01 X-32.39753 Y31.11439
G01 X-32.36387 Y31.13456
G01 X-32.33233 Y31.15795
G01 X-32.29445 Y31.18904
G01 X-32.23901 Y31.24449
G01 X-32.20792 Y31.28236
G01 X-32.18452 Y31.31388
G01 X-32.16436 Y31.34756
G01 X-32.14124 Y31.39079
G01 X-32.11124 Y31.46323
G01 X-32.09702 Y31.51012
G01 X-32.08747 Y31.54820
G01 X-32.08173 Y31.58703
G01 X-32.07690 Y31.63580
G01 X-32.07500 Y31.67502
G01 X-32.17500 Y31.67502
G01 X-32.27500 Y31.67502
G01 X-32.37500 Y31.67502
G01 X-32.37548 Y31.66521
G01 X-32.38028 Y31.61645
G01 X-32.38170 Y31.60674
G01 X-32.38409 Y31.59722
G01 X-32.39831 Y31.55030
G01 X-32.40583 Y31.53219
G01 X-32.42892 Y31.48899
G01 X-32.43398 Y31.48056
G01 X-32.43982 Y31.47268
G01 X-32.47091 Y31.43478
G01 X-32.48478 Y31.42094
G01 X-32.52265 Y31.38985
G01 X-32.53055 Y31.38401
G01 X-32.53895 Y31.37896
G01 X-32.58219 Y31.35584
G01 X-32.60030 Y31.34835
G01 X-32.64718 Y31.33412
G01 X-32.65671 Y31.33174
G01 X-32.66641 Y31.33029
G01 X-32.71518 Y31.32549
G01 X-32.72498 Y31.32501
G01 X-33.37500 Y31.32501
G01 X-33.38480 Y31.32549
G01 X-33.43357 Y31.33029
G01 X-33.44327 Y31.33174
G01 X-33.45280 Y31.33412
G01 X-33.49968 Y31.34835
G01 X-33.51779 Y31.35584
G01 X-33.56103 Y31.37896
G01 X-33.56943 Y31.38401
G01 X-33.57731 Y31.38985
G01 X-33.61520 Y31.42094
G01 X-33.62907 Y31.43478
G01 X-33.64703 Y31.45670
G01 X-34.00758 Y31.50077
G01 X-34.51607 Y31.47535
G01 X-34.51728 Y31.47540
G01 X-34.52498 Y31.47502
G01 X-34.80291 Y31.47502
G01 X-34.94466 Y31.04975
G01 X-34.68548 Y30.42028
G01 X-34.68437 Y30.41657
G01 X-34.68259 Y30.41327
G01 X-34.67690 Y30.39453
G01 X-34.67499 Y30.37502
G01 X-34.67499 Y28.67502
G01 X-34.67690 Y28.65549
G01 X-34.68259 Y28.63675
G01 X-34.69183 Y28.61945
G01 X-34.70428 Y28.60431
G01 X-34.71942 Y28.59186
G01 X-34.73671 Y28.58262
G01 X-34.75549 Y28.57693
G01 X-34.77499 Y28.57502
G01 X-36.47499 Y28.57502
G01 X-36.49450 Y28.57693
G01 X-36.51327 Y28.58262
G01 X-36.53054 Y28.59186
G01 X-36.54570 Y28.60431
G01 X-36.55812 Y28.61945
G01 X-36.56737 Y28.63675
G01 X-36.57306 Y28.65549
G01 X-36.57499 Y28.67502
G01 X-36.57499 Y30.37502
G01 X-36.57306 Y30.39453
G01 X-36.56737 Y30.41327
G01 X-36.56592 Y30.41602
G01 X-36.56447 Y30.42028
G01 X-36.30529 Y31.04977
G01 X-36.44705 Y31.47502
G01 X-36.72498 Y31.47502
G01 X-36.73478 Y31.47550
G01 X-36.78357 Y31.48030
G01 X-36.79328 Y31.48175
G01 X-36.80278 Y31.48411
G01 X-36.84969 Y31.49836
G01 X-36.85894 Y31.50166
G01 X-36.86780 Y31.50585
G01 X-36.91103 Y31.52894
G01 X-36.92731 Y31.53984
G01 X-36.96521 Y31.57093
G01 X-36.97247 Y31.57753
G01 X-36.97905 Y31.58480
G01 X-37.01017 Y31.62267
G01 X-37.01601 Y31.63057
G01 X-37.02104 Y31.63898
G01 X-37.04415 Y31.68221
G01 X-37.05165 Y31.70032
G01 X-37.06587 Y31.74720
G01 X-37.06970 Y31.76643
G01 X-37.07451 Y31.81520
G01 X-37.07499 Y31.82500
G01 X-37.07499 Y32.82500
G01 X-37.07451 Y32.83481
G01 X-37.06970 Y32.88358
G01 X-37.06587 Y32.90280
G01 X-37.05165 Y32.94972
G01 X-37.04415 Y32.96783
G01 X-37.02104 Y33.01103
G01 X-37.01601 Y33.01947
G01 X-37.01017 Y33.02734
G01 X-36.97905 Y33.06524
G01 X-36.97247 Y33.07250
G01 X-36.96521 Y33.07908
G01 X-36.92731 Y33.11017
G01 X-36.91103 Y33.12107
G01 X-36.86780 Y33.14418
G01 X-36.85894 Y33.14837
G01 X-36.84969 Y33.15167
G01 X-36.80278 Y33.16590
G01 X-36.79328 Y33.16828
G01 X-36.78357 Y33.16973
G01 X-36.73478 Y33.17453
G01 X-36.72498 Y33.17501
G01 X-34.52498 Y33.17501
G01 X-34.51518 Y33.17453
G01 X-34.46641 Y33.16973
G01 X-34.45671 Y33.16828
G01 X-34.44718 Y33.16590
G01 X-34.40029 Y33.15167
G01 X-34.39105 Y33.14837
G01 X-34.38218 Y33.14418
G01 X-34.33895 Y33.12107
G01 X-34.32264 Y33.11017
G01 X-34.28477 Y33.07908
G01 X-34.27751 Y33.07250
G01 X-34.27090 Y33.06524
G01 X-34.24352 Y33.03189
G01 X-33.66440 Y32.79125
G01 X-33.64700 Y32.79335
G01 X-33.62907 Y32.81522
G01 X-33.61520 Y32.82909
G01 X-33.57731 Y32.86018
G01 X-33.56943 Y32.86602
G01 X-33.56103 Y32.87108
G01 X-33.51779 Y32.89417
G01 X-33.49968 Y32.90169
G01 X-33.45280 Y32.91591
G01 X-33.44327 Y32.91830
G01 X-33.43357 Y32.91972
G01 X-33.38480 Y32.92452
G01 X-33.37500 Y32.92500
G01 X-32.72498 Y32.92500
G01 X-32.71518 Y32.92452
G01 X-32.66641 Y32.91972
G01 X-32.65671 Y32.91830
G01 X-32.64718 Y32.91591
G01 X-32.60030 Y32.90169
G01 X-32.58219 Y32.89417
G01 X-32.53895 Y32.87108
G01 X-32.53055 Y32.86602
G01 X-32.52265 Y32.86018
G01 X-32.48478 Y32.82909
G01 X-32.47091 Y32.81522
G01 X-32.43982 Y32.77735
G01 X-32.43398 Y32.76945
G01 X-32.42892 Y32.76105
G01 X-32.40583 Y32.71781
G01 X-32.39831 Y32.69970
G01 X-32.38409 Y32.65282
G01 X-32.38170 Y32.64329
G01 X-32.38028 Y32.63359
G01 X-32.37548 Y32.58482
G01 X-32.37500 Y32.57502
G01 X-32.37500 Y31.67502
G01 X-32.27500 Y31.67502
G01 X-32.17500 Y31.67502
G01 X-32.07500 Y31.67502
G01 X-32.07500 Y32.57502
G01 X-32.07690 Y32.61421
G01 X-32.08173 Y32.66300
G01 X-32.08747 Y32.70181
G01 X-32.09702 Y32.73989
G01 X-32.10629 Y32.77047
G01 X-32.10738 Y32.77215
G01 X-32.15745 Y32.84136
G01 X-32.18711 Y32.87837
G01 X-32.23954 Y32.93760
G01 X-32.27220 Y32.97103
G01 X-32.32453 Y33.01954
G01 X-32.35869 Y33.03176
G01 X-32.42933 Y33.05322
G01 X-32.47594 Y33.06491
G01 X-32.47807 Y33.06531
G01 X-32.44467 Y33.04746
G01 X-32.41942 Y33.03232
G01 X-32.39577 Y33.01479
G01 X-32.35790 Y32.98370
G01 X-32.31630 Y32.94210
G01 X-32.28521 Y32.90423
G01 X-32.26768 Y32.88058
G01 X-32.25254 Y32.85533
G01 X-32.22943 Y32.81210
G01 X-32.20693 Y32.75777
G01 X-32.19270 Y32.71088
G01 X-32.18556 Y32.68231
G01 X-32.18125 Y32.65320
G01 X-32.17642 Y32.60443
G01 X-32.17500 Y32.57502
G01 X-32.17500 Y31.67502
G01 X-32.17642 Y31.64560
G01 X-32.18125 Y31.59684
G01 X-32.18556 Y31.56770
G01 X-32.19270 Y31.53915
G01 X-32.20693 Y31.49226
G01 X-32.22943 Y31.43793
G01 X-32.25254 Y31.39470
G01 X-32.26768 Y31.36946
G01 X-32.28521 Y31.34581
G01 X-32.31630 Y31.30791
G01 X-32.35790 Y31.26633
G01 X-32.39577 Y31.23524
G01 X-32.41942 Y31.21772
G01 X-32.44467 Y31.20258
G01 X-32.48790 Y31.17946
G01 X-32.54223 Y31.15696
G01 X-32.58912 Y31.14274
G01 X-32.61769 Y31.13557
G01 X-32.64680 Y31.13125
G01 X-32.69557 Y31.12645
G01 X-32.72498 Y31.12501
G01 X-33.37500 Y31.12501
G01 X-33.40438 Y31.12645
G01 X-33.45318 Y31.13125
G01 X-33.48229 Y31.13557
G01 X-33.51083 Y31.14274
G01 X-33.55775 Y31.15696
G01 X-33.61208 Y31.17946
G01 X-33.65531 Y31.20258
G01 X-33.68056 Y31.21772
G01 X-33.70420 Y31.23524
G01 X-33.74208 Y31.26633
G01 X-33.74264 Y31.26689
G01 X-33.74139 Y31.27004
G01 X-33.74264 Y31.26689
G01 X-34.01477 Y31.30016
G01 X-34.01477 Y31.30049
G01 X-34.01477 Y31.30016
G01 X-34.50999 Y31.27540
G01 X-34.52498 Y31.27502
G01 X-34.65876 Y31.27502
G01 X-34.67172 Y31.29227
G01 X-34.65876 Y31.27502
G01 X-34.73138 Y31.05709
G01 X-34.73809 Y31.05686
G01 X-34.73138 Y31.05709
G01 X-34.50055 Y30.49643
G01 X-34.49948 Y30.49293
G01 X-34.49783 Y30.48983
G01 X-34.48076 Y30.43354
G01 X-34.47499 Y30.37502
G01 X-34.47499 Y28.67502
G01 X-34.48076 Y28.61648
G01 X-34.49783 Y28.56022
G01 X-34.52554 Y28.50835
G01 X-34.56285 Y28.46288
G01 X-34.60832 Y28.42557
G01 X-34.66018 Y28.39786
G01 X-34.71647 Y28.38076
G01 X-34.77499 Y28.37502
G01 X-36.47499 Y28.37502
G01 X-36.53351 Y28.38076
G01 X-36.58980 Y28.39786
G01 X-36.64166 Y28.42557
G01 X-36.68713 Y28.46288
G01 X-36.72442 Y28.50835
G01 X-36.75215 Y28.56022
G01 X-36.76922 Y28.61648
G01 X-36.77499 Y28.67502
G01 X-36.77499 Y30.37502
G01 X-36.76922 Y30.43354
G01 X-36.76292 Y30.45432
G01 X-36.76196 Y30.45920
G01 X-36.75673 Y30.47472
G01 X-36.75215 Y30.48983
G01 X-36.75078 Y30.49239
G01 X-36.74941 Y30.49643
G01 X-36.51855 Y31.05711
G01 X-36.51187 Y31.05688
G01 X-36.51855 Y31.05711
G01 X-36.59119 Y31.27502
G01 X-36.57832 Y31.29209
G01 X-36.59119 Y31.27502
G01 X-36.72498 Y31.27502
G01 X-36.75439 Y31.27647
G01 X-36.80316 Y31.28127
G01 X-36.83229 Y31.28559
G01 X-36.86084 Y31.29272
G01 X-36.90775 Y31.30697
G01 X-36.93547 Y31.31688
G01 X-36.96209 Y31.32948
G01 X-37.00529 Y31.35256
G01 X-37.05419 Y31.38525
G01 X-37.09208 Y31.41634
G01 X-37.11390 Y31.43611
G01 X-37.13366 Y31.45792
G01 X-37.16475 Y31.49580
G01 X-37.18230 Y31.51944
G01 X-37.19744 Y31.54469
G01 X-37.22053 Y31.58792
G01 X-37.24303 Y31.64225
G01 X-37.25726 Y31.68917
G01 X-37.26874 Y31.74682
G01 X-37.26986 Y31.75828
G01 X-37.26394 Y31.77098
G01 X-37.26371 Y31.77151
G01 X-37.24883 Y31.80441
G01 X-37.24695 Y31.80921
G01 X-37.20486 Y31.93547
G01 X-37.20339 Y31.94080
G01 X-37.20295 Y31.94068
G01 X-37.20339 Y31.94080
G01 X-37.18842 Y32.01065
G01 X-37.18769 Y32.01497
G01 X-37.17646 Y32.10550
G01 X-37.17611 Y32.10994
G01 X-37.17583 Y32.10992
G01 X-37.17611 Y32.10994
G01 X-37.17555 Y32.12686
G01 X-37.17552 Y32.12770
G01 X-37.17524 Y32.14464
G01 X-37.17522 Y32.14548
G01 X-37.17522 Y32.82439
G01 X-37.17466 Y32.84776
G01 X-37.17412 Y32.85851
G01 X-37.17070 Y32.89277
G01 X-37.16793 Y32.91451
G01 X-37.16277 Y32.93217
G01 X-37.14847 Y32.97722
G01 X-37.13422 Y33.01581
G01 X-37.11108 Y33.05609
G01 X-37.10239 Y33.06958
G01 X-37.09739 Y33.07738
G01 X-37.08746 Y33.09079
G01 X-37.05637 Y33.12866
G01 X-37.04804 Y33.13785
G01 X-37.03785 Y33.14807
G01 X-37.03757 Y33.14829
G01 X-37.02863 Y33.15640
G01 X-36.99076 Y33.18749
G01 X-36.95815 Y33.20925
G01 X-36.91494 Y33.23237
G01 X-36.89719 Y33.24075
G01 X-36.87872 Y33.24738
G01 X-36.83181 Y33.26160
G01 X-36.79335 Y33.26925
G01 X-36.74458 Y33.27405
G01 X-36.72498 Y33.27501
G01 X-34.52498 Y33.27501
G01 X-34.50537 Y33.27405
G01 X-34.45660 Y33.26925
G01 X-34.41815 Y33.26160
G01 X-34.37126 Y33.24738
G01 X-34.35277 Y33.24075
G01 X-34.33504 Y33.23237
G01 X-34.29181 Y33.20925
G01 X-34.25922 Y33.18749
G01 X-34.22132 Y33.15640
G01 X-34.20679 Y33.14321
G01 X-34.19361 Y33.12866
G01 X-34.18208 Y33.11464
G01 X-34.18299 Y33.11322
G01 X-34.18208 Y33.11464
G01 X-33.67931 Y32.90572
G01 X-33.67799 Y32.89231
G01 X-33.67931 Y32.90572
G01 X-33.67865 Y32.90638
G01 X-33.64076 Y32.93747
G01 X-33.62498 Y32.94918
G01 X-33.60817 Y32.95927
G01 X-33.56494 Y32.98236
G01 X-33.52872 Y32.99737
G01 X-33.48183 Y33.01159
G01 X-33.46278 Y33.01637
G01 X-33.44337 Y33.01924
G01 X-33.39458 Y33.02404
G01 X-33.37500 Y33.02500
G01 X-32.72498 Y33.02500
G01 X-32.70538 Y33.02404
G01 X-32.65661 Y33.01924
G01 X-32.63720 Y33.01637
G01 X-32.61815 Y33.01159
G01 X-32.57126 Y32.99737
G01 X-32.53504 Y32.98236
G01 X-32.49181 Y32.95927
G01 X-32.47497 Y32.94918
G01 X-32.45922 Y32.93747
G01 X-32.42133 Y32.90638
G01 X-32.39362 Y32.87867
G01 X-32.36253 Y32.84078
G01 X-32.35082 Y32.82503
G01 X-32.34073 Y32.80819
G01 X-32.31764 Y32.76496
G01 X-32.30263 Y32.72874
G01 X-32.28841 Y32.68185
G01 X-32.28363 Y32.66280
G01 X-32.28076 Y32.64339
G01 X-32.27596 Y32.59462
G01 X-32.27500 Y32.57502
G01 X-32.27500 Y31.67502
G01 X-32.27596 Y31.65541
G01 X-32.28076 Y31.60664
G01 X-32.28363 Y31.58721
G01 X-32.28841 Y31.56819
G01 X-32.30263 Y31.52130
G01 X-32.31764 Y31.48505
G01 X-32.34073 Y31.44185
G01 X-32.35082 Y31.42501
G01 X-32.36253 Y31.40923
G01 X-32.39362 Y31.37136
G01 X-32.42133 Y31.34362
G01 X-32.45922 Y31.31253
G01 X-32.47497 Y31.30085
G01 X-32.49181 Y31.29077
G01 X-32.53504 Y31.26765
G01 X-32.57126 Y31.25267
G01 X-32.61815 Y31.23842
G01 X-32.63720 Y31.23367
G01 X-32.65661 Y31.23077
G01 X-32.70538 Y31.22597
G01 X-32.72498 Y31.22501
G01 X-33.37500 Y31.22501
G01 X-33.39458 Y31.22597
G01 X-33.44337 Y31.23077
G01 X-33.46278 Y31.23367
G01 X-33.48183 Y31.23842
G01 X-33.52872 Y31.25267
G01 X-33.56494 Y31.26765
G01 X-33.60817 Y31.29077
G01 X-33.62498 Y31.30085
G01 X-33.64076 Y31.31253
G01 X-33.67865 Y31.34362
G01 X-33.69709 Y31.36206
G01 X-33.69592 Y31.36504
G01 X-33.69709 Y31.36206
G01 X-34.01119 Y31.40047
G01 X-34.01116 Y31.40077
G01 X-34.01119 Y31.40047
G01 X-34.51500 Y31.37527
G01 X-34.52498 Y31.37502
G01 X-34.73082 Y31.37502
G01 X-34.74385 Y31.39242
G01 X-34.73082 Y31.37502
G01 X-34.83804 Y31.05340
G01 X-34.84472 Y31.05318
G01 X-34.83804 Y31.05340
G01 X-34.59303 Y30.45836
G01 X-34.59191 Y30.45475
G01 X-34.59021 Y30.45155
G01 X-34.57883 Y30.41403
G01 X-34.57499 Y30.37502
G01 X-34.57499 Y28.67502
G01 X-34.57883 Y28.63598
G01 X-34.59021 Y28.59847
G01 X-34.60870 Y28.56390
G01 X-34.63357 Y28.53360
G01 X-34.66387 Y28.50873
G01 X-34.69846 Y28.49024
G01 X-34.73598 Y28.47886
G01 X-34.77499 Y28.47502
G01 X-36.47499 Y28.47502
G01 X-36.51400 Y28.47886
G01 X-36.55152 Y28.49024
G01 X-36.58609 Y28.50873
G01 X-36.61642 Y28.53360
G01 X-36.64128 Y28.56390
G01 X-36.65977 Y28.59847
G01 X-36.67115 Y28.63598
G01 X-36.67499 Y28.67502
G01 X-36.67499 Y30.37502
G01 X-36.67115 Y30.41403
G01 X-36.66546 Y30.43278
G01 X-36.66531 Y30.43354
G01 X-36.66447 Y30.43601
G01 X-36.65977 Y30.45155
G01 X-36.65835 Y30.45419
G01 X-36.65693 Y30.45836
G01 X-36.41192 Y31.05343
G01 X-36.40534 Y31.05323
G01 X-36.41192 Y31.05343
G01 X-36.51911 Y31.37502
G01 X-36.50588 Y31.39300
G01 X-36.51911 Y31.37502
G01 X-36.72498 Y31.37502
G01 X-36.74458 Y31.37598
G01 X-36.79335 Y31.38078
G01 X-36.83181 Y31.38843
G01 X-36.87872 Y31.40265
G01 X-36.89719 Y31.40926
G01 X-36.91494 Y31.41766
G01 X-36.95815 Y31.44075
G01 X-36.99076 Y31.46255
G01 X-37.02863 Y31.49364
G01 X-37.04319 Y31.50682
G01 X-37.05637 Y31.52135
G01 X-37.08746 Y31.55924
G01 X-37.09914 Y31.57502
G01 X-37.10923 Y31.59183
G01 X-37.13234 Y31.63506
G01 X-37.14735 Y31.67128
G01 X-37.16158 Y31.71817
G01 X-37.16922 Y31.75663
G01 X-37.17402 Y31.80542
G01 X-37.17499 Y31.82500
G01 X-37.17499 Y32.82500
G01 X-37.17402 Y32.84461
G01 X-37.16922 Y32.89338
G01 X-37.16158 Y32.93184
G01 X-37.14735 Y32.97875
G01 X-37.13234 Y33.01497
G01 X-37.10923 Y33.05817
G01 X-37.10239 Y33.06958
G01 X-37.09739 Y33.07738
G01 X-37.08746 Y33.09079
G01 X-37.05637 Y33.12866
G01 X-37.04804 Y33.13785
G01 X-37.03757 Y33.14829
G01 X-37.02642 Y33.15947
G01 X-37.00450 Y33.17933
G01 X-36.99538 Y33.18586
G01 X-36.95604 Y33.21113
G01 X-36.91576 Y33.23427
G01 X-36.87717 Y33.24852
G01 X-36.83211 Y33.26282
G01 X-36.81446 Y33.26798
G01 X-36.79274 Y33.27075
G01 X-36.75843 Y33.27418
G01 X-36.74768 Y33.27471
G01 X-36.72437 Y33.27527
G01 X-34.52556 Y33.27527
G01 X-34.50222 Y33.27471
G01 X-34.49150 Y33.27418
G01 X-34.45721 Y33.27075
G01 X-34.43552 Y33.26798
G01 X-34.41784 Y33.26282
G01 X-34.37278 Y33.24852
G01 X-34.33420 Y33.23427
G01 X-34.29392 Y33.21113
G01 X-34.25457 Y33.18586
G01 X-34.24545 Y33.17936
G01 X-34.24378 Y33.17783
G01 X-34.24271 Y33.17689
G01 X-34.22107 Y33.15833
G01 X-34.21998 Y33.15744
G01 X-34.20418 Y33.14466
G01 X-34.18330 Y33.12678
G01 X-34.18081 Y33.12452
G01 X-34.17604 Y33.12071
G01 X-34.17085 Y33.11748
G01 X-34.15709 Y33.11012
G01 X-34.15490 Y33.10903
G01 X-34.11002 Y33.08774
G01 X-34.11022 Y33.08736
G01 X-34.11002 Y33.08774
G01 X-34.10776 Y33.08672
G01 X-33.87599 Y32.99043
G01 X-33.87263 Y32.98919
G01 X-33.80362 Y32.96615
G01 X-33.80022 Y32.96516
G01 X-33.73184 Y32.94761
G01 X-33.73057 Y32.94730
G01 X-33.70296 Y32.94098
G01 X-33.69344 Y32.93973
G01 X-33.69331 Y32.93509
G01 X-33.69344 Y32.93973
G01 X-33.68386 Y32.94034
G01 X-33.67456 Y32.94278
G01 X-33.61815 Y32.96351
G01 X-33.61772 Y32.96366
G01 X-33.60921 Y32.96689
G01 X-33.60880 Y32.96704
G01 X-33.59219 Y32.97347
G01 X-33.59138 Y32.97380
G01 X-33.57482 Y32.98055
G01 X-33.57400 Y32.98091
G01 X-33.57080 Y32.98228
G01 X-33.53402 Y32.99630
G01 X-33.52806 Y32.99823
G01 X-33.48211 Y33.01281
G01 X-33.46448 Y33.01797
G01 X-33.44276 Y33.02074
G01 X-33.40847 Y33.02416
G01 X-33.39773 Y33.02470
G01 X-33.37436 Y33.02526
G01 X-33.22445 Y33.02526
G01 X-33.22087 Y33.02541
G01 X-33.14891 Y33.03056
G01 X-33.14538 Y33.03095
G01 X-33.07550 Y33.04100
G01 X-33.07533 Y33.04009
G01 X-33.07550 Y33.04100
G01 X-33.06824 Y33.04260
G01 X-32.90545 Y33.09150
G01 X-32.89905 Y33.09389
G01 X-32.83093 Y33.12500
G01 X-32.80093 Y33.12500
G01 X-32.83093 Y33.12500
G01 X-32.80093 Y33.12500
G01 X-32.73819 Y33.10781
G01 X-32.73459 Y33.10697
G01 X-32.70263 Y33.10069
G01 X-32.70078 Y33.10036
G01 X-32.65229 Y33.09274
G01 X-32.65041 Y33.09249
G01 X-32.60621 Y33.08723
G01 X-32.58793 Y33.08479
G01 X-32.54048 Y33.07776
G01 X-32.47807 Y33.06531
G01 X-32.54048 Y33.07776
G01 X-32.58793 Y33.08479
G01 X-32.60621 Y33.08723
G01 X-32.65041 Y33.09249
G01 X-32.65229 Y33.09274
G01 X-32.70078 Y33.10036
G01 X-32.70263 Y33.10069
G01 X-32.73459 Y33.10697
G01 X-32.73819 Y33.10781
G01 X-32.80093 Y33.12500
G01 X-32.81993 Y33.13023
G01 X-32.82836 Y33.12620
G01 X-32.82920 Y33.12582
G01 X-32.83093 Y33.12500
G04 P0 ( dwell for no time -- G64 should not smooth over this point )
G00 Z5.00000 ( retract )

G00 X-29.28306 Y30.37581 ( rapid move to begin. )
G01 F150.00000
( Mill infeed pass 1/1 )
G01 Z-0.06000
G04 P0 ( dwell for no time -- G64 should not smooth over this point )
G01 F300.00000
G01 X-29.28306 Y30.37581
G01 X-29.27480 Y30.37502
G01 X-29.27498 Y30.35003
G01 X-29.27498 Y30.36537
G01 X-29.28323 Y30.35010
G01 X-29.28306 Y30.37581
G01 X-29.28290 Y30.40009
G01 X-29.27465 Y30.40004
G01 X-29.27480 Y30.37502
G04 P0 ( dwell for no time -- G64 should not smooth over this point )
G00 Z5.00000 ( retract )

G00 X-30.06987 Y33.75825 ( rapid move to begin. )
G01 F150.00000
( Mill infeed pass 1/1 )
G01 Z-0.06000
G04 P0 ( dwell for no time -- G64 should not smooth over this point )
G01 F300.00000
G01 X-30.06987 Y33.75825
G01 X-30.06873 Y33.74685
G01 X-30.05727 Y33.68916
G01 X-30.04305 Y33.64225
G01 X-30.02054 Y33.58792
G01 X-29.99743 Y33.54471
G01 X-29.98229 Y33.51944
G01 X-29.96477 Y33.49579
G01 X-29.93368 Y33.45792
G01 X-29.91389 Y33.43610
G01 X-29.89207 Y33.41634
G01 X-29.85420 Y33.38525
G01 X-29.80531 Y33.35256
G01 X-29.76207 Y33.32947
G01 X-29.73545 Y33.31687
G01 X-29.70774 Y33.30697
G01 X-29.66086 Y33.29274
G01 X-29.63228 Y33.28558
G01 X-29.60317 Y33.28126
G01 X-29.55440 Y33.27646
G01 X-29.52499 Y33.27501
G01 X-29.39118 Y33.27501
G01 X-29.37808 Y33.29267
G01 X-29.39118 Y33.27501
G01 X-29.31856 Y33.05708
G01 X-29.31204 Y33.05690
G01 X-29.31856 Y33.05708
G01 X-29.54943 Y32.49648
G01 X-29.55082 Y32.49229
G01 X-29.55214 Y32.48982
G01 X-29.55654 Y32.47532
G01 X-29.56197 Y32.45922
G01 X-29.56296 Y32.45414
G01 X-29.56921 Y32.43354
G01 X-29.57498 Y32.37502
G01 X-29.57498 Y30.73712
G01 X-29.55806 Y30.69623
G01 X-29.50592 Y30.59671
G01 X-29.44031 Y30.51503
G01 X-29.35976 Y30.44838
G01 X-29.27046 Y30.40004
G01 X-27.57808 Y30.40004
G01 X-27.42451 Y30.41924
G01 X-27.40996 Y30.42470
G01 X-27.40831 Y30.42557
G01 X-27.36287 Y30.46288
G01 X-27.32555 Y30.50834
G01 X-27.29782 Y30.56021
G01 X-27.28075 Y30.61650
G01 X-27.27498 Y30.67502
G01 X-27.27498 Y32.37502
G01 X-27.28075 Y32.43354
G01 X-27.29782 Y32.48982
G01 X-27.29944 Y32.49287
G01 X-27.30053 Y32.49643
G01 X-27.53140 Y33.05711
G01 X-27.53808 Y33.05688
G01 X-27.53140 Y33.05711
G01 X-27.45875 Y33.27501
G01 X-27.47171 Y33.29226
G01 X-27.45875 Y33.27501
G01 X-27.32499 Y33.27501
G01 X-27.30998 Y33.27540
G01 X-26.81486 Y33.30016
G01 X-26.81484 Y33.30049
G01 X-26.81486 Y33.30016
G01 X-26.54265 Y33.26689
G01 X-26.54140 Y33.27004
G01 X-26.54265 Y33.26689
G01 X-26.54209 Y33.26633
G01 X-26.50419 Y33.23524
G01 X-26.48055 Y33.21771
G01 X-26.45530 Y33.20257
G01 X-26.41207 Y33.17946
G01 X-26.35774 Y33.15696
G01 X-26.31085 Y33.14273
G01 X-26.28230 Y33.13557
G01 X-26.25317 Y33.13125
G01 X-26.20440 Y33.12645
G01 X-26.17498 Y33.12500
G01 X-25.52500 Y33.12500
G01 X-25.49559 Y33.12645
G01 X-25.44682 Y33.13125
G01 X-25.41768 Y33.13557
G01 X-25.38913 Y33.14273
G01 X-25.34222 Y33.15696
G01 X-25.28789 Y33.17946
G01 X-25.24468 Y33.20257
G01 X-25.21941 Y33.21771
G01 X-25.19579 Y33.23524
G01 X-25.15789 Y33.26633
G01 X-25.11631 Y33.30791
G01 X-25.08522 Y33.34580
G01 X-25.06767 Y33.36945
G01 X-25.05253 Y33.39470
G01 X-25.02944 Y33.43793
G01 X-25.00694 Y33.49226
G01 X-24.99272 Y33.53915
G01 X-24.98555 Y33.56772
G01 X-24.98124 Y33.59683
G01 X-24.97643 Y33.64560
G01 X-24.97499 Y33.67501
G01 X-24.97499 Y34.57501
G01 X-24.97643 Y34.60443
G01 X-24.98124 Y34.65319
G01 X-24.98555 Y34.68230
G01 X-24.99272 Y34.71088
G01 X-25.00694 Y34.75776
G01 X-25.02944 Y34.81210
G01 X-25.05253 Y34.85533
G01 X-25.06767 Y34.88057
G01 X-25.08522 Y34.90422
G01 X-25.11631 Y34.94212
G01 X-25.15789 Y34.98370
G01 X-25.19579 Y35.01479
G01 X-25.21941 Y35.03231
G01 X-25.24468 Y35.04745
G01 X-25.27811 Y35.06533
G01 X-25.34047 Y35.07775
G01 X-25.38791 Y35.08479
G01 X-25.40623 Y35.08723
G01 X-25.45025 Y35.09246
G01 X-25.45213 Y35.09271
G01 X-25.50064 Y35.10036
G01 X-25.50249 Y35.10066
G01 X-25.53460 Y35.10696
G01 X-25.53821 Y35.10783
G01 X-25.60089 Y35.12502
G01 X-25.63089 Y35.12502
G01 X-25.62929 Y35.12576
G01 X-25.62848 Y35.12614
G01 X-25.61994 Y35.13023
G01 X-25.60887 Y35.12721
G01 X-25.60089 Y35.12502
G01 X-25.53821 Y35.10783
G01 X-25.53460 Y35.10696
G01 X-25.50249 Y35.10066
G01 X-25.50064 Y35.10036
G01 X-25.45213 Y35.09271
G01 X-25.45025 Y35.09246
G01 X-25.40623 Y35.08723
G01 X-25.38791 Y35.08479
G01 X-25.34047 Y35.07775
G01 X-25.27811 Y35.06533
G01 X-25.27593 Y35.06490
G01 X-25.22932 Y35.05322
G01 X-25.15855 Y35.03170
G01 X-25.12452 Y35.01951
G01 X-25.07222 Y34.97102
G01 X-25.03955 Y34.93760
G01 X-24.98731 Y34.87857
G01 X-24.95764 Y34.84161
G01 X-24.90735 Y34.77212
G01 X-24.90628 Y34.77047
G01 X-24.89701 Y34.73991
G01 X-24.88748 Y34.70181
G01 X-24.88172 Y34.66300
G01 X-24.87692 Y34.61423
G01 X-24.87499 Y34.57501
G01 X-24.87499 Y33.67501
G01 X-24.87692 Y33.63580
G01 X-24.88172 Y33.58703
G01 X-24.88748 Y33.54819
G01 X-24.89701 Y33.51012
G01 X-24.91123 Y33.46323
G01 X-24.94126 Y33.39079
G01 X-24.96434 Y33.34756
G01 X-24.98454 Y33.31390
G01 X-25.00791 Y33.28236
G01 X-25.03899 Y33.24448
G01 X-25.09444 Y33.18904
G01 X-25.13234 Y33.15795
G01 X-25.16386 Y33.13455
G01 X-25.19754 Y33.11439
G01 X-25.24075 Y33.09127
G01 X-25.31321 Y33.06127
G01 X-25.36010 Y33.04705
G01 X-25.39818 Y33.03750
G01 X-25.43701 Y33.03173
G01 X-25.48578 Y33.02693
G01 X-25.52500 Y33.02500
G01 X-26.17498 Y33.02500
G01 X-26.21420 Y33.02693
G01 X-26.26297 Y33.03173
G01 X-26.30181 Y33.03750
G01 X-26.33988 Y33.04705
G01 X-26.38677 Y33.06127
G01 X-26.45921 Y33.09127
G01 X-26.50244 Y33.11439
G01 X-26.53610 Y33.13455
G01 X-26.56764 Y33.15795
G01 X-26.58377 Y33.17118
G01 X-26.58316 Y33.17298
G01 X-26.58377 Y33.17118
G01 X-26.81844 Y33.19986
G01 X-26.81842 Y33.20021
G01 X-26.81844 Y33.19986
G01 X-27.30501 Y33.17552
G01 X-27.32499 Y33.17501
G01 X-27.38667 Y33.17501
G01 X-27.39954 Y33.19208
G01 X-27.38667 Y33.17501
G01 X-27.42477 Y33.06077
G01 X-27.43145 Y33.06054
G01 X-27.42477 Y33.06077
G01 X-27.20808 Y32.53450
G01 X-27.20701 Y32.53105
G01 X-27.20544 Y32.52808
G01 X-27.18268 Y32.45305
G01 X-27.17498 Y32.37502
G01 X-27.17498 Y30.67502
G01 X-27.18268 Y30.59697
G01 X-27.20544 Y30.52193
G01 X-27.20854 Y30.51614
G01 X-27.27221 Y30.47634
G01 X-27.42451 Y30.41924
G01 X-27.57808 Y30.40004
G01 X-29.27046 Y30.40004
G01 X-29.35976 Y30.44838
G01 X-29.44031 Y30.51503
G01 X-29.50592 Y30.59671
G01 X-29.55806 Y30.69623
G01 X-29.57498 Y30.73712
G01 X-29.67498 Y30.97855
G01 X-29.67498 Y32.37502
G01 X-29.66731 Y32.45305
G01 X-29.66042 Y32.47570
G01 X-29.65862 Y32.48487
G01 X-29.64879 Y32.51403
G01 X-29.64455 Y32.52808
G01 X-29.64325 Y32.53049
G01 X-29.64188 Y32.53455
G01 X-29.42519 Y33.06077
G01 X-29.41849 Y33.06054
G01 X-29.42519 Y33.06077
G01 X-29.46327 Y33.17501
G01 X-29.45128 Y33.19005
G01 X-29.46327 Y33.17501
G01 X-29.52499 Y33.17501
G01 X-29.56418 Y33.17695
G01 X-29.61298 Y33.18175
G01 X-29.68986 Y33.19704
G01 X-29.73678 Y33.21126
G01 X-29.77373 Y33.22449
G01 X-29.80922 Y33.24128
G01 X-29.85245 Y33.26437
G01 X-29.91765 Y33.30793
G01 X-29.95552 Y33.33902
G01 X-29.98460 Y33.36539
G01 X-30.01097 Y33.39447
G01 X-30.04206 Y33.43237
G01 X-30.05842 Y33.45444
G01 X-30.06502 Y33.46770
G01 X-30.07889 Y33.49793
G01 X-30.07947 Y33.49917
G01 X-30.10116 Y33.54314
G01 X-30.10180 Y33.54438
G01 X-30.10327 Y33.54715
G01 X-30.13459 Y33.61383
G01 X-30.12547 Y33.63427
G01 X-30.12509 Y33.63516
G01 X-30.10571 Y33.68106
G01 X-30.08849 Y33.71936
G01 X-30.07178 Y33.75416
G01 X-30.07155 Y33.75467
G01 X-30.06987 Y33.75825
G01 X-30.06393 Y33.77097
G01 X-30.06370 Y33.77151
G01 X-30.04881 Y33.80440
G01 X-30.04694 Y33.80920
G01 X-30.00482 Y33.93554
G01 X-30.00337 Y33.94088
G01 X-30.00294 Y33.94077
G01 X-30.00337 Y33.94088
G01 X-29.98841 Y34.01075
G01 X-29.98768 Y34.01504
G01 X-29.97648 Y34.10509
G01 X-29.97620 Y34.10506
G01 X-29.97648 Y34.10509
G01 X-29.97612 Y34.10953
G01 X-29.97554 Y34.12645
G01 X-29.97554 Y34.12731
G01 X-29.97523 Y34.14461
G01 X-29.97521 Y34.14547
G01 X-29.97521 Y34.82444
G01 X-29.97465 Y34.84776
G01 X-29.97411 Y34.85853
G01 X-29.97068 Y34.89279
G01 X-29.96792 Y34.91451
G01 X-29.96276 Y34.93216
G01 X-29.94846 Y34.97722
G01 X-29.93424 Y35.01580
G01 X-29.91112 Y35.05599
G01 X-29.90241 Y35.06955
G01 X-29.90116 Y35.07148
G01 X-29.89728 Y35.07750
G01 X-29.88580 Y35.09543
G01 X-29.87927 Y35.10460
G01 X-29.85943 Y35.12647
G01 X-29.84795 Y35.13795
G01 X-29.83792 Y35.14799
G01 X-29.84795 Y35.13795
G01 X-29.85636 Y35.12866
G01 X-29.88745 Y35.09078
G01 X-29.89728 Y35.07750
G01 X-29.90116 Y35.07148
G01 X-29.90241 Y35.06955
G01 X-29.90924 Y35.05820
G01 X-29.93233 Y35.01497
G01 X-29.94734 Y34.97875
G01 X-29.96157 Y34.93183
G01 X-29.96921 Y34.89340
G01 X-29.97401 Y34.84461
G01 X-29.97498 Y34.82502
G01 X-29.97498 Y33.82500
G01 X-29.97401 Y33.80542
G01 X-29.96921 Y33.75662
G01 X-29.96157 Y33.71819
G01 X-29.94734 Y33.67128
G01 X-29.93233 Y33.63506
G01 X-29.90924 Y33.59183
G01 X-29.89916 Y33.57501
G01 X-29.88745 Y33.55924
G01 X-29.85636 Y33.52137
G01 X-29.84318 Y33.50682
G01 X-29.82865 Y33.49363
G01 X-29.79075 Y33.46254
G01 X-29.75816 Y33.44075
G01 X-29.71493 Y33.41766
G01 X-29.69720 Y33.40928
G01 X-29.67871 Y33.40265
G01 X-29.63182 Y33.38843
G01 X-29.59337 Y33.38078
G01 X-29.54460 Y33.37598
G01 X-29.52499 Y33.37501
G01 X-29.31912 Y33.37501
G01 X-29.30586 Y33.39300
G01 X-29.31912 Y33.37501
G01 X-29.21194 Y33.05342
G01 X-29.20533 Y33.05322
G01 X-29.21194 Y33.05342
G01 X-29.45694 Y32.45840
G01 X-29.45839 Y32.45409
G01 X-29.45976 Y32.45155
G01 X-29.46428 Y32.43664
G01 X-29.46533 Y32.43356
G01 X-29.46550 Y32.43260
G01 X-29.47114 Y32.41403
G01 X-29.47498 Y32.37502
G01 X-29.47498 Y30.67502
G01 X-29.47114 Y30.63601
G01 X-29.45976 Y30.59846
G01 X-29.44127 Y30.56389
G01 X-29.41641 Y30.53359
G01 X-29.38610 Y30.50873
G01 X-29.35153 Y30.49023
G01 X-29.31399 Y30.47886
G01 X-29.27498 Y30.47502
G01 X-27.57498 Y30.47502
G01 X-27.53597 Y30.47886
G01 X-27.49845 Y30.49023
G01 X-27.46388 Y30.50873
G01 X-27.43355 Y30.53359
G01 X-27.40869 Y30.56389
G01 X-27.39022 Y30.59846
G01 X-27.37882 Y30.63601
G01 X-27.37498 Y30.67502
G01 X-27.37498 Y32.37502
G01 X-27.37882 Y32.41403
G01 X-27.39022 Y32.45155
G01 X-27.39190 Y32.45470
G01 X-27.39302 Y32.45835
G01 X-27.63802 Y33.05342
G01 X-27.64470 Y33.05320
G01 X-27.63802 Y33.05342
G01 X-27.53081 Y33.37501
G01 X-27.54384 Y33.39241
G01 X-27.53081 Y33.37501
G01 X-27.32499 Y33.37501
G01 X-27.31499 Y33.37527
G01 X-26.81125 Y33.40047
G01 X-26.81125 Y33.40077
G01 X-26.81125 Y33.40047
G01 X-26.49708 Y33.36206
G01 X-26.49591 Y33.36503
G01 X-26.49708 Y33.36206
G01 X-26.47864 Y33.34365
G01 X-26.44077 Y33.31256
G01 X-26.42500 Y33.30085
G01 X-26.40816 Y33.29076
G01 X-26.36493 Y33.26765
G01 X-26.32871 Y33.25266
G01 X-26.28182 Y33.23844
G01 X-26.26277 Y33.23366
G01 X-26.24336 Y33.23077
G01 X-26.19459 Y33.22597
G01 X-26.17498 Y33.22500
G01 X-25.52500 Y33.22500
G01 X-25.50539 Y33.22597
G01 X-25.45662 Y33.23077
G01 X-25.43719 Y33.23366
G01 X-25.41817 Y33.23844
G01 X-25.37125 Y33.25266
G01 X-25.33503 Y33.26765
G01 X-25.29183 Y33.29076
G01 X-25.27499 Y33.30085
G01 X-25.25921 Y33.31256
G01 X-25.22134 Y33.34365
G01 X-25.19360 Y33.37136
G01 X-25.16252 Y33.40925
G01 X-25.15083 Y33.42500
G01 X-25.14075 Y33.44184
G01 X-25.11763 Y33.48507
G01 X-25.10262 Y33.52129
G01 X-25.08840 Y33.56818
G01 X-25.08362 Y33.58723
G01 X-25.08075 Y33.60664
G01 X-25.07595 Y33.65540
G01 X-25.07499 Y33.67501
G01 X-25.17499 Y33.67501
G01 X-25.17499 Y34.57501
G01 X-25.17547 Y34.58482
G01 X-25.18027 Y34.63358
G01 X-25.18172 Y34.64329
G01 X-25.18411 Y34.65281
G01 X-25.19833 Y34.69970
G01 X-25.20582 Y34.71781
G01 X-25.22894 Y34.76104
G01 X-25.23397 Y34.76947
G01 X-25.23981 Y34.77735
G01 X-25.27090 Y34.81522
G01 X-25.28477 Y34.82909
G01 X-25.32266 Y34.86018
G01 X-25.33054 Y34.86602
G01 X-25.33894 Y34.87107
G01 X-25.38217 Y34.89416
G01 X-25.40028 Y34.90168
G01 X-25.44720 Y34.91591
G01 X-25.45670 Y34.91829
G01 X-25.46640 Y34.91972
G01 X-25.51519 Y34.92454
G01 X-25.52500 Y34.92502
G01 X-26.17498 Y34.92502
G01 X-26.18479 Y34.92454
G01 X-26.23356 Y34.91972
G01 X-26.24326 Y34.91829
G01 X-26.25278 Y34.91591
G01 X-26.29970 Y34.90168
G01 X-26.31781 Y34.89416
G01 X-26.36101 Y34.87107
G01 X-26.36945 Y34.86602
G01 X-26.37732 Y34.86018
G01 X-26.41519 Y34.82909
G01 X-26.42906 Y34.81522
G01 X-26.44702 Y34.79335
G01 X-26.46439 Y34.79124
G01 X-27.04351 Y35.03186
G01 X-27.07092 Y35.06523
G01 X-27.07750 Y35.07250
G01 X-27.08476 Y35.07910
G01 X-27.12266 Y35.11019
G01 X-27.13897 Y35.12106
G01 X-27.18217 Y35.14418
G01 X-27.19104 Y35.14837
G01 X-27.20028 Y35.15167
G01 X-27.24719 Y35.16589
G01 X-27.25669 Y35.16828
G01 X-27.26642 Y35.16973
G01 X-27.31519 Y35.17453
G01 X-27.32499 Y35.17501
G01 X-29.52499 Y35.17501
G01 X-29.53480 Y35.17453
G01 X-29.58356 Y35.16973
G01 X-29.59327 Y35.16828
G01 X-29.60279 Y35.16589
G01 X-29.64968 Y35.15167
G01 X-29.65892 Y35.14837
G01 X-29.66779 Y35.14418
G01 X-29.71102 Y35.12106
G01 X-29.72733 Y35.11019
G01 X-29.76520 Y35.07910
G01 X-29.77246 Y35.07250
G01 X-29.77907 Y35.06523
G01 X-29.81016 Y35.02734
G01 X-29.81600 Y35.01946
G01 X-29.82105 Y35.01105
G01 X-29.84414 Y34.96782
G01 X-29.85166 Y34.94971
G01 X-29.86588 Y34.90282
G01 X-29.86969 Y34.88360
G01 X-29.87449 Y34.83480
G01 X-29.87498 Y34.82502
G01 X-29.87498 Y33.82500
G01 X-29.87449 Y33.81522
G01 X-29.86969 Y33.76643
G01 X-29.86588 Y33.74720
G01 X-29.85166 Y33.70031
G01 X-29.84414 Y33.68220
G01 X-29.82105 Y33.63897
G01 X-29.81600 Y33.63056
G01 X-29.81016 Y33.62269
G01 X-29.77907 Y33.58479
G01 X-29.77246 Y33.57753
G01 X-29.76520 Y33.57092
G01 X-29.72733 Y33.53983
G01 X-29.71102 Y33.52896
G01 X-29.66779 Y33.50585
G01 X-29.65892 Y33.50166
G01 X-29.64968 Y33.49836
G01 X-29.60279 Y33.48413
G01 X-29.59327 Y33.48175
G01 X-29.58356 Y33.48030
G01 X-29.53480 Y33.47550
G01 X-29.52499 Y33.47501
G01 X-29.24704 Y33.47501
G01 X-29.10528 Y33.04974
G01 X-29.36449 Y32.42033
G01 X-29.36599 Y32.41591
G01 X-29.36738 Y32.41327
G01 X-29.37307 Y32.39452
G01 X-29.37498 Y32.37502
G01 X-29.37498 Y30.67502
G01 X-29.37307 Y30.65551
G01 X-29.36738 Y30.63674
G01 X-29.35814 Y30.61944
G01 X-29.34569 Y30.60431
G01 X-29.33055 Y30.59186
G01 X-29.31326 Y30.58261
G01 X-29.29449 Y30.57692
G01 X-29.27498 Y30.57502
G01 X-27.57498 Y30.57502
G01 X-27.55547 Y30.57692
G01 X-27.53673 Y30.58261
G01 X-27.51943 Y30.59186
G01 X-27.50427 Y30.60431
G01 X-27.49185 Y30.61944
G01 X-27.48260 Y30.63674
G01 X-27.47691 Y30.65551
G01 X-27.47498 Y30.67502
G01 X-27.47498 Y32.37502
G01 X-27.47691 Y32.39452
G01 X-27.48260 Y32.41327
G01 X-27.48433 Y32.41652
G01 X-27.48547 Y32.42028
G01 X-27.74465 Y33.04977
G01 X-27.60290 Y33.47501
G01 X-27.32499 Y33.47501
G01 X-27.31727 Y33.47540
G01 X-27.31605 Y33.47534
G01 X-26.80767 Y33.50077
G01 X-26.44704 Y33.45670
G01 X-26.42906 Y33.43481
G01 X-26.41519 Y33.42094
G01 X-26.37732 Y33.38985
G01 X-26.36945 Y33.38401
G01 X-26.36101 Y33.37895
G01 X-26.31781 Y33.35586
G01 X-26.29970 Y33.34834
G01 X-26.25278 Y33.33412
G01 X-26.24326 Y33.33173
G01 X-26.23356 Y33.33031
G01 X-26.18479 Y33.32548
G01 X-26.17498 Y33.32500
G01 X-25.52500 Y33.32500
G01 X-25.51519 Y33.32548
G01 X-25.46640 Y33.33031
G01 X-25.45670 Y33.33173
G01 X-25.44720 Y33.33412
G01 X-25.40028 Y33.34834
G01 X-25.38217 Y33.35586
G01 X-25.33894 Y33.37895
G01 X-25.33054 Y33.38401
G01 X-25.32266 Y33.38985
G01 X-25.28477 Y33.42094
G01 X-25.27090 Y33.43481
G01 X-25.23981 Y33.47268
G01 X-25.23397 Y33.48055
G01 X-25.22894 Y33.48898
G01 X-25.20582 Y33.53219
G01 X-25.19833 Y33.55033
G01 X-25.18411 Y33.59721
G01 X-25.18172 Y33.60674
G01 X-25.18027 Y33.61644
G01 X-25.17547 Y33.66521
G01 X-25.17499 Y33.67501
G01 X-25.07499 Y33.67501
G01 X-24.97499 Y33.67501
G01 X-24.87499 Y33.67501
G01 X-24.97499 Y33.67501
G01 X-25.07499 Y33.67501
G01 X-25.07499 Y34.57501
G01 X-25.07595 Y34.59462
G01 X-25.08075 Y34.64339
G01 X-25.08362 Y34.66279
G01 X-25.08840 Y34.68184
G01 X-25.10262 Y34.72873
G01 X-25.11763 Y34.76495
G01 X-25.14075 Y34.80818
G01 X-25.15083 Y34.82502
G01 X-25.16252 Y34.84077
G01 X-25.19360 Y34.87867
G01 X-25.22134 Y34.90638
G01 X-25.25921 Y34.93747
G01 X-25.27499 Y34.94918
G01 X-25.29183 Y34.95926
G01 X-25.33503 Y34.98238
G01 X-25.37125 Y34.99736
G01 X-25.41817 Y35.01159
G01 X-25.43719 Y35.01636
G01 X-25.45662 Y35.01926
G01 X-25.50539 Y35.02406
G01 X-25.52500 Y35.02502
G01 X-26.17498 Y35.02502
G01 X-26.19459 Y35.02406
G01 X-26.24336 Y35.01926
G01 X-26.26277 Y35.01636
G01 X-26.28182 Y35.01159
G01 X-26.32871 Y34.99736
G01 X-26.36493 Y34.98238
G01 X-26.40816 Y34.95926
G01 X-26.42500 Y34.94918
G01 X-26.44077 Y34.93747
G01 X-26.47864 Y34.90638
G01 X-26.47930 Y34.90572
G01 X-26.47798 Y34.89233
G01 X-26.47930 Y34.90572
G01 X-26.98207 Y35.11461
G01 X-26.98298 Y35.11321
G01 X-26.98207 Y35.11461
G01 X-26.99360 Y35.12866
G01 X-27.00678 Y35.14321
G01 X-27.02134 Y35.15639
G01 X-27.05921 Y35.18748
G01 X-27.09182 Y35.20928
G01 X-27.13503 Y35.23236
G01 X-27.15278 Y35.24075
G01 X-27.17125 Y35.24738
G01 X-27.21816 Y35.26160
G01 X-27.25662 Y35.26924
G01 X-27.30539 Y35.27405
G01 X-27.32499 Y35.27501
G01 X-29.52499 Y35.27501
G01 X-29.54460 Y35.27405
G01 X-29.59337 Y35.26924
G01 X-29.63182 Y35.26160
G01 X-29.67871 Y35.24738
G01 X-29.69720 Y35.24075
G01 X-29.71493 Y35.23236
G01 X-29.75816 Y35.20928
G01 X-29.79075 Y35.18748
G01 X-29.82865 Y35.15639
G01 X-29.83792 Y35.14799
G01 X-29.82639 Y35.15952
G01 X-29.80454 Y35.17930
G01 X-29.79532 Y35.18588
G01 X-29.75603 Y35.21113
G01 X-29.71574 Y35.23427
G01 X-29.67716 Y35.24852
G01 X-29.63210 Y35.26282
G01 X-29.61445 Y35.26797
G01 X-29.59273 Y35.27074
G01 X-29.55842 Y35.27417
G01 X-29.54772 Y35.27471
G01 X-29.52436 Y35.27526
G01 X-27.32560 Y35.27526
G01 X-27.30224 Y35.27471
G01 X-27.29152 Y35.27417
G01 X-27.25725 Y35.27074
G01 X-27.23549 Y35.26797
G01 X-27.21788 Y35.26282
G01 X-27.17282 Y35.24852
G01 X-27.13419 Y35.23427
G01 X-27.09391 Y35.21113
G01 X-27.05456 Y35.18586
G01 X-27.04544 Y35.17933
G01 X-27.04366 Y35.17773
G01 X-27.04260 Y35.17679
G01 X-27.02103 Y35.15832
G01 X-27.01997 Y35.15743
G01 X-27.00417 Y35.14466
G01 X-26.98331 Y35.12678
G01 X-26.98080 Y35.12452
G01 X-26.97602 Y35.12071
G01 X-26.97084 Y35.11748
G01 X-26.95708 Y35.11011
G01 X-26.95489 Y35.10902
G01 X-26.91001 Y35.08774
G01 X-26.90775 Y35.08672
G01 X-26.90795 Y35.08636
G01 X-26.90775 Y35.08672
G01 X-26.67597 Y34.99043
G01 X-26.67262 Y34.98918
G01 X-26.60351 Y34.96612
G01 X-26.60010 Y34.96513
G01 X-26.53175 Y34.94760
G01 X-26.53048 Y34.94730
G01 X-26.50295 Y34.94098
G01 X-26.49342 Y34.93976
G01 X-26.49330 Y34.93511
G01 X-26.49342 Y34.93976
G01 X-26.48385 Y34.94037
G01 X-26.47455 Y34.94278
G01 X-26.41822 Y34.96348
G01 X-26.41778 Y34.96366
G01 X-26.40955 Y34.96676
G01 X-26.40917 Y34.96691
G01 X-26.39259 Y34.97333
G01 X-26.39175 Y34.97367
G01 X-26.37488 Y34.98055
G01 X-26.37407 Y34.98088
G01 X-26.37084 Y34.98225
G01 X-26.33404 Y34.99627
G01 X-26.32807 Y34.99823
G01 X-26.28207 Y35.01283
G01 X-26.26447 Y35.01796
G01 X-26.24285 Y35.02071
G01 X-26.20844 Y35.02419
G01 X-26.19784 Y35.02469
G01 X-26.17435 Y35.02528
G01 X-26.02449 Y35.02528
G01 X-26.02088 Y35.02540
G01 X-25.94892 Y35.03059
G01 X-25.94539 Y35.03097
G01 X-25.87552 Y35.04100
G01 X-25.87539 Y35.04031
G01 X-25.87552 Y35.04100
G01 X-25.86828 Y35.04260
G01 X-25.70557 Y35.09144
G01 X-25.69917 Y35.09386
G01 X-25.63089 Y35.12502
G01 X-25.60887 Y35.12721
G01 X-25.25380 Y35.16251
G01 X-25.25520 Y35.16272
G01 X-25.25380 Y35.16251
G01 X-25.25279 Y35.16236
G01 X-25.20382 Y35.14992
G01 X-25.20140 Y35.14926
G01 X-25.12830 Y35.12703
G01 X-25.12599 Y35.12627
G01 X-25.08174 Y35.11042
G01 X-25.07369 Y35.10671
G01 X-25.07186 Y35.10966
G01 X-25.07369 Y35.10671
G01 X-25.06643 Y35.10163
G01 X-25.06279 Y35.09858
G01 X-25.06097 Y35.09696
G01 X-25.00333 Y35.04351
G01 X-25.00156 Y35.04179
G01 X-24.96716 Y35.00661
G01 X-24.96549 Y35.00481
G01 X-24.91161 Y34.94397
G01 X-24.91006 Y34.94209
G01 X-24.87885 Y34.90323
G01 X-24.87735 Y34.90125
G01 X-24.82563 Y34.82975
G01 X-24.82424 Y34.82774
G01 X-24.82246 Y34.82500
G01 X-24.76224 Y34.77326
G01 X-24.75383 Y34.77626
G01 X-24.76224 Y34.77326
G01 X-24.77405 Y34.60260
G01 X-24.77496 Y34.57537
G01 X-24.77496 Y33.67476
G01 X-24.77306 Y33.63580
G01 X-24.76826 Y33.58703
G01 X-24.76249 Y33.54819
G01 X-24.75297 Y33.51012
G01 X-24.73874 Y33.46323
G01 X-24.70872 Y33.39079
G01 X-24.68563 Y33.34756
G01 X-24.66544 Y33.31390
G01 X-24.64207 Y33.28236
G01 X-24.61098 Y33.24448
G01 X-24.55553 Y33.18904
G01 X-24.51763 Y33.15795
G01 X-24.48611 Y33.13455
G01 X-24.45243 Y33.11439
G01 X-24.40923 Y33.09127
G01 X-24.33676 Y33.06127
G01 X-24.28987 Y33.04705
G01 X-24.25180 Y33.03750
G01 X-24.21296 Y33.03173
G01 X-24.16419 Y33.02693
G01 X-24.12498 Y33.02500
G01 X-23.47499 Y33.02500
G01 X-23.43577 Y33.02693
G01 X-23.38700 Y33.03173
G01 X-23.34817 Y33.03750
G01 X-23.31009 Y33.04705
G01 X-23.26320 Y33.06127
G01 X-23.19076 Y33.09127
G01 X-23.14753 Y33.11439
G01 X-23.11388 Y33.13455
G01 X-23.08233 Y33.15795
G01 X-23.06608 Y33.17128
G01 X-23.06666 Y33.17311
G01 X-23.06608 Y33.17128
G01 X-22.62577 Y33.22500
G01 X-20.62496 Y33.22500
G01 X-20.59359 Y33.22625
G01 X-20.51536 Y33.23239
G01 X-20.45338 Y33.24222
G01 X-20.37708 Y33.26054
G01 X-20.31739 Y33.27994
G01 X-20.24490 Y33.30996
G01 X-20.18897 Y33.33846
G01 X-20.12206 Y33.37946
G01 X-20.07129 Y33.41634
G01 X-20.01162 Y33.46729
G01 X-19.98856 Y33.48863
G01 X-19.91968 Y33.55751
G01 X-19.83791 Y33.67707
G01 X-19.83334 Y33.68279
G01 X-19.83410 Y33.68350
G01 X-19.83334 Y33.68279
G01 X-19.82801 Y33.68779
G01 X-19.64454 Y33.83564
G01 X-19.57706 Y34.04136
G01 X-19.57690 Y34.04169
G01 X-20.05927 Y33.55934
G01 X-20.07657 Y33.54334
G01 X-20.13624 Y33.49239
G01 X-20.17434 Y33.46473
G01 X-20.24121 Y33.42373
G01 X-20.28318 Y33.40234
G01 X-20.35567 Y33.37232
G01 X-20.40042 Y33.35777
G01 X-20.47672 Y33.33945
G01 X-20.52321 Y33.33209
G01 X-20.60144 Y33.32594
G01 X-20.62496 Y33.32500
G01 X-22.63184 Y33.32500
G01 X-23.10722 Y33.26701
G01 X-23.10847 Y33.27016
G01 X-23.10722 Y33.26701
G01 X-23.10788 Y33.26633
G01 X-23.14578 Y33.23524
G01 X-23.16943 Y33.21771
G01 X-23.19468 Y33.20257
G01 X-23.23791 Y33.17946
G01 X-23.29224 Y33.15696
G01 X-23.33913 Y33.14273
G01 X-23.36767 Y33.13557
G01 X-23.39681 Y33.13125
G01 X-23.44558 Y33.12645
G01 X-23.47499 Y33.12500
G01 X-24.12498 Y33.12500
G01 X-24.15439 Y33.12645
G01 X-24.20316 Y33.13125
G01 X-24.23229 Y33.13557
G01 X-24.26084 Y33.14273
G01 X-24.30775 Y33.15696
G01 X-24.36208 Y33.17946
G01 X-24.40529 Y33.20257
G01 X-24.43056 Y33.21771
G01 X-24.45419 Y33.23524
G01 X-24.49208 Y33.26633
G01 X-24.53366 Y33.30791
G01 X-24.56475 Y33.34580
G01 X-24.58230 Y33.36945
G01 X-24.59744 Y33.39470
G01 X-24.62053 Y33.43793
G01 X-24.64303 Y33.49226
G01 X-24.65726 Y33.53915
G01 X-24.66442 Y33.56772
G01 X-24.66874 Y33.59683
G01 X-24.67354 Y33.64560
G01 X-24.67499 Y33.67501
G01 X-24.67499 Y34.57501
G01 X-24.67428 Y34.59569
G01 X-24.65904 Y34.81641
G01 X-24.64814 Y34.82096
G01 X-24.65904 Y34.81641
G01 X-25.06183 Y35.16251
G01 X-25.05952 Y35.16874
G01 X-25.06183 Y35.16251
G01 X-25.25380 Y35.16251
G01 X-25.25426 Y35.16251
G01 X-25.25520 Y35.16272
G01 X-25.32213 Y35.17608
G01 X-25.32457 Y35.17648
G01 X-25.37356 Y35.18375
G01 X-25.37430 Y35.18385
G01 X-25.39335 Y35.18642
G01 X-25.39409 Y35.18649
G01 X-25.43752 Y35.19165
G01 X-25.48416 Y35.19899
G01 X-25.51354 Y35.20475
G01 X-25.57826 Y35.22251
G01 X-25.57925 Y35.22279
G01 X-25.57930 Y35.22322
G01 X-25.57826 Y35.22251
G01 X-25.57930 Y35.22322
G01 X-25.59467 Y35.34494
G01 X-25.59868 Y35.39731
G01 X-25.60006 Y35.45052
G01 X-25.60021 Y35.46287
G01 X-25.60021 Y36.83668
G01 X-25.59917 Y36.86767
G01 X-25.59813 Y36.87506
G01 X-25.58370 Y36.91748
G01 X-25.57712 Y36.93292
G01 X-25.56861 Y36.94427
G01 X-25.55568 Y36.96155
G01 X-25.54212 Y36.97968
G01 X-25.52388 Y36.99332
G01 X-25.50679 Y37.00610
G01 X-25.49642 Y37.01387
G01 X-25.48309 Y37.01877
G01 X-25.45954 Y37.02743
G01 X-25.43686 Y37.03579
G01 X-25.43005 Y37.03673
G01 X-25.39912 Y37.03777
G01 X-24.25083 Y37.03777
G01 X-24.21990 Y37.03673
G01 X-24.21309 Y37.03579
G01 X-24.19417 Y37.02883
G01 X-24.16882 Y37.01951
G01 X-24.15355 Y37.01389
G01 X-24.13966 Y37.00348
G01 X-24.11791 Y36.98720
G01 X-24.10783 Y36.97966
G01 X-24.10029 Y36.96957
G01 X-24.09691 Y36.96505
G01 X-24.08388 Y36.94765
G01 X-24.07362 Y36.93394
G01 X-24.06798 Y36.91864
G01 X-24.05866 Y36.89330
G01 X-24.05172 Y36.87445
G01 X-24.05078 Y36.86764
G01 X-24.04974 Y36.83668
G01 X-24.04974 Y36.63094
G01 X-24.04959 Y36.62736
G01 X-24.04443 Y36.55542
G01 X-24.04405 Y36.55189
G01 X-24.03387 Y36.48110
G01 X-24.03227 Y36.47379
G01 X-24.02955 Y36.46680
G01 X-24.03247 Y36.46566
G01 X-24.02955 Y36.46680
G01 X-24.02584 Y36.46028
G01 X-23.97377 Y36.38301
G01 X-23.97108 Y36.37938
G01 X-23.95942 Y36.36505
G01 X-23.95883 Y36.36437
G01 X-23.94687 Y36.35022
G01 X-23.94626 Y36.34951
G01 X-23.34807 Y35.66785
G01 X-23.34390 Y35.66289
G01 X-23.34281 Y35.66162
G01 X-23.32444 Y35.64130
G01 X-23.32401 Y35.64082
G01 X-23.31525 Y35.63135
G01 X-23.31484 Y35.63092
G01 X-23.29234 Y35.60719
G01 X-23.25754 Y35.56955
G01 X-23.24482 Y35.55276
G01 X-23.22343 Y35.52205
G01 X-23.18063 Y35.45517
G01 X-23.17466 Y35.44260
G01 X-23.16859 Y35.42858
G01 X-23.13905 Y35.35728
G01 X-23.12851 Y35.32911
G01 X-23.11157 Y35.25197
G01 X-23.10499 Y35.21522
G01 X-23.10047 Y35.18253
G01 X-23.10011 Y35.18037
G01 X-23.09203 Y35.13630
G01 X-23.09158 Y35.13407
G01 X-23.08492 Y35.10531
G01 X-23.08477 Y35.10465
G01 X-23.06760 Y35.03478
G01 X-23.06674 Y35.03168
G01 X-23.04370 Y34.95850
G01 X-23.04042 Y34.95053
G01 X-23.04324 Y34.94872
G01 X-23.04042 Y34.95053
G01 X-23.03580 Y34.94324
G01 X-23.03001 Y34.93683
G01 X-23.02317 Y34.93155
G01 X-23.01555 Y34.92749
G01 X-23.01655 Y34.92591
G01 X-23.01555 Y34.92749
G01 X-22.92686 Y34.88984
G01 X-22.92302 Y34.88840
G01 X-22.85536 Y34.86602
G01 X-22.85132 Y34.86485
G01 X-22.85145 Y34.86434
G01 X-22.85132 Y34.86485
G01 X-22.76575 Y34.84433
G01 X-22.76153 Y34.84352
G01 X-22.74802 Y34.84148
G01 X-22.74731 Y34.84138
G01 X-22.73328 Y34.83948
G01 X-22.73260 Y34.83938
G01 X-22.64073 Y34.82817
G01 X-22.63819 Y34.82792
G01 X-22.63107 Y34.82741
G01 X-22.63031 Y34.82736
G01 X-22.61142 Y34.82632
G01 X-22.61144 Y34.82601
G01 X-22.61142 Y34.82632
G01 X-22.61048 Y34.82629
G01 X-22.59254 Y34.82563
G01 X-22.59165 Y34.82561
G01 X-22.57354 Y34.82528
G01 X-22.57265 Y34.82528
G01 X-21.09077 Y34.82528
G01 X-21.08716 Y34.82541
G01 X-21.01520 Y34.83059
G01 X-21.01165 Y34.83097
G01 X-20.93527 Y34.84199
G01 X-20.92724 Y34.84385
G01 X-20.91962 Y34.84697
G01 X-20.91261 Y34.85134
G01 X-20.91129 Y34.84819
G01 X-20.91261 Y34.85134
G01 X-20.83557 Y34.90851
G01 X-20.83197 Y34.91146
G01 X-20.81221 Y34.92922
G01 X-20.81109 Y34.92995
G01 X-20.79173 Y34.94860
G01 X-20.79077 Y34.94954
G01 X-20.63370 Y35.10661
G01 X-20.63281 Y35.10752
G01 X-20.61525 Y35.12599
G01 X-20.61439 Y35.12690
G01 X-20.59753 Y35.14557
G01 X-20.59712 Y35.14603
G01 X-20.58919 Y35.15502
G01 X-20.58881 Y35.15472
G01 X-20.58919 Y35.15502
G01 X-20.58531 Y35.16002
G01 X-20.57769 Y35.17128
G01 X-20.57731 Y35.17186
G01 X-19.74297 Y36.43861
G01 X-19.74119 Y36.44173
G01 X-19.70558 Y36.50531
G01 X-19.70395 Y36.50849
G01 X-19.69176 Y36.53439
G01 X-19.69064 Y36.53401
G01 X-19.69176 Y36.53439
G01 X-19.68917 Y36.54120
G01 X-19.68757 Y36.54829
G01 X-19.68137 Y36.58979
G01 X-19.68102 Y36.58974
G01 X-19.68137 Y36.58979
G01 X-19.68097 Y36.59322
G01 X-19.67540 Y36.66348
G01 X-19.67525 Y36.66741
G01 X-19.67523 Y36.97414
G01 X-19.67416 Y37.00516
G01 X-19.67322 Y37.01196
G01 X-19.66634 Y37.03068
G01 X-19.65689 Y37.05634
G01 X-19.65135 Y37.07145
G01 X-19.64122 Y37.08496
G01 X-19.62460 Y37.10716
G01 X-19.61711 Y37.11717
G01 X-19.60710 Y37.12464
G01 X-19.58473 Y37.14138
G01 X-19.57139 Y37.15138
G01 X-19.55618 Y37.15700
G01 X-19.54345 Y37.16165
G01 X-19.53078 Y37.16632
G01 X-19.51190 Y37.17328
G01 X-19.50510 Y37.17422
G01 X-19.47411 Y37.17526
G01 X-17.77584 Y37.17526
G01 X-17.74485 Y37.17422
G01 X-17.73807 Y37.17328
G01 X-17.71529 Y37.16490
G01 X-17.69192 Y37.15629
G01 X-17.67856 Y37.15138
G01 X-17.66812 Y37.14359
G01 X-17.65435 Y37.13327
G01 X-17.65128 Y37.13096
G01 X-17.63281 Y37.11715
G01 X-17.61894 Y37.09863
G01 X-17.61595 Y37.09462
G01 X-17.60645 Y37.08192
G01 X-17.59860 Y37.07145
G01 X-17.57673 Y37.01196
G01 X-17.57579 Y37.00516
G01 X-17.57472 Y36.97417
G01 X-17.57472 Y35.27587
G01 X-17.57579 Y35.24489
G01 X-17.57673 Y35.23808
G01 X-17.58366 Y35.21916
G01 X-17.59298 Y35.19386
G01 X-17.59860 Y35.17862
G01 X-17.60863 Y35.16521
G01 X-17.62534 Y35.14288
G01 X-17.63284 Y35.13290
G01 X-17.64274 Y35.12546
G01 X-17.66515 Y35.10869
G01 X-17.66543 Y35.10849
G01 X-17.67985 Y35.09769
G01 X-17.68374 Y35.09597
G01 X-17.69941 Y35.09040
G01 X-17.71582 Y35.08459
G01 X-17.69941 Y35.09040
G01 X-17.67498 Y35.10181
G01 X-17.66543 Y35.10849
G01 X-17.66515 Y35.10869
G01 X-17.64274 Y35.12546
G01 X-17.62534 Y35.14288
G01 X-17.64274 Y35.12546
G01 X-17.62534 Y35.14288
G01 X-17.60863 Y35.16521
G01 X-17.60177 Y35.17501
G01 X-17.59298 Y35.19386
G01 X-17.58366 Y35.21916
G01 X-17.57802 Y35.24029
G01 X-17.57498 Y35.27501
G01 X-17.67498 Y35.27501
G01 X-17.67498 Y36.97501
G01 X-17.67691 Y36.99451
G01 X-17.68260 Y37.01328
G01 X-17.69184 Y37.03058
G01 X-17.70429 Y37.04572
G01 X-17.71943 Y37.05817
G01 X-17.73672 Y37.06741
G01 X-17.75547 Y37.07310
G01 X-17.77498 Y37.07501
G01 X-19.47500 Y37.07501
G01 X-19.49235 Y37.07348
G01 X-19.50919 Y37.06899
G01 X-19.52499 Y37.06162
G01 X-19.53926 Y37.05161
G01 X-19.55160 Y37.03929
G01 X-19.56159 Y37.02502
G01 X-19.56895 Y37.00922
G01 X-19.57347 Y36.99238
G01 X-19.57500 Y36.97501
G01 X-19.57497 Y36.50709
G01 X-20.50753 Y35.09099
G01 X-20.87350 Y34.72502
G01 X-22.64558 Y34.72502
G01 X-22.64812 Y34.72553
G01 X-23.19998 Y34.79299
G01 X-23.19996 Y35.12502
G01 X-23.20029 Y35.13287
G01 X-23.20644 Y35.21110
G01 X-23.20890 Y35.22660
G01 X-23.22721 Y35.30290
G01 X-23.23206 Y35.31781
G01 X-23.26209 Y35.39030
G01 X-23.26920 Y35.40430
G01 X-23.31019 Y35.47117
G01 X-23.31941 Y35.48387
G01 X-23.37039 Y35.54354
G01 X-23.37570 Y35.54931
G01 X-23.42002 Y35.59363
G01 X-23.42190 Y35.59619
G01 X-24.14999 Y36.42588
G01 X-24.14999 Y36.83752
G01 X-24.15152 Y36.85487
G01 X-24.15601 Y36.87171
G01 X-24.16338 Y36.88750
G01 X-24.17339 Y36.90178
G01 X-24.18571 Y36.91412
G01 X-24.19998 Y36.92411
G01 X-24.21578 Y36.93147
G01 X-24.23262 Y36.93599
G01 X-24.24999 Y36.93752
G01 X-25.39998 Y36.93752
G01 X-25.41949 Y36.93559
G01 X-25.43826 Y36.92990
G01 X-25.45555 Y36.92065
G01 X-25.47069 Y36.90823
G01 X-25.48314 Y36.89307
G01 X-25.49238 Y36.87577
G01 X-25.49807 Y36.85702
G01 X-25.49998 Y36.83752
G01 X-25.49998 Y35.46251
G01 X-25.49846 Y35.44514
G01 X-25.49396 Y35.42830
G01 X-25.48659 Y35.41250
G01 X-25.47659 Y35.39823
G01 X-25.46427 Y35.38591
G01 X-25.44999 Y35.37590
G01 X-25.43419 Y35.36853
G01 X-25.41735 Y35.36404
G01 X-25.39998 Y35.36251
G01 X-24.98769 Y35.36251
G01 X-24.45259 Y34.90270
G01 X-24.47430 Y34.58812
G01 X-24.47428 Y34.58715
G01 X-24.47451 Y34.58479
G01 X-24.47499 Y34.57501
G01 X-24.47499 Y33.67501
G01 X-24.47451 Y33.66521
G01 X-24.46970 Y33.61644
G01 X-24.46826 Y33.60674
G01 X-24.46587 Y33.59721
G01 X-24.45165 Y33.55033
G01 X-24.44415 Y33.53219
G01 X-24.42104 Y33.48898
G01 X-24.41601 Y33.48055
G01 X-24.41017 Y33.47268
G01 X-24.37908 Y33.43481
G01 X-24.36521 Y33.42094
G01 X-24.32731 Y33.38985
G01 X-24.31944 Y33.38401
G01 X-24.31103 Y33.37895
G01 X-24.26780 Y33.35586
G01 X-24.24969 Y33.34834
G01 X-24.20278 Y33.33412
G01 X-24.19328 Y33.33173
G01 X-24.18357 Y33.33031
G01 X-24.13478 Y33.32548
G01 X-24.12498 Y33.32500
G01 X-23.47499 Y33.32500
G01 X-23.46519 Y33.32548
G01 X-23.41642 Y33.33031
G01 X-23.40671 Y33.33173
G01 X-23.39719 Y33.33412
G01 X-23.35028 Y33.34834
G01 X-23.33217 Y33.35586
G01 X-23.28896 Y33.37895
G01 X-23.28053 Y33.38401
G01 X-23.27265 Y33.38985
G01 X-23.23478 Y33.42094
G01 X-23.22091 Y33.43481
G01 X-23.20293 Y33.45670
G01 X-22.64812 Y33.52452
G01 X-22.64586 Y33.52500
G01 X-20.62496 Y33.52500
G01 X-20.61713 Y33.52533
G01 X-20.53890 Y33.53148
G01 X-20.52341 Y33.53394
G01 X-20.44711 Y33.55226
G01 X-20.43220 Y33.55711
G01 X-20.35971 Y33.58713
G01 X-20.34574 Y33.59424
G01 X-20.27883 Y33.63524
G01 X-20.26613 Y33.64446
G01 X-20.20647 Y33.69541
G01 X-20.20070 Y33.70074
G01 X-19.65892 Y34.24255
G01 X-18.24295 Y35.17501
G01 X-17.77498 Y35.17501
G01 X-17.75763 Y35.17653
G01 X-17.74079 Y35.18106
G01 X-17.72499 Y35.18842
G01 X-17.71071 Y35.19840
G01 X-17.69839 Y35.21072
G01 X-17.68839 Y35.22502
G01 X-17.68102 Y35.24082
G01 X-17.67650 Y35.25764
G01 X-17.67498 Y35.27501
G01 X-17.57498 Y35.27501
G01 X-17.57472 Y35.27587
G01 X-17.57498 Y35.27501
G01 X-17.57498 Y36.97501
G01 X-17.57884 Y37.01402
G01 X-17.58516 Y37.03488
G01 X-17.59367 Y37.05799
G01 X-17.60645 Y37.08192
G01 X-17.61595 Y37.09462
G01 X-17.61894 Y37.09863
G01 X-17.63357 Y37.11643
G01 X-17.65128 Y37.13096
G01 X-17.65435 Y37.13327
G01 X-17.66812 Y37.14359
G01 X-17.69192 Y37.15629
G01 X-17.71529 Y37.16490
G01 X-17.73596 Y37.17117
G01 X-17.77498 Y37.17501
G01 X-19.47500 Y37.17501
G01 X-19.50972 Y37.17198
G01 X-19.53078 Y37.16632
G01 X-19.54345 Y37.16165
G01 X-19.55618 Y37.15700
G01 X-19.57500 Y37.14821
G01 X-19.58473 Y37.14138
G01 X-19.58506 Y37.14117
G01 X-19.60710 Y37.12464
G01 X-19.62460 Y37.10716
G01 X-19.64122 Y37.08496
G01 X-19.64820 Y37.07501
G01 X-19.65689 Y37.05634
G01 X-19.66634 Y37.03068
G01 X-19.67195 Y37.00973
G01 X-19.67500 Y36.97501
G01 X-19.67497 Y36.53706
G01 X-19.67088 Y36.53582
G01 X-19.67497 Y36.53706
G01 X-20.58546 Y35.15449
G01 X-20.58505 Y35.15416
G01 X-20.58546 Y35.15449
G01 X-20.91492 Y34.82502
G01 X-20.91177 Y34.81740
G01 X-20.91492 Y34.82502
G01 X-21.09074 Y34.82502
G01 X-21.09077 Y34.82528
G01 X-21.09074 Y34.82502
G01 X-22.63770 Y34.82502
G01 X-23.09998 Y34.88151
G01 X-23.12401 Y34.85982
G01 X-23.09998 Y34.88151
G01 X-23.09996 Y35.12502
G01 X-23.10059 Y35.14072
G01 X-23.10674 Y35.21895
G01 X-23.11164 Y35.24994
G01 X-23.12996 Y35.32624
G01 X-23.13966 Y35.35609
G01 X-23.16968 Y35.42858
G01 X-23.18393 Y35.45654
G01 X-23.22493 Y35.52342
G01 X-23.24339 Y35.54882
G01 X-23.29435 Y35.60849
G01 X-23.30501 Y35.62002
G01 X-23.34568 Y35.66068
G01 X-23.34675 Y35.66216
G01 X-24.05000 Y36.46353
G01 X-24.05629 Y36.46111
G01 X-24.05000 Y36.46353
G01 X-24.05000 Y36.83752
G01 X-24.05302 Y36.87224
G01 X-24.05866 Y36.89330
G01 X-24.06798 Y36.91864
G01 X-24.07679 Y36.93752
G01 X-24.08388 Y36.94765
G01 X-24.09691 Y36.96505
G01 X-24.10029 Y36.96957
G01 X-24.11791 Y36.98720
G01 X-24.10029 Y36.96957
G01 X-24.11791 Y36.98720
G01 X-24.13966 Y37.00348
G01 X-24.14999 Y37.01072
G01 X-24.16882 Y37.01951
G01 X-24.19417 Y37.02883
G01 X-24.21525 Y37.03447
G01 X-24.24999 Y37.03752
G01 X-25.39998 Y37.03752
G01 X-25.43899 Y37.03368
G01 X-25.45954 Y37.02743
G01 X-25.48309 Y37.01877
G01 X-25.50679 Y37.00610
G01 X-25.52388 Y36.99332
G01 X-25.54141 Y36.97894
G01 X-25.55568 Y36.96155
G01 X-25.56861 Y36.94427
G01 X-25.58476 Y36.91405
G01 X-25.59614 Y36.87653
G01 X-25.59998 Y36.83752
G01 X-25.59998 Y35.46251
G01 X-25.59696 Y35.42779
G01 X-25.58791 Y35.39411
G01 X-25.57318 Y35.36251
G01 X-25.55319 Y35.33396
G01 X-25.52855 Y35.30930
G01 X-25.49998 Y35.28931
G01 X-25.46838 Y35.27458
G01 X-25.43473 Y35.26556
G01 X-25.39998 Y35.26251
G01 X-25.02475 Y35.26251
G01 X-25.02248 Y35.26861
G01 X-25.02475 Y35.26251
G01 X-24.55581 Y34.85957
G01 X-24.54489 Y34.86414
G01 X-24.55581 Y34.85957
G01 X-24.57451 Y34.58880
G01 X-24.57499 Y34.57501
G01 X-24.57499 Y33.67501
G01 X-24.57402 Y33.65540
G01 X-24.56922 Y33.60664
G01 X-24.56635 Y33.58723
G01 X-24.56158 Y33.56818
G01 X-24.54735 Y33.52129
G01 X-24.53234 Y33.48507
G01 X-24.50923 Y33.44184
G01 X-24.49914 Y33.42500
G01 X-24.48746 Y33.40925
G01 X-24.45637 Y33.37136
G01 X-24.42863 Y33.34365
G01 X-24.39076 Y33.31256
G01 X-24.37499 Y33.30085
G01 X-24.35815 Y33.29076
G01 X-24.31494 Y33.26765
G01 X-24.27872 Y33.25266
G01 X-24.23181 Y33.23844
G01 X-24.21278 Y33.23366
G01 X-24.19335 Y33.23077
G01 X-24.14458 Y33.22597
G01 X-24.12498 Y33.22500
G01 X-23.47499 Y33.22500
G01 X-23.45538 Y33.22597
G01 X-23.40661 Y33.23077
G01 X-23.38721 Y33.23366
G01 X-23.36816 Y33.23844
G01 X-23.32127 Y33.25266
G01 X-23.28505 Y33.26765
G01 X-23.24182 Y33.29076
G01 X-23.22498 Y33.30085
G01 X-23.20920 Y33.31256
G01 X-23.17133 Y33.34365
G01 X-23.15277 Y33.36219
G01 X-23.15393 Y33.36518
G01 X-23.15277 Y33.36219
G01 X-22.63791 Y33.42500
G01 X-20.62496 Y33.42500
G01 X-20.60929 Y33.42564
G01 X-20.53105 Y33.43178
G01 X-20.50007 Y33.43669
G01 X-20.42376 Y33.45500
G01 X-20.39392 Y33.46470
G01 X-20.32143 Y33.49472
G01 X-20.29346 Y33.50897
G01 X-20.22658 Y33.54997
G01 X-20.20118 Y33.56844
G01 X-20.14152 Y33.61939
G01 X-20.12999 Y33.63003
G01 X-19.59539 Y34.16462
G01 X-19.59572 Y34.16503
G01 X-19.59539 Y34.16462
G01 X-18.21297 Y35.07501
G01 X-18.21419 Y35.07892
G01 X-18.21297 Y35.07501
G01 X-17.77498 Y35.07501
G01 X-17.74025 Y35.07806
G01 X-17.71582 Y35.08459
G01 X-17.73779 Y35.07681
G01 X-17.74490 Y35.07582
G01 X-17.77584 Y35.07478
G01 X-18.07665 Y35.07478
G01 X-18.08023 Y35.07463
G01 X-18.15219 Y35.06947
G01 X-18.15572 Y35.06909
G01 X-18.15575 Y35.06940
G01 X-18.15572 Y35.06909
G01 X-18.20149 Y35.06251
G01 X-18.20860 Y35.06094
G01 X-18.21539 Y35.05837
G01 X-18.21579 Y35.05952
G01 X-18.21539 Y35.05837
G01 X-18.23751 Y35.04814
G01 X-18.24058 Y35.04659
G01 X-18.30258 Y35.01248
G01 X-18.30573 Y35.01060
G01 X-18.31109 Y35.00712
G01 X-18.31135 Y35.00694
G01 X-19.29992 Y34.35594
G01 X-19.30284 Y34.35385
G01 X-19.36067 Y34.30951
G01 X-19.36342 Y34.30725
G01 X-19.41625 Y34.26043
G01 X-19.42143 Y34.25510
G01 X-19.42171 Y34.25538
G01 X-19.42143 Y34.25510
G01 X-19.53154 Y34.12350
G01 X-19.53189 Y34.12378
G01 X-19.53154 Y34.12350
G01 X-19.53555 Y34.11799
G01 X-19.55407 Y34.08842
G01 X-19.55656 Y34.08400
G01 X-19.57436 Y34.04789
G01 X-19.57690 Y34.04169
G01 X-19.52366 Y33.88319
G01 X-19.49895 Y33.80953
G01 X-19.45379 Y33.67501
G01 X-19.47500 Y33.67501
G01 X-19.52709 Y33.67047
G01 X-19.57759 Y33.65693
G01 X-19.62498 Y33.63483
G01 X-19.66783 Y33.60483
G01 X-19.70479 Y33.56785
G01 X-19.73479 Y33.52500
G01 X-19.75689 Y33.47761
G01 X-19.77043 Y33.42711
G01 X-19.77500 Y33.37501
G01 X-19.77500 Y32.96701
G01 X-19.77093 Y32.96577
G01 X-19.77500 Y32.96701
G01 X-20.66339 Y31.61797
G01 X-20.66298 Y31.61766
G01 X-20.66339 Y31.61797
G01 X-21.95635 Y30.32503
G01 X-21.95317 Y30.31741
G01 X-21.95635 Y30.32503
G01 X-27.39091 Y30.32503
G01 X-27.39492 Y30.32353
G01 X-27.40051 Y30.32181
G01 X-27.40628 Y30.32074
G01 X-27.56876 Y30.30042
G01 X-27.57496 Y30.29981
G01 X-29.27498 Y30.30004
G01 X-29.27528 Y30.30004
G01 X-29.28354 Y30.30009
G01 X-29.29167 Y30.30080
G01 X-29.29957 Y30.30283
G01 X-29.30703 Y30.30611
G01 X-29.41168 Y30.36275
G01 X-29.41976 Y30.36821
G01 X-29.50800 Y30.44124
G01 X-29.51173 Y30.44467
G01 X-29.51508 Y30.44845
G01 X-29.58694 Y30.53789
G01 X-29.59225 Y30.54599
G01 X-29.64767 Y30.65183
G01 X-29.64958 Y30.65589
G01 X-29.66733 Y30.69874
G01 X-30.19997 Y31.23141
G01 X-30.20759 Y31.22823
G01 X-30.19997 Y31.23141
G01 X-30.19997 Y31.39232
G01 X-30.20170 Y31.39265
G01 X-30.19997 Y31.39232
G01 X-30.17518 Y31.44591
G01 X-30.17307 Y31.45142
G01 X-30.16692 Y31.46440
G01 X-30.15694 Y31.49226
G01 X-30.14272 Y31.53915
G01 X-30.13556 Y31.56770
G01 X-30.13124 Y31.59684
G01 X-30.12644 Y31.64560
G01 X-30.12499 Y31.67502
G01 X-30.12499 Y32.57502
G01 X-30.12644 Y32.60443
G01 X-30.13124 Y32.65320
G01 X-30.13556 Y32.68231
G01 X-30.14272 Y32.71088
G01 X-30.15694 Y32.75777
G01 X-30.17945 Y32.81210
G01 X-30.20000 Y32.85053
G01 X-30.20182 Y32.85017
G01 X-30.20000 Y32.85053
G01 X-30.19997 Y33.12500
G01 X-30.20142 Y33.15442
G01 X-30.21104 Y33.25195
G01 X-30.22250 Y33.30963
G01 X-30.25095 Y33.40344
G01 X-30.27345 Y33.45777
G01 X-30.31966 Y33.54420
G01 X-30.35234 Y33.59312
G01 X-30.38780 Y33.63633
G01 X-30.40792 Y33.64578
G01 X-30.43903 Y33.65947
G01 X-30.45069 Y33.66424
G01 X-30.45217 Y33.66488
G01 X-30.49088 Y33.68223
G01 X-30.49387 Y33.68370
G01 X-30.49476 Y33.68416
G01 X-30.49933 Y33.68693
G01 X-30.60515 Y33.75850
G01 X-30.60962 Y33.76191
G01 X-30.66327 Y33.80778
G01 X-30.66588 Y33.81019
G01 X-30.71777 Y33.86140
G01 X-30.72021 Y33.86402
G01 X-31.14622 Y34.34943
G01 X-31.14681 Y34.35012
G01 X-31.15897 Y34.36450
G01 X-31.15956 Y34.36523
G01 X-31.17124 Y34.37956
G01 X-31.17391 Y34.38319
G01 X-31.22585 Y34.46025
G01 X-31.22956 Y34.46678
G01 X-31.23225 Y34.47377
G01 X-31.23388 Y34.48108
G01 X-31.24404 Y34.55185
G01 X-31.24442 Y34.55538
G01 X-31.24960 Y34.62734
G01 X-31.24973 Y34.63092
G01 X-31.24973 Y34.83668
G01 X-31.25079 Y34.86765
G01 X-31.25173 Y34.87445
G01 X-31.26014 Y34.89731
G01 X-31.26868 Y34.92050
G01 X-31.28140 Y34.94435
G01 X-31.29400 Y34.96119
G01 X-31.30858 Y34.97892
G01 X-31.32641 Y34.99358
G01 X-31.34307 Y35.00605
G01 X-31.36695 Y35.01883
G01 X-31.39014 Y35.02736
G01 X-31.41097 Y35.03366
G01 X-31.44998 Y35.03752
G01 X-32.59999 Y35.03752
G01 X-32.63901 Y35.03366
G01 X-32.65960 Y35.02741
G01 X-32.67840 Y35.02050
G01 X-32.68305 Y35.01880
G01 X-32.70672 Y35.00613
G01 X-32.72397 Y34.99325
G01 X-32.74142 Y34.97892
G01 X-32.75554 Y34.96170
G01 X-32.76214 Y34.95289
G01 X-32.76862 Y34.94425
G01 X-32.78145 Y34.92022
G01 X-32.78589 Y34.90823
G01 X-32.78925 Y34.89932
G01 X-32.79806 Y34.87554
G01 X-32.79915 Y34.86765
G01 X-32.80022 Y34.83666
G01 X-32.80022 Y33.46282
G01 X-32.80007 Y33.45040
G01 X-32.79870 Y33.39734
G01 X-32.79468 Y33.34494
G01 X-32.77931 Y33.22322
G01 X-32.77822 Y33.22249
G01 X-32.71353 Y33.20473
G01 X-32.68429 Y33.19899
G01 X-32.63768 Y33.19168
G01 X-32.59410 Y33.18650
G01 X-32.59336 Y33.18642
G01 X-32.57431 Y33.18385
G01 X-32.57357 Y33.18375
G01 X-32.52458 Y33.17649
G01 X-32.52214 Y33.17608
G01 X-32.45521 Y33.16272
G01 X-32.45381 Y33.16252
G01 X-32.45280 Y33.16237
G01 X-32.40383 Y33.14992
G01 X-32.40141 Y33.14926
G01 X-32.32844 Y33.12709
G01 X-32.32613 Y33.12632
G01 X-32.28175 Y33.11045
G01 X-32.27370 Y33.10671
G01 X-32.27187 Y33.10966
G01 X-32.27370 Y33.10671
G01 X-32.26644 Y33.10166
G01 X-32.26288 Y33.09866
G01 X-32.26105 Y33.09704
G01 X-32.20332 Y33.04352
G01 X-32.20157 Y33.04179
G01 X-32.16717 Y33.00661
G01 X-32.16547 Y33.00481
G01 X-32.11142 Y32.94372
G01 X-32.10985 Y32.94187
G01 X-32.07866 Y32.90296
G01 X-32.07716 Y32.90097
G01 X-32.02565 Y32.82978
G01 X-32.02427 Y32.82777
G01 X-32.02247 Y32.82500
G01 X-31.96225 Y32.77326
G01 X-31.95384 Y32.77626
G01 X-31.96225 Y32.77326
G01 X-31.97403 Y32.60258
G01 X-31.97497 Y32.57507
G01 X-31.97497 Y31.67476
G01 X-31.97307 Y31.63580
G01 X-31.96827 Y31.58703
G01 X-31.96250 Y31.54820
G01 X-31.95295 Y31.51012
G01 X-31.94307 Y31.47753
G01 X-31.89999 Y31.28393
G01 X-31.89956 Y31.28398
G01 X-31.89999 Y31.28393
G01 X-31.89999 Y30.90001
G01 X-31.89806 Y30.86082
G01 X-31.88844 Y30.76328
G01 X-31.88269 Y30.72445
G01 X-31.87314 Y30.68637
G01 X-31.84470 Y30.59257
G01 X-31.83146 Y30.55561
G01 X-31.81470 Y30.52013
G01 X-31.76850 Y30.43369
G01 X-31.72491 Y30.36849
G01 X-31.66273 Y30.29272
G01 X-31.63637 Y30.26364
G01 X-30.26136 Y28.88864
G01 X-30.23228 Y28.86227
G01 X-30.15651 Y28.80009
G01 X-30.12499 Y28.77670
G01 X-30.09131 Y28.75651
G01 X-30.00487 Y28.71030
G01 X-29.93243 Y28.68031
G01 X-29.83863 Y28.65186
G01 X-29.76172 Y28.63657
G01 X-29.66418 Y28.62694
G01 X-29.62499 Y28.62501
G01 X-21.62498 Y28.62501
G01 X-21.58576 Y28.62694
G01 X-21.48823 Y28.63657
G01 X-21.41132 Y28.65186
G01 X-21.31751 Y28.68031
G01 X-21.24507 Y28.71030
G01 X-21.15864 Y28.75651
G01 X-21.12496 Y28.77670
G01 X-21.09344 Y28.80009
G01 X-21.01767 Y28.86227
G01 X-20.98858 Y28.88864
G01 X-19.94696 Y29.93029
G01 X-19.94287 Y29.93700
G01 X-19.85935 Y30.05310
G01 X-19.85397 Y30.05940
G01 X-19.85425 Y30.05963
G01 X-19.85397 Y30.05940
G01 X-19.75376 Y30.15879
G01 X-19.75397 Y30.15904
G01 X-19.75376 Y30.15879
G01 X-19.74741 Y30.16412
G01 X-19.64398 Y30.23728
G01 X-19.57703 Y30.44137
G01 X-19.57436 Y30.44789
G01 X-19.57688 Y30.44175
G01 X-21.05927 Y28.95933
G01 X-21.08109 Y28.93956
G01 X-21.15686 Y28.87739
G01 X-21.18051 Y28.85983
G01 X-21.20575 Y28.84472
G01 X-21.29222 Y28.79852
G01 X-21.34655 Y28.77599
G01 X-21.44035 Y28.74754
G01 X-21.46890 Y28.74040
G01 X-21.49801 Y28.73609
G01 X-21.59557 Y28.72646
G01 X-21.62498 Y28.72501
G01 X-29.62499 Y28.72501
G01 X-29.65438 Y28.72646
G01 X-29.75194 Y28.73609
G01 X-29.78105 Y28.74040
G01 X-29.80960 Y28.74754
G01 X-29.90340 Y28.77599
G01 X-29.95773 Y28.79852
G01 X-30.04419 Y28.84472
G01 X-30.06944 Y28.85983
G01 X-30.09309 Y28.87739
G01 X-30.16886 Y28.93956
G01 X-30.19067 Y28.95933
G01 X-31.56568 Y30.33433
G01 X-31.58544 Y30.35615
G01 X-31.64762 Y30.43192
G01 X-31.68028 Y30.48081
G01 X-31.72648 Y30.56727
G01 X-31.73908 Y30.59387
G01 X-31.74901 Y30.62160
G01 X-31.77746 Y30.71541
G01 X-31.78460 Y30.74396
G01 X-31.78892 Y30.77306
G01 X-31.79854 Y30.87063
G01 X-31.79999 Y30.90001
G01 X-31.79999 Y31.29493
G01 X-31.79956 Y31.29498
G01 X-31.79999 Y31.29493
G01 X-31.84630 Y31.50296
G01 X-31.85727 Y31.53915
G01 X-31.86441 Y31.56770
G01 X-31.86875 Y31.59684
G01 X-31.87355 Y31.64560
G01 X-31.87500 Y31.67502
G01 X-31.87500 Y32.57502
G01 X-31.87426 Y32.59569
G01 X-31.85902 Y32.81642
G01 X-31.84815 Y32.82099
G01 X-31.85902 Y32.81642
G01 X-32.26182 Y33.16252
G01 X-32.25950 Y33.16874
G01 X-32.26182 Y33.16252
G01 X-32.45381 Y33.16252
G01 X-32.45425 Y33.16252
G01 X-32.45521 Y33.16272
G01 X-32.52214 Y33.17608
G01 X-32.52458 Y33.17649
G01 X-32.57357 Y33.18375
G01 X-32.57431 Y33.18385
G01 X-32.59336 Y33.18642
G01 X-32.59410 Y33.18650
G01 X-32.63768 Y33.19168
G01 X-32.68429 Y33.19899
G01 X-32.71353 Y33.20473
G01 X-32.77822 Y33.22249
G01 X-32.77926 Y33.22277
G01 X-32.77931 Y33.22322
G01 X-32.77822 Y33.22249
G01 X-32.77931 Y33.22322
G01 X-32.79468 Y33.34494
G01 X-32.79870 Y33.39734
G01 X-32.80007 Y33.45040
G01 X-32.80022 Y33.46282
G01 X-32.80022 Y34.83666
G01 X-32.79915 Y34.86765
G01 X-32.79806 Y34.87554
G01 X-32.78925 Y34.89932
G01 X-32.78589 Y34.90823
G01 X-32.78145 Y34.92022
G01 X-32.77639 Y34.93389
G01 X-32.76862 Y34.94425
G01 X-32.76214 Y34.95289
G01 X-32.75554 Y34.96170
G01 X-32.74210 Y34.97966
G01 X-32.72397 Y34.99325
G01 X-32.70672 Y35.00613
G01 X-32.69638 Y35.01390
G01 X-32.68305 Y35.01880
G01 X-32.67840 Y35.02050
G01 X-32.65960 Y35.02741
G01 X-32.63690 Y35.03577
G01 X-32.63009 Y35.03671
G01 X-32.59913 Y35.03777
G01 X-31.45082 Y35.03777
G01 X-31.41983 Y35.03671
G01 X-31.41305 Y35.03577
G01 X-31.39014 Y35.02736
G01 X-31.36695 Y35.01883
G01 X-31.35354 Y35.01390
G01 X-31.34307 Y35.00605
G01 X-31.32641 Y34.99358
G01 X-31.30784 Y34.97968
G01 X-31.29400 Y34.96119
G01 X-31.28140 Y34.94435
G01 X-31.27360 Y34.93394
G01 X-31.26014 Y34.89731
G01 X-31.25173 Y34.87445
G01 X-31.25079 Y34.86765
G01 X-31.24973 Y34.83668
G01 X-31.24973 Y34.63092
G01 X-31.24960 Y34.62734
G01 X-31.24442 Y34.55538
G01 X-31.24404 Y34.55185
G01 X-31.23388 Y34.48108
G01 X-31.23225 Y34.47377
G01 X-31.22956 Y34.46678
G01 X-31.22585 Y34.46025
G01 X-31.22859 Y34.45916
G01 X-31.22585 Y34.46025
G01 X-31.17391 Y34.38319
G01 X-31.17124 Y34.37956
G01 X-31.15956 Y34.36523
G01 X-31.15897 Y34.36450
G01 X-31.14681 Y34.35012
G01 X-31.14622 Y34.34943
G01 X-30.72021 Y33.86402
G01 X-30.71777 Y33.86140
G01 X-30.66588 Y33.81019
G01 X-30.66624 Y33.80981
G01 X-30.66588 Y33.81019
G01 X-30.66327 Y33.80778
G01 X-30.60962 Y33.76191
G01 X-30.60515 Y33.75850
G01 X-30.49933 Y33.68693
G01 X-30.49961 Y33.68642
G01 X-30.49933 Y33.68693
G01 X-30.49476 Y33.68416
G01 X-30.49387 Y33.68370
G01 X-30.49088 Y33.68223
G01 X-30.45217 Y33.66488
G01 X-30.45069 Y33.66424
G01 X-30.43903 Y33.65947
G01 X-30.40792 Y33.64578
G01 X-30.38780 Y33.63633
G01 X-30.38288 Y33.63402
G01 X-30.38054 Y33.63300
G01 X-30.30424 Y33.60184
G01 X-30.30198 Y33.60097
G01 X-30.22651 Y33.57430
G01 X-30.19329 Y33.50359
G01 X-30.19225 Y33.50151
G01 X-30.19057 Y33.49833
G01 X-30.16949 Y33.45556
G01 X-30.15557 Y33.42528
G01 X-30.15491 Y33.42391
G01 X-30.14914 Y33.41225
G01 X-30.12682 Y33.33867
G01 X-30.11150 Y33.26176
G01 X-30.10190 Y33.16422
G01 X-30.09997 Y33.12500
G01 X-30.10000 Y32.87557
G01 X-30.10165 Y32.87527
G01 X-30.10000 Y32.87557
G01 X-30.09126 Y32.85924
G01 X-30.06124 Y32.78680
G01 X-30.04701 Y32.73989
G01 X-30.03749 Y32.70181
G01 X-30.03172 Y32.66300
G01 X-30.02692 Y32.61421
G01 X-30.02499 Y32.57502
G01 X-30.02499 Y31.67502
G01 X-30.02692 Y31.63580
G01 X-30.03172 Y31.58703
G01 X-30.03749 Y31.54820
G01 X-30.04701 Y31.51012
G01 X-30.06124 Y31.46323
G01 X-30.07454 Y31.42607
G01 X-30.08173 Y31.41088
G01 X-30.08443 Y31.40392
G01 X-30.09997 Y31.37029
G01 X-30.10162 Y31.37060
G01 X-30.09997 Y31.37029
G01 X-30.09997 Y31.27281
G01 X-30.10759 Y31.26966
G01 X-30.09997 Y31.27281
G01 X-29.76733 Y30.94017
G01 X-29.66733 Y30.69874
G01 X-29.64958 Y30.65589
G01 X-29.64767 Y30.65183
G01 X-29.59225 Y30.54599
G01 X-29.59276 Y30.54566
G01 X-29.59225 Y30.54599
G01 X-29.58694 Y30.53789
G01 X-29.51508 Y30.44845
G01 X-29.51173 Y30.44467
G01 X-29.50800 Y30.44124
G01 X-29.50838 Y30.44086
G01 X-29.50800 Y30.44124
G01 X-29.41976 Y30.36821
G01 X-29.41168 Y30.36275
G01 X-29.41204 Y30.36219
G01 X-29.41168 Y30.36275
G01 X-29.30703 Y30.30611
G01 X-29.29957 Y30.30283
G01 X-29.29167 Y30.30080
G01 X-29.28354 Y30.30009
G01 X-29.28415 Y30.29753
G01 X-29.28354 Y30.30009
G01 X-29.27528 Y30.30004
G01 X-29.27498 Y30.30004
G01 X-27.57496 Y30.29981
G01 X-27.56876 Y30.30042
G01 X-27.40628 Y30.32074
G01 X-27.40051 Y30.32181
G01 X-27.39492 Y30.32353
G01 X-27.39091 Y30.32503
G01 X-27.23241 Y30.38447
G01 X-27.22784 Y30.38645
G01 X-27.22761 Y30.38602
G01 X-27.22784 Y30.38645
G01 X-27.22347 Y30.38889
G01 X-27.16566 Y30.42503
G01 X-21.99775 Y30.42503
G01 X-21.99460 Y30.41741
G01 X-21.99775 Y30.42503
G01 X-20.74129 Y31.68149
G01 X-20.74088 Y31.68116
G01 X-20.74129 Y31.68149
G01 X-19.87500 Y32.99699
G01 X-19.87111 Y32.99577
G01 X-19.87500 Y32.99699
G01 X-19.87500 Y33.37501
G01 X-19.86890 Y33.44446
G01 X-19.86446 Y33.46112
G01 X-19.75953 Y33.61454
G01 X-19.59501 Y33.74712
G01 X-19.52709 Y33.71136
G01 X-19.50022 Y33.69564
G01 X-19.49496 Y33.69297
G01 X-19.45379 Y33.67501
G01 X-19.33403 Y33.62279
G01 X-19.32786 Y33.62056
G01 X-19.25798 Y33.60046
G01 X-19.25813 Y33.59991
G01 X-19.25798 Y33.60046
G01 X-19.25293 Y33.59927
G01 X-19.14216 Y33.57956
G01 X-19.13680 Y33.57890
G01 X-19.10289 Y33.57656
G01 X-19.10291 Y33.57628
G01 X-19.10289 Y33.57656
G01 X-19.10119 Y33.57649
G01 X-19.06692 Y33.57532
G01 X-19.06522 Y33.57527
G01 X-17.77581 Y33.57527
G01 X-17.74490 Y33.57423
G01 X-17.73810 Y33.57329
G01 X-17.71531 Y33.56490
G01 X-17.69182 Y33.55624
G01 X-17.67853 Y33.55137
G01 X-17.66809 Y33.54357
G01 X-17.65577 Y33.53432
G01 X-17.65138 Y33.53105
G01 X-17.63284 Y33.51718
G01 X-17.61894 Y33.49861
G01 X-17.60645 Y33.48192
G01 X-17.59860 Y33.47146
G01 X-17.57673 Y33.41197
G01 X-17.57579 Y33.40514
G01 X-17.57472 Y33.37418
G01 X-17.57472 Y31.67588
G01 X-17.57579 Y31.64489
G01 X-17.57673 Y31.63809
G01 X-17.58509 Y31.61535
G01 X-17.59370 Y31.59196
G01 X-17.59862 Y31.57860
G01 X-17.60635 Y31.56826
G01 X-17.61915 Y31.55114
G01 X-17.61935 Y31.55086
G01 X-17.63281 Y31.53290
G01 X-17.65087 Y31.51937
G01 X-17.66827 Y31.50634
G01 X-17.67988 Y31.49767
G01 X-17.68379 Y31.49595
G01 X-17.70381 Y31.48884
G01 X-17.70843 Y31.48721
G01 X-17.70381 Y31.48884
G01 X-17.69563 Y31.49176
G01 X-17.66827 Y31.50634
G01 X-17.65087 Y31.51937
G01 X-17.63357 Y31.53359
G01 X-17.61935 Y31.55086
G01 X-17.61915 Y31.55114
G01 X-17.60635 Y31.56826
G01 X-17.59370 Y31.59196
G01 X-17.58509 Y31.61535
G01 X-17.57884 Y31.63600
G01 X-17.57498 Y31.67502
G01 X-17.67498 Y31.67502
G01 X-17.67498 Y33.37501
G01 X-17.67691 Y33.39452
G01 X-17.68260 Y33.41329
G01 X-17.69184 Y33.43056
G01 X-17.70429 Y33.44573
G01 X-17.71943 Y33.45815
G01 X-17.73672 Y33.46739
G01 X-17.75547 Y33.47308
G01 X-17.77498 Y33.47501
G01 X-19.47500 Y33.47501
G01 X-19.49235 Y33.47349
G01 X-19.50919 Y33.46899
G01 X-19.52499 Y33.46160
G01 X-19.53926 Y33.45162
G01 X-19.55160 Y33.43930
G01 X-19.56159 Y33.42500
G01 X-19.56895 Y33.40920
G01 X-19.57347 Y33.39239
G01 X-19.57500 Y33.37501
G01 X-19.57497 Y32.90707
G01 X-20.50756 Y31.49097
G01 X-21.87349 Y30.12503
G01 X-29.37645 Y30.12503
G01 X-30.39997 Y31.14855
G01 X-30.39997 Y31.43633
G01 X-30.35669 Y31.52988
G01 X-30.35570 Y31.53247
G01 X-30.35166 Y31.54103
G01 X-30.34833 Y31.55030
G01 X-30.33411 Y31.59722
G01 X-30.33172 Y31.60674
G01 X-30.33027 Y31.61645
G01 X-30.32547 Y31.66521
G01 X-30.32499 Y31.67502
G01 X-30.32499 Y32.57502
G01 X-30.32547 Y32.58482
G01 X-30.33027 Y32.63359
G01 X-30.33172 Y32.64329
G01 X-30.33411 Y32.65282
G01 X-30.34833 Y32.69970
G01 X-30.35582 Y32.71781
G01 X-30.37894 Y32.76105
G01 X-30.38397 Y32.76945
G01 X-30.38981 Y32.77735
G01 X-30.40000 Y32.78972
G01 X-30.39997 Y33.12500
G01 X-30.40045 Y33.13481
G01 X-30.41008 Y33.23237
G01 X-30.41389 Y33.25160
G01 X-30.44234 Y33.34537
G01 X-30.44986 Y33.36348
G01 X-30.49606 Y33.44994
G01 X-30.50695 Y33.46623
G01 X-30.56913 Y33.54199
G01 X-30.57571 Y33.54928
G01 X-30.61996 Y33.59353
G01 X-30.62189 Y33.59617
G01 X-31.34998 Y34.42586
G01 X-31.34998 Y34.83752
G01 X-31.35191 Y34.85703
G01 X-31.35760 Y34.87577
G01 X-31.36685 Y34.89307
G01 X-31.37927 Y34.90823
G01 X-31.39443 Y34.92066
G01 X-31.41173 Y34.92990
G01 X-31.43047 Y34.93559
G01 X-31.44998 Y34.93752
G01 X-32.59999 Y34.93752
G01 X-32.61950 Y34.93559
G01 X-32.63824 Y34.92990
G01 X-32.65554 Y34.92066
G01 X-32.67070 Y34.90823
G01 X-32.68312 Y34.89307
G01 X-32.69237 Y34.87577
G01 X-32.69806 Y34.85703
G01 X-32.69999 Y34.83752
G01 X-32.69999 Y33.46252
G01 X-32.69847 Y33.44514
G01 X-32.69395 Y33.42830
G01 X-32.68658 Y33.41250
G01 X-32.67660 Y33.39823
G01 X-32.66428 Y33.38591
G01 X-32.64998 Y33.37590
G01 X-32.63418 Y33.36854
G01 X-32.61736 Y33.36404
G01 X-32.59999 Y33.36252
G01 X-32.18770 Y33.36252
G01 X-31.65260 Y32.90273
G01 X-31.67431 Y32.58812
G01 X-31.67429 Y32.58703
G01 X-31.67452 Y32.58482
G01 X-31.67500 Y32.57502
G01 X-31.67500 Y31.67502
G01 X-31.67452 Y31.66521
G01 X-31.66969 Y31.61645
G01 X-31.66827 Y31.60674
G01 X-31.66588 Y31.59722
G01 X-31.65239 Y31.55274
G01 X-31.65214 Y31.55129
G01 X-31.59999 Y31.31693
G01 X-31.59999 Y30.90001
G01 X-31.59951 Y30.89023
G01 X-31.58988 Y30.79267
G01 X-31.58846 Y30.78297
G01 X-31.58607 Y30.77344
G01 X-31.55763 Y30.67967
G01 X-31.55430 Y30.67042
G01 X-31.55011 Y30.66153
G01 X-31.50390 Y30.57510
G01 X-31.49301 Y30.55879
G01 X-31.43083 Y30.48302
G01 X-31.42425 Y30.47576
G01 X-30.04925 Y29.10075
G01 X-30.04198 Y29.09417
G01 X-29.96621 Y29.03200
G01 X-29.95831 Y29.02613
G01 X-29.94991 Y29.02110
G01 X-29.86347 Y28.97490
G01 X-29.84534 Y28.96738
G01 X-29.75156 Y28.93893
G01 X-29.74203 Y28.93654
G01 X-29.73233 Y28.93512
G01 X-29.63477 Y28.92549
G01 X-29.62499 Y28.92501
G01 X-21.62498 Y28.92501
G01 X-21.61518 Y28.92549
G01 X-21.51762 Y28.93512
G01 X-21.50791 Y28.93654
G01 X-21.49839 Y28.93893
G01 X-21.40461 Y28.96738
G01 X-21.38648 Y28.97490
G01 X-21.30004 Y29.02110
G01 X-21.29163 Y29.02613
G01 X-21.28373 Y29.03200
G01 X-21.20796 Y29.09417
G01 X-21.20070 Y29.10075
G01 X-19.65889 Y30.64256
G01 X-18.24295 Y31.57502
G01 X-17.77498 Y31.57502
G01 X-17.75547 Y31.57692
G01 X-17.73672 Y31.58261
G01 X-17.71943 Y31.59186
G01 X-17.70429 Y31.60430
G01 X-17.69184 Y31.61947
G01 X-17.68260 Y31.63674
G01 X-17.67691 Y31.65551
G01 X-17.67498 Y31.67502
G01 X-17.57498 Y31.67502
G01 X-17.57472 Y31.67588
G01 X-17.57498 Y31.67502
G01 X-17.57498 Y33.37501
G01 X-17.57884 Y33.41403
G01 X-17.58516 Y33.43488
G01 X-17.59367 Y33.45800
G01 X-17.60645 Y33.48192
G01 X-17.61894 Y33.49861
G01 X-17.63357 Y33.51644
G01 X-17.65138 Y33.53105
G01 X-17.65577 Y33.53432
G01 X-17.66809 Y33.54357
G01 X-17.69182 Y33.55624
G01 X-17.71531 Y33.56490
G01 X-17.73596 Y33.57118
G01 X-17.77498 Y33.57501
G01 X-19.47500 Y33.57501
G01 X-19.50972 Y33.57197
G01 X-19.54340 Y33.56295
G01 X-19.57500 Y33.54822
G01 X-19.60355 Y33.52823
G01 X-19.62819 Y33.50356
G01 X-19.64820 Y33.47501
G01 X-19.66293 Y33.44342
G01 X-19.67195 Y33.40974
G01 X-19.67500 Y33.37501
G01 X-19.67497 Y32.93704
G01 X-19.67088 Y32.93580
G01 X-19.67497 Y32.93704
G01 X-20.58546 Y31.55447
G01 X-20.58505 Y31.55416
G01 X-20.58546 Y31.55447
G01 X-21.91492 Y30.22503
G01 X-21.91177 Y30.21741
G01 X-21.91492 Y30.22503
G01 X-29.33502 Y30.22503
G01 X-29.33817 Y30.21741
G01 X-29.33502 Y30.22503
G01 X-30.29997 Y31.18998
G01 X-30.30759 Y31.18683
G01 X-30.29997 Y31.18998
G01 X-30.29997 Y31.41431
G01 X-30.30215 Y31.41477
G01 X-30.29997 Y31.41431
G01 X-30.26593 Y31.48790
G01 X-30.26438 Y31.49196
G01 X-30.25928 Y31.50270
G01 X-30.25262 Y31.52130
G01 X-30.23840 Y31.56819
G01 X-30.23363 Y31.58721
G01 X-30.23075 Y31.60664
G01 X-30.22595 Y31.65541
G01 X-30.22499 Y31.67502
G01 X-30.22499 Y32.57502
G01 X-30.22595 Y32.59462
G01 X-30.23075 Y32.64339
G01 X-30.23363 Y32.66280
G01 X-30.23840 Y32.68185
G01 X-30.25262 Y32.72874
G01 X-30.26764 Y32.76496
G01 X-30.29072 Y32.80819
G01 X-30.30000 Y32.82361
G01 X-30.30208 Y32.82317
G01 X-30.30000 Y32.82361
G01 X-30.29997 Y33.12500
G01 X-30.30094 Y33.14461
G01 X-30.31056 Y33.24217
G01 X-30.31821 Y33.28060
G01 X-30.34666 Y33.37440
G01 X-30.36167 Y33.41063
G01 X-30.40787 Y33.49709
G01 X-30.42964 Y33.52967
G01 X-30.49182 Y33.60544
G01 X-30.50500 Y33.61997
G01 X-30.54561 Y33.66059
G01 X-30.54673 Y33.66214
G01 X-31.24998 Y34.46353
G01 X-31.25641 Y34.46109
G01 X-31.24998 Y34.46353
G01 X-31.24998 Y34.83752
G01 X-31.25384 Y34.87654
G01 X-31.26014 Y34.89731
G01 X-31.26868 Y34.92050
G01 X-31.28140 Y34.94435
G01 X-31.29400 Y34.96119
G01 X-31.30858 Y34.97892
G01 X-31.32641 Y34.99358
G01 X-31.34307 Y35.00605
G01 X-31.36695 Y35.01883
G01 X-31.39014 Y35.02736
G01 X-31.41097 Y35.03366
G01 X-31.44998 Y35.03752
G01 X-32.59999 Y35.03752
G01 X-32.63901 Y35.03366
G01 X-32.65960 Y35.02741
G01 X-32.67840 Y35.02050
G01 X-32.68305 Y35.01880
G01 X-32.70672 Y35.00613
G01 X-32.72397 Y34.99325
G01 X-32.74142 Y34.97892
G01 X-32.75554 Y34.96170
G01 X-32.76214 Y34.95289
G01 X-32.76862 Y34.94425
G01 X-32.78145 Y34.92022
G01 X-32.78589 Y34.90823
G01 X-32.78925 Y34.89932
G01 X-32.79615 Y34.87654
G01 X-32.79999 Y34.83752
G01 X-32.79999 Y33.46252
G01 X-32.79694 Y33.42780
G01 X-32.78793 Y33.39412
G01 X-32.77319 Y33.36252
G01 X-32.75320 Y33.33394
G01 X-32.72854 Y33.30930
G01 X-32.69999 Y33.28931
G01 X-32.66839 Y33.27458
G01 X-32.63471 Y33.26554
G01 X-32.59999 Y33.26252
G01 X-32.22476 Y33.26252
G01 X-32.22247 Y33.26859
G01 X-32.22476 Y33.26252
G01 X-31.75582 Y32.85957
G01 X-31.74490 Y32.86414
G01 X-31.75582 Y32.85957
G01 X-31.77452 Y32.58878
G01 X-31.77500 Y32.57502
G01 X-31.77500 Y31.67502
G01 X-31.77403 Y31.65541
G01 X-31.76923 Y31.60664
G01 X-31.76634 Y31.58721
G01 X-31.76156 Y31.56819
G01 X-31.74950 Y31.52836
G01 X-31.69999 Y31.30593
G01 X-31.69954 Y31.30598
G01 X-31.69999 Y31.30593
G01 X-31.69999 Y30.90001
G01 X-31.69903 Y30.88043
G01 X-31.68940 Y30.78287
G01 X-31.68653 Y30.76346
G01 X-31.68176 Y30.74441
G01 X-31.65331 Y30.65064
G01 X-31.64670 Y30.63214
G01 X-31.63830 Y30.61442
G01 X-31.59209 Y30.52795
G01 X-31.57033 Y30.49537
G01 X-31.50815 Y30.41960
G01 X-31.49496 Y30.40504
G01 X-30.11996 Y29.03004
G01 X-30.10541 Y29.01686
G01 X-30.02964 Y28.95468
G01 X-30.01386 Y28.94299
G01 X-29.99705 Y28.93291
G01 X-29.91059 Y28.88671
G01 X-29.87437 Y28.87170
G01 X-29.78059 Y28.84325
G01 X-29.74214 Y28.83560
G01 X-29.64457 Y28.82598
G01 X-29.62499 Y28.82501
G01 X-21.62498 Y28.82501
G01 X-21.60537 Y28.82598
G01 X-21.50781 Y28.83560
G01 X-21.46936 Y28.84325
G01 X-21.37558 Y28.87170
G01 X-21.33936 Y28.88671
G01 X-21.25290 Y28.93291
G01 X-21.23608 Y28.94299
G01 X-21.22031 Y28.95468
G01 X-21.14454 Y29.01686
G01 X-21.12999 Y29.03004
G01 X-19.59539 Y30.56466
G01 X-19.59572 Y30.56506
G01 X-19.59539 Y30.56466
G01 X-18.21297 Y31.47502
G01 X-18.21424 Y31.47921
G01 X-18.21297 Y31.47502
G01 X-17.77498 Y31.47502
G01 X-17.73596 Y31.47885
G01 X-17.70843 Y31.48721
G01 X-17.73774 Y31.47682
G01 X-17.74485 Y31.47583
G01 X-17.77581 Y31.47479
G01 X-18.07665 Y31.47479
G01 X-18.08023 Y31.47464
G01 X-18.08026 Y31.47497
G01 X-18.08023 Y31.47464
G01 X-18.15219 Y31.46948
G01 X-18.15572 Y31.46910
G01 X-18.20149 Y31.46252
G01 X-18.20860 Y31.46095
G01 X-18.21539 Y31.45838
G01 X-18.23751 Y31.44814
G01 X-18.23830 Y31.45013
G01 X-18.23751 Y31.44814
G01 X-18.24074 Y31.44649
G01 X-18.30601 Y31.41027
G01 X-18.30924 Y31.40832
G01 X-19.29992 Y30.75592
G01 X-19.30284 Y30.75386
G01 X-19.36062 Y30.70954
G01 X-19.36336 Y30.70728
G01 X-19.41620 Y30.66049
G01 X-19.42138 Y30.65516
G01 X-19.42166 Y30.65544
G01 X-19.42138 Y30.65516
G01 X-19.53154 Y30.52353
G01 X-19.53189 Y30.52379
G01 X-19.53154 Y30.52353
G01 X-19.53555 Y30.51800
G01 X-19.55402 Y30.48851
G01 X-19.55651 Y30.48409
G01 X-19.57436 Y30.44789
G04 P0 ( dwell for no time -- G64 should not smooth over this point )
G00 Z5.00000 ( retract )

G00 X-23.84997 Y38.57005 ( rapid move to begin. )
G01 F150.00000
( Mill infeed pass 1/1 )
G01 Z-0.06000
G04 P0 ( dwell for no time -- G64 should not smooth over this point )
G01 F300.00000
G01 X-23.84997 Y38.57005
G01 X-23.85447 Y38.52832
G01 X-23.89531 Y38.41884
G01 X-23.96422 Y38.32677
G01 X-24.05627 Y38.25786
G01 X-24.16577 Y38.21702
G01 X-24.20750 Y38.21252
G01 X-24.47496 Y38.21255
G01 X-24.47496 Y38.51252
G01 X-24.24999 Y38.51252
G01 X-24.23049 Y38.51442
G01 X-24.21172 Y38.52011
G01 X-24.19442 Y38.52936
G01 X-24.17928 Y38.54181
G01 X-24.16684 Y38.55694
G01 X-24.15759 Y38.57424
G01 X-24.15190 Y38.59301
G01 X-24.14999 Y38.61252
G01 X-24.14999 Y38.95001
G01 X-23.85000 Y38.95003
G01 X-23.84997 Y38.57005
G01 X-23.95000 Y38.57539
G01 X-23.95000 Y38.85004
G01 X-23.92013 Y38.87963
G01 X-23.95000 Y38.85004
G01 X-24.05000 Y38.85004
G01 X-24.07928 Y38.87932
G01 X-24.05000 Y38.85004
G01 X-24.05000 Y38.61252
G01 X-24.05383 Y38.57351
G01 X-24.06521 Y38.53596
G01 X-24.08370 Y38.50139
G01 X-24.10857 Y38.47109
G01 X-24.13887 Y38.44623
G01 X-24.17344 Y38.42773
G01 X-24.21098 Y38.41636
G01 X-24.24999 Y38.41252
G01 X-24.37496 Y38.41252
G01 X-24.40163 Y38.43723
G01 X-24.37496 Y38.41252
G01 X-24.37496 Y38.31255
G01 X-24.40476 Y38.28235
G01 X-24.37496 Y38.31255
G01 X-24.21291 Y38.31252
G01 X-24.18893 Y38.31511
G01 X-24.18865 Y38.31364
G01 X-24.18893 Y38.31511
G01 X-24.10471 Y38.34653
G01 X-24.10420 Y38.34562
G01 X-24.10471 Y38.34653
G01 X-24.03567 Y38.39819
G01 X-24.03493 Y38.39748
G01 X-24.03567 Y38.39819
G01 X-23.98398 Y38.46728
G01 X-23.98307 Y38.46677
G01 X-23.98398 Y38.46728
G01 X-23.95256 Y38.55148
G01 X-23.95104 Y38.55120
G01 X-23.95256 Y38.55148
G01 X-23.95000 Y38.57539
G04 P0 ( dwell for no time -- G64 should not smooth over this point )
G00 Z5.00000 ( retract )

G00 X-23.84997 Y40.02999 ( rapid move to begin. )
G01 F150.00000
( Mill infeed pass 1/1 )
G01 Z-0.06000
G04 P0 ( dwell for no time -- G64 should not smooth over this point )
G01 F300.00000
G01 X-23.84997 Y40.02999
G01 X-23.85447 Y40.07172
G01 X-23.89531 Y40.18122
G01 X-23.96422 Y40.27327
G01 X-24.05629 Y40.34221
G01 X-24.16577 Y40.38305
G01 X-24.20745 Y40.38752
G01 X-24.47496 Y40.38752
G01 X-24.47496 Y40.08752
G01 X-24.24999 Y40.08752
G01 X-24.23262 Y40.08600
G01 X-24.21578 Y40.08148
G01 X-24.19998 Y40.07411
G01 X-24.18571 Y40.06410
G01 X-24.17339 Y40.05179
G01 X-24.16338 Y40.03751
G01 X-24.15601 Y40.02171
G01 X-24.15152 Y40.00487
G01 X-24.14999 Y39.98752
G01 X-24.14999 Y39.65003
G01 X-23.85000 Y39.65003
G01 X-23.84997 Y40.02999
G01 X-23.94883 Y40.02484
G01 X-23.95000 Y40.02466
G01 X-23.95256 Y40.04856
G01 X-23.98398 Y40.13279
G01 X-23.98269 Y40.13345
G01 X-23.98398 Y40.13279
G01 X-24.03564 Y40.20182
G01 X-24.03491 Y40.20256
G01 X-24.03564 Y40.20182
G01 X-24.10471 Y40.25354
G01 X-24.10422 Y40.25443
G01 X-24.10471 Y40.25354
G01 X-24.18896 Y40.28496
G01 X-24.18868 Y40.28643
G01 X-24.18896 Y40.28496
G01 X-24.21286 Y40.28752
G01 X-24.37496 Y40.28752
G01 X-24.40476 Y40.31772
G01 X-24.37496 Y40.28752
G01 X-24.37496 Y40.18752
G01 X-24.40209 Y40.16202
G01 X-24.37496 Y40.18752
G01 X-24.24999 Y40.18752
G01 X-24.21525 Y40.18447
G01 X-24.18159 Y40.17546
G01 X-24.14999 Y40.16073
G01 X-24.12142 Y40.14071
G01 X-24.09678 Y40.11607
G01 X-24.07679 Y40.08752
G01 X-24.06206 Y40.05593
G01 X-24.05302 Y40.02225
G01 X-24.05000 Y39.98752
G01 X-24.05000 Y39.75001
G01 X-24.07928 Y39.72072
G01 X-24.05000 Y39.75001
G01 X-23.95000 Y39.75001
G01 X-23.92068 Y39.72072
G01 X-23.95000 Y39.75001
G01 X-23.95000 Y40.02466
G04 P0 ( dwell for no time -- G64 should not smooth over this point )
G00 Z5.00000 ( retract )

G00 X-25.17499 Y40.08752 ( rapid move to begin. )
G01 F150.00000
( Mill infeed pass 1/1 )
G01 Z-0.06000
G04 P0 ( dwell for no time -- G64 should not smooth over this point )
G01 F300.00000
G01 X-25.17499 Y40.08752
G01 X-25.39998 Y40.08752
G01 X-25.41735 Y40.08600
G01 X-25.43419 Y40.08148
G01 X-25.44999 Y40.07411
G01 X-25.46427 Y40.06413
G01 X-25.47659 Y40.05179
G01 X-25.48659 Y40.03751
G01 X-25.49396 Y40.02171
G01 X-25.49846 Y40.00487
G01 X-25.49998 Y39.98752
G01 X-25.49998 Y39.72504
G01 X-25.79995 Y39.72504
G01 X-25.79995 Y40.03004
G01 X-25.79548 Y40.07172
G01 X-25.75464 Y40.18122
G01 X-25.68573 Y40.27327
G01 X-25.59363 Y40.34221
G01 X-25.48418 Y40.38305
G01 X-25.44250 Y40.38752
G01 X-25.17499 Y40.38752
G01 X-25.17499 Y40.08752
G01 X-25.24636 Y40.15943
G01 X-25.27499 Y40.18752
G01 X-25.27499 Y40.28752
G01 X-25.24519 Y40.31772
G01 X-25.27499 Y40.28752
G01 X-25.43709 Y40.28752
G01 X-25.46099 Y40.28496
G01 X-25.46127 Y40.28643
G01 X-25.46099 Y40.28496
G01 X-25.54522 Y40.25354
G01 X-25.54570 Y40.25443
G01 X-25.54522 Y40.25354
G01 X-25.61431 Y40.20182
G01 X-25.61504 Y40.20253
G01 X-25.61431 Y40.20182
G01 X-25.66597 Y40.13279
G01 X-25.66688 Y40.13329
G01 X-25.66597 Y40.13279
G01 X-25.69739 Y40.04856
G01 X-25.69889 Y40.04881
G01 X-25.69739 Y40.04856
G01 X-25.69995 Y40.02466
G01 X-25.69995 Y39.82504
G01 X-25.73000 Y39.79532
G01 X-25.69995 Y39.82504
G01 X-25.59998 Y39.82504
G01 X-25.57168 Y39.79629
G01 X-25.59998 Y39.82504
G01 X-25.59998 Y39.98752
G01 X-25.59696 Y40.02225
G01 X-25.58791 Y40.05593
G01 X-25.57318 Y40.08752
G01 X-25.55319 Y40.11607
G01 X-25.52855 Y40.14071
G01 X-25.49998 Y40.16073
G01 X-25.46838 Y40.17546
G01 X-25.43473 Y40.18447
G01 X-25.39998 Y40.18752
G01 X-25.27499 Y40.18752
G04 P0 ( dwell for no time -- G64 should not smooth over this point )
G00 Z5.00000 ( retract )

G00 X-26.68060 Y39.72501 ( rapid move to begin. )
G01 F150.00000
( Mill infeed pass 1/1 )
G01 Z-0.06000
G04 P0 ( dwell for no time -- G64 should not smooth over this point )
G01 F300.00000
G01 X-26.68060 Y39.72501
G01 X-26.99083 Y39.72501
G01 X-26.99833 Y39.74970
G01 X-27.00582 Y39.76781
G01 X-27.02893 Y39.81104
G01 X-27.03396 Y39.81945
G01 X-27.03983 Y39.82735
G01 X-27.07092 Y39.86522
G01 X-27.07750 Y39.87251
G01 X-27.08476 Y39.87909
G01 X-27.12266 Y39.91018
G01 X-27.13897 Y39.92108
G01 X-27.18217 Y39.94417
G01 X-27.19104 Y39.94838
G01 X-27.20028 Y39.95168
G01 X-27.24719 Y39.96591
G01 X-27.25669 Y39.96830
G01 X-27.26642 Y39.96972
G01 X-27.31519 Y39.97452
G01 X-27.32499 Y39.97500
G01 X-28.07496 Y39.97500
G01 X-28.07496 Y40.27500
G01 X-27.28006 Y40.27500
G01 X-27.19335 Y40.26616
G01 X-27.04839 Y40.21813
G01 X-26.91905 Y40.13835
G01 X-26.81164 Y40.03093
G01 X-26.73185 Y39.90160
G01 X-26.68382 Y39.75664
G01 X-26.68060 Y39.72501
G01 X-26.72888 Y39.77594
G01 X-26.81184 Y39.82501
G01 X-26.82309 Y39.85905
G01 X-26.89060 Y39.96847
G01 X-26.88979 Y39.96908
G01 X-26.89060 Y39.96847
G01 X-26.98151 Y40.05938
G01 X-26.98108 Y40.05991
G01 X-26.98151 Y40.05938
G01 X-27.09096 Y40.12689
G01 X-27.09068 Y40.12750
G01 X-27.09096 Y40.12689
G01 X-27.21440 Y40.16779
G01 X-27.21420 Y40.16898
G01 X-27.21440 Y40.16779
G01 X-27.28519 Y40.17500
G01 X-27.97496 Y40.17503
G01 X-28.00460 Y40.20492
G01 X-27.97496 Y40.17503
G01 X-27.97496 Y40.07503
G01 X-28.00427 Y40.04571
G01 X-27.97496 Y40.07503
G01 X-27.32499 Y40.07500
G01 X-27.30539 Y40.07406
G01 X-27.25662 Y40.06924
G01 X-27.21816 Y40.06159
G01 X-27.17125 Y40.04737
G01 X-27.15278 Y40.04076
G01 X-27.13503 Y40.03235
G01 X-27.09182 Y40.00927
G01 X-27.05921 Y39.98747
G01 X-27.02134 Y39.95638
G01 X-27.00678 Y39.94320
G01 X-26.99360 Y39.92867
G01 X-26.96251 Y39.89077
G01 X-26.95083 Y39.87503
G01 X-26.94074 Y39.85819
G01 X-26.92301 Y39.82501
G01 X-26.92914 Y39.81343
G01 X-26.92301 Y39.82501
G01 X-26.81184 Y39.82501
G04 P0 ( dwell for no time -- G64 should not smooth over this point )
G00 Z5.00000 ( retract )

G00 X-25.63437 Y38.42502 ( rapid move to begin. )
G01 F150.00000
( Mill infeed pass 1/1 )
G01 Z-0.06000
G04 P0 ( dwell for no time -- G64 should not smooth over this point )
G01 F300.00000
G01 X-25.63437 Y38.42502
G01 X-25.46759 Y38.42502
G01 X-25.43899 Y38.41636
G01 X-25.39998 Y38.41252
G01 X-25.27499 Y38.41252
G01 X-25.24692 Y38.43962
G01 X-25.27499 Y38.41252
G01 X-25.27499 Y38.31255
G01 X-25.24567 Y38.28323
G01 X-25.17499 Y38.21255
G01 X-25.44242 Y38.21252
G01 X-25.48418 Y38.21702
G01 X-25.59365 Y38.25786
G01 X-25.68573 Y38.32677
G01 X-25.75464 Y38.41882
G01 X-25.77829 Y38.48222
G01 X-25.79426 Y38.52504
G01 X-25.44743 Y38.52504
G01 X-25.43826 Y38.52011
G01 X-25.41949 Y38.51442
G01 X-25.39998 Y38.51252
G01 X-25.17499 Y38.51252
G01 X-25.17499 Y38.21255
G01 X-25.24567 Y38.28323
G01 X-25.27499 Y38.31255
G01 X-25.43704 Y38.31252
G01 X-25.43722 Y38.31138
G01 X-25.43704 Y38.31252
G01 X-25.46102 Y38.31511
G01 X-25.54522 Y38.34653
G01 X-25.54631 Y38.34458
G01 X-25.54522 Y38.34653
G01 X-25.61431 Y38.39822
G01 X-25.63437 Y38.42502
G01 X-25.77829 Y38.48222
G04 P0 ( dwell for no time -- G64 should not smooth over this point )
G00 Z5.00000 ( retract )

G00 X-26.68060 Y38.52502 ( rapid move to begin. )
G01 F150.00000
( Mill infeed pass 1/1 )
G01 Z-0.06000
G04 P0 ( dwell for no time -- G64 should not smooth over this point )
G01 F300.00000
G01 X-26.68060 Y38.52502
G01 X-26.99083 Y38.52502
G01 X-26.99833 Y38.50030
G01 X-27.00582 Y38.48219
G01 X-27.02893 Y38.43899
G01 X-27.03396 Y38.43055
G01 X-27.03983 Y38.42268
G01 X-27.07092 Y38.38481
G01 X-27.07750 Y38.37752
G01 X-27.08476 Y38.37094
G01 X-27.12266 Y38.33985
G01 X-27.13897 Y38.32895
G01 X-27.18217 Y38.30584
G01 X-27.19104 Y38.30165
G01 X-27.20028 Y38.29835
G01 X-27.24719 Y38.28412
G01 X-27.25669 Y38.28174
G01 X-27.26642 Y38.28029
G01 X-27.31519 Y38.27549
G01 X-27.32499 Y38.27500
G01 X-28.07496 Y38.27500
G01 X-28.07496 Y37.97503
G01 X-27.28006 Y37.97503
G01 X-27.19332 Y37.98387
G01 X-27.04839 Y38.03193
G01 X-26.91910 Y38.11166
G01 X-26.81164 Y38.21912
G01 X-26.73185 Y38.34846
G01 X-26.68382 Y38.49339
G01 X-26.68060 Y38.52502
G01 X-26.72888 Y38.47412
G01 X-26.81184 Y38.42502
G01 X-26.82309 Y38.39101
G01 X-26.89060 Y38.28158
G01 X-26.88979 Y38.28097
G01 X-26.89060 Y38.28158
G01 X-26.98151 Y38.19065
G01 X-26.98110 Y38.19012
G01 X-26.98151 Y38.19065
G01 X-27.09096 Y38.12316
G01 X-27.09068 Y38.12255
G01 X-27.09096 Y38.12316
G01 X-27.21438 Y38.08224
G01 X-27.21420 Y38.08105
G01 X-27.21438 Y38.08224
G01 X-27.28519 Y38.07503
G01 X-27.97496 Y38.07500
G01 X-28.00460 Y38.04511
G01 X-27.97496 Y38.07500
G01 X-27.97496 Y38.17500
G01 X-28.00427 Y38.20429
G01 X-27.97496 Y38.17500
G01 X-27.32499 Y38.17500
G01 X-27.30539 Y38.17597
G01 X-27.25662 Y38.18077
G01 X-27.21816 Y38.18842
G01 X-27.17125 Y38.20267
G01 X-27.15278 Y38.20927
G01 X-27.13503 Y38.21765
G01 X-27.09182 Y38.24077
G01 X-27.05921 Y38.26253
G01 X-27.02134 Y38.29362
G01 X-27.00678 Y38.30681
G01 X-26.99360 Y38.32136
G01 X-26.96251 Y38.35923
G01 X-26.95083 Y38.37500
G01 X-26.94074 Y38.39184
G01 X-26.92299 Y38.42502
G01 X-26.92914 Y38.43662
G01 X-26.92299 Y38.42502
G01 X-26.81184 Y38.42502
G04 P0 ( dwell for no time -- G64 should not smooth over this point )
G00 Z5.00000 ( retract )

G00 X-28.87498 Y40.07503 ( rapid move to begin. )
G01 F150.00000
( Mill infeed pass 1/1 )
G01 Z-0.06000
G04 P0 ( dwell for no time -- G64 should not smooth over this point )
G01 F300.00000
G01 X-28.87498 Y40.07503
G01 X-29.52499 Y40.07500
G01 X-29.54460 Y40.07406
G01 X-29.59337 Y40.06924
G01 X-29.63182 Y40.06159
G01 X-29.67871 Y40.04737
G01 X-29.69720 Y40.04076
G01 X-29.71493 Y40.03235
G01 X-29.75816 Y40.00927
G01 X-29.79075 Y39.98747
G01 X-29.82865 Y39.95638
G01 X-29.84318 Y39.94320
G01 X-29.85636 Y39.92867
G01 X-29.88745 Y39.89077
G01 X-29.89916 Y39.87503
G01 X-29.90924 Y39.85819
G01 X-29.93233 Y39.81496
G01 X-29.94734 Y39.77874
G01 X-29.96157 Y39.73185
G01 X-29.96921 Y39.69339
G01 X-29.97401 Y39.64462
G01 X-29.97498 Y39.62501
G01 X-29.97498 Y39.57503
G01 X-29.94871 Y39.54742
G01 X-29.97498 Y39.57503
G01 X-30.07495 Y39.57503
G01 X-30.10729 Y39.54412
G01 X-30.07495 Y39.57503
G01 X-30.07495 Y39.66489
G01 X-30.06774 Y39.73561
G01 X-30.06868 Y39.73578
G01 X-30.06774 Y39.73561
G01 X-30.02682 Y39.85908
G01 X-30.02745 Y39.85936
G01 X-30.02682 Y39.85908
G01 X-29.95931 Y39.96850
G01 X-29.95984 Y39.96893
G01 X-29.95931 Y39.96850
G01 X-29.86842 Y40.05938
G01 X-29.86886 Y40.05991
G01 X-29.86842 Y40.05938
G01 X-29.75900 Y40.12687
G01 X-29.75931 Y40.12750
G01 X-29.75900 Y40.12687
G01 X-29.63556 Y40.16779
G01 X-29.63568 Y40.16837
G01 X-29.63556 Y40.16779
G01 X-29.56477 Y40.17503
G01 X-28.87498 Y40.17503
G01 X-28.84567 Y40.20431
G01 X-28.87498 Y40.17503
G01 X-28.87498 Y40.07503
G01 X-28.84572 Y40.04582
G01 X-28.77498 Y39.97500
G01 X-28.77498 Y40.27500
G01 X-29.56990 Y40.27500
G01 X-29.65659 Y40.26616
G01 X-29.80155 Y40.21813
G01 X-29.93088 Y40.13835
G01 X-30.03830 Y40.03093
G01 X-30.11808 Y39.90160
G01 X-30.16611 Y39.75669
G01 X-30.17498 Y39.66987
G01 X-30.17495 Y39.47500
G01 X-29.87498 Y39.47500
G01 X-29.87498 Y39.62501
G01 X-29.87449 Y39.63482
G01 X-29.86969 Y39.68359
G01 X-29.86588 Y39.70281
G01 X-29.85166 Y39.74970
G01 X-29.84414 Y39.76781
G01 X-29.82105 Y39.81104
G01 X-29.81600 Y39.81945
G01 X-29.81016 Y39.82735
G01 X-29.77907 Y39.86522
G01 X-29.77246 Y39.87251
G01 X-29.76520 Y39.87909
G01 X-29.72733 Y39.91018
G01 X-29.71102 Y39.92108
G01 X-29.66779 Y39.94417
G01 X-29.65892 Y39.94838
G01 X-29.64968 Y39.95168
G01 X-29.60279 Y39.96591
G01 X-29.59327 Y39.96830
G01 X-29.58356 Y39.96972
G01 X-29.53480 Y39.97452
G01 X-29.52499 Y39.97500
G01 X-28.77498 Y39.97500
G04 P0 ( dwell for no time -- G64 should not smooth over this point )
G00 Z5.00000 ( retract )

G00 X-30.05722 Y38.48273 ( rapid move to begin. )
G01 F150.00000
( Mill infeed pass 1/1 )
G01 Z-0.06000
G04 P0 ( dwell for no time -- G64 should not smooth over this point )
G01 F300.00000
G01 X-30.05722 Y38.48273
G01 X-30.06774 Y38.51445
G01 X-30.07495 Y38.58516
G01 X-30.07495 Y38.67500
G01 X-30.11071 Y38.70764
G01 X-30.07495 Y38.67500
G01 X-29.97498 Y38.67500
G01 X-29.94836 Y38.70282
G01 X-29.97498 Y38.67500
G01 X-29.97498 Y38.62502
G01 X-29.97401 Y38.60541
G01 X-29.97048 Y38.56947
G01 X-29.96190 Y38.56611
G01 X-29.86248 Y38.53604
G01 X-30.09215 Y38.30640
G01 X-30.11808 Y38.34846
G01 X-30.16611 Y38.49337
G01 X-30.17498 Y38.58019
G01 X-30.17495 Y38.77500
G01 X-29.87498 Y38.77500
G01 X-29.87498 Y38.62502
G01 X-29.87449 Y38.61521
G01 X-29.86969 Y38.56644
G01 X-29.86588 Y38.54722
G01 X-29.86248 Y38.53604
G01 X-29.96190 Y38.56611
G01 X-29.97048 Y38.56947
G01 X-30.05722 Y38.48273
G01 X-30.10325 Y38.35534
G04 P0 ( dwell for no time -- G64 should not smooth over this point )
G00 Z5.00000 ( retract )

G00 X-31.14998 Y38.00002 ( rapid move to begin. )
G01 F150.00000
( Mill infeed pass 1/1 )
G01 Z-0.06000
G04 P0 ( dwell for no time -- G64 should not smooth over this point )
G01 F300.00000
G01 X-31.14998 Y38.00002
G01 X-31.25123 Y38.00002
G01 X-31.26494 Y37.98105
G01 X-31.25123 Y38.00002
G01 X-31.25384 Y38.02654
G01 X-31.26522 Y38.06406
G01 X-31.28369 Y38.09863
G01 X-31.30855 Y38.12893
G01 X-31.33888 Y38.15380
G01 X-31.37345 Y38.17229
G01 X-31.41097 Y38.18367
G01 X-31.44998 Y38.18750
G01 X-31.57497 Y38.18750
G01 X-31.60167 Y38.16279
G01 X-31.57497 Y38.18750
G01 X-31.57500 Y38.28750
G01 X-31.60477 Y38.31770
G01 X-31.57500 Y38.28750
G01 X-31.41287 Y38.28750
G01 X-31.38897 Y38.28494
G01 X-31.38869 Y38.28641
G01 X-31.38897 Y38.28494
G01 X-31.30472 Y38.25352
G01 X-31.30421 Y38.25443
G01 X-31.30472 Y38.25352
G01 X-31.23566 Y38.20183
G01 X-31.23492 Y38.20256
G01 X-31.23566 Y38.20183
G01 X-31.18394 Y38.13276
G01 X-31.18219 Y38.13360
G01 X-31.18394 Y38.13276
G01 X-31.15255 Y38.04856
G01 X-31.14998 Y38.02466
G01 X-31.14998 Y38.00002
G01 X-31.10015 Y37.96134
G01 X-31.04998 Y37.90002
G01 X-31.04998 Y38.03005
G01 X-31.05445 Y38.07173
G01 X-31.09527 Y38.18118
G01 X-31.16420 Y38.27328
G01 X-31.25631 Y38.34221
G01 X-31.36575 Y38.38303
G01 X-31.40751 Y38.38753
G01 X-31.67497 Y38.38750
G01 X-31.67497 Y38.08750
G01 X-31.44998 Y38.08750
G01 X-31.43047 Y38.08560
G01 X-31.41173 Y38.07991
G01 X-31.39443 Y38.07066
G01 X-31.37927 Y38.05822
G01 X-31.36685 Y38.04308
G01 X-31.35760 Y38.02578
G01 X-31.35191 Y38.00701
G01 X-31.34998 Y37.98750
G01 X-31.34998 Y37.90002
G01 X-31.04998 Y37.90002
G04 P0 ( dwell for no time -- G64 should not smooth over this point )
G00 Z5.00000 ( retract )

G00 X-31.04998 Y36.57000 ( rapid move to begin. )
G01 F150.00000
( Mill infeed pass 1/1 )
G01 Z-0.06000
G04 P0 ( dwell for no time -- G64 should not smooth over this point )
G01 F300.00000
G01 X-31.04998 Y36.57000
G01 X-31.05445 Y36.52832
G01 X-31.09527 Y36.41887
G01 X-31.16423 Y36.32677
G01 X-31.25628 Y36.25786
G01 X-31.36578 Y36.21702
G01 X-31.40751 Y36.21252
G01 X-31.67497 Y36.21255
G01 X-31.67497 Y36.51252
G01 X-31.44998 Y36.51252
G01 X-31.43047 Y36.51443
G01 X-31.41173 Y36.52012
G01 X-31.39443 Y36.52936
G01 X-31.37927 Y36.54181
G01 X-31.36685 Y36.55695
G01 X-31.35760 Y36.57425
G01 X-31.35191 Y36.59299
G01 X-31.34998 Y36.61252
G01 X-31.34998 Y36.70000
G01 X-31.04998 Y36.70000
G01 X-31.04998 Y36.57000
G01 X-31.12067 Y36.62931
G01 X-31.14998 Y36.60000
G01 X-31.25123 Y36.60000
G01 X-31.26494 Y36.61900
G01 X-31.25123 Y36.60000
G01 X-31.25384 Y36.57348
G01 X-31.26522 Y36.53597
G01 X-31.28369 Y36.50140
G01 X-31.30855 Y36.47110
G01 X-31.33888 Y36.44623
G01 X-31.37345 Y36.42774
G01 X-31.41097 Y36.41636
G01 X-31.44998 Y36.41252
G01 X-31.57497 Y36.41252
G01 X-31.60345 Y36.44031
G01 X-31.57497 Y36.41252
G01 X-31.57500 Y36.31255
G01 X-31.60477 Y36.28235
G01 X-31.57500 Y36.31255
G01 X-31.41287 Y36.31255
G01 X-31.38897 Y36.31512
G01 X-31.38869 Y36.31364
G01 X-31.38897 Y36.31512
G01 X-31.30472 Y36.34653
G01 X-31.30421 Y36.34562
G01 X-31.30472 Y36.34653
G01 X-31.23566 Y36.39822
G01 X-31.23492 Y36.39749
G01 X-31.23566 Y36.39822
G01 X-31.18394 Y36.46729
G01 X-31.18267 Y36.46663
G01 X-31.18394 Y36.46729
G01 X-31.15255 Y36.55149
G01 X-31.14998 Y36.57539
G01 X-31.14881 Y36.57521
G01 X-31.14998 Y36.57539
G01 X-31.14998 Y36.60000
G04 P0 ( dwell for no time -- G64 should not smooth over this point )
G00 Z5.00000 ( retract )

G00 X-32.37497 Y38.08750 ( rapid move to begin. )
G01 F150.00000
( Mill infeed pass 1/1 )
G01 Z-0.06000
G04 P0 ( dwell for no time -- G64 should not smooth over this point )
G01 F300.00000
G01 X-32.37497 Y38.08750
G01 X-32.59999 Y38.08750
G01 X-32.61736 Y38.08600
G01 X-32.63418 Y38.08148
G01 X-32.64998 Y38.07412
G01 X-32.66428 Y38.06411
G01 X-32.67660 Y38.05179
G01 X-32.68658 Y38.03751
G01 X-32.69395 Y38.02172
G01 X-32.69847 Y38.00488
G01 X-32.69999 Y37.98750
G01 X-32.69999 Y37.72504
G01 X-32.99996 Y37.72504
G01 X-32.99999 Y38.03000
G01 X-32.99549 Y38.07173
G01 X-32.95468 Y38.18120
G01 X-32.88572 Y38.27328
G01 X-32.79364 Y38.34221
G01 X-32.68419 Y38.38303
G01 X-32.64243 Y38.38753
G01 X-32.37500 Y38.38750
G01 X-32.37497 Y38.08750
G01 X-32.44637 Y38.15943
G01 X-32.47497 Y38.18750
G01 X-32.47497 Y38.28750
G01 X-32.44520 Y38.31770
G01 X-32.47497 Y38.28750
G01 X-32.63707 Y38.28750
G01 X-32.66098 Y38.28494
G01 X-32.66126 Y38.28641
G01 X-32.66098 Y38.28494
G01 X-32.74523 Y38.25352
G01 X-32.74574 Y38.25443
G01 X-32.74523 Y38.25352
G01 X-32.81429 Y38.20183
G01 X-32.81500 Y38.20256
G01 X-32.81429 Y38.20183
G01 X-32.86601 Y38.13276
G01 X-32.86689 Y38.13327
G01 X-32.86601 Y38.13276
G01 X-32.89740 Y38.04856
G01 X-32.89890 Y38.04884
G01 X-32.89740 Y38.04856
G01 X-32.89996 Y38.02464
G01 X-32.89996 Y37.82504
G01 X-32.93001 Y37.79535
G01 X-32.89996 Y37.82504
G01 X-32.79999 Y37.82504
G01 X-32.77167 Y37.79629
G01 X-32.79999 Y37.82504
G01 X-32.79999 Y37.98750
G01 X-32.79694 Y38.02225
G01 X-32.78793 Y38.05590
G01 X-32.77319 Y38.08750
G01 X-32.75320 Y38.11608
G01 X-32.72854 Y38.14071
G01 X-32.69999 Y38.16073
G01 X-32.66839 Y38.17546
G01 X-32.63471 Y38.18448
G01 X-32.59999 Y38.18750
G01 X-32.47497 Y38.18750
G04 P0 ( dwell for no time -- G64 should not smooth over this point )
G00 Z5.00000 ( retract )

G00 X-33.88061 Y37.72504 ( rapid move to begin. )
G01 F150.00000
( Mill infeed pass 1/1 )
G01 Z-0.06000
G04 P0 ( dwell for no time -- G64 should not smooth over this point )
G01 F300.00000
G01 X-33.88061 Y37.72504
G01 X-34.19084 Y37.72504
G01 X-34.19831 Y37.74971
G01 X-34.20583 Y37.76782
G01 X-34.22892 Y37.81105
G01 X-34.23397 Y37.81946
G01 X-34.23981 Y37.82735
G01 X-34.27090 Y37.86523
G01 X-34.27751 Y37.87249
G01 X-34.28477 Y37.87909
G01 X-34.32264 Y37.91018
G01 X-34.33895 Y37.92108
G01 X-34.38218 Y37.94417
G01 X-34.39105 Y37.94836
G01 X-34.40029 Y37.95169
G01 X-34.44718 Y37.96591
G01 X-34.45671 Y37.96830
G01 X-34.46641 Y37.96972
G01 X-34.51518 Y37.97452
G01 X-34.52498 Y37.97501
G01 X-35.27497 Y37.97501
G01 X-35.27497 Y38.27503
G01 X-34.48012 Y38.27500
G01 X-34.39336 Y38.26617
G01 X-34.24840 Y38.21813
G01 X-34.11906 Y38.13835
G01 X-34.01162 Y38.03091
G01 X-33.93187 Y37.90160
G01 X-33.88383 Y37.75667
G01 X-33.88061 Y37.72504
G01 X-33.92889 Y37.77595
G01 X-34.01185 Y37.82504
G01 X-34.02310 Y37.85905
G01 X-34.09062 Y37.96848
G01 X-34.08980 Y37.96909
G01 X-34.09062 Y37.96848
G01 X-34.18152 Y38.05938
G01 X-34.18109 Y38.05992
G01 X-34.18152 Y38.05938
G01 X-34.29094 Y38.12690
G01 X-34.29067 Y38.12751
G01 X-34.29094 Y38.12690
G01 X-34.41439 Y38.16779
G01 X-34.41426 Y38.16838
G01 X-34.41439 Y38.16779
G01 X-34.48518 Y38.17516
G01 X-35.17497 Y38.17503
G01 X-35.20428 Y38.20432
G01 X-35.17497 Y38.17503
G01 X-35.17497 Y38.07500
G01 X-35.20428 Y38.04572
G01 X-35.17497 Y38.07500
G01 X-34.52498 Y38.07500
G01 X-34.50537 Y38.07404
G01 X-34.45660 Y38.06924
G01 X-34.41815 Y38.06159
G01 X-34.37126 Y38.04737
G01 X-34.35277 Y38.04077
G01 X-34.33504 Y38.03236
G01 X-34.29181 Y38.00927
G01 X-34.25922 Y37.98748
G01 X-34.22132 Y37.95639
G01 X-34.20679 Y37.94320
G01 X-34.19361 Y37.92868
G01 X-34.16252 Y37.89078
G01 X-34.15084 Y37.87503
G01 X-34.14073 Y37.85819
G01 X-34.12303 Y37.82504
G01 X-34.12915 Y37.81344
G01 X-34.12303 Y37.82504
G01 X-34.01185 Y37.82504
G04 P0 ( dwell for no time -- G64 should not smooth over this point )
G00 Z5.00000 ( retract )

G00 X-32.83436 Y36.42505 ( rapid move to begin. )
G01 F150.00000
( Mill infeed pass 1/1 )
G01 Z-0.06000
G04 P0 ( dwell for no time -- G64 should not smooth over this point )
G01 F300.00000
G01 X-32.83436 Y36.42505
G01 X-32.66938 Y36.42510
G01 X-32.66839 Y36.42456
G01 X-32.63471 Y36.41555
G01 X-32.59999 Y36.41252
G01 X-32.47497 Y36.41252
G01 X-32.44792 Y36.43787
G01 X-32.37497 Y36.51252
G01 X-32.59999 Y36.51252
G01 X-32.61736 Y36.51402
G01 X-32.63418 Y36.51854
G01 X-32.64812 Y36.52505
G01 X-32.99427 Y36.52505
G01 X-32.97705 Y36.47889
G01 X-32.95468 Y36.41885
G01 X-32.88572 Y36.32677
G01 X-32.79367 Y36.25786
G01 X-32.68417 Y36.21702
G01 X-32.64243 Y36.21252
G01 X-32.37500 Y36.21255
G01 X-32.37497 Y36.51252
G01 X-32.44792 Y36.43787
G01 X-32.47497 Y36.41252
G01 X-32.47497 Y36.31255
G01 X-32.44520 Y36.28235
G01 X-32.47497 Y36.31255
G01 X-32.63707 Y36.31255
G01 X-32.66098 Y36.31512
G01 X-32.66126 Y36.31364
G01 X-32.66098 Y36.31512
G01 X-32.74523 Y36.34653
G01 X-32.74612 Y36.34509
G01 X-32.74523 Y36.34653
G01 X-32.81429 Y36.39822
G01 X-32.83436 Y36.42505
G01 X-32.97705 Y36.47889
G04 P0 ( dwell for no time -- G64 should not smooth over this point )
G00 Z5.00000 ( retract )

G00 X-33.88061 Y36.52502 ( rapid move to begin. )
G01 F150.00000
( Mill infeed pass 1/1 )
G01 Z-0.06000
G04 P0 ( dwell for no time -- G64 should not smooth over this point )
G01 F300.00000
G01 X-33.88061 Y36.52502
G01 X-34.19082 Y36.52502
G01 X-34.19831 Y36.50031
G01 X-34.20583 Y36.48220
G01 X-34.22892 Y36.43899
G01 X-34.23397 Y36.43056
G01 X-34.23981 Y36.42268
G01 X-34.27090 Y36.38479
G01 X-34.27751 Y36.37752
G01 X-34.28477 Y36.37094
G01 X-34.32264 Y36.33985
G01 X-34.33895 Y36.32896
G01 X-34.38218 Y36.30584
G01 X-34.39105 Y36.30165
G01 X-34.40029 Y36.29835
G01 X-34.44718 Y36.28413
G01 X-34.45671 Y36.28174
G01 X-34.46641 Y36.28029
G01 X-34.51518 Y36.27549
G01 X-34.52498 Y36.27501
G01 X-35.27497 Y36.27501
G01 X-35.27497 Y35.97503
G01 X-34.48010 Y35.97503
G01 X-34.39336 Y35.98387
G01 X-34.24837 Y36.03193
G01 X-34.11906 Y36.11166
G01 X-34.01162 Y36.21913
G01 X-33.93187 Y36.34849
G01 X-33.88383 Y36.49337
G01 X-33.88061 Y36.52502
G01 X-33.92889 Y36.47409
G01 X-34.01185 Y36.42502
G01 X-34.02310 Y36.39104
G01 X-34.09062 Y36.28156
G01 X-34.08980 Y36.28095
G01 X-34.09062 Y36.28156
G01 X-34.18152 Y36.19066
G01 X-34.18109 Y36.19012
G01 X-34.18152 Y36.19066
G01 X-34.29094 Y36.12317
G01 X-34.29064 Y36.12256
G01 X-34.29094 Y36.12317
G01 X-34.41441 Y36.08225
G01 X-34.41429 Y36.08166
G01 X-34.41441 Y36.08225
G01 X-34.48518 Y36.07488
G01 X-35.17497 Y36.07503
G01 X-35.20428 Y36.04572
G01 X-35.17497 Y36.07503
G01 X-35.17497 Y36.17501
G01 X-35.20428 Y36.20430
G01 X-35.17497 Y36.17501
G01 X-34.52498 Y36.17501
G01 X-34.50537 Y36.17597
G01 X-34.45660 Y36.18077
G01 X-34.41815 Y36.18842
G01 X-34.37126 Y36.20264
G01 X-34.35277 Y36.20927
G01 X-34.33504 Y36.21766
G01 X-34.29181 Y36.24077
G01 X-34.25922 Y36.26254
G01 X-34.22132 Y36.29363
G01 X-34.20679 Y36.30681
G01 X-34.19361 Y36.32136
G01 X-34.16252 Y36.35923
G01 X-34.15084 Y36.37501
G01 X-34.14073 Y36.39185
G01 X-34.12300 Y36.42502
G01 X-34.12912 Y36.43663
G01 X-34.12300 Y36.42502
G01 X-34.01185 Y36.42502
G04 P0 ( dwell for no time -- G64 should not smooth over this point )
G00 Z5.00000 ( retract )

G00 X-36.07499 Y38.07500 ( rapid move to begin. )
G01 F150.00000
( Mill infeed pass 1/1 )
G01 Z-0.06000
G04 P0 ( dwell for no time -- G64 should not smooth over this point )
G01 F300.00000
G01 X-36.07499 Y38.07500
G01 X-36.72498 Y38.07500
G01 X-36.74458 Y38.07404
G01 X-36.79335 Y38.06924
G01 X-36.83181 Y38.06159
G01 X-36.87872 Y38.04737
G01 X-36.89719 Y38.04077
G01 X-36.91494 Y38.03236
G01 X-36.95815 Y38.00927
G01 X-36.99076 Y37.98748
G01 X-37.02863 Y37.95639
G01 X-37.04319 Y37.94320
G01 X-37.05637 Y37.92868
G01 X-37.08746 Y37.89078
G01 X-37.09914 Y37.87503
G01 X-37.10923 Y37.85819
G01 X-37.13234 Y37.81496
G01 X-37.14735 Y37.77874
G01 X-37.16158 Y37.73185
G01 X-37.16922 Y37.69340
G01 X-37.17402 Y37.64463
G01 X-37.17499 Y37.62502
G01 X-37.17499 Y37.57501
G01 X-37.15081 Y37.54867
G01 X-37.17499 Y37.57501
G01 X-37.27496 Y37.57503
G01 X-37.30730 Y37.54412
G01 X-37.27496 Y37.57503
G01 X-37.27499 Y37.66482
G01 X-37.26775 Y37.73561
G01 X-37.26869 Y37.73579
G01 X-37.26775 Y37.73561
G01 X-37.22685 Y37.85905
G01 X-37.22746 Y37.85933
G01 X-37.22685 Y37.85905
G01 X-37.15934 Y37.96848
G01 X-37.15987 Y37.96891
G01 X-37.15934 Y37.96848
G01 X-37.06843 Y38.05938
G01 X-37.06884 Y38.05992
G01 X-37.06843 Y38.05938
G01 X-36.95899 Y38.12690
G01 X-36.95929 Y38.12751
G01 X-36.95899 Y38.12690
G01 X-36.83554 Y38.16779
G01 X-36.83567 Y38.16838
G01 X-36.83554 Y38.16779
G01 X-36.76475 Y38.17500
G01 X-36.07499 Y38.17503
G01 X-36.04568 Y38.20432
G01 X-36.07499 Y38.17503
G01 X-36.07499 Y38.07500
G01 X-36.04568 Y38.04572
G01 X-35.97499 Y37.97501
G01 X-35.97499 Y38.27503
G01 X-36.76981 Y38.27500
G01 X-36.85660 Y38.26617
G01 X-37.00153 Y38.21813
G01 X-37.13087 Y38.13835
G01 X-37.23831 Y38.03094
G01 X-37.31809 Y37.90160
G01 X-37.36612 Y37.75667
G01 X-37.37496 Y37.66993
G01 X-37.37496 Y37.47501
G01 X-37.07499 Y37.47501
G01 X-37.07499 Y37.62502
G01 X-37.07451 Y37.63482
G01 X-37.06970 Y37.68359
G01 X-37.06587 Y37.70282
G01 X-37.05165 Y37.74971
G01 X-37.04415 Y37.76782
G01 X-37.02104 Y37.81105
G01 X-37.01601 Y37.81946
G01 X-37.01017 Y37.82735
G01 X-36.97905 Y37.86523
G01 X-36.97247 Y37.87249
G01 X-36.96521 Y37.87909
G01 X-36.92731 Y37.91018
G01 X-36.91103 Y37.92108
G01 X-36.86780 Y37.94417
G01 X-36.85894 Y37.94836
G01 X-36.84969 Y37.95169
G01 X-36.80278 Y37.96591
G01 X-36.79328 Y37.96830
G01 X-36.78357 Y37.96972
G01 X-36.73478 Y37.97452
G01 X-36.72498 Y37.97501
G01 X-35.97499 Y37.97501
G04 P0 ( dwell for no time -- G64 should not smooth over this point )
G00 Z5.00000 ( retract )

G00 X-37.25723 Y36.48270 ( rapid move to begin. )
G01 F150.00000
( Mill infeed pass 1/1 )
G01 Z-0.06000
G04 P0 ( dwell for no time -- G64 should not smooth over this point )
G01 F300.00000
G01 X-37.25723 Y36.48270
G01 X-37.26775 Y36.51443
G01 X-37.27496 Y36.58524
G01 X-37.27534 Y36.58519
G01 X-37.27496 Y36.58524
G01 X-37.27496 Y36.67501
G01 X-37.30427 Y36.70432
G01 X-37.27496 Y36.67501
G01 X-37.17499 Y36.67501
G01 X-37.14834 Y36.70282
G01 X-37.17499 Y36.67501
G01 X-37.17499 Y36.62502
G01 X-37.17402 Y36.60541
G01 X-37.17049 Y36.56947
G01 X-37.16188 Y36.56612
G01 X-37.06249 Y36.53604
G01 X-37.29213 Y36.30638
G01 X-37.31809 Y36.34847
G01 X-37.36612 Y36.49337
G01 X-37.37496 Y36.58011
G01 X-37.37496 Y36.77501
G01 X-37.07499 Y36.77501
G01 X-37.07499 Y36.62502
G01 X-37.07451 Y36.61522
G01 X-37.06970 Y36.56645
G01 X-37.06587 Y36.54722
G01 X-37.06249 Y36.53604
G01 X-37.16188 Y36.56612
G01 X-37.17049 Y36.56947
G01 X-37.25723 Y36.48270
G01 X-37.29267 Y36.37097
G04 P0 ( dwell for no time -- G64 should not smooth over this point )
G00 Z5.00000 ( retract )

G00 X-38.24997 Y36.03000 ( rapid move to begin. )
G01 F150.00000
( Mill infeed pass 1/1 )
G01 Z-0.06000
G04 P0 ( dwell for no time -- G64 should not smooth over this point )
G01 F300.00000
G01 X-38.24997 Y36.03000
G01 X-38.25446 Y36.07173
G01 X-38.29531 Y36.18118
G01 X-38.36422 Y36.27328
G01 X-38.45632 Y36.34222
G01 X-38.56577 Y36.38303
G01 X-38.60750 Y36.38753
G01 X-38.87496 Y36.38751
G01 X-38.87496 Y36.08751
G01 X-38.64999 Y36.08751
G01 X-38.63048 Y36.08560
G01 X-38.61171 Y36.07991
G01 X-38.59444 Y36.07067
G01 X-38.57928 Y36.05822
G01 X-38.56683 Y36.04308
G01 X-38.55761 Y36.02578
G01 X-38.55190 Y36.00701
G01 X-38.54999 Y35.98751
G01 X-38.54999 Y35.90000
G01 X-38.24999 Y35.90000
G01 X-38.24997 Y36.03000
G01 X-38.30016 Y35.96134
G01 X-38.34999 Y36.00003
G01 X-38.34999 Y36.02464
G01 X-38.35256 Y36.04854
G01 X-38.38398 Y36.13277
G01 X-38.38220 Y36.13363
G01 X-38.38398 Y36.13277
G01 X-38.43567 Y36.20183
G01 X-38.43493 Y36.20257
G01 X-38.43567 Y36.20183
G01 X-38.50473 Y36.25352
G01 X-38.50422 Y36.25443
G01 X-38.50473 Y36.25352
G01 X-38.58893 Y36.28494
G01 X-38.58868 Y36.28641
G01 X-38.58893 Y36.28494
G01 X-38.61291 Y36.28753
G01 X-38.77498 Y36.28751
G01 X-38.80475 Y36.31771
G01 X-38.77498 Y36.28751
G01 X-38.77496 Y36.18751
G01 X-38.80343 Y36.15972
G01 X-38.77496 Y36.18751
G01 X-38.64999 Y36.18751
G01 X-38.61098 Y36.18367
G01 X-38.57346 Y36.17229
G01 X-38.53887 Y36.15380
G01 X-38.50856 Y36.12893
G01 X-38.48370 Y36.09863
G01 X-38.46521 Y36.06406
G01 X-38.45383 Y36.02652
G01 X-38.45121 Y36.00000
G01 X-38.46495 Y35.98103
G01 X-38.45121 Y36.00000
G01 X-38.34999 Y36.00003
G04 P0 ( dwell for no time -- G64 should not smooth over this point )
G00 Z5.00000 ( retract )

G00 X-39.67496 Y36.18751 ( rapid move to begin. )
G01 F150.00000
( Mill infeed pass 1/1 )
G01 Z-0.06000
G04 P0 ( dwell for no time -- G64 should not smooth over this point )
G01 F300.00000
G01 X-39.67496 Y36.18751
G01 X-39.79998 Y36.18751
G01 X-39.83472 Y36.18448
G01 X-39.86840 Y36.17544
G01 X-39.89998 Y36.16071
G01 X-39.92855 Y36.14072
G01 X-39.95319 Y36.11608
G01 X-39.97320 Y36.08751
G01 X-39.98794 Y36.05591
G01 X-39.99695 Y36.02225
G01 X-39.99998 Y35.98751
G01 X-39.99998 Y35.82505
G01 X-39.97168 Y35.79629
G01 X-39.99998 Y35.82505
G01 X-40.09995 Y35.82505
G01 X-40.13000 Y35.79533
G01 X-40.09995 Y35.82505
G01 X-40.09995 Y36.02464
G01 X-40.09738 Y36.04854
G01 X-40.09888 Y36.04882
G01 X-40.09738 Y36.04854
G01 X-40.06597 Y36.13279
G01 X-40.06688 Y36.13330
G01 X-40.06597 Y36.13279
G01 X-40.01430 Y36.20183
G01 X-40.01504 Y36.20257
G01 X-40.01430 Y36.20183
G01 X-39.94521 Y36.25352
G01 X-39.94572 Y36.25443
G01 X-39.94521 Y36.25352
G01 X-39.86101 Y36.28494
G01 X-39.86127 Y36.28641
G01 X-39.86101 Y36.28494
G01 X-39.83703 Y36.28753
G01 X-39.67496 Y36.28751
G01 X-39.64519 Y36.31771
G01 X-39.67496 Y36.28751
G01 X-39.67496 Y36.18751
G01 X-39.64636 Y36.15944
G01 X-39.57498 Y36.08751
G01 X-39.57498 Y36.38751
G01 X-39.84245 Y36.38753
G01 X-39.88418 Y36.38303
G01 X-39.99363 Y36.34222
G01 X-40.08573 Y36.27328
G01 X-40.15466 Y36.18121
G01 X-40.19548 Y36.07173
G01 X-40.19998 Y36.03000
G01 X-40.19995 Y35.72505
G01 X-39.89998 Y35.72505
G01 X-39.89998 Y35.98751
G01 X-39.89848 Y36.00488
G01 X-39.89396 Y36.02172
G01 X-39.88659 Y36.03752
G01 X-39.87658 Y36.05179
G01 X-39.86426 Y36.06411
G01 X-39.84999 Y36.07412
G01 X-39.83419 Y36.08149
G01 X-39.81735 Y36.08598
G01 X-39.79998 Y36.08751
G01 X-39.57498 Y36.08751
G04 P0 ( dwell for no time -- G64 should not smooth over this point )
G00 Z5.00000 ( retract )

G00 X-38.24997 Y34.57006 ( rapid move to begin. )
G01 F150.00000
( Mill infeed pass 1/1 )
G01 Z-0.06000
G04 P0 ( dwell for no time -- G64 should not smooth over this point )
G01 F300.00000
G01 X-38.24997 Y34.57006
G01 X-38.25446 Y34.52833
G01 X-38.29531 Y34.41885
G01 X-38.36422 Y34.32678
G01 X-38.45629 Y34.25787
G01 X-38.56579 Y34.21700
G01 X-38.60750 Y34.21250
G01 X-38.87496 Y34.21253
G01 X-38.87496 Y34.51250
G01 X-38.64999 Y34.51250
G01 X-38.63048 Y34.51443
G01 X-38.61171 Y34.52012
G01 X-38.59444 Y34.52937
G01 X-38.57928 Y34.54181
G01 X-38.56683 Y34.55695
G01 X-38.55761 Y34.57425
G01 X-38.55190 Y34.59300
G01 X-38.54999 Y34.61250
G01 X-38.54999 Y34.70001
G01 X-38.24999 Y34.70001
G01 X-38.24997 Y34.57006
G01 X-38.30016 Y34.63869
G01 X-38.34999 Y34.60001
G01 X-38.34999 Y34.57542
G01 X-38.35256 Y34.55152
G01 X-38.38398 Y34.46727
G01 X-38.38220 Y34.46640
G01 X-38.38398 Y34.46727
G01 X-38.43564 Y34.39823
G01 X-38.43490 Y34.39752
G01 X-38.43564 Y34.39823
G01 X-38.50475 Y34.34651
G01 X-38.50425 Y34.34560
G01 X-38.50475 Y34.34651
G01 X-38.58896 Y34.31509
G01 X-38.58868 Y34.31362
G01 X-38.58896 Y34.31509
G01 X-38.61286 Y34.31253
G01 X-38.77498 Y34.31253
G01 X-38.80475 Y34.28233
G01 X-38.77498 Y34.31253
G01 X-38.77498 Y34.41250
G01 X-38.80343 Y34.44032
G01 X-38.77498 Y34.41250
G01 X-38.64999 Y34.41250
G01 X-38.61098 Y34.41636
G01 X-38.57346 Y34.42774
G01 X-38.53887 Y34.44621
G01 X-38.50856 Y34.47110
G01 X-38.48370 Y34.50140
G01 X-38.46521 Y34.53597
G01 X-38.45383 Y34.57349
G01 X-38.45121 Y34.60001
G01 X-38.46495 Y34.61900
G01 X-38.45121 Y34.60001
G01 X-38.34999 Y34.60001
G04 P0 ( dwell for no time -- G64 should not smooth over this point )
G00 Z5.00000 ( retract )

G00 X-40.03437 Y34.42505 ( rapid move to begin. )
G01 F150.00000
( Mill infeed pass 1/1 )
G01 Z-0.06000
G04 P0 ( dwell for no time -- G64 should not smooth over this point )
G01 F300.00000
G01 X-40.03437 Y34.42505
G01 X-39.86937 Y34.42508
G01 X-39.86840 Y34.42457
G01 X-39.83472 Y34.41555
G01 X-39.80000 Y34.41250
G01 X-39.67498 Y34.41250
G01 X-39.64793 Y34.43788
G01 X-39.67498 Y34.41250
G01 X-39.67496 Y34.31253
G01 X-39.64519 Y34.28233
G01 X-39.57498 Y34.21253
G01 X-39.84242 Y34.21250
G01 X-39.88415 Y34.21700
G01 X-39.99365 Y34.25787
G01 X-40.08573 Y34.32678
G01 X-40.15466 Y34.41885
G01 X-40.17704 Y34.47890
G01 X-40.19426 Y34.52505
G01 X-39.84811 Y34.52502
G01 X-39.83419 Y34.51855
G01 X-39.81735 Y34.51403
G01 X-39.79998 Y34.51250
G01 X-39.57498 Y34.51250
G01 X-39.57498 Y34.21253
G01 X-39.64519 Y34.28233
G01 X-39.67496 Y34.31253
G01 X-39.83703 Y34.31250
G01 X-39.86099 Y34.31509
G01 X-39.86127 Y34.31362
G01 X-39.86099 Y34.31509
G01 X-39.94519 Y34.34651
G01 X-39.94605 Y34.34507
G01 X-39.94519 Y34.34651
G01 X-40.01430 Y34.39823
G01 X-40.03437 Y34.42505
G01 X-40.17704 Y34.47890
G04 P0 ( dwell for no time -- G64 should not smooth over this point )
G00 Z5.00000 ( retract )

G00 X-41.08059 Y34.52505 ( rapid move to begin. )
G01 F150.00000
( Mill infeed pass 1/1 )
G01 Z-0.06000
G04 P0 ( dwell for no time -- G64 should not smooth over this point )
G01 F300.00000
G01 X-41.08059 Y34.52505
G01 X-41.39083 Y34.52502
G01 X-41.39832 Y34.50031
G01 X-41.40582 Y34.48220
G01 X-41.42893 Y34.43897
G01 X-41.43398 Y34.43056
G01 X-41.43983 Y34.42269
G01 X-41.47092 Y34.38479
G01 X-41.47749 Y34.37753
G01 X-41.48478 Y34.37092
G01 X-41.52266 Y34.33983
G01 X-41.53896 Y34.32896
G01 X-41.58217 Y34.30585
G01 X-41.59106 Y34.30166
G01 X-41.60028 Y34.29836
G01 X-41.64719 Y34.28413
G01 X-41.65672 Y34.28174
G01 X-41.66642 Y34.28030
G01 X-41.71519 Y34.27550
G01 X-41.72499 Y34.27501
G01 X-42.47495 Y34.27501
G01 X-42.47495 Y33.97504
G01 X-41.68006 Y33.97504
G01 X-41.59332 Y33.98388
G01 X-41.44841 Y34.03191
G01 X-41.31910 Y34.11167
G01 X-41.21163 Y34.21911
G01 X-41.13188 Y34.34847
G01 X-41.08382 Y34.49338
G01 X-41.08059 Y34.52505
G01 X-41.12890 Y34.47410
G01 X-41.21184 Y34.42502
G01 X-41.22314 Y34.39099
G01 X-41.29060 Y34.28157
G01 X-41.28979 Y34.28098
G01 X-41.29060 Y34.28157
G01 X-41.38153 Y34.19066
G01 X-41.38110 Y34.19013
G01 X-41.38153 Y34.19066
G01 X-41.49098 Y34.12315
G01 X-41.49068 Y34.12254
G01 X-41.49098 Y34.12315
G01 X-41.61437 Y34.08225
G01 X-41.61425 Y34.08167
G01 X-41.61437 Y34.08225
G01 X-41.68516 Y34.07489
G01 X-42.37495 Y34.07504
G01 X-42.40426 Y34.04573
G01 X-42.37495 Y34.07504
G01 X-42.37495 Y34.17501
G01 X-42.40426 Y34.20430
G01 X-42.37495 Y34.17501
G01 X-41.72499 Y34.17501
G01 X-41.70538 Y34.17598
G01 X-41.65661 Y34.18078
G01 X-41.61816 Y34.18842
G01 X-41.57127 Y34.20265
G01 X-41.55278 Y34.20928
G01 X-41.53502 Y34.21766
G01 X-41.49182 Y34.24077
G01 X-41.45921 Y34.26254
G01 X-41.42133 Y34.29363
G01 X-41.40678 Y34.30681
G01 X-41.39360 Y34.32137
G01 X-41.36251 Y34.35924
G01 X-41.35082 Y34.37501
G01 X-41.34074 Y34.39185
G01 X-41.32299 Y34.42505
G01 X-41.32913 Y34.43663
G01 X-41.32299 Y34.42505
G01 X-41.21184 Y34.42502
G04 P0 ( dwell for no time -- G64 should not smooth over this point )
G00 Z5.00000 ( retract )

G00 X-41.08059 Y35.72502 ( rapid move to begin. )
G01 F150.00000
( Mill infeed pass 1/1 )
G01 Z-0.06000
G04 P0 ( dwell for no time -- G64 should not smooth over this point )
G01 F300.00000
G01 X-41.08059 Y35.72502
G01 X-41.39083 Y35.72505
G01 X-41.39832 Y35.74971
G01 X-41.40582 Y35.76782
G01 X-41.42893 Y35.81105
G01 X-41.43398 Y35.81946
G01 X-41.43983 Y35.82733
G01 X-41.47092 Y35.86523
G01 X-41.47749 Y35.87249
G01 X-41.48478 Y35.87910
G01 X-41.52266 Y35.91019
G01 X-41.53896 Y35.92106
G01 X-41.58217 Y35.94417
G01 X-41.59106 Y35.94836
G01 X-41.60028 Y35.95167
G01 X-41.64719 Y35.96589
G01 X-41.65672 Y35.96828
G01 X-41.66642 Y35.96973
G01 X-41.71519 Y35.97453
G01 X-41.72499 Y35.97501
G01 X-42.47495 Y35.97501
G01 X-42.47495 Y36.27503
G01 X-41.68014 Y36.27501
G01 X-41.59334 Y36.26617
G01 X-41.44839 Y36.21814
G01 X-41.31907 Y36.13836
G01 X-41.21163 Y36.03091
G01 X-41.13188 Y35.90158
G01 X-41.08382 Y35.75667
G01 X-41.08059 Y35.72502
G01 X-41.12893 Y35.77597
G01 X-41.21186 Y35.82505
G01 X-41.22314 Y35.85906
G01 X-41.29060 Y35.96848
G01 X-41.28979 Y35.96909
G01 X-41.29060 Y35.96848
G01 X-41.38153 Y36.05939
G01 X-41.38110 Y36.05992
G01 X-41.38153 Y36.05939
G01 X-41.49096 Y36.12690
G01 X-41.49065 Y36.12751
G01 X-41.49096 Y36.12690
G01 X-41.61440 Y36.16780
G01 X-41.61420 Y36.16899
G01 X-41.61440 Y36.16780
G01 X-41.68519 Y36.17501
G01 X-42.37495 Y36.17503
G01 X-42.40459 Y36.20493
G01 X-42.37495 Y36.17503
G01 X-42.37495 Y36.07501
G01 X-42.40426 Y36.04572
G01 X-42.37495 Y36.07501
G01 X-41.72499 Y36.07501
G01 X-41.70538 Y36.07404
G01 X-41.65661 Y36.06924
G01 X-41.61816 Y36.06160
G01 X-41.57127 Y36.04737
G01 X-41.55278 Y36.04077
G01 X-41.53502 Y36.03236
G01 X-41.49182 Y36.00927
G01 X-41.45921 Y35.98748
G01 X-41.42133 Y35.95639
G01 X-41.40678 Y35.94321
G01 X-41.39360 Y35.92868
G01 X-41.36251 Y35.89078
G01 X-41.35082 Y35.87501
G01 X-41.34074 Y35.85819
G01 X-41.32301 Y35.82505
G01 X-41.32916 Y35.81344
G01 X-41.32301 Y35.82505
G01 X-41.21186 Y35.82505
G04 P0 ( dwell for no time -- G64 should not smooth over this point )
G00 Z5.00000 ( retract )

G00 X-43.17498 Y35.97501 ( rapid move to begin. )
G01 F150.00000
( Mill infeed pass 1/1 )
G01 Z-0.06000
G04 P0 ( dwell for no time -- G64 should not smooth over this point )
G01 F300.00000
G01 X-43.17498 Y35.97501
G01 X-43.92499 Y35.97501
G01 X-43.93479 Y35.97453
G01 X-43.98356 Y35.96973
G01 X-43.99326 Y35.96828
G01 X-44.00279 Y35.96589
G01 X-44.04968 Y35.95167
G01 X-44.05892 Y35.94836
G01 X-44.06779 Y35.94417
G01 X-44.11102 Y35.92106
G01 X-44.12732 Y35.91019
G01 X-44.16519 Y35.87910
G01 X-44.17248 Y35.87249
G01 X-44.17906 Y35.86523
G01 X-44.21015 Y35.82733
G01 X-44.21599 Y35.81946
G01 X-44.22105 Y35.81105
G01 X-44.24414 Y35.76782
G01 X-44.25166 Y35.74971
G01 X-44.26588 Y35.70282
G01 X-44.26969 Y35.68359
G01 X-44.27452 Y35.63483
G01 X-44.27500 Y35.62502
G01 X-44.27500 Y35.47504
G01 X-44.57497 Y35.47501
G01 X-44.57495 Y35.66993
G01 X-44.56611 Y35.75667
G01 X-44.51808 Y35.90160
G01 X-44.43830 Y36.03091
G01 X-44.33088 Y36.13836
G01 X-44.20154 Y36.21814
G01 X-44.05658 Y36.26617
G01 X-43.96982 Y36.27501
G01 X-43.17498 Y36.27503
G01 X-43.17498 Y35.97501
G01 X-43.24571 Y36.04582
G01 X-43.27498 Y36.07501
G01 X-43.27498 Y36.17503
G01 X-43.24566 Y36.20432
G01 X-43.27498 Y36.17503
G01 X-43.96476 Y36.17503
G01 X-44.03555 Y36.16780
G01 X-44.03568 Y36.16838
G01 X-44.03555 Y36.16780
G01 X-44.15900 Y36.12690
G01 X-44.15928 Y36.12751
G01 X-44.15900 Y36.12690
G01 X-44.26842 Y36.05939
G01 X-44.26885 Y36.05992
G01 X-44.26842 Y36.05939
G01 X-44.35933 Y35.96848
G01 X-44.35986 Y35.96891
G01 X-44.35933 Y35.96848
G01 X-44.42684 Y35.85906
G01 X-44.42745 Y35.85934
G01 X-44.42684 Y35.85906
G01 X-44.46773 Y35.73561
G01 X-44.46867 Y35.73579
G01 X-44.46773 Y35.73561
G01 X-44.47497 Y35.66482
G01 X-44.47497 Y35.57501
G01 X-44.50728 Y35.54412
G01 X-44.47497 Y35.57501
G01 X-44.37500 Y35.57504
G01 X-44.34871 Y35.54743
G01 X-44.37500 Y35.57504
G01 X-44.37500 Y35.62502
G01 X-44.37403 Y35.64461
G01 X-44.36923 Y35.69340
G01 X-44.36156 Y35.73183
G01 X-44.34734 Y35.77874
G01 X-44.33235 Y35.81496
G01 X-44.30924 Y35.85819
G01 X-44.29915 Y35.87501
G01 X-44.28745 Y35.89078
G01 X-44.25636 Y35.92868
G01 X-44.24317 Y35.94321
G01 X-44.22864 Y35.95639
G01 X-44.19075 Y35.98748
G01 X-44.15816 Y36.00927
G01 X-44.11493 Y36.03236
G01 X-44.09720 Y36.04077
G01 X-44.07871 Y36.04737
G01 X-44.03182 Y36.06160
G01 X-43.99336 Y36.06924
G01 X-43.94460 Y36.07404
G01 X-43.92499 Y36.07501
G01 X-43.27498 Y36.07501
G04 P0 ( dwell for no time -- G64 should not smooth over this point )
G00 Z5.00000 ( retract )

G00 X-44.45722 Y34.48273 ( rapid move to begin. )
G01 F150.00000
( Mill infeed pass 1/1 )
G01 Z-0.06000
G04 P0 ( dwell for no time -- G64 should not smooth over this point )
G01 F300.00000
G01 X-44.45722 Y34.48273
G01 X-44.46773 Y34.51448
G01 X-44.47497 Y34.58525
G01 X-44.47497 Y34.67504
G01 X-44.51076 Y34.70765
G01 X-44.47497 Y34.67504
G01 X-44.37500 Y34.67504
G01 X-44.34835 Y34.70282
G01 X-44.37500 Y34.67504
G01 X-44.37500 Y34.62502
G01 X-44.37403 Y34.60542
G01 X-44.37048 Y34.56947
G01 X-44.36189 Y34.56612
G01 X-44.26248 Y34.53605
G01 X-44.49214 Y34.30641
G01 X-44.51808 Y34.34847
G01 X-44.56611 Y34.49338
G01 X-44.57500 Y34.58017
G01 X-44.57497 Y34.77504
G01 X-44.27500 Y34.77504
G01 X-44.27500 Y34.62502
G01 X-44.27452 Y34.61522
G01 X-44.26969 Y34.56643
G01 X-44.26588 Y34.54720
G01 X-44.26248 Y34.53605
G01 X-44.36189 Y34.56612
G01 X-44.37048 Y34.56947
G01 X-44.45722 Y34.48273
G01 X-44.50322 Y34.35538
G04 P0 ( dwell for no time -- G64 should not smooth over this point )
G00 Z5.00000 ( retract )

G00 X-45.44995 Y34.03000 ( rapid move to begin. )
G01 F150.00000
( Mill infeed pass 1/1 )
G01 Z-0.06000
G04 P0 ( dwell for no time -- G64 should not smooth over this point )
G01 F300.00000
G01 X-45.44995 Y34.03000
G01 X-45.45445 Y34.07171
G01 X-45.49529 Y34.18121
G01 X-45.56423 Y34.27329
G01 X-45.65630 Y34.34222
G01 X-45.76578 Y34.38304
G01 X-45.80751 Y34.38753
G01 X-46.07497 Y34.38751
G01 X-46.07497 Y34.08751
G01 X-45.84998 Y34.08751
G01 X-45.83047 Y34.08558
G01 X-45.81172 Y34.07989
G01 X-45.79443 Y34.07067
G01 X-45.77929 Y34.05822
G01 X-45.76684 Y34.04306
G01 X-45.75760 Y34.02579
G01 X-45.75191 Y34.00702
G01 X-45.74998 Y33.98751
G01 X-45.74998 Y33.90003
G01 X-45.44998 Y33.90003
G01 X-45.44995 Y34.03000
G01 X-45.52067 Y33.97075
G01 X-45.54998 Y34.00003
G01 X-45.54998 Y34.02464
G01 X-45.54881 Y34.02482
G01 X-45.54998 Y34.02464
G01 X-45.55254 Y34.04855
G01 X-45.58394 Y34.13277
G01 X-45.58267 Y34.13343
G01 X-45.58394 Y34.13277
G01 X-45.63565 Y34.20184
G01 X-45.63494 Y34.20257
G01 X-45.63565 Y34.20184
G01 X-45.70471 Y34.25352
G01 X-45.70421 Y34.25444
G01 X-45.70471 Y34.25352
G01 X-45.78894 Y34.28494
G01 X-45.78866 Y34.28642
G01 X-45.78894 Y34.28494
G01 X-45.81284 Y34.28751
G01 X-45.97497 Y34.28751
G01 X-46.00476 Y34.31771
G01 X-45.97497 Y34.28751
G01 X-45.97497 Y34.18751
G01 X-46.00344 Y34.15970
G01 X-45.97497 Y34.18751
G01 X-45.84998 Y34.18751
G01 X-45.81096 Y34.18367
G01 X-45.77345 Y34.17229
G01 X-45.73888 Y34.15380
G01 X-45.70858 Y34.12894
G01 X-45.68368 Y34.09864
G01 X-45.66522 Y34.06404
G01 X-45.65384 Y34.02652
G01 X-45.65122 Y34.00003
G01 X-45.66496 Y33.98103
G01 X-45.65122 Y34.00003
G01 X-45.54998 Y34.00003
G04 P0 ( dwell for no time -- G64 should not smooth over this point )
G00 Z5.00000 ( retract )

G00 X-46.87499 Y34.18751 ( rapid move to begin. )
G01 F150.00000
( Mill infeed pass 1/1 )
G01 Z-0.06000
G04 P0 ( dwell for no time -- G64 should not smooth over this point )
G01 F300.00000
G01 X-46.87499 Y34.18751
G01 X-46.99999 Y34.18751
G01 X-47.03900 Y34.18367
G01 X-47.07652 Y34.17229
G01 X-47.11111 Y34.15380
G01 X-47.14141 Y34.12894
G01 X-47.16628 Y34.09864
G01 X-47.18477 Y34.06404
G01 X-47.19615 Y34.02652
G01 X-47.19999 Y33.98751
G01 X-47.19999 Y33.82503
G01 X-47.17192 Y33.79640
G01 X-47.19999 Y33.82503
G01 X-47.29996 Y33.82503
G01 X-47.33001 Y33.79533
G01 X-47.29996 Y33.82503
G01 X-47.29996 Y34.02467
G01 X-47.29740 Y34.04857
G01 X-47.29889 Y34.04883
G01 X-47.29740 Y34.04857
G01 X-47.26600 Y34.13277
G01 X-47.26689 Y34.13326
G01 X-47.26600 Y34.13277
G01 X-47.21429 Y34.20184
G01 X-47.21502 Y34.20257
G01 X-47.21429 Y34.20184
G01 X-47.14522 Y34.25352
G01 X-47.14573 Y34.25444
G01 X-47.14522 Y34.25352
G01 X-47.06097 Y34.28494
G01 X-47.06125 Y34.28642
G01 X-47.06097 Y34.28494
G01 X-47.03715 Y34.28751
G01 X-46.87499 Y34.28751
G01 X-46.84520 Y34.31771
G01 X-46.87499 Y34.28751
G01 X-46.87499 Y34.18751
G01 X-46.84652 Y34.15970
G01 X-46.77499 Y34.08751
G01 X-46.77499 Y34.38751
G01 X-47.04246 Y34.38753
G01 X-47.08416 Y34.38304
G01 X-47.19364 Y34.34222
G01 X-47.28574 Y34.27329
G01 X-47.35467 Y34.18118
G01 X-47.39549 Y34.07176
G01 X-47.39999 Y34.03000
G01 X-47.39996 Y33.72503
G01 X-47.09999 Y33.72503
G01 X-47.09999 Y33.98751
G01 X-47.09806 Y34.00702
G01 X-47.09237 Y34.02579
G01 X-47.08315 Y34.04306
G01 X-47.07070 Y34.05822
G01 X-47.05554 Y34.07067
G01 X-47.03827 Y34.07989
G01 X-47.01949 Y34.08558
G01 X-46.99999 Y34.08751
G01 X-46.77499 Y34.08751
G04 P0 ( dwell for no time -- G64 should not smooth over this point )
G00 Z5.00000 ( retract )

G00 X-45.44995 Y32.57006 ( rapid move to begin. )
G01 F150.00000
( Mill infeed pass 1/1 )
G01 Z-0.06000
G04 P0 ( dwell for no time -- G64 should not smooth over this point )
G01 F300.00000
G01 X-45.44995 Y32.57006
G01 X-45.45445 Y32.52833
G01 X-45.49527 Y32.41886
G01 X-45.56423 Y32.32678
G01 X-45.65630 Y32.25785
G01 X-45.76578 Y32.21700
G01 X-45.80751 Y32.21251
G01 X-46.07497 Y32.21253
G01 X-46.07497 Y32.51251
G01 X-45.84998 Y32.51251
G01 X-45.83047 Y32.51444
G01 X-45.81172 Y32.52013
G01 X-45.79443 Y32.52937
G01 X-45.77929 Y32.54179
G01 X-45.76684 Y32.55696
G01 X-45.75760 Y32.57425
G01 X-45.75191 Y32.59300
G01 X-45.74998 Y32.61251
G01 X-45.74998 Y32.70003
G01 X-45.44998 Y32.70003
G01 X-45.44995 Y32.57006
G01 X-45.51708 Y32.63120
G01 X-45.54998 Y32.60003
G01 X-45.54998 Y32.57542
G01 X-45.55254 Y32.55150
G01 X-45.55140 Y32.55124
G01 X-45.55254 Y32.55150
G01 X-45.58394 Y32.46729
G01 X-45.58305 Y32.46679
G01 X-45.58394 Y32.46729
G01 X-45.63565 Y32.39823
G01 X-45.63494 Y32.39750
G01 X-45.63565 Y32.39823
G01 X-45.70471 Y32.34652
G01 X-45.70423 Y32.34563
G01 X-45.70471 Y32.34652
G01 X-45.78897 Y32.31510
G01 X-45.78869 Y32.31362
G01 X-45.78897 Y32.31510
G01 X-45.81287 Y32.31253
G01 X-45.97497 Y32.31253
G01 X-46.00476 Y32.28233
G01 X-45.97497 Y32.31253
G01 X-45.97497 Y32.41251
G01 X-46.00344 Y32.44032
G01 X-45.97497 Y32.41251
G01 X-45.84998 Y32.41251
G01 X-45.81096 Y32.41637
G01 X-45.77345 Y32.42775
G01 X-45.73888 Y32.44621
G01 X-45.70858 Y32.47108
G01 X-45.68368 Y32.50141
G01 X-45.66522 Y32.53598
G01 X-45.65384 Y32.57349
G01 X-45.65122 Y32.60003
G01 X-45.66496 Y32.61901
G01 X-45.65122 Y32.60003
G01 X-45.54998 Y32.60003
G04 P0 ( dwell for no time -- G64 should not smooth over this point )
G00 Z5.00000 ( retract )

G00 X-47.23435 Y32.42500 ( rapid move to begin. )
G01 F150.00000
( Mill infeed pass 1/1 )
G01 Z-0.06000
G04 P0 ( dwell for no time -- G64 should not smooth over this point )
G01 F300.00000
G01 X-47.23435 Y32.42500
G01 X-47.06933 Y32.42508
G01 X-47.06839 Y32.42457
G01 X-47.03471 Y32.41555
G01 X-46.99999 Y32.41251
G01 X-46.87499 Y32.41251
G01 X-46.84792 Y32.43788
G01 X-46.87499 Y32.41251
G01 X-46.87499 Y32.31253
G01 X-46.84520 Y32.28233
G01 X-46.77499 Y32.21253
G01 X-47.04243 Y32.21251
G01 X-47.08416 Y32.21700
G01 X-47.19364 Y32.25782
G01 X-47.28571 Y32.32678
G01 X-47.35467 Y32.41886
G01 X-47.37705 Y32.47890
G01 X-47.39425 Y32.52503
G01 X-47.04807 Y32.52503
G01 X-47.03420 Y32.51855
G01 X-47.01736 Y32.51403
G01 X-46.99999 Y32.51251
G01 X-46.77499 Y32.51251
G01 X-46.77499 Y32.21253
G01 X-46.84520 Y32.28233
G01 X-46.87499 Y32.31253
G01 X-47.03707 Y32.31253
G01 X-47.06100 Y32.31510
G01 X-47.06128 Y32.31362
G01 X-47.06100 Y32.31510
G01 X-47.14520 Y32.34649
G01 X-47.14609 Y32.34504
G01 X-47.14520 Y32.34649
G01 X-47.21429 Y32.39821
G01 X-47.23435 Y32.42500
G01 X-47.37705 Y32.47890
G04 P0 ( dwell for no time -- G64 should not smooth over this point )
G00 Z5.00000 ( retract )

G00 X-48.28060 Y32.52503 ( rapid move to begin. )
G01 F150.00000
( Mill infeed pass 1/1 )
G01 Z-0.06000
G04 P0 ( dwell for no time -- G64 should not smooth over this point )
G01 F300.00000
G01 X-48.28060 Y32.52503
G01 X-48.59084 Y32.52503
G01 X-48.59833 Y32.50031
G01 X-48.60583 Y32.48220
G01 X-48.62894 Y32.43897
G01 X-48.63397 Y32.43057
G01 X-48.63981 Y32.42269
G01 X-48.67090 Y32.38480
G01 X-48.67750 Y32.37753
G01 X-48.68477 Y32.37093
G01 X-48.72267 Y32.33984
G01 X-48.73895 Y32.32894
G01 X-48.78218 Y32.30585
G01 X-48.79104 Y32.30166
G01 X-48.80029 Y32.29836
G01 X-48.84718 Y32.28411
G01 X-48.85670 Y32.28175
G01 X-48.86640 Y32.28030
G01 X-48.91520 Y32.27550
G01 X-48.92498 Y32.27502
G01 X-49.67496 Y32.27502
G01 X-49.67496 Y31.97504
G01 X-48.88010 Y31.97504
G01 X-48.79333 Y31.98388
G01 X-48.64840 Y32.03191
G01 X-48.51909 Y32.11169
G01 X-48.41164 Y32.21914
G01 X-48.33186 Y32.34847
G01 X-48.28383 Y32.49338
G01 X-48.28060 Y32.52503
G01 X-48.32889 Y32.47410
G01 X-48.41185 Y32.42503
G01 X-48.42310 Y32.39102
G01 X-48.49061 Y32.28160
G01 X-48.48980 Y32.28099
G01 X-48.49061 Y32.28160
G01 X-48.58154 Y32.19066
G01 X-48.58111 Y32.19013
G01 X-48.58154 Y32.19066
G01 X-48.69094 Y32.12318
G01 X-48.69064 Y32.12254
G01 X-48.69094 Y32.12318
G01 X-48.81439 Y32.08226
G01 X-48.81426 Y32.08167
G01 X-48.81439 Y32.08226
G01 X-48.88518 Y32.07489
G01 X-49.57496 Y32.07504
G01 X-49.60427 Y32.04573
G01 X-49.57496 Y32.07504
G01 X-49.57496 Y32.17502
G01 X-49.60427 Y32.20430
G01 X-49.57496 Y32.17502
G01 X-48.92498 Y32.17502
G01 X-48.90539 Y32.17598
G01 X-48.85660 Y32.18078
G01 X-48.81817 Y32.18843
G01 X-48.77126 Y32.20265
G01 X-48.75279 Y32.20926
G01 X-48.73504 Y32.21766
G01 X-48.69181 Y32.24075
G01 X-48.65922 Y32.26255
G01 X-48.62132 Y32.29363
G01 X-48.60679 Y32.30682
G01 X-48.59361 Y32.32135
G01 X-48.56252 Y32.35924
G01 X-48.55084 Y32.37502
G01 X-48.54073 Y32.39183
G01 X-48.52300 Y32.42503
G01 X-48.52914 Y32.43661
G01 X-48.52300 Y32.42503
G01 X-48.41185 Y32.42503
G04 P0 ( dwell for no time -- G64 should not smooth over this point )
G00 Z5.00000 ( retract )

G00 X-48.28060 Y33.72503 ( rapid move to begin. )
G01 F150.00000
( Mill infeed pass 1/1 )
G01 Z-0.06000
G04 P0 ( dwell for no time -- G64 should not smooth over this point )
G01 F300.00000
G01 X-48.28060 Y33.72503
G01 X-48.59084 Y33.72503
G01 X-48.59833 Y33.74972
G01 X-48.60583 Y33.76783
G01 X-48.62894 Y33.81106
G01 X-48.63397 Y33.81946
G01 X-48.63981 Y33.82734
G01 X-48.67090 Y33.86523
G01 X-48.67750 Y33.87250
G01 X-48.68477 Y33.87910
G01 X-48.72267 Y33.91019
G01 X-48.73895 Y33.92106
G01 X-48.78218 Y33.94418
G01 X-48.79104 Y33.94837
G01 X-48.80029 Y33.95167
G01 X-48.84718 Y33.96589
G01 X-48.85670 Y33.96828
G01 X-48.86640 Y33.96973
G01 X-48.91520 Y33.97453
G01 X-48.92498 Y33.97501
G01 X-49.67496 Y33.97501
G01 X-49.67496 Y34.27504
G01 X-48.88012 Y34.27501
G01 X-48.79335 Y34.26617
G01 X-48.64837 Y34.21814
G01 X-48.51909 Y34.13836
G01 X-48.41164 Y34.03092
G01 X-48.33186 Y33.90161
G01 X-48.28383 Y33.75667
G01 X-48.28060 Y33.72503
G01 X-48.32889 Y33.77595
G01 X-48.41185 Y33.82503
G01 X-48.42312 Y33.85906
G01 X-48.49061 Y33.96846
G01 X-48.48980 Y33.96907
G01 X-48.49061 Y33.96846
G01 X-48.58154 Y34.05939
G01 X-48.58111 Y34.05993
G01 X-48.58154 Y34.05939
G01 X-48.69094 Y34.12691
G01 X-48.69048 Y34.12802
G01 X-48.69094 Y34.12691
G01 X-48.81441 Y34.16780
G01 X-48.88510 Y34.17501
G01 X-48.88502 Y34.17575
G01 X-48.88510 Y34.17501
G01 X-49.57496 Y34.17501
G01 X-49.60427 Y34.20432
G01 X-49.57496 Y34.17501
G01 X-49.57496 Y34.07501
G01 X-49.60427 Y34.04573
G01 X-49.57496 Y34.07501
G01 X-48.92498 Y34.07501
G01 X-48.90539 Y34.07405
G01 X-48.85660 Y34.06925
G01 X-48.81817 Y34.06160
G01 X-48.77126 Y34.04738
G01 X-48.75279 Y34.04075
G01 X-48.73504 Y34.03237
G01 X-48.69181 Y34.00925
G01 X-48.65922 Y33.98748
G01 X-48.62132 Y33.95640
G01 X-48.60679 Y33.94321
G01 X-48.59361 Y33.92866
G01 X-48.56252 Y33.89079
G01 X-48.55084 Y33.87501
G01 X-48.54073 Y33.85817
G01 X-48.52300 Y33.82503
G01 X-48.52914 Y33.81342
G01 X-48.52300 Y33.82503
G01 X-48.41185 Y33.82503
G04 P0 ( dwell for no time -- G64 should not smooth over this point )
G00 Z5.00000 ( retract )

G00 X-50.47499 Y34.07501 ( rapid move to begin. )
G01 F150.00000
( Mill infeed pass 1/1 )
G01 Z-0.06000
G04 P0 ( dwell for no time -- G64 should not smooth over this point )
G01 F300.00000
G01 X-50.47499 Y34.07501
G01 X-51.12500 Y34.07501
G01 X-51.14458 Y34.07405
G01 X-51.19337 Y34.06925
G01 X-51.23181 Y34.06160
G01 X-51.27872 Y34.04738
G01 X-51.29718 Y34.04075
G01 X-51.31494 Y34.03237
G01 X-51.35817 Y34.00925
G01 X-51.39076 Y33.98748
G01 X-51.42866 Y33.95640
G01 X-51.44318 Y33.94321
G01 X-51.45637 Y33.92866
G01 X-51.48746 Y33.89079
G01 X-51.49914 Y33.87501
G01 X-51.50925 Y33.85817
G01 X-51.52698 Y33.82503
G01 X-51.52088 Y33.81360
G01 X-51.52698 Y33.82503
G01 X-51.62500 Y33.82503
G01 X-51.63833 Y33.82437
G01 X-51.72185 Y33.77458
G01 X-51.63833 Y33.82437
G01 X-51.62683 Y33.85906
G01 X-51.55934 Y33.96846
G01 X-51.56015 Y33.96907
G01 X-51.55934 Y33.96846
G01 X-51.46843 Y34.05937
G01 X-51.46886 Y34.05990
G01 X-51.46843 Y34.05937
G01 X-51.35901 Y34.12688
G01 X-51.35929 Y34.12751
G01 X-51.35901 Y34.12688
G01 X-51.23554 Y34.16780
G01 X-51.23574 Y34.16899
G01 X-51.23554 Y34.16780
G01 X-51.16485 Y34.17501
G01 X-50.47499 Y34.17501
G01 X-50.44534 Y34.20493
G01 X-50.47499 Y34.17501
G01 X-50.47499 Y34.07501
G01 X-50.44568 Y34.04573
G01 X-50.37499 Y33.97501
G01 X-50.37499 Y34.27504
G01 X-51.16983 Y34.27501
G01 X-51.25660 Y34.26617
G01 X-51.40155 Y34.21814
G01 X-51.53086 Y34.13836
G01 X-51.63831 Y34.03092
G01 X-51.71809 Y33.90161
G01 X-51.76612 Y33.75665
G01 X-51.77138 Y33.70509
G01 X-51.75157 Y33.71111
G01 X-51.74204 Y33.71349
G01 X-51.73234 Y33.71492
G01 X-51.63478 Y33.72454
G01 X-51.62500 Y33.72503
G01 X-51.45914 Y33.72503
G01 X-51.45164 Y33.74972
G01 X-51.44415 Y33.76783
G01 X-51.42104 Y33.81106
G01 X-51.41601 Y33.81946
G01 X-51.41016 Y33.82734
G01 X-51.37907 Y33.86523
G01 X-51.37247 Y33.87250
G01 X-51.36521 Y33.87910
G01 X-51.32731 Y33.91019
G01 X-51.31103 Y33.92106
G01 X-51.26780 Y33.94418
G01 X-51.25893 Y33.94837
G01 X-51.24969 Y33.95167
G01 X-51.20280 Y33.96589
G01 X-51.19327 Y33.96828
G01 X-51.18357 Y33.96973
G01 X-51.13478 Y33.97453
G01 X-51.12500 Y33.97501
G01 X-50.37499 Y33.97501
G04 P0 ( dwell for no time -- G64 should not smooth over this point )
G00 Z5.00000 ( retract )

G00 X-50.47499 Y32.07504 ( rapid move to begin. )
G01 F150.00000
( Mill infeed pass 1/1 )
G01 Z-0.06000
G04 P0 ( dwell for no time -- G64 should not smooth over this point )
G01 F300.00000
G01 X-50.47499 Y32.07504
G01 X-50.47499 Y32.17502
G01 X-50.44598 Y32.20379
G01 X-50.47499 Y32.17502
G01 X-51.12500 Y32.17502
G01 X-51.14458 Y32.17598
G01 X-51.19337 Y32.18078
G01 X-51.23181 Y32.18843
G01 X-51.27872 Y32.20265
G01 X-51.29718 Y32.20926
G01 X-51.31494 Y32.21766
G01 X-51.35817 Y32.24075
G01 X-51.39076 Y32.26255
G01 X-51.42866 Y32.29363
G01 X-51.44318 Y32.30682
G01 X-51.44796 Y32.31208
G01 X-51.45055 Y32.34289
G01 X-51.44796 Y32.31208
G01 X-51.51890 Y32.24113
G01 X-51.56033 Y32.24113
G01 X-51.51890 Y32.24113
G01 X-51.46843 Y32.19066
G01 X-51.46884 Y32.19013
G01 X-51.46843 Y32.19066
G01 X-51.35901 Y32.12318
G01 X-51.35929 Y32.12254
G01 X-51.35901 Y32.12318
G01 X-51.23556 Y32.08226
G01 X-51.23569 Y32.08167
G01 X-51.23556 Y32.08226
G01 X-51.16475 Y32.07504
G01 X-50.47499 Y32.07504
G01 X-50.44568 Y32.04573
G01 X-50.37499 Y31.97504
G01 X-50.37499 Y32.27502
G01 X-51.12500 Y32.27502
G01 X-51.13478 Y32.27550
G01 X-51.18357 Y32.28030
G01 X-51.19327 Y32.28175
G01 X-51.20280 Y32.28411
G01 X-51.24969 Y32.29836
G01 X-51.25893 Y32.30166
G01 X-51.26780 Y32.30585
G01 X-51.31103 Y32.32894
G01 X-51.32731 Y32.33984
G01 X-51.36521 Y32.37093
G01 X-51.37247 Y32.37753
G01 X-51.37907 Y32.38480
G01 X-51.41016 Y32.42269
G01 X-51.41601 Y32.43057
G01 X-51.42104 Y32.43897
G01 X-51.43549 Y32.46600
G01 X-51.62497 Y32.27649
G01 X-51.62497 Y32.20580
G01 X-51.53084 Y32.11167
G01 X-51.40153 Y32.03191
G01 X-51.25662 Y31.98388
G01 X-51.16988 Y31.97504
G01 X-50.37499 Y31.97504
G04 P0 ( dwell for no time -- G64 should not smooth over this point )
G00 Z5.00000 ( retract )

G00 X-46.87809 Y29.06532 ( rapid move to begin. )
G01 F150.00000
( Mill infeed pass 1/1 )
G01 Z-0.06000
G04 P0 ( dwell for no time -- G64 should not smooth over this point )
G01 F300.00000
G01 X-46.87809 Y29.06532
G01 X-46.84467 Y29.04746
G01 X-46.81942 Y29.03233
G01 X-46.79577 Y29.01477
G01 X-46.75790 Y28.98368
G01 X-46.71629 Y28.94210
G01 X-46.68521 Y28.90423
G01 X-46.66768 Y28.88059
G01 X-46.65254 Y28.85531
G01 X-46.62945 Y28.81211
G01 X-46.60695 Y28.75778
G01 X-46.59270 Y28.71086
G01 X-46.58556 Y28.68231
G01 X-46.58124 Y28.65318
G01 X-46.57644 Y28.60441
G01 X-46.57499 Y28.57502
G01 X-46.57499 Y27.67500
G01 X-46.57644 Y27.64561
G01 X-46.58124 Y27.59684
G01 X-46.58556 Y27.56771
G01 X-46.59270 Y27.53916
G01 X-46.59940 Y27.51701
G01 X-46.59481 Y27.52034
G01 X-46.59440 Y27.52064
G01 X-46.54391 Y27.55615
G01 X-46.51487 Y27.57734
G01 X-46.48007 Y27.60370
G01 X-46.47693 Y27.63581
G01 X-46.47499 Y27.67500
G01 X-46.47499 Y28.57502
G01 X-46.47693 Y28.61422
G01 X-46.48173 Y28.66298
G01 X-46.48747 Y28.70182
G01 X-46.49702 Y28.73990
G01 X-46.50629 Y28.77048
G01 X-46.50741 Y28.77215
G01 X-46.55747 Y28.84139
G01 X-46.58711 Y28.87835
G01 X-46.63974 Y28.93781
G01 X-46.67243 Y28.97121
G01 X-46.72452 Y29.01952
G01 X-46.75856 Y29.03169
G01 X-46.82917 Y29.05318
G01 X-46.87578 Y29.06486
G01 X-46.87809 Y29.06532
G01 X-46.94050 Y29.07777
G01 X-46.98790 Y29.08480
G01 X-47.00618 Y29.08724
G01 X-47.05041 Y29.09247
G01 X-47.05229 Y29.09273
G01 X-47.10077 Y29.10037
G01 X-47.10263 Y29.10068
G01 X-47.13458 Y29.10695
G01 X-47.13819 Y29.10781
G01 X-47.20093 Y29.12501
G01 X-47.23095 Y29.12501
G01 X-47.20093 Y29.12501
G01 X-47.21995 Y29.13022
G01 X-47.22836 Y29.12620
G01 X-47.22920 Y29.12582
G01 X-47.23095 Y29.12501
G01 X-47.29905 Y29.09390
G01 X-47.30545 Y29.09151
G01 X-47.46826 Y29.04261
G01 X-47.47553 Y29.04101
G01 X-47.47535 Y29.04010
G01 X-47.47553 Y29.04101
G01 X-47.54543 Y29.03095
G01 X-47.54896 Y29.03057
G01 X-47.62089 Y29.02542
G01 X-47.62450 Y29.02526
G01 X-47.77436 Y29.02526
G01 X-47.79770 Y29.02471
G01 X-47.80844 Y29.02417
G01 X-47.84273 Y29.02074
G01 X-47.86445 Y29.01797
G01 X-47.88210 Y29.01282
G01 X-47.92737 Y28.99844
G01 X-47.96051 Y28.98655
G01 X-47.97408 Y28.98087
G01 X-47.97453 Y28.98069
G01 X-47.99170 Y28.97365
G01 X-47.99254 Y28.97332
G01 X-48.00915 Y28.96690
G01 X-48.00954 Y28.96674
G01 X-48.01784 Y28.96362
G01 X-48.01827 Y28.96344
G01 X-48.07456 Y28.94277
G01 X-48.08386 Y28.94035
G01 X-48.09343 Y28.93974
G01 X-48.09328 Y28.93509
G01 X-48.09343 Y28.93974
G01 X-48.10296 Y28.94096
G01 X-48.13047 Y28.94729
G01 X-48.13174 Y28.94759
G01 X-48.20011 Y28.96512
G01 X-48.20352 Y28.96611
G01 X-48.27265 Y28.98920
G01 X-48.27601 Y28.99044
G01 X-48.50778 Y29.08676
G01 X-48.50799 Y29.08638
G01 X-48.50778 Y29.08676
G01 X-48.51004 Y29.08775
G01 X-48.55490 Y29.10903
G01 X-48.55708 Y29.11013
G01 X-48.57085 Y29.11749
G01 X-48.57606 Y29.12072
G01 X-48.58083 Y29.12453
G01 X-48.58327 Y29.12674
G01 X-48.60420 Y29.14467
G01 X-48.61997 Y29.15745
G01 X-48.62104 Y29.15833
G01 X-48.64261 Y29.17680
G01 X-48.64367 Y29.17774
G01 X-48.64540 Y29.17932
G01 X-48.65457 Y29.18584
G01 X-48.69401 Y29.21119
G01 X-48.73420 Y29.23428
G01 X-48.77278 Y29.24851
G01 X-48.81784 Y29.26281
G01 X-48.83549 Y29.26796
G01 X-48.85708 Y29.27070
G01 X-48.89150 Y29.27418
G01 X-48.90212 Y29.27469
G01 X-48.92559 Y29.27528
G01 X-51.12436 Y29.27528
G01 X-51.14783 Y29.27469
G01 X-51.15842 Y29.27418
G01 X-51.19287 Y29.27070
G01 X-51.21446 Y29.26796
G01 X-51.23211 Y29.26281
G01 X-51.27717 Y29.24851
G01 X-51.31575 Y29.23428
G01 X-51.35593 Y29.21119
G01 X-51.39538 Y29.18584
G01 X-51.40455 Y29.17932
G01 X-51.42698 Y29.15897
G01 X-51.43226 Y29.15399
G01 X-51.43280 Y29.15262
G01 X-51.43948 Y29.13563
G01 X-51.45634 Y29.08846
G01 X-51.46838 Y29.04886
G01 X-51.48006 Y29.00223
G01 X-51.48713 Y28.96687
G01 X-51.49403 Y28.92026
G01 X-51.49726 Y28.88752
G01 X-51.49960 Y28.84035
G01 X-51.49998 Y28.82440
G01 X-51.49998 Y27.82562
G01 X-51.49960 Y27.80970
G01 X-51.49726 Y27.76253
G01 X-51.49403 Y27.72979
G01 X-51.48713 Y27.68318
G01 X-51.48006 Y27.64782
G01 X-51.46838 Y27.60119
G01 X-51.45634 Y27.56156
G01 X-51.43948 Y27.51440
G01 X-51.43277 Y27.49735
G01 X-51.43226 Y27.49606
G01 X-51.42700 Y27.49110
G01 X-51.40455 Y27.47073
G01 X-51.39538 Y27.46421
G01 X-51.35593 Y27.43886
G01 X-51.31575 Y27.41577
G01 X-51.27717 Y27.40154
G01 X-51.23274 Y27.38745
G01 X-51.18723 Y27.37543
G01 X-51.18334 Y27.37459
G01 X-51.18128 Y27.37411
G01 X-51.13833 Y27.36309
G01 X-51.13633 Y27.36253
G01 X-51.11072 Y27.35483
G01 X-51.05431 Y27.33830
G01 X-51.05144 Y27.33738
G01 X-50.98139 Y27.31219
G01 X-50.97285 Y27.30817
G01 X-50.96521 Y27.30261
G01 X-50.96058 Y27.30810
G01 X-50.96521 Y27.30261
G01 X-50.95876 Y27.29573
G01 X-50.95373 Y27.28775
G01 X-50.91250 Y27.20652
G01 X-50.91093 Y27.20309
G01 X-50.91065 Y27.20322
G01 X-50.91093 Y27.20309
G01 X-50.88403 Y27.13840
G01 X-50.88301 Y27.13576
G01 X-50.86112 Y27.07327
G01 X-50.85903 Y27.06527
G01 X-50.85830 Y27.05702
G01 X-50.85456 Y27.05732
G01 X-50.85830 Y27.05702
G01 X-50.85893 Y27.04876
G01 X-50.87455 Y26.95214
G01 X-50.87544 Y26.94785
G01 X-50.89274 Y26.87942
G01 X-50.89373 Y26.87599
G01 X-50.89340 Y26.87589
G01 X-50.89373 Y26.87599
G01 X-50.91659 Y26.80675
G01 X-50.91784 Y26.80340
G01 X-51.05192 Y26.47782
G01 X-51.05830 Y26.45857
G01 X-51.05860 Y26.45768
G01 X-51.06102 Y26.45082
G01 X-51.06510 Y26.43871
G01 X-51.06917 Y26.42611
G01 X-51.07308 Y26.41315
G01 X-51.07450 Y26.40350
G01 X-51.07473 Y26.40076
G01 X-51.07598 Y26.38087
G01 X-51.07557 Y26.36914
G01 X-51.07557 Y26.36840
G01 X-51.07524 Y26.35031
G01 X-51.07521 Y26.34940
G01 X-51.07521 Y24.67587
G01 X-51.07417 Y24.64493
G01 X-51.07323 Y24.63815
G01 X-51.06505 Y24.61595
G01 X-51.06216 Y24.60808
G01 X-51.05609 Y24.59159
G01 X-51.05131 Y24.57859
G01 X-51.04367 Y24.56835
G01 X-51.03046 Y24.55070
G01 X-51.03026 Y24.55044
G01 X-51.01641 Y24.53358
G01 X-50.99924 Y24.51951
G01 X-50.98863 Y24.51156
G01 X-50.98164 Y24.50633
G01 X-50.97140 Y24.49865
G01 X-50.95820 Y24.49380
G01 X-50.95228 Y24.49162
G01 X-50.93407 Y24.48491
G01 X-50.91192 Y24.47678
G01 X-50.90511 Y24.47585
G01 X-50.87412 Y24.47478
G01 X-49.17583 Y24.47478
G01 X-49.14486 Y24.47585
G01 X-49.13801 Y24.47678
G01 X-49.11555 Y24.48504
G01 X-49.10925 Y24.48735
G01 X-49.07855 Y24.49865
G01 X-49.06135 Y24.51151
G01 X-49.05083 Y24.51938
G01 X-49.03285 Y24.53287
G01 X-48.99861 Y24.57861
G01 X-48.99371 Y24.59187
G01 X-48.98766 Y24.60836
G01 X-48.98507 Y24.61542
G01 X-48.97883 Y24.63599
G01 X-48.97499 Y24.67501
G01 X-48.97499 Y26.37500
G01 X-48.97883 Y26.41404
G01 X-48.99020 Y26.45156
G01 X-48.99191 Y26.45471
G01 X-48.99302 Y26.45837
G01 X-49.23803 Y27.05341
G01 X-49.24471 Y27.05318
G01 X-49.23803 Y27.05341
G01 X-49.13082 Y27.37500
G01 X-49.14385 Y27.39243
G01 X-49.13082 Y27.37500
G01 X-48.92498 Y27.37500
G01 X-48.91499 Y27.37526
G01 X-48.41111 Y27.40048
G01 X-48.41108 Y27.40078
G01 X-48.41111 Y27.40048
G01 X-48.09709 Y27.36207
G01 X-48.09595 Y27.36507
G01 X-48.09709 Y27.36207
G01 X-48.07865 Y27.34363
G01 X-48.04075 Y27.31254
G01 X-48.02574 Y27.30139
G01 X-48.02264 Y27.29944
G01 X-48.02239 Y27.29928
G01 X-48.00816 Y27.29075
G01 X-47.96493 Y27.26766
G01 X-47.92871 Y27.25265
G01 X-47.88182 Y27.23843
G01 X-47.86277 Y27.23365
G01 X-47.84337 Y27.23078
G01 X-47.79460 Y27.22598
G01 X-47.77499 Y27.22501
G01 X-47.12498 Y27.22501
G01 X-47.10537 Y27.22598
G01 X-47.05660 Y27.23078
G01 X-47.03720 Y27.23365
G01 X-47.01815 Y27.23843
G01 X-46.97126 Y27.25265
G01 X-46.93504 Y27.26766
G01 X-46.89181 Y27.29075
G01 X-46.88048 Y27.29756
G01 X-46.87261 Y27.30261
G01 X-46.85922 Y27.31254
G01 X-46.82132 Y27.34363
G01 X-46.79361 Y27.37137
G01 X-46.76252 Y27.40924
G01 X-46.75081 Y27.42501
G01 X-46.74073 Y27.44183
G01 X-46.71764 Y27.48506
G01 X-46.70263 Y27.52128
G01 X-46.68841 Y27.56819
G01 X-46.68363 Y27.58722
G01 X-46.68076 Y27.60665
G01 X-46.67596 Y27.65542
G01 X-46.67499 Y27.67500
G01 X-46.67499 Y28.57502
G01 X-46.67596 Y28.59461
G01 X-46.68076 Y28.64340
G01 X-46.68363 Y28.66281
G01 X-46.68841 Y28.68183
G01 X-46.70263 Y28.72874
G01 X-46.71764 Y28.76497
G01 X-46.74073 Y28.80820
G01 X-46.75081 Y28.82501
G01 X-46.76252 Y28.84078
G01 X-46.79361 Y28.87866
G01 X-46.82132 Y28.90639
G01 X-46.85922 Y28.93748
G01 X-46.87497 Y28.94917
G01 X-46.89181 Y28.95928
G01 X-46.93504 Y28.98236
G01 X-46.97126 Y28.99738
G01 X-47.01815 Y29.01160
G01 X-47.03720 Y29.01637
G01 X-47.05660 Y29.01924
G01 X-47.10537 Y29.02405
G01 X-47.12498 Y29.02501
G01 X-47.77499 Y29.02501
G01 X-47.79460 Y29.02405
G01 X-47.84337 Y29.01924
G01 X-47.86277 Y29.01637
G01 X-47.88182 Y29.01160
G01 X-47.92871 Y28.99738
G01 X-47.96493 Y28.98236
G01 X-48.00816 Y28.95928
G01 X-48.02500 Y28.94917
G01 X-48.04075 Y28.93748
G01 X-48.07865 Y28.90639
G01 X-48.07931 Y28.90573
G01 X-48.07799 Y28.89232
G01 X-48.07931 Y28.90573
G01 X-48.58208 Y29.11462
G01 X-48.58276 Y29.11355
G01 X-48.58208 Y29.11462
G01 X-48.59361 Y29.12867
G01 X-48.60679 Y29.14322
G01 X-48.62132 Y29.15638
G01 X-48.65922 Y29.18749
G01 X-48.69181 Y29.20926
G01 X-48.73504 Y29.23238
G01 X-48.75279 Y29.24076
G01 X-48.77126 Y29.24736
G01 X-48.81817 Y29.26159
G01 X-48.85660 Y29.26926
G01 X-48.90539 Y29.27406
G01 X-48.92498 Y29.27502
G01 X-51.12500 Y29.27502
G01 X-51.14458 Y29.27406
G01 X-51.19337 Y29.26926
G01 X-51.23181 Y29.26159
G01 X-51.27872 Y29.24736
G01 X-51.29718 Y29.24076
G01 X-51.31494 Y29.23238
G01 X-51.35817 Y29.20926
G01 X-51.39076 Y29.18749
G01 X-51.42866 Y29.15638
G01 X-51.43280 Y29.15262
G01 X-51.43948 Y29.13563
G01 X-51.45634 Y29.08846
G01 X-51.46838 Y29.04886
G01 X-51.48006 Y29.00223
G01 X-51.48713 Y28.96687
G01 X-51.49403 Y28.92026
G01 X-51.49726 Y28.88752
G01 X-51.49960 Y28.84035
G01 X-51.49998 Y28.82440
G01 X-51.49998 Y27.82562
G01 X-51.49960 Y27.80970
G01 X-51.49726 Y27.76253
G01 X-51.49403 Y27.72979
G01 X-51.48713 Y27.68318
G01 X-51.48006 Y27.64782
G01 X-51.46838 Y27.60119
G01 X-51.45634 Y27.56156
G01 X-51.43948 Y27.51440
G01 X-51.43277 Y27.49735
G01 X-51.42866 Y27.49364
G01 X-51.39076 Y27.46255
G01 X-51.35817 Y27.44076
G01 X-51.31494 Y27.41765
G01 X-51.29718 Y27.40927
G01 X-51.27872 Y27.40266
G01 X-51.23181 Y27.38844
G01 X-51.19337 Y27.38077
G01 X-51.14458 Y27.37597
G01 X-51.12500 Y27.37500
G01 X-50.91913 Y27.37500
G01 X-50.90587 Y27.39301
G01 X-50.91913 Y27.37500
G01 X-50.81192 Y27.05341
G01 X-50.80534 Y27.05321
G01 X-50.81192 Y27.05341
G01 X-51.05693 Y26.45837
G01 X-51.05835 Y26.45420
G01 X-51.05977 Y26.45156
G01 X-51.06450 Y26.43594
G01 X-51.06531 Y26.43352
G01 X-51.06546 Y26.43276
G01 X-51.07115 Y26.41404
G01 X-51.07499 Y26.37500
G01 X-51.07499 Y24.67501
G01 X-51.07115 Y24.63599
G01 X-51.06505 Y24.61595
G01 X-51.06216 Y24.60808
G01 X-51.05609 Y24.59159
G01 X-51.04367 Y24.56835
G01 X-51.03046 Y24.55070
G01 X-51.03026 Y24.55044
G01 X-51.01710 Y24.53287
G01 X-50.99924 Y24.51951
G01 X-50.98863 Y24.51156
G01 X-50.98164 Y24.50633
G01 X-50.95820 Y24.49380
G01 X-50.95228 Y24.49162
G01 X-50.93407 Y24.48491
G01 X-50.91400 Y24.47887
G01 X-50.87499 Y24.47501
G01 X-49.17499 Y24.47501
G01 X-49.13597 Y24.47887
G01 X-49.11555 Y24.48504
G01 X-49.10925 Y24.48735
G01 X-49.09183 Y24.49378
G01 X-49.06821 Y24.50640
G01 X-49.06135 Y24.51151
G01 X-49.05083 Y24.51938
G01 X-49.03356 Y24.53358
G01 X-49.01926 Y24.55103
G01 X-49.00638 Y24.56825
G01 X-48.99371 Y24.59187
G01 X-48.98766 Y24.60836
G01 X-48.97672 Y24.63813
G01 X-48.97578 Y24.64491
G01 X-48.97474 Y24.67587
G01 X-48.97474 Y26.37416
G01 X-48.97578 Y26.40513
G01 X-48.97710 Y26.41453
G01 X-48.97997 Y26.42481
G01 X-48.99086 Y26.45854
G01 X-48.99564 Y26.47203
G01 X-49.12734 Y26.79187
G01 X-49.12780 Y26.79301
G01 X-49.13669 Y26.81618
G01 X-49.13709 Y26.81732
G01 X-49.14532 Y26.84043
G01 X-49.14573 Y26.84031
G01 X-49.14532 Y26.84043
G01 X-49.14672 Y26.84511
G01 X-49.17120 Y26.94348
G01 X-49.17212 Y26.94815
G01 X-49.18281 Y27.01932
G01 X-49.18296 Y27.02057
G01 X-49.18672 Y27.05074
G01 X-49.18705 Y27.05905
G01 X-49.19094 Y27.05941
G01 X-49.18705 Y27.05905
G01 X-49.18601 Y27.06731
G01 X-49.18360 Y27.07528
G01 X-49.13242 Y27.20485
G01 X-49.12998 Y27.21013
G01 X-49.13044 Y27.21038
G01 X-49.12998 Y27.21013
G01 X-49.09640 Y27.27261
G01 X-49.09620 Y27.27299
G01 X-49.09084 Y27.28277
G01 X-49.08571 Y27.29037
G01 X-49.07931 Y27.29690
G01 X-49.07179 Y27.30213
G01 X-49.07601 Y27.30774
G01 X-49.07179 Y27.30213
G01 X-49.06346 Y27.30594
G01 X-48.94141 Y27.34846
G01 X-48.93618 Y27.34996
G01 X-48.91875 Y27.35397
G01 X-48.91779 Y27.35417
G01 X-48.90344 Y27.35720
G01 X-48.90278 Y27.35732
G01 X-48.83349 Y27.37084
G01 X-48.82998 Y27.37139
G01 X-48.83008 Y27.37200
G01 X-48.82998 Y27.37139
G01 X-48.75764 Y27.38026
G01 X-48.75406 Y27.38056
G01 X-48.44797 Y27.39588
G01 X-48.44690 Y27.39593
G01 X-48.42518 Y27.39654
G01 X-48.42411 Y27.39657
G01 X-48.41340 Y27.39664
G01 X-48.40910 Y27.39649
G01 X-48.40908 Y27.39700
G01 X-48.40910 Y27.39649
G01 X-48.39859 Y27.39565
G01 X-48.39752 Y27.39555
G01 X-48.37593 Y27.39339
G01 X-48.37486 Y27.39326
G01 X-48.21340 Y27.37353
G01 X-48.21073 Y27.37312
G01 X-48.15675 Y27.36355
G01 X-48.15411 Y27.36301
G01 X-48.11454 Y27.35377
G01 X-48.11390 Y27.35557
G01 X-48.11454 Y27.35377
G01 X-48.10753 Y27.35156
G01 X-48.10093 Y27.34838
G01 X-48.08980 Y27.34196
G01 X-48.08825 Y27.34102
G01 X-48.04685 Y27.31508
G01 X-48.04484 Y27.31376
G01 X-48.04063 Y27.31084
G01 X-48.02574 Y27.30139
G01 X-48.02264 Y27.29944
G01 X-48.02239 Y27.29928
G01 X-48.00616 Y27.28900
G01 X-47.96575 Y27.26578
G01 X-47.92716 Y27.25153
G01 X-47.88210 Y27.23723
G01 X-47.86417 Y27.23200
G01 X-47.85264 Y27.23040
G01 X-47.84314 Y27.22936
G01 X-47.80844 Y27.22588
G01 X-47.79773 Y27.22534
G01 X-47.77436 Y27.22479
G01 X-47.12559 Y27.22479
G01 X-47.10222 Y27.22534
G01 X-47.09153 Y27.22588
G01 X-47.05721 Y27.22931
G01 X-47.03550 Y27.23208
G01 X-47.01784 Y27.23723
G01 X-46.97278 Y27.25153
G01 X-46.93420 Y27.26578
G01 X-46.89392 Y27.28892
G01 X-46.85457 Y27.31419
G01 X-46.84484 Y27.32115
G01 X-46.82076 Y27.34163
G01 X-46.81947 Y27.34269
G01 X-46.79064 Y27.36558
G01 X-46.78112 Y27.37335
G01 X-46.73872 Y27.40881
G01 X-46.70075 Y27.44124
G01 X-46.69910 Y27.44262
G01 X-46.65693 Y27.47564
G01 X-46.65528 Y27.47688
G01 X-46.59940 Y27.51701
G01 X-46.59481 Y27.52034
G01 X-46.59440 Y27.52064
G01 X-46.54391 Y27.55615
G01 X-46.51487 Y27.57734
G01 X-46.48007 Y27.60370
G01 X-46.47693 Y27.63581
G01 X-46.47499 Y27.67500
G01 X-46.57499 Y27.67500
G01 X-46.67499 Y27.67500
G01 X-46.77499 Y27.67500
G01 X-46.77548 Y27.66522
G01 X-46.78028 Y27.61643
G01 X-46.78170 Y27.60673
G01 X-46.78409 Y27.59720
G01 X-46.79831 Y27.55031
G01 X-46.80583 Y27.53220
G01 X-46.82892 Y27.48897
G01 X-46.83397 Y27.48056
G01 X-46.83981 Y27.47269
G01 X-46.87090 Y27.43479
G01 X-46.88477 Y27.42092
G01 X-46.92264 Y27.38983
G01 X-46.93054 Y27.38399
G01 X-46.93895 Y27.37896
G01 X-46.98218 Y27.35585
G01 X-47.00029 Y27.34836
G01 X-47.04718 Y27.33413
G01 X-47.05671 Y27.33174
G01 X-47.06641 Y27.33030
G01 X-47.11518 Y27.32550
G01 X-47.12498 Y27.32501
G01 X-47.77499 Y27.32501
G01 X-47.78480 Y27.32550
G01 X-47.83356 Y27.33030
G01 X-47.84327 Y27.33174
G01 X-47.85279 Y27.33413
G01 X-47.89968 Y27.34836
G01 X-47.91779 Y27.35585
G01 X-47.96102 Y27.37896
G01 X-47.96943 Y27.38399
G01 X-47.97733 Y27.38983
G01 X-48.01520 Y27.42092
G01 X-48.02907 Y27.43479
G01 X-48.04705 Y27.45671
G01 X-48.40750 Y27.50078
G01 X-48.91606 Y27.47533
G01 X-48.91743 Y27.47538
G01 X-48.92498 Y27.47500
G01 X-49.20290 Y27.47500
G01 X-49.34466 Y27.04975
G01 X-49.08548 Y26.42029
G01 X-49.08434 Y26.41653
G01 X-49.08261 Y26.41328
G01 X-49.07692 Y26.39451
G01 X-49.07499 Y26.37500
G01 X-49.07499 Y24.67501
G01 X-49.07692 Y24.65550
G01 X-49.08261 Y24.63675
G01 X-49.09183 Y24.61946
G01 X-49.10428 Y24.60429
G01 X-49.11944 Y24.59187
G01 X-49.13671 Y24.58263
G01 X-49.15548 Y24.57694
G01 X-49.17499 Y24.57501
G01 X-50.87499 Y24.57501
G01 X-50.89449 Y24.57694
G01 X-50.91326 Y24.58263
G01 X-50.93054 Y24.59187
G01 X-50.94570 Y24.60429
G01 X-50.95815 Y24.61946
G01 X-50.96737 Y24.63675
G01 X-50.97306 Y24.65550
G01 X-50.97499 Y24.67501
G01 X-50.97499 Y26.37500
G01 X-50.97306 Y26.39451
G01 X-50.96737 Y26.41328
G01 X-50.96592 Y26.41602
G01 X-50.96447 Y26.42029
G01 X-50.70529 Y27.04975
G01 X-50.84705 Y27.47500
G01 X-51.12500 Y27.47500
G01 X-51.13478 Y27.47548
G01 X-51.18357 Y27.48031
G01 X-51.19327 Y27.48173
G01 X-51.20280 Y27.48412
G01 X-51.24969 Y27.49834
G01 X-51.25893 Y27.50165
G01 X-51.26780 Y27.50586
G01 X-51.31103 Y27.52895
G01 X-51.32731 Y27.53985
G01 X-51.36521 Y27.57094
G01 X-51.37247 Y27.57752
G01 X-51.37907 Y27.58480
G01 X-51.41016 Y27.62268
G01 X-51.41601 Y27.63058
G01 X-51.42104 Y27.63898
G01 X-51.44415 Y27.68221
G01 X-51.45164 Y27.70032
G01 X-51.46587 Y27.74721
G01 X-51.46970 Y27.76644
G01 X-51.47450 Y27.81521
G01 X-51.47498 Y27.82501
G01 X-51.47498 Y28.82501
G01 X-51.47450 Y28.83482
G01 X-51.46970 Y28.88358
G01 X-51.46587 Y28.90281
G01 X-51.45164 Y28.94970
G01 X-51.44415 Y28.96784
G01 X-51.42104 Y29.01104
G01 X-51.41601 Y29.01947
G01 X-51.41016 Y29.02735
G01 X-51.37907 Y29.06522
G01 X-51.37247 Y29.07251
G01 X-51.36521 Y29.07909
G01 X-51.32731 Y29.11018
G01 X-51.31103 Y29.12107
G01 X-51.26780 Y29.14419
G01 X-51.25893 Y29.14838
G01 X-51.24969 Y29.15168
G01 X-51.20280 Y29.16590
G01 X-51.19327 Y29.16829
G01 X-51.18357 Y29.16974
G01 X-51.13478 Y29.17454
G01 X-51.12500 Y29.17502
G01 X-48.92498 Y29.17502
G01 X-48.91520 Y29.17454
G01 X-48.86640 Y29.16974
G01 X-48.85670 Y29.16829
G01 X-48.84718 Y29.16590
G01 X-48.80029 Y29.15168
G01 X-48.79104 Y29.14838
G01 X-48.78218 Y29.14419
G01 X-48.73895 Y29.12107
G01 X-48.72267 Y29.11018
G01 X-48.68477 Y29.07909
G01 X-48.67750 Y29.07251
G01 X-48.67090 Y29.06522
G01 X-48.64355 Y29.03187
G01 X-48.06435 Y28.79123
G01 X-48.04703 Y28.79334
G01 X-48.02907 Y28.81523
G01 X-48.01520 Y28.82910
G01 X-47.97733 Y28.86019
G01 X-47.96943 Y28.86603
G01 X-47.96102 Y28.87106
G01 X-47.91779 Y28.89418
G01 X-47.89968 Y28.90167
G01 X-47.85279 Y28.91589
G01 X-47.84327 Y28.91828
G01 X-47.83356 Y28.91973
G01 X-47.78480 Y28.92453
G01 X-47.77499 Y28.92501
G01 X-47.12498 Y28.92501
G01 X-47.11518 Y28.92453
G01 X-47.06641 Y28.91973
G01 X-47.05671 Y28.91828
G01 X-47.04718 Y28.91589
G01 X-47.00029 Y28.90167
G01 X-46.98218 Y28.89418
G01 X-46.93895 Y28.87106
G01 X-46.93054 Y28.86603
G01 X-46.92264 Y28.86019
G01 X-46.88477 Y28.82910
G01 X-46.87090 Y28.81523
G01 X-46.83981 Y28.77733
G01 X-46.83397 Y28.76946
G01 X-46.82892 Y28.76105
G01 X-46.80583 Y28.71782
G01 X-46.79831 Y28.69971
G01 X-46.78409 Y28.65282
G01 X-46.78170 Y28.64330
G01 X-46.78028 Y28.63360
G01 X-46.77548 Y28.58480
G01 X-46.77499 Y28.57502
G01 X-46.77499 Y27.67500
G04 P0 ( dwell for no time -- G64 should not smooth over this point )
G00 Z5.00000 ( retract )

G00 X-50.47499 Y22.77501 ( rapid move to begin. )
G01 F150.00000
( Mill infeed pass 1/1 )
G01 Z-0.06000
G04 P0 ( dwell for no time -- G64 should not smooth over this point )
G01 F300.00000
G01 X-50.47499 Y22.77501
G01 X-50.87499 Y22.77501
G01 X-50.91400 Y22.77117
G01 X-50.95152 Y22.75980
G01 X-50.98611 Y22.74130
G01 X-51.01641 Y22.71644
G01 X-51.04128 Y22.68614
G01 X-51.05977 Y22.65154
G01 X-51.07115 Y22.61403
G01 X-51.07499 Y22.57501
G01 X-51.07499 Y22.56498
G01 X-51.04999 Y22.46985
G01 X-51.07499 Y22.56498
G01 X-51.16526 Y22.65525
G01 X-51.18370 Y22.65124
G01 X-51.16526 Y22.65525
G01 X-51.14100 Y22.72027
G01 X-51.14189 Y22.72078
G01 X-51.14100 Y22.72027
G01 X-51.08929 Y22.78934
G01 X-51.09002 Y22.79007
G01 X-51.08929 Y22.78934
G01 X-51.02022 Y22.84105
G01 X-51.02071 Y22.84194
G01 X-51.02022 Y22.84105
G01 X-50.93600 Y22.87244
G01 X-50.93628 Y22.87399
G01 X-50.93600 Y22.87244
G01 X-50.91210 Y22.87501
G01 X-50.47499 Y22.87504
G01 X-50.44550 Y22.90468
G01 X-50.47499 Y22.87504
G01 X-50.47499 Y22.77501
G01 X-50.44568 Y22.74572
G01 X-50.37499 Y22.67501
G01 X-50.37499 Y22.97501
G01 X-50.91745 Y22.97501
G01 X-50.95916 Y22.97054
G01 X-51.06866 Y22.92970
G01 X-51.16074 Y22.86079
G01 X-51.22965 Y22.76871
G01 X-51.27049 Y22.65924
G01 X-51.27438 Y22.62297
G01 X-50.97646 Y22.32505
G01 X-50.97499 Y22.32505
G01 X-50.97499 Y22.57501
G01 X-50.97306 Y22.59452
G01 X-50.96737 Y22.61329
G01 X-50.95815 Y22.63056
G01 X-50.94570 Y22.64572
G01 X-50.93054 Y22.65817
G01 X-50.91326 Y22.66739
G01 X-50.89449 Y22.67308
G01 X-50.87499 Y22.67501
G01 X-50.37499 Y22.67501
G04 P0 ( dwell for no time -- G64 should not smooth over this point )
G00 Z5.00000 ( retract )

G00 X-48.87499 Y22.42505 ( rapid move to begin. )
G01 F150.00000
( Mill infeed pass 1/1 )
G01 Z-0.06000
G04 P0 ( dwell for no time -- G64 should not smooth over this point )
G01 F300.00000
G01 X-48.87499 Y22.42505
G01 X-48.97499 Y22.42505
G01 X-49.00323 Y22.39632
G01 X-48.97499 Y22.42505
G01 X-48.97499 Y22.57501
G01 X-48.97804 Y22.60973
G01 X-48.98705 Y22.64341
G01 X-49.00179 Y22.67501
G01 X-49.02178 Y22.70356
G01 X-49.04644 Y22.72822
G01 X-49.07499 Y22.74821
G01 X-49.10659 Y22.76295
G01 X-49.14027 Y22.77196
G01 X-49.17499 Y22.77501
G01 X-49.57496 Y22.77501
G01 X-49.60402 Y22.74618
G01 X-49.57496 Y22.77501
G01 X-49.57496 Y22.87504
G01 X-49.60445 Y22.90468
G01 X-49.57496 Y22.87504
G01 X-49.13785 Y22.87501
G01 X-49.11395 Y22.87244
G01 X-49.11365 Y22.87399
G01 X-49.11395 Y22.87244
G01 X-49.02973 Y22.84105
G01 X-49.02924 Y22.84194
G01 X-49.02973 Y22.84105
G01 X-48.96064 Y22.78934
G01 X-48.95993 Y22.79007
G01 X-48.96064 Y22.78934
G01 X-48.90898 Y22.72030
G01 X-48.90806 Y22.72078
G01 X-48.90898 Y22.72030
G01 X-48.87756 Y22.63605
G01 X-48.87606 Y22.63633
G01 X-48.87756 Y22.63605
G01 X-48.87499 Y22.61215
G01 X-48.87499 Y22.42505
G01 X-48.84489 Y22.39531
G01 X-48.77499 Y22.32505
G01 X-48.77499 Y22.61756
G01 X-48.77946 Y22.65924
G01 X-48.82030 Y22.76871
G01 X-48.88921 Y22.86079
G01 X-48.98129 Y22.92970
G01 X-49.09076 Y22.97054
G01 X-49.13250 Y22.97501
G01 X-49.67496 Y22.97501
G01 X-49.67496 Y22.67501
G01 X-49.17499 Y22.67501
G01 X-49.15762 Y22.67349
G01 X-49.14078 Y22.66899
G01 X-49.12498 Y22.66162
G01 X-49.11070 Y22.65162
G01 X-49.09838 Y22.63930
G01 X-49.08838 Y22.62502
G01 X-49.08101 Y22.60922
G01 X-49.07651 Y22.59238
G01 X-49.07499 Y22.57501
G01 X-49.07499 Y22.32505
G01 X-48.77499 Y22.32505
G04 P0 ( dwell for no time -- G64 should not smooth over this point )
G00 Z5.00000 ( retract )

G00 X-50.72495 Y20.57504 ( rapid move to begin. )
G01 F150.00000
( Mill infeed pass 1/1 )
G01 Z-0.06000
G04 P0 ( dwell for no time -- G64 should not smooth over this point )
G01 F300.00000
G01 X-50.72495 Y20.57504
G01 X-50.72495 Y20.67501
G01 X-50.69640 Y20.70301
G01 X-50.72495 Y20.67501
G01 X-50.87499 Y20.67501
G01 X-50.91400 Y20.67885
G01 X-50.95152 Y20.69023
G01 X-50.98611 Y20.70872
G01 X-51.01641 Y20.73359
G01 X-51.04128 Y20.76389
G01 X-51.05977 Y20.79848
G01 X-51.07115 Y20.83600
G01 X-51.07499 Y20.87501
G01 X-51.07499 Y21.02503
G01 X-51.04699 Y21.05360
G01 X-51.07499 Y21.02503
G01 X-51.17496 Y21.02503
G01 X-51.20506 Y21.05477
G01 X-51.17496 Y21.02503
G01 X-51.17496 Y20.83788
G01 X-51.17239 Y20.81398
G01 X-51.17389 Y20.81370
G01 X-51.17239 Y20.81398
G01 X-51.14097 Y20.72978
G01 X-51.14189 Y20.72927
G01 X-51.14097 Y20.72978
G01 X-51.08929 Y20.66071
G01 X-51.09002 Y20.65998
G01 X-51.08929 Y20.66071
G01 X-51.02025 Y20.60903
G01 X-51.02073 Y20.60811
G01 X-51.02025 Y20.60903
G01 X-50.93600 Y20.57761
G01 X-50.93628 Y20.57611
G01 X-50.93600 Y20.57761
G01 X-50.91210 Y20.57504
G01 X-50.72495 Y20.57504
G01 X-50.69523 Y20.54494
G01 X-50.62497 Y20.47504
G01 X-50.62497 Y20.77501
G01 X-50.87499 Y20.77501
G01 X-50.89449 Y20.77694
G01 X-50.91326 Y20.78263
G01 X-50.93054 Y20.79185
G01 X-50.94570 Y20.80430
G01 X-50.95815 Y20.81946
G01 X-50.96737 Y20.83674
G01 X-50.97306 Y20.85551
G01 X-50.97499 Y20.87501
G01 X-50.97499 Y21.12503
G01 X-51.22500 Y21.12503
G01 X-51.23478 Y21.12551
G01 X-51.27499 Y21.12947
G01 X-51.27499 Y20.83255
G01 X-51.27049 Y20.79081
G01 X-51.22965 Y20.68134
G01 X-51.16074 Y20.58926
G01 X-51.06866 Y20.52035
G01 X-50.95916 Y20.47951
G01 X-50.91743 Y20.47501
G01 X-50.62497 Y20.47504
G04 P0 ( dwell for no time -- G64 should not smooth over this point )
G00 Z5.00000 ( retract )

G00 X-50.72497 Y19.07502 ( rapid move to begin. )
G01 F150.00000
( Mill infeed pass 1/1 )
G01 Z-0.06000
G04 P0 ( dwell for no time -- G64 should not smooth over this point )
G01 F300.00000
G01 X-50.72497 Y19.07502
G01 X-51.12500 Y19.07502
G01 X-51.14458 Y19.07405
G01 X-51.19337 Y19.06925
G01 X-51.23181 Y19.06161
G01 X-51.27872 Y19.04738
G01 X-51.29718 Y19.04075
G01 X-51.31494 Y19.03237
G01 X-51.35817 Y19.00926
G01 X-51.39076 Y18.98749
G01 X-51.42866 Y18.95640
G01 X-51.44318 Y18.94322
G01 X-51.45637 Y18.92866
G01 X-51.48746 Y18.89079
G01 X-51.49914 Y18.87502
G01 X-51.50925 Y18.85818
G01 X-51.53234 Y18.81497
G01 X-51.54735 Y18.77875
G01 X-51.56157 Y18.73184
G01 X-51.56922 Y18.69338
G01 X-51.57402 Y18.64461
G01 X-51.57498 Y18.62501
G01 X-51.57498 Y18.57502
G01 X-51.55080 Y18.54870
G01 X-51.57498 Y18.57502
G01 X-51.67496 Y18.57504
G01 X-51.70729 Y18.54413
G01 X-51.67496 Y18.57504
G01 X-51.67496 Y18.66481
G01 X-51.66775 Y18.73560
G01 X-51.66869 Y18.73578
G01 X-51.66775 Y18.73560
G01 X-51.62685 Y18.85904
G01 X-51.62746 Y18.85932
G01 X-51.62685 Y18.85904
G01 X-51.55934 Y18.96849
G01 X-51.55987 Y18.96890
G01 X-51.55934 Y18.96849
G01 X-51.46843 Y19.05940
G01 X-51.46884 Y19.05993
G01 X-51.46843 Y19.05940
G01 X-51.35901 Y19.12688
G01 X-51.35929 Y19.12752
G01 X-51.35901 Y19.12688
G01 X-51.23554 Y19.16780
G01 X-51.23567 Y19.16839
G01 X-51.23554 Y19.16780
G01 X-51.16477 Y19.17504
G01 X-50.72497 Y19.17504
G01 X-50.69566 Y19.20433
G01 X-50.72497 Y19.17504
G01 X-50.72497 Y19.07502
G01 X-50.69576 Y19.04586
G01 X-50.62497 Y18.97502
G01 X-50.62497 Y19.27504
G01 X-51.16988 Y19.27502
G01 X-51.25662 Y19.26618
G01 X-51.40155 Y19.21815
G01 X-51.53086 Y19.13837
G01 X-51.63831 Y19.03092
G01 X-51.71809 Y18.90159
G01 X-51.76612 Y18.75665
G01 X-51.77498 Y18.66986
G01 X-51.77496 Y18.47504
G01 X-51.47498 Y18.47504
G01 X-51.47498 Y18.62501
G01 X-51.47450 Y18.63481
G01 X-51.46970 Y18.68358
G01 X-51.46587 Y18.70281
G01 X-51.45164 Y18.74972
G01 X-51.44415 Y18.76783
G01 X-51.42104 Y18.81104
G01 X-51.41601 Y18.81947
G01 X-51.41016 Y18.82734
G01 X-51.37907 Y18.86524
G01 X-51.37247 Y18.87250
G01 X-51.36521 Y18.87908
G01 X-51.32731 Y18.91017
G01 X-51.31103 Y18.92107
G01 X-51.26780 Y18.94418
G01 X-51.25893 Y18.94837
G01 X-51.24969 Y18.95168
G01 X-51.20280 Y18.96590
G01 X-51.19327 Y18.96829
G01 X-51.18357 Y18.96973
G01 X-51.13478 Y18.97454
G01 X-51.12500 Y18.97502
G01 X-50.62497 Y18.97502
G04 P0 ( dwell for no time -- G64 should not smooth over this point )
G00 Z5.00000 ( retract )

G00 X-50.47499 Y17.07502 ( rapid move to begin. )
G01 F150.00000
( Mill infeed pass 1/1 )
G01 Z-0.06000
G04 P0 ( dwell for no time -- G64 should not smooth over this point )
G01 F300.00000
G01 X-50.47499 Y17.07502
G01 X-51.16475 Y17.07505
G01 X-51.23554 Y17.08226
G01 X-51.23567 Y17.08168
G01 X-51.23554 Y17.08226
G01 X-51.35898 Y17.12315
G01 X-51.35926 Y17.12254
G01 X-51.35898 Y17.12315
G01 X-51.46843 Y17.19067
G01 X-51.46886 Y17.19013
G01 X-51.46843 Y17.19067
G01 X-51.55934 Y17.28157
G01 X-51.55987 Y17.28114
G01 X-51.55934 Y17.28157
G01 X-51.62685 Y17.39100
G01 X-51.62746 Y17.39069
G01 X-51.62685 Y17.39100
G01 X-51.66775 Y17.51444
G01 X-51.66869 Y17.51426
G01 X-51.66775 Y17.51444
G01 X-51.67496 Y17.58523
G01 X-51.67496 Y17.67502
G01 X-51.70729 Y17.70593
G01 X-51.67496 Y17.67502
G01 X-51.57498 Y17.67502
G01 X-51.55080 Y17.70136
G01 X-51.57498 Y17.67502
G01 X-51.57498 Y17.62501
G01 X-51.57402 Y17.60540
G01 X-51.56922 Y17.55663
G01 X-51.56157 Y17.51818
G01 X-51.54735 Y17.47129
G01 X-51.53234 Y17.43507
G01 X-51.50925 Y17.39184
G01 X-51.49914 Y17.37500
G01 X-51.48746 Y17.35925
G01 X-51.45637 Y17.32135
G01 X-51.44318 Y17.30682
G01 X-51.42866 Y17.29364
G01 X-51.39076 Y17.26255
G01 X-51.35817 Y17.24076
G01 X-51.31494 Y17.21767
G01 X-51.29718 Y17.20926
G01 X-51.27872 Y17.20266
G01 X-51.23181 Y17.18843
G01 X-51.19337 Y17.18079
G01 X-51.14458 Y17.17599
G01 X-51.12500 Y17.17502
G01 X-50.47499 Y17.17502
G01 X-50.44573 Y17.20421
G01 X-50.47499 Y17.17502
G01 X-50.47499 Y17.07502
G01 X-50.44568 Y17.04574
G01 X-50.37499 Y16.97505
G01 X-50.37499 Y17.27502
G01 X-51.12500 Y17.27502
G01 X-51.13478 Y17.27550
G01 X-51.18357 Y17.28030
G01 X-51.19327 Y17.28173
G01 X-51.20280 Y17.28411
G01 X-51.24969 Y17.29834
G01 X-51.25893 Y17.30167
G01 X-51.26780 Y17.30586
G01 X-51.31103 Y17.32895
G01 X-51.32731 Y17.33984
G01 X-51.36521 Y17.37093
G01 X-51.37247 Y17.37754
G01 X-51.37907 Y17.38480
G01 X-51.41016 Y17.42267
G01 X-51.41601 Y17.43057
G01 X-51.42104 Y17.43898
G01 X-51.44415 Y17.48221
G01 X-51.45164 Y17.50032
G01 X-51.46587 Y17.54721
G01 X-51.46970 Y17.56644
G01 X-51.47450 Y17.61520
G01 X-51.47498 Y17.62501
G01 X-51.47498 Y17.77505
G01 X-51.77496 Y17.77502
G01 X-51.77498 Y17.58018
G01 X-51.76612 Y17.49341
G01 X-51.71809 Y17.34843
G01 X-51.63831 Y17.21912
G01 X-51.53086 Y17.11170
G01 X-51.40155 Y17.03192
G01 X-51.25662 Y16.98389
G01 X-51.16980 Y16.97505
G01 X-50.37499 Y16.97505
G04 P0 ( dwell for no time -- G64 should not smooth over this point )
G00 Z5.00000 ( retract )

G00 X-46.57499 Y12.67506 ( rapid move to begin. )
G01 F150.00000
( Mill infeed pass 1/1 )
G01 Z-0.06000
G04 P0 ( dwell for no time -- G64 should not smooth over this point )
G01 F300.00000
G01 X-46.57499 Y12.67506
G01 X-46.57644 Y12.64562
G01 X-46.58124 Y12.59682
G01 X-46.58556 Y12.56772
G01 X-46.59270 Y12.53917
G01 X-46.59943 Y12.51704
G01 X-46.65528 Y12.47688
G01 X-46.65693 Y12.47564
G01 X-46.69910 Y12.44265
G01 X-46.70075 Y12.44125
G01 X-46.73877 Y12.40876
G01 X-46.78109 Y12.37341
G01 X-46.79072 Y12.36551
G01 X-46.81944 Y12.34275
G01 X-46.82074 Y12.34163
G01 X-46.84477 Y12.32121
G01 X-46.85457 Y12.31420
G01 X-46.89392 Y12.28893
G01 X-46.93420 Y12.26579
G01 X-46.97278 Y12.25156
G01 X-47.01784 Y12.23724
G01 X-47.03547 Y12.23208
G01 X-47.05721 Y12.22934
G01 X-47.09148 Y12.22588
G01 X-47.10225 Y12.22540
G01 X-47.12556 Y12.22479
G01 X-47.77438 Y12.22479
G01 X-47.79770 Y12.22540
G01 X-47.80852 Y12.22588
G01 X-47.84314 Y12.22936
G01 X-47.85272 Y12.23043
G01 X-47.86417 Y12.23203
G01 X-47.88213 Y12.23724
G01 X-47.92716 Y12.25156
G01 X-47.96575 Y12.26579
G01 X-48.00616 Y12.28900
G01 X-48.02241 Y12.29931
G01 X-48.02577 Y12.30142
G01 X-48.04063 Y12.31085
G01 X-48.04484 Y12.31377
G01 X-48.04685 Y12.31509
G01 X-48.08815 Y12.34097
G01 X-48.08970 Y12.34193
G01 X-48.10087 Y12.34839
G01 X-48.10748 Y12.35154
G01 X-48.11449 Y12.35375
G01 X-48.11385 Y12.35555
G01 X-48.11449 Y12.35375
G01 X-48.15401 Y12.36297
G01 X-48.15665 Y12.36355
G01 X-48.21078 Y12.37313
G01 X-48.21345 Y12.37356
G01 X-48.37491 Y12.39327
G01 X-48.37596 Y12.39342
G01 X-48.39722 Y12.39553
G01 X-48.39826 Y12.39561
G01 X-48.40923 Y12.39649
G01 X-48.40920 Y12.39700
G01 X-48.40923 Y12.39649
G01 X-48.41350 Y12.39665
G01 X-48.42378 Y12.39657
G01 X-48.42488 Y12.39654
G01 X-48.44687 Y12.39594
G01 X-48.44797 Y12.39588
G01 X-48.75406 Y12.38057
G01 X-48.75764 Y12.38026
G01 X-48.83008 Y12.37140
G01 X-48.83018 Y12.37201
G01 X-48.83008 Y12.37140
G01 X-48.83359 Y12.37084
G01 X-48.90288 Y12.35730
G01 X-48.90351 Y12.35717
G01 X-48.91779 Y12.35420
G01 X-48.91878 Y12.35397
G01 X-48.93618 Y12.35001
G01 X-48.94141 Y12.34846
G01 X-49.06346 Y12.30594
G01 X-49.07179 Y12.30216
G01 X-49.07598 Y12.30775
G01 X-49.07179 Y12.30216
G01 X-49.07928 Y12.29690
G01 X-49.08571 Y12.29037
G01 X-49.09084 Y12.28278
G01 X-49.09620 Y12.27302
G01 X-49.09640 Y12.27262
G01 X-49.12998 Y12.21013
G01 X-49.13044 Y12.21039
G01 X-49.12998 Y12.21013
G01 X-49.13242 Y12.20485
G01 X-49.18360 Y12.07531
G01 X-49.18601 Y12.06731
G01 X-49.18705 Y12.05905
G01 X-49.19094 Y12.05941
G01 X-49.18705 Y12.05905
G01 X-49.18672 Y12.05077
G01 X-49.18296 Y12.02060
G01 X-49.18281 Y12.01933
G01 X-49.17212 Y11.94816
G01 X-49.17120 Y11.94348
G01 X-49.14672 Y11.84516
G01 X-49.14532 Y11.84046
G01 X-49.14570 Y11.84031
G01 X-49.14532 Y11.84046
G01 X-49.13709 Y11.81732
G01 X-49.13669 Y11.81618
G01 X-49.12780 Y11.79302
G01 X-49.12734 Y11.79190
G01 X-48.99564 Y11.47201
G01 X-48.99076 Y11.45829
G01 X-48.97997 Y11.42479
G01 X-48.97710 Y11.41456
G01 X-48.97578 Y11.40513
G01 X-48.97474 Y11.37414
G01 X-48.97474 Y9.67590
G01 X-48.97578 Y9.64489
G01 X-48.97672 Y9.63810
G01 X-48.98505 Y9.61540
G01 X-48.99371 Y9.59190
G01 X-48.99861 Y9.57862
G01 X-49.00633 Y9.56828
G01 X-49.01929 Y9.55098
G01 X-49.03285 Y9.53287
G01 X-49.07855 Y9.49866
G01 X-49.10864 Y9.48758
G01 X-49.11571 Y9.48499
G01 X-49.13811 Y9.47676
G01 X-49.14486 Y9.47582
G01 X-49.17583 Y9.47478
G01 X-50.87412 Y9.47478
G01 X-50.90506 Y9.47582
G01 X-50.91187 Y9.47676
G01 X-50.93414 Y9.48497
G01 X-50.95825 Y9.49383
G01 X-50.97143 Y9.49868
G01 X-50.98164 Y9.50633
G01 X-50.99124 Y9.51349
G01 X-50.99919 Y9.51946
G01 X-51.01712 Y9.53287
G01 X-51.03051 Y9.55078
G01 X-51.03887 Y9.56196
G01 X-51.04364 Y9.56831
G01 X-51.05131 Y9.57857
G01 X-51.05616 Y9.59175
G01 X-51.06505 Y9.61588
G01 X-51.07323 Y9.63813
G01 X-51.07417 Y9.64494
G01 X-51.07521 Y9.67590
G01 X-51.07521 Y11.34940
G01 X-51.07524 Y11.35032
G01 X-51.07557 Y11.36840
G01 X-51.07557 Y11.36914
G01 X-51.07598 Y11.38090
G01 X-51.07473 Y11.40081
G01 X-51.07450 Y11.40348
G01 X-51.07308 Y11.41318
G01 X-51.06919 Y11.42604
G01 X-51.06510 Y11.43866
G01 X-51.06102 Y11.45085
G01 X-51.05870 Y11.45741
G01 X-51.05840 Y11.45829
G01 X-51.05192 Y11.47780
G01 X-50.91784 Y11.80340
G01 X-50.91659 Y11.80676
G01 X-50.89376 Y11.87600
G01 X-50.89340 Y11.87590
G01 X-50.89376 Y11.87600
G01 X-50.89274 Y11.87940
G01 X-50.87544 Y11.94783
G01 X-50.87455 Y11.95210
G01 X-50.85893 Y12.04877
G01 X-50.85830 Y12.05707
G01 X-50.85456 Y12.05730
G01 X-50.85830 Y12.05707
G01 X-50.85903 Y12.06530
G01 X-50.86112 Y12.07328
G01 X-50.88296 Y12.13566
G01 X-50.88398 Y12.13830
G01 X-50.91088 Y12.20302
G01 X-50.91062 Y12.20315
G01 X-50.91088 Y12.20302
G01 X-50.91248 Y12.20645
G01 X-50.95373 Y12.28778
G01 X-50.95876 Y12.29578
G01 X-50.96521 Y12.30264
G01 X-50.96033 Y12.30853
G01 X-50.96521 Y12.30264
G01 X-50.97285 Y12.30820
G01 X-50.98139 Y12.31224
G01 X-51.05154 Y12.33741
G01 X-51.05441 Y12.33838
G01 X-51.11075 Y12.35484
G01 X-51.13620 Y12.36251
G01 X-51.13821 Y12.36307
G01 X-51.18128 Y12.37412
G01 X-51.18337 Y12.37460
G01 X-51.18710 Y12.37539
G01 X-51.23285 Y12.38748
G01 X-51.27727 Y12.40157
G01 X-51.31573 Y12.41577
G01 X-51.35593 Y12.43894
G01 X-51.39538 Y12.46421
G01 X-51.40455 Y12.47076
G01 X-51.42642 Y12.49058
G01 X-51.43739 Y12.50155
G01 X-51.44290 Y12.50706
G01 X-51.44834 Y12.51252
G01 X-51.45947 Y12.52367
G01 X-51.47928 Y12.54549
G01 X-51.48586 Y12.55469
G01 X-51.51105 Y12.59393
G01 X-51.53424 Y12.63426
G01 X-51.54847 Y12.67285
G01 X-51.56277 Y12.71793
G01 X-51.56792 Y12.73558
G01 X-51.57069 Y12.75728
G01 X-51.57412 Y12.79159
G01 X-51.57465 Y12.80228
G01 X-51.57521 Y12.82565
G01 X-51.57521 Y13.82441
G01 X-51.57465 Y13.84777
G01 X-51.57412 Y13.85852
G01 X-51.57069 Y13.89278
G01 X-51.56792 Y13.91453
G01 X-51.56277 Y13.93218
G01 X-51.54847 Y13.97721
G01 X-51.53422 Y14.01579
G01 X-51.51108 Y14.05613
G01 X-51.48586 Y14.09537
G01 X-51.47925 Y14.10459
G01 X-51.45947 Y14.12644
G01 X-51.44791 Y14.13799
G01 X-51.43770 Y14.14818
G01 X-51.43798 Y14.14795
G01 X-51.44791 Y14.13799
G01 X-51.45637 Y14.12867
G01 X-51.48746 Y14.09078
G01 X-51.50925 Y14.05824
G01 X-51.53234 Y14.01498
G01 X-51.54735 Y13.97874
G01 X-51.56157 Y13.93185
G01 X-51.56922 Y13.89344
G01 X-51.57402 Y13.84462
G01 X-51.57498 Y13.82502
G01 X-51.57498 Y12.82502
G01 X-51.57402 Y12.80541
G01 X-51.56922 Y12.75664
G01 X-51.56157 Y12.71818
G01 X-51.54735 Y12.67135
G01 X-51.53234 Y12.63505
G01 X-51.50925 Y12.59185
G01 X-51.48746 Y12.55923
G01 X-51.45637 Y12.52141
G01 X-51.44834 Y12.51252
G01 X-51.44290 Y12.50706
G01 X-51.43739 Y12.50155
G01 X-51.42866 Y12.49365
G01 X-51.39076 Y12.46253
G01 X-51.35817 Y12.44077
G01 X-51.31494 Y12.41765
G01 X-51.27872 Y12.40267
G01 X-51.23181 Y12.38842
G01 X-51.19337 Y12.38077
G01 X-51.14458 Y12.37600
G01 X-51.12497 Y12.37503
G01 X-50.91913 Y12.37503
G01 X-50.90587 Y12.39301
G01 X-50.91913 Y12.37503
G01 X-50.81194 Y12.05342
G01 X-50.80534 Y12.05321
G01 X-50.81194 Y12.05342
G01 X-51.05693 Y11.45837
G01 X-51.05835 Y11.45426
G01 X-51.05977 Y11.45154
G01 X-51.06450 Y11.43602
G01 X-51.06531 Y11.43353
G01 X-51.06546 Y11.43279
G01 X-51.07115 Y11.41407
G01 X-51.07499 Y11.37501
G01 X-51.07499 Y9.67501
G01 X-51.07115 Y9.63600
G01 X-51.06505 Y9.61588
G01 X-51.05616 Y9.59175
G01 X-51.04364 Y9.56831
G01 X-51.03887 Y9.56196
G01 X-51.03051 Y9.55078
G01 X-51.01641 Y9.53358
G01 X-50.99919 Y9.51946
G01 X-50.99124 Y9.51349
G01 X-50.98164 Y9.50633
G01 X-50.95825 Y9.49383
G01 X-50.93414 Y9.48497
G01 X-50.91400 Y9.47885
G01 X-50.87499 Y9.47501
G01 X-49.17499 Y9.47501
G01 X-49.13597 Y9.47885
G01 X-49.11571 Y9.48499
G01 X-49.10864 Y9.48758
G01 X-49.09178 Y9.49381
G01 X-49.06823 Y9.50638
G01 X-49.05094 Y9.51933
G01 X-49.03356 Y9.53358
G01 X-49.01929 Y9.55098
G01 X-49.00633 Y9.56828
G01 X-48.99371 Y9.59190
G01 X-48.98505 Y9.61540
G01 X-48.97883 Y9.63600
G01 X-48.97499 Y9.67501
G01 X-48.97499 Y11.37501
G01 X-48.97883 Y11.41407
G01 X-48.99020 Y11.45154
G01 X-48.99191 Y11.45474
G01 X-48.99302 Y11.45837
G01 X-49.23803 Y12.05342
G01 X-49.24471 Y12.05319
G01 X-49.23803 Y12.05342
G01 X-49.13082 Y12.37503
G01 X-49.14385 Y12.39246
G01 X-49.13082 Y12.37503
G01 X-48.92500 Y12.37503
G01 X-48.91499 Y12.37526
G01 X-48.41126 Y12.40046
G01 X-48.41124 Y12.40076
G01 X-48.41126 Y12.40046
G01 X-48.09706 Y12.36205
G01 X-48.09592 Y12.36502
G01 X-48.09706 Y12.36205
G01 X-48.07865 Y12.34364
G01 X-48.04075 Y12.31255
G01 X-48.02577 Y12.30142
G01 X-48.02241 Y12.29931
G01 X-48.00816 Y12.29078
G01 X-47.96493 Y12.26769
G01 X-47.92871 Y12.25268
G01 X-47.88182 Y12.23848
G01 X-47.86277 Y12.23365
G01 X-47.84337 Y12.23078
G01 X-47.79460 Y12.22598
G01 X-47.77499 Y12.22502
G01 X-47.12498 Y12.22502
G01 X-47.10537 Y12.22598
G01 X-47.05660 Y12.23078
G01 X-47.03720 Y12.23365
G01 X-47.01815 Y12.23848
G01 X-46.97126 Y12.25268
G01 X-46.93504 Y12.26769
G01 X-46.89181 Y12.29078
G01 X-46.88061 Y12.29748
G01 X-46.87256 Y12.30272
G01 X-46.85922 Y12.31255
G01 X-46.82132 Y12.34364
G01 X-46.79361 Y12.37135
G01 X-46.76252 Y12.40924
G01 X-46.75081 Y12.42504
G01 X-46.74073 Y12.44183
G01 X-46.71764 Y12.48509
G01 X-46.70263 Y12.52128
G01 X-46.68841 Y12.56820
G01 X-46.68363 Y12.58725
G01 X-46.68076 Y12.60663
G01 X-46.67596 Y12.65542
G01 X-46.67499 Y12.67506
G01 X-46.77499 Y12.67506
G01 X-46.77499 Y13.57500
G01 X-46.77548 Y13.58486
G01 X-46.78028 Y13.63360
G01 X-46.78170 Y13.64330
G01 X-46.78409 Y13.65280
G01 X-46.79831 Y13.69977
G01 X-46.80583 Y13.71785
G01 X-46.82892 Y13.76103
G01 X-46.83397 Y13.76949
G01 X-46.83981 Y13.77734
G01 X-46.87090 Y13.81524
G01 X-46.88477 Y13.82908
G01 X-46.92264 Y13.86019
G01 X-46.93054 Y13.86604
G01 X-46.93895 Y13.87107
G01 X-46.98218 Y13.89418
G01 X-47.00029 Y13.90167
G01 X-47.04718 Y13.91590
G01 X-47.05671 Y13.91828
G01 X-47.06641 Y13.91976
G01 X-47.11518 Y13.92453
G01 X-47.12498 Y13.92502
G01 X-47.77499 Y13.92502
G01 X-47.78480 Y13.92453
G01 X-47.83356 Y13.91976
G01 X-47.84327 Y13.91828
G01 X-47.85279 Y13.91590
G01 X-47.89968 Y13.90167
G01 X-47.91779 Y13.89418
G01 X-47.96102 Y13.87107
G01 X-47.96943 Y13.86604
G01 X-47.97733 Y13.86019
G01 X-48.01520 Y13.82908
G01 X-48.02907 Y13.81524
G01 X-48.04703 Y13.79337
G01 X-48.06435 Y13.79128
G01 X-48.64355 Y14.03192
G01 X-48.67090 Y14.06522
G01 X-48.67750 Y14.07249
G01 X-48.68477 Y14.07909
G01 X-48.72267 Y14.11021
G01 X-48.73054 Y14.11602
G01 X-48.73895 Y14.12108
G01 X-48.78218 Y14.14417
G01 X-48.80029 Y14.15168
G01 X-48.84718 Y14.16591
G01 X-48.86640 Y14.16974
G01 X-48.91520 Y14.17452
G01 X-48.92498 Y14.17500
G01 X-51.12500 Y14.17500
G01 X-51.13478 Y14.17452
G01 X-51.18357 Y14.16974
G01 X-51.20280 Y14.16591
G01 X-51.24969 Y14.15168
G01 X-51.26780 Y14.14417
G01 X-51.31103 Y14.12108
G01 X-51.31944 Y14.11602
G01 X-51.32731 Y14.11021
G01 X-51.36521 Y14.07909
G01 X-51.37247 Y14.07249
G01 X-51.37907 Y14.06522
G01 X-51.41016 Y14.02740
G01 X-51.41601 Y14.01950
G01 X-51.42104 Y14.01105
G01 X-51.44415 Y13.96784
G01 X-51.45164 Y13.94970
G01 X-51.46587 Y13.90282
G01 X-51.46970 Y13.88359
G01 X-51.47450 Y13.83485
G01 X-51.47498 Y13.82502
G01 X-51.47498 Y12.82502
G01 X-51.47450 Y12.81521
G01 X-51.46970 Y12.76644
G01 X-51.46587 Y12.74722
G01 X-51.45164 Y12.70030
G01 X-51.44415 Y12.68219
G01 X-51.42104 Y12.63899
G01 X-51.41601 Y12.63055
G01 X-51.41016 Y12.62268
G01 X-51.37907 Y12.58483
G01 X-51.37247 Y12.57752
G01 X-51.36521 Y12.57097
G01 X-51.32731 Y12.53985
G01 X-51.31944 Y12.53401
G01 X-51.31103 Y12.52898
G01 X-51.26780 Y12.50584
G01 X-51.24969 Y12.49835
G01 X-51.20280 Y12.48412
G01 X-51.18357 Y12.48029
G01 X-51.13478 Y12.47549
G01 X-51.12500 Y12.47501
G01 X-50.84705 Y12.47501
G01 X-50.70529 Y12.04973
G01 X-50.96447 Y11.42030
G01 X-50.96592 Y11.41600
G01 X-50.96737 Y11.41329
G01 X-50.97306 Y11.39454
G01 X-50.97499 Y11.37501
G01 X-50.97499 Y9.67501
G01 X-50.97306 Y9.65550
G01 X-50.96737 Y9.63673
G01 X-50.95815 Y9.61946
G01 X-50.94570 Y9.60430
G01 X-50.93054 Y9.59188
G01 X-50.91326 Y9.58263
G01 X-50.89449 Y9.57694
G01 X-50.87499 Y9.57501
G01 X-49.17499 Y9.57501
G01 X-49.15548 Y9.57694
G01 X-49.13671 Y9.58263
G01 X-49.11944 Y9.59188
G01 X-49.10428 Y9.60430
G01 X-49.09183 Y9.61946
G01 X-49.08261 Y9.63673
G01 X-49.07692 Y9.65550
G01 X-49.07499 Y9.67501
G01 X-49.07499 Y11.37501
G01 X-49.07692 Y11.39454
G01 X-49.08261 Y11.41329
G01 X-49.08434 Y11.41654
G01 X-49.08548 Y11.42030
G01 X-49.34466 Y12.04973
G01 X-49.20290 Y12.47501
G01 X-48.92498 Y12.47501
G01 X-48.91743 Y12.47541
G01 X-48.91606 Y12.47534
G01 X-48.40766 Y12.50076
G01 X-48.04703 Y12.45669
G01 X-48.02907 Y12.43480
G01 X-48.01520 Y12.42093
G01 X-47.97733 Y12.38986
G01 X-47.96943 Y12.38400
G01 X-47.96102 Y12.37894
G01 X-47.91779 Y12.35585
G01 X-47.89968 Y12.34839
G01 X-47.85279 Y12.33411
G01 X-47.84327 Y12.33177
G01 X-47.83356 Y12.33030
G01 X-47.78480 Y12.32550
G01 X-47.77499 Y12.32502
G01 X-47.12498 Y12.32502
G01 X-47.11518 Y12.32550
G01 X-47.06641 Y12.33030
G01 X-47.05671 Y12.33177
G01 X-47.04718 Y12.33411
G01 X-47.00029 Y12.34839
G01 X-46.98218 Y12.35585
G01 X-46.93895 Y12.37894
G01 X-46.93054 Y12.38400
G01 X-46.92264 Y12.38986
G01 X-46.88477 Y12.42093
G01 X-46.87090 Y12.43480
G01 X-46.83981 Y12.47267
G01 X-46.83397 Y12.48057
G01 X-46.82892 Y12.48898
G01 X-46.80583 Y12.53223
G01 X-46.79831 Y12.55032
G01 X-46.78409 Y12.59720
G01 X-46.78170 Y12.60673
G01 X-46.78028 Y12.61646
G01 X-46.77548 Y12.66520
G01 X-46.77499 Y12.67506
G01 X-46.67499 Y12.67506
G01 X-46.57499 Y12.67506
G01 X-46.67499 Y12.67506
G01 X-46.67499 Y13.57500
G01 X-46.67596 Y13.59461
G01 X-46.68076 Y13.64338
G01 X-46.68363 Y13.66281
G01 X-46.68841 Y13.68186
G01 X-46.70263 Y13.72875
G01 X-46.71764 Y13.76497
G01 X-46.74073 Y13.80823
G01 X-46.75081 Y13.82502
G01 X-46.76252 Y13.84081
G01 X-46.79361 Y13.87866
G01 X-46.82132 Y13.90640
G01 X-46.85922 Y13.93751
G01 X-46.87497 Y13.94917
G01 X-46.89181 Y13.95928
G01 X-46.93504 Y13.98237
G01 X-46.97126 Y13.99738
G01 X-47.01815 Y14.01160
G01 X-47.03720 Y14.01635
G01 X-47.05660 Y14.01925
G01 X-47.10537 Y14.02405
G01 X-47.12498 Y14.02501
G01 X-47.77499 Y14.02501
G01 X-47.79460 Y14.02405
G01 X-47.84337 Y14.01925
G01 X-47.86277 Y14.01635
G01 X-47.88182 Y14.01160
G01 X-47.92871 Y13.99738
G01 X-47.96493 Y13.98237
G01 X-48.00816 Y13.95928
G01 X-48.02500 Y13.94917
G01 X-48.04075 Y13.93751
G01 X-48.07865 Y13.90640
G01 X-48.07931 Y13.90574
G01 X-48.07799 Y13.89233
G01 X-48.07931 Y13.90574
G01 X-48.58210 Y14.11463
G01 X-48.58276 Y14.11358
G01 X-48.58210 Y14.11463
G01 X-48.59361 Y14.12867
G01 X-48.60679 Y14.14320
G01 X-48.62132 Y14.15638
G01 X-48.65922 Y14.18750
G01 X-48.69181 Y14.20929
G01 X-48.73504 Y14.23238
G01 X-48.77126 Y14.24739
G01 X-48.81817 Y14.26159
G01 X-48.85660 Y14.26924
G01 X-48.90539 Y14.27406
G01 X-48.92498 Y14.27500
G01 X-51.12500 Y14.27500
G01 X-51.14458 Y14.27406
G01 X-51.19337 Y14.26924
G01 X-51.23181 Y14.26159
G01 X-51.27872 Y14.24739
G01 X-51.31494 Y14.23238
G01 X-51.35817 Y14.20929
G01 X-51.39076 Y14.18750
G01 X-51.42866 Y14.15638
G01 X-51.43770 Y14.14818
G01 X-51.42642 Y14.15948
G01 X-51.40455 Y14.17932
G01 X-51.39538 Y14.18590
G01 X-51.35593 Y14.21122
G01 X-51.31575 Y14.23431
G01 X-51.27717 Y14.24851
G01 X-51.23211 Y14.26281
G01 X-51.21446 Y14.26797
G01 X-51.19274 Y14.27073
G01 X-51.15845 Y14.27416
G01 X-51.14773 Y14.27470
G01 X-51.12436 Y14.27531
G01 X-48.92559 Y14.27531
G01 X-48.90222 Y14.27470
G01 X-48.89147 Y14.27416
G01 X-48.85721 Y14.27073
G01 X-48.83549 Y14.26797
G01 X-48.81787 Y14.26281
G01 X-48.77278 Y14.24851
G01 X-48.73420 Y14.23431
G01 X-48.69401 Y14.21122
G01 X-48.65457 Y14.18590
G01 X-48.64540 Y14.17932
G01 X-48.64367 Y14.17775
G01 X-48.64261 Y14.17686
G01 X-48.62104 Y14.15834
G01 X-48.61997 Y14.15748
G01 X-48.60418 Y14.14467
G01 X-48.58325 Y14.12674
G01 X-48.58083 Y14.12456
G01 X-48.57606 Y14.12072
G01 X-48.57085 Y14.11750
G01 X-48.55708 Y14.11013
G01 X-48.55490 Y14.10906
G01 X-48.51004 Y14.08775
G01 X-48.50778 Y14.08679
G01 X-48.50799 Y14.08638
G01 X-48.50778 Y14.08679
G01 X-48.27601 Y13.99045
G01 X-48.27265 Y13.98920
G01 X-48.20352 Y13.96611
G01 X-48.20011 Y13.96512
G01 X-48.13174 Y13.94760
G01 X-48.13047 Y13.94729
G01 X-48.10296 Y13.94099
G01 X-48.09343 Y13.93977
G01 X-48.09328 Y13.93510
G01 X-48.09343 Y13.93977
G01 X-48.08383 Y13.94041
G01 X-48.07456 Y13.94282
G01 X-48.01827 Y13.96350
G01 X-48.01784 Y13.96365
G01 X-48.00954 Y13.96675
G01 X-48.00915 Y13.96690
G01 X-47.99254 Y13.97333
G01 X-47.99170 Y13.97366
G01 X-47.97453 Y13.98069
G01 X-47.97408 Y13.98092
G01 X-47.96051 Y13.98656
G01 X-47.92737 Y13.99845
G01 X-47.88210 Y14.01282
G01 X-47.86445 Y14.01798
G01 X-47.84273 Y14.02077
G01 X-47.80844 Y14.02418
G01 X-47.79770 Y14.02471
G01 X-47.77438 Y14.02529
G01 X-47.62450 Y14.02529
G01 X-47.62089 Y14.02547
G01 X-47.54896 Y14.03063
G01 X-47.54543 Y14.03096
G01 X-47.47553 Y14.04102
G01 X-47.47535 Y14.04015
G01 X-47.47553 Y14.04102
G01 X-47.46826 Y14.04262
G01 X-47.30545 Y14.09151
G01 X-47.29905 Y14.09390
G01 X-47.23095 Y14.12504
G01 X-47.22920 Y14.12585
G01 X-47.22836 Y14.12621
G01 X-47.21995 Y14.13022
G01 X-47.20093 Y14.12504
G01 X-47.23095 Y14.12504
G01 X-47.20093 Y14.12504
G01 X-47.13819 Y14.10782
G01 X-47.13458 Y14.10698
G01 X-47.10263 Y14.10068
G01 X-47.10077 Y14.10038
G01 X-47.05229 Y14.09276
G01 X-47.05041 Y14.09248
G01 X-47.00624 Y14.08727
G01 X-46.98792 Y14.08486
G01 X-46.94048 Y14.07777
G01 X-46.87807 Y14.06532
G01 X-46.87581 Y14.06487
G01 X-46.82917 Y14.05323
G01 X-46.75856 Y14.03170
G01 X-46.72450 Y14.01950
G01 X-46.67243 Y13.97124
G01 X-46.63974 Y13.93782
G01 X-46.58711 Y13.87836
G01 X-46.55747 Y13.84140
G01 X-46.50738 Y13.77216
G01 X-46.50629 Y13.77048
G01 X-46.49702 Y13.73990
G01 X-46.48747 Y13.70185
G01 X-46.48173 Y13.66299
G01 X-46.47693 Y13.61422
G01 X-46.47499 Y13.57500
G01 X-46.47499 Y12.67506
G01 X-46.47693 Y12.63584
G01 X-46.48007 Y12.60371
G01 X-46.51487 Y12.57734
G01 X-46.54388 Y12.55616
G01 X-46.59440 Y12.52065
G01 X-46.59481 Y12.52034
G01 X-46.65528 Y12.47688
G01 X-46.59481 Y12.52034
G01 X-46.59440 Y12.52065
G01 X-46.54388 Y12.55616
G01 X-46.51487 Y12.57734
G01 X-46.48007 Y12.60371
G01 X-46.47693 Y12.63584
G01 X-46.47499 Y12.67506
G01 X-46.57499 Y12.67506
G01 X-46.57499 Y13.57500
G01 X-46.57644 Y13.60442
G01 X-46.58124 Y13.65318
G01 X-46.58556 Y13.68234
G01 X-46.59270 Y13.71089
G01 X-46.60695 Y13.75778
G01 X-46.62945 Y13.81211
G01 X-46.65254 Y13.85534
G01 X-46.66768 Y13.88057
G01 X-46.68521 Y13.90426
G01 X-46.71629 Y13.94211
G01 X-46.75790 Y13.98369
G01 X-46.79577 Y14.01480
G01 X-46.81942 Y14.03233
G01 X-46.84467 Y14.04747
G01 X-46.87807 Y14.06532
G04 P0 ( dwell for no time -- G64 should not smooth over this point )
G00 Z5.00000 ( retract )

G00 X-48.27499 Y17.58010 ( rapid move to begin. )
G01 F150.00000
( Mill infeed pass 1/1 )
G01 Z-0.06000
G04 P0 ( dwell for no time -- G64 should not smooth over this point )
G01 F300.00000
G01 X-48.27499 Y17.58010
G01 X-48.28383 Y17.49338
G01 X-48.33186 Y17.34843
G01 X-48.41164 Y17.21912
G01 X-48.51909 Y17.11170
G01 X-48.64837 Y17.03192
G01 X-48.79335 Y16.98389
G01 X-48.88015 Y16.97505
G01 X-49.67496 Y16.97505
G01 X-49.67496 Y17.27502
G01 X-48.92498 Y17.27502
G01 X-48.91520 Y17.27550
G01 X-48.86640 Y17.28030
G01 X-48.85670 Y17.28173
G01 X-48.84718 Y17.28411
G01 X-48.80029 Y17.29834
G01 X-48.79104 Y17.30167
G01 X-48.78218 Y17.30586
G01 X-48.73895 Y17.32895
G01 X-48.72267 Y17.33984
G01 X-48.68477 Y17.37093
G01 X-48.67750 Y17.37754
G01 X-48.67090 Y17.38480
G01 X-48.63981 Y17.42267
G01 X-48.63397 Y17.43057
G01 X-48.62894 Y17.43898
G01 X-48.60583 Y17.48221
G01 X-48.59833 Y17.50032
G01 X-48.58411 Y17.54721
G01 X-48.58027 Y17.56644
G01 X-48.57547 Y17.61520
G01 X-48.57499 Y17.62501
G01 X-48.57499 Y17.70004
G01 X-48.27499 Y17.70001
G01 X-48.27499 Y17.58010
G01 X-48.33981 Y17.63235
G01 X-48.37499 Y17.60004
G01 X-48.37499 Y17.58523
G01 X-48.38220 Y17.51444
G01 X-48.38152 Y17.51429
G01 X-48.38220 Y17.51444
G01 X-48.42310 Y17.39100
G01 X-48.42249 Y17.39069
G01 X-48.42310 Y17.39100
G01 X-48.49061 Y17.28157
G01 X-48.49008 Y17.28114
G01 X-48.49061 Y17.28157
G01 X-48.58152 Y17.19067
G01 X-48.58109 Y17.19013
G01 X-48.58152 Y17.19067
G01 X-48.69094 Y17.12318
G01 X-48.69064 Y17.12254
G01 X-48.69094 Y17.12318
G01 X-48.81439 Y17.08226
G01 X-48.81426 Y17.08168
G01 X-48.81439 Y17.08226
G01 X-48.88518 Y17.07489
G01 X-49.57496 Y17.07502
G01 X-49.60427 Y17.04574
G01 X-49.57496 Y17.07502
G01 X-49.57496 Y17.17502
G01 X-49.60427 Y17.20431
G01 X-49.57496 Y17.17502
G01 X-48.92498 Y17.17502
G01 X-48.90539 Y17.17599
G01 X-48.85660 Y17.18079
G01 X-48.81817 Y17.18843
G01 X-48.77126 Y17.20266
G01 X-48.75279 Y17.20926
G01 X-48.73504 Y17.21767
G01 X-48.69181 Y17.24076
G01 X-48.65922 Y17.26255
G01 X-48.62132 Y17.29364
G01 X-48.60679 Y17.30682
G01 X-48.59361 Y17.32135
G01 X-48.56252 Y17.35925
G01 X-48.55084 Y17.37500
G01 X-48.54073 Y17.39184
G01 X-48.51764 Y17.43507
G01 X-48.50263 Y17.47129
G01 X-48.48840 Y17.51818
G01 X-48.48076 Y17.55663
G01 X-48.47649 Y17.60001
G01 X-48.49493 Y17.62259
G01 X-48.47649 Y17.60001
G01 X-48.37499 Y17.60004
G04 P0 ( dwell for no time -- G64 should not smooth over this point )
G00 Z5.00000 ( retract )

G00 X-48.33133 Y18.90001 ( rapid move to begin. )
G01 F150.00000
( Mill infeed pass 1/1 )
G01 Z-0.06000
G04 P0 ( dwell for no time -- G64 should not smooth over this point )
G01 F300.00000
G01 X-48.33133 Y18.90001
G01 X-48.71027 Y18.90001
G01 X-48.72267 Y18.91017
G01 X-48.73895 Y18.92107
G01 X-48.78218 Y18.94418
G01 X-48.79104 Y18.94837
G01 X-48.80029 Y18.95168
G01 X-48.84718 Y18.96590
G01 X-48.85670 Y18.96829
G01 X-48.86640 Y18.96973
G01 X-48.91520 Y18.97454
G01 X-48.92498 Y18.97502
G01 X-49.42498 Y18.97502
G01 X-49.42498 Y19.27504
G01 X-48.88004 Y19.27502
G01 X-48.79335 Y19.26618
G01 X-48.64840 Y19.21812
G01 X-48.51909 Y19.13837
G01 X-48.41164 Y19.03092
G01 X-48.33186 Y18.90159
G01 X-48.33133 Y18.90001
G01 X-48.37311 Y18.93829
G01 X-48.52216 Y19.00001
G01 X-48.58152 Y19.05940
G01 X-48.58111 Y19.05993
G01 X-48.58152 Y19.05940
G01 X-48.69094 Y19.12688
G01 X-48.69066 Y19.12749
G01 X-48.69094 Y19.12688
G01 X-48.81441 Y19.16780
G01 X-48.81428 Y19.16839
G01 X-48.81441 Y19.16780
G01 X-48.88518 Y19.17517
G01 X-49.32498 Y19.17504
G01 X-49.35426 Y19.20433
G01 X-49.32498 Y19.17504
G01 X-49.32498 Y19.07502
G01 X-49.35419 Y19.04586
G01 X-49.32498 Y19.07502
G01 X-48.92498 Y19.07502
G01 X-48.90539 Y19.07405
G01 X-48.85660 Y19.06925
G01 X-48.81817 Y19.06161
G01 X-48.77126 Y19.04738
G01 X-48.75279 Y19.04075
G01 X-48.73504 Y19.03237
G01 X-48.69181 Y19.00926
G01 X-48.67799 Y19.00004
G01 X-48.67865 Y18.99727
G01 X-48.67799 Y19.00004
G01 X-48.52216 Y19.00001
G04 P0 ( dwell for no time -- G64 should not smooth over this point )
G00 Z5.00000 ( retract )

G00 X-48.87499 Y20.83790 ( rapid move to begin. )
G01 F150.00000
( Mill infeed pass 1/1 )
G01 Z-0.06000
G04 P0 ( dwell for no time -- G64 should not smooth over this point )
G01 F300.00000
G01 X-48.87499 Y20.83790
G01 X-48.87499 Y21.02503
G01 X-48.84568 Y21.05431
G01 X-48.87499 Y21.02503
G01 X-48.97499 Y21.02503
G01 X-49.00323 Y21.05375
G01 X-48.97499 Y21.02503
G01 X-48.97499 Y20.87501
G01 X-48.97804 Y20.84029
G01 X-48.98705 Y20.80661
G01 X-49.00179 Y20.77501
G01 X-49.02178 Y20.74646
G01 X-49.04644 Y20.72180
G01 X-49.07499 Y20.70181
G01 X-49.10659 Y20.68708
G01 X-49.14027 Y20.67806
G01 X-49.17499 Y20.67501
G01 X-49.32495 Y20.67501
G01 X-49.35368 Y20.70326
G01 X-49.32495 Y20.67501
G01 X-49.32495 Y20.57504
G01 X-49.35469 Y20.54494
G01 X-49.32495 Y20.57504
G01 X-49.13783 Y20.57504
G01 X-49.11393 Y20.57761
G01 X-49.11365 Y20.57611
G01 X-49.11393 Y20.57761
G01 X-49.02973 Y20.60900
G01 X-49.02924 Y20.60811
G01 X-49.02973 Y20.60900
G01 X-48.96064 Y20.66071
G01 X-48.95993 Y20.65998
G01 X-48.96064 Y20.66071
G01 X-48.90898 Y20.72975
G01 X-48.90768 Y20.72909
G01 X-48.90898 Y20.72975
G01 X-48.87756 Y20.81400
G01 X-48.87499 Y20.83790
G01 X-48.87382 Y20.83773
G01 X-48.77499 Y20.83249
G01 X-48.77499 Y21.12503
G01 X-49.07499 Y21.12503
G01 X-49.07499 Y20.87501
G01 X-49.07651 Y20.85764
G01 X-49.08101 Y20.84080
G01 X-49.08838 Y20.82500
G01 X-49.09838 Y20.81073
G01 X-49.11070 Y20.79841
G01 X-49.12498 Y20.78840
G01 X-49.14078 Y20.78103
G01 X-49.15762 Y20.77654
G01 X-49.17499 Y20.77501
G01 X-49.42498 Y20.77501
G01 X-49.42498 Y20.47504
G01 X-49.13250 Y20.47501
G01 X-49.09076 Y20.47951
G01 X-48.98131 Y20.52033
G01 X-48.88921 Y20.58926
G01 X-48.82030 Y20.68134
G01 X-48.77946 Y20.79081
G01 X-48.77499 Y20.83249
G04 P0 ( dwell for no time -- G64 should not smooth over this point )
G00 Z5.00000 ( retract )

G00 X-46.87499 Y22.77501 ( rapid move to begin. )
G01 F150.00000
( Mill infeed pass 1/1 )
G01 Z-0.06000
G04 P0 ( dwell for no time -- G64 should not smooth over this point )
G01 F300.00000
G01 X-46.87499 Y22.77501
G01 X-47.27499 Y22.77501
G01 X-47.30971 Y22.77196
G01 X-47.34340 Y22.76295
G01 X-47.37499 Y22.74821
G01 X-47.40354 Y22.72822
G01 X-47.42821 Y22.70356
G01 X-47.44820 Y22.67501
G01 X-47.46293 Y22.64341
G01 X-47.47194 Y22.60973
G01 X-47.47499 Y22.57501
G01 X-47.47499 Y22.42505
G01 X-47.44675 Y22.39632
G01 X-47.47499 Y22.42505
G01 X-47.57497 Y22.42505
G01 X-47.60428 Y22.39574
G01 X-47.57497 Y22.42505
G01 X-47.57497 Y22.61215
G01 X-47.57614 Y22.61232
G01 X-47.57497 Y22.61215
G01 X-47.57240 Y22.63605
G01 X-47.54098 Y22.72025
G01 X-47.54228 Y22.72091
G01 X-47.54098 Y22.72025
G01 X-47.48927 Y22.78936
G01 X-47.48998 Y22.79010
G01 X-47.48927 Y22.78936
G01 X-47.42023 Y22.84105
G01 X-47.42089 Y22.84232
G01 X-47.42023 Y22.84105
G01 X-47.33600 Y22.87244
G01 X-47.31208 Y22.87501
G01 X-47.31225 Y22.87618
G01 X-47.31208 Y22.87501
G01 X-46.87499 Y22.87504
G01 X-46.84568 Y22.90432
G01 X-46.87499 Y22.87504
G01 X-46.87499 Y22.77501
G01 X-46.84594 Y22.74618
G01 X-46.77499 Y22.67501
G01 X-46.77499 Y22.97501
G01 X-47.31744 Y22.97501
G01 X-47.35917 Y22.97054
G01 X-47.46864 Y22.92970
G01 X-47.56072 Y22.86079
G01 X-47.62965 Y22.76869
G01 X-47.67050 Y22.65921
G01 X-47.67499 Y22.61750
G01 X-47.67497 Y22.32505
G01 X-47.37499 Y22.32505
G01 X-47.37499 Y22.57501
G01 X-47.37347 Y22.59238
G01 X-47.36895 Y22.60922
G01 X-47.36158 Y22.62502
G01 X-47.35160 Y22.63930
G01 X-47.33926 Y22.65162
G01 X-47.32498 Y22.66162
G01 X-47.30918 Y22.66899
G01 X-47.29234 Y22.67349
G01 X-47.27499 Y22.67501
G01 X-46.77499 Y22.67501
G04 P0 ( dwell for no time -- G64 should not smooth over this point )
G00 Z5.00000 ( retract )

G00 X-45.27500 Y22.17504 ( rapid move to begin. )
G01 F150.00000
( Mill infeed pass 1/1 )
G01 Z-0.06000
G04 P0 ( dwell for no time -- G64 should not smooth over this point )
G01 F300.00000
G01 X-45.27500 Y22.17504
G01 X-45.37497 Y22.17504
G01 X-45.40370 Y22.14606
G01 X-45.37497 Y22.17504
G01 X-45.37500 Y22.57501
G01 X-45.37883 Y22.61403
G01 X-45.39021 Y22.65154
G01 X-45.40870 Y22.68614
G01 X-45.43357 Y22.71644
G01 X-45.46387 Y22.74130
G01 X-45.49844 Y22.75980
G01 X-45.53598 Y22.77117
G01 X-45.57500 Y22.77501
G01 X-45.97497 Y22.77501
G01 X-46.00395 Y22.74628
G01 X-45.97497 Y22.77501
G01 X-45.97497 Y22.87504
G01 X-46.00428 Y22.90432
G01 X-45.97497 Y22.87504
G01 X-45.53786 Y22.87501
G01 X-45.53768 Y22.87618
G01 X-45.53786 Y22.87501
G01 X-45.51393 Y22.87244
G01 X-45.42971 Y22.84105
G01 X-45.42907 Y22.84235
G01 X-45.42971 Y22.84105
G01 X-45.36067 Y22.78936
G01 X-45.35993 Y22.79007
G01 X-45.36067 Y22.78936
G01 X-45.30898 Y22.72030
G01 X-45.30769 Y22.72096
G01 X-45.30898 Y22.72030
G01 X-45.27756 Y22.63605
G01 X-45.27500 Y22.61215
G01 X-45.27383 Y22.61232
G01 X-45.27500 Y22.61215
G01 X-45.27500 Y22.17504
G01 X-45.24569 Y22.14573
G01 X-45.17500 Y22.07504
G01 X-45.17500 Y22.61750
G01 X-45.17947 Y22.65921
G01 X-45.22029 Y22.76869
G01 X-45.28922 Y22.86079
G01 X-45.38127 Y22.92970
G01 X-45.49077 Y22.97054
G01 X-45.53250 Y22.97501
G01 X-46.07497 Y22.97501
G01 X-46.07497 Y22.67501
G01 X-45.57500 Y22.67501
G01 X-45.55549 Y22.67308
G01 X-45.53672 Y22.66739
G01 X-45.51942 Y22.65817
G01 X-45.50428 Y22.64572
G01 X-45.49184 Y22.63056
G01 X-45.48259 Y22.61329
G01 X-45.47690 Y22.59452
G01 X-45.47500 Y22.57501
G01 X-45.47500 Y22.07504
G01 X-45.17500 Y22.07504
G04 P0 ( dwell for no time -- G64 should not smooth over this point )
G00 Z5.00000 ( retract )

G00 X-45.17500 Y20.83255 ( rapid move to begin. )
G01 F150.00000
( Mill infeed pass 1/1 )
G01 Z-0.06000
G04 P0 ( dwell for no time -- G64 should not smooth over this point )
G01 F300.00000
G01 X-45.17500 Y20.83255
G01 X-45.17947 Y20.79084
G01 X-45.22029 Y20.68136
G01 X-45.28922 Y20.58926
G01 X-45.38127 Y20.52035
G01 X-45.49077 Y20.47951
G01 X-45.53250 Y20.47501
G01 X-45.82496 Y20.47504
G01 X-45.82496 Y20.77501
G01 X-45.57500 Y20.77501
G01 X-45.55549 Y20.77694
G01 X-45.53672 Y20.78263
G01 X-45.51942 Y20.79185
G01 X-45.50428 Y20.80430
G01 X-45.49184 Y20.81946
G01 X-45.48259 Y20.83674
G01 X-45.47690 Y20.85551
G01 X-45.47500 Y20.87501
G01 X-45.47500 Y21.37501
G01 X-45.17500 Y21.37501
G01 X-45.17500 Y20.83255
G01 X-45.27383 Y20.83773
G01 X-45.27500 Y20.83790
G01 X-45.27756 Y20.81400
G01 X-45.30898 Y20.72975
G01 X-45.30769 Y20.72909
G01 X-45.30898 Y20.72975
G01 X-45.36067 Y20.66069
G01 X-45.35993 Y20.65998
G01 X-45.36067 Y20.66069
G01 X-45.42971 Y20.60903
G01 X-45.42920 Y20.60811
G01 X-45.42971 Y20.60903
G01 X-45.51393 Y20.57761
G01 X-45.51368 Y20.57611
G01 X-45.51393 Y20.57761
G01 X-45.53784 Y20.57504
G01 X-45.72496 Y20.57504
G01 X-45.75470 Y20.54494
G01 X-45.72496 Y20.57504
G01 X-45.72496 Y20.67501
G01 X-45.75424 Y20.70430
G01 X-45.72496 Y20.67501
G01 X-45.57500 Y20.67501
G01 X-45.53598 Y20.67885
G01 X-45.49844 Y20.69023
G01 X-45.46387 Y20.70872
G01 X-45.43357 Y20.73359
G01 X-45.40870 Y20.76389
G01 X-45.39021 Y20.79848
G01 X-45.37883 Y20.83600
G01 X-45.37500 Y20.87501
G01 X-45.37497 Y21.27501
G01 X-45.40428 Y21.30432
G01 X-45.37497 Y21.27501
G01 X-45.27500 Y21.27501
G01 X-45.24569 Y21.30432
G01 X-45.27500 Y21.27501
G01 X-45.27500 Y20.83790
G04 P0 ( dwell for no time -- G64 should not smooth over this point )
G00 Z5.00000 ( retract )

G00 X-47.02496 Y20.47504 ( rapid move to begin. )
G01 F150.00000
( Mill infeed pass 1/1 )
G01 Z-0.06000
G04 P0 ( dwell for no time -- G64 should not smooth over this point )
G01 F300.00000
G01 X-47.02496 Y20.47504
G01 X-47.31744 Y20.47501
G01 X-47.35917 Y20.47951
G01 X-47.46864 Y20.52035
G01 X-47.56072 Y20.58926
G01 X-47.62965 Y20.68136
G01 X-47.67050 Y20.79084
G01 X-47.67499 Y20.83255
G01 X-47.67497 Y21.12503
G01 X-47.37499 Y21.12503
G01 X-47.37499 Y20.87501
G01 X-47.37347 Y20.85764
G01 X-47.36895 Y20.84080
G01 X-47.36158 Y20.82500
G01 X-47.35160 Y20.81073
G01 X-47.33926 Y20.79841
G01 X-47.32498 Y20.78840
G01 X-47.30918 Y20.78103
G01 X-47.29234 Y20.77654
G01 X-47.27499 Y20.77501
G01 X-47.02496 Y20.77501
G01 X-47.02496 Y20.47504
G01 X-47.09524 Y20.54494
G01 X-47.12496 Y20.57504
G01 X-47.31210 Y20.57504
G01 X-47.33600 Y20.57761
G01 X-47.33626 Y20.57611
G01 X-47.33600 Y20.57761
G01 X-47.42023 Y20.60903
G01 X-47.42074 Y20.60811
G01 X-47.42023 Y20.60903
G01 X-47.48927 Y20.66069
G01 X-47.48998 Y20.65995
G01 X-47.48927 Y20.66069
G01 X-47.54098 Y20.72978
G01 X-47.54187 Y20.72929
G01 X-47.54098 Y20.72978
G01 X-47.57240 Y20.81400
G01 X-47.57390 Y20.81372
G01 X-47.57240 Y20.81400
G01 X-47.57497 Y20.83790
G01 X-47.57497 Y21.02503
G01 X-47.60507 Y21.05474
G01 X-47.57497 Y21.02503
G01 X-47.47499 Y21.02503
G01 X-47.44675 Y21.05375
G01 X-47.47499 Y21.02503
G01 X-47.47499 Y20.87501
G01 X-47.47194 Y20.84029
G01 X-47.46293 Y20.80661
G01 X-47.44820 Y20.77501
G01 X-47.42821 Y20.74646
G01 X-47.40354 Y20.72180
G01 X-47.37499 Y20.70181
G01 X-47.34340 Y20.68708
G01 X-47.30971 Y20.67806
G01 X-47.27499 Y20.67501
G01 X-47.12496 Y20.67501
G01 X-47.09625 Y20.70326
G01 X-47.12496 Y20.67501
G01 X-47.12496 Y20.57504
G04 P0 ( dwell for no time -- G64 should not smooth over this point )
G00 Z5.00000 ( retract )

G00 X-47.12496 Y19.14243 ( rapid move to begin. )
G01 F150.00000
( Mill infeed pass 1/1 )
G01 Z-0.06000
G04 P0 ( dwell for no time -- G64 should not smooth over this point )
G01 F300.00000
G01 X-47.12496 Y19.14243
G01 X-47.14141 Y19.12894
G01 X-47.16628 Y19.09861
G01 X-47.18477 Y19.06404
G01 X-47.19615 Y19.02653
G01 X-47.19874 Y19.00004
G01 X-47.18096 Y18.97794
G01 X-47.19874 Y19.00004
G01 X-47.29996 Y19.00004
G01 X-47.33285 Y18.96885
G01 X-47.29996 Y19.00004
G01 X-47.29996 Y19.02465
G01 X-47.29740 Y19.04853
G01 X-47.29854 Y19.04878
G01 X-47.29740 Y19.04853
G01 X-47.26598 Y19.13280
G01 X-47.26689 Y19.13329
G01 X-47.26598 Y19.13280
G01 X-47.21429 Y19.20184
G01 X-47.21530 Y19.20291
G01 X-47.21429 Y19.20184
G01 X-47.14522 Y19.25355
G01 X-47.12496 Y19.26110
G01 X-47.07225 Y19.35935
G01 X-47.12496 Y19.26110
G01 X-47.12496 Y19.14243
G01 X-47.11970 Y19.14065
G01 X-47.02496 Y19.08393
G01 X-47.02498 Y19.38751
G01 X-47.04246 Y19.38754
G01 X-47.08416 Y19.38304
G01 X-47.19366 Y19.34220
G01 X-47.28571 Y19.27329
G01 X-47.35467 Y19.18119
G01 X-47.39549 Y19.07172
G01 X-47.39996 Y19.03006
G01 X-47.39996 Y18.90004
G01 X-47.09999 Y18.90004
G01 X-47.09999 Y18.98751
G01 X-47.09806 Y19.00702
G01 X-47.09237 Y19.02579
G01 X-47.08312 Y19.04306
G01 X-47.07070 Y19.05823
G01 X-47.05554 Y19.07065
G01 X-47.03827 Y19.07989
G01 X-47.02496 Y19.08393
G04 P0 ( dwell for no time -- G64 should not smooth over this point )
G00 Z5.00000 ( retract )

G00 X-46.87499 Y17.31254 ( rapid move to begin. )
G01 F150.00000
( Mill infeed pass 1/1 )
G01 Z-0.06000
G04 P0 ( dwell for no time -- G64 should not smooth over this point )
G01 F300.00000
G01 X-46.87499 Y17.31254
G01 X-46.87499 Y17.41251
G01 X-46.84652 Y17.44032
G01 X-46.87499 Y17.41251
G01 X-46.99999 Y17.41251
G01 X-47.03900 Y17.41635
G01 X-47.07652 Y17.42773
G01 X-47.11111 Y17.44622
G01 X-47.14141 Y17.47108
G01 X-47.16628 Y17.50141
G01 X-47.18477 Y17.53598
G01 X-47.19615 Y17.57350
G01 X-47.19877 Y17.60001
G01 X-47.18503 Y17.61901
G01 X-47.19877 Y17.60001
G01 X-47.29996 Y17.60001
G01 X-47.32927 Y17.62933
G01 X-47.29996 Y17.60001
G01 X-47.29996 Y17.57540
G01 X-47.30113 Y17.57522
G01 X-47.29996 Y17.57540
G01 X-47.29740 Y17.55150
G01 X-47.26598 Y17.46725
G01 X-47.26727 Y17.46659
G01 X-47.26598 Y17.46725
G01 X-47.21429 Y17.39821
G01 X-47.21502 Y17.39747
G01 X-47.21429 Y17.39821
G01 X-47.14522 Y17.34652
G01 X-47.14573 Y17.34561
G01 X-47.14522 Y17.34652
G01 X-47.06100 Y17.31510
G01 X-47.06125 Y17.31363
G01 X-47.06100 Y17.31510
G01 X-47.03702 Y17.31251
G01 X-46.87499 Y17.31254
G01 X-46.84520 Y17.28234
G01 X-46.77499 Y17.21254
G01 X-46.77499 Y17.51251
G01 X-46.99999 Y17.51251
G01 X-47.01949 Y17.51444
G01 X-47.03827 Y17.52013
G01 X-47.05554 Y17.52938
G01 X-47.07070 Y17.54180
G01 X-47.08312 Y17.55696
G01 X-47.09237 Y17.57423
G01 X-47.09806 Y17.59300
G01 X-47.09999 Y17.61251
G01 X-47.09999 Y17.70001
G01 X-47.39996 Y17.70001
G01 X-47.39996 Y17.56999
G01 X-47.39549 Y17.52834
G01 X-47.35465 Y17.41884
G01 X-47.28574 Y17.32676
G01 X-47.19364 Y17.25783
G01 X-47.08419 Y17.21701
G01 X-47.04243 Y17.21251
G01 X-46.77499 Y17.21254
G04 P0 ( dwell for no time -- G64 should not smooth over this point )
G00 Z5.00000 ( retract )

G00 X-45.54998 Y17.60001 ( rapid move to begin. )
G01 F150.00000
( Mill infeed pass 1/1 )
G01 Z-0.06000
G04 P0 ( dwell for no time -- G64 should not smooth over this point )
G01 F300.00000
G01 X-45.54998 Y17.60001
G01 X-45.65122 Y17.60001
G01 X-45.66496 Y17.61901
G01 X-45.65122 Y17.60001
G01 X-45.65384 Y17.57350
G01 X-45.66522 Y17.53598
G01 X-45.68368 Y17.50139
G01 X-45.70858 Y17.47108
G01 X-45.73888 Y17.44622
G01 X-45.77345 Y17.42773
G01 X-45.81096 Y17.41635
G01 X-45.84998 Y17.41251
G01 X-45.97497 Y17.41251
G01 X-46.00344 Y17.44032
G01 X-45.97497 Y17.41251
G01 X-45.97497 Y17.31254
G01 X-46.00476 Y17.28234
G01 X-45.97497 Y17.31254
G01 X-45.81292 Y17.31251
G01 X-45.78894 Y17.31510
G01 X-45.78866 Y17.31363
G01 X-45.78894 Y17.31510
G01 X-45.70471 Y17.34652
G01 X-45.70423 Y17.34561
G01 X-45.70471 Y17.34652
G01 X-45.63565 Y17.39821
G01 X-45.63494 Y17.39750
G01 X-45.63565 Y17.39821
G01 X-45.58394 Y17.46730
G01 X-45.58218 Y17.46644
G01 X-45.58394 Y17.46730
G01 X-45.55254 Y17.55150
G01 X-45.54998 Y17.57540
G01 X-45.54998 Y17.60001
G01 X-45.50014 Y17.63870
G01 X-45.44995 Y17.57004
G01 X-45.44998 Y17.70001
G01 X-45.74998 Y17.70001
G01 X-45.74998 Y17.61251
G01 X-45.75191 Y17.59300
G01 X-45.75760 Y17.57423
G01 X-45.76684 Y17.55696
G01 X-45.77929 Y17.54180
G01 X-45.79443 Y17.52938
G01 X-45.81172 Y17.52013
G01 X-45.83047 Y17.51444
G01 X-45.84998 Y17.51251
G01 X-46.07497 Y17.51251
G01 X-46.07497 Y17.21254
G01 X-45.80751 Y17.21251
G01 X-45.76575 Y17.21701
G01 X-45.65630 Y17.25783
G01 X-45.56423 Y17.32679
G01 X-45.49527 Y17.41886
G01 X-45.45445 Y17.52834
G01 X-45.44995 Y17.57004
G04 P0 ( dwell for no time -- G64 should not smooth over this point )
G00 Z5.00000 ( retract )

G00 X-45.54998 Y19.00004 ( rapid move to begin. )
G01 F150.00000
( Mill infeed pass 1/1 )
G01 Z-0.06000
G04 P0 ( dwell for no time -- G64 should not smooth over this point )
G01 F300.00000
G01 X-45.54998 Y19.00004
G01 X-45.65122 Y19.00004
G01 X-45.66903 Y18.97791
G01 X-45.65122 Y19.00004
G01 X-45.65384 Y19.02653
G01 X-45.66522 Y19.06404
G01 X-45.68368 Y19.09864
G01 X-45.70858 Y19.12894
G01 X-45.72496 Y19.14240
G01 X-45.73024 Y19.14063
G01 X-45.72496 Y19.14240
G01 X-45.72496 Y19.26110
G01 X-45.77769 Y19.35935
G01 X-45.72496 Y19.26110
G01 X-45.70474 Y19.25355
G01 X-45.63565 Y19.20184
G01 X-45.63464 Y19.20291
G01 X-45.63565 Y19.20184
G01 X-45.58394 Y19.13275
G01 X-45.58218 Y19.13362
G01 X-45.58394 Y19.13275
G01 X-45.55254 Y19.04853
G01 X-45.54998 Y19.02465
G01 X-45.54998 Y19.00004
G01 X-45.50014 Y18.96135
G01 X-45.44995 Y19.03001
G01 X-45.44998 Y18.90004
G01 X-45.74998 Y18.90004
G01 X-45.74998 Y18.98751
G01 X-45.75191 Y19.00702
G01 X-45.75760 Y19.02579
G01 X-45.76684 Y19.04306
G01 X-45.77929 Y19.05823
G01 X-45.79443 Y19.07065
G01 X-45.81172 Y19.07989
G01 X-45.82496 Y19.08391
G01 X-45.82496 Y19.38751
G01 X-45.80751 Y19.38754
G01 X-45.76578 Y19.38304
G01 X-45.65630 Y19.34223
G01 X-45.56423 Y19.27326
G01 X-45.49527 Y19.18119
G01 X-45.45445 Y19.07172
G01 X-45.44995 Y19.03001
G04 P0 ( dwell for no time -- G64 should not smooth over this point )
G00 Z5.00000 ( retract )

G00 X-44.50322 Y19.35538 ( rapid move to begin. )
G01 F150.00000
( Mill infeed pass 1/1 )
G01 Z-0.06000
G04 P0 ( dwell for no time -- G64 should not smooth over this point )
G01 F300.00000
G01 X-44.50322 Y19.35538
G01 X-44.45722 Y19.48271
G01 X-44.37048 Y19.56945
G01 X-44.36189 Y19.56610
G01 X-44.26248 Y19.53603
G01 X-44.26588 Y19.54720
G01 X-44.26969 Y19.56643
G01 X-44.27452 Y19.61520
G01 X-44.27500 Y19.62500
G01 X-44.27500 Y19.77502
G01 X-44.57497 Y19.77502
G01 X-44.57500 Y19.58015
G01 X-44.56611 Y19.49338
G01 X-44.51808 Y19.34845
G01 X-44.49214 Y19.30639
G01 X-44.26248 Y19.53603
G01 X-44.36189 Y19.56610
G01 X-44.37048 Y19.56945
G01 X-44.37403 Y19.60542
G01 X-44.37500 Y19.62500
G01 X-44.37500 Y19.67504
G01 X-44.34835 Y19.70283
G01 X-44.37500 Y19.67504
G01 X-44.47497 Y19.67502
G01 X-44.51076 Y19.70763
G01 X-44.47497 Y19.67502
G01 X-44.47497 Y19.58523
G01 X-44.46773 Y19.51446
G01 X-44.45722 Y19.48271
G04 P0 ( dwell for no time -- G64 should not smooth over this point )
G00 Z5.00000 ( retract )

G00 X-43.27498 Y21.07501 ( rapid move to begin. )
G01 F150.00000
( Mill infeed pass 1/1 )
G01 Z-0.06000
G04 P0 ( dwell for no time -- G64 should not smooth over this point )
G01 F300.00000
G01 X-43.27498 Y21.07501
G01 X-43.92499 Y21.07501
G01 X-43.94460 Y21.07405
G01 X-43.99336 Y21.06925
G01 X-44.03182 Y21.06160
G01 X-44.07871 Y21.04738
G01 X-44.09720 Y21.04075
G01 X-44.11493 Y21.03237
G01 X-44.15816 Y21.00925
G01 X-44.19075 Y20.98749
G01 X-44.22864 Y20.95640
G01 X-44.24317 Y20.94321
G01 X-44.25636 Y20.92866
G01 X-44.28745 Y20.89079
G01 X-44.29915 Y20.87501
G01 X-44.30924 Y20.85817
G01 X-44.33235 Y20.81497
G01 X-44.34734 Y20.77875
G01 X-44.36156 Y20.73183
G01 X-44.36923 Y20.69338
G01 X-44.37403 Y20.64461
G01 X-44.37500 Y20.62500
G01 X-44.37500 Y20.57501
G01 X-44.35082 Y20.54867
G01 X-44.37500 Y20.57501
G01 X-44.47497 Y20.57501
G01 X-44.50728 Y20.54413
G01 X-44.47497 Y20.57501
G01 X-44.47497 Y20.66480
G01 X-44.46773 Y20.73559
G01 X-44.46867 Y20.73577
G01 X-44.46773 Y20.73559
G01 X-44.42684 Y20.85901
G01 X-44.42745 Y20.85932
G01 X-44.42684 Y20.85901
G01 X-44.35933 Y20.96849
G01 X-44.35986 Y20.96892
G01 X-44.35933 Y20.96849
G01 X-44.26842 Y21.05939
G01 X-44.26885 Y21.05993
G01 X-44.26842 Y21.05939
G01 X-44.15900 Y21.12691
G01 X-44.15928 Y21.12752
G01 X-44.15900 Y21.12691
G01 X-44.03555 Y21.16780
G01 X-44.03568 Y21.16838
G01 X-44.03555 Y21.16780
G01 X-43.96476 Y21.17504
G01 X-43.27498 Y21.17504
G01 X-43.24566 Y21.20433
G01 X-43.27498 Y21.17504
G01 X-43.27498 Y21.07501
G01 X-43.24566 Y21.04573
G01 X-43.17498 Y20.97501
G01 X-43.17498 Y21.27504
G01 X-43.96987 Y21.27501
G01 X-44.05658 Y21.26617
G01 X-44.20154 Y21.21814
G01 X-44.33088 Y21.13836
G01 X-44.43830 Y21.03092
G01 X-44.51808 Y20.90158
G01 X-44.56611 Y20.75668
G01 X-44.57495 Y20.66991
G01 X-44.57497 Y20.47501
G01 X-44.27500 Y20.47501
G01 X-44.27500 Y20.62500
G01 X-44.27452 Y20.63481
G01 X-44.26969 Y20.68360
G01 X-44.26588 Y20.70280
G01 X-44.25166 Y20.74972
G01 X-44.24414 Y20.76783
G01 X-44.22105 Y20.81106
G01 X-44.21599 Y20.81946
G01 X-44.21015 Y20.82734
G01 X-44.17906 Y20.86524
G01 X-44.17248 Y20.87250
G01 X-44.16519 Y20.87908
G01 X-44.12732 Y20.91019
G01 X-44.11102 Y20.92106
G01 X-44.06779 Y20.94418
G01 X-44.05892 Y20.94837
G01 X-44.04968 Y20.95167
G01 X-44.00279 Y20.96590
G01 X-43.99326 Y20.96828
G01 X-43.98356 Y20.96973
G01 X-43.93479 Y20.97453
G01 X-43.92499 Y20.97501
G01 X-43.17498 Y20.97501
G04 P0 ( dwell for no time -- G64 should not smooth over this point )
G00 Z5.00000 ( retract )

G00 X-41.21184 Y20.82500 ( rapid move to begin. )
G01 F150.00000
( Mill infeed pass 1/1 )
G01 Z-0.06000
G04 P0 ( dwell for no time -- G64 should not smooth over this point )
G01 F300.00000
G01 X-41.21184 Y20.82500
G01 X-41.32301 Y20.82500
G01 X-41.32913 Y20.81342
G01 X-41.32301 Y20.82500
G01 X-41.34074 Y20.85817
G01 X-41.35082 Y20.87501
G01 X-41.36251 Y20.89079
G01 X-41.39360 Y20.92866
G01 X-41.40678 Y20.94321
G01 X-41.42133 Y20.95640
G01 X-41.45921 Y20.98749
G01 X-41.49182 Y21.00925
G01 X-41.53502 Y21.03237
G01 X-41.55278 Y21.04075
G01 X-41.57127 Y21.04738
G01 X-41.61816 Y21.06160
G01 X-41.65661 Y21.06925
G01 X-41.70538 Y21.07405
G01 X-41.72499 Y21.07501
G01 X-42.37495 Y21.07501
G01 X-42.40426 Y21.04573
G01 X-42.37495 Y21.07501
G01 X-42.37495 Y21.17504
G01 X-42.40459 Y21.20493
G01 X-42.37495 Y21.17504
G01 X-41.68519 Y21.17501
G01 X-41.61440 Y21.16780
G01 X-41.61420 Y21.16899
G01 X-41.61440 Y21.16780
G01 X-41.49096 Y21.12691
G01 X-41.49065 Y21.12752
G01 X-41.49096 Y21.12691
G01 X-41.38153 Y21.05939
G01 X-41.38110 Y21.05993
G01 X-41.38153 Y21.05939
G01 X-41.29060 Y20.96849
G01 X-41.28979 Y20.96910
G01 X-41.29060 Y20.96849
G01 X-41.22311 Y20.85904
G01 X-41.21184 Y20.82500
G01 X-41.12890 Y20.77593
G01 X-41.08059 Y20.72500
G01 X-41.08382 Y20.75668
G01 X-41.13188 Y20.90158
G01 X-41.21163 Y21.03094
G01 X-41.31907 Y21.13836
G01 X-41.44839 Y21.21814
G01 X-41.59332 Y21.26617
G01 X-41.68006 Y21.27501
G01 X-42.47495 Y21.27504
G01 X-42.47495 Y20.97501
G01 X-41.72499 Y20.97501
G01 X-41.71519 Y20.97453
G01 X-41.66642 Y20.96973
G01 X-41.65672 Y20.96828
G01 X-41.64719 Y20.96590
G01 X-41.60028 Y20.95167
G01 X-41.59106 Y20.94837
G01 X-41.58217 Y20.94418
G01 X-41.53896 Y20.92106
G01 X-41.52266 Y20.91019
G01 X-41.48478 Y20.87908
G01 X-41.47749 Y20.87250
G01 X-41.47092 Y20.86524
G01 X-41.43983 Y20.82734
G01 X-41.43398 Y20.81946
G01 X-41.42893 Y20.81106
G01 X-41.40582 Y20.76783
G01 X-41.39832 Y20.74972
G01 X-41.39083 Y20.72503
G01 X-41.08059 Y20.72500
G04 P0 ( dwell for no time -- G64 should not smooth over this point )
G00 Z5.00000 ( retract )

G00 X-41.21184 Y19.42503 ( rapid move to begin. )
G01 F150.00000
( Mill infeed pass 1/1 )
G01 Z-0.06000
G04 P0 ( dwell for no time -- G64 should not smooth over this point )
G01 F300.00000
G01 X-41.21184 Y19.42503
G01 X-41.32301 Y19.42500
G01 X-41.32913 Y19.43661
G01 X-41.32301 Y19.42500
G01 X-41.34074 Y19.39183
G01 X-41.35082 Y19.37502
G01 X-41.36251 Y19.35924
G01 X-41.39360 Y19.32135
G01 X-41.40678 Y19.30682
G01 X-41.42133 Y19.29364
G01 X-41.45921 Y19.26255
G01 X-41.49182 Y19.24075
G01 X-41.53502 Y19.21766
G01 X-41.55278 Y19.20926
G01 X-41.57127 Y19.20265
G01 X-41.61816 Y19.18843
G01 X-41.65661 Y19.18078
G01 X-41.70538 Y19.17598
G01 X-41.72499 Y19.17502
G01 X-42.37495 Y19.17502
G01 X-42.40426 Y19.20430
G01 X-42.37495 Y19.17502
G01 X-42.37495 Y19.07502
G01 X-42.40426 Y19.04573
G01 X-42.37495 Y19.07502
G01 X-41.68516 Y19.07489
G01 X-41.61440 Y19.08226
G01 X-41.61427 Y19.08167
G01 X-41.61440 Y19.08226
G01 X-41.49096 Y19.12315
G01 X-41.49065 Y19.12254
G01 X-41.49096 Y19.12315
G01 X-41.38153 Y19.19066
G01 X-41.38110 Y19.19013
G01 X-41.38153 Y19.19066
G01 X-41.29060 Y19.28157
G01 X-41.28979 Y19.28096
G01 X-41.29060 Y19.28157
G01 X-41.22311 Y19.39102
G01 X-41.21184 Y19.42503
G01 X-41.12890 Y19.47410
G01 X-41.08059 Y19.52500
G01 X-41.08382 Y19.49338
G01 X-41.13188 Y19.34847
G01 X-41.21163 Y19.21914
G01 X-41.31907 Y19.11170
G01 X-41.44839 Y19.03191
G01 X-41.59332 Y18.98388
G01 X-41.68006 Y18.97504
G01 X-42.47495 Y18.97504
G01 X-42.47495 Y19.27502
G01 X-41.72499 Y19.27502
G01 X-41.71519 Y19.27550
G01 X-41.66642 Y19.28030
G01 X-41.65672 Y19.28175
G01 X-41.64719 Y19.28411
G01 X-41.60028 Y19.29836
G01 X-41.59106 Y19.30166
G01 X-41.58217 Y19.30585
G01 X-41.53896 Y19.32894
G01 X-41.52266 Y19.33984
G01 X-41.48478 Y19.37093
G01 X-41.47749 Y19.37753
G01 X-41.47092 Y19.38480
G01 X-41.43983 Y19.42269
G01 X-41.43398 Y19.43057
G01 X-41.42893 Y19.43897
G01 X-41.40582 Y19.48221
G01 X-41.39832 Y19.50032
G01 X-41.39083 Y19.52500
G01 X-41.08059 Y19.52500
G04 P0 ( dwell for no time -- G64 should not smooth over this point )
G00 Z5.00000 ( retract )

G00 X-40.17704 Y19.47890 ( rapid move to begin. )
G01 F150.00000
( Mill infeed pass 1/1 )
G01 Z-0.06000
G04 P0 ( dwell for no time -- G64 should not smooth over this point )
G01 F300.00000
G01 X-40.17704 Y19.47890
G01 X-40.03434 Y19.42503
G01 X-40.01428 Y19.39821
G01 X-39.94521 Y19.34649
G01 X-39.94610 Y19.34505
G01 X-39.94521 Y19.34649
G01 X-39.86101 Y19.31510
G01 X-39.86127 Y19.31363
G01 X-39.86101 Y19.31510
G01 X-39.83709 Y19.31253
G01 X-39.67496 Y19.31253
G01 X-39.64519 Y19.28233
G01 X-39.67496 Y19.31253
G01 X-39.67496 Y19.41251
G01 X-39.64791 Y19.43788
G01 X-39.57496 Y19.51251
G01 X-39.57498 Y19.21253
G01 X-39.84242 Y19.21251
G01 X-39.88418 Y19.21700
G01 X-39.99363 Y19.25782
G01 X-40.08573 Y19.32678
G01 X-40.15466 Y19.41886
G01 X-40.17704 Y19.47890
G01 X-40.19424 Y19.52503
G01 X-39.84806 Y19.52500
G01 X-39.83419 Y19.51855
G01 X-39.81735 Y19.51403
G01 X-39.79998 Y19.51251
G01 X-39.57496 Y19.51251
G01 X-39.64791 Y19.43788
G01 X-39.67496 Y19.41251
G01 X-39.79998 Y19.41251
G01 X-39.83472 Y19.41556
G01 X-39.86838 Y19.42457
G01 X-39.86934 Y19.42508
G01 X-40.03434 Y19.42503
G04 P0 ( dwell for no time -- G64 should not smooth over this point )
G00 Z5.00000 ( retract )

G00 X-38.34999 Y19.60001 ( rapid move to begin. )
G01 F150.00000
( Mill infeed pass 1/1 )
G01 Z-0.06000
G04 P0 ( dwell for no time -- G64 should not smooth over this point )
G01 F300.00000
G01 X-38.34999 Y19.60001
G01 X-38.45108 Y19.60004
G01 X-38.46602 Y19.61997
G01 X-38.45108 Y19.60004
G01 X-38.45301 Y19.57779
G01 X-38.46206 Y19.54410
G01 X-38.47679 Y19.51251
G01 X-38.49678 Y19.48396
G01 X-38.52144 Y19.45929
G01 X-38.54999 Y19.43930
G01 X-38.58159 Y19.42457
G01 X-38.61527 Y19.41556
G01 X-38.64999 Y19.41251
G01 X-38.77498 Y19.41251
G01 X-38.80359 Y19.44060
G01 X-38.77498 Y19.41251
G01 X-38.77498 Y19.31253
G01 X-38.80475 Y19.28233
G01 X-38.77498 Y19.31253
G01 X-38.61283 Y19.31253
G01 X-38.58893 Y19.31510
G01 X-38.58868 Y19.31363
G01 X-38.58893 Y19.31510
G01 X-38.50473 Y19.34649
G01 X-38.50422 Y19.34560
G01 X-38.50473 Y19.34649
G01 X-38.43567 Y19.39821
G01 X-38.43493 Y19.39747
G01 X-38.43567 Y19.39821
G01 X-38.38398 Y19.46727
G01 X-38.38220 Y19.46643
G01 X-38.38398 Y19.46727
G01 X-38.35256 Y19.55152
G01 X-38.34999 Y19.57542
G01 X-38.34999 Y19.60001
G01 X-38.30016 Y19.63869
G01 X-38.24997 Y19.57006
G01 X-38.24999 Y19.70004
G01 X-38.54999 Y19.70004
G01 X-38.54999 Y19.61251
G01 X-38.55152 Y19.59516
G01 X-38.55601 Y19.57832
G01 X-38.56338 Y19.56252
G01 X-38.57338 Y19.54825
G01 X-38.58570 Y19.53590
G01 X-38.59998 Y19.52592
G01 X-38.61578 Y19.51855
G01 X-38.63262 Y19.51403
G01 X-38.64999 Y19.51251
G01 X-38.87498 Y19.51251
G01 X-38.87496 Y19.21253
G01 X-38.60750 Y19.21251
G01 X-38.56577 Y19.21700
G01 X-38.45632 Y19.25782
G01 X-38.36422 Y19.32678
G01 X-38.29531 Y19.41883
G01 X-38.25446 Y19.52833
G01 X-38.24997 Y19.57006
G04 P0 ( dwell for no time -- G64 should not smooth over this point )
G00 Z5.00000 ( retract )

G00 X-39.57496 Y21.08751 ( rapid move to begin. )
G01 F150.00000
( Mill infeed pass 1/1 )
G01 Z-0.06000
G04 P0 ( dwell for no time -- G64 should not smooth over this point )
G01 F300.00000
G01 X-39.57496 Y21.08751
G01 X-39.79998 Y21.08751
G01 X-39.81735 Y21.08599
G01 X-39.83419 Y21.08149
G01 X-39.84999 Y21.07412
G01 X-39.86426 Y21.06412
G01 X-39.87658 Y21.05180
G01 X-39.88659 Y21.03752
G01 X-39.89396 Y21.02172
G01 X-39.89848 Y21.00488
G01 X-39.89998 Y20.98751
G01 X-39.89998 Y20.72503
G01 X-40.19995 Y20.72503
G01 X-40.19998 Y21.03000
G01 X-40.19548 Y21.07174
G01 X-40.15466 Y21.18119
G01 X-40.08573 Y21.27329
G01 X-39.99365 Y21.34220
G01 X-39.88418 Y21.38304
G01 X-39.84245 Y21.38754
G01 X-39.57498 Y21.38751
G01 X-39.57496 Y21.08751
G01 X-39.64636 Y21.15944
G01 X-39.67496 Y21.18751
G01 X-39.67496 Y21.28751
G01 X-39.64519 Y21.31771
G01 X-39.67496 Y21.28751
G01 X-39.83709 Y21.28751
G01 X-39.86099 Y21.28494
G01 X-39.86127 Y21.28642
G01 X-39.86099 Y21.28494
G01 X-39.94521 Y21.25352
G01 X-39.94572 Y21.25444
G01 X-39.94521 Y21.25352
G01 X-40.01428 Y21.20184
G01 X-40.01501 Y21.20257
G01 X-40.01428 Y21.20184
G01 X-40.06599 Y21.13277
G01 X-40.06688 Y21.13328
G01 X-40.06599 Y21.13277
G01 X-40.09738 Y21.04855
G01 X-40.09888 Y21.04883
G01 X-40.09738 Y21.04855
G01 X-40.09995 Y21.02465
G01 X-40.09995 Y20.82503
G01 X-40.13000 Y20.79533
G01 X-40.09995 Y20.82503
G01 X-39.99998 Y20.82503
G01 X-39.97168 Y20.79627
G01 X-39.99998 Y20.82503
G01 X-39.99998 Y20.98751
G01 X-39.99695 Y21.02223
G01 X-39.98794 Y21.05591
G01 X-39.97320 Y21.08751
G01 X-39.95319 Y21.11606
G01 X-39.92855 Y21.14072
G01 X-39.89998 Y21.16071
G01 X-39.86840 Y21.17545
G01 X-39.83472 Y21.18446
G01 X-39.79998 Y21.18751
G01 X-39.67496 Y21.18751
G04 P0 ( dwell for no time -- G64 should not smooth over this point )
G00 Z5.00000 ( retract )

G00 X-38.34999 Y21.00003 ( rapid move to begin. )
G01 F150.00000
( Mill infeed pass 1/1 )
G01 Z-0.06000
G04 P0 ( dwell for no time -- G64 should not smooth over this point )
G01 F300.00000
G01 X-38.34999 Y21.00003
G01 X-38.45121 Y21.00003
G01 X-38.46495 Y20.98103
G01 X-38.45121 Y21.00003
G01 X-38.45383 Y21.02652
G01 X-38.46521 Y21.06404
G01 X-38.48370 Y21.09864
G01 X-38.50856 Y21.12894
G01 X-38.53887 Y21.15380
G01 X-38.57346 Y21.17230
G01 X-38.61098 Y21.18367
G01 X-38.64999 Y21.18751
G01 X-38.77498 Y21.18751
G01 X-38.80343 Y21.15970
G01 X-38.77498 Y21.18751
G01 X-38.77498 Y21.28751
G01 X-38.80475 Y21.31771
G01 X-38.77498 Y21.28751
G01 X-38.61286 Y21.28751
G01 X-38.58896 Y21.28494
G01 X-38.58868 Y21.28642
G01 X-38.58896 Y21.28494
G01 X-38.50473 Y21.25352
G01 X-38.50422 Y21.25444
G01 X-38.50473 Y21.25352
G01 X-38.43567 Y21.20184
G01 X-38.43493 Y21.20257
G01 X-38.43567 Y21.20184
G01 X-38.38398 Y21.13280
G01 X-38.38220 Y21.13364
G01 X-38.38398 Y21.13280
G01 X-38.35256 Y21.04852
G01 X-38.34997 Y21.02465
G01 X-38.34999 Y21.00003
G01 X-38.30016 Y20.96135
G01 X-38.24997 Y21.03000
G01 X-38.24999 Y20.90003
G01 X-38.54999 Y20.90003
G01 X-38.54999 Y20.98751
G01 X-38.55190 Y21.00702
G01 X-38.55761 Y21.02579
G01 X-38.56683 Y21.04306
G01 X-38.57928 Y21.05822
G01 X-38.59444 Y21.07067
G01 X-38.61171 Y21.07989
G01 X-38.63048 Y21.08558
G01 X-38.64999 Y21.08751
G01 X-38.87498 Y21.08751
G01 X-38.87496 Y21.38751
G01 X-38.60750 Y21.38754
G01 X-38.56577 Y21.38304
G01 X-38.45629 Y21.34220
G01 X-38.36422 Y21.27329
G01 X-38.29531 Y21.18121
G01 X-38.25446 Y21.07171
G01 X-38.24997 Y21.03000
G04 P0 ( dwell for no time -- G64 should not smooth over this point )
G00 Z5.00000 ( retract )

G00 X-37.30326 Y21.35535 ( rapid move to begin. )
G01 F150.00000
( Mill infeed pass 1/1 )
G01 Z-0.06000
G04 P0 ( dwell for no time -- G64 should not smooth over this point )
G01 F300.00000
G01 X-37.30326 Y21.35535
G01 X-37.25723 Y21.48271
G01 X-37.17049 Y21.56948
G01 X-37.16188 Y21.56612
G01 X-37.06249 Y21.53605
G01 X-37.06587 Y21.54720
G01 X-37.06970 Y21.56643
G01 X-37.07451 Y21.61522
G01 X-37.07499 Y21.62503
G01 X-37.07499 Y21.77501
G01 X-37.37496 Y21.77501
G01 X-37.37496 Y21.58012
G01 X-37.36612 Y21.49338
G01 X-37.31809 Y21.34844
G01 X-37.29213 Y21.30638
G01 X-37.06249 Y21.53605
G01 X-37.16188 Y21.56612
G01 X-37.17049 Y21.56948
G01 X-37.17402 Y21.60542
G01 X-37.17499 Y21.62503
G01 X-37.17499 Y21.67501
G01 X-37.14834 Y21.70283
G01 X-37.17499 Y21.67501
G01 X-37.27496 Y21.67501
G01 X-37.31073 Y21.70763
G01 X-37.27496 Y21.67501
G01 X-37.27496 Y21.58525
G01 X-37.26775 Y21.51443
G01 X-37.25723 Y21.48271
G04 P0 ( dwell for no time -- G64 should not smooth over this point )
G00 Z5.00000 ( retract )

G00 X-35.97499 Y22.97501 ( rapid move to begin. )
G01 F150.00000
( Mill infeed pass 1/1 )
G01 Z-0.06000
G04 P0 ( dwell for no time -- G64 should not smooth over this point )
G01 F300.00000
G01 X-35.97499 Y22.97501
G01 X-36.72498 Y22.97501
G01 X-36.73478 Y22.97453
G01 X-36.78357 Y22.96973
G01 X-36.79328 Y22.96828
G01 X-36.80278 Y22.96589
G01 X-36.84969 Y22.95167
G01 X-36.85894 Y22.94837
G01 X-36.86780 Y22.94417
G01 X-36.91103 Y22.92106
G01 X-36.92731 Y22.91019
G01 X-36.96521 Y22.87910
G01 X-36.97247 Y22.87250
G01 X-36.97905 Y22.86523
G01 X-37.01017 Y22.82733
G01 X-37.01601 Y22.81946
G01 X-37.02104 Y22.81105
G01 X-37.04415 Y22.76782
G01 X-37.05165 Y22.74971
G01 X-37.06587 Y22.70282
G01 X-37.06970 Y22.68360
G01 X-37.07451 Y22.63480
G01 X-37.07499 Y22.62502
G01 X-37.07499 Y22.47504
G01 X-37.37496 Y22.47504
G01 X-37.37496 Y22.66993
G01 X-37.36612 Y22.75667
G01 X-37.31809 Y22.90160
G01 X-37.23831 Y23.03094
G01 X-37.13087 Y23.13836
G01 X-37.00153 Y23.21814
G01 X-36.85662 Y23.26617
G01 X-36.76988 Y23.27501
G01 X-35.97499 Y23.27503
G01 X-35.97499 Y22.97501
G01 X-36.04568 Y23.04572
G01 X-36.07499 Y23.07501
G01 X-36.07499 Y23.17503
G01 X-36.04568 Y23.20432
G01 X-36.07499 Y23.17503
G01 X-36.76475 Y23.17501
G01 X-36.83554 Y23.16780
G01 X-36.83567 Y23.16838
G01 X-36.83554 Y23.16780
G01 X-36.95896 Y23.12690
G01 X-36.95927 Y23.12751
G01 X-36.95896 Y23.12690
G01 X-37.06841 Y23.05939
G01 X-37.06884 Y23.05992
G01 X-37.06841 Y23.05939
G01 X-37.15934 Y22.96846
G01 X-37.15987 Y22.96889
G01 X-37.15934 Y22.96846
G01 X-37.22683 Y22.85906
G01 X-37.22746 Y22.85936
G01 X-37.22683 Y22.85906
G01 X-37.26775 Y22.73561
G01 X-37.26869 Y22.73577
G01 X-37.26775 Y22.73561
G01 X-37.27499 Y22.66483
G01 X-37.27496 Y22.57504
G01 X-37.30730 Y22.54412
G01 X-37.27496 Y22.57504
G01 X-37.17499 Y22.57501
G01 X-37.15081 Y22.54867
G01 X-37.17499 Y22.57501
G01 X-37.17499 Y22.62502
G01 X-37.17402 Y22.64461
G01 X-37.16922 Y22.69340
G01 X-37.16158 Y22.73183
G01 X-37.14735 Y22.77874
G01 X-37.13234 Y22.81496
G01 X-37.10923 Y22.85820
G01 X-37.09914 Y22.87501
G01 X-37.08746 Y22.89078
G01 X-37.05637 Y22.92868
G01 X-37.04319 Y22.94321
G01 X-37.02863 Y22.95639
G01 X-36.99076 Y22.98748
G01 X-36.95815 Y23.00927
G01 X-36.91494 Y23.03236
G01 X-36.89719 Y23.04077
G01 X-36.87872 Y23.04737
G01 X-36.83181 Y23.06160
G01 X-36.79335 Y23.06924
G01 X-36.74458 Y23.07404
G01 X-36.72498 Y23.07501
G01 X-36.07499 Y23.07501
G04 P0 ( dwell for no time -- G64 should not smooth over this point )
G00 Z5.00000 ( retract )

G00 X-34.01185 Y22.82502 ( rapid move to begin. )
G01 F150.00000
( Mill infeed pass 1/1 )
G01 Z-0.06000
G04 P0 ( dwell for no time -- G64 should not smooth over this point )
G01 F300.00000
G01 X-34.01185 Y22.82502
G01 X-34.12303 Y22.82502
G01 X-34.12915 Y22.81344
G01 X-34.12303 Y22.82502
G01 X-34.14073 Y22.85820
G01 X-34.15084 Y22.87501
G01 X-34.16252 Y22.89078
G01 X-34.19361 Y22.92868
G01 X-34.20679 Y22.94321
G01 X-34.22132 Y22.95639
G01 X-34.25922 Y22.98748
G01 X-34.29181 Y23.00927
G01 X-34.33504 Y23.03236
G01 X-34.35277 Y23.04077
G01 X-34.37126 Y23.04737
G01 X-34.41815 Y23.06160
G01 X-34.45660 Y23.06924
G01 X-34.50537 Y23.07404
G01 X-34.52498 Y23.07501
G01 X-35.17497 Y23.07501
G01 X-35.20428 Y23.04572
G01 X-35.17497 Y23.07501
G01 X-35.17497 Y23.17503
G01 X-35.20428 Y23.20432
G01 X-35.17497 Y23.17503
G01 X-34.48518 Y23.17516
G01 X-34.41439 Y23.16780
G01 X-34.41426 Y23.16838
G01 X-34.41439 Y23.16780
G01 X-34.29094 Y23.12690
G01 X-34.29067 Y23.12751
G01 X-34.29094 Y23.12690
G01 X-34.18152 Y23.05939
G01 X-34.18109 Y23.05992
G01 X-34.18152 Y23.05939
G01 X-34.09062 Y22.96848
G01 X-34.08980 Y22.96909
G01 X-34.09062 Y22.96848
G01 X-34.02310 Y22.85901
G01 X-34.01185 Y22.82502
G01 X-33.92889 Y22.77595
G01 X-33.88061 Y22.72505
G01 X-33.88383 Y22.75667
G01 X-33.93187 Y22.90155
G01 X-34.01165 Y23.03092
G01 X-34.11906 Y23.13836
G01 X-34.24840 Y23.21814
G01 X-34.39336 Y23.26617
G01 X-34.48007 Y23.27501
G01 X-35.27497 Y23.27503
G01 X-35.27497 Y22.97501
G01 X-34.52498 Y22.97501
G01 X-34.51518 Y22.97453
G01 X-34.46641 Y22.96973
G01 X-34.45671 Y22.96828
G01 X-34.44718 Y22.96589
G01 X-34.40029 Y22.95167
G01 X-34.39105 Y22.94837
G01 X-34.38218 Y22.94417
G01 X-34.33895 Y22.92106
G01 X-34.32264 Y22.91019
G01 X-34.28477 Y22.87910
G01 X-34.27751 Y22.87250
G01 X-34.27090 Y22.86523
G01 X-34.23981 Y22.82733
G01 X-34.23397 Y22.81946
G01 X-34.22892 Y22.81105
G01 X-34.20583 Y22.76782
G01 X-34.19831 Y22.74971
G01 X-34.19084 Y22.72502
G01 X-33.88061 Y22.72505
G04 P0 ( dwell for no time -- G64 should not smooth over this point )
G00 Z5.00000 ( retract )

G00 X-32.47497 Y23.18751 ( rapid move to begin. )
G01 F150.00000
( Mill infeed pass 1/1 )
G01 Z-0.06000
G04 P0 ( dwell for no time -- G64 should not smooth over this point )
G01 F300.00000
G01 X-32.47497 Y23.18751
G01 X-32.59999 Y23.18751
G01 X-32.63471 Y23.18448
G01 X-32.66839 Y23.17544
G01 X-32.69999 Y23.16071
G01 X-32.72854 Y23.14072
G01 X-32.75320 Y23.11608
G01 X-32.77319 Y23.08751
G01 X-32.78793 Y23.05591
G01 X-32.79694 Y23.02225
G01 X-32.79999 Y22.98751
G01 X-32.79999 Y22.82502
G01 X-32.77167 Y22.79630
G01 X-32.79999 Y22.82502
G01 X-32.89996 Y22.82502
G01 X-32.93001 Y22.79533
G01 X-32.89996 Y22.82502
G01 X-32.89996 Y23.02464
G01 X-32.89740 Y23.04854
G01 X-32.89890 Y23.04882
G01 X-32.89740 Y23.04854
G01 X-32.86601 Y23.13277
G01 X-32.86689 Y23.13325
G01 X-32.86601 Y23.13277
G01 X-32.81429 Y23.20183
G01 X-32.81500 Y23.20257
G01 X-32.81429 Y23.20183
G01 X-32.74523 Y23.25352
G01 X-32.74574 Y23.25444
G01 X-32.74523 Y23.25352
G01 X-32.66100 Y23.28494
G01 X-32.66128 Y23.28641
G01 X-32.66100 Y23.28494
G01 X-32.63710 Y23.28751
G01 X-32.47497 Y23.28751
G01 X-32.44520 Y23.31771
G01 X-32.47497 Y23.28751
G01 X-32.47497 Y23.18751
G01 X-32.44637 Y23.15944
G01 X-32.37497 Y23.08751
G01 X-32.37500 Y23.38751
G01 X-32.64243 Y23.38753
G01 X-32.68417 Y23.38304
G01 X-32.79367 Y23.34219
G01 X-32.88572 Y23.27328
G01 X-32.95468 Y23.18118
G01 X-32.99549 Y23.07173
G01 X-32.99999 Y23.03000
G01 X-32.99996 Y22.72502
G01 X-32.69999 Y22.72502
G01 X-32.69999 Y22.98751
G01 X-32.69847 Y23.00488
G01 X-32.69395 Y23.02172
G01 X-32.68658 Y23.03752
G01 X-32.67660 Y23.05179
G01 X-32.66428 Y23.06411
G01 X-32.64998 Y23.07412
G01 X-32.63418 Y23.08149
G01 X-32.61736 Y23.08598
G01 X-32.59999 Y23.08751
G01 X-32.37497 Y23.08751
G04 P0 ( dwell for no time -- G64 should not smooth over this point )
G00 Z5.00000 ( retract )

G00 X-32.83436 Y21.42503 ( rapid move to begin. )
G01 F150.00000
( Mill infeed pass 1/1 )
G01 Z-0.06000
G04 P0 ( dwell for no time -- G64 should not smooth over this point )
G01 F300.00000
G01 X-32.83436 Y21.42503
G01 X-32.66761 Y21.42503
G01 X-32.63901 Y21.41636
G01 X-32.59999 Y21.41250
G01 X-32.47497 Y21.41250
G01 X-32.44693 Y21.43963
G01 X-32.37497 Y21.51250
G01 X-32.59999 Y21.51250
G01 X-32.61950 Y21.51443
G01 X-32.63827 Y21.52012
G01 X-32.64744 Y21.52503
G01 X-32.99427 Y21.52505
G01 X-32.97832 Y21.48228
G01 X-32.95468 Y21.41885
G01 X-32.88572 Y21.32678
G01 X-32.79364 Y21.25782
G01 X-32.68417 Y21.21700
G01 X-32.64243 Y21.21250
G01 X-32.37500 Y21.21253
G01 X-32.37497 Y21.51250
G01 X-32.44693 Y21.43963
G01 X-32.47497 Y21.41250
G01 X-32.47497 Y21.31253
G01 X-32.44569 Y21.28322
G01 X-32.47497 Y21.31253
G01 X-32.63710 Y21.31253
G01 X-32.63728 Y21.31136
G01 X-32.63710 Y21.31253
G01 X-32.66100 Y21.31509
G01 X-32.74520 Y21.34649
G01 X-32.74629 Y21.34456
G01 X-32.74520 Y21.34649
G01 X-32.81429 Y21.39823
G01 X-32.83436 Y21.42503
G01 X-32.97832 Y21.48228
G04 P0 ( dwell for no time -- G64 should not smooth over this point )
G00 Z5.00000 ( retract )

G00 X-33.88061 Y21.52505 ( rapid move to begin. )
G01 F150.00000
( Mill infeed pass 1/1 )
G01 Z-0.06000
G04 P0 ( dwell for no time -- G64 should not smooth over this point )
G01 F300.00000
G01 X-33.88061 Y21.52505
G01 X-34.19082 Y21.52503
G01 X-34.19831 Y21.50031
G01 X-34.20583 Y21.48220
G01 X-34.22892 Y21.43897
G01 X-34.23397 Y21.43056
G01 X-34.23981 Y21.42269
G01 X-34.27090 Y21.38479
G01 X-34.27751 Y21.37753
G01 X-34.28477 Y21.37092
G01 X-34.32264 Y21.33983
G01 X-34.33895 Y21.32896
G01 X-34.38218 Y21.30585
G01 X-34.39105 Y21.30166
G01 X-34.40029 Y21.29836
G01 X-34.44718 Y21.28413
G01 X-34.45671 Y21.28174
G01 X-34.46641 Y21.28030
G01 X-34.51518 Y21.27550
G01 X-34.52498 Y21.27501
G01 X-35.27497 Y21.27501
G01 X-35.27497 Y20.97504
G01 X-34.48010 Y20.97504
G01 X-34.39336 Y20.98388
G01 X-34.24840 Y21.03191
G01 X-34.11906 Y21.11169
G01 X-34.01165 Y21.21913
G01 X-33.93187 Y21.34847
G01 X-33.88383 Y21.49338
G01 X-33.88061 Y21.52505
G01 X-33.92889 Y21.47412
G01 X-34.01185 Y21.42503
G01 X-34.02310 Y21.39104
G01 X-34.09062 Y21.28157
G01 X-34.08983 Y21.28096
G01 X-34.09062 Y21.28157
G01 X-34.18152 Y21.19066
G01 X-34.18109 Y21.19013
G01 X-34.18152 Y21.19066
G01 X-34.29094 Y21.12315
G01 X-34.29067 Y21.12254
G01 X-34.29094 Y21.12315
G01 X-34.41439 Y21.08225
G01 X-34.41426 Y21.08167
G01 X-34.41439 Y21.08225
G01 X-34.48518 Y21.07489
G01 X-35.17497 Y21.07501
G01 X-35.20428 Y21.04573
G01 X-35.17497 Y21.07501
G01 X-35.17497 Y21.17501
G01 X-35.20428 Y21.20430
G01 X-35.17497 Y21.17501
G01 X-34.52498 Y21.17501
G01 X-34.50537 Y21.17598
G01 X-34.45660 Y21.18078
G01 X-34.41815 Y21.18842
G01 X-34.37126 Y21.20265
G01 X-34.35277 Y21.20928
G01 X-34.33504 Y21.21766
G01 X-34.29181 Y21.24075
G01 X-34.25922 Y21.26254
G01 X-34.22132 Y21.29363
G01 X-34.20679 Y21.30681
G01 X-34.19361 Y21.32137
G01 X-34.16252 Y21.35924
G01 X-34.15084 Y21.37501
G01 X-34.14073 Y21.39185
G01 X-34.12300 Y21.42503
G01 X-34.12912 Y21.43663
G01 X-34.12300 Y21.42503
G01 X-34.01185 Y21.42503
G04 P0 ( dwell for no time -- G64 should not smooth over this point )
G00 Z5.00000 ( retract )

G00 X-32.83093 Y18.12501 ( rapid move to begin. )
G01 F150.00000
( Mill infeed pass 1/1 )
G01 Z-0.06000
G04 P0 ( dwell for no time -- G64 should not smooth over this point )
G01 F300.00000
G01 X-32.83093 Y18.12501
G01 X-32.82920 Y18.12582
G01 X-32.82836 Y18.12620
G01 X-32.81993 Y18.13024
G01 X-32.80090 Y18.12501
G01 X-32.73819 Y18.10781
G01 X-32.73459 Y18.10697
G01 X-32.70263 Y18.10070
G01 X-32.70078 Y18.10037
G01 X-32.65229 Y18.09275
G01 X-32.65041 Y18.09249
G01 X-32.60624 Y18.08724
G01 X-32.58787 Y18.08480
G01 X-32.54048 Y18.07776
G01 X-32.47810 Y18.06532
G01 X-32.54048 Y18.07776
G01 X-32.58787 Y18.08480
G01 X-32.60624 Y18.08724
G01 X-32.65041 Y18.09249
G01 X-32.65229 Y18.09275
G01 X-32.70078 Y18.10037
G01 X-32.70263 Y18.10070
G01 X-32.73459 Y18.10697
G01 X-32.73819 Y18.10781
G01 X-32.80090 Y18.12501
G01 X-32.83093 Y18.12501
G01 X-32.80090 Y18.12501
G01 X-32.83093 Y18.12501
G01 X-32.89905 Y18.09389
G01 X-32.90545 Y18.09150
G01 X-33.06824 Y18.04261
G01 X-33.07550 Y18.04101
G01 X-33.07533 Y18.04009
G01 X-33.07550 Y18.04101
G01 X-33.14538 Y18.03095
G01 X-33.14891 Y18.03057
G01 X-33.22087 Y18.02541
G01 X-33.22445 Y18.02526
G01 X-33.37439 Y18.02526
G01 X-33.39773 Y18.02470
G01 X-33.40847 Y18.02417
G01 X-33.44274 Y18.02074
G01 X-33.46448 Y18.01797
G01 X-33.48208 Y18.01284
G01 X-33.53410 Y17.99625
G01 X-33.57086 Y17.98223
G01 X-33.57388 Y17.98096
G01 X-33.57472 Y17.98061
G01 X-33.59173 Y17.97365
G01 X-33.59255 Y17.97332
G01 X-33.60916 Y17.96689
G01 X-33.60954 Y17.96674
G01 X-33.61784 Y17.96362
G01 X-33.61828 Y17.96344
G01 X-33.67454 Y17.94279
G01 X-33.68383 Y17.94035
G01 X-33.69341 Y17.93974
G01 X-33.69328 Y17.93509
G01 X-33.69341 Y17.93974
G01 X-33.70293 Y17.94098
G01 X-33.73047 Y17.94728
G01 X-33.73171 Y17.94759
G01 X-33.80012 Y17.96511
G01 X-33.80352 Y17.96613
G01 X-33.87266 Y17.98919
G01 X-33.87601 Y17.99044
G01 X-34.10779 Y18.08675
G01 X-34.11005 Y18.08775
G01 X-34.11022 Y18.08736
G01 X-34.11005 Y18.08775
G01 X-34.15490 Y18.10903
G01 X-34.15709 Y18.11012
G01 X-34.17085 Y18.11749
G01 X-34.17606 Y18.12071
G01 X-34.18084 Y18.12452
G01 X-34.18325 Y18.12673
G01 X-34.20418 Y18.14467
G01 X-34.21998 Y18.15744
G01 X-34.22104 Y18.15833
G01 X-34.24261 Y18.17680
G01 X-34.24368 Y18.17774
G01 X-34.24540 Y18.17931
G01 X-34.25457 Y18.18587
G01 X-34.29392 Y18.21114
G01 X-34.33420 Y18.23428
G01 X-34.37281 Y18.24853
G01 X-34.41784 Y18.26283
G01 X-34.43550 Y18.26798
G01 X-34.45721 Y18.27073
G01 X-34.49148 Y18.27418
G01 X-34.50222 Y18.27469
G01 X-34.52556 Y18.27527
G01 X-36.72437 Y18.27527
G01 X-36.74768 Y18.27469
G01 X-36.75845 Y18.27418
G01 X-36.79272 Y18.27073
G01 X-36.81449 Y18.26798
G01 X-36.83211 Y18.26283
G01 X-36.87717 Y18.24853
G01 X-36.91576 Y18.23428
G01 X-36.95601 Y18.21114
G01 X-36.99538 Y18.18584
G01 X-37.00453 Y18.17931
G01 X-37.02642 Y18.15947
G01 X-37.03780 Y18.14810
G01 X-37.04809 Y18.13781
G01 X-37.05637 Y18.12866
G01 X-37.08746 Y18.09079
G01 X-37.09737 Y18.07741
G01 X-37.10247 Y18.06948
G01 X-37.09737 Y18.07741
G01 X-37.08746 Y18.09079
G01 X-37.05637 Y18.12866
G01 X-37.04809 Y18.13781
G01 X-37.03780 Y18.14810
G01 X-37.02863 Y18.15640
G01 X-36.99076 Y18.18749
G01 X-36.95815 Y18.20926
G01 X-36.91494 Y18.23237
G01 X-36.89719 Y18.24075
G01 X-36.87872 Y18.24736
G01 X-36.83181 Y18.26161
G01 X-36.79335 Y18.26925
G01 X-36.74458 Y18.27405
G01 X-36.72498 Y18.27502
G01 X-34.52498 Y18.27502
G01 X-34.50537 Y18.27405
G01 X-34.45660 Y18.26925
G01 X-34.41815 Y18.26161
G01 X-34.37126 Y18.24736
G01 X-34.35277 Y18.24075
G01 X-34.33504 Y18.23237
G01 X-34.29181 Y18.20926
G01 X-34.25922 Y18.18749
G01 X-34.22132 Y18.15640
G01 X-34.20679 Y18.14322
G01 X-34.19361 Y18.12866
G01 X-34.18211 Y18.11464
G01 X-34.18299 Y18.11325
G01 X-34.18211 Y18.11464
G01 X-33.67931 Y17.90573
G01 X-33.67799 Y17.89232
G01 X-33.67931 Y17.90573
G01 X-33.67865 Y17.90639
G01 X-33.64076 Y17.93748
G01 X-33.62498 Y17.94916
G01 X-33.60817 Y17.95927
G01 X-33.56494 Y17.98236
G01 X-33.52872 Y17.99737
G01 X-33.48183 Y18.01160
G01 X-33.46278 Y18.01637
G01 X-33.44337 Y18.01924
G01 X-33.39458 Y18.02404
G01 X-33.37500 Y18.02501
G01 X-32.72498 Y18.02501
G01 X-32.70538 Y18.02404
G01 X-32.65661 Y18.01924
G01 X-32.63720 Y18.01637
G01 X-32.61815 Y18.01160
G01 X-32.57126 Y17.99737
G01 X-32.53504 Y17.98236
G01 X-32.49181 Y17.95927
G01 X-32.47497 Y17.94916
G01 X-32.45922 Y17.93748
G01 X-32.42133 Y17.90639
G01 X-32.39362 Y17.87868
G01 X-32.36253 Y17.84078
G01 X-32.35082 Y17.82501
G01 X-32.34073 Y17.80819
G01 X-32.31764 Y17.76496
G01 X-32.30263 Y17.72874
G01 X-32.28841 Y17.68185
G01 X-32.28363 Y17.66280
G01 X-32.28076 Y17.64340
G01 X-32.27596 Y17.59460
G01 X-32.27500 Y17.57502
G01 X-32.27500 Y16.67502
G01 X-32.27596 Y16.65541
G01 X-32.28076 Y16.60665
G01 X-32.28363 Y16.58721
G01 X-32.28841 Y16.56819
G01 X-32.30263 Y16.52128
G01 X-32.31764 Y16.48506
G01 X-32.34073 Y16.44185
G01 X-32.35082 Y16.42501
G01 X-32.36253 Y16.40924
G01 X-32.39362 Y16.37137
G01 X-32.42133 Y16.34363
G01 X-32.45922 Y16.31254
G01 X-32.47497 Y16.30086
G01 X-32.49181 Y16.29077
G01 X-32.53504 Y16.26766
G01 X-32.57126 Y16.25265
G01 X-32.61815 Y16.23842
G01 X-32.63720 Y16.23367
G01 X-32.65661 Y16.23078
G01 X-32.70538 Y16.22598
G01 X-32.72498 Y16.22501
G01 X-33.37500 Y16.22501
G01 X-33.39458 Y16.22598
G01 X-33.44337 Y16.23078
G01 X-33.46278 Y16.23367
G01 X-33.48183 Y16.23842
G01 X-33.52872 Y16.25265
G01 X-33.56494 Y16.26766
G01 X-33.60817 Y16.29077
G01 X-33.62498 Y16.30086
G01 X-33.64076 Y16.31254
G01 X-33.67865 Y16.34363
G01 X-33.69709 Y16.36207
G01 X-33.69592 Y16.36504
G01 X-33.69709 Y16.36207
G01 X-34.01111 Y16.40047
G01 X-34.01109 Y16.40078
G01 X-34.01111 Y16.40047
G01 X-34.51500 Y16.37525
G01 X-34.52498 Y16.37502
G01 X-34.73082 Y16.37502
G01 X-34.74385 Y16.39242
G01 X-34.73082 Y16.37502
G01 X-34.83804 Y16.05341
G01 X-34.84472 Y16.05318
G01 X-34.83804 Y16.05341
G01 X-34.59303 Y15.45836
G01 X-34.59191 Y15.45473
G01 X-34.59021 Y15.45156
G01 X-34.57883 Y15.41404
G01 X-34.57499 Y15.37502
G01 X-34.57499 Y13.67500
G01 X-34.57883 Y13.63601
G01 X-34.59021 Y13.59847
G01 X-34.60870 Y13.56390
G01 X-34.63357 Y13.53360
G01 X-34.66387 Y13.50871
G01 X-34.69846 Y13.49027
G01 X-34.73598 Y13.47886
G01 X-34.77499 Y13.47500
G01 X-36.47499 Y13.47500
G01 X-36.51400 Y13.47886
G01 X-36.55152 Y13.49027
G01 X-36.58609 Y13.50871
G01 X-36.61642 Y13.53360
G01 X-36.64128 Y13.56390
G01 X-36.65977 Y13.59847
G01 X-36.67115 Y13.63601
G01 X-36.67499 Y13.67500
G01 X-36.67499 Y15.37502
G01 X-36.67115 Y15.41404
G01 X-36.66546 Y15.43276
G01 X-36.66531 Y15.43355
G01 X-36.66447 Y15.43606
G01 X-36.65977 Y15.45156
G01 X-36.65835 Y15.45420
G01 X-36.65693 Y15.45836
G01 X-36.41192 Y16.05343
G01 X-36.40534 Y16.05323
G01 X-36.41192 Y16.05343
G01 X-36.51911 Y16.37502
G01 X-36.50588 Y16.39301
G01 X-36.51911 Y16.37502
G01 X-36.72498 Y16.37502
G01 X-36.74458 Y16.37599
G01 X-36.79335 Y16.38079
G01 X-36.83181 Y16.38843
G01 X-36.87872 Y16.40266
G01 X-36.89719 Y16.40926
G01 X-36.91494 Y16.41767
G01 X-36.95815 Y16.44076
G01 X-36.99076 Y16.46255
G01 X-37.02863 Y16.49364
G01 X-37.04319 Y16.50682
G01 X-37.05637 Y16.52135
G01 X-37.08746 Y16.55925
G01 X-37.09914 Y16.57500
G01 X-37.10923 Y16.59184
G01 X-37.13234 Y16.63507
G01 X-37.14735 Y16.67129
G01 X-37.16158 Y16.71818
G01 X-37.16922 Y16.75663
G01 X-37.17402 Y16.80540
G01 X-37.17499 Y16.82501
G01 X-37.17499 Y17.82501
G01 X-37.17402 Y17.84462
G01 X-37.16922 Y17.89338
G01 X-37.16158 Y17.93184
G01 X-37.14735 Y17.97873
G01 X-37.13234 Y18.01497
G01 X-37.10923 Y18.05818
G01 X-37.10247 Y18.06948
G01 X-37.11106 Y18.05612
G01 X-37.13425 Y18.01579
G01 X-37.14847 Y17.97720
G01 X-37.16277 Y17.93212
G01 X-37.16793 Y17.91452
G01 X-37.17070 Y17.89277
G01 X-37.17412 Y17.85848
G01 X-37.17466 Y17.84774
G01 X-37.17522 Y17.82440
G01 X-37.17522 Y17.14551
G01 X-37.17524 Y17.14464
G01 X-37.17552 Y17.12770
G01 X-37.17555 Y17.12686
G01 X-37.17611 Y17.10995
G01 X-37.17583 Y17.10992
G01 X-37.17611 Y17.10995
G01 X-37.17646 Y17.10550
G01 X-37.18769 Y17.01503
G01 X-37.18842 Y17.01071
G01 X-37.20339 Y16.94081
G01 X-37.20295 Y16.94071
G01 X-37.20339 Y16.94081
G01 X-37.20483 Y16.93547
G01 X-37.24692 Y16.80921
G01 X-37.24880 Y16.80441
G01 X-37.26368 Y16.77152
G01 X-37.26391 Y16.77098
G01 X-37.26986 Y16.75826
G01 X-37.26874 Y16.74683
G01 X-37.25726 Y16.68914
G01 X-37.24303 Y16.64226
G01 X-37.22053 Y16.58793
G01 X-37.19744 Y16.54470
G01 X-37.18230 Y16.51945
G01 X-37.16475 Y16.49580
G01 X-37.13366 Y16.45793
G01 X-37.11390 Y16.43611
G01 X-37.09208 Y16.41632
G01 X-37.05419 Y16.38523
G01 X-37.00529 Y16.35257
G01 X-36.96209 Y16.32946
G01 X-36.93547 Y16.31688
G01 X-36.90775 Y16.30695
G01 X-36.86084 Y16.29273
G01 X-36.83229 Y16.28559
G01 X-36.80316 Y16.28127
G01 X-36.75439 Y16.27645
G01 X-36.72498 Y16.27502
G01 X-36.59119 Y16.27502
G01 X-36.57832 Y16.29209
G01 X-36.59119 Y16.27502
G01 X-36.51855 Y16.05712
G01 X-36.51187 Y16.05689
G01 X-36.51855 Y16.05712
G01 X-36.74941 Y15.49644
G01 X-36.75078 Y15.49240
G01 X-36.75215 Y15.48981
G01 X-36.75673 Y15.47475
G01 X-36.76196 Y15.45920
G01 X-36.76292 Y15.45432
G01 X-36.76922 Y15.43355
G01 X-36.77499 Y15.37502
G01 X-36.77499 Y13.67500
G01 X-36.76922 Y13.61648
G01 X-36.75215 Y13.56019
G01 X-36.72442 Y13.50835
G01 X-36.68713 Y13.46289
G01 X-36.64166 Y13.42557
G01 X-36.58980 Y13.39784
G01 X-36.53351 Y13.38077
G01 X-36.47499 Y13.37503
G01 X-34.77499 Y13.37503
G01 X-34.71647 Y13.38077
G01 X-34.66018 Y13.39784
G01 X-34.60832 Y13.42557
G01 X-34.56285 Y13.46289
G01 X-34.52554 Y13.50835
G01 X-34.49783 Y13.56019
G01 X-34.48076 Y13.61648
G01 X-34.47499 Y13.67500
G01 X-34.47499 Y15.37502
G01 X-34.48076 Y15.43355
G01 X-34.49783 Y15.48981
G01 X-34.49948 Y15.49291
G01 X-34.50055 Y15.49644
G01 X-34.73138 Y16.05709
G01 X-34.73809 Y16.05686
G01 X-34.73138 Y16.05709
G01 X-34.65876 Y16.27502
G01 X-34.67172 Y16.29227
G01 X-34.65876 Y16.27502
G01 X-34.52498 Y16.27502
G01 X-34.50999 Y16.27538
G01 X-34.01469 Y16.30017
G01 X-34.01469 Y16.30047
G01 X-34.01469 Y16.30017
G01 X-33.74266 Y16.26690
G01 X-33.74139 Y16.27004
G01 X-33.74266 Y16.26690
G01 X-33.74208 Y16.26634
G01 X-33.70420 Y16.23525
G01 X-33.68056 Y16.21770
G01 X-33.65531 Y16.20256
G01 X-33.61208 Y16.17947
G01 X-33.55775 Y16.15696
G01 X-33.51083 Y16.14274
G01 X-33.48229 Y16.13558
G01 X-33.45318 Y16.13126
G01 X-33.40438 Y16.12646
G01 X-33.37500 Y16.12501
G01 X-32.72498 Y16.12501
G01 X-32.69557 Y16.12646
G01 X-32.64680 Y16.13126
G01 X-32.61769 Y16.13558
G01 X-32.58912 Y16.14274
G01 X-32.54223 Y16.15696
G01 X-32.48790 Y16.17947
G01 X-32.44467 Y16.20256
G01 X-32.41942 Y16.21770
G01 X-32.39577 Y16.23525
G01 X-32.35790 Y16.26634
G01 X-32.31630 Y16.30792
G01 X-32.28521 Y16.34581
G01 X-32.26768 Y16.36946
G01 X-32.25254 Y16.39471
G01 X-32.22943 Y16.43791
G01 X-32.20693 Y16.49224
G01 X-32.19270 Y16.53916
G01 X-32.18556 Y16.56771
G01 X-32.18125 Y16.59684
G01 X-32.17642 Y16.64561
G01 X-32.17500 Y16.67502
G01 X-32.17500 Y17.57502
G01 X-32.17642 Y17.60441
G01 X-32.18125 Y17.65320
G01 X-32.18556 Y17.68231
G01 X-32.19270 Y17.71086
G01 X-32.20693 Y17.75777
G01 X-32.22943 Y17.81210
G01 X-32.25254 Y17.85534
G01 X-32.26768 Y17.88058
G01 X-32.28521 Y17.90423
G01 X-32.31630 Y17.94210
G01 X-32.35790 Y17.98368
G01 X-32.39577 Y18.01477
G01 X-32.41942 Y18.03232
G01 X-32.44467 Y18.04746
G01 X-32.47810 Y18.06532
G01 X-32.47578 Y18.06486
G01 X-32.42915 Y18.05318
G01 X-32.35867 Y18.03174
G01 X-32.32453 Y18.01952
G01 X-32.27231 Y17.97111
G01 X-32.23964 Y17.93768
G01 X-32.18711 Y17.87835
G01 X-32.15745 Y17.84136
G01 X-32.10738 Y17.77215
G01 X-32.10629 Y17.77045
G01 X-32.09702 Y17.73989
G01 X-32.08747 Y17.70182
G01 X-32.08173 Y17.66298
G01 X-32.07690 Y17.61421
G01 X-32.07500 Y17.57502
G01 X-32.07500 Y16.67502
G01 X-32.17500 Y16.67502
G01 X-32.27500 Y16.67502
G01 X-32.37500 Y16.67502
G01 X-32.37500 Y17.57502
G01 X-32.37548 Y17.58483
G01 X-32.38028 Y17.63359
G01 X-32.38170 Y17.64330
G01 X-32.38409 Y17.65282
G01 X-32.39831 Y17.69971
G01 X-32.40583 Y17.71782
G01 X-32.42892 Y17.76105
G01 X-32.43398 Y17.76946
G01 X-32.43982 Y17.77736
G01 X-32.47091 Y17.81523
G01 X-32.48478 Y17.82910
G01 X-32.52265 Y17.86019
G01 X-32.53055 Y17.86603
G01 X-32.53895 Y17.87108
G01 X-32.58219 Y17.89417
G01 X-32.60030 Y17.90166
G01 X-32.64718 Y17.91591
G01 X-32.65671 Y17.91828
G01 X-32.66641 Y17.91972
G01 X-32.71518 Y17.92452
G01 X-32.72498 Y17.92501
G01 X-33.37500 Y17.92501
G01 X-33.38480 Y17.92452
G01 X-33.43357 Y17.91972
G01 X-33.44327 Y17.91828
G01 X-33.45280 Y17.91591
G01 X-33.49968 Y17.90166
G01 X-33.51779 Y17.89417
G01 X-33.56103 Y17.87108
G01 X-33.56943 Y17.86603
G01 X-33.57731 Y17.86019
G01 X-33.61520 Y17.82910
G01 X-33.62907 Y17.81523
G01 X-33.64700 Y17.79336
G01 X-33.66440 Y17.79125
G01 X-34.24355 Y18.03189
G01 X-34.27090 Y18.06524
G01 X-34.27751 Y18.07251
G01 X-34.28477 Y18.07908
G01 X-34.32264 Y18.11017
G01 X-34.33895 Y18.12107
G01 X-34.38218 Y18.14418
G01 X-34.39105 Y18.14837
G01 X-34.40029 Y18.15168
G01 X-34.44718 Y18.16590
G01 X-34.45671 Y18.16829
G01 X-34.46641 Y18.16974
G01 X-34.51518 Y18.17454
G01 X-34.52498 Y18.17502
G01 X-36.72498 Y18.17502
G01 X-36.73478 Y18.17454
G01 X-36.78357 Y18.16974
G01 X-36.79328 Y18.16829
G01 X-36.80278 Y18.16590
G01 X-36.84969 Y18.15168
G01 X-36.85894 Y18.14837
G01 X-36.86780 Y18.14418
G01 X-36.91103 Y18.12107
G01 X-36.92731 Y18.11017
G01 X-36.96521 Y18.07908
G01 X-36.97247 Y18.07251
G01 X-36.97905 Y18.06524
G01 X-37.01017 Y18.02734
G01 X-37.01601 Y18.01947
G01 X-37.02104 Y18.01104
G01 X-37.04415 Y17.96783
G01 X-37.05165 Y17.94972
G01 X-37.06587 Y17.90281
G01 X-37.06970 Y17.88358
G01 X-37.07451 Y17.83481
G01 X-37.07499 Y17.82501
G01 X-37.07499 Y16.82501
G01 X-37.07451 Y16.81521
G01 X-37.06970 Y16.76644
G01 X-37.06587 Y16.74721
G01 X-37.05165 Y16.70032
G01 X-37.04415 Y16.68221
G01 X-37.02104 Y16.63898
G01 X-37.01601 Y16.63057
G01 X-37.01017 Y16.62267
G01 X-36.97905 Y16.58480
G01 X-36.97247 Y16.57754
G01 X-36.96521 Y16.57093
G01 X-36.92731 Y16.53984
G01 X-36.91103 Y16.52895
G01 X-36.86780 Y16.50586
G01 X-36.85894 Y16.50167
G01 X-36.84969 Y16.49834
G01 X-36.80278 Y16.48412
G01 X-36.79328 Y16.48173
G01 X-36.78357 Y16.48031
G01 X-36.73478 Y16.47551
G01 X-36.72498 Y16.47502
G01 X-36.44705 Y16.47502
G01 X-36.30529 Y16.04978
G01 X-36.56447 Y15.42029
G01 X-36.56592 Y15.41600
G01 X-36.56737 Y15.41328
G01 X-36.57306 Y15.39453
G01 X-36.57499 Y15.37502
G01 X-36.57499 Y13.67500
G01 X-36.57306 Y13.65555
G01 X-36.56737 Y13.63675
G01 X-36.55812 Y13.61945
G01 X-36.54570 Y13.60429
G01 X-36.53054 Y13.59187
G01 X-36.51327 Y13.58262
G01 X-36.49450 Y13.57693
G01 X-36.47499 Y13.57500
G01 X-34.77499 Y13.57500
G01 X-34.75549 Y13.57693
G01 X-34.73671 Y13.58262
G01 X-34.71942 Y13.59187
G01 X-34.70428 Y13.60429
G01 X-34.69183 Y13.61945
G01 X-34.68259 Y13.63675
G01 X-34.67690 Y13.65555
G01 X-34.67499 Y13.67500
G01 X-34.67499 Y15.37502
G01 X-34.67690 Y15.39453
G01 X-34.68259 Y15.41328
G01 X-34.68434 Y15.41655
G01 X-34.68548 Y15.42029
G01 X-34.94466 Y16.04975
G01 X-34.80291 Y16.47502
G01 X-34.52498 Y16.47502
G01 X-34.51751 Y16.47538
G01 X-34.51607 Y16.47533
G01 X-34.00751 Y16.50078
G01 X-33.64705 Y16.45671
G01 X-33.62907 Y16.43479
G01 X-33.61520 Y16.42095
G01 X-33.57731 Y16.38986
G01 X-33.56943 Y16.38399
G01 X-33.56103 Y16.37896
G01 X-33.51779 Y16.35585
G01 X-33.49968 Y16.34835
G01 X-33.45280 Y16.33413
G01 X-33.44327 Y16.33174
G01 X-33.43357 Y16.33029
G01 X-33.38480 Y16.32549
G01 X-33.37500 Y16.32501
G01 X-32.72498 Y16.32501
G01 X-32.71518 Y16.32549
G01 X-32.66641 Y16.33029
G01 X-32.65671 Y16.33174
G01 X-32.64718 Y16.33413
G01 X-32.60030 Y16.34835
G01 X-32.58219 Y16.35585
G01 X-32.53895 Y16.37896
G01 X-32.53055 Y16.38399
G01 X-32.52265 Y16.38986
G01 X-32.48478 Y16.42095
G01 X-32.47091 Y16.43479
G01 X-32.43982 Y16.47269
G01 X-32.43398 Y16.48056
G01 X-32.42892 Y16.48899
G01 X-32.40583 Y16.53220
G01 X-32.39831 Y16.55031
G01 X-32.38409 Y16.59722
G01 X-32.38170 Y16.60672
G01 X-32.38028 Y16.61645
G01 X-32.37548 Y16.66522
G01 X-32.37500 Y16.67502
G01 X-32.27500 Y16.67502
G01 X-32.17500 Y16.67502
G01 X-32.07500 Y16.67502
G01 X-32.07690 Y16.63580
G01 X-32.08173 Y16.58704
G01 X-32.08747 Y16.54820
G01 X-32.09702 Y16.51013
G01 X-32.11124 Y16.46324
G01 X-32.14124 Y16.39077
G01 X-32.16436 Y16.34757
G01 X-32.18452 Y16.31389
G01 X-32.20792 Y16.28236
G01 X-32.23901 Y16.24447
G01 X-32.29445 Y16.18904
G01 X-32.33233 Y16.15793
G01 X-32.36387 Y16.13456
G01 X-32.39753 Y16.11437
G01 X-32.44076 Y16.09128
G01 X-32.51320 Y16.06126
G01 X-32.56011 Y16.04703
G01 X-32.59819 Y16.03751
G01 X-32.63700 Y16.03174
G01 X-32.68579 Y16.02694
G01 X-32.72498 Y16.02501
G01 X-33.37500 Y16.02501
G01 X-33.41419 Y16.02694
G01 X-33.46296 Y16.03174
G01 X-33.50179 Y16.03751
G01 X-33.53987 Y16.04703
G01 X-33.58678 Y16.06126
G01 X-33.65922 Y16.09128
G01 X-33.70243 Y16.11437
G01 X-33.73611 Y16.13456
G01 X-33.76763 Y16.15793
G01 X-33.78378 Y16.17119
G01 X-33.78317 Y16.17299
G01 X-33.78378 Y16.17119
G01 X-34.01830 Y16.19986
G01 X-34.01828 Y16.20019
G01 X-34.01830 Y16.19986
G01 X-34.50502 Y16.17551
G01 X-34.52498 Y16.17502
G01 X-34.58668 Y16.17502
G01 X-34.59955 Y16.19209
G01 X-34.58668 Y16.17502
G01 X-34.62475 Y16.06075
G01 X-34.63146 Y16.06052
G01 X-34.62475 Y16.06075
G01 X-34.40809 Y15.53451
G01 X-34.40705 Y15.53108
G01 X-34.40542 Y15.52809
G01 X-34.38266 Y15.45305
G01 X-34.37499 Y15.37502
G01 X-34.37499 Y13.67500
G01 X-34.38266 Y13.59697
G01 X-34.40542 Y13.52194
G01 X-34.44241 Y13.45283
G01 X-34.49214 Y13.39217
G01 X-34.55277 Y13.34244
G01 X-34.62191 Y13.30548
G01 X-34.69694 Y13.28273
G01 X-34.77499 Y13.27500
G01 X-36.47499 Y13.27500
G01 X-36.55302 Y13.28273
G01 X-36.62805 Y13.30548
G01 X-36.69721 Y13.34244
G01 X-36.75782 Y13.39217
G01 X-36.80758 Y13.45283
G01 X-36.84453 Y13.52194
G01 X-36.86729 Y13.59697
G01 X-36.87499 Y13.67500
G01 X-36.87499 Y15.37502
G01 X-36.86729 Y15.45305
G01 X-36.86038 Y15.47586
G01 X-36.85861 Y15.48488
G01 X-36.84898 Y15.51346
G01 X-36.84453 Y15.52809
G01 X-36.84321 Y15.53057
G01 X-36.84187 Y15.53451
G01 X-36.62518 Y16.06077
G01 X-36.61850 Y16.06055
G01 X-36.62518 Y16.06077
G01 X-36.66328 Y16.17502
G01 X-36.65127 Y16.19006
G01 X-36.66328 Y16.17502
G01 X-36.72498 Y16.17502
G01 X-36.76419 Y16.17693
G01 X-36.81296 Y16.18175
G01 X-36.88987 Y16.19705
G01 X-36.93676 Y16.21127
G01 X-36.97374 Y16.22450
G01 X-37.00923 Y16.24127
G01 X-37.05243 Y16.26438
G01 X-37.11763 Y16.30794
G01 X-37.15553 Y16.33903
G01 X-37.18461 Y16.36540
G01 X-37.21098 Y16.39448
G01 X-37.24207 Y16.43235
G01 X-37.25647 Y16.45181
G01 X-37.26732 Y16.47291
G01 X-37.27984 Y16.49829
G01 X-37.33039 Y16.60522
G01 X-37.33447 Y16.61409
G01 X-37.32551 Y16.63426
G01 X-37.32510 Y16.63517
G01 X-37.30580 Y16.68094
G01 X-37.28850 Y16.71935
G01 X-37.27184 Y16.75402
G01 X-37.27161 Y16.75452
G01 X-37.26986 Y16.75826
G01 X-37.26391 Y16.77098
G01 X-37.26368 Y16.77152
G01 X-37.24880 Y16.80441
G01 X-37.24692 Y16.80921
G01 X-37.20483 Y16.93547
G01 X-37.20339 Y16.94081
G01 X-37.18842 Y17.01071
G01 X-37.18769 Y17.01503
G01 X-37.17646 Y17.10550
G01 X-37.17611 Y17.10995
G01 X-37.17555 Y17.12686
G01 X-37.17552 Y17.12770
G01 X-37.17524 Y17.14464
G01 X-37.17522 Y17.14551
G01 X-37.17522 Y17.82440
G01 X-37.17466 Y17.84774
G01 X-37.17412 Y17.85848
G01 X-37.17070 Y17.89277
G01 X-37.16793 Y17.91452
G01 X-37.16277 Y17.93212
G01 X-37.14847 Y17.97720
G01 X-37.13425 Y18.01579
G01 X-37.11106 Y18.05612
G01 X-37.10247 Y18.06948
G01 X-37.09737 Y18.07741
G01 X-37.08586 Y18.09534
G01 X-37.07928 Y18.10456
G01 X-37.05947 Y18.12643
G01 X-37.04809 Y18.13781
G04 P0 ( dwell for no time -- G64 should not smooth over this point )
G00 Z5.00000 ( retract )

G00 X-40.03094 Y16.12501 ( rapid move to begin. )
G01 F150.00000
( Mill infeed pass 1/1 )
G01 Z-0.06000
G04 P0 ( dwell for no time -- G64 should not smooth over this point )
G01 F300.00000
G01 X-40.03094 Y16.12501
G01 X-40.02929 Y16.12577
G01 X-40.02845 Y16.12615
G01 X-40.01994 Y16.13022
G01 X-40.00092 Y16.12501
G01 X-39.93820 Y16.10782
G01 X-39.93460 Y16.10695
G01 X-39.90264 Y16.10070
G01 X-39.90079 Y16.10037
G01 X-39.85230 Y16.09273
G01 X-39.85042 Y16.09247
G01 X-39.80620 Y16.08724
G01 X-39.78796 Y16.08480
G01 X-39.74051 Y16.07777
G01 X-39.67808 Y16.06532
G01 X-39.74051 Y16.07777
G01 X-39.78796 Y16.08480
G01 X-39.80620 Y16.08724
G01 X-39.85042 Y16.09247
G01 X-39.85230 Y16.09273
G01 X-39.90079 Y16.10037
G01 X-39.90264 Y16.10070
G01 X-39.93460 Y16.10695
G01 X-39.93820 Y16.10782
G01 X-40.00092 Y16.12501
G01 X-40.03094 Y16.12501
G01 X-40.00092 Y16.12501
G01 X-40.03094 Y16.12501
G01 X-40.09916 Y16.09387
G01 X-40.10554 Y16.09146
G01 X-40.26825 Y16.04261
G01 X-40.27552 Y16.04101
G01 X-40.27534 Y16.04010
G01 X-40.27552 Y16.04101
G01 X-40.34539 Y16.03095
G01 X-40.34892 Y16.03057
G01 X-40.42088 Y16.02542
G01 X-40.42449 Y16.02527
G01 X-40.57435 Y16.02527
G01 X-40.59771 Y16.02471
G01 X-40.60843 Y16.02417
G01 X-40.64272 Y16.02074
G01 X-40.66444 Y16.01798
G01 X-40.68204 Y16.01282
G01 X-40.72807 Y15.99824
G01 X-40.73404 Y15.99628
G01 X-40.77094 Y15.98221
G01 X-40.77407 Y15.98089
G01 X-40.77488 Y15.98054
G01 X-40.79174 Y15.97365
G01 X-40.79256 Y15.97332
G01 X-40.80914 Y15.96690
G01 X-40.80955 Y15.96674
G01 X-40.81788 Y15.96359
G01 X-40.81831 Y15.96344
G01 X-40.87455 Y15.94277
G01 X-40.88385 Y15.94035
G01 X-40.89342 Y15.93974
G01 X-40.89327 Y15.93510
G01 X-40.89342 Y15.93974
G01 X-40.90295 Y15.94096
G01 X-40.93048 Y15.94729
G01 X-40.93175 Y15.94759
G01 X-41.00010 Y15.96512
G01 X-41.00350 Y15.96611
G01 X-41.07264 Y15.98917
G01 X-41.07600 Y15.99044
G01 X-41.30780 Y16.08676
G01 X-41.31003 Y16.08775
G01 X-41.31023 Y16.08737
G01 X-41.31003 Y16.08775
G01 X-41.35499 Y16.10906
G01 X-41.35717 Y16.11018
G01 X-41.37081 Y16.11749
G01 X-41.37602 Y16.12069
G01 X-41.38080 Y16.12453
G01 X-41.38326 Y16.12674
G01 X-41.40424 Y16.14472
G01 X-41.42001 Y16.15750
G01 X-41.42111 Y16.15839
G01 X-41.44249 Y16.17670
G01 X-41.44356 Y16.17764
G01 X-41.44536 Y16.17927
G01 X-41.45466 Y16.18589
G01 X-41.49398 Y16.21114
G01 X-41.53421 Y16.23428
G01 X-41.57279 Y16.24853
G01 X-41.61788 Y16.26283
G01 X-41.63548 Y16.26796
G01 X-41.65712 Y16.27071
G01 X-41.69149 Y16.27418
G01 X-41.70213 Y16.27469
G01 X-41.72558 Y16.27528
G01 X-43.92438 Y16.27528
G01 X-43.94782 Y16.27469
G01 X-43.95846 Y16.27418
G01 X-43.99286 Y16.27071
G01 X-44.01447 Y16.26796
G01 X-44.03207 Y16.26283
G01 X-44.07713 Y16.24853
G01 X-44.11574 Y16.23428
G01 X-44.15597 Y16.21117
G01 X-44.19529 Y16.18589
G01 X-44.20454 Y16.17932
G01 X-44.22638 Y16.15953
G01 X-44.23786 Y16.14805
G01 X-44.24802 Y16.13789
G01 X-44.25636 Y16.12867
G01 X-44.28745 Y16.09077
G01 X-44.29735 Y16.07744
G01 X-44.30251 Y16.06938
G01 X-44.29735 Y16.07744
G01 X-44.28745 Y16.09077
G01 X-44.25636 Y16.12867
G01 X-44.24802 Y16.13789
G01 X-44.23786 Y16.14805
G01 X-44.22864 Y16.15638
G01 X-44.19075 Y16.18749
G01 X-44.15816 Y16.20926
G01 X-44.11493 Y16.23238
G01 X-44.09720 Y16.24076
G01 X-44.07871 Y16.24736
G01 X-44.03182 Y16.26159
G01 X-43.99336 Y16.26926
G01 X-43.94460 Y16.27406
G01 X-43.92499 Y16.27502
G01 X-41.72499 Y16.27502
G01 X-41.70538 Y16.27406
G01 X-41.65661 Y16.26926
G01 X-41.61816 Y16.26159
G01 X-41.57127 Y16.24736
G01 X-41.55278 Y16.24076
G01 X-41.53502 Y16.23238
G01 X-41.49182 Y16.20926
G01 X-41.45921 Y16.18749
G01 X-41.42133 Y16.15638
G01 X-41.40678 Y16.14322
G01 X-41.39360 Y16.12867
G01 X-41.38209 Y16.11465
G01 X-41.38301 Y16.11323
G01 X-41.38209 Y16.11465
G01 X-40.87930 Y15.90573
G01 X-40.87798 Y15.89235
G01 X-40.87930 Y15.90573
G01 X-40.87864 Y15.90639
G01 X-40.84077 Y15.93748
G01 X-40.82499 Y15.94917
G01 X-40.80815 Y15.95928
G01 X-40.76495 Y15.98236
G01 X-40.72873 Y15.99738
G01 X-40.68181 Y16.01160
G01 X-40.66279 Y16.01638
G01 X-40.64336 Y16.01925
G01 X-40.59459 Y16.02405
G01 X-40.57498 Y16.02501
G01 X-39.92500 Y16.02501
G01 X-39.90539 Y16.02405
G01 X-39.85662 Y16.01925
G01 X-39.83719 Y16.01638
G01 X-39.81816 Y16.01160
G01 X-39.77125 Y15.99738
G01 X-39.73503 Y15.98236
G01 X-39.69182 Y15.95928
G01 X-39.67498 Y15.94917
G01 X-39.65921 Y15.93748
G01 X-39.62134 Y15.90639
G01 X-39.59360 Y15.87866
G01 X-39.56251 Y15.84078
G01 X-39.55083 Y15.82501
G01 X-39.54074 Y15.80820
G01 X-39.51763 Y15.76497
G01 X-39.50262 Y15.72875
G01 X-39.48839 Y15.68183
G01 X-39.48364 Y15.66281
G01 X-39.48075 Y15.64340
G01 X-39.47595 Y15.59461
G01 X-39.47498 Y15.57502
G01 X-39.47498 Y14.67500
G01 X-39.47595 Y14.65542
G01 X-39.48075 Y14.60665
G01 X-39.48364 Y14.58722
G01 X-39.48839 Y14.56824
G01 X-39.50262 Y14.52128
G01 X-39.51763 Y14.48506
G01 X-39.54074 Y14.44188
G01 X-39.55083 Y14.42501
G01 X-39.56251 Y14.40927
G01 X-39.59360 Y14.37137
G01 X-39.62134 Y14.34363
G01 X-39.65921 Y14.31259
G01 X-39.67498 Y14.30086
G01 X-39.69182 Y14.29080
G01 X-39.73503 Y14.26766
G01 X-39.77125 Y14.25265
G01 X-39.81816 Y14.23843
G01 X-39.83719 Y14.23368
G01 X-39.85662 Y14.23078
G01 X-39.90539 Y14.22598
G01 X-39.92500 Y14.22501
G01 X-40.57498 Y14.22501
G01 X-40.59459 Y14.22598
G01 X-40.64336 Y14.23078
G01 X-40.66279 Y14.23368
G01 X-40.68181 Y14.23843
G01 X-40.72873 Y14.25265
G01 X-40.76495 Y14.26766
G01 X-40.80815 Y14.29080
G01 X-40.82499 Y14.30086
G01 X-40.84077 Y14.31259
G01 X-40.87864 Y14.34363
G01 X-40.89710 Y14.36207
G01 X-40.89594 Y14.36507
G01 X-40.89710 Y14.36207
G01 X-41.21110 Y14.40048
G01 X-41.21110 Y14.40078
G01 X-41.21110 Y14.40048
G01 X-41.71498 Y14.37526
G01 X-41.72499 Y14.37505
G01 X-41.93083 Y14.37505
G01 X-41.94384 Y14.39243
G01 X-41.93083 Y14.37505
G01 X-42.03802 Y14.05344
G01 X-42.04470 Y14.05323
G01 X-42.03802 Y14.05344
G01 X-41.79301 Y13.45837
G01 X-41.79187 Y13.45466
G01 X-41.79022 Y13.45156
G01 X-41.77884 Y13.41409
G01 X-41.77498 Y13.37503
G01 X-41.77498 Y11.67503
G01 X-41.77884 Y11.63599
G01 X-41.79022 Y11.59848
G01 X-41.80868 Y11.56391
G01 X-41.83358 Y11.53358
G01 X-41.86388 Y11.50871
G01 X-41.89845 Y11.49025
G01 X-41.93596 Y11.47887
G01 X-41.97498 Y11.47501
G01 X-43.67497 Y11.47501
G01 X-43.71401 Y11.47887
G01 X-43.75153 Y11.49025
G01 X-43.78610 Y11.50871
G01 X-43.81640 Y11.53358
G01 X-43.84127 Y11.56391
G01 X-43.85976 Y11.59848
G01 X-43.87114 Y11.63599
G01 X-43.87500 Y11.67503
G01 X-43.87500 Y13.37503
G01 X-43.87114 Y13.41409
G01 X-43.86550 Y13.43266
G01 X-43.86532 Y13.43363
G01 X-43.86433 Y13.43647
G01 X-43.85976 Y13.45156
G01 X-43.85839 Y13.45412
G01 X-43.85694 Y13.45839
G01 X-43.61193 Y14.05344
G01 X-43.60533 Y14.05323
G01 X-43.61193 Y14.05344
G01 X-43.71912 Y14.37505
G01 X-43.70586 Y14.39301
G01 X-43.71912 Y14.37505
G01 X-43.92499 Y14.37505
G01 X-43.94460 Y14.37602
G01 X-43.99336 Y14.38077
G01 X-44.03182 Y14.38844
G01 X-44.07871 Y14.40266
G01 X-44.09720 Y14.40927
G01 X-44.11493 Y14.41765
G01 X-44.15816 Y14.44076
G01 X-44.19075 Y14.46256
G01 X-44.22864 Y14.49367
G01 X-44.24317 Y14.50680
G01 X-44.25636 Y14.52136
G01 X-44.28745 Y14.55925
G01 X-44.29915 Y14.57503
G01 X-44.30924 Y14.59184
G01 X-44.33235 Y14.63507
G01 X-44.34734 Y14.67129
G01 X-44.36156 Y14.71818
G01 X-44.36923 Y14.75664
G01 X-44.37403 Y14.80540
G01 X-44.37500 Y14.82501
G01 X-44.37500 Y15.82501
G01 X-44.37403 Y15.84462
G01 X-44.36923 Y15.89339
G01 X-44.36156 Y15.93184
G01 X-44.34734 Y15.97873
G01 X-44.33235 Y16.01495
G01 X-44.30924 Y16.05818
G01 X-44.30251 Y16.06938
G01 X-44.31112 Y16.05602
G01 X-44.33423 Y16.01579
G01 X-44.34848 Y15.97718
G01 X-44.36278 Y15.93210
G01 X-44.36791 Y15.91450
G01 X-44.37066 Y15.89291
G01 X-44.37414 Y15.85851
G01 X-44.37464 Y15.84787
G01 X-44.37523 Y15.82443
G01 X-44.37523 Y15.14549
G01 X-44.37523 Y15.14462
G01 X-44.37553 Y15.12732
G01 X-44.37556 Y15.12646
G01 X-44.37614 Y15.10957
G01 X-44.37586 Y15.10957
G01 X-44.37614 Y15.10957
G01 X-44.37650 Y15.10510
G01 X-44.38770 Y15.01501
G01 X-44.38844 Y15.01071
G01 X-44.40340 Y14.94081
G01 X-44.40296 Y14.94074
G01 X-44.40340 Y14.94081
G01 X-44.40484 Y14.93548
G01 X-44.44693 Y14.80921
G01 X-44.44881 Y14.80441
G01 X-44.46377 Y14.77134
G01 X-44.46403 Y14.77081
G01 X-44.46987 Y14.75826
G01 X-44.46875 Y14.74683
G01 X-44.45727 Y14.68915
G01 X-44.44305 Y14.64226
G01 X-44.42054 Y14.58793
G01 X-44.39743 Y14.54470
G01 X-44.38229 Y14.51950
G01 X-44.36476 Y14.49580
G01 X-44.33367 Y14.45791
G01 X-44.31389 Y14.43611
G01 X-44.29209 Y14.41638
G01 X-44.25420 Y14.38524
G01 X-44.20530 Y14.35262
G01 X-44.16207 Y14.32946
G01 X-44.13545 Y14.31689
G01 X-44.10774 Y14.30695
G01 X-44.06085 Y14.29273
G01 X-44.03228 Y14.28557
G01 X-44.00317 Y14.28128
G01 X-43.95440 Y14.27645
G01 X-43.92499 Y14.27500
G01 X-43.79118 Y14.27500
G01 X-43.77830 Y14.29210
G01 X-43.79118 Y14.27500
G01 X-43.71856 Y14.05710
G01 X-43.71186 Y14.05687
G01 X-43.71856 Y14.05710
G01 X-43.94942 Y13.49647
G01 X-43.95082 Y13.49238
G01 X-43.95214 Y13.48981
G01 X-43.95661 Y13.47516
G01 X-43.96197 Y13.45928
G01 X-43.96296 Y13.45423
G01 X-43.96923 Y13.43355
G01 X-43.97500 Y13.37503
G01 X-43.97500 Y11.67503
G01 X-43.96923 Y11.61649
G01 X-43.95214 Y11.56020
G01 X-43.92443 Y11.50833
G01 X-43.88712 Y11.46289
G01 X-43.84165 Y11.42558
G01 X-43.78978 Y11.39784
G01 X-43.73352 Y11.38082
G01 X-43.67497 Y11.37501
G01 X-41.97498 Y11.37501
G01 X-41.91646 Y11.38082
G01 X-41.86017 Y11.39784
G01 X-41.80830 Y11.42558
G01 X-41.76286 Y11.46289
G01 X-41.72555 Y11.50833
G01 X-41.69781 Y11.56020
G01 X-41.68074 Y11.61649
G01 X-41.67498 Y11.67503
G01 X-41.67498 Y13.37503
G01 X-41.68074 Y13.43355
G01 X-41.69781 Y13.48981
G01 X-41.69944 Y13.49286
G01 X-41.70053 Y13.49644
G01 X-41.93139 Y14.05712
G01 X-41.93807 Y14.05694
G01 X-41.93139 Y14.05712
G01 X-41.85875 Y14.27500
G01 X-41.87170 Y14.29227
G01 X-41.85875 Y14.27500
G01 X-41.72499 Y14.27500
G01 X-41.71001 Y14.27538
G01 X-41.21471 Y14.30017
G01 X-41.21468 Y14.30048
G01 X-41.21471 Y14.30017
G01 X-40.94265 Y14.26692
G01 X-40.94140 Y14.27005
G01 X-40.94265 Y14.26692
G01 X-40.94209 Y14.26634
G01 X-40.90419 Y14.23528
G01 X-40.88054 Y14.21770
G01 X-40.85530 Y14.20256
G01 X-40.81206 Y14.17947
G01 X-40.75773 Y14.15699
G01 X-40.71085 Y14.14274
G01 X-40.68230 Y14.13558
G01 X-40.65316 Y14.13126
G01 X-40.60439 Y14.12649
G01 X-40.57498 Y14.12504
G01 X-39.92500 Y14.12504
G01 X-39.89558 Y14.12649
G01 X-39.84681 Y14.13126
G01 X-39.81768 Y14.13558
G01 X-39.78913 Y14.14274
G01 X-39.74224 Y14.15699
G01 X-39.68789 Y14.17947
G01 X-39.64468 Y14.20256
G01 X-39.61943 Y14.21770
G01 X-39.59579 Y14.23528
G01 X-39.55789 Y14.26634
G01 X-39.51631 Y14.30792
G01 X-39.48522 Y14.34584
G01 X-39.46767 Y14.36944
G01 X-39.45256 Y14.39474
G01 X-39.42944 Y14.43792
G01 X-39.40694 Y14.49225
G01 X-39.39271 Y14.53919
G01 X-39.38555 Y14.56776
G01 X-39.38123 Y14.59685
G01 X-39.37643 Y14.64561
G01 X-39.37498 Y14.67500
G01 X-39.37498 Y15.57502
G01 X-39.37643 Y15.60441
G01 X-39.38123 Y15.65318
G01 X-39.38555 Y15.68231
G01 X-39.39271 Y15.71086
G01 X-39.40694 Y15.75778
G01 X-39.42944 Y15.81211
G01 X-39.45256 Y15.85531
G01 X-39.46767 Y15.88059
G01 X-39.48522 Y15.90423
G01 X-39.51631 Y15.94211
G01 X-39.55789 Y15.98369
G01 X-39.59579 Y16.01477
G01 X-39.61943 Y16.03233
G01 X-39.64468 Y16.04746
G01 X-39.67808 Y16.06532
G01 X-39.67577 Y16.06486
G01 X-39.62916 Y16.05318
G01 X-39.55855 Y16.03169
G01 X-39.52451 Y16.01952
G01 X-39.47232 Y15.97111
G01 X-39.43965 Y15.93771
G01 X-39.38723 Y15.87850
G01 X-39.35756 Y15.84152
G01 X-39.30737 Y15.77215
G01 X-39.30630 Y15.77050
G01 X-39.29701 Y15.73990
G01 X-39.28748 Y15.70182
G01 X-39.28171 Y15.66298
G01 X-39.27691 Y15.61422
G01 X-39.27498 Y15.57502
G01 X-39.27498 Y14.67500
G01 X-39.37498 Y14.67500
G01 X-39.47498 Y14.67500
G01 X-39.57498 Y14.67500
G01 X-39.57498 Y15.57502
G01 X-39.57547 Y15.58480
G01 X-39.58027 Y15.63360
G01 X-39.58171 Y15.64330
G01 X-39.58410 Y15.65282
G01 X-39.59833 Y15.69971
G01 X-39.60582 Y15.71782
G01 X-39.62893 Y15.76105
G01 X-39.63396 Y15.76946
G01 X-39.63983 Y15.77734
G01 X-39.67092 Y15.81523
G01 X-39.68476 Y15.82910
G01 X-39.72266 Y15.86019
G01 X-39.73053 Y15.86603
G01 X-39.73897 Y15.87106
G01 X-39.78217 Y15.89418
G01 X-39.80028 Y15.90167
G01 X-39.84719 Y15.91589
G01 X-39.85669 Y15.91828
G01 X-39.86642 Y15.91973
G01 X-39.91519 Y15.92453
G01 X-39.92500 Y15.92501
G01 X-40.57498 Y15.92501
G01 X-40.58479 Y15.92453
G01 X-40.63355 Y15.91973
G01 X-40.64326 Y15.91828
G01 X-40.65278 Y15.91589
G01 X-40.69970 Y15.90167
G01 X-40.71781 Y15.89418
G01 X-40.76101 Y15.87106
G01 X-40.76944 Y15.86603
G01 X-40.77732 Y15.86019
G01 X-40.81521 Y15.82910
G01 X-40.82906 Y15.81523
G01 X-40.84702 Y15.79334
G01 X-40.86434 Y15.79123
G01 X-41.44353 Y16.03187
G01 X-41.47092 Y16.06522
G01 X-41.47749 Y16.07251
G01 X-41.48478 Y16.07909
G01 X-41.52266 Y16.11018
G01 X-41.53896 Y16.12107
G01 X-41.58217 Y16.14416
G01 X-41.59106 Y16.14838
G01 X-41.60028 Y16.15168
G01 X-41.64719 Y16.16590
G01 X-41.65672 Y16.16829
G01 X-41.66642 Y16.16971
G01 X-41.71519 Y16.17454
G01 X-41.72499 Y16.17502
G01 X-43.92499 Y16.17502
G01 X-43.93479 Y16.17454
G01 X-43.98356 Y16.16971
G01 X-43.99326 Y16.16829
G01 X-44.00279 Y16.16590
G01 X-44.04968 Y16.15168
G01 X-44.05892 Y16.14838
G01 X-44.06779 Y16.14416
G01 X-44.11102 Y16.12107
G01 X-44.12732 Y16.11018
G01 X-44.16519 Y16.07909
G01 X-44.17248 Y16.07251
G01 X-44.17906 Y16.06522
G01 X-44.21015 Y16.02735
G01 X-44.21599 Y16.01947
G01 X-44.22105 Y16.01104
G01 X-44.24414 Y15.96784
G01 X-44.25166 Y15.94970
G01 X-44.26588 Y15.90281
G01 X-44.26969 Y15.88358
G01 X-44.27452 Y15.83482
G01 X-44.27500 Y15.82501
G01 X-44.27500 Y14.82501
G01 X-44.27452 Y14.81521
G01 X-44.26969 Y14.76644
G01 X-44.26588 Y14.74724
G01 X-44.25166 Y14.70032
G01 X-44.24414 Y14.68221
G01 X-44.22105 Y14.63898
G01 X-44.21599 Y14.63055
G01 X-44.21015 Y14.62268
G01 X-44.17906 Y14.58481
G01 X-44.17248 Y14.57752
G01 X-44.16519 Y14.57099
G01 X-44.12732 Y14.53985
G01 X-44.11102 Y14.52895
G01 X-44.06779 Y14.50586
G01 X-44.05892 Y14.50165
G01 X-44.04968 Y14.49834
G01 X-44.00279 Y14.48415
G01 X-43.99326 Y14.48173
G01 X-43.98356 Y14.48031
G01 X-43.93479 Y14.47548
G01 X-43.92499 Y14.47500
G01 X-43.64703 Y14.47503
G01 X-43.50528 Y14.04975
G01 X-43.76448 Y13.42032
G01 X-43.76596 Y13.41592
G01 X-43.76738 Y13.41328
G01 X-43.77307 Y13.39451
G01 X-43.77497 Y13.37503
G01 X-43.77497 Y11.67503
G01 X-43.77307 Y11.65550
G01 X-43.76738 Y11.63678
G01 X-43.75813 Y11.61946
G01 X-43.74569 Y11.60429
G01 X-43.73055 Y11.59192
G01 X-43.71325 Y11.58263
G01 X-43.69451 Y11.57694
G01 X-43.67497 Y11.57501
G01 X-41.97498 Y11.57501
G01 X-41.95547 Y11.57694
G01 X-41.93673 Y11.58263
G01 X-41.91943 Y11.59192
G01 X-41.90426 Y11.60429
G01 X-41.89184 Y11.61946
G01 X-41.88260 Y11.63678
G01 X-41.87691 Y11.65550
G01 X-41.87498 Y11.67503
G01 X-41.87498 Y13.37503
G01 X-41.87691 Y13.39451
G01 X-41.88260 Y13.41328
G01 X-41.88433 Y13.41651
G01 X-41.88547 Y13.42029
G01 X-42.14465 Y14.04978
G01 X-42.00289 Y14.47500
G01 X-41.72499 Y14.47500
G01 X-41.71742 Y14.47538
G01 X-41.71605 Y14.47533
G01 X-41.20752 Y14.50078
G01 X-40.84704 Y14.45671
G01 X-40.82906 Y14.43479
G01 X-40.81521 Y14.42092
G01 X-40.77732 Y14.38984
G01 X-40.76944 Y14.38399
G01 X-40.76101 Y14.37896
G01 X-40.71781 Y14.35585
G01 X-40.69970 Y14.34836
G01 X-40.65278 Y14.33413
G01 X-40.64326 Y14.33180
G01 X-40.63355 Y14.33035
G01 X-40.58479 Y14.32550
G01 X-40.57498 Y14.32501
G01 X-39.92500 Y14.32501
G01 X-39.91519 Y14.32550
G01 X-39.86642 Y14.33035
G01 X-39.85669 Y14.33180
G01 X-39.84719 Y14.33413
G01 X-39.80028 Y14.34836
G01 X-39.78217 Y14.35585
G01 X-39.73897 Y14.37896
G01 X-39.73053 Y14.38399
G01 X-39.72266 Y14.38984
G01 X-39.68476 Y14.42092
G01 X-39.67092 Y14.43479
G01 X-39.63983 Y14.47269
G01 X-39.63396 Y14.48061
G01 X-39.62893 Y14.48900
G01 X-39.60582 Y14.53225
G01 X-39.59833 Y14.55034
G01 X-39.58410 Y14.59720
G01 X-39.58171 Y14.60673
G01 X-39.58027 Y14.61643
G01 X-39.57547 Y14.66525
G01 X-39.57498 Y14.67500
G01 X-39.47498 Y14.67500
G01 X-39.37498 Y14.67500
G01 X-39.27498 Y14.67500
G01 X-39.27691 Y14.63581
G01 X-39.28171 Y14.58704
G01 X-39.28748 Y14.54823
G01 X-39.29701 Y14.51013
G01 X-39.31123 Y14.46322
G01 X-39.34125 Y14.39078
G01 X-39.36434 Y14.34762
G01 X-39.38453 Y14.31389
G01 X-39.40793 Y14.28242
G01 X-39.43902 Y14.24447
G01 X-39.49447 Y14.18902
G01 X-39.53234 Y14.15796
G01 X-39.56386 Y14.13457
G01 X-39.59754 Y14.11440
G01 X-39.64077 Y14.09131
G01 X-39.71321 Y14.06129
G01 X-39.76010 Y14.04704
G01 X-39.79817 Y14.03751
G01 X-39.83701 Y14.03175
G01 X-39.88578 Y14.02695
G01 X-39.92500 Y14.02501
G01 X-40.57498 Y14.02501
G01 X-40.61420 Y14.02695
G01 X-40.66297 Y14.03175
G01 X-40.70180 Y14.03751
G01 X-40.73988 Y14.04704
G01 X-40.78677 Y14.06129
G01 X-40.85921 Y14.09131
G01 X-40.90244 Y14.11440
G01 X-40.93612 Y14.13457
G01 X-40.96764 Y14.15796
G01 X-40.98379 Y14.17119
G01 X-40.98318 Y14.17300
G01 X-40.98379 Y14.17119
G01 X-41.21829 Y14.19984
G01 X-41.21829 Y14.20020
G01 X-41.21829 Y14.19984
G01 X-41.70500 Y14.17551
G01 X-41.72499 Y14.17500
G01 X-41.78666 Y14.17500
G01 X-41.79957 Y14.19210
G01 X-41.78666 Y14.17500
G01 X-41.82476 Y14.06080
G01 X-41.83144 Y14.06055
G01 X-41.82476 Y14.06080
G01 X-41.60808 Y13.53452
G01 X-41.60701 Y13.53101
G01 X-41.60543 Y13.52809
G01 X-41.58268 Y13.45306
G01 X-41.57498 Y13.37503
G01 X-41.57498 Y11.67503
G01 X-41.58268 Y11.59698
G01 X-41.60543 Y11.52195
G01 X-41.64239 Y11.45281
G01 X-41.69215 Y11.39218
G01 X-41.75275 Y11.34242
G01 X-41.82192 Y11.30546
G01 X-41.89695 Y11.28270
G01 X-41.97498 Y11.27501
G01 X-43.67497 Y11.27501
G01 X-43.75303 Y11.28270
G01 X-43.82806 Y11.30546
G01 X-43.89722 Y11.34242
G01 X-43.95783 Y11.39218
G01 X-44.00756 Y11.45281
G01 X-44.04455 Y11.52195
G01 X-44.06730 Y11.59698
G01 X-44.07500 Y11.67503
G01 X-44.07500 Y13.37503
G01 X-44.06730 Y13.45306
G01 X-44.06042 Y13.47577
G01 X-44.05862 Y13.48493
G01 X-44.04886 Y13.51387
G01 X-44.04455 Y13.52809
G01 X-44.04325 Y13.53053
G01 X-44.04188 Y13.53454
G01 X-43.82519 Y14.06080
G01 X-43.81848 Y14.06055
G01 X-43.82519 Y14.06080
G01 X-43.86327 Y14.17500
G01 X-43.85128 Y14.19009
G01 X-43.86327 Y14.17500
G01 X-43.92499 Y14.17500
G01 X-43.96420 Y14.17693
G01 X-44.01297 Y14.18173
G01 X-44.08988 Y14.19705
G01 X-44.13677 Y14.21127
G01 X-44.17373 Y14.22448
G01 X-44.20921 Y14.24127
G01 X-44.25244 Y14.26438
G01 X-44.31765 Y14.30795
G01 X-44.35552 Y14.33906
G01 X-44.38460 Y14.36540
G01 X-44.41097 Y14.39448
G01 X-44.44206 Y14.43235
G01 X-44.45651 Y14.45186
G01 X-44.46733 Y14.47294
G01 X-44.47988 Y14.49839
G01 X-44.53042 Y14.60528
G01 X-44.53449 Y14.61412
G01 X-44.52547 Y14.63434
G01 X-44.52509 Y14.63525
G01 X-44.50578 Y14.68094
G01 X-44.48856 Y14.71917
G01 X-44.47187 Y14.75402
G01 X-44.47162 Y14.75450
G01 X-44.46987 Y14.75826
G01 X-44.46403 Y14.77081
G01 X-44.46377 Y14.77134
G01 X-44.44881 Y14.80441
G01 X-44.44693 Y14.80921
G01 X-44.40484 Y14.93548
G01 X-44.40340 Y14.94081
G01 X-44.38844 Y15.01071
G01 X-44.38770 Y15.01501
G01 X-44.37650 Y15.10510
G01 X-44.37614 Y15.10957
G01 X-44.37556 Y15.12646
G01 X-44.37553 Y15.12732
G01 X-44.37523 Y15.14462
G01 X-44.37523 Y15.14549
G01 X-44.37523 Y15.82443
G01 X-44.37464 Y15.84787
G01 X-44.37414 Y15.85851
G01 X-44.37066 Y15.89291
G01 X-44.36791 Y15.91450
G01 X-44.36278 Y15.93210
G01 X-44.34848 Y15.97718
G01 X-44.33423 Y16.01579
G01 X-44.31112 Y16.05602
G01 X-44.30251 Y16.06938
G01 X-44.29735 Y16.07744
G01 X-44.28584 Y16.09534
G01 X-44.27927 Y16.10459
G01 X-44.25948 Y16.12643
G01 X-44.24802 Y16.13789
G04 P0 ( dwell for no time -- G64 should not smooth over this point )
G00 Z5.00000 ( retract )

G00 X-44.78630 Y14.63596 ( rapid move to begin. )
G01 F150.00000
( Mill infeed pass 1/1 )
G01 Z-0.06000
G04 P0 ( dwell for no time -- G64 should not smooth over this point )
G01 F300.00000
G01 X-44.78630 Y14.63596
G01 X-44.76735 Y14.61379
G01 X-44.73969 Y14.57571
G01 X-44.69870 Y14.50886
G01 X-44.67731 Y14.46687
G01 X-44.64729 Y14.39441
G01 X-44.63273 Y14.34960
G01 X-44.61442 Y14.27330
G01 X-44.60705 Y14.22682
G01 X-44.60091 Y14.14861
G01 X-44.59997 Y14.12504
G01 X-44.59997 Y13.85052
G01 X-44.60185 Y13.85019
G01 X-44.59997 Y13.85052
G01 X-44.57944 Y13.81211
G01 X-44.55694 Y13.75778
G01 X-44.54272 Y13.71089
G01 X-44.53555 Y13.68234
G01 X-44.53123 Y13.65318
G01 X-44.52643 Y13.60442
G01 X-44.52499 Y13.57500
G01 X-44.52499 Y12.67506
G01 X-44.52623 Y12.64785
G01 X-44.59999 Y11.83645
G01 X-44.59997 Y11.63140
G01 X-44.60759 Y11.62825
G01 X-44.59997 Y11.63140
G01 X-43.29359 Y10.32505
G01 X-43.29677 Y10.31743
G01 X-43.29359 Y10.32505
G01 X-37.88695 Y10.32505
G01 X-37.82398 Y10.29896
G01 X-37.82284 Y10.29850
G01 X-37.79203 Y10.28662
G01 X-37.79086 Y10.28621
G01 X-37.69284 Y10.25111
G01 X-37.69056 Y10.25040
G01 X-37.63859 Y10.23455
G01 X-37.63618 Y10.23389
G01 X-37.60090 Y10.22505
G01 X-43.33502 Y10.22505
G01 X-43.33817 Y10.21743
G01 X-43.33502 Y10.22505
G01 X-44.69997 Y11.58999
G01 X-44.70759 Y11.58682
G01 X-44.69997 Y11.58999
G01 X-44.69999 Y11.84176
G01 X-44.69984 Y11.84257
G01 X-44.62580 Y12.65689
G01 X-44.62499 Y12.67506
G01 X-44.62499 Y13.57500
G01 X-44.62595 Y13.59461
G01 X-44.63075 Y13.64338
G01 X-44.63362 Y13.66281
G01 X-44.63840 Y13.68186
G01 X-44.65262 Y13.72875
G01 X-44.66763 Y13.76497
G01 X-44.69075 Y13.80823
G01 X-44.69997 Y13.82359
G01 X-44.70180 Y13.82324
G01 X-44.69997 Y13.82359
G01 X-44.69997 Y14.12504
G01 X-44.70060 Y14.14074
G01 X-44.70675 Y14.21897
G01 X-44.71165 Y14.24996
G01 X-44.72996 Y14.32631
G01 X-44.73967 Y14.35610
G01 X-44.76969 Y14.42862
G01 X-44.78394 Y14.45656
G01 X-44.82493 Y14.52344
G01 X-44.84340 Y14.54886
G01 X-44.89435 Y14.60850
G01 X-44.90502 Y14.62006
G01 X-44.94566 Y14.66073
G01 X-44.94673 Y14.66217
G01 X-45.64998 Y15.46354
G01 X-45.65645 Y15.46111
G01 X-45.64998 Y15.46354
G01 X-45.64998 Y15.83751
G01 X-45.65384 Y15.87652
G01 X-45.66006 Y15.89712
G01 X-45.66867 Y15.92054
G01 X-45.68142 Y15.94437
G01 X-45.68610 Y15.95061
G01 X-45.69397 Y15.96113
G01 X-45.70858 Y15.97894
G01 X-45.72628 Y15.99346
G01 X-45.72935 Y15.99578
G01 X-45.74312 Y16.00609
G01 X-45.76692 Y16.01879
G01 X-45.77055 Y16.02013
G01 X-45.79026 Y16.02737
G01 X-45.81096 Y16.03367
G01 X-45.84998 Y16.03751
G01 X-46.99999 Y16.03751
G01 X-47.03900 Y16.03367
G01 X-47.05968 Y16.02740
G01 X-47.06199 Y16.02654
G01 X-47.08305 Y16.01881
G01 X-47.10669 Y16.00614
G01 X-47.11904 Y15.99692
G01 X-47.12391 Y15.99329
G01 X-47.14141 Y15.97894
G01 X-47.15569 Y15.96154
G01 X-47.16859 Y15.94429
G01 X-47.18147 Y15.92019
G01 X-47.18508 Y15.91043
G01 X-47.18919 Y15.89946
G01 X-47.19615 Y15.87652
G01 X-47.19999 Y15.83751
G01 X-47.19999 Y14.46253
G01 X-47.19694 Y14.42783
G01 X-47.18792 Y14.39410
G01 X-47.17319 Y14.36250
G01 X-47.15320 Y14.33396
G01 X-47.12854 Y14.30929
G01 X-47.09999 Y14.28935
G01 X-47.06839 Y14.27457
G01 X-47.03471 Y14.26555
G01 X-46.99999 Y14.26256
G01 X-46.62478 Y14.26256
G01 X-46.62249 Y14.26860
G01 X-46.62478 Y14.26256
G01 X-46.15582 Y13.85956
G01 X-46.14490 Y13.86413
G01 X-46.15582 Y13.85956
G01 X-46.17451 Y13.58880
G01 X-46.17500 Y13.57500
G01 X-46.17500 Y12.67506
G01 X-46.17416 Y12.65689
G01 X-46.10012 Y11.84257
G01 X-46.09989 Y11.84166
G01 X-46.09999 Y11.30003
G01 X-46.09935 Y11.28433
G01 X-46.09321 Y11.20610
G01 X-46.08831 Y11.17511
G01 X-46.06999 Y11.09886
G01 X-46.06029 Y11.06899
G01 X-46.03027 Y10.99647
G01 X-46.01602 Y10.96851
G01 X-45.97502 Y10.90163
G01 X-45.95656 Y10.87623
G01 X-45.90560 Y10.81656
G01 X-45.89496 Y10.80503
G01 X-44.11996 Y9.03005
G01 X-44.10540 Y9.01687
G01 X-44.02964 Y8.95469
G01 X-43.99705 Y8.93292
G01 X-43.91059 Y8.88672
G01 X-43.87436 Y8.87171
G01 X-43.78059 Y8.84326
G01 X-43.74213 Y8.83562
G01 X-43.64457 Y8.82599
G01 X-43.62499 Y8.82503
G01 X-20.02498 Y8.82503
G01 X-20.00538 Y8.82599
G01 X-19.90781 Y8.83562
G01 X-19.88841 Y8.83849
G01 X-19.86936 Y8.84326
G01 X-19.77558 Y8.87171
G01 X-19.73936 Y8.88672
G01 X-19.65290 Y8.93292
G01 X-19.64246 Y8.93915
G01 X-19.64223 Y8.93930
G01 X-19.63093 Y8.94684
G01 X-19.63029 Y8.94730
G01 X-19.62031 Y8.95469
G01 X-19.54454 Y9.01687
G01 X-19.52999 Y9.03005
G01 X-19.31048 Y9.24959
G01 X-19.31099 Y9.25027
G01 X-19.31048 Y9.24959
G01 X-18.23080 Y9.87501
G01 X-18.23172 Y9.87834
G01 X-18.23080 Y9.87501
G01 X-17.77498 Y9.87501
G01 X-17.73596 Y9.87885
G01 X-17.70861 Y9.88715
G01 X-17.69555 Y9.89177
G01 X-17.66822 Y9.90641
G01 X-17.66256 Y9.91062
G01 X-17.65090 Y9.91936
G01 X-17.63357 Y9.93358
G01 X-17.61922 Y9.95108
G01 X-17.60640 Y9.96823
G01 X-17.59370 Y9.99198
G01 X-17.58834 Y10.00648
G01 X-17.58506 Y10.01537
G01 X-17.57884 Y10.03600
G01 X-17.57498 Y10.07501
G01 X-17.57498 Y11.77501
G01 X-17.57884 Y11.81402
G01 X-17.58516 Y11.83490
G01 X-17.58529 Y11.83523
G01 X-17.59365 Y11.85799
G01 X-17.60645 Y11.88194
G01 X-17.61183 Y11.88913
G01 X-17.61884 Y11.89848
G01 X-17.63357 Y11.91643
G01 X-17.65120 Y11.93089
G01 X-17.66812 Y11.94361
G01 X-17.69189 Y11.95629
G01 X-17.69718 Y11.95827
G01 X-17.71516 Y11.96485
G01 X-17.73596 Y11.97120
G01 X-17.77498 Y11.97501
G01 X-19.47500 Y11.97501
G01 X-19.50972 Y11.97201
G01 X-19.54340 Y11.96297
G01 X-19.57500 Y11.94821
G01 X-19.60355 Y11.92822
G01 X-19.62819 Y11.90358
G01 X-19.64820 Y11.87501
G01 X-19.66293 Y11.84341
G01 X-19.67195 Y11.80975
G01 X-19.67500 Y11.77501
G01 X-19.67500 Y11.33546
G01 X-19.67246 Y11.33482
G01 X-19.67500 Y11.33546
G01 X-20.13116 Y10.40879
G01 X-20.13006 Y10.40800
G01 X-20.13116 Y10.40879
G01 X-20.31493 Y10.22505
G01 X-20.31178 Y10.21743
G01 X-20.31493 Y10.22505
G01 X-21.84898 Y10.22505
G01 X-21.81373 Y10.23389
G01 X-21.81132 Y10.23455
G01 X-21.75935 Y10.25040
G01 X-21.75706 Y10.25111
G01 X-21.65904 Y10.28621
G01 X-21.65787 Y10.28662
G01 X-21.62706 Y10.29850
G01 X-21.62592 Y10.29896
G01 X-21.56293 Y10.32505
G01 X-21.32155 Y10.42505
G01 X-20.39775 Y10.42505
G01 X-20.39460 Y10.41743
G01 X-20.39775 Y10.42505
G01 X-20.29598 Y10.52685
G01 X-20.29488 Y10.52606
G01 X-20.29598 Y10.52685
G01 X-19.87500 Y11.38199
G01 X-19.87238 Y11.38138
G01 X-19.87500 Y11.38199
G01 X-19.87500 Y11.77501
G01 X-19.86890 Y11.84450
G01 X-19.85861 Y11.88293
G01 X-19.78061 Y11.99139
G01 X-19.68630 Y12.08486
G01 X-19.59689 Y12.14811
G01 X-19.52714 Y12.11138
G01 X-19.50022 Y12.09563
G01 X-19.49496 Y12.09296
G01 X-19.45379 Y12.07501
G01 X-19.33393 Y12.02273
G01 X-19.32775 Y12.02052
G01 X-19.25790 Y12.00043
G01 X-19.25806 Y11.99992
G01 X-19.25790 Y12.00043
G01 X-19.25285 Y11.99929
G01 X-19.14236 Y11.97960
G01 X-19.13703 Y11.97894
G01 X-19.10309 Y11.97658
G01 X-19.10139 Y11.97653
G01 X-19.10139 Y11.97620
G01 X-19.10139 Y11.97653
G01 X-19.06692 Y11.97531
G01 X-19.06522 Y11.97526
G01 X-17.77581 Y11.97526
G01 X-17.74480 Y11.97427
G01 X-17.73802 Y11.97330
G01 X-17.69718 Y11.95827
G01 X-17.69189 Y11.95629
G01 X-17.67856 Y11.95138
G01 X-17.66812 Y11.94361
G01 X-17.65120 Y11.93089
G01 X-17.63281 Y11.91715
G01 X-17.61884 Y11.89848
G01 X-17.61183 Y11.88913
G01 X-17.60645 Y11.88194
G01 X-17.59862 Y11.87148
G01 X-17.59365 Y11.85799
G01 X-17.58529 Y11.83523
G01 X-17.58516 Y11.83490
G01 X-17.57673 Y11.81199
G01 X-17.57579 Y11.80516
G01 X-17.57472 Y11.77417
G01 X-17.57472 Y10.07587
G01 X-17.57498 Y10.07501
G01 X-17.67498 Y10.07501
G01 X-17.67498 Y11.77501
G01 X-17.67691 Y11.79451
G01 X-17.68260 Y11.81328
G01 X-17.69184 Y11.83063
G01 X-17.70429 Y11.84572
G01 X-17.71943 Y11.85817
G01 X-17.73672 Y11.86744
G01 X-17.75547 Y11.87310
G01 X-17.77498 Y11.87501
G01 X-19.47500 Y11.87501
G01 X-19.49235 Y11.87348
G01 X-19.50919 Y11.86899
G01 X-19.52499 Y11.86162
G01 X-19.53926 Y11.85161
G01 X-19.55160 Y11.83934
G01 X-19.56159 Y11.82502
G01 X-19.56895 Y11.80922
G01 X-19.57347 Y11.79238
G01 X-19.57500 Y11.77501
G01 X-19.57497 Y11.31214
G01 X-20.04876 Y10.34981
G01 X-20.27350 Y10.12505
G01 X-43.37645 Y10.12505
G01 X-44.79997 Y11.54854
G01 X-44.79999 Y11.84854
G01 X-44.79943 Y11.85161
G01 X-44.72539 Y12.66596
G01 X-44.72499 Y12.67506
G01 X-44.72499 Y13.57500
G01 X-44.72547 Y13.58486
G01 X-44.73027 Y13.63360
G01 X-44.73172 Y13.64330
G01 X-44.73410 Y13.65280
G01 X-44.74833 Y13.69977
G01 X-44.75582 Y13.71785
G01 X-44.77894 Y13.76103
G01 X-44.78396 Y13.76949
G01 X-44.78981 Y13.77734
G01 X-44.79997 Y13.78971
G01 X-44.79997 Y14.12504
G01 X-44.80030 Y14.13289
G01 X-44.80644 Y14.21112
G01 X-44.80891 Y14.22661
G01 X-44.82722 Y14.30292
G01 X-44.83207 Y14.31783
G01 X-44.86209 Y14.39032
G01 X-44.86921 Y14.40431
G01 X-44.91020 Y14.47124
G01 X-44.91942 Y14.48389
G01 X-44.97040 Y14.54356
G01 X-44.97571 Y14.54935
G01 X-45.02001 Y14.59362
G01 X-45.02189 Y14.59618
G01 X-45.74998 Y15.42588
G01 X-45.74998 Y15.83751
G01 X-45.75191 Y15.85702
G01 X-45.75760 Y15.87579
G01 X-45.76684 Y15.89306
G01 X-45.77929 Y15.90822
G01 X-45.79443 Y15.92067
G01 X-45.81172 Y15.92991
G01 X-45.83047 Y15.93560
G01 X-45.84998 Y15.93751
G01 X-46.99999 Y15.93751
G01 X-47.01949 Y15.93560
G01 X-47.03827 Y15.92989
G01 X-47.05554 Y15.92067
G01 X-47.07070 Y15.90822
G01 X-47.08312 Y15.89306
G01 X-47.09237 Y15.87579
G01 X-47.09806 Y15.85702
G01 X-47.09999 Y15.83751
G01 X-47.09999 Y14.46253
G01 X-47.09846 Y14.44516
G01 X-47.09397 Y14.42832
G01 X-47.08660 Y14.41252
G01 X-47.07659 Y14.39829
G01 X-47.06427 Y14.38590
G01 X-47.04997 Y14.37592
G01 X-47.03420 Y14.36860
G01 X-47.01736 Y14.36408
G01 X-46.99999 Y14.36250
G01 X-46.58769 Y14.36250
G01 X-46.05259 Y13.90271
G01 X-46.07431 Y13.58811
G01 X-46.07428 Y13.58712
G01 X-46.07451 Y13.58476
G01 X-46.07500 Y13.57500
G01 X-46.07500 Y12.67506
G01 X-46.07456 Y12.66596
G01 X-46.00052 Y11.85161
G01 X-45.99996 Y11.84808
G01 X-45.99999 Y11.30003
G01 X-45.99966 Y11.29220
G01 X-45.99351 Y11.21395
G01 X-45.99105 Y11.19845
G01 X-45.97274 Y11.12215
G01 X-45.96788 Y11.10724
G01 X-45.93786 Y11.03477
G01 X-45.93075 Y11.02078
G01 X-45.88975 Y10.95393
G01 X-45.88053 Y10.94118
G01 X-45.82958 Y10.88151
G01 X-45.82425 Y10.87575
G01 X-44.04924 Y9.10077
G01 X-44.04195 Y9.09419
G01 X-43.96619 Y9.03201
G01 X-43.94990 Y9.02111
G01 X-43.86344 Y8.97491
G01 X-43.84533 Y8.96739
G01 X-43.75156 Y8.93894
G01 X-43.73233 Y8.93513
G01 X-43.63477 Y8.92551
G01 X-43.62499 Y8.92503
G01 X-20.02498 Y8.92503
G01 X-20.01518 Y8.92551
G01 X-19.91762 Y8.93513
G01 X-19.90792 Y8.93656
G01 X-19.89839 Y8.93894
G01 X-19.80461 Y8.96739
G01 X-19.78648 Y8.97491
G01 X-19.70004 Y9.02111
G01 X-19.69163 Y9.02614
G01 X-19.68374 Y9.03201
G01 X-19.60797 Y9.09419
G01 X-19.60070 Y9.10077
G01 X-19.37192 Y9.32955
G01 X-18.25768 Y9.97501
G01 X-17.77498 Y9.97501
G01 X-17.75547 Y9.97694
G01 X-17.73672 Y9.98263
G01 X-17.71943 Y9.99188
G01 X-17.70429 Y10.00430
G01 X-17.69184 Y10.01946
G01 X-17.68260 Y10.03673
G01 X-17.67691 Y10.05550
G01 X-17.67498 Y10.07501
G01 X-17.57498 Y10.07501
G01 X-17.57472 Y10.07587
G01 X-17.57579 Y10.04489
G01 X-17.57673 Y10.03808
G01 X-17.58506 Y10.01537
G01 X-17.58834 Y10.00648
G01 X-17.59860 Y9.97862
G01 X-17.63284 Y9.93290
G01 X-17.65090 Y9.91936
G01 X-17.66256 Y9.91062
G01 X-17.67985 Y9.89769
G01 X-17.68376 Y9.89597
G01 X-17.69555 Y9.89177
G01 X-17.70861 Y9.88715
G01 X-17.73779 Y9.87681
G01 X-17.74490 Y9.87582
G01 X-17.77581 Y9.87478
G01 X-18.10673 Y9.87478
G01 X-18.11000 Y9.87465
G01 X-18.11003 Y9.87496
G01 X-18.11000 Y9.87465
G01 X-18.17602 Y9.87031
G01 X-18.17927 Y9.86998
G01 X-18.22115 Y9.86447
G01 X-18.22760 Y9.86317
G01 X-18.23380 Y9.86107
G01 X-18.25473 Y9.85238
G01 X-18.25770 Y9.85101
G01 X-18.25826 Y9.85261
G01 X-18.25770 Y9.85101
G01 X-18.31772 Y9.82137
G01 X-18.32062 Y9.81979
G01 X-19.27721 Y9.26566
G01 X-19.27848 Y9.26493
G01 X-19.30383 Y9.24923
G01 X-19.30428 Y9.24984
G01 X-19.30383 Y9.24923
G01 X-19.31046 Y9.24430
G01 X-19.33705 Y9.22099
G01 X-19.33827 Y9.21989
G01 X-19.36212 Y9.19754
G01 X-19.36329 Y9.19640
G01 X-19.52935 Y9.03033
G01 X-19.54632 Y9.01418
G01 X-19.58038 Y8.98332
G01 X-19.61681 Y8.95632
G01 X-19.63093 Y8.94684
G01 X-19.64223 Y8.93930
G01 X-19.64246 Y8.93915
G01 X-19.65567 Y8.93033
G01 X-19.69463 Y8.90699
G01 X-19.73558 Y8.88761
G01 X-19.77878 Y8.86973
G01 X-19.82153 Y8.85441
G01 X-19.86667 Y8.84311
G01 X-19.87312 Y8.84156
G01 X-19.89941 Y8.83620
G01 X-19.91043 Y8.83442
G01 X-19.95628 Y8.82762
G01 X-20.00207 Y8.82536
G01 X-20.02559 Y8.82480
G01 X-43.62435 Y8.82480
G01 X-43.64787 Y8.82536
G01 X-43.69369 Y8.82762
G01 X-43.74155 Y8.83473
G01 X-43.77703 Y8.84161
G01 X-43.78353 Y8.84319
G01 X-43.82842 Y8.85444
G01 X-43.87114 Y8.86970
G01 X-43.91434 Y8.88761
G01 X-43.95531 Y8.90699
G01 X-43.99423 Y8.93031
G01 X-44.03309 Y8.95627
G01 X-44.06956 Y8.98332
G01 X-44.10360 Y9.01418
G01 X-44.12052 Y9.03026
G01 X-45.89481 Y10.80455
G01 X-45.90774 Y10.81804
G01 X-45.94243 Y10.85555
G01 X-45.95516 Y10.87234
G01 X-45.97655 Y10.90308
G01 X-46.01906 Y10.96957
G01 X-46.03151 Y10.99688
G01 X-46.06087 Y11.06777
G01 X-46.07144 Y11.09596
G01 X-46.08869 Y11.17445
G01 X-46.09493 Y11.20978
G01 X-46.09786 Y11.23081
G01 X-46.09986 Y11.28189
G01 X-46.10022 Y11.30061
G01 X-46.10022 Y11.78400
G01 X-46.10024 Y11.78547
G01 X-46.10101 Y11.81466
G01 X-46.10116 Y11.81610
G01 X-46.10261 Y11.84122
G01 X-46.10281 Y11.84369
G01 X-46.10388 Y11.85344
G01 X-46.12216 Y12.05471
G01 X-46.12247 Y12.05829
G01 X-46.13441 Y12.13020
G01 X-46.13509 Y12.13373
G01 X-46.15145 Y12.20236
G01 X-46.15368 Y12.20945
G01 X-46.15313 Y12.20963
G01 X-46.15368 Y12.20945
G01 X-46.21767 Y12.36860
G01 X-46.22064 Y12.37475
G01 X-46.25427 Y12.43360
G01 X-46.27375 Y12.64785
G01 X-46.27500 Y12.67506
G01 X-46.27500 Y13.57500
G01 X-46.27428 Y13.59568
G01 X-46.25902 Y13.81646
G01 X-46.24815 Y13.82098
G01 X-46.25902 Y13.81646
G01 X-46.66184 Y14.16251
G01 X-46.65953 Y14.16878
G01 X-46.66184 Y14.16251
G01 X-46.85381 Y14.16251
G01 X-46.85427 Y14.16251
G01 X-46.85503 Y14.16268
G01 X-46.85381 Y14.16251
G01 X-46.85262 Y14.16233
G01 X-46.80365 Y14.14991
G01 X-46.80126 Y14.14920
G01 X-46.72831 Y14.12702
G01 X-46.72600 Y14.12626
G01 X-46.68173 Y14.11041
G01 X-46.67367 Y14.10670
G01 X-46.66641 Y14.10165
G01 X-46.66280 Y14.09857
G01 X-46.66097 Y14.09697
G01 X-46.60354 Y14.04371
G01 X-46.60179 Y14.04201
G01 X-46.56737 Y14.00690
G01 X-46.56570 Y14.00503
G01 X-46.51142 Y13.94374
G01 X-46.50984 Y13.94188
G01 X-46.47865 Y13.90297
G01 X-46.47715 Y13.90104
G01 X-46.42564 Y13.82979
G01 X-46.42430 Y13.82778
G01 X-46.42244 Y13.82502
G01 X-46.36224 Y13.77325
G01 X-46.37403 Y13.60261
G01 X-46.37497 Y13.57518
G01 X-46.37497 Y12.67490
G01 X-46.37334 Y12.63878
G01 X-46.36898 Y12.59075
G01 X-46.26199 Y12.44640
G01 X-46.25874 Y12.44143
G01 X-46.25427 Y12.43360
G01 X-46.25874 Y12.44143
G01 X-46.26199 Y12.44640
G01 X-46.36898 Y12.59075
G01 X-46.37334 Y12.63878
G01 X-46.37497 Y12.67490
G01 X-46.37497 Y13.57518
G01 X-46.37403 Y13.60261
G01 X-46.36224 Y13.77325
G01 X-46.35384 Y13.77627
G01 X-46.36224 Y13.77325
G01 X-46.42244 Y13.82502
G01 X-46.42430 Y13.82778
G01 X-46.42564 Y13.82979
G01 X-46.47715 Y13.90104
G01 X-46.47865 Y13.90297
G01 X-46.50984 Y13.94188
G01 X-46.51142 Y13.94374
G01 X-46.56570 Y14.00503
G01 X-46.56737 Y14.00690
G01 X-46.60179 Y14.04201
G01 X-46.60354 Y14.04371
G01 X-46.66097 Y14.09697
G01 X-46.66280 Y14.09857
G01 X-46.66641 Y14.10165
G01 X-46.67367 Y14.10670
G01 X-46.67184 Y14.10962
G01 X-46.67367 Y14.10670
G01 X-46.68173 Y14.11041
G01 X-46.72600 Y14.12626
G01 X-46.72831 Y14.12702
G01 X-46.80126 Y14.14920
G01 X-46.80365 Y14.14991
G01 X-46.85262 Y14.16233
G01 X-46.85381 Y14.16251
G01 X-46.85503 Y14.16268
G01 X-46.92214 Y14.17607
G01 X-46.92457 Y14.17653
G01 X-46.97360 Y14.18379
G01 X-46.97431 Y14.18387
G01 X-46.99336 Y14.18641
G01 X-46.99409 Y14.18653
G01 X-47.03771 Y14.19169
G01 X-47.08432 Y14.19900
G01 X-47.11353 Y14.20477
G01 X-47.17824 Y14.22247
G01 X-47.17929 Y14.22278
G01 X-47.17934 Y14.22326
G01 X-47.17824 Y14.22247
G01 X-47.17934 Y14.22326
G01 X-47.19468 Y14.34493
G01 X-47.19869 Y14.39735
G01 X-47.20006 Y14.45059
G01 X-47.20022 Y14.46294
G01 X-47.20022 Y15.83667
G01 X-47.19917 Y15.86758
G01 X-47.19806 Y15.87558
G01 X-47.18919 Y15.89946
G01 X-47.18508 Y15.91043
G01 X-47.18147 Y15.92019
G01 X-47.17639 Y15.93388
G01 X-47.16859 Y15.94429
G01 X-47.15569 Y15.96154
G01 X-47.14213 Y15.97967
G01 X-47.12391 Y15.99329
G01 X-47.11904 Y15.99692
G01 X-47.10669 Y16.00614
G01 X-47.09638 Y16.01389
G01 X-47.08305 Y16.01881
G01 X-47.06199 Y16.02654
G01 X-47.05968 Y16.02740
G01 X-47.03692 Y16.03578
G01 X-47.03006 Y16.03672
G01 X-46.99912 Y16.03776
G01 X-45.85082 Y16.03776
G01 X-45.81983 Y16.03672
G01 X-45.81307 Y16.03578
G01 X-45.79026 Y16.02737
G01 X-45.77055 Y16.02013
G01 X-45.76692 Y16.01879
G01 X-45.75356 Y16.01389
G01 X-45.74312 Y16.00609
G01 X-45.72935 Y15.99578
G01 X-45.72628 Y15.99346
G01 X-45.70781 Y15.97965
G01 X-45.69397 Y15.96113
G01 X-45.68610 Y15.95061
G01 X-45.68142 Y15.94437
G01 X-45.67362 Y15.93395
G01 X-45.66867 Y15.92054
G01 X-45.66006 Y15.89712
G01 X-45.65173 Y15.87444
G01 X-45.65079 Y15.86771
G01 X-45.64972 Y15.83667
G01 X-45.64972 Y15.63096
G01 X-45.64960 Y15.62735
G01 X-45.64441 Y15.55539
G01 X-45.64403 Y15.55186
G01 X-45.63387 Y15.48110
G01 X-45.63225 Y15.47378
G01 X-45.62956 Y15.46680
G01 X-45.62585 Y15.46027
G01 X-45.62859 Y15.45918
G01 X-45.62585 Y15.46027
G01 X-45.57390 Y15.38320
G01 X-45.57124 Y15.37957
G01 X-45.55955 Y15.36525
G01 X-45.55897 Y15.36451
G01 X-45.54685 Y15.35018
G01 X-45.54624 Y15.34947
G01 X-45.12021 Y14.86403
G01 X-45.11777 Y14.86141
G01 X-45.06601 Y14.81033
G01 X-45.06636 Y14.80995
G01 X-45.06601 Y14.81033
G01 X-45.06339 Y14.80794
G01 X-45.00977 Y14.76202
G01 X-45.00527 Y14.75859
G01 X-44.89933 Y14.68691
G01 X-44.89964 Y14.68643
G01 X-44.89933 Y14.68691
G01 X-44.89476 Y14.68417
G01 X-44.89412 Y14.68384
G01 X-44.89113 Y14.68237
G01 X-44.85193 Y14.66479
G01 X-44.85046 Y14.66416
G01 X-44.83883 Y14.65943
G01 X-44.81414 Y14.64869
G01 X-44.78630 Y14.63596
G01 X-44.78216 Y14.63408
G01 X-44.78066 Y14.63345
G01 X-44.73294 Y14.61348
G01 X-44.73146 Y14.61295
G01 X-44.66306 Y14.58681
G01 X-44.66179 Y14.58635
G01 X-44.62603 Y14.57383
G01 X-44.62112 Y14.56324
G01 X-44.62092 Y14.56276
G01 X-44.57012 Y14.45527
G01 X-44.56974 Y14.45450
G01 X-44.55684 Y14.42834
G01 X-44.55648 Y14.42761
G01 X-44.54774 Y14.41059
G01 X-44.53550 Y14.37294
G01 X-44.51719 Y14.29664
G01 X-44.50736 Y14.23467
G01 X-44.50121 Y14.15643
G01 X-44.49997 Y14.12504
G01 X-44.49997 Y13.87556
G01 X-44.50141 Y13.87531
G01 X-44.49997 Y13.87556
G01 X-44.49125 Y13.85925
G01 X-44.46123 Y13.78679
G01 X-44.44701 Y13.73990
G01 X-44.43748 Y13.70185
G01 X-44.43172 Y13.66299
G01 X-44.42692 Y13.61422
G01 X-44.42499 Y13.57500
G01 X-44.42499 Y12.67506
G01 X-44.42664 Y12.63881
G01 X-44.49999 Y11.83193
G01 X-44.49997 Y11.67282
G01 X-44.50759 Y11.66965
G01 X-44.49997 Y11.67282
G01 X-43.25219 Y10.42505
G01 X-43.25534 Y10.41743
G01 X-43.25219 Y10.42505
G01 X-38.12835 Y10.42505
G01 X-37.88695 Y10.32505
G01 X-37.82398 Y10.29896
G01 X-37.82284 Y10.29850
G01 X-37.79203 Y10.28662
G01 X-37.79086 Y10.28621
G01 X-37.69284 Y10.25111
G01 X-37.69056 Y10.25040
G01 X-37.63859 Y10.23455
G01 X-37.63618 Y10.23389
G01 X-37.60090 Y10.22505
G01 X-37.53818 Y10.20933
G01 X-37.53579 Y10.20879
G01 X-37.49104 Y10.19988
G01 X-37.48860 Y10.19944
G01 X-37.39058 Y10.18492
G01 X-37.38817 Y10.18461
G01 X-37.34758 Y10.18060
G01 X-37.34512 Y10.18042
G01 X-37.24712 Y10.17559
G01 X-37.24588 Y10.17554
G01 X-37.22619 Y10.17506
G01 X-37.22498 Y10.17504
G01 X-22.22495 Y10.17501
G01 X-22.22374 Y10.17506
G01 X-22.20405 Y10.17554
G01 X-22.20283 Y10.17559
G01 X-22.10479 Y10.18042
G01 X-22.10232 Y10.18060
G01 X-22.06173 Y10.18461
G01 X-22.05930 Y10.18469
G01 X-21.96130 Y10.19944
G01 X-21.95886 Y10.19988
G01 X-21.91411 Y10.20879
G01 X-21.91172 Y10.20933
G01 X-21.84898 Y10.22505
G01 X-21.81373 Y10.23389
G01 X-21.81132 Y10.23455
G01 X-21.75935 Y10.25040
G01 X-21.75706 Y10.25111
G01 X-21.65904 Y10.28621
G01 X-21.65787 Y10.28662
G01 X-21.62706 Y10.29850
G01 X-21.62592 Y10.29896
G01 X-21.56293 Y10.32505
G01 X-20.35635 Y10.32505
G01 X-20.35318 Y10.31743
G01 X-20.35635 Y10.32505
G01 X-20.21358 Y10.46780
G01 X-20.21246 Y10.46701
G01 X-20.21358 Y10.46780
G01 X-19.77500 Y11.35870
G01 X-19.77238 Y11.35812
G01 X-19.77500 Y11.35870
G01 X-19.77500 Y11.77501
G01 X-19.77043 Y11.82710
G01 X-19.75689 Y11.87762
G01 X-19.73479 Y11.92504
G01 X-19.70479 Y11.96784
G01 X-19.66783 Y12.00483
G01 X-19.62498 Y12.03482
G01 X-19.57759 Y12.05692
G01 X-19.52709 Y12.07046
G01 X-19.47500 Y12.07501
G01 X-19.45379 Y12.07501
G01 X-19.29699 Y12.11572
G01 X-19.41660 Y12.16787
G01 X-19.42946 Y12.18959
G01 X-19.45920 Y12.25278
G01 X-19.47845 Y12.30650
G01 X-19.48722 Y12.36292
G01 X-19.48592 Y12.39827
G01 X-19.54066 Y12.23155
G01 X-19.47957 Y12.19934
G01 X-19.47764 Y12.19830
G01 X-19.45221 Y12.18344
G01 X-19.41660 Y12.16787
G01 X-19.29699 Y12.11572
G01 X-19.23271 Y12.09726
G01 X-19.12742 Y12.07854
G01 X-19.09745 Y12.07643
G01 X-19.06408 Y12.07531
G01 X-17.77498 Y12.07531
G01 X-17.77325 Y12.07523
G01 X-17.73881 Y12.07407
G01 X-17.73860 Y12.07523
G01 X-17.73881 Y12.07407
G01 X-17.73370 Y12.07361
G01 X-17.71905 Y12.07160
G01 X-17.71374 Y12.07061
G01 X-17.70858 Y12.06901
G01 X-17.63716 Y12.04272
G01 X-17.63058 Y12.03973
G01 X-17.62984 Y12.04112
G01 X-17.63058 Y12.03973
G01 X-17.62448 Y12.03581
G01 X-17.56715 Y11.99291
G01 X-17.56174 Y11.98824
G01 X-17.55707 Y11.98285
G01 X-17.55638 Y11.98352
G01 X-17.55707 Y11.98285
G01 X-17.51419 Y11.92558
G01 X-17.51028 Y11.91946
G01 X-17.50906 Y11.92009
G01 X-17.51028 Y11.91946
G01 X-17.50729 Y11.91285
G01 X-17.48100 Y11.84143
G01 X-17.47942 Y11.83627
G01 X-17.47841 Y11.83099
G01 X-17.47637 Y11.81626
G01 X-17.47594 Y11.81115
G01 X-17.47475 Y11.81133
G01 X-17.47594 Y11.81115
G01 X-17.47475 Y11.77673
G01 X-17.47472 Y11.77501
G01 X-17.47472 Y10.07501
G01 X-17.47475 Y10.07331
G01 X-17.47594 Y10.03889
G01 X-17.47637 Y10.03379
G01 X-17.47500 Y10.03356
G01 X-17.47637 Y10.03379
G01 X-17.47841 Y10.01908
G01 X-17.47942 Y10.01377
G01 X-17.48100 Y10.00864
G01 X-17.50726 Y9.93724
G01 X-17.51026 Y9.93064
G01 X-17.51417 Y9.92454
G01 X-17.51305 Y9.92393
G01 X-17.51417 Y9.92454
G01 X-17.55709 Y9.86721
G01 X-17.56177 Y9.86183
G01 X-17.56108 Y9.86114
G01 X-17.56177 Y9.86183
G01 X-17.56715 Y9.85715
G01 X-17.62446 Y9.81423
G01 X-17.62915 Y9.81110
G01 X-17.62855 Y9.80994
G01 X-17.62915 Y9.81110
G01 X-17.63418 Y9.80854
G01 X-17.64503 Y9.80374
G01 X-17.64856 Y9.80234
G01 X-17.70922 Y9.78085
G01 X-17.71409 Y9.77941
G01 X-17.71907 Y9.77844
G01 X-17.73380 Y9.77641
G01 X-17.73360 Y9.77516
G01 X-17.73380 Y9.77641
G01 X-17.73891 Y9.77598
G01 X-17.77325 Y9.77481
G01 X-17.77498 Y9.77476
G01 X-18.10528 Y9.77476
G01 X-18.16791 Y9.77062
G01 X-18.20152 Y9.76620
G01 X-18.21490 Y9.76063
G01 X-18.27190 Y9.73247
G01 X-19.22638 Y9.17956
G01 X-19.24762 Y9.16640
G01 X-19.27038 Y9.14646
G01 X-19.29341 Y9.12485
G01 X-19.45910 Y8.95919
G01 X-19.45996 Y8.95832
G01 X-19.47779 Y8.94136
G01 X-19.47868 Y8.94052
G01 X-19.51505 Y8.90758
G01 X-19.51485 Y8.90735
G01 X-19.51505 Y8.90758
G01 X-19.51884 Y8.90445
G01 X-19.55826 Y8.87524
G01 X-19.56027 Y8.87382
G01 X-19.60113 Y8.84651
G01 X-19.60322 Y8.84519
G01 X-19.60304 Y8.84491
G01 X-19.60322 Y8.84519
G01 X-19.64533 Y8.81995
G01 X-19.64965 Y8.81763
G01 X-19.69397 Y8.79668
G01 X-19.69621 Y8.79569
G01 X-19.74167 Y8.77684
G01 X-19.74396 Y8.77598
G01 X-19.74378 Y8.77552
G01 X-19.74396 Y8.77598
G01 X-19.79016 Y8.75944
G01 X-19.79486 Y8.75802
G01 X-19.84246 Y8.74608
G01 X-19.84284 Y8.74601
G01 X-19.85046 Y8.74415
G01 X-19.85224 Y8.74375
G01 X-19.88043 Y8.73801
G01 X-19.88244 Y8.73765
G01 X-19.89481 Y8.73564
G01 X-19.89544 Y8.73557
G01 X-19.89537 Y8.73516
G01 X-19.89544 Y8.73557
G01 X-19.94403 Y8.72835
G01 X-19.94891 Y8.72787
G01 X-19.99788 Y8.72546
G01 X-19.99910 Y8.72541
G01 X-20.02374 Y8.72480
G01 X-20.02496 Y8.72470
G01 X-43.62499 Y8.72477
G01 X-43.62621 Y8.72480
G01 X-43.65084 Y8.72541
G01 X-43.65206 Y8.72546
G01 X-43.70106 Y8.72787
G01 X-43.70594 Y8.72835
G01 X-43.75735 Y8.73597
G01 X-43.75953 Y8.73635
G01 X-43.79720 Y8.74364
G01 X-43.79725 Y8.74331
G01 X-43.79720 Y8.74364
G01 X-43.79946 Y8.74415
G01 X-43.80708 Y8.74601
G01 X-43.80746 Y8.74608
G01 X-43.85509 Y8.75802
G01 X-43.85979 Y8.75944
G01 X-43.90596 Y8.77595
G01 X-43.90825 Y8.77684
G01 X-43.95371 Y8.79566
G01 X-43.95595 Y8.79668
G01 X-44.00030 Y8.81763
G01 X-44.00462 Y8.81995
G01 X-44.00479 Y8.81964
G01 X-44.00462 Y8.81995
G01 X-44.04670 Y8.84519
G01 X-44.04879 Y8.84649
G01 X-44.08968 Y8.87382
G01 X-44.09169 Y8.87524
G01 X-44.13111 Y8.90448
G01 X-44.13489 Y8.90758
G01 X-44.13520 Y8.90722
G01 X-44.13489 Y8.90758
G01 X-44.17124 Y8.94052
G01 X-44.17213 Y8.94136
G01 X-44.18996 Y8.95832
G01 X-44.19082 Y8.95919
G01 X-45.96583 Y10.73417
G01 X-45.96651 Y10.73490
G01 X-45.98015 Y10.74905
G01 X-45.98084 Y10.74976
G01 X-46.01752 Y10.78946
G01 X-46.02067 Y10.79322
G01 X-46.02117 Y10.79284
G01 X-46.02067 Y10.79322
G01 X-46.03545 Y10.81275
G01 X-46.03659 Y10.81433
G01 X-46.05912 Y10.84664
G01 X-46.06021 Y10.84829
G01 X-46.10522 Y10.91862
G01 X-46.10863 Y10.92487
G01 X-46.12290 Y10.95624
G01 X-46.12359 Y10.95781
G01 X-46.12392 Y10.95763
G01 X-46.12359 Y10.95781
G01 X-46.15358 Y11.03028
G01 X-46.15422 Y11.03188
G01 X-46.16633 Y11.06421
G01 X-46.16669 Y11.06416
G01 X-46.16633 Y11.06421
G01 X-46.16834 Y11.07102
G01 X-46.18658 Y11.15395
G01 X-46.18696 Y11.15598
G01 X-46.19359 Y11.19332
G01 X-46.19407 Y11.19327
G01 X-46.19359 Y11.19332
G01 X-46.19387 Y11.19520
G01 X-46.19725 Y11.21958
G01 X-46.19768 Y11.22444
G01 X-46.19981 Y11.27834
G01 X-46.19984 Y11.27930
G01 X-46.20022 Y11.29904
G01 X-46.20024 Y11.30003
G01 X-46.20022 Y11.78326
G01 X-46.20103 Y11.81095
G01 X-46.20238 Y11.83419
G01 X-46.20334 Y11.84310
G01 X-46.20342 Y11.84397
G01 X-46.22158 Y12.04384
G01 X-46.23278 Y12.11219
G01 X-46.24784 Y12.17556
G01 X-46.30921 Y12.32814
G01 X-46.33992 Y12.38197
G01 X-46.34408 Y12.38923
G01 X-46.43524 Y12.51222
G01 X-46.45483 Y12.49738
G01 X-46.45556 Y12.49687
G01 X-46.48528 Y12.47513
G01 X-46.48599 Y12.47462
G01 X-46.53644 Y12.43914
G01 X-46.54167 Y12.43538
G01 X-46.49046 Y12.43271
G01 X-46.43402 Y12.42433
G01 X-46.38020 Y12.40541
G01 X-46.33992 Y12.38197
G01 X-46.38020 Y12.40541
G01 X-46.43402 Y12.42433
G01 X-46.49046 Y12.43271
G01 X-46.54167 Y12.43538
G01 X-46.59585 Y12.39649
G01 X-46.63654 Y12.36459
G01 X-46.67403 Y12.33256
G01 X-46.67441 Y12.33226
G01 X-46.71716 Y12.29647
G01 X-46.71767 Y12.29604
G01 X-46.72775 Y12.28786
G01 X-46.72826 Y12.28743
G01 X-46.75668 Y12.26485
G01 X-46.78160 Y12.24364
G01 X-46.78485 Y12.24089
G01 X-46.79747 Y12.23211
G01 X-46.79951 Y12.23073
G01 X-46.84091 Y12.20411
G01 X-46.84302 Y12.20284
G01 X-46.88802 Y12.17699
G01 X-46.88757 Y12.17592
G01 X-46.88802 Y12.17699
G01 X-46.89562 Y12.17343
G01 X-46.93926 Y12.15733
G01 X-46.94144 Y12.15657
G01 X-46.98815 Y12.14181
G01 X-46.98924 Y12.14148
G01 X-47.01121 Y12.13503
G01 X-47.01894 Y12.13340
G01 X-47.04528 Y12.13005
G01 X-47.04660 Y12.12990
G01 X-47.08277 Y12.12631
G01 X-47.08266 Y12.12540
G01 X-47.08277 Y12.12631
G01 X-47.08531 Y12.12609
G01 X-47.09793 Y12.12550
G01 X-47.09917 Y12.12540
G01 X-47.12374 Y12.12484
G01 X-47.12498 Y12.12479
G01 X-47.77499 Y12.12479
G01 X-47.77621 Y12.12484
G01 X-47.80077 Y12.12540
G01 X-47.80202 Y12.12550
G01 X-47.81469 Y12.12609
G01 X-47.81721 Y12.12631
G01 X-47.85335 Y12.12987
G01 X-47.85388 Y12.12995
G01 X-47.86437 Y12.13109
G01 X-47.86570 Y12.13132
G01 X-47.86585 Y12.13023
G01 X-47.86570 Y12.13132
G01 X-47.88147 Y12.13343
G01 X-47.88868 Y12.13503
G01 X-47.91070 Y12.14148
G01 X-47.91180 Y12.14181
G01 X-47.95851 Y12.15657
G01 X-47.96069 Y12.15733
G01 X-48.00433 Y12.17343
G01 X-48.00463 Y12.17272
G01 X-48.00433 Y12.17343
G01 X-48.01192 Y12.17699
G01 X-48.05693 Y12.20284
G01 X-48.05876 Y12.20396
G01 X-48.09503 Y12.22692
G01 X-48.09684 Y12.22814
G01 X-48.10115 Y12.23114
G01 X-48.14035 Y12.25568
G01 X-48.14444 Y12.25804
G01 X-48.17530 Y12.26528
G01 X-48.22686 Y12.27447
G01 X-48.38703 Y12.29400
G01 X-48.40722 Y12.29601
G01 X-48.41515 Y12.29662
G01 X-48.42206 Y12.29660
G01 X-48.44342 Y12.29599
G01 X-48.74725 Y12.28080
G01 X-48.81606 Y12.27236
G01 X-48.88368 Y12.25916
G01 X-48.89633 Y12.25657
G01 X-48.91096 Y12.25316
G01 X-49.01230 Y12.21786
G01 X-49.04052 Y12.16535
G01 X-49.08591 Y12.05044
G01 X-49.08388 Y12.03391
G01 X-49.07357 Y11.96523
G01 X-49.05028 Y11.87163
G01 X-49.04301 Y11.85118
G01 X-49.03473 Y11.82959
G01 X-48.90270 Y11.50897
G01 X-48.90181 Y11.50661
G01 X-48.89628 Y11.49106
G01 X-48.89582 Y11.48969
G01 X-48.88449 Y11.45459
G01 X-48.88393 Y11.45273
G01 X-48.87989 Y11.43828
G01 X-48.87850 Y11.43165
G01 X-48.87639 Y11.41633
G01 X-48.87593 Y11.41115
G01 X-48.87476 Y11.37679
G01 X-48.87471 Y11.37503
G01 X-48.87471 Y9.67504
G01 X-48.87469 Y9.67331
G01 X-48.87593 Y9.63889
G01 X-48.87636 Y9.63379
G01 X-48.87839 Y9.61911
G01 X-48.87941 Y9.61380
G01 X-48.87837 Y9.61357
G01 X-48.87941 Y9.61380
G01 X-48.88101 Y9.60867
G01 X-48.90727 Y9.53724
G01 X-48.91027 Y9.53064
G01 X-48.91418 Y9.52454
G01 X-48.91332 Y9.52406
G01 X-48.91418 Y9.52454
G01 X-48.95708 Y9.46721
G01 X-48.96176 Y9.46180
G01 X-48.96110 Y9.46114
G01 X-48.96176 Y9.46180
G01 X-48.96717 Y9.45713
G01 X-49.02447 Y9.41423
G01 X-49.02383 Y9.41306
G01 X-49.02447 Y9.41423
G01 X-49.03057 Y9.41032
G01 X-49.03717 Y9.40735
G01 X-49.10867 Y9.38103
G01 X-49.11380 Y9.37946
G01 X-49.11911 Y9.37844
G01 X-49.13377 Y9.37641
G01 X-49.13887 Y9.37598
G01 X-49.13864 Y9.37468
G01 X-49.13887 Y9.37598
G01 X-49.17326 Y9.37481
G01 X-49.17496 Y9.37476
G01 X-50.87496 Y9.37476
G01 X-50.87669 Y9.37481
G01 X-50.91105 Y9.37598
G01 X-50.91616 Y9.37641
G01 X-50.93089 Y9.37844
G01 X-50.93617 Y9.37946
G01 X-50.94131 Y9.38106
G01 X-51.01281 Y9.40735
G01 X-51.01941 Y9.41034
G01 X-51.02551 Y9.41425
G01 X-51.08281 Y9.45713
G01 X-51.08819 Y9.46180
G01 X-51.08888 Y9.46112
G01 X-51.08819 Y9.46180
G01 X-51.09287 Y9.46719
G01 X-51.13574 Y9.52449
G01 X-51.13694 Y9.52386
G01 X-51.13574 Y9.52449
G01 X-51.13965 Y9.53059
G01 X-51.14265 Y9.53719
G01 X-51.16894 Y9.60869
G01 X-51.17054 Y9.61382
G01 X-51.17156 Y9.61911
G01 X-51.17359 Y9.63384
G01 X-51.17402 Y9.63894
G01 X-51.17532 Y9.63874
G01 X-51.17402 Y9.63894
G01 X-51.17519 Y9.67331
G01 X-51.17524 Y9.67504
G01 X-51.17521 Y11.34854
G01 X-51.17554 Y11.36632
G01 X-51.17600 Y11.38001
G01 X-51.17593 Y11.38468
G01 X-51.17659 Y11.38479
G01 X-51.17593 Y11.38468
G01 X-51.17450 Y11.40755
G01 X-51.17443 Y11.40874
G01 X-51.17402 Y11.41346
G01 X-51.17366 Y11.41651
G01 X-51.17148 Y11.43142
G01 X-51.16985 Y11.43866
G01 X-51.16477 Y11.45545
G01 X-51.16450 Y11.45629
G01 X-51.16018 Y11.46967
G01 X-51.15997 Y11.47033
G01 X-51.15566 Y11.48314
G01 X-51.15543 Y11.48380
G01 X-51.15314 Y11.49025
G01 X-51.14631 Y11.51092
G01 X-51.14656 Y11.51100
G01 X-51.14631 Y11.51092
G01 X-51.14506 Y11.51423
G01 X-51.01100 Y11.83983
G01 X-50.98929 Y11.90556
G01 X-50.97290 Y11.97031
G01 X-50.95969 Y12.05222
G01 X-50.97689 Y12.10130
G01 X-51.00247 Y12.16281
G01 X-51.03391 Y12.22482
G01 X-51.08382 Y12.24277
G01 X-51.13902 Y12.25898
G01 X-51.13940 Y12.25903
G01 X-51.16419 Y12.26650
G01 X-51.20498 Y12.27696
G01 X-51.20900 Y12.27780
G01 X-51.21143 Y12.27838
G01 X-51.25957 Y12.29108
G01 X-51.26193 Y12.29180
G01 X-51.30864 Y12.30663
G01 X-51.31082 Y12.30739
G01 X-51.31095 Y12.30709
G01 X-51.31082 Y12.30739
G01 X-51.35431 Y12.32342
G01 X-51.36190 Y12.32697
G01 X-51.40681 Y12.35278
G01 X-51.40894 Y12.35408
G01 X-51.45045 Y12.38072
G01 X-51.45248 Y12.38212
G01 X-51.46503 Y12.39106
G01 X-51.46955 Y12.39472
G01 X-51.49449 Y12.41732
G01 X-51.49627 Y12.41900
G01 X-51.53104 Y12.45380
G01 X-51.53274 Y12.45557
G01 X-51.55532 Y12.48049
G01 X-51.55621 Y12.47976
G01 X-51.55532 Y12.48049
G01 X-51.55898 Y12.48501
G01 X-51.56795 Y12.49761
G01 X-51.56932 Y12.49962
G01 X-51.59584 Y12.54094
G01 X-51.59713 Y12.54303
G01 X-51.62302 Y12.58806
G01 X-51.62660 Y12.59568
G01 X-51.62721 Y12.59540
G01 X-51.62660 Y12.59568
G01 X-51.64270 Y12.63932
G01 X-51.64344 Y12.64150
G01 X-51.65827 Y12.68824
G01 X-51.65860 Y12.68933
G01 X-51.66503 Y12.71128
G01 X-51.66556 Y12.71115
G01 X-51.66503 Y12.71128
G01 X-51.66663 Y12.71900
G01 X-51.66998 Y12.74534
G01 X-51.67011 Y12.74663
G01 X-51.67377 Y12.78288
G01 X-51.67394 Y12.78539
G01 X-51.67455 Y12.79804
G01 X-51.67460 Y12.79924
G01 X-51.67521 Y12.82380
G01 X-51.67524 Y12.82502
G01 X-51.67524 Y13.82504
G01 X-51.67521 Y13.82631
G01 X-51.67460 Y13.85082
G01 X-51.67455 Y13.85207
G01 X-51.67394 Y13.86472
G01 X-51.67374 Y13.86723
G01 X-51.67011 Y13.90345
G01 X-51.66998 Y13.90475
G01 X-51.66663 Y13.93106
G01 X-51.66500 Y13.93881
G01 X-51.66556 Y13.93896
G01 X-51.66500 Y13.93881
G01 X-51.65858 Y13.96075
G01 X-51.65825 Y13.96187
G01 X-51.64344 Y14.00856
G01 X-51.64268 Y14.01077
G01 X-51.62657 Y14.05438
G01 X-51.62741 Y14.05478
G01 X-51.62657 Y14.05438
G01 X-51.62302 Y14.06197
G01 X-51.59716 Y14.10698
G01 X-51.59589 Y14.10909
G01 X-51.56932 Y14.15044
G01 X-51.56795 Y14.15247
G01 X-51.55896 Y14.16507
G01 X-51.55532 Y14.16959
G01 X-51.53274 Y14.19451
G01 X-51.53104 Y14.19629
G01 X-51.53150 Y14.19669
G01 X-51.53104 Y14.19629
G01 X-51.49627 Y14.23109
G01 X-51.49449 Y14.23276
G01 X-51.46955 Y14.25537
G01 X-51.46503 Y14.25900
G01 X-51.46536 Y14.25941
G01 X-51.46503 Y14.25900
G01 X-51.45248 Y14.26797
G01 X-51.45045 Y14.26934
G01 X-51.40894 Y14.29601
G01 X-51.40681 Y14.29728
G01 X-51.36190 Y14.32308
G01 X-51.36236 Y14.32413
G01 X-51.36190 Y14.32308
G01 X-51.35433 Y14.32664
G01 X-51.31072 Y14.34272
G01 X-51.30851 Y14.34348
G01 X-51.26180 Y14.35831
G01 X-51.26074 Y14.35864
G01 X-51.23874 Y14.36507
G01 X-51.23099 Y14.36667
G01 X-51.20468 Y14.37005
G01 X-51.20338 Y14.37020
G01 X-51.16716 Y14.37381
G01 X-51.16726 Y14.37462
G01 X-51.16716 Y14.37381
G01 X-51.16462 Y14.37399
G01 X-51.15202 Y14.37460
G01 X-51.15078 Y14.37465
G01 X-51.12622 Y14.37526
G01 X-51.12497 Y14.37528
G01 X-48.92495 Y14.37528
G01 X-48.92373 Y14.37526
G01 X-48.89917 Y14.37465
G01 X-48.89793 Y14.37460
G01 X-48.88530 Y14.37399
G01 X-48.88276 Y14.37381
G01 X-48.84657 Y14.37020
G01 X-48.84644 Y14.37119
G01 X-48.84657 Y14.37020
G01 X-48.84527 Y14.37005
G01 X-48.81896 Y14.36667
G01 X-48.81124 Y14.36507
G01 X-48.78921 Y14.35864
G01 X-48.78815 Y14.35831
G01 X-48.74144 Y14.34348
G01 X-48.73923 Y14.34272
G01 X-48.69562 Y14.32664
G01 X-48.68805 Y14.32308
G01 X-48.68759 Y14.32405
G01 X-48.68805 Y14.32308
G01 X-48.64314 Y14.29728
G01 X-48.64101 Y14.29601
G01 X-48.59950 Y14.26934
G01 X-48.59747 Y14.26797
G01 X-48.58492 Y14.25900
G01 X-48.58040 Y14.25537
G01 X-48.57672 Y14.25207
G01 X-48.55650 Y14.23474
G01 X-48.54075 Y14.22199
G01 X-48.53966 Y14.22108
G01 X-48.51835 Y14.20284
G01 X-48.51096 Y14.19888
G01 X-48.46849 Y14.17871
G01 X-48.23913 Y14.08341
G01 X-48.17349 Y14.06154
G01 X-48.10692 Y14.04450
G01 X-48.09511 Y14.04178
G01 X-48.05274 Y14.05732
G01 X-48.04527 Y14.06017
G01 X-48.02869 Y14.06662
G01 X-48.01236 Y14.07325
G01 X-47.99800 Y14.07929
G01 X-47.99554 Y14.08023
G01 X-47.96029 Y14.09293
G01 X-47.95851 Y14.09349
G01 X-47.91180 Y14.10830
G01 X-47.91070 Y14.10863
G01 X-47.88871 Y14.11508
G01 X-47.88891 Y14.11605
G01 X-47.88871 Y14.11508
G01 X-47.88099 Y14.11668
G01 X-47.85467 Y14.12004
G01 X-47.85338 Y14.12021
G01 X-47.81716 Y14.12382
G01 X-47.81462 Y14.12400
G01 X-47.80202 Y14.12461
G01 X-47.80077 Y14.12466
G01 X-47.77621 Y14.12527
G01 X-47.77499 Y14.12529
G01 X-47.62635 Y14.12527
G01 X-47.55805 Y14.13022
G01 X-47.49353 Y14.13944
G01 X-47.33748 Y14.18631
G01 X-47.27883 Y14.21308
G01 X-47.29404 Y14.33365
G01 X-47.29430 Y14.33609
G01 X-47.29849 Y14.39095
G01 X-47.29862 Y14.39347
G01 X-47.30004 Y14.44823
G01 X-47.30006 Y14.44889
G01 X-47.30022 Y14.46187
G01 X-47.30024 Y14.46253
G01 X-47.30024 Y15.83753
G01 X-47.30019 Y15.83924
G01 X-47.29902 Y15.87360
G01 X-47.29859 Y15.87873
G01 X-47.29983 Y15.87891
G01 X-47.29859 Y15.87873
G01 X-47.29653 Y15.89352
G01 X-47.29506 Y15.90047
G01 X-47.29412 Y15.90375
G01 X-47.29293 Y15.90738
G01 X-47.26760 Y15.97551
G01 X-47.26463 Y15.98201
G01 X-47.26582 Y15.98262
G01 X-47.26463 Y15.98201
G01 X-47.26077 Y15.98803
G01 X-47.21787 Y16.04536
G01 X-47.21319 Y16.05074
G01 X-47.21391 Y16.05148
G01 X-47.21319 Y16.05074
G01 X-47.20778 Y16.05541
G01 X-47.15046 Y16.09832
G01 X-47.14436 Y16.10223
G01 X-47.14487 Y16.10314
G01 X-47.14436 Y16.10223
G01 X-47.13776 Y16.10522
G01 X-47.06636 Y16.13149
G01 X-47.06123 Y16.13306
G01 X-47.06151 Y16.13461
G01 X-47.06123 Y16.13306
G01 X-47.05592 Y16.13410
G01 X-47.04119 Y16.13614
G01 X-47.03608 Y16.13657
G01 X-47.00169 Y16.13774
G01 X-46.99999 Y16.13779
G01 X-45.84998 Y16.13779
G01 X-45.84825 Y16.13774
G01 X-45.81383 Y16.13657
G01 X-45.80873 Y16.13614
G01 X-45.79407 Y16.13410
G01 X-45.78876 Y16.13309
G01 X-45.78363 Y16.13149
G01 X-45.71218 Y16.10522
G01 X-45.70558 Y16.10223
G01 X-45.69948 Y16.09832
G01 X-45.64215 Y16.05541
G01 X-45.63674 Y16.05074
G01 X-45.63207 Y16.04533
G01 X-45.63138 Y16.04602
G01 X-45.63207 Y16.04533
G01 X-45.58917 Y15.98803
G01 X-45.58526 Y15.98193
G01 X-45.58442 Y15.98239
G01 X-45.58526 Y15.98193
G01 X-45.58229 Y15.97533
G01 X-45.55600 Y15.90388
G01 X-45.55468 Y15.90413
G01 X-45.55600 Y15.90388
G01 X-45.55442 Y15.89872
G01 X-45.55338 Y15.89344
G01 X-45.55137 Y15.87881
G01 X-45.55094 Y15.87370
G01 X-45.54975 Y15.83924
G01 X-45.54972 Y15.83753
G01 X-45.54972 Y15.63256
G01 X-45.54480 Y15.56423
G01 X-45.53652 Y15.50667
G01 X-45.49234 Y15.44107
G01 X-45.48229 Y15.42872
G01 X-45.47086 Y15.41518
G01 X-45.04632 Y14.93144
G01 X-44.99720 Y14.88298
G01 X-44.94680 Y14.83977
G01 X-44.84663 Y14.77200
G01 X-44.81160 Y14.75631
G01 X-44.80055 Y14.75176
G01 X-44.79964 Y14.75143
G01 X-44.77391 Y14.74023
G01 X-44.77302 Y14.73985
G01 X-44.74754 Y14.72821
G01 X-44.74117 Y14.72529
G01 X-44.69524 Y14.70609
G01 X-44.62808 Y14.68049
G01 X-44.61627 Y14.67637
G01 X-44.59771 Y14.72037
G01 X-44.59722 Y14.72143
G01 X-44.57949 Y14.76078
G01 X-44.57899 Y14.76192
G01 X-44.56202 Y14.79725
G01 X-44.55488 Y14.81254
G01 X-44.56006 Y14.80147
G01 X-44.60002 Y14.77538
G01 X-44.65054 Y14.74902
G01 X-44.70512 Y14.73256
G01 X-44.74754 Y14.72821
G01 X-44.70512 Y14.73256
G01 X-44.65054 Y14.74902
G01 X-44.60002 Y14.77538
G01 X-44.56006 Y14.80147
G01 X-44.55488 Y14.81254
G01 X-44.54099 Y14.84330
G01 X-44.50063 Y14.96438
G01 X-44.48663 Y15.02969
G01 X-44.47601 Y15.11506
G01 X-44.47551 Y15.12964
G01 X-44.47523 Y15.14549
G01 X-44.47523 Y15.82504
G01 X-44.47520 Y15.82626
G01 X-44.47459 Y15.85097
G01 X-44.47457 Y15.85219
G01 X-44.47393 Y15.86471
G01 X-44.47467 Y15.86479
G01 X-44.47393 Y15.86471
G01 X-44.47375 Y15.86723
G01 X-44.47010 Y15.90355
G01 X-44.46994 Y15.90484
G01 X-44.46662 Y15.93103
G01 X-44.46502 Y15.93878
G01 X-44.45859 Y15.96072
G01 X-44.45826 Y15.96182
G01 X-44.44343 Y16.00855
G01 X-44.44269 Y16.01074
G01 X-44.42659 Y16.05437
G01 X-44.42765 Y16.05481
G01 X-44.42659 Y16.05437
G01 X-44.42303 Y16.06197
G01 X-44.39720 Y16.10693
G01 X-44.39590 Y16.10903
G01 X-44.36933 Y16.15041
G01 X-44.36796 Y16.15244
G01 X-44.35897 Y16.16504
G01 X-44.35950 Y16.16547
G01 X-44.35897 Y16.16504
G01 X-44.35531 Y16.16959
G01 X-44.33276 Y16.19448
G01 X-44.33106 Y16.19626
G01 X-44.29621 Y16.23111
G01 X-44.29443 Y16.23281
G01 X-44.26954 Y16.25536
G01 X-44.26994 Y16.25587
G01 X-44.26954 Y16.25536
G01 X-44.26499 Y16.25902
G01 X-44.25239 Y16.26801
G01 X-44.25036 Y16.26938
G01 X-44.20898 Y16.29595
G01 X-44.20688 Y16.29725
G01 X-44.16192 Y16.32308
G01 X-44.16217 Y16.32364
G01 X-44.16192 Y16.32308
G01 X-44.15430 Y16.32664
G01 X-44.11069 Y16.34274
G01 X-44.10850 Y16.34348
G01 X-44.06177 Y16.35831
G01 X-44.06189 Y16.35887
G01 X-44.06177 Y16.35831
G01 X-44.06067 Y16.35864
G01 X-44.03873 Y16.36507
G01 X-44.03101 Y16.36667
G01 X-44.00479 Y16.36999
G01 X-44.00350 Y16.37015
G01 X-43.96718 Y16.37380
G01 X-43.96466 Y16.37398
G01 X-43.95214 Y16.37462
G01 X-43.95092 Y16.37464
G01 X-43.92621 Y16.37525
G01 X-43.92499 Y16.37528
G01 X-41.72499 Y16.37528
G01 X-41.72375 Y16.37525
G01 X-41.69903 Y16.37464
G01 X-41.69781 Y16.37462
G01 X-41.68529 Y16.37398
G01 X-41.68278 Y16.37380
G01 X-41.68268 Y16.37457
G01 X-41.68278 Y16.37380
G01 X-41.64645 Y16.37015
G01 X-41.64516 Y16.36999
G01 X-41.61895 Y16.36667
G01 X-41.61120 Y16.36507
G01 X-41.58928 Y16.35864
G01 X-41.58819 Y16.35831
G01 X-41.54145 Y16.34350
G01 X-41.53927 Y16.34274
G01 X-41.49563 Y16.32664
G01 X-41.49507 Y16.32791
G01 X-41.49563 Y16.32664
G01 X-41.48803 Y16.32308
G01 X-41.44308 Y16.29725
G01 X-41.44097 Y16.29598
G01 X-41.39959 Y16.26938
G01 X-41.39756 Y16.26801
G01 X-41.38491 Y16.25897
G01 X-41.38039 Y16.25534
G01 X-41.37663 Y16.25193
G01 X-41.35656 Y16.23479
G01 X-41.34079 Y16.22204
G01 X-41.33970 Y16.22112
G01 X-41.31836 Y16.20281
G01 X-41.31117 Y16.19898
G01 X-41.26832 Y16.17863
G01 X-41.03912 Y16.08341
G01 X-40.97351 Y16.06154
G01 X-40.90770 Y16.04465
G01 X-40.89510 Y16.04177
G01 X-40.85281 Y16.05729
G01 X-40.84529 Y16.06011
G01 X-40.82941 Y16.06629
G01 X-40.81351 Y16.07276
G01 X-40.80945 Y16.07452
G01 X-40.80752 Y16.07530
G01 X-40.76850 Y16.09016
G01 X-40.76617 Y16.09097
G01 X-40.75885 Y16.09336
G01 X-40.75850 Y16.09349
G01 X-40.71176 Y16.10832
G01 X-40.71067 Y16.10865
G01 X-40.68870 Y16.11508
G01 X-40.68098 Y16.11668
G01 X-40.68118 Y16.11775
G01 X-40.68098 Y16.11668
G01 X-40.65466 Y16.12003
G01 X-40.65337 Y16.12016
G01 X-40.61715 Y16.12382
G01 X-40.61461 Y16.12399
G01 X-40.60201 Y16.12460
G01 X-40.60076 Y16.12466
G01 X-40.57620 Y16.12526
G01 X-40.57496 Y16.12529
G01 X-40.42609 Y16.12529
G01 X-40.35776 Y16.13022
G01 X-40.29340 Y16.13946
G01 X-40.13757 Y16.18625
G01 X-40.07884 Y16.21307
G01 X-40.09403 Y16.33365
G01 X-40.09429 Y16.33608
G01 X-40.09848 Y16.39095
G01 X-40.09860 Y16.39346
G01 X-40.10003 Y16.44823
G01 X-40.10005 Y16.44889
G01 X-40.10020 Y16.46187
G01 X-40.10023 Y16.46250
G01 X-40.10023 Y17.83750
G01 X-40.10018 Y17.83923
G01 X-40.09901 Y17.87367
G01 X-40.09855 Y17.87878
G01 X-40.09655 Y17.89346
G01 X-40.09802 Y17.89371
G01 X-40.09655 Y17.89346
G01 X-40.09507 Y17.90045
G01 X-40.09411 Y17.90372
G01 X-40.09294 Y17.90733
G01 X-40.06759 Y17.97548
G01 X-40.06464 Y17.98200
G01 X-40.06561 Y17.98254
G01 X-40.06464 Y17.98200
G01 X-40.06076 Y17.98802
G01 X-40.01786 Y18.04535
G01 X-40.01318 Y18.05074
G01 X-40.01392 Y18.05147
G01 X-40.01318 Y18.05074
G01 X-40.00780 Y18.05541
G01 X-39.95047 Y18.09831
G01 X-39.94438 Y18.10222
G01 X-39.94488 Y18.10314
G01 X-39.94438 Y18.10222
G01 X-39.93777 Y18.10522
G01 X-39.86635 Y18.13148
G01 X-39.86122 Y18.13306
G01 X-39.86150 Y18.13461
G01 X-39.86122 Y18.13306
G01 X-39.85591 Y18.13410
G01 X-39.84120 Y18.13611
G01 X-39.83610 Y18.13656
G01 X-39.80168 Y18.13773
G01 X-39.79998 Y18.13778
G01 X-38.64997 Y18.13778
G01 X-38.64826 Y18.13773
G01 X-38.61385 Y18.13656
G01 X-38.60874 Y18.13611
G01 X-38.59404 Y18.13410
G01 X-38.58873 Y18.13306
G01 X-38.58360 Y18.13148
G01 X-38.51217 Y18.10522
G01 X-38.50557 Y18.10222
G01 X-38.49947 Y18.09831
G01 X-38.44214 Y18.05541
G01 X-38.43676 Y18.05074
G01 X-38.43208 Y18.04535
G01 X-38.43140 Y18.04601
G01 X-38.43208 Y18.04535
G01 X-38.38918 Y17.98802
G01 X-38.38527 Y17.98193
G01 X-38.38441 Y17.98239
G01 X-38.38527 Y17.98193
G01 X-38.38228 Y17.97532
G01 X-38.35601 Y17.90395
G01 X-38.35469 Y17.90420
G01 X-38.35601 Y17.90395
G01 X-38.35444 Y17.89879
G01 X-38.35342 Y17.89351
G01 X-38.35136 Y17.87873
G01 X-38.35093 Y17.87360
G01 X-38.34976 Y17.83923
G01 X-38.34971 Y17.83750
G01 X-38.34971 Y17.63255
G01 X-38.34479 Y17.56423
G01 X-38.33650 Y17.50667
G01 X-38.29241 Y17.44116
G01 X-38.28238 Y17.42882
G01 X-38.27082 Y17.41513
G01 X-37.84636 Y16.93144
G01 X-37.79701 Y16.88272
G01 X-37.74677 Y16.83972
G01 X-37.64662 Y16.77200
G01 X-37.61172 Y16.75635
G01 X-37.60051 Y16.75176
G01 X-37.59960 Y16.75137
G01 X-37.57387 Y16.74020
G01 X-37.57298 Y16.73982
G01 X-37.54154 Y16.72542
G01 X-37.49523 Y16.70606
G01 X-37.42805 Y16.68048
G01 X-37.41626 Y16.67634
G01 X-37.39770 Y16.72036
G01 X-37.39721 Y16.72145
G01 X-37.37941 Y16.76100
G01 X-37.37890 Y16.76209
G01 X-37.36224 Y16.79679
G01 X-37.36008 Y16.80139
G01 X-37.40008 Y16.77535
G01 X-37.45058 Y16.74894
G01 X-37.50514 Y16.73253
G01 X-37.54761 Y16.72821
G01 X-37.57298 Y16.73982
G01 X-37.54761 Y16.72821
G01 X-37.50514 Y16.73253
G01 X-37.45058 Y16.74894
G01 X-37.40008 Y16.77535
G01 X-37.36008 Y16.80139
G01 X-37.35472 Y16.81292
G01 X-37.34098 Y16.84327
G01 X-37.30059 Y16.96451
G01 X-37.28667 Y17.02945
G01 X-37.27598 Y17.11561
G01 X-37.27550 Y17.12989
G01 X-37.27522 Y17.14551
G01 X-37.27524 Y17.82501
G01 X-37.27522 Y17.82625
G01 X-37.27461 Y17.85081
G01 X-37.27456 Y17.85206
G01 X-37.27395 Y17.86466
G01 X-37.27468 Y17.86476
G01 X-37.27395 Y17.86466
G01 X-37.27377 Y17.86720
G01 X-37.27011 Y17.90342
G01 X-37.26998 Y17.90471
G01 X-37.26663 Y17.93105
G01 X-37.26501 Y17.93877
G01 X-37.25860 Y17.96072
G01 X-37.25827 Y17.96181
G01 X-37.24344 Y18.00855
G01 X-37.24270 Y18.01073
G01 X-37.22660 Y18.05437
G01 X-37.22767 Y18.05480
G01 X-37.22660 Y18.05437
G01 X-37.22304 Y18.06196
G01 X-37.19714 Y18.10702
G01 X-37.19584 Y18.10913
G01 X-37.16932 Y18.15043
G01 X-37.16795 Y18.15244
G01 X-37.15899 Y18.16504
G01 X-37.15952 Y18.16544
G01 X-37.15899 Y18.16504
G01 X-37.15533 Y18.16956
G01 X-37.13275 Y18.19448
G01 X-37.13105 Y18.19625
G01 X-37.09627 Y18.23105
G01 X-37.09450 Y18.23273
G01 X-37.06953 Y18.25536
G01 X-37.06993 Y18.25587
G01 X-37.06953 Y18.25536
G01 X-37.06501 Y18.25902
G01 X-37.05248 Y18.26796
G01 X-37.05045 Y18.26933
G01 X-37.00905 Y18.29592
G01 X-37.00694 Y18.29719
G01 X-36.96193 Y18.32308
G01 X-36.96221 Y18.32363
G01 X-36.96193 Y18.32308
G01 X-36.95431 Y18.32663
G01 X-36.91070 Y18.34274
G01 X-36.90852 Y18.34350
G01 X-36.86181 Y18.35831
G01 X-36.86193 Y18.35886
G01 X-36.86181 Y18.35831
G01 X-36.86071 Y18.35864
G01 X-36.83874 Y18.36506
G01 X-36.83100 Y18.36669
G01 X-36.80466 Y18.37002
G01 X-36.80336 Y18.37017
G01 X-36.76717 Y18.37380
G01 X-36.76463 Y18.37398
G01 X-36.75198 Y18.37461
G01 X-36.75076 Y18.37466
G01 X-36.72620 Y18.37525
G01 X-36.72498 Y18.37527
G01 X-34.52498 Y18.37527
G01 X-34.52374 Y18.37525
G01 X-34.49917 Y18.37466
G01 X-34.49793 Y18.37461
G01 X-34.48531 Y18.37398
G01 X-34.48277 Y18.37380
G01 X-34.48266 Y18.37456
G01 X-34.48277 Y18.37380
G01 X-34.44660 Y18.37017
G01 X-34.44528 Y18.37002
G01 X-34.41896 Y18.36669
G01 X-34.41121 Y18.36506
G01 X-34.38924 Y18.35864
G01 X-34.38815 Y18.35831
G01 X-34.34144 Y18.34350
G01 X-34.33926 Y18.34274
G01 X-34.29562 Y18.32663
G01 X-34.29496 Y18.32811
G01 X-34.29562 Y18.32663
G01 X-34.28802 Y18.32308
G01 X-34.24302 Y18.29722
G01 X-34.24091 Y18.29592
G01 X-34.19950 Y18.26933
G01 X-34.19747 Y18.26796
G01 X-34.18493 Y18.25899
G01 X-34.18040 Y18.25536
G01 X-34.17713 Y18.25236
G01 X-34.15650 Y18.23471
G01 X-34.14075 Y18.22198
G01 X-34.13966 Y18.22107
G01 X-34.11838 Y18.20283
G01 X-34.11066 Y18.19869
G01 X-34.06849 Y18.17870
G01 X-33.83938 Y18.08350
G01 X-33.77375 Y18.06158
G01 X-33.70766 Y18.04464
G01 X-33.69509 Y18.04177
G01 X-33.65274 Y18.05732
G01 X-33.64490 Y18.06029
G01 X-33.62902 Y18.06643
G01 X-33.61307 Y18.07296
G01 X-33.60939 Y18.07454
G01 X-33.60746 Y18.07532
G01 X-33.56842 Y18.09021
G01 X-33.56577 Y18.09112
G01 X-33.51185 Y18.10829
G01 X-33.51071 Y18.10865
G01 X-33.48874 Y18.11508
G01 X-33.48099 Y18.11668
G01 X-33.48119 Y18.11777
G01 X-33.48099 Y18.11668
G01 X-33.45468 Y18.12003
G01 X-33.45338 Y18.12018
G01 X-33.41719 Y18.12381
G01 X-33.41464 Y18.12399
G01 X-33.40202 Y18.12460
G01 X-33.40078 Y18.12465
G01 X-33.37621 Y18.12526
G01 X-33.37500 Y18.12529
G01 X-33.22608 Y18.12529
G01 X-33.15772 Y18.13021
G01 X-33.09349 Y18.13946
G01 X-32.93748 Y18.18630
G01 X-32.87883 Y18.21307
G01 X-32.89405 Y18.33364
G01 X-32.89430 Y18.33608
G01 X-32.89849 Y18.39094
G01 X-32.89862 Y18.39346
G01 X-32.90004 Y18.44822
G01 X-32.90007 Y18.44888
G01 X-32.90022 Y18.46189
G01 X-32.90024 Y18.46255
G01 X-32.90022 Y19.83753
G01 X-32.90019 Y19.83923
G01 X-32.89900 Y19.87367
G01 X-32.89857 Y19.87878
G01 X-32.89654 Y19.89346
G01 X-32.89801 Y19.89371
G01 X-32.89654 Y19.89346
G01 X-32.89506 Y19.90044
G01 X-32.89412 Y19.90372
G01 X-32.89293 Y19.90732
G01 X-32.86761 Y19.97550
G01 X-32.86463 Y19.98200
G01 X-32.86560 Y19.98253
G01 X-32.86463 Y19.98200
G01 X-32.86075 Y19.98805
G01 X-32.81785 Y20.04535
G01 X-32.81317 Y20.05073
G01 X-32.81391 Y20.05147
G01 X-32.81317 Y20.05073
G01 X-32.80779 Y20.05541
G01 X-32.75046 Y20.09831
G01 X-32.74436 Y20.10222
G01 X-32.74487 Y20.10313
G01 X-32.74436 Y20.10222
G01 X-32.73776 Y20.10522
G01 X-32.66634 Y20.13148
G01 X-32.66120 Y20.13308
G01 X-32.66148 Y20.13460
G01 X-32.66120 Y20.13308
G01 X-32.65590 Y20.13410
G01 X-32.64119 Y20.13613
G01 X-32.63608 Y20.13656
G01 X-32.60169 Y20.13773
G01 X-32.59999 Y20.13778
G01 X-31.44998 Y20.13778
G01 X-31.44825 Y20.13773
G01 X-31.41384 Y20.13656
G01 X-31.40873 Y20.13613
G01 X-31.39402 Y20.13410
G01 X-31.38874 Y20.13308
G01 X-31.38361 Y20.13148
G01 X-31.31216 Y20.10522
G01 X-31.30556 Y20.10222
G01 X-31.29946 Y20.09831
G01 X-31.24216 Y20.05541
G01 X-31.23677 Y20.05076
G01 X-31.23210 Y20.04535
G01 X-31.23141 Y20.04603
G01 X-31.23210 Y20.04535
G01 X-31.18917 Y19.98802
G01 X-31.18526 Y19.98192
G01 X-31.18442 Y19.98238
G01 X-31.18526 Y19.98192
G01 X-31.18229 Y19.97532
G01 X-31.15600 Y19.90392
G01 X-31.15471 Y19.90418
G01 X-31.15600 Y19.90392
G01 X-31.15443 Y19.89877
G01 X-31.15341 Y19.89348
G01 X-31.15138 Y19.87875
G01 X-31.15095 Y19.87364
G01 X-31.14975 Y19.83923
G01 X-31.14973 Y19.83753
G01 X-31.14973 Y19.63252
G01 X-31.14480 Y19.56422
G01 X-31.13652 Y19.50669
G01 X-31.09227 Y19.44098
G01 X-31.08229 Y19.42871
G01 X-31.07045 Y19.41469
G01 X-30.64622 Y18.93128
G01 X-30.59695 Y18.88266
G01 X-30.54681 Y18.83979
G01 X-30.44655 Y18.77194
G01 X-30.41226 Y18.75658
G01 X-30.40050 Y18.75175
G01 X-30.39936 Y18.75127
G01 X-30.36708 Y18.73707
G01 X-30.36598 Y18.73656
G01 X-30.34803 Y18.72816
G01 X-30.34155 Y18.72511
G01 X-30.26746 Y18.69483
G01 X-30.21610 Y18.67669
G01 X-30.19763 Y18.72048
G01 X-30.19715 Y18.72158
G01 X-30.17942 Y18.76097
G01 X-30.17889 Y18.76209
G01 X-30.16217 Y18.79694
G01 X-30.16007 Y18.80141
G01 X-30.20000 Y18.77540
G01 X-30.25054 Y18.74893
G01 X-30.30518 Y18.73252
G01 X-30.34803 Y18.72816
G01 X-30.30518 Y18.73252
G01 X-30.25054 Y18.74893
G01 X-30.20000 Y18.77540
G01 X-30.16007 Y18.80141
G01 X-30.15471 Y18.81292
G01 X-30.14097 Y18.84327
G01 X-30.10055 Y18.96463
G01 X-30.08661 Y19.02968
G01 X-30.07599 Y19.11530
G01 X-30.07551 Y19.12958
G01 X-30.07521 Y19.14637
G01 X-30.07523 Y19.82500
G01 X-30.07521 Y19.82625
G01 X-30.07460 Y19.85081
G01 X-30.07454 Y19.85203
G01 X-30.07498 Y19.85208
G01 X-30.07454 Y19.85203
G01 X-30.07394 Y19.86470
G01 X-30.07373 Y19.86724
G01 X-30.07013 Y19.90341
G01 X-30.06997 Y19.90473
G01 X-30.06662 Y19.93105
G01 X-30.06502 Y19.93880
G01 X-30.05859 Y19.96077
G01 X-30.05826 Y19.96186
G01 X-30.04343 Y20.00857
G01 X-30.04267 Y20.01078
G01 X-30.02659 Y20.05437
G01 X-30.02303 Y20.06196
G01 X-29.99723 Y20.10687
G01 X-29.99766 Y20.10712
G01 X-29.99723 Y20.10687
G01 X-29.99593 Y20.10900
G01 X-29.96929 Y20.15050
G01 X-29.96792 Y20.15254
G01 X-29.95897 Y20.16506
G01 X-29.95532 Y20.16958
G01 X-29.93269 Y20.19455
G01 X-29.93101 Y20.19633
G01 X-29.93137 Y20.19666
G01 X-29.93101 Y20.19633
G01 X-29.89621 Y20.23110
G01 X-29.89443 Y20.23280
G01 X-29.86952 Y20.25538
G01 X-29.86500 Y20.25901
G01 X-29.85240 Y20.26800
G01 X-29.85039 Y20.26938
G01 X-29.85085 Y20.27004
G01 X-29.85039 Y20.26938
G01 X-29.80904 Y20.29592
G01 X-29.80693 Y20.29721
G01 X-29.76192 Y20.32307
G01 X-29.75430 Y20.32665
G01 X-29.71069 Y20.34273
G01 X-29.70851 Y20.34349
G01 X-29.66180 Y20.35830
G01 X-29.66070 Y20.35863
G01 X-29.63871 Y20.36508
G01 X-29.63098 Y20.36668
G01 X-29.60467 Y20.37004
G01 X-29.60338 Y20.37016
G01 X-29.56715 Y20.37382
G01 X-29.56461 Y20.37400
G01 X-29.55202 Y20.37461
G01 X-29.55077 Y20.37466
G01 X-29.52621 Y20.37527
G01 X-29.52499 Y20.37529
G01 X-27.32499 Y20.37529
G01 X-27.32375 Y20.37527
G01 X-27.29919 Y20.37466
G01 X-27.29794 Y20.37461
G01 X-27.28532 Y20.37400
G01 X-27.28278 Y20.37380
G01 X-27.28268 Y20.37456
G01 X-27.28278 Y20.37380
G01 X-27.24659 Y20.37016
G01 X-27.24529 Y20.37004
G01 X-27.21898 Y20.36668
G01 X-27.21125 Y20.36508
G01 X-27.18928 Y20.35866
G01 X-27.18819 Y20.35833
G01 X-27.14145 Y20.34349
G01 X-27.13927 Y20.34273
G01 X-27.09563 Y20.32663
G01 X-27.09495 Y20.32813
G01 X-27.09563 Y20.32663
G01 X-27.08801 Y20.32307
G01 X-27.04300 Y20.29719
G01 X-27.04090 Y20.29592
G01 X-26.99949 Y20.26933
G01 X-26.99746 Y20.26795
G01 X-26.98489 Y20.25896
G01 X-26.98039 Y20.25533
G01 X-26.97694 Y20.25221
G01 X-26.95685 Y20.23498
G01 X-26.94074 Y20.22198
G01 X-26.93965 Y20.22107
G01 X-26.91837 Y20.20283
G01 X-26.91095 Y20.19887
G01 X-26.86797 Y20.17850
G01 X-26.63912 Y20.08340
G01 X-26.57351 Y20.06153
G01 X-26.50770 Y20.04464
G01 X-26.49508 Y20.04177
G01 X-26.45311 Y20.05718
G01 X-26.44499 Y20.06026
G01 X-26.42876 Y20.06656
G01 X-26.41268 Y20.07311
G01 X-26.40935 Y20.07456
G01 X-26.40742 Y20.07535
G01 X-26.36848 Y20.09018
G01 X-26.36617 Y20.09099
G01 X-26.35886 Y20.09338
G01 X-26.35850 Y20.09348
G01 X-26.31176 Y20.10831
G01 X-26.31067 Y20.10865
G01 X-26.28873 Y20.11507
G01 X-26.28893 Y20.11604
G01 X-26.28873 Y20.11507
G01 X-26.28100 Y20.11667
G01 X-26.25466 Y20.12002
G01 X-26.25337 Y20.12018
G01 X-26.21717 Y20.12381
G01 X-26.21463 Y20.12399
G01 X-26.20201 Y20.12460
G01 X-26.20077 Y20.12465
G01 X-26.17620 Y20.12526
G01 X-26.17496 Y20.12528
G01 X-26.02634 Y20.12526
G01 X-25.95776 Y20.13021
G01 X-25.89353 Y20.13943
G01 X-25.73755 Y20.18624
G01 X-25.67885 Y20.21306
G01 X-25.69404 Y20.33364
G01 X-25.69429 Y20.33608
G01 X-25.69848 Y20.39094
G01 X-25.69861 Y20.39346
G01 X-25.70003 Y20.44822
G01 X-25.70006 Y20.44888
G01 X-25.70021 Y20.46188
G01 X-25.70023 Y20.46252
G01 X-25.70023 Y21.83755
G01 X-25.70018 Y21.83925
G01 X-25.69901 Y21.87367
G01 X-25.69858 Y21.87877
G01 X-25.69983 Y21.87897
G01 X-25.69858 Y21.87877
G01 X-25.69655 Y21.89345
G01 X-25.69510 Y21.90029
G01 X-25.69500 Y21.90067
G01 X-25.69383 Y21.90427
G01 X-25.66764 Y21.97534
G01 X-25.66467 Y21.98192
G01 X-25.66584 Y21.98256
G01 X-25.66467 Y21.98192
G01 X-25.66076 Y21.98802
G01 X-25.61786 Y22.04534
G01 X-25.61319 Y22.05075
G01 X-25.61390 Y22.05147
G01 X-25.61319 Y22.05075
G01 X-25.60778 Y22.05543
G01 X-25.55047 Y22.09833
G01 X-25.54438 Y22.10224
G01 X-25.54489 Y22.10315
G01 X-25.54438 Y22.10224
G01 X-25.53777 Y22.10521
G01 X-25.46638 Y22.13150
G01 X-25.46122 Y22.13308
G01 X-25.46150 Y22.13460
G01 X-25.46122 Y22.13308
G01 X-25.45594 Y22.13409
G01 X-25.44120 Y22.13612
G01 X-25.43610 Y22.13656
G01 X-25.40168 Y22.13775
G01 X-25.39998 Y22.13778
G01 X-24.24997 Y22.13778
G01 X-24.24827 Y22.13775
G01 X-24.21385 Y22.13656
G01 X-24.20875 Y22.13612
G01 X-24.19401 Y22.13409
G01 X-24.18873 Y22.13308
G01 X-24.18357 Y22.13150
G01 X-24.11217 Y22.10521
G01 X-24.10557 Y22.10224
G01 X-24.09947 Y22.09833
G01 X-24.04215 Y22.05540
G01 X-24.03676 Y22.05073
G01 X-24.03605 Y22.05144
G01 X-24.03676 Y22.05073
G01 X-24.03209 Y22.04534
G01 X-23.98919 Y21.98802
G01 X-23.98832 Y21.98850
G01 X-23.98919 Y21.98802
G01 X-23.98528 Y21.98192
G01 X-23.98228 Y21.97532
G01 X-23.95602 Y21.90389
G01 X-23.95441 Y21.89876
G01 X-23.95312 Y21.89904
G01 X-23.95441 Y21.89876
G01 X-23.95340 Y21.89345
G01 X-23.95137 Y21.87875
G01 X-23.95094 Y21.87364
G01 X-23.94977 Y21.83925
G01 X-23.94972 Y21.83755
G01 X-23.94972 Y21.63252
G01 X-23.94479 Y21.56422
G01 X-23.93651 Y21.50666
G01 X-23.89216 Y21.44085
G01 X-23.88230 Y21.42873
G01 X-23.87047 Y21.41471
G01 X-23.27260 Y20.73343
G01 X-23.27199 Y20.73272
G01 X-23.26778 Y20.72774
G01 X-23.25050 Y20.70859
G01 X-23.24189 Y20.69932
G01 X-23.22480 Y20.68136
G01 X-23.22439 Y20.68093
G01 X-23.21586 Y20.67176
G01 X-23.21545 Y20.67131
G01 X-23.18251 Y20.63496
G01 X-23.17938 Y20.63115
G01 X-23.15015 Y20.59173
G01 X-23.14873 Y20.58972
G01 X-23.12142 Y20.54885
G01 X-23.12071 Y20.54931
G01 X-23.12142 Y20.54885
G01 X-23.12010 Y20.54677
G01 X-23.09488 Y20.50468
G01 X-23.09257 Y20.50036
G01 X-23.07159 Y20.45599
G01 X-23.07118 Y20.45510
G01 X-23.06303 Y20.43691
G01 X-23.06206 Y20.43465
G01 X-23.05142 Y20.40740
G01 X-23.05089 Y20.40603
G01 X-23.03438 Y20.35985
G01 X-23.03387 Y20.36003
G01 X-23.03438 Y20.35985
G01 X-23.03295 Y20.35515
G01 X-23.02102 Y20.30753
G01 X-23.02048 Y20.30514
G01 X-23.01091 Y20.25696
G01 X-23.01047 Y20.25454
G01 X-23.00212 Y20.19803
G01 X-22.99496 Y20.16011
G01 X-22.98947 Y20.13615
G01 X-22.98756 Y20.12813
G01 X-22.97090 Y20.06026
G01 X-22.95526 Y20.01052
G01 X-22.88947 Y19.98264
G01 X-22.82582 Y19.96155
G01 X-22.74449 Y19.94207
G01 X-22.73361 Y19.94045
G01 X-22.71985 Y19.93857
G01 X-22.62986 Y19.92757
G01 X-22.62346 Y19.92714
G01 X-22.60644 Y19.92622
G01 X-22.58916 Y19.92559
G01 X-22.57174 Y19.92528
G01 X-21.69265 Y19.92528
G01 X-21.62409 Y19.93021
G01 X-21.56209 Y19.93915
G01 X-21.49714 Y19.98733
G01 X-21.47924 Y20.00341
G01 X-21.46090 Y20.02081
G01 X-20.70492 Y20.77682
G01 X-20.68831 Y20.79427
G01 X-20.67213 Y20.81217
G01 X-20.66631 Y20.81878
G01 X-20.66042 Y20.82744
G01 X-19.82755 Y22.09218
G01 X-19.79367 Y22.15268
G01 X-19.78539 Y22.17031
G01 X-19.78051 Y22.20293
G01 X-19.77525 Y22.26925
G01 X-19.77523 Y22.57501
G01 X-19.77520 Y22.57674
G01 X-19.77401 Y22.61115
G01 X-19.77357 Y22.61626
G01 X-19.77154 Y22.63097
G01 X-19.77294 Y22.63122
G01 X-19.77154 Y22.63097
G01 X-19.77053 Y22.63625
G01 X-19.76895 Y22.64141
G01 X-19.74264 Y22.71288
G01 X-19.73967 Y22.71949
G01 X-19.74073 Y22.72007
G01 X-19.73967 Y22.71949
G01 X-19.73575 Y22.72558
G01 X-19.69288 Y22.78286
G01 X-19.68821 Y22.78824
G01 X-19.68280 Y22.79292
G01 X-19.68348 Y22.79360
G01 X-19.68280 Y22.79292
G01 X-19.62547 Y22.83582
G01 X-19.61937 Y22.83973
G01 X-19.62001 Y22.84095
G01 X-19.61937 Y22.83973
G01 X-19.61277 Y22.84273
G01 X-19.54134 Y22.86899
G01 X-19.53619 Y22.87059
G01 X-19.53090 Y22.87161
G01 X-19.51620 Y22.87364
G01 X-19.51109 Y22.87407
G01 X-19.51127 Y22.87526
G01 X-19.51109 Y22.87407
G01 X-19.47670 Y22.87524
G01 X-19.47500 Y22.87529
G01 X-17.77498 Y22.87529
G01 X-17.77325 Y22.87524
G01 X-17.73886 Y22.87407
G01 X-17.73375 Y22.87364
G01 X-17.71905 Y22.87161
G01 X-17.71879 Y22.87308
G01 X-17.71905 Y22.87161
G01 X-17.71376 Y22.87059
G01 X-17.70861 Y22.86899
G01 X-17.63718 Y22.84273
G01 X-17.63058 Y22.83973
G01 X-17.63004 Y22.84069
G01 X-17.63058 Y22.83973
G01 X-17.62448 Y22.83582
G01 X-17.56715 Y22.79292
G01 X-17.56174 Y22.78824
G01 X-17.56103 Y22.78895
G01 X-17.56174 Y22.78824
G01 X-17.55707 Y22.78283
G01 X-17.51417 Y22.72553
G01 X-17.51026 Y22.71944
G01 X-17.50909 Y22.72004
G01 X-17.51026 Y22.71944
G01 X-17.50729 Y22.71283
G01 X-17.48100 Y22.64141
G01 X-17.47942 Y22.63625
G01 X-17.47841 Y22.63097
G01 X-17.47637 Y22.61629
G01 X-17.47513 Y22.61649
G01 X-17.47637 Y22.61629
G01 X-17.47594 Y22.61118
G01 X-17.47475 Y22.57674
G01 X-17.47472 Y22.57504
G01 X-17.47472 Y20.87501
G01 X-17.47475 Y20.87331
G01 X-17.47594 Y20.83890
G01 X-17.47637 Y20.83379
G01 X-17.47841 Y20.81906
G01 X-17.47942 Y20.81377
G01 X-17.48100 Y20.80862
G01 X-17.50729 Y20.73722
G01 X-17.51026 Y20.73062
G01 X-17.51417 Y20.72452
G01 X-17.55707 Y20.66722
G01 X-17.56174 Y20.66181
G01 X-17.56106 Y20.66112
G01 X-17.56174 Y20.66181
G01 X-17.56715 Y20.65713
G01 X-17.62446 Y20.61426
G01 X-17.62397 Y20.61339
G01 X-17.62446 Y20.61426
G01 X-17.62895 Y20.61123
G01 X-17.63375 Y20.60875
G01 X-17.63599 Y20.60773
G01 X-17.63952 Y20.60628
G01 X-17.70876 Y20.58101
G01 X-17.71386 Y20.57946
G01 X-17.71356 Y20.57794
G01 X-17.71386 Y20.57946
G01 X-17.71907 Y20.57844
G01 X-17.73380 Y20.57641
G01 X-17.73891 Y20.57598
G01 X-17.77325 Y20.57481
G01 X-17.77498 Y20.57476
G01 X-18.07505 Y20.57476
G01 X-18.14335 Y20.56983
G01 X-18.18000 Y20.56458
G01 X-18.19392 Y20.55812
G01 X-18.25280 Y20.52571
G01 X-18.25661 Y20.52325
G01 X-19.24348 Y19.87337
G01 X-19.29834 Y19.83130
G01 X-19.34711 Y19.78810
G01 X-19.45260 Y19.66206
G01 X-19.46801 Y19.63745
G01 X-19.48313 Y19.60684
G01 X-19.48592 Y19.59828
G01 X-19.54066 Y19.43151
G01 X-19.47954 Y19.39932
G01 X-19.47761 Y19.39826
G01 X-19.45221 Y19.38342
G01 X-19.41660 Y19.36788
G01 X-19.42948 Y19.38960
G01 X-19.45922 Y19.45284
G01 X-19.47848 Y19.50654
G01 X-19.48722 Y19.56290
G01 X-19.48592 Y19.59828
G01 X-19.48722 Y19.56290
G01 X-19.47848 Y19.50654
G01 X-19.45922 Y19.45284
G01 X-19.42948 Y19.38960
G01 X-19.41660 Y19.36788
G01 X-19.29699 Y19.31573
G01 X-19.23283 Y19.29727
G01 X-19.12725 Y19.27847
G01 X-19.09674 Y19.27639
G01 X-19.06469 Y19.27530
G01 X-17.77495 Y19.27527
G01 X-17.77325 Y19.27525
G01 X-17.73886 Y19.27405
G01 X-17.73868 Y19.27522
G01 X-17.73886 Y19.27405
G01 X-17.73375 Y19.27362
G01 X-17.71902 Y19.27159
G01 X-17.71374 Y19.27057
G01 X-17.70861 Y19.26900
G01 X-17.63718 Y19.24271
G01 X-17.63058 Y19.23974
G01 X-17.62984 Y19.24111
G01 X-17.63058 Y19.23974
G01 X-17.62448 Y19.23582
G01 X-17.56715 Y19.19290
G01 X-17.56177 Y19.18823
G01 X-17.55709 Y19.18284
G01 X-17.55641 Y19.18353
G01 X-17.55709 Y19.18284
G01 X-17.51417 Y19.12551
G01 X-17.51026 Y19.11942
G01 X-17.50904 Y19.12005
G01 X-17.51026 Y19.11942
G01 X-17.50729 Y19.11281
G01 X-17.48100 Y19.04139
G01 X-17.47942 Y19.03626
G01 X-17.47841 Y19.03097
G01 X-17.47637 Y19.01624
G01 X-17.47594 Y19.01114
G01 X-17.47475 Y19.01131
G01 X-17.47594 Y19.01114
G01 X-17.47475 Y18.97674
G01 X-17.47472 Y18.97502
G01 X-17.47472 Y17.27502
G01 X-17.47475 Y17.27332
G01 X-17.47594 Y17.23890
G01 X-17.47637 Y17.23380
G01 X-17.47841 Y17.21906
G01 X-17.47942 Y17.21378
G01 X-17.47787 Y17.21350
G01 X-17.47942 Y17.21378
G01 X-17.48100 Y17.20863
G01 X-17.50729 Y17.13723
G01 X-17.51026 Y17.13062
G01 X-17.50939 Y17.13014
G01 X-17.51026 Y17.13062
G01 X-17.51417 Y17.12453
G01 X-17.55709 Y17.06720
G01 X-17.55623 Y17.06631
G01 X-17.55709 Y17.06720
G01 X-17.56177 Y17.06181
G01 X-17.56715 Y17.05714
G01 X-17.62446 Y17.01424
G01 X-17.62910 Y17.01114
G01 X-17.63406 Y17.00860
G01 X-17.64231 Y17.00492
G01 X-17.64584 Y17.00350
G01 X-17.64541 Y17.00263
G01 X-17.64584 Y17.00350
G01 X-17.70904 Y16.98091
G01 X-17.71397 Y16.97942
G01 X-17.71905 Y16.97845
G01 X-17.73375 Y16.97642
G01 X-17.73886 Y16.97599
G01 X-17.73870 Y16.97507
G01 X-17.73886 Y16.97599
G01 X-17.77325 Y16.97482
G01 X-17.77498 Y16.97477
G01 X-18.07477 Y16.97477
G01 X-18.14335 Y16.96984
G01 X-18.18000 Y16.96458
G01 X-18.19375 Y16.95821
G01 X-18.25587 Y16.92371
G01 X-19.24348 Y16.27337
G01 X-19.29834 Y16.23131
G01 X-19.34719 Y16.18800
G01 X-19.45260 Y16.06204
G01 X-19.46796 Y16.03753
G01 X-19.48313 Y16.00682
G01 X-19.48592 Y15.99826
G01 X-19.54063 Y15.83151
G01 X-19.47954 Y15.79933
G01 X-19.47761 Y15.79827
G01 X-19.45221 Y15.78343
G01 X-19.41660 Y15.76789
G01 X-19.42948 Y15.78960
G01 X-19.45922 Y15.85285
G01 X-19.47848 Y15.90655
G01 X-19.48722 Y15.96291
G01 X-19.48592 Y15.99826
G01 X-19.48722 Y15.96291
G01 X-19.47848 Y15.90655
G01 X-19.45922 Y15.85285
G01 X-19.42948 Y15.78960
G01 X-19.41660 Y15.76789
G01 X-19.29699 Y15.71574
G01 X-19.23286 Y15.69730
G01 X-19.12760 Y15.67850
G01 X-19.09745 Y15.67642
G01 X-19.06408 Y15.67528
G01 X-17.77498 Y15.67528
G01 X-17.77325 Y15.67525
G01 X-17.73886 Y15.67406
G01 X-17.73868 Y15.67523
G01 X-17.73886 Y15.67406
G01 X-17.73375 Y15.67363
G01 X-17.71902 Y15.67160
G01 X-17.71374 Y15.67058
G01 X-17.70861 Y15.66900
G01 X-17.63718 Y15.64272
G01 X-17.63058 Y15.63974
G01 X-17.62984 Y15.64112
G01 X-17.63058 Y15.63974
G01 X-17.62448 Y15.63583
G01 X-17.56715 Y15.59291
G01 X-17.56177 Y15.58823
G01 X-17.55709 Y15.58285
G01 X-17.55641 Y15.58353
G01 X-17.55709 Y15.58285
G01 X-17.51417 Y15.52552
G01 X-17.51026 Y15.51942
G01 X-17.50904 Y15.52006
G01 X-17.51026 Y15.51942
G01 X-17.50729 Y15.51282
G01 X-17.48100 Y15.44140
G01 X-17.47942 Y15.43626
G01 X-17.47841 Y15.43098
G01 X-17.47637 Y15.41625
G01 X-17.47594 Y15.41114
G01 X-17.47475 Y15.41132
G01 X-17.47594 Y15.41114
G01 X-17.47475 Y15.37675
G01 X-17.47472 Y15.37505
G01 X-17.47472 Y13.67500
G01 X-17.47475 Y13.67330
G01 X-17.47594 Y13.63891
G01 X-17.47637 Y13.63380
G01 X-17.47841 Y13.61910
G01 X-17.47691 Y13.61884
G01 X-17.47841 Y13.61910
G01 X-17.47942 Y13.61381
G01 X-17.48100 Y13.60866
G01 X-17.50729 Y13.53723
G01 X-17.51026 Y13.53063
G01 X-17.50932 Y13.53015
G01 X-17.51026 Y13.53063
G01 X-17.51417 Y13.52451
G01 X-17.55707 Y13.46721
G01 X-17.55618 Y13.46629
G01 X-17.55707 Y13.46721
G01 X-17.56174 Y13.46187
G01 X-17.56713 Y13.45717
G01 X-17.62451 Y13.41425
G01 X-17.62921 Y13.41110
G01 X-17.63421 Y13.40853
G01 X-17.64505 Y13.40376
G01 X-17.64861 Y13.40231
G01 X-17.64823 Y13.40157
G01 X-17.71384 Y13.37714
G01 X-17.73779 Y13.37455
G01 X-17.73761 Y13.37343
G01 X-17.73779 Y13.37455
G01 X-18.07665 Y13.37455
G01 X-18.10510 Y13.37249
G01 X-18.13299 Y13.36642
G01 X-18.20002 Y13.34673
G01 X-18.22776 Y13.33632
G01 X-18.25366 Y13.32194
G01 X-19.24340 Y12.67013
G01 X-19.26606 Y12.65278
G01 X-19.28602 Y12.63236
G01 X-19.33118 Y12.57904
G01 X-19.35287 Y12.54788
G01 X-19.36829 Y12.51305
G01 X-19.37683 Y12.47605
G01 X-19.38600 Y12.40676
G01 X-19.38739 Y12.36873
G01 X-19.38155 Y12.33117
G01 X-19.36870 Y12.29535
G01 X-19.33896 Y12.23213
G01 X-19.31960 Y12.19944
G01 X-19.29438 Y12.17102
G01 X-19.26423 Y12.14783
G01 X-19.20505 Y12.11072
G01 X-19.18021 Y12.09749
G01 X-19.15376 Y12.08788
G01 X-19.12621 Y12.08209
G01 X-19.09260 Y12.07742
G01 X-19.06522 Y12.07551
G01 X-17.73784 Y12.07551
G01 X-17.73766 Y12.07666
G01 X-17.73784 Y12.07551
G01 X-17.71384 Y12.07295
G01 X-17.62948 Y12.04148
G01 X-17.62882 Y12.04277
G01 X-17.62948 Y12.04148
G01 X-17.56030 Y11.98969
G01 X-17.55958 Y11.99042
G01 X-17.56030 Y11.98969
G01 X-17.50850 Y11.92052
G01 X-17.50723 Y11.92118
G01 X-17.50850 Y11.92052
G01 X-17.47706 Y11.83617
G01 X-17.47449 Y11.81222
G01 X-17.47333 Y11.81240
G01 X-17.47449 Y11.81222
G01 X-17.47449 Y10.03821
G01 X-17.47449 Y10.03782
G01 X-17.47333 Y10.03765
G01 X-17.37449 Y10.03249
G01 X-17.37896 Y9.99071
G01 X-17.41983 Y9.88113
G01 X-17.48887 Y9.78893
G01 X-17.58105 Y9.71992
G01 X-17.69070 Y9.67902
G01 X-17.73253 Y9.67450
G01 X-18.10673 Y9.67453
G01 X-18.11978 Y9.67366
G01 X-18.13263 Y9.67110
G01 X-18.19479 Y9.65441
G01 X-18.20723 Y9.65017
G01 X-18.21899 Y9.64435
G01 X-19.17558 Y9.09023
G01 X-19.18638 Y9.08301
G01 X-19.21190 Y9.06340
G01 X-19.22168 Y9.05479
G01 X-19.45092 Y8.82558
G01 X-19.59844 Y8.72701
G01 X-19.76230 Y8.65914
G01 X-19.93626 Y8.62454
G01 X-43.71368 Y8.62454
G01 X-43.88767 Y8.65914
G01 X-43.93187 Y8.67745
G01 X-44.05150 Y8.72701
G01 X-44.19903 Y8.82558
G01 X-46.09946 Y10.72604
G01 X-46.19798 Y10.87346
G01 X-46.26588 Y11.03737
G01 X-46.30050 Y11.21136
G01 X-46.30047 Y11.78400
G01 X-46.30116 Y11.79563
G01 X-46.30451 Y11.82433
G01 X-46.30512 Y11.82774
G01 X-46.32409 Y12.03640
G01 X-46.32638 Y12.05044
G01 X-46.33067 Y12.06406
G01 X-46.35635 Y12.12906
G01 X-46.36499 Y12.14600
G01 X-46.37667 Y12.16101
G01 X-46.39097 Y12.17351
G01 X-46.44769 Y12.21430
G01 X-46.46412 Y12.22388
G01 X-46.48206 Y12.23017
G01 X-46.50088 Y12.23299
G01 X-46.57065 Y12.23660
G01 X-46.58932 Y12.23584
G01 X-46.60753 Y12.23160
G01 X-46.62463 Y12.22403
G01 X-46.68363 Y12.19106
G01 X-46.69516 Y12.18354
G01 X-46.70555 Y12.17447
G01 X-46.71876 Y12.16126
G01 X-46.84817 Y12.08146
G01 X-46.99323 Y12.03338
G01 X-47.08002 Y12.02454
G01 X-47.81992 Y12.02454
G01 X-47.90669 Y12.03338
G01 X-48.05178 Y12.08146
G01 X-48.14761 Y12.14056
G01 X-48.15706 Y12.14572
G01 X-48.16699 Y12.14986
G01 X-48.21703 Y12.16739
G01 X-48.22739 Y12.17038
G01 X-48.23801 Y12.17231
G01 X-48.39948 Y12.19200
G01 X-48.40801 Y12.19268
G01 X-48.42925 Y12.19345
G01 X-48.43783 Y12.19340
G01 X-48.74393 Y12.17810
G01 X-48.75810 Y12.17635
G01 X-48.77187 Y12.17262
G01 X-48.83783 Y12.14961
G01 X-48.85510 Y12.14166
G01 X-48.87054 Y12.13061
G01 X-48.88363 Y12.11684
G01 X-48.92670 Y12.06182
G01 X-48.93697 Y12.04580
G01 X-48.94400 Y12.02812
G01 X-48.94756 Y12.00945
G01 X-48.95403 Y11.93990
G01 X-48.95396 Y11.92063
G01 X-48.95020 Y11.90180
G01 X-48.94314 Y11.87831
G01 X-48.93986 Y11.86909
G01 X-48.80484 Y11.54115
G01 X-48.78728 Y11.48291
G01 X-48.78624 Y11.47968
G01 X-48.78370 Y11.47219
G01 X-48.78269 Y11.46929
G01 X-48.77895 Y11.45934
G01 X-48.77446 Y11.41755
G01 X-48.77448 Y11.32774
G01 X-48.77443 Y11.32533
G01 X-48.77436 Y11.32159
G01 X-48.77448 Y11.31697
G01 X-48.77448 Y9.63249
G01 X-48.77895 Y9.59071
G01 X-48.81985 Y9.48113
G01 X-48.88886 Y9.38893
G01 X-48.98106 Y9.31989
G01 X-49.09069 Y9.27903
G01 X-49.13244 Y9.27453
G01 X-50.91751 Y9.27453
G01 X-50.95926 Y9.27903
G01 X-51.06889 Y9.31989
G01 X-51.16109 Y9.38891
G01 X-51.23008 Y9.48108
G01 X-51.27097 Y9.59071
G01 X-51.27547 Y9.63249
G01 X-51.27547 Y11.34940
G01 X-51.27575 Y11.35664
G01 X-51.27704 Y11.37455
G01 X-51.27750 Y11.37879
G01 X-51.27577 Y11.41229
G01 X-51.27565 Y11.41524
G01 X-51.27559 Y11.41786
G01 X-51.27519 Y11.42456
G01 X-51.27394 Y11.43272
G01 X-51.27336 Y11.43714
G01 X-51.27097 Y11.45931
G01 X-51.25812 Y11.49380
G01 X-51.25632 Y11.49904
G01 X-51.25230 Y11.51194
G01 X-51.25086 Y11.51712
G01 X-51.24425 Y11.54323
G01 X-51.10531 Y11.88059
G01 X-51.10084 Y11.89416
G01 X-51.09833 Y11.90820
G01 X-51.09101 Y11.97767
G01 X-51.09084 Y11.99670
G01 X-51.09424 Y12.01542
G01 X-51.10115 Y12.03310
G01 X-51.13257 Y12.09553
G01 X-51.14194 Y12.11067
G01 X-51.15388 Y12.12390
G01 X-51.16795 Y12.13480
G01 X-51.21951 Y12.16782
G01 X-51.23043 Y12.17386
G01 X-51.24199 Y12.17854
G01 X-51.40176 Y12.23147
G01 X-51.53119 Y12.31130
G01 X-51.63871 Y12.41882
G01 X-51.71855 Y12.54823
G01 X-51.76660 Y12.69329
G01 X-51.77547 Y12.78014
G01 X-51.77547 Y13.86995
G01 X-51.76660 Y13.95679
G01 X-51.71855 Y14.10182
G01 X-51.63871 Y14.23124
G01 X-51.53119 Y14.33876
G01 X-51.40176 Y14.41861
G01 X-51.25670 Y14.46667
G01 X-51.16991 Y14.47551
G01 X-48.88002 Y14.47551
G01 X-48.79325 Y14.46667
G01 X-48.64819 Y14.41861
G01 X-48.51875 Y14.33876
G01 X-48.50242 Y14.32245
G01 X-48.48736 Y14.31005
G01 X-48.44725 Y14.28321
G01 X-48.42998 Y14.27396
G01 X-48.19821 Y14.17767
G01 X-48.18467 Y14.17315
G01 X-48.17065 Y14.17061
G01 X-48.10118 Y14.16306
G01 X-48.08337 Y14.16271
G01 X-48.06577 Y14.16555
G01 X-48.04865 Y14.16992
G01 X-48.04179 Y14.17188
G01 X-47.90672 Y14.21666
G01 X-47.81987 Y14.22560
G01 X-47.62450 Y14.22552
G01 X-47.61025 Y14.22656
G01 X-47.59633 Y14.22964
G01 X-47.52927 Y14.24932
G01 X-47.51159 Y14.25633
G01 X-47.49562 Y14.26662
G01 X-47.48185 Y14.27975
G01 X-47.43611 Y14.33261
G01 X-47.42630 Y14.34599
G01 X-47.41883 Y14.36088
G01 X-47.41396 Y14.37683
G01 X-47.40276 Y14.42832
G01 X-47.40105 Y14.43886
G01 X-47.40047 Y14.44953
G01 X-47.40047 Y15.87998
G01 X-47.39597 Y15.92184
G01 X-47.35508 Y16.03146
G01 X-47.28609 Y16.12364
G01 X-47.19387 Y16.19268
G01 X-47.08429 Y16.23355
G01 X-47.04248 Y16.23802
G01 X-45.80743 Y16.23802
G01 X-45.76567 Y16.23355
G01 X-45.65607 Y16.19263
G01 X-45.56387 Y16.12364
G01 X-45.49483 Y16.03144
G01 X-45.45397 Y15.92186
G01 X-45.44947 Y15.88005
G01 X-45.44950 Y15.63093
G01 X-45.44845 Y15.61671
G01 X-45.44543 Y15.60276
G01 X-45.42575 Y15.53573
G01 X-45.41914 Y15.51899
G01 X-45.40964 Y15.50373
G01 X-45.39852 Y15.48897
G01 X-45.39384 Y15.48320
G01 X-44.96783 Y14.99776
G01 X-44.95767 Y14.98773
G01 X-44.94622 Y14.97927
G01 X-44.88722 Y14.94188
G01 X-44.87025 Y14.93322
G01 X-44.85196 Y14.92798
G01 X-44.83301 Y14.92631
G01 X-44.76314 Y14.92677
G01 X-44.74424 Y14.92870
G01 X-44.72603 Y14.93416
G01 X-44.70919 Y14.94300
G01 X-44.65067 Y14.98110
G01 X-44.63581 Y14.99293
G01 X-44.62344 Y15.00741
G01 X-44.61404 Y15.02392
G01 X-44.58541 Y15.08767
G01 X-44.57965 Y15.10431
G01 X-44.57688 Y15.12171
G01 X-44.57571 Y15.13863
G01 X-44.57546 Y15.14549
G01 X-44.57546 Y15.86997
G01 X-44.56662 Y15.95679
G01 X-44.51853 Y16.10180
G01 X-44.43870 Y16.23123
G01 X-44.33118 Y16.33875
G01 X-44.20177 Y16.41858
G01 X-44.05671 Y16.46667
G01 X-43.96992 Y16.47551
G01 X-41.68003 Y16.47551
G01 X-41.59324 Y16.46667
G01 X-41.44818 Y16.41858
G01 X-41.31874 Y16.33875
G01 X-41.30239 Y16.32239
G01 X-41.28732 Y16.31005
G01 X-41.24724 Y16.28323
G01 X-41.23000 Y16.27398
G01 X-40.99820 Y16.17766
G01 X-40.98466 Y16.17314
G01 X-40.97064 Y16.17060
G01 X-40.90119 Y16.16306
G01 X-40.88339 Y16.16270
G01 X-40.86579 Y16.16552
G01 X-40.84867 Y16.16987
G01 X-40.84181 Y16.17187
G01 X-40.70673 Y16.21665
G01 X-40.61989 Y16.22554
G01 X-40.42449 Y16.22552
G01 X-40.41024 Y16.22656
G01 X-40.39629 Y16.22958
G01 X-40.32926 Y16.24927
G01 X-40.31163 Y16.25633
G01 X-40.29563 Y16.26662
G01 X-40.28187 Y16.27972
G01 X-40.23609 Y16.33253
G01 X-40.22629 Y16.34597
G01 X-40.21885 Y16.36085
G01 X-40.21395 Y16.37678
G01 X-40.20274 Y16.42829
G01 X-40.20104 Y16.43885
G01 X-40.20046 Y16.44952
G01 X-40.20046 Y17.88005
G01 X-40.19599 Y17.92183
G01 X-40.15512 Y18.03143
G01 X-40.08608 Y18.12364
G01 X-39.99388 Y18.19265
G01 X-39.88428 Y18.23354
G01 X-39.84250 Y18.23801
G01 X-38.60745 Y18.23801
G01 X-38.56566 Y18.23354
G01 X-38.45606 Y18.19265
G01 X-38.36386 Y18.12364
G01 X-38.29482 Y18.03141
G01 X-38.25395 Y17.92183
G01 X-38.24948 Y17.88005
G01 X-38.24948 Y17.63093
G01 X-38.24844 Y17.61670
G01 X-38.24542 Y17.60276
G01 X-38.22574 Y17.53573
G01 X-38.21916 Y17.51904
G01 X-38.20971 Y17.50380
G01 X-38.19861 Y17.48904
G01 X-38.19386 Y17.48320
G01 X-37.76785 Y16.99775
G01 X-37.75769 Y16.98772
G01 X-37.74623 Y16.97926
G01 X-37.68723 Y16.94185
G01 X-37.67026 Y16.93321
G01 X-37.65197 Y16.92798
G01 X-37.63303 Y16.92630
G01 X-37.56315 Y16.92676
G01 X-37.54425 Y16.92867
G01 X-37.52607 Y16.93415
G01 X-37.50923 Y16.94294
G01 X-37.45068 Y16.98107
G01 X-37.43580 Y16.99293
G01 X-37.42343 Y17.00738
G01 X-37.41403 Y17.02392
G01 X-37.38540 Y17.08767
G01 X-37.37961 Y17.10438
G01 X-37.37687 Y17.12186
G01 X-37.37572 Y17.13872
G01 X-37.37547 Y17.14548
G01 X-37.37547 Y17.86994
G01 X-37.36661 Y17.95676
G01 X-37.31855 Y18.10179
G01 X-37.23872 Y18.23125
G01 X-37.13120 Y18.33875
G01 X-37.00176 Y18.41858
G01 X-36.85670 Y18.46666
G01 X-36.76991 Y18.47550
G01 X-34.48002 Y18.47550
G01 X-34.39323 Y18.46666
G01 X-34.24820 Y18.41858
G01 X-34.11876 Y18.33875
G01 X-34.10243 Y18.32244
G01 X-34.08731 Y18.31002
G01 X-34.04721 Y18.28320
G01 X-34.02999 Y18.27398
G01 X-33.79821 Y18.17766
G01 X-33.78467 Y18.17314
G01 X-33.77065 Y18.17060
G01 X-33.70118 Y18.16306
G01 X-33.68338 Y18.16270
G01 X-33.66577 Y18.16552
G01 X-33.64866 Y18.16986
G01 X-33.64180 Y18.17190
G01 X-33.50669 Y18.21668
G01 X-33.41993 Y18.22551
G01 X-33.22448 Y18.22551
G01 X-33.21023 Y18.22656
G01 X-33.19628 Y18.22958
G01 X-33.12925 Y18.24926
G01 X-33.11160 Y18.25632
G01 X-33.09560 Y18.26661
G01 X-33.08185 Y18.27974
G01 X-33.03611 Y18.33255
G01 X-33.02630 Y18.34599
G01 X-33.01884 Y18.36087
G01 X-33.01396 Y18.37677
G01 X-33.00276 Y18.42828
G01 X-33.00106 Y18.43885
G01 X-33.00047 Y18.44952
G01 X-33.00045 Y19.88012
G01 X-32.99598 Y19.92185
G01 X-32.95511 Y20.03143
G01 X-32.88607 Y20.12363
G01 X-32.79389 Y20.19264
G01 X-32.68427 Y20.23354
G01 X-32.64249 Y20.23801
G01 X-31.40744 Y20.23801
G01 X-31.36568 Y20.23354
G01 X-31.25605 Y20.19267
G01 X-31.16387 Y20.12363
G01 X-31.09484 Y20.03143
G01 X-31.05397 Y19.92183
G01 X-31.04950 Y19.88005
G01 X-31.04950 Y19.63092
G01 X-31.04846 Y19.61670
G01 X-31.04543 Y19.60275
G01 X-31.02575 Y19.53572
G01 X-31.01915 Y19.51898
G01 X-31.00965 Y19.50372
G01 X-30.99852 Y19.48896
G01 X-30.99385 Y19.48320
G01 X-30.56784 Y18.99775
G01 X-30.55768 Y18.98772
G01 X-30.54620 Y18.97923
G01 X-30.48719 Y18.94185
G01 X-30.47025 Y18.93323
G01 X-30.45196 Y18.92800
G01 X-30.43304 Y18.92633
G01 X-30.36317 Y18.92676
G01 X-30.34424 Y18.92866
G01 X-30.32603 Y18.93415
G01 X-30.30919 Y18.94296
G01 X-30.25064 Y18.98111
G01 X-30.23576 Y18.99298
G01 X-30.22341 Y19.00743
G01 X-30.21402 Y19.02396
G01 X-30.18542 Y19.08769
G01 X-30.17965 Y19.10433
G01 X-30.17688 Y19.12170
G01 X-30.17571 Y19.13857
G01 X-30.17546 Y19.14548
G01 X-30.17546 Y19.86999
G01 X-30.16662 Y19.95675
G01 X-30.11854 Y20.10181
G01 X-30.03871 Y20.23125
G01 X-29.93119 Y20.33874
G01 X-29.80177 Y20.41860
G01 X-29.65671 Y20.46666
G01 X-29.56987 Y20.47552
G01 X-27.28006 Y20.47552
G01 X-27.19325 Y20.46666
G01 X-27.04819 Y20.41858
G01 X-26.91875 Y20.33874
G01 X-26.90239 Y20.32239
G01 X-26.88730 Y20.31002
G01 X-26.84720 Y20.28319
G01 X-26.82997 Y20.27397
G01 X-26.59820 Y20.17766
G01 X-26.58466 Y20.17314
G01 X-26.57064 Y20.17060
G01 X-26.50120 Y20.16305
G01 X-26.48332 Y20.16270
G01 X-26.46566 Y20.16557
G01 X-26.44854 Y20.16994
G01 X-26.44181 Y20.17189
G01 X-26.30673 Y20.21667
G01 X-26.21987 Y20.22554
G01 X-26.02449 Y20.22551
G01 X-26.01024 Y20.22655
G01 X-25.99630 Y20.22957
G01 X-25.92926 Y20.24926
G01 X-25.91164 Y20.25632
G01 X-25.89564 Y20.26661
G01 X-25.88187 Y20.27971
G01 X-25.83610 Y20.33252
G01 X-25.82629 Y20.34596
G01 X-25.81885 Y20.36084
G01 X-25.81395 Y20.37677
G01 X-25.80275 Y20.42828
G01 X-25.80105 Y20.43885
G01 X-25.80046 Y20.44951
G01 X-25.80046 Y21.88004
G01 X-25.79599 Y21.92180
G01 X-25.75507 Y22.03143
G01 X-25.68609 Y22.12363
G01 X-25.59388 Y22.19266
G01 X-25.48428 Y22.23353
G01 X-25.44250 Y22.23800
G01 X-24.20745 Y22.23800
G01 X-24.16567 Y22.23353
G01 X-24.05604 Y22.19264
G01 X-23.96386 Y22.12363
G01 X-23.89483 Y22.03143
G01 X-23.85396 Y21.92185
G01 X-23.84949 Y21.88004
G01 X-23.84949 Y21.63092
G01 X-23.84845 Y21.61669
G01 X-23.84542 Y21.60275
G01 X-23.82574 Y21.53572
G01 X-23.81913 Y21.51898
G01 X-23.80963 Y21.50371
G01 X-23.79851 Y21.48896
G01 X-23.79384 Y21.48319
G01 X-23.19358 Y20.79917
G01 X-23.17004 Y20.77026
G01 X-23.16671 Y20.76635
G01 X-23.15820 Y20.75693
G01 X-23.15467 Y20.75325
G01 X-23.10052 Y20.69907
G01 X-23.00194 Y20.55155
G01 X-22.93407 Y20.38769
G01 X-22.90059 Y20.21931
G01 X-22.89681 Y20.20555
G01 X-22.89112 Y20.19247
G01 X-22.85874 Y20.13054
G01 X-22.84837 Y20.11459
G01 X-22.83516 Y20.10092
G01 X-22.81959 Y20.08998
G01 X-22.75886 Y20.05541
G01 X-22.74344 Y20.04829
G01 X-22.72704 Y20.04388
G01 X-22.71357 Y20.04146
G01 X-22.70806 Y20.04065
G01 X-22.61215 Y20.02891
G01 X-22.60491 Y20.02785
G01 X-22.59775 Y20.02709
G01 X-22.57987 Y20.02579
G01 X-22.57265 Y20.02551
G01 X-21.69077 Y20.02551
G01 X-21.67652 Y20.02655
G01 X-21.66257 Y20.02958
G01 X-21.59554 Y20.04926
G01 X-21.57738 Y20.05660
G01 X-21.56100 Y20.06734
G01 X-21.54035 Y20.08398
G01 X-21.53237 Y20.09114
G01 X-20.77530 Y20.84822
G01 X-20.76847 Y20.85576
G01 X-20.75259 Y20.87524
G01 X-20.74660 Y20.88340
G01 X-19.91239 Y22.15014
G01 X-19.90543 Y22.16259
G01 X-19.90027 Y22.17593
G01 X-19.87985 Y22.24275
G01 X-19.87660 Y22.25721
G01 X-19.87548 Y22.27196
G01 X-19.87548 Y22.61756
G01 X-19.87098 Y22.65936
G01 X-19.83009 Y22.76897
G01 X-19.76108 Y22.86114
G01 X-19.66888 Y22.93013
G01 X-19.55930 Y22.97105
G01 X-19.51749 Y22.97552
G01 X-17.73246 Y22.97552
G01 X-17.69065 Y22.97105
G01 X-17.58107 Y22.93013
G01 X-17.48884 Y22.86112
G01 X-17.41986 Y22.76897
G01 X-17.37896 Y22.65936
G01 X-17.37449 Y22.61756
G01 X-17.37449 Y20.83249
G01 X-17.37896 Y20.79069
G01 X-17.41983 Y20.68111
G01 X-17.48884 Y20.58893
G01 X-17.58105 Y20.51992
G01 X-17.69070 Y20.47903
G01 X-17.73253 Y20.47451
G01 X-18.07665 Y20.47453
G01 X-18.09088 Y20.47349
G01 X-18.10482 Y20.47047
G01 X-18.17185 Y20.45078
G01 X-18.18572 Y20.44558
G01 X-18.19867 Y20.43836
G01 X-19.18841 Y19.78662
G01 X-19.19974 Y19.77794
G01 X-19.20972 Y19.76773
G01 X-19.25488 Y19.71441
G01 X-19.26573 Y19.69882
G01 X-19.27342 Y19.68142
G01 X-19.27769 Y19.66290
G01 X-19.28686 Y19.59363
G01 X-19.28757 Y19.57464
G01 X-19.28465 Y19.55586
G01 X-19.27822 Y19.53796
G01 X-19.24848 Y19.47471
G01 X-19.23880 Y19.45835
G01 X-19.22618 Y19.44413
G01 X-19.21112 Y19.43255
G01 X-19.15194 Y19.39544
G01 X-19.13949 Y19.38881
G01 X-19.12623 Y19.38398
G01 X-19.11244 Y19.38109
G01 X-19.07883 Y19.37646
G01 X-19.06522 Y19.37552
G01 X-17.73246 Y19.37550
G01 X-17.69065 Y19.37103
G01 X-17.58107 Y19.33014
G01 X-17.48887 Y19.26112
G01 X-17.41986 Y19.16892
G01 X-17.37896 Y19.05935
G01 X-17.37449 Y19.01754
G01 X-17.37449 Y17.23250
G01 X-17.37896 Y17.19069
G01 X-17.41983 Y17.08112
G01 X-17.48887 Y16.98892
G01 X-17.58105 Y16.91990
G01 X-17.69067 Y16.87901
G01 X-17.73246 Y16.87454
G01 X-18.07665 Y16.87454
G01 X-18.09088 Y16.87350
G01 X-18.10482 Y16.87048
G01 X-18.17185 Y16.85079
G01 X-18.18572 Y16.84558
G01 X-18.19867 Y16.83837
G01 X-19.18841 Y16.18661
G01 X-19.19974 Y16.17792
G01 X-19.20972 Y16.16771
G01 X-19.25488 Y16.11439
G01 X-19.26573 Y16.09880
G01 X-19.27342 Y16.08142
G01 X-19.27769 Y16.06288
G01 X-19.28686 Y15.99364
G01 X-19.28757 Y15.97464
G01 X-19.28465 Y15.95587
G01 X-19.27822 Y15.93797
G01 X-19.24848 Y15.87472
G01 X-19.23880 Y15.85836
G01 X-19.22618 Y15.84414
G01 X-19.21112 Y15.83256
G01 X-19.15194 Y15.79545
G01 X-19.13951 Y15.78882
G01 X-19.12628 Y15.78402
G01 X-19.11251 Y15.78112
G01 X-19.07891 Y15.77647
G01 X-19.06522 Y15.77551
G01 X-17.73246 Y15.77551
G01 X-17.69067 Y15.77104
G01 X-17.58105 Y15.73014
G01 X-17.48887 Y15.66113
G01 X-17.41983 Y15.56893
G01 X-17.37896 Y15.45935
G01 X-17.37449 Y15.41754
G01 X-17.37449 Y13.63251
G01 X-17.37896 Y13.59070
G01 X-17.41986 Y13.48112
G01 X-17.48887 Y13.38892
G01 X-17.58107 Y13.31991
G01 X-17.69065 Y13.27902
G01 X-17.73246 Y13.27455
G01 X-18.07665 Y13.27455
G01 X-18.09088 Y13.27351
G01 X-18.10482 Y13.27048
G01 X-18.17185 Y13.25080
G01 X-18.18572 Y13.24559
G01 X-18.19867 Y13.23838
G01 X-19.18841 Y12.58661
G01 X-19.19974 Y12.57793
G01 X-19.20972 Y12.56772
G01 X-19.25488 Y12.51440
G01 X-19.26573 Y12.49881
G01 X-19.27342 Y12.48141
G01 X-19.27769 Y12.46289
G01 X-19.28686 Y12.39362
G01 X-19.28757 Y12.37462
G01 X-19.28465 Y12.35583
G01 X-19.27822 Y12.33792
G01 X-19.24848 Y12.27470
G01 X-19.23880 Y12.25837
G01 X-19.22618 Y12.24414
G01 X-19.21112 Y12.23256
G01 X-19.15194 Y12.19545
G01 X-19.13951 Y12.18882
G01 X-19.12628 Y12.18402
G01 X-19.11251 Y12.18113
G01 X-19.07891 Y12.17650
G01 X-19.06522 Y12.17554
G01 X-17.73246 Y12.17554
G01 X-17.69067 Y12.17104
G01 X-17.58107 Y12.13012
G01 X-17.48884 Y12.06111
G01 X-17.41986 Y11.96896
G01 X-17.37896 Y11.85936
G01 X-17.37449 Y11.81755
G01 X-17.37449 Y10.03249
G01 X-17.47333 Y10.03765
G01 X-17.47449 Y10.03821
G01 X-17.47594 Y10.03889
G01 X-17.47449 Y10.03821
G01 X-17.47333 Y10.03765
G01 X-17.47449 Y10.03782
G01 X-17.47706 Y10.01390
G01 X-17.50850 Y9.92954
G01 X-17.50723 Y9.92888
G01 X-17.50850 Y9.92954
G01 X-17.56030 Y9.86035
G01 X-17.55958 Y9.85964
G01 X-17.56030 Y9.86035
G01 X-17.62948 Y9.80856
G01 X-17.62900 Y9.80768
G01 X-17.62948 Y9.80856
G01 X-17.71386 Y9.77709
G01 X-17.71358 Y9.77557
G01 X-17.71386 Y9.77709
G01 X-17.73784 Y9.77453
G01 X-18.10673 Y9.77453
G01 X-18.13286 Y9.77280
G01 X-18.15857 Y9.76767
G01 X-18.22072 Y9.75098
G01 X-18.24559 Y9.74252
G01 X-18.26911 Y9.73089
G01 X-19.22570 Y9.17676
G01 X-19.24729 Y9.16231
G01 X-19.27281 Y9.14270
G01 X-19.29240 Y9.12551
G01 X-19.51465 Y8.90326
G01 X-19.51442 Y8.90298
G01 X-19.51465 Y8.90326
G01 X-19.64581 Y8.81563
G01 X-19.64558 Y8.81520
G01 X-19.64581 Y8.81563
G01 X-19.79146 Y8.75530
G01 X-19.79130 Y8.75485
G01 X-19.79146 Y8.75530
G01 X-19.94614 Y8.72454
G01 X-19.94609 Y8.72406
G01 X-19.94614 Y8.72454
G01 X-43.70380 Y8.72454
G01 X-43.70391 Y8.72386
G01 X-43.70380 Y8.72454
G01 X-43.85849 Y8.75530
G01 X-43.89364 Y8.76986
G01 X-43.89372 Y8.76955
G01 X-43.89364 Y8.76986
G01 X-44.00413 Y8.81563
G01 X-44.00436 Y8.81520
G01 X-44.00413 Y8.81563
G01 X-44.13527 Y8.90326
G01 X-44.13558 Y8.90288
G01 X-44.13527 Y8.90326
G01 X-46.02176 Y10.78977
G01 X-46.02214 Y10.78946
G01 X-46.02176 Y10.78977
G01 X-46.10939 Y10.92086
G01 X-46.10982 Y10.92068
G01 X-46.10939 Y10.92086
G01 X-46.16971 Y11.06650
G01 X-46.17017 Y11.06635
G01 X-46.16971 Y11.06650
G01 X-46.20050 Y11.22121
G01 X-46.20098 Y11.22119
G01 X-46.20050 Y11.22121
G01 X-46.20047 Y11.78400
G01 X-46.20184 Y11.80724
G01 X-46.20520 Y11.83594
G01 X-46.20573 Y11.83894
G01 X-46.22450 Y12.04544
G01 X-46.22910 Y12.07358
G01 X-46.23766 Y12.10081
G01 X-46.26334 Y12.16584
G01 X-46.28061 Y12.19967
G01 X-46.30398 Y12.22967
G01 X-46.33258 Y12.25469
G01 X-46.38930 Y12.29548
G01 X-46.42216 Y12.31466
G01 X-46.45805 Y12.32725
G01 X-46.49567 Y12.33284
G01 X-46.56544 Y12.33647
G01 X-46.60281 Y12.33492
G01 X-46.63921 Y12.32644
G01 X-46.67339 Y12.31133
G01 X-46.73240 Y12.27836
G01 X-46.75549 Y12.26332
G01 X-46.77626 Y12.24519
G01 X-46.78119 Y12.24026
G01 X-46.89072 Y12.17272
G01 X-46.89039 Y12.17201
G01 X-46.89072 Y12.17272
G01 X-47.01429 Y12.13180
G01 X-47.01416 Y12.13117
G01 X-47.01429 Y12.13180
G01 X-47.08513 Y12.12438
G01 X-47.81482 Y12.12454
G01 X-47.88566 Y12.13180
G01 X-47.88584 Y12.13056
G01 X-47.88566 Y12.13180
G01 X-48.00921 Y12.17269
G01 X-48.00933 Y12.17247
G01 X-48.00921 Y12.17269
G01 X-48.09511 Y12.22573
G01 X-48.11401 Y12.23599
G01 X-48.13389 Y12.24420
G01 X-48.18393 Y12.26175
G01 X-48.20463 Y12.26777
G01 X-48.22587 Y12.27155
G01 X-48.38734 Y12.29126
G01 X-48.40443 Y12.29261
G01 X-48.42566 Y12.29337
G01 X-48.44283 Y12.29327
G01 X-48.74893 Y12.27795
G01 X-48.77725 Y12.27450
G01 X-48.80481 Y12.26706
G01 X-48.87077 Y12.24402
G01 X-48.90529 Y12.22814
G01 X-48.93620 Y12.20604
G01 X-48.96237 Y12.17849
G01 X-49.00544 Y12.12347
G01 X-49.02594 Y12.09144
G01 X-49.04001 Y12.05611
G01 X-49.04713 Y12.01869
G01 X-49.05360 Y11.94912
G01 X-49.05345 Y11.91067
G01 X-49.04596 Y11.87292
G01 X-49.03890 Y11.84950
G01 X-49.03234 Y11.83101
G01 X-48.89917 Y11.50760
G01 X-48.88302 Y11.45403
G01 X-48.87943 Y11.44328
G01 X-48.87712 Y11.43691
G01 X-48.87448 Y11.41222
G01 X-48.87448 Y11.41141
G01 X-48.87448 Y11.41222
G01 X-48.87298 Y11.41247
G01 X-48.87448 Y11.41222
G01 X-48.87448 Y11.41141
G01 X-48.87593 Y11.41115
G01 X-48.87448 Y11.41141
G01 X-48.87448 Y9.63783
G01 X-48.87331 Y9.63765
G01 X-48.87448 Y9.63783
G01 X-48.87705 Y9.61390
G01 X-48.90852 Y9.52955
G01 X-48.90722 Y9.52888
G01 X-48.90852 Y9.52955
G01 X-48.96031 Y9.46038
G01 X-48.95957 Y9.45964
G01 X-48.96031 Y9.46038
G01 X-49.02947 Y9.40856
G01 X-49.02881 Y9.40729
G01 X-49.02947 Y9.40856
G01 X-49.11388 Y9.37709
G01 X-49.13783 Y9.37453
G01 X-49.13765 Y9.37336
G01 X-49.13783 Y9.37453
G01 X-50.87671 Y9.37453
G01 X-50.87669 Y9.37481
G01 X-50.87671 Y9.37453
G01 X-50.91212 Y9.37453
G01 X-50.91230 Y9.37336
G01 X-50.91212 Y9.37453
G01 X-50.93607 Y9.37709
G01 X-51.02027 Y9.40851
G01 X-51.02114 Y9.40729
G01 X-51.02027 Y9.40851
G01 X-51.01941 Y9.41034
G01 X-51.02027 Y9.40851
G01 X-51.08964 Y9.46036
G01 X-51.09038 Y9.45962
G01 X-51.08964 Y9.46036
G01 X-51.14143 Y9.52952
G01 X-51.14270 Y9.52886
G01 X-51.14143 Y9.52952
G01 X-51.17290 Y9.61392
G01 X-51.17547 Y9.63788
G01 X-51.17664 Y9.63770
G01 X-51.17547 Y9.63788
G01 X-51.17547 Y11.34940
G01 X-51.17600 Y11.36386
G01 X-51.17727 Y11.38133
G01 X-51.17580 Y11.41141
G01 X-51.17567 Y11.41389
G01 X-51.17727 Y11.41415
G01 X-51.17567 Y11.41389
G01 X-51.17509 Y11.41760
G01 X-51.17394 Y11.42642
G01 X-51.17290 Y11.43612
G01 X-51.16442 Y11.45883
G01 X-51.16084 Y11.46934
G01 X-51.15682 Y11.48225
G01 X-51.15390 Y11.49261
G01 X-51.14905 Y11.51176
G01 X-51.01286 Y11.84257
G01 X-51.00389 Y11.86962
G01 X-50.99889 Y11.89776
G01 X-50.99157 Y11.96721
G01 X-50.99119 Y12.00526
G01 X-50.99802 Y12.04262
G01 X-51.01182 Y12.07805
G01 X-51.04324 Y12.14051
G01 X-51.06201 Y12.17076
G01 X-51.08586 Y12.19721
G01 X-51.11403 Y12.21900
G01 X-51.16559 Y12.25204
G01 X-51.18741 Y12.26413
G01 X-51.21055 Y12.27351
G01 X-51.35924 Y12.32273
G01 X-51.35949 Y12.32215
G01 X-51.35924 Y12.32273
G01 X-51.40922 Y12.35357
G01 X-51.40894 Y12.35408
G01 X-51.40922 Y12.35357
G01 X-51.46876 Y12.39027
G01 X-51.46917 Y12.38974
G01 X-51.46876 Y12.39027
G01 X-51.55974 Y12.48125
G01 X-51.56028 Y12.48090
G01 X-51.55974 Y12.48125
G01 X-51.62731 Y12.59080
G01 X-51.62792 Y12.59052
G01 X-51.62731 Y12.59080
G01 X-51.66823 Y12.71435
G01 X-51.66881 Y12.71422
G01 X-51.66823 Y12.71435
G01 X-51.67547 Y12.78529
G01 X-51.67547 Y13.86482
G01 X-51.66823 Y13.93573
G01 X-51.66945 Y13.93591
G01 X-51.66823 Y13.93573
G01 X-51.62731 Y14.05925
G01 X-51.62792 Y14.05953
G01 X-51.62731 Y14.05925
G01 X-51.55974 Y14.16880
G01 X-51.56028 Y14.16921
G01 X-51.55974 Y14.16880
G01 X-51.46876 Y14.25981
G01 X-51.46917 Y14.26032
G01 X-51.46876 Y14.25981
G01 X-51.35924 Y14.32733
G01 X-51.35952 Y14.32796
G01 X-51.35924 Y14.32733
G01 X-51.23567 Y14.36830
G01 X-51.23579 Y14.36891
G01 X-51.23567 Y14.36830
G01 X-51.16480 Y14.37553
G01 X-48.88512 Y14.37569
G01 X-48.81431 Y14.36830
G01 X-48.81418 Y14.36891
G01 X-48.81431 Y14.36830
G01 X-48.69071 Y14.32733
G01 X-48.69036 Y14.32811
G01 X-48.69071 Y14.32733
G01 X-48.58119 Y14.25981
G01 X-48.57314 Y14.25174
G01 X-48.54299 Y14.22694
G01 X-48.50288 Y14.20010
G01 X-48.46834 Y14.18161
G01 X-48.23656 Y14.08534
G01 X-48.20951 Y14.07630
G01 X-48.18144 Y14.07119
G01 X-48.11197 Y14.06365
G01 X-48.07636 Y14.06296
G01 X-48.04118 Y14.06860
G01 X-48.02406 Y14.07294
G01 X-48.01035 Y14.07696
G01 X-47.88563 Y14.11828
G01 X-47.81482 Y14.12552
G01 X-47.81490 Y14.12618
G01 X-47.81482 Y14.12552
G01 X-47.62450 Y14.12552
G01 X-47.59602 Y14.12763
G01 X-47.56816 Y14.13363
G01 X-47.50110 Y14.15331
G01 X-47.46577 Y14.16748
G01 X-47.43379 Y14.18801
G01 X-47.40626 Y14.21430
G01 X-47.36051 Y14.26708
G01 X-47.34091 Y14.29395
G01 X-47.32600 Y14.32372
G01 X-47.31624 Y14.35552
G01 X-47.30504 Y14.40703
G01 X-47.30164 Y14.42816
G01 X-47.30047 Y14.44953
G01 X-47.30047 Y15.87467
G01 X-47.29790 Y15.89865
G01 X-47.29945 Y15.89893
G01 X-47.29790 Y15.89865
G01 X-47.26643 Y15.98302
G01 X-47.26732 Y15.98353
G01 X-47.26643 Y15.98302
G01 X-47.21464 Y16.05221
G01 X-47.21538 Y16.05293
G01 X-47.21464 Y16.05221
G01 X-47.14545 Y16.10401
G01 X-47.14594 Y16.10489
G01 X-47.14545 Y16.10401
G01 X-47.06113 Y16.13545
G01 X-47.06140 Y16.13703
G01 X-47.06113 Y16.13545
G01 X-47.03710 Y16.13802
G01 X-45.84822 Y16.13802
G01 X-45.84825 Y16.13774
G01 X-45.84822 Y16.13802
G01 X-45.81282 Y16.13802
G01 X-45.81264 Y16.13921
G01 X-45.81282 Y16.13802
G01 X-45.78886 Y16.13545
G01 X-45.70449 Y16.10398
G01 X-45.70558 Y16.10223
G01 X-45.70449 Y16.10398
G01 X-45.70383 Y16.10525
G01 X-45.70449 Y16.10398
G01 X-45.63530 Y16.05219
G01 X-45.63456 Y16.05290
G01 X-45.63530 Y16.05219
G01 X-45.58353 Y15.98302
G01 X-45.58262 Y15.98353
G01 X-45.58353 Y15.98302
G01 X-45.55206 Y15.89867
G01 X-45.55061 Y15.89895
G01 X-45.55206 Y15.89867
G01 X-45.54949 Y15.87472
G01 X-45.54949 Y15.63093
G01 X-45.54744 Y15.60248
G01 X-45.54137 Y15.57459
G01 X-45.52168 Y15.50756
G01 X-45.50850 Y15.47409
G01 X-45.48950 Y15.44353
G01 X-45.47837 Y15.42877
G01 X-45.46900 Y15.41724
G01 X-45.04299 Y14.93180
G01 X-45.02270 Y14.91175
G01 X-44.99976 Y14.89481
G01 X-44.94076 Y14.85740
G01 X-44.90682 Y14.84020
G01 X-44.87025 Y14.82971
G01 X-44.83235 Y14.82631
G01 X-44.76248 Y14.82679
G01 X-44.72468 Y14.83068
G01 X-44.68828 Y14.84155
G01 X-44.65460 Y14.85918
G01 X-44.59608 Y14.89733
G01 X-44.56634 Y14.92100
G01 X-44.54162 Y14.94996
G01 X-44.52280 Y14.98295
G01 X-44.49418 Y15.04670
G01 X-44.48264 Y15.08003
G01 X-44.47711 Y15.11480
G01 X-44.47594 Y15.13167
G01 X-44.47523 Y15.14549
G01 X-44.47546 Y15.86486
G01 X-44.46824 Y15.93570
G01 X-44.46883 Y15.93583
G01 X-44.46824 Y15.93570
G01 X-44.42730 Y16.05925
G01 X-44.42791 Y16.05953
G01 X-44.42730 Y16.05925
G01 X-44.35973 Y16.16880
G01 X-44.36027 Y16.16921
G01 X-44.35973 Y16.16880
G01 X-44.26875 Y16.25978
G01 X-44.26916 Y16.26032
G01 X-44.26875 Y16.25978
G01 X-44.15920 Y16.32735
G01 X-44.15948 Y16.32796
G01 X-44.15920 Y16.32735
G01 X-44.03568 Y16.36829
G01 X-44.03588 Y16.36954
G01 X-44.03568 Y16.36829
G01 X-43.96481 Y16.37551
G01 X-41.68511 Y16.37566
G01 X-41.61427 Y16.36829
G01 X-41.61415 Y16.36888
G01 X-41.61427 Y16.36829
G01 X-41.49073 Y16.32735
G01 X-41.49037 Y16.32811
G01 X-41.49073 Y16.32735
G01 X-41.38118 Y16.25976
G01 X-41.37305 Y16.25166
G01 X-41.34295 Y16.22694
G01 X-41.30287 Y16.20012
G01 X-41.26838 Y16.18163
G01 X-41.03658 Y16.08531
G01 X-41.00950 Y16.07627
G01 X-40.98143 Y16.07119
G01 X-40.91199 Y16.06364
G01 X-40.87638 Y16.06296
G01 X-40.84120 Y16.06860
G01 X-40.82408 Y16.07294
G01 X-40.81036 Y16.07695
G01 X-40.68565 Y16.11828
G01 X-40.68578 Y16.11907
G01 X-40.68565 Y16.11828
G01 X-40.61481 Y16.12552
G01 X-40.42449 Y16.12552
G01 X-40.39601 Y16.12758
G01 X-40.36812 Y16.13365
G01 X-40.30109 Y16.15333
G01 X-40.26581 Y16.16745
G01 X-40.23383 Y16.18800
G01 X-40.20630 Y16.21422
G01 X-40.16053 Y16.26702
G01 X-40.14090 Y16.29392
G01 X-40.12601 Y16.32369
G01 X-40.11623 Y16.35552
G01 X-40.10503 Y16.40703
G01 X-40.10163 Y16.42816
G01 X-40.10046 Y16.44952
G01 X-40.10046 Y17.87469
G01 X-40.09789 Y17.89867
G01 X-40.09947 Y17.89895
G01 X-40.09789 Y17.89867
G01 X-40.06645 Y17.98302
G01 X-40.06734 Y17.98350
G01 X-40.06645 Y17.98302
G01 X-40.01466 Y18.05221
G01 X-40.01537 Y18.05292
G01 X-40.01466 Y18.05221
G01 X-39.94547 Y18.10400
G01 X-39.94595 Y18.10489
G01 X-39.94547 Y18.10400
G01 X-39.86111 Y18.13545
G01 X-39.86142 Y18.13702
G01 X-39.86111 Y18.13545
G01 X-39.83711 Y18.13801
G01 X-38.64824 Y18.13801
G01 X-38.64826 Y18.13773
G01 X-38.64824 Y18.13801
G01 X-38.61283 Y18.13801
G01 X-38.61265 Y18.13921
G01 X-38.61283 Y18.13801
G01 X-38.58883 Y18.13545
G01 X-38.50447 Y18.10400
G01 X-38.50557 Y18.10222
G01 X-38.50447 Y18.10400
G01 X-38.50381 Y18.10527
G01 X-38.50447 Y18.10400
G01 X-38.43529 Y18.05221
G01 X-38.43457 Y18.05292
G01 X-38.43529 Y18.05221
G01 X-38.38349 Y17.98302
G01 X-38.38261 Y17.98350
G01 X-38.38349 Y17.98302
G01 X-38.35205 Y17.89867
G01 X-38.35060 Y17.89895
G01 X-38.35205 Y17.89867
G01 X-38.34946 Y17.87466
G01 X-38.34948 Y17.63093
G01 X-38.34743 Y17.60248
G01 X-38.34136 Y17.57459
G01 X-38.32167 Y17.50756
G01 X-38.30854 Y17.47418
G01 X-38.28962 Y17.44368
G01 X-38.27852 Y17.42892
G01 X-38.26902 Y17.41724
G01 X-37.84301 Y16.93179
G01 X-37.82271 Y16.91175
G01 X-37.79978 Y16.89481
G01 X-37.74077 Y16.85739
G01 X-37.70684 Y16.84015
G01 X-37.67026 Y16.82966
G01 X-37.63237 Y16.82630
G01 X-37.56249 Y16.82676
G01 X-37.52470 Y16.83060
G01 X-37.48832 Y16.84154
G01 X-37.45467 Y16.85915
G01 X-37.39612 Y16.89727
G01 X-37.36635 Y16.92097
G01 X-37.34161 Y16.94988
G01 X-37.32279 Y16.98295
G01 X-37.29416 Y17.04670
G01 X-37.28258 Y17.08015
G01 X-37.27710 Y17.11510
G01 X-37.27595 Y17.13197
G01 X-37.27547 Y17.14548
G01 X-37.27547 Y17.86486
G01 X-37.26823 Y17.93570
G01 X-37.26943 Y17.93590
G01 X-37.26823 Y17.93570
G01 X-37.22729 Y18.05927
G01 X-37.22792 Y18.05955
G01 X-37.22729 Y18.05927
G01 X-37.15975 Y18.16877
G01 X-37.16028 Y18.16920
G01 X-37.15975 Y18.16877
G01 X-37.06874 Y18.25978
G01 X-37.06917 Y18.26031
G01 X-37.06874 Y18.25978
G01 X-36.95922 Y18.32734
G01 X-36.95949 Y18.32795
G01 X-36.95922 Y18.32734
G01 X-36.83567 Y18.36829
G01 X-36.83580 Y18.36887
G01 X-36.83567 Y18.36829
G01 X-36.76480 Y18.37550
G01 X-34.48513 Y18.37565
G01 X-34.41429 Y18.36829
G01 X-34.41416 Y18.36887
G01 X-34.41429 Y18.36829
G01 X-34.29074 Y18.32734
G01 X-34.29039 Y18.32811
G01 X-34.29074 Y18.32734
G01 X-34.18119 Y18.25978
G01 X-34.17314 Y18.25173
G01 X-34.14291 Y18.22689
G01 X-34.10281 Y18.20006
G01 X-34.06836 Y18.18162
G01 X-33.83659 Y18.08531
G01 X-33.80951 Y18.07626
G01 X-33.78145 Y18.07118
G01 X-33.71198 Y18.06364
G01 X-33.67637 Y18.06295
G01 X-33.64119 Y18.06859
G01 X-33.62407 Y18.07294
G01 X-33.61033 Y18.07698
G01 X-33.48564 Y18.11830
G01 X-33.48579 Y18.11924
G01 X-33.48564 Y18.11830
G01 X-33.41482 Y18.12551
G01 X-33.22448 Y18.12551
G01 X-33.19600 Y18.12757
G01 X-33.16811 Y18.13364
G01 X-33.10108 Y18.15333
G01 X-33.06578 Y18.16745
G01 X-33.03377 Y18.18802
G01 X-33.00626 Y18.21426
G01 X-32.96052 Y18.26707
G01 X-32.94091 Y18.29394
G01 X-32.92600 Y18.32371
G01 X-32.91625 Y18.35551
G01 X-32.90504 Y18.40702
G01 X-32.90164 Y18.42816
G01 X-32.90047 Y18.44952
G01 X-32.90045 Y19.87471
G01 X-32.89788 Y19.89866
G01 X-32.89946 Y19.89894
G01 X-32.89788 Y19.89866
G01 X-32.86641 Y19.98302
G01 X-32.86733 Y19.98352
G01 X-32.86641 Y19.98302
G01 X-32.81465 Y20.05218
G01 X-32.81536 Y20.05292
G01 X-32.81465 Y20.05218
G01 X-32.74546 Y20.10400
G01 X-32.74594 Y20.10489
G01 X-32.74546 Y20.10400
G01 X-32.66110 Y20.13544
G01 X-32.66138 Y20.13702
G01 X-32.66110 Y20.13544
G01 X-32.63710 Y20.13801
G01 X-31.44823 Y20.13801
G01 X-31.44825 Y20.13773
G01 X-31.44823 Y20.13801
G01 X-31.41279 Y20.13801
G01 X-31.41262 Y20.13920
G01 X-31.41279 Y20.13801
G01 X-31.38884 Y20.13544
G01 X-31.30449 Y20.10400
G01 X-31.30556 Y20.10222
G01 X-31.30449 Y20.10400
G01 X-31.30383 Y20.10529
G01 X-31.30449 Y20.10400
G01 X-31.23532 Y20.05221
G01 X-31.23459 Y20.05292
G01 X-31.23532 Y20.05221
G01 X-31.18351 Y19.98302
G01 X-31.18262 Y19.98350
G01 X-31.18351 Y19.98302
G01 X-31.15206 Y19.89866
G01 X-31.15062 Y19.89894
G01 X-31.15206 Y19.89866
G01 X-31.14947 Y19.87466
G01 X-31.14950 Y19.63092
G01 X-31.14744 Y19.60247
G01 X-31.14137 Y19.57458
G01 X-31.12169 Y19.50755
G01 X-31.10850 Y19.47408
G01 X-31.08950 Y19.44352
G01 X-31.07838 Y19.42876
G01 X-31.06901 Y19.41723
G01 X-30.64300 Y18.93179
G01 X-30.62268 Y18.91172
G01 X-30.59972 Y18.89475
G01 X-30.54071 Y18.85737
G01 X-30.50683 Y18.84017
G01 X-30.47028 Y18.82970
G01 X-30.43243 Y18.82633
G01 X-30.36256 Y18.82676
G01 X-30.32471 Y18.83059
G01 X-30.28829 Y18.84154
G01 X-30.25461 Y18.85917
G01 X-30.19606 Y18.89732
G01 X-30.16629 Y18.92104
G01 X-30.14158 Y18.94995
G01 X-30.12278 Y18.98302
G01 X-30.09418 Y19.04675
G01 X-30.08265 Y19.08002
G01 X-30.07711 Y19.11479
G01 X-30.07594 Y19.13166
G01 X-30.07546 Y19.14548
G01 X-30.07548 Y19.86483
G01 X-30.06825 Y19.93570
G01 X-30.06883 Y19.93582
G01 X-30.06825 Y19.93570
G01 X-30.04401 Y20.00875
G01 X-30.04343 Y20.00857
G01 X-30.04401 Y20.00875
G01 X-30.02730 Y20.05927
G01 X-30.02791 Y20.05955
G01 X-30.02730 Y20.05927
G01 X-29.95974 Y20.16877
G01 X-29.96027 Y20.16920
G01 X-29.95974 Y20.16877
G01 X-29.86873 Y20.25980
G01 X-29.86914 Y20.26033
G01 X-29.86873 Y20.25980
G01 X-29.75920 Y20.32734
G01 X-29.75951 Y20.32797
G01 X-29.75920 Y20.32734
G01 X-29.70868 Y20.34405
G01 X-29.70851 Y20.34349
G01 X-29.70868 Y20.34405
G01 X-29.63563 Y20.36828
G01 X-29.63584 Y20.36953
G01 X-29.63563 Y20.36828
G01 X-29.56482 Y20.37552
G01 X-29.52624 Y20.37552
G01 X-29.52621 Y20.37527
G01 X-29.52624 Y20.37552
G01 X-27.28512 Y20.37568
G01 X-27.21433 Y20.36828
G01 X-27.21420 Y20.36887
G01 X-27.21433 Y20.36828
G01 X-27.09076 Y20.32734
G01 X-27.09038 Y20.32810
G01 X-27.09076 Y20.32734
G01 X-26.98118 Y20.25975
G01 X-26.97305 Y20.25165
G01 X-26.94290 Y20.22688
G01 X-26.90280 Y20.20006
G01 X-26.86835 Y20.18162
G01 X-26.63658 Y20.08530
G01 X-26.60950 Y20.07626
G01 X-26.58144 Y20.07118
G01 X-26.51199 Y20.06364
G01 X-26.47623 Y20.06295
G01 X-26.44095 Y20.06867
G01 X-26.42383 Y20.07303
G01 X-26.41037 Y20.07697
G01 X-26.28565 Y20.11830
G01 X-26.28583 Y20.11924
G01 X-26.28565 Y20.11830
G01 X-26.21476 Y20.12554
G01 X-26.02449 Y20.12551
G01 X-25.99602 Y20.12757
G01 X-25.96813 Y20.13364
G01 X-25.90110 Y20.15332
G01 X-25.86582 Y20.16745
G01 X-25.83384 Y20.18799
G01 X-25.80630 Y20.21421
G01 X-25.76053 Y20.26701
G01 X-25.74090 Y20.29391
G01 X-25.72601 Y20.32368
G01 X-25.71624 Y20.35551
G01 X-25.70503 Y20.40702
G01 X-25.70163 Y20.42815
G01 X-25.70046 Y20.44951
G01 X-25.70046 Y21.87473
G01 X-25.69790 Y21.89863
G01 X-25.69947 Y21.89891
G01 X-25.69790 Y21.89863
G01 X-25.66643 Y21.98301
G01 X-25.66731 Y21.98350
G01 X-25.66643 Y21.98301
G01 X-25.61464 Y22.05220
G01 X-25.61537 Y22.05294
G01 X-25.61464 Y22.05220
G01 X-25.54550 Y22.10397
G01 X-25.54598 Y22.10488
G01 X-25.54550 Y22.10397
G01 X-25.46112 Y22.13544
G01 X-25.46142 Y22.13701
G01 X-25.46112 Y22.13544
G01 X-25.43711 Y22.13800
G01 X-24.24824 Y22.13800
G01 X-24.24827 Y22.13775
G01 X-24.24824 Y22.13800
G01 X-24.21283 Y22.13800
G01 X-24.21266 Y22.13920
G01 X-24.21283 Y22.13800
G01 X-24.18883 Y22.13544
G01 X-24.10471 Y22.10404
G01 X-24.10445 Y22.10397
G01 X-24.10471 Y22.10404
G01 X-24.10557 Y22.10224
G01 X-24.10471 Y22.10404
G01 X-24.10445 Y22.10397
G01 X-24.10379 Y22.10526
G01 X-24.10445 Y22.10397
G01 X-24.03531 Y22.05220
G01 X-24.03458 Y22.05291
G01 X-24.03531 Y22.05220
G01 X-23.98350 Y21.98301
G01 X-23.98261 Y21.98350
G01 X-23.98350 Y21.98301
G01 X-23.95205 Y21.89866
G01 X-23.95061 Y21.89894
G01 X-23.95205 Y21.89866
G01 X-23.94949 Y21.87471
G01 X-23.94949 Y21.63092
G01 X-23.94743 Y21.60247
G01 X-23.94136 Y21.57458
G01 X-23.92167 Y21.50755
G01 X-23.90849 Y21.47407
G01 X-23.88949 Y21.44352
G01 X-23.87837 Y21.42876
G01 X-23.86899 Y21.41723
G01 X-23.26994 Y20.73458
G01 X-23.24761 Y20.70715
G01 X-23.24093 Y20.69932
G01 X-23.23242 Y20.68990
G01 X-23.22538 Y20.68253
G01 X-23.17804 Y20.63544
G01 X-23.09056 Y20.50417
G01 X-23.09013 Y20.50440
G01 X-23.09056 Y20.50417
G01 X-23.03024 Y20.35853
G01 X-23.02983 Y20.35866
G01 X-23.03024 Y20.35853
G01 X-22.99866 Y20.19981
G01 X-22.99112 Y20.17227
G01 X-22.97974 Y20.14614
G01 X-22.94736 Y20.08421
G01 X-22.92660 Y20.05231
G01 X-22.90019 Y20.02495
G01 X-22.86907 Y20.00306
G01 X-22.80834 Y19.96849
G01 X-22.77748 Y19.95426
G01 X-22.74469 Y19.94545
G01 X-22.73123 Y19.94304
G01 X-22.72056 Y19.94141
G01 X-22.61515 Y19.92833
G01 X-22.60496 Y19.92734
G01 X-22.58708 Y19.92604
G01 X-22.57265 Y19.92551
G01 X-21.69077 Y19.92551
G01 X-21.66229 Y19.92757
G01 X-21.63440 Y19.93364
G01 X-21.56737 Y19.95332
G01 X-21.53103 Y19.96798
G01 X-21.49826 Y19.98947
G01 X-21.47761 Y20.00611
G01 X-21.46166 Y20.02043
G01 X-20.70459 Y20.77750
G01 X-20.69095 Y20.79259
G01 X-20.67507 Y20.81207
G01 X-20.66308 Y20.82841
G01 X-19.82887 Y22.09515
G01 X-19.81493 Y22.12005
G01 X-19.80464 Y22.14669
G01 X-19.78422 Y22.21352
G01 X-19.77769 Y22.24242
G01 X-19.77548 Y22.27196
G01 X-19.77548 Y22.61217
G01 X-19.77289 Y22.63617
G01 X-19.77436 Y22.63645
G01 X-19.77289 Y22.63617
G01 X-19.74142 Y22.72053
G01 X-19.74233 Y22.72104
G01 X-19.74142 Y22.72053
G01 X-19.68965 Y22.78969
G01 X-19.69039 Y22.79040
G01 X-19.68965 Y22.78969
G01 X-19.62046 Y22.84148
G01 X-19.62112 Y22.84278
G01 X-19.62046 Y22.84148
G01 X-19.53611 Y22.87295
G01 X-19.51211 Y22.87552
G01 X-19.51229 Y22.87669
G01 X-19.51211 Y22.87552
G01 X-17.73784 Y22.87552
G01 X-17.73766 Y22.87669
G01 X-17.73784 Y22.87552
G01 X-17.71384 Y22.87295
G01 X-17.62948 Y22.84148
G01 X-17.62882 Y22.84278
G01 X-17.62948 Y22.84148
G01 X-17.56030 Y22.78969
G01 X-17.55958 Y22.79043
G01 X-17.56030 Y22.78969
G01 X-17.50850 Y22.72053
G01 X-17.50723 Y22.72119
G01 X-17.50850 Y22.72053
G01 X-17.47706 Y22.63617
G01 X-17.47449 Y22.61222
G01 X-17.47333 Y22.61240
G01 X-17.47449 Y22.61222
G01 X-17.47449 Y20.87329
G01 X-17.47475 Y20.87331
G01 X-17.47449 Y20.87329
G01 X-17.47449 Y20.83783
G01 X-17.47333 Y20.83765
G01 X-17.47449 Y20.83783
G01 X-17.47706 Y20.81388
G01 X-17.50845 Y20.72975
G01 X-17.51026 Y20.73062
G01 X-17.50845 Y20.72975
G01 X-17.50723 Y20.72886
G01 X-17.50845 Y20.72975
G01 X-17.56032 Y20.66036
G01 X-17.55958 Y20.65962
G01 X-17.56032 Y20.66036
G01 X-17.62948 Y20.60857
G01 X-17.62900 Y20.60768
G01 X-17.62948 Y20.60857
G01 X-17.71386 Y20.57710
G01 X-17.71358 Y20.57562
G01 X-17.71386 Y20.57710
G01 X-17.73784 Y20.57453
G01 X-18.07665 Y20.57453
G01 X-18.10510 Y20.57247
G01 X-18.13299 Y20.56640
G01 X-18.20002 Y20.54672
G01 X-18.22776 Y20.53631
G01 X-18.25366 Y20.52188
G01 X-19.24340 Y19.87014
G01 X-19.26606 Y19.85277
G01 X-19.28602 Y19.83237
G01 X-19.33118 Y19.77905
G01 X-19.35287 Y19.74784
G01 X-19.36829 Y19.71307
G01 X-19.37683 Y19.67603
G01 X-19.38600 Y19.60677
G01 X-19.38739 Y19.56877
G01 X-19.38155 Y19.53120
G01 X-19.36872 Y19.49541
G01 X-19.33898 Y19.43217
G01 X-19.31960 Y19.39945
G01 X-19.29438 Y19.37100
G01 X-19.26423 Y19.34781
G01 X-19.20505 Y19.31070
G01 X-19.18018 Y19.29745
G01 X-19.15366 Y19.28782
G01 X-19.12608 Y19.28203
G01 X-19.09247 Y19.27740
G01 X-19.06522 Y19.27553
G01 X-17.73784 Y19.27550
G01 X-17.73766 Y19.27664
G01 X-17.73784 Y19.27550
G01 X-17.71384 Y19.27293
G01 X-17.62948 Y19.24149
G01 X-17.62882 Y19.24276
G01 X-17.62948 Y19.24149
G01 X-17.56030 Y19.18970
G01 X-17.55958 Y19.19041
G01 X-17.56030 Y19.18970
G01 X-17.50850 Y19.12051
G01 X-17.50723 Y19.12117
G01 X-17.50850 Y19.12051
G01 X-17.47706 Y19.03616
G01 X-17.47449 Y19.01220
G01 X-17.47333 Y19.01238
G01 X-17.47449 Y19.01220
G01 X-17.47449 Y17.23784
G01 X-17.47706 Y17.21388
G01 X-17.47548 Y17.21360
G01 X-17.47706 Y17.21388
G01 X-17.50850 Y17.12953
G01 X-17.50762 Y17.12905
G01 X-17.50850 Y17.12953
G01 X-17.56030 Y17.06034
G01 X-17.55958 Y17.05963
G01 X-17.56030 Y17.06034
G01 X-17.62948 Y17.00855
G01 X-17.62882 Y17.00728
G01 X-17.62948 Y17.00855
G01 X-17.71384 Y16.97710
G01 X-17.73784 Y16.97451
G01 X-17.73766 Y16.97342
G01 X-17.73784 Y16.97451
G01 X-18.07665 Y16.97454
G01 X-18.10510 Y16.97248
G01 X-18.13299 Y16.96641
G01 X-18.20002 Y16.94673
G01 X-18.22776 Y16.93631
G01 X-18.25366 Y16.92188
G01 X-19.24340 Y16.27012
G01 X-19.26606 Y16.25275
G01 X-19.28602 Y16.23235
G01 X-19.33118 Y16.17904
G01 X-19.35287 Y16.14782
G01 X-19.36829 Y16.11307
G01 X-19.37683 Y16.07601
G01 X-19.38600 Y16.00677
G01 X-19.38739 Y15.96878
G01 X-19.38155 Y15.93121
G01 X-19.36872 Y15.89542
G01 X-19.33898 Y15.83217
G01 X-19.31960 Y15.79946
G01 X-19.29438 Y15.77101
G01 X-19.26423 Y15.74782
G01 X-19.20505 Y15.71071
G01 X-19.18021 Y15.69748
G01 X-19.15376 Y15.68785
G01 X-19.12621 Y15.68206
G01 X-19.09260 Y15.67741
G01 X-19.06522 Y15.67551
G01 X-17.73779 Y15.67551
G01 X-17.73761 Y15.67665
G01 X-17.73779 Y15.67551
G01 X-17.71384 Y15.67294
G01 X-17.62948 Y15.64150
G01 X-17.62882 Y15.64277
G01 X-17.62948 Y15.64150
G01 X-17.56030 Y15.58971
G01 X-17.55958 Y15.59042
G01 X-17.56030 Y15.58971
G01 X-17.50850 Y15.52052
G01 X-17.50723 Y15.52118
G01 X-17.50850 Y15.52052
G01 X-17.47706 Y15.43614
G01 X-17.47449 Y15.41221
G01 X-17.47333 Y15.41239
G01 X-17.47449 Y15.41221
G01 X-17.47449 Y13.63784
G01 X-17.47706 Y13.61392
G01 X-17.47548 Y13.61364
G01 X-17.47706 Y13.61392
G01 X-17.50850 Y13.52954
G01 X-17.50762 Y13.52903
G01 X-17.50850 Y13.52954
G01 X-17.56030 Y13.46035
G01 X-17.55958 Y13.45964
G01 X-17.56030 Y13.46035
G01 X-17.62948 Y13.40861
G01 X-17.62882 Y13.40731
G01 X-17.62948 Y13.40861
G01 X-17.64823 Y13.40157
G01 X-17.64861 Y13.40231
G01 X-17.70916 Y13.38085
G01 X-17.71404 Y13.37940
G01 X-17.71905 Y13.37846
G01 X-17.73375 Y13.37643
G01 X-17.73886 Y13.37599
G01 X-17.73870 Y13.37508
G01 X-17.73886 Y13.37599
G01 X-17.77325 Y13.37480
G01 X-17.77498 Y13.37477
G01 X-18.07505 Y13.37477
G01 X-18.14335 Y13.36987
G01 X-18.18003 Y13.36456
G01 X-18.19395 Y13.35811
G01 X-18.25587 Y13.32372
G01 X-19.24332 Y12.67346
G01 X-19.29837 Y12.63132
G01 X-19.34711 Y12.58809
G01 X-19.45265 Y12.46195
G01 X-19.46794 Y12.43757
G01 X-19.48310 Y12.40686
G01 X-19.48592 Y12.39827

G04 P0 ( dwell for no time -- G64 should not smooth over this point )
G00 Z30.000000 ( retract )

M5 ( Spindle off. )
G04 P1.000000
M9 ( Coolant off. )
M2 ( Program end. )

